review_type,ticker,isin,master_name,kind_ticker_name,kind_ticker_code,kind_listing_date,kind_receipt_no,kind_search_url,note
no_kind_name_match,069500,KR7069500007,KODEX 200,,,,,,"Use first-traded date as provisional candidate, then seek KIND original notice or issuer page."
no_kind_name_match,069660,KR7069660009,KIWOOM 200,,,,,,"Use first-traded date as provisional candidate, then seek KIND original notice or issuer page."
no_kind_name_match,091160,KR7091160002,KODEX 반도체,,,,,,"Use first-traded date as provisional candidate, then seek KIND original notice or issuer page."
no_kind_name_match,091170,KR7091170001,KODEX 은행,,,,,,"Use first-traded date as provisional candidate, then seek KIND original notice or issuer page."
no_kind_name_match,091180,KR7091180000,KODEX 자동차,,,,,,"Use first-traded date as provisional candidate, then seek KIND original notice or issuer page."
no_kind_name_match,091220,KR7091220004,TIGER 은행,,,,,,"Use first-traded date as provisional candidate, then seek KIND original notice or issuer page."
no_kind_name_match,091230,KR7091230003,TIGER 반도체,,,,,,"Use first-traded date as provisional candidate, then seek KIND original notice or issuer page."
no_kind_name_match,099140,KR7099140006,KODEX 차이나H,,,,,,"Use first-traded date as provisional candidate, then seek KIND original notice or issuer page."
no_kind_name_match,100910,KR7100910009,KIWOOM KRX100,,,,,,"Use first-traded date as provisional candidate, then seek KIND original notice or issuer page."
no_kind_name_match,101280,KR7101280006,KODEX 일본TOPIX100,,,,,,"Use first-traded date as provisional candidate, then seek KIND original notice or issuer page."
no_kind_name_match,102110,KR7102110004,TIGER 200,,,,,,"Use first-traded date as provisional candidate, then seek KIND original notice or issuer page."
no_kind_name_match,102780,KR7102780004,KODEX 삼성그룹,,,,,,"Use first-traded date as provisional candidate, then seek KIND original notice or issuer page."
no_kind_name_match,102960,KR7102960002,KODEX 기계장비,,,,,,"Use first-traded date as provisional candidate, then seek KIND original notice or issuer page."
no_kind_name_match,102970,KR7102970001,KODEX 증권,,,,,,"Use first-traded date as provisional candidate, then seek KIND original notice or issuer page."
no_kind_name_match,104520,KR7104520002,KIWOOM 블루칩,,,,,,"Use first-traded date as provisional candidate, then seek KIND original notice or issuer page."
no_kind_name_match,104530,KR7104530001,KIWOOM 코리아고배당,,,,,,"Use first-traded date as provisional candidate, then seek KIND original notice or issuer page."
no_kind_name_match,169950,KR7169950003,KODEX 차이나A50,,,,,,"Use first-traded date as provisional candidate, then seek KIND original notice or issuer page."
no_kind_name_match,174350,KR7174350009,TIGER 로우볼,,,,,,"Use first-traded date as provisional candidate, then seek KIND original notice or issuer page."
no_kind_name_match,200250,KR7200250009,KIWOOM 인도Nifty50(합성),,,,,,"Use first-traded date as provisional candidate, then seek KIND original notice or issuer page."
no_kind_name_match,204480,KR7204480008,TIGER 차이나CSI300레버리지(합성),,,,,,"Use first-traded date as provisional candidate, then seek KIND original notice or issuer page."
no_kind_name_match,220130,KR7220130009,SOL 차이나강소기업CSI500(합성 H),,,,,,"Use first-traded date as provisional candidate, then seek KIND original notice or issuer page."
kind_notice_not_in_current_master,,,,TIGER 브릭스,10502,2008-08-27,20080826000427,https://kind.krx.co.kr/disclosure/disclosurebystocktype.do?method=searchDisclosureByStockTypeEtfSub&forward=disclosurebystocktype_etf_sub&currentPageSize=100&pageIndex=1&orderMode=1&orderStat=D&etfIsuSrtCd=&reportCd=&reportTmp=&etfIsuSrtNm=&reportNm=%EC%8B%A0%EA%B7%9C%EC%83%81%EC%9E%A5&fromDate=2008-08-01&toDate=2008-08-31,"Likely delisted, renamed, or absent from the current master; do not force-map by name."
kind_notice_not_in_current_master,,,,KODEX 15,10545,2008-09-25,20080923000085,https://kind.krx.co.kr/disclosure/disclosurebystocktype.do?method=searchDisclosureByStockTypeEtfSub&forward=disclosurebystocktype_etf_sub&currentPageSize=100&pageIndex=1&orderMode=1&orderStat=D&etfIsuSrtCd=&reportCd=&reportTmp=&etfIsuSrtNm=&reportNm=%EC%8B%A0%EA%B7%9C%EC%83%81%EC%9E%A5&fromDate=2008-09-01&toDate=2008-09-30,"Likely delisted, renamed, or absent from the current master; do not force-map by name."
kind_notice_not_in_current_master,,,,KINDEX 성장대형F15,10527,2008-09-25,20080923000086,https://kind.krx.co.kr/disclosure/disclosurebystocktype.do?method=searchDisclosureByStockTypeEtfSub&forward=disclosurebystocktype_etf_sub&currentPageSize=100&pageIndex=1&orderMode=1&orderStat=D&etfIsuSrtCd=&reportCd=&reportTmp=&etfIsuSrtNm=&reportNm=%EC%8B%A0%EA%B7%9C%EC%83%81%EC%9E%A5&fromDate=2008-09-01&toDate=2008-09-30,"Likely delisted, renamed, or absent from the current master; do not force-map by name."
kind_notice_not_in_current_master,,,,KINDEX 코스닥스타,10844,2009-01-22,20090119000220,https://kind.krx.co.kr/disclosure/disclosurebystocktype.do?method=searchDisclosureByStockTypeEtfSub&forward=disclosurebystocktype_etf_sub&currentPageSize=100&pageIndex=1&orderMode=1&orderStat=D&etfIsuSrtCd=&reportCd=&reportTmp=&etfIsuSrtNm=&reportNm=%EC%8B%A0%EA%B7%9C%EC%83%81%EC%9E%A5&fromDate=2009-01-01&toDate=2009-01-31,"Likely delisted, renamed, or absent from the current master; do not force-map by name."
kind_notice_not_in_current_master,,,,KBSTAR 코스닥엘리트30,10848,2009-01-22,20090119000243,https://kind.krx.co.kr/disclosure/disclosurebystocktype.do?method=searchDisclosureByStockTypeEtfSub&forward=disclosurebystocktype_etf_sub&currentPageSize=100&pageIndex=1&orderMode=1&orderStat=D&etfIsuSrtCd=&reportCd=&reportTmp=&etfIsuSrtNm=&reportNm=%EC%8B%A0%EA%B7%9C%EC%83%81%EC%9E%A5&fromDate=2009-01-01&toDate=2009-01-31,"Likely delisted, renamed, or absent from the current master; do not force-map by name."
kind_notice_not_in_current_master,,,,FIRST 스타우량,10863,2009-02-03,20090130000034,https://kind.krx.co.kr/disclosure/disclosurebystocktype.do?method=searchDisclosureByStockTypeEtfSub&forward=disclosurebystocktype_etf_sub&currentPageSize=100&pageIndex=1&orderMode=1&orderStat=D&etfIsuSrtCd=&reportCd=&reportTmp=&etfIsuSrtNm=&reportNm=%EC%8B%A0%EA%B7%9C%EC%83%81%EC%9E%A5&fromDate=2009-01-01&toDate=2009-01-31,"Likely delisted, renamed, or absent from the current master; do not force-map by name."
kind_notice_not_in_current_master,,,,ARIRANG LG그룹&,11774,2009-10-27,20091026000016,https://kind.krx.co.kr/disclosure/disclosurebystocktype.do?method=searchDisclosureByStockTypeEtfSub&forward=disclosurebystocktype_etf_sub&currentPageSize=100&pageIndex=1&orderMode=1&orderStat=D&etfIsuSrtCd=&reportCd=&reportTmp=&etfIsuSrtNm=&reportNm=%EC%8B%A0%EA%B7%9C%EC%83%81%EC%9E%A5&fromDate=2009-10-01&toDate=2009-10-31,"Likely delisted, renamed, or absent from the current master; do not force-map by name."
kind_notice_not_in_current_master,,,,HIT 골드,11055,2009-11-03,20091030000161,https://kind.krx.co.kr/disclosure/disclosurebystocktype.do?method=searchDisclosureByStockTypeEtfSub&forward=disclosurebystocktype_etf_sub&currentPageSize=100&pageIndex=1&orderMode=1&orderStat=D&etfIsuSrtCd=&reportCd=&reportTmp=&etfIsuSrtNm=&reportNm=%EC%8B%A0%EA%B7%9C%EC%83%81%EC%9E%A5&fromDate=2009-10-01&toDate=2009-10-31,"Likely delisted, renamed, or absent from the current master; do not force-map by name."
kind_notice_not_in_current_master,,,,GREAT SRI,12021,2009-12-15,20091214000056,https://kind.krx.co.kr/disclosure/disclosurebystocktype.do?method=searchDisclosureByStockTypeEtfSub&forward=disclosurebystocktype_etf_sub&currentPageSize=100&pageIndex=1&orderMode=1&orderStat=D&etfIsuSrtCd=&reportCd=&reportTmp=&etfIsuSrtNm=&reportNm=%EC%8B%A0%EA%B7%9C%EC%83%81%EC%9E%A5&fromDate=2009-12-01&toDate=2009-12-31,"Likely delisted, renamed, or absent from the current master; do not force-map by name."
kind_notice_not_in_current_master,,,,TIGER 코스닥Premier,12239,2010-02-08,20100204000033,https://kind.krx.co.kr/disclosure/disclosurebystocktype.do?method=searchDisclosureByStockTypeEtfSub&forward=disclosurebystocktype_etf_sub&currentPageSize=100&pageIndex=1&orderMode=1&orderStat=D&etfIsuSrtCd=&reportCd=&reportTmp=&etfIsuSrtNm=&reportNm=%EC%8B%A0%EA%B7%9C%EC%83%81%EC%9E%A5&fromDate=2010-02-01&toDate=2010-02-28,"Likely delisted, renamed, or absent from the current master; do not force-map by name."
kind_notice_not_in_current_master,,,,KBSTAR 레버리지,12376,2010-04-09,20100407000220,https://kind.krx.co.kr/disclosure/disclosurebystocktype.do?method=searchDisclosureByStockTypeEtfSub&forward=disclosurebystocktype_etf_sub&currentPageSize=100&pageIndex=1&orderMode=1&orderStat=D&etfIsuSrtCd=&reportCd=&reportTmp=&etfIsuSrtNm=&reportNm=%EC%8B%A0%EA%B7%9C%EC%83%81%EC%9E%A5&fromDate=2010-04-01&toDate=2010-04-30,"Likely delisted, renamed, or absent from the current master; do not force-map by name."
kind_notice_not_in_current_master,,,,KOSEF 인버스,12393,2010-04-15,20100413000110,https://kind.krx.co.kr/disclosure/disclosurebystocktype.do?method=searchDisclosureByStockTypeEtfSub&forward=disclosurebystocktype_etf_sub&currentPageSize=100&pageIndex=1&orderMode=1&orderStat=D&etfIsuSrtCd=&reportCd=&reportTmp=&etfIsuSrtNm=&reportNm=%EC%8B%A0%EA%B7%9C%EC%83%81%EC%9E%A5&fromDate=2010-04-01&toDate=2010-04-30,"Likely delisted, renamed, or absent from the current master; do not force-map by name."
kind_notice_not_in_current_master,,,,HIT 보험,12409,2010-05-07,20100504000193,https://kind.krx.co.kr/disclosure/disclosurebystocktype.do?method=searchDisclosureByStockTypeEtfSub&forward=disclosurebystocktype_etf_sub&currentPageSize=100&pageIndex=1&orderMode=1&orderStat=D&etfIsuSrtCd=&reportCd=&reportTmp=&etfIsuSrtNm=&reportNm=%EC%8B%A0%EA%B7%9C%EC%83%81%EC%9E%A5&fromDate=2010-05-01&toDate=2010-05-31,"Likely delisted, renamed, or absent from the current master; do not force-map by name."
kind_notice_not_in_current_master,,,,ARIRANG 네오밸류,12927,2010-06-17,20100615000040,https://kind.krx.co.kr/disclosure/disclosurebystocktype.do?method=searchDisclosureByStockTypeEtfSub&forward=disclosurebystocktype_etf_sub&currentPageSize=100&pageIndex=1&orderMode=1&orderStat=D&etfIsuSrtCd=&reportCd=&reportTmp=&etfIsuSrtNm=&reportNm=%EC%8B%A0%EA%B7%9C%EC%83%81%EC%9E%A5&fromDate=2010-06-01&toDate=2010-06-30,"Likely delisted, renamed, or absent from the current master; do not force-map by name."
kind_notice_not_in_current_master,,,,KODEX 소비재,13628,2010-12-07,20101206000235,https://kind.krx.co.kr/disclosure/disclosurebystocktype.do?method=searchDisclosureByStockTypeEtfSub&forward=disclosurebystocktype_etf_sub&currentPageSize=100&pageIndex=1&orderMode=1&orderStat=D&etfIsuSrtCd=&reportCd=&reportTmp=&etfIsuSrtNm=&reportNm=%EC%8B%A0%EA%B7%9C%EC%83%81%EC%9E%A5&fromDate=2010-12-01&toDate=2010-12-31,"Likely delisted, renamed, or absent from the current master; do not force-map by name."
kind_notice_not_in_current_master,,,,TIGER 그린,13799,2011-01-27,20110124000308,https://kind.krx.co.kr/disclosure/disclosurebystocktype.do?method=searchDisclosureByStockTypeEtfSub&forward=disclosurebystocktype_etf_sub&currentPageSize=100&pageIndex=1&orderMode=1&orderStat=D&etfIsuSrtCd=&reportCd=&reportTmp=&etfIsuSrtNm=&reportNm=%EC%8B%A0%EA%B7%9C%EC%83%81%EC%9E%A5&fromDate=2011-01-01&toDate=2011-01-31,"Likely delisted, renamed, or absent from the current master; do not force-map by name."
kind_notice_not_in_current_master,,,,GREAT GREEN,13821,2011-01-27,20110124000374,https://kind.krx.co.kr/disclosure/disclosurebystocktype.do?method=searchDisclosureByStockTypeEtfSub&forward=disclosurebystocktype_etf_sub&currentPageSize=100&pageIndex=1&orderMode=1&orderStat=D&etfIsuSrtCd=&reportCd=&reportTmp=&etfIsuSrtNm=&reportNm=%EC%8B%A0%EA%B7%9C%EC%83%81%EC%9E%A5&fromDate=2011-01-01&toDate=2011-01-31,"Likely delisted, renamed, or absent from the current master; do not force-map by name."
kind_notice_not_in_current_master,,,,마이다스 200커버드콜5%OTM,13793,2011-02-15,20110211000115,https://kind.krx.co.kr/disclosure/disclosurebystocktype.do?method=searchDisclosureByStockTypeEtfSub&forward=disclosurebystocktype_etf_sub&currentPageSize=100&pageIndex=1&orderMode=1&orderStat=D&etfIsuSrtCd=&reportCd=&reportTmp=&etfIsuSrtNm=&reportNm=%EC%8B%A0%EA%B7%9C%EC%83%81%EC%9E%A5&fromDate=2011-02-01&toDate=2011-02-28,"Likely delisted, renamed, or absent from the current master; do not force-map by name."
kind_notice_not_in_current_master,,,,TIGER 블루칩30,13930,2011-04-08,20110406000396,https://kind.krx.co.kr/disclosure/disclosurebystocktype.do?method=searchDisclosureByStockTypeEtfSub&forward=disclosurebystocktype_etf_sub&currentPageSize=100&pageIndex=1&orderMode=1&orderStat=D&etfIsuSrtCd=&reportCd=&reportTmp=&etfIsuSrtNm=&reportNm=%EC%8B%A0%EA%B7%9C%EC%83%81%EC%9E%A5&fromDate=2011-04-01&toDate=2011-04-30,"Likely delisted, renamed, or absent from the current master; do not force-map by name."
kind_notice_not_in_current_master,,,,TIGER 금속선물(H),13931,2011-04-08,20110406000426,https://kind.krx.co.kr/disclosure/disclosurebystocktype.do?method=searchDisclosureByStockTypeEtfSub&forward=disclosurebystocktype_etf_sub&currentPageSize=100&pageIndex=1&orderMode=1&orderStat=D&etfIsuSrtCd=&reportCd=&reportTmp=&etfIsuSrtNm=&reportNm=%EC%8B%A0%EA%B7%9C%EC%83%81%EC%9E%A5&fromDate=2011-04-01&toDate=2011-04-30,"Likely delisted, renamed, or absent from the current master; do not force-map by name."
kind_notice_not_in_current_master,,,,ARIRANG KRX100EW,14125,2011-05-18,20110516000209,https://kind.krx.co.kr/disclosure/disclosurebystocktype.do?method=searchDisclosureByStockTypeEtfSub&forward=disclosurebystocktype_etf_sub&currentPageSize=100&pageIndex=1&orderMode=1&orderStat=D&etfIsuSrtCd=&reportCd=&reportTmp=&etfIsuSrtNm=&reportNm=%EC%8B%A0%EA%B7%9C%EC%83%81%EC%9E%A5&fromDate=2011-05-01&toDate=2011-05-31,"Likely delisted, renamed, or absent from the current master; do not force-map by name."
kind_notice_not_in_current_master,,,,ARIRANG 코스피100동일가중,14124,2011-05-18,20110516000222,https://kind.krx.co.kr/disclosure/disclosurebystocktype.do?method=searchDisclosureByStockTypeEtfSub&forward=disclosurebystocktype_etf_sub&currentPageSize=100&pageIndex=1&orderMode=1&orderStat=D&etfIsuSrtCd=&reportCd=&reportTmp=&etfIsuSrtNm=&reportNm=%EC%8B%A0%EA%B7%9C%EC%83%81%EC%9E%A5&fromDate=2011-05-01&toDate=2011-05-31,"Likely delisted, renamed, or absent from the current master; do not force-map by name."
kind_notice_not_in_current_master,,,,ACE 밸류대형,14346,2011-06-21,20110616000154,https://kind.krx.co.kr/disclosure/disclosurebystocktype.do?method=searchDisclosureByStockTypeEtfSub&forward=disclosurebystocktype_etf_sub&currentPageSize=100&pageIndex=1&orderMode=1&orderStat=D&etfIsuSrtCd=&reportCd=&reportTmp=&etfIsuSrtNm=&reportNm=%EC%8B%A0%EA%B7%9C%EC%83%81%EC%9E%A5&fromDate=2011-06-01&toDate=2011-06-30,"Likely delisted, renamed, or absent from the current master; do not force-map by name."
kind_notice_not_in_current_master,,,,TIGER 인버스국채3Y,14357,2011-07-18,20110714000269,https://kind.krx.co.kr/disclosure/disclosurebystocktype.do?method=searchDisclosureByStockTypeEtfSub&forward=disclosurebystocktype_etf_sub&currentPageSize=100&pageIndex=1&orderMode=1&orderStat=D&etfIsuSrtCd=&reportCd=&reportTmp=&etfIsuSrtNm=&reportNm=%EC%8B%A0%EA%B7%9C%EC%83%81%EC%9E%A5&fromDate=2011-07-01&toDate=2011-07-31,"Likely delisted, renamed, or absent from the current master; do not force-map by name."
kind_notice_not_in_current_master,,,,KOSEF 펀더멘탈대형주,14467,2011-07-18,20110714000274,https://kind.krx.co.kr/disclosure/disclosurebystocktype.do?method=searchDisclosureByStockTypeEtfSub&forward=disclosurebystocktype_etf_sub&currentPageSize=100&pageIndex=1&orderMode=1&orderStat=D&etfIsuSrtCd=&reportCd=&reportTmp=&etfIsuSrtNm=&reportNm=%EC%8B%A0%EA%B7%9C%EC%83%81%EC%9E%A5&fromDate=2011-07-01&toDate=2011-07-31,"Likely delisted, renamed, or absent from the current master; do not force-map by name."
kind_notice_not_in_current_master,,,,KODEX 태양광,14475,2011-07-27,20110725000048,https://kind.krx.co.kr/disclosure/disclosurebystocktype.do?method=searchDisclosureByStockTypeEtfSub&forward=disclosurebystocktype_etf_sub&currentPageSize=100&pageIndex=1&orderMode=1&orderStat=D&etfIsuSrtCd=&reportCd=&reportTmp=&etfIsuSrtNm=&reportNm=%EC%8B%A0%EA%B7%9C%EC%83%81%EC%9E%A5&fromDate=2011-07-01&toDate=2011-07-31,"Likely delisted, renamed, or absent from the current master; do not force-map by name."
kind_notice_not_in_current_master,,,,PIONEER SRI,14804,2011-10-20,20111018000054,https://kind.krx.co.kr/disclosure/disclosurebystocktype.do?method=searchDisclosureByStockTypeEtfSub&forward=disclosurebystocktype_etf_sub&currentPageSize=100&pageIndex=1&orderMode=1&orderStat=D&etfIsuSrtCd=&reportCd=&reportTmp=&etfIsuSrtNm=&reportNm=%EC%8B%A0%EA%B7%9C%EC%83%81%EC%9E%A5&fromDate=2011-10-01&toDate=2011-10-31,"Likely delisted, renamed, or absent from the current master; do not force-map by name."
kind_notice_not_in_current_master,,,,KOSEF 200선물,15228,2012-01-13,20120111000076,https://kind.krx.co.kr/disclosure/disclosurebystocktype.do?method=searchDisclosureByStockTypeEtfSub&forward=disclosurebystocktype_etf_sub&currentPageSize=100&pageIndex=1&orderMode=1&orderStat=D&etfIsuSrtCd=&reportCd=&reportTmp=&etfIsuSrtNm=&reportNm=%EC%8B%A0%EA%B7%9C%EC%83%81%EC%9E%A5&fromDate=2012-01-01&toDate=2012-01-31,"Likely delisted, renamed, or absent from the current master; do not force-map by name."
kind_notice_not_in_current_master,,,,TIGER 생활필수품,15218,2012-01-17,20120113000177,https://kind.krx.co.kr/disclosure/disclosurebystocktype.do?method=searchDisclosureByStockTypeEtfSub&forward=disclosurebystocktype_etf_sub&currentPageSize=100&pageIndex=1&orderMode=1&orderStat=D&etfIsuSrtCd=&reportCd=&reportTmp=&etfIsuSrtNm=&reportNm=%EC%8B%A0%EA%B7%9C%EC%83%81%EC%9E%A5&fromDate=2012-01-01&toDate=2012-01-31,"Likely delisted, renamed, or absent from the current master; do not force-map by name."
kind_notice_not_in_current_master,,,,TIGER 자동차,15751,2012-05-16,20120514000108,https://kind.krx.co.kr/disclosure/disclosurebystocktype.do?method=searchDisclosureByStockTypeEtfSub&forward=disclosurebystocktype_etf_sub&currentPageSize=100&pageIndex=1&orderMode=1&orderStat=D&etfIsuSrtCd=&reportCd=&reportTmp=&etfIsuSrtNm=&reportNm=%EC%8B%A0%EA%B7%9C%EC%83%81%EC%9E%A5&fromDate=2012-05-01&toDate=2012-05-31,"Likely delisted, renamed, or absent from the current master; do not force-map by name."
kind_notice_not_in_current_master,,,,TIGER 화학,15752,2012-05-16,20120514000110,https://kind.krx.co.kr/disclosure/disclosurebystocktype.do?method=searchDisclosureByStockTypeEtfSub&forward=disclosurebystocktype_etf_sub&currentPageSize=100&pageIndex=1&orderMode=1&orderStat=D&etfIsuSrtCd=&reportCd=&reportTmp=&etfIsuSrtNm=&reportNm=%EC%8B%A0%EA%B7%9C%EC%83%81%EC%9E%A5&fromDate=2012-05-01&toDate=2012-05-31,"Likely delisted, renamed, or absent from the current master; do not force-map by name."
kind_notice_not_in_current_master,,,,KBSTAR 5대그룹주장기채+,15765,2012-05-23,20120521000049,https://kind.krx.co.kr/disclosure/disclosurebystocktype.do?method=searchDisclosureByStockTypeEtfSub&forward=disclosurebystocktype_etf_sub&currentPageSize=100&pageIndex=1&orderMode=1&orderStat=D&etfIsuSrtCd=&reportCd=&reportTmp=&etfIsuSrtNm=&reportNm=%EC%8B%A0%EA%B7%9C%EC%83%81%EC%9E%A5&fromDate=2012-05-01&toDate=2012-05-31,"Likely delisted, renamed, or absent from the current master; do not force-map by name."
kind_notice_not_in_current_master,,,,ARIRANG 경기방어주,16149,2012-08-29,20120827000128,https://kind.krx.co.kr/disclosure/disclosurebystocktype.do?method=searchDisclosureByStockTypeEtfSub&forward=disclosurebystocktype_etf_sub&currentPageSize=100&pageIndex=1&orderMode=1&orderStat=D&etfIsuSrtCd=&reportCd=&reportTmp=&etfIsuSrtNm=&reportNm=%EC%8B%A0%EA%B7%9C%EC%83%81%EC%9E%A5&fromDate=2012-08-01&toDate=2012-08-31,"Likely delisted, renamed, or absent from the current master; do not force-map by name."
kind_notice_not_in_current_master,,,,ARIRANG 자동차,16152,2012-08-29,20120827000132,https://kind.krx.co.kr/disclosure/disclosurebystocktype.do?method=searchDisclosureByStockTypeEtfSub&forward=disclosurebystocktype_etf_sub&currentPageSize=100&pageIndex=1&orderMode=1&orderStat=D&etfIsuSrtCd=&reportCd=&reportTmp=&etfIsuSrtNm=&reportNm=%EC%8B%A0%EA%B7%9C%EC%83%81%EC%9E%A5&fromDate=2012-08-01&toDate=2012-08-31,"Likely delisted, renamed, or absent from the current master; do not force-map by name."
kind_notice_not_in_current_master,,,,ARIRANG 조선운송,16153,2012-08-29,20120827000134,https://kind.krx.co.kr/disclosure/disclosurebystocktype.do?method=searchDisclosureByStockTypeEtfSub&forward=disclosurebystocktype_etf_sub&currentPageSize=100&pageIndex=1&orderMode=1&orderStat=D&etfIsuSrtCd=&reportCd=&reportTmp=&etfIsuSrtNm=&reportNm=%EC%8B%A0%EA%B7%9C%EC%83%81%EC%9E%A5&fromDate=2012-08-01&toDate=2012-08-31,"Likely delisted, renamed, or absent from the current master; do not force-map by name."
kind_notice_not_in_current_master,,,,ARIRANG 철강금속,16154,2012-08-29,20120827000135,https://kind.krx.co.kr/disclosure/disclosurebystocktype.do?method=searchDisclosureByStockTypeEtfSub&forward=disclosurebystocktype_etf_sub&currentPageSize=100&pageIndex=1&orderMode=1&orderStat=D&etfIsuSrtCd=&reportCd=&reportTmp=&etfIsuSrtNm=&reportNm=%EC%8B%A0%EA%B7%9C%EC%83%81%EC%9E%A5&fromDate=2012-08-01&toDate=2012-08-31,"Likely delisted, renamed, or absent from the current master; do not force-map by name."
kind_notice_not_in_current_master,,,,ARIRANG 화학,16155,2012-08-29,20120827000140,https://kind.krx.co.kr/disclosure/disclosurebystocktype.do?method=searchDisclosureByStockTypeEtfSub&forward=disclosurebystocktype_etf_sub&currentPageSize=100&pageIndex=1&orderMode=1&orderStat=D&etfIsuSrtCd=&reportCd=&reportTmp=&etfIsuSrtNm=&reportNm=%EC%8B%A0%EA%B7%9C%EC%83%81%EC%9E%A5&fromDate=2012-08-01&toDate=2012-08-31,"Likely delisted, renamed, or absent from the current master; do not force-map by name."
kind_notice_not_in_current_master,,,,ARIRANG 경기주도주,16150,2012-08-29,20120827000149,https://kind.krx.co.kr/disclosure/disclosurebystocktype.do?method=searchDisclosureByStockTypeEtfSub&forward=disclosurebystocktype_etf_sub&currentPageSize=100&pageIndex=1&orderMode=1&orderStat=D&etfIsuSrtCd=&reportCd=&reportTmp=&etfIsuSrtNm=&reportNm=%EC%8B%A0%EA%B7%9C%EC%83%81%EC%9E%A5&fromDate=2012-08-01&toDate=2012-08-31,"Likely delisted, renamed, or absent from the current master; do not force-map by name."
kind_notice_not_in_current_master,,,,KODEX주식&골드,16606,2012-10-10,20121008000084,https://kind.krx.co.kr/disclosure/disclosurebystocktype.do?method=searchDisclosureByStockTypeEtfSub&forward=disclosurebystocktype_etf_sub&currentPageSize=100&pageIndex=1&orderMode=1&orderStat=D&etfIsuSrtCd=&reportCd=&reportTmp=&etfIsuSrtNm=&reportNm=%EC%8B%A0%EA%B7%9C%EC%83%81%EC%9E%A5&fromDate=2012-10-01&toDate=2012-10-31,"Likely delisted, renamed, or absent from the current master; do not force-map by name."
kind_notice_not_in_current_master,,,,KTOP 코스피50,16830,2012-11-12,20121108000190,https://kind.krx.co.kr/disclosure/disclosurebystocktype.do?method=searchDisclosureByStockTypeEtfSub&forward=disclosurebystocktype_etf_sub&currentPageSize=100&pageIndex=1&orderMode=1&orderStat=D&etfIsuSrtCd=&reportCd=&reportTmp=&etfIsuSrtNm=&reportNm=%EC%8B%A0%EA%B7%9C%EC%83%81%EC%9E%A5&fromDate=2012-11-01&toDate=2012-11-30,"Likely delisted, renamed, or absent from the current master; do not force-map by name."
kind_notice_not_in_current_master,,,,TIGER 베타플러스,17035,2013-01-17,20130115000046,https://kind.krx.co.kr/disclosure/disclosurebystocktype.do?method=searchDisclosureByStockTypeEtfSub&forward=disclosurebystocktype_etf_sub&currentPageSize=100&pageIndex=1&orderMode=1&orderStat=D&etfIsuSrtCd=&reportCd=&reportTmp=&etfIsuSrtNm=&reportNm=%EC%8B%A0%EA%B7%9C%EC%83%81%EC%9E%A5&fromDate=2013-01-01&toDate=2013-01-31,"Likely delisted, renamed, or absent from the current master; do not force-map by name."
kind_notice_not_in_current_master,,,,파워 중기국고채,17671,2013-05-22,20130520000244,https://kind.krx.co.kr/disclosure/disclosurebystocktype.do?method=searchDisclosureByStockTypeEtfSub&forward=disclosurebystocktype_etf_sub&currentPageSize=100&pageIndex=1&orderMode=1&orderStat=D&etfIsuSrtCd=&reportCd=&reportTmp=&etfIsuSrtNm=&reportNm=%EC%8B%A0%EA%B7%9C%EC%83%81%EC%9E%A5&fromDate=2013-05-01&toDate=2013-05-31,"Likely delisted, renamed, or absent from the current master; do not force-map by name."
kind_notice_not_in_current_master,,,,KINDEX 선진국하이일드(합성 H),18145,2013-08-01,20130730000446,https://kind.krx.co.kr/disclosure/disclosurebystocktype.do?method=searchDisclosureByStockTypeEtfSub&forward=disclosurebystocktype_etf_sub&currentPageSize=100&pageIndex=1&orderMode=1&orderStat=D&etfIsuSrtCd=&reportCd=&reportTmp=&etfIsuSrtNm=&reportNm=%EC%8B%A0%EA%B7%9C%EC%83%81%EC%9E%A5&fromDate=2013-07-01&toDate=2013-07-31,"Likely delisted, renamed, or absent from the current master; do not force-map by name."
kind_notice_not_in_current_master,,,,ARIRANG 바벨 채권,19015,2013-12-19,20131217000395,https://kind.krx.co.kr/disclosure/disclosurebystocktype.do?method=searchDisclosureByStockTypeEtfSub&forward=disclosurebystocktype_etf_sub&currentPageSize=100&pageIndex=1&orderMode=1&orderStat=D&etfIsuSrtCd=&reportCd=&reportTmp=&etfIsuSrtNm=&reportNm=%EC%8B%A0%EA%B7%9C%EC%83%81%EC%9E%A5&fromDate=2013-12-01&toDate=2013-12-31,"Likely delisted, renamed, or absent from the current master; do not force-map by name."
kind_notice_not_in_current_master,,,,ARIRANG 단기유동성,19016,2013-12-19,20131217000396,https://kind.krx.co.kr/disclosure/disclosurebystocktype.do?method=searchDisclosureByStockTypeEtfSub&forward=disclosurebystocktype_etf_sub&currentPageSize=100&pageIndex=1&orderMode=1&orderStat=D&etfIsuSrtCd=&reportCd=&reportTmp=&etfIsuSrtNm=&reportNm=%EC%8B%A0%EA%B7%9C%EC%83%81%EC%9E%A5&fromDate=2013-12-01&toDate=2013-12-31,"Likely delisted, renamed, or absent from the current master; do not force-map by name."
kind_notice_not_in_current_master,,,,KODEX 독일MSCI(합성),20005,2014-06-12,20140610000208,https://kind.krx.co.kr/disclosure/disclosurebystocktype.do?method=searchDisclosureByStockTypeEtfSub&forward=disclosurebystocktype_etf_sub&currentPageSize=100&pageIndex=1&orderMode=1&orderStat=D&etfIsuSrtCd=&reportCd=&reportTmp=&etfIsuSrtNm=&reportNm=%EC%8B%A0%EA%B7%9C%EC%83%81%EC%9E%A5&fromDate=2014-06-01&toDate=2014-06-30,"Likely delisted, renamed, or absent from the current master; do not force-map by name."
kind_notice_not_in_current_master,,,,KODEX 미국S&P IT(합성),20002,2014-06-12,20140610000209,https://kind.krx.co.kr/disclosure/disclosurebystocktype.do?method=searchDisclosureByStockTypeEtfSub&forward=disclosurebystocktype_etf_sub&currentPageSize=100&pageIndex=1&orderMode=1&orderStat=D&etfIsuSrtCd=&reportCd=&reportTmp=&etfIsuSrtNm=&reportNm=%EC%8B%A0%EA%B7%9C%EC%83%81%EC%9E%A5&fromDate=2014-06-01&toDate=2014-06-30,"Likely delisted, renamed, or absent from the current master; do not force-map by name."
kind_notice_not_in_current_master,,,,KODEX 미국S&P금융(합성),20004,2014-06-12,20140610000360,https://kind.krx.co.kr/disclosure/disclosurebystocktype.do?method=searchDisclosureByStockTypeEtfSub&forward=disclosurebystocktype_etf_sub&currentPageSize=100&pageIndex=1&orderMode=1&orderStat=D&etfIsuSrtCd=&reportCd=&reportTmp=&etfIsuSrtNm=&reportNm=%EC%8B%A0%EA%B7%9C%EC%83%81%EC%9E%A5&fromDate=2014-06-01&toDate=2014-06-30,"Likely delisted, renamed, or absent from the current master; do not force-map by name."
kind_notice_not_in_current_master,,,,KBSTAR 일본TOPIX레버리지(H),19622,2014-06-16,20140612000190,https://kind.krx.co.kr/disclosure/disclosurebystocktype.do?method=searchDisclosureByStockTypeEtfSub&forward=disclosurebystocktype_etf_sub&currentPageSize=100&pageIndex=1&orderMode=1&orderStat=D&etfIsuSrtCd=&reportCd=&reportTmp=&etfIsuSrtNm=&reportNm=%EC%8B%A0%EA%B7%9C%EC%83%81%EC%9E%A5&fromDate=2014-06-01&toDate=2014-06-30,"Likely delisted, renamed, or absent from the current master; do not force-map by name."
kind_notice_not_in_current_master,,,,ARIRANG 차이나H 레버리지(합성 H),20442,2014-08-25,20140821000155,https://kind.krx.co.kr/disclosure/disclosurebystocktype.do?method=searchDisclosureByStockTypeEtfSub&forward=disclosurebystocktype_etf_sub&currentPageSize=100&pageIndex=1&orderMode=1&orderStat=D&etfIsuSrtCd=&reportCd=&reportTmp=&etfIsuSrtNm=&reportNm=%EC%8B%A0%EA%B7%9C%EC%83%81%EC%9E%A5&fromDate=2014-08-01&toDate=2014-08-31,"Likely delisted, renamed, or absent from the current master; do not force-map by name."
kind_notice_not_in_current_master,,,,SOL 선진국MSCI World(합성 H),20847,2014-11-24,20141120000221,https://kind.krx.co.kr/disclosure/disclosurebystocktype.do?method=searchDisclosureByStockTypeEtfSub&forward=disclosurebystocktype_etf_sub&currentPageSize=100&pageIndex=1&orderMode=1&orderStat=D&etfIsuSrtCd=&reportCd=&reportTmp=&etfIsuSrtNm=&reportNm=%EC%8B%A0%EA%B7%9C%EC%83%81%EC%9E%A5&fromDate=2014-11-01&toDate=2014-11-30,"Likely delisted, renamed, or absent from the current master; do not force-map by name."
kind_notice_not_in_current_master,,,,마이티 코스피고배당,21121,2014-12-12,20141210000402,https://kind.krx.co.kr/disclosure/disclosurebystocktype.do?method=searchDisclosureByStockTypeEtfSub&forward=disclosurebystocktype_etf_sub&currentPageSize=100&pageIndex=1&orderMode=1&orderStat=D&etfIsuSrtCd=&reportCd=&reportTmp=&etfIsuSrtNm=&reportNm=%EC%8B%A0%EA%B7%9C%EC%83%81%EC%9E%A5&fromDate=2014-12-01&toDate=2014-12-31,"Likely delisted, renamed, or absent from the current master; do not force-map by name."
kind_notice_not_in_current_master,,,,KINDEX 배당성장,21126,2014-12-17,20141215000382,https://kind.krx.co.kr/disclosure/disclosurebystocktype.do?method=searchDisclosureByStockTypeEtfSub&forward=disclosurebystocktype_etf_sub&currentPageSize=100&pageIndex=1&orderMode=1&orderStat=D&etfIsuSrtCd=&reportCd=&reportTmp=&etfIsuSrtNm=&reportNm=%EC%8B%A0%EA%B7%9C%EC%83%81%EC%9E%A5&fromDate=2014-12-01&toDate=2014-12-31,"Likely delisted, renamed, or absent from the current master; do not force-map by name."
kind_notice_not_in_current_master,,,,TIGER 가격조정,21779,2015-04-29,20150427000171,https://kind.krx.co.kr/disclosure/disclosurebystocktype.do?method=searchDisclosureByStockTypeEtfSub&forward=disclosurebystocktype_etf_sub&currentPageSize=100&pageIndex=1&orderMode=1&orderStat=D&etfIsuSrtCd=&reportCd=&reportTmp=&etfIsuSrtNm=&reportNm=%EC%8B%A0%EA%B7%9C%EC%83%81%EC%9E%A5&fromDate=2015-04-01&toDate=2015-04-30,"Likely delisted, renamed, or absent from the current master; do not force-map by name."
kind_notice_not_in_current_master,,,,ARIRANG 스마트베타Value,22218,2015-06-29,20150625000044,https://kind.krx.co.kr/disclosure/disclosurebystocktype.do?method=searchDisclosureByStockTypeEtfSub&forward=disclosurebystocktype_etf_sub&currentPageSize=100&pageIndex=1&orderMode=1&orderStat=D&etfIsuSrtCd=&reportCd=&reportTmp=&etfIsuSrtNm=&reportNm=%EC%8B%A0%EA%B7%9C%EC%83%81%EC%9E%A5&fromDate=2015-06-01&toDate=2015-06-30,"Likely delisted, renamed, or absent from the current master; do not force-map by name."
kind_notice_not_in_current_master,,,,ARIRANG 스마트베타Momentum,22219,2015-06-29,20150625000045,https://kind.krx.co.kr/disclosure/disclosurebystocktype.do?method=searchDisclosureByStockTypeEtfSub&forward=disclosurebystocktype_etf_sub&currentPageSize=100&pageIndex=1&orderMode=1&orderStat=D&etfIsuSrtCd=&reportCd=&reportTmp=&etfIsuSrtNm=&reportNm=%EC%8B%A0%EA%B7%9C%EC%83%81%EC%9E%A5&fromDate=2015-06-01&toDate=2015-06-30,"Likely delisted, renamed, or absent from the current master; do not force-map by name."
kind_notice_not_in_current_master,,,,ARIRANG S&P한국배당성장,22217,2015-06-29,20150625000046,https://kind.krx.co.kr/disclosure/disclosurebystocktype.do?method=searchDisclosureByStockTypeEtfSub&forward=disclosurebystocktype_etf_sub&currentPageSize=100&pageIndex=1&orderMode=1&orderStat=D&etfIsuSrtCd=&reportCd=&reportTmp=&etfIsuSrtNm=&reportNm=%EC%8B%A0%EA%B7%9C%EC%83%81%EC%9E%A5&fromDate=2015-06-01&toDate=2015-06-30,"Likely delisted, renamed, or absent from the current master; do not force-map by name."
kind_notice_not_in_current_master,,,,ARIRANG 스마트베타Quality,22220,2015-06-29,20150625000067,https://kind.krx.co.kr/disclosure/disclosurebystocktype.do?method=searchDisclosureByStockTypeEtfSub&forward=disclosurebystocktype_etf_sub&currentPageSize=100&pageIndex=1&orderMode=1&orderStat=D&etfIsuSrtCd=&reportCd=&reportTmp=&etfIsuSrtNm=&reportNm=%EC%8B%A0%EA%B7%9C%EC%83%81%EC%9E%A5&fromDate=2015-06-01&toDate=2015-06-30,"Likely delisted, renamed, or absent from the current master; do not force-map by name."
kind_notice_not_in_current_master,,,,파워 단기채,22681,2015-08-26,20150824000353,https://kind.krx.co.kr/disclosure/disclosurebystocktype.do?method=searchDisclosureByStockTypeEtfSub&forward=disclosurebystocktype_etf_sub&currentPageSize=100&pageIndex=1&orderMode=1&orderStat=D&etfIsuSrtCd=&reportCd=&reportTmp=&etfIsuSrtNm=&reportNm=%EC%8B%A0%EA%B7%9C%EC%83%81%EC%9E%A5&fromDate=2015-08-01&toDate=2015-08-31,"Likely delisted, renamed, or absent from the current master; do not force-map by name."
kind_notice_not_in_current_master,,,,KINDEX 코스닥150,22793,2015-10-01,20150925000083,https://kind.krx.co.kr/disclosure/disclosurebystocktype.do?method=searchDisclosureByStockTypeEtfSub&forward=disclosurebystocktype_etf_sub&currentPageSize=100&pageIndex=1&orderMode=1&orderStat=D&etfIsuSrtCd=&reportCd=&reportTmp=&etfIsuSrtNm=&reportNm=%EC%8B%A0%EA%B7%9C%EC%83%81%EC%9E%A5&fromDate=2015-09-01&toDate=2015-09-30,"Likely delisted, renamed, or absent from the current master; do not force-map by name."
kind_notice_not_in_current_master,,,,KINDEX 골드선물 인버스2X(합성 H),23259,2015-12-03,20151201000158,https://kind.krx.co.kr/disclosure/disclosurebystocktype.do?method=searchDisclosureByStockTypeEtfSub&forward=disclosurebystocktype_etf_sub&currentPageSize=100&pageIndex=1&orderMode=1&orderStat=D&etfIsuSrtCd=&reportCd=&reportTmp=&etfIsuSrtNm=&reportNm=%EC%8B%A0%EA%B7%9C%EC%83%81%EC%9E%A5&fromDate=2015-12-01&toDate=2015-12-31,"Likely delisted, renamed, or absent from the current master; do not force-map by name."
kind_notice_not_in_current_master,,,,KINDEX 코스닥150 레버리지,23479,2015-12-17,20151215000751,https://kind.krx.co.kr/disclosure/disclosurebystocktype.do?method=searchDisclosureByStockTypeEtfSub&forward=disclosurebystocktype_etf_sub&currentPageSize=100&pageIndex=1&orderMode=1&orderStat=D&etfIsuSrtCd=&reportCd=&reportTmp=&etfIsuSrtNm=&reportNm=%EC%8B%A0%EA%B7%9C%EC%83%81%EC%9E%A5&fromDate=2015-12-01&toDate=2015-12-31,"Likely delisted, renamed, or absent from the current master; do not force-map by name."
kind_notice_not_in_current_master,,,,ARIRANG 스마트베타LowVOL,23646,2016-01-12,20160108000278,https://kind.krx.co.kr/disclosure/disclosurebystocktype.do?method=searchDisclosureByStockTypeEtfSub&forward=disclosurebystocktype_etf_sub&currentPageSize=100&pageIndex=1&orderMode=1&orderStat=D&etfIsuSrtCd=&reportCd=&reportTmp=&etfIsuSrtNm=&reportNm=%EC%8B%A0%EA%B7%9C%EC%83%81%EC%9E%A5&fromDate=2016-01-01&toDate=2016-01-31,"Likely delisted, renamed, or absent from the current master; do not force-map by name."
kind_notice_not_in_current_master,,,,ARIRANG 스마트베타4종결합,24482,2016-05-19,20160517000379,https://kind.krx.co.kr/disclosure/disclosurebystocktype.do?method=searchDisclosureByStockTypeEtfSub&forward=disclosurebystocktype_etf_sub&currentPageSize=100&pageIndex=1&orderMode=1&orderStat=D&etfIsuSrtCd=&reportCd=&reportTmp=&etfIsuSrtNm=&reportNm=%EC%8B%A0%EA%B7%9C%EC%83%81%EC%9E%A5&fromDate=2016-05-01&toDate=2016-05-31,"Likely delisted, renamed, or absent from the current master; do not force-map by name."
kind_notice_not_in_current_master,,,,KODEX 가치투자,24778,2016-06-24,20160622000493,https://kind.krx.co.kr/disclosure/disclosurebystocktype.do?method=searchDisclosureByStockTypeEtfSub&forward=disclosurebystocktype_etf_sub&currentPageSize=100&pageIndex=1&orderMode=1&orderStat=D&etfIsuSrtCd=&reportCd=&reportTmp=&etfIsuSrtNm=&reportNm=%EC%8B%A0%EA%B7%9C%EC%83%81%EC%9E%A5&fromDate=2016-06-01&toDate=2016-06-30,"Likely delisted, renamed, or absent from the current master; do not force-map by name."
kind_notice_not_in_current_master,,,,KODEX 성장투자,24779,2016-06-24,20160622000495,https://kind.krx.co.kr/disclosure/disclosurebystocktype.do?method=searchDisclosureByStockTypeEtfSub&forward=disclosurebystocktype_etf_sub&currentPageSize=100&pageIndex=1&orderMode=1&orderStat=D&etfIsuSrtCd=&reportCd=&reportTmp=&etfIsuSrtNm=&reportNm=%EC%8B%A0%EA%B7%9C%EC%83%81%EC%9E%A5&fromDate=2016-06-01&toDate=2016-06-30,"Likely delisted, renamed, or absent from the current master; do not force-map by name."
kind_notice_not_in_current_master,,,,KODEX 턴어라운드투자,24780,2016-06-24,20160622000497,https://kind.krx.co.kr/disclosure/disclosurebystocktype.do?method=searchDisclosureByStockTypeEtfSub&forward=disclosurebystocktype_etf_sub&currentPageSize=100&pageIndex=1&orderMode=1&orderStat=D&etfIsuSrtCd=&reportCd=&reportTmp=&etfIsuSrtNm=&reportNm=%EC%8B%A0%EA%B7%9C%EC%83%81%EC%9E%A5&fromDate=2016-06-01&toDate=2016-06-30,"Likely delisted, renamed, or absent from the current master; do not force-map by name."
kind_notice_not_in_current_master,,,,TIGER 일본TOPIX헬스케어(합성),24826,2016-07-01,20160630000057,https://kind.krx.co.kr/disclosure/disclosurebystocktype.do?method=searchDisclosureByStockTypeEtfSub&forward=disclosurebystocktype_etf_sub&currentPageSize=100&pageIndex=1&orderMode=1&orderStat=D&etfIsuSrtCd=&reportCd=&reportTmp=&etfIsuSrtNm=&reportNm=%EC%8B%A0%EA%B7%9C%EC%83%81%EC%9E%A5&fromDate=2016-06-01&toDate=2016-06-30,"Likely delisted, renamed, or absent from the current master; do not force-map by name."
kind_notice_not_in_current_master,,,,ACE 코스닥(합성),25189,2016-09-06,20160902000545,https://kind.krx.co.kr/disclosure/disclosurebystocktype.do?method=searchDisclosureByStockTypeEtfSub&forward=disclosurebystocktype_etf_sub&currentPageSize=100&pageIndex=1&orderMode=1&orderStat=D&etfIsuSrtCd=&reportCd=&reportTmp=&etfIsuSrtNm=&reportNm=%EC%8B%A0%EA%B7%9C%EC%83%81%EC%9E%A5&fromDate=2016-09-01&toDate=2016-09-30,"Likely delisted, renamed, or absent from the current master; do not force-map by name."
kind_notice_not_in_current_master,,,,TIGER 대만TAIEX선물(H),25399,2016-10-07,20161006000129,https://kind.krx.co.kr/disclosure/disclosurebystocktype.do?method=searchDisclosureByStockTypeEtfSub&forward=disclosurebystocktype_etf_sub&currentPageSize=100&pageIndex=1&orderMode=1&orderStat=D&etfIsuSrtCd=&reportCd=&reportTmp=&etfIsuSrtNm=&reportNm=%EC%8B%A0%EA%B7%9C%EC%83%81%EC%9E%A5&fromDate=2016-10-01&toDate=2016-10-31,"Likely delisted, renamed, or absent from the current master; do not force-map by name."
kind_notice_not_in_current_master,,,,KBSTAR 모멘텀밸류,25272,2016-10-14,20161013000023,https://kind.krx.co.kr/disclosure/disclosurebystocktype.do?method=searchDisclosureByStockTypeEtfSub&forward=disclosurebystocktype_etf_sub&currentPageSize=100&pageIndex=1&orderMode=1&orderStat=D&etfIsuSrtCd=&reportCd=&reportTmp=&etfIsuSrtNm=&reportNm=%EC%8B%A0%EA%B7%9C%EC%83%81%EC%9E%A5&fromDate=2016-10-01&toDate=2016-10-31,"Likely delisted, renamed, or absent from the current master; do not force-map by name."
kind_notice_not_in_current_master,,,,KBSTAR 모멘텀로우볼,25273,2016-10-14,20161013000024,https://kind.krx.co.kr/disclosure/disclosurebystocktype.do?method=searchDisclosureByStockTypeEtfSub&forward=disclosurebystocktype_etf_sub&currentPageSize=100&pageIndex=1&orderMode=1&orderStat=D&etfIsuSrtCd=&reportCd=&reportTmp=&etfIsuSrtNm=&reportNm=%EC%8B%A0%EA%B7%9C%EC%83%81%EC%9E%A5&fromDate=2016-10-01&toDate=2016-10-31,"Likely delisted, renamed, or absent from the current master; do not force-map by name."
kind_notice_not_in_current_master,,,,KOSEF 배당바이백Plus,26020,2016-12-16,20161215000870,https://kind.krx.co.kr/disclosure/disclosurebystocktype.do?method=searchDisclosureByStockTypeEtfSub&forward=disclosurebystocktype_etf_sub&currentPageSize=100&pageIndex=1&orderMode=1&orderStat=D&etfIsuSrtCd=&reportCd=&reportTmp=&etfIsuSrtNm=&reportNm=%EC%8B%A0%EA%B7%9C%EC%83%81%EC%9E%A5&fromDate=2016-12-01&toDate=2016-12-31,"Likely delisted, renamed, or absent from the current master; do not force-map by name."
kind_notice_not_in_current_master,,,,KOSEF 저PBR가중,26027,2016-12-16,20161215000901,https://kind.krx.co.kr/disclosure/disclosurebystocktype.do?method=searchDisclosureByStockTypeEtfSub&forward=disclosurebystocktype_etf_sub&currentPageSize=100&pageIndex=1&orderMode=1&orderStat=D&etfIsuSrtCd=&reportCd=&reportTmp=&etfIsuSrtNm=&reportNm=%EC%8B%A0%EA%B7%9C%EC%83%81%EC%9E%A5&fromDate=2016-12-01&toDate=2016-12-31,"Likely delisted, renamed, or absent from the current master; do not force-map by name."
kind_notice_not_in_current_master,,,,ARIRANG 단기우량채권,26319,2017-01-25,20170123000377,https://kind.krx.co.kr/disclosure/disclosurebystocktype.do?method=searchDisclosureByStockTypeEtfSub&forward=disclosurebystocktype_etf_sub&currentPageSize=100&pageIndex=1&orderMode=1&orderStat=D&etfIsuSrtCd=&reportCd=&reportTmp=&etfIsuSrtNm=&reportNm=%EC%8B%A0%EA%B7%9C%EC%83%81%EC%9E%A5&fromDate=2017-01-01&toDate=2017-01-31,"Likely delisted, renamed, or absent from the current master; do not force-map by name."
kind_notice_not_in_current_master,,,,TIGER 지속배당,26614,2017-03-30,20170328000612,https://kind.krx.co.kr/disclosure/disclosurebystocktype.do?method=searchDisclosureByStockTypeEtfSub&forward=disclosurebystocktype_etf_sub&currentPageSize=100&pageIndex=1&orderMode=1&orderStat=D&etfIsuSrtCd=&reportCd=&reportTmp=&etfIsuSrtNm=&reportNm=%EC%8B%A0%EA%B7%9C%EC%83%81%EC%9E%A5&fromDate=2017-03-01&toDate=2017-03-31,"Likely delisted, renamed, or absent from the current master; do not force-map by name."
kind_notice_not_in_current_master,,,,KBSTAR 미국장기국채선물인버스2X(합성 H),26750,2017-04-20,20170419000212,https://kind.krx.co.kr/disclosure/disclosurebystocktype.do?method=searchDisclosureByStockTypeEtfSub&forward=disclosurebystocktype_etf_sub&currentPageSize=100&pageIndex=1&orderMode=1&orderStat=D&etfIsuSrtCd=&reportCd=&reportTmp=&etfIsuSrtNm=&reportNm=%EC%8B%A0%EA%B7%9C%EC%83%81%EC%9E%A5&fromDate=2017-04-01&toDate=2017-04-30,"Likely delisted, renamed, or absent from the current master; do not force-map by name."
kind_notice_not_in_current_master,,,,TIGER 코스닥150로우볼,26730,2017-04-25,20170421000499,https://kind.krx.co.kr/disclosure/disclosurebystocktype.do?method=searchDisclosureByStockTypeEtfSub&forward=disclosurebystocktype_etf_sub&currentPageSize=100&pageIndex=1&orderMode=1&orderStat=D&etfIsuSrtCd=&reportCd=&reportTmp=&etfIsuSrtNm=&reportNm=%EC%8B%A0%EA%B7%9C%EC%83%81%EC%9E%A5&fromDate=2017-04-01&toDate=2017-04-30,"Likely delisted, renamed, or absent from the current master; do not force-map by name."
kind_notice_not_in_current_master,,,,ACE 스마트밸류,27223,2017-07-11,20170707000188,https://kind.krx.co.kr/disclosure/disclosurebystocktype.do?method=searchDisclosureByStockTypeEtfSub&forward=disclosurebystocktype_etf_sub&currentPageSize=100&pageIndex=1&orderMode=1&orderStat=D&etfIsuSrtCd=&reportCd=&reportTmp=&etfIsuSrtNm=&reportNm=%EC%8B%A0%EA%B7%9C%EC%83%81%EC%9E%A5&fromDate=2017-07-01&toDate=2017-07-31,"Likely delisted, renamed, or absent from the current master; do not force-map by name."
kind_notice_not_in_current_master,,,,ACE 스마트모멘텀,27222,2017-07-11,20170707000191,https://kind.krx.co.kr/disclosure/disclosurebystocktype.do?method=searchDisclosureByStockTypeEtfSub&forward=disclosurebystocktype_etf_sub&currentPageSize=100&pageIndex=1&orderMode=1&orderStat=D&etfIsuSrtCd=&reportCd=&reportTmp=&etfIsuSrtNm=&reportNm=%EC%8B%A0%EA%B7%9C%EC%83%81%EC%9E%A5&fromDate=2017-07-01&toDate=2017-07-31,"Likely delisted, renamed, or absent from the current master; do not force-map by name."
kind_notice_not_in_current_master,,,,파워 스마트밸류,27554,2017-07-11,20170707000201,https://kind.krx.co.kr/disclosure/disclosurebystocktype.do?method=searchDisclosureByStockTypeEtfSub&forward=disclosurebystocktype_etf_sub&currentPageSize=100&pageIndex=1&orderMode=1&orderStat=D&etfIsuSrtCd=&reportCd=&reportTmp=&etfIsuSrtNm=&reportNm=%EC%8B%A0%EA%B7%9C%EC%83%81%EC%9E%A5&fromDate=2017-07-01&toDate=2017-07-31,"Likely delisted, renamed, or absent from the current master; do not force-map by name."
kind_notice_not_in_current_master,,,,ARIRANG ESG우수기업,27842,2017-08-31,20170829000077,https://kind.krx.co.kr/disclosure/disclosurebystocktype.do?method=searchDisclosureByStockTypeEtfSub&forward=disclosurebystocktype_etf_sub&currentPageSize=100&pageIndex=1&orderMode=1&orderStat=D&etfIsuSrtCd=&reportCd=&reportTmp=&etfIsuSrtNm=&reportNm=%EC%8B%A0%EA%B7%9C%EC%83%81%EC%9E%A5&fromDate=2017-08-01&toDate=2017-08-31,"Likely delisted, renamed, or absent from the current master; do not force-map by name."
kind_notice_not_in_current_master,,,,KBSTAR 지주회사,28393,2017-11-30,20171128000043,https://kind.krx.co.kr/disclosure/disclosurebystocktype.do?method=searchDisclosureByStockTypeEtfSub&forward=disclosurebystocktype_etf_sub&currentPageSize=100&pageIndex=1&orderMode=1&orderStat=D&etfIsuSrtCd=&reportCd=&reportTmp=&etfIsuSrtNm=&reportNm=%EC%8B%A0%EA%B7%9C%EC%83%81%EC%9E%A5&fromDate=2017-11-01&toDate=2017-11-30,"Likely delisted, renamed, or absent from the current master; do not force-map by name."
kind_notice_not_in_current_master,,,,KBSTAR 200철강소재,28502,2017-12-08,20171206000185,https://kind.krx.co.kr/disclosure/disclosurebystocktype.do?method=searchDisclosureByStockTypeEtfSub&forward=disclosurebystocktype_etf_sub&currentPageSize=100&pageIndex=1&orderMode=1&orderStat=D&etfIsuSrtCd=&reportCd=&reportTmp=&etfIsuSrtNm=&reportNm=%EC%8B%A0%EA%B7%9C%EC%83%81%EC%9E%A5&fromDate=2017-12-01&toDate=2017-12-31,"Likely delisted, renamed, or absent from the current master; do not force-map by name."
kind_notice_not_in_current_master,,,,KBSTAR 200중공업,28501,2017-12-08,20171206000188,https://kind.krx.co.kr/disclosure/disclosurebystocktype.do?method=searchDisclosureByStockTypeEtfSub&forward=disclosurebystocktype_etf_sub&currentPageSize=100&pageIndex=1&orderMode=1&orderStat=D&etfIsuSrtCd=&reportCd=&reportTmp=&etfIsuSrtNm=&reportNm=%EC%8B%A0%EA%B7%9C%EC%83%81%EC%9E%A5&fromDate=2017-12-01&toDate=2017-12-31,"Likely delisted, renamed, or absent from the current master; do not force-map by name."
kind_notice_not_in_current_master,,,,KBSTAR 200에너지화학,28499,2017-12-08,20171206000190,https://kind.krx.co.kr/disclosure/disclosurebystocktype.do?method=searchDisclosureByStockTypeEtfSub&forward=disclosurebystocktype_etf_sub&currentPageSize=100&pageIndex=1&orderMode=1&orderStat=D&etfIsuSrtCd=&reportCd=&reportTmp=&etfIsuSrtNm=&reportNm=%EC%8B%A0%EA%B7%9C%EC%83%81%EC%9E%A5&fromDate=2017-12-01&toDate=2017-12-31,"Likely delisted, renamed, or absent from the current master; do not force-map by name."
kind_notice_not_in_current_master,,,,KBSTAR 200IT,28500,2017-12-08,20171206000195,https://kind.krx.co.kr/disclosure/disclosurebystocktype.do?method=searchDisclosureByStockTypeEtfSub&forward=disclosurebystocktype_etf_sub&currentPageSize=100&pageIndex=1&orderMode=1&orderStat=D&etfIsuSrtCd=&reportCd=&reportTmp=&etfIsuSrtNm=&reportNm=%EC%8B%A0%EA%B7%9C%EC%83%81%EC%9E%A5&fromDate=2017-12-01&toDate=2017-12-31,"Likely delisted, renamed, or absent from the current master; do not force-map by name."
kind_notice_not_in_current_master,,,,KBSTAR 200생활소비재,28733,2017-12-22,20171220000158,https://kind.krx.co.kr/disclosure/disclosurebystocktype.do?method=searchDisclosureByStockTypeEtfSub&forward=disclosurebystocktype_etf_sub&currentPageSize=100&pageIndex=1&orderMode=1&orderStat=D&etfIsuSrtCd=&reportCd=&reportTmp=&etfIsuSrtNm=&reportNm=%EC%8B%A0%EA%B7%9C%EC%83%81%EC%9E%A5&fromDate=2017-12-01&toDate=2017-12-31,"Likely delisted, renamed, or absent from the current master; do not force-map by name."
kind_notice_not_in_current_master,,,,KBSTAR 200경기소비재,28731,2017-12-22,20171220000160,https://kind.krx.co.kr/disclosure/disclosurebystocktype.do?method=searchDisclosureByStockTypeEtfSub&forward=disclosurebystocktype_etf_sub&currentPageSize=100&pageIndex=1&orderMode=1&orderStat=D&etfIsuSrtCd=&reportCd=&reportTmp=&etfIsuSrtNm=&reportNm=%EC%8B%A0%EA%B7%9C%EC%83%81%EC%9E%A5&fromDate=2017-12-01&toDate=2017-12-31,"Likely delisted, renamed, or absent from the current master; do not force-map by name."
kind_notice_not_in_current_master,,,,KBSTAR 200건설,28730,2017-12-22,20171220000161,https://kind.krx.co.kr/disclosure/disclosurebystocktype.do?method=searchDisclosureByStockTypeEtfSub&forward=disclosurebystocktype_etf_sub&currentPageSize=100&pageIndex=1&orderMode=1&orderStat=D&etfIsuSrtCd=&reportCd=&reportTmp=&etfIsuSrtNm=&reportNm=%EC%8B%A0%EA%B7%9C%EC%83%81%EC%9E%A5&fromDate=2017-12-01&toDate=2017-12-31,"Likely delisted, renamed, or absent from the current master; do not force-map by name."
kind_notice_not_in_current_master,,,,KBSTAR 200산업재,28732,2017-12-22,20171220000162,https://kind.krx.co.kr/disclosure/disclosurebystocktype.do?method=searchDisclosureByStockTypeEtfSub&forward=disclosurebystocktype_etf_sub&currentPageSize=100&pageIndex=1&orderMode=1&orderStat=D&etfIsuSrtCd=&reportCd=&reportTmp=&etfIsuSrtNm=&reportNm=%EC%8B%A0%EA%B7%9C%EC%83%81%EC%9E%A5&fromDate=2017-12-01&toDate=2017-12-31,"Likely delisted, renamed, or absent from the current master; do not force-map by name."
kind_notice_not_in_current_master,,,,KODEX China H선물인버스(H),29166,2018-03-16,20180314000070,https://kind.krx.co.kr/disclosure/disclosurebystocktype.do?method=searchDisclosureByStockTypeEtfSub&forward=disclosurebystocktype_etf_sub&currentPageSize=100&pageIndex=1&orderMode=1&orderStat=D&etfIsuSrtCd=&reportCd=&reportTmp=&etfIsuSrtNm=&reportNm=%EC%8B%A0%EA%B7%9C%EC%83%81%EC%9E%A5&fromDate=2018-03-01&toDate=2018-03-31,"Likely delisted, renamed, or absent from the current master; do not force-map by name."
kind_notice_not_in_current_master,,,,KOSEF 코스닥150선물,29161,2018-03-16,20180314000405,https://kind.krx.co.kr/disclosure/disclosurebystocktype.do?method=searchDisclosureByStockTypeEtfSub&forward=disclosurebystocktype_etf_sub&currentPageSize=100&pageIndex=1&orderMode=1&orderStat=D&etfIsuSrtCd=&reportCd=&reportTmp=&etfIsuSrtNm=&reportNm=%EC%8B%A0%EA%B7%9C%EC%83%81%EC%9E%A5&fromDate=2018-03-01&toDate=2018-03-31,"Likely delisted, renamed, or absent from the current master; do not force-map by name."
kind_notice_not_in_current_master,,,,마이티 200커버드콜ATM레버리지,29234,2018-03-20,20180316000127,https://kind.krx.co.kr/disclosure/disclosurebystocktype.do?method=searchDisclosureByStockTypeEtfSub&forward=disclosurebystocktype_etf_sub&currentPageSize=100&pageIndex=1&orderMode=1&orderStat=D&etfIsuSrtCd=&reportCd=&reportTmp=&etfIsuSrtNm=&reportNm=%EC%8B%A0%EA%B7%9C%EC%83%81%EC%9E%A5&fromDate=2018-03-01&toDate=2018-03-31,"Likely delisted, renamed, or absent from the current master; do not force-map by name."
kind_notice_not_in_current_master,,,,FOCUS KRX300,29273,2018-03-26,20180322000238,https://kind.krx.co.kr/disclosure/disclosurebystocktype.do?method=searchDisclosureByStockTypeEtfSub&forward=disclosurebystocktype_etf_sub&currentPageSize=100&pageIndex=1&orderMode=1&orderStat=D&etfIsuSrtCd=&reportCd=&reportTmp=&etfIsuSrtNm=&reportNm=%EC%8B%A0%EA%B7%9C%EC%83%81%EC%9E%A5&fromDate=2018-03-01&toDate=2018-03-31,"Likely delisted, renamed, or absent from the current master; do not force-map by name."
kind_notice_not_in_current_master,,,,ARIRANG KRX300,29275,2018-03-26,20180322000275,https://kind.krx.co.kr/disclosure/disclosurebystocktype.do?method=searchDisclosureByStockTypeEtfSub&forward=disclosurebystocktype_etf_sub&currentPageSize=100&pageIndex=1&orderMode=1&orderStat=D&etfIsuSrtCd=&reportCd=&reportTmp=&etfIsuSrtNm=&reportNm=%EC%8B%A0%EA%B7%9C%EC%83%81%EC%9E%A5&fromDate=2018-03-01&toDate=2018-03-31,"Likely delisted, renamed, or absent from the current master; do not force-map by name."
kind_notice_not_in_current_master,,,,TIGER 대형가치,29211,2018-03-30,20180328001079,https://kind.krx.co.kr/disclosure/disclosurebystocktype.do?method=searchDisclosureByStockTypeEtfSub&forward=disclosurebystocktype_etf_sub&currentPageSize=100&pageIndex=1&orderMode=1&orderStat=D&etfIsuSrtCd=&reportCd=&reportTmp=&etfIsuSrtNm=&reportNm=%EC%8B%A0%EA%B7%9C%EC%83%81%EC%9E%A5&fromDate=2018-03-01&toDate=2018-03-31,"Likely delisted, renamed, or absent from the current master; do not force-map by name."
kind_notice_not_in_current_master,,,,TIGER 중소형,29212,2018-03-30,20180328001338,https://kind.krx.co.kr/disclosure/disclosurebystocktype.do?method=searchDisclosureByStockTypeEtfSub&forward=disclosurebystocktype_etf_sub&currentPageSize=100&pageIndex=1&orderMode=1&orderStat=D&etfIsuSrtCd=&reportCd=&reportTmp=&etfIsuSrtNm=&reportNm=%EC%8B%A0%EA%B7%9C%EC%83%81%EC%9E%A5&fromDate=2018-03-01&toDate=2018-03-31,"Likely delisted, renamed, or absent from the current master; do not force-map by name."
kind_notice_not_in_current_master,,,,TIGER 대형성장,29210,2018-03-30,20180328001370,https://kind.krx.co.kr/disclosure/disclosurebystocktype.do?method=searchDisclosureByStockTypeEtfSub&forward=disclosurebystocktype_etf_sub&currentPageSize=100&pageIndex=1&orderMode=1&orderStat=D&etfIsuSrtCd=&reportCd=&reportTmp=&etfIsuSrtNm=&reportNm=%EC%8B%A0%EA%B7%9C%EC%83%81%EC%9E%A5&fromDate=2018-03-01&toDate=2018-03-31,"Likely delisted, renamed, or absent from the current master; do not force-map by name."
kind_notice_not_in_current_master,,,,TIGER 중소형가치,29214,2018-03-30,20180328001398,https://kind.krx.co.kr/disclosure/disclosurebystocktype.do?method=searchDisclosureByStockTypeEtfSub&forward=disclosurebystocktype_etf_sub&currentPageSize=100&pageIndex=1&orderMode=1&orderStat=D&etfIsuSrtCd=&reportCd=&reportTmp=&etfIsuSrtNm=&reportNm=%EC%8B%A0%EA%B7%9C%EC%83%81%EC%9E%A5&fromDate=2018-03-01&toDate=2018-03-31,"Likely delisted, renamed, or absent from the current master; do not force-map by name."
kind_notice_not_in_current_master,,,,TIGER 중소형성장,29213,2018-03-30,20180328001419,https://kind.krx.co.kr/disclosure/disclosurebystocktype.do?method=searchDisclosureByStockTypeEtfSub&forward=disclosurebystocktype_etf_sub&currentPageSize=100&pageIndex=1&orderMode=1&orderStat=D&etfIsuSrtCd=&reportCd=&reportTmp=&etfIsuSrtNm=&reportNm=%EC%8B%A0%EA%B7%9C%EC%83%81%EC%9E%A5&fromDate=2018-03-01&toDate=2018-03-31,"Likely delisted, renamed, or absent from the current master; do not force-map by name."
kind_notice_not_in_current_master,,,,TIGER 일본엔선물인버스,29258,2018-04-17,20180413000322,https://kind.krx.co.kr/disclosure/disclosurebystocktype.do?method=searchDisclosureByStockTypeEtfSub&forward=disclosurebystocktype_etf_sub&currentPageSize=100&pageIndex=1&orderMode=1&orderStat=D&etfIsuSrtCd=&reportCd=&reportTmp=&etfIsuSrtNm=&reportNm=%EC%8B%A0%EA%B7%9C%EC%83%81%EC%9E%A5&fromDate=2018-04-01&toDate=2018-04-30,"Likely delisted, renamed, or absent from the current master; do not force-map by name."
kind_notice_not_in_current_master,,,,TIGER 일본엔선물레버리지,29257,2018-04-17,20180413000326,https://kind.krx.co.kr/disclosure/disclosurebystocktype.do?method=searchDisclosureByStockTypeEtfSub&forward=disclosurebystocktype_etf_sub&currentPageSize=100&pageIndex=1&orderMode=1&orderStat=D&etfIsuSrtCd=&reportCd=&reportTmp=&etfIsuSrtNm=&reportNm=%EC%8B%A0%EA%B7%9C%EC%83%81%EC%9E%A5&fromDate=2018-04-01&toDate=2018-04-30,"Likely delisted, renamed, or absent from the current master; do not force-map by name."
kind_notice_not_in_current_master,,,,TIGER 일본엔선물인버스2X,29259,2018-04-17,20180413000330,https://kind.krx.co.kr/disclosure/disclosurebystocktype.do?method=searchDisclosureByStockTypeEtfSub&forward=disclosurebystocktype_etf_sub&currentPageSize=100&pageIndex=1&orderMode=1&orderStat=D&etfIsuSrtCd=&reportCd=&reportTmp=&etfIsuSrtNm=&reportNm=%EC%8B%A0%EA%B7%9C%EC%83%81%EC%9E%A5&fromDate=2018-04-01&toDate=2018-04-30,"Likely delisted, renamed, or absent from the current master; do not force-map by name."
kind_notice_not_in_current_master,,,,ARIRANG 200동일가중,29582,2018-05-11,20180509000356,https://kind.krx.co.kr/disclosure/disclosurebystocktype.do?method=searchDisclosureByStockTypeEtfSub&forward=disclosurebystocktype_etf_sub&currentPageSize=100&pageIndex=1&orderMode=1&orderStat=D&etfIsuSrtCd=&reportCd=&reportTmp=&etfIsuSrtNm=&reportNm=%EC%8B%A0%EA%B7%9C%EC%83%81%EC%9E%A5&fromDate=2018-05-01&toDate=2018-05-31,"Likely delisted, renamed, or absent from the current master; do not force-map by name."
kind_notice_not_in_current_master,,,,ARIRANG 200 퀄리티,29588,2018-05-11,20180509000358,https://kind.krx.co.kr/disclosure/disclosurebystocktype.do?method=searchDisclosureByStockTypeEtfSub&forward=disclosurebystocktype_etf_sub&currentPageSize=100&pageIndex=1&orderMode=1&orderStat=D&etfIsuSrtCd=&reportCd=&reportTmp=&etfIsuSrtNm=&reportNm=%EC%8B%A0%EA%B7%9C%EC%83%81%EC%9E%A5&fromDate=2018-05-01&toDate=2018-05-31,"Likely delisted, renamed, or absent from the current master; do not force-map by name."
kind_notice_not_in_current_master,,,,ARIRANG 200밸류,29584,2018-05-11,20180509000360,https://kind.krx.co.kr/disclosure/disclosurebystocktype.do?method=searchDisclosureByStockTypeEtfSub&forward=disclosurebystocktype_etf_sub&currentPageSize=100&pageIndex=1&orderMode=1&orderStat=D&etfIsuSrtCd=&reportCd=&reportTmp=&etfIsuSrtNm=&reportNm=%EC%8B%A0%EA%B7%9C%EC%83%81%EC%9E%A5&fromDate=2018-05-01&toDate=2018-05-31,"Likely delisted, renamed, or absent from the current master; do not force-map by name."
kind_notice_not_in_current_master,,,,ARIRANG 200모멘텀,29586,2018-05-11,20180509000361,https://kind.krx.co.kr/disclosure/disclosurebystocktype.do?method=searchDisclosureByStockTypeEtfSub&forward=disclosurebystocktype_etf_sub&currentPageSize=100&pageIndex=1&orderMode=1&orderStat=D&etfIsuSrtCd=&reportCd=&reportTmp=&etfIsuSrtNm=&reportNm=%EC%8B%A0%EA%B7%9C%EC%83%81%EC%9E%A5&fromDate=2018-05-01&toDate=2018-05-31,"Likely delisted, renamed, or absent from the current master; do not force-map by name."
kind_notice_not_in_current_master,,,,ARIRANG 200로우볼,29589,2018-05-11,20180509000362,https://kind.krx.co.kr/disclosure/disclosurebystocktype.do?method=searchDisclosureByStockTypeEtfSub&forward=disclosurebystocktype_etf_sub&currentPageSize=100&pageIndex=1&orderMode=1&orderStat=D&etfIsuSrtCd=&reportCd=&reportTmp=&etfIsuSrtNm=&reportNm=%EC%8B%A0%EA%B7%9C%EC%83%81%EC%9E%A5&fromDate=2018-05-01&toDate=2018-05-31,"Likely delisted, renamed, or absent from the current master; do not force-map by name."
kind_notice_not_in_current_master,,,,ACE 국채선물10년인버스,29907,2018-06-08,20180605000097,https://kind.krx.co.kr/disclosure/disclosurebystocktype.do?method=searchDisclosureByStockTypeEtfSub&forward=disclosurebystocktype_etf_sub&currentPageSize=100&pageIndex=1&orderMode=1&orderStat=D&etfIsuSrtCd=&reportCd=&reportTmp=&etfIsuSrtNm=&reportNm=%EC%8B%A0%EA%B7%9C%EC%83%81%EC%9E%A5&fromDate=2018-06-01&toDate=2018-06-30,"Likely delisted, renamed, or absent from the current master; do not force-map by name."
kind_notice_not_in_current_master,,,,ACE 국채선물3년인버스,29908,2018-06-08,20180605000099,https://kind.krx.co.kr/disclosure/disclosurebystocktype.do?method=searchDisclosureByStockTypeEtfSub&forward=disclosurebystocktype_etf_sub&currentPageSize=100&pageIndex=1&orderMode=1&orderStat=D&etfIsuSrtCd=&reportCd=&reportTmp=&etfIsuSrtNm=&reportNm=%EC%8B%A0%EA%B7%9C%EC%83%81%EC%9E%A5&fromDate=2018-06-01&toDate=2018-06-30,"Likely delisted, renamed, or absent from the current master; do not force-map by name."
kind_notice_not_in_current_master,,,,KODEX FnKorea50,29671,2018-06-08,20180605000104,https://kind.krx.co.kr/disclosure/disclosurebystocktype.do?method=searchDisclosureByStockTypeEtfSub&forward=disclosurebystocktype_etf_sub&currentPageSize=100&pageIndex=1&orderMode=1&orderStat=D&etfIsuSrtCd=&reportCd=&reportTmp=&etfIsuSrtNm=&reportNm=%EC%8B%A0%EA%B7%9C%EC%83%81%EC%9E%A5&fromDate=2018-06-01&toDate=2018-06-30,"Likely delisted, renamed, or absent from the current master; do not force-map by name."
kind_notice_not_in_current_master,,,,ARIRANG 코스피중형주,30144,2018-07-05,20180704000115,https://kind.krx.co.kr/disclosure/disclosurebystocktype.do?method=searchDisclosureByStockTypeEtfSub&forward=disclosurebystocktype_etf_sub&currentPageSize=100&pageIndex=1&orderMode=1&orderStat=D&etfIsuSrtCd=&reportCd=&reportTmp=&etfIsuSrtNm=&reportNm=%EC%8B%A0%EA%B7%9C%EC%83%81%EC%9E%A5&fromDate=2018-07-01&toDate=2018-07-31,"Likely delisted, renamed, or absent from the current master; do not force-map by name."
kind_notice_not_in_current_master,,,,PLUS 코스닥150선물인버스,30141,2018-07-11,20180709000536,https://kind.krx.co.kr/disclosure/disclosurebystocktype.do?method=searchDisclosureByStockTypeEtfSub&forward=disclosurebystocktype_etf_sub&currentPageSize=100&pageIndex=1&orderMode=1&orderStat=D&etfIsuSrtCd=&reportCd=&reportTmp=&etfIsuSrtNm=&reportNm=%EC%8B%A0%EA%B7%9C%EC%83%81%EC%9E%A5&fromDate=2018-07-01&toDate=2018-07-31,"Likely delisted, renamed, or absent from the current master; do not force-map by name."
kind_notice_not_in_current_master,,,,KBSTAR 중소형모멘텀로우볼,30028,2018-07-18,20180716000098,https://kind.krx.co.kr/disclosure/disclosurebystocktype.do?method=searchDisclosureByStockTypeEtfSub&forward=disclosurebystocktype_etf_sub&currentPageSize=100&pageIndex=1&orderMode=1&orderStat=D&etfIsuSrtCd=&reportCd=&reportTmp=&etfIsuSrtNm=&reportNm=%EC%8B%A0%EA%B7%9C%EC%83%81%EC%9E%A5&fromDate=2018-07-01&toDate=2018-07-31,"Likely delisted, renamed, or absent from the current master; do not force-map by name."
kind_notice_not_in_current_master,,,,KBSTAR 중소형모멘텀밸류,30029,2018-07-18,20180716000104,https://kind.krx.co.kr/disclosure/disclosurebystocktype.do?method=searchDisclosureByStockTypeEtfSub&forward=disclosurebystocktype_etf_sub&currentPageSize=100&pageIndex=1&orderMode=1&orderStat=D&etfIsuSrtCd=&reportCd=&reportTmp=&etfIsuSrtNm=&reportNm=%EC%8B%A0%EA%B7%9C%EC%83%81%EC%9E%A5&fromDate=2018-07-01&toDate=2018-07-31,"Likely delisted, renamed, or absent from the current master; do not force-map by name."
kind_notice_not_in_current_master,,,,KBSTAR KQ모멘텀로우볼,30030,2018-07-18,20180716000109,https://kind.krx.co.kr/disclosure/disclosurebystocktype.do?method=searchDisclosureByStockTypeEtfSub&forward=disclosurebystocktype_etf_sub&currentPageSize=100&pageIndex=1&orderMode=1&orderStat=D&etfIsuSrtCd=&reportCd=&reportTmp=&etfIsuSrtNm=&reportNm=%EC%8B%A0%EA%B7%9C%EC%83%81%EC%9E%A5&fromDate=2018-07-01&toDate=2018-07-31,"Likely delisted, renamed, or absent from the current master; do not force-map by name."
kind_notice_not_in_current_master,,,,KBSTAR KQ모멘텀밸류,30031,2018-07-18,20180716000114,https://kind.krx.co.kr/disclosure/disclosurebystocktype.do?method=searchDisclosureByStockTypeEtfSub&forward=disclosurebystocktype_etf_sub&currentPageSize=100&pageIndex=1&orderMode=1&orderStat=D&etfIsuSrtCd=&reportCd=&reportTmp=&etfIsuSrtNm=&reportNm=%EC%8B%A0%EA%B7%9C%EC%83%81%EC%9E%A5&fromDate=2018-07-01&toDate=2018-07-31,"Likely delisted, renamed, or absent from the current master; do not force-map by name."
kind_notice_not_in_current_master,,,,TIGER 중장기국채선물인버스,30220,2018-07-20,20180718000122,https://kind.krx.co.kr/disclosure/disclosurebystocktype.do?method=searchDisclosureByStockTypeEtfSub&forward=disclosurebystocktype_etf_sub&currentPageSize=100&pageIndex=1&orderMode=1&orderStat=D&etfIsuSrtCd=&reportCd=&reportTmp=&etfIsuSrtNm=&reportNm=%EC%8B%A0%EA%B7%9C%EC%83%81%EC%9E%A5&fromDate=2018-07-01&toDate=2018-07-31,"Likely delisted, renamed, or absent from the current master; do not force-map by name."
kind_notice_not_in_current_master,,,,TIGER 중장기국채선물인버스2X,30221,2018-07-20,20180718000123,https://kind.krx.co.kr/disclosure/disclosurebystocktype.do?method=searchDisclosureByStockTypeEtfSub&forward=disclosurebystocktype_etf_sub&currentPageSize=100&pageIndex=1&orderMode=1&orderStat=D&etfIsuSrtCd=&reportCd=&reportTmp=&etfIsuSrtNm=&reportNm=%EC%8B%A0%EA%B7%9C%EC%83%81%EC%9E%A5&fromDate=2018-07-01&toDate=2018-07-31,"Likely delisted, renamed, or absent from the current master; do not force-map by name."
kind_notice_not_in_current_master,,,,TIGER 국채선물3년인버스,30217,2018-07-20,20180718000124,https://kind.krx.co.kr/disclosure/disclosurebystocktype.do?method=searchDisclosureByStockTypeEtfSub&forward=disclosurebystocktype_etf_sub&currentPageSize=100&pageIndex=1&orderMode=1&orderStat=D&etfIsuSrtCd=&reportCd=&reportTmp=&etfIsuSrtNm=&reportNm=%EC%8B%A0%EA%B7%9C%EC%83%81%EC%9E%A5&fromDate=2018-07-01&toDate=2018-07-31,"Likely delisted, renamed, or absent from the current master; do not force-map by name."
kind_notice_not_in_current_master,,,,TIGER 국채선물10년인버스,30218,2018-07-20,20180718000125,https://kind.krx.co.kr/disclosure/disclosurebystocktype.do?method=searchDisclosureByStockTypeEtfSub&forward=disclosurebystocktype_etf_sub&currentPageSize=100&pageIndex=1&orderMode=1&orderStat=D&etfIsuSrtCd=&reportCd=&reportTmp=&etfIsuSrtNm=&reportNm=%EC%8B%A0%EA%B7%9C%EC%83%81%EC%9E%A5&fromDate=2018-07-01&toDate=2018-07-31,"Likely delisted, renamed, or absent from the current master; do not force-map by name."
kind_notice_not_in_current_master,,,,HANARO 단기통안채,30654,2018-09-18,20180914000496,https://kind.krx.co.kr/disclosure/disclosurebystocktype.do?method=searchDisclosureByStockTypeEtfSub&forward=disclosurebystocktype_etf_sub&currentPageSize=100&pageIndex=1&orderMode=1&orderStat=D&etfIsuSrtCd=&reportCd=&reportTmp=&etfIsuSrtNm=&reportNm=%EC%8B%A0%EA%B7%9C%EC%83%81%EC%9E%A5&fromDate=2018-09-01&toDate=2018-09-30,"Likely delisted, renamed, or absent from the current master; do not force-map by name."
kind_notice_not_in_current_master,,,,KODEX KRX300선물인버스,30696,2018-10-16,20181012000180,https://kind.krx.co.kr/disclosure/disclosurebystocktype.do?method=searchDisclosureByStockTypeEtfSub&forward=disclosurebystocktype_etf_sub&currentPageSize=100&pageIndex=1&orderMode=1&orderStat=D&etfIsuSrtCd=&reportCd=&reportTmp=&etfIsuSrtNm=&reportNm=%EC%8B%A0%EA%B7%9C%EC%83%81%EC%9E%A5&fromDate=2018-10-01&toDate=2018-10-31,"Likely delisted, renamed, or absent from the current master; do not force-map by name."
kind_notice_not_in_current_master,,,,KBSTAR KRX300레버리지,30701,2018-10-16,20181012000181,https://kind.krx.co.kr/disclosure/disclosurebystocktype.do?method=searchDisclosureByStockTypeEtfSub&forward=disclosurebystocktype_etf_sub&currentPageSize=100&pageIndex=1&orderMode=1&orderStat=D&etfIsuSrtCd=&reportCd=&reportTmp=&etfIsuSrtNm=&reportNm=%EC%8B%A0%EA%B7%9C%EC%83%81%EC%9E%A5&fromDate=2018-10-01&toDate=2018-10-31,"Likely delisted, renamed, or absent from the current master; do not force-map by name."
kind_notice_not_in_current_master,,,,KBSTAR KRX300선물인버스,30702,2018-10-16,20181012000182,https://kind.krx.co.kr/disclosure/disclosurebystocktype.do?method=searchDisclosureByStockTypeEtfSub&forward=disclosurebystocktype_etf_sub&currentPageSize=100&pageIndex=1&orderMode=1&orderStat=D&etfIsuSrtCd=&reportCd=&reportTmp=&etfIsuSrtNm=&reportNm=%EC%8B%A0%EA%B7%9C%EC%83%81%EC%9E%A5&fromDate=2018-10-01&toDate=2018-10-31,"Likely delisted, renamed, or absent from the current master; do not force-map by name."
kind_notice_not_in_current_master,,,,TIGER KRX300레버리지,30761,2018-10-16,20181012000183,https://kind.krx.co.kr/disclosure/disclosurebystocktype.do?method=searchDisclosureByStockTypeEtfSub&forward=disclosurebystocktype_etf_sub&currentPageSize=100&pageIndex=1&orderMode=1&orderStat=D&etfIsuSrtCd=&reportCd=&reportTmp=&etfIsuSrtNm=&reportNm=%EC%8B%A0%EA%B7%9C%EC%83%81%EC%9E%A5&fromDate=2018-10-01&toDate=2018-10-31,"Likely delisted, renamed, or absent from the current master; do not force-map by name."
kind_notice_not_in_current_master,,,,TIGER KRX300선물인버스,30762,2018-10-16,20181012000184,https://kind.krx.co.kr/disclosure/disclosurebystocktype.do?method=searchDisclosureByStockTypeEtfSub&forward=disclosurebystocktype_etf_sub&currentPageSize=100&pageIndex=1&orderMode=1&orderStat=D&etfIsuSrtCd=&reportCd=&reportTmp=&etfIsuSrtNm=&reportNm=%EC%8B%A0%EA%B7%9C%EC%83%81%EC%9E%A5&fromDate=2018-10-01&toDate=2018-10-31,"Likely delisted, renamed, or absent from the current master; do not force-map by name."
kind_notice_not_in_current_master,,,,ARIRANG KRX300IT,30917,2018-11-08,20181105000324,https://kind.krx.co.kr/disclosure/disclosurebystocktype.do?method=searchDisclosureByStockTypeEtfSub&forward=disclosurebystocktype_etf_sub&currentPageSize=100&pageIndex=1&orderMode=1&orderStat=D&etfIsuSrtCd=&reportCd=&reportTmp=&etfIsuSrtNm=&reportNm=%EC%8B%A0%EA%B7%9C%EC%83%81%EC%9E%A5&fromDate=2018-11-01&toDate=2018-11-30,"Likely delisted, renamed, or absent from the current master; do not force-map by name."
kind_notice_not_in_current_master,,,,ARIRANG KRX300자유소비재,30920,2018-11-08,20181105000325,https://kind.krx.co.kr/disclosure/disclosurebystocktype.do?method=searchDisclosureByStockTypeEtfSub&forward=disclosurebystocktype_etf_sub&currentPageSize=100&pageIndex=1&orderMode=1&orderStat=D&etfIsuSrtCd=&reportCd=&reportTmp=&etfIsuSrtNm=&reportNm=%EC%8B%A0%EA%B7%9C%EC%83%81%EC%9E%A5&fromDate=2018-11-01&toDate=2018-11-30,"Likely delisted, renamed, or absent from the current master; do not force-map by name."
kind_notice_not_in_current_master,,,,ARIRANG KRX300금융,30918,2018-11-08,20181105000326,https://kind.krx.co.kr/disclosure/disclosurebystocktype.do?method=searchDisclosureByStockTypeEtfSub&forward=disclosurebystocktype_etf_sub&currentPageSize=100&pageIndex=1&orderMode=1&orderStat=D&etfIsuSrtCd=&reportCd=&reportTmp=&etfIsuSrtNm=&reportNm=%EC%8B%A0%EA%B7%9C%EC%83%81%EC%9E%A5&fromDate=2018-11-01&toDate=2018-11-30,"Likely delisted, renamed, or absent from the current master; do not force-map by name."
kind_notice_not_in_current_master,,,,ARIRANG KRX300산업재,30919,2018-11-08,20181105000327,https://kind.krx.co.kr/disclosure/disclosurebystocktype.do?method=searchDisclosureByStockTypeEtfSub&forward=disclosurebystocktype_etf_sub&currentPageSize=100&pageIndex=1&orderMode=1&orderStat=D&etfIsuSrtCd=&reportCd=&reportTmp=&etfIsuSrtNm=&reportNm=%EC%8B%A0%EA%B7%9C%EC%83%81%EC%9E%A5&fromDate=2018-11-01&toDate=2018-11-30,"Likely delisted, renamed, or absent from the current master; do not force-map by name."
kind_notice_not_in_current_master,,,,ARIRANG KRX300헬스케어,30921,2018-11-08,20181105000328,https://kind.krx.co.kr/disclosure/disclosurebystocktype.do?method=searchDisclosureByStockTypeEtfSub&forward=disclosurebystocktype_etf_sub&currentPageSize=100&pageIndex=1&orderMode=1&orderStat=D&etfIsuSrtCd=&reportCd=&reportTmp=&etfIsuSrtNm=&reportNm=%EC%8B%A0%EA%B7%9C%EC%83%81%EC%9E%A5&fromDate=2018-11-01&toDate=2018-11-30,"Likely delisted, renamed, or absent from the current master; do not force-map by name."
kind_notice_not_in_current_master,,,,KBSTAR 200커뮤니케이션서비스,31548,2019-01-15,20190111000584,https://kind.krx.co.kr/disclosure/disclosurebystocktype.do?method=searchDisclosureByStockTypeEtfSub&forward=disclosurebystocktype_etf_sub&currentPageSize=100&pageIndex=1&orderMode=1&orderStat=D&etfIsuSrtCd=&reportCd=&reportTmp=&etfIsuSrtNm=&reportNm=%EC%8B%A0%EA%B7%9C%EC%83%81%EC%9E%A5&fromDate=2019-01-01&toDate=2019-01-31,"Likely delisted, renamed, or absent from the current master; do not force-map by name."
kind_notice_not_in_current_master,,,,KBSTAR KRX300미국달러선물혼합,31987,2019-03-19,20190314000535,https://kind.krx.co.kr/disclosure/disclosurebystocktype.do?method=searchDisclosureByStockTypeEtfSub&forward=disclosurebystocktype_etf_sub&currentPageSize=100&pageIndex=1&orderMode=1&orderStat=D&etfIsuSrtCd=&reportCd=&reportTmp=&etfIsuSrtNm=&reportNm=%EC%8B%A0%EA%B7%9C%EC%83%81%EC%9E%A5&fromDate=2019-03-01&toDate=2019-03-31,"Likely delisted, renamed, or absent from the current master; do not force-map by name."
kind_notice_not_in_current_master,,,,ACE 스마트퀄리티,32212,2019-04-16,20190412000188,https://kind.krx.co.kr/disclosure/disclosurebystocktype.do?method=searchDisclosureByStockTypeEtfSub&forward=disclosurebystocktype_etf_sub&currentPageSize=100&pageIndex=1&orderMode=1&orderStat=D&etfIsuSrtCd=&reportCd=&reportTmp=&etfIsuSrtNm=&reportNm=%EC%8B%A0%EA%B7%9C%EC%83%81%EC%9E%A5&fromDate=2019-04-01&toDate=2019-04-30,"Likely delisted, renamed, or absent from the current master; do not force-map by name."
kind_notice_not_in_current_master,,,,ACE 스마트로우볼,32213,2019-04-16,20190412000189,https://kind.krx.co.kr/disclosure/disclosurebystocktype.do?method=searchDisclosureByStockTypeEtfSub&forward=disclosurebystocktype_etf_sub&currentPageSize=100&pageIndex=1&orderMode=1&orderStat=D&etfIsuSrtCd=&reportCd=&reportTmp=&etfIsuSrtNm=&reportNm=%EC%8B%A0%EA%B7%9C%EC%83%81%EC%9E%A5&fromDate=2019-04-01&toDate=2019-04-30,"Likely delisted, renamed, or absent from the current master; do not force-map by name."
kind_notice_not_in_current_master,,,,ACE 스마트하이베타,32215,2019-04-16,20190412000190,https://kind.krx.co.kr/disclosure/disclosurebystocktype.do?method=searchDisclosureByStockTypeEtfSub&forward=disclosurebystocktype_etf_sub&currentPageSize=100&pageIndex=1&orderMode=1&orderStat=D&etfIsuSrtCd=&reportCd=&reportTmp=&etfIsuSrtNm=&reportNm=%EC%8B%A0%EA%B7%9C%EC%83%81%EC%9E%A5&fromDate=2019-04-01&toDate=2019-04-30,"Likely delisted, renamed, or absent from the current master; do not force-map by name."
kind_notice_not_in_current_master,,,,KOSEF Fn중소형,33191,2019-08-13,20190809000620,https://kind.krx.co.kr/disclosure/disclosurebystocktype.do?method=searchDisclosureByStockTypeEtfSub&forward=disclosurebystocktype_etf_sub&currentPageSize=100&pageIndex=1&orderMode=1&orderStat=D&etfIsuSrtCd=&reportCd=&reportTmp=&etfIsuSrtNm=&reportNm=%EC%8B%A0%EA%B7%9C%EC%83%81%EC%9E%A5&fromDate=2019-08-01&toDate=2019-08-31,"Likely delisted, renamed, or absent from the current master; do not force-map by name."
kind_notice_not_in_current_master,,,,PLUS KS로우볼가중TR,33394,2019-09-05,20190903000108,https://kind.krx.co.kr/disclosure/disclosurebystocktype.do?method=searchDisclosureByStockTypeEtfSub&forward=disclosurebystocktype_etf_sub&currentPageSize=100&pageIndex=1&orderMode=1&orderStat=D&etfIsuSrtCd=&reportCd=&reportTmp=&etfIsuSrtNm=&reportNm=%EC%8B%A0%EA%B7%9C%EC%83%81%EC%9E%A5&fromDate=2019-09-01&toDate=2019-09-30,"Likely delisted, renamed, or absent from the current master; do not force-map by name."
kind_notice_not_in_current_master,,,,PLUS KS로우사이즈가중TR,33395,2019-09-05,20190903000109,https://kind.krx.co.kr/disclosure/disclosurebystocktype.do?method=searchDisclosureByStockTypeEtfSub&forward=disclosurebystocktype_etf_sub&currentPageSize=100&pageIndex=1&orderMode=1&orderStat=D&etfIsuSrtCd=&reportCd=&reportTmp=&etfIsuSrtNm=&reportNm=%EC%8B%A0%EA%B7%9C%EC%83%81%EC%9E%A5&fromDate=2019-09-01&toDate=2019-09-30,"Likely delisted, renamed, or absent from the current master; do not force-map by name."
kind_notice_not_in_current_master,,,,PLUS KS모멘텀가중TR,33396,2019-09-05,20190903000110,https://kind.krx.co.kr/disclosure/disclosurebystocktype.do?method=searchDisclosureByStockTypeEtfSub&forward=disclosurebystocktype_etf_sub&currentPageSize=100&pageIndex=1&orderMode=1&orderStat=D&etfIsuSrtCd=&reportCd=&reportTmp=&etfIsuSrtNm=&reportNm=%EC%8B%A0%EA%B7%9C%EC%83%81%EC%9E%A5&fromDate=2019-09-01&toDate=2019-09-30,"Likely delisted, renamed, or absent from the current master; do not force-map by name."
kind_notice_not_in_current_master,,,,PLUS KS밸류가중TR,33397,2019-09-05,20190903000111,https://kind.krx.co.kr/disclosure/disclosurebystocktype.do?method=searchDisclosureByStockTypeEtfSub&forward=disclosurebystocktype_etf_sub&currentPageSize=100&pageIndex=1&orderMode=1&orderStat=D&etfIsuSrtCd=&reportCd=&reportTmp=&etfIsuSrtNm=&reportNm=%EC%8B%A0%EA%B7%9C%EC%83%81%EC%9E%A5&fromDate=2019-09-01&toDate=2019-09-30,"Likely delisted, renamed, or absent from the current master; do not force-map by name."
kind_notice_not_in_current_master,,,,PLUS KS퀄리티가중TR,33398,2019-09-05,20190903000112,https://kind.krx.co.kr/disclosure/disclosurebystocktype.do?method=searchDisclosureByStockTypeEtfSub&forward=disclosurebystocktype_etf_sub&currentPageSize=100&pageIndex=1&orderMode=1&orderStat=D&etfIsuSrtCd=&reportCd=&reportTmp=&etfIsuSrtNm=&reportNm=%EC%8B%A0%EA%B7%9C%EC%83%81%EC%9E%A5&fromDate=2019-09-01&toDate=2019-09-30,"Likely delisted, renamed, or absent from the current master; do not force-map by name."
kind_notice_not_in_current_master,,,,KBSTAR KRX국채선물3년10년스티프너,34250,2019-12-19,20191217000236,https://kind.krx.co.kr/disclosure/disclosurebystocktype.do?method=searchDisclosureByStockTypeEtfSub&forward=disclosurebystocktype_etf_sub&currentPageSize=100&pageIndex=1&orderMode=1&orderStat=D&etfIsuSrtCd=&reportCd=&reportTmp=&etfIsuSrtNm=&reportNm=%EC%8B%A0%EA%B7%9C%EC%83%81%EC%9E%A5&fromDate=2019-12-01&toDate=2019-12-31,"Likely delisted, renamed, or absent from the current master; do not force-map by name."
kind_notice_not_in_current_master,,,,KBSTAR KRX국채선물3년10년스티프너2X,34260,2019-12-19,20191217000237,https://kind.krx.co.kr/disclosure/disclosurebystocktype.do?method=searchDisclosureByStockTypeEtfSub&forward=disclosurebystocktype_etf_sub&currentPageSize=100&pageIndex=1&orderMode=1&orderStat=D&etfIsuSrtCd=&reportCd=&reportTmp=&etfIsuSrtNm=&reportNm=%EC%8B%A0%EA%B7%9C%EC%83%81%EC%9E%A5&fromDate=2019-12-01&toDate=2019-12-31,"Likely delisted, renamed, or absent from the current master; do not force-map by name."
kind_notice_not_in_current_master,,,,KBSTAR KRX국채선물3년10년플래트너,34261,2019-12-19,20191217000238,https://kind.krx.co.kr/disclosure/disclosurebystocktype.do?method=searchDisclosureByStockTypeEtfSub&forward=disclosurebystocktype_etf_sub&currentPageSize=100&pageIndex=1&orderMode=1&orderStat=D&etfIsuSrtCd=&reportCd=&reportTmp=&etfIsuSrtNm=&reportNm=%EC%8B%A0%EA%B7%9C%EC%83%81%EC%9E%A5&fromDate=2019-12-01&toDate=2019-12-31,"Likely delisted, renamed, or absent from the current master; do not force-map by name."
kind_notice_not_in_current_master,,,,KBSTAR KRX국채선물3년10년플래트너2X,34262,2019-12-19,20191217000241,https://kind.krx.co.kr/disclosure/disclosurebystocktype.do?method=searchDisclosureByStockTypeEtfSub&forward=disclosurebystocktype_etf_sub&currentPageSize=100&pageIndex=1&orderMode=1&orderStat=D&etfIsuSrtCd=&reportCd=&reportTmp=&etfIsuSrtNm=&reportNm=%EC%8B%A0%EA%B7%9C%EC%83%81%EC%9E%A5&fromDate=2019-12-01&toDate=2019-12-31,"Likely delisted, renamed, or absent from the current master; do not force-map by name."
kind_notice_not_in_current_master,,,,ACE 싱가포르리츠채권혼합모닝스타,34214,2019-12-27,20191224000138,https://kind.krx.co.kr/disclosure/disclosurebystocktype.do?method=searchDisclosureByStockTypeEtfSub&forward=disclosurebystocktype_etf_sub&currentPageSize=100&pageIndex=1&orderMode=1&orderStat=D&etfIsuSrtCd=&reportCd=&reportTmp=&etfIsuSrtNm=&reportNm=%EC%8B%A0%EA%B7%9C%EC%83%81%EC%9E%A5&fromDate=2019-12-01&toDate=2019-12-31,"Likely delisted, renamed, or absent from the current master; do not force-map by name."
kind_notice_not_in_current_master,,,,HANARO KAP초장기국고채,34600,2020-01-16,20200114000109,https://kind.krx.co.kr/disclosure/disclosurebystocktype.do?method=searchDisclosureByStockTypeEtfSub&forward=disclosurebystocktype_etf_sub&currentPageSize=100&pageIndex=1&orderMode=1&orderStat=D&etfIsuSrtCd=&reportCd=&reportTmp=&etfIsuSrtNm=&reportNm=%EC%8B%A0%EA%B7%9C%EC%83%81%EC%9E%A5&fromDate=2020-01-01&toDate=2020-01-31,"Likely delisted, renamed, or absent from the current master; do not force-map by name."
kind_notice_not_in_current_master,,,,KBSTAR 코스피ex200,36159,2020-08-21,20200819000429,https://kind.krx.co.kr/disclosure/disclosurebystocktype.do?method=searchDisclosureByStockTypeEtfSub&forward=disclosurebystocktype_etf_sub&currentPageSize=100&pageIndex=1&orderMode=1&orderStat=D&etfIsuSrtCd=&reportCd=&reportTmp=&etfIsuSrtNm=&reportNm=%EC%8B%A0%EA%B7%9C%EC%83%81%EC%9E%A5&fromDate=2020-08-01&toDate=2020-08-31,"Likely delisted, renamed, or absent from the current master; do not force-map by name."
kind_notice_not_in_current_master,,,,KBSTAR Fn K-뉴딜디지털플러스,36820,2020-11-10,20201106000571,https://kind.krx.co.kr/disclosure/disclosurebystocktype.do?method=searchDisclosureByStockTypeEtfSub&forward=disclosurebystocktype_etf_sub&currentPageSize=100&pageIndex=1&orderMode=1&orderStat=D&etfIsuSrtCd=&reportCd=&reportTmp=&etfIsuSrtNm=&reportNm=%EC%8B%A0%EA%B7%9C%EC%83%81%EC%9E%A5&fromDate=2020-11-01&toDate=2020-11-30,"Likely delisted, renamed, or absent from the current master; do not force-map by name."
kind_notice_not_in_current_master,,,,KINDEX Fn K-뉴딜디지털플러스,36847,2020-11-10,20201106000574,https://kind.krx.co.kr/disclosure/disclosurebystocktype.do?method=searchDisclosureByStockTypeEtfSub&forward=disclosurebystocktype_etf_sub&currentPageSize=100&pageIndex=1&orderMode=1&orderStat=D&etfIsuSrtCd=&reportCd=&reportTmp=&etfIsuSrtNm=&reportNm=%EC%8B%A0%EA%B7%9C%EC%83%81%EC%9E%A5&fromDate=2020-11-01&toDate=2020-11-30,"Likely delisted, renamed, or absent from the current master; do not force-map by name."
kind_notice_not_in_current_master,,,,ACE 베트남VN30선물블룸버그레버리지(H),37113,2020-11-25,20201123000540,https://kind.krx.co.kr/disclosure/disclosurebystocktype.do?method=searchDisclosureByStockTypeEtfSub&forward=disclosurebystocktype_etf_sub&currentPageSize=100&pageIndex=1&orderMode=1&orderStat=D&etfIsuSrtCd=&reportCd=&reportTmp=&etfIsuSrtNm=&reportNm=%EC%8B%A0%EA%B7%9C%EC%83%81%EC%9E%A5&fromDate=2020-11-01&toDate=2020-11-30,"Likely delisted, renamed, or absent from the current master; do not force-map by name."
kind_notice_not_in_current_master,,,,PLUS 신흥국MSCI인버스(합성 H),37353,2020-12-16,20201214001093,https://kind.krx.co.kr/disclosure/disclosurebystocktype.do?method=searchDisclosureByStockTypeEtfSub&forward=disclosurebystocktype_etf_sub&currentPageSize=100&pageIndex=1&orderMode=1&orderStat=D&etfIsuSrtCd=&reportCd=&reportTmp=&etfIsuSrtNm=&reportNm=%EC%8B%A0%EA%B7%9C%EC%83%81%EC%9E%A5&fromDate=2020-12-01&toDate=2020-12-31,"Likely delisted, renamed, or absent from the current master; do not force-map by name."
kind_notice_not_in_current_master,,,,ARIRANG 탄소효율그린뉴딜,37625,2021-02-05,20210203000880,https://kind.krx.co.kr/disclosure/disclosurebystocktype.do?method=searchDisclosureByStockTypeEtfSub&forward=disclosurebystocktype_etf_sub&currentPageSize=100&pageIndex=1&orderMode=1&orderStat=D&etfIsuSrtCd=&reportCd=&reportTmp=&etfIsuSrtNm=&reportNm=%EC%8B%A0%EA%B7%9C%EC%83%81%EC%9E%A5&fromDate=2021-02-01&toDate=2021-02-28,"Likely delisted, renamed, or absent from the current master; do not force-map by name."
kind_notice_not_in_current_master,,,,HANARO 단기채권액티브,39095,2021-06-25,20210623000452,https://kind.krx.co.kr/disclosure/disclosurebystocktype.do?method=searchDisclosureByStockTypeEtfSub&forward=disclosurebystocktype_etf_sub&currentPageSize=100&pageIndex=1&orderMode=1&orderStat=D&etfIsuSrtCd=&reportCd=&reportTmp=&etfIsuSrtNm=&reportNm=%EC%8B%A0%EA%B7%9C%EC%83%81%EC%9E%A5&fromDate=2021-06-01&toDate=2021-06-30,"Likely delisted, renamed, or absent from the current master; do not force-map by name."
kind_notice_not_in_current_master,,,,HK 하이볼액티브,39168,2021-07-06,20210702000337,https://kind.krx.co.kr/disclosure/disclosurebystocktype.do?method=searchDisclosureByStockTypeEtfSub&forward=disclosurebystocktype_etf_sub&currentPageSize=100&pageIndex=1&orderMode=1&orderStat=D&etfIsuSrtCd=&reportCd=&reportTmp=&etfIsuSrtNm=&reportNm=%EC%8B%A0%EA%B7%9C%EC%83%81%EC%9E%A5&fromDate=2021-07-01&toDate=2021-07-31,"Likely delisted, renamed, or absent from the current master; do not force-map by name."
kind_notice_not_in_current_master,,,,KOSEF 글로벌디지털경제,39434,2021-07-20,20210716000414,https://kind.krx.co.kr/disclosure/disclosurebystocktype.do?method=searchDisclosureByStockTypeEtfSub&forward=disclosurebystocktype_etf_sub&currentPageSize=100&pageIndex=1&orderMode=1&orderStat=D&etfIsuSrtCd=&reportCd=&reportTmp=&etfIsuSrtNm=&reportNm=%EC%8B%A0%EA%B7%9C%EC%83%81%EC%9E%A5&fromDate=2021-07-01&toDate=2021-07-31,"Likely delisted, renamed, or absent from the current master; do not force-map by name."
kind_notice_not_in_current_master,,,,KIWOOM 글로벌퓨처모빌리티,39435,2021-07-20,20210716000417,https://kind.krx.co.kr/disclosure/disclosurebystocktype.do?method=searchDisclosureByStockTypeEtfSub&forward=disclosurebystocktype_etf_sub&currentPageSize=100&pageIndex=1&orderMode=1&orderStat=D&etfIsuSrtCd=&reportCd=&reportTmp=&etfIsuSrtNm=&reportNm=%EC%8B%A0%EA%B7%9C%EC%83%81%EC%9E%A5&fromDate=2021-07-01&toDate=2021-07-31,"Likely delisted, renamed, or absent from the current master; do not force-map by name."
kind_notice_not_in_current_master,,,,ACE 미국스팩&IPO INDXX,39159,2021-08-05,20210803000375,https://kind.krx.co.kr/disclosure/disclosurebystocktype.do?method=searchDisclosureByStockTypeEtfSub&forward=disclosurebystocktype_etf_sub&currentPageSize=100&pageIndex=1&orderMode=1&orderStat=D&etfIsuSrtCd=&reportCd=&reportTmp=&etfIsuSrtNm=&reportNm=%EC%8B%A0%EA%B7%9C%EC%83%81%EC%9E%A5&fromDate=2021-08-01&toDate=2021-08-31,"Likely delisted, renamed, or absent from the current master; do not force-map by name."
kind_notice_not_in_current_master,,,,RISE 국채선물5년추종인버스,39741,2021-08-31,20210827000440,https://kind.krx.co.kr/disclosure/disclosurebystocktype.do?method=searchDisclosureByStockTypeEtfSub&forward=disclosurebystocktype_etf_sub&currentPageSize=100&pageIndex=1&orderMode=1&orderStat=D&etfIsuSrtCd=&reportCd=&reportTmp=&etfIsuSrtNm=&reportNm=%EC%8B%A0%EA%B7%9C%EC%83%81%EC%9E%A5&fromDate=2021-08-01&toDate=2021-08-31,"Likely delisted, renamed, or absent from the current master; do not force-map by name."
kind_notice_not_in_current_master,,,,FOCUS 혁신기업액티브,40252,2021-09-30,20210928000344,https://kind.krx.co.kr/disclosure/disclosurebystocktype.do?method=searchDisclosureByStockTypeEtfSub&forward=disclosurebystocktype_etf_sub&currentPageSize=100&pageIndex=1&orderMode=1&orderStat=D&etfIsuSrtCd=&reportCd=&reportTmp=&etfIsuSrtNm=&reportNm=%EC%8B%A0%EA%B7%9C%EC%83%81%EC%9E%A5&fromDate=2021-09-01&toDate=2021-09-30,"Likely delisted, renamed, or absent from the current master; do not force-map by name."
kind_notice_not_in_current_master,,,,KBSTAR KRX기후변화솔루션,40399,2021-10-29,20211027000175,https://kind.krx.co.kr/disclosure/disclosurebystocktype.do?method=searchDisclosureByStockTypeEtfSub&forward=disclosurebystocktype_etf_sub&currentPageSize=100&pageIndex=1&orderMode=1&orderStat=D&etfIsuSrtCd=&reportCd=&reportTmp=&etfIsuSrtNm=&reportNm=%EC%8B%A0%EA%B7%9C%EC%83%81%EC%9E%A5&fromDate=2021-10-01&toDate=2021-10-31,"Likely delisted, renamed, or absent from the current master; do not force-map by name."
kind_notice_not_in_current_master,,,,HANARO KRX기후변화솔루션,40447,2021-10-29,20211027000176,https://kind.krx.co.kr/disclosure/disclosurebystocktype.do?method=searchDisclosureByStockTypeEtfSub&forward=disclosurebystocktype_etf_sub&currentPageSize=100&pageIndex=1&orderMode=1&orderStat=D&etfIsuSrtCd=&reportCd=&reportTmp=&etfIsuSrtNm=&reportNm=%EC%8B%A0%EA%B7%9C%EC%83%81%EC%9E%A5&fromDate=2021-10-01&toDate=2021-10-31,"Likely delisted, renamed, or absent from the current master; do not force-map by name."
kind_notice_not_in_current_master,,,,KCGI 스마트커머스액티브,40717,2021-11-16,20211112001079,https://kind.krx.co.kr/disclosure/disclosurebystocktype.do?method=searchDisclosureByStockTypeEtfSub&forward=disclosurebystocktype_etf_sub&currentPageSize=100&pageIndex=1&orderMode=1&orderStat=D&etfIsuSrtCd=&reportCd=&reportTmp=&etfIsuSrtNm=&reportNm=%EC%8B%A0%EA%B7%9C%EC%83%81%EC%9E%A5&fromDate=2021-11-01&toDate=2021-11-30,"Likely delisted, renamed, or absent from the current master; do not force-map by name."
kind_notice_not_in_current_master,,,,KCGI 테크미디어텔레콤액티브,40716,2021-11-16,20211112001081,https://kind.krx.co.kr/disclosure/disclosurebystocktype.do?method=searchDisclosureByStockTypeEtfSub&forward=disclosurebystocktype_etf_sub&currentPageSize=100&pageIndex=1&orderMode=1&orderStat=D&etfIsuSrtCd=&reportCd=&reportTmp=&etfIsuSrtNm=&reportNm=%EC%8B%A0%EA%B7%9C%EC%83%81%EC%9E%A5&fromDate=2021-11-01&toDate=2021-11-30,"Likely delisted, renamed, or absent from the current master; do not force-map by name."
kind_notice_not_in_current_master,,,,RISE 글로벌메타버스,41172,2021-12-22,20211220000167,https://kind.krx.co.kr/disclosure/disclosurebystocktype.do?method=searchDisclosureByStockTypeEtfSub&forward=disclosurebystocktype_etf_sub&currentPageSize=100&pageIndex=1&orderMode=1&orderStat=D&etfIsuSrtCd=&reportCd=&reportTmp=&etfIsuSrtNm=&reportNm=%EC%8B%A0%EA%B7%9C%EC%83%81%EC%9E%A5&fromDate=2021-12-01&toDate=2021-12-31,"Likely delisted, renamed, or absent from the current master; do not force-map by name."
kind_notice_not_in_current_master,,,,ACE 글로벌메타버스테크액티브,41105,2021-12-22,20211220000168,https://kind.krx.co.kr/disclosure/disclosurebystocktype.do?method=searchDisclosureByStockTypeEtfSub&forward=disclosurebystocktype_etf_sub&currentPageSize=100&pageIndex=1&orderMode=1&orderStat=D&etfIsuSrtCd=&reportCd=&reportTmp=&etfIsuSrtNm=&reportNm=%EC%8B%A0%EA%B7%9C%EC%83%81%EC%9E%A5&fromDate=2021-12-01&toDate=2021-12-31,"Likely delisted, renamed, or absent from the current master; do not force-map by name."
kind_notice_not_in_current_master,,,,HANARO 미국메타버스iSelect,41917,2022-02-22,20220218000340,https://kind.krx.co.kr/disclosure/disclosurebystocktype.do?method=searchDisclosureByStockTypeEtfSub&forward=disclosurebystocktype_etf_sub&currentPageSize=100&pageIndex=1&orderMode=1&orderStat=D&etfIsuSrtCd=&reportCd=&reportTmp=&etfIsuSrtNm=&reportNm=%EC%8B%A0%EA%B7%9C%EC%83%81%EC%9E%A5&fromDate=2022-02-01&toDate=2022-02-28,"Likely delisted, renamed, or absent from the current master; do not force-map by name."
kind_notice_not_in_current_master,,,,VITA MZ소비액티브,42226,2022-03-29,20220325001176,https://kind.krx.co.kr/disclosure/disclosurebystocktype.do?method=searchDisclosureByStockTypeEtfSub&forward=disclosurebystocktype_etf_sub&currentPageSize=100&pageIndex=1&orderMode=1&orderStat=D&etfIsuSrtCd=&reportCd=&reportTmp=&etfIsuSrtNm=&reportNm=%EC%8B%A0%EA%B7%9C%EC%83%81%EC%9E%A5&fromDate=2022-03-01&toDate=2022-03-31,"Likely delisted, renamed, or absent from the current master; do not force-map by name."
kind_notice_not_in_current_master,,,,HANARO 글로벌워터MSCI(합성),42446,2022-04-19,20220415000221,https://kind.krx.co.kr/disclosure/disclosurebystocktype.do?method=searchDisclosureByStockTypeEtfSub&forward=disclosurebystocktype_etf_sub&currentPageSize=100&pageIndex=1&orderMode=1&orderStat=D&etfIsuSrtCd=&reportCd=&reportTmp=&etfIsuSrtNm=&reportNm=%EC%8B%A0%EA%B7%9C%EC%83%81%EC%9E%A5&fromDate=2022-04-01&toDate=2022-04-30,"Likely delisted, renamed, or absent from the current master; do not force-map by name."
kind_notice_not_in_current_master,,,,KIWOOM 미국ETF산업STOXX,42633,2022-04-26,20220422000307,https://kind.krx.co.kr/disclosure/disclosurebystocktype.do?method=searchDisclosureByStockTypeEtfSub&forward=disclosurebystocktype_etf_sub&currentPageSize=100&pageIndex=1&orderMode=1&orderStat=D&etfIsuSrtCd=&reportCd=&reportTmp=&etfIsuSrtNm=&reportNm=%EC%8B%A0%EA%B7%9C%EC%83%81%EC%9E%A5&fromDate=2022-04-01&toDate=2022-04-30,"Likely delisted, renamed, or absent from the current master; do not force-map by name."
kind_notice_not_in_current_master,,,,PLUS 미국대체투자TOP10,42641,2022-05-11,20220509000108,https://kind.krx.co.kr/disclosure/disclosurebystocktype.do?method=searchDisclosureByStockTypeEtfSub&forward=disclosurebystocktype_etf_sub&currentPageSize=100&pageIndex=1&orderMode=1&orderStat=D&etfIsuSrtCd=&reportCd=&reportTmp=&etfIsuSrtNm=&reportNm=%EC%8B%A0%EA%B7%9C%EC%83%81%EC%9E%A5&fromDate=2022-05-01&toDate=2022-05-31,"Likely delisted, renamed, or absent from the current master; do not force-map by name."
kind_notice_not_in_current_master,,,,RISE 창업투자회사,42711,2022-05-17,20220513000111,https://kind.krx.co.kr/disclosure/disclosurebystocktype.do?method=searchDisclosureByStockTypeEtfSub&forward=disclosurebystocktype_etf_sub&currentPageSize=100&pageIndex=1&orderMode=1&orderStat=D&etfIsuSrtCd=&reportCd=&reportTmp=&etfIsuSrtNm=&reportNm=%EC%8B%A0%EA%B7%9C%EC%83%81%EC%9E%A5&fromDate=2022-05-01&toDate=2022-05-31,"Likely delisted, renamed, or absent from the current master; do not force-map by name."
kind_notice_not_in_current_master,,,,KIWOOM 리츠이지스액티브,42987,2022-05-24,20220520000154,https://kind.krx.co.kr/disclosure/disclosurebystocktype.do?method=searchDisclosureByStockTypeEtfSub&forward=disclosurebystocktype_etf_sub&currentPageSize=100&pageIndex=1&orderMode=1&orderStat=D&etfIsuSrtCd=&reportCd=&reportTmp=&etfIsuSrtNm=&reportNm=%EC%8B%A0%EA%B7%9C%EC%83%81%EC%9E%A5&fromDate=2022-05-01&toDate=2022-05-31,"Likely delisted, renamed, or absent from the current master; do not force-map by name."
kind_notice_not_in_current_master,,,,HANARO 글로벌백신치료제MSCI,43285,2022-06-08,20220607000074,https://kind.krx.co.kr/disclosure/disclosurebystocktype.do?method=searchDisclosureByStockTypeEtfSub&forward=disclosurebystocktype_etf_sub&currentPageSize=100&pageIndex=1&orderMode=1&orderStat=D&etfIsuSrtCd=&reportCd=&reportTmp=&etfIsuSrtNm=&reportNm=%EC%8B%A0%EA%B7%9C%EC%83%81%EC%9E%A5&fromDate=2022-06-01&toDate=2022-06-30,"Likely delisted, renamed, or absent from the current master; do not force-map by name."
kind_notice_not_in_current_master,,,,SOL 한국형글로벌플랫폼&메타버스액티브,42999,2022-06-14,20220610000065,https://kind.krx.co.kr/disclosure/disclosurebystocktype.do?method=searchDisclosureByStockTypeEtfSub&forward=disclosurebystocktype_etf_sub&currentPageSize=100&pageIndex=1&orderMode=1&orderStat=D&etfIsuSrtCd=&reportCd=&reportTmp=&etfIsuSrtNm=&reportNm=%EC%8B%A0%EA%B7%9C%EC%83%81%EC%9E%A5&fromDate=2022-06-01&toDate=2022-06-30,"Likely delisted, renamed, or absent from the current master; do not force-map by name."
kind_notice_not_in_current_master,,,,PLUS TDF2030액티브,43385,2022-06-30,20220628000086,https://kind.krx.co.kr/disclosure/disclosurebystocktype.do?method=searchDisclosureByStockTypeEtfSub&forward=disclosurebystocktype_etf_sub&currentPageSize=100&pageIndex=1&orderMode=1&orderStat=D&etfIsuSrtCd=&reportCd=&reportTmp=&etfIsuSrtNm=&reportNm=%EC%8B%A0%EA%B7%9C%EC%83%81%EC%9E%A5&fromDate=2022-06-01&toDate=2022-06-30,"Likely delisted, renamed, or absent from the current master; do not force-map by name."
kind_notice_not_in_current_master,,,,PLUS TDF2040액티브,43386,2022-06-30,20220628000087,https://kind.krx.co.kr/disclosure/disclosurebystocktype.do?method=searchDisclosureByStockTypeEtfSub&forward=disclosurebystocktype_etf_sub&currentPageSize=100&pageIndex=1&orderMode=1&orderStat=D&etfIsuSrtCd=&reportCd=&reportTmp=&etfIsuSrtNm=&reportNm=%EC%8B%A0%EA%B7%9C%EC%83%81%EC%9E%A5&fromDate=2022-06-01&toDate=2022-06-30,"Likely delisted, renamed, or absent from the current master; do not force-map by name."
kind_notice_not_in_current_master,,,,PLUS TDF2050액티브,43387,2022-06-30,20220628000088,https://kind.krx.co.kr/disclosure/disclosurebystocktype.do?method=searchDisclosureByStockTypeEtfSub&forward=disclosurebystocktype_etf_sub&currentPageSize=100&pageIndex=1&orderMode=1&orderStat=D&etfIsuSrtCd=&reportCd=&reportTmp=&etfIsuSrtNm=&reportNm=%EC%8B%A0%EA%B7%9C%EC%83%81%EC%9E%A5&fromDate=2022-06-01&toDate=2022-06-30,"Likely delisted, renamed, or absent from the current master; do not force-map by name."
kind_notice_not_in_current_master,,,,PLUS K-유니콘투자기업액티브,43618,2022-07-13,20220711000061,https://kind.krx.co.kr/disclosure/disclosurebystocktype.do?method=searchDisclosureByStockTypeEtfSub&forward=disclosurebystocktype_etf_sub&currentPageSize=100&pageIndex=1&orderMode=1&orderStat=D&etfIsuSrtCd=&reportCd=&reportTmp=&etfIsuSrtNm=&reportNm=%EC%8B%A0%EA%B7%9C%EC%83%81%EC%9E%A5&fromDate=2022-07-01&toDate=2022-07-31,"Likely delisted, renamed, or absent from the current master; do not force-map by name."
kind_notice_not_in_current_master,,,,KIWOOM 글로벌리츠이지스액티브,43755,2022-07-29,20220727000083,https://kind.krx.co.kr/disclosure/disclosurebystocktype.do?method=searchDisclosureByStockTypeEtfSub&forward=disclosurebystocktype_etf_sub&currentPageSize=100&pageIndex=1&orderMode=1&orderStat=D&etfIsuSrtCd=&reportCd=&reportTmp=&etfIsuSrtNm=&reportNm=%EC%8B%A0%EA%B7%9C%EC%83%81%EC%9E%A5&fromDate=2022-07-01&toDate=2022-07-31,"Likely delisted, renamed, or absent from the current master; do not force-map by name."
kind_notice_not_in_current_master,,,,PLUS 글로벌AI,43821,2022-08-17,20220812000058,https://kind.krx.co.kr/disclosure/disclosurebystocktype.do?method=searchDisclosureByStockTypeEtfSub&forward=disclosurebystocktype_etf_sub&currentPageSize=100&pageIndex=1&orderMode=1&orderStat=D&etfIsuSrtCd=&reportCd=&reportTmp=&etfIsuSrtNm=&reportNm=%EC%8B%A0%EA%B7%9C%EC%83%81%EC%9E%A5&fromDate=2022-08-01&toDate=2022-08-31,"Likely delisted, renamed, or absent from the current master; do not force-map by name."
kind_notice_not_in_current_master,,,,KIWOOM 차이나A50커넥트MSCI,44133,2022-09-20,20220916000073,https://kind.krx.co.kr/disclosure/disclosurebystocktype.do?method=searchDisclosureByStockTypeEtfSub&forward=disclosurebystocktype_etf_sub&currentPageSize=100&pageIndex=1&orderMode=1&orderStat=D&etfIsuSrtCd=&reportCd=&reportTmp=&etfIsuSrtNm=&reportNm=%EC%8B%A0%EA%B7%9C%EC%83%81%EC%9E%A5&fromDate=2022-09-01&toDate=2022-09-30,"Likely delisted, renamed, or absent from the current master; do not force-map by name."
kind_notice_not_in_current_master,,,,KOSEF 차이나A50커넥트인버스MSCI(합성 H),44595,2022-10-25,20221021000044,https://kind.krx.co.kr/disclosure/disclosurebystocktype.do?method=searchDisclosureByStockTypeEtfSub&forward=disclosurebystocktype_etf_sub&currentPageSize=100&pageIndex=1&orderMode=1&orderStat=D&etfIsuSrtCd=&reportCd=&reportTmp=&etfIsuSrtNm=&reportNm=%EC%8B%A0%EA%B7%9C%EC%83%81%EC%9E%A5&fromDate=2022-10-01&toDate=2022-10-31,"Likely delisted, renamed, or absent from the current master; do not force-map by name."
kind_notice_not_in_current_master,,,,KOSEF 차이나A50커넥트레버리지MSCI(합성H),44593,2022-10-25,20221021000045,https://kind.krx.co.kr/disclosure/disclosurebystocktype.do?method=searchDisclosureByStockTypeEtfSub&forward=disclosurebystocktype_etf_sub&currentPageSize=100&pageIndex=1&orderMode=1&orderStat=D&etfIsuSrtCd=&reportCd=&reportTmp=&etfIsuSrtNm=&reportNm=%EC%8B%A0%EA%B7%9C%EC%83%81%EC%9E%A5&fromDate=2022-10-01&toDate=2022-10-31,"Likely delisted, renamed, or absent from the current master; do not force-map by name."
kind_notice_not_in_current_master,,,,KOSEF 차이나A50커넥트인버스MSCI(합성 H),44595,2022-10-25,20221024000531,https://kind.krx.co.kr/disclosure/disclosurebystocktype.do?method=searchDisclosureByStockTypeEtfSub&forward=disclosurebystocktype_etf_sub&currentPageSize=100&pageIndex=1&orderMode=1&orderStat=D&etfIsuSrtCd=&reportCd=&reportTmp=&etfIsuSrtNm=&reportNm=%EC%8B%A0%EA%B7%9C%EC%83%81%EC%9E%A5&fromDate=2022-10-01&toDate=2022-10-31,"Likely delisted, renamed, or absent from the current master; do not force-map by name."
kind_notice_not_in_current_master,,,,KOSEF 차이나A50커넥트레버리지MSCI(합성H),44593,2022-10-25,20221024000532,https://kind.krx.co.kr/disclosure/disclosurebystocktype.do?method=searchDisclosureByStockTypeEtfSub&forward=disclosurebystocktype_etf_sub&currentPageSize=100&pageIndex=1&orderMode=1&orderStat=D&etfIsuSrtCd=&reportCd=&reportTmp=&etfIsuSrtNm=&reportNm=%EC%8B%A0%EA%B7%9C%EC%83%81%EC%9E%A5&fromDate=2022-10-01&toDate=2022-10-31,"Likely delisted, renamed, or absent from the current master; do not force-map by name."
kind_notice_not_in_current_master,,,,KODEX 23-12 국고채액티브,44831,2022-11-22,20221118000189,https://kind.krx.co.kr/disclosure/disclosurebystocktype.do?method=searchDisclosureByStockTypeEtfSub&forward=disclosurebystocktype_etf_sub&currentPageSize=100&pageIndex=1&orderMode=1&orderStat=D&etfIsuSrtCd=&reportCd=&reportTmp=&etfIsuSrtNm=&reportNm=%EC%8B%A0%EA%B7%9C%EC%83%81%EC%9E%A5&fromDate=2022-11-01&toDate=2022-11-30,"Likely delisted, renamed, or absent from the current master; do not force-map by name."
kind_notice_not_in_current_master,,,,KODEX 23-12 은행채(AA+이상)액티브,44832,2022-11-22,20221118000194,https://kind.krx.co.kr/disclosure/disclosurebystocktype.do?method=searchDisclosureByStockTypeEtfSub&forward=disclosurebystocktype_etf_sub&currentPageSize=100&pageIndex=1&orderMode=1&orderStat=D&etfIsuSrtCd=&reportCd=&reportTmp=&etfIsuSrtNm=&reportNm=%EC%8B%A0%EA%B7%9C%EC%83%81%EC%9E%A5&fromDate=2022-11-01&toDate=2022-11-30,"Likely delisted, renamed, or absent from the current master; do not force-map by name."
kind_notice_not_in_current_master,,,,TIGER 24-10 회사채(A+이상)액티브,44782,2022-11-22,20221118000195,https://kind.krx.co.kr/disclosure/disclosurebystocktype.do?method=searchDisclosureByStockTypeEtfSub&forward=disclosurebystocktype_etf_sub&currentPageSize=100&pageIndex=1&orderMode=1&orderStat=D&etfIsuSrtCd=&reportCd=&reportTmp=&etfIsuSrtNm=&reportNm=%EC%8B%A0%EA%B7%9C%EC%83%81%EC%9E%A5&fromDate=2022-11-01&toDate=2022-11-30,"Likely delisted, renamed, or absent from the current master; do not force-map by name."
kind_notice_not_in_current_master,,,,KBSTAR 23-11 회사채(AA-이상)액티브,44859,2022-11-22,20221118000196,https://kind.krx.co.kr/disclosure/disclosurebystocktype.do?method=searchDisclosureByStockTypeEtfSub&forward=disclosurebystocktype_etf_sub&currentPageSize=100&pageIndex=1&orderMode=1&orderStat=D&etfIsuSrtCd=&reportCd=&reportTmp=&etfIsuSrtNm=&reportNm=%EC%8B%A0%EA%B7%9C%EC%83%81%EC%9E%A5&fromDate=2022-11-01&toDate=2022-11-30,"Likely delisted, renamed, or absent from the current master; do not force-map by name."
kind_notice_not_in_current_master,,,,RISE 25-11 회사채(AA-이상)액티브,44860,2022-11-22,20221118000199,https://kind.krx.co.kr/disclosure/disclosurebystocktype.do?method=searchDisclosureByStockTypeEtfSub&forward=disclosurebystocktype_etf_sub&currentPageSize=100&pageIndex=1&orderMode=1&orderStat=D&etfIsuSrtCd=&reportCd=&reportTmp=&etfIsuSrtNm=&reportNm=%EC%8B%A0%EA%B7%9C%EC%83%81%EC%9E%A5&fromDate=2022-11-01&toDate=2022-11-30,"Likely delisted, renamed, or absent from the current master; do not force-map by name."
kind_notice_not_in_current_master,,,,ACE 23-12 회사채(AA-이상)액티브,44887,2022-11-22,20221118000203,https://kind.krx.co.kr/disclosure/disclosurebystocktype.do?method=searchDisclosureByStockTypeEtfSub&forward=disclosurebystocktype_etf_sub&currentPageSize=100&pageIndex=1&orderMode=1&orderStat=D&etfIsuSrtCd=&reportCd=&reportTmp=&etfIsuSrtNm=&reportNm=%EC%8B%A0%EA%B7%9C%EC%83%81%EC%9E%A5&fromDate=2022-11-01&toDate=2022-11-30,"Likely delisted, renamed, or absent from the current master; do not force-map by name."
kind_notice_not_in_current_master,,,,ACE 24-12 회사채(AA-이상)액티브,44888,2022-11-22,20221118000204,https://kind.krx.co.kr/disclosure/disclosurebystocktype.do?method=searchDisclosureByStockTypeEtfSub&forward=disclosurebystocktype_etf_sub&currentPageSize=100&pageIndex=1&orderMode=1&orderStat=D&etfIsuSrtCd=&reportCd=&reportTmp=&etfIsuSrtNm=&reportNm=%EC%8B%A0%EA%B7%9C%EC%83%81%EC%9E%A5&fromDate=2022-11-01&toDate=2022-11-30,"Likely delisted, renamed, or absent from the current master; do not force-map by name."
kind_notice_not_in_current_master,,,,HANARO 글로벌신재생에너지MSCI(합성),44851,2022-11-30,20221128000054,https://kind.krx.co.kr/disclosure/disclosurebystocktype.do?method=searchDisclosureByStockTypeEtfSub&forward=disclosurebystocktype_etf_sub&currentPageSize=100&pageIndex=1&orderMode=1&orderStat=D&etfIsuSrtCd=&reportCd=&reportTmp=&etfIsuSrtNm=&reportNm=%EC%8B%A0%EA%B7%9C%EC%83%81%EC%9E%A5&fromDate=2022-11-01&toDate=2022-11-30,"Likely delisted, renamed, or absent from the current master; do not force-map by name."
kind_notice_not_in_current_master,,,,TIGER 23-12 국공채액티브,44778,2022-12-09,20221207000027,https://kind.krx.co.kr/disclosure/disclosurebystocktype.do?method=searchDisclosureByStockTypeEtfSub&forward=disclosurebystocktype_etf_sub&currentPageSize=100&pageIndex=1&orderMode=1&orderStat=D&etfIsuSrtCd=&reportCd=&reportTmp=&etfIsuSrtNm=&reportNm=%EC%8B%A0%EA%B7%9C%EC%83%81%EC%9E%A5&fromDate=2022-12-01&toDate=2022-12-31,"Likely delisted, renamed, or absent from the current master; do not force-map by name."
kind_notice_not_in_current_master,,,,SOL 24-06 국고채액티브,44954,2022-12-16,20221214000055,https://kind.krx.co.kr/disclosure/disclosurebystocktype.do?method=searchDisclosureByStockTypeEtfSub&forward=disclosurebystocktype_etf_sub&currentPageSize=100&pageIndex=1&orderMode=1&orderStat=D&etfIsuSrtCd=&reportCd=&reportTmp=&etfIsuSrtNm=&reportNm=%EC%8B%A0%EA%B7%9C%EC%83%81%EC%9E%A5&fromDate=2022-12-01&toDate=2022-12-31,"Likely delisted, renamed, or absent from the current master; do not force-map by name."
kind_notice_not_in_current_master,,,,KIWOOM SK그룹대표주,45012,2022-12-23,20221221000146,https://kind.krx.co.kr/disclosure/disclosurebystocktype.do?method=searchDisclosureByStockTypeEtfSub&forward=disclosurebystocktype_etf_sub&currentPageSize=100&pageIndex=1&orderMode=1&orderStat=D&etfIsuSrtCd=&reportCd=&reportTmp=&etfIsuSrtNm=&reportNm=%EC%8B%A0%EA%B7%9C%EC%83%81%EC%9E%A5&fromDate=2022-12-01&toDate=2022-12-31,"Likely delisted, renamed, or absent from the current master; do not force-map by name."
kind_notice_not_in_current_master,,,,VITA 밸류알파액티브,45244,2023-02-21,20230217000048,https://kind.krx.co.kr/disclosure/disclosurebystocktype.do?method=searchDisclosureByStockTypeEtfSub&forward=disclosurebystocktype_etf_sub&currentPageSize=100&pageIndex=1&orderMode=1&orderStat=D&etfIsuSrtCd=&reportCd=&reportTmp=&etfIsuSrtNm=&reportNm=%EC%8B%A0%EA%B7%9C%EC%83%81%EC%9E%A5&fromDate=2023-02-01&toDate=2023-02-28,"Likely delisted, renamed, or absent from the current master; do not force-map by name."
kind_notice_not_in_current_master,,,,TIGER 24-04 회사채(A+이상)액티브,45353,2023-03-23,20230321000126,https://kind.krx.co.kr/disclosure/disclosurebystocktype.do?method=searchDisclosureByStockTypeEtfSub&forward=disclosurebystocktype_etf_sub&currentPageSize=100&pageIndex=1&orderMode=1&orderStat=D&etfIsuSrtCd=&reportCd=&reportTmp=&etfIsuSrtNm=&reportNm=%EC%8B%A0%EA%B7%9C%EC%83%81%EC%9E%A5&fromDate=2023-03-01&toDate=2023-03-31,"Likely delisted, renamed, or absent from the current master; do not force-map by name."
kind_notice_not_in_current_master,,,,TIGER 25-10 회사채(A+이상)액티브,45354,2023-03-23,20230321000128,https://kind.krx.co.kr/disclosure/disclosurebystocktype.do?method=searchDisclosureByStockTypeEtfSub&forward=disclosurebystocktype_etf_sub&currentPageSize=100&pageIndex=1&orderMode=1&orderStat=D&etfIsuSrtCd=&reportCd=&reportTmp=&etfIsuSrtNm=&reportNm=%EC%8B%A0%EA%B7%9C%EC%83%81%EC%9E%A5&fromDate=2023-03-01&toDate=2023-03-31,"Likely delisted, renamed, or absent from the current master; do not force-map by name."
kind_notice_not_in_current_master,,,,HANARO 유로존국채25년플러스(합성 H),45610,2023-05-16,20230512000691,https://kind.krx.co.kr/disclosure/disclosurebystocktype.do?method=searchDisclosureByStockTypeEtfSub&forward=disclosurebystocktype_etf_sub&currentPageSize=100&pageIndex=1&orderMode=1&orderStat=D&etfIsuSrtCd=&reportCd=&reportTmp=&etfIsuSrtNm=&reportNm=%EC%8B%A0%EA%B7%9C%EC%83%81%EC%9E%A5&fromDate=2023-05-01&toDate=2023-05-31,"Likely delisted, renamed, or absent from the current master; do not force-map by name."
kind_notice_not_in_current_master,,,,ACE 25-06 회사채(AA-이상)액티브,46126,2023-06-20,20230616000099,https://kind.krx.co.kr/disclosure/disclosurebystocktype.do?method=searchDisclosureByStockTypeEtfSub&forward=disclosurebystocktype_etf_sub&currentPageSize=100&pageIndex=1&orderMode=1&orderStat=D&etfIsuSrtCd=&reportCd=&reportTmp=&etfIsuSrtNm=&reportNm=%EC%8B%A0%EA%B7%9C%EC%83%81%EC%9E%A5&fromDate=2023-06-01&toDate=2023-06-30,"Likely delisted, renamed, or absent from the current master; do not force-map by name."
kind_notice_not_in_current_master,,,,ACE 26-06 회사채(AA-이상)액티브,46127,2023-06-20,20230616000101,https://kind.krx.co.kr/disclosure/disclosurebystocktype.do?method=searchDisclosureByStockTypeEtfSub&forward=disclosurebystocktype_etf_sub&currentPageSize=100&pageIndex=1&orderMode=1&orderStat=D&etfIsuSrtCd=&reportCd=&reportTmp=&etfIsuSrtNm=&reportNm=%EC%8B%A0%EA%B7%9C%EC%83%81%EC%9E%A5&fromDate=2023-06-01&toDate=2023-06-30,"Likely delisted, renamed, or absent from the current master; do not force-map by name."
kind_notice_not_in_current_master,,,,SOL 유럽탄소배출권선물인버스ICE(H),45937,2023-06-20,20230616000103,https://kind.krx.co.kr/disclosure/disclosurebystocktype.do?method=searchDisclosureByStockTypeEtfSub&forward=disclosurebystocktype_etf_sub&currentPageSize=100&pageIndex=1&orderMode=1&orderStat=D&etfIsuSrtCd=&reportCd=&reportTmp=&etfIsuSrtNm=&reportNm=%EC%8B%A0%EA%B7%9C%EC%83%81%EC%9E%A5&fromDate=2023-06-01&toDate=2023-06-30,"Likely delisted, renamed, or absent from the current master; do not force-map by name."
kind_notice_not_in_current_master,,,,KIWOOM Fn유전자혁신기술,46028,2023-06-27,20230623000288,https://kind.krx.co.kr/disclosure/disclosurebystocktype.do?method=searchDisclosureByStockTypeEtfSub&forward=disclosurebystocktype_etf_sub&currentPageSize=100&pageIndex=1&orderMode=1&orderStat=D&etfIsuSrtCd=&reportCd=&reportTmp=&etfIsuSrtNm=&reportNm=%EC%8B%A0%EA%B7%9C%EC%83%81%EC%9E%A5&fromDate=2023-06-01&toDate=2023-06-30,"Likely delisted, renamed, or absent from the current master; do not force-map by name."
kind_notice_not_in_current_master,,,,HANARO 글로벌반도체TOP10 SOLACTIVE,46406,2023-08-01,20230728000081,https://kind.krx.co.kr/disclosure/disclosurebystocktype.do?method=searchDisclosureByStockTypeEtfSub&forward=disclosurebystocktype_etf_sub&currentPageSize=100&pageIndex=1&orderMode=1&orderStat=D&etfIsuSrtCd=&reportCd=&reportTmp=&etfIsuSrtNm=&reportNm=%EC%8B%A0%EA%B7%9C%EC%83%81%EC%9E%A5&fromDate=2023-07-01&toDate=2023-07-31,"Likely delisted, renamed, or absent from the current master; do not force-map by name."
kind_notice_not_in_current_master,,,,SOL 25-09 회사채(AA-이상)액티브,46254,2023-08-08,20230804000155,https://kind.krx.co.kr/disclosure/disclosurebystocktype.do?method=searchDisclosureByStockTypeEtfSub&forward=disclosurebystocktype_etf_sub&currentPageSize=100&pageIndex=1&orderMode=1&orderStat=D&etfIsuSrtCd=&reportCd=&reportTmp=&etfIsuSrtNm=&reportNm=%EC%8B%A0%EA%B7%9C%EC%83%81%EC%9E%A5&fromDate=2023-08-01&toDate=2023-08-31,"Likely delisted, renamed, or absent from the current master; do not force-map by name."
kind_notice_not_in_current_master,,,,히어로즈 24-09 회사채(AA-이상)액티브,46423,2023-08-17,20230814000623,https://kind.krx.co.kr/disclosure/disclosurebystocktype.do?method=searchDisclosureByStockTypeEtfSub&forward=disclosurebystocktype_etf_sub&currentPageSize=100&pageIndex=1&orderMode=1&orderStat=D&etfIsuSrtCd=&reportCd=&reportTmp=&etfIsuSrtNm=&reportNm=%EC%8B%A0%EA%B7%9C%EC%83%81%EC%9E%A5&fromDate=2023-08-01&toDate=2023-08-31,"Likely delisted, renamed, or absent from the current master; do not force-map by name."
kind_notice_not_in_current_master,,,,RISE 25-03 회사채(AA-이상)액티브,46454,2023-08-17,20230814002095,https://kind.krx.co.kr/disclosure/disclosurebystocktype.do?method=searchDisclosureByStockTypeEtfSub&forward=disclosurebystocktype_etf_sub&currentPageSize=100&pageIndex=1&orderMode=1&orderStat=D&etfIsuSrtCd=&reportCd=&reportTmp=&etfIsuSrtNm=&reportNm=%EC%8B%A0%EA%B7%9C%EC%83%81%EC%9E%A5&fromDate=2023-08-01&toDate=2023-08-31,"Likely delisted, renamed, or absent from the current master; do not force-map by name."
kind_notice_not_in_current_master,,,,KODEX 24-12 은행채(AA+이상)액티브,46568,2023-09-12,20230908000578,https://kind.krx.co.kr/disclosure/disclosurebystocktype.do?method=searchDisclosureByStockTypeEtfSub&forward=disclosurebystocktype_etf_sub&currentPageSize=100&pageIndex=1&orderMode=1&orderStat=D&etfIsuSrtCd=&reportCd=&reportTmp=&etfIsuSrtNm=&reportNm=%EC%8B%A0%EA%B7%9C%EC%83%81%EC%9E%A5&fromDate=2023-09-01&toDate=2023-09-30,"Likely delisted, renamed, or absent from the current master; do not force-map by name."
kind_notice_not_in_current_master,,,,1Q 25-08 회사채(A+이상)액티브,46640,2023-09-19,20230915000085,https://kind.krx.co.kr/disclosure/disclosurebystocktype.do?method=searchDisclosureByStockTypeEtfSub&forward=disclosurebystocktype_etf_sub&currentPageSize=100&pageIndex=1&orderMode=1&orderStat=D&etfIsuSrtCd=&reportCd=&reportTmp=&etfIsuSrtNm=&reportNm=%EC%8B%A0%EA%B7%9C%EC%83%81%EC%9E%A5&fromDate=2023-09-01&toDate=2023-09-30,"Likely delisted, renamed, or absent from the current master; do not force-map by name."
kind_notice_not_in_current_master,,,,KODEX 25-11 회사채(A+이상)액티브,46794,2023-10-11,20231006000443,https://kind.krx.co.kr/disclosure/disclosurebystocktype.do?method=searchDisclosureByStockTypeEtfSub&forward=disclosurebystocktype_etf_sub&currentPageSize=100&pageIndex=1&orderMode=1&orderStat=D&etfIsuSrtCd=&reportCd=&reportTmp=&etfIsuSrtNm=&reportNm=%EC%8B%A0%EA%B7%9C%EC%83%81%EC%9E%A5&fromDate=2023-10-01&toDate=2023-10-31,"Likely delisted, renamed, or absent from the current master; do not force-map by name."
kind_notice_not_in_current_master,,,,KIWOOM 25-09 미국채권(AA-이상)액티브,46762,2023-10-17,20231013000493,https://kind.krx.co.kr/disclosure/disclosurebystocktype.do?method=searchDisclosureByStockTypeEtfSub&forward=disclosurebystocktype_etf_sub&currentPageSize=100&pageIndex=1&orderMode=1&orderStat=D&etfIsuSrtCd=&reportCd=&reportTmp=&etfIsuSrtNm=&reportNm=%EC%8B%A0%EA%B7%9C%EC%83%81%EC%9E%A5&fromDate=2023-10-01&toDate=2023-10-31,"Likely delisted, renamed, or absent from the current master; do not force-map by name."
kind_notice_not_in_current_master,,,,WON 25-09 회사채(AA-이상)액티브,46882,2023-10-19,20231017000463,https://kind.krx.co.kr/disclosure/disclosurebystocktype.do?method=searchDisclosureByStockTypeEtfSub&forward=disclosurebystocktype_etf_sub&currentPageSize=100&pageIndex=1&orderMode=1&orderStat=D&etfIsuSrtCd=&reportCd=&reportTmp=&etfIsuSrtNm=&reportNm=%EC%8B%A0%EA%B7%9C%EC%83%81%EC%9E%A5&fromDate=2023-10-01&toDate=2023-10-31,"Likely delisted, renamed, or absent from the current master; do not force-map by name."
kind_notice_not_in_current_master,,,,KIWOOM 코스닥글로벌,46754,2023-10-24,20231020000383,https://kind.krx.co.kr/disclosure/disclosurebystocktype.do?method=searchDisclosureByStockTypeEtfSub&forward=disclosurebystocktype_etf_sub&currentPageSize=100&pageIndex=1&orderMode=1&orderStat=D&etfIsuSrtCd=&reportCd=&reportTmp=&etfIsuSrtNm=&reportNm=%EC%8B%A0%EA%B7%9C%EC%83%81%EC%9E%A5&fromDate=2023-10-01&toDate=2023-10-31,"Likely delisted, renamed, or absent from the current master; do not force-map by name."
kind_notice_not_in_current_master,,,,SOL 24-12 회사채(AA-이상)액티브,46982,2023-11-07,20231103000068,https://kind.krx.co.kr/disclosure/disclosurebystocktype.do?method=searchDisclosureByStockTypeEtfSub&forward=disclosurebystocktype_etf_sub&currentPageSize=100&pageIndex=1&orderMode=1&orderStat=D&etfIsuSrtCd=&reportCd=&reportTmp=&etfIsuSrtNm=&reportNm=%EC%8B%A0%EA%B7%9C%EC%83%81%EC%9E%A5&fromDate=2023-11-01&toDate=2023-11-30,"Likely delisted, renamed, or absent from the current master; do not force-map by name."
kind_notice_not_in_current_master,,,,RISE KP달러채권액티브,46958,2023-11-09,20231107000412,https://kind.krx.co.kr/disclosure/disclosurebystocktype.do?method=searchDisclosureByStockTypeEtfSub&forward=disclosurebystocktype_etf_sub&currentPageSize=100&pageIndex=1&orderMode=1&orderStat=D&etfIsuSrtCd=&reportCd=&reportTmp=&etfIsuSrtNm=&reportNm=%EC%8B%A0%EA%B7%9C%EC%83%81%EC%9E%A5&fromDate=2023-11-01&toDate=2023-11-30,"Likely delisted, renamed, or absent from the current master; do not force-map by name."
kind_notice_not_in_current_master,,,,HANARO CD금리액티브(합성),47129,2023-11-14,20231110000235,https://kind.krx.co.kr/disclosure/disclosurebystocktype.do?method=searchDisclosureByStockTypeEtfSub&forward=disclosurebystocktype_etf_sub&currentPageSize=100&pageIndex=1&orderMode=1&orderStat=D&etfIsuSrtCd=&reportCd=&reportTmp=&etfIsuSrtNm=&reportNm=%EC%8B%A0%EA%B7%9C%EC%83%81%EC%9E%A5&fromDate=2023-11-01&toDate=2023-11-30,"Likely delisted, renamed, or absent from the current master; do not force-map by name."
kind_notice_not_in_current_master,,,,BNK 24-11 회사채(AA-이상)액티브,47032,2023-11-14,20231110000317,https://kind.krx.co.kr/disclosure/disclosurebystocktype.do?method=searchDisclosureByStockTypeEtfSub&forward=disclosurebystocktype_etf_sub&currentPageSize=100&pageIndex=1&orderMode=1&orderStat=D&etfIsuSrtCd=&reportCd=&reportTmp=&etfIsuSrtNm=&reportNm=%EC%8B%A0%EA%B7%9C%EC%83%81%EC%9E%A5&fromDate=2023-11-01&toDate=2023-11-30,"Likely delisted, renamed, or absent from the current master; do not force-map by name."
kind_notice_not_in_current_master,,,,TIGER 24-12 금융채(AA-이상),47026,2023-11-21,20231117000084,https://kind.krx.co.kr/disclosure/disclosurebystocktype.do?method=searchDisclosureByStockTypeEtfSub&forward=disclosurebystocktype_etf_sub&currentPageSize=100&pageIndex=1&orderMode=1&orderStat=D&etfIsuSrtCd=&reportCd=&reportTmp=&etfIsuSrtNm=&reportNm=%EC%8B%A0%EA%B7%9C%EC%83%81%EC%9E%A5&fromDate=2023-11-01&toDate=2023-11-30,"Likely delisted, renamed, or absent from the current master; do not force-map by name."
kind_notice_not_in_current_master,,,,HANARO 미국애그테크,47249,2023-11-28,20231124000241,https://kind.krx.co.kr/disclosure/disclosurebystocktype.do?method=searchDisclosureByStockTypeEtfSub&forward=disclosurebystocktype_etf_sub&currentPageSize=100&pageIndex=1&orderMode=1&orderStat=D&etfIsuSrtCd=&reportCd=&reportTmp=&etfIsuSrtNm=&reportNm=%EC%8B%A0%EA%B7%9C%EC%83%81%EC%9E%A5&fromDate=2023-11-01&toDate=2023-11-30,"Likely delisted, renamed, or absent from the current master; do not force-map by name."
kind_notice_not_in_current_master,,,,1Q 차이나H(H),47235,2023-12-12,20231208000307,https://kind.krx.co.kr/disclosure/disclosurebystocktype.do?method=searchDisclosureByStockTypeEtfSub&forward=disclosurebystocktype_etf_sub&currentPageSize=100&pageIndex=1&orderMode=1&orderStat=D&etfIsuSrtCd=&reportCd=&reportTmp=&etfIsuSrtNm=&reportNm=%EC%8B%A0%EA%B7%9C%EC%83%81%EC%9E%A5&fromDate=2023-12-01&toDate=2023-12-31,"Likely delisted, renamed, or absent from the current master; do not force-map by name."
kind_notice_not_in_current_master,,,,HANARO K-메디테크,47338,2023-12-21,20231219000229,https://kind.krx.co.kr/disclosure/disclosurebystocktype.do?method=searchDisclosureByStockTypeEtfSub&forward=disclosurebystocktype_etf_sub&currentPageSize=100&pageIndex=1&orderMode=1&orderStat=D&etfIsuSrtCd=&reportCd=&reportTmp=&etfIsuSrtNm=&reportNm=%EC%8B%A0%EA%B7%9C%EC%83%81%EC%9E%A5&fromDate=2023-12-01&toDate=2023-12-31,"Likely delisted, renamed, or absent from the current master; do not force-map by name."
kind_notice_not_in_current_master,,,,KIWOOM 글로벌전력반도체,47350,2023-12-21,20231219000230,https://kind.krx.co.kr/disclosure/disclosurebystocktype.do?method=searchDisclosureByStockTypeEtfSub&forward=disclosurebystocktype_etf_sub&currentPageSize=100&pageIndex=1&orderMode=1&orderStat=D&etfIsuSrtCd=&reportCd=&reportTmp=&etfIsuSrtNm=&reportNm=%EC%8B%A0%EA%B7%9C%EC%83%81%EC%9E%A5&fromDate=2023-12-01&toDate=2023-12-31,"Likely delisted, renamed, or absent from the current master; do not force-map by name."
kind_notice_not_in_current_master,,,,KODEX 25-11 은행채(AA-이상)PLUS액티브,47681,2024-03-05,20240229000502,https://kind.krx.co.kr/disclosure/disclosurebystocktype.do?method=searchDisclosureByStockTypeEtfSub&forward=disclosurebystocktype_etf_sub&currentPageSize=100&pageIndex=1&orderMode=1&orderStat=D&etfIsuSrtCd=&reportCd=&reportTmp=&etfIsuSrtNm=&reportNm=%EC%8B%A0%EA%B7%9C%EC%83%81%EC%9E%A5&fromDate=2024-02-01&toDate=2024-02-29,"Likely delisted, renamed, or absent from the current master; do not force-map by name."
kind_notice_not_in_current_master,,,,SOL 미국테크TOP10인버스(합성),48120,2024-05-21,20240517000136,https://kind.krx.co.kr/disclosure/disclosurebystocktype.do?method=searchDisclosureByStockTypeEtfSub&forward=disclosurebystocktype_etf_sub&currentPageSize=100&pageIndex=1&orderMode=1&orderStat=D&etfIsuSrtCd=&reportCd=&reportTmp=&etfIsuSrtNm=&reportNm=%EC%8B%A0%EA%B7%9C%EC%83%81%EC%9E%A5&fromDate=2024-05-01&toDate=2024-05-31,"Likely delisted, renamed, or absent from the current master; do not force-map by name."
kind_notice_not_in_current_master,,,,HANARO 주주가치성장코리아액티브,48287,2024-06-11,20240607000096,https://kind.krx.co.kr/disclosure/disclosurebystocktype.do?method=searchDisclosureByStockTypeEtfSub&forward=disclosurebystocktype_etf_sub&currentPageSize=100&pageIndex=1&orderMode=1&orderStat=D&etfIsuSrtCd=&reportCd=&reportTmp=&etfIsuSrtNm=&reportNm=%EC%8B%A0%EA%B7%9C%EC%83%81%EC%9E%A5&fromDate=2024-06-01&toDate=2024-06-30,"Likely delisted, renamed, or absent from the current master; do not force-map by name."
kind_notice_not_in_current_master,,,,ACE 애플밸류체인액티브,48342,2024-06-11,20240607000097,https://kind.krx.co.kr/disclosure/disclosurebystocktype.do?method=searchDisclosureByStockTypeEtfSub&forward=disclosurebystocktype_etf_sub&currentPageSize=100&pageIndex=1&orderMode=1&orderStat=D&etfIsuSrtCd=&reportCd=&reportTmp=&etfIsuSrtNm=&reportNm=%EC%8B%A0%EA%B7%9C%EC%83%81%EC%9E%A5&fromDate=2024-06-01&toDate=2024-06-30,"Likely delisted, renamed, or absent from the current master; do not force-map by name."
kind_notice_not_in_current_master,,,,RISE 25-06 은행채(AA+이상)액티브,48323,2024-06-18,20240614000246,https://kind.krx.co.kr/disclosure/disclosurebystocktype.do?method=searchDisclosureByStockTypeEtfSub&forward=disclosurebystocktype_etf_sub&currentPageSize=100&pageIndex=1&orderMode=1&orderStat=D&etfIsuSrtCd=&reportCd=&reportTmp=&etfIsuSrtNm=&reportNm=%EC%8B%A0%EA%B7%9C%EC%83%81%EC%9E%A5&fromDate=2024-06-01&toDate=2024-06-30,"Likely delisted, renamed, or absent from the current master; do not force-map by name."
kind_notice_not_in_current_master,,,,HANARO 200선물레버리지1.5X,48678,2024-07-09,20240705000190,https://kind.krx.co.kr/disclosure/disclosurebystocktype.do?method=searchDisclosureByStockTypeEtfSub&forward=disclosurebystocktype_etf_sub&currentPageSize=100&pageIndex=1&orderMode=1&orderStat=D&etfIsuSrtCd=&reportCd=&reportTmp=&etfIsuSrtNm=&reportNm=%EC%8B%A0%EA%B7%9C%EC%83%81%EC%9E%A5&fromDate=2024-07-01&toDate=2024-07-31,"Likely delisted, renamed, or absent from the current master; do not force-map by name."
kind_notice_not_in_current_master,,,,HANARO 코스닥150선물레버리지1.5X,48679,2024-07-09,20240705000191,https://kind.krx.co.kr/disclosure/disclosurebystocktype.do?method=searchDisclosureByStockTypeEtfSub&forward=disclosurebystocktype_etf_sub&currentPageSize=100&pageIndex=1&orderMode=1&orderStat=D&etfIsuSrtCd=&reportCd=&reportTmp=&etfIsuSrtNm=&reportNm=%EC%8B%A0%EA%B7%9C%EC%83%81%EC%9E%A5&fromDate=2024-07-01&toDate=2024-07-31,"Likely delisted, renamed, or absent from the current master; do not force-map by name."
kind_notice_not_in_current_master,,,,KODEX 25-12 은행채(AAA)액티브,49108,2024-09-10,20240906000074,https://kind.krx.co.kr/disclosure/disclosurebystocktype.do?method=searchDisclosureByStockTypeEtfSub&forward=disclosurebystocktype_etf_sub&currentPageSize=100&pageIndex=1&orderMode=1&orderStat=D&etfIsuSrtCd=&reportCd=&reportTmp=&etfIsuSrtNm=&reportNm=%EC%8B%A0%EA%B7%9C%EC%83%81%EC%9E%A5&fromDate=2024-09-01&toDate=2024-09-30,"Likely delisted, renamed, or absent from the current master; do not force-map by name."
kind_notice_not_in_current_master,,,,KIWOOM 25-09 회사채(AA-이상)액티브,48987,2024-09-24,20240920000162,https://kind.krx.co.kr/disclosure/disclosurebystocktype.do?method=searchDisclosureByStockTypeEtfSub&forward=disclosurebystocktype_etf_sub&currentPageSize=100&pageIndex=1&orderMode=1&orderStat=D&etfIsuSrtCd=&reportCd=&reportTmp=&etfIsuSrtNm=&reportNm=%EC%8B%A0%EA%B7%9C%EC%83%81%EC%9E%A5&fromDate=2024-09-01&toDate=2024-09-30,"Likely delisted, renamed, or absent from the current master; do not force-map by name."
kind_notice_not_in_current_master,,,,HANARO 25-12 은행채(AA+이상)액티브,48957,2024-10-15,20241011000013,https://kind.krx.co.kr/disclosure/disclosurebystocktype.do?method=searchDisclosureByStockTypeEtfSub&forward=disclosurebystocktype_etf_sub&currentPageSize=100&pageIndex=1&orderMode=1&orderStat=D&etfIsuSrtCd=&reportCd=&reportTmp=&etfIsuSrtNm=&reportNm=%EC%8B%A0%EA%B7%9C%EC%83%81%EC%9E%A5&fromDate=2024-10-01&toDate=2024-10-31,"Likely delisted, renamed, or absent from the current master; do not force-map by name."
kind_notice_not_in_current_master,,,,TIGER 25-12 금융채(AA-이상),49490,2024-10-29,20241025000127,https://kind.krx.co.kr/disclosure/disclosurebystocktype.do?method=searchDisclosureByStockTypeEtfSub&forward=disclosurebystocktype_etf_sub&currentPageSize=100&pageIndex=1&orderMode=1&orderStat=D&etfIsuSrtCd=&reportCd=&reportTmp=&etfIsuSrtNm=&reportNm=%EC%8B%A0%EA%B7%9C%EC%83%81%EC%9E%A5&fromDate=2024-10-01&toDate=2024-10-31,"Likely delisted, renamed, or absent from the current master; do not force-map by name."
kind_notice_not_in_current_master,,,,TIGER 미국나스닥100ETF선물,48324,2024-11-19,20241115000102,https://kind.krx.co.kr/disclosure/disclosurebystocktype.do?method=searchDisclosureByStockTypeEtfSub&forward=disclosurebystocktype_etf_sub&currentPageSize=100&pageIndex=1&orderMode=1&orderStat=D&etfIsuSrtCd=&reportCd=&reportTmp=&etfIsuSrtNm=&reportNm=%EC%8B%A0%EA%B7%9C%EC%83%81%EC%9E%A5&fromDate=2024-11-01&toDate=2024-11-30,"Likely delisted, renamed, or absent from the current master; do not force-map by name."
kind_notice_not_in_current_master,,,,BNK 26-06 특수채(AAA이상)액티브,49571,2024-12-03,20241129000085,https://kind.krx.co.kr/disclosure/disclosurebystocktype.do?method=searchDisclosureByStockTypeEtfSub&forward=disclosurebystocktype_etf_sub&currentPageSize=100&pageIndex=1&orderMode=1&orderStat=D&etfIsuSrtCd=&reportCd=&reportTmp=&etfIsuSrtNm=&reportNm=%EC%8B%A0%EA%B7%9C%EC%83%81%EC%9E%A5&fromDate=2024-11-01&toDate=2024-11-30,"Likely delisted, renamed, or absent from the current master; do not force-map by name."
kind_notice_not_in_current_master,,,,TIGER 26-04 회사채(A+이상)액티브,0001S,2024-12-24,20241220000053,https://kind.krx.co.kr/disclosure/disclosurebystocktype.do?method=searchDisclosureByStockTypeEtfSub&forward=disclosurebystocktype_etf_sub&currentPageSize=100&pageIndex=1&orderMode=1&orderStat=D&etfIsuSrtCd=&reportCd=&reportTmp=&etfIsuSrtNm=&reportNm=%EC%8B%A0%EA%B7%9C%EC%83%81%EC%9E%A5&fromDate=2024-12-01&toDate=2024-12-31,"Likely delisted, renamed, or absent from the current master; do not force-map by name."
kind_notice_not_in_current_master,,,,ACE FTSE WGBI Korea,0010E,2025-02-18,20250214000509,https://kind.krx.co.kr/disclosure/disclosurebystocktype.do?method=searchDisclosureByStockTypeEtfSub&forward=disclosurebystocktype_etf_sub&currentPageSize=100&pageIndex=1&orderMode=1&orderStat=D&etfIsuSrtCd=&reportCd=&reportTmp=&etfIsuSrtNm=&reportNm=%EC%8B%A0%EA%B7%9C%EC%83%81%EC%9E%A5&fromDate=2025-02-01&toDate=2025-02-28,"Likely delisted, renamed, or absent from the current master; do not force-map by name."
kind_notice_not_in_current_master,,,,ACE TDF2030액티브 적격,0021D,2025-03-11,20250307001437,https://kind.krx.co.kr/disclosure/disclosurebystocktype.do?method=searchDisclosureByStockTypeEtfSub&forward=disclosurebystocktype_etf_sub&currentPageSize=100&pageIndex=1&orderMode=1&orderStat=D&etfIsuSrtCd=&reportCd=&reportTmp=&etfIsuSrtNm=&reportNm=%EC%8B%A0%EA%B7%9C%EC%83%81%EC%9E%A5&fromDate=2025-03-01&toDate=2025-03-31,"Likely delisted, renamed, or absent from the current master; do not force-map by name."
kind_notice_not_in_current_master,,,,ACE TDF2050액티브 적격,0021E,2025-03-11,20250307001439,https://kind.krx.co.kr/disclosure/disclosurebystocktype.do?method=searchDisclosureByStockTypeEtfSub&forward=disclosurebystocktype_etf_sub&currentPageSize=100&pageIndex=1&orderMode=1&orderStat=D&etfIsuSrtCd=&reportCd=&reportTmp=&etfIsuSrtNm=&reportNm=%EC%8B%A0%EA%B7%9C%EC%83%81%EC%9E%A5&fromDate=2025-03-01&toDate=2025-03-31,"Likely delisted, renamed, or absent from the current master; do not force-map by name."
kind_notice_not_in_current_master,,,,ACE TDF장기자산배분액티브,0021C,2025-03-11,20250307001441,https://kind.krx.co.kr/disclosure/disclosurebystocktype.do?method=searchDisclosureByStockTypeEtfSub&forward=disclosurebystocktype_etf_sub&currentPageSize=100&pageIndex=1&orderMode=1&orderStat=D&etfIsuSrtCd=&reportCd=&reportTmp=&etfIsuSrtNm=&reportNm=%EC%8B%A0%EA%B7%9C%EC%83%81%EC%9E%A5&fromDate=2025-03-01&toDate=2025-03-31,"Likely delisted, renamed, or absent from the current master; do not force-map by name."
kind_notice_not_in_current_master,,,,ACE 반도체Plus전략산업,0228G,2026-08-11,20260807000331,https://kind.krx.co.kr/disclosure/disclosurebystocktype.do?method=searchDisclosureByStockTypeEtfSub&forward=disclosurebystocktype_etf_sub&currentPageSize=100&pageIndex=1&orderMode=1&orderStat=D&etfIsuSrtCd=&reportCd=&reportTmp=&etfIsuSrtNm=&reportNm=%EC%8B%A0%EA%B7%9C%EC%83%81%EC%9E%A5&fromDate=2026-08-01&toDate=2026-08-14,"Likely delisted, renamed, or absent from the current master; do not force-map by name."
kind_notice_not_in_current_master,,,,FOCUS 금융반도체지주채권혼합50액티브,0226D,2026-08-11,20260807000424,https://kind.krx.co.kr/disclosure/disclosurebystocktype.do?method=searchDisclosureByStockTypeEtfSub&forward=disclosurebystocktype_etf_sub&currentPageSize=100&pageIndex=1&orderMode=1&orderStat=D&etfIsuSrtCd=&reportCd=&reportTmp=&etfIsuSrtNm=&reportNm=%EC%8B%A0%EA%B7%9C%EC%83%81%EC%9E%A5&fromDate=2026-08-01&toDate=2026-08-14,"Likely delisted, renamed, or absent from the current master; do not force-map by name."
kind_notice_not_in_current_master,,,,RISE 미국우주위성통신,0227K,2026-08-11,20260807000431,https://kind.krx.co.kr/disclosure/disclosurebystocktype.do?method=searchDisclosureByStockTypeEtfSub&forward=disclosurebystocktype_etf_sub&currentPageSize=100&pageIndex=1&orderMode=1&orderStat=D&etfIsuSrtCd=&reportCd=&reportTmp=&etfIsuSrtNm=&reportNm=%EC%8B%A0%EA%B7%9C%EC%83%81%EC%9E%A5&fromDate=2026-08-01&toDate=2026-08-14,"Likely delisted, renamed, or absent from the current master; do not force-map by name."
