ticker_name,kind_ticker_code,listing_date,filed_at,kind_receipt_no,report_title,kind_search_url,source_type,verification_status,collected_at
TIGER 브릭스,10502,2008-08-27,2008-08-26 18:14,20080826000427,"신규상장(미래에셋 TIGER 브릭스 상장지수투자신탁, 상장일 2008.08.27)",https://kind.krx.co.kr/disclosure/disclosurebystocktype.do?method=searchDisclosureByStockTypeEtfSub&forward=disclosurebystocktype_etf_sub&currentPageSize=100&pageIndex=1&orderMode=1&orderStat=D&etfIsuSrtCd=&reportCd=&reportTmp=&etfIsuSrtNm=&reportNm=%EC%8B%A0%EA%B7%9C%EC%83%81%EC%9E%A5&fromDate=2008-08-01&toDate=2008-08-31,kind_listing_notice_title,official_notice_pending_isin,2026-08-14T07:26:02+00:00
TIGER 라틴35,10501,2008-08-27,2008-08-26 18:13,20080826000429,"신규상장(미래에셋 TIGER 라틴 상장지수투자신탁, 상장일 2008.08.27)",https://kind.krx.co.kr/disclosure/disclosurebystocktype.do?method=searchDisclosureByStockTypeEtfSub&forward=disclosurebystocktype_etf_sub&currentPageSize=100&pageIndex=1&orderMode=1&orderStat=D&etfIsuSrtCd=&reportCd=&reportTmp=&etfIsuSrtNm=&reportNm=%EC%8B%A0%EA%B7%9C%EC%83%81%EC%9E%A5&fromDate=2008-08-01&toDate=2008-08-31,kind_listing_notice_title,official_notice_pending_isin,2026-08-14T07:26:02+00:00
KODEX 15,10545,2008-09-25,2008-09-23 13:40,20080923000085,"신규상장(삼성 KODEX 15 상장지수투자신탁보통주, 상장일 2008.09.25)",https://kind.krx.co.kr/disclosure/disclosurebystocktype.do?method=searchDisclosureByStockTypeEtfSub&forward=disclosurebystocktype_etf_sub&currentPageSize=100&pageIndex=1&orderMode=1&orderStat=D&etfIsuSrtCd=&reportCd=&reportTmp=&etfIsuSrtNm=&reportNm=%EC%8B%A0%EA%B7%9C%EC%83%81%EC%9E%A5&fromDate=2008-09-01&toDate=2008-09-30,kind_listing_notice_title,official_notice_pending_isin,2026-08-14T07:26:02+00:00
KINDEX 성장대형F15,10527,2008-09-25,2008-09-23 13:40,20080923000086,"신규상장(한국KINDEX F15 상장지수투자신탁보통주, 상장일 2008.09.25)",https://kind.krx.co.kr/disclosure/disclosurebystocktype.do?method=searchDisclosureByStockTypeEtfSub&forward=disclosurebystocktype_etf_sub&currentPageSize=100&pageIndex=1&orderMode=1&orderStat=D&etfIsuSrtCd=&reportCd=&reportTmp=&etfIsuSrtNm=&reportNm=%EC%8B%A0%EA%B7%9C%EC%83%81%EC%9E%A5&fromDate=2008-09-01&toDate=2008-09-30,kind_listing_notice_title,official_notice_pending_isin,2026-08-14T07:26:02+00:00
ACE 200,10519,2008-09-25,2008-09-23 13:39,20080923000088,"신규상장(한국 KINDEX200 상장지수투자신탁보통주, 상장일 2008.09.25)",https://kind.krx.co.kr/disclosure/disclosurebystocktype.do?method=searchDisclosureByStockTypeEtfSub&forward=disclosurebystocktype_etf_sub&currentPageSize=100&pageIndex=1&orderMode=1&orderStat=D&etfIsuSrtCd=&reportCd=&reportTmp=&etfIsuSrtNm=&reportNm=%EC%8B%A0%EA%B7%9C%EC%83%81%EC%9E%A5&fromDate=2008-09-01&toDate=2008-09-30,kind_listing_notice_title,official_notice_pending_isin,2026-08-14T07:26:02+00:00
RISE 5대그룹주,10578,2008-10-22,2008-10-20 14:51,20081020000124,"신규상장(KStar 5대그룹주 상장지수투자신탁, 상장일 2008.10.22)",https://kind.krx.co.kr/disclosure/disclosurebystocktype.do?method=searchDisclosureByStockTypeEtfSub&forward=disclosurebystocktype_etf_sub&currentPageSize=100&pageIndex=1&orderMode=1&orderStat=D&etfIsuSrtCd=&reportCd=&reportTmp=&etfIsuSrtNm=&reportNm=%EC%8B%A0%EA%B7%9C%EC%83%81%EC%9E%A5&fromDate=2008-10-01&toDate=2008-10-31,kind_listing_notice_title,official_notice_pending_isin,2026-08-14T07:26:02+00:00
KINDEX 코스닥스타,10844,2009-01-22,2009-01-19 16:39,20090119000220,"신규상장(한국 KINDEX 코스닥스타 상장지수투자신탁, 상장일 2009.01.22)",https://kind.krx.co.kr/disclosure/disclosurebystocktype.do?method=searchDisclosureByStockTypeEtfSub&forward=disclosurebystocktype_etf_sub&currentPageSize=100&pageIndex=1&orderMode=1&orderStat=D&etfIsuSrtCd=&reportCd=&reportTmp=&etfIsuSrtNm=&reportNm=%EC%8B%A0%EA%B7%9C%EC%83%81%EC%9E%A5&fromDate=2009-01-01&toDate=2009-01-31,kind_listing_notice_title,official_notice_pending_isin,2026-08-14T07:26:02+00:00
KBSTAR 코스닥엘리트30,10848,2009-01-22,2009-01-19 16:39,20090119000243,"신규상장(KStar 코스닥엘리트30 상장지수투자신탁, 상장일 2009.01.22)",https://kind.krx.co.kr/disclosure/disclosurebystocktype.do?method=searchDisclosureByStockTypeEtfSub&forward=disclosurebystocktype_etf_sub&currentPageSize=100&pageIndex=1&orderMode=1&orderStat=D&etfIsuSrtCd=&reportCd=&reportTmp=&etfIsuSrtNm=&reportNm=%EC%8B%A0%EA%B7%9C%EC%83%81%EC%9E%A5&fromDate=2009-01-01&toDate=2009-01-31,kind_listing_notice_title,official_notice_pending_isin,2026-08-14T07:26:02+00:00
TREX 200,10859,2009-01-23,2009-01-23 10:23,20090119000448,"신규상장(유리TREX200상장지수투자신탁, 상장일 2009.01.23)",https://kind.krx.co.kr/disclosure/disclosurebystocktype.do?method=searchDisclosureByStockTypeEtfSub&forward=disclosurebystocktype_etf_sub&currentPageSize=100&pageIndex=1&orderMode=1&orderStat=D&etfIsuSrtCd=&reportCd=&reportTmp=&etfIsuSrtNm=&reportNm=%EC%8B%A0%EA%B7%9C%EC%83%81%EC%9E%A5&fromDate=2009-01-01&toDate=2009-01-31,kind_listing_notice_title,official_notice_pending_isin,2026-08-14T07:26:02+00:00
FIRST 스타우량,10863,2009-02-03,2009-01-30 09:03,20090130000034,"신규상장(FIRST 스타우량 ETF, 상장일 2009.02.03)",https://kind.krx.co.kr/disclosure/disclosurebystocktype.do?method=searchDisclosureByStockTypeEtfSub&forward=disclosurebystocktype_etf_sub&currentPageSize=100&pageIndex=1&orderMode=1&orderStat=D&etfIsuSrtCd=&reportCd=&reportTmp=&etfIsuSrtNm=&reportNm=%EC%8B%A0%EA%B7%9C%EC%83%81%EC%9E%A5&fromDate=2009-01-01&toDate=2009-01-31,kind_listing_notice_title,official_notice_pending_isin,2026-08-14T07:26:02+00:00
ACE 삼성그룹섹터가중,10845,2009-02-03,2009-01-30 09:04,20090130000035,"신규상장(KINDEX 삼성그룹주SW ETF, 상장일 2009.02.03)",https://kind.krx.co.kr/disclosure/disclosurebystocktype.do?method=searchDisclosureByStockTypeEtfSub&forward=disclosurebystocktype_etf_sub&currentPageSize=100&pageIndex=1&orderMode=1&orderStat=D&etfIsuSrtCd=&reportCd=&reportTmp=&etfIsuSrtNm=&reportNm=%EC%8B%A0%EA%B7%9C%EC%83%81%EC%9E%A5&fromDate=2009-01-01&toDate=2009-01-31,kind_listing_notice_title,official_notice_pending_isin,2026-08-14T07:26:02+00:00
RISE 국고채3년,11410,2009-07-29,2009-07-27 16:21,20090727000183,"신규상장(KStar 국고채 증권 상장지수 투자신탁(채권), 상장일 2009.07.29)",https://kind.krx.co.kr/disclosure/disclosurebystocktype.do?method=searchDisclosureByStockTypeEtfSub&forward=disclosurebystocktype_etf_sub&currentPageSize=100&pageIndex=1&orderMode=1&orderStat=D&etfIsuSrtCd=&reportCd=&reportTmp=&etfIsuSrtNm=&reportNm=%EC%8B%A0%EA%B7%9C%EC%83%81%EC%9E%A5&fromDate=2009-07-01&toDate=2009-07-31,kind_listing_notice_title,official_notice_pending_isin,2026-08-14T07:26:02+00:00
KODEX 국고채3년,11426,2009-07-29,2009-07-27 16:22,20090727000191,"신규상장(삼성 KODEX 국고채권 증권상장지수투자신탁[채권], 상장일 2009.07.29)",https://kind.krx.co.kr/disclosure/disclosurebystocktype.do?method=searchDisclosureByStockTypeEtfSub&forward=disclosurebystocktype_etf_sub&currentPageSize=100&pageIndex=1&orderMode=1&orderStat=D&etfIsuSrtCd=&reportCd=&reportTmp=&etfIsuSrtNm=&reportNm=%EC%8B%A0%EA%B7%9C%EC%83%81%EC%9E%A5&fromDate=2009-07-01&toDate=2009-07-31,kind_listing_notice_title,official_notice_pending_isin,2026-08-14T07:26:02+00:00
KIWOOM 국고채3년,11447,2009-07-31,2009-07-29 16:43,20090729000238,"신규상장(우리 KOSEF 국고채 상장지수증권투자신탁[채권], 상장일 2009.07.31)",https://kind.krx.co.kr/disclosure/disclosurebystocktype.do?method=searchDisclosureByStockTypeEtfSub&forward=disclosurebystocktype_etf_sub&currentPageSize=100&pageIndex=1&orderMode=1&orderStat=D&etfIsuSrtCd=&reportCd=&reportTmp=&etfIsuSrtNm=&reportNm=%EC%8B%A0%EA%B7%9C%EC%83%81%EC%9E%A5&fromDate=2009-07-01&toDate=2009-07-31,kind_listing_notice_title,official_notice_pending_isin,2026-08-14T07:26:02+00:00
ACE 국고채3년,11446,2009-07-31,2009-07-29 16:43,20090729000247,"신규상장(한국투자 KINDEX 국고채 증권 상장지수투자신탁(채권), 상장일 2009.07.31)",https://kind.krx.co.kr/disclosure/disclosurebystocktype.do?method=searchDisclosureByStockTypeEtfSub&forward=disclosurebystocktype_etf_sub&currentPageSize=100&pageIndex=1&orderMode=1&orderStat=D&etfIsuSrtCd=&reportCd=&reportTmp=&etfIsuSrtNm=&reportNm=%EC%8B%A0%EA%B7%9C%EC%83%81%EC%9E%A5&fromDate=2009-07-01&toDate=2009-07-31,kind_listing_notice_title,official_notice_pending_isin,2026-08-14T07:26:02+00:00
TIGER 국채3년,11482,2009-08-27,2009-08-25 15:23,20090825000090,"신규상장(미래에셋맵스 TIGER 국채3 증권 상장지수투자신탁(채권), 상장일 2009.08.27)",https://kind.krx.co.kr/disclosure/disclosurebystocktype.do?method=searchDisclosureByStockTypeEtfSub&forward=disclosurebystocktype_etf_sub&currentPageSize=100&pageIndex=1&orderMode=1&orderStat=D&etfIsuSrtCd=&reportCd=&reportTmp=&etfIsuSrtNm=&reportNm=%EC%8B%A0%EA%B7%9C%EC%83%81%EC%9E%A5&fromDate=2009-08-01&toDate=2009-08-31,kind_listing_notice_title,official_notice_pending_isin,2026-08-14T07:26:02+00:00
KODEX 인버스,11480,2009-09-16,2009-09-14 15:50,20090914000173,"신규상장(삼성KODEX인버스증권상장지수투자신탁[주식-파생형], 상장일 2009.09.16)",https://kind.krx.co.kr/disclosure/disclosurebystocktype.do?method=searchDisclosureByStockTypeEtfSub&forward=disclosurebystocktype_etf_sub&currentPageSize=100&pageIndex=1&orderMode=1&orderStat=D&etfIsuSrtCd=&reportCd=&reportTmp=&etfIsuSrtNm=&reportNm=%EC%8B%A0%EA%B7%9C%EC%83%81%EC%9E%A5&fromDate=2009-09-01&toDate=2009-09-30,kind_listing_notice_title,official_notice_pending_isin,2026-08-14T07:26:02+00:00
KODEX 에너지화학,11746,2009-10-12,2009-10-08 15:41,20091008000208,"신규상장(삼성KODEX에너지화학증권상장지수투자신탁[주식], 상장일 2009.10.12)",https://kind.krx.co.kr/disclosure/disclosurebystocktype.do?method=searchDisclosureByStockTypeEtfSub&forward=disclosurebystocktype_etf_sub&currentPageSize=100&pageIndex=1&orderMode=1&orderStat=D&etfIsuSrtCd=&reportCd=&reportTmp=&etfIsuSrtNm=&reportNm=%EC%8B%A0%EA%B7%9C%EC%83%81%EC%9E%A5&fromDate=2009-10-01&toDate=2009-10-31,kind_listing_notice_title,official_notice_pending_isin,2026-08-14T07:26:02+00:00
TIGER 차이나항셍30,11769,2009-10-21,2009-10-19 16:37,20091019000249,"신규상장(미래에셋맵스 TIGER 차이나 증권상장지수투자신탁(주식), 상장일 2009.10.21)",https://kind.krx.co.kr/disclosure/disclosurebystocktype.do?method=searchDisclosureByStockTypeEtfSub&forward=disclosurebystocktype_etf_sub&currentPageSize=100&pageIndex=1&orderMode=1&orderStat=D&etfIsuSrtCd=&reportCd=&reportTmp=&etfIsuSrtNm=&reportNm=%EC%8B%A0%EA%B7%9C%EC%83%81%EC%9E%A5&fromDate=2009-10-01&toDate=2009-10-31,kind_listing_notice_title,official_notice_pending_isin,2026-08-14T07:26:02+00:00
ARIRANG LG그룹&,11774,2009-10-27,2009-10-26 09:05,20091026000016,"신규상장(푸르덴셜 PREX LG그룹& 증권상장지수투자신탁(주식), 상장일 2009.10.27)",https://kind.krx.co.kr/disclosure/disclosurebystocktype.do?method=searchDisclosureByStockTypeEtfSub&forward=disclosurebystocktype_etf_sub&currentPageSize=100&pageIndex=1&orderMode=1&orderStat=D&etfIsuSrtCd=&reportCd=&reportTmp=&etfIsuSrtNm=&reportNm=%EC%8B%A0%EA%B7%9C%EC%83%81%EC%9E%A5&fromDate=2009-10-01&toDate=2009-10-31,kind_listing_notice_title,official_notice_pending_isin,2026-08-14T07:26:02+00:00
KODEX 철강,11768,2009-10-30,2009-10-28 17:28,20091028000350,"신규상장(삼성KODEX철강증권상장지수투자신탁[주식], 상장일 2009.10.30)",https://kind.krx.co.kr/disclosure/disclosurebystocktype.do?method=searchDisclosureByStockTypeEtfSub&forward=disclosurebystocktype_etf_sub&currentPageSize=100&pageIndex=1&orderMode=1&orderStat=D&etfIsuSrtCd=&reportCd=&reportTmp=&etfIsuSrtNm=&reportNm=%EC%8B%A0%EA%B7%9C%EC%83%81%EC%9E%A5&fromDate=2009-10-01&toDate=2009-10-31,kind_listing_notice_title,official_notice_pending_isin,2026-08-14T07:26:02+00:00
KODEX 건설,11770,2009-10-30,2009-10-28 17:28,20091028000353,"신규상장(삼성KODEX건설증권상장지수투자신탁[주식], 상장일 2009.10.30)",https://kind.krx.co.kr/disclosure/disclosurebystocktype.do?method=searchDisclosureByStockTypeEtfSub&forward=disclosurebystocktype_etf_sub&currentPageSize=100&pageIndex=1&orderMode=1&orderStat=D&etfIsuSrtCd=&reportCd=&reportTmp=&etfIsuSrtNm=&reportNm=%EC%8B%A0%EA%B7%9C%EC%83%81%EC%9E%A5&fromDate=2009-10-01&toDate=2009-10-31,kind_listing_notice_title,official_notice_pending_isin,2026-08-14T07:26:02+00:00
HIT 골드,11055,2009-11-03,2009-10-30 18:06,20091030000161,"신규상장(현대 hiShares Gold 특별자산 상장지수투자신탁(금-재간접형), 상장일 2009.11.03)",https://kind.krx.co.kr/disclosure/disclosurebystocktype.do?method=searchDisclosureByStockTypeEtfSub&forward=disclosurebystocktype_etf_sub&currentPageSize=100&pageIndex=1&orderMode=1&orderStat=D&etfIsuSrtCd=&reportCd=&reportTmp=&etfIsuSrtNm=&reportNm=%EC%8B%A0%EA%B7%9C%EC%83%81%EC%9E%A5&fromDate=2009-10-01&toDate=2009-10-31,kind_listing_notice_title,official_notice_pending_isin,2026-08-14T07:26:02+00:00
GREAT SRI,12021,2009-12-15,2009-12-14 10:46,20091214000056,"신규상장(KTB GREAT SRI증권상장지수투자신탁[주식], 상장일 2009.12.15)",https://kind.krx.co.kr/disclosure/disclosurebystocktype.do?method=searchDisclosureByStockTypeEtfSub&forward=disclosurebystocktype_etf_sub&currentPageSize=100&pageIndex=1&orderMode=1&orderStat=D&etfIsuSrtCd=&reportCd=&reportTmp=&etfIsuSrtNm=&reportNm=%EC%8B%A0%EA%B7%9C%EC%83%81%EC%9E%A5&fromDate=2009-12-01&toDate=2009-12-31,kind_listing_notice_title,official_notice_pending_isin,2026-08-14T07:26:02+00:00
PLUS 코스피50,12209,2010-01-07,2010-01-06 10:29,20100106000034,"신규상장(한화 아리랑 KOSPI50 증권 상장지수투자신탁[주식], 상장일 2010.01.07)",https://kind.krx.co.kr/disclosure/disclosurebystocktype.do?method=searchDisclosureByStockTypeEtfSub&forward=disclosurebystocktype_etf_sub&currentPageSize=100&pageIndex=1&orderMode=1&orderStat=D&etfIsuSrtCd=&reportCd=&reportTmp=&etfIsuSrtNm=&reportNm=%EC%8B%A0%EA%B7%9C%EC%83%81%EC%9E%A5&fromDate=2010-01-01&toDate=2010-01-31,kind_listing_notice_title,official_notice_pending_isin,2026-08-14T07:26:02+00:00
KIWOOM 통안채1년,12226,2010-01-14,2010-01-12 15:45,20100112000103,"신규상장(우리 KOSEF 통안채 상장지수증권투자신탁[채권], 상장일 2010.01.14)",https://kind.krx.co.kr/disclosure/disclosurebystocktype.do?method=searchDisclosureByStockTypeEtfSub&forward=disclosurebystocktype_etf_sub&currentPageSize=100&pageIndex=1&orderMode=1&orderStat=D&etfIsuSrtCd=&reportCd=&reportTmp=&etfIsuSrtNm=&reportNm=%EC%8B%A0%EA%B7%9C%EC%83%81%EC%9E%A5&fromDate=2010-01-01&toDate=2010-01-31,kind_listing_notice_title,official_notice_pending_isin,2026-08-14T07:26:02+00:00
TIGER 코스닥Premier,12239,2010-02-08,2010-02-04 14:07,20100204000033,"신규상장(미래에셋맵스 TIGER 코스닥프리미어 증권 상장지수투자신탁(주식), 상장일 2010.02.08)",https://kind.krx.co.kr/disclosure/disclosurebystocktype.do?method=searchDisclosureByStockTypeEtfSub&forward=disclosurebystocktype_etf_sub&currentPageSize=100&pageIndex=1&orderMode=1&orderStat=D&etfIsuSrtCd=&reportCd=&reportTmp=&etfIsuSrtNm=&reportNm=%EC%8B%A0%EA%B7%9C%EC%83%81%EC%9E%A5&fromDate=2010-02-01&toDate=2010-02-28,kind_listing_notice_title,official_notice_pending_isin,2026-08-14T07:26:02+00:00
KODEX 레버리지,12263,2010-02-22,2010-02-18 16:42,20100218000012,"신규상장(삼성KODEX레버리지증권상장지수투자신탁[주식-파생재간접형], 상장일 2010.02.22)",https://kind.krx.co.kr/disclosure/disclosurebystocktype.do?method=searchDisclosureByStockTypeEtfSub&forward=disclosurebystocktype_etf_sub&currentPageSize=100&pageIndex=1&orderMode=1&orderStat=D&etfIsuSrtCd=&reportCd=&reportTmp=&etfIsuSrtNm=&reportNm=%EC%8B%A0%EA%B7%9C%EC%83%81%EC%9E%A5&fromDate=2010-02-01&toDate=2010-02-28,kind_listing_notice_title,official_notice_pending_isin,2026-08-14T07:26:02+00:00
TIGER 인버스,12331,2010-03-29,2010-03-25 17:58,20100325000261,"신규상장(미래에셋맵스 TIGER200(-1X) 증권상장지수투자신탁(주식-파생형), 상장일 2010.03.29)",https://kind.krx.co.kr/disclosure/disclosurebystocktype.do?method=searchDisclosureByStockTypeEtfSub&forward=disclosurebystocktype_etf_sub&currentPageSize=100&pageIndex=1&orderMode=1&orderStat=D&etfIsuSrtCd=&reportCd=&reportTmp=&etfIsuSrtNm=&reportNm=%EC%8B%A0%EA%B7%9C%EC%83%81%EC%9E%A5&fromDate=2010-03-01&toDate=2010-03-31,kind_listing_notice_title,official_notice_pending_isin,2026-08-14T07:26:02+00:00
TIGER 레버리지,12332,2010-04-09,2010-04-07 16:42,20100407000216,"신규상장(미래에셋맵스TIGER200(2X) 증권상장지수투자신탁(주식-파생재간접형), 상장일 2010.04.09)",https://kind.krx.co.kr/disclosure/disclosurebystocktype.do?method=searchDisclosureByStockTypeEtfSub&forward=disclosurebystocktype_etf_sub&currentPageSize=100&pageIndex=1&orderMode=1&orderStat=D&etfIsuSrtCd=&reportCd=&reportTmp=&etfIsuSrtNm=&reportNm=%EC%8B%A0%EA%B7%9C%EC%83%81%EC%9E%A5&fromDate=2010-04-01&toDate=2010-04-30,kind_listing_notice_title,official_notice_pending_isin,2026-08-14T07:26:02+00:00
KBSTAR 레버리지,12376,2010-04-09,2010-04-07 16:42,20100407000220,"신규상장(KB KStar 레버리지 증권 상장지수 투자신탁(주식-파생재간접형), 상장일 2010.04.09)",https://kind.krx.co.kr/disclosure/disclosurebystocktype.do?method=searchDisclosureByStockTypeEtfSub&forward=disclosurebystocktype_etf_sub&currentPageSize=100&pageIndex=1&orderMode=1&orderStat=D&etfIsuSrtCd=&reportCd=&reportTmp=&etfIsuSrtNm=&reportNm=%EC%8B%A0%EA%B7%9C%EC%83%81%EC%9E%A5&fromDate=2010-04-01&toDate=2010-04-30,kind_listing_notice_title,official_notice_pending_isin,2026-08-14T07:26:02+00:00
KOSEF 인버스,12393,2010-04-15,2010-04-13 13:50,20100413000110,"신규상장(우리 KOSEF 인버스 증권상장지수투자신탁[주식-파생형], 상장일 2010.04.15)",https://kind.krx.co.kr/disclosure/disclosurebystocktype.do?method=searchDisclosureByStockTypeEtfSub&forward=disclosurebystocktype_etf_sub&currentPageSize=100&pageIndex=1&orderMode=1&orderStat=D&etfIsuSrtCd=&reportCd=&reportTmp=&etfIsuSrtNm=&reportNm=%EC%8B%A0%EA%B7%9C%EC%83%81%EC%9E%A5&fromDate=2010-04-01&toDate=2010-04-30,kind_listing_notice_title,official_notice_pending_isin,2026-08-14T07:26:02+00:00
HIT 보험,12409,2010-05-07,2010-05-04 15:16,20100504000193,"신규상장(현대 hiShares 보험 증권상장지수투자신탁(주식), 상장일 2010.05.07)",https://kind.krx.co.kr/disclosure/disclosurebystocktype.do?method=searchDisclosureByStockTypeEtfSub&forward=disclosurebystocktype_etf_sub&currentPageSize=100&pageIndex=1&orderMode=1&orderStat=D&etfIsuSrtCd=&reportCd=&reportTmp=&etfIsuSrtNm=&reportNm=%EC%8B%A0%EA%B7%9C%EC%83%81%EC%9E%A5&fromDate=2010-05-01&toDate=2010-05-31,kind_listing_notice_title,official_notice_pending_isin,2026-08-14T07:26:02+00:00
ARIRANG 네오밸류,12927,2010-06-17,2010-06-15 11:40,20100615000040,"신규상장(푸르덴셜 PREX 네오밸류증권상장지수투자신탁(주식), 상장일 2010.06.17)",https://kind.krx.co.kr/disclosure/disclosurebystocktype.do?method=searchDisclosureByStockTypeEtfSub&forward=disclosurebystocktype_etf_sub&currentPageSize=100&pageIndex=1&orderMode=1&orderStat=D&etfIsuSrtCd=&reportCd=&reportTmp=&etfIsuSrtNm=&reportNm=%EC%8B%A0%EA%B7%9C%EC%83%81%EC%9E%A5&fromDate=2010-06-01&toDate=2010-06-30,kind_listing_notice_title,official_notice_pending_isin,2026-08-14T07:26:02+00:00
KIWOOM 단기자금,13073,2010-07-29,2010-07-27 18:10,20100727000112,"신규상장(우리 KOSEF 단기자금 증권상장지수투자신탁[채권], 상장일 2010.07.29)",https://kind.krx.co.kr/disclosure/disclosurebystocktype.do?method=searchDisclosureByStockTypeEtfSub&forward=disclosurebystocktype_etf_sub&currentPageSize=100&pageIndex=1&orderMode=1&orderStat=D&etfIsuSrtCd=&reportCd=&reportTmp=&etfIsuSrtNm=&reportNm=%EC%8B%A0%EA%B7%9C%EC%83%81%EC%9E%A5&fromDate=2010-07-01&toDate=2010-07-31,kind_listing_notice_title,official_notice_pending_isin,2026-08-14T07:26:02+00:00
TIGER 원유선물Enhanced(H),13068,2010-08-02,2010-07-29 16:36,20100729000136,"신규상장(미래에셋맵스 TIGER WTI선물 특별자산상장지수투자신탁(원유-파생형), 상장일 2010.08.02)",https://kind.krx.co.kr/disclosure/disclosurebystocktype.do?method=searchDisclosureByStockTypeEtfSub&forward=disclosurebystocktype_etf_sub&currentPageSize=100&pageIndex=1&orderMode=1&orderStat=D&etfIsuSrtCd=&reportCd=&reportTmp=&etfIsuSrtNm=&reportNm=%EC%8B%A0%EA%B7%9C%EC%83%81%EC%9E%A5&fromDate=2010-07-01&toDate=2010-07-31,kind_listing_notice_title,official_notice_pending_isin,2026-08-14T07:26:02+00:00
ACE 삼성그룹동일가중,13189,2010-09-17,2010-09-15 17:48,20100915000069,"신규상장(한국투자 KINDEX 삼성그룹주 동일가중 증권 상장지수투자신탁(주식), 상장일 2010.09.17)",https://kind.krx.co.kr/disclosure/disclosurebystocktype.do?method=searchDisclosureByStockTypeEtfSub&forward=disclosurebystocktype_etf_sub&currentPageSize=100&pageIndex=1&orderMode=1&orderStat=D&etfIsuSrtCd=&reportCd=&reportTmp=&etfIsuSrtNm=&reportNm=%EC%8B%A0%EA%B7%9C%EC%83%81%EC%9E%A5&fromDate=2010-09-01&toDate=2010-09-30,kind_listing_notice_title,official_notice_pending_isin,2026-08-14T07:26:02+00:00
KODEX 골드선물(H),13203,2010-10-01,2010-09-29 14:57,20100929000120,"신규상장(삼성KODEX골드선물특별자산상장지수투자신탁[금-파생형], 상장일 2010.10.01)",https://kind.krx.co.kr/disclosure/disclosurebystocktype.do?method=searchDisclosureByStockTypeEtfSub&forward=disclosurebystocktype_etf_sub&currentPageSize=100&pageIndex=1&orderMode=1&orderStat=D&etfIsuSrtCd=&reportCd=&reportTmp=&etfIsuSrtNm=&reportNm=%EC%8B%A0%EA%B7%9C%EC%83%81%EC%9E%A5&fromDate=2010-09-01&toDate=2010-09-30,kind_listing_notice_title,official_notice_pending_isin,2026-08-14T07:26:02+00:00
TIGER 미국나스닥100,13369,2010-10-18,2010-10-14 14:01,20101014000087,"신규상장(미래에셋맵스 TIGER나스닥100 증권상장지수투자신탁(주식), 상장일 2010.10.18)",https://kind.krx.co.kr/disclosure/disclosurebystocktype.do?method=searchDisclosureByStockTypeEtfSub&forward=disclosurebystocktype_etf_sub&currentPageSize=100&pageIndex=1&orderMode=1&orderStat=D&etfIsuSrtCd=&reportCd=&reportTmp=&etfIsuSrtNm=&reportNm=%EC%8B%A0%EA%B7%9C%EC%83%81%EC%9E%A5&fromDate=2010-10-01&toDate=2010-10-31,kind_listing_notice_title,official_notice_pending_isin,2026-08-14T07:26:02+00:00
KODEX 소비재,13628,2010-12-07,2010-12-06 16:16,20101206000235,"신규상장(삼성KODEX소비재증권상장지수투자신탁[주식], 상장일 2010.12.07)",https://kind.krx.co.kr/disclosure/disclosurebystocktype.do?method=searchDisclosureByStockTypeEtfSub&forward=disclosurebystocktype_etf_sub&currentPageSize=100&pageIndex=1&orderMode=1&orderStat=D&etfIsuSrtCd=&reportCd=&reportTmp=&etfIsuSrtNm=&reportNm=%EC%8B%A0%EA%B7%9C%EC%83%81%EC%9E%A5&fromDate=2010-12-01&toDate=2010-12-31,kind_listing_notice_title,official_notice_pending_isin,2026-08-14T07:26:02+00:00
TIGER 농산물선물Enhanced(H),13761,2011-01-11,2011-01-06 14:43,20110106000275,"신규상장(미래에셋맵스 TIGER 농산물선물 특별자산상장지수투자신탁(농산물-파생형), 상장일 2011.01.11)",https://kind.krx.co.kr/disclosure/disclosurebystocktype.do?method=searchDisclosureByStockTypeEtfSub&forward=disclosurebystocktype_etf_sub&currentPageSize=100&pageIndex=1&orderMode=1&orderStat=D&etfIsuSrtCd=&reportCd=&reportTmp=&etfIsuSrtNm=&reportNm=%EC%8B%A0%EA%B7%9C%EC%83%81%EC%9E%A5&fromDate=2011-01-01&toDate=2011-01-31,kind_listing_notice_title,official_notice_pending_isin,2026-08-14T07:26:02+00:00
TIGER 그린,13799,2011-01-27,2011-01-24 17:28,20110124000308,"신규상장(미래에셋맵스TIGER그린증권상장지수투자신탁(주식)보통주, 상장일 2011.01.27)",https://kind.krx.co.kr/disclosure/disclosurebystocktype.do?method=searchDisclosureByStockTypeEtfSub&forward=disclosurebystocktype_etf_sub&currentPageSize=100&pageIndex=1&orderMode=1&orderStat=D&etfIsuSrtCd=&reportCd=&reportTmp=&etfIsuSrtNm=&reportNm=%EC%8B%A0%EA%B7%9C%EC%83%81%EC%9E%A5&fromDate=2011-01-01&toDate=2011-01-31,kind_listing_notice_title,official_notice_pending_isin,2026-08-14T07:26:02+00:00
GREAT GREEN,13821,2011-01-27,2011-01-24 18:41,20110124000374,"신규상장(KTB GREAT GREEN증권상장지수투자신탁[주식]보통주, 상장일 2011.01.27)",https://kind.krx.co.kr/disclosure/disclosurebystocktype.do?method=searchDisclosureByStockTypeEtfSub&forward=disclosurebystocktype_etf_sub&currentPageSize=100&pageIndex=1&orderMode=1&orderStat=D&etfIsuSrtCd=&reportCd=&reportTmp=&etfIsuSrtNm=&reportNm=%EC%8B%A0%EA%B7%9C%EC%83%81%EC%9E%A5&fromDate=2011-01-01&toDate=2011-01-31,kind_listing_notice_title,official_notice_pending_isin,2026-08-14T07:26:02+00:00
마이다스 200커버드콜5%OTM,13793,2011-02-15,2011-02-11 13:50,20110211000115,"신규상장(마이다스 KOSPI200 커버드콜 증권상장지수 투자신탁 (주식), 상장일 2011.02.15)",https://kind.krx.co.kr/disclosure/disclosurebystocktype.do?method=searchDisclosureByStockTypeEtfSub&forward=disclosurebystocktype_etf_sub&currentPageSize=100&pageIndex=1&orderMode=1&orderStat=D&etfIsuSrtCd=&reportCd=&reportTmp=&etfIsuSrtNm=&reportNm=%EC%8B%A0%EA%B7%9C%EC%83%81%EC%9E%A5&fromDate=2011-02-01&toDate=2011-02-28,kind_listing_notice_title,official_notice_pending_isin,2026-08-14T07:26:02+00:00
KIWOOM 미국달러선물,13823,2011-02-24,2011-02-22 15:32,20110222000363,"신규상장(우리 KOSEF 미국달러선물 특별자산상장지수투자신탁[미국달러-파생형], 상장일 2011.02.24)",https://kind.krx.co.kr/disclosure/disclosurebystocktype.do?method=searchDisclosureByStockTypeEtfSub&forward=disclosurebystocktype_etf_sub&currentPageSize=100&pageIndex=1&orderMode=1&orderStat=D&etfIsuSrtCd=&reportCd=&reportTmp=&etfIsuSrtNm=&reportNm=%EC%8B%A0%EA%B7%9C%EC%83%81%EC%9E%A5&fromDate=2011-02-01&toDate=2011-02-28,kind_listing_notice_title,official_notice_pending_isin,2026-08-14T07:26:02+00:00
TIGER 삼성그룹,13852,2011-03-07,2011-03-03 15:56,20110303000393,"신규상장(미래에셋맵스 TIGER 삼성그룹 증권상장지수투자신탁(주식), 상장일 2011.03.07)",https://kind.krx.co.kr/disclosure/disclosurebystocktype.do?method=searchDisclosureByStockTypeEtfSub&forward=disclosurebystocktype_etf_sub&currentPageSize=100&pageIndex=1&orderMode=1&orderStat=D&etfIsuSrtCd=&reportCd=&reportTmp=&etfIsuSrtNm=&reportNm=%EC%8B%A0%EA%B7%9C%EC%83%81%EC%9E%A5&fromDate=2011-03-01&toDate=2011-03-31,kind_listing_notice_title,official_notice_pending_isin,2026-08-14T07:26:02+00:00
TIGER 현대차그룹플러스,13854,2011-03-10,2011-03-08 15:52,20110308000233,"신규상장(미래에셋맵스 TIGER 현대차그룹+ 증권상장지수투자신탁(주식), 상장일 2011.03.10)",https://kind.krx.co.kr/disclosure/disclosurebystocktype.do?method=searchDisclosureByStockTypeEtfSub&forward=disclosurebystocktype_etf_sub&currentPageSize=100&pageIndex=1&orderMode=1&orderStat=D&etfIsuSrtCd=&reportCd=&reportTmp=&etfIsuSrtNm=&reportNm=%EC%8B%A0%EA%B7%9C%EC%83%81%EC%9E%A5&fromDate=2011-03-01&toDate=2011-03-31,kind_listing_notice_title,official_notice_pending_isin,2026-08-14T07:26:02+00:00
TIGER LG그룹플러스,13853,2011-03-10,2011-03-08 15:52,20110308000242,"신규상장(미래에셋맵스 TIGER LG그룹+ 증권상장지수투자신탁(주식)보통주, 상장일 2011.03.10)",https://kind.krx.co.kr/disclosure/disclosurebystocktype.do?method=searchDisclosureByStockTypeEtfSub&forward=disclosurebystocktype_etf_sub&currentPageSize=100&pageIndex=1&orderMode=1&orderStat=D&etfIsuSrtCd=&reportCd=&reportTmp=&etfIsuSrtNm=&reportNm=%EC%8B%A0%EA%B7%9C%EC%83%81%EC%9E%A5&fromDate=2011-03-01&toDate=2011-03-31,kind_listing_notice_title,official_notice_pending_isin,2026-08-14T07:26:02+00:00
KODEX 콩선물(H),13892,2011-03-15,2011-03-10 18:14,20110310000763,"신규상장(삼성KODEX콩선물특별자산상장지수투자신탁[콩-파생형], 상장일 2011.03.15)",https://kind.krx.co.kr/disclosure/disclosurebystocktype.do?method=searchDisclosureByStockTypeEtfSub&forward=disclosurebystocktype_etf_sub&currentPageSize=100&pageIndex=1&orderMode=1&orderStat=D&etfIsuSrtCd=&reportCd=&reportTmp=&etfIsuSrtNm=&reportNm=%EC%8B%A0%EA%B7%9C%EC%83%81%EC%9E%A5&fromDate=2011-03-01&toDate=2011-03-31,kind_listing_notice_title,official_notice_pending_isin,2026-08-14T07:26:02+00:00
KODEX 구리선물(H),13891,2011-03-15,2011-03-10 18:14,20110310000766,"신규상장(삼성KODEX구리선물특별자산상장지수투자신탁[구리-파생형], 상장일 2011.03.15)",https://kind.krx.co.kr/disclosure/disclosurebystocktype.do?method=searchDisclosureByStockTypeEtfSub&forward=disclosurebystocktype_etf_sub&currentPageSize=100&pageIndex=1&orderMode=1&orderStat=D&etfIsuSrtCd=&reportCd=&reportTmp=&etfIsuSrtNm=&reportNm=%EC%8B%A0%EA%B7%9C%EC%83%81%EC%9E%A5&fromDate=2011-03-01&toDate=2011-03-31,kind_listing_notice_title,official_notice_pending_isin,2026-08-14T07:26:02+00:00
KIWOOM 미국달러선물인버스,13966,2011-04-01,2011-03-30 18:35,20110330001396,"신규상장(우리 KOSEF 미국달러선물 인버스 특별자산상장지수투자신탁[미국달러-파생, 상장일 2011.04.01)",https://kind.krx.co.kr/disclosure/disclosurebystocktype.do?method=searchDisclosureByStockTypeEtfSub&forward=disclosurebystocktype_etf_sub&currentPageSize=100&pageIndex=1&orderMode=1&orderStat=D&etfIsuSrtCd=&reportCd=&reportTmp=&etfIsuSrtNm=&reportNm=%EC%8B%A0%EA%B7%9C%EC%83%81%EC%9E%A5&fromDate=2011-03-01&toDate=2011-03-31,kind_listing_notice_title,official_notice_pending_isin,2026-08-14T07:26:02+00:00
TIGER 200건설,13922,2011-04-06,2011-04-04 18:22,20110404000422,"신규상장(미래에셋맵스 TIGER 건설기계 증권상장지수투자신탁(주식), 상장일 2011.04.06)",https://kind.krx.co.kr/disclosure/disclosurebystocktype.do?method=searchDisclosureByStockTypeEtfSub&forward=disclosurebystocktype_etf_sub&currentPageSize=100&pageIndex=1&orderMode=1&orderStat=D&etfIsuSrtCd=&reportCd=&reportTmp=&etfIsuSrtNm=&reportNm=%EC%8B%A0%EA%B7%9C%EC%83%81%EC%9E%A5&fromDate=2011-04-01&toDate=2011-04-30,kind_listing_notice_title,official_notice_pending_isin,2026-08-14T07:26:02+00:00
TIGER 200중공업,13923,2011-04-06,2011-04-04 18:24,20110404000432,"신규상장(미래에셋맵스 TIGER 조선운송 증권상장지수투자신탁(주식), 상장일 2011.04.06)",https://kind.krx.co.kr/disclosure/disclosurebystocktype.do?method=searchDisclosureByStockTypeEtfSub&forward=disclosurebystocktype_etf_sub&currentPageSize=100&pageIndex=1&orderMode=1&orderStat=D&etfIsuSrtCd=&reportCd=&reportTmp=&etfIsuSrtNm=&reportNm=%EC%8B%A0%EA%B7%9C%EC%83%81%EC%9E%A5&fromDate=2011-04-01&toDate=2011-04-30,kind_listing_notice_title,official_notice_pending_isin,2026-08-14T07:26:02+00:00
TIGER 200철강소재,13924,2011-04-06,2011-04-04 18:25,20110404000444,"신규상장(미래에셋맵스 TIGER 철강소재 증권상장지수투자신탁(주식), 상장일 2011.04.06)",https://kind.krx.co.kr/disclosure/disclosurebystocktype.do?method=searchDisclosureByStockTypeEtfSub&forward=disclosurebystocktype_etf_sub&currentPageSize=100&pageIndex=1&orderMode=1&orderStat=D&etfIsuSrtCd=&reportCd=&reportTmp=&etfIsuSrtNm=&reportNm=%EC%8B%A0%EA%B7%9C%EC%83%81%EC%9E%A5&fromDate=2011-04-01&toDate=2011-04-30,kind_listing_notice_title,official_notice_pending_isin,2026-08-14T07:26:02+00:00
TIGER 200에너지화학,13925,2011-04-06,2011-04-04 18:26,20110404000454,"신규상장(미래에셋맵스 TIGER 에너지화학 증권상장지수투자신탁(주식), 상장일 2011.04.06)",https://kind.krx.co.kr/disclosure/disclosurebystocktype.do?method=searchDisclosureByStockTypeEtfSub&forward=disclosurebystocktype_etf_sub&currentPageSize=100&pageIndex=1&orderMode=1&orderStat=D&etfIsuSrtCd=&reportCd=&reportTmp=&etfIsuSrtNm=&reportNm=%EC%8B%A0%EA%B7%9C%EC%83%81%EC%9E%A5&fromDate=2011-04-01&toDate=2011-04-30,kind_listing_notice_title,official_notice_pending_isin,2026-08-14T07:26:02+00:00
TIGER 200IT,13926,2011-04-06,2011-04-04 18:26,20110404000466,"신규상장(미래에셋맵스 TIGER 정보통신 증권상장지수투자신탁(주식), 상장일 2011.04.06)",https://kind.krx.co.kr/disclosure/disclosurebystocktype.do?method=searchDisclosureByStockTypeEtfSub&forward=disclosurebystocktype_etf_sub&currentPageSize=100&pageIndex=1&orderMode=1&orderStat=D&etfIsuSrtCd=&reportCd=&reportTmp=&etfIsuSrtNm=&reportNm=%EC%8B%A0%EA%B7%9C%EC%83%81%EC%9E%A5&fromDate=2011-04-01&toDate=2011-04-30,kind_listing_notice_title,official_notice_pending_isin,2026-08-14T07:26:02+00:00
TIGER 200금융,13927,2011-04-06,2011-04-04 18:27,20110404000486,"신규상장(미래에셋맵스 TIGER 금융 증권상장지수투자신탁(주식), 상장일 2011.04.06)",https://kind.krx.co.kr/disclosure/disclosurebystocktype.do?method=searchDisclosureByStockTypeEtfSub&forward=disclosurebystocktype_etf_sub&currentPageSize=100&pageIndex=1&orderMode=1&orderStat=D&etfIsuSrtCd=&reportCd=&reportTmp=&etfIsuSrtNm=&reportNm=%EC%8B%A0%EA%B7%9C%EC%83%81%EC%9E%A5&fromDate=2011-04-01&toDate=2011-04-30,kind_listing_notice_title,official_notice_pending_isin,2026-08-14T07:26:02+00:00
TIGER 경기방어,13928,2011-04-06,2011-04-04 18:28,20110404000498,"신규상장(미래에셋맵스 TIGER 필수소비재 증권상장지수투자신탁(주식), 상장일 2011.04.06)",https://kind.krx.co.kr/disclosure/disclosurebystocktype.do?method=searchDisclosureByStockTypeEtfSub&forward=disclosurebystocktype_etf_sub&currentPageSize=100&pageIndex=1&orderMode=1&orderStat=D&etfIsuSrtCd=&reportCd=&reportTmp=&etfIsuSrtNm=&reportNm=%EC%8B%A0%EA%B7%9C%EC%83%81%EC%9E%A5&fromDate=2011-04-01&toDate=2011-04-30,kind_listing_notice_title,official_notice_pending_isin,2026-08-14T07:26:02+00:00
TIGER 200경기소비재,13929,2011-04-06,2011-04-04 18:29,20110404000511,"신규상장(미래에셋맵스 TIGER 경기민감소비재 증권상장지수투자신탁(주식), 상장일 2011.04.06)",https://kind.krx.co.kr/disclosure/disclosurebystocktype.do?method=searchDisclosureByStockTypeEtfSub&forward=disclosurebystocktype_etf_sub&currentPageSize=100&pageIndex=1&orderMode=1&orderStat=D&etfIsuSrtCd=&reportCd=&reportTmp=&etfIsuSrtNm=&reportNm=%EC%8B%A0%EA%B7%9C%EC%83%81%EC%9E%A5&fromDate=2011-04-01&toDate=2011-04-30,kind_listing_notice_title,official_notice_pending_isin,2026-08-14T07:26:02+00:00
TIGER 블루칩30,13930,2011-04-08,2011-04-06 17:20,20110406000396,"신규상장(미래에셋맵스 TIGER 블루칩30 증권상장지수투자신탁(주식), 상장일 2011.04.08)",https://kind.krx.co.kr/disclosure/disclosurebystocktype.do?method=searchDisclosureByStockTypeEtfSub&forward=disclosurebystocktype_etf_sub&currentPageSize=100&pageIndex=1&orderMode=1&orderStat=D&etfIsuSrtCd=&reportCd=&reportTmp=&etfIsuSrtNm=&reportNm=%EC%8B%A0%EA%B7%9C%EC%83%81%EC%9E%A5&fromDate=2011-04-01&toDate=2011-04-30,kind_listing_notice_title,official_notice_pending_isin,2026-08-14T07:26:02+00:00
TIGER 금속선물(H),13931,2011-04-08,2011-04-06 17:21,20110406000426,"신규상장(미래에셋맵스 TIGER 금속선물 특별자산상장지수투자신탁(금속-파생형), 상장일 2011.04.08)",https://kind.krx.co.kr/disclosure/disclosurebystocktype.do?method=searchDisclosureByStockTypeEtfSub&forward=disclosurebystocktype_etf_sub&currentPageSize=100&pageIndex=1&orderMode=1&orderStat=D&etfIsuSrtCd=&reportCd=&reportTmp=&etfIsuSrtNm=&reportNm=%EC%8B%A0%EA%B7%9C%EC%83%81%EC%9E%A5&fromDate=2011-04-01&toDate=2011-04-30,kind_listing_notice_title,official_notice_pending_isin,2026-08-14T07:26:02+00:00
TIGER 금은선물(H),13932,2011-04-08,2011-04-06 17:23,20110406000438,"신규상장(미래에셋맵스 TIGER 금은선물 특별자산상장지수투자신탁(금속-파생형), 상장일 2011.04.08)",https://kind.krx.co.kr/disclosure/disclosurebystocktype.do?method=searchDisclosureByStockTypeEtfSub&forward=disclosurebystocktype_etf_sub&currentPageSize=100&pageIndex=1&orderMode=1&orderStat=D&etfIsuSrtCd=&reportCd=&reportTmp=&etfIsuSrtNm=&reportNm=%EC%8B%A0%EA%B7%9C%EC%83%81%EC%9E%A5&fromDate=2011-04-01&toDate=2011-04-30,kind_listing_notice_title,official_notice_pending_isin,2026-08-14T07:26:02+00:00
RISE 중기우량회사채,13634,2011-04-15,2011-04-13 14:31,20110413000095,"신규상장(KB KStar 우량 회사채 증권 상장지수 투자신탁(채권), 상장일 2011.04.15)",https://kind.krx.co.kr/disclosure/disclosurebystocktype.do?method=searchDisclosureByStockTypeEtfSub&forward=disclosurebystocktype_etf_sub&currentPageSize=100&pageIndex=1&orderMode=1&orderStat=D&etfIsuSrtCd=&reportCd=&reportTmp=&etfIsuSrtNm=&reportNm=%EC%8B%A0%EA%B7%9C%EC%83%81%EC%9E%A5&fromDate=2011-04-01&toDate=2011-04-30,kind_listing_notice_title,official_notice_pending_isin,2026-08-14T07:26:02+00:00
RISE 우량업종대표주,14058,2011-04-15,2011-04-13 14:32,20110413000097,"신규상장(KB KStar 우량업종대표주 증권 상장지수 투자신탁(주식), 상장일 2011.04.15)",https://kind.krx.co.kr/disclosure/disclosurebystocktype.do?method=searchDisclosureByStockTypeEtfSub&forward=disclosurebystocktype_etf_sub&currentPageSize=100&pageIndex=1&orderMode=1&orderStat=D&etfIsuSrtCd=&reportCd=&reportTmp=&etfIsuSrtNm=&reportNm=%EC%8B%A0%EA%B7%9C%EC%83%81%EC%9E%A5&fromDate=2011-04-01&toDate=2011-04-30,kind_listing_notice_title,official_notice_pending_isin,2026-08-14T07:26:02+00:00
RISE 수출주,14057,2011-04-15,2011-04-13 14:32,20110413000098,"신규상장(KB KStar 수출주 증권 상장지수 투자신탁(주식), 상장일 2011.04.15)",https://kind.krx.co.kr/disclosure/disclosurebystocktype.do?method=searchDisclosureByStockTypeEtfSub&forward=disclosurebystocktype_etf_sub&currentPageSize=100&pageIndex=1&orderMode=1&orderStat=D&etfIsuSrtCd=&reportCd=&reportTmp=&etfIsuSrtNm=&reportNm=%EC%8B%A0%EA%B7%9C%EC%83%81%EC%9E%A5&fromDate=2011-04-01&toDate=2011-04-30,kind_listing_notice_title,official_notice_pending_isin,2026-08-14T07:26:02+00:00
KODEX 운송,14071,2011-04-26,2011-04-21 18:20,20110421000466,"신규상장(삼성KODEX운송증권상장지수투자신탁[주식], 상장일 2011.04.26)",https://kind.krx.co.kr/disclosure/disclosurebystocktype.do?method=searchDisclosureByStockTypeEtfSub&forward=disclosurebystocktype_etf_sub&currentPageSize=100&pageIndex=1&orderMode=1&orderStat=D&etfIsuSrtCd=&reportCd=&reportTmp=&etfIsuSrtNm=&reportNm=%EC%8B%A0%EA%B7%9C%EC%83%81%EC%9E%A5&fromDate=2011-04-01&toDate=2011-04-30,kind_listing_notice_title,official_notice_pending_isin,2026-08-14T07:26:02+00:00
KODEX 보험,14070,2011-04-26,2011-04-21 18:21,20110421000479,"신규상장(삼성KODEX보험증권상장지수투자신탁[주식], 상장일 2011.04.26)",https://kind.krx.co.kr/disclosure/disclosurebystocktype.do?method=searchDisclosureByStockTypeEtfSub&forward=disclosurebystocktype_etf_sub&currentPageSize=100&pageIndex=1&orderMode=1&orderStat=D&etfIsuSrtCd=&reportCd=&reportTmp=&etfIsuSrtNm=&reportNm=%EC%8B%A0%EA%B7%9C%EC%83%81%EC%9E%A5&fromDate=2011-04-01&toDate=2011-04-30,kind_listing_notice_title,official_notice_pending_isin,2026-08-14T07:26:02+00:00
파워 코스피100,14095,2011-05-03,2011-04-28 15:04,20110428000137,"신규상장(교보악사 파워 K100 증권 상장지수투자신탁(주식), 상장일 2011.05.03)",https://kind.krx.co.kr/disclosure/disclosurebystocktype.do?method=searchDisclosureByStockTypeEtfSub&forward=disclosurebystocktype_etf_sub&currentPageSize=100&pageIndex=1&orderMode=1&orderStat=D&etfIsuSrtCd=&reportCd=&reportTmp=&etfIsuSrtNm=&reportNm=%EC%8B%A0%EA%B7%9C%EC%83%81%EC%9E%A5&fromDate=2011-04-01&toDate=2011-04-30,kind_listing_notice_title,official_notice_pending_isin,2026-08-14T07:26:02+00:00
ARIRANG KRX100EW,14125,2011-05-18,2011-05-16 14:44,20110516000209,"신규상장(한화 아리랑 KRX100 동일비중증권상장지수투자신탁[주식], 상장일 2011.05.18)",https://kind.krx.co.kr/disclosure/disclosurebystocktype.do?method=searchDisclosureByStockTypeEtfSub&forward=disclosurebystocktype_etf_sub&currentPageSize=100&pageIndex=1&orderMode=1&orderStat=D&etfIsuSrtCd=&reportCd=&reportTmp=&etfIsuSrtNm=&reportNm=%EC%8B%A0%EA%B7%9C%EC%83%81%EC%9E%A5&fromDate=2011-05-01&toDate=2011-05-31,kind_listing_notice_title,official_notice_pending_isin,2026-08-14T07:26:02+00:00
ARIRANG 코스피100동일가중,14124,2011-05-18,2011-05-16 14:43,20110516000222,"신규상장(한화 아리랑 KOSPI100 동일비중증권상장지수투자신탁[주식], 상장일 2011.05.18)",https://kind.krx.co.kr/disclosure/disclosurebystocktype.do?method=searchDisclosureByStockTypeEtfSub&forward=disclosurebystocktype_etf_sub&currentPageSize=100&pageIndex=1&orderMode=1&orderStat=D&etfIsuSrtCd=&reportCd=&reportTmp=&etfIsuSrtNm=&reportNm=%EC%8B%A0%EA%B7%9C%EC%83%81%EC%9E%A5&fromDate=2011-05-01&toDate=2011-05-31,kind_listing_notice_title,official_notice_pending_isin,2026-08-14T07:26:02+00:00
ACE 밸류대형,14346,2011-06-21,2011-06-16 16:51,20110616000154,"신규상장(KINDEX 펀더멘털 대형주 증권 상장지수투자신탁(주식), 상장일 2011.06.21)",https://kind.krx.co.kr/disclosure/disclosurebystocktype.do?method=searchDisclosureByStockTypeEtfSub&forward=disclosurebystocktype_etf_sub&currentPageSize=100&pageIndex=1&orderMode=1&orderStat=D&etfIsuSrtCd=&reportCd=&reportTmp=&etfIsuSrtNm=&reportNm=%EC%8B%A0%EA%B7%9C%EC%83%81%EC%9E%A5&fromDate=2011-06-01&toDate=2011-06-30,kind_listing_notice_title,official_notice_pending_isin,2026-08-14T07:26:02+00:00
TIGER 미국S&P500선물(H),14385,2011-07-18,2011-07-14 17:18,20110714000256,"신규상장(미래에셋맵스 TIGER S&P500선물 증권상장지수투자신탁(주식-파생형), 상장일 2011.07.18)",https://kind.krx.co.kr/disclosure/disclosurebystocktype.do?method=searchDisclosureByStockTypeEtfSub&forward=disclosurebystocktype_etf_sub&currentPageSize=100&pageIndex=1&orderMode=1&orderStat=D&etfIsuSrtCd=&reportCd=&reportTmp=&etfIsuSrtNm=&reportNm=%EC%8B%A0%EA%B7%9C%EC%83%81%EC%9E%A5&fromDate=2011-07-01&toDate=2011-07-31,kind_listing_notice_title,official_notice_pending_isin,2026-08-14T07:26:02+00:00
TIGER 헬스케어,14386,2011-07-18,2011-07-14 17:19,20110714000259,"신규상장(미래에셋맵스 TIGER 제약&바이오 증권상장지수투자신탁(주식), 상장일 2011.07.18)",https://kind.krx.co.kr/disclosure/disclosurebystocktype.do?method=searchDisclosureByStockTypeEtfSub&forward=disclosurebystocktype_etf_sub&currentPageSize=100&pageIndex=1&orderMode=1&orderStat=D&etfIsuSrtCd=&reportCd=&reportTmp=&etfIsuSrtNm=&reportNm=%EC%8B%A0%EA%B7%9C%EC%83%81%EC%9E%A5&fromDate=2011-07-01&toDate=2011-07-31,kind_listing_notice_title,official_notice_pending_isin,2026-08-14T07:26:02+00:00
TIGER 인버스국채3Y,14357,2011-07-18,2011-07-14 17:20,20110714000269,"신규상장(미래에셋맵스 TIGER 인버스국채3Y 증권상장지수투자신탁(채권-파생형), 상장일 2011.07.18)",https://kind.krx.co.kr/disclosure/disclosurebystocktype.do?method=searchDisclosureByStockTypeEtfSub&forward=disclosurebystocktype_etf_sub&currentPageSize=100&pageIndex=1&orderMode=1&orderStat=D&etfIsuSrtCd=&reportCd=&reportTmp=&etfIsuSrtNm=&reportNm=%EC%8B%A0%EA%B7%9C%EC%83%81%EC%9E%A5&fromDate=2011-07-01&toDate=2011-07-31,kind_listing_notice_title,official_notice_pending_isin,2026-08-14T07:26:02+00:00
KODEX 은선물(H),14460,2011-07-18,2011-07-14 17:40,20110714000271,"신규상장(삼성KODEX은선물특별자산상장지수투자신탁[은-파생형], 상장일 2011.07.18)",https://kind.krx.co.kr/disclosure/disclosurebystocktype.do?method=searchDisclosureByStockTypeEtfSub&forward=disclosurebystocktype_etf_sub&currentPageSize=100&pageIndex=1&orderMode=1&orderStat=D&etfIsuSrtCd=&reportCd=&reportTmp=&etfIsuSrtNm=&reportNm=%EC%8B%A0%EA%B7%9C%EC%83%81%EC%9E%A5&fromDate=2011-07-01&toDate=2011-07-31,kind_listing_notice_title,official_notice_pending_isin,2026-08-14T07:26:02+00:00
KOSEF 펀더멘탈대형주,14467,2011-07-18,2011-07-14 17:41,20110714000274,"신규상장(우리 KOSEF 펀더멘탈 대형주 증권상장지수투자신탁[주식], 상장일 2011.07.18)",https://kind.krx.co.kr/disclosure/disclosurebystocktype.do?method=searchDisclosureByStockTypeEtfSub&forward=disclosurebystocktype_etf_sub&currentPageSize=100&pageIndex=1&orderMode=1&orderStat=D&etfIsuSrtCd=&reportCd=&reportTmp=&etfIsuSrtNm=&reportNm=%EC%8B%A0%EA%B7%9C%EC%83%81%EC%9E%A5&fromDate=2011-07-01&toDate=2011-07-31,kind_listing_notice_title,official_notice_pending_isin,2026-08-14T07:26:02+00:00
KODEX 태양광,14475,2011-07-27,2011-07-25 13:04,20110725000048,"신규상장(삼성KODEX태양광증권상장지수투자신탁[주식], 상장일 2011.07.27)",https://kind.krx.co.kr/disclosure/disclosurebystocktype.do?method=searchDisclosureByStockTypeEtfSub&forward=disclosurebystocktype_etf_sub&currentPageSize=100&pageIndex=1&orderMode=1&orderStat=D&etfIsuSrtCd=&reportCd=&reportTmp=&etfIsuSrtNm=&reportNm=%EC%8B%A0%EA%B7%9C%EC%83%81%EC%9E%A5&fromDate=2011-07-01&toDate=2011-07-31,kind_listing_notice_title,official_notice_pending_isin,2026-08-14T07:26:02+00:00
ACE 인버스,14567,2011-09-08,2011-09-06 18:59,20110906000448,"신규상장(한국투자 KINDEX 인버스 증권상장지수투자신탁(주식-파생형), 상장일 2011.09.08)",https://kind.krx.co.kr/disclosure/disclosurebystocktype.do?method=searchDisclosureByStockTypeEtfSub&forward=disclosurebystocktype_etf_sub&currentPageSize=100&pageIndex=1&orderMode=1&orderStat=D&etfIsuSrtCd=&reportCd=&reportTmp=&etfIsuSrtNm=&reportNm=%EC%8B%A0%EA%B7%9C%EC%83%81%EC%9E%A5&fromDate=2011-09-01&toDate=2011-09-30,kind_listing_notice_title,official_notice_pending_isin,2026-08-14T07:26:02+00:00
TREX 펀더멘탈200,14585,2011-09-23,2011-09-21 11:21,20110921000039,"신규상장(유리 TREX펀더멘탈200 증권상장지수투자신탁[주식], 상장일 2011.09.23)",https://kind.krx.co.kr/disclosure/disclosurebystocktype.do?method=searchDisclosureByStockTypeEtfSub&forward=disclosurebystocktype_etf_sub&currentPageSize=100&pageIndex=1&orderMode=1&orderStat=D&etfIsuSrtCd=&reportCd=&reportTmp=&etfIsuSrtNm=&reportNm=%EC%8B%A0%EA%B7%9C%EC%83%81%EC%9E%A5&fromDate=2011-09-01&toDate=2011-09-30,kind_listing_notice_title,official_notice_pending_isin,2026-08-14T07:26:02+00:00
PIONEER SRI,14804,2011-10-20,2011-10-18 15:26,20111018000054,"신규상장(KDB PIONEER SRI 증권상장지수투자신탁[주식], 상장일 2011.10.20)",https://kind.krx.co.kr/disclosure/disclosurebystocktype.do?method=searchDisclosureByStockTypeEtfSub&forward=disclosurebystocktype_etf_sub&currentPageSize=100&pageIndex=1&orderMode=1&orderStat=D&etfIsuSrtCd=&reportCd=&reportTmp=&etfIsuSrtNm=&reportNm=%EC%8B%A0%EA%B7%9C%EC%83%81%EC%9E%A5&fromDate=2011-10-01&toDate=2011-10-31,kind_listing_notice_title,official_notice_pending_isin,2026-08-14T07:26:02+00:00
RISE 200,14802,2011-10-20,2011-10-18 15:27,20111018000082,"신규상장(KB KStar 200 증권 상장지수 투자신탁(주식), 상장일 2011.10.20)",https://kind.krx.co.kr/disclosure/disclosurebystocktype.do?method=searchDisclosureByStockTypeEtfSub&forward=disclosurebystocktype_etf_sub&currentPageSize=100&pageIndex=1&orderMode=1&orderStat=D&etfIsuSrtCd=&reportCd=&reportTmp=&etfIsuSrtNm=&reportNm=%EC%8B%A0%EA%B7%9C%EC%83%81%EC%9E%A5&fromDate=2011-10-01&toDate=2011-10-31,kind_listing_notice_title,official_notice_pending_isin,2026-08-14T07:26:02+00:00
KIWOOM 국고채10년,14807,2011-10-20,2011-10-18 15:27,20111018000086,"신규상장(우리 KOSEF 10년 국고채 증권상장지수투자신탁[채권], 상장일 2011.10.20)",https://kind.krx.co.kr/disclosure/disclosurebystocktype.do?method=searchDisclosureByStockTypeEtfSub&forward=disclosurebystocktype_etf_sub&currentPageSize=100&pageIndex=1&orderMode=1&orderStat=D&etfIsuSrtCd=&reportCd=&reportTmp=&etfIsuSrtNm=&reportNm=%EC%8B%A0%EA%B7%9C%EC%83%81%EC%9E%A5&fromDate=2011-10-01&toDate=2011-10-31,kind_listing_notice_title,official_notice_pending_isin,2026-08-14T07:26:02+00:00
TIGER 모멘텀,14797,2011-10-26,2011-10-24 13:06,20111024000040,"신규상장(미래에셋맵스 TIGER 모멘텀 증권상장지수투자신탁(주식), 상장일 2011.10.26)",https://kind.krx.co.kr/disclosure/disclosurebystocktype.do?method=searchDisclosureByStockTypeEtfSub&forward=disclosurebystocktype_etf_sub&currentPageSize=100&pageIndex=1&orderMode=1&orderStat=D&etfIsuSrtCd=&reportCd=&reportTmp=&etfIsuSrtNm=&reportNm=%EC%8B%A0%EA%B7%9C%EC%83%81%EC%9E%A5&fromDate=2011-10-01&toDate=2011-10-31,kind_listing_notice_title,official_notice_pending_isin,2026-08-14T07:26:02+00:00
TIGER 중국소비테마,15046,2011-12-16,2011-12-14 14:37,20111214000337,"신규상장(미래에셋맵스 TIGER 중국소비테마 증권상장지수투자신탁(주식), 상장일 2011.12.16)",https://kind.krx.co.kr/disclosure/disclosurebystocktype.do?method=searchDisclosureByStockTypeEtfSub&forward=disclosurebystocktype_etf_sub&currentPageSize=100&pageIndex=1&orderMode=1&orderStat=D&etfIsuSrtCd=&reportCd=&reportTmp=&etfIsuSrtNm=&reportNm=%EC%8B%A0%EA%B7%9C%EC%83%81%EC%9E%A5&fromDate=2011-12-01&toDate=2011-12-31,kind_listing_notice_title,official_notice_pending_isin,2026-08-14T07:26:02+00:00
PLUS 200,15210,2012-01-10,2012-01-06 13:53,20120106000152,"신규상장(한화 아리랑 200 증권상장지수투자신탁(주식), 상장일 2012.01.10)",https://kind.krx.co.kr/disclosure/disclosurebystocktype.do?method=searchDisclosureByStockTypeEtfSub&forward=disclosurebystocktype_etf_sub&currentPageSize=100&pageIndex=1&orderMode=1&orderStat=D&etfIsuSrtCd=&reportCd=&reportTmp=&etfIsuSrtNm=&reportNm=%EC%8B%A0%EA%B7%9C%EC%83%81%EC%9E%A5&fromDate=2012-01-01&toDate=2012-01-31,kind_listing_notice_title,official_notice_pending_isin,2026-08-14T07:26:02+00:00
KOSEF 200선물,15228,2012-01-13,2012-01-11 16:41,20120111000076,"신규상장(우리 KOSEF 200 선물 증권상장지수투자신탁[주식-파생형], 상장일 2012.01.13)",https://kind.krx.co.kr/disclosure/disclosurebystocktype.do?method=searchDisclosureByStockTypeEtfSub&forward=disclosurebystocktype_etf_sub&currentPageSize=100&pageIndex=1&orderMode=1&orderStat=D&etfIsuSrtCd=&reportCd=&reportTmp=&etfIsuSrtNm=&reportNm=%EC%8B%A0%EA%B7%9C%EC%83%81%EC%9E%A5&fromDate=2012-01-01&toDate=2012-01-31,kind_listing_notice_title,official_notice_pending_isin,2026-08-14T07:26:02+00:00
TIGER 생활필수품,15218,2012-01-17,2012-01-13 15:45,20120113000177,"신규상장(미래에셋맵스 TIGER 생활소비재 증권상장지수투자신탁(주식), 상장일 2012.01.17)",https://kind.krx.co.kr/disclosure/disclosurebystocktype.do?method=searchDisclosureByStockTypeEtfSub&forward=disclosurebystocktype_etf_sub&currentPageSize=100&pageIndex=1&orderMode=1&orderStat=D&etfIsuSrtCd=&reportCd=&reportTmp=&etfIsuSrtNm=&reportNm=%EC%8B%A0%EA%B7%9C%EC%83%81%EC%9E%A5&fromDate=2012-01-01&toDate=2012-01-31,kind_listing_notice_title,official_notice_pending_isin,2026-08-14T07:26:02+00:00
KODEX 국채선물10년,15238,2012-01-20,2012-01-18 10:30,20120118000031,"신규상장(삼성KODEX10년국채선물증권상장지수투자신탁[채권-파생형], 상장일 2012.01.20)",https://kind.krx.co.kr/disclosure/disclosurebystocktype.do?method=searchDisclosureByStockTypeEtfSub&forward=disclosurebystocktype_etf_sub&currentPageSize=100&pageIndex=1&orderMode=1&orderStat=D&etfIsuSrtCd=&reportCd=&reportTmp=&etfIsuSrtNm=&reportNm=%EC%8B%A0%EA%B7%9C%EC%83%81%EC%9E%A5&fromDate=2012-01-01&toDate=2012-01-31,kind_listing_notice_title,official_notice_pending_isin,2026-08-14T07:26:02+00:00
ACE 레버리지,15250,2012-01-27,2012-01-25 17:24,20120125000233,"신규상장(한국투자 KINDEX 레버리지 증권상장지수투자신탁(주식-파생형), 상장일 2012.01.27)",https://kind.krx.co.kr/disclosure/disclosurebystocktype.do?method=searchDisclosureByStockTypeEtfSub&forward=disclosurebystocktype_etf_sub&currentPageSize=100&pageIndex=1&orderMode=1&orderStat=D&etfIsuSrtCd=&reportCd=&reportTmp=&etfIsuSrtNm=&reportNm=%EC%8B%A0%EA%B7%9C%EC%83%81%EC%9E%A5&fromDate=2012-01-01&toDate=2012-01-31,kind_listing_notice_title,official_notice_pending_isin,2026-08-14T07:26:02+00:00
파워 200,15287,2012-02-13,2012-02-09 13:47,20120209000127,"신규상장(교보악사 파워 K200 증권 상장지수투자신탁(주식), 상장일 2012.02.13)",https://kind.krx.co.kr/disclosure/disclosurebystocktype.do?method=searchDisclosureByStockTypeEtfSub&forward=disclosurebystocktype_etf_sub&currentPageSize=100&pageIndex=1&orderMode=1&orderStat=D&etfIsuSrtCd=&reportCd=&reportTmp=&etfIsuSrtNm=&reportNm=%EC%8B%A0%EA%B7%9C%EC%83%81%EC%9E%A5&fromDate=2012-02-01&toDate=2012-02-29,kind_listing_notice_title,official_notice_pending_isin,2026-08-14T07:26:02+00:00
KODEX 단기채권,15313,2012-02-22,2012-02-21 09:31,20120221000033,"신규상장(삼성KODEX단기채권증권상장지수투자신탁[채권], 상장일 2012.02.22)",https://kind.krx.co.kr/disclosure/disclosurebystocktype.do?method=searchDisclosureByStockTypeEtfSub&forward=disclosurebystocktype_etf_sub&currentPageSize=100&pageIndex=1&orderMode=1&orderStat=D&etfIsuSrtCd=&reportCd=&reportTmp=&etfIsuSrtNm=&reportNm=%EC%8B%A0%EA%B7%9C%EC%83%81%EC%9E%A5&fromDate=2012-02-01&toDate=2012-02-29,kind_listing_notice_title,official_notice_pending_isin,2026-08-14T07:26:02+00:00
KIWOOM 코스피100,15327,2012-02-28,2012-02-23 15:17,20120223000158,"신규상장(키움 iKon100증권상장지수투자신탁[주식], 상장일 2012.02.28)",https://kind.krx.co.kr/disclosure/disclosurebystocktype.do?method=searchDisclosureByStockTypeEtfSub&forward=disclosurebystocktype_etf_sub&currentPageSize=100&pageIndex=1&orderMode=1&orderStat=D&etfIsuSrtCd=&reportCd=&reportTmp=&etfIsuSrtNm=&reportNm=%EC%8B%A0%EA%B7%9C%EC%83%81%EC%9E%A5&fromDate=2012-02-01&toDate=2012-02-29,kind_listing_notice_title,official_notice_pending_isin,2026-08-14T07:26:02+00:00
KODEX MSCI Korea,15608,2012-04-30,2012-04-26 15:38,20120426000174,"신규상장(삼성 KODEX MSCI KOREA 증권상장지수투자신탁(주식), 상장일 2012.04.30)",https://kind.krx.co.kr/disclosure/disclosurebystocktype.do?method=searchDisclosureByStockTypeEtfSub&forward=disclosurebystocktype_etf_sub&currentPageSize=100&pageIndex=1&orderMode=1&orderStat=D&etfIsuSrtCd=&reportCd=&reportTmp=&etfIsuSrtNm=&reportNm=%EC%8B%A0%EA%B7%9C%EC%83%81%EC%9E%A5&fromDate=2012-04-01&toDate=2012-04-30,kind_listing_notice_title,official_notice_pending_isin,2026-08-14T07:26:02+00:00
TIGER 자동차,15751,2012-05-16,2012-05-14 13:52,20120514000108,"신규상장(미래에셋 TIGER 자동차 증권상장지수투자신탁(주식), 상장일 2012.05.16)",https://kind.krx.co.kr/disclosure/disclosurebystocktype.do?method=searchDisclosureByStockTypeEtfSub&forward=disclosurebystocktype_etf_sub&currentPageSize=100&pageIndex=1&orderMode=1&orderStat=D&etfIsuSrtCd=&reportCd=&reportTmp=&etfIsuSrtNm=&reportNm=%EC%8B%A0%EA%B7%9C%EC%83%81%EC%9E%A5&fromDate=2012-05-01&toDate=2012-05-31,kind_listing_notice_title,official_notice_pending_isin,2026-08-14T07:26:02+00:00
TIGER 화학,15752,2012-05-16,2012-05-14 13:52,20120514000110,"신규상장(미래에셋 TIGER 화학 증권상장지수투자신탁(주식), 상장일 2012.05.16)",https://kind.krx.co.kr/disclosure/disclosurebystocktype.do?method=searchDisclosureByStockTypeEtfSub&forward=disclosurebystocktype_etf_sub&currentPageSize=100&pageIndex=1&orderMode=1&orderStat=D&etfIsuSrtCd=&reportCd=&reportTmp=&etfIsuSrtNm=&reportNm=%EC%8B%A0%EA%B7%9C%EC%83%81%EC%9E%A5&fromDate=2012-05-01&toDate=2012-05-31,kind_listing_notice_title,official_notice_pending_isin,2026-08-14T07:26:02+00:00
TIGER 증권,15750,2012-05-16,2012-05-14 13:52,20120514000112,"신규상장(미래에셋 TIGER 증권 증권상장지수투자신탁(주식), 상장일 2012.05.16)",https://kind.krx.co.kr/disclosure/disclosurebystocktype.do?method=searchDisclosureByStockTypeEtfSub&forward=disclosurebystocktype_etf_sub&currentPageSize=100&pageIndex=1&orderMode=1&orderStat=D&etfIsuSrtCd=&reportCd=&reportTmp=&etfIsuSrtNm=&reportNm=%EC%8B%A0%EA%B7%9C%EC%83%81%EC%9E%A5&fromDate=2012-05-01&toDate=2012-05-31,kind_listing_notice_title,official_notice_pending_isin,2026-08-14T07:26:02+00:00
TIGER 소프트웨어,15749,2012-05-16,2012-05-14 13:54,20120514000114,"신규상장(미래에셋 TIGER 소프트웨어 증권상장지수투자신탁(주식), 상장일 2012.05.16)",https://kind.krx.co.kr/disclosure/disclosurebystocktype.do?method=searchDisclosureByStockTypeEtfSub&forward=disclosurebystocktype_etf_sub&currentPageSize=100&pageIndex=1&orderMode=1&orderStat=D&etfIsuSrtCd=&reportCd=&reportTmp=&etfIsuSrtNm=&reportNm=%EC%8B%A0%EA%B7%9C%EC%83%81%EC%9E%A5&fromDate=2012-05-01&toDate=2012-05-31,kind_listing_notice_title,official_notice_pending_isin,2026-08-14T07:26:02+00:00
TIGER 단기통안채,15745,2012-05-16,2012-05-14 13:54,20120514000115,"신규상장(미래에셋 TIGER 유동자금 증권상장지수투자신탁(채권), 상장일 2012.05.16)",https://kind.krx.co.kr/disclosure/disclosurebystocktype.do?method=searchDisclosureByStockTypeEtfSub&forward=disclosurebystocktype_etf_sub&currentPageSize=100&pageIndex=1&orderMode=1&orderStat=D&etfIsuSrtCd=&reportCd=&reportTmp=&etfIsuSrtNm=&reportNm=%EC%8B%A0%EA%B7%9C%EC%83%81%EC%9E%A5&fromDate=2012-05-01&toDate=2012-05-31,kind_listing_notice_title,official_notice_pending_isin,2026-08-14T07:26:02+00:00
KBSTAR 5대그룹주장기채+,15765,2012-05-23,2012-05-21 11:46,20120521000049,"신규상장(KB KStar 5대그룹주장기채플러스 증권상장지수투자신탁(주식혼합-파생형, 상장일 2012.05.23)",https://kind.krx.co.kr/disclosure/disclosurebystocktype.do?method=searchDisclosureByStockTypeEtfSub&forward=disclosurebystocktype_etf_sub&currentPageSize=100&pageIndex=1&orderMode=1&orderStat=D&etfIsuSrtCd=&reportCd=&reportTmp=&etfIsuSrtNm=&reportNm=%EC%8B%A0%EA%B7%9C%EC%83%81%EC%9E%A5&fromDate=2012-05-01&toDate=2012-05-31,kind_listing_notice_title,official_notice_pending_isin,2026-08-14T07:26:02+00:00
마이티 코스피100,15980,2012-07-05,2012-07-03 20:15,20120703000392,"신규상장(동부마이티K100증권상장지수투자신탁[주식], 상장일 2012.07.05)",https://kind.krx.co.kr/disclosure/disclosurebystocktype.do?method=searchDisclosureByStockTypeEtfSub&forward=disclosurebystocktype_etf_sub&currentPageSize=100&pageIndex=1&orderMode=1&orderStat=D&etfIsuSrtCd=&reportCd=&reportTmp=&etfIsuSrtNm=&reportNm=%EC%8B%A0%EA%B7%9C%EC%83%81%EC%9E%A5&fromDate=2012-07-01&toDate=2012-07-31,kind_listing_notice_title,official_notice_pending_isin,2026-08-14T07:26:02+00:00
ARIRANG 경기방어주,16149,2012-08-29,2012-08-27 14:36,20120827000128,"신규상장(한화 아리랑 경기방어주 증권상장지수투자신탁(주식), 상장일 2012.08.29)",https://kind.krx.co.kr/disclosure/disclosurebystocktype.do?method=searchDisclosureByStockTypeEtfSub&forward=disclosurebystocktype_etf_sub&currentPageSize=100&pageIndex=1&orderMode=1&orderStat=D&etfIsuSrtCd=&reportCd=&reportTmp=&etfIsuSrtNm=&reportNm=%EC%8B%A0%EA%B7%9C%EC%83%81%EC%9E%A5&fromDate=2012-08-01&toDate=2012-08-31,kind_listing_notice_title,official_notice_pending_isin,2026-08-14T07:26:02+00:00
ARIRANG 자동차,16152,2012-08-29,2012-08-27 14:37,20120827000132,"신규상장(한화 아리랑 자동차 증권상장지수투자신탁증권(주식), 상장일 2012.08.29)",https://kind.krx.co.kr/disclosure/disclosurebystocktype.do?method=searchDisclosureByStockTypeEtfSub&forward=disclosurebystocktype_etf_sub&currentPageSize=100&pageIndex=1&orderMode=1&orderStat=D&etfIsuSrtCd=&reportCd=&reportTmp=&etfIsuSrtNm=&reportNm=%EC%8B%A0%EA%B7%9C%EC%83%81%EC%9E%A5&fromDate=2012-08-01&toDate=2012-08-31,kind_listing_notice_title,official_notice_pending_isin,2026-08-14T07:26:02+00:00
ARIRANG 조선운송,16153,2012-08-29,2012-08-27 14:38,20120827000134,"신규상장(한화 아리랑 조선운송 증권상장지수투자신탁증권(주식), 상장일 2012.08.29)",https://kind.krx.co.kr/disclosure/disclosurebystocktype.do?method=searchDisclosureByStockTypeEtfSub&forward=disclosurebystocktype_etf_sub&currentPageSize=100&pageIndex=1&orderMode=1&orderStat=D&etfIsuSrtCd=&reportCd=&reportTmp=&etfIsuSrtNm=&reportNm=%EC%8B%A0%EA%B7%9C%EC%83%81%EC%9E%A5&fromDate=2012-08-01&toDate=2012-08-31,kind_listing_notice_title,official_notice_pending_isin,2026-08-14T07:26:02+00:00
ARIRANG 철강금속,16154,2012-08-29,2012-08-27 14:39,20120827000135,"신규상장(한화 아리랑 철강금속 증권상장지수투자신탁증권(주식), 상장일 2012.08.29)",https://kind.krx.co.kr/disclosure/disclosurebystocktype.do?method=searchDisclosureByStockTypeEtfSub&forward=disclosurebystocktype_etf_sub&currentPageSize=100&pageIndex=1&orderMode=1&orderStat=D&etfIsuSrtCd=&reportCd=&reportTmp=&etfIsuSrtNm=&reportNm=%EC%8B%A0%EA%B7%9C%EC%83%81%EC%9E%A5&fromDate=2012-08-01&toDate=2012-08-31,kind_listing_notice_title,official_notice_pending_isin,2026-08-14T07:26:02+00:00
ARIRANG 화학,16155,2012-08-29,2012-08-27 14:39,20120827000140,"신규상장(한화 아리랑 화학 증권상장지수투자신탁증권(주식), 상장일 2012.08.29)",https://kind.krx.co.kr/disclosure/disclosurebystocktype.do?method=searchDisclosureByStockTypeEtfSub&forward=disclosurebystocktype_etf_sub&currentPageSize=100&pageIndex=1&orderMode=1&orderStat=D&etfIsuSrtCd=&reportCd=&reportTmp=&etfIsuSrtNm=&reportNm=%EC%8B%A0%EA%B7%9C%EC%83%81%EC%9E%A5&fromDate=2012-08-01&toDate=2012-08-31,kind_listing_notice_title,official_notice_pending_isin,2026-08-14T07:26:02+00:00
PLUS 고배당주,16151,2012-08-29,2012-08-27 14:40,20120827000143,"신규상장(한화 아리랑 배당주 증권상장지수투자신탁증권(주식), 상장일 2012.08.29)",https://kind.krx.co.kr/disclosure/disclosurebystocktype.do?method=searchDisclosureByStockTypeEtfSub&forward=disclosurebystocktype_etf_sub&currentPageSize=100&pageIndex=1&orderMode=1&orderStat=D&etfIsuSrtCd=&reportCd=&reportTmp=&etfIsuSrtNm=&reportNm=%EC%8B%A0%EA%B7%9C%EC%83%81%EC%9E%A5&fromDate=2012-08-01&toDate=2012-08-31,kind_listing_notice_title,official_notice_pending_isin,2026-08-14T07:26:02+00:00
ARIRANG 경기주도주,16150,2012-08-29,2012-08-27 14:36,20120827000149,"신규상장(한화 아리랑 경기주도주 증권상장지수투자신탁(주식), 상장일 2012.08.29)",https://kind.krx.co.kr/disclosure/disclosurebystocktype.do?method=searchDisclosureByStockTypeEtfSub&forward=disclosurebystocktype_etf_sub&currentPageSize=100&pageIndex=1&orderMode=1&orderStat=D&etfIsuSrtCd=&reportCd=&reportTmp=&etfIsuSrtNm=&reportNm=%EC%8B%A0%EA%B7%9C%EC%83%81%EC%9E%A5&fromDate=2012-08-01&toDate=2012-08-31,kind_listing_notice_title,official_notice_pending_isin,2026-08-14T07:26:02+00:00
KODEX주식&골드,16606,2012-10-10,2012-10-08 13:40,20121008000084,"신규상장(삼성KODEX주식&골드선물(H)혼합자산ETF[혼합자산-파생형], 상장일 2012.10.10)",https://kind.krx.co.kr/disclosure/disclosurebystocktype.do?method=searchDisclosureByStockTypeEtfSub&forward=disclosurebystocktype_etf_sub&currentPageSize=100&pageIndex=1&orderMode=1&orderStat=D&etfIsuSrtCd=&reportCd=&reportTmp=&etfIsuSrtNm=&reportNm=%EC%8B%A0%EA%B7%9C%EC%83%81%EC%9E%A5&fromDate=2012-10-01&toDate=2012-10-31,kind_listing_notice_title,official_notice_pending_isin,2026-08-14T07:26:02+00:00
TIGER 200커버드콜OTM,16640,2012-10-25,2012-10-23 17:18,20121023000307,"신규상장(미래에셋 TIGER 커버드C200 증권상장지수투자신탁(주식-파생형), 상장일 2012.10.25)",https://kind.krx.co.kr/disclosure/disclosurebystocktype.do?method=searchDisclosureByStockTypeEtfSub&forward=disclosurebystocktype_etf_sub&currentPageSize=100&pageIndex=1&orderMode=1&orderStat=D&etfIsuSrtCd=&reportCd=&reportTmp=&etfIsuSrtNm=&reportNm=%EC%8B%A0%EA%B7%9C%EC%83%81%EC%9E%A5&fromDate=2012-10-01&toDate=2012-10-31,kind_listing_notice_title,official_notice_pending_isin,2026-08-14T07:26:02+00:00
KIWOOM 국고채10년레버리지,16786,2012-10-30,2012-10-26 18:29,20121026000520,"신규상장(우리 KOSEF 10년 국고채 레버리지 증권상장지수투자신탁[채권-파생형], 상장일 2012.10.30)",https://kind.krx.co.kr/disclosure/disclosurebystocktype.do?method=searchDisclosureByStockTypeEtfSub&forward=disclosurebystocktype_etf_sub&currentPageSize=100&pageIndex=1&orderMode=1&orderStat=D&etfIsuSrtCd=&reportCd=&reportTmp=&etfIsuSrtNm=&reportNm=%EC%8B%A0%EA%B7%9C%EC%83%81%EC%9E%A5&fromDate=2012-10-01&toDate=2012-10-31,kind_listing_notice_title,official_notice_pending_isin,2026-08-14T07:26:02+00:00
KTOP 코스피50,16830,2012-11-12,2012-11-08 15:35,20121108000190,"신규상장(하나UBS KTOP KOSPI50 증권상장지수투자신탁[주식], 상장일 2012.11.12)",https://kind.krx.co.kr/disclosure/disclosurebystocktype.do?method=searchDisclosureByStockTypeEtfSub&forward=disclosurebystocktype_etf_sub&currentPageSize=100&pageIndex=1&orderMode=1&orderStat=D&etfIsuSrtCd=&reportCd=&reportTmp=&etfIsuSrtNm=&reportNm=%EC%8B%A0%EA%B7%9C%EC%83%81%EC%9E%A5&fromDate=2012-11-01&toDate=2012-11-30,kind_listing_notice_title,official_notice_pending_isin,2026-08-14T07:26:02+00:00
ACE 중국본토CSI300,16858,2012-11-29,2012-11-27 18:00,20121127000363,"신규상장(한국투자KINDEX중국본토CSI300증권상장지수자투자신탁(주-파), 상장일 2012.11.29)",https://kind.krx.co.kr/disclosure/disclosurebystocktype.do?method=searchDisclosureByStockTypeEtfSub&forward=disclosurebystocktype_etf_sub&currentPageSize=100&pageIndex=1&orderMode=1&orderStat=D&etfIsuSrtCd=&reportCd=&reportTmp=&etfIsuSrtNm=&reportNm=%EC%8B%A0%EA%B7%9C%EC%83%81%EC%9E%A5&fromDate=2012-11-01&toDate=2012-11-30,kind_listing_notice_title,official_notice_pending_isin,2026-08-14T07:26:02+00:00
TIGER 구리실물,16058,2012-12-17,2012-12-13 09:43,20121213000033,"신규상장(미래에셋 TIGER 구리실물 특별자산상장지수투자신탁(금속), 상장일 2012.12.17)",https://kind.krx.co.kr/disclosure/disclosurebystocktype.do?method=searchDisclosureByStockTypeEtfSub&forward=disclosurebystocktype_etf_sub&currentPageSize=100&pageIndex=1&orderMode=1&orderStat=D&etfIsuSrtCd=&reportCd=&reportTmp=&etfIsuSrtNm=&reportNm=%EC%8B%A0%EA%B7%9C%EC%83%81%EC%9E%A5&fromDate=2012-12-01&toDate=2012-12-31,kind_listing_notice_title,official_notice_pending_isin,2026-08-14T07:26:02+00:00
TIGER 베타플러스,17035,2013-01-17,2013-01-15 10:58,20130115000046,"신규상장(미래에셋 TIGER 베타플러스 증권상장지수투자신탁(주식), 상장일 2013.01.17)",https://kind.krx.co.kr/disclosure/disclosurebystocktype.do?method=searchDisclosureByStockTypeEtfSub&forward=disclosurebystocktype_etf_sub&currentPageSize=100&pageIndex=1&orderMode=1&orderStat=D&etfIsuSrtCd=&reportCd=&reportTmp=&etfIsuSrtNm=&reportNm=%EC%8B%A0%EA%B7%9C%EC%83%81%EC%9E%A5&fromDate=2013-01-01&toDate=2013-01-31,kind_listing_notice_title,official_notice_pending_isin,2026-08-14T07:26:02+00:00
파워 중기국고채,17671,2013-05-22,2013-05-20 16:04,20130520000244,"신규상장(교보악사 파워 국고채 증권 상장지수투자신탁[채권], 상장일 2013.05.22)",https://kind.krx.co.kr/disclosure/disclosurebystocktype.do?method=searchDisclosureByStockTypeEtfSub&forward=disclosurebystocktype_etf_sub&currentPageSize=100&pageIndex=1&orderMode=1&orderStat=D&etfIsuSrtCd=&reportCd=&reportTmp=&etfIsuSrtNm=&reportNm=%EC%8B%A0%EA%B7%9C%EC%83%81%EC%9E%A5&fromDate=2013-05-01&toDate=2013-05-31,kind_listing_notice_title,official_notice_pending_isin,2026-08-14T07:26:02+00:00
KODEX 국채선물10년인버스,17695,2013-05-31,2013-05-29 15:27,20130529000202,"신규상장(삼성KODEX10년국채선물인버스증권상장지수투자신탁[채권-파생형], 상장일 2013.05.31)",https://kind.krx.co.kr/disclosure/disclosurebystocktype.do?method=searchDisclosureByStockTypeEtfSub&forward=disclosurebystocktype_etf_sub&currentPageSize=100&pageIndex=1&orderMode=1&orderStat=D&etfIsuSrtCd=&reportCd=&reportTmp=&etfIsuSrtNm=&reportNm=%EC%8B%A0%EA%B7%9C%EC%83%81%EC%9E%A5&fromDate=2013-05-01&toDate=2013-05-31,kind_listing_notice_title,official_notice_pending_isin,2026-08-14T07:26:02+00:00
RISE 중국본토대형주CSI100,17436,2013-06-04,2013-05-31 13:38,20130531000241,"신규상장(KB KStar 중국본토 CSI100 증권 상장지수 자투자신탁(주식), 상장일 2013.06.04)",https://kind.krx.co.kr/disclosure/disclosurebystocktype.do?method=searchDisclosureByStockTypeEtfSub&forward=disclosurebystocktype_etf_sub&currentPageSize=100&pageIndex=1&orderMode=1&orderStat=D&etfIsuSrtCd=&reportCd=&reportTmp=&etfIsuSrtNm=&reportNm=%EC%8B%A0%EA%B7%9C%EC%83%81%EC%9E%A5&fromDate=2013-05-01&toDate=2013-05-31,kind_listing_notice_title,official_notice_pending_isin,2026-08-14T07:26:02+00:00
KINDEX 선진국하이일드(합성 H),18145,2013-08-01,2013-07-30 18:16,20130730000446,"신규상장(한국투자 KINDEX 합성-iBoxx 선진국하이일드 증권 상장지수투자신탁, 상장일 2013.08.01)",https://kind.krx.co.kr/disclosure/disclosurebystocktype.do?method=searchDisclosureByStockTypeEtfSub&forward=disclosurebystocktype_etf_sub&currentPageSize=100&pageIndex=1&orderMode=1&orderStat=D&etfIsuSrtCd=&reportCd=&reportTmp=&etfIsuSrtNm=&reportNm=%EC%8B%A0%EA%B7%9C%EC%83%81%EC%9E%A5&fromDate=2013-07-01&toDate=2013-07-31,kind_listing_notice_title,official_notice_pending_isin,2026-08-14T07:26:02+00:00
ACE 미국부동산리츠(합성 H),18148,2013-08-01,2013-07-30 18:17,20130730000447,"신규상장(한국투자 KINDEX 합성-다우존스 미국 리츠 부동산 상장지수투자신탁, 상장일 2013.08.01)",https://kind.krx.co.kr/disclosure/disclosurebystocktype.do?method=searchDisclosureByStockTypeEtfSub&forward=disclosurebystocktype_etf_sub&currentPageSize=100&pageIndex=1&orderMode=1&orderStat=D&etfIsuSrtCd=&reportCd=&reportTmp=&etfIsuSrtNm=&reportNm=%EC%8B%A0%EA%B7%9C%EC%83%81%EC%9E%A5&fromDate=2013-07-01&toDate=2013-07-31,kind_listing_notice_title,official_notice_pending_isin,2026-08-14T07:26:02+00:00
TIGER 미국MSCI리츠(합성 H),18248,2013-10-10,2013-10-07 14:22,20131007000134,"신규상장(미래에셋TIGER합성-MSCIUS리츠부동산상장지수투자신탁(파생형)(H), 상장일 2013.10.10)",https://kind.krx.co.kr/disclosure/disclosurebystocktype.do?method=searchDisclosureByStockTypeEtfSub&forward=disclosurebystocktype_etf_sub&currentPageSize=100&pageIndex=1&orderMode=1&orderStat=D&etfIsuSrtCd=&reportCd=&reportTmp=&etfIsuSrtNm=&reportNm=%EC%8B%A0%EA%B7%9C%EC%83%81%EC%9E%A5&fromDate=2013-10-01&toDate=2013-10-31,kind_listing_notice_title,official_notice_pending_isin,2026-08-14T07:26:02+00:00
RISE 주식혼합,18371,2013-10-17,2013-10-15 18:11,20131015000273,"신규상장(KB KStar 주식혼합 증권상장지수투자신탁(주식-파생형), 상장일 2013.10.17)",https://kind.krx.co.kr/disclosure/disclosurebystocktype.do?method=searchDisclosureByStockTypeEtfSub&forward=disclosurebystocktype_etf_sub&currentPageSize=100&pageIndex=1&orderMode=1&orderStat=D&etfIsuSrtCd=&reportCd=&reportTmp=&etfIsuSrtNm=&reportNm=%EC%8B%A0%EA%B7%9C%EC%83%81%EC%9E%A5&fromDate=2013-10-01&toDate=2013-10-31,kind_listing_notice_title,official_notice_pending_isin,2026-08-14T07:26:02+00:00
RISE 200채권혼합50,18370,2013-10-17,2013-10-15 18:12,20131015000275,"신규상장(KB KStar 채권혼합 증권상장지수투자신탁(채권혼합-파생형), 상장일 2013.10.17)",https://kind.krx.co.kr/disclosure/disclosurebystocktype.do?method=searchDisclosureByStockTypeEtfSub&forward=disclosurebystocktype_etf_sub&currentPageSize=100&pageIndex=1&orderMode=1&orderStat=D&etfIsuSrtCd=&reportCd=&reportTmp=&etfIsuSrtNm=&reportNm=%EC%8B%A0%EA%B7%9C%EC%83%81%EC%9E%A5&fromDate=2013-10-01&toDate=2013-10-31,kind_listing_notice_title,official_notice_pending_isin,2026-08-14T07:26:02+00:00
KODEX 미국S&P바이오(합성),18568,2013-10-31,2013-10-29 14:02,20131029000115,"신규상장(삼성KODEX 합성-미국 바이오테크 증권상장지수투자신탁[주식-파생형], 상장일 2013.10.31)",https://kind.krx.co.kr/disclosure/disclosurebystocktype.do?method=searchDisclosureByStockTypeEtfSub&forward=disclosurebystocktype_etf_sub&currentPageSize=100&pageIndex=1&orderMode=1&orderStat=D&etfIsuSrtCd=&reportCd=&reportTmp=&etfIsuSrtNm=&reportNm=%EC%8B%A0%EA%B7%9C%EC%83%81%EC%9E%A5&fromDate=2013-10-01&toDate=2013-10-31,kind_listing_notice_title,official_notice_pending_isin,2026-08-14T07:26:02+00:00
PLUS 글로벌MSCI(합성 H),18940,2013-12-10,2013-12-06 11:39,20131206000058,"신규상장(한화ARIRANG 합성-MSCI AC World 증권상장지수투자신탁(H), 상장일 2013.12.10)",https://kind.krx.co.kr/disclosure/disclosurebystocktype.do?method=searchDisclosureByStockTypeEtfSub&forward=disclosurebystocktype_etf_sub&currentPageSize=100&pageIndex=1&orderMode=1&orderStat=D&etfIsuSrtCd=&reportCd=&reportTmp=&etfIsuSrtNm=&reportNm=%EC%8B%A0%EA%B7%9C%EC%83%81%EC%9E%A5&fromDate=2013-12-01&toDate=2013-12-31,kind_listing_notice_title,official_notice_pending_isin,2026-08-14T07:26:02+00:00
ARIRANG 바벨 채권,19015,2013-12-19,2013-12-17 18:20,20131217000395,"신규상장(한화 ARIRANG 바벨 증권상장지수투자신탁(채권), 상장일 2013.12.19)",https://kind.krx.co.kr/disclosure/disclosurebystocktype.do?method=searchDisclosureByStockTypeEtfSub&forward=disclosurebystocktype_etf_sub&currentPageSize=100&pageIndex=1&orderMode=1&orderStat=D&etfIsuSrtCd=&reportCd=&reportTmp=&etfIsuSrtNm=&reportNm=%EC%8B%A0%EA%B7%9C%EC%83%81%EC%9E%A5&fromDate=2013-12-01&toDate=2013-12-31,kind_listing_notice_title,official_notice_pending_isin,2026-08-14T07:26:02+00:00
ARIRANG 단기유동성,19016,2013-12-19,2013-12-17 18:20,20131217000396,"신규상장(한화 ARIRANG 단기유동성 증권상장지수투자신탁(채권), 상장일 2013.12.19)",https://kind.krx.co.kr/disclosure/disclosurebystocktype.do?method=searchDisclosureByStockTypeEtfSub&forward=disclosurebystocktype_etf_sub&currentPageSize=100&pageIndex=1&orderMode=1&orderStat=D&etfIsuSrtCd=&reportCd=&reportTmp=&etfIsuSrtNm=&reportNm=%EC%8B%A0%EA%B7%9C%EC%83%81%EC%9E%A5&fromDate=2013-12-01&toDate=2013-12-31,kind_listing_notice_title,official_notice_pending_isin,2026-08-14T07:26:02+00:00
ACE 단기통안채,19062,2013-12-23,2013-12-19 16:51,20131219000451,"신규상장(한국투자 KINDEX 단기자금 증권 상장지수투자신탁(채권), 상장일 2013.12.23)",https://kind.krx.co.kr/disclosure/disclosurebystocktype.do?method=searchDisclosureByStockTypeEtfSub&forward=disclosurebystocktype_etf_sub&currentPageSize=100&pageIndex=1&orderMode=1&orderStat=D&etfIsuSrtCd=&reportCd=&reportTmp=&etfIsuSrtNm=&reportNm=%EC%8B%A0%EA%B7%9C%EC%83%81%EC%9E%A5&fromDate=2013-12-01&toDate=2013-12-31,kind_listing_notice_title,official_notice_pending_isin,2026-08-14T07:26:02+00:00
TIGER 차이나CSI300,19209,2014-02-17,2014-02-13 17:54,20140213000541,"신규상장(미래에셋 TIGER차이나A300 증권상장지수자투자신탁(주식-파생형), 상장일 2014.02.17)",https://kind.krx.co.kr/disclosure/disclosurebystocktype.do?method=searchDisclosureByStockTypeEtfSub&forward=disclosurebystocktype_etf_sub&currentPageSize=100&pageIndex=1&orderMode=1&orderStat=D&etfIsuSrtCd=&reportCd=&reportTmp=&etfIsuSrtNm=&reportNm=%EC%8B%A0%EA%B7%9C%EC%83%81%EC%9E%A5&fromDate=2014-02-01&toDate=2014-02-28,kind_listing_notice_title,official_notice_pending_isin,2026-08-14T07:26:02+00:00
파워 고배당저변동성,19272,2014-02-20,2014-02-18 17:43,20140218000124,"신규상장(교보악사 파워 고배당저변동성 증권 상장지수투자신탁(주식), 상장일 2014.02.20)",https://kind.krx.co.kr/disclosure/disclosurebystocktype.do?method=searchDisclosureByStockTypeEtfSub&forward=disclosurebystocktype_etf_sub&currentPageSize=100&pageIndex=1&orderMode=1&orderStat=D&etfIsuSrtCd=&reportCd=&reportTmp=&etfIsuSrtNm=&reportNm=%EC%8B%A0%EA%B7%9C%EC%83%81%EC%9E%A5&fromDate=2014-02-01&toDate=2014-02-28,kind_listing_notice_title,official_notice_pending_isin,2026-08-14T07:26:02+00:00
TIGER 단기선진하이일드(합성 H),18249,2014-03-24,2014-03-20 13:53,20140320000298,"신규상장(미래에셋TIGER합성-단기선진국하이일드증권상장지수투자신탁(H), 상장일 2014.03.24)",https://kind.krx.co.kr/disclosure/disclosurebystocktype.do?method=searchDisclosureByStockTypeEtfSub&forward=disclosurebystocktype_etf_sub&currentPageSize=100&pageIndex=1&orderMode=1&orderStat=D&etfIsuSrtCd=&reportCd=&reportTmp=&etfIsuSrtNm=&reportNm=%EC%8B%A0%EA%B7%9C%EC%83%81%EC%9E%A5&fromDate=2014-03-01&toDate=2014-03-31,kind_listing_notice_title,official_notice_pending_isin,2026-08-14T07:26:02+00:00
TIGER 유로스탁스50(합성 H),19593,2014-04-30,2014-04-28 17:55,20140428000357,"신규상장(미래에셋TIGER합성-유로스탁스50증권상장지수투자신탁(주식-파생형)(H), 상장일 2014.04.30)",https://kind.krx.co.kr/disclosure/disclosurebystocktype.do?method=searchDisclosureByStockTypeEtfSub&forward=disclosurebystocktype_etf_sub&currentPageSize=100&pageIndex=1&orderMode=1&orderStat=D&etfIsuSrtCd=&reportCd=&reportTmp=&etfIsuSrtNm=&reportNm=%EC%8B%A0%EA%B7%9C%EC%83%81%EC%9E%A5&fromDate=2014-04-01&toDate=2014-04-30,kind_listing_notice_title,official_notice_pending_isin,2026-08-14T07:26:02+00:00
TIGER 일본TOPIX(합성 H),19592,2014-04-30,2014-04-28 17:56,20140428000366,"신규상장(미래에셋TIGER합성-일본증권상장지수투자신탁(주식-파생형)(H), 상장일 2014.04.30)",https://kind.krx.co.kr/disclosure/disclosurebystocktype.do?method=searchDisclosureByStockTypeEtfSub&forward=disclosurebystocktype_etf_sub&currentPageSize=100&pageIndex=1&orderMode=1&orderStat=D&etfIsuSrtCd=&reportCd=&reportTmp=&etfIsuSrtNm=&reportNm=%EC%8B%A0%EA%B7%9C%EC%83%81%EC%9E%A5&fromDate=2014-04-01&toDate=2014-04-30,kind_listing_notice_title,official_notice_pending_isin,2026-08-14T07:26:02+00:00
PLUS 선진국MSCI(합성 H),19597,2014-05-13,2014-05-09 17:29,20140509000710,"신규상장(한화 ARIRANG 합성-MSCI EAFE 증권상장지수투자신탁(주식-파생형)(H), 상장일 2014.05.13)",https://kind.krx.co.kr/disclosure/disclosurebystocktype.do?method=searchDisclosureByStockTypeEtfSub&forward=disclosurebystocktype_etf_sub&currentPageSize=100&pageIndex=1&orderMode=1&orderStat=D&etfIsuSrtCd=&reportCd=&reportTmp=&etfIsuSrtNm=&reportNm=%EC%8B%A0%EA%B7%9C%EC%83%81%EC%9E%A5&fromDate=2014-05-01&toDate=2014-05-31,kind_listing_notice_title,official_notice_pending_isin,2026-08-14T07:26:02+00:00
PLUS 신흥국MSCI(합성 H),19598,2014-05-13,2014-05-09 17:29,20140509000712,"신규상장(한화 ARIRANG 합성-MSCI Emerging Markets (주식-파생형)(H), 상장일 2014.05.13)",https://kind.krx.co.kr/disclosure/disclosurebystocktype.do?method=searchDisclosureByStockTypeEtfSub&forward=disclosurebystocktype_etf_sub&currentPageSize=100&pageIndex=1&orderMode=1&orderStat=D&etfIsuSrtCd=&reportCd=&reportTmp=&etfIsuSrtNm=&reportNm=%EC%8B%A0%EA%B7%9C%EC%83%81%EC%9E%A5&fromDate=2014-05-01&toDate=2014-05-31,kind_listing_notice_title,official_notice_pending_isin,2026-08-14T07:26:02+00:00
RISE 단기통안채,19623,2014-05-19,2014-05-15 18:00,20140515000467,"신규상장(KB KStar 단기통안채 증권 상장지수투자신탁(채권), 상장일 2014.05.19)",https://kind.krx.co.kr/disclosure/disclosurebystocktype.do?method=searchDisclosureByStockTypeEtfSub&forward=disclosurebystocktype_etf_sub&currentPageSize=100&pageIndex=1&orderMode=1&orderStat=D&etfIsuSrtCd=&reportCd=&reportTmp=&etfIsuSrtNm=&reportNm=%EC%8B%A0%EA%B7%9C%EC%83%81%EC%9E%A5&fromDate=2014-05-01&toDate=2014-05-31,kind_listing_notice_title,official_notice_pending_isin,2026-08-14T07:26:02+00:00
KODEX 독일MSCI(합성),20005,2014-06-12,2014-06-10 17:29,20140610000208,"신규상장(삼성 KODEX 합성-MSCI독일 증권상장지수투자신탁[주식-파생형], 상장일 2014.06.12)",https://kind.krx.co.kr/disclosure/disclosurebystocktype.do?method=searchDisclosureByStockTypeEtfSub&forward=disclosurebystocktype_etf_sub&currentPageSize=100&pageIndex=1&orderMode=1&orderStat=D&etfIsuSrtCd=&reportCd=&reportTmp=&etfIsuSrtNm=&reportNm=%EC%8B%A0%EA%B7%9C%EC%83%81%EC%9E%A5&fromDate=2014-06-01&toDate=2014-06-30,kind_listing_notice_title,official_notice_pending_isin,2026-08-14T07:26:02+00:00
KODEX 미국S&P IT(합성),20002,2014-06-12,2014-06-10 17:27,20140610000209,"신규상장(삼성 KODEX 합성-미국IT 증권상장지수투자신탁[주식-파생형], 상장일 2014.06.12)",https://kind.krx.co.kr/disclosure/disclosurebystocktype.do?method=searchDisclosureByStockTypeEtfSub&forward=disclosurebystocktype_etf_sub&currentPageSize=100&pageIndex=1&orderMode=1&orderStat=D&etfIsuSrtCd=&reportCd=&reportTmp=&etfIsuSrtNm=&reportNm=%EC%8B%A0%EA%B7%9C%EC%83%81%EC%9E%A5&fromDate=2014-06-01&toDate=2014-06-30,kind_listing_notice_title,official_notice_pending_isin,2026-08-14T07:26:02+00:00
KODEX 미국S&P500산업재(합성),20003,2014-06-12,2014-06-10 17:29,20140610000272,"신규상장(삼성 KODEX 합성-미국산업재 증권상장지수투자신탁[주식-파생형], 상장일 2014.06.12)",https://kind.krx.co.kr/disclosure/disclosurebystocktype.do?method=searchDisclosureByStockTypeEtfSub&forward=disclosurebystocktype_etf_sub&currentPageSize=100&pageIndex=1&orderMode=1&orderStat=D&etfIsuSrtCd=&reportCd=&reportTmp=&etfIsuSrtNm=&reportNm=%EC%8B%A0%EA%B7%9C%EC%83%81%EC%9E%A5&fromDate=2014-06-01&toDate=2014-06-30,kind_listing_notice_title,official_notice_pending_isin,2026-08-14T07:26:02+00:00
KODEX 미국S&P금융(합성),20004,2014-06-12,2014-06-10 17:28,20140610000360,"신규상장(삼성 KODEX 합성-미국금융 증권상장지수투자신탁[주식-파생형], 상장일 2014.06.12)",https://kind.krx.co.kr/disclosure/disclosurebystocktype.do?method=searchDisclosureByStockTypeEtfSub&forward=disclosurebystocktype_etf_sub&currentPageSize=100&pageIndex=1&orderMode=1&orderStat=D&etfIsuSrtCd=&reportCd=&reportTmp=&etfIsuSrtNm=&reportNm=%EC%8B%A0%EA%B7%9C%EC%83%81%EC%9E%A5&fromDate=2014-06-01&toDate=2014-06-30,kind_listing_notice_title,official_notice_pending_isin,2026-08-14T07:26:02+00:00
ACE 일본TOPIX레버리지(H),19603,2014-06-16,2014-06-12 17:29,20140612000188,"신규상장(한국투자KINDEX일본레버리지증권상장지수투자신탁(주식-재간접파생형)(H), 상장일 2014.06.16)",https://kind.krx.co.kr/disclosure/disclosurebystocktype.do?method=searchDisclosureByStockTypeEtfSub&forward=disclosurebystocktype_etf_sub&currentPageSize=100&pageIndex=1&orderMode=1&orderStat=D&etfIsuSrtCd=&reportCd=&reportTmp=&etfIsuSrtNm=&reportNm=%EC%8B%A0%EA%B7%9C%EC%83%81%EC%9E%A5&fromDate=2014-06-01&toDate=2014-06-30,kind_listing_notice_title,official_notice_pending_isin,2026-08-14T07:26:02+00:00
KBSTAR 일본TOPIX레버리지(H),19622,2014-06-16,2014-06-12 17:30,20140612000190,"신규상장(KB KStar 일본레버리지 증권상장지수투자신탁(주식-재간접파생형)(H), 상장일 2014.06.16)",https://kind.krx.co.kr/disclosure/disclosurebystocktype.do?method=searchDisclosureByStockTypeEtfSub&forward=disclosurebystocktype_etf_sub&currentPageSize=100&pageIndex=1&orderMode=1&orderStat=D&etfIsuSrtCd=&reportCd=&reportTmp=&etfIsuSrtNm=&reportNm=%EC%8B%A0%EA%B7%9C%EC%83%81%EC%9E%A5&fromDate=2014-06-01&toDate=2014-06-30,kind_listing_notice_title,official_notice_pending_isin,2026-08-14T07:26:02+00:00
ARIRANG 차이나H 레버리지(합성 H),20442,2014-08-25,2014-08-21 15:50,20140821000155,"신규상장(한화 ARIRANG 합성-차이나H 레버리지 ETF(주식-파생형), 상장일 2014.08.25)",https://kind.krx.co.kr/disclosure/disclosurebystocktype.do?method=searchDisclosureByStockTypeEtfSub&forward=disclosurebystocktype_etf_sub&currentPageSize=100&pageIndex=1&orderMode=1&orderStat=D&etfIsuSrtCd=&reportCd=&reportTmp=&etfIsuSrtNm=&reportNm=%EC%8B%A0%EA%B7%9C%EC%83%81%EC%9E%A5&fromDate=2014-08-01&toDate=2014-08-31,kind_listing_notice_title,official_notice_pending_isin,2026-08-14T07:26:02+00:00
TIGER 미국나스닥바이오,20378,2014-08-27,2014-08-25 15:57,20140825000252,"신규상장(미래에셋TIGER나스닥바이오증권상장지수투자신탁(주식), 상장일 2014.08.27)",https://kind.krx.co.kr/disclosure/disclosurebystocktype.do?method=searchDisclosureByStockTypeEtfSub&forward=disclosurebystocktype_etf_sub&currentPageSize=100&pageIndex=1&orderMode=1&orderStat=D&etfIsuSrtCd=&reportCd=&reportTmp=&etfIsuSrtNm=&reportNm=%EC%8B%A0%EA%B7%9C%EC%83%81%EC%9E%A5&fromDate=2014-08-01&toDate=2014-08-31,kind_listing_notice_title,official_notice_pending_isin,2026-08-14T07:26:02+00:00
KODEX 차이나H 레버리지(H),20445,2014-09-12,2014-09-05 14:05,20140905000152,"신규상장(삼성 KODEX China H 레버리지 증권상장지수투자신탁[주식-파생형], 상장일 2014.09.12)",https://kind.krx.co.kr/disclosure/disclosurebystocktype.do?method=searchDisclosureByStockTypeEtfSub&forward=disclosurebystocktype_etf_sub&currentPageSize=100&pageIndex=1&orderMode=1&orderStat=D&etfIsuSrtCd=&reportCd=&reportTmp=&etfIsuSrtNm=&reportNm=%EC%8B%A0%EA%B7%9C%EC%83%81%EC%9E%A5&fromDate=2014-09-01&toDate=2014-09-30,kind_listing_notice_title,official_notice_pending_isin,2026-08-14T07:26:02+00:00
ACE 일본TOPIX인버스(합성 H),20572,2014-09-29,2014-09-25 15:29,20140925000031,"신규상장(한국투자KINDEX합성-일본인버스증권상장지수투자신탁(주식-파생형)(H), 상장일 2014.09.29)",https://kind.krx.co.kr/disclosure/disclosurebystocktype.do?method=searchDisclosureByStockTypeEtfSub&forward=disclosurebystocktype_etf_sub&currentPageSize=100&pageIndex=1&orderMode=1&orderStat=D&etfIsuSrtCd=&reportCd=&reportTmp=&etfIsuSrtNm=&reportNm=%EC%8B%A0%EA%B7%9C%EC%83%81%EC%9E%A5&fromDate=2014-09-01&toDate=2014-09-30,kind_listing_notice_title,official_notice_pending_isin,2026-08-14T07:26:02+00:00
SOL 선진국MSCI World(합성 H),20847,2014-11-24,2014-11-20 16:37,20141120000221,"신규상장(신한 BNPP SMART 합성-MSCI 선진국 ETF(주식-파생형)(H), 상장일 2014.11.24)",https://kind.krx.co.kr/disclosure/disclosurebystocktype.do?method=searchDisclosureByStockTypeEtfSub&forward=disclosurebystocktype_etf_sub&currentPageSize=100&pageIndex=1&orderMode=1&orderStat=D&etfIsuSrtCd=&reportCd=&reportTmp=&etfIsuSrtNm=&reportNm=%EC%8B%A0%EA%B7%9C%EC%83%81%EC%9E%A5&fromDate=2014-11-01&toDate=2014-11-30,kind_listing_notice_title,official_notice_pending_isin,2026-08-14T07:26:02+00:00
TIGER 코스피고배당,21078,2014-12-05,2014-12-03 17:50,20141203000344,"신규상장(미래에셋TIGER코스피고배당증권상장지수투자신탁(주식), 상장일 2014.12.05)",https://kind.krx.co.kr/disclosure/disclosurebystocktype.do?method=searchDisclosureByStockTypeEtfSub&forward=disclosurebystocktype_etf_sub&currentPageSize=100&pageIndex=1&orderMode=1&orderStat=D&etfIsuSrtCd=&reportCd=&reportTmp=&etfIsuSrtNm=&reportNm=%EC%8B%A0%EA%B7%9C%EC%83%81%EC%9E%A5&fromDate=2014-12-01&toDate=2014-12-31,kind_listing_notice_title,official_notice_pending_isin,2026-08-14T07:26:02+00:00
마이티 코스피고배당,21121,2014-12-12,2014-12-10 16:58,20141210000402,"신규상장(동부마이티코스피고배당증권상장지수투자신탁[주식], 상장일 2014.12.12)",https://kind.krx.co.kr/disclosure/disclosurebystocktype.do?method=searchDisclosureByStockTypeEtfSub&forward=disclosurebystocktype_etf_sub&currentPageSize=100&pageIndex=1&orderMode=1&orderStat=D&etfIsuSrtCd=&reportCd=&reportTmp=&etfIsuSrtNm=&reportNm=%EC%8B%A0%EA%B7%9C%EC%83%81%EC%9E%A5&fromDate=2014-12-01&toDate=2014-12-31,kind_listing_notice_title,official_notice_pending_isin,2026-08-14T07:26:02+00:00
TIGER 배당성장,21156,2014-12-17,2014-12-15 16:39,20141215000372,"신규상장(미래에셋TIGER배당성장증권상장지수투자신탁(주식), 상장일 2014.12.17)",https://kind.krx.co.kr/disclosure/disclosurebystocktype.do?method=searchDisclosureByStockTypeEtfSub&forward=disclosurebystocktype_etf_sub&currentPageSize=100&pageIndex=1&orderMode=1&orderStat=D&etfIsuSrtCd=&reportCd=&reportTmp=&etfIsuSrtNm=&reportNm=%EC%8B%A0%EA%B7%9C%EC%83%81%EC%9E%A5&fromDate=2014-12-01&toDate=2014-12-31,kind_listing_notice_title,official_notice_pending_isin,2026-08-14T07:26:02+00:00
KODEX 코리아배당성장,21190,2014-12-17,2014-12-15 16:39,20141215000376,"신규상장(삼성 KODEX 배당성장 증권상장지수투자신탁[주식], 상장일 2014.12.17)",https://kind.krx.co.kr/disclosure/disclosurebystocktype.do?method=searchDisclosureByStockTypeEtfSub&forward=disclosurebystocktype_etf_sub&currentPageSize=100&pageIndex=1&orderMode=1&orderStat=D&etfIsuSrtCd=&reportCd=&reportTmp=&etfIsuSrtNm=&reportNm=%EC%8B%A0%EA%B7%9C%EC%83%81%EC%9E%A5&fromDate=2014-12-01&toDate=2014-12-31,kind_listing_notice_title,official_notice_pending_isin,2026-08-14T07:26:02+00:00
KINDEX 배당성장,21126,2014-12-17,2014-12-15 16:43,20141215000382,"신규상장(한국투자 KINDEX 배당성장 증권 상장지수투자신탁(주식), 상장일 2014.12.17)",https://kind.krx.co.kr/disclosure/disclosurebystocktype.do?method=searchDisclosureByStockTypeEtfSub&forward=disclosurebystocktype_etf_sub&currentPageSize=100&pageIndex=1&orderMode=1&orderStat=D&etfIsuSrtCd=&reportCd=&reportTmp=&etfIsuSrtNm=&reportNm=%EC%8B%A0%EA%B7%9C%EC%83%81%EC%9E%A5&fromDate=2014-12-01&toDate=2014-12-31,kind_listing_notice_title,official_notice_pending_isin,2026-08-14T07:26:02+00:00
KODEX 삼성그룹밸류,21361,2015-01-08,2015-01-06 17:05,20150106000232,"신규상장(삼성 KODEX 삼성그룹밸류 증권상장지수투자신탁[주식], 상장일 2015.01.08)",https://kind.krx.co.kr/disclosure/disclosurebystocktype.do?method=searchDisclosureByStockTypeEtfSub&forward=disclosurebystocktype_etf_sub&currentPageSize=100&pageIndex=1&orderMode=1&orderStat=D&etfIsuSrtCd=&reportCd=&reportTmp=&etfIsuSrtNm=&reportNm=%EC%8B%A0%EA%B7%9C%EC%83%81%EC%9E%A5&fromDate=2015-01-01&toDate=2015-01-31,kind_listing_notice_title,official_notice_pending_isin,2026-08-14T07:26:02+00:00
PLUS 미국다우존스고배당주(합성 H),21363,2015-01-26,2015-01-22 16:53,20150122000181,"신규상장(한화 ARIRANG 합성-DJ US Select Dividend ETF(주식-파생형)(H), 상장일 2015.01.26)",https://kind.krx.co.kr/disclosure/disclosurebystocktype.do?method=searchDisclosureByStockTypeEtfSub&forward=disclosurebystocktype_etf_sub&currentPageSize=100&pageIndex=1&orderMode=1&orderStat=D&etfIsuSrtCd=&reportCd=&reportTmp=&etfIsuSrtNm=&reportNm=%EC%8B%A0%EA%B7%9C%EC%83%81%EC%9E%A5&fromDate=2015-01-01&toDate=2015-01-31,kind_listing_notice_title,official_notice_pending_isin,2026-08-14T07:26:02+00:00
KODEX 단기채권PLUS,21498,2015-03-03,2015-02-27 17:56,20150227000345,"신규상장(삼성KODEX단기채권PLUS증권상장지수투자신탁 [채권], 상장일 2015.03.03)",https://kind.krx.co.kr/disclosure/disclosurebystocktype.do?method=searchDisclosureByStockTypeEtfSub&forward=disclosurebystocktype_etf_sub&currentPageSize=100&pageIndex=1&orderMode=1&orderStat=D&etfIsuSrtCd=&reportCd=&reportTmp=&etfIsuSrtNm=&reportNm=%EC%8B%A0%EA%B7%9C%EC%83%81%EC%9E%A5&fromDate=2015-02-01&toDate=2015-02-28,kind_listing_notice_title,official_notice_pending_isin,2026-08-14T07:26:02+00:00
HK S&P 코리아로우볼,21562,2015-03-25,2015-03-23 15:39,20150323000662,"신규상장(흥국 S&P 로우볼 증권상장지수투자신탁(주식), 상장일 2015.03.25)",https://kind.krx.co.kr/disclosure/disclosurebystocktype.do?method=searchDisclosureByStockTypeEtfSub&forward=disclosurebystocktype_etf_sub&currentPageSize=100&pageIndex=1&orderMode=1&orderStat=D&etfIsuSrtCd=&reportCd=&reportTmp=&etfIsuSrtNm=&reportNm=%EC%8B%A0%EA%B7%9C%EC%83%81%EC%9E%A5&fromDate=2015-03-01&toDate=2015-03-31,kind_listing_notice_title,official_notice_pending_isin,2026-08-14T07:26:02+00:00
KODEX 미국S&P500에너지(합성),21842,2015-04-28,2015-04-24 16:12,20150424000020,"신규상장(삼성KODEX미국에너지증권상장지수투자신탁[주식-파생형](합성), 상장일 2015.04.28)",https://kind.krx.co.kr/disclosure/disclosurebystocktype.do?method=searchDisclosureByStockTypeEtfSub&forward=disclosurebystocktype_etf_sub&currentPageSize=100&pageIndex=1&orderMode=1&orderStat=D&etfIsuSrtCd=&reportCd=&reportTmp=&etfIsuSrtNm=&reportNm=%EC%8B%A0%EA%B7%9C%EC%83%81%EC%9E%A5&fromDate=2015-04-01&toDate=2015-04-30,kind_listing_notice_title,official_notice_pending_isin,2026-08-14T07:26:02+00:00
TIGER 원유선물인버스(H),21777,2015-04-29,2015-04-27 14:27,20150427000158,"신규상장(미래에셋TIGER원유인버스선물특별자산상장지수투자신탁(원유-파생형)(H), 상장일 2015.04.29)",https://kind.krx.co.kr/disclosure/disclosurebystocktype.do?method=searchDisclosureByStockTypeEtfSub&forward=disclosurebystocktype_etf_sub&currentPageSize=100&pageIndex=1&orderMode=1&orderStat=D&etfIsuSrtCd=&reportCd=&reportTmp=&etfIsuSrtNm=&reportNm=%EC%8B%A0%EA%B7%9C%EC%83%81%EC%9E%A5&fromDate=2015-04-01&toDate=2015-04-30,kind_listing_notice_title,official_notice_pending_isin,2026-08-14T07:26:02+00:00
TIGER 가격조정,21779,2015-04-29,2015-04-27 14:27,20150427000171,"신규상장(미래에셋TIGER가격조정증권상장지수투자신탁(주식), 상장일 2015.04.29)",https://kind.krx.co.kr/disclosure/disclosurebystocktype.do?method=searchDisclosureByStockTypeEtfSub&forward=disclosurebystocktype_etf_sub&currentPageSize=100&pageIndex=1&orderMode=1&orderStat=D&etfIsuSrtCd=&reportCd=&reportTmp=&etfIsuSrtNm=&reportNm=%EC%8B%A0%EA%B7%9C%EC%83%81%EC%9E%A5&fromDate=2015-04-01&toDate=2015-04-30,kind_listing_notice_title,official_notice_pending_isin,2026-08-14T07:26:02+00:00
ACE 중국본토CSI300레버리지(합성),21990,2015-05-28,2015-05-26 17:46,20150526000558,"신규상장(한국투자 KINDEX중국본토레버리지CSI300증권상장지수투자신탁(주식혼합-파생형)(합성), 상장일 2015.05.28)",https://kind.krx.co.kr/disclosure/disclosurebystocktype.do?method=searchDisclosureByStockTypeEtfSub&forward=disclosurebystocktype_etf_sub&currentPageSize=100&pageIndex=1&orderMode=1&orderStat=D&etfIsuSrtCd=&reportCd=&reportTmp=&etfIsuSrtNm=&reportNm=%EC%8B%A0%EA%B7%9C%EC%83%81%EC%9E%A5&fromDate=2015-05-01&toDate=2015-05-31,kind_listing_notice_title,official_notice_pending_isin,2026-08-14T07:26:02+00:00
KODEX 미국S&P500선물(H),21948,2015-05-29,2015-05-27 17:28,20150527000287,"신규상장(삼성KODEX S&P500선물증권상장지수투자신탁[주식-파생형](H), 상장일 2015.05.29)",https://kind.krx.co.kr/disclosure/disclosurebystocktype.do?method=searchDisclosureByStockTypeEtfSub&forward=disclosurebystocktype_etf_sub&currentPageSize=100&pageIndex=1&orderMode=1&orderStat=D&etfIsuSrtCd=&reportCd=&reportTmp=&etfIsuSrtNm=&reportNm=%EC%8B%A0%EA%B7%9C%EC%83%81%EC%9E%A5&fromDate=2015-05-01&toDate=2015-05-31,kind_listing_notice_title,official_notice_pending_isin,2026-08-14T07:26:02+00:00
RISE 미국S&P원유생산기업(합성 H),21939,2015-06-02,2015-05-29 15:00,20150529000241,"신규상장(KB KStar 미국원유생산기업 ETF(합성 H), 상장일 2015.06.02)",https://kind.krx.co.kr/disclosure/disclosurebystocktype.do?method=searchDisclosureByStockTypeEtfSub&forward=disclosurebystocktype_etf_sub&currentPageSize=100&pageIndex=1&orderMode=1&orderStat=D&etfIsuSrtCd=&reportCd=&reportTmp=&etfIsuSrtNm=&reportNm=%EC%8B%A0%EA%B7%9C%EC%83%81%EC%9E%A5&fromDate=2015-05-01&toDate=2015-05-31,kind_listing_notice_title,official_notice_pending_isin,2026-08-14T07:26:02+00:00
TIGER 차이나CSI300인버스(합성),21778,2015-06-10,2015-06-08 14:52,20150608000135,"신규상장(미래에셋TIGER차이나A인버스증권상장지수투자신탁(채권혼합-파생형)(합성), 상장일 2015.06.10)",https://kind.krx.co.kr/disclosure/disclosurebystocktype.do?method=searchDisclosureByStockTypeEtfSub&forward=disclosurebystocktype_etf_sub&currentPageSize=100&pageIndex=1&orderMode=1&orderStat=D&etfIsuSrtCd=&reportCd=&reportTmp=&etfIsuSrtNm=&reportNm=%EC%8B%A0%EA%B7%9C%EC%83%81%EC%9E%A5&fromDate=2015-06-01&toDate=2015-06-30,kind_listing_notice_title,official_notice_pending_isin,2026-08-14T07:26:02+00:00
KODEX 200가치저변동,22319,2015-06-26,2015-06-24 13:46,20150624000025,"신규상장(삼성 KODEX 200 내재가치 증권상장지수투자신탁[주식], 상장일 2015.06.26)",https://kind.krx.co.kr/disclosure/disclosurebystocktype.do?method=searchDisclosureByStockTypeEtfSub&forward=disclosurebystocktype_etf_sub&currentPageSize=100&pageIndex=1&orderMode=1&orderStat=D&etfIsuSrtCd=&reportCd=&reportTmp=&etfIsuSrtNm=&reportNm=%EC%8B%A0%EA%B7%9C%EC%83%81%EC%9E%A5&fromDate=2015-06-01&toDate=2015-06-30,kind_listing_notice_title,official_notice_pending_isin,2026-08-14T07:26:02+00:00
ARIRANG 스마트베타Value,22218,2015-06-29,2015-06-25 17:17,20150625000044,"신규상장(한화 ARIRANG 스마트베타 Value 증권상장지수투자신탁(주식), 상장일 2015.06.29)",https://kind.krx.co.kr/disclosure/disclosurebystocktype.do?method=searchDisclosureByStockTypeEtfSub&forward=disclosurebystocktype_etf_sub&currentPageSize=100&pageIndex=1&orderMode=1&orderStat=D&etfIsuSrtCd=&reportCd=&reportTmp=&etfIsuSrtNm=&reportNm=%EC%8B%A0%EA%B7%9C%EC%83%81%EC%9E%A5&fromDate=2015-06-01&toDate=2015-06-30,kind_listing_notice_title,official_notice_pending_isin,2026-08-14T07:26:02+00:00
ARIRANG 스마트베타Momentum,22219,2015-06-29,2015-06-25 17:17,20150625000045,"신규상장(한화 ARIRANG 스마트베타 Momentum 증권상장지수투자신탁(주식), 상장일 2015.06.29)",https://kind.krx.co.kr/disclosure/disclosurebystocktype.do?method=searchDisclosureByStockTypeEtfSub&forward=disclosurebystocktype_etf_sub&currentPageSize=100&pageIndex=1&orderMode=1&orderStat=D&etfIsuSrtCd=&reportCd=&reportTmp=&etfIsuSrtNm=&reportNm=%EC%8B%A0%EA%B7%9C%EC%83%81%EC%9E%A5&fromDate=2015-06-01&toDate=2015-06-30,kind_listing_notice_title,official_notice_pending_isin,2026-08-14T07:26:02+00:00
ARIRANG S&P한국배당성장,22217,2015-06-29,2015-06-25 17:17,20150625000046,"신규상장(한화 ARIRANG S&P 배당성장 증권상장지수투자신탁(주식), 상장일 2015.06.29)",https://kind.krx.co.kr/disclosure/disclosurebystocktype.do?method=searchDisclosureByStockTypeEtfSub&forward=disclosurebystocktype_etf_sub&currentPageSize=100&pageIndex=1&orderMode=1&orderStat=D&etfIsuSrtCd=&reportCd=&reportTmp=&etfIsuSrtNm=&reportNm=%EC%8B%A0%EA%B7%9C%EC%83%81%EC%9E%A5&fromDate=2015-06-01&toDate=2015-06-30,kind_listing_notice_title,official_notice_pending_isin,2026-08-14T07:26:02+00:00
ARIRANG 스마트베타Quality,22220,2015-06-29,2015-06-25 17:17,20150625000067,"신규상장(한화 ARIRANG 스마트베타 Quality 증권상장지수투자신탁(주식), 상장일 2015.06.29)",https://kind.krx.co.kr/disclosure/disclosurebystocktype.do?method=searchDisclosureByStockTypeEtfSub&forward=disclosurebystocktype_etf_sub&currentPageSize=100&pageIndex=1&orderMode=1&orderStat=D&etfIsuSrtCd=&reportCd=&reportTmp=&etfIsuSrtNm=&reportNm=%EC%8B%A0%EA%B7%9C%EC%83%81%EC%9E%A5&fromDate=2015-06-01&toDate=2015-06-30,kind_listing_notice_title,official_notice_pending_isin,2026-08-14T07:26:02+00:00
ACE 골드선물 레버리지(합성 H),22513,2015-07-28,2015-07-24 10:43,20150724000085,"신규상장(한국투자 KINDEX골드선물레버리지특별자산증권상장지수투자신탁(금-파생형), 상장일 2015.07.28)",https://kind.krx.co.kr/disclosure/disclosurebystocktype.do?method=searchDisclosureByStockTypeEtfSub&forward=disclosurebystocktype_etf_sub&currentPageSize=100&pageIndex=1&orderMode=1&orderStat=D&etfIsuSrtCd=&reportCd=&reportTmp=&etfIsuSrtNm=&reportNm=%EC%8B%A0%EA%B7%9C%EC%83%81%EC%9E%A5&fromDate=2015-07-01&toDate=2015-07-31,kind_listing_notice_title,official_notice_pending_isin,2026-08-14T07:26:02+00:00
TIGER 미국S&P500레버리지(합성 H),22504,2015-07-29,2015-07-27 16:54,20150727000215,"신규상장(미래에셋TIGERS&P500레버리지증권상장지수투자신탁(주식혼합-파생형)(, 상장일 2015.07.29)",https://kind.krx.co.kr/disclosure/disclosurebystocktype.do?method=searchDisclosureByStockTypeEtfSub&forward=disclosurebystocktype_etf_sub&currentPageSize=100&pageIndex=1&orderMode=1&orderStat=D&etfIsuSrtCd=&reportCd=&reportTmp=&etfIsuSrtNm=&reportNm=%EC%8B%A0%EA%B7%9C%EC%83%81%EC%9E%A5&fromDate=2015-07-01&toDate=2015-07-31,kind_listing_notice_title,official_notice_pending_isin,2026-08-14T07:26:02+00:00
TIGER 유로스탁스 레버리지(합성 H),22505,2015-07-29,2015-07-27 16:54,20150727000216,"신규상장(미래에셋TIGER유로스탁스50레버리지증권상장지수투자신탁(주식혼합-파생형), 상장일 2015.07.29)",https://kind.krx.co.kr/disclosure/disclosurebystocktype.do?method=searchDisclosureByStockTypeEtfSub&forward=disclosurebystocktype_etf_sub&currentPageSize=100&pageIndex=1&orderMode=1&orderStat=D&etfIsuSrtCd=&reportCd=&reportTmp=&etfIsuSrtNm=&reportNm=%EC%8B%A0%EA%B7%9C%EC%83%81%EC%9E%A5&fromDate=2015-07-01&toDate=2015-07-31,kind_listing_notice_title,official_notice_pending_isin,2026-08-14T07:26:02+00:00
TIGER 이머징마켓MSCI레버리지(합성 H),22506,2015-07-29,2015-07-27 16:54,20150727000228,"신규상장(미래에셋TIGERMSCIEM레버리지증권상장지수투자신탁(주식혼합-파생형)(, 상장일 2015.07.29)",https://kind.krx.co.kr/disclosure/disclosurebystocktype.do?method=searchDisclosureByStockTypeEtfSub&forward=disclosurebystocktype_etf_sub&currentPageSize=100&pageIndex=1&orderMode=1&orderStat=D&etfIsuSrtCd=&reportCd=&reportTmp=&etfIsuSrtNm=&reportNm=%EC%8B%A0%EA%B7%9C%EC%83%81%EC%9E%A5&fromDate=2015-07-01&toDate=2015-07-31,kind_listing_notice_title,official_notice_pending_isin,2026-08-14T07:26:02+00:00
TIGER 미국S&P500선물인버스(H),22503,2015-07-29,2015-07-27 16:54,20150727000229,"신규상장(미래에셋TIGERS&P500인버스선물증권상장지수투자신탁(주식-파생형)(H, 상장일 2015.07.29)",https://kind.krx.co.kr/disclosure/disclosurebystocktype.do?method=searchDisclosureByStockTypeEtfSub&forward=disclosurebystocktype_etf_sub&currentPageSize=100&pageIndex=1&orderMode=1&orderStat=D&etfIsuSrtCd=&reportCd=&reportTmp=&etfIsuSrtNm=&reportNm=%EC%8B%A0%EA%B7%9C%EC%83%81%EC%9E%A5&fromDate=2015-07-01&toDate=2015-07-31,kind_listing_notice_title,official_notice_pending_isin,2026-08-14T07:26:02+00:00
KIWOOM 미국달러선물레버리지,22580,2015-08-10,2015-08-06 16:45,20150806000295,"신규상장(키움 KOSEF 미국달러선물 레버리지 특별자산상장지수투자신탁[미국달러-파, 상장일 2015.08.10)",https://kind.krx.co.kr/disclosure/disclosurebystocktype.do?method=searchDisclosureByStockTypeEtfSub&forward=disclosurebystocktype_etf_sub&currentPageSize=100&pageIndex=1&orderMode=1&orderStat=D&etfIsuSrtCd=&reportCd=&reportTmp=&etfIsuSrtNm=&reportNm=%EC%8B%A0%EA%B7%9C%EC%83%81%EC%9E%A5&fromDate=2015-08-01&toDate=2015-08-31,kind_listing_notice_title,official_notice_pending_isin,2026-08-14T07:26:02+00:00
ACE Fn성장소비주도주,22638,2015-08-19,2015-08-17 17:14,20150817000257,"신규상장(한국투자 KINDEX 한류 증권상장지수투자신탁(주식), 상장일 2015.08.19)",https://kind.krx.co.kr/disclosure/disclosurebystocktype.do?method=searchDisclosureByStockTypeEtfSub&forward=disclosurebystocktype_etf_sub&currentPageSize=100&pageIndex=1&orderMode=1&orderStat=D&etfIsuSrtCd=&reportCd=&reportTmp=&etfIsuSrtNm=&reportNm=%EC%8B%A0%EA%B7%9C%EC%83%81%EC%9E%A5&fromDate=2015-08-01&toDate=2015-08-31,kind_listing_notice_title,official_notice_pending_isin,2026-08-14T07:26:02+00:00
KODEX 코스피,22649,2015-08-24,2015-08-20 15:35,20150820000122,"신규상장(삼성 KODEX 코스피 증권상장지수투자신탁[주식], 상장일 2015.08.24)",https://kind.krx.co.kr/disclosure/disclosurebystocktype.do?method=searchDisclosureByStockTypeEtfSub&forward=disclosurebystocktype_etf_sub&currentPageSize=100&pageIndex=1&orderMode=1&orderStat=D&etfIsuSrtCd=&reportCd=&reportTmp=&etfIsuSrtNm=&reportNm=%EC%8B%A0%EA%B7%9C%EC%83%81%EC%9E%A5&fromDate=2015-08-01&toDate=2015-08-31,kind_listing_notice_title,official_notice_pending_isin,2026-08-14T07:26:02+00:00
파워 단기채,22681,2015-08-26,2015-08-24 17:44,20150824000353,"신규상장(교보악사 파워 단기채 증권 상장지수투자신탁[채권], 상장일 2015.08.26)",https://kind.krx.co.kr/disclosure/disclosurebystocktype.do?method=searchDisclosureByStockTypeEtfSub&forward=disclosurebystocktype_etf_sub&currentPageSize=100&pageIndex=1&orderMode=1&orderStat=D&etfIsuSrtCd=&reportCd=&reportTmp=&etfIsuSrtNm=&reportNm=%EC%8B%A0%EA%B7%9C%EC%83%81%EC%9E%A5&fromDate=2015-08-01&toDate=2015-08-31,kind_listing_notice_title,official_notice_pending_isin,2026-08-14T07:26:02+00:00
KODEX 200중소형,22698,2015-09-01,2015-08-28 11:04,20150828000068,"신규상장(삼성 KODEX 200 중소형 증권상장지수투자신탁[주식], 상장일 2015.09.01)",https://kind.krx.co.kr/disclosure/disclosurebystocktype.do?method=searchDisclosureByStockTypeEtfSub&forward=disclosurebystocktype_etf_sub&currentPageSize=100&pageIndex=1&orderMode=1&orderStat=D&etfIsuSrtCd=&reportCd=&reportTmp=&etfIsuSrtNm=&reportNm=%EC%8B%A0%EA%B7%9C%EC%83%81%EC%9E%A5&fromDate=2015-08-01&toDate=2015-08-31,kind_listing_notice_title,official_notice_pending_isin,2026-08-14T07:26:02+00:00
TIGER 200산업재,22755,2015-09-23,2015-09-21 14:47,20150921000147,"신규상장(미래에셋 TIGER 200 산업재 증권상장지수투자신탁(주식), 상장일 2015.09.23)",https://kind.krx.co.kr/disclosure/disclosurebystocktype.do?method=searchDisclosureByStockTypeEtfSub&forward=disclosurebystocktype_etf_sub&currentPageSize=100&pageIndex=1&orderMode=1&orderStat=D&etfIsuSrtCd=&reportCd=&reportTmp=&etfIsuSrtNm=&reportNm=%EC%8B%A0%EA%B7%9C%EC%83%81%EC%9E%A5&fromDate=2015-09-01&toDate=2015-09-30,kind_listing_notice_title,official_notice_pending_isin,2026-08-14T07:26:02+00:00
TIGER 200생활소비재,22756,2015-09-23,2015-09-21 14:47,20150921000148,"신규상장(미래에셋 TIGER 200 생활소비재 증권상장지수투자신탁(주식), 상장일 2015.09.23)",https://kind.krx.co.kr/disclosure/disclosurebystocktype.do?method=searchDisclosureByStockTypeEtfSub&forward=disclosurebystocktype_etf_sub&currentPageSize=100&pageIndex=1&orderMode=1&orderStat=D&etfIsuSrtCd=&reportCd=&reportTmp=&etfIsuSrtNm=&reportNm=%EC%8B%A0%EA%B7%9C%EC%83%81%EC%9E%A5&fromDate=2015-09-01&toDate=2015-09-30,kind_listing_notice_title,official_notice_pending_isin,2026-08-14T07:26:02+00:00
PLUS 코스피,22783,2015-09-23,2015-09-21 14:45,20150921000153,"신규상장(한화 ARIRANG KOSPI 증권상장지수투자신탁(주식), 상장일 2015.09.23)",https://kind.krx.co.kr/disclosure/disclosurebystocktype.do?method=searchDisclosureByStockTypeEtfSub&forward=disclosurebystocktype_etf_sub&currentPageSize=100&pageIndex=1&orderMode=1&orderStat=D&etfIsuSrtCd=&reportCd=&reportTmp=&etfIsuSrtNm=&reportNm=%EC%8B%A0%EA%B7%9C%EC%83%81%EC%9E%A5&fromDate=2015-09-01&toDate=2015-09-30,kind_listing_notice_title,official_notice_pending_isin,2026-08-14T07:26:02+00:00
TIGER 200헬스케어,22754,2015-09-23,2015-09-21 14:46,20150921000159,"신규상장(미래에셋 TIGER 200 건강관리 증권상장지수투자신탁(주식), 상장일 2015.09.23)",https://kind.krx.co.kr/disclosure/disclosurebystocktype.do?method=searchDisclosureByStockTypeEtfSub&forward=disclosurebystocktype_etf_sub&currentPageSize=100&pageIndex=1&orderMode=1&orderStat=D&etfIsuSrtCd=&reportCd=&reportTmp=&etfIsuSrtNm=&reportNm=%EC%8B%A0%EA%B7%9C%EC%83%81%EC%9E%A5&fromDate=2015-09-01&toDate=2015-09-30,kind_listing_notice_title,official_notice_pending_isin,2026-08-14T07:26:02+00:00
TIGER 우량가치,22757,2015-09-23,2015-09-21 14:46,20150921000161,"신규상장(미래에셋 TIGER 우량가치 증권상장지수투자신탁(주식), 상장일 2015.09.23)",https://kind.krx.co.kr/disclosure/disclosurebystocktype.do?method=searchDisclosureByStockTypeEtfSub&forward=disclosurebystocktype_etf_sub&currentPageSize=100&pageIndex=1&orderMode=1&orderStat=D&etfIsuSrtCd=&reportCd=&reportTmp=&etfIsuSrtNm=&reportNm=%EC%8B%A0%EA%B7%9C%EC%83%81%EC%9E%A5&fromDate=2015-09-01&toDate=2015-09-30,kind_listing_notice_title,official_notice_pending_isin,2026-08-14T07:26:02+00:00
KINDEX 코스닥150,22793,2015-10-01,2015-09-25 16:04,20150925000083,"신규상장(한국투자 KINDEX 코스닥 150 증권상장지수투자신탁(주식), 상장일 2015.10.01)",https://kind.krx.co.kr/disclosure/disclosurebystocktype.do?method=searchDisclosureByStockTypeEtfSub&forward=disclosurebystocktype_etf_sub&currentPageSize=100&pageIndex=1&orderMode=1&orderStat=D&etfIsuSrtCd=&reportCd=&reportTmp=&etfIsuSrtNm=&reportNm=%EC%8B%A0%EA%B7%9C%EC%83%81%EC%9E%A5&fromDate=2015-09-01&toDate=2015-09-30,kind_listing_notice_title,official_notice_pending_isin,2026-08-14T07:26:02+00:00
KODEX 코스닥150,22920,2015-10-01,2015-09-25 16:04,20150925000279,"신규상장(삼성 KODEX 코스닥 150 증권상장지수투자신탁[주식], 상장일 2015.10.01)",https://kind.krx.co.kr/disclosure/disclosurebystocktype.do?method=searchDisclosureByStockTypeEtfSub&forward=disclosurebystocktype_etf_sub&currentPageSize=100&pageIndex=1&orderMode=1&orderStat=D&etfIsuSrtCd=&reportCd=&reportTmp=&etfIsuSrtNm=&reportNm=%EC%8B%A0%EA%B7%9C%EC%83%81%EC%9E%A5&fromDate=2015-09-01&toDate=2015-09-30,kind_listing_notice_title,official_notice_pending_isin,2026-08-14T07:26:02+00:00
TIGER 여행레저,22880,2015-10-07,2015-10-05 18:01,20151005000147,"신규상장(미래에셋 TIGER 여행레저 증권상장지수투자신탁(주식), 상장일 2015.10.07)",https://kind.krx.co.kr/disclosure/disclosurebystocktype.do?method=searchDisclosureByStockTypeEtfSub&forward=disclosurebystocktype_etf_sub&currentPageSize=100&pageIndex=1&orderMode=1&orderStat=D&etfIsuSrtCd=&reportCd=&reportTmp=&etfIsuSrtNm=&reportNm=%EC%8B%A0%EA%B7%9C%EC%83%81%EC%9E%A5&fromDate=2015-10-01&toDate=2015-10-31,kind_listing_notice_title,official_notice_pending_isin,2026-08-14T07:26:02+00:00
TIGER 화장품,22879,2015-10-07,2015-10-05 18:00,20151005000176,"신규상장(미래에셋 TIGER 화장품 증권상장지수투자신탁(주식), 상장일 2015.10.07)",https://kind.krx.co.kr/disclosure/disclosurebystocktype.do?method=searchDisclosureByStockTypeEtfSub&forward=disclosurebystocktype_etf_sub&currentPageSize=100&pageIndex=1&orderMode=1&orderStat=D&etfIsuSrtCd=&reportCd=&reportTmp=&etfIsuSrtNm=&reportNm=%EC%8B%A0%EA%B7%9C%EC%83%81%EC%9E%A5&fromDate=2015-10-01&toDate=2015-10-31,kind_listing_notice_title,official_notice_pending_isin,2026-08-14T07:26:02+00:00
TIGER 미디어컨텐츠,22881,2015-10-07,2015-10-05 18:01,20151005000178,"신규상장(미래에셋 TIGER 미디어컨텐츠 증권상장지수투자신탁(주식), 상장일 2015.10.07)",https://kind.krx.co.kr/disclosure/disclosurebystocktype.do?method=searchDisclosureByStockTypeEtfSub&forward=disclosurebystocktype_etf_sub&currentPageSize=100&pageIndex=1&orderMode=1&orderStat=D&etfIsuSrtCd=&reportCd=&reportTmp=&etfIsuSrtNm=&reportNm=%EC%8B%A0%EA%B7%9C%EC%83%81%EC%9E%A5&fromDate=2015-10-01&toDate=2015-10-31,kind_listing_notice_title,official_notice_pending_isin,2026-08-14T07:26:02+00:00
TIGER KTOP30,22882,2015-10-14,2015-10-12 17:57,20151012000432,"신규상장(미래에셋 TIGER KTOP30 증권상장지수투자신탁(주식), 상장일 2015.10.14)",https://kind.krx.co.kr/disclosure/disclosurebystocktype.do?method=searchDisclosureByStockTypeEtfSub&forward=disclosurebystocktype_etf_sub&currentPageSize=100&pageIndex=1&orderMode=1&orderStat=D&etfIsuSrtCd=&reportCd=&reportTmp=&etfIsuSrtNm=&reportNm=%EC%8B%A0%EA%B7%9C%EC%83%81%EC%9E%A5&fromDate=2015-10-01&toDate=2015-10-31,kind_listing_notice_title,official_notice_pending_isin,2026-08-14T07:26:02+00:00
KODEX KTOP30,22972,2015-10-14,2015-10-12 17:58,20151012000433,"신규상장(삼성 KODEX KTOP30 증권상장지수투자신탁[주식], 상장일 2015.10.14)",https://kind.krx.co.kr/disclosure/disclosurebystocktype.do?method=searchDisclosureByStockTypeEtfSub&forward=disclosurebystocktype_etf_sub&currentPageSize=100&pageIndex=1&orderMode=1&orderStat=D&etfIsuSrtCd=&reportCd=&reportTmp=&etfIsuSrtNm=&reportNm=%EC%8B%A0%EA%B7%9C%EC%83%81%EC%9E%A5&fromDate=2015-10-01&toDate=2015-10-31,kind_listing_notice_title,official_notice_pending_isin,2026-08-14T07:26:02+00:00
TIGER 코스닥150,23208,2015-11-12,2015-11-10 17:19,20151110000124,"신규상장(미래에셋TIGER코스닥150증권상장지수투자신탁(주식), 상장일 2015.11.12)",https://kind.krx.co.kr/disclosure/disclosurebystocktype.do?method=searchDisclosureByStockTypeEtfSub&forward=disclosurebystocktype_etf_sub&currentPageSize=100&pageIndex=1&orderMode=1&orderStat=D&etfIsuSrtCd=&reportCd=&reportTmp=&etfIsuSrtNm=&reportNm=%EC%8B%A0%EA%B7%9C%EC%83%81%EC%9E%A5&fromDate=2015-11-01&toDate=2015-11-30,kind_listing_notice_title,official_notice_pending_isin,2026-08-14T07:26:02+00:00
KIWOOM 미국달러선물인버스2X,23048,2015-11-16,2015-11-12 16:43,20151112000339,"신규상장(키움 KOSEF 미국달러선물 인버스2X 특별자산상장지수, 상장일 2015.11.16)",https://kind.krx.co.kr/disclosure/disclosurebystocktype.do?method=searchDisclosureByStockTypeEtfSub&forward=disclosurebystocktype_etf_sub&currentPageSize=100&pageIndex=1&orderMode=1&orderStat=D&etfIsuSrtCd=&reportCd=&reportTmp=&etfIsuSrtNm=&reportNm=%EC%8B%A0%EA%B7%9C%EC%83%81%EC%9E%A5&fromDate=2015-11-01&toDate=2015-11-30,kind_listing_notice_title,official_notice_pending_isin,2026-08-14T07:26:02+00:00
KINDEX 골드선물 인버스2X(합성 H),23259,2015-12-03,2015-12-01 17:57,20151201000158,"신규상장(한국투자KINDEX골드선물인버스2X특별자산상장지수투자신탁(금-파생형)(합성 H), 상장일 2015.12.03)",https://kind.krx.co.kr/disclosure/disclosurebystocktype.do?method=searchDisclosureByStockTypeEtfSub&forward=disclosurebystocktype_etf_sub&currentPageSize=100&pageIndex=1&orderMode=1&orderStat=D&etfIsuSrtCd=&reportCd=&reportTmp=&etfIsuSrtNm=&reportNm=%EC%8B%A0%EA%B7%9C%EC%83%81%EC%9E%A5&fromDate=2015-12-01&toDate=2015-12-31,kind_listing_notice_title,official_notice_pending_isin,2026-08-14T07:26:02+00:00
KODEX 코스닥150레버리지,23374,2015-12-17,2015-12-15 18:00,20151215000660,"신규상장(삼성 KODEX 코스닥150 레버리지증권상장지수투자신탁(주식-파생형), 상장일 2015.12.17)",https://kind.krx.co.kr/disclosure/disclosurebystocktype.do?method=searchDisclosureByStockTypeEtfSub&forward=disclosurebystocktype_etf_sub&currentPageSize=100&pageIndex=1&orderMode=1&orderStat=D&etfIsuSrtCd=&reportCd=&reportTmp=&etfIsuSrtNm=&reportNm=%EC%8B%A0%EA%B7%9C%EC%83%81%EC%9E%A5&fromDate=2015-12-01&toDate=2015-12-31,kind_listing_notice_title,official_notice_pending_isin,2026-08-14T07:26:02+00:00
TIGER 코스닥150 레버리지,23316,2015-12-17,2015-12-15 18:00,20151215000748,"신규상장(미래에셋 TIGER 코스닥150 레버리지증권상장지수투자신탁(주식-파생형), 상장일 2015.12.17)",https://kind.krx.co.kr/disclosure/disclosurebystocktype.do?method=searchDisclosureByStockTypeEtfSub&forward=disclosurebystocktype_etf_sub&currentPageSize=100&pageIndex=1&orderMode=1&orderStat=D&etfIsuSrtCd=&reportCd=&reportTmp=&etfIsuSrtNm=&reportNm=%EC%8B%A0%EA%B7%9C%EC%83%81%EC%9E%A5&fromDate=2015-12-01&toDate=2015-12-31,kind_listing_notice_title,official_notice_pending_isin,2026-08-14T07:26:02+00:00
KINDEX 코스닥150 레버리지,23479,2015-12-17,2015-12-15 18:00,20151215000751,"신규상장(한국투자 KINDEX 코스닥150 레버리지증권상장지수투자신탁(주식파생형), 상장일 2015.12.17)",https://kind.krx.co.kr/disclosure/disclosurebystocktype.do?method=searchDisclosureByStockTypeEtfSub&forward=disclosurebystocktype_etf_sub&currentPageSize=100&pageIndex=1&orderMode=1&orderStat=D&etfIsuSrtCd=&reportCd=&reportTmp=&etfIsuSrtNm=&reportNm=%EC%8B%A0%EA%B7%9C%EC%83%81%EC%9E%A5&fromDate=2015-12-01&toDate=2015-12-31,kind_listing_notice_title,official_notice_pending_isin,2026-08-14T07:26:02+00:00
ARIRANG 스마트베타LowVOL,23646,2016-01-12,2016-01-08 17:41,20160108000278,"신규상장(한화 ARIRANG 스마트베타 LowVOL 증권상장지수투자신탁(주식), 상장일 2016.01.12)",https://kind.krx.co.kr/disclosure/disclosurebystocktype.do?method=searchDisclosureByStockTypeEtfSub&forward=disclosurebystocktype_etf_sub&currentPageSize=100&pageIndex=1&orderMode=1&orderStat=D&etfIsuSrtCd=&reportCd=&reportTmp=&etfIsuSrtNm=&reportNm=%EC%8B%A0%EA%B7%9C%EC%83%81%EC%9E%A5&fromDate=2016-01-01&toDate=2016-01-31,kind_listing_notice_title,official_notice_pending_isin,2026-08-14T07:26:02+00:00
KODEX 코스피100,23735,2016-01-27,2016-01-25 17:46,20160125000263,"신규상장(삼성 KODEX 코스피100 증권상장지수투자신탁[주식], 상장일 2016.01.27)",https://kind.krx.co.kr/disclosure/disclosurebystocktype.do?method=searchDisclosureByStockTypeEtfSub&forward=disclosurebystocktype_etf_sub&currentPageSize=100&pageIndex=1&orderMode=1&orderStat=D&etfIsuSrtCd=&reportCd=&reportTmp=&etfIsuSrtNm=&reportNm=%EC%8B%A0%EA%B7%9C%EC%83%81%EC%9E%A5&fromDate=2016-01-01&toDate=2016-01-31,kind_listing_notice_title,official_notice_pending_isin,2026-08-14T07:26:02+00:00
KODEX 코리아배당성장채권혼합,23737,2016-01-27,2016-01-25 17:44,20160125000264,"신규상장(삼성 KODEX 배당성장채권혼합 증권상장지수투자신탁[채권혼합], 상장일 2016.01.27)",https://kind.krx.co.kr/disclosure/disclosurebystocktype.do?method=searchDisclosureByStockTypeEtfSub&forward=disclosurebystocktype_etf_sub&currentPageSize=100&pageIndex=1&orderMode=1&orderStat=D&etfIsuSrtCd=&reportCd=&reportTmp=&etfIsuSrtNm=&reportNm=%EC%8B%A0%EA%B7%9C%EC%83%81%EC%9E%A5&fromDate=2016-01-01&toDate=2016-01-31,kind_listing_notice_title,official_notice_pending_isin,2026-08-14T07:26:02+00:00
TIGER 경기방어채권혼합,23744,2016-01-27,2016-01-25 17:44,20160125000296,"신규상장(미래에셋 TIGER 경기방어혼합 증권상장지수투자신탁(채권혼합), 상장일 2016.01.27)",https://kind.krx.co.kr/disclosure/disclosurebystocktype.do?method=searchDisclosureByStockTypeEtfSub&forward=disclosurebystocktype_etf_sub&currentPageSize=100&pageIndex=1&orderMode=1&orderStat=D&etfIsuSrtCd=&reportCd=&reportTmp=&etfIsuSrtNm=&reportNm=%EC%8B%A0%EA%B7%9C%EC%83%81%EC%9E%A5&fromDate=2016-01-01&toDate=2016-01-31,kind_listing_notice_title,official_notice_pending_isin,2026-08-14T07:26:02+00:00
RISE V&S셀렉트밸류,23431,2016-02-02,2016-01-29 17:24,20160129000752,"신규상장(KB KStar V&S 셀렉트밸류 증권 상장지수 투자신탁(주식), 상장일 2016.02.02)",https://kind.krx.co.kr/disclosure/disclosurebystocktype.do?method=searchDisclosureByStockTypeEtfSub&forward=disclosurebystocktype_etf_sub&currentPageSize=100&pageIndex=1&orderMode=1&orderStat=D&etfIsuSrtCd=&reportCd=&reportTmp=&etfIsuSrtNm=&reportNm=%EC%8B%A0%EA%B7%9C%EC%83%81%EC%9E%A5&fromDate=2016-01-01&toDate=2016-01-31,kind_listing_notice_title,official_notice_pending_isin,2026-08-14T07:26:02+00:00
PLUS 스마트베타Quality채권혼합,23867,2016-02-24,2016-02-22 17:48,20160222000620,"신규상장(한화 ARIRANG 스마트베타Quality채권혼합증권상장지수투자신탁(채권혼합-파생형), 상장일 2016.02.24)",https://kind.krx.co.kr/disclosure/disclosurebystocktype.do?method=searchDisclosureByStockTypeEtfSub&forward=disclosurebystocktype_etf_sub&currentPageSize=100&pageIndex=1&orderMode=1&orderStat=D&etfIsuSrtCd=&reportCd=&reportTmp=&etfIsuSrtNm=&reportNm=%EC%8B%A0%EA%B7%9C%EC%83%81%EC%9E%A5&fromDate=2016-02-01&toDate=2016-02-29,kind_listing_notice_title,official_notice_pending_isin,2026-08-14T07:26:02+00:00
ACE 일본Nikkei225(H),23872,2016-03-03,2016-03-02 10:47,20160302000066,"신규상장(한국투자 KINDEX 일본Nikkei225증권상장지수투자신탁(주식-파생형)(H), 상장일 2016.03.03)",https://kind.krx.co.kr/disclosure/disclosurebystocktype.do?method=searchDisclosureByStockTypeEtfSub&forward=disclosurebystocktype_etf_sub&currentPageSize=100&pageIndex=1&orderMode=1&orderStat=D&etfIsuSrtCd=&reportCd=&reportTmp=&etfIsuSrtNm=&reportNm=%EC%8B%A0%EA%B7%9C%EC%83%81%EC%9E%A5&fromDate=2016-03-01&toDate=2016-03-31,kind_listing_notice_title,official_notice_pending_isin,2026-08-14T07:26:02+00:00
PLUS 우량회사채50,23966,2016-03-22,2016-03-18 17:49,20160318000457,"신규상장(한화 ARIRANG 우량회사채50증권상장지수투자신탁(채권), 상장일 2016.03.22)",https://kind.krx.co.kr/disclosure/disclosurebystocktype.do?method=searchDisclosureByStockTypeEtfSub&forward=disclosurebystocktype_etf_sub&currentPageSize=100&pageIndex=1&orderMode=1&orderStat=D&etfIsuSrtCd=&reportCd=&reportTmp=&etfIsuSrtNm=&reportNm=%EC%8B%A0%EA%B7%9C%EC%83%81%EC%9E%A5&fromDate=2016-03-01&toDate=2016-03-31,kind_listing_notice_title,official_notice_pending_isin,2026-08-14T07:26:02+00:00
TIGER 일본니케이225,24118,2016-03-31,2016-03-29 14:45,20160329000353,"신규상장(미래에셋 TIGER 일본니케이225증권상장지수투자신탁(주식-파생형), 상장일 2016.03.31)",https://kind.krx.co.kr/disclosure/disclosurebystocktype.do?method=searchDisclosureByStockTypeEtfSub&forward=disclosurebystocktype_etf_sub&currentPageSize=100&pageIndex=1&orderMode=1&orderStat=D&etfIsuSrtCd=&reportCd=&reportTmp=&etfIsuSrtNm=&reportNm=%EC%8B%A0%EA%B7%9C%EC%83%81%EC%9E%A5&fromDate=2016-03-01&toDate=2016-03-31,kind_listing_notice_title,official_notice_pending_isin,2026-08-14T07:26:02+00:00
RISE V&S셀렉트밸류채권혼합,24139,2016-04-12,2016-04-11 21:32,20160411000642,"신규상장(KB KBSTAR V&S셀렉트밸류채권혼합증권상장지수투자신탁(채권혼합), 상장일 2016.04.12)",https://kind.krx.co.kr/disclosure/disclosurebystocktype.do?method=searchDisclosureByStockTypeEtfSub&forward=disclosurebystocktype_etf_sub&currentPageSize=100&pageIndex=1&orderMode=1&orderStat=D&etfIsuSrtCd=&reportCd=&reportTmp=&etfIsuSrtNm=&reportNm=%EC%8B%A0%EA%B7%9C%EC%83%81%EC%9E%A5&fromDate=2016-04-01&toDate=2016-04-30,kind_listing_notice_title,official_notice_pending_isin,2026-08-14T07:26:02+00:00
KODEX 바이오,24458,2016-05-13,2016-05-11 17:35,20160511000370,"신규상장(삼성 KODEX 바이오증권상장지수투자신탁[주식], 상장일 2016.05.13)",https://kind.krx.co.kr/disclosure/disclosurebystocktype.do?method=searchDisclosureByStockTypeEtfSub&forward=disclosurebystocktype_etf_sub&currentPageSize=100&pageIndex=1&orderMode=1&orderStat=D&etfIsuSrtCd=&reportCd=&reportTmp=&etfIsuSrtNm=&reportNm=%EC%8B%A0%EA%B7%9C%EC%83%81%EC%9E%A5&fromDate=2016-05-01&toDate=2016-05-31,kind_listing_notice_title,official_notice_pending_isin,2026-08-14T07:26:02+00:00
TIGER 인도니프티50레버리지(합성),23635,2016-05-13,2016-05-11 17:35,20160511000395,"신규상장(미래에셋 TIGER 인도레버리지증권상장지수투자신탁(주식혼합-파생형)(합성), 상장일 2016.05.13)",https://kind.krx.co.kr/disclosure/disclosurebystocktype.do?method=searchDisclosureByStockTypeEtfSub&forward=disclosurebystocktype_etf_sub&currentPageSize=100&pageIndex=1&orderMode=1&orderStat=D&etfIsuSrtCd=&reportCd=&reportTmp=&etfIsuSrtNm=&reportNm=%EC%8B%A0%EA%B7%9C%EC%83%81%EC%9E%A5&fromDate=2016-05-01&toDate=2016-05-31,kind_listing_notice_title,official_notice_pending_isin,2026-08-14T07:26:02+00:00
KODEX 밸류Plus,24467,2016-05-13,2016-05-11 17:35,20160511000445,"신규상장(삼성 KODEX 밸류PLUS증권상장지수투자신탁[주식], 상장일 2016.05.13)",https://kind.krx.co.kr/disclosure/disclosurebystocktype.do?method=searchDisclosureByStockTypeEtfSub&forward=disclosurebystocktype_etf_sub&currentPageSize=100&pageIndex=1&orderMode=1&orderStat=D&etfIsuSrtCd=&reportCd=&reportTmp=&etfIsuSrtNm=&reportNm=%EC%8B%A0%EA%B7%9C%EC%83%81%EC%9E%A5&fromDate=2016-05-01&toDate=2016-05-31,kind_listing_notice_title,official_notice_pending_isin,2026-08-14T07:26:02+00:00
KODEX 모멘텀Plus,24462,2016-05-13,2016-05-11 17:36,20160511000471,"신규상장(삼성 KODEX 모멘텀PLUS증권상장지수투자신탁[주식], 상장일 2016.05.13)",https://kind.krx.co.kr/disclosure/disclosurebystocktype.do?method=searchDisclosureByStockTypeEtfSub&forward=disclosurebystocktype_etf_sub&currentPageSize=100&pageIndex=1&orderMode=1&orderStat=D&etfIsuSrtCd=&reportCd=&reportTmp=&etfIsuSrtNm=&reportNm=%EC%8B%A0%EA%B7%9C%EC%83%81%EC%9E%A5&fromDate=2016-05-01&toDate=2016-05-31,kind_listing_notice_title,official_notice_pending_isin,2026-08-14T07:26:02+00:00
KODEX 퀄리티Plus,24466,2016-05-13,2016-05-11 17:36,20160511000473,"신규상장(삼성 KODEX 퀄리티PLUS증권상장지수투자신탁[주식], 상장일 2016.05.13)",https://kind.krx.co.kr/disclosure/disclosurebystocktype.do?method=searchDisclosureByStockTypeEtfSub&forward=disclosurebystocktype_etf_sub&currentPageSize=100&pageIndex=1&orderMode=1&orderStat=D&etfIsuSrtCd=&reportCd=&reportTmp=&etfIsuSrtNm=&reportNm=%EC%8B%A0%EA%B7%9C%EC%83%81%EC%9E%A5&fromDate=2016-05-01&toDate=2016-05-31,kind_listing_notice_title,official_notice_pending_isin,2026-08-14T07:26:02+00:00
TIGER 200IT레버리지,24388,2016-05-13,2016-05-11 17:36,20160511000482,"신규상장(미래에셋 TIGER 200IT레버리지증권상장지수투자신탁(주식-파생형), 상장일 2016.05.13)",https://kind.krx.co.kr/disclosure/disclosurebystocktype.do?method=searchDisclosureByStockTypeEtfSub&forward=disclosurebystocktype_etf_sub&currentPageSize=100&pageIndex=1&orderMode=1&orderStat=D&etfIsuSrtCd=&reportCd=&reportTmp=&etfIsuSrtNm=&reportNm=%EC%8B%A0%EA%B7%9C%EC%83%81%EC%9E%A5&fromDate=2016-05-01&toDate=2016-05-31,kind_listing_notice_title,official_notice_pending_isin,2026-08-14T07:26:02+00:00
TIGER 200에너지화학레버리지,24389,2016-05-13,2016-05-11 17:36,20160511000483,"신규상장(미래에셋 TIGER 200에너지화학레버리지증권상장지수투자신탁(주식-파생형), 상장일 2016.05.13)",https://kind.krx.co.kr/disclosure/disclosurebystocktype.do?method=searchDisclosureByStockTypeEtfSub&forward=disclosurebystocktype_etf_sub&currentPageSize=100&pageIndex=1&orderMode=1&orderStat=D&etfIsuSrtCd=&reportCd=&reportTmp=&etfIsuSrtNm=&reportNm=%EC%8B%A0%EA%B7%9C%EC%83%81%EC%9E%A5&fromDate=2016-05-01&toDate=2016-05-31,kind_listing_notice_title,official_notice_pending_isin,2026-08-14T07:26:02+00:00
ARIRANG 스마트베타4종결합,24482,2016-05-19,2016-05-17 17:54,20160517000379,"신규상장(한화 ARIRANG 스마트베타4종결합증권상장지수투자신탁(주식), 상장일 2016.05.19)",https://kind.krx.co.kr/disclosure/disclosurebystocktype.do?method=searchDisclosureByStockTypeEtfSub&forward=disclosurebystocktype_etf_sub&currentPageSize=100&pageIndex=1&orderMode=1&orderStat=D&etfIsuSrtCd=&reportCd=&reportTmp=&etfIsuSrtNm=&reportNm=%EC%8B%A0%EA%B7%9C%EC%83%81%EC%9E%A5&fromDate=2016-05-01&toDate=2016-05-31,kind_listing_notice_title,official_notice_pending_isin,2026-08-14T07:26:02+00:00
TIGER 차이나HSCEI,24536,2016-06-16,2016-06-14 17:59,20160614000523,"신규상장(미래에셋 TIGER 차이나H증권상장지수투자신탁(주식-파생형), 상장일 2016.06.16)",https://kind.krx.co.kr/disclosure/disclosurebystocktype.do?method=searchDisclosureByStockTypeEtfSub&forward=disclosurebystocktype_etf_sub&currentPageSize=100&pageIndex=1&orderMode=1&orderStat=D&etfIsuSrtCd=&reportCd=&reportTmp=&etfIsuSrtNm=&reportNm=%EC%8B%A0%EA%B7%9C%EC%83%81%EC%9E%A5&fromDate=2016-06-01&toDate=2016-06-30,kind_listing_notice_title,official_notice_pending_isin,2026-08-14T07:26:02+00:00
KODEX 가치투자,24778,2016-06-24,2016-06-22 18:00,20160622000493,"신규상장(삼성 KODEX 가치투자증권상장지수투자신탁[주식], 상장일 2016.06.24)",https://kind.krx.co.kr/disclosure/disclosurebystocktype.do?method=searchDisclosureByStockTypeEtfSub&forward=disclosurebystocktype_etf_sub&currentPageSize=100&pageIndex=1&orderMode=1&orderStat=D&etfIsuSrtCd=&reportCd=&reportTmp=&etfIsuSrtNm=&reportNm=%EC%8B%A0%EA%B7%9C%EC%83%81%EC%9E%A5&fromDate=2016-06-01&toDate=2016-06-30,kind_listing_notice_title,official_notice_pending_isin,2026-08-14T07:26:02+00:00
KODEX 성장투자,24779,2016-06-24,2016-06-22 18:00,20160622000495,"신규상장(삼성 KODEX 성장투자증권상장지수투자신탁[주식], 상장일 2016.06.24)",https://kind.krx.co.kr/disclosure/disclosurebystocktype.do?method=searchDisclosureByStockTypeEtfSub&forward=disclosurebystocktype_etf_sub&currentPageSize=100&pageIndex=1&orderMode=1&orderStat=D&etfIsuSrtCd=&reportCd=&reportTmp=&etfIsuSrtNm=&reportNm=%EC%8B%A0%EA%B7%9C%EC%83%81%EC%9E%A5&fromDate=2016-06-01&toDate=2016-06-30,kind_listing_notice_title,official_notice_pending_isin,2026-08-14T07:26:02+00:00
KODEX 턴어라운드투자,24780,2016-06-24,2016-06-22 18:00,20160622000497,"신규상장(삼성 KODEX 턴어라운드투자증권상장지수투자신탁[주식], 상장일 2016.06.24)",https://kind.krx.co.kr/disclosure/disclosurebystocktype.do?method=searchDisclosureByStockTypeEtfSub&forward=disclosurebystocktype_etf_sub&currentPageSize=100&pageIndex=1&orderMode=1&orderStat=D&etfIsuSrtCd=&reportCd=&reportTmp=&etfIsuSrtNm=&reportNm=%EC%8B%A0%EA%B7%9C%EC%83%81%EC%9E%A5&fromDate=2016-06-01&toDate=2016-06-30,kind_listing_notice_title,official_notice_pending_isin,2026-08-14T07:26:02+00:00
TIGER 미국다우존스30,24534,2016-07-01,2016-06-30 09:51,20160630000054,"신규상장(미래에셋 TIGER 미국다우존스30증권상장지수투자신탁(주식-파생형), 상장일 2016.07.01)",https://kind.krx.co.kr/disclosure/disclosurebystocktype.do?method=searchDisclosureByStockTypeEtfSub&forward=disclosurebystocktype_etf_sub&currentPageSize=100&pageIndex=1&orderMode=1&orderStat=D&etfIsuSrtCd=&reportCd=&reportTmp=&etfIsuSrtNm=&reportNm=%EC%8B%A0%EA%B7%9C%EC%83%81%EC%9E%A5&fromDate=2016-06-01&toDate=2016-06-30,kind_listing_notice_title,official_notice_pending_isin,2026-08-14T07:26:02+00:00
TIGER 유로스탁스배당30,24535,2016-07-01,2016-06-30 09:51,20160630000055,"신규상장(미래에셋 TIGER 유로스탁스배당30증권상장지수투자신탁(주식-파생형), 상장일 2016.07.01)",https://kind.krx.co.kr/disclosure/disclosurebystocktype.do?method=searchDisclosureByStockTypeEtfSub&forward=disclosurebystocktype_etf_sub&currentPageSize=100&pageIndex=1&orderMode=1&orderStat=D&etfIsuSrtCd=&reportCd=&reportTmp=&etfIsuSrtNm=&reportNm=%EC%8B%A0%EA%B7%9C%EC%83%81%EC%9E%A5&fromDate=2016-06-01&toDate=2016-06-30,kind_listing_notice_title,official_notice_pending_isin,2026-08-14T07:26:02+00:00
TIGER 일본TOPIX헬스케어(합성),24826,2016-07-01,2016-06-30 09:51,20160630000057,"신규상장(미래에셋 TIGER 일본헬스케어증권상장지수투자신탁(주식-파생형)(합성), 상장일 2016.07.01)",https://kind.krx.co.kr/disclosure/disclosurebystocktype.do?method=searchDisclosureByStockTypeEtfSub&forward=disclosurebystocktype_etf_sub&currentPageSize=100&pageIndex=1&orderMode=1&orderStat=D&etfIsuSrtCd=&reportCd=&reportTmp=&etfIsuSrtNm=&reportNm=%EC%8B%A0%EA%B7%9C%EC%83%81%EC%9E%A5&fromDate=2016-06-01&toDate=2016-06-30,kind_listing_notice_title,official_notice_pending_isin,2026-08-14T07:26:02+00:00
ACE 베트남VN30(합성),24571,2016-07-01,2016-06-30 09:52,20160630000060,"신규상장(한국투자 KINDEX 베트남VN30증권상장지수투자신탁(주식-파생형)(합성), 상장일 2016.07.01)",https://kind.krx.co.kr/disclosure/disclosurebystocktype.do?method=searchDisclosureByStockTypeEtfSub&forward=disclosurebystocktype_etf_sub&currentPageSize=100&pageIndex=1&orderMode=1&orderStat=D&etfIsuSrtCd=&reportCd=&reportTmp=&etfIsuSrtNm=&reportNm=%EC%8B%A0%EA%B7%9C%EC%83%81%EC%9E%A5&fromDate=2016-06-01&toDate=2016-06-30,kind_listing_notice_title,official_notice_pending_isin,2026-08-14T07:26:02+00:00
TIGER S&P글로벌헬스케어(합성),24827,2016-07-01,2016-06-30 09:52,20160630000073,"신규상장(미래에셋 TIGER 글로벌헬스케어증권상장지수투자신탁(주식-파생형)(합성), 상장일 2016.07.01)",https://kind.krx.co.kr/disclosure/disclosurebystocktype.do?method=searchDisclosureByStockTypeEtfSub&forward=disclosurebystocktype_etf_sub&currentPageSize=100&pageIndex=1&orderMode=1&orderStat=D&etfIsuSrtCd=&reportCd=&reportTmp=&etfIsuSrtNm=&reportNm=%EC%8B%A0%EA%B7%9C%EC%83%81%EC%9E%A5&fromDate=2016-06-01&toDate=2016-06-30,kind_listing_notice_title,official_notice_pending_isin,2026-08-14T07:26:02+00:00
TIGER 코스닥150선물인버스,25078,2016-08-10,2016-08-08 17:48,20160808000375,"신규상장(미래에셋 TIGER 코스닥150인버스증권상장지수투자신탁(주식-파생형), 상장일 2016.08.10)",https://kind.krx.co.kr/disclosure/disclosurebystocktype.do?method=searchDisclosureByStockTypeEtfSub&forward=disclosurebystocktype_etf_sub&currentPageSize=100&pageIndex=1&orderMode=1&orderStat=D&etfIsuSrtCd=&reportCd=&reportTmp=&etfIsuSrtNm=&reportNm=%EC%8B%A0%EA%B7%9C%EC%83%81%EC%9E%A5&fromDate=2016-08-01&toDate=2016-08-31,kind_listing_notice_title,official_notice_pending_isin,2026-08-14T07:26:02+00:00
RISE 차이나HSCEI(H),25073,2016-08-10,2016-08-08 16:58,20160808000381,"신규상장(KB KBSTAR 차이나H주 증권상장지수투자신탁(주식-파생형)(H), 상장일 2016.08.10)",https://kind.krx.co.kr/disclosure/disclosurebystocktype.do?method=searchDisclosureByStockTypeEtfSub&forward=disclosurebystocktype_etf_sub&currentPageSize=100&pageIndex=1&orderMode=1&orderStat=D&etfIsuSrtCd=&reportCd=&reportTmp=&etfIsuSrtNm=&reportNm=%EC%8B%A0%EA%B7%9C%EC%83%81%EC%9E%A5&fromDate=2016-08-01&toDate=2016-08-31,kind_listing_notice_title,official_notice_pending_isin,2026-08-14T07:26:02+00:00
KODEX 코스닥150선물인버스,25134,2016-08-10,2016-08-08 17:49,20160808000454,"신규상장(삼성 KODEX 코스닥150인버스증권상장지수투자신탁(주식-파생형), 상장일 2016.08.10)",https://kind.krx.co.kr/disclosure/disclosurebystocktype.do?method=searchDisclosureByStockTypeEtfSub&forward=disclosurebystocktype_etf_sub&currentPageSize=100&pageIndex=1&orderMode=1&orderStat=D&etfIsuSrtCd=&reportCd=&reportTmp=&etfIsuSrtNm=&reportNm=%EC%8B%A0%EA%B7%9C%EC%83%81%EC%9E%A5&fromDate=2016-08-01&toDate=2016-08-31,kind_listing_notice_title,official_notice_pending_isin,2026-08-14T07:26:02+00:00
PLUS 고배당저변동50,25159,2016-08-11,2016-08-10 10:49,20160810000093,"신규상장(한화 ARIRANG 고배당저변동50증권상장지수투자신탁(주식), 상장일 2016.08.11)",https://kind.krx.co.kr/disclosure/disclosurebystocktype.do?method=searchDisclosureByStockTypeEtfSub&forward=disclosurebystocktype_etf_sub&currentPageSize=100&pageIndex=1&orderMode=1&orderStat=D&etfIsuSrtCd=&reportCd=&reportTmp=&etfIsuSrtNm=&reportNm=%EC%8B%A0%EA%B7%9C%EC%83%81%EC%9E%A5&fromDate=2016-08-01&toDate=2016-08-31,kind_listing_notice_title,official_notice_pending_isin,2026-08-14T07:26:02+00:00
PLUS 고배당주채권혼합,25160,2016-08-11,2016-08-10 10:49,20160810000094,"신규상장(한화 ARIRANG 고배당주채권혼합증권상장지수투자신탁(채권혼합-파생형), 상장일 2016.08.11)",https://kind.krx.co.kr/disclosure/disclosurebystocktype.do?method=searchDisclosureByStockTypeEtfSub&forward=disclosurebystocktype_etf_sub&currentPageSize=100&pageIndex=1&orderMode=1&orderStat=D&etfIsuSrtCd=&reportCd=&reportTmp=&etfIsuSrtNm=&reportNm=%EC%8B%A0%EA%B7%9C%EC%83%81%EC%9E%A5&fromDate=2016-08-01&toDate=2016-08-31,kind_listing_notice_title,official_notice_pending_isin,2026-08-14T07:26:02+00:00
KODEX MSCI선진국,25135,2016-08-17,2016-08-16 09:06,20160816000050,"신규상장(삼성 KODEX MSCI World 증권상장지수투자신탁[주식], 상장일 2016.08.17)",https://kind.krx.co.kr/disclosure/disclosurebystocktype.do?method=searchDisclosureByStockTypeEtfSub&forward=disclosurebystocktype_etf_sub&currentPageSize=100&pageIndex=1&orderMode=1&orderStat=D&etfIsuSrtCd=&reportCd=&reportTmp=&etfIsuSrtNm=&reportNm=%EC%8B%A0%EA%B7%9C%EC%83%81%EC%9E%A5&fromDate=2016-08-01&toDate=2016-08-31,kind_listing_notice_title,official_notice_pending_isin,2026-08-14T07:26:02+00:00
ACE 코스닥(합성),25189,2016-09-06,2016-09-02 17:50,20160902000545,"신규상장(한국투자KINDEX코스닥증권상장지수투자신탁(주식-파생형)(합성), 상장일 2016.09.06)",https://kind.krx.co.kr/disclosure/disclosurebystocktype.do?method=searchDisclosureByStockTypeEtfSub&forward=disclosurebystocktype_etf_sub&currentPageSize=100&pageIndex=1&orderMode=1&orderStat=D&etfIsuSrtCd=&reportCd=&reportTmp=&etfIsuSrtNm=&reportNm=%EC%8B%A0%EA%B7%9C%EC%83%81%EC%9E%A5&fromDate=2016-09-01&toDate=2016-09-30,kind_listing_notice_title,official_notice_pending_isin,2026-08-14T07:26:02+00:00
RISE 200선물레버리지,25240,2016-09-12,2016-09-08 15:57,20160908000246,"신규상장(KB KBSTAR 200선물레버리지증권상장지수투자신탁(주식-파생형), 상장일 2016.09.12)",https://kind.krx.co.kr/disclosure/disclosurebystocktype.do?method=searchDisclosureByStockTypeEtfSub&forward=disclosurebystocktype_etf_sub&currentPageSize=100&pageIndex=1&orderMode=1&orderStat=D&etfIsuSrtCd=&reportCd=&reportTmp=&etfIsuSrtNm=&reportNm=%EC%8B%A0%EA%B7%9C%EC%83%81%EC%9E%A5&fromDate=2016-09-01&toDate=2016-09-30,kind_listing_notice_title,official_notice_pending_isin,2026-08-14T07:26:02+00:00
RISE 200선물인버스,25241,2016-09-12,2016-09-08 15:57,20160908000253,"신규상장(KB KBSTAR 200선물인버스증권상장지수투자신탁(주식-파생형), 상장일 2016.09.12)",https://kind.krx.co.kr/disclosure/disclosurebystocktype.do?method=searchDisclosureByStockTypeEtfSub&forward=disclosurebystocktype_etf_sub&currentPageSize=100&pageIndex=1&orderMode=1&orderStat=D&etfIsuSrtCd=&reportCd=&reportTmp=&etfIsuSrtNm=&reportNm=%EC%8B%A0%EA%B7%9C%EC%83%81%EC%9E%A5&fromDate=2016-09-01&toDate=2016-09-30,kind_listing_notice_title,official_notice_pending_isin,2026-08-14T07:26:02+00:00
KIWOOM 200선물레버리지,25325,2016-09-12,2016-09-08 15:58,20160908000259,"신규상장(키움 KOSEF 200선물레버리지증권상장지수투자신탁(주식-파생형), 상장일 2016.09.12)",https://kind.krx.co.kr/disclosure/disclosurebystocktype.do?method=searchDisclosureByStockTypeEtfSub&forward=disclosurebystocktype_etf_sub&currentPageSize=100&pageIndex=1&orderMode=1&orderStat=D&etfIsuSrtCd=&reportCd=&reportTmp=&etfIsuSrtNm=&reportNm=%EC%8B%A0%EA%B7%9C%EC%83%81%EC%9E%A5&fromDate=2016-09-01&toDate=2016-09-30,kind_listing_notice_title,official_notice_pending_isin,2026-08-14T07:26:02+00:00
KIWOOM 200선물인버스,25324,2016-09-12,2016-09-08 15:58,20160908000261,"신규상장(키움 KOSEF 200선물인버스증권상장지수투자신탁(주식-파생형), 상장일 2016.09.12)",https://kind.krx.co.kr/disclosure/disclosurebystocktype.do?method=searchDisclosureByStockTypeEtfSub&forward=disclosurebystocktype_etf_sub&currentPageSize=100&pageIndex=1&orderMode=1&orderStat=D&etfIsuSrtCd=&reportCd=&reportTmp=&etfIsuSrtNm=&reportNm=%EC%8B%A0%EA%B7%9C%EC%83%81%EC%9E%A5&fromDate=2016-09-01&toDate=2016-09-30,kind_listing_notice_title,official_notice_pending_isin,2026-08-14T07:26:02+00:00
KODEX 200동일가중,25265,2016-09-20,2016-09-19 19:38,20160919000479,"신규상장(삼성 KODEX 200동일가중증권상장지수투자신탁[주식], 상장일 2016.09.20)",https://kind.krx.co.kr/disclosure/disclosurebystocktype.do?method=searchDisclosureByStockTypeEtfSub&forward=disclosurebystocktype_etf_sub&currentPageSize=100&pageIndex=1&orderMode=1&orderStat=D&etfIsuSrtCd=&reportCd=&reportTmp=&etfIsuSrtNm=&reportNm=%EC%8B%A0%EA%B7%9C%EC%83%81%EC%9E%A5&fromDate=2016-09-01&toDate=2016-09-30,kind_listing_notice_title,official_notice_pending_isin,2026-08-14T07:26:02+00:00
TIGER 200동일가중,25200,2016-09-20,2016-09-19 19:38,20160919000480,"신규상장(미래에셋 TIGER 200동일가중증권상장지수투자신탁(주식), 상장일 2016.09.20)",https://kind.krx.co.kr/disclosure/disclosurebystocktype.do?method=searchDisclosureByStockTypeEtfSub&forward=disclosurebystocktype_etf_sub&currentPageSize=100&pageIndex=1&orderMode=1&orderStat=D&etfIsuSrtCd=&reportCd=&reportTmp=&etfIsuSrtNm=&reportNm=%EC%8B%A0%EA%B7%9C%EC%83%81%EC%9E%A5&fromDate=2016-09-01&toDate=2016-09-30,kind_listing_notice_title,official_notice_pending_isin,2026-08-14T07:26:02+00:00
RISE 200선물인버스2X,25242,2016-09-22,2016-09-20 17:58,20160920000509,"신규상장(KB KBSTAR 200선물인버스2X 증권상장지수투자신탁(주식-파생형), 상장일 2016.09.22)",https://kind.krx.co.kr/disclosure/disclosurebystocktype.do?method=searchDisclosureByStockTypeEtfSub&forward=disclosurebystocktype_etf_sub&currentPageSize=100&pageIndex=1&orderMode=1&orderStat=D&etfIsuSrtCd=&reportCd=&reportTmp=&etfIsuSrtNm=&reportNm=%EC%8B%A0%EA%B7%9C%EC%83%81%EC%9E%A5&fromDate=2016-09-01&toDate=2016-09-30,kind_listing_notice_title,official_notice_pending_isin,2026-08-14T07:26:02+00:00
TIGER 200선물인버스2X,25271,2016-09-22,2016-09-20 17:59,20160920000512,"신규상장(미래에셋 TIGER 200선물인버스2X증권상장지수투자신탁(주식-파생형), 상장일 2016.09.22)",https://kind.krx.co.kr/disclosure/disclosurebystocktype.do?method=searchDisclosureByStockTypeEtfSub&forward=disclosurebystocktype_etf_sub&currentPageSize=100&pageIndex=1&orderMode=1&orderStat=D&etfIsuSrtCd=&reportCd=&reportTmp=&etfIsuSrtNm=&reportNm=%EC%8B%A0%EA%B7%9C%EC%83%81%EC%9E%A5&fromDate=2016-09-01&toDate=2016-09-30,kind_listing_notice_title,official_notice_pending_isin,2026-08-14T07:26:02+00:00
KODEX 200선물인버스2X,25267,2016-09-22,2016-09-20 17:59,20160920000515,"신규상장(삼성 KODEX 200선물인버스2X증권상장지수투자신탁(주식-파생형), 상장일 2016.09.22)",https://kind.krx.co.kr/disclosure/disclosurebystocktype.do?method=searchDisclosureByStockTypeEtfSub&forward=disclosurebystocktype_etf_sub&currentPageSize=100&pageIndex=1&orderMode=1&orderStat=D&etfIsuSrtCd=&reportCd=&reportTmp=&etfIsuSrtNm=&reportNm=%EC%8B%A0%EA%B7%9C%EC%83%81%EC%9E%A5&fromDate=2016-09-01&toDate=2016-09-30,kind_listing_notice_title,official_notice_pending_isin,2026-08-14T07:26:02+00:00
KIWOOM 200선물인버스2X,25323,2016-09-22,2016-09-20 17:59,20160920000518,"신규상장(키움 KOSEF 200선물인버스2X증권상장지수투자신탁(주식-파생형), 상장일 2016.09.22)",https://kind.krx.co.kr/disclosure/disclosurebystocktype.do?method=searchDisclosureByStockTypeEtfSub&forward=disclosurebystocktype_etf_sub&currentPageSize=100&pageIndex=1&orderMode=1&orderStat=D&etfIsuSrtCd=&reportCd=&reportTmp=&etfIsuSrtNm=&reportNm=%EC%8B%A0%EA%B7%9C%EC%83%81%EC%9E%A5&fromDate=2016-09-01&toDate=2016-09-30,kind_listing_notice_title,official_notice_pending_isin,2026-08-14T07:26:02+00:00
PLUS 200선물인버스2X,25316,2016-09-22,2016-09-20 17:59,20160920000519,"신규상장(한화 ARIRANG 200선물인버스2X증권상장지수투자신탁(주식-파생형), 상장일 2016.09.22)",https://kind.krx.co.kr/disclosure/disclosurebystocktype.do?method=searchDisclosureByStockTypeEtfSub&forward=disclosurebystocktype_etf_sub&currentPageSize=100&pageIndex=1&orderMode=1&orderStat=D&etfIsuSrtCd=&reportCd=&reportTmp=&etfIsuSrtNm=&reportNm=%EC%8B%A0%EA%B7%9C%EC%83%81%EC%9E%A5&fromDate=2016-09-01&toDate=2016-09-30,kind_listing_notice_title,official_notice_pending_isin,2026-08-14T07:26:02+00:00
RISE 헬스케어,25328,2016-09-23,2016-09-21 17:32,20160921000227,"신규상장(KB KBSTSAR 헬스케어증권상장지수투자신탁(주식), 상장일 2016.09.23)",https://kind.krx.co.kr/disclosure/disclosurebystocktype.do?method=searchDisclosureByStockTypeEtfSub&forward=disclosurebystocktype_etf_sub&currentPageSize=100&pageIndex=1&orderMode=1&orderStat=D&etfIsuSrtCd=&reportCd=&reportTmp=&etfIsuSrtNm=&reportNm=%EC%8B%A0%EA%B7%9C%EC%83%81%EC%9E%A5&fromDate=2016-09-01&toDate=2016-09-30,kind_listing_notice_title,official_notice_pending_isin,2026-08-14T07:26:02+00:00
RISE 헬스케어채권혼합,25329,2016-09-23,2016-09-21 17:32,20160921000228,"신규상장(KB KBSTSAR 헬스케어채권혼합증권상장지수투자신탁(채권혼합), 상장일 2016.09.23)",https://kind.krx.co.kr/disclosure/disclosurebystocktype.do?method=searchDisclosureByStockTypeEtfSub&forward=disclosurebystocktype_etf_sub&currentPageSize=100&pageIndex=1&orderMode=1&orderStat=D&etfIsuSrtCd=&reportCd=&reportTmp=&etfIsuSrtNm=&reportNm=%EC%8B%A0%EA%B7%9C%EC%83%81%EC%9E%A5&fromDate=2016-09-01&toDate=2016-09-30,kind_listing_notice_title,official_notice_pending_isin,2026-08-14T07:26:02+00:00
PLUS 200선물레버리지,25315,2016-09-29,2016-09-28 15:51,20160928000262,"신규상장(한화 ARIRANG 200선물레버리지증권상장지수투자신탁(주식-파생형), 상장일 2016.09.29)",https://kind.krx.co.kr/disclosure/disclosurebystocktype.do?method=searchDisclosureByStockTypeEtfSub&forward=disclosurebystocktype_etf_sub&currentPageSize=100&pageIndex=1&orderMode=1&orderStat=D&etfIsuSrtCd=&reportCd=&reportTmp=&etfIsuSrtNm=&reportNm=%EC%8B%A0%EA%B7%9C%EC%83%81%EC%9E%A5&fromDate=2016-09-01&toDate=2016-09-30,kind_listing_notice_title,official_notice_pending_isin,2026-08-14T07:26:02+00:00
TIGER 대만TAIEX선물(H),25399,2016-10-07,2016-10-06 13:28,20161006000129,"신규상장(미래에셋TIGER대만증권상장지수투자신탁(주식-파생형)(H), 상장일 2016.10.07)",https://kind.krx.co.kr/disclosure/disclosurebystocktype.do?method=searchDisclosureByStockTypeEtfSub&forward=disclosurebystocktype_etf_sub&currentPageSize=100&pageIndex=1&orderMode=1&orderStat=D&etfIsuSrtCd=&reportCd=&reportTmp=&etfIsuSrtNm=&reportNm=%EC%8B%A0%EA%B7%9C%EC%83%81%EC%9E%A5&fromDate=2016-10-01&toDate=2016-10-31,kind_listing_notice_title,official_notice_pending_isin,2026-08-14T07:26:02+00:00
KBSTAR 모멘텀밸류,25272,2016-10-14,2016-10-13 08:59,20161013000023,"신규상장(KB KBSTAR 모멘텀밸류증권상장지수투자신탁(주식), 상장일 2016.10.14)",https://kind.krx.co.kr/disclosure/disclosurebystocktype.do?method=searchDisclosureByStockTypeEtfSub&forward=disclosurebystocktype_etf_sub&currentPageSize=100&pageIndex=1&orderMode=1&orderStat=D&etfIsuSrtCd=&reportCd=&reportTmp=&etfIsuSrtNm=&reportNm=%EC%8B%A0%EA%B7%9C%EC%83%81%EC%9E%A5&fromDate=2016-10-01&toDate=2016-10-31,kind_listing_notice_title,official_notice_pending_isin,2026-08-14T07:26:02+00:00
KBSTAR 모멘텀로우볼,25273,2016-10-14,2016-10-13 08:59,20161013000024,"신규상장(KB KBSTAR 모멘텀로우볼증권상장지수투자신탁(주식), 상장일 2016.10.14)",https://kind.krx.co.kr/disclosure/disclosurebystocktype.do?method=searchDisclosureByStockTypeEtfSub&forward=disclosurebystocktype_etf_sub&currentPageSize=100&pageIndex=1&orderMode=1&orderStat=D&etfIsuSrtCd=&reportCd=&reportTmp=&etfIsuSrtNm=&reportNm=%EC%8B%A0%EA%B7%9C%EC%83%81%EC%9E%A5&fromDate=2016-10-01&toDate=2016-10-31,kind_listing_notice_title,official_notice_pending_isin,2026-08-14T07:26:02+00:00
ACE MSCI인도네시아(합성),25644,2016-11-01,2016-10-31 09:54,20161031000043,"신규상장(한국투자 KINDEX 인도네시아MSCI증권상장지수투자신탁(주식-파생형)(합성), 상장일 2016.11.01)",https://kind.krx.co.kr/disclosure/disclosurebystocktype.do?method=searchDisclosureByStockTypeEtfSub&forward=disclosurebystocktype_etf_sub&currentPageSize=100&pageIndex=1&orderMode=1&orderStat=D&etfIsuSrtCd=&reportCd=&reportTmp=&etfIsuSrtNm=&reportNm=%EC%8B%A0%EA%B7%9C%EC%83%81%EC%9E%A5&fromDate=2016-10-01&toDate=2016-10-31,kind_listing_notice_title,official_notice_pending_isin,2026-08-14T07:26:02+00:00
KODEX 차이나심천ChiNext(합성),25675,2016-11-08,2016-11-04 17:43,20161104000198,"신규상장(삼성 KODEX 심천ChiNext증권상장지수투자신탁[주식-파생형](합성), 상장일 2016.11.08)",https://kind.krx.co.kr/disclosure/disclosurebystocktype.do?method=searchDisclosureByStockTypeEtfSub&forward=disclosurebystocktype_etf_sub&currentPageSize=100&pageIndex=1&orderMode=1&orderStat=D&etfIsuSrtCd=&reportCd=&reportTmp=&etfIsuSrtNm=&reportNm=%EC%8B%A0%EA%B7%9C%EC%83%81%EC%9E%A5&fromDate=2016-11-01&toDate=2016-11-30,kind_listing_notice_title,official_notice_pending_isin,2026-08-14T07:26:02+00:00
PLUS 심천차이넥스트(합성),25645,2016-11-08,2016-11-04 17:43,20161104000200,"신규상장(한화 ARIRANG 심천차이넥스트증권상장지수투자신탁(주식-파생형)(합성), 상장일 2016.11.08)",https://kind.krx.co.kr/disclosure/disclosurebystocktype.do?method=searchDisclosureByStockTypeEtfSub&forward=disclosurebystocktype_etf_sub&currentPageSize=100&pageIndex=1&orderMode=1&orderStat=D&etfIsuSrtCd=&reportCd=&reportTmp=&etfIsuSrtNm=&reportNm=%EC%8B%A0%EA%B7%9C%EC%83%81%EC%9E%A5&fromDate=2016-11-01&toDate=2016-11-30,kind_listing_notice_title,official_notice_pending_isin,2026-08-14T07:26:02+00:00
TIGER 코스닥150IT,26106,2016-12-15,2016-12-13 17:27,20161213000277,"신규상장(미래에셋 TIGER 코스닥150IT증권상장지수투자신탁(주식), 상장일 2016.12.15)",https://kind.krx.co.kr/disclosure/disclosurebystocktype.do?method=searchDisclosureByStockTypeEtfSub&forward=disclosurebystocktype_etf_sub&currentPageSize=100&pageIndex=1&orderMode=1&orderStat=D&etfIsuSrtCd=&reportCd=&reportTmp=&etfIsuSrtNm=&reportNm=%EC%8B%A0%EA%B7%9C%EC%83%81%EC%9E%A5&fromDate=2016-12-01&toDate=2016-12-31,kind_listing_notice_title,official_notice_pending_isin,2026-08-14T07:26:02+00:00
TIGER 코스닥150바이오테크,26107,2016-12-15,2016-12-13 17:27,20161213000292,"신규상장(미래에셋 TIGER 코스닥150바이오테크증권상장지수투자신탁(주식), 상장일 2016.12.15)",https://kind.krx.co.kr/disclosure/disclosurebystocktype.do?method=searchDisclosureByStockTypeEtfSub&forward=disclosurebystocktype_etf_sub&currentPageSize=100&pageIndex=1&orderMode=1&orderStat=D&etfIsuSrtCd=&reportCd=&reportTmp=&etfIsuSrtNm=&reportNm=%EC%8B%A0%EA%B7%9C%EC%83%81%EC%9E%A5&fromDate=2016-12-01&toDate=2016-12-31,kind_listing_notice_title,official_notice_pending_isin,2026-08-14T07:26:02+00:00
KOSEF 배당바이백Plus,26020,2016-12-16,2016-12-15 17:50,20161215000870,"신규상장(키움 KOSEF 배당바이백플러스증권상장지수투자신탁[주식], 상장일 2016.12.16)",https://kind.krx.co.kr/disclosure/disclosurebystocktype.do?method=searchDisclosureByStockTypeEtfSub&forward=disclosurebystocktype_etf_sub&currentPageSize=100&pageIndex=1&orderMode=1&orderStat=D&etfIsuSrtCd=&reportCd=&reportTmp=&etfIsuSrtNm=&reportNm=%EC%8B%A0%EA%B7%9C%EC%83%81%EC%9E%A5&fromDate=2016-12-01&toDate=2016-12-31,kind_listing_notice_title,official_notice_pending_isin,2026-08-14T07:26:02+00:00
KOSEF 저PBR가중,26027,2016-12-16,2016-12-15 17:50,20161215000901,"신규상장(키움 KOSEF 저PBR가중 증권상장지수투자신탁[주식], 상장일 2016.12.16)",https://kind.krx.co.kr/disclosure/disclosurebystocktype.do?method=searchDisclosureByStockTypeEtfSub&forward=disclosurebystocktype_etf_sub&currentPageSize=100&pageIndex=1&orderMode=1&orderStat=D&etfIsuSrtCd=&reportCd=&reportTmp=&etfIsuSrtNm=&reportNm=%EC%8B%A0%EA%B7%9C%EC%83%81%EC%9E%A5&fromDate=2016-12-01&toDate=2016-12-31,kind_listing_notice_title,official_notice_pending_isin,2026-08-14T07:26:02+00:00
KODEX 미국달러선물,26124,2016-12-27,2016-12-23 14:41,20161223000179,"신규상장(삼성 KODEX 미국달러선물특별자산상장지수투자신탁[미국달러-파생형], 상장일 2016.12.27)",https://kind.krx.co.kr/disclosure/disclosurebystocktype.do?method=searchDisclosureByStockTypeEtfSub&forward=disclosurebystocktype_etf_sub&currentPageSize=100&pageIndex=1&orderMode=1&orderStat=D&etfIsuSrtCd=&reportCd=&reportTmp=&etfIsuSrtNm=&reportNm=%EC%8B%A0%EA%B7%9C%EC%83%81%EC%9E%A5&fromDate=2016-12-01&toDate=2016-12-31,kind_listing_notice_title,official_notice_pending_isin,2026-08-14T07:26:02+00:00
KODEX 미국달러선물인버스,26127,2016-12-27,2016-12-23 14:41,20161223000208,"신규상장(삼성 KODEX 미국달러선물인버스특별자산상장지수투자신탁(미국달러-파생형), 상장일 2016.12.27)",https://kind.krx.co.kr/disclosure/disclosurebystocktype.do?method=searchDisclosureByStockTypeEtfSub&forward=disclosurebystocktype_etf_sub&currentPageSize=100&pageIndex=1&orderMode=1&orderStat=D&etfIsuSrtCd=&reportCd=&reportTmp=&etfIsuSrtNm=&reportNm=%EC%8B%A0%EA%B7%9C%EC%83%81%EC%9E%A5&fromDate=2016-12-01&toDate=2016-12-31,kind_listing_notice_title,official_notice_pending_isin,2026-08-14T07:26:02+00:00
KODEX 미국달러선물레버리지,26125,2016-12-27,2016-12-23 14:41,20161223000211,"신규상장(삼성 KODEX 미국달러선물레버리지특별자산상장지수투자신탁(미국달러-파생형), 상장일 2016.12.27)",https://kind.krx.co.kr/disclosure/disclosurebystocktype.do?method=searchDisclosureByStockTypeEtfSub&forward=disclosurebystocktype_etf_sub&currentPageSize=100&pageIndex=1&orderMode=1&orderStat=D&etfIsuSrtCd=&reportCd=&reportTmp=&etfIsuSrtNm=&reportNm=%EC%8B%A0%EA%B7%9C%EC%83%81%EC%9E%A5&fromDate=2016-12-01&toDate=2016-12-31,kind_listing_notice_title,official_notice_pending_isin,2026-08-14T07:26:02+00:00
KODEX 미국달러선물인버스2X,26126,2016-12-27,2016-12-23 14:41,20161223000225,"신규상장(삼성 KODEX 미국달러선물인버스2X특별자산상장지수투자신탁(미국달러-파생형), 상장일 2016.12.27)",https://kind.krx.co.kr/disclosure/disclosurebystocktype.do?method=searchDisclosureByStockTypeEtfSub&forward=disclosurebystocktype_etf_sub&currentPageSize=100&pageIndex=1&orderMode=1&orderStat=D&etfIsuSrtCd=&reportCd=&reportTmp=&etfIsuSrtNm=&reportNm=%EC%8B%A0%EA%B7%9C%EC%83%81%EC%9E%A5&fromDate=2016-12-01&toDate=2016-12-31,kind_listing_notice_title,official_notice_pending_isin,2026-08-14T07:26:02+00:00
TIGER 미국달러선물레버리지,26111,2016-12-27,2016-12-23 14:41,20161223000231,"신규상장(미래에셋 TIGER 미국달러선물레버리지특별자산상장지수투자신탁(달러-파생형), 상장일 2016.12.27)",https://kind.krx.co.kr/disclosure/disclosurebystocktype.do?method=searchDisclosureByStockTypeEtfSub&forward=disclosurebystocktype_etf_sub&currentPageSize=100&pageIndex=1&orderMode=1&orderStat=D&etfIsuSrtCd=&reportCd=&reportTmp=&etfIsuSrtNm=&reportNm=%EC%8B%A0%EA%B7%9C%EC%83%81%EC%9E%A5&fromDate=2016-12-01&toDate=2016-12-31,kind_listing_notice_title,official_notice_pending_isin,2026-08-14T07:26:02+00:00
TIGER 미국달러선물인버스2X,26112,2016-12-27,2016-12-23 14:41,20161223000234,"신규상장(미래에셋 TIGER 미국달러선물인버스2X특별자산상장지수투자신탁(달러-파생형), 상장일 2016.12.27)",https://kind.krx.co.kr/disclosure/disclosurebystocktype.do?method=searchDisclosureByStockTypeEtfSub&forward=disclosurebystocktype_etf_sub&currentPageSize=100&pageIndex=1&orderMode=1&orderStat=D&etfIsuSrtCd=&reportCd=&reportTmp=&etfIsuSrtNm=&reportNm=%EC%8B%A0%EA%B7%9C%EC%83%81%EC%9E%A5&fromDate=2016-12-01&toDate=2016-12-31,kind_listing_notice_title,official_notice_pending_isin,2026-08-14T07:26:02+00:00
KODEX WTI원유선물(H),26122,2016-12-27,2016-12-23 14:41,20161223000263,"신규상장(삼성 KODEX WTI원유선물특별자산상장지수투자신탁[원유-파생형](H), 상장일 2016.12.27)",https://kind.krx.co.kr/disclosure/disclosurebystocktype.do?method=searchDisclosureByStockTypeEtfSub&forward=disclosurebystocktype_etf_sub&currentPageSize=100&pageIndex=1&orderMode=1&orderStat=D&etfIsuSrtCd=&reportCd=&reportTmp=&etfIsuSrtNm=&reportNm=%EC%8B%A0%EA%B7%9C%EC%83%81%EC%9E%A5&fromDate=2016-12-01&toDate=2016-12-31,kind_listing_notice_title,official_notice_pending_isin,2026-08-14T07:26:02+00:00
ACE MSCI필리핀(합성),26192,2016-12-28,2016-12-27 17:30,20161227000526,"신규상장(한국투자 KINDEX 필리핀MSCI증권상장지수투자신탁(주식-파생형)(합성), 상장일 2016.12.28)",https://kind.krx.co.kr/disclosure/disclosurebystocktype.do?method=searchDisclosureByStockTypeEtfSub&forward=disclosurebystocktype_etf_sub&currentPageSize=100&pageIndex=1&orderMode=1&orderStat=D&etfIsuSrtCd=&reportCd=&reportTmp=&etfIsuSrtNm=&reportNm=%EC%8B%A0%EA%B7%9C%EC%83%81%EC%9E%A5&fromDate=2016-12-01&toDate=2016-12-31,kind_listing_notice_title,official_notice_pending_isin,2026-08-14T07:26:02+00:00
TIGER 우선주,26114,2017-01-06,2017-01-05 17:06,20170105000146,"신규상장(미래에셋 TIGER 우선주증권상장지수투자신탁(주식), 상장일 2017.01.06)",https://kind.krx.co.kr/disclosure/disclosurebystocktype.do?method=searchDisclosureByStockTypeEtfSub&forward=disclosurebystocktype_etf_sub&currentPageSize=100&pageIndex=1&orderMode=1&orderStat=D&etfIsuSrtCd=&reportCd=&reportTmp=&etfIsuSrtNm=&reportNm=%EC%8B%A0%EA%B7%9C%EC%83%81%EC%9E%A5&fromDate=2017-01-01&toDate=2017-01-31,kind_listing_notice_title,official_notice_pending_isin,2026-08-14T07:26:02+00:00
ARIRANG 단기우량채권,26319,2017-01-25,2017-01-23 15:41,20170123000377,"신규상장(한화 ARIRANG 우량단기채권증권상장지수투자신탁(채권), 상장일 2017.01.25)",https://kind.krx.co.kr/disclosure/disclosurebystocktype.do?method=searchDisclosureByStockTypeEtfSub&forward=disclosurebystocktype_etf_sub&currentPageSize=100&pageIndex=1&orderMode=1&orderStat=D&etfIsuSrtCd=&reportCd=&reportTmp=&etfIsuSrtNm=&reportNm=%EC%8B%A0%EA%B7%9C%EC%83%81%EC%9E%A5&fromDate=2017-01-01&toDate=2017-01-31,kind_listing_notice_title,official_notice_pending_isin,2026-08-14T07:26:02+00:00
ACE 러시아MSCI(합성),26569,2017-03-21,2017-03-17 13:28,20170317000034,"신규상장(한국투자KINDEX러시아MSCI증권상장지수투자신탁(주식-파생형)(합성), 상장일 2017.03.21)",https://kind.krx.co.kr/disclosure/disclosurebystocktype.do?method=searchDisclosureByStockTypeEtfSub&forward=disclosurebystocktype_etf_sub&currentPageSize=100&pageIndex=1&orderMode=1&orderStat=D&etfIsuSrtCd=&reportCd=&reportTmp=&etfIsuSrtNm=&reportNm=%EC%8B%A0%EA%B7%9C%EC%83%81%EC%9E%A5&fromDate=2017-03-01&toDate=2017-03-31,kind_listing_notice_title,official_notice_pending_isin,2026-08-14T07:26:02+00:00
KODEX 헬스케어,26642,2017-03-28,2017-03-24 14:39,20170324001078,"신규상장(삼성KODEX헬스케어증권상장지수투자신탁[주식형], 상장일 2017.03.28)",https://kind.krx.co.kr/disclosure/disclosurebystocktype.do?method=searchDisclosureByStockTypeEtfSub&forward=disclosurebystocktype_etf_sub&currentPageSize=100&pageIndex=1&orderMode=1&orderStat=D&etfIsuSrtCd=&reportCd=&reportTmp=&etfIsuSrtNm=&reportNm=%EC%8B%A0%EA%B7%9C%EC%83%81%EC%9E%A5&fromDate=2017-03-01&toDate=2017-03-31,kind_listing_notice_title,official_notice_pending_isin,2026-08-14T07:26:02+00:00
KODEX IT,26637,2017-03-28,2017-03-24 14:39,20170324001084,"신규상장(삼성KODEXIT하드웨어증권상장지수투자신탁[주식형], 상장일 2017.03.28)",https://kind.krx.co.kr/disclosure/disclosurebystocktype.do?method=searchDisclosureByStockTypeEtfSub&forward=disclosurebystocktype_etf_sub&currentPageSize=100&pageIndex=1&orderMode=1&orderStat=D&etfIsuSrtCd=&reportCd=&reportTmp=&etfIsuSrtNm=&reportNm=%EC%8B%A0%EA%B7%9C%EC%83%81%EC%9E%A5&fromDate=2017-03-01&toDate=2017-03-31,kind_listing_notice_title,official_notice_pending_isin,2026-08-14T07:26:02+00:00
KODEX K콘텐츠,26636,2017-03-28,2017-03-24 14:39,20170324001129,"신규상장(삼성KODEXIT소프트웨어증권상장지수투자신탁[주식형], 상장일 2017.03.28)",https://kind.krx.co.kr/disclosure/disclosurebystocktype.do?method=searchDisclosureByStockTypeEtfSub&forward=disclosurebystocktype_etf_sub&currentPageSize=100&pageIndex=1&orderMode=1&orderStat=D&etfIsuSrtCd=&reportCd=&reportTmp=&etfIsuSrtNm=&reportNm=%EC%8B%A0%EA%B7%9C%EC%83%81%EC%9E%A5&fromDate=2017-03-01&toDate=2017-03-31,kind_listing_notice_title,official_notice_pending_isin,2026-08-14T07:26:02+00:00
KODEX 경기소비재,26639,2017-03-28,2017-03-24 14:39,20170324001131,"신규상장(삼성KODEX경기소비재증권상장지수투자신탁[주식형], 상장일 2017.03.28)",https://kind.krx.co.kr/disclosure/disclosurebystocktype.do?method=searchDisclosureByStockTypeEtfSub&forward=disclosurebystocktype_etf_sub&currentPageSize=100&pageIndex=1&orderMode=1&orderStat=D&etfIsuSrtCd=&reportCd=&reportTmp=&etfIsuSrtNm=&reportNm=%EC%8B%A0%EA%B7%9C%EC%83%81%EC%9E%A5&fromDate=2017-03-01&toDate=2017-03-31,kind_listing_notice_title,official_notice_pending_isin,2026-08-14T07:26:02+00:00
KODEX 필수소비재,26641,2017-03-28,2017-03-24 14:39,20170324001135,"신규상장(삼성KODEX필수소비재증권상장지수투자신탁[주식형], 상장일 2017.03.28)",https://kind.krx.co.kr/disclosure/disclosurebystocktype.do?method=searchDisclosureByStockTypeEtfSub&forward=disclosurebystocktype_etf_sub&currentPageSize=100&pageIndex=1&orderMode=1&orderStat=D&etfIsuSrtCd=&reportCd=&reportTmp=&etfIsuSrtNm=&reportNm=%EC%8B%A0%EA%B7%9C%EC%83%81%EC%9E%A5&fromDate=2017-03-01&toDate=2017-03-31,kind_listing_notice_title,official_notice_pending_isin,2026-08-14T07:26:02+00:00
PLUS 중형주저변동50,26655,2017-03-28,2017-03-24 16:16,20170324001143,"신규상장(한화 ARIRANG 중형주저변동50증권상장지수투자신탁(주식), 상장일 2017.03.28)",https://kind.krx.co.kr/disclosure/disclosurebystocktype.do?method=searchDisclosureByStockTypeEtfSub&forward=disclosurebystocktype_etf_sub&currentPageSize=100&pageIndex=1&orderMode=1&orderStat=D&etfIsuSrtCd=&reportCd=&reportTmp=&etfIsuSrtNm=&reportNm=%EC%8B%A0%EA%B7%9C%EC%83%81%EC%9E%A5&fromDate=2017-03-01&toDate=2017-03-31,kind_listing_notice_title,official_notice_pending_isin,2026-08-14T07:26:02+00:00
TIGER 지속배당,26614,2017-03-30,2017-03-28 16:18,20170328000612,"신규상장(미래에셋 TIGER 지속배당증권상장지수투자신탁(주식), 상장일 2017.03.30)",https://kind.krx.co.kr/disclosure/disclosurebystocktype.do?method=searchDisclosureByStockTypeEtfSub&forward=disclosurebystocktype_etf_sub&currentPageSize=100&pageIndex=1&orderMode=1&orderStat=D&etfIsuSrtCd=&reportCd=&reportTmp=&etfIsuSrtNm=&reportNm=%EC%8B%A0%EA%B7%9C%EC%83%81%EC%9E%A5&fromDate=2017-03-01&toDate=2017-03-31,kind_listing_notice_title,official_notice_pending_isin,2026-08-14T07:26:02+00:00
RISE 고배당,26616,2017-04-14,2017-04-13 09:52,20170413000086,"신규상장(KB KBSTAR 고배당 증권상장지수투자신탁(주식), 상장일 2017.04.14)",https://kind.krx.co.kr/disclosure/disclosurebystocktype.do?method=searchDisclosureByStockTypeEtfSub&forward=disclosurebystocktype_etf_sub&currentPageSize=100&pageIndex=1&orderMode=1&orderStat=D&etfIsuSrtCd=&reportCd=&reportTmp=&etfIsuSrtNm=&reportNm=%EC%8B%A0%EA%B7%9C%EC%83%81%EC%9E%A5&fromDate=2017-04-01&toDate=2017-04-30,kind_listing_notice_title,official_notice_pending_isin,2026-08-14T07:26:02+00:00
RISE 미국장기국채선물(H),26744,2017-04-20,2017-04-19 15:09,20170419000127,"신규상장(KB KBSTAR 미국장기국채선물증권상장지수투자신탁(채권-파생형)(H), 상장일 2017.04.20)",https://kind.krx.co.kr/disclosure/disclosurebystocktype.do?method=searchDisclosureByStockTypeEtfSub&forward=disclosurebystocktype_etf_sub&currentPageSize=100&pageIndex=1&orderMode=1&orderStat=D&etfIsuSrtCd=&reportCd=&reportTmp=&etfIsuSrtNm=&reportNm=%EC%8B%A0%EA%B7%9C%EC%83%81%EC%9E%A5&fromDate=2017-04-01&toDate=2017-04-30,kind_listing_notice_title,official_notice_pending_isin,2026-08-14T07:26:02+00:00
RISE 미국장기국채선물인버스(H),26745,2017-04-20,2017-04-19 15:09,20170419000202,"신규상장(KB KBSTAR 미국장기국채선물인버스증권상장지수투자신탁(채권-파생형)(H), 상장일 2017.04.20)",https://kind.krx.co.kr/disclosure/disclosurebystocktype.do?method=searchDisclosureByStockTypeEtfSub&forward=disclosurebystocktype_etf_sub&currentPageSize=100&pageIndex=1&orderMode=1&orderStat=D&etfIsuSrtCd=&reportCd=&reportTmp=&etfIsuSrtNm=&reportNm=%EC%8B%A0%EA%B7%9C%EC%83%81%EC%9E%A5&fromDate=2017-04-01&toDate=2017-04-30,kind_listing_notice_title,official_notice_pending_isin,2026-08-14T07:26:02+00:00
RISE 미국장기국채선물레버리지(합성 H),26749,2017-04-20,2017-04-19 15:09,20170419000209,"신규상장(KB KBSTAR 미국장기국채선물레버리지증권상장지수투자신탁(채권-파생형)(합성 H), 상장일 2017.04.20)",https://kind.krx.co.kr/disclosure/disclosurebystocktype.do?method=searchDisclosureByStockTypeEtfSub&forward=disclosurebystocktype_etf_sub&currentPageSize=100&pageIndex=1&orderMode=1&orderStat=D&etfIsuSrtCd=&reportCd=&reportTmp=&etfIsuSrtNm=&reportNm=%EC%8B%A0%EA%B7%9C%EC%83%81%EC%9E%A5&fromDate=2017-04-01&toDate=2017-04-30,kind_listing_notice_title,official_notice_pending_isin,2026-08-14T07:26:02+00:00
KBSTAR 미국장기국채선물인버스2X(합성 H),26750,2017-04-20,2017-04-19 15:09,20170419000212,"신규상장(KB KBSTAR 미국장기국채선물인버스2X증권상장지수투자신탁(채권-파생형)(합성 H), 상장일 2017.04.20)",https://kind.krx.co.kr/disclosure/disclosurebystocktype.do?method=searchDisclosureByStockTypeEtfSub&forward=disclosurebystocktype_etf_sub&currentPageSize=100&pageIndex=1&orderMode=1&orderStat=D&etfIsuSrtCd=&reportCd=&reportTmp=&etfIsuSrtNm=&reportNm=%EC%8B%A0%EA%B7%9C%EC%83%81%EC%9E%A5&fromDate=2017-04-01&toDate=2017-04-30,kind_listing_notice_title,official_notice_pending_isin,2026-08-14T07:26:02+00:00
TIGER 코스닥150로우볼,26730,2017-04-25,2017-04-21 18:01,20170421000499,"신규상장(미래에셋TIGER코스닥150로우볼증권상장지수투자신탁(주식), 상장일 2017.04.25)",https://kind.krx.co.kr/disclosure/disclosurebystocktype.do?method=searchDisclosureByStockTypeEtfSub&forward=disclosurebystocktype_etf_sub&currentPageSize=100&pageIndex=1&orderMode=1&orderStat=D&etfIsuSrtCd=&reportCd=&reportTmp=&etfIsuSrtNm=&reportNm=%EC%8B%A0%EA%B7%9C%EC%83%81%EC%9E%A5&fromDate=2017-04-01&toDate=2017-04-30,kind_listing_notice_title,official_notice_pending_isin,2026-08-14T07:26:02+00:00
TIGER 200선물레버리지,26777,2017-04-25,2017-04-21 18:01,20170421000515,"신규상장(미래에셋 TIGER 200선물레버리지증권상장지수투자신탁(주식-파생형), 상장일 2017.04.25)",https://kind.krx.co.kr/disclosure/disclosurebystocktype.do?method=searchDisclosureByStockTypeEtfSub&forward=disclosurebystocktype_etf_sub&currentPageSize=100&pageIndex=1&orderMode=1&orderStat=D&etfIsuSrtCd=&reportCd=&reportTmp=&etfIsuSrtNm=&reportNm=%EC%8B%A0%EA%B7%9C%EC%83%81%EC%9E%A5&fromDate=2017-04-01&toDate=2017-04-30,kind_listing_notice_title,official_notice_pending_isin,2026-08-14T07:26:02+00:00
PLUS 미국S&P500(H),26954,2017-05-16,2017-05-15 18:31,20170515002600,"신규상장(한화 ARIRANG S&P500 증권상장지수투자신탁(주식-파생형)(H), 상장일 2017.05.16)",https://kind.krx.co.kr/disclosure/disclosurebystocktype.do?method=searchDisclosureByStockTypeEtfSub&forward=disclosurebystocktype_etf_sub&currentPageSize=100&pageIndex=1&orderMode=1&orderStat=D&etfIsuSrtCd=&reportCd=&reportTmp=&etfIsuSrtNm=&reportNm=%EC%8B%A0%EA%B7%9C%EC%83%81%EC%9E%A5&fromDate=2017-05-01&toDate=2017-05-31,kind_listing_notice_title,official_notice_pending_isin,2026-08-14T07:26:02+00:00
KODEX S&P글로벌인프라(합성),26942,2017-05-16,2017-05-15 18:31,20170515002607,"신규상장(삼성 KODEX S&P글로벌인프라증권상장지수투자신탁[주식-파생형](합성), 상장일 2017.05.16)",https://kind.krx.co.kr/disclosure/disclosurebystocktype.do?method=searchDisclosureByStockTypeEtfSub&forward=disclosurebystocktype_etf_sub&currentPageSize=100&pageIndex=1&orderMode=1&orderStat=D&etfIsuSrtCd=&reportCd=&reportTmp=&etfIsuSrtNm=&reportNm=%EC%8B%A0%EA%B7%9C%EC%83%81%EC%9E%A5&fromDate=2017-05-01&toDate=2017-05-31,kind_listing_notice_title,official_notice_pending_isin,2026-08-14T07:26:02+00:00
PLUS S&P글로벌인프라,26953,2017-05-16,2017-05-15 18:31,20170515002609,"신규상장(한화 ARIRANG S&P글로벌인프라 증권상장지수투자신탁(주식), 상장일 2017.05.16)",https://kind.krx.co.kr/disclosure/disclosurebystocktype.do?method=searchDisclosureByStockTypeEtfSub&forward=disclosurebystocktype_etf_sub&currentPageSize=100&pageIndex=1&orderMode=1&orderStat=D&etfIsuSrtCd=&reportCd=&reportTmp=&etfIsuSrtNm=&reportNm=%EC%8B%A0%EA%B7%9C%EC%83%81%EC%9E%A5&fromDate=2017-05-01&toDate=2017-05-31,kind_listing_notice_title,official_notice_pending_isin,2026-08-14T07:26:02+00:00
TIGER S&P글로벌인프라(합성),26937,2017-05-16,2017-05-15 18:31,20170515002610,"신규상장(미래에셋 TIGER S&P글로벌인프라증권상장지수투자신탁(주식-파생형)(합성), 상장일 2017.05.16)",https://kind.krx.co.kr/disclosure/disclosurebystocktype.do?method=searchDisclosureByStockTypeEtfSub&forward=disclosurebystocktype_etf_sub&currentPageSize=100&pageIndex=1&orderMode=1&orderStat=D&etfIsuSrtCd=&reportCd=&reportTmp=&etfIsuSrtNm=&reportNm=%EC%8B%A0%EA%B7%9C%EC%83%81%EC%9E%A5&fromDate=2017-05-01&toDate=2017-05-31,kind_listing_notice_title,official_notice_pending_isin,2026-08-14T07:26:02+00:00
KODEX 3대농산물선물(H),27106,2017-06-13,2017-06-09 14:21,20170609000157,"신규상장(삼성 KODEX 3대농산물선물특별자산상장지수투자신탁[농산물-파생형](H), 상장일 2017.06.13)",https://kind.krx.co.kr/disclosure/disclosurebystocktype.do?method=searchDisclosureByStockTypeEtfSub&forward=disclosurebystocktype_etf_sub&currentPageSize=100&pageIndex=1&orderMode=1&orderStat=D&etfIsuSrtCd=&reportCd=&reportTmp=&etfIsuSrtNm=&reportNm=%EC%8B%A0%EA%B7%9C%EC%83%81%EC%9E%A5&fromDate=2017-06-01&toDate=2017-06-30,kind_listing_notice_title,official_notice_pending_isin,2026-08-14T07:26:02+00:00
KODEX WTI원유선물인버스(H),27105,2017-06-13,2017-06-09 14:20,20170609000158,"신규상장(삼성KODEX WTI원유선물인버스특별자산상장지수투자신탁[원유-파생형](H), 상장일 2017.06.13)",https://kind.krx.co.kr/disclosure/disclosurebystocktype.do?method=searchDisclosureByStockTypeEtfSub&forward=disclosurebystocktype_etf_sub&currentPageSize=100&pageIndex=1&orderMode=1&orderStat=D&etfIsuSrtCd=&reportCd=&reportTmp=&etfIsuSrtNm=&reportNm=%EC%8B%A0%EA%B7%9C%EC%83%81%EC%9E%A5&fromDate=2017-06-01&toDate=2017-06-30,kind_listing_notice_title,official_notice_pending_isin,2026-08-14T07:26:02+00:00
RISE 코스닥150,27081,2017-06-16,2017-06-14 16:50,20170614000289,"신규상장(KB KBSTAR 코스닥150증권상장지수투자신탁(주식), 상장일 2017.06.16)",https://kind.krx.co.kr/disclosure/disclosurebystocktype.do?method=searchDisclosureByStockTypeEtfSub&forward=disclosurebystocktype_etf_sub&currentPageSize=100&pageIndex=1&orderMode=1&orderStat=D&etfIsuSrtCd=&reportCd=&reportTmp=&etfIsuSrtNm=&reportNm=%EC%8B%A0%EA%B7%9C%EC%83%81%EC%9E%A5&fromDate=2017-06-01&toDate=2017-06-30,kind_listing_notice_title,official_notice_pending_isin,2026-08-14T07:26:02+00:00
RISE 단기국공채액티브,27256,2017-06-29,2017-06-27 17:35,20170627000255,"신규상장(KB KBSTAR 단기국공채액티브증권상장지수투자신탁(채권), 상장일 2017.06.29)",https://kind.krx.co.kr/disclosure/disclosurebystocktype.do?method=searchDisclosureByStockTypeEtfSub&forward=disclosurebystocktype_etf_sub&currentPageSize=100&pageIndex=1&orderMode=1&orderStat=D&etfIsuSrtCd=&reportCd=&reportTmp=&etfIsuSrtNm=&reportNm=%EC%8B%A0%EA%B7%9C%EC%83%81%EC%9E%A5&fromDate=2017-06-01&toDate=2017-06-30,kind_listing_notice_title,official_notice_pending_isin,2026-08-14T07:26:02+00:00
RISE 중장기국공채액티브,27257,2017-06-29,2017-06-27 17:35,20170627000256,"신규상장(KB KBSTAR 중장기국공채액티브증권상장지수투자신탁(채권), 상장일 2017.06.29)",https://kind.krx.co.kr/disclosure/disclosurebystocktype.do?method=searchDisclosureByStockTypeEtfSub&forward=disclosurebystocktype_etf_sub&currentPageSize=100&pageIndex=1&orderMode=1&orderStat=D&etfIsuSrtCd=&reportCd=&reportTmp=&etfIsuSrtNm=&reportNm=%EC%8B%A0%EA%B7%9C%EC%83%81%EC%9E%A5&fromDate=2017-06-01&toDate=2017-06-30,kind_listing_notice_title,official_notice_pending_isin,2026-08-14T07:26:02+00:00
ACE 중장기국공채액티브,27291,2017-06-29,2017-06-27 17:35,20170627000260,"신규상장(한국투자 KINDEX 중장기국공채액티브증권상장지수투자신탁(채권), 상장일 2017.06.29)",https://kind.krx.co.kr/disclosure/disclosurebystocktype.do?method=searchDisclosureByStockTypeEtfSub&forward=disclosurebystocktype_etf_sub&currentPageSize=100&pageIndex=1&orderMode=1&orderStat=D&etfIsuSrtCd=&reportCd=&reportTmp=&etfIsuSrtNm=&reportNm=%EC%8B%A0%EA%B7%9C%EC%83%81%EC%9E%A5&fromDate=2017-06-01&toDate=2017-06-30,kind_listing_notice_title,official_notice_pending_isin,2026-08-14T07:26:02+00:00
TIGER 단기채권액티브,27258,2017-06-29,2017-06-27 17:35,20170627000262,"신규상장(미래에셋 TIGER 단기채권액티브증권상장지수투자신탁(채권), 상장일 2017.06.29)",https://kind.krx.co.kr/disclosure/disclosurebystocktype.do?method=searchDisclosureByStockTypeEtfSub&forward=disclosurebystocktype_etf_sub&currentPageSize=100&pageIndex=1&orderMode=1&orderStat=D&etfIsuSrtCd=&reportCd=&reportTmp=&etfIsuSrtNm=&reportNm=%EC%8B%A0%EA%B7%9C%EC%83%81%EC%9E%A5&fromDate=2017-06-01&toDate=2017-06-30,kind_listing_notice_title,official_notice_pending_isin,2026-08-14T07:26:02+00:00
KODEX 종합채권(AA-이상)액티브,27313,2017-06-29,2017-06-27 17:35,20170627000264,"신규상장(삼성 KODEX 종합채권(AA-이상)액티브증권상장지수투자신탁[채권], 상장일 2017.06.29)",https://kind.krx.co.kr/disclosure/disclosurebystocktype.do?method=searchDisclosureByStockTypeEtfSub&forward=disclosurebystocktype_etf_sub&currentPageSize=100&pageIndex=1&orderMode=1&orderStat=D&etfIsuSrtCd=&reportCd=&reportTmp=&etfIsuSrtNm=&reportNm=%EC%8B%A0%EA%B7%9C%EC%83%81%EC%9E%A5&fromDate=2017-06-01&toDate=2017-06-30,kind_listing_notice_title,official_notice_pending_isin,2026-08-14T07:26:02+00:00
KODEX 단기변동금리부채권액티브,27314,2017-06-29,2017-06-27 17:35,20170627000265,"신규상장(삼성 KODEX 단기변동금리부채권액티브증권상장지수투자신탁[채권], 상장일 2017.06.29)",https://kind.krx.co.kr/disclosure/disclosurebystocktype.do?method=searchDisclosureByStockTypeEtfSub&forward=disclosurebystocktype_etf_sub&currentPageSize=100&pageIndex=1&orderMode=1&orderStat=D&etfIsuSrtCd=&reportCd=&reportTmp=&etfIsuSrtNm=&reportNm=%EC%8B%A0%EA%B7%9C%EC%83%81%EC%9E%A5&fromDate=2017-06-01&toDate=2017-06-30,kind_listing_notice_title,official_notice_pending_isin,2026-08-14T07:26:02+00:00
RISE KQ고배당,27080,2017-07-07,2017-07-04 14:36,20170704000222,"신규상장(KB KBSTAR KQ고배당증권상장지수투자신탁(주식), 상장일 2017.07.07)",https://kind.krx.co.kr/disclosure/disclosurebystocktype.do?method=searchDisclosureByStockTypeEtfSub&forward=disclosurebystocktype_etf_sub&currentPageSize=100&pageIndex=1&orderMode=1&orderStat=D&etfIsuSrtCd=&reportCd=&reportTmp=&etfIsuSrtNm=&reportNm=%EC%8B%A0%EA%B7%9C%EC%83%81%EC%9E%A5&fromDate=2017-07-01&toDate=2017-07-31,kind_listing_notice_title,official_notice_pending_isin,2026-08-14T07:26:02+00:00
ACE 스마트밸류,27223,2017-07-11,2017-07-07 14:58,20170707000188,"신규상장(한국투자 KINDEX 스마트밸류증권상장지수투자신탁(주식), 상장일 2017.07.11)",https://kind.krx.co.kr/disclosure/disclosurebystocktype.do?method=searchDisclosureByStockTypeEtfSub&forward=disclosurebystocktype_etf_sub&currentPageSize=100&pageIndex=1&orderMode=1&orderStat=D&etfIsuSrtCd=&reportCd=&reportTmp=&etfIsuSrtNm=&reportNm=%EC%8B%A0%EA%B7%9C%EC%83%81%EC%9E%A5&fromDate=2017-07-01&toDate=2017-07-31,kind_listing_notice_title,official_notice_pending_isin,2026-08-14T07:26:02+00:00
ACE 스마트모멘텀,27222,2017-07-11,2017-07-07 14:58,20170707000191,"신규상장(한국투자 KINDEX 스마트모멘텀증권상장지수투자신탁(주식), 상장일 2017.07.11)",https://kind.krx.co.kr/disclosure/disclosurebystocktype.do?method=searchDisclosureByStockTypeEtfSub&forward=disclosurebystocktype_etf_sub&currentPageSize=100&pageIndex=1&orderMode=1&orderStat=D&etfIsuSrtCd=&reportCd=&reportTmp=&etfIsuSrtNm=&reportNm=%EC%8B%A0%EA%B7%9C%EC%83%81%EC%9E%A5&fromDate=2017-07-01&toDate=2017-07-31,kind_listing_notice_title,official_notice_pending_isin,2026-08-14T07:26:02+00:00
KODEX 우량주,27530,2017-07-11,2017-07-07 14:58,20170707000192,"신규상장(삼성 KODEX MSCI퀄리티증권상장지수투자신탁[주식형], 상장일 2017.07.11)",https://kind.krx.co.kr/disclosure/disclosurebystocktype.do?method=searchDisclosureByStockTypeEtfSub&forward=disclosurebystocktype_etf_sub&currentPageSize=100&pageIndex=1&orderMode=1&orderStat=D&etfIsuSrtCd=&reportCd=&reportTmp=&etfIsuSrtNm=&reportNm=%EC%8B%A0%EA%B7%9C%EC%83%81%EC%9E%A5&fromDate=2017-07-01&toDate=2017-07-31,kind_listing_notice_title,official_notice_pending_isin,2026-08-14T07:26:02+00:00
KODEX 가치주,27529,2017-07-11,2017-07-07 14:58,20170707000194,"신규상장(삼성 KODEX MSCI밸류증권상장지수투자신탁[주식형], 상장일 2017.07.11)",https://kind.krx.co.kr/disclosure/disclosurebystocktype.do?method=searchDisclosureByStockTypeEtfSub&forward=disclosurebystocktype_etf_sub&currentPageSize=100&pageIndex=1&orderMode=1&orderStat=D&etfIsuSrtCd=&reportCd=&reportTmp=&etfIsuSrtNm=&reportNm=%EC%8B%A0%EA%B7%9C%EC%83%81%EC%9E%A5&fromDate=2017-07-01&toDate=2017-07-31,kind_listing_notice_title,official_notice_pending_isin,2026-08-14T07:26:02+00:00
KODEX 모멘텀주,27528,2017-07-11,2017-07-07 14:58,20170707000196,"신규상장(삼성 KODEX MSCI모멘텀증권상장지수투자신탁[주식형], 상장일 2017.07.11)",https://kind.krx.co.kr/disclosure/disclosurebystocktype.do?method=searchDisclosureByStockTypeEtfSub&forward=disclosurebystocktype_etf_sub&currentPageSize=100&pageIndex=1&orderMode=1&orderStat=D&etfIsuSrtCd=&reportCd=&reportTmp=&etfIsuSrtNm=&reportNm=%EC%8B%A0%EA%B7%9C%EC%83%81%EC%9E%A5&fromDate=2017-07-01&toDate=2017-07-31,kind_listing_notice_title,official_notice_pending_isin,2026-08-14T07:26:02+00:00
파워 스마트밸류,27554,2017-07-11,2017-07-07 14:58,20170707000201,"신규상장(교보악사 파워 스마트밸류증권상장지수투자신탁(주식), 상장일 2017.07.11)",https://kind.krx.co.kr/disclosure/disclosurebystocktype.do?method=searchDisclosureByStockTypeEtfSub&forward=disclosurebystocktype_etf_sub&currentPageSize=100&pageIndex=1&orderMode=1&orderStat=D&etfIsuSrtCd=&reportCd=&reportTmp=&etfIsuSrtNm=&reportNm=%EC%8B%A0%EA%B7%9C%EC%83%81%EC%9E%A5&fromDate=2017-07-01&toDate=2017-07-31,kind_listing_notice_title,official_notice_pending_isin,2026-08-14T07:26:02+00:00
TIGER 글로벌자원생산기업(합성 H),27600,2017-08-01,2017-07-31 18:20,20170731000532,"신규상장(미래에셋TIGER모닝스타글로벌자원생산기업증권상장지수투자신탁(주식-파생형)(합성 H), 상장일 2017.08.01)",https://kind.krx.co.kr/disclosure/disclosurebystocktype.do?method=searchDisclosureByStockTypeEtfSub&forward=disclosurebystocktype_etf_sub&currentPageSize=100&pageIndex=1&orderMode=1&orderStat=D&etfIsuSrtCd=&reportCd=&reportTmp=&etfIsuSrtNm=&reportNm=%EC%8B%A0%EA%B7%9C%EC%83%81%EC%9E%A5&fromDate=2017-07-01&toDate=2017-07-31,kind_listing_notice_title,official_notice_pending_isin,2026-08-14T07:26:02+00:00
RISE 코스닥150선물인버스,27575,2017-08-01,2017-07-31 18:20,20170731000546,"신규상장(KB KBSTAR 코스닥150선물인버스증권상장지수투자신탁(주식-파생형), 상장일 2017.08.01)",https://kind.krx.co.kr/disclosure/disclosurebystocktype.do?method=searchDisclosureByStockTypeEtfSub&forward=disclosurebystocktype_etf_sub&currentPageSize=100&pageIndex=1&orderMode=1&orderStat=D&etfIsuSrtCd=&reportCd=&reportTmp=&etfIsuSrtNm=&reportNm=%EC%8B%A0%EA%B7%9C%EC%83%81%EC%9E%A5&fromDate=2017-07-01&toDate=2017-07-31,kind_listing_notice_title,official_notice_pending_isin,2026-08-14T07:26:02+00:00
TIGER 글로벌4차산업혁신기술(합성 H),27598,2017-08-01,2017-07-31 18:20,20170731000560,"신규상장(미래에셋TIGER모닝스타글로벌4차산업혁신기술증권상장지수투자신탁(주식-파생형)합성H, 상장일 2017.08.01)",https://kind.krx.co.kr/disclosure/disclosurebystocktype.do?method=searchDisclosureByStockTypeEtfSub&forward=disclosurebystocktype_etf_sub&currentPageSize=100&pageIndex=1&orderMode=1&orderStat=D&etfIsuSrtCd=&reportCd=&reportTmp=&etfIsuSrtNm=&reportNm=%EC%8B%A0%EA%B7%9C%EC%83%81%EC%9E%A5&fromDate=2017-07-01&toDate=2017-07-31,kind_listing_notice_title,official_notice_pending_isin,2026-08-14T07:26:02+00:00
KODEX 미국S&P500배당귀족커버드콜(합성 H),27697,2017-08-10,2017-08-08 14:16,20170808000016,"신규상장(삼성 KODEX 미국S&P고배당커버드콜증권상장지수투자신탁[주식-파생](합성 H), 상장일 2017.08.10)",https://kind.krx.co.kr/disclosure/disclosurebystocktype.do?method=searchDisclosureByStockTypeEtfSub&forward=disclosurebystocktype_etf_sub&currentPageSize=100&pageIndex=1&orderMode=1&orderStat=D&etfIsuSrtCd=&reportCd=&reportTmp=&etfIsuSrtNm=&reportNm=%EC%8B%A0%EA%B7%9C%EC%83%81%EC%9E%A5&fromDate=2017-08-01&toDate=2017-08-31,kind_listing_notice_title,official_notice_pending_isin,2026-08-14T07:26:02+00:00
KODEX 글로벌로봇(합성),27699,2017-08-17,2017-08-14 11:37,20170814000331,"신규상장(삼성 KODEX 글로벌4차산업로보틱스증권상장지수투자신탁 [주식-파생형](합성), 상장일 2017.08.17)",https://kind.krx.co.kr/disclosure/disclosurebystocktype.do?method=searchDisclosureByStockTypeEtfSub&forward=disclosurebystocktype_etf_sub&currentPageSize=100&pageIndex=1&orderMode=1&orderStat=D&etfIsuSrtCd=&reportCd=&reportTmp=&etfIsuSrtNm=&reportNm=%EC%8B%A0%EA%B7%9C%EC%83%81%EC%9E%A5&fromDate=2017-08-01&toDate=2017-08-31,kind_listing_notice_title,official_notice_pending_isin,2026-08-14T07:26:02+00:00
RISE 글로벌테크놀로지(합성 H),27665,2017-08-17,2017-08-14 13:15,20170814000415,"신규상장(KB KBSTAR 글로벌4차산업IT 증권상장지수투자신탁(주식-파생형)(합성 H), 상장일 2017.08.17)",https://kind.krx.co.kr/disclosure/disclosurebystocktype.do?method=searchDisclosureByStockTypeEtfSub&forward=disclosurebystocktype_etf_sub&currentPageSize=100&pageIndex=1&orderMode=1&orderStat=D&etfIsuSrtCd=&reportCd=&reportTmp=&etfIsuSrtNm=&reportNm=%EC%8B%A0%EA%B7%9C%EC%83%81%EC%9E%A5&fromDate=2017-08-01&toDate=2017-08-31,kind_listing_notice_title,official_notice_pending_isin,2026-08-14T07:26:02+00:00
ACE 아시아TOP50,27754,2017-08-23,2017-08-21 15:03,20170821000065,"신규상장(한국투자 KINDEX S&P아시아TOP50증권상장지수투자신탁(주식-파생형), 상장일 2017.08.23)",https://kind.krx.co.kr/disclosure/disclosurebystocktype.do?method=searchDisclosureByStockTypeEtfSub&forward=disclosurebystocktype_etf_sub&currentPageSize=100&pageIndex=1&orderMode=1&orderStat=D&etfIsuSrtCd=&reportCd=&reportTmp=&etfIsuSrtNm=&reportNm=%EC%8B%A0%EA%B7%9C%EC%83%81%EC%9E%A5&fromDate=2017-08-01&toDate=2017-08-31,kind_listing_notice_title,official_notice_pending_isin,2026-08-14T07:26:02+00:00
TIGER 코스피대형주,27764,2017-08-31,2017-08-29 13:43,20170829000011,"신규상장(미래에셋 TIGER 코스피대형주증권상장지수투자신탁(주식), 상장일 2017.08.31)",https://kind.krx.co.kr/disclosure/disclosurebystocktype.do?method=searchDisclosureByStockTypeEtfSub&forward=disclosurebystocktype_etf_sub&currentPageSize=100&pageIndex=1&orderMode=1&orderStat=D&etfIsuSrtCd=&reportCd=&reportTmp=&etfIsuSrtNm=&reportNm=%EC%8B%A0%EA%B7%9C%EC%83%81%EC%9E%A5&fromDate=2017-08-01&toDate=2017-08-31,kind_listing_notice_title,official_notice_pending_isin,2026-08-14T07:26:02+00:00
TIGER 코스피,27763,2017-08-31,2017-08-29 13:43,20170829000014,"신규상장(미래에셋 TIGER 코스피증권상장지수투자신탁(주식), 상장일 2017.08.31)",https://kind.krx.co.kr/disclosure/disclosurebystocktype.do?method=searchDisclosureByStockTypeEtfSub&forward=disclosurebystocktype_etf_sub&currentPageSize=100&pageIndex=1&orderMode=1&orderStat=D&etfIsuSrtCd=&reportCd=&reportTmp=&etfIsuSrtNm=&reportNm=%EC%8B%A0%EA%B7%9C%EC%83%81%EC%9E%A5&fromDate=2017-08-01&toDate=2017-08-31,kind_listing_notice_title,official_notice_pending_isin,2026-08-14T07:26:02+00:00
TIGER 코스피중형주,27765,2017-08-31,2017-08-29 13:43,20170829000022,"신규상장(미래에셋 TIGER 코스피중형주증권상장지수투자신탁(주식), 상장일 2017.08.31)",https://kind.krx.co.kr/disclosure/disclosurebystocktype.do?method=searchDisclosureByStockTypeEtfSub&forward=disclosurebystocktype_etf_sub&currentPageSize=100&pageIndex=1&orderMode=1&orderStat=D&etfIsuSrtCd=&reportCd=&reportTmp=&etfIsuSrtNm=&reportNm=%EC%8B%A0%EA%B7%9C%EC%83%81%EC%9E%A5&fromDate=2017-08-01&toDate=2017-08-31,kind_listing_notice_title,official_notice_pending_isin,2026-08-14T07:26:02+00:00
ARIRANG ESG우수기업,27842,2017-08-31,2017-08-29 13:43,20170829000077,"신규상장(한화 ARIRANG ESG우수기업증권상장지수투자신탁(주식), 상장일 2017.08.31)",https://kind.krx.co.kr/disclosure/disclosurebystocktype.do?method=searchDisclosureByStockTypeEtfSub&forward=disclosurebystocktype_etf_sub&currentPageSize=100&pageIndex=1&orderMode=1&orderStat=D&etfIsuSrtCd=&reportCd=&reportTmp=&etfIsuSrtNm=&reportNm=%EC%8B%A0%EA%B7%9C%EC%83%81%EC%9E%A5&fromDate=2017-08-01&toDate=2017-08-31,kind_listing_notice_title,official_notice_pending_isin,2026-08-14T07:26:02+00:00
RISE 코스닥150선물레버리지,27824,2017-08-31,2017-08-30 13:30,20170830000021,"신규상장(KB KBSTAR 코스닥150선물레버리지증권상장지수투자신탁(주식-파생형), 상장일 2017.08.31)",https://kind.krx.co.kr/disclosure/disclosurebystocktype.do?method=searchDisclosureByStockTypeEtfSub&forward=disclosurebystocktype_etf_sub&currentPageSize=100&pageIndex=1&orderMode=1&orderStat=D&etfIsuSrtCd=&reportCd=&reportTmp=&etfIsuSrtNm=&reportNm=%EC%8B%A0%EA%B7%9C%EC%83%81%EC%9E%A5&fromDate=2017-08-01&toDate=2017-08-31,kind_listing_notice_title,official_notice_pending_isin,2026-08-14T07:26:02+00:00
PLUS 단기채권액티브,27862,2017-09-26,2017-09-22 09:24,20170922000038,"신규상장(한화 ARIRANG 단기채권액티브증권상장지수투자신탁(채권), 상장일 2017.09.26)",https://kind.krx.co.kr/disclosure/disclosurebystocktype.do?method=searchDisclosureByStockTypeEtfSub&forward=disclosurebystocktype_etf_sub&currentPageSize=100&pageIndex=1&orderMode=1&orderStat=D&etfIsuSrtCd=&reportCd=&reportTmp=&etfIsuSrtNm=&reportNm=%EC%8B%A0%EA%B7%9C%EC%83%81%EC%9E%A5&fromDate=2017-09-01&toDate=2017-09-30,kind_listing_notice_title,official_notice_pending_isin,2026-08-14T07:26:02+00:00
PLUS 주도업종,28092,2017-10-17,2017-10-13 15:34,20171013000229,"신규상장(한화 ARIRANG 주도업종증권상장지수투자신탁(주식), 상장일 2017.10.17)",https://kind.krx.co.kr/disclosure/disclosurebystocktype.do?method=searchDisclosureByStockTypeEtfSub&forward=disclosurebystocktype_etf_sub&currentPageSize=100&pageIndex=1&orderMode=1&orderStat=D&etfIsuSrtCd=&reportCd=&reportTmp=&etfIsuSrtNm=&reportNm=%EC%8B%A0%EA%B7%9C%EC%83%81%EC%9E%A5&fromDate=2017-10-01&toDate=2017-10-31,kind_listing_notice_title,official_notice_pending_isin,2026-08-14T07:26:02+00:00
ACE 미국IT인터넷(합성 H),28032,2017-10-17,2017-10-13 16:00,20171013000329,"신규상장(한국투자 KINDEX 미국4차산업인터넷 증권상장지수투자신탁(주식-파생형)(합성 H), 상장일 2017.10.17)",https://kind.krx.co.kr/disclosure/disclosurebystocktype.do?method=searchDisclosureByStockTypeEtfSub&forward=disclosurebystocktype_etf_sub&currentPageSize=100&pageIndex=1&orderMode=1&orderStat=D&etfIsuSrtCd=&reportCd=&reportTmp=&etfIsuSrtNm=&reportNm=%EC%8B%A0%EA%B7%9C%EC%83%81%EC%9E%A5&fromDate=2017-10-01&toDate=2017-10-31,kind_listing_notice_title,official_notice_pending_isin,2026-08-14T07:26:02+00:00
KODEX 고배당주,27953,2017-10-17,2017-10-13 16:00,20171013000330,"신규상장(삼성 KODEX 고배당증권상장지수투자신탁[주식], 상장일 2017.10.17)",https://kind.krx.co.kr/disclosure/disclosurebystocktype.do?method=searchDisclosureByStockTypeEtfSub&forward=disclosurebystocktype_etf_sub&currentPageSize=100&pageIndex=1&orderMode=1&orderStat=D&etfIsuSrtCd=&reportCd=&reportTmp=&etfIsuSrtNm=&reportNm=%EC%8B%A0%EA%B7%9C%EC%83%81%EC%9E%A5&fromDate=2017-10-01&toDate=2017-10-31,kind_listing_notice_title,official_notice_pending_isin,2026-08-14T07:26:02+00:00
KODEX 최소변동성,27954,2017-10-17,2017-10-13 16:00,20171013000333,"신규상장(삼성 KODEX 최소변동성증권상장지수투자신탁[주식], 상장일 2017.10.17)",https://kind.krx.co.kr/disclosure/disclosurebystocktype.do?method=searchDisclosureByStockTypeEtfSub&forward=disclosurebystocktype_etf_sub&currentPageSize=100&pageIndex=1&orderMode=1&orderStat=D&etfIsuSrtCd=&reportCd=&reportTmp=&etfIsuSrtNm=&reportNm=%EC%8B%A0%EA%B7%9C%EC%83%81%EC%9E%A5&fromDate=2017-10-01&toDate=2017-10-31,kind_listing_notice_title,official_notice_pending_isin,2026-08-14T07:26:02+00:00
RISE 중소형고배당,28199,2017-11-02,2017-10-31 14:52,20171031000079,"신규상장(KB KBSTAR 중소형고배당 증권상장지수투자신탁(주식), 상장일 2017.11.02)",https://kind.krx.co.kr/disclosure/disclosurebystocktype.do?method=searchDisclosureByStockTypeEtfSub&forward=disclosurebystocktype_etf_sub&currentPageSize=100&pageIndex=1&orderMode=1&orderStat=D&etfIsuSrtCd=&reportCd=&reportTmp=&etfIsuSrtNm=&reportNm=%EC%8B%A0%EA%B7%9C%EC%83%81%EC%9E%A5&fromDate=2017-10-01&toDate=2017-10-31,kind_listing_notice_title,official_notice_pending_isin,2026-08-14T07:26:02+00:00
KODEX 미국러셀2000(H),28093,2017-11-09,2017-11-07 09:24,20171107000010,"신규상장(삼성 KODEX 미국러셀2000증권상장지수투자신탁[주식-파생형](H), 상장일 2017.11.09)",https://kind.krx.co.kr/disclosure/disclosurebystocktype.do?method=searchDisclosureByStockTypeEtfSub&forward=disclosurebystocktype_etf_sub&currentPageSize=100&pageIndex=1&orderMode=1&orderStat=D&etfIsuSrtCd=&reportCd=&reportTmp=&etfIsuSrtNm=&reportNm=%EC%8B%A0%EA%B7%9C%EC%83%81%EC%9E%A5&fromDate=2017-11-01&toDate=2017-11-30,kind_listing_notice_title,official_notice_pending_isin,2026-08-14T07:26:02+00:00
KODEX 골드선물인버스(H),28094,2017-11-09,2017-11-07 09:24,20171107000012,"신규상장(삼성 KODEX 골드선물인버스특별자산상장지수투자신탁[금-파생형](H), 상장일 2017.11.09)",https://kind.krx.co.kr/disclosure/disclosurebystocktype.do?method=searchDisclosureByStockTypeEtfSub&forward=disclosurebystocktype_etf_sub&currentPageSize=100&pageIndex=1&orderMode=1&orderStat=D&etfIsuSrtCd=&reportCd=&reportTmp=&etfIsuSrtNm=&reportNm=%EC%8B%A0%EA%B7%9C%EC%83%81%EC%9E%A5&fromDate=2017-11-01&toDate=2017-11-30,kind_listing_notice_title,official_notice_pending_isin,2026-08-14T07:26:02+00:00
RISE 국고채3년선물인버스,28200,2017-11-09,2017-11-07 09:24,20171107000015,"신규상장(KB KBSTAR 국고채3년선물인버스증권상장지수투자신탁(채권-파생형), 상장일 2017.11.09)",https://kind.krx.co.kr/disclosure/disclosurebystocktype.do?method=searchDisclosureByStockTypeEtfSub&forward=disclosurebystocktype_etf_sub&currentPageSize=100&pageIndex=1&orderMode=1&orderStat=D&etfIsuSrtCd=&reportCd=&reportTmp=&etfIsuSrtNm=&reportNm=%EC%8B%A0%EA%B7%9C%EC%83%81%EC%9E%A5&fromDate=2017-11-01&toDate=2017-11-30,kind_listing_notice_title,official_notice_pending_isin,2026-08-14T07:26:02+00:00
KODEX MSCI Korea TR,27854,2017-11-09,2017-11-07 09:24,20171107000079,"신규상장(삼성 KODEX MSCI Korea Total Return증권상장지수투자신탁[주식], 상장일 2017.11.09)",https://kind.krx.co.kr/disclosure/disclosurebystocktype.do?method=searchDisclosureByStockTypeEtfSub&forward=disclosurebystocktype_etf_sub&currentPageSize=100&pageIndex=1&orderMode=1&orderStat=D&etfIsuSrtCd=&reportCd=&reportTmp=&etfIsuSrtNm=&reportNm=%EC%8B%A0%EA%B7%9C%EC%83%81%EC%9E%A5&fromDate=2017-11-01&toDate=2017-11-30,kind_listing_notice_title,official_notice_pending_isin,2026-08-14T07:26:02+00:00
KODEX 200TR,27853,2017-11-21,2017-11-17 17:40,20171117000567,"신규상장(삼성 KODEX 200 Total Return 증권상장지수투자신탁[주식], 상장일 2017.11.21)",https://kind.krx.co.kr/disclosure/disclosurebystocktype.do?method=searchDisclosureByStockTypeEtfSub&forward=disclosurebystocktype_etf_sub&currentPageSize=100&pageIndex=1&orderMode=1&orderStat=D&etfIsuSrtCd=&reportCd=&reportTmp=&etfIsuSrtNm=&reportNm=%EC%8B%A0%EA%B7%9C%EC%83%81%EC%9E%A5&fromDate=2017-11-01&toDate=2017-11-30,kind_listing_notice_title,official_notice_pending_isin,2026-08-14T07:26:02+00:00
KODEX 200미국채혼합50,28443,2017-11-30,2017-11-28 11:33,20171128000016,"신규상장(삼성 KODEX 200미국채혼합증권상장지수투자신탁[채권혼합-파생형], 상장일 2017.11.30)",https://kind.krx.co.kr/disclosure/disclosurebystocktype.do?method=searchDisclosureByStockTypeEtfSub&forward=disclosurebystocktype_etf_sub&currentPageSize=100&pageIndex=1&orderMode=1&orderStat=D&etfIsuSrtCd=&reportCd=&reportTmp=&etfIsuSrtNm=&reportNm=%EC%8B%A0%EA%B7%9C%EC%83%81%EC%9E%A5&fromDate=2017-11-01&toDate=2017-11-30,kind_listing_notice_title,official_notice_pending_isin,2026-08-14T07:26:02+00:00
KBSTAR 지주회사,28393,2017-11-30,2017-11-28 11:33,20171128000043,"신규상장(KB KBSTAR 지주회사 증권상장지수투자신탁(주식), 상장일 2017.11.30)",https://kind.krx.co.kr/disclosure/disclosurebystocktype.do?method=searchDisclosureByStockTypeEtfSub&forward=disclosurebystocktype_etf_sub&currentPageSize=100&pageIndex=1&orderMode=1&orderStat=D&etfIsuSrtCd=&reportCd=&reportTmp=&etfIsuSrtNm=&reportNm=%EC%8B%A0%EA%B7%9C%EC%83%81%EC%9E%A5&fromDate=2017-11-01&toDate=2017-11-30,kind_listing_notice_title,official_notice_pending_isin,2026-08-14T07:26:02+00:00
KBSTAR 200철강소재,28502,2017-12-08,2017-12-06 10:46,20171206000185,"신규상장(KB KBSTAR 200철강소재증권상장지수투자신탁(주식), 상장일 2017.12.08)",https://kind.krx.co.kr/disclosure/disclosurebystocktype.do?method=searchDisclosureByStockTypeEtfSub&forward=disclosurebystocktype_etf_sub&currentPageSize=100&pageIndex=1&orderMode=1&orderStat=D&etfIsuSrtCd=&reportCd=&reportTmp=&etfIsuSrtNm=&reportNm=%EC%8B%A0%EA%B7%9C%EC%83%81%EC%9E%A5&fromDate=2017-12-01&toDate=2017-12-31,kind_listing_notice_title,official_notice_pending_isin,2026-08-14T07:26:02+00:00
KBSTAR 200중공업,28501,2017-12-08,2017-12-06 10:46,20171206000188,"신규상장(KB KBSTAR 200중공업증권상장지수투자신탁(주식), 상장일 2017.12.08)",https://kind.krx.co.kr/disclosure/disclosurebystocktype.do?method=searchDisclosureByStockTypeEtfSub&forward=disclosurebystocktype_etf_sub&currentPageSize=100&pageIndex=1&orderMode=1&orderStat=D&etfIsuSrtCd=&reportCd=&reportTmp=&etfIsuSrtNm=&reportNm=%EC%8B%A0%EA%B7%9C%EC%83%81%EC%9E%A5&fromDate=2017-12-01&toDate=2017-12-31,kind_listing_notice_title,official_notice_pending_isin,2026-08-14T07:26:02+00:00
KBSTAR 200에너지화학,28499,2017-12-08,2017-12-06 10:46,20171206000190,"신규상장(KB KBSTAR 200에너지화학증권상장지수투자신탁(주식), 상장일 2017.12.08)",https://kind.krx.co.kr/disclosure/disclosurebystocktype.do?method=searchDisclosureByStockTypeEtfSub&forward=disclosurebystocktype_etf_sub&currentPageSize=100&pageIndex=1&orderMode=1&orderStat=D&etfIsuSrtCd=&reportCd=&reportTmp=&etfIsuSrtNm=&reportNm=%EC%8B%A0%EA%B7%9C%EC%83%81%EC%9E%A5&fromDate=2017-12-01&toDate=2017-12-31,kind_listing_notice_title,official_notice_pending_isin,2026-08-14T07:26:02+00:00
RISE 200금융,28498,2017-12-08,2017-12-06 10:47,20171206000192,"신규상장(KB KBSTAR 200금융증권상장지수투자신탁(주식), 상장일 2017.12.08)",https://kind.krx.co.kr/disclosure/disclosurebystocktype.do?method=searchDisclosureByStockTypeEtfSub&forward=disclosurebystocktype_etf_sub&currentPageSize=100&pageIndex=1&orderMode=1&orderStat=D&etfIsuSrtCd=&reportCd=&reportTmp=&etfIsuSrtNm=&reportNm=%EC%8B%A0%EA%B7%9C%EC%83%81%EC%9E%A5&fromDate=2017-12-01&toDate=2017-12-31,kind_listing_notice_title,official_notice_pending_isin,2026-08-14T07:26:02+00:00
KBSTAR 200IT,28500,2017-12-08,2017-12-06 10:47,20171206000195,"신규상장(KB KBSTAR 200 IT증권상장지수투자신탁(주식), 상장일 2017.12.08)",https://kind.krx.co.kr/disclosure/disclosurebystocktype.do?method=searchDisclosureByStockTypeEtfSub&forward=disclosurebystocktype_etf_sub&currentPageSize=100&pageIndex=1&orderMode=1&orderStat=D&etfIsuSrtCd=&reportCd=&reportTmp=&etfIsuSrtNm=&reportNm=%EC%8B%A0%EA%B7%9C%EC%83%81%EC%9E%A5&fromDate=2017-12-01&toDate=2017-12-31,kind_listing_notice_title,official_notice_pending_isin,2026-08-14T07:26:02+00:00
KODEX 차이나CSI300,28358,2017-12-13,2017-12-11 10:16,20171211000024,"신규상장(삼성 KODEX 중국본토CSI300증권상장지수투자신탁[주식-파생형], 상장일 2017.12.13)",https://kind.krx.co.kr/disclosure/disclosurebystocktype.do?method=searchDisclosureByStockTypeEtfSub&forward=disclosurebystocktype_etf_sub&currentPageSize=100&pageIndex=1&orderMode=1&orderStat=D&etfIsuSrtCd=&reportCd=&reportTmp=&etfIsuSrtNm=&reportNm=%EC%8B%A0%EA%B7%9C%EC%83%81%EC%9E%A5&fromDate=2017-12-01&toDate=2017-12-31,kind_listing_notice_title,official_notice_pending_isin,2026-08-14T07:26:02+00:00
PLUS 미국나스닥테크,28718,2017-12-13,2017-12-11 10:17,20171211000050,"신규상장(한화 ARIRANG 미국나스닥기술주증권상장지수투자신탁(주식), 상장일 2017.12.13)",https://kind.krx.co.kr/disclosure/disclosurebystocktype.do?method=searchDisclosureByStockTypeEtfSub&forward=disclosurebystocktype_etf_sub&currentPageSize=100&pageIndex=1&orderMode=1&orderStat=D&etfIsuSrtCd=&reportCd=&reportTmp=&etfIsuSrtNm=&reportNm=%EC%8B%A0%EA%B7%9C%EC%83%81%EC%9E%A5&fromDate=2017-12-01&toDate=2017-12-31,kind_listing_notice_title,official_notice_pending_isin,2026-08-14T07:26:02+00:00
FOCUS ESG리더스,28569,2017-12-13,2017-12-11 10:20,20171211000106,"신규상장(하이 FOCUS ESG Leaders150증권상장지수투자신탁[주식], 상장일 2017.12.13)",https://kind.krx.co.kr/disclosure/disclosurebystocktype.do?method=searchDisclosureByStockTypeEtfSub&forward=disclosurebystocktype_etf_sub&currentPageSize=100&pageIndex=1&orderMode=1&orderStat=D&etfIsuSrtCd=&reportCd=&reportTmp=&etfIsuSrtNm=&reportNm=%EC%8B%A0%EA%B7%9C%EC%83%81%EC%9E%A5&fromDate=2017-12-01&toDate=2017-12-31,kind_listing_notice_title,official_notice_pending_isin,2026-08-14T07:26:02+00:00
KBSTAR 200생활소비재,28733,2017-12-22,2017-12-20 10:41,20171220000158,"신규상장(KB KBSTAR 200생활소비재증권상장지수투자신탁(주식), 상장일 2017.12.22)",https://kind.krx.co.kr/disclosure/disclosurebystocktype.do?method=searchDisclosureByStockTypeEtfSub&forward=disclosurebystocktype_etf_sub&currentPageSize=100&pageIndex=1&orderMode=1&orderStat=D&etfIsuSrtCd=&reportCd=&reportTmp=&etfIsuSrtNm=&reportNm=%EC%8B%A0%EA%B7%9C%EC%83%81%EC%9E%A5&fromDate=2017-12-01&toDate=2017-12-31,kind_listing_notice_title,official_notice_pending_isin,2026-08-14T07:26:02+00:00
KBSTAR 200경기소비재,28731,2017-12-22,2017-12-20 10:42,20171220000160,"신규상장(KB KBSTAR 200경기소비재증권상장지수투자신탁(주식), 상장일 2017.12.22)",https://kind.krx.co.kr/disclosure/disclosurebystocktype.do?method=searchDisclosureByStockTypeEtfSub&forward=disclosurebystocktype_etf_sub&currentPageSize=100&pageIndex=1&orderMode=1&orderStat=D&etfIsuSrtCd=&reportCd=&reportTmp=&etfIsuSrtNm=&reportNm=%EC%8B%A0%EA%B7%9C%EC%83%81%EC%9E%A5&fromDate=2017-12-01&toDate=2017-12-31,kind_listing_notice_title,official_notice_pending_isin,2026-08-14T07:26:02+00:00
KBSTAR 200건설,28730,2017-12-22,2017-12-20 10:43,20171220000161,"신규상장(KB KBSTAR 200건설증권상장지수투자신탁(주식), 상장일 2017.12.22)",https://kind.krx.co.kr/disclosure/disclosurebystocktype.do?method=searchDisclosureByStockTypeEtfSub&forward=disclosurebystocktype_etf_sub&currentPageSize=100&pageIndex=1&orderMode=1&orderStat=D&etfIsuSrtCd=&reportCd=&reportTmp=&etfIsuSrtNm=&reportNm=%EC%8B%A0%EA%B7%9C%EC%83%81%EC%9E%A5&fromDate=2017-12-01&toDate=2017-12-31,kind_listing_notice_title,official_notice_pending_isin,2026-08-14T07:26:02+00:00
KBSTAR 200산업재,28732,2017-12-22,2017-12-20 10:41,20171220000162,"신규상장(KB KBSTAR 200산업재증권상장지수투자신탁(주식), 상장일 2017.12.22)",https://kind.krx.co.kr/disclosure/disclosurebystocktype.do?method=searchDisclosureByStockTypeEtfSub&forward=disclosurebystocktype_etf_sub&currentPageSize=100&pageIndex=1&orderMode=1&orderStat=D&etfIsuSrtCd=&reportCd=&reportTmp=&etfIsuSrtNm=&reportNm=%EC%8B%A0%EA%B7%9C%EC%83%81%EC%9E%A5&fromDate=2017-12-01&toDate=2017-12-31,kind_listing_notice_title,official_notice_pending_isin,2026-08-14T07:26:02+00:00
PLUS 국채선물10년,28967,2018-02-07,2018-02-05 15:58,20180205000752,"신규상장(한화 ARIRANG 국채선물10년증권상장지수투자신탁(채권-파생형), 상장일 2018.02.07)",https://kind.krx.co.kr/disclosure/disclosurebystocktype.do?method=searchDisclosureByStockTypeEtfSub&forward=disclosurebystocktype_etf_sub&currentPageSize=100&pageIndex=1&orderMode=1&orderStat=D&etfIsuSrtCd=&reportCd=&reportTmp=&etfIsuSrtNm=&reportNm=%EC%8B%A0%EA%B7%9C%EC%83%81%EC%9E%A5&fromDate=2018-02-01&toDate=2018-02-28,kind_listing_notice_title,official_notice_pending_isin,2026-08-14T07:26:02+00:00
KODEX MSCI KOREA ESG유니버설,28904,2018-02-07,2018-02-05 16:31,20180205000772,"신규상장(삼성 KODEX MSCI ESG유니버설증권상장지수투자신탁[주식형], 상장일 2018.02.07)",https://kind.krx.co.kr/disclosure/disclosurebystocktype.do?method=searchDisclosureByStockTypeEtfSub&forward=disclosurebystocktype_etf_sub&currentPageSize=100&pageIndex=1&orderMode=1&orderStat=D&etfIsuSrtCd=&reportCd=&reportTmp=&etfIsuSrtNm=&reportNm=%EC%8B%A0%EA%B7%9C%EC%83%81%EC%9E%A5&fromDate=2018-02-01&toDate=2018-02-28,kind_listing_notice_title,official_notice_pending_isin,2026-08-14T07:26:02+00:00
TIGER MSCI KOREA ESG유니버설,28925,2018-02-07,2018-02-05 16:31,20180205000775,"신규상장(미래에셋 TIGER MSCI KOREA ESG유니버설증권상장지수투자신탁(주식), 상장일 2018.02.07)",https://kind.krx.co.kr/disclosure/disclosurebystocktype.do?method=searchDisclosureByStockTypeEtfSub&forward=disclosurebystocktype_etf_sub&currentPageSize=100&pageIndex=1&orderMode=1&orderStat=D&etfIsuSrtCd=&reportCd=&reportTmp=&etfIsuSrtNm=&reportNm=%EC%8B%A0%EA%B7%9C%EC%83%81%EC%9E%A5&fromDate=2018-02-01&toDate=2018-02-28,kind_listing_notice_title,official_notice_pending_isin,2026-08-14T07:26:02+00:00
TIGER MSCI KOREA ESG리더스,28926,2018-02-07,2018-02-05 16:31,20180205000799,"신규상장(미래에셋 TIGER MSCI KOREA ESG리더스증권상장지수투자신탁(주식), 상장일 2018.02.07)",https://kind.krx.co.kr/disclosure/disclosurebystocktype.do?method=searchDisclosureByStockTypeEtfSub&forward=disclosurebystocktype_etf_sub&currentPageSize=100&pageIndex=1&orderMode=1&orderStat=D&etfIsuSrtCd=&reportCd=&reportTmp=&etfIsuSrtNm=&reportNm=%EC%8B%A0%EA%B7%9C%EC%83%81%EC%9E%A5&fromDate=2018-02-01&toDate=2018-02-28,kind_listing_notice_title,official_notice_pending_isin,2026-08-14T07:26:02+00:00
TIGER 200커버드콜,28948,2018-02-09,2018-02-07 10:57,20180207000242,"신규상장(미래에셋 TIGER 200커버드콜ATM증권상장지수투자신탁(주식-파생형), 상장일 2018.02.09)",https://kind.krx.co.kr/disclosure/disclosurebystocktype.do?method=searchDisclosureByStockTypeEtfSub&forward=disclosurebystocktype_etf_sub&currentPageSize=100&pageIndex=1&orderMode=1&orderStat=D&etfIsuSrtCd=&reportCd=&reportTmp=&etfIsuSrtNm=&reportNm=%EC%8B%A0%EA%B7%9C%EC%83%81%EC%9E%A5&fromDate=2018-02-01&toDate=2018-02-28,kind_listing_notice_title,official_notice_pending_isin,2026-08-14T07:26:02+00:00
RISE 200고배당커버드콜ATM,29008,2018-02-27,2018-02-23 11:24,20180223000171,"신규상장(KB KBSTAR 200고배당커버드콜ATM증권상장지수투자신탁(주식-파생형), 상장일 2018.02.27)",https://kind.krx.co.kr/disclosure/disclosurebystocktype.do?method=searchDisclosureByStockTypeEtfSub&forward=disclosurebystocktype_etf_sub&currentPageSize=100&pageIndex=1&orderMode=1&orderStat=D&etfIsuSrtCd=&reportCd=&reportTmp=&etfIsuSrtNm=&reportNm=%EC%8B%A0%EA%B7%9C%EC%83%81%EC%9E%A5&fromDate=2018-02-01&toDate=2018-02-28,kind_listing_notice_title,official_notice_pending_isin,2026-08-14T07:26:02+00:00
RISE ESG사회책임투자,29013,2018-02-27,2018-02-23 16:32,20180223000397,"신규상장(KB KBSTAR ESG사회책임투자증권상장지수투자신탁(주식), 상장일 2018.02.27)",https://kind.krx.co.kr/disclosure/disclosurebystocktype.do?method=searchDisclosureByStockTypeEtfSub&forward=disclosurebystocktype_etf_sub&currentPageSize=100&pageIndex=1&orderMode=1&orderStat=D&etfIsuSrtCd=&reportCd=&reportTmp=&etfIsuSrtNm=&reportNm=%EC%8B%A0%EA%B7%9C%EC%83%81%EC%9E%A5&fromDate=2018-02-01&toDate=2018-02-28,kind_listing_notice_title,official_notice_pending_isin,2026-08-14T07:26:02+00:00
ACE MSCI멕시코(합성),29113,2018-03-09,2018-03-07 14:18,20180307000364,"신규상장(한국투자 KINDEX 멕시코MSCI증권상장지수투자신탁(주식-파생형)(합성), 상장일 2018.03.09)",https://kind.krx.co.kr/disclosure/disclosurebystocktype.do?method=searchDisclosureByStockTypeEtfSub&forward=disclosurebystocktype_etf_sub&currentPageSize=100&pageIndex=1&orderMode=1&orderStat=D&etfIsuSrtCd=&reportCd=&reportTmp=&etfIsuSrtNm=&reportNm=%EC%8B%A0%EA%B7%9C%EC%83%81%EC%9E%A5&fromDate=2018-03-01&toDate=2018-03-31,kind_listing_notice_title,official_notice_pending_isin,2026-08-14T07:26:02+00:00
KODEX China H선물인버스(H),29166,2018-03-16,2018-03-14 14:24,20180314000070,"신규상장(삼성 KODEX China H선물인버스증권상장지수투자신탁[주식-파생형](H), 상장일 2018.03.16)",https://kind.krx.co.kr/disclosure/disclosurebystocktype.do?method=searchDisclosureByStockTypeEtfSub&forward=disclosurebystocktype_etf_sub&currentPageSize=100&pageIndex=1&orderMode=1&orderStat=D&etfIsuSrtCd=&reportCd=&reportTmp=&etfIsuSrtNm=&reportNm=%EC%8B%A0%EA%B7%9C%EC%83%81%EC%9E%A5&fromDate=2018-03-01&toDate=2018-03-31,kind_listing_notice_title,official_notice_pending_isin,2026-08-14T07:26:02+00:00
KOSEF 코스닥150선물,29161,2018-03-16,2018-03-14 14:24,20180314000405,"신규상장(키움 KOSEF 코스닥150선물증권상장지수투자신탁(주식-파생형), 상장일 2018.03.16)",https://kind.krx.co.kr/disclosure/disclosurebystocktype.do?method=searchDisclosureByStockTypeEtfSub&forward=disclosurebystocktype_etf_sub&currentPageSize=100&pageIndex=1&orderMode=1&orderStat=D&etfIsuSrtCd=&reportCd=&reportTmp=&etfIsuSrtNm=&reportNm=%EC%8B%A0%EA%B7%9C%EC%83%81%EC%9E%A5&fromDate=2018-03-01&toDate=2018-03-31,kind_listing_notice_title,official_notice_pending_isin,2026-08-14T07:26:02+00:00
KIWOOM 코스닥150선물인버스,29162,2018-03-16,2018-03-14 14:24,20180314000407,"신규상장(키움 KOSEF 코스닥150선물인버스증권상장지수투자신탁[주식-파생형], 상장일 2018.03.16)",https://kind.krx.co.kr/disclosure/disclosurebystocktype.do?method=searchDisclosureByStockTypeEtfSub&forward=disclosurebystocktype_etf_sub&currentPageSize=100&pageIndex=1&orderMode=1&orderStat=D&etfIsuSrtCd=&reportCd=&reportTmp=&etfIsuSrtNm=&reportNm=%EC%8B%A0%EA%B7%9C%EC%83%81%EC%9E%A5&fromDate=2018-03-01&toDate=2018-03-31,kind_listing_notice_title,official_notice_pending_isin,2026-08-14T07:26:02+00:00
KIWOOM 코스닥150선물레버리지,29163,2018-03-16,2018-03-14 14:24,20180314000410,"신규상장(키움 KOSEF 코스닥150선물레버리지증권상장지수투자신탁(주식-파생형), 상장일 2018.03.16)",https://kind.krx.co.kr/disclosure/disclosurebystocktype.do?method=searchDisclosureByStockTypeEtfSub&forward=disclosurebystocktype_etf_sub&currentPageSize=100&pageIndex=1&orderMode=1&orderStat=D&etfIsuSrtCd=&reportCd=&reportTmp=&etfIsuSrtNm=&reportNm=%EC%8B%A0%EA%B7%9C%EC%83%81%EC%9E%A5&fromDate=2018-03-01&toDate=2018-03-31,kind_listing_notice_title,official_notice_pending_isin,2026-08-14T07:26:02+00:00
마이티 200커버드콜ATM레버리지,29234,2018-03-20,2018-03-16 10:36,20180316000127,"신규상장(DB 마이티 200커버드콜ATM레버리지증권상장지수투자신탁[주식-파생형], 상장일 2018.03.20)",https://kind.krx.co.kr/disclosure/disclosurebystocktype.do?method=searchDisclosureByStockTypeEtfSub&forward=disclosurebystocktype_etf_sub&currentPageSize=100&pageIndex=1&orderMode=1&orderStat=D&etfIsuSrtCd=&reportCd=&reportTmp=&etfIsuSrtNm=&reportNm=%EC%8B%A0%EA%B7%9C%EC%83%81%EC%9E%A5&fromDate=2018-03-01&toDate=2018-03-31,kind_listing_notice_title,official_notice_pending_isin,2026-08-14T07:26:02+00:00
RISE 차이나H선물인버스(H),29168,2018-03-23,2018-03-21 14:03,20180321000079,"신규상장(KB KBSTAR 차이나H선물인버스증권상장지수투자신탁(주식-파생)(H), 상장일 2018.03.23)",https://kind.krx.co.kr/disclosure/disclosurebystocktype.do?method=searchDisclosureByStockTypeEtfSub&forward=disclosurebystocktype_etf_sub&currentPageSize=100&pageIndex=1&orderMode=1&orderStat=D&etfIsuSrtCd=&reportCd=&reportTmp=&etfIsuSrtNm=&reportNm=%EC%8B%A0%EA%B7%9C%EC%83%81%EC%9E%A5&fromDate=2018-03-01&toDate=2018-03-31,kind_listing_notice_title,official_notice_pending_isin,2026-08-14T07:26:02+00:00
KODEX MSCI EM선물(H),29189,2018-03-23,2018-03-21 14:04,20180321000239,"신규상장(삼성 KODEX SGX MSCI EM선물증권상장지수투자신탁[주식-파생형](H), 상장일 2018.03.23)",https://kind.krx.co.kr/disclosure/disclosurebystocktype.do?method=searchDisclosureByStockTypeEtfSub&forward=disclosurebystocktype_etf_sub&currentPageSize=100&pageIndex=1&orderMode=1&orderStat=D&etfIsuSrtCd=&reportCd=&reportTmp=&etfIsuSrtNm=&reportNm=%EC%8B%A0%EA%B7%9C%EC%83%81%EC%9E%A5&fromDate=2018-03-01&toDate=2018-03-31,kind_listing_notice_title,official_notice_pending_isin,2026-08-14T07:26:02+00:00
KODEX KRX300,29219,2018-03-26,2018-03-22 11:34,20180322000228,"신규상장(삼성 KODEX KRX300증권상장지수투자신탁[주식형], 상장일 2018.03.26)",https://kind.krx.co.kr/disclosure/disclosurebystocktype.do?method=searchDisclosureByStockTypeEtfSub&forward=disclosurebystocktype_etf_sub&currentPageSize=100&pageIndex=1&orderMode=1&orderStat=D&etfIsuSrtCd=&reportCd=&reportTmp=&etfIsuSrtNm=&reportNm=%EC%8B%A0%EA%B7%9C%EC%83%81%EC%9E%A5&fromDate=2018-03-01&toDate=2018-03-31,kind_listing_notice_title,official_notice_pending_isin,2026-08-14T07:26:02+00:00
RISE KRX300,29205,2018-03-26,2018-03-22 11:33,20180322000231,"신규상장(KB KBSTAR KRX300증권상장지수투자신탁(주식), 상장일 2018.03.26)",https://kind.krx.co.kr/disclosure/disclosurebystocktype.do?method=searchDisclosureByStockTypeEtfSub&forward=disclosurebystocktype_etf_sub&currentPageSize=100&pageIndex=1&orderMode=1&orderStat=D&etfIsuSrtCd=&reportCd=&reportTmp=&etfIsuSrtNm=&reportNm=%EC%8B%A0%EA%B7%9C%EC%83%81%EC%9E%A5&fromDate=2018-03-01&toDate=2018-03-31,kind_listing_notice_title,official_notice_pending_isin,2026-08-14T07:26:02+00:00
FOCUS KRX300,29273,2018-03-26,2018-03-22 11:33,20180322000238,"신규상장(하이 FOCUS KRX300증권상장지수투자신탁[주식], 상장일 2018.03.26)",https://kind.krx.co.kr/disclosure/disclosurebystocktype.do?method=searchDisclosureByStockTypeEtfSub&forward=disclosurebystocktype_etf_sub&currentPageSize=100&pageIndex=1&orderMode=1&orderStat=D&etfIsuSrtCd=&reportCd=&reportTmp=&etfIsuSrtNm=&reportNm=%EC%8B%A0%EA%B7%9C%EC%83%81%EC%9E%A5&fromDate=2018-03-01&toDate=2018-03-31,kind_listing_notice_title,official_notice_pending_isin,2026-08-14T07:26:02+00:00
TIGER KRX300,29216,2018-03-26,2018-03-22 11:39,20180322000272,"신규상장(미래에셋 TIGER KRX300증권상장지수투자신탁(주식), 상장일 2018.03.26)",https://kind.krx.co.kr/disclosure/disclosurebystocktype.do?method=searchDisclosureByStockTypeEtfSub&forward=disclosurebystocktype_etf_sub&currentPageSize=100&pageIndex=1&orderMode=1&orderStat=D&etfIsuSrtCd=&reportCd=&reportTmp=&etfIsuSrtNm=&reportNm=%EC%8B%A0%EA%B7%9C%EC%83%81%EC%9E%A5&fromDate=2018-03-01&toDate=2018-03-31,kind_listing_notice_title,official_notice_pending_isin,2026-08-14T07:26:02+00:00
ARIRANG KRX300,29275,2018-03-26,2018-03-22 11:40,20180322000275,"신규상장(한화 ARIRANG KRX300증권상장지수투자신탁(주식), 상장일 2018.03.26)",https://kind.krx.co.kr/disclosure/disclosurebystocktype.do?method=searchDisclosureByStockTypeEtfSub&forward=disclosurebystocktype_etf_sub&currentPageSize=100&pageIndex=1&orderMode=1&orderStat=D&etfIsuSrtCd=&reportCd=&reportTmp=&etfIsuSrtNm=&reportNm=%EC%8B%A0%EA%B7%9C%EC%83%81%EC%9E%A5&fromDate=2018-03-01&toDate=2018-03-31,kind_listing_notice_title,official_notice_pending_isin,2026-08-14T07:26:02+00:00
SOL KRX300,29250,2018-03-26,2018-03-22 11:40,20180322000283,"신규상장(신한BNPP SMART KRX300증권상장지수투자신탁[주식], 상장일 2018.03.26)",https://kind.krx.co.kr/disclosure/disclosurebystocktype.do?method=searchDisclosureByStockTypeEtfSub&forward=disclosurebystocktype_etf_sub&currentPageSize=100&pageIndex=1&orderMode=1&orderStat=D&etfIsuSrtCd=&reportCd=&reportTmp=&etfIsuSrtNm=&reportNm=%EC%8B%A0%EA%B7%9C%EC%83%81%EC%9E%A5&fromDate=2018-03-01&toDate=2018-03-31,kind_listing_notice_title,official_notice_pending_isin,2026-08-14T07:26:02+00:00
HANARO 200,29318,2018-03-30,2018-03-28 15:30,20180328000640,"신규상장(NH-Amundi HANARO 200증권상장지수투자신탁[주식], 상장일 2018.03.30)",https://kind.krx.co.kr/disclosure/disclosurebystocktype.do?method=searchDisclosureByStockTypeEtfSub&forward=disclosurebystocktype_etf_sub&currentPageSize=100&pageIndex=1&orderMode=1&orderStat=D&etfIsuSrtCd=&reportCd=&reportTmp=&etfIsuSrtNm=&reportNm=%EC%8B%A0%EA%B7%9C%EC%83%81%EC%9E%A5&fromDate=2018-03-01&toDate=2018-03-31,kind_listing_notice_title,official_notice_pending_isin,2026-08-14T07:26:02+00:00
TIGER 대형가치,29211,2018-03-30,2018-03-28 17:49,20180328001079,"신규상장(미래에셋 TIGER 대형가치증권상장지수투자신탁(주식), 상장일 2018.03.30)",https://kind.krx.co.kr/disclosure/disclosurebystocktype.do?method=searchDisclosureByStockTypeEtfSub&forward=disclosurebystocktype_etf_sub&currentPageSize=100&pageIndex=1&orderMode=1&orderStat=D&etfIsuSrtCd=&reportCd=&reportTmp=&etfIsuSrtNm=&reportNm=%EC%8B%A0%EA%B7%9C%EC%83%81%EC%9E%A5&fromDate=2018-03-01&toDate=2018-03-31,kind_listing_notice_title,official_notice_pending_isin,2026-08-14T07:26:02+00:00
TIGER 코리아TOP10,29215,2018-03-30,2018-03-28 17:46,20180328001093,"신규상장(미래에셋 TIGER TOP10증권상장지수투자신탁(주식), 상장일 2018.03.30)",https://kind.krx.co.kr/disclosure/disclosurebystocktype.do?method=searchDisclosureByStockTypeEtfSub&forward=disclosurebystocktype_etf_sub&currentPageSize=100&pageIndex=1&orderMode=1&orderStat=D&etfIsuSrtCd=&reportCd=&reportTmp=&etfIsuSrtNm=&reportNm=%EC%8B%A0%EA%B7%9C%EC%83%81%EC%9E%A5&fromDate=2018-03-01&toDate=2018-03-31,kind_listing_notice_title,official_notice_pending_isin,2026-08-14T07:26:02+00:00
TIGER 중소형,29212,2018-03-30,2018-03-28 17:46,20180328001338,"신규상장(미래에셋 TIGER 중소형증권상장지수투자신탁(주식), 상장일 2018.03.30)",https://kind.krx.co.kr/disclosure/disclosurebystocktype.do?method=searchDisclosureByStockTypeEtfSub&forward=disclosurebystocktype_etf_sub&currentPageSize=100&pageIndex=1&orderMode=1&orderStat=D&etfIsuSrtCd=&reportCd=&reportTmp=&etfIsuSrtNm=&reportNm=%EC%8B%A0%EA%B7%9C%EC%83%81%EC%9E%A5&fromDate=2018-03-01&toDate=2018-03-31,kind_listing_notice_title,official_notice_pending_isin,2026-08-14T07:26:02+00:00
TIGER 대형성장,29210,2018-03-30,2018-03-28 17:46,20180328001370,"신규상장(미래에셋 TIGER 대형성장증권상장지수투자신탁(주식), 상장일 2018.03.30)",https://kind.krx.co.kr/disclosure/disclosurebystocktype.do?method=searchDisclosureByStockTypeEtfSub&forward=disclosurebystocktype_etf_sub&currentPageSize=100&pageIndex=1&orderMode=1&orderStat=D&etfIsuSrtCd=&reportCd=&reportTmp=&etfIsuSrtNm=&reportNm=%EC%8B%A0%EA%B7%9C%EC%83%81%EC%9E%A5&fromDate=2018-03-01&toDate=2018-03-31,kind_listing_notice_title,official_notice_pending_isin,2026-08-14T07:26:02+00:00
TIGER 중소형가치,29214,2018-03-30,2018-03-28 17:46,20180328001398,"신규상장(미래에셋 TIGER 중소형가치증권상장지수투자신탁(주식), 상장일 2018.03.30)",https://kind.krx.co.kr/disclosure/disclosurebystocktype.do?method=searchDisclosureByStockTypeEtfSub&forward=disclosurebystocktype_etf_sub&currentPageSize=100&pageIndex=1&orderMode=1&orderStat=D&etfIsuSrtCd=&reportCd=&reportTmp=&etfIsuSrtNm=&reportNm=%EC%8B%A0%EA%B7%9C%EC%83%81%EC%9E%A5&fromDate=2018-03-01&toDate=2018-03-31,kind_listing_notice_title,official_notice_pending_isin,2026-08-14T07:26:02+00:00
TIGER 중소형성장,29213,2018-03-30,2018-03-28 17:45,20180328001419,"신규상장(미래에셋 TIGER 중소형성장증권상장지수투자신탁(주식), 상장일 2018.03.30)",https://kind.krx.co.kr/disclosure/disclosurebystocktype.do?method=searchDisclosureByStockTypeEtfSub&forward=disclosurebystocktype_etf_sub&currentPageSize=100&pageIndex=1&orderMode=1&orderStat=D&etfIsuSrtCd=&reportCd=&reportTmp=&etfIsuSrtNm=&reportNm=%EC%8B%A0%EA%B7%9C%EC%83%81%EC%9E%A5&fromDate=2018-03-01&toDate=2018-03-31,kind_listing_notice_title,official_notice_pending_isin,2026-08-14T07:26:02+00:00
KODEX 국채선물3년인버스,29277,2018-04-13,2018-04-11 15:43,20180411000070,"신규상장(삼성 KODEX 국채선물3년인버스증권상장지수투자신탁[채권-파생형], 상장일 2018.04.13)",https://kind.krx.co.kr/disclosure/disclosurebystocktype.do?method=searchDisclosureByStockTypeEtfSub&forward=disclosurebystocktype_etf_sub&currentPageSize=100&pageIndex=1&orderMode=1&orderStat=D&etfIsuSrtCd=&reportCd=&reportTmp=&etfIsuSrtNm=&reportNm=%EC%8B%A0%EA%B7%9C%EC%83%81%EC%9E%A5&fromDate=2018-04-01&toDate=2018-04-30,kind_listing_notice_title,official_notice_pending_isin,2026-08-14T07:26:02+00:00
TIGER 일본엔선물,29256,2018-04-17,2018-04-13 15:21,20180413000321,"신규상장(미래에셋 TIGER 일본엔선물특별자산상장지수투자신탁(엔-파생형), 상장일 2018.04.17)",https://kind.krx.co.kr/disclosure/disclosurebystocktype.do?method=searchDisclosureByStockTypeEtfSub&forward=disclosurebystocktype_etf_sub&currentPageSize=100&pageIndex=1&orderMode=1&orderStat=D&etfIsuSrtCd=&reportCd=&reportTmp=&etfIsuSrtNm=&reportNm=%EC%8B%A0%EA%B7%9C%EC%83%81%EC%9E%A5&fromDate=2018-04-01&toDate=2018-04-30,kind_listing_notice_title,official_notice_pending_isin,2026-08-14T07:26:02+00:00
TIGER 일본엔선물인버스,29258,2018-04-17,2018-04-13 15:21,20180413000322,"신규상장(미래에셋 TIGER 일본엔선물인버스특별자산상장지수투자신탁(엔-파생형), 상장일 2018.04.17)",https://kind.krx.co.kr/disclosure/disclosurebystocktype.do?method=searchDisclosureByStockTypeEtfSub&forward=disclosurebystocktype_etf_sub&currentPageSize=100&pageIndex=1&orderMode=1&orderStat=D&etfIsuSrtCd=&reportCd=&reportTmp=&etfIsuSrtNm=&reportNm=%EC%8B%A0%EA%B7%9C%EC%83%81%EC%9E%A5&fromDate=2018-04-01&toDate=2018-04-30,kind_listing_notice_title,official_notice_pending_isin,2026-08-14T07:26:02+00:00
TIGER 일본엔선물레버리지,29257,2018-04-17,2018-04-13 15:21,20180413000326,"신규상장(미래에셋 TIGER 일본엔선물레버리지특별자산상장지수투자신탁(엔-파생형), 상장일 2018.04.17)",https://kind.krx.co.kr/disclosure/disclosurebystocktype.do?method=searchDisclosureByStockTypeEtfSub&forward=disclosurebystocktype_etf_sub&currentPageSize=100&pageIndex=1&orderMode=1&orderStat=D&etfIsuSrtCd=&reportCd=&reportTmp=&etfIsuSrtNm=&reportNm=%EC%8B%A0%EA%B7%9C%EC%83%81%EC%9E%A5&fromDate=2018-04-01&toDate=2018-04-30,kind_listing_notice_title,official_notice_pending_isin,2026-08-14T07:26:02+00:00
TIGER 일본엔선물인버스2X,29259,2018-04-17,2018-04-13 15:20,20180413000330,"신규상장(미래에셋 TIGER 일본엔선물인버스2X특별자산상장지수투자신탁(엔-파생형), 상장일 2018.04.17)",https://kind.krx.co.kr/disclosure/disclosurebystocktype.do?method=searchDisclosureByStockTypeEtfSub&forward=disclosurebystocktype_etf_sub&currentPageSize=100&pageIndex=1&orderMode=1&orderStat=D&etfIsuSrtCd=&reportCd=&reportTmp=&etfIsuSrtNm=&reportNm=%EC%8B%A0%EA%B7%9C%EC%83%81%EC%9E%A5&fromDate=2018-04-01&toDate=2018-04-30,kind_listing_notice_title,official_notice_pending_isin,2026-08-14T07:26:02+00:00
KIWOOM 200TR,29440,2018-04-23,2018-04-19 16:42,20180419000459,"신규상장(키움 KOSEF 200 Total Return증권상장지수투자신탁[주식], 상장일 2018.04.23)",https://kind.krx.co.kr/disclosure/disclosurebystocktype.do?method=searchDisclosureByStockTypeEtfSub&forward=disclosurebystocktype_etf_sub&currentPageSize=100&pageIndex=1&orderMode=1&orderStat=D&etfIsuSrtCd=&reportCd=&reportTmp=&etfIsuSrtNm=&reportNm=%EC%8B%A0%EA%B7%9C%EC%83%81%EC%9E%A5&fromDate=2018-04-01&toDate=2018-04-30,kind_listing_notice_title,official_notice_pending_isin,2026-08-14T07:26:02+00:00
SOL 200TR,29504,2018-04-23,2018-04-19 16:42,20180419000464,"신규상장(신한BNPP SMART 200 Total Return증권상장지수투자신탁[주식], 상장일 2018.04.23)",https://kind.krx.co.kr/disclosure/disclosurebystocktype.do?method=searchDisclosureByStockTypeEtfSub&forward=disclosurebystocktype_etf_sub&currentPageSize=100&pageIndex=1&orderMode=1&orderStat=D&etfIsuSrtCd=&reportCd=&reportTmp=&etfIsuSrtNm=&reportNm=%EC%8B%A0%EA%B7%9C%EC%83%81%EC%9E%A5&fromDate=2018-04-01&toDate=2018-04-30,kind_listing_notice_title,official_notice_pending_isin,2026-08-14T07:26:02+00:00
RISE 국채선물10년,29500,2018-05-11,2018-05-09 17:37,20180509000353,"신규상장(KB KBSTAR 국채선물10년증권상장지수투자신탁(채권-파생형), 상장일 2018.05.11)",https://kind.krx.co.kr/disclosure/disclosurebystocktype.do?method=searchDisclosureByStockTypeEtfSub&forward=disclosurebystocktype_etf_sub&currentPageSize=100&pageIndex=1&orderMode=1&orderStat=D&etfIsuSrtCd=&reportCd=&reportTmp=&etfIsuSrtNm=&reportNm=%EC%8B%A0%EA%B7%9C%EC%83%81%EC%9E%A5&fromDate=2018-05-01&toDate=2018-05-31,kind_listing_notice_title,official_notice_pending_isin,2026-08-14T07:26:02+00:00
RISE 국채선물10년인버스,29502,2018-05-11,2018-05-09 17:37,20180509000355,"신규상장(KB KBSTAR 국채선물10년인버스증권상장지수투자신탁(채권-파생형), 상장일 2018.05.11)",https://kind.krx.co.kr/disclosure/disclosurebystocktype.do?method=searchDisclosureByStockTypeEtfSub&forward=disclosurebystocktype_etf_sub&currentPageSize=100&pageIndex=1&orderMode=1&orderStat=D&etfIsuSrtCd=&reportCd=&reportTmp=&etfIsuSrtNm=&reportNm=%EC%8B%A0%EA%B7%9C%EC%83%81%EC%9E%A5&fromDate=2018-05-01&toDate=2018-05-31,kind_listing_notice_title,official_notice_pending_isin,2026-08-14T07:26:02+00:00
ARIRANG 200동일가중,29582,2018-05-11,2018-05-09 17:37,20180509000356,"신규상장(한화 ARIRANG 200동일가중증권상장지수투자신탁(주식), 상장일 2018.05.11)",https://kind.krx.co.kr/disclosure/disclosurebystocktype.do?method=searchDisclosureByStockTypeEtfSub&forward=disclosurebystocktype_etf_sub&currentPageSize=100&pageIndex=1&orderMode=1&orderStat=D&etfIsuSrtCd=&reportCd=&reportTmp=&etfIsuSrtNm=&reportNm=%EC%8B%A0%EA%B7%9C%EC%83%81%EC%9E%A5&fromDate=2018-05-01&toDate=2018-05-31,kind_listing_notice_title,official_notice_pending_isin,2026-08-14T07:26:02+00:00
ARIRANG 200 퀄리티,29588,2018-05-11,2018-05-09 17:37,20180509000358,"신규상장(한화 ARIRANG 200퀼리티가중증권상장지수투자신탁(주식), 상장일 2018.05.11)",https://kind.krx.co.kr/disclosure/disclosurebystocktype.do?method=searchDisclosureByStockTypeEtfSub&forward=disclosurebystocktype_etf_sub&currentPageSize=100&pageIndex=1&orderMode=1&orderStat=D&etfIsuSrtCd=&reportCd=&reportTmp=&etfIsuSrtNm=&reportNm=%EC%8B%A0%EA%B7%9C%EC%83%81%EC%9E%A5&fromDate=2018-05-01&toDate=2018-05-31,kind_listing_notice_title,official_notice_pending_isin,2026-08-14T07:26:02+00:00
ARIRANG 200밸류,29584,2018-05-11,2018-05-09 17:38,20180509000360,"신규상장(한화 ARIRANG 200밸류가중증권상장지수투자신탁(주식), 상장일 2018.05.11)",https://kind.krx.co.kr/disclosure/disclosurebystocktype.do?method=searchDisclosureByStockTypeEtfSub&forward=disclosurebystocktype_etf_sub&currentPageSize=100&pageIndex=1&orderMode=1&orderStat=D&etfIsuSrtCd=&reportCd=&reportTmp=&etfIsuSrtNm=&reportNm=%EC%8B%A0%EA%B7%9C%EC%83%81%EC%9E%A5&fromDate=2018-05-01&toDate=2018-05-31,kind_listing_notice_title,official_notice_pending_isin,2026-08-14T07:26:02+00:00
ARIRANG 200모멘텀,29586,2018-05-11,2018-05-09 17:37,20180509000361,"신규상장(한화 ARIRANG 200모멘텀가중증권상장지수투자신탁(주식), 상장일 2018.05.11)",https://kind.krx.co.kr/disclosure/disclosurebystocktype.do?method=searchDisclosureByStockTypeEtfSub&forward=disclosurebystocktype_etf_sub&currentPageSize=100&pageIndex=1&orderMode=1&orderStat=D&etfIsuSrtCd=&reportCd=&reportTmp=&etfIsuSrtNm=&reportNm=%EC%8B%A0%EA%B7%9C%EC%83%81%EC%9E%A5&fromDate=2018-05-01&toDate=2018-05-31,kind_listing_notice_title,official_notice_pending_isin,2026-08-14T07:26:02+00:00
ARIRANG 200로우볼,29589,2018-05-11,2018-05-09 17:35,20180509000362,"신규상장(한화 ARIRANG 200로우볼가중증권상장지수투자신탁(주식), 상장일 2018.05.11)",https://kind.krx.co.kr/disclosure/disclosurebystocktype.do?method=searchDisclosureByStockTypeEtfSub&forward=disclosurebystocktype_etf_sub&currentPageSize=100&pageIndex=1&orderMode=1&orderStat=D&etfIsuSrtCd=&reportCd=&reportTmp=&etfIsuSrtNm=&reportNm=%EC%8B%A0%EA%B7%9C%EC%83%81%EC%9E%A5&fromDate=2018-05-01&toDate=2018-05-31,kind_listing_notice_title,official_notice_pending_isin,2026-08-14T07:26:02+00:00
ACE 국채선물10년인버스,29907,2018-06-08,2018-06-05 10:48,20180605000097,"신규상장(한국투자 KINDEX 국채선물10년인버스증권상장지수투자신탁(채권-파생형), 상장일 2018.06.08)",https://kind.krx.co.kr/disclosure/disclosurebystocktype.do?method=searchDisclosureByStockTypeEtfSub&forward=disclosurebystocktype_etf_sub&currentPageSize=100&pageIndex=1&orderMode=1&orderStat=D&etfIsuSrtCd=&reportCd=&reportTmp=&etfIsuSrtNm=&reportNm=%EC%8B%A0%EA%B7%9C%EC%83%81%EC%9E%A5&fromDate=2018-06-01&toDate=2018-06-30,kind_listing_notice_title,official_notice_pending_isin,2026-08-14T07:26:02+00:00
ACE 국채선물3년인버스,29908,2018-06-08,2018-06-05 10:48,20180605000099,"신규상장(한국투자 KINDEX 국채선물3년인버스증권상장지수투자신탁(채권-파생형), 상장일 2018.06.08)",https://kind.krx.co.kr/disclosure/disclosurebystocktype.do?method=searchDisclosureByStockTypeEtfSub&forward=disclosurebystocktype_etf_sub&currentPageSize=100&pageIndex=1&orderMode=1&orderStat=D&etfIsuSrtCd=&reportCd=&reportTmp=&etfIsuSrtNm=&reportNm=%EC%8B%A0%EA%B7%9C%EC%83%81%EC%9E%A5&fromDate=2018-06-01&toDate=2018-06-30,kind_listing_notice_title,official_notice_pending_isin,2026-08-14T07:26:02+00:00
PLUS 국채선물3년,29834,2018-06-08,2018-06-05 10:48,20180605000100,"신규상장(한화 ARIRANG 국채선물3년증권상장지수투자신탁(채권-파생형), 상장일 2018.06.08)",https://kind.krx.co.kr/disclosure/disclosurebystocktype.do?method=searchDisclosureByStockTypeEtfSub&forward=disclosurebystocktype_etf_sub&currentPageSize=100&pageIndex=1&orderMode=1&orderStat=D&etfIsuSrtCd=&reportCd=&reportTmp=&etfIsuSrtNm=&reportNm=%EC%8B%A0%EA%B7%9C%EC%83%81%EC%9E%A5&fromDate=2018-06-01&toDate=2018-06-30,kind_listing_notice_title,official_notice_pending_isin,2026-08-14T07:26:02+00:00
KODEX FnKorea50,29671,2018-06-08,2018-06-05 13:59,20180605000104,"신규상장(삼성 KODEX FnKorea50증권상장지수투자신탁[주식형], 상장일 2018.06.08)",https://kind.krx.co.kr/disclosure/disclosurebystocktype.do?method=searchDisclosureByStockTypeEtfSub&forward=disclosurebystocktype_etf_sub&currentPageSize=100&pageIndex=1&orderMode=1&orderStat=D&etfIsuSrtCd=&reportCd=&reportTmp=&etfIsuSrtNm=&reportNm=%EC%8B%A0%EA%B7%9C%EC%83%81%EC%9E%A5&fromDate=2018-06-01&toDate=2018-06-30,kind_listing_notice_title,official_notice_pending_isin,2026-08-14T07:26:02+00:00
KODEX 한국대만IT프리미어,29877,2018-06-11,2018-06-08 14:45,20180608000304,"신규상장(삼성 KODEX 한국대만IT프리미어증권상장지수투자신탁[주식-파생형], 상장일 2018.06.11)",https://kind.krx.co.kr/disclosure/disclosurebystocktype.do?method=searchDisclosureByStockTypeEtfSub&forward=disclosurebystocktype_etf_sub&currentPageSize=100&pageIndex=1&orderMode=1&orderStat=D&etfIsuSrtCd=&reportCd=&reportTmp=&etfIsuSrtNm=&reportNm=%EC%8B%A0%EA%B7%9C%EC%83%81%EC%9E%A5&fromDate=2018-06-01&toDate=2018-06-30,kind_listing_notice_title,official_notice_pending_isin,2026-08-14T07:26:02+00:00
PLUS 코스닥150,30140,2018-07-05,2018-07-04 14:37,20180704000114,"신규상장(한화 ARIRANG 코스닥150증권상장지수투자신탁(주식), 상장일 2018.07.05)",https://kind.krx.co.kr/disclosure/disclosurebystocktype.do?method=searchDisclosureByStockTypeEtfSub&forward=disclosurebystocktype_etf_sub&currentPageSize=100&pageIndex=1&orderMode=1&orderStat=D&etfIsuSrtCd=&reportCd=&reportTmp=&etfIsuSrtNm=&reportNm=%EC%8B%A0%EA%B7%9C%EC%83%81%EC%9E%A5&fromDate=2018-07-01&toDate=2018-07-31,kind_listing_notice_title,official_notice_pending_isin,2026-08-14T07:26:02+00:00
ARIRANG 코스피중형주,30144,2018-07-05,2018-07-04 14:36,20180704000115,"신규상장(한화 ARIRANG 코스피중형주증권상장지수투자신탁(주식), 상장일 2018.07.05)",https://kind.krx.co.kr/disclosure/disclosurebystocktype.do?method=searchDisclosureByStockTypeEtfSub&forward=disclosurebystocktype_etf_sub&currentPageSize=100&pageIndex=1&orderMode=1&orderStat=D&etfIsuSrtCd=&reportCd=&reportTmp=&etfIsuSrtNm=&reportNm=%EC%8B%A0%EA%B7%9C%EC%83%81%EC%9E%A5&fromDate=2018-07-01&toDate=2018-07-31,kind_listing_notice_title,official_notice_pending_isin,2026-08-14T07:26:02+00:00
PLUS 코스닥150선물인버스,30141,2018-07-11,2018-07-09 18:10,20180709000536,"신규상장(한화 ARIRANG 코스닥150선물인버스증권상장지수투자신탁(주식-파생형), 상장일 2018.07.11)",https://kind.krx.co.kr/disclosure/disclosurebystocktype.do?method=searchDisclosureByStockTypeEtfSub&forward=disclosurebystocktype_etf_sub&currentPageSize=100&pageIndex=1&orderMode=1&orderStat=D&etfIsuSrtCd=&reportCd=&reportTmp=&etfIsuSrtNm=&reportNm=%EC%8B%A0%EA%B7%9C%EC%83%81%EC%9E%A5&fromDate=2018-07-01&toDate=2018-07-31,kind_listing_notice_title,official_notice_pending_isin,2026-08-14T07:26:02+00:00
KBSTAR 중소형모멘텀로우볼,30028,2018-07-18,2018-07-16 15:21,20180716000098,"신규상장(KB KBSTAR 중소형모멘텀로우볼증권상장지수투자신탁(주식), 상장일 2018.07.18)",https://kind.krx.co.kr/disclosure/disclosurebystocktype.do?method=searchDisclosureByStockTypeEtfSub&forward=disclosurebystocktype_etf_sub&currentPageSize=100&pageIndex=1&orderMode=1&orderStat=D&etfIsuSrtCd=&reportCd=&reportTmp=&etfIsuSrtNm=&reportNm=%EC%8B%A0%EA%B7%9C%EC%83%81%EC%9E%A5&fromDate=2018-07-01&toDate=2018-07-31,kind_listing_notice_title,official_notice_pending_isin,2026-08-14T07:26:02+00:00
KBSTAR 중소형모멘텀밸류,30029,2018-07-18,2018-07-16 15:24,20180716000104,"신규상장(KB KBSTAR 중소형모멘텀밸류증권상장지수투자신탁(주식), 상장일 2018.07.18)",https://kind.krx.co.kr/disclosure/disclosurebystocktype.do?method=searchDisclosureByStockTypeEtfSub&forward=disclosurebystocktype_etf_sub&currentPageSize=100&pageIndex=1&orderMode=1&orderStat=D&etfIsuSrtCd=&reportCd=&reportTmp=&etfIsuSrtNm=&reportNm=%EC%8B%A0%EA%B7%9C%EC%83%81%EC%9E%A5&fromDate=2018-07-01&toDate=2018-07-31,kind_listing_notice_title,official_notice_pending_isin,2026-08-14T07:26:02+00:00
KBSTAR KQ모멘텀로우볼,30030,2018-07-18,2018-07-16 15:25,20180716000109,"신규상장(KB KBSTAR KQ모멘텀로우볼증권상장지수투자신탁(주식), 상장일 2018.07.18)",https://kind.krx.co.kr/disclosure/disclosurebystocktype.do?method=searchDisclosureByStockTypeEtfSub&forward=disclosurebystocktype_etf_sub&currentPageSize=100&pageIndex=1&orderMode=1&orderStat=D&etfIsuSrtCd=&reportCd=&reportTmp=&etfIsuSrtNm=&reportNm=%EC%8B%A0%EA%B7%9C%EC%83%81%EC%9E%A5&fromDate=2018-07-01&toDate=2018-07-31,kind_listing_notice_title,official_notice_pending_isin,2026-08-14T07:26:02+00:00
KBSTAR KQ모멘텀밸류,30031,2018-07-18,2018-07-16 15:26,20180716000114,"신규상장(KB KBSTAR KQ모멘텀밸류증권상장지수투자신탁(주식), 상장일 2018.07.18)",https://kind.krx.co.kr/disclosure/disclosurebystocktype.do?method=searchDisclosureByStockTypeEtfSub&forward=disclosurebystocktype_etf_sub&currentPageSize=100&pageIndex=1&orderMode=1&orderStat=D&etfIsuSrtCd=&reportCd=&reportTmp=&etfIsuSrtNm=&reportNm=%EC%8B%A0%EA%B7%9C%EC%83%81%EC%9E%A5&fromDate=2018-07-01&toDate=2018-07-31,kind_listing_notice_title,official_notice_pending_isin,2026-08-14T07:26:02+00:00
TIGER 중장기국채,30219,2018-07-20,2018-07-18 17:48,20180718000120,"신규상장(미래에셋 TIGER 중장기국채증권상장지수투자신탁(채권-파생형), 상장일 2018.07.20)",https://kind.krx.co.kr/disclosure/disclosurebystocktype.do?method=searchDisclosureByStockTypeEtfSub&forward=disclosurebystocktype_etf_sub&currentPageSize=100&pageIndex=1&orderMode=1&orderStat=D&etfIsuSrtCd=&reportCd=&reportTmp=&etfIsuSrtNm=&reportNm=%EC%8B%A0%EA%B7%9C%EC%83%81%EC%9E%A5&fromDate=2018-07-01&toDate=2018-07-31,kind_listing_notice_title,official_notice_pending_isin,2026-08-14T07:26:02+00:00
TIGER 중장기국채선물인버스,30220,2018-07-20,2018-07-18 17:47,20180718000122,"신규상장(미래에셋 TIGER 중장기국채선물인버스증권상장지수투자신탁(채권-파생형), 상장일 2018.07.20)",https://kind.krx.co.kr/disclosure/disclosurebystocktype.do?method=searchDisclosureByStockTypeEtfSub&forward=disclosurebystocktype_etf_sub&currentPageSize=100&pageIndex=1&orderMode=1&orderStat=D&etfIsuSrtCd=&reportCd=&reportTmp=&etfIsuSrtNm=&reportNm=%EC%8B%A0%EA%B7%9C%EC%83%81%EC%9E%A5&fromDate=2018-07-01&toDate=2018-07-31,kind_listing_notice_title,official_notice_pending_isin,2026-08-14T07:26:02+00:00
TIGER 중장기국채선물인버스2X,30221,2018-07-20,2018-07-18 17:47,20180718000123,"신규상장(미래에셋 TIGER 중장기국채선물인버스2X증권상장지수투자신탁(채권-파생형), 상장일 2018.07.20)",https://kind.krx.co.kr/disclosure/disclosurebystocktype.do?method=searchDisclosureByStockTypeEtfSub&forward=disclosurebystocktype_etf_sub&currentPageSize=100&pageIndex=1&orderMode=1&orderStat=D&etfIsuSrtCd=&reportCd=&reportTmp=&etfIsuSrtNm=&reportNm=%EC%8B%A0%EA%B7%9C%EC%83%81%EC%9E%A5&fromDate=2018-07-01&toDate=2018-07-31,kind_listing_notice_title,official_notice_pending_isin,2026-08-14T07:26:02+00:00
TIGER 국채선물3년인버스,30217,2018-07-20,2018-07-18 17:47,20180718000124,"신규상장(미래에셋 TIGER 국채선물3년인버스증권상장지수투자신탁(채권-파생형), 상장일 2018.07.20)",https://kind.krx.co.kr/disclosure/disclosurebystocktype.do?method=searchDisclosureByStockTypeEtfSub&forward=disclosurebystocktype_etf_sub&currentPageSize=100&pageIndex=1&orderMode=1&orderStat=D&etfIsuSrtCd=&reportCd=&reportTmp=&etfIsuSrtNm=&reportNm=%EC%8B%A0%EA%B7%9C%EC%83%81%EC%9E%A5&fromDate=2018-07-01&toDate=2018-07-31,kind_listing_notice_title,official_notice_pending_isin,2026-08-14T07:26:02+00:00
TIGER 국채선물10년인버스,30218,2018-07-20,2018-07-18 17:46,20180718000125,"신규상장(미래에셋 TIGER 국채선물10년인버스증권상장지수투자신탁(채권-파생형), 상장일 2018.07.20)",https://kind.krx.co.kr/disclosure/disclosurebystocktype.do?method=searchDisclosureByStockTypeEtfSub&forward=disclosurebystocktype_etf_sub&currentPageSize=100&pageIndex=1&orderMode=1&orderStat=D&etfIsuSrtCd=&reportCd=&reportTmp=&etfIsuSrtNm=&reportNm=%EC%8B%A0%EA%B7%9C%EC%83%81%EC%9E%A5&fromDate=2018-07-01&toDate=2018-07-31,kind_listing_notice_title,official_notice_pending_isin,2026-08-14T07:26:02+00:00
RISE 게임테마,30064,2018-07-24,2018-07-20 09:26,20180720000064,"신규상장(KB KBSTAR 게임테마증권상장지수투자신탁(주식), 상장일 2018.07.24)",https://kind.krx.co.kr/disclosure/disclosurebystocktype.do?method=searchDisclosureByStockTypeEtfSub&forward=disclosurebystocktype_etf_sub&currentPageSize=100&pageIndex=1&orderMode=1&orderStat=D&etfIsuSrtCd=&reportCd=&reportTmp=&etfIsuSrtNm=&reportNm=%EC%8B%A0%EA%B7%9C%EC%83%81%EC%9E%A5&fromDate=2018-07-01&toDate=2018-07-31,kind_listing_notice_title,official_notice_pending_isin,2026-08-14T07:26:02+00:00
KODEX 게임산업,30095,2018-07-24,2018-07-20 09:26,20180720000066,"신규상장(삼성 KODEX 게임산업증권상장지수투자신탁[주식형], 상장일 2018.07.24)",https://kind.krx.co.kr/disclosure/disclosurebystocktype.do?method=searchDisclosureByStockTypeEtfSub&forward=disclosurebystocktype_etf_sub&currentPageSize=100&pageIndex=1&orderMode=1&orderStat=D&etfIsuSrtCd=&reportCd=&reportTmp=&etfIsuSrtNm=&reportNm=%EC%8B%A0%EA%B7%9C%EC%83%81%EC%9E%A5&fromDate=2018-07-01&toDate=2018-07-31,kind_listing_notice_title,official_notice_pending_isin,2026-08-14T07:26:02+00:00
TIGER K게임,30061,2018-07-24,2018-07-20 09:26,20180720000073,"신규상장(미래에셋 TIGER K게임증권상장지수투자신탁(주식), 상장일 2018.07.24)",https://kind.krx.co.kr/disclosure/disclosurebystocktype.do?method=searchDisclosureByStockTypeEtfSub&forward=disclosurebystocktype_etf_sub&currentPageSize=100&pageIndex=1&orderMode=1&orderStat=D&etfIsuSrtCd=&reportCd=&reportTmp=&etfIsuSrtNm=&reportNm=%EC%8B%A0%EA%B7%9C%EC%83%81%EC%9E%A5&fromDate=2018-07-01&toDate=2018-07-31,kind_listing_notice_title,official_notice_pending_isin,2026-08-14T07:26:02+00:00
RISE 코스피,30245,2018-07-24,2018-07-20 09:36,20180720000078,"신규상장(KB KBSTAR 코스피증권상장지수투자신탁(주식), 상장일 2018.07.24)",https://kind.krx.co.kr/disclosure/disclosurebystocktype.do?method=searchDisclosureByStockTypeEtfSub&forward=disclosurebystocktype_etf_sub&currentPageSize=100&pageIndex=1&orderMode=1&orderStat=D&etfIsuSrtCd=&reportCd=&reportTmp=&etfIsuSrtNm=&reportNm=%EC%8B%A0%EA%B7%9C%EC%83%81%EC%9E%A5&fromDate=2018-07-01&toDate=2018-07-31,kind_listing_notice_title,official_notice_pending_isin,2026-08-14T07:26:02+00:00
HANARO 200선물레버리지,30478,2018-08-14,2018-08-09 16:02,20180809000234,"신규상장(NH-Amundi HANARO 200선물레버리지증권상장지수투자신탁[주식-파생형], 상장일 2018.08.14)",https://kind.krx.co.kr/disclosure/disclosurebystocktype.do?method=searchDisclosureByStockTypeEtfSub&forward=disclosurebystocktype_etf_sub&currentPageSize=100&pageIndex=1&orderMode=1&orderStat=D&etfIsuSrtCd=&reportCd=&reportTmp=&etfIsuSrtNm=&reportNm=%EC%8B%A0%EA%B7%9C%EC%83%81%EC%9E%A5&fromDate=2018-08-01&toDate=2018-08-31,kind_listing_notice_title,official_notice_pending_isin,2026-08-14T07:26:02+00:00
HANARO KRX300,30476,2018-08-14,2018-08-09 16:02,20180809000235,"신규상장(NH-Amundi HANARO KRX300증권상장지수투자신탁[주식], 상장일 2018.08.14)",https://kind.krx.co.kr/disclosure/disclosurebystocktype.do?method=searchDisclosureByStockTypeEtfSub&forward=disclosurebystocktype_etf_sub&currentPageSize=100&pageIndex=1&orderMode=1&orderStat=D&etfIsuSrtCd=&reportCd=&reportTmp=&etfIsuSrtNm=&reportNm=%EC%8B%A0%EA%B7%9C%EC%83%81%EC%9E%A5&fromDate=2018-08-01&toDate=2018-08-31,kind_listing_notice_title,official_notice_pending_isin,2026-08-14T07:26:02+00:00
HANARO 코스닥150,30477,2018-08-14,2018-08-09 16:02,20180809000236,"신규상장(NH-Amundi HANARO 코스닥150증권상장지수투자신탁[주식], 상장일 2018.08.14)",https://kind.krx.co.kr/disclosure/disclosurebystocktype.do?method=searchDisclosureByStockTypeEtfSub&forward=disclosurebystocktype_etf_sub&currentPageSize=100&pageIndex=1&orderMode=1&orderStat=D&etfIsuSrtCd=&reportCd=&reportTmp=&etfIsuSrtNm=&reportNm=%EC%8B%A0%EA%B7%9C%EC%83%81%EC%9E%A5&fromDate=2018-08-01&toDate=2018-08-31,kind_listing_notice_title,official_notice_pending_isin,2026-08-14T07:26:02+00:00
KODEX 미국나스닥100선물(H),30494,2018-08-30,2018-08-28 17:38,20180828000030,"신규상장(삼성 KODEX 미국나스닥100선물증권상장지수투자신탁[주식-파생형](H), 상장일 2018.08.30)",https://kind.krx.co.kr/disclosure/disclosurebystocktype.do?method=searchDisclosureByStockTypeEtfSub&forward=disclosurebystocktype_etf_sub&currentPageSize=100&pageIndex=1&orderMode=1&orderStat=D&etfIsuSrtCd=&reportCd=&reportTmp=&etfIsuSrtNm=&reportNm=%EC%8B%A0%EA%B7%9C%EC%83%81%EC%9E%A5&fromDate=2018-08-01&toDate=2018-08-31,kind_listing_notice_title,official_notice_pending_isin,2026-08-14T07:26:02+00:00
TIGER 미국채10년선물,30508,2018-08-30,2018-08-28 17:38,20180828000261,"신규상장(미래에셋TIGER미국채10년선물증권상장지수투자신탁(채권-파생형), 상장일 2018.08.30)",https://kind.krx.co.kr/disclosure/disclosurebystocktype.do?method=searchDisclosureByStockTypeEtfSub&forward=disclosurebystocktype_etf_sub&currentPageSize=100&pageIndex=1&orderMode=1&orderStat=D&etfIsuSrtCd=&reportCd=&reportTmp=&etfIsuSrtNm=&reportNm=%EC%8B%A0%EA%B7%9C%EC%83%81%EC%9E%A5&fromDate=2018-08-01&toDate=2018-08-31,kind_listing_notice_title,official_notice_pending_isin,2026-08-14T07:26:02+00:00
TIGER 2차전지테마,30554,2018-09-12,2018-09-10 16:20,20180910000227,"신규상장(미래에셋 TIGER 2차전지테마증권상장지수투자신탁(주식), 상장일 2018.09.12)",https://kind.krx.co.kr/disclosure/disclosurebystocktype.do?method=searchDisclosureByStockTypeEtfSub&forward=disclosurebystocktype_etf_sub&currentPageSize=100&pageIndex=1&orderMode=1&orderStat=D&etfIsuSrtCd=&reportCd=&reportTmp=&etfIsuSrtNm=&reportNm=%EC%8B%A0%EA%B7%9C%EC%83%81%EC%9E%A5&fromDate=2018-09-01&toDate=2018-09-30,kind_listing_notice_title,official_notice_pending_isin,2026-08-14T07:26:02+00:00
KODEX 2차전지산업,30572,2018-09-12,2018-09-10 16:20,20180910000234,"신규상장(삼성 KODEX 2차전지산업증권상장지수투자신탁[주식형], 상장일 2018.09.12)",https://kind.krx.co.kr/disclosure/disclosurebystocktype.do?method=searchDisclosureByStockTypeEtfSub&forward=disclosurebystocktype_etf_sub&currentPageSize=100&pageIndex=1&orderMode=1&orderStat=D&etfIsuSrtCd=&reportCd=&reportTmp=&etfIsuSrtNm=&reportNm=%EC%8B%A0%EA%B7%9C%EC%83%81%EC%9E%A5&fromDate=2018-09-01&toDate=2018-09-30,kind_listing_notice_title,official_notice_pending_isin,2026-08-14T07:26:02+00:00
KODEX 미국30년국채울트라선물(H),30466,2018-09-12,2018-09-10 16:20,20180910000355,"신규상장(삼성 KODEX 미국채울트라30년선물증권상장지수투자신탁[채권-파생형](H), 상장일 2018.09.12)",https://kind.krx.co.kr/disclosure/disclosurebystocktype.do?method=searchDisclosureByStockTypeEtfSub&forward=disclosurebystocktype_etf_sub&currentPageSize=100&pageIndex=1&orderMode=1&orderStat=D&etfIsuSrtCd=&reportCd=&reportTmp=&etfIsuSrtNm=&reportNm=%EC%8B%A0%EA%B7%9C%EC%83%81%EC%9E%A5&fromDate=2018-09-01&toDate=2018-09-30,kind_listing_notice_title,official_notice_pending_isin,2026-08-14T07:26:02+00:00
KODEX 미국30년국채울트라선물인버스(H),30467,2018-09-12,2018-09-10 16:20,20180910000356,"신규상장(삼성 KODEX 미국채울트라30년선물인버스증권상장지수투자신탁[채권-파생형](H), 상장일 2018.09.12)",https://kind.krx.co.kr/disclosure/disclosurebystocktype.do?method=searchDisclosureByStockTypeEtfSub&forward=disclosurebystocktype_etf_sub&currentPageSize=100&pageIndex=1&orderMode=1&orderStat=D&etfIsuSrtCd=&reportCd=&reportTmp=&etfIsuSrtNm=&reportNm=%EC%8B%A0%EA%B7%9C%EC%83%81%EC%9E%A5&fromDate=2018-09-01&toDate=2018-09-30,kind_listing_notice_title,official_notice_pending_isin,2026-08-14T07:26:02+00:00
HANARO 단기통안채,30654,2018-09-18,2018-09-14 17:36,20180914000496,"신규상장(NH-Amundi HANARO 단기통안채증권상장지수투자신탁(채권), 상장일 2018.09.18)",https://kind.krx.co.kr/disclosure/disclosurebystocktype.do?method=searchDisclosureByStockTypeEtfSub&forward=disclosurebystocktype_etf_sub&currentPageSize=100&pageIndex=1&orderMode=1&orderStat=D&etfIsuSrtCd=&reportCd=&reportTmp=&etfIsuSrtNm=&reportNm=%EC%8B%A0%EA%B7%9C%EC%83%81%EC%9E%A5&fromDate=2018-09-01&toDate=2018-09-30,kind_listing_notice_title,official_notice_pending_isin,2026-08-14T07:26:02+00:00
HANARO 200선물인버스,30652,2018-09-18,2018-09-14 17:36,20180914000512,"신규상장(NH-Amundi HANARO 200선물인버스증권상장지수투자신탁(주식-파생형), 상장일 2018.09.18)",https://kind.krx.co.kr/disclosure/disclosurebystocktype.do?method=searchDisclosureByStockTypeEtfSub&forward=disclosurebystocktype_etf_sub&currentPageSize=100&pageIndex=1&orderMode=1&orderStat=D&etfIsuSrtCd=&reportCd=&reportTmp=&etfIsuSrtNm=&reportNm=%EC%8B%A0%EA%B7%9C%EC%83%81%EC%9E%A5&fromDate=2018-09-01&toDate=2018-09-30,kind_listing_notice_title,official_notice_pending_isin,2026-08-14T07:26:02+00:00
HANARO 코스닥150선물레버리지,30653,2018-09-18,2018-09-14 17:36,20180914000513,"신규상장(NH-Amundi HANARO 코스닥150선물레버리지증권상장지수투자신탁(주식-파생형), 상장일 2018.09.18)",https://kind.krx.co.kr/disclosure/disclosurebystocktype.do?method=searchDisclosureByStockTypeEtfSub&forward=disclosurebystocktype_etf_sub&currentPageSize=100&pageIndex=1&orderMode=1&orderStat=D&etfIsuSrtCd=&reportCd=&reportTmp=&etfIsuSrtNm=&reportNm=%EC%8B%A0%EA%B7%9C%EC%83%81%EC%9E%A5&fromDate=2018-09-01&toDate=2018-09-30,kind_listing_notice_title,official_notice_pending_isin,2026-08-14T07:26:02+00:00
ACE 코스피,30505,2018-10-05,2018-10-01 17:55,20181001000674,"신규상장(한국투자 KINDEX 코스피증권상장지수투자신탁(주식), 상장일 2018.10.05)",https://kind.krx.co.kr/disclosure/disclosurebystocktype.do?method=searchDisclosureByStockTypeEtfSub&forward=disclosurebystocktype_etf_sub&currentPageSize=100&pageIndex=1&orderMode=1&orderStat=D&etfIsuSrtCd=&reportCd=&reportTmp=&etfIsuSrtNm=&reportNm=%EC%8B%A0%EA%B7%9C%EC%83%81%EC%9E%A5&fromDate=2018-10-01&toDate=2018-10-31,kind_listing_notice_title,official_notice_pending_isin,2026-08-14T07:26:02+00:00
KODEX KRX300레버리지,30695,2018-10-16,2018-10-12 14:26,20181012000179,"신규상장(삼성 KODEX KRX300레버리지증권상장지수투자신탁[주식-파생형], 상장일 2018.10.16)",https://kind.krx.co.kr/disclosure/disclosurebystocktype.do?method=searchDisclosureByStockTypeEtfSub&forward=disclosurebystocktype_etf_sub&currentPageSize=100&pageIndex=1&orderMode=1&orderStat=D&etfIsuSrtCd=&reportCd=&reportTmp=&etfIsuSrtNm=&reportNm=%EC%8B%A0%EA%B7%9C%EC%83%81%EC%9E%A5&fromDate=2018-10-01&toDate=2018-10-31,kind_listing_notice_title,official_notice_pending_isin,2026-08-14T07:26:02+00:00
KODEX KRX300선물인버스,30696,2018-10-16,2018-10-12 14:26,20181012000180,"신규상장(삼성 KODEX KRX300선물인버스증권상장지수투자신탁[주식-파생형], 상장일 2018.10.16)",https://kind.krx.co.kr/disclosure/disclosurebystocktype.do?method=searchDisclosureByStockTypeEtfSub&forward=disclosurebystocktype_etf_sub&currentPageSize=100&pageIndex=1&orderMode=1&orderStat=D&etfIsuSrtCd=&reportCd=&reportTmp=&etfIsuSrtNm=&reportNm=%EC%8B%A0%EA%B7%9C%EC%83%81%EC%9E%A5&fromDate=2018-10-01&toDate=2018-10-31,kind_listing_notice_title,official_notice_pending_isin,2026-08-14T07:26:02+00:00
KBSTAR KRX300레버리지,30701,2018-10-16,2018-10-12 14:25,20181012000181,"신규상장(KB KBSTAR KRX300레버리지증권상장지수투자신탁(주식-파생형), 상장일 2018.10.16)",https://kind.krx.co.kr/disclosure/disclosurebystocktype.do?method=searchDisclosureByStockTypeEtfSub&forward=disclosurebystocktype_etf_sub&currentPageSize=100&pageIndex=1&orderMode=1&orderStat=D&etfIsuSrtCd=&reportCd=&reportTmp=&etfIsuSrtNm=&reportNm=%EC%8B%A0%EA%B7%9C%EC%83%81%EC%9E%A5&fromDate=2018-10-01&toDate=2018-10-31,kind_listing_notice_title,official_notice_pending_isin,2026-08-14T07:26:02+00:00
KBSTAR KRX300선물인버스,30702,2018-10-16,2018-10-12 14:25,20181012000182,"신규상장(KB KBSTAR KRX300선물인버스증권상장지수투자신탁(주식-파생형), 상장일 2018.10.16)",https://kind.krx.co.kr/disclosure/disclosurebystocktype.do?method=searchDisclosureByStockTypeEtfSub&forward=disclosurebystocktype_etf_sub&currentPageSize=100&pageIndex=1&orderMode=1&orderStat=D&etfIsuSrtCd=&reportCd=&reportTmp=&etfIsuSrtNm=&reportNm=%EC%8B%A0%EA%B7%9C%EC%83%81%EC%9E%A5&fromDate=2018-10-01&toDate=2018-10-31,kind_listing_notice_title,official_notice_pending_isin,2026-08-14T07:26:02+00:00
TIGER KRX300레버리지,30761,2018-10-16,2018-10-12 14:25,20181012000183,"신규상장(미래에셋 TIGER KRX300레버리지증권상장지수투자신탁(주식-파생형), 상장일 2018.10.16)",https://kind.krx.co.kr/disclosure/disclosurebystocktype.do?method=searchDisclosureByStockTypeEtfSub&forward=disclosurebystocktype_etf_sub&currentPageSize=100&pageIndex=1&orderMode=1&orderStat=D&etfIsuSrtCd=&reportCd=&reportTmp=&etfIsuSrtNm=&reportNm=%EC%8B%A0%EA%B7%9C%EC%83%81%EC%9E%A5&fromDate=2018-10-01&toDate=2018-10-31,kind_listing_notice_title,official_notice_pending_isin,2026-08-14T07:26:02+00:00
TIGER KRX300선물인버스,30762,2018-10-16,2018-10-12 14:25,20181012000184,"신규상장(미래에셋 TIGER KRX300선물인버스증권상장지수투자신탁(주식-파생형), 상장일 2018.10.16)",https://kind.krx.co.kr/disclosure/disclosurebystocktype.do?method=searchDisclosureByStockTypeEtfSub&forward=disclosurebystocktype_etf_sub&currentPageSize=100&pageIndex=1&orderMode=1&orderStat=D&etfIsuSrtCd=&reportCd=&reportTmp=&etfIsuSrtNm=&reportNm=%EC%8B%A0%EA%B7%9C%EC%83%81%EC%9E%A5&fromDate=2018-10-01&toDate=2018-10-31,kind_listing_notice_title,official_notice_pending_isin,2026-08-14T07:26:02+00:00
KODEX 미국10년국채선물,30862,2018-10-19,2018-10-18 15:40,20181018000304,"신규상장(삼성 KODEX 미국채10년선물증권상장지수투자신탁[채권-파생형], 상장일 2018.10.19)",https://kind.krx.co.kr/disclosure/disclosurebystocktype.do?method=searchDisclosureByStockTypeEtfSub&forward=disclosurebystocktype_etf_sub&currentPageSize=100&pageIndex=1&orderMode=1&orderStat=D&etfIsuSrtCd=&reportCd=&reportTmp=&etfIsuSrtNm=&reportNm=%EC%8B%A0%EA%B7%9C%EC%83%81%EC%9E%A5&fromDate=2018-10-01&toDate=2018-10-31,kind_listing_notice_title,official_notice_pending_isin,2026-08-14T07:26:02+00:00
ACE 미국WideMoat동일가중,30923,2018-10-25,2018-10-23 17:19,20181023000528,"신규상장(한국투자 KINDEX 미국WideMoat가치주증권상장지수투자신탁(주식), 상장일 2018.10.25)",https://kind.krx.co.kr/disclosure/disclosurebystocktype.do?method=searchDisclosureByStockTypeEtfSub&forward=disclosurebystocktype_etf_sub&currentPageSize=100&pageIndex=1&orderMode=1&orderStat=D&etfIsuSrtCd=&reportCd=&reportTmp=&etfIsuSrtNm=&reportNm=%EC%8B%A0%EA%B7%9C%EC%83%81%EC%9E%A5&fromDate=2018-10-01&toDate=2018-10-31,kind_listing_notice_title,official_notice_pending_isin,2026-08-14T07:26:02+00:00
TIGER 의료기기,30751,2018-11-08,2018-11-05 16:44,20181105000299,"신규상장(미래에셋 TIGER 의료기기증권상장지수투자신탁(주식), 상장일 2018.11.08)",https://kind.krx.co.kr/disclosure/disclosurebystocktype.do?method=searchDisclosureByStockTypeEtfSub&forward=disclosurebystocktype_etf_sub&currentPageSize=100&pageIndex=1&orderMode=1&orderStat=D&etfIsuSrtCd=&reportCd=&reportTmp=&etfIsuSrtNm=&reportNm=%EC%8B%A0%EA%B7%9C%EC%83%81%EC%9E%A5&fromDate=2018-11-01&toDate=2018-11-30,kind_listing_notice_title,official_notice_pending_isin,2026-08-14T07:26:02+00:00
TIGER 지주회사,30752,2018-11-08,2018-11-05 16:43,20181105000307,"신규상장(미래에셋 TIGER 지주회사증권상장지수투자신탁(주식), 상장일 2018.11.08)",https://kind.krx.co.kr/disclosure/disclosurebystocktype.do?method=searchDisclosureByStockTypeEtfSub&forward=disclosurebystocktype_etf_sub&currentPageSize=100&pageIndex=1&orderMode=1&orderStat=D&etfIsuSrtCd=&reportCd=&reportTmp=&etfIsuSrtNm=&reportNm=%EC%8B%A0%EA%B7%9C%EC%83%81%EC%9E%A5&fromDate=2018-11-01&toDate=2018-11-30,kind_listing_notice_title,official_notice_pending_isin,2026-08-14T07:26:02+00:00
ARIRANG KRX300IT,30917,2018-11-08,2018-11-05 16:43,20181105000324,"신규상장(한화 ARIRANG KRX300 IT증권상장지수투자신탁(주식), 상장일 2018.11.08)",https://kind.krx.co.kr/disclosure/disclosurebystocktype.do?method=searchDisclosureByStockTypeEtfSub&forward=disclosurebystocktype_etf_sub&currentPageSize=100&pageIndex=1&orderMode=1&orderStat=D&etfIsuSrtCd=&reportCd=&reportTmp=&etfIsuSrtNm=&reportNm=%EC%8B%A0%EA%B7%9C%EC%83%81%EC%9E%A5&fromDate=2018-11-01&toDate=2018-11-30,kind_listing_notice_title,official_notice_pending_isin,2026-08-14T07:26:02+00:00
ARIRANG KRX300자유소비재,30920,2018-11-08,2018-11-05 16:43,20181105000325,"신규상장(한화 ARIRANG KRX300자유소비재증권상장지수투자신탁(주식), 상장일 2018.11.08)",https://kind.krx.co.kr/disclosure/disclosurebystocktype.do?method=searchDisclosureByStockTypeEtfSub&forward=disclosurebystocktype_etf_sub&currentPageSize=100&pageIndex=1&orderMode=1&orderStat=D&etfIsuSrtCd=&reportCd=&reportTmp=&etfIsuSrtNm=&reportNm=%EC%8B%A0%EA%B7%9C%EC%83%81%EC%9E%A5&fromDate=2018-11-01&toDate=2018-11-30,kind_listing_notice_title,official_notice_pending_isin,2026-08-14T07:26:02+00:00
ARIRANG KRX300금융,30918,2018-11-08,2018-11-05 16:43,20181105000326,"신규상장(한화 ARIRANG KRX300금융증권상장지수투자신탁(주식), 상장일 2018.11.08)",https://kind.krx.co.kr/disclosure/disclosurebystocktype.do?method=searchDisclosureByStockTypeEtfSub&forward=disclosurebystocktype_etf_sub&currentPageSize=100&pageIndex=1&orderMode=1&orderStat=D&etfIsuSrtCd=&reportCd=&reportTmp=&etfIsuSrtNm=&reportNm=%EC%8B%A0%EA%B7%9C%EC%83%81%EC%9E%A5&fromDate=2018-11-01&toDate=2018-11-30,kind_listing_notice_title,official_notice_pending_isin,2026-08-14T07:26:02+00:00
ARIRANG KRX300산업재,30919,2018-11-08,2018-11-05 16:43,20181105000327,"신규상장(한화 ARIRANG KRX300산업재증권상장지수투자신탁(주식), 상장일 2018.11.08)",https://kind.krx.co.kr/disclosure/disclosurebystocktype.do?method=searchDisclosureByStockTypeEtfSub&forward=disclosurebystocktype_etf_sub&currentPageSize=100&pageIndex=1&orderMode=1&orderStat=D&etfIsuSrtCd=&reportCd=&reportTmp=&etfIsuSrtNm=&reportNm=%EC%8B%A0%EA%B7%9C%EC%83%81%EC%9E%A5&fromDate=2018-11-01&toDate=2018-11-30,kind_listing_notice_title,official_notice_pending_isin,2026-08-14T07:26:02+00:00
ARIRANG KRX300헬스케어,30921,2018-11-08,2018-11-05 16:43,20181105000328,"신규상장(한화 ARIRANG KRX300헬스케어증권상장지수투자신탁(주식), 상장일 2018.11.08)",https://kind.krx.co.kr/disclosure/disclosurebystocktype.do?method=searchDisclosureByStockTypeEtfSub&forward=disclosurebystocktype_etf_sub&currentPageSize=100&pageIndex=1&orderMode=1&orderStat=D&etfIsuSrtCd=&reportCd=&reportTmp=&etfIsuSrtNm=&reportNm=%EC%8B%A0%EA%B7%9C%EC%83%81%EC%9E%A5&fromDate=2018-11-01&toDate=2018-11-30,kind_listing_notice_title,official_notice_pending_isin,2026-08-14T07:26:02+00:00
TIGER 200TR,31096,2018-11-20,2018-11-19 14:26,20181119000120,"신규상장(미래에셋 TIGER 200 Total Return 증권상장지수투자신탁(주식), 상장일 2018.11.20)",https://kind.krx.co.kr/disclosure/disclosurebystocktype.do?method=searchDisclosureByStockTypeEtfSub&forward=disclosurebystocktype_etf_sub&currentPageSize=100&pageIndex=1&orderMode=1&orderStat=D&etfIsuSrtCd=&reportCd=&reportTmp=&etfIsuSrtNm=&reportNm=%EC%8B%A0%EA%B7%9C%EC%83%81%EC%9E%A5&fromDate=2018-11-01&toDate=2018-11-30,kind_listing_notice_title,official_notice_pending_isin,2026-08-14T07:26:02+00:00
TIGER MSCI Korea TR,31097,2018-11-20,2018-11-19 14:26,20181119000121,"신규상장(미래에셋 TIGER MSCI Korea Total Return 증권상장지수투자신탁(주식), 상장일 2018.11.20)",https://kind.krx.co.kr/disclosure/disclosurebystocktype.do?method=searchDisclosureByStockTypeEtfSub&forward=disclosurebystocktype_etf_sub&currentPageSize=100&pageIndex=1&orderMode=1&orderStat=D&etfIsuSrtCd=&reportCd=&reportTmp=&etfIsuSrtNm=&reportNm=%EC%8B%A0%EA%B7%9C%EC%83%81%EC%9E%A5&fromDate=2018-11-01&toDate=2018-11-30,kind_listing_notice_title,official_notice_pending_isin,2026-08-14T07:26:02+00:00
RISE 중국MSCI China(H),31008,2018-11-28,2018-11-26 17:48,20181126000610,"신규상장(KB KBSTAR 중국MSCIChina증권상장지수투자신탁(주식-파생형)(H), 상장일 2018.11.28)",https://kind.krx.co.kr/disclosure/disclosurebystocktype.do?method=searchDisclosureByStockTypeEtfSub&forward=disclosurebystocktype_etf_sub&currentPageSize=100&pageIndex=1&orderMode=1&orderStat=D&etfIsuSrtCd=&reportCd=&reportTmp=&etfIsuSrtNm=&reportNm=%EC%8B%A0%EA%B7%9C%EC%83%81%EC%9E%A5&fromDate=2018-11-01&toDate=2018-11-30,kind_listing_notice_title,official_notice_pending_isin,2026-08-14T07:26:02+00:00
HANARO 농업융복합산업,31470,2018-12-21,2018-12-18 16:49,20181218000189,"신규상장(NH-Amundi HANARO 농업융복합산업증권상장지수투자신탁(주식), 상장일 2018.12.21)",https://kind.krx.co.kr/disclosure/disclosurebystocktype.do?method=searchDisclosureByStockTypeEtfSub&forward=disclosurebystocktype_etf_sub&currentPageSize=100&pageIndex=1&orderMode=1&orderStat=D&etfIsuSrtCd=&reportCd=&reportTmp=&etfIsuSrtNm=&reportNm=%EC%8B%A0%EA%B7%9C%EC%83%81%EC%9E%A5&fromDate=2018-12-01&toDate=2018-12-31,kind_listing_notice_title,official_notice_pending_isin,2026-08-14T07:26:02+00:00
KODEX 미국빅테크10(H),31425,2019-01-10,2019-01-08 14:01,20190108000293,"신규상장(삼성 KODEX 미국FANG플러스증권상장지수투자신탁[주식-파생형](H), 상장일 2019.01.10)",https://kind.krx.co.kr/disclosure/disclosurebystocktype.do?method=searchDisclosureByStockTypeEtfSub&forward=disclosurebystocktype_etf_sub&currentPageSize=100&pageIndex=1&orderMode=1&orderStat=D&etfIsuSrtCd=&reportCd=&reportTmp=&etfIsuSrtNm=&reportNm=%EC%8B%A0%EA%B7%9C%EC%83%81%EC%9E%A5&fromDate=2019-01-01&toDate=2019-01-31,kind_listing_notice_title,official_notice_pending_isin,2026-08-14T07:26:02+00:00
TIGER 200커뮤니케이션서비스,31527,2019-01-15,2019-01-11 17:23,20190111000581,"신규상장(미래에셋 TIGER 200커뮤니케이션서비스증권상장지수투자신탁(주식), 상장일 2019.01.15)",https://kind.krx.co.kr/disclosure/disclosurebystocktype.do?method=searchDisclosureByStockTypeEtfSub&forward=disclosurebystocktype_etf_sub&currentPageSize=100&pageIndex=1&orderMode=1&orderStat=D&etfIsuSrtCd=&reportCd=&reportTmp=&etfIsuSrtNm=&reportNm=%EC%8B%A0%EA%B7%9C%EC%83%81%EC%9E%A5&fromDate=2019-01-01&toDate=2019-01-31,kind_listing_notice_title,official_notice_pending_isin,2026-08-14T07:26:02+00:00
KBSTAR 200커뮤니케이션서비스,31548,2019-01-15,2019-01-11 17:23,20190111000584,"신규상장(KB KBSTAR 200커뮤니케이션서비스증권상장지수투자신탁(주식), 상장일 2019.01.15)",https://kind.krx.co.kr/disclosure/disclosurebystocktype.do?method=searchDisclosureByStockTypeEtfSub&forward=disclosurebystocktype_etf_sub&currentPageSize=100&pageIndex=1&orderMode=1&orderStat=D&etfIsuSrtCd=&reportCd=&reportTmp=&etfIsuSrtNm=&reportNm=%EC%8B%A0%EA%B7%9C%EC%83%81%EC%9E%A5&fromDate=2019-01-01&toDate=2019-01-31,kind_listing_notice_title,official_notice_pending_isin,2026-08-14T07:26:02+00:00
KODEX Top5PlusTR,31593,2019-01-22,2019-01-17 14:35,20190117000212,"신규상장(삼성 KODEX Top5PlusTotal Return증권상장지수투자신탁[주식형], 상장일 2019.01.22)",https://kind.krx.co.kr/disclosure/disclosurebystocktype.do?method=searchDisclosureByStockTypeEtfSub&forward=disclosurebystocktype_etf_sub&currentPageSize=100&pageIndex=1&orderMode=1&orderStat=D&etfIsuSrtCd=&reportCd=&reportTmp=&etfIsuSrtNm=&reportNm=%EC%8B%A0%EA%B7%9C%EC%83%81%EC%9E%A5&fromDate=2019-01-01&toDate=2019-01-31,kind_listing_notice_title,official_notice_pending_isin,2026-08-14T07:26:02+00:00
RISE 대형고배당10TR,31596,2019-01-22,2019-01-17 14:35,20190117000216,"신규상장(KB KBSTAR 대형고배당10TR증권상장지수투자신탁(주식), 상장일 2019.01.22)",https://kind.krx.co.kr/disclosure/disclosurebystocktype.do?method=searchDisclosureByStockTypeEtfSub&forward=disclosurebystocktype_etf_sub&currentPageSize=100&pageIndex=1&orderMode=1&orderStat=D&etfIsuSrtCd=&reportCd=&reportTmp=&etfIsuSrtNm=&reportNm=%EC%8B%A0%EA%B7%9C%EC%83%81%EC%9E%A5&fromDate=2019-01-01&toDate=2019-01-31,kind_listing_notice_title,official_notice_pending_isin,2026-08-14T07:26:02+00:00
KIWOOM 코스닥150,31667,2019-01-22,2019-01-17 16:04,20190117000285,"신규상장(키움 KOSEF 코스닥150증권상장지수투자신탁[주식], 상장일 2019.01.22)",https://kind.krx.co.kr/disclosure/disclosurebystocktype.do?method=searchDisclosureByStockTypeEtfSub&forward=disclosurebystocktype_etf_sub&currentPageSize=100&pageIndex=1&orderMode=1&orderStat=D&etfIsuSrtCd=&reportCd=&reportTmp=&etfIsuSrtNm=&reportNm=%EC%8B%A0%EA%B7%9C%EC%83%81%EC%9E%A5&fromDate=2019-01-01&toDate=2019-01-31,kind_listing_notice_title,official_notice_pending_isin,2026-08-14T07:26:02+00:00
ACE 싱가포르리츠,31630,2019-01-29,2019-01-25 16:03,20190125000325,"신규상장(한국투자 KINDEX 싱가포르리츠부동산상장지수투자신탁(재간접형), 상장일 2019.01.29)",https://kind.krx.co.kr/disclosure/disclosurebystocktype.do?method=searchDisclosureByStockTypeEtfSub&forward=disclosurebystocktype_etf_sub&currentPageSize=100&pageIndex=1&orderMode=1&orderStat=D&etfIsuSrtCd=&reportCd=&reportTmp=&etfIsuSrtNm=&reportNm=%EC%8B%A0%EA%B7%9C%EC%83%81%EC%9E%A5&fromDate=2019-01-01&toDate=2019-01-31,kind_listing_notice_title,official_notice_pending_isin,2026-08-14T07:26:02+00:00
KBSTAR KRX300미국달러선물혼합,31987,2019-03-19,2019-03-14 18:08,20190314000535,"신규상장(KB KBSTAR KRX300미국달러선물혼합자산상장지수투자신탁(혼합-파생형), 상장일 2019.03.19)",https://kind.krx.co.kr/disclosure/disclosurebystocktype.do?method=searchDisclosureByStockTypeEtfSub&forward=disclosurebystocktype_etf_sub&currentPageSize=100&pageIndex=1&orderMode=1&orderStat=D&etfIsuSrtCd=&reportCd=&reportTmp=&etfIsuSrtNm=&reportNm=%EC%8B%A0%EA%B7%9C%EC%83%81%EC%9E%A5&fromDate=2019-03-01&toDate=2019-03-31,kind_listing_notice_title,official_notice_pending_isin,2026-08-14T07:26:02+00:00
TIGER 골드선물(H),31964,2019-04-09,2019-04-04 17:10,20190404000350,"신규상장(미래에셋 TIGER 골드선물특별자산상장지수투자신탁(금-파생형)(H), 상장일 2019.04.09)",https://kind.krx.co.kr/disclosure/disclosurebystocktype.do?method=searchDisclosureByStockTypeEtfSub&forward=disclosurebystocktype_etf_sub&currentPageSize=100&pageIndex=1&orderMode=1&orderStat=D&etfIsuSrtCd=&reportCd=&reportTmp=&etfIsuSrtNm=&reportNm=%EC%8B%A0%EA%B7%9C%EC%83%81%EC%9E%A5&fromDate=2019-04-01&toDate=2019-04-30,kind_listing_notice_title,official_notice_pending_isin,2026-08-14T07:26:02+00:00
ACE 스마트퀄리티,32212,2019-04-16,2019-04-12 17:03,20190412000188,"신규상장(한국투자 KINDEX 스마트퀄리티증권상장지수투자신탁(주식), 상장일 2019.04.16)",https://kind.krx.co.kr/disclosure/disclosurebystocktype.do?method=searchDisclosureByStockTypeEtfSub&forward=disclosurebystocktype_etf_sub&currentPageSize=100&pageIndex=1&orderMode=1&orderStat=D&etfIsuSrtCd=&reportCd=&reportTmp=&etfIsuSrtNm=&reportNm=%EC%8B%A0%EA%B7%9C%EC%83%81%EC%9E%A5&fromDate=2019-04-01&toDate=2019-04-30,kind_listing_notice_title,official_notice_pending_isin,2026-08-14T07:26:02+00:00
ACE 스마트로우볼,32213,2019-04-16,2019-04-12 17:03,20190412000189,"신규상장(한국투자 KINDEX 스마트로우볼증권상장지수투자신탁(주식), 상장일 2019.04.16)",https://kind.krx.co.kr/disclosure/disclosurebystocktype.do?method=searchDisclosureByStockTypeEtfSub&forward=disclosurebystocktype_etf_sub&currentPageSize=100&pageIndex=1&orderMode=1&orderStat=D&etfIsuSrtCd=&reportCd=&reportTmp=&etfIsuSrtNm=&reportNm=%EC%8B%A0%EA%B7%9C%EC%83%81%EC%9E%A5&fromDate=2019-04-01&toDate=2019-04-30,kind_listing_notice_title,official_notice_pending_isin,2026-08-14T07:26:02+00:00
ACE 스마트하이베타,32215,2019-04-16,2019-04-12 17:03,20190412000190,"신규상장(한국투자 KINDEX 스마트하이베타증권상장지수투자신탁(주식), 상장일 2019.04.16)",https://kind.krx.co.kr/disclosure/disclosurebystocktype.do?method=searchDisclosureByStockTypeEtfSub&forward=disclosurebystocktype_etf_sub&currentPageSize=100&pageIndex=1&orderMode=1&orderStat=D&etfIsuSrtCd=&reportCd=&reportTmp=&etfIsuSrtNm=&reportNm=%EC%8B%A0%EA%B7%9C%EC%83%81%EC%9E%A5&fromDate=2019-04-01&toDate=2019-04-30,kind_listing_notice_title,official_notice_pending_isin,2026-08-14T07:26:02+00:00
HANARO e커머스,32240,2019-04-23,2019-04-18 15:17,20190418000370,"신규상장(NH-Amundi HANARO e커머스증권상장지수투자신탁[주식], 상장일 2019.04.23)",https://kind.krx.co.kr/disclosure/disclosurebystocktype.do?method=searchDisclosureByStockTypeEtfSub&forward=disclosurebystocktype_etf_sub&currentPageSize=100&pageIndex=1&orderMode=1&orderStat=D&etfIsuSrtCd=&reportCd=&reportTmp=&etfIsuSrtNm=&reportNm=%EC%8B%A0%EA%B7%9C%EC%83%81%EC%9E%A5&fromDate=2019-04-01&toDate=2019-04-30,kind_listing_notice_title,official_notice_pending_isin,2026-08-14T07:26:02+00:00
HANARO K고배당,32241,2019-04-23,2019-04-18 15:17,20190418000373,"신규상장(NH-Amundi HANARO 고배당증권상장지수투자신탁[주식], 상장일 2019.04.23)",https://kind.krx.co.kr/disclosure/disclosurebystocktype.do?method=searchDisclosureByStockTypeEtfSub&forward=disclosurebystocktype_etf_sub&currentPageSize=100&pageIndex=1&orderMode=1&orderStat=D&etfIsuSrtCd=&reportCd=&reportTmp=&etfIsuSrtNm=&reportNm=%EC%8B%A0%EA%B7%9C%EC%83%81%EC%9E%A5&fromDate=2019-04-01&toDate=2019-04-30,kind_listing_notice_title,official_notice_pending_isin,2026-08-14T07:26:02+00:00
KODEX Fn성장,32501,2019-05-31,2019-05-29 17:48,20190529000463,"신규상장(삼성 KODEX Fn성장증권상장지수투자신탁[주식형], 상장일 2019.05.31)",https://kind.krx.co.kr/disclosure/disclosurebystocktype.do?method=searchDisclosureByStockTypeEtfSub&forward=disclosurebystocktype_etf_sub&currentPageSize=100&pageIndex=1&orderMode=1&orderStat=D&etfIsuSrtCd=&reportCd=&reportTmp=&etfIsuSrtNm=&reportNm=%EC%8B%A0%EA%B7%9C%EC%83%81%EC%9E%A5&fromDate=2019-05-01&toDate=2019-05-31,kind_listing_notice_title,official_notice_pending_isin,2026-08-14T07:26:02+00:00
KODEX 배당가치,32502,2019-05-31,2019-05-29 17:48,20190529000479,"신규상장(삼성 KODEX 배당가치증권상장지수투자신탁[주식형], 상장일 2019.05.31)",https://kind.krx.co.kr/disclosure/disclosurebystocktype.do?method=searchDisclosureByStockTypeEtfSub&forward=disclosurebystocktype_etf_sub&currentPageSize=100&pageIndex=1&orderMode=1&orderStat=D&etfIsuSrtCd=&reportCd=&reportTmp=&etfIsuSrtNm=&reportNm=%EC%8B%A0%EA%B7%9C%EC%83%81%EC%9E%A5&fromDate=2019-05-01&toDate=2019-05-31,kind_listing_notice_title,official_notice_pending_isin,2026-08-14T07:26:02+00:00
KODEX 멀티에셋하이인컴(H),32141,2019-06-05,2019-06-03 17:36,20190603000598,"신규상장(삼성 KODEX모닝스타멀티에셋하이인컴증권상장지수투자신탁[채권혼합-파생재간접형](H), 상장일 2019.06.05)",https://kind.krx.co.kr/disclosure/disclosurebystocktype.do?method=searchDisclosureByStockTypeEtfSub&forward=disclosurebystocktype_etf_sub&currentPageSize=100&pageIndex=1&orderMode=1&orderStat=D&etfIsuSrtCd=&reportCd=&reportTmp=&etfIsuSrtNm=&reportNm=%EC%8B%A0%EA%B7%9C%EC%83%81%EC%9E%A5&fromDate=2019-06-01&toDate=2019-06-30,kind_listing_notice_title,official_notice_pending_isin,2026-08-14T07:26:02+00:00
RISE IT플러스,32624,2019-06-20,2019-06-18 14:59,20190618000102,"신규상장(KB KBSTAR IT플러스증권상장지수투자신탁(주식), 상장일 2019.06.20)",https://kind.krx.co.kr/disclosure/disclosurebystocktype.do?method=searchDisclosureByStockTypeEtfSub&forward=disclosurebystocktype_etf_sub&currentPageSize=100&pageIndex=1&orderMode=1&orderStat=D&etfIsuSrtCd=&reportCd=&reportTmp=&etfIsuSrtNm=&reportNm=%EC%8B%A0%EA%B7%9C%EC%83%81%EC%9E%A5&fromDate=2019-06-01&toDate=2019-06-30,kind_listing_notice_title,official_notice_pending_isin,2026-08-14T07:26:02+00:00
RISE 내수주플러스,32623,2019-06-20,2019-06-18 14:59,20190618000104,"신규상장(KB KBSTAR 내수주플러스증권상장지수투자신탁(주식), 상장일 2019.06.20)",https://kind.krx.co.kr/disclosure/disclosurebystocktype.do?method=searchDisclosureByStockTypeEtfSub&forward=disclosurebystocktype_etf_sub&currentPageSize=100&pageIndex=1&orderMode=1&orderStat=D&etfIsuSrtCd=&reportCd=&reportTmp=&etfIsuSrtNm=&reportNm=%EC%8B%A0%EA%B7%9C%EC%83%81%EC%9E%A5&fromDate=2019-06-01&toDate=2019-06-30,kind_listing_notice_title,official_notice_pending_isin,2026-08-14T07:26:02+00:00
PLUS 코스피TR,32837,2019-06-25,2019-06-24 15:33,20190624000322,"신규상장(한화 ARIRANG 코스피TotalReturn증권상장지수투자신탁(주식), 상장일 2019.06.25)",https://kind.krx.co.kr/disclosure/disclosurebystocktype.do?method=searchDisclosureByStockTypeEtfSub&forward=disclosurebystocktype_etf_sub&currentPageSize=100&pageIndex=1&orderMode=1&orderStat=D&etfIsuSrtCd=&reportCd=&reportTmp=&etfIsuSrtNm=&reportNm=%EC%8B%A0%EA%B7%9C%EC%83%81%EC%9E%A5&fromDate=2019-06-01&toDate=2019-06-30,kind_listing_notice_title,official_notice_pending_isin,2026-08-14T07:26:02+00:00
KODEX TRF7030,32967,2019-07-04,2019-07-03 17:53,20190703000759,"신규상장(삼성 KODEX TRF7030증권상장지수투자신탁[주식혼합-재간접], 상장일 2019.07.04)",https://kind.krx.co.kr/disclosure/disclosurebystocktype.do?method=searchDisclosureByStockTypeEtfSub&forward=disclosurebystocktype_etf_sub&currentPageSize=100&pageIndex=1&orderMode=1&orderStat=D&etfIsuSrtCd=&reportCd=&reportTmp=&etfIsuSrtNm=&reportNm=%EC%8B%A0%EA%B7%9C%EC%83%81%EC%9E%A5&fromDate=2019-07-01&toDate=2019-07-31,kind_listing_notice_title,official_notice_pending_isin,2026-08-14T07:26:02+00:00
KODEX TRF3070,32965,2019-07-04,2019-07-03 17:53,20190703000773,"신규상장(삼성 KODEX TRF3070증권상장지수투자신탁[채권혼합], 상장일 2019.07.04)",https://kind.krx.co.kr/disclosure/disclosurebystocktype.do?method=searchDisclosureByStockTypeEtfSub&forward=disclosurebystocktype_etf_sub&currentPageSize=100&pageIndex=1&orderMode=1&orderStat=D&etfIsuSrtCd=&reportCd=&reportTmp=&etfIsuSrtNm=&reportNm=%EC%8B%A0%EA%B7%9C%EC%83%81%EC%9E%A5&fromDate=2019-07-01&toDate=2019-07-31,kind_listing_notice_title,official_notice_pending_isin,2026-08-14T07:26:02+00:00
KODEX TRF5050,32966,2019-07-04,2019-07-03 17:53,20190703000789,"신규상장(삼성 KODEX TRF5050증권상장지수투자신탁[주식혼합-재간접], 상장일 2019.07.04)",https://kind.krx.co.kr/disclosure/disclosurebystocktype.do?method=searchDisclosureByStockTypeEtfSub&forward=disclosurebystocktype_etf_sub&currentPageSize=100&pageIndex=1&orderMode=1&orderStat=D&etfIsuSrtCd=&reportCd=&reportTmp=&etfIsuSrtNm=&reportNm=%EC%8B%A0%EA%B7%9C%EC%83%81%EC%9E%A5&fromDate=2019-07-01&toDate=2019-07-31,kind_listing_notice_title,official_notice_pending_isin,2026-08-14T07:26:02+00:00
TIGER 리츠부동산인프라,32920,2019-07-19,2019-07-18 17:43,20190718000488,"신규상장(미래에셋 TIGER 부동산인프라고배당혼합자산상장지수투자신탁(재간접형), 상장일 2019.07.19)",https://kind.krx.co.kr/disclosure/disclosurebystocktype.do?method=searchDisclosureByStockTypeEtfSub&forward=disclosurebystocktype_etf_sub&currentPageSize=100&pageIndex=1&orderMode=1&orderStat=D&etfIsuSrtCd=&reportCd=&reportTmp=&etfIsuSrtNm=&reportNm=%EC%8B%A0%EA%B7%9C%EC%83%81%EC%9E%A5&fromDate=2019-07-01&toDate=2019-07-31,kind_listing_notice_title,official_notice_pending_isin,2026-08-14T07:26:02+00:00
TIGER 미국달러단기채권액티브,32975,2019-07-24,2019-07-22 18:05,20190722000635,"신규상장(미래에셋 TIGER 미국달러단기채권액티브증권상장지수투자신탁(채권-파생형), 상장일 2019.07.24)",https://kind.krx.co.kr/disclosure/disclosurebystocktype.do?method=searchDisclosureByStockTypeEtfSub&forward=disclosurebystocktype_etf_sub&currentPageSize=100&pageIndex=1&orderMode=1&orderStat=D&etfIsuSrtCd=&reportCd=&reportTmp=&etfIsuSrtNm=&reportNm=%EC%8B%A0%EA%B7%9C%EC%83%81%EC%9E%A5&fromDate=2019-07-01&toDate=2019-07-31,kind_listing_notice_title,official_notice_pending_isin,2026-08-14T07:26:02+00:00
KOSEF Fn중소형,33191,2019-08-13,2019-08-09 16:55,20190809000620,"신규상장(키움 KOSEF Fn중소형증권상장지수투자신탁[주식], 상장일 2019.08.13)",https://kind.krx.co.kr/disclosure/disclosurebystocktype.do?method=searchDisclosureByStockTypeEtfSub&forward=disclosurebystocktype_etf_sub&currentPageSize=100&pageIndex=1&orderMode=1&orderStat=D&etfIsuSrtCd=&reportCd=&reportTmp=&etfIsuSrtNm=&reportNm=%EC%8B%A0%EA%B7%9C%EC%83%81%EC%9E%A5&fromDate=2019-08-01&toDate=2019-08-31,kind_listing_notice_title,official_notice_pending_isin,2026-08-14T07:26:02+00:00
PLUS 미국단기회사채(AAA~A),33261,2019-08-20,2019-08-16 13:20,20190816000113,"신규상장(한화 ARIRANG 미국단기우량회사채증권상장지수투자신탁(채권), 상장일 2019.08.20)",https://kind.krx.co.kr/disclosure/disclosurebystocktype.do?method=searchDisclosureByStockTypeEtfSub&forward=disclosurebystocktype_etf_sub&currentPageSize=100&pageIndex=1&orderMode=1&orderStat=D&etfIsuSrtCd=&reportCd=&reportTmp=&etfIsuSrtNm=&reportNm=%EC%8B%A0%EA%B7%9C%EC%83%81%EC%9E%A5&fromDate=2019-08-01&toDate=2019-08-31,kind_listing_notice_title,official_notice_pending_isin,2026-08-14T07:26:02+00:00
PLUS 미국장기우량회사채,33262,2019-08-20,2019-08-16 13:20,20190816000115,"신규상장(한화 ARIRANG 미국장기우량회사채증권상장지수투자신탁(채권), 상장일 2019.08.20)",https://kind.krx.co.kr/disclosure/disclosurebystocktype.do?method=searchDisclosureByStockTypeEtfSub&forward=disclosurebystocktype_etf_sub&currentPageSize=100&pageIndex=1&orderMode=1&orderStat=D&etfIsuSrtCd=&reportCd=&reportTmp=&etfIsuSrtNm=&reportNm=%EC%8B%A0%EA%B7%9C%EC%83%81%EC%9E%A5&fromDate=2019-08-01&toDate=2019-08-31,kind_listing_notice_title,official_notice_pending_isin,2026-08-14T07:26:02+00:00
HANARO 200TR,33293,2019-08-28,2019-08-23 15:58,20190823000233,"신규상장(NH-Amundi HANARO 200Total Return증권상장지수투자신탁(주식), 상장일 2019.08.28)",https://kind.krx.co.kr/disclosure/disclosurebystocktype.do?method=searchDisclosureByStockTypeEtfSub&forward=disclosurebystocktype_etf_sub&currentPageSize=100&pageIndex=1&orderMode=1&orderStat=D&etfIsuSrtCd=&reportCd=&reportTmp=&etfIsuSrtNm=&reportNm=%EC%8B%A0%EA%B7%9C%EC%83%81%EC%9E%A5&fromDate=2019-08-01&toDate=2019-08-31,kind_listing_notice_title,official_notice_pending_isin,2026-08-14T07:26:02+00:00
HANARO MSCI Korea TR,33294,2019-08-28,2019-08-23 15:57,20190823000234,"신규상장(NH-Amundi HANARO MSCI Korea Total Return증권상장지수투자신탁(주식), 상장일 2019.08.28)",https://kind.krx.co.kr/disclosure/disclosurebystocktype.do?method=searchDisclosureByStockTypeEtfSub&forward=disclosurebystocktype_etf_sub&currentPageSize=100&pageIndex=1&orderMode=1&orderStat=D&etfIsuSrtCd=&reportCd=&reportTmp=&etfIsuSrtNm=&reportNm=%EC%8B%A0%EA%B7%9C%EC%83%81%EC%9E%A5&fromDate=2019-08-01&toDate=2019-08-31,kind_listing_notice_title,official_notice_pending_isin,2026-08-14T07:26:02+00:00
ACE 200TR,33250,2019-08-28,2019-08-23 15:57,20190823000235,"신규상장(한국투자 KINDEX 200Total Return증권상장지수투자신탁(주식), 상장일 2019.08.28)",https://kind.krx.co.kr/disclosure/disclosurebystocktype.do?method=searchDisclosureByStockTypeEtfSub&forward=disclosurebystocktype_etf_sub&currentPageSize=100&pageIndex=1&orderMode=1&orderStat=D&etfIsuSrtCd=&reportCd=&reportTmp=&etfIsuSrtNm=&reportNm=%EC%8B%A0%EA%B7%9C%EC%83%81%EC%9E%A5&fromDate=2019-08-01&toDate=2019-08-31,kind_listing_notice_title,official_notice_pending_isin,2026-08-14T07:26:02+00:00
PLUS KS로우볼가중TR,33394,2019-09-05,2019-09-03 14:19,20190903000108,"신규상장(한화 ARIRANG KS로우볼가중 Total Return 증권상장지수투자신탁(주식), 상장일 2019.09.05)",https://kind.krx.co.kr/disclosure/disclosurebystocktype.do?method=searchDisclosureByStockTypeEtfSub&forward=disclosurebystocktype_etf_sub&currentPageSize=100&pageIndex=1&orderMode=1&orderStat=D&etfIsuSrtCd=&reportCd=&reportTmp=&etfIsuSrtNm=&reportNm=%EC%8B%A0%EA%B7%9C%EC%83%81%EC%9E%A5&fromDate=2019-09-01&toDate=2019-09-30,kind_listing_notice_title,official_notice_pending_isin,2026-08-14T07:26:02+00:00
PLUS KS로우사이즈가중TR,33395,2019-09-05,2019-09-03 14:20,20190903000109,"신규상장(한화 ARIRANG KS로우사이즈가중 Total Return 증권상장지수투자신탁(주식), 상장일 2019.09.05)",https://kind.krx.co.kr/disclosure/disclosurebystocktype.do?method=searchDisclosureByStockTypeEtfSub&forward=disclosurebystocktype_etf_sub&currentPageSize=100&pageIndex=1&orderMode=1&orderStat=D&etfIsuSrtCd=&reportCd=&reportTmp=&etfIsuSrtNm=&reportNm=%EC%8B%A0%EA%B7%9C%EC%83%81%EC%9E%A5&fromDate=2019-09-01&toDate=2019-09-30,kind_listing_notice_title,official_notice_pending_isin,2026-08-14T07:26:02+00:00
PLUS KS모멘텀가중TR,33396,2019-09-05,2019-09-03 14:20,20190903000110,"신규상장(한화 ARIRANG KS모멘텀가중 Total Return 증권상장지수투자신탁(주식), 상장일 2019.09.05)",https://kind.krx.co.kr/disclosure/disclosurebystocktype.do?method=searchDisclosureByStockTypeEtfSub&forward=disclosurebystocktype_etf_sub&currentPageSize=100&pageIndex=1&orderMode=1&orderStat=D&etfIsuSrtCd=&reportCd=&reportTmp=&etfIsuSrtNm=&reportNm=%EC%8B%A0%EA%B7%9C%EC%83%81%EC%9E%A5&fromDate=2019-09-01&toDate=2019-09-30,kind_listing_notice_title,official_notice_pending_isin,2026-08-14T07:26:02+00:00
PLUS KS밸류가중TR,33397,2019-09-05,2019-09-03 14:19,20190903000111,"신규상장(한화 ARIRANG KS밸류가중 Total Return 증권상장지수투자신탁(주식), 상장일 2019.09.05)",https://kind.krx.co.kr/disclosure/disclosurebystocktype.do?method=searchDisclosureByStockTypeEtfSub&forward=disclosurebystocktype_etf_sub&currentPageSize=100&pageIndex=1&orderMode=1&orderStat=D&etfIsuSrtCd=&reportCd=&reportTmp=&etfIsuSrtNm=&reportNm=%EC%8B%A0%EA%B7%9C%EC%83%81%EC%9E%A5&fromDate=2019-09-01&toDate=2019-09-30,kind_listing_notice_title,official_notice_pending_isin,2026-08-14T07:26:02+00:00
PLUS KS퀄리티가중TR,33398,2019-09-05,2019-09-03 14:19,20190903000112,"신규상장(한화 ARIRANG KS퀄리티가중 Total Return 증권상장지수투자신탁(주식), 상장일 2019.09.05)",https://kind.krx.co.kr/disclosure/disclosurebystocktype.do?method=searchDisclosureByStockTypeEtfSub&forward=disclosurebystocktype_etf_sub&currentPageSize=100&pageIndex=1&orderMode=1&orderStat=D&etfIsuSrtCd=&reportCd=&reportTmp=&etfIsuSrtNm=&reportNm=%EC%8B%A0%EA%B7%9C%EC%83%81%EC%9E%A5&fromDate=2019-09-01&toDate=2019-09-30,kind_listing_notice_title,official_notice_pending_isin,2026-08-14T07:26:02+00:00
RISE 팔라듐선물(H),33469,2019-09-24,2019-09-20 18:16,20190920000480,"신규상장(KB KBSTAR 팔라듐선물특별자산상장지수투자신탁(파생형)(H), 상장일 2019.09.24)",https://kind.krx.co.kr/disclosure/disclosurebystocktype.do?method=searchDisclosureByStockTypeEtfSub&forward=disclosurebystocktype_etf_sub&currentPageSize=100&pageIndex=1&orderMode=1&orderStat=D&etfIsuSrtCd=&reportCd=&reportTmp=&etfIsuSrtNm=&reportNm=%EC%8B%A0%EA%B7%9C%EC%83%81%EC%9E%A5&fromDate=2019-09-01&toDate=2019-09-30,kind_listing_notice_title,official_notice_pending_isin,2026-08-14T07:26:02+00:00
RISE 팔라듐선물인버스(H),33470,2019-09-24,2019-09-20 18:16,20190920000482,"신규상장(KB KBSTAR 팔라듐선물인버스특별자산상장지수투자신탁(파생형)(H), 상장일 2019.09.24)",https://kind.krx.co.kr/disclosure/disclosurebystocktype.do?method=searchDisclosureByStockTypeEtfSub&forward=disclosurebystocktype_etf_sub&currentPageSize=100&pageIndex=1&orderMode=1&orderStat=D&etfIsuSrtCd=&reportCd=&reportTmp=&etfIsuSrtNm=&reportNm=%EC%8B%A0%EA%B7%9C%EC%83%81%EC%9E%A5&fromDate=2019-09-01&toDate=2019-09-30,kind_listing_notice_title,official_notice_pending_isin,2026-08-14T07:26:02+00:00
RISE 금융채액티브,33616,2019-10-29,2019-10-28 14:52,20191028000090,"신규상장(KB KBSTAR 금융채액티브증권상장지수투자신탁(채권), 상장일 2019.10.29)",https://kind.krx.co.kr/disclosure/disclosurebystocktype.do?method=searchDisclosureByStockTypeEtfSub&forward=disclosurebystocktype_etf_sub&currentPageSize=100&pageIndex=1&orderMode=1&orderStat=D&etfIsuSrtCd=&reportCd=&reportTmp=&etfIsuSrtNm=&reportNm=%EC%8B%A0%EA%B7%9C%EC%83%81%EC%9E%A5&fromDate=2019-10-01&toDate=2019-10-31,kind_listing_notice_title,official_notice_pending_isin,2026-08-14T07:26:02+00:00
KODEX 200ESG,33716,2019-11-14,2019-11-12 17:51,20191112000550,"신규상장(삼성 KODEX 200ESG증권상장지수투자신탁[주식], 상장일 2019.11.14)",https://kind.krx.co.kr/disclosure/disclosurebystocktype.do?method=searchDisclosureByStockTypeEtfSub&forward=disclosurebystocktype_etf_sub&currentPageSize=100&pageIndex=1&orderMode=1&orderStat=D&etfIsuSrtCd=&reportCd=&reportTmp=&etfIsuSrtNm=&reportNm=%EC%8B%A0%EA%B7%9C%EC%83%81%EC%9E%A5&fromDate=2019-11-01&toDate=2019-11-30,kind_listing_notice_title,official_notice_pending_isin,2026-08-14T07:26:02+00:00
KODEX 200exTOP,33715,2019-11-14,2019-11-12 17:51,20191112000551,"신규상장(삼성 KODEX 200exTOP증권상장지수투자신탁[주식], 상장일 2019.11.14)",https://kind.krx.co.kr/disclosure/disclosurebystocktype.do?method=searchDisclosureByStockTypeEtfSub&forward=disclosurebystocktype_etf_sub&currentPageSize=100&pageIndex=1&orderMode=1&orderStat=D&etfIsuSrtCd=&reportCd=&reportTmp=&etfIsuSrtNm=&reportNm=%EC%8B%A0%EA%B7%9C%EC%83%81%EC%9E%A5&fromDate=2019-11-01&toDate=2019-11-30,kind_listing_notice_title,official_notice_pending_isin,2026-08-14T07:26:02+00:00
KODEX 코스피대형주,33714,2019-11-14,2019-11-12 17:51,20191112000552,"신규상장(삼성 KODEX 코스피대형주증권상장지수투자신탁[주식], 상장일 2019.11.14)",https://kind.krx.co.kr/disclosure/disclosurebystocktype.do?method=searchDisclosureByStockTypeEtfSub&forward=disclosurebystocktype_etf_sub&currentPageSize=100&pageIndex=1&orderMode=1&orderStat=D&etfIsuSrtCd=&reportCd=&reportTmp=&etfIsuSrtNm=&reportNm=%EC%8B%A0%EA%B7%9C%EC%83%81%EC%9E%A5&fromDate=2019-11-01&toDate=2019-11-30,kind_listing_notice_title,official_notice_pending_isin,2026-08-14T07:26:02+00:00
KODEX 멀티팩터,33712,2019-11-14,2019-11-12 17:51,20191112000554,"신규상장(삼성 KODEX Fn멀티팩터증권상장지수투자신탁[주식], 상장일 2019.11.14)",https://kind.krx.co.kr/disclosure/disclosurebystocktype.do?method=searchDisclosureByStockTypeEtfSub&forward=disclosurebystocktype_etf_sub&currentPageSize=100&pageIndex=1&orderMode=1&orderStat=D&etfIsuSrtCd=&reportCd=&reportTmp=&etfIsuSrtNm=&reportNm=%EC%8B%A0%EA%B7%9C%EC%83%81%EC%9E%A5&fromDate=2019-11-01&toDate=2019-11-30,kind_listing_notice_title,official_notice_pending_isin,2026-08-14T07:26:02+00:00
KBSTAR KRX국채선물3년10년스티프너,34250,2019-12-19,2019-12-17 15:49,20191217000236,"신규상장(KB KBSTAR KRX국채선물3년10년스티프너증권상장지수투자신탁(채권-파생형), 상장일 2019.12.19)",https://kind.krx.co.kr/disclosure/disclosurebystocktype.do?method=searchDisclosureByStockTypeEtfSub&forward=disclosurebystocktype_etf_sub&currentPageSize=100&pageIndex=1&orderMode=1&orderStat=D&etfIsuSrtCd=&reportCd=&reportTmp=&etfIsuSrtNm=&reportNm=%EC%8B%A0%EA%B7%9C%EC%83%81%EC%9E%A5&fromDate=2019-12-01&toDate=2019-12-31,kind_listing_notice_title,official_notice_pending_isin,2026-08-14T07:26:02+00:00
KBSTAR KRX국채선물3년10년스티프너2X,34260,2019-12-19,2019-12-17 15:49,20191217000237,"신규상장(KB KBSTAR KRX국채선물3년10년스티프너2X증권상장지수투자신탁(채권-파생형), 상장일 2019.12.19)",https://kind.krx.co.kr/disclosure/disclosurebystocktype.do?method=searchDisclosureByStockTypeEtfSub&forward=disclosurebystocktype_etf_sub&currentPageSize=100&pageIndex=1&orderMode=1&orderStat=D&etfIsuSrtCd=&reportCd=&reportTmp=&etfIsuSrtNm=&reportNm=%EC%8B%A0%EA%B7%9C%EC%83%81%EC%9E%A5&fromDate=2019-12-01&toDate=2019-12-31,kind_listing_notice_title,official_notice_pending_isin,2026-08-14T07:26:02+00:00
KBSTAR KRX국채선물3년10년플래트너,34261,2019-12-19,2019-12-17 15:49,20191217000238,"신규상장(KB KBSTAR KRX국채선물3년10년플래트너증권상장지수투자신탁(채권-파생형), 상장일 2019.12.19)",https://kind.krx.co.kr/disclosure/disclosurebystocktype.do?method=searchDisclosureByStockTypeEtfSub&forward=disclosurebystocktype_etf_sub&currentPageSize=100&pageIndex=1&orderMode=1&orderStat=D&etfIsuSrtCd=&reportCd=&reportTmp=&etfIsuSrtNm=&reportNm=%EC%8B%A0%EA%B7%9C%EC%83%81%EC%9E%A5&fromDate=2019-12-01&toDate=2019-12-31,kind_listing_notice_title,official_notice_pending_isin,2026-08-14T07:26:02+00:00
KBSTAR KRX국채선물3년10년플래트너2X,34262,2019-12-19,2019-12-17 15:49,20191217000241,"신규상장(KB KBSTAR KRX국채선물3년10년플래트너2X증권상장지수투자신탁(채권-파생형), 상장일 2019.12.19)",https://kind.krx.co.kr/disclosure/disclosurebystocktype.do?method=searchDisclosureByStockTypeEtfSub&forward=disclosurebystocktype_etf_sub&currentPageSize=100&pageIndex=1&orderMode=1&orderStat=D&etfIsuSrtCd=&reportCd=&reportTmp=&etfIsuSrtNm=&reportNm=%EC%8B%A0%EA%B7%9C%EC%83%81%EC%9E%A5&fromDate=2019-12-01&toDate=2019-12-31,kind_listing_notice_title,official_notice_pending_isin,2026-08-14T07:26:02+00:00
ACE 싱가포르리츠채권혼합모닝스타,34214,2019-12-27,2019-12-24 15:33,20191224000138,"신규상장(한국투자KINDEX모닝스타싱가포르리츠30증권상장지수투자신탁(채권파생-혼합형), 상장일 2019.12.27)",https://kind.krx.co.kr/disclosure/disclosurebystocktype.do?method=searchDisclosureByStockTypeEtfSub&forward=disclosurebystocktype_etf_sub&currentPageSize=100&pageIndex=1&orderMode=1&orderStat=D&etfIsuSrtCd=&reportCd=&reportTmp=&etfIsuSrtNm=&reportNm=%EC%8B%A0%EA%B7%9C%EC%83%81%EC%9E%A5&fromDate=2019-12-01&toDate=2019-12-31,kind_listing_notice_title,official_notice_pending_isin,2026-08-14T07:26:02+00:00
HANARO KAP초장기국고채,34600,2020-01-16,2020-01-14 16:59,20200114000109,"신규상장(NH-Amundi HANARO KAP 초장기국고채증권상장지수투자신탁(채권-파생형), 상장일 2020.01.16)",https://kind.krx.co.kr/disclosure/disclosurebystocktype.do?method=searchDisclosureByStockTypeEtfSub&forward=disclosurebystocktype_etf_sub&currentPageSize=100&pageIndex=1&orderMode=1&orderStat=D&etfIsuSrtCd=&reportCd=&reportTmp=&etfIsuSrtNm=&reportNm=%EC%8B%A0%EA%B7%9C%EC%83%81%EC%9E%A5&fromDate=2020-01-01&toDate=2020-01-31,kind_listing_notice_title,official_notice_pending_isin,2026-08-14T07:26:02+00:00
ACE 코스닥150,35450,2020-05-07,2020-05-04 17:43,20200504000446,"신규상장(한국투자 KINDEX 코스닥150증권상장지수투자신탁(주식), 상장일 2020.05.07)",https://kind.krx.co.kr/disclosure/disclosurebystocktype.do?method=searchDisclosureByStockTypeEtfSub&forward=disclosurebystocktype_etf_sub&currentPageSize=100&pageIndex=1&orderMode=1&orderStat=D&etfIsuSrtCd=&reportCd=&reportTmp=&etfIsuSrtNm=&reportNm=%EC%8B%A0%EA%B7%9C%EC%83%81%EC%9E%A5&fromDate=2020-05-01&toDate=2020-05-31,kind_listing_notice_title,official_notice_pending_isin,2026-08-14T07:26:02+00:00
HANARO 글로벌럭셔리S&P(합성),35435,2020-05-12,2020-05-11 11:08,20200511000138,"신규상장(NH-Amundi HANARO 글로벌럭셔리S&P 증권상장지수투자신탁(주식-파생형)(합성), 상장일 2020.05.12)",https://kind.krx.co.kr/disclosure/disclosurebystocktype.do?method=searchDisclosureByStockTypeEtfSub&forward=disclosurebystocktype_etf_sub&currentPageSize=100&pageIndex=1&orderMode=1&orderStat=D&etfIsuSrtCd=&reportCd=&reportTmp=&etfIsuSrtNm=&reportNm=%EC%8B%A0%EA%B7%9C%EC%83%81%EC%9E%A5&fromDate=2020-05-01&toDate=2020-05-31,kind_listing_notice_title,official_notice_pending_isin,2026-08-14T07:26:02+00:00
KODEX 미국부동산리츠(H),35256,2020-05-13,2020-05-11 18:19,20200511000543,"신규상장(삼성 KODEX 다우존스미국리츠부동산상장지수투자신탁[REITs-파생재간접형](H), 상장일 2020.05.13)",https://kind.krx.co.kr/disclosure/disclosurebystocktype.do?method=searchDisclosureByStockTypeEtfSub&forward=disclosurebystocktype_etf_sub&currentPageSize=100&pageIndex=1&orderMode=1&orderStat=D&etfIsuSrtCd=&reportCd=&reportTmp=&etfIsuSrtNm=&reportNm=%EC%8B%A0%EA%B7%9C%EC%83%81%EC%9E%A5&fromDate=2020-05-01&toDate=2020-05-31,kind_listing_notice_title,official_notice_pending_isin,2026-08-14T07:26:02+00:00
KODEX 일본부동산리츠(H),35254,2020-05-13,2020-05-11 18:19,20200511000546,"신규상장(삼성 KODEX TSE일본리츠부동산상장지수투자신탁[REITs-파생재간접형](H), 상장일 2020.05.13)",https://kind.krx.co.kr/disclosure/disclosurebystocktype.do?method=searchDisclosureByStockTypeEtfSub&forward=disclosurebystocktype_etf_sub&currentPageSize=100&pageIndex=1&orderMode=1&orderStat=D&etfIsuSrtCd=&reportCd=&reportTmp=&etfIsuSrtNm=&reportNm=%EC%8B%A0%EA%B7%9C%EC%83%81%EC%9E%A5&fromDate=2020-05-01&toDate=2020-05-31,kind_listing_notice_title,official_notice_pending_isin,2026-08-14T07:26:02+00:00
RISE 미국고정배당우선증권,35424,2020-05-19,2020-05-15 15:52,20200515001049,"신규상장(KB KBSTAR 미국고정배당우선증권ICE TR증권상장지수투자신탁(주식혼합), 상장일 2020.05.19)",https://kind.krx.co.kr/disclosure/disclosurebystocktype.do?method=searchDisclosureByStockTypeEtfSub&forward=disclosurebystocktype_etf_sub&currentPageSize=100&pageIndex=1&orderMode=1&orderStat=D&etfIsuSrtCd=&reportCd=&reportTmp=&etfIsuSrtNm=&reportNm=%EC%8B%A0%EA%B7%9C%EC%83%81%EC%9E%A5&fromDate=2020-05-01&toDate=2020-05-31,kind_listing_notice_title,official_notice_pending_isin,2026-08-14T07:26:02+00:00
TIGER 리츠부동산인프라채권 KIS,34185,2020-05-22,2020-05-20 17:55,20200520000412,"신규상장(미래에셋 TIGER KIS부동산인프라채권TotalReturn부동산상장지수투자신탁(재간접형), 상장일 2020.05.22)",https://kind.krx.co.kr/disclosure/disclosurebystocktype.do?method=searchDisclosureByStockTypeEtfSub&forward=disclosurebystocktype_etf_sub&currentPageSize=100&pageIndex=1&orderMode=1&orderStat=D&etfIsuSrtCd=&reportCd=&reportTmp=&etfIsuSrtNm=&reportNm=%EC%8B%A0%EA%B7%9C%EC%83%81%EC%9E%A5&fromDate=2020-05-01&toDate=2020-05-31,kind_listing_notice_title,official_notice_pending_isin,2026-08-14T07:26:02+00:00
TIGER CD금리투자KIS(합성),35787,2020-07-07,2020-07-06 09:29,20200706000072,"신규상장(미래에셋 TIGER CD금리투자KIS특별자산상장지수투자신탁(CD-파생형)(합성), 상장일 2020.07.07)",https://kind.krx.co.kr/disclosure/disclosurebystocktype.do?method=searchDisclosureByStockTypeEtfSub&forward=disclosurebystocktype_etf_sub&currentPageSize=100&pageIndex=1&orderMode=1&orderStat=D&etfIsuSrtCd=&reportCd=&reportTmp=&etfIsuSrtNm=&reportNm=%EC%8B%A0%EA%B7%9C%EC%83%81%EC%9E%A5&fromDate=2020-07-01&toDate=2020-07-31,kind_listing_notice_title,official_notice_pending_isin,2026-08-14T07:26:02+00:00
ACE 종합채권(AA-이상)액티브,35654,2020-07-21,2020-07-17 13:14,20200717000108,"신규상장(한국투자 KINDEX KIS종합채권(AA-이상)액티브증권상장지수투자신탁(채권), 상장일 2020.07.21)",https://kind.krx.co.kr/disclosure/disclosurebystocktype.do?method=searchDisclosureByStockTypeEtfSub&forward=disclosurebystocktype_etf_sub&currentPageSize=100&pageIndex=1&orderMode=1&orderStat=D&etfIsuSrtCd=&reportCd=&reportTmp=&etfIsuSrtNm=&reportNm=%EC%8B%A0%EA%B7%9C%EC%83%81%EC%9E%A5&fromDate=2020-07-01&toDate=2020-07-31,kind_listing_notice_title,official_notice_pending_isin,2026-08-14T07:26:02+00:00
KODEX 코스피TR,35921,2020-07-21,2020-07-17 13:15,20200717000114,"신규상장(삼성 KODEX 코스피TotalReturn증권상장지수투자신탁[주식], 상장일 2020.07.21)",https://kind.krx.co.kr/disclosure/disclosurebystocktype.do?method=searchDisclosureByStockTypeEtfSub&forward=disclosurebystocktype_etf_sub&currentPageSize=100&pageIndex=1&orderMode=1&orderStat=D&etfIsuSrtCd=&reportCd=&reportTmp=&etfIsuSrtNm=&reportNm=%EC%8B%A0%EA%B7%9C%EC%83%81%EC%9E%A5&fromDate=2020-07-01&toDate=2020-07-31,kind_listing_notice_title,official_notice_pending_isin,2026-08-14T07:26:02+00:00
ACE 미국S&P500,36020,2020-08-07,2020-08-06 13:28,20200806000157,"신규상장(한국투자 KINDEX 미국S&P500증권상장지수투자신탁(주식), 상장일 2020.08.07)",https://kind.krx.co.kr/disclosure/disclosurebystocktype.do?method=searchDisclosureByStockTypeEtfSub&forward=disclosurebystocktype_etf_sub&currentPageSize=100&pageIndex=1&orderMode=1&orderStat=D&etfIsuSrtCd=&reportCd=&reportTmp=&etfIsuSrtNm=&reportNm=%EC%8B%A0%EA%B7%9C%EC%83%81%EC%9E%A5&fromDate=2020-08-01&toDate=2020-08-31,kind_listing_notice_title,official_notice_pending_isin,2026-08-14T07:26:02+00:00
TIGER 미국S&P500,36075,2020-08-07,2020-08-06 13:27,20200806000160,"신규상장(미래에셋 TIGER 미국S&P500증권상장지수투자신탁(주식), 상장일 2020.08.07)",https://kind.krx.co.kr/disclosure/disclosurebystocktype.do?method=searchDisclosureByStockTypeEtfSub&forward=disclosurebystocktype_etf_sub&currentPageSize=100&pageIndex=1&orderMode=1&orderStat=D&etfIsuSrtCd=&reportCd=&reportTmp=&etfIsuSrtNm=&reportNm=%EC%8B%A0%EA%B7%9C%EC%83%81%EC%9E%A5&fromDate=2020-08-01&toDate=2020-08-31,kind_listing_notice_title,official_notice_pending_isin,2026-08-14T07:26:02+00:00
KODEX 200롱코스닥150숏선물,36014,2020-08-21,2020-08-19 17:50,20200819000410,"신규상장(삼성 KODEX 200롱코스닥150숏선물증권상장지수투자신탁[주식-파생형], 상장일 2020.08.21)",https://kind.krx.co.kr/disclosure/disclosurebystocktype.do?method=searchDisclosureByStockTypeEtfSub&forward=disclosurebystocktype_etf_sub&currentPageSize=100&pageIndex=1&orderMode=1&orderStat=D&etfIsuSrtCd=&reportCd=&reportTmp=&etfIsuSrtNm=&reportNm=%EC%8B%A0%EA%B7%9C%EC%83%81%EC%9E%A5&fromDate=2020-08-01&toDate=2020-08-31,kind_listing_notice_title,official_notice_pending_isin,2026-08-14T07:26:02+00:00
RISE 200TR,36158,2020-08-21,2020-08-19 17:49,20200819000428,"신규상장(KB KBSTAR 200 Total Return증권상장지수투자신탁(주식), 상장일 2020.08.21)",https://kind.krx.co.kr/disclosure/disclosurebystocktype.do?method=searchDisclosureByStockTypeEtfSub&forward=disclosurebystocktype_etf_sub&currentPageSize=100&pageIndex=1&orderMode=1&orderStat=D&etfIsuSrtCd=&reportCd=&reportTmp=&etfIsuSrtNm=&reportNm=%EC%8B%A0%EA%B7%9C%EC%83%81%EC%9E%A5&fromDate=2020-08-01&toDate=2020-08-31,kind_listing_notice_title,official_notice_pending_isin,2026-08-14T07:26:02+00:00
KBSTAR 코스피ex200,36159,2020-08-21,2020-08-19 17:49,20200819000429,"신규상장(KB KBSTAR 코스피ex200증권상장지수투자신탁(주식), 상장일 2020.08.21)",https://kind.krx.co.kr/disclosure/disclosurebystocktype.do?method=searchDisclosureByStockTypeEtfSub&forward=disclosurebystocktype_etf_sub&currentPageSize=100&pageIndex=1&orderMode=1&orderStat=D&etfIsuSrtCd=&reportCd=&reportTmp=&etfIsuSrtNm=&reportNm=%EC%8B%A0%EA%B7%9C%EC%83%81%EC%9E%A5&fromDate=2020-08-01&toDate=2020-08-31,kind_listing_notice_title,official_notice_pending_isin,2026-08-14T07:26:02+00:00
KODEX 코스닥150롱코스피200숏선물,36015,2020-08-21,2020-08-19 17:57,20200819000497,"신규상장(삼성 KODEX 코스닥150롱코스피200숏선물증권상장지수투자신탁[주식-파생형], 상장일 2020.08.21)",https://kind.krx.co.kr/disclosure/disclosurebystocktype.do?method=searchDisclosureByStockTypeEtfSub&forward=disclosurebystocktype_etf_sub&currentPageSize=100&pageIndex=1&orderMode=1&orderStat=D&etfIsuSrtCd=&reportCd=&reportTmp=&etfIsuSrtNm=&reportNm=%EC%8B%A0%EA%B7%9C%EC%83%81%EC%9E%A5&fromDate=2020-08-01&toDate=2020-08-31,kind_listing_notice_title,official_notice_pending_isin,2026-08-14T07:26:02+00:00
SOL KIS단기통안채,36351,2020-09-09,2020-09-07 16:40,20200907000439,"신규상장(신한BNPP SMART KIS단기통안채증권상장지수투자신탁[채권], 상장일 2020.09.09)",https://kind.krx.co.kr/disclosure/disclosurebystocktype.do?method=searchDisclosureByStockTypeEtfSub&forward=disclosurebystocktype_etf_sub&currentPageSize=100&pageIndex=1&orderMode=1&orderStat=D&etfIsuSrtCd=&reportCd=&reportTmp=&etfIsuSrtNm=&reportNm=%EC%8B%A0%EA%B7%9C%EC%83%81%EC%9E%A5&fromDate=2020-09-01&toDate=2020-09-30,kind_listing_notice_title,official_notice_pending_isin,2026-08-14T07:26:02+00:00
KODEX 200IT TR,36358,2020-09-25,2020-09-23 17:40,20200923000506,"신규상장(삼성 KODEX 200IT Total Return증권상장지수투자신탁[주식], 상장일 2020.09.25)",https://kind.krx.co.kr/disclosure/disclosurebystocktype.do?method=searchDisclosureByStockTypeEtfSub&forward=disclosurebystocktype_etf_sub&currentPageSize=100&pageIndex=1&orderMode=1&orderStat=D&etfIsuSrtCd=&reportCd=&reportTmp=&etfIsuSrtNm=&reportNm=%EC%8B%A0%EA%B7%9C%EC%83%81%EC%9E%A5&fromDate=2020-09-01&toDate=2020-09-30,kind_listing_notice_title,official_notice_pending_isin,2026-08-14T07:26:02+00:00
KODEX 장기종합채권(AA-이상)액티브,36357,2020-09-25,2020-09-23 17:40,20200923000528,"신규상장(삼성 KODEX 장기종합채권(AA-이상)액티브KAP증권상장지수투자신탁[채권], 상장일 2020.09.25)",https://kind.krx.co.kr/disclosure/disclosurebystocktype.do?method=searchDisclosureByStockTypeEtfSub&forward=disclosurebystocktype_etf_sub&currentPageSize=100&pageIndex=1&orderMode=1&orderStat=D&etfIsuSrtCd=&reportCd=&reportTmp=&etfIsuSrtNm=&reportNm=%EC%8B%A0%EA%B7%9C%EC%83%81%EC%9E%A5&fromDate=2020-09-01&toDate=2020-09-30,kind_listing_notice_title,official_notice_pending_isin,2026-08-14T07:26:02+00:00
KODEX 혁신기술테마액티브,36469,2020-09-29,2020-09-25 16:39,20200925000403,"신규상장(삼성 KODEX 혁신기술테마액티브증권상장지수투자신탁[주식], 상장일 2020.09.29)",https://kind.krx.co.kr/disclosure/disclosurebystocktype.do?method=searchDisclosureByStockTypeEtfSub&forward=disclosurebystocktype_etf_sub&currentPageSize=100&pageIndex=1&orderMode=1&orderStat=D&etfIsuSrtCd=&reportCd=&reportTmp=&etfIsuSrtNm=&reportNm=%EC%8B%A0%EA%B7%9C%EC%83%81%EC%9E%A5&fromDate=2020-09-01&toDate=2020-09-30,kind_listing_notice_title,official_notice_pending_isin,2026-08-14T07:26:02+00:00
TIGER AI코리아그로스액티브,36504,2020-09-29,2020-09-25 16:39,20200925000621,"신규상장(미래에셋 TIGER AI코리아그로스액티브증권상장지수투자신탁(주식), 상장일 2020.09.29)",https://kind.krx.co.kr/disclosure/disclosurebystocktype.do?method=searchDisclosureByStockTypeEtfSub&forward=disclosurebystocktype_etf_sub&currentPageSize=100&pageIndex=1&orderMode=1&orderStat=D&etfIsuSrtCd=&reportCd=&reportTmp=&etfIsuSrtNm=&reportNm=%EC%8B%A0%EA%B7%9C%EC%83%81%EC%9E%A5&fromDate=2020-09-01&toDate=2020-09-30,kind_listing_notice_title,official_notice_pending_isin,2026-08-14T07:26:02+00:00
TIGER BBIG,36496,2020-10-07,2020-10-05 17:31,20201005000550,"신규상장(미래에셋 TIGER KRX BBIG K-뉴딜증권상장지수투자신탁(주식), 상장일 2020.10.07)",https://kind.krx.co.kr/disclosure/disclosurebystocktype.do?method=searchDisclosureByStockTypeEtfSub&forward=disclosurebystocktype_etf_sub&currentPageSize=100&pageIndex=1&orderMode=1&orderStat=D&etfIsuSrtCd=&reportCd=&reportTmp=&etfIsuSrtNm=&reportNm=%EC%8B%A0%EA%B7%9C%EC%83%81%EC%9E%A5&fromDate=2020-10-01&toDate=2020-10-31,kind_listing_notice_title,official_notice_pending_isin,2026-08-14T07:26:02+00:00
TIGER 2차전지TOP10,36498,2020-10-07,2020-10-05 17:32,20201005000551,"신규상장(미래에셋 TIGER KRX2차전지K-뉴딜증권상장지수투자신탁(주식), 상장일 2020.10.07)",https://kind.krx.co.kr/disclosure/disclosurebystocktype.do?method=searchDisclosureByStockTypeEtfSub&forward=disclosurebystocktype_etf_sub&currentPageSize=100&pageIndex=1&orderMode=1&orderStat=D&etfIsuSrtCd=&reportCd=&reportTmp=&etfIsuSrtNm=&reportNm=%EC%8B%A0%EA%B7%9C%EC%83%81%EC%9E%A5&fromDate=2020-10-01&toDate=2020-10-31,kind_listing_notice_title,official_notice_pending_isin,2026-08-14T07:26:02+00:00
TIGER 바이오TOP10,36497,2020-10-07,2020-10-05 17:33,20201005000552,"신규상장(미래에셋 TIGER KRX바이오K-뉴딜증권상장지수투자신탁(주식), 상장일 2020.10.07)",https://kind.krx.co.kr/disclosure/disclosurebystocktype.do?method=searchDisclosureByStockTypeEtfSub&forward=disclosurebystocktype_etf_sub&currentPageSize=100&pageIndex=1&orderMode=1&orderStat=D&etfIsuSrtCd=&reportCd=&reportTmp=&etfIsuSrtNm=&reportNm=%EC%8B%A0%EA%B7%9C%EC%83%81%EC%9E%A5&fromDate=2020-10-01&toDate=2020-10-31,kind_listing_notice_title,official_notice_pending_isin,2026-08-14T07:26:02+00:00
TIGER 인터넷TOP10,36500,2020-10-07,2020-10-05 17:33,20201005000553,"신규상장(미래에셋 TIGER KRX인터넷K-뉴딜증권상장지수투자신탁(주식), 상장일 2020.10.07)",https://kind.krx.co.kr/disclosure/disclosurebystocktype.do?method=searchDisclosureByStockTypeEtfSub&forward=disclosurebystocktype_etf_sub&currentPageSize=100&pageIndex=1&orderMode=1&orderStat=D&etfIsuSrtCd=&reportCd=&reportTmp=&etfIsuSrtNm=&reportNm=%EC%8B%A0%EA%B7%9C%EC%83%81%EC%9E%A5&fromDate=2020-10-01&toDate=2020-10-31,kind_listing_notice_title,official_notice_pending_isin,2026-08-14T07:26:02+00:00
TIGER 게임TOP10,36499,2020-10-07,2020-10-05 17:34,20201005000556,"신규상장(미래에셋 TIGER KRX게임K-뉴딜증권상장지수투자신탁(주식), 상장일 2020.10.07)",https://kind.krx.co.kr/disclosure/disclosurebystocktype.do?method=searchDisclosureByStockTypeEtfSub&forward=disclosurebystocktype_etf_sub&currentPageSize=100&pageIndex=1&orderMode=1&orderStat=D&etfIsuSrtCd=&reportCd=&reportTmp=&etfIsuSrtNm=&reportNm=%EC%8B%A0%EA%B7%9C%EC%83%81%EC%9E%A5&fromDate=2020-10-01&toDate=2020-10-31,kind_listing_notice_title,official_notice_pending_isin,2026-08-14T07:26:02+00:00
ACE 국고채10년,36578,2020-10-15,2020-10-13 17:30,20201013000389,"신규상장(한국투자 KINDEX 국고채10년증권상장지수투자신탁(채권), 상장일 2020.10.15)",https://kind.krx.co.kr/disclosure/disclosurebystocktype.do?method=searchDisclosureByStockTypeEtfSub&forward=disclosurebystocktype_etf_sub&currentPageSize=100&pageIndex=1&orderMode=1&orderStat=D&etfIsuSrtCd=&reportCd=&reportTmp=&etfIsuSrtNm=&reportNm=%EC%8B%A0%EA%B7%9C%EC%83%81%EC%9E%A5&fromDate=2020-10-01&toDate=2020-10-31,kind_listing_notice_title,official_notice_pending_isin,2026-08-14T07:26:02+00:00
ACE 미국나스닥100,36738,2020-10-29,2020-10-27 16:37,20201027000295,"신규상장(한국투자 KINDEX 미국나스닥100증권상장지수투자신탁(주식), 상장일 2020.10.29)",https://kind.krx.co.kr/disclosure/disclosurebystocktype.do?method=searchDisclosureByStockTypeEtfSub&forward=disclosurebystocktype_etf_sub&currentPageSize=100&pageIndex=1&orderMode=1&orderStat=D&etfIsuSrtCd=&reportCd=&reportTmp=&etfIsuSrtNm=&reportNm=%EC%8B%A0%EA%B7%9C%EC%83%81%EC%9E%A5&fromDate=2020-10-01&toDate=2020-10-31,kind_listing_notice_title,official_notice_pending_isin,2026-08-14T07:26:02+00:00
HANARO Fn5G산업,36774,2020-10-29,2020-10-27 16:45,20201027000316,"신규상장(NH-Amundi HANARO Fn5G산업증권상장지수투자신탁(주식), 상장일 2020.10.29)",https://kind.krx.co.kr/disclosure/disclosurebystocktype.do?method=searchDisclosureByStockTypeEtfSub&forward=disclosurebystocktype_etf_sub&currentPageSize=100&pageIndex=1&orderMode=1&orderStat=D&etfIsuSrtCd=&reportCd=&reportTmp=&etfIsuSrtNm=&reportNm=%EC%8B%A0%EA%B7%9C%EC%83%81%EC%9E%A5&fromDate=2020-10-01&toDate=2020-10-31,kind_listing_notice_title,official_notice_pending_isin,2026-08-14T07:26:02+00:00
RISE 네트워크인프라,36776,2020-10-29,2020-10-27 16:47,20201027000331,"신규상장(KB KBSTAR Fn5G테크증권상장지수투자신탁(주식), 상장일 2020.10.29)",https://kind.krx.co.kr/disclosure/disclosurebystocktype.do?method=searchDisclosureByStockTypeEtfSub&forward=disclosurebystocktype_etf_sub&currentPageSize=100&pageIndex=1&orderMode=1&orderStat=D&etfIsuSrtCd=&reportCd=&reportTmp=&etfIsuSrtNm=&reportNm=%EC%8B%A0%EA%B7%9C%EC%83%81%EC%9E%A5&fromDate=2020-10-01&toDate=2020-10-31,kind_listing_notice_title,official_notice_pending_isin,2026-08-14T07:26:02+00:00
RISE 수소경제테마,36777,2020-10-29,2020-10-27 16:48,20201027000346,"신규상장(KB KBSTAR Fn수소경제테마증권상장지수투자신탁(주식), 상장일 2020.10.29)",https://kind.krx.co.kr/disclosure/disclosurebystocktype.do?method=searchDisclosureByStockTypeEtfSub&forward=disclosurebystocktype_etf_sub&currentPageSize=100&pageIndex=1&orderMode=1&orderStat=D&etfIsuSrtCd=&reportCd=&reportTmp=&etfIsuSrtNm=&reportNm=%EC%8B%A0%EA%B7%9C%EC%83%81%EC%9E%A5&fromDate=2020-10-01&toDate=2020-10-31,kind_listing_notice_title,official_notice_pending_isin,2026-08-14T07:26:02+00:00
RISE 미국나스닥100,36859,2020-11-06,2020-11-04 16:38,20201104000370,"신규상장(KB KBSTAR 미국나스닥100증권상장지수투자신탁(주식), 상장일 2020.11.06)",https://kind.krx.co.kr/disclosure/disclosurebystocktype.do?method=searchDisclosureByStockTypeEtfSub&forward=disclosurebystocktype_etf_sub&currentPageSize=100&pageIndex=1&orderMode=1&orderStat=D&etfIsuSrtCd=&reportCd=&reportTmp=&etfIsuSrtNm=&reportNm=%EC%8B%A0%EA%B7%9C%EC%83%81%EC%9E%A5&fromDate=2020-11-01&toDate=2020-11-30,kind_listing_notice_title,official_notice_pending_isin,2026-08-14T07:26:02+00:00
KBSTAR Fn K-뉴딜디지털플러스,36820,2020-11-10,2020-11-06 17:52,20201106000571,"신규상장(KB KBSTAR Fn K-뉴딜디지털플러스증권상장지수투자신탁(주식), 상장일 2020.11.10)",https://kind.krx.co.kr/disclosure/disclosurebystocktype.do?method=searchDisclosureByStockTypeEtfSub&forward=disclosurebystocktype_etf_sub&currentPageSize=100&pageIndex=1&orderMode=1&orderStat=D&etfIsuSrtCd=&reportCd=&reportTmp=&etfIsuSrtNm=&reportNm=%EC%8B%A0%EA%B7%9C%EC%83%81%EC%9E%A5&fromDate=2020-11-01&toDate=2020-11-30,kind_listing_notice_title,official_notice_pending_isin,2026-08-14T07:26:02+00:00
HANARO Fn K-뉴딜디지털플러스,36819,2020-11-10,2020-11-06 17:52,20201106000572,"신규상장(NH-Amundi HANARO Fn K-뉴딜디지털플러스증권상장지수투자신탁[주식], 상장일 2020.11.10)",https://kind.krx.co.kr/disclosure/disclosurebystocktype.do?method=searchDisclosureByStockTypeEtfSub&forward=disclosurebystocktype_etf_sub&currentPageSize=100&pageIndex=1&orderMode=1&orderStat=D&etfIsuSrtCd=&reportCd=&reportTmp=&etfIsuSrtNm=&reportNm=%EC%8B%A0%EA%B7%9C%EC%83%81%EC%9E%A5&fromDate=2020-11-01&toDate=2020-11-30,kind_listing_notice_title,official_notice_pending_isin,2026-08-14T07:26:02+00:00
KINDEX Fn K-뉴딜디지털플러스,36847,2020-11-10,2020-11-06 17:52,20201106000574,"신규상장(한국투자 KINDEX K-뉴딜디지털플러스증권상장지수투자신탁(주식), 상장일 2020.11.10)",https://kind.krx.co.kr/disclosure/disclosurebystocktype.do?method=searchDisclosureByStockTypeEtfSub&forward=disclosurebystocktype_etf_sub&currentPageSize=100&pageIndex=1&orderMode=1&orderStat=D&etfIsuSrtCd=&reportCd=&reportTmp=&etfIsuSrtNm=&reportNm=%EC%8B%A0%EA%B7%9C%EC%83%81%EC%9E%A5&fromDate=2020-11-01&toDate=2020-11-30,kind_listing_notice_title,official_notice_pending_isin,2026-08-14T07:26:02+00:00
KODEX K-뉴딜디지털플러스,36868,2020-11-10,2020-11-06 17:52,20201106000583,"신규상장(삼성 KODEX Fn K-뉴딜디지털플러스증권상장지수투자신탁[주식], 상장일 2020.11.10)",https://kind.krx.co.kr/disclosure/disclosurebystocktype.do?method=searchDisclosureByStockTypeEtfSub&forward=disclosurebystocktype_etf_sub&currentPageSize=100&pageIndex=1&orderMode=1&orderStat=D&etfIsuSrtCd=&reportCd=&reportTmp=&etfIsuSrtNm=&reportNm=%EC%8B%A0%EA%B7%9C%EC%83%81%EC%9E%A5&fromDate=2020-11-01&toDate=2020-11-30,kind_listing_notice_title,official_notice_pending_isin,2026-08-14T07:26:02+00:00
ACE 베트남VN30선물블룸버그레버리지(H),37113,2020-11-25,2020-11-23 17:55,20201123000540,"신규상장(한국투자KINDEX블룸버그베트남VN30선물레버리지증권상장지수투자신탁(주식-파생형)(H), 상장일 2020.11.25)",https://kind.krx.co.kr/disclosure/disclosurebystocktype.do?method=searchDisclosureByStockTypeEtfSub&forward=disclosurebystocktype_etf_sub&currentPageSize=100&pageIndex=1&orderMode=1&orderStat=D&etfIsuSrtCd=&reportCd=&reportTmp=&etfIsuSrtNm=&reportNm=%EC%8B%A0%EA%B7%9C%EC%83%81%EC%9E%A5&fromDate=2020-11-01&toDate=2020-11-30,kind_listing_notice_title,official_notice_pending_isin,2026-08-14T07:26:02+00:00
TIGER 글로벌클라우드컴퓨팅INDXX,37145,2020-12-08,2020-12-04 17:40,20201204000691,"신규상장(미래에셋 TIGER 글로벌클라우드컴퓨팅INDXX증권상장지수투자신탁(주식-파생형), 상장일 2020.12.08)",https://kind.krx.co.kr/disclosure/disclosurebystocktype.do?method=searchDisclosureByStockTypeEtfSub&forward=disclosurebystocktype_etf_sub&currentPageSize=100&pageIndex=1&orderMode=1&orderStat=D&etfIsuSrtCd=&reportCd=&reportTmp=&etfIsuSrtNm=&reportNm=%EC%8B%A0%EA%B7%9C%EC%83%81%EC%9E%A5&fromDate=2020-12-01&toDate=2020-12-31,kind_listing_notice_title,official_notice_pending_isin,2026-08-14T07:26:02+00:00
TIGER 차이나전기차SOLACTIVE,37146,2020-12-08,2020-12-04 17:40,20201204000692,"신규상장(미래에셋 TIGER 차이나전기차SOLACTIVE증권상장지수투자신탁(주식-파생형), 상장일 2020.12.08)",https://kind.krx.co.kr/disclosure/disclosurebystocktype.do?method=searchDisclosureByStockTypeEtfSub&forward=disclosurebystocktype_etf_sub&currentPageSize=100&pageIndex=1&orderMode=1&orderStat=D&etfIsuSrtCd=&reportCd=&reportTmp=&etfIsuSrtNm=&reportNm=%EC%8B%A0%EA%B7%9C%EC%83%81%EC%9E%A5&fromDate=2020-12-01&toDate=2020-12-31,kind_listing_notice_title,official_notice_pending_isin,2026-08-14T07:26:02+00:00
TIGER 차이나바이오테크SOLACTIVE,37147,2020-12-08,2020-12-04 17:40,20201204000694,"신규상장(미래에셋 TIGER 차이나바이오테크SOLACTIVE증권상장지수투자신탁(주식-파생형), 상장일 2020.12.08)",https://kind.krx.co.kr/disclosure/disclosurebystocktype.do?method=searchDisclosureByStockTypeEtfSub&forward=disclosurebystocktype_etf_sub&currentPageSize=100&pageIndex=1&orderMode=1&orderStat=D&etfIsuSrtCd=&reportCd=&reportTmp=&etfIsuSrtNm=&reportNm=%EC%8B%A0%EA%B7%9C%EC%83%81%EC%9E%A5&fromDate=2020-12-01&toDate=2020-12-31,kind_listing_notice_title,official_notice_pending_isin,2026-08-14T07:26:02+00:00
RISE 차이나항셍테크,37115,2020-12-16,2020-12-14 17:58,20201214001074,"신규상장(KB KBSTAR 차이나항셍테크증권상장지수투자신탁(주식), 상장일 2020.12.16)",https://kind.krx.co.kr/disclosure/disclosurebystocktype.do?method=searchDisclosureByStockTypeEtfSub&forward=disclosurebystocktype_etf_sub&currentPageSize=100&pageIndex=1&orderMode=1&orderStat=D&etfIsuSrtCd=&reportCd=&reportTmp=&etfIsuSrtNm=&reportNm=%EC%8B%A0%EA%B7%9C%EC%83%81%EC%9E%A5&fromDate=2020-12-01&toDate=2020-12-31,kind_listing_notice_title,official_notice_pending_isin,2026-08-14T07:26:02+00:00
ACE 차이나항셍테크,37187,2020-12-16,2020-12-14 17:58,20201214001080,"신규상장(한국투자 KINDEX 차이나항셍테크증권상장지수투자신탁(주식), 상장일 2020.12.16)",https://kind.krx.co.kr/disclosure/disclosurebystocktype.do?method=searchDisclosureByStockTypeEtfSub&forward=disclosurebystocktype_etf_sub&currentPageSize=100&pageIndex=1&orderMode=1&orderStat=D&etfIsuSrtCd=&reportCd=&reportTmp=&etfIsuSrtNm=&reportNm=%EC%8B%A0%EA%B7%9C%EC%83%81%EC%9E%A5&fromDate=2020-12-01&toDate=2020-12-31,kind_listing_notice_title,official_notice_pending_isin,2026-08-14T07:26:02+00:00
TIGER 차이나항셍테크,37116,2020-12-16,2020-12-14 17:58,20201214001082,"신규상장(미래에셋 TIGER 차이나항셍테크증권상장지수투자신탁(주식), 상장일 2020.12.16)",https://kind.krx.co.kr/disclosure/disclosurebystocktype.do?method=searchDisclosureByStockTypeEtfSub&forward=disclosurebystocktype_etf_sub&currentPageSize=100&pageIndex=1&orderMode=1&orderStat=D&etfIsuSrtCd=&reportCd=&reportTmp=&etfIsuSrtNm=&reportNm=%EC%8B%A0%EA%B7%9C%EC%83%81%EC%9E%A5&fromDate=2020-12-01&toDate=2020-12-31,kind_listing_notice_title,official_notice_pending_isin,2026-08-14T07:26:02+00:00
KODEX 차이나항셍테크,37233,2020-12-16,2020-12-14 17:58,20201214001085,"신규상장(삼성 KODEX 차이나항셍테크증권상장지수투자신탁[주식], 상장일 2020.12.16)",https://kind.krx.co.kr/disclosure/disclosurebystocktype.do?method=searchDisclosureByStockTypeEtfSub&forward=disclosurebystocktype_etf_sub&currentPageSize=100&pageIndex=1&orderMode=1&orderStat=D&etfIsuSrtCd=&reportCd=&reportTmp=&etfIsuSrtNm=&reportNm=%EC%8B%A0%EA%B7%9C%EC%83%81%EC%9E%A5&fromDate=2020-12-01&toDate=2020-12-31,kind_listing_notice_title,official_notice_pending_isin,2026-08-14T07:26:02+00:00
PLUS 신흥국MSCI인버스(합성 H),37353,2020-12-16,2020-12-14 17:58,20201214001093,"신규상장(한화 ARIRANG 신흥국MSCI인버스증권상장지수투자신탁(주식-파생형)(합성 H), 상장일 2020.12.16)",https://kind.krx.co.kr/disclosure/disclosurebystocktype.do?method=searchDisclosureByStockTypeEtfSub&forward=disclosurebystocktype_etf_sub&currentPageSize=100&pageIndex=1&orderMode=1&orderStat=D&etfIsuSrtCd=&reportCd=&reportTmp=&etfIsuSrtNm=&reportNm=%EC%8B%A0%EA%B7%9C%EC%83%81%EC%9E%A5&fromDate=2020-12-01&toDate=2020-12-31,kind_listing_notice_title,official_notice_pending_isin,2026-08-14T07:26:02+00:00
KIWOOM 미국방어배당성장나스닥,37379,2020-12-24,2020-12-22 17:47,20201222000742,"신규상장(키움 KOSEF 미국방어배당성장나스닥증권상장지수투자신탁[주식], 상장일 2020.12.24)",https://kind.krx.co.kr/disclosure/disclosurebystocktype.do?method=searchDisclosureByStockTypeEtfSub&forward=disclosurebystocktype_etf_sub&currentPageSize=100&pageIndex=1&orderMode=1&orderStat=D&etfIsuSrtCd=&reportCd=&reportTmp=&etfIsuSrtNm=&reportNm=%EC%8B%A0%EA%B7%9C%EC%83%81%EC%9E%A5&fromDate=2020-12-01&toDate=2020-12-31,kind_listing_notice_title,official_notice_pending_isin,2026-08-14T07:26:02+00:00
KODEX 코리아혁신성장액티브,37349,2020-12-24,2020-12-22 17:42,20201222000767,"신규상장(삼성 KODEX K-이노베이션액티브증권상장지수투자신탁[주식], 상장일 2020.12.24)",https://kind.krx.co.kr/disclosure/disclosurebystocktype.do?method=searchDisclosureByStockTypeEtfSub&forward=disclosurebystocktype_etf_sub&currentPageSize=100&pageIndex=1&orderMode=1&orderStat=D&etfIsuSrtCd=&reportCd=&reportTmp=&etfIsuSrtNm=&reportNm=%EC%8B%A0%EA%B7%9C%EC%83%81%EC%9E%A5&fromDate=2020-12-01&toDate=2020-12-31,kind_listing_notice_title,official_notice_pending_isin,2026-08-14T07:26:02+00:00
RISE 글로벌데이터센터리츠(합성),37527,2021-01-14,2021-01-12 17:32,20210112000476,"신규상장(KB KBSTAR 글로벌데이터센터리츠나스닥부동산상장지수투자신탁(파생형)(합성), 상장일 2021.01.14)",https://kind.krx.co.kr/disclosure/disclosurebystocktype.do?method=searchDisclosureByStockTypeEtfSub&forward=disclosurebystocktype_etf_sub&currentPageSize=100&pageIndex=1&orderMode=1&orderStat=D&etfIsuSrtCd=&reportCd=&reportTmp=&etfIsuSrtNm=&reportNm=%EC%8B%A0%EA%B7%9C%EC%83%81%EC%9E%A5&fromDate=2021-01-01&toDate=2021-01-31,kind_listing_notice_title,official_notice_pending_isin,2026-08-14T07:26:02+00:00
TIGER 탄소효율그린뉴딜,37641,2021-02-05,2021-02-03 17:51,20210203000873,"신규상장(미래에셋 TIGER 탄소효율그린뉴딜증권상장지수투자신탁(주식), 상장일 2021.02.05)",https://kind.krx.co.kr/disclosure/disclosurebystocktype.do?method=searchDisclosureByStockTypeEtfSub&forward=disclosurebystocktype_etf_sub&currentPageSize=100&pageIndex=1&orderMode=1&orderStat=D&etfIsuSrtCd=&reportCd=&reportTmp=&etfIsuSrtNm=&reportNm=%EC%8B%A0%EA%B7%9C%EC%83%81%EC%9E%A5&fromDate=2021-02-01&toDate=2021-02-28,kind_listing_notice_title,official_notice_pending_isin,2026-08-14T07:26:02+00:00
KODEX 탄소효율그린뉴딜,37577,2021-02-05,2021-02-03 17:51,20210203000878,"신규상장(삼성 KODEX 탄소효율그린뉴딜증권상장지수투자신탁[주식형], 상장일 2021.02.05)",https://kind.krx.co.kr/disclosure/disclosurebystocktype.do?method=searchDisclosureByStockTypeEtfSub&forward=disclosurebystocktype_etf_sub&currentPageSize=100&pageIndex=1&orderMode=1&orderStat=D&etfIsuSrtCd=&reportCd=&reportTmp=&etfIsuSrtNm=&reportNm=%EC%8B%A0%EA%B7%9C%EC%83%81%EC%9E%A5&fromDate=2021-02-01&toDate=2021-02-28,kind_listing_notice_title,official_notice_pending_isin,2026-08-14T07:26:02+00:00
ARIRANG 탄소효율그린뉴딜,37625,2021-02-05,2021-02-03 17:51,20210203000880,"신규상장(한화 ARIRANG 탄소효율그린뉴딜증권상장지수투자신탁(주식), 상장일 2021.02.05)",https://kind.krx.co.kr/disclosure/disclosurebystocktype.do?method=searchDisclosureByStockTypeEtfSub&forward=disclosurebystocktype_etf_sub&currentPageSize=100&pageIndex=1&orderMode=1&orderStat=D&etfIsuSrtCd=&reportCd=&reportTmp=&etfIsuSrtNm=&reportNm=%EC%8B%A0%EA%B7%9C%EC%83%81%EC%9E%A5&fromDate=2021-02-01&toDate=2021-02-28,kind_listing_notice_title,official_notice_pending_isin,2026-08-14T07:26:02+00:00
HANARO 탄소효율그린뉴딜,37576,2021-02-05,2021-02-03 17:51,20210203000884,"신규상장(NH-Amundi HANARO 탄소효율그린뉴딜증권상장지수투자신탁[주식], 상장일 2021.02.05)",https://kind.krx.co.kr/disclosure/disclosurebystocktype.do?method=searchDisclosureByStockTypeEtfSub&forward=disclosurebystocktype_etf_sub&currentPageSize=100&pageIndex=1&orderMode=1&orderStat=D&etfIsuSrtCd=&reportCd=&reportTmp=&etfIsuSrtNm=&reportNm=%EC%8B%A0%EA%B7%9C%EC%83%81%EC%9E%A5&fromDate=2021-02-01&toDate=2021-02-28,kind_listing_notice_title,official_notice_pending_isin,2026-08-14T07:26:02+00:00
TIGER Fn신재생에너지,37799,2021-03-05,2021-03-03 17:32,20210303000920,"신규상장(미래에셋 TIGER Fn신재생에너지증권상장지수투자신탁(주식), 상장일 2021.03.05)",https://kind.krx.co.kr/disclosure/disclosurebystocktype.do?method=searchDisclosureByStockTypeEtfSub&forward=disclosurebystocktype_etf_sub&currentPageSize=100&pageIndex=1&orderMode=1&orderStat=D&etfIsuSrtCd=&reportCd=&reportTmp=&etfIsuSrtNm=&reportNm=%EC%8B%A0%EA%B7%9C%EC%83%81%EC%9E%A5&fromDate=2021-03-01&toDate=2021-03-31,kind_listing_notice_title,official_notice_pending_isin,2026-08-14T07:26:02+00:00
HANARO Fn전기&수소차,38156,2021-04-02,2021-03-31 17:24,20210331002721,"신규상장(NH-Amundi HANARO Fn전기&수소차증권상장지수투자신탁(주식), 상장일 2021.04.02)",https://kind.krx.co.kr/disclosure/disclosurebystocktype.do?method=searchDisclosureByStockTypeEtfSub&forward=disclosurebystocktype_etf_sub&currentPageSize=100&pageIndex=1&orderMode=1&orderStat=D&etfIsuSrtCd=&reportCd=&reportTmp=&etfIsuSrtNm=&reportNm=%EC%8B%A0%EA%B7%9C%EC%83%81%EC%9E%A5&fromDate=2021-03-01&toDate=2021-03-31,kind_listing_notice_title,official_notice_pending_isin,2026-08-14T07:26:02+00:00
HANARO Fn친환경에너지,38157,2021-04-02,2021-03-31 17:25,20210331002731,"신규상장(NH-Amundi HANARO Fn친환경에너지증권상장지수투자신탁(주식), 상장일 2021.04.02)",https://kind.krx.co.kr/disclosure/disclosurebystocktype.do?method=searchDisclosureByStockTypeEtfSub&forward=disclosurebystocktype_etf_sub&currentPageSize=100&pageIndex=1&orderMode=1&orderStat=D&etfIsuSrtCd=&reportCd=&reportTmp=&etfIsuSrtNm=&reportNm=%EC%8B%A0%EA%B7%9C%EC%83%81%EC%9E%A5&fromDate=2021-03-01&toDate=2021-03-31,kind_listing_notice_title,official_notice_pending_isin,2026-08-14T07:26:02+00:00
ACE 코리아AI테크핵심산업,38034,2021-04-02,2021-03-31 17:25,20210331002740,"신규상장(한국투자 KINDEX Fn5G플러스증권상장지수투자신탁(주식), 상장일 2021.04.02)",https://kind.krx.co.kr/disclosure/disclosurebystocktype.do?method=searchDisclosureByStockTypeEtfSub&forward=disclosurebystocktype_etf_sub&currentPageSize=100&pageIndex=1&orderMode=1&orderStat=D&etfIsuSrtCd=&reportCd=&reportTmp=&etfIsuSrtNm=&reportNm=%EC%8B%A0%EA%B7%9C%EC%83%81%EC%9E%A5&fromDate=2021-03-01&toDate=2021-03-31,kind_listing_notice_title,official_notice_pending_isin,2026-08-14T07:26:02+00:00
KODEX 미국나스닥100,37981,2021-04-09,2021-04-07 17:29,20210407000519,"신규상장(삼성 KODEX 미국나스닥100 Total Return증권상장지수투자신탁[주식], 상장일 2021.04.09)",https://kind.krx.co.kr/disclosure/disclosurebystocktype.do?method=searchDisclosureByStockTypeEtfSub&forward=disclosurebystocktype_etf_sub&currentPageSize=100&pageIndex=1&orderMode=1&orderStat=D&etfIsuSrtCd=&reportCd=&reportTmp=&etfIsuSrtNm=&reportNm=%EC%8B%A0%EA%B7%9C%EC%83%81%EC%9E%A5&fromDate=2021-04-01&toDate=2021-04-30,kind_listing_notice_title,official_notice_pending_isin,2026-08-14T07:26:02+00:00
KODEX 미국S&P500,37980,2021-04-09,2021-04-07 17:29,20210407000526,"신규상장(삼성 KODEX 미국S&P500 Total Return증권상장지수투자신탁[주식형], 상장일 2021.04.09)",https://kind.krx.co.kr/disclosure/disclosurebystocktype.do?method=searchDisclosureByStockTypeEtfSub&forward=disclosurebystocktype_etf_sub&currentPageSize=100&pageIndex=1&orderMode=1&orderStat=D&etfIsuSrtCd=&reportCd=&reportTmp=&etfIsuSrtNm=&reportNm=%EC%8B%A0%EA%B7%9C%EC%83%81%EC%9E%A5&fromDate=2021-04-01&toDate=2021-04-30,kind_listing_notice_title,official_notice_pending_isin,2026-08-14T07:26:02+00:00
RISE 미국S&P500,37978,2021-04-09,2021-04-07 17:29,20210407000541,"신규상장(KB KBSTAR 미국S&P500증권상장지수투자신탁(주식), 상장일 2021.04.09)",https://kind.krx.co.kr/disclosure/disclosurebystocktype.do?method=searchDisclosureByStockTypeEtfSub&forward=disclosurebystocktype_etf_sub&currentPageSize=100&pageIndex=1&orderMode=1&orderStat=D&etfIsuSrtCd=&reportCd=&reportTmp=&etfIsuSrtNm=&reportNm=%EC%8B%A0%EA%B7%9C%EC%83%81%EC%9E%A5&fromDate=2021-04-01&toDate=2021-04-30,kind_listing_notice_title,official_notice_pending_isin,2026-08-14T07:26:02+00:00
RISE 유로스탁스50(H),37979,2021-04-09,2021-04-07 17:30,20210407000556,"신규상장(KB KBSTAR 유로스탁스50증권상장지수투자신탁(주식)(H), 상장일 2021.04.09)",https://kind.krx.co.kr/disclosure/disclosurebystocktype.do?method=searchDisclosureByStockTypeEtfSub&forward=disclosurebystocktype_etf_sub&currentPageSize=100&pageIndex=1&orderMode=1&orderStat=D&etfIsuSrtCd=&reportCd=&reportTmp=&etfIsuSrtNm=&reportNm=%EC%8B%A0%EA%B7%9C%EC%83%81%EC%9E%A5&fromDate=2021-04-01&toDate=2021-04-30,kind_listing_notice_title,official_notice_pending_isin,2026-08-14T07:26:02+00:00
TIGER 미국필라델피아반도체나스닥,38118,2021-04-09,2021-04-07 17:30,20210407000565,"신규상장(미래에셋 TIGER 미국필라델피아반도체나스닥증권상장지수투자신탁(주식), 상장일 2021.04.09)",https://kind.krx.co.kr/disclosure/disclosurebystocktype.do?method=searchDisclosureByStockTypeEtfSub&forward=disclosurebystocktype_etf_sub&currentPageSize=100&pageIndex=1&orderMode=1&orderStat=D&etfIsuSrtCd=&reportCd=&reportTmp=&etfIsuSrtNm=&reportNm=%EC%8B%A0%EA%B7%9C%EC%83%81%EC%9E%A5&fromDate=2021-04-01&toDate=2021-04-30,kind_listing_notice_title,official_notice_pending_isin,2026-08-14T07:26:02+00:00
TIGER 미국테크TOP10 INDXX,38117,2021-04-09,2021-04-07 17:30,20210407000572,"신규상장(미래에셋 TIGER 미국테크TOP10 INDXX증권상장지수투자신탁(주식), 상장일 2021.04.09)",https://kind.krx.co.kr/disclosure/disclosurebystocktype.do?method=searchDisclosureByStockTypeEtfSub&forward=disclosurebystocktype_etf_sub&currentPageSize=100&pageIndex=1&orderMode=1&orderStat=D&etfIsuSrtCd=&reportCd=&reportTmp=&etfIsuSrtNm=&reportNm=%EC%8B%A0%EA%B7%9C%EC%83%81%EC%9E%A5&fromDate=2021-04-01&toDate=2021-04-30,kind_listing_notice_title,official_notice_pending_isin,2026-08-14T07:26:02+00:00
ACE 2차전지&친환경차액티브,38560,2021-05-25,2021-05-21 20:38,20210521000529,"신규상장(한국투자 네비게이터 친환경자동차밸류체인액티브증권상장지수투자신탁(주식), 상장일 2021.05.25)",https://kind.krx.co.kr/disclosure/disclosurebystocktype.do?method=searchDisclosureByStockTypeEtfSub&forward=disclosurebystocktype_etf_sub&currentPageSize=100&pageIndex=1&orderMode=1&orderStat=D&etfIsuSrtCd=&reportCd=&reportTmp=&etfIsuSrtNm=&reportNm=%EC%8B%A0%EA%B7%9C%EC%83%81%EC%9E%A5&fromDate=2021-05-01&toDate=2021-05-31,kind_listing_notice_title,official_notice_pending_isin,2026-08-14T07:26:02+00:00
TIGER 글로벌이노베이션액티브,38727,2021-05-25,2021-05-21 20:40,20210521000530,"신규상장(미래에셋 TIGER 글로벌BBIG액티브증권상장지수투자신탁(주식-재간접형), 상장일 2021.05.25)",https://kind.krx.co.kr/disclosure/disclosurebystocktype.do?method=searchDisclosureByStockTypeEtfSub&forward=disclosurebystocktype_etf_sub&currentPageSize=100&pageIndex=1&orderMode=1&orderStat=D&etfIsuSrtCd=&reportCd=&reportTmp=&etfIsuSrtNm=&reportNm=%EC%8B%A0%EA%B7%9C%EC%83%81%EC%9E%A5&fromDate=2021-05-01&toDate=2021-05-31,kind_listing_notice_title,official_notice_pending_isin,2026-08-14T07:26:02+00:00
TIGER 퓨처모빌리티액티브,38728,2021-05-25,2021-05-21 20:41,20210521000531,"신규상장(미래에셋 TIGER 퓨처모빌리티액티브증권상장지수투자신탁(주식), 상장일 2021.05.25)",https://kind.krx.co.kr/disclosure/disclosurebystocktype.do?method=searchDisclosureByStockTypeEtfSub&forward=disclosurebystocktype_etf_sub&currentPageSize=100&pageIndex=1&orderMode=1&orderStat=D&etfIsuSrtCd=&reportCd=&reportTmp=&etfIsuSrtNm=&reportNm=%EC%8B%A0%EA%B7%9C%EC%83%81%EC%9E%A5&fromDate=2021-05-01&toDate=2021-05-31,kind_listing_notice_title,official_notice_pending_isin,2026-08-14T07:26:02+00:00
ACE ESG액티브,38559,2021-05-25,2021-05-21 20:43,20210521000532,"신규상장(한국투자 네비게이터 ESG액티브증권상장지수투자신탁(주식), 상장일 2021.05.25)",https://kind.krx.co.kr/disclosure/disclosurebystocktype.do?method=searchDisclosureByStockTypeEtfSub&forward=disclosurebystocktype_etf_sub&currentPageSize=100&pageIndex=1&orderMode=1&orderStat=D&etfIsuSrtCd=&reportCd=&reportTmp=&etfIsuSrtNm=&reportNm=%EC%8B%A0%EA%B7%9C%EC%83%81%EC%9E%A5&fromDate=2021-05-01&toDate=2021-05-31,kind_listing_notice_title,official_notice_pending_isin,2026-08-14T07:26:02+00:00
TIME 코스피액티브,38572,2021-05-25,2021-05-21 20:44,20210521000533,"신규상장(타임폴리오 TIMEFOLIO Kstock액티브증권상장지수투자신탁[주식], 상장일 2021.05.25)",https://kind.krx.co.kr/disclosure/disclosurebystocktype.do?method=searchDisclosureByStockTypeEtfSub&forward=disclosurebystocktype_etf_sub&currentPageSize=100&pageIndex=1&orderMode=1&orderStat=D&etfIsuSrtCd=&reportCd=&reportTmp=&etfIsuSrtNm=&reportNm=%EC%8B%A0%EA%B7%9C%EC%83%81%EC%9E%A5&fromDate=2021-05-01&toDate=2021-05-31,kind_listing_notice_title,official_notice_pending_isin,2026-08-14T07:26:02+00:00
TIME K이노베이션액티브,38571,2021-05-25,2021-05-21 20:46,20210521000534,"신규상장(타임폴리오 TIMEFOLIO BBIG액티브증권상장지수투자신탁[주식], 상장일 2021.05.25)",https://kind.krx.co.kr/disclosure/disclosurebystocktype.do?method=searchDisclosureByStockTypeEtfSub&forward=disclosurebystocktype_etf_sub&currentPageSize=100&pageIndex=1&orderMode=1&orderStat=D&etfIsuSrtCd=&reportCd=&reportTmp=&etfIsuSrtNm=&reportNm=%EC%8B%A0%EA%B7%9C%EC%83%81%EC%9E%A5&fromDate=2021-05-01&toDate=2021-05-31,kind_listing_notice_title,official_notice_pending_isin,2026-08-14T07:26:02+00:00
KODEX 신재생에너지액티브,38551,2021-05-25,2021-05-21 20:47,20210521000535,"신규상장(삼성 KODEX K-신재생에너지액티브증권상장지수투자신탁[주식], 상장일 2021.05.25)",https://kind.krx.co.kr/disclosure/disclosurebystocktype.do?method=searchDisclosureByStockTypeEtfSub&forward=disclosurebystocktype_etf_sub&currentPageSize=100&pageIndex=1&orderMode=1&orderStat=D&etfIsuSrtCd=&reportCd=&reportTmp=&etfIsuSrtNm=&reportNm=%EC%8B%A0%EA%B7%9C%EC%83%81%EC%9E%A5&fromDate=2021-05-01&toDate=2021-05-31,kind_listing_notice_title,official_notice_pending_isin,2026-08-14T07:26:02+00:00
KODEX 자율주행액티브,38552,2021-05-25,2021-05-21 20:49,20210521000536,"신규상장(삼성 KODEX K-미래차액티브증권상장지수투자신탁[주식], 상장일 2021.05.25)",https://kind.krx.co.kr/disclosure/disclosurebystocktype.do?method=searchDisclosureByStockTypeEtfSub&forward=disclosurebystocktype_etf_sub&currentPageSize=100&pageIndex=1&orderMode=1&orderStat=D&etfIsuSrtCd=&reportCd=&reportTmp=&etfIsuSrtNm=&reportNm=%EC%8B%A0%EA%B7%9C%EC%83%81%EC%9E%A5&fromDate=2021-05-01&toDate=2021-05-31,kind_listing_notice_title,official_notice_pending_isin,2026-08-14T07:26:02+00:00
RISE 종합채권(A-이상)액티브,38554,2021-05-26,2021-05-24 21:00,20210524000583,"신규상장(KB KBSTAR KIS종합채권(A-이상)액티브증권상장지수투자신탁(채권), 상장일 2021.05.26)",https://kind.krx.co.kr/disclosure/disclosurebystocktype.do?method=searchDisclosureByStockTypeEtfSub&forward=disclosurebystocktype_etf_sub&currentPageSize=100&pageIndex=1&orderMode=1&orderStat=D&etfIsuSrtCd=&reportCd=&reportTmp=&etfIsuSrtNm=&reportNm=%EC%8B%A0%EA%B7%9C%EC%83%81%EC%9E%A5&fromDate=2021-05-01&toDate=2021-05-31,kind_listing_notice_title,official_notice_pending_isin,2026-08-14T07:26:02+00:00
RISE 단기채권알파액티브,38555,2021-05-26,2021-05-24 21:01,20210524000584,"신규상장(KB KBSTAR KIS단기종합채권(AA-이상)액티브증권상장지수투자신탁(채권), 상장일 2021.05.26)",https://kind.krx.co.kr/disclosure/disclosurebystocktype.do?method=searchDisclosureByStockTypeEtfSub&forward=disclosurebystocktype_etf_sub&currentPageSize=100&pageIndex=1&orderMode=1&orderStat=D&etfIsuSrtCd=&reportCd=&reportTmp=&etfIsuSrtNm=&reportNm=%EC%8B%A0%EA%B7%9C%EC%83%81%EC%9E%A5&fromDate=2021-05-01&toDate=2021-05-31,kind_listing_notice_title,official_notice_pending_isin,2026-08-14T07:26:02+00:00
RISE KIS국고채30년Enhanced,38556,2021-05-26,2021-05-24 21:01,20210524000585,"신규상장(KB KBSTAR KIS국고채30년Enhanced증권상장지수투자신탁(채권), 상장일 2021.05.26)",https://kind.krx.co.kr/disclosure/disclosurebystocktype.do?method=searchDisclosureByStockTypeEtfSub&forward=disclosurebystocktype_etf_sub&currentPageSize=100&pageIndex=1&orderMode=1&orderStat=D&etfIsuSrtCd=&reportCd=&reportTmp=&etfIsuSrtNm=&reportNm=%EC%8B%A0%EA%B7%9C%EC%83%81%EC%9E%A5&fromDate=2021-05-01&toDate=2021-05-31,kind_listing_notice_title,official_notice_pending_isin,2026-08-14T07:26:02+00:00
RISE K엔터&여행레저,38828,2021-06-10,2021-06-09 13:15,20210609000100,"신규상장(KB KBSTAR Fn컨택트대표 증권상장지수투자신탁(주식), 상장일 2021.06.10)",https://kind.krx.co.kr/disclosure/disclosurebystocktype.do?method=searchDisclosureByStockTypeEtfSub&forward=disclosurebystocktype_etf_sub&currentPageSize=100&pageIndex=1&orderMode=1&orderStat=D&etfIsuSrtCd=&reportCd=&reportTmp=&etfIsuSrtNm=&reportNm=%EC%8B%A0%EA%B7%9C%EC%83%81%EC%9E%A5&fromDate=2021-06-01&toDate=2021-06-30,kind_listing_notice_title,official_notice_pending_isin,2026-08-14T07:26:02+00:00
RISE 비메모리반도체액티브,38842,2021-06-10,2021-06-09 13:15,20210609000108,"신규상장(KB KBSTAR 비메모리반도체액티브증권상장지수투자신탁(주식), 상장일 2021.06.10)",https://kind.krx.co.kr/disclosure/disclosurebystocktype.do?method=searchDisclosureByStockTypeEtfSub&forward=disclosurebystocktype_etf_sub&currentPageSize=100&pageIndex=1&orderMode=1&orderStat=D&etfIsuSrtCd=&reportCd=&reportTmp=&etfIsuSrtNm=&reportNm=%EC%8B%A0%EA%B7%9C%EC%83%81%EC%9E%A5&fromDate=2021-06-01&toDate=2021-06-30,kind_listing_notice_title,official_notice_pending_isin,2026-08-14T07:26:02+00:00
HANARO 단기채권액티브,39095,2021-06-25,2021-06-23 17:19,20210623000452,"신규상장(NH-Amundi HANARO 단기채권액티브증권상장지수투자신탁(채권), 상장일 2021.06.25)",https://kind.krx.co.kr/disclosure/disclosurebystocktype.do?method=searchDisclosureByStockTypeEtfSub&forward=disclosurebystocktype_etf_sub&currentPageSize=100&pageIndex=1&orderMode=1&orderStat=D&etfIsuSrtCd=&reportCd=&reportTmp=&etfIsuSrtNm=&reportNm=%EC%8B%A0%EA%B7%9C%EC%83%81%EC%9E%A5&fromDate=2021-06-01&toDate=2021-06-30,kind_listing_notice_title,official_notice_pending_isin,2026-08-14T07:26:02+00:00
KODEX 미국반도체,39039,2021-06-30,2021-06-28 17:52,20210628000602,"신규상장(삼성 KODEX 미국반도체MV증권상장지수투자신탁[주식], 상장일 2021.06.30)",https://kind.krx.co.kr/disclosure/disclosurebystocktype.do?method=searchDisclosureByStockTypeEtfSub&forward=disclosurebystocktype_etf_sub&currentPageSize=100&pageIndex=1&orderMode=1&orderStat=D&etfIsuSrtCd=&reportCd=&reportTmp=&etfIsuSrtNm=&reportNm=%EC%8B%A0%EA%B7%9C%EC%83%81%EC%9E%A5&fromDate=2021-06-01&toDate=2021-06-30,kind_listing_notice_title,official_notice_pending_isin,2026-08-14T07:26:02+00:00
KODEX 미국스마트모빌리티S&P,39040,2021-06-30,2021-06-28 17:51,20210628000607,"신규상장(삼성 KODEX 미국스마트모빌리티S&P증권상장지수투자신탁[주식], 상장일 2021.06.30)",https://kind.krx.co.kr/disclosure/disclosurebystocktype.do?method=searchDisclosureByStockTypeEtfSub&forward=disclosurebystocktype_etf_sub&currentPageSize=100&pageIndex=1&orderMode=1&orderStat=D&etfIsuSrtCd=&reportCd=&reportTmp=&etfIsuSrtNm=&reportNm=%EC%8B%A0%EA%B7%9C%EC%83%81%EC%9E%A5&fromDate=2021-06-01&toDate=2021-06-30,kind_listing_notice_title,official_notice_pending_isin,2026-08-14T07:26:02+00:00
HK 하이볼액티브,39168,2021-07-06,2021-07-02 17:22,20210702000337,"신규상장(흥국 HK 하이볼액티브증권상장지수투자신탁(주식), 상장일 2021.07.06)",https://kind.krx.co.kr/disclosure/disclosurebystocktype.do?method=searchDisclosureByStockTypeEtfSub&forward=disclosurebystocktype_etf_sub&currentPageSize=100&pageIndex=1&orderMode=1&orderStat=D&etfIsuSrtCd=&reportCd=&reportTmp=&etfIsuSrtNm=&reportNm=%EC%8B%A0%EA%B7%9C%EC%83%81%EC%9E%A5&fromDate=2021-07-01&toDate=2021-07-31,kind_listing_notice_title,official_notice_pending_isin,2026-08-14T07:26:02+00:00
HK 베스트일레븐액티브,39167,2021-07-06,2021-07-02 17:22,20210702000348,"신규상장(흥국 HK 베스트일레븐액티브증권상장지수투자신탁(주식), 상장일 2021.07.06)",https://kind.krx.co.kr/disclosure/disclosurebystocktype.do?method=searchDisclosureByStockTypeEtfSub&forward=disclosurebystocktype_etf_sub&currentPageSize=100&pageIndex=1&orderMode=1&orderStat=D&etfIsuSrtCd=&reportCd=&reportTmp=&etfIsuSrtNm=&reportNm=%EC%8B%A0%EA%B7%9C%EC%83%81%EC%9E%A5&fromDate=2021-07-01&toDate=2021-07-31,kind_listing_notice_title,official_notice_pending_isin,2026-08-14T07:26:02+00:00
TIGER 글로벌자율주행&전기차SOLACTIVE,39466,2021-07-20,2021-07-16 17:14,20210716000329,"신규상장(미래에셋 TIGER글로벌자율주행&전기차SOLACTIVE증권상장지수투자신탁(주식-파생형), 상장일 2021.07.20)",https://kind.krx.co.kr/disclosure/disclosurebystocktype.do?method=searchDisclosureByStockTypeEtfSub&forward=disclosurebystocktype_etf_sub&currentPageSize=100&pageIndex=1&orderMode=1&orderStat=D&etfIsuSrtCd=&reportCd=&reportTmp=&etfIsuSrtNm=&reportNm=%EC%8B%A0%EA%B7%9C%EC%83%81%EC%9E%A5&fromDate=2021-07-01&toDate=2021-07-31,kind_listing_notice_title,official_notice_pending_isin,2026-08-14T07:26:02+00:00
TIGER 글로벌리튬&2차전지SOLACTIVE(합성),39467,2021-07-20,2021-07-16 17:14,20210716000333,"신규상장(미래에셋 TIGER글로벌리튬&2차전지SOLACTIVE증권상장지수투자신탁(주식-파생형)(합성), 상장일 2021.07.20)",https://kind.krx.co.kr/disclosure/disclosurebystocktype.do?method=searchDisclosureByStockTypeEtfSub&forward=disclosurebystocktype_etf_sub&currentPageSize=100&pageIndex=1&orderMode=1&orderStat=D&etfIsuSrtCd=&reportCd=&reportTmp=&etfIsuSrtNm=&reportNm=%EC%8B%A0%EA%B7%9C%EC%83%81%EC%9E%A5&fromDate=2021-07-01&toDate=2021-07-31,kind_listing_notice_title,official_notice_pending_isin,2026-08-14T07:26:02+00:00
KOSEF 글로벌디지털경제,39434,2021-07-20,2021-07-16 17:14,20210716000414,"신규상장(키움 KOSEF 릭소글로벌디지털경제MSCI증권상장지수투자신탁[주식-재간접형], 상장일 2021.07.20)",https://kind.krx.co.kr/disclosure/disclosurebystocktype.do?method=searchDisclosureByStockTypeEtfSub&forward=disclosurebystocktype_etf_sub&currentPageSize=100&pageIndex=1&orderMode=1&orderStat=D&etfIsuSrtCd=&reportCd=&reportTmp=&etfIsuSrtNm=&reportNm=%EC%8B%A0%EA%B7%9C%EC%83%81%EC%9E%A5&fromDate=2021-07-01&toDate=2021-07-31,kind_listing_notice_title,official_notice_pending_isin,2026-08-14T07:26:02+00:00
KIWOOM 글로벌퓨처모빌리티,39435,2021-07-20,2021-07-16 17:14,20210716000417,"신규상장(키움 KOSEF 릭소글로벌퓨처모빌리티MSCI증권상장지수투자신탁[주식-재간접형], 상장일 2021.07.20)",https://kind.krx.co.kr/disclosure/disclosurebystocktype.do?method=searchDisclosureByStockTypeEtfSub&forward=disclosurebystocktype_etf_sub&currentPageSize=100&pageIndex=1&orderMode=1&orderStat=D&etfIsuSrtCd=&reportCd=&reportTmp=&etfIsuSrtNm=&reportNm=%EC%8B%A0%EA%B7%9C%EC%83%81%EC%9E%A5&fromDate=2021-07-01&toDate=2021-07-31,kind_listing_notice_title,official_notice_pending_isin,2026-08-14T07:26:02+00:00
HANARO Fn K-반도체,39527,2021-07-30,2021-07-28 18:59,20210728000601,"신규상장(NH-Amundi HANARO Fn K-반도체증권상장지수투자신탁(주식), 상장일 2021.07.30)",https://kind.krx.co.kr/disclosure/disclosurebystocktype.do?method=searchDisclosureByStockTypeEtfSub&forward=disclosurebystocktype_etf_sub&currentPageSize=100&pageIndex=1&orderMode=1&orderStat=D&etfIsuSrtCd=&reportCd=&reportTmp=&etfIsuSrtNm=&reportNm=%EC%8B%A0%EA%B7%9C%EC%83%81%EC%9E%A5&fromDate=2021-07-01&toDate=2021-07-31,kind_listing_notice_title,official_notice_pending_isin,2026-08-14T07:26:02+00:00
HANARO Fn K-게임,39528,2021-07-30,2021-07-28 19:01,20210728000602,"신규상장(NH-Amundi HANARO Fn K-게임증권상장지수투자신탁(주식), 상장일 2021.07.30)",https://kind.krx.co.kr/disclosure/disclosurebystocktype.do?method=searchDisclosureByStockTypeEtfSub&forward=disclosurebystocktype_etf_sub&currentPageSize=100&pageIndex=1&orderMode=1&orderStat=D&etfIsuSrtCd=&reportCd=&reportTmp=&etfIsuSrtNm=&reportNm=%EC%8B%A0%EA%B7%9C%EC%83%81%EC%9E%A5&fromDate=2021-07-01&toDate=2021-07-31,kind_listing_notice_title,official_notice_pending_isin,2026-08-14T07:26:02+00:00
HANARO Fn K-POP&미디어,39529,2021-07-30,2021-07-28 19:02,20210728000603,"신규상장(NH-Amundi HANARO Fn K-POP&미디어증권상장지수투자신탁(주식), 상장일 2021.07.30)",https://kind.krx.co.kr/disclosure/disclosurebystocktype.do?method=searchDisclosureByStockTypeEtfSub&forward=disclosurebystocktype_etf_sub&currentPageSize=100&pageIndex=1&orderMode=1&orderStat=D&etfIsuSrtCd=&reportCd=&reportTmp=&etfIsuSrtNm=&reportNm=%EC%8B%A0%EA%B7%9C%EC%83%81%EC%9E%A5&fromDate=2021-07-01&toDate=2021-07-31,kind_listing_notice_title,official_notice_pending_isin,2026-08-14T07:26:02+00:00
PLUS ESG성장주액티브,39576,2021-07-30,2021-07-28 19:06,20210728000605,"신규상장(한화 ARIRANG ESG성장주액티브증권상장지수투자신탁(주식), 상장일 2021.07.30)",https://kind.krx.co.kr/disclosure/disclosurebystocktype.do?method=searchDisclosureByStockTypeEtfSub&forward=disclosurebystocktype_etf_sub&currentPageSize=100&pageIndex=1&orderMode=1&orderStat=D&etfIsuSrtCd=&reportCd=&reportTmp=&etfIsuSrtNm=&reportNm=%EC%8B%A0%EA%B7%9C%EC%83%81%EC%9E%A5&fromDate=2021-07-01&toDate=2021-07-31,kind_listing_notice_title,official_notice_pending_isin,2026-08-14T07:26:02+00:00
PLUS ESG가치주액티브,39575,2021-07-30,2021-07-28 19:06,20210728000606,"신규상장(한화 ARIRANG ESG가치주액티브증권상장지수투자신탁(주식), 상장일 2021.07.30)",https://kind.krx.co.kr/disclosure/disclosurebystocktype.do?method=searchDisclosureByStockTypeEtfSub&forward=disclosurebystocktype_etf_sub&currentPageSize=100&pageIndex=1&orderMode=1&orderStat=D&etfIsuSrtCd=&reportCd=&reportTmp=&etfIsuSrtNm=&reportNm=%EC%8B%A0%EA%B7%9C%EC%83%81%EC%9E%A5&fromDate=2021-07-01&toDate=2021-07-31,kind_listing_notice_title,official_notice_pending_isin,2026-08-14T07:26:02+00:00
KODEX AI반도체TOP2플러스,39516,2021-07-30,2021-07-28 19:00,20210728000607,"신규상장(삼성 KODEX Fn시스템반도체증권상장지수투자신탁[주식], 상장일 2021.07.30)",https://kind.krx.co.kr/disclosure/disclosurebystocktype.do?method=searchDisclosureByStockTypeEtfSub&forward=disclosurebystocktype_etf_sub&currentPageSize=100&pageIndex=1&orderMode=1&orderStat=D&etfIsuSrtCd=&reportCd=&reportTmp=&etfIsuSrtNm=&reportNm=%EC%8B%A0%EA%B7%9C%EC%83%81%EC%9E%A5&fromDate=2021-07-01&toDate=2021-07-31,kind_listing_notice_title,official_notice_pending_isin,2026-08-14T07:26:02+00:00
KODEX 웹툰&드라마,39515,2021-07-30,2021-07-28 19:00,20210728000608,"신규상장(삼성 KODEX Fn웹툰&드라마증권상장지수투자신탁[주식], 상장일 2021.07.30)",https://kind.krx.co.kr/disclosure/disclosurebystocktype.do?method=searchDisclosureByStockTypeEtfSub&forward=disclosurebystocktype_etf_sub&currentPageSize=100&pageIndex=1&orderMode=1&orderStat=D&etfIsuSrtCd=&reportCd=&reportTmp=&etfIsuSrtNm=&reportNm=%EC%8B%A0%EA%B7%9C%EC%83%81%EC%9E%A5&fromDate=2021-07-01&toDate=2021-07-31,kind_listing_notice_title,official_notice_pending_isin,2026-08-14T07:26:02+00:00
KODEX Top10동일가중,39517,2021-07-30,2021-07-28 19:00,20210728000609,"신규상장(삼성 KODEX Fn Top10동일가중증권상장지수투자신탁[주식], 상장일 2021.07.30)",https://kind.krx.co.kr/disclosure/disclosurebystocktype.do?method=searchDisclosureByStockTypeEtfSub&forward=disclosurebystocktype_etf_sub&currentPageSize=100&pageIndex=1&orderMode=1&orderStat=D&etfIsuSrtCd=&reportCd=&reportTmp=&etfIsuSrtNm=&reportNm=%EC%8B%A0%EA%B7%9C%EC%83%81%EC%9E%A5&fromDate=2021-07-01&toDate=2021-07-31,kind_listing_notice_title,official_notice_pending_isin,2026-08-14T07:26:02+00:00
ACE 미국스팩&IPO INDXX,39159,2021-08-05,2021-08-03 16:44,20210803000375,"신규상장(한국투자 KINDEX 미국스팩&IPO INDXX증권상장지수투자신탁(주식), 상장일 2021.08.05)",https://kind.krx.co.kr/disclosure/disclosurebystocktype.do?method=searchDisclosureByStockTypeEtfSub&forward=disclosurebystocktype_etf_sub&currentPageSize=100&pageIndex=1&orderMode=1&orderStat=D&etfIsuSrtCd=&reportCd=&reportTmp=&etfIsuSrtNm=&reportNm=%EC%8B%A0%EA%B7%9C%EC%83%81%EC%9E%A5&fromDate=2021-08-01&toDate=2021-08-31,kind_listing_notice_title,official_notice_pending_isin,2026-08-14T07:26:02+00:00
ACE 미국친환경그린테마,39160,2021-08-05,2021-08-03 16:44,20210803000377,"신규상장(한국투자 KINDEX 미국친환경그린테마INDXX증권상장지수투자신탁(주식), 상장일 2021.08.05)",https://kind.krx.co.kr/disclosure/disclosurebystocktype.do?method=searchDisclosureByStockTypeEtfSub&forward=disclosurebystocktype_etf_sub&currentPageSize=100&pageIndex=1&orderMode=1&orderStat=D&etfIsuSrtCd=&reportCd=&reportTmp=&etfIsuSrtNm=&reportNm=%EC%8B%A0%EA%B7%9C%EC%83%81%EC%9E%A5&fromDate=2021-08-01&toDate=2021-08-31,kind_listing_notice_title,official_notice_pending_isin,2026-08-14T07:26:02+00:00
TIGER 차이나반도체FACTSET,39652,2021-08-10,2021-08-06 17:39,20210806000382,"신규상장(미래에셋 TIGER 차이나반도체FACTSET증권상장지수투자신탁(주식-파생형), 상장일 2021.08.10)",https://kind.krx.co.kr/disclosure/disclosurebystocktype.do?method=searchDisclosureByStockTypeEtfSub&forward=disclosurebystocktype_etf_sub&currentPageSize=100&pageIndex=1&orderMode=1&orderStat=D&etfIsuSrtCd=&reportCd=&reportTmp=&etfIsuSrtNm=&reportNm=%EC%8B%A0%EA%B7%9C%EC%83%81%EC%9E%A5&fromDate=2021-08-01&toDate=2021-08-31,kind_listing_notice_title,official_notice_pending_isin,2026-08-14T07:26:02+00:00
TIGER 반도체TOP10,39650,2021-08-10,2021-08-06 17:39,20210806000397,"신규상장(미래에셋 TIGER Fn반도체TOP10증권상장지수투자신탁(주식), 상장일 2021.08.10)",https://kind.krx.co.kr/disclosure/disclosurebystocktype.do?method=searchDisclosureByStockTypeEtfSub&forward=disclosurebystocktype_etf_sub&currentPageSize=100&pageIndex=1&orderMode=1&orderStat=D&etfIsuSrtCd=&reportCd=&reportTmp=&etfIsuSrtNm=&reportNm=%EC%8B%A0%EA%B7%9C%EC%83%81%EC%9E%A5&fromDate=2021-08-01&toDate=2021-08-31,kind_listing_notice_title,official_notice_pending_isin,2026-08-14T07:26:02+00:00
TIGER 차이나클린에너지SOLACTIVE,39651,2021-08-10,2021-08-06 17:39,20210806000438,"신규상장(미래에셋 TIGER 차이나클린에너지SOLACTIVE증권상장지수투자신탁(주식-파생형), 상장일 2021.08.10)",https://kind.krx.co.kr/disclosure/disclosurebystocktype.do?method=searchDisclosureByStockTypeEtfSub&forward=disclosurebystocktype_etf_sub&currentPageSize=100&pageIndex=1&orderMode=1&orderStat=D&etfIsuSrtCd=&reportCd=&reportTmp=&etfIsuSrtNm=&reportNm=%EC%8B%A0%EA%B7%9C%EC%83%81%EC%9E%A5&fromDate=2021-08-01&toDate=2021-08-31,kind_listing_notice_title,official_notice_pending_isin,2026-08-14T07:26:02+00:00
RISE 국채선물5년추종,39742,2021-08-31,2021-08-27 16:53,20210827000435,"신규상장(KB KBSTAR 국채선물5년추종증권상장지수투자신탁(채권-파생형), 상장일 2021.08.31)",https://kind.krx.co.kr/disclosure/disclosurebystocktype.do?method=searchDisclosureByStockTypeEtfSub&forward=disclosurebystocktype_etf_sub&currentPageSize=100&pageIndex=1&orderMode=1&orderStat=D&etfIsuSrtCd=&reportCd=&reportTmp=&etfIsuSrtNm=&reportNm=%EC%8B%A0%EA%B7%9C%EC%83%81%EC%9E%A5&fromDate=2021-08-01&toDate=2021-08-31,kind_listing_notice_title,official_notice_pending_isin,2026-08-14T07:26:02+00:00
RISE 국채선물5년추종인버스,39741,2021-08-31,2021-08-27 16:53,20210827000440,"신규상장(KB KBSTAR 국채선물5년추종인버스증권상장지수투자신탁(채권-파생형), 상장일 2021.08.31)",https://kind.krx.co.kr/disclosure/disclosurebystocktype.do?method=searchDisclosureByStockTypeEtfSub&forward=disclosurebystocktype_etf_sub&currentPageSize=100&pageIndex=1&orderMode=1&orderStat=D&etfIsuSrtCd=&reportCd=&reportTmp=&etfIsuSrtNm=&reportNm=%EC%8B%A0%EA%B7%9C%EC%83%81%EC%9E%A5&fromDate=2021-08-01&toDate=2021-08-31,kind_listing_notice_title,official_notice_pending_isin,2026-08-14T07:26:02+00:00
SOL 미국S&P500ESG,39911,2021-09-14,2021-09-10 13:10,20210910000114,"신규상장(신한 SOL 미국S&P500ESG증권상장지수투자신탁[주식], 상장일 2021.09.14)",https://kind.krx.co.kr/disclosure/disclosurebystocktype.do?method=searchDisclosureByStockTypeEtfSub&forward=disclosurebystocktype_etf_sub&currentPageSize=100&pageIndex=1&orderMode=1&orderStat=D&etfIsuSrtCd=&reportCd=&reportTmp=&etfIsuSrtNm=&reportNm=%EC%8B%A0%EA%B7%9C%EC%83%81%EC%9E%A5&fromDate=2021-09-01&toDate=2021-09-30,kind_listing_notice_title,official_notice_pending_isin,2026-08-14T07:26:02+00:00
KODEX 유럽탄소배출권선물ICE(H),40057,2021-09-30,2021-09-28 17:50,20210928000326,"신규상장(삼성 KODEX 유럽탄소배출권선물ICE특별자산상장지수투자신탁[탄소배출권-파생형](H), 상장일 2021.09.30)",https://kind.krx.co.kr/disclosure/disclosurebystocktype.do?method=searchDisclosureByStockTypeEtfSub&forward=disclosurebystocktype_etf_sub&currentPageSize=100&pageIndex=1&orderMode=1&orderStat=D&etfIsuSrtCd=&reportCd=&reportTmp=&etfIsuSrtNm=&reportNm=%EC%8B%A0%EA%B7%9C%EC%83%81%EC%9E%A5&fromDate=2021-09-01&toDate=2021-09-30,kind_listing_notice_title,official_notice_pending_isin,2026-08-14T07:26:02+00:00
HANARO 글로벌탄소배출권선물ICE(합성),40159,2021-09-30,2021-09-28 17:50,20210928000334,"신규상장(NH-Amundi HANARO 글로벌탄소배출권선물ICE특별자산ETF(탄소배출권-파생형)(합성), 상장일 2021.09.30)",https://kind.krx.co.kr/disclosure/disclosurebystocktype.do?method=searchDisclosureByStockTypeEtfSub&forward=disclosurebystocktype_etf_sub&currentPageSize=100&pageIndex=1&orderMode=1&orderStat=D&etfIsuSrtCd=&reportCd=&reportTmp=&etfIsuSrtNm=&reportNm=%EC%8B%A0%EA%B7%9C%EC%83%81%EC%9E%A5&fromDate=2021-09-01&toDate=2021-09-30,kind_listing_notice_title,official_notice_pending_isin,2026-08-14T07:26:02+00:00
SOL 유럽탄소배출권선물S&P(H),40058,2021-09-30,2021-09-28 17:51,20210928000337,"신규상장(신한 SOL 유럽탄소배출권선물S&P특별자산상장지수투자신탁[탄소배출권-파생형](H), 상장일 2021.09.30)",https://kind.krx.co.kr/disclosure/disclosurebystocktype.do?method=searchDisclosureByStockTypeEtfSub&forward=disclosurebystocktype_etf_sub&currentPageSize=100&pageIndex=1&orderMode=1&orderStat=D&etfIsuSrtCd=&reportCd=&reportTmp=&etfIsuSrtNm=&reportNm=%EC%8B%A0%EA%B7%9C%EC%83%81%EC%9E%A5&fromDate=2021-09-01&toDate=2021-09-30,kind_listing_notice_title,official_notice_pending_isin,2026-08-14T07:26:02+00:00
SOL 글로벌탄소배출권선물ICE(합성),40059,2021-09-30,2021-09-28 17:51,20210928000339,"신규상장(신한 SOL 글로벌탄소배출권선물IHS특별자산ETF[탄소배출권-파생형](합성), 상장일 2021.09.30)",https://kind.krx.co.kr/disclosure/disclosurebystocktype.do?method=searchDisclosureByStockTypeEtfSub&forward=disclosurebystocktype_etf_sub&currentPageSize=100&pageIndex=1&orderMode=1&orderStat=D&etfIsuSrtCd=&reportCd=&reportTmp=&etfIsuSrtNm=&reportNm=%EC%8B%A0%EA%B7%9C%EC%83%81%EC%9E%A5&fromDate=2021-09-01&toDate=2021-09-30,kind_listing_notice_title,official_notice_pending_isin,2026-08-14T07:26:02+00:00
FOCUS 혁신기업액티브,40252,2021-09-30,2021-09-28 17:51,20210928000344,"신규상장(브이아이 FOCUS 혁신기업액티브증권상장지수투자신탁[주식], 상장일 2021.09.30)",https://kind.krx.co.kr/disclosure/disclosurebystocktype.do?method=searchDisclosureByStockTypeEtfSub&forward=disclosurebystocktype_etf_sub&currentPageSize=100&pageIndex=1&orderMode=1&orderStat=D&etfIsuSrtCd=&reportCd=&reportTmp=&etfIsuSrtNm=&reportNm=%EC%8B%A0%EA%B7%9C%EC%83%81%EC%9E%A5&fromDate=2021-09-01&toDate=2021-09-30,kind_listing_notice_title,official_notice_pending_isin,2026-08-14T07:26:02+00:00
HANARO Fn K-메타버스MZ,40246,2021-10-13,2021-10-08 17:26,20211008000526,"신규상장(NH-Amundi HANARO Fn K-메타버스MZ증권상장지수투자신탁(주식), 상장일 2021.10.13)",https://kind.krx.co.kr/disclosure/disclosurebystocktype.do?method=searchDisclosureByStockTypeEtfSub&forward=disclosurebystocktype_etf_sub&currentPageSize=100&pageIndex=1&orderMode=1&orderStat=D&etfIsuSrtCd=&reportCd=&reportTmp=&etfIsuSrtNm=&reportNm=%EC%8B%A0%EA%B7%9C%EC%83%81%EC%9E%A5&fromDate=2021-10-01&toDate=2021-10-31,kind_listing_notice_title,official_notice_pending_isin,2026-08-14T07:26:02+00:00
TIGER Fn메타버스,40097,2021-10-13,2021-10-08 17:26,20211008000528,"신규상장(미래에셋 TIGER Fn메타버스증권상장지수투자신탁(주식), 상장일 2021.10.13)",https://kind.krx.co.kr/disclosure/disclosurebystocktype.do?method=searchDisclosureByStockTypeEtfSub&forward=disclosurebystocktype_etf_sub&currentPageSize=100&pageIndex=1&orderMode=1&orderStat=D&etfIsuSrtCd=&reportCd=&reportTmp=&etfIsuSrtNm=&reportNm=%EC%8B%A0%EA%B7%9C%EC%83%81%EC%9E%A5&fromDate=2021-10-01&toDate=2021-10-31,kind_listing_notice_title,official_notice_pending_isin,2026-08-14T07:26:02+00:00
RISE 메타버스,40117,2021-10-13,2021-10-08 17:26,20211008000529,"신규상장(KB KBSTAR iSelect메타버스증권상장지수투자신탁(주식), 상장일 2021.10.13)",https://kind.krx.co.kr/disclosure/disclosurebystocktype.do?method=searchDisclosureByStockTypeEtfSub&forward=disclosurebystocktype_etf_sub&currentPageSize=100&pageIndex=1&orderMode=1&orderStat=D&etfIsuSrtCd=&reportCd=&reportTmp=&etfIsuSrtNm=&reportNm=%EC%8B%A0%EA%B7%9C%EC%83%81%EC%9E%A5&fromDate=2021-10-01&toDate=2021-10-31,kind_listing_notice_title,official_notice_pending_isin,2026-08-14T07:26:02+00:00
KODEX 메타버스액티브,40147,2021-10-13,2021-10-08 17:26,20211008000532,"신규상장(삼성 KODEX K-메타버스액티브증권상장지수투자신탁[주식], 상장일 2021.10.13)",https://kind.krx.co.kr/disclosure/disclosurebystocktype.do?method=searchDisclosureByStockTypeEtfSub&forward=disclosurebystocktype_etf_sub&currentPageSize=100&pageIndex=1&orderMode=1&orderStat=D&etfIsuSrtCd=&reportCd=&reportTmp=&etfIsuSrtNm=&reportNm=%EC%8B%A0%EA%B7%9C%EC%83%81%EC%9E%A5&fromDate=2021-10-01&toDate=2021-10-31,kind_listing_notice_title,official_notice_pending_isin,2026-08-14T07:26:02+00:00
MIDAS 코스피액티브,40379,2021-10-13,2021-10-08 17:26,20211008000612,"신규상장(마이다스 마이다스 KoreaStock액티브증권상장지수투자신탁(주식), 상장일 2021.10.13)",https://kind.krx.co.kr/disclosure/disclosurebystocktype.do?method=searchDisclosureByStockTypeEtfSub&forward=disclosurebystocktype_etf_sub&currentPageSize=100&pageIndex=1&orderMode=1&orderStat=D&etfIsuSrtCd=&reportCd=&reportTmp=&etfIsuSrtNm=&reportNm=%EC%8B%A0%EA%B7%9C%EC%83%81%EC%9E%A5&fromDate=2021-10-01&toDate=2021-10-31,kind_listing_notice_title,official_notice_pending_isin,2026-08-14T07:26:02+00:00
ACE 미국배당다우존스,40297,2021-10-21,2021-10-19 17:07,20211019000065,"신규상장(한국투자 KINDEX 미국고배당S&P증권상장지수투자신탁(주식), 상장일 2021.10.21)",https://kind.krx.co.kr/disclosure/disclosurebystocktype.do?method=searchDisclosureByStockTypeEtfSub&forward=disclosurebystocktype_etf_sub&currentPageSize=100&pageIndex=1&orderMode=1&orderStat=D&etfIsuSrtCd=&reportCd=&reportTmp=&etfIsuSrtNm=&reportNm=%EC%8B%A0%EA%B7%9C%EC%83%81%EC%9E%A5&fromDate=2021-10-01&toDate=2021-10-31,kind_listing_notice_title,official_notice_pending_isin,2026-08-14T07:26:02+00:00
RISE 글로벌클린에너지,39958,2021-10-21,2021-10-19 17:07,20211019000176,"신규상장(KB KBSTAR 글로벌클린에너지S&P증권상장지수투자신탁(주식), 상장일 2021.10.21)",https://kind.krx.co.kr/disclosure/disclosurebystocktype.do?method=searchDisclosureByStockTypeEtfSub&forward=disclosurebystocktype_etf_sub&currentPageSize=100&pageIndex=1&orderMode=1&orderStat=D&etfIsuSrtCd=&reportCd=&reportTmp=&etfIsuSrtNm=&reportNm=%EC%8B%A0%EA%B7%9C%EC%83%81%EC%9E%A5&fromDate=2021-10-01&toDate=2021-10-31,kind_listing_notice_title,official_notice_pending_isin,2026-08-14T07:26:02+00:00
KBSTAR KRX기후변화솔루션,40399,2021-10-29,2021-10-27 14:14,20211027000175,"신규상장(KB KBSTAR KRX기후변화솔루션증권상장지수투자신탁(주식), 상장일 2021.10.29)",https://kind.krx.co.kr/disclosure/disclosurebystocktype.do?method=searchDisclosureByStockTypeEtfSub&forward=disclosurebystocktype_etf_sub&currentPageSize=100&pageIndex=1&orderMode=1&orderStat=D&etfIsuSrtCd=&reportCd=&reportTmp=&etfIsuSrtNm=&reportNm=%EC%8B%A0%EA%B7%9C%EC%83%81%EC%9E%A5&fromDate=2021-10-01&toDate=2021-10-31,kind_listing_notice_title,official_notice_pending_isin,2026-08-14T07:26:02+00:00
HANARO KRX기후변화솔루션,40447,2021-10-29,2021-10-27 14:14,20211027000176,"신규상장(NH-Amundi HANARO KRX기후변화솔루션증권상장지수투자신탁(주식), 상장일 2021.10.29)",https://kind.krx.co.kr/disclosure/disclosurebystocktype.do?method=searchDisclosureByStockTypeEtfSub&forward=disclosurebystocktype_etf_sub&currentPageSize=100&pageIndex=1&orderMode=1&orderStat=D&etfIsuSrtCd=&reportCd=&reportTmp=&etfIsuSrtNm=&reportNm=%EC%8B%A0%EA%B7%9C%EC%83%81%EC%9E%A5&fromDate=2021-10-01&toDate=2021-10-31,kind_listing_notice_title,official_notice_pending_isin,2026-08-14T07:26:02+00:00
TIGER KRX기후변화솔루션,40454,2021-10-29,2021-10-27 14:14,20211027000178,"신규상장(미래에셋 TIGER KRX기후변화솔루션증권상장지수투자신탁(주식), 상장일 2021.10.29)",https://kind.krx.co.kr/disclosure/disclosurebystocktype.do?method=searchDisclosureByStockTypeEtfSub&forward=disclosurebystocktype_etf_sub&currentPageSize=100&pageIndex=1&orderMode=1&orderStat=D&etfIsuSrtCd=&reportCd=&reportTmp=&etfIsuSrtNm=&reportNm=%EC%8B%A0%EA%B7%9C%EC%83%81%EC%9E%A5&fromDate=2021-10-01&toDate=2021-10-31,kind_listing_notice_title,official_notice_pending_isin,2026-08-14T07:26:02+00:00
KODEX 기후변화솔루션,40426,2021-10-29,2021-10-27 14:15,20211027000179,"신규상장(삼성 KODEX KRX기후변화솔루션증권상장지수투자신탁[주식], 상장일 2021.10.29)",https://kind.krx.co.kr/disclosure/disclosurebystocktype.do?method=searchDisclosureByStockTypeEtfSub&forward=disclosurebystocktype_etf_sub&currentPageSize=100&pageIndex=1&orderMode=1&orderStat=D&etfIsuSrtCd=&reportCd=&reportTmp=&etfIsuSrtNm=&reportNm=%EC%8B%A0%EA%B7%9C%EC%83%81%EC%9E%A5&fromDate=2021-10-01&toDate=2021-10-31,kind_listing_notice_title,official_notice_pending_isin,2026-08-14T07:26:02+00:00
SOL KRX기후변화솔루션,40465,2021-10-29,2021-10-27 14:15,20211027000188,"신규상장(신한 SOL KRX기후변화솔루션증권상장지수투자신탁[주식], 상장일 2021.10.29)",https://kind.krx.co.kr/disclosure/disclosurebystocktype.do?method=searchDisclosureByStockTypeEtfSub&forward=disclosurebystocktype_etf_sub&currentPageSize=100&pageIndex=1&orderMode=1&orderStat=D&etfIsuSrtCd=&reportCd=&reportTmp=&etfIsuSrtNm=&reportNm=%EC%8B%A0%EA%B7%9C%EC%83%81%EC%9E%A5&fromDate=2021-10-01&toDate=2021-10-31,kind_listing_notice_title,official_notice_pending_isin,2026-08-14T07:26:02+00:00
TIME K신재생에너지액티브,40412,2021-10-29,2021-10-27 14:15,20211027000189,"신규상장(타임폴리오 TIMEFOLIO 탄소중립액티브증권상장지수투자신탁[주식], 상장일 2021.10.29)",https://kind.krx.co.kr/disclosure/disclosurebystocktype.do?method=searchDisclosureByStockTypeEtfSub&forward=disclosurebystocktype_etf_sub&currentPageSize=100&pageIndex=1&orderMode=1&orderStat=D&etfIsuSrtCd=&reportCd=&reportTmp=&etfIsuSrtNm=&reportNm=%EC%8B%A0%EA%B7%9C%EC%83%81%EC%9E%A5&fromDate=2021-10-01&toDate=2021-10-31,kind_listing_notice_title,official_notice_pending_isin,2026-08-14T07:26:02+00:00
에셋플러스 코리아플랫폼액티브,40782,2021-11-16,2021-11-12 17:22,20211112001073,"신규상장(에셋플러스 에셋플러스 코리아플랫폼액티브증권상장지수투자신탁(주식), 상장일 2021.11.16)",https://kind.krx.co.kr/disclosure/disclosurebystocktype.do?method=searchDisclosureByStockTypeEtfSub&forward=disclosurebystocktype_etf_sub&currentPageSize=100&pageIndex=1&orderMode=1&orderStat=D&etfIsuSrtCd=&reportCd=&reportTmp=&etfIsuSrtNm=&reportNm=%EC%8B%A0%EA%B7%9C%EC%83%81%EC%9E%A5&fromDate=2021-11-01&toDate=2021-11-30,kind_listing_notice_title,official_notice_pending_isin,2026-08-14T07:26:02+00:00
에셋플러스 글로벌플랫폼액티브,40783,2021-11-16,2021-11-12 17:21,20211112001075,"신규상장(에셋플러스 에셋플러스 글로벌플랫폼액티브증권상장지수투자신탁(주식), 상장일 2021.11.16)",https://kind.krx.co.kr/disclosure/disclosurebystocktype.do?method=searchDisclosureByStockTypeEtfSub&forward=disclosurebystocktype_etf_sub&currentPageSize=100&pageIndex=1&orderMode=1&orderStat=D&etfIsuSrtCd=&reportCd=&reportTmp=&etfIsuSrtNm=&reportNm=%EC%8B%A0%EA%B7%9C%EC%83%81%EC%9E%A5&fromDate=2021-11-01&toDate=2021-11-30,kind_listing_notice_title,official_notice_pending_isin,2026-08-14T07:26:02+00:00
KCGI 스마트커머스액티브,40717,2021-11-16,2021-11-12 17:21,20211112001079,"신규상장(메리츠 MASTER 스마트커머스액티브증권상장지수투자신탁(주식), 상장일 2021.11.16)",https://kind.krx.co.kr/disclosure/disclosurebystocktype.do?method=searchDisclosureByStockTypeEtfSub&forward=disclosurebystocktype_etf_sub&currentPageSize=100&pageIndex=1&orderMode=1&orderStat=D&etfIsuSrtCd=&reportCd=&reportTmp=&etfIsuSrtNm=&reportNm=%EC%8B%A0%EA%B7%9C%EC%83%81%EC%9E%A5&fromDate=2021-11-01&toDate=2021-11-30,kind_listing_notice_title,official_notice_pending_isin,2026-08-14T07:26:02+00:00
KCGI 테크미디어텔레콤액티브,40716,2021-11-16,2021-11-12 17:21,20211112001081,"신규상장(메리츠 MASTER TMT테크미디어텔레콤액티브증권상장지수투자신탁(주식), 상장일 2021.11.16)",https://kind.krx.co.kr/disclosure/disclosurebystocktype.do?method=searchDisclosureByStockTypeEtfSub&forward=disclosurebystocktype_etf_sub&currentPageSize=100&pageIndex=1&orderMode=1&orderStat=D&etfIsuSrtCd=&reportCd=&reportTmp=&etfIsuSrtNm=&reportNm=%EC%8B%A0%EA%B7%9C%EC%83%81%EC%9E%A5&fromDate=2021-11-01&toDate=2021-11-30,kind_listing_notice_title,official_notice_pending_isin,2026-08-14T07:26:02+00:00
HANARO 200 TOP10,40731,2021-11-24,2021-11-22 17:35,20211122000380,"신규상장(NH-Amundi HANARO 200 TOP10 증권상장지수투자신탁(주식), 상장일 2021.11.24)",https://kind.krx.co.kr/disclosure/disclosurebystocktype.do?method=searchDisclosureByStockTypeEtfSub&forward=disclosurebystocktype_etf_sub&currentPageSize=100&pageIndex=1&orderMode=1&orderStat=D&etfIsuSrtCd=&reportCd=&reportTmp=&etfIsuSrtNm=&reportNm=%EC%8B%A0%EA%B7%9C%EC%83%81%EC%9E%A5&fromDate=2021-11-01&toDate=2021-11-30,kind_listing_notice_title,official_notice_pending_isin,2026-08-14T07:26:02+00:00
HANARO Fn골프테마,40730,2021-11-24,2021-11-22 17:36,20211122000383,"신규상장(NH-Amundi HANARO Fn골프테마 증권상장지수투자신탁(주식), 상장일 2021.11.24)",https://kind.krx.co.kr/disclosure/disclosurebystocktype.do?method=searchDisclosureByStockTypeEtfSub&forward=disclosurebystocktype_etf_sub&currentPageSize=100&pageIndex=1&orderMode=1&orderStat=D&etfIsuSrtCd=&reportCd=&reportTmp=&etfIsuSrtNm=&reportNm=%EC%8B%A0%EA%B7%9C%EC%83%81%EC%9E%A5&fromDate=2021-11-01&toDate=2021-11-30,kind_listing_notice_title,official_notice_pending_isin,2026-08-14T07:26:02+00:00
SOL 200 Top10,41154,2021-12-09,2021-12-07 17:34,20211207000376,"신규상장(신한 SOL 200 Top10증권상장지수투자신탁[주식], 상장일 2021.12.09)",https://kind.krx.co.kr/disclosure/disclosurebystocktype.do?method=searchDisclosureByStockTypeEtfSub&forward=disclosurebystocktype_etf_sub&currentPageSize=100&pageIndex=1&orderMode=1&orderStat=D&etfIsuSrtCd=&reportCd=&reportTmp=&etfIsuSrtNm=&reportNm=%EC%8B%A0%EA%B7%9C%EC%83%81%EC%9E%A5&fromDate=2021-12-01&toDate=2021-12-31,kind_listing_notice_title,official_notice_pending_isin,2026-08-14T07:26:02+00:00
KODEX 미국나스닥100선물인버스(H),40981,2021-12-09,2021-12-07 17:33,20211207000384,"신규상장(삼성 KODEX 미국나스닥100선물인버스증권상장지수투자신탁[주식-파생형](H), 상장일 2021.12.09)",https://kind.krx.co.kr/disclosure/disclosurebystocktype.do?method=searchDisclosureByStockTypeEtfSub&forward=disclosurebystocktype_etf_sub&currentPageSize=100&pageIndex=1&orderMode=1&orderStat=D&etfIsuSrtCd=&reportCd=&reportTmp=&etfIsuSrtNm=&reportNm=%EC%8B%A0%EA%B7%9C%EC%83%81%EC%9E%A5&fromDate=2021-12-01&toDate=2021-12-31,kind_listing_notice_title,official_notice_pending_isin,2026-08-14T07:26:02+00:00
KODEX 미국나스닥100레버리지(합성 H),40982,2021-12-09,2021-12-07 17:33,20211207000385,"신규상장(삼성 KODEX 미국나스닥100레버리지증권상장지수투자신탁[주식-파생형](합성 H), 상장일 2021.12.09)",https://kind.krx.co.kr/disclosure/disclosurebystocktype.do?method=searchDisclosureByStockTypeEtfSub&forward=disclosurebystocktype_etf_sub&currentPageSize=100&pageIndex=1&orderMode=1&orderStat=D&etfIsuSrtCd=&reportCd=&reportTmp=&etfIsuSrtNm=&reportNm=%EC%8B%A0%EA%B7%9C%EC%83%81%EC%9E%A5&fromDate=2021-12-01&toDate=2021-12-31,kind_listing_notice_title,official_notice_pending_isin,2026-08-14T07:26:02+00:00
ACE KRX금현물,41106,2021-12-15,2021-12-13 18:03,20211213000441,"신규상장(한국투자 KINDEX KRX금현물특별자산상장지수투자신탁(금), 상장일 2021.12.15)",https://kind.krx.co.kr/disclosure/disclosurebystocktype.do?method=searchDisclosureByStockTypeEtfSub&forward=disclosurebystocktype_etf_sub&currentPageSize=100&pageIndex=1&orderMode=1&orderStat=D&etfIsuSrtCd=&reportCd=&reportTmp=&etfIsuSrtNm=&reportNm=%EC%8B%A0%EA%B7%9C%EC%83%81%EC%9E%A5&fromDate=2021-12-01&toDate=2021-12-31,kind_listing_notice_title,official_notice_pending_isin,2026-08-14T07:26:02+00:00
TIGER BBIG레버리지,41256,2021-12-15,2021-12-13 18:11,20211213000692,"신규상장(미래에셋 TIGER KRX BBIG K-뉴딜레버리지증권상장지수투자신탁(주식-파생형), 상장일 2021.12.15)",https://kind.krx.co.kr/disclosure/disclosurebystocktype.do?method=searchDisclosureByStockTypeEtfSub&forward=disclosurebystocktype_etf_sub&currentPageSize=100&pageIndex=1&orderMode=1&orderStat=D&etfIsuSrtCd=&reportCd=&reportTmp=&etfIsuSrtNm=&reportNm=%EC%8B%A0%EA%B7%9C%EC%83%81%EC%9E%A5&fromDate=2021-12-01&toDate=2021-12-31,kind_listing_notice_title,official_notice_pending_isin,2026-08-14T07:26:02+00:00
TIGER 2차전지TOP10레버리지,41257,2021-12-15,2021-12-13 18:11,20211213000696,"신규상장(미래에셋 TIGER KRX2차전지K-뉴딜레버리지증권상장지수투자신탁(주식-파생형), 상장일 2021.12.15)",https://kind.krx.co.kr/disclosure/disclosurebystocktype.do?method=searchDisclosureByStockTypeEtfSub&forward=disclosurebystocktype_etf_sub&currentPageSize=100&pageIndex=1&orderMode=1&orderStat=D&etfIsuSrtCd=&reportCd=&reportTmp=&etfIsuSrtNm=&reportNm=%EC%8B%A0%EA%B7%9C%EC%83%81%EC%9E%A5&fromDate=2021-12-01&toDate=2021-12-31,kind_listing_notice_title,official_notice_pending_isin,2026-08-14T07:26:02+00:00
TIME K컬처액티브,41087,2021-12-15,2021-12-13 18:07,20211213000764,"신규상장(타임폴리오 TIMEFOLIO K컬처액티브증권상장지수투자신탁, 상장일 2021.12.15)",https://kind.krx.co.kr/disclosure/disclosurebystocktype.do?method=searchDisclosureByStockTypeEtfSub&forward=disclosurebystocktype_etf_sub&currentPageSize=100&pageIndex=1&orderMode=1&orderStat=D&etfIsuSrtCd=&reportCd=&reportTmp=&etfIsuSrtNm=&reportNm=%EC%8B%A0%EA%B7%9C%EC%83%81%EC%9E%A5&fromDate=2021-12-01&toDate=2021-12-31,kind_listing_notice_title,official_notice_pending_isin,2026-08-14T07:26:02+00:00
TIGER 글로벌AI플랫폼액티브,41277,2021-12-22,2021-12-20 17:39,20211220000166,"신규상장(미래에셋 TIGER 글로벌메타버스액티브증권상장지수투자신탁(주식), 상장일 2021.12.22)",https://kind.krx.co.kr/disclosure/disclosurebystocktype.do?method=searchDisclosureByStockTypeEtfSub&forward=disclosurebystocktype_etf_sub&currentPageSize=100&pageIndex=1&orderMode=1&orderStat=D&etfIsuSrtCd=&reportCd=&reportTmp=&etfIsuSrtNm=&reportNm=%EC%8B%A0%EA%B7%9C%EC%83%81%EC%9E%A5&fromDate=2021-12-01&toDate=2021-12-31,kind_listing_notice_title,official_notice_pending_isin,2026-08-14T07:26:02+00:00
RISE 글로벌메타버스,41172,2021-12-22,2021-12-20 17:39,20211220000167,"신규상장(KB KBSTAR 글로벌메타버스Moorgate증권상장지수투자신탁(주식), 상장일 2021.12.22)",https://kind.krx.co.kr/disclosure/disclosurebystocktype.do?method=searchDisclosureByStockTypeEtfSub&forward=disclosurebystocktype_etf_sub&currentPageSize=100&pageIndex=1&orderMode=1&orderStat=D&etfIsuSrtCd=&reportCd=&reportTmp=&etfIsuSrtNm=&reportNm=%EC%8B%A0%EA%B7%9C%EC%83%81%EC%9E%A5&fromDate=2021-12-01&toDate=2021-12-31,kind_listing_notice_title,official_notice_pending_isin,2026-08-14T07:26:02+00:00
ACE 글로벌메타버스테크액티브,41105,2021-12-22,2021-12-20 17:39,20211220000168,"신규상장(한국투자 네비게이터 글로벌메타버스테크액티브증권상장지수투자신탁(주식), 상장일 2021.12.22)",https://kind.krx.co.kr/disclosure/disclosurebystocktype.do?method=searchDisclosureByStockTypeEtfSub&forward=disclosurebystocktype_etf_sub&currentPageSize=100&pageIndex=1&orderMode=1&orderStat=D&etfIsuSrtCd=&reportCd=&reportTmp=&etfIsuSrtNm=&reportNm=%EC%8B%A0%EA%B7%9C%EC%83%81%EC%9E%A5&fromDate=2021-12-01&toDate=2021-12-31,kind_listing_notice_title,official_notice_pending_isin,2026-08-14T07:26:02+00:00
KODEX 미국나스닥AI테크액티브,41142,2021-12-22,2021-12-20 17:39,20211220000170,"신규상장(삼성 KODEX 미국메타버스나스닥액티브증권상장지수투자신탁[주식], 상장일 2021.12.22)",https://kind.krx.co.kr/disclosure/disclosurebystocktype.do?method=searchDisclosureByStockTypeEtfSub&forward=disclosurebystocktype_etf_sub&currentPageSize=100&pageIndex=1&orderMode=1&orderStat=D&etfIsuSrtCd=&reportCd=&reportTmp=&etfIsuSrtNm=&reportNm=%EC%8B%A0%EA%B7%9C%EC%83%81%EC%9E%A5&fromDate=2021-12-01&toDate=2021-12-31,kind_listing_notice_title,official_notice_pending_isin,2026-08-14T07:26:02+00:00
KIWOOM 독일DAX,41186,2021-12-22,2021-12-20 17:39,20211220000591,"신규상장(키움 KOSEF 독일DAX증권상장지수투자신탁[주식], 상장일 2021.12.22)",https://kind.krx.co.kr/disclosure/disclosurebystocktype.do?method=searchDisclosureByStockTypeEtfSub&forward=disclosurebystocktype_etf_sub&currentPageSize=100&pageIndex=1&orderMode=1&orderStat=D&etfIsuSrtCd=&reportCd=&reportTmp=&etfIsuSrtNm=&reportNm=%EC%8B%A0%EA%B7%9C%EC%83%81%EC%9E%A5&fromDate=2021-12-01&toDate=2021-12-31,kind_listing_notice_title,official_notice_pending_isin,2026-08-14T07:26:02+00:00
SOL 차이나태양광CSI(합성),41322,2021-12-22,2021-12-20 17:42,20211220000602,"신규상장(신한 SOL 차이나태양광CSI증권상장지수투자신탁[주식혼합-파생형](합성), 상장일 2021.12.22)",https://kind.krx.co.kr/disclosure/disclosurebystocktype.do?method=searchDisclosureByStockTypeEtfSub&forward=disclosurebystocktype_etf_sub&currentPageSize=100&pageIndex=1&orderMode=1&orderStat=D&etfIsuSrtCd=&reportCd=&reportTmp=&etfIsuSrtNm=&reportNm=%EC%8B%A0%EA%B7%9C%EC%83%81%EC%9E%A5&fromDate=2021-12-01&toDate=2021-12-31,kind_listing_notice_title,official_notice_pending_isin,2026-08-14T07:26:02+00:00
WON AI ESG액티브,41393,2022-01-05,2022-01-03 17:26,20220103000601,"신규상장(우리 WOORI AI ESG액티브증권상장지수투자신탁(주식), 상장일 2022.01.05)",https://kind.krx.co.kr/disclosure/disclosurebystocktype.do?method=searchDisclosureByStockTypeEtfSub&forward=disclosurebystocktype_etf_sub&currentPageSize=100&pageIndex=1&orderMode=1&orderStat=D&etfIsuSrtCd=&reportCd=&reportTmp=&etfIsuSrtNm=&reportNm=%EC%8B%A0%EA%B7%9C%EC%83%81%EC%9E%A5&fromDate=2022-01-01&toDate=2022-01-31,kind_listing_notice_title,official_notice_pending_isin,2026-08-14T07:26:02+00:00
KODEX 차이나과창판STAR50(합성),41534,2022-01-13,2022-01-12 09:58,20220112000078,"신규상장(삼성 KODEX 차이나과창판STAR50증권상장지수투자신탁[주식-파생형](합성), 상장일 2022.01.13)",https://kind.krx.co.kr/disclosure/disclosurebystocktype.do?method=searchDisclosureByStockTypeEtfSub&forward=disclosurebystocktype_etf_sub&currentPageSize=100&pageIndex=1&orderMode=1&orderStat=D&etfIsuSrtCd=&reportCd=&reportTmp=&etfIsuSrtNm=&reportNm=%EC%8B%A0%EA%B7%9C%EC%83%81%EC%9E%A5&fromDate=2022-01-01&toDate=2022-01-31,kind_listing_notice_title,official_notice_pending_isin,2026-08-14T07:26:02+00:00
TIGER 차이나과창판STAR50(합성),41478,2022-01-13,2022-01-12 09:58,20220112000079,"신규상장(미래에셋 TIGER 차이나과창판STAR50증권상장지수투자신탁(주식-파생형)(합성), 상장일 2022.01.13)",https://kind.krx.co.kr/disclosure/disclosurebystocktype.do?method=searchDisclosureByStockTypeEtfSub&forward=disclosurebystocktype_etf_sub&currentPageSize=100&pageIndex=1&orderMode=1&orderStat=D&etfIsuSrtCd=&reportCd=&reportTmp=&etfIsuSrtNm=&reportNm=%EC%8B%A0%EA%B7%9C%EC%83%81%EC%9E%A5&fromDate=2022-01-01&toDate=2022-01-31,kind_listing_notice_title,official_notice_pending_isin,2026-08-14T07:26:02+00:00
SOL 차이나육성산업액티브(합성),41576,2022-01-13,2022-01-12 09:58,20220112000080,"신규상장(신한 SOL 차이나육성산업액티브증권상장지수투자신탁[주식혼합-파생형](합성), 상장일 2022.01.13)",https://kind.krx.co.kr/disclosure/disclosurebystocktype.do?method=searchDisclosureByStockTypeEtfSub&forward=disclosurebystocktype_etf_sub&currentPageSize=100&pageIndex=1&orderMode=1&orderStat=D&etfIsuSrtCd=&reportCd=&reportTmp=&etfIsuSrtNm=&reportNm=%EC%8B%A0%EA%B7%9C%EC%83%81%EC%9E%A5&fromDate=2022-01-01&toDate=2022-01-31,kind_listing_notice_title,official_notice_pending_isin,2026-08-14T07:26:02+00:00
ACE 중국과창판STAR50,41609,2022-01-13,2022-01-12 09:58,20220112000081,"신규상장(한국투자 KINDEX 중국과창판STAR50증권상장지수투자신탁(주식), 상장일 2022.01.13)",https://kind.krx.co.kr/disclosure/disclosurebystocktype.do?method=searchDisclosureByStockTypeEtfSub&forward=disclosurebystocktype_etf_sub&currentPageSize=100&pageIndex=1&orderMode=1&orderStat=D&etfIsuSrtCd=&reportCd=&reportTmp=&etfIsuSrtNm=&reportNm=%EC%8B%A0%EA%B7%9C%EC%83%81%EC%9E%A5&fromDate=2022-01-01&toDate=2022-01-31,kind_listing_notice_title,official_notice_pending_isin,2026-08-14T07:26:02+00:00
PLUS 글로벌희토류&전략자원생산기업,41592,2022-01-18,2022-01-14 13:10,20220114000130,"신규상장(한화 ARIRANG 글로벌희토류전략자원기업MV증권상장지수투자신탁(주식), 상장일 2022.01.18)",https://kind.krx.co.kr/disclosure/disclosurebystocktype.do?method=searchDisclosureByStockTypeEtfSub&forward=disclosurebystocktype_etf_sub&currentPageSize=100&pageIndex=1&orderMode=1&orderStat=D&etfIsuSrtCd=&reportCd=&reportTmp=&etfIsuSrtNm=&reportNm=%EC%8B%A0%EA%B7%9C%EC%83%81%EC%9E%A5&fromDate=2022-01-01&toDate=2022-01-31,kind_listing_notice_title,official_notice_pending_isin,2026-08-14T07:26:02+00:00
TIGER KEDI혁신기업ESG30,41763,2022-02-08,2022-02-04 17:38,20220204000409,"신규상장(미래에셋 TIGER KEDI혁신기업ESG30증권상장지수투자신탁(주식), 상장일 2022.02.08)",https://kind.krx.co.kr/disclosure/disclosurebystocktype.do?method=searchDisclosureByStockTypeEtfSub&forward=disclosurebystocktype_etf_sub&currentPageSize=100&pageIndex=1&orderMode=1&orderStat=D&etfIsuSrtCd=&reportCd=&reportTmp=&etfIsuSrtNm=&reportNm=%EC%8B%A0%EA%B7%9C%EC%83%81%EC%9E%A5&fromDate=2022-02-01&toDate=2022-02-28,kind_listing_notice_title,official_notice_pending_isin,2026-08-14T07:26:02+00:00
RISE 글로벌수소경제,41745,2022-02-15,2022-02-11 16:16,20220211000090,"신규상장(KB KBSTAR 글로벌수소경제Indxx증권상장지수투자신탁(주식), 상장일 2022.02.15)",https://kind.krx.co.kr/disclosure/disclosurebystocktype.do?method=searchDisclosureByStockTypeEtfSub&forward=disclosurebystocktype_etf_sub&currentPageSize=100&pageIndex=1&orderMode=1&orderStat=D&etfIsuSrtCd=&reportCd=&reportTmp=&etfIsuSrtNm=&reportNm=%EC%8B%A0%EA%B7%9C%EC%83%81%EC%9E%A5&fromDate=2022-02-01&toDate=2022-02-28,kind_listing_notice_title,official_notice_pending_isin,2026-08-14T07:26:02+00:00
PLUS 글로벌수소&차세대연료전지,41965,2022-02-15,2022-02-11 16:17,20220211000093,"신규상장(한화 ARIRANG 글로벌수소&차세대연료전지MV증권상장지수투자신탁(주식), 상장일 2022.02.15)",https://kind.krx.co.kr/disclosure/disclosurebystocktype.do?method=searchDisclosureByStockTypeEtfSub&forward=disclosurebystocktype_etf_sub&currentPageSize=100&pageIndex=1&orderMode=1&orderStat=D&etfIsuSrtCd=&reportCd=&reportTmp=&etfIsuSrtNm=&reportNm=%EC%8B%A0%EA%B7%9C%EC%83%81%EC%9E%A5&fromDate=2022-02-01&toDate=2022-02-28,kind_listing_notice_title,official_notice_pending_isin,2026-08-14T07:26:02+00:00
ACE 글로벌자율주행액티브,41427,2022-02-15,2022-02-11 16:16,20220211000098,"신규상장(한국투자 KINDEX G2전기차&자율주행액티브증권상장지수투자신탁(주식), 상장일 2022.02.15)",https://kind.krx.co.kr/disclosure/disclosurebystocktype.do?method=searchDisclosureByStockTypeEtfSub&forward=disclosurebystocktype_etf_sub&currentPageSize=100&pageIndex=1&orderMode=1&orderStat=D&etfIsuSrtCd=&reportCd=&reportTmp=&etfIsuSrtNm=&reportNm=%EC%8B%A0%EA%B7%9C%EC%83%81%EC%9E%A5&fromDate=2022-02-01&toDate=2022-02-28,kind_listing_notice_title,official_notice_pending_isin,2026-08-14T07:26:02+00:00
HANARO 미국메타버스iSelect,41917,2022-02-22,2022-02-18 16:22,20220218000340,"신규상장(NH-Amundi HANARO 미국메타버스iSelect 증권상장지수투자신탁(주식), 상장일 2022.02.22)",https://kind.krx.co.kr/disclosure/disclosurebystocktype.do?method=searchDisclosureByStockTypeEtfSub&forward=disclosurebystocktype_etf_sub&currentPageSize=100&pageIndex=1&orderMode=1&orderStat=D&etfIsuSrtCd=&reportCd=&reportTmp=&etfIsuSrtNm=&reportNm=%EC%8B%A0%EA%B7%9C%EC%83%81%EC%9E%A5&fromDate=2022-02-01&toDate=2022-02-28,kind_listing_notice_title,official_notice_pending_isin,2026-08-14T07:26:02+00:00
TIGER 글로벌사이버보안INDXX,41867,2022-02-22,2022-02-18 16:21,20220218000341,"신규상장(미래에셋 TIGER 글로벌사이버보안INDXX증권상장지수투자신탁(주식), 상장일 2022.02.22)",https://kind.krx.co.kr/disclosure/disclosurebystocktype.do?method=searchDisclosureByStockTypeEtfSub&forward=disclosurebystocktype_etf_sub&currentPageSize=100&pageIndex=1&orderMode=1&orderStat=D&etfIsuSrtCd=&reportCd=&reportTmp=&etfIsuSrtNm=&reportNm=%EC%8B%A0%EA%B7%9C%EC%83%81%EC%9E%A5&fromDate=2022-02-01&toDate=2022-02-28,kind_listing_notice_title,official_notice_pending_isin,2026-08-14T07:26:02+00:00
TIGER 미국나스닥100레버리지(합성),41866,2022-02-22,2022-02-18 16:20,20220218000342,"신규상장(미래에셋 TIGER 미국나스닥100레버리지증권상장지수투자신탁(주식혼합-파생형)(합성), 상장일 2022.02.22)",https://kind.krx.co.kr/disclosure/disclosurebystocktype.do?method=searchDisclosureByStockTypeEtfSub&forward=disclosurebystocktype_etf_sub&currentPageSize=100&pageIndex=1&orderMode=1&orderStat=D&etfIsuSrtCd=&reportCd=&reportTmp=&etfIsuSrtNm=&reportNm=%EC%8B%A0%EA%B7%9C%EC%83%81%EC%9E%A5&fromDate=2022-02-01&toDate=2022-02-28,kind_listing_notice_title,official_notice_pending_isin,2026-08-14T07:26:02+00:00
KIWOOM 단기채권ESG액티브,41989,2022-03-03,2022-02-28 16:37,20220228000780,"신규상장(키움 히어로즈 단기채권ESG액티브증권상장지수투자신탁[채권], 상장일 2022.03.03)",https://kind.krx.co.kr/disclosure/disclosurebystocktype.do?method=searchDisclosureByStockTypeEtfSub&forward=disclosurebystocktype_etf_sub&currentPageSize=100&pageIndex=1&orderMode=1&orderStat=D&etfIsuSrtCd=&reportCd=&reportTmp=&etfIsuSrtNm=&reportNm=%EC%8B%A0%EA%B7%9C%EC%83%81%EC%9E%A5&fromDate=2022-02-01&toDate=2022-02-28,kind_listing_notice_title,official_notice_pending_isin,2026-08-14T07:26:02+00:00
KODEX 미국클린에너지나스닥,41942,2022-03-22,2022-03-18 14:21,20220318000464,"신규상장(삼성 KODEX 미국클린에너지나스닥증권상장지수투자신탁[주식], 상장일 2022.03.22)",https://kind.krx.co.kr/disclosure/disclosurebystocktype.do?method=searchDisclosureByStockTypeEtfSub&forward=disclosurebystocktype_etf_sub&currentPageSize=100&pageIndex=1&orderMode=1&orderStat=D&etfIsuSrtCd=&reportCd=&reportTmp=&etfIsuSrtNm=&reportNm=%EC%8B%A0%EA%B7%9C%EC%83%81%EC%9E%A5&fromDate=2022-03-01&toDate=2022-03-31,kind_listing_notice_title,official_notice_pending_isin,2026-08-14T07:26:02+00:00
KODEX 차이나2차전지MSCI(합성),41943,2022-03-22,2022-03-18 14:21,20220318000465,"신규상장(삼성 KODEX 차이나2차전지MSCI증권상장지수투자신탁[주식-파생형](합성), 상장일 2022.03.22)",https://kind.krx.co.kr/disclosure/disclosurebystocktype.do?method=searchDisclosureByStockTypeEtfSub&forward=disclosurebystocktype_etf_sub&currentPageSize=100&pageIndex=1&orderMode=1&orderStat=D&etfIsuSrtCd=&reportCd=&reportTmp=&etfIsuSrtNm=&reportNm=%EC%8B%A0%EA%B7%9C%EC%83%81%EC%9E%A5&fromDate=2022-03-01&toDate=2022-03-31,kind_listing_notice_title,official_notice_pending_isin,2026-08-14T07:26:02+00:00
PLUS 우주항공,42132,2022-03-29,2022-03-25 16:00,20220325000090,"신규상장(한화 ARIRANG iSelect우주항공&UAM증권상장지수투자신탁(주식), 상장일 2022.03.29)",https://kind.krx.co.kr/disclosure/disclosurebystocktype.do?method=searchDisclosureByStockTypeEtfSub&forward=disclosurebystocktype_etf_sub&currentPageSize=100&pageIndex=1&orderMode=1&orderStat=D&etfIsuSrtCd=&reportCd=&reportTmp=&etfIsuSrtNm=&reportNm=%EC%8B%A0%EA%B7%9C%EC%83%81%EC%9E%A5&fromDate=2022-03-01&toDate=2022-03-31,kind_listing_notice_title,official_notice_pending_isin,2026-08-14T07:26:02+00:00
VITA MZ소비액티브,42226,2022-03-29,2022-03-25 15:59,20220325001176,"신규상장(한국밸류 VITA MZ소비액티브증권상장지수투자신탁(주식), 상장일 2022.03.29)",https://kind.krx.co.kr/disclosure/disclosurebystocktype.do?method=searchDisclosureByStockTypeEtfSub&forward=disclosurebystocktype_etf_sub&currentPageSize=100&pageIndex=1&orderMode=1&orderStat=D&etfIsuSrtCd=&reportCd=&reportTmp=&etfIsuSrtNm=&reportNm=%EC%8B%A0%EA%B7%9C%EC%83%81%EC%9E%A5&fromDate=2022-03-01&toDate=2022-03-31,kind_listing_notice_title,official_notice_pending_isin,2026-08-14T07:26:02+00:00
RISE 2차전지액티브,42242,2022-04-08,2022-04-06 15:53,20220406000398,"신규상장(KB KBSTAR 2차전지액티브증권상장지수투자신탁(주식), 상장일 2022.04.08)",https://kind.krx.co.kr/disclosure/disclosurebystocktype.do?method=searchDisclosureByStockTypeEtfSub&forward=disclosurebystocktype_etf_sub&currentPageSize=100&pageIndex=1&orderMode=1&orderStat=D&etfIsuSrtCd=&reportCd=&reportTmp=&etfIsuSrtNm=&reportNm=%EC%8B%A0%EA%B7%9C%EC%83%81%EC%9E%A5&fromDate=2022-04-01&toDate=2022-04-30,kind_listing_notice_title,official_notice_pending_isin,2026-08-14T07:26:02+00:00
SOL 글로벌AI반도체탑픽액티브,42317,2022-04-12,2022-04-11 09:00,20220411000053,"신규상장(신한 SOL 한국형글로벌반도체액티브증권상장지수투자신탁[주식-파생형], 상장일 2022.04.12)",https://kind.krx.co.kr/disclosure/disclosurebystocktype.do?method=searchDisclosureByStockTypeEtfSub&forward=disclosurebystocktype_etf_sub&currentPageSize=100&pageIndex=1&orderMode=1&orderStat=D&etfIsuSrtCd=&reportCd=&reportTmp=&etfIsuSrtNm=&reportNm=%EC%8B%A0%EA%B7%9C%EC%83%81%EC%9E%A5&fromDate=2022-04-01&toDate=2022-04-30,kind_listing_notice_title,official_notice_pending_isin,2026-08-14T07:26:02+00:00
HANARO 글로벌워터MSCI(합성),42446,2022-04-19,2022-04-15 16:44,20220415000221,"신규상장(NH-Amundi HANARO 글로벌워터MSCI 증권상장지수투자신탁[주식-파생형](합성), 상장일 2022.04.19)",https://kind.krx.co.kr/disclosure/disclosurebystocktype.do?method=searchDisclosureByStockTypeEtfSub&forward=disclosurebystocktype_etf_sub&currentPageSize=100&pageIndex=1&orderMode=1&orderStat=D&etfIsuSrtCd=&reportCd=&reportTmp=&etfIsuSrtNm=&reportNm=%EC%8B%A0%EA%B7%9C%EC%83%81%EC%9E%A5&fromDate=2022-04-01&toDate=2022-04-30,kind_listing_notice_title,official_notice_pending_isin,2026-08-14T07:26:02+00:00
TIGER 미국필라델피아반도체레버리지(합성),42392,2022-04-19,2022-04-15 16:44,20220415000237,"신규상장(미래에셋TIGER필라델피아반도체레버리지증권상장지수투자신탁(주식혼합-파생형)(합성), 상장일 2022.04.19)",https://kind.krx.co.kr/disclosure/disclosurebystocktype.do?method=searchDisclosureByStockTypeEtfSub&forward=disclosurebystocktype_etf_sub&currentPageSize=100&pageIndex=1&orderMode=1&orderStat=D&etfIsuSrtCd=&reportCd=&reportTmp=&etfIsuSrtNm=&reportNm=%EC%8B%A0%EA%B7%9C%EC%83%81%EC%9E%A5&fromDate=2022-04-01&toDate=2022-04-30,kind_listing_notice_title,official_notice_pending_isin,2026-08-14T07:26:02+00:00
KODEX KOFR금리액티브(합성),42316,2022-04-26,2022-04-22 15:41,20220422000128,"신규상장(삼성 KODEX KOFR금리액티브특별자산상장지수투자신탁[금리-파생형](합성), 상장일 2022.04.26)",https://kind.krx.co.kr/disclosure/disclosurebystocktype.do?method=searchDisclosureByStockTypeEtfSub&forward=disclosurebystocktype_etf_sub&currentPageSize=100&pageIndex=1&orderMode=1&orderStat=D&etfIsuSrtCd=&reportCd=&reportTmp=&etfIsuSrtNm=&reportNm=%EC%8B%A0%EA%B7%9C%EC%83%81%EC%9E%A5&fromDate=2022-04-01&toDate=2022-04-30,kind_listing_notice_title,official_notice_pending_isin,2026-08-14T07:26:02+00:00
KIWOOM 미국ETF산업STOXX,42633,2022-04-26,2022-04-22 15:42,20220422000307,"신규상장(키움 KOSEF 미국ETF산업STOXX증권상장지수투자신탁[주식], 상장일 2022.04.26)",https://kind.krx.co.kr/disclosure/disclosurebystocktype.do?method=searchDisclosureByStockTypeEtfSub&forward=disclosurebystocktype_etf_sub&currentPageSize=100&pageIndex=1&orderMode=1&orderStat=D&etfIsuSrtCd=&reportCd=&reportTmp=&etfIsuSrtNm=&reportNm=%EC%8B%A0%EA%B7%9C%EC%83%81%EC%9E%A5&fromDate=2022-04-01&toDate=2022-04-30,kind_listing_notice_title,official_notice_pending_isin,2026-08-14T07:26:02+00:00
PLUS 미국대체투자TOP10,42641,2022-05-11,2022-05-09 15:46,20220509000108,"신규상장(한화 ARIRANG 미국대체투자Top10MV 증권상장지수투자신탁(주식), 상장일 2022.05.11)",https://kind.krx.co.kr/disclosure/disclosurebystocktype.do?method=searchDisclosureByStockTypeEtfSub&forward=disclosurebystocktype_etf_sub&currentPageSize=100&pageIndex=1&orderMode=1&orderStat=D&etfIsuSrtCd=&reportCd=&reportTmp=&etfIsuSrtNm=&reportNm=%EC%8B%A0%EA%B7%9C%EC%83%81%EC%9E%A5&fromDate=2022-05-01&toDate=2022-05-31,kind_listing_notice_title,official_notice_pending_isin,2026-08-14T07:26:02+00:00
WON 대한민국국고채액티브,42615,2022-05-11,2022-05-09 15:46,20220509000110,"신규상장(우리 WOORI 대한민국국고채액티브증권상장지수투자신탁(채권), 상장일 2022.05.11)",https://kind.krx.co.kr/disclosure/disclosurebystocktype.do?method=searchDisclosureByStockTypeEtfSub&forward=disclosurebystocktype_etf_sub&currentPageSize=100&pageIndex=1&orderMode=1&orderStat=D&etfIsuSrtCd=&reportCd=&reportTmp=&etfIsuSrtNm=&reportNm=%EC%8B%A0%EA%B7%9C%EC%83%81%EC%9E%A5&fromDate=2022-05-01&toDate=2022-05-31,kind_listing_notice_title,official_notice_pending_isin,2026-08-14T07:26:02+00:00
TIME 미국나스닥100액티브,42603,2022-05-11,2022-05-09 15:46,20220509000263,"신규상장(타임폴리오 TIMEFOLIO 미국나스닥100액티브증권상장지수투자신탁[주식-파생형], 상장일 2022.05.11)",https://kind.krx.co.kr/disclosure/disclosurebystocktype.do?method=searchDisclosureByStockTypeEtfSub&forward=disclosurebystocktype_etf_sub&currentPageSize=100&pageIndex=1&orderMode=1&orderStat=D&etfIsuSrtCd=&reportCd=&reportTmp=&etfIsuSrtNm=&reportNm=%EC%8B%A0%EA%B7%9C%EC%83%81%EC%9E%A5&fromDate=2022-05-01&toDate=2022-05-31,kind_listing_notice_title,official_notice_pending_isin,2026-08-14T07:26:02+00:00
TIME 미국S&P500액티브,42602,2022-05-11,2022-05-09 15:46,20220509000268,"신규상장(타임폴리오 TIMEFOLIO 미국S&P500액티브증권상장지수투자신탁[주식-파생형], 상장일 2022.05.11)",https://kind.krx.co.kr/disclosure/disclosurebystocktype.do?method=searchDisclosureByStockTypeEtfSub&forward=disclosurebystocktype_etf_sub&currentPageSize=100&pageIndex=1&orderMode=1&orderStat=D&etfIsuSrtCd=&reportCd=&reportTmp=&etfIsuSrtNm=&reportNm=%EC%8B%A0%EA%B7%9C%EC%83%81%EC%9E%A5&fromDate=2022-05-01&toDate=2022-05-31,kind_listing_notice_title,official_notice_pending_isin,2026-08-14T07:26:02+00:00
KODEX 미국ETF산업Top10 Indxx,42856,2022-05-17,2022-05-13 15:36,20220513000073,"신규상장(삼성 KODEX 미국ETF산업Top10 Indxx증권상장지수투자신탁[주식], 상장일 2022.05.17)",https://kind.krx.co.kr/disclosure/disclosurebystocktype.do?method=searchDisclosureByStockTypeEtfSub&forward=disclosurebystocktype_etf_sub&currentPageSize=100&pageIndex=1&orderMode=1&orderStat=D&etfIsuSrtCd=&reportCd=&reportTmp=&etfIsuSrtNm=&reportNm=%EC%8B%A0%EA%B7%9C%EC%83%81%EC%9E%A5&fromDate=2022-05-01&toDate=2022-05-31,kind_listing_notice_title,official_notice_pending_isin,2026-08-14T07:26:02+00:00
KODEX 차이나AI테크액티브,42851,2022-05-17,2022-05-13 15:36,20220513000074,"신규상장(삼성 KODEX 차이나메타버스액티브증권상장지수투자신탁[주식], 상장일 2022.05.17)",https://kind.krx.co.kr/disclosure/disclosurebystocktype.do?method=searchDisclosureByStockTypeEtfSub&forward=disclosurebystocktype_etf_sub&currentPageSize=100&pageIndex=1&orderMode=1&orderStat=D&etfIsuSrtCd=&reportCd=&reportTmp=&etfIsuSrtNm=&reportNm=%EC%8B%A0%EA%B7%9C%EC%83%81%EC%9E%A5&fromDate=2022-05-01&toDate=2022-05-31,kind_listing_notice_title,official_notice_pending_isin,2026-08-14T07:26:02+00:00
TIGER 미국S&P500배당귀족,42900,2022-05-17,2022-05-13 15:36,20220513000077,"신규상장(미래에셋 TIGER 미국S&P500배당귀족증권상장지수투자신탁(주식), 상장일 2022.05.17)",https://kind.krx.co.kr/disclosure/disclosurebystocktype.do?method=searchDisclosureByStockTypeEtfSub&forward=disclosurebystocktype_etf_sub&currentPageSize=100&pageIndex=1&orderMode=1&orderStat=D&etfIsuSrtCd=&reportCd=&reportTmp=&etfIsuSrtNm=&reportNm=%EC%8B%A0%EA%B7%9C%EC%83%81%EC%9E%A5&fromDate=2022-05-01&toDate=2022-05-31,kind_listing_notice_title,official_notice_pending_isin,2026-08-14T07:26:02+00:00
TIGER 미국나스닥넥스트100,42901,2022-05-17,2022-05-13 15:35,20220513000078,"신규상장(미래에셋 TIGER 미국나스닥넥스트100증권상장지수투자신탁(주식), 상장일 2022.05.17)",https://kind.krx.co.kr/disclosure/disclosurebystocktype.do?method=searchDisclosureByStockTypeEtfSub&forward=disclosurebystocktype_etf_sub&currentPageSize=100&pageIndex=1&orderMode=1&orderStat=D&etfIsuSrtCd=&reportCd=&reportTmp=&etfIsuSrtNm=&reportNm=%EC%8B%A0%EA%B7%9C%EC%83%81%EC%9E%A5&fromDate=2022-05-01&toDate=2022-05-31,kind_listing_notice_title,official_notice_pending_isin,2026-08-14T07:26:02+00:00
RISE 창업투자회사,42711,2022-05-17,2022-05-13 15:35,20220513000111,"신규상장(KB KBSTAR Fn창업투자회사증권상장지수투자신탁(주식), 상장일 2022.05.17)",https://kind.krx.co.kr/disclosure/disclosurebystocktype.do?method=searchDisclosureByStockTypeEtfSub&forward=disclosurebystocktype_etf_sub&currentPageSize=100&pageIndex=1&orderMode=1&orderStat=D&etfIsuSrtCd=&reportCd=&reportTmp=&etfIsuSrtNm=&reportNm=%EC%8B%A0%EA%B7%9C%EC%83%81%EC%9E%A5&fromDate=2022-05-01&toDate=2022-05-31,kind_listing_notice_title,official_notice_pending_isin,2026-08-14T07:26:02+00:00
RISE AI플랫폼,42712,2022-05-17,2022-05-13 15:35,20220513000113,"신규상장(KB KBSTAR Fn플랫폼테마증권상장지수투자신탁(주식), 상장일 2022.05.17)",https://kind.krx.co.kr/disclosure/disclosurebystocktype.do?method=searchDisclosureByStockTypeEtfSub&forward=disclosurebystocktype_etf_sub&currentPageSize=100&pageIndex=1&orderMode=1&orderStat=D&etfIsuSrtCd=&reportCd=&reportTmp=&etfIsuSrtNm=&reportNm=%EC%8B%A0%EA%B7%9C%EC%83%81%EC%9E%A5&fromDate=2022-05-01&toDate=2022-05-31,kind_listing_notice_title,official_notice_pending_isin,2026-08-14T07:26:02+00:00
PLUS K리츠,42974,2022-05-24,2022-05-20 15:09,20220520000040,"신규상장(한화 ARIRANG Fn K리츠 부동산상장지수투자신탁(재간접형), 상장일 2022.05.24)",https://kind.krx.co.kr/disclosure/disclosurebystocktype.do?method=searchDisclosureByStockTypeEtfSub&forward=disclosurebystocktype_etf_sub&currentPageSize=100&pageIndex=1&orderMode=1&orderStat=D&etfIsuSrtCd=&reportCd=&reportTmp=&etfIsuSrtNm=&reportNm=%EC%8B%A0%EA%B7%9C%EC%83%81%EC%9E%A5&fromDate=2022-05-01&toDate=2022-05-31,kind_listing_notice_title,official_notice_pending_isin,2026-08-14T07:26:02+00:00
KIWOOM 리츠이지스액티브,42987,2022-05-24,2022-05-20 15:09,20220520000154,"신규상장(키움 히어로즈 리츠이지스액티브부동산상장지수투자신탁[REITs-재간접형], 상장일 2022.05.24)",https://kind.krx.co.kr/disclosure/disclosurebystocktype.do?method=searchDisclosureByStockTypeEtfSub&forward=disclosurebystocktype_etf_sub&currentPageSize=100&pageIndex=1&orderMode=1&orderStat=D&etfIsuSrtCd=&reportCd=&reportTmp=&etfIsuSrtNm=&reportNm=%EC%8B%A0%EA%B7%9C%EC%83%81%EC%9E%A5&fromDate=2022-05-01&toDate=2022-05-31,kind_listing_notice_title,official_notice_pending_isin,2026-08-14T07:26:02+00:00
PLUS 미국S&P500,42976,2022-05-31,2022-05-27 13:22,20220527000158,"신규상장(한화 ARIRANG 미국S&P500 증권상장지수투자신탁(주식), 상장일 2022.05.31)",https://kind.krx.co.kr/disclosure/disclosurebystocktype.do?method=searchDisclosureByStockTypeEtfSub&forward=disclosurebystocktype_etf_sub&currentPageSize=100&pageIndex=1&orderMode=1&orderStat=D&etfIsuSrtCd=&reportCd=&reportTmp=&etfIsuSrtNm=&reportNm=%EC%8B%A0%EA%B7%9C%EC%83%81%EC%9E%A5&fromDate=2022-05-01&toDate=2022-05-31,kind_listing_notice_title,official_notice_pending_isin,2026-08-14T07:26:02+00:00
KIWOOM 물가채KIS,43050,2022-05-31,2022-05-27 13:23,20220527000202,"신규상장(키움 KOSEF 물가채KIS증권상장지수투자신탁[채권], 상장일 2022.05.31)",https://kind.krx.co.kr/disclosure/disclosurebystocktype.do?method=searchDisclosureByStockTypeEtfSub&forward=disclosurebystocktype_etf_sub&currentPageSize=100&pageIndex=1&orderMode=1&orderStat=D&etfIsuSrtCd=&reportCd=&reportTmp=&etfIsuSrtNm=&reportNm=%EC%8B%A0%EA%B7%9C%EC%83%81%EC%9E%A5&fromDate=2022-05-01&toDate=2022-05-31,kind_listing_notice_title,official_notice_pending_isin,2026-08-14T07:26:02+00:00
HANARO 글로벌백신치료제MSCI,43285,2022-06-08,2022-06-07 09:08,20220607000074,"신규상장(NH-Amundi HANARO 글로벌백신치료제MSCI증권상장지수투자신탁(주식-파생형), 상장일 2022.06.08)",https://kind.krx.co.kr/disclosure/disclosurebystocktype.do?method=searchDisclosureByStockTypeEtfSub&forward=disclosurebystocktype_etf_sub&currentPageSize=100&pageIndex=1&orderMode=1&orderStat=D&etfIsuSrtCd=&reportCd=&reportTmp=&etfIsuSrtNm=&reportNm=%EC%8B%A0%EA%B7%9C%EC%83%81%EC%9E%A5&fromDate=2022-06-01&toDate=2022-06-30,kind_listing_notice_title,official_notice_pending_isin,2026-08-14T07:26:02+00:00
HANARO 미국S&P500,43284,2022-06-08,2022-06-07 09:09,20220607000081,"신규상장(NH-Amundi HANARO 미국S&P500증권상장지수투자신탁(주식), 상장일 2022.06.08)",https://kind.krx.co.kr/disclosure/disclosurebystocktype.do?method=searchDisclosureByStockTypeEtfSub&forward=disclosurebystocktype_etf_sub&currentPageSize=100&pageIndex=1&orderMode=1&orderStat=D&etfIsuSrtCd=&reportCd=&reportTmp=&etfIsuSrtNm=&reportNm=%EC%8B%A0%EA%B7%9C%EC%83%81%EC%9E%A5&fromDate=2022-06-01&toDate=2022-06-30,kind_listing_notice_title,official_notice_pending_isin,2026-08-14T07:26:02+00:00
SOL 한국형글로벌전기차&2차전지액티브,42998,2022-06-14,2022-06-10 10:55,20220610000064,"신규상장(신한 SOL 한국형글로벌전기차&2차전지액티브증권상장지수투자신탁[주식-파생형], 상장일 2022.06.14)",https://kind.krx.co.kr/disclosure/disclosurebystocktype.do?method=searchDisclosureByStockTypeEtfSub&forward=disclosurebystocktype_etf_sub&currentPageSize=100&pageIndex=1&orderMode=1&orderStat=D&etfIsuSrtCd=&reportCd=&reportTmp=&etfIsuSrtNm=&reportNm=%EC%8B%A0%EA%B7%9C%EC%83%81%EC%9E%A5&fromDate=2022-06-01&toDate=2022-06-30,kind_listing_notice_title,official_notice_pending_isin,2026-08-14T07:26:02+00:00
SOL 한국형글로벌플랫폼&메타버스액티브,42999,2022-06-14,2022-06-10 10:55,20220610000065,"신규상장(신한 SOL 한국형글로벌플랫폼&메타버스액티브증권상장지수투자신탁[주식-파생형], 상장일 2022.06.14)",https://kind.krx.co.kr/disclosure/disclosurebystocktype.do?method=searchDisclosureByStockTypeEtfSub&forward=disclosurebystocktype_etf_sub&currentPageSize=100&pageIndex=1&orderMode=1&orderStat=D&etfIsuSrtCd=&reportCd=&reportTmp=&etfIsuSrtNm=&reportNm=%EC%8B%A0%EA%B7%9C%EC%83%81%EC%9E%A5&fromDate=2022-06-01&toDate=2022-06-30,kind_listing_notice_title,official_notice_pending_isin,2026-08-14T07:26:02+00:00
RISE 국채선물3년,43260,2022-06-14,2022-06-10 10:55,20220610000069,"신규상장(KB KBSTAR 국채선물3년증권상장지수투자신탁(채권-파생형), 상장일 2022.06.14)",https://kind.krx.co.kr/disclosure/disclosurebystocktype.do?method=searchDisclosureByStockTypeEtfSub&forward=disclosurebystocktype_etf_sub&currentPageSize=100&pageIndex=1&orderMode=1&orderStat=D&etfIsuSrtCd=&reportCd=&reportTmp=&etfIsuSrtNm=&reportNm=%EC%8B%A0%EA%B7%9C%EC%83%81%EC%9E%A5&fromDate=2022-06-01&toDate=2022-06-30,kind_listing_notice_title,official_notice_pending_isin,2026-08-14T07:26:02+00:00
SOL 미국S&P500,43333,2022-06-21,2022-06-17 13:43,20220617000086,"신규상장(신한 SOL 미국S&P500 증권상장지수투자신탁[주식], 상장일 2022.06.21)",https://kind.krx.co.kr/disclosure/disclosurebystocktype.do?method=searchDisclosureByStockTypeEtfSub&forward=disclosurebystocktype_etf_sub&currentPageSize=100&pageIndex=1&orderMode=1&orderStat=D&etfIsuSrtCd=&reportCd=&reportTmp=&etfIsuSrtNm=&reportNm=%EC%8B%A0%EA%B7%9C%EC%83%81%EC%9E%A5&fromDate=2022-06-01&toDate=2022-06-30,kind_listing_notice_title,official_notice_pending_isin,2026-08-14T07:26:02+00:00
DAISHIN343 K200,43496,2022-06-28,2022-06-24 14:18,20220624000052,"신규상장(대신 대신343 K200증권상장지수투자신탁[주식], 상장일 2022.06.28)",https://kind.krx.co.kr/disclosure/disclosurebystocktype.do?method=searchDisclosureByStockTypeEtfSub&forward=disclosurebystocktype_etf_sub&currentPageSize=100&pageIndex=1&orderMode=1&orderStat=D&etfIsuSrtCd=&reportCd=&reportTmp=&etfIsuSrtNm=&reportNm=%EC%8B%A0%EA%B7%9C%EC%83%81%EC%9E%A5&fromDate=2022-06-01&toDate=2022-06-30,kind_listing_notice_title,official_notice_pending_isin,2026-08-14T07:26:02+00:00
HANARO 원자력iSelect,43473,2022-06-28,2022-06-24 14:18,20220624000054,"신규상장(NH-Amundi HANARO 원자력iSelect증권상장지수투자신탁(주식), 상장일 2022.06.28)",https://kind.krx.co.kr/disclosure/disclosurebystocktype.do?method=searchDisclosureByStockTypeEtfSub&forward=disclosurebystocktype_etf_sub&currentPageSize=100&pageIndex=1&orderMode=1&orderStat=D&etfIsuSrtCd=&reportCd=&reportTmp=&etfIsuSrtNm=&reportNm=%EC%8B%A0%EA%B7%9C%EC%83%81%EC%9E%A5&fromDate=2022-06-01&toDate=2022-06-30,kind_listing_notice_title,official_notice_pending_isin,2026-08-14T07:26:02+00:00
ACE 원자력TOP10,43350,2022-06-28,2022-06-24 14:18,20220624000056,"신규상장(한국투자 KINDEX 원자력테마딥서치증권상장지수투자신탁(주식), 상장일 2022.06.28)",https://kind.krx.co.kr/disclosure/disclosurebystocktype.do?method=searchDisclosureByStockTypeEtfSub&forward=disclosurebystocktype_etf_sub&currentPageSize=100&pageIndex=1&orderMode=1&orderStat=D&etfIsuSrtCd=&reportCd=&reportTmp=&etfIsuSrtNm=&reportNm=%EC%8B%A0%EA%B7%9C%EC%83%81%EC%9E%A5&fromDate=2022-06-01&toDate=2022-06-30,kind_listing_notice_title,official_notice_pending_isin,2026-08-14T07:26:02+00:00
ACE 글로벌브랜드TOP10,43504,2022-06-28,2022-06-24 14:19,20220624000081,"신규상장(한국투자 KINDEX 글로벌브랜드TOP10블룸버그증권상장지수투자신탁(주식), 상장일 2022.06.28)",https://kind.krx.co.kr/disclosure/disclosurebystocktype.do?method=searchDisclosureByStockTypeEtfSub&forward=disclosurebystocktype_etf_sub&currentPageSize=100&pageIndex=1&orderMode=1&orderStat=D&etfIsuSrtCd=&reportCd=&reportTmp=&etfIsuSrtNm=&reportNm=%EC%8B%A0%EA%B7%9C%EC%83%81%EC%9E%A5&fromDate=2022-06-01&toDate=2022-06-30,kind_listing_notice_title,official_notice_pending_isin,2026-08-14T07:26:02+00:00
에셋플러스 글로벌대장장이액티브,43322,2022-06-28,2022-06-24 14:19,20220624000082,"신규상장(에셋플러스 에셋플러스 글로벌대장장이액티브증권상장지수투자신탁(주식), 상장일 2022.06.28)",https://kind.krx.co.kr/disclosure/disclosurebystocktype.do?method=searchDisclosureByStockTypeEtfSub&forward=disclosurebystocktype_etf_sub&currentPageSize=100&pageIndex=1&orderMode=1&orderStat=D&etfIsuSrtCd=&reportCd=&reportTmp=&etfIsuSrtNm=&reportNm=%EC%8B%A0%EA%B7%9C%EC%83%81%EC%9E%A5&fromDate=2022-06-01&toDate=2022-06-30,kind_listing_notice_title,official_notice_pending_isin,2026-08-14T07:26:02+00:00
KODEX TDF2030액티브 적격,43397,2022-06-30,2022-06-28 10:33,20220628000083,"신규상장(삼성 KODEX TDF2030액티브증권상장지수투자신탁[혼합-재간접형], 상장일 2022.06.30)",https://kind.krx.co.kr/disclosure/disclosurebystocktype.do?method=searchDisclosureByStockTypeEtfSub&forward=disclosurebystocktype_etf_sub&currentPageSize=100&pageIndex=1&orderMode=1&orderStat=D&etfIsuSrtCd=&reportCd=&reportTmp=&etfIsuSrtNm=&reportNm=%EC%8B%A0%EA%B7%9C%EC%83%81%EC%9E%A5&fromDate=2022-06-01&toDate=2022-06-30,kind_listing_notice_title,official_notice_pending_isin,2026-08-14T07:26:02+00:00
KODEX TDF2040액티브 적격,43398,2022-06-30,2022-06-28 10:33,20220628000084,"신규상장(삼성 KODEX TDF2040액티브증권상장지수투자신탁[혼합-재간접형], 상장일 2022.06.30)",https://kind.krx.co.kr/disclosure/disclosurebystocktype.do?method=searchDisclosureByStockTypeEtfSub&forward=disclosurebystocktype_etf_sub&currentPageSize=100&pageIndex=1&orderMode=1&orderStat=D&etfIsuSrtCd=&reportCd=&reportTmp=&etfIsuSrtNm=&reportNm=%EC%8B%A0%EA%B7%9C%EC%83%81%EC%9E%A5&fromDate=2022-06-01&toDate=2022-06-30,kind_listing_notice_title,official_notice_pending_isin,2026-08-14T07:26:02+00:00
KODEX TDF2050액티브 적격,43406,2022-06-30,2022-06-28 10:33,20220628000085,"신규상장(삼성 KODEX TDF2050액티브증권상장지수투자신탁[혼합-재간접형], 상장일 2022.06.30)",https://kind.krx.co.kr/disclosure/disclosurebystocktype.do?method=searchDisclosureByStockTypeEtfSub&forward=disclosurebystocktype_etf_sub&currentPageSize=100&pageIndex=1&orderMode=1&orderStat=D&etfIsuSrtCd=&reportCd=&reportTmp=&etfIsuSrtNm=&reportNm=%EC%8B%A0%EA%B7%9C%EC%83%81%EC%9E%A5&fromDate=2022-06-01&toDate=2022-06-30,kind_listing_notice_title,official_notice_pending_isin,2026-08-14T07:26:02+00:00
PLUS TDF2030액티브,43385,2022-06-30,2022-06-28 10:33,20220628000086,"신규상장(한화 ARIRANG TDF2030액티브증권상장지수투자신탁(혼합-재간접형), 상장일 2022.06.30)",https://kind.krx.co.kr/disclosure/disclosurebystocktype.do?method=searchDisclosureByStockTypeEtfSub&forward=disclosurebystocktype_etf_sub&currentPageSize=100&pageIndex=1&orderMode=1&orderStat=D&etfIsuSrtCd=&reportCd=&reportTmp=&etfIsuSrtNm=&reportNm=%EC%8B%A0%EA%B7%9C%EC%83%81%EC%9E%A5&fromDate=2022-06-01&toDate=2022-06-30,kind_listing_notice_title,official_notice_pending_isin,2026-08-14T07:26:02+00:00
PLUS TDF2040액티브,43386,2022-06-30,2022-06-28 10:33,20220628000087,"신규상장(한화 ARIRANG TDF2040액티브증권상장지수투자신탁(혼합-재간접형), 상장일 2022.06.30)",https://kind.krx.co.kr/disclosure/disclosurebystocktype.do?method=searchDisclosureByStockTypeEtfSub&forward=disclosurebystocktype_etf_sub&currentPageSize=100&pageIndex=1&orderMode=1&orderStat=D&etfIsuSrtCd=&reportCd=&reportTmp=&etfIsuSrtNm=&reportNm=%EC%8B%A0%EA%B7%9C%EC%83%81%EC%9E%A5&fromDate=2022-06-01&toDate=2022-06-30,kind_listing_notice_title,official_notice_pending_isin,2026-08-14T07:26:02+00:00
PLUS TDF2050액티브,43387,2022-06-30,2022-06-28 10:33,20220628000088,"신규상장(한화 ARIRANG TDF2050액티브증권상장지수투자신탁(혼합-재간접형), 상장일 2022.06.30)",https://kind.krx.co.kr/disclosure/disclosurebystocktype.do?method=searchDisclosureByStockTypeEtfSub&forward=disclosurebystocktype_etf_sub&currentPageSize=100&pageIndex=1&orderMode=1&orderStat=D&etfIsuSrtCd=&reportCd=&reportTmp=&etfIsuSrtNm=&reportNm=%EC%8B%A0%EA%B7%9C%EC%83%81%EC%9E%A5&fromDate=2022-06-01&toDate=2022-06-30,kind_listing_notice_title,official_notice_pending_isin,2026-08-14T07:26:02+00:00
PLUS TDF2060액티브 적격,43388,2022-06-30,2022-06-28 10:34,20220628000089,"신규상장(한화 ARIRANG TDF2060액티브증권상장지수투자신탁(혼합-재간접형), 상장일 2022.06.30)",https://kind.krx.co.kr/disclosure/disclosurebystocktype.do?method=searchDisclosureByStockTypeEtfSub&forward=disclosurebystocktype_etf_sub&currentPageSize=100&pageIndex=1&orderMode=1&orderStat=D&etfIsuSrtCd=&reportCd=&reportTmp=&etfIsuSrtNm=&reportNm=%EC%8B%A0%EA%B7%9C%EC%83%81%EC%9E%A5&fromDate=2022-06-01&toDate=2022-06-30,kind_listing_notice_title,official_notice_pending_isin,2026-08-14T07:26:02+00:00
KIWOOM TDF2030액티브 적격,43553,2022-06-30,2022-06-28 10:33,20220628000091,"신규상장(키움 히어로즈 TDF2030액티브증권상장지수투자신탁[혼합-재간접형], 상장일 2022.06.30)",https://kind.krx.co.kr/disclosure/disclosurebystocktype.do?method=searchDisclosureByStockTypeEtfSub&forward=disclosurebystocktype_etf_sub&currentPageSize=100&pageIndex=1&orderMode=1&orderStat=D&etfIsuSrtCd=&reportCd=&reportTmp=&etfIsuSrtNm=&reportNm=%EC%8B%A0%EA%B7%9C%EC%83%81%EC%9E%A5&fromDate=2022-06-01&toDate=2022-06-30,kind_listing_notice_title,official_notice_pending_isin,2026-08-14T07:26:02+00:00
KIWOOM TDF2040액티브 적격,43554,2022-06-30,2022-06-28 10:33,20220628000092,"신규상장(키움 히어로즈 TDF2040액티브증권상장지수투자신탁[혼합-재간접형], 상장일 2022.06.30)",https://kind.krx.co.kr/disclosure/disclosurebystocktype.do?method=searchDisclosureByStockTypeEtfSub&forward=disclosurebystocktype_etf_sub&currentPageSize=100&pageIndex=1&orderMode=1&orderStat=D&etfIsuSrtCd=&reportCd=&reportTmp=&etfIsuSrtNm=&reportNm=%EC%8B%A0%EA%B7%9C%EC%83%81%EC%9E%A5&fromDate=2022-06-01&toDate=2022-06-30,kind_listing_notice_title,official_notice_pending_isin,2026-08-14T07:26:02+00:00
KIWOOM TDF2050액티브 적격,43555,2022-06-30,2022-06-28 10:32,20220628000093,"신규상장(키움 히어로즈 TDF2050액티브증권상장지수투자신탁[혼합-재간접형], 상장일 2022.06.30)",https://kind.krx.co.kr/disclosure/disclosurebystocktype.do?method=searchDisclosureByStockTypeEtfSub&forward=disclosurebystocktype_etf_sub&currentPageSize=100&pageIndex=1&orderMode=1&orderStat=D&etfIsuSrtCd=&reportCd=&reportTmp=&etfIsuSrtNm=&reportNm=%EC%8B%A0%EA%B7%9C%EC%83%81%EC%9E%A5&fromDate=2022-06-01&toDate=2022-06-30,kind_listing_notice_title,official_notice_pending_isin,2026-08-14T07:26:02+00:00
UNICORN R&D 액티브,43325,2022-07-06,2022-07-05 13:31,20220705000059,"신규상장(현대 UNICORN R&D 액티브증권상장지수투자신탁(주식), 상장일 2022.07.06)",https://kind.krx.co.kr/disclosure/disclosurebystocktype.do?method=searchDisclosureByStockTypeEtfSub&forward=disclosurebystocktype_etf_sub&currentPageSize=100&pageIndex=1&orderMode=1&orderStat=D&etfIsuSrtCd=&reportCd=&reportTmp=&etfIsuSrtNm=&reportNm=%EC%8B%A0%EA%B7%9C%EC%83%81%EC%9E%A5&fromDate=2022-07-01&toDate=2022-07-31,kind_listing_notice_title,official_notice_pending_isin,2026-08-14T07:26:02+00:00
TIGER 미국나스닥100채권혼합50,43542,2022-07-06,2022-07-05 13:32,20220705000174,"신규상장(미래에셋 TIGER 미국나스닥100TR채권혼합Fn증권상장지수투자신탁(채권혼합), 상장일 2022.07.06)",https://kind.krx.co.kr/disclosure/disclosurebystocktype.do?method=searchDisclosureByStockTypeEtfSub&forward=disclosurebystocktype_etf_sub&currentPageSize=100&pageIndex=1&orderMode=1&orderStat=D&etfIsuSrtCd=&reportCd=&reportTmp=&etfIsuSrtNm=&reportNm=%EC%8B%A0%EA%B7%9C%EC%83%81%EC%9E%A5&fromDate=2022-07-01&toDate=2022-07-31,kind_listing_notice_title,official_notice_pending_isin,2026-08-14T07:26:02+00:00
PLUS K-유니콘투자기업액티브,43618,2022-07-13,2022-07-11 15:43,20220711000061,"신규상장(한화 ARIRANG K-유니콘투자기업액티브증권상장지수투자신탁(주식), 상장일 2022.07.13)",https://kind.krx.co.kr/disclosure/disclosurebystocktype.do?method=searchDisclosureByStockTypeEtfSub&forward=disclosurebystocktype_etf_sub&currentPageSize=100&pageIndex=1&orderMode=1&orderStat=D&etfIsuSrtCd=&reportCd=&reportTmp=&etfIsuSrtNm=&reportNm=%EC%8B%A0%EA%B7%9C%EC%83%81%EC%9E%A5&fromDate=2022-07-01&toDate=2022-07-31,kind_listing_notice_title,official_notice_pending_isin,2026-08-14T07:26:02+00:00
KIWOOM 글로벌리츠이지스액티브,43755,2022-07-29,2022-07-27 16:32,20220727000083,"신규상장(키움 히어로즈 글로벌리츠이지스액티브부동산상장지수투자신탁[REITs-재간접형], 상장일 2022.07.29)",https://kind.krx.co.kr/disclosure/disclosurebystocktype.do?method=searchDisclosureByStockTypeEtfSub&forward=disclosurebystocktype_etf_sub&currentPageSize=100&pageIndex=1&orderMode=1&orderStat=D&etfIsuSrtCd=&reportCd=&reportTmp=&etfIsuSrtNm=&reportNm=%EC%8B%A0%EA%B7%9C%EC%83%81%EC%9E%A5&fromDate=2022-07-01&toDate=2022-07-31,kind_listing_notice_title,official_notice_pending_isin,2026-08-14T07:26:02+00:00
RISE 글로벌농업경제,43737,2022-07-29,2022-07-27 16:32,20220727000094,"신규상장(KB KBSTAR 글로벌농업경제MV증권상장지수투자신탁(주식), 상장일 2022.07.29)",https://kind.krx.co.kr/disclosure/disclosurebystocktype.do?method=searchDisclosureByStockTypeEtfSub&forward=disclosurebystocktype_etf_sub&currentPageSize=100&pageIndex=1&orderMode=1&orderStat=D&etfIsuSrtCd=&reportCd=&reportTmp=&etfIsuSrtNm=&reportNm=%EC%8B%A0%EA%B7%9C%EC%83%81%EC%9E%A5&fromDate=2022-07-01&toDate=2022-07-31,kind_listing_notice_title,official_notice_pending_isin,2026-08-14T07:26:02+00:00
RISE 미국단기투자등급회사채액티브,43735,2022-07-29,2022-07-27 16:31,20220727000095,"신규상장(KB KBSTAR 미국단기투자등급회사채액티브증권상장지수투자신탁(채권), 상장일 2022.07.29)",https://kind.krx.co.kr/disclosure/disclosurebystocktype.do?method=searchDisclosureByStockTypeEtfSub&forward=disclosurebystocktype_etf_sub&currentPageSize=100&pageIndex=1&orderMode=1&orderStat=D&etfIsuSrtCd=&reportCd=&reportTmp=&etfIsuSrtNm=&reportNm=%EC%8B%A0%EA%B7%9C%EC%83%81%EC%9E%A5&fromDate=2022-07-01&toDate=2022-07-31,kind_listing_notice_title,official_notice_pending_isin,2026-08-14T07:26:02+00:00
SOL 종합채권(AA-이상)액티브,43614,2022-08-09,2022-08-05 14:04,20220805000056,"신규상장(신한 SOL종합채권(AA-이상)액티브증권상장지수투자신탁[채권], 상장일 2022.08.09)",https://kind.krx.co.kr/disclosure/disclosurebystocktype.do?method=searchDisclosureByStockTypeEtfSub&forward=disclosurebystocktype_etf_sub&currentPageSize=100&pageIndex=1&orderMode=1&orderStat=D&etfIsuSrtCd=&reportCd=&reportTmp=&etfIsuSrtNm=&reportNm=%EC%8B%A0%EA%B7%9C%EC%83%81%EC%9E%A5&fromDate=2022-08-01&toDate=2022-08-31,kind_listing_notice_title,official_notice_pending_isin,2026-08-14T07:26:02+00:00
KODEX 아시아달러채권ESG플러스액티브,43707,2022-08-09,2022-08-05 14:05,20220805000208,"신규상장(삼성 KODEX 아시아달러채권SRI플러스액티브증권상장지수투자신탁[채권], 상장일 2022.08.09)",https://kind.krx.co.kr/disclosure/disclosurebystocktype.do?method=searchDisclosureByStockTypeEtfSub&forward=disclosurebystocktype_etf_sub&currentPageSize=100&pageIndex=1&orderMode=1&orderStat=D&etfIsuSrtCd=&reportCd=&reportTmp=&etfIsuSrtNm=&reportNm=%EC%8B%A0%EA%B7%9C%EC%83%81%EC%9E%A5&fromDate=2022-08-01&toDate=2022-08-31,kind_listing_notice_title,official_notice_pending_isin,2026-08-14T07:26:02+00:00
KODEX 미국종합채권ESG액티브(H),43708,2022-08-09,2022-08-05 14:05,20220805000209,"신규상장(삼성 KODEX 미국종합채권SRI액티브증권상장지수투자신탁(H)[채권], 상장일 2022.08.09)",https://kind.krx.co.kr/disclosure/disclosurebystocktype.do?method=searchDisclosureByStockTypeEtfSub&forward=disclosurebystocktype_etf_sub&currentPageSize=100&pageIndex=1&orderMode=1&orderStat=D&etfIsuSrtCd=&reportCd=&reportTmp=&etfIsuSrtNm=&reportNm=%EC%8B%A0%EA%B7%9C%EC%83%81%EC%9E%A5&fromDate=2022-08-01&toDate=2022-08-31,kind_listing_notice_title,official_notice_pending_isin,2026-08-14T07:26:02+00:00
HANARO Fn K-푸드,43890,2022-08-17,2022-08-12 14:17,20220812000056,"신규상장(NH-Amundi HANARO Fn K-푸드증권상장지수투자신탁(주식), 상장일 2022.08.17)",https://kind.krx.co.kr/disclosure/disclosurebystocktype.do?method=searchDisclosureByStockTypeEtfSub&forward=disclosurebystocktype_etf_sub&currentPageSize=100&pageIndex=1&orderMode=1&orderStat=D&etfIsuSrtCd=&reportCd=&reportTmp=&etfIsuSrtNm=&reportNm=%EC%8B%A0%EA%B7%9C%EC%83%81%EC%9E%A5&fromDate=2022-08-01&toDate=2022-08-31,kind_listing_notice_title,official_notice_pending_isin,2026-08-14T07:26:02+00:00
PLUS 글로벌AI,43821,2022-08-17,2022-08-12 14:16,20220812000058,"신규상장(한화 ARIRANG 글로벌인공지능산업MV증권상장지수투자신탁(주식), 상장일 2022.08.17)",https://kind.krx.co.kr/disclosure/disclosurebystocktype.do?method=searchDisclosureByStockTypeEtfSub&forward=disclosurebystocktype_etf_sub&currentPageSize=100&pageIndex=1&orderMode=1&orderStat=D&etfIsuSrtCd=&reportCd=&reportTmp=&etfIsuSrtNm=&reportNm=%EC%8B%A0%EA%B7%9C%EC%83%81%EC%9E%A5&fromDate=2022-08-01&toDate=2022-08-31,kind_listing_notice_title,official_notice_pending_isin,2026-08-14T07:26:02+00:00
MIDAS 중소형액티브,43874,2022-08-17,2022-08-12 14:17,20220812000060,"신규상장(마이다스 마이다스 KoreaStock중소형액티브증권상장지수투자신탁(주식), 상장일 2022.08.17)",https://kind.krx.co.kr/disclosure/disclosurebystocktype.do?method=searchDisclosureByStockTypeEtfSub&forward=disclosurebystocktype_etf_sub&currentPageSize=100&pageIndex=1&orderMode=1&orderStat=D&etfIsuSrtCd=&reportCd=&reportTmp=&etfIsuSrtNm=&reportNm=%EC%8B%A0%EA%B7%9C%EC%83%81%EC%9E%A5&fromDate=2022-08-01&toDate=2022-08-31,kind_listing_notice_title,official_notice_pending_isin,2026-08-14T07:26:02+00:00
ACE 단기채권알파액티브,44064,2022-08-23,2022-08-19 18:03,20220819000028,"신규상장(한국투자 KINDEX 단기채권알파액티브증권상장지수투자신탁(채권), 상장일 2022.08.23)",https://kind.krx.co.kr/disclosure/disclosurebystocktype.do?method=searchDisclosureByStockTypeEtfSub&forward=disclosurebystocktype_etf_sub&currentPageSize=100&pageIndex=1&orderMode=1&orderStat=D&etfIsuSrtCd=&reportCd=&reportTmp=&etfIsuSrtNm=&reportNm=%EC%8B%A0%EA%B7%9C%EC%83%81%EC%9E%A5&fromDate=2022-08-01&toDate=2022-08-31,kind_listing_notice_title,official_notice_pending_isin,2026-08-14T07:26:02+00:00
ACE 미국달러단기채권액티브,44065,2022-08-23,2022-08-19 18:02,20220819000030,"신규상장(한국투자 KINDEX 미국달러단기채권액티브증권상장지수투자신탁(채권), 상장일 2022.08.23)",https://kind.krx.co.kr/disclosure/disclosurebystocktype.do?method=searchDisclosureByStockTypeEtfSub&forward=disclosurebystocktype_etf_sub&currentPageSize=100&pageIndex=1&orderMode=1&orderStat=D&etfIsuSrtCd=&reportCd=&reportTmp=&etfIsuSrtNm=&reportNm=%EC%8B%A0%EA%B7%9C%EC%83%81%EC%9E%A5&fromDate=2022-08-01&toDate=2022-08-31,kind_listing_notice_title,official_notice_pending_isin,2026-08-14T07:26:02+00:00
TIGER 우량회사채액티브,43833,2022-08-23,2022-08-19 18:02,20220819000075,"신규상장(미래에셋 TIGER 투자등급회사채액티브증권상장지수투자신탁(채권), 상장일 2022.08.23)",https://kind.krx.co.kr/disclosure/disclosurebystocktype.do?method=searchDisclosureByStockTypeEtfSub&forward=disclosurebystocktype_etf_sub&currentPageSize=100&pageIndex=1&orderMode=1&orderStat=D&etfIsuSrtCd=&reportCd=&reportTmp=&etfIsuSrtNm=&reportNm=%EC%8B%A0%EA%B7%9C%EC%83%81%EC%9E%A5&fromDate=2022-08-01&toDate=2022-08-31,kind_listing_notice_title,official_notice_pending_isin,2026-08-14T07:26:02+00:00
TIGER 차이나항셍테크레버리지(합성 H),43832,2022-08-23,2022-08-19 18:02,20220819000077,"신규상장(미래에셋 TIGER 차이나항셍테크레버리지증권상장지수투자신탁(주식혼합-파생)(합성 H), 상장일 2022.08.23)",https://kind.krx.co.kr/disclosure/disclosurebystocktype.do?method=searchDisclosureByStockTypeEtfSub&forward=disclosurebystocktype_etf_sub&currentPageSize=100&pageIndex=1&orderMode=1&orderStat=D&etfIsuSrtCd=&reportCd=&reportTmp=&etfIsuSrtNm=&reportNm=%EC%8B%A0%EA%B7%9C%EC%83%81%EC%9E%A5&fromDate=2022-08-01&toDate=2022-08-31,kind_listing_notice_title,official_notice_pending_isin,2026-08-14T07:26:02+00:00
KODEX ESG종합채권(A-이상)액티브,43986,2022-08-23,2022-08-19 18:02,20220819000089,"신규상장(삼성 KODEX ESG종합채권(A-이상)액티브증권상장지수투자신탁[채권], 상장일 2022.08.23)",https://kind.krx.co.kr/disclosure/disclosurebystocktype.do?method=searchDisclosureByStockTypeEtfSub&forward=disclosurebystocktype_etf_sub&currentPageSize=100&pageIndex=1&orderMode=1&orderStat=D&etfIsuSrtCd=&reportCd=&reportTmp=&etfIsuSrtNm=&reportNm=%EC%8B%A0%EA%B7%9C%EC%83%81%EC%9E%A5&fromDate=2022-08-01&toDate=2022-08-31,kind_listing_notice_title,official_notice_pending_isin,2026-08-14T07:26:02+00:00
KODEX 국고채30년액티브,43987,2022-08-23,2022-08-19 18:02,20220819000090,"신규상장(삼성 KODEX 국고채30년액티브증권상장지수투자신탁[채권], 상장일 2022.08.23)",https://kind.krx.co.kr/disclosure/disclosurebystocktype.do?method=searchDisclosureByStockTypeEtfSub&forward=disclosurebystocktype_etf_sub&currentPageSize=100&pageIndex=1&orderMode=1&orderStat=D&etfIsuSrtCd=&reportCd=&reportTmp=&etfIsuSrtNm=&reportNm=%EC%8B%A0%EA%B7%9C%EC%83%81%EC%9E%A5&fromDate=2022-08-01&toDate=2022-08-31,kind_listing_notice_title,official_notice_pending_isin,2026-08-14T07:26:02+00:00
WON 미국우주항공방산,44091,2022-08-26,2022-08-24 13:47,20220824000072,"신규상장(우리 WOORI 미국S&P우주항공&디펜스증권상장지수투자신탁(주식), 상장일 2022.08.26)",https://kind.krx.co.kr/disclosure/disclosurebystocktype.do?method=searchDisclosureByStockTypeEtfSub&forward=disclosurebystocktype_etf_sub&currentPageSize=100&pageIndex=1&orderMode=1&orderStat=D&etfIsuSrtCd=&reportCd=&reportTmp=&etfIsuSrtNm=&reportNm=%EC%8B%A0%EA%B7%9C%EC%83%81%EC%9E%A5&fromDate=2022-08-01&toDate=2022-08-31,kind_listing_notice_title,official_notice_pending_isin,2026-08-14T07:26:02+00:00
ACE 미국S&P500미국채혼합50액티브,43808,2022-08-26,2022-08-24 13:47,20220824000155,"신규상장(한국투자 KINDEX 미국S&P500채권혼합액티브증권상장지수투자신탁(채권혼합), 상장일 2022.08.26)",https://kind.krx.co.kr/disclosure/disclosurebystocktype.do?method=searchDisclosureByStockTypeEtfSub&forward=disclosurebystocktype_etf_sub&currentPageSize=100&pageIndex=1&orderMode=1&orderStat=D&etfIsuSrtCd=&reportCd=&reportTmp=&etfIsuSrtNm=&reportNm=%EC%8B%A0%EA%B7%9C%EC%83%81%EC%9E%A5&fromDate=2022-08-01&toDate=2022-08-31,kind_listing_notice_title,official_notice_pending_isin,2026-08-14T07:26:02+00:00
ACE 미국나스닥100미국채혼합50액티브,43810,2022-08-26,2022-08-24 13:47,20220824000156,"신규상장(한국투자 KINDEX 미국나스닥100채권혼합액티브증권상장지수투자신탁(채권혼합), 상장일 2022.08.26)",https://kind.krx.co.kr/disclosure/disclosurebystocktype.do?method=searchDisclosureByStockTypeEtfSub&forward=disclosurebystocktype_etf_sub&currentPageSize=100&pageIndex=1&orderMode=1&orderStat=D&etfIsuSrtCd=&reportCd=&reportTmp=&etfIsuSrtNm=&reportNm=%EC%8B%A0%EA%B7%9C%EC%83%81%EC%9E%A5&fromDate=2022-08-01&toDate=2022-08-31,kind_listing_notice_title,official_notice_pending_isin,2026-08-14T07:26:02+00:00
TIGER 글로벌멀티에셋TIF액티브,44034,2022-08-30,2022-08-26 10:34,20220826000100,"신규상장(미래에셋 TIGER 글로벌멀티에셋TIF액티브증권상장지수투자신탁(채권혼합), 상장일 2022.08.30)",https://kind.krx.co.kr/disclosure/disclosurebystocktype.do?method=searchDisclosureByStockTypeEtfSub&forward=disclosurebystocktype_etf_sub&currentPageSize=100&pageIndex=1&orderMode=1&orderStat=D&etfIsuSrtCd=&reportCd=&reportTmp=&etfIsuSrtNm=&reportNm=%EC%8B%A0%EA%B7%9C%EC%83%81%EC%9E%A5&fromDate=2022-08-01&toDate=2022-08-31,kind_listing_notice_title,official_notice_pending_isin,2026-08-14T07:26:02+00:00
SOL 국고채3년,43856,2022-09-06,2022-09-02 13:36,20220902000183,"신규상장(신한 SOL 국고채3년증권상장지수투자신탁[채권], 상장일 2022.09.06)",https://kind.krx.co.kr/disclosure/disclosurebystocktype.do?method=searchDisclosureByStockTypeEtfSub&forward=disclosurebystocktype_etf_sub&currentPageSize=100&pageIndex=1&orderMode=1&orderStat=D&etfIsuSrtCd=&reportCd=&reportTmp=&etfIsuSrtNm=&reportNm=%EC%8B%A0%EA%B7%9C%EC%83%81%EC%9E%A5&fromDate=2022-09-01&toDate=2022-09-30,kind_listing_notice_title,official_notice_pending_isin,2026-08-14T07:26:02+00:00
SOL 국고채10년,43857,2022-09-06,2022-09-02 13:36,20220902000184,"신규상장(신한 SOL 국고채10년증권상장지수투자신탁[채권], 상장일 2022.09.06)",https://kind.krx.co.kr/disclosure/disclosurebystocktype.do?method=searchDisclosureByStockTypeEtfSub&forward=disclosurebystocktype_etf_sub&currentPageSize=100&pageIndex=1&orderMode=1&orderStat=D&etfIsuSrtCd=&reportCd=&reportTmp=&etfIsuSrtNm=&reportNm=%EC%8B%A0%EA%B7%9C%EC%83%81%EC%9E%A5&fromDate=2022-09-01&toDate=2022-09-30,kind_listing_notice_title,official_notice_pending_isin,2026-08-14T07:26:02+00:00
HANARO Fn조선해운,44154,2022-09-15,2022-09-13 13:40,20220913000067,"신규상장(NH-Amundi HANARO Fn조선해운증권상장지수투자신탁(주식), 상장일 2022.09.15)",https://kind.krx.co.kr/disclosure/disclosurebystocktype.do?method=searchDisclosureByStockTypeEtfSub&forward=disclosurebystocktype_etf_sub&currentPageSize=100&pageIndex=1&orderMode=1&orderStat=D&etfIsuSrtCd=&reportCd=&reportTmp=&etfIsuSrtNm=&reportNm=%EC%8B%A0%EA%B7%9C%EC%83%81%EC%9E%A5&fromDate=2022-09-01&toDate=2022-09-30,kind_listing_notice_title,official_notice_pending_isin,2026-08-14T07:26:02+00:00
KIWOOM 차이나A50커넥트MSCI,44133,2022-09-20,2022-09-16 17:14,20220916000073,"신규상장(키움 KOSEF 차이나A50커넥트MSCI증권상장지수투자신탁[주식-파생형], 상장일 2022.09.20)",https://kind.krx.co.kr/disclosure/disclosurebystocktype.do?method=searchDisclosureByStockTypeEtfSub&forward=disclosurebystocktype_etf_sub&currentPageSize=100&pageIndex=1&orderMode=1&orderStat=D&etfIsuSrtCd=&reportCd=&reportTmp=&etfIsuSrtNm=&reportNm=%EC%8B%A0%EA%B7%9C%EC%83%81%EC%9E%A5&fromDate=2022-09-01&toDate=2022-09-30,kind_listing_notice_title,official_notice_pending_isin,2026-08-14T07:26:02+00:00
에셋플러스 코리아대장장이액티브,44209,2022-09-20,2022-09-16 17:13,20220916000116,"신규상장(에셋플러스 에셋플러스 코리아대장장이액티브증권상장지수투자신탁(주식), 상장일 2022.09.20)",https://kind.krx.co.kr/disclosure/disclosurebystocktype.do?method=searchDisclosureByStockTypeEtfSub&forward=disclosurebystocktype_etf_sub&currentPageSize=100&pageIndex=1&orderMode=1&orderStat=D&etfIsuSrtCd=&reportCd=&reportTmp=&etfIsuSrtNm=&reportNm=%EC%8B%A0%EA%B7%9C%EC%83%81%EC%9E%A5&fromDate=2022-09-01&toDate=2022-09-30,kind_listing_notice_title,official_notice_pending_isin,2026-08-14T07:26:02+00:00
PLUS 글로벌HBM반도체,44258,2022-09-22,2022-09-20 11:09,20220920000073,"신규상장(한화 ARIRANG 글로벌D램반도체iSelect증권상장지수투자신탁(주식), 상장일 2022.09.22)",https://kind.krx.co.kr/disclosure/disclosurebystocktype.do?method=searchDisclosureByStockTypeEtfSub&forward=disclosurebystocktype_etf_sub&currentPageSize=100&pageIndex=1&orderMode=1&orderStat=D&etfIsuSrtCd=&reportCd=&reportTmp=&etfIsuSrtNm=&reportNm=%EC%8B%A0%EA%B7%9C%EC%83%81%EC%9E%A5&fromDate=2022-09-01&toDate=2022-09-30,kind_listing_notice_title,official_notice_pending_isin,2026-08-14T07:26:02+00:00
RISE TDF2030액티브 적격,44255,2022-09-22,2022-09-20 11:09,20220920000076,"신규상장(KB KBSTAR TDF2030액티브증권상장지수투자신탁(혼합-재간접형), 상장일 2022.09.22)",https://kind.krx.co.kr/disclosure/disclosurebystocktype.do?method=searchDisclosureByStockTypeEtfSub&forward=disclosurebystocktype_etf_sub&currentPageSize=100&pageIndex=1&orderMode=1&orderStat=D&etfIsuSrtCd=&reportCd=&reportTmp=&etfIsuSrtNm=&reportNm=%EC%8B%A0%EA%B7%9C%EC%83%81%EC%9E%A5&fromDate=2022-09-01&toDate=2022-09-30,kind_listing_notice_title,official_notice_pending_isin,2026-08-14T07:26:02+00:00
RISE TDF2040액티브 적격,44256,2022-09-22,2022-09-20 11:09,20220920000078,"신규상장(KB KBSTAR TDF2040액티브증권상장지수투자신탁(혼합-재간접형), 상장일 2022.09.22)",https://kind.krx.co.kr/disclosure/disclosurebystocktype.do?method=searchDisclosureByStockTypeEtfSub&forward=disclosurebystocktype_etf_sub&currentPageSize=100&pageIndex=1&orderMode=1&orderStat=D&etfIsuSrtCd=&reportCd=&reportTmp=&etfIsuSrtNm=&reportNm=%EC%8B%A0%EA%B7%9C%EC%83%81%EC%9E%A5&fromDate=2022-09-01&toDate=2022-09-30,kind_listing_notice_title,official_notice_pending_isin,2026-08-14T07:26:02+00:00
RISE TDF2050액티브 적격,44257,2022-09-22,2022-09-20 11:09,20220920000079,"신규상장(KB KBSTAR TDF2050액티브증권상장지수투자신탁(혼합-재간접형), 상장일 2022.09.22)",https://kind.krx.co.kr/disclosure/disclosurebystocktype.do?method=searchDisclosureByStockTypeEtfSub&forward=disclosurebystocktype_etf_sub&currentPageSize=100&pageIndex=1&orderMode=1&orderStat=D&etfIsuSrtCd=&reportCd=&reportTmp=&etfIsuSrtNm=&reportNm=%EC%8B%A0%EA%B7%9C%EC%83%81%EC%9E%A5&fromDate=2022-09-01&toDate=2022-09-30,kind_listing_notice_title,official_notice_pending_isin,2026-08-14T07:26:02+00:00
TIGER 미국나스닥100커버드콜(합성),44168,2022-09-22,2022-09-20 11:08,20220920000092,"신규상장(미래에셋 TIGER 미국나스닥100커버드콜증권상장지수투자신탁(주식-파생형)(합성), 상장일 2022.09.22)",https://kind.krx.co.kr/disclosure/disclosurebystocktype.do?method=searchDisclosureByStockTypeEtfSub&forward=disclosurebystocktype_etf_sub&currentPageSize=100&pageIndex=1&orderMode=1&orderStat=D&etfIsuSrtCd=&reportCd=&reportTmp=&etfIsuSrtNm=&reportNm=%EC%8B%A0%EA%B7%9C%EC%83%81%EC%9E%A5&fromDate=2022-09-01&toDate=2022-09-30,kind_listing_notice_title,official_notice_pending_isin,2026-08-14T07:26:02+00:00
KODEX 미국배당커버드콜액티브,44164,2022-09-27,2022-09-23 10:53,20220923000083,"신규상장(삼성 KODEX 미국배당프리미엄S&P액티브증권상장지수투자신탁[주식-파생형], 상장일 2022.09.27)",https://kind.krx.co.kr/disclosure/disclosurebystocktype.do?method=searchDisclosureByStockTypeEtfSub&forward=disclosurebystocktype_etf_sub&currentPageSize=100&pageIndex=1&orderMode=1&orderStat=D&etfIsuSrtCd=&reportCd=&reportTmp=&etfIsuSrtNm=&reportNm=%EC%8B%A0%EA%B7%9C%EC%83%81%EC%9E%A5&fromDate=2022-09-01&toDate=2022-09-30,kind_listing_notice_title,official_notice_pending_isin,2026-08-14T07:26:02+00:00
TIME Korea플러스배당액티브,44180,2022-09-27,2022-09-23 10:53,20220923000085,"신규상장(타임폴리오 TIMEFOLIO Korea플러스배당액티브증권상장지수투자신탁[주식], 상장일 2022.09.27)",https://kind.krx.co.kr/disclosure/disclosurebystocktype.do?method=searchDisclosureByStockTypeEtfSub&forward=disclosurebystocktype_etf_sub&currentPageSize=100&pageIndex=1&orderMode=1&orderStat=D&etfIsuSrtCd=&reportCd=&reportTmp=&etfIsuSrtNm=&reportNm=%EC%8B%A0%EA%B7%9C%EC%83%81%EC%9E%A5&fromDate=2022-09-01&toDate=2022-09-30,kind_listing_notice_title,official_notice_pending_isin,2026-08-14T07:26:02+00:00
WON 미국S&P500,44449,2022-10-06,2022-10-04 13:24,20221004000068,"신규상장(우리 WOORI 미국S&P500증권상장지수투자신탁(주식), 상장일 2022.10.06)",https://kind.krx.co.kr/disclosure/disclosurebystocktype.do?method=searchDisclosureByStockTypeEtfSub&forward=disclosurebystocktype_etf_sub&currentPageSize=100&pageIndex=1&orderMode=1&orderStat=D&etfIsuSrtCd=&reportCd=&reportTmp=&etfIsuSrtNm=&reportNm=%EC%8B%A0%EA%B7%9C%EC%83%81%EC%9E%A5&fromDate=2022-10-01&toDate=2022-10-31,kind_listing_notice_title,official_notice_pending_isin,2026-08-14T07:26:02+00:00
RISE 글로벌원자력,44232,2022-10-13,2022-10-11 13:06,20221011000134,"신규상장(KB KBSTAR 글로벌원자력iSelect증권상장지수투자신탁(주식), 상장일 2022.10.13)",https://kind.krx.co.kr/disclosure/disclosurebystocktype.do?method=searchDisclosureByStockTypeEtfSub&forward=disclosurebystocktype_etf_sub&currentPageSize=100&pageIndex=1&orderMode=1&orderStat=D&etfIsuSrtCd=&reportCd=&reportTmp=&etfIsuSrtNm=&reportNm=%EC%8B%A0%EA%B7%9C%EC%83%81%EC%9E%A5&fromDate=2022-10-01&toDate=2022-10-31,kind_listing_notice_title,official_notice_pending_isin,2026-08-14T07:26:02+00:00
SOL 코리아메가테크액티브,44420,2022-10-18,2022-10-14 15:42,20221014000117,"신규상장(신한 SOL KEDI메가테크액티브증권상장지수투자신탁[주식], 상장일 2022.10.18)",https://kind.krx.co.kr/disclosure/disclosurebystocktype.do?method=searchDisclosureByStockTypeEtfSub&forward=disclosurebystocktype_etf_sub&currentPageSize=100&pageIndex=1&orderMode=1&orderStat=D&etfIsuSrtCd=&reportCd=&reportTmp=&etfIsuSrtNm=&reportNm=%EC%8B%A0%EA%B7%9C%EC%83%81%EC%9E%A5&fromDate=2022-10-01&toDate=2022-10-31,kind_listing_notice_title,official_notice_pending_isin,2026-08-14T07:26:02+00:00
TIGER MKF배당귀족,44591,2022-10-18,2022-10-14 15:42,20221014000118,"신규상장(미래에셋 TIGER MKF배당귀족증권상장지수투자신탁(주식), 상장일 2022.10.18)",https://kind.krx.co.kr/disclosure/disclosurebystocktype.do?method=searchDisclosureByStockTypeEtfSub&forward=disclosurebystocktype_etf_sub&currentPageSize=100&pageIndex=1&orderMode=1&orderStat=D&etfIsuSrtCd=&reportCd=&reportTmp=&etfIsuSrtNm=&reportNm=%EC%8B%A0%EA%B7%9C%EC%83%81%EC%9E%A5&fromDate=2022-10-01&toDate=2022-10-31,kind_listing_notice_title,official_notice_pending_isin,2026-08-14T07:26:02+00:00
KOSEF 차이나A50커넥트인버스MSCI(합성 H),44595,2022-10-25,2022-10-21 16:25,20221021000044,"신규상장(키움 KOSEF 차이나A50커넥트인버스MSCI증권ETF[주식혼합-파생형](합성 H), 상장일 2022.10.25)",https://kind.krx.co.kr/disclosure/disclosurebystocktype.do?method=searchDisclosureByStockTypeEtfSub&forward=disclosurebystocktype_etf_sub&currentPageSize=100&pageIndex=1&orderMode=1&orderStat=D&etfIsuSrtCd=&reportCd=&reportTmp=&etfIsuSrtNm=&reportNm=%EC%8B%A0%EA%B7%9C%EC%83%81%EC%9E%A5&fromDate=2022-10-01&toDate=2022-10-31,kind_listing_notice_title,official_notice_pending_isin,2026-08-14T07:26:02+00:00
KOSEF 차이나A50커넥트레버리지MSCI(합성H),44593,2022-10-25,2022-10-21 16:25,20221021000045,"신규상장(키움 KOSEF 차이나A50커넥트레버리지MSCI증권ETF[주식혼합-파생형](합성 H), 상장일 2022.10.25)",https://kind.krx.co.kr/disclosure/disclosurebystocktype.do?method=searchDisclosureByStockTypeEtfSub&forward=disclosurebystocktype_etf_sub&currentPageSize=100&pageIndex=1&orderMode=1&orderStat=D&etfIsuSrtCd=&reportCd=&reportTmp=&etfIsuSrtNm=&reportNm=%EC%8B%A0%EA%B7%9C%EC%83%81%EC%9E%A5&fromDate=2022-10-01&toDate=2022-10-31,kind_listing_notice_title,official_notice_pending_isin,2026-08-14T07:26:02+00:00
마이티 다이나믹퀀트액티브,44226,2022-10-25,2022-10-21 16:25,20221021000047,"신규상장(DB 마이티 다이나믹퀀트액티브증권상장지수투자신탁[주식], 상장일 2022.10.25)",https://kind.krx.co.kr/disclosure/disclosurebystocktype.do?method=searchDisclosureByStockTypeEtfSub&forward=disclosurebystocktype_etf_sub&currentPageSize=100&pageIndex=1&orderMode=1&orderStat=D&etfIsuSrtCd=&reportCd=&reportTmp=&etfIsuSrtNm=&reportNm=%EC%8B%A0%EA%B7%9C%EC%83%81%EC%9E%A5&fromDate=2022-10-01&toDate=2022-10-31,kind_listing_notice_title,official_notice_pending_isin,2026-08-14T07:26:02+00:00
KOSEF 차이나A50커넥트인버스MSCI(합성 H),44595,2022-10-25,2022-10-24 19:27,20221024000531,"신규상장((정정)키움 KOSEF 차이나A50커넥트인버스MSCI증권ETF[주식혼합-파생형](합성 H), 상장일 2022.10.25)",https://kind.krx.co.kr/disclosure/disclosurebystocktype.do?method=searchDisclosureByStockTypeEtfSub&forward=disclosurebystocktype_etf_sub&currentPageSize=100&pageIndex=1&orderMode=1&orderStat=D&etfIsuSrtCd=&reportCd=&reportTmp=&etfIsuSrtNm=&reportNm=%EC%8B%A0%EA%B7%9C%EC%83%81%EC%9E%A5&fromDate=2022-10-01&toDate=2022-10-31,kind_listing_notice_title,official_notice_pending_isin,2026-08-14T07:26:02+00:00
KOSEF 차이나A50커넥트레버리지MSCI(합성H),44593,2022-10-25,2022-10-24 19:27,20221024000532,"신규상장((정정)키움 KOSEF 차이나A50커넥트레버리지MSCI증권ETF[주식혼합-파생형](합성 H), 상장일 2022.10.25)",https://kind.krx.co.kr/disclosure/disclosurebystocktype.do?method=searchDisclosureByStockTypeEtfSub&forward=disclosurebystocktype_etf_sub&currentPageSize=100&pageIndex=1&orderMode=1&orderStat=D&etfIsuSrtCd=&reportCd=&reportTmp=&etfIsuSrtNm=&reportNm=%EC%8B%A0%EA%B7%9C%EC%83%81%EC%9E%A5&fromDate=2022-10-01&toDate=2022-10-31,kind_listing_notice_title,official_notice_pending_isin,2026-08-14T07:26:02+00:00
BNK 주주가치액티브,44569,2022-10-27,2022-10-25 13:23,20221025000197,"신규상장(BNK BNK 주주가치액티브증권상장지수투자신탁(주식), 상장일 2022.10.27)",https://kind.krx.co.kr/disclosure/disclosurebystocktype.do?method=searchDisclosureByStockTypeEtfSub&forward=disclosurebystocktype_etf_sub&currentPageSize=100&pageIndex=1&orderMode=1&orderStat=D&etfIsuSrtCd=&reportCd=&reportTmp=&etfIsuSrtNm=&reportNm=%EC%8B%A0%EA%B7%9C%EC%83%81%EC%9E%A5&fromDate=2022-10-01&toDate=2022-10-31,kind_listing_notice_title,official_notice_pending_isin,2026-08-14T07:26:02+00:00
RISE 배터리 리사이클링,44670,2022-11-01,2022-10-31 17:46,20221031000713,"신규상장(KB KBSTAR 배터리 리사이클링iSelect증권상장지수투자신탁(주식), 상장일 2022.11.01)",https://kind.krx.co.kr/disclosure/disclosurebystocktype.do?method=searchDisclosureByStockTypeEtfSub&forward=disclosurebystocktype_etf_sub&currentPageSize=100&pageIndex=1&orderMode=1&orderStat=D&etfIsuSrtCd=&reportCd=&reportTmp=&etfIsuSrtNm=&reportNm=%EC%8B%A0%EA%B7%9C%EC%83%81%EC%9E%A5&fromDate=2022-10-01&toDate=2022-10-31,kind_listing_notice_title,official_notice_pending_isin,2026-08-14T07:26:02+00:00
KODEX 친환경조선해운액티브,44515,2022-11-15,2022-11-11 13:36,20221111000082,"신규상장(삼성 KODEX K-친환경선박액티브증권상장지수투자신탁[주식], 상장일 2022.11.15)",https://kind.krx.co.kr/disclosure/disclosurebystocktype.do?method=searchDisclosureByStockTypeEtfSub&forward=disclosurebystocktype_etf_sub&currentPageSize=100&pageIndex=1&orderMode=1&orderStat=D&etfIsuSrtCd=&reportCd=&reportTmp=&etfIsuSrtNm=&reportNm=%EC%8B%A0%EA%B7%9C%EC%83%81%EC%9E%A5&fromDate=2022-11-01&toDate=2022-11-30,kind_listing_notice_title,official_notice_pending_isin,2026-08-14T07:26:02+00:00
KODEX 로봇액티브,44529,2022-11-15,2022-11-11 13:36,20221111000084,"신규상장(삼성 KODEX K-로봇액티브증권상장지수투자신탁[주식], 상장일 2022.11.15)",https://kind.krx.co.kr/disclosure/disclosurebystocktype.do?method=searchDisclosureByStockTypeEtfSub&forward=disclosurebystocktype_etf_sub&currentPageSize=100&pageIndex=1&orderMode=1&orderStat=D&etfIsuSrtCd=&reportCd=&reportTmp=&etfIsuSrtNm=&reportNm=%EC%8B%A0%EA%B7%9C%EC%83%81%EC%9E%A5&fromDate=2022-11-01&toDate=2022-11-30,kind_listing_notice_title,official_notice_pending_isin,2026-08-14T07:26:02+00:00
FOCUS AI코리아액티브,44857,2022-11-15,2022-11-11 13:36,20221111000086,"신규상장(브이아이 FOCUS AI코리아액티브증권상장지수투자신탁[주식], 상장일 2022.11.15)",https://kind.krx.co.kr/disclosure/disclosurebystocktype.do?method=searchDisclosureByStockTypeEtfSub&forward=disclosurebystocktype_etf_sub&currentPageSize=100&pageIndex=1&orderMode=1&orderStat=D&etfIsuSrtCd=&reportCd=&reportTmp=&etfIsuSrtNm=&reportNm=%EC%8B%A0%EA%B7%9C%EC%83%81%EC%9E%A5&fromDate=2022-11-01&toDate=2022-11-30,kind_listing_notice_title,official_notice_pending_isin,2026-08-14T07:26:02+00:00
ACE 주주환원가치주액티브,44743,2022-11-15,2022-11-11 13:35,20221111000087,"신규상장(한국투자 ACE 차세대가치주액티브증권상장지수투자신탁(주식), 상장일 2022.11.15)",https://kind.krx.co.kr/disclosure/disclosurebystocktype.do?method=searchDisclosureByStockTypeEtfSub&forward=disclosurebystocktype_etf_sub&currentPageSize=100&pageIndex=1&orderMode=1&orderStat=D&etfIsuSrtCd=&reportCd=&reportTmp=&etfIsuSrtNm=&reportNm=%EC%8B%A0%EA%B7%9C%EC%83%81%EC%9E%A5&fromDate=2022-11-01&toDate=2022-11-30,kind_listing_notice_title,official_notice_pending_isin,2026-08-14T07:26:02+00:00
ACE 글로벌반도체TOP4 Plus,44677,2022-11-15,2022-11-11 13:35,20221111000088,"신규상장(한국투자 ACE 글로벌반도체TOP4 Plus Solactive증권상장지수투자신탁(주식), 상장일 2022.11.15)",https://kind.krx.co.kr/disclosure/disclosurebystocktype.do?method=searchDisclosureByStockTypeEtfSub&forward=disclosurebystocktype_etf_sub&currentPageSize=100&pageIndex=1&orderMode=1&orderStat=D&etfIsuSrtCd=&reportCd=&reportTmp=&etfIsuSrtNm=&reportNm=%EC%8B%A0%EA%B7%9C%EC%83%81%EC%9E%A5&fromDate=2022-11-01&toDate=2022-11-30,kind_listing_notice_title,official_notice_pending_isin,2026-08-14T07:26:02+00:00
SOL 미국배당다우존스,44672,2022-11-15,2022-11-11 13:35,20221111000090,"신규상장(신한 SOL 미국배당다우존스증권상장지수투자신탁[주식], 상장일 2022.11.15)",https://kind.krx.co.kr/disclosure/disclosurebystocktype.do?method=searchDisclosureByStockTypeEtfSub&forward=disclosurebystocktype_etf_sub&currentPageSize=100&pageIndex=1&orderMode=1&orderStat=D&etfIsuSrtCd=&reportCd=&reportTmp=&etfIsuSrtNm=&reportNm=%EC%8B%A0%EA%B7%9C%EC%83%81%EC%9E%A5&fromDate=2022-11-01&toDate=2022-11-30,kind_listing_notice_title,official_notice_pending_isin,2026-08-14T07:26:02+00:00
KODEX 23-12 국고채액티브,44831,2022-11-22,2022-11-18 13:25,20221118000189,"신규상장(삼성 KODEX 23-12 국고채액티브증권상장지수투자신탁[채권], 상장일 2022.11.22)",https://kind.krx.co.kr/disclosure/disclosurebystocktype.do?method=searchDisclosureByStockTypeEtfSub&forward=disclosurebystocktype_etf_sub&currentPageSize=100&pageIndex=1&orderMode=1&orderStat=D&etfIsuSrtCd=&reportCd=&reportTmp=&etfIsuSrtNm=&reportNm=%EC%8B%A0%EA%B7%9C%EC%83%81%EC%9E%A5&fromDate=2022-11-01&toDate=2022-11-30,kind_listing_notice_title,official_notice_pending_isin,2026-08-14T07:26:02+00:00
KODEX 23-12 은행채(AA+이상)액티브,44832,2022-11-22,2022-11-18 13:25,20221118000194,"신규상장(삼성 KODEX 23-12 은행채(AA+이상)액티브증권상장지수투자신탁[채권], 상장일 2022.11.22)",https://kind.krx.co.kr/disclosure/disclosurebystocktype.do?method=searchDisclosureByStockTypeEtfSub&forward=disclosurebystocktype_etf_sub&currentPageSize=100&pageIndex=1&orderMode=1&orderStat=D&etfIsuSrtCd=&reportCd=&reportTmp=&etfIsuSrtNm=&reportNm=%EC%8B%A0%EA%B7%9C%EC%83%81%EC%9E%A5&fromDate=2022-11-01&toDate=2022-11-30,kind_listing_notice_title,official_notice_pending_isin,2026-08-14T07:26:02+00:00
TIGER 24-10 회사채(A+이상)액티브,44782,2022-11-22,2022-11-18 13:25,20221118000195,"신규상장(미래에셋 TIGER 24-10 회사채(A+이상)액티브증권상장지수투자신탁(채권), 상장일 2022.11.22)",https://kind.krx.co.kr/disclosure/disclosurebystocktype.do?method=searchDisclosureByStockTypeEtfSub&forward=disclosurebystocktype_etf_sub&currentPageSize=100&pageIndex=1&orderMode=1&orderStat=D&etfIsuSrtCd=&reportCd=&reportTmp=&etfIsuSrtNm=&reportNm=%EC%8B%A0%EA%B7%9C%EC%83%81%EC%9E%A5&fromDate=2022-11-01&toDate=2022-11-30,kind_listing_notice_title,official_notice_pending_isin,2026-08-14T07:26:02+00:00
KBSTAR 23-11 회사채(AA-이상)액티브,44859,2022-11-22,2022-11-18 13:25,20221118000196,"신규상장(KB KBSTAR 23-11 회사채(AA-이상)액티브증권상장지수투자신탁(채권), 상장일 2022.11.22)",https://kind.krx.co.kr/disclosure/disclosurebystocktype.do?method=searchDisclosureByStockTypeEtfSub&forward=disclosurebystocktype_etf_sub&currentPageSize=100&pageIndex=1&orderMode=1&orderStat=D&etfIsuSrtCd=&reportCd=&reportTmp=&etfIsuSrtNm=&reportNm=%EC%8B%A0%EA%B7%9C%EC%83%81%EC%9E%A5&fromDate=2022-11-01&toDate=2022-11-30,kind_listing_notice_title,official_notice_pending_isin,2026-08-14T07:26:02+00:00
RISE 25-11 회사채(AA-이상)액티브,44860,2022-11-22,2022-11-18 13:25,20221118000199,"신규상장(KB KBSTAR 25-11 회사채(AA-이상)액티브증권상장지수투자신탁(채권), 상장일 2022.11.22)",https://kind.krx.co.kr/disclosure/disclosurebystocktype.do?method=searchDisclosureByStockTypeEtfSub&forward=disclosurebystocktype_etf_sub&currentPageSize=100&pageIndex=1&orderMode=1&orderStat=D&etfIsuSrtCd=&reportCd=&reportTmp=&etfIsuSrtNm=&reportNm=%EC%8B%A0%EA%B7%9C%EC%83%81%EC%9E%A5&fromDate=2022-11-01&toDate=2022-11-30,kind_listing_notice_title,official_notice_pending_isin,2026-08-14T07:26:02+00:00
ACE 23-12 회사채(AA-이상)액티브,44887,2022-11-22,2022-11-18 13:25,20221118000203,"신규상장(한국투자 ACE 23-12 회사채(AA-이상)액티브증권상장지수투자신탁(채권), 상장일 2022.11.22)",https://kind.krx.co.kr/disclosure/disclosurebystocktype.do?method=searchDisclosureByStockTypeEtfSub&forward=disclosurebystocktype_etf_sub&currentPageSize=100&pageIndex=1&orderMode=1&orderStat=D&etfIsuSrtCd=&reportCd=&reportTmp=&etfIsuSrtNm=&reportNm=%EC%8B%A0%EA%B7%9C%EC%83%81%EC%9E%A5&fromDate=2022-11-01&toDate=2022-11-30,kind_listing_notice_title,official_notice_pending_isin,2026-08-14T07:26:02+00:00
ACE 24-12 회사채(AA-이상)액티브,44888,2022-11-22,2022-11-18 13:24,20221118000204,"신규상장(한국투자 ACE 24-12 회사채(AA-이상)액티브증권상장지수투자신탁(채권), 상장일 2022.11.22)",https://kind.krx.co.kr/disclosure/disclosurebystocktype.do?method=searchDisclosureByStockTypeEtfSub&forward=disclosurebystocktype_etf_sub&currentPageSize=100&pageIndex=1&orderMode=1&orderStat=D&etfIsuSrtCd=&reportCd=&reportTmp=&etfIsuSrtNm=&reportNm=%EC%8B%A0%EA%B7%9C%EC%83%81%EC%9E%A5&fromDate=2022-11-01&toDate=2022-11-30,kind_listing_notice_title,official_notice_pending_isin,2026-08-14T07:26:02+00:00
HANARO 32-10 국고채액티브,44849,2022-11-22,2022-11-18 13:24,20221118000206,"신규상장(NH-Amundi HANARO 32-10 국고채액티브증권상장지수투자신탁(채권), 상장일 2022.11.22)",https://kind.krx.co.kr/disclosure/disclosurebystocktype.do?method=searchDisclosureByStockTypeEtfSub&forward=disclosurebystocktype_etf_sub&currentPageSize=100&pageIndex=1&orderMode=1&orderStat=D&etfIsuSrtCd=&reportCd=&reportTmp=&etfIsuSrtNm=&reportNm=%EC%8B%A0%EA%B7%9C%EC%83%81%EC%9E%A5&fromDate=2022-11-01&toDate=2022-11-30,kind_listing_notice_title,official_notice_pending_isin,2026-08-14T07:26:02+00:00
TIGER 미국나스닥100(H),44830,2022-11-25,2022-11-23 13:12,20221123000051,"신규상장(미래에셋 TIGER 미국나스닥100TotalReturn증권상장지수투자신탁(주식-파생형)(H), 상장일 2022.11.25)",https://kind.krx.co.kr/disclosure/disclosurebystocktype.do?method=searchDisclosureByStockTypeEtfSub&forward=disclosurebystocktype_etf_sub&currentPageSize=100&pageIndex=1&orderMode=1&orderStat=D&etfIsuSrtCd=&reportCd=&reportTmp=&etfIsuSrtNm=&reportNm=%EC%8B%A0%EA%B7%9C%EC%83%81%EC%9E%A5&fromDate=2022-11-01&toDate=2022-11-30,kind_listing_notice_title,official_notice_pending_isin,2026-08-14T07:26:02+00:00
TIGER 미국S&P500(H),44829,2022-11-25,2022-11-23 13:12,20221123000053,"신규상장(미래에셋 TIGER 미국S&P500TotalReturn증권상장지수투자신탁(주식-파생형)(H), 상장일 2022.11.25)",https://kind.krx.co.kr/disclosure/disclosurebystocktype.do?method=searchDisclosureByStockTypeEtfSub&forward=disclosurebystocktype_etf_sub&currentPageSize=100&pageIndex=1&orderMode=1&orderStat=D&etfIsuSrtCd=&reportCd=&reportTmp=&etfIsuSrtNm=&reportNm=%EC%8B%A0%EA%B7%9C%EC%83%81%EC%9E%A5&fromDate=2022-11-01&toDate=2022-11-30,kind_listing_notice_title,official_notice_pending_isin,2026-08-14T07:26:02+00:00
KODEX 삼성전자채권혼합,44833,2022-11-29,2022-11-25 17:56,20221125000089,"신규상장(삼성 KODEX 삼성전자채권혼합Wise증권상장지수투자신탁[채권혼합], 상장일 2022.11.29)",https://kind.krx.co.kr/disclosure/disclosurebystocktype.do?method=searchDisclosureByStockTypeEtfSub&forward=disclosurebystocktype_etf_sub&currentPageSize=100&pageIndex=1&orderMode=1&orderStat=D&etfIsuSrtCd=&reportCd=&reportTmp=&etfIsuSrtNm=&reportNm=%EC%8B%A0%EA%B7%9C%EC%83%81%EC%9E%A5&fromDate=2022-11-01&toDate=2022-11-30,kind_listing_notice_title,official_notice_pending_isin,2026-08-14T07:26:02+00:00
TIGER 테슬라채권혼합Fn,44777,2022-11-29,2022-11-25 17:56,20221125000092,"신규상장(미래에셋 TIGER 테슬라채권혼합Fn증권상장지수투자신탁(채권혼합), 상장일 2022.11.29)",https://kind.krx.co.kr/disclosure/disclosurebystocktype.do?method=searchDisclosureByStockTypeEtfSub&forward=disclosurebystocktype_etf_sub&currentPageSize=100&pageIndex=1&orderMode=1&orderStat=D&etfIsuSrtCd=&reportCd=&reportTmp=&etfIsuSrtNm=&reportNm=%EC%8B%A0%EA%B7%9C%EC%83%81%EC%9E%A5&fromDate=2022-11-01&toDate=2022-11-30,kind_listing_notice_title,official_notice_pending_isin,2026-08-14T07:26:02+00:00
RISE 삼성그룹Top3채권혼합,44863,2022-11-29,2022-11-25 17:56,20221125000093,"신규상장(KB KBSTAR 삼성그룹Top3채권혼합블룸버그증권상장지수투자신탁(채권혼합), 상장일 2022.11.29)",https://kind.krx.co.kr/disclosure/disclosurebystocktype.do?method=searchDisclosureByStockTypeEtfSub&forward=disclosurebystocktype_etf_sub&currentPageSize=100&pageIndex=1&orderMode=1&orderStat=D&etfIsuSrtCd=&reportCd=&reportTmp=&etfIsuSrtNm=&reportNm=%EC%8B%A0%EA%B7%9C%EC%83%81%EC%9E%A5&fromDate=2022-11-01&toDate=2022-11-30,kind_listing_notice_title,official_notice_pending_isin,2026-08-14T07:26:02+00:00
ACE 엔비디아채권혼합,44854,2022-11-29,2022-11-25 17:56,20221125000095,"신규상장(한국투자 ACE 엔비디아채권혼합블룸버그증권상장지수투자신탁(채권혼합), 상장일 2022.11.29)",https://kind.krx.co.kr/disclosure/disclosurebystocktype.do?method=searchDisclosureByStockTypeEtfSub&forward=disclosurebystocktype_etf_sub&currentPageSize=100&pageIndex=1&orderMode=1&orderStat=D&etfIsuSrtCd=&reportCd=&reportTmp=&etfIsuSrtNm=&reportNm=%EC%8B%A0%EA%B7%9C%EC%83%81%EC%9E%A5&fromDate=2022-11-01&toDate=2022-11-30,kind_listing_notice_title,official_notice_pending_isin,2026-08-14T07:26:02+00:00
PLUS 애플채권혼합,44766,2022-11-29,2022-11-25 17:56,20221125000096,"신규상장(한화 ARIRANG Apple채권혼합Fn증권상장지수투자신탁(채권혼합), 상장일 2022.11.29)",https://kind.krx.co.kr/disclosure/disclosurebystocktype.do?method=searchDisclosureByStockTypeEtfSub&forward=disclosurebystocktype_etf_sub&currentPageSize=100&pageIndex=1&orderMode=1&orderStat=D&etfIsuSrtCd=&reportCd=&reportTmp=&etfIsuSrtNm=&reportNm=%EC%8B%A0%EA%B7%9C%EC%83%81%EC%9E%A5&fromDate=2022-11-01&toDate=2022-11-30,kind_listing_notice_title,official_notice_pending_isin,2026-08-14T07:26:02+00:00
SOL 미국TOP5채권혼합50,44762,2022-11-29,2022-11-25 17:56,20221125000097,"신규상장(신한 SOL 미국TOP5채권혼합40Solactive증권상장지수투자신탁[채권혼합], 상장일 2022.11.29)",https://kind.krx.co.kr/disclosure/disclosurebystocktype.do?method=searchDisclosureByStockTypeEtfSub&forward=disclosurebystocktype_etf_sub&currentPageSize=100&pageIndex=1&orderMode=1&orderStat=D&etfIsuSrtCd=&reportCd=&reportTmp=&etfIsuSrtNm=&reportNm=%EC%8B%A0%EA%B7%9C%EC%83%81%EC%9E%A5&fromDate=2022-11-01&toDate=2022-11-30,kind_listing_notice_title,official_notice_pending_isin,2026-08-14T07:26:02+00:00
HANARO 글로벌신재생에너지MSCI(합성),44851,2022-11-30,2022-11-28 10:32,20221128000054,"신규상장(NH-Amundi HANARO 글로벌신재생에너지MSCI 증권상장지수투자신탁[주식-파생형](합성), 상장일 2022.11.30)",https://kind.krx.co.kr/disclosure/disclosurebystocktype.do?method=searchDisclosureByStockTypeEtfSub&forward=disclosurebystocktype_etf_sub&currentPageSize=100&pageIndex=1&orderMode=1&orderStat=D&etfIsuSrtCd=&reportCd=&reportTmp=&etfIsuSrtNm=&reportNm=%EC%8B%A0%EA%B7%9C%EC%83%81%EC%9E%A5&fromDate=2022-11-01&toDate=2022-11-30,kind_listing_notice_title,official_notice_pending_isin,2026-08-14T07:26:02+00:00
TIGER KOFR금리액티브(합성),44917,2022-11-30,2022-11-28 10:32,20221128000074,"신규상장(미래에셋TIGER KOFR금리액티브증권상장지수투자신탁(채권혼합-파생형)(합성), 상장일 2022.11.30)",https://kind.krx.co.kr/disclosure/disclosurebystocktype.do?method=searchDisclosureByStockTypeEtfSub&forward=disclosurebystocktype_etf_sub&currentPageSize=100&pageIndex=1&orderMode=1&orderStat=D&etfIsuSrtCd=&reportCd=&reportTmp=&etfIsuSrtNm=&reportNm=%EC%8B%A0%EA%B7%9C%EC%83%81%EC%9E%A5&fromDate=2022-11-01&toDate=2022-11-30,kind_listing_notice_title,official_notice_pending_isin,2026-08-14T07:26:02+00:00
KODEX 미국S&P500(H),44918,2022-12-02,2022-11-30 13:11,20221130000094,"신규상장(삼성 KODEX 미국S&P500증권상장지수투자신탁[주식](H), 상장일 2022.12.02)",https://kind.krx.co.kr/disclosure/disclosurebystocktype.do?method=searchDisclosureByStockTypeEtfSub&forward=disclosurebystocktype_etf_sub&currentPageSize=100&pageIndex=1&orderMode=1&orderStat=D&etfIsuSrtCd=&reportCd=&reportTmp=&etfIsuSrtNm=&reportNm=%EC%8B%A0%EA%B7%9C%EC%83%81%EC%9E%A5&fromDate=2022-11-01&toDate=2022-11-30,kind_listing_notice_title,official_notice_pending_isin,2026-08-14T07:26:02+00:00
KODEX 미국나스닥100(H),44919,2022-12-02,2022-11-30 13:11,20221130000095,"신규상장(삼성 KODEX 미국나스닥100증권상장지수투자신탁[주식](H), 상장일 2022.12.02)",https://kind.krx.co.kr/disclosure/disclosurebystocktype.do?method=searchDisclosureByStockTypeEtfSub&forward=disclosurebystocktype_etf_sub&currentPageSize=100&pageIndex=1&orderMode=1&orderStat=D&etfIsuSrtCd=&reportCd=&reportTmp=&etfIsuSrtNm=&reportNm=%EC%8B%A0%EA%B7%9C%EC%83%81%EC%9E%A5&fromDate=2022-11-01&toDate=2022-11-30,kind_listing_notice_title,official_notice_pending_isin,2026-08-14T07:26:02+00:00
TIGER 23-12 국공채액티브,44778,2022-12-09,2022-12-07 10:24,20221207000027,"신규상장(미래에셋 TIGER 23-12 국공채액티브증권상장지수투자신탁(채권), 상장일 2022.12.09)",https://kind.krx.co.kr/disclosure/disclosurebystocktype.do?method=searchDisclosureByStockTypeEtfSub&forward=disclosurebystocktype_etf_sub&currentPageSize=100&pageIndex=1&orderMode=1&orderStat=D&etfIsuSrtCd=&reportCd=&reportTmp=&etfIsuSrtNm=&reportNm=%EC%8B%A0%EA%B7%9C%EC%83%81%EC%9E%A5&fromDate=2022-12-01&toDate=2022-12-31,kind_listing_notice_title,official_notice_pending_isin,2026-08-14T07:26:02+00:00
SOL 24-06 국고채액티브,44954,2022-12-16,2022-12-14 10:11,20221214000055,"신규상장(신한 SOL 24-06 국고채액티브증권상장지수투자신탁[채권], 상장일 2022.12.16)",https://kind.krx.co.kr/disclosure/disclosurebystocktype.do?method=searchDisclosureByStockTypeEtfSub&forward=disclosurebystocktype_etf_sub&currentPageSize=100&pageIndex=1&orderMode=1&orderStat=D&etfIsuSrtCd=&reportCd=&reportTmp=&etfIsuSrtNm=&reportNm=%EC%8B%A0%EA%B7%9C%EC%83%81%EC%9E%A5&fromDate=2022-12-01&toDate=2022-12-31,kind_listing_notice_title,official_notice_pending_isin,2026-08-14T07:26:02+00:00
WON 200,44810,2022-12-16,2022-12-14 10:11,20221214000057,"신규상장(우리 WOORI 200증권상장지수투자신탁(주식), 상장일 2022.12.16)",https://kind.krx.co.kr/disclosure/disclosurebystocktype.do?method=searchDisclosureByStockTypeEtfSub&forward=disclosurebystocktype_etf_sub&currentPageSize=100&pageIndex=1&orderMode=1&orderStat=D&etfIsuSrtCd=&reportCd=&reportTmp=&etfIsuSrtNm=&reportNm=%EC%8B%A0%EA%B7%9C%EC%83%81%EC%9E%A5&fromDate=2022-12-01&toDate=2022-12-31,kind_listing_notice_title,official_notice_pending_isin,2026-08-14T07:26:02+00:00
KIWOOM 미국S&P500,44977,2022-12-20,2022-12-16 09:52,20221216000049,"신규상장(키움 KOSEF 미국S&P500증권상장지수투자신탁[주식], 상장일 2022.12.20)",https://kind.krx.co.kr/disclosure/disclosurebystocktype.do?method=searchDisclosureByStockTypeEtfSub&forward=disclosurebystocktype_etf_sub&currentPageSize=100&pageIndex=1&orderMode=1&orderStat=D&etfIsuSrtCd=&reportCd=&reportTmp=&etfIsuSrtNm=&reportNm=%EC%8B%A0%EA%B7%9C%EC%83%81%EC%9E%A5&fromDate=2022-12-01&toDate=2022-12-31,kind_listing_notice_title,official_notice_pending_isin,2026-08-14T07:26:02+00:00
KIWOOM 미국S&P500(H),44978,2022-12-20,2022-12-16 09:51,20221216000051,"신규상장(키움 KOSEF 미국S&P500증권상장지수투자신탁[주식](H), 상장일 2022.12.20)",https://kind.krx.co.kr/disclosure/disclosurebystocktype.do?method=searchDisclosureByStockTypeEtfSub&forward=disclosurebystocktype_etf_sub&currentPageSize=100&pageIndex=1&orderMode=1&orderStat=D&etfIsuSrtCd=&reportCd=&reportTmp=&etfIsuSrtNm=&reportNm=%EC%8B%A0%EA%B7%9C%EC%83%81%EC%9E%A5&fromDate=2022-12-01&toDate=2022-12-31,kind_listing_notice_title,official_notice_pending_isin,2026-08-14T07:26:02+00:00
RISE 테슬라애플아마존채권혼합,44958,2022-12-20,2022-12-16 09:51,20221216000055,"신규상장(KB KBSTAR 미국빅데이터Top3채권혼합iSelect증권상장지수투자신탁(채권혼합), 상장일 2022.12.20)",https://kind.krx.co.kr/disclosure/disclosurebystocktype.do?method=searchDisclosureByStockTypeEtfSub&forward=disclosurebystocktype_etf_sub&currentPageSize=100&pageIndex=1&orderMode=1&orderStat=D&etfIsuSrtCd=&reportCd=&reportTmp=&etfIsuSrtNm=&reportNm=%EC%8B%A0%EA%B7%9C%EC%83%81%EC%9E%A5&fromDate=2022-12-01&toDate=2022-12-31,kind_listing_notice_title,official_notice_pending_isin,2026-08-14T07:26:02+00:00
KODEX 한중반도체(합성),45019,2022-12-22,2022-12-20 09:17,20221220000045,"신규상장(삼성 KODEX 한중반도체증권상장지수투자신탁[주식-파생형](합성), 상장일 2022.12.22)",https://kind.krx.co.kr/disclosure/disclosurebystocktype.do?method=searchDisclosureByStockTypeEtfSub&forward=disclosurebystocktype_etf_sub&currentPageSize=100&pageIndex=1&orderMode=1&orderStat=D&etfIsuSrtCd=&reportCd=&reportTmp=&etfIsuSrtNm=&reportNm=%EC%8B%A0%EA%B7%9C%EC%83%81%EC%9E%A5&fromDate=2022-12-01&toDate=2022-12-31,kind_listing_notice_title,official_notice_pending_isin,2026-08-14T07:26:02+00:00
KODEX 한중전기차(합성),45018,2022-12-22,2022-12-20 09:17,20221220000047,"신규상장(삼성 KODEX 한중전기차증권상장지수투자신탁[주식-파생형](합성), 상장일 2022.12.22)",https://kind.krx.co.kr/disclosure/disclosurebystocktype.do?method=searchDisclosureByStockTypeEtfSub&forward=disclosurebystocktype_etf_sub&currentPageSize=100&pageIndex=1&orderMode=1&orderStat=D&etfIsuSrtCd=&reportCd=&reportTmp=&etfIsuSrtNm=&reportNm=%EC%8B%A0%EA%B7%9C%EC%83%81%EC%9E%A5&fromDate=2022-12-01&toDate=2022-12-31,kind_listing_notice_title,official_notice_pending_isin,2026-08-14T07:26:02+00:00
TIGER 한중반도체(합성),44969,2022-12-22,2022-12-20 09:18,20221220000049,"신규상장(미래에셋 TIGER 한중반도체증권상장지수투자신탁(주식-파생형)(합성), 상장일 2022.12.22)",https://kind.krx.co.kr/disclosure/disclosurebystocktype.do?method=searchDisclosureByStockTypeEtfSub&forward=disclosurebystocktype_etf_sub&currentPageSize=100&pageIndex=1&orderMode=1&orderStat=D&etfIsuSrtCd=&reportCd=&reportTmp=&etfIsuSrtNm=&reportNm=%EC%8B%A0%EA%B7%9C%EC%83%81%EC%9E%A5&fromDate=2022-12-01&toDate=2022-12-31,kind_listing_notice_title,official_notice_pending_isin,2026-08-14T07:26:02+00:00
TIGER 한중전기차(합성),44968,2022-12-22,2022-12-20 09:18,20221220000052,"신규상장(미래에셋 TIGER 한중전기차증권상장지수투자신탁(주식-파생형)(합성), 상장일 2022.12.22)",https://kind.krx.co.kr/disclosure/disclosurebystocktype.do?method=searchDisclosureByStockTypeEtfSub&forward=disclosurebystocktype_etf_sub&currentPageSize=100&pageIndex=1&orderMode=1&orderStat=D&etfIsuSrtCd=&reportCd=&reportTmp=&etfIsuSrtNm=&reportNm=%EC%8B%A0%EA%B7%9C%EC%83%81%EC%9E%A5&fromDate=2022-12-01&toDate=2022-12-31,kind_listing_notice_title,official_notice_pending_isin,2026-08-14T07:26:02+00:00
KIWOOM SK그룹대표주,45012,2022-12-23,2022-12-21 11:32,20221221000146,"신규상장(키움 KOSEF SK그룹대표주증권상장지수투자신탁[주식], 상장일 2022.12.23)",https://kind.krx.co.kr/disclosure/disclosurebystocktype.do?method=searchDisclosureByStockTypeEtfSub&forward=disclosurebystocktype_etf_sub&currentPageSize=100&pageIndex=1&orderMode=1&orderStat=D&etfIsuSrtCd=&reportCd=&reportTmp=&etfIsuSrtNm=&reportNm=%EC%8B%A0%EA%B7%9C%EC%83%81%EC%9E%A5&fromDate=2022-12-01&toDate=2022-12-31,kind_listing_notice_title,official_notice_pending_isin,2026-08-14T07:26:02+00:00
PLUS K방산,44945,2023-01-05,2023-01-03 14:18,20230103000286,"신규상장(한화 ARIRANG K방산Fn증권상장지수투자신탁(주식), 상장일 2023.01.05)",https://kind.krx.co.kr/disclosure/disclosurebystocktype.do?method=searchDisclosureByStockTypeEtfSub&forward=disclosurebystocktype_etf_sub&currentPageSize=100&pageIndex=1&orderMode=1&orderStat=D&etfIsuSrtCd=&reportCd=&reportTmp=&etfIsuSrtNm=&reportNm=%EC%8B%A0%EA%B7%9C%EC%83%81%EC%9E%A5&fromDate=2023-01-01&toDate=2023-01-31,kind_listing_notice_title,official_notice_pending_isin,2026-08-14T07:26:02+00:00
PLUS 종합채권(AA-이상)액티브,45100,2023-01-10,2023-01-06 11:04,20230106000066,"신규상장(한화 ARIRANG 종합채권(AA-이상)액티브증권상장지수투자신탁(채권), 상장일 2023.01.10)",https://kind.krx.co.kr/disclosure/disclosurebystocktype.do?method=searchDisclosureByStockTypeEtfSub&forward=disclosurebystocktype_etf_sub&currentPageSize=100&pageIndex=1&orderMode=1&orderStat=D&etfIsuSrtCd=&reportCd=&reportTmp=&etfIsuSrtNm=&reportNm=%EC%8B%A0%EA%B7%9C%EC%83%81%EC%9E%A5&fromDate=2023-01-01&toDate=2023-01-31,kind_listing_notice_title,official_notice_pending_isin,2026-08-14T07:26:02+00:00
SOL 코스닥150,45091,2023-01-31,2023-01-27 09:34,20230127000081,"신규상장(신한 SOL 코스닥150증권상장지수투자신탁[주식], 상장일 2023.01.31)",https://kind.krx.co.kr/disclosure/disclosurebystocktype.do?method=searchDisclosureByStockTypeEtfSub&forward=disclosurebystocktype_etf_sub&currentPageSize=100&pageIndex=1&orderMode=1&orderStat=D&etfIsuSrtCd=&reportCd=&reportTmp=&etfIsuSrtNm=&reportNm=%EC%8B%A0%EA%B7%9C%EC%83%81%EC%9E%A5&fromDate=2023-01-01&toDate=2023-01-31,kind_listing_notice_title,official_notice_pending_isin,2026-08-14T07:26:02+00:00
1Q 200액티브,45106,2023-01-31,2023-01-27 09:38,20230127000107,"신규상장(하나UBS KTOP K200액티브증권상장지수투자신탁[주식], 상장일 2023.01.31)",https://kind.krx.co.kr/disclosure/disclosurebystocktype.do?method=searchDisclosureByStockTypeEtfSub&forward=disclosurebystocktype_etf_sub&currentPageSize=100&pageIndex=1&orderMode=1&orderStat=D&etfIsuSrtCd=&reportCd=&reportTmp=&etfIsuSrtNm=&reportNm=%EC%8B%A0%EA%B7%9C%EC%83%81%EC%9E%A5&fromDate=2023-01-01&toDate=2023-01-31,kind_listing_notice_title,official_notice_pending_isin,2026-08-14T07:26:02+00:00
에셋플러스 글로벌영에이지액티브,45115,2023-01-31,2023-01-27 09:37,20230127000110,"신규상장(에셋플러스 에셋플러스 글로벌영에이지액티브증권상장지수투자신탁(주식), 상장일 2023.01.31)",https://kind.krx.co.kr/disclosure/disclosurebystocktype.do?method=searchDisclosureByStockTypeEtfSub&forward=disclosurebystocktype_etf_sub&currentPageSize=100&pageIndex=1&orderMode=1&orderStat=D&etfIsuSrtCd=&reportCd=&reportTmp=&etfIsuSrtNm=&reportNm=%EC%8B%A0%EA%B7%9C%EC%83%81%EC%9E%A5&fromDate=2023-01-01&toDate=2023-01-31,kind_listing_notice_title,official_notice_pending_isin,2026-08-14T07:26:02+00:00
KODEX 아시아 AI 반도체 exChina 액티브,44669,2023-02-01,2023-01-27 15:02,20230127000178,"신규상장(삼성 KODEX 아시아반도체공급망exChina액티브증권상장지수투자신탁[주식], 상장일 2023.02.01)",https://kind.krx.co.kr/disclosure/disclosurebystocktype.do?method=searchDisclosureByStockTypeEtfSub&forward=disclosurebystocktype_etf_sub&currentPageSize=100&pageIndex=1&orderMode=1&orderStat=D&etfIsuSrtCd=&reportCd=&reportTmp=&etfIsuSrtNm=&reportNm=%EC%8B%A0%EA%B7%9C%EC%83%81%EC%9E%A5&fromDate=2023-01-01&toDate=2023-01-31,kind_listing_notice_title,official_notice_pending_isin,2026-08-14T07:26:02+00:00
TIGER 국고채30년스트립액티브,45153,2023-02-01,2023-01-27 15:02,20230127000180,"신규상장(미래에셋TIGER국고채30년스트립액티브증권상장지수투자신탁(채권), 상장일 2023.02.01)",https://kind.krx.co.kr/disclosure/disclosurebystocktype.do?method=searchDisclosureByStockTypeEtfSub&forward=disclosurebystocktype_etf_sub&currentPageSize=100&pageIndex=1&orderMode=1&orderStat=D&etfIsuSrtCd=&reportCd=&reportTmp=&etfIsuSrtNm=&reportNm=%EC%8B%A0%EA%B7%9C%EC%83%81%EC%9E%A5&fromDate=2023-01-01&toDate=2023-01-31,kind_listing_notice_title,official_notice_pending_isin,2026-08-14T07:26:02+00:00
TIGER 종합채권(AA-이상)액티브,45154,2023-02-01,2023-01-27 15:02,20230127000181,"신규상장(미래에셋TIGER종합채권(AA-이상)액티브증권상장지수투자신탁(채권), 상장일 2023.02.01)",https://kind.krx.co.kr/disclosure/disclosurebystocktype.do?method=searchDisclosureByStockTypeEtfSub&forward=disclosurebystocktype_etf_sub&currentPageSize=100&pageIndex=1&orderMode=1&orderStat=D&etfIsuSrtCd=&reportCd=&reportTmp=&etfIsuSrtNm=&reportNm=%EC%8B%A0%EA%B7%9C%EC%83%81%EC%9E%A5&fromDate=2023-01-01&toDate=2023-01-31,kind_listing_notice_title,official_notice_pending_isin,2026-08-14T07:26:02+00:00
ACE 미국30년국채선물레버리지(합성 H),45225,2023-02-07,2023-02-03 14:28,20230203000083,"신규상장(한국투자 ACE 미국30년국채선물레버리지증권상장지수투자신탁(채권-파생형)(합성 H), 상장일 2023.02.07)",https://kind.krx.co.kr/disclosure/disclosurebystocktype.do?method=searchDisclosureByStockTypeEtfSub&forward=disclosurebystocktype_etf_sub&currentPageSize=100&pageIndex=1&orderMode=1&orderStat=D&etfIsuSrtCd=&reportCd=&reportTmp=&etfIsuSrtNm=&reportNm=%EC%8B%A0%EA%B7%9C%EC%83%81%EC%9E%A5&fromDate=2023-02-01&toDate=2023-02-28,kind_listing_notice_title,official_notice_pending_isin,2026-08-14T07:26:02+00:00
PLUS 국고채30년액티브,45160,2023-02-07,2023-02-03 14:31,20230203000377,"신규상장(한화 ARIRANG 국고채30년액티브증권상장지수투자신탁(채권), 상장일 2023.02.07)",https://kind.krx.co.kr/disclosure/disclosurebystocktype.do?method=searchDisclosureByStockTypeEtfSub&forward=disclosurebystocktype_etf_sub&currentPageSize=100&pageIndex=1&orderMode=1&orderStat=D&etfIsuSrtCd=&reportCd=&reportTmp=&etfIsuSrtNm=&reportNm=%EC%8B%A0%EA%B7%9C%EC%83%81%EC%9E%A5&fromDate=2023-02-01&toDate=2023-02-28,kind_listing_notice_title,official_notice_pending_isin,2026-08-14T07:26:02+00:00
RISE 국채30년레버리지(합성),45167,2023-02-14,2023-02-10 11:03,20230210000110,"신규상장(KB KBSTAR 국채30년레버리지KAP증권상장지수투자신탁(채권-파생형)(합성), 상장일 2023.02.14)",https://kind.krx.co.kr/disclosure/disclosurebystocktype.do?method=searchDisclosureByStockTypeEtfSub&forward=disclosurebystocktype_etf_sub&currentPageSize=100&pageIndex=1&orderMode=1&orderStat=D&etfIsuSrtCd=&reportCd=&reportTmp=&etfIsuSrtNm=&reportNm=%EC%8B%A0%EA%B7%9C%EC%83%81%EC%9E%A5&fromDate=2023-02-01&toDate=2023-02-28,kind_listing_notice_title,official_notice_pending_isin,2026-08-14T07:26:02+00:00
VITA 밸류알파액티브,45244,2023-02-21,2023-02-17 09:56,20230217000048,"신규상장(한국밸류 VITA 밸류알파액티브증권상장지수투자신탁(주식), 상장일 2023.02.21)",https://kind.krx.co.kr/disclosure/disclosurebystocktype.do?method=searchDisclosureByStockTypeEtfSub&forward=disclosurebystocktype_etf_sub&currentPageSize=100&pageIndex=1&orderMode=1&orderStat=D&etfIsuSrtCd=&reportCd=&reportTmp=&etfIsuSrtNm=&reportNm=%EC%8B%A0%EA%B7%9C%EC%83%81%EC%9E%A5&fromDate=2023-02-01&toDate=2023-02-28,kind_listing_notice_title,official_notice_pending_isin,2026-08-14T07:26:02+00:00
HANARO KOFR금리액티브(합성),45306,2023-03-14,2023-03-10 09:28,20230310000082,"신규상장(NH-Amundi HANARO KOFR금리액티브특별자산상장지수투자신탁(금리-파생형)(합성), 상장일 2023.03.14)",https://kind.krx.co.kr/disclosure/disclosurebystocktype.do?method=searchDisclosureByStockTypeEtfSub&forward=disclosurebystocktype_etf_sub&currentPageSize=100&pageIndex=1&orderMode=1&orderStat=D&etfIsuSrtCd=&reportCd=&reportTmp=&etfIsuSrtNm=&reportNm=%EC%8B%A0%EA%B7%9C%EC%83%81%EC%9E%A5&fromDate=2023-03-01&toDate=2023-03-31,kind_listing_notice_title,official_notice_pending_isin,2026-08-14T07:26:02+00:00
PLUS KOFR금리,45301,2023-03-14,2023-03-10 09:28,20230310000084,"신규상장(한화 ARIRANG KOFR금리특별자산상장지수투자신탁(금리), 상장일 2023.03.14)",https://kind.krx.co.kr/disclosure/disclosurebystocktype.do?method=searchDisclosureByStockTypeEtfSub&forward=disclosurebystocktype_etf_sub&currentPageSize=100&pageIndex=1&orderMode=1&orderStat=D&etfIsuSrtCd=&reportCd=&reportTmp=&etfIsuSrtNm=&reportNm=%EC%8B%A0%EA%B7%9C%EC%83%81%EC%9E%A5&fromDate=2023-03-01&toDate=2023-03-31,kind_listing_notice_title,official_notice_pending_isin,2026-08-14T07:26:02+00:00
ACE 미국30년국채액티브(H),45385,2023-03-14,2023-03-10 13:44,20230310000091,"신규상장(한국투자 ACE 미국30년국채액티브증권상장지수투자신탁[채권](H), 상장일 2023.03.14)",https://kind.krx.co.kr/disclosure/disclosurebystocktype.do?method=searchDisclosureByStockTypeEtfSub&forward=disclosurebystocktype_etf_sub&currentPageSize=100&pageIndex=1&orderMode=1&orderStat=D&etfIsuSrtCd=&reportCd=&reportTmp=&etfIsuSrtNm=&reportNm=%EC%8B%A0%EA%B7%9C%EC%83%81%EC%9E%A5&fromDate=2023-03-01&toDate=2023-03-31,kind_listing_notice_title,official_notice_pending_isin,2026-08-14T07:26:02+00:00
KIWOOM 미국나스닥100(H),45308,2023-03-14,2023-03-10 13:44,20230310000093,"신규상장(키움 KOSEF 미국나스닥100증권상장지수투자신탁[주식](H), 상장일 2023.03.14)",https://kind.krx.co.kr/disclosure/disclosurebystocktype.do?method=searchDisclosureByStockTypeEtfSub&forward=disclosurebystocktype_etf_sub&currentPageSize=100&pageIndex=1&orderMode=1&orderStat=D&etfIsuSrtCd=&reportCd=&reportTmp=&etfIsuSrtNm=&reportNm=%EC%8B%A0%EA%B7%9C%EC%83%81%EC%9E%A5&fromDate=2023-03-01&toDate=2023-03-31,kind_listing_notice_title,official_notice_pending_isin,2026-08-14T07:26:02+00:00
KODEX 미국S&P500필수소비재,45363,2023-03-21,2023-03-17 16:53,20230317000046,"신규상장(삼성 KODEX 미국S&P500필수소비재증권상장지수투자신탁[주식], 상장일 2023.03.21)",https://kind.krx.co.kr/disclosure/disclosurebystocktype.do?method=searchDisclosureByStockTypeEtfSub&forward=disclosurebystocktype_etf_sub&currentPageSize=100&pageIndex=1&orderMode=1&orderStat=D&etfIsuSrtCd=&reportCd=&reportTmp=&etfIsuSrtNm=&reportNm=%EC%8B%A0%EA%B7%9C%EC%83%81%EC%9E%A5&fromDate=2023-03-01&toDate=2023-03-31,kind_listing_notice_title,official_notice_pending_isin,2026-08-14T07:26:02+00:00
KODEX 미국S&P500헬스케어,45364,2023-03-21,2023-03-17 16:53,20230317000047,"신규상장(삼성 KODEX 미국S&P500헬스케어증권상장지수투자신탁[주식], 상장일 2023.03.21)",https://kind.krx.co.kr/disclosure/disclosurebystocktype.do?method=searchDisclosureByStockTypeEtfSub&forward=disclosurebystocktype_etf_sub&currentPageSize=100&pageIndex=1&orderMode=1&orderStat=D&etfIsuSrtCd=&reportCd=&reportTmp=&etfIsuSrtNm=&reportNm=%EC%8B%A0%EA%B7%9C%EC%83%81%EC%9E%A5&fromDate=2023-03-01&toDate=2023-03-31,kind_listing_notice_title,official_notice_pending_isin,2026-08-14T07:26:02+00:00
KODEX 미국S&P500금융,45365,2023-03-21,2023-03-17 16:53,20230317000048,"신규상장(삼성 KODEX 미국S&P500금융증권상장지수투자신탁[주식], 상장일 2023.03.21)",https://kind.krx.co.kr/disclosure/disclosurebystocktype.do?method=searchDisclosureByStockTypeEtfSub&forward=disclosurebystocktype_etf_sub&currentPageSize=100&pageIndex=1&orderMode=1&orderStat=D&etfIsuSrtCd=&reportCd=&reportTmp=&etfIsuSrtNm=&reportNm=%EC%8B%A0%EA%B7%9C%EC%83%81%EC%9E%A5&fromDate=2023-03-01&toDate=2023-03-31,kind_listing_notice_title,official_notice_pending_isin,2026-08-14T07:26:02+00:00
KODEX 미국S&P500경기소비재,45366,2023-03-21,2023-03-17 16:53,20230317000049,"신규상장(삼성 KODEX 미국S&P500경기소비재증권상장지수투자신탁[주식], 상장일 2023.03.21)",https://kind.krx.co.kr/disclosure/disclosurebystocktype.do?method=searchDisclosureByStockTypeEtfSub&forward=disclosurebystocktype_etf_sub&currentPageSize=100&pageIndex=1&orderMode=1&orderStat=D&etfIsuSrtCd=&reportCd=&reportTmp=&etfIsuSrtNm=&reportNm=%EC%8B%A0%EA%B7%9C%EC%83%81%EC%9E%A5&fromDate=2023-03-01&toDate=2023-03-31,kind_listing_notice_title,official_notice_pending_isin,2026-08-14T07:26:02+00:00
RISE 미국S&P500(H),45333,2023-03-21,2023-03-17 16:52,20230317000051,"신규상장(KB KBSTAR 미국S&P500증권상장지수투자신탁(주식)(H), 상장일 2023.03.21)",https://kind.krx.co.kr/disclosure/disclosurebystocktype.do?method=searchDisclosureByStockTypeEtfSub&forward=disclosurebystocktype_etf_sub&currentPageSize=100&pageIndex=1&orderMode=1&orderStat=D&etfIsuSrtCd=&reportCd=&reportTmp=&etfIsuSrtNm=&reportNm=%EC%8B%A0%EA%B7%9C%EC%83%81%EC%9E%A5&fromDate=2023-03-01&toDate=2023-03-31,kind_listing_notice_title,official_notice_pending_isin,2026-08-14T07:26:02+00:00
SOL 미국배당다우존스(H),45236,2023-03-21,2023-03-17 16:52,20230317000067,"신규상장(신한 SOL미국배당다우존스증권상장지수투자신탁[주식](H), 상장일 2023.03.21)",https://kind.krx.co.kr/disclosure/disclosurebystocktype.do?method=searchDisclosureByStockTypeEtfSub&forward=disclosurebystocktype_etf_sub&currentPageSize=100&pageIndex=1&orderMode=1&orderStat=D&etfIsuSrtCd=&reportCd=&reportTmp=&etfIsuSrtNm=&reportNm=%EC%8B%A0%EA%B7%9C%EC%83%81%EC%9E%A5&fromDate=2023-03-01&toDate=2023-03-31,kind_listing_notice_title,official_notice_pending_isin,2026-08-14T07:26:02+00:00
TIGER 24-04 회사채(A+이상)액티브,45353,2023-03-23,2023-03-21 15:59,20230321000126,"신규상장(미래에셋 TIGER 24-04 회사채(A+이상)액티브증권상장지수투자신탁(채권), 상장일 2023.03.23)",https://kind.krx.co.kr/disclosure/disclosurebystocktype.do?method=searchDisclosureByStockTypeEtfSub&forward=disclosurebystocktype_etf_sub&currentPageSize=100&pageIndex=1&orderMode=1&orderStat=D&etfIsuSrtCd=&reportCd=&reportTmp=&etfIsuSrtNm=&reportNm=%EC%8B%A0%EA%B7%9C%EC%83%81%EC%9E%A5&fromDate=2023-03-01&toDate=2023-03-31,kind_listing_notice_title,official_notice_pending_isin,2026-08-14T07:26:02+00:00
TIGER 25-10 회사채(A+이상)액티브,45354,2023-03-23,2023-03-21 15:59,20230321000128,"신규상장(미래에셋 TIGER 25-10 회사채(A+이상)액티브증권상장지수투자신탁(채권), 상장일 2023.03.23)",https://kind.krx.co.kr/disclosure/disclosurebystocktype.do?method=searchDisclosureByStockTypeEtfSub&forward=disclosurebystocktype_etf_sub&currentPageSize=100&pageIndex=1&orderMode=1&orderStat=D&etfIsuSrtCd=&reportCd=&reportTmp=&etfIsuSrtNm=&reportNm=%EC%8B%A0%EA%B7%9C%EC%83%81%EC%9E%A5&fromDate=2023-03-01&toDate=2023-03-31,kind_listing_notice_title,official_notice_pending_isin,2026-08-14T07:26:02+00:00
KIWOOM 차이나내수소비TOP CSI,45418,2023-04-04,2023-03-31 13:10,20230331000043,"신규상장(키움 KOSEF 차이나내수소비TOPCSI증권상장지수투자신탁[주식-파생형], 상장일 2023.04.04)",https://kind.krx.co.kr/disclosure/disclosurebystocktype.do?method=searchDisclosureByStockTypeEtfSub&forward=disclosurebystocktype_etf_sub&currentPageSize=100&pageIndex=1&orderMode=1&orderStat=D&etfIsuSrtCd=&reportCd=&reportTmp=&etfIsuSrtNm=&reportNm=%EC%8B%A0%EA%B7%9C%EC%83%81%EC%9E%A5&fromDate=2023-03-01&toDate=2023-03-31,kind_listing_notice_title,official_notice_pending_isin,2026-08-14T07:26:02+00:00
KODEX 미국달러SOFR금리액티브(합성),45503,2023-04-04,2023-03-31 13:10,20230331000044,"신규상장(삼성 KODEX 미국달러SOFR금리액티브특별자산상장지수투자신탁[금리-파생형](합성), 상장일 2023.04.04)",https://kind.krx.co.kr/disclosure/disclosurebystocktype.do?method=searchDisclosureByStockTypeEtfSub&forward=disclosurebystocktype_etf_sub&currentPageSize=100&pageIndex=1&orderMode=1&orderStat=D&etfIsuSrtCd=&reportCd=&reportTmp=&etfIsuSrtNm=&reportNm=%EC%8B%A0%EA%B7%9C%EC%83%81%EC%9E%A5&fromDate=2023-03-01&toDate=2023-03-31,kind_listing_notice_title,official_notice_pending_isin,2026-08-14T07:26:02+00:00
TIGER TSMC파운드리밸류체인,45395,2023-04-04,2023-03-31 09:25,20230331000076,"신규상장(미래에셋 TIGER TSMC밸류체인FACTSET증권상장지수투자신탁(주식), 상장일 2023.04.04)",https://kind.krx.co.kr/disclosure/disclosurebystocktype.do?method=searchDisclosureByStockTypeEtfSub&forward=disclosurebystocktype_etf_sub&currentPageSize=100&pageIndex=1&orderMode=1&orderStat=D&etfIsuSrtCd=&reportCd=&reportTmp=&etfIsuSrtNm=&reportNm=%EC%8B%A0%EA%B7%9C%EC%83%81%EC%9E%A5&fromDate=2023-03-01&toDate=2023-03-31,kind_listing_notice_title,official_notice_pending_isin,2026-08-14T07:26:02+00:00
KIWOOM 종합채권(AA-이상)액티브,45478,2023-04-11,2023-04-07 13:32,20230407000406,"신규상장(키움 히어로즈 종합채권(AA-이상)액티브증권상장지수투자신탁[채권], 상장일 2023.04.11)",https://kind.krx.co.kr/disclosure/disclosurebystocktype.do?method=searchDisclosureByStockTypeEtfSub&forward=disclosurebystocktype_etf_sub&currentPageSize=100&pageIndex=1&orderMode=1&orderStat=D&etfIsuSrtCd=&reportCd=&reportTmp=&etfIsuSrtNm=&reportNm=%EC%8B%A0%EA%B7%9C%EC%83%81%EC%9E%A5&fromDate=2023-04-01&toDate=2023-04-30,kind_listing_notice_title,official_notice_pending_isin,2026-08-14T07:26:02+00:00
TIGER 인도니프티50,45387,2023-04-14,2023-04-12 15:43,20230412000295,"신규상장(미래에셋 TIGER 인도니프티50증권상장지수투자신탁(주식-파생형), 상장일 2023.04.14)",https://kind.krx.co.kr/disclosure/disclosurebystocktype.do?method=searchDisclosureByStockTypeEtfSub&forward=disclosurebystocktype_etf_sub&currentPageSize=100&pageIndex=1&orderMode=1&orderStat=D&etfIsuSrtCd=&reportCd=&reportTmp=&etfIsuSrtNm=&reportNm=%EC%8B%A0%EA%B7%9C%EC%83%81%EC%9E%A5&fromDate=2023-04-01&toDate=2023-04-30,kind_listing_notice_title,official_notice_pending_isin,2026-08-14T07:26:02+00:00
HANARO CAPEX설비투자iSelect,45432,2023-04-18,2023-04-14 15:45,20230414000162,"신규상장(NH-Amundi HANARO CAPEX설비투자iSelect증권상장지수투자신탁(주식), 상장일 2023.04.18)",https://kind.krx.co.kr/disclosure/disclosurebystocktype.do?method=searchDisclosureByStockTypeEtfSub&forward=disclosurebystocktype_etf_sub&currentPageSize=100&pageIndex=1&orderMode=1&orderStat=D&etfIsuSrtCd=&reportCd=&reportTmp=&etfIsuSrtNm=&reportNm=%EC%8B%A0%EA%B7%9C%EC%83%81%EC%9E%A5&fromDate=2023-04-01&toDate=2023-04-30,kind_listing_notice_title,official_notice_pending_isin,2026-08-14T07:26:02+00:00
ACE 미국하이일드액티브(H),45566,2023-04-18,2023-04-14 15:45,20230414000501,"신규상장(한국투자 ACE 미국하이일드액티브증권상장지수투자신탁[채권-재간접형](H), 상장일 2023.04.18)",https://kind.krx.co.kr/disclosure/disclosurebystocktype.do?method=searchDisclosureByStockTypeEtfSub&forward=disclosurebystocktype_etf_sub&currentPageSize=100&pageIndex=1&orderMode=1&orderStat=D&etfIsuSrtCd=&reportCd=&reportTmp=&etfIsuSrtNm=&reportNm=%EC%8B%A0%EA%B7%9C%EC%83%81%EC%9E%A5&fromDate=2023-04-01&toDate=2023-04-30,kind_listing_notice_title,official_notice_pending_isin,2026-08-14T07:26:02+00:00
KODEX 인도Nifty50,45381,2023-04-21,2023-04-19 16:48,20230419000410,"신규상장(삼성 KODEX 인도Nifty50증권상장지수투자신탁[주식-파생형], 상장일 2023.04.21)",https://kind.krx.co.kr/disclosure/disclosurebystocktype.do?method=searchDisclosureByStockTypeEtfSub&forward=disclosurebystocktype_etf_sub&currentPageSize=100&pageIndex=1&orderMode=1&orderStat=D&etfIsuSrtCd=&reportCd=&reportTmp=&etfIsuSrtNm=&reportNm=%EC%8B%A0%EA%B7%9C%EC%83%81%EC%9E%A5&fromDate=2023-04-01&toDate=2023-04-30,kind_listing_notice_title,official_notice_pending_isin,2026-08-14T07:26:02+00:00
KODEX 인도Nifty50레버리지(합성),45382,2023-04-21,2023-04-19 16:48,20230419000414,"신규상장(삼성 KODEX 인도Nifty50레버리지증권상장지수투자신탁[주식-파생형](합성), 상장일 2023.04.21)",https://kind.krx.co.kr/disclosure/disclosurebystocktype.do?method=searchDisclosureByStockTypeEtfSub&forward=disclosurebystocktype_etf_sub&currentPageSize=100&pageIndex=1&orderMode=1&orderStat=D&etfIsuSrtCd=&reportCd=&reportTmp=&etfIsuSrtNm=&reportNm=%EC%8B%A0%EA%B7%9C%EC%83%81%EC%9E%A5&fromDate=2023-04-01&toDate=2023-04-30,kind_listing_notice_title,official_notice_pending_isin,2026-08-14T07:26:02+00:00
SOL AI반도체소부장,45585,2023-04-25,2023-04-21 17:00,20230421000245,"신규상장(신한 SOL 반도체소부장Fn증권상장지수투자신탁[주식], 상장일 2023.04.25)",https://kind.krx.co.kr/disclosure/disclosurebystocktype.do?method=searchDisclosureByStockTypeEtfSub&forward=disclosurebystocktype_etf_sub&currentPageSize=100&pageIndex=1&orderMode=1&orderStat=D&etfIsuSrtCd=&reportCd=&reportTmp=&etfIsuSrtNm=&reportNm=%EC%8B%A0%EA%B7%9C%EC%83%81%EC%9E%A5&fromDate=2023-04-01&toDate=2023-04-30,kind_listing_notice_title,official_notice_pending_isin,2026-08-14T07:26:02+00:00
KODEX 유럽명품TOP10 STOXX,45625,2023-04-25,2023-04-21 17:00,20230421000248,"신규상장(삼성 KODEX 유럽명품TOP10 STOXX증권상장지수투자신탁[주식], 상장일 2023.04.25)",https://kind.krx.co.kr/disclosure/disclosurebystocktype.do?method=searchDisclosureByStockTypeEtfSub&forward=disclosurebystocktype_etf_sub&currentPageSize=100&pageIndex=1&orderMode=1&orderStat=D&etfIsuSrtCd=&reportCd=&reportTmp=&etfIsuSrtNm=&reportNm=%EC%8B%A0%EA%B7%9C%EC%83%81%EC%9E%A5&fromDate=2023-04-01&toDate=2023-04-30,kind_listing_notice_title,official_notice_pending_isin,2026-08-14T07:26:02+00:00
ACE 미국달러SOFR금리(합성),45688,2023-04-25,2023-04-21 17:09,20230421000622,"신규상장(한국투자 ACE 미국달러SOFR금리특별자산상장지수투자신탁(금리-파생형)(합성), 상장일 2023.04.25)",https://kind.krx.co.kr/disclosure/disclosurebystocktype.do?method=searchDisclosureByStockTypeEtfSub&forward=disclosurebystocktype_etf_sub&currentPageSize=100&pageIndex=1&orderMode=1&orderStat=D&etfIsuSrtCd=&reportCd=&reportTmp=&etfIsuSrtNm=&reportNm=%EC%8B%A0%EA%B7%9C%EC%83%81%EC%9E%A5&fromDate=2023-04-01&toDate=2023-04-30,kind_listing_notice_title,official_notice_pending_isin,2026-08-14T07:26:02+00:00
SOL 2차전지소부장Fn,45586,2023-04-25,2023-04-21 17:13,20230421000646,"신규상장(신한 SOL 2차전지소부장Fn증권상장지수투자신탁[주식], 상장일 2023.04.25)",https://kind.krx.co.kr/disclosure/disclosurebystocktype.do?method=searchDisclosureByStockTypeEtfSub&forward=disclosurebystocktype_etf_sub&currentPageSize=100&pageIndex=1&orderMode=1&orderStat=D&etfIsuSrtCd=&reportCd=&reportTmp=&etfIsuSrtNm=&reportNm=%EC%8B%A0%EA%B7%9C%EC%83%81%EC%9E%A5&fromDate=2023-04-01&toDate=2023-04-30,kind_listing_notice_title,official_notice_pending_isin,2026-08-14T07:26:02+00:00
PLUS 미국달러SOFR금리액티브(합성),45620,2023-05-09,2023-05-04 17:17,20230504000523,"신규상장(한화 ARIRANG 미국달러SOFR금리액티브특별자산상장지수투자신탁(금리-파생형)(합성), 상장일 2023.05.09)",https://kind.krx.co.kr/disclosure/disclosurebystocktype.do?method=searchDisclosureByStockTypeEtfSub&forward=disclosurebystocktype_etf_sub&currentPageSize=100&pageIndex=1&orderMode=1&orderStat=D&etfIsuSrtCd=&reportCd=&reportTmp=&etfIsuSrtNm=&reportNm=%EC%8B%A0%EA%B7%9C%EC%83%81%EC%9E%A5&fromDate=2023-05-01&toDate=2023-05-31,kind_listing_notice_title,official_notice_pending_isin,2026-08-14T07:26:02+00:00
RISE 머니마켓액티브,45589,2023-05-09,2023-05-04 17:17,20230504000524,"신규상장(KB KBSTAR 머니마켓액티브증권상장지수투자신탁(채권), 상장일 2023.05.09)",https://kind.krx.co.kr/disclosure/disclosurebystocktype.do?method=searchDisclosureByStockTypeEtfSub&forward=disclosurebystocktype_etf_sub&currentPageSize=100&pageIndex=1&orderMode=1&orderStat=D&etfIsuSrtCd=&reportCd=&reportTmp=&etfIsuSrtNm=&reportNm=%EC%8B%A0%EA%B7%9C%EC%83%81%EC%9E%A5&fromDate=2023-05-01&toDate=2023-05-31,kind_listing_notice_title,official_notice_pending_isin,2026-08-14T07:26:02+00:00
TIGER 미국달러SOFR금리액티브(합성),45661,2023-05-09,2023-05-04 17:25,20230504000674,"신규상장(미래에셋 TIGER 미국달러SOFR금리액티브특별자산상장지수투자신탁(금리-파생형)(합성), 상장일 2023.05.09)",https://kind.krx.co.kr/disclosure/disclosurebystocktype.do?method=searchDisclosureByStockTypeEtfSub&forward=disclosurebystocktype_etf_sub&currentPageSize=100&pageIndex=1&orderMode=1&orderStat=D&etfIsuSrtCd=&reportCd=&reportTmp=&etfIsuSrtNm=&reportNm=%EC%8B%A0%EA%B7%9C%EC%83%81%EC%9E%A5&fromDate=2023-05-01&toDate=2023-05-31,kind_listing_notice_title,official_notice_pending_isin,2026-08-14T07:26:02+00:00
TIGER 차이나전기차레버리지(합성),45668,2023-05-09,2023-05-04 17:25,20230504000677,"신규상장(미래에셋 TIGER 차이나전기차레버리지증권상장지수투자신탁(주식혼합-파생형)(합성), 상장일 2023.05.09)",https://kind.krx.co.kr/disclosure/disclosurebystocktype.do?method=searchDisclosureByStockTypeEtfSub&forward=disclosurebystocktype_etf_sub&currentPageSize=100&pageIndex=1&orderMode=1&orderStat=D&etfIsuSrtCd=&reportCd=&reportTmp=&etfIsuSrtNm=&reportNm=%EC%8B%A0%EA%B7%9C%EC%83%81%EC%9E%A5&fromDate=2023-05-01&toDate=2023-05-31,kind_listing_notice_title,official_notice_pending_isin,2026-08-14T07:26:02+00:00
ACE 테슬라밸류체인액티브,45748,2023-05-16,2023-05-12 15:46,20230512000683,"신규상장(한국투자 ACE 테슬라밸류체인액티브증권상장지수투자신탁(주식), 상장일 2023.05.16)",https://kind.krx.co.kr/disclosure/disclosurebystocktype.do?method=searchDisclosureByStockTypeEtfSub&forward=disclosurebystocktype_etf_sub&currentPageSize=100&pageIndex=1&orderMode=1&orderStat=D&etfIsuSrtCd=&reportCd=&reportTmp=&etfIsuSrtNm=&reportNm=%EC%8B%A0%EA%B7%9C%EC%83%81%EC%9E%A5&fromDate=2023-05-01&toDate=2023-05-31,kind_listing_notice_title,official_notice_pending_isin,2026-08-14T07:26:02+00:00
TIME 글로벌AI인공지능액티브,45660,2023-05-16,2023-05-12 15:48,20230512000690,"신규상장(타임폴리오 TIMEFOLIO 글로벌AI인공지능액티브증권상장지수투자신탁[주식], 상장일 2023.05.16)",https://kind.krx.co.kr/disclosure/disclosurebystocktype.do?method=searchDisclosureByStockTypeEtfSub&forward=disclosurebystocktype_etf_sub&currentPageSize=100&pageIndex=1&orderMode=1&orderStat=D&etfIsuSrtCd=&reportCd=&reportTmp=&etfIsuSrtNm=&reportNm=%EC%8B%A0%EA%B7%9C%EC%83%81%EC%9E%A5&fromDate=2023-05-01&toDate=2023-05-31,kind_listing_notice_title,official_notice_pending_isin,2026-08-14T07:26:02+00:00
HANARO 유로존국채25년플러스(합성 H),45610,2023-05-16,2023-05-12 15:48,20230512000691,"신규상장(NH-Amundi HANARO 유로존국채25년플러스증권상장지수투자신탁[채권-파생형](합성 H), 상장일 2023.05.16)",https://kind.krx.co.kr/disclosure/disclosurebystocktype.do?method=searchDisclosureByStockTypeEtfSub&forward=disclosurebystocktype_etf_sub&currentPageSize=100&pageIndex=1&orderMode=1&orderStat=D&etfIsuSrtCd=&reportCd=&reportTmp=&etfIsuSrtNm=&reportNm=%EC%8B%A0%EA%B7%9C%EC%83%81%EC%9E%A5&fromDate=2023-05-01&toDate=2023-05-31,kind_listing_notice_title,official_notice_pending_isin,2026-08-14T07:26:02+00:00
RISE 미국달러SOFR금리액티브(합성),45596,2023-05-16,2023-05-12 15:49,20230512000697,"신규상장(KB KBSTAR 미국달러SOFR금리액티브특별자산상장지수투자신탁(금리-파생형)(합성), 상장일 2023.05.16)",https://kind.krx.co.kr/disclosure/disclosurebystocktype.do?method=searchDisclosureByStockTypeEtfSub&forward=disclosurebystocktype_etf_sub&currentPageSize=100&pageIndex=1&orderMode=1&orderStat=D&etfIsuSrtCd=&reportCd=&reportTmp=&etfIsuSrtNm=&reportNm=%EC%8B%A0%EA%B7%9C%EC%83%81%EC%9E%A5&fromDate=2023-05-01&toDate=2023-05-31,kind_listing_notice_title,official_notice_pending_isin,2026-08-14T07:26:02+00:00
KIWOOM CD금리액티브(합성),45821,2023-05-23,2023-05-22 11:34,20230522000133,"신규상장(키움 히어로즈 CD금리액티브특별자산상장지수투자신탁[금리-파생형](합성), 상장일 2023.05.23)",https://kind.krx.co.kr/disclosure/disclosurebystocktype.do?method=searchDisclosureByStockTypeEtfSub&forward=disclosurebystocktype_etf_sub&currentPageSize=100&pageIndex=1&orderMode=1&orderStat=D&etfIsuSrtCd=&reportCd=&reportTmp=&etfIsuSrtNm=&reportNm=%EC%8B%A0%EA%B7%9C%EC%83%81%EC%9E%A5&fromDate=2023-05-01&toDate=2023-05-31,kind_listing_notice_title,official_notice_pending_isin,2026-08-14T07:26:02+00:00
KODEX 33-06 국고채액티브,45769,2023-05-31,2023-05-26 13:32,20230526000145,"신규상장(삼성 KODEX 33-06 국고채액티브증권상장지수투자신탁[채권], 상장일 2023.05.31)",https://kind.krx.co.kr/disclosure/disclosurebystocktype.do?method=searchDisclosureByStockTypeEtfSub&forward=disclosurebystocktype_etf_sub&currentPageSize=100&pageIndex=1&orderMode=1&orderStat=D&etfIsuSrtCd=&reportCd=&reportTmp=&etfIsuSrtNm=&reportNm=%EC%8B%A0%EA%B7%9C%EC%83%81%EC%9E%A5&fromDate=2023-05-01&toDate=2023-05-31,kind_listing_notice_title,official_notice_pending_isin,2026-08-14T07:26:02+00:00
KODEX 53-09 국고채액티브,45770,2023-05-31,2023-05-26 13:32,20230526000146,"신규상장(삼성 KODEX 53-09 국고채액티브증권상장지수투자신탁[채권], 상장일 2023.05.31)",https://kind.krx.co.kr/disclosure/disclosurebystocktype.do?method=searchDisclosureByStockTypeEtfSub&forward=disclosurebystocktype_etf_sub&currentPageSize=100&pageIndex=1&orderMode=1&orderStat=D&etfIsuSrtCd=&reportCd=&reportTmp=&etfIsuSrtNm=&reportNm=%EC%8B%A0%EA%B7%9C%EC%83%81%EC%9E%A5&fromDate=2023-05-01&toDate=2023-05-31,kind_listing_notice_title,official_notice_pending_isin,2026-08-14T07:26:02+00:00
TIGER 미국30년국채스트립액티브(합성 H),45825,2023-05-31,2023-05-26 13:32,20230526000147,"신규상장(미래에셋 TIGER 미국채30년스트립액티브증권상장지수투자신탁(채권-파생형)(합성 H), 상장일 2023.05.31)",https://kind.krx.co.kr/disclosure/disclosurebystocktype.do?method=searchDisclosureByStockTypeEtfSub&forward=disclosurebystocktype_etf_sub&currentPageSize=100&pageIndex=1&orderMode=1&orderStat=D&etfIsuSrtCd=&reportCd=&reportTmp=&etfIsuSrtNm=&reportNm=%EC%8B%A0%EA%B7%9C%EC%83%81%EC%9E%A5&fromDate=2023-05-01&toDate=2023-05-31,kind_listing_notice_title,official_notice_pending_isin,2026-08-14T07:26:02+00:00
TIGER 미국투자등급회사채액티브(H),45826,2023-05-31,2023-05-26 13:32,20230526000148,"신규상장(미래에셋 TIGER 미국투자등급회사채액티브증권상장지수투자신탁(채권)(H), 상장일 2023.05.31)",https://kind.krx.co.kr/disclosure/disclosurebystocktype.do?method=searchDisclosureByStockTypeEtfSub&forward=disclosurebystocktype_etf_sub&currentPageSize=100&pageIndex=1&orderMode=1&orderStat=D&etfIsuSrtCd=&reportCd=&reportTmp=&etfIsuSrtNm=&reportNm=%EC%8B%A0%EA%B7%9C%EC%83%81%EC%9E%A5&fromDate=2023-05-01&toDate=2023-05-31,kind_listing_notice_title,official_notice_pending_isin,2026-08-14T07:26:02+00:00
WON 국공채머니마켓액티브,45803,2023-05-31,2023-05-26 13:32,20230526000150,"신규상장(우리 WOORI 단기국공채액티브증권상장지수투자신탁(채권), 상장일 2023.05.31)",https://kind.krx.co.kr/disclosure/disclosurebystocktype.do?method=searchDisclosureByStockTypeEtfSub&forward=disclosurebystocktype_etf_sub&currentPageSize=100&pageIndex=1&orderMode=1&orderStat=D&etfIsuSrtCd=&reportCd=&reportTmp=&etfIsuSrtNm=&reportNm=%EC%8B%A0%EA%B7%9C%EC%83%81%EC%9E%A5&fromDate=2023-05-01&toDate=2023-05-31,kind_listing_notice_title,official_notice_pending_isin,2026-08-14T07:26:02+00:00
KODEX CD금리액티브(합성),45958,2023-06-08,2023-06-05 17:35,20230605000081,"신규상장(삼성 KODEX CD금리액티브증권상장지수투자신탁[채권혼합-파생형](합성), 상장일 2023.06.08)",https://kind.krx.co.kr/disclosure/disclosurebystocktype.do?method=searchDisclosureByStockTypeEtfSub&forward=disclosurebystocktype_etf_sub&currentPageSize=100&pageIndex=1&orderMode=1&orderStat=D&etfIsuSrtCd=&reportCd=&reportTmp=&etfIsuSrtNm=&reportNm=%EC%8B%A0%EA%B7%9C%EC%83%81%EC%9E%A5&fromDate=2023-06-01&toDate=2023-06-30,kind_listing_notice_title,official_notice_pending_isin,2026-08-14T07:26:02+00:00
KODEX 테슬라밸류체인FactSet,45956,2023-06-08,2023-06-05 17:35,20230605000082,"신규상장(삼성 KODEX 테슬라밸류체인FactSet증권상장지수투자신탁[주식-파생형], 상장일 2023.06.08)",https://kind.krx.co.kr/disclosure/disclosurebystocktype.do?method=searchDisclosureByStockTypeEtfSub&forward=disclosurebystocktype_etf_sub&currentPageSize=100&pageIndex=1&orderMode=1&orderStat=D&etfIsuSrtCd=&reportCd=&reportTmp=&etfIsuSrtNm=&reportNm=%EC%8B%A0%EA%B7%9C%EC%83%81%EC%9E%A5&fromDate=2023-06-01&toDate=2023-06-30,kind_listing_notice_title,official_notice_pending_isin,2026-08-14T07:26:02+00:00
PLUS 태양광&ESS,45799,2023-06-20,2023-06-16 14:51,20230616000098,"신규상장(한화 ARIRANG 태양광&ESS Fn증권상장지수투자신탁(주식), 상장일 2023.06.20)",https://kind.krx.co.kr/disclosure/disclosurebystocktype.do?method=searchDisclosureByStockTypeEtfSub&forward=disclosurebystocktype_etf_sub&currentPageSize=100&pageIndex=1&orderMode=1&orderStat=D&etfIsuSrtCd=&reportCd=&reportTmp=&etfIsuSrtNm=&reportNm=%EC%8B%A0%EA%B7%9C%EC%83%81%EC%9E%A5&fromDate=2023-06-01&toDate=2023-06-30,kind_listing_notice_title,official_notice_pending_isin,2026-08-14T07:26:02+00:00
ACE 25-06 회사채(AA-이상)액티브,46126,2023-06-20,2023-06-16 14:51,20230616000099,"신규상장(한국투자 ACE 25-06 회사채(AA-이상)액티브증권상장지수투자신탁(채권), 상장일 2023.06.20)",https://kind.krx.co.kr/disclosure/disclosurebystocktype.do?method=searchDisclosureByStockTypeEtfSub&forward=disclosurebystocktype_etf_sub&currentPageSize=100&pageIndex=1&orderMode=1&orderStat=D&etfIsuSrtCd=&reportCd=&reportTmp=&etfIsuSrtNm=&reportNm=%EC%8B%A0%EA%B7%9C%EC%83%81%EC%9E%A5&fromDate=2023-06-01&toDate=2023-06-30,kind_listing_notice_title,official_notice_pending_isin,2026-08-14T07:26:02+00:00
ACE 26-06 회사채(AA-이상)액티브,46127,2023-06-20,2023-06-16 14:51,20230616000101,"신규상장(한국투자 ACE 26-06 회사채(AA-이상)액티브증권상장지수투자신탁(채권), 상장일 2023.06.20)",https://kind.krx.co.kr/disclosure/disclosurebystocktype.do?method=searchDisclosureByStockTypeEtfSub&forward=disclosurebystocktype_etf_sub&currentPageSize=100&pageIndex=1&orderMode=1&orderStat=D&etfIsuSrtCd=&reportCd=&reportTmp=&etfIsuSrtNm=&reportNm=%EC%8B%A0%EA%B7%9C%EC%83%81%EC%9E%A5&fromDate=2023-06-01&toDate=2023-06-30,kind_listing_notice_title,official_notice_pending_isin,2026-08-14T07:26:02+00:00
SOL 유럽탄소배출권선물인버스ICE(H),45937,2023-06-20,2023-06-16 14:51,20230616000103,"신규상장(신한SOL유럽탄소배출권선물인버스ICE특별자산상장지수투자신탁[탄소배출권-파생형](H), 상장일 2023.06.20)",https://kind.krx.co.kr/disclosure/disclosurebystocktype.do?method=searchDisclosureByStockTypeEtfSub&forward=disclosurebystocktype_etf_sub&currentPageSize=100&pageIndex=1&orderMode=1&orderStat=D&etfIsuSrtCd=&reportCd=&reportTmp=&etfIsuSrtNm=&reportNm=%EC%8B%A0%EA%B7%9C%EC%83%81%EC%9E%A5&fromDate=2023-06-01&toDate=2023-06-30,kind_listing_notice_title,official_notice_pending_isin,2026-08-14T07:26:02+00:00
BNK 미래전략기술액티브,45793,2023-06-20,2023-06-16 14:51,20230616000104,"신규상장(BNK BNK 미래전략기술액티브증권상장지수투자신탁(주식), 상장일 2023.06.20)",https://kind.krx.co.kr/disclosure/disclosurebystocktype.do?method=searchDisclosureByStockTypeEtfSub&forward=disclosurebystocktype_etf_sub&currentPageSize=100&pageIndex=1&orderMode=1&orderStat=D&etfIsuSrtCd=&reportCd=&reportTmp=&etfIsuSrtNm=&reportNm=%EC%8B%A0%EA%B7%9C%EC%83%81%EC%9E%A5&fromDate=2023-06-01&toDate=2023-06-30,kind_listing_notice_title,official_notice_pending_isin,2026-08-14T07:26:02+00:00
TIGER 미국배당다우존스,45873,2023-06-20,2023-06-16 14:51,20230616000107,"신규상장(미래에셋 TIGER 미국배당다우존스증권상장지수투자신탁(주식), 상장일 2023.06.20)",https://kind.krx.co.kr/disclosure/disclosurebystocktype.do?method=searchDisclosureByStockTypeEtfSub&forward=disclosurebystocktype_etf_sub&currentPageSize=100&pageIndex=1&orderMode=1&orderStat=D&etfIsuSrtCd=&reportCd=&reportTmp=&etfIsuSrtNm=&reportNm=%EC%8B%A0%EA%B7%9C%EC%83%81%EC%9E%A5&fromDate=2023-06-01&toDate=2023-06-30,kind_listing_notice_title,official_notice_pending_isin,2026-08-14T07:26:02+00:00
TIGER 미국배당다우존스타겟커버드콜1호,45875,2023-06-20,2023-06-16 14:51,20230616000109,"신규상장(미래에셋 TIGER 미국배당+3%프리미엄다우존스증권상장지수투자신탁(주식-파생형), 상장일 2023.06.20)",https://kind.krx.co.kr/disclosure/disclosurebystocktype.do?method=searchDisclosureByStockTypeEtfSub&forward=disclosurebystocktype_etf_sub&currentPageSize=100&pageIndex=1&orderMode=1&orderStat=D&etfIsuSrtCd=&reportCd=&reportTmp=&etfIsuSrtNm=&reportNm=%EC%8B%A0%EA%B7%9C%EC%83%81%EC%9E%A5&fromDate=2023-06-01&toDate=2023-06-30,kind_listing_notice_title,official_notice_pending_isin,2026-08-14T07:26:02+00:00
TIGER 미국배당다우존스타겟커버드콜2호,45876,2023-06-20,2023-06-16 14:50,20230616000111,"신규상장(미래에셋 TIGER 미국배당+7%프리미엄다우존스증권상장지수투자신탁(주식-파생형), 상장일 2023.06.20)",https://kind.krx.co.kr/disclosure/disclosurebystocktype.do?method=searchDisclosureByStockTypeEtfSub&forward=disclosurebystocktype_etf_sub&currentPageSize=100&pageIndex=1&orderMode=1&orderStat=D&etfIsuSrtCd=&reportCd=&reportTmp=&etfIsuSrtNm=&reportNm=%EC%8B%A0%EA%B7%9C%EC%83%81%EC%9E%A5&fromDate=2023-06-01&toDate=2023-06-30,kind_listing_notice_title,official_notice_pending_isin,2026-08-14T07:26:02+00:00
KIWOOM 미국달러SOFR금리액티브(합성),46027,2023-06-20,2023-06-16 14:50,20230616000112,"신규상장(키움 히어로즈 미국달러SOFR금리액티브특별자산상장지수투자신탁[금리-파생형](합성), 상장일 2023.06.20)",https://kind.krx.co.kr/disclosure/disclosurebystocktype.do?method=searchDisclosureByStockTypeEtfSub&forward=disclosurebystocktype_etf_sub&currentPageSize=100&pageIndex=1&orderMode=1&orderStat=D&etfIsuSrtCd=&reportCd=&reportTmp=&etfIsuSrtNm=&reportNm=%EC%8B%A0%EA%B7%9C%EC%83%81%EC%9E%A5&fromDate=2023-06-01&toDate=2023-06-30,kind_listing_notice_title,official_notice_pending_isin,2026-08-14T07:26:02+00:00
RISE 미국S&P배당킹,46066,2023-06-27,2023-06-23 16:17,20230623000145,"신규상장(KB KBSTAR 미국S&P배당킹증권상장지수투자신탁(주식), 상장일 2023.06.27)",https://kind.krx.co.kr/disclosure/disclosurebystocktype.do?method=searchDisclosureByStockTypeEtfSub&forward=disclosurebystocktype_etf_sub&currentPageSize=100&pageIndex=1&orderMode=1&orderStat=D&etfIsuSrtCd=&reportCd=&reportTmp=&etfIsuSrtNm=&reportNm=%EC%8B%A0%EA%B7%9C%EC%83%81%EC%9E%A5&fromDate=2023-06-01&toDate=2023-06-30,kind_listing_notice_title,official_notice_pending_isin,2026-08-14T07:26:02+00:00
KIWOOM 미국성장기업30액티브,45979,2023-06-27,2023-06-23 16:17,20230623000287,"신규상장(키움 히어로즈 미국성장기업30액티브증권상장지수투자신탁[주식], 상장일 2023.06.27)",https://kind.krx.co.kr/disclosure/disclosurebystocktype.do?method=searchDisclosureByStockTypeEtfSub&forward=disclosurebystocktype_etf_sub&currentPageSize=100&pageIndex=1&orderMode=1&orderStat=D&etfIsuSrtCd=&reportCd=&reportTmp=&etfIsuSrtNm=&reportNm=%EC%8B%A0%EA%B7%9C%EC%83%81%EC%9E%A5&fromDate=2023-06-01&toDate=2023-06-30,kind_listing_notice_title,official_notice_pending_isin,2026-08-14T07:26:02+00:00
KIWOOM Fn유전자혁신기술,46028,2023-06-27,2023-06-23 16:17,20230623000288,"신규상장(키움 KOSEF Fn유전자혁신기술증권상장지수투자신탁[주식], 상장일 2023.06.27)",https://kind.krx.co.kr/disclosure/disclosurebystocktype.do?method=searchDisclosureByStockTypeEtfSub&forward=disclosurebystocktype_etf_sub&currentPageSize=100&pageIndex=1&orderMode=1&orderStat=D&etfIsuSrtCd=&reportCd=&reportTmp=&etfIsuSrtNm=&reportNm=%EC%8B%A0%EA%B7%9C%EC%83%81%EC%9E%A5&fromDate=2023-06-01&toDate=2023-06-30,kind_listing_notice_title,official_notice_pending_isin,2026-08-14T07:26:02+00:00
RISE 글로벌주식분산액티브,45975,2023-06-27,2023-06-23 16:17,20230623000289,"신규상장(KB KBSTAR 글로벌주식분산액티브증권상장지수투자신탁(주식-재간접형), 상장일 2023.06.27)",https://kind.krx.co.kr/disclosure/disclosurebystocktype.do?method=searchDisclosureByStockTypeEtfSub&forward=disclosurebystocktype_etf_sub&currentPageSize=100&pageIndex=1&orderMode=1&orderStat=D&etfIsuSrtCd=&reportCd=&reportTmp=&etfIsuSrtNm=&reportNm=%EC%8B%A0%EA%B7%9C%EC%83%81%EC%9E%A5&fromDate=2023-06-01&toDate=2023-06-30,kind_listing_notice_title,official_notice_pending_isin,2026-08-14T07:26:02+00:00
RISE 글로벌자산배분액티브,46149,2023-06-27,2023-06-23 16:16,20230623000291,"신규상장(KB KBSTAR 글로벌자산배분액티브 증권상장지수투자신탁(혼합-재간접형), 상장일 2023.06.27)",https://kind.krx.co.kr/disclosure/disclosurebystocktype.do?method=searchDisclosureByStockTypeEtfSub&forward=disclosurebystocktype_etf_sub&currentPageSize=100&pageIndex=1&orderMode=1&orderStat=D&etfIsuSrtCd=&reportCd=&reportTmp=&etfIsuSrtNm=&reportNm=%EC%8B%A0%EA%B7%9C%EC%83%81%EC%9E%A5&fromDate=2023-06-01&toDate=2023-06-30,kind_listing_notice_title,official_notice_pending_isin,2026-08-14T07:26:02+00:00
KODEX 코스닥글로벌,46145,2023-06-29,2023-06-28 09:27,20230628000050,"신규상장(삼성 KODEX 코스닥글로벌증권상장지수투자신탁[주식], 상장일 2023.06.29)",https://kind.krx.co.kr/disclosure/disclosurebystocktype.do?method=searchDisclosureByStockTypeEtfSub&forward=disclosurebystocktype_etf_sub&currentPageSize=100&pageIndex=1&orderMode=1&orderStat=D&etfIsuSrtCd=&reportCd=&reportTmp=&etfIsuSrtNm=&reportNm=%EC%8B%A0%EA%B7%9C%EC%83%81%EC%9E%A5&fromDate=2023-06-01&toDate=2023-06-30,kind_listing_notice_title,official_notice_pending_isin,2026-08-14T07:26:02+00:00
TIGER 코스닥글로벌,46158,2023-06-29,2023-06-28 09:27,20230628000051,"신규상장(미래에셋 TIGER 코스닥글로벌증권상장지수투자신탁(주식), 상장일 2023.06.29)",https://kind.krx.co.kr/disclosure/disclosurebystocktype.do?method=searchDisclosureByStockTypeEtfSub&forward=disclosurebystocktype_etf_sub&currentPageSize=100&pageIndex=1&orderMode=1&orderStat=D&etfIsuSrtCd=&reportCd=&reportTmp=&etfIsuSrtNm=&reportNm=%EC%8B%A0%EA%B7%9C%EC%83%81%EC%9E%A5&fromDate=2023-06-01&toDate=2023-06-30,kind_listing_notice_title,official_notice_pending_isin,2026-08-14T07:26:02+00:00
KODEX 2차전지핵심소재10,46195,2023-07-04,2023-06-30 15:53,20230630000114,"신규상장(삼성 KODEX 2차전지핵심소재10 Fn증권상장지수투자신탁[주식], 상장일 2023.07.04)",https://kind.krx.co.kr/disclosure/disclosurebystocktype.do?method=searchDisclosureByStockTypeEtfSub&forward=disclosurebystocktype_etf_sub&currentPageSize=100&pageIndex=1&orderMode=1&orderStat=D&etfIsuSrtCd=&reportCd=&reportTmp=&etfIsuSrtNm=&reportNm=%EC%8B%A0%EA%B7%9C%EC%83%81%EC%9E%A5&fromDate=2023-06-01&toDate=2023-06-30,kind_listing_notice_title,official_notice_pending_isin,2026-08-14T07:26:02+00:00
KODEX 2차전지산업레버리지,46233,2023-07-04,2023-06-30 15:53,20230630000115,"신규상장(삼성 KODEX 2차전지산업레버리지증권상장지수투자신탁[주식-파생형], 상장일 2023.07.04)",https://kind.krx.co.kr/disclosure/disclosurebystocktype.do?method=searchDisclosureByStockTypeEtfSub&forward=disclosurebystocktype_etf_sub&currentPageSize=100&pageIndex=1&orderMode=1&orderStat=D&etfIsuSrtCd=&reportCd=&reportTmp=&etfIsuSrtNm=&reportNm=%EC%8B%A0%EA%B7%9C%EC%83%81%EC%9E%A5&fromDate=2023-06-01&toDate=2023-06-30,kind_listing_notice_title,official_notice_pending_isin,2026-08-14T07:26:02+00:00
ACE 글로벌인컴TOP10,46096,2023-07-11,2023-07-07 14:55,20230707000071,"신규상장(한국투자 ACE 글로벌인컴TOP10 SOLACTIVE증권상장지수투자신탁[혼합-재간접형], 상장일 2023.07.11)",https://kind.krx.co.kr/disclosure/disclosurebystocktype.do?method=searchDisclosureByStockTypeEtfSub&forward=disclosurebystocktype_etf_sub&currentPageSize=100&pageIndex=1&orderMode=1&orderStat=D&etfIsuSrtCd=&reportCd=&reportTmp=&etfIsuSrtNm=&reportNm=%EC%8B%A0%EA%B7%9C%EC%83%81%EC%9E%A5&fromDate=2023-07-01&toDate=2023-07-31,kind_listing_notice_title,official_notice_pending_isin,2026-08-14T07:26:02+00:00
HANARO 글로벌생성형AI액티브,46134,2023-07-11,2023-07-07 14:56,20230707000072,"신규상장(NH-Amundi HANARO 글로벌생성형AI액티브증권상장지수투자신탁(주식), 상장일 2023.07.11)",https://kind.krx.co.kr/disclosure/disclosurebystocktype.do?method=searchDisclosureByStockTypeEtfSub&forward=disclosurebystocktype_etf_sub&currentPageSize=100&pageIndex=1&orderMode=1&orderStat=D&etfIsuSrtCd=&reportCd=&reportTmp=&etfIsuSrtNm=&reportNm=%EC%8B%A0%EA%B7%9C%EC%83%81%EC%9E%A5&fromDate=2023-07-01&toDate=2023-07-31,kind_listing_notice_title,official_notice_pending_isin,2026-08-14T07:26:02+00:00
SOL 미국30년국채액티브(H),46160,2023-07-11,2023-07-07 14:56,20230707000073,"신규상장(신한 SOL 미국30년국채액티브증권상장지수투자신탁[채권](H), 상장일 2023.07.11)",https://kind.krx.co.kr/disclosure/disclosurebystocktype.do?method=searchDisclosureByStockTypeEtfSub&forward=disclosurebystocktype_etf_sub&currentPageSize=100&pageIndex=1&orderMode=1&orderStat=D&etfIsuSrtCd=&reportCd=&reportTmp=&etfIsuSrtNm=&reportNm=%EC%8B%A0%EA%B7%9C%EC%83%81%EC%9E%A5&fromDate=2023-07-01&toDate=2023-07-31,kind_listing_notice_title,official_notice_pending_isin,2026-08-14T07:26:02+00:00
TIGER 2차전지소재Fn,46201,2023-07-13,2023-07-11 15:59,20230711000169,"신규상장(미래에셋 TIGER 2차전지소재Fn증권상장지수투자신탁(주식), 상장일 2023.07.13)",https://kind.krx.co.kr/disclosure/disclosurebystocktype.do?method=searchDisclosureByStockTypeEtfSub&forward=disclosurebystocktype_etf_sub&currentPageSize=100&pageIndex=1&orderMode=1&orderStat=D&etfIsuSrtCd=&reportCd=&reportTmp=&etfIsuSrtNm=&reportNm=%EC%8B%A0%EA%B7%9C%EC%83%81%EC%9E%A5&fromDate=2023-07-01&toDate=2023-07-31,kind_listing_notice_title,official_notice_pending_isin,2026-08-14T07:26:02+00:00
PLUS 미국테크TOP10,46190,2023-07-18,2023-07-14 13:31,20230714000015,"신규상장(한화 ARIRANG 미국테크10iSelect증권상장지수투자신탁(주식), 상장일 2023.07.18)",https://kind.krx.co.kr/disclosure/disclosurebystocktype.do?method=searchDisclosureByStockTypeEtfSub&forward=disclosurebystocktype_etf_sub&currentPageSize=100&pageIndex=1&orderMode=1&orderStat=D&etfIsuSrtCd=&reportCd=&reportTmp=&etfIsuSrtNm=&reportNm=%EC%8B%A0%EA%B7%9C%EC%83%81%EC%9E%A5&fromDate=2023-07-01&toDate=2023-07-31,kind_listing_notice_title,official_notice_pending_isin,2026-08-14T07:26:02+00:00
PLUS 미국테크TOP10레버리지(합성),46191,2023-07-18,2023-07-14 13:31,20230714000016,"신규상장(한화 ARIRANG미국테크10레버리지iSelect증권상장지수투자신탁(주식혼합-파생형)(합성), 상장일 2023.07.18)",https://kind.krx.co.kr/disclosure/disclosurebystocktype.do?method=searchDisclosureByStockTypeEtfSub&forward=disclosurebystocktype_etf_sub&currentPageSize=100&pageIndex=1&orderMode=1&orderStat=D&etfIsuSrtCd=&reportCd=&reportTmp=&etfIsuSrtNm=&reportNm=%EC%8B%A0%EA%B7%9C%EC%83%81%EC%9E%A5&fromDate=2023-07-01&toDate=2023-07-31,kind_listing_notice_title,official_notice_pending_isin,2026-08-14T07:26:02+00:00
PLUS 국고채10년액티브,46146,2023-07-18,2023-07-14 13:31,20230714000068,"신규상장(한화 ARIRANG 국고채10년액티브증권상장지수투자신탁(채권), 상장일 2023.07.18)",https://kind.krx.co.kr/disclosure/disclosurebystocktype.do?method=searchDisclosureByStockTypeEtfSub&forward=disclosurebystocktype_etf_sub&currentPageSize=100&pageIndex=1&orderMode=1&orderStat=D&etfIsuSrtCd=&reportCd=&reportTmp=&etfIsuSrtNm=&reportNm=%EC%8B%A0%EA%B7%9C%EC%83%81%EC%9E%A5&fromDate=2023-07-01&toDate=2023-07-31,kind_listing_notice_title,official_notice_pending_isin,2026-08-14T07:26:02+00:00
TIGER K방산&우주,46325,2023-07-25,2023-07-21 11:03,20230721000046,"신규상장(미래에셋 TIGER 스페이스테크iSelect증권상장지수투자신탁(주식), 상장일 2023.07.25)",https://kind.krx.co.kr/disclosure/disclosurebystocktype.do?method=searchDisclosureByStockTypeEtfSub&forward=disclosurebystocktype_etf_sub&currentPageSize=100&pageIndex=1&orderMode=1&orderStat=D&etfIsuSrtCd=&reportCd=&reportTmp=&etfIsuSrtNm=&reportNm=%EC%8B%A0%EA%B7%9C%EC%83%81%EC%9E%A5&fromDate=2023-07-01&toDate=2023-07-31,kind_listing_notice_title,official_notice_pending_isin,2026-08-14T07:26:02+00:00
에셋플러스 글로벌다이나믹시니어액티브,46234,2023-07-25,2023-07-21 11:02,20230721000121,"신규상장(에셋플러스 에셋플러스 글로벌다이나믹시니어액티브증권상장지수투자신탁(주식), 상장일 2023.07.25)",https://kind.krx.co.kr/disclosure/disclosurebystocktype.do?method=searchDisclosureByStockTypeEtfSub&forward=disclosurebystocktype_etf_sub&currentPageSize=100&pageIndex=1&orderMode=1&orderStat=D&etfIsuSrtCd=&reportCd=&reportTmp=&etfIsuSrtNm=&reportNm=%EC%8B%A0%EA%B7%9C%EC%83%81%EC%9E%A5&fromDate=2023-07-01&toDate=2023-07-31,kind_listing_notice_title,official_notice_pending_isin,2026-08-14T07:26:02+00:00
KODEX 미국S&P500유틸리티,46364,2023-08-01,2023-07-28 18:02,20230728000077,"신규상장(삼성 KODEX 미국S&P500유틸리티증권상장지수투자신탁[주식], 상장일 2023.08.01)",https://kind.krx.co.kr/disclosure/disclosurebystocktype.do?method=searchDisclosureByStockTypeEtfSub&forward=disclosurebystocktype_etf_sub&currentPageSize=100&pageIndex=1&orderMode=1&orderStat=D&etfIsuSrtCd=&reportCd=&reportTmp=&etfIsuSrtNm=&reportNm=%EC%8B%A0%EA%B7%9C%EC%83%81%EC%9E%A5&fromDate=2023-07-01&toDate=2023-07-31,kind_listing_notice_title,official_notice_pending_isin,2026-08-14T07:26:02+00:00
KODEX 미국S&P500테크놀로지,46368,2023-08-01,2023-07-28 18:02,20230728000079,"신규상장(삼성 KODEX 미국S&P500테크놀로지증권상장지수투자신탁[주식], 상장일 2023.08.01)",https://kind.krx.co.kr/disclosure/disclosurebystocktype.do?method=searchDisclosureByStockTypeEtfSub&forward=disclosurebystocktype_etf_sub&currentPageSize=100&pageIndex=1&orderMode=1&orderStat=D&etfIsuSrtCd=&reportCd=&reportTmp=&etfIsuSrtNm=&reportNm=%EC%8B%A0%EA%B7%9C%EC%83%81%EC%9E%A5&fromDate=2023-07-01&toDate=2023-07-31,kind_listing_notice_title,official_notice_pending_isin,2026-08-14T07:26:02+00:00
KODEX 미국S&P500커뮤니케이션,46369,2023-08-01,2023-07-28 18:02,20230728000080,"신규상장(삼성 KODEX 미국S&P500통신서비스증권상장지수투자신탁[주식], 상장일 2023.08.01)",https://kind.krx.co.kr/disclosure/disclosurebystocktype.do?method=searchDisclosureByStockTypeEtfSub&forward=disclosurebystocktype_etf_sub&currentPageSize=100&pageIndex=1&orderMode=1&orderStat=D&etfIsuSrtCd=&reportCd=&reportTmp=&etfIsuSrtNm=&reportNm=%EC%8B%A0%EA%B7%9C%EC%83%81%EC%9E%A5&fromDate=2023-07-01&toDate=2023-07-31,kind_listing_notice_title,official_notice_pending_isin,2026-08-14T07:26:02+00:00
HANARO 글로벌반도체TOP10 SOLACTIVE,46406,2023-08-01,2023-07-28 18:01,20230728000081,"신규상장(NH-Amundi HANARO 글로벌 반도체 TOP10 SOLACTIVE 증권상장지수투자신탁(주식), 상장일 2023.08.01)",https://kind.krx.co.kr/disclosure/disclosurebystocktype.do?method=searchDisclosureByStockTypeEtfSub&forward=disclosurebystocktype_etf_sub&currentPageSize=100&pageIndex=1&orderMode=1&orderStat=D&etfIsuSrtCd=&reportCd=&reportTmp=&etfIsuSrtNm=&reportNm=%EC%8B%A0%EA%B7%9C%EC%83%81%EC%9E%A5&fromDate=2023-07-01&toDate=2023-07-31,kind_listing_notice_title,official_notice_pending_isin,2026-08-14T07:26:02+00:00
KoAct 바이오헬스케어액티브,46290,2023-08-03,2023-08-01 17:16,20230801000150,"신규상장(삼성액티브 KoAct 바이오헬스케어액티브증권상장지수투자신탁[주식], 상장일 2023.08.03)",https://kind.krx.co.kr/disclosure/disclosurebystocktype.do?method=searchDisclosureByStockTypeEtfSub&forward=disclosurebystocktype_etf_sub&currentPageSize=100&pageIndex=1&orderMode=1&orderStat=D&etfIsuSrtCd=&reportCd=&reportTmp=&etfIsuSrtNm=&reportNm=%EC%8B%A0%EA%B7%9C%EC%83%81%EC%9E%A5&fromDate=2023-08-01&toDate=2023-08-31,kind_listing_notice_title,official_notice_pending_isin,2026-08-14T07:26:02+00:00
1Q 단기금융채액티브,46329,2023-08-03,2023-08-01 17:16,20230801000491,"신규상장(하나UBS KTOP 단기금융채액티브증권상장지수투자신탁(채권), 상장일 2023.08.03)",https://kind.krx.co.kr/disclosure/disclosurebystocktype.do?method=searchDisclosureByStockTypeEtfSub&forward=disclosurebystocktype_etf_sub&currentPageSize=100&pageIndex=1&orderMode=1&orderStat=D&etfIsuSrtCd=&reportCd=&reportTmp=&etfIsuSrtNm=&reportNm=%EC%8B%A0%EA%B7%9C%EC%83%81%EC%9E%A5&fromDate=2023-08-01&toDate=2023-08-31,kind_listing_notice_title,official_notice_pending_isin,2026-08-14T07:26:02+00:00
SOL 25-09 회사채(AA-이상)액티브,46254,2023-08-08,2023-08-04 16:49,20230804000155,"신규상장(신한 SOL 25-09 회사채(AA-이상)액티브증권상장지수투자신탁[채권], 상장일 2023.08.08)",https://kind.krx.co.kr/disclosure/disclosurebystocktype.do?method=searchDisclosureByStockTypeEtfSub&forward=disclosurebystocktype_etf_sub&currentPageSize=100&pageIndex=1&orderMode=1&orderStat=D&etfIsuSrtCd=&reportCd=&reportTmp=&etfIsuSrtNm=&reportNm=%EC%8B%A0%EA%B7%9C%EC%83%81%EC%9E%A5&fromDate=2023-08-01&toDate=2023-08-31,kind_listing_notice_title,official_notice_pending_isin,2026-08-14T07:26:02+00:00
RISE 중국본토CSI300,46330,2023-08-08,2023-08-04 17:00,20230804000474,"신규상장(KB KBSTAR 중국본토CSI300증권상장지수투자신탁(주식), 상장일 2023.08.08)",https://kind.krx.co.kr/disclosure/disclosurebystocktype.do?method=searchDisclosureByStockTypeEtfSub&forward=disclosurebystocktype_etf_sub&currentPageSize=100&pageIndex=1&orderMode=1&orderStat=D&etfIsuSrtCd=&reportCd=&reportTmp=&etfIsuSrtNm=&reportNm=%EC%8B%A0%EA%B7%9C%EC%83%81%EC%9E%A5&fromDate=2023-08-01&toDate=2023-08-31,kind_listing_notice_title,official_notice_pending_isin,2026-08-14T07:26:02+00:00
히어로즈 24-09 회사채(AA-이상)액티브,46423,2023-08-17,2023-08-14 15:29,20230814000623,"신규상장(키움 히어로즈 24-09 회사채(AA-이상)액티브증권상장지수투자신탁[채권], 상장일 2023.08.17)",https://kind.krx.co.kr/disclosure/disclosurebystocktype.do?method=searchDisclosureByStockTypeEtfSub&forward=disclosurebystocktype_etf_sub&currentPageSize=100&pageIndex=1&orderMode=1&orderStat=D&etfIsuSrtCd=&reportCd=&reportTmp=&etfIsuSrtNm=&reportNm=%EC%8B%A0%EA%B7%9C%EC%83%81%EC%9E%A5&fromDate=2023-08-01&toDate=2023-08-31,kind_listing_notice_title,official_notice_pending_isin,2026-08-14T07:26:02+00:00
KIWOOM 26-09회사채(AA-이상)액티브,46424,2023-08-17,2023-08-14 15:29,20230814000629,"신규상장(키움 히어로즈 26-09 회사채(AA-이상)액티브증권상장지수투자신탁[채권], 상장일 2023.08.17)",https://kind.krx.co.kr/disclosure/disclosurebystocktype.do?method=searchDisclosureByStockTypeEtfSub&forward=disclosurebystocktype_etf_sub&currentPageSize=100&pageIndex=1&orderMode=1&orderStat=D&etfIsuSrtCd=&reportCd=&reportTmp=&etfIsuSrtNm=&reportNm=%EC%8B%A0%EA%B7%9C%EC%83%81%EC%9E%A5&fromDate=2023-08-01&toDate=2023-08-31,kind_listing_notice_title,official_notice_pending_isin,2026-08-14T07:26:02+00:00
TIGER 글로벌AI&로보틱스 INDXX,46431,2023-08-17,2023-08-14 16:52,20230814002082,"신규상장(미래에셋 TIGER 글로벌AI&로보틱스INDXX증권상장지수투자신탁(주식), 상장일 2023.08.17)",https://kind.krx.co.kr/disclosure/disclosurebystocktype.do?method=searchDisclosureByStockTypeEtfSub&forward=disclosurebystocktype_etf_sub&currentPageSize=100&pageIndex=1&orderMode=1&orderStat=D&etfIsuSrtCd=&reportCd=&reportTmp=&etfIsuSrtNm=&reportNm=%EC%8B%A0%EA%B7%9C%EC%83%81%EC%9E%A5&fromDate=2023-08-01&toDate=2023-08-31,kind_listing_notice_title,official_notice_pending_isin,2026-08-14T07:26:02+00:00
RISE 25-03 회사채(AA-이상)액티브,46454,2023-08-17,2023-08-14 16:52,20230814002095,"신규상장(KB KBSTAR 25-03 회사채(AA-이상)액티브증권상장지수투자신탁(채권), 상장일 2023.08.17)",https://kind.krx.co.kr/disclosure/disclosurebystocktype.do?method=searchDisclosureByStockTypeEtfSub&forward=disclosurebystocktype_etf_sub&currentPageSize=100&pageIndex=1&orderMode=1&orderStat=D&etfIsuSrtCd=&reportCd=&reportTmp=&etfIsuSrtNm=&reportNm=%EC%8B%A0%EA%B7%9C%EC%83%81%EC%9E%A5&fromDate=2023-08-01&toDate=2023-08-31,kind_listing_notice_title,official_notice_pending_isin,2026-08-14T07:26:02+00:00
TIME K바이오액티브,46305,2023-08-17,2023-08-14 16:52,20230814002106,"신규상장(타임폴리오 TIMEFOLIO K바이오액티브증권상장지수투자신탁(주식), 상장일 2023.08.17)",https://kind.krx.co.kr/disclosure/disclosurebystocktype.do?method=searchDisclosureByStockTypeEtfSub&forward=disclosurebystocktype_etf_sub&currentPageSize=100&pageIndex=1&orderMode=1&orderStat=D&etfIsuSrtCd=&reportCd=&reportTmp=&etfIsuSrtNm=&reportNm=%EC%8B%A0%EA%B7%9C%EC%83%81%EC%9E%A5&fromDate=2023-08-01&toDate=2023-08-31,kind_listing_notice_title,official_notice_pending_isin,2026-08-14T07:26:02+00:00
PLUS 미국채30년액티브,46447,2023-08-22,2023-08-18 16:07,20230818000214,"신규상장(한화 ARIRANG 미국채30년액티브증권상장지수투자신탁(채권), 상장일 2023.08.22)",https://kind.krx.co.kr/disclosure/disclosurebystocktype.do?method=searchDisclosureByStockTypeEtfSub&forward=disclosurebystocktype_etf_sub&currentPageSize=100&pageIndex=1&orderMode=1&orderStat=D&etfIsuSrtCd=&reportCd=&reportTmp=&etfIsuSrtNm=&reportNm=%EC%8B%A0%EA%B7%9C%EC%83%81%EC%9E%A5&fromDate=2023-08-01&toDate=2023-08-31,kind_listing_notice_title,official_notice_pending_isin,2026-08-14T07:26:02+00:00
SOL 의료기기소부장Fn,46461,2023-08-22,2023-08-18 16:07,20230818000215,"신규상장(신한 SOL 의료기기소부장Fn증권상장지수투자신탁[주식], 상장일 2023.08.22)",https://kind.krx.co.kr/disclosure/disclosurebystocktype.do?method=searchDisclosureByStockTypeEtfSub&forward=disclosurebystocktype_etf_sub&currentPageSize=100&pageIndex=1&orderMode=1&orderStat=D&etfIsuSrtCd=&reportCd=&reportTmp=&etfIsuSrtNm=&reportNm=%EC%8B%A0%EA%B7%9C%EC%83%81%EC%9E%A5&fromDate=2023-08-01&toDate=2023-08-31,kind_listing_notice_title,official_notice_pending_isin,2026-08-14T07:26:02+00:00
SOL 자동차소부장Fn,46460,2023-08-22,2023-08-18 16:07,20230818000217,"신규상장(신한 SOL 자동차소부장Fn증권상장지수투자신탁[주식], 상장일 2023.08.22)",https://kind.krx.co.kr/disclosure/disclosurebystocktype.do?method=searchDisclosureByStockTypeEtfSub&forward=disclosurebystocktype_etf_sub&currentPageSize=100&pageIndex=1&orderMode=1&orderStat=D&etfIsuSrtCd=&reportCd=&reportTmp=&etfIsuSrtNm=&reportNm=%EC%8B%A0%EA%B7%9C%EC%83%81%EC%9E%A5&fromDate=2023-08-01&toDate=2023-08-31,kind_listing_notice_title,official_notice_pending_isin,2026-08-14T07:26:02+00:00
TIGER 글로벌혁신블루칩TOP10,46493,2023-08-29,2023-08-25 15:01,20230825000181,"신규상장(미래에셋 TIGER 글로벌혁신블루칩TOP10증권상장지수투자신탁(주식), 상장일 2023.08.29)",https://kind.krx.co.kr/disclosure/disclosurebystocktype.do?method=searchDisclosureByStockTypeEtfSub&forward=disclosurebystocktype_etf_sub&currentPageSize=100&pageIndex=1&orderMode=1&orderStat=D&etfIsuSrtCd=&reportCd=&reportTmp=&etfIsuSrtNm=&reportNm=%EC%8B%A0%EA%B7%9C%EC%83%81%EC%9E%A5&fromDate=2023-08-01&toDate=2023-08-31,kind_listing_notice_title,official_notice_pending_isin,2026-08-14T07:26:02+00:00
PLUS 일본반도체소부장,46492,2023-08-31,2023-08-29 16:12,20230829000165,"신규상장(한화 ARIRANG 일본반도체소부장Solactive증권상장지수투자신탁(주식), 상장일 2023.08.31)",https://kind.krx.co.kr/disclosure/disclosurebystocktype.do?method=searchDisclosureByStockTypeEtfSub&forward=disclosurebystocktype_etf_sub&currentPageSize=100&pageIndex=1&orderMode=1&orderStat=D&etfIsuSrtCd=&reportCd=&reportTmp=&etfIsuSrtNm=&reportNm=%EC%8B%A0%EA%B7%9C%EC%83%81%EC%9E%A5&fromDate=2023-08-01&toDate=2023-08-31,kind_listing_notice_title,official_notice_pending_isin,2026-08-14T07:26:02+00:00
RISE 2차전지TOP10,46533,2023-09-12,2023-09-08 16:05,20230908000164,"신규상장(KB KBSTAR 2차전지TOP10 iSelect증권상장지수투자신탁(주식), 상장일 2023.09.12)",https://kind.krx.co.kr/disclosure/disclosurebystocktype.do?method=searchDisclosureByStockTypeEtfSub&forward=disclosurebystocktype_etf_sub&currentPageSize=100&pageIndex=1&orderMode=1&orderStat=D&etfIsuSrtCd=&reportCd=&reportTmp=&etfIsuSrtNm=&reportNm=%EC%8B%A0%EA%B7%9C%EC%83%81%EC%9E%A5&fromDate=2023-09-01&toDate=2023-09-30,kind_listing_notice_title,official_notice_pending_isin,2026-08-14T07:26:02+00:00
RISE 2차전지TOP10인버스(합성),46535,2023-09-12,2023-09-08 16:05,20230908000165,"신규상장(KB KBSTAR 2차전지TOP10인버스iSelect증권상장지수투자신탁(주식-파생형)(합성), 상장일 2023.09.12)",https://kind.krx.co.kr/disclosure/disclosurebystocktype.do?method=searchDisclosureByStockTypeEtfSub&forward=disclosurebystocktype_etf_sub&currentPageSize=100&pageIndex=1&orderMode=1&orderStat=D&etfIsuSrtCd=&reportCd=&reportTmp=&etfIsuSrtNm=&reportNm=%EC%8B%A0%EA%B7%9C%EC%83%81%EC%9E%A5&fromDate=2023-09-01&toDate=2023-09-30,kind_listing_notice_title,official_notice_pending_isin,2026-08-14T07:26:02+00:00
ACE 미국빅테크TOP7 Plus,46558,2023-09-12,2023-09-08 16:06,20230908000408,"신규상장(한국투자 ACE 미국빅테크TOP7 Plus증권상장지수투자신탁(주식), 상장일 2023.09.12)",https://kind.krx.co.kr/disclosure/disclosurebystocktype.do?method=searchDisclosureByStockTypeEtfSub&forward=disclosurebystocktype_etf_sub&currentPageSize=100&pageIndex=1&orderMode=1&orderStat=D&etfIsuSrtCd=&reportCd=&reportTmp=&etfIsuSrtNm=&reportNm=%EC%8B%A0%EA%B7%9C%EC%83%81%EC%9E%A5&fromDate=2023-09-01&toDate=2023-09-30,kind_listing_notice_title,official_notice_pending_isin,2026-08-14T07:26:02+00:00
ACE 미국빅테크TOP7 Plus레버리지(합성),46561,2023-09-12,2023-09-08 16:06,20230908000411,"신규상장(한국투자 ACE 미국빅테크TOP7 Plus레버리지증권상장지수투자신탁(주식-파생형)(합성), 상장일 2023.09.12)",https://kind.krx.co.kr/disclosure/disclosurebystocktype.do?method=searchDisclosureByStockTypeEtfSub&forward=disclosurebystocktype_etf_sub&currentPageSize=100&pageIndex=1&orderMode=1&orderStat=D&etfIsuSrtCd=&reportCd=&reportTmp=&etfIsuSrtNm=&reportNm=%EC%8B%A0%EA%B7%9C%EC%83%81%EC%9E%A5&fromDate=2023-09-01&toDate=2023-09-30,kind_listing_notice_title,official_notice_pending_isin,2026-08-14T07:26:02+00:00
ACE 미국빅테크TOP7 Plus인버스(합성),46562,2023-09-12,2023-09-08 16:06,20230908000413,"신규상장(한국투자 ACE 미국빅테크TOP7 Plus인버스증권상장지수투자신탁(주식-파생형)(합성), 상장일 2023.09.12)",https://kind.krx.co.kr/disclosure/disclosurebystocktype.do?method=searchDisclosureByStockTypeEtfSub&forward=disclosurebystocktype_etf_sub&currentPageSize=100&pageIndex=1&orderMode=1&orderStat=D&etfIsuSrtCd=&reportCd=&reportTmp=&etfIsuSrtNm=&reportNm=%EC%8B%A0%EA%B7%9C%EC%83%81%EC%9E%A5&fromDate=2023-09-01&toDate=2023-09-30,kind_listing_notice_title,official_notice_pending_isin,2026-08-14T07:26:02+00:00
KODEX 24-12 은행채(AA+이상)액티브,46568,2023-09-12,2023-09-08 16:21,20230908000578,"신규상장(삼성 KODEX 24-12 은행채(AA+이상)액티브증권상장지수투자신탁[채권], 상장일 2023.09.12)",https://kind.krx.co.kr/disclosure/disclosurebystocktype.do?method=searchDisclosureByStockTypeEtfSub&forward=disclosurebystocktype_etf_sub&currentPageSize=100&pageIndex=1&orderMode=1&orderStat=D&etfIsuSrtCd=&reportCd=&reportTmp=&etfIsuSrtNm=&reportNm=%EC%8B%A0%EA%B7%9C%EC%83%81%EC%9E%A5&fromDate=2023-09-01&toDate=2023-09-30,kind_listing_notice_title,official_notice_pending_isin,2026-08-14T07:26:02+00:00
1Q 25-08 회사채(A+이상)액티브,46640,2023-09-19,2023-09-15 14:58,20230915000085,"신규상장(하나UBS KTOP 25-08 회사채(A+이상)액티브증권상장지수투자신탁(채권), 상장일 2023.09.19)",https://kind.krx.co.kr/disclosure/disclosurebystocktype.do?method=searchDisclosureByStockTypeEtfSub&forward=disclosurebystocktype_etf_sub&currentPageSize=100&pageIndex=1&orderMode=1&orderStat=D&etfIsuSrtCd=&reportCd=&reportTmp=&etfIsuSrtNm=&reportNm=%EC%8B%A0%EA%B7%9C%EC%83%81%EC%9E%A5&fromDate=2023-09-01&toDate=2023-09-30,kind_listing_notice_title,official_notice_pending_isin,2026-08-14T07:26:02+00:00
TIGER 미국캐시카우100,46567,2023-09-19,2023-09-15 14:58,20230915000160,"신규상장(미래에셋 TIGER 미국캐시카우100증권상장지수투자신탁(주식), 상장일 2023.09.19)",https://kind.krx.co.kr/disclosure/disclosurebystocktype.do?method=searchDisclosureByStockTypeEtfSub&forward=disclosurebystocktype_etf_sub&currentPageSize=100&pageIndex=1&orderMode=1&orderStat=D&etfIsuSrtCd=&reportCd=&reportTmp=&etfIsuSrtNm=&reportNm=%EC%8B%A0%EA%B7%9C%EC%83%81%EC%9E%A5&fromDate=2023-09-01&toDate=2023-09-30,kind_listing_notice_title,official_notice_pending_isin,2026-08-14T07:26:02+00:00
TIGER 일본반도체FACTSET,46566,2023-09-19,2023-09-15 14:59,20230915000162,"신규상장(미래에셋 TIGER 일본반도체FACTSET증권상장지수투자신탁(주식), 상장일 2023.09.19)",https://kind.krx.co.kr/disclosure/disclosurebystocktype.do?method=searchDisclosureByStockTypeEtfSub&forward=disclosurebystocktype_etf_sub&currentPageSize=100&pageIndex=1&orderMode=1&orderStat=D&etfIsuSrtCd=&reportCd=&reportTmp=&etfIsuSrtNm=&reportNm=%EC%8B%A0%EA%B7%9C%EC%83%81%EC%9E%A5&fromDate=2023-09-01&toDate=2023-09-30,kind_listing_notice_title,official_notice_pending_isin,2026-08-14T07:26:02+00:00
마이티 26-09 특수채(AAA)액티브,46578,2023-09-21,2023-09-19 11:25,20230919000070,"신규상장(DB 마이티 26-09 특수채(AAA)액티브증권상장지수투자신탁[채권], 상장일 2023.09.21)",https://kind.krx.co.kr/disclosure/disclosurebystocktype.do?method=searchDisclosureByStockTypeEtfSub&forward=disclosurebystocktype_etf_sub&currentPageSize=100&pageIndex=1&orderMode=1&orderStat=D&etfIsuSrtCd=&reportCd=&reportTmp=&etfIsuSrtNm=&reportNm=%EC%8B%A0%EA%B7%9C%EC%83%81%EC%9E%A5&fromDate=2023-09-01&toDate=2023-09-30,kind_listing_notice_title,official_notice_pending_isin,2026-08-14T07:26:02+00:00
SOL 자동차TOP3플러스,46693,2023-10-05,2023-09-27 15:28,20230927000444,"신규상장(신한 SOL 자동차TOP3플러스증권상장지수투자신탁[주식], 상장일 2023.10.05)",https://kind.krx.co.kr/disclosure/disclosurebystocktype.do?method=searchDisclosureByStockTypeEtfSub&forward=disclosurebystocktype_etf_sub&currentPageSize=100&pageIndex=1&orderMode=1&orderStat=D&etfIsuSrtCd=&reportCd=&reportTmp=&etfIsuSrtNm=&reportNm=%EC%8B%A0%EA%B7%9C%EC%83%81%EC%9E%A5&fromDate=2023-09-01&toDate=2023-09-30,kind_listing_notice_title,official_notice_pending_isin,2026-08-14T07:26:02+00:00
SOL 조선TOP3플러스,46692,2023-10-05,2023-09-27 15:28,20230927000445,"신규상장(신한 SOL 조선TOP3플러스증권상장지수투자신탁[주식], 상장일 2023.10.05)",https://kind.krx.co.kr/disclosure/disclosurebystocktype.do?method=searchDisclosureByStockTypeEtfSub&forward=disclosurebystocktype_etf_sub&currentPageSize=100&pageIndex=1&orderMode=1&orderStat=D&etfIsuSrtCd=&reportCd=&reportTmp=&etfIsuSrtNm=&reportNm=%EC%8B%A0%EA%B7%9C%EC%83%81%EC%9E%A5&fromDate=2023-09-01&toDate=2023-09-30,kind_listing_notice_title,official_notice_pending_isin,2026-08-14T07:26:02+00:00
TIGER 글로벌AI액티브,46695,2023-10-11,2023-10-06 17:41,20231006000391,"신규상장(미래에셋 TIGER 글로벌AI액티브증권상장지수투자신탁(주식), 상장일 2023.10.11)",https://kind.krx.co.kr/disclosure/disclosurebystocktype.do?method=searchDisclosureByStockTypeEtfSub&forward=disclosurebystocktype_etf_sub&currentPageSize=100&pageIndex=1&orderMode=1&orderStat=D&etfIsuSrtCd=&reportCd=&reportTmp=&etfIsuSrtNm=&reportNm=%EC%8B%A0%EA%B7%9C%EC%83%81%EC%9E%A5&fromDate=2023-10-01&toDate=2023-10-31,kind_listing_notice_title,official_notice_pending_isin,2026-08-14T07:26:02+00:00
KODEX 25-11 회사채(A+이상)액티브,46794,2023-10-11,2023-10-06 17:41,20231006000443,"신규상장(삼성 KODEX 25-11 회사채(A+이상)액티브증권상장지수투자신탁[채권], 상장일 2023.10.11)",https://kind.krx.co.kr/disclosure/disclosurebystocktype.do?method=searchDisclosureByStockTypeEtfSub&forward=disclosurebystocktype_etf_sub&currentPageSize=100&pageIndex=1&orderMode=1&orderStat=D&etfIsuSrtCd=&reportCd=&reportTmp=&etfIsuSrtNm=&reportNm=%EC%8B%A0%EA%B7%9C%EC%83%81%EC%9E%A5&fromDate=2023-10-01&toDate=2023-10-31,kind_listing_notice_title,official_notice_pending_isin,2026-08-14T07:26:02+00:00
ACE 포스코그룹포커스,46917,2023-10-17,2023-10-13 17:28,20231013000159,"신규상장(한국투자 ACE 포스코그룹포커스증권상장지수투자신탁(주식), 상장일 2023.10.17)",https://kind.krx.co.kr/disclosure/disclosurebystocktype.do?method=searchDisclosureByStockTypeEtfSub&forward=disclosurebystocktype_etf_sub&currentPageSize=100&pageIndex=1&orderMode=1&orderStat=D&etfIsuSrtCd=&reportCd=&reportTmp=&etfIsuSrtNm=&reportNm=%EC%8B%A0%EA%B7%9C%EC%83%81%EC%9E%A5&fromDate=2023-10-01&toDate=2023-10-31,kind_listing_notice_title,official_notice_pending_isin,2026-08-14T07:26:02+00:00
ACE 일본반도체,46916,2023-10-17,2023-10-13 17:28,20231013000162,"신규상장(한국투자 ACE 일본반도체증권상장지수투자신탁(주식), 상장일 2023.10.17)",https://kind.krx.co.kr/disclosure/disclosurebystocktype.do?method=searchDisclosureByStockTypeEtfSub&forward=disclosurebystocktype_etf_sub&currentPageSize=100&pageIndex=1&orderMode=1&orderStat=D&etfIsuSrtCd=&reportCd=&reportTmp=&etfIsuSrtNm=&reportNm=%EC%8B%A0%EA%B7%9C%EC%83%81%EC%9E%A5&fromDate=2023-10-01&toDate=2023-10-31,kind_listing_notice_title,official_notice_pending_isin,2026-08-14T07:26:02+00:00
ACE AI반도체TOP3+,46915,2023-10-17,2023-10-13 17:27,20231013000164,"신규상장(한국투자 ACE AI반도체포커스증권상장지수투자신탁(주식), 상장일 2023.10.17)",https://kind.krx.co.kr/disclosure/disclosurebystocktype.do?method=searchDisclosureByStockTypeEtfSub&forward=disclosurebystocktype_etf_sub&currentPageSize=100&pageIndex=1&orderMode=1&orderStat=D&etfIsuSrtCd=&reportCd=&reportTmp=&etfIsuSrtNm=&reportNm=%EC%8B%A0%EA%B7%9C%EC%83%81%EC%9E%A5&fromDate=2023-10-01&toDate=2023-10-31,kind_listing_notice_title,official_notice_pending_isin,2026-08-14T07:26:02+00:00
KIWOOM 25-09 미국채권(AA-이상)액티브,46762,2023-10-17,2023-10-13 17:27,20231013000493,"신규상장(키움 히어로즈 25-09 미국달러채권(AA-이상)액티브증권상장지수투자신탁[채권], 상장일 2023.10.17)",https://kind.krx.co.kr/disclosure/disclosurebystocktype.do?method=searchDisclosureByStockTypeEtfSub&forward=disclosurebystocktype_etf_sub&currentPageSize=100&pageIndex=1&orderMode=1&orderStat=D&etfIsuSrtCd=&reportCd=&reportTmp=&etfIsuSrtNm=&reportNm=%EC%8B%A0%EA%B7%9C%EC%83%81%EC%9E%A5&fromDate=2023-10-01&toDate=2023-10-31,kind_listing_notice_title,official_notice_pending_isin,2026-08-14T07:26:02+00:00
TIGER 은행고배당플러스TOP10,46694,2023-10-17,2023-10-13 17:27,20231013000495,"신규상장(미래에셋 TIGER 은행고배당플러스TOP10증권상장지수투자신탁(주식), 상장일 2023.10.17)",https://kind.krx.co.kr/disclosure/disclosurebystocktype.do?method=searchDisclosureByStockTypeEtfSub&forward=disclosurebystocktype_etf_sub&currentPageSize=100&pageIndex=1&orderMode=1&orderStat=D&etfIsuSrtCd=&reportCd=&reportTmp=&etfIsuSrtNm=&reportNm=%EC%8B%A0%EA%B7%9C%EC%83%81%EC%9E%A5&fromDate=2023-10-01&toDate=2023-10-31,kind_listing_notice_title,official_notice_pending_isin,2026-08-14T07:26:02+00:00
KODEX iShares미국하이일드액티브,46838,2023-10-19,2023-10-17 17:21,20231017000453,"신규상장(삼성 KODEX iShares미국하이일드액티브증권상장지수투자신탁[채권-파생재간접형], 상장일 2023.10.19)",https://kind.krx.co.kr/disclosure/disclosurebystocktype.do?method=searchDisclosureByStockTypeEtfSub&forward=disclosurebystocktype_etf_sub&currentPageSize=100&pageIndex=1&orderMode=1&orderStat=D&etfIsuSrtCd=&reportCd=&reportTmp=&etfIsuSrtNm=&reportNm=%EC%8B%A0%EA%B7%9C%EC%83%81%EC%9E%A5&fromDate=2023-10-01&toDate=2023-10-31,kind_listing_notice_title,official_notice_pending_isin,2026-08-14T07:26:02+00:00
KODEX iShares미국인플레이션국채액티브,46837,2023-10-19,2023-10-17 17:21,20231017000456,"신규상장(삼성KODEX iShares미국인플레이션국채액티브증권상장지수투자신탁[채권-파생재간접형], 상장일 2023.10.19)",https://kind.krx.co.kr/disclosure/disclosurebystocktype.do?method=searchDisclosureByStockTypeEtfSub&forward=disclosurebystocktype_etf_sub&currentPageSize=100&pageIndex=1&orderMode=1&orderStat=D&etfIsuSrtCd=&reportCd=&reportTmp=&etfIsuSrtNm=&reportNm=%EC%8B%A0%EA%B7%9C%EC%83%81%EC%9E%A5&fromDate=2023-10-01&toDate=2023-10-31,kind_listing_notice_title,official_notice_pending_isin,2026-08-14T07:26:02+00:00
KODEX iShares미국투자등급회사채액티브,46863,2023-10-19,2023-10-17 17:20,20231017000459,"신규상장(삼성KODEX iShares미국투자등급회사채액티브증권상장지수투자신탁[채권-파생재간접형], 상장일 2023.10.19)",https://kind.krx.co.kr/disclosure/disclosurebystocktype.do?method=searchDisclosureByStockTypeEtfSub&forward=disclosurebystocktype_etf_sub&currentPageSize=100&pageIndex=1&orderMode=1&orderStat=D&etfIsuSrtCd=&reportCd=&reportTmp=&etfIsuSrtNm=&reportNm=%EC%8B%A0%EA%B7%9C%EC%83%81%EC%9E%A5&fromDate=2023-10-01&toDate=2023-10-31,kind_listing_notice_title,official_notice_pending_isin,2026-08-14T07:26:02+00:00
BNK 2차전지양극재,46681,2023-10-19,2023-10-17 17:20,20231017000461,"신규상장(BNK BNK 2차전지양극재증권상장지수투자신탁(주식), 상장일 2023.10.19)",https://kind.krx.co.kr/disclosure/disclosurebystocktype.do?method=searchDisclosureByStockTypeEtfSub&forward=disclosurebystocktype_etf_sub&currentPageSize=100&pageIndex=1&orderMode=1&orderStat=D&etfIsuSrtCd=&reportCd=&reportTmp=&etfIsuSrtNm=&reportNm=%EC%8B%A0%EA%B7%9C%EC%83%81%EC%9E%A5&fromDate=2023-10-01&toDate=2023-10-31,kind_listing_notice_title,official_notice_pending_isin,2026-08-14T07:26:02+00:00
WON 25-09 회사채(AA-이상)액티브,46882,2023-10-19,2023-10-17 17:20,20231017000463,"신규상장(우리 WOORI 25-09 회사채(AA-이상)액티브증권상장지수투자신탁(채권), 상장일 2023.10.19)",https://kind.krx.co.kr/disclosure/disclosurebystocktype.do?method=searchDisclosureByStockTypeEtfSub&forward=disclosurebystocktype_etf_sub&currentPageSize=100&pageIndex=1&orderMode=1&orderStat=D&etfIsuSrtCd=&reportCd=&reportTmp=&etfIsuSrtNm=&reportNm=%EC%8B%A0%EA%B7%9C%EC%83%81%EC%9E%A5&fromDate=2023-10-01&toDate=2023-10-31,kind_listing_notice_title,official_notice_pending_isin,2026-08-14T07:26:02+00:00
RISE AI&로봇,46907,2023-10-24,2023-10-20 16:05,20231020000370,"신규상장(KB KBSTAR AI&로봇증권상장지수투자신탁(주식), 상장일 2023.10.24)",https://kind.krx.co.kr/disclosure/disclosurebystocktype.do?method=searchDisclosureByStockTypeEtfSub&forward=disclosurebystocktype_etf_sub&currentPageSize=100&pageIndex=1&orderMode=1&orderStat=D&etfIsuSrtCd=&reportCd=&reportTmp=&etfIsuSrtNm=&reportNm=%EC%8B%A0%EA%B7%9C%EC%83%81%EC%9E%A5&fromDate=2023-10-01&toDate=2023-10-31,kind_listing_notice_title,official_notice_pending_isin,2026-08-14T07:26:02+00:00
RISE 미국반도체NYSE,46906,2023-10-24,2023-10-20 16:05,20231020000374,"신규상장(KB KBSTAR 미국반도체ICE증권상장지수투자신탁(주식), 상장일 2023.10.24)",https://kind.krx.co.kr/disclosure/disclosurebystocktype.do?method=searchDisclosureByStockTypeEtfSub&forward=disclosurebystocktype_etf_sub&currentPageSize=100&pageIndex=1&orderMode=1&orderStat=D&etfIsuSrtCd=&reportCd=&reportTmp=&etfIsuSrtNm=&reportNm=%EC%8B%A0%EA%B7%9C%EC%83%81%EC%9E%A5&fromDate=2023-10-01&toDate=2023-10-31,kind_listing_notice_title,official_notice_pending_isin,2026-08-14T07:26:02+00:00
RISE 미국반도체NYSE(H),46905,2023-10-24,2023-10-20 16:05,20231020000377,"신규상장(KB KBSTAR 미국반도체ICE증권상장지수투자신탁(주식)(H), 상장일 2023.10.24)",https://kind.krx.co.kr/disclosure/disclosurebystocktype.do?method=searchDisclosureByStockTypeEtfSub&forward=disclosurebystocktype_etf_sub&currentPageSize=100&pageIndex=1&orderMode=1&orderStat=D&etfIsuSrtCd=&reportCd=&reportTmp=&etfIsuSrtNm=&reportNm=%EC%8B%A0%EA%B7%9C%EC%83%81%EC%9E%A5&fromDate=2023-10-01&toDate=2023-10-31,kind_listing_notice_title,official_notice_pending_isin,2026-08-14T07:26:02+00:00
KIWOOM 코스닥글로벌,46754,2023-10-24,2023-10-20 16:05,20231020000383,"신규상장(키움 KOSEF 코스닥글로벌증권상장지수투자신탁[주식], 상장일 2023.10.24)",https://kind.krx.co.kr/disclosure/disclosurebystocktype.do?method=searchDisclosureByStockTypeEtfSub&forward=disclosurebystocktype_etf_sub&currentPageSize=100&pageIndex=1&orderMode=1&orderStat=D&etfIsuSrtCd=&reportCd=&reportTmp=&etfIsuSrtNm=&reportNm=%EC%8B%A0%EA%B7%9C%EC%83%81%EC%9E%A5&fromDate=2023-10-01&toDate=2023-10-31,kind_listing_notice_title,official_notice_pending_isin,2026-08-14T07:26:02+00:00
HANARO 종합채권(AA-이상)액티브,46150,2023-10-26,2023-10-25 14:27,20231025000260,"신규상장(NH-Amundi HANARO 종합채권(AA-이상)액티브증권상장지수투자신탁(채권), 상장일 2023.10.26)",https://kind.krx.co.kr/disclosure/disclosurebystocktype.do?method=searchDisclosureByStockTypeEtfSub&forward=disclosurebystocktype_etf_sub&currentPageSize=100&pageIndex=1&orderMode=1&orderStat=D&etfIsuSrtCd=&reportCd=&reportTmp=&etfIsuSrtNm=&reportNm=%EC%8B%A0%EA%B7%9C%EC%83%81%EC%9E%A5&fromDate=2023-10-01&toDate=2023-10-31,kind_listing_notice_title,official_notice_pending_isin,2026-08-14T07:26:02+00:00
KIWOOM 코리아테크TOP10,46979,2023-10-31,2023-10-27 11:23,20231027000171,"신규상장(키움 KOSEF K-테크TOP10증권상장지수투자신탁[주식], 상장일 2023.10.31)",https://kind.krx.co.kr/disclosure/disclosurebystocktype.do?method=searchDisclosureByStockTypeEtfSub&forward=disclosurebystocktype_etf_sub&currentPageSize=100&pageIndex=1&orderMode=1&orderStat=D&etfIsuSrtCd=&reportCd=&reportTmp=&etfIsuSrtNm=&reportNm=%EC%8B%A0%EA%B7%9C%EC%83%81%EC%9E%A5&fromDate=2023-10-01&toDate=2023-10-31,kind_listing_notice_title,official_notice_pending_isin,2026-08-14T07:26:02+00:00
SOL 초단기채권액티브,46983,2023-11-07,2023-11-03 14:48,20231103000067,"신규상장(신한 SOL 초단기채권액티브증권상장지수투자신탁[채권], 상장일 2023.11.07)",https://kind.krx.co.kr/disclosure/disclosurebystocktype.do?method=searchDisclosureByStockTypeEtfSub&forward=disclosurebystocktype_etf_sub&currentPageSize=100&pageIndex=1&orderMode=1&orderStat=D&etfIsuSrtCd=&reportCd=&reportTmp=&etfIsuSrtNm=&reportNm=%EC%8B%A0%EA%B7%9C%EC%83%81%EC%9E%A5&fromDate=2023-11-01&toDate=2023-11-30,kind_listing_notice_title,official_notice_pending_isin,2026-08-14T07:26:02+00:00
SOL 24-12 회사채(AA-이상)액티브,46982,2023-11-07,2023-11-03 14:48,20231103000068,"신규상장(신한 SOL 24-12 회사채(AA-이상)액티브증권상장지수투자신탁[채권], 상장일 2023.11.07)",https://kind.krx.co.kr/disclosure/disclosurebystocktype.do?method=searchDisclosureByStockTypeEtfSub&forward=disclosurebystocktype_etf_sub&currentPageSize=100&pageIndex=1&orderMode=1&orderStat=D&etfIsuSrtCd=&reportCd=&reportTmp=&etfIsuSrtNm=&reportNm=%EC%8B%A0%EA%B7%9C%EC%83%81%EC%9E%A5&fromDate=2023-11-01&toDate=2023-11-30,kind_listing_notice_title,official_notice_pending_isin,2026-08-14T07:26:02+00:00
KIWOOM 국고채30년액티브,47146,2023-11-07,2023-11-03 13:18,20231103000073,"신규상장(키움 히어로즈 국고채30년액티브증권상장지수투자신탁[채권], 상장일 2023.11.07)",https://kind.krx.co.kr/disclosure/disclosurebystocktype.do?method=searchDisclosureByStockTypeEtfSub&forward=disclosurebystocktype_etf_sub&currentPageSize=100&pageIndex=1&orderMode=1&orderStat=D&etfIsuSrtCd=&reportCd=&reportTmp=&etfIsuSrtNm=&reportNm=%EC%8B%A0%EA%B7%9C%EC%83%81%EC%9E%A5&fromDate=2023-11-01&toDate=2023-11-30,kind_listing_notice_title,official_notice_pending_isin,2026-08-14T07:26:02+00:00
RISE 미국달러선물인버스,46953,2023-11-09,2023-11-07 15:18,20231107000411,"신규상장(KB KBSTAR 미국달러선물인버스특별자산상장지수투자신탁(미국달러-파생형), 상장일 2023.11.09)",https://kind.krx.co.kr/disclosure/disclosurebystocktype.do?method=searchDisclosureByStockTypeEtfSub&forward=disclosurebystocktype_etf_sub&currentPageSize=100&pageIndex=1&orderMode=1&orderStat=D&etfIsuSrtCd=&reportCd=&reportTmp=&etfIsuSrtNm=&reportNm=%EC%8B%A0%EA%B7%9C%EC%83%81%EC%9E%A5&fromDate=2023-11-01&toDate=2023-11-30,kind_listing_notice_title,official_notice_pending_isin,2026-08-14T07:26:02+00:00
RISE KP달러채권액티브,46958,2023-11-09,2023-11-07 15:18,20231107000412,"신규상장(KB KBSTAR KP달러채권액티브증권상장지수투자신탁(채권), 상장일 2023.11.09)",https://kind.krx.co.kr/disclosure/disclosurebystocktype.do?method=searchDisclosureByStockTypeEtfSub&forward=disclosurebystocktype_etf_sub&currentPageSize=100&pageIndex=1&orderMode=1&orderStat=D&etfIsuSrtCd=&reportCd=&reportTmp=&etfIsuSrtNm=&reportNm=%EC%8B%A0%EA%B7%9C%EC%83%81%EC%9E%A5&fromDate=2023-11-01&toDate=2023-11-30,kind_listing_notice_title,official_notice_pending_isin,2026-08-14T07:26:02+00:00
HANARO CD금리액티브(합성),47129,2023-11-14,2023-11-10 17:19,20231110000235,"신규상장(NH-Amundi HANARO CD금리액티브특별자산상장지수투자신탁(금리-파생형)(합성), 상장일 2023.11.14)",https://kind.krx.co.kr/disclosure/disclosurebystocktype.do?method=searchDisclosureByStockTypeEtfSub&forward=disclosurebystocktype_etf_sub&currentPageSize=100&pageIndex=1&orderMode=1&orderStat=D&etfIsuSrtCd=&reportCd=&reportTmp=&etfIsuSrtNm=&reportNm=%EC%8B%A0%EA%B7%9C%EC%83%81%EC%9E%A5&fromDate=2023-11-01&toDate=2023-11-30,kind_listing_notice_title,official_notice_pending_isin,2026-08-14T07:26:02+00:00
KODEX 국고채10년액티브,47123,2023-11-14,2023-11-10 17:19,20231110000314,"신규상장(삼성 KODEX 국고채10년액티브증권상장지수투자신탁[채권], 상장일 2023.11.14)",https://kind.krx.co.kr/disclosure/disclosurebystocktype.do?method=searchDisclosureByStockTypeEtfSub&forward=disclosurebystocktype_etf_sub&currentPageSize=100&pageIndex=1&orderMode=1&orderStat=D&etfIsuSrtCd=&reportCd=&reportTmp=&etfIsuSrtNm=&reportNm=%EC%8B%A0%EA%B7%9C%EC%83%81%EC%9E%A5&fromDate=2023-11-01&toDate=2023-11-30,kind_listing_notice_title,official_notice_pending_isin,2026-08-14T07:26:02+00:00
BNK 24-11 회사채(AA-이상)액티브,47032,2023-11-14,2023-11-10 17:19,20231110000317,"신규상장(BNK BNK 24-11 회사채(AA-이상)액티브증권상장지수투자신탁(채권), 상장일 2023.11.14)",https://kind.krx.co.kr/disclosure/disclosurebystocktype.do?method=searchDisclosureByStockTypeEtfSub&forward=disclosurebystocktype_etf_sub&currentPageSize=100&pageIndex=1&orderMode=1&orderStat=D&etfIsuSrtCd=&reportCd=&reportTmp=&etfIsuSrtNm=&reportNm=%EC%8B%A0%EA%B7%9C%EC%83%81%EC%9E%A5&fromDate=2023-11-01&toDate=2023-11-30,kind_listing_notice_title,official_notice_pending_isin,2026-08-14T07:26:02+00:00
TIGER 24-12 금융채(AA-이상),47026,2023-11-21,2023-11-17 17:42,20231117000084,"신규상장(미래에셋 TIGER 24-12 금융채(AA-이상)증권상장지수투자신탁(채권), 상장일 2023.11.21)",https://kind.krx.co.kr/disclosure/disclosurebystocktype.do?method=searchDisclosureByStockTypeEtfSub&forward=disclosurebystocktype_etf_sub&currentPageSize=100&pageIndex=1&orderMode=1&orderStat=D&etfIsuSrtCd=&reportCd=&reportTmp=&etfIsuSrtNm=&reportNm=%EC%8B%A0%EA%B7%9C%EC%83%81%EC%9E%A5&fromDate=2023-11-01&toDate=2023-11-30,kind_listing_notice_title,official_notice_pending_isin,2026-08-14T07:26:02+00:00
TIGER AI반도체핵심공정,47176,2023-11-21,2023-11-17 17:42,20231117000085,"신규상장(미래에셋 TIGER AI반도체핵심공정증권상장지수투자신탁(주식), 상장일 2023.11.21)",https://kind.krx.co.kr/disclosure/disclosurebystocktype.do?method=searchDisclosureByStockTypeEtfSub&forward=disclosurebystocktype_etf_sub&currentPageSize=100&pageIndex=1&orderMode=1&orderStat=D&etfIsuSrtCd=&reportCd=&reportTmp=&etfIsuSrtNm=&reportNm=%EC%8B%A0%EA%B7%9C%EC%83%81%EC%9E%A5&fromDate=2023-11-01&toDate=2023-11-30,kind_listing_notice_title,official_notice_pending_isin,2026-08-14T07:26:02+00:00
KoAct 글로벌AI&로봇액티브,47104,2023-11-21,2023-11-17 17:42,20231117000137,"신규상장(삼성액티브 KoAct 글로벌AI&로봇액티브증권상장지수투자신탁[주식], 상장일 2023.11.21)",https://kind.krx.co.kr/disclosure/disclosurebystocktype.do?method=searchDisclosureByStockTypeEtfSub&forward=disclosurebystocktype_etf_sub&currentPageSize=100&pageIndex=1&orderMode=1&orderStat=D&etfIsuSrtCd=&reportCd=&reportTmp=&etfIsuSrtNm=&reportNm=%EC%8B%A0%EA%B7%9C%EC%83%81%EC%9E%A5&fromDate=2023-11-01&toDate=2023-11-30,kind_listing_notice_title,official_notice_pending_isin,2026-08-14T07:26:02+00:00
KODEX AI반도체핵심장비,47199,2023-11-21,2023-11-17 17:42,20231117000138,"신규상장(삼성 KODEX AI반도체핵심장비증권상장지수투자신탁[주식], 상장일 2023.11.21)",https://kind.krx.co.kr/disclosure/disclosurebystocktype.do?method=searchDisclosureByStockTypeEtfSub&forward=disclosurebystocktype_etf_sub&currentPageSize=100&pageIndex=1&orderMode=1&orderStat=D&etfIsuSrtCd=&reportCd=&reportTmp=&etfIsuSrtNm=&reportNm=%EC%8B%A0%EA%B7%9C%EC%83%81%EC%9E%A5&fromDate=2023-11-01&toDate=2023-11-30,kind_listing_notice_title,official_notice_pending_isin,2026-08-14T07:26:02+00:00
UNICORN 생성형AI강소기업액티브,47031,2023-11-21,2023-11-17 17:42,20231117000163,"신규상장(현대 UNICORN 생성형AI강소기업액티브증권상장지수투자신탁[주식], 상장일 2023.11.21)",https://kind.krx.co.kr/disclosure/disclosurebystocktype.do?method=searchDisclosureByStockTypeEtfSub&forward=disclosurebystocktype_etf_sub&currentPageSize=100&pageIndex=1&orderMode=1&orderStat=D&etfIsuSrtCd=&reportCd=&reportTmp=&etfIsuSrtNm=&reportNm=%EC%8B%A0%EA%B7%9C%EC%83%81%EC%9E%A5&fromDate=2023-11-01&toDate=2023-11-30,kind_listing_notice_title,official_notice_pending_isin,2026-08-14T07:26:02+00:00
HANARO 미국애그테크,47249,2023-11-28,2023-11-24 18:12,20231124000241,"신규상장(NH-Amundi HANARO 미국애그테크iSelect증권상장지수투자신탁(주식), 상장일 2023.11.28)",https://kind.krx.co.kr/disclosure/disclosurebystocktype.do?method=searchDisclosureByStockTypeEtfSub&forward=disclosurebystocktype_etf_sub&currentPageSize=100&pageIndex=1&orderMode=1&orderStat=D&etfIsuSrtCd=&reportCd=&reportTmp=&etfIsuSrtNm=&reportNm=%EC%8B%A0%EA%B7%9C%EC%83%81%EC%9E%A5&fromDate=2023-11-01&toDate=2023-11-30,kind_listing_notice_title,official_notice_pending_isin,2026-08-14T07:26:02+00:00
HK 종합채권(AA-이상)액티브,47292,2023-11-28,2023-11-24 18:12,20231124000244,"신규상장(흥국 HK 종합채권(AA-이상)액티브증권상장지수투자신탁[채권], 상장일 2023.11.28)",https://kind.krx.co.kr/disclosure/disclosurebystocktype.do?method=searchDisclosureByStockTypeEtfSub&forward=disclosurebystocktype_etf_sub&currentPageSize=100&pageIndex=1&orderMode=1&orderStat=D&etfIsuSrtCd=&reportCd=&reportTmp=&etfIsuSrtNm=&reportNm=%EC%8B%A0%EA%B7%9C%EC%83%81%EC%9E%A5&fromDate=2023-11-01&toDate=2023-11-30,kind_listing_notice_title,official_notice_pending_isin,2026-08-14T07:26:02+00:00
TIGER 코리아테크액티브,47178,2023-11-28,2023-11-27 09:14,20231127000076,"신규상장(미래에셋TIGER 코리아테크액티브증권상장지수투자신탁(주식), 상장일 2023.11.28)",https://kind.krx.co.kr/disclosure/disclosurebystocktype.do?method=searchDisclosureByStockTypeEtfSub&forward=disclosurebystocktype_etf_sub&currentPageSize=100&pageIndex=1&orderMode=1&orderStat=D&etfIsuSrtCd=&reportCd=&reportTmp=&etfIsuSrtNm=&reportNm=%EC%8B%A0%EA%B7%9C%EC%83%81%EC%9E%A5&fromDate=2023-11-01&toDate=2023-11-30,kind_listing_notice_title,official_notice_pending_isin,2026-08-14T07:26:02+00:00
TIGER 미국테크TOP10채권혼합,47217,2023-12-05,2023-12-04 09:09,20231204000129,"신규상장(미래에셋 TIGER 미국테크TOP10채권혼합증권상장지수투자신탁(채권혼합), 상장일 2023.12.05)",https://kind.krx.co.kr/disclosure/disclosurebystocktype.do?method=searchDisclosureByStockTypeEtfSub&forward=disclosurebystocktype_etf_sub&currentPageSize=100&pageIndex=1&orderMode=1&orderStat=D&etfIsuSrtCd=&reportCd=&reportTmp=&etfIsuSrtNm=&reportNm=%EC%8B%A0%EA%B7%9C%EC%83%81%EC%9E%A5&fromDate=2023-12-01&toDate=2023-12-31,kind_listing_notice_title,official_notice_pending_isin,2026-08-14T07:26:02+00:00
TIGER 미국테크TOP10 INDXX(H),47216,2023-12-05,2023-12-04 09:09,20231204000131,"신규상장(미래에셋 TIGER 미국테크TOP10INDXX증권상장지수투자신탁(주식)(H), 상장일 2023.12.05)",https://kind.krx.co.kr/disclosure/disclosurebystocktype.do?method=searchDisclosureByStockTypeEtfSub&forward=disclosurebystocktype_etf_sub&currentPageSize=100&pageIndex=1&orderMode=1&orderStat=D&etfIsuSrtCd=&reportCd=&reportTmp=&etfIsuSrtNm=&reportNm=%EC%8B%A0%EA%B7%9C%EC%83%81%EC%9E%A5&fromDate=2023-12-01&toDate=2023-12-31,kind_listing_notice_title,official_notice_pending_isin,2026-08-14T07:26:02+00:00
KODEX 26-12 회사채(AA-이상)액티브,47329,2023-12-12,2023-12-08 15:34,20231208000222,"신규상장(삼성 KODEX 26-12 회사채(AA-이상)액티브증권상장지수투자신탁[채권], 상장일 2023.12.12)",https://kind.krx.co.kr/disclosure/disclosurebystocktype.do?method=searchDisclosureByStockTypeEtfSub&forward=disclosurebystocktype_etf_sub&currentPageSize=100&pageIndex=1&orderMode=1&orderStat=D&etfIsuSrtCd=&reportCd=&reportTmp=&etfIsuSrtNm=&reportNm=%EC%8B%A0%EA%B7%9C%EC%83%81%EC%9E%A5&fromDate=2023-12-01&toDate=2023-12-31,kind_listing_notice_title,official_notice_pending_isin,2026-08-14T07:26:02+00:00
TIGER 배당커버드콜액티브,47215,2023-12-12,2023-12-08 15:34,20231208000306,"신규상장(미래에셋 TIGER 배당프리미엄액티브증권상장지수투자신탁(주식), 상장일 2023.12.12)",https://kind.krx.co.kr/disclosure/disclosurebystocktype.do?method=searchDisclosureByStockTypeEtfSub&forward=disclosurebystocktype_etf_sub&currentPageSize=100&pageIndex=1&orderMode=1&orderStat=D&etfIsuSrtCd=&reportCd=&reportTmp=&etfIsuSrtNm=&reportNm=%EC%8B%A0%EA%B7%9C%EC%83%81%EC%9E%A5&fromDate=2023-12-01&toDate=2023-12-31,kind_listing_notice_title,official_notice_pending_isin,2026-08-14T07:26:02+00:00
1Q 차이나H(H),47235,2023-12-12,2023-12-08 15:35,20231208000307,"신규상장(하나 KTOP 차이나H증권상장지수투자신탁[주식](H), 상장일 2023.12.12)",https://kind.krx.co.kr/disclosure/disclosurebystocktype.do?method=searchDisclosureByStockTypeEtfSub&forward=disclosurebystocktype_etf_sub&currentPageSize=100&pageIndex=1&orderMode=1&orderStat=D&etfIsuSrtCd=&reportCd=&reportTmp=&etfIsuSrtNm=&reportNm=%EC%8B%A0%EA%B7%9C%EC%83%81%EC%9E%A5&fromDate=2023-12-01&toDate=2023-12-31,kind_listing_notice_title,official_notice_pending_isin,2026-08-14T07:26:02+00:00
RISE 미국30년국채커버드콜(합성),47283,2023-12-14,2023-12-12 18:01,20231212000065,"신규상장(KB KBSTAR 미국채30년커버드콜증권상장지수투자신탁(채권-파생형)(합성), 상장일 2023.12.14)",https://kind.krx.co.kr/disclosure/disclosurebystocktype.do?method=searchDisclosureByStockTypeEtfSub&forward=disclosurebystocktype_etf_sub&currentPageSize=100&pageIndex=1&orderMode=1&orderStat=D&etfIsuSrtCd=&reportCd=&reportTmp=&etfIsuSrtNm=&reportNm=%EC%8B%A0%EA%B7%9C%EC%83%81%EC%9E%A5&fromDate=2023-12-01&toDate=2023-12-31,kind_listing_notice_title,official_notice_pending_isin,2026-08-14T07:26:02+00:00
TRUSTON 주주가치액티브,47272,2023-12-14,2023-12-12 18:01,20231212000568,"신규상장(트러스톤 TRUSTON 주주가치액티브증권상장지수투자신탁[주식], 상장일 2023.12.14)",https://kind.krx.co.kr/disclosure/disclosurebystocktype.do?method=searchDisclosureByStockTypeEtfSub&forward=disclosurebystocktype_etf_sub&currentPageSize=100&pageIndex=1&orderMode=1&orderStat=D&etfIsuSrtCd=&reportCd=&reportTmp=&etfIsuSrtNm=&reportNm=%EC%8B%A0%EA%B7%9C%EC%83%81%EC%9E%A5&fromDate=2023-12-01&toDate=2023-12-31,kind_listing_notice_title,official_notice_pending_isin,2026-08-14T07:26:02+00:00
ACE 11월만기자동연장회사채AA-이상액티브,47344,2023-12-19,2023-12-15 14:06,20231215000055,"신규상장(한국투자 ACE 11월만기자동연장회사채AA-이상액티브증권상장지수투자신탁(채권), 상장일 2023.12.19)",https://kind.krx.co.kr/disclosure/disclosurebystocktype.do?method=searchDisclosureByStockTypeEtfSub&forward=disclosurebystocktype_etf_sub&currentPageSize=100&pageIndex=1&orderMode=1&orderStat=D&etfIsuSrtCd=&reportCd=&reportTmp=&etfIsuSrtNm=&reportNm=%EC%8B%A0%EA%B7%9C%EC%83%81%EC%9E%A5&fromDate=2023-12-01&toDate=2023-12-31,kind_listing_notice_title,official_notice_pending_isin,2026-08-14T07:26:02+00:00
IBK 200,47284,2023-12-21,2023-12-19 16:18,20231219000227,"신규상장(IBK ITF 200증권상장지수투자신탁[주식], 상장일 2023.12.21)",https://kind.krx.co.kr/disclosure/disclosurebystocktype.do?method=searchDisclosureByStockTypeEtfSub&forward=disclosurebystocktype_etf_sub&currentPageSize=100&pageIndex=1&orderMode=1&orderStat=D&etfIsuSrtCd=&reportCd=&reportTmp=&etfIsuSrtNm=&reportNm=%EC%8B%A0%EA%B7%9C%EC%83%81%EC%9E%A5&fromDate=2023-12-01&toDate=2023-12-31,kind_listing_notice_title,official_notice_pending_isin,2026-08-14T07:26:02+00:00
KIWOOM 글로벌AI반도체,47349,2023-12-21,2023-12-19 16:18,20231219000228,"신규상장(키움 KOSEF 글로벌AI반도체증권상장지수투자신탁[주식], 상장일 2023.12.21)",https://kind.krx.co.kr/disclosure/disclosurebystocktype.do?method=searchDisclosureByStockTypeEtfSub&forward=disclosurebystocktype_etf_sub&currentPageSize=100&pageIndex=1&orderMode=1&orderStat=D&etfIsuSrtCd=&reportCd=&reportTmp=&etfIsuSrtNm=&reportNm=%EC%8B%A0%EA%B7%9C%EC%83%81%EC%9E%A5&fromDate=2023-12-01&toDate=2023-12-31,kind_listing_notice_title,official_notice_pending_isin,2026-08-14T07:26:02+00:00
HANARO K-메디테크,47338,2023-12-21,2023-12-19 16:18,20231219000229,"신규상장(NH-Amundi HANARO K-메디테크 증권상장지수투자신탁(주식), 상장일 2023.12.21)",https://kind.krx.co.kr/disclosure/disclosurebystocktype.do?method=searchDisclosureByStockTypeEtfSub&forward=disclosurebystocktype_etf_sub&currentPageSize=100&pageIndex=1&orderMode=1&orderStat=D&etfIsuSrtCd=&reportCd=&reportTmp=&etfIsuSrtNm=&reportNm=%EC%8B%A0%EA%B7%9C%EC%83%81%EC%9E%A5&fromDate=2023-12-01&toDate=2023-12-31,kind_listing_notice_title,official_notice_pending_isin,2026-08-14T07:26:02+00:00
KIWOOM 글로벌전력반도체,47350,2023-12-21,2023-12-19 16:18,20231219000230,"신규상장(키움 KOSEF 글로벌전력반도체증권상장지수투자신탁[주식], 상장일 2023.12.21)",https://kind.krx.co.kr/disclosure/disclosurebystocktype.do?method=searchDisclosureByStockTypeEtfSub&forward=disclosurebystocktype_etf_sub&currentPageSize=100&pageIndex=1&orderMode=1&orderStat=D&etfIsuSrtCd=&reportCd=&reportTmp=&etfIsuSrtNm=&reportNm=%EC%8B%A0%EA%B7%9C%EC%83%81%EC%9E%A5&fromDate=2023-12-01&toDate=2023-12-31,kind_listing_notice_title,official_notice_pending_isin,2026-08-14T07:26:02+00:00
SOL 미국30년국채커버드콜(합성),47333,2023-12-27,2023-12-22 13:17,20231222000075,"신규상장(신한 SOL 미국30년국채커버드콜증권상장지수투자신탁[채권-파생형](합성), 상장일 2023.12.27)",https://kind.krx.co.kr/disclosure/disclosurebystocktype.do?method=searchDisclosureByStockTypeEtfSub&forward=disclosurebystocktype_etf_sub&currentPageSize=100&pageIndex=1&orderMode=1&orderStat=D&etfIsuSrtCd=&reportCd=&reportTmp=&etfIsuSrtNm=&reportNm=%EC%8B%A0%EA%B7%9C%EC%83%81%EC%9E%A5&fromDate=2023-12-01&toDate=2023-12-31,kind_listing_notice_title,official_notice_pending_isin,2026-08-14T07:26:02+00:00
KODEX 미국서학개미,47346,2023-12-27,2023-12-22 13:17,20231222000078,"신규상장(삼성 KODEX 미국서학개미증권상장지수투자신탁[주식], 상장일 2023.12.27)",https://kind.krx.co.kr/disclosure/disclosurebystocktype.do?method=searchDisclosureByStockTypeEtfSub&forward=disclosurebystocktype_etf_sub&currentPageSize=100&pageIndex=1&orderMode=1&orderStat=D&etfIsuSrtCd=&reportCd=&reportTmp=&etfIsuSrtNm=&reportNm=%EC%8B%A0%EA%B7%9C%EC%83%81%EC%9E%A5&fromDate=2023-12-01&toDate=2023-12-31,kind_listing_notice_title,official_notice_pending_isin,2026-08-14T07:26:02+00:00
ACE 미국주식베스트셀러,47359,2023-12-27,2023-12-22 13:17,20231222000079,"신규상장(한국투자 ACE 미국주식베스트셀러증권상장지수투자신탁(주식), 상장일 2023.12.27)",https://kind.krx.co.kr/disclosure/disclosurebystocktype.do?method=searchDisclosureByStockTypeEtfSub&forward=disclosurebystocktype_etf_sub&currentPageSize=100&pageIndex=1&orderMode=1&orderStat=D&etfIsuSrtCd=&reportCd=&reportTmp=&etfIsuSrtNm=&reportNm=%EC%8B%A0%EA%B7%9C%EC%83%81%EC%9E%A5&fromDate=2023-12-01&toDate=2023-12-31,kind_listing_notice_title,official_notice_pending_isin,2026-08-14T07:26:02+00:00
RISE 미국30년국채엔화노출(합성 H),47287,2023-12-27,2023-12-22 13:17,20231222000080,"신규상장(KB KBSTAR 미국채30년엔화노출증권상장지수투자신탁(채권-파생형)(합성 H), 상장일 2023.12.27)",https://kind.krx.co.kr/disclosure/disclosurebystocktype.do?method=searchDisclosureByStockTypeEtfSub&forward=disclosurebystocktype_etf_sub&currentPageSize=100&pageIndex=1&orderMode=1&orderStat=D&etfIsuSrtCd=&reportCd=&reportTmp=&etfIsuSrtNm=&reportNm=%EC%8B%A0%EA%B7%9C%EC%83%81%EC%9E%A5&fromDate=2023-12-01&toDate=2023-12-31,kind_listing_notice_title,official_notice_pending_isin,2026-08-14T07:26:02+00:00
KIWOOM 미국원유에너지기업,47480,2024-01-16,2024-01-12 13:41,20240112000107,"신규상장(키움 KOSEF 미국원유에너지기업증권상장지수투자신탁[주식], 상장일 2024.01.16)",https://kind.krx.co.kr/disclosure/disclosurebystocktype.do?method=searchDisclosureByStockTypeEtfSub&forward=disclosurebystocktype_etf_sub&currentPageSize=100&pageIndex=1&orderMode=1&orderStat=D&etfIsuSrtCd=&reportCd=&reportTmp=&etfIsuSrtNm=&reportNm=%EC%8B%A0%EA%B7%9C%EC%83%81%EC%9E%A5&fromDate=2024-01-01&toDate=2024-01-31,kind_listing_notice_title,official_notice_pending_isin,2026-08-14T07:26:02+00:00
WON 반도체밸류체인액티브,47459,2024-01-16,2024-01-12 13:41,20240112000108,"신규상장(우리 WOORI 반도체밸류체인액티브증권상장지수투자신탁(주식), 상장일 2024.01.16)",https://kind.krx.co.kr/disclosure/disclosurebystocktype.do?method=searchDisclosureByStockTypeEtfSub&forward=disclosurebystocktype_etf_sub&currentPageSize=100&pageIndex=1&orderMode=1&orderStat=D&etfIsuSrtCd=&reportCd=&reportTmp=&etfIsuSrtNm=&reportNm=%EC%8B%A0%EA%B7%9C%EC%83%81%EC%9E%A5&fromDate=2024-01-01&toDate=2024-01-31,kind_listing_notice_title,official_notice_pending_isin,2026-08-14T07:26:02+00:00
TIGER 미국테크TOP10타겟커버드콜,47422,2024-01-16,2024-01-12 13:41,20240112000245,"신규상장(미래에셋 TIGER 미국테크TOP10+10%프리미엄증권상장지수투자신탁(주식-파생형), 상장일 2024.01.16)",https://kind.krx.co.kr/disclosure/disclosurebystocktype.do?method=searchDisclosureByStockTypeEtfSub&forward=disclosurebystocktype_etf_sub&currentPageSize=100&pageIndex=1&orderMode=1&orderStat=D&etfIsuSrtCd=&reportCd=&reportTmp=&etfIsuSrtNm=&reportNm=%EC%8B%A0%EA%B7%9C%EC%83%81%EC%9E%A5&fromDate=2024-01-01&toDate=2024-01-31,kind_listing_notice_title,official_notice_pending_isin,2026-08-14T07:26:02+00:00
SOL 국고채30년액티브,47439,2024-01-16,2024-01-12 13:41,20240112000246,"신규상장(신한 SOL 국고채30년액티브증권상장지수투자신탁[채권], 상장일 2024.01.16)",https://kind.krx.co.kr/disclosure/disclosurebystocktype.do?method=searchDisclosureByStockTypeEtfSub&forward=disclosurebystocktype_etf_sub&currentPageSize=100&pageIndex=1&orderMode=1&orderStat=D&etfIsuSrtCd=&reportCd=&reportTmp=&etfIsuSrtNm=&reportNm=%EC%8B%A0%EA%B7%9C%EC%83%81%EC%9E%A5&fromDate=2024-01-01&toDate=2024-01-31,kind_listing_notice_title,official_notice_pending_isin,2026-08-14T07:26:02+00:00
에셋플러스 차이나일등기업포커스10액티브,47492,2024-01-16,2024-01-12 13:40,20240112000247,"신규상장(에셋플러스 에셋플러스 차이나일등기업 포커스10액티브증권상장지수투자신탁(주식), 상장일 2024.01.16)",https://kind.krx.co.kr/disclosure/disclosurebystocktype.do?method=searchDisclosureByStockTypeEtfSub&forward=disclosurebystocktype_etf_sub&currentPageSize=100&pageIndex=1&orderMode=1&orderStat=D&etfIsuSrtCd=&reportCd=&reportTmp=&etfIsuSrtNm=&reportNm=%EC%8B%A0%EA%B7%9C%EC%83%81%EC%9E%A5&fromDate=2024-01-01&toDate=2024-01-31,kind_listing_notice_title,official_notice_pending_isin,2026-08-14T07:26:02+00:00
HANARO 글로벌금채굴기업,47364,2024-01-18,2024-01-16 16:18,20240116000265,"신규상장(NH-Amundi HANARO 글로벌금채굴기업증권상장지수투자신탁[주식], 상장일 2024.01.18)",https://kind.krx.co.kr/disclosure/disclosurebystocktype.do?method=searchDisclosureByStockTypeEtfSub&forward=disclosurebystocktype_etf_sub&currentPageSize=100&pageIndex=1&orderMode=1&orderStat=D&etfIsuSrtCd=&reportCd=&reportTmp=&etfIsuSrtNm=&reportNm=%EC%8B%A0%EA%B7%9C%EC%83%81%EC%9E%A5&fromDate=2024-01-01&toDate=2024-01-31,kind_listing_notice_title,official_notice_pending_isin,2026-08-14T07:26:02+00:00
KoAct 글로벌친환경전력인프라액티브,47507,2024-01-18,2024-01-16 16:18,20240116000289,"신규상장(삼성액티브 KoAct 글로벌기후테크인프라액티브증권상장지수투자신탁[주식], 상장일 2024.01.18)",https://kind.krx.co.kr/disclosure/disclosurebystocktype.do?method=searchDisclosureByStockTypeEtfSub&forward=disclosurebystocktype_etf_sub&currentPageSize=100&pageIndex=1&orderMode=1&orderStat=D&etfIsuSrtCd=&reportCd=&reportTmp=&etfIsuSrtNm=&reportNm=%EC%8B%A0%EA%B7%9C%EC%83%81%EC%9E%A5&fromDate=2024-01-01&toDate=2024-01-31,kind_listing_notice_title,official_notice_pending_isin,2026-08-14T07:26:02+00:00
ACE 2월만기자동연장회사채AA-이상액티브,47526,2024-01-23,2024-01-19 18:00,20240119000144,"신규상장(한국투자 ACE 2월만기자동연장회사채AA-이상액티브증권상장지수투자신탁(채권), 상장일 2024.01.23)",https://kind.krx.co.kr/disclosure/disclosurebystocktype.do?method=searchDisclosureByStockTypeEtfSub&forward=disclosurebystocktype_etf_sub&currentPageSize=100&pageIndex=1&orderMode=1&orderStat=D&etfIsuSrtCd=&reportCd=&reportTmp=&etfIsuSrtNm=&reportNm=%EC%8B%A0%EA%B7%9C%EC%83%81%EC%9E%A5&fromDate=2024-01-01&toDate=2024-01-31,kind_listing_notice_title,official_notice_pending_isin,2026-08-14T07:26:02+00:00
ACE 5월만기자동연장회사채AA-이상액티브,47527,2024-01-23,2024-01-19 18:00,20240119000145,"신규상장(한국투자 ACE 5월만기자동연장회사채AA-이상액티브증권상장지수투자신탁(채권), 상장일 2024.01.23)",https://kind.krx.co.kr/disclosure/disclosurebystocktype.do?method=searchDisclosureByStockTypeEtfSub&forward=disclosurebystocktype_etf_sub&currentPageSize=100&pageIndex=1&orderMode=1&orderStat=D&etfIsuSrtCd=&reportCd=&reportTmp=&etfIsuSrtNm=&reportNm=%EC%8B%A0%EA%B7%9C%EC%83%81%EC%9E%A5&fromDate=2024-01-01&toDate=2024-01-31,kind_listing_notice_title,official_notice_pending_isin,2026-08-14T07:26:02+00:00
ACE 8월만기자동연장회사채AA-이상액티브,47528,2024-01-23,2024-01-19 18:00,20240119000146,"신규상장(한국투자 ACE 8월만기자동연장회사채AA-이상액티브증권상장지수투자신탁(채권), 상장일 2024.01.23)",https://kind.krx.co.kr/disclosure/disclosurebystocktype.do?method=searchDisclosureByStockTypeEtfSub&forward=disclosurebystocktype_etf_sub&currentPageSize=100&pageIndex=1&orderMode=1&orderStat=D&etfIsuSrtCd=&reportCd=&reportTmp=&etfIsuSrtNm=&reportNm=%EC%8B%A0%EA%B7%9C%EC%83%81%EC%9E%A5&fromDate=2024-01-01&toDate=2024-01-31,kind_listing_notice_title,official_notice_pending_isin,2026-08-14T07:26:02+00:00
KODEX 테슬라커버드콜채권혼합액티브,47508,2024-01-23,2024-01-19 18:00,20240119000202,"신규상장(삼성 KODEX 테슬라인컴프리미엄채권혼합액티브증권상장지수투자신탁[채권혼합-파생형], 상장일 2024.01.23)",https://kind.krx.co.kr/disclosure/disclosurebystocktype.do?method=searchDisclosureByStockTypeEtfSub&forward=disclosurebystocktype_etf_sub&currentPageSize=100&pageIndex=1&orderMode=1&orderStat=D&etfIsuSrtCd=&reportCd=&reportTmp=&etfIsuSrtNm=&reportNm=%EC%8B%A0%EA%B7%9C%EC%83%81%EC%9E%A5&fromDate=2024-01-01&toDate=2024-01-31,kind_listing_notice_title,official_notice_pending_isin,2026-08-14T07:26:02+00:00
ACE KPOP포커스,47505,2024-01-30,2024-01-26 14:16,20240126000330,"신규상장(한국투자 ACE KPOP포커스증권상장지수투자신탁(주식), 상장일 2024.01.30)",https://kind.krx.co.kr/disclosure/disclosurebystocktype.do?method=searchDisclosureByStockTypeEtfSub&forward=disclosurebystocktype_etf_sub&currentPageSize=100&pageIndex=1&orderMode=1&orderStat=D&etfIsuSrtCd=&reportCd=&reportTmp=&etfIsuSrtNm=&reportNm=%EC%8B%A0%EA%B7%9C%EC%83%81%EC%9E%A5&fromDate=2024-01-01&toDate=2024-01-31,kind_listing_notice_title,official_notice_pending_isin,2026-08-14T07:26:02+00:00
TIGER CD1년금리액티브(합성),47563,2024-02-06,2024-02-02 14:46,20240202000150,"신규상장(미래에셋 TIGER 1년은행CD액티브증권상장지수투자신탁(채권혼합-파생형)(합성), 상장일 2024.02.06)",https://kind.krx.co.kr/disclosure/disclosurebystocktype.do?method=searchDisclosureByStockTypeEtfSub&forward=disclosurebystocktype_etf_sub&currentPageSize=100&pageIndex=1&orderMode=1&orderStat=D&etfIsuSrtCd=&reportCd=&reportTmp=&etfIsuSrtNm=&reportNm=%EC%8B%A0%EA%B7%9C%EC%83%81%EC%9E%A5&fromDate=2024-02-01&toDate=2024-02-29,kind_listing_notice_title,official_notice_pending_isin,2026-08-14T07:26:02+00:00
KODEX 글로벌비만치료제TOP2 Plus,47607,2024-02-14,2024-02-08 15:22,20240208000469,"신규상장(삼성 KODEX 글로벌비만치료제TOP2 Plus증권상장지수투자신탁[주식], 상장일 2024.02.14)",https://kind.krx.co.kr/disclosure/disclosurebystocktype.do?method=searchDisclosureByStockTypeEtfSub&forward=disclosurebystocktype_etf_sub&currentPageSize=100&pageIndex=1&orderMode=1&orderStat=D&etfIsuSrtCd=&reportCd=&reportTmp=&etfIsuSrtNm=&reportNm=%EC%8B%A0%EA%B7%9C%EC%83%81%EC%9E%A5&fromDate=2024-02-01&toDate=2024-02-29,kind_listing_notice_title,official_notice_pending_isin,2026-08-14T07:26:02+00:00
SOL 반도체전공정,47530,2024-02-14,2024-02-08 15:22,20240208000871,"신규상장(신한 SOL 반도체전공정증권상장지수투자신탁[주식], 상장일 2024.02.14)",https://kind.krx.co.kr/disclosure/disclosurebystocktype.do?method=searchDisclosureByStockTypeEtfSub&forward=disclosurebystocktype_etf_sub&currentPageSize=100&pageIndex=1&orderMode=1&orderStat=D&etfIsuSrtCd=&reportCd=&reportTmp=&etfIsuSrtNm=&reportNm=%EC%8B%A0%EA%B7%9C%EC%83%81%EC%9E%A5&fromDate=2024-02-01&toDate=2024-02-29,kind_listing_notice_title,official_notice_pending_isin,2026-08-14T07:26:02+00:00
SOL 반도체후공정,47531,2024-02-14,2024-02-08 15:22,20240208000873,"신규상장(신한 SOL 반도체후공정증권상장지수투자신탁[주식], 상장일 2024.02.14)",https://kind.krx.co.kr/disclosure/disclosurebystocktype.do?method=searchDisclosureByStockTypeEtfSub&forward=disclosurebystocktype_etf_sub&currentPageSize=100&pageIndex=1&orderMode=1&orderStat=D&etfIsuSrtCd=&reportCd=&reportTmp=&etfIsuSrtNm=&reportNm=%EC%8B%A0%EA%B7%9C%EC%83%81%EC%9E%A5&fromDate=2024-02-01&toDate=2024-02-29,kind_listing_notice_title,official_notice_pending_isin,2026-08-14T07:26:02+00:00
RISE 글로벌리얼티인컴,47538,2024-02-20,2024-02-16 14:44,20240216000118,"신규상장(KB KBSTAR 글로벌리얼티인컴 부동산상장지수투자신탁(재간접형), 상장일 2024.02.20)",https://kind.krx.co.kr/disclosure/disclosurebystocktype.do?method=searchDisclosureByStockTypeEtfSub&forward=disclosurebystocktype_etf_sub&currentPageSize=100&pageIndex=1&orderMode=1&orderStat=D&etfIsuSrtCd=&reportCd=&reportTmp=&etfIsuSrtNm=&reportNm=%EC%8B%A0%EA%B7%9C%EC%83%81%EC%9E%A5&fromDate=2024-02-01&toDate=2024-02-29,kind_listing_notice_title,official_notice_pending_isin,2026-08-14T07:26:02+00:00
TIGER 미국30년국채커버드콜액티브(H),47655,2024-02-27,2024-02-23 15:40,20240223000130,"신규상장(미래에셋 TIGER 미국30년국채프리미엄액티브증권상장지수투자신탁(채권-재간접형)(H), 상장일 2024.02.27)",https://kind.krx.co.kr/disclosure/disclosurebystocktype.do?method=searchDisclosureByStockTypeEtfSub&forward=disclosurebystocktype_etf_sub&currentPageSize=100&pageIndex=1&orderMode=1&orderStat=D&etfIsuSrtCd=&reportCd=&reportTmp=&etfIsuSrtNm=&reportNm=%EC%8B%A0%EA%B7%9C%EC%83%81%EC%9E%A5&fromDate=2024-02-01&toDate=2024-02-29,kind_listing_notice_title,official_notice_pending_isin,2026-08-14T07:26:02+00:00
RISE 글로벌비만산업TOP2+,47631,2024-02-27,2024-02-23 15:40,20240223000132,"신규상장(KB KBSTAR 글로벌비만산업TOP2+증권상장지수투자신탁(주식), 상장일 2024.02.27)",https://kind.krx.co.kr/disclosure/disclosurebystocktype.do?method=searchDisclosureByStockTypeEtfSub&forward=disclosurebystocktype_etf_sub&currentPageSize=100&pageIndex=1&orderMode=1&orderStat=D&etfIsuSrtCd=&reportCd=&reportTmp=&etfIsuSrtNm=&reportNm=%EC%8B%A0%EA%B7%9C%EC%83%81%EC%9E%A5&fromDate=2024-02-01&toDate=2024-02-29,kind_listing_notice_title,official_notice_pending_isin,2026-08-14T07:26:02+00:00
RISE 버크셔포트폴리오TOP10,47535,2024-02-27,2024-02-23 15:40,20240223000133,"신규상장(KB KBSTAR 버크셔포트폴리오TOP10증권상장지수투자신탁(주식), 상장일 2024.02.27)",https://kind.krx.co.kr/disclosure/disclosurebystocktype.do?method=searchDisclosureByStockTypeEtfSub&forward=disclosurebystocktype_etf_sub&currentPageSize=100&pageIndex=1&orderMode=1&orderStat=D&etfIsuSrtCd=&reportCd=&reportTmp=&etfIsuSrtNm=&reportNm=%EC%8B%A0%EA%B7%9C%EC%83%81%EC%9E%A5&fromDate=2024-02-01&toDate=2024-02-29,kind_listing_notice_title,official_notice_pending_isin,2026-08-14T07:26:02+00:00
KoAct 배당성장액티브,47685,2024-02-27,2024-02-23 15:40,20240223000140,"신규상장(삼성액티브 KoAct 배당성장액티브증권상장지수투자신탁[주식], 상장일 2024.02.27)",https://kind.krx.co.kr/disclosure/disclosurebystocktype.do?method=searchDisclosureByStockTypeEtfSub&forward=disclosurebystocktype_etf_sub&currentPageSize=100&pageIndex=1&orderMode=1&orderStat=D&etfIsuSrtCd=&reportCd=&reportTmp=&etfIsuSrtNm=&reportNm=%EC%8B%A0%EA%B7%9C%EC%83%81%EC%9E%A5&fromDate=2024-02-01&toDate=2024-02-29,kind_listing_notice_title,official_notice_pending_isin,2026-08-14T07:26:02+00:00
HANARO 반도체핵심공정주도주,47626,2024-02-27,2024-02-23 15:40,20240223000257,"신규상장(NH-Amundi HANARO 반도체핵심공정주도주 증권상장지수투자신탁(주식), 상장일 2024.02.27)",https://kind.krx.co.kr/disclosure/disclosurebystocktype.do?method=searchDisclosureByStockTypeEtfSub&forward=disclosurebystocktype_etf_sub&currentPageSize=100&pageIndex=1&orderMode=1&orderStat=D&etfIsuSrtCd=&reportCd=&reportTmp=&etfIsuSrtNm=&reportNm=%EC%8B%A0%EA%B7%9C%EC%83%81%EC%9E%A5&fromDate=2024-02-01&toDate=2024-02-29,kind_listing_notice_title,official_notice_pending_isin,2026-08-14T07:26:02+00:00
UNICORN 포스트IPO액티브,47600,2024-02-27,2024-02-23 15:40,20240223000258,"신규상장(현대 UNICORN 포스트IPO액티브증권상장지수투자신탁[주식], 상장일 2024.02.27)",https://kind.krx.co.kr/disclosure/disclosurebystocktype.do?method=searchDisclosureByStockTypeEtfSub&forward=disclosurebystocktype_etf_sub&currentPageSize=100&pageIndex=1&orderMode=1&orderStat=D&etfIsuSrtCd=&reportCd=&reportTmp=&etfIsuSrtNm=&reportNm=%EC%8B%A0%EA%B7%9C%EC%83%81%EC%9E%A5&fromDate=2024-02-01&toDate=2024-02-29,kind_listing_notice_title,official_notice_pending_isin,2026-08-14T07:26:02+00:00
TIGER 글로벌비만치료제TOP2Plus,47669,2024-02-29,2024-02-27 11:18,20240227000065,"신규상장(미래에셋 TIGER 글로벌비만치료제TOP2 Plus INDXX증권상장지수투자신탁(주식), 상장일 2024.02.29)",https://kind.krx.co.kr/disclosure/disclosurebystocktype.do?method=searchDisclosureByStockTypeEtfSub&forward=disclosurebystocktype_etf_sub&currentPageSize=100&pageIndex=1&orderMode=1&orderStat=D&etfIsuSrtCd=&reportCd=&reportTmp=&etfIsuSrtNm=&reportNm=%EC%8B%A0%EA%B7%9C%EC%83%81%EC%9E%A5&fromDate=2024-02-01&toDate=2024-02-29,kind_listing_notice_title,official_notice_pending_isin,2026-08-14T07:26:02+00:00
KIWOOM 머니마켓액티브,47645,2024-02-29,2024-02-27 11:18,20240227000067,"신규상장(키움 히어로즈 머니마켓액티브증권상장지수투자신탁[채권], 상장일 2024.02.29)",https://kind.krx.co.kr/disclosure/disclosurebystocktype.do?method=searchDisclosureByStockTypeEtfSub&forward=disclosurebystocktype_etf_sub&currentPageSize=100&pageIndex=1&orderMode=1&orderStat=D&etfIsuSrtCd=&reportCd=&reportTmp=&etfIsuSrtNm=&reportNm=%EC%8B%A0%EA%B7%9C%EC%83%81%EC%9E%A5&fromDate=2024-02-01&toDate=2024-02-29,kind_listing_notice_title,official_notice_pending_isin,2026-08-14T07:26:02+00:00
RISE 200위클리커버드콜,47572,2024-03-05,2024-02-29 14:42,20240229000492,"신규상장(KB KBSTAR 200위클리커버드콜 증권상장지수투자신탁(주식-파생형), 상장일 2024.03.05)",https://kind.krx.co.kr/disclosure/disclosurebystocktype.do?method=searchDisclosureByStockTypeEtfSub&forward=disclosurebystocktype_etf_sub&currentPageSize=100&pageIndex=1&orderMode=1&orderStat=D&etfIsuSrtCd=&reportCd=&reportTmp=&etfIsuSrtNm=&reportNm=%EC%8B%A0%EA%B7%9C%EC%83%81%EC%9E%A5&fromDate=2024-02-01&toDate=2024-02-29,kind_listing_notice_title,official_notice_pending_isin,2026-08-14T07:26:02+00:00
KODEX 25-11 은행채(AA-이상)PLUS액티브,47681,2024-03-05,2024-02-29 14:43,20240229000502,"신규상장(삼성 KODEX 25-11 은행채(AA-이상)PLUS액티브증권상장지수투자신탁[채권], 상장일 2024.03.05)",https://kind.krx.co.kr/disclosure/disclosurebystocktype.do?method=searchDisclosureByStockTypeEtfSub&forward=disclosurebystocktype_etf_sub&currentPageSize=100&pageIndex=1&orderMode=1&orderStat=D&etfIsuSrtCd=&reportCd=&reportTmp=&etfIsuSrtNm=&reportNm=%EC%8B%A0%EA%B7%9C%EC%83%81%EC%9E%A5&fromDate=2024-02-01&toDate=2024-02-29,kind_listing_notice_title,official_notice_pending_isin,2026-08-14T07:26:02+00:00
KODEX 한국부동산리츠인프라,47680,2024-03-05,2024-02-29 14:43,20240229000503,"신규상장(삼성 KODEX 한국부동산리츠인프라부동산상장지수투자신탁[재간접형], 상장일 2024.03.05)",https://kind.krx.co.kr/disclosure/disclosurebystocktype.do?method=searchDisclosureByStockTypeEtfSub&forward=disclosurebystocktype_etf_sub&currentPageSize=100&pageIndex=1&orderMode=1&orderStat=D&etfIsuSrtCd=&reportCd=&reportTmp=&etfIsuSrtNm=&reportNm=%EC%8B%A0%EA%B7%9C%EC%83%81%EC%9E%A5&fromDate=2024-02-01&toDate=2024-02-29,kind_listing_notice_title,official_notice_pending_isin,2026-08-14T07:26:02+00:00
ACE 미국30년국채액티브,47676,2024-03-12,2024-03-08 14:28,20240308000064,"신규상장(한국투자 ACE 미국30년국채액티브증권상장지수투자신탁[채권], 상장일 2024.03.12)",https://kind.krx.co.kr/disclosure/disclosurebystocktype.do?method=searchDisclosureByStockTypeEtfSub&forward=disclosurebystocktype_etf_sub&currentPageSize=100&pageIndex=1&orderMode=1&orderStat=D&etfIsuSrtCd=&reportCd=&reportTmp=&etfIsuSrtNm=&reportNm=%EC%8B%A0%EA%B7%9C%EC%83%81%EC%9E%A5&fromDate=2024-03-01&toDate=2024-03-31,kind_listing_notice_title,official_notice_pending_isin,2026-08-14T07:26:02+00:00
ACE 미국30년국채엔화노출액티브(H),47675,2024-03-12,2024-03-08 14:28,20240308000065,"신규상장(한국투자 ACE 미국30년국채엔화노출액티브증권상장지수투자신탁[채권](H), 상장일 2024.03.12)",https://kind.krx.co.kr/disclosure/disclosurebystocktype.do?method=searchDisclosureByStockTypeEtfSub&forward=disclosurebystocktype_etf_sub&currentPageSize=100&pageIndex=1&orderMode=1&orderStat=D&etfIsuSrtCd=&reportCd=&reportTmp=&etfIsuSrtNm=&reportNm=%EC%8B%A0%EA%B7%9C%EC%83%81%EC%9E%A5&fromDate=2024-03-01&toDate=2024-03-31,kind_listing_notice_title,official_notice_pending_isin,2026-08-14T07:26:02+00:00
SOL 미국나스닥100,47603,2024-03-12,2024-03-08 14:28,20240308000072,"신규상장(신한 SOL 미국나스닥100증권상장지수투자신탁[주식], 상장일 2024.03.12)",https://kind.krx.co.kr/disclosure/disclosurebystocktype.do?method=searchDisclosureByStockTypeEtfSub&forward=disclosurebystocktype_etf_sub&currentPageSize=100&pageIndex=1&orderMode=1&orderStat=D&etfIsuSrtCd=&reportCd=&reportTmp=&etfIsuSrtNm=&reportNm=%EC%8B%A0%EA%B7%9C%EC%83%81%EC%9E%A5&fromDate=2024-03-01&toDate=2024-03-31,kind_listing_notice_title,official_notice_pending_isin,2026-08-14T07:26:02+00:00
에셋플러스 글로벌일등기업포커스10액티브,47749,2024-03-19,2024-03-15 15:04,20240315000501,"신규상장(에셋플러스 에셋플러스 글로벌일등기업포커스10액티브증권상장지수투자신탁(주식), 상장일 2024.03.19)",https://kind.krx.co.kr/disclosure/disclosurebystocktype.do?method=searchDisclosureByStockTypeEtfSub&forward=disclosurebystocktype_etf_sub&currentPageSize=100&pageIndex=1&orderMode=1&orderStat=D&etfIsuSrtCd=&reportCd=&reportTmp=&etfIsuSrtNm=&reportNm=%EC%8B%A0%EA%B7%9C%EC%83%81%EC%9E%A5&fromDate=2024-03-01&toDate=2024-03-31,kind_listing_notice_title,official_notice_pending_isin,2026-08-14T07:26:02+00:00
PLUS 머니마켓액티브,47705,2024-03-26,2024-03-22 14:37,20240322000091,"신규상장(한화 ARIRANG 머니마켓액티브증권상장지수투자신탁(채권), 상장일 2024.03.26)",https://kind.krx.co.kr/disclosure/disclosurebystocktype.do?method=searchDisclosureByStockTypeEtfSub&forward=disclosurebystocktype_etf_sub&currentPageSize=100&pageIndex=1&orderMode=1&orderStat=D&etfIsuSrtCd=&reportCd=&reportTmp=&etfIsuSrtNm=&reportNm=%EC%8B%A0%EA%B7%9C%EC%83%81%EC%9E%A5&fromDate=2024-03-01&toDate=2024-03-31,kind_listing_notice_title,official_notice_pending_isin,2026-08-14T07:26:02+00:00
RISE CD금리액티브(합성),47708,2024-03-26,2024-03-22 14:37,20240322000095,"신규상장(KB KBSTAR CD금리액티브특별자산상장지수투자신탁(금리-파생형)(합성), 상장일 2024.03.26)",https://kind.krx.co.kr/disclosure/disclosurebystocktype.do?method=searchDisclosureByStockTypeEtfSub&forward=disclosurebystocktype_etf_sub&currentPageSize=100&pageIndex=1&orderMode=1&orderStat=D&etfIsuSrtCd=&reportCd=&reportTmp=&etfIsuSrtNm=&reportNm=%EC%8B%A0%EA%B7%9C%EC%83%81%EC%9E%A5&fromDate=2024-03-01&toDate=2024-03-31,kind_listing_notice_title,official_notice_pending_isin,2026-08-14T07:26:02+00:00
1Q 머니마켓액티브,47908,2024-04-02,2024-03-29 13:11,20240329001317,"신규상장(하나 1Q 머니마켓액티브증권상장지수투자신탁[채권], 상장일 2024.04.02)",https://kind.krx.co.kr/disclosure/disclosurebystocktype.do?method=searchDisclosureByStockTypeEtfSub&forward=disclosurebystocktype_etf_sub&currentPageSize=100&pageIndex=1&orderMode=1&orderStat=D&etfIsuSrtCd=&reportCd=&reportTmp=&etfIsuSrtNm=&reportNm=%EC%8B%A0%EA%B7%9C%EC%83%81%EC%9E%A5&fromDate=2024-03-01&toDate=2024-03-31,kind_listing_notice_title,official_notice_pending_isin,2026-08-14T07:26:02+00:00
TIGER 글로벌온디바이스AI,48031,2024-04-16,2024-04-12 13:22,20240412000248,"신규상장(미래에셋 TIGER 글로벌온디바이스AI증권상장지수투자신탁(주식), 상장일 2024.04.16)",https://kind.krx.co.kr/disclosure/disclosurebystocktype.do?method=searchDisclosureByStockTypeEtfSub&forward=disclosurebystocktype_etf_sub&currentPageSize=100&pageIndex=1&orderMode=1&orderStat=D&etfIsuSrtCd=&reportCd=&reportTmp=&etfIsuSrtNm=&reportNm=%EC%8B%A0%EA%B7%9C%EC%83%81%EC%9E%A5&fromDate=2024-04-01&toDate=2024-04-30,kind_listing_notice_title,official_notice_pending_isin,2026-08-14T07:26:02+00:00
HANARO K-뷰티,47985,2024-04-16,2024-04-12 13:22,20240412000250,"신규상장(NH-Amundi HANARO K-뷰티증권상장지수투자신탁(주식), 상장일 2024.04.16)",https://kind.krx.co.kr/disclosure/disclosurebystocktype.do?method=searchDisclosureByStockTypeEtfSub&forward=disclosurebystocktype_etf_sub&currentPageSize=100&pageIndex=1&orderMode=1&orderStat=D&etfIsuSrtCd=&reportCd=&reportTmp=&etfIsuSrtNm=&reportNm=%EC%8B%A0%EA%B7%9C%EC%83%81%EC%9E%A5&fromDate=2024-04-01&toDate=2024-04-30,kind_listing_notice_title,official_notice_pending_isin,2026-08-14T07:26:02+00:00
SOL 미국AI반도체칩메이커,47962,2024-04-16,2024-04-12 13:22,20240412000253,"신규상장(신한 SOL 미국AI반도체칩메이커증권상장지수투자신탁[주식], 상장일 2024.04.16)",https://kind.krx.co.kr/disclosure/disclosurebystocktype.do?method=searchDisclosureByStockTypeEtfSub&forward=disclosurebystocktype_etf_sub&currentPageSize=100&pageIndex=1&orderMode=1&orderStat=D&etfIsuSrtCd=&reportCd=&reportTmp=&etfIsuSrtNm=&reportNm=%EC%8B%A0%EA%B7%9C%EC%83%81%EC%9E%A5&fromDate=2024-04-01&toDate=2024-04-30,kind_listing_notice_title,official_notice_pending_isin,2026-08-14T07:26:02+00:00
KODEX CD1년금리플러스액티브(합성),48105,2024-04-23,2024-04-19 14:44,20240419000067,"신규상장(삼성 KODEX 1년은행CD플러스액티브증권상장지수투자신탁[채권혼합-파생형](합성), 상장일 2024.04.23)",https://kind.krx.co.kr/disclosure/disclosurebystocktype.do?method=searchDisclosureByStockTypeEtfSub&forward=disclosurebystocktype_etf_sub&currentPageSize=100&pageIndex=1&orderMode=1&orderStat=D&etfIsuSrtCd=&reportCd=&reportTmp=&etfIsuSrtNm=&reportNm=%EC%8B%A0%EA%B7%9C%EC%83%81%EC%9E%A5&fromDate=2024-04-01&toDate=2024-04-30,kind_listing_notice_title,official_notice_pending_isin,2026-08-14T07:26:02+00:00
TIGER 27-04회사채(A+이상)액티브,48026,2024-04-23,2024-04-19 14:44,20240419000091,"신규상장(미래에셋 TIGER 27-04회사채(A+이상)액티브증권상장지수투자신탁(채권), 상장일 2024.04.23)",https://kind.krx.co.kr/disclosure/disclosurebystocktype.do?method=searchDisclosureByStockTypeEtfSub&forward=disclosurebystocktype_etf_sub&currentPageSize=100&pageIndex=1&orderMode=1&orderStat=D&etfIsuSrtCd=&reportCd=&reportTmp=&etfIsuSrtNm=&reportNm=%EC%8B%A0%EA%B7%9C%EC%83%81%EC%9E%A5&fromDate=2024-04-01&toDate=2024-04-30,kind_listing_notice_title,official_notice_pending_isin,2026-08-14T07:26:02+00:00
ACE미국빅테크7+데일리타겟커버드콜(합성),48002,2024-04-23,2024-04-19 14:44,20240419000097,"신규상장(한국투자 ACE 미국빅테크7+ 15%프리미엄분배증권상장지수투자신탁(주식-파생형)(합성), 상장일 2024.04.23)",https://kind.krx.co.kr/disclosure/disclosurebystocktype.do?method=searchDisclosureByStockTypeEtfSub&forward=disclosurebystocktype_etf_sub&currentPageSize=100&pageIndex=1&orderMode=1&orderStat=D&etfIsuSrtCd=&reportCd=&reportTmp=&etfIsuSrtNm=&reportNm=%EC%8B%A0%EA%B7%9C%EC%83%81%EC%9E%A5&fromDate=2024-04-01&toDate=2024-04-30,kind_listing_notice_title,official_notice_pending_isin,2026-08-14T07:26:02+00:00
ACE미국반도체데일리타겟커버드콜(합성),48004,2024-04-23,2024-04-19 14:44,20240419000099,"신규상장(한국투자 ACE 미국반도체15%프리미엄분배증권상장지수투자신탁(주식-파생형)(합성), 상장일 2024.04.23)",https://kind.krx.co.kr/disclosure/disclosurebystocktype.do?method=searchDisclosureByStockTypeEtfSub&forward=disclosurebystocktype_etf_sub&currentPageSize=100&pageIndex=1&orderMode=1&orderStat=D&etfIsuSrtCd=&reportCd=&reportTmp=&etfIsuSrtNm=&reportNm=%EC%8B%A0%EA%B7%9C%EC%83%81%EC%9E%A5&fromDate=2024-04-01&toDate=2024-04-30,kind_listing_notice_title,official_notice_pending_isin,2026-08-14T07:26:02+00:00
ACE미국500데일리타겟커버드콜(합성),48003,2024-04-23,2024-04-19 14:44,20240419000100,"신규상장(한국투자 ACE 미국500 15%프리미엄분배증권상장지수투자신탁(주식-파생형)(합성), 상장일 2024.04.23)",https://kind.krx.co.kr/disclosure/disclosurebystocktype.do?method=searchDisclosureByStockTypeEtfSub&forward=disclosurebystocktype_etf_sub&currentPageSize=100&pageIndex=1&orderMode=1&orderStat=D&etfIsuSrtCd=&reportCd=&reportTmp=&etfIsuSrtNm=&reportNm=%EC%8B%A0%EA%B7%9C%EC%83%81%EC%9E%A5&fromDate=2024-04-01&toDate=2024-04-30,kind_listing_notice_title,official_notice_pending_isin,2026-08-14T07:26:02+00:00
TIME 글로벌우주테크&방산액티브,47815,2024-04-23,2024-04-19 14:44,20240419000156,"신규상장(타임폴리오 TIMEFOLIO 글로벌우주테크&방산액티브증권상장지수투자신탁[주식], 상장일 2024.04.23)",https://kind.krx.co.kr/disclosure/disclosurebystocktype.do?method=searchDisclosureByStockTypeEtfSub&forward=disclosurebystocktype_etf_sub&currentPageSize=100&pageIndex=1&orderMode=1&orderStat=D&etfIsuSrtCd=&reportCd=&reportTmp=&etfIsuSrtNm=&reportNm=%EC%8B%A0%EA%B7%9C%EC%83%81%EC%9E%A5&fromDate=2024-04-01&toDate=2024-04-30,kind_listing_notice_title,official_notice_pending_isin,2026-08-14T07:26:02+00:00
KODEX 미국30년국채타겟커버드콜(합성 H),48106,2024-04-30,2024-04-26 14:25,20240426000064,"신규상장(삼성 KODEX 미국30년국채+12%프리미엄증권상장지수투자신탁[채권-파생형](합성 H), 상장일 2024.04.30)",https://kind.krx.co.kr/disclosure/disclosurebystocktype.do?method=searchDisclosureByStockTypeEtfSub&forward=disclosurebystocktype_etf_sub&currentPageSize=100&pageIndex=1&orderMode=1&orderStat=D&etfIsuSrtCd=&reportCd=&reportTmp=&etfIsuSrtNm=&reportNm=%EC%8B%A0%EA%B7%9C%EC%83%81%EC%9E%A5&fromDate=2024-04-01&toDate=2024-04-30,kind_listing_notice_title,official_notice_pending_isin,2026-08-14T07:26:02+00:00
RISE KOFR금리액티브(합성),47952,2024-04-30,2024-04-26 14:25,20240426000072,"신규상장(KB KBSTAR KOFR금리액티브증권상장지수투자신탁(채권혼합-파생형)(합성), 상장일 2024.04.30)",https://kind.krx.co.kr/disclosure/disclosurebystocktype.do?method=searchDisclosureByStockTypeEtfSub&forward=disclosurebystocktype_etf_sub&currentPageSize=100&pageIndex=1&orderMode=1&orderStat=D&etfIsuSrtCd=&reportCd=&reportTmp=&etfIsuSrtNm=&reportNm=%EC%8B%A0%EA%B7%9C%EC%83%81%EC%9E%A5&fromDate=2024-04-01&toDate=2024-04-30,kind_listing_notice_title,official_notice_pending_isin,2026-08-14T07:26:02+00:00
WON 한국부동산TOP3플러스,48046,2024-04-30,2024-04-26 14:25,20240426000108,"신규상장(우리 WOORI 한국부동산TOP3플러스부동산상장지수투자신탁[재간접형], 상장일 2024.04.30)",https://kind.krx.co.kr/disclosure/disclosurebystocktype.do?method=searchDisclosureByStockTypeEtfSub&forward=disclosurebystocktype_etf_sub&currentPageSize=100&pageIndex=1&orderMode=1&orderStat=D&etfIsuSrtCd=&reportCd=&reportTmp=&etfIsuSrtNm=&reportNm=%EC%8B%A0%EA%B7%9C%EC%83%81%EC%9E%A5&fromDate=2024-04-01&toDate=2024-04-30,kind_listing_notice_title,official_notice_pending_isin,2026-08-14T07:26:02+00:00
KODEX 인도타타그룹,47773,2024-05-08,2024-05-03 09:54,20240503000122,"신규상장(삼성 KODEX 인도타타그룹증권상장지수투자신탁[주식-파생형], 상장일 2024.05.08)",https://kind.krx.co.kr/disclosure/disclosurebystocktype.do?method=searchDisclosureByStockTypeEtfSub&forward=disclosurebystocktype_etf_sub&currentPageSize=100&pageIndex=1&orderMode=1&orderStat=D&etfIsuSrtCd=&reportCd=&reportTmp=&etfIsuSrtNm=&reportNm=%EC%8B%A0%EA%B7%9C%EC%83%81%EC%9E%A5&fromDate=2024-05-01&toDate=2024-05-31,kind_listing_notice_title,official_notice_pending_isin,2026-08-14T07:26:02+00:00
KoAct 반도체&2차전지핵심소재액티브,48203,2024-05-14,2024-05-10 16:02,20240510000147,"신규상장(삼성액티브 KoAct 테크핵심소재공급망액티브상장지수투자신탁[주식], 상장일 2024.05.14)",https://kind.krx.co.kr/disclosure/disclosurebystocktype.do?method=searchDisclosureByStockTypeEtfSub&forward=disclosurebystocktype_etf_sub&currentPageSize=100&pageIndex=1&orderMode=1&orderStat=D&etfIsuSrtCd=&reportCd=&reportTmp=&etfIsuSrtNm=&reportNm=%EC%8B%A0%EA%B7%9C%EC%83%81%EC%9E%A5&fromDate=2024-05-01&toDate=2024-05-31,kind_listing_notice_title,official_notice_pending_isin,2026-08-14T07:26:02+00:00
TIGER 인도빌리언컨슈머,47973,2024-05-14,2024-05-10 16:01,20240510000148,"신규상장(미래에셋 TIGER 인도빌리언컨슈머증권상장지수투자신탁(주식), 상장일 2024.05.14)",https://kind.krx.co.kr/disclosure/disclosurebystocktype.do?method=searchDisclosureByStockTypeEtfSub&forward=disclosurebystocktype_etf_sub&currentPageSize=100&pageIndex=1&orderMode=1&orderStat=D&etfIsuSrtCd=&reportCd=&reportTmp=&etfIsuSrtNm=&reportNm=%EC%8B%A0%EA%B7%9C%EC%83%81%EC%9E%A5&fromDate=2024-05-01&toDate=2024-05-31,kind_listing_notice_title,official_notice_pending_isin,2026-08-14T07:26:02+00:00
SOL 미국AI소프트웨어,48118,2024-05-14,2024-05-10 16:01,20240510000149,"신규상장(신한 SOL 미국AI소프트웨어증권상장지수투자신탁[주식], 상장일 2024.05.14)",https://kind.krx.co.kr/disclosure/disclosurebystocktype.do?method=searchDisclosureByStockTypeEtfSub&forward=disclosurebystocktype_etf_sub&currentPageSize=100&pageIndex=1&orderMode=1&orderStat=D&etfIsuSrtCd=&reportCd=&reportTmp=&etfIsuSrtNm=&reportNm=%EC%8B%A0%EA%B7%9C%EC%83%81%EC%9E%A5&fromDate=2024-05-01&toDate=2024-05-31,kind_listing_notice_title,official_notice_pending_isin,2026-08-14T07:26:02+00:00
RISE 국고채10년액티브,48143,2024-05-21,2024-05-17 17:12,20240517000089,"신규상장(KB KBSTAR 국고채10년액티브증권상장지수투자신탁(채권), 상장일 2024.05.21)",https://kind.krx.co.kr/disclosure/disclosurebystocktype.do?method=searchDisclosureByStockTypeEtfSub&forward=disclosurebystocktype_etf_sub&currentPageSize=100&pageIndex=1&orderMode=1&orderStat=D&etfIsuSrtCd=&reportCd=&reportTmp=&etfIsuSrtNm=&reportNm=%EC%8B%A0%EA%B7%9C%EC%83%81%EC%9E%A5&fromDate=2024-05-01&toDate=2024-05-31,kind_listing_notice_title,official_notice_pending_isin,2026-08-14T07:26:02+00:00
SOL 미국테크TOP10,48119,2024-05-21,2024-05-17 17:10,20240517000135,"신규상장(신한 SOL 미국테크TOP10증권상장지수투자신탁[주식], 상장일 2024.05.21)",https://kind.krx.co.kr/disclosure/disclosurebystocktype.do?method=searchDisclosureByStockTypeEtfSub&forward=disclosurebystocktype_etf_sub&currentPageSize=100&pageIndex=1&orderMode=1&orderStat=D&etfIsuSrtCd=&reportCd=&reportTmp=&etfIsuSrtNm=&reportNm=%EC%8B%A0%EA%B7%9C%EC%83%81%EC%9E%A5&fromDate=2024-05-01&toDate=2024-05-31,kind_listing_notice_title,official_notice_pending_isin,2026-08-14T07:26:02+00:00
SOL 미국테크TOP10인버스(합성),48120,2024-05-21,2024-05-17 17:08,20240517000136,"신규상장(신한 SOL 미국테크TOP10인버스증권상장지수투자신탁[주식혼합-파생형](합성), 상장일 2024.05.21)",https://kind.krx.co.kr/disclosure/disclosurebystocktype.do?method=searchDisclosureByStockTypeEtfSub&forward=disclosurebystocktype_etf_sub&currentPageSize=100&pageIndex=1&orderMode=1&orderStat=D&etfIsuSrtCd=&reportCd=&reportTmp=&etfIsuSrtNm=&reportNm=%EC%8B%A0%EA%B7%9C%EC%83%81%EC%9E%A5&fromDate=2024-05-01&toDate=2024-05-31,kind_listing_notice_title,official_notice_pending_isin,2026-08-14T07:26:02+00:00
TIGER 미국S&P500타겟데일리커버드콜,48273,2024-05-21,2024-05-17 17:06,20240517000180,"신규상장(미래에셋 TIGER 미국S&P500+10%프리미엄초단기옵션증권상장지수투자신탁 (주식), 상장일 2024.05.21)",https://kind.krx.co.kr/disclosure/disclosurebystocktype.do?method=searchDisclosureByStockTypeEtfSub&forward=disclosurebystocktype_etf_sub&currentPageSize=100&pageIndex=1&orderMode=1&orderStat=D&etfIsuSrtCd=&reportCd=&reportTmp=&etfIsuSrtNm=&reportNm=%EC%8B%A0%EA%B7%9C%EC%83%81%EC%9E%A5&fromDate=2024-05-01&toDate=2024-05-31,kind_listing_notice_title,official_notice_pending_isin,2026-08-14T07:26:02+00:00
KIWOOM 의료AI,48302,2024-05-28,2024-05-24 14:22,20240524000057,"신규상장(키움 KOSEF 의료AI증권상장지수투자신탁[주식], 상장일 2024.05.28)",https://kind.krx.co.kr/disclosure/disclosurebystocktype.do?method=searchDisclosureByStockTypeEtfSub&forward=disclosurebystocktype_etf_sub&currentPageSize=100&pageIndex=1&orderMode=1&orderStat=D&etfIsuSrtCd=&reportCd=&reportTmp=&etfIsuSrtNm=&reportNm=%EC%8B%A0%EA%B7%9C%EC%83%81%EC%9E%A5&fromDate=2024-05-01&toDate=2024-05-31,kind_listing_notice_title,official_notice_pending_isin,2026-08-14T07:26:02+00:00
KIWOOM 미국블록버스터바이오테크의약품+,48303,2024-05-28,2024-05-24 14:20,20240524000058,"신규상장(키움 KOSEF 미국블록버스터바이오테크의약품+증권상장지수투자신탁[주식], 상장일 2024.05.28)",https://kind.krx.co.kr/disclosure/disclosurebystocktype.do?method=searchDisclosureByStockTypeEtfSub&forward=disclosurebystocktype_etf_sub&currentPageSize=100&pageIndex=1&orderMode=1&orderStat=D&etfIsuSrtCd=&reportCd=&reportTmp=&etfIsuSrtNm=&reportNm=%EC%8B%A0%EA%B7%9C%EC%83%81%EC%9E%A5&fromDate=2024-05-01&toDate=2024-05-31,kind_listing_notice_title,official_notice_pending_isin,2026-08-14T07:26:02+00:00
KODEX 미국배당다우존스타겟커버드콜,48329,2024-05-28,2024-05-24 14:17,20240524000081,"신규상장(삼성 KODEX 미국배당+10%프리미엄다우존스증권상장지수투자신탁[주식-파생형], 상장일 2024.05.28)",https://kind.krx.co.kr/disclosure/disclosurebystocktype.do?method=searchDisclosureByStockTypeEtfSub&forward=disclosurebystocktype_etf_sub&currentPageSize=100&pageIndex=1&orderMode=1&orderStat=D&etfIsuSrtCd=&reportCd=&reportTmp=&etfIsuSrtNm=&reportNm=%EC%8B%A0%EA%B7%9C%EC%83%81%EC%9E%A5&fromDate=2024-05-01&toDate=2024-05-31,kind_listing_notice_title,official_notice_pending_isin,2026-08-14T07:26:02+00:00
KODEX 미국AI테크TOP10타겟커버드콜,48328,2024-05-28,2024-05-24 14:15,20240524000082,"신규상장(삼성 KODEX 미국AI테크TOP10+15%프리미엄증권상장지수투자신탁[주식-파생형], 상장일 2024.05.28)",https://kind.krx.co.kr/disclosure/disclosurebystocktype.do?method=searchDisclosureByStockTypeEtfSub&forward=disclosurebystocktype_etf_sub&currentPageSize=100&pageIndex=1&orderMode=1&orderStat=D&etfIsuSrtCd=&reportCd=&reportTmp=&etfIsuSrtNm=&reportNm=%EC%8B%A0%EA%B7%9C%EC%83%81%EC%9E%A5&fromDate=2024-05-01&toDate=2024-05-31,kind_listing_notice_title,official_notice_pending_isin,2026-08-14T07:26:02+00:00
KCGI 미국S&P500 TOP10,48357,2024-05-28,2024-05-24 14:12,20240524000091,"신규상장(케이씨지아이 KCGI 미국S&P500 TOP10 증권상장지수투자신탁[주식], 상장일 2024.05.28)",https://kind.krx.co.kr/disclosure/disclosurebystocktype.do?method=searchDisclosureByStockTypeEtfSub&forward=disclosurebystocktype_etf_sub&currentPageSize=100&pageIndex=1&orderMode=1&orderStat=D&etfIsuSrtCd=&reportCd=&reportTmp=&etfIsuSrtNm=&reportNm=%EC%8B%A0%EA%B7%9C%EC%83%81%EC%9E%A5&fromDate=2024-05-01&toDate=2024-05-31,kind_listing_notice_title,official_notice_pending_isin,2026-08-14T07:26:02+00:00
RISE 미국30년국채액티브,48134,2024-05-28,2024-05-24 14:10,20240524000093,"신규상장(KB KBSTAR 미국30년국채액티브증권상장지수투자신탁(채권), 상장일 2024.05.28)",https://kind.krx.co.kr/disclosure/disclosurebystocktype.do?method=searchDisclosureByStockTypeEtfSub&forward=disclosurebystocktype_etf_sub&currentPageSize=100&pageIndex=1&orderMode=1&orderStat=D&etfIsuSrtCd=&reportCd=&reportTmp=&etfIsuSrtNm=&reportNm=%EC%8B%A0%EA%B7%9C%EC%83%81%EC%9E%A5&fromDate=2024-05-01&toDate=2024-05-31,kind_listing_notice_title,official_notice_pending_isin,2026-08-14T07:26:02+00:00
ACE 구글밸류체인액티브,48334,2024-06-11,2024-06-07 16:31,20240607000093,"신규상장(한국투자 ACE 구글밸류체인액티브증권상장지수투자신탁(주식), 상장일 2024.06.11)",https://kind.krx.co.kr/disclosure/disclosurebystocktype.do?method=searchDisclosureByStockTypeEtfSub&forward=disclosurebystocktype_etf_sub&currentPageSize=100&pageIndex=1&orderMode=1&orderStat=D&etfIsuSrtCd=&reportCd=&reportTmp=&etfIsuSrtNm=&reportNm=%EC%8B%A0%EA%B7%9C%EC%83%81%EC%9E%A5&fromDate=2024-06-01&toDate=2024-06-30,kind_listing_notice_title,official_notice_pending_isin,2026-08-14T07:26:02+00:00
HANARO 주주가치성장코리아액티브,48287,2024-06-11,2024-06-07 16:31,20240607000096,"신규상장(NH-Amundi HANARO 주주가치성장코리아액티브 증권상장지수투자신탁(주식), 상장일 2024.06.11)",https://kind.krx.co.kr/disclosure/disclosurebystocktype.do?method=searchDisclosureByStockTypeEtfSub&forward=disclosurebystocktype_etf_sub&currentPageSize=100&pageIndex=1&orderMode=1&orderStat=D&etfIsuSrtCd=&reportCd=&reportTmp=&etfIsuSrtNm=&reportNm=%EC%8B%A0%EA%B7%9C%EC%83%81%EC%9E%A5&fromDate=2024-06-01&toDate=2024-06-30,kind_listing_notice_title,official_notice_pending_isin,2026-08-14T07:26:02+00:00
ACE 애플밸류체인액티브,48342,2024-06-11,2024-06-07 16:28,20240607000097,"신규상장(한국투자 ACE 애플밸류체인액티브증권상장지수투자신탁(주식), 상장일 2024.06.11)",https://kind.krx.co.kr/disclosure/disclosurebystocktype.do?method=searchDisclosureByStockTypeEtfSub&forward=disclosurebystocktype_etf_sub&currentPageSize=100&pageIndex=1&orderMode=1&orderStat=D&etfIsuSrtCd=&reportCd=&reportTmp=&etfIsuSrtNm=&reportNm=%EC%8B%A0%EA%B7%9C%EC%83%81%EC%9E%A5&fromDate=2024-06-01&toDate=2024-06-30,kind_listing_notice_title,official_notice_pending_isin,2026-08-14T07:26:02+00:00
ACE 엔비디아밸류체인액티브,48332,2024-06-11,2024-06-07 16:27,20240607000212,"신규상장(한국투자 ACE 엔비디아밸류체인액티브증권상장지수투자신탁(주식), 상장일 2024.06.11)",https://kind.krx.co.kr/disclosure/disclosurebystocktype.do?method=searchDisclosureByStockTypeEtfSub&forward=disclosurebystocktype_etf_sub&currentPageSize=100&pageIndex=1&orderMode=1&orderStat=D&etfIsuSrtCd=&reportCd=&reportTmp=&etfIsuSrtNm=&reportNm=%EC%8B%A0%EA%B7%9C%EC%83%81%EC%9E%A5&fromDate=2024-06-01&toDate=2024-06-30,kind_listing_notice_title,official_notice_pending_isin,2026-08-14T07:26:02+00:00
ACE 마이크로소프트밸류체인액티브,48333,2024-06-11,2024-06-07 16:26,20240607000213,"신규상장(한국투자 ACE 마이크로소프트밸류체인액티브증권상장지수투자신탁(주식), 상장일 2024.06.11)",https://kind.krx.co.kr/disclosure/disclosurebystocktype.do?method=searchDisclosureByStockTypeEtfSub&forward=disclosurebystocktype_etf_sub&currentPageSize=100&pageIndex=1&orderMode=1&orderStat=D&etfIsuSrtCd=&reportCd=&reportTmp=&etfIsuSrtNm=&reportNm=%EC%8B%A0%EA%B7%9C%EC%83%81%EC%9E%A5&fromDate=2024-06-01&toDate=2024-06-30,kind_listing_notice_title,official_notice_pending_isin,2026-08-14T07:26:02+00:00
KODEX 미국30년국채액티브(H),48479,2024-06-18,2024-06-14 13:58,20240614000228,"신규상장(삼성 KODEX 미국30년국채액티브증권상장지수투자신탁[채권-재간접형](H), 상장일 2024.06.18)",https://kind.krx.co.kr/disclosure/disclosurebystocktype.do?method=searchDisclosureByStockTypeEtfSub&forward=disclosurebystocktype_etf_sub&currentPageSize=100&pageIndex=1&orderMode=1&orderStat=D&etfIsuSrtCd=&reportCd=&reportTmp=&etfIsuSrtNm=&reportNm=%EC%8B%A0%EA%B7%9C%EC%83%81%EC%9E%A5&fromDate=2024-06-01&toDate=2024-06-30,kind_listing_notice_title,official_notice_pending_isin,2026-08-14T07:26:02+00:00
DAISHIN343 AI반도체&인프라액티브,48624,2024-06-18,2024-06-14 13:56,20240614000229,"신규상장(대신 DAISHIN343 AI반도체&인프라액티브증권상장지수투자신탁[주식], 상장일 2024.06.18)",https://kind.krx.co.kr/disclosure/disclosurebystocktype.do?method=searchDisclosureByStockTypeEtfSub&forward=disclosurebystocktype_etf_sub&currentPageSize=100&pageIndex=1&orderMode=1&orderStat=D&etfIsuSrtCd=&reportCd=&reportTmp=&etfIsuSrtNm=&reportNm=%EC%8B%A0%EA%B7%9C%EC%83%81%EC%9E%A5&fromDate=2024-06-01&toDate=2024-06-30,kind_listing_notice_title,official_notice_pending_isin,2026-08-14T07:26:02+00:00
RISE 25-06 은행채(AA+이상)액티브,48323,2024-06-18,2024-06-14 13:54,20240614000246,"신규상장(KB KBSTAR 25-06 은행채(AA+이상)액티브증권상장지수투자신탁(채권), 상장일 2024.06.18)",https://kind.krx.co.kr/disclosure/disclosurebystocktype.do?method=searchDisclosureByStockTypeEtfSub&forward=disclosurebystocktype_etf_sub&currentPageSize=100&pageIndex=1&orderMode=1&orderStat=D&etfIsuSrtCd=&reportCd=&reportTmp=&etfIsuSrtNm=&reportNm=%EC%8B%A0%EA%B7%9C%EC%83%81%EC%9E%A5&fromDate=2024-06-01&toDate=2024-06-30,kind_listing_notice_title,official_notice_pending_isin,2026-08-14T07:26:02+00:00
SOL 금융지주플러스고배당,48488,2024-06-25,2024-06-21 18:03,20240621000198,"신규상장(신한 SOL 금융지주플러스고배당증권상장지수투자신탁[주식], 상장일 2024.06.25)",https://kind.krx.co.kr/disclosure/disclosurebystocktype.do?method=searchDisclosureByStockTypeEtfSub&forward=disclosurebystocktype_etf_sub&currentPageSize=100&pageIndex=1&orderMode=1&orderStat=D&etfIsuSrtCd=&reportCd=&reportTmp=&etfIsuSrtNm=&reportNm=%EC%8B%A0%EA%B7%9C%EC%83%81%EC%9E%A5&fromDate=2024-06-01&toDate=2024-06-30,kind_listing_notice_title,official_notice_pending_isin,2026-08-14T07:26:02+00:00
SOL 머니마켓액티브,48489,2024-06-25,2024-06-21 18:03,20240621000201,"신규상장(신한 SOL 머니마켓액티브증권상장지수투자신탁[채권], 상장일 2024.06.25)",https://kind.krx.co.kr/disclosure/disclosurebystocktype.do?method=searchDisclosureByStockTypeEtfSub&forward=disclosurebystocktype_etf_sub&currentPageSize=100&pageIndex=1&orderMode=1&orderStat=D&etfIsuSrtCd=&reportCd=&reportTmp=&etfIsuSrtNm=&reportNm=%EC%8B%A0%EA%B7%9C%EC%83%81%EC%9E%A5&fromDate=2024-06-01&toDate=2024-06-30,kind_listing_notice_title,official_notice_pending_isin,2026-08-14T07:26:02+00:00
TIGER 미국나스닥100타겟데일리커버드콜,48629,2024-06-25,2024-06-21 18:03,20240621000231,"신규상장(미래에셋 TIGER 미국나스닥100+15%프리미엄초단기옵션증권상장지수투자신탁(주식), 상장일 2024.06.25)",https://kind.krx.co.kr/disclosure/disclosurebystocktype.do?method=searchDisclosureByStockTypeEtfSub&forward=disclosurebystocktype_etf_sub&currentPageSize=100&pageIndex=1&orderMode=1&orderStat=D&etfIsuSrtCd=&reportCd=&reportTmp=&etfIsuSrtNm=&reportNm=%EC%8B%A0%EA%B7%9C%EC%83%81%EC%9E%A5&fromDate=2024-06-01&toDate=2024-06-30,kind_listing_notice_title,official_notice_pending_isin,2026-08-14T07:26:02+00:00
KODEX 미국AI테크TOP10,48554,2024-06-25,2024-06-21 18:03,20240621000232,"신규상장(삼성 KODEX 미국AI테크TOP10증권상장지수투자신탁[주식], 상장일 2024.06.25)",https://kind.krx.co.kr/disclosure/disclosurebystocktype.do?method=searchDisclosureByStockTypeEtfSub&forward=disclosurebystocktype_etf_sub&currentPageSize=100&pageIndex=1&orderMode=1&orderStat=D&etfIsuSrtCd=&reportCd=&reportTmp=&etfIsuSrtNm=&reportNm=%EC%8B%A0%EA%B7%9C%EC%83%81%EC%9E%A5&fromDate=2024-06-01&toDate=2024-06-30,kind_listing_notice_title,official_notice_pending_isin,2026-08-14T07:26:02+00:00
TIME 글로벌바이오액티브,48581,2024-07-02,2024-06-28 14:29,20240628000215,"신규상장(타임폴리오 TIMEFOLIO 글로벌안티에이징바이오액티브증권상장지수투자신탁[주식], 상장일 2024.07.02)",https://kind.krx.co.kr/disclosure/disclosurebystocktype.do?method=searchDisclosureByStockTypeEtfSub&forward=disclosurebystocktype_etf_sub&currentPageSize=100&pageIndex=1&orderMode=1&orderStat=D&etfIsuSrtCd=&reportCd=&reportTmp=&etfIsuSrtNm=&reportNm=%EC%8B%A0%EA%B7%9C%EC%83%81%EC%9E%A5&fromDate=2024-06-01&toDate=2024-06-30,kind_listing_notice_title,official_notice_pending_isin,2026-08-14T07:26:02+00:00
KoAct AI인프라액티브,48713,2024-07-09,2024-07-05 14:17,20240705000087,"신규상장(삼성액티브 KoAct AI인프라액티브증권상장지수투자신탁[주식], 상장일 2024.07.09)",https://kind.krx.co.kr/disclosure/disclosurebystocktype.do?method=searchDisclosureByStockTypeEtfSub&forward=disclosurebystocktype_etf_sub&currentPageSize=100&pageIndex=1&orderMode=1&orderStat=D&etfIsuSrtCd=&reportCd=&reportTmp=&etfIsuSrtNm=&reportNm=%EC%8B%A0%EA%B7%9C%EC%83%81%EC%9E%A5&fromDate=2024-07-01&toDate=2024-07-31,kind_listing_notice_title,official_notice_pending_isin,2026-08-14T07:26:02+00:00
KODEX AI전력핵심설비,48724,2024-07-09,2024-07-05 14:15,20240705000112,"신규상장(삼성 KODEX AI전력핵심설비증권상장지수투자신탁[주식], 상장일 2024.07.09)",https://kind.krx.co.kr/disclosure/disclosurebystocktype.do?method=searchDisclosureByStockTypeEtfSub&forward=disclosurebystocktype_etf_sub&currentPageSize=100&pageIndex=1&orderMode=1&orderStat=D&etfIsuSrtCd=&reportCd=&reportTmp=&etfIsuSrtNm=&reportNm=%EC%8B%A0%EA%B7%9C%EC%83%81%EC%9E%A5&fromDate=2024-07-01&toDate=2024-07-31,kind_listing_notice_title,official_notice_pending_isin,2026-08-14T07:26:02+00:00
KODEX 미국AI전력핵심인프라,48723,2024-07-09,2024-07-05 14:14,20240705000114,"신규상장(삼성 KODEX 미국AI전력핵심인프라증권상장지수투자신탁[주식], 상장일 2024.07.09)",https://kind.krx.co.kr/disclosure/disclosurebystocktype.do?method=searchDisclosureByStockTypeEtfSub&forward=disclosurebystocktype_etf_sub&currentPageSize=100&pageIndex=1&orderMode=1&orderStat=D&etfIsuSrtCd=&reportCd=&reportTmp=&etfIsuSrtNm=&reportNm=%EC%8B%A0%EA%B7%9C%EC%83%81%EC%9E%A5&fromDate=2024-07-01&toDate=2024-07-31,kind_listing_notice_title,official_notice_pending_isin,2026-08-14T07:26:02+00:00
ACE 머니마켓액티브,48734,2024-07-09,2024-07-05 14:12,20240705000116,"신규상장(한국투자 ACE CD금리&초단기채권액티브증권상장지수투자신탁(채권), 상장일 2024.07.09)",https://kind.krx.co.kr/disclosure/disclosurebystocktype.do?method=searchDisclosureByStockTypeEtfSub&forward=disclosurebystocktype_etf_sub&currentPageSize=100&pageIndex=1&orderMode=1&orderStat=D&etfIsuSrtCd=&reportCd=&reportTmp=&etfIsuSrtNm=&reportNm=%EC%8B%A0%EA%B7%9C%EC%83%81%EC%9E%A5&fromDate=2024-07-01&toDate=2024-07-31,kind_listing_notice_title,official_notice_pending_isin,2026-08-14T07:26:02+00:00
HANARO 200선물레버리지1.5X,48678,2024-07-09,2024-07-05 14:11,20240705000190,"신규상장(NH-Amundi HANARO 200선물레버리지1.5X증권상장지수투자신탁(주식-파생형), 상장일 2024.07.09)",https://kind.krx.co.kr/disclosure/disclosurebystocktype.do?method=searchDisclosureByStockTypeEtfSub&forward=disclosurebystocktype_etf_sub&currentPageSize=100&pageIndex=1&orderMode=1&orderStat=D&etfIsuSrtCd=&reportCd=&reportTmp=&etfIsuSrtNm=&reportNm=%EC%8B%A0%EA%B7%9C%EC%83%81%EC%9E%A5&fromDate=2024-07-01&toDate=2024-07-31,kind_listing_notice_title,official_notice_pending_isin,2026-08-14T07:26:02+00:00
HANARO 코스닥150선물레버리지1.5X,48679,2024-07-09,2024-07-05 14:09,20240705000191,"신규상장(NH-Amundi HANARO 코스닥150선물레버리지1.5X증권상장지수투자신탁(주식-파생형), 상장일 2024.07.09)",https://kind.krx.co.kr/disclosure/disclosurebystocktype.do?method=searchDisclosureByStockTypeEtfSub&forward=disclosurebystocktype_etf_sub&currentPageSize=100&pageIndex=1&orderMode=1&orderStat=D&etfIsuSrtCd=&reportCd=&reportTmp=&etfIsuSrtNm=&reportNm=%EC%8B%A0%EA%B7%9C%EC%83%81%EC%9E%A5&fromDate=2024-07-01&toDate=2024-07-31,kind_listing_notice_title,official_notice_pending_isin,2026-08-14T07:26:02+00:00
HANARO 머니마켓액티브,48683,2024-07-16,2024-07-12 17:36,20240712000070,"신규상장(NH-Amundi HANARO 머니마켓액티브증권상장지수투자신탁(채권), 상장일 2024.07.16)",https://kind.krx.co.kr/disclosure/disclosurebystocktype.do?method=searchDisclosureByStockTypeEtfSub&forward=disclosurebystocktype_etf_sub&currentPageSize=100&pageIndex=1&orderMode=1&orderStat=D&etfIsuSrtCd=&reportCd=&reportTmp=&etfIsuSrtNm=&reportNm=%EC%8B%A0%EA%B7%9C%EC%83%81%EC%9E%A5&fromDate=2024-07-01&toDate=2024-07-31,kind_listing_notice_title,official_notice_pending_isin,2026-08-14T07:26:02+00:00
SOL 미국AI전력인프라,48645,2024-07-16,2024-07-12 17:34,20240712000071,"신규상장(신한 SOL 미국AI전력인프라증권상장지수투자신탁[주식], 상장일 2024.07.16)",https://kind.krx.co.kr/disclosure/disclosurebystocktype.do?method=searchDisclosureByStockTypeEtfSub&forward=disclosurebystocktype_etf_sub&currentPageSize=100&pageIndex=1&orderMode=1&orderStat=D&etfIsuSrtCd=&reportCd=&reportTmp=&etfIsuSrtNm=&reportNm=%EC%8B%A0%EA%B7%9C%EC%83%81%EC%9E%A5&fromDate=2024-07-01&toDate=2024-07-31,kind_listing_notice_title,official_notice_pending_isin,2026-08-14T07:26:02+00:00
RISE 미국AI밸류체인TOP3Plus,48569,2024-07-23,2024-07-19 13:30,20240719000075,"신규상장(KB RISE 미국AI밸류체인TOP3Plus증권상장지수투자신탁(주식), 상장일 2024.07.23)",https://kind.krx.co.kr/disclosure/disclosurebystocktype.do?method=searchDisclosureByStockTypeEtfSub&forward=disclosurebystocktype_etf_sub&currentPageSize=100&pageIndex=1&orderMode=1&orderStat=D&etfIsuSrtCd=&reportCd=&reportTmp=&etfIsuSrtNm=&reportNm=%EC%8B%A0%EA%B7%9C%EC%83%81%EC%9E%A5&fromDate=2024-07-01&toDate=2024-07-31,kind_listing_notice_title,official_notice_pending_isin,2026-08-14T07:26:02+00:00
KIWOOM K-반도체북미공급망,48821,2024-07-23,2024-07-19 13:28,20240719000105,"신규상장(키움 KOSEF K-반도체북미공급망증권상장지수투자신탁[주식], 상장일 2024.07.23)",https://kind.krx.co.kr/disclosure/disclosurebystocktype.do?method=searchDisclosureByStockTypeEtfSub&forward=disclosurebystocktype_etf_sub&currentPageSize=100&pageIndex=1&orderMode=1&orderStat=D&etfIsuSrtCd=&reportCd=&reportTmp=&etfIsuSrtNm=&reportNm=%EC%8B%A0%EA%B7%9C%EC%83%81%EC%9E%A5&fromDate=2024-07-01&toDate=2024-07-31,kind_listing_notice_title,official_notice_pending_isin,2026-08-14T07:26:02+00:00
KIWOOM K-2차전지북미공급망,48820,2024-07-23,2024-07-19 13:26,20240719000106,"신규상장(키움 KOSEF K-2차전지북미공급망증권상장지수투자신탁[주식], 상장일 2024.07.23)",https://kind.krx.co.kr/disclosure/disclosurebystocktype.do?method=searchDisclosureByStockTypeEtfSub&forward=disclosurebystocktype_etf_sub&currentPageSize=100&pageIndex=1&orderMode=1&orderStat=D&etfIsuSrtCd=&reportCd=&reportTmp=&etfIsuSrtNm=&reportNm=%EC%8B%A0%EA%B7%9C%EC%83%81%EC%9E%A5&fromDate=2024-07-01&toDate=2024-07-31,kind_listing_notice_title,official_notice_pending_isin,2026-08-14T07:26:02+00:00
BNK 온디바이스AI,48775,2024-07-23,2024-07-19 13:25,20240719000114,"신규상장(BNK BNK 온디바이스AI증권상장지수투자신탁(주식), 상장일 2024.07.23)",https://kind.krx.co.kr/disclosure/disclosurebystocktype.do?method=searchDisclosureByStockTypeEtfSub&forward=disclosurebystocktype_etf_sub&currentPageSize=100&pageIndex=1&orderMode=1&orderStat=D&etfIsuSrtCd=&reportCd=&reportTmp=&etfIsuSrtNm=&reportNm=%EC%8B%A0%EA%B7%9C%EC%83%81%EC%9E%A5&fromDate=2024-07-01&toDate=2024-07-31,kind_listing_notice_title,official_notice_pending_isin,2026-08-14T07:26:02+00:00
KODEX 대만테크고배당다우존스,48795,2024-07-23,2024-07-19 13:23,20240719000182,"신규상장(삼성 KODEX 대만테크고배당다우존스증권상장지수투자신탁[주식], 상장일 2024.07.23)",https://kind.krx.co.kr/disclosure/disclosurebystocktype.do?method=searchDisclosureByStockTypeEtfSub&forward=disclosurebystocktype_etf_sub&currentPageSize=100&pageIndex=1&orderMode=1&orderStat=D&etfIsuSrtCd=&reportCd=&reportTmp=&etfIsuSrtNm=&reportNm=%EC%8B%A0%EA%B7%9C%EC%83%81%EC%9E%A5&fromDate=2024-07-01&toDate=2024-07-31,kind_listing_notice_title,official_notice_pending_isin,2026-08-14T07:26:02+00:00
TIGER 반도체TOP10레버리지,48808,2024-07-23,2024-07-19 13:21,20240719000184,"신규상장(미래에셋 TIGER 반도체TOP10레버리지증권상장지수투자신탁(주식-파생형), 상장일 2024.07.23)",https://kind.krx.co.kr/disclosure/disclosurebystocktype.do?method=searchDisclosureByStockTypeEtfSub&forward=disclosurebystocktype_etf_sub&currentPageSize=100&pageIndex=1&orderMode=1&orderStat=D&etfIsuSrtCd=&reportCd=&reportTmp=&etfIsuSrtNm=&reportNm=%EC%8B%A0%EA%B7%9C%EC%83%81%EC%9E%A5&fromDate=2024-07-01&toDate=2024-07-31,kind_listing_notice_title,official_notice_pending_isin,2026-08-14T07:26:02+00:00
TIGER 미국S&P500동일가중,48850,2024-07-23,2024-07-19 13:20,20240719000185,"신규상장(미래에셋 TIGER 미국S&P500동일가중증권상장지수투자신탁(주식), 상장일 2024.07.23)",https://kind.krx.co.kr/disclosure/disclosurebystocktype.do?method=searchDisclosureByStockTypeEtfSub&forward=disclosurebystocktype_etf_sub&currentPageSize=100&pageIndex=1&orderMode=1&orderStat=D&etfIsuSrtCd=&reportCd=&reportTmp=&etfIsuSrtNm=&reportNm=%EC%8B%A0%EA%B7%9C%EC%83%81%EC%9E%A5&fromDate=2024-07-01&toDate=2024-07-31,kind_listing_notice_title,official_notice_pending_isin,2026-08-14T07:26:02+00:00
MIDAS 일본테크액티브,48829,2024-08-06,2024-08-02 14:02,20240802000042,"신규상장(마이다스 마이다스 일본테크액티브증권상장지수투자신탁(주식), 상장일 2024.08.06)",https://kind.krx.co.kr/disclosure/disclosurebystocktype.do?method=searchDisclosureByStockTypeEtfSub&forward=disclosurebystocktype_etf_sub&currentPageSize=100&pageIndex=1&orderMode=1&orderStat=D&etfIsuSrtCd=&reportCd=&reportTmp=&etfIsuSrtNm=&reportNm=%EC%8B%A0%EA%B7%9C%EC%83%81%EC%9E%A5&fromDate=2024-08-01&toDate=2024-08-31,kind_listing_notice_title,official_notice_pending_isin,2026-08-14T07:26:02+00:00
WON 종합채권(AA-이상)액티브,48872,2024-08-06,2024-08-02 14:03,20240802000043,"신규상장(우리 WOORI 종합채권(AA-이상)액티브증권상장지수투자신탁(채권), 상장일 2024.08.06)",https://kind.krx.co.kr/disclosure/disclosurebystocktype.do?method=searchDisclosureByStockTypeEtfSub&forward=disclosurebystocktype_etf_sub&currentPageSize=100&pageIndex=1&orderMode=1&orderStat=D&etfIsuSrtCd=&reportCd=&reportTmp=&etfIsuSrtNm=&reportNm=%EC%8B%A0%EA%B7%9C%EC%83%81%EC%9E%A5&fromDate=2024-08-01&toDate=2024-08-31,kind_listing_notice_title,official_notice_pending_isin,2026-08-14T07:26:02+00:00
KODEX 머니마켓액티브,48877,2024-08-06,2024-08-02 14:04,20240802000172,"신규상장(삼성 KODEX 머니마켓액티브증권상장지수투자신탁[채권], 상장일 2024.08.06)",https://kind.krx.co.kr/disclosure/disclosurebystocktype.do?method=searchDisclosureByStockTypeEtfSub&forward=disclosurebystocktype_etf_sub&currentPageSize=100&pageIndex=1&orderMode=1&orderStat=D&etfIsuSrtCd=&reportCd=&reportTmp=&etfIsuSrtNm=&reportNm=%EC%8B%A0%EA%B7%9C%EC%83%81%EC%9E%A5&fromDate=2024-08-01&toDate=2024-08-31,kind_listing_notice_title,official_notice_pending_isin,2026-08-14T07:26:02+00:00
PLUS 글로벌AI인프라,48901,2024-08-13,2024-08-09 13:41,20240809000090,"신규상장(한화 PLUS 글로벌AI인프라증권상장지수투자신탁(주식), 상장일 2024.08.13)",https://kind.krx.co.kr/disclosure/disclosurebystocktype.do?method=searchDisclosureByStockTypeEtfSub&forward=disclosurebystocktype_etf_sub&currentPageSize=100&pageIndex=1&orderMode=1&orderStat=D&etfIsuSrtCd=&reportCd=&reportTmp=&etfIsuSrtNm=&reportNm=%EC%8B%A0%EA%B7%9C%EC%83%81%EC%9E%A5&fromDate=2024-08-01&toDate=2024-08-31,kind_listing_notice_title,official_notice_pending_isin,2026-08-14T07:26:02+00:00
PLUS 고배당주위클리커버드콜,48903,2024-08-13,2024-08-09 13:42,20240809000092,"신규상장(한화 PLUS 고배당주위클리커버드콜증권상장지수투자신탁(주식-파생형), 상장일 2024.08.13)",https://kind.krx.co.kr/disclosure/disclosurebystocktype.do?method=searchDisclosureByStockTypeEtfSub&forward=disclosurebystocktype_etf_sub&currentPageSize=100&pageIndex=1&orderMode=1&orderStat=D&etfIsuSrtCd=&reportCd=&reportTmp=&etfIsuSrtNm=&reportNm=%EC%8B%A0%EA%B7%9C%EC%83%81%EC%9E%A5&fromDate=2024-08-01&toDate=2024-08-31,kind_listing_notice_title,official_notice_pending_isin,2026-08-14T07:26:02+00:00
PLUS 일본엔화초단기국채(합성),48900,2024-08-13,2024-08-09 13:42,20240809000097,"신규상장(한화 PLUS 일본엔화초단기국채증권상장지수투자신탁(채권-파생형)(합성), 상장일 2024.08.13)",https://kind.krx.co.kr/disclosure/disclosurebystocktype.do?method=searchDisclosureByStockTypeEtfSub&forward=disclosurebystocktype_etf_sub&currentPageSize=100&pageIndex=1&orderMode=1&orderStat=D&etfIsuSrtCd=&reportCd=&reportTmp=&etfIsuSrtNm=&reportNm=%EC%8B%A0%EA%B7%9C%EC%83%81%EC%9E%A5&fromDate=2024-08-01&toDate=2024-08-31,kind_listing_notice_title,official_notice_pending_isin,2026-08-14T07:26:02+00:00
KODEX 미국배당다우존스,48925,2024-08-13,2024-08-09 13:42,20240809000237,"신규상장(삼성 KODEX 미국배당다우존스증권상장지수투자신탁[주식], 상장일 2024.08.13)",https://kind.krx.co.kr/disclosure/disclosurebystocktype.do?method=searchDisclosureByStockTypeEtfSub&forward=disclosurebystocktype_etf_sub&currentPageSize=100&pageIndex=1&orderMode=1&orderStat=D&etfIsuSrtCd=&reportCd=&reportTmp=&etfIsuSrtNm=&reportNm=%EC%8B%A0%EA%B7%9C%EC%83%81%EC%9E%A5&fromDate=2024-08-01&toDate=2024-08-31,kind_listing_notice_title,official_notice_pending_isin,2026-08-14T07:26:02+00:00
RISE 일본섹터TOP4Plus,48848,2024-08-20,2024-08-16 17:16,20240816000134,"신규상장(KB RISE 일본섹터TOP4Plus증권상장지수투자신탁(주식), 상장일 2024.08.20)",https://kind.krx.co.kr/disclosure/disclosurebystocktype.do?method=searchDisclosureByStockTypeEtfSub&forward=disclosurebystocktype_etf_sub&currentPageSize=100&pageIndex=1&orderMode=1&orderStat=D&etfIsuSrtCd=&reportCd=&reportTmp=&etfIsuSrtNm=&reportNm=%EC%8B%A0%EA%B7%9C%EC%83%81%EC%9E%A5&fromDate=2024-08-01&toDate=2024-08-31,kind_listing_notice_title,official_notice_pending_isin,2026-08-14T07:26:02+00:00
KIWOOM 글로벌전력GRID인프라,48986,2024-08-27,2024-08-23 15:01,20240823000227,"신규상장(키움 KOSEF 글로벌전력GRID인프라증권상장지수투자신탁[주식], 상장일 2024.08.27)",https://kind.krx.co.kr/disclosure/disclosurebystocktype.do?method=searchDisclosureByStockTypeEtfSub&forward=disclosurebystocktype_etf_sub&currentPageSize=100&pageIndex=1&orderMode=1&orderStat=D&etfIsuSrtCd=&reportCd=&reportTmp=&etfIsuSrtNm=&reportNm=%EC%8B%A0%EA%B7%9C%EC%83%81%EC%9E%A5&fromDate=2024-08-01&toDate=2024-08-31,kind_listing_notice_title,official_notice_pending_isin,2026-08-14T07:26:02+00:00
TIGER 미국AI빅테크10,49009,2024-08-27,2024-08-23 14:58,20240823000230,"신규상장(미래에셋 TIGER 미국AI빅테크10증권상장지수투자신탁(주식), 상장일 2024.08.27)",https://kind.krx.co.kr/disclosure/disclosurebystocktype.do?method=searchDisclosureByStockTypeEtfSub&forward=disclosurebystocktype_etf_sub&currentPageSize=100&pageIndex=1&orderMode=1&orderStat=D&etfIsuSrtCd=&reportCd=&reportTmp=&etfIsuSrtNm=&reportNm=%EC%8B%A0%EA%B7%9C%EC%83%81%EC%9E%A5&fromDate=2024-08-01&toDate=2024-08-31,kind_listing_notice_title,official_notice_pending_isin,2026-08-14T07:26:02+00:00
WON 미국빌리어네어,48929,2024-09-03,2024-08-30 17:10,20240830000023,"신규상장(우리 WON 미국빌리어네어증권상장지수투자신탁(주식), 상장일 2024.09.03)",https://kind.krx.co.kr/disclosure/disclosurebystocktype.do?method=searchDisclosureByStockTypeEtfSub&forward=disclosurebystocktype_etf_sub&currentPageSize=100&pageIndex=1&orderMode=1&orderStat=D&etfIsuSrtCd=&reportCd=&reportTmp=&etfIsuSrtNm=&reportNm=%EC%8B%A0%EA%B7%9C%EC%83%81%EC%9E%A5&fromDate=2024-08-01&toDate=2024-08-31,kind_listing_notice_title,official_notice_pending_isin,2026-08-14T07:26:02+00:00
KoAct 미국치매&뇌질환치료제액티브,49033,2024-09-03,2024-08-30 17:08,20240830000068,"신규상장(삼성액티브 KoAct 미국뇌질환치료제액티브증권상장지수투자신탁[주식], 상장일 2024.09.03)",https://kind.krx.co.kr/disclosure/disclosurebystocktype.do?method=searchDisclosureByStockTypeEtfSub&forward=disclosurebystocktype_etf_sub&currentPageSize=100&pageIndex=1&orderMode=1&orderStat=D&etfIsuSrtCd=&reportCd=&reportTmp=&etfIsuSrtNm=&reportNm=%EC%8B%A0%EA%B7%9C%EC%83%81%EC%9E%A5&fromDate=2024-08-01&toDate=2024-08-31,kind_listing_notice_title,official_notice_pending_isin,2026-08-14T07:26:02+00:00
HK 200,49170,2024-09-10,2024-09-06 14:36,20240906000050,"신규상장(흥국 HK 200증권상장지수투자신탁[주식], 상장일 2024.09.10)",https://kind.krx.co.kr/disclosure/disclosurebystocktype.do?method=searchDisclosureByStockTypeEtfSub&forward=disclosurebystocktype_etf_sub&currentPageSize=100&pageIndex=1&orderMode=1&orderStat=D&etfIsuSrtCd=&reportCd=&reportTmp=&etfIsuSrtNm=&reportNm=%EC%8B%A0%EA%B7%9C%EC%83%81%EC%9E%A5&fromDate=2024-09-01&toDate=2024-09-30,kind_listing_notice_title,official_notice_pending_isin,2026-08-14T07:26:02+00:00
ACE 인도컨슈머파워액티브,48791,2024-09-10,2024-09-06 14:40,20240906000066,"신규상장(한국투자 ACE 인도컨슈머파워액티브증권상장지수투자신탁(주식), 상장일 2024.09.10)",https://kind.krx.co.kr/disclosure/disclosurebystocktype.do?method=searchDisclosureByStockTypeEtfSub&forward=disclosurebystocktype_etf_sub&currentPageSize=100&pageIndex=1&orderMode=1&orderStat=D&etfIsuSrtCd=&reportCd=&reportTmp=&etfIsuSrtNm=&reportNm=%EC%8B%A0%EA%B7%9C%EC%83%81%EC%9E%A5&fromDate=2024-09-01&toDate=2024-09-30,kind_listing_notice_title,official_notice_pending_isin,2026-08-14T07:26:02+00:00
TIGER 글로벌AI인프라액티브,49101,2024-09-10,2024-09-06 14:38,20240906000067,"신규상장(미래에셋 TIGER 글로벌AI인프라액티브증권상장지수투자신탁(주식), 상장일 2024.09.10)",https://kind.krx.co.kr/disclosure/disclosurebystocktype.do?method=searchDisclosureByStockTypeEtfSub&forward=disclosurebystocktype_etf_sub&currentPageSize=100&pageIndex=1&orderMode=1&orderStat=D&etfIsuSrtCd=&reportCd=&reportTmp=&etfIsuSrtNm=&reportNm=%EC%8B%A0%EA%B7%9C%EC%83%81%EC%9E%A5&fromDate=2024-09-01&toDate=2024-09-30,kind_listing_notice_title,official_notice_pending_isin,2026-08-14T07:26:02+00:00
ACE 인도시장대표BIG5그룹액티브,48792,2024-09-10,2024-09-06 14:43,20240906000071,"신규상장(한국투자 ACE 인도시장대표BIG5그룹액티브증권상장지수투자신탁(주식), 상장일 2024.09.10)",https://kind.krx.co.kr/disclosure/disclosurebystocktype.do?method=searchDisclosureByStockTypeEtfSub&forward=disclosurebystocktype_etf_sub&currentPageSize=100&pageIndex=1&orderMode=1&orderStat=D&etfIsuSrtCd=&reportCd=&reportTmp=&etfIsuSrtNm=&reportNm=%EC%8B%A0%EA%B7%9C%EC%83%81%EC%9E%A5&fromDate=2024-09-01&toDate=2024-09-30,kind_listing_notice_title,official_notice_pending_isin,2026-08-14T07:26:02+00:00
KODEX 25-12 은행채(AAA)액티브,49108,2024-09-10,2024-09-06 14:49,20240906000074,"신규상장(삼성 KODEX 25-12 은행채(AAA)액티브증권상장지수투자신탁[채권], 상장일 2024.09.10)",https://kind.krx.co.kr/disclosure/disclosurebystocktype.do?method=searchDisclosureByStockTypeEtfSub&forward=disclosurebystocktype_etf_sub&currentPageSize=100&pageIndex=1&orderMode=1&orderStat=D&etfIsuSrtCd=&reportCd=&reportTmp=&etfIsuSrtNm=&reportNm=%EC%8B%A0%EA%B7%9C%EC%83%81%EC%9E%A5&fromDate=2024-09-01&toDate=2024-09-30,kind_listing_notice_title,official_notice_pending_isin,2026-08-14T07:26:02+00:00
KODEX 미국테크 TOP3 플러스,49109,2024-09-10,2024-09-06 14:47,20240906000075,"신규상장(삼성 KODEX 미국테크1조달러기업포커스증권상장지수투자신탁[주식], 상장일 2024.09.10)",https://kind.krx.co.kr/disclosure/disclosurebystocktype.do?method=searchDisclosureByStockTypeEtfSub&forward=disclosurebystocktype_etf_sub&currentPageSize=100&pageIndex=1&orderMode=1&orderStat=D&etfIsuSrtCd=&reportCd=&reportTmp=&etfIsuSrtNm=&reportNm=%EC%8B%A0%EA%B7%9C%EC%83%81%EC%9E%A5&fromDate=2024-09-01&toDate=2024-09-30,kind_listing_notice_title,official_notice_pending_isin,2026-08-14T07:26:02+00:00
PLUS 국공채머니마켓액티브,49123,2024-09-10,2024-09-06 14:45,20240906000076,"신규상장(한화 PLUS 국공채머니마켓액티브증권상장지수투자신탁(채권), 상장일 2024.09.10)",https://kind.krx.co.kr/disclosure/disclosurebystocktype.do?method=searchDisclosureByStockTypeEtfSub&forward=disclosurebystocktype_etf_sub&currentPageSize=100&pageIndex=1&orderMode=1&orderStat=D&etfIsuSrtCd=&reportCd=&reportTmp=&etfIsuSrtNm=&reportNm=%EC%8B%A0%EA%B7%9C%EC%83%81%EC%9E%A5&fromDate=2024-09-01&toDate=2024-09-30,kind_listing_notice_title,official_notice_pending_isin,2026-08-14T07:26:02+00:00
PLUS 200TR,49122,2024-09-10,2024-09-06 14:52,20240906000077,"신규상장(한화 PLUS 200 Total Return증권상장지수투자신탁(주식), 상장일 2024.09.10)",https://kind.krx.co.kr/disclosure/disclosurebystocktype.do?method=searchDisclosureByStockTypeEtfSub&forward=disclosurebystocktype_etf_sub&currentPageSize=100&pageIndex=1&orderMode=1&orderStat=D&etfIsuSrtCd=&reportCd=&reportTmp=&etfIsuSrtNm=&reportNm=%EC%8B%A0%EA%B7%9C%EC%83%81%EC%9E%A5&fromDate=2024-09-01&toDate=2024-09-30,kind_listing_notice_title,official_notice_pending_isin,2026-08-14T07:26:02+00:00
파워 K-주주가치액티브,49151,2024-09-24,2024-09-20 14:41,20240920000039,"신규상장(교보악사 파워 K-주주가치액티브증권상장지수투자신탁[주식], 상장일 2024.09.24)",https://kind.krx.co.kr/disclosure/disclosurebystocktype.do?method=searchDisclosureByStockTypeEtfSub&forward=disclosurebystocktype_etf_sub&currentPageSize=100&pageIndex=1&orderMode=1&orderStat=D&etfIsuSrtCd=&reportCd=&reportTmp=&etfIsuSrtNm=&reportNm=%EC%8B%A0%EA%B7%9C%EC%83%81%EC%9E%A5&fromDate=2024-09-01&toDate=2024-09-30,kind_listing_notice_title,official_notice_pending_isin,2026-08-14T07:26:02+00:00
TIGER 미국AI반도체팹리스,49183,2024-09-24,2024-09-20 14:40,20240920000073,"신규상장(미래에셋 TIGER 미국AI반도체팹리스증권상장지수투자신탁(주식), 상장일 2024.09.24)",https://kind.krx.co.kr/disclosure/disclosurebystocktype.do?method=searchDisclosureByStockTypeEtfSub&forward=disclosurebystocktype_etf_sub&currentPageSize=100&pageIndex=1&orderMode=1&orderStat=D&etfIsuSrtCd=&reportCd=&reportTmp=&etfIsuSrtNm=&reportNm=%EC%8B%A0%EA%B7%9C%EC%83%81%EC%9E%A5&fromDate=2024-09-01&toDate=2024-09-30,kind_listing_notice_title,official_notice_pending_isin,2026-08-14T07:26:02+00:00
RISE 미국배당100데일리고정커버드콜,49060,2024-09-24,2024-09-20 14:39,20240920000075,"신규상장(KB RISE 미국배당100데일리고정커버드콜증권상장지수투자신탁(주식-파생형), 상장일 2024.09.24)",https://kind.krx.co.kr/disclosure/disclosurebystocktype.do?method=searchDisclosureByStockTypeEtfSub&forward=disclosurebystocktype_etf_sub&currentPageSize=100&pageIndex=1&orderMode=1&orderStat=D&etfIsuSrtCd=&reportCd=&reportTmp=&etfIsuSrtNm=&reportNm=%EC%8B%A0%EA%B7%9C%EC%83%81%EC%9E%A5&fromDate=2024-09-01&toDate=2024-09-30,kind_listing_notice_title,official_notice_pending_isin,2026-08-14T07:26:02+00:00
KIWOOM 25-09 회사채(AA-이상)액티브,48987,2024-09-24,2024-09-20 14:38,20240920000162,"신규상장(키움 히어로즈 25-09 회사채(AA-이상)액티브증권상장지수투자신탁[채권], 상장일 2024.09.24)",https://kind.krx.co.kr/disclosure/disclosurebystocktype.do?method=searchDisclosureByStockTypeEtfSub&forward=disclosurebystocktype_etf_sub&currentPageSize=100&pageIndex=1&orderMode=1&orderStat=D&etfIsuSrtCd=&reportCd=&reportTmp=&etfIsuSrtNm=&reportNm=%EC%8B%A0%EA%B7%9C%EC%83%81%EC%9E%A5&fromDate=2024-09-01&toDate=2024-09-30,kind_listing_notice_title,official_notice_pending_isin,2026-08-14T07:26:02+00:00
1Q CD금리액티브(합성),49161,2024-09-24,2024-09-20 14:37,20240920000163,"신규상장(하나 1Q CD금리액티브증권상장지수투자신탁(채권혼합-파생형)(합성), 상장일 2024.09.24)",https://kind.krx.co.kr/disclosure/disclosurebystocktype.do?method=searchDisclosureByStockTypeEtfSub&forward=disclosurebystocktype_etf_sub&currentPageSize=100&pageIndex=1&orderMode=1&orderStat=D&etfIsuSrtCd=&reportCd=&reportTmp=&etfIsuSrtNm=&reportNm=%EC%8B%A0%EA%B7%9C%EC%83%81%EC%9E%A5&fromDate=2024-09-01&toDate=2024-09-30,kind_listing_notice_title,official_notice_pending_isin,2026-08-14T07:26:02+00:00
SOL 미국배당미국채혼합50,49049,2024-09-24,2024-09-20 14:36,20240920000180,"신규상장(신한 SOL 미국배당미국채혼합50증권상장지수투자신탁[채권혼합], 상장일 2024.09.24)",https://kind.krx.co.kr/disclosure/disclosurebystocktype.do?method=searchDisclosureByStockTypeEtfSub&forward=disclosurebystocktype_etf_sub&currentPageSize=100&pageIndex=1&orderMode=1&orderStat=D&etfIsuSrtCd=&reportCd=&reportTmp=&etfIsuSrtNm=&reportNm=%EC%8B%A0%EA%B7%9C%EC%83%81%EC%9E%A5&fromDate=2024-09-01&toDate=2024-09-30,kind_listing_notice_title,official_notice_pending_isin,2026-08-14T07:26:02+00:00
HANARO 전력설비투자,49182,2024-09-24,2024-09-20 14:35,20240920000181,"신규상장(NH-Amundi HANARO 전력설비투자증권상장지수투자신탁(주식), 상장일 2024.09.24)",https://kind.krx.co.kr/disclosure/disclosurebystocktype.do?method=searchDisclosureByStockTypeEtfSub&forward=disclosurebystocktype_etf_sub&currentPageSize=100&pageIndex=1&orderMode=1&orderStat=D&etfIsuSrtCd=&reportCd=&reportTmp=&etfIsuSrtNm=&reportNm=%EC%8B%A0%EA%B7%9C%EC%83%81%EC%9E%A5&fromDate=2024-09-01&toDate=2024-09-30,kind_listing_notice_title,official_notice_pending_isin,2026-08-14T07:26:02+00:00
RISE 미국AI밸류체인데일리고정커버드콜,49059,2024-10-02,2024-09-27 14:41,20240927000104,"신규상장(KB RISE 미국AI밸류체인데일리고정커버드콜증권상장지수투자신탁(주식-파생형), 상장일 2024.10.02)",https://kind.krx.co.kr/disclosure/disclosurebystocktype.do?method=searchDisclosureByStockTypeEtfSub&forward=disclosurebystocktype_etf_sub&currentPageSize=100&pageIndex=1&orderMode=1&orderStat=D&etfIsuSrtCd=&reportCd=&reportTmp=&etfIsuSrtNm=&reportNm=%EC%8B%A0%EA%B7%9C%EC%83%81%EC%9E%A5&fromDate=2024-09-01&toDate=2024-09-30,kind_listing_notice_title,official_notice_pending_isin,2026-08-14T07:26:02+00:00
SOL K방산,49048,2024-10-02,2024-09-27 14:40,20240927000111,"신규상장(신한 SOL K방산증권상장지수투자신탁[주식], 상장일 2024.10.02)",https://kind.krx.co.kr/disclosure/disclosurebystocktype.do?method=searchDisclosureByStockTypeEtfSub&forward=disclosurebystocktype_etf_sub&currentPageSize=100&pageIndex=1&orderMode=1&orderStat=D&etfIsuSrtCd=&reportCd=&reportTmp=&etfIsuSrtNm=&reportNm=%EC%8B%A0%EA%B7%9C%EC%83%81%EC%9E%A5&fromDate=2024-09-01&toDate=2024-09-30,kind_listing_notice_title,official_notice_pending_isin,2026-08-14T07:26:02+00:00
RISE 미국테크100데일리고정커버드콜,49162,2024-10-02,2024-09-27 14:38,20240927000112,"신규상장(KB RISE 미국테크100데일리고정커버드콜증권상장지수투자신탁(주식-파생형), 상장일 2024.10.02)",https://kind.krx.co.kr/disclosure/disclosurebystocktype.do?method=searchDisclosureByStockTypeEtfSub&forward=disclosurebystocktype_etf_sub&currentPageSize=100&pageIndex=1&orderMode=1&orderStat=D&etfIsuSrtCd=&reportCd=&reportTmp=&etfIsuSrtNm=&reportNm=%EC%8B%A0%EA%B7%9C%EC%83%81%EC%9E%A5&fromDate=2024-09-01&toDate=2024-09-30,kind_listing_notice_title,official_notice_pending_isin,2026-08-14T07:26:02+00:00
1Q 현대차그룹채권(A+이상)&국고통안,49250,2024-10-02,2024-09-27 14:36,20240927000124,"신규상장(하나 1Q 현대차그룹채권(A+이상)&국고통안 증권상장지수투자신탁(채권), 상장일 2024.10.02)",https://kind.krx.co.kr/disclosure/disclosurebystocktype.do?method=searchDisclosureByStockTypeEtfSub&forward=disclosurebystocktype_etf_sub&currentPageSize=100&pageIndex=1&orderMode=1&orderStat=D&etfIsuSrtCd=&reportCd=&reportTmp=&etfIsuSrtNm=&reportNm=%EC%8B%A0%EA%B7%9C%EC%83%81%EC%9E%A5&fromDate=2024-09-01&toDate=2024-09-30,kind_listing_notice_title,official_notice_pending_isin,2026-08-14T07:26:02+00:00
SOL 미국배당다우존스2호,49342,2024-10-08,2024-10-04 11:09,20241004000088,"신규상장(신한 SOL 미국배당다우존스TotalReturn증권상장지수투자신탁[주식], 상장일 2024.10.08)",https://kind.krx.co.kr/disclosure/disclosurebystocktype.do?method=searchDisclosureByStockTypeEtfSub&forward=disclosurebystocktype_etf_sub&currentPageSize=100&pageIndex=1&orderMode=1&orderStat=D&etfIsuSrtCd=&reportCd=&reportTmp=&etfIsuSrtNm=&reportNm=%EC%8B%A0%EA%B7%9C%EC%83%81%EC%9E%A5&fromDate=2024-10-01&toDate=2024-10-31,kind_listing_notice_title,official_notice_pending_isin,2026-08-14T07:26:02+00:00
SOL 26-12 회사채(AA-이상)액티브,48898,2024-10-08,2024-10-04 11:08,20241004000092,"신규상장(신한 SOL 26-12회사채(AA-이상)액티브증권상장지수투자신탁[채권], 상장일 2024.10.08)",https://kind.krx.co.kr/disclosure/disclosurebystocktype.do?method=searchDisclosureByStockTypeEtfSub&forward=disclosurebystocktype_etf_sub&currentPageSize=100&pageIndex=1&orderMode=1&orderStat=D&etfIsuSrtCd=&reportCd=&reportTmp=&etfIsuSrtNm=&reportNm=%EC%8B%A0%EA%B7%9C%EC%83%81%EC%9E%A5&fromDate=2024-10-01&toDate=2024-10-31,kind_listing_notice_title,official_notice_pending_isin,2026-08-14T07:26:02+00:00
ACE 라이프자산주주가치액티브,49433,2024-10-15,2024-10-11 17:17,20241011000012,"신규상장(한국투자 ACE 라이프자산주주가치액티브증권상장지수투자신탁(주식), 상장일 2024.10.15)",https://kind.krx.co.kr/disclosure/disclosurebystocktype.do?method=searchDisclosureByStockTypeEtfSub&forward=disclosurebystocktype_etf_sub&currentPageSize=100&pageIndex=1&orderMode=1&orderStat=D&etfIsuSrtCd=&reportCd=&reportTmp=&etfIsuSrtNm=&reportNm=%EC%8B%A0%EA%B7%9C%EC%83%81%EC%9E%A5&fromDate=2024-10-01&toDate=2024-10-31,kind_listing_notice_title,official_notice_pending_isin,2026-08-14T07:26:02+00:00
HANARO 25-12 은행채(AA+이상)액티브,48957,2024-10-15,2024-10-11 17:15,20241011000013,"신규상장(NH-Amundi HANARO 25-12 은행채(AA+이상)액티브증권상장지수투자신탁(채권), 상장일 2024.10.15)",https://kind.krx.co.kr/disclosure/disclosurebystocktype.do?method=searchDisclosureByStockTypeEtfSub&forward=disclosurebystocktype_etf_sub&currentPageSize=100&pageIndex=1&orderMode=1&orderStat=D&etfIsuSrtCd=&reportCd=&reportTmp=&etfIsuSrtNm=&reportNm=%EC%8B%A0%EA%B7%9C%EC%83%81%EC%9E%A5&fromDate=2024-10-01&toDate=2024-10-31,kind_listing_notice_title,official_notice_pending_isin,2026-08-14T07:26:02+00:00
SOL 미국500타겟데일리커버드콜액티브,49421,2024-10-15,2024-10-11 17:14,20241011000087,"신규상장(신한 SOL 미국500타겟커버드콜액티브증권상장지수투자신탁[주식-파생형], 상장일 2024.10.15)",https://kind.krx.co.kr/disclosure/disclosurebystocktype.do?method=searchDisclosureByStockTypeEtfSub&forward=disclosurebystocktype_etf_sub&currentPageSize=100&pageIndex=1&orderMode=1&orderStat=D&etfIsuSrtCd=&reportCd=&reportTmp=&etfIsuSrtNm=&reportNm=%EC%8B%A0%EA%B7%9C%EC%83%81%EC%9E%A5&fromDate=2024-10-01&toDate=2024-10-31,kind_listing_notice_title,official_notice_pending_isin,2026-08-14T07:26:02+00:00
TIGER 미국AI빅테크10타겟데일리커버드콜,49381,2024-10-15,2024-10-11 17:12,20241011000143,"신규상장(미래에셋 TIGER 미국AI빅테크10타겟데일리커버드콜증권상장지수투자신탁(주식), 상장일 2024.10.15)",https://kind.krx.co.kr/disclosure/disclosurebystocktype.do?method=searchDisclosureByStockTypeEtfSub&forward=disclosurebystocktype_etf_sub&currentPageSize=100&pageIndex=1&orderMode=1&orderStat=D&etfIsuSrtCd=&reportCd=&reportTmp=&etfIsuSrtNm=&reportNm=%EC%8B%A0%EA%B7%9C%EC%83%81%EC%9E%A5&fromDate=2024-10-01&toDate=2024-10-31,kind_listing_notice_title,official_notice_pending_isin,2026-08-14T07:26:02+00:00
KODEX 반도체레버리지,49431,2024-10-22,2024-10-18 14:38,20241018000045,"신규상장(삼성 KODEX 반도체레버리지증권상장지수투자신탁[주식-파생형], 상장일 2024.10.22)",https://kind.krx.co.kr/disclosure/disclosurebystocktype.do?method=searchDisclosureByStockTypeEtfSub&forward=disclosurebystocktype_etf_sub&currentPageSize=100&pageIndex=1&orderMode=1&orderStat=D&etfIsuSrtCd=&reportCd=&reportTmp=&etfIsuSrtNm=&reportNm=%EC%8B%A0%EA%B7%9C%EC%83%81%EC%9E%A5&fromDate=2024-10-01&toDate=2024-10-31,kind_listing_notice_title,official_notice_pending_isin,2026-08-14T07:26:02+00:00
KODEX 미국나스닥100데일리커버드콜OTM,49430,2024-10-22,2024-10-18 14:36,20241018000046,"신규상장(삼성 KODEX 미국나스닥100데일리커버드콜OTM증권상장지수투자신탁[주식-파생형], 상장일 2024.10.22)",https://kind.krx.co.kr/disclosure/disclosurebystocktype.do?method=searchDisclosureByStockTypeEtfSub&forward=disclosurebystocktype_etf_sub&currentPageSize=100&pageIndex=1&orderMode=1&orderStat=D&etfIsuSrtCd=&reportCd=&reportTmp=&etfIsuSrtNm=&reportNm=%EC%8B%A0%EA%B7%9C%EC%83%81%EC%9E%A5&fromDate=2024-10-01&toDate=2024-10-31,kind_listing_notice_title,official_notice_pending_isin,2026-08-14T07:26:02+00:00
RISE 미국반도체인버스(합성 H),49163,2024-10-22,2024-10-18 14:35,20241018000047,"신규상장(KB RISE 미국반도체인버스증권상장지수투자신탁(주식-파생형)(합성 H), 상장일 2024.10.22)",https://kind.krx.co.kr/disclosure/disclosurebystocktype.do?method=searchDisclosureByStockTypeEtfSub&forward=disclosurebystocktype_etf_sub&currentPageSize=100&pageIndex=1&orderMode=1&orderStat=D&etfIsuSrtCd=&reportCd=&reportTmp=&etfIsuSrtNm=&reportNm=%EC%8B%A0%EA%B7%9C%EC%83%81%EC%9E%A5&fromDate=2024-10-01&toDate=2024-10-31,kind_listing_notice_title,official_notice_pending_isin,2026-08-14T07:26:02+00:00
PLUS 미국S&P500성장주,49441,2024-10-22,2024-10-18 14:33,20241018000049,"신규상장(한화 PLUS 미국S&P500성장주증권상장지수투자신탁(주식), 상장일 2024.10.22)",https://kind.krx.co.kr/disclosure/disclosurebystocktype.do?method=searchDisclosureByStockTypeEtfSub&forward=disclosurebystocktype_etf_sub&currentPageSize=100&pageIndex=1&orderMode=1&orderStat=D&etfIsuSrtCd=&reportCd=&reportTmp=&etfIsuSrtNm=&reportNm=%EC%8B%A0%EA%B7%9C%EC%83%81%EC%9E%A5&fromDate=2024-10-01&toDate=2024-10-31,kind_listing_notice_title,official_notice_pending_isin,2026-08-14T07:26:02+00:00
PLUS 미국배당증가성장주데일리커버드콜,49442,2024-10-22,2024-10-18 14:33,20241018000051,"신규상장(한화 PLUS 미국배당증가성장주데일리커버드콜증권상장지수투자신탁(주식-파생형), 상장일 2024.10.22)",https://kind.krx.co.kr/disclosure/disclosurebystocktype.do?method=searchDisclosureByStockTypeEtfSub&forward=disclosurebystocktype_etf_sub&currentPageSize=100&pageIndex=1&orderMode=1&orderStat=D&etfIsuSrtCd=&reportCd=&reportTmp=&etfIsuSrtNm=&reportNm=%EC%8B%A0%EA%B7%9C%EC%83%81%EC%9E%A5&fromDate=2024-10-01&toDate=2024-10-31,kind_listing_notice_title,official_notice_pending_isin,2026-08-14T07:26:02+00:00
TIGER 조선TOP10,49467,2024-10-22,2024-10-18 14:31,20241018000053,"신규상장(미래에셋 TIGER 조선TOP10증권상장지수투자신탁(주식), 상장일 2024.10.22)",https://kind.krx.co.kr/disclosure/disclosurebystocktype.do?method=searchDisclosureByStockTypeEtfSub&forward=disclosurebystocktype_etf_sub&currentPageSize=100&pageIndex=1&orderMode=1&orderStat=D&etfIsuSrtCd=&reportCd=&reportTmp=&etfIsuSrtNm=&reportNm=%EC%8B%A0%EA%B7%9C%EC%83%81%EC%9E%A5&fromDate=2024-10-01&toDate=2024-10-31,kind_listing_notice_title,official_notice_pending_isin,2026-08-14T07:26:02+00:00
ACE 글로벌AI맞춤형반도체,49434,2024-10-22,2024-10-18 14:30,20241018000054,"신규상장(한국투자 ACE 글로벌AI맞춤형반도체증권상장지수투자신탁(주식), 상장일 2024.10.22)",https://kind.krx.co.kr/disclosure/disclosurebystocktype.do?method=searchDisclosureByStockTypeEtfSub&forward=disclosurebystocktype_etf_sub&currentPageSize=100&pageIndex=1&orderMode=1&orderStat=D&etfIsuSrtCd=&reportCd=&reportTmp=&etfIsuSrtNm=&reportNm=%EC%8B%A0%EA%B7%9C%EC%83%81%EC%9E%A5&fromDate=2024-10-01&toDate=2024-10-31,kind_listing_notice_title,official_notice_pending_isin,2026-08-14T07:26:02+00:00
TIME 글로벌소비트렌드액티브,49418,2024-10-29,2024-10-25 17:34,20241025000051,"신규상장(타임폴리오 TIMEFOLIO 글로벌소비트렌드액티브증권상장지수투자신탁[주식], 상장일 2024.10.29)",https://kind.krx.co.kr/disclosure/disclosurebystocktype.do?method=searchDisclosureByStockTypeEtfSub&forward=disclosurebystocktype_etf_sub&currentPageSize=100&pageIndex=1&orderMode=1&orderStat=D&etfIsuSrtCd=&reportCd=&reportTmp=&etfIsuSrtNm=&reportNm=%EC%8B%A0%EA%B7%9C%EC%83%81%EC%9E%A5&fromDate=2024-10-01&toDate=2024-10-31,kind_listing_notice_title,official_notice_pending_isin,2026-08-14T07:26:02+00:00
KODEX 200액티브,49489,2024-10-29,2024-10-25 17:33,20241025000057,"신규상장(삼성 KODEX 200액티브증권상장지수투자신탁[주식-파생형], 상장일 2024.10.29)",https://kind.krx.co.kr/disclosure/disclosurebystocktype.do?method=searchDisclosureByStockTypeEtfSub&forward=disclosurebystocktype_etf_sub&currentPageSize=100&pageIndex=1&orderMode=1&orderStat=D&etfIsuSrtCd=&reportCd=&reportTmp=&etfIsuSrtNm=&reportNm=%EC%8B%A0%EA%B7%9C%EC%83%81%EC%9E%A5&fromDate=2024-10-01&toDate=2024-10-31,kind_listing_notice_title,official_notice_pending_isin,2026-08-14T07:26:02+00:00
TIGER 미국방산TOP10,49484,2024-10-29,2024-10-25 17:31,20241025000126,"신규상장(미래에셋 TIGER 미국방산TOP10증권상장지수투자신탁(주식), 상장일 2024.10.29)",https://kind.krx.co.kr/disclosure/disclosurebystocktype.do?method=searchDisclosureByStockTypeEtfSub&forward=disclosurebystocktype_etf_sub&currentPageSize=100&pageIndex=1&orderMode=1&orderStat=D&etfIsuSrtCd=&reportCd=&reportTmp=&etfIsuSrtNm=&reportNm=%EC%8B%A0%EA%B7%9C%EC%83%81%EC%9E%A5&fromDate=2024-10-01&toDate=2024-10-31,kind_listing_notice_title,official_notice_pending_isin,2026-08-14T07:26:02+00:00
TIGER 25-12 금융채(AA-이상),49490,2024-10-29,2024-10-25 17:30,20241025000127,"신규상장(미래에셋 TIGER 25-12 금융채(AA-이상)증권상장지수투자신탁(채권), 상장일 2024.10.29)",https://kind.krx.co.kr/disclosure/disclosurebystocktype.do?method=searchDisclosureByStockTypeEtfSub&forward=disclosurebystocktype_etf_sub&currentPageSize=100&pageIndex=1&orderMode=1&orderStat=D&etfIsuSrtCd=&reportCd=&reportTmp=&etfIsuSrtNm=&reportNm=%EC%8B%A0%EA%B7%9C%EC%83%81%EC%9E%A5&fromDate=2024-10-01&toDate=2024-10-31,kind_listing_notice_title,official_notice_pending_isin,2026-08-14T07:26:02+00:00
HANARO 코리아밸류업,49575,2024-11-04,2024-10-31 17:38,20241031000263,"신규상장(NH-Amundi HANARO 코리아밸류업증권상장지수투자신탁(주식), 상장일 2024.11.04)",https://kind.krx.co.kr/disclosure/disclosurebystocktype.do?method=searchDisclosureByStockTypeEtfSub&forward=disclosurebystocktype_etf_sub&currentPageSize=100&pageIndex=1&orderMode=1&orderStat=D&etfIsuSrtCd=&reportCd=&reportTmp=&etfIsuSrtNm=&reportNm=%EC%8B%A0%EA%B7%9C%EC%83%81%EC%9E%A5&fromDate=2024-10-01&toDate=2024-10-31,kind_listing_notice_title,official_notice_pending_isin,2026-08-14T07:26:02+00:00
1Q 코리아밸류업,49533,2024-11-04,2024-10-31 17:39,20241031000264,"신규상장(하나 1Q 코리아밸류업증권상장지수투자신탁(주식), 상장일 2024.11.04)",https://kind.krx.co.kr/disclosure/disclosurebystocktype.do?method=searchDisclosureByStockTypeEtfSub&forward=disclosurebystocktype_etf_sub&currentPageSize=100&pageIndex=1&orderMode=1&orderStat=D&etfIsuSrtCd=&reportCd=&reportTmp=&etfIsuSrtNm=&reportNm=%EC%8B%A0%EA%B7%9C%EC%83%81%EC%9E%A5&fromDate=2024-10-01&toDate=2024-10-31,kind_listing_notice_title,official_notice_pending_isin,2026-08-14T07:26:02+00:00
TIME 코리아밸류업액티브,49506,2024-11-04,2024-10-31 17:41,20241031000271,"신규상장(타임폴리오 TIMEFOLIO 코리아밸류업액티브증권상장지수투자신탁[주식], 상장일 2024.11.04)",https://kind.krx.co.kr/disclosure/disclosurebystocktype.do?method=searchDisclosureByStockTypeEtfSub&forward=disclosurebystocktype_etf_sub&currentPageSize=100&pageIndex=1&orderMode=1&orderStat=D&etfIsuSrtCd=&reportCd=&reportTmp=&etfIsuSrtNm=&reportNm=%EC%8B%A0%EA%B7%9C%EC%83%81%EC%9E%A5&fromDate=2024-10-01&toDate=2024-10-31,kind_listing_notice_title,official_notice_pending_isin,2026-08-14T07:26:02+00:00
KoAct 코리아밸류업액티브,49523,2024-11-04,2024-10-31 17:42,20241031000273,"신규상장(삼성액티브 KoAct 코리아밸류업액티브증권상장지수투자신탁[주식], 상장일 2024.11.04)",https://kind.krx.co.kr/disclosure/disclosurebystocktype.do?method=searchDisclosureByStockTypeEtfSub&forward=disclosurebystocktype_etf_sub&currentPageSize=100&pageIndex=1&orderMode=1&orderStat=D&etfIsuSrtCd=&reportCd=&reportTmp=&etfIsuSrtNm=&reportNm=%EC%8B%A0%EA%B7%9C%EC%83%81%EC%9E%A5&fromDate=2024-10-01&toDate=2024-10-31,kind_listing_notice_title,official_notice_pending_isin,2026-08-14T07:26:02+00:00
TRUSTON 코리아밸류업액티브,49613,2024-11-04,2024-10-31 17:44,20241031000274,"신규상장(트러스톤 TRUSTON 코리아밸류업액티브증권상장지수투자신탁[주식], 상장일 2024.11.04)",https://kind.krx.co.kr/disclosure/disclosurebystocktype.do?method=searchDisclosureByStockTypeEtfSub&forward=disclosurebystocktype_etf_sub&currentPageSize=100&pageIndex=1&orderMode=1&orderStat=D&etfIsuSrtCd=&reportCd=&reportTmp=&etfIsuSrtNm=&reportNm=%EC%8B%A0%EA%B7%9C%EC%83%81%EC%9E%A5&fromDate=2024-10-01&toDate=2024-10-31,kind_listing_notice_title,official_notice_pending_isin,2026-08-14T07:26:02+00:00
PLUS 코리아밸류업,49504,2024-11-04,2024-10-31 17:37,20241031000630,"신규상장(한화 PLUS 코리아밸류업증권상장지수투자신탁(주식), 상장일 2024.11.04)",https://kind.krx.co.kr/disclosure/disclosurebystocktype.do?method=searchDisclosureByStockTypeEtfSub&forward=disclosurebystocktype_etf_sub&currentPageSize=100&pageIndex=1&orderMode=1&orderStat=D&etfIsuSrtCd=&reportCd=&reportTmp=&etfIsuSrtNm=&reportNm=%EC%8B%A0%EA%B7%9C%EC%83%81%EC%9E%A5&fromDate=2024-10-01&toDate=2024-10-31,kind_listing_notice_title,official_notice_pending_isin,2026-08-14T07:26:02+00:00
KODEX 코리아밸류업,49585,2024-11-04,2024-10-31 17:35,20241031000658,"신규상장(삼성 KODEX 코리아밸류업증권상장지수투자신탁[주식], 상장일 2024.11.04)",https://kind.krx.co.kr/disclosure/disclosurebystocktype.do?method=searchDisclosureByStockTypeEtfSub&forward=disclosurebystocktype_etf_sub&currentPageSize=100&pageIndex=1&orderMode=1&orderStat=D&etfIsuSrtCd=&reportCd=&reportTmp=&etfIsuSrtNm=&reportNm=%EC%8B%A0%EA%B7%9C%EC%83%81%EC%9E%A5&fromDate=2024-10-01&toDate=2024-10-31,kind_listing_notice_title,official_notice_pending_isin,2026-08-14T07:26:02+00:00
RISE 코리아밸류업,49505,2024-11-04,2024-10-31 17:30,20241031000663,"신규상장(KB RISE 코리아밸류업증권상장지수투자신탁(주식), 상장일 2024.11.04)",https://kind.krx.co.kr/disclosure/disclosurebystocktype.do?method=searchDisclosureByStockTypeEtfSub&forward=disclosurebystocktype_etf_sub&currentPageSize=100&pageIndex=1&orderMode=1&orderStat=D&etfIsuSrtCd=&reportCd=&reportTmp=&etfIsuSrtNm=&reportNm=%EC%8B%A0%EA%B7%9C%EC%83%81%EC%9E%A5&fromDate=2024-10-01&toDate=2024-10-31,kind_listing_notice_title,official_notice_pending_isin,2026-08-14T07:26:02+00:00
TIGER 코리아밸류업,49608,2024-11-04,2024-10-31 17:33,20241031000670,"신규상장(미래에셋 TIGER 코리아밸류업증권상장지수투자신탁(주식), 상장일 2024.11.04)",https://kind.krx.co.kr/disclosure/disclosurebystocktype.do?method=searchDisclosureByStockTypeEtfSub&forward=disclosurebystocktype_etf_sub&currentPageSize=100&pageIndex=1&orderMode=1&orderStat=D&etfIsuSrtCd=&reportCd=&reportTmp=&etfIsuSrtNm=&reportNm=%EC%8B%A0%EA%B7%9C%EC%83%81%EC%9E%A5&fromDate=2024-10-01&toDate=2024-10-31,kind_listing_notice_title,official_notice_pending_isin,2026-08-14T07:26:02+00:00
ACE 코리아밸류업,49612,2024-11-04,2024-10-31 17:29,20241031000671,"신규상장(한국투자 ACE 코리아밸류업증권상장지수투자신탁(주식), 상장일 2024.11.04)",https://kind.krx.co.kr/disclosure/disclosurebystocktype.do?method=searchDisclosureByStockTypeEtfSub&forward=disclosurebystocktype_etf_sub&currentPageSize=100&pageIndex=1&orderMode=1&orderStat=D&etfIsuSrtCd=&reportCd=&reportTmp=&etfIsuSrtNm=&reportNm=%EC%8B%A0%EA%B7%9C%EC%83%81%EC%9E%A5&fromDate=2024-10-01&toDate=2024-10-31,kind_listing_notice_title,official_notice_pending_isin,2026-08-14T07:26:02+00:00
SOL 코리아밸류업TR,49555,2024-11-04,2024-10-31 17:27,20241031000674,"신규상장(신한 SOL 코리아밸류업TotalReturn증권상장지수투자신탁[주식], 상장일 2024.11.04)",https://kind.krx.co.kr/disclosure/disclosurebystocktype.do?method=searchDisclosureByStockTypeEtfSub&forward=disclosurebystocktype_etf_sub&currentPageSize=100&pageIndex=1&orderMode=1&orderStat=D&etfIsuSrtCd=&reportCd=&reportTmp=&etfIsuSrtNm=&reportNm=%EC%8B%A0%EA%B7%9C%EC%83%81%EC%9E%A5&fromDate=2024-10-01&toDate=2024-10-31,kind_listing_notice_title,official_notice_pending_isin,2026-08-14T07:26:02+00:00
KIWOOM 코리아밸류업,49609,2024-11-04,2024-10-31 17:24,20241031000675,"신규상장(키움 KOSEF 코리아밸류업증권상장지수투자신탁[주식], 상장일 2024.11.04)",https://kind.krx.co.kr/disclosure/disclosurebystocktype.do?method=searchDisclosureByStockTypeEtfSub&forward=disclosurebystocktype_etf_sub&currentPageSize=100&pageIndex=1&orderMode=1&orderStat=D&etfIsuSrtCd=&reportCd=&reportTmp=&etfIsuSrtNm=&reportNm=%EC%8B%A0%EA%B7%9C%EC%83%81%EC%9E%A5&fromDate=2024-10-01&toDate=2024-10-31,kind_listing_notice_title,official_notice_pending_isin,2026-08-14T07:26:02+00:00
UNICORN SK하이닉스밸류체인액티브,49422,2024-11-07,2024-11-05 16:17,20241105000003,"신규상장(현대 UNICORN SK하이닉스밸류체인액티브증권상장지수투자신탁[주식], 상장일 2024.11.07)",https://kind.krx.co.kr/disclosure/disclosurebystocktype.do?method=searchDisclosureByStockTypeEtfSub&forward=disclosurebystocktype_etf_sub&currentPageSize=100&pageIndex=1&orderMode=1&orderStat=D&etfIsuSrtCd=&reportCd=&reportTmp=&etfIsuSrtNm=&reportNm=%EC%8B%A0%EA%B7%9C%EC%83%81%EC%9E%A5&fromDate=2024-11-01&toDate=2024-11-30,kind_listing_notice_title,official_notice_pending_isin,2026-08-14T07:26:02+00:00
PLUS 글로벌방산,49677,2024-11-12,2024-11-08 13:57,20241108000131,"신규상장(한화 PLUS 글로벌방산증권상장지수투자신탁(주식), 상장일 2024.11.12)",https://kind.krx.co.kr/disclosure/disclosurebystocktype.do?method=searchDisclosureByStockTypeEtfSub&forward=disclosurebystocktype_etf_sub&currentPageSize=100&pageIndex=1&orderMode=1&orderStat=D&etfIsuSrtCd=&reportCd=&reportTmp=&etfIsuSrtNm=&reportNm=%EC%8B%A0%EA%B7%9C%EC%83%81%EC%9E%A5&fromDate=2024-11-01&toDate=2024-11-30,kind_listing_notice_title,official_notice_pending_isin,2026-08-14T07:26:02+00:00
TIGER 미국나스닥100ETF선물,48324,2024-11-19,2024-11-15 15:31,20241115000102,"신규상장(미래에셋 TIGER 미국나스닥100ETF선물증권상장지수투자신탁(주식-파생형), 상장일 2024.11.19)",https://kind.krx.co.kr/disclosure/disclosurebystocktype.do?method=searchDisclosureByStockTypeEtfSub&forward=disclosurebystocktype_etf_sub&currentPageSize=100&pageIndex=1&orderMode=1&orderStat=D&etfIsuSrtCd=&reportCd=&reportTmp=&etfIsuSrtNm=&reportNm=%EC%8B%A0%EA%B7%9C%EC%83%81%EC%9E%A5&fromDate=2024-11-01&toDate=2024-11-30,kind_listing_notice_title,official_notice_pending_isin,2026-08-14T07:26:02+00:00
ACE 글로벌빅파마,49751,2024-11-19,2024-11-15 15:31,20241115000127,"신규상장(한국투자 ACE 글로벌빅파마증권상장지수투자신탁(주식), 상장일 2024.11.19)",https://kind.krx.co.kr/disclosure/disclosurebystocktype.do?method=searchDisclosureByStockTypeEtfSub&forward=disclosurebystocktype_etf_sub&currentPageSize=100&pageIndex=1&orderMode=1&orderStat=D&etfIsuSrtCd=&reportCd=&reportTmp=&etfIsuSrtNm=&reportNm=%EC%8B%A0%EA%B7%9C%EC%83%81%EC%9E%A5&fromDate=2024-11-01&toDate=2024-11-30,kind_listing_notice_title,official_notice_pending_isin,2026-08-14T07:26:02+00:00
WON 전단채플러스액티브,49602,2024-11-19,2024-11-15 15:31,20241115000128,"신규상장(우리 WON 전단채플러스액티브증권상장지수투자신탁(채권), 상장일 2024.11.19)",https://kind.krx.co.kr/disclosure/disclosurebystocktype.do?method=searchDisclosureByStockTypeEtfSub&forward=disclosurebystocktype_etf_sub&currentPageSize=100&pageIndex=1&orderMode=1&orderStat=D&etfIsuSrtCd=&reportCd=&reportTmp=&etfIsuSrtNm=&reportNm=%EC%8B%A0%EA%B7%9C%EC%83%81%EC%9E%A5&fromDate=2024-11-01&toDate=2024-11-30,kind_listing_notice_title,official_notice_pending_isin,2026-08-14T07:26:02+00:00
ACE 일라이릴리밸류체인,49752,2024-11-19,2024-11-15 15:31,20241115000140,"신규상장(한국투자 ACE 일라이릴리밸류체인증권상장지수투자신탁(주식), 상장일 2024.11.19)",https://kind.krx.co.kr/disclosure/disclosurebystocktype.do?method=searchDisclosureByStockTypeEtfSub&forward=disclosurebystocktype_etf_sub&currentPageSize=100&pageIndex=1&orderMode=1&orderStat=D&etfIsuSrtCd=&reportCd=&reportTmp=&etfIsuSrtNm=&reportNm=%EC%8B%A0%EA%B7%9C%EC%83%81%EC%9E%A5&fromDate=2024-11-01&toDate=2024-11-30,kind_listing_notice_title,official_notice_pending_isin,2026-08-14T07:26:02+00:00
파워 종합채권(AA-이상)액티브,49818,2024-11-26,2024-11-22 13:30,20241122000031,"신규상장(교보악사 파워 종합채권(AA-이상)액티브증권상장지수투자신탁[채권], 상장일 2024.11.26)",https://kind.krx.co.kr/disclosure/disclosurebystocktype.do?method=searchDisclosureByStockTypeEtfSub&forward=disclosurebystocktype_etf_sub&currentPageSize=100&pageIndex=1&orderMode=1&orderStat=D&etfIsuSrtCd=&reportCd=&reportTmp=&etfIsuSrtNm=&reportNm=%EC%8B%A0%EA%B7%9C%EC%83%81%EC%9E%A5&fromDate=2024-11-01&toDate=2024-11-30,kind_listing_notice_title,official_notice_pending_isin,2026-08-14T07:26:02+00:00
TIGER 미국필라델피아AI반도체나스닥,49757,2024-11-26,2024-11-22 13:31,20241122000032,"신규상장(미래에셋 TIGER 미국필라델피아AI반도체나스닥증권상장지수투자신탁(주식), 상장일 2024.11.26)",https://kind.krx.co.kr/disclosure/disclosurebystocktype.do?method=searchDisclosureByStockTypeEtfSub&forward=disclosurebystocktype_etf_sub&currentPageSize=100&pageIndex=1&orderMode=1&orderStat=D&etfIsuSrtCd=&reportCd=&reportTmp=&etfIsuSrtNm=&reportNm=%EC%8B%A0%EA%B7%9C%EC%83%81%EC%9E%A5&fromDate=2024-11-01&toDate=2024-11-30,kind_listing_notice_title,official_notice_pending_isin,2026-08-14T07:26:02+00:00
RISE 미국AI테크액티브,49594,2024-11-26,2024-11-22 13:33,20241122000033,"신규상장(KB RISE 미국AI테크액티브증권상장지수투자신탁(주식), 상장일 2024.11.26)",https://kind.krx.co.kr/disclosure/disclosurebystocktype.do?method=searchDisclosureByStockTypeEtfSub&forward=disclosurebystocktype_etf_sub&currentPageSize=100&pageIndex=1&orderMode=1&orderStat=D&etfIsuSrtCd=&reportCd=&reportTmp=&etfIsuSrtNm=&reportNm=%EC%8B%A0%EA%B7%9C%EC%83%81%EC%9E%A5&fromDate=2024-11-01&toDate=2024-11-30,kind_listing_notice_title,official_notice_pending_isin,2026-08-14T07:26:02+00:00
SOL CD금리&머니마켓액티브,49788,2024-11-26,2024-11-22 13:34,20241122000068,"신규상장(신한 SOL CD금리&머니마켓액티브증권상장지수투자신탁[채권], 상장일 2024.11.26)",https://kind.krx.co.kr/disclosure/disclosurebystocktype.do?method=searchDisclosureByStockTypeEtfSub&forward=disclosurebystocktype_etf_sub&currentPageSize=100&pageIndex=1&orderMode=1&orderStat=D&etfIsuSrtCd=&reportCd=&reportTmp=&etfIsuSrtNm=&reportNm=%EC%8B%A0%EA%B7%9C%EC%83%81%EC%9E%A5&fromDate=2024-11-01&toDate=2024-11-30,kind_listing_notice_title,official_notice_pending_isin,2026-08-14T07:26:02+00:00
HANARO 바이오코리아액티브,49805,2024-11-26,2024-11-22 13:35,20241122000070,"신규상장(NH-Amundi HANARO 바이오코리아액티브증권상장지수투자신탁(주식), 상장일 2024.11.26)",https://kind.krx.co.kr/disclosure/disclosurebystocktype.do?method=searchDisclosureByStockTypeEtfSub&forward=disclosurebystocktype_etf_sub&currentPageSize=100&pageIndex=1&orderMode=1&orderStat=D&etfIsuSrtCd=&reportCd=&reportTmp=&etfIsuSrtNm=&reportNm=%EC%8B%A0%EA%B7%9C%EC%83%81%EC%9E%A5&fromDate=2024-11-01&toDate=2024-11-30,kind_listing_notice_title,official_notice_pending_isin,2026-08-14T07:26:02+00:00
SOL 미국S&P500엔화노출(H),49915,2024-12-03,2024-11-29 14:21,20241129000073,"신규상장(신한 SOL 미국S&P500엔화노출증권상장지수투자신탁[주식-파생형](H), 상장일 2024.12.03)",https://kind.krx.co.kr/disclosure/disclosurebystocktype.do?method=searchDisclosureByStockTypeEtfSub&forward=disclosurebystocktype_etf_sub&currentPageSize=100&pageIndex=1&orderMode=1&orderStat=D&etfIsuSrtCd=&reportCd=&reportTmp=&etfIsuSrtNm=&reportNm=%EC%8B%A0%EA%B7%9C%EC%83%81%EC%9E%A5&fromDate=2024-11-01&toDate=2024-11-30,kind_listing_notice_title,official_notice_pending_isin,2026-08-14T07:26:02+00:00
KODEX 200타겟위클리커버드콜,49840,2024-12-03,2024-11-29 14:22,20241129000074,"신규상장(삼성 KODEX 200타겟위클리커버드콜증권상장지수투자신탁[주식-파생형], 상장일 2024.12.03)",https://kind.krx.co.kr/disclosure/disclosurebystocktype.do?method=searchDisclosureByStockTypeEtfSub&forward=disclosurebystocktype_etf_sub&currentPageSize=100&pageIndex=1&orderMode=1&orderStat=D&etfIsuSrtCd=&reportCd=&reportTmp=&etfIsuSrtNm=&reportNm=%EC%8B%A0%EA%B7%9C%EC%83%81%EC%9E%A5&fromDate=2024-11-01&toDate=2024-11-30,kind_listing_notice_title,official_notice_pending_isin,2026-08-14T07:26:02+00:00
BNK 26-06 특수채(AAA이상)액티브,49571,2024-12-03,2024-11-29 14:23,20241129000085,"신규상장(BNK BNK 26-06 특수채(AAA이상)액티브증권상장지수투자신탁(채권), 상장일 2024.12.03)",https://kind.krx.co.kr/disclosure/disclosurebystocktype.do?method=searchDisclosureByStockTypeEtfSub&forward=disclosurebystocktype_etf_sub&currentPageSize=100&pageIndex=1&orderMode=1&orderStat=D&etfIsuSrtCd=&reportCd=&reportTmp=&etfIsuSrtNm=&reportNm=%EC%8B%A0%EA%B7%9C%EC%83%81%EC%9E%A5&fromDate=2024-11-01&toDate=2024-11-30,kind_listing_notice_title,official_notice_pending_isin,2026-08-14T07:26:02+00:00
RISE 코리아금융고배당,49886,2024-12-10,2024-12-06 15:30,20241206000044,"신규상장(KB RISE 코리아금융고배당증권상장지수투자신탁(주식), 상장일 2024.12.10)",https://kind.krx.co.kr/disclosure/disclosurebystocktype.do?method=searchDisclosureByStockTypeEtfSub&forward=disclosurebystocktype_etf_sub&currentPageSize=100&pageIndex=1&orderMode=1&orderStat=D&etfIsuSrtCd=&reportCd=&reportTmp=&etfIsuSrtNm=&reportNm=%EC%8B%A0%EA%B7%9C%EC%83%81%EC%9E%A5&fromDate=2024-12-01&toDate=2024-12-31,kind_listing_notice_title,official_notice_pending_isin,2026-08-14T07:26:02+00:00
KoAct 미국천연가스인프라액티브,49778,2024-12-10,2024-12-06 15:30,20241206000141,"신규상장(삼성액티브 KoAct 미국천연가스인프라액티브증권상장지수투자신탁[주식], 상장일 2024.12.10)",https://kind.krx.co.kr/disclosure/disclosurebystocktype.do?method=searchDisclosureByStockTypeEtfSub&forward=disclosurebystocktype_etf_sub&currentPageSize=100&pageIndex=1&orderMode=1&orderStat=D&etfIsuSrtCd=&reportCd=&reportTmp=&etfIsuSrtNm=&reportNm=%EC%8B%A0%EA%B7%9C%EC%83%81%EC%9E%A5&fromDate=2024-12-01&toDate=2024-12-31,kind_listing_notice_title,official_notice_pending_isin,2026-08-14T07:26:02+00:00
KODEX 금융고배당TOP10타겟위클리커버드콜,49841,2024-12-17,2024-12-13 15:30,20241213000130,"신규상장(삼성 KODEX 금융고배당TOP10타겟위클리커버드콜증권상장지수투자신탁[주식-파생형], 상장일 2024.12.17)",https://kind.krx.co.kr/disclosure/disclosurebystocktype.do?method=searchDisclosureByStockTypeEtfSub&forward=disclosurebystocktype_etf_sub&currentPageSize=100&pageIndex=1&orderMode=1&orderStat=D&etfIsuSrtCd=&reportCd=&reportTmp=&etfIsuSrtNm=&reportNm=%EC%8B%A0%EA%B7%9C%EC%83%81%EC%9E%A5&fromDate=2024-12-01&toDate=2024-12-31,kind_listing_notice_title,official_notice_pending_isin,2026-08-14T07:26:02+00:00
TIGER CD금리플러스액티브(합성),49966,2024-12-17,2024-12-13 15:30,20241213000351,"신규상장(미래에셋 TIGER CD금리플러스액티브증권상장지수투자신탁(채권혼합-파생형)(합성), 상장일 2024.12.17)",https://kind.krx.co.kr/disclosure/disclosurebystocktype.do?method=searchDisclosureByStockTypeEtfSub&forward=disclosurebystocktype_etf_sub&currentPageSize=100&pageIndex=1&orderMode=1&orderStat=D&etfIsuSrtCd=&reportCd=&reportTmp=&etfIsuSrtNm=&reportNm=%EC%8B%A0%EA%B7%9C%EC%83%81%EC%9E%A5&fromDate=2024-12-01&toDate=2024-12-31,kind_listing_notice_title,official_notice_pending_isin,2026-08-14T07:26:02+00:00
KIWOOM 미국양자컴퓨팅,49827,2024-12-17,2024-12-13 15:30,20241213000357,"신규상장(키움 KOSEF 미국양자컴퓨팅증권상장지수투자신탁[주식], 상장일 2024.12.17)",https://kind.krx.co.kr/disclosure/disclosurebystocktype.do?method=searchDisclosureByStockTypeEtfSub&forward=disclosurebystocktype_etf_sub&currentPageSize=100&pageIndex=1&orderMode=1&orderStat=D&etfIsuSrtCd=&reportCd=&reportTmp=&etfIsuSrtNm=&reportNm=%EC%8B%A0%EA%B7%9C%EC%83%81%EC%9E%A5&fromDate=2024-12-01&toDate=2024-12-31,kind_listing_notice_title,official_notice_pending_isin,2026-08-14T07:26:02+00:00
TIGER 엔비디아미국채커버드콜밸런스(합성),0000D,2024-12-17,2024-12-13 15:30,20241213000704,"신규상장(미래에셋 TIGER NVDA-UST커버드콜증권상장지수투자신탁(채권혼합-파생재간접형)(합성), 상장일 2024.12.17)",https://kind.krx.co.kr/disclosure/disclosurebystocktype.do?method=searchDisclosureByStockTypeEtfSub&forward=disclosurebystocktype_etf_sub&currentPageSize=100&pageIndex=1&orderMode=1&orderStat=D&etfIsuSrtCd=&reportCd=&reportTmp=&etfIsuSrtNm=&reportNm=%EC%8B%A0%EA%B7%9C%EC%83%81%EC%9E%A5&fromDate=2024-12-01&toDate=2024-12-31,kind_listing_notice_title,official_notice_pending_isin,2026-08-14T07:26:02+00:00
TIGER 26-04 회사채(A+이상)액티브,0001S,2024-12-24,2024-12-20 13:33,20241220000053,"신규상장(미래에셋 TIGER 26-04 회사채(A+이상)액티브증권상장지수투자신탁(채권), 상장일 2024.12.24)",https://kind.krx.co.kr/disclosure/disclosurebystocktype.do?method=searchDisclosureByStockTypeEtfSub&forward=disclosurebystocktype_etf_sub&currentPageSize=100&pageIndex=1&orderMode=1&orderStat=D&etfIsuSrtCd=&reportCd=&reportTmp=&etfIsuSrtNm=&reportNm=%EC%8B%A0%EA%B7%9C%EC%83%81%EC%9E%A5&fromDate=2024-12-01&toDate=2024-12-31,kind_listing_notice_title,official_notice_pending_isin,2026-08-14T07:26:02+00:00
HK 26-12 회사채(AA-이상)액티브,0000Y,2024-12-24,2024-12-20 13:34,20241220000054,"신규상장(흥국 HK 26-12 회사채(AA-이상)액티브증권상장지수투자신탁[채권], 상장일 2024.12.24)",https://kind.krx.co.kr/disclosure/disclosurebystocktype.do?method=searchDisclosureByStockTypeEtfSub&forward=disclosurebystocktype_etf_sub&currentPageSize=100&pageIndex=1&orderMode=1&orderStat=D&etfIsuSrtCd=&reportCd=&reportTmp=&etfIsuSrtNm=&reportNm=%EC%8B%A0%EA%B7%9C%EC%83%81%EC%9E%A5&fromDate=2024-12-01&toDate=2024-12-31,kind_listing_notice_title,official_notice_pending_isin,2026-08-14T07:26:02+00:00
RISE 바이오TOP10액티브,0000Z,2024-12-24,2024-12-20 13:35,20241220000064,"신규상장(KB RISE 바이오TOP10액티브증권상장지수투자신탁(주식), 상장일 2024.12.24)",https://kind.krx.co.kr/disclosure/disclosurebystocktype.do?method=searchDisclosureByStockTypeEtfSub&forward=disclosurebystocktype_etf_sub&currentPageSize=100&pageIndex=1&orderMode=1&orderStat=D&etfIsuSrtCd=&reportCd=&reportTmp=&etfIsuSrtNm=&reportNm=%EC%8B%A0%EA%B7%9C%EC%83%81%EC%9E%A5&fromDate=2024-12-01&toDate=2024-12-31,kind_listing_notice_title,official_notice_pending_isin,2026-08-14T07:26:02+00:00
PLUS 한화그룹주,0000J,2024-12-24,2024-12-20 13:37,20241220000138,"신규상장(한화 PLUS 한화그룹주증권상장지수투자신탁(주식), 상장일 2024.12.24)",https://kind.krx.co.kr/disclosure/disclosurebystocktype.do?method=searchDisclosureByStockTypeEtfSub&forward=disclosurebystocktype_etf_sub&currentPageSize=100&pageIndex=1&orderMode=1&orderStat=D&etfIsuSrtCd=&reportCd=&reportTmp=&etfIsuSrtNm=&reportNm=%EC%8B%A0%EA%B7%9C%EC%83%81%EC%9E%A5&fromDate=2024-12-01&toDate=2024-12-31,kind_listing_notice_title,official_notice_pending_isin,2026-08-14T07:26:02+00:00
마이티 바이오시밀러&CDMO액티브,0001P,2024-12-24,2024-12-20 13:39,20241220000140,"신규상장(DB 마이티 바이오시밀러&CDMO액티브증권상장지수투자신탁[주식], 상장일 2024.12.24)",https://kind.krx.co.kr/disclosure/disclosurebystocktype.do?method=searchDisclosureByStockTypeEtfSub&forward=disclosurebystocktype_etf_sub&currentPageSize=100&pageIndex=1&orderMode=1&orderStat=D&etfIsuSrtCd=&reportCd=&reportTmp=&etfIsuSrtNm=&reportNm=%EC%8B%A0%EA%B7%9C%EC%83%81%EC%9E%A5&fromDate=2024-12-01&toDate=2024-12-31,kind_listing_notice_title,official_notice_pending_isin,2026-08-14T07:26:02+00:00
SOL 전고체배터리&실리콘음극재,0005D,2025-01-07,2025-01-03 13:52,20250103000126,"신규상장(신한 SOL 전고체배터리&실리콘음극재증권상장지수투자신탁[주식], 상장일 2025.01.07)",https://kind.krx.co.kr/disclosure/disclosurebystocktype.do?method=searchDisclosureByStockTypeEtfSub&forward=disclosurebystocktype_etf_sub&currentPageSize=100&pageIndex=1&orderMode=1&orderStat=D&etfIsuSrtCd=&reportCd=&reportTmp=&etfIsuSrtNm=&reportNm=%EC%8B%A0%EA%B7%9C%EC%83%81%EC%9E%A5&fromDate=2025-01-01&toDate=2025-01-31,kind_listing_notice_title,official_notice_pending_isin,2026-08-14T07:26:02+00:00
KODEX 미국S&P500데일리커버드콜OTM,0005A,2025-01-07,2025-01-03 13:51,20250103000214,"신규상장(삼성 KODEX 미국S&P500데일리커버드콜OTM증권상장지수투자신탁[주식-파생형], 상장일 2025.01.07)",https://kind.krx.co.kr/disclosure/disclosurebystocktype.do?method=searchDisclosureByStockTypeEtfSub&forward=disclosurebystocktype_etf_sub&currentPageSize=100&pageIndex=1&orderMode=1&orderStat=D&etfIsuSrtCd=&reportCd=&reportTmp=&etfIsuSrtNm=&reportNm=%EC%8B%A0%EA%B7%9C%EC%83%81%EC%9E%A5&fromDate=2025-01-01&toDate=2025-01-31,kind_listing_notice_title,official_notice_pending_isin,2026-08-14T07:26:02+00:00
RISE 미국S&P500엔화노출(합성 H),0005C,2025-01-14,2025-01-10 16:47,20250110000064,"신규상장(KB RISE 미국S&P500엔화노출증권상장지수투자신탁(주식-파생형)(합성 H), 상장일 2025.01.14)",https://kind.krx.co.kr/disclosure/disclosurebystocktype.do?method=searchDisclosureByStockTypeEtfSub&forward=disclosurebystocktype_etf_sub&currentPageSize=100&pageIndex=1&orderMode=1&orderStat=D&etfIsuSrtCd=&reportCd=&reportTmp=&etfIsuSrtNm=&reportNm=%EC%8B%A0%EA%B7%9C%EC%83%81%EC%9E%A5&fromDate=2025-01-01&toDate=2025-01-31,kind_listing_notice_title,official_notice_pending_isin,2026-08-14T07:26:02+00:00
KODEX 27-12 회사채(AA-이상)액티브,0007F,2025-01-14,2025-01-10 16:45,20250110000110,"신규상장(삼성 KODEX 27-12 회사채(AA-이상)액티브증권상장지수투자신탁[채권], 상장일 2025.01.14)",https://kind.krx.co.kr/disclosure/disclosurebystocktype.do?method=searchDisclosureByStockTypeEtfSub&forward=disclosurebystocktype_etf_sub&currentPageSize=100&pageIndex=1&orderMode=1&orderStat=D&etfIsuSrtCd=&reportCd=&reportTmp=&etfIsuSrtNm=&reportNm=%EC%8B%A0%EA%B7%9C%EC%83%81%EC%9E%A5&fromDate=2025-01-01&toDate=2025-01-31,kind_listing_notice_title,official_notice_pending_isin,2026-08-14T07:26:02+00:00
PLUS 글로벌원자력밸류체인,0007G,2025-01-14,2025-01-10 16:44,20250110000111,"신규상장(한화 PLUS 글로벌원자력밸류체인증권상장지수투자신탁(주식), 상장일 2025.01.14)",https://kind.krx.co.kr/disclosure/disclosurebystocktype.do?method=searchDisclosureByStockTypeEtfSub&forward=disclosurebystocktype_etf_sub&currentPageSize=100&pageIndex=1&orderMode=1&orderStat=D&etfIsuSrtCd=&reportCd=&reportTmp=&etfIsuSrtNm=&reportNm=%EC%8B%A0%EA%B7%9C%EC%83%81%EC%9E%A5&fromDate=2025-01-01&toDate=2025-01-31,kind_listing_notice_title,official_notice_pending_isin,2026-08-14T07:26:02+00:00
TIGER 미국배당다우존스타겟데일리커버드콜,0008S,2025-01-21,2025-01-17 17:23,20250117000046,"신규상장(미래에셋 TIGER 미국배당다우존스타겟데일리커버드콜증권상장지수투자신탁(주식), 상장일 2025.01.21)",https://kind.krx.co.kr/disclosure/disclosurebystocktype.do?method=searchDisclosureByStockTypeEtfSub&forward=disclosurebystocktype_etf_sub&currentPageSize=100&pageIndex=1&orderMode=1&orderStat=D&etfIsuSrtCd=&reportCd=&reportTmp=&etfIsuSrtNm=&reportNm=%EC%8B%A0%EA%B7%9C%EC%83%81%EC%9E%A5&fromDate=2025-01-01&toDate=2025-01-31,kind_listing_notice_title,official_notice_pending_isin,2026-08-14T07:26:02+00:00
ACE 미국중심중소형제조업,0008E,2025-01-21,2025-01-17 17:21,20250117000106,"신규상장(한국투자 ACE 미국중심중소형제조업증권상장지수투자신탁(주식), 상장일 2025.01.21)",https://kind.krx.co.kr/disclosure/disclosurebystocktype.do?method=searchDisclosureByStockTypeEtfSub&forward=disclosurebystocktype_etf_sub&currentPageSize=100&pageIndex=1&orderMode=1&orderStat=D&etfIsuSrtCd=&reportCd=&reportTmp=&etfIsuSrtNm=&reportNm=%EC%8B%A0%EA%B7%9C%EC%83%81%EC%9E%A5&fromDate=2025-01-01&toDate=2025-01-31,kind_listing_notice_title,official_notice_pending_isin,2026-08-14T07:26:02+00:00
1Q 미국배당TOP30,0004G,2025-01-21,2025-01-17 17:20,20250117000127,"신규상장(하나 1Q 미국배당30증권상장지수투자신탁(주식), 상장일 2025.01.21)",https://kind.krx.co.kr/disclosure/disclosurebystocktype.do?method=searchDisclosureByStockTypeEtfSub&forward=disclosurebystocktype_etf_sub&currentPageSize=100&pageIndex=1&orderMode=1&orderStat=D&etfIsuSrtCd=&reportCd=&reportTmp=&etfIsuSrtNm=&reportNm=%EC%8B%A0%EA%B7%9C%EC%83%81%EC%9E%A5&fromDate=2025-01-01&toDate=2025-01-31,kind_listing_notice_title,official_notice_pending_isin,2026-08-14T07:26:02+00:00
SOL 화장품TOP3플러스,0008T,2025-01-21,2025-01-17 17:19,20250117000128,"신규상장(신한 SOL 화장품TOP3플러스증권상장지수투자신탁[주식], 상장일 2025.01.21)",https://kind.krx.co.kr/disclosure/disclosurebystocktype.do?method=searchDisclosureByStockTypeEtfSub&forward=disclosurebystocktype_etf_sub&currentPageSize=100&pageIndex=1&orderMode=1&orderStat=D&etfIsuSrtCd=&reportCd=&reportTmp=&etfIsuSrtNm=&reportNm=%EC%8B%A0%EA%B7%9C%EC%83%81%EC%9E%A5&fromDate=2025-01-01&toDate=2025-01-31,kind_listing_notice_title,official_notice_pending_isin,2026-08-14T07:26:02+00:00
IBK K-AI반도체코어테크,0005G,2025-01-21,2025-01-17 17:17,20250117000129,"신규상장(IBK ITF K-AI반도체 코어테크 증권상장지수투자신탁[주식], 상장일 2025.01.21)",https://kind.krx.co.kr/disclosure/disclosurebystocktype.do?method=searchDisclosureByStockTypeEtfSub&forward=disclosurebystocktype_etf_sub&currentPageSize=100&pageIndex=1&orderMode=1&orderStat=D&etfIsuSrtCd=&reportCd=&reportTmp=&etfIsuSrtNm=&reportNm=%EC%8B%A0%EA%B7%9C%EC%83%81%EC%9E%A5&fromDate=2025-01-01&toDate=2025-01-31,kind_listing_notice_title,official_notice_pending_isin,2026-08-14T07:26:02+00:00
KIWOOM 엔비디아미국30년국채혼합액티브(H),0015E,2025-02-11,2025-02-07 15:35,20250207000062,"신규상장(키움 KIWOOM 엔비디아미국30년국채혼합액티브증권상장지수투자신탁[채권혼합](H), 상장일 2025.02.11)",https://kind.krx.co.kr/disclosure/disclosurebystocktype.do?method=searchDisclosureByStockTypeEtfSub&forward=disclosurebystocktype_etf_sub&currentPageSize=100&pageIndex=1&orderMode=1&orderStat=D&etfIsuSrtCd=&reportCd=&reportTmp=&etfIsuSrtNm=&reportNm=%EC%8B%A0%EA%B7%9C%EC%83%81%EC%9E%A5&fromDate=2025-02-01&toDate=2025-02-28,kind_listing_notice_title,official_notice_pending_isin,2026-08-14T07:26:02+00:00
KIWOOM 팔란티어미국30년국채혼합액티브(H),0015F,2025-02-11,2025-02-07 15:35,20250207000063,"신규상장(키움 KIWOOM 팔란티어미국30년국채혼합액티브증권상장지수투자신탁[채권혼합](H), 상장일 2025.02.11)",https://kind.krx.co.kr/disclosure/disclosurebystocktype.do?method=searchDisclosureByStockTypeEtfSub&forward=disclosurebystocktype_etf_sub&currentPageSize=100&pageIndex=1&orderMode=1&orderStat=D&etfIsuSrtCd=&reportCd=&reportTmp=&etfIsuSrtNm=&reportNm=%EC%8B%A0%EA%B7%9C%EC%83%81%EC%9E%A5&fromDate=2025-02-01&toDate=2025-02-28,kind_listing_notice_title,official_notice_pending_isin,2026-08-14T07:26:02+00:00
아이엠에셋 200,0007N,2025-02-11,2025-02-07 15:46,20250207000754,"신규상장(iM에셋 아이엠에셋 200증권상장지수투자신탁(주식), 상장일 2025.02.11)",https://kind.krx.co.kr/disclosure/disclosurebystocktype.do?method=searchDisclosureByStockTypeEtfSub&forward=disclosurebystocktype_etf_sub&currentPageSize=100&pageIndex=1&orderMode=1&orderStat=D&etfIsuSrtCd=&reportCd=&reportTmp=&etfIsuSrtNm=&reportNm=%EC%8B%A0%EA%B7%9C%EC%83%81%EC%9E%A5&fromDate=2025-02-01&toDate=2025-02-28,kind_listing_notice_title,official_notice_pending_isin,2026-08-14T07:26:02+00:00
ACE FTSE WGBI Korea,0010E,2025-02-18,2025-02-14 15:49,20250214000509,"신규상장(한국투자 ACE FTSE WGBI Korea증권상장지수투자신탁(채권), 상장일 2025.02.18)",https://kind.krx.co.kr/disclosure/disclosurebystocktype.do?method=searchDisclosureByStockTypeEtfSub&forward=disclosurebystocktype_etf_sub&currentPageSize=100&pageIndex=1&orderMode=1&orderStat=D&etfIsuSrtCd=&reportCd=&reportTmp=&etfIsuSrtNm=&reportNm=%EC%8B%A0%EA%B7%9C%EC%83%81%EC%9E%A5&fromDate=2025-02-01&toDate=2025-02-28,kind_listing_notice_title,official_notice_pending_isin,2026-08-14T07:26:02+00:00
RISE 미국은행TOP10,0013P,2025-02-18,2025-02-14 15:53,20250214000515,"신규상장(KB RISE 미국은행TOP10증권상장지수투자신탁(주식), 상장일 2025.02.18)",https://kind.krx.co.kr/disclosure/disclosurebystocktype.do?method=searchDisclosureByStockTypeEtfSub&forward=disclosurebystocktype_etf_sub&currentPageSize=100&pageIndex=1&orderMode=1&orderStat=D&etfIsuSrtCd=&reportCd=&reportTmp=&etfIsuSrtNm=&reportNm=%EC%8B%A0%EA%B7%9C%EC%83%81%EC%9E%A5&fromDate=2025-02-01&toDate=2025-02-28,kind_listing_notice_title,official_notice_pending_isin,2026-08-14T07:26:02+00:00
RISE 테슬라미국채타겟커버드콜혼합(합성),0013R,2025-02-18,2025-02-14 15:48,20250214000518,"신규상장(KB RISE TSLA-UST타겟커버드콜증권상장지수투자신탁(채권혼합-파생재간접형)(합성), 상장일 2025.02.18)",https://kind.krx.co.kr/disclosure/disclosurebystocktype.do?method=searchDisclosureByStockTypeEtfSub&forward=disclosurebystocktype_etf_sub&currentPageSize=100&pageIndex=1&orderMode=1&orderStat=D&etfIsuSrtCd=&reportCd=&reportTmp=&etfIsuSrtNm=&reportNm=%EC%8B%A0%EA%B7%9C%EC%83%81%EC%9E%A5&fromDate=2025-02-01&toDate=2025-02-28,kind_listing_notice_title,official_notice_pending_isin,2026-08-14T07:26:02+00:00
TIGER 미국소비트렌드액티브,0015K,2025-02-18,2025-02-14 15:46,20250214000560,"신규상장(미래에셋 TIGER 미국소비트렌드액티브증권상장지수투자신탁(주식), 상장일 2025.02.18)",https://kind.krx.co.kr/disclosure/disclosurebystocktype.do?method=searchDisclosureByStockTypeEtfSub&forward=disclosurebystocktype_etf_sub&currentPageSize=100&pageIndex=1&orderMode=1&orderStat=D&etfIsuSrtCd=&reportCd=&reportTmp=&etfIsuSrtNm=&reportNm=%EC%8B%A0%EA%B7%9C%EC%83%81%EC%9E%A5&fromDate=2025-02-01&toDate=2025-02-28,kind_listing_notice_title,official_notice_pending_isin,2026-08-14T07:26:02+00:00
SOL 중단기회사채(A-이상)액티브,0016X,2025-02-18,2025-02-14 16:00,20250214000941,"신규상장(신한 SOL 중단기회사채(A-이상)액티브증권상장지수투자신탁[채권], 상장일 2025.02.18)",https://kind.krx.co.kr/disclosure/disclosurebystocktype.do?method=searchDisclosureByStockTypeEtfSub&forward=disclosurebystocktype_etf_sub&currentPageSize=100&pageIndex=1&orderMode=1&orderStat=D&etfIsuSrtCd=&reportCd=&reportTmp=&etfIsuSrtNm=&reportNm=%EC%8B%A0%EA%B7%9C%EC%83%81%EC%9E%A5&fromDate=2025-02-01&toDate=2025-02-28,kind_listing_notice_title,official_notice_pending_isin,2026-08-14T07:26:02+00:00
1Q 종합채권(AA-이상)액티브,0017Y,2025-02-25,2025-02-21 16:09,20250221000211,"신규상장(하나 1Q 종합채권(AA-이상)액티브증권상장지수투자신탁[채권], 상장일 2025.02.25)",https://kind.krx.co.kr/disclosure/disclosurebystocktype.do?method=searchDisclosureByStockTypeEtfSub&forward=disclosurebystocktype_etf_sub&currentPageSize=100&pageIndex=1&orderMode=1&orderStat=D&etfIsuSrtCd=&reportCd=&reportTmp=&etfIsuSrtNm=&reportNm=%EC%8B%A0%EA%B7%9C%EC%83%81%EC%9E%A5&fromDate=2025-02-01&toDate=2025-02-28,kind_listing_notice_title,official_notice_pending_isin,2026-08-14T07:26:02+00:00
에셋플러스 인도일등기업포커스20액티브,0002C,2025-02-25,2025-02-21 16:09,20250221000214,"신규상장(에셋플러스 에셋플러스 인도일등기업포커스20액티브증권상장지수투자신탁(주식), 상장일 2025.02.25)",https://kind.krx.co.kr/disclosure/disclosurebystocktype.do?method=searchDisclosureByStockTypeEtfSub&forward=disclosurebystocktype_etf_sub&currentPageSize=100&pageIndex=1&orderMode=1&orderStat=D&etfIsuSrtCd=&reportCd=&reportTmp=&etfIsuSrtNm=&reportNm=%EC%8B%A0%EA%B7%9C%EC%83%81%EC%9E%A5&fromDate=2025-02-01&toDate=2025-02-28,kind_listing_notice_title,official_notice_pending_isin,2026-08-14T07:26:02+00:00
KoAct 미국나스닥성장기업액티브,0015B,2025-02-25,2025-02-21 16:08,20250221000254,"신규상장(삼성액티브 KoAct 미국나스닥성장기업액티브증권상장지수투자신탁[주식], 상장일 2025.02.25)",https://kind.krx.co.kr/disclosure/disclosurebystocktype.do?method=searchDisclosureByStockTypeEtfSub&forward=disclosurebystocktype_etf_sub&currentPageSize=100&pageIndex=1&orderMode=1&orderStat=D&etfIsuSrtCd=&reportCd=&reportTmp=&etfIsuSrtNm=&reportNm=%EC%8B%A0%EA%B7%9C%EC%83%81%EC%9E%A5&fromDate=2025-02-01&toDate=2025-02-28,kind_listing_notice_title,official_notice_pending_isin,2026-08-14T07:26:02+00:00
PLUS 고배당주위클리고정커버드콜,0018C,2025-03-05,2025-02-28 17:11,20250228001113,"신규상장(한화 PLUS 고배당주위클리고정커버드콜증권상장지수투자신탁(주식-파생형), 상장일 2025.03.05)",https://kind.krx.co.kr/disclosure/disclosurebystocktype.do?method=searchDisclosureByStockTypeEtfSub&forward=disclosurebystocktype_etf_sub&currentPageSize=100&pageIndex=1&orderMode=1&orderStat=D&etfIsuSrtCd=&reportCd=&reportTmp=&etfIsuSrtNm=&reportNm=%EC%8B%A0%EA%B7%9C%EC%83%81%EC%9E%A5&fromDate=2025-02-01&toDate=2025-02-28,kind_listing_notice_title,official_notice_pending_isin,2026-08-14T07:26:02+00:00
SOL 국제금커버드콜액티브,0022T,2025-03-11,2025-03-07 18:04,20250307000287,"신규상장(신한 SOL 골드커버드콜액티브특별자산상장지수투자신탁[금-파생재간접형], 상장일 2025.03.11)",https://kind.krx.co.kr/disclosure/disclosurebystocktype.do?method=searchDisclosureByStockTypeEtfSub&forward=disclosurebystocktype_etf_sub&currentPageSize=100&pageIndex=1&orderMode=1&orderStat=D&etfIsuSrtCd=&reportCd=&reportTmp=&etfIsuSrtNm=&reportNm=%EC%8B%A0%EA%B7%9C%EC%83%81%EC%9E%A5&fromDate=2025-03-01&toDate=2025-03-31,kind_listing_notice_title,official_notice_pending_isin,2026-08-14T07:26:02+00:00
PLUS 미국양자컴퓨팅TOP10,0023B,2025-03-11,2025-03-07 18:04,20250307000442,"신규상장(한화 PLUS 미국양자컴퓨팅TOP10증권상장지수투자신탁(주식), 상장일 2025.03.11)",https://kind.krx.co.kr/disclosure/disclosurebystocktype.do?method=searchDisclosureByStockTypeEtfSub&forward=disclosurebystocktype_etf_sub&currentPageSize=100&pageIndex=1&orderMode=1&orderStat=D&etfIsuSrtCd=&reportCd=&reportTmp=&etfIsuSrtNm=&reportNm=%EC%8B%A0%EA%B7%9C%EC%83%81%EC%9E%A5&fromDate=2025-03-01&toDate=2025-03-31,kind_listing_notice_title,official_notice_pending_isin,2026-08-14T07:26:02+00:00
RISE 미국양자컴퓨팅,0018Z,2025-03-11,2025-03-07 18:03,20250307000445,"신규상장(KB RISE 미국양자컴퓨팅증권상장지수투자신탁(주식), 상장일 2025.03.11)",https://kind.krx.co.kr/disclosure/disclosurebystocktype.do?method=searchDisclosureByStockTypeEtfSub&forward=disclosurebystocktype_etf_sub&currentPageSize=100&pageIndex=1&orderMode=1&orderStat=D&etfIsuSrtCd=&reportCd=&reportTmp=&etfIsuSrtNm=&reportNm=%EC%8B%A0%EA%B7%9C%EC%83%81%EC%9E%A5&fromDate=2025-03-01&toDate=2025-03-31,kind_listing_notice_title,official_notice_pending_isin,2026-08-14T07:26:02+00:00
SOL 미국양자컴퓨팅TOP10,0023A,2025-03-11,2025-03-07 18:02,20250307000641,"신규상장(신한 SOL 미국양자컴퓨팅TOP10증권상장지수투자신탁[주식], 상장일 2025.03.11)",https://kind.krx.co.kr/disclosure/disclosurebystocktype.do?method=searchDisclosureByStockTypeEtfSub&forward=disclosurebystocktype_etf_sub&currentPageSize=100&pageIndex=1&orderMode=1&orderStat=D&etfIsuSrtCd=&reportCd=&reportTmp=&etfIsuSrtNm=&reportNm=%EC%8B%A0%EA%B7%9C%EC%83%81%EC%9E%A5&fromDate=2025-03-01&toDate=2025-03-31,kind_listing_notice_title,official_notice_pending_isin,2026-08-14T07:26:02+00:00
KoAct 글로벌양자컴퓨팅액티브,0020H,2025-03-11,2025-03-07 18:00,20250307000660,"신규상장(삼성액티브 KoAct 글로벌양자컴퓨팅액티브증권상장지수투자신탁[주식], 상장일 2025.03.11)",https://kind.krx.co.kr/disclosure/disclosurebystocktype.do?method=searchDisclosureByStockTypeEtfSub&forward=disclosurebystocktype_etf_sub&currentPageSize=100&pageIndex=1&orderMode=1&orderStat=D&etfIsuSrtCd=&reportCd=&reportTmp=&etfIsuSrtNm=&reportNm=%EC%8B%A0%EA%B7%9C%EC%83%81%EC%9E%A5&fromDate=2025-03-01&toDate=2025-03-31,kind_listing_notice_title,official_notice_pending_isin,2026-08-14T07:26:02+00:00
ACE TDF2030액티브 적격,0021D,2025-03-11,2025-03-07 18:04,20250307001437,"신규상장(한국투자 ACE TDF2030액티브증권상장지수투자신탁(혼합-재간접형), 상장일 2025.03.11)",https://kind.krx.co.kr/disclosure/disclosurebystocktype.do?method=searchDisclosureByStockTypeEtfSub&forward=disclosurebystocktype_etf_sub&currentPageSize=100&pageIndex=1&orderMode=1&orderStat=D&etfIsuSrtCd=&reportCd=&reportTmp=&etfIsuSrtNm=&reportNm=%EC%8B%A0%EA%B7%9C%EC%83%81%EC%9E%A5&fromDate=2025-03-01&toDate=2025-03-31,kind_listing_notice_title,official_notice_pending_isin,2026-08-14T07:26:02+00:00
ACE TDF2050액티브 적격,0021E,2025-03-11,2025-03-07 18:04,20250307001439,"신규상장(한국투자 ACE TDF2050액티브증권상장지수투자신탁(혼합-재간접형), 상장일 2025.03.11)",https://kind.krx.co.kr/disclosure/disclosurebystocktype.do?method=searchDisclosureByStockTypeEtfSub&forward=disclosurebystocktype_etf_sub&currentPageSize=100&pageIndex=1&orderMode=1&orderStat=D&etfIsuSrtCd=&reportCd=&reportTmp=&etfIsuSrtNm=&reportNm=%EC%8B%A0%EA%B7%9C%EC%83%81%EC%9E%A5&fromDate=2025-03-01&toDate=2025-03-31,kind_listing_notice_title,official_notice_pending_isin,2026-08-14T07:26:02+00:00
ACE TDF장기자산배분액티브,0021C,2025-03-11,2025-03-07 18:03,20250307001441,"신규상장(한국투자 ACE 장기자산배분액티브증권상장지수투자신탁(혼합-재간접형), 상장일 2025.03.11)",https://kind.krx.co.kr/disclosure/disclosurebystocktype.do?method=searchDisclosureByStockTypeEtfSub&forward=disclosurebystocktype_etf_sub&currentPageSize=100&pageIndex=1&orderMode=1&orderStat=D&etfIsuSrtCd=&reportCd=&reportTmp=&etfIsuSrtNm=&reportNm=%EC%8B%A0%EA%B7%9C%EC%83%81%EC%9E%A5&fromDate=2025-03-01&toDate=2025-03-31,kind_listing_notice_title,official_notice_pending_isin,2026-08-14T07:26:02+00:00
1Q 미국S&P500,0026S,2025-03-18,2025-03-14 16:58,20250314000575,"신규상장(하나 1Q 미국S&P500증권상장지수투자신탁(주식), 상장일 2025.03.18)",https://kind.krx.co.kr/disclosure/disclosurebystocktype.do?method=searchDisclosureByStockTypeEtfSub&forward=disclosurebystocktype_etf_sub&currentPageSize=100&pageIndex=1&orderMode=1&orderStat=D&etfIsuSrtCd=&reportCd=&reportTmp=&etfIsuSrtNm=&reportNm=%EC%8B%A0%EA%B7%9C%EC%83%81%EC%9E%A5&fromDate=2025-03-01&toDate=2025-03-31,kind_listing_notice_title,official_notice_pending_isin,2026-08-14T07:26:02+00:00
TIGER TDF2045 적격,0025N,2025-03-25,2025-03-21 15:45,20250321000117,"신규상장(미래에셋 TIGER TDF2045증권상장지수투자신탁(주식혼합), 상장일 2025.03.25)",https://kind.krx.co.kr/disclosure/disclosurebystocktype.do?method=searchDisclosureByStockTypeEtfSub&forward=disclosurebystocktype_etf_sub&currentPageSize=100&pageIndex=1&orderMode=1&orderStat=D&etfIsuSrtCd=&reportCd=&reportTmp=&etfIsuSrtNm=&reportNm=%EC%8B%A0%EA%B7%9C%EC%83%81%EC%9E%A5&fromDate=2025-03-01&toDate=2025-03-31,kind_listing_notice_title,official_notice_pending_isin,2026-08-14T07:26:02+00:00
KODEX 미국S&P500버퍼3월액티브,0026E,2025-03-25,2025-03-21 15:48,20250321000124,"신규상장(삼성 KODEX 미국S&P500버퍼3월액티브증권상장지수투자신탁[주식-파생형], 상장일 2025.03.25)",https://kind.krx.co.kr/disclosure/disclosurebystocktype.do?method=searchDisclosureByStockTypeEtfSub&forward=disclosurebystocktype_etf_sub&currentPageSize=100&pageIndex=1&orderMode=1&orderStat=D&etfIsuSrtCd=&reportCd=&reportTmp=&etfIsuSrtNm=&reportNm=%EC%8B%A0%EA%B7%9C%EC%83%81%EC%9E%A5&fromDate=2025-03-01&toDate=2025-03-31,kind_listing_notice_title,official_notice_pending_isin,2026-08-14T07:26:02+00:00
TIME 미국나스닥100채권혼합50액티브,0019K,2025-03-25,2025-03-21 15:52,20250321000450,"신규상장(타임폴리오 TIMEFOLIO 미국나스닥100채권혼합50액티브증권상장지수투자신탁(채권혼합), 상장일 2025.03.25)",https://kind.krx.co.kr/disclosure/disclosurebystocktype.do?method=searchDisclosureByStockTypeEtfSub&forward=disclosurebystocktype_etf_sub&currentPageSize=100&pageIndex=1&orderMode=1&orderStat=D&etfIsuSrtCd=&reportCd=&reportTmp=&etfIsuSrtNm=&reportNm=%EC%8B%A0%EA%B7%9C%EC%83%81%EC%9E%A5&fromDate=2025-03-01&toDate=2025-03-31,kind_listing_notice_title,official_notice_pending_isin,2026-08-14T07:26:02+00:00
RISE 인도디지털성장,49861,2025-04-01,2025-03-28 17:23,20250328002229,"신규상장(KB RISE 인도디지털성장증권상장지수투자신탁(주식-파생형), 상장일 2025.04.01)",https://kind.krx.co.kr/disclosure/disclosurebystocktype.do?method=searchDisclosureByStockTypeEtfSub&forward=disclosurebystocktype_etf_sub&currentPageSize=100&pageIndex=1&orderMode=1&orderStat=D&etfIsuSrtCd=&reportCd=&reportTmp=&etfIsuSrtNm=&reportNm=%EC%8B%A0%EA%B7%9C%EC%83%81%EC%9E%A5&fromDate=2025-03-01&toDate=2025-03-31,kind_listing_notice_title,official_notice_pending_isin,2026-08-14T07:26:02+00:00
KODEX 인도Nifty미드캡100,0000H,2025-04-08,2025-04-04 15:39,20250404000586,"신규상장(삼성 KODEX 인도Nifty미드캡100증권상장지수투자신탁[주식-파생형], 상장일 2025.04.08)",https://kind.krx.co.kr/disclosure/disclosurebystocktype.do?method=searchDisclosureByStockTypeEtfSub&forward=disclosurebystocktype_etf_sub&currentPageSize=100&pageIndex=1&orderMode=1&orderStat=D&etfIsuSrtCd=&reportCd=&reportTmp=&etfIsuSrtNm=&reportNm=%EC%8B%A0%EA%B7%9C%EC%83%81%EC%9E%A5&fromDate=2025-04-01&toDate=2025-04-30,kind_listing_notice_title,official_notice_pending_isin,2026-08-14T07:26:02+00:00
RISE 미국휴머노이드로봇,0036R,2025-04-15,2025-04-11 15:47,20250411000150,"신규상장(KB RISE 미국휴머노이드로봇증권상장지수투자신탁(주식), 상장일 2025.04.15)",https://kind.krx.co.kr/disclosure/disclosurebystocktype.do?method=searchDisclosureByStockTypeEtfSub&forward=disclosurebystocktype_etf_sub&currentPageSize=100&pageIndex=1&orderMode=1&orderStat=D&etfIsuSrtCd=&reportCd=&reportTmp=&etfIsuSrtNm=&reportNm=%EC%8B%A0%EA%B7%9C%EC%83%81%EC%9E%A5&fromDate=2025-04-01&toDate=2025-04-30,kind_listing_notice_title,official_notice_pending_isin,2026-08-14T07:26:02+00:00
KODEX 미국휴머노이드로봇,0038A,2025-04-15,2025-04-11 15:53,20250411000363,"신규상장(삼성 KODEX 미국휴머노이드로봇증권상장지수투자신탁[주식], 상장일 2025.04.15)",https://kind.krx.co.kr/disclosure/disclosurebystocktype.do?method=searchDisclosureByStockTypeEtfSub&forward=disclosurebystocktype_etf_sub&currentPageSize=100&pageIndex=1&orderMode=1&orderStat=D&etfIsuSrtCd=&reportCd=&reportTmp=&etfIsuSrtNm=&reportNm=%EC%8B%A0%EA%B7%9C%EC%83%81%EC%9E%A5&fromDate=2025-04-01&toDate=2025-04-30,kind_listing_notice_title,official_notice_pending_isin,2026-08-14T07:26:02+00:00
PLUS 글로벌휴머노이드로봇액티브,0035T,2025-04-15,2025-04-11 16:00,20250411000499,"신규상장(한화 PLUS 글로벌휴머노이드로봇액티브증권상장지수투자신탁(주식), 상장일 2025.04.15)",https://kind.krx.co.kr/disclosure/disclosurebystocktype.do?method=searchDisclosureByStockTypeEtfSub&forward=disclosurebystocktype_etf_sub&currentPageSize=100&pageIndex=1&orderMode=1&orderStat=D&etfIsuSrtCd=&reportCd=&reportTmp=&etfIsuSrtNm=&reportNm=%EC%8B%A0%EA%B7%9C%EC%83%81%EC%9E%A5&fromDate=2025-04-01&toDate=2025-04-30,kind_listing_notice_title,official_notice_pending_isin,2026-08-14T07:26:02+00:00
KODEX 미국S&P500액티브,0041E,2025-04-22,2025-04-18 15:46,20250418000452,"신규상장(삼성 KODEX 미국S&P500액티브증권상장지수투자신탁[주식], 상장일 2025.04.22)",https://kind.krx.co.kr/disclosure/disclosurebystocktype.do?method=searchDisclosureByStockTypeEtfSub&forward=disclosurebystocktype_etf_sub&currentPageSize=100&pageIndex=1&orderMode=1&orderStat=D&etfIsuSrtCd=&reportCd=&reportTmp=&etfIsuSrtNm=&reportNm=%EC%8B%A0%EA%B7%9C%EC%83%81%EC%9E%A5&fromDate=2025-04-01&toDate=2025-04-30,kind_listing_notice_title,official_notice_pending_isin,2026-08-14T07:26:02+00:00
SOL 팔란티어커버드콜OTM채권혼합,0040Y,2025-04-22,2025-04-18 15:48,20250418000562,"신규상장(신한 SOL 팔란티어커버드콜OTM채권혼합증권상장지수투자신탁[채권혼합-파생형], 상장일 2025.04.22)",https://kind.krx.co.kr/disclosure/disclosurebystocktype.do?method=searchDisclosureByStockTypeEtfSub&forward=disclosurebystocktype_etf_sub&currentPageSize=100&pageIndex=1&orderMode=1&orderStat=D&etfIsuSrtCd=&reportCd=&reportTmp=&etfIsuSrtNm=&reportNm=%EC%8B%A0%EA%B7%9C%EC%83%81%EC%9E%A5&fromDate=2025-04-01&toDate=2025-04-30,kind_listing_notice_title,official_notice_pending_isin,2026-08-14T07:26:02+00:00
KODEX 미국AI소프트웨어TOP10,0041D,2025-04-22,2025-04-18 15:54,20250418000566,"신규상장(삼성 KODEX 미국AI소프트웨어TOP10증권상장지수투자신탁[주식], 상장일 2025.04.22)",https://kind.krx.co.kr/disclosure/disclosurebystocktype.do?method=searchDisclosureByStockTypeEtfSub&forward=disclosurebystocktype_etf_sub&currentPageSize=100&pageIndex=1&orderMode=1&orderStat=D&etfIsuSrtCd=&reportCd=&reportTmp=&etfIsuSrtNm=&reportNm=%EC%8B%A0%EA%B7%9C%EC%83%81%EC%9E%A5&fromDate=2025-04-01&toDate=2025-04-30,kind_listing_notice_title,official_notice_pending_isin,2026-08-14T07:26:02+00:00
RISE 미국천연가스밸류체인,0036Z,2025-04-22,2025-04-18 15:56,20250418000701,"신규상장(KB RISE 미국천연가스밸류체인증권상장지수투자신탁(주식), 상장일 2025.04.22)",https://kind.krx.co.kr/disclosure/disclosurebystocktype.do?method=searchDisclosureByStockTypeEtfSub&forward=disclosurebystocktype_etf_sub&currentPageSize=100&pageIndex=1&orderMode=1&orderStat=D&etfIsuSrtCd=&reportCd=&reportTmp=&etfIsuSrtNm=&reportNm=%EC%8B%A0%EA%B7%9C%EC%83%81%EC%9E%A5&fromDate=2025-04-01&toDate=2025-04-30,kind_listing_notice_title,official_notice_pending_isin,2026-08-14T07:26:02+00:00
HANARO 글로벌피지컬AI액티브,0040S,2025-04-22,2025-04-18 15:58,20250418000820,"신규상장(NH-Amundi HANARO 글로벌피지컬AI액티브증권상장지수투자신탁(주식), 상장일 2025.04.22)",https://kind.krx.co.kr/disclosure/disclosurebystocktype.do?method=searchDisclosureByStockTypeEtfSub&forward=disclosurebystocktype_etf_sub&currentPageSize=100&pageIndex=1&orderMode=1&orderStat=D&etfIsuSrtCd=&reportCd=&reportTmp=&etfIsuSrtNm=&reportNm=%EC%8B%A0%EA%B7%9C%EC%83%81%EC%9E%A5&fromDate=2025-04-01&toDate=2025-04-30,kind_listing_notice_title,official_notice_pending_isin,2026-08-14T07:26:02+00:00
TIGER 머니마켓액티브,0043B,2025-04-22,2025-04-18 16:03,20250418000833,"신규상장(미래에셋 TIGER 머니마켓액티브증권상장지수투자신탁(채권), 상장일 2025.04.22)",https://kind.krx.co.kr/disclosure/disclosurebystocktype.do?method=searchDisclosureByStockTypeEtfSub&forward=disclosurebystocktype_etf_sub&currentPageSize=100&pageIndex=1&orderMode=1&orderStat=D&etfIsuSrtCd=&reportCd=&reportTmp=&etfIsuSrtNm=&reportNm=%EC%8B%A0%EA%B7%9C%EC%83%81%EC%9E%A5&fromDate=2025-04-01&toDate=2025-04-30,kind_listing_notice_title,official_notice_pending_isin,2026-08-14T07:26:02+00:00
SOL 팔란티어미국채커버드콜혼합,0040X,2025-04-22,2025-04-18 16:09,20250418000848,"신규상장(신한 SOL 팔란티어미국채커버드콜혼합증권상장지수투자신탁[채권혼합-파생재간접형], 상장일 2025.04.22)",https://kind.krx.co.kr/disclosure/disclosurebystocktype.do?method=searchDisclosureByStockTypeEtfSub&forward=disclosurebystocktype_etf_sub&currentPageSize=100&pageIndex=1&orderMode=1&orderStat=D&etfIsuSrtCd=&reportCd=&reportTmp=&etfIsuSrtNm=&reportNm=%EC%8B%A0%EA%B7%9C%EC%83%81%EC%9E%A5&fromDate=2025-04-01&toDate=2025-04-30,kind_listing_notice_title,official_notice_pending_isin,2026-08-14T07:26:02+00:00
TIME 미국배당다우존스액티브,0036D,2025-04-29,2025-04-25 15:40,20250425000048,"신규상장(타임폴리오 TIMEFOLIO 미국배당다우존스액티브증권상장지수투자신탁[주식], 상장일 2025.04.29)",https://kind.krx.co.kr/disclosure/disclosurebystocktype.do?method=searchDisclosureByStockTypeEtfSub&forward=disclosurebystocktype_etf_sub&currentPageSize=100&pageIndex=1&orderMode=1&orderStat=D&etfIsuSrtCd=&reportCd=&reportTmp=&etfIsuSrtNm=&reportNm=%EC%8B%A0%EA%B7%9C%EC%83%81%EC%9E%A5&fromDate=2025-04-01&toDate=2025-04-30,kind_listing_notice_title,official_notice_pending_isin,2026-08-14T07:26:02+00:00
TIGER 미국초단기(3개월이하)국채,0046A,2025-04-29,2025-04-25 15:42,20250425000057,"신규상장(미래에셋 TIGER 미국초단기(3개월이하)국채증권상장지수투자신탁(채권-재간접형), 상장일 2025.04.29)",https://kind.krx.co.kr/disclosure/disclosurebystocktype.do?method=searchDisclosureByStockTypeEtfSub&forward=disclosurebystocktype_etf_sub&currentPageSize=100&pageIndex=1&orderMode=1&orderStat=D&etfIsuSrtCd=&reportCd=&reportTmp=&etfIsuSrtNm=&reportNm=%EC%8B%A0%EA%B7%9C%EC%83%81%EC%9E%A5&fromDate=2025-04-01&toDate=2025-04-30,kind_listing_notice_title,official_notice_pending_isin,2026-08-14T07:26:02+00:00
PLUS 차이나AI테크TOP10,0047N,2025-05-13,2025-05-09 15:30,20250509000093,"신규상장(한화 PLUS 차이나AI테크TOP10증권상장지수투자신탁(주식), 상장일 2025.05.13)",https://kind.krx.co.kr/disclosure/disclosurebystocktype.do?method=searchDisclosureByStockTypeEtfSub&forward=disclosurebystocktype_etf_sub&currentPageSize=100&pageIndex=1&orderMode=1&orderStat=D&etfIsuSrtCd=&reportCd=&reportTmp=&etfIsuSrtNm=&reportNm=%EC%8B%A0%EA%B7%9C%EC%83%81%EC%9E%A5&fromDate=2025-05-01&toDate=2025-05-31,kind_listing_notice_title,official_notice_pending_isin,2026-08-14T07:26:02+00:00
TIME 차이나AI테크액티브,0043Y,2025-05-13,2025-05-09 15:30,20250509000100,"신규상장(타임폴리오 TIMEFOLIO 차이나AI테크액티브증권상장지수투자신탁(주식), 상장일 2025.05.13)",https://kind.krx.co.kr/disclosure/disclosurebystocktype.do?method=searchDisclosureByStockTypeEtfSub&forward=disclosurebystocktype_etf_sub&currentPageSize=100&pageIndex=1&orderMode=1&orderStat=D&etfIsuSrtCd=&reportCd=&reportTmp=&etfIsuSrtNm=&reportNm=%EC%8B%A0%EA%B7%9C%EC%83%81%EC%9E%A5&fromDate=2025-05-01&toDate=2025-05-31,kind_listing_notice_title,official_notice_pending_isin,2026-08-14T07:26:02+00:00
RISE 테슬라고정테크100,0047P,2025-05-13,2025-05-09 15:30,20250509000101,"신규상장(KB RISE 테슬라고정테크100증권상장지수투자신탁(주식), 상장일 2025.05.13)",https://kind.krx.co.kr/disclosure/disclosurebystocktype.do?method=searchDisclosureByStockTypeEtfSub&forward=disclosurebystocktype_etf_sub&currentPageSize=100&pageIndex=1&orderMode=1&orderStat=D&etfIsuSrtCd=&reportCd=&reportTmp=&etfIsuSrtNm=&reportNm=%EC%8B%A0%EA%B7%9C%EC%83%81%EC%9E%A5&fromDate=2025-05-01&toDate=2025-05-31,kind_listing_notice_title,official_notice_pending_isin,2026-08-14T07:26:02+00:00
RISE 팔란티어고정테크100,0047R,2025-05-13,2025-05-09 15:30,20250509000103,"신규상장(KB RISE 팔란티어고정테크100증권상장지수투자신탁(주식), 상장일 2025.05.13)",https://kind.krx.co.kr/disclosure/disclosurebystocktype.do?method=searchDisclosureByStockTypeEtfSub&forward=disclosurebystocktype_etf_sub&currentPageSize=100&pageIndex=1&orderMode=1&orderStat=D&etfIsuSrtCd=&reportCd=&reportTmp=&etfIsuSrtNm=&reportNm=%EC%8B%A0%EA%B7%9C%EC%83%81%EC%9E%A5&fromDate=2025-05-01&toDate=2025-05-31,kind_listing_notice_title,official_notice_pending_isin,2026-08-14T07:26:02+00:00
KODEX 차이나휴머노이드로봇,0048K,2025-05-13,2025-05-09 15:30,20250509000209,"신규상장(삼성 KODEX 차이나휴머노이드로봇증권상장지수투자신탁[주식-파생형], 상장일 2025.05.13)",https://kind.krx.co.kr/disclosure/disclosurebystocktype.do?method=searchDisclosureByStockTypeEtfSub&forward=disclosurebystocktype_etf_sub&currentPageSize=100&pageIndex=1&orderMode=1&orderStat=D&etfIsuSrtCd=&reportCd=&reportTmp=&etfIsuSrtNm=&reportNm=%EC%8B%A0%EA%B7%9C%EC%83%81%EC%9E%A5&fromDate=2025-05-01&toDate=2025-05-31,kind_listing_notice_title,official_notice_pending_isin,2026-08-14T07:26:02+00:00
TIGER 차이나테크TOP10,0047A,2025-05-13,2025-05-09 15:29,20250509000212,"신규상장(미래에셋 TIGER 차이나테크TOP10증권상장지수투자신탁(주식), 상장일 2025.05.13)",https://kind.krx.co.kr/disclosure/disclosurebystocktype.do?method=searchDisclosureByStockTypeEtfSub&forward=disclosurebystocktype_etf_sub&currentPageSize=100&pageIndex=1&orderMode=1&orderStat=D&etfIsuSrtCd=&reportCd=&reportTmp=&etfIsuSrtNm=&reportNm=%EC%8B%A0%EA%B7%9C%EC%83%81%EC%9E%A5&fromDate=2025-05-01&toDate=2025-05-31,kind_listing_notice_title,official_notice_pending_isin,2026-08-14T07:26:02+00:00
ACE 미국배당퀄리티,0046Y,2025-05-13,2025-05-09 15:29,20250509000215,"신규상장(한국투자 ACE 미국배당퀄리티증권상장지수투자신탁(주식), 상장일 2025.05.13)",https://kind.krx.co.kr/disclosure/disclosurebystocktype.do?method=searchDisclosureByStockTypeEtfSub&forward=disclosurebystocktype_etf_sub&currentPageSize=100&pageIndex=1&orderMode=1&orderStat=D&etfIsuSrtCd=&reportCd=&reportTmp=&etfIsuSrtNm=&reportNm=%EC%8B%A0%EA%B7%9C%EC%83%81%EC%9E%A5&fromDate=2025-05-01&toDate=2025-05-31,kind_listing_notice_title,official_notice_pending_isin,2026-08-14T07:26:02+00:00
ACE 미국배당퀄리티채권혼합50,0049K,2025-05-13,2025-05-09 15:29,20250509000218,"신규상장(한국투자 ACE 미국배당퀄리티채권혼합50증권상장지수투자신탁(채권혼합), 상장일 2025.05.13)",https://kind.krx.co.kr/disclosure/disclosurebystocktype.do?method=searchDisclosureByStockTypeEtfSub&forward=disclosurebystocktype_etf_sub&currentPageSize=100&pageIndex=1&orderMode=1&orderStat=D&etfIsuSrtCd=&reportCd=&reportTmp=&etfIsuSrtNm=&reportNm=%EC%8B%A0%EA%B7%9C%EC%83%81%EC%9E%A5&fromDate=2025-05-01&toDate=2025-05-31,kind_listing_notice_title,official_notice_pending_isin,2026-08-14T07:26:02+00:00
KODEX 미국머니마켓액티브,0048J,2025-05-13,2025-05-09 15:29,20250509000219,"신규상장(삼성 KODEX 미국머니마켓액티브증권상장지수투자신탁[채권], 상장일 2025.05.13)",https://kind.krx.co.kr/disclosure/disclosurebystocktype.do?method=searchDisclosureByStockTypeEtfSub&forward=disclosurebystocktype_etf_sub&currentPageSize=100&pageIndex=1&orderMode=1&orderStat=D&etfIsuSrtCd=&reportCd=&reportTmp=&etfIsuSrtNm=&reportNm=%EC%8B%A0%EA%B7%9C%EC%83%81%EC%9E%A5&fromDate=2025-05-01&toDate=2025-05-31,kind_listing_notice_title,official_notice_pending_isin,2026-08-14T07:26:02+00:00
ACE 미국배당퀄리티+커버드콜액티브,0049M,2025-05-13,2025-05-09 15:29,20250509000224,"신규상장(한국투자 ACE 미국배당퀄리티+커버드콜액티브증권상장지수투자신탁(주식-재간접형), 상장일 2025.05.13)",https://kind.krx.co.kr/disclosure/disclosurebystocktype.do?method=searchDisclosureByStockTypeEtfSub&forward=disclosurebystocktype_etf_sub&currentPageSize=100&pageIndex=1&orderMode=1&orderStat=D&etfIsuSrtCd=&reportCd=&reportTmp=&etfIsuSrtNm=&reportNm=%EC%8B%A0%EA%B7%9C%EC%83%81%EC%9E%A5&fromDate=2025-05-01&toDate=2025-05-31,kind_listing_notice_title,official_notice_pending_isin,2026-08-14T07:26:02+00:00
SOL 미국원자력SMR,0051G,2025-05-20,2025-05-16 16:04,20250516000024,"신규상장(신한 SOL 미국원자력SMR증권상장지수투자신탁[주식], 상장일 2025.05.20)",https://kind.krx.co.kr/disclosure/disclosurebystocktype.do?method=searchDisclosureByStockTypeEtfSub&forward=disclosurebystocktype_etf_sub&currentPageSize=100&pageIndex=1&orderMode=1&orderStat=D&etfIsuSrtCd=&reportCd=&reportTmp=&etfIsuSrtNm=&reportNm=%EC%8B%A0%EA%B7%9C%EC%83%81%EC%9E%A5&fromDate=2025-05-01&toDate=2025-05-31,kind_listing_notice_title,official_notice_pending_isin,2026-08-14T07:26:02+00:00
KoAct 브로드컴밸류체인액티브,0051A,2025-05-20,2025-05-16 16:02,20250516000025,"신규상장(삼성액티브 KoAct 브로드컴밸류체인액티브증권상장지수투자신탁[주식], 상장일 2025.05.20)",https://kind.krx.co.kr/disclosure/disclosurebystocktype.do?method=searchDisclosureByStockTypeEtfSub&forward=disclosurebystocktype_etf_sub&currentPageSize=100&pageIndex=1&orderMode=1&orderStat=D&etfIsuSrtCd=&reportCd=&reportTmp=&etfIsuSrtNm=&reportNm=%EC%8B%A0%EA%B7%9C%EC%83%81%EC%9E%A5&fromDate=2025-05-01&toDate=2025-05-31,kind_listing_notice_title,official_notice_pending_isin,2026-08-14T07:26:02+00:00
TIGER 코리아배당다우존스,0052D,2025-05-20,2025-05-16 15:57,20250516000124,"신규상장(미래에셋 TIGER 코리아배당다우존스증권상장지수투자신탁(주식), 상장일 2025.05.20)",https://kind.krx.co.kr/disclosure/disclosurebystocktype.do?method=searchDisclosureByStockTypeEtfSub&forward=disclosurebystocktype_etf_sub&currentPageSize=100&pageIndex=1&orderMode=1&orderStat=D&etfIsuSrtCd=&reportCd=&reportTmp=&etfIsuSrtNm=&reportNm=%EC%8B%A0%EA%B7%9C%EC%83%81%EC%9E%A5&fromDate=2025-05-01&toDate=2025-05-31,kind_listing_notice_title,official_notice_pending_isin,2026-08-14T07:26:02+00:00
PLUS 미국AI에이전트,0050E,2025-05-20,2025-05-16 16:00,20250516000346,"신규상장(한화 PLUS 미국AI에이전트증권상장지수투자신탁(주식), 상장일 2025.05.20)",https://kind.krx.co.kr/disclosure/disclosurebystocktype.do?method=searchDisclosureByStockTypeEtfSub&forward=disclosurebystocktype_etf_sub&currentPageSize=100&pageIndex=1&orderMode=1&orderStat=D&etfIsuSrtCd=&reportCd=&reportTmp=&etfIsuSrtNm=&reportNm=%EC%8B%A0%EA%B7%9C%EC%83%81%EC%9E%A5&fromDate=2025-05-01&toDate=2025-05-31,kind_listing_notice_title,official_notice_pending_isin,2026-08-14T07:26:02+00:00
1Q 중단기회사채(A-이상)액티브,0052T,2025-05-27,2025-05-23 15:31,20250523000048,"신규상장(하나 1Q 중단기회사채(A-이상)액티브증권상장지수투자신탁(채권), 상장일 2025.05.27)",https://kind.krx.co.kr/disclosure/disclosurebystocktype.do?method=searchDisclosureByStockTypeEtfSub&forward=disclosurebystocktype_etf_sub&currentPageSize=100&pageIndex=1&orderMode=1&orderStat=D&etfIsuSrtCd=&reportCd=&reportTmp=&etfIsuSrtNm=&reportNm=%EC%8B%A0%EA%B7%9C%EC%83%81%EC%9E%A5&fromDate=2025-05-01&toDate=2025-05-31,kind_listing_notice_title,official_notice_pending_isin,2026-08-14T07:26:02+00:00
TIGER 차이나휴머노이드로봇,0053L,2025-05-27,2025-05-23 15:33,20250523000049,"신규상장(미래에셋 TIGER 차이나휴머노이드로봇증권상장지수투자신탁(주식), 상장일 2025.05.27)",https://kind.krx.co.kr/disclosure/disclosurebystocktype.do?method=searchDisclosureByStockTypeEtfSub&forward=disclosurebystocktype_etf_sub&currentPageSize=100&pageIndex=1&orderMode=1&orderStat=D&etfIsuSrtCd=&reportCd=&reportTmp=&etfIsuSrtNm=&reportNm=%EC%8B%A0%EA%B7%9C%EC%83%81%EC%9E%A5&fromDate=2025-05-01&toDate=2025-05-31,kind_listing_notice_title,official_notice_pending_isin,2026-08-14T07:26:02+00:00
KODEX 미국금융테크액티브,0028X,2025-05-27,2025-05-23 15:36,20250523000055,"신규상장(삼성 KODEX 미국금융테크액티브증권상장지수투자신탁[주식], 상장일 2025.05.27)",https://kind.krx.co.kr/disclosure/disclosurebystocktype.do?method=searchDisclosureByStockTypeEtfSub&forward=disclosurebystocktype_etf_sub&currentPageSize=100&pageIndex=1&orderMode=1&orderStat=D&etfIsuSrtCd=&reportCd=&reportTmp=&etfIsuSrtNm=&reportNm=%EC%8B%A0%EA%B7%9C%EC%83%81%EC%9E%A5&fromDate=2025-05-01&toDate=2025-05-31,kind_listing_notice_title,official_notice_pending_isin,2026-08-14T07:26:02+00:00
PLUS 미국S&P500미국채혼합50액티브,0057H,2025-06-10,2025-06-05 15:38,20250605000031,"신규상장(한화 PLUS 미국S&P500미국채혼합50액티브증권상장지수투자신탁(채권혼합-재간접형), 상장일 2025.06.10)",https://kind.krx.co.kr/disclosure/disclosurebystocktype.do?method=searchDisclosureByStockTypeEtfSub&forward=disclosurebystocktype_etf_sub&currentPageSize=100&pageIndex=1&orderMode=1&orderStat=D&etfIsuSrtCd=&reportCd=&reportTmp=&etfIsuSrtNm=&reportNm=%EC%8B%A0%EA%B7%9C%EC%83%81%EC%9E%A5&fromDate=2025-06-01&toDate=2025-06-30,kind_listing_notice_title,official_notice_pending_isin,2026-08-14T07:26:02+00:00
1Q 미국S&P500미국채혼합50액티브,0052S,2025-06-10,2025-06-05 15:36,20250605000175,"신규상장(하나 1Q 미국S&P500미국채혼합50액티브증권상장지수투자신탁(채권혼합), 상장일 2025.06.10)",https://kind.krx.co.kr/disclosure/disclosurebystocktype.do?method=searchDisclosureByStockTypeEtfSub&forward=disclosurebystocktype_etf_sub&currentPageSize=100&pageIndex=1&orderMode=1&orderStat=D&etfIsuSrtCd=&reportCd=&reportTmp=&etfIsuSrtNm=&reportNm=%EC%8B%A0%EA%B7%9C%EC%83%81%EC%9E%A5&fromDate=2025-06-01&toDate=2025-06-30,kind_listing_notice_title,official_notice_pending_isin,2026-08-14T07:26:02+00:00
KODEX 차이나테크TOP10,0065G,2025-06-17,2025-06-13 15:58,20250613000100,"신규상장(삼성 KODEX 차이나테크TOP10증권상장지수투자신탁[주식], 상장일 2025.06.17)",https://kind.krx.co.kr/disclosure/disclosurebystocktype.do?method=searchDisclosureByStockTypeEtfSub&forward=disclosurebystocktype_etf_sub&currentPageSize=100&pageIndex=1&orderMode=1&orderStat=D&etfIsuSrtCd=&reportCd=&reportTmp=&etfIsuSrtNm=&reportNm=%EC%8B%A0%EA%B7%9C%EC%83%81%EC%9E%A5&fromDate=2025-06-01&toDate=2025-06-30,kind_listing_notice_title,official_notice_pending_isin,2026-08-14T07:26:02+00:00
TIGER 차이나AI소프트웨어,0067Y,2025-06-17,2025-06-13 15:56,20250613000103,"신규상장(미래에셋 TIGER 차이나AI소프트웨어증권상장지수투자신탁(주식), 상장일 2025.06.17)",https://kind.krx.co.kr/disclosure/disclosurebystocktype.do?method=searchDisclosureByStockTypeEtfSub&forward=disclosurebystocktype_etf_sub&currentPageSize=100&pageIndex=1&orderMode=1&orderStat=D&etfIsuSrtCd=&reportCd=&reportTmp=&etfIsuSrtNm=&reportNm=%EC%8B%A0%EA%B7%9C%EC%83%81%EC%9E%A5&fromDate=2025-06-01&toDate=2025-06-30,kind_listing_notice_title,official_notice_pending_isin,2026-08-14T07:26:02+00:00
TIGER 차이나글로벌리더스TOP3+,0067V,2025-06-17,2025-06-13 15:54,20250613000104,"신규상장(미래에셋 TIGER 차이나글로벌리더스TOP3+증권상장지수투자신탁(주식), 상장일 2025.06.17)",https://kind.krx.co.kr/disclosure/disclosurebystocktype.do?method=searchDisclosureByStockTypeEtfSub&forward=disclosurebystocktype_etf_sub&currentPageSize=100&pageIndex=1&orderMode=1&orderStat=D&etfIsuSrtCd=&reportCd=&reportTmp=&etfIsuSrtNm=&reportNm=%EC%8B%A0%EA%B7%9C%EC%83%81%EC%9E%A5&fromDate=2025-06-01&toDate=2025-06-30,kind_listing_notice_title,official_notice_pending_isin,2026-08-14T07:26:02+00:00
SOL 국제금,0066W,2025-06-17,2025-06-13 15:52,20250613000184,"신규상장(신한 SOL 국제금특별자산상장지수투자신탁[금-재간접형], 상장일 2025.06.17)",https://kind.krx.co.kr/disclosure/disclosurebystocktype.do?method=searchDisclosureByStockTypeEtfSub&forward=disclosurebystocktype_etf_sub&currentPageSize=100&pageIndex=1&orderMode=1&orderStat=D&etfIsuSrtCd=&reportCd=&reportTmp=&etfIsuSrtNm=&reportNm=%EC%8B%A0%EA%B7%9C%EC%83%81%EC%9E%A5&fromDate=2025-06-01&toDate=2025-06-30,kind_listing_notice_title,official_notice_pending_isin,2026-08-14T07:26:02+00:00
KODEX 금액티브,0064K,2025-06-17,2025-06-13 15:50,20250613000185,"신규상장(삼성 KODEX 금액티브특별자산상장지수투자신탁[금-파생재간접형], 상장일 2025.06.17)",https://kind.krx.co.kr/disclosure/disclosurebystocktype.do?method=searchDisclosureByStockTypeEtfSub&forward=disclosurebystocktype_etf_sub&currentPageSize=100&pageIndex=1&orderMode=1&orderStat=D&etfIsuSrtCd=&reportCd=&reportTmp=&etfIsuSrtNm=&reportNm=%EC%8B%A0%EA%B7%9C%EC%83%81%EC%9E%A5&fromDate=2025-06-01&toDate=2025-06-30,kind_listing_notice_title,official_notice_pending_isin,2026-08-14T07:26:02+00:00
TIGER KRX금현물,0072R,2025-06-24,2025-06-20 16:03,20250620000047,"신규상장(미래에셋 TIGER KRX금현물특별자산상장지수투자신탁(금), 상장일 2025.06.24)",https://kind.krx.co.kr/disclosure/disclosurebystocktype.do?method=searchDisclosureByStockTypeEtfSub&forward=disclosurebystocktype_etf_sub&currentPageSize=100&pageIndex=1&orderMode=1&orderStat=D&etfIsuSrtCd=&reportCd=&reportTmp=&etfIsuSrtNm=&reportNm=%EC%8B%A0%EA%B7%9C%EC%83%81%EC%9E%A5&fromDate=2025-06-01&toDate=2025-06-30,kind_listing_notice_title,official_notice_pending_isin,2026-08-14T07:26:02+00:00
TIGER 토탈월드스탁액티브,0060H,2025-06-24,2025-06-20 15:44,20250620000048,"신규상장(미래에셋 TIGER 토탈월드스탁액티브증권상장지수투자신탁(주식), 상장일 2025.06.24)",https://kind.krx.co.kr/disclosure/disclosurebystocktype.do?method=searchDisclosureByStockTypeEtfSub&forward=disclosurebystocktype_etf_sub&currentPageSize=100&pageIndex=1&orderMode=1&orderStat=D&etfIsuSrtCd=&reportCd=&reportTmp=&etfIsuSrtNm=&reportNm=%EC%8B%A0%EA%B7%9C%EC%83%81%EC%9E%A5&fromDate=2025-06-01&toDate=2025-06-30,kind_listing_notice_title,official_notice_pending_isin,2026-08-14T07:26:02+00:00
1Q 미국나스닥100,0069M,2025-06-24,2025-06-20 15:48,20250620000117,"신규상장(하나 1Q 미국나스닥100증권상장지수투자신탁(주식), 상장일 2025.06.24)",https://kind.krx.co.kr/disclosure/disclosurebystocktype.do?method=searchDisclosureByStockTypeEtfSub&forward=disclosurebystocktype_etf_sub&currentPageSize=100&pageIndex=1&orderMode=1&orderStat=D&etfIsuSrtCd=&reportCd=&reportTmp=&etfIsuSrtNm=&reportNm=%EC%8B%A0%EA%B7%9C%EC%83%81%EC%9E%A5&fromDate=2025-06-01&toDate=2025-06-30,kind_listing_notice_title,official_notice_pending_isin,2026-08-14T07:26:02+00:00
KODEX 미국S&P500버퍼6월액티브,0068M,2025-06-24,2025-06-20 15:56,20250620000390,"신규상장(삼성 KODEX 미국S&P500버퍼6월액티브증권상장지수투자신탁[주식-파생형], 상장일 2025.06.24)",https://kind.krx.co.kr/disclosure/disclosurebystocktype.do?method=searchDisclosureByStockTypeEtfSub&forward=disclosurebystocktype_etf_sub&currentPageSize=100&pageIndex=1&orderMode=1&orderStat=D&etfIsuSrtCd=&reportCd=&reportTmp=&etfIsuSrtNm=&reportNm=%EC%8B%A0%EA%B7%9C%EC%83%81%EC%9E%A5&fromDate=2025-06-01&toDate=2025-06-30,kind_listing_notice_title,official_notice_pending_isin,2026-08-14T07:26:02+00:00
RISE 단기특수은행채액티브,0061Z,2025-06-24,2025-06-20 15:51,20250620000393,"신규상장(KB RISE 단기특수은행채액티브증권상장지수투자신탁(채권), 상장일 2025.06.24)",https://kind.krx.co.kr/disclosure/disclosurebystocktype.do?method=searchDisclosureByStockTypeEtfSub&forward=disclosurebystocktype_etf_sub&currentPageSize=100&pageIndex=1&orderMode=1&orderStat=D&etfIsuSrtCd=&reportCd=&reportTmp=&etfIsuSrtNm=&reportNm=%EC%8B%A0%EA%B7%9C%EC%83%81%EC%9E%A5&fromDate=2025-06-01&toDate=2025-06-30,kind_listing_notice_title,official_notice_pending_isin,2026-08-14T07:26:02+00:00
FOCUS 알리바바미국채커버드콜혼합,0073X,2025-07-01,2025-06-27 16:03,20250627000036,"신규상장(브이아이 FOCUS BABA-UST커버드콜혼합증권상장지수투자신탁[채권혼합-파생재간접형], 상장일 2025.07.01)",https://kind.krx.co.kr/disclosure/disclosurebystocktype.do?method=searchDisclosureByStockTypeEtfSub&forward=disclosurebystocktype_etf_sub&currentPageSize=100&pageIndex=1&orderMode=1&orderStat=D&etfIsuSrtCd=&reportCd=&reportTmp=&etfIsuSrtNm=&reportNm=%EC%8B%A0%EA%B7%9C%EC%83%81%EC%9E%A5&fromDate=2025-06-01&toDate=2025-06-30,kind_listing_notice_title,official_notice_pending_isin,2026-08-14T07:26:02+00:00
KoAct K수출핵심기업TOP30액티브,0074K,2025-07-08,2025-07-04 15:42,20250704000281,"신규상장(삼성액티브 KoAct K수출핵심기업TOP30액티브증권상장지수투자신탁[주식], 상장일 2025.07.08)",https://kind.krx.co.kr/disclosure/disclosurebystocktype.do?method=searchDisclosureByStockTypeEtfSub&forward=disclosurebystocktype_etf_sub&currentPageSize=100&pageIndex=1&orderMode=1&orderStat=D&etfIsuSrtCd=&reportCd=&reportTmp=&etfIsuSrtNm=&reportNm=%EC%8B%A0%EA%B7%9C%EC%83%81%EC%9E%A5&fromDate=2025-07-01&toDate=2025-07-31,kind_listing_notice_title,official_notice_pending_isin,2026-08-14T07:26:02+00:00
SOL 조선TOP3플러스레버리지,0080Y,2025-07-15,2025-07-11 16:33,20250711000065,"신규상장(신한 SOL 조선TOP3플러스레버리지증권상장지수투자신탁[주식-파생형], 상장일 2025.07.15)",https://kind.krx.co.kr/disclosure/disclosurebystocktype.do?method=searchDisclosureByStockTypeEtfSub&forward=disclosurebystocktype_etf_sub&currentPageSize=100&pageIndex=1&orderMode=1&orderStat=D&etfIsuSrtCd=&reportCd=&reportTmp=&etfIsuSrtNm=&reportNm=%EC%8B%A0%EA%B7%9C%EC%83%81%EC%9E%A5&fromDate=2025-07-01&toDate=2025-07-31,kind_listing_notice_title,official_notice_pending_isin,2026-08-14T07:26:02+00:00
SOL 미국S&P500미국채혼합50,0080X,2025-07-15,2025-07-11 16:37,20250711000098,"신규상장(신한 SOL 미국S&P500미국채혼합50증권상장지수투자신탁[채권혼합], 상장일 2025.07.15)",https://kind.krx.co.kr/disclosure/disclosurebystocktype.do?method=searchDisclosureByStockTypeEtfSub&forward=disclosurebystocktype_etf_sub&currentPageSize=100&pageIndex=1&orderMode=1&orderStat=D&etfIsuSrtCd=&reportCd=&reportTmp=&etfIsuSrtNm=&reportNm=%EC%8B%A0%EA%B7%9C%EC%83%81%EC%9E%A5&fromDate=2025-07-01&toDate=2025-07-31,kind_listing_notice_title,official_notice_pending_isin,2026-08-14T07:26:02+00:00
KODEX 방산TOP10,0080G,2025-07-15,2025-07-11 16:39,20250711000182,"신규상장(삼성 KODEX K방산TOP10증권상장지수투자신탁[주식], 상장일 2025.07.15)",https://kind.krx.co.kr/disclosure/disclosurebystocktype.do?method=searchDisclosureByStockTypeEtfSub&forward=disclosurebystocktype_etf_sub&currentPageSize=100&pageIndex=1&orderMode=1&orderStat=D&etfIsuSrtCd=&reportCd=&reportTmp=&etfIsuSrtNm=&reportNm=%EC%8B%A0%EA%B7%9C%EC%83%81%EC%9E%A5&fromDate=2025-07-01&toDate=2025-07-31,kind_listing_notice_title,official_notice_pending_isin,2026-08-14T07:26:02+00:00
ACE BYD밸류체인액티브,0079X,2025-07-15,2025-07-11 16:41,20250711000192,"신규상장(한국투자 ACE BYD밸류체인액티브증권상장지수투자신탁(주식), 상장일 2025.07.15)",https://kind.krx.co.kr/disclosure/disclosurebystocktype.do?method=searchDisclosureByStockTypeEtfSub&forward=disclosurebystocktype_etf_sub&currentPageSize=100&pageIndex=1&orderMode=1&orderStat=D&etfIsuSrtCd=&reportCd=&reportTmp=&etfIsuSrtNm=&reportNm=%EC%8B%A0%EA%B7%9C%EC%83%81%EC%9E%A5&fromDate=2025-07-01&toDate=2025-07-31,kind_listing_notice_title,official_notice_pending_isin,2026-08-14T07:26:02+00:00
PLUS 미국로보택시,0078V,2025-07-22,2025-07-18 15:52,20250718000125,"신규상장(한화 PLUS 미국로보택시증권상장지수투자신탁(주식), 상장일 2025.07.22)",https://kind.krx.co.kr/disclosure/disclosurebystocktype.do?method=searchDisclosureByStockTypeEtfSub&forward=disclosurebystocktype_etf_sub&currentPageSize=100&pageIndex=1&orderMode=1&orderStat=D&etfIsuSrtCd=&reportCd=&reportTmp=&etfIsuSrtNm=&reportNm=%EC%8B%A0%EA%B7%9C%EC%83%81%EC%9E%A5&fromDate=2025-07-01&toDate=2025-07-31,kind_listing_notice_title,official_notice_pending_isin,2026-08-14T07:26:02+00:00
1Q 미국메디컬AI,0083S,2025-07-22,2025-07-18 15:54,20250718000165,"신규상장(하나 1Q 미국메디컬AI증권상장지수투자신탁(주식), 상장일 2025.07.22)",https://kind.krx.co.kr/disclosure/disclosurebystocktype.do?method=searchDisclosureByStockTypeEtfSub&forward=disclosurebystocktype_etf_sub&currentPageSize=100&pageIndex=1&orderMode=1&orderStat=D&etfIsuSrtCd=&reportCd=&reportTmp=&etfIsuSrtNm=&reportNm=%EC%8B%A0%EA%B7%9C%EC%83%81%EC%9E%A5&fromDate=2025-07-01&toDate=2025-07-31,kind_listing_notice_title,official_notice_pending_isin,2026-08-14T07:26:02+00:00
더제이 중소형포커스액티브,0053M,2025-07-22,2025-07-18 15:57,20250718000185,"신규상장(더제이 더제이 중소형포커스액티브증권상장지수투자신탁[주식], 상장일 2025.07.22)",https://kind.krx.co.kr/disclosure/disclosurebystocktype.do?method=searchDisclosureByStockTypeEtfSub&forward=disclosurebystocktype_etf_sub&currentPageSize=100&pageIndex=1&orderMode=1&orderStat=D&etfIsuSrtCd=&reportCd=&reportTmp=&etfIsuSrtNm=&reportNm=%EC%8B%A0%EA%B7%9C%EC%83%81%EC%9E%A5&fromDate=2025-07-01&toDate=2025-07-31,kind_listing_notice_title,official_notice_pending_isin,2026-08-14T07:26:02+00:00
KODEX TDF2060액티브 적격,0082V,2025-07-22,2025-07-18 16:00,20250718000189,"신규상장(삼성 KODEX TDF2060액티브증권상장지수투자신탁[혼합-재간접형], 상장일 2025.07.22)",https://kind.krx.co.kr/disclosure/disclosurebystocktype.do?method=searchDisclosureByStockTypeEtfSub&forward=disclosurebystocktype_etf_sub&currentPageSize=100&pageIndex=1&orderMode=1&orderStat=D&etfIsuSrtCd=&reportCd=&reportTmp=&etfIsuSrtNm=&reportNm=%EC%8B%A0%EA%B7%9C%EC%83%81%EC%9E%A5&fromDate=2025-07-01&toDate=2025-07-31,kind_listing_notice_title,official_notice_pending_isin,2026-08-14T07:26:02+00:00
KIWOOM 미국테크100월간목표헤지액티브,0084D,2025-07-22,2025-07-18 16:02,20250718000191,"신규상장(키움 KIWOOM US테크100월간목표헤지액티브증권상장지수투자신탁[혼합-파생재간접형], 상장일 2025.07.22)",https://kind.krx.co.kr/disclosure/disclosurebystocktype.do?method=searchDisclosureByStockTypeEtfSub&forward=disclosurebystocktype_etf_sub&currentPageSize=100&pageIndex=1&orderMode=1&orderStat=D&etfIsuSrtCd=&reportCd=&reportTmp=&etfIsuSrtNm=&reportNm=%EC%8B%A0%EA%B7%9C%EC%83%81%EC%9E%A5&fromDate=2025-07-01&toDate=2025-07-31,kind_listing_notice_title,official_notice_pending_isin,2026-08-14T07:26:02+00:00
ACE 미국10년국채액티브,0085P,2025-07-22,2025-07-18 16:05,20250718000338,"신규상장(한국투자 ACE 미국10년국채액티브증권상장지수투자신탁(채권), 상장일 2025.07.22)",https://kind.krx.co.kr/disclosure/disclosurebystocktype.do?method=searchDisclosureByStockTypeEtfSub&forward=disclosurebystocktype_etf_sub&currentPageSize=100&pageIndex=1&orderMode=1&orderStat=D&etfIsuSrtCd=&reportCd=&reportTmp=&etfIsuSrtNm=&reportNm=%EC%8B%A0%EA%B7%9C%EC%83%81%EC%9E%A5&fromDate=2025-07-01&toDate=2025-07-31,kind_listing_notice_title,official_notice_pending_isin,2026-08-14T07:26:02+00:00
ACE 미국10년국채액티브(H),0085N,2025-07-22,2025-07-18 16:07,20250718000340,"신규상장(한국투자 ACE 미국10년국채액티브증권상장지수투자신탁(채권)(H), 상장일 2025.07.22)",https://kind.krx.co.kr/disclosure/disclosurebystocktype.do?method=searchDisclosureByStockTypeEtfSub&forward=disclosurebystocktype_etf_sub&currentPageSize=100&pageIndex=1&orderMode=1&orderStat=D&etfIsuSrtCd=&reportCd=&reportTmp=&etfIsuSrtNm=&reportNm=%EC%8B%A0%EA%B7%9C%EC%83%81%EC%9E%A5&fromDate=2025-07-01&toDate=2025-07-31,kind_listing_notice_title,official_notice_pending_isin,2026-08-14T07:26:02+00:00
HANARO 유럽방산,0082F,2025-07-29,2025-07-25 15:32,20250725000069,"신규상장(NH-Amundi HANARO 유럽방산증권상장지수투자신탁(주식), 상장일 2025.07.29)",https://kind.krx.co.kr/disclosure/disclosurebystocktype.do?method=searchDisclosureByStockTypeEtfSub&forward=disclosurebystocktype_etf_sub&currentPageSize=100&pageIndex=1&orderMode=1&orderStat=D&etfIsuSrtCd=&reportCd=&reportTmp=&etfIsuSrtNm=&reportNm=%EC%8B%A0%EA%B7%9C%EC%83%81%EC%9E%A5&fromDate=2025-07-01&toDate=2025-07-31,kind_listing_notice_title,official_notice_pending_isin,2026-08-14T07:26:02+00:00
ACE 차이나AI빅테크TOP2+액티브,0087F,2025-07-29,2025-07-25 15:32,20250725000178,"신규상장(한국투자 ACE 차이나AI빅테크TOP2+액티브증권상장지수투자신탁(주식), 상장일 2025.07.29)",https://kind.krx.co.kr/disclosure/disclosurebystocktype.do?method=searchDisclosureByStockTypeEtfSub&forward=disclosurebystocktype_etf_sub&currentPageSize=100&pageIndex=1&orderMode=1&orderStat=D&etfIsuSrtCd=&reportCd=&reportTmp=&etfIsuSrtNm=&reportNm=%EC%8B%A0%EA%B7%9C%EC%83%81%EC%9E%A5&fromDate=2025-07-01&toDate=2025-07-31,kind_listing_notice_title,official_notice_pending_isin,2026-08-14T07:26:02+00:00
TIGER 리츠부동산인프라TOP10액티브,0086B,2025-07-29,2025-07-25 15:32,20250725000179,"신규상장(미래에셋 TIGER 리츠부동산인프라TOP10액티브부동산상장지수투자신탁(재간접형), 상장일 2025.07.29)",https://kind.krx.co.kr/disclosure/disclosurebystocktype.do?method=searchDisclosureByStockTypeEtfSub&forward=disclosurebystocktype_etf_sub&currentPageSize=100&pageIndex=1&orderMode=1&orderStat=D&etfIsuSrtCd=&reportCd=&reportTmp=&etfIsuSrtNm=&reportNm=%EC%8B%A0%EA%B7%9C%EC%83%81%EC%9E%A5&fromDate=2025-07-01&toDate=2025-07-31,kind_listing_notice_title,official_notice_pending_isin,2026-08-14T07:26:02+00:00
TIGER 리츠부동산인프라10채권혼합액티브,0086C,2025-07-29,2025-07-25 15:32,20250725000180,"신규상장(미래에셋 TIGER 리츠인프라10채권액티브증권상장지수투자신탁(채권혼합-재간접형), 상장일 2025.07.29)",https://kind.krx.co.kr/disclosure/disclosurebystocktype.do?method=searchDisclosureByStockTypeEtfSub&forward=disclosurebystocktype_etf_sub&currentPageSize=100&pageIndex=1&orderMode=1&orderStat=D&etfIsuSrtCd=&reportCd=&reportTmp=&etfIsuSrtNm=&reportNm=%EC%8B%A0%EA%B7%9C%EC%83%81%EC%9E%A5&fromDate=2025-07-01&toDate=2025-07-31,kind_listing_notice_title,official_notice_pending_isin,2026-08-14T07:26:02+00:00
WON K-글로벌수급상위,0088N,2025-08-12,2025-08-08 15:23,20250808000179,"신규상장(우리 WON K-글로벌수급상위증권상장지수투자신탁(주식), 상장일 2025.08.12)",https://kind.krx.co.kr/disclosure/disclosurebystocktype.do?method=searchDisclosureByStockTypeEtfSub&forward=disclosurebystocktype_etf_sub&currentPageSize=100&pageIndex=1&orderMode=1&orderStat=D&etfIsuSrtCd=&reportCd=&reportTmp=&etfIsuSrtNm=&reportNm=%EC%8B%A0%EA%B7%9C%EC%83%81%EC%9E%A5&fromDate=2025-08-01&toDate=2025-08-31,kind_listing_notice_title,official_notice_pending_isin,2026-08-14T07:26:02+00:00
KODEX 금융고배당TOP10,0089D,2025-08-12,2025-08-08 15:31,20250808000183,"신규상장(삼성 KODEX 금융고배당TOP10증권상장지수투자신탁[주식], 상장일 2025.08.12)",https://kind.krx.co.kr/disclosure/disclosurebystocktype.do?method=searchDisclosureByStockTypeEtfSub&forward=disclosurebystocktype_etf_sub&currentPageSize=100&pageIndex=1&orderMode=1&orderStat=D&etfIsuSrtCd=&reportCd=&reportTmp=&etfIsuSrtNm=&reportNm=%EC%8B%A0%EA%B7%9C%EC%83%81%EC%9E%A5&fromDate=2025-08-01&toDate=2025-08-31,kind_listing_notice_title,official_notice_pending_isin,2026-08-14T07:26:02+00:00
KODEX 미국S&P500변동성확대시커버드콜,0089C,2025-08-12,2025-08-08 15:40,20250808000339,"신규상장(삼성 KODEX 미국S&P500변동성확대시커버드콜증권상장지수투자신탁[주식-파생형], 상장일 2025.08.12)",https://kind.krx.co.kr/disclosure/disclosurebystocktype.do?method=searchDisclosureByStockTypeEtfSub&forward=disclosurebystocktype_etf_sub&currentPageSize=100&pageIndex=1&orderMode=1&orderStat=D&etfIsuSrtCd=&reportCd=&reportTmp=&etfIsuSrtNm=&reportNm=%EC%8B%A0%EA%B7%9C%EC%83%81%EC%9E%A5&fromDate=2025-08-01&toDate=2025-08-31,kind_listing_notice_title,official_notice_pending_isin,2026-08-14T07:26:02+00:00
SOL 한국원자력SMR,0092B,2025-08-19,2025-08-14 15:21,20250814000125,"신규상장(신한 SOL 한국원자력SMR증권상장지수투자신탁[주식], 상장일 2025.08.19)",https://kind.krx.co.kr/disclosure/disclosurebystocktype.do?method=searchDisclosureByStockTypeEtfSub&forward=disclosurebystocktype_etf_sub&currentPageSize=100&pageIndex=1&orderMode=1&orderStat=D&etfIsuSrtCd=&reportCd=&reportTmp=&etfIsuSrtNm=&reportNm=%EC%8B%A0%EA%B7%9C%EC%83%81%EC%9E%A5&fromDate=2025-08-01&toDate=2025-08-31,kind_listing_notice_title,official_notice_pending_isin,2026-08-14T07:26:02+00:00
PLUS 미국나스닥100미국채혼합50,0089B,2025-08-19,2025-08-14 15:23,20250814000128,"신규상장(한화 PLUS 미국나스닥100미국채혼합50증권상장지수투자신탁(채권혼합), 상장일 2025.08.19)",https://kind.krx.co.kr/disclosure/disclosurebystocktype.do?method=searchDisclosureByStockTypeEtfSub&forward=disclosurebystocktype_etf_sub&currentPageSize=100&pageIndex=1&orderMode=1&orderStat=D&etfIsuSrtCd=&reportCd=&reportTmp=&etfIsuSrtNm=&reportNm=%EC%8B%A0%EA%B7%9C%EC%83%81%EC%9E%A5&fromDate=2025-08-01&toDate=2025-08-31,kind_listing_notice_title,official_notice_pending_isin,2026-08-14T07:26:02+00:00
SOL 27-12 회사채(AA-이상)액티브,0092C,2025-08-19,2025-08-14 15:25,20250814000582,"신규상장(신한 SOL 27-12 회사채(AA-이상)액티브증권상장지수투자신탁[채권], 상장일 2025.08.19)",https://kind.krx.co.kr/disclosure/disclosurebystocktype.do?method=searchDisclosureByStockTypeEtfSub&forward=disclosurebystocktype_etf_sub&currentPageSize=100&pageIndex=1&orderMode=1&orderStat=D&etfIsuSrtCd=&reportCd=&reportTmp=&etfIsuSrtNm=&reportNm=%EC%8B%A0%EA%B7%9C%EC%83%81%EC%9E%A5&fromDate=2025-08-01&toDate=2025-08-31,kind_listing_notice_title,official_notice_pending_isin,2026-08-14T07:26:02+00:00
KODEX 미국10년국채액티브(H),0091C,2025-08-19,2025-08-14 15:27,20250814000584,"신규상장(삼성 KODEX 미국10년국채액티브증권상장지수투자신탁[채권-재간접형](H), 상장일 2025.08.19)",https://kind.krx.co.kr/disclosure/disclosurebystocktype.do?method=searchDisclosureByStockTypeEtfSub&forward=disclosurebystocktype_etf_sub&currentPageSize=100&pageIndex=1&orderMode=1&orderStat=D&etfIsuSrtCd=&reportCd=&reportTmp=&etfIsuSrtNm=&reportNm=%EC%8B%A0%EA%B7%9C%EC%83%81%EC%9E%A5&fromDate=2025-08-01&toDate=2025-08-31,kind_listing_notice_title,official_notice_pending_isin,2026-08-14T07:26:02+00:00
TIGER 코리아원자력,0091P,2025-08-19,2025-08-14 15:30,20250814001507,"신규상장(미래에셋 TIGER 코리아원자력증권상장지수투자신탁(주식), 상장일 2025.08.19)",https://kind.krx.co.kr/disclosure/disclosurebystocktype.do?method=searchDisclosureByStockTypeEtfSub&forward=disclosurebystocktype_etf_sub&currentPageSize=100&pageIndex=1&orderMode=1&orderStat=D&etfIsuSrtCd=&reportCd=&reportTmp=&etfIsuSrtNm=&reportNm=%EC%8B%A0%EA%B7%9C%EC%83%81%EC%9E%A5&fromDate=2025-08-01&toDate=2025-08-31,kind_listing_notice_title,official_notice_pending_isin,2026-08-14T07:26:02+00:00
PLUS K방산소부장,0090B,2025-08-26,2025-08-22 16:01,20250822000027,"신규상장(한화 PLUS K방산소부장증권상장지수투자신탁(주식), 상장일 2025.08.26)",https://kind.krx.co.kr/disclosure/disclosurebystocktype.do?method=searchDisclosureByStockTypeEtfSub&forward=disclosurebystocktype_etf_sub&currentPageSize=100&pageIndex=1&orderMode=1&orderStat=D&etfIsuSrtCd=&reportCd=&reportTmp=&etfIsuSrtNm=&reportNm=%EC%8B%A0%EA%B7%9C%EC%83%81%EC%9E%A5&fromDate=2025-08-01&toDate=2025-08-31,kind_listing_notice_title,official_notice_pending_isin,2026-08-14T07:26:02+00:00
TIGER 28-04 회사채(A+이상)액티브,0094K,2025-08-26,2025-08-22 16:04,20250822000126,"신규상장(미래에셋 TIGER 28-04 회사채(A+이상)액티브증권상장지수투자신탁(채권), 상장일 2025.08.26)",https://kind.krx.co.kr/disclosure/disclosurebystocktype.do?method=searchDisclosureByStockTypeEtfSub&forward=disclosurebystocktype_etf_sub&currentPageSize=100&pageIndex=1&orderMode=1&orderStat=D&etfIsuSrtCd=&reportCd=&reportTmp=&etfIsuSrtNm=&reportNm=%EC%8B%A0%EA%B7%9C%EC%83%81%EC%9E%A5&fromDate=2025-08-01&toDate=2025-08-31,kind_listing_notice_title,official_notice_pending_isin,2026-08-14T07:26:02+00:00
KoAct 팔란티어밸류체인액티브,0093D,2025-08-26,2025-08-22 16:11,20250822000137,"신규상장(삼성액티브 KoAct 팔란티어밸류체인액티브증권상장지수투자신탁[주식], 상장일 2025.08.26)",https://kind.krx.co.kr/disclosure/disclosurebystocktype.do?method=searchDisclosureByStockTypeEtfSub&forward=disclosurebystocktype_etf_sub&currentPageSize=100&pageIndex=1&orderMode=1&orderStat=D&etfIsuSrtCd=&reportCd=&reportTmp=&etfIsuSrtNm=&reportNm=%EC%8B%A0%EA%B7%9C%EC%83%81%EC%9E%A5&fromDate=2025-08-01&toDate=2025-08-31,kind_listing_notice_title,official_notice_pending_isin,2026-08-14T07:26:02+00:00
RISE 엔비디아고정테크100,0093B,2025-08-26,2025-08-22 16:13,20250822000143,"신규상장(KB RISE 엔비디아고정테크100증권상장지수투자신탁(주식), 상장일 2025.08.26)",https://kind.krx.co.kr/disclosure/disclosurebystocktype.do?method=searchDisclosureByStockTypeEtfSub&forward=disclosurebystocktype_etf_sub&currentPageSize=100&pageIndex=1&orderMode=1&orderStat=D&etfIsuSrtCd=&reportCd=&reportTmp=&etfIsuSrtNm=&reportNm=%EC%8B%A0%EA%B7%9C%EC%83%81%EC%9E%A5&fromDate=2025-08-01&toDate=2025-08-31,kind_listing_notice_title,official_notice_pending_isin,2026-08-14T07:26:02+00:00
RISE AI반도체TOP10,0093A,2025-08-26,2025-08-22 16:15,20250822000294,"신규상장(KB RISE AI반도체TOP10증권상장지수투자신탁(주식), 상장일 2025.08.26)",https://kind.krx.co.kr/disclosure/disclosurebystocktype.do?method=searchDisclosureByStockTypeEtfSub&forward=disclosurebystocktype_etf_sub&currentPageSize=100&pageIndex=1&orderMode=1&orderStat=D&etfIsuSrtCd=&reportCd=&reportTmp=&etfIsuSrtNm=&reportNm=%EC%8B%A0%EA%B7%9C%EC%83%81%EC%9E%A5&fromDate=2025-08-01&toDate=2025-08-31,kind_listing_notice_title,official_notice_pending_isin,2026-08-14T07:26:02+00:00
HANARO 27-06 회사채(AA-이상)액티브,0091M,2025-08-26,2025-08-22 16:08,20250822000301,"신규상장(NH-Amundi HANARO 27-06 회사채(AA-이상)액티브증권상장지수투자신탁(채권), 상장일 2025.08.26)",https://kind.krx.co.kr/disclosure/disclosurebystocktype.do?method=searchDisclosureByStockTypeEtfSub&forward=disclosurebystocktype_etf_sub&currentPageSize=100&pageIndex=1&orderMode=1&orderStat=D&etfIsuSrtCd=&reportCd=&reportTmp=&etfIsuSrtNm=&reportNm=%EC%8B%A0%EA%B7%9C%EC%83%81%EC%9E%A5&fromDate=2025-08-01&toDate=2025-08-31,kind_listing_notice_title,official_notice_pending_isin,2026-08-14T07:26:02+00:00
RISE 코리아밸류업위클리고정커버드콜,0094M,2025-09-02,2025-08-29 16:17,20250829000054,"신규상장(KB RISE 코리아밸류업위클리고정커버드콜증권상장지수투자신탁(주식-파생형), 상장일 2025.09.02)",https://kind.krx.co.kr/disclosure/disclosurebystocktype.do?method=searchDisclosureByStockTypeEtfSub&forward=disclosurebystocktype_etf_sub&currentPageSize=100&pageIndex=1&orderMode=1&orderStat=D&etfIsuSrtCd=&reportCd=&reportTmp=&etfIsuSrtNm=&reportNm=%EC%8B%A0%EA%B7%9C%EC%83%81%EC%9E%A5&fromDate=2025-08-01&toDate=2025-08-31,kind_listing_notice_title,official_notice_pending_isin,2026-08-14T07:26:02+00:00
KIWOOM 한국고배당&미국AI테크,0097L,2025-09-02,2025-08-29 16:17,20250829000058,"신규상장(키움 KIWOOM 한국고배당&미국AI테크증권상장지수투자신탁[주식], 상장일 2025.09.02)",https://kind.krx.co.kr/disclosure/disclosurebystocktype.do?method=searchDisclosureByStockTypeEtfSub&forward=disclosurebystocktype_etf_sub&currentPageSize=100&pageIndex=1&orderMode=1&orderStat=D&etfIsuSrtCd=&reportCd=&reportTmp=&etfIsuSrtNm=&reportNm=%EC%8B%A0%EA%B7%9C%EC%83%81%EC%9E%A5&fromDate=2025-08-01&toDate=2025-08-31,kind_listing_notice_title,official_notice_pending_isin,2026-08-14T07:26:02+00:00
1Q 샤오미밸류체인액티브,0094X,2025-09-02,2025-08-29 16:17,20250829000059,"신규상장(하나 1Q 샤오미밸류체인액티브증권상장지수투자신탁(주식), 상장일 2025.09.02)",https://kind.krx.co.kr/disclosure/disclosurebystocktype.do?method=searchDisclosureByStockTypeEtfSub&forward=disclosurebystocktype_etf_sub&currentPageSize=100&pageIndex=1&orderMode=1&orderStat=D&etfIsuSrtCd=&reportCd=&reportTmp=&etfIsuSrtNm=&reportNm=%EC%8B%A0%EA%B7%9C%EC%83%81%EC%9E%A5&fromDate=2025-08-01&toDate=2025-08-31,kind_listing_notice_title,official_notice_pending_isin,2026-08-14T07:26:02+00:00
RISE 차이나테크TOP10위클리타겟커버드콜,0094L,2025-09-02,2025-08-29 16:17,20250829000391,"신규상장(KB RISE 차이나테크TOP10위클리타겟커버드콜증권상장지수투자신탁(주식-파생형), 상장일 2025.09.02)",https://kind.krx.co.kr/disclosure/disclosurebystocktype.do?method=searchDisclosureByStockTypeEtfSub&forward=disclosurebystocktype_etf_sub&currentPageSize=100&pageIndex=1&orderMode=1&orderStat=D&etfIsuSrtCd=&reportCd=&reportTmp=&etfIsuSrtNm=&reportNm=%EC%8B%A0%EA%B7%9C%EC%83%81%EC%9E%A5&fromDate=2025-08-01&toDate=2025-08-31,kind_listing_notice_title,official_notice_pending_isin,2026-08-14T07:26:02+00:00
TIGER 미국AI소프트웨어TOP4Plus,0102A,2025-09-09,2025-09-05 15:49,20250905000042,"신규상장(미래에셋 TIGER 미국AI소프트웨어TOP4Plus증권상장지수투자신탁(주식), 상장일 2025.09.09)",https://kind.krx.co.kr/disclosure/disclosurebystocktype.do?method=searchDisclosureByStockTypeEtfSub&forward=disclosurebystocktype_etf_sub&currentPageSize=100&pageIndex=1&orderMode=1&orderStat=D&etfIsuSrtCd=&reportCd=&reportTmp=&etfIsuSrtNm=&reportNm=%EC%8B%A0%EA%B7%9C%EC%83%81%EC%9E%A5&fromDate=2025-09-01&toDate=2025-09-30,kind_listing_notice_title,official_notice_pending_isin,2026-08-14T07:26:02+00:00
ACE 우량회사채(AA-이상)액티브,0099L,2025-09-09,2025-09-05 15:51,20250905000119,"신규상장(한국투자 ACE 우량회사채(AA-이상)액티브증권상장지수투자신탁(채권), 상장일 2025.09.09)",https://kind.krx.co.kr/disclosure/disclosurebystocktype.do?method=searchDisclosureByStockTypeEtfSub&forward=disclosurebystocktype_etf_sub&currentPageSize=100&pageIndex=1&orderMode=1&orderStat=D&etfIsuSrtCd=&reportCd=&reportTmp=&etfIsuSrtNm=&reportNm=%EC%8B%A0%EA%B7%9C%EC%83%81%EC%9E%A5&fromDate=2025-09-01&toDate=2025-09-30,kind_listing_notice_title,official_notice_pending_isin,2026-08-14T07:26:02+00:00
PLUS 자사주매입고배당주,0098N,2025-09-16,2025-09-12 15:51,20250912000056,"신규상장(한화 PLUS 자사주매입고배당주증권상장지수투자신탁(주식), 상장일 2025.09.16)",https://kind.krx.co.kr/disclosure/disclosurebystocktype.do?method=searchDisclosureByStockTypeEtfSub&forward=disclosurebystocktype_etf_sub&currentPageSize=100&pageIndex=1&orderMode=1&orderStat=D&etfIsuSrtCd=&reportCd=&reportTmp=&etfIsuSrtNm=&reportNm=%EC%8B%A0%EA%B7%9C%EC%83%81%EC%9E%A5&fromDate=2025-09-01&toDate=2025-09-30,kind_listing_notice_title,official_notice_pending_isin,2026-08-14T07:26:02+00:00
KODEX 방산TOP10레버리지,0100K,2025-09-16,2025-09-12 15:54,20250912000077,"신규상장(삼성 KODEX K방산TOP10레버리지증권상장지수투자신탁[주식-파생형], 상장일 2025.09.16)",https://kind.krx.co.kr/disclosure/disclosurebystocktype.do?method=searchDisclosureByStockTypeEtfSub&forward=disclosurebystocktype_etf_sub&currentPageSize=100&pageIndex=1&orderMode=1&orderStat=D&etfIsuSrtCd=&reportCd=&reportTmp=&etfIsuSrtNm=&reportNm=%EC%8B%A0%EA%B7%9C%EC%83%81%EC%9E%A5&fromDate=2025-09-01&toDate=2025-09-30,kind_listing_notice_title,official_notice_pending_isin,2026-08-14T07:26:02+00:00
KODEX 원자력SMR,0098F,2025-09-16,2025-09-12 15:56,20250912000220,"신규상장(삼성 KODEX K원자력SMR증권상장지수투자신탁[주식], 상장일 2025.09.16)",https://kind.krx.co.kr/disclosure/disclosurebystocktype.do?method=searchDisclosureByStockTypeEtfSub&forward=disclosurebystocktype_etf_sub&currentPageSize=100&pageIndex=1&orderMode=1&orderStat=D&etfIsuSrtCd=&reportCd=&reportTmp=&etfIsuSrtNm=&reportNm=%EC%8B%A0%EA%B7%9C%EC%83%81%EC%9E%A5&fromDate=2025-09-01&toDate=2025-09-30,kind_listing_notice_title,official_notice_pending_isin,2026-08-14T07:26:02+00:00
TIGER 코리아배당다우존스위클리커버드콜,0104P,2025-09-23,2025-09-19 15:59,20250919000087,"신규상장(미래에셋 TIGER 코리아배당다우존스위클리커버드콜증권상장지수투자신탁(주식-파생형), 상장일 2025.09.23)",https://kind.krx.co.kr/disclosure/disclosurebystocktype.do?method=searchDisclosureByStockTypeEtfSub&forward=disclosurebystocktype_etf_sub&currentPageSize=100&pageIndex=1&orderMode=1&orderStat=D&etfIsuSrtCd=&reportCd=&reportTmp=&etfIsuSrtNm=&reportNm=%EC%8B%A0%EA%B7%9C%EC%83%81%EC%9E%A5&fromDate=2025-09-01&toDate=2025-09-30,kind_listing_notice_title,official_notice_pending_isin,2026-08-14T07:26:02+00:00
ACE 유럽방산TOP10,0102X,2025-09-23,2025-09-19 16:01,20250919000088,"신규상장(한국투자 ACE 유럽방산TOP10증권상장지수투자신탁(주식), 상장일 2025.09.23)",https://kind.krx.co.kr/disclosure/disclosurebystocktype.do?method=searchDisclosureByStockTypeEtfSub&forward=disclosurebystocktype_etf_sub&currentPageSize=100&pageIndex=1&orderMode=1&orderStat=D&etfIsuSrtCd=&reportCd=&reportTmp=&etfIsuSrtNm=&reportNm=%EC%8B%A0%EA%B7%9C%EC%83%81%EC%9E%A5&fromDate=2025-09-01&toDate=2025-09-30,kind_listing_notice_title,official_notice_pending_isin,2026-08-14T07:26:02+00:00
KIWOOM 미국고배당&AI테크,0107F,2025-09-23,2025-09-19 16:04,20250919000109,"신규상장(키움 KIWOOM 미국고배당&AI테크증권상장지수투자신탁[주식], 상장일 2025.09.23)",https://kind.krx.co.kr/disclosure/disclosurebystocktype.do?method=searchDisclosureByStockTypeEtfSub&forward=disclosurebystocktype_etf_sub&currentPageSize=100&pageIndex=1&orderMode=1&orderStat=D&etfIsuSrtCd=&reportCd=&reportTmp=&etfIsuSrtNm=&reportNm=%EC%8B%A0%EA%B7%9C%EC%83%81%EC%9E%A5&fromDate=2025-09-01&toDate=2025-09-30,kind_listing_notice_title,official_notice_pending_isin,2026-08-14T07:26:02+00:00
FOCUS 200,0098Z,2025-09-23,2025-09-19 16:06,20250919000110,"신규상장(브이아이 FOCUS 200 증권상장지수투자신탁[주식], 상장일 2025.09.23)",https://kind.krx.co.kr/disclosure/disclosurebystocktype.do?method=searchDisclosureByStockTypeEtfSub&forward=disclosurebystocktype_etf_sub&currentPageSize=100&pageIndex=1&orderMode=1&orderStat=D&etfIsuSrtCd=&reportCd=&reportTmp=&etfIsuSrtNm=&reportNm=%EC%8B%A0%EA%B7%9C%EC%83%81%EC%9E%A5&fromDate=2025-09-01&toDate=2025-09-30,kind_listing_notice_title,official_notice_pending_isin,2026-08-14T07:26:02+00:00
SOL 한국AI소프트웨어,0105D,2025-09-23,2025-09-19 16:14,20250919000148,"신규상장(신한 SOL 한국AI소프트웨어증권상장지수투자신탁[주식], 상장일 2025.09.23)",https://kind.krx.co.kr/disclosure/disclosurebystocktype.do?method=searchDisclosureByStockTypeEtfSub&forward=disclosurebystocktype_etf_sub&currentPageSize=100&pageIndex=1&orderMode=1&orderStat=D&etfIsuSrtCd=&reportCd=&reportTmp=&etfIsuSrtNm=&reportNm=%EC%8B%A0%EA%B7%9C%EC%83%81%EC%9E%A5&fromDate=2025-09-01&toDate=2025-09-30,kind_listing_notice_title,official_notice_pending_isin,2026-08-14T07:26:02+00:00
TIGER 200타겟위클리커버드콜,0104N,2025-09-23,2025-09-19 16:23,20250919000150,"신규상장(미래에셋 TIGER 200타겟위클리커버드콜증권상장지수투자신탁(주식), 상장일 2025.09.23)",https://kind.krx.co.kr/disclosure/disclosurebystocktype.do?method=searchDisclosureByStockTypeEtfSub&forward=disclosurebystocktype_etf_sub&currentPageSize=100&pageIndex=1&orderMode=1&orderStat=D&etfIsuSrtCd=&reportCd=&reportTmp=&etfIsuSrtNm=&reportNm=%EC%8B%A0%EA%B7%9C%EC%83%81%EC%9E%A5&fromDate=2025-09-01&toDate=2025-09-30,kind_listing_notice_title,official_notice_pending_isin,2026-08-14T07:26:02+00:00
SOL 코리아고배당,0105E,2025-09-23,2025-09-19 16:19,20250919000255,"신규상장(신한 SOL 코리아고배당증권상장지수투자신탁[주식], 상장일 2025.09.23)",https://kind.krx.co.kr/disclosure/disclosurebystocktype.do?method=searchDisclosureByStockTypeEtfSub&forward=disclosurebystocktype_etf_sub&currentPageSize=100&pageIndex=1&orderMode=1&orderStat=D&etfIsuSrtCd=&reportCd=&reportTmp=&etfIsuSrtNm=&reportNm=%EC%8B%A0%EA%B7%9C%EC%83%81%EC%9E%A5&fromDate=2025-09-01&toDate=2025-09-30,kind_listing_notice_title,official_notice_pending_isin,2026-08-14T07:26:02+00:00
RISE AI전력인프라,0101N,2025-09-23,2025-09-19 16:29,20250919000465,"신규상장(KB RISE AI전력인프라증권상장지수투자신탁(주식), 상장일 2025.09.23)",https://kind.krx.co.kr/disclosure/disclosurebystocktype.do?method=searchDisclosureByStockTypeEtfSub&forward=disclosurebystocktype_etf_sub&currentPageSize=100&pageIndex=1&orderMode=1&orderStat=D&etfIsuSrtCd=&reportCd=&reportTmp=&etfIsuSrtNm=&reportNm=%EC%8B%A0%EA%B7%9C%EC%83%81%EC%9E%A5&fromDate=2025-09-01&toDate=2025-09-30,kind_listing_notice_title,official_notice_pending_isin,2026-08-14T07:26:02+00:00
KoAct 미국나스닥채권혼합50액티브,0104H,2025-09-30,2025-09-26 15:47,20250926000060,"신규상장(삼성액티브 KoAct 미국나스닥채권혼합50액티브증권상장지수투자신탁[채권혼합], 상장일 2025.09.30)",https://kind.krx.co.kr/disclosure/disclosurebystocktype.do?method=searchDisclosureByStockTypeEtfSub&forward=disclosurebystocktype_etf_sub&currentPageSize=100&pageIndex=1&orderMode=1&orderStat=D&etfIsuSrtCd=&reportCd=&reportTmp=&etfIsuSrtNm=&reportNm=%EC%8B%A0%EA%B7%9C%EC%83%81%EC%9E%A5&fromDate=2025-09-01&toDate=2025-09-30,kind_listing_notice_title,official_notice_pending_isin,2026-08-14T07:26:02+00:00
PLUS K방산레버리지,0104G,2025-09-30,2025-09-26 15:49,20250926000063,"신규상장(한화 PLUS K방산레버리지증권상장지수투자신탁(주식-파생형), 상장일 2025.09.30)",https://kind.krx.co.kr/disclosure/disclosurebystocktype.do?method=searchDisclosureByStockTypeEtfSub&forward=disclosurebystocktype_etf_sub&currentPageSize=100&pageIndex=1&orderMode=1&orderStat=D&etfIsuSrtCd=&reportCd=&reportTmp=&etfIsuSrtNm=&reportNm=%EC%8B%A0%EA%B7%9C%EC%83%81%EC%9E%A5&fromDate=2025-09-01&toDate=2025-09-30,kind_listing_notice_title,official_notice_pending_isin,2026-08-14T07:26:02+00:00
1Q K소버린AI,0103T,2025-09-30,2025-09-26 15:58,20250926000119,"신규상장(하나 1Q K소버린AI증권상장지수투자신탁(주식), 상장일 2025.09.30)",https://kind.krx.co.kr/disclosure/disclosurebystocktype.do?method=searchDisclosureByStockTypeEtfSub&forward=disclosurebystocktype_etf_sub&currentPageSize=100&pageIndex=1&orderMode=1&orderStat=D&etfIsuSrtCd=&reportCd=&reportTmp=&etfIsuSrtNm=&reportNm=%EC%8B%A0%EA%B7%9C%EC%83%81%EC%9E%A5&fromDate=2025-09-01&toDate=2025-09-30,kind_listing_notice_title,official_notice_pending_isin,2026-08-14T07:26:02+00:00
1Q 미국나스닥100미국채혼합50액티브,0111P,2025-09-30,2025-09-26 15:51,20250926000121,"신규상장(하나 1Q 미국나스닥100미국채혼합50액티브증권상장지수투자신탁(채권혼합), 상장일 2025.09.30)",https://kind.krx.co.kr/disclosure/disclosurebystocktype.do?method=searchDisclosureByStockTypeEtfSub&forward=disclosurebystocktype_etf_sub&currentPageSize=100&pageIndex=1&orderMode=1&orderStat=D&etfIsuSrtCd=&reportCd=&reportTmp=&etfIsuSrtNm=&reportNm=%EC%8B%A0%EA%B7%9C%EC%83%81%EC%9E%A5&fromDate=2025-09-01&toDate=2025-09-30,kind_listing_notice_title,official_notice_pending_isin,2026-08-14T07:26:02+00:00
HK 머니마켓액티브,0113P,2025-09-30,2025-09-26 15:55,20250926000128,"신규상장(흥국 HK 머니마켓액티브증권상장지수투자신탁[채권], 상장일 2025.09.30)",https://kind.krx.co.kr/disclosure/disclosurebystocktype.do?method=searchDisclosureByStockTypeEtfSub&forward=disclosurebystocktype_etf_sub&currentPageSize=100&pageIndex=1&orderMode=1&orderStat=D&etfIsuSrtCd=&reportCd=&reportTmp=&etfIsuSrtNm=&reportNm=%EC%8B%A0%EA%B7%9C%EC%83%81%EC%9E%A5&fromDate=2025-09-01&toDate=2025-09-30,kind_listing_notice_title,official_notice_pending_isin,2026-08-14T07:26:02+00:00
KODEX 코리아소버린AI,0115E,2025-10-21,2025-10-17 15:51,20251017000077,"신규상장(삼성 KODEX 코리아소버린AI증권상장지수투자신탁[주식], 상장일 2025.10.21)",https://kind.krx.co.kr/disclosure/disclosurebystocktype.do?method=searchDisclosureByStockTypeEtfSub&forward=disclosurebystocktype_etf_sub&currentPageSize=100&pageIndex=1&orderMode=1&orderStat=D&etfIsuSrtCd=&reportCd=&reportTmp=&etfIsuSrtNm=&reportNm=%EC%8B%A0%EA%B7%9C%EC%83%81%EC%9E%A5&fromDate=2025-10-01&toDate=2025-10-31,kind_listing_notice_title,official_notice_pending_isin,2026-08-14T07:26:02+00:00
KIWOOM 미국대형주500월간목표헤지액티브,0084E,2025-10-21,2025-10-17 15:51,20251017000105,"신규상장(키움 KIWOOM US대형500월간목표헤지액티브증권상장지수투자신탁[혼합-파생재간접형], 상장일 2025.10.21)",https://kind.krx.co.kr/disclosure/disclosurebystocktype.do?method=searchDisclosureByStockTypeEtfSub&forward=disclosurebystocktype_etf_sub&currentPageSize=100&pageIndex=1&orderMode=1&orderStat=D&etfIsuSrtCd=&reportCd=&reportTmp=&etfIsuSrtNm=&reportNm=%EC%8B%A0%EA%B7%9C%EC%83%81%EC%9E%A5&fromDate=2025-10-01&toDate=2025-10-31,kind_listing_notice_title,official_notice_pending_isin,2026-08-14T07:26:02+00:00
TIGER 코리아AI전력기기TOP3플러스,0117V,2025-10-21,2025-10-17 15:51,20251017000106,"신규상장(미래에셋 TIGER 코리아AI전력기기TOP3플러스증권상장지수투자신탁(주식), 상장일 2025.10.21)",https://kind.krx.co.kr/disclosure/disclosurebystocktype.do?method=searchDisclosureByStockTypeEtfSub&forward=disclosurebystocktype_etf_sub&currentPageSize=100&pageIndex=1&orderMode=1&orderStat=D&etfIsuSrtCd=&reportCd=&reportTmp=&etfIsuSrtNm=&reportNm=%EC%8B%A0%EA%B7%9C%EC%83%81%EC%9E%A5&fromDate=2025-10-01&toDate=2025-10-31,kind_listing_notice_title,official_notice_pending_isin,2026-08-14T07:26:02+00:00
RISE 미국고배당다우존스TOP10,0115C,2025-10-21,2025-10-17 15:53,20251017000282,"신규상장(KB RISE 미국고배당다우존스TOP10증권상장지수투자신탁(주식), 상장일 2025.10.21)",https://kind.krx.co.kr/disclosure/disclosurebystocktype.do?method=searchDisclosureByStockTypeEtfSub&forward=disclosurebystocktype_etf_sub&currentPageSize=100&pageIndex=1&orderMode=1&orderStat=D&etfIsuSrtCd=&reportCd=&reportTmp=&etfIsuSrtNm=&reportNm=%EC%8B%A0%EA%B7%9C%EC%83%81%EC%9E%A5&fromDate=2025-10-01&toDate=2025-10-31,kind_listing_notice_title,official_notice_pending_isin,2026-08-14T07:26:02+00:00
RISE 글로벌게임테크TOP3Plus,0114X,2025-10-21,2025-10-17 15:55,20251017000287,"신규상장(KB RISE 글로벌게임테크TOP3Plus증권상장지수투자신탁(주식), 상장일 2025.10.21)",https://kind.krx.co.kr/disclosure/disclosurebystocktype.do?method=searchDisclosureByStockTypeEtfSub&forward=disclosurebystocktype_etf_sub&currentPageSize=100&pageIndex=1&orderMode=1&orderStat=D&etfIsuSrtCd=&reportCd=&reportTmp=&etfIsuSrtNm=&reportNm=%EC%8B%A0%EA%B7%9C%EC%83%81%EC%9E%A5&fromDate=2025-10-01&toDate=2025-10-31,kind_listing_notice_title,official_notice_pending_isin,2026-08-14T07:26:02+00:00
TIME 글로벌탑픽액티브,0113D,2025-10-28,2025-10-24 15:44,20251024000063,"신규상장(타임폴리오 TIMEFOLIO 글로벌탑픽액티브증권상장지수투자신탁[주식-재간접형], 상장일 2025.10.28)",https://kind.krx.co.kr/disclosure/disclosurebystocktype.do?method=searchDisclosureByStockTypeEtfSub&forward=disclosurebystocktype_etf_sub&currentPageSize=100&pageIndex=1&orderMode=1&orderStat=D&etfIsuSrtCd=&reportCd=&reportTmp=&etfIsuSrtNm=&reportNm=%EC%8B%A0%EA%B7%9C%EC%83%81%EC%9E%A5&fromDate=2025-10-01&toDate=2025-10-31,kind_listing_notice_title,official_notice_pending_isin,2026-08-14T07:26:02+00:00
마이티 200TR,0112X,2025-10-28,2025-10-24 15:46,20251024000074,"신규상장(DB 마이티 200 Total Return증권상장지수투자신탁[주식], 상장일 2025.10.28)",https://kind.krx.co.kr/disclosure/disclosurebystocktype.do?method=searchDisclosureByStockTypeEtfSub&forward=disclosurebystocktype_etf_sub&currentPageSize=100&pageIndex=1&orderMode=1&orderStat=D&etfIsuSrtCd=&reportCd=&reportTmp=&etfIsuSrtNm=&reportNm=%EC%8B%A0%EA%B7%9C%EC%83%81%EC%9E%A5&fromDate=2025-10-01&toDate=2025-10-31,kind_listing_notice_title,official_notice_pending_isin,2026-08-14T07:26:02+00:00
HANARO 증권고배당TOP3플러스,0111J,2025-10-28,2025-10-24 15:48,20251024000076,"신규상장(NH-Amundi HANARO 증권고배당TOP3플러스증권상장지수투자신탁[주식], 상장일 2025.10.28)",https://kind.krx.co.kr/disclosure/disclosurebystocktype.do?method=searchDisclosureByStockTypeEtfSub&forward=disclosurebystocktype_etf_sub&currentPageSize=100&pageIndex=1&orderMode=1&orderStat=D&etfIsuSrtCd=&reportCd=&reportTmp=&etfIsuSrtNm=&reportNm=%EC%8B%A0%EA%B7%9C%EC%83%81%EC%9E%A5&fromDate=2025-10-01&toDate=2025-10-31,kind_listing_notice_title,official_notice_pending_isin,2026-08-14T07:26:02+00:00
ACE 미국AI테크핵심산업액티브,0118Z,2025-10-28,2025-10-24 15:50,20251024000079,"신규상장(한국투자 ACE 미국AI테크핵심산업액티브증권상장지수투자신탁(주식), 상장일 2025.10.28)",https://kind.krx.co.kr/disclosure/disclosurebystocktype.do?method=searchDisclosureByStockTypeEtfSub&forward=disclosurebystocktype_etf_sub&currentPageSize=100&pageIndex=1&orderMode=1&orderStat=D&etfIsuSrtCd=&reportCd=&reportTmp=&etfIsuSrtNm=&reportNm=%EC%8B%A0%EA%B7%9C%EC%83%81%EC%9E%A5&fromDate=2025-10-01&toDate=2025-10-31,kind_listing_notice_title,official_notice_pending_isin,2026-08-14T07:26:02+00:00
KODEX 조선TOP10,0115D,2025-10-28,2025-10-24 15:53,20251024000083,"신규상장(삼성 KODEX K조선TOP10증권상장지수투자신탁[주식], 상장일 2025.10.28)",https://kind.krx.co.kr/disclosure/disclosurebystocktype.do?method=searchDisclosureByStockTypeEtfSub&forward=disclosurebystocktype_etf_sub&currentPageSize=100&pageIndex=1&orderMode=1&orderStat=D&etfIsuSrtCd=&reportCd=&reportTmp=&etfIsuSrtNm=&reportNm=%EC%8B%A0%EA%B7%9C%EC%83%81%EC%9E%A5&fromDate=2025-10-01&toDate=2025-10-31,kind_listing_notice_title,official_notice_pending_isin,2026-08-14T07:26:02+00:00
SOL 미국넥스트테크TOP10액티브,0118S,2025-10-28,2025-10-24 16:00,20251024000219,"신규상장(신한 SOL 미국넥스트테크TOP10액티브증권상장지수투자신탁[주식], 상장일 2025.10.28)",https://kind.krx.co.kr/disclosure/disclosurebystocktype.do?method=searchDisclosureByStockTypeEtfSub&forward=disclosurebystocktype_etf_sub&currentPageSize=100&pageIndex=1&orderMode=1&orderStat=D&etfIsuSrtCd=&reportCd=&reportTmp=&etfIsuSrtNm=&reportNm=%EC%8B%A0%EA%B7%9C%EC%83%81%EC%9E%A5&fromDate=2025-10-01&toDate=2025-10-31,kind_listing_notice_title,official_notice_pending_isin,2026-08-14T07:26:02+00:00
KODEX 26-12 금융채(AA-이상)액티브,0117L,2025-10-28,2025-10-24 16:01,20251024000424,"신규상장(삼성 KODEX 26-12 금융채(AA-이상)액티브증권상장지수투자신탁[채권], 상장일 2025.10.28)",https://kind.krx.co.kr/disclosure/disclosurebystocktype.do?method=searchDisclosureByStockTypeEtfSub&forward=disclosurebystocktype_etf_sub&currentPageSize=100&pageIndex=1&orderMode=1&orderStat=D&etfIsuSrtCd=&reportCd=&reportTmp=&etfIsuSrtNm=&reportNm=%EC%8B%A0%EA%B7%9C%EC%83%81%EC%9E%A5&fromDate=2025-10-01&toDate=2025-10-31,kind_listing_notice_title,official_notice_pending_isin,2026-08-14T07:26:02+00:00
TIGER 미국AI전력SMR,0123G,2025-11-04,2025-10-31 15:52,20251031000070,"신규상장(미래에셋 TIGER 미국AI전력SMR증권상장지수투자신탁(주식), 상장일 2025.11.04)",https://kind.krx.co.kr/disclosure/disclosurebystocktype.do?method=searchDisclosureByStockTypeEtfSub&forward=disclosurebystocktype_etf_sub&currentPageSize=100&pageIndex=1&orderMode=1&orderStat=D&etfIsuSrtCd=&reportCd=&reportTmp=&etfIsuSrtNm=&reportNm=%EC%8B%A0%EA%B7%9C%EC%83%81%EC%9E%A5&fromDate=2025-10-01&toDate=2025-10-31,kind_listing_notice_title,official_notice_pending_isin,2026-08-14T07:26:02+00:00
KODEX 28-12 회사채(AA-이상)액티브,0119H,2025-11-04,2025-10-31 15:55,20251031000193,"신규상장(삼성 KODEX 28-12 회사채(AA-이상)액티브증권상장지수투자신탁[채권], 상장일 2025.11.04)",https://kind.krx.co.kr/disclosure/disclosurebystocktype.do?method=searchDisclosureByStockTypeEtfSub&forward=disclosurebystocktype_etf_sub&currentPageSize=100&pageIndex=1&orderMode=1&orderStat=D&etfIsuSrtCd=&reportCd=&reportTmp=&etfIsuSrtNm=&reportNm=%EC%8B%A0%EA%B7%9C%EC%83%81%EC%9E%A5&fromDate=2025-10-01&toDate=2025-10-31,kind_listing_notice_title,official_notice_pending_isin,2026-08-14T07:26:02+00:00
KIWOOM 미국S&P500&배당다우존스비중전환,0127T,2025-11-11,2025-11-07 15:39,20251107000069,"신규상장(키움 KIWOOM 미국S&P500&배당다우존스비중전환증권상장지수투자신탁[주식], 상장일 2025.11.11)",https://kind.krx.co.kr/disclosure/disclosurebystocktype.do?method=searchDisclosureByStockTypeEtfSub&forward=disclosurebystocktype_etf_sub&currentPageSize=100&pageIndex=1&orderMode=1&orderStat=D&etfIsuSrtCd=&reportCd=&reportTmp=&etfIsuSrtNm=&reportNm=%EC%8B%A0%EA%B7%9C%EC%83%81%EC%9E%A5&fromDate=2025-11-01&toDate=2025-11-30,kind_listing_notice_title,official_notice_pending_isin,2026-08-14T07:26:02+00:00
KIWOOM 미국S&P500 TOP10&배당다우비중전환,0127V,2025-11-11,2025-11-07 15:41,20251107000071,"신규상장(키움 KIWOOM 미국S&P500 TOP10&배당다우존스비중전환증권상장지수투자신탁[주식], 상장일 2025.11.11)",https://kind.krx.co.kr/disclosure/disclosurebystocktype.do?method=searchDisclosureByStockTypeEtfSub&forward=disclosurebystocktype_etf_sub&currentPageSize=100&pageIndex=1&orderMode=1&orderStat=D&etfIsuSrtCd=&reportCd=&reportTmp=&etfIsuSrtNm=&reportNm=%EC%8B%A0%EA%B7%9C%EC%83%81%EC%9E%A5&fromDate=2025-11-01&toDate=2025-11-30,kind_listing_notice_title,official_notice_pending_isin,2026-08-14T07:26:02+00:00
KoAct 미국바이오헬스케어액티브,0113G,2025-11-11,2025-11-07 15:44,20251107000212,"신규상장(삼성액티브 KoAct 미국바이오헬스케어액티브증권상장지수투자신탁[주식], 상장일 2025.11.11)",https://kind.krx.co.kr/disclosure/disclosurebystocktype.do?method=searchDisclosureByStockTypeEtfSub&forward=disclosurebystocktype_etf_sub&currentPageSize=100&pageIndex=1&orderMode=1&orderStat=D&etfIsuSrtCd=&reportCd=&reportTmp=&etfIsuSrtNm=&reportNm=%EC%8B%A0%EA%B7%9C%EC%83%81%EC%9E%A5&fromDate=2025-11-01&toDate=2025-11-30,kind_listing_notice_title,official_notice_pending_isin,2026-08-14T07:26:02+00:00
ACE 미국대형가치주액티브,0127M,2025-11-11,2025-11-07 15:46,20251107000214,"신규상장(한국투자 ACE 미국대형가치주액티브증권상장지수투자신탁(주식), 상장일 2025.11.11)",https://kind.krx.co.kr/disclosure/disclosurebystocktype.do?method=searchDisclosureByStockTypeEtfSub&forward=disclosurebystocktype_etf_sub&currentPageSize=100&pageIndex=1&orderMode=1&orderStat=D&etfIsuSrtCd=&reportCd=&reportTmp=&etfIsuSrtNm=&reportNm=%EC%8B%A0%EA%B7%9C%EC%83%81%EC%9E%A5&fromDate=2025-11-01&toDate=2025-11-30,kind_listing_notice_title,official_notice_pending_isin,2026-08-14T07:26:02+00:00
ACE 미국대형성장주액티브,0127P,2025-11-11,2025-11-07 15:48,20251107000215,"신규상장(한국투자 ACE 미국대형성장주액티브증권상장지수투자신탁(주식), 상장일 2025.11.11)",https://kind.krx.co.kr/disclosure/disclosurebystocktype.do?method=searchDisclosureByStockTypeEtfSub&forward=disclosurebystocktype_etf_sub&currentPageSize=100&pageIndex=1&orderMode=1&orderStat=D&etfIsuSrtCd=&reportCd=&reportTmp=&etfIsuSrtNm=&reportNm=%EC%8B%A0%EA%B7%9C%EC%83%81%EC%9E%A5&fromDate=2025-11-01&toDate=2025-11-30,kind_listing_notice_title,official_notice_pending_isin,2026-08-14T07:26:02+00:00
RISE 26-11 회사채(AA-이상)액티브,0122W,2025-11-18,2025-11-14 15:34,20251114000392,"신규상장(KB RISE 26-11 회사채(AA-이상)액티브증권상장지수투자신탁(채권), 상장일 2025.11.18)",https://kind.krx.co.kr/disclosure/disclosurebystocktype.do?method=searchDisclosureByStockTypeEtfSub&forward=disclosurebystocktype_etf_sub&currentPageSize=100&pageIndex=1&orderMode=1&orderStat=D&etfIsuSrtCd=&reportCd=&reportTmp=&etfIsuSrtNm=&reportNm=%EC%8B%A0%EA%B7%9C%EC%83%81%EC%9E%A5&fromDate=2025-11-01&toDate=2025-11-30,kind_listing_notice_title,official_notice_pending_isin,2026-08-14T07:26:02+00:00
PLUS 차이나항셍테크위클리타겟커버드콜,0128D,2025-11-18,2025-11-14 15:37,20251114001385,"신규상장(한화 PLUS 차이나항셍테크위클리타겟커버드콜증권상장지수투자신탁(주식-파생형), 상장일 2025.11.18)",https://kind.krx.co.kr/disclosure/disclosurebystocktype.do?method=searchDisclosureByStockTypeEtfSub&forward=disclosurebystocktype_etf_sub&currentPageSize=100&pageIndex=1&orderMode=1&orderStat=D&etfIsuSrtCd=&reportCd=&reportTmp=&etfIsuSrtNm=&reportNm=%EC%8B%A0%EA%B7%9C%EC%83%81%EC%9E%A5&fromDate=2025-11-01&toDate=2025-11-30,kind_listing_notice_title,official_notice_pending_isin,2026-08-14T07:26:02+00:00
RISE 미국AI클라우드인프라,0127R,2025-11-25,2025-11-21 15:49,20251121000144,"신규상장(KB RISE 미국AI클라우드인프라증권상장지수투자신탁(주식), 상장일 2025.11.25)",https://kind.krx.co.kr/disclosure/disclosurebystocktype.do?method=searchDisclosureByStockTypeEtfSub&forward=disclosurebystocktype_etf_sub&currentPageSize=100&pageIndex=1&orderMode=1&orderStat=D&etfIsuSrtCd=&reportCd=&reportTmp=&etfIsuSrtNm=&reportNm=%EC%8B%A0%EA%B7%9C%EC%83%81%EC%9E%A5&fromDate=2025-11-01&toDate=2025-11-30,kind_listing_notice_title,official_notice_pending_isin,2026-08-14T07:26:02+00:00
1Q 미국우주항공테크,0131V,2025-11-25,2025-11-21 15:51,20251121000145,"신규상장(하나 1Q 미국우주항공테크증권상장지수투자신탁(주식), 상장일 2025.11.25)",https://kind.krx.co.kr/disclosure/disclosurebystocktype.do?method=searchDisclosureByStockTypeEtfSub&forward=disclosurebystocktype_etf_sub&currentPageSize=100&pageIndex=1&orderMode=1&orderStat=D&etfIsuSrtCd=&reportCd=&reportTmp=&etfIsuSrtNm=&reportNm=%EC%8B%A0%EA%B7%9C%EC%83%81%EC%9E%A5&fromDate=2025-11-01&toDate=2025-11-30,kind_listing_notice_title,official_notice_pending_isin,2026-08-14T07:26:02+00:00
SOL 차이나소비트렌드,0131A,2025-11-25,2025-11-21 15:53,20251121000210,"신규상장(신한 SOL 차이나소비트렌드증권상장지수투자신탁[주식], 상장일 2025.11.25)",https://kind.krx.co.kr/disclosure/disclosurebystocktype.do?method=searchDisclosureByStockTypeEtfSub&forward=disclosurebystocktype_etf_sub&currentPageSize=100&pageIndex=1&orderMode=1&orderStat=D&etfIsuSrtCd=&reportCd=&reportTmp=&etfIsuSrtNm=&reportNm=%EC%8B%A0%EA%B7%9C%EC%83%81%EC%9E%A5&fromDate=2025-11-01&toDate=2025-11-30,kind_listing_notice_title,official_notice_pending_isin,2026-08-14T07:26:02+00:00
KODEX 미국원자력SMR,0132H,2025-11-25,2025-11-21 15:56,20251121000216,"신규상장(삼성 KODEX 미국원자력SMR증권상장지수투자신탁[주식], 상장일 2025.11.25)",https://kind.krx.co.kr/disclosure/disclosurebystocktype.do?method=searchDisclosureByStockTypeEtfSub&forward=disclosurebystocktype_etf_sub&currentPageSize=100&pageIndex=1&orderMode=1&orderStat=D&etfIsuSrtCd=&reportCd=&reportTmp=&etfIsuSrtNm=&reportNm=%EC%8B%A0%EA%B7%9C%EC%83%81%EC%9E%A5&fromDate=2025-11-01&toDate=2025-11-30,kind_listing_notice_title,official_notice_pending_isin,2026-08-14T07:26:02+00:00
1Q 단기특수은행채액티브,0131W,2025-11-25,2025-11-21 15:58,20251121000219,"신규상장(하나 1Q 단기특수은행채액티브증권상장지수투자신탁[채권], 상장일 2025.11.25)",https://kind.krx.co.kr/disclosure/disclosurebystocktype.do?method=searchDisclosureByStockTypeEtfSub&forward=disclosurebystocktype_etf_sub&currentPageSize=100&pageIndex=1&orderMode=1&orderStat=D&etfIsuSrtCd=&reportCd=&reportTmp=&etfIsuSrtNm=&reportNm=%EC%8B%A0%EA%B7%9C%EC%83%81%EC%9E%A5&fromDate=2025-11-01&toDate=2025-11-30,kind_listing_notice_title,official_notice_pending_isin,2026-08-14T07:26:02+00:00
KoAct 글로벌K컬처밸류체인액티브,0132D,2025-11-25,2025-11-21 16:01,20251121000260,"신규상장(삼성액티브 KoAct 글로벌K컬처밸류체인액티브증권상장지수투자신탁[주식], 상장일 2025.11.25)",https://kind.krx.co.kr/disclosure/disclosurebystocktype.do?method=searchDisclosureByStockTypeEtfSub&forward=disclosurebystocktype_etf_sub&currentPageSize=100&pageIndex=1&orderMode=1&orderStat=D&etfIsuSrtCd=&reportCd=&reportTmp=&etfIsuSrtNm=&reportNm=%EC%8B%A0%EA%B7%9C%EC%83%81%EC%9E%A5&fromDate=2025-11-01&toDate=2025-11-30,kind_listing_notice_title,official_notice_pending_isin,2026-08-14T07:26:02+00:00
BNK 카카오그룹포커스,0120J,2025-12-02,2025-11-28 15:42,20251128000133,"신규상장(BNK BNK 카카오그룹포커스증권상장지수투자신탁(주식), 상장일 2025.12.02)",https://kind.krx.co.kr/disclosure/disclosurebystocktype.do?method=searchDisclosureByStockTypeEtfSub&forward=disclosurebystocktype_etf_sub&currentPageSize=100&pageIndex=1&orderMode=1&orderStat=D&etfIsuSrtCd=&reportCd=&reportTmp=&etfIsuSrtNm=&reportNm=%EC%8B%A0%EA%B7%9C%EC%83%81%EC%9E%A5&fromDate=2025-11-01&toDate=2025-11-30,kind_listing_notice_title,official_notice_pending_isin,2026-08-14T07:26:02+00:00
KIWOOM 미국S&P500&GOLD,0137W,2025-12-09,2025-12-05 15:43,20251205000052,"신규상장(키움 KIWOOM 미국S&P500&GOLD증권상장지수투자신탁[주식], 상장일 2025.12.09)",https://kind.krx.co.kr/disclosure/disclosurebystocktype.do?method=searchDisclosureByStockTypeEtfSub&forward=disclosurebystocktype_etf_sub&currentPageSize=100&pageIndex=1&orderMode=1&orderStat=D&etfIsuSrtCd=&reportCd=&reportTmp=&etfIsuSrtNm=&reportNm=%EC%8B%A0%EA%B7%9C%EC%83%81%EC%9E%A5&fromDate=2025-12-01&toDate=2025-12-31,kind_listing_notice_title,official_notice_pending_isin,2026-08-14T07:26:02+00:00
TIGER 12월자동연장금융채(AA-이상)액티브,0139F,2025-12-09,2025-12-05 15:46,20251205000074,"신규상장(미래에셋 TIGER 12월만기자동연장금융채(AA-이상)액티브증권상장지수투자신탁(채권), 상장일 2025.12.09)",https://kind.krx.co.kr/disclosure/disclosurebystocktype.do?method=searchDisclosureByStockTypeEtfSub&forward=disclosurebystocktype_etf_sub&currentPageSize=100&pageIndex=1&orderMode=1&orderStat=D&etfIsuSrtCd=&reportCd=&reportTmp=&etfIsuSrtNm=&reportNm=%EC%8B%A0%EA%B7%9C%EC%83%81%EC%9E%A5&fromDate=2025-12-01&toDate=2025-12-31,kind_listing_notice_title,official_notice_pending_isin,2026-08-14T07:26:02+00:00
PLUS 테슬라위클리커버드콜채권혼합,0132K,2025-12-09,2025-12-05 15:48,20251205000077,"신규상장(한화 PLUS 테슬라위클리커버드콜채권혼합증권상장지수투자신탁(채권혼합-파생형), 상장일 2025.12.09)",https://kind.krx.co.kr/disclosure/disclosurebystocktype.do?method=searchDisclosureByStockTypeEtfSub&forward=disclosurebystocktype_etf_sub&currentPageSize=100&pageIndex=1&orderMode=1&orderStat=D&etfIsuSrtCd=&reportCd=&reportTmp=&etfIsuSrtNm=&reportNm=%EC%8B%A0%EA%B7%9C%EC%83%81%EC%9E%A5&fromDate=2025-12-01&toDate=2025-12-31,kind_listing_notice_title,official_notice_pending_isin,2026-08-14T07:26:02+00:00
TIGER 미국AI데이터센터TOP4Plus,0142D,2025-12-09,2025-12-05 15:51,20251205000143,"신규상장(미래에셋 TIGER 미국AI데이터센터TOP4Plus증권상장지수투자신탁(주식), 상장일 2025.12.09)",https://kind.krx.co.kr/disclosure/disclosurebystocktype.do?method=searchDisclosureByStockTypeEtfSub&forward=disclosurebystocktype_etf_sub&currentPageSize=100&pageIndex=1&orderMode=1&orderStat=D&etfIsuSrtCd=&reportCd=&reportTmp=&etfIsuSrtNm=&reportNm=%EC%8B%A0%EA%B7%9C%EC%83%81%EC%9E%A5&fromDate=2025-12-01&toDate=2025-12-31,kind_listing_notice_title,official_notice_pending_isin,2026-08-14T07:26:02+00:00
KIWOOM 미국S&P500모멘텀,0137V,2025-12-09,2025-12-05 15:53,20251205000268,"신규상장(키움 KIWOOM 미국S&P500모멘텀증권상장지수투자신탁[주식], 상장일 2025.12.09)",https://kind.krx.co.kr/disclosure/disclosurebystocktype.do?method=searchDisclosureByStockTypeEtfSub&forward=disclosurebystocktype_etf_sub&currentPageSize=100&pageIndex=1&orderMode=1&orderStat=D&etfIsuSrtCd=&reportCd=&reportTmp=&etfIsuSrtNm=&reportNm=%EC%8B%A0%EA%B7%9C%EC%83%81%EC%9E%A5&fromDate=2025-12-01&toDate=2025-12-31,kind_listing_notice_title,official_notice_pending_isin,2026-08-14T07:26:02+00:00
SOL 조선기자재,0141S,2025-12-16,2025-12-12 15:42,20251212000160,"신규상장(신한 SOL 조선기자재증권상장지수투자신탁[주식], 상장일 2025.12.16)",https://kind.krx.co.kr/disclosure/disclosurebystocktype.do?method=searchDisclosureByStockTypeEtfSub&forward=disclosurebystocktype_etf_sub&currentPageSize=100&pageIndex=1&orderMode=1&orderStat=D&etfIsuSrtCd=&reportCd=&reportTmp=&etfIsuSrtNm=&reportNm=%EC%8B%A0%EA%B7%9C%EC%83%81%EC%9E%A5&fromDate=2025-12-01&toDate=2025-12-31,kind_listing_notice_title,official_notice_pending_isin,2026-08-14T07:26:02+00:00
SOL 중기종합채권(AA-이상)액티브,0141T,2025-12-16,2025-12-12 15:45,20251212000165,"신규상장(신한 SOL 중기종합채권(AA-이상)액티브증권상장지수투자신탁[채권], 상장일 2025.12.16)",https://kind.krx.co.kr/disclosure/disclosurebystocktype.do?method=searchDisclosureByStockTypeEtfSub&forward=disclosurebystocktype_etf_sub&currentPageSize=100&pageIndex=1&orderMode=1&orderStat=D&etfIsuSrtCd=&reportCd=&reportTmp=&etfIsuSrtNm=&reportNm=%EC%8B%A0%EA%B7%9C%EC%83%81%EC%9E%A5&fromDate=2025-12-01&toDate=2025-12-31,kind_listing_notice_title,official_notice_pending_isin,2026-08-14T07:26:02+00:00
IBK 중기종합채권(AA-이상)액티브,0135Y,2025-12-16,2025-12-12 15:47,20251212000174,"신규상장(IBK ITF 중기종합채권(AA-이상)액티브증권상장지수투자신탁[채권], 상장일 2025.12.16)",https://kind.krx.co.kr/disclosure/disclosurebystocktype.do?method=searchDisclosureByStockTypeEtfSub&forward=disclosurebystocktype_etf_sub&currentPageSize=100&pageIndex=1&orderMode=1&orderStat=D&etfIsuSrtCd=&reportCd=&reportTmp=&etfIsuSrtNm=&reportNm=%EC%8B%A0%EA%B7%9C%EC%83%81%EC%9E%A5&fromDate=2025-12-01&toDate=2025-12-31,kind_listing_notice_title,official_notice_pending_isin,2026-08-14T07:26:02+00:00
HANARO 26-12 은행채(AA+이상)액티브,0123S,2025-12-16,2025-12-12 15:51,20251212000184,"신규상장(NH-Amundi HANARO 26-12 은행채(AA+이상)액티브증권상장지수투자신탁(채권), 상장일 2025.12.16)",https://kind.krx.co.kr/disclosure/disclosurebystocktype.do?method=searchDisclosureByStockTypeEtfSub&forward=disclosurebystocktype_etf_sub&currentPageSize=100&pageIndex=1&orderMode=1&orderStat=D&etfIsuSrtCd=&reportCd=&reportTmp=&etfIsuSrtNm=&reportNm=%EC%8B%A0%EA%B7%9C%EC%83%81%EC%9E%A5&fromDate=2025-12-01&toDate=2025-12-31,kind_listing_notice_title,official_notice_pending_isin,2026-08-14T07:26:02+00:00
RISE 동학개미,0138D,2025-12-16,2025-12-12 15:52,20251212000199,"신규상장(KB RISE 동학개미증권상장지수투자신탁(주식), 상장일 2025.12.16)",https://kind.krx.co.kr/disclosure/disclosurebystocktype.do?method=searchDisclosureByStockTypeEtfSub&forward=disclosurebystocktype_etf_sub&currentPageSize=100&pageIndex=1&orderMode=1&orderStat=D&etfIsuSrtCd=&reportCd=&reportTmp=&etfIsuSrtNm=&reportNm=%EC%8B%A0%EA%B7%9C%EC%83%81%EC%9E%A5&fromDate=2025-12-01&toDate=2025-12-31,kind_listing_notice_title,official_notice_pending_isin,2026-08-14T07:26:02+00:00
PLUS 금채권혼합,0138Y,2025-12-16,2025-12-12 15:54,20251212000322,"신규상장(한화 PLUS 금채권혼합증권상장지수투자신탁(채권혼합-재간접형), 상장일 2025.12.16)",https://kind.krx.co.kr/disclosure/disclosurebystocktype.do?method=searchDisclosureByStockTypeEtfSub&forward=disclosurebystocktype_etf_sub&currentPageSize=100&pageIndex=1&orderMode=1&orderStat=D&etfIsuSrtCd=&reportCd=&reportTmp=&etfIsuSrtNm=&reportNm=%EC%8B%A0%EA%B7%9C%EC%83%81%EC%9E%A5&fromDate=2025-12-01&toDate=2025-12-31,kind_listing_notice_title,official_notice_pending_isin,2026-08-14T07:26:02+00:00
ACE 고배당주,0139P,2025-12-16,2025-12-12 15:56,20251212000867,"신규상장(한국투자 ACE 고배당주증권상장지수투자신탁(주식), 상장일 2025.12.16)",https://kind.krx.co.kr/disclosure/disclosurebystocktype.do?method=searchDisclosureByStockTypeEtfSub&forward=disclosurebystocktype_etf_sub&currentPageSize=100&pageIndex=1&orderMode=1&orderStat=D&etfIsuSrtCd=&reportCd=&reportTmp=&etfIsuSrtNm=&reportNm=%EC%8B%A0%EA%B7%9C%EC%83%81%EC%9E%A5&fromDate=2025-12-01&toDate=2025-12-31,kind_listing_notice_title,official_notice_pending_isin,2026-08-14T07:26:02+00:00
RISE 미국S&P500데일리고정커버드콜,0138T,2025-12-23,2025-12-19 15:45,20251219000037,"신규상장(KB RISE 미국S&P500데일리고정커버드콜증권상장지수투자신탁(주식-파생형), 상장일 2025.12.23)",https://kind.krx.co.kr/disclosure/disclosurebystocktype.do?method=searchDisclosureByStockTypeEtfSub&forward=disclosurebystocktype_etf_sub&currentPageSize=100&pageIndex=1&orderMode=1&orderStat=D&etfIsuSrtCd=&reportCd=&reportTmp=&etfIsuSrtNm=&reportNm=%EC%8B%A0%EA%B7%9C%EC%83%81%EC%9E%A5&fromDate=2025-12-01&toDate=2025-12-31,kind_listing_notice_title,official_notice_pending_isin,2026-08-14T07:26:02+00:00
KODEX 미국드론UAM TOP10,0144M,2025-12-23,2025-12-19 15:47,20251219000069,"신규상장(삼성 KODEX 미국드론UAM TOP10증권상장지수투자신탁[주식], 상장일 2025.12.23)",https://kind.krx.co.kr/disclosure/disclosurebystocktype.do?method=searchDisclosureByStockTypeEtfSub&forward=disclosurebystocktype_etf_sub&currentPageSize=100&pageIndex=1&orderMode=1&orderStat=D&etfIsuSrtCd=&reportCd=&reportTmp=&etfIsuSrtNm=&reportNm=%EC%8B%A0%EA%B7%9C%EC%83%81%EC%9E%A5&fromDate=2025-12-01&toDate=2025-12-31,kind_listing_notice_title,official_notice_pending_isin,2026-08-14T07:26:02+00:00
KODEX 미국성장커버드콜액티브,0144L,2025-12-23,2025-12-19 15:49,20251219000092,"신규상장(삼성 KODEX 미국성장커버드콜액티브증권상장지수투자신탁[주식-파생형], 상장일 2025.12.23)",https://kind.krx.co.kr/disclosure/disclosurebystocktype.do?method=searchDisclosureByStockTypeEtfSub&forward=disclosurebystocktype_etf_sub&currentPageSize=100&pageIndex=1&orderMode=1&orderStat=D&etfIsuSrtCd=&reportCd=&reportTmp=&etfIsuSrtNm=&reportNm=%EC%8B%A0%EA%B7%9C%EC%83%81%EC%9E%A5&fromDate=2025-12-01&toDate=2025-12-31,kind_listing_notice_title,official_notice_pending_isin,2026-08-14T07:26:02+00:00
TIGER 코리아휴머노이드로봇산업,0148J,2026-01-06,2026-01-02 16:11,20260102000139,"신규상장(미래에셋 TIGER 코리아휴머노이드로봇산업증권상장지수투자신탁(주식), 상장일 2026.01.06)",https://kind.krx.co.kr/disclosure/disclosurebystocktype.do?method=searchDisclosureByStockTypeEtfSub&forward=disclosurebystocktype_etf_sub&currentPageSize=100&pageIndex=1&orderMode=1&orderStat=D&etfIsuSrtCd=&reportCd=&reportTmp=&etfIsuSrtNm=&reportNm=%EC%8B%A0%EA%B7%9C%EC%83%81%EC%9E%A5&fromDate=2026-01-01&toDate=2026-01-31,kind_listing_notice_title,official_notice_pending_isin,2026-08-14T07:26:02+00:00
KODEX 미국AI반도체TOP3플러스,0151S,2026-01-13,2026-01-09 15:47,20260109000053,"신규상장(삼성 KODEX 미국AI반도체TOP3플러스증권상장지수투자신탁[주식], 상장일 2026.01.13)",https://kind.krx.co.kr/disclosure/disclosurebystocktype.do?method=searchDisclosureByStockTypeEtfSub&forward=disclosurebystocktype_etf_sub&currentPageSize=100&pageIndex=1&orderMode=1&orderStat=D&etfIsuSrtCd=&reportCd=&reportTmp=&etfIsuSrtNm=&reportNm=%EC%8B%A0%EA%B7%9C%EC%83%81%EC%9E%A5&fromDate=2026-01-01&toDate=2026-01-31,kind_listing_notice_title,official_notice_pending_isin,2026-08-14T07:26:02+00:00
KoAct 수소전력ESS인프라액티브,0150K,2026-01-13,2026-01-09 15:52,20260109000423,"신규상장(삼성액티브 KoAct 수소전력ESS인프라액티브증권상장지수투자신탁[주식], 상장일 2026.01.13)",https://kind.krx.co.kr/disclosure/disclosurebystocktype.do?method=searchDisclosureByStockTypeEtfSub&forward=disclosurebystocktype_etf_sub&currentPageSize=100&pageIndex=1&orderMode=1&orderStat=D&etfIsuSrtCd=&reportCd=&reportTmp=&etfIsuSrtNm=&reportNm=%EC%8B%A0%EA%B7%9C%EC%83%81%EC%9E%A5&fromDate=2026-01-01&toDate=2026-01-31,kind_listing_notice_title,official_notice_pending_isin,2026-08-14T07:26:02+00:00
SOL 배당성향탑픽액티브,0152E,2026-01-13,2026-01-09 15:54,20260109000426,"신규상장(신한 SOL 배당성향탑픽액티브증권상장지수투자신탁[주식], 상장일 2026.01.13)",https://kind.krx.co.kr/disclosure/disclosurebystocktype.do?method=searchDisclosureByStockTypeEtfSub&forward=disclosurebystocktype_etf_sub&currentPageSize=100&pageIndex=1&orderMode=1&orderStat=D&etfIsuSrtCd=&reportCd=&reportTmp=&etfIsuSrtNm=&reportNm=%EC%8B%A0%EA%B7%9C%EC%83%81%EC%9E%A5&fromDate=2026-01-01&toDate=2026-01-31,kind_listing_notice_title,official_notice_pending_isin,2026-08-14T07:26:02+00:00
WON 초대형IB&금융지주,0154F,2026-01-20,2026-01-16 15:45,20260116000112,"신규상장(우리 WON 초대형IB&금융지주증권상장지수투자신탁(주식), 상장일 2026.01.20)",https://kind.krx.co.kr/disclosure/disclosurebystocktype.do?method=searchDisclosureByStockTypeEtfSub&forward=disclosurebystocktype_etf_sub&currentPageSize=100&pageIndex=1&orderMode=1&orderStat=D&etfIsuSrtCd=&reportCd=&reportTmp=&etfIsuSrtNm=&reportNm=%EC%8B%A0%EA%B7%9C%EC%83%81%EC%9E%A5&fromDate=2026-01-01&toDate=2026-01-31,kind_listing_notice_title,official_notice_pending_isin,2026-08-14T07:26:02+00:00
ACE 리츠부동산인프라액티브,0153P,2026-01-20,2026-01-16 15:47,20260116000309,"신규상장(한국투자 ACE 리츠부동산인프라액티브부동산상장지수투자신탁(재간접형), 상장일 2026.01.20)",https://kind.krx.co.kr/disclosure/disclosurebystocktype.do?method=searchDisclosureByStockTypeEtfSub&forward=disclosurebystocktype_etf_sub&currentPageSize=100&pageIndex=1&orderMode=1&orderStat=D&etfIsuSrtCd=&reportCd=&reportTmp=&etfIsuSrtNm=&reportNm=%EC%8B%A0%EA%B7%9C%EC%83%81%EC%9E%A5&fromDate=2026-01-01&toDate=2026-01-31,kind_listing_notice_title,official_notice_pending_isin,2026-08-14T07:26:02+00:00
KODEX 주주환원고배당주,0153K,2026-01-20,2026-01-16 15:51,20260116000328,"신규상장(삼성 KODEX 주주환원고배당주증권상장지수투자신탁[주식], 상장일 2026.01.20)",https://kind.krx.co.kr/disclosure/disclosurebystocktype.do?method=searchDisclosureByStockTypeEtfSub&forward=disclosurebystocktype_etf_sub&currentPageSize=100&pageIndex=1&orderMode=1&orderStat=D&etfIsuSrtCd=&reportCd=&reportTmp=&etfIsuSrtNm=&reportNm=%EC%8B%A0%EA%B7%9C%EC%83%81%EC%9E%A5&fromDate=2026-01-01&toDate=2026-01-31,kind_listing_notice_title,official_notice_pending_isin,2026-08-14T07:26:02+00:00
RISE 코리아전략산업액티브,0151P,2026-01-20,2026-01-16 15:56,20260116000599,"신규상장(KB RISE 코리아전략산업액티브증권상장지수투자신탁(주식), 상장일 2026.01.20)",https://kind.krx.co.kr/disclosure/disclosurebystocktype.do?method=searchDisclosureByStockTypeEtfSub&forward=disclosurebystocktype_etf_sub&currentPageSize=100&pageIndex=1&orderMode=1&orderStat=D&etfIsuSrtCd=&reportCd=&reportTmp=&etfIsuSrtNm=&reportNm=%EC%8B%A0%EA%B7%9C%EC%83%81%EC%9E%A5&fromDate=2026-01-01&toDate=2026-01-31,kind_listing_notice_title,official_notice_pending_isin,2026-08-14T07:26:02+00:00
PLUS 미국고배당주액티브,0153X,2026-01-27,2026-01-23 15:45,20260123000073,"신규상장(한화 PLUS 미국고배당주액티브증권상장지수투자신탁(주식), 상장일 2026.01.27)",https://kind.krx.co.kr/disclosure/disclosurebystocktype.do?method=searchDisclosureByStockTypeEtfSub&forward=disclosurebystocktype_etf_sub&currentPageSize=100&pageIndex=1&orderMode=1&orderStat=D&etfIsuSrtCd=&reportCd=&reportTmp=&etfIsuSrtNm=&reportNm=%EC%8B%A0%EA%B7%9C%EC%83%81%EC%9E%A5&fromDate=2026-01-01&toDate=2026-01-31,kind_listing_notice_title,official_notice_pending_isin,2026-08-14T07:26:02+00:00
KoAct 차이나바이오헬스케어액티브,0154H,2026-01-27,2026-01-23 15:47,20260123000156,"신규상장(삼성액티브 KoAct 차이나바이오헬스케어액티브증권상장지수투자신탁[주식], 상장일 2026.01.27)",https://kind.krx.co.kr/disclosure/disclosurebystocktype.do?method=searchDisclosureByStockTypeEtfSub&forward=disclosurebystocktype_etf_sub&currentPageSize=100&pageIndex=1&orderMode=1&orderStat=D&etfIsuSrtCd=&reportCd=&reportTmp=&etfIsuSrtNm=&reportNm=%EC%8B%A0%EA%B7%9C%EC%83%81%EC%9E%A5&fromDate=2026-01-01&toDate=2026-01-31,kind_listing_notice_title,official_notice_pending_isin,2026-08-14T07:26:02+00:00
TIGER 차이나증권,0133E,2026-02-03,2026-01-30 15:34,20260130000024,"신규상장(미래에셋 TIGER 차이나증권증권상장지수투자신탁(주식), 상장일 2026.02.03)",https://kind.krx.co.kr/disclosure/disclosurebystocktype.do?method=searchDisclosureByStockTypeEtfSub&forward=disclosurebystocktype_etf_sub&currentPageSize=100&pageIndex=1&orderMode=1&orderStat=D&etfIsuSrtCd=&reportCd=&reportTmp=&etfIsuSrtNm=&reportNm=%EC%8B%A0%EA%B7%9C%EC%83%81%EC%9E%A5&fromDate=2026-01-01&toDate=2026-01-31,kind_listing_notice_title,official_notice_pending_isin,2026-08-14T07:26:02+00:00
ACE 미국SMR원자력TOP10,0155M,2026-02-03,2026-01-30 15:36,20260130000551,"신규상장(한국투자 ACE 미국SMR원자력TOP10증권상장지수투자신탁(주식), 상장일 2026.02.03)",https://kind.krx.co.kr/disclosure/disclosurebystocktype.do?method=searchDisclosureByStockTypeEtfSub&forward=disclosurebystocktype_etf_sub&currentPageSize=100&pageIndex=1&orderMode=1&orderStat=D&etfIsuSrtCd=&reportCd=&reportTmp=&etfIsuSrtNm=&reportNm=%EC%8B%A0%EA%B7%9C%EC%83%81%EC%9E%A5&fromDate=2026-01-01&toDate=2026-01-31,kind_listing_notice_title,official_notice_pending_isin,2026-08-14T07:26:02+00:00
KODEX 금융채1~2년(AA-이상)PLUS액티브,0162M,2026-02-26,2026-02-24 15:41,20260224000169,"신규상장(삼성 KODEX 금융채1~2년(AA-이상)PLUS액티브증권상장지수투자신탁[채권], 상장일 2026.02.26)",https://kind.krx.co.kr/disclosure/disclosurebystocktype.do?method=searchDisclosureByStockTypeEtfSub&forward=disclosurebystocktype_etf_sub&currentPageSize=100&pageIndex=1&orderMode=1&orderStat=D&etfIsuSrtCd=&reportCd=&reportTmp=&etfIsuSrtNm=&reportNm=%EC%8B%A0%EA%B7%9C%EC%83%81%EC%9E%A5&fromDate=2026-02-01&toDate=2026-02-28,kind_listing_notice_title,official_notice_pending_isin,2026-08-14T07:26:02+00:00
HANARO K휴머노이드테마TOP10,0155N,2026-02-26,2026-02-24 15:41,20260224000362,"신규상장(NH-Amundi HANARO K휴머노이드테마TOP10증권상장지수투자신탁[주식], 상장일 2026.02.26)",https://kind.krx.co.kr/disclosure/disclosurebystocktype.do?method=searchDisclosureByStockTypeEtfSub&forward=disclosurebystocktype_etf_sub&currentPageSize=100&pageIndex=1&orderMode=1&orderStat=D&etfIsuSrtCd=&reportCd=&reportTmp=&etfIsuSrtNm=&reportNm=%EC%8B%A0%EA%B7%9C%EC%83%81%EC%9E%A5&fromDate=2026-02-01&toDate=2026-02-28,kind_listing_notice_title,official_notice_pending_isin,2026-08-14T07:26:02+00:00
RISE 삼성전자SK하이닉스채권혼합50,0162Z,2026-02-26,2026-02-24 15:41,20260224000374,"신규상장(KB RISE 삼성전자SK하이닉스채권혼합50증권상장지수투자신탁(채권혼합), 상장일 2026.02.26)",https://kind.krx.co.kr/disclosure/disclosurebystocktype.do?method=searchDisclosureByStockTypeEtfSub&forward=disclosurebystocktype_etf_sub&currentPageSize=100&pageIndex=1&orderMode=1&orderStat=D&etfIsuSrtCd=&reportCd=&reportTmp=&etfIsuSrtNm=&reportNm=%EC%8B%A0%EA%B7%9C%EC%83%81%EC%9E%A5&fromDate=2026-02-01&toDate=2026-02-28,kind_listing_notice_title,official_notice_pending_isin,2026-08-14T07:26:02+00:00
KODEX 차이나AI반도체TOP10,0162L,2026-02-26,2026-02-24 15:41,20260224000381,"신규상장(삼성 KODEX 차이나AI반도체TOP10증권상장지수투자신탁[주식], 상장일 2026.02.26)",https://kind.krx.co.kr/disclosure/disclosurebystocktype.do?method=searchDisclosureByStockTypeEtfSub&forward=disclosurebystocktype_etf_sub&currentPageSize=100&pageIndex=1&orderMode=1&orderStat=D&etfIsuSrtCd=&reportCd=&reportTmp=&etfIsuSrtNm=&reportNm=%EC%8B%A0%EA%B7%9C%EC%83%81%EC%9E%A5&fromDate=2026-02-01&toDate=2026-02-28,kind_listing_notice_title,official_notice_pending_isin,2026-08-14T07:26:02+00:00
RISE 차이나AI반도체TOP4Plus,0164G,2026-03-10,2026-03-06 15:57,20260306000511,"신규상장(KB RISE 차이나AI반도체TOP4Plus증권상장지수투자신탁(주식), 상장일 2026.03.10)",https://kind.krx.co.kr/disclosure/disclosurebystocktype.do?method=searchDisclosureByStockTypeEtfSub&forward=disclosurebystocktype_etf_sub&currentPageSize=100&pageIndex=1&orderMode=1&orderStat=D&etfIsuSrtCd=&reportCd=&reportTmp=&etfIsuSrtNm=&reportNm=%EC%8B%A0%EA%B7%9C%EC%83%81%EC%9E%A5&fromDate=2026-03-01&toDate=2026-03-31,kind_listing_notice_title,official_notice_pending_isin,2026-08-14T07:26:02+00:00
KoAct 코스닥액티브,0163Y,2026-03-10,2026-03-06 15:59,20260306000833,"신규상장(삼성액티브 KoAct 코스닥액티브증권상장지수투자신탁[주식], 상장일 2026.03.10)",https://kind.krx.co.kr/disclosure/disclosurebystocktype.do?method=searchDisclosureByStockTypeEtfSub&forward=disclosurebystocktype_etf_sub&currentPageSize=100&pageIndex=1&orderMode=1&orderStat=D&etfIsuSrtCd=&reportCd=&reportTmp=&etfIsuSrtNm=&reportNm=%EC%8B%A0%EA%B7%9C%EC%83%81%EC%9E%A5&fromDate=2026-03-01&toDate=2026-03-31,kind_listing_notice_title,official_notice_pending_isin,2026-08-14T07:26:02+00:00
TIME 코스닥액티브,0162Y,2026-03-10,2026-03-06 16:03,20260306000834,"신규상장(타임폴리오 TIME 코스닥액티브증권상장지수투자신탁[주식], 상장일 2026.03.10)",https://kind.krx.co.kr/disclosure/disclosurebystocktype.do?method=searchDisclosureByStockTypeEtfSub&forward=disclosurebystocktype_etf_sub&currentPageSize=100&pageIndex=1&orderMode=1&orderStat=D&etfIsuSrtCd=&reportCd=&reportTmp=&etfIsuSrtNm=&reportNm=%EC%8B%A0%EA%B7%9C%EC%83%81%EC%9E%A5&fromDate=2026-03-01&toDate=2026-03-31,kind_listing_notice_title,official_notice_pending_isin,2026-08-14T07:26:02+00:00
TIGER 기술이전바이오액티브,0168K,2026-03-17,2026-03-13 15:35,20260313000469,"신규상장(미래에셋 TIGER 기술이전바이오액티브증권상장지수투자신탁(주식), 상장일 2026.03.17)",https://kind.krx.co.kr/disclosure/disclosurebystocktype.do?method=searchDisclosureByStockTypeEtfSub&forward=disclosurebystocktype_etf_sub&currentPageSize=100&pageIndex=1&orderMode=1&orderStat=D&etfIsuSrtCd=&reportCd=&reportTmp=&etfIsuSrtNm=&reportNm=%EC%8B%A0%EA%B7%9C%EC%83%81%EC%9E%A5&fromDate=2026-03-01&toDate=2026-03-31,kind_listing_notice_title,official_notice_pending_isin,2026-08-14T07:26:02+00:00
KODEX 미국우주항공,0167Z,2026-03-17,2026-03-13 15:38,20260313000473,"신규상장(삼성 KODEX 미국우주항공증권상장지수투자신탁[주식], 상장일 2026.03.17)",https://kind.krx.co.kr/disclosure/disclosurebystocktype.do?method=searchDisclosureByStockTypeEtfSub&forward=disclosurebystocktype_etf_sub&currentPageSize=100&pageIndex=1&orderMode=1&orderStat=D&etfIsuSrtCd=&reportCd=&reportTmp=&etfIsuSrtNm=&reportNm=%EC%8B%A0%EA%B7%9C%EC%83%81%EC%9E%A5&fromDate=2026-03-01&toDate=2026-03-31,kind_listing_notice_title,official_notice_pending_isin,2026-08-14T07:26:02+00:00
SOL AI반도체TOP2플러스,0167A,2026-03-17,2026-03-13 15:40,20260313000503,"신규상장(신한 SOL AI반도체TOP2플러스증권상장지수투자신탁[주식], 상장일 2026.03.17)",https://kind.krx.co.kr/disclosure/disclosurebystocktype.do?method=searchDisclosureByStockTypeEtfSub&forward=disclosurebystocktype_etf_sub&currentPageSize=100&pageIndex=1&orderMode=1&orderStat=D&etfIsuSrtCd=&reportCd=&reportTmp=&etfIsuSrtNm=&reportNm=%EC%8B%A0%EA%B7%9C%EC%83%81%EC%9E%A5&fromDate=2026-03-01&toDate=2026-03-31,kind_listing_notice_title,official_notice_pending_isin,2026-08-14T07:26:02+00:00
PLUS 코스닥150액티브,0166N,2026-03-17,2026-03-13 15:42,20260313000814,"신규상장(한화 PLUS 코스닥150액티브증권상장지수투자신탁(주식), 상장일 2026.03.17)",https://kind.krx.co.kr/disclosure/disclosurebystocktype.do?method=searchDisclosureByStockTypeEtfSub&forward=disclosurebystocktype_etf_sub&currentPageSize=100&pageIndex=1&orderMode=1&orderStat=D&etfIsuSrtCd=&reportCd=&reportTmp=&etfIsuSrtNm=&reportNm=%EC%8B%A0%EA%B7%9C%EC%83%81%EC%9E%A5&fromDate=2026-03-01&toDate=2026-03-31,kind_listing_notice_title,official_notice_pending_isin,2026-08-14T07:26:02+00:00
SOL 200타겟위클리커버드콜,0167B,2026-03-17,2026-03-13 15:44,20260313000946,"신규상장(신한 SOL 200타겟위클리커버드콜증권상장지수투자신탁[주식-파생형], 상장일 2026.03.17)",https://kind.krx.co.kr/disclosure/disclosurebystocktype.do?method=searchDisclosureByStockTypeEtfSub&forward=disclosurebystocktype_etf_sub&currentPageSize=100&pageIndex=1&orderMode=1&orderStat=D&etfIsuSrtCd=&reportCd=&reportTmp=&etfIsuSrtNm=&reportNm=%EC%8B%A0%EA%B7%9C%EC%83%81%EC%9E%A5&fromDate=2026-03-01&toDate=2026-03-31,kind_listing_notice_title,official_notice_pending_isin,2026-08-14T07:26:02+00:00
PLUS K제조업핵심기업액티브,0166S,2026-03-24,2026-03-20 15:41,20260320000224,"신규상장(한화 PLUS K제조업핵심기업액티브증권상장지수투자신탁(주식), 상장일 2026.03.24)",https://kind.krx.co.kr/disclosure/disclosurebystocktype.do?method=searchDisclosureByStockTypeEtfSub&forward=disclosurebystocktype_etf_sub&currentPageSize=100&pageIndex=1&orderMode=1&orderStat=D&etfIsuSrtCd=&reportCd=&reportTmp=&etfIsuSrtNm=&reportNm=%EC%8B%A0%EA%B7%9C%EC%83%81%EC%9E%A5&fromDate=2026-03-01&toDate=2026-03-31,kind_listing_notice_title,official_notice_pending_isin,2026-08-14T07:26:02+00:00
1Q 은액티브,0172V,2026-03-31,2026-03-27 15:39,20260327000216,"신규상장(하나 1Q 은액티브특별자산상장지수투자신탁[은-재간접형], 상장일 2026.03.31)",https://kind.krx.co.kr/disclosure/disclosurebystocktype.do?method=searchDisclosureByStockTypeEtfSub&forward=disclosurebystocktype_etf_sub&currentPageSize=100&pageIndex=1&orderMode=1&orderStat=D&etfIsuSrtCd=&reportCd=&reportTmp=&etfIsuSrtNm=&reportNm=%EC%8B%A0%EA%B7%9C%EC%83%81%EC%9E%A5&fromDate=2026-03-01&toDate=2026-03-31,kind_listing_notice_title,official_notice_pending_isin,2026-08-14T07:26:02+00:00
KODEX 미국AI광통신네트워크,0173Y,2026-03-31,2026-03-27 15:41,20260327001266,"신규상장(삼성 KODEX 미국AI광통신네트워크증권상장지수투자신탁 [주식], 상장일 2026.03.31)",https://kind.krx.co.kr/disclosure/disclosurebystocktype.do?method=searchDisclosureByStockTypeEtfSub&forward=disclosurebystocktype_etf_sub&currentPageSize=100&pageIndex=1&orderMode=1&orderStat=D&etfIsuSrtCd=&reportCd=&reportTmp=&etfIsuSrtNm=&reportNm=%EC%8B%A0%EA%B7%9C%EC%83%81%EC%9E%A5&fromDate=2026-03-01&toDate=2026-03-31,kind_listing_notice_title,official_notice_pending_isin,2026-08-14T07:26:02+00:00
KIWOOM 미국성장다우존스,0174R,2026-03-31,2026-03-27 15:46,20260327001291,"신규상장(키움 KIWOOM 미국성장다우존스증권상장지수투자신탁[주식], 상장일 2026.03.31)",https://kind.krx.co.kr/disclosure/disclosurebystocktype.do?method=searchDisclosureByStockTypeEtfSub&forward=disclosurebystocktype_etf_sub&currentPageSize=100&pageIndex=1&orderMode=1&orderStat=D&etfIsuSrtCd=&reportCd=&reportTmp=&etfIsuSrtNm=&reportNm=%EC%8B%A0%EA%B7%9C%EC%83%81%EC%9E%A5&fromDate=2026-03-01&toDate=2026-03-31,kind_listing_notice_title,official_notice_pending_isin,2026-08-14T07:26:02+00:00
PLUS 글로벌저작권핵심기업액티브,0166T,2026-03-31,2026-03-27 15:48,20260327001313,"신규상장(한화 PLUS 글로벌저작권핵심기업액티브증권상장지수투자신탁(주식), 상장일 2026.03.31)",https://kind.krx.co.kr/disclosure/disclosurebystocktype.do?method=searchDisclosureByStockTypeEtfSub&forward=disclosurebystocktype_etf_sub&currentPageSize=100&pageIndex=1&orderMode=1&orderStat=D&etfIsuSrtCd=&reportCd=&reportTmp=&etfIsuSrtNm=&reportNm=%EC%8B%A0%EA%B7%9C%EC%83%81%EC%9E%A5&fromDate=2026-03-01&toDate=2026-03-31,kind_listing_notice_title,official_notice_pending_isin,2026-08-14T07:26:02+00:00
DAISHIN343 오피스리츠플러스,0174J,2026-03-31,2026-03-27 15:51,20260327001376,"신규상장(대신 DAISHIN343 오피스리츠플러스 부동산상장지수투자신탁[재간접형], 상장일 2026.03.31)",https://kind.krx.co.kr/disclosure/disclosurebystocktype.do?method=searchDisclosureByStockTypeEtfSub&forward=disclosurebystocktype_etf_sub&currentPageSize=100&pageIndex=1&orderMode=1&orderStat=D&etfIsuSrtCd=&reportCd=&reportTmp=&etfIsuSrtNm=&reportNm=%EC%8B%A0%EA%B7%9C%EC%83%81%EC%9E%A5&fromDate=2026-03-01&toDate=2026-03-31,kind_listing_notice_title,official_notice_pending_isin,2026-08-14T07:26:02+00:00
WON 두산그룹포커스,0177A,2026-03-31,2026-03-27 15:53,20260327001607,"신규상장(우리 WON 두산그룹포커스증권상장지수투자신탁(주식), 상장일 2026.03.31)",https://kind.krx.co.kr/disclosure/disclosurebystocktype.do?method=searchDisclosureByStockTypeEtfSub&forward=disclosurebystocktype_etf_sub&currentPageSize=100&pageIndex=1&orderMode=1&orderStat=D&etfIsuSrtCd=&reportCd=&reportTmp=&etfIsuSrtNm=&reportNm=%EC%8B%A0%EA%B7%9C%EC%83%81%EC%9E%A5&fromDate=2026-03-01&toDate=2026-03-31,kind_listing_notice_title,official_notice_pending_isin,2026-08-14T07:26:02+00:00
ACE K수출핵심TOP10산업액티브,0172Y,2026-03-31,2026-03-27 16:11,20260327001725,"신규상장(한국투자 ACE K수출핵심TOP10산업액티브증권상장지수투자신탁(주식), 상장일 2026.03.31)",https://kind.krx.co.kr/disclosure/disclosurebystocktype.do?method=searchDisclosureByStockTypeEtfSub&forward=disclosurebystocktype_etf_sub&currentPageSize=100&pageIndex=1&orderMode=1&orderStat=D&etfIsuSrtCd=&reportCd=&reportTmp=&etfIsuSrtNm=&reportNm=%EC%8B%A0%EA%B7%9C%EC%83%81%EC%9E%A5&fromDate=2026-03-01&toDate=2026-03-31,kind_listing_notice_title,official_notice_pending_isin,2026-08-14T07:26:02+00:00
RISE 미국AI전력인프라액티브,0176E,2026-04-07,2026-04-03 15:57,20260403000509,"신규상장(KB RISE 미국AI전력인프라액티브증권상장지수투자신탁(주식), 상장일 2026.04.07)",https://kind.krx.co.kr/disclosure/disclosurebystocktype.do?method=searchDisclosureByStockTypeEtfSub&forward=disclosurebystocktype_etf_sub&currentPageSize=100&pageIndex=1&orderMode=1&orderStat=D&etfIsuSrtCd=&reportCd=&reportTmp=&etfIsuSrtNm=&reportNm=%EC%8B%A0%EA%B7%9C%EC%83%81%EC%9E%A5&fromDate=2026-04-01&toDate=2026-04-30,kind_listing_notice_title,official_notice_pending_isin,2026-08-14T07:26:02+00:00
ACE K휴머노이드로봇산업TOP2+,0177X,2026-04-07,2026-04-03 15:58,20260403000801,"신규상장(한국투자 ACE K휴머노이드로봇산업TOP2+증권상장지수투자신탁(주식), 상장일 2026.04.07)",https://kind.krx.co.kr/disclosure/disclosurebystocktype.do?method=searchDisclosureByStockTypeEtfSub&forward=disclosurebystocktype_etf_sub&currentPageSize=100&pageIndex=1&orderMode=1&orderStat=D&etfIsuSrtCd=&reportCd=&reportTmp=&etfIsuSrtNm=&reportNm=%EC%8B%A0%EA%B7%9C%EC%83%81%EC%9E%A5&fromDate=2026-04-01&toDate=2026-04-30,kind_listing_notice_title,official_notice_pending_isin,2026-08-14T07:26:02+00:00
KODEX 삼성전자SK하이닉스채권혼합50,0177N,2026-04-07,2026-04-03 16:01,20260403000806,"신규상장(삼성 KODEX 삼성전자SK하이닉스채권혼합50증권상장지수투자신탁[채권혼합], 상장일 2026.04.07)",https://kind.krx.co.kr/disclosure/disclosurebystocktype.do?method=searchDisclosureByStockTypeEtfSub&forward=disclosurebystocktype_etf_sub&currentPageSize=100&pageIndex=1&orderMode=1&orderStat=D&etfIsuSrtCd=&reportCd=&reportTmp=&etfIsuSrtNm=&reportNm=%EC%8B%A0%EA%B7%9C%EC%83%81%EC%9E%A5&fromDate=2026-04-01&toDate=2026-04-30,kind_listing_notice_title,official_notice_pending_isin,2026-08-14T07:26:02+00:00
FOCUS AI반도체위클리고정커버드콜,0176P,2026-04-07,2026-04-03 16:03,20260403000847,"신규상장(브이아이 FOCUS AI반도체위클리고정커버드콜증권상장지수투자신탁[주식-파생형], 상장일 2026.04.07)",https://kind.krx.co.kr/disclosure/disclosurebystocktype.do?method=searchDisclosureByStockTypeEtfSub&forward=disclosurebystocktype_etf_sub&currentPageSize=100&pageIndex=1&orderMode=1&orderStat=D&etfIsuSrtCd=&reportCd=&reportTmp=&etfIsuSrtNm=&reportNm=%EC%8B%A0%EA%B7%9C%EC%83%81%EC%9E%A5&fromDate=2026-04-01&toDate=2026-04-30,kind_listing_notice_title,official_notice_pending_isin,2026-08-14T07:26:02+00:00
TIGER 미국우주테크,0183J,2026-04-14,2026-04-10 15:37,20260410000143,"신규상장(미래에셋 TIGER 미국우주테크증권상장지수투자신탁(주식), 상장일 2026.04.14)",https://kind.krx.co.kr/disclosure/disclosurebystocktype.do?method=searchDisclosureByStockTypeEtfSub&forward=disclosurebystocktype_etf_sub&currentPageSize=100&pageIndex=1&orderMode=1&orderStat=D&etfIsuSrtCd=&reportCd=&reportTmp=&etfIsuSrtNm=&reportNm=%EC%8B%A0%EA%B7%9C%EC%83%81%EC%9E%A5&fromDate=2026-04-01&toDate=2026-04-30,kind_listing_notice_title,official_notice_pending_isin,2026-08-14T07:26:02+00:00
1Q K반도체TOP2+,0182R,2026-04-14,2026-04-10 15:39,20260410000147,"신규상장(하나 1Q K반도체TOP2+증권상장지수투자신탁(주식), 상장일 2026.04.14)",https://kind.krx.co.kr/disclosure/disclosurebystocktype.do?method=searchDisclosureByStockTypeEtfSub&forward=disclosurebystocktype_etf_sub&currentPageSize=100&pageIndex=1&orderMode=1&orderStat=D&etfIsuSrtCd=&reportCd=&reportTmp=&etfIsuSrtNm=&reportNm=%EC%8B%A0%EA%B7%9C%EC%83%81%EC%9E%A5&fromDate=2026-04-01&toDate=2026-04-30,kind_listing_notice_title,official_notice_pending_isin,2026-08-14T07:26:02+00:00
1Q K반도체TOP2채권혼합50,0182S,2026-04-14,2026-04-10 15:41,20260410000151,"신규상장(하나 1Q K반도체TOP2채권혼합50증권상장지수투자신탁(채권혼합), 상장일 2026.04.14)",https://kind.krx.co.kr/disclosure/disclosurebystocktype.do?method=searchDisclosureByStockTypeEtfSub&forward=disclosurebystocktype_etf_sub&currentPageSize=100&pageIndex=1&orderMode=1&orderStat=D&etfIsuSrtCd=&reportCd=&reportTmp=&etfIsuSrtNm=&reportNm=%EC%8B%A0%EA%B7%9C%EC%83%81%EC%9E%A5&fromDate=2026-04-01&toDate=2026-04-30,kind_listing_notice_title,official_notice_pending_isin,2026-08-14T07:26:02+00:00
KoAct 글로벌AI메모리반도체액티브,0174B,2026-04-14,2026-04-10 15:43,20260410000300,"신규상장(삼성액티브 KoAct 글로벌AI메모리반도체액티브증권상장지수투자신탁[주식], 상장일 2026.04.14)",https://kind.krx.co.kr/disclosure/disclosurebystocktype.do?method=searchDisclosureByStockTypeEtfSub&forward=disclosurebystocktype_etf_sub&currentPageSize=100&pageIndex=1&orderMode=1&orderStat=D&etfIsuSrtCd=&reportCd=&reportTmp=&etfIsuSrtNm=&reportNm=%EC%8B%A0%EA%B7%9C%EC%83%81%EC%9E%A5&fromDate=2026-04-01&toDate=2026-04-30,kind_listing_notice_title,official_notice_pending_isin,2026-08-14T07:26:02+00:00
ACE 미국우주테크액티브,0180V,2026-04-14,2026-04-10 15:44,20260410000583,"신규상장(한국투자 ACE 미국우주테크액티브증권상장지수투자신탁(주식), 상장일 2026.04.14)",https://kind.krx.co.kr/disclosure/disclosurebystocktype.do?method=searchDisclosureByStockTypeEtfSub&forward=disclosurebystocktype_etf_sub&currentPageSize=100&pageIndex=1&orderMode=1&orderStat=D&etfIsuSrtCd=&reportCd=&reportTmp=&etfIsuSrtNm=&reportNm=%EC%8B%A0%EA%B7%9C%EC%83%81%EC%9E%A5&fromDate=2026-04-01&toDate=2026-04-30,kind_listing_notice_title,official_notice_pending_isin,2026-08-14T07:26:02+00:00
SOL 미국우주항공TOP10,0181L,2026-04-21,2026-04-17 15:38,20260417000147,"신규상장(신한 SOL 미국우주항공TOP10증권상장지수투자신탁[주식], 상장일 2026.04.21)",https://kind.krx.co.kr/disclosure/disclosurebystocktype.do?method=searchDisclosureByStockTypeEtfSub&forward=disclosurebystocktype_etf_sub&currentPageSize=100&pageIndex=1&orderMode=1&orderStat=D&etfIsuSrtCd=&reportCd=&reportTmp=&etfIsuSrtNm=&reportNm=%EC%8B%A0%EA%B7%9C%EC%83%81%EC%9E%A5&fromDate=2026-04-01&toDate=2026-04-30,kind_listing_notice_title,official_notice_pending_isin,2026-08-14T07:26:02+00:00
TIGER 반도체TOP10커버드콜액티브,0177R,2026-04-21,2026-04-17 15:41,20260417000336,"신규상장(미래에셋 TIGER 반도체TOP10커버드콜액티브증권상장지수투자신탁(주식-파생형), 상장일 2026.04.21)",https://kind.krx.co.kr/disclosure/disclosurebystocktype.do?method=searchDisclosureByStockTypeEtfSub&forward=disclosurebystocktype_etf_sub&currentPageSize=100&pageIndex=1&orderMode=1&orderStat=D&etfIsuSrtCd=&reportCd=&reportTmp=&etfIsuSrtNm=&reportNm=%EC%8B%A0%EA%B7%9C%EC%83%81%EC%9E%A5&fromDate=2026-04-01&toDate=2026-04-30,kind_listing_notice_title,official_notice_pending_isin,2026-08-14T07:26:02+00:00
KIWOOM 삼성전자&SK하이닉스채권혼합50,0183V,2026-04-21,2026-04-17 15:44,20260417000338,"신규상장(키움 KIWOOM 삼성전자&SK하이닉스채권혼합50증권상장지수투자신탁[채권혼합], 상장일 2026.04.21)",https://kind.krx.co.kr/disclosure/disclosurebystocktype.do?method=searchDisclosureByStockTypeEtfSub&forward=disclosurebystocktype_etf_sub&currentPageSize=100&pageIndex=1&orderMode=1&orderStat=D&etfIsuSrtCd=&reportCd=&reportTmp=&etfIsuSrtNm=&reportNm=%EC%8B%A0%EA%B7%9C%EC%83%81%EC%9E%A5&fromDate=2026-04-01&toDate=2026-04-30,kind_listing_notice_title,official_notice_pending_isin,2026-08-14T07:26:02+00:00
1Q 200채권혼합50액티브,0184E,2026-04-21,2026-04-17 15:46,20260417000346,"신규상장(하나 1Q 200채권혼합50액티브증권상장지수투자신탁(채권혼합), 상장일 2026.04.21)",https://kind.krx.co.kr/disclosure/disclosurebystocktype.do?method=searchDisclosureByStockTypeEtfSub&forward=disclosurebystocktype_etf_sub&currentPageSize=100&pageIndex=1&orderMode=1&orderStat=D&etfIsuSrtCd=&reportCd=&reportTmp=&etfIsuSrtNm=&reportNm=%EC%8B%A0%EA%B7%9C%EC%83%81%EC%9E%A5&fromDate=2026-04-01&toDate=2026-04-30,kind_listing_notice_title,official_notice_pending_isin,2026-08-14T07:26:02+00:00
1Q 코스닥150채권혼합50액티브,0186S,2026-04-28,2026-04-24 15:43,20260424000293,"신규상장(하나 1Q 코스닥150채권혼합50액티브증권상장지수투자신탁(채권혼합), 상장일 2026.04.28)",https://kind.krx.co.kr/disclosure/disclosurebystocktype.do?method=searchDisclosureByStockTypeEtfSub&forward=disclosurebystocktype_etf_sub&currentPageSize=100&pageIndex=1&orderMode=1&orderStat=D&etfIsuSrtCd=&reportCd=&reportTmp=&etfIsuSrtNm=&reportNm=%EC%8B%A0%EA%B7%9C%EC%83%81%EC%9E%A5&fromDate=2026-04-01&toDate=2026-04-30,kind_listing_notice_title,official_notice_pending_isin,2026-08-14T07:26:02+00:00
KoAct 미국로봇피지컬AI액티브,0186L,2026-04-28,2026-04-24 15:45,20260424000369,"신규상장(삼성액티브 KoAct 미국로봇피지컬AI액티브증권상장지수투자신탁[주식], 상장일 2026.04.28)",https://kind.krx.co.kr/disclosure/disclosurebystocktype.do?method=searchDisclosureByStockTypeEtfSub&forward=disclosurebystocktype_etf_sub&currentPageSize=100&pageIndex=1&orderMode=1&orderStat=D&etfIsuSrtCd=&reportCd=&reportTmp=&etfIsuSrtNm=&reportNm=%EC%8B%A0%EA%B7%9C%EC%83%81%EC%9E%A5&fromDate=2026-04-01&toDate=2026-04-30,kind_listing_notice_title,official_notice_pending_isin,2026-08-14T07:26:02+00:00
TIGER 은액티브,0189B,2026-04-28,2026-04-24 15:47,20260424000543,"신규상장(미래에셋 TIGER 은액티브특별자산상장지수투자신탁(은-재간접형), 상장일 2026.04.28)",https://kind.krx.co.kr/disclosure/disclosurebystocktype.do?method=searchDisclosureByStockTypeEtfSub&forward=disclosurebystocktype_etf_sub&currentPageSize=100&pageIndex=1&orderMode=1&orderStat=D&etfIsuSrtCd=&reportCd=&reportTmp=&etfIsuSrtNm=&reportNm=%EC%8B%A0%EA%B7%9C%EC%83%81%EC%9E%A5&fromDate=2026-04-01&toDate=2026-04-30,kind_listing_notice_title,official_notice_pending_isin,2026-08-14T07:26:02+00:00
IBK 미국AI TOP10국채혼합50,0178H,2026-04-28,2026-04-24 15:49,20260424000548,"신규상장(IBK ITF 미국AI TOP10국채혼합50 증권상장지수투자신탁[채권혼합], 상장일 2026.04.28)",https://kind.krx.co.kr/disclosure/disclosurebystocktype.do?method=searchDisclosureByStockTypeEtfSub&forward=disclosurebystocktype_etf_sub&currentPageSize=100&pageIndex=1&orderMode=1&orderStat=D&etfIsuSrtCd=&reportCd=&reportTmp=&etfIsuSrtNm=&reportNm=%EC%8B%A0%EA%B7%9C%EC%83%81%EC%9E%A5&fromDate=2026-04-01&toDate=2026-04-30,kind_listing_notice_title,official_notice_pending_isin,2026-08-14T07:26:02+00:00
KIWOOM 미국AI테크하이베타,0190M,2026-05-12,2026-05-08 15:56,20260508000102,"신규상장(키움 KIWOOM 미국AI테크하이베타증권상장지수투자신탁[주식], 상장일 2026.05.12)",https://kind.krx.co.kr/disclosure/disclosurebystocktype.do?method=searchDisclosureByStockTypeEtfSub&forward=disclosurebystocktype_etf_sub&currentPageSize=100&pageIndex=1&orderMode=1&orderStat=D&etfIsuSrtCd=&reportCd=&reportTmp=&etfIsuSrtNm=&reportNm=%EC%8B%A0%EA%B7%9C%EC%83%81%EC%9E%A5&fromDate=2026-05-01&toDate=2026-05-31,kind_listing_notice_title,official_notice_pending_isin,2026-08-14T07:26:02+00:00
PLUS 은채권혼합,0184N,2026-05-12,2026-05-08 15:58,20260508000105,"신규상장(한화 PLUS 은채권혼합증권상장지수투자신탁(채권혼합-재간접형), 상장일 2026.05.12)",https://kind.krx.co.kr/disclosure/disclosurebystocktype.do?method=searchDisclosureByStockTypeEtfSub&forward=disclosurebystocktype_etf_sub&currentPageSize=100&pageIndex=1&orderMode=1&orderStat=D&etfIsuSrtCd=&reportCd=&reportTmp=&etfIsuSrtNm=&reportNm=%EC%8B%A0%EA%B7%9C%EC%83%81%EC%9E%A5&fromDate=2026-05-01&toDate=2026-05-31,kind_listing_notice_title,official_notice_pending_isin,2026-08-14T07:26:02+00:00
TIGER 구글밸류체인,0190Y,2026-05-12,2026-05-08 16:00,20260508000348,"신규상장(미래에셋 TIGER 구글밸류체인증권상장지수투자신탁(주식), 상장일 2026.05.12)",https://kind.krx.co.kr/disclosure/disclosurebystocktype.do?method=searchDisclosureByStockTypeEtfSub&forward=disclosurebystocktype_etf_sub&currentPageSize=100&pageIndex=1&orderMode=1&orderStat=D&etfIsuSrtCd=&reportCd=&reportTmp=&etfIsuSrtNm=&reportNm=%EC%8B%A0%EA%B7%9C%EC%83%81%EC%9E%A5&fromDate=2026-05-01&toDate=2026-05-31,kind_listing_notice_title,official_notice_pending_isin,2026-08-14T07:26:02+00:00
KODEX 반도체타겟위클리커버드콜,0190G,2026-05-12,2026-05-08 16:02,20260508000378,"신규상장(삼성 KODEX 반도체타겟위클리커버드콜증권상장지수투자신탁[주식-파생형], 상장일 2026.05.12)",https://kind.krx.co.kr/disclosure/disclosurebystocktype.do?method=searchDisclosureByStockTypeEtfSub&forward=disclosurebystocktype_etf_sub&currentPageSize=100&pageIndex=1&orderMode=1&orderStat=D&etfIsuSrtCd=&reportCd=&reportTmp=&etfIsuSrtNm=&reportNm=%EC%8B%A0%EA%B7%9C%EC%83%81%EC%9E%A5&fromDate=2026-05-01&toDate=2026-05-31,kind_listing_notice_title,official_notice_pending_isin,2026-08-14T07:26:02+00:00
HANARO 미국AI메모리반도체TOP4+,0181B,2026-05-12,2026-05-08 16:05,20260508000383,"신규상장(NH-Amundi HANARO 미국AI메모리반도체TOP4+증권상장지수투자신탁(주식), 상장일 2026.05.12)",https://kind.krx.co.kr/disclosure/disclosurebystocktype.do?method=searchDisclosureByStockTypeEtfSub&forward=disclosurebystocktype_etf_sub&currentPageSize=100&pageIndex=1&orderMode=1&orderStat=D&etfIsuSrtCd=&reportCd=&reportTmp=&etfIsuSrtNm=&reportNm=%EC%8B%A0%EA%B7%9C%EC%83%81%EC%9E%A5&fromDate=2026-05-01&toDate=2026-05-31,kind_listing_notice_title,official_notice_pending_isin,2026-08-14T07:26:02+00:00
UNICORN K바이오액티브,0184V,2026-05-12,2026-05-08 16:08,20260508000504,"신규상장(현대 UNICORN 코스닥바이오액티브 증권상장지수투자신탁[주식], 상장일 2026.05.12)",https://kind.krx.co.kr/disclosure/disclosurebystocktype.do?method=searchDisclosureByStockTypeEtfSub&forward=disclosurebystocktype_etf_sub&currentPageSize=100&pageIndex=1&orderMode=1&orderStat=D&etfIsuSrtCd=&reportCd=&reportTmp=&etfIsuSrtNm=&reportNm=%EC%8B%A0%EA%B7%9C%EC%83%81%EC%9E%A5&fromDate=2026-05-01&toDate=2026-05-31,kind_listing_notice_title,official_notice_pending_isin,2026-08-14T07:26:02+00:00
RISE 현대차고정피지컬AI,0190C,2026-05-12,2026-05-08 16:11,20260508000616,"신규상장(KB RISE 현대차고정피지컬AI 증권상장지수투자신탁(주식), 상장일 2026.05.12)",https://kind.krx.co.kr/disclosure/disclosurebystocktype.do?method=searchDisclosureByStockTypeEtfSub&forward=disclosurebystocktype_etf_sub&currentPageSize=100&pageIndex=1&orderMode=1&orderStat=D&etfIsuSrtCd=&reportCd=&reportTmp=&etfIsuSrtNm=&reportNm=%EC%8B%A0%EA%B7%9C%EC%83%81%EC%9E%A5&fromDate=2026-05-01&toDate=2026-05-31,kind_listing_notice_title,official_notice_pending_isin,2026-08-14T07:26:02+00:00
PLUS 중기종합채권(A-이상)액티브,0184L,2026-05-12,2026-05-08 16:19,20260508000818,"신규상장(한화 PLUS 중기종합채권(A-이상)액티브증권상장지수투자신탁(채권), 상장일 2026.05.12)",https://kind.krx.co.kr/disclosure/disclosurebystocktype.do?method=searchDisclosureByStockTypeEtfSub&forward=disclosurebystocktype_etf_sub&currentPageSize=100&pageIndex=1&orderMode=1&orderStat=D&etfIsuSrtCd=&reportCd=&reportTmp=&etfIsuSrtNm=&reportNm=%EC%8B%A0%EA%B7%9C%EC%83%81%EC%9E%A5&fromDate=2026-05-01&toDate=2026-05-31,kind_listing_notice_title,official_notice_pending_isin,2026-08-14T07:26:02+00:00
SOL 코스피200채권혼합50,0192S,2026-05-19,2026-05-15 15:52,20260515001224,"신규상장(신한 SOL 코스피200채권혼합50증권상장지수투자신탁[채권혼합], 상장일 2026.05.19)",https://kind.krx.co.kr/disclosure/disclosurebystocktype.do?method=searchDisclosureByStockTypeEtfSub&forward=disclosurebystocktype_etf_sub&currentPageSize=100&pageIndex=1&orderMode=1&orderStat=D&etfIsuSrtCd=&reportCd=&reportTmp=&etfIsuSrtNm=&reportNm=%EC%8B%A0%EA%B7%9C%EC%83%81%EC%9E%A5&fromDate=2026-05-01&toDate=2026-05-31,kind_listing_notice_title,official_notice_pending_isin,2026-08-14T07:26:02+00:00
KoAct 코스피액티브,0193G,2026-05-19,2026-05-15 15:54,20260515001232,"신규상장(삼성액티브 KoAct 코스피액티브증권상장지수투자신탁[주식], 상장일 2026.05.19)",https://kind.krx.co.kr/disclosure/disclosurebystocktype.do?method=searchDisclosureByStockTypeEtfSub&forward=disclosurebystocktype_etf_sub&currentPageSize=100&pageIndex=1&orderMode=1&orderStat=D&etfIsuSrtCd=&reportCd=&reportTmp=&etfIsuSrtNm=&reportNm=%EC%8B%A0%EA%B7%9C%EC%83%81%EC%9E%A5&fromDate=2026-05-01&toDate=2026-05-31,kind_listing_notice_title,official_notice_pending_isin,2026-08-14T07:26:02+00:00
SOL 코스닥TOP10,0192T,2026-05-19,2026-05-15 15:57,20260515001244,"신규상장(신한 SOL 코스닥TOP10증권상장지수투자신탁[주식], 상장일 2026.05.19)",https://kind.krx.co.kr/disclosure/disclosurebystocktype.do?method=searchDisclosureByStockTypeEtfSub&forward=disclosurebystocktype_etf_sub&currentPageSize=100&pageIndex=1&orderMode=1&orderStat=D&etfIsuSrtCd=&reportCd=&reportTmp=&etfIsuSrtNm=&reportNm=%EC%8B%A0%EA%B7%9C%EC%83%81%EC%9E%A5&fromDate=2026-05-01&toDate=2026-05-31,kind_listing_notice_title,official_notice_pending_isin,2026-08-14T07:26:02+00:00
TIME 글로벌휴머노이드로봇산업액티브,0185L,2026-05-19,2026-05-15 15:59,20260515001534,"신규상장(타임폴리오 TIME 글로벌휴머노이드로봇산업액티브증권상장지수투자신탁[주식], 상장일 2026.05.19)",https://kind.krx.co.kr/disclosure/disclosurebystocktype.do?method=searchDisclosureByStockTypeEtfSub&forward=disclosurebystocktype_etf_sub&currentPageSize=100&pageIndex=1&orderMode=1&orderStat=D&etfIsuSrtCd=&reportCd=&reportTmp=&etfIsuSrtNm=&reportNm=%EC%8B%A0%EA%B7%9C%EC%83%81%EC%9E%A5&fromDate=2026-05-01&toDate=2026-05-31,kind_listing_notice_title,official_notice_pending_isin,2026-08-14T07:26:02+00:00
HANARO 중기종합채권(A-이상)액티브,0191W,2026-05-19,2026-05-15 16:01,20260515001539,"신규상장(NH-Amundi HANARO 중기종합채권(A-이상)액티브증권상장지수투자신탁(채권), 상장일 2026.05.19)",https://kind.krx.co.kr/disclosure/disclosurebystocktype.do?method=searchDisclosureByStockTypeEtfSub&forward=disclosurebystocktype_etf_sub&currentPageSize=100&pageIndex=1&orderMode=1&orderStat=D&etfIsuSrtCd=&reportCd=&reportTmp=&etfIsuSrtNm=&reportNm=%EC%8B%A0%EA%B7%9C%EC%83%81%EC%9E%A5&fromDate=2026-05-01&toDate=2026-05-31,kind_listing_notice_title,official_notice_pending_isin,2026-08-14T07:26:02+00:00
IBK 코스닥150,0191S,2026-05-19,2026-05-15 16:02,20260515001590,"신규상장(IBK IBK 코스닥150증권상장지수투자신탁[주식], 상장일 2026.05.19)",https://kind.krx.co.kr/disclosure/disclosurebystocktype.do?method=searchDisclosureByStockTypeEtfSub&forward=disclosurebystocktype_etf_sub&currentPageSize=100&pageIndex=1&orderMode=1&orderStat=D&etfIsuSrtCd=&reportCd=&reportTmp=&etfIsuSrtNm=&reportNm=%EC%8B%A0%EA%B7%9C%EC%83%81%EC%9E%A5&fromDate=2026-05-01&toDate=2026-05-31,kind_listing_notice_title,official_notice_pending_isin,2026-08-14T07:26:02+00:00
TIGER 중기종합채권(A-이상)액티브,0192Z,2026-05-19,2026-05-15 16:05,20260515001748,"신규상장(미래에셋 TIGER 중기종합채권(A-이상)액티브증권상장지수투자신탁(채권), 상장일 2026.05.19)",https://kind.krx.co.kr/disclosure/disclosurebystocktype.do?method=searchDisclosureByStockTypeEtfSub&forward=disclosurebystocktype_etf_sub&currentPageSize=100&pageIndex=1&orderMode=1&orderStat=D&etfIsuSrtCd=&reportCd=&reportTmp=&etfIsuSrtNm=&reportNm=%EC%8B%A0%EA%B7%9C%EC%83%81%EC%9E%A5&fromDate=2026-05-01&toDate=2026-05-31,kind_listing_notice_title,official_notice_pending_isin,2026-08-14T07:26:02+00:00
MIDAS 코스닥액티브,0191B,2026-05-19,2026-05-15 16:06,20260515001785,"신규상장(마이다스 MIDAS 코스닥액티브증권상장지수투자신탁(주식), 상장일 2026.05.19)",https://kind.krx.co.kr/disclosure/disclosurebystocktype.do?method=searchDisclosureByStockTypeEtfSub&forward=disclosurebystocktype_etf_sub&currentPageSize=100&pageIndex=1&orderMode=1&orderStat=D&etfIsuSrtCd=&reportCd=&reportTmp=&etfIsuSrtNm=&reportNm=%EC%8B%A0%EA%B7%9C%EC%83%81%EC%9E%A5&fromDate=2026-05-01&toDate=2026-05-31,kind_listing_notice_title,official_notice_pending_isin,2026-08-14T07:26:02+00:00
RISE SK하이닉스단일종목레버리지,0192L,2026-05-27,2026-05-22 15:37,20260522000193,"신규상장(KB RISE SK하이닉스단일종목레버리지증권상장지수투자신탁(주식-파생형), 상장일 2026.05.27)",https://kind.krx.co.kr/disclosure/disclosurebystocktype.do?method=searchDisclosureByStockTypeEtfSub&forward=disclosurebystocktype_etf_sub&currentPageSize=100&pageIndex=1&orderMode=1&orderStat=D&etfIsuSrtCd=&reportCd=&reportTmp=&etfIsuSrtNm=&reportNm=%EC%8B%A0%EA%B7%9C%EC%83%81%EC%9E%A5&fromDate=2026-05-01&toDate=2026-05-31,kind_listing_notice_title,official_notice_pending_isin,2026-08-14T07:26:02+00:00
RISE 삼성전자단일종목레버리지,0192M,2026-05-27,2026-05-22 15:38,20260522000195,"신규상장(KB RISE 삼성전자단일종목레버리지증권상장지수투자신탁(주식-파생형), 상장일 2026.05.27)",https://kind.krx.co.kr/disclosure/disclosurebystocktype.do?method=searchDisclosureByStockTypeEtfSub&forward=disclosurebystocktype_etf_sub&currentPageSize=100&pageIndex=1&orderMode=1&orderStat=D&etfIsuSrtCd=&reportCd=&reportTmp=&etfIsuSrtNm=&reportNm=%EC%8B%A0%EA%B7%9C%EC%83%81%EC%9E%A5&fromDate=2026-05-01&toDate=2026-05-31,kind_listing_notice_title,official_notice_pending_isin,2026-08-14T07:26:02+00:00
1Q SK하이닉스선물단일종목레버리지,0198D,2026-05-27,2026-05-22 16:05,20260522000208,"신규상장(하나 1Q SK하이닉스선물단일종목레버리지증권상장지수투자신탁(주식-파생형), 상장일 2026.05.27)",https://kind.krx.co.kr/disclosure/disclosurebystocktype.do?method=searchDisclosureByStockTypeEtfSub&forward=disclosurebystocktype_etf_sub&currentPageSize=100&pageIndex=1&orderMode=1&orderStat=D&etfIsuSrtCd=&reportCd=&reportTmp=&etfIsuSrtNm=&reportNm=%EC%8B%A0%EA%B7%9C%EC%83%81%EC%9E%A5&fromDate=2026-05-01&toDate=2026-05-31,kind_listing_notice_title,official_notice_pending_isin,2026-08-14T07:26:02+00:00
ACE 삼성전자단일종목레버리지,0194M,2026-05-27,2026-05-22 15:42,20260522000221,"신규상장(한국투자 ACE 삼성전자단일종목레버리지증권상장지수투자신탁(주식-파생형), 상장일 2026.05.27)",https://kind.krx.co.kr/disclosure/disclosurebystocktype.do?method=searchDisclosureByStockTypeEtfSub&forward=disclosurebystocktype_etf_sub&currentPageSize=100&pageIndex=1&orderMode=1&orderStat=D&etfIsuSrtCd=&reportCd=&reportTmp=&etfIsuSrtNm=&reportNm=%EC%8B%A0%EA%B7%9C%EC%83%81%EC%9E%A5&fromDate=2026-05-01&toDate=2026-05-31,kind_listing_notice_title,official_notice_pending_isin,2026-08-14T07:26:02+00:00
ACE SK하이닉스단일종목레버리지,0194T,2026-05-27,2026-05-22 15:44,20260522000224,"신규상장(한국투자 ACE SK하이닉스단일종목레버리지증권상장지수투자신탁(주식-파생형), 상장일 2026.05.27)",https://kind.krx.co.kr/disclosure/disclosurebystocktype.do?method=searchDisclosureByStockTypeEtfSub&forward=disclosurebystocktype_etf_sub&currentPageSize=100&pageIndex=1&orderMode=1&orderStat=D&etfIsuSrtCd=&reportCd=&reportTmp=&etfIsuSrtNm=&reportNm=%EC%8B%A0%EA%B7%9C%EC%83%81%EC%9E%A5&fromDate=2026-05-01&toDate=2026-05-31,kind_listing_notice_title,official_notice_pending_isin,2026-08-14T07:26:02+00:00
SOL SK하이닉스단일종목레버리지,0197W,2026-05-27,2026-05-22 15:46,20260522000227,"신규상장(신한 SOL SK하이닉스단일종목레버리지증권상장지수투자신탁[주식-파생형], 상장일 2026.05.27)",https://kind.krx.co.kr/disclosure/disclosurebystocktype.do?method=searchDisclosureByStockTypeEtfSub&forward=disclosurebystocktype_etf_sub&currentPageSize=100&pageIndex=1&orderMode=1&orderStat=D&etfIsuSrtCd=&reportCd=&reportTmp=&etfIsuSrtNm=&reportNm=%EC%8B%A0%EA%B7%9C%EC%83%81%EC%9E%A5&fromDate=2026-05-01&toDate=2026-05-31,kind_listing_notice_title,official_notice_pending_isin,2026-08-14T07:26:02+00:00
SOL SK하이닉스선물단일종목인버스2X,0197X,2026-05-27,2026-05-22 15:48,20260522000230,"신규상장(신한 SOL SK하이닉스선물단일종목인버스2X증권상장지수투자신탁[주식-파생형], 상장일 2026.05.27)",https://kind.krx.co.kr/disclosure/disclosurebystocktype.do?method=searchDisclosureByStockTypeEtfSub&forward=disclosurebystocktype_etf_sub&currentPageSize=100&pageIndex=1&orderMode=1&orderStat=D&etfIsuSrtCd=&reportCd=&reportTmp=&etfIsuSrtNm=&reportNm=%EC%8B%A0%EA%B7%9C%EC%83%81%EC%9E%A5&fromDate=2026-05-01&toDate=2026-05-31,kind_listing_notice_title,official_notice_pending_isin,2026-08-14T07:26:02+00:00
KODEX 삼성전자단일종목레버리지,0193W,2026-05-27,2026-05-22 15:51,20260522000234,"신규상장(삼성 KODEX 삼성전자단일종목레버리지증권상장지수투자신탁[주식-파생형], 상장일 2026.05.27)",https://kind.krx.co.kr/disclosure/disclosurebystocktype.do?method=searchDisclosureByStockTypeEtfSub&forward=disclosurebystocktype_etf_sub&currentPageSize=100&pageIndex=1&orderMode=1&orderStat=D&etfIsuSrtCd=&reportCd=&reportTmp=&etfIsuSrtNm=&reportNm=%EC%8B%A0%EA%B7%9C%EC%83%81%EC%9E%A5&fromDate=2026-05-01&toDate=2026-05-31,kind_listing_notice_title,official_notice_pending_isin,2026-08-14T07:26:02+00:00
KODEX SK하이닉스단일종목레버리지,0193T,2026-05-27,2026-05-22 15:53,20260522000237,"신규상장(삼성 KODEX SK하이닉스단일종목레버리지증권상장지수투자신탁[주식-파생형], 상장일 2026.05.27)",https://kind.krx.co.kr/disclosure/disclosurebystocktype.do?method=searchDisclosureByStockTypeEtfSub&forward=disclosurebystocktype_etf_sub&currentPageSize=100&pageIndex=1&orderMode=1&orderStat=D&etfIsuSrtCd=&reportCd=&reportTmp=&etfIsuSrtNm=&reportNm=%EC%8B%A0%EA%B7%9C%EC%83%81%EC%9E%A5&fromDate=2026-05-01&toDate=2026-05-31,kind_listing_notice_title,official_notice_pending_isin,2026-08-14T07:26:02+00:00
TIGER 삼성전자단일종목레버리지,0195R,2026-05-27,2026-05-22 15:56,20260522000241,"신규상장(미래에셋 TIGER 삼성전자단일종목레버리지증권상장지수투자신탁(주식-파생형), 상장일 2026.05.27)",https://kind.krx.co.kr/disclosure/disclosurebystocktype.do?method=searchDisclosureByStockTypeEtfSub&forward=disclosurebystocktype_etf_sub&currentPageSize=100&pageIndex=1&orderMode=1&orderStat=D&etfIsuSrtCd=&reportCd=&reportTmp=&etfIsuSrtNm=&reportNm=%EC%8B%A0%EA%B7%9C%EC%83%81%EC%9E%A5&fromDate=2026-05-01&toDate=2026-05-31,kind_listing_notice_title,official_notice_pending_isin,2026-08-14T07:26:02+00:00
TIGER SK하이닉스단일종목레버리지,0195S,2026-05-27,2026-05-22 15:57,20260522000242,"신규상장(미래에셋 TIGER SK하이닉스단일종목레버리지증권상장지수투자신탁(주식-파생형), 상장일 2026.05.27)",https://kind.krx.co.kr/disclosure/disclosurebystocktype.do?method=searchDisclosureByStockTypeEtfSub&forward=disclosurebystocktype_etf_sub&currentPageSize=100&pageIndex=1&orderMode=1&orderStat=D&etfIsuSrtCd=&reportCd=&reportTmp=&etfIsuSrtNm=&reportNm=%EC%8B%A0%EA%B7%9C%EC%83%81%EC%9E%A5&fromDate=2026-05-01&toDate=2026-05-31,kind_listing_notice_title,official_notice_pending_isin,2026-08-14T07:26:02+00:00
PLUS 삼성전자단일종목레버리지,0193K,2026-05-27,2026-05-22 15:58,20260522000245,"신규상장(한화 PLUS 삼성전자단일종목레버리지증권상장지수투자신탁(주식-파생형), 상장일 2026.05.27)",https://kind.krx.co.kr/disclosure/disclosurebystocktype.do?method=searchDisclosureByStockTypeEtfSub&forward=disclosurebystocktype_etf_sub&currentPageSize=100&pageIndex=1&orderMode=1&orderStat=D&etfIsuSrtCd=&reportCd=&reportTmp=&etfIsuSrtNm=&reportNm=%EC%8B%A0%EA%B7%9C%EC%83%81%EC%9E%A5&fromDate=2026-05-01&toDate=2026-05-31,kind_listing_notice_title,official_notice_pending_isin,2026-08-14T07:26:02+00:00
PLUS 삼성전자선물단일종목인버스2X,0193L,2026-05-27,2026-05-22 16:00,20260522000248,"신규상장(한화 PLUS 삼성전자선물단일종목인버스2X증권상장지수투자신탁(주식-파생형), 상장일 2026.05.27)",https://kind.krx.co.kr/disclosure/disclosurebystocktype.do?method=searchDisclosureByStockTypeEtfSub&forward=disclosurebystocktype_etf_sub&currentPageSize=100&pageIndex=1&orderMode=1&orderStat=D&etfIsuSrtCd=&reportCd=&reportTmp=&etfIsuSrtNm=&reportNm=%EC%8B%A0%EA%B7%9C%EC%83%81%EC%9E%A5&fromDate=2026-05-01&toDate=2026-05-31,kind_listing_notice_title,official_notice_pending_isin,2026-08-14T07:26:02+00:00
KIWOOM 삼성전자선물단일종목레버리지,0194N,2026-05-27,2026-05-22 16:01,20260522000249,"신규상장(키움 KIWOOM 삼성전자선물단일종목레버리지증권상장지수투자신탁[주식-파생형], 상장일 2026.05.27)",https://kind.krx.co.kr/disclosure/disclosurebystocktype.do?method=searchDisclosureByStockTypeEtfSub&forward=disclosurebystocktype_etf_sub&currentPageSize=100&pageIndex=1&orderMode=1&orderStat=D&etfIsuSrtCd=&reportCd=&reportTmp=&etfIsuSrtNm=&reportNm=%EC%8B%A0%EA%B7%9C%EC%83%81%EC%9E%A5&fromDate=2026-05-01&toDate=2026-05-31,kind_listing_notice_title,official_notice_pending_isin,2026-08-14T07:26:02+00:00
KIWOOM SK하이닉스선물단일종목레버리지,0194R,2026-05-27,2026-05-22 16:03,20260522000322,"신규상장(키움 KIWOOM SK하이닉스선물단일종목레버리지증권상장지수투자신탁[주식-파생형], 상장일 2026.05.27)",https://kind.krx.co.kr/disclosure/disclosurebystocktype.do?method=searchDisclosureByStockTypeEtfSub&forward=disclosurebystocktype_etf_sub&currentPageSize=100&pageIndex=1&orderMode=1&orderStat=D&etfIsuSrtCd=&reportCd=&reportTmp=&etfIsuSrtNm=&reportNm=%EC%8B%A0%EA%B7%9C%EC%83%81%EC%9E%A5&fromDate=2026-05-01&toDate=2026-05-31,kind_listing_notice_title,official_notice_pending_isin,2026-08-14T07:26:02+00:00
1Q 삼성전자선물단일종목레버리지,0198B,2026-05-27,2026-05-22 16:06,20260522000415,"신규상장(하나 1Q 삼성전자선물단일종목레버리지증권상장지수투자신탁(주식-파생형), 상장일 2026.05.27)",https://kind.krx.co.kr/disclosure/disclosurebystocktype.do?method=searchDisclosureByStockTypeEtfSub&forward=disclosurebystocktype_etf_sub&currentPageSize=100&pageIndex=1&orderMode=1&orderStat=D&etfIsuSrtCd=&reportCd=&reportTmp=&etfIsuSrtNm=&reportNm=%EC%8B%A0%EA%B7%9C%EC%83%81%EC%9E%A5&fromDate=2026-05-01&toDate=2026-05-31,kind_listing_notice_title,official_notice_pending_isin,2026-08-14T07:26:02+00:00
WON 삼성전자현대차채권혼합50,0203S,2026-06-02,2026-05-29 15:43,20260529000372,"신규상장(우리 WON 삼성전자현대차채권혼합50증권상장지수투자신탁(채권혼합), 상장일 2026.06.02)",https://kind.krx.co.kr/disclosure/disclosurebystocktype.do?method=searchDisclosureByStockTypeEtfSub&forward=disclosurebystocktype_etf_sub&currentPageSize=100&pageIndex=1&orderMode=1&orderStat=D&etfIsuSrtCd=&reportCd=&reportTmp=&etfIsuSrtNm=&reportNm=%EC%8B%A0%EA%B7%9C%EC%83%81%EC%9E%A5&fromDate=2026-05-01&toDate=2026-05-31,kind_listing_notice_title,official_notice_pending_isin,2026-08-14T07:26:02+00:00
WON 중단기종합채권(A-이상)액티브,0203R,2026-06-02,2026-05-29 15:45,20260529000727,"신규상장(우리 WON 중단기종합채권(A-이상)액티브증권상장지수투자신탁(채권), 상장일 2026.06.02)",https://kind.krx.co.kr/disclosure/disclosurebystocktype.do?method=searchDisclosureByStockTypeEtfSub&forward=disclosurebystocktype_etf_sub&currentPageSize=100&pageIndex=1&orderMode=1&orderStat=D&etfIsuSrtCd=&reportCd=&reportTmp=&etfIsuSrtNm=&reportNm=%EC%8B%A0%EA%B7%9C%EC%83%81%EC%9E%A5&fromDate=2026-05-01&toDate=2026-05-31,kind_listing_notice_title,official_notice_pending_isin,2026-08-14T07:26:02+00:00
마이티 5월만기자동연장특수채(AAA)액티브,0191M,2026-06-02,2026-05-29 15:53,20260529000739,"신규상장(DB 마이티 5월만기자동연장특수채(AAA)액티브증권상장지수투자신탁[채권], 상장일 2026.06.02)",https://kind.krx.co.kr/disclosure/disclosurebystocktype.do?method=searchDisclosureByStockTypeEtfSub&forward=disclosurebystocktype_etf_sub&currentPageSize=100&pageIndex=1&orderMode=1&orderStat=D&etfIsuSrtCd=&reportCd=&reportTmp=&etfIsuSrtNm=&reportNm=%EC%8B%A0%EA%B7%9C%EC%83%81%EC%9E%A5&fromDate=2026-05-01&toDate=2026-05-31,kind_listing_notice_title,official_notice_pending_isin,2026-08-14T07:26:02+00:00
TIGER 코스닥액티브,0204S,2026-06-02,2026-05-29 15:54,20260529001091,"신규상장(미래에셋 TIGER 코스닥액티브증권상장지수투자신탁(주식), 상장일 2026.06.02)",https://kind.krx.co.kr/disclosure/disclosurebystocktype.do?method=searchDisclosureByStockTypeEtfSub&forward=disclosurebystocktype_etf_sub&currentPageSize=100&pageIndex=1&orderMode=1&orderStat=D&etfIsuSrtCd=&reportCd=&reportTmp=&etfIsuSrtNm=&reportNm=%EC%8B%A0%EA%B7%9C%EC%83%81%EC%9E%A5&fromDate=2026-05-01&toDate=2026-05-31,kind_listing_notice_title,official_notice_pending_isin,2026-08-14T07:26:02+00:00
ACE 고배당주Plus커버드콜액티브,0199C,2026-06-02,2026-05-29 15:57,20260529001112,"신규상장(한국투자 ACE 고배당주Plus커버드콜액티브증권상장지수투자신탁(주식-파생형), 상장일 2026.06.02)",https://kind.krx.co.kr/disclosure/disclosurebystocktype.do?method=searchDisclosureByStockTypeEtfSub&forward=disclosurebystocktype_etf_sub&currentPageSize=100&pageIndex=1&orderMode=1&orderStat=D&etfIsuSrtCd=&reportCd=&reportTmp=&etfIsuSrtNm=&reportNm=%EC%8B%A0%EA%B7%9C%EC%83%81%EC%9E%A5&fromDate=2026-05-01&toDate=2026-05-31,kind_listing_notice_title,official_notice_pending_isin,2026-08-14T07:26:02+00:00
PLUS 200위클리커버드콜채권혼합,0203D,2026-06-02,2026-05-29 15:59,20260529001166,"신규상장(한화 PLUS 200위클리커버드콜채권혼합증권상장지수투자신탁 (채권혼합-파생형), 상장일 2026.06.02)",https://kind.krx.co.kr/disclosure/disclosurebystocktype.do?method=searchDisclosureByStockTypeEtfSub&forward=disclosurebystocktype_etf_sub&currentPageSize=100&pageIndex=1&orderMode=1&orderStat=D&etfIsuSrtCd=&reportCd=&reportTmp=&etfIsuSrtNm=&reportNm=%EC%8B%A0%EA%B7%9C%EC%83%81%EC%9E%A5&fromDate=2026-05-01&toDate=2026-05-31,kind_listing_notice_title,official_notice_pending_isin,2026-08-14T07:26:02+00:00
1Q 현대차기아채권혼합50,0206G,2026-06-09,2026-06-05 15:54,20260605000167,"신규상장(하나 1Q 현대차기아채권혼합50증권상장지수투자신탁(채권혼합), 상장일 2026.06.09)",https://kind.krx.co.kr/disclosure/disclosurebystocktype.do?method=searchDisclosureByStockTypeEtfSub&forward=disclosurebystocktype_etf_sub&currentPageSize=100&pageIndex=1&orderMode=1&orderStat=D&etfIsuSrtCd=&reportCd=&reportTmp=&etfIsuSrtNm=&reportNm=%EC%8B%A0%EA%B7%9C%EC%83%81%EC%9E%A5&fromDate=2026-06-01&toDate=2026-06-30,kind_listing_notice_title,official_notice_pending_isin,2026-08-14T07:26:02+00:00
DAISHIN343 금융&지주고배당,0189Z,2026-06-09,2026-06-05 15:57,20260605000361,"신규상장(대신 DAISHIN343 금융&지주고배당증권상장지수투자신탁[주식], 상장일 2026.06.09)",https://kind.krx.co.kr/disclosure/disclosurebystocktype.do?method=searchDisclosureByStockTypeEtfSub&forward=disclosurebystocktype_etf_sub&currentPageSize=100&pageIndex=1&orderMode=1&orderStat=D&etfIsuSrtCd=&reportCd=&reportTmp=&etfIsuSrtNm=&reportNm=%EC%8B%A0%EA%B7%9C%EC%83%81%EC%9E%A5&fromDate=2026-06-01&toDate=2026-06-30,kind_listing_notice_title,official_notice_pending_isin,2026-08-14T07:26:02+00:00
KODEX 현대차로보틱스밸류체인TOP3플러스,0204D,2026-06-09,2026-06-05 15:59,20260605000432,"신규상장(삼성 KODEX 현대차로보틱스밸류체인TOP3플러스증권상장지수투자신탁[주식], 상장일 2026.06.09)",https://kind.krx.co.kr/disclosure/disclosurebystocktype.do?method=searchDisclosureByStockTypeEtfSub&forward=disclosurebystocktype_etf_sub&currentPageSize=100&pageIndex=1&orderMode=1&orderStat=D&etfIsuSrtCd=&reportCd=&reportTmp=&etfIsuSrtNm=&reportNm=%EC%8B%A0%EA%B7%9C%EC%83%81%EC%9E%A5&fromDate=2026-06-01&toDate=2026-06-30,kind_listing_notice_title,official_notice_pending_isin,2026-08-14T07:26:02+00:00
KIWOOM 미국우주데이터센터인프라,0207Z,2026-06-16,2026-06-12 15:35,20260612000502,"신규상장(키움 KIWOOM 미국우주데이터센터인프라증권상장지수투자신탁[주식], 상장일 2026.06.16)",https://kind.krx.co.kr/disclosure/disclosurebystocktype.do?method=searchDisclosureByStockTypeEtfSub&forward=disclosurebystocktype_etf_sub&currentPageSize=100&pageIndex=1&orderMode=1&orderStat=D&etfIsuSrtCd=&reportCd=&reportTmp=&etfIsuSrtNm=&reportNm=%EC%8B%A0%EA%B7%9C%EC%83%81%EC%9E%A5&fromDate=2026-06-01&toDate=2026-06-30,kind_listing_notice_title,official_notice_pending_isin,2026-08-14T07:26:02+00:00
BNK 27-12 특수채(AAA이상)액티브,0193M,2026-06-16,2026-06-12 15:37,20260612000509,"신규상장(BNK BNK 27-12 특수채(AAA이상)액티브증권상장지수투자신탁(채권), 상장일 2026.06.16)",https://kind.krx.co.kr/disclosure/disclosurebystocktype.do?method=searchDisclosureByStockTypeEtfSub&forward=disclosurebystocktype_etf_sub&currentPageSize=100&pageIndex=1&orderMode=1&orderStat=D&etfIsuSrtCd=&reportCd=&reportTmp=&etfIsuSrtNm=&reportNm=%EC%8B%A0%EA%B7%9C%EC%83%81%EC%9E%A5&fromDate=2026-06-01&toDate=2026-06-30,kind_listing_notice_title,official_notice_pending_isin,2026-08-14T07:26:02+00:00
SOL 우주항공밸류체인,0207G,2026-06-16,2026-06-12 15:39,20260612000516,"신규상장(신한 SOL 우주항공밸류체인증권상장지수투자신탁[주식], 상장일 2026.06.16)",https://kind.krx.co.kr/disclosure/disclosurebystocktype.do?method=searchDisclosureByStockTypeEtfSub&forward=disclosurebystocktype_etf_sub&currentPageSize=100&pageIndex=1&orderMode=1&orderStat=D&etfIsuSrtCd=&reportCd=&reportTmp=&etfIsuSrtNm=&reportNm=%EC%8B%A0%EA%B7%9C%EC%83%81%EC%9E%A5&fromDate=2026-06-01&toDate=2026-06-30,kind_listing_notice_title,official_notice_pending_isin,2026-08-14T07:26:02+00:00
ACE K반도체TOP2+,0210A,2026-06-23,2026-06-19 15:54,20260619000427,"신규상장(한국투자 ACE K반도체TOP2+증권상장지수투자신탁(주식), 상장일 2026.06.23)",https://kind.krx.co.kr/disclosure/disclosurebystocktype.do?method=searchDisclosureByStockTypeEtfSub&forward=disclosurebystocktype_etf_sub&currentPageSize=100&pageIndex=1&orderMode=1&orderStat=D&etfIsuSrtCd=&reportCd=&reportTmp=&etfIsuSrtNm=&reportNm=%EC%8B%A0%EA%B7%9C%EC%83%81%EC%9E%A5&fromDate=2026-06-01&toDate=2026-06-30,kind_listing_notice_title,official_notice_pending_isin,2026-08-14T07:26:02+00:00
KODEX 전고체배터리ESS TOP2플러스,0209D,2026-06-23,2026-06-19 15:56,20260619000549,"신규상장(삼성 KODEX 전고체배터리ESS TOP2플러스증권상장지수투자신탁[주식], 상장일 2026.06.23)",https://kind.krx.co.kr/disclosure/disclosurebystocktype.do?method=searchDisclosureByStockTypeEtfSub&forward=disclosurebystocktype_etf_sub&currentPageSize=100&pageIndex=1&orderMode=1&orderStat=D&etfIsuSrtCd=&reportCd=&reportTmp=&etfIsuSrtNm=&reportNm=%EC%8B%A0%EA%B7%9C%EC%83%81%EC%9E%A5&fromDate=2026-06-01&toDate=2026-06-30,kind_listing_notice_title,official_notice_pending_isin,2026-08-14T07:26:02+00:00
IBK 코스피액티브,0208N,2026-06-23,2026-06-19 15:57,20260619000555,"신규상장(IBK IBK 코스피액티브증권상장지수투자신탁[주식], 상장일 2026.06.23)",https://kind.krx.co.kr/disclosure/disclosurebystocktype.do?method=searchDisclosureByStockTypeEtfSub&forward=disclosurebystocktype_etf_sub&currentPageSize=100&pageIndex=1&orderMode=1&orderStat=D&etfIsuSrtCd=&reportCd=&reportTmp=&etfIsuSrtNm=&reportNm=%EC%8B%A0%EA%B7%9C%EC%83%81%EC%9E%A5&fromDate=2026-06-01&toDate=2026-06-30,kind_listing_notice_title,official_notice_pending_isin,2026-08-14T07:26:02+00:00
PLUS 200커버드콜액티브,0210E,2026-06-23,2026-06-19 15:59,20260619000600,"신규상장(한화 PLUS 200커버드콜액티브증권상장지수투자신탁(주식-파생형), 상장일 2026.06.23)",https://kind.krx.co.kr/disclosure/disclosurebystocktype.do?method=searchDisclosureByStockTypeEtfSub&forward=disclosurebystocktype_etf_sub&currentPageSize=100&pageIndex=1&orderMode=1&orderStat=D&etfIsuSrtCd=&reportCd=&reportTmp=&etfIsuSrtNm=&reportNm=%EC%8B%A0%EA%B7%9C%EC%83%81%EC%9E%A5&fromDate=2026-06-01&toDate=2026-06-30,kind_listing_notice_title,official_notice_pending_isin,2026-08-14T07:26:02+00:00
ACE 코리아AI전력TOP10,0209Z,2026-06-23,2026-06-19 16:00,20260619000644,"신규상장(한국투자 ACE 코리아AI전력TOP10증권상장지수투자신탁(주식), 상장일 2026.06.23)",https://kind.krx.co.kr/disclosure/disclosurebystocktype.do?method=searchDisclosureByStockTypeEtfSub&forward=disclosurebystocktype_etf_sub&currentPageSize=100&pageIndex=1&orderMode=1&orderStat=D&etfIsuSrtCd=&reportCd=&reportTmp=&etfIsuSrtNm=&reportNm=%EC%8B%A0%EA%B7%9C%EC%83%81%EC%9E%A5&fromDate=2026-06-01&toDate=2026-06-30,kind_listing_notice_title,official_notice_pending_isin,2026-08-14T07:26:02+00:00
KIWOOM 코스닥150커버드콜액티브,0198A,2026-06-30,2026-06-26 15:43,20260626000282,"신규상장(키움 KIWOOM 코스닥150커버드콜액티브증권상장지수투자신탁[주식-파생형], 상장일 2026.06.30)",https://kind.krx.co.kr/disclosure/disclosurebystocktype.do?method=searchDisclosureByStockTypeEtfSub&forward=disclosurebystocktype_etf_sub&currentPageSize=100&pageIndex=1&orderMode=1&orderStat=D&etfIsuSrtCd=&reportCd=&reportTmp=&etfIsuSrtNm=&reportNm=%EC%8B%A0%EA%B7%9C%EC%83%81%EC%9E%A5&fromDate=2026-06-01&toDate=2026-06-30,kind_listing_notice_title,official_notice_pending_isin,2026-08-14T07:26:02+00:00
ACE K방산TOP5+,0216Z,2026-07-07,2026-07-03 15:34,20260703000321,"신규상장(한국투자 ACE K방산TOP5+증권상장지수투자신탁(주식), 상장일 2026.07.07)",https://kind.krx.co.kr/disclosure/disclosurebystocktype.do?method=searchDisclosureByStockTypeEtfSub&forward=disclosurebystocktype_etf_sub&currentPageSize=100&pageIndex=1&orderMode=1&orderStat=D&etfIsuSrtCd=&reportCd=&reportTmp=&etfIsuSrtNm=&reportNm=%EC%8B%A0%EA%B7%9C%EC%83%81%EC%9E%A5&fromDate=2026-07-01&toDate=2026-07-31,kind_listing_notice_title,official_notice_pending_isin,2026-08-14T07:26:02+00:00
KIWOOM 미국우주테크TOP2채권혼합50,0216K,2026-07-07,2026-07-03 15:36,20260703000326,"신규상장(키움 KIWOOM 미국우주테크TOP2채권혼합50증권상장지수투자신탁[채권혼합], 상장일 2026.07.07)",https://kind.krx.co.kr/disclosure/disclosurebystocktype.do?method=searchDisclosureByStockTypeEtfSub&forward=disclosurebystocktype_etf_sub&currentPageSize=100&pageIndex=1&orderMode=1&orderStat=D&etfIsuSrtCd=&reportCd=&reportTmp=&etfIsuSrtNm=&reportNm=%EC%8B%A0%EA%B7%9C%EC%83%81%EC%9E%A5&fromDate=2026-07-01&toDate=2026-07-31,kind_listing_notice_title,official_notice_pending_isin,2026-08-14T07:26:02+00:00
HANARO 미국AI광통신TOP10,0215T,2026-07-14,2026-07-10 15:45,20260710000177,"신규상장(NH-Amundi HANARO 미국AI광통신TOP10증권상장지수투자신탁(주식), 상장일 2026.07.14)",https://kind.krx.co.kr/disclosure/disclosurebystocktype.do?method=searchDisclosureByStockTypeEtfSub&forward=disclosurebystocktype_etf_sub&currentPageSize=100&pageIndex=1&orderMode=1&orderStat=D&etfIsuSrtCd=&reportCd=&reportTmp=&etfIsuSrtNm=&reportNm=%EC%8B%A0%EA%B7%9C%EC%83%81%EC%9E%A5&fromDate=2026-07-01&toDate=2026-07-31,kind_listing_notice_title,official_notice_pending_isin,2026-08-14T07:26:02+00:00
KIWOOM 현대차그룹TOP3채권혼합50,0220A,2026-07-14,2026-07-10 15:45,20260710000213,"신규상장(키움 KIWOOM 현대차그룹TOP3채권혼합50증권상장지수투자신탁[채권혼합], 상장일 2026.07.14)",https://kind.krx.co.kr/disclosure/disclosurebystocktype.do?method=searchDisclosureByStockTypeEtfSub&forward=disclosurebystocktype_etf_sub&currentPageSize=100&pageIndex=1&orderMode=1&orderStat=D&etfIsuSrtCd=&reportCd=&reportTmp=&etfIsuSrtNm=&reportNm=%EC%8B%A0%EA%B7%9C%EC%83%81%EC%9E%A5&fromDate=2026-07-01&toDate=2026-07-31,kind_listing_notice_title,official_notice_pending_isin,2026-08-14T07:26:02+00:00
RISE 미국우주&로봇TOP2미국채혼합50,0218J,2026-07-14,2026-07-10 15:45,20260710000223,"신규상장(KB RISE 미국우주&로봇TOP2미국채혼합50증권상장지수투자신탁(채권혼합-재간접형), 상장일 2026.07.14)",https://kind.krx.co.kr/disclosure/disclosurebystocktype.do?method=searchDisclosureByStockTypeEtfSub&forward=disclosurebystocktype_etf_sub&currentPageSize=100&pageIndex=1&orderMode=1&orderStat=D&etfIsuSrtCd=&reportCd=&reportTmp=&etfIsuSrtNm=&reportNm=%EC%8B%A0%EA%B7%9C%EC%83%81%EC%9E%A5&fromDate=2026-07-01&toDate=2026-07-31,kind_listing_notice_title,official_notice_pending_isin,2026-08-14T07:26:02+00:00
DS 코스닥액티브,0220B,2026-07-14,2026-07-10 15:45,20260710000227,"신규상장(디에스 DS 코스닥액티브증권상장지수투자신탁(주식), 상장일 2026.07.14)",https://kind.krx.co.kr/disclosure/disclosurebystocktype.do?method=searchDisclosureByStockTypeEtfSub&forward=disclosurebystocktype_etf_sub&currentPageSize=100&pageIndex=1&orderMode=1&orderStat=D&etfIsuSrtCd=&reportCd=&reportTmp=&etfIsuSrtNm=&reportNm=%EC%8B%A0%EA%B7%9C%EC%83%81%EC%9E%A5&fromDate=2026-07-01&toDate=2026-07-31,kind_listing_notice_title,official_notice_pending_isin,2026-08-14T07:26:02+00:00
KoAct 광통신&위성네트워크액티브,0219B,2026-07-14,2026-07-10 15:46,20260710000254,"신규상장(삼성액티브 KoAct 광통신&위성네트워크액티브증권상장지수투자신탁[주식], 상장일 2026.07.14)",https://kind.krx.co.kr/disclosure/disclosurebystocktype.do?method=searchDisclosureByStockTypeEtfSub&forward=disclosurebystocktype_etf_sub&currentPageSize=100&pageIndex=1&orderMode=1&orderStat=D&etfIsuSrtCd=&reportCd=&reportTmp=&etfIsuSrtNm=&reportNm=%EC%8B%A0%EA%B7%9C%EC%83%81%EC%9E%A5&fromDate=2026-07-01&toDate=2026-07-31,kind_listing_notice_title,official_notice_pending_isin,2026-08-14T07:26:02+00:00
KODEX 200커버드콜액티브,0219E,2026-07-14,2026-07-10 15:46,20260710000255,"신규상장(삼성 KODEX 200커버드콜액티브증권상장지수투자신탁[주식-파생형], 상장일 2026.07.14)",https://kind.krx.co.kr/disclosure/disclosurebystocktype.do?method=searchDisclosureByStockTypeEtfSub&forward=disclosurebystocktype_etf_sub&currentPageSize=100&pageIndex=1&orderMode=1&orderStat=D&etfIsuSrtCd=&reportCd=&reportTmp=&etfIsuSrtNm=&reportNm=%EC%8B%A0%EA%B7%9C%EC%83%81%EC%9E%A5&fromDate=2026-07-01&toDate=2026-07-31,kind_listing_notice_title,official_notice_pending_isin,2026-08-14T07:26:02+00:00
IBK 초단기채권액티브,0221V,2026-07-21,2026-07-16 15:35,20260716000306,"신규상장(IBK IBK 초단기채권액티브 증권상장지수투자신탁[채권], 상장일 2026.07.21)",https://kind.krx.co.kr/disclosure/disclosurebystocktype.do?method=searchDisclosureByStockTypeEtfSub&forward=disclosurebystocktype_etf_sub&currentPageSize=100&pageIndex=1&orderMode=1&orderStat=D&etfIsuSrtCd=&reportCd=&reportTmp=&etfIsuSrtNm=&reportNm=%EC%8B%A0%EA%B7%9C%EC%83%81%EC%9E%A5&fromDate=2026-07-01&toDate=2026-07-31,kind_listing_notice_title,official_notice_pending_isin,2026-08-14T07:26:02+00:00
ACE K바이오코스닥액티브,0221Z,2026-07-21,2026-07-16 15:38,20260716000327,"신규상장(한국투자 ACE K바이오코스닥액티브증권상장지수투자신탁(주식), 상장일 2026.07.21)",https://kind.krx.co.kr/disclosure/disclosurebystocktype.do?method=searchDisclosureByStockTypeEtfSub&forward=disclosurebystocktype_etf_sub&currentPageSize=100&pageIndex=1&orderMode=1&orderStat=D&etfIsuSrtCd=&reportCd=&reportTmp=&etfIsuSrtNm=&reportNm=%EC%8B%A0%EA%B7%9C%EC%83%81%EC%9E%A5&fromDate=2026-07-01&toDate=2026-07-31,kind_listing_notice_title,official_notice_pending_isin,2026-08-14T07:26:02+00:00
TIGER 미국테크NYSE100액티브,0223R,2026-07-21,2026-07-16 15:40,20260716000376,"신규상장(미래에셋 TIGER 미국테크NYSE100액티브증권상장지수투자신탁(주식), 상장일 2026.07.21)",https://kind.krx.co.kr/disclosure/disclosurebystocktype.do?method=searchDisclosureByStockTypeEtfSub&forward=disclosurebystocktype_etf_sub&currentPageSize=100&pageIndex=1&orderMode=1&orderStat=D&etfIsuSrtCd=&reportCd=&reportTmp=&etfIsuSrtNm=&reportNm=%EC%8B%A0%EA%B7%9C%EC%83%81%EC%9E%A5&fromDate=2026-07-01&toDate=2026-07-31,kind_listing_notice_title,official_notice_pending_isin,2026-08-14T07:26:02+00:00
BNK 스마트카,0218K,2026-07-21,2026-07-16 15:42,20260716000378,"신규상장(BNK BNK 스마트카증권상장지수투자신탁(주식), 상장일 2026.07.21)",https://kind.krx.co.kr/disclosure/disclosurebystocktype.do?method=searchDisclosureByStockTypeEtfSub&forward=disclosurebystocktype_etf_sub&currentPageSize=100&pageIndex=1&orderMode=1&orderStat=D&etfIsuSrtCd=&reportCd=&reportTmp=&etfIsuSrtNm=&reportNm=%EC%8B%A0%EA%B7%9C%EC%83%81%EC%9E%A5&fromDate=2026-07-01&toDate=2026-07-31,kind_listing_notice_title,official_notice_pending_isin,2026-08-14T07:26:02+00:00
KIWOOM 미국CPU반도체TOP4+,0224D,2026-07-28,2026-07-24 15:31,20260724000056,"신규상장(키움 KIWOOM 미국CPU반도체TOP4+증권상장지수투자신탁[주식], 상장일 2026.07.28)",https://kind.krx.co.kr/disclosure/disclosurebystocktype.do?method=searchDisclosureByStockTypeEtfSub&forward=disclosurebystocktype_etf_sub&currentPageSize=100&pageIndex=1&orderMode=1&orderStat=D&etfIsuSrtCd=&reportCd=&reportTmp=&etfIsuSrtNm=&reportNm=%EC%8B%A0%EA%B7%9C%EC%83%81%EC%9E%A5&fromDate=2026-07-01&toDate=2026-07-31,kind_listing_notice_title,official_notice_pending_isin,2026-08-14T07:26:02+00:00
RISE 코스닥커버드콜액티브,0223A,2026-07-28,2026-07-24 15:31,20260724000071,"신규상장(KB RISE 코스닥커버드콜액티브증권상장지수투자신탁(주식-파생형), 상장일 2026.07.28)",https://kind.krx.co.kr/disclosure/disclosurebystocktype.do?method=searchDisclosureByStockTypeEtfSub&forward=disclosurebystocktype_etf_sub&currentPageSize=100&pageIndex=1&orderMode=1&orderStat=D&etfIsuSrtCd=&reportCd=&reportTmp=&etfIsuSrtNm=&reportNm=%EC%8B%A0%EA%B7%9C%EC%83%81%EC%9E%A5&fromDate=2026-07-01&toDate=2026-07-31,kind_listing_notice_title,official_notice_pending_isin,2026-08-14T07:26:02+00:00
KoAct 고배당액티브,0222D,2026-07-28,2026-07-24 15:31,20260724000072,"신규상장(삼성액티브 KoAct 고배당액티브증권상장지수투자신탁[주식], 상장일 2026.07.28)",https://kind.krx.co.kr/disclosure/disclosurebystocktype.do?method=searchDisclosureByStockTypeEtfSub&forward=disclosurebystocktype_etf_sub&currentPageSize=100&pageIndex=1&orderMode=1&orderStat=D&etfIsuSrtCd=&reportCd=&reportTmp=&etfIsuSrtNm=&reportNm=%EC%8B%A0%EA%B7%9C%EC%83%81%EC%9E%A5&fromDate=2026-07-01&toDate=2026-07-31,kind_listing_notice_title,official_notice_pending_isin,2026-08-14T07:26:02+00:00
MIDAS 바이오헬스케어액티브,0214M,2026-07-28,2026-07-24 15:30,20260724000074,"신규상장(마이다스 MIDAS 바이오헬스케어액티브증권상장지수투자신탁(주식), 상장일 2026.07.28)",https://kind.krx.co.kr/disclosure/disclosurebystocktype.do?method=searchDisclosureByStockTypeEtfSub&forward=disclosurebystocktype_etf_sub&currentPageSize=100&pageIndex=1&orderMode=1&orderStat=D&etfIsuSrtCd=&reportCd=&reportTmp=&etfIsuSrtNm=&reportNm=%EC%8B%A0%EA%B7%9C%EC%83%81%EC%9E%A5&fromDate=2026-07-01&toDate=2026-07-31,kind_listing_notice_title,official_notice_pending_isin,2026-08-14T07:26:02+00:00
1Q 엔비디아알파벳미국채혼합50,0224X,2026-07-28,2026-07-24 15:30,20260724000075,"신규상장(하나 1Q 엔비디아알파벳미국채혼합50증권상장지수투자신탁(채권혼합), 상장일 2026.07.28)",https://kind.krx.co.kr/disclosure/disclosurebystocktype.do?method=searchDisclosureByStockTypeEtfSub&forward=disclosurebystocktype_etf_sub&currentPageSize=100&pageIndex=1&orderMode=1&orderStat=D&etfIsuSrtCd=&reportCd=&reportTmp=&etfIsuSrtNm=&reportNm=%EC%8B%A0%EA%B7%9C%EC%83%81%EC%9E%A5&fromDate=2026-07-01&toDate=2026-07-31,kind_listing_notice_title,official_notice_pending_isin,2026-08-14T07:26:02+00:00
마이티 AI데이터센터밸류체인,0222F,2026-08-04,2026-07-31 16:01,20260731000323,"신규상장(DB 마이티 Al데이터센터밸류체인증권상장지수투자신탁[주식], 상장일 2026.08.04)",https://kind.krx.co.kr/disclosure/disclosurebystocktype.do?method=searchDisclosureByStockTypeEtfSub&forward=disclosurebystocktype_etf_sub&currentPageSize=100&pageIndex=1&orderMode=1&orderStat=D&etfIsuSrtCd=&reportCd=&reportTmp=&etfIsuSrtNm=&reportNm=%EC%8B%A0%EA%B7%9C%EC%83%81%EC%9E%A5&fromDate=2026-07-01&toDate=2026-07-31,kind_listing_notice_title,official_notice_pending_isin,2026-08-14T07:26:02+00:00
KODEX 미국CPU반도체TOP10,0225V,2026-08-04,2026-07-31 16:01,20260731000365,"신규상장(삼성 KODEX 미국CPU반도체TOP10증권상장지수투자신탁[주식], 상장일 2026.08.04)",https://kind.krx.co.kr/disclosure/disclosurebystocktype.do?method=searchDisclosureByStockTypeEtfSub&forward=disclosurebystocktype_etf_sub&currentPageSize=100&pageIndex=1&orderMode=1&orderStat=D&etfIsuSrtCd=&reportCd=&reportTmp=&etfIsuSrtNm=&reportNm=%EC%8B%A0%EA%B7%9C%EC%83%81%EC%9E%A5&fromDate=2026-07-01&toDate=2026-07-31,kind_listing_notice_title,official_notice_pending_isin,2026-08-14T07:26:02+00:00
WON 피지컬AI TOP2플러스액티브,0226G,2026-08-04,2026-07-31 16:01,20260731000578,"신규상장(우리 WON 피지컬AI TOP2플러스액티브증권상장지수투자신탁(주식), 상장일 2026.08.04)",https://kind.krx.co.kr/disclosure/disclosurebystocktype.do?method=searchDisclosureByStockTypeEtfSub&forward=disclosurebystocktype_etf_sub&currentPageSize=100&pageIndex=1&orderMode=1&orderStat=D&etfIsuSrtCd=&reportCd=&reportTmp=&etfIsuSrtNm=&reportNm=%EC%8B%A0%EA%B7%9C%EC%83%81%EC%9E%A5&fromDate=2026-07-01&toDate=2026-07-31,kind_listing_notice_title,official_notice_pending_isin,2026-08-14T07:26:02+00:00
PLUS SK하이닉스샌디스크채권혼합50,0226A,2026-08-04,2026-07-31 16:02,20260731000586,"신규상장(한화 PLUS SK하이닉스샌디스크채권혼합50증권상장지수투자신탁(채권혼합), 상장일 2026.08.04)",https://kind.krx.co.kr/disclosure/disclosurebystocktype.do?method=searchDisclosureByStockTypeEtfSub&forward=disclosurebystocktype_etf_sub&currentPageSize=100&pageIndex=1&orderMode=1&orderStat=D&etfIsuSrtCd=&reportCd=&reportTmp=&etfIsuSrtNm=&reportNm=%EC%8B%A0%EA%B7%9C%EC%83%81%EC%9E%A5&fromDate=2026-07-01&toDate=2026-07-31,kind_listing_notice_title,official_notice_pending_isin,2026-08-14T07:26:02+00:00
HANARO 미국S&P500액티브,0219Z,2026-08-04,2026-07-31 16:02,20260731000726,"신규상장(NH-Amundi HANARO 미국S&P500액티브 증권상장지수투자신탁(주식), 상장일 2026.08.04)",https://kind.krx.co.kr/disclosure/disclosurebystocktype.do?method=searchDisclosureByStockTypeEtfSub&forward=disclosurebystocktype_etf_sub&currentPageSize=100&pageIndex=1&orderMode=1&orderStat=D&etfIsuSrtCd=&reportCd=&reportTmp=&etfIsuSrtNm=&reportNm=%EC%8B%A0%EA%B7%9C%EC%83%81%EC%9E%A5&fromDate=2026-07-01&toDate=2026-07-31,kind_listing_notice_title,official_notice_pending_isin,2026-08-14T07:26:02+00:00
ACE 반도체Plus전략산업,0228G,2026-08-11,2026-08-07 15:56,20260807000331,"신규상장(한국투자 ACE 반도체Plus전략산업증권상장지수투자신탁(주식), 상장일 2026.08.11)",https://kind.krx.co.kr/disclosure/disclosurebystocktype.do?method=searchDisclosureByStockTypeEtfSub&forward=disclosurebystocktype_etf_sub&currentPageSize=100&pageIndex=1&orderMode=1&orderStat=D&etfIsuSrtCd=&reportCd=&reportTmp=&etfIsuSrtNm=&reportNm=%EC%8B%A0%EA%B7%9C%EC%83%81%EC%9E%A5&fromDate=2026-08-01&toDate=2026-08-14,kind_listing_notice_title,official_notice_pending_isin,2026-08-14T07:26:02+00:00
FOCUS 금융반도체지주채권혼합50액티브,0226D,2026-08-11,2026-08-07 15:57,20260807000424,"신규상장(브이아이 FOCUS 금융반도체지주채권혼합50액티브증권상장지수투자신탁[채권혼합], 상장일 2026.08.11)",https://kind.krx.co.kr/disclosure/disclosurebystocktype.do?method=searchDisclosureByStockTypeEtfSub&forward=disclosurebystocktype_etf_sub&currentPageSize=100&pageIndex=1&orderMode=1&orderStat=D&etfIsuSrtCd=&reportCd=&reportTmp=&etfIsuSrtNm=&reportNm=%EC%8B%A0%EA%B7%9C%EC%83%81%EC%9E%A5&fromDate=2026-08-01&toDate=2026-08-14,kind_listing_notice_title,official_notice_pending_isin,2026-08-14T07:26:02+00:00
RISE 미국우주위성통신,0227K,2026-08-11,2026-08-07 15:57,20260807000431,"신규상장(KB RISE 미국우주위성통신증권상장지수투자신탁(주식), 상장일 2026.08.11)",https://kind.krx.co.kr/disclosure/disclosurebystocktype.do?method=searchDisclosureByStockTypeEtfSub&forward=disclosurebystocktype_etf_sub&currentPageSize=100&pageIndex=1&orderMode=1&orderStat=D&etfIsuSrtCd=&reportCd=&reportTmp=&etfIsuSrtNm=&reportNm=%EC%8B%A0%EA%B7%9C%EC%83%81%EC%9E%A5&fromDate=2026-08-01&toDate=2026-08-14,kind_listing_notice_title,official_notice_pending_isin,2026-08-14T07:26:02+00:00
