ticker,isin,name,amc,asset_class,pension_eligible,pension_limit,pension_verified,pension_confidence,source_type,source_url,evidence_ref,evidence_grade,evidence_tier,evidence_quote,statutory_basis,statutory_basis_text,delegation_basis,audit_check_method,audit_notes,verified_at,audit_status
0000D0,KR70000D0009,TIGER 엔비디아미국채커버드콜밸런스(합성),미래에셋자산운용,채권,가능,100% (안전자산),Y,높음,증권사·운용사교차검증,https://securities.koreainvestment.com/pension/nwEtcinfo/Notice.jsp?cmd=A_NW_33030View&num=47520,data/regulatory/sources/brokers/koreainvestment/ETF_REITs_LIST_RP_260831.xlsx,E4,3way,한국투자증권 퇴직연금 ETF 상품 현황(2026-08-31 기준) / TIGER 엔비디아미국채커버드콜밸런스(합성) / 0000D0 / 미래에셋 / 퇴직연금 투자한도 1,PSR_ART11_1_5,퇴직연금감독규정 제11조 제1항 제5호 (적립금 운용방법 등 (주식 50% 미만 채권혼합형 100% 안전자산)),PSR_ART9_1_2,금융감독원 DART 투자설명서 1배수 파생평가액 한도 및 주식한도 대조 (증권사·운용사교차검증),한국투자증권 퇴직연금 ETF 상품 현황(2026-08-31 기준) 위험자산한도 1 대조 및 규제엔진 2자 합치 일치,2026-09-06,PASS (공식 검증 완료)
0000H0,KR70000H0005,KODEX 인도Nifty미드캡100,삼성자산운용,주식-해외,가능,70% (위험자산),Y,높음,증권사·운용사교차검증,https://securities.koreainvestment.com/pension/nwEtcinfo/Notice.jsp?cmd=A_NW_33030View&num=47520,data/regulatory/sources/brokers/koreainvestment/ETF_REITs_LIST_RP_260831.xlsx,E4,3way,삼성자산운용 KODEX 공시 [0000H0 / KODEX 인도Nifty미드캡100 / ivPsbReti: 70%] & 한국투자증권 공시 [0000H0 / KODEX 인도Nifty미드캡100 / 위험자산한도: 0.7],MOEL_WRBA_RULE_ART10_1_2,근로자퇴직급여 보장법 시행규칙 제10조 제1항 제2호 (위험자산의 범위 및 운용기준 (DC 및 IRP 위험자산 투자한도 70%)),ED_WRBA_ART26_1_2,공식 출처 대조 (증권사·운용사교차검증),삼성자산운용 KODEX 연금투자 공시 [stkTicker: 0000H0 / ivPsbReti: 70%] 및 한국투자증권 공시 [단축코드: 0000H0 / 위험자산한도: 0.7] 100% 교차 일치,2026-09-06,PASS (공식 검증 완료)
0000J0,KR70000J0003,PLUS 한화그룹주,한화자산운용,주식-국내,가능,70% (위험자산),Y,높음,증권사·운용사교차검증,https://dis.kofia.or.kr/websquare/index.jsp?w2xPath=/wq/fundann/DISFundFeeCMS.xml&divisionId=MDIS01005001000000&serviceId=SDIS01005001000,data/regulatory/sources/kofia_evidence_extract_20260905.xml,E3,3way,한화PLUS한화그룹주증권상장지수투자신탁(주식) / 펀드유형: 주식형 / 표준코드: K55213EG3153 / 기준일: 20241223,MOEL_WRBA_RULE_ART10_1_2,근로자퇴직급여 보장법 시행규칙 제10조 제1항 제2호 (위험자산의 범위 및 운용기준 (DC 및 IRP 위험자산 투자한도 70%)),ED_WRBA_ART26_1_2,공식 출처 대조 (증권사·운용사교차검증),KOFIA 펀드유형: 주식형 (근로자퇴직급여 보장법 시행규칙 제10조 제1항 제2호: 주식형 집합투자증권 위험자산 70% 한도),2026-09-05,PASS (공식 검증 완료)
0000Y0,KR70000Y0004,HK 26-12 회사채(AA-이상)액티브,기타,채권,가능,100% (안전자산),Y,높음,협회공시대조,https://dis.kofia.or.kr/websquare/index.jsp?w2xPath=/wq/fundann/DISFundFeeCMS.xml&divisionId=MDIS01005001000000&serviceId=SDIS01005001000,data/regulatory/sources/kofia_evidence_extract_20260905.xml,E3,1way,흥국HK26-12회사채(AA-이상)액티브증권상장지수투자신탁[채권] / 펀드유형: 채권형 / 표준코드: K55224EH0304 / 기준일: 20241223,PSR_ART11_1_4,퇴직연금감독규정 제11조 제1항 제4호 (적립금 운용방법 등 (원리금보장 및 채권형 등 100% 안전자산)),,금융투자협회 전자공시서비스(DIS) 표준 펀드유형 '채권형' XML 전수 대조,KOFIA 펀드유형: 채권형 (퇴직연금감독규정 제11조 제1항 제4호: 원리금보장 및 채권형 안전자산 (100% 편입 가능)),2026-09-05,PASS (공식 검증 완료)
0000Z0,KR70000Z0003,RISE 바이오TOP10액티브,KB자산운용,주식-국내,가능,70% (위험자산),Y,높음,증권사·운용사교차검증,https://dis.kofia.or.kr/websquare/index.jsp?w2xPath=/wq/fundann/DISFundFeeCMS.xml&divisionId=MDIS01005001000000&serviceId=SDIS01005001000,data/regulatory/sources/kofia_evidence_extract_20260905.xml,E3,3way,KBRISE바이오TOP10액티브증권상장지수투자신탁(주식) / 펀드유형: 주식형 / 표준코드: K55223EG4761 / 기준일: 20241223,MOEL_WRBA_RULE_ART10_1_2,근로자퇴직급여 보장법 시행규칙 제10조 제1항 제2호 (위험자산의 범위 및 운용기준 (DC 및 IRP 위험자산 투자한도 70%)),ED_WRBA_ART26_1_2,공식 출처 대조 (증권사·운용사교차검증),KOFIA 펀드유형: 주식형 (근로자퇴직급여 보장법 시행규칙 제10조 제1항 제2호: 주식형 집합투자증권 위험자산 70% 한도),2026-09-05,PASS (공식 검증 완료)
0001P0,KR70001P0004,마이티 바이오시밀러&CDMO액티브,현대자산운용,주식-국내,가능,70% (위험자산),Y,높음,협회공시대조,https://dis.kofia.or.kr/websquare/index.jsp?w2xPath=/wq/fundann/DISFundFeeCMS.xml&divisionId=MDIS01005001000000&serviceId=SDIS01005001000,data/regulatory/sources/kofia_evidence_extract_20260905.xml,E3,1way,DB마이티바이오시밀러&amp;CDMO액티브증권상장지수투자신탁[주식] / 펀드유형: 주식형 / 표준코드: K55216EG6021 / 기준일: 20241220,MOEL_WRBA_RULE_ART10_1_2,근로자퇴직급여 보장법 시행규칙 제10조 제1항 제2호 (위험자산의 범위 및 운용기준 (DC 및 IRP 위험자산 투자한도 70%)),ED_WRBA_ART26_1_2,금융투자협회 전자공시서비스(DIS) 표준 펀드유형 '주식형' XML 전수 대조 (시행규칙 제10조제1항제2호 한도 70%),KOFIA 펀드유형: 주식형 (근로자퇴직급여 보장법 시행규칙 제10조 제1항 제2호: 주식형 집합투자증권 위험자산 70% 한도),2026-09-05,PASS (공식 검증 완료)
0002C0,KR70002C0008,에셋플러스 인도일등기업포커스20액티브,에셋플러스자산운용,주식-해외,가능,70% (위험자산),Y,높음,협회공시대조,https://dis.kofia.or.kr/websquare/index.jsp?w2xPath=/wq/fundann/DISFundFeeCMS.xml&divisionId=MDIS01005001000000&serviceId=SDIS01005001000,data/regulatory/sources/kofia_evidence_extract_20260905.xml,E3,1way,에셋플러스에셋플러스인도일등기업포커스20액티브증권상장지수투자신탁(주식) / 펀드유형: 주식형 / 표준코드: K55364ED4870 / 기준일: 20250221,MOEL_WRBA_RULE_ART10_1_2,근로자퇴직급여 보장법 시행규칙 제10조 제1항 제2호 (위험자산의 범위 및 운용기준 (DC 및 IRP 위험자산 투자한도 70%)),ED_WRBA_ART26_1_2,금융투자협회 전자공시서비스(DIS) 표준 펀드유형 '주식형' XML 전수 대조 (시행규칙 제10조제1항제2호 한도 70%),KOFIA 펀드유형: 주식형 (근로자퇴직급여 보장법 시행규칙 제10조 제1항 제2호: 주식형 집합투자증권 위험자산 70% 한도),2026-09-05,PASS (공식 검증 완료)
0004G0,KR70004G0002,1Q 미국배당TOP30,하나자산운용,주식-해외,가능,70% (위험자산),Y,높음,협회공시대조,https://dis.kofia.or.kr/websquare/index.jsp?w2xPath=/wq/fundann/DISFundFeeCMS.xml&divisionId=MDIS01005001000000&serviceId=SDIS01005001000,data/regulatory/sources/kofia_evidence_extract_20260905.xml,E3,1way,하나1Q미국배당TOP30증권상장지수투자신탁[주식] / 펀드유형: 주식형 / 표준코드: K55102EG6572 / 기준일: 20250117,MOEL_WRBA_RULE_ART10_1_2,근로자퇴직급여 보장법 시행규칙 제10조 제1항 제2호 (위험자산의 범위 및 운용기준 (DC 및 IRP 위험자산 투자한도 70%)),ED_WRBA_ART26_1_2,금융투자협회 전자공시서비스(DIS) 표준 펀드유형 '주식형' XML 전수 대조 (시행규칙 제10조제1항제2호 한도 70%),KOFIA 펀드유형: 주식형 (근로자퇴직급여 보장법 시행규칙 제10조 제1항 제2호: 주식형 집합투자증권 위험자산 70% 한도),2026-09-05,PASS (공식 검증 완료)
0005A0,KR70005A0007,KODEX 미국S&P500데일리커버드콜OTM,삼성자산운용,주식-해외,가능,70% (위험자산),Y,높음,증권사·운용사교차검증,https://securities.koreainvestment.com/pension/nwEtcinfo/Notice.jsp?cmd=A_NW_33030View&num=47520,data/regulatory/sources/brokers/koreainvestment/ETF_REITs_LIST_RP_260831.xlsx,E4,3way,삼성자산운용 KODEX 공시 [0005A0 / KODEX 미국S&P500데일리커버드콜OTM / ivPsbReti: 70%] & 한국투자증권 공시 [0005A0 / KODEX 미국S&P500데일리커버드콜OTM / 위험자산한도: 0.7],MOEL_WRBA_RULE_ART10_1_2,근로자퇴직급여 보장법 시행규칙 제10조 제1항 제2호 (위험자산의 범위 및 운용기준 (DC 및 IRP 위험자산 투자한도 70%)),ED_WRBA_ART26_1_2,공식 출처 대조 (증권사·운용사교차검증),삼성자산운용 KODEX 연금투자 공시 [stkTicker: 0005A0 / ivPsbReti: 70%] 및 한국투자증권 공시 [단축코드: 0005A0 / 위험자산한도: 0.7] 100% 교차 일치,2026-09-06,PASS (공식 검증 완료)
0005C0,KR70005C0005,RISE 미국S&P500엔화노출(합성 H),KB자산운용,주식-해외,가능,70% (위험자산),Y,높음,증권사·운용사교차검증,https://securities.koreainvestment.com/pension/nwEtcinfo/Notice.jsp?cmd=A_NW_33030View&num=47520,data/regulatory/sources/brokers/koreainvestment/ETF_REITs_LIST_RP_260831.xlsx,E4,3way,한국투자증권 퇴직연금 ETF 상품 현황(2026-08-31 기준) / RISE 미국S&P500엔화노출(합성 H) / 0005C0 / KB / 퇴직연금 투자한도 0.7,MOEL_WRBA_RULE_ART10_1_2,근로자퇴직급여 보장법 시행규칙 제10조 제1항 제2호 (위험자산의 범위 및 운용기준 (DC 및 IRP 위험자산 투자한도 70%)),ED_WRBA_ART26_1_2,공식 출처 대조 (증권사·운용사교차검증),한국투자증권 퇴직연금 ETF 상품 현황(2026-08-31 기준) 위험자산한도 0.7 대조 및 규제엔진 2자 합치 일치,2026-09-06,PASS (공식 검증 완료)
0005D0,KR70005D0004,SOL 전고체배터리&실리콘음극재,신한자산운용,주식-국내,가능,70% (위험자산),Y,높음,협회공시대조,https://dis.kofia.or.kr/websquare/index.jsp?w2xPath=/wq/fundann/DISFundFeeCMS.xml&divisionId=MDIS01005001000000&serviceId=SDIS01005001000,data/regulatory/sources/kofia_evidence_extract_20260905.xml,E3,1way,신한SOL전고체배터리&amp;실리콘음극재증권상장지수투자신탁[주식] / 펀드유형: 주식형 / 표준코드: K55210EG4402 / 기준일: 20250106,MOEL_WRBA_RULE_ART10_1_2,근로자퇴직급여 보장법 시행규칙 제10조 제1항 제2호 (위험자산의 범위 및 운용기준 (DC 및 IRP 위험자산 투자한도 70%)),ED_WRBA_ART26_1_2,금융투자협회 전자공시서비스(DIS) 표준 펀드유형 '주식형' XML 전수 대조 (시행규칙 제10조제1항제2호 한도 70%),KOFIA 펀드유형: 주식형 (근로자퇴직급여 보장법 시행규칙 제10조 제1항 제2호: 주식형 집합투자증권 위험자산 70% 한도),2026-09-05,PASS (공식 검증 완료)
0005G0,KR70005G0001,IBK K-AI반도체코어테크,IBK자산운용,주식-국내,가능,70% (위험자산),Y,높음,협회공시대조,https://dis.kofia.or.kr/websquare/index.jsp?w2xPath=/wq/fundann/DISFundFeeCMS.xml&divisionId=MDIS01005001000000&serviceId=SDIS01005001000,data/regulatory/sources/kofia_evidence_extract_20260905.xml,E3,1way,IBKIBKK-AI반도체코어테크증권상장지수투자신탁[주식] / 펀드유형: 주식형 / 표준코드: K55234EG3166 / 기준일: 20250120,MOEL_WRBA_RULE_ART10_1_2,근로자퇴직급여 보장법 시행규칙 제10조 제1항 제2호 (위험자산의 범위 및 운용기준 (DC 및 IRP 위험자산 투자한도 70%)),ED_WRBA_ART26_1_2,금융투자협회 전자공시서비스(DIS) 표준 펀드유형 '주식형' XML 전수 대조 (시행규칙 제10조제1항제2호 한도 70%),KOFIA 펀드유형: 주식형 (근로자퇴직급여 보장법 시행규칙 제10조 제1항 제2호: 주식형 집합투자증권 위험자산 70% 한도),2026-09-05,PASS (공식 검증 완료)
0007F0,KR70007F0000,KODEX 27-12 회사채(AA-이상)액티브,삼성자산운용,채권,가능,100% (안전자산),Y,높음,증권사·운용사교차검증,https://dis.kofia.or.kr/websquare/index.jsp?w2xPath=/wq/fundann/DISFundFeeCMS.xml&divisionId=MDIS01005001000000&serviceId=SDIS01005001000,data/regulatory/sources/kofia_evidence_extract_20260905.xml,E3,3way,삼성KODEX27-12회사채(AA-이상)액티브증권상장지수투자신탁[채권] / 펀드유형: 채권형 / 표준코드: K55105EG9086 / 기준일: 20250110,PSR_ART11_1_4,퇴직연금감독규정 제11조 제1항 제4호 (적립금 운용방법 등 (원리금보장 및 채권형 등 100% 안전자산)),,금융감독원 DART 투자설명서 대조 (증권사·운용사교차검증),KOFIA 펀드유형: 채권형 (퇴직연금감독규정 제11조 제1항 제4호: 원리금보장 및 채권형 안전자산 (100% 편입 가능)),2026-09-05,PASS (공식 검증 완료)
0007G0,KR70007G0009,PLUS 글로벌원자력밸류체인,한화자산운용,주식-해외,가능,70% (위험자산),Y,높음,증권사·운용사교차검증,https://dis.kofia.or.kr/websquare/index.jsp?w2xPath=/wq/fundann/DISFundFeeCMS.xml&divisionId=MDIS01005001000000&serviceId=SDIS01005001000,data/regulatory/sources/kofia_evidence_extract_20260905.xml,E3,3way,한화PLUS글로벌원자력밸류체인증권상장지수투자신탁(주식형) / 펀드유형: 주식형 / 표준코드: K55213EG9010 / 기준일: 20250110,MOEL_WRBA_RULE_ART10_1_2,근로자퇴직급여 보장법 시행규칙 제10조 제1항 제2호 (위험자산의 범위 및 운용기준 (DC 및 IRP 위험자산 투자한도 70%)),ED_WRBA_ART26_1_2,공식 출처 대조 (증권사·운용사교차검증),KOFIA 펀드유형: 주식형 (근로자퇴직급여 보장법 시행규칙 제10조 제1항 제2호: 주식형 집합투자증권 위험자산 70% 한도),2026-09-05,PASS (공식 검증 완료)
0007N0,KR70007N0000,아이엠에셋 200,기타,주식-국내,가능,70% (위험자산),Y,높음,협회공시대조,https://dis.kofia.or.kr/websquare/index.jsp?w2xPath=/wq/fundann/DISFundFeeCMS.xml&divisionId=MDIS01005001000000&serviceId=SDIS01005001000,data/regulatory/sources/kofia_evidence_extract_20260905.xml,E3,1way,iM에셋아이엠에셋200증권상장지수투자신탁(주식) / 펀드유형: 주식형 / 표준코드: K55368EH4351 / 기준일: 20250210,MOEL_WRBA_RULE_ART10_1_2,근로자퇴직급여 보장법 시행규칙 제10조 제1항 제2호 (위험자산의 범위 및 운용기준 (DC 및 IRP 위험자산 투자한도 70%)),ED_WRBA_ART26_1_2,금융투자협회 전자공시서비스(DIS) 표준 펀드유형 '주식형' XML 전수 대조 (시행규칙 제10조제1항제2호 한도 70%),KOFIA 펀드유형: 주식형 (근로자퇴직급여 보장법 시행규칙 제10조 제1항 제2호: 주식형 집합투자증권 위험자산 70% 한도),2026-09-05,PASS (공식 검증 완료)
0008E0,KR70008E0000,ACE 미국중심중소형제조업,한국투자신탁운용,주식-해외,가능,70% (위험자산),Y,높음,증권사·운용사교차검증,https://dis.kofia.or.kr/websquare/index.jsp?w2xPath=/wq/fundann/DISFundFeeCMS.xml&divisionId=MDIS01005001000000&serviceId=SDIS01005001000,data/regulatory/sources/kofia_evidence_extract_20260905.xml,E3,3way,한국투자ACE미국중심중소형제조업증권상장지수투자신탁(주식) / 펀드유형: 주식형 / 표준코드: K55101EH5038 / 기준일: 20250117,MOEL_WRBA_RULE_ART10_1_2,근로자퇴직급여 보장법 시행규칙 제10조 제1항 제2호 (위험자산의 범위 및 운용기준 (DC 및 IRP 위험자산 투자한도 70%)),ED_WRBA_ART26_1_2,공식 출처 대조 (증권사·운용사교차검증),KOFIA 펀드유형: 주식형 (근로자퇴직급여 보장법 시행규칙 제10조 제1항 제2호: 주식형 집합투자증권 위험자산 70% 한도),2026-09-05,PASS (공식 검증 완료)
0008S0,KR70008S0004,TIGER 미국배당다우존스타겟데일리커버드콜,미래에셋자산운용,주식-해외,가능,70% (위험자산),Y,높음,증권사·운용사교차검증,https://dis.kofia.or.kr/websquare/index.jsp?w2xPath=/wq/fundann/DISFundFeeCMS.xml&divisionId=MDIS01005001000000&serviceId=SDIS01005001000,data/regulatory/sources/kofia_evidence_extract_20260905.xml,E3,3way,미래에셋TIGER미국배당다우존스타겟데일리커버드콜증권상장지수투자신탁(주식) / 펀드유형: 주식형 / 표준코드: K55301EG7256 / 기준일: 20250117,MOEL_WRBA_RULE_ART10_1_2,근로자퇴직급여 보장법 시행규칙 제10조 제1항 제2호 (위험자산의 범위 및 운용기준 (DC 및 IRP 위험자산 투자한도 70%)),ED_WRBA_ART26_1_2,공식 출처 대조 (증권사·운용사교차검증),KOFIA 펀드유형: 주식형 (근로자퇴직급여 보장법 시행규칙 제10조 제1항 제2호: 주식형 집합투자증권 위험자산 70% 한도),2026-09-05,PASS (공식 검증 완료)
0008T0,KR70008T0003,SOL 화장품TOP3플러스,신한자산운용,주식-국내,가능,70% (위험자산),Y,높음,협회공시대조,https://dis.kofia.or.kr/websquare/index.jsp?w2xPath=/wq/fundann/DISFundFeeCMS.xml&divisionId=MDIS01005001000000&serviceId=SDIS01005001000,data/regulatory/sources/kofia_evidence_extract_20260905.xml,E3,1way,신한SOL화장품TOP3플러스증권상장지수투자신탁[주식] / 펀드유형: 주식형 / 표준코드: K55210EG9039 / 기준일: 20250120,MOEL_WRBA_RULE_ART10_1_2,근로자퇴직급여 보장법 시행규칙 제10조 제1항 제2호 (위험자산의 범위 및 운용기준 (DC 및 IRP 위험자산 투자한도 70%)),ED_WRBA_ART26_1_2,금융투자협회 전자공시서비스(DIS) 표준 펀드유형 '주식형' XML 전수 대조 (시행규칙 제10조제1항제2호 한도 70%),KOFIA 펀드유형: 주식형 (근로자퇴직급여 보장법 시행규칙 제10조 제1항 제2호: 주식형 집합투자증권 위험자산 70% 한도),2026-09-05,PASS (공식 검증 완료)
0013P0,KR70013P0000,RISE 미국은행TOP10,KB자산운용,주식-해외,가능,70% (위험자산),Y,높음,증권사·운용사교차검증,https://dis.kofia.or.kr/websquare/index.jsp?w2xPath=/wq/fundann/DISFundFeeCMS.xml&divisionId=MDIS01005001000000&serviceId=SDIS01005001000,data/regulatory/sources/kofia_evidence_extract_20260905.xml,E3,3way,KBRISE미국은행TOP10증권상장지수투자신탁(주식) / 펀드유형: 주식형 / 표준코드: K55223EH4240 / 기준일: 20250214,MOEL_WRBA_RULE_ART10_1_2,근로자퇴직급여 보장법 시행규칙 제10조 제1항 제2호 (위험자산의 범위 및 운용기준 (DC 및 IRP 위험자산 투자한도 70%)),ED_WRBA_ART26_1_2,공식 출처 대조 (증권사·운용사교차검증),KOFIA 펀드유형: 주식형 (근로자퇴직급여 보장법 시행규칙 제10조 제1항 제2호: 주식형 집합투자증권 위험자산 70% 한도),2026-09-05,PASS (공식 검증 완료)
0013R0,KR70013R0008,RISE 테슬라미국채타겟커버드콜혼합(합성),KB자산운용,채권,가능,100% (안전자산),Y,높음,증권사목록대조,https://securities.koreainvestment.com/pension/nwEtcinfo/Notice.jsp?cmd=A_NW_33030View&num=47520,data/regulatory/sources/brokers/koreainvestment/ETF_REITs_LIST_RP_260831.xlsx,E4,2way,한국투자증권 퇴직연금 ETF 상품 현황(2026-08-31 기준) / RISE 테슬라미국채타겟커버드콜혼합(합성) / 0013R0 / KB / 퇴직연금 투자한도 1,PSR_ART11_1_5,퇴직연금감독규정 제11조 제1항 제5호 (적립금 운용방법 등 (주식 50% 미만 채권혼합형 100% 안전자산)),PSR_ART9_1_2,판매사 퇴직연금 매매가능 유니버스 및 1배수 파생평가액 대조 (증권사목록대조),한국투자증권 퇴직연금 ETF 상품 현황(2026-08-31 기준) 위험자산한도 1 대조 및 규제엔진 2자 합치 일치,2026-09-06,PASS (공식 검증 완료)
0015B0,KR70015B0004,KoAct 미국나스닥성장기업액티브,기타,주식-해외,가능,70% (위험자산),Y,높음,협회공시대조,https://dis.kofia.or.kr/websquare/index.jsp?w2xPath=/wq/fundann/DISFundFeeCMS.xml&divisionId=MDIS01005001000000&serviceId=SDIS01005001000,data/regulatory/sources/kofia_evidence_extract_20260905.xml,E3,1way,삼성액티브KoAct미국나스닥성장기업액티브증권상장지수투자신탁[주식] / 펀드유형: 주식형 / 표준코드: K553N9EH5654 / 기준일: 20250221,MOEL_WRBA_RULE_ART10_1_2,근로자퇴직급여 보장법 시행규칙 제10조 제1항 제2호 (위험자산의 범위 및 운용기준 (DC 및 IRP 위험자산 투자한도 70%)),ED_WRBA_ART26_1_2,금융투자협회 전자공시서비스(DIS) 표준 펀드유형 '주식형' XML 전수 대조 (시행규칙 제10조제1항제2호 한도 70%),KOFIA 펀드유형: 주식형 (근로자퇴직급여 보장법 시행규칙 제10조 제1항 제2호: 주식형 집합투자증권 위험자산 70% 한도),2026-09-05,PASS (공식 검증 완료)
0015E0,KR70015E0001,KIWOOM 엔비디아미국30년국채혼합액티브(H),키움투자자산운용,채권,가능,100% (안전자산),Y,높음,협회공시대조,https://dis.kofia.or.kr/websquare/index.jsp?w2xPath=/wq/fundann/DISFundFeeCMS.xml&divisionId=MDIS01005001000000&serviceId=SDIS01005001000,data/regulatory/sources/kofia_evidence_extract_20260905.xml,E3,1way,키움KIWOOM엔비디아미국30년국채혼합액티브증권상장지수투자신탁[채권혼합](H) / 펀드유형: 혼합채권형 / 표준코드: K55206EI0479 / 기준일: 20250207,PSR_ART11_1_5,퇴직연금감독규정 제11조 제1항 제5호 (적립금 운용방법 등 (주식 50% 미만 채권혼합형 100% 안전자산)),,금융투자협회 전자공시(DIS) 표준 펀드유형 '혼합채권형' XML 대조 (약관상 주식 50% 미만 퇴직연금감독규정 제11조제1항제5호),KOFIA 펀드유형: 혼합채권형 (퇴직연금감독규정 제11조 제1항 제5호: 약관상 주식 투자한도 50% 미만 혼합채권형 안전자산 100% 한도),2026-09-05,PASS (공식 검증 완료)
0015F0,KR70015F0000,KIWOOM 팔란티어미국30년국채혼합액티브(H),키움투자자산운용,채권,가능,100% (안전자산),Y,높음,협회공시대조,https://dis.kofia.or.kr/websquare/index.jsp?w2xPath=/wq/fundann/DISFundFeeCMS.xml&divisionId=MDIS01005001000000&serviceId=SDIS01005001000,data/regulatory/sources/kofia_evidence_extract_20260905.xml,E3,1way,키움KIWOOM팔란티어미국30년국채혼합액티브증권상장지수투자신탁[채권혼합](H) / 펀드유형: 혼합채권형 / 표준코드: K55206EI0487 / 기준일: 20250207,PSR_ART11_1_5,퇴직연금감독규정 제11조 제1항 제5호 (적립금 운용방법 등 (주식 50% 미만 채권혼합형 100% 안전자산)),,금융투자협회 전자공시(DIS) 표준 펀드유형 '혼합채권형' XML 대조 (약관상 주식 50% 미만 퇴직연금감독규정 제11조제1항제5호),KOFIA 펀드유형: 혼합채권형 (퇴직연금감독규정 제11조 제1항 제5호: 약관상 주식 투자한도 50% 미만 혼합채권형 안전자산 100% 한도),2026-09-05,PASS (공식 검증 완료)
0015K0,KR70015K0003,TIGER 미국소비트렌드액티브,미래에셋자산운용,주식-해외,가능,70% (위험자산),Y,높음,증권사·운용사교차검증,https://dis.kofia.or.kr/websquare/index.jsp?w2xPath=/wq/fundann/DISFundFeeCMS.xml&divisionId=MDIS01005001000000&serviceId=SDIS01005001000,data/regulatory/sources/kofia_evidence_extract_20260905.xml,E3,3way,미래에셋TIGER미국소비트렌드액티브증권상장지수투자신탁(주식) / 펀드유형: 주식형 / 표준코드: K55301EH0516 / 기준일: 20250214,MOEL_WRBA_RULE_ART10_1_2,근로자퇴직급여 보장법 시행규칙 제10조 제1항 제2호 (위험자산의 범위 및 운용기준 (DC 및 IRP 위험자산 투자한도 70%)),ED_WRBA_ART26_1_2,공식 출처 대조 (증권사·운용사교차검증),KOFIA 펀드유형: 주식형 (근로자퇴직급여 보장법 시행규칙 제10조 제1항 제2호: 주식형 집합투자증권 위험자산 70% 한도),2026-09-05,PASS (공식 검증 완료)
0016X0,KR70016X0007,SOL 중단기회사채(A-이상)액티브,신한자산운용,채권,가능,100% (안전자산),Y,높음,협회공시대조,https://dis.kofia.or.kr/websquare/index.jsp?w2xPath=/wq/fundann/DISFundFeeCMS.xml&divisionId=MDIS01005001000000&serviceId=SDIS01005001000,data/regulatory/sources/kofia_evidence_extract_20260905.xml,E3,1way,신한SOL중단기회사채(A-이상)액티브증권상장지수투자신탁[채권] / 펀드유형: 채권형 / 표준코드: K55210EH5770 / 기준일: 20250217,PSR_ART11_1_4,퇴직연금감독규정 제11조 제1항 제4호 (적립금 운용방법 등 (원리금보장 및 채권형 등 100% 안전자산)),,금융투자협회 전자공시서비스(DIS) 표준 펀드유형 '채권형' XML 전수 대조,KOFIA 펀드유형: 채권형 (퇴직연금감독규정 제11조 제1항 제4호: 원리금보장 및 채권형 안전자산 (100% 편입 가능)),2026-09-05,PASS (공식 검증 완료)
0017Y0,KR70017Y0005,1Q 종합채권(AA-이상)액티브,하나자산운용,채권,가능,100% (안전자산),Y,높음,협회공시대조,https://dis.kofia.or.kr/websquare/index.jsp?w2xPath=/wq/fundann/DISFundFeeCMS.xml&divisionId=MDIS01005001000000&serviceId=SDIS01005001000,data/regulatory/sources/kofia_evidence_extract_20260905.xml,E3,1way,하나1Q종합채권(AA-이상)액티브증권상장지수투자신탁[채권] / 펀드유형: 채권형 / 표준코드: K55102EI0573 / 기준일: 20250224,PSR_ART11_1_4,퇴직연금감독규정 제11조 제1항 제4호 (적립금 운용방법 등 (원리금보장 및 채권형 등 100% 안전자산)),,금융투자협회 전자공시서비스(DIS) 표준 펀드유형 '채권형' XML 전수 대조,KOFIA 펀드유형: 채권형 (퇴직연금감독규정 제11조 제1항 제4호: 원리금보장 및 채권형 안전자산 (100% 편입 가능)),2026-09-05,PASS (공식 검증 완료)
0018C0,KR70018C0000,PLUS 고배당주위클리고정커버드콜,한화자산운용,주식-국내,가능,70% (위험자산),Y,높음,증권사·운용사교차검증,https://securities.koreainvestment.com/pension/nwEtcinfo/Notice.jsp?cmd=A_NW_33030View&num=47520,data/regulatory/sources/brokers/koreainvestment/ETF_REITs_LIST_RP_260831.xlsx,E4,3way,한국투자증권 퇴직연금 ETF 상품 현황(2026-08-31 기준) / PLUS 고배당주위클리고정커버드콜 / 0018C0 / 한화 / 퇴직연금 투자한도 0.7,MOEL_WRBA_RULE_ART10_1_2,근로자퇴직급여 보장법 시행규칙 제10조 제1항 제2호 (위험자산의 범위 및 운용기준 (DC 및 IRP 위험자산 투자한도 70%)),ED_WRBA_ART26_1_2,공식 출처 대조 (증권사·운용사교차검증),한국투자증권 퇴직연금 ETF 상품 현황(2026-08-31 기준) 위험자산한도 0.7 대조 및 규제엔진 2자 합치 일치,2026-09-06,PASS (공식 검증 완료)
0018Z0,KR70018Z0003,RISE 미국양자컴퓨팅,KB자산운용,주식-해외,가능,70% (위험자산),Y,높음,증권사·운용사교차검증,https://dis.kofia.or.kr/websquare/index.jsp?w2xPath=/wq/fundann/DISFundFeeCMS.xml&divisionId=MDIS01005001000000&serviceId=SDIS01005001000,data/regulatory/sources/kofia_evidence_extract_20260905.xml,E3,3way,KBRISE미국양자컴퓨팅증권상장지수투자신탁(주식) / 펀드유형: 주식형 / 표준코드: K55223EI0494 / 기준일: 20250307,MOEL_WRBA_RULE_ART10_1_2,근로자퇴직급여 보장법 시행규칙 제10조 제1항 제2호 (위험자산의 범위 및 운용기준 (DC 및 IRP 위험자산 투자한도 70%)),ED_WRBA_ART26_1_2,공식 출처 대조 (증권사·운용사교차검증),KOFIA 펀드유형: 주식형 (근로자퇴직급여 보장법 시행규칙 제10조 제1항 제2호: 주식형 집합투자증권 위험자산 70% 한도),2026-09-05,PASS (공식 검증 완료)
0019K0,KR70019K0009,TIME 미국나스닥100채권혼합50액티브,타임폴리오자산운용,채권,가능,100% (안전자산),Y,높음,협회공시대조,https://dis.kofia.or.kr/websquare/index.jsp?w2xPath=/wq/fundann/DISFundFeeCMS.xml&divisionId=MDIS01005001000000&serviceId=SDIS01005001000,data/regulatory/sources/kofia_evidence_extract_20260905.xml,E3,1way,타임폴리오TIME미국나스닥100채권혼합50액티브증권상장지수투자신탁(채권혼합) / 펀드유형: 혼합채권형 / 표준코드: K553J1EI5410 / 기준일: 20250324,PSR_ART11_1_5,퇴직연금감독규정 제11조 제1항 제5호 (적립금 운용방법 등 (주식 50% 미만 채권혼합형 100% 안전자산)),,금융투자협회 전자공시(DIS) 표준 펀드유형 '혼합채권형' XML 대조 (약관상 주식 50% 미만 퇴직연금감독규정 제11조제1항제5호),KOFIA 펀드유형: 혼합채권형 (퇴직연금감독규정 제11조 제1항 제5호: 약관상 주식 투자한도 50% 미만 혼합채권형 안전자산 100% 한도),2026-09-05,PASS (공식 검증 완료)
0020H0,KR70020H0001,KoAct 글로벌양자컴퓨팅액티브,기타,주식-해외,가능,70% (위험자산),Y,높음,협회공시대조,https://dis.kofia.or.kr/websquare/index.jsp?w2xPath=/wq/fundann/DISFundFeeCMS.xml&divisionId=MDIS01005001000000&serviceId=SDIS01005001000,data/regulatory/sources/kofia_evidence_extract_20260905.xml,E3,1way,삼성액티브KoAct글로벌양자컴퓨팅액티브증권상장지수투자신탁[주식] / 펀드유형: 주식형 / 표준코드: K553N9EH9532 / 기준일: 20250307,MOEL_WRBA_RULE_ART10_1_2,근로자퇴직급여 보장법 시행규칙 제10조 제1항 제2호 (위험자산의 범위 및 운용기준 (DC 및 IRP 위험자산 투자한도 70%)),ED_WRBA_ART26_1_2,금융투자협회 전자공시서비스(DIS) 표준 펀드유형 '주식형' XML 전수 대조 (시행규칙 제10조제1항제2호 한도 70%),KOFIA 펀드유형: 주식형 (근로자퇴직급여 보장법 시행규칙 제10조 제1항 제2호: 주식형 집합투자증권 위험자산 70% 한도),2026-09-05,PASS (공식 검증 완료)
0022T0,KR70022T0005,SOL 국제금커버드콜액티브,신한자산운용,원자재,가능,70% (위험자산),Y,높음,증권사목록대조,https://securities.koreainvestment.com/pension/nwEtcinfo/Notice.jsp?cmd=A_NW_33030View&num=47520,data/regulatory/sources/brokers/koreainvestment/ETF_REITs_LIST_RP_260831.xlsx,E4,2way,한국투자증권 퇴직연금 ETF 상품 현황(2026-08-31 기준) / SOL 국제금커버드콜액티브 / 0022T0 / 신한 / 퇴직연금 투자한도 0.7,MOEL_WRBA_RULE_ART10_1_2,근로자퇴직급여 보장법 시행규칙 제10조 제1항 제2호 (위험자산의 범위 및 운용기준 (DC 및 IRP 위험자산 투자한도 70%)),ED_WRBA_ART26_1_2,판매사 퇴직연금 매매가능 유니버스 및 위험자산 70% 대조 (증권사목록대조),한국투자증권 퇴직연금 ETF 상품 현황(2026-08-31 기준) 위험자산한도 0.7 대조 및 규제엔진 2자 합치 일치,2026-09-06,PASS (공식 검증 완료)
0023A0,KR70023A0005,SOL 미국양자컴퓨팅TOP10,신한자산운용,주식-해외,가능,70% (위험자산),Y,높음,협회공시대조,https://dis.kofia.or.kr/websquare/index.jsp?w2xPath=/wq/fundann/DISFundFeeCMS.xml&divisionId=MDIS01005001000000&serviceId=SDIS01005001000,data/regulatory/sources/kofia_evidence_extract_20260905.xml,E3,1way,신한SOL미국양자컴퓨팅TOP10증권상장지수투자신탁[주식] / 펀드유형: 주식형 / 표준코드: K55210EE4925 / 기준일: 20250307,MOEL_WRBA_RULE_ART10_1_2,근로자퇴직급여 보장법 시행규칙 제10조 제1항 제2호 (위험자산의 범위 및 운용기준 (DC 및 IRP 위험자산 투자한도 70%)),ED_WRBA_ART26_1_2,금융투자협회 전자공시서비스(DIS) 표준 펀드유형 '주식형' XML 전수 대조 (시행규칙 제10조제1항제2호 한도 70%),KOFIA 펀드유형: 주식형 (근로자퇴직급여 보장법 시행규칙 제10조 제1항 제2호: 주식형 집합투자증권 위험자산 70% 한도),2026-09-05,PASS (공식 검증 완료)
0023B0,KR70023B0004,PLUS 미국양자컴퓨팅TOP10,한화자산운용,주식-해외,가능,70% (위험자산),Y,높음,증권사·운용사교차검증,https://dis.kofia.or.kr/websquare/index.jsp?w2xPath=/wq/fundann/DISFundFeeCMS.xml&divisionId=MDIS01005001000000&serviceId=SDIS01005001000,data/regulatory/sources/kofia_evidence_extract_20260905.xml,E3,3way,한화PLUS미국양자컴퓨팅TOP10증권상장지수투자신탁(주식) / 펀드유형: 주식형 / 표준코드: K55213EI2682 / 기준일: 20250307,MOEL_WRBA_RULE_ART10_1_2,근로자퇴직급여 보장법 시행규칙 제10조 제1항 제2호 (위험자산의 범위 및 운용기준 (DC 및 IRP 위험자산 투자한도 70%)),ED_WRBA_ART26_1_2,공식 출처 대조 (증권사·운용사교차검증),KOFIA 펀드유형: 주식형 (근로자퇴직급여 보장법 시행규칙 제10조 제1항 제2호: 주식형 집합투자증권 위험자산 70% 한도),2026-09-05,PASS (공식 검증 완료)
0025N0,KR70025N0008,TIGER TDF2045 적격,미래에셋자산운용,혼합·자산배분,가능,100% (안전자산),Y,높음,증권사·운용사교차검증,https://www.law.go.kr/LSW/admRulInfoP.do?admRulSeq=2200000108661,data/regulatory/sources/statutes/퇴직연금감독규정시행세칙_20260905.txt,E1B,3way,"TIGER TDF2045: 목표시점 2045년, 초기 주식한도 79% -> 2040년부터 연 1%p 축소, 목표시점 이후 채무/현금 60% 이상 글라이드패스 운용계획 공시 확인 (시행세칙 제5조의2 충족)",PSR_ART11_1_9,퇴직연금감독규정 제11조 제1항 제9호 (적립금 운용방법 등 (적격 TDF 100% 안전자산)),FSS_PSR_RULE_ART5_2,퇴직연금감독규정 제11조제1항제9호 및 동 시행세칙 제5조의2 적격 TDF 요건 대조,적격 TDF 안전자산 100% (퇴직연금감독규정 제11조 제1항 제9호 및 동 시행세칙 제5조의2 충족),2026-09-05,PASS (공식 검증 완료)
0026E0,KR70026E0008,KODEX 미국S&P500버퍼3월액티브,삼성자산운용,주식-해외,가능,70% (위험자산),Y,높음,증권사·운용사교차검증,https://securities.koreainvestment.com/pension/nwEtcinfo/Notice.jsp?cmd=A_NW_33030View&num=47520,data/regulatory/sources/brokers/koreainvestment/ETF_REITs_LIST_RP_260831.xlsx,E4,3way,삼성자산운용 KODEX 공시 [0026E0 / KODEX 미국S&P500 버퍼 3월 액티브 / ivPsbReti: 70%] & 한국투자증권 공시 [0026E0 / KODEX 미국S&P500버퍼3월액티브 / 위험자산한도: 0.7],MOEL_WRBA_RULE_ART10_1_2,근로자퇴직급여 보장법 시행규칙 제10조 제1항 제2호 (위험자산의 범위 및 운용기준 (DC 및 IRP 위험자산 투자한도 70%)),ED_WRBA_ART26_1_2,공식 출처 대조 (증권사·운용사교차검증),삼성자산운용 KODEX 연금투자 공시 [stkTicker: 0026E0 / ivPsbReti: 70%] 및 한국투자증권 공시 [단축코드: 0026E0 / 위험자산한도: 0.7] 100% 교차 일치,2026-09-06,PASS (공식 검증 완료)
0026S0,KR70026S0002,1Q 미국S&P500,하나자산운용,주식-해외,가능,70% (위험자산),Y,높음,협회공시대조,https://dis.kofia.or.kr/websquare/index.jsp?w2xPath=/wq/fundann/DISFundFeeCMS.xml&divisionId=MDIS01005001000000&serviceId=SDIS01005001000,data/regulatory/sources/kofia_evidence_extract_20260905.xml,E3,1way,하나1Q미국S&amp;P500증권상장지수투자신탁[주식] / 펀드유형: 주식형 / 표준코드: K55102EI0342 / 기준일: 20250314,MOEL_WRBA_RULE_ART10_1_2,근로자퇴직급여 보장법 시행규칙 제10조 제1항 제2호 (위험자산의 범위 및 운용기준 (DC 및 IRP 위험자산 투자한도 70%)),ED_WRBA_ART26_1_2,금융투자협회 전자공시서비스(DIS) 표준 펀드유형 '주식형' XML 전수 대조 (시행규칙 제10조제1항제2호 한도 70%),KOFIA 펀드유형: 주식형 (근로자퇴직급여 보장법 시행규칙 제10조 제1항 제2호: 주식형 집합투자증권 위험자산 70% 한도),2026-09-05,PASS (공식 검증 완료)
0028X0,KR70028X0003,KODEX 미국금융테크액티브,삼성자산운용,주식-해외,가능,70% (위험자산),Y,높음,증권사·운용사교차검증,https://dis.kofia.or.kr/websquare/index.jsp?w2xPath=/wq/fundann/DISFundFeeCMS.xml&divisionId=MDIS01005001000000&serviceId=SDIS01005001000,data/regulatory/sources/kofia_evidence_extract_20260905.xml,E3,3way,삼성KODEX미국금융테크액티브증권상장지수투자신탁[주식] / 펀드유형: 주식형 / 표준코드: K55105EI2691 / 기준일: 20250522,MOEL_WRBA_RULE_ART10_1_2,근로자퇴직급여 보장법 시행규칙 제10조 제1항 제2호 (위험자산의 범위 및 운용기준 (DC 및 IRP 위험자산 투자한도 70%)),ED_WRBA_ART26_1_2,공식 출처 대조 (증권사·운용사교차검증),KOFIA 펀드유형: 주식형 (근로자퇴직급여 보장법 시행규칙 제10조 제1항 제2호: 주식형 집합투자증권 위험자산 70% 한도),2026-09-05,PASS (공식 검증 완료)
0035T0,KR70035T0000,PLUS 글로벌휴머노이드로봇액티브,한화자산운용,주식-해외,가능,70% (위험자산),Y,높음,증권사·운용사교차검증,https://dis.kofia.or.kr/websquare/index.jsp?w2xPath=/wq/fundann/DISFundFeeCMS.xml&divisionId=MDIS01005001000000&serviceId=SDIS01005001000,data/regulatory/sources/kofia_evidence_extract_20260905.xml,E3,3way,한화PLUS글로벌휴머노이드로봇액티브증권상장지수투자신탁(주식) / 펀드유형: 주식형 / 표준코드: K55213EJ0693 / 기준일: 20250411,MOEL_WRBA_RULE_ART10_1_2,근로자퇴직급여 보장법 시행규칙 제10조 제1항 제2호 (위험자산의 범위 및 운용기준 (DC 및 IRP 위험자산 투자한도 70%)),ED_WRBA_ART26_1_2,공식 출처 대조 (증권사·운용사교차검증),KOFIA 펀드유형: 주식형 (근로자퇴직급여 보장법 시행규칙 제10조 제1항 제2호: 주식형 집합투자증권 위험자산 70% 한도),2026-09-05,PASS (공식 검증 완료)
0036R0,KR70036R0001,RISE 미국휴머노이드로봇,KB자산운용,주식-해외,가능,70% (위험자산),Y,높음,증권사·운용사교차검증,https://dis.kofia.or.kr/websquare/index.jsp?w2xPath=/wq/fundann/DISFundFeeCMS.xml&divisionId=MDIS01005001000000&serviceId=SDIS01005001000,data/regulatory/sources/kofia_evidence_extract_20260905.xml,E3,3way,KBRISE미국휴머노이드로봇증권상장지수투자신탁(주식) / 펀드유형: 주식형 / 표준코드: K55223EJ0170 / 기준일: 20250411,MOEL_WRBA_RULE_ART10_1_2,근로자퇴직급여 보장법 시행규칙 제10조 제1항 제2호 (위험자산의 범위 및 운용기준 (DC 및 IRP 위험자산 투자한도 70%)),ED_WRBA_ART26_1_2,공식 출처 대조 (증권사·운용사교차검증),KOFIA 펀드유형: 주식형 (근로자퇴직급여 보장법 시행규칙 제10조 제1항 제2호: 주식형 집합투자증권 위험자산 70% 한도),2026-09-05,PASS (공식 검증 완료)
0036Z0,KR70036Z0001,RISE 미국천연가스밸류체인,KB자산운용,주식-해외,가능,70% (위험자산),Y,높음,증권사·운용사교차검증,https://dis.kofia.or.kr/websquare/index.jsp?w2xPath=/wq/fundann/DISFundFeeCMS.xml&divisionId=MDIS01005001000000&serviceId=SDIS01005001000,data/regulatory/sources/kofia_evidence_extract_20260905.xml,E3,3way,KBRISE미국천연가스밸류체인증권상장지수투자신탁(주식) / 펀드유형: 주식형 / 표준코드: K55223EJ0162 / 기준일: 20250417,MOEL_WRBA_RULE_ART10_1_2,근로자퇴직급여 보장법 시행규칙 제10조 제1항 제2호 (위험자산의 범위 및 운용기준 (DC 및 IRP 위험자산 투자한도 70%)),ED_WRBA_ART26_1_2,공식 출처 대조 (증권사·운용사교차검증),KOFIA 펀드유형: 주식형 (근로자퇴직급여 보장법 시행규칙 제10조 제1항 제2호: 주식형 집합투자증권 위험자산 70% 한도),2026-09-05,PASS (공식 검증 완료)
0038A0,KR70038A0008,KODEX 미국휴머노이드로봇,삼성자산운용,주식-해외,가능,70% (위험자산),Y,높음,증권사·운용사교차검증,https://dis.kofia.or.kr/websquare/index.jsp?w2xPath=/wq/fundann/DISFundFeeCMS.xml&divisionId=MDIS01005001000000&serviceId=SDIS01005001000,data/regulatory/sources/kofia_evidence_extract_20260905.xml,E3,3way,삼성KODEX미국휴머노이드로봇증권상장지수투자신탁[주식] / 펀드유형: 주식형 / 표준코드: K55105EI8383 / 기준일: 20250411,MOEL_WRBA_RULE_ART10_1_2,근로자퇴직급여 보장법 시행규칙 제10조 제1항 제2호 (위험자산의 범위 및 운용기준 (DC 및 IRP 위험자산 투자한도 70%)),ED_WRBA_ART26_1_2,공식 출처 대조 (증권사·운용사교차검증),KOFIA 펀드유형: 주식형 (근로자퇴직급여 보장법 시행규칙 제10조 제1항 제2호: 주식형 집합투자증권 위험자산 70% 한도),2026-09-05,PASS (공식 검증 완료)
0040S0,KR70040S0004,HANARO 글로벌피지컬AI액티브,NH-Amundi자산운용,주식-해외,가능,70% (위험자산),Y,높음,협회공시대조,https://dis.kofia.or.kr/websquare/index.jsp?w2xPath=/wq/fundann/DISFundFeeCMS.xml&divisionId=MDIS01005001000000&serviceId=SDIS01005001000,data/regulatory/sources/kofia_evidence_extract_20260905.xml,E3,1way,NH-AmundiHANARO글로벌피지컬AI액티브증권상장지수투자신탁(주식) / 펀드유형: 주식형 / 표준코드: K55232EK0689 / 기준일: 20250417,MOEL_WRBA_RULE_ART10_1_2,근로자퇴직급여 보장법 시행규칙 제10조 제1항 제2호 (위험자산의 범위 및 운용기준 (DC 및 IRP 위험자산 투자한도 70%)),ED_WRBA_ART26_1_2,금융투자협회 전자공시서비스(DIS) 표준 펀드유형 '주식형' XML 전수 대조 (시행규칙 제10조제1항제2호 한도 70%),KOFIA 펀드유형: 주식형 (근로자퇴직급여 보장법 시행규칙 제10조 제1항 제2호: 주식형 집합투자증권 위험자산 70% 한도),2026-09-05,PASS (공식 검증 완료)
0040X0,KR70040X0007,SOL 팔란티어미국채커버드콜혼합,신한자산운용,채권,가능,100% (안전자산),Y,높음,증권사목록대조,https://securities.koreainvestment.com/pension/nwEtcinfo/Notice.jsp?cmd=A_NW_33030View&num=47520,data/regulatory/sources/brokers/koreainvestment/ETF_REITs_LIST_RP_260831.xlsx,E4,2way,한국투자증권 퇴직연금 ETF 상품 현황(2026-08-31 기준) / SOL 팔란티어미국채커버드콜혼합 / 0040X0 / 신한 / 퇴직연금 투자한도 1,PSR_ART11_1_4,퇴직연금감독규정 제11조 제1항 제4호 (적립금 운용방법 등 (원리금보장 및 채권형 등 100% 안전자산)),,판매사 퇴직연금 매매가능 유니버스 대조 (증권사목록대조),한국투자증권 퇴직연금 ETF 상품 현황(2026-08-31 기준) 위험자산한도 1 대조 및 규제엔진 2자 합치 일치,2026-09-06,PASS (공식 검증 완료)
0040Y0,KR70040Y0006,SOL 팔란티어커버드콜OTM채권혼합,신한자산운용,채권,가능,100% (안전자산),Y,높음,증권사목록대조,https://securities.koreainvestment.com/pension/nwEtcinfo/Notice.jsp?cmd=A_NW_33030View&num=47520,data/regulatory/sources/brokers/koreainvestment/ETF_REITs_LIST_RP_260831.xlsx,E4,2way,한국투자증권 퇴직연금 ETF 상품 현황(2026-08-31 기준) / SOL 팔란티어커버드콜OTM채권혼합 / 0040Y0 / 신한 / 퇴직연금 투자한도 1,PSR_ART11_1_5,퇴직연금감독규정 제11조 제1항 제5호 (적립금 운용방법 등 (주식 50% 미만 채권혼합형 100% 안전자산)),,판매사 퇴직연금 매매가능 유니버스 및 주식한도 대조 (증권사목록대조),한국투자증권 퇴직연금 ETF 상품 현황(2026-08-31 기준) 위험자산한도 1 대조 및 규제엔진 2자 합치 일치,2026-09-06,PASS (공식 검증 완료)
0041D0,KR70041D0000,KODEX 미국AI소프트웨어TOP10,삼성자산운용,주식-해외,가능,70% (위험자산),Y,높음,증권사·운용사교차검증,https://dis.kofia.or.kr/websquare/index.jsp?w2xPath=/wq/fundann/DISFundFeeCMS.xml&divisionId=MDIS01005001000000&serviceId=SDIS01005001000,data/regulatory/sources/kofia_evidence_extract_20260905.xml,E3,3way,삼성KODEX미국AI소프트웨어TOP10증권상장지수투자신탁[주식] / 펀드유형: 주식형 / 표준코드: K55105EH7642 / 기준일: 20250417,MOEL_WRBA_RULE_ART10_1_2,근로자퇴직급여 보장법 시행규칙 제10조 제1항 제2호 (위험자산의 범위 및 운용기준 (DC 및 IRP 위험자산 투자한도 70%)),ED_WRBA_ART26_1_2,공식 출처 대조 (증권사·운용사교차검증),KOFIA 펀드유형: 주식형 (근로자퇴직급여 보장법 시행규칙 제10조 제1항 제2호: 주식형 집합투자증권 위험자산 70% 한도),2026-09-05,PASS (공식 검증 완료)
0041E0,KR70041E0009,KODEX 미국S&P500액티브,삼성자산운용,주식-해외,가능,70% (위험자산),Y,높음,증권사·운용사교차검증,https://dis.kofia.or.kr/websquare/index.jsp?w2xPath=/wq/fundann/DISFundFeeCMS.xml&divisionId=MDIS01005001000000&serviceId=SDIS01005001000,data/regulatory/sources/kofia_evidence_extract_20260905.xml,E3,3way,삼성KODEX미국S&amp;P500액티브증권상장지수투자신탁[주식] / 펀드유형: 주식형 / 표준코드: K55105EJ6188 / 기준일: 20250417,MOEL_WRBA_RULE_ART10_1_2,근로자퇴직급여 보장법 시행규칙 제10조 제1항 제2호 (위험자산의 범위 및 운용기준 (DC 및 IRP 위험자산 투자한도 70%)),ED_WRBA_ART26_1_2,공식 출처 대조 (증권사·운용사교차검증),KOFIA 펀드유형: 주식형 (근로자퇴직급여 보장법 시행규칙 제10조 제1항 제2호: 주식형 집합투자증권 위험자산 70% 한도),2026-09-05,PASS (공식 검증 완료)
0043B0,KR70043B0000,TIGER 머니마켓액티브,미래에셋자산운용,금리·파킹,가능,100% (안전자산),Y,높음,증권사·운용사교차검증,https://dis.kofia.or.kr/websquare/index.jsp?w2xPath=/wq/fundann/DISFundFeeCMS.xml&divisionId=MDIS01005001000000&serviceId=SDIS01005001000,data/regulatory/sources/kofia_evidence_extract_20260905.xml,E3,3way,미래에셋TIGER머니마켓액티브증권상장지수투자신탁(채권) / 펀드유형: 채권형 / 표준코드: K55301EI2420 / 기준일: 20250416,PSR_ART11_1_5,퇴직연금감독규정 제11조 제1항 제5호 (적립금 운용방법 등 (주식 50% 미만 채권혼합형 100% 안전자산)),PSR_ART9_1_2,금융감독원 DART 투자설명서 1배수 파생평가액 한도 및 주식한도 대조 (증권사·운용사교차검증),KOFIA 펀드유형: 채권형 (퇴직연금감독규정 제11조 제1항 제4호: 원리금보장 및 채권형 안전자산 (100% 편입 가능)),2026-09-05,PASS (공식 검증 완료)
0043Y0,KR70043Y0003,TIME 차이나AI테크액티브,타임폴리오자산운용,주식-해외,가능,70% (위험자산),Y,높음,협회공시대조,https://dis.kofia.or.kr/websquare/index.jsp?w2xPath=/wq/fundann/DISFundFeeCMS.xml&divisionId=MDIS01005001000000&serviceId=SDIS01005001000,data/regulatory/sources/kofia_evidence_extract_20260905.xml,E3,1way,타임폴리오TIME차이나AI테크액티브증권상장지수투자신탁(주식) / 펀드유형: 주식형 / 표준코드: K553J1EK6638 / 기준일: 20250512,MOEL_WRBA_RULE_ART10_1_2,근로자퇴직급여 보장법 시행규칙 제10조 제1항 제2호 (위험자산의 범위 및 운용기준 (DC 및 IRP 위험자산 투자한도 70%)),ED_WRBA_ART26_1_2,금융투자협회 전자공시서비스(DIS) 표준 펀드유형 '주식형' XML 전수 대조 (시행규칙 제10조제1항제2호 한도 70%),KOFIA 펀드유형: 주식형 (근로자퇴직급여 보장법 시행규칙 제10조 제1항 제2호: 주식형 집합투자증권 위험자산 70% 한도),2026-09-05,PASS (공식 검증 완료)
0046A0,KR70046A0008,TIGER 미국초단기(3개월이하)국채,미래에셋자산운용,금리·파킹,가능,100% (안전자산),Y,높음,증권사·운용사교차검증,https://securities.koreainvestment.com/pension/nwEtcinfo/Notice.jsp?cmd=A_NW_33030View&num=47520,data/regulatory/sources/brokers/koreainvestment/ETF_REITs_LIST_RP_260831.xlsx,E4,3way,한국투자증권 퇴직연금 ETF 상품 현황(2026-08-31 기준) / TIGER 미국초단기(3개월이하)국채 / 0046A0 / 미래에셋 / 퇴직연금 투자한도 1,PSR_ART11_1_5,퇴직연금감독규정 제11조 제1항 제5호 (적립금 운용방법 등 (주식 50% 미만 채권혼합형 100% 안전자산)),PSR_ART9_1_2,금융감독원 DART 투자설명서 1배수 파생평가액 한도 및 주식한도 대조 (증권사·운용사교차검증),한국투자증권 퇴직연금 ETF 상품 현황(2026-08-31 기준) 위험자산한도 1 대조 및 규제엔진 2자 합치 일치,2026-09-06,PASS (공식 검증 완료)
0046Y0,KR70046Y0000,ACE 미국배당퀄리티,한국투자신탁운용,주식-해외,가능,70% (위험자산),Y,높음,증권사·운용사교차검증,https://dis.kofia.or.kr/websquare/index.jsp?w2xPath=/wq/fundann/DISFundFeeCMS.xml&divisionId=MDIS01005001000000&serviceId=SDIS01005001000,data/regulatory/sources/kofia_evidence_extract_20260905.xml,E3,3way,한국투자ACE미국배당퀄리티증권상장지수투자신탁(주식) / 펀드유형: 주식형 / 표준코드: K55101EK7278 / 기준일: 20250509,MOEL_WRBA_RULE_ART10_1_2,근로자퇴직급여 보장법 시행규칙 제10조 제1항 제2호 (위험자산의 범위 및 운용기준 (DC 및 IRP 위험자산 투자한도 70%)),ED_WRBA_ART26_1_2,공식 출처 대조 (증권사·운용사교차검증),KOFIA 펀드유형: 주식형 (근로자퇴직급여 보장법 시행규칙 제10조 제1항 제2호: 주식형 집합투자증권 위험자산 70% 한도),2026-09-05,PASS (공식 검증 완료)
0047A0,KR70047A0007,TIGER 차이나테크TOP10,미래에셋자산운용,주식-해외,가능,70% (위험자산),Y,높음,증권사·운용사교차검증,https://dis.kofia.or.kr/websquare/index.jsp?w2xPath=/wq/fundann/DISFundFeeCMS.xml&divisionId=MDIS01005001000000&serviceId=SDIS01005001000,data/regulatory/sources/kofia_evidence_extract_20260905.xml,E3,3way,미래에셋TIGER차이나테크TOP10증권상장지수투자신탁(주식) / 펀드유형: 주식형 / 표준코드: K55301EJ2577 / 기준일: 20250509,MOEL_WRBA_RULE_ART10_1_2,근로자퇴직급여 보장법 시행규칙 제10조 제1항 제2호 (위험자산의 범위 및 운용기준 (DC 및 IRP 위험자산 투자한도 70%)),ED_WRBA_ART26_1_2,공식 출처 대조 (증권사·운용사교차검증),KOFIA 펀드유형: 주식형 (근로자퇴직급여 보장법 시행규칙 제10조 제1항 제2호: 주식형 집합투자증권 위험자산 70% 한도),2026-09-05,PASS (공식 검증 완료)
0047N0,KR70047N0002,PLUS 차이나AI테크TOP10,한화자산운용,주식-해외,가능,70% (위험자산),Y,높음,증권사·운용사교차검증,https://dis.kofia.or.kr/websquare/index.jsp?w2xPath=/wq/fundann/DISFundFeeCMS.xml&divisionId=MDIS01005001000000&serviceId=SDIS01005001000,data/regulatory/sources/kofia_evidence_extract_20260905.xml,E3,3way,한화PLUS차이나AI테크TOP10증권상장지수투자신탁(주식) / 펀드유형: 주식형 / 표준코드: K55213EJ9835 / 기준일: 20250509,MOEL_WRBA_RULE_ART10_1_2,근로자퇴직급여 보장법 시행규칙 제10조 제1항 제2호 (위험자산의 범위 및 운용기준 (DC 및 IRP 위험자산 투자한도 70%)),ED_WRBA_ART26_1_2,공식 출처 대조 (증권사·운용사교차검증),KOFIA 펀드유형: 주식형 (근로자퇴직급여 보장법 시행규칙 제10조 제1항 제2호: 주식형 집합투자증권 위험자산 70% 한도),2026-09-05,PASS (공식 검증 완료)
0047P0,KR70047P0000,RISE 테슬라고정테크100,KB자산운용,주식-해외,가능,70% (위험자산),Y,높음,증권사·운용사교차검증,https://dis.kofia.or.kr/websquare/index.jsp?w2xPath=/wq/fundann/DISFundFeeCMS.xml&divisionId=MDIS01005001000000&serviceId=SDIS01005001000,data/regulatory/sources/kofia_evidence_extract_20260905.xml,E3,3way,KBRISE테슬라고정테크100증권상장지수투자신탁(주식) / 펀드유형: 주식형 / 표준코드: K55223EJ7027 / 기준일: 20250509,MOEL_WRBA_RULE_ART10_1_2,근로자퇴직급여 보장법 시행규칙 제10조 제1항 제2호 (위험자산의 범위 및 운용기준 (DC 및 IRP 위험자산 투자한도 70%)),ED_WRBA_ART26_1_2,공식 출처 대조 (증권사·운용사교차검증),KOFIA 펀드유형: 주식형 (근로자퇴직급여 보장법 시행규칙 제10조 제1항 제2호: 주식형 집합투자증권 위험자산 70% 한도),2026-09-05,PASS (공식 검증 완료)
0047R0,KR70047R0008,RISE 팔란티어고정테크100,KB자산운용,주식-해외,가능,70% (위험자산),Y,높음,증권사·운용사교차검증,https://dis.kofia.or.kr/websquare/index.jsp?w2xPath=/wq/fundann/DISFundFeeCMS.xml&divisionId=MDIS01005001000000&serviceId=SDIS01005001000,data/regulatory/sources/kofia_evidence_extract_20260905.xml,E3,3way,KBRISE팔란티어고정테크100증권상장지수투자신탁(주식) / 펀드유형: 주식형 / 표준코드: K55223EJ7035 / 기준일: 20250509,MOEL_WRBA_RULE_ART10_1_2,근로자퇴직급여 보장법 시행규칙 제10조 제1항 제2호 (위험자산의 범위 및 운용기준 (DC 및 IRP 위험자산 투자한도 70%)),ED_WRBA_ART26_1_2,공식 출처 대조 (증권사·운용사교차검증),KOFIA 펀드유형: 주식형 (근로자퇴직급여 보장법 시행규칙 제10조 제1항 제2호: 주식형 집합투자증권 위험자산 70% 한도),2026-09-05,PASS (공식 검증 완료)
0048J0,KR70048J0007,KODEX 미국머니마켓액티브,삼성자산운용,금리·파킹,가능,100% (안전자산),Y,높음,증권사·운용사교차검증,https://dis.kofia.or.kr/websquare/index.jsp?w2xPath=/wq/fundann/DISFundFeeCMS.xml&divisionId=MDIS01005001000000&serviceId=SDIS01005001000,data/regulatory/sources/kofia_evidence_extract_20260905.xml,E3,3way,삼성KODEX미국머니마켓액티브증권상장지수투자신탁[채권] / 펀드유형: 채권형 / 표준코드: K55105EK2846 / 기준일: 20250509,PSR_ART11_1_5,퇴직연금감독규정 제11조 제1항 제5호 (적립금 운용방법 등 (주식 50% 미만 채권혼합형 100% 안전자산)),PSR_ART9_1_2,금융감독원 DART 투자설명서 1배수 파생평가액 한도 및 주식한도 대조 (증권사·운용사교차검증),KOFIA 펀드유형: 채권형 (퇴직연금감독규정 제11조 제1항 제4호: 원리금보장 및 채권형 안전자산 (100% 편입 가능)),2026-09-05,PASS (공식 검증 완료)
0048K0,KR70048K0004,KODEX 차이나휴머노이드로봇,삼성자산운용,주식-해외,가능,70% (위험자산),Y,높음,증권사·운용사교차검증,https://dis.kofia.or.kr/websquare/index.jsp?w2xPath=/wq/fundann/DISFundFeeCMS.xml&divisionId=MDIS01005001000000&serviceId=SDIS01005001000,data/regulatory/sources/kofia_evidence_extract_20260905.xml,E3,3way,삼성KODEX차이나휴머노이드로봇증권상장지수투자신탁[주식] / 펀드유형: 주식형 / 표준코드: K55105EJ5511 / 기준일: 20250512,MOEL_WRBA_RULE_ART10_1_2,근로자퇴직급여 보장법 시행규칙 제10조 제1항 제2호 (위험자산의 범위 및 운용기준 (DC 및 IRP 위험자산 투자한도 70%)),ED_WRBA_ART26_1_2,공식 출처 대조 (증권사·운용사교차검증),KOFIA 펀드유형: 주식형 (근로자퇴직급여 보장법 시행규칙 제10조 제1항 제2호: 주식형 집합투자증권 위험자산 70% 한도),2026-09-05,PASS (공식 검증 완료)
0049K0,KR70049K0003,ACE 미국배당퀄리티채권혼합50,한국투자신탁운용,채권,가능,100% (안전자산),Y,높음,증권사·운용사교차검증,https://dis.kofia.or.kr/websquare/index.jsp?w2xPath=/wq/fundann/DISFundFeeCMS.xml&divisionId=MDIS01005001000000&serviceId=SDIS01005001000,data/regulatory/sources/kofia_evidence_extract_20260905.xml,E3,3way,한국투자ACE미국배당퀄리티채권혼합50증권상장지수투자신탁(채권혼합) / 펀드유형: 혼합채권형 / 표준코드: K55101EK7294 / 기준일: 20250509,PSR_ART11_1_5,퇴직연금감독규정 제11조 제1항 제5호 (적립금 운용방법 등 (주식 50% 미만 채권혼합형 100% 안전자산)),,금융감독원 DART 투자설명서 신탁계약서 제16조 주식편입한도 대조 (증권사·운용사교차검증),KOFIA 펀드유형: 혼합채권형 (퇴직연금감독규정 제11조 제1항 제5호: 약관상 주식 투자한도 50% 미만 혼합채권형 안전자산 100% 한도),2026-09-05,PASS (공식 검증 완료)
0049M0,KR70049M0001,ACE 미국배당퀄리티+커버드콜액티브,한국투자신탁운용,주식-해외,가능,70% (위험자산),Y,높음,증권사·운용사교차검증,https://securities.koreainvestment.com/pension/nwEtcinfo/Notice.jsp?cmd=A_NW_33030View&num=47520,data/regulatory/sources/brokers/koreainvestment/ETF_REITs_LIST_RP_260831.xlsx,E4,3way,한국투자증권 퇴직연금 ETF 상품 현황(2026-08-31 기준) / ACE 미국배당퀄리티+커버드콜액티브 / 0049M0 / 한국 / 퇴직연금 투자한도 0.7,MOEL_WRBA_RULE_ART10_1_2,근로자퇴직급여 보장법 시행규칙 제10조 제1항 제2호 (위험자산의 범위 및 운용기준 (DC 및 IRP 위험자산 투자한도 70%)),ED_WRBA_ART26_1_2,공식 출처 대조 (증권사·운용사교차검증),한국투자증권 퇴직연금 ETF 상품 현황(2026-08-31 기준) 위험자산한도 0.7 대조 및 규제엔진 2자 합치 일치,2026-09-06,PASS (공식 검증 완료)
0050E0,KR70050E0007,PLUS 미국AI에이전트,한화자산운용,주식-해외,가능,70% (위험자산),Y,높음,증권사·운용사교차검증,https://dis.kofia.or.kr/websquare/index.jsp?w2xPath=/wq/fundann/DISFundFeeCMS.xml&divisionId=MDIS01005001000000&serviceId=SDIS01005001000,data/regulatory/sources/kofia_evidence_extract_20260905.xml,E3,3way,한화PLUS미국AI에이전트증권상장지수투자신탁(주식형) / 펀드유형: 주식형 / 표준코드: K55213EJ2715 / 기준일: 20250516,MOEL_WRBA_RULE_ART10_1_2,근로자퇴직급여 보장법 시행규칙 제10조 제1항 제2호 (위험자산의 범위 및 운용기준 (DC 및 IRP 위험자산 투자한도 70%)),ED_WRBA_ART26_1_2,공식 출처 대조 (증권사·운용사교차검증),KOFIA 펀드유형: 주식형 (근로자퇴직급여 보장법 시행규칙 제10조 제1항 제2호: 주식형 집합투자증권 위험자산 70% 한도),2026-09-05,PASS (공식 검증 완료)
0051A0,KR70051A0000,KoAct 브로드컴밸류체인액티브,기타,주식-해외,가능,70% (위험자산),Y,높음,협회공시대조,https://dis.kofia.or.kr/websquare/index.jsp?w2xPath=/wq/fundann/DISFundFeeCMS.xml&divisionId=MDIS01005001000000&serviceId=SDIS01005001000,data/regulatory/sources/kofia_evidence_extract_20260905.xml,E3,1way,삼성액티브KoAct브로드컴밸류체인액티브증권상장지수투자신탁[주식] / 펀드유형: 주식형 / 표준코드: K553N9EJ5488 / 기준일: 20250516,MOEL_WRBA_RULE_ART10_1_2,근로자퇴직급여 보장법 시행규칙 제10조 제1항 제2호 (위험자산의 범위 및 운용기준 (DC 및 IRP 위험자산 투자한도 70%)),ED_WRBA_ART26_1_2,금융투자협회 전자공시서비스(DIS) 표준 펀드유형 '주식형' XML 전수 대조 (시행규칙 제10조제1항제2호 한도 70%),KOFIA 펀드유형: 주식형 (근로자퇴직급여 보장법 시행규칙 제10조 제1항 제2호: 주식형 집합투자증권 위험자산 70% 한도),2026-09-05,PASS (공식 검증 완료)
0051G0,KR70051G0004,SOL 미국원자력SMR,신한자산운용,주식-해외,가능,70% (위험자산),Y,높음,협회공시대조,https://dis.kofia.or.kr/websquare/index.jsp?w2xPath=/wq/fundann/DISFundFeeCMS.xml&divisionId=MDIS01005001000000&serviceId=SDIS01005001000,data/regulatory/sources/kofia_evidence_extract_20260905.xml,E3,1way,신한SOL미국원자력SMR증권상장지수투자신탁[주식] / 펀드유형: 주식형 / 표준코드: K55210EJ6834 / 기준일: 20250516,MOEL_WRBA_RULE_ART10_1_2,근로자퇴직급여 보장법 시행규칙 제10조 제1항 제2호 (위험자산의 범위 및 운용기준 (DC 및 IRP 위험자산 투자한도 70%)),ED_WRBA_ART26_1_2,금융투자협회 전자공시서비스(DIS) 표준 펀드유형 '주식형' XML 전수 대조 (시행규칙 제10조제1항제2호 한도 70%),KOFIA 펀드유형: 주식형 (근로자퇴직급여 보장법 시행규칙 제10조 제1항 제2호: 주식형 집합투자증권 위험자산 70% 한도),2026-09-05,PASS (공식 검증 완료)
0052D0,KR70052D0006,TIGER 코리아배당다우존스,미래에셋자산운용,주식-해외,가능,70% (위험자산),Y,높음,증권사·운용사교차검증,https://dis.kofia.or.kr/websquare/index.jsp?w2xPath=/wq/fundann/DISFundFeeCMS.xml&divisionId=MDIS01005001000000&serviceId=SDIS01005001000,data/regulatory/sources/kofia_evidence_extract_20260905.xml,E3,3way,미래에셋TIGER코리아배당다우존스증권상장지수투자신탁(주식) / 펀드유형: 주식형 / 표준코드: K55301EK1139 / 기준일: 20250519,MOEL_WRBA_RULE_ART10_1_2,근로자퇴직급여 보장법 시행규칙 제10조 제1항 제2호 (위험자산의 범위 및 운용기준 (DC 및 IRP 위험자산 투자한도 70%)),ED_WRBA_ART26_1_2,공식 출처 대조 (증권사·운용사교차검증),KOFIA 펀드유형: 주식형 (근로자퇴직급여 보장법 시행규칙 제10조 제1항 제2호: 주식형 집합투자증권 위험자산 70% 한도),2026-09-05,PASS (공식 검증 완료)
0052S0,KR70052S0009,1Q 미국S&P500미국채혼합50액티브,하나자산운용,채권,가능,100% (안전자산),Y,높음,협회공시대조,https://dis.kofia.or.kr/websquare/index.jsp?w2xPath=/wq/fundann/DISFundFeeCMS.xml&divisionId=MDIS01005001000000&serviceId=SDIS01005001000,data/regulatory/sources/kofia_evidence_extract_20260905.xml,E3,1way,하나1Q미국S&amp;P500미국채혼합50액티브증권상장지수투자신탁(채권혼합) / 펀드유형: 혼합채권형 / 표준코드: K55102EK9976 / 기준일: 20250609,PSR_ART11_1_5,퇴직연금감독규정 제11조 제1항 제5호 (적립금 운용방법 등 (주식 50% 미만 채권혼합형 100% 안전자산)),,금융투자협회 전자공시(DIS) 표준 펀드유형 '혼합채권형' XML 대조 (약관상 주식 50% 미만 퇴직연금감독규정 제11조제1항제5호),KOFIA 펀드유형: 혼합채권형 (퇴직연금감독규정 제11조 제1항 제5호: 약관상 주식 투자한도 50% 미만 혼합채권형 안전자산 100% 한도),2026-09-05,PASS (공식 검증 완료)
0052T0,KR70052T0008,1Q 중단기회사채(A-이상)액티브,하나자산운용,채권,가능,100% (안전자산),Y,높음,협회공시대조,https://dis.kofia.or.kr/websquare/index.jsp?w2xPath=/wq/fundann/DISFundFeeCMS.xml&divisionId=MDIS01005001000000&serviceId=SDIS01005001000,data/regulatory/sources/kofia_evidence_extract_20260905.xml,E3,1way,하나1Q중단기회사채(A-이상)액티브증권상장지수투자신탁[채권] / 펀드유형: 채권형 / 표준코드: K55102EJ9938 / 기준일: 20250526,PSR_ART11_1_4,퇴직연금감독규정 제11조 제1항 제4호 (적립금 운용방법 등 (원리금보장 및 채권형 등 100% 안전자산)),,금융투자협회 전자공시서비스(DIS) 표준 펀드유형 '채권형' XML 전수 대조,KOFIA 펀드유형: 채권형 (퇴직연금감독규정 제11조 제1항 제4호: 원리금보장 및 채권형 안전자산 (100% 편입 가능)),2026-09-05,PASS (공식 검증 완료)
0053L0,KR70053L0005,TIGER 차이나휴머노이드로봇,미래에셋자산운용,주식-해외,가능,70% (위험자산),Y,높음,증권사·운용사교차검증,https://dis.kofia.or.kr/websquare/index.jsp?w2xPath=/wq/fundann/DISFundFeeCMS.xml&divisionId=MDIS01005001000000&serviceId=SDIS01005001000,data/regulatory/sources/kofia_evidence_extract_20260905.xml,E3,3way,미래에셋TIGER차이나휴머노이드로봇증권상장지수투자신탁(주식) / 펀드유형: 주식형 / 표준코드: K55301EK0321 / 기준일: 20250523,MOEL_WRBA_RULE_ART10_1_2,근로자퇴직급여 보장법 시행규칙 제10조 제1항 제2호 (위험자산의 범위 및 운용기준 (DC 및 IRP 위험자산 투자한도 70%)),ED_WRBA_ART26_1_2,공식 출처 대조 (증권사·운용사교차검증),KOFIA 펀드유형: 주식형 (근로자퇴직급여 보장법 시행규칙 제10조 제1항 제2호: 주식형 집합투자증권 위험자산 70% 한도),2026-09-05,PASS (공식 검증 완료)
0053M0,KR70053M0004,더제이 중소형포커스액티브,기타,주식-국내,가능,70% (위험자산),Y,높음,협회공시대조,https://dis.kofia.or.kr/websquare/index.jsp?w2xPath=/wq/fundann/DISFundFeeCMS.xml&divisionId=MDIS01005001000000&serviceId=SDIS01005001000,data/regulatory/sources/kofia_evidence_extract_20260905.xml,E3,1way,더제이더제이중소형포커스액티브증권상장지수투자신탁[주식] / 펀드유형: 주식형 / 표준코드: K553H6EK8245 / 기준일: 20250721,MOEL_WRBA_RULE_ART10_1_2,근로자퇴직급여 보장법 시행규칙 제10조 제1항 제2호 (위험자산의 범위 및 운용기준 (DC 및 IRP 위험자산 투자한도 70%)),ED_WRBA_ART26_1_2,금융투자협회 전자공시서비스(DIS) 표준 펀드유형 '주식형' XML 전수 대조 (시행규칙 제10조제1항제2호 한도 70%),KOFIA 펀드유형: 주식형 (근로자퇴직급여 보장법 시행규칙 제10조 제1항 제2호: 주식형 집합투자증권 위험자산 70% 한도),2026-09-05,PASS (공식 검증 완료)
0057H0,KR70057H0007,PLUS 미국S&P500미국채혼합50액티브,한화자산운용,채권,가능,100% (안전자산),Y,높음,증권사목록대조,https://securities.koreainvestment.com/pension/nwEtcinfo/Notice.jsp?cmd=A_NW_33030View&num=47520,data/regulatory/sources/brokers/koreainvestment/ETF_REITs_LIST_RP_260831.xlsx,E4,2way,한국투자증권 퇴직연금 ETF 상품 현황(2026-08-31 기준) / PLUS 미국S&P500미국채혼합50액티브 / 0057H0 / 한화 / 퇴직연금 투자한도 1,PSR_ART11_1_5,퇴직연금감독규정 제11조 제1항 제5호 (적립금 운용방법 등 (주식 50% 미만 채권혼합형 100% 안전자산)),,판매사 퇴직연금 매매가능 유니버스 및 주식한도 대조 (증권사목록대조),한국투자증권 퇴직연금 ETF 상품 현황(2026-08-31 기준) 위험자산한도 1 대조 및 규제엔진 2자 합치 일치,2026-09-06,PASS (공식 검증 완료)
0060H0,KR70060H0002,TIGER 토탈월드스탁액티브,미래에셋자산운용,주식-해외,가능,70% (위험자산),Y,높음,증권사·운용사교차검증,https://dis.kofia.or.kr/websquare/index.jsp?w2xPath=/wq/fundann/DISFundFeeCMS.xml&divisionId=MDIS01005001000000&serviceId=SDIS01005001000,data/regulatory/sources/kofia_evidence_extract_20260905.xml,E3,3way,미래에셋TIGER토탈월드스탁액티브증권상장지수투자신탁(주식) / 펀드유형: 주식형 / 표준코드: K55301EK7888 / 기준일: 20250620,MOEL_WRBA_RULE_ART10_1_2,근로자퇴직급여 보장법 시행규칙 제10조 제1항 제2호 (위험자산의 범위 및 운용기준 (DC 및 IRP 위험자산 투자한도 70%)),ED_WRBA_ART26_1_2,공식 출처 대조 (증권사·운용사교차검증),KOFIA 펀드유형: 주식형 (근로자퇴직급여 보장법 시행규칙 제10조 제1항 제2호: 주식형 집합투자증권 위험자산 70% 한도),2026-09-05,PASS (공식 검증 완료)
0061Z0,KR70061Z0009,RISE 단기특수은행채액티브,KB자산운용,채권,가능,100% (안전자산),Y,높음,협회공시대조,https://dis.kofia.or.kr/websquare/index.jsp?w2xPath=/wq/fundann/DISFundFeeCMS.xml&divisionId=MDIS01005001000000&serviceId=SDIS01005001000,data/regulatory/sources/kofia_evidence_extract_20260905.xml,E3,1way,KBRISE단기특수은행채액티브증권상장지수투자신탁(채권) / 펀드유형: 채권형 / 표준코드: K55223EJ5633 / 기준일: 20250623,PSR_ART11_1_4,퇴직연금감독규정 제11조 제1항 제4호 (적립금 운용방법 등 (원리금보장 및 채권형 등 100% 안전자산)),,금융투자협회 전자공시서비스(DIS) 표준 펀드유형 '채권형' XML 전수 대조,KOFIA 펀드유형: 채권형 (퇴직연금감독규정 제11조 제1항 제4호: 원리금보장 및 채권형 안전자산 (100% 편입 가능)),2026-09-05,PASS (공식 검증 완료)
0064K0,KR70064K0003,KODEX 금액티브,삼성자산운용,원자재,가능,70% (위험자산),Y,높음,증권사·운용사교차검증,https://securities.koreainvestment.com/pension/nwEtcinfo/Notice.jsp?cmd=A_NW_33030View&num=47520,data/regulatory/sources/brokers/koreainvestment/ETF_REITs_LIST_RP_260831.xlsx,E4,3way,삼성자산운용 KODEX 공시 [0064K0 / KODEX 금액티브 / ivPsbReti: 70%] & 한국투자증권 공시 [0064K0 / KODEX 금액티브 / 위험자산한도: 0.7],MOEL_WRBA_RULE_ART10_1_2,근로자퇴직급여 보장법 시행규칙 제10조 제1항 제2호 (위험자산의 범위 및 운용기준 (DC 및 IRP 위험자산 투자한도 70%)),ED_WRBA_ART26_1_2,공식 출처 대조 (증권사·운용사교차검증),삼성자산운용 KODEX 연금투자 공시 [stkTicker: 0064K0 / ivPsbReti: 70%] 및 한국투자증권 공시 [단축코드: 0064K0 / 위험자산한도: 0.7] 100% 교차 일치,2026-09-06,PASS (공식 검증 완료)
0065G0,KR70065G0008,KODEX 차이나테크TOP10,삼성자산운용,주식-해외,가능,70% (위험자산),Y,높음,증권사·운용사교차검증,https://dis.kofia.or.kr/websquare/index.jsp?w2xPath=/wq/fundann/DISFundFeeCMS.xml&divisionId=MDIS01005001000000&serviceId=SDIS01005001000,data/regulatory/sources/kofia_evidence_extract_20260905.xml,E3,3way,삼성KODEX차이나테크TOP10증권상장지수투자신탁[주식] / 펀드유형: 주식형 / 표준코드: K55105EK8991 / 기준일: 20250613,MOEL_WRBA_RULE_ART10_1_2,근로자퇴직급여 보장법 시행규칙 제10조 제1항 제2호 (위험자산의 범위 및 운용기준 (DC 및 IRP 위험자산 투자한도 70%)),ED_WRBA_ART26_1_2,공식 출처 대조 (증권사·운용사교차검증),KOFIA 펀드유형: 주식형 (근로자퇴직급여 보장법 시행규칙 제10조 제1항 제2호: 주식형 집합투자증권 위험자산 70% 한도),2026-09-05,PASS (공식 검증 완료)
0066W0,KR70066W0007,SOL 국제금,신한자산운용,원자재,가능,70% (위험자산),Y,높음,증권사목록대조,https://securities.koreainvestment.com/pension/nwEtcinfo/Notice.jsp?cmd=A_NW_33030View&num=47520,data/regulatory/sources/brokers/koreainvestment/ETF_REITs_LIST_RP_260831.xlsx,E4,2way,한국투자증권 퇴직연금 ETF 상품 현황(2026-08-31 기준) / SOL 국제금 / 0066W0 / 신한 / 퇴직연금 투자한도 0.7,MOEL_WRBA_RULE_ART10_1_2,근로자퇴직급여 보장법 시행규칙 제10조 제1항 제2호 (위험자산의 범위 및 운용기준 (DC 및 IRP 위험자산 투자한도 70%)),ED_WRBA_ART26_1_2,판매사 퇴직연금 매매가능 유니버스 및 위험자산 70% 대조 (증권사목록대조),한국투자증권 퇴직연금 ETF 상품 현황(2026-08-31 기준) 위험자산한도 0.7 대조 및 규제엔진 2자 합치 일치,2026-09-06,PASS (공식 검증 완료)
0067V0,KR70067V0007,TIGER 차이나글로벌리더스TOP3+,미래에셋자산운용,주식-해외,가능,70% (위험자산),Y,높음,증권사·운용사교차검증,https://dis.kofia.or.kr/websquare/index.jsp?w2xPath=/wq/fundann/DISFundFeeCMS.xml&divisionId=MDIS01005001000000&serviceId=SDIS01005001000,data/regulatory/sources/kofia_evidence_extract_20260905.xml,E3,3way,미래에셋TIGER차이나글로벌리더스TOP3+증권상장지수투자신탁(주식) / 펀드유형: 주식형 / 표준코드: K55301EL0767 / 기준일: 20250613,MOEL_WRBA_RULE_ART10_1_2,근로자퇴직급여 보장법 시행규칙 제10조 제1항 제2호 (위험자산의 범위 및 운용기준 (DC 및 IRP 위험자산 투자한도 70%)),ED_WRBA_ART26_1_2,공식 출처 대조 (증권사·운용사교차검증),KOFIA 펀드유형: 주식형 (근로자퇴직급여 보장법 시행규칙 제10조 제1항 제2호: 주식형 집합투자증권 위험자산 70% 한도),2026-09-05,PASS (공식 검증 완료)
0067Y0,KR70067Y0004,TIGER 차이나AI소프트웨어,미래에셋자산운용,주식-해외,가능,70% (위험자산),Y,높음,증권사·운용사교차검증,https://dis.kofia.or.kr/websquare/index.jsp?w2xPath=/wq/fundann/DISFundFeeCMS.xml&divisionId=MDIS01005001000000&serviceId=SDIS01005001000,data/regulatory/sources/kofia_evidence_extract_20260905.xml,E3,3way,미래에셋TIGER차이나AI소프트웨어증권상장지수투자신탁(주식) / 펀드유형: 주식형 / 표준코드: K55301EK5932 / 기준일: 20250613,MOEL_WRBA_RULE_ART10_1_2,근로자퇴직급여 보장법 시행규칙 제10조 제1항 제2호 (위험자산의 범위 및 운용기준 (DC 및 IRP 위험자산 투자한도 70%)),ED_WRBA_ART26_1_2,공식 출처 대조 (증권사·운용사교차검증),KOFIA 펀드유형: 주식형 (근로자퇴직급여 보장법 시행규칙 제10조 제1항 제2호: 주식형 집합투자증권 위험자산 70% 한도),2026-09-05,PASS (공식 검증 완료)
0068M0,KR70068M0007,KODEX 미국S&P500버퍼6월액티브,삼성자산운용,주식-해외,가능,70% (위험자산),Y,높음,증권사·운용사교차검증,https://securities.koreainvestment.com/pension/nwEtcinfo/Notice.jsp?cmd=A_NW_33030View&num=47520,data/regulatory/sources/brokers/koreainvestment/ETF_REITs_LIST_RP_260831.xlsx,E4,3way,삼성자산운용 KODEX 공시 [0068M0 / KODEX 미국S&P500 버퍼 6월 액티브 / ivPsbReti: 70%] & 한국투자증권 공시 [0068M0 / KODEX 미국S&P500버퍼6월액티브 / 위험자산한도: 0.7],MOEL_WRBA_RULE_ART10_1_2,근로자퇴직급여 보장법 시행규칙 제10조 제1항 제2호 (위험자산의 범위 및 운용기준 (DC 및 IRP 위험자산 투자한도 70%)),ED_WRBA_ART26_1_2,공식 출처 대조 (증권사·운용사교차검증),삼성자산운용 KODEX 연금투자 공시 [stkTicker: 0068M0 / ivPsbReti: 70%] 및 한국투자증권 공시 [단축코드: 0068M0 / 위험자산한도: 0.7] 100% 교차 일치,2026-09-06,PASS (공식 검증 완료)
0069M0,KR70069M0006,1Q 미국나스닥100,하나자산운용,주식-해외,가능,70% (위험자산),Y,높음,협회공시대조,https://dis.kofia.or.kr/websquare/index.jsp?w2xPath=/wq/fundann/DISFundFeeCMS.xml&divisionId=MDIS01005001000000&serviceId=SDIS01005001000,data/regulatory/sources/kofia_evidence_extract_20260905.xml,E3,1way,하나1Q미국나스닥100증권상장지수투자신탁[주식] / 펀드유형: 주식형 / 표준코드: K55102EL5296 / 기준일: 20250620,MOEL_WRBA_RULE_ART10_1_2,근로자퇴직급여 보장법 시행규칙 제10조 제1항 제2호 (위험자산의 범위 및 운용기준 (DC 및 IRP 위험자산 투자한도 70%)),ED_WRBA_ART26_1_2,금융투자협회 전자공시서비스(DIS) 표준 펀드유형 '주식형' XML 전수 대조 (시행규칙 제10조제1항제2호 한도 70%),KOFIA 펀드유형: 주식형 (근로자퇴직급여 보장법 시행규칙 제10조 제1항 제2호: 주식형 집합투자증권 위험자산 70% 한도),2026-09-05,PASS (공식 검증 완료)
0072R0,KR70072R0006,TIGER KRX금현물,미래에셋자산운용,원자재,가능,70% (위험자산),Y,높음,증권사·운용사교차검증,https://dis.kofia.or.kr/websquare/index.jsp?w2xPath=/wq/fundann/DISFundFeeCMS.xml&divisionId=MDIS01005001000000&serviceId=SDIS01005001000,data/regulatory/sources/kofia_evidence_extract_20260905.xml,E3,3way,한국투자ACEKRX금현물특별자산상장지수투자신탁(금) / 펀드유형: 특별자산 / 표준코드: K55101DN7441 / 기준일: 20211213,MOEL_WRBA_RULE_ART10_1_2,근로자퇴직급여 보장법 시행규칙 제10조 제1항 제2호 (위험자산의 범위 및 운용기준 (DC 및 IRP 위험자산 투자한도 70%)),ED_WRBA_ART26_1_2,공식 출처 대조 (증권사·운용사교차검증),KOFIA 펀드유형: 특별자산 (근로자퇴직급여 보장법 시행규칙 제10조 제1항 제2호: 실물 특별자산 집합투자증권 위험자산 70% 한도),2026-09-05,PASS (공식 검증 완료)
0073X0,KR70073X0007,FOCUS 알리바바미국채커버드콜혼합,하나자산운용,채권,가능,100% (안전자산),Y,높음,증권사목록대조,https://securities.koreainvestment.com/pension/nwEtcinfo/Notice.jsp?cmd=A_NW_33030View&num=47520,data/regulatory/sources/brokers/koreainvestment/ETF_REITs_LIST_RP_260831.xlsx,E4,2way,한국투자증권 퇴직연금 ETF 상품 현황(2026-08-31 기준) / FOCUS 알리바바미국채커버드콜혼합 / 0073X0 / 브이아이 / 퇴직연금 투자한도 1,PSR_ART11_1_4,퇴직연금감독규정 제11조 제1항 제4호 (적립금 운용방법 등 (원리금보장 및 채권형 등 100% 안전자산)),,판매사 퇴직연금 매매가능 유니버스 대조 (증권사목록대조),한국투자증권 퇴직연금 ETF 상품 현황(2026-08-31 기준) 위험자산한도 1 대조 및 규제엔진 2자 합치 일치,2026-09-06,PASS (공식 검증 완료)
0074K0,KR70074K0001,KoAct K수출핵심기업TOP30액티브,기타,주식-국내,가능,70% (위험자산),Y,높음,협회공시대조,https://dis.kofia.or.kr/websquare/index.jsp?w2xPath=/wq/fundann/DISFundFeeCMS.xml&divisionId=MDIS01005001000000&serviceId=SDIS01005001000,data/regulatory/sources/kofia_evidence_extract_20260905.xml,E3,1way,삼성액티브KoActK수출핵심기업TOP30액티브증권상장지수투자신탁[주식] / 펀드유형: 주식형 / 표준코드: K553N9EL0774 / 기준일: 20250707,MOEL_WRBA_RULE_ART10_1_2,근로자퇴직급여 보장법 시행규칙 제10조 제1항 제2호 (위험자산의 범위 및 운용기준 (DC 및 IRP 위험자산 투자한도 70%)),ED_WRBA_ART26_1_2,금융투자협회 전자공시서비스(DIS) 표준 펀드유형 '주식형' XML 전수 대조 (시행규칙 제10조제1항제2호 한도 70%),KOFIA 펀드유형: 주식형 (근로자퇴직급여 보장법 시행규칙 제10조 제1항 제2호: 주식형 집합투자증권 위험자산 70% 한도),2026-09-05,PASS (공식 검증 완료)
0078V0,KR70078V0004,PLUS 미국로보택시,한화자산운용,주식-해외,가능,70% (위험자산),Y,높음,증권사·운용사교차검증,https://dis.kofia.or.kr/websquare/index.jsp?w2xPath=/wq/fundann/DISFundFeeCMS.xml&divisionId=MDIS01005001000000&serviceId=SDIS01005001000,data/regulatory/sources/kofia_evidence_extract_20260905.xml,E3,3way,한화PLUS미국로보택시증권상장지수투자신탁(주식) / 펀드유형: 주식형 / 표준코드: K55213EL7496 / 기준일: 20250718,MOEL_WRBA_RULE_ART10_1_2,근로자퇴직급여 보장법 시행규칙 제10조 제1항 제2호 (위험자산의 범위 및 운용기준 (DC 및 IRP 위험자산 투자한도 70%)),ED_WRBA_ART26_1_2,공식 출처 대조 (증권사·운용사교차검증),KOFIA 펀드유형: 주식형 (근로자퇴직급여 보장법 시행규칙 제10조 제1항 제2호: 주식형 집합투자증권 위험자산 70% 한도),2026-09-05,PASS (공식 검증 완료)
0079X0,KR70079X0001,ACE BYD밸류체인액티브,한국투자신탁운용,주식-해외,가능,70% (위험자산),Y,높음,증권사·운용사교차검증,https://dis.kofia.or.kr/websquare/index.jsp?w2xPath=/wq/fundann/DISFundFeeCMS.xml&divisionId=MDIS01005001000000&serviceId=SDIS01005001000,data/regulatory/sources/kofia_evidence_extract_20260905.xml,E3,3way,한국투자ACEBYD밸류체인액티브증권상장지수투자신탁(주식) / 펀드유형: 주식형 / 표준코드: K55101EJ7669 / 기준일: 20250711,MOEL_WRBA_RULE_ART10_1_2,근로자퇴직급여 보장법 시행규칙 제10조 제1항 제2호 (위험자산의 범위 및 운용기준 (DC 및 IRP 위험자산 투자한도 70%)),ED_WRBA_ART26_1_2,공식 출처 대조 (증권사·운용사교차검증),KOFIA 펀드유형: 주식형 (근로자퇴직급여 보장법 시행규칙 제10조 제1항 제2호: 주식형 집합투자증권 위험자산 70% 한도),2026-09-05,PASS (공식 검증 완료)
0080G0,KR70080G0009,KODEX 방산TOP10,삼성자산운용,주식-국내,가능,70% (위험자산),Y,높음,증권사·운용사교차검증,https://dis.kofia.or.kr/websquare/index.jsp?w2xPath=/wq/fundann/DISFundFeeCMS.xml&divisionId=MDIS01005001000000&serviceId=SDIS01005001000,data/regulatory/sources/kofia_evidence_extract_20260905.xml,E3,3way,삼성KODEX방산TOP10증권상장지수투자신탁[주식] / 펀드유형: 주식형 / 표준코드: K55105EL4742 / 기준일: 20250714,MOEL_WRBA_RULE_ART10_1_2,근로자퇴직급여 보장법 시행규칙 제10조 제1항 제2호 (위험자산의 범위 및 운용기준 (DC 및 IRP 위험자산 투자한도 70%)),ED_WRBA_ART26_1_2,공식 출처 대조 (증권사·운용사교차검증),KOFIA 펀드유형: 주식형 (근로자퇴직급여 보장법 시행규칙 제10조 제1항 제2호: 주식형 집합투자증권 위험자산 70% 한도),2026-09-05,PASS (공식 검증 완료)
0080X0,KR70080X0008,SOL 미국S&P500미국채혼합50,신한자산운용,채권,가능,100% (안전자산),Y,높음,협회공시대조,https://dis.kofia.or.kr/websquare/index.jsp?w2xPath=/wq/fundann/DISFundFeeCMS.xml&divisionId=MDIS01005001000000&serviceId=SDIS01005001000,data/regulatory/sources/kofia_evidence_extract_20260905.xml,E3,1way,신한SOL미국S&amp;P500미국채혼합50증권상장지수투자신탁[채권혼합] / 펀드유형: 혼합채권형 / 표준코드: K55210EL7325 / 기준일: 20250711,PSR_ART11_1_5,퇴직연금감독규정 제11조 제1항 제5호 (적립금 운용방법 등 (주식 50% 미만 채권혼합형 100% 안전자산)),,금융투자협회 전자공시(DIS) 표준 펀드유형 '혼합채권형' XML 대조 (약관상 주식 50% 미만 퇴직연금감독규정 제11조제1항제5호),KOFIA 펀드유형: 혼합채권형 (퇴직연금감독규정 제11조 제1항 제5호: 약관상 주식 투자한도 50% 미만 혼합채권형 안전자산 100% 한도),2026-09-05,PASS (공식 검증 완료)
0080Y0,KR70080Y0007,SOL 조선TOP3플러스레버리지,신한자산운용,주식-국내,불가,불가,Y,보통,법령조건직접판정,https://www.law.go.kr/LSW//admRulInfoP.do?admRulSeq=2100000244795&chrClsCd=010201,data/regulatory/sources/statutes/퇴직연금감독규정_20260905.txt,RULE_NAME,1way,퇴직연금감독규정 제9조 제1항 제2호 마목: 상장지수집합투자기구가 목표로 하는 지수의 변화에 1배를 초과하거나 음의 배율로 연동하여 운용하는 것은 제외한다,PSR_ART9_1_2,퇴직연금감독규정 제9조 제1항 제2호 마목 (증권 및 기타 적립금 운용방법의 종류 등 (1배수 상장지수집합투자기구 파생위험평가액 100% 한도 허용)),,퇴직연금감독규정 제9조 제1항 제2호 마목 단서 (1배 초과 또는 음의 배율 연동 배제),명칭 기반 배수 식별 및 퇴직연금감독규정 제9조 제1항 제2호 마목 단서 적용,2026-09-05,PASS (공식 검증 완료)
0082F0,KR70082F0008,HANARO 유럽방산,NH-Amundi자산운용,주식-해외,가능,70% (위험자산),Y,높음,협회공시대조,https://dis.kofia.or.kr/websquare/index.jsp?w2xPath=/wq/fundann/DISFundFeeCMS.xml&divisionId=MDIS01005001000000&serviceId=SDIS01005001000,data/regulatory/sources/kofia_evidence_extract_20260905.xml,E3,1way,NH-AmundiHANARO유럽방산증권상장지수투자신탁[주식] / 펀드유형: 주식형 / 표준코드: K55232EM2121 / 기준일: 20250725,MOEL_WRBA_RULE_ART10_1_2,근로자퇴직급여 보장법 시행규칙 제10조 제1항 제2호 (위험자산의 범위 및 운용기준 (DC 및 IRP 위험자산 투자한도 70%)),ED_WRBA_ART26_1_2,금융투자협회 전자공시서비스(DIS) 표준 펀드유형 '주식형' XML 전수 대조 (시행규칙 제10조제1항제2호 한도 70%),KOFIA 펀드유형: 주식형 (근로자퇴직급여 보장법 시행규칙 제10조 제1항 제2호: 주식형 집합투자증권 위험자산 70% 한도),2026-09-05,PASS (공식 검증 완료)
0082V0,KR70082V0008,KODEX TDF2060액티브 적격,삼성자산운용,혼합·자산배분,가능,100% (안전자산),Y,높음,증권사·운용사교차검증,https://www.law.go.kr/LSW/admRulInfoP.do?admRulSeq=2200000108661,data/regulatory/sources/statutes/퇴직연금감독규정시행세칙_20260905.txt,E1B,3way,"KODEX TDF2060액티브: 목표시점 2060년, 초기 글로벌주식 80% -> 목표시점 이후 채무/현금 60% 이상 글라이드패스 운용계획 공시 확인 (시행세칙 제5조의2 충족)",PSR_ART11_1_9,퇴직연금감독규정 제11조 제1항 제9호 (적립금 운용방법 등 (적격 TDF 100% 안전자산)),FSS_PSR_RULE_ART5_2,퇴직연금감독규정 제11조제1항제9호 및 동 시행세칙 제5조의2 적격 TDF 요건 대조,적격 TDF 안전자산 100% (퇴직연금감독규정 제11조 제1항 제9호 및 동 시행세칙 제5조의2 충족),2026-09-05,PASS (공식 검증 완료)
0083S0,KR70083S0002,1Q 미국메디컬AI,하나자산운용,주식-해외,가능,70% (위험자산),Y,높음,협회공시대조,https://dis.kofia.or.kr/websquare/index.jsp?w2xPath=/wq/fundann/DISFundFeeCMS.xml&divisionId=MDIS01005001000000&serviceId=SDIS01005001000,data/regulatory/sources/kofia_evidence_extract_20260905.xml,E3,1way,하나1Q미국메디컬AI증권상장지수투자신탁[주식] / 펀드유형: 주식형 / 표준코드: K55102EM4231 / 기준일: 20250718,MOEL_WRBA_RULE_ART10_1_2,근로자퇴직급여 보장법 시행규칙 제10조 제1항 제2호 (위험자산의 범위 및 운용기준 (DC 및 IRP 위험자산 투자한도 70%)),ED_WRBA_ART26_1_2,금융투자협회 전자공시서비스(DIS) 표준 펀드유형 '주식형' XML 전수 대조 (시행규칙 제10조제1항제2호 한도 70%),KOFIA 펀드유형: 주식형 (근로자퇴직급여 보장법 시행규칙 제10조 제1항 제2호: 주식형 집합투자증권 위험자산 70% 한도),2026-09-05,PASS (공식 검증 완료)
0084D0,KR70084D0008,KIWOOM 미국테크100월간목표헤지액티브,키움투자자산운용,주식-해외,가능,70% (위험자산),Y,높음,증권사목록대조,https://securities.koreainvestment.com/pension/nwEtcinfo/Notice.jsp?cmd=A_NW_33030View&num=47520,data/regulatory/sources/brokers/koreainvestment/ETF_REITs_LIST_RP_260831.xlsx,E4,2way,한국투자증권 퇴직연금 ETF 상품 현황(2026-08-31 기준) / KIWOOM 미국테크100월간목표헤지액티브 / 0084D0 / 키움 / 퇴직연금 투자한도 0.7,MOEL_WRBA_RULE_ART10_1_2,근로자퇴직급여 보장법 시행규칙 제10조 제1항 제2호 (위험자산의 범위 및 운용기준 (DC 및 IRP 위험자산 투자한도 70%)),ED_WRBA_ART26_1_2,판매사 퇴직연금 매매가능 유니버스 및 위험자산 70% 대조 (증권사목록대조),한국투자증권 퇴직연금 ETF 상품 현황(2026-08-31 기준) 위험자산한도 0.7 대조 및 규제엔진 2자 합치 일치,2026-09-06,PASS (공식 검증 완료)
0084E0,KR70084E0007,KIWOOM 미국대형주500월간목표헤지액티브,키움투자자산운용,주식-해외,가능,70% (위험자산),Y,높음,증권사목록대조,https://securities.koreainvestment.com/pension/nwEtcinfo/Notice.jsp?cmd=A_NW_33030View&num=47520,data/regulatory/sources/brokers/koreainvestment/ETF_REITs_LIST_RP_260831.xlsx,E4,2way,한국투자증권 퇴직연금 ETF 상품 현황(2026-08-31 기준) / KIWOOM 미국대형주500월간목표헤지액티브 / 0084E0 / 키움 / 퇴직연금 투자한도 0.7,MOEL_WRBA_RULE_ART10_1_2,근로자퇴직급여 보장법 시행규칙 제10조 제1항 제2호 (위험자산의 범위 및 운용기준 (DC 및 IRP 위험자산 투자한도 70%)),ED_WRBA_ART26_1_2,판매사 퇴직연금 매매가능 유니버스 및 위험자산 70% 대조 (증권사목록대조),한국투자증권 퇴직연금 ETF 상품 현황(2026-08-31 기준) 위험자산한도 0.7 대조 및 규제엔진 2자 합치 일치,2026-09-06,PASS (공식 검증 완료)
0085N0,KR70085N0005,ACE 미국10년국채액티브(H),한국투자신탁운용,채권,가능,100% (안전자산),Y,높음,증권사·운용사교차검증,https://dis.kofia.or.kr/websquare/index.jsp?w2xPath=/wq/fundann/DISFundFeeCMS.xml&divisionId=MDIS01005001000000&serviceId=SDIS01005001000,data/regulatory/sources/kofia_evidence_extract_20260905.xml,E3,3way,한국투자ACE미국10년국채액티브증권상장지수투자신탁[채권](H) / 펀드유형: 채권형 / 표준코드: K55101EL9174 / 기준일: 20250718,PSR_ART11_1_4,퇴직연금감독규정 제11조 제1항 제4호 (적립금 운용방법 등 (원리금보장 및 채권형 등 100% 안전자산)),,금융감독원 DART 투자설명서 대조 (증권사·운용사교차검증),KOFIA 펀드유형: 채권형 (퇴직연금감독규정 제11조 제1항 제4호: 원리금보장 및 채권형 안전자산 (100% 편입 가능)),2026-09-05,PASS (공식 검증 완료)
0085P0,KR70085P0003,ACE 미국10년국채액티브,한국투자신탁운용,채권,가능,100% (안전자산),Y,높음,증권사·운용사교차검증,https://dis.kofia.or.kr/websquare/index.jsp?w2xPath=/wq/fundann/DISFundFeeCMS.xml&divisionId=MDIS01005001000000&serviceId=SDIS01005001000,data/regulatory/sources/kofia_evidence_extract_20260905.xml,E3,3way,한국투자ACE미국10년국채액티브증권상장지수투자신탁(채권) / 펀드유형: 채권형 / 표준코드: K55101EL9166 / 기준일: 20250718,PSR_ART11_1_4,퇴직연금감독규정 제11조 제1항 제4호 (적립금 운용방법 등 (원리금보장 및 채권형 등 100% 안전자산)),,금융감독원 DART 투자설명서 대조 (증권사·운용사교차검증),KOFIA 펀드유형: 채권형 (퇴직연금감독규정 제11조 제1항 제4호: 원리금보장 및 채권형 안전자산 (100% 편입 가능)),2026-09-05,PASS (공식 검증 완료)
0086B0,KR70086B0008,TIGER 리츠부동산인프라TOP10액티브,미래에셋자산운용,리츠·인프라,가능,70% (위험자산),Y,높음,증권사·운용사교차검증,https://securities.koreainvestment.com/pension/nwEtcinfo/Notice.jsp?cmd=A_NW_33030View&num=47520,data/regulatory/sources/brokers/koreainvestment/ETF_REITs_LIST_RP_260831.xlsx,E4,3way,한국투자증권 퇴직연금 ETF 상품 현황(2026-08-31 기준) / TIGER 리츠부동산인프라TOP10액티브 / 0086B0 / 미래에셋 / 퇴직연금 투자한도 0.7,ED_FSCMA_ART240_4,자본시장과 금융투자업에 관한 법률 시행령 제240조 (집합투자기구의 종류별 최소투자비율 등 (부동산/리츠 집합투자기구)),PSR_ART11_2,공식 출처 대조 (증권사·운용사교차검증),한국투자증권 퇴직연금 ETF 상품 현황(2026-08-31 기준) 위험자산한도 0.7 대조 및 규제엔진 2자 합치 일치,2026-09-06,PASS (공식 검증 완료)
0086C0,KR70086C0007,TIGER 리츠부동산인프라10채권혼합액티브,미래에셋자산운용,채권,가능,100% (안전자산),Y,높음,증권사·운용사교차검증,https://securities.koreainvestment.com/pension/nwEtcinfo/Notice.jsp?cmd=A_NW_33030View&num=47520,data/regulatory/sources/brokers/koreainvestment/ETF_REITs_LIST_RP_260831.xlsx,E4,3way,한국투자증권 퇴직연금 ETF 상품 현황(2026-08-31 기준) / TIGER 리츠부동산인프라10채권혼합액티브 / 0086C0 / 미래에셋 / 퇴직연금 투자한도 1,PSR_ART11_1_5,퇴직연금감독규정 제11조 제1항 제5호 (적립금 운용방법 등 (주식 50% 미만 채권혼합형 100% 안전자산)),,금융감독원 DART 투자설명서 신탁계약서 제16조 주식편입한도 대조 (증권사·운용사교차검증),한국투자증권 퇴직연금 ETF 상품 현황(2026-08-31 기준) 위험자산한도 1 대조 및 규제엔진 2자 합치 일치,2026-09-06,PASS (공식 검증 완료)
0087F0,KR70087F0003,ACE 차이나AI빅테크TOP2+액티브,한국투자신탁운용,주식-해외,가능,70% (위험자산),Y,높음,증권사·운용사교차검증,https://dis.kofia.or.kr/websquare/index.jsp?w2xPath=/wq/fundann/DISFundFeeCMS.xml&divisionId=MDIS01005001000000&serviceId=SDIS01005001000,data/regulatory/sources/kofia_evidence_extract_20260905.xml,E3,3way,한국투자ACE차이나AI빅테크TOP2+액티브증권상장지수투자신탁(주식) / 펀드유형: 주식형 / 표준코드: K55101EM0842 / 기준일: 20250725,MOEL_WRBA_RULE_ART10_1_2,근로자퇴직급여 보장법 시행규칙 제10조 제1항 제2호 (위험자산의 범위 및 운용기준 (DC 및 IRP 위험자산 투자한도 70%)),ED_WRBA_ART26_1_2,공식 출처 대조 (증권사·운용사교차검증),KOFIA 펀드유형: 주식형 (근로자퇴직급여 보장법 시행규칙 제10조 제1항 제2호: 주식형 집합투자증권 위험자산 70% 한도),2026-09-05,PASS (공식 검증 완료)
0088N0,KR70088N0002,WON K-글로벌수급상위,우리에셋자산운용,주식-해외,가능,70% (위험자산),Y,높음,협회공시대조,https://dis.kofia.or.kr/websquare/index.jsp?w2xPath=/wq/fundann/DISFundFeeCMS.xml&divisionId=MDIS01005001000000&serviceId=SDIS01005001000,data/regulatory/sources/kofia_evidence_extract_20260905.xml,E3,1way,우리WONK-글로벌수급상위증권상장지수투자신탁(주식) / 펀드유형: 주식형 / 표준코드: K55107EN0027 / 기준일: 20250811,MOEL_WRBA_RULE_ART10_1_2,근로자퇴직급여 보장법 시행규칙 제10조 제1항 제2호 (위험자산의 범위 및 운용기준 (DC 및 IRP 위험자산 투자한도 70%)),ED_WRBA_ART26_1_2,금융투자협회 전자공시서비스(DIS) 표준 펀드유형 '주식형' XML 전수 대조 (시행규칙 제10조제1항제2호 한도 70%),KOFIA 펀드유형: 주식형 (근로자퇴직급여 보장법 시행규칙 제10조 제1항 제2호: 주식형 집합투자증권 위험자산 70% 한도),2026-09-05,PASS (공식 검증 완료)
0089B0,KR70089B0005,PLUS 미국나스닥100미국채혼합50,한화자산운용,채권,가능,100% (안전자산),Y,높음,협회공시대조,https://dis.kofia.or.kr/websquare/index.jsp?w2xPath=/wq/fundann/DISFundFeeCMS.xml&divisionId=MDIS01005001000000&serviceId=SDIS01005001000,data/regulatory/sources/kofia_evidence_extract_20260905.xml,E3,1way,한화PLUS미국나스닥100미국채혼합50증권상장지수투자신탁(채권혼합) / 펀드유형: 혼합채권형 / 표준코드: K55213EM5556 / 기준일: 20250814,PSR_ART11_1_5,퇴직연금감독규정 제11조 제1항 제5호 (적립금 운용방법 등 (주식 50% 미만 채권혼합형 100% 안전자산)),,금융투자협회 전자공시(DIS) 표준 펀드유형 '혼합채권형' XML 대조 (약관상 주식 50% 미만 퇴직연금감독규정 제11조제1항제5호),KOFIA 펀드유형: 혼합채권형 (퇴직연금감독규정 제11조 제1항 제5호: 약관상 주식 투자한도 50% 미만 혼합채권형 안전자산 100% 한도),2026-09-05,PASS (공식 검증 완료)
0089C0,KR70089C0004,KODEX 미국S&P500변동성확대시커버드콜,삼성자산운용,주식-해외,가능,70% (위험자산),Y,높음,증권사·운용사교차검증,https://securities.koreainvestment.com/pension/nwEtcinfo/Notice.jsp?cmd=A_NW_33030View&num=47520,data/regulatory/sources/brokers/koreainvestment/ETF_REITs_LIST_RP_260831.xlsx,E4,3way,삼성자산운용 KODEX 공시 [0089C0 / KODEX 미국S&P500변동성확대시커버드콜 / ivPsbReti: 70%] & 한국투자증권 공시 [0089C0 / KODEX 미국S&P500변동성확대시커버드콜 / 위험자산한도: 0.7],MOEL_WRBA_RULE_ART10_1_2,근로자퇴직급여 보장법 시행규칙 제10조 제1항 제2호 (위험자산의 범위 및 운용기준 (DC 및 IRP 위험자산 투자한도 70%)),ED_WRBA_ART26_1_2,공식 출처 대조 (증권사·운용사교차검증),삼성자산운용 KODEX 연금투자 공시 [stkTicker: 0089C0 / ivPsbReti: 70%] 및 한국투자증권 공시 [단축코드: 0089C0 / 위험자산한도: 0.7] 100% 교차 일치,2026-09-06,PASS (공식 검증 완료)
0089D0,KR70089D0003,KODEX 금융고배당TOP10,삼성자산운용,주식-국내,가능,70% (위험자산),Y,높음,증권사·운용사교차검증,https://dis.kofia.or.kr/websquare/index.jsp?w2xPath=/wq/fundann/DISFundFeeCMS.xml&divisionId=MDIS01005001000000&serviceId=SDIS01005001000,data/regulatory/sources/kofia_evidence_extract_20260905.xml,E3,3way,삼성KODEX금융고배당TOP10증권상장지수투자신탁[주식] / 펀드유형: 주식형 / 표준코드: K55105EM2703 / 기준일: 20250811,MOEL_WRBA_RULE_ART10_1_2,근로자퇴직급여 보장법 시행규칙 제10조 제1항 제2호 (위험자산의 범위 및 운용기준 (DC 및 IRP 위험자산 투자한도 70%)),ED_WRBA_ART26_1_2,공식 출처 대조 (증권사·운용사교차검증),KOFIA 펀드유형: 주식형 (근로자퇴직급여 보장법 시행규칙 제10조 제1항 제2호: 주식형 집합투자증권 위험자산 70% 한도),2026-09-05,PASS (공식 검증 완료)
0090B0,KR70090B0002,PLUS K방산소부장,한화자산운용,주식-국내,가능,70% (위험자산),Y,높음,증권사·운용사교차검증,https://dis.kofia.or.kr/websquare/index.jsp?w2xPath=/wq/fundann/DISFundFeeCMS.xml&divisionId=MDIS01005001000000&serviceId=SDIS01005001000,data/regulatory/sources/kofia_evidence_extract_20260905.xml,E3,3way,한화PLUSK방산소부장증권상장지수투자신탁(주식) / 펀드유형: 주식형 / 표준코드: K55213EM5713 / 기준일: 20250825,MOEL_WRBA_RULE_ART10_1_2,근로자퇴직급여 보장법 시행규칙 제10조 제1항 제2호 (위험자산의 범위 및 운용기준 (DC 및 IRP 위험자산 투자한도 70%)),ED_WRBA_ART26_1_2,공식 출처 대조 (증권사·운용사교차검증),KOFIA 펀드유형: 주식형 (근로자퇴직급여 보장법 시행규칙 제10조 제1항 제2호: 주식형 집합투자증권 위험자산 70% 한도),2026-09-05,PASS (공식 검증 완료)
0091C0,KR70091C0000,KODEX 미국10년국채액티브(H),삼성자산운용,채권,가능,100% (안전자산),Y,높음,증권사·운용사교차검증,https://securities.koreainvestment.com/pension/nwEtcinfo/Notice.jsp?cmd=A_NW_33030View&num=47520,data/regulatory/sources/brokers/koreainvestment/ETF_REITs_LIST_RP_260831.xlsx,E4,3way,삼성자산운용 KODEX 공시 [0091C0 / KODEX 미국10년국채액티브(H) / ivPsbReti: 100%] & 한국투자증권 공시 [0091C0 / KODEX 미국10년국채액티브(H) / 위험자산한도: 1.0],PSR_ART11_1_4,퇴직연금감독규정 제11조 제1항 제4호 (적립금 운용방법 등 (원리금보장 및 채권형 등 100% 안전자산)),,금융감독원 DART 투자설명서 대조 (증권사·운용사교차검증),삼성자산운용 KODEX 연금투자 공시 [stkTicker: 0091C0 / ivPsbReti: 100%] 및 한국투자증권 공시 [단축코드: 0091C0 / 위험자산한도: 1.0] 100% 교차 일치,2026-09-06,PASS (공식 검증 완료)
0091M0,KR70091M0008,HANARO 27-06 회사채(AA-이상)액티브,NH-Amundi자산운용,채권,가능,100% (안전자산),Y,높음,협회공시대조,https://dis.kofia.or.kr/websquare/index.jsp?w2xPath=/wq/fundann/DISFundFeeCMS.xml&divisionId=MDIS01005001000000&serviceId=SDIS01005001000,data/regulatory/sources/kofia_evidence_extract_20260905.xml,E3,1way,NH-AmundiHANARO27-06회사채(AA-이상)액티브증권상장지수투자신탁(채권) / 펀드유형: 채권형 / 표준코드: K55232EN3029 / 기준일: 20250825,PSR_ART11_1_4,퇴직연금감독규정 제11조 제1항 제4호 (적립금 운용방법 등 (원리금보장 및 채권형 등 100% 안전자산)),,금융투자협회 전자공시서비스(DIS) 표준 펀드유형 '채권형' XML 전수 대조,KOFIA 펀드유형: 채권형 (퇴직연금감독규정 제11조 제1항 제4호: 원리금보장 및 채권형 안전자산 (100% 편입 가능)),2026-09-05,PASS (공식 검증 완료)
0091P0,KR70091P0005,TIGER 코리아원자력,미래에셋자산운용,주식-국내,가능,70% (위험자산),Y,높음,증권사·운용사교차검증,https://dis.kofia.or.kr/websquare/index.jsp?w2xPath=/wq/fundann/DISFundFeeCMS.xml&divisionId=MDIS01005001000000&serviceId=SDIS01005001000,data/regulatory/sources/kofia_evidence_extract_20260905.xml,E3,3way,미래에셋TIGER코리아원자력증권상장지수투자신탁(주식) / 펀드유형: 주식형 / 표준코드: K55301EM4685 / 기준일: 20250818,MOEL_WRBA_RULE_ART10_1_2,근로자퇴직급여 보장법 시행규칙 제10조 제1항 제2호 (위험자산의 범위 및 운용기준 (DC 및 IRP 위험자산 투자한도 70%)),ED_WRBA_ART26_1_2,공식 출처 대조 (증권사·운용사교차검증),KOFIA 펀드유형: 주식형 (근로자퇴직급여 보장법 시행규칙 제10조 제1항 제2호: 주식형 집합투자증권 위험자산 70% 한도),2026-09-05,PASS (공식 검증 완료)
0092B0,KR70092B0000,SOL 한국원자력SMR,신한자산운용,주식-국내,가능,70% (위험자산),Y,높음,협회공시대조,https://dis.kofia.or.kr/websquare/index.jsp?w2xPath=/wq/fundann/DISFundFeeCMS.xml&divisionId=MDIS01005001000000&serviceId=SDIS01005001000,data/regulatory/sources/kofia_evidence_extract_20260905.xml,E3,1way,신한SOL한국원자력SMR증권상장지수투자신탁[주식] / 펀드유형: 주식형 / 표준코드: K55210EM3158 / 기준일: 20250818,MOEL_WRBA_RULE_ART10_1_2,근로자퇴직급여 보장법 시행규칙 제10조 제1항 제2호 (위험자산의 범위 및 운용기준 (DC 및 IRP 위험자산 투자한도 70%)),ED_WRBA_ART26_1_2,금융투자협회 전자공시서비스(DIS) 표준 펀드유형 '주식형' XML 전수 대조 (시행규칙 제10조제1항제2호 한도 70%),KOFIA 펀드유형: 주식형 (근로자퇴직급여 보장법 시행규칙 제10조 제1항 제2호: 주식형 집합투자증권 위험자산 70% 한도),2026-09-05,PASS (공식 검증 완료)
0092C0,KR70092C0009,SOL 27-12 회사채(AA-이상)액티브,신한자산운용,채권,가능,100% (안전자산),Y,높음,협회공시대조,https://dis.kofia.or.kr/websquare/index.jsp?w2xPath=/wq/fundann/DISFundFeeCMS.xml&divisionId=MDIS01005001000000&serviceId=SDIS01005001000,data/regulatory/sources/kofia_evidence_extract_20260905.xml,E3,1way,신한SOL27-12회사채(AA-이상)액티브증권상장지수투자신탁[채권] / 펀드유형: 채권형 / 표준코드: K55210EM3463 / 기준일: 20250818,PSR_ART11_1_4,퇴직연금감독규정 제11조 제1항 제4호 (적립금 운용방법 등 (원리금보장 및 채권형 등 100% 안전자산)),,금융투자협회 전자공시서비스(DIS) 표준 펀드유형 '채권형' XML 전수 대조,KOFIA 펀드유형: 채권형 (퇴직연금감독규정 제11조 제1항 제4호: 원리금보장 및 채권형 안전자산 (100% 편입 가능)),2026-09-05,PASS (공식 검증 완료)
0093A0,KR70093A0000,RISE AI반도체TOP10,KB자산운용,주식-국내,가능,70% (위험자산),Y,높음,증권사·운용사교차검증,https://dis.kofia.or.kr/websquare/index.jsp?w2xPath=/wq/fundann/DISFundFeeCMS.xml&divisionId=MDIS01005001000000&serviceId=SDIS01005001000,data/regulatory/sources/kofia_evidence_extract_20260905.xml,E3,3way,KBRISEAI반도체TOP10증권상장지수투자신탁(주식) / 펀드유형: 주식형 / 표준코드: K55223EM4862 / 기준일: 20250825,MOEL_WRBA_RULE_ART10_1_2,근로자퇴직급여 보장법 시행규칙 제10조 제1항 제2호 (위험자산의 범위 및 운용기준 (DC 및 IRP 위험자산 투자한도 70%)),ED_WRBA_ART26_1_2,공식 출처 대조 (증권사·운용사교차검증),KOFIA 펀드유형: 주식형 (근로자퇴직급여 보장법 시행규칙 제10조 제1항 제2호: 주식형 집합투자증권 위험자산 70% 한도),2026-09-05,PASS (공식 검증 완료)
0093B0,KR70093B0009,RISE 엔비디아고정테크100,KB자산운용,주식-해외,가능,70% (위험자산),Y,높음,증권사·운용사교차검증,https://dis.kofia.or.kr/websquare/index.jsp?w2xPath=/wq/fundann/DISFundFeeCMS.xml&divisionId=MDIS01005001000000&serviceId=SDIS01005001000,data/regulatory/sources/kofia_evidence_extract_20260905.xml,E3,3way,KBRISE엔비디아고정테크100증권상장지수투자신탁(주식) / 펀드유형: 주식형 / 표준코드: K55223EM3724 / 기준일: 20250822,MOEL_WRBA_RULE_ART10_1_2,근로자퇴직급여 보장법 시행규칙 제10조 제1항 제2호 (위험자산의 범위 및 운용기준 (DC 및 IRP 위험자산 투자한도 70%)),ED_WRBA_ART26_1_2,공식 출처 대조 (증권사·운용사교차검증),KOFIA 펀드유형: 주식형 (근로자퇴직급여 보장법 시행규칙 제10조 제1항 제2호: 주식형 집합투자증권 위험자산 70% 한도),2026-09-05,PASS (공식 검증 완료)
0093D0,KR70093D0007,KoAct 팔란티어밸류체인액티브,기타,주식-해외,가능,70% (위험자산),Y,높음,협회공시대조,https://dis.kofia.or.kr/websquare/index.jsp?w2xPath=/wq/fundann/DISFundFeeCMS.xml&divisionId=MDIS01005001000000&serviceId=SDIS01005001000,data/regulatory/sources/kofia_evidence_extract_20260905.xml,E3,1way,삼성액티브KoAct팔란티어밸류체인액티브증권상장지수투자신탁[주식] / 펀드유형: 주식형 / 표준코드: K553N9EF9815 / 기준일: 20250822,MOEL_WRBA_RULE_ART10_1_2,근로자퇴직급여 보장법 시행규칙 제10조 제1항 제2호 (위험자산의 범위 및 운용기준 (DC 및 IRP 위험자산 투자한도 70%)),ED_WRBA_ART26_1_2,금융투자협회 전자공시서비스(DIS) 표준 펀드유형 '주식형' XML 전수 대조 (시행규칙 제10조제1항제2호 한도 70%),KOFIA 펀드유형: 주식형 (근로자퇴직급여 보장법 시행규칙 제10조 제1항 제2호: 주식형 집합투자증권 위험자산 70% 한도),2026-09-05,PASS (공식 검증 완료)
0094K0,KR70094K0007,TIGER 28-04 회사채(A+이상)액티브,미래에셋자산운용,채권,가능,100% (안전자산),Y,높음,증권사·운용사교차검증,https://dis.kofia.or.kr/websquare/index.jsp?w2xPath=/wq/fundann/DISFundFeeCMS.xml&divisionId=MDIS01005001000000&serviceId=SDIS01005001000,data/regulatory/sources/kofia_evidence_extract_20260905.xml,E3,3way,미래에셋TIGER28-04회사채(A+이상)액티브증권상장지수투자신탁(채권) / 펀드유형: 채권형 / 표준코드: K55301EM5013 / 기준일: 20250822,PSR_ART11_1_4,퇴직연금감독규정 제11조 제1항 제4호 (적립금 운용방법 등 (원리금보장 및 채권형 등 100% 안전자산)),,금융감독원 DART 투자설명서 대조 (증권사·운용사교차검증),KOFIA 펀드유형: 채권형 (퇴직연금감독규정 제11조 제1항 제4호: 원리금보장 및 채권형 안전자산 (100% 편입 가능)),2026-09-05,PASS (공식 검증 완료)
0094L0,KR70094L0006,RISE 차이나테크TOP10위클리타겟커버드콜,KB자산운용,주식-해외,가능,70% (위험자산),Y,높음,증권사·운용사교차검증,https://securities.koreainvestment.com/pension/nwEtcinfo/Notice.jsp?cmd=A_NW_33030View&num=47520,data/regulatory/sources/brokers/koreainvestment/ETF_REITs_LIST_RP_260831.xlsx,E4,3way,한국투자증권 퇴직연금 ETF 상품 현황(2026-08-31 기준) / RISE 차이나테크TOP10위클리타겟커버드콜 / 0094L0 / KB / 퇴직연금 투자한도 0.7,MOEL_WRBA_RULE_ART10_1_2,근로자퇴직급여 보장법 시행규칙 제10조 제1항 제2호 (위험자산의 범위 및 운용기준 (DC 및 IRP 위험자산 투자한도 70%)),ED_WRBA_ART26_1_2,공식 출처 대조 (증권사·운용사교차검증),한국투자증권 퇴직연금 ETF 상품 현황(2026-08-31 기준) 위험자산한도 0.7 대조 및 규제엔진 2자 합치 일치,2026-09-06,PASS (공식 검증 완료)
0094M0,KR70094M0005,RISE 코리아밸류업위클리고정커버드콜,KB자산운용,주식-국내,가능,70% (위험자산),Y,높음,증권사·운용사교차검증,https://securities.koreainvestment.com/pension/nwEtcinfo/Notice.jsp?cmd=A_NW_33030View&num=47520,data/regulatory/sources/brokers/koreainvestment/ETF_REITs_LIST_RP_260831.xlsx,E4,3way,한국투자증권 퇴직연금 ETF 상품 현황(2026-08-31 기준) / RISE 코리아밸류업위클리고정커버드콜 / 0094M0 / KB / 퇴직연금 투자한도 0.7,MOEL_WRBA_RULE_ART10_1_2,근로자퇴직급여 보장법 시행규칙 제10조 제1항 제2호 (위험자산의 범위 및 운용기준 (DC 및 IRP 위험자산 투자한도 70%)),ED_WRBA_ART26_1_2,공식 출처 대조 (증권사·운용사교차검증),한국투자증권 퇴직연금 ETF 상품 현황(2026-08-31 기준) 위험자산한도 0.7 대조 및 규제엔진 2자 합치 일치,2026-09-06,PASS (공식 검증 완료)
0094X0,KR70094X0002,1Q 샤오미밸류체인액티브,하나자산운용,주식-해외,가능,70% (위험자산),Y,높음,협회공시대조,https://dis.kofia.or.kr/websquare/index.jsp?w2xPath=/wq/fundann/DISFundFeeCMS.xml&divisionId=MDIS01005001000000&serviceId=SDIS01005001000,data/regulatory/sources/kofia_evidence_extract_20260905.xml,E3,1way,하나1Q샤오미밸류체인액티브증권상장지수투자신탁[주식] / 펀드유형: 주식형 / 표준코드: K55102EN6979 / 기준일: 20250829,MOEL_WRBA_RULE_ART10_1_2,근로자퇴직급여 보장법 시행규칙 제10조 제1항 제2호 (위험자산의 범위 및 운용기준 (DC 및 IRP 위험자산 투자한도 70%)),ED_WRBA_ART26_1_2,금융투자협회 전자공시서비스(DIS) 표준 펀드유형 '주식형' XML 전수 대조 (시행규칙 제10조제1항제2호 한도 70%),KOFIA 펀드유형: 주식형 (근로자퇴직급여 보장법 시행규칙 제10조 제1항 제2호: 주식형 집합투자증권 위험자산 70% 한도),2026-09-05,PASS (공식 검증 완료)
0097L0,KR70097L0003,KIWOOM 한국고배당&미국AI테크,키움투자자산운용,주식-해외,가능,70% (위험자산),Y,높음,협회공시대조,https://dis.kofia.or.kr/websquare/index.jsp?w2xPath=/wq/fundann/DISFundFeeCMS.xml&divisionId=MDIS01005001000000&serviceId=SDIS01005001000,data/regulatory/sources/kofia_evidence_extract_20260905.xml,E3,1way,키움KIWOOM한국고배당&amp;미국AI테크증권상장지수투자신탁[주식] / 펀드유형: 주식형 / 표준코드: K55206EN5646 / 기준일: 20250829,MOEL_WRBA_RULE_ART10_1_2,근로자퇴직급여 보장법 시행규칙 제10조 제1항 제2호 (위험자산의 범위 및 운용기준 (DC 및 IRP 위험자산 투자한도 70%)),ED_WRBA_ART26_1_2,금융투자협회 전자공시서비스(DIS) 표준 펀드유형 '주식형' XML 전수 대조 (시행규칙 제10조제1항제2호 한도 70%),KOFIA 펀드유형: 주식형 (근로자퇴직급여 보장법 시행규칙 제10조 제1항 제2호: 주식형 집합투자증권 위험자산 70% 한도),2026-09-05,PASS (공식 검증 완료)
0098F0,KR70098F0000,KODEX 원자력SMR,삼성자산운용,주식-국내,가능,70% (위험자산),Y,높음,증권사·운용사교차검증,https://dis.kofia.or.kr/websquare/index.jsp?w2xPath=/wq/fundann/DISFundFeeCMS.xml&divisionId=MDIS01005001000000&serviceId=SDIS01005001000,data/regulatory/sources/kofia_evidence_extract_20260905.xml,E3,3way,삼성KODEX원자력SMR증권상장지수투자신탁[주식] / 펀드유형: 주식형 / 표준코드: K55105EN0391 / 기준일: 20250915,MOEL_WRBA_RULE_ART10_1_2,근로자퇴직급여 보장법 시행규칙 제10조 제1항 제2호 (위험자산의 범위 및 운용기준 (DC 및 IRP 위험자산 투자한도 70%)),ED_WRBA_ART26_1_2,공식 출처 대조 (증권사·운용사교차검증),KOFIA 펀드유형: 주식형 (근로자퇴직급여 보장법 시행규칙 제10조 제1항 제2호: 주식형 집합투자증권 위험자산 70% 한도),2026-09-05,PASS (공식 검증 완료)
0098N0,KR70098N0000,PLUS 자사주매입고배당주,한화자산운용,주식-국내,가능,70% (위험자산),Y,높음,증권사·운용사교차검증,https://dis.kofia.or.kr/websquare/index.jsp?w2xPath=/wq/fundann/DISFundFeeCMS.xml&divisionId=MDIS01005001000000&serviceId=SDIS01005001000,data/regulatory/sources/kofia_evidence_extract_20260905.xml,E3,3way,한화PLUS자사주매입고배당주증권상장지수투자신탁(주식) / 펀드유형: 주식형 / 표준코드: K55213EM9962 / 기준일: 20250915,MOEL_WRBA_RULE_ART10_1_2,근로자퇴직급여 보장법 시행규칙 제10조 제1항 제2호 (위험자산의 범위 및 운용기준 (DC 및 IRP 위험자산 투자한도 70%)),ED_WRBA_ART26_1_2,공식 출처 대조 (증권사·운용사교차검증),KOFIA 펀드유형: 주식형 (근로자퇴직급여 보장법 시행규칙 제10조 제1항 제2호: 주식형 집합투자증권 위험자산 70% 한도),2026-09-05,PASS (공식 검증 완료)
0098Z0,KR70098Z0006,FOCUS 200,하나자산운용,주식-국내,가능,70% (위험자산),Y,높음,협회공시대조,https://dis.kofia.or.kr/websquare/index.jsp?w2xPath=/wq/fundann/DISFundFeeCMS.xml&divisionId=MDIS01005001000000&serviceId=SDIS01005001000,data/regulatory/sources/kofia_evidence_extract_20260905.xml,E3,1way,브이아이FOCUS200증권상장지수투자신탁[주식] / 펀드유형: 주식형 / 표준코드: K55104EN5177 / 기준일: 20250922,MOEL_WRBA_RULE_ART10_1_2,근로자퇴직급여 보장법 시행규칙 제10조 제1항 제2호 (위험자산의 범위 및 운용기준 (DC 및 IRP 위험자산 투자한도 70%)),ED_WRBA_ART26_1_2,금융투자협회 전자공시서비스(DIS) 표준 펀드유형 '주식형' XML 전수 대조 (시행규칙 제10조제1항제2호 한도 70%),KOFIA 펀드유형: 주식형 (근로자퇴직급여 보장법 시행규칙 제10조 제1항 제2호: 주식형 집합투자증권 위험자산 70% 한도),2026-09-05,PASS (공식 검증 완료)
0099L0,KR70099L0001,ACE 우량회사채(AA-이상)액티브,한국투자신탁운용,채권,가능,100% (안전자산),Y,높음,증권사·운용사교차검증,https://dis.kofia.or.kr/websquare/index.jsp?w2xPath=/wq/fundann/DISFundFeeCMS.xml&divisionId=MDIS01005001000000&serviceId=SDIS01005001000,data/regulatory/sources/kofia_evidence_extract_20260905.xml,E3,3way,한국투자ACE우량회사채(AA-이상)액티브증권상장지수투자신탁(채권) / 펀드유형: 채권형 / 표준코드: K55101EN6525 / 기준일: 20250908,PSR_ART11_1_4,퇴직연금감독규정 제11조 제1항 제4호 (적립금 운용방법 등 (원리금보장 및 채권형 등 100% 안전자산)),,금융감독원 DART 투자설명서 대조 (증권사·운용사교차검증),KOFIA 펀드유형: 채권형 (퇴직연금감독규정 제11조 제1항 제4호: 원리금보장 및 채권형 안전자산 (100% 편입 가능)),2026-09-05,PASS (공식 검증 완료)
0100K0,KR70100K0009,KODEX 방산TOP10레버리지,삼성자산운용,주식-국내,불가,불가,Y,보통,법령조건직접판정,https://www.law.go.kr/LSW//admRulInfoP.do?admRulSeq=2100000244795&chrClsCd=010201,data/regulatory/sources/statutes/퇴직연금감독규정_20260905.txt,RULE_NAME,1way,퇴직연금감독규정 제9조 제1항 제2호 마목: 상장지수집합투자기구가 목표로 하는 지수의 변화에 1배를 초과하거나 음의 배율로 연동하여 운용하는 것은 제외한다,PSR_ART9_1_2,퇴직연금감독규정 제9조 제1항 제2호 마목 (증권 및 기타 적립금 운용방법의 종류 등 (1배수 상장지수집합투자기구 파생위험평가액 100% 한도 허용)),,퇴직연금감독규정 제9조 제1항 제2호 마목 단서 (1배 초과 또는 음의 배율 연동 배제),명칭 기반 배수 식별 및 퇴직연금감독규정 제9조 제1항 제2호 마목 단서 적용,2026-09-05,PASS (공식 검증 완료)
0101N0,KR70101N0005,RISE AI전력인프라,KB자산운용,리츠·인프라,가능,70% (위험자산),Y,높음,증권사·운용사교차검증,https://dis.kofia.or.kr/websquare/index.jsp?w2xPath=/wq/fundann/DISFundFeeCMS.xml&divisionId=MDIS01005001000000&serviceId=SDIS01005001000,data/regulatory/sources/kofia_evidence_extract_20260905.xml,E3,3way,KBRISEAI전력인프라증권상장지수투자신탁(주식) / 펀드유형: 주식형 / 표준코드: K55223EN7310 / 기준일: 20250922,ED_FSCMA_ART240_4,자본시장과 금융투자업에 관한 법률 시행령 제240조 (집합투자기구의 종류별 최소투자비율 등 (부동산/리츠 집합투자기구)),PSR_ART11_2,공식 출처 대조 (증권사·운용사교차검증),KOFIA 펀드유형: 주식형 (근로자퇴직급여 보장법 시행규칙 제10조 제1항 제2호: 주식형 집합투자증권 위험자산 70% 한도),2026-09-05,PASS (공식 검증 완료)
0102A0,KR70102A0009,TIGER 미국AI소프트웨어TOP4Plus,미래에셋자산운용,주식-해외,가능,70% (위험자산),Y,높음,증권사·운용사교차검증,https://dis.kofia.or.kr/websquare/index.jsp?w2xPath=/wq/fundann/DISFundFeeCMS.xml&divisionId=MDIS01005001000000&serviceId=SDIS01005001000,data/regulatory/sources/kofia_evidence_extract_20260905.xml,E3,3way,미래에셋TIGER미국AI소프트웨어TOP4Plus증권상장지수투자신탁(주식) / 펀드유형: 주식형 / 표준코드: K55301EM5526 / 기준일: 20250905,MOEL_WRBA_RULE_ART10_1_2,근로자퇴직급여 보장법 시행규칙 제10조 제1항 제2호 (위험자산의 범위 및 운용기준 (DC 및 IRP 위험자산 투자한도 70%)),ED_WRBA_ART26_1_2,공식 출처 대조 (증권사·운용사교차검증),KOFIA 펀드유형: 주식형 (근로자퇴직급여 보장법 시행규칙 제10조 제1항 제2호: 주식형 집합투자증권 위험자산 70% 한도),2026-09-05,PASS (공식 검증 완료)
0102X0,KR70102X0002,ACE 유럽방산TOP10,한국투자신탁운용,주식-해외,가능,70% (위험자산),Y,높음,증권사·운용사교차검증,https://dis.kofia.or.kr/websquare/index.jsp?w2xPath=/wq/fundann/DISFundFeeCMS.xml&divisionId=MDIS01005001000000&serviceId=SDIS01005001000,data/regulatory/sources/kofia_evidence_extract_20260905.xml,E3,3way,한국투자ACE유럽방산TOP10증권상장지수투자신탁(주식) / 펀드유형: 주식형 / 표준코드: K55101EN6293 / 기준일: 20250919,MOEL_WRBA_RULE_ART10_1_2,근로자퇴직급여 보장법 시행규칙 제10조 제1항 제2호 (위험자산의 범위 및 운용기준 (DC 및 IRP 위험자산 투자한도 70%)),ED_WRBA_ART26_1_2,공식 출처 대조 (증권사·운용사교차검증),KOFIA 펀드유형: 주식형 (근로자퇴직급여 보장법 시행규칙 제10조 제1항 제2호: 주식형 집합투자증권 위험자산 70% 한도),2026-09-05,PASS (공식 검증 완료)
0103T0,KR70103T0007,1Q K소버린AI,하나자산운용,주식-국내,가능,70% (위험자산),Y,높음,협회공시대조,https://dis.kofia.or.kr/websquare/index.jsp?w2xPath=/wq/fundann/DISFundFeeCMS.xml&divisionId=MDIS01005001000000&serviceId=SDIS01005001000,data/regulatory/sources/kofia_evidence_extract_20260905.xml,E3,1way,하나1QK소버린AI증권상장지수투자신탁[주식] / 펀드유형: 주식형 / 표준코드: K55102EN9924 / 기준일: 20250929,MOEL_WRBA_RULE_ART10_1_2,근로자퇴직급여 보장법 시행규칙 제10조 제1항 제2호 (위험자산의 범위 및 운용기준 (DC 및 IRP 위험자산 투자한도 70%)),ED_WRBA_ART26_1_2,금융투자협회 전자공시서비스(DIS) 표준 펀드유형 '주식형' XML 전수 대조 (시행규칙 제10조제1항제2호 한도 70%),KOFIA 펀드유형: 주식형 (근로자퇴직급여 보장법 시행규칙 제10조 제1항 제2호: 주식형 집합투자증권 위험자산 70% 한도),2026-09-05,PASS (공식 검증 완료)
0104G0,KR70104G0001,PLUS K방산레버리지,한화자산운용,주식-국내,불가,불가,Y,보통,법령조건직접판정,https://www.law.go.kr/LSW//admRulInfoP.do?admRulSeq=2100000244795&chrClsCd=010201,data/regulatory/sources/statutes/퇴직연금감독규정_20260905.txt,RULE_NAME,1way,퇴직연금감독규정 제9조 제1항 제2호 마목: 상장지수집합투자기구가 목표로 하는 지수의 변화에 1배를 초과하거나 음의 배율로 연동하여 운용하는 것은 제외한다,PSR_ART9_1_2,퇴직연금감독규정 제9조 제1항 제2호 마목 (증권 및 기타 적립금 운용방법의 종류 등 (1배수 상장지수집합투자기구 파생위험평가액 100% 한도 허용)),,퇴직연금감독규정 제9조 제1항 제2호 마목 단서 (1배 초과 또는 음의 배율 연동 배제),명칭 기반 배수 식별 및 퇴직연금감독규정 제9조 제1항 제2호 마목 단서 적용,2026-09-05,PASS (공식 검증 완료)
0104H0,KR70104H0000,KoAct 미국나스닥채권혼합50액티브,기타,채권,가능,100% (안전자산),Y,높음,협회공시대조,https://dis.kofia.or.kr/websquare/index.jsp?w2xPath=/wq/fundann/DISFundFeeCMS.xml&divisionId=MDIS01005001000000&serviceId=SDIS01005001000,data/regulatory/sources/kofia_evidence_extract_20260905.xml,E3,1way,삼성액티브KoAct미국나스닥채권혼합50액티브증권상장지수투자신탁[채권혼합] / 펀드유형: 혼합채권형 / 표준코드: K553N9EG1423 / 기준일: 20250926,PSR_ART11_1_5,퇴직연금감독규정 제11조 제1항 제5호 (적립금 운용방법 등 (주식 50% 미만 채권혼합형 100% 안전자산)),,금융투자협회 전자공시(DIS) 표준 펀드유형 '혼합채권형' XML 대조 (약관상 주식 50% 미만 퇴직연금감독규정 제11조제1항제5호),KOFIA 펀드유형: 혼합채권형 (퇴직연금감독규정 제11조 제1항 제5호: 약관상 주식 투자한도 50% 미만 혼합채권형 안전자산 100% 한도),2026-09-05,PASS (공식 검증 완료)
0104N0,KR70104N0002,TIGER 200타겟위클리커버드콜,미래에셋자산운용,주식-국내,가능,70% (위험자산),Y,높음,증권사·운용사교차검증,https://dis.kofia.or.kr/websquare/index.jsp?w2xPath=/wq/fundann/DISFundFeeCMS.xml&divisionId=MDIS01005001000000&serviceId=SDIS01005001000,data/regulatory/sources/kofia_evidence_extract_20260905.xml,E3,3way,미래에셋TIGER200타겟위클리커버드콜증권상장지수투자신탁(주식) / 펀드유형: 주식형 / 표준코드: K55301EN6416 / 기준일: 20250919,MOEL_WRBA_RULE_ART10_1_2,근로자퇴직급여 보장법 시행규칙 제10조 제1항 제2호 (위험자산의 범위 및 운용기준 (DC 및 IRP 위험자산 투자한도 70%)),ED_WRBA_ART26_1_2,공식 출처 대조 (증권사·운용사교차검증),KOFIA 펀드유형: 주식형 (근로자퇴직급여 보장법 시행규칙 제10조 제1항 제2호: 주식형 집합투자증권 위험자산 70% 한도),2026-09-05,PASS (공식 검증 완료)
0104P0,KR70104P0000,TIGER 코리아배당다우존스위클리커버드콜,미래에셋자산운용,주식-해외,가능,70% (위험자산),Y,높음,증권사·운용사교차검증,https://securities.koreainvestment.com/pension/nwEtcinfo/Notice.jsp?cmd=A_NW_33030View&num=47520,data/regulatory/sources/brokers/koreainvestment/ETF_REITs_LIST_RP_260831.xlsx,E4,3way,한국투자증권 퇴직연금 ETF 상품 현황(2026-08-31 기준) / TIGER 코리아배당다우존스위클리커버드콜 / 0104P0 / 미래에셋 / 퇴직연금 투자한도 0.7,MOEL_WRBA_RULE_ART10_1_2,근로자퇴직급여 보장법 시행규칙 제10조 제1항 제2호 (위험자산의 범위 및 운용기준 (DC 및 IRP 위험자산 투자한도 70%)),ED_WRBA_ART26_1_2,공식 출처 대조 (증권사·운용사교차검증),한국투자증권 퇴직연금 ETF 상품 현황(2026-08-31 기준) 위험자산한도 0.7 대조 및 규제엔진 2자 합치 일치,2026-09-06,PASS (공식 검증 완료)
0105D0,KR70105D0003,SOL 한국AI소프트웨어,신한자산운용,주식-국내,가능,70% (위험자산),Y,높음,협회공시대조,https://dis.kofia.or.kr/websquare/index.jsp?w2xPath=/wq/fundann/DISFundFeeCMS.xml&divisionId=MDIS01005001000000&serviceId=SDIS01005001000,data/regulatory/sources/kofia_evidence_extract_20260905.xml,E3,1way,신한SOL한국AI소프트웨어증권상장지수투자신탁[주식] / 펀드유형: 주식형 / 표준코드: K55210EN5913 / 기준일: 20250922,MOEL_WRBA_RULE_ART10_1_2,근로자퇴직급여 보장법 시행규칙 제10조 제1항 제2호 (위험자산의 범위 및 운용기준 (DC 및 IRP 위험자산 투자한도 70%)),ED_WRBA_ART26_1_2,금융투자협회 전자공시서비스(DIS) 표준 펀드유형 '주식형' XML 전수 대조 (시행규칙 제10조제1항제2호 한도 70%),KOFIA 펀드유형: 주식형 (근로자퇴직급여 보장법 시행규칙 제10조 제1항 제2호: 주식형 집합투자증권 위험자산 70% 한도),2026-09-05,PASS (공식 검증 완료)
0105E0,KR70105E0002,SOL 코리아고배당,신한자산운용,주식-국내,가능,70% (위험자산),Y,높음,협회공시대조,https://dis.kofia.or.kr/websquare/index.jsp?w2xPath=/wq/fundann/DISFundFeeCMS.xml&divisionId=MDIS01005001000000&serviceId=SDIS01005001000,data/regulatory/sources/kofia_evidence_extract_20260905.xml,E3,1way,신한SOL코리아고배당증권상장지수투자신탁[주식] / 펀드유형: 주식형 / 표준코드: K55210EN5491 / 기준일: 20250922,MOEL_WRBA_RULE_ART10_1_2,근로자퇴직급여 보장법 시행규칙 제10조 제1항 제2호 (위험자산의 범위 및 운용기준 (DC 및 IRP 위험자산 투자한도 70%)),ED_WRBA_ART26_1_2,금융투자협회 전자공시서비스(DIS) 표준 펀드유형 '주식형' XML 전수 대조 (시행규칙 제10조제1항제2호 한도 70%),KOFIA 펀드유형: 주식형 (근로자퇴직급여 보장법 시행규칙 제10조 제1항 제2호: 주식형 집합투자증권 위험자산 70% 한도),2026-09-05,PASS (공식 검증 완료)
0107F0,KR70107F0009,KIWOOM 미국고배당&AI테크,키움투자자산운용,주식-해외,가능,70% (위험자산),Y,높음,협회공시대조,https://dis.kofia.or.kr/websquare/index.jsp?w2xPath=/wq/fundann/DISFundFeeCMS.xml&divisionId=MDIS01005001000000&serviceId=SDIS01005001000,data/regulatory/sources/kofia_evidence_extract_20260905.xml,E3,1way,키움KIWOOM미국고배당&amp;AI테크증권상장지수투자신탁[주식] / 펀드유형: 주식형 / 표준코드: K55206EN6289 / 기준일: 20250919,MOEL_WRBA_RULE_ART10_1_2,근로자퇴직급여 보장법 시행규칙 제10조 제1항 제2호 (위험자산의 범위 및 운용기준 (DC 및 IRP 위험자산 투자한도 70%)),ED_WRBA_ART26_1_2,금융투자협회 전자공시서비스(DIS) 표준 펀드유형 '주식형' XML 전수 대조 (시행규칙 제10조제1항제2호 한도 70%),KOFIA 펀드유형: 주식형 (근로자퇴직급여 보장법 시행규칙 제10조 제1항 제2호: 주식형 집합투자증권 위험자산 70% 한도),2026-09-05,PASS (공식 검증 완료)
0111J0,KR70111J0009,HANARO 증권고배당TOP3플러스,NH-Amundi자산운용,주식-국내,가능,70% (위험자산),Y,높음,협회공시대조,https://dis.kofia.or.kr/websquare/index.jsp?w2xPath=/wq/fundann/DISFundFeeCMS.xml&divisionId=MDIS01005001000000&serviceId=SDIS01005001000,data/regulatory/sources/kofia_evidence_extract_20260905.xml,E3,1way,NH-AmundiHANARO증권고배당TOP3플러스증권상장지수투자신탁[주식] / 펀드유형: 주식형 / 표준코드: K55232EP4074 / 기준일: 20251027,MOEL_WRBA_RULE_ART10_1_2,근로자퇴직급여 보장법 시행규칙 제10조 제1항 제2호 (위험자산의 범위 및 운용기준 (DC 및 IRP 위험자산 투자한도 70%)),ED_WRBA_ART26_1_2,금융투자협회 전자공시서비스(DIS) 표준 펀드유형 '주식형' XML 전수 대조 (시행규칙 제10조제1항제2호 한도 70%),KOFIA 펀드유형: 주식형 (근로자퇴직급여 보장법 시행규칙 제10조 제1항 제2호: 주식형 집합투자증권 위험자산 70% 한도),2026-09-05,PASS (공식 검증 완료)
0111P0,KR70111P0001,1Q 미국나스닥100미국채혼합50액티브,하나자산운용,채권,가능,100% (안전자산),Y,높음,협회공시대조,https://dis.kofia.or.kr/websquare/index.jsp?w2xPath=/wq/fundann/DISFundFeeCMS.xml&divisionId=MDIS01005001000000&serviceId=SDIS01005001000,data/regulatory/sources/kofia_evidence_extract_20260905.xml,E3,1way,하나1Q미국나스닥100미국채혼합50액티브증권상장지수투자신탁[채권혼합] / 펀드유형: 혼합채권형 / 표준코드: K55102EO1193 / 기준일: 20250926,PSR_ART11_1_5,퇴직연금감독규정 제11조 제1항 제5호 (적립금 운용방법 등 (주식 50% 미만 채권혼합형 100% 안전자산)),,금융투자협회 전자공시(DIS) 표준 펀드유형 '혼합채권형' XML 대조 (약관상 주식 50% 미만 퇴직연금감독규정 제11조제1항제5호),KOFIA 펀드유형: 혼합채권형 (퇴직연금감독규정 제11조 제1항 제5호: 약관상 주식 투자한도 50% 미만 혼합채권형 안전자산 100% 한도),2026-09-05,PASS (공식 검증 완료)
0112X0,KR70112X0000,마이티 200TR,현대자산운용,주식-국내,가능,70% (위험자산),Y,높음,협회공시대조,https://dis.kofia.or.kr/websquare/index.jsp?w2xPath=/wq/fundann/DISFundFeeCMS.xml&divisionId=MDIS01005001000000&serviceId=SDIS01005001000,data/regulatory/sources/kofia_evidence_extract_20260905.xml,E3,1way,DB마이티200TotalReturn증권상장지수투자신탁[주식] / 펀드유형: 주식형 / 표준코드: K55216EP3761 / 기준일: 20251024,MOEL_WRBA_RULE_ART10_1_2,근로자퇴직급여 보장법 시행규칙 제10조 제1항 제2호 (위험자산의 범위 및 운용기준 (DC 및 IRP 위험자산 투자한도 70%)),ED_WRBA_ART26_1_2,금융투자협회 전자공시서비스(DIS) 표준 펀드유형 '주식형' XML 전수 대조 (시행규칙 제10조제1항제2호 한도 70%),KOFIA 펀드유형: 주식형 (근로자퇴직급여 보장법 시행규칙 제10조 제1항 제2호: 주식형 집합투자증권 위험자산 70% 한도),2026-09-05,PASS (공식 검증 완료)
0113D0,KR70113D0003,TIME 글로벌탑픽액티브,타임폴리오자산운용,주식-해외,가능,70% (위험자산),Y,높음,증권사목록대조,https://securities.koreainvestment.com/pension/nwEtcinfo/Notice.jsp?cmd=A_NW_33030View&num=47520,data/regulatory/sources/brokers/koreainvestment/ETF_REITs_LIST_RP_260831.xlsx,E4,2way,한국투자증권 퇴직연금 ETF 상품 현황(2026-08-31 기준) / TIME 글로벌탑픽액티브 / 0113D0 / 타임폴리오 / 퇴직연금 투자한도 0.7,MOEL_WRBA_RULE_ART10_1_2,근로자퇴직급여 보장법 시행규칙 제10조 제1항 제2호 (위험자산의 범위 및 운용기준 (DC 및 IRP 위험자산 투자한도 70%)),ED_WRBA_ART26_1_2,판매사 퇴직연금 매매가능 유니버스 및 위험자산 70% 대조 (증권사목록대조),한국투자증권 퇴직연금 ETF 상품 현황(2026-08-31 기준) 위험자산한도 0.7 대조 및 규제엔진 2자 합치 일치,2026-09-06,PASS (공식 검증 완료)
0113G0,KR70113G0000,KoAct 미국바이오헬스케어액티브,기타,주식-해외,가능,70% (위험자산),Y,높음,협회공시대조,https://dis.kofia.or.kr/websquare/index.jsp?w2xPath=/wq/fundann/DISFundFeeCMS.xml&divisionId=MDIS01005001000000&serviceId=SDIS01005001000,data/regulatory/sources/kofia_evidence_extract_20260905.xml,E3,1way,삼성액티브KoAct미국바이오헬스케어액티브증권상장지수투자신탁[주식] / 펀드유형: 주식형 / 표준코드: K553N9EP3964 / 기준일: 20251107,MOEL_WRBA_RULE_ART10_1_2,근로자퇴직급여 보장법 시행규칙 제10조 제1항 제2호 (위험자산의 범위 및 운용기준 (DC 및 IRP 위험자산 투자한도 70%)),ED_WRBA_ART26_1_2,금융투자협회 전자공시서비스(DIS) 표준 펀드유형 '주식형' XML 전수 대조 (시행규칙 제10조제1항제2호 한도 70%),KOFIA 펀드유형: 주식형 (근로자퇴직급여 보장법 시행규칙 제10조 제1항 제2호: 주식형 집합투자증권 위험자산 70% 한도),2026-09-05,PASS (공식 검증 완료)
0113P0,KR70113P0009,HK 머니마켓액티브,기타,금리·파킹,가능,100% (안전자산),Y,높음,협회공시대조,https://dis.kofia.or.kr/websquare/index.jsp?w2xPath=/wq/fundann/DISFundFeeCMS.xml&divisionId=MDIS01005001000000&serviceId=SDIS01005001000,data/regulatory/sources/kofia_evidence_extract_20260905.xml,E3,1way,흥국HK머니마켓액티브증권상장지수투자신탁[채권] / 펀드유형: 채권형 / 표준코드: K55224EO8480 / 기준일: 20250929,PSR_ART11_1_4,퇴직연금감독규정 제11조 제1항 제4호 (적립금 운용방법 등 (원리금보장 및 채권형 등 100% 안전자산)),,금융투자협회 전자공시서비스(DIS) 표준 펀드유형 '채권형' XML 전수 대조,KOFIA 펀드유형: 채권형 (퇴직연금감독규정 제11조 제1항 제4호: 원리금보장 및 채권형 안전자산 (100% 편입 가능)),2026-09-05,PASS (공식 검증 완료)
0114X0,KR70114X0008,RISE 글로벌게임테크TOP3Plus,KB자산운용,주식-해외,가능,70% (위험자산),Y,높음,증권사·운용사교차검증,https://dis.kofia.or.kr/websquare/index.jsp?w2xPath=/wq/fundann/DISFundFeeCMS.xml&divisionId=MDIS01005001000000&serviceId=SDIS01005001000,data/regulatory/sources/kofia_evidence_extract_20260905.xml,E3,3way,KBRISE글로벌게임테크TOP3Plus증권상장지수투자신탁(주식) / 펀드유형: 주식형 / 표준코드: K55223EO3532 / 기준일: 20251017,MOEL_WRBA_RULE_ART10_1_2,근로자퇴직급여 보장법 시행규칙 제10조 제1항 제2호 (위험자산의 범위 및 운용기준 (DC 및 IRP 위험자산 투자한도 70%)),ED_WRBA_ART26_1_2,공식 출처 대조 (증권사·운용사교차검증),KOFIA 펀드유형: 주식형 (근로자퇴직급여 보장법 시행규칙 제10조 제1항 제2호: 주식형 집합투자증권 위험자산 70% 한도),2026-09-05,PASS (공식 검증 완료)
0115C0,KR70115C0002,RISE 미국고배당다우존스TOP10,KB자산운용,주식-해외,가능,70% (위험자산),Y,높음,증권사·운용사교차검증,https://dis.kofia.or.kr/websquare/index.jsp?w2xPath=/wq/fundann/DISFundFeeCMS.xml&divisionId=MDIS01005001000000&serviceId=SDIS01005001000,data/regulatory/sources/kofia_evidence_extract_20260905.xml,E3,3way,KBRISE미국고배당다우존스TOP10증권상장지수투자신탁(주식) / 펀드유형: 주식형 / 표준코드: K55223EP0586 / 기준일: 20251017,MOEL_WRBA_RULE_ART10_1_2,근로자퇴직급여 보장법 시행규칙 제10조 제1항 제2호 (위험자산의 범위 및 운용기준 (DC 및 IRP 위험자산 투자한도 70%)),ED_WRBA_ART26_1_2,공식 출처 대조 (증권사·운용사교차검증),KOFIA 펀드유형: 주식형 (근로자퇴직급여 보장법 시행규칙 제10조 제1항 제2호: 주식형 집합투자증권 위험자산 70% 한도),2026-09-05,PASS (공식 검증 완료)
0115D0,KR70115D0001,KODEX 조선TOP10,삼성자산운용,주식-국내,가능,70% (위험자산),Y,높음,증권사·운용사교차검증,https://dis.kofia.or.kr/websquare/index.jsp?w2xPath=/wq/fundann/DISFundFeeCMS.xml&divisionId=MDIS01005001000000&serviceId=SDIS01005001000,data/regulatory/sources/kofia_evidence_extract_20260905.xml,E3,3way,삼성KODEX조선TOP10증권상장지수투자신탁[주식] / 펀드유형: 주식형 / 표준코드: K55105EM8924 / 기준일: 20251027,MOEL_WRBA_RULE_ART10_1_2,근로자퇴직급여 보장법 시행규칙 제10조 제1항 제2호 (위험자산의 범위 및 운용기준 (DC 및 IRP 위험자산 투자한도 70%)),ED_WRBA_ART26_1_2,공식 출처 대조 (증권사·운용사교차검증),KOFIA 펀드유형: 주식형 (근로자퇴직급여 보장법 시행규칙 제10조 제1항 제2호: 주식형 집합투자증권 위험자산 70% 한도),2026-09-05,PASS (공식 검증 완료)
0115E0,KR70115E0000,KODEX 코리아소버린AI,삼성자산운용,주식-국내,가능,70% (위험자산),Y,높음,증권사·운용사교차검증,https://dis.kofia.or.kr/websquare/index.jsp?w2xPath=/wq/fundann/DISFundFeeCMS.xml&divisionId=MDIS01005001000000&serviceId=SDIS01005001000,data/regulatory/sources/kofia_evidence_extract_20260905.xml,E3,3way,삼성KODEX코리아소버린AI증권상장지수투자신탁[주식] / 펀드유형: 주식형 / 표준코드: K55105EN8626 / 기준일: 20251020,MOEL_WRBA_RULE_ART10_1_2,근로자퇴직급여 보장법 시행규칙 제10조 제1항 제2호 (위험자산의 범위 및 운용기준 (DC 및 IRP 위험자산 투자한도 70%)),ED_WRBA_ART26_1_2,공식 출처 대조 (증권사·운용사교차검증),KOFIA 펀드유형: 주식형 (근로자퇴직급여 보장법 시행규칙 제10조 제1항 제2호: 주식형 집합투자증권 위험자산 70% 한도),2026-09-05,PASS (공식 검증 완료)
0117L0,KR70117L0009,KODEX 26-12 금융채(AA-이상)액티브,삼성자산운용,채권,가능,100% (안전자산),Y,높음,증권사·운용사교차검증,https://dis.kofia.or.kr/websquare/index.jsp?w2xPath=/wq/fundann/DISFundFeeCMS.xml&divisionId=MDIS01005001000000&serviceId=SDIS01005001000,data/regulatory/sources/kofia_evidence_extract_20260905.xml,E3,3way,삼성KODEX26-12금융채(AA-이상)액티브증권상장지수투자신탁[채권] / 펀드유형: 채권형 / 표준코드: K55105EN8634 / 기준일: 20251027,PSR_ART11_1_4,퇴직연금감독규정 제11조 제1항 제4호 (적립금 운용방법 등 (원리금보장 및 채권형 등 100% 안전자산)),,금융감독원 DART 투자설명서 대조 (증권사·운용사교차검증),KOFIA 펀드유형: 채권형 (퇴직연금감독규정 제11조 제1항 제4호: 원리금보장 및 채권형 안전자산 (100% 편입 가능)),2026-09-05,PASS (공식 검증 완료)
0117V0,KR70117V0007,TIGER 코리아AI전력기기TOP3플러스,미래에셋자산운용,주식-국내,가능,70% (위험자산),Y,높음,증권사·운용사교차검증,https://dis.kofia.or.kr/websquare/index.jsp?w2xPath=/wq/fundann/DISFundFeeCMS.xml&divisionId=MDIS01005001000000&serviceId=SDIS01005001000,data/regulatory/sources/kofia_evidence_extract_20260905.xml,E3,3way,미래에셋TIGER코리아AI전력기기TOP3플러스증권상장지수투자신탁(주식) / 펀드유형: 주식형 / 표준코드: K55301EO3131 / 기준일: 20251020,MOEL_WRBA_RULE_ART10_1_2,근로자퇴직급여 보장법 시행규칙 제10조 제1항 제2호 (위험자산의 범위 및 운용기준 (DC 및 IRP 위험자산 투자한도 70%)),ED_WRBA_ART26_1_2,공식 출처 대조 (증권사·운용사교차검증),KOFIA 펀드유형: 주식형 (근로자퇴직급여 보장법 시행규칙 제10조 제1항 제2호: 주식형 집합투자증권 위험자산 70% 한도),2026-09-05,PASS (공식 검증 완료)
0118S0,KR70118S0001,SOL 미국넥스트테크TOP10액티브,신한자산운용,주식-해외,가능,70% (위험자산),Y,높음,협회공시대조,https://dis.kofia.or.kr/websquare/index.jsp?w2xPath=/wq/fundann/DISFundFeeCMS.xml&divisionId=MDIS01005001000000&serviceId=SDIS01005001000,data/regulatory/sources/kofia_evidence_extract_20260905.xml,E3,1way,신한SOL미국넥스트테크TOP10액티브증권상장지수투자신탁[주식] / 펀드유형: 주식형 / 표준코드: K55210EN6374 / 기준일: 20251024,MOEL_WRBA_RULE_ART10_1_2,근로자퇴직급여 보장법 시행규칙 제10조 제1항 제2호 (위험자산의 범위 및 운용기준 (DC 및 IRP 위험자산 투자한도 70%)),ED_WRBA_ART26_1_2,금융투자협회 전자공시서비스(DIS) 표준 펀드유형 '주식형' XML 전수 대조 (시행규칙 제10조제1항제2호 한도 70%),KOFIA 펀드유형: 주식형 (근로자퇴직급여 보장법 시행규칙 제10조 제1항 제2호: 주식형 집합투자증권 위험자산 70% 한도),2026-09-05,PASS (공식 검증 완료)
0118Z0,KR70118Z0002,ACE 미국AI테크핵심산업액티브,한국투자신탁운용,주식-해외,가능,70% (위험자산),Y,높음,증권사·운용사교차검증,https://dis.kofia.or.kr/websquare/index.jsp?w2xPath=/wq/fundann/DISFundFeeCMS.xml&divisionId=MDIS01005001000000&serviceId=SDIS01005001000,data/regulatory/sources/kofia_evidence_extract_20260905.xml,E3,3way,한국투자ACE미국AI테크핵심산업액티브증권상장지수투자신탁(주식) / 펀드유형: 주식형 / 표준코드: K55101EO4453 / 기준일: 20251024,MOEL_WRBA_RULE_ART10_1_2,근로자퇴직급여 보장법 시행규칙 제10조 제1항 제2호 (위험자산의 범위 및 운용기준 (DC 및 IRP 위험자산 투자한도 70%)),ED_WRBA_ART26_1_2,공식 출처 대조 (증권사·운용사교차검증),KOFIA 펀드유형: 주식형 (근로자퇴직급여 보장법 시행규칙 제10조 제1항 제2호: 주식형 집합투자증권 위험자산 70% 한도),2026-09-05,PASS (공식 검증 완료)
0119H0,KR70119H0003,KODEX 28-12 회사채(AA-이상)액티브,삼성자산운용,채권,가능,100% (안전자산),Y,높음,증권사·운용사교차검증,https://dis.kofia.or.kr/websquare/index.jsp?w2xPath=/wq/fundann/DISFundFeeCMS.xml&divisionId=MDIS01005001000000&serviceId=SDIS01005001000,data/regulatory/sources/kofia_evidence_extract_20260905.xml,E3,3way,삼성KODEX28-12회사채(AA-이상)액티브증권상장지수투자신탁[채권] / 펀드유형: 채권형 / 표준코드: K55105EN8642 / 기준일: 20251103,PSR_ART11_1_4,퇴직연금감독규정 제11조 제1항 제4호 (적립금 운용방법 등 (원리금보장 및 채권형 등 100% 안전자산)),,금융감독원 DART 투자설명서 대조 (증권사·운용사교차검증),KOFIA 펀드유형: 채권형 (퇴직연금감독규정 제11조 제1항 제4호: 원리금보장 및 채권형 안전자산 (100% 편입 가능)),2026-09-05,PASS (공식 검증 완료)
0120J0,KR70120J0008,BNK 카카오그룹포커스,BNK자산운용,주식-국내,가능,70% (위험자산),Y,높음,협회공시대조,https://dis.kofia.or.kr/websquare/index.jsp?w2xPath=/wq/fundann/DISFundFeeCMS.xml&divisionId=MDIS01005001000000&serviceId=SDIS01005001000,data/regulatory/sources/kofia_evidence_extract_20260905.xml,E3,1way,BNKBNK카카오그룹포커스증권상장지수투자신탁(주식) / 펀드유형: 주식형 / 표준코드: K55240EP9438 / 기준일: 20251201,MOEL_WRBA_RULE_ART10_1_2,근로자퇴직급여 보장법 시행규칙 제10조 제1항 제2호 (위험자산의 범위 및 운용기준 (DC 및 IRP 위험자산 투자한도 70%)),ED_WRBA_ART26_1_2,금융투자협회 전자공시서비스(DIS) 표준 펀드유형 '주식형' XML 전수 대조 (시행규칙 제10조제1항제2호 한도 70%),KOFIA 펀드유형: 주식형 (근로자퇴직급여 보장법 시행규칙 제10조 제1항 제2호: 주식형 집합투자증권 위험자산 70% 한도),2026-09-05,PASS (공식 검증 완료)
0122W0,KR70122W0009,RISE 26-11 회사채(AA-이상)액티브,KB자산운용,채권,가능,100% (안전자산),Y,높음,협회공시대조,https://dis.kofia.or.kr/websquare/index.jsp?w2xPath=/wq/fundann/DISFundFeeCMS.xml&divisionId=MDIS01005001000000&serviceId=SDIS01005001000,data/regulatory/sources/kofia_evidence_extract_20260905.xml,E3,1way,KBRISE26-11회사채(AA-이상)액티브증권상장지수투자신탁(채권) / 펀드유형: 채권형 / 표준코드: K55223EP2954 / 기준일: 20251117,PSR_ART11_1_4,퇴직연금감독규정 제11조 제1항 제4호 (적립금 운용방법 등 (원리금보장 및 채권형 등 100% 안전자산)),,금융투자협회 전자공시서비스(DIS) 표준 펀드유형 '채권형' XML 전수 대조,KOFIA 펀드유형: 채권형 (퇴직연금감독규정 제11조 제1항 제4호: 원리금보장 및 채권형 안전자산 (100% 편입 가능)),2026-09-05,PASS (공식 검증 완료)
0123G0,KR70123G0008,TIGER 미국AI전력SMR,미래에셋자산운용,주식-해외,가능,70% (위험자산),Y,높음,증권사·운용사교차검증,https://dis.kofia.or.kr/websquare/index.jsp?w2xPath=/wq/fundann/DISFundFeeCMS.xml&divisionId=MDIS01005001000000&serviceId=SDIS01005001000,data/regulatory/sources/kofia_evidence_extract_20260905.xml,E3,3way,미래에셋TIGER미국AI전력SMR증권상장지수투자신탁(주식) / 펀드유형: 주식형 / 표준코드: K55301EO8635 / 기준일: 20251031,MOEL_WRBA_RULE_ART10_1_2,근로자퇴직급여 보장법 시행규칙 제10조 제1항 제2호 (위험자산의 범위 및 운용기준 (DC 및 IRP 위험자산 투자한도 70%)),ED_WRBA_ART26_1_2,공식 출처 대조 (증권사·운용사교차검증),KOFIA 펀드유형: 주식형 (근로자퇴직급여 보장법 시행규칙 제10조 제1항 제2호: 주식형 집합투자증권 위험자산 70% 한도),2026-09-05,PASS (공식 검증 완료)
0123S0,KR70123S0004,HANARO 26-12 은행채(AA+이상)액티브,NH-Amundi자산운용,채권,가능,100% (안전자산),Y,높음,협회공시대조,https://dis.kofia.or.kr/websquare/index.jsp?w2xPath=/wq/fundann/DISFundFeeCMS.xml&divisionId=MDIS01005001000000&serviceId=SDIS01005001000,data/regulatory/sources/kofia_evidence_extract_20260905.xml,E3,1way,NH-AmundiHANARO26-12은행채(AA+이상)액티브증권상장지수투자신탁[채권] / 펀드유형: 채권형 / 표준코드: K55232EQ5039 / 기준일: 20251215,PSR_ART11_1_4,퇴직연금감독규정 제11조 제1항 제4호 (적립금 운용방법 등 (원리금보장 및 채권형 등 100% 안전자산)),,금융투자협회 전자공시서비스(DIS) 표준 펀드유형 '채권형' XML 전수 대조,KOFIA 펀드유형: 채권형 (퇴직연금감독규정 제11조 제1항 제4호: 원리금보장 및 채권형 안전자산 (100% 편입 가능)),2026-09-05,PASS (공식 검증 완료)
0127M0,KR70127M0006,ACE 미국대형가치주액티브,한국투자신탁운용,주식-해외,가능,70% (위험자산),Y,높음,증권사·운용사교차검증,https://dis.kofia.or.kr/websquare/index.jsp?w2xPath=/wq/fundann/DISFundFeeCMS.xml&divisionId=MDIS01005001000000&serviceId=SDIS01005001000,data/regulatory/sources/kofia_evidence_extract_20260905.xml,E3,3way,한국투자ACE미국대형가치주액티브증권상장지수투자신탁(주식) / 펀드유형: 주식형 / 표준코드: K55101EP9626 / 기준일: 20251107,MOEL_WRBA_RULE_ART10_1_2,근로자퇴직급여 보장법 시행규칙 제10조 제1항 제2호 (위험자산의 범위 및 운용기준 (DC 및 IRP 위험자산 투자한도 70%)),ED_WRBA_ART26_1_2,공식 출처 대조 (증권사·운용사교차검증),KOFIA 펀드유형: 주식형 (근로자퇴직급여 보장법 시행규칙 제10조 제1항 제2호: 주식형 집합투자증권 위험자산 70% 한도),2026-09-05,PASS (공식 검증 완료)
0127P0,KR70127P0003,ACE 미국대형성장주액티브,한국투자신탁운용,주식-해외,가능,70% (위험자산),Y,높음,증권사·운용사교차검증,https://dis.kofia.or.kr/websquare/index.jsp?w2xPath=/wq/fundann/DISFundFeeCMS.xml&divisionId=MDIS01005001000000&serviceId=SDIS01005001000,data/regulatory/sources/kofia_evidence_extract_20260905.xml,E3,3way,한국투자ACE미국대형성장주액티브증권상장지수투자신탁(주식) / 펀드유형: 주식형 / 표준코드: K55101EP9634 / 기준일: 20251107,MOEL_WRBA_RULE_ART10_1_2,근로자퇴직급여 보장법 시행규칙 제10조 제1항 제2호 (위험자산의 범위 및 운용기준 (DC 및 IRP 위험자산 투자한도 70%)),ED_WRBA_ART26_1_2,공식 출처 대조 (증권사·운용사교차검증),KOFIA 펀드유형: 주식형 (근로자퇴직급여 보장법 시행규칙 제10조 제1항 제2호: 주식형 집합투자증권 위험자산 70% 한도),2026-09-05,PASS (공식 검증 완료)
0127R0,KR70127R0001,RISE 미국AI클라우드인프라,KB자산운용,리츠·인프라,가능,70% (위험자산),Y,높음,증권사·운용사교차검증,https://dis.kofia.or.kr/websquare/index.jsp?w2xPath=/wq/fundann/DISFundFeeCMS.xml&divisionId=MDIS01005001000000&serviceId=SDIS01005001000,data/regulatory/sources/kofia_evidence_extract_20260905.xml,E3,3way,KBRISE미국AI클라우드인프라증권상장지수투자신탁(주식) / 펀드유형: 주식형 / 표준코드: K55223EP2913 / 기준일: 20251121,ED_FSCMA_ART240_4,자본시장과 금융투자업에 관한 법률 시행령 제240조 (집합투자기구의 종류별 최소투자비율 등 (부동산/리츠 집합투자기구)),PSR_ART11_2,공식 출처 대조 (증권사·운용사교차검증),KOFIA 펀드유형: 주식형 (근로자퇴직급여 보장법 시행규칙 제10조 제1항 제2호: 주식형 집합투자증권 위험자산 70% 한도),2026-09-05,PASS (공식 검증 완료)
0127T0,KR70127T0009,KIWOOM 미국S&P500&배당다우존스비중전환,키움투자자산운용,주식-해외,가능,70% (위험자산),Y,높음,협회공시대조,https://dis.kofia.or.kr/websquare/index.jsp?w2xPath=/wq/fundann/DISFundFeeCMS.xml&divisionId=MDIS01005001000000&serviceId=SDIS01005001000,data/regulatory/sources/kofia_evidence_extract_20260905.xml,E3,1way,키움KIWOOM미국S&amp;P500&amp;배당다우존스비중전환증권상장지수투자신탁[주식] / 펀드유형: 주식형 / 표준코드: K55206EN6347 / 기준일: 20251107,MOEL_WRBA_RULE_ART10_1_2,근로자퇴직급여 보장법 시행규칙 제10조 제1항 제2호 (위험자산의 범위 및 운용기준 (DC 및 IRP 위험자산 투자한도 70%)),ED_WRBA_ART26_1_2,금융투자협회 전자공시서비스(DIS) 표준 펀드유형 '주식형' XML 전수 대조 (시행규칙 제10조제1항제2호 한도 70%),KOFIA 펀드유형: 주식형 (근로자퇴직급여 보장법 시행규칙 제10조 제1항 제2호: 주식형 집합투자증권 위험자산 70% 한도),2026-09-05,PASS (공식 검증 완료)
0127V0,KR70127V0005,KIWOOM 미국S&P500 TOP10&배당다우비중전환,키움투자자산운용,주식-해외,가능,70% (위험자산),Y,높음,협회공시대조,https://dis.kofia.or.kr/websquare/index.jsp?w2xPath=/wq/fundann/DISFundFeeCMS.xml&divisionId=MDIS01005001000000&serviceId=SDIS01005001000,data/regulatory/sources/kofia_evidence_extract_20260905.xml,E3,1way,KIWOOM 미국S&P500 TOP10&배당다우비중전환 / 펀드유형: 주식형 / 기준일: 20260905,MOEL_WRBA_RULE_ART10_1_2,근로자퇴직급여 보장법 시행규칙 제10조 제1항 제2호 (위험자산의 범위 및 운용기준 (DC 및 IRP 위험자산 투자한도 70%)),ED_WRBA_ART26_1_2,금융투자협회 전자공시서비스(DIS) 표준 펀드유형 '주식형' XML 전수 대조 (시행규칙 제10조제1항제2호 한도 70%),KOFIA 펀드유형: 주식형 (근로자퇴직급여 보장법 시행규칙 제10조 제1항 제2호: 주식형 집합투자증권 위험자산 70% 한도),2026-09-05,PASS (공식 검증 완료)
0128D0,KR70128D0006,PLUS 차이나항셍테크위클리타겟커버드콜,한화자산운용,주식-해외,가능,70% (위험자산),Y,높음,증권사·운용사교차검증,https://securities.koreainvestment.com/pension/nwEtcinfo/Notice.jsp?cmd=A_NW_33030View&num=47520,data/regulatory/sources/brokers/koreainvestment/ETF_REITs_LIST_RP_260831.xlsx,E4,3way,한국투자증권 퇴직연금 ETF 상품 현황(2026-08-31 기준) / PLUS 차이나항셍테크위클리타겟커버드콜 / 0128D0 / 한화 / 퇴직연금 투자한도 0.7,MOEL_WRBA_RULE_ART10_1_2,근로자퇴직급여 보장법 시행규칙 제10조 제1항 제2호 (위험자산의 범위 및 운용기준 (DC 및 IRP 위험자산 투자한도 70%)),ED_WRBA_ART26_1_2,공식 출처 대조 (증권사·운용사교차검증),한국투자증권 퇴직연금 ETF 상품 현황(2026-08-31 기준) 위험자산한도 0.7 대조 및 규제엔진 2자 합치 일치,2026-09-06,PASS (공식 검증 완료)
0131A0,KR70131A0004,SOL 차이나소비트렌드,신한자산운용,주식-해외,가능,70% (위험자산),Y,높음,협회공시대조,https://dis.kofia.or.kr/websquare/index.jsp?w2xPath=/wq/fundann/DISFundFeeCMS.xml&divisionId=MDIS01005001000000&serviceId=SDIS01005001000,data/regulatory/sources/kofia_evidence_extract_20260905.xml,E3,1way,신한SOL차이나소비트렌드증권상장지수투자신탁[주식] / 펀드유형: 주식형 / 표준코드: K55210EP5036 / 기준일: 20251121,MOEL_WRBA_RULE_ART10_1_2,근로자퇴직급여 보장법 시행규칙 제10조 제1항 제2호 (위험자산의 범위 및 운용기준 (DC 및 IRP 위험자산 투자한도 70%)),ED_WRBA_ART26_1_2,금융투자협회 전자공시서비스(DIS) 표준 펀드유형 '주식형' XML 전수 대조 (시행규칙 제10조제1항제2호 한도 70%),KOFIA 펀드유형: 주식형 (근로자퇴직급여 보장법 시행규칙 제10조 제1항 제2호: 주식형 집합투자증권 위험자산 70% 한도),2026-09-05,PASS (공식 검증 완료)
0131V0,KR70131V0009,1Q 미국우주항공테크,하나자산운용,주식-해외,가능,70% (위험자산),Y,높음,협회공시대조,https://dis.kofia.or.kr/websquare/index.jsp?w2xPath=/wq/fundann/DISFundFeeCMS.xml&divisionId=MDIS01005001000000&serviceId=SDIS01005001000,data/regulatory/sources/kofia_evidence_extract_20260905.xml,E3,1way,하나1Q미국우주항공테크증권상장지수투자신탁[주식] / 펀드유형: 주식형 / 표준코드: K55102EP3701 / 기준일: 20251121,MOEL_WRBA_RULE_ART10_1_2,근로자퇴직급여 보장법 시행규칙 제10조 제1항 제2호 (위험자산의 범위 및 운용기준 (DC 및 IRP 위험자산 투자한도 70%)),ED_WRBA_ART26_1_2,금융투자협회 전자공시서비스(DIS) 표준 펀드유형 '주식형' XML 전수 대조 (시행규칙 제10조제1항제2호 한도 70%),KOFIA 펀드유형: 주식형 (근로자퇴직급여 보장법 시행규칙 제10조 제1항 제2호: 주식형 집합투자증권 위험자산 70% 한도),2026-09-05,PASS (공식 검증 완료)
0131W0,KR70131W0008,1Q 단기특수은행채액티브,하나자산운용,채권,가능,100% (안전자산),Y,높음,협회공시대조,https://dis.kofia.or.kr/websquare/index.jsp?w2xPath=/wq/fundann/DISFundFeeCMS.xml&divisionId=MDIS01005001000000&serviceId=SDIS01005001000,data/regulatory/sources/kofia_evidence_extract_20260905.xml,E3,1way,하나1Q단기특수은행채액티브증권상장지수투자신탁[채권] / 펀드유형: 채권형 / 표준코드: K55102EP6969 / 기준일: 20251124,PSR_ART11_1_4,퇴직연금감독규정 제11조 제1항 제4호 (적립금 운용방법 등 (원리금보장 및 채권형 등 100% 안전자산)),,금융투자협회 전자공시서비스(DIS) 표준 펀드유형 '채권형' XML 전수 대조,KOFIA 펀드유형: 채권형 (퇴직연금감독규정 제11조 제1항 제4호: 원리금보장 및 채권형 안전자산 (100% 편입 가능)),2026-09-05,PASS (공식 검증 완료)
0132D0,KR70132D0000,KoAct 글로벌K컬처밸류체인액티브,기타,주식-해외,가능,70% (위험자산),Y,높음,협회공시대조,https://dis.kofia.or.kr/websquare/index.jsp?w2xPath=/wq/fundann/DISFundFeeCMS.xml&divisionId=MDIS01005001000000&serviceId=SDIS01005001000,data/regulatory/sources/kofia_evidence_extract_20260905.xml,E3,1way,삼성액티브KoAct글로벌K컬처밸류체인액티브증권상장지수투자신탁[주식] / 펀드유형: 주식형 / 표준코드: K553N9EP3691 / 기준일: 20251121,MOEL_WRBA_RULE_ART10_1_2,근로자퇴직급여 보장법 시행규칙 제10조 제1항 제2호 (위험자산의 범위 및 운용기준 (DC 및 IRP 위험자산 투자한도 70%)),ED_WRBA_ART26_1_2,금융투자협회 전자공시서비스(DIS) 표준 펀드유형 '주식형' XML 전수 대조 (시행규칙 제10조제1항제2호 한도 70%),KOFIA 펀드유형: 주식형 (근로자퇴직급여 보장법 시행규칙 제10조 제1항 제2호: 주식형 집합투자증권 위험자산 70% 한도),2026-09-05,PASS (공식 검증 완료)
0132H0,KR70132H0006,KODEX 미국원자력SMR,삼성자산운용,주식-해외,가능,70% (위험자산),Y,높음,증권사·운용사교차검증,https://dis.kofia.or.kr/websquare/index.jsp?w2xPath=/wq/fundann/DISFundFeeCMS.xml&divisionId=MDIS01005001000000&serviceId=SDIS01005001000,data/regulatory/sources/kofia_evidence_extract_20260905.xml,E3,3way,삼성KODEX미국원자력SMR증권상장지수투자신탁[주식] / 펀드유형: 주식형 / 표준코드: K55105EP4797 / 기준일: 20251121,MOEL_WRBA_RULE_ART10_1_2,근로자퇴직급여 보장법 시행규칙 제10조 제1항 제2호 (위험자산의 범위 및 운용기준 (DC 및 IRP 위험자산 투자한도 70%)),ED_WRBA_ART26_1_2,공식 출처 대조 (증권사·운용사교차검증),KOFIA 펀드유형: 주식형 (근로자퇴직급여 보장법 시행규칙 제10조 제1항 제2호: 주식형 집합투자증권 위험자산 70% 한도),2026-09-05,PASS (공식 검증 완료)
0132K0,KR70132K0001,PLUS 테슬라위클리커버드콜채권혼합,한화자산운용,채권,가능,100% (안전자산),Y,높음,증권사목록대조,https://securities.koreainvestment.com/pension/nwEtcinfo/Notice.jsp?cmd=A_NW_33030View&num=47520,data/regulatory/sources/brokers/koreainvestment/ETF_REITs_LIST_RP_260831.xlsx,E4,2way,한국투자증권 퇴직연금 ETF 상품 현황(2026-08-31 기준) / PLUS 테슬라위클리커버드콜채권혼합 / 0132K0 / 한화 / 퇴직연금 투자한도 1,PSR_ART11_1_5,퇴직연금감독규정 제11조 제1항 제5호 (적립금 운용방법 등 (주식 50% 미만 채권혼합형 100% 안전자산)),,판매사 퇴직연금 매매가능 유니버스 및 주식한도 대조 (증권사목록대조),한국투자증권 퇴직연금 ETF 상품 현황(2026-08-31 기준) 위험자산한도 1 대조 및 규제엔진 2자 합치 일치,2026-09-06,PASS (공식 검증 완료)
0133E0,KR70133E0008,TIGER 차이나증권,미래에셋자산운용,주식-해외,가능,70% (위험자산),Y,높음,증권사·운용사교차검증,https://dis.kofia.or.kr/websquare/index.jsp?w2xPath=/wq/fundann/DISFundFeeCMS.xml&divisionId=MDIS01005001000000&serviceId=SDIS01005001000,data/regulatory/sources/kofia_evidence_extract_20260905.xml,E3,3way,미래에셋TIGER차이나증권증권상장지수투자신탁(주식) / 펀드유형: 주식형 / 표준코드: K55301EP6877 / 기준일: 20260130,MOEL_WRBA_RULE_ART10_1_2,근로자퇴직급여 보장법 시행규칙 제10조 제1항 제2호 (위험자산의 범위 및 운용기준 (DC 및 IRP 위험자산 투자한도 70%)),ED_WRBA_ART26_1_2,공식 출처 대조 (증권사·운용사교차검증),KOFIA 펀드유형: 주식형 (근로자퇴직급여 보장법 시행규칙 제10조 제1항 제2호: 주식형 집합투자증권 위험자산 70% 한도),2026-09-05,PASS (공식 검증 완료)
0135Y0,KR70135Y0002,IBK 중기종합채권(AA-이상)액티브,IBK자산운용,채권,가능,100% (안전자산),Y,높음,협회공시대조,https://dis.kofia.or.kr/websquare/index.jsp?w2xPath=/wq/fundann/DISFundFeeCMS.xml&divisionId=MDIS01005001000000&serviceId=SDIS01005001000,data/regulatory/sources/kofia_evidence_extract_20260905.xml,E3,1way,IBKIBK중기종합채권(AA-이상)액티브증권상장지수투자신탁[채권] / 펀드유형: 채권형 / 표준코드: K55234EP3298 / 기준일: 20251215,PSR_ART11_1_4,퇴직연금감독규정 제11조 제1항 제4호 (적립금 운용방법 등 (원리금보장 및 채권형 등 100% 안전자산)),,금융투자협회 전자공시서비스(DIS) 표준 펀드유형 '채권형' XML 전수 대조,KOFIA 펀드유형: 채권형 (퇴직연금감독규정 제11조 제1항 제4호: 원리금보장 및 채권형 안전자산 (100% 편입 가능)),2026-09-05,PASS (공식 검증 완료)
0137V0,KR70137V0003,KIWOOM 미국S&P500모멘텀,키움투자자산운용,주식-해외,가능,70% (위험자산),Y,높음,협회공시대조,https://dis.kofia.or.kr/websquare/index.jsp?w2xPath=/wq/fundann/DISFundFeeCMS.xml&divisionId=MDIS01005001000000&serviceId=SDIS01005001000,data/regulatory/sources/kofia_evidence_extract_20260905.xml,E3,1way,키움KIWOOM미국S&amp;P500모멘텀증권상장지수투자신탁[주식] / 펀드유형: 주식형 / 표준코드: K55206EQ3044 / 기준일: 20251205,MOEL_WRBA_RULE_ART10_1_2,근로자퇴직급여 보장법 시행규칙 제10조 제1항 제2호 (위험자산의 범위 및 운용기준 (DC 및 IRP 위험자산 투자한도 70%)),ED_WRBA_ART26_1_2,금융투자협회 전자공시서비스(DIS) 표준 펀드유형 '주식형' XML 전수 대조 (시행규칙 제10조제1항제2호 한도 70%),KOFIA 펀드유형: 주식형 (근로자퇴직급여 보장법 시행규칙 제10조 제1항 제2호: 주식형 집합투자증권 위험자산 70% 한도),2026-09-05,PASS (공식 검증 완료)
0137W0,KR70137W0002,KIWOOM 미국S&P500&GOLD,키움투자자산운용,혼합·자산배분,가능,70% (위험자산),Y,높음,협회공시대조,https://dis.kofia.or.kr/websquare/index.jsp?w2xPath=/wq/fundann/DISFundFeeCMS.xml&divisionId=MDIS01005001000000&serviceId=SDIS01005001000,data/regulatory/sources/kofia_evidence_extract_20260905.xml,E3,1way,키움KIWOOM미국S&amp;P500&amp;GOLD증권상장지수투자신탁[주식] / 펀드유형: 주식형 / 표준코드: K55206EQ5684 / 기준일: 20251205,MOEL_WRBA_RULE_ART10_1_2,근로자퇴직급여 보장법 시행규칙 제10조 제1항 제2호 (위험자산의 범위 및 운용기준 (DC 및 IRP 위험자산 투자한도 70%)),ED_WRBA_ART26_1_2,금융투자협회 전자공시서비스(DIS) 표준 펀드유형 '주식형' XML 전수 대조 (시행규칙 제10조제1항제2호 한도 70%),KOFIA 펀드유형: 주식형 (근로자퇴직급여 보장법 시행규칙 제10조 제1항 제2호: 주식형 집합투자증권 위험자산 70% 한도),2026-09-05,PASS (공식 검증 완료)
0138D0,KR70138D0004,RISE 동학개미,KB자산운용,주식-국내,가능,70% (위험자산),Y,높음,증권사·운용사교차검증,https://dis.kofia.or.kr/websquare/index.jsp?w2xPath=/wq/fundann/DISFundFeeCMS.xml&divisionId=MDIS01005001000000&serviceId=SDIS01005001000,data/regulatory/sources/kofia_evidence_extract_20260905.xml,E3,3way,KBRISE동학개미증권상장지수투자신탁(주식) / 펀드유형: 주식형 / 표준코드: K55223EO3508 / 기준일: 20251215,MOEL_WRBA_RULE_ART10_1_2,근로자퇴직급여 보장법 시행규칙 제10조 제1항 제2호 (위험자산의 범위 및 운용기준 (DC 및 IRP 위험자산 투자한도 70%)),ED_WRBA_ART26_1_2,공식 출처 대조 (증권사·운용사교차검증),KOFIA 펀드유형: 주식형 (근로자퇴직급여 보장법 시행규칙 제10조 제1항 제2호: 주식형 집합투자증권 위험자산 70% 한도),2026-09-05,PASS (공식 검증 완료)
0138T0,KR70138T0006,RISE 미국S&P500데일리고정커버드콜,KB자산운용,주식-해외,가능,70% (위험자산),Y,높음,증권사·운용사교차검증,https://dis.kofia.or.kr/websquare/index.jsp?w2xPath=/wq/fundann/DISFundFeeCMS.xml&divisionId=MDIS01005001000000&serviceId=SDIS01005001000,data/regulatory/sources/kofia_evidence_extract_20260905.xml,E3,3way,KBRISE미국S&amp;P500데일리고정커버드콜증권상장지수투자신탁(주식) / 펀드유형: 주식형 / 표준코드: K55223EP9769 / 기준일: 20251219,MOEL_WRBA_RULE_ART10_1_2,근로자퇴직급여 보장법 시행규칙 제10조 제1항 제2호 (위험자산의 범위 및 운용기준 (DC 및 IRP 위험자산 투자한도 70%)),ED_WRBA_ART26_1_2,공식 출처 대조 (증권사·운용사교차검증),KOFIA 펀드유형: 주식형 (근로자퇴직급여 보장법 시행규칙 제10조 제1항 제2호: 주식형 집합투자증권 위험자산 70% 한도),2026-09-05,PASS (공식 검증 완료)
0138Y0,KR70138Y0009,PLUS 금채권혼합,한화자산운용,채권,가능,100% (안전자산),Y,높음,증권사목록대조,https://securities.koreainvestment.com/pension/nwEtcinfo/Notice.jsp?cmd=A_NW_33030View&num=47520,data/regulatory/sources/brokers/koreainvestment/ETF_REITs_LIST_RP_260831.xlsx,E4,2way,한국투자증권 퇴직연금 ETF 상품 현황(2026-08-31 기준) / PLUS 금채권혼합 / 0138Y0 / 한화 / 퇴직연금 투자한도 1,PSR_ART11_1_5,퇴직연금감독규정 제11조 제1항 제5호 (적립금 운용방법 등 (주식 50% 미만 채권혼합형 100% 안전자산)),,판매사 퇴직연금 매매가능 유니버스 및 주식한도 대조 (증권사목록대조),한국투자증권 퇴직연금 ETF 상품 현황(2026-08-31 기준) 위험자산한도 1 대조 및 규제엔진 2자 합치 일치,2026-09-06,PASS (공식 검증 완료)
0139F0,KR70139F0001,TIGER 12월자동연장금융채(AA-이상)액티브,미래에셋자산운용,채권,가능,100% (안전자산),Y,높음,증권사·운용사교차검증,https://dis.kofia.or.kr/websquare/index.jsp?w2xPath=/wq/fundann/DISFundFeeCMS.xml&divisionId=MDIS01005001000000&serviceId=SDIS01005001000,data/regulatory/sources/kofia_evidence_extract_20260905.xml,E3,3way,TIGER 12월자동연장금융채(AA-이상)액티브 / 펀드유형: 채권형 / 기준일: 20260905,PSR_ART11_1_4,퇴직연금감독규정 제11조 제1항 제4호 (적립금 운용방법 등 (원리금보장 및 채권형 등 100% 안전자산)),,금융감독원 DART 투자설명서 대조 (증권사·운용사교차검증),KOFIA 펀드유형: 채권형 (퇴직연금감독규정 제11조 제1항 제4호: 원리금보장 및 채권형 안전자산 (100% 편입 가능)),2026-09-05,PASS (공식 검증 완료)
0139P0,KR70139P0009,ACE 고배당주,한국투자신탁운용,주식-국내,가능,70% (위험자산),Y,높음,증권사·운용사교차검증,https://dis.kofia.or.kr/websquare/index.jsp?w2xPath=/wq/fundann/DISFundFeeCMS.xml&divisionId=MDIS01005001000000&serviceId=SDIS01005001000,data/regulatory/sources/kofia_evidence_extract_20260905.xml,E3,3way,한국투자ACE고배당주증권상장지수투자신탁(주식) / 펀드유형: 주식형 / 표준코드: K55101EQ7660 / 기준일: 20251215,MOEL_WRBA_RULE_ART10_1_2,근로자퇴직급여 보장법 시행규칙 제10조 제1항 제2호 (위험자산의 범위 및 운용기준 (DC 및 IRP 위험자산 투자한도 70%)),ED_WRBA_ART26_1_2,공식 출처 대조 (증권사·운용사교차검증),KOFIA 펀드유형: 주식형 (근로자퇴직급여 보장법 시행규칙 제10조 제1항 제2호: 주식형 집합투자증권 위험자산 70% 한도),2026-09-05,PASS (공식 검증 완료)
0141S0,KR70141S0002,SOL 조선기자재,신한자산운용,주식-국내,가능,70% (위험자산),Y,높음,협회공시대조,https://dis.kofia.or.kr/websquare/index.jsp?w2xPath=/wq/fundann/DISFundFeeCMS.xml&divisionId=MDIS01005001000000&serviceId=SDIS01005001000,data/regulatory/sources/kofia_evidence_extract_20260905.xml,E3,1way,신한SOL조선기자재증권상장지수투자신탁[주식] / 펀드유형: 주식형 / 표준코드: K55210EQ3030 / 기준일: 20251215,MOEL_WRBA_RULE_ART10_1_2,근로자퇴직급여 보장법 시행규칙 제10조 제1항 제2호 (위험자산의 범위 및 운용기준 (DC 및 IRP 위험자산 투자한도 70%)),ED_WRBA_ART26_1_2,금융투자협회 전자공시서비스(DIS) 표준 펀드유형 '주식형' XML 전수 대조 (시행규칙 제10조제1항제2호 한도 70%),KOFIA 펀드유형: 주식형 (근로자퇴직급여 보장법 시행규칙 제10조 제1항 제2호: 주식형 집합투자증권 위험자산 70% 한도),2026-09-05,PASS (공식 검증 완료)
0141T0,KR70141T0001,SOL 중기종합채권(AA-이상)액티브,신한자산운용,채권,가능,100% (안전자산),Y,높음,협회공시대조,https://dis.kofia.or.kr/websquare/index.jsp?w2xPath=/wq/fundann/DISFundFeeCMS.xml&divisionId=MDIS01005001000000&serviceId=SDIS01005001000,data/regulatory/sources/kofia_evidence_extract_20260905.xml,E3,1way,신한SOL중기종합채권(AA-이상)액티브증권상장지수투자신탁[채권] / 펀드유형: 채권형 / 표준코드: K55210EQ3055 / 기준일: 20251215,PSR_ART11_1_4,퇴직연금감독규정 제11조 제1항 제4호 (적립금 운용방법 등 (원리금보장 및 채권형 등 100% 안전자산)),,금융투자협회 전자공시서비스(DIS) 표준 펀드유형 '채권형' XML 전수 대조,KOFIA 펀드유형: 채권형 (퇴직연금감독규정 제11조 제1항 제4호: 원리금보장 및 채권형 안전자산 (100% 편입 가능)),2026-09-05,PASS (공식 검증 완료)
0142D0,KR70142D0008,TIGER 미국AI데이터센터TOP4Plus,미래에셋자산운용,주식-해외,가능,70% (위험자산),Y,높음,증권사·운용사교차검증,https://dis.kofia.or.kr/websquare/index.jsp?w2xPath=/wq/fundann/DISFundFeeCMS.xml&divisionId=MDIS01005001000000&serviceId=SDIS01005001000,data/regulatory/sources/kofia_evidence_extract_20260905.xml,E3,3way,미래에셋TIGER미국AI데이터센터TOP4Plus증권상장지수투자신탁(주식) / 펀드유형: 주식형 / 표준코드: K55301EQ2982 / 기준일: 20251205,MOEL_WRBA_RULE_ART10_1_2,근로자퇴직급여 보장법 시행규칙 제10조 제1항 제2호 (위험자산의 범위 및 운용기준 (DC 및 IRP 위험자산 투자한도 70%)),ED_WRBA_ART26_1_2,공식 출처 대조 (증권사·운용사교차검증),KOFIA 펀드유형: 주식형 (근로자퇴직급여 보장법 시행규칙 제10조 제1항 제2호: 주식형 집합투자증권 위험자산 70% 한도),2026-09-05,PASS (공식 검증 완료)
0144L0,KR70144L0006,KODEX 미국성장커버드콜액티브,삼성자산운용,주식-해외,가능,70% (위험자산),Y,높음,증권사·운용사교차검증,https://securities.koreainvestment.com/pension/nwEtcinfo/Notice.jsp?cmd=A_NW_33030View&num=47520,data/regulatory/sources/brokers/koreainvestment/ETF_REITs_LIST_RP_260831.xlsx,E4,3way,삼성자산운용 KODEX 공시 [0144L0 / KODEX 미국성장커버드콜액티브 / ivPsbReti: 70%] & 한국투자증권 공시 [0144L0 / KODEX 미국성장커버드콜액티브 / 위험자산한도: 0.7],MOEL_WRBA_RULE_ART10_1_2,근로자퇴직급여 보장법 시행규칙 제10조 제1항 제2호 (위험자산의 범위 및 운용기준 (DC 및 IRP 위험자산 투자한도 70%)),ED_WRBA_ART26_1_2,공식 출처 대조 (증권사·운용사교차검증),삼성자산운용 KODEX 연금투자 공시 [stkTicker: 0144L0 / ivPsbReti: 70%] 및 한국투자증권 공시 [단축코드: 0144L0 / 위험자산한도: 0.7] 100% 교차 일치,2026-09-06,PASS (공식 검증 완료)
0144M0,KR70144M0005,KODEX 미국드론UAM TOP10,삼성자산운용,주식-해외,가능,70% (위험자산),Y,높음,증권사·운용사교차검증,https://dis.kofia.or.kr/websquare/index.jsp?w2xPath=/wq/fundann/DISFundFeeCMS.xml&divisionId=MDIS01005001000000&serviceId=SDIS01005001000,data/regulatory/sources/kofia_evidence_extract_20260905.xml,E3,3way,삼성KODEX미국드론UAMTOP10증권상장지수투자신탁[주식] / 펀드유형: 주식형 / 표준코드: K55105EP9614 / 기준일: 20251219,MOEL_WRBA_RULE_ART10_1_2,근로자퇴직급여 보장법 시행규칙 제10조 제1항 제2호 (위험자산의 범위 및 운용기준 (DC 및 IRP 위험자산 투자한도 70%)),ED_WRBA_ART26_1_2,공식 출처 대조 (증권사·운용사교차검증),KOFIA 펀드유형: 주식형 (근로자퇴직급여 보장법 시행규칙 제10조 제1항 제2호: 주식형 집합투자증권 위험자산 70% 한도),2026-09-05,PASS (공식 검증 완료)
0148J0,KR70148J0006,TIGER 코리아휴머노이드로봇산업,미래에셋자산운용,주식-국내,가능,70% (위험자산),Y,높음,증권사·운용사교차검증,https://dis.kofia.or.kr/websquare/index.jsp?w2xPath=/wq/fundann/DISFundFeeCMS.xml&divisionId=MDIS01005001000000&serviceId=SDIS01005001000,data/regulatory/sources/kofia_evidence_extract_20260905.xml,E3,3way,미래에셋TIGER코리아휴머노이드로봇산업증권상장지수투자신탁(주식) / 펀드유형: 주식형 / 표준코드: K55301EQ3394 / 기준일: 20260105,MOEL_WRBA_RULE_ART10_1_2,근로자퇴직급여 보장법 시행규칙 제10조 제1항 제2호 (위험자산의 범위 및 운용기준 (DC 및 IRP 위험자산 투자한도 70%)),ED_WRBA_ART26_1_2,공식 출처 대조 (증권사·운용사교차검증),KOFIA 펀드유형: 주식형 (근로자퇴직급여 보장법 시행규칙 제10조 제1항 제2호: 주식형 집합투자증권 위험자산 70% 한도),2026-09-05,PASS (공식 검증 완료)
0150K0,KR70150K0008,KoAct 수소전력ESS인프라액티브,기타,리츠·인프라,가능,70% (위험자산),Y,높음,협회공시대조,https://dis.kofia.or.kr/websquare/index.jsp?w2xPath=/wq/fundann/DISFundFeeCMS.xml&divisionId=MDIS01005001000000&serviceId=SDIS01005001000,data/regulatory/sources/kofia_evidence_extract_20260905.xml,E3,1way,삼성액티브KoAct수소전력ESS인프라액티브증권상장지수투자신탁[주식] / 펀드유형: 주식형 / 표준코드: K553N9EQ9994 / 기준일: 20260112,MOEL_WRBA_RULE_ART10_1_2,근로자퇴직급여 보장법 시행규칙 제10조 제1항 제2호 (위험자산의 범위 및 운용기준 (DC 및 IRP 위험자산 투자한도 70%)),ED_WRBA_ART26_1_2,금융투자협회 전자공시서비스(DIS) 표준 펀드유형 '주식형' XML 전수 대조 (시행규칙 제10조제1항제2호 한도 70%),KOFIA 펀드유형: 주식형 (근로자퇴직급여 보장법 시행규칙 제10조 제1항 제2호: 주식형 집합투자증권 위험자산 70% 한도),2026-09-05,PASS (공식 검증 완료)
0151P0,KR70151P0002,RISE 코리아전략산업액티브,KB자산운용,주식-국내,가능,70% (위험자산),Y,높음,증권사·운용사교차검증,https://dis.kofia.or.kr/websquare/index.jsp?w2xPath=/wq/fundann/DISFundFeeCMS.xml&divisionId=MDIS01005001000000&serviceId=SDIS01005001000,data/regulatory/sources/kofia_evidence_extract_20260905.xml,E3,3way,KBRISE코리아전략산업액티브증권상장지수투자신탁(주식) / 펀드유형: 주식형 / 표준코드: K55223ER2267 / 기준일: 20260119,MOEL_WRBA_RULE_ART10_1_2,근로자퇴직급여 보장법 시행규칙 제10조 제1항 제2호 (위험자산의 범위 및 운용기준 (DC 및 IRP 위험자산 투자한도 70%)),ED_WRBA_ART26_1_2,공식 출처 대조 (증권사·운용사교차검증),KOFIA 펀드유형: 주식형 (근로자퇴직급여 보장법 시행규칙 제10조 제1항 제2호: 주식형 집합투자증권 위험자산 70% 한도),2026-09-05,PASS (공식 검증 완료)
0151S0,KR70151S0009,KODEX 미국AI반도체TOP3플러스,삼성자산운용,주식-해외,가능,70% (위험자산),Y,높음,증권사·운용사교차검증,https://dis.kofia.or.kr/websquare/index.jsp?w2xPath=/wq/fundann/DISFundFeeCMS.xml&divisionId=MDIS01005001000000&serviceId=SDIS01005001000,data/regulatory/sources/kofia_evidence_extract_20260905.xml,E3,3way,삼성KODEX미국AI반도체TOP3플러스증권상장지수투자신탁[주식] / 펀드유형: 주식형 / 표준코드: K55105EQ8482 / 기준일: 20260109,MOEL_WRBA_RULE_ART10_1_2,근로자퇴직급여 보장법 시행규칙 제10조 제1항 제2호 (위험자산의 범위 및 운용기준 (DC 및 IRP 위험자산 투자한도 70%)),ED_WRBA_ART26_1_2,공식 출처 대조 (증권사·운용사교차검증),KOFIA 펀드유형: 주식형 (근로자퇴직급여 보장법 시행규칙 제10조 제1항 제2호: 주식형 집합투자증권 위험자산 70% 한도),2026-09-05,PASS (공식 검증 완료)
0152E0,KR70152E0004,SOL 배당성향탑픽액티브,신한자산운용,주식-국내,가능,70% (위험자산),Y,높음,협회공시대조,https://dis.kofia.or.kr/websquare/index.jsp?w2xPath=/wq/fundann/DISFundFeeCMS.xml&divisionId=MDIS01005001000000&serviceId=SDIS01005001000,data/regulatory/sources/kofia_evidence_extract_20260905.xml,E3,1way,신한SOL배당성향탑픽액티브증권상장지수투자신탁[주식] / 펀드유형: 주식형 / 표준코드: K55210ER5141 / 기준일: 20260112,MOEL_WRBA_RULE_ART10_1_2,근로자퇴직급여 보장법 시행규칙 제10조 제1항 제2호 (위험자산의 범위 및 운용기준 (DC 및 IRP 위험자산 투자한도 70%)),ED_WRBA_ART26_1_2,금융투자협회 전자공시서비스(DIS) 표준 펀드유형 '주식형' XML 전수 대조 (시행규칙 제10조제1항제2호 한도 70%),KOFIA 펀드유형: 주식형 (근로자퇴직급여 보장법 시행규칙 제10조 제1항 제2호: 주식형 집합투자증권 위험자산 70% 한도),2026-09-05,PASS (공식 검증 완료)
0153K0,KR70153K0005,KODEX 주주환원고배당주,삼성자산운용,주식-국내,가능,70% (위험자산),Y,높음,증권사·운용사교차검증,https://dis.kofia.or.kr/websquare/index.jsp?w2xPath=/wq/fundann/DISFundFeeCMS.xml&divisionId=MDIS01005001000000&serviceId=SDIS01005001000,data/regulatory/sources/kofia_evidence_extract_20260905.xml,E3,3way,삼성KODEX주주환원고배당주증권상장지수투자신탁[주식] / 펀드유형: 주식형 / 표준코드: K55105EQ8490 / 기준일: 20260119,MOEL_WRBA_RULE_ART10_1_2,근로자퇴직급여 보장법 시행규칙 제10조 제1항 제2호 (위험자산의 범위 및 운용기준 (DC 및 IRP 위험자산 투자한도 70%)),ED_WRBA_ART26_1_2,공식 출처 대조 (증권사·운용사교차검증),KOFIA 펀드유형: 주식형 (근로자퇴직급여 보장법 시행규칙 제10조 제1항 제2호: 주식형 집합투자증권 위험자산 70% 한도),2026-09-05,PASS (공식 검증 완료)
0153P0,KR70153P0000,ACE 리츠부동산인프라액티브,한국투자신탁운용,리츠·인프라,가능,70% (위험자산),Y,높음,증권사·운용사교차검증,https://www.aceetf.co.kr/api/pension/search,data/regulatory/sources/issuers/ace/ace_pension_search_20260906.json,E4,2way,"한국투자신탁운용 연금투자 공식 API(std_DT 20260903) / ACE 리츠부동산인프라액티브 / stockCode 0153P0 / retirementPensionRatio 70 / pensionType 개인연금,퇴직연금",ED_FSCMA_ART240_4,자본시장과 금융투자업에 관한 법률 시행령 제240조 (집합투자기구의 종류별 최소투자비율 등 (부동산/리츠 집합투자기구)),PSR_ART11_2,공식 출처 대조 (증권사·운용사교차검증),한국투자신탁운용 연금투자 공식 API 확인 (개인연금 및 퇴직연금 70% 위험자산 투자적격),2026-09-06,PASS (공식 검증 완료)
0153X0,KR70153X0000,PLUS 미국고배당주액티브,한화자산운용,주식-해외,가능,70% (위험자산),Y,높음,증권사·운용사교차검증,https://dis.kofia.or.kr/websquare/index.jsp?w2xPath=/wq/fundann/DISFundFeeCMS.xml&divisionId=MDIS01005001000000&serviceId=SDIS01005001000,data/regulatory/sources/kofia_evidence_extract_20260905.xml,E3,3way,한화PLUS미국고배당주액티브증권상장지수투자신탁(주식) / 펀드유형: 주식형 / 표준코드: K55213ER2335 / 기준일: 20260123,MOEL_WRBA_RULE_ART10_1_2,근로자퇴직급여 보장법 시행규칙 제10조 제1항 제2호 (위험자산의 범위 및 운용기준 (DC 및 IRP 위험자산 투자한도 70%)),ED_WRBA_ART26_1_2,공식 출처 대조 (증권사·운용사교차검증),KOFIA 펀드유형: 주식형 (근로자퇴직급여 보장법 시행규칙 제10조 제1항 제2호: 주식형 집합투자증권 위험자산 70% 한도),2026-09-05,PASS (공식 검증 완료)
0154F0,KR70154F0001,WON 초대형IB&금융지주,우리에셋자산운용,주식-국내,가능,70% (위험자산),Y,높음,협회공시대조,https://dis.kofia.or.kr/websquare/index.jsp?w2xPath=/wq/fundann/DISFundFeeCMS.xml&divisionId=MDIS01005001000000&serviceId=SDIS01005001000,data/regulatory/sources/kofia_evidence_extract_20260905.xml,E3,1way,우리WON초대형IB&amp;금융지주증권상장지수투자신탁(주식) / 펀드유형: 주식형 / 표준코드: K55107EP7079 / 기준일: 20260119,MOEL_WRBA_RULE_ART10_1_2,근로자퇴직급여 보장법 시행규칙 제10조 제1항 제2호 (위험자산의 범위 및 운용기준 (DC 및 IRP 위험자산 투자한도 70%)),ED_WRBA_ART26_1_2,금융투자협회 전자공시서비스(DIS) 표준 펀드유형 '주식형' XML 전수 대조 (시행규칙 제10조제1항제2호 한도 70%),KOFIA 펀드유형: 주식형 (근로자퇴직급여 보장법 시행규칙 제10조 제1항 제2호: 주식형 집합투자증권 위험자산 70% 한도),2026-09-05,PASS (공식 검증 완료)
0154H0,KR70154H0009,KoAct 차이나바이오헬스케어액티브,기타,주식-해외,가능,70% (위험자산),Y,높음,협회공시대조,https://dis.kofia.or.kr/websquare/index.jsp?w2xPath=/wq/fundann/DISFundFeeCMS.xml&divisionId=MDIS01005001000000&serviceId=SDIS01005001000,data/regulatory/sources/kofia_evidence_extract_20260905.xml,E3,1way,삼성액티브KoAct차이나바이오헬스케어액티브증권상장지수투자신탁[주식] / 펀드유형: 주식형 / 표준코드: K553N9EM6598 / 기준일: 20260123,MOEL_WRBA_RULE_ART10_1_2,근로자퇴직급여 보장법 시행규칙 제10조 제1항 제2호 (위험자산의 범위 및 운용기준 (DC 및 IRP 위험자산 투자한도 70%)),ED_WRBA_ART26_1_2,금융투자협회 전자공시서비스(DIS) 표준 펀드유형 '주식형' XML 전수 대조 (시행규칙 제10조제1항제2호 한도 70%),KOFIA 펀드유형: 주식형 (근로자퇴직급여 보장법 시행규칙 제10조 제1항 제2호: 주식형 집합투자증권 위험자산 70% 한도),2026-09-05,PASS (공식 검증 완료)
0155M0,KR70155M0001,ACE 미국SMR원자력TOP10,한국투자신탁운용,주식-해외,가능,70% (위험자산),Y,높음,증권사·운용사교차검증,https://dis.kofia.or.kr/websquare/index.jsp?w2xPath=/wq/fundann/DISFundFeeCMS.xml&divisionId=MDIS01005001000000&serviceId=SDIS01005001000,data/regulatory/sources/kofia_evidence_extract_20260905.xml,E3,3way,한국투자ACE미국SMR원자력TOP10증권상장지수투자신탁(주식) / 펀드유형: 주식형 / 표준코드: K55101ER4245 / 기준일: 20260130,MOEL_WRBA_RULE_ART10_1_2,근로자퇴직급여 보장법 시행규칙 제10조 제1항 제2호 (위험자산의 범위 및 운용기준 (DC 및 IRP 위험자산 투자한도 70%)),ED_WRBA_ART26_1_2,공식 출처 대조 (증권사·운용사교차검증),KOFIA 펀드유형: 주식형 (근로자퇴직급여 보장법 시행규칙 제10조 제1항 제2호: 주식형 집합투자증권 위험자산 70% 한도),2026-09-05,PASS (공식 검증 완료)
0155N0,KR70155N0000,HANARO K휴머노이드테마TOP10,NH-Amundi자산운용,주식-국내,가능,70% (위험자산),Y,높음,협회공시대조,https://dis.kofia.or.kr/websquare/index.jsp?w2xPath=/wq/fundann/DISFundFeeCMS.xml&divisionId=MDIS01005001000000&serviceId=SDIS01005001000,data/regulatory/sources/kofia_evidence_extract_20260905.xml,E3,1way,NH-AmundiHANAROK휴머노이드테마TOP10증권상장지수투자신탁[주식] / 펀드유형: 주식형 / 표준코드: K55232ES4162 / 기준일: 20260225,MOEL_WRBA_RULE_ART10_1_2,근로자퇴직급여 보장법 시행규칙 제10조 제1항 제2호 (위험자산의 범위 및 운용기준 (DC 및 IRP 위험자산 투자한도 70%)),ED_WRBA_ART26_1_2,금융투자협회 전자공시서비스(DIS) 표준 펀드유형 '주식형' XML 전수 대조 (시행규칙 제10조제1항제2호 한도 70%),KOFIA 펀드유형: 주식형 (근로자퇴직급여 보장법 시행규칙 제10조 제1항 제2호: 주식형 집합투자증권 위험자산 70% 한도),2026-09-05,PASS (공식 검증 완료)
0162L0,KR70162L0003,KODEX 차이나AI반도체TOP10,삼성자산운용,주식-해외,가능,70% (위험자산),Y,높음,증권사·운용사교차검증,https://dis.kofia.or.kr/websquare/index.jsp?w2xPath=/wq/fundann/DISFundFeeCMS.xml&divisionId=MDIS01005001000000&serviceId=SDIS01005001000,data/regulatory/sources/kofia_evidence_extract_20260905.xml,E3,3way,삼성KODEX차이나AI반도체TOP10증권상장지수투자신탁[주식] / 펀드유형: 주식형 / 표준코드: K55105ER7772 / 기준일: 20260224,MOEL_WRBA_RULE_ART10_1_2,근로자퇴직급여 보장법 시행규칙 제10조 제1항 제2호 (위험자산의 범위 및 운용기준 (DC 및 IRP 위험자산 투자한도 70%)),ED_WRBA_ART26_1_2,공식 출처 대조 (증권사·운용사교차검증),KOFIA 펀드유형: 주식형 (근로자퇴직급여 보장법 시행규칙 제10조 제1항 제2호: 주식형 집합투자증권 위험자산 70% 한도),2026-09-05,PASS (공식 검증 완료)
0162M0,KR70162M0002,KODEX 금융채1~2년(AA-이상)PLUS액티브,삼성자산운용,채권,가능,100% (안전자산),Y,높음,증권사·운용사교차검증,https://dis.kofia.or.kr/websquare/index.jsp?w2xPath=/wq/fundann/DISFundFeeCMS.xml&divisionId=MDIS01005001000000&serviceId=SDIS01005001000,data/regulatory/sources/kofia_evidence_extract_20260905.xml,E3,3way,삼성KODEX금융채1~2년(AA-이상)PLUS액티브증권상장지수투자신탁[채권] / 펀드유형: 채권형 / 표준코드: K55105ER7764 / 기준일: 20260225,PSR_ART11_1_4,퇴직연금감독규정 제11조 제1항 제4호 (적립금 운용방법 등 (원리금보장 및 채권형 등 100% 안전자산)),,금융감독원 DART 투자설명서 대조 (증권사·운용사교차검증),KOFIA 펀드유형: 채권형 (퇴직연금감독규정 제11조 제1항 제4호: 원리금보장 및 채권형 안전자산 (100% 편입 가능)),2026-09-05,PASS (공식 검증 완료)
0162Y0,KR70162Y0008,TIME 코스닥액티브,타임폴리오자산운용,주식-국내,가능,70% (위험자산),Y,높음,협회공시대조,https://dis.kofia.or.kr/websquare/index.jsp?w2xPath=/wq/fundann/DISFundFeeCMS.xml&divisionId=MDIS01005001000000&serviceId=SDIS01005001000,data/regulatory/sources/kofia_evidence_extract_20260905.xml,E3,1way,타임폴리오TIME코스닥액티브증권상장지수투자신탁(주식) / 펀드유형: 주식형 / 표준코드: K553J1ET1739 / 기준일: 20260309,MOEL_WRBA_RULE_ART10_1_2,근로자퇴직급여 보장법 시행규칙 제10조 제1항 제2호 (위험자산의 범위 및 운용기준 (DC 및 IRP 위험자산 투자한도 70%)),ED_WRBA_ART26_1_2,금융투자협회 전자공시서비스(DIS) 표준 펀드유형 '주식형' XML 전수 대조 (시행규칙 제10조제1항제2호 한도 70%),KOFIA 펀드유형: 주식형 (근로자퇴직급여 보장법 시행규칙 제10조 제1항 제2호: 주식형 집합투자증권 위험자산 70% 한도),2026-09-05,PASS (공식 검증 완료)
0162Z0,KR70162Z0007,RISE 삼성전자SK하이닉스채권혼합50,KB자산운용,채권,가능,100% (안전자산),Y,높음,협회공시대조,https://dis.kofia.or.kr/websquare/index.jsp?w2xPath=/wq/fundann/DISFundFeeCMS.xml&divisionId=MDIS01005001000000&serviceId=SDIS01005001000,data/regulatory/sources/kofia_evidence_extract_20260905.xml,E3,1way,KBRISE삼성전자SK하이닉스채권혼합50증권상장지수투자신탁(채권혼합) / 펀드유형: 혼합채권형 / 표준코드: K55223ES6754 / 기준일: 20260225,PSR_ART11_1_5,퇴직연금감독규정 제11조 제1항 제5호 (적립금 운용방법 등 (주식 50% 미만 채권혼합형 100% 안전자산)),,금융투자협회 전자공시(DIS) 표준 펀드유형 '혼합채권형' XML 대조 (약관상 주식 50% 미만 퇴직연금감독규정 제11조제1항제5호),KOFIA 펀드유형: 혼합채권형 (퇴직연금감독규정 제11조 제1항 제5호: 약관상 주식 투자한도 50% 미만 혼합채권형 안전자산 100% 한도),2026-09-05,PASS (공식 검증 완료)
0163Y0,KR70163Y0007,KoAct 코스닥액티브,기타,주식-국내,가능,70% (위험자산),Y,높음,협회공시대조,https://dis.kofia.or.kr/websquare/index.jsp?w2xPath=/wq/fundann/DISFundFeeCMS.xml&divisionId=MDIS01005001000000&serviceId=SDIS01005001000,data/regulatory/sources/kofia_evidence_extract_20260905.xml,E3,1way,삼성액티브KoAct코스닥액티브증권상장지수투자신탁[주식] / 펀드유형: 주식형 / 표준코드: K553N9EU4486 / 기준일: 20260309,MOEL_WRBA_RULE_ART10_1_2,근로자퇴직급여 보장법 시행규칙 제10조 제1항 제2호 (위험자산의 범위 및 운용기준 (DC 및 IRP 위험자산 투자한도 70%)),ED_WRBA_ART26_1_2,금융투자협회 전자공시서비스(DIS) 표준 펀드유형 '주식형' XML 전수 대조 (시행규칙 제10조제1항제2호 한도 70%),KOFIA 펀드유형: 주식형 (근로자퇴직급여 보장법 시행규칙 제10조 제1항 제2호: 주식형 집합투자증권 위험자산 70% 한도),2026-09-05,PASS (공식 검증 완료)
0164G0,KR70164G0008,RISE 차이나AI반도체TOP4Plus,KB자산운용,주식-해외,가능,70% (위험자산),Y,높음,증권사·운용사교차검증,https://dis.kofia.or.kr/websquare/index.jsp?w2xPath=/wq/fundann/DISFundFeeCMS.xml&divisionId=MDIS01005001000000&serviceId=SDIS01005001000,data/regulatory/sources/kofia_evidence_extract_20260905.xml,E3,3way,KBRISE차이나AI반도체TOP4Plus증권상장지수투자신탁(주식) / 펀드유형: 주식형 / 표준코드: K55223ER9122 / 기준일: 20260306,MOEL_WRBA_RULE_ART10_1_2,근로자퇴직급여 보장법 시행규칙 제10조 제1항 제2호 (위험자산의 범위 및 운용기준 (DC 및 IRP 위험자산 투자한도 70%)),ED_WRBA_ART26_1_2,공식 출처 대조 (증권사·운용사교차검증),KOFIA 펀드유형: 주식형 (근로자퇴직급여 보장법 시행규칙 제10조 제1항 제2호: 주식형 집합투자증권 위험자산 70% 한도),2026-09-05,PASS (공식 검증 완료)
0166N0,KR70166N0007,PLUS 코스닥150액티브,한화자산운용,주식-국내,가능,70% (위험자산),Y,높음,증권사·운용사교차검증,https://dis.kofia.or.kr/websquare/index.jsp?w2xPath=/wq/fundann/DISFundFeeCMS.xml&divisionId=MDIS01005001000000&serviceId=SDIS01005001000,data/regulatory/sources/kofia_evidence_extract_20260905.xml,E3,3way,한화PLUS코스닥150액티브증권상장지수투자신탁(주식) / 펀드유형: 주식형 / 표준코드: K55213EN8047 / 기준일: 20260316,MOEL_WRBA_RULE_ART10_1_2,근로자퇴직급여 보장법 시행규칙 제10조 제1항 제2호 (위험자산의 범위 및 운용기준 (DC 및 IRP 위험자산 투자한도 70%)),ED_WRBA_ART26_1_2,공식 출처 대조 (증권사·운용사교차검증),KOFIA 펀드유형: 주식형 (근로자퇴직급여 보장법 시행규칙 제10조 제1항 제2호: 주식형 집합투자증권 위험자산 70% 한도),2026-09-05,PASS (공식 검증 완료)
0166S0,KR70166S0002,PLUS K제조업핵심기업액티브,한화자산운용,주식-국내,가능,70% (위험자산),Y,높음,증권사·운용사교차검증,https://dis.kofia.or.kr/websquare/index.jsp?w2xPath=/wq/fundann/DISFundFeeCMS.xml&divisionId=MDIS01005001000000&serviceId=SDIS01005001000,data/regulatory/sources/kofia_evidence_extract_20260905.xml,E3,3way,한화PLUSK제조업핵심기업액티브증권상장지수투자신탁(주식) / 펀드유형: 주식형 / 표준코드: K55213ES1773 / 기준일: 20260323,MOEL_WRBA_RULE_ART10_1_2,근로자퇴직급여 보장법 시행규칙 제10조 제1항 제2호 (위험자산의 범위 및 운용기준 (DC 및 IRP 위험자산 투자한도 70%)),ED_WRBA_ART26_1_2,공식 출처 대조 (증권사·운용사교차검증),KOFIA 펀드유형: 주식형 (근로자퇴직급여 보장법 시행규칙 제10조 제1항 제2호: 주식형 집합투자증권 위험자산 70% 한도),2026-09-05,PASS (공식 검증 완료)
0166T0,KR70166T0001,PLUS 글로벌저작권핵심기업액티브,한화자산운용,주식-해외,가능,70% (위험자산),Y,높음,증권사·운용사교차검증,https://dis.kofia.or.kr/websquare/index.jsp?w2xPath=/wq/fundann/DISFundFeeCMS.xml&divisionId=MDIS01005001000000&serviceId=SDIS01005001000,data/regulatory/sources/kofia_evidence_extract_20260905.xml,E3,3way,한화PLUS글로벌저작권핵심기업액티브증권상장지수투자신탁(주식) / 펀드유형: 주식형 / 표준코드: K55213ER7714 / 기준일: 20260327,MOEL_WRBA_RULE_ART10_1_2,근로자퇴직급여 보장법 시행규칙 제10조 제1항 제2호 (위험자산의 범위 및 운용기준 (DC 및 IRP 위험자산 투자한도 70%)),ED_WRBA_ART26_1_2,공식 출처 대조 (증권사·운용사교차검증),KOFIA 펀드유형: 주식형 (근로자퇴직급여 보장법 시행규칙 제10조 제1항 제2호: 주식형 집합투자증권 위험자산 70% 한도),2026-09-05,PASS (공식 검증 완료)
0167A0,KR70167A0001,SOL AI반도체TOP2플러스,신한자산운용,주식-국내,가능,70% (위험자산),Y,높음,협회공시대조,https://dis.kofia.or.kr/websquare/index.jsp?w2xPath=/wq/fundann/DISFundFeeCMS.xml&divisionId=MDIS01005001000000&serviceId=SDIS01005001000,data/regulatory/sources/kofia_evidence_extract_20260905.xml,E3,1way,신한SOLAI반도체TOP2플러스증권상장지수투자신탁[주식] / 펀드유형: 주식형 / 표준코드: K55210ES7146 / 기준일: 20260316,MOEL_WRBA_RULE_ART10_1_2,근로자퇴직급여 보장법 시행규칙 제10조 제1항 제2호 (위험자산의 범위 및 운용기준 (DC 및 IRP 위험자산 투자한도 70%)),ED_WRBA_ART26_1_2,금융투자협회 전자공시서비스(DIS) 표준 펀드유형 '주식형' XML 전수 대조 (시행규칙 제10조제1항제2호 한도 70%),KOFIA 펀드유형: 주식형 (근로자퇴직급여 보장법 시행규칙 제10조 제1항 제2호: 주식형 집합투자증권 위험자산 70% 한도),2026-09-05,PASS (공식 검증 완료)
0167B0,KR70167B0000,SOL 200타겟위클리커버드콜,신한자산운용,주식-국내,가능,70% (위험자산),Y,높음,증권사목록대조,https://securities.koreainvestment.com/pension/nwEtcinfo/Notice.jsp?cmd=A_NW_33030View&num=47520,data/regulatory/sources/brokers/koreainvestment/ETF_REITs_LIST_RP_260831.xlsx,E4,2way,한국투자증권 퇴직연금 ETF 상품 현황(2026-08-31 기준) / SOL 200타겟위클리커버드콜 / 0167B0 / 신한 / 퇴직연금 투자한도 0.7,MOEL_WRBA_RULE_ART10_1_2,근로자퇴직급여 보장법 시행규칙 제10조 제1항 제2호 (위험자산의 범위 및 운용기준 (DC 및 IRP 위험자산 투자한도 70%)),ED_WRBA_ART26_1_2,판매사 퇴직연금 매매가능 유니버스 및 위험자산 70% 대조 (증권사목록대조),한국투자증권 퇴직연금 ETF 상품 현황(2026-08-31 기준) 위험자산한도 0.7 대조 및 규제엔진 2자 합치 일치,2026-09-06,PASS (공식 검증 완료)
0167Z0,KR70167Z0002,KODEX 미국우주항공,삼성자산운용,주식-해외,가능,70% (위험자산),Y,높음,증권사·운용사교차검증,https://dis.kofia.or.kr/websquare/index.jsp?w2xPath=/wq/fundann/DISFundFeeCMS.xml&divisionId=MDIS01005001000000&serviceId=SDIS01005001000,data/regulatory/sources/kofia_evidence_extract_20260905.xml,E3,3way,삼성KODEX미국우주항공증권상장지수투자신탁[주식] / 펀드유형: 주식형 / 표준코드: K55105ES6120 / 기준일: 20260313,MOEL_WRBA_RULE_ART10_1_2,근로자퇴직급여 보장법 시행규칙 제10조 제1항 제2호 (위험자산의 범위 및 운용기준 (DC 및 IRP 위험자산 투자한도 70%)),ED_WRBA_ART26_1_2,공식 출처 대조 (증권사·운용사교차검증),KOFIA 펀드유형: 주식형 (근로자퇴직급여 보장법 시행규칙 제10조 제1항 제2호: 주식형 집합투자증권 위험자산 70% 한도),2026-09-05,PASS (공식 검증 완료)
0168K0,KR70168K0008,TIGER 기술이전바이오액티브,미래에셋자산운용,주식-국내,가능,70% (위험자산),Y,높음,증권사·운용사교차검증,https://dis.kofia.or.kr/websquare/index.jsp?w2xPath=/wq/fundann/DISFundFeeCMS.xml&divisionId=MDIS01005001000000&serviceId=SDIS01005001000,data/regulatory/sources/kofia_evidence_extract_20260905.xml,E3,3way,미래에셋TIGER기술이전바이오액티브증권상장지수투자신탁(주식) / 펀드유형: 주식형 / 표준코드: K55301EQ3782 / 기준일: 20260316,MOEL_WRBA_RULE_ART10_1_2,근로자퇴직급여 보장법 시행규칙 제10조 제1항 제2호 (위험자산의 범위 및 운용기준 (DC 및 IRP 위험자산 투자한도 70%)),ED_WRBA_ART26_1_2,공식 출처 대조 (증권사·운용사교차검증),KOFIA 펀드유형: 주식형 (근로자퇴직급여 보장법 시행규칙 제10조 제1항 제2호: 주식형 집합투자증권 위험자산 70% 한도),2026-09-05,PASS (공식 검증 완료)
0172V0,KR70172V0009,1Q 은액티브,하나자산운용,원자재,가능,70% (위험자산),Y,높음,협회공시대조,https://dis.kofia.or.kr/websquare/index.jsp?w2xPath=/wq/fundann/DISFundFeeCMS.xml&divisionId=MDIS01005001000000&serviceId=SDIS01005001000,data/regulatory/sources/kofia_evidence_extract_20260905.xml,E3,1way,하나1Q은액티브특별자산상장지수투자신탁[은-재간접형] / 펀드유형: 특별자산 / 표준코드: K55102ET0257 / 기준일: 20260327,MOEL_WRBA_RULE_ART10_1_2,근로자퇴직급여 보장법 시행규칙 제10조 제1항 제2호 (위험자산의 범위 및 운용기준 (DC 및 IRP 위험자산 투자한도 70%)),ED_WRBA_ART26_1_2,금융투자협회 전자공시(DIS) 표준 펀드유형 '특별자산' XML 대조 (시행규칙 제10조제1항제2호 한도 70%),KOFIA 펀드유형: 특별자산 (근로자퇴직급여 보장법 시행규칙 제10조 제1항 제2호: 실물 특별자산 집합투자증권 위험자산 70% 한도),2026-09-05,PASS (공식 검증 완료)
0172Y0,KR70172Y0006,ACE K수출핵심TOP10산업액티브,한국투자신탁운용,주식-국내,가능,70% (위험자산),Y,높음,증권사·운용사교차검증,https://dis.kofia.or.kr/websquare/index.jsp?w2xPath=/wq/fundann/DISFundFeeCMS.xml&divisionId=MDIS01005001000000&serviceId=SDIS01005001000,data/regulatory/sources/kofia_evidence_extract_20260905.xml,E3,3way,한국투자ACEK수출핵심TOP10산업액티브증권상장지수투자신탁(주식) / 펀드유형: 주식형 / 표준코드: K55101ES8039 / 기준일: 20260330,MOEL_WRBA_RULE_ART10_1_2,근로자퇴직급여 보장법 시행규칙 제10조 제1항 제2호 (위험자산의 범위 및 운용기준 (DC 및 IRP 위험자산 투자한도 70%)),ED_WRBA_ART26_1_2,공식 출처 대조 (증권사·운용사교차검증),KOFIA 펀드유형: 주식형 (근로자퇴직급여 보장법 시행규칙 제10조 제1항 제2호: 주식형 집합투자증권 위험자산 70% 한도),2026-09-05,PASS (공식 검증 완료)
0173Y0,KR70173Y0005,KODEX 미국AI광통신네트워크,삼성자산운용,리츠·인프라,가능,70% (위험자산),Y,높음,증권사·운용사교차검증,https://dis.kofia.or.kr/websquare/index.jsp?w2xPath=/wq/fundann/DISFundFeeCMS.xml&divisionId=MDIS01005001000000&serviceId=SDIS01005001000,data/regulatory/sources/kofia_evidence_extract_20260905.xml,E3,3way,삼성KODEX미국AI광통신네트워크증권상장지수투자신탁[주식] / 펀드유형: 주식형 / 표준코드: K55105ES6112 / 기준일: 20260327,MOEL_WRBA_RULE_ART10_1_2,근로자퇴직급여 보장법 시행규칙 제10조 제1항 제2호 (위험자산의 범위 및 운용기준 (DC 및 IRP 위험자산 투자한도 70%)),ED_WRBA_ART26_1_2,공식 출처 대조 (증권사·운용사교차검증),KOFIA 펀드유형: 주식형 (근로자퇴직급여 보장법 시행규칙 제10조 제1항 제2호: 주식형 집합투자증권 위험자산 70% 한도),2026-09-05,PASS (공식 검증 완료)
0174B0,KR70174B0001,KoAct 글로벌AI메모리반도체액티브,기타,주식-해외,가능,70% (위험자산),Y,높음,협회공시대조,https://dis.kofia.or.kr/websquare/index.jsp?w2xPath=/wq/fundann/DISFundFeeCMS.xml&divisionId=MDIS01005001000000&serviceId=SDIS01005001000,data/regulatory/sources/kofia_evidence_extract_20260905.xml,E3,1way,삼성액티브KoAct글로벌AI메모리반도체액티브증권상장지수투자신탁[주식] / 펀드유형: 주식형 / 표준코드: K553N9EU0641 / 기준일: 20260410,MOEL_WRBA_RULE_ART10_1_2,근로자퇴직급여 보장법 시행규칙 제10조 제1항 제2호 (위험자산의 범위 및 운용기준 (DC 및 IRP 위험자산 투자한도 70%)),ED_WRBA_ART26_1_2,금융투자협회 전자공시서비스(DIS) 표준 펀드유형 '주식형' XML 전수 대조 (시행규칙 제10조제1항제2호 한도 70%),KOFIA 펀드유형: 주식형 (근로자퇴직급여 보장법 시행규칙 제10조 제1항 제2호: 주식형 집합투자증권 위험자산 70% 한도),2026-09-05,PASS (공식 검증 완료)
0174J0,KR70174J0003,DAISHIN 오피스리츠플러스,대신자산운용,리츠·인프라,가능,70% (위험자산),Y,높음,증권사목록대조,https://securities.koreainvestment.com/pension/nwEtcinfo/Notice.jsp?cmd=A_NW_33030View&num=47520,data/regulatory/sources/brokers/koreainvestment/ETF_REITs_LIST_RP_260831.xlsx,E4,2way,한국투자증권 퇴직연금 ETF 상품 현황(2026-08-31 기준) / DAISHIN 오피스리츠플러스 / 0174J0 / 대신 / 퇴직연금 투자한도 0.7,ED_FSCMA_ART240_4,자본시장과 금융투자업에 관한 법률 시행령 제240조 (집합투자기구의 종류별 최소투자비율 등 (부동산/리츠 집합투자기구)),PSR_ART11_2,판매사 퇴직연금 매매가능 유니버스 및 상장리츠 규정 대조 (증권사목록대조),한국투자증권 퇴직연금 ETF 상품 현황(2026-08-31 기준) 위험자산한도 0.7 대조 및 규제엔진 2자 합치 일치,2026-09-06,PASS (공식 검증 완료)
0174R0,KR70174R0003,KIWOOM 미국성장다우존스,키움투자자산운용,주식-해외,가능,70% (위험자산),Y,높음,협회공시대조,https://dis.kofia.or.kr/websquare/index.jsp?w2xPath=/wq/fundann/DISFundFeeCMS.xml&divisionId=MDIS01005001000000&serviceId=SDIS01005001000,data/regulatory/sources/kofia_evidence_extract_20260905.xml,E3,1way,키움KIWOOM미국성장다우존스증권상장지수투자신탁[주식] / 펀드유형: 주식형 / 표준코드: K55206ER7937 / 기준일: 20260327,MOEL_WRBA_RULE_ART10_1_2,근로자퇴직급여 보장법 시행규칙 제10조 제1항 제2호 (위험자산의 범위 및 운용기준 (DC 및 IRP 위험자산 투자한도 70%)),ED_WRBA_ART26_1_2,금융투자협회 전자공시서비스(DIS) 표준 펀드유형 '주식형' XML 전수 대조 (시행규칙 제10조제1항제2호 한도 70%),KOFIA 펀드유형: 주식형 (근로자퇴직급여 보장법 시행규칙 제10조 제1항 제2호: 주식형 집합투자증권 위험자산 70% 한도),2026-09-05,PASS (공식 검증 완료)
0176E0,KR70176E0006,RISE 미국AI전력인프라액티브,KB자산운용,리츠·인프라,가능,70% (위험자산),Y,높음,증권사·운용사교차검증,https://dis.kofia.or.kr/websquare/index.jsp?w2xPath=/wq/fundann/DISFundFeeCMS.xml&divisionId=MDIS01005001000000&serviceId=SDIS01005001000,data/regulatory/sources/kofia_evidence_extract_20260905.xml,E3,3way,KBRISE미국AI전력인프라액티브증권상장지수투자신탁(주식) / 펀드유형: 주식형 / 표준코드: K55223ER9114 / 기준일: 20260402,ED_FSCMA_ART240_4,자본시장과 금융투자업에 관한 법률 시행령 제240조 (집합투자기구의 종류별 최소투자비율 등 (부동산/리츠 집합투자기구)),PSR_ART11_2,공식 출처 대조 (증권사·운용사교차검증),KOFIA 펀드유형: 주식형 (근로자퇴직급여 보장법 시행규칙 제10조 제1항 제2호: 주식형 집합투자증권 위험자산 70% 한도),2026-09-05,PASS (공식 검증 완료)
0176P0,KR70176P0003,FOCUS AI반도체위클리고정커버드콜,하나자산운용,주식-국내,가능,70% (위험자산),Y,높음,증권사목록대조,https://securities.koreainvestment.com/pension/nwEtcinfo/Notice.jsp?cmd=A_NW_33030View&num=47520,data/regulatory/sources/brokers/koreainvestment/ETF_REITs_LIST_RP_260831.xlsx,E4,2way,한국투자증권 퇴직연금 ETF 상품 현황(2026-08-31 기준) / FOCUS AI반도체위클리고정커버드콜 / 0176P0 / 브이아이 / 퇴직연금 투자한도 0.7,MOEL_WRBA_RULE_ART10_1_2,근로자퇴직급여 보장법 시행규칙 제10조 제1항 제2호 (위험자산의 범위 및 운용기준 (DC 및 IRP 위험자산 투자한도 70%)),ED_WRBA_ART26_1_2,판매사 퇴직연금 매매가능 유니버스 및 위험자산 70% 대조 (증권사목록대조),한국투자증권 퇴직연금 ETF 상품 현황(2026-08-31 기준) 위험자산한도 0.7 대조 및 규제엔진 2자 합치 일치,2026-09-06,PASS (공식 검증 완료)
0177A0,KR70177A0009,WON 두산그룹포커스,우리에셋자산운용,주식-국내,가능,70% (위험자산),Y,높음,협회공시대조,https://dis.kofia.or.kr/websquare/index.jsp?w2xPath=/wq/fundann/DISFundFeeCMS.xml&divisionId=MDIS01005001000000&serviceId=SDIS01005001000,data/regulatory/sources/kofia_evidence_extract_20260905.xml,E3,1way,우리WON두산그룹포커스증권상장지수투자신탁(주식) / 펀드유형: 주식형 / 표준코드: K55107ET9055 / 기준일: 20260330,MOEL_WRBA_RULE_ART10_1_2,근로자퇴직급여 보장법 시행규칙 제10조 제1항 제2호 (위험자산의 범위 및 운용기준 (DC 및 IRP 위험자산 투자한도 70%)),ED_WRBA_ART26_1_2,금융투자협회 전자공시서비스(DIS) 표준 펀드유형 '주식형' XML 전수 대조 (시행규칙 제10조제1항제2호 한도 70%),KOFIA 펀드유형: 주식형 (근로자퇴직급여 보장법 시행규칙 제10조 제1항 제2호: 주식형 집합투자증권 위험자산 70% 한도),2026-09-05,PASS (공식 검증 완료)
0177N0,KR70177N0004,KODEX 삼성전자SK하이닉스채권혼합50,삼성자산운용,채권,가능,100% (안전자산),Y,높음,증권사·운용사교차검증,https://dis.kofia.or.kr/websquare/index.jsp?w2xPath=/wq/fundann/DISFundFeeCMS.xml&divisionId=MDIS01005001000000&serviceId=SDIS01005001000,data/regulatory/sources/kofia_evidence_extract_20260905.xml,E3,3way,삼성KODEX삼성전자SK하이닉스채권혼합50증권상장지수투자신탁[채권혼합] / 펀드유형: 혼합채권형 / 표준코드: K55105EQ9878 / 기준일: 20260403,PSR_ART11_1_5,퇴직연금감독규정 제11조 제1항 제5호 (적립금 운용방법 등 (주식 50% 미만 채권혼합형 100% 안전자산)),,금융감독원 DART 투자설명서 신탁계약서 제16조 주식편입한도 대조 (증권사·운용사교차검증),KOFIA 펀드유형: 혼합채권형 (퇴직연금감독규정 제11조 제1항 제5호: 약관상 주식 투자한도 50% 미만 혼합채권형 안전자산 100% 한도),2026-09-05,PASS (공식 검증 완료)
0177R0,KR70177R0000,TIGER 반도체TOP10커버드콜액티브,미래에셋자산운용,주식-국내,가능,70% (위험자산),Y,높음,증권사·운용사교차검증,https://securities.koreainvestment.com/pension/nwEtcinfo/Notice.jsp?cmd=A_NW_33030View&num=47520,data/regulatory/sources/brokers/koreainvestment/ETF_REITs_LIST_RP_260831.xlsx,E4,3way,한국투자증권 퇴직연금 ETF 상품 현황(2026-08-31 기준) / TIGER 반도체TOP10커버드콜액티브 / 0177R0 / 미래에셋 / 퇴직연금 투자한도 0.7,MOEL_WRBA_RULE_ART10_1_2,근로자퇴직급여 보장법 시행규칙 제10조 제1항 제2호 (위험자산의 범위 및 운용기준 (DC 및 IRP 위험자산 투자한도 70%)),ED_WRBA_ART26_1_2,공식 출처 대조 (증권사·운용사교차검증),한국투자증권 퇴직연금 ETF 상품 현황(2026-08-31 기준) 위험자산한도 0.7 대조 및 규제엔진 2자 합치 일치,2026-09-06,PASS (공식 검증 완료)
0177X0,KR70177X0002,ACE K휴머노이드로봇산업TOP2+,한국투자신탁운용,주식-국내,가능,70% (위험자산),Y,높음,증권사·운용사교차검증,https://dis.kofia.or.kr/websquare/index.jsp?w2xPath=/wq/fundann/DISFundFeeCMS.xml&divisionId=MDIS01005001000000&serviceId=SDIS01005001000,data/regulatory/sources/kofia_evidence_extract_20260905.xml,E3,3way,한국투자ACEK휴머노이드로봇산업TOP2+증권상장지수투자신탁(주식) / 펀드유형: 주식형 / 표준코드: K55101EU0214 / 기준일: 20260406,MOEL_WRBA_RULE_ART10_1_2,근로자퇴직급여 보장법 시행규칙 제10조 제1항 제2호 (위험자산의 범위 및 운용기준 (DC 및 IRP 위험자산 투자한도 70%)),ED_WRBA_ART26_1_2,공식 출처 대조 (증권사·운용사교차검증),KOFIA 펀드유형: 주식형 (근로자퇴직급여 보장법 시행규칙 제10조 제1항 제2호: 주식형 집합투자증권 위험자산 70% 한도),2026-09-05,PASS (공식 검증 완료)
0178H0,KR70178H0001,IBK 미국AI TOP10국채혼합50,IBK자산운용,채권,가능,100% (안전자산),Y,높음,협회공시대조,https://dis.kofia.or.kr/websquare/index.jsp?w2xPath=/wq/fundann/DISFundFeeCMS.xml&divisionId=MDIS01005001000000&serviceId=SDIS01005001000,data/regulatory/sources/kofia_evidence_extract_20260905.xml,E3,1way,IBKIBK미국AITOP10국채혼합50증권상장지수투자신탁[채권혼합] / 펀드유형: 혼합채권형 / 표준코드: K55234ES8484 / 기준일: 20260424,PSR_ART11_1_5,퇴직연금감독규정 제11조 제1항 제5호 (적립금 운용방법 등 (주식 50% 미만 채권혼합형 100% 안전자산)),,금융투자협회 전자공시(DIS) 표준 펀드유형 '혼합채권형' XML 대조 (약관상 주식 50% 미만 퇴직연금감독규정 제11조제1항제5호),KOFIA 펀드유형: 혼합채권형 (퇴직연금감독규정 제11조 제1항 제5호: 약관상 주식 투자한도 50% 미만 혼합채권형 안전자산 100% 한도),2026-09-05,PASS (공식 검증 완료)
0180V0,KR70180V0009,ACE 미국우주테크액티브,한국투자신탁운용,주식-해외,가능,70% (위험자산),Y,높음,증권사·운용사교차검증,https://dis.kofia.or.kr/websquare/index.jsp?w2xPath=/wq/fundann/DISFundFeeCMS.xml&divisionId=MDIS01005001000000&serviceId=SDIS01005001000,data/regulatory/sources/kofia_evidence_extract_20260905.xml,E3,3way,한국투자ACE미국우주테크액티브증권상장지수투자신탁(주식) / 펀드유형: 주식형 / 표준코드: K55101ET7451 / 기준일: 20260410,MOEL_WRBA_RULE_ART10_1_2,근로자퇴직급여 보장법 시행규칙 제10조 제1항 제2호 (위험자산의 범위 및 운용기준 (DC 및 IRP 위험자산 투자한도 70%)),ED_WRBA_ART26_1_2,공식 출처 대조 (증권사·운용사교차검증),KOFIA 펀드유형: 주식형 (근로자퇴직급여 보장법 시행규칙 제10조 제1항 제2호: 주식형 집합투자증권 위험자산 70% 한도),2026-09-05,PASS (공식 검증 완료)
0181B0,KR70181B0002,HANARO 미국AI메모리반도체TOP4+,NH-Amundi자산운용,주식-해외,가능,70% (위험자산),Y,높음,협회공시대조,https://dis.kofia.or.kr/websquare/index.jsp?w2xPath=/wq/fundann/DISFundFeeCMS.xml&divisionId=MDIS01005001000000&serviceId=SDIS01005001000,data/regulatory/sources/kofia_evidence_extract_20260905.xml,E3,1way,NH-AmundiHANARO미국AI메모리반도체TOP4+증권상장지수투자신탁(주식) / 펀드유형: 주식형 / 표준코드: K55232EU6940 / 기준일: 20260508,MOEL_WRBA_RULE_ART10_1_2,근로자퇴직급여 보장법 시행규칙 제10조 제1항 제2호 (위험자산의 범위 및 운용기준 (DC 및 IRP 위험자산 투자한도 70%)),ED_WRBA_ART26_1_2,금융투자협회 전자공시서비스(DIS) 표준 펀드유형 '주식형' XML 전수 대조 (시행규칙 제10조제1항제2호 한도 70%),KOFIA 펀드유형: 주식형 (근로자퇴직급여 보장법 시행규칙 제10조 제1항 제2호: 주식형 집합투자증권 위험자산 70% 한도),2026-09-05,PASS (공식 검증 완료)
0181L0,KR70181L0000,SOL 미국우주항공TOP10,신한자산운용,주식-해외,가능,70% (위험자산),Y,높음,협회공시대조,https://dis.kofia.or.kr/websquare/index.jsp?w2xPath=/wq/fundann/DISFundFeeCMS.xml&divisionId=MDIS01005001000000&serviceId=SDIS01005001000,data/regulatory/sources/kofia_evidence_extract_20260905.xml,E3,1way,신한SOL미국우주항공TOP10증권상장지수투자신탁[주식] / 펀드유형: 주식형 / 표준코드: K55210ET5800 / 기준일: 20260417,MOEL_WRBA_RULE_ART10_1_2,근로자퇴직급여 보장법 시행규칙 제10조 제1항 제2호 (위험자산의 범위 및 운용기준 (DC 및 IRP 위험자산 투자한도 70%)),ED_WRBA_ART26_1_2,금융투자협회 전자공시서비스(DIS) 표준 펀드유형 '주식형' XML 전수 대조 (시행규칙 제10조제1항제2호 한도 70%),KOFIA 펀드유형: 주식형 (근로자퇴직급여 보장법 시행규칙 제10조 제1항 제2호: 주식형 집합투자증권 위험자산 70% 한도),2026-09-05,PASS (공식 검증 완료)
0182R0,KR70182R0003,1Q K반도체TOP2+,하나자산운용,주식-국내,가능,70% (위험자산),Y,높음,협회공시대조,https://dis.kofia.or.kr/websquare/index.jsp?w2xPath=/wq/fundann/DISFundFeeCMS.xml&divisionId=MDIS01005001000000&serviceId=SDIS01005001000,data/regulatory/sources/kofia_evidence_extract_20260905.xml,E3,1way,하나1QK반도체TOP2+증권상장지수투자신탁[주식] / 펀드유형: 주식형 / 표준코드: K55102EU0908 / 기준일: 20260413,MOEL_WRBA_RULE_ART10_1_2,근로자퇴직급여 보장법 시행규칙 제10조 제1항 제2호 (위험자산의 범위 및 운용기준 (DC 및 IRP 위험자산 투자한도 70%)),ED_WRBA_ART26_1_2,금융투자협회 전자공시서비스(DIS) 표준 펀드유형 '주식형' XML 전수 대조 (시행규칙 제10조제1항제2호 한도 70%),KOFIA 펀드유형: 주식형 (근로자퇴직급여 보장법 시행규칙 제10조 제1항 제2호: 주식형 집합투자증권 위험자산 70% 한도),2026-09-05,PASS (공식 검증 완료)
0182S0,KR70182S0002,1Q K반도체TOP2채권혼합50,하나자산운용,채권,가능,100% (안전자산),Y,높음,협회공시대조,https://dis.kofia.or.kr/websquare/index.jsp?w2xPath=/wq/fundann/DISFundFeeCMS.xml&divisionId=MDIS01005001000000&serviceId=SDIS01005001000,data/regulatory/sources/kofia_evidence_extract_20260905.xml,E3,1way,하나1QK반도체TOP2채권혼합50증권상장지수투자신탁[채권혼합] / 펀드유형: 혼합채권형 / 표준코드: K55102EU0924 / 기준일: 20260413,PSR_ART11_1_5,퇴직연금감독규정 제11조 제1항 제5호 (적립금 운용방법 등 (주식 50% 미만 채권혼합형 100% 안전자산)),,금융투자협회 전자공시(DIS) 표준 펀드유형 '혼합채권형' XML 대조 (약관상 주식 50% 미만 퇴직연금감독규정 제11조제1항제5호),KOFIA 펀드유형: 혼합채권형 (퇴직연금감독규정 제11조 제1항 제5호: 약관상 주식 투자한도 50% 미만 혼합채권형 안전자산 100% 한도),2026-09-05,PASS (공식 검증 완료)
0183J0,KR70183J0002,TIGER 미국우주테크,미래에셋자산운용,주식-해외,가능,70% (위험자산),Y,높음,증권사·운용사교차검증,https://dis.kofia.or.kr/websquare/index.jsp?w2xPath=/wq/fundann/DISFundFeeCMS.xml&divisionId=MDIS01005001000000&serviceId=SDIS01005001000,data/regulatory/sources/kofia_evidence_extract_20260905.xml,E3,3way,미래에셋TIGER미국우주테크증권상장지수투자신탁(주식) / 펀드유형: 주식형 / 표준코드: K55301ES8102 / 기준일: 20260410,MOEL_WRBA_RULE_ART10_1_2,근로자퇴직급여 보장법 시행규칙 제10조 제1항 제2호 (위험자산의 범위 및 운용기준 (DC 및 IRP 위험자산 투자한도 70%)),ED_WRBA_ART26_1_2,공식 출처 대조 (증권사·운용사교차검증),KOFIA 펀드유형: 주식형 (근로자퇴직급여 보장법 시행규칙 제10조 제1항 제2호: 주식형 집합투자증권 위험자산 70% 한도),2026-09-05,PASS (공식 검증 완료)
0183V0,KR70183V0006,KIWOOM 삼성전자&SK하이닉스채권혼합50,키움투자자산운용,채권,가능,100% (안전자산),Y,높음,협회공시대조,https://dis.kofia.or.kr/websquare/index.jsp?w2xPath=/wq/fundann/DISFundFeeCMS.xml&divisionId=MDIS01005001000000&serviceId=SDIS01005001000,data/regulatory/sources/kofia_evidence_extract_20260905.xml,E3,1way,키움KIWOOM삼성전자&amp;SK하이닉스채권혼합50증권상장지수투자신탁[채권혼합] / 펀드유형: 혼합채권형 / 표준코드: K55206ES9650 / 기준일: 20260420,PSR_ART11_1_5,퇴직연금감독규정 제11조 제1항 제5호 (적립금 운용방법 등 (주식 50% 미만 채권혼합형 100% 안전자산)),,금융투자협회 전자공시(DIS) 표준 펀드유형 '혼합채권형' XML 대조 (약관상 주식 50% 미만 퇴직연금감독규정 제11조제1항제5호),KOFIA 펀드유형: 혼합채권형 (퇴직연금감독규정 제11조 제1항 제5호: 약관상 주식 투자한도 50% 미만 혼합채권형 안전자산 100% 한도),2026-09-05,PASS (공식 검증 완료)
0184E0,KR70184E0006,1Q 200채권혼합50액티브,하나자산운용,채권,가능,100% (안전자산),Y,높음,협회공시대조,https://dis.kofia.or.kr/websquare/index.jsp?w2xPath=/wq/fundann/DISFundFeeCMS.xml&divisionId=MDIS01005001000000&serviceId=SDIS01005001000,data/regulatory/sources/kofia_evidence_extract_20260905.xml,E3,1way,하나1Q200채권혼합50액티브증권상장지수투자신탁[채권혼합] / 펀드유형: 혼합채권형 / 표준코드: K55102EU6996 / 기준일: 20260420,PSR_ART11_1_5,퇴직연금감독규정 제11조 제1항 제5호 (적립금 운용방법 등 (주식 50% 미만 채권혼합형 100% 안전자산)),,금융투자협회 전자공시(DIS) 표준 펀드유형 '혼합채권형' XML 대조 (약관상 주식 50% 미만 퇴직연금감독규정 제11조제1항제5호),KOFIA 펀드유형: 혼합채권형 (퇴직연금감독규정 제11조 제1항 제5호: 약관상 주식 투자한도 50% 미만 혼합채권형 안전자산 100% 한도),2026-09-05,PASS (공식 검증 완료)
0184L0,KR70184L0007,PLUS 중기종합채권(A-이상)액티브,한화자산운용,채권,가능,100% (안전자산),Y,높음,협회공시대조,https://dis.kofia.or.kr/websquare/index.jsp?w2xPath=/wq/fundann/DISFundFeeCMS.xml&divisionId=MDIS01005001000000&serviceId=SDIS01005001000,data/regulatory/sources/kofia_evidence_extract_20260905.xml,E3,1way,한화PLUS중기종합채권(A-이상)액티브증권상장지수투자신탁(채권) / 펀드유형: 채권형 / 표준코드: K55213ES9693 / 기준일: 20260508,PSR_ART11_1_4,퇴직연금감독규정 제11조 제1항 제4호 (적립금 운용방법 등 (원리금보장 및 채권형 등 100% 안전자산)),,금융투자협회 전자공시서비스(DIS) 표준 펀드유형 '채권형' XML 전수 대조,KOFIA 펀드유형: 채권형 (퇴직연금감독규정 제11조 제1항 제4호: 원리금보장 및 채권형 안전자산 (100% 편입 가능)),2026-09-05,PASS (공식 검증 완료)
0184N0,KR70184N0005,PLUS 은채권혼합,한화자산운용,채권,가능,100% (안전자산),Y,높음,증권사목록대조,https://securities.koreainvestment.com/pension/nwEtcinfo/Notice.jsp?cmd=A_NW_33030View&num=47520,data/regulatory/sources/brokers/koreainvestment/ETF_REITs_LIST_RP_260831.xlsx,E4,2way,한국투자증권 퇴직연금 ETF 상품 현황(2026-08-31 기준) / PLUS 은채권혼합 / 0184N0 / 한화 / 퇴직연금 투자한도 1,PSR_ART11_1_5,퇴직연금감독규정 제11조 제1항 제5호 (적립금 운용방법 등 (주식 50% 미만 채권혼합형 100% 안전자산)),,판매사 퇴직연금 매매가능 유니버스 및 주식한도 대조 (증권사목록대조),한국투자증권 퇴직연금 ETF 상품 현황(2026-08-31 기준) 위험자산한도 1 대조 및 규제엔진 2자 합치 일치,2026-09-06,PASS (공식 검증 완료)
0184V0,KR70184V0005,UNICORN K바이오액티브,현대자산운용,혼합·자산배분,가능,70% (위험자산),Y,높음,협회공시대조,https://dis.kofia.or.kr/websquare/index.jsp?w2xPath=/wq/fundann/DISFundFeeCMS.xml&divisionId=MDIS01005001000000&serviceId=SDIS01005001000,data/regulatory/sources/kofia_evidence_extract_20260905.xml,E3,1way,현대UNICORNK바이오액티브증권상장지수투자신탁[주식] / 펀드유형: 주식형 / 표준코드: K55373EU5008 / 기준일: 20260511,MOEL_WRBA_RULE_ART10_1_2,근로자퇴직급여 보장법 시행규칙 제10조 제1항 제2호 (위험자산의 범위 및 운용기준 (DC 및 IRP 위험자산 투자한도 70%)),ED_WRBA_ART26_1_2,금융투자협회 전자공시서비스(DIS) 표준 펀드유형 '주식형' XML 전수 대조 (시행규칙 제10조제1항제2호 한도 70%),KOFIA 펀드유형: 주식형 (근로자퇴직급여 보장법 시행규칙 제10조 제1항 제2호: 주식형 집합투자증권 위험자산 70% 한도),2026-09-05,PASS (공식 검증 완료)
0185L0,KR70185L0006,TIME 글로벌휴머노이드로봇산업액티브,타임폴리오자산운용,주식-해외,가능,70% (위험자산),Y,높음,협회공시대조,https://dis.kofia.or.kr/websquare/index.jsp?w2xPath=/wq/fundann/DISFundFeeCMS.xml&divisionId=MDIS01005001000000&serviceId=SDIS01005001000,data/regulatory/sources/kofia_evidence_extract_20260905.xml,E3,1way,타임폴리오TIME글로벌휴머노이드로봇산업액티브증권상장지수투자신탁(주식) / 펀드유형: 주식형 / 표준코드: K553J1EU9150 / 기준일: 20260518,MOEL_WRBA_RULE_ART10_1_2,근로자퇴직급여 보장법 시행규칙 제10조 제1항 제2호 (위험자산의 범위 및 운용기준 (DC 및 IRP 위험자산 투자한도 70%)),ED_WRBA_ART26_1_2,금융투자협회 전자공시서비스(DIS) 표준 펀드유형 '주식형' XML 전수 대조 (시행규칙 제10조제1항제2호 한도 70%),KOFIA 펀드유형: 주식형 (근로자퇴직급여 보장법 시행규칙 제10조 제1항 제2호: 주식형 집합투자증권 위험자산 70% 한도),2026-09-05,PASS (공식 검증 완료)
0186L0,KR70186L0005,KoAct 미국로봇피지컬AI액티브,기타,주식-해외,가능,70% (위험자산),Y,높음,협회공시대조,https://dis.kofia.or.kr/websquare/index.jsp?w2xPath=/wq/fundann/DISFundFeeCMS.xml&divisionId=MDIS01005001000000&serviceId=SDIS01005001000,data/regulatory/sources/kofia_evidence_extract_20260905.xml,E3,1way,삼성액티브KoAct미국로봇피지컬AI액티브증권상장지수투자신탁[주식] / 펀드유형: 주식형 / 표준코드: K553N9ET5775 / 기준일: 20260424,MOEL_WRBA_RULE_ART10_1_2,근로자퇴직급여 보장법 시행규칙 제10조 제1항 제2호 (위험자산의 범위 및 운용기준 (DC 및 IRP 위험자산 투자한도 70%)),ED_WRBA_ART26_1_2,금융투자협회 전자공시서비스(DIS) 표준 펀드유형 '주식형' XML 전수 대조 (시행규칙 제10조제1항제2호 한도 70%),KOFIA 펀드유형: 주식형 (근로자퇴직급여 보장법 시행규칙 제10조 제1항 제2호: 주식형 집합투자증권 위험자산 70% 한도),2026-09-05,PASS (공식 검증 완료)
0186S0,KR70186S0008,1Q 코스닥150채권혼합50액티브,하나자산운용,채권,가능,100% (안전자산),Y,높음,협회공시대조,https://dis.kofia.or.kr/websquare/index.jsp?w2xPath=/wq/fundann/DISFundFeeCMS.xml&divisionId=MDIS01005001000000&serviceId=SDIS01005001000,data/regulatory/sources/kofia_evidence_extract_20260905.xml,E3,1way,하나1Q코스닥150채권혼합50액티브증권상장지수투자신탁[채권혼합] / 펀드유형: 혼합채권형 / 표준코드: K55102EU8786 / 기준일: 20260427,PSR_ART11_1_5,퇴직연금감독규정 제11조 제1항 제5호 (적립금 운용방법 등 (주식 50% 미만 채권혼합형 100% 안전자산)),,금융투자협회 전자공시(DIS) 표준 펀드유형 '혼합채권형' XML 대조 (약관상 주식 50% 미만 퇴직연금감독규정 제11조제1항제5호),KOFIA 펀드유형: 혼합채권형 (퇴직연금감독규정 제11조 제1항 제5호: 약관상 주식 투자한도 50% 미만 혼합채권형 안전자산 100% 한도),2026-09-05,PASS (공식 검증 완료)
0189B0,KR70189B0004,TIGER 은액티브,미래에셋자산운용,원자재,가능,70% (위험자산),Y,높음,증권사·운용사교차검증,https://dis.kofia.or.kr/websquare/index.jsp?w2xPath=/wq/fundann/DISFundFeeCMS.xml&divisionId=MDIS01005001000000&serviceId=SDIS01005001000,data/regulatory/sources/kofia_evidence_extract_20260905.xml,E3,3way,미래에셋TIGER은액티브특별자산상장지수투자신탁(은-재간접형) / 펀드유형: 특별자산 / 표준코드: K55301ET0066 / 기준일: 20260424,MOEL_WRBA_RULE_ART10_1_2,근로자퇴직급여 보장법 시행규칙 제10조 제1항 제2호 (위험자산의 범위 및 운용기준 (DC 및 IRP 위험자산 투자한도 70%)),ED_WRBA_ART26_1_2,공식 출처 대조 (증권사·운용사교차검증),KOFIA 펀드유형: 특별자산 (근로자퇴직급여 보장법 시행규칙 제10조 제1항 제2호: 실물 특별자산 집합투자증권 위험자산 70% 한도),2026-09-05,PASS (공식 검증 완료)
0189Z0,KR70189Z0006,DAISHIN 금융&지주고배당,대신자산운용,주식-국내,가능,70% (위험자산),Y,높음,협회공시대조,https://dis.kofia.or.kr/websquare/index.jsp?w2xPath=/wq/fundann/DISFundFeeCMS.xml&divisionId=MDIS01005001000000&serviceId=SDIS01005001000,data/regulatory/sources/kofia_evidence_extract_20260905.xml,E3,1way,대신DAISHIN금융&amp;지주고배당증권상장지수투자신탁[주식] / 펀드유형: 주식형 / 표준코드: K55203ET6310 / 기준일: 20260608,MOEL_WRBA_RULE_ART10_1_2,근로자퇴직급여 보장법 시행규칙 제10조 제1항 제2호 (위험자산의 범위 및 운용기준 (DC 및 IRP 위험자산 투자한도 70%)),ED_WRBA_ART26_1_2,금융투자협회 전자공시서비스(DIS) 표준 펀드유형 '주식형' XML 전수 대조 (시행규칙 제10조제1항제2호 한도 70%),KOFIA 펀드유형: 주식형 (근로자퇴직급여 보장법 시행규칙 제10조 제1항 제2호: 주식형 집합투자증권 위험자산 70% 한도),2026-09-05,PASS (공식 검증 완료)
0190C0,KR70190C0000,RISE 현대차고정피지컬AI,KB자산운용,주식-국내,가능,70% (위험자산),Y,높음,증권사·운용사교차검증,https://dis.kofia.or.kr/websquare/index.jsp?w2xPath=/wq/fundann/DISFundFeeCMS.xml&divisionId=MDIS01005001000000&serviceId=SDIS01005001000,data/regulatory/sources/kofia_evidence_extract_20260905.xml,E3,3way,KBRISE현대차고정피지컬AI증권상장지수투자신탁(주식) / 펀드유형: 주식형 / 표준코드: K55223ET9427 / 기준일: 20260511,MOEL_WRBA_RULE_ART10_1_2,근로자퇴직급여 보장법 시행규칙 제10조 제1항 제2호 (위험자산의 범위 및 운용기준 (DC 및 IRP 위험자산 투자한도 70%)),ED_WRBA_ART26_1_2,공식 출처 대조 (증권사·운용사교차검증),KOFIA 펀드유형: 주식형 (근로자퇴직급여 보장법 시행규칙 제10조 제1항 제2호: 주식형 집합투자증권 위험자산 70% 한도),2026-09-05,PASS (공식 검증 완료)
0190G0,KR70190G0006,KODEX 반도체타겟위클리커버드콜,삼성자산운용,주식-국내,가능,70% (위험자산),Y,높음,증권사·운용사교차검증,https://securities.koreainvestment.com/pension/nwEtcinfo/Notice.jsp?cmd=A_NW_33030View&num=47520,data/regulatory/sources/brokers/koreainvestment/ETF_REITs_LIST_RP_260831.xlsx,E4,3way,삼성자산운용 KODEX 공시 [0190G0 / KODEX 반도체타겟위클리커버드콜 / ivPsbReti: 70%] & 한국투자증권 공시 [0190G0 / KODEX 반도체타겟위클리커버드콜 / 위험자산한도: 0.7],MOEL_WRBA_RULE_ART10_1_2,근로자퇴직급여 보장법 시행규칙 제10조 제1항 제2호 (위험자산의 범위 및 운용기준 (DC 및 IRP 위험자산 투자한도 70%)),ED_WRBA_ART26_1_2,공식 출처 대조 (증권사·운용사교차검증),삼성자산운용 KODEX 연금투자 공시 [stkTicker: 0190G0 / ivPsbReti: 70%] 및 한국투자증권 공시 [단축코드: 0190G0 / 위험자산한도: 0.7] 100% 교차 일치,2026-09-06,PASS (공식 검증 완료)
0190M0,KR70190M0008,KIWOOM 미국AI테크하이베타,키움투자자산운용,주식-해외,가능,70% (위험자산),Y,높음,협회공시대조,https://dis.kofia.or.kr/websquare/index.jsp?w2xPath=/wq/fundann/DISFundFeeCMS.xml&divisionId=MDIS01005001000000&serviceId=SDIS01005001000,data/regulatory/sources/kofia_evidence_extract_20260905.xml,E3,1way,키움KIWOOM미국AI테크하이베타증권상장지수투자신탁[주식] / 펀드유형: 주식형 / 표준코드: K55206ES9643 / 기준일: 20260508,MOEL_WRBA_RULE_ART10_1_2,근로자퇴직급여 보장법 시행규칙 제10조 제1항 제2호 (위험자산의 범위 및 운용기준 (DC 및 IRP 위험자산 투자한도 70%)),ED_WRBA_ART26_1_2,금융투자협회 전자공시서비스(DIS) 표준 펀드유형 '주식형' XML 전수 대조 (시행규칙 제10조제1항제2호 한도 70%),KOFIA 펀드유형: 주식형 (근로자퇴직급여 보장법 시행규칙 제10조 제1항 제2호: 주식형 집합투자증권 위험자산 70% 한도),2026-09-05,PASS (공식 검증 완료)
0190Y0,KR70190Y0004,TIGER 구글밸류체인,미래에셋자산운용,주식-해외,가능,70% (위험자산),Y,높음,증권사·운용사교차검증,https://dis.kofia.or.kr/websquare/index.jsp?w2xPath=/wq/fundann/DISFundFeeCMS.xml&divisionId=MDIS01005001000000&serviceId=SDIS01005001000,data/regulatory/sources/kofia_evidence_extract_20260905.xml,E3,3way,미래에셋TIGER구글밸류체인증권상장지수투자신탁(주식) / 펀드유형: 주식형 / 표준코드: K55301ER7782 / 기준일: 20260508,MOEL_WRBA_RULE_ART10_1_2,근로자퇴직급여 보장법 시행규칙 제10조 제1항 제2호 (위험자산의 범위 및 운용기준 (DC 및 IRP 위험자산 투자한도 70%)),ED_WRBA_ART26_1_2,공식 출처 대조 (증권사·운용사교차검증),KOFIA 펀드유형: 주식형 (근로자퇴직급여 보장법 시행규칙 제10조 제1항 제2호: 주식형 집합투자증권 위험자산 70% 한도),2026-09-05,PASS (공식 검증 완료)
0191B0,KR70191B0000,MIDAS 코스닥액티브,마이다스에셋자산운용,주식-국내,가능,70% (위험자산),Y,높음,협회공시대조,https://dis.kofia.or.kr/websquare/index.jsp?w2xPath=/wq/fundann/DISFundFeeCMS.xml&divisionId=MDIS01005001000000&serviceId=SDIS01005001000,data/regulatory/sources/kofia_evidence_extract_20260905.xml,E3,1way,마이다스MIDAS코스닥액티브증권상장지수투자신탁(주식) / 펀드유형: 주식형 / 표준코드: K55303EV2413 / 기준일: 20260518,MOEL_WRBA_RULE_ART10_1_2,근로자퇴직급여 보장법 시행규칙 제10조 제1항 제2호 (위험자산의 범위 및 운용기준 (DC 및 IRP 위험자산 투자한도 70%)),ED_WRBA_ART26_1_2,금융투자협회 전자공시서비스(DIS) 표준 펀드유형 '주식형' XML 전수 대조 (시행규칙 제10조제1항제2호 한도 70%),KOFIA 펀드유형: 주식형 (근로자퇴직급여 보장법 시행규칙 제10조 제1항 제2호: 주식형 집합투자증권 위험자산 70% 한도),2026-09-05,PASS (공식 검증 완료)
0191M0,KR70191M0007,마이티 5월만기자동연장특수채(AAA)액티브,현대자산운용,채권,가능,100% (안전자산),Y,높음,협회공시대조,https://dis.kofia.or.kr/websquare/index.jsp?w2xPath=/wq/fundann/DISFundFeeCMS.xml&divisionId=MDIS01005001000000&serviceId=SDIS01005001000,data/regulatory/sources/kofia_evidence_extract_20260905.xml,E3,1way,DB마이티5월만기자동연장특수채(AAA)액티브증권상장지수투자신탁[채권] / 펀드유형: 채권형 / 표준코드: K55216EV7079 / 기준일: 20260601,PSR_ART11_1_4,퇴직연금감독규정 제11조 제1항 제4호 (적립금 운용방법 등 (원리금보장 및 채권형 등 100% 안전자산)),,금융투자협회 전자공시서비스(DIS) 표준 펀드유형 '채권형' XML 전수 대조,KOFIA 펀드유형: 채권형 (퇴직연금감독규정 제11조 제1항 제4호: 원리금보장 및 채권형 안전자산 (100% 편입 가능)),2026-09-05,PASS (공식 검증 완료)
0191S0,KR70191S0001,IBK 코스닥150,IBK자산운용,주식-국내,가능,70% (위험자산),Y,높음,협회공시대조,https://dis.kofia.or.kr/websquare/index.jsp?w2xPath=/wq/fundann/DISFundFeeCMS.xml&divisionId=MDIS01005001000000&serviceId=SDIS01005001000,data/regulatory/sources/kofia_evidence_extract_20260905.xml,E3,1way,IBKIBK코스닥150증권상장지수투자신탁[주식] / 펀드유형: 주식형 / 표준코드: K55234ET9176 / 기준일: 20260518,MOEL_WRBA_RULE_ART10_1_2,근로자퇴직급여 보장법 시행규칙 제10조 제1항 제2호 (위험자산의 범위 및 운용기준 (DC 및 IRP 위험자산 투자한도 70%)),ED_WRBA_ART26_1_2,금융투자협회 전자공시서비스(DIS) 표준 펀드유형 '주식형' XML 전수 대조 (시행규칙 제10조제1항제2호 한도 70%),KOFIA 펀드유형: 주식형 (근로자퇴직급여 보장법 시행규칙 제10조 제1항 제2호: 주식형 집합투자증권 위험자산 70% 한도),2026-09-05,PASS (공식 검증 완료)
0191W0,KR70191W0005,HANARO 중기종합채권(A-이상)액티브,NH-Amundi자산운용,채권,가능,100% (안전자산),Y,높음,협회공시대조,https://dis.kofia.or.kr/websquare/index.jsp?w2xPath=/wq/fundann/DISFundFeeCMS.xml&divisionId=MDIS01005001000000&serviceId=SDIS01005001000,data/regulatory/sources/kofia_evidence_extract_20260905.xml,E3,1way,NH-AmundiHANARO중기종합채권(A-이상)액티브증권상장지수투자신탁[채권] / 펀드유형: 채권형 / 표준코드: K55232EV4365 / 기준일: 20260518,PSR_ART11_1_4,퇴직연금감독규정 제11조 제1항 제4호 (적립금 운용방법 등 (원리금보장 및 채권형 등 100% 안전자산)),,금융투자협회 전자공시서비스(DIS) 표준 펀드유형 '채권형' XML 전수 대조,KOFIA 펀드유형: 채권형 (퇴직연금감독규정 제11조 제1항 제4호: 원리금보장 및 채권형 안전자산 (100% 편입 가능)),2026-09-05,PASS (공식 검증 완료)
0192L0,KR70192L0007,RISE SK하이닉스단일종목레버리지,KB자산운용,주식-국내,불가,불가,Y,보통,법령조건직접판정,https://www.law.go.kr/LSW//admRulInfoP.do?admRulSeq=2100000244795&chrClsCd=010201,data/regulatory/sources/statutes/퇴직연금감독규정_20260905.txt,RULE_NAME,1way,퇴직연금감독규정 제9조 제1항 제2호 마목: 상장지수집합투자기구가 목표로 하는 지수의 변화에 1배를 초과하거나 음의 배율로 연동하여 운용하는 것은 제외한다,PSR_ART9_1_2,퇴직연금감독규정 제9조 제1항 제2호 마목 (증권 및 기타 적립금 운용방법의 종류 등 (1배수 상장지수집합투자기구 파생위험평가액 100% 한도 허용)),,퇴직연금감독규정 제9조 제1항 제2호 마목 단서 (1배 초과 또는 음의 배율 연동 배제),명칭 기반 배수 식별 및 퇴직연금감독규정 제9조 제1항 제2호 마목 단서 적용,2026-09-05,PASS (공식 검증 완료)
0192M0,KR70192M0006,RISE 삼성전자단일종목레버리지,KB자산운용,주식-국내,불가,불가,Y,보통,법령조건직접판정,https://www.law.go.kr/LSW//admRulInfoP.do?admRulSeq=2100000244795&chrClsCd=010201,data/regulatory/sources/statutes/퇴직연금감독규정_20260905.txt,RULE_NAME,1way,퇴직연금감독규정 제9조 제1항 제2호 마목: 상장지수집합투자기구가 목표로 하는 지수의 변화에 1배를 초과하거나 음의 배율로 연동하여 운용하는 것은 제외한다,PSR_ART9_1_2,퇴직연금감독규정 제9조 제1항 제2호 마목 (증권 및 기타 적립금 운용방법의 종류 등 (1배수 상장지수집합투자기구 파생위험평가액 100% 한도 허용)),,퇴직연금감독규정 제9조 제1항 제2호 마목 단서 (1배 초과 또는 음의 배율 연동 배제),명칭 기반 배수 식별 및 퇴직연금감독규정 제9조 제1항 제2호 마목 단서 적용,2026-09-05,PASS (공식 검증 완료)
0192S0,KR70192S0000,SOL 코스피200채권혼합50,신한자산운용,채권,가능,100% (안전자산),Y,높음,협회공시대조,https://dis.kofia.or.kr/websquare/index.jsp?w2xPath=/wq/fundann/DISFundFeeCMS.xml&divisionId=MDIS01005001000000&serviceId=SDIS01005001000,data/regulatory/sources/kofia_evidence_extract_20260905.xml,E3,1way,신한SOL코스피200채권혼합50증권상장지수투자신탁[채권혼합] / 펀드유형: 혼합채권형 / 표준코드: K55210EU9643 / 기준일: 20260518,PSR_ART11_1_5,퇴직연금감독규정 제11조 제1항 제5호 (적립금 운용방법 등 (주식 50% 미만 채권혼합형 100% 안전자산)),,금융투자협회 전자공시(DIS) 표준 펀드유형 '혼합채권형' XML 대조 (약관상 주식 50% 미만 퇴직연금감독규정 제11조제1항제5호),KOFIA 펀드유형: 혼합채권형 (퇴직연금감독규정 제11조 제1항 제5호: 약관상 주식 투자한도 50% 미만 혼합채권형 안전자산 100% 한도),2026-09-05,PASS (공식 검증 완료)
0192T0,KR70192T0009,SOL 코스닥TOP10,신한자산운용,주식-국내,가능,70% (위험자산),Y,높음,협회공시대조,https://dis.kofia.or.kr/websquare/index.jsp?w2xPath=/wq/fundann/DISFundFeeCMS.xml&divisionId=MDIS01005001000000&serviceId=SDIS01005001000,data/regulatory/sources/kofia_evidence_extract_20260905.xml,E3,1way,신한SOL코스닥TOP10증권상장지수투자신탁[주식] / 펀드유형: 주식형 / 표준코드: K55210EU9981 / 기준일: 20260518,MOEL_WRBA_RULE_ART10_1_2,근로자퇴직급여 보장법 시행규칙 제10조 제1항 제2호 (위험자산의 범위 및 운용기준 (DC 및 IRP 위험자산 투자한도 70%)),ED_WRBA_ART26_1_2,금융투자협회 전자공시서비스(DIS) 표준 펀드유형 '주식형' XML 전수 대조 (시행규칙 제10조제1항제2호 한도 70%),KOFIA 펀드유형: 주식형 (근로자퇴직급여 보장법 시행규칙 제10조 제1항 제2호: 주식형 집합투자증권 위험자산 70% 한도),2026-09-05,PASS (공식 검증 완료)
0192Z0,KR70192Z0001,TIGER 중기종합채권(A-이상)액티브,미래에셋자산운용,채권,가능,100% (안전자산),Y,높음,증권사·운용사교차검증,https://dis.kofia.or.kr/websquare/index.jsp?w2xPath=/wq/fundann/DISFundFeeCMS.xml&divisionId=MDIS01005001000000&serviceId=SDIS01005001000,data/regulatory/sources/kofia_evidence_extract_20260905.xml,E3,3way,미래에셋TIGER중기종합채권(A-이상)액티브증권상장지수투자신탁(채권형) / 펀드유형: 채권형 / 표준코드: K55301EV0294 / 기준일: 20260514,PSR_ART11_1_4,퇴직연금감독규정 제11조 제1항 제4호 (적립금 운용방법 등 (원리금보장 및 채권형 등 100% 안전자산)),,금융감독원 DART 투자설명서 대조 (증권사·운용사교차검증),KOFIA 펀드유형: 채권형 (퇴직연금감독규정 제11조 제1항 제4호: 원리금보장 및 채권형 안전자산 (100% 편입 가능)),2026-09-05,PASS (공식 검증 완료)
0193G0,KR70193G0003,KoAct 코스피액티브,기타,주식-국내,가능,70% (위험자산),Y,높음,협회공시대조,https://dis.kofia.or.kr/websquare/index.jsp?w2xPath=/wq/fundann/DISFundFeeCMS.xml&divisionId=MDIS01005001000000&serviceId=SDIS01005001000,data/regulatory/sources/kofia_evidence_extract_20260905.xml,E3,1way,삼성액티브KoAct코스피액티브증권상장지수투자신탁[주식] / 펀드유형: 주식형 / 표준코드: K553N9EU7141 / 기준일: 20260518,MOEL_WRBA_RULE_ART10_1_2,근로자퇴직급여 보장법 시행규칙 제10조 제1항 제2호 (위험자산의 범위 및 운용기준 (DC 및 IRP 위험자산 투자한도 70%)),ED_WRBA_ART26_1_2,금융투자협회 전자공시서비스(DIS) 표준 펀드유형 '주식형' XML 전수 대조 (시행규칙 제10조제1항제2호 한도 70%),KOFIA 펀드유형: 주식형 (근로자퇴직급여 보장법 시행규칙 제10조 제1항 제2호: 주식형 집합투자증권 위험자산 70% 한도),2026-09-05,PASS (공식 검증 완료)
0193K0,KR70193K0007,PLUS 삼성전자단일종목레버리지,한화자산운용,주식-국내,불가,불가,Y,보통,법령조건직접판정,https://www.law.go.kr/LSW//admRulInfoP.do?admRulSeq=2100000244795&chrClsCd=010201,data/regulatory/sources/statutes/퇴직연금감독규정_20260905.txt,RULE_NAME,1way,퇴직연금감독규정 제9조 제1항 제2호 마목: 상장지수집합투자기구가 목표로 하는 지수의 변화에 1배를 초과하거나 음의 배율로 연동하여 운용하는 것은 제외한다,PSR_ART9_1_2,퇴직연금감독규정 제9조 제1항 제2호 마목 (증권 및 기타 적립금 운용방법의 종류 등 (1배수 상장지수집합투자기구 파생위험평가액 100% 한도 허용)),,퇴직연금감독규정 제9조 제1항 제2호 마목 단서 (1배 초과 또는 음의 배율 연동 배제),명칭 기반 배수 식별 및 퇴직연금감독규정 제9조 제1항 제2호 마목 단서 적용,2026-09-05,PASS (공식 검증 완료)
0193L0,KR70193L0006,PLUS 삼성전자선물단일종목인버스2X,한화자산운용,주식-국내,불가,불가,Y,보통,법령조건직접판정,https://www.law.go.kr/LSW//admRulInfoP.do?admRulSeq=2100000244795&chrClsCd=010201,data/regulatory/sources/statutes/퇴직연금감독규정_20260905.txt,RULE_NAME,1way,퇴직연금감독규정 제9조 제1항 제2호 마목: 상장지수집합투자기구가 목표로 하는 지수의 변화에 1배를 초과하거나 음의 배율로 연동하여 운용하는 것은 제외한다,PSR_ART9_1_2,퇴직연금감독규정 제9조 제1항 제2호 마목 (증권 및 기타 적립금 운용방법의 종류 등 (1배수 상장지수집합투자기구 파생위험평가액 100% 한도 허용)),,퇴직연금감독규정 제9조 제1항 제2호 마목 단서 (1배 초과 또는 음의 배율 연동 배제),명칭 기반 배수 식별 및 퇴직연금감독규정 제9조 제1항 제2호 마목 단서 적용,2026-09-05,PASS (공식 검증 완료)
0193M0,KR70193M0005,BNK 27-12 특수채(AAA이상)액티브,BNK자산운용,채권,가능,100% (안전자산),Y,높음,협회공시대조,https://dis.kofia.or.kr/websquare/index.jsp?w2xPath=/wq/fundann/DISFundFeeCMS.xml&divisionId=MDIS01005001000000&serviceId=SDIS01005001000,data/regulatory/sources/kofia_evidence_extract_20260905.xml,E3,1way,BNKBNK27-12특수채(AAA이상)액티브증권상장지수투자신탁(채권) / 펀드유형: 채권형 / 표준코드: K55240EV4951 / 기준일: 20260612,PSR_ART11_1_4,퇴직연금감독규정 제11조 제1항 제4호 (적립금 운용방법 등 (원리금보장 및 채권형 등 100% 안전자산)),,금융투자협회 전자공시서비스(DIS) 표준 펀드유형 '채권형' XML 전수 대조,KOFIA 펀드유형: 채권형 (퇴직연금감독규정 제11조 제1항 제4호: 원리금보장 및 채권형 안전자산 (100% 편입 가능)),2026-09-05,PASS (공식 검증 완료)
0193T0,KR70193T0008,KODEX SK하이닉스단일종목레버리지,삼성자산운용,주식-국내,불가,불가,Y,보통,법령조건직접판정,https://www.law.go.kr/LSW//admRulInfoP.do?admRulSeq=2100000244795&chrClsCd=010201,data/regulatory/sources/statutes/퇴직연금감독규정_20260905.txt,RULE_NAME,1way,퇴직연금감독규정 제9조 제1항 제2호 마목: 상장지수집합투자기구가 목표로 하는 지수의 변화에 1배를 초과하거나 음의 배율로 연동하여 운용하는 것은 제외한다,PSR_ART9_1_2,퇴직연금감독규정 제9조 제1항 제2호 마목 (증권 및 기타 적립금 운용방법의 종류 등 (1배수 상장지수집합투자기구 파생위험평가액 100% 한도 허용)),,퇴직연금감독규정 제9조 제1항 제2호 마목 단서 (1배 초과 또는 음의 배율 연동 배제),명칭 기반 배수 식별 및 퇴직연금감독규정 제9조 제1항 제2호 마목 단서 적용,2026-09-05,PASS (공식 검증 완료)
0193W0,KR70193W0003,KODEX 삼성전자단일종목레버리지,삼성자산운용,주식-국내,불가,불가,Y,보통,법령조건직접판정,https://www.law.go.kr/LSW//admRulInfoP.do?admRulSeq=2100000244795&chrClsCd=010201,data/regulatory/sources/statutes/퇴직연금감독규정_20260905.txt,RULE_NAME,1way,퇴직연금감독규정 제9조 제1항 제2호 마목: 상장지수집합투자기구가 목표로 하는 지수의 변화에 1배를 초과하거나 음의 배율로 연동하여 운용하는 것은 제외한다,PSR_ART9_1_2,퇴직연금감독규정 제9조 제1항 제2호 마목 (증권 및 기타 적립금 운용방법의 종류 등 (1배수 상장지수집합투자기구 파생위험평가액 100% 한도 허용)),,퇴직연금감독규정 제9조 제1항 제2호 마목 단서 (1배 초과 또는 음의 배율 연동 배제),명칭 기반 배수 식별 및 퇴직연금감독규정 제9조 제1항 제2호 마목 단서 적용,2026-09-05,PASS (공식 검증 완료)
0194M0,KR70194M0004,ACE 삼성전자단일종목레버리지,한국투자신탁운용,주식-국내,불가,불가,Y,보통,법령조건직접판정,https://www.law.go.kr/LSW//admRulInfoP.do?admRulSeq=2100000244795&chrClsCd=010201,data/regulatory/sources/statutes/퇴직연금감독규정_20260905.txt,RULE_NAME,1way,퇴직연금감독규정 제9조 제1항 제2호 마목: 상장지수집합투자기구가 목표로 하는 지수의 변화에 1배를 초과하거나 음의 배율로 연동하여 운용하는 것은 제외한다,PSR_ART9_1_2,퇴직연금감독규정 제9조 제1항 제2호 마목 (증권 및 기타 적립금 운용방법의 종류 등 (1배수 상장지수집합투자기구 파생위험평가액 100% 한도 허용)),,퇴직연금감독규정 제9조 제1항 제2호 마목 단서 (1배 초과 또는 음의 배율 연동 배제),명칭 기반 배수 식별 및 퇴직연금감독규정 제9조 제1항 제2호 마목 단서 적용,2026-09-05,PASS (공식 검증 완료)
0194N0,KR70194N0003,KIWOOM 삼성전자선물단일종목레버리지,키움투자자산운용,주식-국내,불가,불가,Y,보통,법령조건직접판정,https://www.law.go.kr/LSW//admRulInfoP.do?admRulSeq=2100000244795&chrClsCd=010201,data/regulatory/sources/statutes/퇴직연금감독규정_20260905.txt,RULE_NAME,1way,퇴직연금감독규정 제9조 제1항 제2호 마목: 상장지수집합투자기구가 목표로 하는 지수의 변화에 1배를 초과하거나 음의 배율로 연동하여 운용하는 것은 제외한다,PSR_ART9_1_2,퇴직연금감독규정 제9조 제1항 제2호 마목 (증권 및 기타 적립금 운용방법의 종류 등 (1배수 상장지수집합투자기구 파생위험평가액 100% 한도 허용)),,퇴직연금감독규정 제9조 제1항 제2호 마목 단서 (1배 초과 또는 음의 배율 연동 배제),명칭 기반 배수 식별 및 퇴직연금감독규정 제9조 제1항 제2호 마목 단서 적용,2026-09-05,PASS (공식 검증 완료)
0194R0,KR70194R0009,KIWOOM SK하이닉스선물단일종목레버리지,키움투자자산운용,주식-국내,불가,불가,Y,보통,법령조건직접판정,https://www.law.go.kr/LSW//admRulInfoP.do?admRulSeq=2100000244795&chrClsCd=010201,data/regulatory/sources/statutes/퇴직연금감독규정_20260905.txt,RULE_NAME,1way,퇴직연금감독규정 제9조 제1항 제2호 마목: 상장지수집합투자기구가 목표로 하는 지수의 변화에 1배를 초과하거나 음의 배율로 연동하여 운용하는 것은 제외한다,PSR_ART9_1_2,퇴직연금감독규정 제9조 제1항 제2호 마목 (증권 및 기타 적립금 운용방법의 종류 등 (1배수 상장지수집합투자기구 파생위험평가액 100% 한도 허용)),,퇴직연금감독규정 제9조 제1항 제2호 마목 단서 (1배 초과 또는 음의 배율 연동 배제),명칭 기반 배수 식별 및 퇴직연금감독규정 제9조 제1항 제2호 마목 단서 적용,2026-09-05,PASS (공식 검증 완료)
0194T0,KR70194T0007,ACE SK하이닉스단일종목레버리지,한국투자신탁운용,주식-국내,불가,불가,Y,보통,법령조건직접판정,https://www.law.go.kr/LSW//admRulInfoP.do?admRulSeq=2100000244795&chrClsCd=010201,data/regulatory/sources/statutes/퇴직연금감독규정_20260905.txt,RULE_NAME,1way,퇴직연금감독규정 제9조 제1항 제2호 마목: 상장지수집합투자기구가 목표로 하는 지수의 변화에 1배를 초과하거나 음의 배율로 연동하여 운용하는 것은 제외한다,PSR_ART9_1_2,퇴직연금감독규정 제9조 제1항 제2호 마목 (증권 및 기타 적립금 운용방법의 종류 등 (1배수 상장지수집합투자기구 파생위험평가액 100% 한도 허용)),,퇴직연금감독규정 제9조 제1항 제2호 마목 단서 (1배 초과 또는 음의 배율 연동 배제),명칭 기반 배수 식별 및 퇴직연금감독규정 제9조 제1항 제2호 마목 단서 적용,2026-09-05,PASS (공식 검증 완료)
0195R0,KR70195R0008,TIGER 삼성전자단일종목레버리지,미래에셋자산운용,주식-국내,불가,불가,Y,보통,법령조건직접판정,https://www.law.go.kr/LSW//admRulInfoP.do?admRulSeq=2100000244795&chrClsCd=010201,data/regulatory/sources/statutes/퇴직연금감독규정_20260905.txt,RULE_NAME,1way,퇴직연금감독규정 제9조 제1항 제2호 마목: 상장지수집합투자기구가 목표로 하는 지수의 변화에 1배를 초과하거나 음의 배율로 연동하여 운용하는 것은 제외한다,PSR_ART9_1_2,퇴직연금감독규정 제9조 제1항 제2호 마목 (증권 및 기타 적립금 운용방법의 종류 등 (1배수 상장지수집합투자기구 파생위험평가액 100% 한도 허용)),,퇴직연금감독규정 제9조 제1항 제2호 마목 단서 (1배 초과 또는 음의 배율 연동 배제),명칭 기반 배수 식별 및 퇴직연금감독규정 제9조 제1항 제2호 마목 단서 적용,2026-09-05,PASS (공식 검증 완료)
0195S0,KR70195S0007,TIGER SK하이닉스단일종목레버리지,미래에셋자산운용,주식-국내,불가,불가,Y,보통,법령조건직접판정,https://www.law.go.kr/LSW//admRulInfoP.do?admRulSeq=2100000244795&chrClsCd=010201,data/regulatory/sources/statutes/퇴직연금감독규정_20260905.txt,RULE_NAME,1way,퇴직연금감독규정 제9조 제1항 제2호 마목: 상장지수집합투자기구가 목표로 하는 지수의 변화에 1배를 초과하거나 음의 배율로 연동하여 운용하는 것은 제외한다,PSR_ART9_1_2,퇴직연금감독규정 제9조 제1항 제2호 마목 (증권 및 기타 적립금 운용방법의 종류 등 (1배수 상장지수집합투자기구 파생위험평가액 100% 한도 허용)),,퇴직연금감독규정 제9조 제1항 제2호 마목 단서 (1배 초과 또는 음의 배율 연동 배제),명칭 기반 배수 식별 및 퇴직연금감독규정 제9조 제1항 제2호 마목 단서 적용,2026-09-05,PASS (공식 검증 완료)
0197W0,KR70197W0009,SOL SK하이닉스단일종목레버리지,신한자산운용,주식-국내,불가,불가,Y,보통,법령조건직접판정,https://www.law.go.kr/LSW//admRulInfoP.do?admRulSeq=2100000244795&chrClsCd=010201,data/regulatory/sources/statutes/퇴직연금감독규정_20260905.txt,RULE_NAME,1way,퇴직연금감독규정 제9조 제1항 제2호 마목: 상장지수집합투자기구가 목표로 하는 지수의 변화에 1배를 초과하거나 음의 배율로 연동하여 운용하는 것은 제외한다,PSR_ART9_1_2,퇴직연금감독규정 제9조 제1항 제2호 마목 (증권 및 기타 적립금 운용방법의 종류 등 (1배수 상장지수집합투자기구 파생위험평가액 100% 한도 허용)),,퇴직연금감독규정 제9조 제1항 제2호 마목 단서 (1배 초과 또는 음의 배율 연동 배제),명칭 기반 배수 식별 및 퇴직연금감독규정 제9조 제1항 제2호 마목 단서 적용,2026-09-05,PASS (공식 검증 완료)
0197X0,KR70197X0008,SOL SK하이닉스선물단일종목인버스2X,신한자산운용,주식-국내,불가,불가,Y,보통,법령조건직접판정,https://www.law.go.kr/LSW//admRulInfoP.do?admRulSeq=2100000244795&chrClsCd=010201,data/regulatory/sources/statutes/퇴직연금감독규정_20260905.txt,RULE_NAME,1way,퇴직연금감독규정 제9조 제1항 제2호 마목: 상장지수집합투자기구가 목표로 하는 지수의 변화에 1배를 초과하거나 음의 배율로 연동하여 운용하는 것은 제외한다,PSR_ART9_1_2,퇴직연금감독규정 제9조 제1항 제2호 마목 (증권 및 기타 적립금 운용방법의 종류 등 (1배수 상장지수집합투자기구 파생위험평가액 100% 한도 허용)),,퇴직연금감독규정 제9조 제1항 제2호 마목 단서 (1배 초과 또는 음의 배율 연동 배제),명칭 기반 배수 식별 및 퇴직연금감독규정 제9조 제1항 제2호 마목 단서 적용,2026-09-05,PASS (공식 검증 완료)
0198A0,KR70198A0004,KIWOOM 코스닥150커버드콜액티브,키움투자자산운용,주식-국내,가능,70% (위험자산),Y,높음,운용사공시대조,https://www.kiwoometf.com/service/etf/KO02010100M,data/regulatory/sources/issuers/kiwoom/kiwoom_product_universe_20260906.json,E4,2way,"키움 공식 상품 API pensionFlags: ['개인연금', '퇴직연금']. 파생상품 위험평가액 40% 이하 충족",MOEL_WRBA_RULE_ART10_1_2,근로자퇴직급여 보장법 시행규칙 제10조 제1항 제2호 (위험자산의 범위 및 운용기준 (DC 및 IRP 위험자산 투자한도 70%)),ED_WRBA_ART26_1_2,공식 출처 대조 (운용사공시대조),키움투자자산운용 공식 공시 퇴직연금 편입가능(70%) 확인. 한국투자증권 미취급(라인업 사유),2026-09-06,PASS (공식 검증 완료)
0198B0,KR70198B0003,1Q 삼성전자선물단일종목레버리지,하나자산운용,주식-국내,불가,불가,Y,보통,법령조건직접판정,https://www.law.go.kr/LSW//admRulInfoP.do?admRulSeq=2100000244795&chrClsCd=010201,data/regulatory/sources/statutes/퇴직연금감독규정_20260905.txt,RULE_NAME,1way,퇴직연금감독규정 제9조 제1항 제2호 마목: 상장지수집합투자기구가 목표로 하는 지수의 변화에 1배를 초과하거나 음의 배율로 연동하여 운용하는 것은 제외한다,PSR_ART9_1_2,퇴직연금감독규정 제9조 제1항 제2호 마목 (증권 및 기타 적립금 운용방법의 종류 등 (1배수 상장지수집합투자기구 파생위험평가액 100% 한도 허용)),,퇴직연금감독규정 제9조 제1항 제2호 마목 단서 (1배 초과 또는 음의 배율 연동 배제),명칭 기반 배수 식별 및 퇴직연금감독규정 제9조 제1항 제2호 마목 단서 적용,2026-09-05,PASS (공식 검증 완료)
0198D0,KR70198D0001,1Q SK하이닉스선물단일종목레버리지,하나자산운용,주식-국내,불가,불가,Y,보통,법령조건직접판정,https://www.law.go.kr/LSW//admRulInfoP.do?admRulSeq=2100000244795&chrClsCd=010201,data/regulatory/sources/statutes/퇴직연금감독규정_20260905.txt,RULE_NAME,1way,퇴직연금감독규정 제9조 제1항 제2호 마목: 상장지수집합투자기구가 목표로 하는 지수의 변화에 1배를 초과하거나 음의 배율로 연동하여 운용하는 것은 제외한다,PSR_ART9_1_2,퇴직연금감독규정 제9조 제1항 제2호 마목 (증권 및 기타 적립금 운용방법의 종류 등 (1배수 상장지수집합투자기구 파생위험평가액 100% 한도 허용)),,퇴직연금감독규정 제9조 제1항 제2호 마목 단서 (1배 초과 또는 음의 배율 연동 배제),명칭 기반 배수 식별 및 퇴직연금감독규정 제9조 제1항 제2호 마목 단서 적용,2026-09-05,PASS (공식 검증 완료)
0199C0,KR70199C0001,ACE 고배당주Plus커버드콜액티브,한국투자신탁운용,주식-국내,가능,70% (위험자산),Y,높음,증권사·운용사교차검증,https://securities.koreainvestment.com/pension/nwEtcinfo/Notice.jsp?cmd=A_NW_33030View&num=47520,data/regulatory/sources/brokers/koreainvestment/ETF_REITs_LIST_RP_260831.xlsx,E4,3way,한국투자증권 퇴직연금 ETF 상품 현황(2026-08-31 기준) / ACE 고배당주Plus커버드콜액티브 / 0199C0 / 한국 / 퇴직연금 투자한도 0.7,MOEL_WRBA_RULE_ART10_1_2,근로자퇴직급여 보장법 시행규칙 제10조 제1항 제2호 (위험자산의 범위 및 운용기준 (DC 및 IRP 위험자산 투자한도 70%)),ED_WRBA_ART26_1_2,공식 출처 대조 (증권사·운용사교차검증),한국투자증권 퇴직연금 ETF 상품 현황(2026-08-31 기준) 위험자산한도 0.7 대조 및 규제엔진 2자 합치 일치,2026-09-06,PASS (공식 검증 완료)
0203D0,KR70203D0004,PLUS 200위클리커버드콜채권혼합,한화자산운용,채권,가능,100% (안전자산),Y,높음,증권사목록대조,https://securities.koreainvestment.com/pension/nwEtcinfo/Notice.jsp?cmd=A_NW_33030View&num=47520,data/regulatory/sources/brokers/koreainvestment/ETF_REITs_LIST_RP_260831.xlsx,E4,2way,한국투자증권 퇴직연금 ETF 상품 현황(2026-08-31 기준) / PLUS 200위클리커버드콜채권혼합 / 0203D0 / 한화 / 퇴직연금 투자한도 1,PSR_ART11_1_5,퇴직연금감독규정 제11조 제1항 제5호 (적립금 운용방법 등 (주식 50% 미만 채권혼합형 100% 안전자산)),,판매사 퇴직연금 매매가능 유니버스 및 주식한도 대조 (증권사목록대조),한국투자증권 퇴직연금 ETF 상품 현황(2026-08-31 기준) 위험자산한도 1 대조 및 규제엔진 2자 합치 일치,2026-09-06,PASS (공식 검증 완료)
0203R0,KR70203R0008,WON 중단기종합채권(A-이상)액티브,우리에셋자산운용,채권,가능,100% (안전자산),Y,높음,협회공시대조,https://dis.kofia.or.kr/websquare/index.jsp?w2xPath=/wq/fundann/DISFundFeeCMS.xml&divisionId=MDIS01005001000000&serviceId=SDIS01005001000,data/regulatory/sources/kofia_evidence_extract_20260905.xml,E3,1way,우리WON중단기종합채권(A-이상)액티브증권상장지수투자신탁(채권) / 펀드유형: 채권형 / 표준코드: K55107EU9953 / 기준일: 20260529,PSR_ART11_1_4,퇴직연금감독규정 제11조 제1항 제4호 (적립금 운용방법 등 (원리금보장 및 채권형 등 100% 안전자산)),,금융투자협회 전자공시서비스(DIS) 표준 펀드유형 '채권형' XML 전수 대조,KOFIA 펀드유형: 채권형 (퇴직연금감독규정 제11조 제1항 제4호: 원리금보장 및 채권형 안전자산 (100% 편입 가능)),2026-09-05,PASS (공식 검증 완료)
0203S0,KR70203S0007,WON 삼성전자현대차채권혼합50,우리에셋자산운용,채권,가능,100% (안전자산),Y,높음,협회공시대조,https://dis.kofia.or.kr/websquare/index.jsp?w2xPath=/wq/fundann/DISFundFeeCMS.xml&divisionId=MDIS01005001000000&serviceId=SDIS01005001000,data/regulatory/sources/kofia_evidence_extract_20260905.xml,E3,1way,우리WON삼성전자현대차채권혼합50증권상장지수투자신탁(채권혼합) / 펀드유형: 혼합채권형 / 표준코드: K55107EV6271 / 기준일: 20260601,PSR_ART11_1_5,퇴직연금감독규정 제11조 제1항 제5호 (적립금 운용방법 등 (주식 50% 미만 채권혼합형 100% 안전자산)),,금융투자협회 전자공시(DIS) 표준 펀드유형 '혼합채권형' XML 대조 (약관상 주식 50% 미만 퇴직연금감독규정 제11조제1항제5호),KOFIA 펀드유형: 혼합채권형 (퇴직연금감독규정 제11조 제1항 제5호: 약관상 주식 투자한도 50% 미만 혼합채권형 안전자산 100% 한도),2026-09-05,PASS (공식 검증 완료)
0204D0,KR70204D0003,KODEX 현대차로보틱스밸류체인TOP3플러스,삼성자산운용,주식-국내,가능,70% (위험자산),Y,높음,증권사·운용사교차검증,https://dis.kofia.or.kr/websquare/index.jsp?w2xPath=/wq/fundann/DISFundFeeCMS.xml&divisionId=MDIS01005001000000&serviceId=SDIS01005001000,data/regulatory/sources/kofia_evidence_extract_20260905.xml,E3,3way,삼성KODEX현대차로보틱스밸류체인TOP3플러스증권상장지수투자신탁[주식] / 펀드유형: 주식형 / 표준코드: K55105EV4203 / 기준일: 20260605,MOEL_WRBA_RULE_ART10_1_2,근로자퇴직급여 보장법 시행규칙 제10조 제1항 제2호 (위험자산의 범위 및 운용기준 (DC 및 IRP 위험자산 투자한도 70%)),ED_WRBA_ART26_1_2,공식 출처 대조 (증권사·운용사교차검증),KOFIA 펀드유형: 주식형 (근로자퇴직급여 보장법 시행규칙 제10조 제1항 제2호: 주식형 집합투자증권 위험자산 70% 한도),2026-09-05,PASS (공식 검증 완료)
0204S0,KR70204S0006,TIGER 코스닥액티브,미래에셋자산운용,주식-국내,가능,70% (위험자산),Y,높음,증권사·운용사교차검증,https://dis.kofia.or.kr/websquare/index.jsp?w2xPath=/wq/fundann/DISFundFeeCMS.xml&divisionId=MDIS01005001000000&serviceId=SDIS01005001000,data/regulatory/sources/kofia_evidence_extract_20260905.xml,E3,3way,미래에셋TIGER코스닥액티브증권상장지수투자신탁(주식) / 펀드유형: 주식형 / 표준코드: K55301EU5260 / 기준일: 20260601,MOEL_WRBA_RULE_ART10_1_2,근로자퇴직급여 보장법 시행규칙 제10조 제1항 제2호 (위험자산의 범위 및 운용기준 (DC 및 IRP 위험자산 투자한도 70%)),ED_WRBA_ART26_1_2,공식 출처 대조 (증권사·운용사교차검증),KOFIA 펀드유형: 주식형 (근로자퇴직급여 보장법 시행규칙 제10조 제1항 제2호: 주식형 집합투자증권 위험자산 70% 한도),2026-09-05,PASS (공식 검증 완료)
0206G0,KR70206G0008,1Q 현대차기아채권혼합50,하나자산운용,채권,가능,100% (안전자산),Y,높음,협회공시대조,https://dis.kofia.or.kr/websquare/index.jsp?w2xPath=/wq/fundann/DISFundFeeCMS.xml&divisionId=MDIS01005001000000&serviceId=SDIS01005001000,data/regulatory/sources/kofia_evidence_extract_20260905.xml,E3,1way,하나1Q현대차기아채권혼합50증권상장지수투자신탁(채권혼합) / 펀드유형: 혼합채권형 / 표준코드: K55102EV2721 / 기준일: 20260608,PSR_ART11_1_5,퇴직연금감독규정 제11조 제1항 제5호 (적립금 운용방법 등 (주식 50% 미만 채권혼합형 100% 안전자산)),,금융투자협회 전자공시(DIS) 표준 펀드유형 '혼합채권형' XML 대조 (약관상 주식 50% 미만 퇴직연금감독규정 제11조제1항제5호),KOFIA 펀드유형: 혼합채권형 (퇴직연금감독규정 제11조 제1항 제5호: 약관상 주식 투자한도 50% 미만 혼합채권형 안전자산 100% 한도),2026-09-05,PASS (공식 검증 완료)
0207G0,KR70207G0007,SOL 우주항공밸류체인,신한자산운용,주식-국내,가능,70% (위험자산),Y,높음,협회공시대조,https://dis.kofia.or.kr/websquare/index.jsp?w2xPath=/wq/fundann/DISFundFeeCMS.xml&divisionId=MDIS01005001000000&serviceId=SDIS01005001000,data/regulatory/sources/kofia_evidence_extract_20260905.xml,E3,1way,신한SOL우주항공밸류체인증권상장지수투자신탁[주식] / 펀드유형: 주식형 / 표준코드: K55210EV7778 / 기준일: 20260615,MOEL_WRBA_RULE_ART10_1_2,근로자퇴직급여 보장법 시행규칙 제10조 제1항 제2호 (위험자산의 범위 및 운용기준 (DC 및 IRP 위험자산 투자한도 70%)),ED_WRBA_ART26_1_2,금융투자협회 전자공시서비스(DIS) 표준 펀드유형 '주식형' XML 전수 대조 (시행규칙 제10조제1항제2호 한도 70%),KOFIA 펀드유형: 주식형 (근로자퇴직급여 보장법 시행규칙 제10조 제1항 제2호: 주식형 집합투자증권 위험자산 70% 한도),2026-09-05,PASS (공식 검증 완료)
0207Z0,KR70207Z0004,KIWOOM 미국우주데이터센터인프라,키움투자자산운용,리츠·인프라,가능,70% (위험자산),Y,높음,협회공시대조,https://dis.kofia.or.kr/websquare/index.jsp?w2xPath=/wq/fundann/DISFundFeeCMS.xml&divisionId=MDIS01005001000000&serviceId=SDIS01005001000,data/regulatory/sources/kofia_evidence_extract_20260905.xml,E3,1way,키움KIWOOM미국우주데이터센터인프라증권상장지수투자신탁[주식] / 펀드유형: 주식형 / 표준코드: K55206EV4466 / 기준일: 20260612,MOEL_WRBA_RULE_ART10_1_2,근로자퇴직급여 보장법 시행규칙 제10조 제1항 제2호 (위험자산의 범위 및 운용기준 (DC 및 IRP 위험자산 투자한도 70%)),ED_WRBA_ART26_1_2,금융투자협회 전자공시서비스(DIS) 표준 펀드유형 '주식형' XML 전수 대조 (시행규칙 제10조제1항제2호 한도 70%),KOFIA 펀드유형: 주식형 (근로자퇴직급여 보장법 시행규칙 제10조 제1항 제2호: 주식형 집합투자증권 위험자산 70% 한도),2026-09-05,PASS (공식 검증 완료)
0208N0,KR70208N0007,IBK 코스피액티브,IBK자산운용,주식-국내,가능,70% (위험자산),Y,높음,협회공시대조,https://dis.kofia.or.kr/websquare/index.jsp?w2xPath=/wq/fundann/DISFundFeeCMS.xml&divisionId=MDIS01005001000000&serviceId=SDIS01005001000,data/regulatory/sources/kofia_evidence_extract_20260905.xml,E3,1way,IBKIBK코스피액티브증권상장지수투자신탁[주식] / 펀드유형: 주식형 / 표준코드: K55234ES8492 / 기준일: 20260622,MOEL_WRBA_RULE_ART10_1_2,근로자퇴직급여 보장법 시행규칙 제10조 제1항 제2호 (위험자산의 범위 및 운용기준 (DC 및 IRP 위험자산 투자한도 70%)),ED_WRBA_ART26_1_2,금융투자협회 전자공시서비스(DIS) 표준 펀드유형 '주식형' XML 전수 대조 (시행규칙 제10조제1항제2호 한도 70%),KOFIA 펀드유형: 주식형 (근로자퇴직급여 보장법 시행규칙 제10조 제1항 제2호: 주식형 집합투자증권 위험자산 70% 한도),2026-09-05,PASS (공식 검증 완료)
0209D0,KR70209D0008,KODEX 전고체배터리ESS TOP2플러스,삼성자산운용,주식-국내,가능,70% (위험자산),Y,높음,증권사·운용사교차검증,https://dis.kofia.or.kr/websquare/index.jsp?w2xPath=/wq/fundann/DISFundFeeCMS.xml&divisionId=MDIS01005001000000&serviceId=SDIS01005001000,data/regulatory/sources/kofia_evidence_extract_20260905.xml,E3,3way,삼성KODEX전고체배터리ESSTOP2플러스증권상장지수투자신탁[주식] / 펀드유형: 주식형 / 표준코드: K55105EW2453 / 기준일: 20260622,MOEL_WRBA_RULE_ART10_1_2,근로자퇴직급여 보장법 시행규칙 제10조 제1항 제2호 (위험자산의 범위 및 운용기준 (DC 및 IRP 위험자산 투자한도 70%)),ED_WRBA_ART26_1_2,공식 출처 대조 (증권사·운용사교차검증),KOFIA 펀드유형: 주식형 (근로자퇴직급여 보장법 시행규칙 제10조 제1항 제2호: 주식형 집합투자증권 위험자산 70% 한도),2026-09-05,PASS (공식 검증 완료)
0209Z0,KR70209Z0002,ACE 코리아AI전력TOP10,한국투자신탁운용,주식-국내,가능,70% (위험자산),Y,높음,증권사·운용사교차검증,https://dis.kofia.or.kr/websquare/index.jsp?w2xPath=/wq/fundann/DISFundFeeCMS.xml&divisionId=MDIS01005001000000&serviceId=SDIS01005001000,data/regulatory/sources/kofia_evidence_extract_20260905.xml,E3,3way,한국투자ACE코리아AI전력TOP10증권상장지수투자신탁(주식) / 펀드유형: 주식형 / 표준코드: K55101EU2731 / 기준일: 20260622,MOEL_WRBA_RULE_ART10_1_2,근로자퇴직급여 보장법 시행규칙 제10조 제1항 제2호 (위험자산의 범위 및 운용기준 (DC 및 IRP 위험자산 투자한도 70%)),ED_WRBA_ART26_1_2,공식 출처 대조 (증권사·운용사교차검증),KOFIA 펀드유형: 주식형 (근로자퇴직급여 보장법 시행규칙 제10조 제1항 제2호: 주식형 집합투자증권 위험자산 70% 한도),2026-09-05,PASS (공식 검증 완료)
0210A0,KR70210A0008,ACE K반도체TOP2+,한국투자신탁운용,주식-국내,가능,70% (위험자산),Y,높음,증권사·운용사교차검증,https://dis.kofia.or.kr/websquare/index.jsp?w2xPath=/wq/fundann/DISFundFeeCMS.xml&divisionId=MDIS01005001000000&serviceId=SDIS01005001000,data/regulatory/sources/kofia_evidence_extract_20260905.xml,E3,3way,한국투자ACEK반도체TOP2+증권상장지수투자신탁(주식) / 펀드유형: 주식형 / 표준코드: K55101EW2275 / 기준일: 20260622,MOEL_WRBA_RULE_ART10_1_2,근로자퇴직급여 보장법 시행규칙 제10조 제1항 제2호 (위험자산의 범위 및 운용기준 (DC 및 IRP 위험자산 투자한도 70%)),ED_WRBA_ART26_1_2,공식 출처 대조 (증권사·운용사교차검증),KOFIA 펀드유형: 주식형 (근로자퇴직급여 보장법 시행규칙 제10조 제1항 제2호: 주식형 집합투자증권 위험자산 70% 한도),2026-09-05,PASS (공식 검증 완료)
0210E0,KR70210E0004,PLUS 200커버드콜액티브,한화자산운용,주식-국내,가능,70% (위험자산),Y,높음,증권사목록대조,https://securities.koreainvestment.com/pension/nwEtcinfo/Notice.jsp?cmd=A_NW_33030View&num=47520,data/regulatory/sources/brokers/koreainvestment/ETF_REITs_LIST_RP_260831.xlsx,E4,2way,한국투자증권 퇴직연금 ETF 상품 현황(2026-08-31 기준) / PLUS 200커버드콜액티브 / 0210E0 / 한화 / 퇴직연금 투자한도 0.7,MOEL_WRBA_RULE_ART10_1_2,근로자퇴직급여 보장법 시행규칙 제10조 제1항 제2호 (위험자산의 범위 및 운용기준 (DC 및 IRP 위험자산 투자한도 70%)),ED_WRBA_ART26_1_2,판매사 퇴직연금 매매가능 유니버스 및 위험자산 70% 대조 (증권사목록대조),한국투자증권 퇴직연금 ETF 상품 현황(2026-08-31 기준) 위험자산한도 0.7 대조 및 규제엔진 2자 합치 일치,2026-09-06,PASS (공식 검증 완료)
0214M0,KR70214M0000,MIDAS 바이오헬스케어액티브,마이다스에셋자산운용,주식-국내,가능,70% (위험자산),Y,높음,협회공시대조,https://dis.kofia.or.kr/websquare/index.jsp?w2xPath=/wq/fundann/DISFundFeeCMS.xml&divisionId=MDIS01005001000000&serviceId=SDIS01005001000,data/regulatory/sources/kofia_evidence_extract_20260905.xml,E3,1way,마이다스MIDAS바이오헬스케어액티브증권상장지수투자신탁(주식) / 펀드유형: 주식형 / 표준코드: K55303EX5786 / 기준일: 20260727,MOEL_WRBA_RULE_ART10_1_2,근로자퇴직급여 보장법 시행규칙 제10조 제1항 제2호 (위험자산의 범위 및 운용기준 (DC 및 IRP 위험자산 투자한도 70%)),ED_WRBA_ART26_1_2,금융투자협회 전자공시서비스(DIS) 표준 펀드유형 '주식형' XML 전수 대조 (시행규칙 제10조제1항제2호 한도 70%),KOFIA 펀드유형: 주식형 (근로자퇴직급여 보장법 시행규칙 제10조 제1항 제2호: 주식형 집합투자증권 위험자산 70% 한도),2026-09-05,PASS (공식 검증 완료)
0215T0,KR70215T0002,HANARO 미국AI광통신TOP10,NH-Amundi자산운용,주식-해외,가능,70% (위험자산),Y,높음,협회공시대조,https://dis.kofia.or.kr/websquare/index.jsp?w2xPath=/wq/fundann/DISFundFeeCMS.xml&divisionId=MDIS01005001000000&serviceId=SDIS01005001000,data/regulatory/sources/kofia_evidence_extract_20260905.xml,E3,1way,NH-AmundiHANARO미국AI광통신TOP10증권상장지수투자신탁(주식) / 펀드유형: 주식형 / 표준코드: K55232EW1147 / 기준일: 20260710,MOEL_WRBA_RULE_ART10_1_2,근로자퇴직급여 보장법 시행규칙 제10조 제1항 제2호 (위험자산의 범위 및 운용기준 (DC 및 IRP 위험자산 투자한도 70%)),ED_WRBA_ART26_1_2,금융투자협회 전자공시서비스(DIS) 표준 펀드유형 '주식형' XML 전수 대조 (시행규칙 제10조제1항제2호 한도 70%),KOFIA 펀드유형: 주식형 (근로자퇴직급여 보장법 시행규칙 제10조 제1항 제2호: 주식형 집합투자증권 위험자산 70% 한도),2026-09-05,PASS (공식 검증 완료)
0216K0,KR70216K0000,KIWOOM 미국우주테크TOP2채권혼합50,키움투자자산운용,채권,가능,100% (안전자산),Y,높음,협회공시대조,https://dis.kofia.or.kr/websquare/index.jsp?w2xPath=/wq/fundann/DISFundFeeCMS.xml&divisionId=MDIS01005001000000&serviceId=SDIS01005001000,data/regulatory/sources/kofia_evidence_extract_20260905.xml,E3,1way,키움KIWOOM미국우주테크TOP2채권혼합50증권상장지수투자신탁[채권혼합] / 펀드유형: 혼합채권형 / 표준코드: K55206EW2329 / 기준일: 20260706,PSR_ART11_1_5,퇴직연금감독규정 제11조 제1항 제5호 (적립금 운용방법 등 (주식 50% 미만 채권혼합형 100% 안전자산)),,금융투자협회 전자공시(DIS) 표준 펀드유형 '혼합채권형' XML 대조 (약관상 주식 50% 미만 퇴직연금감독규정 제11조제1항제5호),KOFIA 펀드유형: 혼합채권형 (퇴직연금감독규정 제11조 제1항 제5호: 약관상 주식 투자한도 50% 미만 혼합채권형 안전자산 100% 한도),2026-09-05,PASS (공식 검증 완료)
0216Z0,KR70216Z0003,ACE K방산TOP5+,한국투자신탁운용,주식-국내,가능,70% (위험자산),Y,높음,증권사·운용사교차검증,https://dis.kofia.or.kr/websquare/index.jsp?w2xPath=/wq/fundann/DISFundFeeCMS.xml&divisionId=MDIS01005001000000&serviceId=SDIS01005001000,data/regulatory/sources/kofia_evidence_extract_20260905.xml,E3,3way,한국투자ACEK방산TOP5+증권상장지수투자신탁(주식) / 펀드유형: 주식형 / 표준코드: K55101EW2283 / 기준일: 20260706,MOEL_WRBA_RULE_ART10_1_2,근로자퇴직급여 보장법 시행규칙 제10조 제1항 제2호 (위험자산의 범위 및 운용기준 (DC 및 IRP 위험자산 투자한도 70%)),ED_WRBA_ART26_1_2,공식 출처 대조 (증권사·운용사교차검증),KOFIA 펀드유형: 주식형 (근로자퇴직급여 보장법 시행규칙 제10조 제1항 제2호: 주식형 집합투자증권 위험자산 70% 한도),2026-09-05,PASS (공식 검증 완료)
0218J0,KR70218J0001,RISE 미국우주&로봇TOP2미국채혼합50,KB자산운용,채권,가능,100% (안전자산),Y,높음,증권사목록대조,https://securities.koreainvestment.com/pension/nwEtcinfo/Notice.jsp?cmd=A_NW_33030View&num=47520,data/regulatory/sources/brokers/koreainvestment/ETF_REITs_LIST_RP_260831.xlsx,E4,2way,한국투자증권 퇴직연금 ETF 상품 현황(2026-08-31 기준) / RISE 미국우주&로봇TOP2미국채혼합50 / 0218J0 / KB / 퇴직연금 투자한도 1,PSR_ART11_1_5,퇴직연금감독규정 제11조 제1항 제5호 (적립금 운용방법 등 (주식 50% 미만 채권혼합형 100% 안전자산)),,판매사 퇴직연금 매매가능 유니버스 및 주식한도 대조 (증권사목록대조),한국투자증권 퇴직연금 ETF 상품 현황(2026-08-31 기준) 위험자산한도 1 대조 및 규제엔진 2자 합치 일치,2026-09-06,PASS (공식 검증 완료)
0218K0,KR70218K0008,BNK 스마트카,BNK자산운용,주식-국내,가능,70% (위험자산),Y,높음,협회공시대조,https://dis.kofia.or.kr/websquare/index.jsp?w2xPath=/wq/fundann/DISFundFeeCMS.xml&divisionId=MDIS01005001000000&serviceId=SDIS01005001000,data/regulatory/sources/kofia_evidence_extract_20260905.xml,E3,1way,BNKBNK스마트카증권상장지수투자신탁(주식) / 펀드유형: 주식형 / 표준코드: K55240EV4936 / 기준일: 20260720,MOEL_WRBA_RULE_ART10_1_2,근로자퇴직급여 보장법 시행규칙 제10조 제1항 제2호 (위험자산의 범위 및 운용기준 (DC 및 IRP 위험자산 투자한도 70%)),ED_WRBA_ART26_1_2,금융투자협회 전자공시서비스(DIS) 표준 펀드유형 '주식형' XML 전수 대조 (시행규칙 제10조제1항제2호 한도 70%),KOFIA 펀드유형: 주식형 (근로자퇴직급여 보장법 시행규칙 제10조 제1항 제2호: 주식형 집합투자증권 위험자산 70% 한도),2026-09-05,PASS (공식 검증 완료)
0219B0,KR70219B0008,KoAct 광통신&위성네트워크액티브,기타,리츠·인프라,가능,70% (위험자산),Y,높음,협회공시대조,https://dis.kofia.or.kr/websquare/index.jsp?w2xPath=/wq/fundann/DISFundFeeCMS.xml&divisionId=MDIS01005001000000&serviceId=SDIS01005001000,data/regulatory/sources/kofia_evidence_extract_20260905.xml,E3,1way,삼성액티브KoAct광통신&amp;위성네트워크액티브증권상장지수투자신탁[주식] / 펀드유형: 주식형 / 표준코드: K553N9EV4881 / 기준일: 20260713,MOEL_WRBA_RULE_ART10_1_2,근로자퇴직급여 보장법 시행규칙 제10조 제1항 제2호 (위험자산의 범위 및 운용기준 (DC 및 IRP 위험자산 투자한도 70%)),ED_WRBA_ART26_1_2,금융투자협회 전자공시서비스(DIS) 표준 펀드유형 '주식형' XML 전수 대조 (시행규칙 제10조제1항제2호 한도 70%),KOFIA 펀드유형: 주식형 (근로자퇴직급여 보장법 시행규칙 제10조 제1항 제2호: 주식형 집합투자증권 위험자산 70% 한도),2026-09-05,PASS (공식 검증 완료)
0219E0,KR70219E0005,KODEX 200커버드콜액티브,삼성자산운용,주식-국내,가능,70% (위험자산),Y,높음,증권사·운용사교차검증,https://securities.koreainvestment.com/pension/nwEtcinfo/Notice.jsp?cmd=A_NW_33030View&num=47520,data/regulatory/sources/brokers/koreainvestment/ETF_REITs_LIST_RP_260831.xlsx,E4,3way,삼성자산운용 KODEX 공시 [0219E0 / KODEX 200커버드콜액티브 / ivPsbReti: 70%] & 한국투자증권 공시 [0219E0 / KODEX 200커버드콜액티브 / 위험자산한도: 0.7],MOEL_WRBA_RULE_ART10_1_2,근로자퇴직급여 보장법 시행규칙 제10조 제1항 제2호 (위험자산의 범위 및 운용기준 (DC 및 IRP 위험자산 투자한도 70%)),ED_WRBA_ART26_1_2,공식 출처 대조 (증권사·운용사교차검증),삼성자산운용 KODEX 연금투자 공시 [stkTicker: 0219E0 / ivPsbReti: 70%] 및 한국투자증권 공시 [단축코드: 0219E0 / 위험자산한도: 0.7] 100% 교차 일치,2026-09-06,PASS (공식 검증 완료)
0219Z0,KR70219Z0000,HANARO 미국S&P500액티브,NH-Amundi자산운용,주식-해외,가능,70% (위험자산),Y,높음,증권사목록대조,https://securities.koreainvestment.com/pension/nwEtcinfo/Notice.jsp?cmd=A_NW_33030View&num=47520,data/regulatory/sources/brokers/koreainvestment/ETF_REITs_LIST_RP_260831.xlsx,E4,2way,한국투자증권 퇴직연금 ETF 상품 현황(2026-08-31 기준) / HANARO 미국S&P500액티브 / 0219Z0 / NH-Amundi / 퇴직연금 투자한도 0.7,MOEL_WRBA_RULE_ART10_1_2,근로자퇴직급여 보장법 시행규칙 제10조 제1항 제2호 (위험자산의 범위 및 운용기준 (DC 및 IRP 위험자산 투자한도 70%)),ED_WRBA_ART26_1_2,판매사 퇴직연금 매매가능 유니버스 및 위험자산 70% 대조 (증권사목록대조),한국투자증권 퇴직연금 ETF 상품 현황(2026-08-31 기준) 위험자산한도 0.7 대조 및 규제엔진 2자 합치 일치,2026-09-06,PASS (공식 검증 완료)
0220A0,KR70220A0006,KIWOOM 현대차그룹TOP3채권혼합50,키움투자자산운용,채권,가능,100% (안전자산),Y,높음,협회공시대조,https://dis.kofia.or.kr/websquare/index.jsp?w2xPath=/wq/fundann/DISFundFeeCMS.xml&divisionId=MDIS01005001000000&serviceId=SDIS01005001000,data/regulatory/sources/kofia_evidence_extract_20260905.xml,E3,1way,키움KIWOOM현대차그룹TOP3채권혼합50증권상장지수투자신탁[채권혼합] / 펀드유형: 혼합채권형 / 표준코드: K55206EX4787 / 기준일: 20260713,PSR_ART11_1_5,퇴직연금감독규정 제11조 제1항 제5호 (적립금 운용방법 등 (주식 50% 미만 채권혼합형 100% 안전자산)),,금융투자협회 전자공시(DIS) 표준 펀드유형 '혼합채권형' XML 대조 (약관상 주식 50% 미만 퇴직연금감독규정 제11조제1항제5호),KOFIA 펀드유형: 혼합채권형 (퇴직연금감독규정 제11조 제1항 제5호: 약관상 주식 투자한도 50% 미만 혼합채권형 안전자산 100% 한도),2026-09-05,PASS (공식 검증 완료)
0220B0,KR70220B0005,DS 코스닥액티브,기타,주식-국내,가능,70% (위험자산),Y,높음,협회공시대조,https://dis.kofia.or.kr/websquare/index.jsp?w2xPath=/wq/fundann/DISFundFeeCMS.xml&divisionId=MDIS01005001000000&serviceId=SDIS01005001000,data/regulatory/sources/kofia_evidence_extract_20260905.xml,E3,1way,디에스DS코스닥액티브증권상장지수투자신탁[주식] / 펀드유형: 주식형 / 표준코드: K553F0EX3712 / 기준일: 20260713,MOEL_WRBA_RULE_ART10_1_2,근로자퇴직급여 보장법 시행규칙 제10조 제1항 제2호 (위험자산의 범위 및 운용기준 (DC 및 IRP 위험자산 투자한도 70%)),ED_WRBA_ART26_1_2,금융투자협회 전자공시서비스(DIS) 표준 펀드유형 '주식형' XML 전수 대조 (시행규칙 제10조제1항제2호 한도 70%),KOFIA 펀드유형: 주식형 (근로자퇴직급여 보장법 시행규칙 제10조 제1항 제2호: 주식형 집합투자증권 위험자산 70% 한도),2026-09-05,PASS (공식 검증 완료)
0221V0,KR70221V0000,IBK 초단기채권액티브,IBK자산운용,금리·파킹,가능,100% (안전자산),Y,높음,협회공시대조,https://dis.kofia.or.kr/websquare/index.jsp?w2xPath=/wq/fundann/DISFundFeeCMS.xml&divisionId=MDIS01005001000000&serviceId=SDIS01005001000,data/regulatory/sources/kofia_evidence_extract_20260905.xml,E3,1way,IBKIBK초단기채권액티브증권상장지수투자신탁[채권] / 펀드유형: 채권형 / 표준코드: K55234EV3266 / 기준일: 20260720,PSR_ART11_1_4,퇴직연금감독규정 제11조 제1항 제4호 (적립금 운용방법 등 (원리금보장 및 채권형 등 100% 안전자산)),,금융투자협회 전자공시서비스(DIS) 표준 펀드유형 '채권형' XML 전수 대조,KOFIA 펀드유형: 채권형 (퇴직연금감독규정 제11조 제1항 제4호: 원리금보장 및 채권형 안전자산 (100% 편입 가능)),2026-09-05,PASS (공식 검증 완료)
0221Z0,KR70221Z0006,ACE K바이오코스닥액티브,한국투자신탁운용,주식-국내,가능,70% (위험자산),Y,높음,증권사·운용사교차검증,https://dis.kofia.or.kr/websquare/index.jsp?w2xPath=/wq/fundann/DISFundFeeCMS.xml&divisionId=MDIS01005001000000&serviceId=SDIS01005001000,data/regulatory/sources/kofia_evidence_extract_20260905.xml,E3,3way,한국투자ACEK바이오코스닥액티브증권상장지수투자신탁(주식) / 펀드유형: 주식형 / 표준코드: K55101EW2317 / 기준일: 20260720,MOEL_WRBA_RULE_ART10_1_2,근로자퇴직급여 보장법 시행규칙 제10조 제1항 제2호 (위험자산의 범위 및 운용기준 (DC 및 IRP 위험자산 투자한도 70%)),ED_WRBA_ART26_1_2,공식 출처 대조 (증권사·운용사교차검증),KOFIA 펀드유형: 주식형 (근로자퇴직급여 보장법 시행규칙 제10조 제1항 제2호: 주식형 집합투자증권 위험자산 70% 한도),2026-09-05,PASS (공식 검증 완료)
0222D0,KR70222D0001,KoAct 고배당액티브,기타,주식-국내,가능,70% (위험자산),Y,높음,협회공시대조,https://dis.kofia.or.kr/websquare/index.jsp?w2xPath=/wq/fundann/DISFundFeeCMS.xml&divisionId=MDIS01005001000000&serviceId=SDIS01005001000,data/regulatory/sources/kofia_evidence_extract_20260905.xml,E3,1way,삼성액티브KoAct고배당액티브증권상장지수투자신탁[주식] / 펀드유형: 주식형 / 표준코드: K553N9EX6314 / 기준일: 20260727,MOEL_WRBA_RULE_ART10_1_2,근로자퇴직급여 보장법 시행규칙 제10조 제1항 제2호 (위험자산의 범위 및 운용기준 (DC 및 IRP 위험자산 투자한도 70%)),ED_WRBA_ART26_1_2,금융투자협회 전자공시서비스(DIS) 표준 펀드유형 '주식형' XML 전수 대조 (시행규칙 제10조제1항제2호 한도 70%),KOFIA 펀드유형: 주식형 (근로자퇴직급여 보장법 시행규칙 제10조 제1항 제2호: 주식형 집합투자증권 위험자산 70% 한도),2026-09-05,PASS (공식 검증 완료)
0222F0,KR70222F0009,마이티 AI데이터센터밸류체인,현대자산운용,주식-국내,가능,70% (위험자산),Y,높음,증권사목록대조,https://securities.koreainvestment.com/pension/nwEtcinfo/Notice.jsp?cmd=A_NW_33030View&num=47520,data/regulatory/sources/brokers/koreainvestment/ETF_REITs_LIST_RP_260831.xlsx,E4,2way,한국투자증권 퇴직연금 ETF 상품 현황(2026-08-31 기준) / 마이티 AI데이터센터밸류체인 / 0222F0 / DB / 퇴직연금 투자한도 0.7,MOEL_WRBA_RULE_ART10_1_2,근로자퇴직급여 보장법 시행규칙 제10조 제1항 제2호 (위험자산의 범위 및 운용기준 (DC 및 IRP 위험자산 투자한도 70%)),ED_WRBA_ART26_1_2,판매사 퇴직연금 매매가능 유니버스 및 위험자산 70% 대조 (증권사목록대조),한국투자증권 퇴직연금 ETF 상품 현황(2026-08-31 기준) 위험자산한도 0.7 대조 및 규제엔진 2자 합치 일치,2026-09-06,PASS (공식 검증 완료)
0223A0,KR70223A0003,RISE 코스닥커버드콜액티브,KB자산운용,주식-국내,가능,70% (위험자산),Y,높음,증권사·운용사교차검증,https://securities.koreainvestment.com/pension/nwEtcinfo/Notice.jsp?cmd=A_NW_33030View&num=47520,data/regulatory/sources/brokers/koreainvestment/ETF_REITs_LIST_RP_260831.xlsx,E4,3way,한국투자증권 퇴직연금 ETF 상품 현황(2026-08-31 기준) / RISE 코스닥커버드콜액티브 / 0223A0 / KB / 퇴직연금 투자한도 0.7,MOEL_WRBA_RULE_ART10_1_2,근로자퇴직급여 보장법 시행규칙 제10조 제1항 제2호 (위험자산의 범위 및 운용기준 (DC 및 IRP 위험자산 투자한도 70%)),ED_WRBA_ART26_1_2,공식 출처 대조 (증권사·운용사교차검증),한국투자증권 퇴직연금 ETF 상품 현황(2026-08-31 기준) 위험자산한도 0.7 대조 및 규제엔진 2자 합치 일치,2026-09-06,PASS (공식 검증 완료)
0223R0,KR70223R0004,TIGER 미국테크NYSE100액티브,미래에셋자산운용,주식-해외,가능,70% (위험자산),Y,높음,증권사·운용사교차검증,https://dis.kofia.or.kr/websquare/index.jsp?w2xPath=/wq/fundann/DISFundFeeCMS.xml&divisionId=MDIS01005001000000&serviceId=SDIS01005001000,data/regulatory/sources/kofia_evidence_extract_20260905.xml,E3,3way,미래에셋TIGER미국테크NYSE100액티브증권상장지수투자신탁(주식) / 펀드유형: 주식형 / 표준코드: K55301ES8151 / 기준일: 20260720,MOEL_WRBA_RULE_ART10_1_2,근로자퇴직급여 보장법 시행규칙 제10조 제1항 제2호 (위험자산의 범위 및 운용기준 (DC 및 IRP 위험자산 투자한도 70%)),ED_WRBA_ART26_1_2,공식 출처 대조 (증권사·운용사교차검증),KOFIA 펀드유형: 주식형 (근로자퇴직급여 보장법 시행규칙 제10조 제1항 제2호: 주식형 집합투자증권 위험자산 70% 한도),2026-09-05,PASS (공식 검증 완료)
0224D0,KR70224D0009,KIWOOM 미국CPU반도체TOP4+,키움투자자산운용,주식-해외,가능,70% (위험자산),Y,높음,협회공시대조,https://dis.kofia.or.kr/websquare/index.jsp?w2xPath=/wq/fundann/DISFundFeeCMS.xml&divisionId=MDIS01005001000000&serviceId=SDIS01005001000,data/regulatory/sources/kofia_evidence_extract_20260905.xml,E3,1way,키움KIWOOM미국CPU반도체TOP4+증권상장지수투자신탁[주식] / 펀드유형: 주식형 / 표준코드: K55206EX3003 / 기준일: 20260727,MOEL_WRBA_RULE_ART10_1_2,근로자퇴직급여 보장법 시행규칙 제10조 제1항 제2호 (위험자산의 범위 및 운용기준 (DC 및 IRP 위험자산 투자한도 70%)),ED_WRBA_ART26_1_2,금융투자협회 전자공시서비스(DIS) 표준 펀드유형 '주식형' XML 전수 대조 (시행규칙 제10조제1항제2호 한도 70%),KOFIA 펀드유형: 주식형 (근로자퇴직급여 보장법 시행규칙 제10조 제1항 제2호: 주식형 집합투자증권 위험자산 70% 한도),2026-09-05,PASS (공식 검증 완료)
0224X0,KR70224X0005,1Q 엔비디아알파벳미국채혼합50,하나자산운용,채권,가능,100% (안전자산),Y,높음,협회공시대조,https://dis.kofia.or.kr/websquare/index.jsp?w2xPath=/wq/fundann/DISFundFeeCMS.xml&divisionId=MDIS01005001000000&serviceId=SDIS01005001000,data/regulatory/sources/kofia_evidence_extract_20260905.xml,E3,1way,하나1Q엔비디아알파벳미국채혼합50증권상장지수투자신탁[채권혼합] / 펀드유형: 혼합채권형 / 표준코드: K55102EX2018 / 기준일: 20260724,PSR_ART11_1_5,퇴직연금감독규정 제11조 제1항 제5호 (적립금 운용방법 등 (주식 50% 미만 채권혼합형 100% 안전자산)),,금융투자협회 전자공시(DIS) 표준 펀드유형 '혼합채권형' XML 대조 (약관상 주식 50% 미만 퇴직연금감독규정 제11조제1항제5호),KOFIA 펀드유형: 혼합채권형 (퇴직연금감독규정 제11조 제1항 제5호: 약관상 주식 투자한도 50% 미만 혼합채권형 안전자산 100% 한도),2026-09-05,PASS (공식 검증 완료)
0225V0,KR70225V0006,KODEX 미국CPU반도체TOP10,삼성자산운용,주식-해외,가능,70% (위험자산),Y,높음,증권사·운용사교차검증,https://securities.koreainvestment.com/pension/nwEtcinfo/Notice.jsp?cmd=A_NW_33030View&num=47520,data/regulatory/sources/brokers/koreainvestment/ETF_REITs_LIST_RP_260831.xlsx,E4,3way,삼성자산운용 KODEX 공시 [0225V0 / KODEX 미국CPU반도체TOP10 / ivPsbReti: 70%] & 한국투자증권 공시 [0225V0 / KODEX 미국CPU반도체TOP10 / 위험자산한도: 0.7],MOEL_WRBA_RULE_ART10_1_2,근로자퇴직급여 보장법 시행규칙 제10조 제1항 제2호 (위험자산의 범위 및 운용기준 (DC 및 IRP 위험자산 투자한도 70%)),ED_WRBA_ART26_1_2,공식 출처 대조 (증권사·운용사교차검증),삼성자산운용 KODEX 연금투자 공시 [stkTicker: 0225V0 / ivPsbReti: 70%] 및 한국투자증권 공시 [단축코드: 0225V0 / 위험자산한도: 0.7] 100% 교차 일치,2026-09-06,PASS (공식 검증 완료)
0226A0,KR70226A0000,PLUS SK하이닉스샌디스크채권혼합50,한화자산운용,채권,가능,100% (안전자산),Y,높음,증권사목록대조,https://securities.koreainvestment.com/pension/nwEtcinfo/Notice.jsp?cmd=A_NW_33030View&num=47520,data/regulatory/sources/brokers/koreainvestment/ETF_REITs_LIST_RP_260831.xlsx,E4,2way,한국투자증권 퇴직연금 ETF 상품 현황(2026-08-31 기준) / PLUS SK하이닉스샌디스크채권혼합50 / 0226A0 / 한화 / 퇴직연금 투자한도 1,PSR_ART11_1_5,퇴직연금감독규정 제11조 제1항 제5호 (적립금 운용방법 등 (주식 50% 미만 채권혼합형 100% 안전자산)),,판매사 퇴직연금 매매가능 유니버스 및 주식한도 대조 (증권사목록대조),한국투자증권 퇴직연금 ETF 상품 현황(2026-08-31 기준) 위험자산한도 1 대조 및 규제엔진 2자 합치 일치,2026-09-06,PASS (공식 검증 완료)
0226D0,KR70226D0007,FOCUS 금융반도체지주채권혼합50액티브,하나자산운용,채권,가능,100% (안전자산),Y,높음,증권사목록대조,https://securities.koreainvestment.com/pension/nwEtcinfo/Notice.jsp?cmd=A_NW_33030View&num=47520,data/regulatory/sources/brokers/koreainvestment/ETF_REITs_LIST_RP_260831.xlsx,E4,2way,한국투자증권 퇴직연금 ETF 상품 현황(2026-08-31 기준) / FOCUS 금융반도체지주채권혼합50액티브 / 0226D0 / 브이아이 / 퇴직연금 투자한도 1,PSR_ART11_1_5,퇴직연금감독규정 제11조 제1항 제5호 (적립금 운용방법 등 (주식 50% 미만 채권혼합형 100% 안전자산)),,판매사 퇴직연금 매매가능 유니버스 및 주식한도 대조 (증권사목록대조),한국투자증권 퇴직연금 ETF 상품 현황(2026-08-31 기준) 위험자산한도 1 대조 및 규제엔진 2자 합치 일치,2026-09-06,PASS (공식 검증 완료)
0226G0,KR70226G0004,WON 피지컬AI TOP2플러스액티브,우리에셋자산운용,주식-국내,가능,70% (위험자산),Y,높음,증권사목록대조,https://securities.koreainvestment.com/pension/nwEtcinfo/Notice.jsp?cmd=A_NW_33030View&num=47520,data/regulatory/sources/brokers/koreainvestment/ETF_REITs_LIST_RP_260831.xlsx,E4,2way,한국투자증권 퇴직연금 ETF 상품 현황(2026-08-31 기준) / WON 피지컬AI TOP2플러스액티브 / 0226G0 / 우리 / 퇴직연금 투자한도 0.7,MOEL_WRBA_RULE_ART10_1_2,근로자퇴직급여 보장법 시행규칙 제10조 제1항 제2호 (위험자산의 범위 및 운용기준 (DC 및 IRP 위험자산 투자한도 70%)),ED_WRBA_ART26_1_2,판매사 퇴직연금 매매가능 유니버스 및 위험자산 70% 대조 (증권사목록대조),한국투자증권 퇴직연금 ETF 상품 현황(2026-08-31 기준) 위험자산한도 0.7 대조 및 규제엔진 2자 합치 일치,2026-09-06,PASS (공식 검증 완료)
0227K0,KR70227K0007,RISE 미국우주위성통신,KB자산운용,주식-해외,가능,70% (위험자산),Y,높음,증권사·운용사교차검증,https://securities.koreainvestment.com/pension/nwEtcinfo/Notice.jsp?cmd=A_NW_33030View&num=47520,data/regulatory/sources/brokers/koreainvestment/ETF_REITs_LIST_RP_260831.xlsx,E4,3way,한국투자증권 퇴직연금 ETF 상품 현황(2026-08-31 기준) / RISE 미국우주위성통신 / 0227K0 / KB / 퇴직연금 투자한도 0.7,MOEL_WRBA_RULE_ART10_1_2,근로자퇴직급여 보장법 시행규칙 제10조 제1항 제2호 (위험자산의 범위 및 운용기준 (DC 및 IRP 위험자산 투자한도 70%)),ED_WRBA_ART26_1_2,공식 출처 대조 (증권사·운용사교차검증),한국투자증권 퇴직연금 ETF 상품 현황(2026-08-31 기준) 위험자산한도 0.7 대조 및 규제엔진 2자 합치 일치,2026-09-06,PASS (공식 검증 완료)
0228G0,KR70228G0002,ACE 반도체Plus전략산업,한국투자신탁운용,주식-국내,가능,70% (위험자산),Y,높음,증권사·운용사교차검증,https://securities.koreainvestment.com/pension/nwEtcinfo/Notice.jsp?cmd=A_NW_33030View&num=47520,data/regulatory/sources/brokers/koreainvestment/ETF_REITs_LIST_RP_260831.xlsx,E4,3way,한국투자증권 퇴직연금 ETF 상품 현황(2026-08-31 기준) / ACE 반도체Plus전략산업 / 0228G0 / 한국 / 퇴직연금 투자한도 0.7,MOEL_WRBA_RULE_ART10_1_2,근로자퇴직급여 보장법 시행규칙 제10조 제1항 제2호 (위험자산의 범위 및 운용기준 (DC 및 IRP 위험자산 투자한도 70%)),ED_WRBA_ART26_1_2,공식 출처 대조 (증권사·운용사교차검증),한국투자증권 퇴직연금 ETF 상품 현황(2026-08-31 기준) 위험자산한도 0.7 대조 및 규제엔진 2자 합치 일치,2026-09-06,PASS (공식 검증 완료)
0229F0,KR70229F0002,마이티 신약포커스바이오액티브,현대자산운용,주식-국내,가능,70% (위험자산),N,낮음,규칙기반추정,,,UNVERIFIED,,,MOEL_WRBA_RULE_ART10_1_2,근로자퇴직급여 보장법 시행규칙 제10조 제1항 제2호 (위험자산의 범위 및 운용기준 (DC 및 IRP 위험자산 투자한도 70%)),ED_WRBA_ART26_1_2,규제 엔진 규칙기반 판정 (법정 위험자산 70% 한도 부여),퇴직연금 위험자산 70% (근로자퇴직급여 보장법 시행규칙 제10조 제1항 제2호),,ROLLED_BACK_UNVERIFIED
0231Z0,KR70231Z0004,KODEX 코리아TDF2065액티브 적격,삼성자산운용,혼합·자산배분,가능,100% (안전자산),Y,높음,증권사·운용사교차검증,https://www.law.go.kr/LSW/admRulInfoP.do?admRulSeq=2200000108661,data/regulatory/sources/statutes/퇴직연금감독규정시행세칙_20260905.txt,E1B,3way,"KODEX 한국형TDF2065액티브: 목표시점 2065년, FnGuide 한국형 TDF 2065 지수 추종, 목표시점 이후 채무/현금 60% 이상 글라이드패스 운용계획 공시 확인 (시행세칙 제5조의2 충족)",PSR_ART11_1_9,퇴직연금감독규정 제11조 제1항 제9호 (적립금 운용방법 등 (적격 TDF 100% 안전자산)),FSS_PSR_RULE_ART5_2,퇴직연금감독규정 제11조제1항제9호 및 동 시행세칙 제5조의2 적격 TDF 요건 대조,적격 TDF 안전자산 100% (퇴직연금감독규정 제11조 제1항 제9호 및 동 시행세칙 제5조의2 충족),2026-09-05,PASS (공식 검증 완료)
0232A0,KR70232A0002,MIDAS 머니마켓액티브,마이다스에셋자산운용,금리·파킹,가능,100% (안전자산),N,낮음,규칙기반추정,,,UNVERIFIED,,,PSR_ART11_1_6,퇴직연금감독규정 제11조 제1항 제6호 (적립금 운용방법 등 (단기금융집합투자기구 MMF 100% 안전자산)),,규제 엔진 규칙기반 판정 (제11조 제1항 제6호 MMF 추정),단기금융집합투자기구(MMF) 및 금리파킹형 안전자산,,ROLLED_BACK_UNVERIFIED
0233A0,KR70233A0001,ACE 삼성전자SK하이닉스플러스채권혼합50,한국투자신탁운용,채권,가능,100% (안전자산),Y,높음,증권사·운용사교차검증,https://securities.koreainvestment.com/pension/nwEtcinfo/Notice.jsp?cmd=A_NW_33030View&num=47520,data/regulatory/sources/brokers/koreainvestment/ETF_REITs_LIST_RP_260831.xlsx,E4,3way,한국투자증권 퇴직연금 ETF 상품 현황(2026-08-31 기준) / ACE 삼성전자SK하이닉스플러스채권혼합50 / 0233A0 / 한국 / 퇴직연금 투자한도 1,PSR_ART11_1_5,퇴직연금감독규정 제11조 제1항 제5호 (적립금 운용방법 등 (주식 50% 미만 채권혼합형 100% 안전자산)),,금융감독원 DART 투자설명서 신탁계약서 제16조 주식편입한도 대조 (증권사·운용사교차검증),한국투자증권 퇴직연금 ETF 상품 현황(2026-08-31 기준) 위험자산한도 1 대조 및 규제엔진 2자 합치 일치,2026-09-06,PASS (공식 검증 완료)
0233J0,KR70233J0002,TIGER 삼성전자SK하이닉스미국채혼합50,미래에셋자산운용,채권,가능,100% (안전자산),Y,높음,증권사·운용사교차검증,https://securities.koreainvestment.com/pension/nwEtcinfo/Notice.jsp?cmd=A_NW_33030View&num=47520,data/regulatory/sources/brokers/koreainvestment/ETF_REITs_LIST_RP_260831.xlsx,E4,3way,한국투자증권 퇴직연금 ETF 상품 현황(2026-08-31 기준) / TIGER 삼성전자SK하이닉스미국채혼합50 / 0233J0 / 미래에셋 / 퇴직연금 투자한도 1,PSR_ART11_1_5,퇴직연금감독규정 제11조 제1항 제5호 (적립금 운용방법 등 (주식 50% 미만 채권혼합형 100% 안전자산)),,금융감독원 DART 투자설명서 신탁계약서 제16조 주식편입한도 대조 (증권사·운용사교차검증),한국투자증권 퇴직연금 ETF 상품 현황(2026-08-31 기준) 위험자산한도 1 대조 및 규제엔진 2자 합치 일치,2026-09-06,PASS (공식 검증 완료)
0233N0,KR70233N0006,RISE 글로벌AI낸드메모리반도체,KB자산운용,주식-해외,가능,70% (위험자산),N,낮음,규칙기반추정,,,UNVERIFIED,,,MOEL_WRBA_RULE_ART10_1_2,근로자퇴직급여 보장법 시행규칙 제10조 제1항 제2호 (위험자산의 범위 및 운용기준 (DC 및 IRP 위험자산 투자한도 70%)),ED_WRBA_ART26_1_2,규제 엔진 규칙기반 판정 (법정 위험자산 70% 한도 부여),퇴직연금 위험자산 70% (근로자퇴직급여 보장법 시행규칙 제10조 제1항 제2호),,ROLLED_BACK_UNVERIFIED
0234N0,KR70234N0005,KIWOOM 삼성SK그룹TOP4+,키움투자자산운용,주식-국내,가능,70% (위험자산),N,낮음,규칙기반추정,,,UNVERIFIED,,,MOEL_WRBA_RULE_ART10_1_2,근로자퇴직급여 보장법 시행규칙 제10조 제1항 제2호 (위험자산의 범위 및 운용기준 (DC 및 IRP 위험자산 투자한도 70%)),ED_WRBA_ART26_1_2,규제 엔진 규칙기반 판정 (법정 위험자산 70% 한도 부여),퇴직연금 위험자산 70% (근로자퇴직급여 보장법 시행규칙 제10조 제1항 제2호),,ROLLED_BACK_UNVERIFIED
069500,KR7069500007,KODEX 200,삼성자산운용,주식-국내,가능,70% (위험자산),Y,높음,증권사·운용사교차검증,https://dis.kofia.or.kr/websquare/index.jsp?w2xPath=/wq/fundann/DISFundFeeCMS.xml&divisionId=MDIS01005001000000&serviceId=SDIS01005001000,data/regulatory/sources/kofia_evidence_extract_20260905.xml,E3,3way,삼성KODEX200증권상장지수투자신탁[주식] / 펀드유형: 주식형 / 표준코드: KR5105352888 / 기준일: 20021011,MOEL_WRBA_RULE_ART10_1_2,근로자퇴직급여 보장법 시행규칙 제10조 제1항 제2호 (위험자산의 범위 및 운용기준 (DC 및 IRP 위험자산 투자한도 70%)),ED_WRBA_ART26_1_2,공식 출처 대조 (증권사·운용사교차검증),KOFIA 펀드유형: 주식형 (근로자퇴직급여 보장법 시행규칙 제10조 제1항 제2호: 주식형 집합투자증권 위험자산 70% 한도),2026-09-05,PASS (공식 검증 완료)
069660,KR7069660009,KIWOOM 200,키움투자자산운용,주식-국내,가능,70% (위험자산),Y,높음,협회공시대조,https://dis.kofia.or.kr/websquare/index.jsp?w2xPath=/wq/fundann/DISFundFeeCMS.xml&divisionId=MDIS01005001000000&serviceId=SDIS01005001000,data/regulatory/sources/kofia_evidence_extract_20260905.xml,E3,1way,한화PLUS200증권상장지수투자신탁(주식) / 펀드유형: 주식형 / 표준코드: KR5213A73001 / 기준일: 20120109,MOEL_WRBA_RULE_ART10_1_2,근로자퇴직급여 보장법 시행규칙 제10조 제1항 제2호 (위험자산의 범위 및 운용기준 (DC 및 IRP 위험자산 투자한도 70%)),ED_WRBA_ART26_1_2,금융투자협회 전자공시서비스(DIS) 표준 펀드유형 '주식형' XML 전수 대조 (시행규칙 제10조제1항제2호 한도 70%),KOFIA 펀드유형: 주식형 (근로자퇴직급여 보장법 시행규칙 제10조 제1항 제2호: 주식형 집합투자증권 위험자산 70% 한도),2026-09-05,PASS (공식 검증 완료)
091160,KR7091160002,KODEX 반도체,삼성자산운용,주식-국내,가능,70% (위험자산),Y,높음,증권사·운용사교차검증,https://dis.kofia.or.kr/websquare/index.jsp?w2xPath=/wq/fundann/DISFundFeeCMS.xml&divisionId=MDIS01005001000000&serviceId=SDIS01005001000,data/regulatory/sources/kofia_evidence_extract_20260905.xml,E3,3way,삼성KODEX반도체증권상장지수투자신탁[주식] / 펀드유형: 주식형 / 표준코드: KR5105578185 / 기준일: 20060626,MOEL_WRBA_RULE_ART10_1_2,근로자퇴직급여 보장법 시행규칙 제10조 제1항 제2호 (위험자산의 범위 및 운용기준 (DC 및 IRP 위험자산 투자한도 70%)),ED_WRBA_ART26_1_2,공식 출처 대조 (증권사·운용사교차검증),KOFIA 펀드유형: 주식형 (근로자퇴직급여 보장법 시행규칙 제10조 제1항 제2호: 주식형 집합투자증권 위험자산 70% 한도),2026-09-05,PASS (공식 검증 완료)
091170,KR7091170001,KODEX 은행,삼성자산운용,주식-국내,가능,70% (위험자산),Y,높음,증권사·운용사교차검증,https://dis.kofia.or.kr/websquare/index.jsp?w2xPath=/wq/fundann/DISFundFeeCMS.xml&divisionId=MDIS01005001000000&serviceId=SDIS01005001000,data/regulatory/sources/kofia_evidence_extract_20260905.xml,E3,3way,삼성KODEX은행증권상장지수투자신탁[주식] / 펀드유형: 주식형 / 표준코드: KR5105578193 / 기준일: 20060626,MOEL_WRBA_RULE_ART10_1_2,근로자퇴직급여 보장법 시행규칙 제10조 제1항 제2호 (위험자산의 범위 및 운용기준 (DC 및 IRP 위험자산 투자한도 70%)),ED_WRBA_ART26_1_2,공식 출처 대조 (증권사·운용사교차검증),KOFIA 펀드유형: 주식형 (근로자퇴직급여 보장법 시행규칙 제10조 제1항 제2호: 주식형 집합투자증권 위험자산 70% 한도),2026-09-05,PASS (공식 검증 완료)
091180,KR7091180000,KODEX 자동차,삼성자산운용,주식-국내,가능,70% (위험자산),Y,높음,증권사·운용사교차검증,https://dis.kofia.or.kr/websquare/index.jsp?w2xPath=/wq/fundann/DISFundFeeCMS.xml&divisionId=MDIS01005001000000&serviceId=SDIS01005001000,data/regulatory/sources/kofia_evidence_extract_20260905.xml,E3,3way,삼성KODEX자동차증권상장지수투자신탁[주식] / 펀드유형: 주식형 / 표준코드: KR5105578177 / 기준일: 20060626,MOEL_WRBA_RULE_ART10_1_2,근로자퇴직급여 보장법 시행규칙 제10조 제1항 제2호 (위험자산의 범위 및 운용기준 (DC 및 IRP 위험자산 투자한도 70%)),ED_WRBA_ART26_1_2,공식 출처 대조 (증권사·운용사교차검증),KOFIA 펀드유형: 주식형 (근로자퇴직급여 보장법 시행규칙 제10조 제1항 제2호: 주식형 집합투자증권 위험자산 70% 한도),2026-09-05,PASS (공식 검증 완료)
091220,KR7091220004,TIGER 은행,미래에셋자산운용,주식-국내,가능,70% (위험자산),Y,높음,증권사·운용사교차검증,https://dis.kofia.or.kr/websquare/index.jsp?w2xPath=/wq/fundann/DISFundFeeCMS.xml&divisionId=MDIS01005001000000&serviceId=SDIS01005001000,data/regulatory/sources/kofia_evidence_extract_20260905.xml,E3,3way,미래에셋TIGER은행증권상장지수투자신탁(주식) / 펀드유형: 주식형 / 표준코드: KR5225578248 / 기준일: 20060626,MOEL_WRBA_RULE_ART10_1_2,근로자퇴직급여 보장법 시행규칙 제10조 제1항 제2호 (위험자산의 범위 및 운용기준 (DC 및 IRP 위험자산 투자한도 70%)),ED_WRBA_ART26_1_2,공식 출처 대조 (증권사·운용사교차검증),KOFIA 펀드유형: 주식형 (근로자퇴직급여 보장법 시행규칙 제10조 제1항 제2호: 주식형 집합투자증권 위험자산 70% 한도),2026-09-05,PASS (공식 검증 완료)
091230,KR7091230003,TIGER 반도체,미래에셋자산운용,주식-국내,가능,70% (위험자산),Y,높음,증권사·운용사교차검증,https://dis.kofia.or.kr/websquare/index.jsp?w2xPath=/wq/fundann/DISFundFeeCMS.xml&divisionId=MDIS01005001000000&serviceId=SDIS01005001000,data/regulatory/sources/kofia_evidence_extract_20260905.xml,E3,3way,미래에셋TIGER반도체증권상장지수투자신탁(주식) / 펀드유형: 주식형 / 표준코드: KR5225578230 / 기준일: 20060626,MOEL_WRBA_RULE_ART10_1_2,근로자퇴직급여 보장법 시행규칙 제10조 제1항 제2호 (위험자산의 범위 및 운용기준 (DC 및 IRP 위험자산 투자한도 70%)),ED_WRBA_ART26_1_2,공식 출처 대조 (증권사·운용사교차검증),KOFIA 펀드유형: 주식형 (근로자퇴직급여 보장법 시행규칙 제10조 제1항 제2호: 주식형 집합투자증권 위험자산 70% 한도),2026-09-05,PASS (공식 검증 완료)
099140,KR7099140006,KODEX 차이나H,삼성자산운용,주식-해외,가능,70% (위험자산),Y,높음,증권사·운용사교차검증,https://dis.kofia.or.kr/websquare/index.jsp?w2xPath=/wq/fundann/DISFundFeeCMS.xml&divisionId=MDIS01005001000000&serviceId=SDIS01005001000,data/regulatory/sources/kofia_evidence_extract_20260905.xml,E3,3way,삼성KODEX차이나H증권상장지수투자신탁[주식] / 펀드유형: 주식형 / 표준코드: KR5105745933 / 기준일: 20071009,MOEL_WRBA_RULE_ART10_1_2,근로자퇴직급여 보장법 시행규칙 제10조 제1항 제2호 (위험자산의 범위 및 운용기준 (DC 및 IRP 위험자산 투자한도 70%)),ED_WRBA_ART26_1_2,공식 출처 대조 (증권사·운용사교차검증),KOFIA 펀드유형: 주식형 (근로자퇴직급여 보장법 시행규칙 제10조 제1항 제2호: 주식형 집합투자증권 위험자산 70% 한도),2026-09-05,PASS (공식 검증 완료)
100910,KR7100910009,KIWOOM KRX100,키움투자자산운용,주식-국내,가능,70% (위험자산),Y,높음,협회공시대조,https://dis.kofia.or.kr/websquare/index.jsp?w2xPath=/wq/fundann/DISFundFeeCMS.xml&divisionId=MDIS01005001000000&serviceId=SDIS01005001000,data/regulatory/sources/kofia_evidence_extract_20260905.xml,E3,1way,키움KIWOOMKRX100상장지수증권투자신탁[주식] / 펀드유형: 주식형 / 표준코드: KR5206773776 / 기준일: 20080122,MOEL_WRBA_RULE_ART10_1_2,근로자퇴직급여 보장법 시행규칙 제10조 제1항 제2호 (위험자산의 범위 및 운용기준 (DC 및 IRP 위험자산 투자한도 70%)),ED_WRBA_ART26_1_2,금융투자협회 전자공시서비스(DIS) 표준 펀드유형 '주식형' XML 전수 대조 (시행규칙 제10조제1항제2호 한도 70%),KOFIA 펀드유형: 주식형 (근로자퇴직급여 보장법 시행규칙 제10조 제1항 제2호: 주식형 집합투자증권 위험자산 70% 한도),2026-09-05,PASS (공식 검증 완료)
101280,KR7101280006,KODEX 일본TOPIX100,삼성자산운용,주식-해외,가능,70% (위험자산),Y,높음,증권사·운용사교차검증,https://dis.kofia.or.kr/websquare/index.jsp?w2xPath=/wq/fundann/DISFundFeeCMS.xml&divisionId=MDIS01005001000000&serviceId=SDIS01005001000,data/regulatory/sources/kofia_evidence_extract_20260905.xml,E3,3way,삼성KODEX일본TOPIX100증권상장지수투자신탁[주식] / 펀드유형: 주식형 / 표준코드: KR5105797835 / 기준일: 20080219,MOEL_WRBA_RULE_ART10_1_2,근로자퇴직급여 보장법 시행규칙 제10조 제1항 제2호 (위험자산의 범위 및 운용기준 (DC 및 IRP 위험자산 투자한도 70%)),ED_WRBA_ART26_1_2,공식 출처 대조 (증권사·운용사교차검증),KOFIA 펀드유형: 주식형 (근로자퇴직급여 보장법 시행규칙 제10조 제1항 제2호: 주식형 집합투자증권 위험자산 70% 한도),2026-09-05,PASS (공식 검증 완료)
102110,KR7102110004,TIGER 200,미래에셋자산운용,주식-국내,가능,70% (위험자산),Y,높음,증권사·운용사교차검증,https://dis.kofia.or.kr/websquare/index.jsp?w2xPath=/wq/fundann/DISFundFeeCMS.xml&divisionId=MDIS01005001000000&serviceId=SDIS01005001000,data/regulatory/sources/kofia_evidence_extract_20260905.xml,E3,3way,미래에셋TIGER200증권상장지수투자신탁(주식) / 펀드유형: 주식형 / 표준코드: KR5225812712 / 기준일: 20080402,MOEL_WRBA_RULE_ART10_1_2,근로자퇴직급여 보장법 시행규칙 제10조 제1항 제2호 (위험자산의 범위 및 운용기준 (DC 및 IRP 위험자산 투자한도 70%)),ED_WRBA_ART26_1_2,공식 출처 대조 (증권사·운용사교차검증),KOFIA 펀드유형: 주식형 (근로자퇴직급여 보장법 시행규칙 제10조 제1항 제2호: 주식형 집합투자증권 위험자산 70% 한도),2026-09-05,PASS (공식 검증 완료)
102780,KR7102780004,KODEX 삼성그룹,삼성자산운용,주식-국내,가능,70% (위험자산),Y,높음,증권사·운용사교차검증,https://dis.kofia.or.kr/websquare/index.jsp?w2xPath=/wq/fundann/DISFundFeeCMS.xml&divisionId=MDIS01005001000000&serviceId=SDIS01005001000,data/regulatory/sources/kofia_evidence_extract_20260905.xml,E3,3way,미래에셋TIGER삼성그룹증권상장지수투자신탁(주식) / 펀드유형: 주식형 / 표준코드: KR5225A01840 / 기준일: 20110304,MOEL_WRBA_RULE_ART10_1_2,근로자퇴직급여 보장법 시행규칙 제10조 제1항 제2호 (위험자산의 범위 및 운용기준 (DC 및 IRP 위험자산 투자한도 70%)),ED_WRBA_ART26_1_2,공식 출처 대조 (증권사·운용사교차검증),KOFIA 펀드유형: 주식형 (근로자퇴직급여 보장법 시행규칙 제10조 제1항 제2호: 주식형 집합투자증권 위험자산 70% 한도),2026-09-05,PASS (공식 검증 완료)
102960,KR7102960002,KODEX 기계장비,삼성자산운용,주식-국내,가능,70% (위험자산),Y,높음,증권사·운용사교차검증,https://dis.kofia.or.kr/websquare/index.jsp?w2xPath=/wq/fundann/DISFundFeeCMS.xml&divisionId=MDIS01005001000000&serviceId=SDIS01005001000,data/regulatory/sources/kofia_evidence_extract_20260905.xml,E3,3way,삼성KODEX기계장비증권상장지수투자신탁[주식] / 펀드유형: 주식형 / 표준코드: KR5105837854 / 기준일: 20080528,MOEL_WRBA_RULE_ART10_1_2,근로자퇴직급여 보장법 시행규칙 제10조 제1항 제2호 (위험자산의 범위 및 운용기준 (DC 및 IRP 위험자산 투자한도 70%)),ED_WRBA_ART26_1_2,공식 출처 대조 (증권사·운용사교차검증),KOFIA 펀드유형: 주식형 (근로자퇴직급여 보장법 시행규칙 제10조 제1항 제2호: 주식형 집합투자증권 위험자산 70% 한도),2026-09-05,PASS (공식 검증 완료)
102970,KR7102970001,KODEX 증권,삼성자산운용,주식-국내,가능,70% (위험자산),Y,높음,증권사·운용사교차검증,https://dis.kofia.or.kr/websquare/index.jsp?w2xPath=/wq/fundann/DISFundFeeCMS.xml&divisionId=MDIS01005001000000&serviceId=SDIS01005001000,data/regulatory/sources/kofia_evidence_extract_20260905.xml,E3,3way,미래에셋TIGER증권증권상장지수투자신탁(주식) / 펀드유형: 주식형 / 표준코드: KR5301AA1251 / 기준일: 20120515,MOEL_WRBA_RULE_ART10_1_2,근로자퇴직급여 보장법 시행규칙 제10조 제1항 제2호 (위험자산의 범위 및 운용기준 (DC 및 IRP 위험자산 투자한도 70%)),ED_WRBA_ART26_1_2,공식 출처 대조 (증권사·운용사교차검증),KOFIA 펀드유형: 주식형 (근로자퇴직급여 보장법 시행규칙 제10조 제1항 제2호: 주식형 집합투자증권 위험자산 70% 한도),2026-09-05,PASS (공식 검증 완료)
104520,KR7104520002,KIWOOM 블루칩,키움투자자산운용,주식-국내,가능,70% (위험자산),Y,높음,협회공시대조,https://dis.kofia.or.kr/websquare/index.jsp?w2xPath=/wq/fundann/DISFundFeeCMS.xml&divisionId=MDIS01005001000000&serviceId=SDIS01005001000,data/regulatory/sources/kofia_evidence_extract_20260905.xml,E3,1way,KIWOOM 블루칩 / 펀드유형: 주식형 / 기준일: 20260905,MOEL_WRBA_RULE_ART10_1_2,근로자퇴직급여 보장법 시행규칙 제10조 제1항 제2호 (위험자산의 범위 및 운용기준 (DC 및 IRP 위험자산 투자한도 70%)),ED_WRBA_ART26_1_2,금융투자협회 전자공시서비스(DIS) 표준 펀드유형 '주식형' XML 전수 대조 (시행규칙 제10조제1항제2호 한도 70%),KOFIA 펀드유형: 주식형 (근로자퇴직급여 보장법 시행규칙 제10조 제1항 제2호: 주식형 집합투자증권 위험자산 70% 한도),2026-09-05,PASS (공식 검증 완료)
104530,KR7104530001,KIWOOM 코리아고배당,키움투자자산운용,주식-국내,가능,70% (위험자산),Y,높음,협회공시대조,https://dis.kofia.or.kr/websquare/index.jsp?w2xPath=/wq/fundann/DISFundFeeCMS.xml&divisionId=MDIS01005001000000&serviceId=SDIS01005001000,data/regulatory/sources/kofia_evidence_extract_20260905.xml,E3,1way,신한SOL코리아고배당증권상장지수투자신탁[주식] / 펀드유형: 주식형 / 표준코드: K55210EN5491 / 기준일: 20250922,MOEL_WRBA_RULE_ART10_1_2,근로자퇴직급여 보장법 시행규칙 제10조 제1항 제2호 (위험자산의 범위 및 운용기준 (DC 및 IRP 위험자산 투자한도 70%)),ED_WRBA_ART26_1_2,금융투자협회 전자공시서비스(DIS) 표준 펀드유형 '주식형' XML 전수 대조 (시행규칙 제10조제1항제2호 한도 70%),KOFIA 펀드유형: 주식형 (근로자퇴직급여 보장법 시행규칙 제10조 제1항 제2호: 주식형 집합투자증권 위험자산 70% 한도),2026-09-05,PASS (공식 검증 완료)
105010,KR7105010003,TIGER 라틴35,미래에셋자산운용,주식-해외,가능,70% (위험자산),Y,높음,증권사·운용사교차검증,https://dis.kofia.or.kr/websquare/index.jsp?w2xPath=/wq/fundann/DISFundFeeCMS.xml&divisionId=MDIS01005001000000&serviceId=SDIS01005001000,data/regulatory/sources/kofia_evidence_extract_20260905.xml,E3,3way,TIGER 라틴35 / 펀드유형: 주식형 / 기준일: 20260905,MOEL_WRBA_RULE_ART10_1_2,근로자퇴직급여 보장법 시행규칙 제10조 제1항 제2호 (위험자산의 범위 및 운용기준 (DC 및 IRP 위험자산 투자한도 70%)),ED_WRBA_ART26_1_2,공식 출처 대조 (증권사·운용사교차검증),KOFIA 펀드유형: 주식형 (근로자퇴직급여 보장법 시행규칙 제10조 제1항 제2호: 주식형 집합투자증권 위험자산 70% 한도),2026-09-05,PASS (공식 검증 완료)
105190,KR7105190003,ACE 200,한국투자신탁운용,주식-국내,가능,70% (위험자산),Y,높음,증권사·운용사교차검증,https://dis.kofia.or.kr/websquare/index.jsp?w2xPath=/wq/fundann/DISFundFeeCMS.xml&divisionId=MDIS01005001000000&serviceId=SDIS01005001000,data/regulatory/sources/kofia_evidence_extract_20260905.xml,E3,3way,한국투자ACE200증권상장지수투자신탁(주식) / 펀드유형: 주식형 / 표준코드: KR5101877748 / 기준일: 20080910,MOEL_WRBA_RULE_ART10_1_2,근로자퇴직급여 보장법 시행규칙 제10조 제1항 제2호 (위험자산의 범위 및 운용기준 (DC 및 IRP 위험자산 투자한도 70%)),ED_WRBA_ART26_1_2,공식 출처 대조 (증권사·운용사교차검증),KOFIA 펀드유형: 주식형 (근로자퇴직급여 보장법 시행규칙 제10조 제1항 제2호: 주식형 집합투자증권 위험자산 70% 한도),2026-09-05,PASS (공식 검증 완료)
105780,KR7105780001,RISE 5대그룹주,KB자산운용,주식-국내,가능,70% (위험자산),Y,높음,증권사·운용사교차검증,https://dis.kofia.or.kr/websquare/index.jsp?w2xPath=/wq/fundann/DISFundFeeCMS.xml&divisionId=MDIS01005001000000&serviceId=SDIS01005001000,data/regulatory/sources/kofia_evidence_extract_20260905.xml,E3,3way,KBRISE5대그룹주증권상장지수투자신탁(주식) / 펀드유형: 주식형 / 표준코드: KR5223884903 / 기준일: 20081021,MOEL_WRBA_RULE_ART10_1_2,근로자퇴직급여 보장법 시행규칙 제10조 제1항 제2호 (위험자산의 범위 및 운용기준 (DC 및 IRP 위험자산 투자한도 70%)),ED_WRBA_ART26_1_2,공식 출처 대조 (증권사·운용사교차검증),KOFIA 펀드유형: 주식형 (근로자퇴직급여 보장법 시행규칙 제10조 제1항 제2호: 주식형 집합투자증권 위험자산 70% 한도),2026-09-05,PASS (공식 검증 완료)
108450,KR7108450008,ACE 삼성그룹섹터가중,한국투자신탁운용,주식-국내,가능,70% (위험자산),Y,높음,증권사·운용사교차검증,https://dis.kofia.or.kr/websquare/index.jsp?w2xPath=/wq/fundann/DISFundFeeCMS.xml&divisionId=MDIS01005001000000&serviceId=SDIS01005001000,data/regulatory/sources/kofia_evidence_extract_20260905.xml,E3,3way,ACE 삼성그룹섹터가중 / 펀드유형: 주식형 / 기준일: 20260905,MOEL_WRBA_RULE_ART10_1_2,근로자퇴직급여 보장법 시행규칙 제10조 제1항 제2호 (위험자산의 범위 및 운용기준 (DC 및 IRP 위험자산 투자한도 70%)),ED_WRBA_ART26_1_2,공식 출처 대조 (증권사·운용사교차검증),KOFIA 펀드유형: 주식형 (근로자퇴직급여 보장법 시행규칙 제10조 제1항 제2호: 주식형 집합투자증권 위험자산 70% 한도),2026-09-05,PASS (공식 검증 완료)
108590,KR7108590001,TREX 200,기타,주식-국내,가능,70% (위험자산),Y,높음,협회공시대조,https://dis.kofia.or.kr/websquare/index.jsp?w2xPath=/wq/fundann/DISFundFeeCMS.xml&divisionId=MDIS01005001000000&serviceId=SDIS01005001000,data/regulatory/sources/kofia_evidence_extract_20260905.xml,E3,1way,유리TREX200증권상장지수투자신탁[주식] / 펀드유형: 주식형 / 표준코드: KR5307905228 / 기준일: 20090122,MOEL_WRBA_RULE_ART10_1_2,근로자퇴직급여 보장법 시행규칙 제10조 제1항 제2호 (위험자산의 범위 및 운용기준 (DC 및 IRP 위험자산 투자한도 70%)),ED_WRBA_ART26_1_2,금융투자협회 전자공시서비스(DIS) 표준 펀드유형 '주식형' XML 전수 대조 (시행규칙 제10조제1항제2호 한도 70%),KOFIA 펀드유형: 주식형 (근로자퇴직급여 보장법 시행규칙 제10조 제1항 제2호: 주식형 집합투자증권 위험자산 70% 한도),2026-09-05,PASS (공식 검증 완료)
114100,KR7114100001,RISE 국고채3년,KB자산운용,채권,가능,100% (안전자산),Y,높음,협회공시대조,https://dis.kofia.or.kr/websquare/index.jsp?w2xPath=/wq/fundann/DISFundFeeCMS.xml&divisionId=MDIS01005001000000&serviceId=SDIS01005001000,data/regulatory/sources/kofia_evidence_extract_20260905.xml,E3,1way,KBRISE국고채3년증권상장지수투자신탁(채권) / 펀드유형: 채권형 / 표준코드: KR5223149026 / 기준일: 20090728,PSR_ART11_1_4,퇴직연금감독규정 제11조 제1항 제4호 (적립금 운용방법 등 (원리금보장 및 채권형 등 100% 안전자산)),,금융투자협회 전자공시서비스(DIS) 표준 펀드유형 '채권형' XML 전수 대조,KOFIA 펀드유형: 채권형 (퇴직연금감독규정 제11조 제1항 제4호: 원리금보장 및 채권형 안전자산 (100% 편입 가능)),2026-09-05,PASS (공식 검증 완료)
114260,KR7114260003,KODEX 국고채3년,삼성자산운용,채권,가능,100% (안전자산),Y,높음,증권사·운용사교차검증,https://dis.kofia.or.kr/websquare/index.jsp?w2xPath=/wq/fundann/DISFundFeeCMS.xml&divisionId=MDIS01005001000000&serviceId=SDIS01005001000,data/regulatory/sources/kofia_evidence_extract_20260905.xml,E3,3way,삼성KODEX국고채3년증권상장지수투자신탁[채권] / 펀드유형: 채권형 / 표준코드: KR5105149383 / 기준일: 20090728,PSR_ART11_1_4,퇴직연금감독규정 제11조 제1항 제4호 (적립금 운용방법 등 (원리금보장 및 채권형 등 100% 안전자산)),,금융감독원 DART 투자설명서 대조 (증권사·운용사교차검증),KOFIA 펀드유형: 채권형 (퇴직연금감독규정 제11조 제1항 제4호: 원리금보장 및 채권형 안전자산 (100% 편입 가능)),2026-09-05,PASS (공식 검증 완료)
114460,KR7114460009,ACE 국고채3년,한국투자신탁운용,채권,가능,100% (안전자산),Y,높음,증권사·운용사교차검증,https://dis.kofia.or.kr/websquare/index.jsp?w2xPath=/wq/fundann/DISFundFeeCMS.xml&divisionId=MDIS01005001000000&serviceId=SDIS01005001000,data/regulatory/sources/kofia_evidence_extract_20260905.xml,E3,3way,KBRISE국고채3년증권상장지수투자신탁(채권) / 펀드유형: 채권형 / 표준코드: KR5223149026 / 기준일: 20090728,PSR_ART11_1_4,퇴직연금감독규정 제11조 제1항 제4호 (적립금 운용방법 등 (원리금보장 및 채권형 등 100% 안전자산)),,금융감독원 DART 투자설명서 대조 (증권사·운용사교차검증),KOFIA 펀드유형: 채권형 (퇴직연금감독규정 제11조 제1항 제4호: 원리금보장 및 채권형 안전자산 (100% 편입 가능)),2026-09-05,PASS (공식 검증 완료)
114470,KR7114470008,KIWOOM 국고채3년,키움투자자산운용,채권,가능,100% (안전자산),Y,높음,협회공시대조,https://dis.kofia.or.kr/websquare/index.jsp?w2xPath=/wq/fundann/DISFundFeeCMS.xml&divisionId=MDIS01005001000000&serviceId=SDIS01005001000,data/regulatory/sources/kofia_evidence_extract_20260905.xml,E3,1way,KBRISE국고채3년증권상장지수투자신탁(채권) / 펀드유형: 채권형 / 표준코드: KR5223149026 / 기준일: 20090728,PSR_ART11_1_4,퇴직연금감독규정 제11조 제1항 제4호 (적립금 운용방법 등 (원리금보장 및 채권형 등 100% 안전자산)),,금융투자협회 전자공시서비스(DIS) 표준 펀드유형 '채권형' XML 전수 대조,KOFIA 펀드유형: 채권형 (퇴직연금감독규정 제11조 제1항 제4호: 원리금보장 및 채권형 안전자산 (100% 편입 가능)),2026-09-05,PASS (공식 검증 완료)
114800,KR7114800006,KODEX 인버스,삼성자산운용,주식-국내,불가,불가,Y,보통,법령조건직접판정,https://www.law.go.kr/LSW//admRulInfoP.do?admRulSeq=2100000244795&chrClsCd=010201,data/regulatory/sources/statutes/퇴직연금감독규정_20260905.txt,RULE_NAME,1way,퇴직연금감독규정 제9조 제1항 제2호 마목: 상장지수집합투자기구가 목표로 하는 지수의 변화에 1배를 초과하거나 음의 배율로 연동하여 운용하는 것은 제외한다,PSR_ART9_1_2,퇴직연금감독규정 제9조 제1항 제2호 마목 (증권 및 기타 적립금 운용방법의 종류 등 (1배수 상장지수집합투자기구 파생위험평가액 100% 한도 허용)),,퇴직연금감독규정 제9조 제1항 제2호 마목 단서 (1배 초과 또는 음의 배율 연동 배제),명칭 기반 배수 식별 및 퇴직연금감독규정 제9조 제1항 제2호 마목 단서 적용,2026-09-05,PASS (공식 검증 완료)
114820,KR7114820004,TIGER 국채3년,미래에셋자산운용,채권,가능,100% (안전자산),Y,높음,증권사·운용사교차검증,https://dis.kofia.or.kr/websquare/index.jsp?w2xPath=/wq/fundann/DISFundFeeCMS.xml&divisionId=MDIS01005001000000&serviceId=SDIS01005001000,data/regulatory/sources/kofia_evidence_extract_20260905.xml,E3,3way,TIGER 국채3년 / 펀드유형: 채권형 / 기준일: 20260905,PSR_ART11_1_4,퇴직연금감독규정 제11조 제1항 제4호 (적립금 운용방법 등 (원리금보장 및 채권형 등 100% 안전자산)),,금융감독원 DART 투자설명서 대조 (증권사·운용사교차검증),KOFIA 펀드유형: 채권형 (퇴직연금감독규정 제11조 제1항 제4호: 원리금보장 및 채권형 안전자산 (100% 편입 가능)),2026-09-05,PASS (공식 검증 완료)
117460,KR7117460006,KODEX 에너지화학,삼성자산운용,주식-국내,가능,70% (위험자산),Y,높음,증권사·운용사교차검증,https://dis.kofia.or.kr/websquare/index.jsp?w2xPath=/wq/fundann/DISFundFeeCMS.xml&divisionId=MDIS01005001000000&serviceId=SDIS01005001000,data/regulatory/sources/kofia_evidence_extract_20260905.xml,E3,3way,삼성KODEX에너지화학증권상장지수투자신탁[주식] / 펀드유형: 주식형 / 표준코드: KR5105166692 / 기준일: 20091009,MOEL_WRBA_RULE_ART10_1_2,근로자퇴직급여 보장법 시행규칙 제10조 제1항 제2호 (위험자산의 범위 및 운용기준 (DC 및 IRP 위험자산 투자한도 70%)),ED_WRBA_ART26_1_2,공식 출처 대조 (증권사·운용사교차검증),KOFIA 펀드유형: 주식형 (근로자퇴직급여 보장법 시행규칙 제10조 제1항 제2호: 주식형 집합투자증권 위험자산 70% 한도),2026-09-05,PASS (공식 검증 완료)
117680,KR7117680009,KODEX 철강,삼성자산운용,주식-국내,가능,70% (위험자산),Y,높음,증권사·운용사교차검증,https://dis.kofia.or.kr/websquare/index.jsp?w2xPath=/wq/fundann/DISFundFeeCMS.xml&divisionId=MDIS01005001000000&serviceId=SDIS01005001000,data/regulatory/sources/kofia_evidence_extract_20260905.xml,E3,3way,삼성KODEX철강증권상장지수투자신탁[주식] / 펀드유형: 주식형 / 표준코드: KR5105171510 / 기준일: 20091029,MOEL_WRBA_RULE_ART10_1_2,근로자퇴직급여 보장법 시행규칙 제10조 제1항 제2호 (위험자산의 범위 및 운용기준 (DC 및 IRP 위험자산 투자한도 70%)),ED_WRBA_ART26_1_2,공식 출처 대조 (증권사·운용사교차검증),KOFIA 펀드유형: 주식형 (근로자퇴직급여 보장법 시행규칙 제10조 제1항 제2호: 주식형 집합투자증권 위험자산 70% 한도),2026-09-05,PASS (공식 검증 완료)
117690,KR7117690008,TIGER 차이나항셍30,미래에셋자산운용,주식-해외,가능,70% (위험자산),Y,높음,증권사·운용사교차검증,https://dis.kofia.or.kr/websquare/index.jsp?w2xPath=/wq/fundann/DISFundFeeCMS.xml&divisionId=MDIS01005001000000&serviceId=SDIS01005001000,data/regulatory/sources/kofia_evidence_extract_20260905.xml,E3,3way,미래에셋TIGER차이나증권상장지수투자신탁(주식) / 펀드유형: 주식형 / 표준코드: KR5225874118 / 기준일: 20091020,MOEL_WRBA_RULE_ART10_1_2,근로자퇴직급여 보장법 시행규칙 제10조 제1항 제2호 (위험자산의 범위 및 운용기준 (DC 및 IRP 위험자산 투자한도 70%)),ED_WRBA_ART26_1_2,공식 출처 대조 (증권사·운용사교차검증),KOFIA 펀드유형: 주식형 (근로자퇴직급여 보장법 시행규칙 제10조 제1항 제2호: 주식형 집합투자증권 위험자산 70% 한도),2026-09-05,PASS (공식 검증 완료)
117700,KR7117700005,KODEX 건설,삼성자산운용,주식-국내,가능,70% (위험자산),Y,높음,증권사·운용사교차검증,https://dis.kofia.or.kr/websquare/index.jsp?w2xPath=/wq/fundann/DISFundFeeCMS.xml&divisionId=MDIS01005001000000&serviceId=SDIS01005001000,data/regulatory/sources/kofia_evidence_extract_20260905.xml,E3,3way,삼성KODEX건설증권상장지수투자신탁[주식] / 펀드유형: 주식형 / 표준코드: KR5105171502 / 기준일: 20091029,MOEL_WRBA_RULE_ART10_1_2,근로자퇴직급여 보장법 시행규칙 제10조 제1항 제2호 (위험자산의 범위 및 운용기준 (DC 및 IRP 위험자산 투자한도 70%)),ED_WRBA_ART26_1_2,공식 출처 대조 (증권사·운용사교차검증),KOFIA 펀드유형: 주식형 (근로자퇴직급여 보장법 시행규칙 제10조 제1항 제2호: 주식형 집합투자증권 위험자산 70% 한도),2026-09-05,PASS (공식 검증 완료)
122090,KR7122090004,PLUS 코스피50,한화자산운용,주식-국내,가능,70% (위험자산),Y,높음,증권사·운용사교차검증,https://dis.kofia.or.kr/websquare/index.jsp?w2xPath=/wq/fundann/DISFundFeeCMS.xml&divisionId=MDIS01005001000000&serviceId=SDIS01005001000,data/regulatory/sources/kofia_evidence_extract_20260905.xml,E3,3way,한화PLUS코스피50증권상장지수투자신탁(주식) / 펀드유형: 주식형 / 표준코드: KR5213185071 / 기준일: 20100106,MOEL_WRBA_RULE_ART10_1_2,근로자퇴직급여 보장법 시행규칙 제10조 제1항 제2호 (위험자산의 범위 및 운용기준 (DC 및 IRP 위험자산 투자한도 70%)),ED_WRBA_ART26_1_2,공식 출처 대조 (증권사·운용사교차검증),KOFIA 펀드유형: 주식형 (근로자퇴직급여 보장법 시행규칙 제10조 제1항 제2호: 주식형 집합투자증권 위험자산 70% 한도),2026-09-05,PASS (공식 검증 완료)
122260,KR7122260003,KIWOOM 통안채1년,키움투자자산운용,금리·파킹,가능,100% (안전자산),Y,높음,협회공시대조,https://dis.kofia.or.kr/websquare/index.jsp?w2xPath=/wq/fundann/DISFundFeeCMS.xml&divisionId=MDIS01005001000000&serviceId=SDIS01005001000,data/regulatory/sources/kofia_evidence_extract_20260905.xml,E3,1way,KIWOOM 통안채1년 / 펀드유형: 채권형 / 기준일: 20260905,PSR_ART11_1_4,퇴직연금감독규정 제11조 제1항 제4호 (적립금 운용방법 등 (원리금보장 및 채권형 등 100% 안전자산)),,금융투자협회 전자공시서비스(DIS) 표준 펀드유형 '채권형' XML 전수 대조,KOFIA 펀드유형: 채권형 (퇴직연금감독규정 제11조 제1항 제4호: 원리금보장 및 채권형 안전자산 (100% 편입 가능)),2026-09-05,PASS (공식 검증 완료)
122630,KR7122630007,KODEX 레버리지,삼성자산운용,주식-국내,불가,불가,Y,보통,법령조건직접판정,https://www.law.go.kr/LSW//admRulInfoP.do?admRulSeq=2100000244795&chrClsCd=010201,data/regulatory/sources/statutes/퇴직연금감독규정_20260905.txt,RULE_NAME,1way,퇴직연금감독규정 제9조 제1항 제2호 마목: 상장지수집합투자기구가 목표로 하는 지수의 변화에 1배를 초과하거나 음의 배율로 연동하여 운용하는 것은 제외한다,PSR_ART9_1_2,퇴직연금감독규정 제9조 제1항 제2호 마목 (증권 및 기타 적립금 운용방법의 종류 등 (1배수 상장지수집합투자기구 파생위험평가액 100% 한도 허용)),,퇴직연금감독규정 제9조 제1항 제2호 마목 단서 (1배 초과 또는 음의 배율 연동 배제),명칭 기반 배수 식별 및 퇴직연금감독규정 제9조 제1항 제2호 마목 단서 적용,2026-09-05,PASS (공식 검증 완료)
123310,KR7123310005,TIGER 인버스,미래에셋자산운용,주식-국내,불가,불가,Y,보통,법령조건직접판정,https://www.law.go.kr/LSW//admRulInfoP.do?admRulSeq=2100000244795&chrClsCd=010201,data/regulatory/sources/statutes/퇴직연금감독규정_20260905.txt,RULE_NAME,1way,퇴직연금감독규정 제9조 제1항 제2호 마목: 상장지수집합투자기구가 목표로 하는 지수의 변화에 1배를 초과하거나 음의 배율로 연동하여 운용하는 것은 제외한다,PSR_ART9_1_2,퇴직연금감독규정 제9조 제1항 제2호 마목 (증권 및 기타 적립금 운용방법의 종류 등 (1배수 상장지수집합투자기구 파생위험평가액 100% 한도 허용)),,퇴직연금감독규정 제9조 제1항 제2호 마목 단서 (1배 초과 또는 음의 배율 연동 배제),명칭 기반 배수 식별 및 퇴직연금감독규정 제9조 제1항 제2호 마목 단서 적용,2026-09-05,PASS (공식 검증 완료)
123320,KR7123320004,TIGER 레버리지,미래에셋자산운용,주식-국내,불가,불가,Y,보통,법령조건직접판정,https://www.law.go.kr/LSW//admRulInfoP.do?admRulSeq=2100000244795&chrClsCd=010201,data/regulatory/sources/statutes/퇴직연금감독규정_20260905.txt,RULE_NAME,1way,퇴직연금감독규정 제9조 제1항 제2호 마목: 상장지수집합투자기구가 목표로 하는 지수의 변화에 1배를 초과하거나 음의 배율로 연동하여 운용하는 것은 제외한다,PSR_ART9_1_2,퇴직연금감독규정 제9조 제1항 제2호 마목 (증권 및 기타 적립금 운용방법의 종류 등 (1배수 상장지수집합투자기구 파생위험평가액 100% 한도 허용)),,퇴직연금감독규정 제9조 제1항 제2호 마목 단서 (1배 초과 또는 음의 배율 연동 배제),명칭 기반 배수 식별 및 퇴직연금감독규정 제9조 제1항 제2호 마목 단서 적용,2026-09-05,PASS (공식 검증 완료)
130680,KR7130680002,TIGER 원유선물Enhanced(H),미래에셋자산운용,원자재,불가,불가,Y,높음,증권사목록대조,https://securities.koreainvestment.com/pension/nwEtcinfo/Notice.jsp?cmd=A_NW_33030View&num=47520,data/regulatory/sources/brokers/koreainvestment/ETF_REITs_LIST_RP_260831.xlsx; data/regulatory/sources/brokers/koreainvestment/kis_etf_ticker_universe_20260831.txt,E4,2way,"한국투자증권 퇴직연금 ETF 상품 현황(2026-08-31 기준) 2행: ★매매불가: 레버리지/인버스/파생형/해외상장ETF / 해당 종목코드(130680 TIGER 원유선물Enhanced(H)) 퇴직연금 매매가능 유니버스 1,021종목 전수 대조 결과 미수록(부재) 확인",PSR_ART9_1_2,퇴직연금감독규정 제9조 제1항 제2호 마목 (증권 및 기타 적립금 운용방법의 종류 등 (1배수 상장지수집합투자기구 파생위험평가액 100% 한도 허용)),FSC_FIBA_REG_ART4_54,판매사 퇴직연금 매매 불가 유니버스 대조 및 퇴직연금감독규정 제9조 (위험평가액 40% 초과 배제),"한국투자증권 엑셀 2행 '★매매불가: 레버리지/인버스/파생형/해외상장ETF' 및 1,021종목 유니버스 전수 대조 미수록(부재) 근거 편입 불가 확정",2026-09-06,PASS (공식 검증 완료)
130730,KR7130730005,KIWOOM 단기자금,키움투자자산운용,금리·파킹,가능,100% (안전자산),Y,높음,협회공시대조,https://dis.kofia.or.kr/websquare/index.jsp?w2xPath=/wq/fundann/DISFundFeeCMS.xml&divisionId=MDIS01005001000000&serviceId=SDIS01005001000,data/regulatory/sources/kofia_evidence_extract_20260905.xml,E3,1way,키움KIWOOM단기자금증권상장지수투자신탁[채권] / 펀드유형: 채권형 / 표준코드: KR5206287710 / 기준일: 20100728,PSR_ART11_1_4,퇴직연금감독규정 제11조 제1항 제4호 (적립금 운용방법 등 (원리금보장 및 채권형 등 100% 안전자산)),,금융투자협회 전자공시서비스(DIS) 표준 펀드유형 '채권형' XML 전수 대조,KOFIA 펀드유형: 채권형 (퇴직연금감독규정 제11조 제1항 제4호: 원리금보장 및 채권형 안전자산 (100% 편입 가능)),2026-09-05,PASS (공식 검증 완료)
131890,KR7131890006,ACE 삼성그룹동일가중,한국투자신탁운용,주식-국내,가능,70% (위험자산),Y,높음,증권사·운용사교차검증,https://dis.kofia.or.kr/websquare/index.jsp?w2xPath=/wq/fundann/DISFundFeeCMS.xml&divisionId=MDIS01005001000000&serviceId=SDIS01005001000,data/regulatory/sources/kofia_evidence_extract_20260905.xml,E3,3way,ACE 삼성그룹동일가중 / 펀드유형: 주식형 / 기준일: 20260905,MOEL_WRBA_RULE_ART10_1_2,근로자퇴직급여 보장법 시행규칙 제10조 제1항 제2호 (위험자산의 범위 및 운용기준 (DC 및 IRP 위험자산 투자한도 70%)),ED_WRBA_ART26_1_2,공식 출처 대조 (증권사·운용사교차검증),KOFIA 펀드유형: 주식형 (근로자퇴직급여 보장법 시행규칙 제10조 제1항 제2호: 주식형 집합투자증권 위험자산 70% 한도),2026-09-05,PASS (공식 검증 완료)
132030,KR7132030008,KODEX 골드선물(H),삼성자산운용,원자재,불가,불가,Y,높음,증권사목록대조,https://securities.koreainvestment.com/pension/nwEtcinfo/Notice.jsp?cmd=A_NW_33030View&num=47520,data/regulatory/sources/brokers/koreainvestment/ETF_REITs_LIST_RP_260831.xlsx; data/regulatory/sources/brokers/koreainvestment/kis_etf_ticker_universe_20260831.txt,E4,2way,"한국투자증권 퇴직연금 ETF 상품 현황(2026-08-31 기준) 2행: ★매매불가: 레버리지/인버스/파생형/해외상장ETF / 해당 종목코드(132030 KODEX 골드선물(H)) 퇴직연금 매매가능 유니버스 1,021종목 전수 대조 결과 미수록(부재) 확인",PSR_ART9_1_2,퇴직연금감독규정 제9조 제1항 제2호 마목 (증권 및 기타 적립금 운용방법의 종류 등 (1배수 상장지수집합투자기구 파생위험평가액 100% 한도 허용)),FSC_FIBA_REG_ART4_54,판매사 퇴직연금 매매 불가 유니버스 대조 및 퇴직연금감독규정 제9조 (위험평가액 40% 초과 배제),"한국투자증권 엑셀 2행 '★매매불가: 레버리지/인버스/파생형/해외상장ETF' 및 1,021종목 유니버스 전수 대조 미수록(부재) 근거 편입 불가 확정",2026-09-06,PASS (공식 검증 완료)
133690,KR7133690008,TIGER 미국나스닥100,미래에셋자산운용,주식-해외,가능,70% (위험자산),Y,높음,증권사·운용사교차검증,https://dis.kofia.or.kr/websquare/index.jsp?w2xPath=/wq/fundann/DISFundFeeCMS.xml&divisionId=MDIS01005001000000&serviceId=SDIS01005001000,data/regulatory/sources/kofia_evidence_extract_20260905.xml,E3,3way,미래에셋TIGER미국나스닥100증권상장지수투자신탁(주식) / 펀드유형: 주식형 / 표준코드: KR5225652084 / 기준일: 20101015,MOEL_WRBA_RULE_ART10_1_2,근로자퇴직급여 보장법 시행규칙 제10조 제1항 제2호 (위험자산의 범위 및 운용기준 (DC 및 IRP 위험자산 투자한도 70%)),ED_WRBA_ART26_1_2,공식 출처 대조 (증권사·운용사교차검증),KOFIA 펀드유형: 주식형 (근로자퇴직급여 보장법 시행규칙 제10조 제1항 제2호: 주식형 집합투자증권 위험자산 70% 한도),2026-09-05,PASS (공식 검증 완료)
136340,KR7136340007,RISE 중기우량회사채,KB자산운용,채권,가능,100% (안전자산),Y,높음,협회공시대조,https://dis.kofia.or.kr/websquare/index.jsp?w2xPath=/wq/fundann/DISFundFeeCMS.xml&divisionId=MDIS01005001000000&serviceId=SDIS01005001000,data/regulatory/sources/kofia_evidence_extract_20260905.xml,E3,1way,KBRISE중기우량회사채증권상장지수투자신탁(채권) / 펀드유형: 채권형 / 표준코드: KR5223970371 / 기준일: 20110411,PSR_ART11_1_4,퇴직연금감독규정 제11조 제1항 제4호 (적립금 운용방법 등 (원리금보장 및 채권형 등 100% 안전자산)),,금융투자협회 전자공시서비스(DIS) 표준 펀드유형 '채권형' XML 전수 대조,KOFIA 펀드유형: 채권형 (퇴직연금감독규정 제11조 제1항 제4호: 원리금보장 및 채권형 안전자산 (100% 편입 가능)),2026-09-05,PASS (공식 검증 완료)
137610,KR7137610002,TIGER 농산물선물Enhanced(H),미래에셋자산운용,원자재,불가,불가,Y,높음,증권사목록대조,https://securities.koreainvestment.com/pension/nwEtcinfo/Notice.jsp?cmd=A_NW_33030View&num=47520,data/regulatory/sources/brokers/koreainvestment/ETF_REITs_LIST_RP_260831.xlsx; data/regulatory/sources/brokers/koreainvestment/kis_etf_ticker_universe_20260831.txt,E4,2way,"한국투자증권 퇴직연금 ETF 상품 현황(2026-08-31 기준) 2행: ★매매불가: 레버리지/인버스/파생형/해외상장ETF / 해당 종목코드(137610 TIGER 농산물선물Enhanced(H)) 퇴직연금 매매가능 유니버스 1,021종목 전수 대조 결과 미수록(부재) 확인",PSR_ART9_1_2,퇴직연금감독규정 제9조 제1항 제2호 마목 (증권 및 기타 적립금 운용방법의 종류 등 (1배수 상장지수집합투자기구 파생위험평가액 100% 한도 허용)),FSC_FIBA_REG_ART4_54,판매사 퇴직연금 매매 불가 유니버스 대조 및 퇴직연금감독규정 제9조 (위험평가액 40% 초과 배제),"한국투자증권 엑셀 2행 '★매매불가: 레버리지/인버스/파생형/해외상장ETF' 및 1,021종목 유니버스 전수 대조 미수록(부재) 근거 편입 불가 확정",2026-09-06,PASS (공식 검증 완료)
138230,KR7138230008,KIWOOM 미국달러선물,키움투자자산운용,주식-해외,불가,불가,Y,높음,증권사목록대조,https://securities.koreainvestment.com/pension/nwEtcinfo/Notice.jsp?cmd=A_NW_33030View&num=47520,data/regulatory/sources/brokers/koreainvestment/ETF_REITs_LIST_RP_260831.xlsx; data/regulatory/sources/brokers/koreainvestment/kis_etf_ticker_universe_20260831.txt,E4,2way,"한국투자증권 퇴직연금 ETF 상품 현황(2026-08-31 기준) 2행: ★매매불가: 레버리지/인버스/파생형/해외상장ETF / 해당 종목코드(138230 KIWOOM 미국달러선물) 퇴직연금 매매가능 유니버스 1,021종목 전수 대조 결과 미수록(부재) 확인",PSR_ART9_1_2,퇴직연금감독규정 제9조 제1항 제2호 마목 (증권 및 기타 적립금 운용방법의 종류 등 (1배수 상장지수집합투자기구 파생위험평가액 100% 한도 허용)),FSC_FIBA_REG_ART4_54,판매사 퇴직연금 매매 불가 유니버스 대조 및 퇴직연금감독규정 제9조 (위험평가액 40% 초과 배제),"한국투자증권 엑셀 2행 '★매매불가: 레버리지/인버스/파생형/해외상장ETF' 및 1,021종목 유니버스 전수 대조 미수록(부재) 근거 편입 불가 확정",2026-09-06,PASS (공식 검증 완료)
138520,KR7138520002,TIGER 삼성그룹,미래에셋자산운용,주식-국내,가능,70% (위험자산),Y,높음,증권사·운용사교차검증,https://dis.kofia.or.kr/websquare/index.jsp?w2xPath=/wq/fundann/DISFundFeeCMS.xml&divisionId=MDIS01005001000000&serviceId=SDIS01005001000,data/regulatory/sources/kofia_evidence_extract_20260905.xml,E3,3way,미래에셋TIGER삼성그룹증권상장지수투자신탁(주식) / 펀드유형: 주식형 / 표준코드: KR5225A01840 / 기준일: 20110304,MOEL_WRBA_RULE_ART10_1_2,근로자퇴직급여 보장법 시행규칙 제10조 제1항 제2호 (위험자산의 범위 및 운용기준 (DC 및 IRP 위험자산 투자한도 70%)),ED_WRBA_ART26_1_2,공식 출처 대조 (증권사·운용사교차검증),KOFIA 펀드유형: 주식형 (근로자퇴직급여 보장법 시행규칙 제10조 제1항 제2호: 주식형 집합투자증권 위험자산 70% 한도),2026-09-05,PASS (공식 검증 완료)
138530,KR7138530001,TIGER LG그룹플러스,미래에셋자산운용,주식-국내,가능,70% (위험자산),Y,높음,증권사·운용사교차검증,https://dis.kofia.or.kr/websquare/index.jsp?w2xPath=/wq/fundann/DISFundFeeCMS.xml&divisionId=MDIS01005001000000&serviceId=SDIS01005001000,data/regulatory/sources/kofia_evidence_extract_20260905.xml,E3,3way,TIGER LG그룹플러스 / 펀드유형: 주식형 / 기준일: 20260905,MOEL_WRBA_RULE_ART10_1_2,근로자퇴직급여 보장법 시행규칙 제10조 제1항 제2호 (위험자산의 범위 및 운용기준 (DC 및 IRP 위험자산 투자한도 70%)),ED_WRBA_ART26_1_2,공식 출처 대조 (증권사·운용사교차검증),KOFIA 펀드유형: 주식형 (근로자퇴직급여 보장법 시행규칙 제10조 제1항 제2호: 주식형 집합투자증권 위험자산 70% 한도),2026-09-05,PASS (공식 검증 완료)
138540,KR7138540000,TIGER 현대차그룹플러스,미래에셋자산운용,주식-국내,가능,70% (위험자산),Y,높음,증권사·운용사교차검증,https://dis.kofia.or.kr/websquare/index.jsp?w2xPath=/wq/fundann/DISFundFeeCMS.xml&divisionId=MDIS01005001000000&serviceId=SDIS01005001000,data/regulatory/sources/kofia_evidence_extract_20260905.xml,E3,3way,TIGER 현대차그룹플러스 / 펀드유형: 주식형 / 기준일: 20260905,MOEL_WRBA_RULE_ART10_1_2,근로자퇴직급여 보장법 시행규칙 제10조 제1항 제2호 (위험자산의 범위 및 운용기준 (DC 및 IRP 위험자산 투자한도 70%)),ED_WRBA_ART26_1_2,공식 출처 대조 (증권사·운용사교차검증),KOFIA 펀드유형: 주식형 (근로자퇴직급여 보장법 시행규칙 제10조 제1항 제2호: 주식형 집합투자증권 위험자산 70% 한도),2026-09-05,PASS (공식 검증 완료)
138910,KR7138910005,KODEX 구리선물(H),삼성자산운용,원자재,불가,불가,Y,높음,증권사목록대조,https://securities.koreainvestment.com/pension/nwEtcinfo/Notice.jsp?cmd=A_NW_33030View&num=47520,data/regulatory/sources/brokers/koreainvestment/ETF_REITs_LIST_RP_260831.xlsx; data/regulatory/sources/brokers/koreainvestment/kis_etf_ticker_universe_20260831.txt,E4,2way,"한국투자증권 퇴직연금 ETF 상품 현황(2026-08-31 기준) 2행: ★매매불가: 레버리지/인버스/파생형/해외상장ETF / 해당 종목코드(138910 KODEX 구리선물(H)) 퇴직연금 매매가능 유니버스 1,021종목 전수 대조 결과 미수록(부재) 확인",PSR_ART9_1_2,퇴직연금감독규정 제9조 제1항 제2호 마목 (증권 및 기타 적립금 운용방법의 종류 등 (1배수 상장지수집합투자기구 파생위험평가액 100% 한도 허용)),FSC_FIBA_REG_ART4_54,판매사 퇴직연금 매매 불가 유니버스 대조 및 퇴직연금감독규정 제9조 (위험평가액 40% 초과 배제),"한국투자증권 엑셀 2행 '★매매불가: 레버리지/인버스/파생형/해외상장ETF' 및 1,021종목 유니버스 전수 대조 미수록(부재) 근거 편입 불가 확정",2026-09-06,PASS (공식 검증 완료)
138920,KR7138920004,KODEX 콩선물(H),삼성자산운용,원자재,불가,불가,Y,높음,증권사목록대조,https://securities.koreainvestment.com/pension/nwEtcinfo/Notice.jsp?cmd=A_NW_33030View&num=47520,data/regulatory/sources/brokers/koreainvestment/ETF_REITs_LIST_RP_260831.xlsx; data/regulatory/sources/brokers/koreainvestment/kis_etf_ticker_universe_20260831.txt,E4,2way,"한국투자증권 퇴직연금 ETF 상품 현황(2026-08-31 기준) 2행: ★매매불가: 레버리지/인버스/파생형/해외상장ETF / 해당 종목코드(138920 KODEX 콩선물(H)) 퇴직연금 매매가능 유니버스 1,021종목 전수 대조 결과 미수록(부재) 확인",PSR_ART9_1_2,퇴직연금감독규정 제9조 제1항 제2호 마목 (증권 및 기타 적립금 운용방법의 종류 등 (1배수 상장지수집합투자기구 파생위험평가액 100% 한도 허용)),FSC_FIBA_REG_ART4_54,판매사 퇴직연금 매매 불가 유니버스 대조 및 퇴직연금감독규정 제9조 (위험평가액 40% 초과 배제),"한국투자증권 엑셀 2행 '★매매불가: 레버리지/인버스/파생형/해외상장ETF' 및 1,021종목 유니버스 전수 대조 미수록(부재) 근거 편입 불가 확정",2026-09-06,PASS (공식 검증 완료)
139220,KR7139220008,TIGER 200 건설,미래에셋자산운용,주식-국내,가능,70% (위험자산),Y,높음,증권사·운용사교차검증,https://dis.kofia.or.kr/websquare/index.jsp?w2xPath=/wq/fundann/DISFundFeeCMS.xml&divisionId=MDIS01005001000000&serviceId=SDIS01005001000,data/regulatory/sources/kofia_evidence_extract_20260905.xml,E3,3way,미래에셋TIGER200건설증권상장지수투자신탁(주식) / 펀드유형: 주식형 / 표준코드: KR5225A18018 / 기준일: 20110405,MOEL_WRBA_RULE_ART10_1_2,근로자퇴직급여 보장법 시행규칙 제10조 제1항 제2호 (위험자산의 범위 및 운용기준 (DC 및 IRP 위험자산 투자한도 70%)),ED_WRBA_ART26_1_2,공식 출처 대조 (증권사·운용사교차검증),KOFIA 펀드유형: 주식형 (근로자퇴직급여 보장법 시행규칙 제10조 제1항 제2호: 주식형 집합투자증권 위험자산 70% 한도),2026-09-05,PASS (공식 검증 완료)
139230,KR7139230007,TIGER 200 중공업,미래에셋자산운용,주식-국내,가능,70% (위험자산),Y,높음,증권사·운용사교차검증,https://dis.kofia.or.kr/websquare/index.jsp?w2xPath=/wq/fundann/DISFundFeeCMS.xml&divisionId=MDIS01005001000000&serviceId=SDIS01005001000,data/regulatory/sources/kofia_evidence_extract_20260905.xml,E3,3way,미래에셋TIGER200중공업증권상장지수투자신탁(주식) / 펀드유형: 주식형 / 표준코드: KR5225A18083 / 기준일: 20110405,MOEL_WRBA_RULE_ART10_1_2,근로자퇴직급여 보장법 시행규칙 제10조 제1항 제2호 (위험자산의 범위 및 운용기준 (DC 및 IRP 위험자산 투자한도 70%)),ED_WRBA_ART26_1_2,공식 출처 대조 (증권사·운용사교차검증),KOFIA 펀드유형: 주식형 (근로자퇴직급여 보장법 시행규칙 제10조 제1항 제2호: 주식형 집합투자증권 위험자산 70% 한도),2026-09-05,PASS (공식 검증 완료)
139240,KR7139240006,TIGER 200 철강소재,미래에셋자산운용,주식-국내,가능,70% (위험자산),Y,높음,증권사·운용사교차검증,https://dis.kofia.or.kr/websquare/index.jsp?w2xPath=/wq/fundann/DISFundFeeCMS.xml&divisionId=MDIS01005001000000&serviceId=SDIS01005001000,data/regulatory/sources/kofia_evidence_extract_20260905.xml,E3,3way,미래에셋TIGER200철강소재증권상장지수투자신탁(주식) / 펀드유형: 주식형 / 표준코드: KR5225A18091 / 기준일: 20110405,MOEL_WRBA_RULE_ART10_1_2,근로자퇴직급여 보장법 시행규칙 제10조 제1항 제2호 (위험자산의 범위 및 운용기준 (DC 및 IRP 위험자산 투자한도 70%)),ED_WRBA_ART26_1_2,공식 출처 대조 (증권사·운용사교차검증),KOFIA 펀드유형: 주식형 (근로자퇴직급여 보장법 시행규칙 제10조 제1항 제2호: 주식형 집합투자증권 위험자산 70% 한도),2026-09-05,PASS (공식 검증 완료)
139250,KR7139250005,TIGER 200 에너지화학,미래에셋자산운용,주식-국내,가능,70% (위험자산),Y,높음,증권사·운용사교차검증,https://dis.kofia.or.kr/websquare/index.jsp?w2xPath=/wq/fundann/DISFundFeeCMS.xml&divisionId=MDIS01005001000000&serviceId=SDIS01005001000,data/regulatory/sources/kofia_evidence_extract_20260905.xml,E3,3way,미래에셋TIGER200에너지화학증권상장지수투자신탁(주식) / 펀드유형: 주식형 / 표준코드: KR5225A18042 / 기준일: 20110405,MOEL_WRBA_RULE_ART10_1_2,근로자퇴직급여 보장법 시행규칙 제10조 제1항 제2호 (위험자산의 범위 및 운용기준 (DC 및 IRP 위험자산 투자한도 70%)),ED_WRBA_ART26_1_2,공식 출처 대조 (증권사·운용사교차검증),KOFIA 펀드유형: 주식형 (근로자퇴직급여 보장법 시행규칙 제10조 제1항 제2호: 주식형 집합투자증권 위험자산 70% 한도),2026-09-05,PASS (공식 검증 완료)
139260,KR7139260004,TIGER 200 IT,미래에셋자산운용,주식-국내,가능,70% (위험자산),Y,높음,증권사·운용사교차검증,https://dis.kofia.or.kr/websquare/index.jsp?w2xPath=/wq/fundann/DISFundFeeCMS.xml&divisionId=MDIS01005001000000&serviceId=SDIS01005001000,data/regulatory/sources/kofia_evidence_extract_20260905.xml,E3,3way,미래에셋TIGER200IT증권상장지수투자신탁(주식) / 펀드유형: 주식형 / 표준코드: KR5225A18067 / 기준일: 20110405,MOEL_WRBA_RULE_ART10_1_2,근로자퇴직급여 보장법 시행규칙 제10조 제1항 제2호 (위험자산의 범위 및 운용기준 (DC 및 IRP 위험자산 투자한도 70%)),ED_WRBA_ART26_1_2,공식 출처 대조 (증권사·운용사교차검증),KOFIA 펀드유형: 주식형 (근로자퇴직급여 보장법 시행규칙 제10조 제1항 제2호: 주식형 집합투자증권 위험자산 70% 한도),2026-09-05,PASS (공식 검증 완료)
139270,KR7139270003,TIGER 200 금융,미래에셋자산운용,주식-국내,가능,70% (위험자산),Y,높음,증권사·운용사교차검증,https://dis.kofia.or.kr/websquare/index.jsp?w2xPath=/wq/fundann/DISFundFeeCMS.xml&divisionId=MDIS01005001000000&serviceId=SDIS01005001000,data/regulatory/sources/kofia_evidence_extract_20260905.xml,E3,3way,미래에셋TIGER200금융증권상장지수투자신탁(주식) / 펀드유형: 주식형 / 표준코드: KR5225A18034 / 기준일: 20110405,MOEL_WRBA_RULE_ART10_1_2,근로자퇴직급여 보장법 시행규칙 제10조 제1항 제2호 (위험자산의 범위 및 운용기준 (DC 및 IRP 위험자산 투자한도 70%)),ED_WRBA_ART26_1_2,공식 출처 대조 (증권사·운용사교차검증),KOFIA 펀드유형: 주식형 (근로자퇴직급여 보장법 시행규칙 제10조 제1항 제2호: 주식형 집합투자증권 위험자산 70% 한도),2026-09-05,PASS (공식 검증 완료)
139280,KR7139280002,TIGER 경기방어,미래에셋자산운용,주식-국내,가능,70% (위험자산),Y,높음,증권사·운용사교차검증,https://dis.kofia.or.kr/websquare/index.jsp?w2xPath=/wq/fundann/DISFundFeeCMS.xml&divisionId=MDIS01005001000000&serviceId=SDIS01005001000,data/regulatory/sources/kofia_evidence_extract_20260905.xml,E3,3way,미래에셋TIGER경기방어증권상장지수투자신탁(주식) / 펀드유형: 주식형 / 표준코드: KR5225A18109 / 기준일: 20110405,MOEL_WRBA_RULE_ART10_1_2,근로자퇴직급여 보장법 시행규칙 제10조 제1항 제2호 (위험자산의 범위 및 운용기준 (DC 및 IRP 위험자산 투자한도 70%)),ED_WRBA_ART26_1_2,공식 출처 대조 (증권사·운용사교차검증),KOFIA 펀드유형: 주식형 (근로자퇴직급여 보장법 시행규칙 제10조 제1항 제2호: 주식형 집합투자증권 위험자산 70% 한도),2026-09-05,PASS (공식 검증 완료)
139290,KR7139290001,TIGER 200 경기소비재,미래에셋자산운용,주식-국내,가능,70% (위험자산),Y,높음,증권사·운용사교차검증,https://dis.kofia.or.kr/websquare/index.jsp?w2xPath=/wq/fundann/DISFundFeeCMS.xml&divisionId=MDIS01005001000000&serviceId=SDIS01005001000,data/regulatory/sources/kofia_evidence_extract_20260905.xml,E3,3way,미래에셋TIGER200경기소비재증권상장지수투자신탁(주식) / 펀드유형: 주식형 / 표준코드: KR5225A18026 / 기준일: 20110405,MOEL_WRBA_RULE_ART10_1_2,근로자퇴직급여 보장법 시행규칙 제10조 제1항 제2호 (위험자산의 범위 및 운용기준 (DC 및 IRP 위험자산 투자한도 70%)),ED_WRBA_ART26_1_2,공식 출처 대조 (증권사·운용사교차검증),KOFIA 펀드유형: 주식형 (근로자퇴직급여 보장법 시행규칙 제10조 제1항 제2호: 주식형 집합투자증권 위험자산 70% 한도),2026-09-05,PASS (공식 검증 완료)
139320,KR7139320006,TIGER 금은선물(H),미래에셋자산운용,주식-해외,불가,불가,Y,높음,증권사목록대조,https://securities.koreainvestment.com/pension/nwEtcinfo/Notice.jsp?cmd=A_NW_33030View&num=47520,data/regulatory/sources/brokers/koreainvestment/ETF_REITs_LIST_RP_260831.xlsx; data/regulatory/sources/brokers/koreainvestment/kis_etf_ticker_universe_20260831.txt,E4,2way,"한국투자증권 퇴직연금 ETF 상품 현황(2026-08-31 기준) 2행: ★매매불가: 레버리지/인버스/파생형/해외상장ETF / 해당 종목코드(139320 TIGER 금은선물(H)) 퇴직연금 매매가능 유니버스 1,021종목 전수 대조 결과 미수록(부재) 확인",PSR_ART9_1_2,퇴직연금감독규정 제9조 제1항 제2호 마목 (증권 및 기타 적립금 운용방법의 종류 등 (1배수 상장지수집합투자기구 파생위험평가액 100% 한도 허용)),FSC_FIBA_REG_ART4_54,판매사 퇴직연금 매매 불가 유니버스 대조 및 퇴직연금감독규정 제9조 (위험평가액 40% 초과 배제),"한국투자증권 엑셀 2행 '★매매불가: 레버리지/인버스/파생형/해외상장ETF' 및 1,021종목 유니버스 전수 대조 미수록(부재) 근거 편입 불가 확정",2026-09-06,PASS (공식 검증 완료)
139660,KR7139660005,KIWOOM 미국달러선물인버스,키움투자자산운용,주식-해외,불가,불가,Y,보통,법령조건직접판정,https://www.law.go.kr/LSW//admRulInfoP.do?admRulSeq=2100000244795&chrClsCd=010201,data/regulatory/sources/statutes/퇴직연금감독규정_20260905.txt,RULE_NAME,1way,퇴직연금감독규정 제9조 제1항 제2호 마목: 상장지수집합투자기구가 목표로 하는 지수의 변화에 1배를 초과하거나 음의 배율로 연동하여 운용하는 것은 제외한다,PSR_ART9_1_2,퇴직연금감독규정 제9조 제1항 제2호 마목 (증권 및 기타 적립금 운용방법의 종류 등 (1배수 상장지수집합투자기구 파생위험평가액 100% 한도 허용)),,퇴직연금감독규정 제9조 제1항 제2호 마목 단서 (1배 초과 또는 음의 배율 연동 배제),명칭 기반 배수 식별 및 퇴직연금감독규정 제9조 제1항 제2호 마목 단서 적용,2026-09-05,PASS (공식 검증 완료)
140570,KR7140570003,RISE 수출주,KB자산운용,주식-국내,가능,70% (위험자산),Y,높음,증권사·운용사교차검증,https://dis.kofia.or.kr/websquare/index.jsp?w2xPath=/wq/fundann/DISFundFeeCMS.xml&divisionId=MDIS01005001000000&serviceId=SDIS01005001000,data/regulatory/sources/kofia_evidence_extract_20260905.xml,E3,3way,KBRISE수출주증권상장지수투자신탁(주식) / 펀드유형: 주식형 / 표준코드: KR5223A20043 / 기준일: 20110414,MOEL_WRBA_RULE_ART10_1_2,근로자퇴직급여 보장법 시행규칙 제10조 제1항 제2호 (위험자산의 범위 및 운용기준 (DC 및 IRP 위험자산 투자한도 70%)),ED_WRBA_ART26_1_2,공식 출처 대조 (증권사·운용사교차검증),KOFIA 펀드유형: 주식형 (근로자퇴직급여 보장법 시행규칙 제10조 제1항 제2호: 주식형 집합투자증권 위험자산 70% 한도),2026-09-05,PASS (공식 검증 완료)
140580,KR7140580002,RISE 우량업종대표주,KB자산운용,주식-국내,가능,70% (위험자산),Y,높음,증권사·운용사교차검증,https://dis.kofia.or.kr/websquare/index.jsp?w2xPath=/wq/fundann/DISFundFeeCMS.xml&divisionId=MDIS01005001000000&serviceId=SDIS01005001000,data/regulatory/sources/kofia_evidence_extract_20260905.xml,E3,3way,KBRISE우량업종대표주증권상장지수투자신탁(주식) / 펀드유형: 주식형 / 표준코드: KR5223A20027 / 기준일: 20110414,MOEL_WRBA_RULE_ART10_1_2,근로자퇴직급여 보장법 시행규칙 제10조 제1항 제2호 (위험자산의 범위 및 운용기준 (DC 및 IRP 위험자산 투자한도 70%)),ED_WRBA_ART26_1_2,공식 출처 대조 (증권사·운용사교차검증),KOFIA 펀드유형: 주식형 (근로자퇴직급여 보장법 시행규칙 제10조 제1항 제2호: 주식형 집합투자증권 위험자산 70% 한도),2026-09-05,PASS (공식 검증 완료)
140700,KR7140700006,KODEX 보험,삼성자산운용,주식-국내,가능,70% (위험자산),Y,높음,증권사·운용사교차검증,https://dis.kofia.or.kr/websquare/index.jsp?w2xPath=/wq/fundann/DISFundFeeCMS.xml&divisionId=MDIS01005001000000&serviceId=SDIS01005001000,data/regulatory/sources/kofia_evidence_extract_20260905.xml,E3,3way,삼성KODEX보험증권상장지수투자신탁[주식] / 펀드유형: 주식형 / 표준코드: KR5105A23640 / 기준일: 20110425,MOEL_WRBA_RULE_ART10_1_2,근로자퇴직급여 보장법 시행규칙 제10조 제1항 제2호 (위험자산의 범위 및 운용기준 (DC 및 IRP 위험자산 투자한도 70%)),ED_WRBA_ART26_1_2,공식 출처 대조 (증권사·운용사교차검증),KOFIA 펀드유형: 주식형 (근로자퇴직급여 보장법 시행규칙 제10조 제1항 제2호: 주식형 집합투자증권 위험자산 70% 한도),2026-09-05,PASS (공식 검증 완료)
140710,KR7140710005,KODEX 운송,삼성자산운용,주식-국내,가능,70% (위험자산),Y,높음,증권사·운용사교차검증,https://dis.kofia.or.kr/websquare/index.jsp?w2xPath=/wq/fundann/DISFundFeeCMS.xml&divisionId=MDIS01005001000000&serviceId=SDIS01005001000,data/regulatory/sources/kofia_evidence_extract_20260905.xml,E3,3way,삼성KODEX운송증권상장지수투자신탁[주식] / 펀드유형: 주식형 / 표준코드: KR5105A23632 / 기준일: 20110425,MOEL_WRBA_RULE_ART10_1_2,근로자퇴직급여 보장법 시행규칙 제10조 제1항 제2호 (위험자산의 범위 및 운용기준 (DC 및 IRP 위험자산 투자한도 70%)),ED_WRBA_ART26_1_2,공식 출처 대조 (증권사·운용사교차검증),KOFIA 펀드유형: 주식형 (근로자퇴직급여 보장법 시행규칙 제10조 제1항 제2호: 주식형 집합투자증권 위험자산 70% 한도),2026-09-05,PASS (공식 검증 완료)
140950,KR7140950007,파워 코스피100,교보악사자산운용,주식-국내,가능,70% (위험자산),Y,높음,협회공시대조,https://dis.kofia.or.kr/websquare/index.jsp?w2xPath=/wq/fundann/DISFundFeeCMS.xml&divisionId=MDIS01005001000000&serviceId=SDIS01005001000,data/regulatory/sources/kofia_evidence_extract_20260905.xml,E3,1way,파워 코스피100 / 펀드유형: 주식형 / 기준일: 20260905,MOEL_WRBA_RULE_ART10_1_2,근로자퇴직급여 보장법 시행규칙 제10조 제1항 제2호 (위험자산의 범위 및 운용기준 (DC 및 IRP 위험자산 투자한도 70%)),ED_WRBA_ART26_1_2,금융투자협회 전자공시서비스(DIS) 표준 펀드유형 '주식형' XML 전수 대조 (시행규칙 제10조제1항제2호 한도 70%),KOFIA 펀드유형: 주식형 (근로자퇴직급여 보장법 시행규칙 제10조 제1항 제2호: 주식형 집합투자증권 위험자산 70% 한도),2026-09-05,PASS (공식 검증 완료)
143850,KR7143850006,TIGER 미국S&P500선물(H),미래에셋자산운용,주식-해외,불가,불가,Y,높음,증권사목록대조,https://securities.koreainvestment.com/pension/nwEtcinfo/Notice.jsp?cmd=A_NW_33030View&num=47520,data/regulatory/sources/brokers/koreainvestment/ETF_REITs_LIST_RP_260831.xlsx; data/regulatory/sources/brokers/koreainvestment/kis_etf_ticker_universe_20260831.txt,E4,2way,"한국투자증권 퇴직연금 ETF 상품 현황(2026-08-31 기준) 2행: ★매매불가: 레버리지/인버스/파생형/해외상장ETF / 해당 종목코드(143850 TIGER 미국S&P500선물(H)) 퇴직연금 매매가능 유니버스 1,021종목 전수 대조 결과 미수록(부재) 확인",PSR_ART9_1_2,퇴직연금감독규정 제9조 제1항 제2호 마목 (증권 및 기타 적립금 운용방법의 종류 등 (1배수 상장지수집합투자기구 파생위험평가액 100% 한도 허용)),FSC_FIBA_REG_ART4_54,판매사 퇴직연금 매매 불가 유니버스 대조 및 퇴직연금감독규정 제9조 (위험평가액 40% 초과 배제),"한국투자증권 엑셀 2행 '★매매불가: 레버리지/인버스/파생형/해외상장ETF' 및 1,021종목 유니버스 전수 대조 미수록(부재) 근거 편입 불가 확정",2026-09-06,PASS (공식 검증 완료)
143860,KR7143860005,TIGER 헬스케어,미래에셋자산운용,주식-국내,가능,70% (위험자산),Y,높음,증권사·운용사교차검증,https://dis.kofia.or.kr/websquare/index.jsp?w2xPath=/wq/fundann/DISFundFeeCMS.xml&divisionId=MDIS01005001000000&serviceId=SDIS01005001000,data/regulatory/sources/kofia_evidence_extract_20260905.xml,E3,3way,미래에셋TIGER헬스케어증권상장지수투자신탁(주식) / 펀드유형: 주식형 / 표준코드: KR5225A46670 / 기준일: 20110715,MOEL_WRBA_RULE_ART10_1_2,근로자퇴직급여 보장법 시행규칙 제10조 제1항 제2호 (위험자산의 범위 및 운용기준 (DC 및 IRP 위험자산 투자한도 70%)),ED_WRBA_ART26_1_2,공식 출처 대조 (증권사·운용사교차검증),KOFIA 펀드유형: 주식형 (근로자퇴직급여 보장법 시행규칙 제10조 제1항 제2호: 주식형 집합투자증권 위험자산 70% 한도),2026-09-05,PASS (공식 검증 완료)
144600,KR7144600004,KODEX 은선물(H),삼성자산운용,원자재,불가,불가,Y,높음,증권사목록대조,https://securities.koreainvestment.com/pension/nwEtcinfo/Notice.jsp?cmd=A_NW_33030View&num=47520,data/regulatory/sources/brokers/koreainvestment/ETF_REITs_LIST_RP_260831.xlsx; data/regulatory/sources/brokers/koreainvestment/kis_etf_ticker_universe_20260831.txt,E4,2way,"한국투자증권 퇴직연금 ETF 상품 현황(2026-08-31 기준) 2행: ★매매불가: 레버리지/인버스/파생형/해외상장ETF / 해당 종목코드(144600 KODEX 은선물(H)) 퇴직연금 매매가능 유니버스 1,021종목 전수 대조 결과 미수록(부재) 확인",PSR_ART9_1_2,퇴직연금감독규정 제9조 제1항 제2호 마목 (증권 및 기타 적립금 운용방법의 종류 등 (1배수 상장지수집합투자기구 파생위험평가액 100% 한도 허용)),FSC_FIBA_REG_ART4_54,판매사 퇴직연금 매매 불가 유니버스 대조 및 퇴직연금감독규정 제9조 (위험평가액 40% 초과 배제),"한국투자증권 엑셀 2행 '★매매불가: 레버리지/인버스/파생형/해외상장ETF' 및 1,021종목 유니버스 전수 대조 미수록(부재) 근거 편입 불가 확정",2026-09-06,PASS (공식 검증 완료)
145670,KR7145670006,ACE 인버스,한국투자신탁운용,주식-국내,불가,불가,Y,보통,법령조건직접판정,https://www.law.go.kr/LSW//admRulInfoP.do?admRulSeq=2100000244795&chrClsCd=010201,data/regulatory/sources/statutes/퇴직연금감독규정_20260905.txt,RULE_NAME,1way,퇴직연금감독규정 제9조 제1항 제2호 마목: 상장지수집합투자기구가 목표로 하는 지수의 변화에 1배를 초과하거나 음의 배율로 연동하여 운용하는 것은 제외한다,PSR_ART9_1_2,퇴직연금감독규정 제9조 제1항 제2호 마목 (증권 및 기타 적립금 운용방법의 종류 등 (1배수 상장지수집합투자기구 파생위험평가액 100% 한도 허용)),,퇴직연금감독규정 제9조 제1항 제2호 마목 단서 (1배 초과 또는 음의 배율 연동 배제),명칭 기반 배수 식별 및 퇴직연금감독규정 제9조 제1항 제2호 마목 단서 적용,2026-09-05,PASS (공식 검증 완료)
145850,KR7145850004,TREX 펀더멘탈 200,기타,주식-국내,가능,70% (위험자산),Y,높음,협회공시대조,https://dis.kofia.or.kr/websquare/index.jsp?w2xPath=/wq/fundann/DISFundFeeCMS.xml&divisionId=MDIS01005001000000&serviceId=SDIS01005001000,data/regulatory/sources/kofia_evidence_extract_20260905.xml,E3,1way,유리TREX펀더멘탈200증권상장지수투자신탁[주식] / 펀드유형: 주식형 / 표준코드: KR5307A60883 / 기준일: 20110922,MOEL_WRBA_RULE_ART10_1_2,근로자퇴직급여 보장법 시행규칙 제10조 제1항 제2호 (위험자산의 범위 및 운용기준 (DC 및 IRP 위험자산 투자한도 70%)),ED_WRBA_ART26_1_2,금융투자협회 전자공시서비스(DIS) 표준 펀드유형 '주식형' XML 전수 대조 (시행규칙 제10조제1항제2호 한도 70%),KOFIA 펀드유형: 주식형 (근로자퇴직급여 보장법 시행규칙 제10조 제1항 제2호: 주식형 집합투자증권 위험자산 70% 한도),2026-09-05,PASS (공식 검증 완료)
147970,KR7147970008,TIGER 모멘텀,미래에셋자산운용,주식-국내,가능,70% (위험자산),Y,높음,증권사·운용사교차검증,https://dis.kofia.or.kr/websquare/index.jsp?w2xPath=/wq/fundann/DISFundFeeCMS.xml&divisionId=MDIS01005001000000&serviceId=SDIS01005001000,data/regulatory/sources/kofia_evidence_extract_20260905.xml,E3,3way,미래에셋TIGER모멘텀증권상장지수투자신탁[주식] / 펀드유형: 주식형 / 표준코드: KR5225A65191 / 기준일: 20111025,MOEL_WRBA_RULE_ART10_1_2,근로자퇴직급여 보장법 시행규칙 제10조 제1항 제2호 (위험자산의 범위 및 운용기준 (DC 및 IRP 위험자산 투자한도 70%)),ED_WRBA_ART26_1_2,공식 출처 대조 (증권사·운용사교차검증),KOFIA 펀드유형: 주식형 (근로자퇴직급여 보장법 시행규칙 제10조 제1항 제2호: 주식형 집합투자증권 위험자산 70% 한도),2026-09-05,PASS (공식 검증 완료)
148020,KR7148020001,RISE 200,KB자산운용,주식-국내,가능,70% (위험자산),Y,높음,증권사·운용사교차검증,https://dis.kofia.or.kr/websquare/index.jsp?w2xPath=/wq/fundann/DISFundFeeCMS.xml&divisionId=MDIS01005001000000&serviceId=SDIS01005001000,data/regulatory/sources/kofia_evidence_extract_20260905.xml,E3,3way,KBRISE200증권상장지수투자신탁(주식) / 펀드유형: 주식형 / 표준코드: KR5223A66905 / 기준일: 20111019,MOEL_WRBA_RULE_ART10_1_2,근로자퇴직급여 보장법 시행규칙 제10조 제1항 제2호 (위험자산의 범위 및 운용기준 (DC 및 IRP 위험자산 투자한도 70%)),ED_WRBA_ART26_1_2,공식 출처 대조 (증권사·운용사교차검증),KOFIA 펀드유형: 주식형 (근로자퇴직급여 보장법 시행규칙 제10조 제1항 제2호: 주식형 집합투자증권 위험자산 70% 한도),2026-09-05,PASS (공식 검증 완료)
148070,KR7148070006,KIWOOM 국고채10년,키움투자자산운용,채권,가능,100% (안전자산),Y,높음,협회공시대조,https://dis.kofia.or.kr/websquare/index.jsp?w2xPath=/wq/fundann/DISFundFeeCMS.xml&divisionId=MDIS01005001000000&serviceId=SDIS01005001000,data/regulatory/sources/kofia_evidence_extract_20260905.xml,E3,1way,한국투자ACE국고채10년증권상장지수투자신탁(채권) / 펀드유형: 채권형 / 표준코드: K55101D95314 / 기준일: 20201013,PSR_ART11_1_4,퇴직연금감독규정 제11조 제1항 제4호 (적립금 운용방법 등 (원리금보장 및 채권형 등 100% 안전자산)),,금융투자협회 전자공시서비스(DIS) 표준 펀드유형 '채권형' XML 전수 대조,KOFIA 펀드유형: 채권형 (퇴직연금감독규정 제11조 제1항 제4호: 원리금보장 및 채권형 안전자산 (100% 편입 가능)),2026-09-05,PASS (공식 검증 완료)
150460,KR7150460004,TIGER 중국소비테마,미래에셋자산운용,주식-해외,가능,70% (위험자산),Y,높음,증권사·운용사교차검증,https://dis.kofia.or.kr/websquare/index.jsp?w2xPath=/wq/fundann/DISFundFeeCMS.xml&divisionId=MDIS01005001000000&serviceId=SDIS01005001000,data/regulatory/sources/kofia_evidence_extract_20260905.xml,E3,3way,미래에셋TIGER중국소비테마증권상장지수투자신탁[주식] / 펀드유형: 주식형 / 표준코드: KR5225A75083 / 기준일: 20111215,MOEL_WRBA_RULE_ART10_1_2,근로자퇴직급여 보장법 시행규칙 제10조 제1항 제2호 (위험자산의 범위 및 운용기준 (DC 및 IRP 위험자산 투자한도 70%)),ED_WRBA_ART26_1_2,공식 출처 대조 (증권사·운용사교차검증),KOFIA 펀드유형: 주식형 (근로자퇴직급여 보장법 시행규칙 제10조 제1항 제2호: 주식형 집합투자증권 위험자산 70% 한도),2026-09-05,PASS (공식 검증 완료)
152100,KR7152100004,PLUS 200,한화자산운용,주식-국내,가능,70% (위험자산),Y,높음,증권사·운용사교차검증,https://dis.kofia.or.kr/websquare/index.jsp?w2xPath=/wq/fundann/DISFundFeeCMS.xml&divisionId=MDIS01005001000000&serviceId=SDIS01005001000,data/regulatory/sources/kofia_evidence_extract_20260905.xml,E3,3way,한화PLUS200증권상장지수투자신탁(주식) / 펀드유형: 주식형 / 표준코드: KR5213A73001 / 기준일: 20120109,MOEL_WRBA_RULE_ART10_1_2,근로자퇴직급여 보장법 시행규칙 제10조 제1항 제2호 (위험자산의 범위 및 운용기준 (DC 및 IRP 위험자산 투자한도 70%)),ED_WRBA_ART26_1_2,공식 출처 대조 (증권사·운용사교차검증),KOFIA 펀드유형: 주식형 (근로자퇴직급여 보장법 시행규칙 제10조 제1항 제2호: 주식형 집합투자증권 위험자산 70% 한도),2026-09-05,PASS (공식 검증 완료)
152380,KR7152380002,KODEX 국채선물10년,삼성자산운용,채권,불가,불가,Y,높음,증권사목록대조,https://securities.koreainvestment.com/pension/nwEtcinfo/Notice.jsp?cmd=A_NW_33030View&num=47520,data/regulatory/sources/brokers/koreainvestment/ETF_REITs_LIST_RP_260831.xlsx; data/regulatory/sources/brokers/koreainvestment/kis_etf_ticker_universe_20260831.txt,E4,2way,"한국투자증권 퇴직연금 ETF 상품 현황(2026-08-31 기준) 2행: ★매매불가: 레버리지/인버스/파생형/해외상장ETF / 해당 종목코드(152380 KODEX 국채선물10년) 퇴직연금 매매가능 유니버스 1,021종목 전수 대조 결과 미수록(부재) 확인",PSR_ART9_1_2,퇴직연금감독규정 제9조 제1항 제2호 마목 (증권 및 기타 적립금 운용방법의 종류 등 (1배수 상장지수집합투자기구 파생위험평가액 100% 한도 허용)),FSC_FIBA_REG_ART4_54,판매사 퇴직연금 매매 불가 유니버스 대조 및 퇴직연금감독규정 제9조 (위험평가액 40% 초과 배제),"한국투자증권 엑셀 2행 '★매매불가: 레버리지/인버스/파생형/해외상장ETF' 및 1,021종목 유니버스 전수 대조 미수록(부재) 근거 편입 불가 확정",2026-09-06,PASS (공식 검증 완료)
152500,KR7152500005,ACE 레버리지,한국투자신탁운용,주식-국내,불가,불가,Y,보통,법령조건직접판정,https://www.law.go.kr/LSW//admRulInfoP.do?admRulSeq=2100000244795&chrClsCd=010201,data/regulatory/sources/statutes/퇴직연금감독규정_20260905.txt,RULE_NAME,1way,퇴직연금감독규정 제9조 제1항 제2호 마목: 상장지수집합투자기구가 목표로 하는 지수의 변화에 1배를 초과하거나 음의 배율로 연동하여 운용하는 것은 제외한다,PSR_ART9_1_2,퇴직연금감독규정 제9조 제1항 제2호 마목 (증권 및 기타 적립금 운용방법의 종류 등 (1배수 상장지수집합투자기구 파생위험평가액 100% 한도 허용)),,퇴직연금감독규정 제9조 제1항 제2호 마목 단서 (1배 초과 또는 음의 배율 연동 배제),명칭 기반 배수 식별 및 퇴직연금감독규정 제9조 제1항 제2호 마목 단서 적용,2026-09-05,PASS (공식 검증 완료)
152870,KR7152870002,파워 200,교보악사자산운용,주식-국내,가능,70% (위험자산),Y,높음,협회공시대조,https://dis.kofia.or.kr/websquare/index.jsp?w2xPath=/wq/fundann/DISFundFeeCMS.xml&divisionId=MDIS01005001000000&serviceId=SDIS01005001000,data/regulatory/sources/kofia_evidence_extract_20260905.xml,E3,1way,파워 200 / 펀드유형: 주식형 / 기준일: 20260905,MOEL_WRBA_RULE_ART10_1_2,근로자퇴직급여 보장법 시행규칙 제10조 제1항 제2호 (위험자산의 범위 및 운용기준 (DC 및 IRP 위험자산 투자한도 70%)),ED_WRBA_ART26_1_2,금융투자협회 전자공시서비스(DIS) 표준 펀드유형 '주식형' XML 전수 대조 (시행규칙 제10조제1항제2호 한도 70%),KOFIA 펀드유형: 주식형 (근로자퇴직급여 보장법 시행규칙 제10조 제1항 제2호: 주식형 집합투자증권 위험자산 70% 한도),2026-09-05,PASS (공식 검증 완료)
153130,KR7153130000,KODEX 단기채권,삼성자산운용,채권,가능,100% (안전자산),Y,높음,증권사·운용사교차검증,https://dis.kofia.or.kr/websquare/index.jsp?w2xPath=/wq/fundann/DISFundFeeCMS.xml&divisionId=MDIS01005001000000&serviceId=SDIS01005001000,data/regulatory/sources/kofia_evidence_extract_20260905.xml,E3,3way,삼성KODEX단기채권증권상장지수투자신탁[채권] / 펀드유형: 채권형 / 표준코드: KR5105A84337 / 기준일: 20120221,PSR_ART11_1_4,퇴직연금감독규정 제11조 제1항 제4호 (적립금 운용방법 등 (원리금보장 및 채권형 등 100% 안전자산)),,금융감독원 DART 투자설명서 대조 (증권사·운용사교차검증),KOFIA 펀드유형: 채권형 (퇴직연금감독규정 제11조 제1항 제4호: 원리금보장 및 채권형 안전자산 (100% 편입 가능)),2026-09-05,PASS (공식 검증 완료)
153270,KR7153270004,KIWOOM 코스피100,키움투자자산운용,주식-국내,가능,70% (위험자산),Y,높음,협회공시대조,https://dis.kofia.or.kr/websquare/index.jsp?w2xPath=/wq/fundann/DISFundFeeCMS.xml&divisionId=MDIS01005001000000&serviceId=SDIS01005001000,data/regulatory/sources/kofia_evidence_extract_20260905.xml,E3,1way,삼성KODEX코스피100증권상장지수투자신탁[주식] / 펀드유형: 주식형 / 표준코드: K55105B98537 / 기준일: 20160126,MOEL_WRBA_RULE_ART10_1_2,근로자퇴직급여 보장법 시행규칙 제10조 제1항 제2호 (위험자산의 범위 및 운용기준 (DC 및 IRP 위험자산 투자한도 70%)),ED_WRBA_ART26_1_2,금융투자협회 전자공시서비스(DIS) 표준 펀드유형 '주식형' XML 전수 대조 (시행규칙 제10조제1항제2호 한도 70%),KOFIA 펀드유형: 주식형 (근로자퇴직급여 보장법 시행규칙 제10조 제1항 제2호: 주식형 집합투자증권 위험자산 70% 한도),2026-09-05,PASS (공식 검증 완료)
156080,KR7156080004,KODEX MSCI Korea,삼성자산운용,주식-국내,가능,70% (위험자산),Y,높음,증권사·운용사교차검증,https://dis.kofia.or.kr/websquare/index.jsp?w2xPath=/wq/fundann/DISFundFeeCMS.xml&divisionId=MDIS01005001000000&serviceId=SDIS01005001000,data/regulatory/sources/kofia_evidence_extract_20260905.xml,E3,3way,삼성KODEX MSCI KOREA증권상장지수투자신탁[주식] / 펀드유형: 주식형 / 표준코드: KR5105AA2075 / 기준일: 20120427,MOEL_WRBA_RULE_ART10_1_2,근로자퇴직급여 보장법 시행규칙 제10조 제1항 제2호 (위험자산의 범위 및 운용기준 (DC 및 IRP 위험자산 투자한도 70%)),ED_WRBA_ART26_1_2,공식 출처 대조 (증권사·운용사교차검증),KOFIA 펀드유형: 주식형 (근로자퇴직급여 보장법 시행규칙 제10조 제1항 제2호: 주식형 집합투자증권 위험자산 70% 한도),2026-09-05,PASS (공식 검증 완료)
157450,KR7157450008,TIGER 단기통안채,미래에셋자산운용,금리·파킹,가능,100% (안전자산),Y,높음,증권사·운용사교차검증,https://dis.kofia.or.kr/websquare/index.jsp?w2xPath=/wq/fundann/DISFundFeeCMS.xml&divisionId=MDIS01005001000000&serviceId=SDIS01005001000,data/regulatory/sources/kofia_evidence_extract_20260905.xml,E3,3way,미래에셋TIGER단기통안채증권상장지수투자신탁(채권) / 펀드유형: 채권형 / 표준코드: KR5301AA4834 / 기준일: 20120515,PSR_ART11_1_5,퇴직연금감독규정 제11조 제1항 제5호 (적립금 운용방법 등 (주식 50% 미만 채권혼합형 100% 안전자산)),PSR_ART9_1_2,금융감독원 DART 투자설명서 1배수 파생평가액 한도 및 주식한도 대조 (증권사·운용사교차검증),KOFIA 펀드유형: 채권형 (퇴직연금감독규정 제11조 제1항 제4호: 원리금보장 및 채권형 안전자산 (100% 편입 가능)),2026-09-05,PASS (공식 검증 완료)
157490,KR7157490004,TIGER 소프트웨어,미래에셋자산운용,주식-국내,가능,70% (위험자산),Y,높음,증권사·운용사교차검증,https://dis.kofia.or.kr/websquare/index.jsp?w2xPath=/wq/fundann/DISFundFeeCMS.xml&divisionId=MDIS01005001000000&serviceId=SDIS01005001000,data/regulatory/sources/kofia_evidence_extract_20260905.xml,E3,3way,미래에셋TIGER소프트웨어증권상장지수투자신탁(주식) / 펀드유형: 주식형 / 표준코드: KR5301AA1269 / 기준일: 20120515,MOEL_WRBA_RULE_ART10_1_2,근로자퇴직급여 보장법 시행규칙 제10조 제1항 제2호 (위험자산의 범위 및 운용기준 (DC 및 IRP 위험자산 투자한도 70%)),ED_WRBA_ART26_1_2,공식 출처 대조 (증권사·운용사교차검증),KOFIA 펀드유형: 주식형 (근로자퇴직급여 보장법 시행규칙 제10조 제1항 제2호: 주식형 집합투자증권 위험자산 70% 한도),2026-09-05,PASS (공식 검증 완료)
157500,KR7157500000,TIGER 증권,미래에셋자산운용,주식-국내,가능,70% (위험자산),Y,높음,증권사·운용사교차검증,https://dis.kofia.or.kr/websquare/index.jsp?w2xPath=/wq/fundann/DISFundFeeCMS.xml&divisionId=MDIS01005001000000&serviceId=SDIS01005001000,data/regulatory/sources/kofia_evidence_extract_20260905.xml,E3,3way,미래에셋TIGER증권증권상장지수투자신탁(주식) / 펀드유형: 주식형 / 표준코드: KR5301AA1251 / 기준일: 20120515,MOEL_WRBA_RULE_ART10_1_2,근로자퇴직급여 보장법 시행규칙 제10조 제1항 제2호 (위험자산의 범위 및 운용기준 (DC 및 IRP 위험자산 투자한도 70%)),ED_WRBA_ART26_1_2,공식 출처 대조 (증권사·운용사교차검증),KOFIA 펀드유형: 주식형 (근로자퇴직급여 보장법 시행규칙 제10조 제1항 제2호: 주식형 집합투자증권 위험자산 70% 한도),2026-09-05,PASS (공식 검증 완료)
159800,KR7159800002,마이티 코스피100,현대자산운용,주식-국내,가능,70% (위험자산),Y,높음,협회공시대조,https://dis.kofia.or.kr/websquare/index.jsp?w2xPath=/wq/fundann/DISFundFeeCMS.xml&divisionId=MDIS01005001000000&serviceId=SDIS01005001000,data/regulatory/sources/kofia_evidence_extract_20260905.xml,E3,1way,마이티 코스피100 / 펀드유형: 주식형 / 기준일: 20260905,MOEL_WRBA_RULE_ART10_1_2,근로자퇴직급여 보장법 시행규칙 제10조 제1항 제2호 (위험자산의 범위 및 운용기준 (DC 및 IRP 위험자산 투자한도 70%)),ED_WRBA_ART26_1_2,금융투자협회 전자공시서비스(DIS) 표준 펀드유형 '주식형' XML 전수 대조 (시행규칙 제10조제1항제2호 한도 70%),KOFIA 펀드유형: 주식형 (근로자퇴직급여 보장법 시행규칙 제10조 제1항 제2호: 주식형 집합투자증권 위험자산 70% 한도),2026-09-05,PASS (공식 검증 완료)
160580,KR7160580007,TIGER 구리실물,미래에셋자산운용,원자재,가능,70% (위험자산),Y,높음,증권사·운용사교차검증,https://dis.kofia.or.kr/websquare/index.jsp?w2xPath=/wq/fundann/DISFundFeeCMS.xml&divisionId=MDIS01005001000000&serviceId=SDIS01005001000,data/regulatory/sources/kofia_evidence_extract_20260905.xml,E3,3way,TIGER 구리실물 / 펀드유형: 특별자산 / 기준일: 20260905,MOEL_WRBA_RULE_ART10_1_2,근로자퇴직급여 보장법 시행규칙 제10조 제1항 제2호 (위험자산의 범위 및 운용기준 (DC 및 IRP 위험자산 투자한도 70%)),ED_WRBA_ART26_1_2,공식 출처 대조 (증권사·운용사교차검증),KOFIA 펀드유형: 특별자산 (근로자퇴직급여 보장법 시행규칙 제10조 제1항 제2호: 실물 특별자산 집합투자증권 위험자산 70% 한도),2026-09-05,PASS (공식 검증 완료)
161510,KR7161510003,PLUS 고배당주,한화자산운용,주식-국내,가능,70% (위험자산),Y,높음,증권사·운용사교차검증,https://dis.kofia.or.kr/websquare/index.jsp?w2xPath=/wq/fundann/DISFundFeeCMS.xml&divisionId=MDIS01005001000000&serviceId=SDIS01005001000,data/regulatory/sources/kofia_evidence_extract_20260905.xml,E3,3way,한화PLUS고배당주증권상장지수투자신탁(주식) / 펀드유형: 주식형 / 표준코드: KR5213AC3237 / 기준일: 20120828,MOEL_WRBA_RULE_ART10_1_2,근로자퇴직급여 보장법 시행규칙 제10조 제1항 제2호 (위험자산의 범위 및 운용기준 (DC 및 IRP 위험자산 투자한도 70%)),ED_WRBA_ART26_1_2,공식 출처 대조 (증권사·운용사교차검증),KOFIA 펀드유형: 주식형 (근로자퇴직급여 보장법 시행규칙 제10조 제1항 제2호: 주식형 집합투자증권 위험자산 70% 한도),2026-09-05,PASS (공식 검증 완료)
166400,KR7166400002,TIGER 200커버드콜OTM,미래에셋자산운용,주식-국내,가능,70% (위험자산),Y,높음,증권사·운용사교차검증,https://securities.koreainvestment.com/pension/nwEtcinfo/Notice.jsp?cmd=A_NW_33030View&num=47520,data/regulatory/sources/brokers/koreainvestment/ETF_REITs_LIST_RP_260831.xlsx,E4,3way,미래에셋자산운용 TIGER 공시 [KR7166400002 / TIGER 200 커버드콜OTM / 퇴직연금 70%] & 한국투자증권 공시 [166400 / TIGER 200커버드콜OTM / 위험자산한도: 0.7],MOEL_WRBA_RULE_ART10_1_2,근로자퇴직급여 보장법 시행규칙 제10조 제1항 제2호 (위험자산의 범위 및 운용기준 (DC 및 IRP 위험자산 투자한도 70%)),ED_WRBA_ART26_1_2,공식 출처 대조 (증권사·운용사교차검증),미래에셋자산운용 TIGER 공시 [KR7166400002 / 퇴직연금 70%] 및 한국투자증권 공시 [단축코드: 166400 / 위험자산한도: 0.7] 100% 교차 일치,2026-09-06,PASS (공식 검증 완료)
167860,KR7167860006,KIWOOM 국고채10년레버리지,키움투자자산운용,채권,불가,불가,Y,보통,법령조건직접판정,https://www.law.go.kr/LSW//admRulInfoP.do?admRulSeq=2100000244795&chrClsCd=010201,data/regulatory/sources/statutes/퇴직연금감독규정_20260905.txt,RULE_NAME,1way,퇴직연금감독규정 제9조 제1항 제2호 마목: 상장지수집합투자기구가 목표로 하는 지수의 변화에 1배를 초과하거나 음의 배율로 연동하여 운용하는 것은 제외한다,PSR_ART9_1_2,퇴직연금감독규정 제9조 제1항 제2호 마목 (증권 및 기타 적립금 운용방법의 종류 등 (1배수 상장지수집합투자기구 파생위험평가액 100% 한도 허용)),,퇴직연금감독규정 제9조 제1항 제2호 마목 단서 (1배 초과 또는 음의 배율 연동 배제),명칭 기반 배수 식별 및 퇴직연금감독규정 제9조 제1항 제2호 마목 단서 적용,2026-09-05,PASS (공식 검증 완료)
168580,KR7168580009,ACE 중국본토CSI300,한국투자신탁운용,주식-해외,가능,70% (위험자산),Y,높음,증권사·운용사교차검증,https://securities.koreainvestment.com/pension/nwEtcinfo/Notice.jsp?cmd=A_NW_33030View&num=47520,data/regulatory/sources/brokers/koreainvestment/ETF_REITs_LIST_RP_260831.xlsx,E4,3way,한국투자증권 퇴직연금 ETF 상품 현황(2026-08-31 기준) / ACE 중국본토CSI300 / 168580 / 한국 / 퇴직연금 투자한도 0.7,MOEL_WRBA_RULE_ART10_1_2,근로자퇴직급여 보장법 시행규칙 제10조 제1항 제2호 (위험자산의 범위 및 운용기준 (DC 및 IRP 위험자산 투자한도 70%)),ED_WRBA_ART26_1_2,공식 출처 대조 (증권사·운용사교차검증),한국투자증권 퇴직연금 ETF 상품 현황(2026-08-31 기준) 위험자산한도 0.7 대조 및 규제엔진 2자 합치 일치,2026-09-06,PASS (공식 검증 완료)
169950,KR7169950003,KODEX 차이나A50,삼성자산운용,주식-해외,가능,70% (위험자산),Y,높음,증권사·운용사교차검증,https://securities.koreainvestment.com/pension/nwEtcinfo/Notice.jsp?cmd=A_NW_33030View&num=47520,data/regulatory/sources/brokers/koreainvestment/ETF_REITs_LIST_RP_260831.xlsx,E4,3way,삼성자산운용 KODEX 공시 [169950 / KODEX 차이나A50 / ivPsbReti: 70%] & 한국투자증권 공시 [169950 / KODEX 차이나A50 / 위험자산한도: 0.7],MOEL_WRBA_RULE_ART10_1_2,근로자퇴직급여 보장법 시행규칙 제10조 제1항 제2호 (위험자산의 범위 및 운용기준 (DC 및 IRP 위험자산 투자한도 70%)),ED_WRBA_ART26_1_2,공식 출처 대조 (증권사·운용사교차검증),삼성자산운용 KODEX 연금투자 공시 [stkTicker: 169950 / ivPsbReti: 70%] 및 한국투자증권 공시 [단축코드: 169950 / 위험자산한도: 0.7] 100% 교차 일치,2026-09-06,PASS (공식 검증 완료)
174350,KR7174350009,TIGER 로우볼,미래에셋자산운용,주식-국내,가능,70% (위험자산),Y,높음,증권사·운용사교차검증,https://dis.kofia.or.kr/websquare/index.jsp?w2xPath=/wq/fundann/DISFundFeeCMS.xml&divisionId=MDIS01005001000000&serviceId=SDIS01005001000,data/regulatory/sources/kofia_evidence_extract_20260905.xml,E3,3way,미래에셋TIGER로우볼증권상장지수투자신탁(주식) / 펀드유형: 주식형 / 표준코드: KR5301AH8119 / 기준일: 20130619,MOEL_WRBA_RULE_ART10_1_2,근로자퇴직급여 보장법 시행규칙 제10조 제1항 제2호 (위험자산의 범위 및 운용기준 (DC 및 IRP 위험자산 투자한도 70%)),ED_WRBA_ART26_1_2,공식 출처 대조 (증권사·운용사교차검증),KOFIA 펀드유형: 주식형 (근로자퇴직급여 보장법 시행규칙 제10조 제1항 제2호: 주식형 집합투자증권 위험자산 70% 한도),2026-09-05,PASS (공식 검증 완료)
174360,KR7174360008,RISE 중국본토대형주CSI100,KB자산운용,주식-해외,가능,70% (위험자산),Y,높음,증권사·운용사교차검증,https://dis.kofia.or.kr/websquare/index.jsp?w2xPath=/wq/fundann/DISFundFeeCMS.xml&divisionId=MDIS01005001000000&serviceId=SDIS01005001000,data/regulatory/sources/kofia_evidence_extract_20260905.xml,E3,3way,KBRISE중국본토대형주CSI100증권상장지수자투자신탁(주식) / 펀드유형: 주식형 / 표준코드: KR5223AI2538 / 기준일: 20130529,MOEL_WRBA_RULE_ART10_1_2,근로자퇴직급여 보장법 시행규칙 제10조 제1항 제2호 (위험자산의 범위 및 운용기준 (DC 및 IRP 위험자산 투자한도 70%)),ED_WRBA_ART26_1_2,공식 출처 대조 (증권사·운용사교차검증),KOFIA 펀드유형: 주식형 (근로자퇴직급여 보장법 시행규칙 제10조 제1항 제2호: 주식형 집합투자증권 위험자산 70% 한도),2026-09-05,PASS (공식 검증 완료)
176950,KR7176950004,KODEX 국채선물10년인버스,삼성자산운용,채권,불가,불가,Y,보통,법령조건직접판정,https://www.law.go.kr/LSW//admRulInfoP.do?admRulSeq=2100000244795&chrClsCd=010201,data/regulatory/sources/statutes/퇴직연금감독규정_20260905.txt,RULE_NAME,1way,퇴직연금감독규정 제9조 제1항 제2호 마목: 상장지수집합투자기구가 목표로 하는 지수의 변화에 1배를 초과하거나 음의 배율로 연동하여 운용하는 것은 제외한다,PSR_ART9_1_2,퇴직연금감독규정 제9조 제1항 제2호 마목 (증권 및 기타 적립금 운용방법의 종류 등 (1배수 상장지수집합투자기구 파생위험평가액 100% 한도 허용)),,퇴직연금감독규정 제9조 제1항 제2호 마목 단서 (1배 초과 또는 음의 배율 연동 배제),명칭 기반 배수 식별 및 퇴직연금감독규정 제9조 제1항 제2호 마목 단서 적용,2026-09-05,PASS (공식 검증 완료)
181480,KR7181480005,ACE 미국부동산리츠(합성 H),한국투자신탁운용,리츠·인프라,가능,70% (위험자산),Y,높음,증권사·운용사교차검증,https://www.aceetf.co.kr/api/pension/search,data/regulatory/sources/issuers/ace/ace_pension_search_20260906.json,E4,2way,"한국투자신탁운용 연금투자 공식 API(std_DT 20260903) / ACE 미국부동산리츠(합성 H) / stockCode 181480 / retirementPensionRatio 70 / pensionType 개인연금,퇴직연금",ED_FSCMA_ART240_4,자본시장과 금융투자업에 관한 법률 시행령 제240조 (집합투자기구의 종류별 최소투자비율 등 (부동산/리츠 집합투자기구)),PSR_ART11_2,공식 출처 대조 (증권사·운용사교차검증),한국투자신탁운용 연금투자 공식 API 확인 (개인연금 및 퇴직연금 70% 위험자산 투자적격),2026-09-06,PASS (공식 검증 완료)
182480,KR7182480004,TIGER 미국MSCI리츠(합성 H),미래에셋자산운용,리츠·인프라,가능,70% (위험자산),Y,높음,증권사·운용사교차검증,https://securities.koreainvestment.com/pension/nwEtcinfo/Notice.jsp?cmd=A_NW_33030View&num=47520,data/regulatory/sources/brokers/koreainvestment/ETF_REITs_LIST_RP_260831.xlsx,E4,3way,미래에셋자산운용 TIGER 공시 [KR7182480004 /  / 퇴직연금 70%] & 한국투자증권 공시 [182480 / TIGER 미국MSCI리츠(합성 H) / 위험자산한도: 0.7],ED_FSCMA_ART240_4,자본시장과 금융투자업에 관한 법률 시행령 제240조 (집합투자기구의 종류별 최소투자비율 등 (부동산/리츠 집합투자기구)),PSR_ART11_2,공식 출처 대조 (증권사·운용사교차검증),미래에셋자산운용 TIGER 공시 [KR7182480004 / 퇴직연금 70%] 및 한국투자증권 공시 [단축코드: 182480 / 위험자산한도: 0.7] 100% 교차 일치,2026-09-06,PASS (공식 검증 완료)
182490,KR7182490003,TIGER 단기선진하이일드(합성 H),미래에셋자산운용,채권,가능,70% (위험자산),Y,높음,증권사·운용사교차검증,https://securities.koreainvestment.com/pension/nwEtcinfo/Notice.jsp?cmd=A_NW_33030View&num=47520,data/regulatory/sources/brokers/koreainvestment/ETF_REITs_LIST_RP_260831.xlsx,E4,3way,미래에셋자산운용 TIGER 공시 [KR7182490003 /  / 퇴직연금 70%] & 한국투자증권 공시 [182490 / TIGER 단기선진하이일드(합성 H) / 위험자산한도: 0.7],MOEL_WRBA_RULE_ART10_1_2,근로자퇴직급여 보장법 시행규칙 제10조 제1항 제2호 (위험자산의 범위 및 운용기준 (DC 및 IRP 위험자산 투자한도 70%)),ED_WRBA_ART26_1_2,공식 출처 대조 (증권사·운용사교차검증),미래에셋자산운용 TIGER 공시 [KR7182490003 / 퇴직연금 70%] 및 한국투자증권 공시 [단축코드: 182490 / 위험자산한도: 0.7] 100% 교차 일치,2026-09-06,PASS (공식 검증 완료)
183700,KR7183700004,RISE 200채권혼합50,KB자산운용,채권,가능,100% (안전자산),Y,높음,협회공시대조,https://dis.kofia.or.kr/websquare/index.jsp?w2xPath=/wq/fundann/DISFundFeeCMS.xml&divisionId=MDIS01005001000000&serviceId=SDIS01005001000,data/regulatory/sources/kofia_evidence_extract_20260905.xml,E3,1way,KBRISE200채권혼합50증권상장지수투자신탁(채권혼합) / 펀드유형: 혼합채권형 / 표준코드: KR5223AL4166 / 기준일: 20131016,PSR_ART11_1_5,퇴직연금감독규정 제11조 제1항 제5호 (적립금 운용방법 등 (주식 50% 미만 채권혼합형 100% 안전자산)),,금융투자협회 전자공시(DIS) 표준 펀드유형 '혼합채권형' XML 대조 (약관상 주식 50% 미만 퇴직연금감독규정 제11조제1항제5호),KOFIA 펀드유형: 혼합채권형 (퇴직연금감독규정 제11조 제1항 제5호: 약관상 주식 투자한도 50% 미만 혼합채권형 안전자산 100% 한도),2026-09-05,PASS (공식 검증 완료)
183710,KR7183710003,RISE 주식혼합,KB자산운용,혼합·자산배분,가능,70% (위험자산),Y,높음,증권사·운용사교차검증,https://dis.kofia.or.kr/websquare/index.jsp?w2xPath=/wq/fundann/DISFundFeeCMS.xml&divisionId=MDIS01005001000000&serviceId=SDIS01005001000,data/regulatory/sources/kofia_evidence_extract_20260905.xml,E3,3way,KBRISE주식혼합증권상장지수투자신탁(주식혼합) / 펀드유형: 혼합주식형 / 표준코드: KR5223AL4158 / 기준일: 20131016,MOEL_WRBA_RULE_ART10_1_2,근로자퇴직급여 보장법 시행규칙 제10조 제1항 제2호 (위험자산의 범위 및 운용기준 (DC 및 IRP 위험자산 투자한도 70%)),ED_WRBA_ART26_1_2,공식 출처 대조 (증권사·운용사교차검증),KOFIA 펀드유형: 혼합주식형 (근로자퇴직급여 보장법 시행규칙 제10조 제1항 제2호: 주식 투자한도 50% 이상 혼합형 위험자산 (70% 한도)),2026-09-05,PASS (공식 검증 완료)
185680,KR7185680006,KODEX 미국S&P바이오(합성),삼성자산운용,주식-해외,가능,70% (위험자산),Y,높음,증권사·운용사교차검증,https://securities.koreainvestment.com/pension/nwEtcinfo/Notice.jsp?cmd=A_NW_33030View&num=47520,data/regulatory/sources/brokers/koreainvestment/ETF_REITs_LIST_RP_260831.xlsx,E4,3way,삼성자산운용 KODEX 공시 [185680 / KODEX 미국S&P바이오(합성) / ivPsbReti: 70%] & 한국투자증권 공시 [185680 / KODEX 미국S&P바이오(합성) / 위험자산한도: 0.7],MOEL_WRBA_RULE_ART10_1_2,근로자퇴직급여 보장법 시행규칙 제10조 제1항 제2호 (위험자산의 범위 및 운용기준 (DC 및 IRP 위험자산 투자한도 70%)),ED_WRBA_ART26_1_2,공식 출처 대조 (증권사·운용사교차검증),삼성자산운용 KODEX 연금투자 공시 [stkTicker: 185680 / ivPsbReti: 70%] 및 한국투자증권 공시 [단축코드: 185680 / 위험자산한도: 0.7] 100% 교차 일치,2026-09-06,PASS (공식 검증 완료)
189400,KR7189400005,PLUS 글로벌MSCI(합성 H),한화자산운용,주식-해외,가능,70% (위험자산),Y,높음,증권사·운용사교차검증,https://securities.koreainvestment.com/pension/nwEtcinfo/Notice.jsp?cmd=A_NW_33030View&num=47520,data/regulatory/sources/brokers/koreainvestment/ETF_REITs_LIST_RP_260831.xlsx,E4,3way,한국투자증권 퇴직연금 ETF 상품 현황(2026-08-31 기준) / PLUS 글로벌MSCI(합성 H) / 189400 / 한화 / 퇴직연금 투자한도 0.7,MOEL_WRBA_RULE_ART10_1_2,근로자퇴직급여 보장법 시행규칙 제10조 제1항 제2호 (위험자산의 범위 및 운용기준 (DC 및 IRP 위험자산 투자한도 70%)),ED_WRBA_ART26_1_2,공식 출처 대조 (증권사·운용사교차검증),한국투자증권 퇴직연금 ETF 상품 현황(2026-08-31 기준) 위험자산한도 0.7 대조 및 규제엔진 2자 합치 일치,2026-09-06,PASS (공식 검증 완료)
190620,KR7190620005,ACE 단기통안채,한국투자신탁운용,금리·파킹,가능,100% (안전자산),Y,높음,증권사·운용사교차검증,https://dis.kofia.or.kr/websquare/index.jsp?w2xPath=/wq/fundann/DISFundFeeCMS.xml&divisionId=MDIS01005001000000&serviceId=SDIS01005001000,data/regulatory/sources/kofia_evidence_extract_20260905.xml,E3,3way,KBRISE단기통안채증권상장지수투자신탁(채권) / 펀드유형: 채권형 / 표준코드: KR5223AO8602 / 기준일: 20140514,PSR_ART11_1_5,퇴직연금감독규정 제11조 제1항 제5호 (적립금 운용방법 등 (주식 50% 미만 채권혼합형 100% 안전자산)),PSR_ART9_1_2,금융감독원 DART 투자설명서 1배수 파생평가액 한도 및 주식한도 대조 (증권사·운용사교차검증),KOFIA 펀드유형: 채권형 (퇴직연금감독규정 제11조 제1항 제4호: 원리금보장 및 채권형 안전자산 (100% 편입 가능)),2026-09-05,PASS (공식 검증 완료)
192090,KR7192090009,TIGER 차이나CSI300,미래에셋자산운용,주식-해외,가능,70% (위험자산),Y,높음,증권사·운용사교차검증,https://securities.koreainvestment.com/pension/nwEtcinfo/Notice.jsp?cmd=A_NW_33030View&num=47520,data/regulatory/sources/brokers/koreainvestment/ETF_REITs_LIST_RP_260831.xlsx,E4,3way,미래에셋자산운용 TIGER 공시 [KR7192090009 / TIGER 차이나CSI300 / 퇴직연금 70%] & 한국투자증권 공시 [192090 / TIGER 차이나CSI300 / 위험자산한도: 0.7],MOEL_WRBA_RULE_ART10_1_2,근로자퇴직급여 보장법 시행규칙 제10조 제1항 제2호 (위험자산의 범위 및 운용기준 (DC 및 IRP 위험자산 투자한도 70%)),ED_WRBA_ART26_1_2,공식 출처 대조 (증권사·운용사교차검증),미래에셋자산운용 TIGER 공시 [KR7192090009 / 퇴직연금 70%] 및 한국투자증권 공시 [단축코드: 192090 / 위험자산한도: 0.7] 100% 교차 일치,2026-09-06,PASS (공식 검증 완료)
192720,KR7192720001,파워 고배당저변동성,교보악사자산운용,주식-국내,가능,70% (위험자산),Y,높음,협회공시대조,https://dis.kofia.or.kr/websquare/index.jsp?w2xPath=/wq/fundann/DISFundFeeCMS.xml&divisionId=MDIS01005001000000&serviceId=SDIS01005001000,data/regulatory/sources/kofia_evidence_extract_20260905.xml,E3,1way,교보악사파워고배당저변동성증권상장지수투자신탁[주식] / 펀드유형: 주식형 / 표준코드: KR5207AN0410 / 기준일: 20140219,MOEL_WRBA_RULE_ART10_1_2,근로자퇴직급여 보장법 시행규칙 제10조 제1항 제2호 (위험자산의 범위 및 운용기준 (DC 및 IRP 위험자산 투자한도 70%)),ED_WRBA_ART26_1_2,금융투자협회 전자공시서비스(DIS) 표준 펀드유형 '주식형' XML 전수 대조 (시행규칙 제10조제1항제2호 한도 70%),KOFIA 펀드유형: 주식형 (근로자퇴직급여 보장법 시행규칙 제10조 제1항 제2호: 주식형 집합투자증권 위험자산 70% 한도),2026-09-05,PASS (공식 검증 완료)
195920,KR7195920004,TIGER 일본TOPIX(합성 H),미래에셋자산운용,주식-해외,가능,70% (위험자산),Y,높음,증권사·운용사교차검증,https://securities.koreainvestment.com/pension/nwEtcinfo/Notice.jsp?cmd=A_NW_33030View&num=47520,data/regulatory/sources/brokers/koreainvestment/ETF_REITs_LIST_RP_260831.xlsx,E4,3way,미래에셋자산운용 TIGER 공시 [KR7195920004 /  / 퇴직연금 70%] & 한국투자증권 공시 [195920 / TIGER 일본TOPIX(합성 H) / 위험자산한도: 0.7],MOEL_WRBA_RULE_ART10_1_2,근로자퇴직급여 보장법 시행규칙 제10조 제1항 제2호 (위험자산의 범위 및 운용기준 (DC 및 IRP 위험자산 투자한도 70%)),ED_WRBA_ART26_1_2,공식 출처 대조 (증권사·운용사교차검증),미래에셋자산운용 TIGER 공시 [KR7195920004 / 퇴직연금 70%] 및 한국투자증권 공시 [단축코드: 195920 / 위험자산한도: 0.7] 100% 교차 일치,2026-09-06,PASS (공식 검증 완료)
195930,KR7195930003,TIGER 유로스탁스50(합성 H),미래에셋자산운용,주식-해외,가능,70% (위험자산),Y,높음,증권사·운용사교차검증,https://securities.koreainvestment.com/pension/nwEtcinfo/Notice.jsp?cmd=A_NW_33030View&num=47520,data/regulatory/sources/brokers/koreainvestment/ETF_REITs_LIST_RP_260831.xlsx,E4,3way,미래에셋자산운용 TIGER 공시 [KR7195930003 /  / 퇴직연금 70%] & 한국투자증권 공시 [195930 / TIGER 유로스탁스50(합성 H) / 위험자산한도: 0.7],MOEL_WRBA_RULE_ART10_1_2,근로자퇴직급여 보장법 시행규칙 제10조 제1항 제2호 (위험자산의 범위 및 운용기준 (DC 및 IRP 위험자산 투자한도 70%)),ED_WRBA_ART26_1_2,공식 출처 대조 (증권사·운용사교차검증),미래에셋자산운용 TIGER 공시 [KR7195930003 / 퇴직연금 70%] 및 한국투자증권 공시 [단축코드: 195930 / 위험자산한도: 0.7] 100% 교차 일치,2026-09-06,PASS (공식 검증 완료)
195970,KR7195970009,PLUS 선진국MSCI(합성 H),한화자산운용,주식-해외,가능,70% (위험자산),Y,높음,증권사·운용사교차검증,https://securities.koreainvestment.com/pension/nwEtcinfo/Notice.jsp?cmd=A_NW_33030View&num=47520,data/regulatory/sources/brokers/koreainvestment/ETF_REITs_LIST_RP_260831.xlsx,E4,3way,한국투자증권 퇴직연금 ETF 상품 현황(2026-08-31 기준) / PLUS 선진국MSCI(합성 H) / 195970 / 한화 / 퇴직연금 투자한도 0.7,MOEL_WRBA_RULE_ART10_1_2,근로자퇴직급여 보장법 시행규칙 제10조 제1항 제2호 (위험자산의 범위 및 운용기준 (DC 및 IRP 위험자산 투자한도 70%)),ED_WRBA_ART26_1_2,공식 출처 대조 (증권사·운용사교차검증),한국투자증권 퇴직연금 ETF 상품 현황(2026-08-31 기준) 위험자산한도 0.7 대조 및 규제엔진 2자 합치 일치,2026-09-06,PASS (공식 검증 완료)
195980,KR7195980008,PLUS 신흥국MSCI(합성 H),한화자산운용,주식-해외,가능,70% (위험자산),Y,높음,증권사·운용사교차검증,https://securities.koreainvestment.com/pension/nwEtcinfo/Notice.jsp?cmd=A_NW_33030View&num=47520,data/regulatory/sources/brokers/koreainvestment/ETF_REITs_LIST_RP_260831.xlsx,E4,3way,한국투자증권 퇴직연금 ETF 상품 현황(2026-08-31 기준) / PLUS 신흥국MSCI(합성 H) / 195980 / 한화 / 퇴직연금 투자한도 0.7,MOEL_WRBA_RULE_ART10_1_2,근로자퇴직급여 보장법 시행규칙 제10조 제1항 제2호 (위험자산의 범위 및 운용기준 (DC 및 IRP 위험자산 투자한도 70%)),ED_WRBA_ART26_1_2,공식 출처 대조 (증권사·운용사교차검증),한국투자증권 퇴직연금 ETF 상품 현황(2026-08-31 기준) 위험자산한도 0.7 대조 및 규제엔진 2자 합치 일치,2026-09-06,PASS (공식 검증 완료)
196030,KR7196030001,ACE 일본TOPIX레버리지(H),한국투자신탁운용,주식-해외,불가,불가,Y,보통,법령조건직접판정,https://www.law.go.kr/LSW//admRulInfoP.do?admRulSeq=2100000244795&chrClsCd=010201,data/regulatory/sources/statutes/퇴직연금감독규정_20260905.txt,RULE_NAME,1way,퇴직연금감독규정 제9조 제1항 제2호 마목: 상장지수집합투자기구가 목표로 하는 지수의 변화에 1배를 초과하거나 음의 배율로 연동하여 운용하는 것은 제외한다,PSR_ART9_1_2,퇴직연금감독규정 제9조 제1항 제2호 마목 (증권 및 기타 적립금 운용방법의 종류 등 (1배수 상장지수집합투자기구 파생위험평가액 100% 한도 허용)),,퇴직연금감독규정 제9조 제1항 제2호 마목 단서 (1배 초과 또는 음의 배율 연동 배제),명칭 기반 배수 식별 및 퇴직연금감독규정 제9조 제1항 제2호 마목 단서 적용,2026-09-05,PASS (공식 검증 완료)
196230,KR7196230007,RISE 단기통안채,KB자산운용,금리·파킹,가능,100% (안전자산),Y,높음,협회공시대조,https://dis.kofia.or.kr/websquare/index.jsp?w2xPath=/wq/fundann/DISFundFeeCMS.xml&divisionId=MDIS01005001000000&serviceId=SDIS01005001000,data/regulatory/sources/kofia_evidence_extract_20260905.xml,E3,1way,KBRISE단기통안채증권상장지수투자신탁(채권) / 펀드유형: 채권형 / 표준코드: KR5223AO8602 / 기준일: 20140514,PSR_ART11_1_4,퇴직연금감독규정 제11조 제1항 제4호 (적립금 운용방법 등 (원리금보장 및 채권형 등 100% 안전자산)),,금융투자협회 전자공시서비스(DIS) 표준 펀드유형 '채권형' XML 전수 대조,KOFIA 펀드유형: 채권형 (퇴직연금감독규정 제11조 제1항 제4호: 원리금보장 및 채권형 안전자산 (100% 편입 가능)),2026-09-05,PASS (공식 검증 완료)
200030,KR7200030005,KODEX 미국S&P500산업재(합성),삼성자산운용,주식-해외,가능,70% (위험자산),Y,높음,증권사·운용사교차검증,https://securities.koreainvestment.com/pension/nwEtcinfo/Notice.jsp?cmd=A_NW_33030View&num=47520,data/regulatory/sources/brokers/koreainvestment/ETF_REITs_LIST_RP_260831.xlsx,E4,3way,삼성자산운용 KODEX 공시 [200030 / KODEX 미국S&P500산업재(합성) / ivPsbReti: 70%] & 한국투자증권 공시 [200030 / KODEX 미국S&P500산업재(합성) / 위험자산한도: 0.7],MOEL_WRBA_RULE_ART10_1_2,근로자퇴직급여 보장법 시행규칙 제10조 제1항 제2호 (위험자산의 범위 및 운용기준 (DC 및 IRP 위험자산 투자한도 70%)),ED_WRBA_ART26_1_2,공식 출처 대조 (증권사·운용사교차검증),삼성자산운용 KODEX 연금투자 공시 [stkTicker: 200030 / ivPsbReti: 70%] 및 한국투자증권 공시 [단축코드: 200030 / 위험자산한도: 0.7] 100% 교차 일치,2026-09-06,PASS (공식 검증 완료)
200250,KR7200250009,KIWOOM 인도Nifty50(합성),키움투자자산운용,주식-해외,가능,70% (위험자산),Y,높음,증권사목록대조,https://securities.koreainvestment.com/pension/nwEtcinfo/Notice.jsp?cmd=A_NW_33030View&num=47520,data/regulatory/sources/brokers/koreainvestment/ETF_REITs_LIST_RP_260831.xlsx,E4,2way,한국투자증권 퇴직연금 ETF 상품 현황(2026-08-31 기준) / KIWOOM 인도Nifty50(합성) / 200250 / 키움 / 퇴직연금 투자한도 0.7,MOEL_WRBA_RULE_ART10_1_2,근로자퇴직급여 보장법 시행규칙 제10조 제1항 제2호 (위험자산의 범위 및 운용기준 (DC 및 IRP 위험자산 투자한도 70%)),ED_WRBA_ART26_1_2,판매사 퇴직연금 매매가능 유니버스 및 위험자산 70% 대조 (증권사목록대조),한국투자증권 퇴직연금 ETF 상품 현황(2026-08-31 기준) 위험자산한도 0.7 대조 및 규제엔진 2자 합치 일치,2026-09-06,PASS (공식 검증 완료)
203780,KR7203780002,TIGER 미국나스닥바이오,미래에셋자산운용,주식-해외,가능,70% (위험자산),Y,높음,증권사·운용사교차검증,https://dis.kofia.or.kr/websquare/index.jsp?w2xPath=/wq/fundann/DISFundFeeCMS.xml&divisionId=MDIS01005001000000&serviceId=SDIS01005001000,data/regulatory/sources/kofia_evidence_extract_20260905.xml,E3,3way,TIGER 미국나스닥바이오 / 펀드유형: 주식형 / 기준일: 20260905,MOEL_WRBA_RULE_ART10_1_2,근로자퇴직급여 보장법 시행규칙 제10조 제1항 제2호 (위험자산의 범위 및 운용기준 (DC 및 IRP 위험자산 투자한도 70%)),ED_WRBA_ART26_1_2,공식 출처 대조 (증권사·운용사교차검증),KOFIA 펀드유형: 주식형 (근로자퇴직급여 보장법 시행규칙 제10조 제1항 제2호: 주식형 집합투자증권 위험자산 70% 한도),2026-09-05,PASS (공식 검증 완료)
204450,KR7204450001,KODEX 차이나H레버리지(H),삼성자산운용,주식-해외,불가,불가,Y,보통,법령조건직접판정,https://www.law.go.kr/LSW//admRulInfoP.do?admRulSeq=2100000244795&chrClsCd=010201,data/regulatory/sources/statutes/퇴직연금감독규정_20260905.txt,RULE_NAME,1way,퇴직연금감독규정 제9조 제1항 제2호 마목: 상장지수집합투자기구가 목표로 하는 지수의 변화에 1배를 초과하거나 음의 배율로 연동하여 운용하는 것은 제외한다,PSR_ART9_1_2,퇴직연금감독규정 제9조 제1항 제2호 마목 (증권 및 기타 적립금 운용방법의 종류 등 (1배수 상장지수집합투자기구 파생위험평가액 100% 한도 허용)),,퇴직연금감독규정 제9조 제1항 제2호 마목 단서 (1배 초과 또는 음의 배율 연동 배제),명칭 기반 배수 식별 및 퇴직연금감독규정 제9조 제1항 제2호 마목 단서 적용,2026-09-05,PASS (공식 검증 완료)
204480,KR7204480008,TIGER 차이나CSI300레버리지(합성),미래에셋자산운용,주식-해외,불가,불가,Y,보통,법령조건직접판정,https://www.law.go.kr/LSW//admRulInfoP.do?admRulSeq=2100000244795&chrClsCd=010201,data/regulatory/sources/statutes/퇴직연금감독규정_20260905.txt,RULE_NAME,1way,퇴직연금감독규정 제9조 제1항 제2호 마목: 상장지수집합투자기구가 목표로 하는 지수의 변화에 1배를 초과하거나 음의 배율로 연동하여 운용하는 것은 제외한다,PSR_ART9_1_2,퇴직연금감독규정 제9조 제1항 제2호 마목 (증권 및 기타 적립금 운용방법의 종류 등 (1배수 상장지수집합투자기구 파생위험평가액 100% 한도 허용)),,퇴직연금감독규정 제9조 제1항 제2호 마목 단서 (1배 초과 또는 음의 배율 연동 배제),명칭 기반 배수 식별 및 퇴직연금감독규정 제9조 제1항 제2호 마목 단서 적용,2026-09-05,PASS (공식 검증 완료)
205720,KR7205720006,ACE 일본TOPIX인버스(합성 H),한국투자신탁운용,주식-해외,불가,불가,Y,보통,법령조건직접판정,https://www.law.go.kr/LSW//admRulInfoP.do?admRulSeq=2100000244795&chrClsCd=010201,data/regulatory/sources/statutes/퇴직연금감독규정_20260905.txt,RULE_NAME,1way,퇴직연금감독규정 제9조 제1항 제2호 마목: 상장지수집합투자기구가 목표로 하는 지수의 변화에 1배를 초과하거나 음의 배율로 연동하여 운용하는 것은 제외한다,PSR_ART9_1_2,퇴직연금감독규정 제9조 제1항 제2호 마목 (증권 및 기타 적립금 운용방법의 종류 등 (1배수 상장지수집합투자기구 파생위험평가액 100% 한도 허용)),,퇴직연금감독규정 제9조 제1항 제2호 마목 단서 (1배 초과 또는 음의 배율 연동 배제),명칭 기반 배수 식별 및 퇴직연금감독규정 제9조 제1항 제2호 마목 단서 적용,2026-09-05,PASS (공식 검증 완료)
210780,KR7210780003,TIGER 코스피고배당,미래에셋자산운용,주식-국내,가능,70% (위험자산),Y,높음,증권사·운용사교차검증,https://dis.kofia.or.kr/websquare/index.jsp?w2xPath=/wq/fundann/DISFundFeeCMS.xml&divisionId=MDIS01005001000000&serviceId=SDIS01005001000,data/regulatory/sources/kofia_evidence_extract_20260905.xml,E3,3way,미래에셋TIGER코스피고배당증권상장지수투자신탁(주식) / 펀드유형: 주식형 / 표준코드: KR5301AX7376 / 기준일: 20141204,MOEL_WRBA_RULE_ART10_1_2,근로자퇴직급여 보장법 시행규칙 제10조 제1항 제2호 (위험자산의 범위 및 운용기준 (DC 및 IRP 위험자산 투자한도 70%)),ED_WRBA_ART26_1_2,공식 출처 대조 (증권사·운용사교차검증),KOFIA 펀드유형: 주식형 (근로자퇴직급여 보장법 시행규칙 제10조 제1항 제2호: 주식형 집합투자증권 위험자산 70% 한도),2026-09-05,PASS (공식 검증 완료)
211560,KR7211560008,TIGER 배당성장,미래에셋자산운용,주식-국내,가능,70% (위험자산),Y,높음,증권사·운용사교차검증,https://dis.kofia.or.kr/websquare/index.jsp?w2xPath=/wq/fundann/DISFundFeeCMS.xml&divisionId=MDIS01005001000000&serviceId=SDIS01005001000,data/regulatory/sources/kofia_evidence_extract_20260905.xml,E3,3way,미래에셋TIGER배당성장증권상장지수투자신탁(주식) / 펀드유형: 주식형 / 표준코드: KR5301AX7368 / 기준일: 20141216,MOEL_WRBA_RULE_ART10_1_2,근로자퇴직급여 보장법 시행규칙 제10조 제1항 제2호 (위험자산의 범위 및 운용기준 (DC 및 IRP 위험자산 투자한도 70%)),ED_WRBA_ART26_1_2,공식 출처 대조 (증권사·운용사교차검증),KOFIA 펀드유형: 주식형 (근로자퇴직급여 보장법 시행규칙 제10조 제1항 제2호: 주식형 집합투자증권 위험자산 70% 한도),2026-09-05,PASS (공식 검증 완료)
211900,KR7211900006,KODEX 코리아배당성장,삼성자산운용,주식-국내,가능,70% (위험자산),Y,높음,증권사·운용사교차검증,https://dis.kofia.or.kr/websquare/index.jsp?w2xPath=/wq/fundann/DISFundFeeCMS.xml&divisionId=MDIS01005001000000&serviceId=SDIS01005001000,data/regulatory/sources/kofia_evidence_extract_20260905.xml,E3,3way,삼성KODEX코리아배당성장증권상장지수투자신탁[주식] / 펀드유형: 주식형 / 표준코드: KR5105AX7259 / 기준일: 20141216,MOEL_WRBA_RULE_ART10_1_2,근로자퇴직급여 보장법 시행규칙 제10조 제1항 제2호 (위험자산의 범위 및 운용기준 (DC 및 IRP 위험자산 투자한도 70%)),ED_WRBA_ART26_1_2,공식 출처 대조 (증권사·운용사교차검증),KOFIA 펀드유형: 주식형 (근로자퇴직급여 보장법 시행규칙 제10조 제1항 제2호: 주식형 집합투자증권 위험자산 70% 한도),2026-09-05,PASS (공식 검증 완료)
213610,KR7213610009,KODEX 삼성그룹밸류,삼성자산운용,주식-국내,가능,70% (위험자산),Y,높음,증권사·운용사교차검증,https://dis.kofia.or.kr/websquare/index.jsp?w2xPath=/wq/fundann/DISFundFeeCMS.xml&divisionId=MDIS01005001000000&serviceId=SDIS01005001000,data/regulatory/sources/kofia_evidence_extract_20260905.xml,E3,3way,삼성KODEX삼성그룹밸류증권상장지수투자신탁[주식] / 펀드유형: 주식형 / 표준코드: KR5105AY4057 / 기준일: 20150107,MOEL_WRBA_RULE_ART10_1_2,근로자퇴직급여 보장법 시행규칙 제10조 제1항 제2호 (위험자산의 범위 및 운용기준 (DC 및 IRP 위험자산 투자한도 70%)),ED_WRBA_ART26_1_2,공식 출처 대조 (증권사·운용사교차검증),KOFIA 펀드유형: 주식형 (근로자퇴직급여 보장법 시행규칙 제10조 제1항 제2호: 주식형 집합투자증권 위험자산 70% 한도),2026-09-05,PASS (공식 검증 완료)
213630,KR7213630007,PLUS 미국다우존스고배당주(합성 H),한화자산운용,주식-해외,가능,70% (위험자산),Y,높음,증권사·운용사교차검증,https://securities.koreainvestment.com/pension/nwEtcinfo/Notice.jsp?cmd=A_NW_33030View&num=47520,data/regulatory/sources/brokers/koreainvestment/ETF_REITs_LIST_RP_260831.xlsx,E4,3way,한국투자증권 퇴직연금 ETF 상품 현황(2026-08-31 기준) / PLUS 미국다우존스고배당주(합성 H) / 213630 / 한화 / 퇴직연금 투자한도 0.7,MOEL_WRBA_RULE_ART10_1_2,근로자퇴직급여 보장법 시행규칙 제10조 제1항 제2호 (위험자산의 범위 및 운용기준 (DC 및 IRP 위험자산 투자한도 70%)),ED_WRBA_ART26_1_2,공식 출처 대조 (증권사·운용사교차검증),한국투자증권 퇴직연금 ETF 상품 현황(2026-08-31 기준) 위험자산한도 0.7 대조 및 규제엔진 2자 합치 일치,2026-09-06,PASS (공식 검증 완료)
214980,KR7214980005,KODEX 단기채권PLUS,삼성자산운용,채권,가능,100% (안전자산),Y,높음,증권사·운용사교차검증,https://dis.kofia.or.kr/websquare/index.jsp?w2xPath=/wq/fundann/DISFundFeeCMS.xml&divisionId=MDIS01005001000000&serviceId=SDIS01005001000,data/regulatory/sources/kofia_evidence_extract_20260905.xml,E3,3way,삼성KODEX단기채권PLUS증권상장지수투자신탁[채권] / 펀드유형: 채권형 / 표준코드: K55105B00244 / 기준일: 20150302,PSR_ART11_1_4,퇴직연금감독규정 제11조 제1항 제4호 (적립금 운용방법 등 (원리금보장 및 채권형 등 100% 안전자산)),,금융감독원 DART 투자설명서 대조 (증권사·운용사교차검증),KOFIA 펀드유형: 채권형 (퇴직연금감독규정 제11조 제1항 제4호: 원리금보장 및 채권형 안전자산 (100% 편입 가능)),2026-09-05,PASS (공식 검증 완료)
215620,KR7215620006,HK S&P코리아로우볼,기타,주식-해외,가능,70% (위험자산),Y,높음,협회공시대조,https://dis.kofia.or.kr/websquare/index.jsp?w2xPath=/wq/fundann/DISFundFeeCMS.xml&divisionId=MDIS01005001000000&serviceId=SDIS01005001000,data/regulatory/sources/kofia_evidence_extract_20260905.xml,E3,1way,흥국HKS&amp;P코리아로우볼증권상장지수투자신탁[주식] / 펀드유형: 주식형 / 표준코드: K55224B12636 / 기준일: 20150324,MOEL_WRBA_RULE_ART10_1_2,근로자퇴직급여 보장법 시행규칙 제10조 제1항 제2호 (위험자산의 범위 및 운용기준 (DC 및 IRP 위험자산 투자한도 70%)),ED_WRBA_ART26_1_2,금융투자협회 전자공시서비스(DIS) 표준 펀드유형 '주식형' XML 전수 대조 (시행규칙 제10조제1항제2호 한도 70%),KOFIA 펀드유형: 주식형 (근로자퇴직급여 보장법 시행규칙 제10조 제1항 제2호: 주식형 집합투자증권 위험자산 70% 한도),2026-09-05,PASS (공식 검증 완료)
217770,KR7217770007,TIGER 원유선물인버스(H),미래에셋자산운용,원자재,불가,불가,Y,보통,법령조건직접판정,https://www.law.go.kr/LSW//admRulInfoP.do?admRulSeq=2100000244795&chrClsCd=010201,data/regulatory/sources/statutes/퇴직연금감독규정_20260905.txt,RULE_NAME,1way,퇴직연금감독규정 제9조 제1항 제2호 마목: 상장지수집합투자기구가 목표로 하는 지수의 변화에 1배를 초과하거나 음의 배율로 연동하여 운용하는 것은 제외한다,PSR_ART9_1_2,퇴직연금감독규정 제9조 제1항 제2호 마목 (증권 및 기타 적립금 운용방법의 종류 등 (1배수 상장지수집합투자기구 파생위험평가액 100% 한도 허용)),,퇴직연금감독규정 제9조 제1항 제2호 마목 단서 (1배 초과 또는 음의 배율 연동 배제),명칭 기반 배수 식별 및 퇴직연금감독규정 제9조 제1항 제2호 마목 단서 적용,2026-09-05,PASS (공식 검증 완료)
217780,KR7217780006,TIGER 차이나CSI300인버스(합성),미래에셋자산운용,주식-해외,불가,불가,Y,보통,법령조건직접판정,https://www.law.go.kr/LSW//admRulInfoP.do?admRulSeq=2100000244795&chrClsCd=010201,data/regulatory/sources/statutes/퇴직연금감독규정_20260905.txt,RULE_NAME,1way,퇴직연금감독규정 제9조 제1항 제2호 마목: 상장지수집합투자기구가 목표로 하는 지수의 변화에 1배를 초과하거나 음의 배율로 연동하여 운용하는 것은 제외한다,PSR_ART9_1_2,퇴직연금감독규정 제9조 제1항 제2호 마목 (증권 및 기타 적립금 운용방법의 종류 등 (1배수 상장지수집합투자기구 파생위험평가액 100% 한도 허용)),,퇴직연금감독규정 제9조 제1항 제2호 마목 단서 (1배 초과 또는 음의 배율 연동 배제),명칭 기반 배수 식별 및 퇴직연금감독규정 제9조 제1항 제2호 마목 단서 적용,2026-09-05,PASS (공식 검증 완료)
218420,KR7218420008,KODEX 미국S&P500에너지(합성),삼성자산운용,주식-해외,가능,70% (위험자산),Y,높음,증권사·운용사교차검증,https://securities.koreainvestment.com/pension/nwEtcinfo/Notice.jsp?cmd=A_NW_33030View&num=47520,data/regulatory/sources/brokers/koreainvestment/ETF_REITs_LIST_RP_260831.xlsx,E4,3way,삼성자산운용 KODEX 공시 [218420 / KODEX 미국S&P500에너지(합성) / ivPsbReti: 70%] & 한국투자증권 공시 [218420 / KODEX 미국S&P500에너지(합성) / 위험자산한도: 0.7],MOEL_WRBA_RULE_ART10_1_2,근로자퇴직급여 보장법 시행규칙 제10조 제1항 제2호 (위험자산의 범위 및 운용기준 (DC 및 IRP 위험자산 투자한도 70%)),ED_WRBA_ART26_1_2,공식 출처 대조 (증권사·운용사교차검증),삼성자산운용 KODEX 연금투자 공시 [stkTicker: 218420 / ivPsbReti: 70%] 및 한국투자증권 공시 [단축코드: 218420 / 위험자산한도: 0.7] 100% 교차 일치,2026-09-06,PASS (공식 검증 완료)
219390,KR7219390002,RISE 미국S&P원유생산기업(합성 H),KB자산운용,원자재,가능,70% (위험자산),Y,높음,증권사·운용사교차검증,https://securities.koreainvestment.com/pension/nwEtcinfo/Notice.jsp?cmd=A_NW_33030View&num=47520,data/regulatory/sources/brokers/koreainvestment/ETF_REITs_LIST_RP_260831.xlsx,E4,3way,한국투자증권 퇴직연금 ETF 상품 현황(2026-08-31 기준) / RISE 미국S&P원유생산기업(합성 H) / 219390 / KB / 퇴직연금 투자한도 0.7,MOEL_WRBA_RULE_ART10_1_2,근로자퇴직급여 보장법 시행규칙 제10조 제1항 제2호 (위험자산의 범위 및 운용기준 (DC 및 IRP 위험자산 투자한도 70%)),ED_WRBA_ART26_1_2,공식 출처 대조 (증권사·운용사교차검증),한국투자증권 퇴직연금 ETF 상품 현황(2026-08-31 기준) 위험자산한도 0.7 대조 및 규제엔진 2자 합치 일치,2026-09-06,PASS (공식 검증 완료)
219480,KR7219480001,KODEX 미국S&P500선물(H),삼성자산운용,주식-해외,불가,불가,Y,높음,증권사목록대조,https://securities.koreainvestment.com/pension/nwEtcinfo/Notice.jsp?cmd=A_NW_33030View&num=47520,data/regulatory/sources/brokers/koreainvestment/ETF_REITs_LIST_RP_260831.xlsx; data/regulatory/sources/brokers/koreainvestment/kis_etf_ticker_universe_20260831.txt,E4,2way,"한국투자증권 퇴직연금 ETF 상품 현황(2026-08-31 기준) 2행: ★매매불가: 레버리지/인버스/파생형/해외상장ETF / 해당 종목코드(219480 KODEX 미국S&P500선물(H)) 퇴직연금 매매가능 유니버스 1,021종목 전수 대조 결과 미수록(부재) 확인",PSR_ART9_1_2,퇴직연금감독규정 제9조 제1항 제2호 마목 (증권 및 기타 적립금 운용방법의 종류 등 (1배수 상장지수집합투자기구 파생위험평가액 100% 한도 허용)),FSC_FIBA_REG_ART4_54,판매사 퇴직연금 매매 불가 유니버스 대조 및 퇴직연금감독규정 제9조 (위험평가액 40% 초과 배제),"한국투자증권 엑셀 2행 '★매매불가: 레버리지/인버스/파생형/해외상장ETF' 및 1,021종목 유니버스 전수 대조 미수록(부재) 근거 편입 불가 확정",2026-09-06,PASS (공식 검증 완료)
219900,KR7219900008,ACE 중국본토CSI300레버리지(합성),한국투자신탁운용,주식-해외,불가,불가,Y,보통,법령조건직접판정,https://www.law.go.kr/LSW//admRulInfoP.do?admRulSeq=2100000244795&chrClsCd=010201,data/regulatory/sources/statutes/퇴직연금감독규정_20260905.txt,RULE_NAME,1way,퇴직연금감독규정 제9조 제1항 제2호 마목: 상장지수집합투자기구가 목표로 하는 지수의 변화에 1배를 초과하거나 음의 배율로 연동하여 운용하는 것은 제외한다,PSR_ART9_1_2,퇴직연금감독규정 제9조 제1항 제2호 마목 (증권 및 기타 적립금 운용방법의 종류 등 (1배수 상장지수집합투자기구 파생위험평가액 100% 한도 허용)),,퇴직연금감독규정 제9조 제1항 제2호 마목 단서 (1배 초과 또는 음의 배율 연동 배제),명칭 기반 배수 식별 및 퇴직연금감독규정 제9조 제1항 제2호 마목 단서 적용,2026-09-05,PASS (공식 검증 완료)
220130,KR7220130009,SOL 차이나강소기업CSI500(합성 H),신한자산운용,주식-해외,가능,70% (위험자산),Y,높음,증권사목록대조,https://securities.koreainvestment.com/pension/nwEtcinfo/Notice.jsp?cmd=A_NW_33030View&num=47520,data/regulatory/sources/brokers/koreainvestment/ETF_REITs_LIST_RP_260831.xlsx,E4,2way,한국투자증권 퇴직연금 ETF 상품 현황(2026-08-31 기준) / SOL 차이나강소기업CSI500(합성 H) / 220130 / 신한 / 퇴직연금 투자한도 0.7,MOEL_WRBA_RULE_ART10_1_2,근로자퇴직급여 보장법 시행규칙 제10조 제1항 제2호 (위험자산의 범위 및 운용기준 (DC 및 IRP 위험자산 투자한도 70%)),ED_WRBA_ART26_1_2,판매사 퇴직연금 매매가능 유니버스 및 위험자산 70% 대조 (증권사목록대조),한국투자증권 퇴직연금 ETF 상품 현황(2026-08-31 기준) 위험자산한도 0.7 대조 및 규제엔진 2자 합치 일치,2026-09-06,PASS (공식 검증 완료)
223190,KR7223190000,KODEX 200가치저변동,삼성자산운용,주식-국내,가능,70% (위험자산),Y,높음,증권사·운용사교차검증,https://dis.kofia.or.kr/websquare/index.jsp?w2xPath=/wq/fundann/DISFundFeeCMS.xml&divisionId=MDIS01005001000000&serviceId=SDIS01005001000,data/regulatory/sources/kofia_evidence_extract_20260905.xml,E3,3way,삼성KODEX200가치저변동증권상장지수투자신탁[주식] / 펀드유형: 주식형 / 표준코드: K55105B39242 / 기준일: 20150625,MOEL_WRBA_RULE_ART10_1_2,근로자퇴직급여 보장법 시행규칙 제10조 제1항 제2호 (위험자산의 범위 및 운용기준 (DC 및 IRP 위험자산 투자한도 70%)),ED_WRBA_ART26_1_2,공식 출처 대조 (증권사·운용사교차검증),KOFIA 펀드유형: 주식형 (근로자퇴직급여 보장법 시행규칙 제10조 제1항 제2호: 주식형 집합투자증권 위험자산 70% 한도),2026-09-05,PASS (공식 검증 완료)
225030,KR7225030006,TIGER 미국S&P500선물인버스(H),미래에셋자산운용,주식-해외,불가,불가,Y,보통,법령조건직접판정,https://www.law.go.kr/LSW//admRulInfoP.do?admRulSeq=2100000244795&chrClsCd=010201,data/regulatory/sources/statutes/퇴직연금감독규정_20260905.txt,RULE_NAME,1way,퇴직연금감독규정 제9조 제1항 제2호 마목: 상장지수집합투자기구가 목표로 하는 지수의 변화에 1배를 초과하거나 음의 배율로 연동하여 운용하는 것은 제외한다,PSR_ART9_1_2,퇴직연금감독규정 제9조 제1항 제2호 마목 (증권 및 기타 적립금 운용방법의 종류 등 (1배수 상장지수집합투자기구 파생위험평가액 100% 한도 허용)),,퇴직연금감독규정 제9조 제1항 제2호 마목 단서 (1배 초과 또는 음의 배율 연동 배제),명칭 기반 배수 식별 및 퇴직연금감독규정 제9조 제1항 제2호 마목 단서 적용,2026-09-05,PASS (공식 검증 완료)
225040,KR7225040005,TIGER 미국S&P500레버리지(합성 H),미래에셋자산운용,주식-해외,불가,불가,Y,보통,법령조건직접판정,https://www.law.go.kr/LSW//admRulInfoP.do?admRulSeq=2100000244795&chrClsCd=010201,data/regulatory/sources/statutes/퇴직연금감독규정_20260905.txt,RULE_NAME,1way,퇴직연금감독규정 제9조 제1항 제2호 마목: 상장지수집합투자기구가 목표로 하는 지수의 변화에 1배를 초과하거나 음의 배율로 연동하여 운용하는 것은 제외한다,PSR_ART9_1_2,퇴직연금감독규정 제9조 제1항 제2호 마목 (증권 및 기타 적립금 운용방법의 종류 등 (1배수 상장지수집합투자기구 파생위험평가액 100% 한도 허용)),,퇴직연금감독규정 제9조 제1항 제2호 마목 단서 (1배 초과 또는 음의 배율 연동 배제),명칭 기반 배수 식별 및 퇴직연금감독규정 제9조 제1항 제2호 마목 단서 적용,2026-09-05,PASS (공식 검증 완료)
225050,KR7225050004,TIGER 유로스탁스레버리지(합성 H),미래에셋자산운용,주식-해외,불가,불가,Y,보통,법령조건직접판정,https://www.law.go.kr/LSW//admRulInfoP.do?admRulSeq=2100000244795&chrClsCd=010201,data/regulatory/sources/statutes/퇴직연금감독규정_20260905.txt,RULE_NAME,1way,퇴직연금감독규정 제9조 제1항 제2호 마목: 상장지수집합투자기구가 목표로 하는 지수의 변화에 1배를 초과하거나 음의 배율로 연동하여 운용하는 것은 제외한다,PSR_ART9_1_2,퇴직연금감독규정 제9조 제1항 제2호 마목 (증권 및 기타 적립금 운용방법의 종류 등 (1배수 상장지수집합투자기구 파생위험평가액 100% 한도 허용)),,퇴직연금감독규정 제9조 제1항 제2호 마목 단서 (1배 초과 또는 음의 배율 연동 배제),명칭 기반 배수 식별 및 퇴직연금감독규정 제9조 제1항 제2호 마목 단서 적용,2026-09-05,PASS (공식 검증 완료)
225060,KR7225060003,TIGER 이머징마켓MSCI레버리지(합성 H),미래에셋자산운용,주식-해외,불가,불가,Y,보통,법령조건직접판정,https://www.law.go.kr/LSW//admRulInfoP.do?admRulSeq=2100000244795&chrClsCd=010201,data/regulatory/sources/statutes/퇴직연금감독규정_20260905.txt,RULE_NAME,1way,퇴직연금감독규정 제9조 제1항 제2호 마목: 상장지수집합투자기구가 목표로 하는 지수의 변화에 1배를 초과하거나 음의 배율로 연동하여 운용하는 것은 제외한다,PSR_ART9_1_2,퇴직연금감독규정 제9조 제1항 제2호 마목 (증권 및 기타 적립금 운용방법의 종류 등 (1배수 상장지수집합투자기구 파생위험평가액 100% 한도 허용)),,퇴직연금감독규정 제9조 제1항 제2호 마목 단서 (1배 초과 또는 음의 배율 연동 배제),명칭 기반 배수 식별 및 퇴직연금감독규정 제9조 제1항 제2호 마목 단서 적용,2026-09-05,PASS (공식 검증 완료)
225130,KR7225130004,ACE 골드선물 레버리지(합성 H),한국투자신탁운용,원자재,불가,불가,Y,보통,법령조건직접판정,https://www.law.go.kr/LSW//admRulInfoP.do?admRulSeq=2100000244795&chrClsCd=010201,data/regulatory/sources/statutes/퇴직연금감독규정_20260905.txt,RULE_NAME,1way,퇴직연금감독규정 제9조 제1항 제2호 마목: 상장지수집합투자기구가 목표로 하는 지수의 변화에 1배를 초과하거나 음의 배율로 연동하여 운용하는 것은 제외한다,PSR_ART9_1_2,퇴직연금감독규정 제9조 제1항 제2호 마목 (증권 및 기타 적립금 운용방법의 종류 등 (1배수 상장지수집합투자기구 파생위험평가액 100% 한도 허용)),,퇴직연금감독규정 제9조 제1항 제2호 마목 단서 (1배 초과 또는 음의 배율 연동 배제),명칭 기반 배수 식별 및 퇴직연금감독규정 제9조 제1항 제2호 마목 단서 적용,2026-09-05,PASS (공식 검증 완료)
225800,KR7225800002,KIWOOM 미국달러선물레버리지,키움투자자산운용,주식-해외,불가,불가,Y,보통,법령조건직접판정,https://www.law.go.kr/LSW//admRulInfoP.do?admRulSeq=2100000244795&chrClsCd=010201,data/regulatory/sources/statutes/퇴직연금감독규정_20260905.txt,RULE_NAME,1way,퇴직연금감독규정 제9조 제1항 제2호 마목: 상장지수집합투자기구가 목표로 하는 지수의 변화에 1배를 초과하거나 음의 배율로 연동하여 운용하는 것은 제외한다,PSR_ART9_1_2,퇴직연금감독규정 제9조 제1항 제2호 마목 (증권 및 기타 적립금 운용방법의 종류 등 (1배수 상장지수집합투자기구 파생위험평가액 100% 한도 허용)),,퇴직연금감독규정 제9조 제1항 제2호 마목 단서 (1배 초과 또는 음의 배율 연동 배제),명칭 기반 배수 식별 및 퇴직연금감독규정 제9조 제1항 제2호 마목 단서 적용,2026-09-05,PASS (공식 검증 완료)
226380,KR7226380004,ACE Fn성장소비주도주,한국투자신탁운용,주식-국내,가능,70% (위험자산),Y,높음,증권사·운용사교차검증,https://dis.kofia.or.kr/websquare/index.jsp?w2xPath=/wq/fundann/DISFundFeeCMS.xml&divisionId=MDIS01005001000000&serviceId=SDIS01005001000,data/regulatory/sources/kofia_evidence_extract_20260905.xml,E3,3way,ACE Fn성장소비주도주 / 펀드유형: 주식형 / 기준일: 20260905,MOEL_WRBA_RULE_ART10_1_2,근로자퇴직급여 보장법 시행규칙 제10조 제1항 제2호 (위험자산의 범위 및 운용기준 (DC 및 IRP 위험자산 투자한도 70%)),ED_WRBA_ART26_1_2,공식 출처 대조 (증권사·운용사교차검증),KOFIA 펀드유형: 주식형 (근로자퇴직급여 보장법 시행규칙 제10조 제1항 제2호: 주식형 집합투자증권 위험자산 70% 한도),2026-09-05,PASS (공식 검증 완료)
226490,KR7226490001,KODEX 코스피,삼성자산운용,주식-국내,가능,70% (위험자산),Y,높음,증권사·운용사교차검증,https://dis.kofia.or.kr/websquare/index.jsp?w2xPath=/wq/fundann/DISFundFeeCMS.xml&divisionId=MDIS01005001000000&serviceId=SDIS01005001000,data/regulatory/sources/kofia_evidence_extract_20260905.xml,E3,3way,삼성KODEX 코스피증권상장지수투자신탁[주식] / 펀드유형: 주식형 / 표준코드: K55105B62905 / 기준일: 20150821,MOEL_WRBA_RULE_ART10_1_2,근로자퇴직급여 보장법 시행규칙 제10조 제1항 제2호 (위험자산의 범위 및 운용기준 (DC 및 IRP 위험자산 투자한도 70%)),ED_WRBA_ART26_1_2,공식 출처 대조 (증권사·운용사교차검증),KOFIA 펀드유형: 주식형 (근로자퇴직급여 보장법 시행규칙 제10조 제1항 제2호: 주식형 집합투자증권 위험자산 70% 한도),2026-09-05,PASS (공식 검증 완료)
226980,KR7226980001,KODEX 200 중소형,삼성자산운용,주식-국내,가능,70% (위험자산),Y,높음,증권사·운용사교차검증,https://dis.kofia.or.kr/websquare/index.jsp?w2xPath=/wq/fundann/DISFundFeeCMS.xml&divisionId=MDIS01005001000000&serviceId=SDIS01005001000,data/regulatory/sources/kofia_evidence_extract_20260905.xml,E3,3way,삼성KODEX200중소형증권상장지수투자신탁[주식] / 펀드유형: 주식형 / 표준코드: K55105B66492 / 기준일: 20150831,MOEL_WRBA_RULE_ART10_1_2,근로자퇴직급여 보장법 시행규칙 제10조 제1항 제2호 (위험자산의 범위 및 운용기준 (DC 및 IRP 위험자산 투자한도 70%)),ED_WRBA_ART26_1_2,공식 출처 대조 (증권사·운용사교차검증),KOFIA 펀드유형: 주식형 (근로자퇴직급여 보장법 시행규칙 제10조 제1항 제2호: 주식형 집합투자증권 위험자산 70% 한도),2026-09-05,PASS (공식 검증 완료)
227540,KR7227540002,TIGER 200 헬스케어,미래에셋자산운용,주식-국내,가능,70% (위험자산),Y,높음,증권사·운용사교차검증,https://dis.kofia.or.kr/websquare/index.jsp?w2xPath=/wq/fundann/DISFundFeeCMS.xml&divisionId=MDIS01005001000000&serviceId=SDIS01005001000,data/regulatory/sources/kofia_evidence_extract_20260905.xml,E3,3way,미래에셋TIGER200헬스케어증권상장지수투자신탁(주식) / 펀드유형: 주식형 / 표준코드: K55301B69897 / 기준일: 20150922,MOEL_WRBA_RULE_ART10_1_2,근로자퇴직급여 보장법 시행규칙 제10조 제1항 제2호 (위험자산의 범위 및 운용기준 (DC 및 IRP 위험자산 투자한도 70%)),ED_WRBA_ART26_1_2,공식 출처 대조 (증권사·운용사교차검증),KOFIA 펀드유형: 주식형 (근로자퇴직급여 보장법 시행규칙 제10조 제1항 제2호: 주식형 집합투자증권 위험자산 70% 한도),2026-09-05,PASS (공식 검증 완료)
227550,KR7227550001,TIGER 200 산업재,미래에셋자산운용,주식-국내,가능,70% (위험자산),Y,높음,증권사·운용사교차검증,https://dis.kofia.or.kr/websquare/index.jsp?w2xPath=/wq/fundann/DISFundFeeCMS.xml&divisionId=MDIS01005001000000&serviceId=SDIS01005001000,data/regulatory/sources/kofia_evidence_extract_20260905.xml,E3,3way,미래에셋TIGER200산업재증권상장지수투자신탁(주식) / 펀드유형: 주식형 / 표준코드: K55301B69905 / 기준일: 20150922,MOEL_WRBA_RULE_ART10_1_2,근로자퇴직급여 보장법 시행규칙 제10조 제1항 제2호 (위험자산의 범위 및 운용기준 (DC 및 IRP 위험자산 투자한도 70%)),ED_WRBA_ART26_1_2,공식 출처 대조 (증권사·운용사교차검증),KOFIA 펀드유형: 주식형 (근로자퇴직급여 보장법 시행규칙 제10조 제1항 제2호: 주식형 집합투자증권 위험자산 70% 한도),2026-09-05,PASS (공식 검증 완료)
227560,KR7227560000,TIGER 200 생활소비재,미래에셋자산운용,주식-국내,가능,70% (위험자산),Y,높음,증권사·운용사교차검증,https://dis.kofia.or.kr/websquare/index.jsp?w2xPath=/wq/fundann/DISFundFeeCMS.xml&divisionId=MDIS01005001000000&serviceId=SDIS01005001000,data/regulatory/sources/kofia_evidence_extract_20260905.xml,E3,3way,미래에셋TIGER200생활소비재증권상장지수투자신탁(주식) / 펀드유형: 주식형 / 표준코드: K55301B69913 / 기준일: 20150922,MOEL_WRBA_RULE_ART10_1_2,근로자퇴직급여 보장법 시행규칙 제10조 제1항 제2호 (위험자산의 범위 및 운용기준 (DC 및 IRP 위험자산 투자한도 70%)),ED_WRBA_ART26_1_2,공식 출처 대조 (증권사·운용사교차검증),KOFIA 펀드유형: 주식형 (근로자퇴직급여 보장법 시행규칙 제10조 제1항 제2호: 주식형 집합투자증권 위험자산 70% 한도),2026-09-05,PASS (공식 검증 완료)
227570,KR7227570009,TIGER 우량가치,미래에셋자산운용,주식-국내,가능,70% (위험자산),Y,높음,증권사·운용사교차검증,https://dis.kofia.or.kr/websquare/index.jsp?w2xPath=/wq/fundann/DISFundFeeCMS.xml&divisionId=MDIS01005001000000&serviceId=SDIS01005001000,data/regulatory/sources/kofia_evidence_extract_20260905.xml,E3,3way,미래에셋TIGER우량가치증권상장지수투자신탁(주식) / 펀드유형: 주식형 / 표준코드: K55301B69921 / 기준일: 20150922,MOEL_WRBA_RULE_ART10_1_2,근로자퇴직급여 보장법 시행규칙 제10조 제1항 제2호 (위험자산의 범위 및 운용기준 (DC 및 IRP 위험자산 투자한도 70%)),ED_WRBA_ART26_1_2,공식 출처 대조 (증권사·운용사교차검증),KOFIA 펀드유형: 주식형 (근로자퇴직급여 보장법 시행규칙 제10조 제1항 제2호: 주식형 집합투자증권 위험자산 70% 한도),2026-09-05,PASS (공식 검증 완료)
227830,KR7227830007,PLUS 코스피,한화자산운용,주식-국내,가능,70% (위험자산),Y,높음,증권사·운용사교차검증,https://dis.kofia.or.kr/websquare/index.jsp?w2xPath=/wq/fundann/DISFundFeeCMS.xml&divisionId=MDIS01005001000000&serviceId=SDIS01005001000,data/regulatory/sources/kofia_evidence_extract_20260905.xml,E3,3way,한화PLUS코스피증권상장지수투자신탁(주식) / 펀드유형: 주식형 / 표준코드: K55213B72955 / 기준일: 20150922,MOEL_WRBA_RULE_ART10_1_2,근로자퇴직급여 보장법 시행규칙 제10조 제1항 제2호 (위험자산의 범위 및 운용기준 (DC 및 IRP 위험자산 투자한도 70%)),ED_WRBA_ART26_1_2,공식 출처 대조 (증권사·운용사교차검증),KOFIA 펀드유형: 주식형 (근로자퇴직급여 보장법 시행규칙 제10조 제1항 제2호: 주식형 집합투자증권 위험자산 70% 한도),2026-09-05,PASS (공식 검증 완료)
228790,KR7228790002,TIGER 화장품,미래에셋자산운용,주식-국내,가능,70% (위험자산),Y,높음,증권사·운용사교차검증,https://dis.kofia.or.kr/websquare/index.jsp?w2xPath=/wq/fundann/DISFundFeeCMS.xml&divisionId=MDIS01005001000000&serviceId=SDIS01005001000,data/regulatory/sources/kofia_evidence_extract_20260905.xml,E3,3way,미래에셋TIGER화장품증권상장지수투자신탁(주식) / 펀드유형: 주식형 / 표준코드: K55301B73766 / 기준일: 20151006,MOEL_WRBA_RULE_ART10_1_2,근로자퇴직급여 보장법 시행규칙 제10조 제1항 제2호 (위험자산의 범위 및 운용기준 (DC 및 IRP 위험자산 투자한도 70%)),ED_WRBA_ART26_1_2,공식 출처 대조 (증권사·운용사교차검증),KOFIA 펀드유형: 주식형 (근로자퇴직급여 보장법 시행규칙 제10조 제1항 제2호: 주식형 집합투자증권 위험자산 70% 한도),2026-09-05,PASS (공식 검증 완료)
228800,KR7228800009,TIGER 여행레저,미래에셋자산운용,주식-국내,가능,70% (위험자산),Y,높음,증권사·운용사교차검증,https://dis.kofia.or.kr/websquare/index.jsp?w2xPath=/wq/fundann/DISFundFeeCMS.xml&divisionId=MDIS01005001000000&serviceId=SDIS01005001000,data/regulatory/sources/kofia_evidence_extract_20260905.xml,E3,3way,미래에셋TIGER여행레저증권상장지수투자신탁(주식) / 펀드유형: 주식형 / 표준코드: K55301B73758 / 기준일: 20151006,MOEL_WRBA_RULE_ART10_1_2,근로자퇴직급여 보장법 시행규칙 제10조 제1항 제2호 (위험자산의 범위 및 운용기준 (DC 및 IRP 위험자산 투자한도 70%)),ED_WRBA_ART26_1_2,공식 출처 대조 (증권사·운용사교차검증),KOFIA 펀드유형: 주식형 (근로자퇴직급여 보장법 시행규칙 제10조 제1항 제2호: 주식형 집합투자증권 위험자산 70% 한도),2026-09-05,PASS (공식 검증 완료)
228810,KR7228810008,TIGER 미디어컨텐츠,미래에셋자산운용,주식-국내,가능,70% (위험자산),Y,높음,증권사·운용사교차검증,https://dis.kofia.or.kr/websquare/index.jsp?w2xPath=/wq/fundann/DISFundFeeCMS.xml&divisionId=MDIS01005001000000&serviceId=SDIS01005001000,data/regulatory/sources/kofia_evidence_extract_20260905.xml,E3,3way,미래에셋TIGER미디어컨텐츠증권상장지수투자신탁(주식) / 펀드유형: 주식형 / 표준코드: K55301B73741 / 기준일: 20151006,MOEL_WRBA_RULE_ART10_1_2,근로자퇴직급여 보장법 시행규칙 제10조 제1항 제2호 (위험자산의 범위 및 운용기준 (DC 및 IRP 위험자산 투자한도 70%)),ED_WRBA_ART26_1_2,공식 출처 대조 (증권사·운용사교차검증),KOFIA 펀드유형: 주식형 (근로자퇴직급여 보장법 시행규칙 제10조 제1항 제2호: 주식형 집합투자증권 위험자산 70% 한도),2026-09-05,PASS (공식 검증 완료)
228820,KR7228820007,TIGER KTOP30,미래에셋자산운용,주식-국내,가능,70% (위험자산),Y,높음,증권사·운용사교차검증,https://dis.kofia.or.kr/websquare/index.jsp?w2xPath=/wq/fundann/DISFundFeeCMS.xml&divisionId=MDIS01005001000000&serviceId=SDIS01005001000,data/regulatory/sources/kofia_evidence_extract_20260905.xml,E3,3way,미래에셋TIGERKTOP30증권상장지수투자신탁(주식) / 펀드유형: 주식형 / 표준코드: K55301B73618 / 기준일: 20151013,MOEL_WRBA_RULE_ART10_1_2,근로자퇴직급여 보장법 시행규칙 제10조 제1항 제2호 (위험자산의 범위 및 운용기준 (DC 및 IRP 위험자산 투자한도 70%)),ED_WRBA_ART26_1_2,공식 출처 대조 (증권사·운용사교차검증),KOFIA 펀드유형: 주식형 (근로자퇴직급여 보장법 시행규칙 제10조 제1항 제2호: 주식형 집합투자증권 위험자산 70% 한도),2026-09-05,PASS (공식 검증 완료)
229200,KR7229200001,KODEX 코스닥150,삼성자산운용,주식-국내,가능,70% (위험자산),Y,높음,증권사·운용사교차검증,https://dis.kofia.or.kr/websquare/index.jsp?w2xPath=/wq/fundann/DISFundFeeCMS.xml&divisionId=MDIS01005001000000&serviceId=SDIS01005001000,data/regulatory/sources/kofia_evidence_extract_20260905.xml,E3,3way,삼성KODEX코스닥150증권상장지수투자신탁[주식] / 펀드유형: 주식형 / 표준코드: K55105B74603 / 기준일: 20150930,MOEL_WRBA_RULE_ART10_1_2,근로자퇴직급여 보장법 시행규칙 제10조 제1항 제2호 (위험자산의 범위 및 운용기준 (DC 및 IRP 위험자산 투자한도 70%)),ED_WRBA_ART26_1_2,공식 출처 대조 (증권사·운용사교차검증),KOFIA 펀드유형: 주식형 (근로자퇴직급여 보장법 시행규칙 제10조 제1항 제2호: 주식형 집합투자증권 위험자산 70% 한도),2026-09-05,PASS (공식 검증 완료)
229720,KR7229720008,KODEX KTOP30,삼성자산운용,주식-국내,가능,70% (위험자산),Y,높음,증권사·운용사교차검증,https://dis.kofia.or.kr/websquare/index.jsp?w2xPath=/wq/fundann/DISFundFeeCMS.xml&divisionId=MDIS01005001000000&serviceId=SDIS01005001000,data/regulatory/sources/kofia_evidence_extract_20260905.xml,E3,3way,삼성KODEX KTOP30증권상장지수투자신탁[주식] / 펀드유형: 주식형 / 표준코드: K55105B76798 / 기준일: 20151013,MOEL_WRBA_RULE_ART10_1_2,근로자퇴직급여 보장법 시행규칙 제10조 제1항 제2호 (위험자산의 범위 및 운용기준 (DC 및 IRP 위험자산 투자한도 70%)),ED_WRBA_ART26_1_2,공식 출처 대조 (증권사·운용사교차검증),KOFIA 펀드유형: 주식형 (근로자퇴직급여 보장법 시행규칙 제10조 제1항 제2호: 주식형 집합투자증권 위험자산 70% 한도),2026-09-05,PASS (공식 검증 완료)
230480,KR7230480006,KIWOOM 미국달러선물인버스2X,키움투자자산운용,주식-해외,불가,불가,Y,보통,법령조건직접판정,https://www.law.go.kr/LSW//admRulInfoP.do?admRulSeq=2100000244795&chrClsCd=010201,data/regulatory/sources/statutes/퇴직연금감독규정_20260905.txt,RULE_NAME,1way,퇴직연금감독규정 제9조 제1항 제2호 마목: 상장지수집합투자기구가 목표로 하는 지수의 변화에 1배를 초과하거나 음의 배율로 연동하여 운용하는 것은 제외한다,PSR_ART9_1_2,퇴직연금감독규정 제9조 제1항 제2호 마목 (증권 및 기타 적립금 운용방법의 종류 등 (1배수 상장지수집합투자기구 파생위험평가액 100% 한도 허용)),,퇴직연금감독규정 제9조 제1항 제2호 마목 단서 (1배 초과 또는 음의 배율 연동 배제),명칭 기반 배수 식별 및 퇴직연금감독규정 제9조 제1항 제2호 마목 단서 적용,2026-09-05,PASS (공식 검증 완료)
232080,KR7232080002,TIGER 코스닥150,미래에셋자산운용,주식-국내,가능,70% (위험자산),Y,높음,증권사·운용사교차검증,https://dis.kofia.or.kr/websquare/index.jsp?w2xPath=/wq/fundann/DISFundFeeCMS.xml&divisionId=MDIS01005001000000&serviceId=SDIS01005001000,data/regulatory/sources/kofia_evidence_extract_20260905.xml,E3,3way,미래에셋TIGER코스닥150증권상장지수투자신탁(주식) / 펀드유형: 주식형 / 표준코드: K55301B84235 / 기준일: 20151111,MOEL_WRBA_RULE_ART10_1_2,근로자퇴직급여 보장법 시행규칙 제10조 제1항 제2호 (위험자산의 범위 및 운용기준 (DC 및 IRP 위험자산 투자한도 70%)),ED_WRBA_ART26_1_2,공식 출처 대조 (증권사·운용사교차검증),KOFIA 펀드유형: 주식형 (근로자퇴직급여 보장법 시행규칙 제10조 제1항 제2호: 주식형 집합투자증권 위험자산 70% 한도),2026-09-05,PASS (공식 검증 완료)
233160,KR7233160001,TIGER 코스닥150 레버리지,미래에셋자산운용,주식-국내,불가,불가,Y,보통,법령조건직접판정,https://www.law.go.kr/LSW//admRulInfoP.do?admRulSeq=2100000244795&chrClsCd=010201,data/regulatory/sources/statutes/퇴직연금감독규정_20260905.txt,RULE_NAME,1way,퇴직연금감독규정 제9조 제1항 제2호 마목: 상장지수집합투자기구가 목표로 하는 지수의 변화에 1배를 초과하거나 음의 배율로 연동하여 운용하는 것은 제외한다,PSR_ART9_1_2,퇴직연금감독규정 제9조 제1항 제2호 마목 (증권 및 기타 적립금 운용방법의 종류 등 (1배수 상장지수집합투자기구 파생위험평가액 100% 한도 허용)),,퇴직연금감독규정 제9조 제1항 제2호 마목 단서 (1배 초과 또는 음의 배율 연동 배제),명칭 기반 배수 식별 및 퇴직연금감독규정 제9조 제1항 제2호 마목 단서 적용,2026-09-05,PASS (공식 검증 완료)
233740,KR7233740000,KODEX 코스닥150레버리지,삼성자산운용,주식-국내,불가,불가,Y,보통,법령조건직접판정,https://www.law.go.kr/LSW//admRulInfoP.do?admRulSeq=2100000244795&chrClsCd=010201,data/regulatory/sources/statutes/퇴직연금감독규정_20260905.txt,RULE_NAME,1way,퇴직연금감독규정 제9조 제1항 제2호 마목: 상장지수집합투자기구가 목표로 하는 지수의 변화에 1배를 초과하거나 음의 배율로 연동하여 운용하는 것은 제외한다,PSR_ART9_1_2,퇴직연금감독규정 제9조 제1항 제2호 마목 (증권 및 기타 적립금 운용방법의 종류 등 (1배수 상장지수집합투자기구 파생위험평가액 100% 한도 허용)),,퇴직연금감독규정 제9조 제1항 제2호 마목 단서 (1배 초과 또는 음의 배율 연동 배제),명칭 기반 배수 식별 및 퇴직연금감독규정 제9조 제1항 제2호 마목 단서 적용,2026-09-05,PASS (공식 검증 완료)
234310,KR7234310001,RISE V&S셀렉트밸류,KB자산운용,주식-국내,가능,70% (위험자산),Y,높음,증권사·운용사교차검증,https://dis.kofia.or.kr/websquare/index.jsp?w2xPath=/wq/fundann/DISFundFeeCMS.xml&divisionId=MDIS01005001000000&serviceId=SDIS01005001000,data/regulatory/sources/kofia_evidence_extract_20260905.xml,E3,3way,KBRISEV&amp;S셀렉트밸류증권상장지수투자신탁(주식) / 펀드유형: 주식형 / 표준코드: K55223B91129 / 기준일: 20160201,MOEL_WRBA_RULE_ART10_1_2,근로자퇴직급여 보장법 시행규칙 제10조 제1항 제2호 (위험자산의 범위 및 운용기준 (DC 및 IRP 위험자산 투자한도 70%)),ED_WRBA_ART26_1_2,공식 출처 대조 (증권사·운용사교차검증),KOFIA 펀드유형: 주식형 (근로자퇴직급여 보장법 시행규칙 제10조 제1항 제2호: 주식형 집합투자증권 위험자산 70% 한도),2026-09-05,PASS (공식 검증 완료)
236350,KR7236350005,TIGER 인도니프티50레버리지(합성),미래에셋자산운용,주식-해외,불가,불가,Y,보통,법령조건직접판정,https://www.law.go.kr/LSW//admRulInfoP.do?admRulSeq=2100000244795&chrClsCd=010201,data/regulatory/sources/statutes/퇴직연금감독규정_20260905.txt,RULE_NAME,1way,퇴직연금감독규정 제9조 제1항 제2호 마목: 상장지수집합투자기구가 목표로 하는 지수의 변화에 1배를 초과하거나 음의 배율로 연동하여 운용하는 것은 제외한다,PSR_ART9_1_2,퇴직연금감독규정 제9조 제1항 제2호 마목 (증권 및 기타 적립금 운용방법의 종류 등 (1배수 상장지수집합투자기구 파생위험평가액 100% 한도 허용)),,퇴직연금감독규정 제9조 제1항 제2호 마목 단서 (1배 초과 또는 음의 배율 연동 배제),명칭 기반 배수 식별 및 퇴직연금감독규정 제9조 제1항 제2호 마목 단서 적용,2026-09-05,PASS (공식 검증 완료)
237350,KR7237350004,KODEX 코스피100,삼성자산운용,주식-국내,가능,70% (위험자산),Y,높음,증권사·운용사교차검증,https://dis.kofia.or.kr/websquare/index.jsp?w2xPath=/wq/fundann/DISFundFeeCMS.xml&divisionId=MDIS01005001000000&serviceId=SDIS01005001000,data/regulatory/sources/kofia_evidence_extract_20260905.xml,E3,3way,삼성KODEX코스피100증권상장지수투자신탁[주식] / 펀드유형: 주식형 / 표준코드: K55105B98537 / 기준일: 20160126,MOEL_WRBA_RULE_ART10_1_2,근로자퇴직급여 보장법 시행규칙 제10조 제1항 제2호 (위험자산의 범위 및 운용기준 (DC 및 IRP 위험자산 투자한도 70%)),ED_WRBA_ART26_1_2,공식 출처 대조 (증권사·운용사교차검증),KOFIA 펀드유형: 주식형 (근로자퇴직급여 보장법 시행규칙 제10조 제1항 제2호: 주식형 집합투자증권 위험자산 70% 한도),2026-09-05,PASS (공식 검증 완료)
237370,KR7237370002,KODEX 코리아배당성장채권혼합,삼성자산운용,채권,가능,100% (안전자산),Y,높음,증권사·운용사교차검증,https://dis.kofia.or.kr/websquare/index.jsp?w2xPath=/wq/fundann/DISFundFeeCMS.xml&divisionId=MDIS01005001000000&serviceId=SDIS01005001000,data/regulatory/sources/kofia_evidence_extract_20260905.xml,E3,3way,삼성KODEX코리아배당성장채권혼합증권상장지수투자신탁[채권혼합] / 펀드유형: 혼합채권형 / 표준코드: K55105B99147 / 기준일: 20160126,PSR_ART11_1_5,퇴직연금감독규정 제11조 제1항 제5호 (적립금 운용방법 등 (주식 50% 미만 채권혼합형 100% 안전자산)),,금융감독원 DART 투자설명서 신탁계약서 제16조 주식편입한도 대조 (증권사·운용사교차검증),KOFIA 펀드유형: 혼합채권형 (퇴직연금감독규정 제11조 제1항 제5호: 약관상 주식 투자한도 50% 미만 혼합채권형 안전자산 100% 한도),2026-09-05,PASS (공식 검증 완료)
237440,KR7237440003,TIGER 경기방어채권혼합,미래에셋자산운용,채권,가능,100% (안전자산),Y,높음,증권사·운용사교차검증,https://dis.kofia.or.kr/websquare/index.jsp?w2xPath=/wq/fundann/DISFundFeeCMS.xml&divisionId=MDIS01005001000000&serviceId=SDIS01005001000,data/regulatory/sources/kofia_evidence_extract_20260905.xml,E3,3way,TIGER 경기방어채권혼합 / 펀드유형: 채권형 / 기준일: 20260905,PSR_ART11_1_5,퇴직연금감독규정 제11조 제1항 제5호 (적립금 운용방법 등 (주식 50% 미만 채권혼합형 100% 안전자산)),,금융감독원 DART 투자설명서 신탁계약서 제16조 주식편입한도 대조 (증권사·운용사교차검증),KOFIA 펀드유형: 혼합채권형 (퇴직연금감독규정 제11조 제1항 제5호: 약관상 주식 투자한도 50% 미만 혼합채권형 안전자산 100% 한도),2026-09-05,PASS (공식 검증 완료)
238670,KR7238670004,PLUS 스마트베타Quality채권혼합,한화자산운용,채권,가능,100% (안전자산),Y,높음,증권사목록대조,https://securities.koreainvestment.com/pension/nwEtcinfo/Notice.jsp?cmd=A_NW_33030View&num=47520,data/regulatory/sources/brokers/koreainvestment/ETF_REITs_LIST_RP_260831.xlsx,E4,2way,한국투자증권 퇴직연금 ETF 상품 현황(2026-08-31 기준) / PLUS 스마트베타Quality채권혼합 / 238670 / 한화 / 퇴직연금 투자한도 1,PSR_ART11_1_5,퇴직연금감독규정 제11조 제1항 제5호 (적립금 운용방법 등 (주식 50% 미만 채권혼합형 100% 안전자산)),,판매사 퇴직연금 매매가능 유니버스 및 주식한도 대조 (증권사목록대조),한국투자증권 퇴직연금 ETF 상품 현황(2026-08-31 기준) 위험자산한도 1 대조 및 규제엔진 2자 합치 일치,2026-09-06,PASS (공식 검증 완료)
238720,KR7238720007,ACE 일본Nikkei225(H),한국투자신탁운용,주식-해외,가능,70% (위험자산),Y,높음,증권사·운용사교차검증,https://securities.koreainvestment.com/pension/nwEtcinfo/Notice.jsp?cmd=A_NW_33030View&num=47520,data/regulatory/sources/brokers/koreainvestment/ETF_REITs_LIST_RP_260831.xlsx,E4,3way,한국투자증권 퇴직연금 ETF 상품 현황(2026-08-31 기준) / ACE 일본Nikkei225(H) / 238720 / 한국 / 퇴직연금 투자한도 0.7,MOEL_WRBA_RULE_ART10_1_2,근로자퇴직급여 보장법 시행규칙 제10조 제1항 제2호 (위험자산의 범위 및 운용기준 (DC 및 IRP 위험자산 투자한도 70%)),ED_WRBA_ART26_1_2,공식 출처 대조 (증권사·운용사교차검증),한국투자증권 퇴직연금 ETF 상품 현황(2026-08-31 기준) 위험자산한도 0.7 대조 및 규제엔진 2자 합치 일치,2026-09-06,PASS (공식 검증 완료)
239660,KR7239660004,PLUS 우량회사채50,한화자산운용,채권,가능,100% (안전자산),Y,높음,협회공시대조,https://dis.kofia.or.kr/websquare/index.jsp?w2xPath=/wq/fundann/DISFundFeeCMS.xml&divisionId=MDIS01005001000000&serviceId=SDIS01005001000,data/regulatory/sources/kofia_evidence_extract_20260905.xml,E3,1way,한화PLUS우량회사채50증권상장지수투자신탁(채권) / 펀드유형: 채권형 / 표준코드: K55213BB5131 / 기준일: 20160321,PSR_ART11_1_4,퇴직연금감독규정 제11조 제1항 제4호 (적립금 운용방법 등 (원리금보장 및 채권형 등 100% 안전자산)),,금융투자협회 전자공시서비스(DIS) 표준 펀드유형 '채권형' XML 전수 대조,KOFIA 펀드유형: 채권형 (퇴직연금감독규정 제11조 제1항 제4호: 원리금보장 및 채권형 안전자산 (100% 편입 가능)),2026-09-05,PASS (공식 검증 완료)
241180,KR7241180009,TIGER 일본니케이225,미래에셋자산운용,주식-해외,가능,70% (위험자산),Y,높음,증권사·운용사교차검증,https://securities.koreainvestment.com/pension/nwEtcinfo/Notice.jsp?cmd=A_NW_33030View&num=47520,data/regulatory/sources/brokers/koreainvestment/ETF_REITs_LIST_RP_260831.xlsx,E4,3way,미래에셋자산운용 TIGER 공시 [KR7241180009 / TIGER 일본니케이225 / 퇴직연금 70%] & 한국투자증권 공시 [241180 / TIGER 일본니케이225 / 위험자산한도: 0.7],MOEL_WRBA_RULE_ART10_1_2,근로자퇴직급여 보장법 시행규칙 제10조 제1항 제2호 (위험자산의 범위 및 운용기준 (DC 및 IRP 위험자산 투자한도 70%)),ED_WRBA_ART26_1_2,공식 출처 대조 (증권사·운용사교차검증),미래에셋자산운용 TIGER 공시 [KR7241180009 / 퇴직연금 70%] 및 한국투자증권 공시 [단축코드: 241180 / 위험자산한도: 0.7] 100% 교차 일치,2026-09-06,PASS (공식 검증 완료)
241390,KR7241390004,RISE V&S셀렉트밸류채권혼합,KB자산운용,채권,가능,100% (안전자산),Y,높음,협회공시대조,https://dis.kofia.or.kr/websquare/index.jsp?w2xPath=/wq/fundann/DISFundFeeCMS.xml&divisionId=MDIS01005001000000&serviceId=SDIS01005001000,data/regulatory/sources/kofia_evidence_extract_20260905.xml,E3,1way,KBRISEV&amp;S셀렉트밸류채권혼합증권상장지수투자신탁(채권혼합) / 펀드유형: 혼합채권형 / 표준코드: K55223BB7382 / 기준일: 20160411,PSR_ART11_1_5,퇴직연금감독규정 제11조 제1항 제5호 (적립금 운용방법 등 (주식 50% 미만 채권혼합형 100% 안전자산)),,금융투자협회 전자공시(DIS) 표준 펀드유형 '혼합채권형' XML 대조 (약관상 주식 50% 미만 퇴직연금감독규정 제11조제1항제5호),KOFIA 펀드유형: 혼합채권형 (퇴직연금감독규정 제11조 제1항 제5호: 약관상 주식 투자한도 50% 미만 혼합채권형 안전자산 100% 한도),2026-09-05,PASS (공식 검증 완료)
243880,KR7243880002,TIGER 200IT레버리지,미래에셋자산운용,주식-국내,불가,불가,Y,보통,법령조건직접판정,https://www.law.go.kr/LSW//admRulInfoP.do?admRulSeq=2100000244795&chrClsCd=010201,data/regulatory/sources/statutes/퇴직연금감독규정_20260905.txt,RULE_NAME,1way,퇴직연금감독규정 제9조 제1항 제2호 마목: 상장지수집합투자기구가 목표로 하는 지수의 변화에 1배를 초과하거나 음의 배율로 연동하여 운용하는 것은 제외한다,PSR_ART9_1_2,퇴직연금감독규정 제9조 제1항 제2호 마목 (증권 및 기타 적립금 운용방법의 종류 등 (1배수 상장지수집합투자기구 파생위험평가액 100% 한도 허용)),,퇴직연금감독규정 제9조 제1항 제2호 마목 단서 (1배 초과 또는 음의 배율 연동 배제),명칭 기반 배수 식별 및 퇴직연금감독규정 제9조 제1항 제2호 마목 단서 적용,2026-09-05,PASS (공식 검증 완료)
243890,KR7243890001,TIGER 200에너지화학레버리지,미래에셋자산운용,주식-국내,불가,불가,Y,보통,법령조건직접판정,https://www.law.go.kr/LSW//admRulInfoP.do?admRulSeq=2100000244795&chrClsCd=010201,data/regulatory/sources/statutes/퇴직연금감독규정_20260905.txt,RULE_NAME,1way,퇴직연금감독규정 제9조 제1항 제2호 마목: 상장지수집합투자기구가 목표로 하는 지수의 변화에 1배를 초과하거나 음의 배율로 연동하여 운용하는 것은 제외한다,PSR_ART9_1_2,퇴직연금감독규정 제9조 제1항 제2호 마목 (증권 및 기타 적립금 운용방법의 종류 등 (1배수 상장지수집합투자기구 파생위험평가액 100% 한도 허용)),,퇴직연금감독규정 제9조 제1항 제2호 마목 단서 (1배 초과 또는 음의 배율 연동 배제),명칭 기반 배수 식별 및 퇴직연금감독규정 제9조 제1항 제2호 마목 단서 적용,2026-09-05,PASS (공식 검증 완료)
244580,KR7244580007,KODEX 바이오,삼성자산운용,주식-국내,가능,70% (위험자산),Y,높음,증권사·운용사교차검증,https://dis.kofia.or.kr/websquare/index.jsp?w2xPath=/wq/fundann/DISFundFeeCMS.xml&divisionId=MDIS01005001000000&serviceId=SDIS01005001000,data/regulatory/sources/kofia_evidence_extract_20260905.xml,E3,3way,삼성KODEX바이오증권상장지수투자신탁[주식] / 펀드유형: 주식형 / 표준코드: K55105BC9695 / 기준일: 20160512,MOEL_WRBA_RULE_ART10_1_2,근로자퇴직급여 보장법 시행규칙 제10조 제1항 제2호 (위험자산의 범위 및 운용기준 (DC 및 IRP 위험자산 투자한도 70%)),ED_WRBA_ART26_1_2,공식 출처 대조 (증권사·운용사교차검증),KOFIA 펀드유형: 주식형 (근로자퇴직급여 보장법 시행규칙 제10조 제1항 제2호: 주식형 집합투자증권 위험자산 70% 한도),2026-09-05,PASS (공식 검증 완료)
244620,KR7244620001,KODEX 모멘텀Plus,삼성자산운용,주식-국내,가능,70% (위험자산),Y,높음,증권사·운용사교차검증,https://dis.kofia.or.kr/websquare/index.jsp?w2xPath=/wq/fundann/DISFundFeeCMS.xml&divisionId=MDIS01005001000000&serviceId=SDIS01005001000,data/regulatory/sources/kofia_evidence_extract_20260905.xml,E3,3way,삼성KODEX모멘텀PLUS증권상장지수투자신탁[주식] / 펀드유형: 주식형 / 표준코드: K55105BD0552 / 기준일: 20160512,MOEL_WRBA_RULE_ART10_1_2,근로자퇴직급여 보장법 시행규칙 제10조 제1항 제2호 (위험자산의 범위 및 운용기준 (DC 및 IRP 위험자산 투자한도 70%)),ED_WRBA_ART26_1_2,공식 출처 대조 (증권사·운용사교차검증),KOFIA 펀드유형: 주식형 (근로자퇴직급여 보장법 시행규칙 제10조 제1항 제2호: 주식형 집합투자증권 위험자산 70% 한도),2026-09-05,PASS (공식 검증 완료)
244660,KR7244660007,KODEX 퀄리티Plus,삼성자산운용,주식-국내,가능,70% (위험자산),Y,높음,증권사·운용사교차검증,https://dis.kofia.or.kr/websquare/index.jsp?w2xPath=/wq/fundann/DISFundFeeCMS.xml&divisionId=MDIS01005001000000&serviceId=SDIS01005001000,data/regulatory/sources/kofia_evidence_extract_20260905.xml,E3,3way,삼성KODEX퀄리티PLUS증권상장지수투자신탁[주식] / 펀드유형: 주식형 / 표준코드: K55105BD0578 / 기준일: 20160512,MOEL_WRBA_RULE_ART10_1_2,근로자퇴직급여 보장법 시행규칙 제10조 제1항 제2호 (위험자산의 범위 및 운용기준 (DC 및 IRP 위험자산 투자한도 70%)),ED_WRBA_ART26_1_2,공식 출처 대조 (증권사·운용사교차검증),KOFIA 펀드유형: 주식형 (근로자퇴직급여 보장법 시행규칙 제10조 제1항 제2호: 주식형 집합투자증권 위험자산 70% 한도),2026-09-05,PASS (공식 검증 완료)
244670,KR7244670006,KODEX 밸류Plus,삼성자산운용,주식-국내,가능,70% (위험자산),Y,높음,증권사·운용사교차검증,https://dis.kofia.or.kr/websquare/index.jsp?w2xPath=/wq/fundann/DISFundFeeCMS.xml&divisionId=MDIS01005001000000&serviceId=SDIS01005001000,data/regulatory/sources/kofia_evidence_extract_20260905.xml,E3,3way,삼성KODEX밸류PLUS증권상장지수투자신탁[주식] / 펀드유형: 주식형 / 표준코드: K55105BD0586 / 기준일: 20160512,MOEL_WRBA_RULE_ART10_1_2,근로자퇴직급여 보장법 시행규칙 제10조 제1항 제2호 (위험자산의 범위 및 운용기준 (DC 및 IRP 위험자산 투자한도 70%)),ED_WRBA_ART26_1_2,공식 출처 대조 (증권사·운용사교차검증),KOFIA 펀드유형: 주식형 (근로자퇴직급여 보장법 시행규칙 제10조 제1항 제2호: 주식형 집합투자증권 위험자산 70% 한도),2026-09-05,PASS (공식 검증 완료)
245340,KR7245340005,TIGER 미국다우존스30,미래에셋자산운용,주식-해외,가능,70% (위험자산),Y,높음,증권사·운용사교차검증,https://securities.koreainvestment.com/pension/nwEtcinfo/Notice.jsp?cmd=A_NW_33030View&num=47520,data/regulatory/sources/brokers/koreainvestment/ETF_REITs_LIST_RP_260831.xlsx,E4,3way,미래에셋자산운용 TIGER 공시 [KR7245340005 / TIGER 미국다우존스30 / 퇴직연금 70%] & 한국투자증권 공시 [245340 / TIGER 미국다우존스30 / 위험자산한도: 0.7],MOEL_WRBA_RULE_ART10_1_2,근로자퇴직급여 보장법 시행규칙 제10조 제1항 제2호 (위험자산의 범위 및 운용기준 (DC 및 IRP 위험자산 투자한도 70%)),ED_WRBA_ART26_1_2,공식 출처 대조 (증권사·운용사교차검증),미래에셋자산운용 TIGER 공시 [KR7245340005 / 퇴직연금 70%] 및 한국투자증권 공시 [단축코드: 245340 / 위험자산한도: 0.7] 100% 교차 일치,2026-09-06,PASS (공식 검증 완료)
245350,KR7245350004,TIGER 유로스탁스배당30,미래에셋자산운용,주식-해외,가능,70% (위험자산),Y,높음,증권사·운용사교차검증,https://securities.koreainvestment.com/pension/nwEtcinfo/Notice.jsp?cmd=A_NW_33030View&num=47520,data/regulatory/sources/brokers/koreainvestment/ETF_REITs_LIST_RP_260831.xlsx,E4,3way,미래에셋자산운용 TIGER 공시 [KR7245350004 / TIGER 유로스탁스배당30 / 퇴직연금 70%] & 한국투자증권 공시 [245350 / TIGER 유로스탁스배당30 / 위험자산한도: 0.7],MOEL_WRBA_RULE_ART10_1_2,근로자퇴직급여 보장법 시행규칙 제10조 제1항 제2호 (위험자산의 범위 및 운용기준 (DC 및 IRP 위험자산 투자한도 70%)),ED_WRBA_ART26_1_2,공식 출처 대조 (증권사·운용사교차검증),미래에셋자산운용 TIGER 공시 [KR7245350004 / 퇴직연금 70%] 및 한국투자증권 공시 [단축코드: 245350 / 위험자산한도: 0.7] 100% 교차 일치,2026-09-06,PASS (공식 검증 완료)
245360,KR7245360003,TIGER 차이나HSCEI,미래에셋자산운용,주식-해외,가능,70% (위험자산),Y,높음,증권사·운용사교차검증,https://securities.koreainvestment.com/pension/nwEtcinfo/Notice.jsp?cmd=A_NW_33030View&num=47520,data/regulatory/sources/brokers/koreainvestment/ETF_REITs_LIST_RP_260831.xlsx,E4,3way,미래에셋자산운용 TIGER 공시 [KR7245360003 / TIGER 차이나HSCEI / 퇴직연금 70%] & 한국투자증권 공시 [245360 / TIGER 차이나HSCEI / 위험자산한도: 0.7],MOEL_WRBA_RULE_ART10_1_2,근로자퇴직급여 보장법 시행규칙 제10조 제1항 제2호 (위험자산의 범위 및 운용기준 (DC 및 IRP 위험자산 투자한도 70%)),ED_WRBA_ART26_1_2,공식 출처 대조 (증권사·운용사교차검증),미래에셋자산운용 TIGER 공시 [KR7245360003 / 퇴직연금 70%] 및 한국투자증권 공시 [단축코드: 245360 / 위험자산한도: 0.7] 100% 교차 일치,2026-09-06,PASS (공식 검증 완료)
245710,KR7245710009,ACE 베트남VN30(합성),한국투자신탁운용,주식-해외,가능,70% (위험자산),Y,높음,증권사·운용사교차검증,https://securities.koreainvestment.com/pension/nwEtcinfo/Notice.jsp?cmd=A_NW_33030View&num=47520,data/regulatory/sources/brokers/koreainvestment/ETF_REITs_LIST_RP_260831.xlsx,E4,3way,한국투자증권 퇴직연금 ETF 상품 현황(2026-08-31 기준) / ACE 베트남VN30(합성) / 245710 / 한국 / 퇴직연금 투자한도 0.7,MOEL_WRBA_RULE_ART10_1_2,근로자퇴직급여 보장법 시행규칙 제10조 제1항 제2호 (위험자산의 범위 및 운용기준 (DC 및 IRP 위험자산 투자한도 70%)),ED_WRBA_ART26_1_2,공식 출처 대조 (증권사·운용사교차검증),한국투자증권 퇴직연금 ETF 상품 현황(2026-08-31 기준) 위험자산한도 0.7 대조 및 규제엔진 2자 합치 일치,2026-09-06,PASS (공식 검증 완료)
248270,KR7248270001,TIGER S&P글로벌헬스케어(합성),미래에셋자산운용,주식-해외,가능,70% (위험자산),Y,높음,증권사·운용사교차검증,https://securities.koreainvestment.com/pension/nwEtcinfo/Notice.jsp?cmd=A_NW_33030View&num=47520,data/regulatory/sources/brokers/koreainvestment/ETF_REITs_LIST_RP_260831.xlsx,E4,3way,미래에셋자산운용 TIGER 공시 [KR7248270001 /  / 퇴직연금 70%] & 한국투자증권 공시 [248270 / TIGER S&P글로벌헬스케어(합성) / 위험자산한도: 0.7],MOEL_WRBA_RULE_ART10_1_2,근로자퇴직급여 보장법 시행규칙 제10조 제1항 제2호 (위험자산의 범위 및 운용기준 (DC 및 IRP 위험자산 투자한도 70%)),ED_WRBA_ART26_1_2,공식 출처 대조 (증권사·운용사교차검증),미래에셋자산운용 TIGER 공시 [KR7248270001 / 퇴직연금 70%] 및 한국투자증권 공시 [단축코드: 248270 / 위험자산한도: 0.7] 100% 교차 일치,2026-09-06,PASS (공식 검증 완료)
250730,KR7250730009,RISE 차이나HSCEI(H),KB자산운용,주식-해외,가능,70% (위험자산),Y,높음,증권사·운용사교차검증,https://dis.kofia.or.kr/websquare/index.jsp?w2xPath=/wq/fundann/DISFundFeeCMS.xml&divisionId=MDIS01005001000000&serviceId=SDIS01005001000,data/regulatory/sources/kofia_evidence_extract_20260905.xml,E3,3way,KBRISE차이나HSCEI증권상장지수투자신탁(주식)(H) / 펀드유형: 주식형 / 표준코드: K55223BF0979 / 기준일: 20160804,MOEL_WRBA_RULE_ART10_1_2,근로자퇴직급여 보장법 시행규칙 제10조 제1항 제2호 (위험자산의 범위 및 운용기준 (DC 및 IRP 위험자산 투자한도 70%)),ED_WRBA_ART26_1_2,공식 출처 대조 (증권사·운용사교차검증),KOFIA 펀드유형: 주식형 (근로자퇴직급여 보장법 시행규칙 제10조 제1항 제2호: 주식형 집합투자증권 위험자산 70% 한도),2026-09-05,PASS (공식 검증 완료)
250780,KR7250780004,TIGER 코스닥150선물인버스,미래에셋자산운용,주식-국내,불가,불가,Y,보통,법령조건직접판정,https://www.law.go.kr/LSW//admRulInfoP.do?admRulSeq=2100000244795&chrClsCd=010201,data/regulatory/sources/statutes/퇴직연금감독규정_20260905.txt,RULE_NAME,1way,퇴직연금감독규정 제9조 제1항 제2호 마목: 상장지수집합투자기구가 목표로 하는 지수의 변화에 1배를 초과하거나 음의 배율로 연동하여 운용하는 것은 제외한다,PSR_ART9_1_2,퇴직연금감독규정 제9조 제1항 제2호 마목 (증권 및 기타 적립금 운용방법의 종류 등 (1배수 상장지수집합투자기구 파생위험평가액 100% 한도 허용)),,퇴직연금감독규정 제9조 제1항 제2호 마목 단서 (1배 초과 또는 음의 배율 연동 배제),명칭 기반 배수 식별 및 퇴직연금감독규정 제9조 제1항 제2호 마목 단서 적용,2026-09-05,PASS (공식 검증 완료)
251340,KR7251340006,KODEX 코스닥150선물인버스,삼성자산운용,주식-국내,불가,불가,Y,보통,법령조건직접판정,https://www.law.go.kr/LSW//admRulInfoP.do?admRulSeq=2100000244795&chrClsCd=010201,data/regulatory/sources/statutes/퇴직연금감독규정_20260905.txt,RULE_NAME,1way,퇴직연금감독규정 제9조 제1항 제2호 마목: 상장지수집합투자기구가 목표로 하는 지수의 변화에 1배를 초과하거나 음의 배율로 연동하여 운용하는 것은 제외한다,PSR_ART9_1_2,퇴직연금감독규정 제9조 제1항 제2호 마목 (증권 및 기타 적립금 운용방법의 종류 등 (1배수 상장지수집합투자기구 파생위험평가액 100% 한도 허용)),,퇴직연금감독규정 제9조 제1항 제2호 마목 단서 (1배 초과 또는 음의 배율 연동 배제),명칭 기반 배수 식별 및 퇴직연금감독규정 제9조 제1항 제2호 마목 단서 적용,2026-09-05,PASS (공식 검증 완료)
251350,KR7251350005,KODEX MSCI선진국,삼성자산운용,주식-해외,가능,70% (위험자산),Y,높음,증권사·운용사교차검증,https://dis.kofia.or.kr/websquare/index.jsp?w2xPath=/wq/fundann/DISFundFeeCMS.xml&divisionId=MDIS01005001000000&serviceId=SDIS01005001000,data/regulatory/sources/kofia_evidence_extract_20260905.xml,E3,3way,삼성KODEXMSCI선진국증권상장지수투자신탁[주식] / 펀드유형: 주식형 / 표준코드: K55105BF7266 / 기준일: 20160808,MOEL_WRBA_RULE_ART10_1_2,근로자퇴직급여 보장법 시행규칙 제10조 제1항 제2호 (위험자산의 범위 및 운용기준 (DC 및 IRP 위험자산 투자한도 70%)),ED_WRBA_ART26_1_2,공식 출처 대조 (증권사·운용사교차검증),KOFIA 펀드유형: 주식형 (근로자퇴직급여 보장법 시행규칙 제10조 제1항 제2호: 주식형 집합투자증권 위험자산 70% 한도),2026-09-05,PASS (공식 검증 완료)
251590,KR7251590006,PLUS 고배당저변동50,한화자산운용,주식-국내,가능,70% (위험자산),Y,높음,증권사·운용사교차검증,https://dis.kofia.or.kr/websquare/index.jsp?w2xPath=/wq/fundann/DISFundFeeCMS.xml&divisionId=MDIS01005001000000&serviceId=SDIS01005001000,data/regulatory/sources/kofia_evidence_extract_20260905.xml,E3,3way,한화PLUS고배당저변동50증권상장지수투자신탁(주식) / 펀드유형: 주식형 / 표준코드: K55213BG0087 / 기준일: 20160810,MOEL_WRBA_RULE_ART10_1_2,근로자퇴직급여 보장법 시행규칙 제10조 제1항 제2호 (위험자산의 범위 및 운용기준 (DC 및 IRP 위험자산 투자한도 70%)),ED_WRBA_ART26_1_2,공식 출처 대조 (증권사·운용사교차검증),KOFIA 펀드유형: 주식형 (근로자퇴직급여 보장법 시행규칙 제10조 제1항 제2호: 주식형 집합투자증권 위험자산 70% 한도),2026-09-05,PASS (공식 검증 완료)
251600,KR7251600003,PLUS 고배당주채권혼합,한화자산운용,채권,가능,100% (안전자산),Y,높음,증권사목록대조,https://securities.koreainvestment.com/pension/nwEtcinfo/Notice.jsp?cmd=A_NW_33030View&num=47520,data/regulatory/sources/brokers/koreainvestment/ETF_REITs_LIST_RP_260831.xlsx,E4,2way,한국투자증권 퇴직연금 ETF 상품 현황(2026-08-31 기준) / PLUS 고배당주채권혼합 / 251600 / 한화 / 퇴직연금 투자한도 1,PSR_ART11_1_5,퇴직연금감독규정 제11조 제1항 제5호 (적립금 운용방법 등 (주식 50% 미만 채권혼합형 100% 안전자산)),,판매사 퇴직연금 매매가능 유니버스 및 주식한도 대조 (증권사목록대조),한국투자증권 퇴직연금 ETF 상품 현황(2026-08-31 기준) 위험자산한도 1 대조 및 규제엔진 2자 합치 일치,2026-09-06,PASS (공식 검증 완료)
252000,KR7252000005,TIGER 200동일가중,미래에셋자산운용,주식-국내,가능,70% (위험자산),Y,높음,증권사·운용사교차검증,https://dis.kofia.or.kr/websquare/index.jsp?w2xPath=/wq/fundann/DISFundFeeCMS.xml&divisionId=MDIS01005001000000&serviceId=SDIS01005001000,data/regulatory/sources/kofia_evidence_extract_20260905.xml,E3,3way,미래에셋TIGER200동일가중증권상장지수투자신탁(주식) / 펀드유형: 주식형 / 표준코드: K55301BG7119 / 기준일: 20160919,MOEL_WRBA_RULE_ART10_1_2,근로자퇴직급여 보장법 시행규칙 제10조 제1항 제2호 (위험자산의 범위 및 운용기준 (DC 및 IRP 위험자산 투자한도 70%)),ED_WRBA_ART26_1_2,공식 출처 대조 (증권사·운용사교차검증),KOFIA 펀드유형: 주식형 (근로자퇴직급여 보장법 시행규칙 제10조 제1항 제2호: 주식형 집합투자증권 위험자산 70% 한도),2026-09-05,PASS (공식 검증 완료)
252400,KR7252400007,RISE 200선물레버리지,KB자산운용,주식-국내,불가,불가,Y,보통,법령조건직접판정,https://www.law.go.kr/LSW//admRulInfoP.do?admRulSeq=2100000244795&chrClsCd=010201,data/regulatory/sources/statutes/퇴직연금감독규정_20260905.txt,RULE_NAME,1way,퇴직연금감독규정 제9조 제1항 제2호 마목: 상장지수집합투자기구가 목표로 하는 지수의 변화에 1배를 초과하거나 음의 배율로 연동하여 운용하는 것은 제외한다,PSR_ART9_1_2,퇴직연금감독규정 제9조 제1항 제2호 마목 (증권 및 기타 적립금 운용방법의 종류 등 (1배수 상장지수집합투자기구 파생위험평가액 100% 한도 허용)),,퇴직연금감독규정 제9조 제1항 제2호 마목 단서 (1배 초과 또는 음의 배율 연동 배제),명칭 기반 배수 식별 및 퇴직연금감독규정 제9조 제1항 제2호 마목 단서 적용,2026-09-05,PASS (공식 검증 완료)
252410,KR7252410006,RISE 200선물인버스,KB자산운용,주식-국내,불가,불가,Y,보통,법령조건직접판정,https://www.law.go.kr/LSW//admRulInfoP.do?admRulSeq=2100000244795&chrClsCd=010201,data/regulatory/sources/statutes/퇴직연금감독규정_20260905.txt,RULE_NAME,1way,퇴직연금감독규정 제9조 제1항 제2호 마목: 상장지수집합투자기구가 목표로 하는 지수의 변화에 1배를 초과하거나 음의 배율로 연동하여 운용하는 것은 제외한다,PSR_ART9_1_2,퇴직연금감독규정 제9조 제1항 제2호 마목 (증권 및 기타 적립금 운용방법의 종류 등 (1배수 상장지수집합투자기구 파생위험평가액 100% 한도 허용)),,퇴직연금감독규정 제9조 제1항 제2호 마목 단서 (1배 초과 또는 음의 배율 연동 배제),명칭 기반 배수 식별 및 퇴직연금감독규정 제9조 제1항 제2호 마목 단서 적용,2026-09-05,PASS (공식 검증 완료)
252420,KR7252420005,RISE 200선물인버스2X,KB자산운용,주식-국내,불가,불가,Y,보통,법령조건직접판정,https://www.law.go.kr/LSW//admRulInfoP.do?admRulSeq=2100000244795&chrClsCd=010201,data/regulatory/sources/statutes/퇴직연금감독규정_20260905.txt,RULE_NAME,1way,퇴직연금감독규정 제9조 제1항 제2호 마목: 상장지수집합투자기구가 목표로 하는 지수의 변화에 1배를 초과하거나 음의 배율로 연동하여 운용하는 것은 제외한다,PSR_ART9_1_2,퇴직연금감독규정 제9조 제1항 제2호 마목 (증권 및 기타 적립금 운용방법의 종류 등 (1배수 상장지수집합투자기구 파생위험평가액 100% 한도 허용)),,퇴직연금감독규정 제9조 제1항 제2호 마목 단서 (1배 초과 또는 음의 배율 연동 배제),명칭 기반 배수 식별 및 퇴직연금감독규정 제9조 제1항 제2호 마목 단서 적용,2026-09-05,PASS (공식 검증 완료)
252650,KR7252650007,KODEX 200동일가중,삼성자산운용,주식-국내,가능,70% (위험자산),Y,높음,증권사·운용사교차검증,https://dis.kofia.or.kr/websquare/index.jsp?w2xPath=/wq/fundann/DISFundFeeCMS.xml&divisionId=MDIS01005001000000&serviceId=SDIS01005001000,data/regulatory/sources/kofia_evidence_extract_20260905.xml,E3,3way,삼성KODEX200동일가중증권상장지수투자신탁[주식] / 펀드유형: 주식형 / 표준코드: K55105BG6549 / 기준일: 20160919,MOEL_WRBA_RULE_ART10_1_2,근로자퇴직급여 보장법 시행규칙 제10조 제1항 제2호 (위험자산의 범위 및 운용기준 (DC 및 IRP 위험자산 투자한도 70%)),ED_WRBA_ART26_1_2,공식 출처 대조 (증권사·운용사교차검증),KOFIA 펀드유형: 주식형 (근로자퇴직급여 보장법 시행규칙 제10조 제1항 제2호: 주식형 집합투자증권 위험자산 70% 한도),2026-09-05,PASS (공식 검증 완료)
252670,KR7252670005,KODEX 200선물인버스2X,삼성자산운용,주식-국내,불가,불가,Y,보통,법령조건직접판정,https://www.law.go.kr/LSW//admRulInfoP.do?admRulSeq=2100000244795&chrClsCd=010201,data/regulatory/sources/statutes/퇴직연금감독규정_20260905.txt,RULE_NAME,1way,퇴직연금감독규정 제9조 제1항 제2호 마목: 상장지수집합투자기구가 목표로 하는 지수의 변화에 1배를 초과하거나 음의 배율로 연동하여 운용하는 것은 제외한다,PSR_ART9_1_2,퇴직연금감독규정 제9조 제1항 제2호 마목 (증권 및 기타 적립금 운용방법의 종류 등 (1배수 상장지수집합투자기구 파생위험평가액 100% 한도 허용)),,퇴직연금감독규정 제9조 제1항 제2호 마목 단서 (1배 초과 또는 음의 배율 연동 배제),명칭 기반 배수 식별 및 퇴직연금감독규정 제9조 제1항 제2호 마목 단서 적용,2026-09-05,PASS (공식 검증 완료)
252710,KR7252710009,TIGER 200선물인버스2X,미래에셋자산운용,주식-국내,불가,불가,Y,보통,법령조건직접판정,https://www.law.go.kr/LSW//admRulInfoP.do?admRulSeq=2100000244795&chrClsCd=010201,data/regulatory/sources/statutes/퇴직연금감독규정_20260905.txt,RULE_NAME,1way,퇴직연금감독규정 제9조 제1항 제2호 마목: 상장지수집합투자기구가 목표로 하는 지수의 변화에 1배를 초과하거나 음의 배율로 연동하여 운용하는 것은 제외한다,PSR_ART9_1_2,퇴직연금감독규정 제9조 제1항 제2호 마목 (증권 및 기타 적립금 운용방법의 종류 등 (1배수 상장지수집합투자기구 파생위험평가액 100% 한도 허용)),,퇴직연금감독규정 제9조 제1항 제2호 마목 단서 (1배 초과 또는 음의 배율 연동 배제),명칭 기반 배수 식별 및 퇴직연금감독규정 제9조 제1항 제2호 마목 단서 적용,2026-09-05,PASS (공식 검증 완료)
253150,KR7253150007,PLUS 200선물레버리지,한화자산운용,주식-국내,불가,불가,Y,보통,법령조건직접판정,https://www.law.go.kr/LSW//admRulInfoP.do?admRulSeq=2100000244795&chrClsCd=010201,data/regulatory/sources/statutes/퇴직연금감독규정_20260905.txt,RULE_NAME,1way,퇴직연금감독규정 제9조 제1항 제2호 마목: 상장지수집합투자기구가 목표로 하는 지수의 변화에 1배를 초과하거나 음의 배율로 연동하여 운용하는 것은 제외한다,PSR_ART9_1_2,퇴직연금감독규정 제9조 제1항 제2호 마목 (증권 및 기타 적립금 운용방법의 종류 등 (1배수 상장지수집합투자기구 파생위험평가액 100% 한도 허용)),,퇴직연금감독규정 제9조 제1항 제2호 마목 단서 (1배 초과 또는 음의 배율 연동 배제),명칭 기반 배수 식별 및 퇴직연금감독규정 제9조 제1항 제2호 마목 단서 적용,2026-09-05,PASS (공식 검증 완료)
253160,KR7253160006,PLUS 200선물인버스2X,한화자산운용,주식-국내,불가,불가,Y,보통,법령조건직접판정,https://www.law.go.kr/LSW//admRulInfoP.do?admRulSeq=2100000244795&chrClsCd=010201,data/regulatory/sources/statutes/퇴직연금감독규정_20260905.txt,RULE_NAME,1way,퇴직연금감독규정 제9조 제1항 제2호 마목: 상장지수집합투자기구가 목표로 하는 지수의 변화에 1배를 초과하거나 음의 배율로 연동하여 운용하는 것은 제외한다,PSR_ART9_1_2,퇴직연금감독규정 제9조 제1항 제2호 마목 (증권 및 기타 적립금 운용방법의 종류 등 (1배수 상장지수집합투자기구 파생위험평가액 100% 한도 허용)),,퇴직연금감독규정 제9조 제1항 제2호 마목 단서 (1배 초과 또는 음의 배율 연동 배제),명칭 기반 배수 식별 및 퇴직연금감독규정 제9조 제1항 제2호 마목 단서 적용,2026-09-05,PASS (공식 검증 완료)
253230,KR7253230007,KIWOOM 200선물인버스2X,키움투자자산운용,주식-국내,불가,불가,Y,보통,법령조건직접판정,https://www.law.go.kr/LSW//admRulInfoP.do?admRulSeq=2100000244795&chrClsCd=010201,data/regulatory/sources/statutes/퇴직연금감독규정_20260905.txt,RULE_NAME,1way,퇴직연금감독규정 제9조 제1항 제2호 마목: 상장지수집합투자기구가 목표로 하는 지수의 변화에 1배를 초과하거나 음의 배율로 연동하여 운용하는 것은 제외한다,PSR_ART9_1_2,퇴직연금감독규정 제9조 제1항 제2호 마목 (증권 및 기타 적립금 운용방법의 종류 등 (1배수 상장지수집합투자기구 파생위험평가액 100% 한도 허용)),,퇴직연금감독규정 제9조 제1항 제2호 마목 단서 (1배 초과 또는 음의 배율 연동 배제),명칭 기반 배수 식별 및 퇴직연금감독규정 제9조 제1항 제2호 마목 단서 적용,2026-09-05,PASS (공식 검증 완료)
253240,KR7253240006,KIWOOM 200선물인버스,키움투자자산운용,주식-국내,불가,불가,Y,보통,법령조건직접판정,https://www.law.go.kr/LSW//admRulInfoP.do?admRulSeq=2100000244795&chrClsCd=010201,data/regulatory/sources/statutes/퇴직연금감독규정_20260905.txt,RULE_NAME,1way,퇴직연금감독규정 제9조 제1항 제2호 마목: 상장지수집합투자기구가 목표로 하는 지수의 변화에 1배를 초과하거나 음의 배율로 연동하여 운용하는 것은 제외한다,PSR_ART9_1_2,퇴직연금감독규정 제9조 제1항 제2호 마목 (증권 및 기타 적립금 운용방법의 종류 등 (1배수 상장지수집합투자기구 파생위험평가액 100% 한도 허용)),,퇴직연금감독규정 제9조 제1항 제2호 마목 단서 (1배 초과 또는 음의 배율 연동 배제),명칭 기반 배수 식별 및 퇴직연금감독규정 제9조 제1항 제2호 마목 단서 적용,2026-09-05,PASS (공식 검증 완료)
253250,KR7253250005,KIWOOM 200선물레버리지,키움투자자산운용,주식-국내,불가,불가,Y,보통,법령조건직접판정,https://www.law.go.kr/LSW//admRulInfoP.do?admRulSeq=2100000244795&chrClsCd=010201,data/regulatory/sources/statutes/퇴직연금감독규정_20260905.txt,RULE_NAME,1way,퇴직연금감독규정 제9조 제1항 제2호 마목: 상장지수집합투자기구가 목표로 하는 지수의 변화에 1배를 초과하거나 음의 배율로 연동하여 운용하는 것은 제외한다,PSR_ART9_1_2,퇴직연금감독규정 제9조 제1항 제2호 마목 (증권 및 기타 적립금 운용방법의 종류 등 (1배수 상장지수집합투자기구 파생위험평가액 100% 한도 허용)),,퇴직연금감독규정 제9조 제1항 제2호 마목 단서 (1배 초과 또는 음의 배율 연동 배제),명칭 기반 배수 식별 및 퇴직연금감독규정 제9조 제1항 제2호 마목 단서 적용,2026-09-05,PASS (공식 검증 완료)
253280,KR7253280002,RISE 헬스케어,KB자산운용,주식-국내,가능,70% (위험자산),Y,높음,증권사·운용사교차검증,https://dis.kofia.or.kr/websquare/index.jsp?w2xPath=/wq/fundann/DISFundFeeCMS.xml&divisionId=MDIS01005001000000&serviceId=SDIS01005001000,data/regulatory/sources/kofia_evidence_extract_20260905.xml,E3,3way,KBRISE헬스케어증권상장지수투자신탁(주식) / 펀드유형: 주식형 / 표준코드: K55223BH3559 / 기준일: 20160922,MOEL_WRBA_RULE_ART10_1_2,근로자퇴직급여 보장법 시행규칙 제10조 제1항 제2호 (위험자산의 범위 및 운용기준 (DC 및 IRP 위험자산 투자한도 70%)),ED_WRBA_ART26_1_2,공식 출처 대조 (증권사·운용사교차검증),KOFIA 펀드유형: 주식형 (근로자퇴직급여 보장법 시행규칙 제10조 제1항 제2호: 주식형 집합투자증권 위험자산 70% 한도),2026-09-05,PASS (공식 검증 완료)
253290,KR7253290001,RISE 헬스케어채권혼합,KB자산운용,채권,가능,100% (안전자산),Y,높음,협회공시대조,https://dis.kofia.or.kr/websquare/index.jsp?w2xPath=/wq/fundann/DISFundFeeCMS.xml&divisionId=MDIS01005001000000&serviceId=SDIS01005001000,data/regulatory/sources/kofia_evidence_extract_20260905.xml,E3,1way,KBRISE헬스케어채권혼합증권상장지수투자신탁(채권혼합) / 펀드유형: 혼합채권형 / 표준코드: K55223BH3617 / 기준일: 20160922,PSR_ART11_1_5,퇴직연금감독규정 제11조 제1항 제5호 (적립금 운용방법 등 (주식 50% 미만 채권혼합형 100% 안전자산)),,금융투자협회 전자공시(DIS) 표준 펀드유형 '혼합채권형' XML 대조 (약관상 주식 50% 미만 퇴직연금감독규정 제11조제1항제5호),KOFIA 펀드유형: 혼합채권형 (퇴직연금감독규정 제11조 제1항 제5호: 약관상 주식 투자한도 50% 미만 혼합채권형 안전자산 100% 한도),2026-09-05,PASS (공식 검증 완료)
256440,KR7256440009,ACE MSCI인도네시아(합성),한국투자신탁운용,주식-해외,가능,70% (위험자산),Y,높음,증권사·운용사교차검증,https://securities.koreainvestment.com/pension/nwEtcinfo/Notice.jsp?cmd=A_NW_33030View&num=47520,data/regulatory/sources/brokers/koreainvestment/ETF_REITs_LIST_RP_260831.xlsx,E4,3way,한국투자증권 퇴직연금 ETF 상품 현황(2026-08-31 기준) / ACE MSCI인도네시아(합성) / 256440 / 한국 / 퇴직연금 투자한도 0.7,MOEL_WRBA_RULE_ART10_1_2,근로자퇴직급여 보장법 시행규칙 제10조 제1항 제2호 (위험자산의 범위 및 운용기준 (DC 및 IRP 위험자산 투자한도 70%)),ED_WRBA_ART26_1_2,공식 출처 대조 (증권사·운용사교차검증),한국투자증권 퇴직연금 ETF 상품 현황(2026-08-31 기준) 위험자산한도 0.7 대조 및 규제엔진 2자 합치 일치,2026-09-06,PASS (공식 검증 완료)
256450,KR7256450008,PLUS 심천차이넥스트(합성),한화자산운용,주식-해외,가능,70% (위험자산),Y,높음,증권사·운용사교차검증,https://securities.koreainvestment.com/pension/nwEtcinfo/Notice.jsp?cmd=A_NW_33030View&num=47520,data/regulatory/sources/brokers/koreainvestment/ETF_REITs_LIST_RP_260831.xlsx,E4,3way,한국투자증권 퇴직연금 ETF 상품 현황(2026-08-31 기준) / PLUS 심천차이넥스트(합성) / 256450 / 한화 / 퇴직연금 투자한도 0.7,MOEL_WRBA_RULE_ART10_1_2,근로자퇴직급여 보장법 시행규칙 제10조 제1항 제2호 (위험자산의 범위 및 운용기준 (DC 및 IRP 위험자산 투자한도 70%)),ED_WRBA_ART26_1_2,공식 출처 대조 (증권사·운용사교차검증),한국투자증권 퇴직연금 ETF 상품 현황(2026-08-31 기준) 위험자산한도 0.7 대조 및 규제엔진 2자 합치 일치,2026-09-06,PASS (공식 검증 완료)
256750,KR7256750001,KODEX 차이나심천ChiNext(합성),삼성자산운용,주식-해외,가능,70% (위험자산),Y,높음,증권사·운용사교차검증,https://securities.koreainvestment.com/pension/nwEtcinfo/Notice.jsp?cmd=A_NW_33030View&num=47520,data/regulatory/sources/brokers/koreainvestment/ETF_REITs_LIST_RP_260831.xlsx,E4,3way,삼성자산운용 KODEX 공시 [256750 / KODEX 차이나심천ChiNext(합성) / ivPsbReti: 70%] & 한국투자증권 공시 [256750 / KODEX 차이나심천ChiNext(합성) / 위험자산한도: 0.7],MOEL_WRBA_RULE_ART10_1_2,근로자퇴직급여 보장법 시행규칙 제10조 제1항 제2호 (위험자산의 범위 및 운용기준 (DC 및 IRP 위험자산 투자한도 70%)),ED_WRBA_ART26_1_2,공식 출처 대조 (증권사·운용사교차검증),삼성자산운용 KODEX 연금투자 공시 [stkTicker: 256750 / ivPsbReti: 70%] 및 한국투자증권 공시 [단축코드: 256750 / 위험자산한도: 0.7] 100% 교차 일치,2026-09-06,PASS (공식 검증 완료)
261060,KR7261060008,TIGER 코스닥150IT,미래에셋자산운용,주식-국내,가능,70% (위험자산),Y,높음,증권사·운용사교차검증,https://dis.kofia.or.kr/websquare/index.jsp?w2xPath=/wq/fundann/DISFundFeeCMS.xml&divisionId=MDIS01005001000000&serviceId=SDIS01005001000,data/regulatory/sources/kofia_evidence_extract_20260905.xml,E3,3way,미래에셋TIGER코스닥150IT증권상장지수투자신탁(주식) / 펀드유형: 주식형 / 표준코드: K55301BJ7017 / 기준일: 20161214,MOEL_WRBA_RULE_ART10_1_2,근로자퇴직급여 보장법 시행규칙 제10조 제1항 제2호 (위험자산의 범위 및 운용기준 (DC 및 IRP 위험자산 투자한도 70%)),ED_WRBA_ART26_1_2,공식 출처 대조 (증권사·운용사교차검증),KOFIA 펀드유형: 주식형 (근로자퇴직급여 보장법 시행규칙 제10조 제1항 제2호: 주식형 집합투자증권 위험자산 70% 한도),2026-09-05,PASS (공식 검증 완료)
261070,KR7261070007,TIGER 코스닥150바이오테크,미래에셋자산운용,주식-국내,가능,70% (위험자산),Y,높음,증권사·운용사교차검증,https://dis.kofia.or.kr/websquare/index.jsp?w2xPath=/wq/fundann/DISFundFeeCMS.xml&divisionId=MDIS01005001000000&serviceId=SDIS01005001000,data/regulatory/sources/kofia_evidence_extract_20260905.xml,E3,3way,미래에셋TIGER코스닥150바이오테크증권상장지수투자신탁(주식) / 펀드유형: 주식형 / 표준코드: K55301BJ7009 / 기준일: 20161214,MOEL_WRBA_RULE_ART10_1_2,근로자퇴직급여 보장법 시행규칙 제10조 제1항 제2호 (위험자산의 범위 및 운용기준 (DC 및 IRP 위험자산 투자한도 70%)),ED_WRBA_ART26_1_2,공식 출처 대조 (증권사·운용사교차검증),KOFIA 펀드유형: 주식형 (근로자퇴직급여 보장법 시행규칙 제10조 제1항 제2호: 주식형 집합투자증권 위험자산 70% 한도),2026-09-05,PASS (공식 검증 완료)
261110,KR7261110001,TIGER 미국달러선물레버리지,미래에셋자산운용,주식-해외,불가,불가,Y,보통,법령조건직접판정,https://www.law.go.kr/LSW//admRulInfoP.do?admRulSeq=2100000244795&chrClsCd=010201,data/regulatory/sources/statutes/퇴직연금감독규정_20260905.txt,RULE_NAME,1way,퇴직연금감독규정 제9조 제1항 제2호 마목: 상장지수집합투자기구가 목표로 하는 지수의 변화에 1배를 초과하거나 음의 배율로 연동하여 운용하는 것은 제외한다,PSR_ART9_1_2,퇴직연금감독규정 제9조 제1항 제2호 마목 (증권 및 기타 적립금 운용방법의 종류 등 (1배수 상장지수집합투자기구 파생위험평가액 100% 한도 허용)),,퇴직연금감독규정 제9조 제1항 제2호 마목 단서 (1배 초과 또는 음의 배율 연동 배제),명칭 기반 배수 식별 및 퇴직연금감독규정 제9조 제1항 제2호 마목 단서 적용,2026-09-05,PASS (공식 검증 완료)
261120,KR7261120000,TIGER 미국달러선물인버스2X,미래에셋자산운용,주식-해외,불가,불가,Y,보통,법령조건직접판정,https://www.law.go.kr/LSW//admRulInfoP.do?admRulSeq=2100000244795&chrClsCd=010201,data/regulatory/sources/statutes/퇴직연금감독규정_20260905.txt,RULE_NAME,1way,퇴직연금감독규정 제9조 제1항 제2호 마목: 상장지수집합투자기구가 목표로 하는 지수의 변화에 1배를 초과하거나 음의 배율로 연동하여 운용하는 것은 제외한다,PSR_ART9_1_2,퇴직연금감독규정 제9조 제1항 제2호 마목 (증권 및 기타 적립금 운용방법의 종류 등 (1배수 상장지수집합투자기구 파생위험평가액 100% 한도 허용)),,퇴직연금감독규정 제9조 제1항 제2호 마목 단서 (1배 초과 또는 음의 배율 연동 배제),명칭 기반 배수 식별 및 퇴직연금감독규정 제9조 제1항 제2호 마목 단서 적용,2026-09-05,PASS (공식 검증 완료)
261140,KR7261140008,TIGER 우선주,미래에셋자산운용,주식-국내,가능,70% (위험자산),Y,높음,증권사·운용사교차검증,https://dis.kofia.or.kr/websquare/index.jsp?w2xPath=/wq/fundann/DISFundFeeCMS.xml&divisionId=MDIS01005001000000&serviceId=SDIS01005001000,data/regulatory/sources/kofia_evidence_extract_20260905.xml,E3,3way,미래에셋TIGER우선주증권상장지수투자신탁(주식) / 펀드유형: 주식형 / 표준코드: K55301BJ4477 / 기준일: 20170105,MOEL_WRBA_RULE_ART10_1_2,근로자퇴직급여 보장법 시행규칙 제10조 제1항 제2호 (위험자산의 범위 및 운용기준 (DC 및 IRP 위험자산 투자한도 70%)),ED_WRBA_ART26_1_2,공식 출처 대조 (증권사·운용사교차검증),KOFIA 펀드유형: 주식형 (근로자퇴직급여 보장법 시행규칙 제10조 제1항 제2호: 주식형 집합투자증권 위험자산 70% 한도),2026-09-05,PASS (공식 검증 완료)
261220,KR7261220008,KODEX WTI원유선물(H),삼성자산운용,원자재,불가,불가,Y,높음,증권사목록대조,https://securities.koreainvestment.com/pension/nwEtcinfo/Notice.jsp?cmd=A_NW_33030View&num=47520,data/regulatory/sources/brokers/koreainvestment/ETF_REITs_LIST_RP_260831.xlsx; data/regulatory/sources/brokers/koreainvestment/kis_etf_ticker_universe_20260831.txt,E4,2way,"한국투자증권 퇴직연금 ETF 상품 현황(2026-08-31 기준) 2행: ★매매불가: 레버리지/인버스/파생형/해외상장ETF / 해당 종목코드(261220 KODEX WTI원유선물(H)) 퇴직연금 매매가능 유니버스 1,021종목 전수 대조 결과 미수록(부재) 확인",PSR_ART9_1_2,퇴직연금감독규정 제9조 제1항 제2호 마목 (증권 및 기타 적립금 운용방법의 종류 등 (1배수 상장지수집합투자기구 파생위험평가액 100% 한도 허용)),FSC_FIBA_REG_ART4_54,판매사 퇴직연금 매매 불가 유니버스 대조 및 퇴직연금감독규정 제9조 (위험평가액 40% 초과 배제),"한국투자증권 엑셀 2행 '★매매불가: 레버리지/인버스/파생형/해외상장ETF' 및 1,021종목 유니버스 전수 대조 미수록(부재) 근거 편입 불가 확정",2026-09-06,PASS (공식 검증 완료)
261240,KR7261240006,KODEX 미국달러선물,삼성자산운용,주식-해외,불가,불가,Y,높음,증권사목록대조,https://securities.koreainvestment.com/pension/nwEtcinfo/Notice.jsp?cmd=A_NW_33030View&num=47520,data/regulatory/sources/brokers/koreainvestment/ETF_REITs_LIST_RP_260831.xlsx; data/regulatory/sources/brokers/koreainvestment/kis_etf_ticker_universe_20260831.txt,E4,2way,"한국투자증권 퇴직연금 ETF 상품 현황(2026-08-31 기준) 2행: ★매매불가: 레버리지/인버스/파생형/해외상장ETF / 해당 종목코드(261240 KODEX 미국달러선물) 퇴직연금 매매가능 유니버스 1,021종목 전수 대조 결과 미수록(부재) 확인",PSR_ART9_1_2,퇴직연금감독규정 제9조 제1항 제2호 마목 (증권 및 기타 적립금 운용방법의 종류 등 (1배수 상장지수집합투자기구 파생위험평가액 100% 한도 허용)),FSC_FIBA_REG_ART4_54,판매사 퇴직연금 매매 불가 유니버스 대조 및 퇴직연금감독규정 제9조 (위험평가액 40% 초과 배제),"한국투자증권 엑셀 2행 '★매매불가: 레버리지/인버스/파생형/해외상장ETF' 및 1,021종목 유니버스 전수 대조 미수록(부재) 근거 편입 불가 확정",2026-09-06,PASS (공식 검증 완료)
261250,KR7261250005,KODEX 미국달러선물레버리지,삼성자산운용,주식-해외,불가,불가,Y,보통,법령조건직접판정,https://www.law.go.kr/LSW//admRulInfoP.do?admRulSeq=2100000244795&chrClsCd=010201,data/regulatory/sources/statutes/퇴직연금감독규정_20260905.txt,RULE_NAME,1way,퇴직연금감독규정 제9조 제1항 제2호 마목: 상장지수집합투자기구가 목표로 하는 지수의 변화에 1배를 초과하거나 음의 배율로 연동하여 운용하는 것은 제외한다,PSR_ART9_1_2,퇴직연금감독규정 제9조 제1항 제2호 마목 (증권 및 기타 적립금 운용방법의 종류 등 (1배수 상장지수집합투자기구 파생위험평가액 100% 한도 허용)),,퇴직연금감독규정 제9조 제1항 제2호 마목 단서 (1배 초과 또는 음의 배율 연동 배제),명칭 기반 배수 식별 및 퇴직연금감독규정 제9조 제1항 제2호 마목 단서 적용,2026-09-05,PASS (공식 검증 완료)
261260,KR7261260004,KODEX 미국달러선물인버스2X,삼성자산운용,주식-해외,불가,불가,Y,보통,법령조건직접판정,https://www.law.go.kr/LSW//admRulInfoP.do?admRulSeq=2100000244795&chrClsCd=010201,data/regulatory/sources/statutes/퇴직연금감독규정_20260905.txt,RULE_NAME,1way,퇴직연금감독규정 제9조 제1항 제2호 마목: 상장지수집합투자기구가 목표로 하는 지수의 변화에 1배를 초과하거나 음의 배율로 연동하여 운용하는 것은 제외한다,PSR_ART9_1_2,퇴직연금감독규정 제9조 제1항 제2호 마목 (증권 및 기타 적립금 운용방법의 종류 등 (1배수 상장지수집합투자기구 파생위험평가액 100% 한도 허용)),,퇴직연금감독규정 제9조 제1항 제2호 마목 단서 (1배 초과 또는 음의 배율 연동 배제),명칭 기반 배수 식별 및 퇴직연금감독규정 제9조 제1항 제2호 마목 단서 적용,2026-09-05,PASS (공식 검증 완료)
261270,KR7261270003,KODEX 미국달러선물인버스,삼성자산운용,주식-해외,불가,불가,Y,보통,법령조건직접판정,https://www.law.go.kr/LSW//admRulInfoP.do?admRulSeq=2100000244795&chrClsCd=010201,data/regulatory/sources/statutes/퇴직연금감독규정_20260905.txt,RULE_NAME,1way,퇴직연금감독규정 제9조 제1항 제2호 마목: 상장지수집합투자기구가 목표로 하는 지수의 변화에 1배를 초과하거나 음의 배율로 연동하여 운용하는 것은 제외한다,PSR_ART9_1_2,퇴직연금감독규정 제9조 제1항 제2호 마목 (증권 및 기타 적립금 운용방법의 종류 등 (1배수 상장지수집합투자기구 파생위험평가액 100% 한도 허용)),,퇴직연금감독규정 제9조 제1항 제2호 마목 단서 (1배 초과 또는 음의 배율 연동 배제),명칭 기반 배수 식별 및 퇴직연금감독규정 제9조 제1항 제2호 마목 단서 적용,2026-09-05,PASS (공식 검증 완료)
261920,KR7261920003,ACE MSCI필리핀(합성),한국투자신탁운용,주식-해외,가능,70% (위험자산),Y,높음,증권사·운용사교차검증,https://securities.koreainvestment.com/pension/nwEtcinfo/Notice.jsp?cmd=A_NW_33030View&num=47520,data/regulatory/sources/brokers/koreainvestment/ETF_REITs_LIST_RP_260831.xlsx,E4,3way,한국투자증권 퇴직연금 ETF 상품 현황(2026-08-31 기준) / ACE MSCI필리핀(합성) / 261920 / 한국 / 퇴직연금 투자한도 0.7,MOEL_WRBA_RULE_ART10_1_2,근로자퇴직급여 보장법 시행규칙 제10조 제1항 제2호 (위험자산의 범위 및 운용기준 (DC 및 IRP 위험자산 투자한도 70%)),ED_WRBA_ART26_1_2,공식 출처 대조 (증권사·운용사교차검증),한국투자증권 퇴직연금 ETF 상품 현황(2026-08-31 기준) 위험자산한도 0.7 대조 및 규제엔진 2자 합치 일치,2026-09-06,PASS (공식 검증 완료)
265690,KR7265690008,ACE 러시아MSCI(합성),한국투자신탁운용,주식-해외,가능,70% (위험자산),Y,높음,증권사·운용사교차검증,https://www.aceetf.co.kr/api/pension/search,data/regulatory/sources/issuers/ace/ace_pension_search_20260906.json,E4,2way,"한국투자신탁운용 연금투자 공식 API(std_DT 20260903) / ACE 러시아MSCI(합성) / stockCode 265690 / retirementPensionRatio 70 / pensionType 개인연금,퇴직연금",MOEL_WRBA_RULE_ART10_1_2,근로자퇴직급여 보장법 시행규칙 제10조 제1항 제2호 (위험자산의 범위 및 운용기준 (DC 및 IRP 위험자산 투자한도 70%)),ED_WRBA_ART26_1_2,공식 출처 대조 (증권사·운용사교차검증),한국투자신탁운용 연금투자 공식 API 확인 (개인연금 및 퇴직연금 70% 위험자산 투자적격),2026-09-06,PASS (공식 검증 완료)
266160,KR7266160001,RISE 고배당,KB자산운용,주식-국내,가능,70% (위험자산),Y,높음,증권사·운용사교차검증,https://dis.kofia.or.kr/websquare/index.jsp?w2xPath=/wq/fundann/DISFundFeeCMS.xml&divisionId=MDIS01005001000000&serviceId=SDIS01005001000,data/regulatory/sources/kofia_evidence_extract_20260905.xml,E3,3way,KBRISE고배당증권상장지수투자신탁(주식) / 펀드유형: 주식형 / 표준코드: K55223BM7066 / 기준일: 20170413,MOEL_WRBA_RULE_ART10_1_2,근로자퇴직급여 보장법 시행규칙 제10조 제1항 제2호 (위험자산의 범위 및 운용기준 (DC 및 IRP 위험자산 투자한도 70%)),ED_WRBA_ART26_1_2,공식 출처 대조 (증권사·운용사교차검증),KOFIA 펀드유형: 주식형 (근로자퇴직급여 보장법 시행규칙 제10조 제1항 제2호: 주식형 집합투자증권 위험자산 70% 한도),2026-09-05,PASS (공식 검증 완료)
266360,KR7266360007,KODEX K콘텐츠,삼성자산운용,주식-국내,가능,70% (위험자산),Y,높음,증권사·운용사교차검증,https://dis.kofia.or.kr/websquare/index.jsp?w2xPath=/wq/fundann/DISFundFeeCMS.xml&divisionId=MDIS01005001000000&serviceId=SDIS01005001000,data/regulatory/sources/kofia_evidence_extract_20260905.xml,E3,3way,삼성KODEXK콘텐츠증권상장지수투자신탁[주식] / 펀드유형: 주식형 / 표준코드: K55105BM5626 / 기준일: 20170327,MOEL_WRBA_RULE_ART10_1_2,근로자퇴직급여 보장법 시행규칙 제10조 제1항 제2호 (위험자산의 범위 및 운용기준 (DC 및 IRP 위험자산 투자한도 70%)),ED_WRBA_ART26_1_2,공식 출처 대조 (증권사·운용사교차검증),KOFIA 펀드유형: 주식형 (근로자퇴직급여 보장법 시행규칙 제10조 제1항 제2호: 주식형 집합투자증권 위험자산 70% 한도),2026-09-05,PASS (공식 검증 완료)
266370,KR7266370006,KODEX IT,삼성자산운용,주식-국내,가능,70% (위험자산),Y,높음,증권사·운용사교차검증,https://dis.kofia.or.kr/websquare/index.jsp?w2xPath=/wq/fundann/DISFundFeeCMS.xml&divisionId=MDIS01005001000000&serviceId=SDIS01005001000,data/regulatory/sources/kofia_evidence_extract_20260905.xml,E3,3way,삼성KODEX IT증권상장지수투자신탁(주식) / 펀드유형: 주식형 / 표준코드: K55105BM5634 / 기준일: 20170327,MOEL_WRBA_RULE_ART10_1_2,근로자퇴직급여 보장법 시행규칙 제10조 제1항 제2호 (위험자산의 범위 및 운용기준 (DC 및 IRP 위험자산 투자한도 70%)),ED_WRBA_ART26_1_2,공식 출처 대조 (증권사·운용사교차검증),KOFIA 펀드유형: 주식형 (근로자퇴직급여 보장법 시행규칙 제10조 제1항 제2호: 주식형 집합투자증권 위험자산 70% 한도),2026-09-05,PASS (공식 검증 완료)
266390,KR7266390004,KODEX 경기소비재,삼성자산운용,주식-국내,가능,70% (위험자산),Y,높음,증권사·운용사교차검증,https://dis.kofia.or.kr/websquare/index.jsp?w2xPath=/wq/fundann/DISFundFeeCMS.xml&divisionId=MDIS01005001000000&serviceId=SDIS01005001000,data/regulatory/sources/kofia_evidence_extract_20260905.xml,E3,3way,삼성KODEX경기소비재증권상장지수투자신탁[주식] / 펀드유형: 주식형 / 표준코드: K55105BM5592 / 기준일: 20170327,MOEL_WRBA_RULE_ART10_1_2,근로자퇴직급여 보장법 시행규칙 제10조 제1항 제2호 (위험자산의 범위 및 운용기준 (DC 및 IRP 위험자산 투자한도 70%)),ED_WRBA_ART26_1_2,공식 출처 대조 (증권사·운용사교차검증),KOFIA 펀드유형: 주식형 (근로자퇴직급여 보장법 시행규칙 제10조 제1항 제2호: 주식형 집합투자증권 위험자산 70% 한도),2026-09-05,PASS (공식 검증 완료)
266410,KR7266410000,KODEX 필수소비재,삼성자산운용,주식-국내,가능,70% (위험자산),Y,높음,증권사·운용사교차검증,https://dis.kofia.or.kr/websquare/index.jsp?w2xPath=/wq/fundann/DISFundFeeCMS.xml&divisionId=MDIS01005001000000&serviceId=SDIS01005001000,data/regulatory/sources/kofia_evidence_extract_20260905.xml,E3,3way,삼성KODEX 필수소비재증권상장지수투자신탁[주식] / 펀드유형: 주식형 / 표준코드: K55105BM5600 / 기준일: 20170327,MOEL_WRBA_RULE_ART10_1_2,근로자퇴직급여 보장법 시행규칙 제10조 제1항 제2호 (위험자산의 범위 및 운용기준 (DC 및 IRP 위험자산 투자한도 70%)),ED_WRBA_ART26_1_2,공식 출처 대조 (증권사·운용사교차검증),KOFIA 펀드유형: 주식형 (근로자퇴직급여 보장법 시행규칙 제10조 제1항 제2호: 주식형 집합투자증권 위험자산 70% 한도),2026-09-05,PASS (공식 검증 완료)
266420,KR7266420009,KODEX 헬스케어,삼성자산운용,주식-국내,가능,70% (위험자산),Y,높음,증권사·운용사교차검증,https://dis.kofia.or.kr/websquare/index.jsp?w2xPath=/wq/fundann/DISFundFeeCMS.xml&divisionId=MDIS01005001000000&serviceId=SDIS01005001000,data/regulatory/sources/kofia_evidence_extract_20260905.xml,E3,3way,삼성KODEX헬스케어증권상장지수투자신탁[주식] / 펀드유형: 주식형 / 표준코드: K55105BM4843 / 기준일: 20170327,MOEL_WRBA_RULE_ART10_1_2,근로자퇴직급여 보장법 시행규칙 제10조 제1항 제2호 (위험자산의 범위 및 운용기준 (DC 및 IRP 위험자산 투자한도 70%)),ED_WRBA_ART26_1_2,공식 출처 대조 (증권사·운용사교차검증),KOFIA 펀드유형: 주식형 (근로자퇴직급여 보장법 시행규칙 제10조 제1항 제2호: 주식형 집합투자증권 위험자산 70% 한도),2026-09-05,PASS (공식 검증 완료)
266550,KR7266550003,PLUS 중형주저변동50,한화자산운용,주식-국내,가능,70% (위험자산),Y,높음,증권사·운용사교차검증,https://dis.kofia.or.kr/websquare/index.jsp?w2xPath=/wq/fundann/DISFundFeeCMS.xml&divisionId=MDIS01005001000000&serviceId=SDIS01005001000,data/regulatory/sources/kofia_evidence_extract_20260905.xml,E3,3way,한화PLUS중형주저변동50증권상장지수투자신탁(주식) / 펀드유형: 주식형 / 표준코드: K55213BL2888 / 기준일: 20170327,MOEL_WRBA_RULE_ART10_1_2,근로자퇴직급여 보장법 시행규칙 제10조 제1항 제2호 (위험자산의 범위 및 운용기준 (DC 및 IRP 위험자산 투자한도 70%)),ED_WRBA_ART26_1_2,공식 출처 대조 (증권사·운용사교차검증),KOFIA 펀드유형: 주식형 (근로자퇴직급여 보장법 시행규칙 제10조 제1항 제2호: 주식형 집합투자증권 위험자산 70% 한도),2026-09-05,PASS (공식 검증 완료)
267440,KR7267440006,RISE 미국장기국채선물(H),KB자산운용,채권,불가,불가,Y,높음,증권사목록대조,https://securities.koreainvestment.com/pension/nwEtcinfo/Notice.jsp?cmd=A_NW_33030View&num=47520,data/regulatory/sources/brokers/koreainvestment/ETF_REITs_LIST_RP_260831.xlsx; data/regulatory/sources/brokers/koreainvestment/kis_etf_ticker_universe_20260831.txt,E4,2way,"한국투자증권 퇴직연금 ETF 상품 현황(2026-08-31 기준) 2행: ★매매불가: 레버리지/인버스/파생형/해외상장ETF / 해당 종목코드(267440 RISE 미국장기국채선물(H)) 퇴직연금 매매가능 유니버스 1,021종목 전수 대조 결과 미수록(부재) 확인",PSR_ART9_1_2,퇴직연금감독규정 제9조 제1항 제2호 마목 (증권 및 기타 적립금 운용방법의 종류 등 (1배수 상장지수집합투자기구 파생위험평가액 100% 한도 허용)),FSC_FIBA_REG_ART4_54,판매사 퇴직연금 매매 불가 유니버스 대조 및 퇴직연금감독규정 제9조 (위험평가액 40% 초과 배제),"한국투자증권 엑셀 2행 '★매매불가: 레버리지/인버스/파생형/해외상장ETF' 및 1,021종목 유니버스 전수 대조 미수록(부재) 근거 편입 불가 확정",2026-09-06,PASS (공식 검증 완료)
267450,KR7267450005,RISE 미국장기국채선물인버스(H),KB자산운용,채권,불가,불가,Y,보통,법령조건직접판정,https://www.law.go.kr/LSW//admRulInfoP.do?admRulSeq=2100000244795&chrClsCd=010201,data/regulatory/sources/statutes/퇴직연금감독규정_20260905.txt,RULE_NAME,1way,퇴직연금감독규정 제9조 제1항 제2호 마목: 상장지수집합투자기구가 목표로 하는 지수의 변화에 1배를 초과하거나 음의 배율로 연동하여 운용하는 것은 제외한다,PSR_ART9_1_2,퇴직연금감독규정 제9조 제1항 제2호 마목 (증권 및 기타 적립금 운용방법의 종류 등 (1배수 상장지수집합투자기구 파생위험평가액 100% 한도 허용)),,퇴직연금감독규정 제9조 제1항 제2호 마목 단서 (1배 초과 또는 음의 배율 연동 배제),명칭 기반 배수 식별 및 퇴직연금감독규정 제9조 제1항 제2호 마목 단서 적용,2026-09-05,PASS (공식 검증 완료)
267490,KR7267490001,RISE 미국장기국채선물레버리지(합성 H),KB자산운용,채권,불가,불가,Y,보통,법령조건직접판정,https://www.law.go.kr/LSW//admRulInfoP.do?admRulSeq=2100000244795&chrClsCd=010201,data/regulatory/sources/statutes/퇴직연금감독규정_20260905.txt,RULE_NAME,1way,퇴직연금감독규정 제9조 제1항 제2호 마목: 상장지수집합투자기구가 목표로 하는 지수의 변화에 1배를 초과하거나 음의 배율로 연동하여 운용하는 것은 제외한다,PSR_ART9_1_2,퇴직연금감독규정 제9조 제1항 제2호 마목 (증권 및 기타 적립금 운용방법의 종류 등 (1배수 상장지수집합투자기구 파생위험평가액 100% 한도 허용)),,퇴직연금감독규정 제9조 제1항 제2호 마목 단서 (1배 초과 또는 음의 배율 연동 배제),명칭 기반 배수 식별 및 퇴직연금감독규정 제9조 제1항 제2호 마목 단서 적용,2026-09-05,PASS (공식 검증 완료)
267770,KR7267770006,TIGER 200선물레버리지,미래에셋자산운용,주식-국내,불가,불가,Y,보통,법령조건직접판정,https://www.law.go.kr/LSW//admRulInfoP.do?admRulSeq=2100000244795&chrClsCd=010201,data/regulatory/sources/statutes/퇴직연금감독규정_20260905.txt,RULE_NAME,1way,퇴직연금감독규정 제9조 제1항 제2호 마목: 상장지수집합투자기구가 목표로 하는 지수의 변화에 1배를 초과하거나 음의 배율로 연동하여 운용하는 것은 제외한다,PSR_ART9_1_2,퇴직연금감독규정 제9조 제1항 제2호 마목 (증권 및 기타 적립금 운용방법의 종류 등 (1배수 상장지수집합투자기구 파생위험평가액 100% 한도 허용)),,퇴직연금감독규정 제9조 제1항 제2호 마목 단서 (1배 초과 또는 음의 배율 연동 배제),명칭 기반 배수 식별 및 퇴직연금감독규정 제9조 제1항 제2호 마목 단서 적용,2026-09-05,PASS (공식 검증 완료)
269370,KR7269370003,TIGER S&P글로벌인프라(합성),미래에셋자산운용,리츠·인프라,가능,70% (위험자산),Y,높음,증권사·운용사교차검증,https://securities.koreainvestment.com/pension/nwEtcinfo/Notice.jsp?cmd=A_NW_33030View&num=47520,data/regulatory/sources/brokers/koreainvestment/ETF_REITs_LIST_RP_260831.xlsx,E4,3way,미래에셋자산운용 TIGER 공시 [KR7269370003 /  / 퇴직연금 70%] & 한국투자증권 공시 [269370 / TIGER S&P글로벌인프라(합성) / 위험자산한도: 0.7],ED_FSCMA_ART240_4,자본시장과 금융투자업에 관한 법률 시행령 제240조 (집합투자기구의 종류별 최소투자비율 등 (부동산/리츠 집합투자기구)),PSR_ART11_2,공식 출처 대조 (증권사·운용사교차검증),미래에셋자산운용 TIGER 공시 [KR7269370003 / 퇴직연금 70%] 및 한국투자증권 공시 [단축코드: 269370 / 위험자산한도: 0.7] 100% 교차 일치,2026-09-06,PASS (공식 검증 완료)
269420,KR7269420006,KODEX S&P글로벌인프라(합성),삼성자산운용,리츠·인프라,가능,70% (위험자산),Y,높음,증권사·운용사교차검증,https://securities.koreainvestment.com/pension/nwEtcinfo/Notice.jsp?cmd=A_NW_33030View&num=47520,data/regulatory/sources/brokers/koreainvestment/ETF_REITs_LIST_RP_260831.xlsx,E4,3way,삼성자산운용 KODEX 공시 [269420 / KODEX S&P글로벌인프라(합성) / ivPsbReti: 70%] & 한국투자증권 공시 [269420 / KODEX S&P글로벌인프라(합성) / 위험자산한도: 0.7],ED_FSCMA_ART240_4,자본시장과 금융투자업에 관한 법률 시행령 제240조 (집합투자기구의 종류별 최소투자비율 등 (부동산/리츠 집합투자기구)),PSR_ART11_2,공식 출처 대조 (증권사·운용사교차검증),삼성자산운용 KODEX 연금투자 공시 [stkTicker: 269420 / ivPsbReti: 70%] 및 한국투자증권 공시 [단축코드: 269420 / 위험자산한도: 0.7] 100% 교차 일치,2026-09-06,PASS (공식 검증 완료)
269530,KR7269530002,PLUS S&P글로벌인프라,한화자산운용,리츠·인프라,가능,70% (위험자산),Y,높음,증권사·운용사교차검증,https://dis.kofia.or.kr/websquare/index.jsp?w2xPath=/wq/fundann/DISFundFeeCMS.xml&divisionId=MDIS01005001000000&serviceId=SDIS01005001000,data/regulatory/sources/kofia_evidence_extract_20260905.xml,E3,3way,한화PLUSS&amp;P글로벌인프라증권상장지수투자신탁(주식) / 펀드유형: 주식형 / 표준코드: K55213BO6514 / 기준일: 20170510,ED_FSCMA_ART240_4,자본시장과 금융투자업에 관한 법률 시행령 제240조 (집합투자기구의 종류별 최소투자비율 등 (부동산/리츠 집합투자기구)),PSR_ART11_2,공식 출처 대조 (증권사·운용사교차검증),KOFIA 펀드유형: 주식형 (근로자퇴직급여 보장법 시행규칙 제10조 제1항 제2호: 주식형 집합투자증권 위험자산 70% 한도),2026-09-05,PASS (공식 검증 완료)
269540,KR7269540001,PLUS 미국S&P500(H),한화자산운용,주식-해외,가능,70% (위험자산),Y,높음,증권사·운용사교차검증,https://securities.koreainvestment.com/pension/nwEtcinfo/Notice.jsp?cmd=A_NW_33030View&num=47520,data/regulatory/sources/brokers/koreainvestment/ETF_REITs_LIST_RP_260831.xlsx,E4,3way,한국투자증권 퇴직연금 ETF 상품 현황(2026-08-31 기준) / PLUS 미국S&P500(H) / 269540 / 한화 / 퇴직연금 투자한도 0.7,MOEL_WRBA_RULE_ART10_1_2,근로자퇴직급여 보장법 시행규칙 제10조 제1항 제2호 (위험자산의 범위 및 운용기준 (DC 및 IRP 위험자산 투자한도 70%)),ED_WRBA_ART26_1_2,공식 출처 대조 (증권사·운용사교차검증),한국투자증권 퇴직연금 ETF 상품 현황(2026-08-31 기준) 위험자산한도 0.7 대조 및 규제엔진 2자 합치 일치,2026-09-06,PASS (공식 검증 완료)
270800,KR7270800006,RISE KQ고배당,KB자산운용,주식-국내,가능,70% (위험자산),Y,높음,증권사·운용사교차검증,https://dis.kofia.or.kr/websquare/index.jsp?w2xPath=/wq/fundann/DISFundFeeCMS.xml&divisionId=MDIS01005001000000&serviceId=SDIS01005001000,data/regulatory/sources/kofia_evidence_extract_20260905.xml,E3,3way,KBRISEKQ고배당증권상장지수투자신탁(주식) / 펀드유형: 주식형 / 표준코드: K55223BR9539 / 기준일: 20170706,MOEL_WRBA_RULE_ART10_1_2,근로자퇴직급여 보장법 시행규칙 제10조 제1항 제2호 (위험자산의 범위 및 운용기준 (DC 및 IRP 위험자산 투자한도 70%)),ED_WRBA_ART26_1_2,공식 출처 대조 (증권사·운용사교차검증),KOFIA 펀드유형: 주식형 (근로자퇴직급여 보장법 시행규칙 제10조 제1항 제2호: 주식형 집합투자증권 위험자산 70% 한도),2026-09-05,PASS (공식 검증 완료)
270810,KR7270810005,RISE 코스닥150,KB자산운용,주식-국내,가능,70% (위험자산),Y,높음,증권사·운용사교차검증,https://dis.kofia.or.kr/websquare/index.jsp?w2xPath=/wq/fundann/DISFundFeeCMS.xml&divisionId=MDIS01005001000000&serviceId=SDIS01005001000,data/regulatory/sources/kofia_evidence_extract_20260905.xml,E3,3way,KBRISE코스닥150증권상장지수투자신탁(주식) / 펀드유형: 주식형 / 표준코드: K55223BQ7476 / 기준일: 20170615,MOEL_WRBA_RULE_ART10_1_2,근로자퇴직급여 보장법 시행규칙 제10조 제1항 제2호 (위험자산의 범위 및 운용기준 (DC 및 IRP 위험자산 투자한도 70%)),ED_WRBA_ART26_1_2,공식 출처 대조 (증권사·운용사교차검증),KOFIA 펀드유형: 주식형 (근로자퇴직급여 보장법 시행규칙 제10조 제1항 제2호: 주식형 집합투자증권 위험자산 70% 한도),2026-09-05,PASS (공식 검증 완료)
271050,KR7271050007,KODEX WTI원유선물인버스(H),삼성자산운용,원자재,불가,불가,Y,보통,법령조건직접판정,https://www.law.go.kr/LSW//admRulInfoP.do?admRulSeq=2100000244795&chrClsCd=010201,data/regulatory/sources/statutes/퇴직연금감독규정_20260905.txt,RULE_NAME,1way,퇴직연금감독규정 제9조 제1항 제2호 마목: 상장지수집합투자기구가 목표로 하는 지수의 변화에 1배를 초과하거나 음의 배율로 연동하여 운용하는 것은 제외한다,PSR_ART9_1_2,퇴직연금감독규정 제9조 제1항 제2호 마목 (증권 및 기타 적립금 운용방법의 종류 등 (1배수 상장지수집합투자기구 파생위험평가액 100% 한도 허용)),,퇴직연금감독규정 제9조 제1항 제2호 마목 단서 (1배 초과 또는 음의 배율 연동 배제),명칭 기반 배수 식별 및 퇴직연금감독규정 제9조 제1항 제2호 마목 단서 적용,2026-09-05,PASS (공식 검증 완료)
271060,KR7271060006,KODEX 3대농산물선물(H),삼성자산운용,원자재,불가,불가,Y,높음,증권사목록대조,https://securities.koreainvestment.com/pension/nwEtcinfo/Notice.jsp?cmd=A_NW_33030View&num=47520,data/regulatory/sources/brokers/koreainvestment/ETF_REITs_LIST_RP_260831.xlsx; data/regulatory/sources/brokers/koreainvestment/kis_etf_ticker_universe_20260831.txt,E4,2way,"한국투자증권 퇴직연금 ETF 상품 현황(2026-08-31 기준) 2행: ★매매불가: 레버리지/인버스/파생형/해외상장ETF / 해당 종목코드(271060 KODEX 3대농산물선물(H)) 퇴직연금 매매가능 유니버스 1,021종목 전수 대조 결과 미수록(부재) 확인",PSR_ART9_1_2,퇴직연금감독규정 제9조 제1항 제2호 마목 (증권 및 기타 적립금 운용방법의 종류 등 (1배수 상장지수집합투자기구 파생위험평가액 100% 한도 허용)),FSC_FIBA_REG_ART4_54,판매사 퇴직연금 매매 불가 유니버스 대조 및 퇴직연금감독규정 제9조 (위험평가액 40% 초과 배제),"한국투자증권 엑셀 2행 '★매매불가: 레버리지/인버스/파생형/해외상장ETF' 및 1,021종목 유니버스 전수 대조 미수록(부재) 근거 편입 불가 확정",2026-09-06,PASS (공식 검증 완료)
272560,KR7272560004,RISE 단기국공채액티브,KB자산운용,채권,가능,100% (안전자산),Y,높음,협회공시대조,https://dis.kofia.or.kr/websquare/index.jsp?w2xPath=/wq/fundann/DISFundFeeCMS.xml&divisionId=MDIS01005001000000&serviceId=SDIS01005001000,data/regulatory/sources/kofia_evidence_extract_20260905.xml,E3,1way,KBRISE단기국공채액티브증권상장지수투자신탁(채권) / 펀드유형: 채권형 / 표준코드: K55223BR5941 / 기준일: 20170628,PSR_ART11_1_4,퇴직연금감독규정 제11조 제1항 제4호 (적립금 운용방법 등 (원리금보장 및 채권형 등 100% 안전자산)),,금융투자협회 전자공시서비스(DIS) 표준 펀드유형 '채권형' XML 전수 대조,KOFIA 펀드유형: 채권형 (퇴직연금감독규정 제11조 제1항 제4호: 원리금보장 및 채권형 안전자산 (100% 편입 가능)),2026-09-05,PASS (공식 검증 완료)
272570,KR7272570003,RISE 중장기국공채액티브,KB자산운용,채권,가능,100% (안전자산),Y,높음,협회공시대조,https://dis.kofia.or.kr/websquare/index.jsp?w2xPath=/wq/fundann/DISFundFeeCMS.xml&divisionId=MDIS01005001000000&serviceId=SDIS01005001000,data/regulatory/sources/kofia_evidence_extract_20260905.xml,E3,1way,KBRISE중장기국공채액티브증권상장지수투자신탁(채권) / 펀드유형: 채권형 / 표준코드: K55223BR5958 / 기준일: 20170628,PSR_ART11_1_4,퇴직연금감독규정 제11조 제1항 제4호 (적립금 운용방법 등 (원리금보장 및 채권형 등 100% 안전자산)),,금융투자협회 전자공시서비스(DIS) 표준 펀드유형 '채권형' XML 전수 대조,KOFIA 펀드유형: 채권형 (퇴직연금감독규정 제11조 제1항 제4호: 원리금보장 및 채권형 안전자산 (100% 편입 가능)),2026-09-05,PASS (공식 검증 완료)
272580,KR7272580002,TIGER 단기채권액티브,미래에셋자산운용,채권,가능,100% (안전자산),Y,높음,증권사·운용사교차검증,https://dis.kofia.or.kr/websquare/index.jsp?w2xPath=/wq/fundann/DISFundFeeCMS.xml&divisionId=MDIS01005001000000&serviceId=SDIS01005001000,data/regulatory/sources/kofia_evidence_extract_20260905.xml,E3,3way,미래에셋TIGER단기채권액티브증권상장지수투자신탁(채권) / 펀드유형: 채권형 / 표준코드: K55301BR4790 / 기준일: 20170628,PSR_ART11_1_4,퇴직연금감독규정 제11조 제1항 제4호 (적립금 운용방법 등 (원리금보장 및 채권형 등 100% 안전자산)),,금융감독원 DART 투자설명서 대조 (증권사·운용사교차검증),KOFIA 펀드유형: 채권형 (퇴직연금감독규정 제11조 제1항 제4호: 원리금보장 및 채권형 안전자산 (100% 편입 가능)),2026-09-05,PASS (공식 검증 완료)
272910,KR7272910001,ACE 중장기국공채액티브,한국투자신탁운용,채권,가능,100% (안전자산),Y,높음,증권사·운용사교차검증,https://dis.kofia.or.kr/websquare/index.jsp?w2xPath=/wq/fundann/DISFundFeeCMS.xml&divisionId=MDIS01005001000000&serviceId=SDIS01005001000,data/regulatory/sources/kofia_evidence_extract_20260905.xml,E3,3way,한국투자ACE중장기국공채액티브증권상장지수투자신탁(채권) / 펀드유형: 채권형 / 표준코드: K55101BQ9602 / 기준일: 20170623,PSR_ART11_1_4,퇴직연금감독규정 제11조 제1항 제4호 (적립금 운용방법 등 (원리금보장 및 채권형 등 100% 안전자산)),,금융감독원 DART 투자설명서 대조 (증권사·운용사교차검증),KOFIA 펀드유형: 채권형 (퇴직연금감독규정 제11조 제1항 제4호: 원리금보장 및 채권형 안전자산 (100% 편입 가능)),2026-09-05,PASS (공식 검증 완료)
273130,KR7273130005,KODEX 종합채권(AA-이상)액티브,삼성자산운용,채권,가능,100% (안전자산),Y,높음,증권사·운용사교차검증,https://dis.kofia.or.kr/websquare/index.jsp?w2xPath=/wq/fundann/DISFundFeeCMS.xml&divisionId=MDIS01005001000000&serviceId=SDIS01005001000,data/regulatory/sources/kofia_evidence_extract_20260905.xml,E3,3way,삼성KODEX종합채권(AA-이상)액티브증권상장지수투자신탁[채권] / 펀드유형: 채권형 / 표준코드: K55105BR0838 / 기준일: 20170616,PSR_ART11_1_4,퇴직연금감독규정 제11조 제1항 제4호 (적립금 운용방법 등 (원리금보장 및 채권형 등 100% 안전자산)),,금융감독원 DART 투자설명서 대조 (증권사·운용사교차검증),KOFIA 펀드유형: 채권형 (퇴직연금감독규정 제11조 제1항 제4호: 원리금보장 및 채권형 안전자산 (100% 편입 가능)),2026-09-05,PASS (공식 검증 완료)
273140,KR7273140004,KODEX 단기변동금리부채권액티브,삼성자산운용,채권,가능,100% (안전자산),Y,높음,증권사·운용사교차검증,https://dis.kofia.or.kr/websquare/index.jsp?w2xPath=/wq/fundann/DISFundFeeCMS.xml&divisionId=MDIS01005001000000&serviceId=SDIS01005001000,data/regulatory/sources/kofia_evidence_extract_20260905.xml,E3,3way,삼성KODEX단기변동금리부채권액티브증권상장지수투자신탁[채권] / 펀드유형: 채권형 / 표준코드: K55105BR3113 / 기준일: 20170628,PSR_ART11_1_4,퇴직연금감독규정 제11조 제1항 제4호 (적립금 운용방법 등 (원리금보장 및 채권형 등 100% 안전자산)),,금융감독원 DART 투자설명서 대조 (증권사·운용사교차검증),KOFIA 펀드유형: 채권형 (퇴직연금감독규정 제11조 제1항 제4호: 원리금보장 및 채권형 안전자산 (100% 편입 가능)),2026-09-05,PASS (공식 검증 완료)
275280,KR7275280006,KODEX 모멘텀주,삼성자산운용,주식-국내,가능,70% (위험자산),Y,높음,증권사·운용사교차검증,https://dis.kofia.or.kr/websquare/index.jsp?w2xPath=/wq/fundann/DISFundFeeCMS.xml&divisionId=MDIS01005001000000&serviceId=SDIS01005001000,data/regulatory/sources/kofia_evidence_extract_20260905.xml,E3,3way,삼성KODEX모멘텀주증권상장지수투자신탁[주식] / 펀드유형: 주식형 / 표준코드: K55105BQ9400 / 기준일: 20170710,MOEL_WRBA_RULE_ART10_1_2,근로자퇴직급여 보장법 시행규칙 제10조 제1항 제2호 (위험자산의 범위 및 운용기준 (DC 및 IRP 위험자산 투자한도 70%)),ED_WRBA_ART26_1_2,공식 출처 대조 (증권사·운용사교차검증),KOFIA 펀드유형: 주식형 (근로자퇴직급여 보장법 시행규칙 제10조 제1항 제2호: 주식형 집합투자증권 위험자산 70% 한도),2026-09-05,PASS (공식 검증 완료)
275290,KR7275290005,KODEX 가치주,삼성자산운용,주식-국내,가능,70% (위험자산),Y,높음,증권사·운용사교차검증,https://dis.kofia.or.kr/websquare/index.jsp?w2xPath=/wq/fundann/DISFundFeeCMS.xml&divisionId=MDIS01005001000000&serviceId=SDIS01005001000,data/regulatory/sources/kofia_evidence_extract_20260905.xml,E3,3way,삼성KODEX가치주증권상장지수투자신탁[주식] / 펀드유형: 주식형 / 표준코드: K55105BQ9434 / 기준일: 20170710,MOEL_WRBA_RULE_ART10_1_2,근로자퇴직급여 보장법 시행규칙 제10조 제1항 제2호 (위험자산의 범위 및 운용기준 (DC 및 IRP 위험자산 투자한도 70%)),ED_WRBA_ART26_1_2,공식 출처 대조 (증권사·운용사교차검증),KOFIA 펀드유형: 주식형 (근로자퇴직급여 보장법 시행규칙 제10조 제1항 제2호: 주식형 집합투자증권 위험자산 70% 한도),2026-09-05,PASS (공식 검증 완료)
275300,KR7275300002,KODEX 우량주,삼성자산운용,주식-국내,가능,70% (위험자산),Y,높음,증권사·운용사교차검증,https://dis.kofia.or.kr/websquare/index.jsp?w2xPath=/wq/fundann/DISFundFeeCMS.xml&divisionId=MDIS01005001000000&serviceId=SDIS01005001000,data/regulatory/sources/kofia_evidence_extract_20260905.xml,E3,3way,삼성KODEX우량주증권상장지수투자신탁[주식] / 펀드유형: 주식형 / 표준코드: K55105BQ9418 / 기준일: 20170710,MOEL_WRBA_RULE_ART10_1_2,근로자퇴직급여 보장법 시행규칙 제10조 제1항 제2호 (위험자산의 범위 및 운용기준 (DC 및 IRP 위험자산 투자한도 70%)),ED_WRBA_ART26_1_2,공식 출처 대조 (증권사·운용사교차검증),KOFIA 펀드유형: 주식형 (근로자퇴직급여 보장법 시행규칙 제10조 제1항 제2호: 주식형 집합투자증권 위험자산 70% 한도),2026-09-05,PASS (공식 검증 완료)
275750,KR7275750008,RISE 코스닥150선물인버스,KB자산운용,주식-국내,불가,불가,Y,보통,법령조건직접판정,https://www.law.go.kr/LSW//admRulInfoP.do?admRulSeq=2100000244795&chrClsCd=010201,data/regulatory/sources/statutes/퇴직연금감독규정_20260905.txt,RULE_NAME,1way,퇴직연금감독규정 제9조 제1항 제2호 마목: 상장지수집합투자기구가 목표로 하는 지수의 변화에 1배를 초과하거나 음의 배율로 연동하여 운용하는 것은 제외한다,PSR_ART9_1_2,퇴직연금감독규정 제9조 제1항 제2호 마목 (증권 및 기타 적립금 운용방법의 종류 등 (1배수 상장지수집합투자기구 파생위험평가액 100% 한도 허용)),,퇴직연금감독규정 제9조 제1항 제2호 마목 단서 (1배 초과 또는 음의 배율 연동 배제),명칭 기반 배수 식별 및 퇴직연금감독규정 제9조 제1항 제2호 마목 단서 적용,2026-09-05,PASS (공식 검증 완료)
275980,KR7275980001,TIGER 글로벌4차산업혁신기술(합성 H),미래에셋자산운용,주식-해외,가능,70% (위험자산),Y,높음,증권사·운용사교차검증,https://securities.koreainvestment.com/pension/nwEtcinfo/Notice.jsp?cmd=A_NW_33030View&num=47520,data/regulatory/sources/brokers/koreainvestment/ETF_REITs_LIST_RP_260831.xlsx,E4,3way,미래에셋자산운용 TIGER 공시 [KR7275980001 /  / 퇴직연금 70%] & 한국투자증권 공시 [275980 / TIGER 글로벌4차산업혁신기술(합성 H) / 위험자산한도: 0.7],MOEL_WRBA_RULE_ART10_1_2,근로자퇴직급여 보장법 시행규칙 제10조 제1항 제2호 (위험자산의 범위 및 운용기준 (DC 및 IRP 위험자산 투자한도 70%)),ED_WRBA_ART26_1_2,공식 출처 대조 (증권사·운용사교차검증),미래에셋자산운용 TIGER 공시 [KR7275980001 / 퇴직연금 70%] 및 한국투자증권 공시 [단축코드: 275980 / 위험자산한도: 0.7] 100% 교차 일치,2026-09-06,PASS (공식 검증 완료)
276000,KR7276000007,TIGER 글로벌자원생산기업(합성 H),미래에셋자산운용,주식-해외,가능,70% (위험자산),Y,높음,증권사·운용사교차검증,https://securities.koreainvestment.com/pension/nwEtcinfo/Notice.jsp?cmd=A_NW_33030View&num=47520,data/regulatory/sources/brokers/koreainvestment/ETF_REITs_LIST_RP_260831.xlsx,E4,3way,미래에셋자산운용 TIGER 공시 [KR7276000007 /  / 퇴직연금 70%] & 한국투자증권 공시 [276000 / TIGER 글로벌자원생산기업(합성 H) / 위험자산한도: 0.7],MOEL_WRBA_RULE_ART10_1_2,근로자퇴직급여 보장법 시행규칙 제10조 제1항 제2호 (위험자산의 범위 및 운용기준 (DC 및 IRP 위험자산 투자한도 70%)),ED_WRBA_ART26_1_2,공식 출처 대조 (증권사·운용사교차검증),미래에셋자산운용 TIGER 공시 [KR7276000007 / 퇴직연금 70%] 및 한국투자증권 공시 [단축코드: 276000 / 위험자산한도: 0.7] 100% 교차 일치,2026-09-06,PASS (공식 검증 완료)
276650,KR7276650009,RISE 글로벌테크놀로지(합성 H),KB자산운용,주식-해외,가능,70% (위험자산),Y,높음,증권사·운용사교차검증,https://securities.koreainvestment.com/pension/nwEtcinfo/Notice.jsp?cmd=A_NW_33030View&num=47520,data/regulatory/sources/brokers/koreainvestment/ETF_REITs_LIST_RP_260831.xlsx,E4,3way,한국투자증권 퇴직연금 ETF 상품 현황(2026-08-31 기준) / RISE 글로벌테크놀로지(합성 H) / 276650 / KB / 퇴직연금 투자한도 0.7,MOEL_WRBA_RULE_ART10_1_2,근로자퇴직급여 보장법 시행규칙 제10조 제1항 제2호 (위험자산의 범위 및 운용기준 (DC 및 IRP 위험자산 투자한도 70%)),ED_WRBA_ART26_1_2,공식 출처 대조 (증권사·운용사교차검증),한국투자증권 퇴직연금 ETF 상품 현황(2026-08-31 기준) 위험자산한도 0.7 대조 및 규제엔진 2자 합치 일치,2026-09-06,PASS (공식 검증 완료)
276970,KR7276970001,KODEX 미국S&P500배당귀족커버드콜(합성 H),삼성자산운용,주식-해외,가능,70% (위험자산),Y,높음,증권사·운용사교차검증,https://securities.koreainvestment.com/pension/nwEtcinfo/Notice.jsp?cmd=A_NW_33030View&num=47520,data/regulatory/sources/brokers/koreainvestment/ETF_REITs_LIST_RP_260831.xlsx,E4,3way,삼성자산운용 KODEX 공시 [276970 / KODEX 미국S&P500배당귀족커버드콜(합성 H) / ivPsbReti: 70%] & 한국투자증권 공시 [276970 / KODEX 미국S&P500배당귀족커버드콜(합성 H) / 위험자산한도: 0.7],MOEL_WRBA_RULE_ART10_1_2,근로자퇴직급여 보장법 시행규칙 제10조 제1항 제2호 (위험자산의 범위 및 운용기준 (DC 및 IRP 위험자산 투자한도 70%)),ED_WRBA_ART26_1_2,공식 출처 대조 (증권사·운용사교차검증),삼성자산운용 KODEX 연금투자 공시 [stkTicker: 276970 / ivPsbReti: 70%] 및 한국투자증권 공시 [단축코드: 276970 / 위험자산한도: 0.7] 100% 교차 일치,2026-09-06,PASS (공식 검증 완료)
276990,KR7276990009,KODEX 글로벌로봇(합성),삼성자산운용,주식-해외,가능,70% (위험자산),Y,높음,증권사·운용사교차검증,https://securities.koreainvestment.com/pension/nwEtcinfo/Notice.jsp?cmd=A_NW_33030View&num=47520,data/regulatory/sources/brokers/koreainvestment/ETF_REITs_LIST_RP_260831.xlsx,E4,3way,삼성자산운용 KODEX 공시 [276990 / KODEX 글로벌로봇(합성) / ivPsbReti: 70%] & 한국투자증권 공시 [276990 / KODEX 글로벌로봇(합성) / 위험자산한도: 0.7],MOEL_WRBA_RULE_ART10_1_2,근로자퇴직급여 보장법 시행규칙 제10조 제1항 제2호 (위험자산의 범위 및 운용기준 (DC 및 IRP 위험자산 투자한도 70%)),ED_WRBA_ART26_1_2,공식 출처 대조 (증권사·운용사교차검증),삼성자산운용 KODEX 연금투자 공시 [stkTicker: 276990 / ivPsbReti: 70%] 및 한국투자증권 공시 [단축코드: 276990 / 위험자산한도: 0.7] 100% 교차 일치,2026-09-06,PASS (공식 검증 완료)
277540,KR7277540001,ACE 아시아TOP50,한국투자신탁운용,주식-해외,가능,70% (위험자산),Y,높음,증권사·운용사교차검증,https://dis.kofia.or.kr/websquare/index.jsp?w2xPath=/wq/fundann/DISFundFeeCMS.xml&divisionId=MDIS01005001000000&serviceId=SDIS01005001000,data/regulatory/sources/kofia_evidence_extract_20260905.xml,E3,3way,한국투자ACE아시아TOP50증권상장지수투자신탁(주식) / 펀드유형: 주식형 / 표준코드: K55101BU2759 / 기준일: 20170818,MOEL_WRBA_RULE_ART10_1_2,근로자퇴직급여 보장법 시행규칙 제10조 제1항 제2호 (위험자산의 범위 및 운용기준 (DC 및 IRP 위험자산 투자한도 70%)),ED_WRBA_ART26_1_2,공식 출처 대조 (증권사·운용사교차검증),KOFIA 펀드유형: 주식형 (근로자퇴직급여 보장법 시행규칙 제10조 제1항 제2호: 주식형 집합투자증권 위험자산 70% 한도),2026-09-05,PASS (공식 검증 완료)
277630,KR7277630000,TIGER 코스피,미래에셋자산운용,주식-국내,가능,70% (위험자산),Y,높음,증권사·운용사교차검증,https://dis.kofia.or.kr/websquare/index.jsp?w2xPath=/wq/fundann/DISFundFeeCMS.xml&divisionId=MDIS01005001000000&serviceId=SDIS01005001000,data/regulatory/sources/kofia_evidence_extract_20260905.xml,E3,3way,미래에셋TIGER코스피증권상장지수투자신탁(주식) / 펀드유형: 주식형 / 표준코드: K55301BV2921 / 기준일: 20170830,MOEL_WRBA_RULE_ART10_1_2,근로자퇴직급여 보장법 시행규칙 제10조 제1항 제2호 (위험자산의 범위 및 운용기준 (DC 및 IRP 위험자산 투자한도 70%)),ED_WRBA_ART26_1_2,공식 출처 대조 (증권사·운용사교차검증),KOFIA 펀드유형: 주식형 (근로자퇴직급여 보장법 시행규칙 제10조 제1항 제2호: 주식형 집합투자증권 위험자산 70% 한도),2026-09-05,PASS (공식 검증 완료)
277640,KR7277640009,TIGER 코스피대형주,미래에셋자산운용,주식-국내,가능,70% (위험자산),Y,높음,증권사·운용사교차검증,https://dis.kofia.or.kr/websquare/index.jsp?w2xPath=/wq/fundann/DISFundFeeCMS.xml&divisionId=MDIS01005001000000&serviceId=SDIS01005001000,data/regulatory/sources/kofia_evidence_extract_20260905.xml,E3,3way,미래에셋TIGER코스피대형주증권상장지수투자신탁(주식) / 펀드유형: 주식형 / 표준코드: K55301BV2962 / 기준일: 20170830,MOEL_WRBA_RULE_ART10_1_2,근로자퇴직급여 보장법 시행규칙 제10조 제1항 제2호 (위험자산의 범위 및 운용기준 (DC 및 IRP 위험자산 투자한도 70%)),ED_WRBA_ART26_1_2,공식 출처 대조 (증권사·운용사교차검증),KOFIA 펀드유형: 주식형 (근로자퇴직급여 보장법 시행규칙 제10조 제1항 제2호: 주식형 집합투자증권 위험자산 70% 한도),2026-09-05,PASS (공식 검증 완료)
277650,KR7277650008,TIGER 코스피중형주,미래에셋자산운용,주식-국내,가능,70% (위험자산),Y,높음,증권사·운용사교차검증,https://dis.kofia.or.kr/websquare/index.jsp?w2xPath=/wq/fundann/DISFundFeeCMS.xml&divisionId=MDIS01005001000000&serviceId=SDIS01005001000,data/regulatory/sources/kofia_evidence_extract_20260905.xml,E3,3way,미래에셋TIGER코스피중형주증권상장지수투자신탁(주식) / 펀드유형: 주식형 / 표준코드: K55301BV2954 / 기준일: 20170830,MOEL_WRBA_RULE_ART10_1_2,근로자퇴직급여 보장법 시행규칙 제10조 제1항 제2호 (위험자산의 범위 및 운용기준 (DC 및 IRP 위험자산 투자한도 70%)),ED_WRBA_ART26_1_2,공식 출처 대조 (증권사·운용사교차검증),KOFIA 펀드유형: 주식형 (근로자퇴직급여 보장법 시행규칙 제10조 제1항 제2호: 주식형 집합투자증권 위험자산 70% 한도),2026-09-05,PASS (공식 검증 완료)
278240,KR7278240007,RISE 코스닥150선물레버리지,KB자산운용,주식-국내,불가,불가,Y,보통,법령조건직접판정,https://www.law.go.kr/LSW//admRulInfoP.do?admRulSeq=2100000244795&chrClsCd=010201,data/regulatory/sources/statutes/퇴직연금감독규정_20260905.txt,RULE_NAME,1way,퇴직연금감독규정 제9조 제1항 제2호 마목: 상장지수집합투자기구가 목표로 하는 지수의 변화에 1배를 초과하거나 음의 배율로 연동하여 운용하는 것은 제외한다,PSR_ART9_1_2,퇴직연금감독규정 제9조 제1항 제2호 마목 (증권 및 기타 적립금 운용방법의 종류 등 (1배수 상장지수집합투자기구 파생위험평가액 100% 한도 허용)),,퇴직연금감독규정 제9조 제1항 제2호 마목 단서 (1배 초과 또는 음의 배율 연동 배제),명칭 기반 배수 식별 및 퇴직연금감독규정 제9조 제1항 제2호 마목 단서 적용,2026-09-05,PASS (공식 검증 완료)
278530,KR7278530001,KODEX 200TR,삼성자산운용,주식-국내,가능,70% (위험자산),Y,높음,증권사·운용사교차검증,https://dis.kofia.or.kr/websquare/index.jsp?w2xPath=/wq/fundann/DISFundFeeCMS.xml&divisionId=MDIS01005001000000&serviceId=SDIS01005001000,data/regulatory/sources/kofia_evidence_extract_20260905.xml,E3,3way,삼성KODEX200TotalReturn증권상장지수투자신탁[주식] / 펀드유형: 주식형 / 표준코드: K55105BW3843 / 기준일: 20171120,MOEL_WRBA_RULE_ART10_1_2,근로자퇴직급여 보장법 시행규칙 제10조 제1항 제2호 (위험자산의 범위 및 운용기준 (DC 및 IRP 위험자산 투자한도 70%)),ED_WRBA_ART26_1_2,공식 출처 대조 (증권사·운용사교차검증),KOFIA 펀드유형: 주식형 (근로자퇴직급여 보장법 시행규칙 제10조 제1항 제2호: 주식형 집합투자증권 위험자산 70% 한도),2026-09-05,PASS (공식 검증 완료)
278540,KR7278540000,KODEX MSCI Korea TR,삼성자산운용,주식-국내,가능,70% (위험자산),Y,높음,증권사·운용사교차검증,https://dis.kofia.or.kr/websquare/index.jsp?w2xPath=/wq/fundann/DISFundFeeCMS.xml&divisionId=MDIS01005001000000&serviceId=SDIS01005001000,data/regulatory/sources/kofia_evidence_extract_20260905.xml,E3,3way,삼성KODEX MSCI KOREATotalReturn증권상장지수투자신탁[주식] / 펀드유형: 주식형 / 표준코드: K55105BW1235 / 기준일: 20171108,MOEL_WRBA_RULE_ART10_1_2,근로자퇴직급여 보장법 시행규칙 제10조 제1항 제2호 (위험자산의 범위 및 운용기준 (DC 및 IRP 위험자산 투자한도 70%)),ED_WRBA_ART26_1_2,공식 출처 대조 (증권사·운용사교차검증),KOFIA 펀드유형: 주식형 (근로자퇴직급여 보장법 시행규칙 제10조 제1항 제2호: 주식형 집합투자증권 위험자산 70% 한도),2026-09-05,PASS (공식 검증 완료)
278620,KR7278620000,PLUS 단기채권액티브,한화자산운용,채권,가능,100% (안전자산),Y,높음,협회공시대조,https://dis.kofia.or.kr/websquare/index.jsp?w2xPath=/wq/fundann/DISFundFeeCMS.xml&divisionId=MDIS01005001000000&serviceId=SDIS01005001000,data/regulatory/sources/kofia_evidence_extract_20260905.xml,E3,1way,한화PLUS단기채권액티브증권상장지수투자신탁(채권) / 펀드유형: 채권형 / 표준코드: K55213BW6233 / 기준일: 20170925,PSR_ART11_1_4,퇴직연금감독규정 제11조 제1항 제4호 (적립금 운용방법 등 (원리금보장 및 채권형 등 100% 안전자산)),,금융투자협회 전자공시서비스(DIS) 표준 펀드유형 '채권형' XML 전수 대조,KOFIA 펀드유형: 채권형 (퇴직연금감독규정 제11조 제1항 제4호: 원리금보장 및 채권형 안전자산 (100% 편입 가능)),2026-09-05,PASS (공식 검증 완료)
279530,KR7279530000,KODEX 고배당주,삼성자산운용,주식-국내,가능,70% (위험자산),Y,높음,증권사·운용사교차검증,https://dis.kofia.or.kr/websquare/index.jsp?w2xPath=/wq/fundann/DISFundFeeCMS.xml&divisionId=MDIS01005001000000&serviceId=SDIS01005001000,data/regulatory/sources/kofia_evidence_extract_20260905.xml,E3,3way,삼성KODEX고배당주증권상장지수투자신탁[주식] / 펀드유형: 주식형 / 표준코드: K55105BW6366 / 기준일: 20171016,MOEL_WRBA_RULE_ART10_1_2,근로자퇴직급여 보장법 시행규칙 제10조 제1항 제2호 (위험자산의 범위 및 운용기준 (DC 및 IRP 위험자산 투자한도 70%)),ED_WRBA_ART26_1_2,공식 출처 대조 (증권사·운용사교차검증),KOFIA 펀드유형: 주식형 (근로자퇴직급여 보장법 시행규칙 제10조 제1항 제2호: 주식형 집합투자증권 위험자산 70% 한도),2026-09-05,PASS (공식 검증 완료)
279540,KR7279540009,KODEX 최소변동성,삼성자산운용,주식-국내,가능,70% (위험자산),Y,높음,증권사·운용사교차검증,https://dis.kofia.or.kr/websquare/index.jsp?w2xPath=/wq/fundann/DISFundFeeCMS.xml&divisionId=MDIS01005001000000&serviceId=SDIS01005001000,data/regulatory/sources/kofia_evidence_extract_20260905.xml,E3,3way,삼성KODEX최소변동성증권상장지수투자신탁[주식] / 펀드유형: 주식형 / 표준코드: K55105BW6671 / 기준일: 20171016,MOEL_WRBA_RULE_ART10_1_2,근로자퇴직급여 보장법 시행규칙 제10조 제1항 제2호 (위험자산의 범위 및 운용기준 (DC 및 IRP 위험자산 투자한도 70%)),ED_WRBA_ART26_1_2,공식 출처 대조 (증권사·운용사교차검증),KOFIA 펀드유형: 주식형 (근로자퇴직급여 보장법 시행규칙 제10조 제1항 제2호: 주식형 집합투자증권 위험자산 70% 한도),2026-09-05,PASS (공식 검증 완료)
280320,KR7280320003,ACE 미국IT인터넷(합성 H),한국투자신탁운용,주식-해외,가능,70% (위험자산),Y,높음,증권사·운용사교차검증,https://securities.koreainvestment.com/pension/nwEtcinfo/Notice.jsp?cmd=A_NW_33030View&num=47520,data/regulatory/sources/brokers/koreainvestment/ETF_REITs_LIST_RP_260831.xlsx,E4,3way,한국투자증권 퇴직연금 ETF 상품 현황(2026-08-31 기준) / ACE 미국IT인터넷(합성 H) / 280320 / 한국 / 퇴직연금 투자한도 0.7,MOEL_WRBA_RULE_ART10_1_2,근로자퇴직급여 보장법 시행규칙 제10조 제1항 제2호 (위험자산의 범위 및 운용기준 (DC 및 IRP 위험자산 투자한도 70%)),ED_WRBA_ART26_1_2,공식 출처 대조 (증권사·운용사교차검증),한국투자증권 퇴직연금 ETF 상품 현황(2026-08-31 기준) 위험자산한도 0.7 대조 및 규제엔진 2자 합치 일치,2026-09-06,PASS (공식 검증 완료)
280920,KR7280920000,PLUS 주도업종,한화자산운용,주식-국내,가능,70% (위험자산),Y,높음,증권사·운용사교차검증,https://dis.kofia.or.kr/websquare/index.jsp?w2xPath=/wq/fundann/DISFundFeeCMS.xml&divisionId=MDIS01005001000000&serviceId=SDIS01005001000,data/regulatory/sources/kofia_evidence_extract_20260905.xml,E3,3way,한화PLUS주도업종증권상장지수투자신탁(주식) / 펀드유형: 주식형 / 표준코드: K55213BX8006 / 기준일: 20171016,MOEL_WRBA_RULE_ART10_1_2,근로자퇴직급여 보장법 시행규칙 제10조 제1항 제2호 (위험자산의 범위 및 운용기준 (DC 및 IRP 위험자산 투자한도 70%)),ED_WRBA_ART26_1_2,공식 출처 대조 (증권사·운용사교차검증),KOFIA 펀드유형: 주식형 (근로자퇴직급여 보장법 시행규칙 제10조 제1항 제2호: 주식형 집합투자증권 위험자산 70% 한도),2026-09-05,PASS (공식 검증 완료)
280930,KR7280930009,KODEX 미국러셀2000(H),삼성자산운용,주식-해외,불가,불가,Y,높음,증권사·운용사교차검증,https://www.samsungfund.com/api/etf/pension/search,data/regulatory/sources/issuers/samsung/kodex_pension_search_20260906.json,E4,2way,"삼성자산운용 KODEX 연금투자 공식 API(2026-09-06 수집) / KODEX 미국러셀2000(H) / stkTicker 280930 / ivPsbReti 0% / irpYn null. 한국투자증권 2026-08-31 매매가능 1,021종목 유니버스에도 미수록",PSR_ART9_1_2,퇴직연금감독규정 제9조 제1항 제2호 마목 (증권 및 기타 적립금 운용방법의 종류 등 (1배수 상장지수집합투자기구 파생위험평가액 100% 한도 허용)),FSC_FIBA_REG_ART4_54,판매사 퇴직연금 매매 불가 유니버스 대조 및 퇴직연금감독규정 제9조 (위험평가액 40% 초과 배제),"삼성자산운용 KODEX 연금 API ivPsbReti 0% 확인 및 한국투자증권 2026-08-31 유니버스 미수록 (장내파생 위험평가액 40% 초과, PSR_ART9_1_2)",2026-09-06,PASS (공식 검증 완료)
280940,KR7280940008,KODEX 골드선물인버스(H),삼성자산운용,원자재,불가,불가,Y,보통,법령조건직접판정,https://www.law.go.kr/LSW//admRulInfoP.do?admRulSeq=2100000244795&chrClsCd=010201,data/regulatory/sources/statutes/퇴직연금감독규정_20260905.txt,RULE_NAME,1way,퇴직연금감독규정 제9조 제1항 제2호 마목: 상장지수집합투자기구가 목표로 하는 지수의 변화에 1배를 초과하거나 음의 배율로 연동하여 운용하는 것은 제외한다,PSR_ART9_1_2,퇴직연금감독규정 제9조 제1항 제2호 마목 (증권 및 기타 적립금 운용방법의 종류 등 (1배수 상장지수집합투자기구 파생위험평가액 100% 한도 허용)),,퇴직연금감독규정 제9조 제1항 제2호 마목 단서 (1배 초과 또는 음의 배율 연동 배제),명칭 기반 배수 식별 및 퇴직연금감독규정 제9조 제1항 제2호 마목 단서 적용,2026-09-05,PASS (공식 검증 완료)
281990,KR7281990002,RISE 중소형고배당,KB자산운용,주식-국내,가능,70% (위험자산),Y,높음,증권사·운용사교차검증,https://dis.kofia.or.kr/websquare/index.jsp?w2xPath=/wq/fundann/DISFundFeeCMS.xml&divisionId=MDIS01005001000000&serviceId=SDIS01005001000,data/regulatory/sources/kofia_evidence_extract_20260905.xml,E3,3way,KBRISE중소형고배당증권상장지수투자신탁(주식) / 펀드유형: 주식형 / 표준코드: K55223BY3509 / 기준일: 20171101,MOEL_WRBA_RULE_ART10_1_2,근로자퇴직급여 보장법 시행규칙 제10조 제1항 제2호 (위험자산의 범위 및 운용기준 (DC 및 IRP 위험자산 투자한도 70%)),ED_WRBA_ART26_1_2,공식 출처 대조 (증권사·운용사교차검증),KOFIA 펀드유형: 주식형 (근로자퇴직급여 보장법 시행규칙 제10조 제1항 제2호: 주식형 집합투자증권 위험자산 70% 한도),2026-09-05,PASS (공식 검증 완료)
282000,KR7282000009,RISE 국고채3년선물인버스,KB자산운용,채권,불가,불가,Y,보통,법령조건직접판정,https://www.law.go.kr/LSW//admRulInfoP.do?admRulSeq=2100000244795&chrClsCd=010201,data/regulatory/sources/statutes/퇴직연금감독규정_20260905.txt,RULE_NAME,1way,퇴직연금감독규정 제9조 제1항 제2호 마목: 상장지수집합투자기구가 목표로 하는 지수의 변화에 1배를 초과하거나 음의 배율로 연동하여 운용하는 것은 제외한다,PSR_ART9_1_2,퇴직연금감독규정 제9조 제1항 제2호 마목 (증권 및 기타 적립금 운용방법의 종류 등 (1배수 상장지수집합투자기구 파생위험평가액 100% 한도 허용)),,퇴직연금감독규정 제9조 제1항 제2호 마목 단서 (1배 초과 또는 음의 배율 연동 배제),명칭 기반 배수 식별 및 퇴직연금감독규정 제9조 제1항 제2호 마목 단서 적용,2026-09-05,PASS (공식 검증 완료)
283580,KR7283580009,KODEX 차이나CSI300,삼성자산운용,주식-해외,가능,70% (위험자산),Y,높음,증권사·운용사교차검증,https://securities.koreainvestment.com/pension/nwEtcinfo/Notice.jsp?cmd=A_NW_33030View&num=47520,data/regulatory/sources/brokers/koreainvestment/ETF_REITs_LIST_RP_260831.xlsx,E4,3way,삼성자산운용 KODEX 공시 [283580 / KODEX 차이나CSI300 / ivPsbReti: 70%] & 한국투자증권 공시 [283580 / KODEX 차이나CSI300 / 위험자산한도: 0.7],MOEL_WRBA_RULE_ART10_1_2,근로자퇴직급여 보장법 시행규칙 제10조 제1항 제2호 (위험자산의 범위 및 운용기준 (DC 및 IRP 위험자산 투자한도 70%)),ED_WRBA_ART26_1_2,공식 출처 대조 (증권사·운용사교차검증),삼성자산운용 KODEX 연금투자 공시 [stkTicker: 283580 / ivPsbReti: 70%] 및 한국투자증권 공시 [단축코드: 283580 / 위험자산한도: 0.7] 100% 교차 일치,2026-09-06,PASS (공식 검증 완료)
284430,KR7284430006,KODEX 200미국채혼합50,삼성자산운용,채권,가능,100% (안전자산),Y,높음,증권사·운용사교차검증,https://dart.fss.or.kr/dsaf001/main.do?rcpNo=20260630000020,data/regulatory/sources/dart/20260630000020.xml,E2,3way,가. 투자대상주식: 40% 이하 → 50% 미만,PSR_ART11_1_5,퇴직연금감독규정 제11조 제1항 제5호 (적립금 운용방법 등 (주식 50% 미만 채권혼합형 100% 안전자산)),,금융감독원 DART 투자설명서 신탁계약서 제16조 주식편입한도 대조 (증권사·운용사교차검증),"DART 정정신고서(rcpNo 20260630000020) 제2부 8. 투자대상 ""가. 투자대상주식: 40% 이하 → 50% 미만"" 확인",2026-09-05,PASS (공식 검증 완료)
284980,KR7284980000,RISE 200금융,KB자산운용,주식-국내,가능,70% (위험자산),Y,높음,증권사·운용사교차검증,https://dis.kofia.or.kr/websquare/index.jsp?w2xPath=/wq/fundann/DISFundFeeCMS.xml&divisionId=MDIS01005001000000&serviceId=SDIS01005001000,data/regulatory/sources/kofia_evidence_extract_20260905.xml,E3,3way,KBRISE200금융증권상장지수투자신탁(주식) / 펀드유형: 주식형 / 표준코드: K55223C02611 / 기준일: 20171207,MOEL_WRBA_RULE_ART10_1_2,근로자퇴직급여 보장법 시행규칙 제10조 제1항 제2호 (위험자산의 범위 및 운용기준 (DC 및 IRP 위험자산 투자한도 70%)),ED_WRBA_ART26_1_2,공식 출처 대조 (증권사·운용사교차검증),KOFIA 펀드유형: 주식형 (근로자퇴직급여 보장법 시행규칙 제10조 제1항 제2호: 주식형 집합투자증권 위험자산 70% 한도),2026-09-05,PASS (공식 검증 완료)
285690,KR7285690004,FOCUS ESG리더스,하나자산운용,주식-국내,가능,70% (위험자산),Y,높음,협회공시대조,https://dis.kofia.or.kr/websquare/index.jsp?w2xPath=/wq/fundann/DISFundFeeCMS.xml&divisionId=MDIS01005001000000&serviceId=SDIS01005001000,data/regulatory/sources/kofia_evidence_extract_20260905.xml,E3,1way,FOCUS ESG리더스 / 펀드유형: 주식형 / 기준일: 20260905,MOEL_WRBA_RULE_ART10_1_2,근로자퇴직급여 보장법 시행규칙 제10조 제1항 제2호 (위험자산의 범위 및 운용기준 (DC 및 IRP 위험자산 투자한도 70%)),ED_WRBA_ART26_1_2,금융투자협회 전자공시서비스(DIS) 표준 펀드유형 '주식형' XML 전수 대조 (시행규칙 제10조제1항제2호 한도 70%),KOFIA 펀드유형: 주식형 (근로자퇴직급여 보장법 시행규칙 제10조 제1항 제2호: 주식형 집합투자증권 위험자산 70% 한도),2026-09-05,PASS (공식 검증 완료)
287180,KR7287180004,PLUS 미국나스닥테크,한화자산운용,주식-해외,가능,70% (위험자산),Y,높음,증권사·운용사교차검증,https://dis.kofia.or.kr/websquare/index.jsp?w2xPath=/wq/fundann/DISFundFeeCMS.xml&divisionId=MDIS01005001000000&serviceId=SDIS01005001000,data/regulatory/sources/kofia_evidence_extract_20260905.xml,E3,3way,한화PLUS미국나스닥테크증권상장지수투자신탁(주식) / 펀드유형: 주식형 / 표준코드: K55213C03586 / 기준일: 20171212,MOEL_WRBA_RULE_ART10_1_2,근로자퇴직급여 보장법 시행규칙 제10조 제1항 제2호 (위험자산의 범위 및 운용기준 (DC 및 IRP 위험자산 투자한도 70%)),ED_WRBA_ART26_1_2,공식 출처 대조 (증권사·운용사교차검증),KOFIA 펀드유형: 주식형 (근로자퇴직급여 보장법 시행규칙 제10조 제1항 제2호: 주식형 집합투자증권 위험자산 70% 한도),2026-09-05,PASS (공식 검증 완료)
289040,KR7289040008,KODEX MSCI KOREA ESG유니버설,삼성자산운용,주식-국내,가능,70% (위험자산),Y,높음,증권사·운용사교차검증,https://dis.kofia.or.kr/websquare/index.jsp?w2xPath=/wq/fundann/DISFundFeeCMS.xml&divisionId=MDIS01005001000000&serviceId=SDIS01005001000,data/regulatory/sources/kofia_evidence_extract_20260905.xml,E3,3way,미래에셋TIGERMSCIKOREAESG유니버설증권상장지수투자신탁(주식) / 펀드유형: 주식형 / 표준코드: K55301C21029 / 기준일: 20180206,MOEL_WRBA_RULE_ART10_1_2,근로자퇴직급여 보장법 시행규칙 제10조 제1항 제2호 (위험자산의 범위 및 운용기준 (DC 및 IRP 위험자산 투자한도 70%)),ED_WRBA_ART26_1_2,공식 출처 대조 (증권사·운용사교차검증),KOFIA 펀드유형: 주식형 (근로자퇴직급여 보장법 시행규칙 제10조 제1항 제2호: 주식형 집합투자증권 위험자산 70% 한도),2026-09-05,PASS (공식 검증 완료)
289250,KR7289250003,TIGER MSCI KOREA ESG유니버설,미래에셋자산운용,주식-국내,가능,70% (위험자산),Y,높음,증권사·운용사교차검증,https://dis.kofia.or.kr/websquare/index.jsp?w2xPath=/wq/fundann/DISFundFeeCMS.xml&divisionId=MDIS01005001000000&serviceId=SDIS01005001000,data/regulatory/sources/kofia_evidence_extract_20260905.xml,E3,3way,미래에셋TIGERMSCIKOREAESG유니버설증권상장지수투자신탁(주식) / 펀드유형: 주식형 / 표준코드: K55301C21029 / 기준일: 20180206,MOEL_WRBA_RULE_ART10_1_2,근로자퇴직급여 보장법 시행규칙 제10조 제1항 제2호 (위험자산의 범위 및 운용기준 (DC 및 IRP 위험자산 투자한도 70%)),ED_WRBA_ART26_1_2,공식 출처 대조 (증권사·운용사교차검증),KOFIA 펀드유형: 주식형 (근로자퇴직급여 보장법 시행규칙 제10조 제1항 제2호: 주식형 집합투자증권 위험자산 70% 한도),2026-09-05,PASS (공식 검증 완료)
289260,KR7289260002,TIGER MSCI KOREA ESG리더스,미래에셋자산운용,주식-국내,가능,70% (위험자산),Y,높음,증권사·운용사교차검증,https://dis.kofia.or.kr/websquare/index.jsp?w2xPath=/wq/fundann/DISFundFeeCMS.xml&divisionId=MDIS01005001000000&serviceId=SDIS01005001000,data/regulatory/sources/kofia_evidence_extract_20260905.xml,E3,3way,미래에셋TIGERMSCIKOREAESG리더스증권상장지수투자신탁(주식) / 펀드유형: 주식형 / 표준코드: K55301C21037 / 기준일: 20180206,MOEL_WRBA_RULE_ART10_1_2,근로자퇴직급여 보장법 시행규칙 제10조 제1항 제2호 (위험자산의 범위 및 운용기준 (DC 및 IRP 위험자산 투자한도 70%)),ED_WRBA_ART26_1_2,공식 출처 대조 (증권사·운용사교차검증),KOFIA 펀드유형: 주식형 (근로자퇴직급여 보장법 시행규칙 제10조 제1항 제2호: 주식형 집합투자증권 위험자산 70% 한도),2026-09-05,PASS (공식 검증 완료)
289480,KR7289480006,TIGER 200커버드콜,미래에셋자산운용,주식-국내,가능,70% (위험자산),Y,높음,증권사·운용사교차검증,https://securities.koreainvestment.com/pension/nwEtcinfo/Notice.jsp?cmd=A_NW_33030View&num=47520,data/regulatory/sources/brokers/koreainvestment/ETF_REITs_LIST_RP_260831.xlsx,E4,3way,미래에셋자산운용 TIGER 공시 [KR7289480006 / TIGER 200 커버드콜 / 퇴직연금 70%] & 한국투자증권 공시 [289480 / TIGER 200커버드콜 / 위험자산한도: 0.7],MOEL_WRBA_RULE_ART10_1_2,근로자퇴직급여 보장법 시행규칙 제10조 제1항 제2호 (위험자산의 범위 및 운용기준 (DC 및 IRP 위험자산 투자한도 70%)),ED_WRBA_ART26_1_2,공식 출처 대조 (증권사·운용사교차검증),미래에셋자산운용 TIGER 공시 [KR7289480006 / 퇴직연금 70%] 및 한국투자증권 공시 [단축코드: 289480 / 위험자산한도: 0.7] 100% 교차 일치,2026-09-06,PASS (공식 검증 완료)
289670,KR7289670002,PLUS 국채선물10년,한화자산운용,채권,불가,불가,Y,높음,증권사목록대조,https://securities.koreainvestment.com/pension/nwEtcinfo/Notice.jsp?cmd=A_NW_33030View&num=47520,data/regulatory/sources/brokers/koreainvestment/ETF_REITs_LIST_RP_260831.xlsx; data/regulatory/sources/brokers/koreainvestment/kis_etf_ticker_universe_20260831.txt,E4,2way,"한국투자증권 퇴직연금 ETF 상품 현황(2026-08-31 기준) 2행: ★매매불가: 레버리지/인버스/파생형/해외상장ETF / 해당 종목코드(289670 PLUS 국채선물10년) 퇴직연금 매매가능 유니버스 1,021종목 전수 대조 결과 미수록(부재) 확인",PSR_ART9_1_2,퇴직연금감독규정 제9조 제1항 제2호 마목 (증권 및 기타 적립금 운용방법의 종류 등 (1배수 상장지수집합투자기구 파생위험평가액 100% 한도 허용)),FSC_FIBA_REG_ART4_54,판매사 퇴직연금 매매 불가 유니버스 대조 및 퇴직연금감독규정 제9조 (위험평가액 40% 초과 배제),"한국투자증권 엑셀 2행 '★매매불가: 레버리지/인버스/파생형/해외상장ETF' 및 1,021종목 유니버스 전수 대조 미수록(부재) 근거 편입 불가 확정",2026-09-06,PASS (공식 검증 완료)
290080,KR7290080001,RISE 200고배당커버드콜ATM,KB자산운용,주식-국내,불가,불가,Y,높음,증권사·운용사교차검증,https://www.riseetf.co.kr/prod/finder/listJquery,data/regulatory/sources/issuers/kb/rise_product_universe_20260906.json,E4,2way,"KB자산운용 RISE 공식 상품 유니버스(2026-09-06 수집, 143종목) / RISE 200고배당커버드콜ATM / 종목코드 290080 / 개인연금 뱃지만 수록, 퇴직연금 뱃지 부재(불가). 한국투자증권 2026-08-31 매매가능 1,021종목 유니버스에도 미수록",PSR_ART9_1_2,퇴직연금감독규정 제9조 제1항 제2호 마목 (증권 및 기타 적립금 운용방법의 종류 등 (1배수 상장지수집합투자기구 파생위험평가액 100% 한도 허용)),FSC_FIBA_REG_ART4_54,판매사 퇴직연금 매매 불가 유니버스 대조 및 퇴직연금감독규정 제9조 (위험평가액 40% 초과 배제),"KB자산운용 RISE 공식 유니버스 상 개인연금 뱃지만 수록, 퇴직연금 뱃지 부재(불가) 및 한투 2026-08-31 유니버스 미수록 (장내파생 위험평가액 40% 초과, PSR_ART9_1_2)",2026-09-06,PASS (공식 검증 완료)
290130,KR7290130004,RISE ESG사회책임투자,KB자산운용,주식-국내,가능,70% (위험자산),Y,높음,증권사·운용사교차검증,https://dis.kofia.or.kr/websquare/index.jsp?w2xPath=/wq/fundann/DISFundFeeCMS.xml&divisionId=MDIS01005001000000&serviceId=SDIS01005001000,data/regulatory/sources/kofia_evidence_extract_20260905.xml,E3,3way,KBRISEESG사회책임투자증권상장지수투자신탁(주식) / 펀드유형: 주식형 / 표준코드: K55223C37088 / 기준일: 20180226,MOEL_WRBA_RULE_ART10_1_2,근로자퇴직급여 보장법 시행규칙 제10조 제1항 제2호 (위험자산의 범위 및 운용기준 (DC 및 IRP 위험자산 투자한도 70%)),ED_WRBA_ART26_1_2,공식 출처 대조 (증권사·운용사교차검증),KOFIA 펀드유형: 주식형 (근로자퇴직급여 보장법 시행규칙 제10조 제1항 제2호: 주식형 집합투자증권 위험자산 70% 한도),2026-09-05,PASS (공식 검증 완료)
291130,KR7291130003,ACE MSCI멕시코(합성),한국투자신탁운용,주식-해외,가능,70% (위험자산),Y,높음,증권사·운용사교차검증,https://securities.koreainvestment.com/pension/nwEtcinfo/Notice.jsp?cmd=A_NW_33030View&num=47520,data/regulatory/sources/brokers/koreainvestment/ETF_REITs_LIST_RP_260831.xlsx,E4,3way,한국투자증권 퇴직연금 ETF 상품 현황(2026-08-31 기준) / ACE MSCI멕시코(합성) / 291130 / 한국 / 퇴직연금 투자한도 0.7,MOEL_WRBA_RULE_ART10_1_2,근로자퇴직급여 보장법 시행규칙 제10조 제1항 제2호 (위험자산의 범위 및 운용기준 (DC 및 IRP 위험자산 투자한도 70%)),ED_WRBA_ART26_1_2,공식 출처 대조 (증권사·운용사교차검증),한국투자증권 퇴직연금 ETF 상품 현황(2026-08-31 기준) 위험자산한도 0.7 대조 및 규제엔진 2자 합치 일치,2026-09-06,PASS (공식 검증 완료)
291620,KR7291620003,KIWOOM 코스닥150선물인버스,키움투자자산운용,주식-국내,불가,불가,Y,보통,법령조건직접판정,https://www.law.go.kr/LSW//admRulInfoP.do?admRulSeq=2100000244795&chrClsCd=010201,data/regulatory/sources/statutes/퇴직연금감독규정_20260905.txt,RULE_NAME,1way,퇴직연금감독규정 제9조 제1항 제2호 마목: 상장지수집합투자기구가 목표로 하는 지수의 변화에 1배를 초과하거나 음의 배율로 연동하여 운용하는 것은 제외한다,PSR_ART9_1_2,퇴직연금감독규정 제9조 제1항 제2호 마목 (증권 및 기타 적립금 운용방법의 종류 등 (1배수 상장지수집합투자기구 파생위험평가액 100% 한도 허용)),,퇴직연금감독규정 제9조 제1항 제2호 마목 단서 (1배 초과 또는 음의 배율 연동 배제),명칭 기반 배수 식별 및 퇴직연금감독규정 제9조 제1항 제2호 마목 단서 적용,2026-09-05,PASS (공식 검증 완료)
291630,KR7291630002,KIWOOM 코스닥150선물레버리지,키움투자자산운용,주식-국내,불가,불가,Y,보통,법령조건직접판정,https://www.law.go.kr/LSW//admRulInfoP.do?admRulSeq=2100000244795&chrClsCd=010201,data/regulatory/sources/statutes/퇴직연금감독규정_20260905.txt,RULE_NAME,1way,퇴직연금감독규정 제9조 제1항 제2호 마목: 상장지수집합투자기구가 목표로 하는 지수의 변화에 1배를 초과하거나 음의 배율로 연동하여 운용하는 것은 제외한다,PSR_ART9_1_2,퇴직연금감독규정 제9조 제1항 제2호 마목 (증권 및 기타 적립금 운용방법의 종류 등 (1배수 상장지수집합투자기구 파생위험평가액 100% 한도 허용)),,퇴직연금감독규정 제9조 제1항 제2호 마목 단서 (1배 초과 또는 음의 배율 연동 배제),명칭 기반 배수 식별 및 퇴직연금감독규정 제9조 제1항 제2호 마목 단서 적용,2026-09-05,PASS (공식 검증 완료)
291680,KR7291680007,RISE 차이나H선물인버스(H),KB자산운용,주식-해외,불가,불가,Y,보통,법령조건직접판정,https://www.law.go.kr/LSW//admRulInfoP.do?admRulSeq=2100000244795&chrClsCd=010201,data/regulatory/sources/statutes/퇴직연금감독규정_20260905.txt,RULE_NAME,1way,퇴직연금감독규정 제9조 제1항 제2호 마목: 상장지수집합투자기구가 목표로 하는 지수의 변화에 1배를 초과하거나 음의 배율로 연동하여 운용하는 것은 제외한다,PSR_ART9_1_2,퇴직연금감독규정 제9조 제1항 제2호 마목 (증권 및 기타 적립금 운용방법의 종류 등 (1배수 상장지수집합투자기구 파생위험평가액 100% 한도 허용)),,퇴직연금감독규정 제9조 제1항 제2호 마목 단서 (1배 초과 또는 음의 배율 연동 배제),명칭 기반 배수 식별 및 퇴직연금감독규정 제9조 제1항 제2호 마목 단서 적용,2026-09-05,PASS (공식 검증 완료)
291890,KR7291890002,KODEX MSCI EM선물(H),삼성자산운용,주식-해외,불가,불가,Y,높음,증권사목록대조,https://securities.koreainvestment.com/pension/nwEtcinfo/Notice.jsp?cmd=A_NW_33030View&num=47520,data/regulatory/sources/brokers/koreainvestment/ETF_REITs_LIST_RP_260831.xlsx; data/regulatory/sources/brokers/koreainvestment/kis_etf_ticker_universe_20260831.txt,E4,2way,"한국투자증권 퇴직연금 ETF 상품 현황(2026-08-31 기준) 2행: ★매매불가: 레버리지/인버스/파생형/해외상장ETF / 해당 종목코드(291890 KODEX MSCI EM선물(H)) 퇴직연금 매매가능 유니버스 1,021종목 전수 대조 결과 미수록(부재) 확인",PSR_ART9_1_2,퇴직연금감독규정 제9조 제1항 제2호 마목 (증권 및 기타 적립금 운용방법의 종류 등 (1배수 상장지수집합투자기구 파생위험평가액 100% 한도 허용)),FSC_FIBA_REG_ART4_54,판매사 퇴직연금 매매 불가 유니버스 대조 및 퇴직연금감독규정 제9조 (위험평가액 40% 초과 배제),"한국투자증권 엑셀 2행 '★매매불가: 레버리지/인버스/파생형/해외상장ETF' 및 1,021종목 유니버스 전수 대조 미수록(부재) 근거 편입 불가 확정",2026-09-06,PASS (공식 검증 완료)
292050,KR7292050002,RISE KRX300,KB자산운용,주식-국내,가능,70% (위험자산),Y,높음,증권사·운용사교차검증,https://dis.kofia.or.kr/websquare/index.jsp?w2xPath=/wq/fundann/DISFundFeeCMS.xml&divisionId=MDIS01005001000000&serviceId=SDIS01005001000,data/regulatory/sources/kofia_evidence_extract_20260905.xml,E3,3way,KBRISEKRX300증권상장지수투자신탁(주식) / 펀드유형: 주식형 / 표준코드: K55223C53515 / 기준일: 20180323,MOEL_WRBA_RULE_ART10_1_2,근로자퇴직급여 보장법 시행규칙 제10조 제1항 제2호 (위험자산의 범위 및 운용기준 (DC 및 IRP 위험자산 투자한도 70%)),ED_WRBA_ART26_1_2,공식 출처 대조 (증권사·운용사교차검증),KOFIA 펀드유형: 주식형 (근로자퇴직급여 보장법 시행규칙 제10조 제1항 제2호: 주식형 집합투자증권 위험자산 70% 한도),2026-09-05,PASS (공식 검증 완료)
292150,KR7292150000,TIGER 코리아TOP10,미래에셋자산운용,주식-국내,가능,70% (위험자산),Y,높음,증권사·운용사교차검증,https://dis.kofia.or.kr/websquare/index.jsp?w2xPath=/wq/fundann/DISFundFeeCMS.xml&divisionId=MDIS01005001000000&serviceId=SDIS01005001000,data/regulatory/sources/kofia_evidence_extract_20260905.xml,E3,3way,미래에셋TIGER코리아TOP10증권상장지수투자신탁(주식) / 펀드유형: 주식형 / 표준코드: K55301C47545 / 기준일: 20180329,MOEL_WRBA_RULE_ART10_1_2,근로자퇴직급여 보장법 시행규칙 제10조 제1항 제2호 (위험자산의 범위 및 운용기준 (DC 및 IRP 위험자산 투자한도 70%)),ED_WRBA_ART26_1_2,공식 출처 대조 (증권사·운용사교차검증),KOFIA 펀드유형: 주식형 (근로자퇴직급여 보장법 시행규칙 제10조 제1항 제2호: 주식형 집합투자증권 위험자산 70% 한도),2026-09-05,PASS (공식 검증 완료)
292160,KR7292160009,TIGER KRX300,미래에셋자산운용,주식-국내,가능,70% (위험자산),Y,높음,증권사·운용사교차검증,https://dis.kofia.or.kr/websquare/index.jsp?w2xPath=/wq/fundann/DISFundFeeCMS.xml&divisionId=MDIS01005001000000&serviceId=SDIS01005001000,data/regulatory/sources/kofia_evidence_extract_20260905.xml,E3,3way,미래에셋TIGERKRX300증권상장지수투자신탁(주식) / 펀드유형: 주식형 / 표준코드: K55301C47735 / 기준일: 20180323,MOEL_WRBA_RULE_ART10_1_2,근로자퇴직급여 보장법 시행규칙 제10조 제1항 제2호 (위험자산의 범위 및 운용기준 (DC 및 IRP 위험자산 투자한도 70%)),ED_WRBA_ART26_1_2,공식 출처 대조 (증권사·운용사교차검증),KOFIA 펀드유형: 주식형 (근로자퇴직급여 보장법 시행규칙 제10조 제1항 제2호: 주식형 집합투자증권 위험자산 70% 한도),2026-09-05,PASS (공식 검증 완료)
292190,KR7292190006,KODEX KRX300,삼성자산운용,주식-국내,가능,70% (위험자산),Y,높음,증권사·운용사교차검증,https://dis.kofia.or.kr/websquare/index.jsp?w2xPath=/wq/fundann/DISFundFeeCMS.xml&divisionId=MDIS01005001000000&serviceId=SDIS01005001000,data/regulatory/sources/kofia_evidence_extract_20260905.xml,E3,3way,삼성KODEXKRX300증권상장지수투자신탁[주식형] / 펀드유형: 주식형 / 표준코드: K55105C52102 / 기준일: 20180323,MOEL_WRBA_RULE_ART10_1_2,근로자퇴직급여 보장법 시행규칙 제10조 제1항 제2호 (위험자산의 범위 및 운용기준 (DC 및 IRP 위험자산 투자한도 70%)),ED_WRBA_ART26_1_2,공식 출처 대조 (증권사·운용사교차검증),KOFIA 펀드유형: 주식형 (근로자퇴직급여 보장법 시행규칙 제10조 제1항 제2호: 주식형 집합투자증권 위험자산 70% 한도),2026-09-05,PASS (공식 검증 완료)
292500,KR7292500006,SOL KRX300,신한자산운용,주식-국내,가능,70% (위험자산),Y,높음,협회공시대조,https://dis.kofia.or.kr/websquare/index.jsp?w2xPath=/wq/fundann/DISFundFeeCMS.xml&divisionId=MDIS01005001000000&serviceId=SDIS01005001000,data/regulatory/sources/kofia_evidence_extract_20260905.xml,E3,1way,신한SOLKRX300증권상장지수투자신탁[주식] / 펀드유형: 주식형 / 표준코드: K55210C43489 / 기준일: 20180323,MOEL_WRBA_RULE_ART10_1_2,근로자퇴직급여 보장법 시행규칙 제10조 제1항 제2호 (위험자산의 범위 및 운용기준 (DC 및 IRP 위험자산 투자한도 70%)),ED_WRBA_ART26_1_2,금융투자협회 전자공시서비스(DIS) 표준 펀드유형 '주식형' XML 전수 대조 (시행규칙 제10조제1항제2호 한도 70%),KOFIA 펀드유형: 주식형 (근로자퇴직급여 보장법 시행규칙 제10조 제1항 제2호: 주식형 집합투자증권 위험자산 70% 한도),2026-09-05,PASS (공식 검증 완료)
292560,KR7292560000,TIGER 일본엔선물,미래에셋자산운용,주식-해외,불가,불가,Y,높음,증권사목록대조,https://securities.koreainvestment.com/pension/nwEtcinfo/Notice.jsp?cmd=A_NW_33030View&num=47520,data/regulatory/sources/brokers/koreainvestment/ETF_REITs_LIST_RP_260831.xlsx; data/regulatory/sources/brokers/koreainvestment/kis_etf_ticker_universe_20260831.txt,E4,2way,"한국투자증권 퇴직연금 ETF 상품 현황(2026-08-31 기준) 2행: ★매매불가: 레버리지/인버스/파생형/해외상장ETF / 해당 종목코드(292560 TIGER 일본엔선물) 퇴직연금 매매가능 유니버스 1,021종목 전수 대조 결과 미수록(부재) 확인",PSR_ART9_1_2,퇴직연금감독규정 제9조 제1항 제2호 마목 (증권 및 기타 적립금 운용방법의 종류 등 (1배수 상장지수집합투자기구 파생위험평가액 100% 한도 허용)),FSC_FIBA_REG_ART4_54,판매사 퇴직연금 매매 불가 유니버스 대조 및 퇴직연금감독규정 제9조 (위험평가액 40% 초과 배제),"한국투자증권 엑셀 2행 '★매매불가: 레버리지/인버스/파생형/해외상장ETF' 및 1,021종목 유니버스 전수 대조 미수록(부재) 근거 편입 불가 확정",2026-09-06,PASS (공식 검증 완료)
292770,KR7292770005,KODEX 국채선물3년인버스,삼성자산운용,채권,불가,불가,Y,보통,법령조건직접판정,https://www.law.go.kr/LSW//admRulInfoP.do?admRulSeq=2100000244795&chrClsCd=010201,data/regulatory/sources/statutes/퇴직연금감독규정_20260905.txt,RULE_NAME,1way,퇴직연금감독규정 제9조 제1항 제2호 마목: 상장지수집합투자기구가 목표로 하는 지수의 변화에 1배를 초과하거나 음의 배율로 연동하여 운용하는 것은 제외한다,PSR_ART9_1_2,퇴직연금감독규정 제9조 제1항 제2호 마목 (증권 및 기타 적립금 운용방법의 종류 등 (1배수 상장지수집합투자기구 파생위험평가액 100% 한도 허용)),,퇴직연금감독규정 제9조 제1항 제2호 마목 단서 (1배 초과 또는 음의 배율 연동 배제),명칭 기반 배수 식별 및 퇴직연금감독규정 제9조 제1항 제2호 마목 단서 적용,2026-09-05,PASS (공식 검증 완료)
293180,KR7293180006,HANARO 200,NH-Amundi자산운용,주식-국내,가능,70% (위험자산),Y,높음,협회공시대조,https://dis.kofia.or.kr/websquare/index.jsp?w2xPath=/wq/fundann/DISFundFeeCMS.xml&divisionId=MDIS01005001000000&serviceId=SDIS01005001000,data/regulatory/sources/kofia_evidence_extract_20260905.xml,E3,1way,NH-AmundiHANARO200증권상장지수투자신탁[주식] / 펀드유형: 주식형 / 표준코드: K55232C57764 / 기준일: 20180329,MOEL_WRBA_RULE_ART10_1_2,근로자퇴직급여 보장법 시행규칙 제10조 제1항 제2호 (위험자산의 범위 및 운용기준 (DC 및 IRP 위험자산 투자한도 70%)),ED_WRBA_ART26_1_2,금융투자협회 전자공시서비스(DIS) 표준 펀드유형 '주식형' XML 전수 대조 (시행규칙 제10조제1항제2호 한도 70%),KOFIA 펀드유형: 주식형 (근로자퇴직급여 보장법 시행규칙 제10조 제1항 제2호: 주식형 집합투자증권 위험자산 70% 한도),2026-09-05,PASS (공식 검증 완료)
294400,KR7294400007,KIWOOM 200TR,키움투자자산운용,주식-국내,가능,70% (위험자산),Y,높음,협회공시대조,https://dis.kofia.or.kr/websquare/index.jsp?w2xPath=/wq/fundann/DISFundFeeCMS.xml&divisionId=MDIS01005001000000&serviceId=SDIS01005001000,data/regulatory/sources/kofia_evidence_extract_20260905.xml,E3,1way,한화PLUS200TotalReturn증권상장지수투자신탁(주식) / 펀드유형: 주식형 / 표준코드: K55213EE1753 / 기준일: 20240909,MOEL_WRBA_RULE_ART10_1_2,근로자퇴직급여 보장법 시행규칙 제10조 제1항 제2호 (위험자산의 범위 및 운용기준 (DC 및 IRP 위험자산 투자한도 70%)),ED_WRBA_ART26_1_2,금융투자협회 전자공시서비스(DIS) 표준 펀드유형 '주식형' XML 전수 대조 (시행규칙 제10조제1항제2호 한도 70%),KOFIA 펀드유형: 주식형 (근로자퇴직급여 보장법 시행규칙 제10조 제1항 제2호: 주식형 집합투자증권 위험자산 70% 한도),2026-09-05,PASS (공식 검증 완료)
295000,KR7295000004,RISE 국채선물10년,KB자산운용,채권,불가,불가,Y,높음,증권사목록대조,https://securities.koreainvestment.com/pension/nwEtcinfo/Notice.jsp?cmd=A_NW_33030View&num=47520,data/regulatory/sources/brokers/koreainvestment/ETF_REITs_LIST_RP_260831.xlsx; data/regulatory/sources/brokers/koreainvestment/kis_etf_ticker_universe_20260831.txt,E4,2way,"한국투자증권 퇴직연금 ETF 상품 현황(2026-08-31 기준) 2행: ★매매불가: 레버리지/인버스/파생형/해외상장ETF / 해당 종목코드(295000 RISE 국채선물10년) 퇴직연금 매매가능 유니버스 1,021종목 전수 대조 결과 미수록(부재) 확인",PSR_ART9_1_2,퇴직연금감독규정 제9조 제1항 제2호 마목 (증권 및 기타 적립금 운용방법의 종류 등 (1배수 상장지수집합투자기구 파생위험평가액 100% 한도 허용)),FSC_FIBA_REG_ART4_54,판매사 퇴직연금 매매 불가 유니버스 대조 및 퇴직연금감독규정 제9조 (위험평가액 40% 초과 배제),"한국투자증권 엑셀 2행 '★매매불가: 레버리지/인버스/파생형/해외상장ETF' 및 1,021종목 유니버스 전수 대조 미수록(부재) 근거 편입 불가 확정",2026-09-06,PASS (공식 검증 완료)
295020,KR7295020002,RISE 국채선물10년인버스,KB자산운용,채권,불가,불가,Y,보통,법령조건직접판정,https://www.law.go.kr/LSW//admRulInfoP.do?admRulSeq=2100000244795&chrClsCd=010201,data/regulatory/sources/statutes/퇴직연금감독규정_20260905.txt,RULE_NAME,1way,퇴직연금감독규정 제9조 제1항 제2호 마목: 상장지수집합투자기구가 목표로 하는 지수의 변화에 1배를 초과하거나 음의 배율로 연동하여 운용하는 것은 제외한다,PSR_ART9_1_2,퇴직연금감독규정 제9조 제1항 제2호 마목 (증권 및 기타 적립금 운용방법의 종류 등 (1배수 상장지수집합투자기구 파생위험평가액 100% 한도 허용)),,퇴직연금감독규정 제9조 제1항 제2호 마목 단서 (1배 초과 또는 음의 배율 연동 배제),명칭 기반 배수 식별 및 퇴직연금감독규정 제9조 제1항 제2호 마목 단서 적용,2026-09-05,PASS (공식 검증 완료)
295040,KR7295040000,SOL 200TR,신한자산운용,주식-국내,가능,70% (위험자산),Y,높음,협회공시대조,https://dis.kofia.or.kr/websquare/index.jsp?w2xPath=/wq/fundann/DISFundFeeCMS.xml&divisionId=MDIS01005001000000&serviceId=SDIS01005001000,data/regulatory/sources/kofia_evidence_extract_20260905.xml,E3,1way,한화PLUS200TotalReturn증권상장지수투자신탁(주식) / 펀드유형: 주식형 / 표준코드: K55213EE1753 / 기준일: 20240909,MOEL_WRBA_RULE_ART10_1_2,근로자퇴직급여 보장법 시행규칙 제10조 제1항 제2호 (위험자산의 범위 및 운용기준 (DC 및 IRP 위험자산 투자한도 70%)),ED_WRBA_ART26_1_2,금융투자협회 전자공시서비스(DIS) 표준 펀드유형 '주식형' XML 전수 대조 (시행규칙 제10조제1항제2호 한도 70%),KOFIA 펀드유형: 주식형 (근로자퇴직급여 보장법 시행규칙 제10조 제1항 제2호: 주식형 집합투자증권 위험자산 70% 한도),2026-09-05,PASS (공식 검증 완료)
298340,KR7298340001,PLUS 국채선물3년,한화자산운용,채권,불가,불가,Y,높음,증권사목록대조,https://securities.koreainvestment.com/pension/nwEtcinfo/Notice.jsp?cmd=A_NW_33030View&num=47520,data/regulatory/sources/brokers/koreainvestment/ETF_REITs_LIST_RP_260831.xlsx; data/regulatory/sources/brokers/koreainvestment/kis_etf_ticker_universe_20260831.txt,E4,2way,"한국투자증권 퇴직연금 ETF 상품 현황(2026-08-31 기준) 2행: ★매매불가: 레버리지/인버스/파생형/해외상장ETF / 해당 종목코드(298340 PLUS 국채선물3년) 퇴직연금 매매가능 유니버스 1,021종목 전수 대조 결과 미수록(부재) 확인",PSR_ART9_1_2,퇴직연금감독규정 제9조 제1항 제2호 마목 (증권 및 기타 적립금 운용방법의 종류 등 (1배수 상장지수집합투자기구 파생위험평가액 100% 한도 허용)),FSC_FIBA_REG_ART4_54,판매사 퇴직연금 매매 불가 유니버스 대조 및 퇴직연금감독규정 제9조 (위험평가액 40% 초과 배제),"한국투자증권 엑셀 2행 '★매매불가: 레버리지/인버스/파생형/해외상장ETF' 및 1,021종목 유니버스 전수 대조 미수록(부재) 근거 편입 불가 확정",2026-09-06,PASS (공식 검증 완료)
298770,KR7298770009,KODEX 한국대만IT프리미어,삼성자산운용,주식-국내,가능,70% (위험자산),Y,높음,증권사·운용사교차검증,https://securities.koreainvestment.com/pension/nwEtcinfo/Notice.jsp?cmd=A_NW_33030View&num=47520,data/regulatory/sources/brokers/koreainvestment/ETF_REITs_LIST_RP_260831.xlsx,E4,3way,삼성자산운용 KODEX 공시 [298770 / KODEX 한국대만IT프리미어 / ivPsbReti: 70%] & 한국투자증권 공시 [298770 / KODEX 한국대만IT프리미어 / 위험자산한도: 0.7],MOEL_WRBA_RULE_ART10_1_2,근로자퇴직급여 보장법 시행규칙 제10조 제1항 제2호 (위험자산의 범위 및 운용기준 (DC 및 IRP 위험자산 투자한도 70%)),ED_WRBA_ART26_1_2,공식 출처 대조 (증권사·운용사교차검증),삼성자산운용 KODEX 연금투자 공시 [stkTicker: 298770 / ivPsbReti: 70%] 및 한국투자증권 공시 [단축코드: 298770 / 위험자산한도: 0.7] 100% 교차 일치,2026-09-06,PASS (공식 검증 완료)
300610,KR7300610003,TIGER K게임,미래에셋자산운용,주식-국내,가능,70% (위험자산),Y,높음,증권사·운용사교차검증,https://dis.kofia.or.kr/websquare/index.jsp?w2xPath=/wq/fundann/DISFundFeeCMS.xml&divisionId=MDIS01005001000000&serviceId=SDIS01005001000,data/regulatory/sources/kofia_evidence_extract_20260905.xml,E3,3way,미래에셋TIGERK게임증권상장지수투자신탁(주식) / 펀드유형: 주식형 / 표준코드: K55301CB3302 / 기준일: 20180723,MOEL_WRBA_RULE_ART10_1_2,근로자퇴직급여 보장법 시행규칙 제10조 제1항 제2호 (위험자산의 범위 및 운용기준 (DC 및 IRP 위험자산 투자한도 70%)),ED_WRBA_ART26_1_2,공식 출처 대조 (증권사·운용사교차검증),KOFIA 펀드유형: 주식형 (근로자퇴직급여 보장법 시행규칙 제10조 제1항 제2호: 주식형 집합투자증권 위험자산 70% 한도),2026-09-05,PASS (공식 검증 완료)
300640,KR7300640000,RISE 게임테마,KB자산운용,주식-국내,가능,70% (위험자산),Y,높음,증권사·운용사교차검증,https://dis.kofia.or.kr/websquare/index.jsp?w2xPath=/wq/fundann/DISFundFeeCMS.xml&divisionId=MDIS01005001000000&serviceId=SDIS01005001000,data/regulatory/sources/kofia_evidence_extract_20260905.xml,E3,3way,KBRISE게임테마증권상장지수투자신탁(주식) / 펀드유형: 주식형 / 표준코드: K55223CB7639 / 기준일: 20180723,MOEL_WRBA_RULE_ART10_1_2,근로자퇴직급여 보장법 시행규칙 제10조 제1항 제2호 (위험자산의 범위 및 운용기준 (DC 및 IRP 위험자산 투자한도 70%)),ED_WRBA_ART26_1_2,공식 출처 대조 (증권사·운용사교차검증),KOFIA 펀드유형: 주식형 (근로자퇴직급여 보장법 시행규칙 제10조 제1항 제2호: 주식형 집합투자증권 위험자산 70% 한도),2026-09-05,PASS (공식 검증 완료)
300950,KR7300950003,KODEX 게임산업,삼성자산운용,주식-국내,가능,70% (위험자산),Y,높음,증권사·운용사교차검증,https://dis.kofia.or.kr/websquare/index.jsp?w2xPath=/wq/fundann/DISFundFeeCMS.xml&divisionId=MDIS01005001000000&serviceId=SDIS01005001000,data/regulatory/sources/kofia_evidence_extract_20260905.xml,E3,3way,삼성KODEX게임산업증권상장지수투자신탁[주식형] / 펀드유형: 주식형 / 표준코드: K55105CB0603 / 기준일: 20180723,MOEL_WRBA_RULE_ART10_1_2,근로자퇴직급여 보장법 시행규칙 제10조 제1항 제2호 (위험자산의 범위 및 운용기준 (DC 및 IRP 위험자산 투자한도 70%)),ED_WRBA_ART26_1_2,공식 출처 대조 (증권사·운용사교차검증),KOFIA 펀드유형: 주식형 (근로자퇴직급여 보장법 시행규칙 제10조 제1항 제2호: 주식형 집합투자증권 위험자산 70% 한도),2026-09-05,PASS (공식 검증 완료)
301400,KR7301400008,PLUS 코스닥150,한화자산운용,주식-국내,가능,70% (위험자산),Y,높음,증권사·운용사교차검증,https://dis.kofia.or.kr/websquare/index.jsp?w2xPath=/wq/fundann/DISFundFeeCMS.xml&divisionId=MDIS01005001000000&serviceId=SDIS01005001000,data/regulatory/sources/kofia_evidence_extract_20260905.xml,E3,3way,한화PLUS코스닥150증권상장지수투자신탁(주식) / 펀드유형: 주식형 / 표준코드: K55213C86268 / 기준일: 20180704,MOEL_WRBA_RULE_ART10_1_2,근로자퇴직급여 보장법 시행규칙 제10조 제1항 제2호 (위험자산의 범위 및 운용기준 (DC 및 IRP 위험자산 투자한도 70%)),ED_WRBA_ART26_1_2,공식 출처 대조 (증권사·운용사교차검증),KOFIA 펀드유형: 주식형 (근로자퇴직급여 보장법 시행규칙 제10조 제1항 제2호: 주식형 집합투자증권 위험자산 70% 한도),2026-09-05,PASS (공식 검증 완료)
302190,KR7302190004,TIGER 중장기국채,미래에셋자산운용,채권,가능,100% (안전자산),Y,높음,증권사·운용사교차검증,https://securities.koreainvestment.com/pension/nwEtcinfo/Notice.jsp?cmd=A_NW_33030View&num=47520,data/regulatory/sources/brokers/koreainvestment/ETF_REITs_LIST_RP_260831.xlsx,E4,3way,미래에셋자산운용 TIGER 공시 [KR7302190004 / TIGER 중장기국채 / 퇴직연금 100%] & 한국투자증권 공시 [302190 / TIGER 중장기국채 / 위험자산한도: 1.0],PSR_ART11_1_4,퇴직연금감독규정 제11조 제1항 제4호 (적립금 운용방법 등 (원리금보장 및 채권형 등 100% 안전자산)),,금융감독원 DART 투자설명서 대조 (증권사·운용사교차검증),미래에셋자산운용 TIGER 공시 [KR7302190004 / 퇴직연금 100%] 및 한국투자증권 공시 [단축코드: 302190 / 위험자산한도: 1.0] 100% 교차 일치,2026-09-06,PASS (공식 검증 완료)
302450,KR7302450002,RISE 코스피,KB자산운용,주식-국내,가능,70% (위험자산),Y,높음,증권사·운용사교차검증,https://dis.kofia.or.kr/websquare/index.jsp?w2xPath=/wq/fundann/DISFundFeeCMS.xml&divisionId=MDIS01005001000000&serviceId=SDIS01005001000,data/regulatory/sources/kofia_evidence_extract_20260905.xml,E3,3way,KBRISE코스피증권상장지수투자신탁(주식) / 펀드유형: 주식형 / 표준코드: K55223CC1474 / 기준일: 20180723,MOEL_WRBA_RULE_ART10_1_2,근로자퇴직급여 보장법 시행규칙 제10조 제1항 제2호 (위험자산의 범위 및 운용기준 (DC 및 IRP 위험자산 투자한도 70%)),ED_WRBA_ART26_1_2,공식 출처 대조 (증권사·운용사교차검증),KOFIA 펀드유형: 주식형 (근로자퇴직급여 보장법 시행규칙 제10조 제1항 제2호: 주식형 집합투자증권 위험자산 70% 한도),2026-09-05,PASS (공식 검증 완료)
304660,KR7304660004,KODEX 미국30년국채울트라선물(H),삼성자산운용,채권,불가,불가,Y,높음,증권사목록대조,https://securities.koreainvestment.com/pension/nwEtcinfo/Notice.jsp?cmd=A_NW_33030View&num=47520,data/regulatory/sources/brokers/koreainvestment/ETF_REITs_LIST_RP_260831.xlsx; data/regulatory/sources/brokers/koreainvestment/kis_etf_ticker_universe_20260831.txt,E4,2way,"한국투자증권 퇴직연금 ETF 상품 현황(2026-08-31 기준) 2행: ★매매불가: 레버리지/인버스/파생형/해외상장ETF / 해당 종목코드(304660 KODEX 미국30년국채울트라선물(H)) 퇴직연금 매매가능 유니버스 1,021종목 전수 대조 결과 미수록(부재) 확인",PSR_ART9_1_2,퇴직연금감독규정 제9조 제1항 제2호 마목 (증권 및 기타 적립금 운용방법의 종류 등 (1배수 상장지수집합투자기구 파생위험평가액 100% 한도 허용)),FSC_FIBA_REG_ART4_54,판매사 퇴직연금 매매 불가 유니버스 대조 및 퇴직연금감독규정 제9조 (위험평가액 40% 초과 배제),"한국투자증권 엑셀 2행 '★매매불가: 레버리지/인버스/파생형/해외상장ETF' 및 1,021종목 유니버스 전수 대조 미수록(부재) 근거 편입 불가 확정",2026-09-06,PASS (공식 검증 완료)
304670,KR7304670003,KODEX 미국30년국채울트라선물인버스(H),삼성자산운용,채권,불가,불가,Y,보통,법령조건직접판정,https://www.law.go.kr/LSW//admRulInfoP.do?admRulSeq=2100000244795&chrClsCd=010201,data/regulatory/sources/statutes/퇴직연금감독규정_20260905.txt,RULE_NAME,1way,퇴직연금감독규정 제9조 제1항 제2호 마목: 상장지수집합투자기구가 목표로 하는 지수의 변화에 1배를 초과하거나 음의 배율로 연동하여 운용하는 것은 제외한다,PSR_ART9_1_2,퇴직연금감독규정 제9조 제1항 제2호 마목 (증권 및 기타 적립금 운용방법의 종류 등 (1배수 상장지수집합투자기구 파생위험평가액 100% 한도 허용)),,퇴직연금감독규정 제9조 제1항 제2호 마목 단서 (1배 초과 또는 음의 배율 연동 배제),명칭 기반 배수 식별 및 퇴직연금감독규정 제9조 제1항 제2호 마목 단서 적용,2026-09-05,PASS (공식 검증 완료)
304760,KR7304760002,HANARO KRX300,NH-Amundi자산운용,주식-국내,가능,70% (위험자산),Y,높음,협회공시대조,https://dis.kofia.or.kr/websquare/index.jsp?w2xPath=/wq/fundann/DISFundFeeCMS.xml&divisionId=MDIS01005001000000&serviceId=SDIS01005001000,data/regulatory/sources/kofia_evidence_extract_20260905.xml,E3,1way,NH-AmundiHANAROKRX300증권상장지수투자신탁[주식] / 펀드유형: 주식형 / 표준코드: K55232CC8866 / 기준일: 20180813,MOEL_WRBA_RULE_ART10_1_2,근로자퇴직급여 보장법 시행규칙 제10조 제1항 제2호 (위험자산의 범위 및 운용기준 (DC 및 IRP 위험자산 투자한도 70%)),ED_WRBA_ART26_1_2,금융투자협회 전자공시서비스(DIS) 표준 펀드유형 '주식형' XML 전수 대조 (시행규칙 제10조제1항제2호 한도 70%),KOFIA 펀드유형: 주식형 (근로자퇴직급여 보장법 시행규칙 제10조 제1항 제2호: 주식형 집합투자증권 위험자산 70% 한도),2026-09-05,PASS (공식 검증 완료)
304770,KR7304770001,HANARO 코스닥150,NH-Amundi자산운용,주식-국내,가능,70% (위험자산),Y,높음,협회공시대조,https://dis.kofia.or.kr/websquare/index.jsp?w2xPath=/wq/fundann/DISFundFeeCMS.xml&divisionId=MDIS01005001000000&serviceId=SDIS01005001000,data/regulatory/sources/kofia_evidence_extract_20260905.xml,E3,1way,NH-AmundiHANARO코스닥150증권상장지수투자신탁[주식] / 펀드유형: 주식형 / 표준코드: K55232CC8874 / 기준일: 20180813,MOEL_WRBA_RULE_ART10_1_2,근로자퇴직급여 보장법 시행규칙 제10조 제1항 제2호 (위험자산의 범위 및 운용기준 (DC 및 IRP 위험자산 투자한도 70%)),ED_WRBA_ART26_1_2,금융투자협회 전자공시서비스(DIS) 표준 펀드유형 '주식형' XML 전수 대조 (시행규칙 제10조제1항제2호 한도 70%),KOFIA 펀드유형: 주식형 (근로자퇴직급여 보장법 시행규칙 제10조 제1항 제2호: 주식형 집합투자증권 위험자산 70% 한도),2026-09-05,PASS (공식 검증 완료)
304780,KR7304780000,HANARO 200선물레버리지,NH-Amundi자산운용,주식-국내,불가,불가,Y,보통,법령조건직접판정,https://www.law.go.kr/LSW//admRulInfoP.do?admRulSeq=2100000244795&chrClsCd=010201,data/regulatory/sources/statutes/퇴직연금감독규정_20260905.txt,RULE_NAME,1way,퇴직연금감독규정 제9조 제1항 제2호 마목: 상장지수집합투자기구가 목표로 하는 지수의 변화에 1배를 초과하거나 음의 배율로 연동하여 운용하는 것은 제외한다,PSR_ART9_1_2,퇴직연금감독규정 제9조 제1항 제2호 마목 (증권 및 기타 적립금 운용방법의 종류 등 (1배수 상장지수집합투자기구 파생위험평가액 100% 한도 허용)),,퇴직연금감독규정 제9조 제1항 제2호 마목 단서 (1배 초과 또는 음의 배율 연동 배제),명칭 기반 배수 식별 및 퇴직연금감독규정 제9조 제1항 제2호 마목 단서 적용,2026-09-05,PASS (공식 검증 완료)
304940,KR7304940000,KODEX 미국나스닥100선물(H),삼성자산운용,주식-해외,불가,불가,Y,높음,증권사목록대조,https://securities.koreainvestment.com/pension/nwEtcinfo/Notice.jsp?cmd=A_NW_33030View&num=47520,data/regulatory/sources/brokers/koreainvestment/ETF_REITs_LIST_RP_260831.xlsx; data/regulatory/sources/brokers/koreainvestment/kis_etf_ticker_universe_20260831.txt,E4,2way,"한국투자증권 퇴직연금 ETF 상품 현황(2026-08-31 기준) 2행: ★매매불가: 레버리지/인버스/파생형/해외상장ETF / 해당 종목코드(304940 KODEX 미국나스닥100선물(H)) 퇴직연금 매매가능 유니버스 1,021종목 전수 대조 결과 미수록(부재) 확인",PSR_ART9_1_2,퇴직연금감독규정 제9조 제1항 제2호 마목 (증권 및 기타 적립금 운용방법의 종류 등 (1배수 상장지수집합투자기구 파생위험평가액 100% 한도 허용)),FSC_FIBA_REG_ART4_54,판매사 퇴직연금 매매 불가 유니버스 대조 및 퇴직연금감독규정 제9조 (위험평가액 40% 초과 배제),"한국투자증권 엑셀 2행 '★매매불가: 레버리지/인버스/파생형/해외상장ETF' 및 1,021종목 유니버스 전수 대조 미수록(부재) 근거 편입 불가 확정",2026-09-06,PASS (공식 검증 완료)
305050,KR7305050007,ACE 코스피,한국투자신탁운용,주식-국내,가능,70% (위험자산),Y,높음,증권사·운용사교차검증,https://dis.kofia.or.kr/websquare/index.jsp?w2xPath=/wq/fundann/DISFundFeeCMS.xml&divisionId=MDIS01005001000000&serviceId=SDIS01005001000,data/regulatory/sources/kofia_evidence_extract_20260905.xml,E3,3way,한국투자ACE코스피증권상장지수투자신탁(주식) / 펀드유형: 주식형 / 표준코드: K55101CC3048 / 기준일: 20181004,MOEL_WRBA_RULE_ART10_1_2,근로자퇴직급여 보장법 시행규칙 제10조 제1항 제2호 (위험자산의 범위 및 운용기준 (DC 및 IRP 위험자산 투자한도 70%)),ED_WRBA_ART26_1_2,공식 출처 대조 (증권사·운용사교차검증),KOFIA 펀드유형: 주식형 (근로자퇴직급여 보장법 시행규칙 제10조 제1항 제2호: 주식형 집합투자증권 위험자산 70% 한도),2026-09-05,PASS (공식 검증 완료)
305080,KR7305080004,TIGER 미국채10년선물,미래에셋자산운용,채권,불가,불가,Y,높음,증권사목록대조,https://securities.koreainvestment.com/pension/nwEtcinfo/Notice.jsp?cmd=A_NW_33030View&num=47520,data/regulatory/sources/brokers/koreainvestment/ETF_REITs_LIST_RP_260831.xlsx; data/regulatory/sources/brokers/koreainvestment/kis_etf_ticker_universe_20260831.txt,E4,2way,"한국투자증권 퇴직연금 ETF 상품 현황(2026-08-31 기준) 2행: ★매매불가: 레버리지/인버스/파생형/해외상장ETF / 해당 종목코드(305080 TIGER 미국채10년선물) 퇴직연금 매매가능 유니버스 1,021종목 전수 대조 결과 미수록(부재) 확인",PSR_ART9_1_2,퇴직연금감독규정 제9조 제1항 제2호 마목 (증권 및 기타 적립금 운용방법의 종류 등 (1배수 상장지수집합투자기구 파생위험평가액 100% 한도 허용)),FSC_FIBA_REG_ART4_54,판매사 퇴직연금 매매 불가 유니버스 대조 및 퇴직연금감독규정 제9조 (위험평가액 40% 초과 배제),"한국투자증권 엑셀 2행 '★매매불가: 레버리지/인버스/파생형/해외상장ETF' 및 1,021종목 유니버스 전수 대조 미수록(부재) 근거 편입 불가 확정",2026-09-06,PASS (공식 검증 완료)
305540,KR7305540007,TIGER 2차전지테마,미래에셋자산운용,주식-국내,가능,70% (위험자산),Y,높음,증권사·운용사교차검증,https://dis.kofia.or.kr/websquare/index.jsp?w2xPath=/wq/fundann/DISFundFeeCMS.xml&divisionId=MDIS01005001000000&serviceId=SDIS01005001000,data/regulatory/sources/kofia_evidence_extract_20260905.xml,E3,3way,미래에셋TIGER2차전지테마증권상장지수투자신탁(주식) / 펀드유형: 주식형 / 표준코드: K55301CC8524 / 기준일: 20180911,MOEL_WRBA_RULE_ART10_1_2,근로자퇴직급여 보장법 시행규칙 제10조 제1항 제2호 (위험자산의 범위 및 운용기준 (DC 및 IRP 위험자산 투자한도 70%)),ED_WRBA_ART26_1_2,공식 출처 대조 (증권사·운용사교차검증),KOFIA 펀드유형: 주식형 (근로자퇴직급여 보장법 시행규칙 제10조 제1항 제2호: 주식형 집합투자증권 위험자산 70% 한도),2026-09-05,PASS (공식 검증 완료)
305720,KR7305720005,KODEX 2차전지산업,삼성자산운용,주식-국내,가능,70% (위험자산),Y,높음,증권사·운용사교차검증,https://dis.kofia.or.kr/websquare/index.jsp?w2xPath=/wq/fundann/DISFundFeeCMS.xml&divisionId=MDIS01005001000000&serviceId=SDIS01005001000,data/regulatory/sources/kofia_evidence_extract_20260905.xml,E3,3way,삼성KODEX 2차전지산업증권상장지수투자신탁[주식] / 펀드유형: 주식형 / 표준코드: K55105CD4207 / 기준일: 20180911,MOEL_WRBA_RULE_ART10_1_2,근로자퇴직급여 보장법 시행규칙 제10조 제1항 제2호 (위험자산의 범위 및 운용기준 (DC 및 IRP 위험자산 투자한도 70%)),ED_WRBA_ART26_1_2,공식 출처 대조 (증권사·운용사교차검증),KOFIA 펀드유형: 주식형 (근로자퇴직급여 보장법 시행규칙 제10조 제1항 제2호: 주식형 집합투자증권 위험자산 70% 한도),2026-09-05,PASS (공식 검증 완료)
306520,KR7306520008,HANARO 200선물인버스,NH-Amundi자산운용,주식-국내,불가,불가,Y,보통,법령조건직접판정,https://www.law.go.kr/LSW//admRulInfoP.do?admRulSeq=2100000244795&chrClsCd=010201,data/regulatory/sources/statutes/퇴직연금감독규정_20260905.txt,RULE_NAME,1way,퇴직연금감독규정 제9조 제1항 제2호 마목: 상장지수집합투자기구가 목표로 하는 지수의 변화에 1배를 초과하거나 음의 배율로 연동하여 운용하는 것은 제외한다,PSR_ART9_1_2,퇴직연금감독규정 제9조 제1항 제2호 마목 (증권 및 기타 적립금 운용방법의 종류 등 (1배수 상장지수집합투자기구 파생위험평가액 100% 한도 허용)),,퇴직연금감독규정 제9조 제1항 제2호 마목 단서 (1배 초과 또는 음의 배율 연동 배제),명칭 기반 배수 식별 및 퇴직연금감독규정 제9조 제1항 제2호 마목 단서 적용,2026-09-05,PASS (공식 검증 완료)
306530,KR7306530007,HANARO 코스닥150선물레버리지,NH-Amundi자산운용,주식-국내,불가,불가,Y,보통,법령조건직접판정,https://www.law.go.kr/LSW//admRulInfoP.do?admRulSeq=2100000244795&chrClsCd=010201,data/regulatory/sources/statutes/퇴직연금감독규정_20260905.txt,RULE_NAME,1way,퇴직연금감독규정 제9조 제1항 제2호 마목: 상장지수집합투자기구가 목표로 하는 지수의 변화에 1배를 초과하거나 음의 배율로 연동하여 운용하는 것은 제외한다,PSR_ART9_1_2,퇴직연금감독규정 제9조 제1항 제2호 마목 (증권 및 기타 적립금 운용방법의 종류 등 (1배수 상장지수집합투자기구 파생위험평가액 100% 한도 허용)),,퇴직연금감독규정 제9조 제1항 제2호 마목 단서 (1배 초과 또는 음의 배율 연동 배제),명칭 기반 배수 식별 및 퇴직연금감독규정 제9조 제1항 제2호 마목 단서 적용,2026-09-05,PASS (공식 검증 완료)
306950,KR7306950007,KODEX KRX300레버리지,삼성자산운용,주식-국내,불가,불가,Y,보통,법령조건직접판정,https://www.law.go.kr/LSW//admRulInfoP.do?admRulSeq=2100000244795&chrClsCd=010201,data/regulatory/sources/statutes/퇴직연금감독규정_20260905.txt,RULE_NAME,1way,퇴직연금감독규정 제9조 제1항 제2호 마목: 상장지수집합투자기구가 목표로 하는 지수의 변화에 1배를 초과하거나 음의 배율로 연동하여 운용하는 것은 제외한다,PSR_ART9_1_2,퇴직연금감독규정 제9조 제1항 제2호 마목 (증권 및 기타 적립금 운용방법의 종류 등 (1배수 상장지수집합투자기구 파생위험평가액 100% 한도 허용)),,퇴직연금감독규정 제9조 제1항 제2호 마목 단서 (1배 초과 또는 음의 배율 연동 배제),명칭 기반 배수 식별 및 퇴직연금감독규정 제9조 제1항 제2호 마목 단서 적용,2026-09-05,PASS (공식 검증 완료)
307510,KR7307510008,TIGER 의료기기,미래에셋자산운용,주식-국내,가능,70% (위험자산),Y,높음,증권사·운용사교차검증,https://dis.kofia.or.kr/websquare/index.jsp?w2xPath=/wq/fundann/DISFundFeeCMS.xml&divisionId=MDIS01005001000000&serviceId=SDIS01005001000,data/regulatory/sources/kofia_evidence_extract_20260905.xml,E3,3way,미래에셋TIGER의료기기증권상장지수투자신탁(주식) / 펀드유형: 주식형 / 표준코드: K55301CC2055 / 기준일: 20181107,MOEL_WRBA_RULE_ART10_1_2,근로자퇴직급여 보장법 시행규칙 제10조 제1항 제2호 (위험자산의 범위 및 운용기준 (DC 및 IRP 위험자산 투자한도 70%)),ED_WRBA_ART26_1_2,공식 출처 대조 (증권사·운용사교차검증),KOFIA 펀드유형: 주식형 (근로자퇴직급여 보장법 시행규칙 제10조 제1항 제2호: 주식형 집합투자증권 위험자산 70% 한도),2026-09-05,PASS (공식 검증 완료)
307520,KR7307520007,TIGER 지주회사,미래에셋자산운용,주식-국내,가능,70% (위험자산),Y,높음,증권사·운용사교차검증,https://dis.kofia.or.kr/websquare/index.jsp?w2xPath=/wq/fundann/DISFundFeeCMS.xml&divisionId=MDIS01005001000000&serviceId=SDIS01005001000,data/regulatory/sources/kofia_evidence_extract_20260905.xml,E3,3way,미래에셋TIGER지주회사증권상장지수투자신탁(주식) / 펀드유형: 주식형 / 표준코드: K55301CC2063 / 기준일: 20181107,MOEL_WRBA_RULE_ART10_1_2,근로자퇴직급여 보장법 시행규칙 제10조 제1항 제2호 (위험자산의 범위 및 운용기준 (DC 및 IRP 위험자산 투자한도 70%)),ED_WRBA_ART26_1_2,공식 출처 대조 (증권사·운용사교차검증),KOFIA 펀드유형: 주식형 (근로자퇴직급여 보장법 시행규칙 제10조 제1항 제2호: 주식형 집합투자증권 위험자산 70% 한도),2026-09-05,PASS (공식 검증 완료)
308620,KR7308620004,KODEX 미국10년국채선물,삼성자산운용,채권,불가,불가,Y,높음,증권사목록대조,https://securities.koreainvestment.com/pension/nwEtcinfo/Notice.jsp?cmd=A_NW_33030View&num=47520,data/regulatory/sources/brokers/koreainvestment/ETF_REITs_LIST_RP_260831.xlsx; data/regulatory/sources/brokers/koreainvestment/kis_etf_ticker_universe_20260831.txt,E4,2way,"한국투자증권 퇴직연금 ETF 상품 현황(2026-08-31 기준) 2행: ★매매불가: 레버리지/인버스/파생형/해외상장ETF / 해당 종목코드(308620 KODEX 미국10년국채선물) 퇴직연금 매매가능 유니버스 1,021종목 전수 대조 결과 미수록(부재) 확인",PSR_ART9_1_2,퇴직연금감독규정 제9조 제1항 제2호 마목 (증권 및 기타 적립금 운용방법의 종류 등 (1배수 상장지수집합투자기구 파생위험평가액 100% 한도 허용)),FSC_FIBA_REG_ART4_54,판매사 퇴직연금 매매 불가 유니버스 대조 및 퇴직연금감독규정 제9조 (위험평가액 40% 초과 배제),"한국투자증권 엑셀 2행 '★매매불가: 레버리지/인버스/파생형/해외상장ETF' 및 1,021종목 유니버스 전수 대조 미수록(부재) 근거 편입 불가 확정",2026-09-06,PASS (공식 검증 완료)
309230,KR7309230001,ACE 미국WideMoat동일가중,한국투자신탁운용,주식-해외,가능,70% (위험자산),Y,높음,증권사·운용사교차검증,https://dis.kofia.or.kr/websquare/index.jsp?w2xPath=/wq/fundann/DISFundFeeCMS.xml&divisionId=MDIS01005001000000&serviceId=SDIS01005001000,data/regulatory/sources/kofia_evidence_extract_20260905.xml,E3,3way,한국투자ACE미국WideMoat동일가중증권상장지수투자신탁(주식) / 펀드유형: 주식형 / 표준코드: K55101CF3110 / 기준일: 20181023,MOEL_WRBA_RULE_ART10_1_2,근로자퇴직급여 보장법 시행규칙 제10조 제1항 제2호 (위험자산의 범위 및 운용기준 (DC 및 IRP 위험자산 투자한도 70%)),ED_WRBA_ART26_1_2,공식 출처 대조 (증권사·운용사교차검증),KOFIA 펀드유형: 주식형 (근로자퇴직급여 보장법 시행규칙 제10조 제1항 제2호: 주식형 집합투자증권 위험자산 70% 한도),2026-09-05,PASS (공식 검증 완료)
310080,KR7310080007,RISE 중국MSCI China(H),KB자산운용,주식-해외,가능,70% (위험자산),Y,높음,증권사·운용사교차검증,https://dis.kofia.or.kr/websquare/index.jsp?w2xPath=/wq/fundann/DISFundFeeCMS.xml&divisionId=MDIS01005001000000&serviceId=SDIS01005001000,data/regulatory/sources/kofia_evidence_extract_20260905.xml,E3,3way,KBRISE중국MSCIChina증권상장지수투자신탁(주식)(H) / 펀드유형: 주식형 / 표준코드: K55223CG2510 / 기준일: 20181127,MOEL_WRBA_RULE_ART10_1_2,근로자퇴직급여 보장법 시행규칙 제10조 제1항 제2호 (위험자산의 범위 및 운용기준 (DC 및 IRP 위험자산 투자한도 70%)),ED_WRBA_ART26_1_2,공식 출처 대조 (증권사·운용사교차검증),KOFIA 펀드유형: 주식형 (근로자퇴직급여 보장법 시행규칙 제10조 제1항 제2호: 주식형 집합투자증권 위험자산 70% 한도),2026-09-05,PASS (공식 검증 완료)
310960,KR7310960000,TIGER 200TR,미래에셋자산운용,주식-국내,가능,70% (위험자산),Y,높음,증권사·운용사교차검증,https://dis.kofia.or.kr/websquare/index.jsp?w2xPath=/wq/fundann/DISFundFeeCMS.xml&divisionId=MDIS01005001000000&serviceId=SDIS01005001000,data/regulatory/sources/kofia_evidence_extract_20260905.xml,E3,3way,미래에셋TIGER200TotalReturn증권상장지수투자신탁(주식) / 펀드유형: 주식형 / 표준코드: K55301CG5203 / 기준일: 20181119,MOEL_WRBA_RULE_ART10_1_2,근로자퇴직급여 보장법 시행규칙 제10조 제1항 제2호 (위험자산의 범위 및 운용기준 (DC 및 IRP 위험자산 투자한도 70%)),ED_WRBA_ART26_1_2,공식 출처 대조 (증권사·운용사교차검증),KOFIA 펀드유형: 주식형 (근로자퇴직급여 보장법 시행규칙 제10조 제1항 제2호: 주식형 집합투자증권 위험자산 70% 한도),2026-09-05,PASS (공식 검증 완료)
310970,KR7310970009,TIGER MSCI Korea TR,미래에셋자산운용,주식-국내,가능,70% (위험자산),Y,높음,증권사·운용사교차검증,https://dis.kofia.or.kr/websquare/index.jsp?w2xPath=/wq/fundann/DISFundFeeCMS.xml&divisionId=MDIS01005001000000&serviceId=SDIS01005001000,data/regulatory/sources/kofia_evidence_extract_20260905.xml,E3,3way,미래에셋TIGERMSCIKOREATotalReturn증권상장지수투자신탁(주식) / 펀드유형: 주식형 / 표준코드: K55301CG5815 / 기준일: 20181119,MOEL_WRBA_RULE_ART10_1_2,근로자퇴직급여 보장법 시행규칙 제10조 제1항 제2호 (위험자산의 범위 및 운용기준 (DC 및 IRP 위험자산 투자한도 70%)),ED_WRBA_ART26_1_2,공식 출처 대조 (증권사·운용사교차검증),KOFIA 펀드유형: 주식형 (근로자퇴직급여 보장법 시행규칙 제10조 제1항 제2호: 주식형 집합투자증권 위험자산 70% 한도),2026-09-05,PASS (공식 검증 완료)
314250,KR7314250002,KODEX 미국빅테크10(H),삼성자산운용,주식-해외,가능,70% (위험자산),Y,높음,증권사·운용사교차검증,https://securities.koreainvestment.com/pension/nwEtcinfo/Notice.jsp?cmd=A_NW_33030View&num=47520,data/regulatory/sources/brokers/koreainvestment/ETF_REITs_LIST_RP_260831.xlsx,E4,3way,삼성자산운용 KODEX 공시 [314250 / KODEX 미국빅테크10(H) / ivPsbReti: 70%] & 한국투자증권 공시 [314250 / KODEX 미국빅테크10(H) / 위험자산한도: 0.7],MOEL_WRBA_RULE_ART10_1_2,근로자퇴직급여 보장법 시행규칙 제10조 제1항 제2호 (위험자산의 범위 및 운용기준 (DC 및 IRP 위험자산 투자한도 70%)),ED_WRBA_ART26_1_2,공식 출처 대조 (증권사·운용사교차검증),삼성자산운용 KODEX 연금투자 공시 [stkTicker: 314250 / ivPsbReti: 70%] 및 한국투자증권 공시 [단축코드: 314250 / 위험자산한도: 0.7] 100% 교차 일치,2026-09-06,PASS (공식 검증 완료)
314700,KR7314700006,HANARO 농업융복합산업,NH-Amundi자산운용,주식-국내,가능,70% (위험자산),Y,높음,협회공시대조,https://dis.kofia.or.kr/websquare/index.jsp?w2xPath=/wq/fundann/DISFundFeeCMS.xml&divisionId=MDIS01005001000000&serviceId=SDIS01005001000,data/regulatory/sources/kofia_evidence_extract_20260905.xml,E3,1way,NH-AmundiHANARO농업융복합산업증권상장지수투자신탁[주식] / 펀드유형: 주식형 / 표준코드: K55232CI1899 / 기준일: 20181220,MOEL_WRBA_RULE_ART10_1_2,근로자퇴직급여 보장법 시행규칙 제10조 제1항 제2호 (위험자산의 범위 및 운용기준 (DC 및 IRP 위험자산 투자한도 70%)),ED_WRBA_ART26_1_2,금융투자협회 전자공시서비스(DIS) 표준 펀드유형 '주식형' XML 전수 대조 (시행규칙 제10조제1항제2호 한도 70%),KOFIA 펀드유형: 주식형 (근로자퇴직급여 보장법 시행규칙 제10조 제1항 제2호: 주식형 집합투자증권 위험자산 70% 한도),2026-09-05,PASS (공식 검증 완료)
315270,KR7315270009,TIGER 200커뮤니케이션서비스,미래에셋자산운용,주식-해외,가능,70% (위험자산),Y,높음,증권사·운용사교차검증,https://dis.kofia.or.kr/websquare/index.jsp?w2xPath=/wq/fundann/DISFundFeeCMS.xml&divisionId=MDIS01005001000000&serviceId=SDIS01005001000,data/regulatory/sources/kofia_evidence_extract_20260905.xml,E3,3way,미래에셋TIGER200커뮤니케이션서비스증권상장지수투자신탁(주식) / 펀드유형: 주식형 / 표준코드: K55301CI8700 / 기준일: 20190114,MOEL_WRBA_RULE_ART10_1_2,근로자퇴직급여 보장법 시행규칙 제10조 제1항 제2호 (위험자산의 범위 및 운용기준 (DC 및 IRP 위험자산 투자한도 70%)),ED_WRBA_ART26_1_2,공식 출처 대조 (증권사·운용사교차검증),KOFIA 펀드유형: 주식형 (근로자퇴직급여 보장법 시행규칙 제10조 제1항 제2호: 주식형 집합투자증권 위험자산 70% 한도),2026-09-05,PASS (공식 검증 완료)
315930,KR7315930008,KODEX Top5PlusTR,삼성자산운용,주식-국내,가능,70% (위험자산),Y,높음,증권사·운용사교차검증,https://dis.kofia.or.kr/websquare/index.jsp?w2xPath=/wq/fundann/DISFundFeeCMS.xml&divisionId=MDIS01005001000000&serviceId=SDIS01005001000,data/regulatory/sources/kofia_evidence_extract_20260905.xml,E3,3way,삼성KODEXTop5PlusTotalReturn증권상장지수투자신탁[주식] / 펀드유형: 주식형 / 표준코드: K55105CG9781 / 기준일: 20190121,MOEL_WRBA_RULE_ART10_1_2,근로자퇴직급여 보장법 시행규칙 제10조 제1항 제2호 (위험자산의 범위 및 운용기준 (DC 및 IRP 위험자산 투자한도 70%)),ED_WRBA_ART26_1_2,공식 출처 대조 (증권사·운용사교차검증),KOFIA 펀드유형: 주식형 (근로자퇴직급여 보장법 시행규칙 제10조 제1항 제2호: 주식형 집합투자증권 위험자산 70% 한도),2026-09-05,PASS (공식 검증 완료)
315960,KR7315960005,RISE 대형고배당10TR,KB자산운용,주식-국내,가능,70% (위험자산),Y,높음,증권사·운용사교차검증,https://dis.kofia.or.kr/websquare/index.jsp?w2xPath=/wq/fundann/DISFundFeeCMS.xml&divisionId=MDIS01005001000000&serviceId=SDIS01005001000,data/regulatory/sources/kofia_evidence_extract_20260905.xml,E3,3way,KBRISE대형고배당10TotalReturn증권상장지수투자신탁(주식) / 펀드유형: 주식형 / 표준코드: K55223CJ3036 / 기준일: 20190121,MOEL_WRBA_RULE_ART10_1_2,근로자퇴직급여 보장법 시행규칙 제10조 제1항 제2호 (위험자산의 범위 및 운용기준 (DC 및 IRP 위험자산 투자한도 70%)),ED_WRBA_ART26_1_2,공식 출처 대조 (증권사·운용사교차검증),KOFIA 펀드유형: 주식형 (근로자퇴직급여 보장법 시행규칙 제10조 제1항 제2호: 주식형 집합투자증권 위험자산 70% 한도),2026-09-05,PASS (공식 검증 완료)
316300,KR7316300003,ACE 싱가포르리츠,한국투자신탁운용,리츠·인프라,가능,70% (위험자산),Y,높음,증권사·운용사교차검증,https://www.aceetf.co.kr/api/pension/search,data/regulatory/sources/issuers/ace/ace_pension_search_20260906.json,E4,2way,"한국투자신탁운용 연금투자 공식 API(std_DT 20260903) / ACE 싱가포르리츠 / stockCode 316300 / retirementPensionRatio 70 / pensionType 개인연금,퇴직연금",ED_FSCMA_ART240_4,자본시장과 금융투자업에 관한 법률 시행령 제240조 (집합투자기구의 종류별 최소투자비율 등 (부동산/리츠 집합투자기구)),PSR_ART11_2,공식 출처 대조 (증권사·운용사교차검증),한국투자신탁운용 연금투자 공식 API 확인 (개인연금 및 퇴직연금 70% 위험자산 투자적격),2026-09-06,PASS (공식 검증 완료)
316670,KR7316670009,KIWOOM 코스닥150,키움투자자산운용,주식-국내,가능,70% (위험자산),Y,높음,협회공시대조,https://dis.kofia.or.kr/websquare/index.jsp?w2xPath=/wq/fundann/DISFundFeeCMS.xml&divisionId=MDIS01005001000000&serviceId=SDIS01005001000,data/regulatory/sources/kofia_evidence_extract_20260905.xml,E3,1way,키움KIWOOM코스닥150증권상장지수투자신탁[주식] / 펀드유형: 주식형 / 표준코드: K55206CJ2971 / 기준일: 20190121,MOEL_WRBA_RULE_ART10_1_2,근로자퇴직급여 보장법 시행규칙 제10조 제1항 제2호 (위험자산의 범위 및 운용기준 (DC 및 IRP 위험자산 투자한도 70%)),ED_WRBA_ART26_1_2,금융투자협회 전자공시서비스(DIS) 표준 펀드유형 '주식형' XML 전수 대조 (시행규칙 제10조제1항제2호 한도 70%),KOFIA 펀드유형: 주식형 (근로자퇴직급여 보장법 시행규칙 제10조 제1항 제2호: 주식형 집합투자증권 위험자산 70% 한도),2026-09-05,PASS (공식 검증 완료)
319640,KR7319640009,TIGER 골드선물(H),미래에셋자산운용,원자재,불가,불가,Y,높음,증권사목록대조,https://securities.koreainvestment.com/pension/nwEtcinfo/Notice.jsp?cmd=A_NW_33030View&num=47520,data/regulatory/sources/brokers/koreainvestment/ETF_REITs_LIST_RP_260831.xlsx; data/regulatory/sources/brokers/koreainvestment/kis_etf_ticker_universe_20260831.txt,E4,2way,"한국투자증권 퇴직연금 ETF 상품 현황(2026-08-31 기준) 2행: ★매매불가: 레버리지/인버스/파생형/해외상장ETF / 해당 종목코드(319640 TIGER 골드선물(H)) 퇴직연금 매매가능 유니버스 1,021종목 전수 대조 결과 미수록(부재) 확인",PSR_ART9_1_2,퇴직연금감독규정 제9조 제1항 제2호 마목 (증권 및 기타 적립금 운용방법의 종류 등 (1배수 상장지수집합투자기구 파생위험평가액 100% 한도 허용)),FSC_FIBA_REG_ART4_54,판매사 퇴직연금 매매 불가 유니버스 대조 및 퇴직연금감독규정 제9조 (위험평가액 40% 초과 배제),"한국투자증권 엑셀 2행 '★매매불가: 레버리지/인버스/파생형/해외상장ETF' 및 1,021종목 유니버스 전수 대조 미수록(부재) 근거 편입 불가 확정",2026-09-06,PASS (공식 검증 완료)
321410,KR7321410003,KODEX 멀티에셋하이인컴(H),삼성자산운용,혼합·자산배분,가능,70% (위험자산),Y,높음,증권사·운용사교차검증,https://securities.koreainvestment.com/pension/nwEtcinfo/Notice.jsp?cmd=A_NW_33030View&num=47520,data/regulatory/sources/brokers/koreainvestment/ETF_REITs_LIST_RP_260831.xlsx,E4,3way,삼성자산운용 KODEX 공시 [321410 / KODEX 멀티에셋하이인컴(H) / ivPsbReti: 70%] & 한국투자증권 공시 [321410 / KODEX 멀티에셋하이인컴(H) / 위험자산한도: 0.7],MOEL_WRBA_RULE_ART10_1_2,근로자퇴직급여 보장법 시행규칙 제10조 제1항 제2호 (위험자산의 범위 및 운용기준 (DC 및 IRP 위험자산 투자한도 70%)),ED_WRBA_ART26_1_2,공식 출처 대조 (증권사·운용사교차검증),삼성자산운용 KODEX 연금투자 공시 [stkTicker: 321410 / ivPsbReti: 70%] 및 한국투자증권 공시 [단축코드: 321410 / 위험자산한도: 0.7] 100% 교차 일치,2026-09-06,PASS (공식 검증 완료)
322400,KR7322400003,HANARO e커머스,NH-Amundi자산운용,주식-국내,가능,70% (위험자산),Y,높음,협회공시대조,https://dis.kofia.or.kr/websquare/index.jsp?w2xPath=/wq/fundann/DISFundFeeCMS.xml&divisionId=MDIS01005001000000&serviceId=SDIS01005001000,data/regulatory/sources/kofia_evidence_extract_20260905.xml,E3,1way,NH-AmundiHANAROe커머스증권상장지수투자신탁[주식] / 펀드유형: 주식형 / 표준코드: K55232CN9911 / 기준일: 20190422,MOEL_WRBA_RULE_ART10_1_2,근로자퇴직급여 보장법 시행규칙 제10조 제1항 제2호 (위험자산의 범위 및 운용기준 (DC 및 IRP 위험자산 투자한도 70%)),ED_WRBA_ART26_1_2,금융투자협회 전자공시서비스(DIS) 표준 펀드유형 '주식형' XML 전수 대조 (시행규칙 제10조제1항제2호 한도 70%),KOFIA 펀드유형: 주식형 (근로자퇴직급여 보장법 시행규칙 제10조 제1항 제2호: 주식형 집합투자증권 위험자산 70% 한도),2026-09-05,PASS (공식 검증 완료)
322410,KR7322410002,HANARO K고배당,NH-Amundi자산운용,주식-국내,가능,70% (위험자산),Y,높음,협회공시대조,https://dis.kofia.or.kr/websquare/index.jsp?w2xPath=/wq/fundann/DISFundFeeCMS.xml&divisionId=MDIS01005001000000&serviceId=SDIS01005001000,data/regulatory/sources/kofia_evidence_extract_20260905.xml,E3,1way,NH-AmundiHANAROK고배당증권상장지수투자신탁[주식] / 펀드유형: 주식형 / 표준코드: K55232CN9895 / 기준일: 20190422,MOEL_WRBA_RULE_ART10_1_2,근로자퇴직급여 보장법 시행규칙 제10조 제1항 제2호 (위험자산의 범위 및 운용기준 (DC 및 IRP 위험자산 투자한도 70%)),ED_WRBA_ART26_1_2,금융투자협회 전자공시서비스(DIS) 표준 펀드유형 '주식형' XML 전수 대조 (시행규칙 제10조제1항제2호 한도 70%),KOFIA 펀드유형: 주식형 (근로자퇴직급여 보장법 시행규칙 제10조 제1항 제2호: 주식형 집합투자증권 위험자산 70% 한도),2026-09-05,PASS (공식 검증 완료)
325010,KR7325010007,KODEX 성장주,삼성자산운용,주식-국내,가능,70% (위험자산),Y,높음,증권사·운용사교차검증,https://dis.kofia.or.kr/websquare/index.jsp?w2xPath=/wq/fundann/DISFundFeeCMS.xml&divisionId=MDIS01005001000000&serviceId=SDIS01005001000,data/regulatory/sources/kofia_evidence_extract_20260905.xml,E3,3way,삼성KODEX성장주증권상장지수투자신탁[주식형] / 펀드유형: 주식형 / 표준코드: K55105CP4609 / 기준일: 20190530,MOEL_WRBA_RULE_ART10_1_2,근로자퇴직급여 보장법 시행규칙 제10조 제1항 제2호 (위험자산의 범위 및 운용기준 (DC 및 IRP 위험자산 투자한도 70%)),ED_WRBA_ART26_1_2,공식 출처 대조 (증권사·운용사교차검증),KOFIA 펀드유형: 주식형 (근로자퇴직급여 보장법 시행규칙 제10조 제1항 제2호: 주식형 집합투자증권 위험자산 70% 한도),2026-09-05,PASS (공식 검증 완료)
325020,KR7325020006,KODEX 배당가치,삼성자산운용,주식-국내,가능,70% (위험자산),Y,높음,증권사·운용사교차검증,https://dis.kofia.or.kr/websquare/index.jsp?w2xPath=/wq/fundann/DISFundFeeCMS.xml&divisionId=MDIS01005001000000&serviceId=SDIS01005001000,data/regulatory/sources/kofia_evidence_extract_20260905.xml,E3,3way,삼성KODEX배당가치증권상장지수투자신탁[주식] / 펀드유형: 주식형 / 표준코드: K55105CP4617 / 기준일: 20190530,MOEL_WRBA_RULE_ART10_1_2,근로자퇴직급여 보장법 시행규칙 제10조 제1항 제2호 (위험자산의 범위 및 운용기준 (DC 및 IRP 위험자산 투자한도 70%)),ED_WRBA_ART26_1_2,공식 출처 대조 (증권사·운용사교차검증),KOFIA 펀드유형: 주식형 (근로자퇴직급여 보장법 시행규칙 제10조 제1항 제2호: 주식형 집합투자증권 위험자산 70% 한도),2026-09-05,PASS (공식 검증 완료)
326230,KR7326230000,RISE 내수주플러스,KB자산운용,주식-국내,가능,70% (위험자산),Y,높음,증권사·운용사교차검증,https://dis.kofia.or.kr/websquare/index.jsp?w2xPath=/wq/fundann/DISFundFeeCMS.xml&divisionId=MDIS01005001000000&serviceId=SDIS01005001000,data/regulatory/sources/kofia_evidence_extract_20260905.xml,E3,3way,KBRISE내수주플러스증권상장지수투자신탁(주식) / 펀드유형: 주식형 / 표준코드: K55223CR0586 / 기준일: 20190619,MOEL_WRBA_RULE_ART10_1_2,근로자퇴직급여 보장법 시행규칙 제10조 제1항 제2호 (위험자산의 범위 및 운용기준 (DC 및 IRP 위험자산 투자한도 70%)),ED_WRBA_ART26_1_2,공식 출처 대조 (증권사·운용사교차검증),KOFIA 펀드유형: 주식형 (근로자퇴직급여 보장법 시행규칙 제10조 제1항 제2호: 주식형 집합투자증권 위험자산 70% 한도),2026-09-05,PASS (공식 검증 완료)
326240,KR7326240009,RISE IT플러스,KB자산운용,주식-국내,가능,70% (위험자산),Y,높음,증권사·운용사교차검증,https://dis.kofia.or.kr/websquare/index.jsp?w2xPath=/wq/fundann/DISFundFeeCMS.xml&divisionId=MDIS01005001000000&serviceId=SDIS01005001000,data/regulatory/sources/kofia_evidence_extract_20260905.xml,E3,3way,KBRISEIT플러스증권상장지수투자신탁(주식) / 펀드유형: 주식형 / 표준코드: K55223CR0578 / 기준일: 20190619,MOEL_WRBA_RULE_ART10_1_2,근로자퇴직급여 보장법 시행규칙 제10조 제1항 제2호 (위험자산의 범위 및 운용기준 (DC 및 IRP 위험자산 투자한도 70%)),ED_WRBA_ART26_1_2,공식 출처 대조 (증권사·운용사교차검증),KOFIA 펀드유형: 주식형 (근로자퇴직급여 보장법 시행규칙 제10조 제1항 제2호: 주식형 집합투자증권 위험자산 70% 한도),2026-09-05,PASS (공식 검증 완료)
328370,KR7328370002,PLUS 코스피TR,한화자산운용,주식-국내,가능,70% (위험자산),Y,높음,증권사·운용사교차검증,https://dis.kofia.or.kr/websquare/index.jsp?w2xPath=/wq/fundann/DISFundFeeCMS.xml&divisionId=MDIS01005001000000&serviceId=SDIS01005001000,data/regulatory/sources/kofia_evidence_extract_20260905.xml,E3,3way,한화PLUS코스피TotalReturn증권상장지수투자신탁(주식) / 펀드유형: 주식형 / 표준코드: K55213CQ4342 / 기준일: 20190624,MOEL_WRBA_RULE_ART10_1_2,근로자퇴직급여 보장법 시행규칙 제10조 제1항 제2호 (위험자산의 범위 및 운용기준 (DC 및 IRP 위험자산 투자한도 70%)),ED_WRBA_ART26_1_2,공식 출처 대조 (증권사·운용사교차검증),KOFIA 펀드유형: 주식형 (근로자퇴직급여 보장법 시행규칙 제10조 제1항 제2호: 주식형 집합투자증권 위험자산 70% 한도),2026-09-05,PASS (공식 검증 완료)
329200,KR7329200000,TIGER 리츠부동산인프라,미래에셋자산운용,리츠·인프라,가능,70% (위험자산),Y,높음,증권사·운용사교차검증,https://securities.koreainvestment.com/pension/nwEtcinfo/Notice.jsp?cmd=A_NW_33030View&num=47520,data/regulatory/sources/brokers/koreainvestment/ETF_REITs_LIST_RP_260831.xlsx,E4,3way,미래에셋자산운용 TIGER 공시 [KR7329200000 / TIGER 리츠부동산인프라 / 퇴직연금 70%] & 한국투자증권 공시 [329200 / TIGER 리츠부동산인프라 / 위험자산한도: 0.7],ED_FSCMA_ART240_4,자본시장과 금융투자업에 관한 법률 시행령 제240조 (집합투자기구의 종류별 최소투자비율 등 (부동산/리츠 집합투자기구)),PSR_ART11_2,공식 출처 대조 (증권사·운용사교차검증),미래에셋자산운용 TIGER 공시 [KR7329200000 / 퇴직연금 70%] 및 한국투자증권 공시 [단축코드: 329200 / 위험자산한도: 0.7] 100% 교차 일치,2026-09-06,PASS (공식 검증 완료)
329650,KR7329650006,KODEX TRF3070,삼성자산운용,혼합·자산배분,가능,100% (안전자산),Y,높음,증권사·운용사교차검증,https://dis.kofia.or.kr/websquare/index.jsp?w2xPath=/wq/fundann/DISFundFeeCMS.xml&divisionId=MDIS01005001000000&serviceId=SDIS01005001000,data/regulatory/sources/kofia_evidence_extract_20260905.xml,E3,3way,삼성KODEXTRF3070증권상장지수투자신탁[채권혼합] / 펀드유형: 혼합채권형 / 표준코드: K55105CS1271 / 기준일: 20190703,PSR_ART11_1_5,퇴직연금감독규정 제11조 제1항 제5호 (적립금 운용방법 등 (주식 50% 미만 채권혼합형 100% 안전자산)),,금융감독원 DART 투자설명서 신탁계약서 제16조 주식편입한도 대조 (증권사·운용사교차검증),KOFIA 펀드유형: 혼합채권형 (퇴직연금감독규정 제11조 제1항 제5호: 약관상 주식 투자한도 50% 미만 혼합채권형 안전자산 100% 한도),2026-09-05,PASS (공식 검증 완료)
329660,KR7329660005,KODEX TRF5050,삼성자산운용,혼합·자산배분,가능,70% (위험자산),Y,높음,증권사목록대조,https://securities.koreainvestment.com/pension/nwEtcinfo/Notice.jsp?cmd=A_NW_33030View&num=47520,data/regulatory/sources/brokers/koreainvestment/ETF_REITs_LIST_RP_260831.xlsx,E4,2way,한국투자증권 퇴직연금 ETF 상품 현황(2026-08-31 기준) / KODEX TRF5050 / 329660 / 삼성 / 퇴직연금 투자한도 0.7,MOEL_WRBA_RULE_ART10_1_2,근로자퇴직급여 보장법 시행규칙 제10조 제1항 제2호 (위험자산의 범위 및 운용기준 (DC 및 IRP 위험자산 투자한도 70%)),ED_WRBA_ART26_1_2,판매사 퇴직연금 매매가능 유니버스 및 위험자산 70% 대조 (증권사목록대조),한국투자증권 퇴직연금 ETF 상품 현황(2026-08-31 기준) 위험자산한도 0.7 대조 및 규제엔진 2자 합치 일치,2026-09-06,PASS (공식 검증 완료)
329670,KR7329670004,KODEX TRF7030,삼성자산운용,혼합·자산배분,가능,70% (위험자산),Y,높음,증권사·운용사교차검증,https://securities.koreainvestment.com/pension/nwEtcinfo/Notice.jsp?cmd=A_NW_33030View&num=47520,data/regulatory/sources/brokers/koreainvestment/ETF_REITs_LIST_RP_260831.xlsx,E4,3way,삼성자산운용 KODEX 공시 [329670 / KODEX TRF7030 / ivPsbReti: 70%] & 한국투자증권 공시 [329670 / KODEX TRF7030 / 위험자산한도: 0.7],MOEL_WRBA_RULE_ART10_1_2,근로자퇴직급여 보장법 시행규칙 제10조 제1항 제2호 (위험자산의 범위 및 운용기준 (DC 및 IRP 위험자산 투자한도 70%)),ED_WRBA_ART26_1_2,공식 출처 대조 (증권사·운용사교차검증),삼성자산운용 KODEX 연금투자 공시 [stkTicker: 329670 / ivPsbReti: 70%] 및 한국투자증권 공시 [단축코드: 329670 / 위험자산한도: 0.7] 100% 교차 일치,2026-09-06,PASS (공식 검증 완료)
329750,KR7329750004,TIGER 미국달러단기채권액티브,미래에셋자산운용,채권,가능,100% (안전자산),Y,높음,증권사·운용사교차검증,https://securities.koreainvestment.com/pension/nwEtcinfo/Notice.jsp?cmd=A_NW_33030View&num=47520,data/regulatory/sources/brokers/koreainvestment/ETF_REITs_LIST_RP_260831.xlsx,E4,3way,미래에셋자산운용 TIGER 공시 [KR7329750004 / TIGER 미국달러단기채권액티브 / 퇴직연금 100%] & 한국투자증권 공시 [329750 / TIGER 미국달러단기채권액티브 / 위험자산한도: 1.0],PSR_ART11_1_4,퇴직연금감독규정 제11조 제1항 제4호 (적립금 운용방법 등 (원리금보장 및 채권형 등 100% 안전자산)),,금융감독원 DART 투자설명서 대조 (증권사·운용사교차검증),미래에셋자산운용 TIGER 공시 [KR7329750004 / 퇴직연금 100%] 및 한국투자증권 공시 [단축코드: 329750 / 위험자산한도: 1.0] 100% 교차 일치,2026-09-06,PASS (공식 검증 완료)
332500,KR7332500008,ACE 200TR,한국투자신탁운용,주식-국내,가능,70% (위험자산),Y,높음,증권사·운용사교차검증,https://dis.kofia.or.kr/websquare/index.jsp?w2xPath=/wq/fundann/DISFundFeeCMS.xml&divisionId=MDIS01005001000000&serviceId=SDIS01005001000,data/regulatory/sources/kofia_evidence_extract_20260905.xml,E3,3way,한국투자ACE200TotalReturn증권상장지수투자신탁(주식) / 펀드유형: 주식형 / 표준코드: K55101CT6711 / 기준일: 20190827,MOEL_WRBA_RULE_ART10_1_2,근로자퇴직급여 보장법 시행규칙 제10조 제1항 제2호 (위험자산의 범위 및 운용기준 (DC 및 IRP 위험자산 투자한도 70%)),ED_WRBA_ART26_1_2,공식 출처 대조 (증권사·운용사교차검증),KOFIA 펀드유형: 주식형 (근로자퇴직급여 보장법 시행규칙 제10조 제1항 제2호: 주식형 집합투자증권 위험자산 70% 한도),2026-09-05,PASS (공식 검증 완료)
332610,KR7332610005,PLUS 미국단기회사채(AAA~A),한화자산운용,채권,가능,100% (안전자산),Y,높음,협회공시대조,https://dis.kofia.or.kr/websquare/index.jsp?w2xPath=/wq/fundann/DISFundFeeCMS.xml&divisionId=MDIS01005001000000&serviceId=SDIS01005001000,data/regulatory/sources/kofia_evidence_extract_20260905.xml,E3,1way,한화PLUS미국단기회사채(AAA~A)증권상장지수투자신탁(채권) / 펀드유형: 채권형 / 표준코드: K55213CS6311 / 기준일: 20190816,PSR_ART11_1_4,퇴직연금감독규정 제11조 제1항 제4호 (적립금 운용방법 등 (원리금보장 및 채권형 등 100% 안전자산)),,금융투자협회 전자공시서비스(DIS) 표준 펀드유형 '채권형' XML 전수 대조,KOFIA 펀드유형: 채권형 (퇴직연금감독규정 제11조 제1항 제4호: 원리금보장 및 채권형 안전자산 (100% 편입 가능)),2026-09-05,PASS (공식 검증 완료)
332620,KR7332620004,PLUS 미국장기우량회사채,한화자산운용,채권,가능,100% (안전자산),Y,높음,협회공시대조,https://dis.kofia.or.kr/websquare/index.jsp?w2xPath=/wq/fundann/DISFundFeeCMS.xml&divisionId=MDIS01005001000000&serviceId=SDIS01005001000,data/regulatory/sources/kofia_evidence_extract_20260905.xml,E3,1way,한화PLUS미국장기우량회사채증권상장지수투자신탁(채권) / 펀드유형: 채권형 / 표준코드: K55213CS6329 / 기준일: 20190816,PSR_ART11_1_4,퇴직연금감독규정 제11조 제1항 제4호 (적립금 운용방법 등 (원리금보장 및 채권형 등 100% 안전자산)),,금융투자협회 전자공시서비스(DIS) 표준 펀드유형 '채권형' XML 전수 대조,KOFIA 펀드유형: 채권형 (퇴직연금감독규정 제11조 제1항 제4호: 원리금보장 및 채권형 안전자산 (100% 편입 가능)),2026-09-05,PASS (공식 검증 완료)
332930,KR7332930007,HANARO 200TR,NH-Amundi자산운용,주식-국내,가능,70% (위험자산),Y,높음,협회공시대조,https://dis.kofia.or.kr/websquare/index.jsp?w2xPath=/wq/fundann/DISFundFeeCMS.xml&divisionId=MDIS01005001000000&serviceId=SDIS01005001000,data/regulatory/sources/kofia_evidence_extract_20260905.xml,E3,1way,NH-AmundiHANARO200TotalReturn증권상장지수투자신탁[주식] / 펀드유형: 주식형 / 표준코드: K55232CU2966 / 기준일: 20190827,MOEL_WRBA_RULE_ART10_1_2,근로자퇴직급여 보장법 시행규칙 제10조 제1항 제2호 (위험자산의 범위 및 운용기준 (DC 및 IRP 위험자산 투자한도 70%)),ED_WRBA_ART26_1_2,금융투자협회 전자공시서비스(DIS) 표준 펀드유형 '주식형' XML 전수 대조 (시행규칙 제10조제1항제2호 한도 70%),KOFIA 펀드유형: 주식형 (근로자퇴직급여 보장법 시행규칙 제10조 제1항 제2호: 주식형 집합투자증권 위험자산 70% 한도),2026-09-05,PASS (공식 검증 완료)
332940,KR7332940006,HANARO MSCI Korea TR,NH-Amundi자산운용,주식-국내,가능,70% (위험자산),Y,높음,협회공시대조,https://dis.kofia.or.kr/websquare/index.jsp?w2xPath=/wq/fundann/DISFundFeeCMS.xml&divisionId=MDIS01005001000000&serviceId=SDIS01005001000,data/regulatory/sources/kofia_evidence_extract_20260905.xml,E3,1way,NH-AmundiHANAROMSCIKoreaTR증권상장지수투자신탁[주식] / 펀드유형: 주식형 / 표준코드: K55232CU2974 / 기준일: 20190827,MOEL_WRBA_RULE_ART10_1_2,근로자퇴직급여 보장법 시행규칙 제10조 제1항 제2호 (위험자산의 범위 및 운용기준 (DC 및 IRP 위험자산 투자한도 70%)),ED_WRBA_ART26_1_2,금융투자협회 전자공시서비스(DIS) 표준 펀드유형 '주식형' XML 전수 대조 (시행규칙 제10조제1항제2호 한도 70%),KOFIA 펀드유형: 주식형 (근로자퇴직급여 보장법 시행규칙 제10조 제1항 제2호: 주식형 집합투자증권 위험자산 70% 한도),2026-09-05,PASS (공식 검증 완료)
334690,KR7334690005,RISE 팔라듐선물(H),KB자산운용,원자재,불가,불가,Y,높음,증권사목록대조,https://securities.koreainvestment.com/pension/nwEtcinfo/Notice.jsp?cmd=A_NW_33030View&num=47520,data/regulatory/sources/brokers/koreainvestment/ETF_REITs_LIST_RP_260831.xlsx; data/regulatory/sources/brokers/koreainvestment/kis_etf_ticker_universe_20260831.txt,E4,2way,"한국투자증권 퇴직연금 ETF 상품 현황(2026-08-31 기준) 2행: ★매매불가: 레버리지/인버스/파생형/해외상장ETF / 해당 종목코드(334690 RISE 팔라듐선물(H)) 퇴직연금 매매가능 유니버스 1,021종목 전수 대조 결과 미수록(부재) 확인",PSR_ART9_1_2,퇴직연금감독규정 제9조 제1항 제2호 마목 (증권 및 기타 적립금 운용방법의 종류 등 (1배수 상장지수집합투자기구 파생위험평가액 100% 한도 허용)),FSC_FIBA_REG_ART4_54,판매사 퇴직연금 매매 불가 유니버스 대조 및 퇴직연금감독규정 제9조 (위험평가액 40% 초과 배제),"한국투자증권 엑셀 2행 '★매매불가: 레버리지/인버스/파생형/해외상장ETF' 및 1,021종목 유니버스 전수 대조 미수록(부재) 근거 편입 불가 확정",2026-09-06,PASS (공식 검증 완료)
334700,KR7334700002,RISE 팔라듐선물인버스(H),KB자산운용,원자재,불가,불가,Y,보통,법령조건직접판정,https://www.law.go.kr/LSW//admRulInfoP.do?admRulSeq=2100000244795&chrClsCd=010201,data/regulatory/sources/statutes/퇴직연금감독규정_20260905.txt,RULE_NAME,1way,퇴직연금감독규정 제9조 제1항 제2호 마목: 상장지수집합투자기구가 목표로 하는 지수의 변화에 1배를 초과하거나 음의 배율로 연동하여 운용하는 것은 제외한다,PSR_ART9_1_2,퇴직연금감독규정 제9조 제1항 제2호 마목 (증권 및 기타 적립금 운용방법의 종류 등 (1배수 상장지수집합투자기구 파생위험평가액 100% 한도 허용)),,퇴직연금감독규정 제9조 제1항 제2호 마목 단서 (1배 초과 또는 음의 배율 연동 배제),명칭 기반 배수 식별 및 퇴직연금감독규정 제9조 제1항 제2호 마목 단서 적용,2026-09-05,PASS (공식 검증 완료)
336160,KR7336160007,RISE 금융채액티브,KB자산운용,채권,가능,100% (안전자산),Y,높음,협회공시대조,https://dis.kofia.or.kr/websquare/index.jsp?w2xPath=/wq/fundann/DISFundFeeCMS.xml&divisionId=MDIS01005001000000&serviceId=SDIS01005001000,data/regulatory/sources/kofia_evidence_extract_20260905.xml,E3,1way,KBRISE금융채액티브증권상장지수투자신탁(채권) / 펀드유형: 채권형 / 표준코드: K55223CW3484 / 기준일: 20191028,PSR_ART11_1_4,퇴직연금감독규정 제11조 제1항 제4호 (적립금 운용방법 등 (원리금보장 및 채권형 등 100% 안전자산)),,금융투자협회 전자공시서비스(DIS) 표준 펀드유형 '채권형' XML 전수 대조,KOFIA 펀드유형: 채권형 (퇴직연금감독규정 제11조 제1항 제4호: 원리금보장 및 채권형 안전자산 (100% 편입 가능)),2026-09-05,PASS (공식 검증 완료)
337120,KR7337120000,KODEX 멀티팩터,삼성자산운용,주식-국내,가능,70% (위험자산),Y,높음,증권사·운용사교차검증,https://dis.kofia.or.kr/websquare/index.jsp?w2xPath=/wq/fundann/DISFundFeeCMS.xml&divisionId=MDIS01005001000000&serviceId=SDIS01005001000,data/regulatory/sources/kofia_evidence_extract_20260905.xml,E3,3way,삼성KODEX멀티팩터증권상장지수투자신탁[주식] / 펀드유형: 주식형 / 표준코드: K55105CX0524 / 기준일: 20191113,MOEL_WRBA_RULE_ART10_1_2,근로자퇴직급여 보장법 시행규칙 제10조 제1항 제2호 (위험자산의 범위 및 운용기준 (DC 및 IRP 위험자산 투자한도 70%)),ED_WRBA_ART26_1_2,공식 출처 대조 (증권사·운용사교차검증),KOFIA 펀드유형: 주식형 (근로자퇴직급여 보장법 시행규칙 제10조 제1항 제2호: 주식형 집합투자증권 위험자산 70% 한도),2026-09-05,PASS (공식 검증 완료)
337140,KR7337140008,KODEX 코스피대형주,삼성자산운용,주식-국내,가능,70% (위험자산),Y,높음,증권사·운용사교차검증,https://dis.kofia.or.kr/websquare/index.jsp?w2xPath=/wq/fundann/DISFundFeeCMS.xml&divisionId=MDIS01005001000000&serviceId=SDIS01005001000,data/regulatory/sources/kofia_evidence_extract_20260905.xml,E3,3way,삼성KODEX코스피대형주증권상장지수투자신탁[주식] / 펀드유형: 주식형 / 표준코드: K55105CX1886 / 기준일: 20191113,MOEL_WRBA_RULE_ART10_1_2,근로자퇴직급여 보장법 시행규칙 제10조 제1항 제2호 (위험자산의 범위 및 운용기준 (DC 및 IRP 위험자산 투자한도 70%)),ED_WRBA_ART26_1_2,공식 출처 대조 (증권사·운용사교차검증),KOFIA 펀드유형: 주식형 (근로자퇴직급여 보장법 시행규칙 제10조 제1항 제2호: 주식형 집합투자증권 위험자산 70% 한도),2026-09-05,PASS (공식 검증 완료)
337150,KR7337150007,KODEX 200exTOP,삼성자산운용,주식-국내,가능,70% (위험자산),Y,높음,증권사·운용사교차검증,https://dis.kofia.or.kr/websquare/index.jsp?w2xPath=/wq/fundann/DISFundFeeCMS.xml&divisionId=MDIS01005001000000&serviceId=SDIS01005001000,data/regulatory/sources/kofia_evidence_extract_20260905.xml,E3,3way,삼성KODEX 200exTOP증권상장지수투자신탁[주식] / 펀드유형: 주식형 / 표준코드: K55105CX0532 / 기준일: 20191113,MOEL_WRBA_RULE_ART10_1_2,근로자퇴직급여 보장법 시행규칙 제10조 제1항 제2호 (위험자산의 범위 및 운용기준 (DC 및 IRP 위험자산 투자한도 70%)),ED_WRBA_ART26_1_2,공식 출처 대조 (증권사·운용사교차검증),KOFIA 펀드유형: 주식형 (근로자퇴직급여 보장법 시행규칙 제10조 제1항 제2호: 주식형 집합투자증권 위험자산 70% 한도),2026-09-05,PASS (공식 검증 완료)
337160,KR7337160006,KODEX 200ESG,삼성자산운용,주식-국내,가능,70% (위험자산),Y,높음,증권사·운용사교차검증,https://dis.kofia.or.kr/websquare/index.jsp?w2xPath=/wq/fundann/DISFundFeeCMS.xml&divisionId=MDIS01005001000000&serviceId=SDIS01005001000,data/regulatory/sources/kofia_evidence_extract_20260905.xml,E3,3way,삼성KODEX 200ESG증권상장지수투자신탁[주식] / 펀드유형: 주식형 / 표준코드: K55105CX1894 / 기준일: 20191113,MOEL_WRBA_RULE_ART10_1_2,근로자퇴직급여 보장법 시행규칙 제10조 제1항 제2호 (위험자산의 범위 및 운용기준 (DC 및 IRP 위험자산 투자한도 70%)),ED_WRBA_ART26_1_2,공식 출처 대조 (증권사·운용사교차검증),KOFIA 펀드유형: 주식형 (근로자퇴직급여 보장법 시행규칙 제10조 제1항 제2호: 주식형 집합투자증권 위험자산 70% 한도),2026-09-05,PASS (공식 검증 완료)
341850,KR7341850006,TIGER 리츠부동산인프라채권,미래에셋자산운용,혼합·자산배분,가능,70% (위험자산),Y,높음,증권사·운용사교차검증,https://securities.koreainvestment.com/pension/nwEtcinfo/Notice.jsp?cmd=A_NW_33030View&num=47520,data/regulatory/sources/brokers/koreainvestment/ETF_REITs_LIST_RP_260831.xlsx,E4,3way,미래에셋자산운용 TIGER 공시 [KR7341850006 / TIGER 리츠부동산인프라채권 / 퇴직연금 70%] & 한국투자증권 공시 [341850 / TIGER 리츠부동산인프라채권 / 위험자산한도: 0.7],ED_FSCMA_ART240_4,자본시장과 금융투자업에 관한 법률 시행령 제240조 (집합투자기구의 종류별 최소투자비율 등 (부동산/리츠 집합투자기구)),PSR_ART11_2,공식 출처 대조 (증권사·운용사교차검증),미래에셋자산운용 TIGER 공시 [KR7341850006 / 퇴직연금 70%] 및 한국투자증권 공시 [단축코드: 341850 / 위험자산한도: 0.7] 100% 교차 일치,2026-09-06,PASS (공식 검증 완료)
352540,KR7352540009,KODEX 일본부동산리츠(H),삼성자산운용,리츠·인프라,가능,70% (위험자산),Y,높음,증권사·운용사교차검증,https://securities.koreainvestment.com/pension/nwEtcinfo/Notice.jsp?cmd=A_NW_33030View&num=47520,data/regulatory/sources/brokers/koreainvestment/ETF_REITs_LIST_RP_260831.xlsx,E4,3way,삼성자산운용 KODEX 공시 [352540 / KODEX 일본부동산리츠(H) / ivPsbReti: 70%] & 한국투자증권 공시 [352540 / KODEX 일본부동산리츠(H) / 위험자산한도: 0.7],ED_FSCMA_ART240_4,자본시장과 금융투자업에 관한 법률 시행령 제240조 (집합투자기구의 종류별 최소투자비율 등 (부동산/리츠 집합투자기구)),PSR_ART11_2,공식 출처 대조 (증권사·운용사교차검증),삼성자산운용 KODEX 연금투자 공시 [stkTicker: 352540 / ivPsbReti: 70%] 및 한국투자증권 공시 [단축코드: 352540 / 위험자산한도: 0.7] 100% 교차 일치,2026-09-06,PASS (공식 검증 완료)
352560,KR7352560007,KODEX 미국부동산리츠(H),삼성자산운용,리츠·인프라,가능,70% (위험자산),Y,높음,증권사·운용사교차검증,https://securities.koreainvestment.com/pension/nwEtcinfo/Notice.jsp?cmd=A_NW_33030View&num=47520,data/regulatory/sources/brokers/koreainvestment/ETF_REITs_LIST_RP_260831.xlsx,E4,3way,삼성자산운용 KODEX 공시 [352560 / KODEX 미국부동산리츠(H) / ivPsbReti: 70%] & 한국투자증권 공시 [352560 / KODEX 미국부동산리츠(H) / 위험자산한도: 0.7],ED_FSCMA_ART240_4,자본시장과 금융투자업에 관한 법률 시행령 제240조 (집합투자기구의 종류별 최소투자비율 등 (부동산/리츠 집합투자기구)),PSR_ART11_2,공식 출처 대조 (증권사·운용사교차검증),삼성자산운용 KODEX 연금투자 공시 [stkTicker: 352560 / ivPsbReti: 70%] 및 한국투자증권 공시 [단축코드: 352560 / 위험자산한도: 0.7] 100% 교차 일치,2026-09-06,PASS (공식 검증 완료)
354240,KR7354240004,RISE 미국고정배당우선증권,KB자산운용,주식-해외,가능,70% (위험자산),Y,높음,증권사·운용사교차검증,https://dis.kofia.or.kr/websquare/index.jsp?w2xPath=/wq/fundann/DISFundFeeCMS.xml&divisionId=MDIS01005001000000&serviceId=SDIS01005001000,data/regulatory/sources/kofia_evidence_extract_20260905.xml,E3,3way,KBRISE미국고정배당우선증권ICE증권상장지수투자신탁(주식혼합) / 펀드유형: 혼합주식형 / 표준코드: K55223D48455 / 기준일: 20200508,MOEL_WRBA_RULE_ART10_1_2,근로자퇴직급여 보장법 시행규칙 제10조 제1항 제2호 (위험자산의 범위 및 운용기준 (DC 및 IRP 위험자산 투자한도 70%)),ED_WRBA_ART26_1_2,공식 출처 대조 (증권사·운용사교차검증),KOFIA 펀드유형: 혼합주식형 (근로자퇴직급여 보장법 시행규칙 제10조 제1항 제2호: 주식 투자한도 50% 이상 혼합형 위험자산 (70% 한도)),2026-09-05,PASS (공식 검증 완료)
354350,KR7354350001,HANARO 글로벌럭셔리S&P(합성),NH-Amundi자산운용,주식-해외,가능,70% (위험자산),Y,높음,증권사목록대조,https://securities.koreainvestment.com/pension/nwEtcinfo/Notice.jsp?cmd=A_NW_33030View&num=47520,data/regulatory/sources/brokers/koreainvestment/ETF_REITs_LIST_RP_260831.xlsx,E4,2way,한국투자증권 퇴직연금 ETF 상품 현황(2026-08-31 기준) / HANARO 글로벌럭셔리S&P(합성) / 354350 / NH-Amundi / 퇴직연금 투자한도 0.7,MOEL_WRBA_RULE_ART10_1_2,근로자퇴직급여 보장법 시행규칙 제10조 제1항 제2호 (위험자산의 범위 및 운용기준 (DC 및 IRP 위험자산 투자한도 70%)),ED_WRBA_ART26_1_2,판매사 퇴직연금 매매가능 유니버스 및 위험자산 70% 대조 (증권사목록대조),한국투자증권 퇴직연금 ETF 상품 현황(2026-08-31 기준) 위험자산한도 0.7 대조 및 규제엔진 2자 합치 일치,2026-09-06,PASS (공식 검증 완료)
354500,KR7354500001,ACE 코스닥150,한국투자신탁운용,주식-국내,가능,70% (위험자산),Y,높음,증권사·운용사교차검증,https://dis.kofia.or.kr/websquare/index.jsp?w2xPath=/wq/fundann/DISFundFeeCMS.xml&divisionId=MDIS01005001000000&serviceId=SDIS01005001000,data/regulatory/sources/kofia_evidence_extract_20260905.xml,E3,3way,한국투자ACE코스닥150증권상장지수투자신탁(주식) / 펀드유형: 주식형 / 표준코드: K55101D41516 / 기준일: 20200506,MOEL_WRBA_RULE_ART10_1_2,근로자퇴직급여 보장법 시행규칙 제10조 제1항 제2호 (위험자산의 범위 및 운용기준 (DC 및 IRP 위험자산 투자한도 70%)),ED_WRBA_ART26_1_2,공식 출처 대조 (증권사·운용사교차검증),KOFIA 펀드유형: 주식형 (근로자퇴직급여 보장법 시행규칙 제10조 제1항 제2호: 주식형 집합투자증권 위험자산 70% 한도),2026-09-05,PASS (공식 검증 완료)
356540,KR7356540005,ACE 종합채권(AA-이상)액티브,한국투자신탁운용,채권,가능,100% (안전자산),Y,높음,증권사·운용사교차검증,https://dis.kofia.or.kr/websquare/index.jsp?w2xPath=/wq/fundann/DISFundFeeCMS.xml&divisionId=MDIS01005001000000&serviceId=SDIS01005001000,data/regulatory/sources/kofia_evidence_extract_20260905.xml,E3,3way,한국투자ACE종합채권(AA-이상)액티브증권상장지수투자신탁(채권) / 펀드유형: 채권형 / 표준코드: K55101D34156 / 기준일: 20200715,PSR_ART11_1_4,퇴직연금감독규정 제11조 제1항 제4호 (적립금 운용방법 등 (원리금보장 및 채권형 등 100% 안전자산)),,금융감독원 DART 투자설명서 대조 (증권사·운용사교차검증),KOFIA 펀드유형: 채권형 (퇴직연금감독규정 제11조 제1항 제4호: 원리금보장 및 채권형 안전자산 (100% 편입 가능)),2026-09-05,PASS (공식 검증 완료)
357870,KR7357870005,TIGER CD금리투자KIS(합성),미래에셋자산운용,금리·파킹,가능,70% (위험자산),Y,높음,협회공시대조,https://dis.kofia.or.kr/websquare/index.jsp?w2xPath=/wq/fundann/DISFundFeeCMS.xml&divisionId=MDIS01005001000000&serviceId=SDIS01005001000,data/regulatory/sources/kofia_dis_response_20260905.xml,E1,1way,미래에셋TIGERCD금리투자KIS특별자산상장지수투자신탁(CD-파생형)(합성) / 펀드유형 특별자산파생 / 표준코드 K55301D61007 (KOFIA 전자공시 원본),MOEL_WRBA_RULE_ART10_1_2,근로자퇴직급여 보장법 시행규칙 제10조 제1항 제2호 (위험자산의 범위 및 운용기준 (DC 및 IRP 위험자산 투자한도 70%)),ED_WRBA_ART26_1_2,금융투자협회 전자공시(DIS) 표준 펀드유형 '특별자산' XML 대조 (시행규칙 제10조제1항제2호 한도 70%),특별자산집합투자기구 원문 확인. 한국투자증권 공시는 100%(실무 재량). 법적 기구 종류가 특별자산이므로 70% 적용. (증권사에 따라 안전자산으로 분류될 수 있음),2026-09-06,PASS (공식 검증 완료)
359210,KR7359210002,KODEX 코스피TR,삼성자산운용,주식-국내,가능,70% (위험자산),Y,높음,증권사·운용사교차검증,https://dis.kofia.or.kr/websquare/index.jsp?w2xPath=/wq/fundann/DISFundFeeCMS.xml&divisionId=MDIS01005001000000&serviceId=SDIS01005001000,data/regulatory/sources/kofia_evidence_extract_20260905.xml,E3,3way,삼성KODEX코스피TotalReturn증권상장지수투자신탁[주식] / 펀드유형: 주식형 / 표준코드: K55105D41822 / 기준일: 20200720,MOEL_WRBA_RULE_ART10_1_2,근로자퇴직급여 보장법 시행규칙 제10조 제1항 제2호 (위험자산의 범위 및 운용기준 (DC 및 IRP 위험자산 투자한도 70%)),ED_WRBA_ART26_1_2,공식 출처 대조 (증권사·운용사교차검증),KOFIA 펀드유형: 주식형 (근로자퇴직급여 보장법 시행규칙 제10조 제1항 제2호: 주식형 집합투자증권 위험자산 70% 한도),2026-09-05,PASS (공식 검증 완료)
360140,KR7360140008,KODEX 200롱코스닥150숏선물,삼성자산운용,주식-국내,불가,불가,Y,높음,증권사목록대조,https://securities.koreainvestment.com/pension/nwEtcinfo/Notice.jsp?cmd=A_NW_33030View&num=47520,data/regulatory/sources/brokers/koreainvestment/ETF_REITs_LIST_RP_260831.xlsx; data/regulatory/sources/brokers/koreainvestment/kis_etf_ticker_universe_20260831.txt,E4,2way,"한국투자증권 퇴직연금 ETF 상품 현황(2026-08-31 기준) 2행: ★매매불가: 레버리지/인버스/파생형/해외상장ETF / 해당 종목코드(360140 KODEX 200롱코스닥150숏선물) 퇴직연금 매매가능 유니버스 1,021종목 전수 대조 결과 미수록(부재) 확인",PSR_ART9_1_2,퇴직연금감독규정 제9조 제1항 제2호 마목 (증권 및 기타 적립금 운용방법의 종류 등 (1배수 상장지수집합투자기구 파생위험평가액 100% 한도 허용)),FSC_FIBA_REG_ART4_54,판매사 퇴직연금 매매 불가 유니버스 대조 및 퇴직연금감독규정 제9조 (위험평가액 40% 초과 배제),"한국투자증권 엑셀 2행 '★매매불가: 레버리지/인버스/파생형/해외상장ETF' 및 1,021종목 유니버스 전수 대조 미수록(부재) 근거 편입 불가 확정 (Rule R-d 파생형 배제)",2026-09-06,PASS (공식 검증 완료)
360150,KR7360150007,KODEX 코스닥150롱코스피200숏선물,삼성자산운용,주식-국내,불가,불가,Y,높음,증권사목록대조,https://securities.koreainvestment.com/pension/nwEtcinfo/Notice.jsp?cmd=A_NW_33030View&num=47520,data/regulatory/sources/brokers/koreainvestment/ETF_REITs_LIST_RP_260831.xlsx; data/regulatory/sources/brokers/koreainvestment/kis_etf_ticker_universe_20260831.txt,E4,2way,"한국투자증권 퇴직연금 ETF 상품 현황(2026-08-31 기준) 2행: ★매매불가: 레버리지/인버스/파생형/해외상장ETF / 해당 종목코드(360150 KODEX 코스닥150롱코스피200숏선물) 퇴직연금 매매가능 유니버스 1,021종목 전수 대조 결과 미수록(부재) 확인",PSR_ART9_1_2,퇴직연금감독규정 제9조 제1항 제2호 마목 (증권 및 기타 적립금 운용방법의 종류 등 (1배수 상장지수집합투자기구 파생위험평가액 100% 한도 허용)),FSC_FIBA_REG_ART4_54,판매사 퇴직연금 매매 불가 유니버스 대조 및 퇴직연금감독규정 제9조 (위험평가액 40% 초과 배제),"한국투자증권 엑셀 2행 '★매매불가: 레버리지/인버스/파생형/해외상장ETF' 및 1,021종목 유니버스 전수 대조 미수록(부재) 근거 편입 불가 확정 (Rule R-d 파생형 배제)",2026-09-06,PASS (공식 검증 완료)
360200,KR7360200000,ACE 미국S&P500,한국투자신탁운용,주식-해외,가능,70% (위험자산),Y,높음,증권사·운용사교차검증,https://dis.kofia.or.kr/websquare/index.jsp?w2xPath=/wq/fundann/DISFundFeeCMS.xml&divisionId=MDIS01005001000000&serviceId=SDIS01005001000,data/regulatory/sources/kofia_evidence_extract_20260905.xml,E3,3way,한국투자ACE미국S&amp;P500증권상장지수투자신탁(주식) / 펀드유형: 주식형 / 표준코드: K55101D78195 / 기준일: 20200804,MOEL_WRBA_RULE_ART10_1_2,근로자퇴직급여 보장법 시행규칙 제10조 제1항 제2호 (위험자산의 범위 및 운용기준 (DC 및 IRP 위험자산 투자한도 70%)),ED_WRBA_ART26_1_2,공식 출처 대조 (증권사·운용사교차검증),KOFIA 펀드유형: 주식형 (근로자퇴직급여 보장법 시행규칙 제10조 제1항 제2호: 주식형 집합투자증권 위험자산 70% 한도),2026-09-05,PASS (공식 검증 완료)
360750,KR7360750004,TIGER 미국S&P500,미래에셋자산운용,주식-해외,가능,70% (위험자산),Y,높음,증권사·운용사교차검증,https://dis.kofia.or.kr/websquare/index.jsp?w2xPath=/wq/fundann/DISFundFeeCMS.xml&divisionId=MDIS01005001000000&serviceId=SDIS01005001000,data/regulatory/sources/kofia_evidence_extract_20260905.xml,E3,3way,미래에셋TIGER미국S&amp;P500증권상장지수투자신탁(주식) / 펀드유형: 주식형 / 표준코드: K55301D79199 / 기준일: 20200806,MOEL_WRBA_RULE_ART10_1_2,근로자퇴직급여 보장법 시행규칙 제10조 제1항 제2호 (위험자산의 범위 및 운용기준 (DC 및 IRP 위험자산 투자한도 70%)),ED_WRBA_ART26_1_2,공식 출처 대조 (증권사·운용사교차검증),KOFIA 펀드유형: 주식형 (근로자퇴직급여 보장법 시행규칙 제10조 제1항 제2호: 주식형 집합투자증권 위험자산 70% 한도),2026-09-05,PASS (공식 검증 완료)
361580,KR7361580004,RISE 200TR,KB자산운용,주식-국내,가능,70% (위험자산),Y,높음,증권사·운용사교차검증,https://dis.kofia.or.kr/websquare/index.jsp?w2xPath=/wq/fundann/DISFundFeeCMS.xml&divisionId=MDIS01005001000000&serviceId=SDIS01005001000,data/regulatory/sources/kofia_evidence_extract_20260905.xml,E3,3way,한화PLUS200TotalReturn증권상장지수투자신탁(주식) / 펀드유형: 주식형 / 표준코드: K55213EE1753 / 기준일: 20240909,MOEL_WRBA_RULE_ART10_1_2,근로자퇴직급여 보장법 시행규칙 제10조 제1항 제2호 (위험자산의 범위 및 운용기준 (DC 및 IRP 위험자산 투자한도 70%)),ED_WRBA_ART26_1_2,공식 출처 대조 (증권사·운용사교차검증),KOFIA 펀드유형: 주식형 (근로자퇴직급여 보장법 시행규칙 제10조 제1항 제2호: 주식형 집합투자증권 위험자산 70% 한도),2026-09-05,PASS (공식 검증 완료)
363510,KR7363510009,SOL KIS단기통안채,신한자산운용,금리·파킹,가능,100% (안전자산),Y,높음,협회공시대조,https://dis.kofia.or.kr/websquare/index.jsp?w2xPath=/wq/fundann/DISFundFeeCMS.xml&divisionId=MDIS01005001000000&serviceId=SDIS01005001000,data/regulatory/sources/kofia_evidence_extract_20260905.xml,E3,1way,신한SOLKIS단기통안채증권상장지수투자신탁[채권] / 펀드유형: 채권형 / 표준코드: K55210D56182 / 기준일: 20200908,PSR_ART11_1_4,퇴직연금감독규정 제11조 제1항 제4호 (적립금 운용방법 등 (원리금보장 및 채권형 등 100% 안전자산)),,금융투자협회 전자공시서비스(DIS) 표준 펀드유형 '채권형' XML 전수 대조,KOFIA 펀드유형: 채권형 (퇴직연금감독규정 제11조 제1항 제4호: 원리금보장 및 채권형 안전자산 (100% 편입 가능)),2026-09-05,PASS (공식 검증 완료)
363570,KR7363570003,KODEX 장기종합채권(AA-이상)액티브,삼성자산운용,채권,가능,100% (안전자산),Y,높음,증권사·운용사교차검증,https://dis.kofia.or.kr/websquare/index.jsp?w2xPath=/wq/fundann/DISFundFeeCMS.xml&divisionId=MDIS01005001000000&serviceId=SDIS01005001000,data/regulatory/sources/kofia_evidence_extract_20260905.xml,E3,3way,삼성KODEX장기종합채권(AA-이상)액티브증권상장지수투자신탁[채권] / 펀드유형: 채권형 / 표준코드: K55105D79160 / 기준일: 20200924,PSR_ART11_1_4,퇴직연금감독규정 제11조 제1항 제4호 (적립금 운용방법 등 (원리금보장 및 채권형 등 100% 안전자산)),,금융감독원 DART 투자설명서 대조 (증권사·운용사교차검증),KOFIA 펀드유형: 채권형 (퇴직연금감독규정 제11조 제1항 제4호: 원리금보장 및 채권형 안전자산 (100% 편입 가능)),2026-09-05,PASS (공식 검증 완료)
363580,KR7363580002,KODEX 200IT TR,삼성자산운용,주식-국내,가능,70% (위험자산),Y,높음,증권사·운용사교차검증,https://dis.kofia.or.kr/websquare/index.jsp?w2xPath=/wq/fundann/DISFundFeeCMS.xml&divisionId=MDIS01005001000000&serviceId=SDIS01005001000,data/regulatory/sources/kofia_evidence_extract_20260905.xml,E3,3way,삼성KODEX200ITTotalReturn증권상장지수투자신탁[주식] / 펀드유형: 주식형 / 표준코드: K55105D67108 / 기준일: 20200924,MOEL_WRBA_RULE_ART10_1_2,근로자퇴직급여 보장법 시행규칙 제10조 제1항 제2호 (위험자산의 범위 및 운용기준 (DC 및 IRP 위험자산 투자한도 70%)),ED_WRBA_ART26_1_2,공식 출처 대조 (증권사·운용사교차검증),KOFIA 펀드유형: 주식형 (근로자퇴직급여 보장법 시행규칙 제10조 제1항 제2호: 주식형 집합투자증권 위험자산 70% 한도),2026-09-05,PASS (공식 검증 완료)
364690,KR7364690008,KODEX 혁신기술테마액티브,삼성자산운용,주식-국내,가능,70% (위험자산),Y,높음,증권사·운용사교차검증,https://dis.kofia.or.kr/websquare/index.jsp?w2xPath=/wq/fundann/DISFundFeeCMS.xml&divisionId=MDIS01005001000000&serviceId=SDIS01005001000,data/regulatory/sources/kofia_evidence_extract_20260905.xml,E3,3way,삼성KODEX혁신기술테마액티브증권상장지수투자신탁[주식] / 펀드유형: 주식형 / 표준코드: K55105D92619 / 기준일: 20200928,MOEL_WRBA_RULE_ART10_1_2,근로자퇴직급여 보장법 시행규칙 제10조 제1항 제2호 (위험자산의 범위 및 운용기준 (DC 및 IRP 위험자산 투자한도 70%)),ED_WRBA_ART26_1_2,공식 출처 대조 (증권사·운용사교차검증),KOFIA 펀드유형: 주식형 (근로자퇴직급여 보장법 시행규칙 제10조 제1항 제2호: 주식형 집합투자증권 위험자산 70% 한도),2026-09-05,PASS (공식 검증 완료)
364960,KR7364960005,TIGER BBIG,미래에셋자산운용,주식-국내,가능,70% (위험자산),Y,높음,증권사·운용사교차검증,https://dis.kofia.or.kr/websquare/index.jsp?w2xPath=/wq/fundann/DISFundFeeCMS.xml&divisionId=MDIS01005001000000&serviceId=SDIS01005001000,data/regulatory/sources/kofia_evidence_extract_20260905.xml,E3,3way,미래에셋TIGERBBIG증권상장지수투자신탁(주식) / 펀드유형: 주식형 / 표준코드: K55301DA5547 / 기준일: 20201006,MOEL_WRBA_RULE_ART10_1_2,근로자퇴직급여 보장법 시행규칙 제10조 제1항 제2호 (위험자산의 범위 및 운용기준 (DC 및 IRP 위험자산 투자한도 70%)),ED_WRBA_ART26_1_2,공식 출처 대조 (증권사·운용사교차검증),KOFIA 펀드유형: 주식형 (근로자퇴직급여 보장법 시행규칙 제10조 제1항 제2호: 주식형 집합투자증권 위험자산 70% 한도),2026-09-05,PASS (공식 검증 완료)
364970,KR7364970004,TIGER 바이오TOP10,미래에셋자산운용,주식-국내,가능,70% (위험자산),Y,높음,증권사·운용사교차검증,https://dis.kofia.or.kr/websquare/index.jsp?w2xPath=/wq/fundann/DISFundFeeCMS.xml&divisionId=MDIS01005001000000&serviceId=SDIS01005001000,data/regulatory/sources/kofia_evidence_extract_20260905.xml,E3,3way,미래에셋TIGER바이오TOP10증권상장지수투자신탁(주식) / 펀드유형: 주식형 / 표준코드: K55301DA5562 / 기준일: 20201006,MOEL_WRBA_RULE_ART10_1_2,근로자퇴직급여 보장법 시행규칙 제10조 제1항 제2호 (위험자산의 범위 및 운용기준 (DC 및 IRP 위험자산 투자한도 70%)),ED_WRBA_ART26_1_2,공식 출처 대조 (증권사·운용사교차검증),KOFIA 펀드유형: 주식형 (근로자퇴직급여 보장법 시행규칙 제10조 제1항 제2호: 주식형 집합투자증권 위험자산 70% 한도),2026-09-05,PASS (공식 검증 완료)
364980,KR7364980003,TIGER 2차전지TOP10,미래에셋자산운용,주식-국내,가능,70% (위험자산),Y,높음,증권사·운용사교차검증,https://dis.kofia.or.kr/websquare/index.jsp?w2xPath=/wq/fundann/DISFundFeeCMS.xml&divisionId=MDIS01005001000000&serviceId=SDIS01005001000,data/regulatory/sources/kofia_evidence_extract_20260905.xml,E3,3way,미래에셋TIGER2차전지TOP10증권상장지수투자신탁(주식) / 펀드유형: 주식형 / 표준코드: K55301DA5554 / 기준일: 20201006,MOEL_WRBA_RULE_ART10_1_2,근로자퇴직급여 보장법 시행규칙 제10조 제1항 제2호 (위험자산의 범위 및 운용기준 (DC 및 IRP 위험자산 투자한도 70%)),ED_WRBA_ART26_1_2,공식 출처 대조 (증권사·운용사교차검증),KOFIA 펀드유형: 주식형 (근로자퇴직급여 보장법 시행규칙 제10조 제1항 제2호: 주식형 집합투자증권 위험자산 70% 한도),2026-09-05,PASS (공식 검증 완료)
364990,KR7364990002,TIGER 게임TOP10,미래에셋자산운용,주식-국내,가능,70% (위험자산),Y,높음,증권사·운용사교차검증,https://dis.kofia.or.kr/websquare/index.jsp?w2xPath=/wq/fundann/DISFundFeeCMS.xml&divisionId=MDIS01005001000000&serviceId=SDIS01005001000,data/regulatory/sources/kofia_evidence_extract_20260905.xml,E3,3way,미래에셋TIGER 게임TOP10증권상장지수투자신탁(주식) / 펀드유형: 주식형 / 표준코드: K55301DA5588 / 기준일: 20201006,MOEL_WRBA_RULE_ART10_1_2,근로자퇴직급여 보장법 시행규칙 제10조 제1항 제2호 (위험자산의 범위 및 운용기준 (DC 및 IRP 위험자산 투자한도 70%)),ED_WRBA_ART26_1_2,공식 출처 대조 (증권사·운용사교차검증),KOFIA 펀드유형: 주식형 (근로자퇴직급여 보장법 시행규칙 제10조 제1항 제2호: 주식형 집합투자증권 위험자산 70% 한도),2026-09-05,PASS (공식 검증 완료)
365000,KR7365000009,TIGER 인터넷TOP10,미래에셋자산운용,주식-국내,가능,70% (위험자산),Y,높음,증권사·운용사교차검증,https://dis.kofia.or.kr/websquare/index.jsp?w2xPath=/wq/fundann/DISFundFeeCMS.xml&divisionId=MDIS01005001000000&serviceId=SDIS01005001000,data/regulatory/sources/kofia_evidence_extract_20260905.xml,E3,3way,미래에셋TIGER인터넷TOP10증권상장지수투자신탁(주식) / 펀드유형: 주식형 / 표준코드: K55301DA5570 / 기준일: 20201006,MOEL_WRBA_RULE_ART10_1_2,근로자퇴직급여 보장법 시행규칙 제10조 제1항 제2호 (위험자산의 범위 및 운용기준 (DC 및 IRP 위험자산 투자한도 70%)),ED_WRBA_ART26_1_2,공식 출처 대조 (증권사·운용사교차검증),KOFIA 펀드유형: 주식형 (근로자퇴직급여 보장법 시행규칙 제10조 제1항 제2호: 주식형 집합투자증권 위험자산 70% 한도),2026-09-05,PASS (공식 검증 완료)
365040,KR7365040005,TIGER AI코리아그로스액티브,미래에셋자산운용,주식-국내,가능,70% (위험자산),Y,높음,증권사·운용사교차검증,https://dis.kofia.or.kr/websquare/index.jsp?w2xPath=/wq/fundann/DISFundFeeCMS.xml&divisionId=MDIS01005001000000&serviceId=SDIS01005001000,data/regulatory/sources/kofia_evidence_extract_20260905.xml,E3,3way,미래에셋TIGERAI코리아그로스액티브증권상장지수투자신탁(주식) / 펀드유형: 주식형 / 표준코드: K55301D98900 / 기준일: 20200928,MOEL_WRBA_RULE_ART10_1_2,근로자퇴직급여 보장법 시행규칙 제10조 제1항 제2호 (위험자산의 범위 및 운용기준 (DC 및 IRP 위험자산 투자한도 70%)),ED_WRBA_ART26_1_2,공식 출처 대조 (증권사·운용사교차검증),KOFIA 펀드유형: 주식형 (근로자퇴직급여 보장법 시행규칙 제10조 제1항 제2호: 주식형 집합투자증권 위험자산 70% 한도),2026-09-05,PASS (공식 검증 완료)
365780,KR7365780006,ACE 국고채10년,한국투자신탁운용,채권,가능,100% (안전자산),Y,높음,증권사·운용사교차검증,https://dis.kofia.or.kr/websquare/index.jsp?w2xPath=/wq/fundann/DISFundFeeCMS.xml&divisionId=MDIS01005001000000&serviceId=SDIS01005001000,data/regulatory/sources/kofia_evidence_extract_20260905.xml,E3,3way,한국투자ACE국고채10년증권상장지수투자신탁(채권) / 펀드유형: 채권형 / 표준코드: K55101D95314 / 기준일: 20201013,PSR_ART11_1_4,퇴직연금감독규정 제11조 제1항 제4호 (적립금 운용방법 등 (원리금보장 및 채권형 등 100% 안전자산)),,금융감독원 DART 투자설명서 대조 (증권사·운용사교차검증),KOFIA 펀드유형: 채권형 (퇴직연금감독규정 제11조 제1항 제4호: 원리금보장 및 채권형 안전자산 (100% 편입 가능)),2026-09-05,PASS (공식 검증 완료)
367380,KR7367380003,ACE 미국나스닥100,한국투자신탁운용,주식-해외,가능,70% (위험자산),Y,높음,증권사·운용사교차검증,https://dis.kofia.or.kr/websquare/index.jsp?w2xPath=/wq/fundann/DISFundFeeCMS.xml&divisionId=MDIS01005001000000&serviceId=SDIS01005001000,data/regulatory/sources/kofia_evidence_extract_20260905.xml,E3,3way,한국투자ACE미국나스닥100증권상장지수투자신탁(주식) / 펀드유형: 주식형 / 표준코드: K55101DB1182 / 기준일: 20201026,MOEL_WRBA_RULE_ART10_1_2,근로자퇴직급여 보장법 시행규칙 제10조 제1항 제2호 (위험자산의 범위 및 운용기준 (DC 및 IRP 위험자산 투자한도 70%)),ED_WRBA_ART26_1_2,공식 출처 대조 (증권사·운용사교차검증),KOFIA 펀드유형: 주식형 (근로자퇴직급여 보장법 시행규칙 제10조 제1항 제2호: 주식형 집합투자증권 위험자산 70% 한도),2026-09-05,PASS (공식 검증 완료)
367740,KR7367740008,HANARO Fn5G산업,NH-Amundi자산운용,주식-국내,가능,70% (위험자산),Y,높음,협회공시대조,https://dis.kofia.or.kr/websquare/index.jsp?w2xPath=/wq/fundann/DISFundFeeCMS.xml&divisionId=MDIS01005001000000&serviceId=SDIS01005001000,data/regulatory/sources/kofia_evidence_extract_20260905.xml,E3,1way,NH-AmundiHANAROFn5G산업증권상장지수투자신탁(주식) / 펀드유형: 주식형 / 표준코드: K55232DB8353 / 기준일: 20201028,MOEL_WRBA_RULE_ART10_1_2,근로자퇴직급여 보장법 시행규칙 제10조 제1항 제2호 (위험자산의 범위 및 운용기준 (DC 및 IRP 위험자산 투자한도 70%)),ED_WRBA_ART26_1_2,금융투자협회 전자공시서비스(DIS) 표준 펀드유형 '주식형' XML 전수 대조 (시행규칙 제10조제1항제2호 한도 70%),KOFIA 펀드유형: 주식형 (근로자퇴직급여 보장법 시행규칙 제10조 제1항 제2호: 주식형 집합투자증권 위험자산 70% 한도),2026-09-05,PASS (공식 검증 완료)
367760,KR7367760006,RISE 네트워크인프라,KB자산운용,리츠·인프라,가능,70% (위험자산),Y,높음,증권사·운용사교차검증,https://dis.kofia.or.kr/websquare/index.jsp?w2xPath=/wq/fundann/DISFundFeeCMS.xml&divisionId=MDIS01005001000000&serviceId=SDIS01005001000,data/regulatory/sources/kofia_evidence_extract_20260905.xml,E3,3way,KBRISE네트워크인프라증권상장지수투자신탁(주식) / 펀드유형: 주식형 / 표준코드: K55223DB4882 / 기준일: 20201028,ED_FSCMA_ART240_4,자본시장과 금융투자업에 관한 법률 시행령 제240조 (집합투자기구의 종류별 최소투자비율 등 (부동산/리츠 집합투자기구)),PSR_ART11_2,공식 출처 대조 (증권사·운용사교차검증),KOFIA 펀드유형: 주식형 (근로자퇴직급여 보장법 시행규칙 제10조 제1항 제2호: 주식형 집합투자증권 위험자산 70% 한도),2026-09-05,PASS (공식 검증 완료)
367770,KR7367770005,RISE 수소경제테마,KB자산운용,주식-국내,가능,70% (위험자산),Y,높음,증권사·운용사교차검증,https://dis.kofia.or.kr/websquare/index.jsp?w2xPath=/wq/fundann/DISFundFeeCMS.xml&divisionId=MDIS01005001000000&serviceId=SDIS01005001000,data/regulatory/sources/kofia_evidence_extract_20260905.xml,E3,3way,KBRISEFn수소경제테마증권상장지수투자신탁(주식) / 펀드유형: 주식형 / 표준코드: K55223DB4890 / 기준일: 20201028,MOEL_WRBA_RULE_ART10_1_2,근로자퇴직급여 보장법 시행규칙 제10조 제1항 제2호 (위험자산의 범위 및 운용기준 (DC 및 IRP 위험자산 투자한도 70%)),ED_WRBA_ART26_1_2,공식 출처 대조 (증권사·운용사교차검증),KOFIA 펀드유형: 주식형 (근로자퇴직급여 보장법 시행규칙 제10조 제1항 제2호: 주식형 집합투자증권 위험자산 70% 한도),2026-09-05,PASS (공식 검증 완료)
368190,KR7368190005,HANARO Fn K-뉴딜디지털플러스,NH-Amundi자산운용,주식-국내,가능,70% (위험자산),Y,높음,협회공시대조,https://dis.kofia.or.kr/websquare/index.jsp?w2xPath=/wq/fundann/DISFundFeeCMS.xml&divisionId=MDIS01005001000000&serviceId=SDIS01005001000,data/regulatory/sources/kofia_evidence_extract_20260905.xml,E3,1way,NH-AmundiHANAROFnK-뉴딜디지털플러스증권상장지수투자신탁[주식] / 펀드유형: 주식형 / 표준코드: K55232DB8908 / 기준일: 20201109,MOEL_WRBA_RULE_ART10_1_2,근로자퇴직급여 보장법 시행규칙 제10조 제1항 제2호 (위험자산의 범위 및 운용기준 (DC 및 IRP 위험자산 투자한도 70%)),ED_WRBA_ART26_1_2,금융투자협회 전자공시서비스(DIS) 표준 펀드유형 '주식형' XML 전수 대조 (시행규칙 제10조제1항제2호 한도 70%),KOFIA 펀드유형: 주식형 (근로자퇴직급여 보장법 시행규칙 제10조 제1항 제2호: 주식형 집합투자증권 위험자산 70% 한도),2026-09-05,PASS (공식 검증 완료)
368590,KR7368590006,RISE 미국나스닥100,KB자산운용,주식-해외,가능,70% (위험자산),Y,높음,증권사·운용사교차검증,https://dis.kofia.or.kr/websquare/index.jsp?w2xPath=/wq/fundann/DISFundFeeCMS.xml&divisionId=MDIS01005001000000&serviceId=SDIS01005001000,data/regulatory/sources/kofia_evidence_extract_20260905.xml,E3,3way,KBRISE미국나스닥100증권상장지수투자신탁(주식) / 펀드유형: 주식형 / 표준코드: K55223DB4908 / 기준일: 20201104,MOEL_WRBA_RULE_ART10_1_2,근로자퇴직급여 보장법 시행규칙 제10조 제1항 제2호 (위험자산의 범위 및 운용기준 (DC 및 IRP 위험자산 투자한도 70%)),ED_WRBA_ART26_1_2,공식 출처 대조 (증권사·운용사교차검증),KOFIA 펀드유형: 주식형 (근로자퇴직급여 보장법 시행규칙 제10조 제1항 제2호: 주식형 집합투자증권 위험자산 70% 한도),2026-09-05,PASS (공식 검증 완료)
368680,KR7368680005,KODEX K-뉴딜디지털플러스,삼성자산운용,주식-국내,가능,70% (위험자산),Y,높음,증권사·운용사교차검증,https://dis.kofia.or.kr/websquare/index.jsp?w2xPath=/wq/fundann/DISFundFeeCMS.xml&divisionId=MDIS01005001000000&serviceId=SDIS01005001000,data/regulatory/sources/kofia_evidence_extract_20260905.xml,E3,3way,삼성KODEX K-뉴딜디지털플러스증권상장지수투자신탁[주식] / 펀드유형: 주식형 / 표준코드: K55105DB2905 / 기준일: 20201109,MOEL_WRBA_RULE_ART10_1_2,근로자퇴직급여 보장법 시행규칙 제10조 제1항 제2호 (위험자산의 범위 및 운용기준 (DC 및 IRP 위험자산 투자한도 70%)),ED_WRBA_ART26_1_2,공식 출처 대조 (증권사·운용사교차검증),KOFIA 펀드유형: 주식형 (근로자퇴직급여 보장법 시행규칙 제10조 제1항 제2호: 주식형 집합투자증권 위험자산 70% 한도),2026-09-05,PASS (공식 검증 완료)
371150,KR7371150004,RISE 차이나항셍테크,KB자산운용,주식-해외,가능,70% (위험자산),Y,높음,증권사·운용사교차검증,https://dis.kofia.or.kr/websquare/index.jsp?w2xPath=/wq/fundann/DISFundFeeCMS.xml&divisionId=MDIS01005001000000&serviceId=SDIS01005001000,data/regulatory/sources/kofia_evidence_extract_20260905.xml,E3,3way,KBRISE차이나항셍테크증권상장지수투자신탁(주식) / 펀드유형: 주식형 / 표준코드: K55223DC9849 / 기준일: 20201214,MOEL_WRBA_RULE_ART10_1_2,근로자퇴직급여 보장법 시행규칙 제10조 제1항 제2호 (위험자산의 범위 및 운용기준 (DC 및 IRP 위험자산 투자한도 70%)),ED_WRBA_ART26_1_2,공식 출처 대조 (증권사·운용사교차검증),KOFIA 펀드유형: 주식형 (근로자퇴직급여 보장법 시행규칙 제10조 제1항 제2호: 주식형 집합투자증권 위험자산 70% 한도),2026-09-05,PASS (공식 검증 완료)
371160,KR7371160003,TIGER 차이나항셍테크,미래에셋자산운용,주식-해외,가능,70% (위험자산),Y,높음,증권사·운용사교차검증,https://dis.kofia.or.kr/websquare/index.jsp?w2xPath=/wq/fundann/DISFundFeeCMS.xml&divisionId=MDIS01005001000000&serviceId=SDIS01005001000,data/regulatory/sources/kofia_evidence_extract_20260905.xml,E3,3way,미래에셋TIGER차이나항셍테크증권상장지수투자신탁(주식) / 펀드유형: 주식형 / 표준코드: K55301DC8499 / 기준일: 20201214,MOEL_WRBA_RULE_ART10_1_2,근로자퇴직급여 보장법 시행규칙 제10조 제1항 제2호 (위험자산의 범위 및 운용기준 (DC 및 IRP 위험자산 투자한도 70%)),ED_WRBA_ART26_1_2,공식 출처 대조 (증권사·운용사교차검증),KOFIA 펀드유형: 주식형 (근로자퇴직급여 보장법 시행규칙 제10조 제1항 제2호: 주식형 집합투자증권 위험자산 70% 한도),2026-09-05,PASS (공식 검증 완료)
371450,KR7371450008,TIGER 글로벌클라우드컴퓨팅INDXX,미래에셋자산운용,주식-해외,가능,70% (위험자산),Y,높음,증권사·운용사교차검증,https://securities.koreainvestment.com/pension/nwEtcinfo/Notice.jsp?cmd=A_NW_33030View&num=47520,data/regulatory/sources/brokers/koreainvestment/ETF_REITs_LIST_RP_260831.xlsx,E4,3way,미래에셋자산운용 TIGER 공시 [KR7371450008 / TIGER 글로벌클라우드컴퓨팅INDXX / 퇴직연금 70%] & 한국투자증권 공시 [371450 / TIGER 글로벌클라우드컴퓨팅INDXX / 위험자산한도: 0.7],MOEL_WRBA_RULE_ART10_1_2,근로자퇴직급여 보장법 시행규칙 제10조 제1항 제2호 (위험자산의 범위 및 운용기준 (DC 및 IRP 위험자산 투자한도 70%)),ED_WRBA_ART26_1_2,공식 출처 대조 (증권사·운용사교차검증),미래에셋자산운용 TIGER 공시 [KR7371450008 / 퇴직연금 70%] 및 한국투자증권 공시 [단축코드: 371450 / 위험자산한도: 0.7] 100% 교차 일치,2026-09-06,PASS (공식 검증 완료)
371460,KR7371460007,TIGER 차이나전기차SOLACTIVE,미래에셋자산운용,주식-해외,가능,70% (위험자산),Y,높음,증권사·운용사교차검증,https://securities.koreainvestment.com/pension/nwEtcinfo/Notice.jsp?cmd=A_NW_33030View&num=47520,data/regulatory/sources/brokers/koreainvestment/ETF_REITs_LIST_RP_260831.xlsx,E4,3way,미래에셋자산운용 TIGER 공시 [KR7371460007 / TIGER 차이나전기차 SOLACTIVE / 퇴직연금 70%] & 한국투자증권 공시 [371460 / TIGER 차이나전기차SOLACTIVE / 위험자산한도: 0.7],MOEL_WRBA_RULE_ART10_1_2,근로자퇴직급여 보장법 시행규칙 제10조 제1항 제2호 (위험자산의 범위 및 운용기준 (DC 및 IRP 위험자산 투자한도 70%)),ED_WRBA_ART26_1_2,공식 출처 대조 (증권사·운용사교차검증),미래에셋자산운용 TIGER 공시 [KR7371460007 / 퇴직연금 70%] 및 한국투자증권 공시 [단축코드: 371460 / 위험자산한도: 0.7] 100% 교차 일치,2026-09-06,PASS (공식 검증 완료)
371470,KR7371470006,TIGER 차이나바이오테크SOLACTIVE,미래에셋자산운용,주식-해외,가능,70% (위험자산),Y,높음,증권사·운용사교차검증,https://securities.koreainvestment.com/pension/nwEtcinfo/Notice.jsp?cmd=A_NW_33030View&num=47520,data/regulatory/sources/brokers/koreainvestment/ETF_REITs_LIST_RP_260831.xlsx,E4,3way,미래에셋자산운용 TIGER 공시 [KR7371470006 / TIGER 차이나바이오테크 SOLACTIVE / 퇴직연금 70%] & 한국투자증권 공시 [371470 / TIGER 차이나바이오테크SOLACTIVE / 위험자산한도: 0.7],MOEL_WRBA_RULE_ART10_1_2,근로자퇴직급여 보장법 시행규칙 제10조 제1항 제2호 (위험자산의 범위 및 운용기준 (DC 및 IRP 위험자산 투자한도 70%)),ED_WRBA_ART26_1_2,공식 출처 대조 (증권사·운용사교차검증),미래에셋자산운용 TIGER 공시 [KR7371470006 / 퇴직연금 70%] 및 한국투자증권 공시 [단축코드: 371470 / 위험자산한도: 0.7] 100% 교차 일치,2026-09-06,PASS (공식 검증 완료)
371870,KR7371870007,ACE 차이나항셍테크,한국투자신탁운용,주식-해외,가능,70% (위험자산),Y,높음,증권사·운용사교차검증,https://dis.kofia.or.kr/websquare/index.jsp?w2xPath=/wq/fundann/DISFundFeeCMS.xml&divisionId=MDIS01005001000000&serviceId=SDIS01005001000,data/regulatory/sources/kofia_evidence_extract_20260905.xml,E3,3way,한국투자ACE차이나항셍테크증권상장지수투자신탁(주식) / 펀드유형: 주식형 / 표준코드: K55101DC5406 / 기준일: 20201211,MOEL_WRBA_RULE_ART10_1_2,근로자퇴직급여 보장법 시행규칙 제10조 제1항 제2호 (위험자산의 범위 및 운용기준 (DC 및 IRP 위험자산 투자한도 70%)),ED_WRBA_ART26_1_2,공식 출처 대조 (증권사·운용사교차검증),KOFIA 펀드유형: 주식형 (근로자퇴직급여 보장법 시행규칙 제10조 제1항 제2호: 주식형 집합투자증권 위험자산 70% 한도),2026-09-05,PASS (공식 검증 완료)
372330,KR7372330001,KODEX 차이나항셍테크,삼성자산운용,주식-해외,가능,70% (위험자산),Y,높음,증권사·운용사교차검증,https://dis.kofia.or.kr/websquare/index.jsp?w2xPath=/wq/fundann/DISFundFeeCMS.xml&divisionId=MDIS01005001000000&serviceId=SDIS01005001000,data/regulatory/sources/kofia_evidence_extract_20260905.xml,E3,3way,삼성KODEX차이나항셍테크증권상장지수투자신탁[주식] / 펀드유형: 주식형 / 표준코드: K55105DB9181 / 기준일: 20201214,MOEL_WRBA_RULE_ART10_1_2,근로자퇴직급여 보장법 시행규칙 제10조 제1항 제2호 (위험자산의 범위 및 운용기준 (DC 및 IRP 위험자산 투자한도 70%)),ED_WRBA_ART26_1_2,공식 출처 대조 (증권사·운용사교차검증),KOFIA 펀드유형: 주식형 (근로자퇴직급여 보장법 시행규칙 제10조 제1항 제2호: 주식형 집합투자증권 위험자산 70% 한도),2026-09-05,PASS (공식 검증 완료)
373490,KR7373490002,KODEX 코리아혁신성장액티브,삼성자산운용,주식-국내,가능,70% (위험자산),Y,높음,증권사·운용사교차검증,https://dis.kofia.or.kr/websquare/index.jsp?w2xPath=/wq/fundann/DISFundFeeCMS.xml&divisionId=MDIS01005001000000&serviceId=SDIS01005001000,data/regulatory/sources/kofia_evidence_extract_20260905.xml,E3,3way,삼성KODEX코리아혁신성장액티브증권상장지수투자신탁[주식] / 펀드유형: 주식형 / 표준코드: K55105DC4892 / 기준일: 20201223,MOEL_WRBA_RULE_ART10_1_2,근로자퇴직급여 보장법 시행규칙 제10조 제1항 제2호 (위험자산의 범위 및 운용기준 (DC 및 IRP 위험자산 투자한도 70%)),ED_WRBA_ART26_1_2,공식 출처 대조 (증권사·운용사교차검증),KOFIA 펀드유형: 주식형 (근로자퇴직급여 보장법 시행규칙 제10조 제1항 제2호: 주식형 집합투자증권 위험자산 70% 한도),2026-09-05,PASS (공식 검증 완료)
373790,KR7373790005,KIWOOM 미국방어배당성장나스닥,키움투자자산운용,주식-해외,가능,70% (위험자산),Y,높음,협회공시대조,https://dis.kofia.or.kr/websquare/index.jsp?w2xPath=/wq/fundann/DISFundFeeCMS.xml&divisionId=MDIS01005001000000&serviceId=SDIS01005001000,data/regulatory/sources/kofia_evidence_extract_20260905.xml,E3,1way,키움KIWOOM미국방어배당성장나스닥증권상장지수투자신탁[주식] / 펀드유형: 주식형 / 표준코드: K55206DC2985 / 기준일: 20201223,MOEL_WRBA_RULE_ART10_1_2,근로자퇴직급여 보장법 시행규칙 제10조 제1항 제2호 (위험자산의 범위 및 운용기준 (DC 및 IRP 위험자산 투자한도 70%)),ED_WRBA_ART26_1_2,금융투자협회 전자공시서비스(DIS) 표준 펀드유형 '주식형' XML 전수 대조 (시행규칙 제10조제1항제2호 한도 70%),KOFIA 펀드유형: 주식형 (근로자퇴직급여 보장법 시행규칙 제10조 제1항 제2호: 주식형 집합투자증권 위험자산 70% 한도),2026-09-05,PASS (공식 검증 완료)
375270,KR7375270006,RISE 글로벌데이터센터리츠(합성),KB자산운용,리츠·인프라,가능,70% (위험자산),Y,높음,증권사·운용사교차검증,https://securities.koreainvestment.com/pension/nwEtcinfo/Notice.jsp?cmd=A_NW_33030View&num=47520,data/regulatory/sources/brokers/koreainvestment/ETF_REITs_LIST_RP_260831.xlsx,E4,3way,한국투자증권 퇴직연금 ETF 상품 현황(2026-08-31 기준) / RISE 글로벌데이터센터리츠(합성) / 375270 / KB / 퇴직연금 투자한도 0.7,ED_FSCMA_ART240_4,자본시장과 금융투자업에 관한 법률 시행령 제240조 (집합투자기구의 종류별 최소투자비율 등 (부동산/리츠 집합투자기구)),PSR_ART11_2,공식 출처 대조 (증권사·운용사교차검증),한국투자증권 퇴직연금 ETF 상품 현황(2026-08-31 기준) 위험자산한도 0.7 대조 및 규제엔진 2자 합치 일치,2026-09-06,PASS (공식 검증 완료)
375760,KR7375760006,HANARO 탄소효율그린뉴딜,NH-Amundi자산운용,주식-해외,가능,70% (위험자산),Y,높음,협회공시대조,https://dis.kofia.or.kr/websquare/index.jsp?w2xPath=/wq/fundann/DISFundFeeCMS.xml&divisionId=MDIS01005001000000&serviceId=SDIS01005001000,data/regulatory/sources/kofia_evidence_extract_20260905.xml,E3,1way,NH-Amundi HANARO탄소효율그린뉴딜증권상장지수투자신탁[주식] / 펀드유형: 주식형 / 표준코드: K55232DE0613 / 기준일: 20210204,MOEL_WRBA_RULE_ART10_1_2,근로자퇴직급여 보장법 시행규칙 제10조 제1항 제2호 (위험자산의 범위 및 운용기준 (DC 및 IRP 위험자산 투자한도 70%)),ED_WRBA_ART26_1_2,금융투자협회 전자공시서비스(DIS) 표준 펀드유형 '주식형' XML 전수 대조 (시행규칙 제10조제1항제2호 한도 70%),KOFIA 펀드유형: 주식형 (근로자퇴직급여 보장법 시행규칙 제10조 제1항 제2호: 주식형 집합투자증권 위험자산 70% 한도),2026-09-05,PASS (공식 검증 완료)
375770,KR7375770005,KODEX 탄소효율그린뉴딜,삼성자산운용,주식-해외,가능,70% (위험자산),Y,높음,증권사·운용사교차검증,https://dis.kofia.or.kr/websquare/index.jsp?w2xPath=/wq/fundann/DISFundFeeCMS.xml&divisionId=MDIS01005001000000&serviceId=SDIS01005001000,data/regulatory/sources/kofia_evidence_extract_20260905.xml,E3,3way,삼성KODEX 탄소효율그린뉴딜증권상장지수투자신탁[주식] / 펀드유형: 주식형 / 표준코드: K55105DD7480 / 기준일: 20210204,MOEL_WRBA_RULE_ART10_1_2,근로자퇴직급여 보장법 시행규칙 제10조 제1항 제2호 (위험자산의 범위 및 운용기준 (DC 및 IRP 위험자산 투자한도 70%)),ED_WRBA_ART26_1_2,공식 출처 대조 (증권사·운용사교차검증),KOFIA 펀드유형: 주식형 (근로자퇴직급여 보장법 시행규칙 제10조 제1항 제2호: 주식형 집합투자증권 위험자산 70% 한도),2026-09-05,PASS (공식 검증 완료)
376410,KR7376410007,TIGER 탄소효율그린뉴딜,미래에셋자산운용,주식-해외,가능,70% (위험자산),Y,높음,증권사·운용사교차검증,https://dis.kofia.or.kr/websquare/index.jsp?w2xPath=/wq/fundann/DISFundFeeCMS.xml&divisionId=MDIS01005001000000&serviceId=SDIS01005001000,data/regulatory/sources/kofia_evidence_extract_20260905.xml,E3,3way,미래에셋TIGER탄소효율그린뉴딜증권상장지수투자신탁(주식) / 펀드유형: 주식형 / 표준코드: K55301DE5626 / 기준일: 20210204,MOEL_WRBA_RULE_ART10_1_2,근로자퇴직급여 보장법 시행규칙 제10조 제1항 제2호 (위험자산의 범위 및 운용기준 (DC 및 IRP 위험자산 투자한도 70%)),ED_WRBA_ART26_1_2,공식 출처 대조 (증권사·운용사교차검증),KOFIA 펀드유형: 주식형 (근로자퇴직급여 보장법 시행규칙 제10조 제1항 제2호: 주식형 집합투자증권 위험자산 70% 한도),2026-09-05,PASS (공식 검증 완료)
377990,KR7377990007,TIGER Fn신재생에너지,미래에셋자산운용,주식-국내,가능,70% (위험자산),Y,높음,증권사·운용사교차검증,https://dis.kofia.or.kr/websquare/index.jsp?w2xPath=/wq/fundann/DISFundFeeCMS.xml&divisionId=MDIS01005001000000&serviceId=SDIS01005001000,data/regulatory/sources/kofia_evidence_extract_20260905.xml,E3,3way,미래에셋TIGERFn신재생에너지증권상장지수투자신탁(주식) / 펀드유형: 주식형 / 표준코드: K55301DE7374 / 기준일: 20210304,MOEL_WRBA_RULE_ART10_1_2,근로자퇴직급여 보장법 시행규칙 제10조 제1항 제2호 (위험자산의 범위 및 운용기준 (DC 및 IRP 위험자산 투자한도 70%)),ED_WRBA_ART26_1_2,공식 출처 대조 (증권사·운용사교차검증),KOFIA 펀드유형: 주식형 (근로자퇴직급여 보장법 시행규칙 제10조 제1항 제2호: 주식형 집합투자증권 위험자산 70% 한도),2026-09-05,PASS (공식 검증 완료)
379780,KR7379780000,RISE 미국S&P500,KB자산운용,주식-해외,가능,70% (위험자산),Y,높음,증권사·운용사교차검증,https://dis.kofia.or.kr/websquare/index.jsp?w2xPath=/wq/fundann/DISFundFeeCMS.xml&divisionId=MDIS01005001000000&serviceId=SDIS01005001000,data/regulatory/sources/kofia_evidence_extract_20260905.xml,E3,3way,KBRISE미국S&amp;P500증권상장지수투자신탁(주식) / 펀드유형: 주식형 / 표준코드: K55223DG4176 / 기준일: 20210407,MOEL_WRBA_RULE_ART10_1_2,근로자퇴직급여 보장법 시행규칙 제10조 제1항 제2호 (위험자산의 범위 및 운용기준 (DC 및 IRP 위험자산 투자한도 70%)),ED_WRBA_ART26_1_2,공식 출처 대조 (증권사·운용사교차검증),KOFIA 펀드유형: 주식형 (근로자퇴직급여 보장법 시행규칙 제10조 제1항 제2호: 주식형 집합투자증권 위험자산 70% 한도),2026-09-05,PASS (공식 검증 완료)
379790,KR7379790009,RISE 유로스탁스50(H),KB자산운용,주식-해외,가능,70% (위험자산),Y,높음,증권사·운용사교차검증,https://dis.kofia.or.kr/websquare/index.jsp?w2xPath=/wq/fundann/DISFundFeeCMS.xml&divisionId=MDIS01005001000000&serviceId=SDIS01005001000,data/regulatory/sources/kofia_evidence_extract_20260905.xml,E3,3way,KBRISE유로스탁스50증권상장지수투자신탁(주식)(H) / 펀드유형: 주식형 / 표준코드: K55223DG4184 / 기준일: 20210407,MOEL_WRBA_RULE_ART10_1_2,근로자퇴직급여 보장법 시행규칙 제10조 제1항 제2호 (위험자산의 범위 및 운용기준 (DC 및 IRP 위험자산 투자한도 70%)),ED_WRBA_ART26_1_2,공식 출처 대조 (증권사·운용사교차검증),KOFIA 펀드유형: 주식형 (근로자퇴직급여 보장법 시행규칙 제10조 제1항 제2호: 주식형 집합투자증권 위험자산 70% 한도),2026-09-05,PASS (공식 검증 완료)
379800,KR7379800006,KODEX 미국S&P500,삼성자산운용,주식-해외,가능,70% (위험자산),Y,높음,증권사·운용사교차검증,https://dis.kofia.or.kr/websquare/index.jsp?w2xPath=/wq/fundann/DISFundFeeCMS.xml&divisionId=MDIS01005001000000&serviceId=SDIS01005001000,data/regulatory/sources/kofia_evidence_extract_20260905.xml,E3,3way,삼성KODEX미국S&amp;P500증권상장지수투자신탁[주식] / 펀드유형: 주식형 / 표준코드: K55105DF7322 / 기준일: 20210407,MOEL_WRBA_RULE_ART10_1_2,근로자퇴직급여 보장법 시행규칙 제10조 제1항 제2호 (위험자산의 범위 및 운용기준 (DC 및 IRP 위험자산 투자한도 70%)),ED_WRBA_ART26_1_2,공식 출처 대조 (증권사·운용사교차검증),KOFIA 펀드유형: 주식형 (근로자퇴직급여 보장법 시행규칙 제10조 제1항 제2호: 주식형 집합투자증권 위험자산 70% 한도),2026-09-05,PASS (공식 검증 완료)
379810,KR7379810005,KODEX 미국나스닥100,삼성자산운용,주식-해외,가능,70% (위험자산),Y,높음,증권사·운용사교차검증,https://dis.kofia.or.kr/websquare/index.jsp?w2xPath=/wq/fundann/DISFundFeeCMS.xml&divisionId=MDIS01005001000000&serviceId=SDIS01005001000,data/regulatory/sources/kofia_evidence_extract_20260905.xml,E3,3way,삼성KODEX미국나스닥100증권상장지수투자신탁[주식] / 펀드유형: 주식형 / 표준코드: K55105DF7272 / 기준일: 20210407,MOEL_WRBA_RULE_ART10_1_2,근로자퇴직급여 보장법 시행규칙 제10조 제1항 제2호 (위험자산의 범위 및 운용기준 (DC 및 IRP 위험자산 투자한도 70%)),ED_WRBA_ART26_1_2,공식 출처 대조 (증권사·운용사교차검증),KOFIA 펀드유형: 주식형 (근로자퇴직급여 보장법 시행규칙 제10조 제1항 제2호: 주식형 집합투자증권 위험자산 70% 한도),2026-09-05,PASS (공식 검증 완료)
380340,KR7380340000,ACE 코리아AI테크핵심산업,한국투자신탁운용,주식-국내,가능,70% (위험자산),Y,높음,증권사·운용사교차검증,https://dis.kofia.or.kr/websquare/index.jsp?w2xPath=/wq/fundann/DISFundFeeCMS.xml&divisionId=MDIS01005001000000&serviceId=SDIS01005001000,data/regulatory/sources/kofia_evidence_extract_20260905.xml,E3,3way,한국투자ACE코리아AI테크핵심산업증권상장지수투자신탁(주식) / 펀드유형: 주식형 / 표준코드: K55101DH2341 / 기준일: 20210401,MOEL_WRBA_RULE_ART10_1_2,근로자퇴직급여 보장법 시행규칙 제10조 제1항 제2호 (위험자산의 범위 및 운용기준 (DC 및 IRP 위험자산 투자한도 70%)),ED_WRBA_ART26_1_2,공식 출처 대조 (증권사·운용사교차검증),KOFIA 펀드유형: 주식형 (근로자퇴직급여 보장법 시행규칙 제10조 제1항 제2호: 주식형 집합투자증권 위험자산 70% 한도),2026-09-05,PASS (공식 검증 완료)
381170,KR7381170000,TIGER 미국테크TOP10 INDXX,미래에셋자산운용,주식-해외,가능,70% (위험자산),Y,높음,증권사·운용사교차검증,https://dis.kofia.or.kr/websquare/index.jsp?w2xPath=/wq/fundann/DISFundFeeCMS.xml&divisionId=MDIS01005001000000&serviceId=SDIS01005001000,data/regulatory/sources/kofia_evidence_extract_20260905.xml,E3,3way,미래에셋TIGER미국테크TOP10INDXX증권상장지수투자신탁(주식) / 펀드유형: 주식형 / 표준코드: K55301DG0369 / 기준일: 20210408,MOEL_WRBA_RULE_ART10_1_2,근로자퇴직급여 보장법 시행규칙 제10조 제1항 제2호 (위험자산의 범위 및 운용기준 (DC 및 IRP 위험자산 투자한도 70%)),ED_WRBA_ART26_1_2,공식 출처 대조 (증권사·운용사교차검증),KOFIA 펀드유형: 주식형 (근로자퇴직급여 보장법 시행규칙 제10조 제1항 제2호: 주식형 집합투자증권 위험자산 70% 한도),2026-09-05,PASS (공식 검증 완료)
381180,KR7381180009,TIGER 미국필라델피아반도체나스닥,미래에셋자산운용,주식-해외,가능,70% (위험자산),Y,높음,증권사·운용사교차검증,https://dis.kofia.or.kr/websquare/index.jsp?w2xPath=/wq/fundann/DISFundFeeCMS.xml&divisionId=MDIS01005001000000&serviceId=SDIS01005001000,data/regulatory/sources/kofia_evidence_extract_20260905.xml,E3,3way,미래에셋TIGER미국필라델피아반도체나스닥증권상장지수투자신탁(주식) / 펀드유형: 주식형 / 표준코드: K55301DF8777 / 기준일: 20210408,MOEL_WRBA_RULE_ART10_1_2,근로자퇴직급여 보장법 시행규칙 제10조 제1항 제2호 (위험자산의 범위 및 운용기준 (DC 및 IRP 위험자산 투자한도 70%)),ED_WRBA_ART26_1_2,공식 출처 대조 (증권사·운용사교차검증),KOFIA 펀드유형: 주식형 (근로자퇴직급여 보장법 시행규칙 제10조 제1항 제2호: 주식형 집합투자증권 위험자산 70% 한도),2026-09-05,PASS (공식 검증 완료)
381560,KR7381560002,HANARO Fn전기&수소차,NH-Amundi자산운용,주식-국내,가능,70% (위험자산),Y,높음,협회공시대조,https://dis.kofia.or.kr/websquare/index.jsp?w2xPath=/wq/fundann/DISFundFeeCMS.xml&divisionId=MDIS01005001000000&serviceId=SDIS01005001000,data/regulatory/sources/kofia_evidence_extract_20260905.xml,E3,1way,NH-AmundiHANAROFn전기&amp;수소차증권상장지수투자신탁(주식) / 펀드유형: 주식형 / 표준코드: K55232DH1816 / 기준일: 20210401,MOEL_WRBA_RULE_ART10_1_2,근로자퇴직급여 보장법 시행규칙 제10조 제1항 제2호 (위험자산의 범위 및 운용기준 (DC 및 IRP 위험자산 투자한도 70%)),ED_WRBA_ART26_1_2,금융투자협회 전자공시서비스(DIS) 표준 펀드유형 '주식형' XML 전수 대조 (시행규칙 제10조제1항제2호 한도 70%),KOFIA 펀드유형: 주식형 (근로자퇴직급여 보장법 시행규칙 제10조 제1항 제2호: 주식형 집합투자증권 위험자산 70% 한도),2026-09-05,PASS (공식 검증 완료)
381570,KR7381570001,HANARO Fn친환경에너지,NH-Amundi자산운용,주식-국내,가능,70% (위험자산),Y,높음,협회공시대조,https://dis.kofia.or.kr/websquare/index.jsp?w2xPath=/wq/fundann/DISFundFeeCMS.xml&divisionId=MDIS01005001000000&serviceId=SDIS01005001000,data/regulatory/sources/kofia_evidence_extract_20260905.xml,E3,1way,NH-AmundiHANAROFn친환경에너지증권상장지수투자신탁(주식) / 펀드유형: 주식형 / 표준코드: K55232DH1824 / 기준일: 20210401,MOEL_WRBA_RULE_ART10_1_2,근로자퇴직급여 보장법 시행규칙 제10조 제1항 제2호 (위험자산의 범위 및 운용기준 (DC 및 IRP 위험자산 투자한도 70%)),ED_WRBA_ART26_1_2,금융투자협회 전자공시서비스(DIS) 표준 펀드유형 '주식형' XML 전수 대조 (시행규칙 제10조제1항제2호 한도 70%),KOFIA 펀드유형: 주식형 (근로자퇴직급여 보장법 시행규칙 제10조 제1항 제2호: 주식형 집합투자증권 위험자산 70% 한도),2026-09-05,PASS (공식 검증 완료)
385510,KR7385510003,KODEX 신재생에너지액티브,삼성자산운용,주식-국내,가능,70% (위험자산),Y,높음,증권사·운용사교차검증,https://dis.kofia.or.kr/websquare/index.jsp?w2xPath=/wq/fundann/DISFundFeeCMS.xml&divisionId=MDIS01005001000000&serviceId=SDIS01005001000,data/regulatory/sources/kofia_evidence_extract_20260905.xml,E3,3way,삼성KODEX신재생에너지액티브증권상장지수투자신탁[주식] / 펀드유형: 주식형 / 표준코드: K55105DH2776 / 기준일: 20210524,MOEL_WRBA_RULE_ART10_1_2,근로자퇴직급여 보장법 시행규칙 제10조 제1항 제2호 (위험자산의 범위 및 운용기준 (DC 및 IRP 위험자산 투자한도 70%)),ED_WRBA_ART26_1_2,공식 출처 대조 (증권사·운용사교차검증),KOFIA 펀드유형: 주식형 (근로자퇴직급여 보장법 시행규칙 제10조 제1항 제2호: 주식형 집합투자증권 위험자산 70% 한도),2026-09-05,PASS (공식 검증 완료)
385520,KR7385520002,KODEX 자율주행액티브,삼성자산운용,주식-국내,가능,70% (위험자산),Y,높음,증권사·운용사교차검증,https://dis.kofia.or.kr/websquare/index.jsp?w2xPath=/wq/fundann/DISFundFeeCMS.xml&divisionId=MDIS01005001000000&serviceId=SDIS01005001000,data/regulatory/sources/kofia_evidence_extract_20260905.xml,E3,3way,삼성KODEX자율주행액티브증권상장지수투자신탁[주식] / 펀드유형: 주식형 / 표준코드: K55105DH2784 / 기준일: 20210524,MOEL_WRBA_RULE_ART10_1_2,근로자퇴직급여 보장법 시행규칙 제10조 제1항 제2호 (위험자산의 범위 및 운용기준 (DC 및 IRP 위험자산 투자한도 70%)),ED_WRBA_ART26_1_2,공식 출처 대조 (증권사·운용사교차검증),KOFIA 펀드유형: 주식형 (근로자퇴직급여 보장법 시행규칙 제10조 제1항 제2호: 주식형 집합투자증권 위험자산 70% 한도),2026-09-05,PASS (공식 검증 완료)
385540,KR7385540000,RISE 종합채권(A-이상)액티브,KB자산운용,채권,가능,100% (안전자산),Y,높음,협회공시대조,https://dis.kofia.or.kr/websquare/index.jsp?w2xPath=/wq/fundann/DISFundFeeCMS.xml&divisionId=MDIS01005001000000&serviceId=SDIS01005001000,data/regulatory/sources/kofia_evidence_extract_20260905.xml,E3,1way,KBRISE종합채권(A-이상)액티브증권상장지수투자신탁(채권) / 펀드유형: 채권형 / 표준코드: K55223DJ2177 / 기준일: 20210524,PSR_ART11_1_4,퇴직연금감독규정 제11조 제1항 제4호 (적립금 운용방법 등 (원리금보장 및 채권형 등 100% 안전자산)),,금융투자협회 전자공시서비스(DIS) 표준 펀드유형 '채권형' XML 전수 대조,KOFIA 펀드유형: 채권형 (퇴직연금감독규정 제11조 제1항 제4호: 원리금보장 및 채권형 안전자산 (100% 편입 가능)),2026-09-05,PASS (공식 검증 완료)
385550,KR7385550009,RISE 단기채권알파액티브,KB자산운용,채권,가능,100% (안전자산),Y,높음,협회공시대조,https://dis.kofia.or.kr/websquare/index.jsp?w2xPath=/wq/fundann/DISFundFeeCMS.xml&divisionId=MDIS01005001000000&serviceId=SDIS01005001000,data/regulatory/sources/kofia_evidence_extract_20260905.xml,E3,1way,KBRISE단기채권알파액티브증권상장지수투자신탁(채권) / 펀드유형: 채권형 / 표준코드: K55223DJ2169 / 기준일: 20210524,PSR_ART11_1_4,퇴직연금감독규정 제11조 제1항 제4호 (적립금 운용방법 등 (원리금보장 및 채권형 등 100% 안전자산)),,금융투자협회 전자공시서비스(DIS) 표준 펀드유형 '채권형' XML 전수 대조,KOFIA 펀드유형: 채권형 (퇴직연금감독규정 제11조 제1항 제4호: 원리금보장 및 채권형 안전자산 (100% 편입 가능)),2026-09-05,PASS (공식 검증 완료)
385560,KR7385560008,RISE KIS국고채30년Enhanced,KB자산운용,채권,가능,100% (안전자산),Y,높음,협회공시대조,https://dis.kofia.or.kr/websquare/index.jsp?w2xPath=/wq/fundann/DISFundFeeCMS.xml&divisionId=MDIS01005001000000&serviceId=SDIS01005001000,data/regulatory/sources/kofia_evidence_extract_20260905.xml,E3,1way,KBRISEKIS국고채30년Enhanced증권상장지수투자신탁(채권) / 펀드유형: 채권형 / 표준코드: K55223DJ2151 / 기준일: 20210524,PSR_ART11_1_4,퇴직연금감독규정 제11조 제1항 제4호 (적립금 운용방법 등 (원리금보장 및 채권형 등 100% 안전자산)),,금융투자협회 전자공시서비스(DIS) 표준 펀드유형 '채권형' XML 전수 대조,KOFIA 펀드유형: 채권형 (퇴직연금감독규정 제11조 제1항 제4호: 원리금보장 및 채권형 안전자산 (100% 편입 가능)),2026-09-05,PASS (공식 검증 완료)
385590,KR7385590005,ACE ESG액티브,한국투자신탁운용,주식-국내,가능,70% (위험자산),Y,높음,증권사·운용사교차검증,https://dis.kofia.or.kr/websquare/index.jsp?w2xPath=/wq/fundann/DISFundFeeCMS.xml&divisionId=MDIS01005001000000&serviceId=SDIS01005001000,data/regulatory/sources/kofia_evidence_extract_20260905.xml,E3,3way,한국투자ACEESG액티브증권상장지수투자신탁(주식) / 펀드유형: 주식형 / 표준코드: K55101DI3603 / 기준일: 20210524,MOEL_WRBA_RULE_ART10_1_2,근로자퇴직급여 보장법 시행규칙 제10조 제1항 제2호 (위험자산의 범위 및 운용기준 (DC 및 IRP 위험자산 투자한도 70%)),ED_WRBA_ART26_1_2,공식 출처 대조 (증권사·운용사교차검증),KOFIA 펀드유형: 주식형 (근로자퇴직급여 보장법 시행규칙 제10조 제1항 제2호: 주식형 집합투자증권 위험자산 70% 한도),2026-09-05,PASS (공식 검증 완료)
385600,KR7385600002,ACE 2차전지&친환경차액티브,한국투자신탁운용,주식-국내,가능,70% (위험자산),Y,높음,증권사·운용사교차검증,https://dis.kofia.or.kr/websquare/index.jsp?w2xPath=/wq/fundann/DISFundFeeCMS.xml&divisionId=MDIS01005001000000&serviceId=SDIS01005001000,data/regulatory/sources/kofia_evidence_extract_20260905.xml,E3,3way,한국투자ACE2차전지&amp;친환경차액티브증권상장지수투자신탁(주식) / 펀드유형: 주식형 / 표준코드: K55101DH7878 / 기준일: 20210524,MOEL_WRBA_RULE_ART10_1_2,근로자퇴직급여 보장법 시행규칙 제10조 제1항 제2호 (위험자산의 범위 및 운용기준 (DC 및 IRP 위험자산 투자한도 70%)),ED_WRBA_ART26_1_2,공식 출처 대조 (증권사·운용사교차검증),KOFIA 펀드유형: 주식형 (근로자퇴직급여 보장법 시행규칙 제10조 제1항 제2호: 주식형 집합투자증권 위험자산 70% 한도),2026-09-05,PASS (공식 검증 완료)
385710,KR7385710009,TIME K이노베이션액티브,타임폴리오자산운용,주식-국내,가능,70% (위험자산),Y,높음,협회공시대조,https://dis.kofia.or.kr/websquare/index.jsp?w2xPath=/wq/fundann/DISFundFeeCMS.xml&divisionId=MDIS01005001000000&serviceId=SDIS01005001000,data/regulatory/sources/kofia_evidence_extract_20260905.xml,E3,1way,타임폴리오TIMEK이노베이션액티브증권상장지수투자신탁[주식] / 펀드유형: 주식형 / 표준코드: K553J1DJ0288 / 기준일: 20210524,MOEL_WRBA_RULE_ART10_1_2,근로자퇴직급여 보장법 시행규칙 제10조 제1항 제2호 (위험자산의 범위 및 운용기준 (DC 및 IRP 위험자산 투자한도 70%)),ED_WRBA_ART26_1_2,금융투자협회 전자공시서비스(DIS) 표준 펀드유형 '주식형' XML 전수 대조 (시행규칙 제10조제1항제2호 한도 70%),KOFIA 펀드유형: 주식형 (근로자퇴직급여 보장법 시행규칙 제10조 제1항 제2호: 주식형 집합투자증권 위험자산 70% 한도),2026-09-05,PASS (공식 검증 완료)
385720,KR7385720008,TIME 코스피액티브,타임폴리오자산운용,주식-국내,가능,70% (위험자산),Y,높음,협회공시대조,https://dis.kofia.or.kr/websquare/index.jsp?w2xPath=/wq/fundann/DISFundFeeCMS.xml&divisionId=MDIS01005001000000&serviceId=SDIS01005001000,data/regulatory/sources/kofia_evidence_extract_20260905.xml,E3,1way,타임폴리오TIME코스피액티브증권상장지수투자신탁(주식) / 펀드유형: 주식형 / 표준코드: K553J1DJ0270 / 기준일: 20210524,MOEL_WRBA_RULE_ART10_1_2,근로자퇴직급여 보장법 시행규칙 제10조 제1항 제2호 (위험자산의 범위 및 운용기준 (DC 및 IRP 위험자산 투자한도 70%)),ED_WRBA_ART26_1_2,금융투자협회 전자공시서비스(DIS) 표준 펀드유형 '주식형' XML 전수 대조 (시행규칙 제10조제1항제2호 한도 70%),KOFIA 펀드유형: 주식형 (근로자퇴직급여 보장법 시행규칙 제10조 제1항 제2호: 주식형 집합투자증권 위험자산 70% 한도),2026-09-05,PASS (공식 검증 완료)
387270,KR7387270002,TIGER 글로벌이노베이션액티브,미래에셋자산운용,주식-해외,가능,70% (위험자산),Y,높음,증권사·운용사교차검증,https://securities.koreainvestment.com/pension/nwEtcinfo/Notice.jsp?cmd=A_NW_33030View&num=47520,data/regulatory/sources/brokers/koreainvestment/ETF_REITs_LIST_RP_260831.xlsx,E4,3way,미래에셋자산운용 TIGER 공시 [KR7387270002 / TIGER 글로벌이노베이션액티브 / 퇴직연금 70%] & 한국투자증권 공시 [387270 / TIGER 글로벌이노베이션액티브 / 위험자산한도: 0.7],MOEL_WRBA_RULE_ART10_1_2,근로자퇴직급여 보장법 시행규칙 제10조 제1항 제2호 (위험자산의 범위 및 운용기준 (DC 및 IRP 위험자산 투자한도 70%)),ED_WRBA_ART26_1_2,공식 출처 대조 (증권사·운용사교차검증),미래에셋자산운용 TIGER 공시 [KR7387270002 / 퇴직연금 70%] 및 한국투자증권 공시 [단축코드: 387270 / 위험자산한도: 0.7] 100% 교차 일치,2026-09-06,PASS (공식 검증 완료)
387280,KR7387280001,TIGER 퓨처모빌리티액티브,미래에셋자산운용,주식-국내,가능,70% (위험자산),Y,높음,증권사·운용사교차검증,https://dis.kofia.or.kr/websquare/index.jsp?w2xPath=/wq/fundann/DISFundFeeCMS.xml&divisionId=MDIS01005001000000&serviceId=SDIS01005001000,data/regulatory/sources/kofia_evidence_extract_20260905.xml,E3,3way,미래에셋TIGER퓨처모빌리티액티브증권상장지수투자신탁(주식) / 펀드유형: 주식형 / 표준코드: K55301DH5144 / 기준일: 20210521,MOEL_WRBA_RULE_ART10_1_2,근로자퇴직급여 보장법 시행규칙 제10조 제1항 제2호 (위험자산의 범위 및 운용기준 (DC 및 IRP 위험자산 투자한도 70%)),ED_WRBA_ART26_1_2,공식 출처 대조 (증권사·운용사교차검증),KOFIA 펀드유형: 주식형 (근로자퇴직급여 보장법 시행규칙 제10조 제1항 제2호: 주식형 집합투자증권 위험자산 70% 한도),2026-09-05,PASS (공식 검증 완료)
388280,KR7388280000,RISE K엔터&여행레저,KB자산운용,주식-국내,가능,70% (위험자산),Y,높음,증권사·운용사교차검증,https://dis.kofia.or.kr/websquare/index.jsp?w2xPath=/wq/fundann/DISFundFeeCMS.xml&divisionId=MDIS01005001000000&serviceId=SDIS01005001000,data/regulatory/sources/kofia_evidence_extract_20260905.xml,E3,3way,KBRISEK엔터&amp;여행레저증권상장지수투자신탁(주식) / 펀드유형: 주식형 / 표준코드: K55223DJ8893 / 기준일: 20210609,MOEL_WRBA_RULE_ART10_1_2,근로자퇴직급여 보장법 시행규칙 제10조 제1항 제2호 (위험자산의 범위 및 운용기준 (DC 및 IRP 위험자산 투자한도 70%)),ED_WRBA_ART26_1_2,공식 출처 대조 (증권사·운용사교차검증),KOFIA 펀드유형: 주식형 (근로자퇴직급여 보장법 시행규칙 제10조 제1항 제2호: 주식형 집합투자증권 위험자산 70% 한도),2026-09-05,PASS (공식 검증 완료)
388420,KR7388420002,RISE 비메모리반도체액티브,KB자산운용,주식-국내,가능,70% (위험자산),Y,높음,증권사·운용사교차검증,https://dis.kofia.or.kr/websquare/index.jsp?w2xPath=/wq/fundann/DISFundFeeCMS.xml&divisionId=MDIS01005001000000&serviceId=SDIS01005001000,data/regulatory/sources/kofia_evidence_extract_20260905.xml,E3,3way,KBRISE비메모리반도체액티브증권상장지수투자신탁(주식) / 펀드유형: 주식형 / 표준코드: K55223DJ8901 / 기준일: 20210609,MOEL_WRBA_RULE_ART10_1_2,근로자퇴직급여 보장법 시행규칙 제10조 제1항 제2호 (위험자산의 범위 및 운용기준 (DC 및 IRP 위험자산 투자한도 70%)),ED_WRBA_ART26_1_2,공식 출처 대조 (증권사·운용사교차검증),KOFIA 펀드유형: 주식형 (근로자퇴직급여 보장법 시행규칙 제10조 제1항 제2호: 주식형 집합투자증권 위험자산 70% 한도),2026-09-05,PASS (공식 검증 완료)
390390,KR7390390003,KODEX 미국반도체,삼성자산운용,주식-해외,가능,70% (위험자산),Y,높음,증권사·운용사교차검증,https://dis.kofia.or.kr/websquare/index.jsp?w2xPath=/wq/fundann/DISFundFeeCMS.xml&divisionId=MDIS01005001000000&serviceId=SDIS01005001000,data/regulatory/sources/kofia_evidence_extract_20260905.xml,E3,3way,삼성KODEX 미국반도체증권상장지수투자신탁[주식] / 펀드유형: 주식형 / 표준코드: K55105DJ0265 / 기준일: 20210628,MOEL_WRBA_RULE_ART10_1_2,근로자퇴직급여 보장법 시행규칙 제10조 제1항 제2호 (위험자산의 범위 및 운용기준 (DC 및 IRP 위험자산 투자한도 70%)),ED_WRBA_ART26_1_2,공식 출처 대조 (증권사·운용사교차검증),KOFIA 펀드유형: 주식형 (근로자퇴직급여 보장법 시행규칙 제10조 제1항 제2호: 주식형 집합투자증권 위험자산 70% 한도),2026-09-05,PASS (공식 검증 완료)
390400,KR7390400000,KODEX 미국스마트모빌리티S&P,삼성자산운용,주식-해외,가능,70% (위험자산),Y,높음,증권사·운용사교차검증,https://dis.kofia.or.kr/websquare/index.jsp?w2xPath=/wq/fundann/DISFundFeeCMS.xml&divisionId=MDIS01005001000000&serviceId=SDIS01005001000,data/regulatory/sources/kofia_evidence_extract_20260905.xml,E3,3way,삼성KODEX미국스마트모빌리티S&amp;P증권상장지수투자신탁[주식] / 펀드유형: 주식형 / 표준코드: K55105DJ2279 / 기준일: 20210628,MOEL_WRBA_RULE_ART10_1_2,근로자퇴직급여 보장법 시행규칙 제10조 제1항 제2호 (위험자산의 범위 및 운용기준 (DC 및 IRP 위험자산 투자한도 70%)),ED_WRBA_ART26_1_2,공식 출처 대조 (증권사·운용사교차검증),KOFIA 펀드유형: 주식형 (근로자퇴직급여 보장법 시행규칙 제10조 제1항 제2호: 주식형 집합투자증권 위험자산 70% 한도),2026-09-05,PASS (공식 검증 완료)
391600,KR7391600004,ACE 미국친환경그린테마,한국투자신탁운용,주식-해외,가능,70% (위험자산),Y,높음,증권사·운용사교차검증,https://dis.kofia.or.kr/websquare/index.jsp?w2xPath=/wq/fundann/DISFundFeeCMS.xml&divisionId=MDIS01005001000000&serviceId=SDIS01005001000,data/regulatory/sources/kofia_evidence_extract_20260905.xml,E3,3way,한국투자ACE미국친환경그린테마증권상장지수투자신탁(주식) / 펀드유형: 주식형 / 표준코드: K55101DK6651 / 기준일: 20210730,MOEL_WRBA_RULE_ART10_1_2,근로자퇴직급여 보장법 시행규칙 제10조 제1항 제2호 (위험자산의 범위 및 운용기준 (DC 및 IRP 위험자산 투자한도 70%)),ED_WRBA_ART26_1_2,공식 출처 대조 (증권사·운용사교차검증),KOFIA 펀드유형: 주식형 (근로자퇴직급여 보장법 시행규칙 제10조 제1항 제2호: 주식형 집합투자증권 위험자산 70% 한도),2026-09-05,PASS (공식 검증 완료)
391670,KR7391670007,HK 베스트일레븐액티브,기타,주식-국내,가능,70% (위험자산),Y,높음,협회공시대조,https://dis.kofia.or.kr/websquare/index.jsp?w2xPath=/wq/fundann/DISFundFeeCMS.xml&divisionId=MDIS01005001000000&serviceId=SDIS01005001000,data/regulatory/sources/kofia_evidence_extract_20260905.xml,E3,1way,흥국HK베스트일레븐액티브증권상장지수투자신탁[주식] / 펀드유형: 주식형 / 표준코드: K55224DK4104 / 기준일: 20210705,MOEL_WRBA_RULE_ART10_1_2,근로자퇴직급여 보장법 시행규칙 제10조 제1항 제2호 (위험자산의 범위 및 운용기준 (DC 및 IRP 위험자산 투자한도 70%)),ED_WRBA_ART26_1_2,금융투자협회 전자공시서비스(DIS) 표준 펀드유형 '주식형' XML 전수 대조 (시행규칙 제10조제1항제2호 한도 70%),KOFIA 펀드유형: 주식형 (근로자퇴직급여 보장법 시행규칙 제10조 제1항 제2호: 주식형 집합투자증권 위험자산 70% 한도),2026-09-05,PASS (공식 검증 완료)
394660,KR7394660005,TIGER 글로벌자율주행&전기차SOLACTIVE,미래에셋자산운용,주식-해외,가능,70% (위험자산),Y,높음,증권사·운용사교차검증,https://securities.koreainvestment.com/pension/nwEtcinfo/Notice.jsp?cmd=A_NW_33030View&num=47520,data/regulatory/sources/brokers/koreainvestment/ETF_REITs_LIST_RP_260831.xlsx,E4,3way,미래에셋자산운용 TIGER 공시 [KR7394660005 / TIGER 글로벌자율주행&전기차 SOLACTIVE / 퇴직연금 70%] & 한국투자증권 공시 [394660 / TIGER 글로벌자율주행&전기차SOLACTIVE / 위험자산한도: 0.7],MOEL_WRBA_RULE_ART10_1_2,근로자퇴직급여 보장법 시행규칙 제10조 제1항 제2호 (위험자산의 범위 및 운용기준 (DC 및 IRP 위험자산 투자한도 70%)),ED_WRBA_ART26_1_2,공식 출처 대조 (증권사·운용사교차검증),미래에셋자산운용 TIGER 공시 [KR7394660005 / 퇴직연금 70%] 및 한국투자증권 공시 [단축코드: 394660 / 위험자산한도: 0.7] 100% 교차 일치,2026-09-06,PASS (공식 검증 완료)
394670,KR7394670004,TIGER 글로벌리튬&2차전지SOLACTIVE(합성),미래에셋자산운용,주식-해외,가능,70% (위험자산),Y,높음,증권사·운용사교차검증,https://securities.koreainvestment.com/pension/nwEtcinfo/Notice.jsp?cmd=A_NW_33030View&num=47520,data/regulatory/sources/brokers/koreainvestment/ETF_REITs_LIST_RP_260831.xlsx,E4,3way,미래에셋자산운용 TIGER 공시 [KR7394670004 /  / 퇴직연금 70%] & 한국투자증권 공시 [394670 / TIGER 글로벌리튬&2차전지SOLACTIVE(합성) / 위험자산한도: 0.7],MOEL_WRBA_RULE_ART10_1_2,근로자퇴직급여 보장법 시행규칙 제10조 제1항 제2호 (위험자산의 범위 및 운용기준 (DC 및 IRP 위험자산 투자한도 70%)),ED_WRBA_ART26_1_2,공식 출처 대조 (증권사·운용사교차검증),미래에셋자산운용 TIGER 공시 [KR7394670004 / 퇴직연금 70%] 및 한국투자증권 공시 [단축코드: 394670 / 위험자산한도: 0.7] 100% 교차 일치,2026-09-06,PASS (공식 검증 완료)
395150,KR7395150006,KODEX 웹툰&드라마,삼성자산운용,주식-국내,가능,70% (위험자산),Y,높음,증권사·운용사교차검증,https://dis.kofia.or.kr/websquare/index.jsp?w2xPath=/wq/fundann/DISFundFeeCMS.xml&divisionId=MDIS01005001000000&serviceId=SDIS01005001000,data/regulatory/sources/kofia_evidence_extract_20260905.xml,E3,3way,삼성KODEX웹툰&amp;드라마증권상장지수투자신탁[주식] / 펀드유형: 주식형 / 표준코드: K55105DI5380 / 기준일: 20210729,MOEL_WRBA_RULE_ART10_1_2,근로자퇴직급여 보장법 시행규칙 제10조 제1항 제2호 (위험자산의 범위 및 운용기준 (DC 및 IRP 위험자산 투자한도 70%)),ED_WRBA_ART26_1_2,공식 출처 대조 (증권사·운용사교차검증),KOFIA 펀드유형: 주식형 (근로자퇴직급여 보장법 시행규칙 제10조 제1항 제2호: 주식형 집합투자증권 위험자산 70% 한도),2026-09-05,PASS (공식 검증 완료)
395160,KR7395160005,KODEX AI반도체TOP2플러스,삼성자산운용,주식-국내,가능,70% (위험자산),Y,높음,증권사·운용사교차검증,https://dis.kofia.or.kr/websquare/index.jsp?w2xPath=/wq/fundann/DISFundFeeCMS.xml&divisionId=MDIS01005001000000&serviceId=SDIS01005001000,data/regulatory/sources/kofia_evidence_extract_20260905.xml,E3,3way,삼성KODEXAI반도체TOP2플러스증권상장지수투자신탁[주식] / 펀드유형: 주식형 / 표준코드: K55105DI5372 / 기준일: 20210729,MOEL_WRBA_RULE_ART10_1_2,근로자퇴직급여 보장법 시행규칙 제10조 제1항 제2호 (위험자산의 범위 및 운용기준 (DC 및 IRP 위험자산 투자한도 70%)),ED_WRBA_ART26_1_2,공식 출처 대조 (증권사·운용사교차검증),KOFIA 펀드유형: 주식형 (근로자퇴직급여 보장법 시행규칙 제10조 제1항 제2호: 주식형 집합투자증권 위험자산 70% 한도),2026-09-05,PASS (공식 검증 완료)
395170,KR7395170004,KODEX Top10동일가중,삼성자산운용,주식-국내,가능,70% (위험자산),Y,높음,증권사·운용사교차검증,https://dis.kofia.or.kr/websquare/index.jsp?w2xPath=/wq/fundann/DISFundFeeCMS.xml&divisionId=MDIS01005001000000&serviceId=SDIS01005001000,data/regulatory/sources/kofia_evidence_extract_20260905.xml,E3,3way,삼성KODEX Top10동일가중증권상장지수투자신탁[주식] / 펀드유형: 주식형 / 표준코드: K55105DK2011 / 기준일: 20210729,MOEL_WRBA_RULE_ART10_1_2,근로자퇴직급여 보장법 시행규칙 제10조 제1항 제2호 (위험자산의 범위 및 운용기준 (DC 및 IRP 위험자산 투자한도 70%)),ED_WRBA_ART26_1_2,공식 출처 대조 (증권사·운용사교차검증),KOFIA 펀드유형: 주식형 (근로자퇴직급여 보장법 시행규칙 제10조 제1항 제2호: 주식형 집합투자증권 위험자산 70% 한도),2026-09-05,PASS (공식 검증 완료)
395270,KR7395270002,HANARO Fn K-반도체,NH-Amundi자산운용,주식-국내,가능,70% (위험자산),Y,높음,협회공시대조,https://dis.kofia.or.kr/websquare/index.jsp?w2xPath=/wq/fundann/DISFundFeeCMS.xml&divisionId=MDIS01005001000000&serviceId=SDIS01005001000,data/regulatory/sources/kofia_evidence_extract_20260905.xml,E3,1way,NH-AmundiHANAROFnK-반도체증권상장지수투자신탁(주식) / 펀드유형: 주식형 / 표준코드: K55232DL2867 / 기준일: 20210729,MOEL_WRBA_RULE_ART10_1_2,근로자퇴직급여 보장법 시행규칙 제10조 제1항 제2호 (위험자산의 범위 및 운용기준 (DC 및 IRP 위험자산 투자한도 70%)),ED_WRBA_ART26_1_2,금융투자협회 전자공시서비스(DIS) 표준 펀드유형 '주식형' XML 전수 대조 (시행규칙 제10조제1항제2호 한도 70%),KOFIA 펀드유형: 주식형 (근로자퇴직급여 보장법 시행규칙 제10조 제1항 제2호: 주식형 집합투자증권 위험자산 70% 한도),2026-09-05,PASS (공식 검증 완료)
395280,KR7395280001,HANARO Fn K-게임,NH-Amundi자산운용,주식-국내,가능,70% (위험자산),Y,높음,협회공시대조,https://dis.kofia.or.kr/websquare/index.jsp?w2xPath=/wq/fundann/DISFundFeeCMS.xml&divisionId=MDIS01005001000000&serviceId=SDIS01005001000,data/regulatory/sources/kofia_evidence_extract_20260905.xml,E3,1way,NH-AmundiHANAROFnK-게임증권상장지수투자신탁(주식) / 펀드유형: 주식형 / 표준코드: K55232DL2875 / 기준일: 20210729,MOEL_WRBA_RULE_ART10_1_2,근로자퇴직급여 보장법 시행규칙 제10조 제1항 제2호 (위험자산의 범위 및 운용기준 (DC 및 IRP 위험자산 투자한도 70%)),ED_WRBA_ART26_1_2,금융투자협회 전자공시서비스(DIS) 표준 펀드유형 '주식형' XML 전수 대조 (시행규칙 제10조제1항제2호 한도 70%),KOFIA 펀드유형: 주식형 (근로자퇴직급여 보장법 시행규칙 제10조 제1항 제2호: 주식형 집합투자증권 위험자산 70% 한도),2026-09-05,PASS (공식 검증 완료)
395290,KR7395290000,HANARO Fn K-POP&미디어,NH-Amundi자산운용,주식-국내,가능,70% (위험자산),Y,높음,협회공시대조,https://dis.kofia.or.kr/websquare/index.jsp?w2xPath=/wq/fundann/DISFundFeeCMS.xml&divisionId=MDIS01005001000000&serviceId=SDIS01005001000,data/regulatory/sources/kofia_evidence_extract_20260905.xml,E3,1way,NH-AmundiHANAROFnK-POP&amp;미디어증권상장지수투자신탁(주식) / 펀드유형: 주식형 / 표준코드: K55232DL2883 / 기준일: 20210729,MOEL_WRBA_RULE_ART10_1_2,근로자퇴직급여 보장법 시행규칙 제10조 제1항 제2호 (위험자산의 범위 및 운용기준 (DC 및 IRP 위험자산 투자한도 70%)),ED_WRBA_ART26_1_2,금융투자협회 전자공시서비스(DIS) 표준 펀드유형 '주식형' XML 전수 대조 (시행규칙 제10조제1항제2호 한도 70%),KOFIA 펀드유형: 주식형 (근로자퇴직급여 보장법 시행규칙 제10조 제1항 제2호: 주식형 집합투자증권 위험자산 70% 한도),2026-09-05,PASS (공식 검증 완료)
395750,KR7395750003,PLUS ESG가치주액티브,한화자산운용,주식-국내,가능,70% (위험자산),Y,높음,증권사·운용사교차검증,https://dis.kofia.or.kr/websquare/index.jsp?w2xPath=/wq/fundann/DISFundFeeCMS.xml&divisionId=MDIS01005001000000&serviceId=SDIS01005001000,data/regulatory/sources/kofia_evidence_extract_20260905.xml,E3,3way,한화PLUSESG가치주액티브증권상장지수투자신탁(주식) / 펀드유형: 주식형 / 표준코드: K55213DK8967 / 기준일: 20210729,MOEL_WRBA_RULE_ART10_1_2,근로자퇴직급여 보장법 시행규칙 제10조 제1항 제2호 (위험자산의 범위 및 운용기준 (DC 및 IRP 위험자산 투자한도 70%)),ED_WRBA_ART26_1_2,공식 출처 대조 (증권사·운용사교차검증),KOFIA 펀드유형: 주식형 (근로자퇴직급여 보장법 시행규칙 제10조 제1항 제2호: 주식형 집합투자증권 위험자산 70% 한도),2026-09-05,PASS (공식 검증 완료)
395760,KR7395760002,PLUS ESG성장주액티브,한화자산운용,주식-국내,가능,70% (위험자산),Y,높음,증권사·운용사교차검증,https://dis.kofia.or.kr/websquare/index.jsp?w2xPath=/wq/fundann/DISFundFeeCMS.xml&divisionId=MDIS01005001000000&serviceId=SDIS01005001000,data/regulatory/sources/kofia_evidence_extract_20260905.xml,E3,3way,한화PLUSESG성장주액티브증권상장지수투자신탁(주식) / 펀드유형: 주식형 / 표준코드: K55213DK8959 / 기준일: 20210729,MOEL_WRBA_RULE_ART10_1_2,근로자퇴직급여 보장법 시행규칙 제10조 제1항 제2호 (위험자산의 범위 및 운용기준 (DC 및 IRP 위험자산 투자한도 70%)),ED_WRBA_ART26_1_2,공식 출처 대조 (증권사·운용사교차검증),KOFIA 펀드유형: 주식형 (근로자퇴직급여 보장법 시행규칙 제10조 제1항 제2호: 주식형 집합투자증권 위험자산 70% 한도),2026-09-05,PASS (공식 검증 완료)
396500,KR7396500001,TIGER 반도체TOP10,미래에셋자산운용,주식-국내,가능,70% (위험자산),Y,높음,증권사·운용사교차검증,https://dis.kofia.or.kr/websquare/index.jsp?w2xPath=/wq/fundann/DISFundFeeCMS.xml&divisionId=MDIS01005001000000&serviceId=SDIS01005001000,data/regulatory/sources/kofia_evidence_extract_20260905.xml,E3,3way,미래에셋TIGER반도체TOP10증권상장지수투자신탁(주식) / 펀드유형: 주식형 / 표준코드: K55301DL2400 / 기준일: 20210809,MOEL_WRBA_RULE_ART10_1_2,근로자퇴직급여 보장법 시행규칙 제10조 제1항 제2호 (위험자산의 범위 및 운용기준 (DC 및 IRP 위험자산 투자한도 70%)),ED_WRBA_ART26_1_2,공식 출처 대조 (증권사·운용사교차검증),KOFIA 펀드유형: 주식형 (근로자퇴직급여 보장법 시행규칙 제10조 제1항 제2호: 주식형 집합투자증권 위험자산 70% 한도),2026-09-05,PASS (공식 검증 완료)
396510,KR7396510000,TIGER 차이나클린에너지SOLACTIVE,미래에셋자산운용,주식-해외,가능,70% (위험자산),Y,높음,증권사·운용사교차검증,https://securities.koreainvestment.com/pension/nwEtcinfo/Notice.jsp?cmd=A_NW_33030View&num=47520,data/regulatory/sources/brokers/koreainvestment/ETF_REITs_LIST_RP_260831.xlsx,E4,3way,미래에셋자산운용 TIGER 공시 [KR7396510000 / TIGER 차이나클린에너지SOLACTIVE / 퇴직연금 70%] & 한국투자증권 공시 [396510 / TIGER 차이나클린에너지SOLACTIVE / 위험자산한도: 0.7],MOEL_WRBA_RULE_ART10_1_2,근로자퇴직급여 보장법 시행규칙 제10조 제1항 제2호 (위험자산의 범위 및 운용기준 (DC 및 IRP 위험자산 투자한도 70%)),ED_WRBA_ART26_1_2,공식 출처 대조 (증권사·운용사교차검증),미래에셋자산운용 TIGER 공시 [KR7396510000 / 퇴직연금 70%] 및 한국투자증권 공시 [단축코드: 396510 / 위험자산한도: 0.7] 100% 교차 일치,2026-09-06,PASS (공식 검증 완료)
396520,KR7396520009,TIGER 차이나반도체FACTSET,미래에셋자산운용,주식-해외,가능,70% (위험자산),Y,높음,증권사·운용사교차검증,https://securities.koreainvestment.com/pension/nwEtcinfo/Notice.jsp?cmd=A_NW_33030View&num=47520,data/regulatory/sources/brokers/koreainvestment/ETF_REITs_LIST_RP_260831.xlsx,E4,3way,미래에셋자산운용 TIGER 공시 [KR7396520009 / TIGER 차이나반도체FACTSET / 퇴직연금 70%] & 한국투자증권 공시 [396520 / TIGER 차이나반도체FACTSET / 위험자산한도: 0.7],MOEL_WRBA_RULE_ART10_1_2,근로자퇴직급여 보장법 시행규칙 제10조 제1항 제2호 (위험자산의 범위 및 운용기준 (DC 및 IRP 위험자산 투자한도 70%)),ED_WRBA_ART26_1_2,공식 출처 대조 (증권사·운용사교차검증),미래에셋자산운용 TIGER 공시 [KR7396520009 / 퇴직연금 70%] 및 한국투자증권 공시 [단축코드: 396520 / 위험자산한도: 0.7] 100% 교차 일치,2026-09-06,PASS (공식 검증 완료)
399110,KR7399110006,SOL 미국S&P500ESG,신한자산운용,주식-해외,가능,70% (위험자산),Y,높음,협회공시대조,https://dis.kofia.or.kr/websquare/index.jsp?w2xPath=/wq/fundann/DISFundFeeCMS.xml&divisionId=MDIS01005001000000&serviceId=SDIS01005001000,data/regulatory/sources/kofia_evidence_extract_20260905.xml,E3,1way,신한SOL미국S&amp;P500ESG증권상장지수투자신탁[주식] / 펀드유형: 주식형 / 표준코드: K55210DM8224 / 기준일: 20210910,MOEL_WRBA_RULE_ART10_1_2,근로자퇴직급여 보장법 시행규칙 제10조 제1항 제2호 (위험자산의 범위 및 운용기준 (DC 및 IRP 위험자산 투자한도 70%)),ED_WRBA_ART26_1_2,금융투자협회 전자공시서비스(DIS) 표준 펀드유형 '주식형' XML 전수 대조 (시행규칙 제10조제1항제2호 한도 70%),KOFIA 펀드유형: 주식형 (근로자퇴직급여 보장법 시행규칙 제10조 제1항 제2호: 주식형 집합투자증권 위험자산 70% 한도),2026-09-05,PASS (공식 검증 완료)
399580,KR7399580000,RISE 글로벌클린에너지,KB자산운용,주식-해외,가능,70% (위험자산),Y,높음,증권사·운용사교차검증,https://dis.kofia.or.kr/websquare/index.jsp?w2xPath=/wq/fundann/DISFundFeeCMS.xml&divisionId=MDIS01005001000000&serviceId=SDIS01005001000,data/regulatory/sources/kofia_evidence_extract_20260905.xml,E3,3way,KBRISE글로벌클린에너지S&amp;P증권상장지수투자신탁(주식) / 펀드유형: 주식형 / 표준코드: K55223DK6670 / 기준일: 20211019,MOEL_WRBA_RULE_ART10_1_2,근로자퇴직급여 보장법 시행규칙 제10조 제1항 제2호 (위험자산의 범위 및 운용기준 (DC 및 IRP 위험자산 투자한도 70%)),ED_WRBA_ART26_1_2,공식 출처 대조 (증권사·운용사교차검증),KOFIA 펀드유형: 주식형 (근로자퇴직급여 보장법 시행규칙 제10조 제1항 제2호: 주식형 집합투자증권 위험자산 70% 한도),2026-09-05,PASS (공식 검증 완료)
400570,KR7400570008,KODEX 유럽탄소배출권선물ICE(H),삼성자산운용,주식-해외,불가,불가,Y,높음,증권사목록대조,https://securities.koreainvestment.com/pension/nwEtcinfo/Notice.jsp?cmd=A_NW_33030View&num=47520,data/regulatory/sources/brokers/koreainvestment/ETF_REITs_LIST_RP_260831.xlsx; data/regulatory/sources/brokers/koreainvestment/kis_etf_ticker_universe_20260831.txt,E4,2way,"한국투자증권 퇴직연금 ETF 상품 현황(2026-08-31 기준) 2행: ★매매불가: 레버리지/인버스/파생형/해외상장ETF / 해당 종목코드(400570 KODEX 유럽탄소배출권선물ICE(H)) 퇴직연금 매매가능 유니버스 1,021종목 전수 대조 결과 미수록(부재) 확인",PSR_ART9_1_2,퇴직연금감독규정 제9조 제1항 제2호 마목 (증권 및 기타 적립금 운용방법의 종류 등 (1배수 상장지수집합투자기구 파생위험평가액 100% 한도 허용)),FSC_FIBA_REG_ART4_54,판매사 퇴직연금 매매 불가 유니버스 대조 및 퇴직연금감독규정 제9조 (위험평가액 40% 초과 배제),"한국투자증권 엑셀 2행 '★매매불가: 레버리지/인버스/파생형/해외상장ETF' 및 1,021종목 유니버스 전수 대조 미수록(부재) 근거 편입 불가 확정 (Rule R-d 파생형 배제)",2026-09-06,PASS (공식 검증 완료)
400580,KR7400580007,SOL 유럽탄소배출권선물S&P(H),신한자산운용,주식-해외,불가,불가,Y,높음,증권사목록대조,https://securities.koreainvestment.com/pension/nwEtcinfo/Notice.jsp?cmd=A_NW_33030View&num=47520,data/regulatory/sources/brokers/koreainvestment/ETF_REITs_LIST_RP_260831.xlsx; data/regulatory/sources/brokers/koreainvestment/kis_etf_ticker_universe_20260831.txt,E4,2way,"한국투자증권 퇴직연금 ETF 상품 현황(2026-08-31 기준) 2행: ★매매불가: 레버리지/인버스/파생형/해외상장ETF / 해당 종목코드(400580 SOL 유럽탄소배출권선물S&P(H)) 퇴직연금 매매가능 유니버스 1,021종목 전수 대조 결과 미수록(부재) 확인",PSR_ART9_1_2,퇴직연금감독규정 제9조 제1항 제2호 마목 (증권 및 기타 적립금 운용방법의 종류 등 (1배수 상장지수집합투자기구 파생위험평가액 100% 한도 허용)),FSC_FIBA_REG_ART4_54,판매사 퇴직연금 매매 불가 유니버스 대조 및 퇴직연금감독규정 제9조 (위험평가액 40% 초과 배제),"한국투자증권 엑셀 2행 '★매매불가: 레버리지/인버스/파생형/해외상장ETF' 및 1,021종목 유니버스 전수 대조 미수록(부재) 근거 편입 불가 확정 (Rule R-d 파생형 배제)",2026-09-06,PASS (공식 검증 완료)
400590,KR7400590006,SOL 글로벌탄소배출권선물ICE(합성),신한자산운용,주식-해외,가능,70% (위험자산),Y,높음,증권사목록대조,https://securities.koreainvestment.com/pension/nwEtcinfo/Notice.jsp?cmd=A_NW_33030View&num=47520,data/regulatory/sources/brokers/koreainvestment/ETF_REITs_LIST_RP_260831.xlsx,E4,2way,한국투자증권 퇴직연금 ETF 상품 현황(2026-08-31 기준) / SOL 글로벌탄소배출권선물ICE(합성) / 400590 / 신한 / 퇴직연금 투자한도 0.7,MOEL_WRBA_RULE_ART10_1_2,근로자퇴직급여 보장법 시행규칙 제10조 제1항 제2호 (위험자산의 범위 및 운용기준 (DC 및 IRP 위험자산 투자한도 70%)),ED_WRBA_ART26_1_2,판매사 퇴직연금 매매가능 유니버스 및 위험자산 70% 대조 (증권사목록대조),한국투자증권 퇴직연금 ETF 상품 현황(2026-08-31 기준) 위험자산한도 0.7 대조 및 규제엔진(특별자산/외화금리/장외파생/자산배분 개정규칙) 2자 합치 일치,2026-09-06,PASS (공식 검증 완료)
400970,KR7400970000,TIGER Fn메타버스,미래에셋자산운용,주식-해외,가능,70% (위험자산),Y,높음,증권사·운용사교차검증,https://dis.kofia.or.kr/websquare/index.jsp?w2xPath=/wq/fundann/DISFundFeeCMS.xml&divisionId=MDIS01005001000000&serviceId=SDIS01005001000,data/regulatory/sources/kofia_evidence_extract_20260905.xml,E3,3way,미래에셋TIGERFn메타버스증권상장지수투자신탁(주식) / 펀드유형: 주식형 / 표준코드: K55301DM9925 / 기준일: 20211012,MOEL_WRBA_RULE_ART10_1_2,근로자퇴직급여 보장법 시행규칙 제10조 제1항 제2호 (위험자산의 범위 및 운용기준 (DC 및 IRP 위험자산 투자한도 70%)),ED_WRBA_ART26_1_2,공식 출처 대조 (증권사·운용사교차검증),KOFIA 펀드유형: 주식형 (근로자퇴직급여 보장법 시행규칙 제10조 제1항 제2호: 주식형 집합투자증권 위험자산 70% 한도),2026-09-05,PASS (공식 검증 완료)
401170,KR7401170006,RISE 메타버스,KB자산운용,주식-해외,가능,70% (위험자산),Y,높음,증권사·운용사교차검증,https://dis.kofia.or.kr/websquare/index.jsp?w2xPath=/wq/fundann/DISFundFeeCMS.xml&divisionId=MDIS01005001000000&serviceId=SDIS01005001000,data/regulatory/sources/kofia_evidence_extract_20260905.xml,E3,3way,KBRISEiSelect메타버스증권상장지수투자신탁(주식) / 펀드유형: 주식형 / 표준코드: K55223DN5018 / 기준일: 20211012,MOEL_WRBA_RULE_ART10_1_2,근로자퇴직급여 보장법 시행규칙 제10조 제1항 제2호 (위험자산의 범위 및 운용기준 (DC 및 IRP 위험자산 투자한도 70%)),ED_WRBA_ART26_1_2,공식 출처 대조 (증권사·운용사교차검증),KOFIA 펀드유형: 주식형 (근로자퇴직급여 보장법 시행규칙 제10조 제1항 제2호: 주식형 집합투자증권 위험자산 70% 한도),2026-09-05,PASS (공식 검증 완료)
401470,KR7401470000,KODEX 메타버스액티브,삼성자산운용,주식-국내,가능,70% (위험자산),Y,높음,증권사·운용사교차검증,https://dis.kofia.or.kr/websquare/index.jsp?w2xPath=/wq/fundann/DISFundFeeCMS.xml&divisionId=MDIS01005001000000&serviceId=SDIS01005001000,data/regulatory/sources/kofia_evidence_extract_20260905.xml,E3,3way,삼성KODEX메타버스액티브증권상장지수투자신탁[주식] / 펀드유형: 주식형 / 표준코드: K55105DM5970 / 기준일: 20211012,MOEL_WRBA_RULE_ART10_1_2,근로자퇴직급여 보장법 시행규칙 제10조 제1항 제2호 (위험자산의 범위 및 운용기준 (DC 및 IRP 위험자산 투자한도 70%)),ED_WRBA_ART26_1_2,공식 출처 대조 (증권사·운용사교차검증),KOFIA 펀드유형: 주식형 (근로자퇴직급여 보장법 시행규칙 제10조 제1항 제2호: 주식형 집합투자증권 위험자산 70% 한도),2026-09-05,PASS (공식 검증 완료)
401590,KR7401590005,HANARO 글로벌탄소배출권선물ICE(합성),NH-Amundi자산운용,주식-해외,가능,70% (위험자산),Y,높음,증권사목록대조,https://securities.koreainvestment.com/pension/nwEtcinfo/Notice.jsp?cmd=A_NW_33030View&num=47520,data/regulatory/sources/brokers/koreainvestment/ETF_REITs_LIST_RP_260831.xlsx,E4,2way,한국투자증권 퇴직연금 ETF 상품 현황(2026-08-31 기준) / HANARO 글로벌탄소배출권선물ICE(합성) / 401590 / NH-Amundi / 퇴직연금 투자한도 0.7,MOEL_WRBA_RULE_ART10_1_2,근로자퇴직급여 보장법 시행규칙 제10조 제1항 제2호 (위험자산의 범위 및 운용기준 (DC 및 IRP 위험자산 투자한도 70%)),ED_WRBA_ART26_1_2,판매사 퇴직연금 매매가능 유니버스 및 위험자산 70% 대조 (증권사목록대조),한국투자증권 퇴직연금 ETF 상품 현황(2026-08-31 기준) 위험자산한도 0.7 대조 및 규제엔진(특별자산/외화금리/장외파생/자산배분 개정규칙) 2자 합치 일치,2026-09-06,PASS (공식 검증 완료)
402460,KR7402460000,HANARO Fn K-메타버스MZ,NH-Amundi자산운용,주식-국내,가능,70% (위험자산),Y,높음,협회공시대조,https://dis.kofia.or.kr/websquare/index.jsp?w2xPath=/wq/fundann/DISFundFeeCMS.xml&divisionId=MDIS01005001000000&serviceId=SDIS01005001000,data/regulatory/sources/kofia_evidence_extract_20260905.xml,E3,1way,NH-AmundiHANAROFnK-메타버스MZ증권상장지수투자신탁(주식) / 펀드유형: 주식형 / 표준코드: K55232DN6882 / 기준일: 20211012,MOEL_WRBA_RULE_ART10_1_2,근로자퇴직급여 보장법 시행규칙 제10조 제1항 제2호 (위험자산의 범위 및 운용기준 (DC 및 IRP 위험자산 투자한도 70%)),ED_WRBA_ART26_1_2,금융투자협회 전자공시서비스(DIS) 표준 펀드유형 '주식형' XML 전수 대조 (시행규칙 제10조제1항제2호 한도 70%),KOFIA 펀드유형: 주식형 (근로자퇴직급여 보장법 시행규칙 제10조 제1항 제2호: 주식형 집합투자증권 위험자산 70% 한도),2026-09-05,PASS (공식 검증 완료)
402970,KR7402970008,ACE 미국배당다우존스,한국투자신탁운용,주식-해외,가능,70% (위험자산),Y,높음,증권사·운용사교차검증,https://dis.kofia.or.kr/websquare/index.jsp?w2xPath=/wq/fundann/DISFundFeeCMS.xml&divisionId=MDIS01005001000000&serviceId=SDIS01005001000,data/regulatory/sources/kofia_evidence_extract_20260905.xml,E3,3way,한국투자ACE미국배당다우존스증권상장지수투자신탁(주식) / 펀드유형: 주식형 / 표준코드: K55101DN4471 / 기준일: 20211019,MOEL_WRBA_RULE_ART10_1_2,근로자퇴직급여 보장법 시행규칙 제10조 제1항 제2호 (위험자산의 범위 및 운용기준 (DC 및 IRP 위험자산 투자한도 70%)),ED_WRBA_ART26_1_2,공식 출처 대조 (증권사·운용사교차검증),KOFIA 펀드유형: 주식형 (근로자퇴직급여 보장법 시행규칙 제10조 제1항 제2호: 주식형 집합투자증권 위험자산 70% 한도),2026-09-05,PASS (공식 검증 완료)
403790,KR7403790009,MIDAS 코스피액티브,마이다스에셋자산운용,주식-국내,가능,70% (위험자산),Y,높음,협회공시대조,https://dis.kofia.or.kr/websquare/index.jsp?w2xPath=/wq/fundann/DISFundFeeCMS.xml&divisionId=MDIS01005001000000&serviceId=SDIS01005001000,data/regulatory/sources/kofia_evidence_extract_20260905.xml,E3,1way,마이다스MIDAS코스피액티브증권상장지수투자신탁(주식) / 펀드유형: 주식형 / 표준코드: K55303DM7976 / 기준일: 20211012,MOEL_WRBA_RULE_ART10_1_2,근로자퇴직급여 보장법 시행규칙 제10조 제1항 제2호 (위험자산의 범위 및 운용기준 (DC 및 IRP 위험자산 투자한도 70%)),ED_WRBA_ART26_1_2,금융투자협회 전자공시서비스(DIS) 표준 펀드유형 '주식형' XML 전수 대조 (시행규칙 제10조제1항제2호 한도 70%),KOFIA 펀드유형: 주식형 (근로자퇴직급여 보장법 시행규칙 제10조 제1항 제2호: 주식형 집합투자증권 위험자산 70% 한도),2026-09-05,PASS (공식 검증 완료)
404120,KR7404120008,TIME K신재생에너지액티브,타임폴리오자산운용,주식-국내,가능,70% (위험자산),Y,높음,협회공시대조,https://dis.kofia.or.kr/websquare/index.jsp?w2xPath=/wq/fundann/DISFundFeeCMS.xml&divisionId=MDIS01005001000000&serviceId=SDIS01005001000,data/regulatory/sources/kofia_evidence_extract_20260905.xml,E3,1way,타임폴리오TIMEK신재생에너지액티브증권상장지수투자신탁(주식) / 펀드유형: 주식형 / 표준코드: K553J1DO1974 / 기준일: 20211028,MOEL_WRBA_RULE_ART10_1_2,근로자퇴직급여 보장법 시행규칙 제10조 제1항 제2호 (위험자산의 범위 및 운용기준 (DC 및 IRP 위험자산 투자한도 70%)),ED_WRBA_ART26_1_2,금융투자협회 전자공시서비스(DIS) 표준 펀드유형 '주식형' XML 전수 대조 (시행규칙 제10조제1항제2호 한도 70%),KOFIA 펀드유형: 주식형 (근로자퇴직급여 보장법 시행규칙 제10조 제1항 제2호: 주식형 집합투자증권 위험자산 70% 한도),2026-09-05,PASS (공식 검증 완료)
404260,KR7404260002,KODEX 기후변화솔루션,삼성자산운용,주식-국내,가능,70% (위험자산),Y,높음,증권사·운용사교차검증,https://dis.kofia.or.kr/websquare/index.jsp?w2xPath=/wq/fundann/DISFundFeeCMS.xml&divisionId=MDIS01005001000000&serviceId=SDIS01005001000,data/regulatory/sources/kofia_evidence_extract_20260905.xml,E3,3way,삼성KODEX기후변화솔루션증권상장지수투자신탁[주식] / 펀드유형: 주식형 / 표준코드: K55105DN4469 / 기준일: 20211028,MOEL_WRBA_RULE_ART10_1_2,근로자퇴직급여 보장법 시행규칙 제10조 제1항 제2호 (위험자산의 범위 및 운용기준 (DC 및 IRP 위험자산 투자한도 70%)),ED_WRBA_ART26_1_2,공식 출처 대조 (증권사·운용사교차검증),KOFIA 펀드유형: 주식형 (근로자퇴직급여 보장법 시행규칙 제10조 제1항 제2호: 주식형 집합투자증권 위험자산 70% 한도),2026-09-05,PASS (공식 검증 완료)
404540,KR7404540007,TIGER KRX기후변화솔루션,미래에셋자산운용,주식-국내,가능,70% (위험자산),Y,높음,증권사·운용사교차검증,https://dis.kofia.or.kr/websquare/index.jsp?w2xPath=/wq/fundann/DISFundFeeCMS.xml&divisionId=MDIS01005001000000&serviceId=SDIS01005001000,data/regulatory/sources/kofia_evidence_extract_20260905.xml,E3,3way,미래에셋TIGERKRX기후변화솔루션증권상장지수투자신탁(주식) / 펀드유형: 주식형 / 표준코드: K55301DN6458 / 기준일: 20211028,MOEL_WRBA_RULE_ART10_1_2,근로자퇴직급여 보장법 시행규칙 제10조 제1항 제2호 (위험자산의 범위 및 운용기준 (DC 및 IRP 위험자산 투자한도 70%)),ED_WRBA_ART26_1_2,공식 출처 대조 (증권사·운용사교차검증),KOFIA 펀드유형: 주식형 (근로자퇴직급여 보장법 시행규칙 제10조 제1항 제2호: 주식형 집합투자증권 위험자산 70% 한도),2026-09-05,PASS (공식 검증 완료)
404650,KR7404650004,SOL KRX기후변화솔루션,신한자산운용,주식-국내,가능,70% (위험자산),Y,높음,협회공시대조,https://dis.kofia.or.kr/websquare/index.jsp?w2xPath=/wq/fundann/DISFundFeeCMS.xml&divisionId=MDIS01005001000000&serviceId=SDIS01005001000,data/regulatory/sources/kofia_evidence_extract_20260905.xml,E3,1way,신한SOLKRX기후변화솔루션증권상장지수투자신탁[주식] / 펀드유형: 주식형 / 표준코드: K55210DO1706 / 기준일: 20211028,MOEL_WRBA_RULE_ART10_1_2,근로자퇴직급여 보장법 시행규칙 제10조 제1항 제2호 (위험자산의 범위 및 운용기준 (DC 및 IRP 위험자산 투자한도 70%)),ED_WRBA_ART26_1_2,금융투자협회 전자공시서비스(DIS) 표준 펀드유형 '주식형' XML 전수 대조 (시행규칙 제10조제1항제2호 한도 70%),KOFIA 펀드유형: 주식형 (근로자퇴직급여 보장법 시행규칙 제10조 제1항 제2호: 주식형 집합투자증권 위험자산 70% 한도),2026-09-05,PASS (공식 검증 완료)
407300,KR7407300003,HANARO Fn골프테마,NH-Amundi자산운용,주식-국내,가능,70% (위험자산),Y,높음,협회공시대조,https://dis.kofia.or.kr/websquare/index.jsp?w2xPath=/wq/fundann/DISFundFeeCMS.xml&divisionId=MDIS01005001000000&serviceId=SDIS01005001000,data/regulatory/sources/kofia_evidence_extract_20260905.xml,E3,1way,NH-AmundiHANAROFn골프테마증권상장지수투자신탁(주식) / 펀드유형: 주식형 / 표준코드: K55232DO9380 / 기준일: 20211123,MOEL_WRBA_RULE_ART10_1_2,근로자퇴직급여 보장법 시행규칙 제10조 제1항 제2호 (위험자산의 범위 및 운용기준 (DC 및 IRP 위험자산 투자한도 70%)),ED_WRBA_ART26_1_2,금융투자협회 전자공시서비스(DIS) 표준 펀드유형 '주식형' XML 전수 대조 (시행규칙 제10조제1항제2호 한도 70%),KOFIA 펀드유형: 주식형 (근로자퇴직급여 보장법 시행규칙 제10조 제1항 제2호: 주식형 집합투자증권 위험자산 70% 한도),2026-09-05,PASS (공식 검증 완료)
407310,KR7407310002,HANARO 200 TOP10,NH-Amundi자산운용,주식-국내,가능,70% (위험자산),Y,높음,협회공시대조,https://dis.kofia.or.kr/websquare/index.jsp?w2xPath=/wq/fundann/DISFundFeeCMS.xml&divisionId=MDIS01005001000000&serviceId=SDIS01005001000,data/regulatory/sources/kofia_evidence_extract_20260905.xml,E3,1way,NH-AmundiHANARO200TOP10증권상장지수투자신탁(주식) / 펀드유형: 주식형 / 표준코드: K55232DO9372 / 기준일: 20211123,MOEL_WRBA_RULE_ART10_1_2,근로자퇴직급여 보장법 시행규칙 제10조 제1항 제2호 (위험자산의 범위 및 운용기준 (DC 및 IRP 위험자산 투자한도 70%)),ED_WRBA_ART26_1_2,금융투자협회 전자공시서비스(DIS) 표준 펀드유형 '주식형' XML 전수 대조 (시행규칙 제10조제1항제2호 한도 70%),KOFIA 펀드유형: 주식형 (근로자퇴직급여 보장법 시행규칙 제10조 제1항 제2호: 주식형 집합투자증권 위험자산 70% 한도),2026-09-05,PASS (공식 검증 완료)
407820,KR7407820000,에셋플러스 코리아플랫폼액티브,에셋플러스자산운용,주식-국내,가능,70% (위험자산),Y,높음,협회공시대조,https://dis.kofia.or.kr/websquare/index.jsp?w2xPath=/wq/fundann/DISFundFeeCMS.xml&divisionId=MDIS01005001000000&serviceId=SDIS01005001000,data/regulatory/sources/kofia_evidence_extract_20260905.xml,E3,1way,에셋플러스에셋플러스코리아플랫폼액티브증권상장지수투자신탁(주식) / 펀드유형: 주식형 / 표준코드: K55364DO6337 / 기준일: 20211115,MOEL_WRBA_RULE_ART10_1_2,근로자퇴직급여 보장법 시행규칙 제10조 제1항 제2호 (위험자산의 범위 및 운용기준 (DC 및 IRP 위험자산 투자한도 70%)),ED_WRBA_ART26_1_2,금융투자협회 전자공시서비스(DIS) 표준 펀드유형 '주식형' XML 전수 대조 (시행규칙 제10조제1항제2호 한도 70%),KOFIA 펀드유형: 주식형 (근로자퇴직급여 보장법 시행규칙 제10조 제1항 제2호: 주식형 집합투자증권 위험자산 70% 한도),2026-09-05,PASS (공식 검증 완료)
407830,KR7407830009,에셋플러스 글로벌플랫폼액티브,에셋플러스자산운용,주식-해외,가능,70% (위험자산),Y,높음,협회공시대조,https://dis.kofia.or.kr/websquare/index.jsp?w2xPath=/wq/fundann/DISFundFeeCMS.xml&divisionId=MDIS01005001000000&serviceId=SDIS01005001000,data/regulatory/sources/kofia_evidence_extract_20260905.xml,E3,1way,에셋플러스에셋플러스글로벌플랫폼액티브증권상장지수투자신탁(주식) / 펀드유형: 주식형 / 표준코드: K55364DO6345 / 기준일: 20211112,MOEL_WRBA_RULE_ART10_1_2,근로자퇴직급여 보장법 시행규칙 제10조 제1항 제2호 (위험자산의 범위 및 운용기준 (DC 및 IRP 위험자산 투자한도 70%)),ED_WRBA_ART26_1_2,금융투자협회 전자공시서비스(DIS) 표준 펀드유형 '주식형' XML 전수 대조 (시행규칙 제10조제1항제2호 한도 70%),KOFIA 펀드유형: 주식형 (근로자퇴직급여 보장법 시행규칙 제10조 제1항 제2호: 주식형 집합투자증권 위험자산 70% 한도),2026-09-05,PASS (공식 검증 완료)
409810,KR7409810009,KODEX 미국나스닥100선물인버스(H),삼성자산운용,주식-해외,불가,불가,Y,보통,법령조건직접판정,https://www.law.go.kr/LSW//admRulInfoP.do?admRulSeq=2100000244795&chrClsCd=010201,data/regulatory/sources/statutes/퇴직연금감독규정_20260905.txt,RULE_NAME,1way,퇴직연금감독규정 제9조 제1항 제2호 마목: 상장지수집합투자기구가 목표로 하는 지수의 변화에 1배를 초과하거나 음의 배율로 연동하여 운용하는 것은 제외한다,PSR_ART9_1_2,퇴직연금감독규정 제9조 제1항 제2호 마목 (증권 및 기타 적립금 운용방법의 종류 등 (1배수 상장지수집합투자기구 파생위험평가액 100% 한도 허용)),,퇴직연금감독규정 제9조 제1항 제2호 마목 단서 (1배 초과 또는 음의 배율 연동 배제),명칭 기반 배수 식별 및 퇴직연금감독규정 제9조 제1항 제2호 마목 단서 적용,2026-09-05,PASS (공식 검증 완료)
409820,KR7409820008,KODEX 미국나스닥100레버리지(합성 H),삼성자산운용,주식-해외,불가,불가,Y,보통,법령조건직접판정,https://www.law.go.kr/LSW//admRulInfoP.do?admRulSeq=2100000244795&chrClsCd=010201,data/regulatory/sources/statutes/퇴직연금감독규정_20260905.txt,RULE_NAME,1way,퇴직연금감독규정 제9조 제1항 제2호 마목: 상장지수집합투자기구가 목표로 하는 지수의 변화에 1배를 초과하거나 음의 배율로 연동하여 운용하는 것은 제외한다,PSR_ART9_1_2,퇴직연금감독규정 제9조 제1항 제2호 마목 (증권 및 기타 적립금 운용방법의 종류 등 (1배수 상장지수집합투자기구 파생위험평가액 100% 한도 허용)),,퇴직연금감독규정 제9조 제1항 제2호 마목 단서 (1배 초과 또는 음의 배율 연동 배제),명칭 기반 배수 식별 및 퇴직연금감독규정 제9조 제1항 제2호 마목 단서 적용,2026-09-05,PASS (공식 검증 완료)
410870,KR7410870000,TIME K컬처액티브,타임폴리오자산운용,주식-국내,가능,70% (위험자산),Y,높음,협회공시대조,https://dis.kofia.or.kr/websquare/index.jsp?w2xPath=/wq/fundann/DISFundFeeCMS.xml&divisionId=MDIS01005001000000&serviceId=SDIS01005001000,data/regulatory/sources/kofia_evidence_extract_20260905.xml,E3,1way,타임폴리오TIMEK컬처액티브증권상장지수투자신탁(주식) / 펀드유형: 주식형 / 표준코드: K553J1DP1767 / 기준일: 20211214,MOEL_WRBA_RULE_ART10_1_2,근로자퇴직급여 보장법 시행규칙 제10조 제1항 제2호 (위험자산의 범위 및 운용기준 (DC 및 IRP 위험자산 투자한도 70%)),ED_WRBA_ART26_1_2,금융투자협회 전자공시서비스(DIS) 표준 펀드유형 '주식형' XML 전수 대조 (시행규칙 제10조제1항제2호 한도 70%),KOFIA 펀드유형: 주식형 (근로자퇴직급여 보장법 시행규칙 제10조 제1항 제2호: 주식형 집합투자증권 위험자산 70% 한도),2026-09-05,PASS (공식 검증 완료)
411060,KR7411060007,ACE KRX금현물,한국투자신탁운용,원자재,가능,70% (위험자산),Y,높음,증권사·운용사교차검증,https://dis.kofia.or.kr/websquare/index.jsp?w2xPath=/wq/fundann/DISFundFeeCMS.xml&divisionId=MDIS01005001000000&serviceId=SDIS01005001000,data/regulatory/sources/kofia_evidence_extract_20260905.xml,E3,3way,한국투자ACEKRX금현물특별자산상장지수투자신탁(금) / 펀드유형: 특별자산 / 표준코드: K55101DN7441 / 기준일: 20211213,MOEL_WRBA_RULE_ART10_1_2,근로자퇴직급여 보장법 시행규칙 제10조 제1항 제2호 (위험자산의 범위 및 운용기준 (DC 및 IRP 위험자산 투자한도 70%)),ED_WRBA_ART26_1_2,공식 출처 대조 (증권사·운용사교차검증),KOFIA 펀드유형: 특별자산 (근로자퇴직급여 보장법 시행규칙 제10조 제1항 제2호: 실물 특별자산 집합투자증권 위험자산 70% 한도),2026-09-05,PASS (공식 검증 완료)
411420,KR7411420003,KODEX 미국나스닥AI테크액티브,삼성자산운용,주식-해외,가능,70% (위험자산),Y,높음,증권사·운용사교차검증,https://dis.kofia.or.kr/websquare/index.jsp?w2xPath=/wq/fundann/DISFundFeeCMS.xml&divisionId=MDIS01005001000000&serviceId=SDIS01005001000,data/regulatory/sources/kofia_evidence_extract_20260905.xml,E3,3way,삼성KODEX미국나스닥AI테크액티브증권상장지수투자신탁[주식] / 펀드유형: 주식형 / 표준코드: K55105DO3916 / 기준일: 20211220,MOEL_WRBA_RULE_ART10_1_2,근로자퇴직급여 보장법 시행규칙 제10조 제1항 제2호 (위험자산의 범위 및 운용기준 (DC 및 IRP 위험자산 투자한도 70%)),ED_WRBA_ART26_1_2,공식 출처 대조 (증권사·운용사교차검증),KOFIA 펀드유형: 주식형 (근로자퇴직급여 보장법 시행규칙 제10조 제1항 제2호: 주식형 집합투자증권 위험자산 70% 한도),2026-09-05,PASS (공식 검증 완료)
411540,KR7411540008,SOL 200 Top10,신한자산운용,주식-국내,가능,70% (위험자산),Y,높음,협회공시대조,https://dis.kofia.or.kr/websquare/index.jsp?w2xPath=/wq/fundann/DISFundFeeCMS.xml&divisionId=MDIS01005001000000&serviceId=SDIS01005001000,data/regulatory/sources/kofia_evidence_extract_20260905.xml,E3,1way,신한SOL200TOP10증권상장지수투자신탁[주식] / 펀드유형: 주식형 / 표준코드: K55210DP5615 / 기준일: 20211208,MOEL_WRBA_RULE_ART10_1_2,근로자퇴직급여 보장법 시행규칙 제10조 제1항 제2호 (위험자산의 범위 및 운용기준 (DC 및 IRP 위험자산 투자한도 70%)),ED_WRBA_ART26_1_2,금융투자협회 전자공시서비스(DIS) 표준 펀드유형 '주식형' XML 전수 대조 (시행규칙 제10조제1항제2호 한도 70%),KOFIA 펀드유형: 주식형 (근로자퇴직급여 보장법 시행규칙 제10조 제1항 제2호: 주식형 집합투자증권 위험자산 70% 한도),2026-09-05,PASS (공식 검증 완료)
411860,KR7411860000,KIWOOM 독일DAX,키움투자자산운용,주식-해외,가능,70% (위험자산),Y,높음,협회공시대조,https://dis.kofia.or.kr/websquare/index.jsp?w2xPath=/wq/fundann/DISFundFeeCMS.xml&divisionId=MDIS01005001000000&serviceId=SDIS01005001000,data/regulatory/sources/kofia_evidence_extract_20260905.xml,E3,1way,키움KIWOOM독일DAX증권상장지수투자신탁[주식] / 펀드유형: 주식형 / 표준코드: K55206DP5553 / 기준일: 20211221,MOEL_WRBA_RULE_ART10_1_2,근로자퇴직급여 보장법 시행규칙 제10조 제1항 제2호 (위험자산의 범위 및 운용기준 (DC 및 IRP 위험자산 투자한도 70%)),ED_WRBA_ART26_1_2,금융투자협회 전자공시서비스(DIS) 표준 펀드유형 '주식형' XML 전수 대조 (시행규칙 제10조제1항제2호 한도 70%),KOFIA 펀드유형: 주식형 (근로자퇴직급여 보장법 시행규칙 제10조 제1항 제2호: 주식형 집합투자증권 위험자산 70% 한도),2026-09-05,PASS (공식 검증 완료)
412560,KR7412560005,TIGER BBIG레버리지,미래에셋자산운용,주식-국내,불가,불가,Y,보통,법령조건직접판정,https://www.law.go.kr/LSW//admRulInfoP.do?admRulSeq=2100000244795&chrClsCd=010201,data/regulatory/sources/statutes/퇴직연금감독규정_20260905.txt,RULE_NAME,1way,퇴직연금감독규정 제9조 제1항 제2호 마목: 상장지수집합투자기구가 목표로 하는 지수의 변화에 1배를 초과하거나 음의 배율로 연동하여 운용하는 것은 제외한다,PSR_ART9_1_2,퇴직연금감독규정 제9조 제1항 제2호 마목 (증권 및 기타 적립금 운용방법의 종류 등 (1배수 상장지수집합투자기구 파생위험평가액 100% 한도 허용)),,퇴직연금감독규정 제9조 제1항 제2호 마목 단서 (1배 초과 또는 음의 배율 연동 배제),명칭 기반 배수 식별 및 퇴직연금감독규정 제9조 제1항 제2호 마목 단서 적용,2026-09-05,PASS (공식 검증 완료)
412570,KR7412570004,TIGER 2차전지TOP10레버리지,미래에셋자산운용,주식-국내,불가,불가,Y,보통,법령조건직접판정,https://www.law.go.kr/LSW//admRulInfoP.do?admRulSeq=2100000244795&chrClsCd=010201,data/regulatory/sources/statutes/퇴직연금감독규정_20260905.txt,RULE_NAME,1way,퇴직연금감독규정 제9조 제1항 제2호 마목: 상장지수집합투자기구가 목표로 하는 지수의 변화에 1배를 초과하거나 음의 배율로 연동하여 운용하는 것은 제외한다,PSR_ART9_1_2,퇴직연금감독규정 제9조 제1항 제2호 마목 (증권 및 기타 적립금 운용방법의 종류 등 (1배수 상장지수집합투자기구 파생위험평가액 100% 한도 허용)),,퇴직연금감독규정 제9조 제1항 제2호 마목 단서 (1배 초과 또는 음의 배율 연동 배제),명칭 기반 배수 식별 및 퇴직연금감독규정 제9조 제1항 제2호 마목 단서 적용,2026-09-05,PASS (공식 검증 완료)
412770,KR7412770000,TIGER 글로벌AI플랫폼액티브,미래에셋자산운용,주식-해외,가능,70% (위험자산),Y,높음,증권사·운용사교차검증,https://dis.kofia.or.kr/websquare/index.jsp?w2xPath=/wq/fundann/DISFundFeeCMS.xml&divisionId=MDIS01005001000000&serviceId=SDIS01005001000,data/regulatory/sources/kofia_evidence_extract_20260905.xml,E3,3way,미래에셋TIGER글로벌AI플랫폼액티브증권상장지수투자신탁(주식) / 펀드유형: 주식형 / 표준코드: K55301DP1325 / 기준일: 20211220,MOEL_WRBA_RULE_ART10_1_2,근로자퇴직급여 보장법 시행규칙 제10조 제1항 제2호 (위험자산의 범위 및 운용기준 (DC 및 IRP 위험자산 투자한도 70%)),ED_WRBA_ART26_1_2,공식 출처 대조 (증권사·운용사교차검증),KOFIA 펀드유형: 주식형 (근로자퇴직급여 보장법 시행규칙 제10조 제1항 제2호: 주식형 집합투자증권 위험자산 70% 한도),2026-09-05,PASS (공식 검증 완료)
413220,KR7413220005,SOL 차이나태양광CSI(합성),신한자산운용,주식-해외,가능,70% (위험자산),Y,높음,증권사목록대조,https://securities.koreainvestment.com/pension/nwEtcinfo/Notice.jsp?cmd=A_NW_33030View&num=47520,data/regulatory/sources/brokers/koreainvestment/ETF_REITs_LIST_RP_260831.xlsx,E4,2way,한국투자증권 퇴직연금 ETF 상품 현황(2026-08-31 기준) / SOL 차이나태양광CSI(합성) / 413220 / 신한 / 퇴직연금 투자한도 0.7,MOEL_WRBA_RULE_ART10_1_2,근로자퇴직급여 보장법 시행규칙 제10조 제1항 제2호 (위험자산의 범위 및 운용기준 (DC 및 IRP 위험자산 투자한도 70%)),ED_WRBA_ART26_1_2,판매사 퇴직연금 매매가능 유니버스 및 위험자산 70% 대조 (증권사목록대조),한국투자증권 퇴직연금 ETF 상품 현황(2026-08-31 기준) 위험자산한도 0.7 대조 및 규제엔진 2자 합치 일치,2026-09-06,PASS (공식 검증 완료)
413930,KR7413930009,WON AI ESG액티브,우리에셋자산운용,주식-국내,가능,70% (위험자산),Y,높음,협회공시대조,https://dis.kofia.or.kr/websquare/index.jsp?w2xPath=/wq/fundann/DISFundFeeCMS.xml&divisionId=MDIS01005001000000&serviceId=SDIS01005001000,data/regulatory/sources/kofia_evidence_extract_20260905.xml,E3,1way,우리WONAIESG액티브증권상장지수투자신탁(주식) / 펀드유형: 주식형 / 표준코드: K55107DP6908 / 기준일: 20220104,MOEL_WRBA_RULE_ART10_1_2,근로자퇴직급여 보장법 시행규칙 제10조 제1항 제2호 (위험자산의 범위 및 운용기준 (DC 및 IRP 위험자산 투자한도 70%)),ED_WRBA_ART26_1_2,금융투자협회 전자공시서비스(DIS) 표준 펀드유형 '주식형' XML 전수 대조 (시행규칙 제10조제1항제2호 한도 70%),KOFIA 펀드유형: 주식형 (근로자퇴직급여 보장법 시행규칙 제10조 제1항 제2호: 주식형 집합투자증권 위험자산 70% 한도),2026-09-05,PASS (공식 검증 완료)
414270,KR7414270009,ACE 글로벌자율주행액티브,한국투자신탁운용,주식-해외,가능,70% (위험자산),Y,높음,증권사·운용사교차검증,https://dis.kofia.or.kr/websquare/index.jsp?w2xPath=/wq/fundann/DISFundFeeCMS.xml&divisionId=MDIS01005001000000&serviceId=SDIS01005001000,data/regulatory/sources/kofia_evidence_extract_20260905.xml,E3,3way,한국투자ACE글로벌자율주행액티브증권상장지수투자신탁(주식) / 펀드유형: 주식형 / 표준코드: K55101DP1319 / 기준일: 20220214,MOEL_WRBA_RULE_ART10_1_2,근로자퇴직급여 보장법 시행규칙 제10조 제1항 제2호 (위험자산의 범위 및 운용기준 (DC 및 IRP 위험자산 투자한도 70%)),ED_WRBA_ART26_1_2,공식 출처 대조 (증권사·운용사교차검증),KOFIA 펀드유형: 주식형 (근로자퇴직급여 보장법 시행규칙 제10조 제1항 제2호: 주식형 집합투자증권 위험자산 70% 한도),2026-09-05,PASS (공식 검증 완료)
414780,KR7414780007,TIGER 차이나과창판STAR50(합성),미래에셋자산운용,주식-해외,가능,70% (위험자산),Y,높음,증권사·운용사교차검증,https://securities.koreainvestment.com/pension/nwEtcinfo/Notice.jsp?cmd=A_NW_33030View&num=47520,data/regulatory/sources/brokers/koreainvestment/ETF_REITs_LIST_RP_260831.xlsx,E4,3way,미래에셋자산운용 TIGER 공시 [KR7414780007 /  / 퇴직연금 70%] & 한국투자증권 공시 [414780 / TIGER 차이나과창판STAR50(합성) / 위험자산한도: 0.7],MOEL_WRBA_RULE_ART10_1_2,근로자퇴직급여 보장법 시행규칙 제10조 제1항 제2호 (위험자산의 범위 및 운용기준 (DC 및 IRP 위험자산 투자한도 70%)),ED_WRBA_ART26_1_2,공식 출처 대조 (증권사·운용사교차검증),미래에셋자산운용 TIGER 공시 [KR7414780007 / 퇴직연금 70%] 및 한국투자증권 공시 [단축코드: 414780 / 위험자산한도: 0.7] 100% 교차 일치,2026-09-06,PASS (공식 검증 완료)
415340,KR7415340009,KODEX 차이나과창판STAR50(합성),삼성자산운용,주식-해외,가능,70% (위험자산),Y,높음,증권사·운용사교차검증,https://securities.koreainvestment.com/pension/nwEtcinfo/Notice.jsp?cmd=A_NW_33030View&num=47520,data/regulatory/sources/brokers/koreainvestment/ETF_REITs_LIST_RP_260831.xlsx,E4,3way,삼성자산운용 KODEX 공시 [415340 / KODEX 차이나과창판STAR50(합성) / ivPsbReti: 70%] & 한국투자증권 공시 [415340 / KODEX 차이나과창판STAR50(합성) / 위험자산한도: 0.7],MOEL_WRBA_RULE_ART10_1_2,근로자퇴직급여 보장법 시행규칙 제10조 제1항 제2호 (위험자산의 범위 및 운용기준 (DC 및 IRP 위험자산 투자한도 70%)),ED_WRBA_ART26_1_2,공식 출처 대조 (증권사·운용사교차검증),삼성자산운용 KODEX 연금투자 공시 [stkTicker: 415340 / ivPsbReti: 70%] 및 한국투자증권 공시 [단축코드: 415340 / 위험자산한도: 0.7] 100% 교차 일치,2026-09-06,PASS (공식 검증 완료)
415760,KR7415760008,SOL 차이나육성산업액티브(합성),신한자산운용,주식-해외,가능,70% (위험자산),Y,높음,증권사목록대조,https://securities.koreainvestment.com/pension/nwEtcinfo/Notice.jsp?cmd=A_NW_33030View&num=47520,data/regulatory/sources/brokers/koreainvestment/ETF_REITs_LIST_RP_260831.xlsx,E4,2way,한국투자증권 퇴직연금 ETF 상품 현황(2026-08-31 기준) / SOL 차이나육성산업액티브(합성) / 415760 / 신한 / 퇴직연금 투자한도 0.7,MOEL_WRBA_RULE_ART10_1_2,근로자퇴직급여 보장법 시행규칙 제10조 제1항 제2호 (위험자산의 범위 및 운용기준 (DC 및 IRP 위험자산 투자한도 70%)),ED_WRBA_ART26_1_2,판매사 퇴직연금 매매가능 유니버스 및 위험자산 70% 대조 (증권사목록대조),한국투자증권 퇴직연금 ETF 상품 현황(2026-08-31 기준) 위험자산한도 0.7 대조 및 규제엔진 2자 합치 일치,2026-09-06,PASS (공식 검증 완료)
415920,KR7415920008,PLUS 글로벌희토류&전략자원생산기업,한화자산운용,주식-해외,가능,70% (위험자산),Y,높음,증권사·운용사교차검증,https://dis.kofia.or.kr/websquare/index.jsp?w2xPath=/wq/fundann/DISFundFeeCMS.xml&divisionId=MDIS01005001000000&serviceId=SDIS01005001000,data/regulatory/sources/kofia_evidence_extract_20260905.xml,E3,3way,한화PLUS글로벌희토류&amp;전략자원생산기업증권상장지수투자신탁(주식) / 펀드유형: 주식형 / 표준코드: K55213DH4276 / 기준일: 20220114,MOEL_WRBA_RULE_ART10_1_2,근로자퇴직급여 보장법 시행규칙 제10조 제1항 제2호 (위험자산의 범위 및 운용기준 (DC 및 IRP 위험자산 투자한도 70%)),ED_WRBA_ART26_1_2,공식 출처 대조 (증권사·운용사교차검증),KOFIA 펀드유형: 주식형 (근로자퇴직급여 보장법 시행규칙 제10조 제1항 제2호: 주식형 집합투자증권 위험자산 70% 한도),2026-09-05,PASS (공식 검증 완료)
416090,KR7416090009,ACE 중국과창판STAR50,한국투자신탁운용,주식-해외,가능,70% (위험자산),Y,높음,증권사·운용사교차검증,https://dis.kofia.or.kr/websquare/index.jsp?w2xPath=/wq/fundann/DISFundFeeCMS.xml&divisionId=MDIS01005001000000&serviceId=SDIS01005001000,data/regulatory/sources/kofia_evidence_extract_20260905.xml,E3,3way,한국투자ACE중국과창판STAR50증권상장지수투자신탁(주식) / 펀드유형: 주식형 / 표준코드: K55101DP7530 / 기준일: 20220107,MOEL_WRBA_RULE_ART10_1_2,근로자퇴직급여 보장법 시행규칙 제10조 제1항 제2호 (위험자산의 범위 및 운용기준 (DC 및 IRP 위험자산 투자한도 70%)),ED_WRBA_ART26_1_2,공식 출처 대조 (증권사·운용사교차검증),KOFIA 펀드유형: 주식형 (근로자퇴직급여 보장법 시행규칙 제10조 제1항 제2호: 주식형 집합투자증권 위험자산 70% 한도),2026-09-05,PASS (공식 검증 완료)
417450,KR7417450004,RISE 글로벌수소경제,KB자산운용,주식-해외,가능,70% (위험자산),Y,높음,증권사·운용사교차검증,https://dis.kofia.or.kr/websquare/index.jsp?w2xPath=/wq/fundann/DISFundFeeCMS.xml&divisionId=MDIS01005001000000&serviceId=SDIS01005001000,data/regulatory/sources/kofia_evidence_extract_20260905.xml,E3,3way,KBRISE글로벌수소경제Indxx증권상장지수투자신탁(주식) / 펀드유형: 주식형 / 표준코드: K55223DQ9652 / 기준일: 20220208,MOEL_WRBA_RULE_ART10_1_2,근로자퇴직급여 보장법 시행규칙 제10조 제1항 제2호 (위험자산의 범위 및 운용기준 (DC 및 IRP 위험자산 투자한도 70%)),ED_WRBA_ART26_1_2,공식 출처 대조 (증권사·운용사교차검증),KOFIA 펀드유형: 주식형 (근로자퇴직급여 보장법 시행규칙 제10조 제1항 제2호: 주식형 집합투자증권 위험자산 70% 한도),2026-09-05,PASS (공식 검증 완료)
417630,KR7417630001,TIGER KEDI혁신기업ESG30,미래에셋자산운용,주식-국내,가능,70% (위험자산),Y,높음,증권사·운용사교차검증,https://dis.kofia.or.kr/websquare/index.jsp?w2xPath=/wq/fundann/DISFundFeeCMS.xml&divisionId=MDIS01005001000000&serviceId=SDIS01005001000,data/regulatory/sources/kofia_evidence_extract_20260905.xml,E3,3way,미래에셋TIGERKEDI혁신기업ESG30증권상장지수투자신탁(주식) / 펀드유형: 주식형 / 표준코드: K55301DQ0219 / 기준일: 20220207,MOEL_WRBA_RULE_ART10_1_2,근로자퇴직급여 보장법 시행규칙 제10조 제1항 제2호 (위험자산의 범위 및 운용기준 (DC 및 IRP 위험자산 투자한도 70%)),ED_WRBA_ART26_1_2,공식 출처 대조 (증권사·운용사교차검증),KOFIA 펀드유형: 주식형 (근로자퇴직급여 보장법 시행규칙 제10조 제1항 제2호: 주식형 집합투자증권 위험자산 70% 한도),2026-09-05,PASS (공식 검증 완료)
418660,KR7418660007,TIGER 미국나스닥100레버리지(합성),미래에셋자산운용,주식-해외,불가,불가,Y,보통,법령조건직접판정,https://www.law.go.kr/LSW//admRulInfoP.do?admRulSeq=2100000244795&chrClsCd=010201,data/regulatory/sources/statutes/퇴직연금감독규정_20260905.txt,RULE_NAME,1way,퇴직연금감독규정 제9조 제1항 제2호 마목: 상장지수집합투자기구가 목표로 하는 지수의 변화에 1배를 초과하거나 음의 배율로 연동하여 운용하는 것은 제외한다,PSR_ART9_1_2,퇴직연금감독규정 제9조 제1항 제2호 마목 (증권 및 기타 적립금 운용방법의 종류 등 (1배수 상장지수집합투자기구 파생위험평가액 100% 한도 허용)),,퇴직연금감독규정 제9조 제1항 제2호 마목 단서 (1배 초과 또는 음의 배율 연동 배제),명칭 기반 배수 식별 및 퇴직연금감독규정 제9조 제1항 제2호 마목 단서 적용,2026-09-05,PASS (공식 검증 완료)
418670,KR7418670006,TIGER 글로벌AI사이버보안,미래에셋자산운용,주식-해외,가능,70% (위험자산),Y,높음,증권사·운용사교차검증,https://dis.kofia.or.kr/websquare/index.jsp?w2xPath=/wq/fundann/DISFundFeeCMS.xml&divisionId=MDIS01005001000000&serviceId=SDIS01005001000,data/regulatory/sources/kofia_evidence_extract_20260905.xml,E3,3way,미래에셋TIGER글로벌AI사이버보안INDXX증권상장지수투자신탁(주식) / 펀드유형: 주식형 / 표준코드: K55301DQ2231 / 기준일: 20220218,MOEL_WRBA_RULE_ART10_1_2,근로자퇴직급여 보장법 시행규칙 제10조 제1항 제2호 (위험자산의 범위 및 운용기준 (DC 및 IRP 위험자산 투자한도 70%)),ED_WRBA_ART26_1_2,공식 출처 대조 (증권사·운용사교차검증),KOFIA 펀드유형: 주식형 (근로자퇴직급여 보장법 시행규칙 제10조 제1항 제2호: 주식형 집합투자증권 위험자산 70% 한도),2026-09-05,PASS (공식 검증 완료)
419420,KR7419420005,KODEX 미국클린에너지나스닥,삼성자산운용,주식-해외,가능,70% (위험자산),Y,높음,증권사·운용사교차검증,https://dis.kofia.or.kr/websquare/index.jsp?w2xPath=/wq/fundann/DISFundFeeCMS.xml&divisionId=MDIS01005001000000&serviceId=SDIS01005001000,data/regulatory/sources/kofia_evidence_extract_20260905.xml,E3,3way,삼성KODEX미국클린에너지나스닥증권상장지수투자신탁[주식] / 펀드유형: 주식형 / 표준코드: K55105DK9826 / 기준일: 20220318,MOEL_WRBA_RULE_ART10_1_2,근로자퇴직급여 보장법 시행규칙 제10조 제1항 제2호 (위험자산의 범위 및 운용기준 (DC 및 IRP 위험자산 투자한도 70%)),ED_WRBA_ART26_1_2,공식 출처 대조 (증권사·운용사교차검증),KOFIA 펀드유형: 주식형 (근로자퇴직급여 보장법 시행규칙 제10조 제1항 제2호: 주식형 집합투자증권 위험자산 70% 한도),2026-09-05,PASS (공식 검증 완료)
419430,KR7419430004,KODEX 차이나2차전지MSCI(합성),삼성자산운용,주식-해외,가능,70% (위험자산),Y,높음,증권사·운용사교차검증,https://securities.koreainvestment.com/pension/nwEtcinfo/Notice.jsp?cmd=A_NW_33030View&num=47520,data/regulatory/sources/brokers/koreainvestment/ETF_REITs_LIST_RP_260831.xlsx,E4,3way,삼성자산운용 KODEX 공시 [419430 / KODEX 차이나2차전지MSCI(합성) / ivPsbReti: 70%] & 한국투자증권 공시 [419430 / KODEX 차이나2차전지MSCI(합성) / 위험자산한도: 0.7],MOEL_WRBA_RULE_ART10_1_2,근로자퇴직급여 보장법 시행규칙 제10조 제1항 제2호 (위험자산의 범위 및 운용기준 (DC 및 IRP 위험자산 투자한도 70%)),ED_WRBA_ART26_1_2,공식 출처 대조 (증권사·운용사교차검증),삼성자산운용 KODEX 연금투자 공시 [stkTicker: 419430 / ivPsbReti: 70%] 및 한국투자증권 공시 [단축코드: 419430 / 위험자산한도: 0.7] 100% 교차 일치,2026-09-06,PASS (공식 검증 완료)
419650,KR7419650007,PLUS 글로벌수소&차세대연료전지,한화자산운용,주식-해외,가능,70% (위험자산),Y,높음,증권사·운용사교차검증,https://dis.kofia.or.kr/websquare/index.jsp?w2xPath=/wq/fundann/DISFundFeeCMS.xml&divisionId=MDIS01005001000000&serviceId=SDIS01005001000,data/regulatory/sources/kofia_evidence_extract_20260905.xml,E3,3way,한화PLUS글로벌수소&amp;차세대연료전지증권상장지수투자신탁(주식) / 펀드유형: 주식형 / 표준코드: K55213DQ0364 / 기준일: 20220211,MOEL_WRBA_RULE_ART10_1_2,근로자퇴직급여 보장법 시행규칙 제10조 제1항 제2호 (위험자산의 범위 및 운용기준 (DC 및 IRP 위험자산 투자한도 70%)),ED_WRBA_ART26_1_2,공식 출처 대조 (증권사·운용사교차검증),KOFIA 펀드유형: 주식형 (근로자퇴직급여 보장법 시행규칙 제10조 제1항 제2호: 주식형 집합투자증권 위험자산 70% 한도),2026-09-05,PASS (공식 검증 완료)
419890,KR7419890009,KIWOOM 단기채권ESG액티브,키움투자자산운용,채권,가능,100% (안전자산),Y,높음,협회공시대조,https://dis.kofia.or.kr/websquare/index.jsp?w2xPath=/wq/fundann/DISFundFeeCMS.xml&divisionId=MDIS01005001000000&serviceId=SDIS01005001000,data/regulatory/sources/kofia_evidence_extract_20260905.xml,E3,1way,키움KIWOOM단기채권ESG액티브증권상장지수투자신탁[채권] / 펀드유형: 채권형 / 표준코드: K55206DR4802 / 기준일: 20220225,PSR_ART11_1_4,퇴직연금감독규정 제11조 제1항 제4호 (적립금 운용방법 등 (원리금보장 및 채권형 등 100% 안전자산)),,금융투자협회 전자공시서비스(DIS) 표준 펀드유형 '채권형' XML 전수 대조,KOFIA 펀드유형: 채권형 (퇴직연금감독규정 제11조 제1항 제4호: 원리금보장 및 채권형 안전자산 (100% 편입 가능)),2026-09-05,PASS (공식 검증 완료)
421320,KR7421320003,PLUS 우주항공,한화자산운용,주식-국내,가능,70% (위험자산),Y,높음,증권사·운용사교차검증,https://dis.kofia.or.kr/websquare/index.jsp?w2xPath=/wq/fundann/DISFundFeeCMS.xml&divisionId=MDIS01005001000000&serviceId=SDIS01005001000,data/regulatory/sources/kofia_evidence_extract_20260905.xml,E3,3way,한화PLUS우주항공증권상장지수투자신탁(주식) / 펀드유형: 주식형 / 표준코드: K55213DR8713 / 기준일: 20220328,MOEL_WRBA_RULE_ART10_1_2,근로자퇴직급여 보장법 시행규칙 제10조 제1항 제2호 (위험자산의 범위 및 운용기준 (DC 및 IRP 위험자산 투자한도 70%)),ED_WRBA_ART26_1_2,공식 출처 대조 (증권사·운용사교차검증),KOFIA 펀드유형: 주식형 (근로자퇴직급여 보장법 시행규칙 제10조 제1항 제2호: 주식형 집합투자증권 위험자산 70% 한도),2026-09-05,PASS (공식 검증 완료)
422420,KR7422420000,RISE 2차전지액티브,KB자산운용,주식-국내,가능,70% (위험자산),Y,높음,증권사·운용사교차검증,https://dis.kofia.or.kr/websquare/index.jsp?w2xPath=/wq/fundann/DISFundFeeCMS.xml&divisionId=MDIS01005001000000&serviceId=SDIS01005001000,data/regulatory/sources/kofia_evidence_extract_20260905.xml,E3,3way,KBRISE2차전지액티브증권상장지수투자신탁(주식) / 펀드유형: 주식형 / 표준코드: K55223DS8611 / 기준일: 20220407,MOEL_WRBA_RULE_ART10_1_2,근로자퇴직급여 보장법 시행규칙 제10조 제1항 제2호 (위험자산의 범위 및 운용기준 (DC 및 IRP 위험자산 투자한도 70%)),ED_WRBA_ART26_1_2,공식 출처 대조 (증권사·운용사교차검증),KOFIA 펀드유형: 주식형 (근로자퇴직급여 보장법 시행규칙 제10조 제1항 제2호: 주식형 집합투자증권 위험자산 70% 한도),2026-09-05,PASS (공식 검증 완료)
423160,KR7423160001,KODEX KOFR금리액티브(합성),삼성자산운용,금리·파킹,가능,70% (위험자산),Y,높음,증권사·운용사교차검증,https://securities.koreainvestment.com/pension/nwEtcinfo/Notice.jsp?cmd=A_NW_33030View&num=47520,data/regulatory/sources/brokers/koreainvestment/ETF_REITs_LIST_RP_260831.xlsx,E4,3way,한국투자증권 퇴직연금 ETF 상품 현황(2026-08-31 기준) / KODEX KOFR금리액티브(합성) / 423160 / 삼성 / 퇴직연금 투자한도 0.7,MOEL_WRBA_RULE_ART10_1_2,근로자퇴직급여 보장법 시행규칙 제10조 제1항 제2호 (위험자산의 범위 및 운용기준 (DC 및 IRP 위험자산 투자한도 70%)),ED_WRBA_ART26_1_2,공식 출처 대조 (증권사·운용사교차검증),한국투자증권 퇴직연금 ETF 상품 현황(2026-08-31 기준) 위험자산한도 0.7 대조 및 규제엔진(특별자산/외화금리/장외파생/자산배분 개정규칙) 2자 합치 일치,2026-09-06,PASS (공식 검증 완료)
423170,KR7423170000,SOL 글로벌AI반도체탑픽액티브,신한자산운용,주식-해외,가능,70% (위험자산),Y,높음,협회공시대조,https://dis.kofia.or.kr/websquare/index.jsp?w2xPath=/wq/fundann/DISFundFeeCMS.xml&divisionId=MDIS01005001000000&serviceId=SDIS01005001000,data/regulatory/sources/kofia_evidence_extract_20260905.xml,E3,1way,신한SOL글로벌AI반도체탑픽액티브증권상장지수투자신탁[주식] / 펀드유형: 주식형 / 표준코드: K55210DS2478 / 기준일: 20220408,MOEL_WRBA_RULE_ART10_1_2,근로자퇴직급여 보장법 시행규칙 제10조 제1항 제2호 (위험자산의 범위 및 운용기준 (DC 및 IRP 위험자산 투자한도 70%)),ED_WRBA_ART26_1_2,금융투자협회 전자공시서비스(DIS) 표준 펀드유형 '주식형' XML 전수 대조 (시행규칙 제10조제1항제2호 한도 70%),KOFIA 펀드유형: 주식형 (근로자퇴직급여 보장법 시행규칙 제10조 제1항 제2호: 주식형 집합투자증권 위험자산 70% 한도),2026-09-05,PASS (공식 검증 완료)
423920,KR7423920008,TIGER 미국필라델피아반도체레버리지(합성),미래에셋자산운용,주식-해외,불가,불가,Y,보통,법령조건직접판정,https://www.law.go.kr/LSW//admRulInfoP.do?admRulSeq=2100000244795&chrClsCd=010201,data/regulatory/sources/statutes/퇴직연금감독규정_20260905.txt,RULE_NAME,1way,퇴직연금감독규정 제9조 제1항 제2호 마목: 상장지수집합투자기구가 목표로 하는 지수의 변화에 1배를 초과하거나 음의 배율로 연동하여 운용하는 것은 제외한다,PSR_ART9_1_2,퇴직연금감독규정 제9조 제1항 제2호 마목 (증권 및 기타 적립금 운용방법의 종류 등 (1배수 상장지수집합투자기구 파생위험평가액 100% 한도 허용)),,퇴직연금감독규정 제9조 제1항 제2호 마목 단서 (1배 초과 또는 음의 배율 연동 배제),명칭 기반 배수 식별 및 퇴직연금감독규정 제9조 제1항 제2호 마목 단서 적용,2026-09-05,PASS (공식 검증 완료)
426020,KR7426020004,TIME 미국S&P500액티브,타임폴리오자산운용,주식-해외,가능,70% (위험자산),Y,높음,협회공시대조,https://dis.kofia.or.kr/websquare/index.jsp?w2xPath=/wq/fundann/DISFundFeeCMS.xml&divisionId=MDIS01005001000000&serviceId=SDIS01005001000,data/regulatory/sources/kofia_evidence_extract_20260905.xml,E3,1way,타임폴리오TIME미국S&amp;P500액티브증권상장지수투자신탁(주식) / 펀드유형: 주식형 / 표준코드: K553J1DT1904 / 기준일: 20220509,MOEL_WRBA_RULE_ART10_1_2,근로자퇴직급여 보장법 시행규칙 제10조 제1항 제2호 (위험자산의 범위 및 운용기준 (DC 및 IRP 위험자산 투자한도 70%)),ED_WRBA_ART26_1_2,금융투자협회 전자공시서비스(DIS) 표준 펀드유형 '주식형' XML 전수 대조 (시행규칙 제10조제1항제2호 한도 70%),KOFIA 펀드유형: 주식형 (근로자퇴직급여 보장법 시행규칙 제10조 제1항 제2호: 주식형 집합투자증권 위험자산 70% 한도),2026-09-05,PASS (공식 검증 완료)
426030,KR7426030003,TIME 미국나스닥100액티브,타임폴리오자산운용,주식-해외,가능,70% (위험자산),Y,높음,협회공시대조,https://dis.kofia.or.kr/websquare/index.jsp?w2xPath=/wq/fundann/DISFundFeeCMS.xml&divisionId=MDIS01005001000000&serviceId=SDIS01005001000,data/regulatory/sources/kofia_evidence_extract_20260905.xml,E3,1way,타임폴리오TIME미국나스닥100액티브증권상장지수투자신탁(주식) / 펀드유형: 주식형 / 표준코드: K553J1DT1912 / 기준일: 20220509,MOEL_WRBA_RULE_ART10_1_2,근로자퇴직급여 보장법 시행규칙 제10조 제1항 제2호 (위험자산의 범위 및 운용기준 (DC 및 IRP 위험자산 투자한도 70%)),ED_WRBA_ART26_1_2,금융투자협회 전자공시서비스(DIS) 표준 펀드유형 '주식형' XML 전수 대조 (시행규칙 제10조제1항제2호 한도 70%),KOFIA 펀드유형: 주식형 (근로자퇴직급여 보장법 시행규칙 제10조 제1항 제2호: 주식형 집합투자증권 위험자산 70% 한도),2026-09-05,PASS (공식 검증 완료)
426150,KR7426150009,WON 대한민국국고채액티브,우리에셋자산운용,채권,가능,100% (안전자산),Y,높음,협회공시대조,https://dis.kofia.or.kr/websquare/index.jsp?w2xPath=/wq/fundann/DISFundFeeCMS.xml&divisionId=MDIS01005001000000&serviceId=SDIS01005001000,data/regulatory/sources/kofia_evidence_extract_20260905.xml,E3,1way,우리WON대한민국국고채액티브증권상장지수투자신탁(채권) / 펀드유형: 채권형 / 표준코드: K55107DT5260 / 기준일: 20220509,PSR_ART11_1_4,퇴직연금감독규정 제11조 제1항 제4호 (적립금 운용방법 등 (원리금보장 및 채권형 등 100% 안전자산)),,금융투자협회 전자공시서비스(DIS) 표준 펀드유형 '채권형' XML 전수 대조,KOFIA 펀드유형: 채권형 (퇴직연금감독규정 제11조 제1항 제4호: 원리금보장 및 채권형 안전자산 (100% 편입 가능)),2026-09-05,PASS (공식 검증 완료)
427120,KR7427120001,RISE AI플랫폼,KB자산운용,주식-국내,가능,70% (위험자산),Y,높음,증권사·운용사교차검증,https://dis.kofia.or.kr/websquare/index.jsp?w2xPath=/wq/fundann/DISFundFeeCMS.xml&divisionId=MDIS01005001000000&serviceId=SDIS01005001000,data/regulatory/sources/kofia_evidence_extract_20260905.xml,E3,3way,KBRISEAI플랫폼증권상장지수투자신탁(주식) / 펀드유형: 주식형 / 표준코드: K55223DT7141 / 기준일: 20220516,MOEL_WRBA_RULE_ART10_1_2,근로자퇴직급여 보장법 시행규칙 제10조 제1항 제2호 (위험자산의 범위 및 운용기준 (DC 및 IRP 위험자산 투자한도 70%)),ED_WRBA_ART26_1_2,공식 출처 대조 (증권사·운용사교차검증),KOFIA 펀드유형: 주식형 (근로자퇴직급여 보장법 시행규칙 제10조 제1항 제2호: 주식형 집합투자증권 위험자산 70% 한도),2026-09-05,PASS (공식 검증 완료)
428510,KR7428510002,KODEX 차이나AI테크액티브,삼성자산운용,주식-해외,가능,70% (위험자산),Y,높음,증권사·운용사교차검증,https://dis.kofia.or.kr/websquare/index.jsp?w2xPath=/wq/fundann/DISFundFeeCMS.xml&divisionId=MDIS01005001000000&serviceId=SDIS01005001000,data/regulatory/sources/kofia_evidence_extract_20260905.xml,E3,3way,삼성KODEX차이나AI테크액티브증권상장지수투자신탁[주식] / 펀드유형: 주식형 / 표준코드: K55105DS5081 / 기준일: 20220513,MOEL_WRBA_RULE_ART10_1_2,근로자퇴직급여 보장법 시행규칙 제10조 제1항 제2호 (위험자산의 범위 및 운용기준 (DC 및 IRP 위험자산 투자한도 70%)),ED_WRBA_ART26_1_2,공식 출처 대조 (증권사·운용사교차검증),KOFIA 펀드유형: 주식형 (근로자퇴직급여 보장법 시행규칙 제10조 제1항 제2호: 주식형 집합투자증권 위험자산 70% 한도),2026-09-05,PASS (공식 검증 완료)
428560,KR7428560007,KODEX 미국ETF산업Top10 Indxx,삼성자산운용,주식-해외,가능,70% (위험자산),Y,높음,증권사·운용사교차검증,https://dis.kofia.or.kr/websquare/index.jsp?w2xPath=/wq/fundann/DISFundFeeCMS.xml&divisionId=MDIS01005001000000&serviceId=SDIS01005001000,data/regulatory/sources/kofia_evidence_extract_20260905.xml,E3,3way,삼성KODEX 미국ETF산업Top10Indxx증권상장지수투자신탁[주식] / 펀드유형: 주식형 / 표준코드: K55105DS5107 / 기준일: 20220513,MOEL_WRBA_RULE_ART10_1_2,근로자퇴직급여 보장법 시행규칙 제10조 제1항 제2호 (위험자산의 범위 및 운용기준 (DC 및 IRP 위험자산 투자한도 70%)),ED_WRBA_ART26_1_2,공식 출처 대조 (증권사·운용사교차검증),KOFIA 펀드유형: 주식형 (근로자퇴직급여 보장법 시행규칙 제10조 제1항 제2호: 주식형 집합투자증권 위험자산 70% 한도),2026-09-05,PASS (공식 검증 완료)
429000,KR7429000003,TIGER 미국S&P500배당귀족,미래에셋자산운용,주식-해외,가능,70% (위험자산),Y,높음,증권사·운용사교차검증,https://dis.kofia.or.kr/websquare/index.jsp?w2xPath=/wq/fundann/DISFundFeeCMS.xml&divisionId=MDIS01005001000000&serviceId=SDIS01005001000,data/regulatory/sources/kofia_evidence_extract_20260905.xml,E3,3way,미래에셋TIGER미국S&amp;P500배당귀족증권상장지수투자신탁(주식) / 펀드유형: 주식형 / 표준코드: K55301DS7063 / 기준일: 20220516,MOEL_WRBA_RULE_ART10_1_2,근로자퇴직급여 보장법 시행규칙 제10조 제1항 제2호 (위험자산의 범위 및 운용기준 (DC 및 IRP 위험자산 투자한도 70%)),ED_WRBA_ART26_1_2,공식 출처 대조 (증권사·운용사교차검증),KOFIA 펀드유형: 주식형 (근로자퇴직급여 보장법 시행규칙 제10조 제1항 제2호: 주식형 집합투자증권 위험자산 70% 한도),2026-09-05,PASS (공식 검증 완료)
429010,KR7429010002,TIGER 미국나스닥넥스트100,미래에셋자산운용,주식-해외,가능,70% (위험자산),Y,높음,증권사·운용사교차검증,https://dis.kofia.or.kr/websquare/index.jsp?w2xPath=/wq/fundann/DISFundFeeCMS.xml&divisionId=MDIS01005001000000&serviceId=SDIS01005001000,data/regulatory/sources/kofia_evidence_extract_20260905.xml,E3,3way,미래에셋TIGER미국나스닥넥스트100증권상장지수투자신탁(주식) / 펀드유형: 주식형 / 표준코드: K55301DT2428 / 기준일: 20220516,MOEL_WRBA_RULE_ART10_1_2,근로자퇴직급여 보장법 시행규칙 제10조 제1항 제2호 (위험자산의 범위 및 운용기준 (DC 및 IRP 위험자산 투자한도 70%)),ED_WRBA_ART26_1_2,공식 출처 대조 (증권사·운용사교차검증),KOFIA 펀드유형: 주식형 (근로자퇴직급여 보장법 시행규칙 제10조 제1항 제2호: 주식형 집합투자증권 위험자산 70% 한도),2026-09-05,PASS (공식 검증 완료)
429740,KR7429740004,PLUS K리츠,한화자산운용,리츠·인프라,가능,70% (위험자산),Y,높음,증권사·운용사교차검증,https://securities.koreainvestment.com/pension/nwEtcinfo/Notice.jsp?cmd=A_NW_33030View&num=47520,data/regulatory/sources/brokers/koreainvestment/ETF_REITs_LIST_RP_260831.xlsx,E4,3way,한국투자증권 퇴직연금 ETF 상품 현황(2026-08-31 기준) / PLUS K리츠 / 429740 / 한화 / 퇴직연금 투자한도 0.7,ED_FSCMA_ART240_4,자본시장과 금융투자업에 관한 법률 시행령 제240조 (집합투자기구의 종류별 최소투자비율 등 (부동산/리츠 집합투자기구)),PSR_ART11_2,공식 출처 대조 (증권사·운용사교차검증),한국투자증권 퇴직연금 ETF 상품 현황(2026-08-31 기준) 위험자산한도 0.7 대조 및 규제엔진 2자 합치 일치,2026-09-06,PASS (공식 검증 완료)
429760,KR7429760002,PLUS 미국S&P500,한화자산운용,주식-해외,가능,70% (위험자산),Y,높음,증권사·운용사교차검증,https://dis.kofia.or.kr/websquare/index.jsp?w2xPath=/wq/fundann/DISFundFeeCMS.xml&divisionId=MDIS01005001000000&serviceId=SDIS01005001000,data/regulatory/sources/kofia_evidence_extract_20260905.xml,E3,3way,한화PLUS미국S&amp;P500증권상장지수투자신탁(주식) / 펀드유형: 주식형 / 표준코드: K55213DS7136 / 기준일: 20220527,MOEL_WRBA_RULE_ART10_1_2,근로자퇴직급여 보장법 시행규칙 제10조 제1항 제2호 (위험자산의 범위 및 운용기준 (DC 및 IRP 위험자산 투자한도 70%)),ED_WRBA_ART26_1_2,공식 출처 대조 (증권사·운용사교차검증),KOFIA 펀드유형: 주식형 (근로자퇴직급여 보장법 시행규칙 제10조 제1항 제2호: 주식형 집합투자증권 위험자산 70% 한도),2026-09-05,PASS (공식 검증 완료)
429980,KR7429980006,SOL 한국형글로벌전기차&2차전지액티브,신한자산운용,주식-해외,가능,70% (위험자산),Y,높음,협회공시대조,https://dis.kofia.or.kr/websquare/index.jsp?w2xPath=/wq/fundann/DISFundFeeCMS.xml&divisionId=MDIS01005001000000&serviceId=SDIS01005001000,data/regulatory/sources/kofia_evidence_extract_20260905.xml,E3,1way,신한SOL한국형글로벌전기차&amp;2차전지액티브증권상장지수투자신탁[주식] / 펀드유형: 주식형 / 표준코드: K55210DU0411 / 기준일: 20220610,MOEL_WRBA_RULE_ART10_1_2,근로자퇴직급여 보장법 시행규칙 제10조 제1항 제2호 (위험자산의 범위 및 운용기준 (DC 및 IRP 위험자산 투자한도 70%)),ED_WRBA_ART26_1_2,금융투자협회 전자공시서비스(DIS) 표준 펀드유형 '주식형' XML 전수 대조 (시행규칙 제10조제1항제2호 한도 70%),KOFIA 펀드유형: 주식형 (근로자퇴직급여 보장법 시행규칙 제10조 제1항 제2호: 주식형 집합투자증권 위험자산 70% 한도),2026-09-05,PASS (공식 검증 완료)
430500,KR7430500009,KIWOOM 물가채KIS,키움투자자산운용,채권,가능,100% (안전자산),Y,높음,협회공시대조,https://dis.kofia.or.kr/websquare/index.jsp?w2xPath=/wq/fundann/DISFundFeeCMS.xml&divisionId=MDIS01005001000000&serviceId=SDIS01005001000,data/regulatory/sources/kofia_evidence_extract_20260905.xml,E3,1way,키움KIWOOM물가채KIS증권상장지수투자신탁[채권] / 펀드유형: 채권형 / 표준코드: K55206DT2960 / 기준일: 20220530,PSR_ART11_1_4,퇴직연금감독규정 제11조 제1항 제4호 (적립금 운용방법 등 (원리금보장 및 채권형 등 100% 안전자산)),,금융투자협회 전자공시서비스(DIS) 표준 펀드유형 '채권형' XML 전수 대조,KOFIA 펀드유형: 채권형 (퇴직연금감독규정 제11조 제1항 제4호: 원리금보장 및 채권형 안전자산 (100% 편입 가능)),2026-09-05,PASS (공식 검증 완료)
432600,KR7432600005,RISE 국채선물3년,KB자산운용,채권,불가,불가,Y,높음,증권사목록대조,https://securities.koreainvestment.com/pension/nwEtcinfo/Notice.jsp?cmd=A_NW_33030View&num=47520,data/regulatory/sources/brokers/koreainvestment/ETF_REITs_LIST_RP_260831.xlsx; data/regulatory/sources/brokers/koreainvestment/kis_etf_ticker_universe_20260831.txt,E4,2way,"한국투자증권 퇴직연금 ETF 상품 현황(2026-08-31 기준) 2행: ★매매불가: 레버리지/인버스/파생형/해외상장ETF / 해당 종목코드(432600 RISE 국채선물3년) 퇴직연금 매매가능 유니버스 1,021종목 전수 대조 결과 미수록(부재) 확인",PSR_ART9_1_2,퇴직연금감독규정 제9조 제1항 제2호 마목 (증권 및 기타 적립금 운용방법의 종류 등 (1배수 상장지수집합투자기구 파생위험평가액 100% 한도 허용)),FSC_FIBA_REG_ART4_54,판매사 퇴직연금 매매 불가 유니버스 대조 및 퇴직연금감독규정 제9조 (위험평가액 40% 초과 배제),"한국투자증권 엑셀 2행 '★매매불가: 레버리지/인버스/파생형/해외상장ETF' 및 1,021종목 유니버스 전수 대조 미수록(부재) 근거 편입 불가 확정",2026-09-06,PASS (공식 검증 완료)
432840,KR7432840007,HANARO 미국S&P500,NH-Amundi자산운용,주식-해외,가능,70% (위험자산),Y,높음,협회공시대조,https://dis.kofia.or.kr/websquare/index.jsp?w2xPath=/wq/fundann/DISFundFeeCMS.xml&divisionId=MDIS01005001000000&serviceId=SDIS01005001000,data/regulatory/sources/kofia_evidence_extract_20260905.xml,E3,1way,NH-AmundiHANARO미국S&amp;P500증권상장지수투자신탁(주식) / 펀드유형: 주식형 / 표준코드: K55232DU0555 / 기준일: 20220607,MOEL_WRBA_RULE_ART10_1_2,근로자퇴직급여 보장법 시행규칙 제10조 제1항 제2호 (위험자산의 범위 및 운용기준 (DC 및 IRP 위험자산 투자한도 70%)),ED_WRBA_ART26_1_2,금융투자협회 전자공시서비스(DIS) 표준 펀드유형 '주식형' XML 전수 대조 (시행규칙 제10조제1항제2호 한도 70%),KOFIA 펀드유형: 주식형 (근로자퇴직급여 보장법 시행규칙 제10조 제1항 제2호: 주식형 집합투자증권 위험자산 70% 한도),2026-09-05,PASS (공식 검증 완료)
433220,KR7433220001,에셋플러스 글로벌대장장이액티브,에셋플러스자산운용,주식-해외,가능,70% (위험자산),Y,높음,협회공시대조,https://dis.kofia.or.kr/websquare/index.jsp?w2xPath=/wq/fundann/DISFundFeeCMS.xml&divisionId=MDIS01005001000000&serviceId=SDIS01005001000,data/regulatory/sources/kofia_evidence_extract_20260905.xml,E3,1way,에셋플러스에셋플러스글로벌대장장이액티브증권상장지수투자신탁(주식) / 펀드유형: 주식형 / 표준코드: K55364DP8696 / 기준일: 20220624,MOEL_WRBA_RULE_ART10_1_2,근로자퇴직급여 보장법 시행규칙 제10조 제1항 제2호 (위험자산의 범위 및 운용기준 (DC 및 IRP 위험자산 투자한도 70%)),ED_WRBA_ART26_1_2,금융투자협회 전자공시서비스(DIS) 표준 펀드유형 '주식형' XML 전수 대조 (시행규칙 제10조제1항제2호 한도 70%),KOFIA 펀드유형: 주식형 (근로자퇴직급여 보장법 시행규칙 제10조 제1항 제2호: 주식형 집합투자증권 위험자산 70% 한도),2026-09-05,PASS (공식 검증 완료)
433250,KR7433250008,UNICORN R&D 액티브,현대자산운용,주식-국내,가능,70% (위험자산),Y,높음,협회공시대조,https://dis.kofia.or.kr/websquare/index.jsp?w2xPath=/wq/fundann/DISFundFeeCMS.xml&divisionId=MDIS01005001000000&serviceId=SDIS01005001000,data/regulatory/sources/kofia_evidence_extract_20260905.xml,E3,1way,현대UNICORNR&amp;D액티브증권상장지수투자신탁[주식] / 펀드유형: 주식형 / 표준코드: K55373DU6130 / 기준일: 20220705,MOEL_WRBA_RULE_ART10_1_2,근로자퇴직급여 보장법 시행규칙 제10조 제1항 제2호 (위험자산의 범위 및 운용기준 (DC 및 IRP 위험자산 투자한도 70%)),ED_WRBA_ART26_1_2,금융투자협회 전자공시서비스(DIS) 표준 펀드유형 '주식형' XML 전수 대조 (시행규칙 제10조제1항제2호 한도 70%),KOFIA 펀드유형: 주식형 (근로자퇴직급여 보장법 시행규칙 제10조 제1항 제2호: 주식형 집합투자증권 위험자산 70% 한도),2026-09-05,PASS (공식 검증 완료)
433330,KR7433330008,SOL 미국S&P500,신한자산운용,주식-해외,가능,70% (위험자산),Y,높음,협회공시대조,https://dis.kofia.or.kr/websquare/index.jsp?w2xPath=/wq/fundann/DISFundFeeCMS.xml&divisionId=MDIS01005001000000&serviceId=SDIS01005001000,data/regulatory/sources/kofia_evidence_extract_20260905.xml,E3,1way,신한SOL미국S&amp;P500증권상장지수투자신탁[주식] / 펀드유형: 주식형 / 표준코드: K55210DU6020 / 기준일: 20220617,MOEL_WRBA_RULE_ART10_1_2,근로자퇴직급여 보장법 시행규칙 제10조 제1항 제2호 (위험자산의 범위 및 운용기준 (DC 및 IRP 위험자산 투자한도 70%)),ED_WRBA_ART26_1_2,금융투자협회 전자공시서비스(DIS) 표준 펀드유형 '주식형' XML 전수 대조 (시행규칙 제10조제1항제2호 한도 70%),KOFIA 펀드유형: 주식형 (근로자퇴직급여 보장법 시행규칙 제10조 제1항 제2호: 주식형 집합투자증권 위험자산 70% 한도),2026-09-05,PASS (공식 검증 완료)
433500,KR7433500006,ACE 원자력TOP10,한국투자신탁운용,주식-국내,가능,70% (위험자산),Y,높음,증권사·운용사교차검증,https://dis.kofia.or.kr/websquare/index.jsp?w2xPath=/wq/fundann/DISFundFeeCMS.xml&divisionId=MDIS01005001000000&serviceId=SDIS01005001000,data/regulatory/sources/kofia_evidence_extract_20260905.xml,E3,3way,한국투자ACE원자력TOP10증권상장지수투자신탁(주식) / 펀드유형: 주식형 / 표준코드: K55101DU0363 / 기준일: 20220627,MOEL_WRBA_RULE_ART10_1_2,근로자퇴직급여 보장법 시행규칙 제10조 제1항 제2호 (위험자산의 범위 및 운용기준 (DC 및 IRP 위험자산 투자한도 70%)),ED_WRBA_ART26_1_2,공식 출처 대조 (증권사·운용사교차검증),KOFIA 펀드유형: 주식형 (근로자퇴직급여 보장법 시행규칙 제10조 제1항 제2호: 주식형 집합투자증권 위험자산 70% 한도),2026-09-05,PASS (공식 검증 완료)
433880,KR7433880002,PLUS TDF2060액티브 적격,한화자산운용,혼합·자산배분,가능,100% (안전자산),Y,높음,투자설명서대조,https://www.law.go.kr/LSW/admRulInfoP.do?admRulSeq=2200000108661,data/regulatory/sources/statutes/퇴직연금감독규정시행세칙_20260905.txt,E1B,1way,"PLUS TDF2060액티브: 목표시점 2060년, Morningstar Lifetime Allocation 지수 추종, 목표시점 이후 채무/현금 60% 이상 글라이드패스 운용계획 공시 확인 (시행세칙 제5조의2 충족)",PSR_ART11_1_9,퇴직연금감독규정 제11조 제1항 제9호 (적립금 운용방법 등 (적격 TDF 100% 안전자산)),FSS_PSR_RULE_ART5_2,퇴직연금감독규정 제11조제1항제9호 및 동 시행세칙 제5조의2 적격 TDF 요건 대조,적격 TDF 안전자산 100% (퇴직연금감독규정 제11조 제1항 제9호 및 동 시행세칙 제5조의2 충족),2026-09-05,PASS (공식 검증 완료)
433970,KR7433970001,KODEX TDF2030액티브 적격,삼성자산운용,혼합·자산배분,가능,100% (안전자산),Y,높음,증권사·운용사교차검증,https://www.law.go.kr/LSW/admRulInfoP.do?admRulSeq=2200000108661,data/regulatory/sources/statutes/퇴직연금감독규정시행세칙_20260905.txt,E1B,3way,"KODEX TDF2030액티브: 목표시점 2030년, 초기 글로벌주식 55% -> 목표시점 이후 채무/현금 60% 이상 글라이드패스 운용계획 공시 확인 (시행세칙 제5조의2 충족)",PSR_ART11_1_9,퇴직연금감독규정 제11조 제1항 제9호 (적립금 운용방법 등 (적격 TDF 100% 안전자산)),FSS_PSR_RULE_ART5_2,퇴직연금감독규정 제11조제1항제9호 및 동 시행세칙 제5조의2 적격 TDF 요건 대조,적격 TDF 안전자산 100% (퇴직연금감독규정 제11조 제1항 제9호 및 동 시행세칙 제5조의2 충족),2026-09-05,PASS (공식 검증 완료)
433980,KR7433980000,KODEX TDF2040액티브 적격,삼성자산운용,혼합·자산배분,가능,100% (안전자산),Y,높음,증권사·운용사교차검증,https://www.law.go.kr/LSW/admRulInfoP.do?admRulSeq=2200000108661,data/regulatory/sources/statutes/퇴직연금감독규정시행세칙_20260905.txt,E1B,3way,"KODEX TDF2040액티브: 목표시점 2040년, 초기 글로벌주식 70% -> 목표시점 이후 채무/현금 60% 이상 글라이드패스 운용계획 공시 확인 (시행세칙 제5조의2 충족)",PSR_ART11_1_9,퇴직연금감독규정 제11조 제1항 제9호 (적립금 운용방법 등 (적격 TDF 100% 안전자산)),FSS_PSR_RULE_ART5_2,퇴직연금감독규정 제11조제1항제9호 및 동 시행세칙 제5조의2 적격 TDF 요건 대조,적격 TDF 안전자산 100% (퇴직연금감독규정 제11조 제1항 제9호 및 동 시행세칙 제5조의2 충족),2026-09-05,PASS (공식 검증 완료)
434060,KR7434060000,KODEX TDF2050액티브 적격,삼성자산운용,혼합·자산배분,가능,100% (안전자산),Y,높음,증권사·운용사교차검증,https://www.law.go.kr/LSW/admRulInfoP.do?admRulSeq=2200000108661,data/regulatory/sources/statutes/퇴직연금감독규정시행세칙_20260905.txt,E1B,3way,"KODEX TDF2050액티브: 목표시점 2050년, 초기 글로벌주식 75% -> 목표시점 이후 채무/현금 60% 이상 글라이드패스 운용계획 공시 확인 (시행세칙 제5조의2 충족)",PSR_ART11_1_9,퇴직연금감독규정 제11조 제1항 제9호 (적립금 운용방법 등 (적격 TDF 100% 안전자산)),FSS_PSR_RULE_ART5_2,퇴직연금감독규정 제11조제1항제9호 및 동 시행세칙 제5조의2 적격 TDF 요건 대조,적격 TDF 안전자산 100% (퇴직연금감독규정 제11조 제1항 제9호 및 동 시행세칙 제5조의2 충족),2026-09-05,PASS (공식 검증 완료)
434730,KR7434730008,HANARO 원자력iSelect,NH-Amundi자산운용,주식-국내,가능,70% (위험자산),Y,높음,협회공시대조,https://dis.kofia.or.kr/websquare/index.jsp?w2xPath=/wq/fundann/DISFundFeeCMS.xml&divisionId=MDIS01005001000000&serviceId=SDIS01005001000,data/regulatory/sources/kofia_evidence_extract_20260905.xml,E3,1way,NH-AmundiHANARO원자력iSelect증권상장지수투자신탁(주식) / 펀드유형: 주식형 / 표준코드: K55232DU8475 / 기준일: 20220627,MOEL_WRBA_RULE_ART10_1_2,근로자퇴직급여 보장법 시행규칙 제10조 제1항 제2호 (위험자산의 범위 및 운용기준 (DC 및 IRP 위험자산 투자한도 70%)),ED_WRBA_ART26_1_2,금융투자협회 전자공시서비스(DIS) 표준 펀드유형 '주식형' XML 전수 대조 (시행규칙 제10조제1항제2호 한도 70%),KOFIA 펀드유형: 주식형 (근로자퇴직급여 보장법 시행규칙 제10조 제1항 제2호: 주식형 집합투자증권 위험자산 70% 한도),2026-09-05,PASS (공식 검증 완료)
434960,KR7434960001,DAISHIN K200,대신자산운용,주식-국내,가능,70% (위험자산),Y,높음,협회공시대조,https://dis.kofia.or.kr/websquare/index.jsp?w2xPath=/wq/fundann/DISFundFeeCMS.xml&divisionId=MDIS01005001000000&serviceId=SDIS01005001000,data/regulatory/sources/kofia_evidence_extract_20260905.xml,E3,1way,대신DAISHINK200증권상장지수투자신탁[주식] / 펀드유형: 주식형 / 표준코드: K55203DT1106 / 기준일: 20220627,MOEL_WRBA_RULE_ART10_1_2,근로자퇴직급여 보장법 시행규칙 제10조 제1항 제2호 (위험자산의 범위 및 운용기준 (DC 및 IRP 위험자산 투자한도 70%)),ED_WRBA_ART26_1_2,금융투자협회 전자공시서비스(DIS) 표준 펀드유형 '주식형' XML 전수 대조 (시행규칙 제10조제1항제2호 한도 70%),KOFIA 펀드유형: 주식형 (근로자퇴직급여 보장법 시행규칙 제10조 제1항 제2호: 주식형 집합투자증권 위험자산 70% 한도),2026-09-05,PASS (공식 검증 완료)
435040,KR7435040001,ACE 글로벌브랜드TOP10,한국투자신탁운용,주식-해외,가능,70% (위험자산),Y,높음,증권사·운용사교차검증,https://dis.kofia.or.kr/websquare/index.jsp?w2xPath=/wq/fundann/DISFundFeeCMS.xml&divisionId=MDIS01005001000000&serviceId=SDIS01005001000,data/regulatory/sources/kofia_evidence_extract_20260905.xml,E3,3way,한국투자ACE글로벌브랜드TOP10증권상장지수투자신탁(주식) / 펀드유형: 주식형 / 표준코드: K55101DU3912 / 기준일: 20220627,MOEL_WRBA_RULE_ART10_1_2,근로자퇴직급여 보장법 시행규칙 제10조 제1항 제2호 (위험자산의 범위 및 운용기준 (DC 및 IRP 위험자산 투자한도 70%)),ED_WRBA_ART26_1_2,공식 출처 대조 (증권사·운용사교차검증),KOFIA 펀드유형: 주식형 (근로자퇴직급여 보장법 시행규칙 제10조 제1항 제2호: 주식형 집합투자증권 위험자산 70% 한도),2026-09-05,PASS (공식 검증 완료)
435420,KR7435420005,TIGER 미국나스닥100채권혼합50,미래에셋자산운용,채권,가능,100% (안전자산),Y,높음,증권사·운용사교차검증,https://dis.kofia.or.kr/websquare/index.jsp?w2xPath=/wq/fundann/DISFundFeeCMS.xml&divisionId=MDIS01005001000000&serviceId=SDIS01005001000,data/regulatory/sources/kofia_evidence_extract_20260905.xml,E3,3way,미래에셋TIGER미국나스닥100채권혼합50증권상장지수투자신탁(채권혼합) / 펀드유형: 혼합채권형 / 표준코드: K55301DU4926 / 기준일: 20220701,PSR_ART11_1_5,퇴직연금감독규정 제11조 제1항 제5호 (적립금 운용방법 등 (주식 50% 미만 채권혼합형 100% 안전자산)),,금융감독원 DART 투자설명서 신탁계약서 제16조 주식편입한도 대조 (증권사·운용사교차검증),KOFIA 펀드유형: 혼합채권형 (퇴직연금감독규정 제11조 제1항 제5호: 약관상 주식 투자한도 50% 미만 혼합채권형 안전자산 100% 한도),2026-09-05,PASS (공식 검증 완료)
435530,KR7435530001,KIWOOM TDF2030액티브 적격,키움투자자산운용,혼합·자산배분,가능,100% (안전자산),Y,높음,투자설명서대조,https://www.law.go.kr/LSW/admRulInfoP.do?admRulSeq=2200000108661,data/regulatory/sources/statutes/퇴직연금감독규정시행세칙_20260905.txt,E1B,1way,"KIWOOM TDF2030액티브: 목표시점 2030년, Dow Jones Target 2030 지수 추종, 목표시점 이후 채무증권 60% 이상 글라이드패스 운용계획 공시 확인 (시행세칙 제5조의2 충족)",PSR_ART11_1_9,퇴직연금감독규정 제11조 제1항 제9호 (적립금 운용방법 등 (적격 TDF 100% 안전자산)),FSS_PSR_RULE_ART5_2,퇴직연금감독규정 제11조제1항제9호 및 동 시행세칙 제5조의2 적격 TDF 요건 대조,적격 TDF 안전자산 100% (퇴직연금감독규정 제11조 제1항 제9호 및 동 시행세칙 제5조의2 충족),2026-09-05,PASS (공식 검증 완료)
435540,KR7435540000,KIWOOM TDF2040액티브 적격,키움투자자산운용,혼합·자산배분,가능,100% (안전자산),Y,높음,투자설명서대조,https://www.law.go.kr/LSW/admRulInfoP.do?admRulSeq=2200000108661,data/regulatory/sources/statutes/퇴직연금감독규정시행세칙_20260905.txt,E1B,1way,"KIWOOM TDF2040액티브: 목표시점 2040년, Dow Jones Target 2040 지수 추종, 목표시점 이후 채무증권 60% 이상 글라이드패스 운용계획 공시 확인 (시행세칙 제5조의2 충족)",PSR_ART11_1_9,퇴직연금감독규정 제11조 제1항 제9호 (적립금 운용방법 등 (적격 TDF 100% 안전자산)),FSS_PSR_RULE_ART5_2,퇴직연금감독규정 제11조제1항제9호 및 동 시행세칙 제5조의2 적격 TDF 요건 대조,적격 TDF 안전자산 100% (퇴직연금감독규정 제11조 제1항 제9호 및 동 시행세칙 제5조의2 충족),2026-09-05,PASS (공식 검증 완료)
435550,KR7435550009,KIWOOM TDF2050액티브 적격,키움투자자산운용,혼합·자산배분,가능,100% (안전자산),Y,높음,투자설명서대조,https://www.law.go.kr/LSW/admRulInfoP.do?admRulSeq=2200000108661,data/regulatory/sources/statutes/퇴직연금감독규정시행세칙_20260905.txt,E1B,1way,"KIWOOM TDF2050액티브: 목표시점 2050년, Dow Jones Target 2050 지수 추종, 목표시점 이후 채무증권 60% 이상 글라이드패스 운용계획 공시 확인 (시행세칙 제5조의2 충족)",PSR_ART11_1_9,퇴직연금감독규정 제11조 제1항 제9호 (적립금 운용방법 등 (적격 TDF 100% 안전자산)),FSS_PSR_RULE_ART5_2,퇴직연금감독규정 제11조제1항제9호 및 동 시행세칙 제5조의2 적격 TDF 요건 대조,적격 TDF 안전자산 100% (퇴직연금감독규정 제11조 제1항 제9호 및 동 시행세칙 제5조의2 충족),2026-09-05,PASS (공식 검증 완료)
436140,KR7436140008,SOL 종합채권(AA-이상)액티브,신한자산운용,채권,가능,100% (안전자산),Y,높음,협회공시대조,https://dis.kofia.or.kr/websquare/index.jsp?w2xPath=/wq/fundann/DISFundFeeCMS.xml&divisionId=MDIS01005001000000&serviceId=SDIS01005001000,data/regulatory/sources/kofia_evidence_extract_20260905.xml,E3,1way,신한SOL종합채권(AA-이상)액티브증권상장지수투자신탁[채권] / 펀드유형: 채권형 / 표준코드: K55210DV5914 / 기준일: 20220805,PSR_ART11_1_4,퇴직연금감독규정 제11조 제1항 제4호 (적립금 운용방법 등 (원리금보장 및 채권형 등 100% 안전자산)),,금융투자협회 전자공시서비스(DIS) 표준 펀드유형 '채권형' XML 전수 대조,KOFIA 펀드유형: 채권형 (퇴직연금감독규정 제11조 제1항 제4호: 원리금보장 및 채권형 안전자산 (100% 편입 가능)),2026-09-05,PASS (공식 검증 완료)
437070,KR7437070006,KODEX 아시아달러채권ESG플러스액티브,삼성자산운용,채권,가능,100% (안전자산),Y,높음,증권사·운용사교차검증,https://dis.kofia.or.kr/websquare/index.jsp?w2xPath=/wq/fundann/DISFundFeeCMS.xml&divisionId=MDIS01005001000000&serviceId=SDIS01005001000,data/regulatory/sources/kofia_evidence_extract_20260905.xml,E3,3way,삼성KODEX아시아달러채권ESG플러스액티브증권상장지수투자신탁[채권] / 펀드유형: 채권형 / 표준코드: K55105DR4770 / 기준일: 20220803,PSR_ART11_1_4,퇴직연금감독규정 제11조 제1항 제4호 (적립금 운용방법 등 (원리금보장 및 채권형 등 100% 안전자산)),,금융감독원 DART 투자설명서 대조 (증권사·운용사교차검증),KOFIA 펀드유형: 채권형 (퇴직연금감독규정 제11조 제1항 제4호: 원리금보장 및 채권형 안전자산 (100% 편입 가능)),2026-09-05,PASS (공식 검증 완료)
437080,KR7437080005,KODEX 미국종합채권ESG액티브(H),삼성자산운용,채권,가능,100% (안전자산),Y,높음,증권사·운용사교차검증,https://dis.kofia.or.kr/websquare/index.jsp?w2xPath=/wq/fundann/DISFundFeeCMS.xml&divisionId=MDIS01005001000000&serviceId=SDIS01005001000,data/regulatory/sources/kofia_evidence_extract_20260905.xml,E3,3way,삼성KODEX미국종합채권ESG액티브증권상장지수투자신탁[채권](H) / 펀드유형: 채권형 / 표준코드: K55105DR4788 / 기준일: 20220803,PSR_ART11_1_4,퇴직연금감독규정 제11조 제1항 제4호 (적립금 운용방법 등 (원리금보장 및 채권형 등 100% 안전자산)),,금융감독원 DART 투자설명서 대조 (증권사·운용사교차검증),KOFIA 펀드유형: 채권형 (퇴직연금감독규정 제11조 제1항 제4호: 원리금보장 및 채권형 안전자산 (100% 편입 가능)),2026-09-05,PASS (공식 검증 완료)
437350,KR7437350002,RISE 미국단기투자등급회사채액티브,KB자산운용,채권,가능,100% (안전자산),Y,높음,협회공시대조,https://dis.kofia.or.kr/websquare/index.jsp?w2xPath=/wq/fundann/DISFundFeeCMS.xml&divisionId=MDIS01005001000000&serviceId=SDIS01005001000,data/regulatory/sources/kofia_evidence_extract_20260905.xml,E3,1way,KBRISE미국단기투자등급회사채액티브증권상장지수투자신탁(채권) / 펀드유형: 채권형 / 표준코드: K55223DV1603 / 기준일: 20220725,PSR_ART11_1_4,퇴직연금감독규정 제11조 제1항 제4호 (적립금 운용방법 등 (원리금보장 및 채권형 등 100% 안전자산)),,금융투자협회 전자공시서비스(DIS) 표준 펀드유형 '채권형' XML 전수 대조,KOFIA 펀드유형: 채권형 (퇴직연금감독규정 제11조 제1항 제4호: 원리금보장 및 채권형 안전자산 (100% 편입 가능)),2026-09-05,PASS (공식 검증 완료)
437370,KR7437370000,RISE 글로벌농업경제,KB자산운용,주식-해외,가능,70% (위험자산),Y,높음,증권사·운용사교차검증,https://dis.kofia.or.kr/websquare/index.jsp?w2xPath=/wq/fundann/DISFundFeeCMS.xml&divisionId=MDIS01005001000000&serviceId=SDIS01005001000,data/regulatory/sources/kofia_evidence_extract_20260905.xml,E3,3way,KBRISE글로벌농업경제MV증권상장지수투자신탁(주식) / 펀드유형: 주식형 / 표준코드: K55223DV1611 / 기준일: 20220722,MOEL_WRBA_RULE_ART10_1_2,근로자퇴직급여 보장법 시행규칙 제10조 제1항 제2호 (위험자산의 범위 및 운용기준 (DC 및 IRP 위험자산 투자한도 70%)),ED_WRBA_ART26_1_2,공식 출처 대조 (증권사·운용사교차검증),KOFIA 펀드유형: 주식형 (근로자퇴직급여 보장법 시행규칙 제10조 제1항 제2호: 주식형 집합투자증권 위험자산 70% 한도),2026-09-05,PASS (공식 검증 완료)
438080,KR7438080004,ACE 미국S&P500미국채혼합50액티브,한국투자신탁운용,채권,가능,100% (안전자산),Y,높음,증권사·운용사교차검증,https://dis.kofia.or.kr/websquare/index.jsp?w2xPath=/wq/fundann/DISFundFeeCMS.xml&divisionId=MDIS01005001000000&serviceId=SDIS01005001000,data/regulatory/sources/kofia_evidence_extract_20260905.xml,E3,3way,한국투자ACE미국S&amp;P500미국채혼합50액티브증권상장지수투자신탁(채권혼합) / 펀드유형: 혼합채권형 / 표준코드: K55101DU8887 / 기준일: 20220825,PSR_ART11_1_5,퇴직연금감독규정 제11조 제1항 제5호 (적립금 운용방법 등 (주식 50% 미만 채권혼합형 100% 안전자산)),,금융감독원 DART 투자설명서 신탁계약서 제16조 주식편입한도 대조 (증권사·운용사교차검증),KOFIA 펀드유형: 혼합채권형 (퇴직연금감독규정 제11조 제1항 제5호: 약관상 주식 투자한도 50% 미만 혼합채권형 안전자산 100% 한도),2026-09-05,PASS (공식 검증 완료)
438100,KR7438100000,ACE 미국나스닥100미국채혼합50액티브,한국투자신탁운용,채권,가능,100% (안전자산),Y,높음,증권사·운용사교차검증,https://dis.kofia.or.kr/websquare/index.jsp?w2xPath=/wq/fundann/DISFundFeeCMS.xml&divisionId=MDIS01005001000000&serviceId=SDIS01005001000,data/regulatory/sources/kofia_evidence_extract_20260905.xml,E3,3way,한국투자ACE미국나스닥100미국채혼합50액티브증권상장지수투자신탁(채권혼합) / 펀드유형: 혼합채권형 / 표준코드: K55101DU8879 / 기준일: 20220825,PSR_ART11_1_5,퇴직연금감독규정 제11조 제1항 제5호 (적립금 운용방법 등 (주식 50% 미만 채권혼합형 100% 안전자산)),,금융감독원 DART 투자설명서 신탁계약서 제16조 주식편입한도 대조 (증권사·운용사교차검증),KOFIA 펀드유형: 혼합채권형 (퇴직연금감독규정 제11조 제1항 제5호: 약관상 주식 투자한도 50% 미만 혼합채권형 안전자산 100% 한도),2026-09-05,PASS (공식 검증 완료)
438320,KR7438320004,TIGER 차이나항셍테크레버리지(합성 H),미래에셋자산운용,주식-해외,불가,불가,Y,보통,법령조건직접판정,https://www.law.go.kr/LSW//admRulInfoP.do?admRulSeq=2100000244795&chrClsCd=010201,data/regulatory/sources/statutes/퇴직연금감독규정_20260905.txt,RULE_NAME,1way,퇴직연금감독규정 제9조 제1항 제2호 마목: 상장지수집합투자기구가 목표로 하는 지수의 변화에 1배를 초과하거나 음의 배율로 연동하여 운용하는 것은 제외한다,PSR_ART9_1_2,퇴직연금감독규정 제9조 제1항 제2호 마목 (증권 및 기타 적립금 운용방법의 종류 등 (1배수 상장지수집합투자기구 파생위험평가액 100% 한도 허용)),,퇴직연금감독규정 제9조 제1항 제2호 마목 단서 (1배 초과 또는 음의 배율 연동 배제),명칭 기반 배수 식별 및 퇴직연금감독규정 제9조 제1항 제2호 마목 단서 적용,2026-09-05,PASS (공식 검증 완료)
438330,KR7438330003,TIGER 우량회사채액티브,미래에셋자산운용,채권,가능,100% (안전자산),Y,높음,증권사·운용사교차검증,https://dis.kofia.or.kr/websquare/index.jsp?w2xPath=/wq/fundann/DISFundFeeCMS.xml&divisionId=MDIS01005001000000&serviceId=SDIS01005001000,data/regulatory/sources/kofia_evidence_extract_20260905.xml,E3,3way,미래에셋TIGER우량회사채액티브증권상장지수투자신탁(채권) / 펀드유형: 채권형 / 표준코드: K55301DW0609 / 기준일: 20220818,PSR_ART11_1_4,퇴직연금감독규정 제11조 제1항 제4호 (적립금 운용방법 등 (원리금보장 및 채권형 등 100% 안전자산)),,금융감독원 DART 투자설명서 대조 (증권사·운용사교차검증),KOFIA 펀드유형: 채권형 (퇴직연금감독규정 제11조 제1항 제4호: 원리금보장 및 채권형 안전자산 (100% 편입 가능)),2026-09-05,PASS (공식 검증 완료)
438560,KR7438560005,SOL 국고채3년,신한자산운용,채권,가능,100% (안전자산),Y,높음,협회공시대조,https://dis.kofia.or.kr/websquare/index.jsp?w2xPath=/wq/fundann/DISFundFeeCMS.xml&divisionId=MDIS01005001000000&serviceId=SDIS01005001000,data/regulatory/sources/kofia_evidence_extract_20260905.xml,E3,1way,신한SOL국고채3년증권상장지수투자신탁[채권] / 펀드유형: 채권형 / 표준코드: K55210DW6796 / 기준일: 20220905,PSR_ART11_1_4,퇴직연금감독규정 제11조 제1항 제4호 (적립금 운용방법 등 (원리금보장 및 채권형 등 100% 안전자산)),,금융투자협회 전자공시서비스(DIS) 표준 펀드유형 '채권형' XML 전수 대조,KOFIA 펀드유형: 채권형 (퇴직연금감독규정 제11조 제1항 제4호: 원리금보장 및 채권형 안전자산 (100% 편입 가능)),2026-09-05,PASS (공식 검증 완료)
438570,KR7438570004,SOL 국고채10년,신한자산운용,채권,가능,100% (안전자산),Y,높음,협회공시대조,https://dis.kofia.or.kr/websquare/index.jsp?w2xPath=/wq/fundann/DISFundFeeCMS.xml&divisionId=MDIS01005001000000&serviceId=SDIS01005001000,data/regulatory/sources/kofia_evidence_extract_20260905.xml,E3,1way,신한SOL국고채10년증권상장지수투자신탁[채권] / 펀드유형: 채권형 / 표준코드: K55210DW6804 / 기준일: 20220905,PSR_ART11_1_4,퇴직연금감독규정 제11조 제1항 제4호 (적립금 운용방법 등 (원리금보장 및 채권형 등 100% 안전자산)),,금융투자협회 전자공시서비스(DIS) 표준 펀드유형 '채권형' XML 전수 대조,KOFIA 펀드유형: 채권형 (퇴직연금감독규정 제11조 제1항 제4호: 원리금보장 및 채권형 안전자산 (100% 편입 가능)),2026-09-05,PASS (공식 검증 완료)
438740,KR7438740003,MIDAS 중소형액티브,마이다스에셋자산운용,주식-국내,가능,70% (위험자산),Y,높음,협회공시대조,https://dis.kofia.or.kr/websquare/index.jsp?w2xPath=/wq/fundann/DISFundFeeCMS.xml&divisionId=MDIS01005001000000&serviceId=SDIS01005001000,data/regulatory/sources/kofia_evidence_extract_20260905.xml,E3,1way,마이다스MIDAS중소형액티브증권상장지수투자신탁(주식) / 펀드유형: 주식형 / 표준코드: K55303DW3692 / 기준일: 20220816,MOEL_WRBA_RULE_ART10_1_2,근로자퇴직급여 보장법 시행규칙 제10조 제1항 제2호 (위험자산의 범위 및 운용기준 (DC 및 IRP 위험자산 투자한도 70%)),ED_WRBA_ART26_1_2,금융투자협회 전자공시서비스(DIS) 표준 펀드유형 '주식형' XML 전수 대조 (시행규칙 제10조제1항제2호 한도 70%),KOFIA 펀드유형: 주식형 (근로자퇴직급여 보장법 시행규칙 제10조 제1항 제2호: 주식형 집합투자증권 위험자산 70% 한도),2026-09-05,PASS (공식 검증 완료)
438900,KR7438900003,HANARO Fn K-푸드,NH-Amundi자산운용,주식-국내,가능,70% (위험자산),Y,높음,협회공시대조,https://dis.kofia.or.kr/websquare/index.jsp?w2xPath=/wq/fundann/DISFundFeeCMS.xml&divisionId=MDIS01005001000000&serviceId=SDIS01005001000,data/regulatory/sources/kofia_evidence_extract_20260905.xml,E3,1way,NH-AmundiHANAROFnK-푸드증권상장지수투자신탁(주식) / 펀드유형: 주식형 / 표준코드: K55232DW2039 / 기준일: 20220816,MOEL_WRBA_RULE_ART10_1_2,근로자퇴직급여 보장법 시행규칙 제10조 제1항 제2호 (위험자산의 범위 및 운용기준 (DC 및 IRP 위험자산 투자한도 70%)),ED_WRBA_ART26_1_2,금융투자협회 전자공시서비스(DIS) 표준 펀드유형 '주식형' XML 전수 대조 (시행규칙 제10조제1항제2호 한도 70%),KOFIA 펀드유형: 주식형 (근로자퇴직급여 보장법 시행규칙 제10조 제1항 제2호: 주식형 집합투자증권 위험자산 70% 한도),2026-09-05,PASS (공식 검증 완료)
439860,KR7439860008,KODEX ESG종합채권(A-이상)액티브,삼성자산운용,채권,가능,100% (안전자산),Y,높음,증권사·운용사교차검증,https://dis.kofia.or.kr/websquare/index.jsp?w2xPath=/wq/fundann/DISFundFeeCMS.xml&divisionId=MDIS01005001000000&serviceId=SDIS01005001000,data/regulatory/sources/kofia_evidence_extract_20260905.xml,E3,3way,삼성KODEXESG종합채권(A-이상)액티브증권상장지수투자신탁[채권] / 펀드유형: 채권형 / 표준코드: K55105DR2899 / 기준일: 20220822,PSR_ART11_1_4,퇴직연금감독규정 제11조 제1항 제4호 (적립금 운용방법 등 (원리금보장 및 채권형 등 100% 안전자산)),,금융감독원 DART 투자설명서 대조 (증권사·운용사교차검증),KOFIA 펀드유형: 채권형 (퇴직연금감독규정 제11조 제1항 제4호: 원리금보장 및 채권형 안전자산 (100% 편입 가능)),2026-09-05,PASS (공식 검증 완료)
439870,KR7439870007,KODEX 국고채30년액티브,삼성자산운용,채권,가능,100% (안전자산),Y,높음,증권사·운용사교차검증,https://dis.kofia.or.kr/websquare/index.jsp?w2xPath=/wq/fundann/DISFundFeeCMS.xml&divisionId=MDIS01005001000000&serviceId=SDIS01005001000,data/regulatory/sources/kofia_evidence_extract_20260905.xml,E3,3way,삼성KODEX국고채30년액티브증권상장지수투자신탁[채권] / 펀드유형: 채권형 / 표준코드: K55105DV4568 / 기준일: 20220822,PSR_ART11_1_4,퇴직연금감독규정 제11조 제1항 제4호 (적립금 운용방법 등 (원리금보장 및 채권형 등 100% 안전자산)),,금융감독원 DART 투자설명서 대조 (증권사·운용사교차검증),KOFIA 펀드유형: 채권형 (퇴직연금감독규정 제11조 제1항 제4호: 원리금보장 및 채권형 안전자산 (100% 편입 가능)),2026-09-05,PASS (공식 검증 완료)
440340,KR7440340008,TIGER 글로벌멀티에셋TIF액티브,미래에셋자산운용,혼합·자산배분,가능,100% (안전자산),Y,높음,증권사·운용사교차검증,https://dis.kofia.or.kr/websquare/index.jsp?w2xPath=/wq/fundann/DISFundFeeCMS.xml&divisionId=MDIS01005001000000&serviceId=SDIS01005001000,data/regulatory/sources/kofia_evidence_extract_20260905.xml,E3,3way,미래에셋TIGER글로벌멀티에셋TIF액티브증권상장지수투자신탁(채권혼합) / 펀드유형: 혼합채권형 / 표준코드: K55301DW0591 / 기준일: 20220826,PSR_ART11_1_5,퇴직연금감독규정 제11조 제1항 제5호 (적립금 운용방법 등 (주식 50% 미만 채권혼합형 100% 안전자산)),,금융감독원 DART 투자설명서 신탁계약서 제16조 주식편입한도 대조 (증권사·운용사교차검증),KOFIA 펀드유형: 혼합채권형 (퇴직연금감독규정 제11조 제1항 제5호: 약관상 주식 투자한도 50% 미만 혼합채권형 안전자산 100% 한도),2026-09-05,PASS (공식 검증 완료)
440640,KR7440640001,ACE 단기채권알파액티브,한국투자신탁운용,채권,가능,100% (안전자산),Y,높음,증권사·운용사교차검증,https://dis.kofia.or.kr/websquare/index.jsp?w2xPath=/wq/fundann/DISFundFeeCMS.xml&divisionId=MDIS01005001000000&serviceId=SDIS01005001000,data/regulatory/sources/kofia_evidence_extract_20260905.xml,E3,3way,한국투자ACE단기채권알파액티브증권상장지수투자신탁(채권) / 펀드유형: 채권형 / 표준코드: K55101DW2771 / 기준일: 20220822,PSR_ART11_1_4,퇴직연금감독규정 제11조 제1항 제4호 (적립금 운용방법 등 (원리금보장 및 채권형 등 100% 안전자산)),,금융감독원 DART 투자설명서 대조 (증권사·운용사교차검증),KOFIA 펀드유형: 채권형 (퇴직연금감독규정 제11조 제1항 제4호: 원리금보장 및 채권형 안전자산 (100% 편입 가능)),2026-09-05,PASS (공식 검증 완료)
440650,KR7440650000,ACE 미국달러단기채권액티브,한국투자신탁운용,채권,가능,100% (안전자산),Y,높음,증권사·운용사교차검증,https://dis.kofia.or.kr/websquare/index.jsp?w2xPath=/wq/fundann/DISFundFeeCMS.xml&divisionId=MDIS01005001000000&serviceId=SDIS01005001000,data/regulatory/sources/kofia_evidence_extract_20260905.xml,E3,3way,한국투자ACE미국달러단기채권액티브증권상장지수투자신탁(채권) / 펀드유형: 채권형 / 표준코드: K55101DW3258 / 기준일: 20220822,PSR_ART11_1_4,퇴직연금감독규정 제11조 제1항 제4호 (적립금 운용방법 등 (원리금보장 및 채권형 등 100% 안전자산)),,금융감독원 DART 투자설명서 대조 (증권사·운용사교차검증),KOFIA 펀드유형: 채권형 (퇴직연금감독규정 제11조 제1항 제4호: 원리금보장 및 채권형 안전자산 (100% 편입 가능)),2026-09-05,PASS (공식 검증 완료)
440910,KR7440910008,WON 미국우주항공방산,우리에셋자산운용,주식-해외,가능,70% (위험자산),Y,높음,협회공시대조,https://dis.kofia.or.kr/websquare/index.jsp?w2xPath=/wq/fundann/DISFundFeeCMS.xml&divisionId=MDIS01005001000000&serviceId=SDIS01005001000,data/regulatory/sources/kofia_evidence_extract_20260905.xml,E3,1way,우리WON미국우주항공방산증권상장지수투자신탁(주식) / 펀드유형: 주식형 / 표준코드: K55107DW3997 / 기준일: 20220825,MOEL_WRBA_RULE_ART10_1_2,근로자퇴직급여 보장법 시행규칙 제10조 제1항 제2호 (위험자산의 범위 및 운용기준 (DC 및 IRP 위험자산 투자한도 70%)),ED_WRBA_ART26_1_2,금융투자협회 전자공시서비스(DIS) 표준 펀드유형 '주식형' XML 전수 대조 (시행규칙 제10조제1항제2호 한도 70%),KOFIA 펀드유형: 주식형 (근로자퇴직급여 보장법 시행규칙 제10조 제1항 제2호: 주식형 집합투자증권 위험자산 70% 한도),2026-09-05,PASS (공식 검증 완료)
441540,KR7441540002,HANARO Fn조선해운,NH-Amundi자산운용,주식-국내,가능,70% (위험자산),Y,높음,협회공시대조,https://dis.kofia.or.kr/websquare/index.jsp?w2xPath=/wq/fundann/DISFundFeeCMS.xml&divisionId=MDIS01005001000000&serviceId=SDIS01005001000,data/regulatory/sources/kofia_evidence_extract_20260905.xml,E3,1way,NH-AmundiHANAROFn조선해운증권상장지수투자신탁(주식) / 펀드유형: 주식형 / 표준코드: K55232DV7591 / 기준일: 20220914,MOEL_WRBA_RULE_ART10_1_2,근로자퇴직급여 보장법 시행규칙 제10조 제1항 제2호 (위험자산의 범위 및 운용기준 (DC 및 IRP 위험자산 투자한도 70%)),ED_WRBA_ART26_1_2,금융투자협회 전자공시서비스(DIS) 표준 펀드유형 '주식형' XML 전수 대조 (시행규칙 제10조제1항제2호 한도 70%),KOFIA 펀드유형: 주식형 (근로자퇴직급여 보장법 시행규칙 제10조 제1항 제2호: 주식형 집합투자증권 위험자산 70% 한도),2026-09-05,PASS (공식 검증 완료)
441640,KR7441640000,KODEX 미국배당커버드콜액티브,삼성자산운용,주식-해외,가능,70% (위험자산),Y,높음,증권사·운용사교차검증,https://securities.koreainvestment.com/pension/nwEtcinfo/Notice.jsp?cmd=A_NW_33030View&num=47520,data/regulatory/sources/brokers/koreainvestment/ETF_REITs_LIST_RP_260831.xlsx,E4,3way,삼성자산운용 KODEX 공시 [441640 / KODEX 미국배당커버드콜액티브 / ivPsbReti: 70%] & 한국투자증권 공시 [441640 / KODEX 미국배당커버드콜액티브 / 위험자산한도: 0.7],MOEL_WRBA_RULE_ART10_1_2,근로자퇴직급여 보장법 시행규칙 제10조 제1항 제2호 (위험자산의 범위 및 운용기준 (DC 및 IRP 위험자산 투자한도 70%)),ED_WRBA_ART26_1_2,공식 출처 대조 (증권사·운용사교차검증),삼성자산운용 KODEX 연금투자 공시 [stkTicker: 441640 / ivPsbReti: 70%] 및 한국투자증권 공시 [단축코드: 441640 / 위험자산한도: 0.7] 100% 교차 일치,2026-09-06,PASS (공식 검증 완료)
441680,KR7441680006,TIGER 미국나스닥100커버드콜(합성),미래에셋자산운용,주식-해외,가능,70% (위험자산),Y,높음,증권사·운용사교차검증,https://securities.koreainvestment.com/pension/nwEtcinfo/Notice.jsp?cmd=A_NW_33030View&num=47520,data/regulatory/sources/brokers/koreainvestment/ETF_REITs_LIST_RP_260831.xlsx,E4,3way,미래에셋자산운용 TIGER 공시 [KR7441680006 /  / 퇴직연금 70%] & 한국투자증권 공시 [441680 / TIGER 미국나스닥100커버드콜(합성) / 위험자산한도: 0.7],MOEL_WRBA_RULE_ART10_1_2,근로자퇴직급여 보장법 시행규칙 제10조 제1항 제2호 (위험자산의 범위 및 운용기준 (DC 및 IRP 위험자산 투자한도 70%)),ED_WRBA_ART26_1_2,공식 출처 대조 (증권사·운용사교차검증),미래에셋자산운용 TIGER 공시 [KR7441680006 / 퇴직연금 70%] 및 한국투자증권 공시 [단축코드: 441680 / 위험자산한도: 0.7] 100% 교차 일치,2026-09-06,PASS (공식 검증 완료)
441800,KR7441800000,TIME Korea플러스배당액티브,타임폴리오자산운용,주식-국내,가능,70% (위험자산),Y,높음,협회공시대조,https://dis.kofia.or.kr/websquare/index.jsp?w2xPath=/wq/fundann/DISFundFeeCMS.xml&divisionId=MDIS01005001000000&serviceId=SDIS01005001000,data/regulatory/sources/kofia_evidence_extract_20260905.xml,E3,1way,타임폴리오TIMEKorea플러스배당액티브증권상장지수투자신탁[주식] / 펀드유형: 주식형 / 표준코드: K553J1DW4846 / 기준일: 20220926,MOEL_WRBA_RULE_ART10_1_2,근로자퇴직급여 보장법 시행규칙 제10조 제1항 제2호 (위험자산의 범위 및 운용기준 (DC 및 IRP 위험자산 투자한도 70%)),ED_WRBA_ART26_1_2,금융투자협회 전자공시서비스(DIS) 표준 펀드유형 '주식형' XML 전수 대조 (시행규칙 제10조제1항제2호 한도 70%),KOFIA 펀드유형: 주식형 (근로자퇴직급여 보장법 시행규칙 제10조 제1항 제2호: 주식형 집합투자증권 위험자산 70% 한도),2026-09-05,PASS (공식 검증 완료)
442090,KR7442090007,에셋플러스 코리아대장장이액티브,에셋플러스자산운용,주식-국내,가능,70% (위험자산),Y,높음,협회공시대조,https://dis.kofia.or.kr/websquare/index.jsp?w2xPath=/wq/fundann/DISFundFeeCMS.xml&divisionId=MDIS01005001000000&serviceId=SDIS01005001000,data/regulatory/sources/kofia_evidence_extract_20260905.xml,E3,1way,에셋플러스에셋플러스코리아대장장이액티브증권상장지수투자신탁(주식) / 펀드유형: 주식형 / 표준코드: K55364DP6658 / 기준일: 20220919,MOEL_WRBA_RULE_ART10_1_2,근로자퇴직급여 보장법 시행규칙 제10조 제1항 제2호 (위험자산의 범위 및 운용기준 (DC 및 IRP 위험자산 투자한도 70%)),ED_WRBA_ART26_1_2,금융투자협회 전자공시서비스(DIS) 표준 펀드유형 '주식형' XML 전수 대조 (시행규칙 제10조제1항제2호 한도 70%),KOFIA 펀드유형: 주식형 (근로자퇴직급여 보장법 시행규칙 제10조 제1항 제2호: 주식형 집합투자증권 위험자산 70% 한도),2026-09-05,PASS (공식 검증 완료)
442260,KR7442260006,마이티 다이나믹퀀트액티브,현대자산운용,주식-국내,가능,70% (위험자산),Y,높음,협회공시대조,https://dis.kofia.or.kr/websquare/index.jsp?w2xPath=/wq/fundann/DISFundFeeCMS.xml&divisionId=MDIS01005001000000&serviceId=SDIS01005001000,data/regulatory/sources/kofia_evidence_extract_20260905.xml,E3,1way,DB마이티다이나믹퀀트액티브증권상장지수투자신탁[주식] / 펀드유형: 주식형 / 표준코드: K55216DW2765 / 기준일: 20221024,MOEL_WRBA_RULE_ART10_1_2,근로자퇴직급여 보장법 시행규칙 제10조 제1항 제2호 (위험자산의 범위 및 운용기준 (DC 및 IRP 위험자산 투자한도 70%)),ED_WRBA_ART26_1_2,금융투자협회 전자공시서비스(DIS) 표준 펀드유형 '주식형' XML 전수 대조 (시행규칙 제10조제1항제2호 한도 70%),KOFIA 펀드유형: 주식형 (근로자퇴직급여 보장법 시행규칙 제10조 제1항 제2호: 주식형 집합투자증권 위험자산 70% 한도),2026-09-05,PASS (공식 검증 완료)
442320,KR7442320008,RISE 글로벌원자력,KB자산운용,주식-해외,가능,70% (위험자산),Y,높음,증권사·운용사교차검증,https://dis.kofia.or.kr/websquare/index.jsp?w2xPath=/wq/fundann/DISFundFeeCMS.xml&divisionId=MDIS01005001000000&serviceId=SDIS01005001000,data/regulatory/sources/kofia_evidence_extract_20260905.xml,E3,3way,KBRISE글로벌원자력iSelect증권상장지수투자신탁(주식) / 펀드유형: 주식형 / 표준코드: K55223DX4944 / 기준일: 20220926,MOEL_WRBA_RULE_ART10_1_2,근로자퇴직급여 보장법 시행규칙 제10조 제1항 제2호 (위험자산의 범위 및 운용기준 (DC 및 IRP 위험자산 투자한도 70%)),ED_WRBA_ART26_1_2,공식 출처 대조 (증권사·운용사교차검증),KOFIA 펀드유형: 주식형 (근로자퇴직급여 보장법 시행규칙 제10조 제1항 제2호: 주식형 집합투자증권 위험자산 70% 한도),2026-09-05,PASS (공식 검증 완료)
442550,KR7442550000,RISE TDF2030액티브 적격,KB자산운용,혼합·자산배분,가능,100% (안전자산),Y,높음,투자설명서대조,https://www.law.go.kr/LSW/admRulInfoP.do?admRulSeq=2200000108661,data/regulatory/sources/statutes/퇴직연금감독규정시행세칙_20260905.txt,E1B,1way,"RISE TDF2030액티브: 목표시점 2030년, iSelect 전략적자산배분 TDF 2030 지수 추종, 목표시점 이후 채무증권 60% 이상 글라이드패스 운용계획 공시 확인 (시행세칙 제5조의2 충족)",PSR_ART11_1_9,퇴직연금감독규정 제11조 제1항 제9호 (적립금 운용방법 등 (적격 TDF 100% 안전자산)),FSS_PSR_RULE_ART5_2,퇴직연금감독규정 제11조제1항제9호 및 동 시행세칙 제5조의2 적격 TDF 요건 대조,적격 TDF 안전자산 100% (퇴직연금감독규정 제11조 제1항 제9호 및 동 시행세칙 제5조의2 충족),2026-09-05,PASS (공식 검증 완료)
442560,KR7442560009,RISE TDF2040액티브 적격,KB자산운용,혼합·자산배분,가능,100% (안전자산),Y,높음,투자설명서대조,https://www.law.go.kr/LSW/admRulInfoP.do?admRulSeq=2200000108661,data/regulatory/sources/statutes/퇴직연금감독규정시행세칙_20260905.txt,E1B,1way,"RISE TDF2040액티브: 목표시점 2040년, iSelect 전략적자산배분 TDF 2040 지수 추종, 목표시점 이후 채무증권 60% 이상 글라이드패스 운용계획 공시 확인 (시행세칙 제5조의2 충족)",PSR_ART11_1_9,퇴직연금감독규정 제11조 제1항 제9호 (적립금 운용방법 등 (적격 TDF 100% 안전자산)),FSS_PSR_RULE_ART5_2,퇴직연금감독규정 제11조제1항제9호 및 동 시행세칙 제5조의2 적격 TDF 요건 대조,적격 TDF 안전자산 100% (퇴직연금감독규정 제11조 제1항 제9호 및 동 시행세칙 제5조의2 충족),2026-09-05,PASS (공식 검증 완료)
442570,KR7442570008,RISE TDF2050액티브 적격,KB자산운용,혼합·자산배분,가능,100% (안전자산),Y,높음,투자설명서대조,https://www.law.go.kr/LSW/admRulInfoP.do?admRulSeq=2200000108661,data/regulatory/sources/statutes/퇴직연금감독규정시행세칙_20260905.txt,E1B,1way,"RISE TDF2050액티브: 목표시점 2050년, iSelect 전략적자산배분 TDF 2050 지수 추종, 목표시점 이후 채무증권 60% 이상 글라이드패스 운용계획 공시 확인 (시행세칙 제5조의2 충족)",PSR_ART11_1_9,퇴직연금감독규정 제11조 제1항 제9호 (적립금 운용방법 등 (적격 TDF 100% 안전자산)),FSS_PSR_RULE_ART5_2,퇴직연금감독규정 제11조제1항제9호 및 동 시행세칙 제5조의2 적격 TDF 요건 대조,적격 TDF 안전자산 100% (퇴직연금감독규정 제11조 제1항 제9호 및 동 시행세칙 제5조의2 충족),2026-09-05,PASS (공식 검증 완료)
442580,KR7442580007,PLUS 글로벌HBM반도체,한화자산운용,주식-해외,가능,70% (위험자산),Y,높음,증권사·운용사교차검증,https://dis.kofia.or.kr/websquare/index.jsp?w2xPath=/wq/fundann/DISFundFeeCMS.xml&divisionId=MDIS01005001000000&serviceId=SDIS01005001000,data/regulatory/sources/kofia_evidence_extract_20260905.xml,E3,3way,한화PLUS글로벌HBM반도체증권상장지수투자신탁(주식) / 펀드유형: 주식형 / 표준코드: K55213DW6843 / 기준일: 20220920,MOEL_WRBA_RULE_ART10_1_2,근로자퇴직급여 보장법 시행규칙 제10조 제1항 제2호 (위험자산의 범위 및 운용기준 (DC 및 IRP 위험자산 투자한도 70%)),ED_WRBA_ART26_1_2,공식 출처 대조 (증권사·운용사교차검증),KOFIA 펀드유형: 주식형 (근로자퇴직급여 보장법 시행규칙 제10조 제1항 제2호: 주식형 집합투자증권 위험자산 70% 한도),2026-09-05,PASS (공식 검증 완료)
444200,KR7444200000,SOL 코리아메가테크액티브,신한자산운용,주식-국내,가능,70% (위험자산),Y,높음,협회공시대조,https://dis.kofia.or.kr/websquare/index.jsp?w2xPath=/wq/fundann/DISFundFeeCMS.xml&divisionId=MDIS01005001000000&serviceId=SDIS01005001000,data/regulatory/sources/kofia_evidence_extract_20260905.xml,E3,1way,신한SOL코리아메가테크액티브증권상장지수투자신탁[주식] / 펀드유형: 주식형 / 표준코드: K55210DX6936 / 기준일: 20221017,MOEL_WRBA_RULE_ART10_1_2,근로자퇴직급여 보장법 시행규칙 제10조 제1항 제2호 (위험자산의 범위 및 운용기준 (DC 및 IRP 위험자산 투자한도 70%)),ED_WRBA_ART26_1_2,금융투자협회 전자공시서비스(DIS) 표준 펀드유형 '주식형' XML 전수 대조 (시행규칙 제10조제1항제2호 한도 70%),KOFIA 펀드유형: 주식형 (근로자퇴직급여 보장법 시행규칙 제10조 제1항 제2호: 주식형 집합투자증권 위험자산 70% 한도),2026-09-05,PASS (공식 검증 완료)
444490,KR7444490007,WON 미국S&P500,우리에셋자산운용,주식-해외,가능,70% (위험자산),Y,높음,협회공시대조,https://dis.kofia.or.kr/websquare/index.jsp?w2xPath=/wq/fundann/DISFundFeeCMS.xml&divisionId=MDIS01005001000000&serviceId=SDIS01005001000,data/regulatory/sources/kofia_evidence_extract_20260905.xml,E3,1way,우리WON미국S&amp;P500증권상장지수투자신탁(주식) / 펀드유형: 주식형 / 표준코드: K55107DX3483 / 기준일: 20220930,MOEL_WRBA_RULE_ART10_1_2,근로자퇴직급여 보장법 시행규칙 제10조 제1항 제2호 (위험자산의 범위 및 운용기준 (DC 및 IRP 위험자산 투자한도 70%)),ED_WRBA_ART26_1_2,금융투자협회 전자공시서비스(DIS) 표준 펀드유형 '주식형' XML 전수 대조 (시행규칙 제10조제1항제2호 한도 70%),KOFIA 펀드유형: 주식형 (근로자퇴직급여 보장법 시행규칙 제10조 제1항 제2호: 주식형 집합투자증권 위험자산 70% 한도),2026-09-05,PASS (공식 검증 완료)
445150,KR7445150006,KODEX 친환경조선해운액티브,삼성자산운용,주식-국내,가능,70% (위험자산),Y,높음,증권사·운용사교차검증,https://dis.kofia.or.kr/websquare/index.jsp?w2xPath=/wq/fundann/DISFundFeeCMS.xml&divisionId=MDIS01005001000000&serviceId=SDIS01005001000,data/regulatory/sources/kofia_evidence_extract_20260905.xml,E3,3way,삼성KODEX친환경조선해운액티브증권상장지수투자신탁[주식] / 펀드유형: 주식형 / 표준코드: K55105DW7461 / 기준일: 20221110,MOEL_WRBA_RULE_ART10_1_2,근로자퇴직급여 보장법 시행규칙 제10조 제1항 제2호 (위험자산의 범위 및 운용기준 (DC 및 IRP 위험자산 투자한도 70%)),ED_WRBA_ART26_1_2,공식 출처 대조 (증권사·운용사교차검증),KOFIA 펀드유형: 주식형 (근로자퇴직급여 보장법 시행규칙 제10조 제1항 제2호: 주식형 집합투자증권 위험자산 70% 한도),2026-09-05,PASS (공식 검증 완료)
445290,KR7445290000,KODEX 로봇액티브,삼성자산운용,주식-국내,가능,70% (위험자산),Y,높음,증권사·운용사교차검증,https://dis.kofia.or.kr/websquare/index.jsp?w2xPath=/wq/fundann/DISFundFeeCMS.xml&divisionId=MDIS01005001000000&serviceId=SDIS01005001000,data/regulatory/sources/kofia_evidence_extract_20260905.xml,E3,3way,삼성KODEX로봇액티브증권상장지수투자신탁[주식] / 펀드유형: 주식형 / 표준코드: K55105DW7453 / 기준일: 20221110,MOEL_WRBA_RULE_ART10_1_2,근로자퇴직급여 보장법 시행규칙 제10조 제1항 제2호 (위험자산의 범위 및 운용기준 (DC 및 IRP 위험자산 투자한도 70%)),ED_WRBA_ART26_1_2,공식 출처 대조 (증권사·운용사교차검증),KOFIA 펀드유형: 주식형 (근로자퇴직급여 보장법 시행규칙 제10조 제1항 제2호: 주식형 집합투자증권 위험자산 70% 한도),2026-09-05,PASS (공식 검증 완료)
445690,KR7445690001,BNK 주주가치액티브,BNK자산운용,주식-국내,가능,70% (위험자산),Y,높음,협회공시대조,https://dis.kofia.or.kr/websquare/index.jsp?w2xPath=/wq/fundann/DISFundFeeCMS.xml&divisionId=MDIS01005001000000&serviceId=SDIS01005001000,data/regulatory/sources/kofia_evidence_extract_20260905.xml,E3,1way,BNKBNK주주가치액티브증권상장지수투자신탁(주식) / 펀드유형: 주식형 / 표준코드: K55240DY2458 / 기준일: 20221024,MOEL_WRBA_RULE_ART10_1_2,근로자퇴직급여 보장법 시행규칙 제10조 제1항 제2호 (위험자산의 범위 및 운용기준 (DC 및 IRP 위험자산 투자한도 70%)),ED_WRBA_ART26_1_2,금융투자협회 전자공시서비스(DIS) 표준 펀드유형 '주식형' XML 전수 대조 (시행규칙 제10조제1항제2호 한도 70%),KOFIA 펀드유형: 주식형 (근로자퇴직급여 보장법 시행규칙 제10조 제1항 제2호: 주식형 집합투자증권 위험자산 70% 한도),2026-09-05,PASS (공식 검증 완료)
445910,KR7445910003,TIGER MKF배당귀족,미래에셋자산운용,주식-국내,가능,70% (위험자산),Y,높음,증권사·운용사교차검증,https://dis.kofia.or.kr/websquare/index.jsp?w2xPath=/wq/fundann/DISFundFeeCMS.xml&divisionId=MDIS01005001000000&serviceId=SDIS01005001000,data/regulatory/sources/kofia_evidence_extract_20260905.xml,E3,3way,미래에셋TIGERMKF배당귀족증권상장지수투자신탁(주식) / 펀드유형: 주식형 / 표준코드: K55301DX5334 / 기준일: 20221017,MOEL_WRBA_RULE_ART10_1_2,근로자퇴직급여 보장법 시행규칙 제10조 제1항 제2호 (위험자산의 범위 및 운용기준 (DC 및 IRP 위험자산 투자한도 70%)),ED_WRBA_ART26_1_2,공식 출처 대조 (증권사·운용사교차검증),KOFIA 펀드유형: 주식형 (근로자퇴직급여 보장법 시행규칙 제10조 제1항 제2호: 주식형 집합투자증권 위험자산 70% 한도),2026-09-05,PASS (공식 검증 완료)
446690,KR7446690000,KODEX 아시아AI반도체exChina액티브,삼성자산운용,주식-국내,가능,70% (위험자산),Y,높음,증권사·운용사교차검증,https://dis.kofia.or.kr/websquare/index.jsp?w2xPath=/wq/fundann/DISFundFeeCMS.xml&divisionId=MDIS01005001000000&serviceId=SDIS01005001000,data/regulatory/sources/kofia_evidence_extract_20260905.xml,E3,3way,삼성KODEX아시아AI반도체exChina액티브증권상장지수투자신탁[주식] / 펀드유형: 주식형 / 표준코드: K55105DX9912 / 기준일: 20230130,MOEL_WRBA_RULE_ART10_1_2,근로자퇴직급여 보장법 시행규칙 제10조 제1항 제2호 (위험자산의 범위 및 운용기준 (DC 및 IRP 위험자산 투자한도 70%)),ED_WRBA_ART26_1_2,공식 출처 대조 (증권사·운용사교차검증),KOFIA 펀드유형: 주식형 (근로자퇴직급여 보장법 시행규칙 제10조 제1항 제2호: 주식형 집합투자증권 위험자산 70% 한도),2026-09-05,PASS (공식 검증 완료)
446700,KR7446700007,RISE 배터리 리사이클링,KB자산운용,주식-국내,가능,70% (위험자산),Y,높음,증권사·운용사교차검증,https://dis.kofia.or.kr/websquare/index.jsp?w2xPath=/wq/fundann/DISFundFeeCMS.xml&divisionId=MDIS01005001000000&serviceId=SDIS01005001000,data/regulatory/sources/kofia_evidence_extract_20260905.xml,E3,3way,KBRISE배터리리사이클링iSelect증권상장지수투자신탁(주식) / 펀드유형: 주식형 / 표준코드: K55223DY3945 / 기준일: 20221031,MOEL_WRBA_RULE_ART10_1_2,근로자퇴직급여 보장법 시행규칙 제10조 제1항 제2호 (위험자산의 범위 및 운용기준 (DC 및 IRP 위험자산 투자한도 70%)),ED_WRBA_ART26_1_2,공식 출처 대조 (증권사·운용사교차검증),KOFIA 펀드유형: 주식형 (근로자퇴직급여 보장법 시행규칙 제10조 제1항 제2호: 주식형 집합투자증권 위험자산 70% 한도),2026-09-05,PASS (공식 검증 완료)
446720,KR7446720005,SOL 미국배당다우존스,신한자산운용,주식-해외,가능,70% (위험자산),Y,높음,협회공시대조,https://dis.kofia.or.kr/websquare/index.jsp?w2xPath=/wq/fundann/DISFundFeeCMS.xml&divisionId=MDIS01005001000000&serviceId=SDIS01005001000,data/regulatory/sources/kofia_evidence_extract_20260905.xml,E3,1way,신한SOL미국배당다우존스증권상장지수투자신탁[주식] / 펀드유형: 주식형 / 표준코드: K55210DY2868 / 기준일: 20221111,MOEL_WRBA_RULE_ART10_1_2,근로자퇴직급여 보장법 시행규칙 제10조 제1항 제2호 (위험자산의 범위 및 운용기준 (DC 및 IRP 위험자산 투자한도 70%)),ED_WRBA_ART26_1_2,금융투자협회 전자공시서비스(DIS) 표준 펀드유형 '주식형' XML 전수 대조 (시행규칙 제10조제1항제2호 한도 70%),KOFIA 펀드유형: 주식형 (근로자퇴직급여 보장법 시행규칙 제10조 제1항 제2호: 주식형 집합투자증권 위험자산 70% 한도),2026-09-05,PASS (공식 검증 완료)
446770,KR7446770000,ACE 글로벌반도체TOP4 Plus,한국투자신탁운용,주식-해외,가능,70% (위험자산),Y,높음,증권사·운용사교차검증,https://dis.kofia.or.kr/websquare/index.jsp?w2xPath=/wq/fundann/DISFundFeeCMS.xml&divisionId=MDIS01005001000000&serviceId=SDIS01005001000,data/regulatory/sources/kofia_evidence_extract_20260905.xml,E3,3way,한국투자ACE글로벌반도체TOP4Plus증권상장지수투자신탁(주식) / 펀드유형: 주식형 / 표준코드: K55101DY2753 / 기준일: 20221114,MOEL_WRBA_RULE_ART10_1_2,근로자퇴직급여 보장법 시행규칙 제10조 제1항 제2호 (위험자산의 범위 및 운용기준 (DC 및 IRP 위험자산 투자한도 70%)),ED_WRBA_ART26_1_2,공식 출처 대조 (증권사·운용사교차검증),KOFIA 펀드유형: 주식형 (근로자퇴직급여 보장법 시행규칙 제10조 제1항 제2호: 주식형 집합투자증권 위험자산 70% 한도),2026-09-05,PASS (공식 검증 완료)
447430,KR7447430000,ACE 주주환원가치주액티브,한국투자신탁운용,주식-국내,가능,70% (위험자산),Y,높음,증권사·운용사교차검증,https://dis.kofia.or.kr/websquare/index.jsp?w2xPath=/wq/fundann/DISFundFeeCMS.xml&divisionId=MDIS01005001000000&serviceId=SDIS01005001000,data/regulatory/sources/kofia_evidence_extract_20260905.xml,E3,3way,한국투자ACE주주환원가치주액티브증권상장지수투자신탁(주식) / 펀드유형: 주식형 / 표준코드: K55101DY4338 / 기준일: 20221114,MOEL_WRBA_RULE_ART10_1_2,근로자퇴직급여 보장법 시행규칙 제10조 제1항 제2호 (위험자산의 범위 및 운용기준 (DC 및 IRP 위험자산 투자한도 70%)),ED_WRBA_ART26_1_2,공식 출처 대조 (증권사·운용사교차검증),KOFIA 펀드유형: 주식형 (근로자퇴직급여 보장법 시행규칙 제10조 제1항 제2호: 주식형 집합투자증권 위험자산 70% 한도),2026-09-05,PASS (공식 검증 완료)
447620,KR7447620006,SOL 미국TOP5채권혼합50,신한자산운용,채권,가능,100% (안전자산),Y,높음,협회공시대조,https://dis.kofia.or.kr/websquare/index.jsp?w2xPath=/wq/fundann/DISFundFeeCMS.xml&divisionId=MDIS01005001000000&serviceId=SDIS01005001000,data/regulatory/sources/kofia_evidence_extract_20260905.xml,E3,1way,신한SOL미국TOP5채권혼합50증권상장지수투자신탁[채권혼합] / 펀드유형: 혼합채권형 / 표준코드: K55210DY4419 / 기준일: 20221125,PSR_ART11_1_5,퇴직연금감독규정 제11조 제1항 제5호 (적립금 운용방법 등 (주식 50% 미만 채권혼합형 100% 안전자산)),,금융투자협회 전자공시(DIS) 표준 펀드유형 '혼합채권형' XML 대조 (약관상 주식 50% 미만 퇴직연금감독규정 제11조제1항제5호),KOFIA 펀드유형: 혼합채권형 (퇴직연금감독규정 제11조 제1항 제5호: 약관상 주식 투자한도 50% 미만 혼합채권형 안전자산 100% 한도),2026-09-05,PASS (공식 검증 완료)
447660,KR7447660002,PLUS 애플채권혼합,한화자산운용,채권,가능,100% (안전자산),Y,높음,협회공시대조,https://dis.kofia.or.kr/websquare/index.jsp?w2xPath=/wq/fundann/DISFundFeeCMS.xml&divisionId=MDIS01005001000000&serviceId=SDIS01005001000,data/regulatory/sources/kofia_evidence_extract_20260905.xml,E3,1way,한화PLUS애플채권혼합증권상장지수투자신탁(채권혼합) / 펀드유형: 혼합채권형 / 표준코드: K55213DY4341 / 기준일: 20221125,PSR_ART11_1_5,퇴직연금감독규정 제11조 제1항 제5호 (적립금 운용방법 등 (주식 50% 미만 채권혼합형 100% 안전자산)),,금융투자협회 전자공시(DIS) 표준 펀드유형 '혼합채권형' XML 대조 (약관상 주식 50% 미만 퇴직연금감독규정 제11조제1항제5호),KOFIA 펀드유형: 혼합채권형 (퇴직연금감독규정 제11조 제1항 제5호: 약관상 주식 투자한도 50% 미만 혼합채권형 안전자산 100% 한도),2026-09-05,PASS (공식 검증 완료)
447770,KR7447770009,TIGER 테슬라채권혼합Fn,미래에셋자산운용,채권,가능,100% (안전자산),Y,높음,증권사·운용사교차검증,https://dis.kofia.or.kr/websquare/index.jsp?w2xPath=/wq/fundann/DISFundFeeCMS.xml&divisionId=MDIS01005001000000&serviceId=SDIS01005001000,data/regulatory/sources/kofia_evidence_extract_20260905.xml,E3,3way,미래에셋TIGER테슬라채권혼합Fn증권상장지수투자신탁(채권혼합) / 펀드유형: 혼합채권형 / 표준코드: K55301DY0649 / 기준일: 20221125,PSR_ART11_1_5,퇴직연금감독규정 제11조 제1항 제5호 (적립금 운용방법 등 (주식 50% 미만 채권혼합형 100% 안전자산)),,금융감독원 DART 투자설명서 신탁계약서 제16조 주식편입한도 대조 (증권사·운용사교차검증),KOFIA 펀드유형: 혼합채권형 (퇴직연금감독규정 제11조 제1항 제5호: 약관상 주식 투자한도 50% 미만 혼합채권형 안전자산 100% 한도),2026-09-05,PASS (공식 검증 완료)
448100,KR7448100008,WON 200,우리에셋자산운용,주식-국내,가능,70% (위험자산),Y,높음,협회공시대조,https://dis.kofia.or.kr/websquare/index.jsp?w2xPath=/wq/fundann/DISFundFeeCMS.xml&divisionId=MDIS01005001000000&serviceId=SDIS01005001000,data/regulatory/sources/kofia_evidence_extract_20260905.xml,E3,1way,우리WON200증권상장지수투자신탁(주식) / 펀드유형: 주식형 / 표준코드: K55107DY2526 / 기준일: 20221215,MOEL_WRBA_RULE_ART10_1_2,근로자퇴직급여 보장법 시행규칙 제10조 제1항 제2호 (위험자산의 범위 및 운용기준 (DC 및 IRP 위험자산 투자한도 70%)),ED_WRBA_ART26_1_2,금융투자협회 전자공시서비스(DIS) 표준 펀드유형 '주식형' XML 전수 대조 (시행규칙 제10조제1항제2호 한도 70%),KOFIA 펀드유형: 주식형 (근로자퇴직급여 보장법 시행규칙 제10조 제1항 제2호: 주식형 집합투자증권 위험자산 70% 한도),2026-09-05,PASS (공식 검증 완료)
448290,KR7448290007,TIGER 미국S&P500(H),미래에셋자산운용,주식-해외,가능,70% (위험자산),Y,높음,증권사·운용사교차검증,https://dis.kofia.or.kr/websquare/index.jsp?w2xPath=/wq/fundann/DISFundFeeCMS.xml&divisionId=MDIS01005001000000&serviceId=SDIS01005001000,data/regulatory/sources/kofia_evidence_extract_20260905.xml,E3,3way,미래에셋TIGER미국S&amp;P500증권상장지수투자신탁(주식-파생형)(H) / 펀드유형: 주식파생형 / 표준코드: K55301DY6612 / 기준일: 20221123,MOEL_WRBA_RULE_ART10_1_2,근로자퇴직급여 보장법 시행규칙 제10조 제1항 제2호 (위험자산의 범위 및 운용기준 (DC 및 IRP 위험자산 투자한도 70%)),ED_WRBA_ART26_1_2,공식 출처 대조 (증권사·운용사교차검증),KOFIA 펀드유형: 주식형 (근로자퇴직급여 보장법 시행규칙 제10조 제1항 제2호: 주식형 집합투자증권 위험자산 70% 한도),2026-09-05,PASS (공식 검증 완료)
448300,KR7448300004,TIGER 미국나스닥100(H),미래에셋자산운용,주식-해외,가능,70% (위험자산),Y,높음,증권사·운용사교차검증,https://securities.koreainvestment.com/pension/nwEtcinfo/Notice.jsp?cmd=A_NW_33030View&num=47520,data/regulatory/sources/brokers/koreainvestment/ETF_REITs_LIST_RP_260831.xlsx,E4,3way,미래에셋자산운용 TIGER 공시 [KR7448300004 /  / 퇴직연금 70%] & 한국투자증권 공시 [448300 / TIGER 미국나스닥100(H) / 위험자산한도: 0.7],MOEL_WRBA_RULE_ART10_1_2,근로자퇴직급여 보장법 시행규칙 제10조 제1항 제2호 (위험자산의 범위 및 운용기준 (DC 및 IRP 위험자산 투자한도 70%)),ED_WRBA_ART26_1_2,공식 출처 대조 (증권사·운용사교차검증),미래에셋자산운용 TIGER 공시 [KR7448300004 / 퇴직연금 70%] 및 한국투자증권 공시 [단축코드: 448300 / 위험자산한도: 0.7] 100% 교차 일치,2026-09-06,PASS (공식 검증 완료)
448330,KR7448330001,KODEX 삼성전자채권혼합,삼성자산운용,채권,가능,100% (안전자산),Y,높음,증권사·운용사교차검증,https://dis.kofia.or.kr/websquare/index.jsp?w2xPath=/wq/fundann/DISFundFeeCMS.xml&divisionId=MDIS01005001000000&serviceId=SDIS01005001000,data/regulatory/sources/kofia_evidence_extract_20260905.xml,E3,3way,삼성KODEX삼성전자채권혼합증권상장지수투자신탁[채권혼합] / 펀드유형: 혼합채권형 / 표준코드: K55105DX9797 / 기준일: 20221128,PSR_ART11_1_5,퇴직연금감독규정 제11조 제1항 제5호 (적립금 운용방법 등 (주식 50% 미만 채권혼합형 100% 안전자산)),,금융감독원 DART 투자설명서 신탁계약서 제16조 주식편입한도 대조 (증권사·운용사교차검증),KOFIA 펀드유형: 혼합채권형 (퇴직연금감독규정 제11조 제1항 제5호: 약관상 주식 투자한도 50% 미만 혼합채권형 안전자산 100% 한도),2026-09-05,PASS (공식 검증 완료)
448490,KR7448490003,HANARO 32-10 국고채액티브,NH-Amundi자산운용,채권,가능,100% (안전자산),Y,높음,협회공시대조,https://dis.kofia.or.kr/websquare/index.jsp?w2xPath=/wq/fundann/DISFundFeeCMS.xml&divisionId=MDIS01005001000000&serviceId=SDIS01005001000,data/regulatory/sources/kofia_evidence_extract_20260905.xml,E3,1way,NH-AmundiHANARO32-10국고채액티브증권상장지수투자신탁(채권) / 펀드유형: 채권형 / 표준코드: K55232DY8190 / 기준일: 20221121,PSR_ART11_1_4,퇴직연금감독규정 제11조 제1항 제4호 (적립금 운용방법 등 (원리금보장 및 채권형 등 100% 안전자산)),,금융투자협회 전자공시서비스(DIS) 표준 펀드유형 '채권형' XML 전수 대조,KOFIA 펀드유형: 채권형 (퇴직연금감독규정 제11조 제1항 제4호: 원리금보장 및 채권형 안전자산 (100% 편입 가능)),2026-09-05,PASS (공식 검증 완료)
448540,KR7448540005,ACE 엔비디아채권혼합,한국투자신탁운용,채권,가능,100% (안전자산),Y,높음,증권사·운용사교차검증,https://dis.kofia.or.kr/websquare/index.jsp?w2xPath=/wq/fundann/DISFundFeeCMS.xml&divisionId=MDIS01005001000000&serviceId=SDIS01005001000,data/regulatory/sources/kofia_evidence_extract_20260905.xml,E3,3way,한국투자ACE엔비디아채권혼합증권상장지수투자신탁(채권혼합) / 펀드유형: 혼합채권형 / 표준코드: K55101DY6929 / 기준일: 20221128,PSR_ART11_1_5,퇴직연금감독규정 제11조 제1항 제5호 (적립금 운용방법 등 (주식 50% 미만 채권혼합형 100% 안전자산)),,금융감독원 DART 투자설명서 신탁계약서 제16조 주식편입한도 대조 (증권사·운용사교차검증),KOFIA 펀드유형: 혼합채권형 (퇴직연금감독규정 제11조 제1항 제5호: 약관상 주식 투자한도 50% 미만 혼합채권형 안전자산 100% 한도),2026-09-05,PASS (공식 검증 완료)
448570,KR7448570002,FOCUS AI코리아액티브,하나자산운용,주식-국내,가능,70% (위험자산),Y,높음,협회공시대조,https://dis.kofia.or.kr/websquare/index.jsp?w2xPath=/wq/fundann/DISFundFeeCMS.xml&divisionId=MDIS01005001000000&serviceId=SDIS01005001000,data/regulatory/sources/kofia_evidence_extract_20260905.xml,E3,1way,브이아이FOCUSAI코리아액티브증권상장지수투자신탁[주식] / 펀드유형: 주식형 / 표준코드: K55104DY6843 / 기준일: 20221114,MOEL_WRBA_RULE_ART10_1_2,근로자퇴직급여 보장법 시행규칙 제10조 제1항 제2호 (위험자산의 범위 및 운용기준 (DC 및 IRP 위험자산 투자한도 70%)),ED_WRBA_ART26_1_2,금융투자협회 전자공시서비스(DIS) 표준 펀드유형 '주식형' XML 전수 대조 (시행규칙 제10조제1항제2호 한도 70%),KOFIA 펀드유형: 주식형 (근로자퇴직급여 보장법 시행규칙 제10조 제1항 제2호: 주식형 집합투자증권 위험자산 70% 한도),2026-09-05,PASS (공식 검증 완료)
448630,KR7448630004,RISE 삼성그룹Top3채권혼합,KB자산운용,채권,가능,100% (안전자산),Y,높음,협회공시대조,https://dis.kofia.or.kr/websquare/index.jsp?w2xPath=/wq/fundann/DISFundFeeCMS.xml&divisionId=MDIS01005001000000&serviceId=SDIS01005001000,data/regulatory/sources/kofia_evidence_extract_20260905.xml,E3,1way,KBRISE삼성그룹Top3채권혼합블룸버그증권상장지수투자신탁(채권혼합) / 펀드유형: 혼합채권형 / 표준코드: K55223DY8589 / 기준일: 20221128,PSR_ART11_1_5,퇴직연금감독규정 제11조 제1항 제5호 (적립금 운용방법 등 (주식 50% 미만 채권혼합형 100% 안전자산)),,금융투자협회 전자공시(DIS) 표준 펀드유형 '혼합채권형' XML 대조 (약관상 주식 50% 미만 퇴직연금감독규정 제11조제1항제5호),KOFIA 펀드유형: 혼합채권형 (퇴직연금감독규정 제11조 제1항 제5호: 약관상 주식 투자한도 50% 미만 혼합채권형 안전자산 100% 한도),2026-09-05,PASS (공식 검증 완료)
449170,KR7449170000,TIGER KOFR금리액티브(합성),미래에셋자산운용,금리·파킹,가능,100% (안전자산),Y,높음,증권사·운용사교차검증,https://securities.koreainvestment.com/pension/nwEtcinfo/Notice.jsp?cmd=A_NW_33030View&num=47520,data/regulatory/sources/brokers/koreainvestment/ETF_REITs_LIST_RP_260831.xlsx,E4,3way,미래에셋자산운용 TIGER 공시 [KR7449170000 /  / 퇴직연금 100%] & 한국투자증권 공시 [449170 / TIGER KOFR금리액티브(합성) / 위험자산한도: 1.0],PSR_ART11_1_5,퇴직연금감독규정 제11조 제1항 제5호 (적립금 운용방법 등 (주식 50% 미만 채권혼합형 100% 안전자산)),PSR_ART9_1_2,금융감독원 DART 투자설명서 1배수 파생평가액 한도 및 주식한도 대조 (증권사·운용사교차검증),미래에셋자산운용 TIGER 공시 [KR7449170000 / 퇴직연금 100%] 및 한국투자증권 공시 [단축코드: 449170 / 위험자산한도: 1.0] 100% 교차 일치,2026-09-06,PASS (공식 검증 완료)
449180,KR7449180009,KODEX 미국S&P500(H),삼성자산운용,주식-해외,가능,70% (위험자산),Y,높음,증권사·운용사교차검증,https://dis.kofia.or.kr/websquare/index.jsp?w2xPath=/wq/fundann/DISFundFeeCMS.xml&divisionId=MDIS01005001000000&serviceId=SDIS01005001000,data/regulatory/sources/kofia_evidence_extract_20260905.xml,E3,3way,삼성KODEX미국S&amp;P500증권상장지수투자신탁[주식](H) / 펀드유형: 주식형 / 표준코드: K55105DY7584 / 기준일: 20221130,MOEL_WRBA_RULE_ART10_1_2,근로자퇴직급여 보장법 시행규칙 제10조 제1항 제2호 (위험자산의 범위 및 운용기준 (DC 및 IRP 위험자산 투자한도 70%)),ED_WRBA_ART26_1_2,공식 출처 대조 (증권사·운용사교차검증),KOFIA 펀드유형: 주식형 (근로자퇴직급여 보장법 시행규칙 제10조 제1항 제2호: 주식형 집합투자증권 위험자산 70% 한도),2026-09-05,PASS (공식 검증 완료)
449190,KR7449190008,KODEX 미국나스닥100(H),삼성자산운용,주식-해외,가능,70% (위험자산),Y,높음,증권사·운용사교차검증,https://dis.kofia.or.kr/websquare/index.jsp?w2xPath=/wq/fundann/DISFundFeeCMS.xml&divisionId=MDIS01005001000000&serviceId=SDIS01005001000,data/regulatory/sources/kofia_evidence_extract_20260905.xml,E3,3way,삼성KODEX미국나스닥100증권상장지수투자신탁[주식](H) / 펀드유형: 주식형 / 표준코드: K55105DY7576 / 기준일: 20221130,MOEL_WRBA_RULE_ART10_1_2,근로자퇴직급여 보장법 시행규칙 제10조 제1항 제2호 (위험자산의 범위 및 운용기준 (DC 및 IRP 위험자산 투자한도 70%)),ED_WRBA_ART26_1_2,공식 출처 대조 (증권사·운용사교차검증),KOFIA 펀드유형: 주식형 (근로자퇴직급여 보장법 시행규칙 제10조 제1항 제2호: 주식형 집합투자증권 위험자산 70% 한도),2026-09-05,PASS (공식 검증 완료)
449450,KR7449450006,PLUS K방산,한화자산운용,주식-국내,가능,70% (위험자산),Y,높음,증권사·운용사교차검증,https://dis.kofia.or.kr/websquare/index.jsp?w2xPath=/wq/fundann/DISFundFeeCMS.xml&divisionId=MDIS01005001000000&serviceId=SDIS01005001000,data/regulatory/sources/kofia_evidence_extract_20260905.xml,E3,3way,한화PLUSK방산증권상장지수투자신탁(주식) / 펀드유형: 주식형 / 표준코드: K55213DZ4142 / 기준일: 20230104,MOEL_WRBA_RULE_ART10_1_2,근로자퇴직급여 보장법 시행규칙 제10조 제1항 제2호 (위험자산의 범위 및 운용기준 (DC 및 IRP 위험자산 투자한도 70%)),ED_WRBA_ART26_1_2,공식 출처 대조 (증권사·운용사교차검증),KOFIA 펀드유형: 주식형 (근로자퇴직급여 보장법 시행규칙 제10조 제1항 제2호: 주식형 집합투자증권 위험자산 70% 한도),2026-09-05,PASS (공식 검증 완료)
449580,KR7449580000,RISE 테슬라애플아마존채권혼합,KB자산운용,채권,가능,100% (안전자산),Y,높음,협회공시대조,https://dis.kofia.or.kr/websquare/index.jsp?w2xPath=/wq/fundann/DISFundFeeCMS.xml&divisionId=MDIS01005001000000&serviceId=SDIS01005001000,data/regulatory/sources/kofia_evidence_extract_20260905.xml,E3,1way,KBRISE테슬라애플아마존채권혼합iSelect증권상장지수투자신탁(채권혼합) / 펀드유형: 혼합채권형 / 표준코드: K55223DZ2888 / 기준일: 20221216,PSR_ART11_1_5,퇴직연금감독규정 제11조 제1항 제5호 (적립금 운용방법 등 (주식 50% 미만 채권혼합형 100% 안전자산)),,금융투자협회 전자공시(DIS) 표준 펀드유형 '혼합채권형' XML 대조 (약관상 주식 50% 미만 퇴직연금감독규정 제11조제1항제5호),KOFIA 펀드유형: 혼합채권형 (퇴직연금감독규정 제11조 제1항 제5호: 약관상 주식 투자한도 50% 미만 혼합채권형 안전자산 100% 한도),2026-09-05,PASS (공식 검증 완료)
449680,KR7449680008,TIGER 한중전기차(합성),미래에셋자산운용,주식-국내,가능,70% (위험자산),Y,높음,증권사·운용사교차검증,https://securities.koreainvestment.com/pension/nwEtcinfo/Notice.jsp?cmd=A_NW_33030View&num=47520,data/regulatory/sources/brokers/koreainvestment/ETF_REITs_LIST_RP_260831.xlsx,E4,3way,미래에셋자산운용 TIGER 공시 [KR7449680008 /  / 퇴직연금 70%] & 한국투자증권 공시 [449680 / TIGER 한중전기차(합성) / 위험자산한도: 0.7],MOEL_WRBA_RULE_ART10_1_2,근로자퇴직급여 보장법 시행규칙 제10조 제1항 제2호 (위험자산의 범위 및 운용기준 (DC 및 IRP 위험자산 투자한도 70%)),ED_WRBA_ART26_1_2,공식 출처 대조 (증권사·운용사교차검증),미래에셋자산운용 TIGER 공시 [KR7449680008 / 퇴직연금 70%] 및 한국투자증권 공시 [단축코드: 449680 / 위험자산한도: 0.7] 100% 교차 일치,2026-09-06,PASS (공식 검증 완료)
449690,KR7449690007,TIGER 한중반도체(합성),미래에셋자산운용,주식-국내,가능,70% (위험자산),Y,높음,증권사·운용사교차검증,https://securities.koreainvestment.com/pension/nwEtcinfo/Notice.jsp?cmd=A_NW_33030View&num=47520,data/regulatory/sources/brokers/koreainvestment/ETF_REITs_LIST_RP_260831.xlsx,E4,3way,미래에셋자산운용 TIGER 공시 [KR7449690007 /  / 퇴직연금 70%] & 한국투자증권 공시 [449690 / TIGER 한중반도체(합성) / 위험자산한도: 0.7],MOEL_WRBA_RULE_ART10_1_2,근로자퇴직급여 보장법 시행규칙 제10조 제1항 제2호 (위험자산의 범위 및 운용기준 (DC 및 IRP 위험자산 투자한도 70%)),ED_WRBA_ART26_1_2,공식 출처 대조 (증권사·운용사교차검증),미래에셋자산운용 TIGER 공시 [KR7449690007 / 퇴직연금 70%] 및 한국투자증권 공시 [단축코드: 449690 / 위험자산한도: 0.7] 100% 교차 일치,2026-09-06,PASS (공식 검증 완료)
449770,KR7449770007,KIWOOM 미국S&P500,키움투자자산운용,주식-해외,가능,70% (위험자산),Y,높음,협회공시대조,https://dis.kofia.or.kr/websquare/index.jsp?w2xPath=/wq/fundann/DISFundFeeCMS.xml&divisionId=MDIS01005001000000&serviceId=SDIS01005001000,data/regulatory/sources/kofia_evidence_extract_20260905.xml,E3,1way,키움KIWOOM미국S&amp;P500증권상장지수투자신탁[주식] / 펀드유형: 주식형 / 표준코드: K55206DZ1360 / 기준일: 20221216,MOEL_WRBA_RULE_ART10_1_2,근로자퇴직급여 보장법 시행규칙 제10조 제1항 제2호 (위험자산의 범위 및 운용기준 (DC 및 IRP 위험자산 투자한도 70%)),ED_WRBA_ART26_1_2,금융투자협회 전자공시서비스(DIS) 표준 펀드유형 '주식형' XML 전수 대조 (시행규칙 제10조제1항제2호 한도 70%),KOFIA 펀드유형: 주식형 (근로자퇴직급여 보장법 시행규칙 제10조 제1항 제2호: 주식형 집합투자증권 위험자산 70% 한도),2026-09-05,PASS (공식 검증 완료)
449780,KR7449780006,KIWOOM 미국S&P500(H),키움투자자산운용,주식-해외,가능,70% (위험자산),Y,높음,협회공시대조,https://dis.kofia.or.kr/websquare/index.jsp?w2xPath=/wq/fundann/DISFundFeeCMS.xml&divisionId=MDIS01005001000000&serviceId=SDIS01005001000,data/regulatory/sources/kofia_evidence_extract_20260905.xml,E3,1way,키움KIWOOM미국S&amp;P500증권상장지수투자신탁[주식](H) / 펀드유형: 주식형 / 표준코드: K55206DZ1378 / 기준일: 20221216,MOEL_WRBA_RULE_ART10_1_2,근로자퇴직급여 보장법 시행규칙 제10조 제1항 제2호 (위험자산의 범위 및 운용기준 (DC 및 IRP 위험자산 투자한도 70%)),ED_WRBA_ART26_1_2,금융투자협회 전자공시서비스(DIS) 표준 펀드유형 '주식형' XML 전수 대조 (시행규칙 제10조제1항제2호 한도 70%),KOFIA 펀드유형: 주식형 (근로자퇴직급여 보장법 시행규칙 제10조 제1항 제2호: 주식형 집합투자증권 위험자산 70% 한도),2026-09-05,PASS (공식 검증 완료)
450180,KR7450180005,KODEX 한중전기차(합성),삼성자산운용,주식-국내,가능,70% (위험자산),Y,높음,증권사·운용사교차검증,https://securities.koreainvestment.com/pension/nwEtcinfo/Notice.jsp?cmd=A_NW_33030View&num=47520,data/regulatory/sources/brokers/koreainvestment/ETF_REITs_LIST_RP_260831.xlsx,E4,3way,삼성자산운용 KODEX 공시 [450180 / KODEX 한중전기차(합성) / ivPsbReti: 70%] & 한국투자증권 공시 [450180 / KODEX 한중전기차(합성) / 위험자산한도: 0.7],MOEL_WRBA_RULE_ART10_1_2,근로자퇴직급여 보장법 시행규칙 제10조 제1항 제2호 (위험자산의 범위 및 운용기준 (DC 및 IRP 위험자산 투자한도 70%)),ED_WRBA_ART26_1_2,공식 출처 대조 (증권사·운용사교차검증),삼성자산운용 KODEX 연금투자 공시 [stkTicker: 450180 / ivPsbReti: 70%] 및 한국투자증권 공시 [단축코드: 450180 / 위험자산한도: 0.7] 100% 교차 일치,2026-09-06,PASS (공식 검증 완료)
450190,KR7450190004,KODEX 한중반도체(합성),삼성자산운용,주식-국내,가능,70% (위험자산),Y,높음,증권사·운용사교차검증,https://securities.koreainvestment.com/pension/nwEtcinfo/Notice.jsp?cmd=A_NW_33030View&num=47520,data/regulatory/sources/brokers/koreainvestment/ETF_REITs_LIST_RP_260831.xlsx,E4,3way,삼성자산운용 KODEX 공시 [450190 / KODEX 한중반도체(합성) / ivPsbReti: 70%] & 한국투자증권 공시 [450190 / KODEX 한중반도체(합성) / 위험자산한도: 0.7],MOEL_WRBA_RULE_ART10_1_2,근로자퇴직급여 보장법 시행규칙 제10조 제1항 제2호 (위험자산의 범위 및 운용기준 (DC 및 IRP 위험자산 투자한도 70%)),ED_WRBA_ART26_1_2,공식 출처 대조 (증권사·운용사교차검증),삼성자산운용 KODEX 연금투자 공시 [stkTicker: 450190 / ivPsbReti: 70%] 및 한국투자증권 공시 [단축코드: 450190 / 위험자산한도: 0.7] 100% 교차 일치,2026-09-06,PASS (공식 검증 완료)
450910,KR7450910005,SOL 코스닥150,신한자산운용,주식-국내,가능,70% (위험자산),Y,높음,협회공시대조,https://dis.kofia.or.kr/websquare/index.jsp?w2xPath=/wq/fundann/DISFundFeeCMS.xml&divisionId=MDIS01005001000000&serviceId=SDIS01005001000,data/regulatory/sources/kofia_evidence_extract_20260905.xml,E3,1way,신한SOL코스닥150증권상장지수투자신탁[주식] / 펀드유형: 주식형 / 표준코드: K55210DZ4459 / 기준일: 20230130,MOEL_WRBA_RULE_ART10_1_2,근로자퇴직급여 보장법 시행규칙 제10조 제1항 제2호 (위험자산의 범위 및 운용기준 (DC 및 IRP 위험자산 투자한도 70%)),ED_WRBA_ART26_1_2,금융투자협회 전자공시서비스(DIS) 표준 펀드유형 '주식형' XML 전수 대조 (시행규칙 제10조제1항제2호 한도 70%),KOFIA 펀드유형: 주식형 (근로자퇴직급여 보장법 시행규칙 제10조 제1항 제2호: 주식형 집합투자증권 위험자산 70% 한도),2026-09-05,PASS (공식 검증 완료)
451000,KR7451000004,PLUS 종합채권(AA-이상)액티브,한화자산운용,채권,가능,100% (안전자산),Y,높음,협회공시대조,https://dis.kofia.or.kr/websquare/index.jsp?w2xPath=/wq/fundann/DISFundFeeCMS.xml&divisionId=MDIS01005001000000&serviceId=SDIS01005001000,data/regulatory/sources/kofia_evidence_extract_20260905.xml,E3,1way,한화PLUS종합채권(AA-이상)액티브증권상장지수투자신탁(채권) / 펀드유형: 채권형 / 표준코드: K55213DZ2997 / 기준일: 20230106,PSR_ART11_1_4,퇴직연금감독규정 제11조 제1항 제4호 (적립금 운용방법 등 (원리금보장 및 채권형 등 100% 안전자산)),,금융투자협회 전자공시서비스(DIS) 표준 펀드유형 '채권형' XML 전수 대조,KOFIA 펀드유형: 채권형 (퇴직연금감독규정 제11조 제1항 제4호: 원리금보장 및 채권형 안전자산 (100% 편입 가능)),2026-09-05,PASS (공식 검증 완료)
451060,KR7451060008,1Q 200액티브,하나자산운용,주식-국내,가능,70% (위험자산),Y,높음,협회공시대조,https://dis.kofia.or.kr/websquare/index.jsp?w2xPath=/wq/fundann/DISFundFeeCMS.xml&divisionId=MDIS01005001000000&serviceId=SDIS01005001000,data/regulatory/sources/kofia_evidence_extract_20260905.xml,E3,1way,하나1Q200액티브증권상장지수투자신탁[주식] / 펀드유형: 주식형 / 표준코드: K55102DZ8758 / 기준일: 20230130,MOEL_WRBA_RULE_ART10_1_2,근로자퇴직급여 보장법 시행규칙 제10조 제1항 제2호 (위험자산의 범위 및 운용기준 (DC 및 IRP 위험자산 투자한도 70%)),ED_WRBA_ART26_1_2,금융투자협회 전자공시서비스(DIS) 표준 펀드유형 '주식형' XML 전수 대조 (시행규칙 제10조제1항제2호 한도 70%),KOFIA 펀드유형: 주식형 (근로자퇴직급여 보장법 시행규칙 제10조 제1항 제2호: 주식형 집합투자증권 위험자산 70% 한도),2026-09-05,PASS (공식 검증 완료)
451150,KR7451150007,에셋플러스 글로벌영에이지액티브,에셋플러스자산운용,주식-해외,가능,70% (위험자산),Y,높음,협회공시대조,https://dis.kofia.or.kr/websquare/index.jsp?w2xPath=/wq/fundann/DISFundFeeCMS.xml&divisionId=MDIS01005001000000&serviceId=SDIS01005001000,data/regulatory/sources/kofia_evidence_extract_20260905.xml,E3,1way,에셋플러스에셋플러스글로벌영에이지액티브증권상장지수투자신탁(주식) / 펀드유형: 주식형 / 표준코드: K55364DY2573 / 기준일: 20230127,MOEL_WRBA_RULE_ART10_1_2,근로자퇴직급여 보장법 시행규칙 제10조 제1항 제2호 (위험자산의 범위 및 운용기준 (DC 및 IRP 위험자산 투자한도 70%)),ED_WRBA_ART26_1_2,금융투자협회 전자공시서비스(DIS) 표준 펀드유형 '주식형' XML 전수 대조 (시행규칙 제10조제1항제2호 한도 70%),KOFIA 펀드유형: 주식형 (근로자퇴직급여 보장법 시행규칙 제10조 제1항 제2호: 주식형 집합투자증권 위험자산 70% 한도),2026-09-05,PASS (공식 검증 완료)
451530,KR7451530000,TIGER 국고채30년스트립액티브,미래에셋자산운용,채권,가능,100% (안전자산),Y,높음,증권사·운용사교차검증,https://dis.kofia.or.kr/websquare/index.jsp?w2xPath=/wq/fundann/DISFundFeeCMS.xml&divisionId=MDIS01005001000000&serviceId=SDIS01005001000,data/regulatory/sources/kofia_evidence_extract_20260905.xml,E3,3way,미래에셋TIGER국고채30년스트립액티브증권상장지수투자신탁(채권) / 펀드유형: 채권형 / 표준코드: K55301DZ7882 / 기준일: 20230127,PSR_ART11_1_4,퇴직연금감독규정 제11조 제1항 제4호 (적립금 운용방법 등 (원리금보장 및 채권형 등 100% 안전자산)),,금융감독원 DART 투자설명서 대조 (증권사·운용사교차검증),KOFIA 펀드유형: 채권형 (퇴직연금감독규정 제11조 제1항 제4호: 원리금보장 및 채권형 안전자산 (100% 편입 가능)),2026-09-05,PASS (공식 검증 완료)
451540,KR7451540009,TIGER 종합채권(AA-이상)액티브,미래에셋자산운용,채권,가능,100% (안전자산),Y,높음,증권사·운용사교차검증,https://dis.kofia.or.kr/websquare/index.jsp?w2xPath=/wq/fundann/DISFundFeeCMS.xml&divisionId=MDIS01005001000000&serviceId=SDIS01005001000,data/regulatory/sources/kofia_evidence_extract_20260905.xml,E3,3way,미래에셋TIGER종합채권(AA-이상)액티브증권상장지수투자신탁(채권) / 펀드유형: 채권형 / 표준코드: K55301DZ7460 / 기준일: 20230127,PSR_ART11_1_4,퇴직연금감독규정 제11조 제1항 제4호 (적립금 운용방법 등 (원리금보장 및 채권형 등 100% 안전자산)),,금융감독원 DART 투자설명서 대조 (증권사·운용사교차검증),KOFIA 펀드유형: 채권형 (퇴직연금감독규정 제11조 제1항 제4호: 원리금보장 및 채권형 안전자산 (100% 편입 가능)),2026-09-05,PASS (공식 검증 완료)
451600,KR7451600001,PLUS 국고채30년액티브,한화자산운용,채권,가능,100% (안전자산),Y,높음,협회공시대조,https://dis.kofia.or.kr/websquare/index.jsp?w2xPath=/wq/fundann/DISFundFeeCMS.xml&divisionId=MDIS01005001000000&serviceId=SDIS01005001000,data/regulatory/sources/kofia_evidence_extract_20260905.xml,E3,1way,한화PLUS국고채30년액티브증권상장지수투자신탁(채권) / 펀드유형: 채권형 / 표준코드: K55213E00166 / 기준일: 20230203,PSR_ART11_1_4,퇴직연금감독규정 제11조 제1항 제4호 (적립금 운용방법 등 (원리금보장 및 채권형 등 100% 안전자산)),,금융투자협회 전자공시서비스(DIS) 표준 펀드유형 '채권형' XML 전수 대조,KOFIA 펀드유형: 채권형 (퇴직연금감독규정 제11조 제1항 제4호: 원리금보장 및 채권형 안전자산 (100% 편입 가능)),2026-09-05,PASS (공식 검증 완료)
451670,KR7451670004,RISE 국채30년레버리지(합성),KB자산운용,채권,불가,불가,Y,보통,법령조건직접판정,https://www.law.go.kr/LSW//admRulInfoP.do?admRulSeq=2100000244795&chrClsCd=010201,data/regulatory/sources/statutes/퇴직연금감독규정_20260905.txt,RULE_NAME,1way,퇴직연금감독규정 제9조 제1항 제2호 마목: 상장지수집합투자기구가 목표로 하는 지수의 변화에 1배를 초과하거나 음의 배율로 연동하여 운용하는 것은 제외한다,PSR_ART9_1_2,퇴직연금감독규정 제9조 제1항 제2호 마목 (증권 및 기타 적립금 운용방법의 종류 등 (1배수 상장지수집합투자기구 파생위험평가액 100% 한도 허용)),,퇴직연금감독규정 제9조 제1항 제2호 마목 단서 (1배 초과 또는 음의 배율 연동 배제),명칭 기반 배수 식별 및 퇴직연금감독규정 제9조 제1항 제2호 마목 단서 적용,2026-09-05,PASS (공식 검증 완료)
452250,KR7452250004,ACE 미국30년국채선물레버리지(합성 H),한국투자신탁운용,채권,불가,불가,Y,보통,법령조건직접판정,https://www.law.go.kr/LSW//admRulInfoP.do?admRulSeq=2100000244795&chrClsCd=010201,data/regulatory/sources/statutes/퇴직연금감독규정_20260905.txt,RULE_NAME,1way,퇴직연금감독규정 제9조 제1항 제2호 마목: 상장지수집합투자기구가 목표로 하는 지수의 변화에 1배를 초과하거나 음의 배율로 연동하여 운용하는 것은 제외한다,PSR_ART9_1_2,퇴직연금감독규정 제9조 제1항 제2호 마목 (증권 및 기타 적립금 운용방법의 종류 등 (1배수 상장지수집합투자기구 파생위험평가액 100% 한도 허용)),,퇴직연금감독규정 제9조 제1항 제2호 마목 단서 (1배 초과 또는 음의 배율 연동 배제),명칭 기반 배수 식별 및 퇴직연금감독규정 제9조 제1항 제2호 마목 단서 적용,2026-09-05,PASS (공식 검증 완료)
452360,KR7452360001,SOL 미국배당다우존스(H),신한자산운용,주식-해외,가능,70% (위험자산),Y,높음,협회공시대조,https://dis.kofia.or.kr/websquare/index.jsp?w2xPath=/wq/fundann/DISFundFeeCMS.xml&divisionId=MDIS01005001000000&serviceId=SDIS01005001000,data/regulatory/sources/kofia_evidence_extract_20260905.xml,E3,1way,신한SOL미국배당다우존스증권상장지수투자신탁[주식](H) / 펀드유형: 주식형 / 표준코드: K55210E06284 / 기준일: 20230317,MOEL_WRBA_RULE_ART10_1_2,근로자퇴직급여 보장법 시행규칙 제10조 제1항 제2호 (위험자산의 범위 및 운용기준 (DC 및 IRP 위험자산 투자한도 70%)),ED_WRBA_ART26_1_2,금융투자협회 전자공시서비스(DIS) 표준 펀드유형 '주식형' XML 전수 대조 (시행규칙 제10조제1항제2호 한도 70%),KOFIA 펀드유형: 주식형 (근로자퇴직급여 보장법 시행규칙 제10조 제1항 제2호: 주식형 집합투자증권 위험자산 70% 한도),2026-09-05,PASS (공식 검증 완료)
453010,KR7453010001,PLUS KOFR금리,한화자산운용,금리·파킹,가능,70% (위험자산),Y,높음,증권사·운용사교차검증,https://securities.koreainvestment.com/pension/nwEtcinfo/Notice.jsp?cmd=A_NW_33030View&num=47520,data/regulatory/sources/brokers/koreainvestment/ETF_REITs_LIST_RP_260831.xlsx,E4,3way,한국투자증권 ETF 상품 현황(2026-08-31 기준) / PLUS KOFR금리 / 453010 / 한화 / 투자한도 0.7,MOEL_WRBA_RULE_ART10_1_2,근로자퇴직급여 보장법 시행규칙 제10조 제1항 제2호 (위험자산의 범위 및 운용기준 (DC 및 IRP 위험자산 투자한도 70%)),ED_WRBA_ART26_1_2,공식 출처 대조 (증권사·운용사교차검증),한국투자증권 ETF 상품 현황(2026-08-31 기준) 투자한도 0.7 확인 및 특별자산 펀드유형 일치,2026-09-06,PASS (공식 검증 완료)
453060,KR7453060006,HANARO KOFR금리액티브(합성),NH-Amundi자산운용,금리·파킹,가능,70% (위험자산),Y,높음,증권사목록대조,https://securities.koreainvestment.com/pension/nwEtcinfo/Notice.jsp?cmd=A_NW_33030View&num=47520,data/regulatory/sources/brokers/koreainvestment/ETF_REITs_LIST_RP_260831.xlsx,E4,2way,한국투자증권 퇴직연금 ETF 상품 현황(2026-08-31 기준) / HANARO KOFR금리액티브(합성) / 453060 / NH-Amundi / 퇴직연금 투자한도 0.7,MOEL_WRBA_RULE_ART10_1_2,근로자퇴직급여 보장법 시행규칙 제10조 제1항 제2호 (위험자산의 범위 및 운용기준 (DC 및 IRP 위험자산 투자한도 70%)),ED_WRBA_ART26_1_2,판매사 퇴직연금 매매가능 유니버스 및 위험자산 70% 대조 (증권사목록대조),한국투자증권 퇴직연금 ETF 상품 현황(2026-08-31 기준) 위험자산한도 0.7 대조 및 규제엔진(특별자산/외화금리/장외파생/자산배분 개정규칙) 2자 합치 일치,2026-09-06,PASS (공식 검증 완료)
453080,KR7453080004,KIWOOM 미국나스닥100(H),키움투자자산운용,주식-해외,가능,70% (위험자산),Y,높음,협회공시대조,https://dis.kofia.or.kr/websquare/index.jsp?w2xPath=/wq/fundann/DISFundFeeCMS.xml&divisionId=MDIS01005001000000&serviceId=SDIS01005001000,data/regulatory/sources/kofia_evidence_extract_20260905.xml,E3,1way,키움KIWOOM미국나스닥100증권상장지수투자신탁[주식](H) / 펀드유형: 주식형 / 표준코드: K55206E01648 / 기준일: 20230310,MOEL_WRBA_RULE_ART10_1_2,근로자퇴직급여 보장법 시행규칙 제10조 제1항 제2호 (위험자산의 범위 및 운용기준 (DC 및 IRP 위험자산 투자한도 70%)),ED_WRBA_ART26_1_2,금융투자협회 전자공시서비스(DIS) 표준 펀드유형 '주식형' XML 전수 대조 (시행규칙 제10조제1항제2호 한도 70%),KOFIA 펀드유형: 주식형 (근로자퇴직급여 보장법 시행규칙 제10조 제1항 제2호: 주식형 집합투자증권 위험자산 70% 한도),2026-09-05,PASS (공식 검증 완료)
453330,KR7453330003,RISE 미국S&P500(H),KB자산운용,주식-해외,가능,70% (위험자산),Y,높음,증권사·운용사교차검증,https://dis.kofia.or.kr/websquare/index.jsp?w2xPath=/wq/fundann/DISFundFeeCMS.xml&divisionId=MDIS01005001000000&serviceId=SDIS01005001000,data/regulatory/sources/kofia_evidence_extract_20260905.xml,E3,3way,키움KIWOOM미국S&amp;P500증권상장지수투자신탁[주식](H) / 펀드유형: 주식형 / 표준코드: K55206DZ1378 / 기준일: 20221216,MOEL_WRBA_RULE_ART10_1_2,근로자퇴직급여 보장법 시행규칙 제10조 제1항 제2호 (위험자산의 범위 및 운용기준 (DC 및 IRP 위험자산 투자한도 70%)),ED_WRBA_ART26_1_2,공식 출처 대조 (증권사·운용사교차검증),KOFIA 펀드유형: 주식형 (근로자퇴직급여 보장법 시행규칙 제10조 제1항 제2호: 주식형 집합투자증권 위험자산 70% 한도),2026-09-05,PASS (공식 검증 완료)
453630,KR7453630006,KODEX 미국S&P500필수소비재,삼성자산운용,주식-해외,가능,70% (위험자산),Y,높음,증권사·운용사교차검증,https://dis.kofia.or.kr/websquare/index.jsp?w2xPath=/wq/fundann/DISFundFeeCMS.xml&divisionId=MDIS01005001000000&serviceId=SDIS01005001000,data/regulatory/sources/kofia_evidence_extract_20260905.xml,E3,3way,삼성KODEX미국S&amp;P500필수소비재증권상장지수투자신탁[주식] / 펀드유형: 주식형 / 표준코드: K55105DZ2634 / 기준일: 20230317,MOEL_WRBA_RULE_ART10_1_2,근로자퇴직급여 보장법 시행규칙 제10조 제1항 제2호 (위험자산의 범위 및 운용기준 (DC 및 IRP 위험자산 투자한도 70%)),ED_WRBA_ART26_1_2,공식 출처 대조 (증권사·운용사교차검증),KOFIA 펀드유형: 주식형 (근로자퇴직급여 보장법 시행규칙 제10조 제1항 제2호: 주식형 집합투자증권 위험자산 70% 한도),2026-09-05,PASS (공식 검증 완료)
453640,KR7453640005,KODEX 미국S&P500헬스케어,삼성자산운용,주식-해외,가능,70% (위험자산),Y,높음,증권사·운용사교차검증,https://dis.kofia.or.kr/websquare/index.jsp?w2xPath=/wq/fundann/DISFundFeeCMS.xml&divisionId=MDIS01005001000000&serviceId=SDIS01005001000,data/regulatory/sources/kofia_evidence_extract_20260905.xml,E3,3way,삼성KODEX미국S&amp;P500헬스케어증권상장지수투자신탁[주식] / 펀드유형: 주식형 / 표준코드: K55105DZ2626 / 기준일: 20230317,MOEL_WRBA_RULE_ART10_1_2,근로자퇴직급여 보장법 시행규칙 제10조 제1항 제2호 (위험자산의 범위 및 운용기준 (DC 및 IRP 위험자산 투자한도 70%)),ED_WRBA_ART26_1_2,공식 출처 대조 (증권사·운용사교차검증),KOFIA 펀드유형: 주식형 (근로자퇴직급여 보장법 시행규칙 제10조 제1항 제2호: 주식형 집합투자증권 위험자산 70% 한도),2026-09-05,PASS (공식 검증 완료)
453650,KR7453650004,KODEX 미국S&P500금융,삼성자산운용,주식-해외,가능,70% (위험자산),Y,높음,증권사·운용사교차검증,https://dis.kofia.or.kr/websquare/index.jsp?w2xPath=/wq/fundann/DISFundFeeCMS.xml&divisionId=MDIS01005001000000&serviceId=SDIS01005001000,data/regulatory/sources/kofia_evidence_extract_20260905.xml,E3,3way,삼성KODEX미국S&amp;P500금융증권상장지수투자신탁[주식] / 펀드유형: 주식형 / 표준코드: K55105DZ6536 / 기준일: 20230317,MOEL_WRBA_RULE_ART10_1_2,근로자퇴직급여 보장법 시행규칙 제10조 제1항 제2호 (위험자산의 범위 및 운용기준 (DC 및 IRP 위험자산 투자한도 70%)),ED_WRBA_ART26_1_2,공식 출처 대조 (증권사·운용사교차검증),KOFIA 펀드유형: 주식형 (근로자퇴직급여 보장법 시행규칙 제10조 제1항 제2호: 주식형 집합투자증권 위험자산 70% 한도),2026-09-05,PASS (공식 검증 완료)
453660,KR7453660003,KODEX 미국S&P500경기소비재,삼성자산운용,주식-해외,가능,70% (위험자산),Y,높음,증권사·운용사교차검증,https://dis.kofia.or.kr/websquare/index.jsp?w2xPath=/wq/fundann/DISFundFeeCMS.xml&divisionId=MDIS01005001000000&serviceId=SDIS01005001000,data/regulatory/sources/kofia_evidence_extract_20260905.xml,E3,3way,삼성KODEX미국S&amp;P500경기소비재증권상장지수투자신탁[주식] / 펀드유형: 주식형 / 표준코드: K55105DZ6528 / 기준일: 20230317,MOEL_WRBA_RULE_ART10_1_2,근로자퇴직급여 보장법 시행규칙 제10조 제1항 제2호 (위험자산의 범위 및 운용기준 (DC 및 IRP 위험자산 투자한도 70%)),ED_WRBA_ART26_1_2,공식 출처 대조 (증권사·운용사교차검증),KOFIA 펀드유형: 주식형 (근로자퇴직급여 보장법 시행규칙 제10조 제1항 제2호: 주식형 집합투자증권 위험자산 70% 한도),2026-09-05,PASS (공식 검증 완료)
453810,KR7453810004,KODEX 인도Nifty50,삼성자산운용,주식-해외,가능,70% (위험자산),Y,높음,증권사·운용사교차검증,https://securities.koreainvestment.com/pension/nwEtcinfo/Notice.jsp?cmd=A_NW_33030View&num=47520,data/regulatory/sources/brokers/koreainvestment/ETF_REITs_LIST_RP_260831.xlsx,E4,3way,삼성자산운용 KODEX 공시 [453810 / KODEX 인도Nifty50 / ivPsbReti: 70%] & 한국투자증권 공시 [453810 / KODEX 인도Nifty50 / 위험자산한도: 0.7],MOEL_WRBA_RULE_ART10_1_2,근로자퇴직급여 보장법 시행규칙 제10조 제1항 제2호 (위험자산의 범위 및 운용기준 (DC 및 IRP 위험자산 투자한도 70%)),ED_WRBA_ART26_1_2,공식 출처 대조 (증권사·운용사교차검증),삼성자산운용 KODEX 연금투자 공시 [stkTicker: 453810 / ivPsbReti: 70%] 및 한국투자증권 공시 [단축코드: 453810 / 위험자산한도: 0.7] 100% 교차 일치,2026-09-06,PASS (공식 검증 완료)
453820,KR7453820003,KODEX 인도Nifty50레버리지(합성),삼성자산운용,주식-해외,불가,불가,Y,보통,법령조건직접판정,https://www.law.go.kr/LSW//admRulInfoP.do?admRulSeq=2100000244795&chrClsCd=010201,data/regulatory/sources/statutes/퇴직연금감독규정_20260905.txt,RULE_NAME,1way,퇴직연금감독규정 제9조 제1항 제2호 마목: 상장지수집합투자기구가 목표로 하는 지수의 변화에 1배를 초과하거나 음의 배율로 연동하여 운용하는 것은 제외한다,PSR_ART9_1_2,퇴직연금감독규정 제9조 제1항 제2호 마목 (증권 및 기타 적립금 운용방법의 종류 등 (1배수 상장지수집합투자기구 파생위험평가액 100% 한도 허용)),,퇴직연금감독규정 제9조 제1항 제2호 마목 단서 (1배 초과 또는 음의 배율 연동 배제),명칭 기반 배수 식별 및 퇴직연금감독규정 제9조 제1항 제2호 마목 단서 적용,2026-09-05,PASS (공식 검증 완료)
453850,KR7453850000,ACE 미국30년국채액티브(H),한국투자신탁운용,채권,가능,100% (안전자산),Y,높음,증권사·운용사교차검증,https://dis.kofia.or.kr/websquare/index.jsp?w2xPath=/wq/fundann/DISFundFeeCMS.xml&divisionId=MDIS01005001000000&serviceId=SDIS01005001000,data/regulatory/sources/kofia_evidence_extract_20260905.xml,E3,3way,한국투자ACE미국30년국채액티브증권상장지수투자신탁[채권](H) / 펀드유형: 채권형 / 표준코드: K55101E03860 / 기준일: 20230310,PSR_ART11_1_4,퇴직연금감독규정 제11조 제1항 제4호 (적립금 운용방법 등 (원리금보장 및 채권형 등 100% 안전자산)),,금융감독원 DART 투자설명서 대조 (증권사·운용사교차검증),KOFIA 펀드유형: 채권형 (퇴직연금감독규정 제11조 제1항 제4호: 원리금보장 및 채권형 안전자산 (100% 편입 가능)),2026-09-05,PASS (공식 검증 완료)
453870,KR7453870008,TIGER 인도니프티50,미래에셋자산운용,주식-해외,가능,70% (위험자산),Y,높음,증권사·운용사교차검증,https://securities.koreainvestment.com/pension/nwEtcinfo/Notice.jsp?cmd=A_NW_33030View&num=47520,data/regulatory/sources/brokers/koreainvestment/ETF_REITs_LIST_RP_260831.xlsx,E4,3way,미래에셋자산운용 TIGER 공시 [KR7453870008 / TIGER 인도니프티50 / 퇴직연금 70%] & 한국투자증권 공시 [453870 / TIGER 인도니프티50 / 위험자산한도: 0.7],MOEL_WRBA_RULE_ART10_1_2,근로자퇴직급여 보장법 시행규칙 제10조 제1항 제2호 (위험자산의 범위 및 운용기준 (DC 및 IRP 위험자산 투자한도 70%)),ED_WRBA_ART26_1_2,공식 출처 대조 (증권사·운용사교차검증),미래에셋자산운용 TIGER 공시 [KR7453870008 / 퇴직연금 70%] 및 한국투자증권 공시 [단축코드: 453870 / 위험자산한도: 0.7] 100% 교차 일치,2026-09-06,PASS (공식 검증 완료)
453950,KR7453950008,TIGER TSMC파운드리밸류체인,미래에셋자산운용,주식-해외,가능,70% (위험자산),Y,높음,증권사·운용사교차검증,https://dis.kofia.or.kr/websquare/index.jsp?w2xPath=/wq/fundann/DISFundFeeCMS.xml&divisionId=MDIS01005001000000&serviceId=SDIS01005001000,data/regulatory/sources/kofia_evidence_extract_20260905.xml,E3,3way,미래에셋TIGERTSMC파운드리밸류체인증권상장지수투자신탁(주식) / 펀드유형: 주식형 / 표준코드: K55301E05523 / 기준일: 20230330,MOEL_WRBA_RULE_ART10_1_2,근로자퇴직급여 보장법 시행규칙 제10조 제1항 제2호 (위험자산의 범위 및 운용기준 (DC 및 IRP 위험자산 투자한도 70%)),ED_WRBA_ART26_1_2,공식 출처 대조 (증권사·운용사교차검증),KOFIA 펀드유형: 주식형 (근로자퇴직급여 보장법 시행규칙 제10조 제1항 제2호: 주식형 집합투자증권 위험자산 70% 한도),2026-09-05,PASS (공식 검증 완료)
454180,KR7454180001,KIWOOM 차이나내수소비TOP CSI,키움투자자산운용,주식-해외,가능,70% (위험자산),Y,높음,증권사목록대조,https://securities.koreainvestment.com/pension/nwEtcinfo/Notice.jsp?cmd=A_NW_33030View&num=47520,data/regulatory/sources/brokers/koreainvestment/ETF_REITs_LIST_RP_260831.xlsx,E4,2way,한국투자증권 퇴직연금 ETF 상품 현황(2026-08-31 기준) / KIWOOM 차이나내수소비TOP CSI / 454180 / 키움 / 퇴직연금 투자한도 0.7,MOEL_WRBA_RULE_ART10_1_2,근로자퇴직급여 보장법 시행규칙 제10조 제1항 제2호 (위험자산의 범위 및 운용기준 (DC 및 IRP 위험자산 투자한도 70%)),ED_WRBA_ART26_1_2,판매사 퇴직연금 매매가능 유니버스 및 위험자산 70% 대조 (증권사목록대조),한국투자증권 퇴직연금 ETF 상품 현황(2026-08-31 기준) 위험자산한도 0.7 대조 및 규제엔진 2자 합치 일치,2026-09-06,PASS (공식 검증 완료)
454320,KR7454320003,HANARO CAPEX설비투자iSelect,NH-Amundi자산운용,주식-국내,가능,70% (위험자산),Y,높음,협회공시대조,https://dis.kofia.or.kr/websquare/index.jsp?w2xPath=/wq/fundann/DISFundFeeCMS.xml&divisionId=MDIS01005001000000&serviceId=SDIS01005001000,data/regulatory/sources/kofia_evidence_extract_20260905.xml,E3,1way,NH-AmundiHANAROCAPEX설비투자iSelect증권상장지수투자신탁(주식) / 펀드유형: 주식형 / 표준코드: K55232E17012 / 기준일: 20230417,MOEL_WRBA_RULE_ART10_1_2,근로자퇴직급여 보장법 시행규칙 제10조 제1항 제2호 (위험자산의 범위 및 운용기준 (DC 및 IRP 위험자산 투자한도 70%)),ED_WRBA_ART26_1_2,금융투자협회 전자공시서비스(DIS) 표준 펀드유형 '주식형' XML 전수 대조 (시행규칙 제10조제1항제2호 한도 70%),KOFIA 펀드유형: 주식형 (근로자퇴직급여 보장법 시행규칙 제10조 제1항 제2호: 주식형 집합투자증권 위험자산 70% 한도),2026-09-05,PASS (공식 검증 완료)
454780,KR7454780008,KIWOOM 종합채권(AA-이상)액티브,키움투자자산운용,채권,가능,100% (안전자산),Y,높음,협회공시대조,https://dis.kofia.or.kr/websquare/index.jsp?w2xPath=/wq/fundann/DISFundFeeCMS.xml&divisionId=MDIS01005001000000&serviceId=SDIS01005001000,data/regulatory/sources/kofia_evidence_extract_20260905.xml,E3,1way,키움KIWOOM종합채권(AA-이상)액티브증권상장지수투자신탁[채권] / 펀드유형: 채권형 / 표준코드: K55206E15705 / 기준일: 20230405,PSR_ART11_1_4,퇴직연금감독규정 제11조 제1항 제4호 (적립금 운용방법 등 (원리금보장 및 채권형 등 100% 안전자산)),,금융투자협회 전자공시서비스(DIS) 표준 펀드유형 '채권형' XML 전수 대조,KOFIA 펀드유형: 채권형 (퇴직연금감독규정 제11조 제1항 제4호: 원리금보장 및 채권형 안전자산 (100% 편입 가능)),2026-09-05,PASS (공식 검증 완료)
455030,KR7455030007,KODEX 미국달러SOFR금리액티브(합성),삼성자산운용,금리·파킹,가능,70% (위험자산),Y,높음,증권사·운용사교차검증,https://securities.koreainvestment.com/pension/nwEtcinfo/Notice.jsp?cmd=A_NW_33030View&num=47520,data/regulatory/sources/brokers/koreainvestment/ETF_REITs_LIST_RP_260831.xlsx,E4,3way,한국투자증권 퇴직연금 ETF 상품 현황(2026-08-31 기준) / KODEX 미국달러SOFR금리액티브(합성) / 455030 / 삼성 / 퇴직연금 투자한도 0.7,MOEL_WRBA_RULE_ART10_1_2,근로자퇴직급여 보장법 시행규칙 제10조 제1항 제2호 (위험자산의 범위 및 운용기준 (DC 및 IRP 위험자산 투자한도 70%)),ED_WRBA_ART26_1_2,공식 출처 대조 (증권사·운용사교차검증),한국투자증권 퇴직연금 ETF 상품 현황(2026-08-31 기준) 위험자산한도 0.7 대조 및 규제엔진(특별자산/외화금리/장외파생/자산배분 개정규칙) 2자 합치 일치,2026-09-06,PASS (공식 검증 완료)
455660,KR7455660001,ACE 미국하이일드액티브(H),한국투자신탁운용,채권,가능,70% (위험자산),Y,높음,증권사·운용사교차검증,https://securities.koreainvestment.com/pension/nwEtcinfo/Notice.jsp?cmd=A_NW_33030View&num=47520,data/regulatory/sources/brokers/koreainvestment/ETF_REITs_LIST_RP_260831.xlsx,E4,3way,한국투자증권 퇴직연금 ETF 상품 현황(2026-08-31 기준) / ACE 미국하이일드액티브(H) / 455660 / 한국 / 퇴직연금 투자한도 0.7,MOEL_WRBA_RULE_ART10_1_2,근로자퇴직급여 보장법 시행규칙 제10조 제1항 제2호 (위험자산의 범위 및 운용기준 (DC 및 IRP 위험자산 투자한도 70%)),ED_WRBA_ART26_1_2,공식 출처 대조 (증권사·운용사교차검증),한국투자증권 퇴직연금 ETF 상품 현황(2026-08-31 기준) 위험자산한도 0.7 대조 및 규제엔진 2자 합치 일치,2026-09-06,PASS (공식 검증 완료)
455850,KR7455850008,SOL AI반도체소부장,신한자산운용,주식-국내,가능,70% (위험자산),Y,높음,협회공시대조,https://dis.kofia.or.kr/websquare/index.jsp?w2xPath=/wq/fundann/DISFundFeeCMS.xml&divisionId=MDIS01005001000000&serviceId=SDIS01005001000,data/regulatory/sources/kofia_evidence_extract_20260905.xml,E3,1way,신한SOLAI반도체소부장증권상장지수투자신탁[주식] / 펀드유형: 주식형 / 표준코드: K55210E09965 / 기준일: 20230424,MOEL_WRBA_RULE_ART10_1_2,근로자퇴직급여 보장법 시행규칙 제10조 제1항 제2호 (위험자산의 범위 및 운용기준 (DC 및 IRP 위험자산 투자한도 70%)),ED_WRBA_ART26_1_2,금융투자협회 전자공시서비스(DIS) 표준 펀드유형 '주식형' XML 전수 대조 (시행규칙 제10조제1항제2호 한도 70%),KOFIA 펀드유형: 주식형 (근로자퇴직급여 보장법 시행규칙 제10조 제1항 제2호: 주식형 집합투자증권 위험자산 70% 한도),2026-09-05,PASS (공식 검증 완료)
455860,KR7455860007,SOL 2차전지소부장Fn,신한자산운용,주식-국내,가능,70% (위험자산),Y,높음,협회공시대조,https://dis.kofia.or.kr/websquare/index.jsp?w2xPath=/wq/fundann/DISFundFeeCMS.xml&divisionId=MDIS01005001000000&serviceId=SDIS01005001000,data/regulatory/sources/kofia_evidence_extract_20260905.xml,E3,1way,신한SOL2차전지소부장Fn증권상장지수투자신탁[주식] / 펀드유형: 주식형 / 표준코드: K55210E15681 / 기준일: 20230424,MOEL_WRBA_RULE_ART10_1_2,근로자퇴직급여 보장법 시행규칙 제10조 제1항 제2호 (위험자산의 범위 및 운용기준 (DC 및 IRP 위험자산 투자한도 70%)),ED_WRBA_ART26_1_2,금융투자협회 전자공시서비스(DIS) 표준 펀드유형 '주식형' XML 전수 대조 (시행규칙 제10조제1항제2호 한도 70%),KOFIA 펀드유형: 주식형 (근로자퇴직급여 보장법 시행규칙 제10조 제1항 제2호: 주식형 집합투자증권 위험자산 70% 한도),2026-09-05,PASS (공식 검증 완료)
455890,KR7455890004,RISE 머니마켓액티브,KB자산운용,금리·파킹,가능,100% (안전자산),Y,높음,협회공시대조,https://dis.kofia.or.kr/websquare/index.jsp?w2xPath=/wq/fundann/DISFundFeeCMS.xml&divisionId=MDIS01005001000000&serviceId=SDIS01005001000,data/regulatory/sources/kofia_evidence_extract_20260905.xml,E3,1way,KBRISE머니마켓액티브증권상장지수투자신탁(채권) / 펀드유형: 채권형 / 표준코드: K55223E22581 / 기준일: 20230508,PSR_ART11_1_4,퇴직연금감독규정 제11조 제1항 제4호 (적립금 운용방법 등 (원리금보장 및 채권형 등 100% 안전자산)),,금융투자협회 전자공시서비스(DIS) 표준 펀드유형 '채권형' XML 전수 대조,KOFIA 펀드유형: 채권형 (퇴직연금감독규정 제11조 제1항 제4호: 원리금보장 및 채권형 안전자산 (100% 편입 가능)),2026-09-05,PASS (공식 검증 완료)
455960,KR7455960005,RISE 미국달러SOFR금리액티브(합성),KB자산운용,금리·파킹,가능,70% (위험자산),Y,높음,증권사·운용사교차검증,https://securities.koreainvestment.com/pension/nwEtcinfo/Notice.jsp?cmd=A_NW_33030View&num=47520,data/regulatory/sources/brokers/koreainvestment/ETF_REITs_LIST_RP_260831.xlsx,E4,3way,한국투자증권 퇴직연금 ETF 상품 현황(2026-08-31 기준) / RISE 미국달러SOFR금리액티브(합성) / 455960 / KB / 퇴직연금 투자한도 0.7,MOEL_WRBA_RULE_ART10_1_2,근로자퇴직급여 보장법 시행규칙 제10조 제1항 제2호 (위험자산의 범위 및 운용기준 (DC 및 IRP 위험자산 투자한도 70%)),ED_WRBA_ART26_1_2,공식 출처 대조 (증권사·운용사교차검증),한국투자증권 퇴직연금 ETF 상품 현황(2026-08-31 기준) 위험자산한도 0.7 대조 및 규제엔진(특별자산/외화금리/장외파생/자산배분 개정규칙) 2자 합치 일치,2026-09-06,PASS (공식 검증 완료)
456200,KR7456200005,PLUS 미국달러SOFR금리액티브(합성),한화자산운용,금리·파킹,가능,70% (위험자산),Y,높음,증권사·운용사교차검증,https://securities.koreainvestment.com/pension/nwEtcinfo/Notice.jsp?cmd=A_NW_33030View&num=47520,data/regulatory/sources/brokers/koreainvestment/ETF_REITs_LIST_RP_260831.xlsx,E4,3way,한국투자증권 퇴직연금 ETF 상품 현황(2026-08-31 기준) / PLUS 미국달러SOFR금리액티브(합성) / 456200 / 한화 / 퇴직연금 투자한도 0.7,MOEL_WRBA_RULE_ART10_1_2,근로자퇴직급여 보장법 시행규칙 제10조 제1항 제2호 (위험자산의 범위 및 운용기준 (DC 및 IRP 위험자산 투자한도 70%)),ED_WRBA_ART26_1_2,공식 출처 대조 (증권사·운용사교차검증),한국투자증권 퇴직연금 ETF 상품 현황(2026-08-31 기준) 위험자산한도 0.7 대조 및 규제엔진(특별자산/외화금리/장외파생/자산배분 개정규칙) 2자 합치 일치,2026-09-06,PASS (공식 검증 완료)
456250,KR7456250000,KODEX 유럽명품TOP10 STOXX,삼성자산운용,주식-해외,가능,70% (위험자산),Y,높음,증권사·운용사교차검증,https://dis.kofia.or.kr/websquare/index.jsp?w2xPath=/wq/fundann/DISFundFeeCMS.xml&divisionId=MDIS01005001000000&serviceId=SDIS01005001000,data/regulatory/sources/kofia_evidence_extract_20260905.xml,E3,3way,삼성KODEX유럽명품TOP10STOXX증권상장지수투자신탁[주식] / 펀드유형: 주식형 / 표준코드: K55105E16996 / 기준일: 20230421,MOEL_WRBA_RULE_ART10_1_2,근로자퇴직급여 보장법 시행규칙 제10조 제1항 제2호 (위험자산의 범위 및 운용기준 (DC 및 IRP 위험자산 투자한도 70%)),ED_WRBA_ART26_1_2,공식 출처 대조 (증권사·운용사교차검증),KOFIA 펀드유형: 주식형 (근로자퇴직급여 보장법 시행규칙 제10조 제1항 제2호: 주식형 집합투자증권 위험자산 70% 한도),2026-09-05,PASS (공식 검증 완료)
456600,KR7456600006,TIME 글로벌AI인공지능액티브,타임폴리오자산운용,주식-해외,가능,70% (위험자산),Y,높음,협회공시대조,https://dis.kofia.or.kr/websquare/index.jsp?w2xPath=/wq/fundann/DISFundFeeCMS.xml&divisionId=MDIS01005001000000&serviceId=SDIS01005001000,data/regulatory/sources/kofia_evidence_extract_20260905.xml,E3,1way,타임폴리오TIME글로벌AI인공지능액티브증권상장지수투자신탁[주식] / 펀드유형: 주식형 / 표준코드: K553J1E23876 / 기준일: 20230515,MOEL_WRBA_RULE_ART10_1_2,근로자퇴직급여 보장법 시행규칙 제10조 제1항 제2호 (위험자산의 범위 및 운용기준 (DC 및 IRP 위험자산 투자한도 70%)),ED_WRBA_ART26_1_2,금융투자협회 전자공시서비스(DIS) 표준 펀드유형 '주식형' XML 전수 대조 (시행규칙 제10조제1항제2호 한도 70%),KOFIA 펀드유형: 주식형 (근로자퇴직급여 보장법 시행규칙 제10조 제1항 제2호: 주식형 집합투자증권 위험자산 70% 한도),2026-09-05,PASS (공식 검증 완료)
456610,KR7456610005,TIGER 미국달러SOFR금리액티브(합성),미래에셋자산운용,금리·파킹,가능,70% (위험자산),Y,높음,증권사·운용사교차검증,https://securities.koreainvestment.com/pension/nwEtcinfo/Notice.jsp?cmd=A_NW_33030View&num=47520,data/regulatory/sources/brokers/koreainvestment/ETF_REITs_LIST_RP_260831.xlsx,E4,3way,한국투자증권 퇴직연금 ETF 상품 현황(2026-08-31 기준) / TIGER 미국달러SOFR금리액티브(합성) / 456610 / 미래에셋 / 퇴직연금 투자한도 0.7,MOEL_WRBA_RULE_ART10_1_2,근로자퇴직급여 보장법 시행규칙 제10조 제1항 제2호 (위험자산의 범위 및 운용기준 (DC 및 IRP 위험자산 투자한도 70%)),ED_WRBA_ART26_1_2,공식 출처 대조 (증권사·운용사교차검증),한국투자증권 퇴직연금 ETF 상품 현황(2026-08-31 기준) 위험자산한도 0.7 대조 및 규제엔진(특별자산/외화금리/장외파생/자산배분 개정규칙) 2자 합치 일치,2026-09-06,PASS (공식 검증 완료)
456680,KR7456680008,TIGER 차이나전기차레버리지(합성),미래에셋자산운용,주식-해외,불가,불가,Y,보통,법령조건직접판정,https://www.law.go.kr/LSW//admRulInfoP.do?admRulSeq=2100000244795&chrClsCd=010201,data/regulatory/sources/statutes/퇴직연금감독규정_20260905.txt,RULE_NAME,1way,퇴직연금감독규정 제9조 제1항 제2호 마목: 상장지수집합투자기구가 목표로 하는 지수의 변화에 1배를 초과하거나 음의 배율로 연동하여 운용하는 것은 제외한다,PSR_ART9_1_2,퇴직연금감독규정 제9조 제1항 제2호 마목 (증권 및 기타 적립금 운용방법의 종류 등 (1배수 상장지수집합투자기구 파생위험평가액 100% 한도 허용)),,퇴직연금감독규정 제9조 제1항 제2호 마목 단서 (1배 초과 또는 음의 배율 연동 배제),명칭 기반 배수 식별 및 퇴직연금감독규정 제9조 제1항 제2호 마목 단서 적용,2026-09-05,PASS (공식 검증 완료)
456880,KR7456880004,ACE 미국달러SOFR금리(합성),한국투자신탁운용,금리·파킹,가능,70% (위험자산),Y,높음,증권사·운용사교차검증,https://securities.koreainvestment.com/pension/nwEtcinfo/Notice.jsp?cmd=A_NW_33030View&num=47520,data/regulatory/sources/brokers/koreainvestment/ETF_REITs_LIST_RP_260831.xlsx,E4,3way,한국투자증권 퇴직연금 ETF 상품 현황(2026-08-31 기준) / ACE 미국달러SOFR금리(합성) / 456880 / 한국 / 퇴직연금 투자한도 0.7,MOEL_WRBA_RULE_ART10_1_2,근로자퇴직급여 보장법 시행규칙 제10조 제1항 제2호 (위험자산의 범위 및 운용기준 (DC 및 IRP 위험자산 투자한도 70%)),ED_WRBA_ART26_1_2,공식 출처 대조 (증권사·운용사교차검증),한국투자증권 퇴직연금 ETF 상품 현황(2026-08-31 기준) 위험자산한도 0.7 대조 및 규제엔진(특별자산/외화금리/장외파생/자산배분 개정규칙) 2자 합치 일치,2026-09-06,PASS (공식 검증 완료)
457480,KR7457480002,ACE 테슬라밸류체인액티브,한국투자신탁운용,주식-해외,가능,70% (위험자산),Y,높음,증권사·운용사교차검증,https://dis.kofia.or.kr/websquare/index.jsp?w2xPath=/wq/fundann/DISFundFeeCMS.xml&divisionId=MDIS01005001000000&serviceId=SDIS01005001000,data/regulatory/sources/kofia_evidence_extract_20260905.xml,E3,3way,한국투자ACE테슬라밸류체인액티브증권상장지수투자신탁(주식) / 펀드유형: 주식형 / 표준코드: K55101E19387 / 기준일: 20230515,MOEL_WRBA_RULE_ART10_1_2,근로자퇴직급여 보장법 시행규칙 제10조 제1항 제2호 (위험자산의 범위 및 운용기준 (DC 및 IRP 위험자산 투자한도 70%)),ED_WRBA_ART26_1_2,공식 출처 대조 (증권사·운용사교차검증),KOFIA 펀드유형: 주식형 (근로자퇴직급여 보장법 시행규칙 제10조 제1항 제2호: 주식형 집합투자증권 위험자산 70% 한도),2026-09-05,PASS (공식 검증 완료)
457690,KR7457690006,KODEX 33-06 국고채액티브,삼성자산운용,채권,가능,100% (안전자산),Y,높음,증권사·운용사교차검증,https://dis.kofia.or.kr/websquare/index.jsp?w2xPath=/wq/fundann/DISFundFeeCMS.xml&divisionId=MDIS01005001000000&serviceId=SDIS01005001000,data/regulatory/sources/kofia_evidence_extract_20260905.xml,E3,3way,삼성KODEX33-06국고채액티브증권상장지수투자신탁[채권] / 펀드유형: 채권형 / 표준코드: K55105E17036 / 기준일: 20230525,PSR_ART11_1_4,퇴직연금감독규정 제11조 제1항 제4호 (적립금 운용방법 등 (원리금보장 및 채권형 등 100% 안전자산)),,금융감독원 DART 투자설명서 대조 (증권사·운용사교차검증),KOFIA 펀드유형: 채권형 (퇴직연금감독규정 제11조 제1항 제4호: 원리금보장 및 채권형 안전자산 (100% 편입 가능)),2026-09-05,PASS (공식 검증 완료)
457700,KR7457700003,KODEX 53-09 국고채액티브,삼성자산운용,채권,가능,100% (안전자산),Y,높음,증권사·운용사교차검증,https://dis.kofia.or.kr/websquare/index.jsp?w2xPath=/wq/fundann/DISFundFeeCMS.xml&divisionId=MDIS01005001000000&serviceId=SDIS01005001000,data/regulatory/sources/kofia_evidence_extract_20260905.xml,E3,3way,삼성KODEX53-09국고채액티브증권상장지수투자신탁[채권] / 펀드유형: 채권형 / 표준코드: K55105E17044 / 기준일: 20230525,PSR_ART11_1_4,퇴직연금감독규정 제11조 제1항 제4호 (적립금 운용방법 등 (원리금보장 및 채권형 등 100% 안전자산)),,금융감독원 DART 투자설명서 대조 (증권사·운용사교차검증),KOFIA 펀드유형: 채권형 (퇴직연금감독규정 제11조 제1항 제4호: 원리금보장 및 채권형 안전자산 (100% 편입 가능)),2026-09-05,PASS (공식 검증 완료)
457930,KR7457930006,BNK 미래전략기술액티브,BNK자산운용,주식-국내,가능,70% (위험자산),Y,높음,협회공시대조,https://dis.kofia.or.kr/websquare/index.jsp?w2xPath=/wq/fundann/DISFundFeeCMS.xml&divisionId=MDIS01005001000000&serviceId=SDIS01005001000,data/regulatory/sources/kofia_evidence_extract_20260905.xml,E3,1way,BNKBNK미래전략기술액티브증권상장지수투자신탁(주식) / 펀드유형: 주식형 / 표준코드: K55240E32568 / 기준일: 20230619,MOEL_WRBA_RULE_ART10_1_2,근로자퇴직급여 보장법 시행규칙 제10조 제1항 제2호 (위험자산의 범위 및 운용기준 (DC 및 IRP 위험자산 투자한도 70%)),ED_WRBA_ART26_1_2,금융투자협회 전자공시서비스(DIS) 표준 펀드유형 '주식형' XML 전수 대조 (시행규칙 제10조제1항제2호 한도 70%),KOFIA 펀드유형: 주식형 (근로자퇴직급여 보장법 시행규칙 제10조 제1항 제2호: 주식형 집합투자증권 위험자산 70% 한도),2026-09-05,PASS (공식 검증 완료)
457990,KR7457990000,PLUS 태양광&ESS,한화자산운용,주식-국내,가능,70% (위험자산),Y,높음,증권사·운용사교차검증,https://dis.kofia.or.kr/websquare/index.jsp?w2xPath=/wq/fundann/DISFundFeeCMS.xml&divisionId=MDIS01005001000000&serviceId=SDIS01005001000,data/regulatory/sources/kofia_evidence_extract_20260905.xml,E3,3way,한화PLUS태양광&amp;ESS증권상장지수투자신탁(주식) / 펀드유형: 주식형 / 표준코드: K55213E13359 / 기준일: 20230619,MOEL_WRBA_RULE_ART10_1_2,근로자퇴직급여 보장법 시행규칙 제10조 제1항 제2호 (위험자산의 범위 및 운용기준 (DC 및 IRP 위험자산 투자한도 70%)),ED_WRBA_ART26_1_2,공식 출처 대조 (증권사·운용사교차검증),KOFIA 펀드유형: 주식형 (근로자퇴직급여 보장법 시행규칙 제10조 제1항 제2호: 주식형 집합투자증권 위험자산 70% 한도),2026-09-05,PASS (공식 검증 완료)
458030,KR7458030004,WON 국공채머니마켓액티브,우리에셋자산운용,금리·파킹,가능,100% (안전자산),Y,높음,협회공시대조,https://dis.kofia.or.kr/websquare/index.jsp?w2xPath=/wq/fundann/DISFundFeeCMS.xml&divisionId=MDIS01005001000000&serviceId=SDIS01005001000,data/regulatory/sources/kofia_evidence_extract_20260905.xml,E3,1way,우리WON국공채머니마켓액티브증권상장지수투자신탁(채권) / 펀드유형: 채권형 / 표준코드: K55107E28500 / 기준일: 20230526,PSR_ART11_1_4,퇴직연금감독규정 제11조 제1항 제4호 (적립금 운용방법 등 (원리금보장 및 채권형 등 100% 안전자산)),,금융투자협회 전자공시서비스(DIS) 표준 펀드유형 '채권형' XML 전수 대조,KOFIA 펀드유형: 채권형 (퇴직연금감독규정 제11조 제1항 제4호: 원리금보장 및 채권형 안전자산 (100% 편입 가능)),2026-09-05,PASS (공식 검증 완료)
458210,KR7458210002,KIWOOM CD금리액티브(합성),키움투자자산운용,금리·파킹,가능,70% (위험자산),Y,높음,증권사목록대조,https://securities.koreainvestment.com/pension/nwEtcinfo/Notice.jsp?cmd=A_NW_33030View&num=47520,data/regulatory/sources/brokers/koreainvestment/ETF_REITs_LIST_RP_260831.xlsx,E4,2way,한국투자증권 ETF 상품 현황(2026-08-31 기준) / KIWOOM CD금리액티브(합성) / 458210 / 키움 / 투자한도 0.7,MOEL_WRBA_RULE_ART10_1_2,근로자퇴직급여 보장법 시행규칙 제10조 제1항 제2호 (위험자산의 범위 및 운용기준 (DC 및 IRP 위험자산 투자한도 70%)),ED_WRBA_ART26_1_2,판매사 퇴직연금 매매가능 유니버스 및 위험자산 70% 대조 (증권사목록대조),한국투자증권 ETF 상품 현황(2026-08-31 기준) 투자한도 0.7 확인 및 특별자산 펀드유형 일치,2026-09-06,PASS (공식 검증 완료)
458250,KR7458250008,TIGER 미국30년국채스트립액티브(합성 H),미래에셋자산운용,채권,가능,100% (안전자산),Y,높음,증권사·운용사교차검증,https://securities.koreainvestment.com/pension/nwEtcinfo/Notice.jsp?cmd=A_NW_33030View&num=47520,data/regulatory/sources/brokers/koreainvestment/ETF_REITs_LIST_RP_260831.xlsx,E4,3way,미래에셋자산운용 TIGER 공시 [KR7458250008 /  / 퇴직연금 100%] & 한국투자증권 공시 [458250 / TIGER 미국30년국채스트립액티브(합성 H) / 위험자산한도: 1.0],PSR_ART11_1_5,퇴직연금감독규정 제11조 제1항 제5호 (적립금 운용방법 등 (주식 50% 미만 채권혼합형 100% 안전자산)),PSR_ART9_1_2,금융감독원 DART 투자설명서 1배수 파생평가액 한도 및 주식한도 대조 (증권사·운용사교차검증),미래에셋자산운용 TIGER 공시 [KR7458250008 / 퇴직연금 100%] 및 한국투자증권 공시 [단축코드: 458250 / 위험자산한도: 1.0] 100% 교차 일치,2026-09-06,PASS (공식 검증 완료)
458260,KR7458260007,TIGER 미국투자등급회사채액티브(H),미래에셋자산운용,채권,가능,100% (안전자산),Y,높음,증권사·운용사교차검증,https://dis.kofia.or.kr/websquare/index.jsp?w2xPath=/wq/fundann/DISFundFeeCMS.xml&divisionId=MDIS01005001000000&serviceId=SDIS01005001000,data/regulatory/sources/kofia_evidence_extract_20260905.xml,E3,3way,미래에셋TIGER미국투자등급회사채액티브증권상장지수투자신탁(채권)(H) / 펀드유형: 채권형 / 표준코드: K55301E15696 / 기준일: 20230525,PSR_ART11_1_4,퇴직연금감독규정 제11조 제1항 제4호 (적립금 운용방법 등 (원리금보장 및 채권형 등 100% 안전자산)),,금융감독원 DART 투자설명서 대조 (증권사·운용사교차검증),KOFIA 펀드유형: 채권형 (퇴직연금감독규정 제11조 제1항 제4호: 원리금보장 및 채권형 안전자산 (100% 편입 가능)),2026-09-05,PASS (공식 검증 완료)
458730,KR7458730009,TIGER 미국배당다우존스,미래에셋자산운용,주식-해외,가능,70% (위험자산),Y,높음,증권사·운용사교차검증,https://dis.kofia.or.kr/websquare/index.jsp?w2xPath=/wq/fundann/DISFundFeeCMS.xml&divisionId=MDIS01005001000000&serviceId=SDIS01005001000,data/regulatory/sources/kofia_evidence_extract_20260905.xml,E3,3way,미래에셋TIGER미국배당다우존스증권상장지수투자신탁(주식) / 펀드유형: 주식형 / 표준코드: K55301E27634 / 기준일: 20230616,MOEL_WRBA_RULE_ART10_1_2,근로자퇴직급여 보장법 시행규칙 제10조 제1항 제2호 (위험자산의 범위 및 운용기준 (DC 및 IRP 위험자산 투자한도 70%)),ED_WRBA_ART26_1_2,공식 출처 대조 (증권사·운용사교차검증),KOFIA 펀드유형: 주식형 (근로자퇴직급여 보장법 시행규칙 제10조 제1항 제2호: 주식형 집합투자증권 위험자산 70% 한도),2026-09-05,PASS (공식 검증 완료)
458750,KR7458750007,TIGER 미국배당다우존스타겟커버드콜1호,미래에셋자산운용,주식-해외,가능,70% (위험자산),Y,높음,증권사·운용사교차검증,https://securities.koreainvestment.com/pension/nwEtcinfo/Notice.jsp?cmd=A_NW_33030View&num=47520,data/regulatory/sources/brokers/koreainvestment/ETF_REITs_LIST_RP_260831.xlsx,E4,3way,미래에셋자산운용 TIGER 공시 [KR7458750007 / TIGER 미국배당다우존스타겟커버드콜1호 / 퇴직연금 70%] & 한국투자증권 공시 [458750 / TIGER 미국배당다우존스타겟커버드콜1호 / 위험자산한도: 0.7],MOEL_WRBA_RULE_ART10_1_2,근로자퇴직급여 보장법 시행규칙 제10조 제1항 제2호 (위험자산의 범위 및 운용기준 (DC 및 IRP 위험자산 투자한도 70%)),ED_WRBA_ART26_1_2,공식 출처 대조 (증권사·운용사교차검증),미래에셋자산운용 TIGER 공시 [KR7458750007 / 퇴직연금 70%] 및 한국투자증권 공시 [단축코드: 458750 / 위험자산한도: 0.7] 100% 교차 일치,2026-09-06,PASS (공식 검증 완료)
458760,KR7458760006,TIGER 미국배당다우존스타겟커버드콜2호,미래에셋자산운용,주식-해외,가능,70% (위험자산),Y,높음,증권사·운용사교차검증,https://securities.koreainvestment.com/pension/nwEtcinfo/Notice.jsp?cmd=A_NW_33030View&num=47520,data/regulatory/sources/brokers/koreainvestment/ETF_REITs_LIST_RP_260831.xlsx,E4,3way,미래에셋자산운용 TIGER 공시 [KR7458760006 / TIGER 미국배당다우존스타겟커버드콜2호 / 퇴직연금 70%] & 한국투자증권 공시 [458760 / TIGER 미국배당다우존스타겟커버드콜2호 / 위험자산한도: 0.7],MOEL_WRBA_RULE_ART10_1_2,근로자퇴직급여 보장법 시행규칙 제10조 제1항 제2호 (위험자산의 범위 및 운용기준 (DC 및 IRP 위험자산 투자한도 70%)),ED_WRBA_ART26_1_2,공식 출처 대조 (증권사·운용사교차검증),미래에셋자산운용 TIGER 공시 [KR7458760006 / 퇴직연금 70%] 및 한국투자증권 공시 [단축코드: 458760 / 위험자산한도: 0.7] 100% 교차 일치,2026-09-06,PASS (공식 검증 완료)
459560,KR7459560009,KODEX 테슬라밸류체인FactSet,삼성자산운용,주식-해외,가능,70% (위험자산),Y,높음,증권사·운용사교차검증,https://securities.koreainvestment.com/pension/nwEtcinfo/Notice.jsp?cmd=A_NW_33030View&num=47520,data/regulatory/sources/brokers/koreainvestment/ETF_REITs_LIST_RP_260831.xlsx,E4,3way,삼성자산운용 KODEX 공시 [459560 / KODEX 테슬라밸류체인FactSet / ivPsbReti: 70%] & 한국투자증권 공시 [459560 / KODEX 테슬라밸류체인FactSet / 위험자산한도: 0.7],MOEL_WRBA_RULE_ART10_1_2,근로자퇴직급여 보장법 시행규칙 제10조 제1항 제2호 (위험자산의 범위 및 운용기준 (DC 및 IRP 위험자산 투자한도 70%)),ED_WRBA_ART26_1_2,공식 출처 대조 (증권사·운용사교차검증),삼성자산운용 KODEX 연금투자 공시 [stkTicker: 459560 / ivPsbReti: 70%] 및 한국투자증권 공시 [단축코드: 459560 / 위험자산한도: 0.7] 100% 교차 일치,2026-09-06,PASS (공식 검증 완료)
459580,KR7459580007,KODEX CD금리액티브(합성),삼성자산운용,금리·파킹,가능,100% (안전자산),Y,높음,증권사·운용사교차검증,https://securities.koreainvestment.com/pension/nwEtcinfo/Notice.jsp?cmd=A_NW_33030View&num=47520,data/regulatory/sources/brokers/koreainvestment/ETF_REITs_LIST_RP_260831.xlsx,E4,3way,삼성자산운용 KODEX 공시 [459580 / KODEX CD금리액티브(합성) / ivPsbReti: 100%] & 한국투자증권 공시 [459580 / KODEX CD금리액티브(합성) / 위험자산한도: 1.0],PSR_ART11_1_5,퇴직연금감독규정 제11조 제1항 제5호 (적립금 운용방법 등 (주식 50% 미만 채권혼합형 100% 안전자산)),PSR_ART9_1_2,금융감독원 DART 투자설명서 1배수 파생평가액 한도 및 주식한도 대조 (증권사·운용사교차검증),삼성자산운용 KODEX 연금투자 공시 [stkTicker: 459580 / ivPsbReti: 100%] 및 한국투자증권 공시 [단축코드: 459580 / 위험자산한도: 1.0] 100% 교차 일치,2026-09-06,PASS (공식 검증 완료)
459750,KR7459750006,RISE 글로벌주식분산액티브,KB자산운용,주식-해외,가능,70% (위험자산),Y,높음,증권사·운용사교차검증,https://securities.koreainvestment.com/pension/nwEtcinfo/Notice.jsp?cmd=A_NW_33030View&num=47520,data/regulatory/sources/brokers/koreainvestment/ETF_REITs_LIST_RP_260831.xlsx,E4,3way,한국투자증권 퇴직연금 ETF 상품 현황(2026-08-31 기준) / RISE 글로벌주식분산액티브 / 459750 / KB / 퇴직연금 투자한도 0.7,MOEL_WRBA_RULE_ART10_1_2,근로자퇴직급여 보장법 시행규칙 제10조 제1항 제2호 (위험자산의 범위 및 운용기준 (DC 및 IRP 위험자산 투자한도 70%)),ED_WRBA_ART26_1_2,공식 출처 대조 (증권사·운용사교차검증),한국투자증권 퇴직연금 ETF 상품 현황(2026-08-31 기준) 위험자산한도 0.7 대조 및 규제엔진 2자 합치 일치,2026-09-06,PASS (공식 검증 완료)
459790,KR7459790002,KIWOOM 미국성장기업30액티브,키움투자자산운용,주식-해외,가능,70% (위험자산),Y,높음,협회공시대조,https://dis.kofia.or.kr/websquare/index.jsp?w2xPath=/wq/fundann/DISFundFeeCMS.xml&divisionId=MDIS01005001000000&serviceId=SDIS01005001000,data/regulatory/sources/kofia_evidence_extract_20260905.xml,E3,1way,키움KIWOOM미국성장기업30액티브증권상장지수투자신탁[주식] / 펀드유형: 주식형 / 표준코드: K55206E19798 / 기준일: 20230622,MOEL_WRBA_RULE_ART10_1_2,근로자퇴직급여 보장법 시행규칙 제10조 제1항 제2호 (위험자산의 범위 및 운용기준 (DC 및 IRP 위험자산 투자한도 70%)),ED_WRBA_ART26_1_2,금융투자협회 전자공시서비스(DIS) 표준 펀드유형 '주식형' XML 전수 대조 (시행규칙 제10조제1항제2호 한도 70%),KOFIA 펀드유형: 주식형 (근로자퇴직급여 보장법 시행규칙 제10조 제1항 제2호: 주식형 집합투자증권 위험자산 70% 한도),2026-09-05,PASS (공식 검증 완료)
460270,KR7460270002,KIWOOM 미국달러SOFR금리액티브(합성),키움투자자산운용,금리·파킹,가능,70% (위험자산),Y,높음,증권사목록대조,https://securities.koreainvestment.com/pension/nwEtcinfo/Notice.jsp?cmd=A_NW_33030View&num=47520,data/regulatory/sources/brokers/koreainvestment/ETF_REITs_LIST_RP_260831.xlsx,E4,2way,한국투자증권 퇴직연금 ETF 상품 현황(2026-08-31 기준) / KIWOOM 미국달러SOFR금리액티브(합성) / 460270 / 키움 / 퇴직연금 투자한도 0.7,MOEL_WRBA_RULE_ART10_1_2,근로자퇴직급여 보장법 시행규칙 제10조 제1항 제2호 (위험자산의 범위 및 운용기준 (DC 및 IRP 위험자산 투자한도 70%)),ED_WRBA_ART26_1_2,판매사 퇴직연금 매매가능 유니버스 및 위험자산 70% 대조 (증권사목록대조),한국투자증권 퇴직연금 ETF 상품 현황(2026-08-31 기준) 위험자산한도 0.7 대조 및 규제엔진(특별자산/외화금리/장외파생/자산배분 개정규칙) 2자 합치 일치,2026-09-06,PASS (공식 검증 완료)
460660,KR7460660004,RISE 미국S&P배당킹,KB자산운용,주식-해외,가능,70% (위험자산),Y,높음,증권사·운용사교차검증,https://dis.kofia.or.kr/websquare/index.jsp?w2xPath=/wq/fundann/DISFundFeeCMS.xml&divisionId=MDIS01005001000000&serviceId=SDIS01005001000,data/regulatory/sources/kofia_evidence_extract_20260905.xml,E3,3way,KBRISE미국S&amp;P배당킹증권상장지수투자신탁(주식) / 펀드유형: 주식형 / 표준코드: K55223E34644 / 기준일: 20230623,MOEL_WRBA_RULE_ART10_1_2,근로자퇴직급여 보장법 시행규칙 제10조 제1항 제2호 (위험자산의 범위 및 운용기준 (DC 및 IRP 위험자산 투자한도 70%)),ED_WRBA_ART26_1_2,공식 출처 대조 (증권사·운용사교차검증),KOFIA 펀드유형: 주식형 (근로자퇴직급여 보장법 시행규칙 제10조 제1항 제2호: 주식형 집합투자증권 위험자산 70% 한도),2026-09-05,PASS (공식 검증 완료)
460960,KR7460960008,ACE 글로벌인컴TOP10,한국투자신탁운용,주식-해외,가능,70% (위험자산),Y,높음,증권사·운용사교차검증,https://securities.koreainvestment.com/pension/nwEtcinfo/Notice.jsp?cmd=A_NW_33030View&num=47520,data/regulatory/sources/brokers/koreainvestment/ETF_REITs_LIST_RP_260831.xlsx,E4,3way,한국투자증권 퇴직연금 ETF 상품 현황(2026-08-31 기준) / ACE 글로벌인컴TOP10 / 460960 / 한국 / 퇴직연금 투자한도 0.7,MOEL_WRBA_RULE_ART10_1_2,근로자퇴직급여 보장법 시행규칙 제10조 제1항 제2호 (위험자산의 범위 및 운용기준 (DC 및 IRP 위험자산 투자한도 70%)),ED_WRBA_ART26_1_2,공식 출처 대조 (증권사·운용사교차검증),한국투자증권 퇴직연금 ETF 상품 현황(2026-08-31 기준) 위험자산한도 0.7 대조 및 규제엔진 2자 합치 일치,2026-09-06,PASS (공식 검증 완료)
461340,KR7461340002,HANARO 글로벌생성형AI액티브,NH-Amundi자산운용,주식-해외,가능,70% (위험자산),Y,높음,협회공시대조,https://dis.kofia.or.kr/websquare/index.jsp?w2xPath=/wq/fundann/DISFundFeeCMS.xml&divisionId=MDIS01005001000000&serviceId=SDIS01005001000,data/regulatory/sources/kofia_evidence_extract_20260905.xml,E3,1way,NH-AmundiHANARO글로벌생성형AI액티브증권상장지수투자신탁(주식) / 펀드유형: 주식형 / 표준코드: K55232E40014 / 기준일: 20230707,MOEL_WRBA_RULE_ART10_1_2,근로자퇴직급여 보장법 시행규칙 제10조 제1항 제2호 (위험자산의 범위 및 운용기준 (DC 및 IRP 위험자산 투자한도 70%)),ED_WRBA_ART26_1_2,금융투자협회 전자공시서비스(DIS) 표준 펀드유형 '주식형' XML 전수 대조 (시행규칙 제10조제1항제2호 한도 70%),KOFIA 펀드유형: 주식형 (근로자퇴직급여 보장법 시행규칙 제10조 제1항 제2호: 주식형 집합투자증권 위험자산 70% 한도),2026-09-05,PASS (공식 검증 완료)
461450,KR7461450009,KODEX 코스닥글로벌,삼성자산운용,주식-해외,가능,70% (위험자산),Y,높음,증권사·운용사교차검증,https://dis.kofia.or.kr/websquare/index.jsp?w2xPath=/wq/fundann/DISFundFeeCMS.xml&divisionId=MDIS01005001000000&serviceId=SDIS01005001000,data/regulatory/sources/kofia_evidence_extract_20260905.xml,E3,3way,삼성KODEX코스닥글로벌증권상장지수투자신탁[주식] / 펀드유형: 주식형 / 표준코드: K55105E22598 / 기준일: 20230628,MOEL_WRBA_RULE_ART10_1_2,근로자퇴직급여 보장법 시행규칙 제10조 제1항 제2호 (위험자산의 범위 및 운용기준 (DC 및 IRP 위험자산 투자한도 70%)),ED_WRBA_ART26_1_2,공식 출처 대조 (증권사·운용사교차검증),KOFIA 펀드유형: 주식형 (근로자퇴직급여 보장법 시행규칙 제10조 제1항 제2호: 주식형 집합투자증권 위험자산 70% 한도),2026-09-05,PASS (공식 검증 완료)
461460,KR7461460008,PLUS 국고채10년액티브,한화자산운용,채권,가능,100% (안전자산),Y,높음,협회공시대조,https://dis.kofia.or.kr/websquare/index.jsp?w2xPath=/wq/fundann/DISFundFeeCMS.xml&divisionId=MDIS01005001000000&serviceId=SDIS01005001000,data/regulatory/sources/kofia_evidence_extract_20260905.xml,E3,1way,한화PLUS국고채10년액티브증권상장지수투자신탁(채권) / 펀드유형: 채권형 / 표준코드: K55213E35667 / 기준일: 20230714,PSR_ART11_1_4,퇴직연금감독규정 제11조 제1항 제4호 (적립금 운용방법 등 (원리금보장 및 채권형 등 100% 안전자산)),,금융투자협회 전자공시서비스(DIS) 표준 펀드유형 '채권형' XML 전수 대조,KOFIA 펀드유형: 채권형 (퇴직연금감독규정 제11조 제1항 제4호: 원리금보장 및 채권형 안전자산 (100% 편입 가능)),2026-09-05,PASS (공식 검증 완료)
461490,KR7461490005,RISE 글로벌자산배분액티브,KB자산운용,혼합·자산배분,가능,100% (안전자산),Y,높음,증권사목록대조,https://securities.koreainvestment.com/pension/nwEtcinfo/Notice.jsp?cmd=A_NW_33030View&num=47520,data/regulatory/sources/brokers/koreainvestment/ETF_REITs_LIST_RP_260831.xlsx,E4,2way,한국투자증권 퇴직연금 ETF 상품 현황(2026-08-31 기준) / RISE 글로벌자산배분액티브 / 461490 / KB / 퇴직연금 투자한도 1,PSR_ART11_1_4,퇴직연금감독규정 제11조 제1항 제4호 (적립금 운용방법 등 (원리금보장 및 채권형 등 100% 안전자산)),,판매사 퇴직연금 매매가능 유니버스 대조 (증권사목록대조),한국투자증권 퇴직연금 ETF 상품 현황(2026-08-31 기준) 위험자산한도 1 대조 및 규제엔진(특별자산/외화금리/장외파생/자산배분 개정규칙) 2자 합치 일치,2026-09-06,PASS (공식 검증 완료)
461500,KR7461500001,HANARO 종합채권(AA-이상)액티브,NH-Amundi자산운용,채권,가능,100% (안전자산),Y,높음,협회공시대조,https://dis.kofia.or.kr/websquare/index.jsp?w2xPath=/wq/fundann/DISFundFeeCMS.xml&divisionId=MDIS01005001000000&serviceId=SDIS01005001000,data/regulatory/sources/kofia_evidence_extract_20260905.xml,E3,1way,NH-AmundiHANARO종합채권(AA-이상)액티브증권상장지수투자신탁(채권) / 펀드유형: 채권형 / 표준코드: K55232E28837 / 기준일: 20231025,PSR_ART11_1_4,퇴직연금감독규정 제11조 제1항 제4호 (적립금 운용방법 등 (원리금보장 및 채권형 등 100% 안전자산)),,금융투자협회 전자공시서비스(DIS) 표준 펀드유형 '채권형' XML 전수 대조,KOFIA 펀드유형: 채권형 (퇴직연금감독규정 제11조 제1항 제4호: 원리금보장 및 채권형 안전자산 (100% 편입 가능)),2026-09-05,PASS (공식 검증 완료)
461580,KR7461580003,TIGER 코스닥글로벌,미래에셋자산운용,주식-해외,가능,70% (위험자산),Y,높음,증권사·운용사교차검증,https://dis.kofia.or.kr/websquare/index.jsp?w2xPath=/wq/fundann/DISFundFeeCMS.xml&divisionId=MDIS01005001000000&serviceId=SDIS01005001000,data/regulatory/sources/kofia_evidence_extract_20260905.xml,E3,3way,미래에셋TIGER코스닥글로벌증권상장지수투자신탁(주식) / 펀드유형: 주식형 / 표준코드: K55301E34366 / 기준일: 20230628,MOEL_WRBA_RULE_ART10_1_2,근로자퇴직급여 보장법 시행규칙 제10조 제1항 제2호 (위험자산의 범위 및 운용기준 (DC 및 IRP 위험자산 투자한도 70%)),ED_WRBA_ART26_1_2,공식 출처 대조 (증권사·운용사교차검증),KOFIA 펀드유형: 주식형 (근로자퇴직급여 보장법 시행규칙 제10조 제1항 제2호: 주식형 집합투자증권 위험자산 70% 한도),2026-09-05,PASS (공식 검증 완료)
461600,KR7461600009,SOL 미국30년국채액티브(H),신한자산운용,채권,가능,100% (안전자산),Y,높음,협회공시대조,https://dis.kofia.or.kr/websquare/index.jsp?w2xPath=/wq/fundann/DISFundFeeCMS.xml&divisionId=MDIS01005001000000&serviceId=SDIS01005001000,data/regulatory/sources/kofia_evidence_extract_20260905.xml,E3,1way,한국투자ACE미국30년국채액티브증권상장지수투자신탁[채권](H) / 펀드유형: 채권형 / 표준코드: K55101E03860 / 기준일: 20230310,PSR_ART11_1_4,퇴직연금감독규정 제11조 제1항 제4호 (적립금 운용방법 등 (원리금보장 및 채권형 등 100% 안전자산)),,금융투자협회 전자공시서비스(DIS) 표준 펀드유형 '채권형' XML 전수 대조,KOFIA 펀드유형: 채권형 (퇴직연금감독규정 제11조 제1항 제4호: 원리금보장 및 채권형 안전자산 (100% 편입 가능)),2026-09-05,PASS (공식 검증 완료)
461900,KR7461900003,PLUS 미국테크TOP10,한화자산운용,주식-해외,가능,70% (위험자산),Y,높음,증권사·운용사교차검증,https://dis.kofia.or.kr/websquare/index.jsp?w2xPath=/wq/fundann/DISFundFeeCMS.xml&divisionId=MDIS01005001000000&serviceId=SDIS01005001000,data/regulatory/sources/kofia_evidence_extract_20260905.xml,E3,3way,한화PLUS미국테크TOP10증권상장지수투자신탁(주식) / 펀드유형: 주식형 / 표준코드: K55213E31534 / 기준일: 20230714,MOEL_WRBA_RULE_ART10_1_2,근로자퇴직급여 보장법 시행규칙 제10조 제1항 제2호 (위험자산의 범위 및 운용기준 (DC 및 IRP 위험자산 투자한도 70%)),ED_WRBA_ART26_1_2,공식 출처 대조 (증권사·운용사교차검증),KOFIA 펀드유형: 주식형 (근로자퇴직급여 보장법 시행규칙 제10조 제1항 제2호: 주식형 집합투자증권 위험자산 70% 한도),2026-09-05,PASS (공식 검증 완료)
461910,KR7461910002,PLUS 미국테크TOP10레버리지(합성),한화자산운용,주식-해외,불가,불가,Y,보통,법령조건직접판정,https://www.law.go.kr/LSW//admRulInfoP.do?admRulSeq=2100000244795&chrClsCd=010201,data/regulatory/sources/statutes/퇴직연금감독규정_20260905.txt,RULE_NAME,1way,퇴직연금감독규정 제9조 제1항 제2호 마목: 상장지수집합투자기구가 목표로 하는 지수의 변화에 1배를 초과하거나 음의 배율로 연동하여 운용하는 것은 제외한다,PSR_ART9_1_2,퇴직연금감독규정 제9조 제1항 제2호 마목 (증권 및 기타 적립금 운용방법의 종류 등 (1배수 상장지수집합투자기구 파생위험평가액 100% 한도 허용)),,퇴직연금감독규정 제9조 제1항 제2호 마목 단서 (1배 초과 또는 음의 배율 연동 배제),명칭 기반 배수 식별 및 퇴직연금감독규정 제9조 제1항 제2호 마목 단서 적용,2026-09-05,PASS (공식 검증 완료)
461950,KR7461950008,KODEX 2차전지핵심소재10,삼성자산운용,주식-국내,가능,70% (위험자산),Y,높음,증권사·운용사교차검증,https://dis.kofia.or.kr/websquare/index.jsp?w2xPath=/wq/fundann/DISFundFeeCMS.xml&divisionId=MDIS01005001000000&serviceId=SDIS01005001000,data/regulatory/sources/kofia_evidence_extract_20260905.xml,E3,3way,삼성KODEX2차전지핵심소재10증권상장지수투자신탁[주식] / 펀드유형: 주식형 / 표준코드: K55105E32290 / 기준일: 20230703,MOEL_WRBA_RULE_ART10_1_2,근로자퇴직급여 보장법 시행규칙 제10조 제1항 제2호 (위험자산의 범위 및 운용기준 (DC 및 IRP 위험자산 투자한도 70%)),ED_WRBA_ART26_1_2,공식 출처 대조 (증권사·운용사교차검증),KOFIA 펀드유형: 주식형 (근로자퇴직급여 보장법 시행규칙 제10조 제1항 제2호: 주식형 집합투자증권 위험자산 70% 한도),2026-09-05,PASS (공식 검증 완료)
462010,KR7462010000,TIGER 2차전지소재Fn,미래에셋자산운용,주식-국내,가능,70% (위험자산),Y,높음,증권사·운용사교차검증,https://dis.kofia.or.kr/websquare/index.jsp?w2xPath=/wq/fundann/DISFundFeeCMS.xml&divisionId=MDIS01005001000000&serviceId=SDIS01005001000,data/regulatory/sources/kofia_evidence_extract_20260905.xml,E3,3way,미래에셋TIGER2차전지소재Fn증권상장지수투자신탁(주식) / 펀드유형: 주식형 / 표준코드: K55301E34416 / 기준일: 20230712,MOEL_WRBA_RULE_ART10_1_2,근로자퇴직급여 보장법 시행규칙 제10조 제1항 제2호 (위험자산의 범위 및 운용기준 (DC 및 IRP 위험자산 투자한도 70%)),ED_WRBA_ART26_1_2,공식 출처 대조 (증권사·운용사교차검증),KOFIA 펀드유형: 주식형 (근로자퇴직급여 보장법 시행규칙 제10조 제1항 제2호: 주식형 집합투자증권 위험자산 70% 한도),2026-09-05,PASS (공식 검증 완료)
462330,KR7462330002,KODEX 2차전지산업레버리지,삼성자산운용,주식-국내,불가,불가,Y,보통,법령조건직접판정,https://www.law.go.kr/LSW//admRulInfoP.do?admRulSeq=2100000244795&chrClsCd=010201,data/regulatory/sources/statutes/퇴직연금감독규정_20260905.txt,RULE_NAME,1way,퇴직연금감독규정 제9조 제1항 제2호 마목: 상장지수집합투자기구가 목표로 하는 지수의 변화에 1배를 초과하거나 음의 배율로 연동하여 운용하는 것은 제외한다,PSR_ART9_1_2,퇴직연금감독규정 제9조 제1항 제2호 마목 (증권 및 기타 적립금 운용방법의 종류 등 (1배수 상장지수집합투자기구 파생위험평가액 100% 한도 허용)),,퇴직연금감독규정 제9조 제1항 제2호 마목 단서 (1배 초과 또는 음의 배율 연동 배제),명칭 기반 배수 식별 및 퇴직연금감독규정 제9조 제1항 제2호 마목 단서 적용,2026-09-05,PASS (공식 검증 완료)
462340,KR7462340001,에셋플러스 글로벌다이나믹시니어액티브,에셋플러스자산운용,주식-해외,가능,70% (위험자산),Y,높음,협회공시대조,https://dis.kofia.or.kr/websquare/index.jsp?w2xPath=/wq/fundann/DISFundFeeCMS.xml&divisionId=MDIS01005001000000&serviceId=SDIS01005001000,data/regulatory/sources/kofia_evidence_extract_20260905.xml,E3,1way,에셋플러스에셋플러스글로벌다이나믹시니어액티브증권상장지수투자신탁(주식) / 펀드유형: 주식형 / 표준코드: K55364E27897 / 기준일: 20230721,MOEL_WRBA_RULE_ART10_1_2,근로자퇴직급여 보장법 시행규칙 제10조 제1항 제2호 (위험자산의 범위 및 운용기준 (DC 및 IRP 위험자산 투자한도 70%)),ED_WRBA_ART26_1_2,금융투자협회 전자공시서비스(DIS) 표준 펀드유형 '주식형' XML 전수 대조 (시행규칙 제10조제1항제2호 한도 70%),KOFIA 펀드유형: 주식형 (근로자퇴직급여 보장법 시행규칙 제10조 제1항 제2호: 주식형 집합투자증권 위험자산 70% 한도),2026-09-05,PASS (공식 검증 완료)
462900,KR7462900002,KoAct 바이오헬스케어액티브,기타,주식-국내,가능,70% (위험자산),Y,높음,협회공시대조,https://dis.kofia.or.kr/websquare/index.jsp?w2xPath=/wq/fundann/DISFundFeeCMS.xml&divisionId=MDIS01005001000000&serviceId=SDIS01005001000,data/regulatory/sources/kofia_evidence_extract_20260905.xml,E3,1way,삼성액티브KoAct바이오헬스케어액티브증권상장지수투자신탁[주식] / 펀드유형: 주식형 / 표준코드: K553N9E27494 / 기준일: 20230802,MOEL_WRBA_RULE_ART10_1_2,근로자퇴직급여 보장법 시행규칙 제10조 제1항 제2호 (위험자산의 범위 및 운용기준 (DC 및 IRP 위험자산 투자한도 70%)),ED_WRBA_ART26_1_2,금융투자협회 전자공시서비스(DIS) 표준 펀드유형 '주식형' XML 전수 대조 (시행규칙 제10조제1항제2호 한도 70%),KOFIA 펀드유형: 주식형 (근로자퇴직급여 보장법 시행규칙 제10조 제1항 제2호: 주식형 집합투자증권 위험자산 70% 한도),2026-09-05,PASS (공식 검증 완료)
463050,KR7463050005,TIME K바이오액티브,타임폴리오자산운용,주식-국내,가능,70% (위험자산),Y,높음,협회공시대조,https://dis.kofia.or.kr/websquare/index.jsp?w2xPath=/wq/fundann/DISFundFeeCMS.xml&divisionId=MDIS01005001000000&serviceId=SDIS01005001000,data/regulatory/sources/kofia_evidence_extract_20260905.xml,E3,1way,타임폴리오TIMEK바이오액티브증권상장지수투자신탁[주식] / 펀드유형: 주식형 / 표준코드: K553J1E46927 / 기준일: 20230816,MOEL_WRBA_RULE_ART10_1_2,근로자퇴직급여 보장법 시행규칙 제10조 제1항 제2호 (위험자산의 범위 및 운용기준 (DC 및 IRP 위험자산 투자한도 70%)),ED_WRBA_ART26_1_2,금융투자협회 전자공시서비스(DIS) 표준 펀드유형 '주식형' XML 전수 대조 (시행규칙 제10조제1항제2호 한도 70%),KOFIA 펀드유형: 주식형 (근로자퇴직급여 보장법 시행규칙 제10조 제1항 제2호: 주식형 집합투자증권 위험자산 70% 한도),2026-09-05,PASS (공식 검증 완료)
463250,KR7463250001,TIGER K방산&우주,미래에셋자산운용,주식-국내,가능,70% (위험자산),Y,높음,증권사·운용사교차검증,https://dis.kofia.or.kr/websquare/index.jsp?w2xPath=/wq/fundann/DISFundFeeCMS.xml&divisionId=MDIS01005001000000&serviceId=SDIS01005001000,data/regulatory/sources/kofia_evidence_extract_20260905.xml,E3,3way,미래에셋TIGERK방산&amp;우주증권상장지수투자신탁(주식) / 펀드유형: 주식형 / 표준코드: K55301E34424 / 기준일: 20230724,MOEL_WRBA_RULE_ART10_1_2,근로자퇴직급여 보장법 시행규칙 제10조 제1항 제2호 (위험자산의 범위 및 운용기준 (DC 및 IRP 위험자산 투자한도 70%)),ED_WRBA_ART26_1_2,공식 출처 대조 (증권사·운용사교차검증),KOFIA 펀드유형: 주식형 (근로자퇴직급여 보장법 시행규칙 제10조 제1항 제2호: 주식형 집합투자증권 위험자산 70% 한도),2026-09-05,PASS (공식 검증 완료)
463290,KR7463290007,1Q 단기금융채액티브,하나자산운용,금리·파킹,가능,100% (안전자산),Y,높음,협회공시대조,https://dis.kofia.or.kr/websquare/index.jsp?w2xPath=/wq/fundann/DISFundFeeCMS.xml&divisionId=MDIS01005001000000&serviceId=SDIS01005001000,data/regulatory/sources/kofia_evidence_extract_20260905.xml,E3,1way,하나1Q단기금융채액티브증권상장지수투자신탁[채권] / 펀드유형: 채권형 / 표준코드: K55102E37825 / 기준일: 20230802,PSR_ART11_1_4,퇴직연금감독규정 제11조 제1항 제4호 (적립금 운용방법 등 (원리금보장 및 채권형 등 100% 안전자산)),,금융투자협회 전자공시서비스(DIS) 표준 펀드유형 '채권형' XML 전수 대조,KOFIA 펀드유형: 채권형 (퇴직연금감독규정 제11조 제1항 제4호: 원리금보장 및 채권형 안전자산 (100% 편입 가능)),2026-09-05,PASS (공식 검증 완료)
463300,KR7463300004,RISE 중국본토CSI300,KB자산운용,주식-해외,가능,70% (위험자산),Y,높음,증권사·운용사교차검증,https://dis.kofia.or.kr/websquare/index.jsp?w2xPath=/wq/fundann/DISFundFeeCMS.xml&divisionId=MDIS01005001000000&serviceId=SDIS01005001000,data/regulatory/sources/kofia_evidence_extract_20260905.xml,E3,3way,KBRISE중국본토CSI300증권상장지수투자신탁(주식) / 펀드유형: 주식형 / 표준코드: K55223E45640 / 기준일: 20230804,MOEL_WRBA_RULE_ART10_1_2,근로자퇴직급여 보장법 시행규칙 제10조 제1항 제2호 (위험자산의 범위 및 운용기준 (DC 및 IRP 위험자산 투자한도 70%)),ED_WRBA_ART26_1_2,공식 출처 대조 (증권사·운용사교차검증),KOFIA 펀드유형: 주식형 (근로자퇴직급여 보장법 시행규칙 제10조 제1항 제2호: 주식형 집합투자증권 위험자산 70% 한도),2026-09-05,PASS (공식 검증 완료)
463640,KR7463640003,KODEX 미국S&P500유틸리티,삼성자산운용,주식-해외,가능,70% (위험자산),Y,높음,증권사·운용사교차검증,https://dis.kofia.or.kr/websquare/index.jsp?w2xPath=/wq/fundann/DISFundFeeCMS.xml&divisionId=MDIS01005001000000&serviceId=SDIS01005001000,data/regulatory/sources/kofia_evidence_extract_20260905.xml,E3,3way,삼성KODEX미국S&amp;P500유틸리티증권상장지수투자신탁[주식] / 펀드유형: 주식형 / 표준코드: K55105E38388 / 기준일: 20230728,MOEL_WRBA_RULE_ART10_1_2,근로자퇴직급여 보장법 시행규칙 제10조 제1항 제2호 (위험자산의 범위 및 운용기준 (DC 및 IRP 위험자산 투자한도 70%)),ED_WRBA_ART26_1_2,공식 출처 대조 (증권사·운용사교차검증),KOFIA 펀드유형: 주식형 (근로자퇴직급여 보장법 시행규칙 제10조 제1항 제2호: 주식형 집합투자증권 위험자산 70% 한도),2026-09-05,PASS (공식 검증 완료)
463680,KR7463680009,KODEX 미국S&P500테크놀로지,삼성자산운용,주식-해외,가능,70% (위험자산),Y,높음,증권사·운용사교차검증,https://dis.kofia.or.kr/websquare/index.jsp?w2xPath=/wq/fundann/DISFundFeeCMS.xml&divisionId=MDIS01005001000000&serviceId=SDIS01005001000,data/regulatory/sources/kofia_evidence_extract_20260905.xml,E3,3way,삼성KODEX미국S&amp;P500테크놀로지증권상장지수투자신탁[주식] / 펀드유형: 주식형 / 표준코드: K55105E38396 / 기준일: 20230728,MOEL_WRBA_RULE_ART10_1_2,근로자퇴직급여 보장법 시행규칙 제10조 제1항 제2호 (위험자산의 범위 및 운용기준 (DC 및 IRP 위험자산 투자한도 70%)),ED_WRBA_ART26_1_2,공식 출처 대조 (증권사·운용사교차검증),KOFIA 펀드유형: 주식형 (근로자퇴직급여 보장법 시행규칙 제10조 제1항 제2호: 주식형 집합투자증권 위험자산 70% 한도),2026-09-05,PASS (공식 검증 완료)
463690,KR7463690008,KODEX 미국S&P500커뮤니케이션,삼성자산운용,주식-해외,가능,70% (위험자산),Y,높음,증권사·운용사교차검증,https://dis.kofia.or.kr/websquare/index.jsp?w2xPath=/wq/fundann/DISFundFeeCMS.xml&divisionId=MDIS01005001000000&serviceId=SDIS01005001000,data/regulatory/sources/kofia_evidence_extract_20260905.xml,E3,3way,삼성KODEX 미국S&amp;P500커뮤니케이션증권상장지수투자신탁[주식] / 펀드유형: 주식형 / 표준코드: K55105E38404 / 기준일: 20230728,MOEL_WRBA_RULE_ART10_1_2,근로자퇴직급여 보장법 시행규칙 제10조 제1항 제2호 (위험자산의 범위 및 운용기준 (DC 및 IRP 위험자산 투자한도 70%)),ED_WRBA_ART26_1_2,공식 출처 대조 (증권사·운용사교차검증),KOFIA 펀드유형: 주식형 (근로자퇴직급여 보장법 시행규칙 제10조 제1항 제2호: 주식형 집합투자증권 위험자산 70% 한도),2026-09-05,PASS (공식 검증 완료)
464240,KR7464240001,KIWOOM 26-09회사채(AA-이상)액티브,키움투자자산운용,채권,가능,100% (안전자산),Y,높음,협회공시대조,https://dis.kofia.or.kr/websquare/index.jsp?w2xPath=/wq/fundann/DISFundFeeCMS.xml&divisionId=MDIS01005001000000&serviceId=SDIS01005001000,data/regulatory/sources/kofia_evidence_extract_20260905.xml,E3,1way,키움KIWOOM26-09회사채(AA-이상)액티브증권상장지수투자신탁[채권] / 펀드유형: 채권형 / 표준코드: K55206E39770 / 기준일: 20230811,PSR_ART11_1_4,퇴직연금감독규정 제11조 제1항 제4호 (적립금 운용방법 등 (원리금보장 및 채권형 등 100% 안전자산)),,금융투자협회 전자공시서비스(DIS) 표준 펀드유형 '채권형' XML 전수 대조,KOFIA 펀드유형: 채권형 (퇴직연금감독규정 제11조 제1항 제4호: 원리금보장 및 채권형 안전자산 (100% 편입 가능)),2026-09-05,PASS (공식 검증 완료)
464310,KR7464310002,TIGER 글로벌AI&로보틱스 INDXX,미래에셋자산운용,주식-해외,가능,70% (위험자산),Y,높음,증권사·운용사교차검증,https://dis.kofia.or.kr/websquare/index.jsp?w2xPath=/wq/fundann/DISFundFeeCMS.xml&divisionId=MDIS01005001000000&serviceId=SDIS01005001000,data/regulatory/sources/kofia_evidence_extract_20260905.xml,E3,3way,미래에셋TIGER글로벌AI&amp;로보틱스INDXX증권상장지수투자신탁(주식) / 펀드유형: 주식형 / 표준코드: K55301E40645 / 기준일: 20230816,MOEL_WRBA_RULE_ART10_1_2,근로자퇴직급여 보장법 시행규칙 제10조 제1항 제2호 (위험자산의 범위 및 운용기준 (DC 및 IRP 위험자산 투자한도 70%)),ED_WRBA_ART26_1_2,공식 출처 대조 (증권사·운용사교차검증),KOFIA 펀드유형: 주식형 (근로자퇴직급여 보장법 시행규칙 제10조 제1항 제2호: 주식형 집합투자증권 위험자산 70% 한도),2026-09-05,PASS (공식 검증 완료)
464470,KR7464470004,PLUS 미국채30년액티브,한화자산운용,채권,가능,100% (안전자산),Y,높음,협회공시대조,https://dis.kofia.or.kr/websquare/index.jsp?w2xPath=/wq/fundann/DISFundFeeCMS.xml&divisionId=MDIS01005001000000&serviceId=SDIS01005001000,data/regulatory/sources/kofia_evidence_extract_20260905.xml,E3,1way,한화PLUS미국채30년액티브증권상장지수투자신탁(채권) / 펀드유형: 채권형 / 표준코드: K55213E52282 / 기준일: 20230818,PSR_ART11_1_4,퇴직연금감독규정 제11조 제1항 제4호 (적립금 운용방법 등 (원리금보장 및 채권형 등 100% 안전자산)),,금융투자협회 전자공시서비스(DIS) 표준 펀드유형 '채권형' XML 전수 대조,KOFIA 펀드유형: 채권형 (퇴직연금감독규정 제11조 제1항 제4호: 원리금보장 및 채권형 안전자산 (100% 편입 가능)),2026-09-05,PASS (공식 검증 완료)
464600,KR7464600006,SOL 자동차소부장Fn,신한자산운용,주식-국내,가능,70% (위험자산),Y,높음,협회공시대조,https://dis.kofia.or.kr/websquare/index.jsp?w2xPath=/wq/fundann/DISFundFeeCMS.xml&divisionId=MDIS01005001000000&serviceId=SDIS01005001000,data/regulatory/sources/kofia_evidence_extract_20260905.xml,E3,1way,신한SOL자동차소부장Fn증권상장지수투자신탁[주식] / 펀드유형: 주식형 / 표준코드: K55210E48609 / 기준일: 20230821,MOEL_WRBA_RULE_ART10_1_2,근로자퇴직급여 보장법 시행규칙 제10조 제1항 제2호 (위험자산의 범위 및 운용기준 (DC 및 IRP 위험자산 투자한도 70%)),ED_WRBA_ART26_1_2,금융투자협회 전자공시서비스(DIS) 표준 펀드유형 '주식형' XML 전수 대조 (시행규칙 제10조제1항제2호 한도 70%),KOFIA 펀드유형: 주식형 (근로자퇴직급여 보장법 시행규칙 제10조 제1항 제2호: 주식형 집합투자증권 위험자산 70% 한도),2026-09-05,PASS (공식 검증 완료)
464610,KR7464610005,SOL 의료기기소부장Fn,신한자산운용,주식-국내,가능,70% (위험자산),Y,높음,협회공시대조,https://dis.kofia.or.kr/websquare/index.jsp?w2xPath=/wq/fundann/DISFundFeeCMS.xml&divisionId=MDIS01005001000000&serviceId=SDIS01005001000,data/regulatory/sources/kofia_evidence_extract_20260905.xml,E3,1way,신한SOL의료기기소부장Fn증권상장지수투자신탁[주식] / 펀드유형: 주식형 / 표준코드: K55210E48559 / 기준일: 20230821,MOEL_WRBA_RULE_ART10_1_2,근로자퇴직급여 보장법 시행규칙 제10조 제1항 제2호 (위험자산의 범위 및 운용기준 (DC 및 IRP 위험자산 투자한도 70%)),ED_WRBA_ART26_1_2,금융투자협회 전자공시서비스(DIS) 표준 펀드유형 '주식형' XML 전수 대조 (시행규칙 제10조제1항제2호 한도 70%),KOFIA 펀드유형: 주식형 (근로자퇴직급여 보장법 시행규칙 제10조 제1항 제2호: 주식형 집합투자증권 위험자산 70% 한도),2026-09-05,PASS (공식 검증 완료)
464920,KR7464920008,PLUS 일본반도체소부장,한화자산운용,주식-해외,가능,70% (위험자산),Y,높음,증권사·운용사교차검증,https://dis.kofia.or.kr/websquare/index.jsp?w2xPath=/wq/fundann/DISFundFeeCMS.xml&divisionId=MDIS01005001000000&serviceId=SDIS01005001000,data/regulatory/sources/kofia_evidence_extract_20260905.xml,E3,3way,한화PLUS일본반도체소부장증권상장지수투자신탁(주식) / 펀드유형: 주식형 / 표준코드: K55213E52290 / 기준일: 20230829,MOEL_WRBA_RULE_ART10_1_2,근로자퇴직급여 보장법 시행규칙 제10조 제1항 제2호 (위험자산의 범위 및 운용기준 (DC 및 IRP 위험자산 투자한도 70%)),ED_WRBA_ART26_1_2,공식 출처 대조 (증권사·운용사교차검증),KOFIA 펀드유형: 주식형 (근로자퇴직급여 보장법 시행규칙 제10조 제1항 제2호: 주식형 집합투자증권 위험자산 70% 한도),2026-09-05,PASS (공식 검증 완료)
464930,KR7464930007,TIGER 글로벌혁신블루칩TOP10,미래에셋자산운용,주식-해외,가능,70% (위험자산),Y,높음,증권사·운용사교차검증,https://dis.kofia.or.kr/websquare/index.jsp?w2xPath=/wq/fundann/DISFundFeeCMS.xml&divisionId=MDIS01005001000000&serviceId=SDIS01005001000,data/regulatory/sources/kofia_evidence_extract_20260905.xml,E3,3way,미래에셋TIGER글로벌혁신블루칩TOP10증권상장지수투자신탁(주식) / 펀드유형: 주식형 / 표준코드: K55301E40066 / 기준일: 20230825,MOEL_WRBA_RULE_ART10_1_2,근로자퇴직급여 보장법 시행규칙 제10조 제1항 제2호 (위험자산의 범위 및 운용기준 (DC 및 IRP 위험자산 투자한도 70%)),ED_WRBA_ART26_1_2,공식 출처 대조 (증권사·운용사교차검증),KOFIA 펀드유형: 주식형 (근로자퇴직급여 보장법 시행규칙 제10조 제1항 제2호: 주식형 집합투자증권 위험자산 70% 한도),2026-09-05,PASS (공식 검증 완료)
465330,KR7465330009,RISE 2차전지TOP10,KB자산운용,주식-국내,가능,70% (위험자산),Y,높음,증권사·운용사교차검증,https://dis.kofia.or.kr/websquare/index.jsp?w2xPath=/wq/fundann/DISFundFeeCMS.xml&divisionId=MDIS01005001000000&serviceId=SDIS01005001000,data/regulatory/sources/kofia_evidence_extract_20260905.xml,E3,3way,미래에셋TIGER2차전지TOP10증권상장지수투자신탁(주식) / 펀드유형: 주식형 / 표준코드: K55301DA5554 / 기준일: 20201006,MOEL_WRBA_RULE_ART10_1_2,근로자퇴직급여 보장법 시행규칙 제10조 제1항 제2호 (위험자산의 범위 및 운용기준 (DC 및 IRP 위험자산 투자한도 70%)),ED_WRBA_ART26_1_2,공식 출처 대조 (증권사·운용사교차검증),KOFIA 펀드유형: 주식형 (근로자퇴직급여 보장법 시행규칙 제10조 제1항 제2호: 주식형 집합투자증권 위험자산 70% 한도),2026-09-05,PASS (공식 검증 완료)
465350,KR7465350007,RISE 2차전지TOP10인버스(합성),KB자산운용,주식-국내,불가,불가,Y,보통,법령조건직접판정,https://www.law.go.kr/LSW//admRulInfoP.do?admRulSeq=2100000244795&chrClsCd=010201,data/regulatory/sources/statutes/퇴직연금감독규정_20260905.txt,RULE_NAME,1way,퇴직연금감독규정 제9조 제1항 제2호 마목: 상장지수집합투자기구가 목표로 하는 지수의 변화에 1배를 초과하거나 음의 배율로 연동하여 운용하는 것은 제외한다,PSR_ART9_1_2,퇴직연금감독규정 제9조 제1항 제2호 마목 (증권 및 기타 적립금 운용방법의 종류 등 (1배수 상장지수집합투자기구 파생위험평가액 100% 한도 허용)),,퇴직연금감독규정 제9조 제1항 제2호 마목 단서 (1배 초과 또는 음의 배율 연동 배제),명칭 기반 배수 식별 및 퇴직연금감독규정 제9조 제1항 제2호 마목 단서 적용,2026-09-05,PASS (공식 검증 완료)
465580,KR7465580009,ACE 미국빅테크TOP7 Plus,한국투자신탁운용,주식-해외,가능,70% (위험자산),Y,높음,증권사·운용사교차검증,https://dis.kofia.or.kr/websquare/index.jsp?w2xPath=/wq/fundann/DISFundFeeCMS.xml&divisionId=MDIS01005001000000&serviceId=SDIS01005001000,data/regulatory/sources/kofia_evidence_extract_20260905.xml,E3,3way,한국투자ACE미국빅테크TOP7Plus증권상장지수투자신탁(주식) / 펀드유형: 주식형 / 표준코드: K55101E52479 / 기준일: 20230907,MOEL_WRBA_RULE_ART10_1_2,근로자퇴직급여 보장법 시행규칙 제10조 제1항 제2호 (위험자산의 범위 및 운용기준 (DC 및 IRP 위험자산 투자한도 70%)),ED_WRBA_ART26_1_2,공식 출처 대조 (증권사·운용사교차검증),KOFIA 펀드유형: 주식형 (근로자퇴직급여 보장법 시행규칙 제10조 제1항 제2호: 주식형 집합투자증권 위험자산 70% 한도),2026-09-05,PASS (공식 검증 완료)
465610,KR7465610004,ACE 미국빅테크TOP7 Plus레버리지(합성),한국투자신탁운용,주식-해외,불가,불가,Y,보통,법령조건직접판정,https://www.law.go.kr/LSW//admRulInfoP.do?admRulSeq=2100000244795&chrClsCd=010201,data/regulatory/sources/statutes/퇴직연금감독규정_20260905.txt,RULE_NAME,1way,퇴직연금감독규정 제9조 제1항 제2호 마목: 상장지수집합투자기구가 목표로 하는 지수의 변화에 1배를 초과하거나 음의 배율로 연동하여 운용하는 것은 제외한다,PSR_ART9_1_2,퇴직연금감독규정 제9조 제1항 제2호 마목 (증권 및 기타 적립금 운용방법의 종류 등 (1배수 상장지수집합투자기구 파생위험평가액 100% 한도 허용)),,퇴직연금감독규정 제9조 제1항 제2호 마목 단서 (1배 초과 또는 음의 배율 연동 배제),명칭 기반 배수 식별 및 퇴직연금감독규정 제9조 제1항 제2호 마목 단서 적용,2026-09-05,PASS (공식 검증 완료)
465620,KR7465620003,ACE 미국빅테크TOP7 Plus인버스(합성),한국투자신탁운용,주식-해외,불가,불가,Y,보통,법령조건직접판정,https://www.law.go.kr/LSW//admRulInfoP.do?admRulSeq=2100000244795&chrClsCd=010201,data/regulatory/sources/statutes/퇴직연금감독규정_20260905.txt,RULE_NAME,1way,퇴직연금감독규정 제9조 제1항 제2호 마목: 상장지수집합투자기구가 목표로 하는 지수의 변화에 1배를 초과하거나 음의 배율로 연동하여 운용하는 것은 제외한다,PSR_ART9_1_2,퇴직연금감독규정 제9조 제1항 제2호 마목 (증권 및 기타 적립금 운용방법의 종류 등 (1배수 상장지수집합투자기구 파생위험평가액 100% 한도 허용)),,퇴직연금감독규정 제9조 제1항 제2호 마목 단서 (1배 초과 또는 음의 배율 연동 배제),명칭 기반 배수 식별 및 퇴직연금감독규정 제9조 제1항 제2호 마목 단서 적용,2026-09-05,PASS (공식 검증 완료)
465660,KR7465660009,TIGER 일본반도체FACTSET,미래에셋자산운용,주식-해외,가능,70% (위험자산),Y,높음,증권사·운용사교차검증,https://dis.kofia.or.kr/websquare/index.jsp?w2xPath=/wq/fundann/DISFundFeeCMS.xml&divisionId=MDIS01005001000000&serviceId=SDIS01005001000,data/regulatory/sources/kofia_evidence_extract_20260905.xml,E3,3way,미래에셋TIGER일본반도체FACTSET증권상장지수투자신탁(주식) / 펀드유형: 주식형 / 표준코드: K55301E49406 / 기준일: 20230915,MOEL_WRBA_RULE_ART10_1_2,근로자퇴직급여 보장법 시행규칙 제10조 제1항 제2호 (위험자산의 범위 및 운용기준 (DC 및 IRP 위험자산 투자한도 70%)),ED_WRBA_ART26_1_2,공식 출처 대조 (증권사·운용사교차검증),KOFIA 펀드유형: 주식형 (근로자퇴직급여 보장법 시행규칙 제10조 제1항 제2호: 주식형 집합투자증권 위험자산 70% 한도),2026-09-05,PASS (공식 검증 완료)
465670,KR7465670008,TIGER 미국캐시카우100,미래에셋자산운용,주식-해외,가능,70% (위험자산),Y,높음,증권사·운용사교차검증,https://dis.kofia.or.kr/websquare/index.jsp?w2xPath=/wq/fundann/DISFundFeeCMS.xml&divisionId=MDIS01005001000000&serviceId=SDIS01005001000,data/regulatory/sources/kofia_evidence_extract_20260905.xml,E3,3way,미래에셋TIGER미국캐시카우100증권상장지수투자신탁(주식) / 펀드유형: 주식형 / 표준코드: K55301E49703 / 기준일: 20230915,MOEL_WRBA_RULE_ART10_1_2,근로자퇴직급여 보장법 시행규칙 제10조 제1항 제2호 (위험자산의 범위 및 운용기준 (DC 및 IRP 위험자산 투자한도 70%)),ED_WRBA_ART26_1_2,공식 출처 대조 (증권사·운용사교차검증),KOFIA 펀드유형: 주식형 (근로자퇴직급여 보장법 시행규칙 제10조 제1항 제2호: 주식형 집합투자증권 위험자산 70% 한도),2026-09-05,PASS (공식 검증 완료)
465780,KR7465780005,마이티 26-09 특수채(AAA)액티브,현대자산운용,채권,가능,100% (안전자산),Y,높음,협회공시대조,https://dis.kofia.or.kr/websquare/index.jsp?w2xPath=/wq/fundann/DISFundFeeCMS.xml&divisionId=MDIS01005001000000&serviceId=SDIS01005001000,data/regulatory/sources/kofia_evidence_extract_20260905.xml,E3,1way,DB마이티26-09특수채(AAA)액티브증권상장지수투자신탁[채권] / 펀드유형: 채권형 / 표준코드: K55216E57284 / 기준일: 20230918,PSR_ART11_1_4,퇴직연금감독규정 제11조 제1항 제4호 (적립금 운용방법 등 (원리금보장 및 채권형 등 100% 안전자산)),,금융투자협회 전자공시서비스(DIS) 표준 펀드유형 '채권형' XML 전수 대조,KOFIA 펀드유형: 채권형 (퇴직연금감독규정 제11조 제1항 제4호: 원리금보장 및 채권형 안전자산 (100% 편입 가능)),2026-09-05,PASS (공식 검증 완료)
466810,KR7466810009,BNK 2차전지양극재,BNK자산운용,주식-국내,가능,70% (위험자산),Y,높음,협회공시대조,https://dis.kofia.or.kr/websquare/index.jsp?w2xPath=/wq/fundann/DISFundFeeCMS.xml&divisionId=MDIS01005001000000&serviceId=SDIS01005001000,data/regulatory/sources/kofia_evidence_extract_20260905.xml,E3,1way,BNKBNK2차전지양극재증권상장지수투자신탁(주식) / 펀드유형: 주식형 / 표준코드: K55240E62094 / 기준일: 20231018,MOEL_WRBA_RULE_ART10_1_2,근로자퇴직급여 보장법 시행규칙 제10조 제1항 제2호 (위험자산의 범위 및 운용기준 (DC 및 IRP 위험자산 투자한도 70%)),ED_WRBA_ART26_1_2,금융투자협회 전자공시서비스(DIS) 표준 펀드유형 '주식형' XML 전수 대조 (시행규칙 제10조제1항제2호 한도 70%),KOFIA 펀드유형: 주식형 (근로자퇴직급여 보장법 시행규칙 제10조 제1항 제2호: 주식형 집합투자증권 위험자산 70% 한도),2026-09-05,PASS (공식 검증 완료)
466920,KR7466920006,SOL 조선TOP3플러스,신한자산운용,주식-국내,가능,70% (위험자산),Y,높음,협회공시대조,https://dis.kofia.or.kr/websquare/index.jsp?w2xPath=/wq/fundann/DISFundFeeCMS.xml&divisionId=MDIS01005001000000&serviceId=SDIS01005001000,data/regulatory/sources/kofia_evidence_extract_20260905.xml,E3,1way,신한SOL조선TOP3플러스증권상장지수투자신탁[주식] / 펀드유형: 주식형 / 표준코드: K55210E57725 / 기준일: 20231004,MOEL_WRBA_RULE_ART10_1_2,근로자퇴직급여 보장법 시행규칙 제10조 제1항 제2호 (위험자산의 범위 및 운용기준 (DC 및 IRP 위험자산 투자한도 70%)),ED_WRBA_ART26_1_2,금융투자협회 전자공시서비스(DIS) 표준 펀드유형 '주식형' XML 전수 대조 (시행규칙 제10조제1항제2호 한도 70%),KOFIA 펀드유형: 주식형 (근로자퇴직급여 보장법 시행규칙 제10조 제1항 제2호: 주식형 집합투자증권 위험자산 70% 한도),2026-09-05,PASS (공식 검증 완료)
466930,KR7466930005,SOL 자동차TOP3플러스,신한자산운용,주식-국내,가능,70% (위험자산),Y,높음,협회공시대조,https://dis.kofia.or.kr/websquare/index.jsp?w2xPath=/wq/fundann/DISFundFeeCMS.xml&divisionId=MDIS01005001000000&serviceId=SDIS01005001000,data/regulatory/sources/kofia_evidence_extract_20260905.xml,E3,1way,신한SOL자동차TOP3플러스증권상장지수투자신탁[주식] / 펀드유형: 주식형 / 표준코드: K55210E57717 / 기준일: 20231004,MOEL_WRBA_RULE_ART10_1_2,근로자퇴직급여 보장법 시행규칙 제10조 제1항 제2호 (위험자산의 범위 및 운용기준 (DC 및 IRP 위험자산 투자한도 70%)),ED_WRBA_ART26_1_2,금융투자협회 전자공시서비스(DIS) 표준 펀드유형 '주식형' XML 전수 대조 (시행규칙 제10조제1항제2호 한도 70%),KOFIA 펀드유형: 주식형 (근로자퇴직급여 보장법 시행규칙 제10조 제1항 제2호: 주식형 집합투자증권 위험자산 70% 한도),2026-09-05,PASS (공식 검증 완료)
466940,KR7466940004,TIGER 은행고배당플러스TOP10,미래에셋자산운용,주식-국내,가능,70% (위험자산),Y,높음,증권사·운용사교차검증,https://dis.kofia.or.kr/websquare/index.jsp?w2xPath=/wq/fundann/DISFundFeeCMS.xml&divisionId=MDIS01005001000000&serviceId=SDIS01005001000,data/regulatory/sources/kofia_evidence_extract_20260905.xml,E3,3way,미래에셋TIGER은행고배당플러스TOP10증권상장지수투자신탁(주식) / 펀드유형: 주식형 / 표준코드: K55301E61591 / 기준일: 20231016,MOEL_WRBA_RULE_ART10_1_2,근로자퇴직급여 보장법 시행규칙 제10조 제1항 제2호 (위험자산의 범위 및 운용기준 (DC 및 IRP 위험자산 투자한도 70%)),ED_WRBA_ART26_1_2,공식 출처 대조 (증권사·운용사교차검증),KOFIA 펀드유형: 주식형 (근로자퇴직급여 보장법 시행규칙 제10조 제1항 제2호: 주식형 집합투자증권 위험자산 70% 한도),2026-09-05,PASS (공식 검증 완료)
466950,KR7466950003,TIGER 글로벌AI액티브,미래에셋자산운용,주식-해외,가능,70% (위험자산),Y,높음,증권사·운용사교차검증,https://dis.kofia.or.kr/websquare/index.jsp?w2xPath=/wq/fundann/DISFundFeeCMS.xml&divisionId=MDIS01005001000000&serviceId=SDIS01005001000,data/regulatory/sources/kofia_evidence_extract_20260905.xml,E3,3way,미래에셋TIGER글로벌AI액티브증권상장지수투자신탁(주식) / 펀드유형: 주식형 / 표준코드: K55301E58613 / 기준일: 20231010,MOEL_WRBA_RULE_ART10_1_2,근로자퇴직급여 보장법 시행규칙 제10조 제1항 제2호 (위험자산의 범위 및 운용기준 (DC 및 IRP 위험자산 투자한도 70%)),ED_WRBA_ART26_1_2,공식 출처 대조 (증권사·운용사교차검증),KOFIA 펀드유형: 주식형 (근로자퇴직급여 보장법 시행규칙 제10조 제1항 제2호: 주식형 집합투자증권 위험자산 70% 한도),2026-09-05,PASS (공식 검증 완료)
468370,KR7468370002,KODEX iShares미국인플레이션국채액티브,삼성자산운용,채권,가능,100% (안전자산),Y,높음,증권사·운용사교차검증,https://securities.koreainvestment.com/pension/nwEtcinfo/Notice.jsp?cmd=A_NW_33030View&num=47520,data/regulatory/sources/brokers/koreainvestment/ETF_REITs_LIST_RP_260831.xlsx,E4,3way,삼성자산운용 KODEX 공시 [468370 / KODEX iShares 미국인플레이션국채액티브 / ivPsbReti: 100%] & 한국투자증권 공시 [468370 / KODEX iShares미국인플레이션국채액티브 / 위험자산한도: 1.0],PSR_ART11_1_4,퇴직연금감독규정 제11조 제1항 제4호 (적립금 운용방법 등 (원리금보장 및 채권형 등 100% 안전자산)),,금융감독원 DART 투자설명서 대조 (증권사·운용사교차검증),삼성자산운용 KODEX 연금투자 공시 [stkTicker: 468370 / ivPsbReti: 100%] 및 한국투자증권 공시 [단축코드: 468370 / 위험자산한도: 1.0] 100% 교차 일치,2026-09-06,PASS (공식 검증 완료)
468380,KR7468380001,KODEX iShares미국하이일드액티브,삼성자산운용,채권,가능,70% (위험자산),Y,높음,증권사·운용사교차검증,https://securities.koreainvestment.com/pension/nwEtcinfo/Notice.jsp?cmd=A_NW_33030View&num=47520,data/regulatory/sources/brokers/koreainvestment/ETF_REITs_LIST_RP_260831.xlsx,E4,3way,삼성자산운용 KODEX 공시 [468380 / KODEX iShares 미국하이일드액티브 / ivPsbReti: 70%] & 한국투자증권 공시 [468380 / KODEX iShares미국하이일드액티브 / 위험자산한도: 0.7],MOEL_WRBA_RULE_ART10_1_2,근로자퇴직급여 보장법 시행규칙 제10조 제1항 제2호 (위험자산의 범위 및 운용기준 (DC 및 IRP 위험자산 투자한도 70%)),ED_WRBA_ART26_1_2,공식 출처 대조 (증권사·운용사교차검증),삼성자산운용 KODEX 연금투자 공시 [stkTicker: 468380 / ivPsbReti: 70%] 및 한국투자증권 공시 [단축코드: 468380 / 위험자산한도: 0.7] 100% 교차 일치,2026-09-06,PASS (공식 검증 완료)
468630,KR7468630009,KODEX iShares미국투자등급회사채액티브,삼성자산운용,채권,가능,100% (안전자산),Y,높음,증권사·운용사교차검증,https://securities.koreainvestment.com/pension/nwEtcinfo/Notice.jsp?cmd=A_NW_33030View&num=47520,data/regulatory/sources/brokers/koreainvestment/ETF_REITs_LIST_RP_260831.xlsx,E4,3way,삼성자산운용 KODEX 공시 [468630 / KODEX iShares 미국투자등급회사채액티브 / ivPsbReti: 100%] & 한국투자증권 공시 [468630 / KODEX iShares미국투자등급회사채액티브 / 위험자산한도: 1.0],PSR_ART11_1_4,퇴직연금감독규정 제11조 제1항 제4호 (적립금 운용방법 등 (원리금보장 및 채권형 등 100% 안전자산)),,금융감독원 DART 투자설명서 대조 (증권사·운용사교차검증),삼성자산운용 KODEX 연금투자 공시 [stkTicker: 468630 / ivPsbReti: 100%] 및 한국투자증권 공시 [단축코드: 468630 / 위험자산한도: 1.0] 100% 교차 일치,2026-09-06,PASS (공식 검증 완료)
469050,KR7469050009,RISE 미국반도체NYSE(H),KB자산운용,주식-해외,가능,70% (위험자산),Y,높음,증권사·운용사교차검증,https://dis.kofia.or.kr/websquare/index.jsp?w2xPath=/wq/fundann/DISFundFeeCMS.xml&divisionId=MDIS01005001000000&serviceId=SDIS01005001000,data/regulatory/sources/kofia_evidence_extract_20260905.xml,E3,3way,KBRISE미국반도체NYSE증권상장지수투자신탁(주식)(H) / 펀드유형: 주식형 / 표준코드: K55223E65911 / 기준일: 20231020,MOEL_WRBA_RULE_ART10_1_2,근로자퇴직급여 보장법 시행규칙 제10조 제1항 제2호 (위험자산의 범위 및 운용기준 (DC 및 IRP 위험자산 투자한도 70%)),ED_WRBA_ART26_1_2,공식 출처 대조 (증권사·운용사교차검증),KOFIA 펀드유형: 주식형 (근로자퇴직급여 보장법 시행규칙 제10조 제1항 제2호: 주식형 집합투자증권 위험자산 70% 한도),2026-09-05,PASS (공식 검증 완료)
469060,KR7469060008,RISE 미국반도체NYSE,KB자산운용,주식-해외,가능,70% (위험자산),Y,높음,증권사·운용사교차검증,https://dis.kofia.or.kr/websquare/index.jsp?w2xPath=/wq/fundann/DISFundFeeCMS.xml&divisionId=MDIS01005001000000&serviceId=SDIS01005001000,data/regulatory/sources/kofia_evidence_extract_20260905.xml,E3,3way,KBRISE미국반도체NYSE증권상장지수투자신탁(주식) / 펀드유형: 주식형 / 표준코드: K55223E65903 / 기준일: 20231020,MOEL_WRBA_RULE_ART10_1_2,근로자퇴직급여 보장법 시행규칙 제10조 제1항 제2호 (위험자산의 범위 및 운용기준 (DC 및 IRP 위험자산 투자한도 70%)),ED_WRBA_ART26_1_2,공식 출처 대조 (증권사·운용사교차검증),KOFIA 펀드유형: 주식형 (근로자퇴직급여 보장법 시행규칙 제10조 제1항 제2호: 주식형 집합투자증권 위험자산 70% 한도),2026-09-05,PASS (공식 검증 완료)
469070,KR7469070007,RISE AI&로봇,KB자산운용,주식-국내,가능,70% (위험자산),Y,높음,증권사·운용사교차검증,https://dis.kofia.or.kr/websquare/index.jsp?w2xPath=/wq/fundann/DISFundFeeCMS.xml&divisionId=MDIS01005001000000&serviceId=SDIS01005001000,data/regulatory/sources/kofia_evidence_extract_20260905.xml,E3,3way,KBRISEAI&amp;로봇증권상장지수투자신탁(주식) / 펀드유형: 주식형 / 표준코드: K55223E63783 / 기준일: 20231023,MOEL_WRBA_RULE_ART10_1_2,근로자퇴직급여 보장법 시행규칙 제10조 제1항 제2호 (위험자산의 범위 및 운용기준 (DC 및 IRP 위험자산 투자한도 70%)),ED_WRBA_ART26_1_2,공식 출처 대조 (증권사·운용사교차검증),KOFIA 펀드유형: 주식형 (근로자퇴직급여 보장법 시행규칙 제10조 제1항 제2호: 주식형 집합투자증권 위험자산 70% 한도),2026-09-05,PASS (공식 검증 완료)
469150,KR7469150007,ACE AI반도체TOP3+,한국투자신탁운용,주식-국내,가능,70% (위험자산),Y,높음,증권사·운용사교차검증,https://dis.kofia.or.kr/websquare/index.jsp?w2xPath=/wq/fundann/DISFundFeeCMS.xml&divisionId=MDIS01005001000000&serviceId=SDIS01005001000,data/regulatory/sources/kofia_evidence_extract_20260905.xml,E3,3way,한국투자ACEAI반도체TOP3+증권상장지수투자신탁(주식) / 펀드유형: 주식형 / 표준코드: K55101E67600 / 기준일: 20231016,MOEL_WRBA_RULE_ART10_1_2,근로자퇴직급여 보장법 시행규칙 제10조 제1항 제2호 (위험자산의 범위 및 운용기준 (DC 및 IRP 위험자산 투자한도 70%)),ED_WRBA_ART26_1_2,공식 출처 대조 (증권사·운용사교차검증),KOFIA 펀드유형: 주식형 (근로자퇴직급여 보장법 시행규칙 제10조 제1항 제2호: 주식형 집합투자증권 위험자산 70% 한도),2026-09-05,PASS (공식 검증 완료)
469160,KR7469160006,ACE 일본반도체,한국투자신탁운용,주식-해외,가능,70% (위험자산),Y,높음,증권사·운용사교차검증,https://dis.kofia.or.kr/websquare/index.jsp?w2xPath=/wq/fundann/DISFundFeeCMS.xml&divisionId=MDIS01005001000000&serviceId=SDIS01005001000,data/regulatory/sources/kofia_evidence_extract_20260905.xml,E3,3way,한국투자ACE일본반도체증권상장지수투자신탁(주식) / 펀드유형: 주식형 / 표준코드: K55101E66032 / 기준일: 20231013,MOEL_WRBA_RULE_ART10_1_2,근로자퇴직급여 보장법 시행규칙 제10조 제1항 제2호 (위험자산의 범위 및 운용기준 (DC 및 IRP 위험자산 투자한도 70%)),ED_WRBA_ART26_1_2,공식 출처 대조 (증권사·운용사교차검증),KOFIA 펀드유형: 주식형 (근로자퇴직급여 보장법 시행규칙 제10조 제1항 제2호: 주식형 집합투자증권 위험자산 70% 한도),2026-09-05,PASS (공식 검증 완료)
469170,KR7469170005,ACE 포스코그룹포커스,한국투자신탁운용,주식-국내,가능,70% (위험자산),Y,높음,증권사·운용사교차검증,https://dis.kofia.or.kr/websquare/index.jsp?w2xPath=/wq/fundann/DISFundFeeCMS.xml&divisionId=MDIS01005001000000&serviceId=SDIS01005001000,data/regulatory/sources/kofia_evidence_extract_20260905.xml,E3,3way,한국투자ACE포스코그룹포커스증권상장지수투자신탁(주식) / 펀드유형: 주식형 / 표준코드: K55101E67568 / 기준일: 20231016,MOEL_WRBA_RULE_ART10_1_2,근로자퇴직급여 보장법 시행규칙 제10조 제1항 제2호 (위험자산의 범위 및 운용기준 (DC 및 IRP 위험자산 투자한도 70%)),ED_WRBA_ART26_1_2,공식 출처 대조 (증권사·운용사교차검증),KOFIA 펀드유형: 주식형 (근로자퇴직급여 보장법 시행규칙 제10조 제1항 제2호: 주식형 집합투자증권 위험자산 70% 한도),2026-09-05,PASS (공식 검증 완료)
469530,KR7469530000,RISE 미국달러선물인버스,KB자산운용,주식-해외,불가,불가,Y,보통,법령조건직접판정,https://www.law.go.kr/LSW//admRulInfoP.do?admRulSeq=2100000244795&chrClsCd=010201,data/regulatory/sources/statutes/퇴직연금감독규정_20260905.txt,RULE_NAME,1way,퇴직연금감독규정 제9조 제1항 제2호 마목: 상장지수집합투자기구가 목표로 하는 지수의 변화에 1배를 초과하거나 음의 배율로 연동하여 운용하는 것은 제외한다,PSR_ART9_1_2,퇴직연금감독규정 제9조 제1항 제2호 마목 (증권 및 기타 적립금 운용방법의 종류 등 (1배수 상장지수집합투자기구 파생위험평가액 100% 한도 허용)),,퇴직연금감독규정 제9조 제1항 제2호 마목 단서 (1배 초과 또는 음의 배율 연동 배제),명칭 기반 배수 식별 및 퇴직연금감독규정 제9조 제1항 제2호 마목 단서 적용,2026-09-05,PASS (공식 검증 완료)
469790,KR7469790000,KIWOOM 코리아테크TOP10,키움투자자산운용,주식-국내,가능,70% (위험자산),Y,높음,협회공시대조,https://dis.kofia.or.kr/websquare/index.jsp?w2xPath=/wq/fundann/DISFundFeeCMS.xml&divisionId=MDIS01005001000000&serviceId=SDIS01005001000,data/regulatory/sources/kofia_evidence_extract_20260905.xml,E3,1way,키움KIWOOM코리아테크TOP10증권상장지수투자신탁[주식] / 펀드유형: 주식형 / 표준코드: K55206E61196 / 기준일: 20231030,MOEL_WRBA_RULE_ART10_1_2,근로자퇴직급여 보장법 시행규칙 제10조 제1항 제2호 (위험자산의 범위 및 운용기준 (DC 및 IRP 위험자산 투자한도 70%)),ED_WRBA_ART26_1_2,금융투자협회 전자공시서비스(DIS) 표준 펀드유형 '주식형' XML 전수 대조 (시행규칙 제10조제1항제2호 한도 70%),KOFIA 펀드유형: 주식형 (근로자퇴직급여 보장법 시행규칙 제10조 제1항 제2호: 주식형 집합투자증권 위험자산 70% 한도),2026-09-05,PASS (공식 검증 완료)
469830,KR7469830004,SOL 초단기채권액티브,신한자산운용,금리·파킹,가능,100% (안전자산),Y,높음,협회공시대조,https://dis.kofia.or.kr/websquare/index.jsp?w2xPath=/wq/fundann/DISFundFeeCMS.xml&divisionId=MDIS01005001000000&serviceId=SDIS01005001000,data/regulatory/sources/kofia_evidence_extract_20260905.xml,E3,1way,신한SOL초단기채권액티브증권상장지수투자신탁[채권] / 펀드유형: 채권형 / 표준코드: K55210E67161 / 기준일: 20231106,PSR_ART11_1_4,퇴직연금감독규정 제11조 제1항 제4호 (적립금 운용방법 등 (원리금보장 및 채권형 등 100% 안전자산)),,금융투자협회 전자공시서비스(DIS) 표준 펀드유형 '채권형' XML 전수 대조,KOFIA 펀드유형: 채권형 (퇴직연금감독규정 제11조 제1항 제4호: 원리금보장 및 채권형 안전자산 (100% 편입 가능)),2026-09-05,PASS (공식 검증 완료)
470310,KR7470310004,UNICORN 생성형AI강소기업액티브,현대자산운용,주식-국내,가능,70% (위험자산),Y,높음,협회공시대조,https://dis.kofia.or.kr/websquare/index.jsp?w2xPath=/wq/fundann/DISFundFeeCMS.xml&divisionId=MDIS01005001000000&serviceId=SDIS01005001000,data/regulatory/sources/kofia_evidence_extract_20260905.xml,E3,1way,현대UNICORN생성형AI강소기업액티브증권상장지수투자신탁[주식] / 펀드유형: 주식형 / 표준코드: K55373E72456 / 기준일: 20231120,MOEL_WRBA_RULE_ART10_1_2,근로자퇴직급여 보장법 시행규칙 제10조 제1항 제2호 (위험자산의 범위 및 운용기준 (DC 및 IRP 위험자산 투자한도 70%)),ED_WRBA_ART26_1_2,금융투자협회 전자공시서비스(DIS) 표준 펀드유형 '주식형' XML 전수 대조 (시행규칙 제10조제1항제2호 한도 70%),KOFIA 펀드유형: 주식형 (근로자퇴직급여 보장법 시행규칙 제10조 제1항 제2호: 주식형 집합투자증권 위험자산 70% 한도),2026-09-05,PASS (공식 검증 완료)
471040,KR7471040006,KoAct 글로벌AI&로봇액티브,기타,주식-해외,가능,70% (위험자산),Y,높음,협회공시대조,https://dis.kofia.or.kr/websquare/index.jsp?w2xPath=/wq/fundann/DISFundFeeCMS.xml&divisionId=MDIS01005001000000&serviceId=SDIS01005001000,data/regulatory/sources/kofia_evidence_extract_20260905.xml,E3,1way,삼성액티브KoAct글로벌AI&amp;로봇액티브증권상장지수투자신탁[주식] / 펀드유형: 주식형 / 표준코드: K553N9E63887 / 기준일: 20231117,MOEL_WRBA_RULE_ART10_1_2,근로자퇴직급여 보장법 시행규칙 제10조 제1항 제2호 (위험자산의 범위 및 운용기준 (DC 및 IRP 위험자산 투자한도 70%)),ED_WRBA_ART26_1_2,금융투자협회 전자공시서비스(DIS) 표준 펀드유형 '주식형' XML 전수 대조 (시행규칙 제10조제1항제2호 한도 70%),KOFIA 펀드유형: 주식형 (근로자퇴직급여 보장법 시행규칙 제10조 제1항 제2호: 주식형 집합투자증권 위험자산 70% 한도),2026-09-05,PASS (공식 검증 완료)
471230,KR7471230003,KODEX 국고채10년액티브,삼성자산운용,채권,가능,100% (안전자산),Y,높음,증권사·운용사교차검증,https://dis.kofia.or.kr/websquare/index.jsp?w2xPath=/wq/fundann/DISFundFeeCMS.xml&divisionId=MDIS01005001000000&serviceId=SDIS01005001000,data/regulatory/sources/kofia_evidence_extract_20260905.xml,E3,3way,삼성KODEX국고채10년액티브증권상장지수투자신탁[채권] / 펀드유형: 채권형 / 표준코드: K55105E67924 / 기준일: 20231113,PSR_ART11_1_4,퇴직연금감독규정 제11조 제1항 제4호 (적립금 운용방법 등 (원리금보장 및 채권형 등 100% 안전자산)),,금융감독원 DART 투자설명서 대조 (증권사·운용사교차검증),KOFIA 펀드유형: 채권형 (퇴직연금감독규정 제11조 제1항 제4호: 원리금보장 및 채권형 안전자산 (100% 편입 가능)),2026-09-05,PASS (공식 검증 완료)
471460,KR7471460006,KIWOOM 국고채30년액티브,키움투자자산운용,채권,가능,100% (안전자산),Y,높음,협회공시대조,https://dis.kofia.or.kr/websquare/index.jsp?w2xPath=/wq/fundann/DISFundFeeCMS.xml&divisionId=MDIS01005001000000&serviceId=SDIS01005001000,data/regulatory/sources/kofia_evidence_extract_20260905.xml,E3,1way,키움KIWOOM국고채30년액티브증권상장지수투자신탁[채권] / 펀드유형: 채권형 / 표준코드: K55206E71195 / 기준일: 20231102,PSR_ART11_1_4,퇴직연금감독규정 제11조 제1항 제4호 (적립금 운용방법 등 (원리금보장 및 채권형 등 100% 안전자산)),,금융투자협회 전자공시서비스(DIS) 표준 펀드유형 '채권형' XML 전수 대조,KOFIA 펀드유형: 채권형 (퇴직연금감독규정 제11조 제1항 제4호: 원리금보장 및 채권형 안전자산 (100% 편입 가능)),2026-09-05,PASS (공식 검증 완료)
471760,KR7471760009,TIGER AI반도체핵심공정,미래에셋자산운용,주식-국내,가능,70% (위험자산),Y,높음,증권사·운용사교차검증,https://dis.kofia.or.kr/websquare/index.jsp?w2xPath=/wq/fundann/DISFundFeeCMS.xml&divisionId=MDIS01005001000000&serviceId=SDIS01005001000,data/regulatory/sources/kofia_evidence_extract_20260905.xml,E3,3way,미래에셋TIGERAI반도체핵심공정증권상장지수투자신탁(주식) / 펀드유형: 주식형 / 표준코드: K55301E68273 / 기준일: 20231120,MOEL_WRBA_RULE_ART10_1_2,근로자퇴직급여 보장법 시행규칙 제10조 제1항 제2호 (위험자산의 범위 및 운용기준 (DC 및 IRP 위험자산 투자한도 70%)),ED_WRBA_ART26_1_2,공식 출처 대조 (증권사·운용사교차검증),KOFIA 펀드유형: 주식형 (근로자퇴직급여 보장법 시행규칙 제10조 제1항 제2호: 주식형 집합투자증권 위험자산 70% 한도),2026-09-05,PASS (공식 검증 완료)
471780,KR7471780007,TIGER 코리아테크액티브,미래에셋자산운용,주식-국내,가능,70% (위험자산),Y,높음,증권사·운용사교차검증,https://dis.kofia.or.kr/websquare/index.jsp?w2xPath=/wq/fundann/DISFundFeeCMS.xml&divisionId=MDIS01005001000000&serviceId=SDIS01005001000,data/regulatory/sources/kofia_evidence_extract_20260905.xml,E3,3way,미래에셋TIGER코리아테크액티브증권상장지수투자신탁(주식) / 펀드유형: 주식형 / 표준코드: K55301E68232 / 기준일: 20231124,MOEL_WRBA_RULE_ART10_1_2,근로자퇴직급여 보장법 시행규칙 제10조 제1항 제2호 (위험자산의 범위 및 운용기준 (DC 및 IRP 위험자산 투자한도 70%)),ED_WRBA_ART26_1_2,공식 출처 대조 (증권사·운용사교차검증),KOFIA 펀드유형: 주식형 (근로자퇴직급여 보장법 시행규칙 제10조 제1항 제2호: 주식형 집합투자증권 위험자산 70% 한도),2026-09-05,PASS (공식 검증 완료)
471990,KR7471990002,KODEX AI반도체핵심장비,삼성자산운용,주식-국내,가능,70% (위험자산),Y,높음,증권사·운용사교차검증,https://dis.kofia.or.kr/websquare/index.jsp?w2xPath=/wq/fundann/DISFundFeeCMS.xml&divisionId=MDIS01005001000000&serviceId=SDIS01005001000,data/regulatory/sources/kofia_evidence_extract_20260905.xml,E3,3way,삼성KODEXAI반도체핵심장비증권상장지수투자신탁[주식] / 펀드유형: 주식형 / 표준코드: K55105E71488 / 기준일: 20231120,MOEL_WRBA_RULE_ART10_1_2,근로자퇴직급여 보장법 시행규칙 제10조 제1항 제2호 (위험자산의 범위 및 운용기준 (DC 및 IRP 위험자산 투자한도 70%)),ED_WRBA_ART26_1_2,공식 출처 대조 (증권사·운용사교차검증),KOFIA 펀드유형: 주식형 (근로자퇴직급여 보장법 시행규칙 제10조 제1항 제2호: 주식형 집합투자증권 위험자산 70% 한도),2026-09-05,PASS (공식 검증 완료)
472150,KR7472150002,TIGER 배당커버드콜액티브,미래에셋자산운용,주식-국내,가능,70% (위험자산),Y,높음,증권사·운용사교차검증,https://dis.kofia.or.kr/websquare/index.jsp?w2xPath=/wq/fundann/DISFundFeeCMS.xml&divisionId=MDIS01005001000000&serviceId=SDIS01005001000,data/regulatory/sources/kofia_evidence_extract_20260905.xml,E3,3way,미래에셋TIGER배당커버드콜액티브증권상장지수투자신탁(주식) / 펀드유형: 주식형 / 표준코드: K55301DY9046 / 기준일: 20231211,MOEL_WRBA_RULE_ART10_1_2,근로자퇴직급여 보장법 시행규칙 제10조 제1항 제2호 (위험자산의 범위 및 운용기준 (DC 및 IRP 위험자산 투자한도 70%)),ED_WRBA_ART26_1_2,공식 출처 대조 (증권사·운용사교차검증),KOFIA 펀드유형: 주식형 (근로자퇴직급여 보장법 시행규칙 제10조 제1항 제2호: 주식형 집합투자증권 위험자산 70% 한도),2026-09-05,PASS (공식 검증 완료)
472160,KR7472160001,TIGER 미국테크TOP10 INDXX(H),미래에셋자산운용,주식-해외,가능,70% (위험자산),Y,높음,증권사·운용사교차검증,https://dis.kofia.or.kr/websquare/index.jsp?w2xPath=/wq/fundann/DISFundFeeCMS.xml&divisionId=MDIS01005001000000&serviceId=SDIS01005001000,data/regulatory/sources/kofia_evidence_extract_20260905.xml,E3,3way,미래에셋TIGER미국테크TOP10INDXX증권상장지수투자신탁(주식)(H) / 펀드유형: 주식형 / 표준코드: K55301E73182 / 기준일: 20231201,MOEL_WRBA_RULE_ART10_1_2,근로자퇴직급여 보장법 시행규칙 제10조 제1항 제2호 (위험자산의 범위 및 운용기준 (DC 및 IRP 위험자산 투자한도 70%)),ED_WRBA_ART26_1_2,공식 출처 대조 (증권사·운용사교차검증),KOFIA 펀드유형: 주식형 (근로자퇴직급여 보장법 시행규칙 제10조 제1항 제2호: 주식형 집합투자증권 위험자산 70% 한도),2026-09-05,PASS (공식 검증 완료)
472170,KR7472170000,TIGER 미국테크TOP10채권혼합,미래에셋자산운용,채권,가능,100% (안전자산),Y,높음,증권사·운용사교차검증,https://dis.kofia.or.kr/websquare/index.jsp?w2xPath=/wq/fundann/DISFundFeeCMS.xml&divisionId=MDIS01005001000000&serviceId=SDIS01005001000,data/regulatory/sources/kofia_evidence_extract_20260905.xml,E3,3way,미래에셋TIGER미국테크TOP10채권혼합증권상장지수투자신탁(채권혼합) / 펀드유형: 혼합채권형 / 표준코드: K55301E70402 / 기준일: 20231201,PSR_ART11_1_5,퇴직연금감독규정 제11조 제1항 제5호 (적립금 운용방법 등 (주식 50% 미만 채권혼합형 100% 안전자산)),,금융감독원 DART 투자설명서 신탁계약서 제16조 주식편입한도 대조 (증권사·운용사교차검증),KOFIA 펀드유형: 혼합채권형 (퇴직연금감독규정 제11조 제1항 제5호: 약관상 주식 투자한도 50% 미만 혼합채권형 안전자산 100% 한도),2026-09-05,PASS (공식 검증 완료)
472720,KR7472720002,TRUSTON 주주가치액티브,트러스톤자산운용,주식-국내,가능,70% (위험자산),Y,높음,협회공시대조,https://dis.kofia.or.kr/websquare/index.jsp?w2xPath=/wq/fundann/DISFundFeeCMS.xml&divisionId=MDIS01005001000000&serviceId=SDIS01005001000,data/regulatory/sources/kofia_evidence_extract_20260905.xml,E3,1way,트러스톤TRUSTON주주가치액티브증권상장지수투자신탁[주식] / 펀드유형: 주식형 / 표준코드: K55363E76664 / 기준일: 20231213,MOEL_WRBA_RULE_ART10_1_2,근로자퇴직급여 보장법 시행규칙 제10조 제1항 제2호 (위험자산의 범위 및 운용기준 (DC 및 IRP 위험자산 투자한도 70%)),ED_WRBA_ART26_1_2,금융투자협회 전자공시서비스(DIS) 표준 펀드유형 '주식형' XML 전수 대조 (시행규칙 제10조제1항제2호 한도 70%),KOFIA 펀드유형: 주식형 (근로자퇴직급여 보장법 시행규칙 제10조 제1항 제2호: 주식형 집합투자증권 위험자산 70% 한도),2026-09-05,PASS (공식 검증 완료)
472830,KR7472830009,RISE 미국30년국채커버드콜(합성),KB자산운용,채권,가능,100% (안전자산),Y,높음,증권사목록대조,https://securities.koreainvestment.com/pension/nwEtcinfo/Notice.jsp?cmd=A_NW_33030View&num=47520,data/regulatory/sources/brokers/koreainvestment/ETF_REITs_LIST_RP_260831.xlsx,E4,2way,한국투자증권 퇴직연금 ETF 상품 현황(2026-08-31 기준) / RISE 미국30년국채커버드콜(합성) / 472830 / KB / 퇴직연금 투자한도 1,PSR_ART11_1_5,퇴직연금감독규정 제11조 제1항 제5호 (적립금 운용방법 등 (주식 50% 미만 채권혼합형 100% 안전자산)),PSR_ART9_1_2,판매사 퇴직연금 매매가능 유니버스 및 1배수 파생평가액 대조 (증권사목록대조),한국투자증권 퇴직연금 ETF 상품 현황(2026-08-31 기준) 위험자산한도 1 대조 및 규제엔진 2자 합치 일치,2026-09-06,PASS (공식 검증 완료)
472840,KR7472840008,IBK 200,IBK자산운용,주식-국내,가능,70% (위험자산),Y,높음,협회공시대조,https://dis.kofia.or.kr/websquare/index.jsp?w2xPath=/wq/fundann/DISFundFeeCMS.xml&divisionId=MDIS01005001000000&serviceId=SDIS01005001000,data/regulatory/sources/kofia_evidence_extract_20260905.xml,E3,1way,IBKIBK200증권상장지수투자신탁[주식] / 펀드유형: 주식형 / 표준코드: K55234E63129 / 기준일: 20231220,MOEL_WRBA_RULE_ART10_1_2,근로자퇴직급여 보장법 시행규칙 제10조 제1항 제2호 (위험자산의 범위 및 운용기준 (DC 및 IRP 위험자산 투자한도 70%)),ED_WRBA_ART26_1_2,금융투자협회 전자공시서비스(DIS) 표준 펀드유형 '주식형' XML 전수 대조 (시행규칙 제10조제1항제2호 한도 70%),KOFIA 펀드유형: 주식형 (근로자퇴직급여 보장법 시행규칙 제10조 제1항 제2호: 주식형 집합투자증권 위험자산 70% 한도),2026-09-05,PASS (공식 검증 완료)
472870,KR7472870005,RISE 미국30년국채엔화노출(합성 H),KB자산운용,채권,가능,100% (안전자산),Y,높음,증권사목록대조,https://securities.koreainvestment.com/pension/nwEtcinfo/Notice.jsp?cmd=A_NW_33030View&num=47520,data/regulatory/sources/brokers/koreainvestment/ETF_REITs_LIST_RP_260831.xlsx,E4,2way,한국투자증권 퇴직연금 ETF 상품 현황(2026-08-31 기준) / RISE 미국30년국채엔화노출(합성 H) / 472870 / KB / 퇴직연금 투자한도 1,PSR_ART11_1_5,퇴직연금감독규정 제11조 제1항 제5호 (적립금 운용방법 등 (주식 50% 미만 채권혼합형 100% 안전자산)),PSR_ART9_1_2,판매사 퇴직연금 매매가능 유니버스 및 1배수 파생평가액 대조 (증권사목록대조),한국투자증권 퇴직연금 ETF 상품 현황(2026-08-31 기준) 위험자산한도 1 대조 및 규제엔진 2자 합치 일치,2026-09-06,PASS (공식 검증 완료)
472920,KR7472920008,HK 종합채권(AA-이상)액티브,기타,채권,가능,100% (안전자산),Y,높음,협회공시대조,https://dis.kofia.or.kr/websquare/index.jsp?w2xPath=/wq/fundann/DISFundFeeCMS.xml&divisionId=MDIS01005001000000&serviceId=SDIS01005001000,data/regulatory/sources/kofia_evidence_extract_20260905.xml,E3,1way,흥국HK종합채권(AA-이상)액티브증권상장지수투자신탁[채권] / 펀드유형: 채권형 / 표준코드: K55224E73350 / 기준일: 20231127,PSR_ART11_1_4,퇴직연금감독규정 제11조 제1항 제4호 (적립금 운용방법 등 (원리금보장 및 채권형 등 100% 안전자산)),,금융투자협회 전자공시서비스(DIS) 표준 펀드유형 '채권형' XML 전수 대조,KOFIA 펀드유형: 채권형 (퇴직연금감독규정 제11조 제1항 제4호: 원리금보장 및 채권형 안전자산 (100% 편입 가능)),2026-09-05,PASS (공식 검증 완료)
473290,KR7473290005,KODEX 26-12 회사채(AA-이상)액티브,삼성자산운용,채권,가능,100% (안전자산),Y,높음,증권사·운용사교차검증,https://dis.kofia.or.kr/websquare/index.jsp?w2xPath=/wq/fundann/DISFundFeeCMS.xml&divisionId=MDIS01005001000000&serviceId=SDIS01005001000,data/regulatory/sources/kofia_evidence_extract_20260905.xml,E3,3way,삼성KODEX26-12회사채(AA-이상)액티브증권상장지수투자신탁[채권] / 펀드유형: 채권형 / 표준코드: K55105E71496 / 기준일: 20231211,PSR_ART11_1_4,퇴직연금감독규정 제11조 제1항 제4호 (적립금 운용방법 등 (원리금보장 및 채권형 등 100% 안전자산)),,금융감독원 DART 투자설명서 대조 (증권사·운용사교차검증),KOFIA 펀드유형: 채권형 (퇴직연금감독규정 제11조 제1항 제4호: 원리금보장 및 채권형 안전자산 (100% 편입 가능)),2026-09-05,PASS (공식 검증 완료)
473330,KR7473330009,SOL 미국30년국채커버드콜(합성),신한자산운용,채권,가능,100% (안전자산),Y,높음,증권사목록대조,https://securities.koreainvestment.com/pension/nwEtcinfo/Notice.jsp?cmd=A_NW_33030View&num=47520,data/regulatory/sources/brokers/koreainvestment/ETF_REITs_LIST_RP_260831.xlsx,E4,2way,한국투자증권 퇴직연금 ETF 상품 현황(2026-08-31 기준) / SOL 미국30년국채커버드콜(합성) / 473330 / 신한 / 퇴직연금 투자한도 1,PSR_ART11_1_5,퇴직연금감독규정 제11조 제1항 제5호 (적립금 운용방법 등 (주식 50% 미만 채권혼합형 100% 안전자산)),PSR_ART9_1_2,판매사 퇴직연금 매매가능 유니버스 및 1배수 파생평가액 대조 (증권사목록대조),한국투자증권 퇴직연금 ETF 상품 현황(2026-08-31 기준) 위험자산한도 1 대조 및 규제엔진 2자 합치 일치,2026-09-06,PASS (공식 검증 완료)
473440,KR7473440006,ACE 11월만기자동연장회사채AA-이상액티브,한국투자신탁운용,채권,가능,100% (안전자산),Y,높음,증권사·운용사교차검증,https://dis.kofia.or.kr/websquare/index.jsp?w2xPath=/wq/fundann/DISFundFeeCMS.xml&divisionId=MDIS01005001000000&serviceId=SDIS01005001000,data/regulatory/sources/kofia_evidence_extract_20260905.xml,E3,3way,한국투자ACE11월만기자동연장회사채(AA-이상)액티브증권상장지수투자신탁(채권) / 펀드유형: 채권형 / 표준코드: K55101E75520 / 기준일: 20231215,PSR_ART11_1_4,퇴직연금감독규정 제11조 제1항 제4호 (적립금 운용방법 등 (원리금보장 및 채권형 등 100% 안전자산)),,금융감독원 DART 투자설명서 대조 (증권사·운용사교차검증),KOFIA 펀드유형: 채권형 (퇴직연금감독규정 제11조 제1항 제4호: 원리금보장 및 채권형 안전자산 (100% 편입 가능)),2026-09-05,PASS (공식 검증 완료)
473460,KR7473460004,KODEX 미국서학개미,삼성자산운용,주식-해외,가능,70% (위험자산),Y,높음,증권사·운용사교차검증,https://dis.kofia.or.kr/websquare/index.jsp?w2xPath=/wq/fundann/DISFundFeeCMS.xml&divisionId=MDIS01005001000000&serviceId=SDIS01005001000,data/regulatory/sources/kofia_evidence_extract_20260905.xml,E3,3way,삼성KODEX미국서학개미증권상장지수투자신탁[주식] / 펀드유형: 주식형 / 표준코드: K55105E67171 / 기준일: 20231222,MOEL_WRBA_RULE_ART10_1_2,근로자퇴직급여 보장법 시행규칙 제10조 제1항 제2호 (위험자산의 범위 및 운용기준 (DC 및 IRP 위험자산 투자한도 70%)),ED_WRBA_ART26_1_2,공식 출처 대조 (증권사·운용사교차검증),KOFIA 펀드유형: 주식형 (근로자퇴직급여 보장법 시행규칙 제10조 제1항 제2호: 주식형 집합투자증권 위험자산 70% 한도),2026-09-05,PASS (공식 검증 완료)
473490,KR7473490001,KIWOOM 글로벌AI반도체,키움투자자산운용,주식-해외,가능,70% (위험자산),Y,높음,협회공시대조,https://dis.kofia.or.kr/websquare/index.jsp?w2xPath=/wq/fundann/DISFundFeeCMS.xml&divisionId=MDIS01005001000000&serviceId=SDIS01005001000,data/regulatory/sources/kofia_evidence_extract_20260905.xml,E3,1way,키움KIWOOM글로벌AI반도체증권상장지수투자신탁[주식] / 펀드유형: 주식형 / 표준코드: K55206E80451 / 기준일: 20231220,MOEL_WRBA_RULE_ART10_1_2,근로자퇴직급여 보장법 시행규칙 제10조 제1항 제2호 (위험자산의 범위 및 운용기준 (DC 및 IRP 위험자산 투자한도 70%)),ED_WRBA_ART26_1_2,금융투자협회 전자공시서비스(DIS) 표준 펀드유형 '주식형' XML 전수 대조 (시행규칙 제10조제1항제2호 한도 70%),KOFIA 펀드유형: 주식형 (근로자퇴직급여 보장법 시행규칙 제10조 제1항 제2호: 주식형 집합투자증권 위험자산 70% 한도),2026-09-05,PASS (공식 검증 완료)
473590,KR7473590008,ACE 미국주식베스트셀러,한국투자신탁운용,주식-해외,가능,70% (위험자산),Y,높음,증권사·운용사교차검증,https://dis.kofia.or.kr/websquare/index.jsp?w2xPath=/wq/fundann/DISFundFeeCMS.xml&divisionId=MDIS01005001000000&serviceId=SDIS01005001000,data/regulatory/sources/kofia_evidence_extract_20260905.xml,E3,3way,한국투자ACE미국주식베스트셀러증권상장지수투자신탁(주식) / 펀드유형: 주식형 / 표준코드: K55101E54012 / 기준일: 20231226,MOEL_WRBA_RULE_ART10_1_2,근로자퇴직급여 보장법 시행규칙 제10조 제1항 제2호 (위험자산의 범위 및 운용기준 (DC 및 IRP 위험자산 투자한도 70%)),ED_WRBA_ART26_1_2,공식 출처 대조 (증권사·운용사교차검증),KOFIA 펀드유형: 주식형 (근로자퇴직급여 보장법 시행규칙 제10조 제1항 제2호: 주식형 집합투자증권 위험자산 70% 한도),2026-09-05,PASS (공식 검증 완료)
473640,KR7473640001,HANARO 글로벌금채굴기업,NH-Amundi자산운용,주식-해외,가능,70% (위험자산),Y,높음,협회공시대조,https://dis.kofia.or.kr/websquare/index.jsp?w2xPath=/wq/fundann/DISFundFeeCMS.xml&divisionId=MDIS01005001000000&serviceId=SDIS01005001000,data/regulatory/sources/kofia_evidence_extract_20260905.xml,E3,1way,NH-AmundiHANARO글로벌금채굴기업증권상장지수투자신탁[주식] / 펀드유형: 주식형 / 표준코드: K55232E64931 / 기준일: 20240116,MOEL_WRBA_RULE_ART10_1_2,근로자퇴직급여 보장법 시행규칙 제10조 제1항 제2호 (위험자산의 범위 및 운용기준 (DC 및 IRP 위험자산 투자한도 70%)),ED_WRBA_ART26_1_2,금융투자협회 전자공시서비스(DIS) 표준 펀드유형 '주식형' XML 전수 대조 (시행규칙 제10조제1항제2호 한도 70%),KOFIA 펀드유형: 주식형 (근로자퇴직급여 보장법 시행규칙 제10조 제1항 제2호: 주식형 집합투자증권 위험자산 70% 한도),2026-09-05,PASS (공식 검증 완료)
474220,KR7474220001,TIGER 미국테크TOP10타겟커버드콜,미래에셋자산운용,주식-해외,가능,70% (위험자산),Y,높음,증권사·운용사교차검증,https://securities.koreainvestment.com/pension/nwEtcinfo/Notice.jsp?cmd=A_NW_33030View&num=47520,data/regulatory/sources/brokers/koreainvestment/ETF_REITs_LIST_RP_260831.xlsx,E4,3way,미래에셋자산운용 TIGER 공시 [KR7474220001 / TIGER 미국테크TOP10타겟커버드콜 / 퇴직연금 70%] & 한국투자증권 공시 [474220 / TIGER 미국테크TOP10타겟커버드콜 / 위험자산한도: 0.7],MOEL_WRBA_RULE_ART10_1_2,근로자퇴직급여 보장법 시행규칙 제10조 제1항 제2호 (위험자산의 범위 및 운용기준 (DC 및 IRP 위험자산 투자한도 70%)),ED_WRBA_ART26_1_2,공식 출처 대조 (증권사·운용사교차검증),미래에셋자산운용 TIGER 공시 [KR7474220001 / 퇴직연금 70%] 및 한국투자증권 공시 [단축코드: 474220 / 위험자산한도: 0.7] 100% 교차 일치,2026-09-06,PASS (공식 검증 완료)
474390,KR7474390002,SOL 국고채30년액티브,신한자산운용,채권,가능,100% (안전자산),Y,높음,협회공시대조,https://dis.kofia.or.kr/websquare/index.jsp?w2xPath=/wq/fundann/DISFundFeeCMS.xml&divisionId=MDIS01005001000000&serviceId=SDIS01005001000,data/regulatory/sources/kofia_evidence_extract_20260905.xml,E3,1way,신한SOL국고채30년액티브증권상장지수투자신탁[채권] / 펀드유형: 채권형 / 표준코드: K55210E79489 / 기준일: 20240115,PSR_ART11_1_4,퇴직연금감독규정 제11조 제1항 제4호 (적립금 운용방법 등 (원리금보장 및 채권형 등 100% 안전자산)),,금융투자협회 전자공시서비스(DIS) 표준 펀드유형 '채권형' XML 전수 대조,KOFIA 펀드유형: 채권형 (퇴직연금감독규정 제11조 제1항 제4호: 원리금보장 및 채권형 안전자산 (100% 편입 가능)),2026-09-05,PASS (공식 검증 완료)
474590,KR7474590007,WON 반도체밸류체인액티브,우리에셋자산운용,주식-국내,가능,70% (위험자산),Y,높음,협회공시대조,https://dis.kofia.or.kr/websquare/index.jsp?w2xPath=/wq/fundann/DISFundFeeCMS.xml&divisionId=MDIS01005001000000&serviceId=SDIS01005001000,data/regulatory/sources/kofia_evidence_extract_20260905.xml,E3,1way,우리WON반도체밸류체인액티브증권상장지수투자신탁(주식) / 펀드유형: 주식형 / 표준코드: K55107E85195 / 기준일: 20240115,MOEL_WRBA_RULE_ART10_1_2,근로자퇴직급여 보장법 시행규칙 제10조 제1항 제2호 (위험자산의 범위 및 운용기준 (DC 및 IRP 위험자산 투자한도 70%)),ED_WRBA_ART26_1_2,금융투자협회 전자공시서비스(DIS) 표준 펀드유형 '주식형' XML 전수 대조 (시행규칙 제10조제1항제2호 한도 70%),KOFIA 펀드유형: 주식형 (근로자퇴직급여 보장법 시행규칙 제10조 제1항 제2호: 주식형 집합투자증권 위험자산 70% 한도),2026-09-05,PASS (공식 검증 완료)
474800,KR7474800000,KIWOOM 미국원유에너지기업,키움투자자산운용,주식-해외,가능,70% (위험자산),Y,높음,협회공시대조,https://dis.kofia.or.kr/websquare/index.jsp?w2xPath=/wq/fundann/DISFundFeeCMS.xml&divisionId=MDIS01005001000000&serviceId=SDIS01005001000,data/regulatory/sources/kofia_evidence_extract_20260905.xml,E3,1way,키움KIWOOM미국원유에너지기업증권상장지수투자신탁[주식] / 펀드유형: 주식형 / 표준코드: K55206E81673 / 기준일: 20240112,MOEL_WRBA_RULE_ART10_1_2,근로자퇴직급여 보장법 시행규칙 제10조 제1항 제2호 (위험자산의 범위 및 운용기준 (DC 및 IRP 위험자산 투자한도 70%)),ED_WRBA_ART26_1_2,금융투자협회 전자공시서비스(DIS) 표준 펀드유형 '주식형' XML 전수 대조 (시행규칙 제10조제1항제2호 한도 70%),KOFIA 펀드유형: 주식형 (근로자퇴직급여 보장법 시행규칙 제10조 제1항 제2호: 주식형 집합투자증권 위험자산 70% 한도),2026-09-05,PASS (공식 검증 완료)
474920,KR7474920006,에셋플러스 차이나일등기업포커스10액티브,에셋플러스자산운용,주식-해외,가능,70% (위험자산),Y,높음,협회공시대조,https://dis.kofia.or.kr/websquare/index.jsp?w2xPath=/wq/fundann/DISFundFeeCMS.xml&divisionId=MDIS01005001000000&serviceId=SDIS01005001000,data/regulatory/sources/kofia_evidence_extract_20260905.xml,E3,1way,에셋플러스에셋플러스차이나일등기업포커스10액티브증권상장지수투자신탁(주식) / 펀드유형: 주식형 / 표준코드: K55364E70822 / 기준일: 20240112,MOEL_WRBA_RULE_ART10_1_2,근로자퇴직급여 보장법 시행규칙 제10조 제1항 제2호 (위험자산의 범위 및 운용기준 (DC 및 IRP 위험자산 투자한도 70%)),ED_WRBA_ART26_1_2,금융투자협회 전자공시서비스(DIS) 표준 펀드유형 '주식형' XML 전수 대조 (시행규칙 제10조제1항제2호 한도 70%),KOFIA 펀드유형: 주식형 (근로자퇴직급여 보장법 시행규칙 제10조 제1항 제2호: 주식형 집합투자증권 위험자산 70% 한도),2026-09-05,PASS (공식 검증 완료)
475050,KR7475050001,ACE KPOP포커스,한국투자신탁운용,주식-국내,가능,70% (위험자산),Y,높음,증권사·운용사교차검증,https://dis.kofia.or.kr/websquare/index.jsp?w2xPath=/wq/fundann/DISFundFeeCMS.xml&divisionId=MDIS01005001000000&serviceId=SDIS01005001000,data/regulatory/sources/kofia_evidence_extract_20260905.xml,E3,3way,한국투자ACEKPOP포커스증권상장지수투자신탁(주식) / 펀드유형: 주식형 / 표준코드: K55101E79688 / 기준일: 20240129,MOEL_WRBA_RULE_ART10_1_2,근로자퇴직급여 보장법 시행규칙 제10조 제1항 제2호 (위험자산의 범위 및 운용기준 (DC 및 IRP 위험자산 투자한도 70%)),ED_WRBA_ART26_1_2,공식 출처 대조 (증권사·운용사교차검증),KOFIA 펀드유형: 주식형 (근로자퇴직급여 보장법 시행규칙 제10조 제1항 제2호: 주식형 집합투자증권 위험자산 70% 한도),2026-09-05,PASS (공식 검증 완료)
475070,KR7475070009,KoAct 글로벌친환경전력인프라액티브,기타,리츠·인프라,가능,70% (위험자산),Y,높음,협회공시대조,https://dis.kofia.or.kr/websquare/index.jsp?w2xPath=/wq/fundann/DISFundFeeCMS.xml&divisionId=MDIS01005001000000&serviceId=SDIS01005001000,data/regulatory/sources/kofia_evidence_extract_20260905.xml,E3,1way,삼성액티브KoAct글로벌친환경전력인프라액티브증권상장지수투자신탁[주식] / 펀드유형: 주식형 / 표준코드: K553N9E74926 / 기준일: 20240116,MOEL_WRBA_RULE_ART10_1_2,근로자퇴직급여 보장법 시행규칙 제10조 제1항 제2호 (위험자산의 범위 및 운용기준 (DC 및 IRP 위험자산 투자한도 70%)),ED_WRBA_ART26_1_2,금융투자협회 전자공시서비스(DIS) 표준 펀드유형 '주식형' XML 전수 대조 (시행규칙 제10조제1항제2호 한도 70%),KOFIA 펀드유형: 주식형 (근로자퇴직급여 보장법 시행규칙 제10조 제1항 제2호: 주식형 집합투자증권 위험자산 70% 한도),2026-09-05,PASS (공식 검증 완료)
475080,KR7475080008,KODEX 테슬라커버드콜채권혼합액티브,삼성자산운용,채권,가능,100% (안전자산),Y,높음,증권사·운용사교차검증,https://securities.koreainvestment.com/pension/nwEtcinfo/Notice.jsp?cmd=A_NW_33030View&num=47520,data/regulatory/sources/brokers/koreainvestment/ETF_REITs_LIST_RP_260831.xlsx,E4,3way,삼성자산운용 KODEX 공시 [475080 / KODEX 테슬라커버드콜채권혼합액티브 / ivPsbReti: 100%] & 한국투자증권 공시 [475080 / KODEX 테슬라커버드콜채권혼합액티브 / 위험자산한도: 1.0],PSR_ART11_1_5,퇴직연금감독규정 제11조 제1항 제5호 (적립금 운용방법 등 (주식 50% 미만 채권혼합형 100% 안전자산)),,금융감독원 DART 투자설명서 신탁계약서 제16조 주식편입한도 대조 (증권사·운용사교차검증),삼성자산운용 KODEX 연금투자 공시 [stkTicker: 475080 / ivPsbReti: 100%] 및 한국투자증권 공시 [단축코드: 475080 / 위험자산한도: 1.0] 100% 교차 일치,2026-09-06,PASS (공식 검증 완료)
475260,KR7475260006,ACE 2월만기자동연장회사채AA-이상액티브,한국투자신탁운용,채권,가능,100% (안전자산),Y,높음,증권사·운용사교차검증,https://dis.kofia.or.kr/websquare/index.jsp?w2xPath=/wq/fundann/DISFundFeeCMS.xml&divisionId=MDIS01005001000000&serviceId=SDIS01005001000,data/regulatory/sources/kofia_evidence_extract_20260905.xml,E3,3way,한국투자ACE2월만기자동연장회사채AA-이상액티브증권상장지수투자신탁(채권) / 펀드유형: 채권형 / 표준코드: K55101E80470 / 기준일: 20240119,PSR_ART11_1_4,퇴직연금감독규정 제11조 제1항 제4호 (적립금 운용방법 등 (원리금보장 및 채권형 등 100% 안전자산)),,금융감독원 DART 투자설명서 대조 (증권사·운용사교차검증),KOFIA 펀드유형: 채권형 (퇴직연금감독규정 제11조 제1항 제4호: 원리금보장 및 채권형 안전자산 (100% 편입 가능)),2026-09-05,PASS (공식 검증 완료)
475270,KR7475270005,ACE 5월만기자동연장회사채AA-이상액티브,한국투자신탁운용,채권,가능,100% (안전자산),Y,높음,증권사·운용사교차검증,https://dis.kofia.or.kr/websquare/index.jsp?w2xPath=/wq/fundann/DISFundFeeCMS.xml&divisionId=MDIS01005001000000&serviceId=SDIS01005001000,data/regulatory/sources/kofia_evidence_extract_20260905.xml,E3,3way,한국투자ACE5월만기자동연장회사채AA-이상액티브증권상장지수투자신탁(채권) / 펀드유형: 채권형 / 표준코드: K55101E80488 / 기준일: 20240119,PSR_ART11_1_4,퇴직연금감독규정 제11조 제1항 제4호 (적립금 운용방법 등 (원리금보장 및 채권형 등 100% 안전자산)),,금융감독원 DART 투자설명서 대조 (증권사·운용사교차검증),KOFIA 펀드유형: 채권형 (퇴직연금감독규정 제11조 제1항 제4호: 원리금보장 및 채권형 안전자산 (100% 편입 가능)),2026-09-05,PASS (공식 검증 완료)
475280,KR7475280004,ACE 8월만기자동연장회사채AA-이상액티브,한국투자신탁운용,채권,가능,100% (안전자산),Y,높음,증권사·운용사교차검증,https://dis.kofia.or.kr/websquare/index.jsp?w2xPath=/wq/fundann/DISFundFeeCMS.xml&divisionId=MDIS01005001000000&serviceId=SDIS01005001000,data/regulatory/sources/kofia_evidence_extract_20260905.xml,E3,3way,한국투자ACE8월만기자동연장회사채AA-이상액티브증권상장지수투자신탁(채권) / 펀드유형: 채권형 / 표준코드: K55101E80496 / 기준일: 20240119,PSR_ART11_1_4,퇴직연금감독규정 제11조 제1항 제4호 (적립금 운용방법 등 (원리금보장 및 채권형 등 100% 안전자산)),,금융감독원 DART 투자설명서 대조 (증권사·운용사교차검증),KOFIA 펀드유형: 채권형 (퇴직연금감독규정 제11조 제1항 제4호: 원리금보장 및 채권형 안전자산 (100% 편입 가능)),2026-09-05,PASS (공식 검증 완료)
475300,KR7475300000,SOL 반도체전공정,신한자산운용,주식-국내,가능,70% (위험자산),Y,높음,협회공시대조,https://dis.kofia.or.kr/websquare/index.jsp?w2xPath=/wq/fundann/DISFundFeeCMS.xml&divisionId=MDIS01005001000000&serviceId=SDIS01005001000,data/regulatory/sources/kofia_evidence_extract_20260905.xml,E3,1way,신한SOL반도체전공정증권상장지수투자신탁[주식] / 펀드유형: 주식형 / 표준코드: K55210E84638 / 기준일: 20240213,MOEL_WRBA_RULE_ART10_1_2,근로자퇴직급여 보장법 시행규칙 제10조 제1항 제2호 (위험자산의 범위 및 운용기준 (DC 및 IRP 위험자산 투자한도 70%)),ED_WRBA_ART26_1_2,금융투자협회 전자공시서비스(DIS) 표준 펀드유형 '주식형' XML 전수 대조 (시행규칙 제10조제1항제2호 한도 70%),KOFIA 펀드유형: 주식형 (근로자퇴직급여 보장법 시행규칙 제10조 제1항 제2호: 주식형 집합투자증권 위험자산 70% 한도),2026-09-05,PASS (공식 검증 완료)
475310,KR7475310009,SOL 반도체후공정,신한자산운용,주식-국내,가능,70% (위험자산),Y,높음,협회공시대조,https://dis.kofia.or.kr/websquare/index.jsp?w2xPath=/wq/fundann/DISFundFeeCMS.xml&divisionId=MDIS01005001000000&serviceId=SDIS01005001000,data/regulatory/sources/kofia_evidence_extract_20260905.xml,E3,1way,신한SOL반도체후공정증권상장지수투자신탁[주식] / 펀드유형: 주식형 / 표준코드: K55210E84646 / 기준일: 20240213,MOEL_WRBA_RULE_ART10_1_2,근로자퇴직급여 보장법 시행규칙 제10조 제1항 제2호 (위험자산의 범위 및 운용기준 (DC 및 IRP 위험자산 투자한도 70%)),ED_WRBA_ART26_1_2,금융투자협회 전자공시서비스(DIS) 표준 펀드유형 '주식형' XML 전수 대조 (시행규칙 제10조제1항제2호 한도 70%),KOFIA 펀드유형: 주식형 (근로자퇴직급여 보장법 시행규칙 제10조 제1항 제2호: 주식형 집합투자증권 위험자산 70% 한도),2026-09-05,PASS (공식 검증 완료)
475350,KR7475350005,RISE 버크셔포트폴리오TOP10,KB자산운용,주식-국내,가능,70% (위험자산),Y,높음,증권사·운용사교차검증,https://dis.kofia.or.kr/websquare/index.jsp?w2xPath=/wq/fundann/DISFundFeeCMS.xml&divisionId=MDIS01005001000000&serviceId=SDIS01005001000,data/regulatory/sources/kofia_evidence_extract_20260905.xml,E3,3way,KBRISE버크셔포트폴리오TOP10증권상장지수투자신탁(주식) / 펀드유형: 주식형 / 표준코드: K55223E85687 / 기준일: 20240222,MOEL_WRBA_RULE_ART10_1_2,근로자퇴직급여 보장법 시행규칙 제10조 제1항 제2호 (위험자산의 범위 및 운용기준 (DC 및 IRP 위험자산 투자한도 70%)),ED_WRBA_ART26_1_2,공식 출처 대조 (증권사·운용사교차검증),KOFIA 펀드유형: 주식형 (근로자퇴직급여 보장법 시행규칙 제10조 제1항 제2호: 주식형 집합투자증권 위험자산 70% 한도),2026-09-05,PASS (공식 검증 완료)
475380,KR7475380002,RISE 글로벌리얼티인컴,KB자산운용,주식-해외,가능,70% (위험자산),Y,높음,증권사·운용사교차검증,https://securities.koreainvestment.com/pension/nwEtcinfo/Notice.jsp?cmd=A_NW_33030View&num=47520,data/regulatory/sources/brokers/koreainvestment/ETF_REITs_LIST_RP_260831.xlsx,E4,3way,한국투자증권 퇴직연금 ETF 상품 현황(2026-08-31 기준) / RISE 글로벌리얼티인컴 / 475380 / KB / 퇴직연금 투자한도 0.7,MOEL_WRBA_RULE_ART10_1_2,근로자퇴직급여 보장법 시행규칙 제10조 제1항 제2호 (위험자산의 범위 및 운용기준 (DC 및 IRP 위험자산 투자한도 70%)),ED_WRBA_ART26_1_2,공식 출처 대조 (증권사·운용사교차검증),한국투자증권 퇴직연금 ETF 상품 현황(2026-08-31 기준) 위험자산한도 0.7 대조 및 규제엔진 2자 합치 일치,2026-09-06,PASS (공식 검증 완료)
475630,KR7475630000,TIGER CD1년금리액티브(합성),미래에셋자산운용,금리·파킹,가능,100% (안전자산),Y,높음,증권사·운용사교차검증,https://securities.koreainvestment.com/pension/nwEtcinfo/Notice.jsp?cmd=A_NW_33030View&num=47520,data/regulatory/sources/brokers/koreainvestment/ETF_REITs_LIST_RP_260831.xlsx,E4,3way,미래에셋자산운용 TIGER 공시 [KR7475630000 /  / 퇴직연금 100%] & 한국투자증권 공시 [475630 / TIGER CD1년금리액티브(합성) / 위험자산한도: 1.0],PSR_ART11_1_5,퇴직연금감독규정 제11조 제1항 제5호 (적립금 운용방법 등 (주식 50% 미만 채권혼합형 100% 안전자산)),PSR_ART9_1_2,금융감독원 DART 투자설명서 1배수 파생평가액 한도 및 주식한도 대조 (증권사·운용사교차검증),미래에셋자산운용 TIGER 공시 [KR7475630000 / 퇴직연금 100%] 및 한국투자증권 공시 [단축코드: 475630 / 위험자산한도: 1.0] 100% 교차 일치,2026-09-06,PASS (공식 검증 완료)
475720,KR7475720009,RISE 200위클리커버드콜,KB자산운용,주식-국내,가능,70% (위험자산),Y,높음,증권사·운용사교차검증,https://securities.koreainvestment.com/pension/nwEtcinfo/Notice.jsp?cmd=A_NW_33030View&num=47520,data/regulatory/sources/brokers/koreainvestment/ETF_REITs_LIST_RP_260831.xlsx,E4,3way,한국투자증권 퇴직연금 ETF 상품 현황(2026-08-31 기준) / RISE 200위클리커버드콜 / 475720 / KB / 퇴직연금 투자한도 0.7,MOEL_WRBA_RULE_ART10_1_2,근로자퇴직급여 보장법 시행규칙 제10조 제1항 제2호 (위험자산의 범위 및 운용기준 (DC 및 IRP 위험자산 투자한도 70%)),ED_WRBA_ART26_1_2,공식 출처 대조 (증권사·운용사교차검증),한국투자증권 퇴직연금 ETF 상품 현황(2026-08-31 기준) 위험자산한도 0.7 대조 및 규제엔진 2자 합치 일치,2026-09-06,PASS (공식 검증 완료)
476000,KR7476000005,UNICORN 포스트IPO액티브,현대자산운용,주식-국내,가능,70% (위험자산),Y,높음,협회공시대조,https://dis.kofia.or.kr/websquare/index.jsp?w2xPath=/wq/fundann/DISFundFeeCMS.xml&divisionId=MDIS01005001000000&serviceId=SDIS01005001000,data/regulatory/sources/kofia_evidence_extract_20260905.xml,E3,1way,현대UNICORN포스트IPO액티브증권상장지수투자신탁[주식] / 펀드유형: 주식형 / 표준코드: K55373E91357 / 기준일: 20240226,MOEL_WRBA_RULE_ART10_1_2,근로자퇴직급여 보장법 시행규칙 제10조 제1항 제2호 (위험자산의 범위 및 운용기준 (DC 및 IRP 위험자산 투자한도 70%)),ED_WRBA_ART26_1_2,금융투자협회 전자공시서비스(DIS) 표준 펀드유형 '주식형' XML 전수 대조 (시행규칙 제10조제1항제2호 한도 70%),KOFIA 펀드유형: 주식형 (근로자퇴직급여 보장법 시행규칙 제10조 제1항 제2호: 주식형 집합투자증권 위험자산 70% 한도),2026-09-05,PASS (공식 검증 완료)
476030,KR7476030002,SOL 미국나스닥100,신한자산운용,주식-해외,가능,70% (위험자산),Y,높음,협회공시대조,https://dis.kofia.or.kr/websquare/index.jsp?w2xPath=/wq/fundann/DISFundFeeCMS.xml&divisionId=MDIS01005001000000&serviceId=SDIS01005001000,data/regulatory/sources/kofia_evidence_extract_20260905.xml,E3,1way,신한SOL미국나스닥100증권상장지수투자신탁[주식] / 펀드유형: 주식형 / 표준코드: K55210E88118 / 기준일: 20240308,MOEL_WRBA_RULE_ART10_1_2,근로자퇴직급여 보장법 시행규칙 제10조 제1항 제2호 (위험자산의 범위 및 운용기준 (DC 및 IRP 위험자산 투자한도 70%)),ED_WRBA_ART26_1_2,금융투자협회 전자공시서비스(DIS) 표준 펀드유형 '주식형' XML 전수 대조 (시행규칙 제10조제1항제2호 한도 70%),KOFIA 펀드유형: 주식형 (근로자퇴직급여 보장법 시행규칙 제10조 제1항 제2호: 주식형 집합투자증권 위험자산 70% 한도),2026-09-05,PASS (공식 검증 완료)
476070,KR7476070008,KODEX 글로벌비만치료제TOP2 Plus,삼성자산운용,주식-해외,가능,70% (위험자산),Y,높음,증권사·운용사교차검증,https://dis.kofia.or.kr/websquare/index.jsp?w2xPath=/wq/fundann/DISFundFeeCMS.xml&divisionId=MDIS01005001000000&serviceId=SDIS01005001000,data/regulatory/sources/kofia_evidence_extract_20260905.xml,E3,3way,삼성KODEX글로벌비만치료제TOP2Plus증권상장지수투자신탁[주식] / 펀드유형: 주식형 / 표준코드: K55105E79341 / 기준일: 20240208,MOEL_WRBA_RULE_ART10_1_2,근로자퇴직급여 보장법 시행규칙 제10조 제1항 제2호 (위험자산의 범위 및 운용기준 (DC 및 IRP 위험자산 투자한도 70%)),ED_WRBA_ART26_1_2,공식 출처 대조 (증권사·운용사교차검증),KOFIA 펀드유형: 주식형 (근로자퇴직급여 보장법 시행규칙 제10조 제1항 제2호: 주식형 집합투자증권 위험자산 70% 한도),2026-09-05,PASS (공식 검증 완료)
476260,KR7476260005,HANARO 반도체핵심공정주도주,NH-Amundi자산운용,주식-국내,가능,70% (위험자산),Y,높음,협회공시대조,https://dis.kofia.or.kr/websquare/index.jsp?w2xPath=/wq/fundann/DISFundFeeCMS.xml&divisionId=MDIS01005001000000&serviceId=SDIS01005001000,data/regulatory/sources/kofia_evidence_extract_20260905.xml,E3,1way,NH-AmundiHANARO반도체핵심공정주도주증권상장지수투자신탁(주식) / 펀드유형: 주식형 / 표준코드: K55232E86629 / 기준일: 20240226,MOEL_WRBA_RULE_ART10_1_2,근로자퇴직급여 보장법 시행규칙 제10조 제1항 제2호 (위험자산의 범위 및 운용기준 (DC 및 IRP 위험자산 투자한도 70%)),ED_WRBA_ART26_1_2,금융투자협회 전자공시서비스(DIS) 표준 펀드유형 '주식형' XML 전수 대조 (시행규칙 제10조제1항제2호 한도 70%),KOFIA 펀드유형: 주식형 (근로자퇴직급여 보장법 시행규칙 제10조 제1항 제2호: 주식형 집합투자증권 위험자산 70% 한도),2026-09-05,PASS (공식 검증 완료)
476310,KR7476310008,RISE 글로벌비만산업TOP2+,KB자산운용,주식-해외,가능,70% (위험자산),Y,높음,증권사·운용사교차검증,https://dis.kofia.or.kr/websquare/index.jsp?w2xPath=/wq/fundann/DISFundFeeCMS.xml&divisionId=MDIS01005001000000&serviceId=SDIS01005001000,data/regulatory/sources/kofia_evidence_extract_20260905.xml,E3,3way,KBRISE글로벌비만산업TOP2+증권상장지수투자신탁(주식) / 펀드유형: 주식형 / 표준코드: K55223E89259 / 기준일: 20240222,MOEL_WRBA_RULE_ART10_1_2,근로자퇴직급여 보장법 시행규칙 제10조 제1항 제2호 (위험자산의 범위 및 운용기준 (DC 및 IRP 위험자산 투자한도 70%)),ED_WRBA_ART26_1_2,공식 출처 대조 (증권사·운용사교차검증),KOFIA 펀드유형: 주식형 (근로자퇴직급여 보장법 시행규칙 제10조 제1항 제2호: 주식형 집합투자증권 위험자산 70% 한도),2026-09-05,PASS (공식 검증 완료)
476450,KR7476450002,KIWOOM 머니마켓액티브,키움투자자산운용,금리·파킹,가능,100% (안전자산),Y,높음,협회공시대조,https://dis.kofia.or.kr/websquare/index.jsp?w2xPath=/wq/fundann/DISFundFeeCMS.xml&divisionId=MDIS01005001000000&serviceId=SDIS01005001000,data/regulatory/sources/kofia_evidence_extract_20260905.xml,E3,1way,키움KIWOOM머니마켓액티브증권상장지수투자신탁[채권] / 펀드유형: 채권형 / 표준코드: K55206E91755 / 기준일: 20240222,PSR_ART11_1_4,퇴직연금감독규정 제11조 제1항 제4호 (적립금 운용방법 등 (원리금보장 및 채권형 등 100% 안전자산)),,금융투자협회 전자공시서비스(DIS) 표준 펀드유형 '채권형' XML 전수 대조,KOFIA 펀드유형: 채권형 (퇴직연금감독규정 제11조 제1항 제4호: 원리금보장 및 채권형 안전자산 (100% 편입 가능)),2026-09-05,PASS (공식 검증 완료)
476550,KR7476550009,TIGER 미국30년국채커버드콜액티브(H),미래에셋자산운용,채권,가능,100% (안전자산),Y,높음,증권사·운용사교차검증,https://securities.koreainvestment.com/pension/nwEtcinfo/Notice.jsp?cmd=A_NW_33030View&num=47520,data/regulatory/sources/brokers/koreainvestment/ETF_REITs_LIST_RP_260831.xlsx,E4,3way,미래에셋자산운용 TIGER 공시 [KR7476550009 /  / 퇴직연금 100%] & 한국투자증권 공시 [476550 / TIGER 미국30년국채커버드콜액티브(H) / 위험자산한도: 1.0],PSR_ART11_1_4,퇴직연금감독규정 제11조 제1항 제4호 (적립금 운용방법 등 (원리금보장 및 채권형 등 100% 안전자산)),,금융감독원 DART 투자설명서 대조 (증권사·운용사교차검증),미래에셋자산운용 TIGER 공시 [KR7476550009 / 퇴직연금 100%] 및 한국투자증권 공시 [단축코드: 476550 / 위험자산한도: 1.0] 100% 교차 일치,2026-09-06,PASS (공식 검증 완료)
476690,KR7476690003,TIGER 글로벌비만치료제TOP2Plus,미래에셋자산운용,주식-해외,가능,70% (위험자산),Y,높음,증권사·운용사교차검증,https://dis.kofia.or.kr/websquare/index.jsp?w2xPath=/wq/fundann/DISFundFeeCMS.xml&divisionId=MDIS01005001000000&serviceId=SDIS01005001000,data/regulatory/sources/kofia_evidence_extract_20260905.xml,E3,3way,삼성KODEX글로벌비만치료제TOP2Plus증권상장지수투자신탁[주식] / 펀드유형: 주식형 / 표준코드: K55105E79341 / 기준일: 20240208,MOEL_WRBA_RULE_ART10_1_2,근로자퇴직급여 보장법 시행규칙 제10조 제1항 제2호 (위험자산의 범위 및 운용기준 (DC 및 IRP 위험자산 투자한도 70%)),ED_WRBA_ART26_1_2,공식 출처 대조 (증권사·운용사교차검증),KOFIA 펀드유형: 주식형 (근로자퇴직급여 보장법 시행규칙 제10조 제1항 제2호: 주식형 집합투자증권 위험자산 70% 한도),2026-09-05,PASS (공식 검증 완료)
476750,KR7476750005,ACE 미국30년국채엔화노출액티브(H),한국투자신탁운용,채권,가능,100% (안전자산),Y,높음,증권사·운용사교차검증,https://dis.kofia.or.kr/websquare/index.jsp?w2xPath=/wq/fundann/DISFundFeeCMS.xml&divisionId=MDIS01005001000000&serviceId=SDIS01005001000,data/regulatory/sources/kofia_evidence_extract_20260905.xml,E3,3way,한국투자ACE미국30년국채엔화노출액티브증권상장지수투자신탁[채권](H) / 펀드유형: 채권형 / 표준코드: K55101E91790 / 기준일: 20240308,PSR_ART11_1_4,퇴직연금감독규정 제11조 제1항 제4호 (적립금 운용방법 등 (원리금보장 및 채권형 등 100% 안전자산)),,금융감독원 DART 투자설명서 대조 (증권사·운용사교차검증),KOFIA 펀드유형: 채권형 (퇴직연금감독규정 제11조 제1항 제4호: 원리금보장 및 채권형 안전자산 (100% 편입 가능)),2026-09-05,PASS (공식 검증 완료)
476760,KR7476760004,ACE 미국30년국채액티브,한국투자신탁운용,채권,가능,100% (안전자산),Y,높음,증권사·운용사교차검증,https://dis.kofia.or.kr/websquare/index.jsp?w2xPath=/wq/fundann/DISFundFeeCMS.xml&divisionId=MDIS01005001000000&serviceId=SDIS01005001000,data/regulatory/sources/kofia_evidence_extract_20260905.xml,E3,3way,한국투자ACE미국30년국채액티브증권상장지수투자신탁[채권] / 펀드유형: 채권형 / 표준코드: K55101E91865 / 기준일: 20240308,PSR_ART11_1_4,퇴직연금감독규정 제11조 제1항 제4호 (적립금 운용방법 등 (원리금보장 및 채권형 등 100% 안전자산)),,금융감독원 DART 투자설명서 대조 (증권사·운용사교차검증),KOFIA 펀드유형: 채권형 (퇴직연금감독규정 제11조 제1항 제4호: 원리금보장 및 채권형 안전자산 (100% 편입 가능)),2026-09-05,PASS (공식 검증 완료)
476800,KR7476800008,KODEX 한국부동산리츠인프라,삼성자산운용,리츠·인프라,가능,70% (위험자산),Y,높음,증권사·운용사교차검증,https://securities.koreainvestment.com/pension/nwEtcinfo/Notice.jsp?cmd=A_NW_33030View&num=47520,data/regulatory/sources/brokers/koreainvestment/ETF_REITs_LIST_RP_260831.xlsx,E4,3way,삼성자산운용 KODEX 공시 [476800 / KODEX 한국부동산리츠인프라 / ivPsbReti: 70%] & 한국투자증권 공시 [476800 / KODEX 한국부동산리츠인프라 / 위험자산한도: 0.7],ED_FSCMA_ART240_4,자본시장과 금융투자업에 관한 법률 시행령 제240조 (집합투자기구의 종류별 최소투자비율 등 (부동산/리츠 집합투자기구)),PSR_ART11_2,공식 출처 대조 (증권사·운용사교차검증),삼성자산운용 KODEX 연금투자 공시 [stkTicker: 476800 / ivPsbReti: 70%] 및 한국투자증권 공시 [단축코드: 476800 / 위험자산한도: 0.7] 100% 교차 일치,2026-09-06,PASS (공식 검증 완료)
476850,KR7476850003,KoAct 배당성장액티브,기타,주식-국내,가능,70% (위험자산),Y,높음,협회공시대조,https://dis.kofia.or.kr/websquare/index.jsp?w2xPath=/wq/fundann/DISFundFeeCMS.xml&divisionId=MDIS01005001000000&serviceId=SDIS01005001000,data/regulatory/sources/kofia_evidence_extract_20260905.xml,E3,1way,삼성액티브KoAct배당성장액티브증권상장지수투자신탁[주식] / 펀드유형: 주식형 / 표준코드: K553N9E80501 / 기준일: 20240226,MOEL_WRBA_RULE_ART10_1_2,근로자퇴직급여 보장법 시행규칙 제10조 제1항 제2호 (위험자산의 범위 및 운용기준 (DC 및 IRP 위험자산 투자한도 70%)),ED_WRBA_ART26_1_2,금융투자협회 전자공시서비스(DIS) 표준 펀드유형 '주식형' XML 전수 대조 (시행규칙 제10조제1항제2호 한도 70%),KOFIA 펀드유형: 주식형 (근로자퇴직급여 보장법 시행규칙 제10조 제1항 제2호: 주식형 집합투자증권 위험자산 70% 한도),2026-09-05,PASS (공식 검증 완료)
477050,KR7477050009,PLUS 머니마켓액티브,한화자산운용,금리·파킹,가능,100% (안전자산),Y,높음,협회공시대조,https://dis.kofia.or.kr/websquare/index.jsp?w2xPath=/wq/fundann/DISFundFeeCMS.xml&divisionId=MDIS01005001000000&serviceId=SDIS01005001000,data/regulatory/sources/kofia_evidence_extract_20260905.xml,E3,1way,한화PLUS머니마켓액티브증권상장지수투자신탁(채권) / 펀드유형: 채권형 / 표준코드: K55213E90027 / 기준일: 20240322,PSR_ART11_1_4,퇴직연금감독규정 제11조 제1항 제4호 (적립금 운용방법 등 (원리금보장 및 채권형 등 100% 안전자산)),,금융투자협회 전자공시서비스(DIS) 표준 펀드유형 '채권형' XML 전수 대조,KOFIA 펀드유형: 채권형 (퇴직연금감독규정 제11조 제1항 제4호: 원리금보장 및 채권형 안전자산 (100% 편입 가능)),2026-09-05,PASS (공식 검증 완료)
477080,KR7477080006,RISE CD금리액티브(합성),KB자산운용,금리·파킹,가능,70% (위험자산),Y,높음,협회공시대조,https://dis.kofia.or.kr/websquare/index.jsp?w2xPath=/wq/fundann/DISFundFeeCMS.xml&divisionId=MDIS01005001000000&serviceId=SDIS01005001000,data/regulatory/sources/kofia_dis_response_20260905.xml,E1,1way,KBRISECD금리액티브특별자산상장지수투자신탁(금리-파생형)(합성) / 펀드유형 특별자산파생 / 표준코드 K55223E89887 (KOFIA 전자공시 원본),MOEL_WRBA_RULE_ART10_1_2,근로자퇴직급여 보장법 시행규칙 제10조 제1항 제2호 (위험자산의 범위 및 운용기준 (DC 및 IRP 위험자산 투자한도 70%)),ED_WRBA_ART26_1_2,금융투자협회 전자공시(DIS) 표준 펀드유형 '특별자산' XML 대조 (시행규칙 제10조제1항제2호 한도 70%),특별자산집합투자기구 원문 확인. 한국투자증권 공시는 100%(실무 재량). 법적 기구 종류가 특별자산이므로 70% 적용. (증권사에 따라 안전자산으로 분류될 수 있음),2026-09-06,PASS (공식 검증 완료)
477490,KR7477490007,에셋플러스 글로벌일등기업포커스10액티브,에셋플러스자산운용,주식-해외,가능,70% (위험자산),Y,높음,협회공시대조,https://dis.kofia.or.kr/websquare/index.jsp?w2xPath=/wq/fundann/DISFundFeeCMS.xml&divisionId=MDIS01005001000000&serviceId=SDIS01005001000,data/regulatory/sources/kofia_evidence_extract_20260905.xml,E3,1way,에셋플러스에셋플러스글로벌일등기업포커스10액티브증권상장지수투자신탁(주식) / 펀드유형: 주식형 / 표준코드: K55364E79047 / 기준일: 20240315,MOEL_WRBA_RULE_ART10_1_2,근로자퇴직급여 보장법 시행규칙 제10조 제1항 제2호 (위험자산의 범위 및 운용기준 (DC 및 IRP 위험자산 투자한도 70%)),ED_WRBA_ART26_1_2,금융투자협회 전자공시서비스(DIS) 표준 펀드유형 '주식형' XML 전수 대조 (시행규칙 제10조제1항제2호 한도 70%),KOFIA 펀드유형: 주식형 (근로자퇴직급여 보장법 시행규칙 제10조 제1항 제2호: 주식형 집합투자증권 위험자산 70% 한도),2026-09-05,PASS (공식 검증 완료)
477730,KR7477730006,KODEX 인도타타그룹,삼성자산운용,주식-해외,가능,70% (위험자산),Y,높음,증권사·운용사교차검증,https://securities.koreainvestment.com/pension/nwEtcinfo/Notice.jsp?cmd=A_NW_33030View&num=47520,data/regulatory/sources/brokers/koreainvestment/ETF_REITs_LIST_RP_260831.xlsx,E4,3way,삼성자산운용 KODEX 공시 [477730 / KODEX 인도타타그룹 / ivPsbReti: 70%] & 한국투자증권 공시 [477730 / KODEX 인도타타그룹 / 위험자산한도: 0.7],MOEL_WRBA_RULE_ART10_1_2,근로자퇴직급여 보장법 시행규칙 제10조 제1항 제2호 (위험자산의 범위 및 운용기준 (DC 및 IRP 위험자산 투자한도 70%)),ED_WRBA_ART26_1_2,공식 출처 대조 (증권사·운용사교차검증),삼성자산운용 KODEX 연금투자 공시 [stkTicker: 477730 / ivPsbReti: 70%] 및 한국투자증권 공시 [단축코드: 477730 / 위험자산한도: 0.7] 100% 교차 일치,2026-09-06,PASS (공식 검증 완료)
478150,KR7478150006,TIME 글로벌우주테크&방산액티브,타임폴리오자산운용,주식-해외,가능,70% (위험자산),Y,높음,협회공시대조,https://dis.kofia.or.kr/websquare/index.jsp?w2xPath=/wq/fundann/DISFundFeeCMS.xml&divisionId=MDIS01005001000000&serviceId=SDIS01005001000,data/regulatory/sources/kofia_evidence_extract_20260905.xml,E3,1way,타임폴리오TIME글로벌우주테크&amp;방산액티브증권상장지수투자신탁(주식) / 펀드유형: 주식형 / 표준코드: K553J1E98415 / 기준일: 20240422,MOEL_WRBA_RULE_ART10_1_2,근로자퇴직급여 보장법 시행규칙 제10조 제1항 제2호 (위험자산의 범위 및 운용기준 (DC 및 IRP 위험자산 투자한도 70%)),ED_WRBA_ART26_1_2,금융투자협회 전자공시서비스(DIS) 표준 펀드유형 '주식형' XML 전수 대조 (시행규칙 제10조제1항제2호 한도 70%),KOFIA 펀드유형: 주식형 (근로자퇴직급여 보장법 시행규칙 제10조 제1항 제2호: 주식형 집합투자증권 위험자산 70% 한도),2026-09-05,PASS (공식 검증 완료)
479080,KR7479080004,1Q 머니마켓액티브,하나자산운용,금리·파킹,가능,100% (안전자산),Y,높음,협회공시대조,https://dis.kofia.or.kr/websquare/index.jsp?w2xPath=/wq/fundann/DISFundFeeCMS.xml&divisionId=MDIS01005001000000&serviceId=SDIS01005001000,data/regulatory/sources/kofia_evidence_extract_20260905.xml,E3,1way,하나1Q머니마켓액티브증권상장지수투자신탁[채권] / 펀드유형: 채권형 / 표준코드: K55102EA1314 / 기준일: 20240401,PSR_ART11_1_4,퇴직연금감독규정 제11조 제1항 제4호 (적립금 운용방법 등 (원리금보장 및 채권형 등 100% 안전자산)),,금융투자협회 전자공시서비스(DIS) 표준 펀드유형 '채권형' XML 전수 대조,KOFIA 펀드유형: 채권형 (퇴직연금감독규정 제11조 제1항 제4호: 원리금보장 및 채권형 안전자산 (100% 편입 가능)),2026-09-05,PASS (공식 검증 완료)
479520,KR7479520009,RISE KOFR금리액티브(합성),KB자산운용,금리·파킹,가능,100% (안전자산),Y,높음,증권사목록대조,https://securities.koreainvestment.com/pension/nwEtcinfo/Notice.jsp?cmd=A_NW_33030View&num=47520,data/regulatory/sources/brokers/koreainvestment/ETF_REITs_LIST_RP_260831.xlsx,E4,2way,한국투자증권 퇴직연금 ETF 상품 현황(2026-08-31 기준) / RISE KOFR금리액티브(합성) / 479520 / KB / 퇴직연금 투자한도 1,PSR_ART11_1_5,퇴직연금감독규정 제11조 제1항 제5호 (적립금 운용방법 등 (주식 50% 미만 채권혼합형 100% 안전자산)),PSR_ART9_1_2,판매사 퇴직연금 매매가능 유니버스 및 1배수 파생평가액 대조 (증권사목록대조),한국투자증권 퇴직연금 ETF 상품 현황(2026-08-31 기준) 위험자산한도 1 대조 및 규제엔진 2자 합치 일치,2026-09-06,PASS (공식 검증 완료)
479620,KR7479620007,SOL 미국AI반도체칩메이커,신한자산운용,주식-해외,가능,70% (위험자산),Y,높음,협회공시대조,https://dis.kofia.or.kr/websquare/index.jsp?w2xPath=/wq/fundann/DISFundFeeCMS.xml&divisionId=MDIS01005001000000&serviceId=SDIS01005001000,data/regulatory/sources/kofia_evidence_extract_20260905.xml,E3,1way,신한SOL미국AI반도체칩메이커증권상장지수투자신탁[주식] / 펀드유형: 주식형 / 표준코드: K55210E99222 / 기준일: 20240412,MOEL_WRBA_RULE_ART10_1_2,근로자퇴직급여 보장법 시행규칙 제10조 제1항 제2호 (위험자산의 범위 및 운용기준 (DC 및 IRP 위험자산 투자한도 70%)),ED_WRBA_ART26_1_2,금융투자협회 전자공시서비스(DIS) 표준 펀드유형 '주식형' XML 전수 대조 (시행규칙 제10조제1항제2호 한도 70%),KOFIA 펀드유형: 주식형 (근로자퇴직급여 보장법 시행규칙 제10조 제1항 제2호: 주식형 집합투자증권 위험자산 70% 한도),2026-09-05,PASS (공식 검증 완료)
479730,KR7479730004,TIGER 인도빌리언컨슈머,미래에셋자산운용,주식-해외,가능,70% (위험자산),Y,높음,증권사·운용사교차검증,https://dis.kofia.or.kr/websquare/index.jsp?w2xPath=/wq/fundann/DISFundFeeCMS.xml&divisionId=MDIS01005001000000&serviceId=SDIS01005001000,data/regulatory/sources/kofia_evidence_extract_20260905.xml,E3,3way,미래에셋TIGER인도빌리언컨슈머증권상장지수투자신탁(주식) / 펀드유형: 주식형 / 표준코드: K55301E98973 / 기준일: 20240513,MOEL_WRBA_RULE_ART10_1_2,근로자퇴직급여 보장법 시행규칙 제10조 제1항 제2호 (위험자산의 범위 및 운용기준 (DC 및 IRP 위험자산 투자한도 70%)),ED_WRBA_ART26_1_2,공식 출처 대조 (증권사·운용사교차검증),KOFIA 펀드유형: 주식형 (근로자퇴직급여 보장법 시행규칙 제10조 제1항 제2호: 주식형 집합투자증권 위험자산 70% 한도),2026-09-05,PASS (공식 검증 완료)
479850,KR7479850000,HANARO K-뷰티,NH-Amundi자산운용,주식-국내,가능,70% (위험자산),Y,높음,협회공시대조,https://dis.kofia.or.kr/websquare/index.jsp?w2xPath=/wq/fundann/DISFundFeeCMS.xml&divisionId=MDIS01005001000000&serviceId=SDIS01005001000,data/regulatory/sources/kofia_evidence_extract_20260905.xml,E3,1way,NH-AmundiHANAROK-뷰티증권상장지수투자신탁(주식) / 펀드유형: 주식형 / 표준코드: K55232E99861 / 기준일: 20240415,MOEL_WRBA_RULE_ART10_1_2,근로자퇴직급여 보장법 시행규칙 제10조 제1항 제2호 (위험자산의 범위 및 운용기준 (DC 및 IRP 위험자산 투자한도 70%)),ED_WRBA_ART26_1_2,금융투자협회 전자공시서비스(DIS) 표준 펀드유형 '주식형' XML 전수 대조 (시행규칙 제10조제1항제2호 한도 70%),KOFIA 펀드유형: 주식형 (근로자퇴직급여 보장법 시행규칙 제10조 제1항 제2호: 주식형 집합투자증권 위험자산 70% 한도),2026-09-05,PASS (공식 검증 완료)
480020,KR7480020007,ACE 미국빅테크7+데일리타겟커버드콜(합성),한국투자신탁운용,주식-해외,가능,70% (위험자산),Y,높음,증권사·운용사교차검증,https://securities.koreainvestment.com/pension/nwEtcinfo/Notice.jsp?cmd=A_NW_33030View&num=47520,data/regulatory/sources/brokers/koreainvestment/ETF_REITs_LIST_RP_260831.xlsx,E4,3way,한국투자증권 퇴직연금 ETF 상품 현황(2026-08-31 기준) / ACE 미국빅테크7+데일리타겟커버드콜(합성) / 480020 / 한국 / 퇴직연금 투자한도 0.7,MOEL_WRBA_RULE_ART10_1_2,근로자퇴직급여 보장법 시행규칙 제10조 제1항 제2호 (위험자산의 범위 및 운용기준 (DC 및 IRP 위험자산 투자한도 70%)),ED_WRBA_ART26_1_2,공식 출처 대조 (증권사·운용사교차검증),한국투자증권 퇴직연금 ETF 상품 현황(2026-08-31 기준) 위험자산한도 0.7 대조 및 규제엔진 2자 합치 일치,2026-09-06,PASS (공식 검증 완료)
480030,KR7480030006,ACE 미국500데일리타겟커버드콜(합성),한국투자신탁운용,주식-해외,가능,70% (위험자산),Y,높음,증권사·운용사교차검증,https://securities.koreainvestment.com/pension/nwEtcinfo/Notice.jsp?cmd=A_NW_33030View&num=47520,data/regulatory/sources/brokers/koreainvestment/ETF_REITs_LIST_RP_260831.xlsx,E4,3way,한국투자증권 퇴직연금 ETF 상품 현황(2026-08-31 기준) / ACE 미국500데일리타겟커버드콜(합성) / 480030 / 한국 / 퇴직연금 투자한도 0.7,MOEL_WRBA_RULE_ART10_1_2,근로자퇴직급여 보장법 시행규칙 제10조 제1항 제2호 (위험자산의 범위 및 운용기준 (DC 및 IRP 위험자산 투자한도 70%)),ED_WRBA_ART26_1_2,공식 출처 대조 (증권사·운용사교차검증),한국투자증권 퇴직연금 ETF 상품 현황(2026-08-31 기준) 위험자산한도 0.7 대조 및 규제엔진 2자 합치 일치,2026-09-06,PASS (공식 검증 완료)
480040,KR7480040005,ACE 미국반도체데일리타겟커버드콜(합성),한국투자신탁운용,주식-해외,가능,70% (위험자산),Y,높음,증권사·운용사교차검증,https://securities.koreainvestment.com/pension/nwEtcinfo/Notice.jsp?cmd=A_NW_33030View&num=47520,data/regulatory/sources/brokers/koreainvestment/ETF_REITs_LIST_RP_260831.xlsx,E4,3way,한국투자증권 퇴직연금 ETF 상품 현황(2026-08-31 기준) / ACE 미국반도체데일리타겟커버드콜(합성) / 480040 / 한국 / 퇴직연금 투자한도 0.7,MOEL_WRBA_RULE_ART10_1_2,근로자퇴직급여 보장법 시행규칙 제10조 제1항 제2호 (위험자산의 범위 및 운용기준 (DC 및 IRP 위험자산 투자한도 70%)),ED_WRBA_ART26_1_2,공식 출처 대조 (증권사·운용사교차검증),한국투자증권 퇴직연금 ETF 상품 현황(2026-08-31 기준) 위험자산한도 0.7 대조 및 규제엔진 2자 합치 일치,2026-09-06,PASS (공식 검증 완료)
480260,KR7480260009,TIGER 27-04회사채(A+이상)액티브,미래에셋자산운용,채권,가능,100% (안전자산),Y,높음,증권사·운용사교차검증,https://dis.kofia.or.kr/websquare/index.jsp?w2xPath=/wq/fundann/DISFundFeeCMS.xml&divisionId=MDIS01005001000000&serviceId=SDIS01005001000,data/regulatory/sources/kofia_evidence_extract_20260905.xml,E3,3way,미래에셋TIGER27-04회사채(A+이상)액티브증권상장지수투자신탁(채권) / 펀드유형: 채권형 / 표준코드: K55301E99955 / 기준일: 20240417,PSR_ART11_1_4,퇴직연금감독규정 제11조 제1항 제4호 (적립금 운용방법 등 (원리금보장 및 채권형 등 100% 안전자산)),,금융감독원 DART 투자설명서 대조 (증권사·운용사교차검증),KOFIA 펀드유형: 채권형 (퇴직연금감독규정 제11조 제1항 제4호: 원리금보장 및 채권형 안전자산 (100% 편입 가능)),2026-09-05,PASS (공식 검증 완료)
480310,KR7480310002,TIGER 글로벌온디바이스AI,미래에셋자산운용,주식-해외,가능,70% (위험자산),Y,높음,증권사·운용사교차검증,https://dis.kofia.or.kr/websquare/index.jsp?w2xPath=/wq/fundann/DISFundFeeCMS.xml&divisionId=MDIS01005001000000&serviceId=SDIS01005001000,data/regulatory/sources/kofia_evidence_extract_20260905.xml,E3,3way,미래에셋TIGER글로벌온디바이스AI증권상장지수투자신탁(주식) / 펀드유형: 주식형 / 표준코드: K55301E97694 / 기준일: 20240412,MOEL_WRBA_RULE_ART10_1_2,근로자퇴직급여 보장법 시행규칙 제10조 제1항 제2호 (위험자산의 범위 및 운용기준 (DC 및 IRP 위험자산 투자한도 70%)),ED_WRBA_ART26_1_2,공식 출처 대조 (증권사·운용사교차검증),KOFIA 펀드유형: 주식형 (근로자퇴직급여 보장법 시행규칙 제10조 제1항 제2호: 주식형 집합투자증권 위험자산 70% 한도),2026-09-05,PASS (공식 검증 완료)
480460,KR7480460005,WON 한국부동산TOP3플러스,우리에셋자산운용,리츠·인프라,가능,70% (위험자산),Y,높음,증권사목록대조,https://securities.koreainvestment.com/pension/nwEtcinfo/Notice.jsp?cmd=A_NW_33030View&num=47520,data/regulatory/sources/brokers/koreainvestment/ETF_REITs_LIST_RP_260831.xlsx,E4,2way,한국투자증권 퇴직연금 ETF 상품 현황(2026-08-31 기준) / WON 한국부동산TOP3플러스 / 480460 / 우리 / 퇴직연금 투자한도 0.7,ED_FSCMA_ART240_4,자본시장과 금융투자업에 관한 법률 시행령 제240조 (집합투자기구의 종류별 최소투자비율 등 (부동산/리츠 집합투자기구)),PSR_ART11_2,판매사 퇴직연금 매매가능 유니버스 및 상장리츠 규정 대조 (증권사목록대조),한국투자증권 퇴직연금 ETF 상품 현황(2026-08-31 기준) 위험자산한도 0.7 대조 및 규제엔진 2자 합치 일치,2026-09-06,PASS (공식 검증 완료)
481050,KR7481050003,KODEX CD1년금리플러스액티브(합성),삼성자산운용,금리·파킹,가능,100% (안전자산),Y,높음,증권사·운용사교차검증,https://securities.koreainvestment.com/pension/nwEtcinfo/Notice.jsp?cmd=A_NW_33030View&num=47520,data/regulatory/sources/brokers/koreainvestment/ETF_REITs_LIST_RP_260831.xlsx,E4,3way,한국투자증권 퇴직연금 ETF 상품 현황(2026-08-31 기준) / KODEX CD1년금리플러스액티브(합성) / 481050 / 삼성 / 퇴직연금 투자한도 1,PSR_ART11_1_5,퇴직연금감독규정 제11조 제1항 제5호 (적립금 운용방법 등 (주식 50% 미만 채권혼합형 100% 안전자산)),PSR_ART9_1_2,금융감독원 DART 투자설명서 1배수 파생평가액 한도 및 주식한도 대조 (증권사·운용사교차검증),한국투자증권 퇴직연금 ETF 상품 현황(2026-08-31 기준) 위험자산한도 1 대조 및 규제엔진(특별자산/외화금리/장외파생/자산배분 개정규칙) 2자 합치 일치,2026-09-06,PASS (공식 검증 완료)
481060,KR7481060002,KODEX 미국30년국채타겟커버드콜(합성 H),삼성자산운용,채권,가능,100% (안전자산),Y,높음,증권사·운용사교차검증,https://securities.koreainvestment.com/pension/nwEtcinfo/Notice.jsp?cmd=A_NW_33030View&num=47520,data/regulatory/sources/brokers/koreainvestment/ETF_REITs_LIST_RP_260831.xlsx,E4,3way,삼성자산운용 KODEX 공시 [481060 / KODEX 미국30년국채타겟커버드콜(합성 H) / ivPsbReti: 100%] & 한국투자증권 공시 [481060 / KODEX 미국30년국채타겟커버드콜(합성 H) / 위험자산한도: 1.0],PSR_ART11_1_5,퇴직연금감독규정 제11조 제1항 제5호 (적립금 운용방법 등 (주식 50% 미만 채권혼합형 100% 안전자산)),PSR_ART9_1_2,금융감독원 DART 투자설명서 1배수 파생평가액 한도 및 주식한도 대조 (증권사·운용사교차검증),삼성자산운용 KODEX 연금투자 공시 [stkTicker: 481060 / ivPsbReti: 100%] 및 한국투자증권 공시 [단축코드: 481060 / 위험자산한도: 1.0] 100% 교차 일치,2026-09-06,PASS (공식 검증 완료)
481180,KR7481180008,SOL 미국AI소프트웨어,신한자산운용,주식-해외,가능,70% (위험자산),Y,높음,협회공시대조,https://dis.kofia.or.kr/websquare/index.jsp?w2xPath=/wq/fundann/DISFundFeeCMS.xml&divisionId=MDIS01005001000000&serviceId=SDIS01005001000,data/regulatory/sources/kofia_evidence_extract_20260905.xml,E3,1way,신한SOL미국AI소프트웨어증권상장지수투자신탁[주식] / 펀드유형: 주식형 / 표준코드: K55210EA9985 / 기준일: 20240510,MOEL_WRBA_RULE_ART10_1_2,근로자퇴직급여 보장법 시행규칙 제10조 제1항 제2호 (위험자산의 범위 및 운용기준 (DC 및 IRP 위험자산 투자한도 70%)),ED_WRBA_ART26_1_2,금융투자협회 전자공시서비스(DIS) 표준 펀드유형 '주식형' XML 전수 대조 (시행규칙 제10조제1항제2호 한도 70%),KOFIA 펀드유형: 주식형 (근로자퇴직급여 보장법 시행규칙 제10조 제1항 제2호: 주식형 집합투자증권 위험자산 70% 한도),2026-09-05,PASS (공식 검증 완료)
481190,KR7481190007,SOL 미국테크TOP10,신한자산운용,주식-해외,가능,70% (위험자산),Y,높음,협회공시대조,https://dis.kofia.or.kr/websquare/index.jsp?w2xPath=/wq/fundann/DISFundFeeCMS.xml&divisionId=MDIS01005001000000&serviceId=SDIS01005001000,data/regulatory/sources/kofia_evidence_extract_20260905.xml,E3,1way,신한SOL미국테크TOP10증권상장지수투자신탁[주식] / 펀드유형: 주식형 / 표준코드: K55210EB0009 / 기준일: 20240517,MOEL_WRBA_RULE_ART10_1_2,근로자퇴직급여 보장법 시행규칙 제10조 제1항 제2호 (위험자산의 범위 및 운용기준 (DC 및 IRP 위험자산 투자한도 70%)),ED_WRBA_ART26_1_2,금융투자협회 전자공시서비스(DIS) 표준 펀드유형 '주식형' XML 전수 대조 (시행규칙 제10조제1항제2호 한도 70%),KOFIA 펀드유형: 주식형 (근로자퇴직급여 보장법 시행규칙 제10조 제1항 제2호: 주식형 집합투자증권 위험자산 70% 한도),2026-09-05,PASS (공식 검증 완료)
481340,KR7481340008,RISE 미국30년국채액티브,KB자산운용,채권,가능,100% (안전자산),Y,높음,협회공시대조,https://dis.kofia.or.kr/websquare/index.jsp?w2xPath=/wq/fundann/DISFundFeeCMS.xml&divisionId=MDIS01005001000000&serviceId=SDIS01005001000,data/regulatory/sources/kofia_evidence_extract_20260905.xml,E3,1way,KBRISE미국30년국채액티브증권상장지수투자신탁(채권) / 펀드유형: 채권형 / 표준코드: K55223EB1457 / 기준일: 20240524,PSR_ART11_1_4,퇴직연금감독규정 제11조 제1항 제4호 (적립금 운용방법 등 (원리금보장 및 채권형 등 100% 안전자산)),,금융투자협회 전자공시서비스(DIS) 표준 펀드유형 '채권형' XML 전수 대조,KOFIA 펀드유형: 채권형 (퇴직연금감독규정 제11조 제1항 제4호: 원리금보장 및 채권형 안전자산 (100% 편입 가능)),2026-09-05,PASS (공식 검증 완료)
481430,KR7481430007,RISE 국고채10년액티브,KB자산운용,채권,가능,100% (안전자산),Y,높음,협회공시대조,https://dis.kofia.or.kr/websquare/index.jsp?w2xPath=/wq/fundann/DISFundFeeCMS.xml&divisionId=MDIS01005001000000&serviceId=SDIS01005001000,data/regulatory/sources/kofia_evidence_extract_20260905.xml,E3,1way,KBRISE국고채10년액티브증권상장지수투자신탁(채권) / 펀드유형: 채권형 / 표준코드: K55223EB1440 / 기준일: 20240520,PSR_ART11_1_4,퇴직연금감독규정 제11조 제1항 제4호 (적립금 운용방법 등 (원리금보장 및 채권형 등 100% 안전자산)),,금융투자협회 전자공시서비스(DIS) 표준 펀드유형 '채권형' XML 전수 대조,KOFIA 펀드유형: 채권형 (퇴직연금감독규정 제11조 제1항 제4호: 원리금보장 및 채권형 안전자산 (100% 편입 가능)),2026-09-05,PASS (공식 검증 완료)
482030,KR7482030004,KoAct 반도체&2차전지핵심소재액티브,기타,주식-국내,가능,70% (위험자산),Y,높음,협회공시대조,https://dis.kofia.or.kr/websquare/index.jsp?w2xPath=/wq/fundann/DISFundFeeCMS.xml&divisionId=MDIS01005001000000&serviceId=SDIS01005001000,data/regulatory/sources/kofia_evidence_extract_20260905.xml,E3,1way,삼성액티브KoAct반도체&amp;2차전지핵심소재액티브상장지수투자신탁[주식] / 펀드유형: 주식형 / 표준코드: K553N9E96812 / 기준일: 20240513,MOEL_WRBA_RULE_ART10_1_2,근로자퇴직급여 보장법 시행규칙 제10조 제1항 제2호 (위험자산의 범위 및 운용기준 (DC 및 IRP 위험자산 투자한도 70%)),ED_WRBA_ART26_1_2,금융투자협회 전자공시서비스(DIS) 표준 펀드유형 '주식형' XML 전수 대조 (시행규칙 제10조제1항제2호 한도 70%),KOFIA 펀드유형: 주식형 (근로자퇴직급여 보장법 시행규칙 제10조 제1항 제2호: 주식형 집합투자증권 위험자산 70% 한도),2026-09-05,PASS (공식 검증 완료)
482730,KR7482730009,TIGER 미국S&P500타겟데일리커버드콜,미래에셋자산운용,주식-해외,가능,70% (위험자산),Y,높음,증권사·운용사교차검증,https://dis.kofia.or.kr/websquare/index.jsp?w2xPath=/wq/fundann/DISFundFeeCMS.xml&divisionId=MDIS01005001000000&serviceId=SDIS01005001000,data/regulatory/sources/kofia_evidence_extract_20260905.xml,E3,3way,미래에셋TIGER미국S&amp;P500타겟데일리커버드콜증권상장지수투자신탁(주식) / 펀드유형: 주식형 / 표준코드: K55301EB0231 / 기준일: 20240520,MOEL_WRBA_RULE_ART10_1_2,근로자퇴직급여 보장법 시행규칙 제10조 제1항 제2호 (위험자산의 범위 및 운용기준 (DC 및 IRP 위험자산 투자한도 70%)),ED_WRBA_ART26_1_2,공식 출처 대조 (증권사·운용사교차검증),KOFIA 펀드유형: 주식형 (근로자퇴직급여 보장법 시행규칙 제10조 제1항 제2호: 주식형 집합투자증권 위험자산 70% 한도),2026-09-05,PASS (공식 검증 완료)
483020,KR7483020004,KIWOOM 의료AI,키움투자자산운용,주식-국내,가능,70% (위험자산),Y,높음,협회공시대조,https://dis.kofia.or.kr/websquare/index.jsp?w2xPath=/wq/fundann/DISFundFeeCMS.xml&divisionId=MDIS01005001000000&serviceId=SDIS01005001000,data/regulatory/sources/kofia_evidence_extract_20260905.xml,E3,1way,키움KIWOOM의료AI증권상장지수투자신탁[주식] / 펀드유형: 주식형 / 표준코드: K55206EB5608 / 기준일: 20240527,MOEL_WRBA_RULE_ART10_1_2,근로자퇴직급여 보장법 시행규칙 제10조 제1항 제2호 (위험자산의 범위 및 운용기준 (DC 및 IRP 위험자산 투자한도 70%)),ED_WRBA_ART26_1_2,금융투자협회 전자공시서비스(DIS) 표준 펀드유형 '주식형' XML 전수 대조 (시행규칙 제10조제1항제2호 한도 70%),KOFIA 펀드유형: 주식형 (근로자퇴직급여 보장법 시행규칙 제10조 제1항 제2호: 주식형 집합투자증권 위험자산 70% 한도),2026-09-05,PASS (공식 검증 완료)
483030,KR7483030003,KIWOOM 미국블록버스터바이오테크의약품+,키움투자자산운용,주식-해외,가능,70% (위험자산),Y,높음,협회공시대조,https://dis.kofia.or.kr/websquare/index.jsp?w2xPath=/wq/fundann/DISFundFeeCMS.xml&divisionId=MDIS01005001000000&serviceId=SDIS01005001000,data/regulatory/sources/kofia_evidence_extract_20260905.xml,E3,1way,키움KIWOOM미국블록버스터바이오테크의약품+증권상장지수투자신탁[주식] / 펀드유형: 주식형 / 표준코드: K55206EB3249 / 기준일: 20240524,MOEL_WRBA_RULE_ART10_1_2,근로자퇴직급여 보장법 시행규칙 제10조 제1항 제2호 (위험자산의 범위 및 운용기준 (DC 및 IRP 위험자산 투자한도 70%)),ED_WRBA_ART26_1_2,금융투자협회 전자공시서비스(DIS) 표준 펀드유형 '주식형' XML 전수 대조 (시행규칙 제10조제1항제2호 한도 70%),KOFIA 펀드유형: 주식형 (근로자퇴직급여 보장법 시행규칙 제10조 제1항 제2호: 주식형 집합투자증권 위험자산 70% 한도),2026-09-05,PASS (공식 검증 완료)
483280,KR7483280004,KODEX 미국AI테크TOP10타겟커버드콜,삼성자산운용,주식-해외,가능,70% (위험자산),Y,높음,증권사·운용사교차검증,https://securities.koreainvestment.com/pension/nwEtcinfo/Notice.jsp?cmd=A_NW_33030View&num=47520,data/regulatory/sources/brokers/koreainvestment/ETF_REITs_LIST_RP_260831.xlsx,E4,3way,삼성자산운용 KODEX 공시 [483280 / KODEX 미국AI테크TOP10타겟커버드콜 / ivPsbReti: 70%] & 한국투자증권 공시 [483280 / KODEX 미국AI테크TOP10타겟커버드콜 / 위험자산한도: 0.7],MOEL_WRBA_RULE_ART10_1_2,근로자퇴직급여 보장법 시행규칙 제10조 제1항 제2호 (위험자산의 범위 및 운용기준 (DC 및 IRP 위험자산 투자한도 70%)),ED_WRBA_ART26_1_2,공식 출처 대조 (증권사·운용사교차검증),삼성자산운용 KODEX 연금투자 공시 [stkTicker: 483280 / ivPsbReti: 70%] 및 한국투자증권 공시 [단축코드: 483280 / 위험자산한도: 0.7] 100% 교차 일치,2026-09-06,PASS (공식 검증 완료)
483290,KR7483290003,KODEX 미국배당다우존스타겟커버드콜,삼성자산운용,주식-해외,가능,70% (위험자산),Y,높음,증권사·운용사교차검증,https://securities.koreainvestment.com/pension/nwEtcinfo/Notice.jsp?cmd=A_NW_33030View&num=47520,data/regulatory/sources/brokers/koreainvestment/ETF_REITs_LIST_RP_260831.xlsx,E4,3way,삼성자산운용 KODEX 공시 [483290 / KODEX 미국배당다우존스타겟커버드콜 / ivPsbReti: 70%] & 한국투자증권 공시 [483290 / KODEX 미국배당다우존스타겟커버드콜 / 위험자산한도: 0.7],MOEL_WRBA_RULE_ART10_1_2,근로자퇴직급여 보장법 시행규칙 제10조 제1항 제2호 (위험자산의 범위 및 운용기준 (DC 및 IRP 위험자산 투자한도 70%)),ED_WRBA_ART26_1_2,공식 출처 대조 (증권사·운용사교차검증),삼성자산운용 KODEX 연금투자 공시 [stkTicker: 483290 / ivPsbReti: 70%] 및 한국투자증권 공시 [단축코드: 483290 / 위험자산한도: 0.7] 100% 교차 일치,2026-09-06,PASS (공식 검증 완료)
483320,KR7483320008,ACE 엔비디아밸류체인액티브,한국투자신탁운용,주식-해외,가능,70% (위험자산),Y,높음,증권사·운용사교차검증,https://dis.kofia.or.kr/websquare/index.jsp?w2xPath=/wq/fundann/DISFundFeeCMS.xml&divisionId=MDIS01005001000000&serviceId=SDIS01005001000,data/regulatory/sources/kofia_evidence_extract_20260905.xml,E3,3way,한국투자ACE엔비디아밸류체인액티브증권상장지수투자신탁(주식) / 펀드유형: 주식형 / 표준코드: K55101EB6172 / 기준일: 20240610,MOEL_WRBA_RULE_ART10_1_2,근로자퇴직급여 보장법 시행규칙 제10조 제1항 제2호 (위험자산의 범위 및 운용기준 (DC 및 IRP 위험자산 투자한도 70%)),ED_WRBA_ART26_1_2,공식 출처 대조 (증권사·운용사교차검증),KOFIA 펀드유형: 주식형 (근로자퇴직급여 보장법 시행규칙 제10조 제1항 제2호: 주식형 집합투자증권 위험자산 70% 한도),2026-09-05,PASS (공식 검증 완료)
483330,KR7483330007,ACE 마이크로소프트밸류체인액티브,한국투자신탁운용,주식-해외,가능,70% (위험자산),Y,높음,증권사·운용사교차검증,https://dis.kofia.or.kr/websquare/index.jsp?w2xPath=/wq/fundann/DISFundFeeCMS.xml&divisionId=MDIS01005001000000&serviceId=SDIS01005001000,data/regulatory/sources/kofia_evidence_extract_20260905.xml,E3,3way,한국투자ACE마이크로소프트밸류체인액티브증권상장지수투자신탁(주식) / 펀드유형: 주식형 / 표준코드: K55101EB6081 / 기준일: 20240610,MOEL_WRBA_RULE_ART10_1_2,근로자퇴직급여 보장법 시행규칙 제10조 제1항 제2호 (위험자산의 범위 및 운용기준 (DC 및 IRP 위험자산 투자한도 70%)),ED_WRBA_ART26_1_2,공식 출처 대조 (증권사·운용사교차검증),KOFIA 펀드유형: 주식형 (근로자퇴직급여 보장법 시행규칙 제10조 제1항 제2호: 주식형 집합투자증권 위험자산 70% 한도),2026-09-05,PASS (공식 검증 완료)
483340,KR7483340006,ACE 구글밸류체인액티브,한국투자신탁운용,주식-해외,가능,70% (위험자산),Y,높음,증권사·운용사교차검증,https://dis.kofia.or.kr/websquare/index.jsp?w2xPath=/wq/fundann/DISFundFeeCMS.xml&divisionId=MDIS01005001000000&serviceId=SDIS01005001000,data/regulatory/sources/kofia_evidence_extract_20260905.xml,E3,3way,한국투자ACE구글밸류체인액티브증권상장지수투자신탁(주식) / 펀드유형: 주식형 / 표준코드: K55101EB6099 / 기준일: 20240610,MOEL_WRBA_RULE_ART10_1_2,근로자퇴직급여 보장법 시행규칙 제10조 제1항 제2호 (위험자산의 범위 및 운용기준 (DC 및 IRP 위험자산 투자한도 70%)),ED_WRBA_ART26_1_2,공식 출처 대조 (증권사·운용사교차검증),KOFIA 펀드유형: 주식형 (근로자퇴직급여 보장법 시행규칙 제10조 제1항 제2호: 주식형 집합투자증권 위험자산 70% 한도),2026-09-05,PASS (공식 검증 완료)
483570,KR7483570008,KCGI 미국S&P500 TOP10,기타,주식-해외,가능,70% (위험자산),Y,높음,협회공시대조,https://dis.kofia.or.kr/websquare/index.jsp?w2xPath=/wq/fundann/DISFundFeeCMS.xml&divisionId=MDIS01005001000000&serviceId=SDIS01005001000,data/regulatory/sources/kofia_evidence_extract_20260905.xml,E3,1way,케이씨지아이KCGI미국S&amp;P500TOP10증권상장지수투자신탁[주식] / 펀드유형: 주식형 / 표준코드: K55365EB1596 / 기준일: 20240524,MOEL_WRBA_RULE_ART10_1_2,근로자퇴직급여 보장법 시행규칙 제10조 제1항 제2호 (위험자산의 범위 및 운용기준 (DC 및 IRP 위험자산 투자한도 70%)),ED_WRBA_ART26_1_2,금융투자협회 전자공시서비스(DIS) 표준 펀드유형 '주식형' XML 전수 대조 (시행규칙 제10조제1항제2호 한도 70%),KOFIA 펀드유형: 주식형 (근로자퇴직급여 보장법 시행규칙 제10조 제1항 제2호: 주식형 집합투자증권 위험자산 70% 한도),2026-09-05,PASS (공식 검증 완료)
484790,KR7484790001,KODEX 미국30년국채액티브(H),삼성자산운용,채권,가능,100% (안전자산),Y,높음,증권사·운용사교차검증,https://securities.koreainvestment.com/pension/nwEtcinfo/Notice.jsp?cmd=A_NW_33030View&num=47520,data/regulatory/sources/brokers/koreainvestment/ETF_REITs_LIST_RP_260831.xlsx,E4,3way,삼성자산운용 KODEX 공시 [484790 / KODEX 미국30년국채액티브(H) / ivPsbReti: 100%] & 한국투자증권 공시 [484790 / KODEX 미국30년국채액티브(H) / 위험자산한도: 1.0],PSR_ART11_1_4,퇴직연금감독규정 제11조 제1항 제4호 (적립금 운용방법 등 (원리금보장 및 채권형 등 100% 안전자산)),,금융감독원 DART 투자설명서 대조 (증권사·운용사교차검증),삼성자산운용 KODEX 연금투자 공시 [stkTicker: 484790 / ivPsbReti: 100%] 및 한국투자증권 공시 [단축코드: 484790 / 위험자산한도: 1.0] 100% 교차 일치,2026-09-06,PASS (공식 검증 완료)
484880,KR7484880000,SOL 금융지주플러스고배당,신한자산운용,주식-국내,가능,70% (위험자산),Y,높음,협회공시대조,https://dis.kofia.or.kr/websquare/index.jsp?w2xPath=/wq/fundann/DISFundFeeCMS.xml&divisionId=MDIS01005001000000&serviceId=SDIS01005001000,data/regulatory/sources/kofia_evidence_extract_20260905.xml,E3,1way,신한SOL금융지주플러스고배당증권상장지수투자신탁[주식] / 펀드유형: 주식형 / 표준코드: K55210EB4720 / 기준일: 20240624,MOEL_WRBA_RULE_ART10_1_2,근로자퇴직급여 보장법 시행규칙 제10조 제1항 제2호 (위험자산의 범위 및 운용기준 (DC 및 IRP 위험자산 투자한도 70%)),ED_WRBA_ART26_1_2,금융투자협회 전자공시서비스(DIS) 표준 펀드유형 '주식형' XML 전수 대조 (시행규칙 제10조제1항제2호 한도 70%),KOFIA 펀드유형: 주식형 (근로자퇴직급여 보장법 시행규칙 제10조 제1항 제2호: 주식형 집합투자증권 위험자산 70% 한도),2026-09-05,PASS (공식 검증 완료)
484890,KR7484890009,SOL 머니마켓액티브,신한자산운용,금리·파킹,가능,100% (안전자산),Y,높음,협회공시대조,https://dis.kofia.or.kr/websquare/index.jsp?w2xPath=/wq/fundann/DISFundFeeCMS.xml&divisionId=MDIS01005001000000&serviceId=SDIS01005001000,data/regulatory/sources/kofia_evidence_extract_20260905.xml,E3,1way,신한SOL머니마켓액티브증권상장지수투자신탁[채권] / 펀드유형: 채권형 / 표준코드: K55210EB3979 / 기준일: 20240624,PSR_ART11_1_4,퇴직연금감독규정 제11조 제1항 제4호 (적립금 운용방법 등 (원리금보장 및 채권형 등 100% 안전자산)),,금융투자협회 전자공시서비스(DIS) 표준 펀드유형 '채권형' XML 전수 대조,KOFIA 펀드유형: 채권형 (퇴직연금감독규정 제11조 제1항 제4호: 원리금보장 및 채권형 안전자산 (100% 편입 가능)),2026-09-05,PASS (공식 검증 완료)
485540,KR7485540009,KODEX 미국AI테크TOP10,삼성자산운용,주식-해외,가능,70% (위험자산),Y,높음,증권사·운용사교차검증,https://dis.kofia.or.kr/websquare/index.jsp?w2xPath=/wq/fundann/DISFundFeeCMS.xml&divisionId=MDIS01005001000000&serviceId=SDIS01005001000,data/regulatory/sources/kofia_evidence_extract_20260905.xml,E3,3way,삼성KODEX미국AI테크TOP10증권상장지수투자신탁[주식] / 펀드유형: 주식형 / 표준코드: K55105EB3902 / 기준일: 20240621,MOEL_WRBA_RULE_ART10_1_2,근로자퇴직급여 보장법 시행규칙 제10조 제1항 제2호 (위험자산의 범위 및 운용기준 (DC 및 IRP 위험자산 투자한도 70%)),ED_WRBA_ART26_1_2,공식 출처 대조 (증권사·운용사교차검증),KOFIA 펀드유형: 주식형 (근로자퇴직급여 보장법 시행규칙 제10조 제1항 제2호: 주식형 집합투자증권 위험자산 70% 한도),2026-09-05,PASS (공식 검증 완료)
485690,KR7485690002,RISE 미국AI밸류체인TOP3Plus,KB자산운용,주식-해외,가능,70% (위험자산),Y,높음,증권사·운용사교차검증,https://dis.kofia.or.kr/websquare/index.jsp?w2xPath=/wq/fundann/DISFundFeeCMS.xml&divisionId=MDIS01005001000000&serviceId=SDIS01005001000,data/regulatory/sources/kofia_evidence_extract_20260905.xml,E3,3way,KBRISE미국AI밸류체인TOP3Plus증권상장지수투자신탁(주식) / 펀드유형: 주식형 / 표준코드: K55223EB6860 / 기준일: 20240719,MOEL_WRBA_RULE_ART10_1_2,근로자퇴직급여 보장법 시행규칙 제10조 제1항 제2호 (위험자산의 범위 및 운용기준 (DC 및 IRP 위험자산 투자한도 70%)),ED_WRBA_ART26_1_2,공식 출처 대조 (증권사·운용사교차검증),KOFIA 펀드유형: 주식형 (근로자퇴직급여 보장법 시행규칙 제10조 제1항 제2호: 주식형 집합투자증권 위험자산 70% 한도),2026-09-05,PASS (공식 검증 완료)
485810,KR7485810006,TIME 글로벌바이오액티브,타임폴리오자산운용,주식-해외,가능,70% (위험자산),Y,높음,협회공시대조,https://dis.kofia.or.kr/websquare/index.jsp?w2xPath=/wq/fundann/DISFundFeeCMS.xml&divisionId=MDIS01005001000000&serviceId=SDIS01005001000,data/regulatory/sources/kofia_evidence_extract_20260905.xml,E3,1way,타임폴리오TIME글로벌바이오액티브증권상장지수투자신탁[주식] / 펀드유형: 주식형 / 표준코드: K553J1EB9138 / 기준일: 20240701,MOEL_WRBA_RULE_ART10_1_2,근로자퇴직급여 보장법 시행규칙 제10조 제1항 제2호 (위험자산의 범위 및 운용기준 (DC 및 IRP 위험자산 투자한도 70%)),ED_WRBA_ART26_1_2,금융투자협회 전자공시서비스(DIS) 표준 펀드유형 '주식형' XML 전수 대조 (시행규칙 제10조제1항제2호 한도 70%),KOFIA 펀드유형: 주식형 (근로자퇴직급여 보장법 시행규칙 제10조 제1항 제2호: 주식형 집합투자증권 위험자산 70% 한도),2026-09-05,PASS (공식 검증 완료)
486240,KR7486240005,DAISHIN AI반도체&인프라액티브,대신자산운용,리츠·인프라,가능,70% (위험자산),Y,높음,협회공시대조,https://dis.kofia.or.kr/websquare/index.jsp?w2xPath=/wq/fundann/DISFundFeeCMS.xml&divisionId=MDIS01005001000000&serviceId=SDIS01005001000,data/regulatory/sources/kofia_evidence_extract_20260905.xml,E3,1way,대신DAISHINAI반도체&amp;인프라액티브증권상장지수투자신탁[주식] / 펀드유형: 주식형 / 표준코드: K55203EA9349 / 기준일: 20240617,MOEL_WRBA_RULE_ART10_1_2,근로자퇴직급여 보장법 시행규칙 제10조 제1항 제2호 (위험자산의 범위 및 운용기준 (DC 및 IRP 위험자산 투자한도 70%)),ED_WRBA_ART26_1_2,금융투자협회 전자공시서비스(DIS) 표준 펀드유형 '주식형' XML 전수 대조 (시행규칙 제10조제1항제2호 한도 70%),KOFIA 펀드유형: 주식형 (근로자퇴직급여 보장법 시행규칙 제10조 제1항 제2호: 주식형 집합투자증권 위험자산 70% 한도),2026-09-05,PASS (공식 검증 완료)
486290,KR7486290000,TIGER 미국나스닥100타겟데일리커버드콜,미래에셋자산운용,주식-해외,가능,70% (위험자산),Y,높음,증권사·운용사교차검증,https://dis.kofia.or.kr/websquare/index.jsp?w2xPath=/wq/fundann/DISFundFeeCMS.xml&divisionId=MDIS01005001000000&serviceId=SDIS01005001000,data/regulatory/sources/kofia_evidence_extract_20260905.xml,E3,3way,미래에셋TIGER미국나스닥100타겟데일리커버드콜증권상장지수투자신탁(주식) / 펀드유형: 주식형 / 표준코드: K55301EB5578 / 기준일: 20240621,MOEL_WRBA_RULE_ART10_1_2,근로자퇴직급여 보장법 시행규칙 제10조 제1항 제2호 (위험자산의 범위 및 운용기준 (DC 및 IRP 위험자산 투자한도 70%)),ED_WRBA_ART26_1_2,공식 출처 대조 (증권사·운용사교차검증),KOFIA 펀드유형: 주식형 (근로자퇴직급여 보장법 시행규칙 제10조 제1항 제2호: 주식형 집합투자증권 위험자산 70% 한도),2026-09-05,PASS (공식 검증 완료)
486450,KR7486450000,SOL 미국AI전력인프라,신한자산운용,리츠·인프라,가능,70% (위험자산),Y,높음,협회공시대조,https://dis.kofia.or.kr/websquare/index.jsp?w2xPath=/wq/fundann/DISFundFeeCMS.xml&divisionId=MDIS01005001000000&serviceId=SDIS01005001000,data/regulatory/sources/kofia_evidence_extract_20260905.xml,E3,1way,신한SOL미국AI전력인프라증권상장지수투자신탁[주식] / 펀드유형: 주식형 / 표준코드: K55210EC2509 / 기준일: 20240712,MOEL_WRBA_RULE_ART10_1_2,근로자퇴직급여 보장법 시행규칙 제10조 제1항 제2호 (위험자산의 범위 및 운용기준 (DC 및 IRP 위험자산 투자한도 70%)),ED_WRBA_ART26_1_2,금융투자협회 전자공시서비스(DIS) 표준 펀드유형 '주식형' XML 전수 대조 (시행규칙 제10조제1항제2호 한도 70%),KOFIA 펀드유형: 주식형 (근로자퇴직급여 보장법 시행규칙 제10조 제1항 제2호: 주식형 집합투자증권 위험자산 70% 한도),2026-09-05,PASS (공식 검증 완료)
486830,KR7486830003,HANARO 머니마켓액티브,NH-Amundi자산운용,금리·파킹,가능,100% (안전자산),Y,높음,협회공시대조,https://dis.kofia.or.kr/websquare/index.jsp?w2xPath=/wq/fundann/DISFundFeeCMS.xml&divisionId=MDIS01005001000000&serviceId=SDIS01005001000,data/regulatory/sources/kofia_evidence_extract_20260905.xml,E3,1way,NH-AmundiHANARO머니마켓액티브증권상장지수투자신탁(채권) / 펀드유형: 채권형 / 표준코드: K55232EC9151 / 기준일: 20240715,PSR_ART11_1_4,퇴직연금감독규정 제11조 제1항 제4호 (적립금 운용방법 등 (원리금보장 및 채권형 등 100% 안전자산)),,금융투자협회 전자공시서비스(DIS) 표준 펀드유형 '채권형' XML 전수 대조,KOFIA 펀드유형: 채권형 (퇴직연금감독규정 제11조 제1항 제4호: 원리금보장 및 채권형 안전자산 (100% 편입 가능)),2026-09-05,PASS (공식 검증 완료)
487130,KR7487130007,KoAct AI인프라액티브,기타,리츠·인프라,가능,70% (위험자산),Y,높음,협회공시대조,https://dis.kofia.or.kr/websquare/index.jsp?w2xPath=/wq/fundann/DISFundFeeCMS.xml&divisionId=MDIS01005001000000&serviceId=SDIS01005001000,data/regulatory/sources/kofia_evidence_extract_20260905.xml,E3,1way,삼성액티브KoActAI인프라액티브증권상장지수투자신탁[주식] / 펀드유형: 주식형 / 표준코드: K553N9EC3266 / 기준일: 20240708,MOEL_WRBA_RULE_ART10_1_2,근로자퇴직급여 보장법 시행규칙 제10조 제1항 제2호 (위험자산의 범위 및 운용기준 (DC 및 IRP 위험자산 투자한도 70%)),ED_WRBA_ART26_1_2,금융투자협회 전자공시서비스(DIS) 표준 펀드유형 '주식형' XML 전수 대조 (시행규칙 제10조제1항제2호 한도 70%),KOFIA 펀드유형: 주식형 (근로자퇴직급여 보장법 시행규칙 제10조 제1항 제2호: 주식형 집합투자증권 위험자산 70% 한도),2026-09-05,PASS (공식 검증 완료)
487230,KR7487230005,KODEX 미국AI전력핵심인프라,삼성자산운용,리츠·인프라,가능,70% (위험자산),Y,높음,증권사·운용사교차검증,https://dis.kofia.or.kr/websquare/index.jsp?w2xPath=/wq/fundann/DISFundFeeCMS.xml&divisionId=MDIS01005001000000&serviceId=SDIS01005001000,data/regulatory/sources/kofia_evidence_extract_20260905.xml,E3,3way,삼성KODEX미국AI전력핵심인프라증권상장지수투자신탁[주식] / 펀드유형: 주식형 / 표준코드: K55105EC0527 / 기준일: 20240705,ED_FSCMA_ART240_4,자본시장과 금융투자업에 관한 법률 시행령 제240조 (집합투자기구의 종류별 최소투자비율 등 (부동산/리츠 집합투자기구)),PSR_ART11_2,공식 출처 대조 (증권사·운용사교차검증),KOFIA 펀드유형: 주식형 (근로자퇴직급여 보장법 시행규칙 제10조 제1항 제2호: 주식형 집합투자증권 위험자산 70% 한도),2026-09-05,PASS (공식 검증 완료)
487240,KR7487240004,KODEX AI전력핵심설비,삼성자산운용,주식-국내,가능,70% (위험자산),Y,높음,증권사·운용사교차검증,https://dis.kofia.or.kr/websquare/index.jsp?w2xPath=/wq/fundann/DISFundFeeCMS.xml&divisionId=MDIS01005001000000&serviceId=SDIS01005001000,data/regulatory/sources/kofia_evidence_extract_20260905.xml,E3,3way,삼성KODEXAI전력핵심설비증권상장지수투자신탁[주식] / 펀드유형: 주식형 / 표준코드: K55105EC1749 / 기준일: 20240708,MOEL_WRBA_RULE_ART10_1_2,근로자퇴직급여 보장법 시행규칙 제10조 제1항 제2호 (위험자산의 범위 및 운용기준 (DC 및 IRP 위험자산 투자한도 70%)),ED_WRBA_ART26_1_2,공식 출처 대조 (증권사·운용사교차검증),KOFIA 펀드유형: 주식형 (근로자퇴직급여 보장법 시행규칙 제10조 제1항 제2호: 주식형 집합투자증권 위험자산 70% 한도),2026-09-05,PASS (공식 검증 완료)
487340,KR7487340002,ACE 머니마켓액티브,한국투자신탁운용,금리·파킹,가능,100% (안전자산),Y,높음,증권사·운용사교차검증,https://dis.kofia.or.kr/websquare/index.jsp?w2xPath=/wq/fundann/DISFundFeeCMS.xml&divisionId=MDIS01005001000000&serviceId=SDIS01005001000,data/regulatory/sources/kofia_evidence_extract_20260905.xml,E3,3way,한국투자ACE머니마켓액티브증권상장지수투자신탁(채권) / 펀드유형: 채권형 / 표준코드: K55101EC8482 / 기준일: 20240705,PSR_ART11_1_5,퇴직연금감독규정 제11조 제1항 제5호 (적립금 운용방법 등 (주식 50% 미만 채권혼합형 100% 안전자산)),PSR_ART9_1_2,금융감독원 DART 투자설명서 1배수 파생평가액 한도 및 주식한도 대조 (증권사·운용사교차검증),KOFIA 펀드유형: 채권형 (퇴직연금감독규정 제11조 제1항 제4호: 원리금보장 및 채권형 안전자산 (100% 편입 가능)),2026-09-05,PASS (공식 검증 완료)
487750,KR7487750002,BNK 온디바이스AI,BNK자산운용,주식-국내,가능,70% (위험자산),Y,높음,협회공시대조,https://dis.kofia.or.kr/websquare/index.jsp?w2xPath=/wq/fundann/DISFundFeeCMS.xml&divisionId=MDIS01005001000000&serviceId=SDIS01005001000,data/regulatory/sources/kofia_evidence_extract_20260905.xml,E3,1way,BNKBNK온디바이스AI증권상장지수투자신탁(주식) / 펀드유형: 주식형 / 표준코드: K55240EC9136 / 기준일: 20240722,MOEL_WRBA_RULE_ART10_1_2,근로자퇴직급여 보장법 시행규칙 제10조 제1항 제2호 (위험자산의 범위 및 운용기준 (DC 및 IRP 위험자산 투자한도 70%)),ED_WRBA_ART26_1_2,금융투자협회 전자공시서비스(DIS) 표준 펀드유형 '주식형' XML 전수 대조 (시행규칙 제10조제1항제2호 한도 70%),KOFIA 펀드유형: 주식형 (근로자퇴직급여 보장법 시행규칙 제10조 제1항 제2호: 주식형 집합투자증권 위험자산 70% 한도),2026-09-05,PASS (공식 검증 완료)
487910,KR7487910002,ACE 인도컨슈머파워액티브,한국투자신탁운용,주식-해외,가능,70% (위험자산),Y,높음,증권사·운용사교차검증,https://dis.kofia.or.kr/websquare/index.jsp?w2xPath=/wq/fundann/DISFundFeeCMS.xml&divisionId=MDIS01005001000000&serviceId=SDIS01005001000,data/regulatory/sources/kofia_evidence_extract_20260905.xml,E3,3way,한국투자ACE인도컨슈머파워액티브증권상장지수투자신탁(주식) / 펀드유형: 주식형 / 표준코드: K55101EB6453 / 기준일: 20240906,MOEL_WRBA_RULE_ART10_1_2,근로자퇴직급여 보장법 시행규칙 제10조 제1항 제2호 (위험자산의 범위 및 운용기준 (DC 및 IRP 위험자산 투자한도 70%)),ED_WRBA_ART26_1_2,공식 출처 대조 (증권사·운용사교차검증),KOFIA 펀드유형: 주식형 (근로자퇴직급여 보장법 시행규칙 제10조 제1항 제2호: 주식형 집합투자증권 위험자산 70% 한도),2026-09-05,PASS (공식 검증 완료)
487920,KR7487920001,ACE 인도시장대표BIG5그룹액티브,한국투자신탁운용,주식-해외,가능,70% (위험자산),Y,높음,증권사·운용사교차검증,https://dis.kofia.or.kr/websquare/index.jsp?w2xPath=/wq/fundann/DISFundFeeCMS.xml&divisionId=MDIS01005001000000&serviceId=SDIS01005001000,data/regulatory/sources/kofia_evidence_extract_20260905.xml,E3,3way,한국투자ACE인도시장대표Big5그룹액티브증권상장지수투자신탁(주식) / 펀드유형: 주식형 / 표준코드: K55101EC1768 / 기준일: 20240906,MOEL_WRBA_RULE_ART10_1_2,근로자퇴직급여 보장법 시행규칙 제10조 제1항 제2호 (위험자산의 범위 및 운용기준 (DC 및 IRP 위험자산 투자한도 70%)),ED_WRBA_ART26_1_2,공식 출처 대조 (증권사·운용사교차검증),KOFIA 펀드유형: 주식형 (근로자퇴직급여 보장법 시행규칙 제10조 제1항 제2호: 주식형 집합투자증권 위험자산 70% 한도),2026-09-05,PASS (공식 검증 완료)
487950,KR7487950008,KODEX 대만테크고배당다우존스,삼성자산운용,주식-해외,가능,70% (위험자산),Y,높음,증권사·운용사교차검증,https://dis.kofia.or.kr/websquare/index.jsp?w2xPath=/wq/fundann/DISFundFeeCMS.xml&divisionId=MDIS01005001000000&serviceId=SDIS01005001000,data/regulatory/sources/kofia_evidence_extract_20260905.xml,E3,3way,삼성KODEX대만테크고배당다우존스증권상장지수투자신탁[주식] / 펀드유형: 주식형 / 표준코드: K55105EB3910 / 기준일: 20240719,MOEL_WRBA_RULE_ART10_1_2,근로자퇴직급여 보장법 시행규칙 제10조 제1항 제2호 (위험자산의 범위 및 운용기준 (DC 및 IRP 위험자산 투자한도 70%)),ED_WRBA_ART26_1_2,공식 출처 대조 (증권사·운용사교차검증),KOFIA 펀드유형: 주식형 (근로자퇴직급여 보장법 시행규칙 제10조 제1항 제2호: 주식형 집합투자증권 위험자산 70% 한도),2026-09-05,PASS (공식 검증 완료)
488080,KR7488080003,TIGER 반도체TOP10레버리지,미래에셋자산운용,주식-국내,불가,불가,Y,보통,법령조건직접판정,https://www.law.go.kr/LSW//admRulInfoP.do?admRulSeq=2100000244795&chrClsCd=010201,data/regulatory/sources/statutes/퇴직연금감독규정_20260905.txt,RULE_NAME,1way,퇴직연금감독규정 제9조 제1항 제2호 마목: 상장지수집합투자기구가 목표로 하는 지수의 변화에 1배를 초과하거나 음의 배율로 연동하여 운용하는 것은 제외한다,PSR_ART9_1_2,퇴직연금감독규정 제9조 제1항 제2호 마목 (증권 및 기타 적립금 운용방법의 종류 등 (1배수 상장지수집합투자기구 파생위험평가액 100% 한도 허용)),,퇴직연금감독규정 제9조 제1항 제2호 마목 단서 (1배 초과 또는 음의 배율 연동 배제),명칭 기반 배수 식별 및 퇴직연금감독규정 제9조 제1항 제2호 마목 단서 적용,2026-09-05,PASS (공식 검증 완료)
488200,KR7488200007,KIWOOM K-2차전지북미공급망,키움투자자산운용,주식-국내,가능,70% (위험자산),Y,높음,협회공시대조,https://dis.kofia.or.kr/websquare/index.jsp?w2xPath=/wq/fundann/DISFundFeeCMS.xml&divisionId=MDIS01005001000000&serviceId=SDIS01005001000,data/regulatory/sources/kofia_evidence_extract_20260905.xml,E3,1way,키움KIWOOMK-2차전지북미공급망증권상장지수투자신탁[주식] / 펀드유형: 주식형 / 표준코드: K55206ED2207 / 기준일: 20240722,MOEL_WRBA_RULE_ART10_1_2,근로자퇴직급여 보장법 시행규칙 제10조 제1항 제2호 (위험자산의 범위 및 운용기준 (DC 및 IRP 위험자산 투자한도 70%)),ED_WRBA_ART26_1_2,금융투자협회 전자공시서비스(DIS) 표준 펀드유형 '주식형' XML 전수 대조 (시행규칙 제10조제1항제2호 한도 70%),KOFIA 펀드유형: 주식형 (근로자퇴직급여 보장법 시행규칙 제10조 제1항 제2호: 주식형 집합투자증권 위험자산 70% 한도),2026-09-05,PASS (공식 검증 완료)
488210,KR7488210006,KIWOOM K-반도체북미공급망,키움투자자산운용,주식-국내,가능,70% (위험자산),Y,높음,협회공시대조,https://dis.kofia.or.kr/websquare/index.jsp?w2xPath=/wq/fundann/DISFundFeeCMS.xml&divisionId=MDIS01005001000000&serviceId=SDIS01005001000,data/regulatory/sources/kofia_evidence_extract_20260905.xml,E3,1way,키움KIWOOMK-반도체북미공급망증권상장지수투자신탁[주식] / 펀드유형: 주식형 / 표준코드: K55206ED2215 / 기준일: 20240722,MOEL_WRBA_RULE_ART10_1_2,근로자퇴직급여 보장법 시행규칙 제10조 제1항 제2호 (위험자산의 범위 및 운용기준 (DC 및 IRP 위험자산 투자한도 70%)),ED_WRBA_ART26_1_2,금융투자협회 전자공시서비스(DIS) 표준 펀드유형 '주식형' XML 전수 대조 (시행규칙 제10조제1항제2호 한도 70%),KOFIA 펀드유형: 주식형 (근로자퇴직급여 보장법 시행규칙 제10조 제1항 제2호: 주식형 집합투자증권 위험자산 70% 한도),2026-09-05,PASS (공식 검증 완료)
488290,KR7488290008,MIDAS 일본테크액티브,마이다스에셋자산운용,주식-해외,가능,70% (위험자산),Y,높음,협회공시대조,https://dis.kofia.or.kr/websquare/index.jsp?w2xPath=/wq/fundann/DISFundFeeCMS.xml&divisionId=MDIS01005001000000&serviceId=SDIS01005001000,data/regulatory/sources/kofia_evidence_extract_20260905.xml,E3,1way,마이다스MIDAS일본테크액티브증권상장지수투자신탁(주식) / 펀드유형: 주식형 / 표준코드: K55303EC8553 / 기준일: 20240802,MOEL_WRBA_RULE_ART10_1_2,근로자퇴직급여 보장법 시행규칙 제10조 제1항 제2호 (위험자산의 범위 및 운용기준 (DC 및 IRP 위험자산 투자한도 70%)),ED_WRBA_ART26_1_2,금융투자협회 전자공시서비스(DIS) 표준 펀드유형 '주식형' XML 전수 대조 (시행규칙 제10조제1항제2호 한도 70%),KOFIA 펀드유형: 주식형 (근로자퇴직급여 보장법 시행규칙 제10조 제1항 제2호: 주식형 집합투자증권 위험자산 70% 한도),2026-09-05,PASS (공식 검증 완료)
488480,KR7488480005,RISE 일본섹터TOP4Plus,KB자산운용,주식-해외,가능,70% (위험자산),Y,높음,증권사·운용사교차검증,https://dis.kofia.or.kr/websquare/index.jsp?w2xPath=/wq/fundann/DISFundFeeCMS.xml&divisionId=MDIS01005001000000&serviceId=SDIS01005001000,data/regulatory/sources/kofia_evidence_extract_20260905.xml,E3,3way,KBRISE일본섹터TOP4Plus증권상장지수투자신탁(주식) / 펀드유형: 주식형 / 표준코드: K55223EC5739 / 기준일: 20240816,MOEL_WRBA_RULE_ART10_1_2,근로자퇴직급여 보장법 시행규칙 제10조 제1항 제2호 (위험자산의 범위 및 운용기준 (DC 및 IRP 위험자산 투자한도 70%)),ED_WRBA_ART26_1_2,공식 출처 대조 (증권사·운용사교차검증),KOFIA 펀드유형: 주식형 (근로자퇴직급여 보장법 시행규칙 제10조 제1항 제2호: 주식형 집합투자증권 위험자산 70% 한도),2026-09-05,PASS (공식 검증 완료)
488500,KR7488500000,TIGER 미국S&P500동일가중,미래에셋자산운용,주식-해외,가능,70% (위험자산),Y,높음,증권사·운용사교차검증,https://dis.kofia.or.kr/websquare/index.jsp?w2xPath=/wq/fundann/DISFundFeeCMS.xml&divisionId=MDIS01005001000000&serviceId=SDIS01005001000,data/regulatory/sources/kofia_evidence_extract_20260905.xml,E3,3way,미래에셋TIGER미국S&amp;P500동일가중증권상장지수투자신탁(주식) / 펀드유형: 주식형 / 표준코드: K55301EC3069 / 기준일: 20240722,MOEL_WRBA_RULE_ART10_1_2,근로자퇴직급여 보장법 시행규칙 제10조 제1항 제2호 (위험자산의 범위 및 운용기준 (DC 및 IRP 위험자산 투자한도 70%)),ED_WRBA_ART26_1_2,공식 출처 대조 (증권사·운용사교차검증),KOFIA 펀드유형: 주식형 (근로자퇴직급여 보장법 시행규칙 제10조 제1항 제2호: 주식형 집합투자증권 위험자산 70% 한도),2026-09-05,PASS (공식 검증 완료)
488720,KR7488720004,WON 종합채권(AA-이상)액티브,우리에셋자산운용,채권,가능,100% (안전자산),Y,높음,협회공시대조,https://dis.kofia.or.kr/websquare/index.jsp?w2xPath=/wq/fundann/DISFundFeeCMS.xml&divisionId=MDIS01005001000000&serviceId=SDIS01005001000,data/regulatory/sources/kofia_evidence_extract_20260905.xml,E3,1way,우리WON종합채권(AA-이상)액티브증권상장지수투자신탁(채권) / 펀드유형: 채권형 / 표준코드: K55107E34441 / 기준일: 20240802,PSR_ART11_1_4,퇴직연금감독규정 제11조 제1항 제4호 (적립금 운용방법 등 (원리금보장 및 채권형 등 100% 안전자산)),,금융투자협회 전자공시서비스(DIS) 표준 펀드유형 '채권형' XML 전수 대조,KOFIA 펀드유형: 채권형 (퇴직연금감독규정 제11조 제1항 제4호: 원리금보장 및 채권형 안전자산 (100% 편입 가능)),2026-09-05,PASS (공식 검증 완료)
488770,KR7488770009,KODEX 머니마켓액티브,삼성자산운용,금리·파킹,가능,100% (안전자산),Y,높음,증권사·운용사교차검증,https://dis.kofia.or.kr/websquare/index.jsp?w2xPath=/wq/fundann/DISFundFeeCMS.xml&divisionId=MDIS01005001000000&serviceId=SDIS01005001000,data/regulatory/sources/kofia_evidence_extract_20260905.xml,E3,3way,삼성KODEX머니마켓액티브증권상장지수투자신탁[채권] / 펀드유형: 채권형 / 표준코드: K55105EC8033 / 기준일: 20240805,PSR_ART11_1_5,퇴직연금감독규정 제11조 제1항 제5호 (적립금 운용방법 등 (주식 50% 미만 채권혼합형 100% 안전자산)),PSR_ART9_1_2,금융감독원 DART 투자설명서 1배수 파생평가액 한도 및 주식한도 대조 (증권사·운용사교차검증),KOFIA 펀드유형: 채권형 (퇴직연금감독규정 제11조 제1항 제4호: 원리금보장 및 채권형 안전자산 (100% 편입 가능)),2026-09-05,PASS (공식 검증 완료)
488980,KR7488980004,SOL 26-12 회사채(AA-이상)액티브,신한자산운용,채권,가능,100% (안전자산),Y,높음,협회공시대조,https://dis.kofia.or.kr/websquare/index.jsp?w2xPath=/wq/fundann/DISFundFeeCMS.xml&divisionId=MDIS01005001000000&serviceId=SDIS01005001000,data/regulatory/sources/kofia_evidence_extract_20260905.xml,E3,1way,신한SOL26-12회사채(AA-이상)액티브증권상장지수투자신탁[채권] / 펀드유형: 채권형 / 표준코드: K55210EC9603 / 기준일: 20241007,PSR_ART11_1_4,퇴직연금감독규정 제11조 제1항 제4호 (적립금 운용방법 등 (원리금보장 및 채권형 등 100% 안전자산)),,금융투자협회 전자공시서비스(DIS) 표준 펀드유형 '채권형' XML 전수 대조,KOFIA 펀드유형: 채권형 (퇴직연금감독규정 제11조 제1항 제4호: 원리금보장 및 채권형 안전자산 (100% 편입 가능)),2026-09-05,PASS (공식 검증 완료)
489000,KR7489000000,PLUS 일본엔화초단기국채(합성),한화자산운용,금리·파킹,가능,100% (안전자산),Y,높음,증권사목록대조,https://securities.koreainvestment.com/pension/nwEtcinfo/Notice.jsp?cmd=A_NW_33030View&num=47520,data/regulatory/sources/brokers/koreainvestment/ETF_REITs_LIST_RP_260831.xlsx,E4,2way,한국투자증권 퇴직연금 ETF 상품 현황(2026-08-31 기준) / PLUS 일본엔화초단기국채(합성) / 489000 / 한화 / 퇴직연금 투자한도 1,PSR_ART11_1_5,퇴직연금감독규정 제11조 제1항 제5호 (적립금 운용방법 등 (주식 50% 미만 채권혼합형 100% 안전자산)),PSR_ART9_1_2,판매사 퇴직연금 매매가능 유니버스 및 1배수 파생평가액 대조 (증권사목록대조),한국투자증권 퇴직연금 ETF 상품 현황(2026-08-31 기준) 위험자산한도 1 대조 및 규제엔진 2자 합치 일치,2026-09-06,PASS (공식 검증 완료)
489030,KR7489030007,PLUS 고배당주위클리커버드콜,한화자산운용,주식-국내,불가,불가,Y,높음,증권사·운용사교차검증,https://www.plusetf.co.kr/api/v1/product/find/list,data/regulatory/sources/issuers/hanwha/plus_product_universe_20260906.json,E4,2way,"한화자산운용 PLUS 공식 API(2026-09-06 수집, 84종목) / PLUS 고배당주위클리커버드콜 / nameCode 489030 / optionList [국내, 월배당/인컴형, 개인연금] - 퇴직연금 부재(불가). 한국투자증권 2026-08-31 매매가능 1,021종목 유니버스에도 미수록",PSR_ART9_1_2,퇴직연금감독규정 제9조 제1항 제2호 마목 (증권 및 기타 적립금 운용방법의 종류 등 (1배수 상장지수집합투자기구 파생위험평가액 100% 한도 허용)),FSC_FIBA_REG_ART4_54,판매사 퇴직연금 매매 불가 유니버스 대조 및 퇴직연금감독규정 제9조 (위험평가액 40% 초과 배제),"한화자산운용 PLUS 공식 API 상 optionList에 개인연금만 수록, 퇴직연금 부재(불가) 및 한투 2026-08-31 유니버스 미수록 (장내파생 위험평가액 40% 초과, PSR_ART9_1_2)",2026-09-06,PASS (공식 검증 완료)
489250,KR7489250001,KODEX 미국배당다우존스,삼성자산운용,주식-해외,가능,70% (위험자산),Y,높음,증권사·운용사교차검증,https://dis.kofia.or.kr/websquare/index.jsp?w2xPath=/wq/fundann/DISFundFeeCMS.xml&divisionId=MDIS01005001000000&serviceId=SDIS01005001000,data/regulatory/sources/kofia_evidence_extract_20260905.xml,E3,3way,삼성KODEX미국배당다우존스증권상장지수투자신탁[주식] / 펀드유형: 주식형 / 표준코드: K55105EC8025 / 기준일: 20240809,MOEL_WRBA_RULE_ART10_1_2,근로자퇴직급여 보장법 시행규칙 제10조 제1항 제2호 (위험자산의 범위 및 운용기준 (DC 및 IRP 위험자산 투자한도 70%)),ED_WRBA_ART26_1_2,공식 출처 대조 (증권사·운용사교차검증),KOFIA 펀드유형: 주식형 (근로자퇴직급여 보장법 시행규칙 제10조 제1항 제2호: 주식형 집합투자증권 위험자산 70% 한도),2026-09-05,PASS (공식 검증 완료)
489290,KR7489290007,WON 미국빌리어네어,우리에셋자산운용,주식-해외,가능,70% (위험자산),Y,높음,협회공시대조,https://dis.kofia.or.kr/websquare/index.jsp?w2xPath=/wq/fundann/DISFundFeeCMS.xml&divisionId=MDIS01005001000000&serviceId=SDIS01005001000,data/regulatory/sources/kofia_evidence_extract_20260905.xml,E3,1way,우리WON미국빌리어네어증권상장지수투자신탁(주식) / 펀드유형: 주식형 / 표준코드: K55107ED8337 / 기준일: 20240830,MOEL_WRBA_RULE_ART10_1_2,근로자퇴직급여 보장법 시행규칙 제10조 제1항 제2호 (위험자산의 범위 및 운용기준 (DC 및 IRP 위험자산 투자한도 70%)),ED_WRBA_ART26_1_2,금융투자협회 전자공시서비스(DIS) 표준 펀드유형 '주식형' XML 전수 대조 (시행규칙 제10조제1항제2호 한도 70%),KOFIA 펀드유형: 주식형 (근로자퇴직급여 보장법 시행규칙 제10조 제1항 제2호: 주식형 집합투자증권 위험자산 70% 한도),2026-09-05,PASS (공식 검증 완료)
489860,KR7489860007,KIWOOM 글로벌전력GRID인프라,키움투자자산운용,리츠·인프라,가능,70% (위험자산),Y,높음,협회공시대조,https://dis.kofia.or.kr/websquare/index.jsp?w2xPath=/wq/fundann/DISFundFeeCMS.xml&divisionId=MDIS01005001000000&serviceId=SDIS01005001000,data/regulatory/sources/kofia_evidence_extract_20260905.xml,E3,1way,키움KIWOOM글로벌전력GRID인프라증권상장지수투자신탁[주식] / 펀드유형: 주식형 / 표준코드: K55206ED3411 / 기준일: 20240826,MOEL_WRBA_RULE_ART10_1_2,근로자퇴직급여 보장법 시행규칙 제10조 제1항 제2호 (위험자산의 범위 및 운용기준 (DC 및 IRP 위험자산 투자한도 70%)),ED_WRBA_ART26_1_2,금융투자협회 전자공시서비스(DIS) 표준 펀드유형 '주식형' XML 전수 대조 (시행규칙 제10조제1항제2호 한도 70%),KOFIA 펀드유형: 주식형 (근로자퇴직급여 보장법 시행규칙 제10조 제1항 제2호: 주식형 집합투자증권 위험자산 70% 한도),2026-09-05,PASS (공식 검증 완료)
490090,KR7490090008,TIGER 미국AI빅테크10,미래에셋자산운용,주식-해외,가능,70% (위험자산),Y,높음,증권사·운용사교차검증,https://dis.kofia.or.kr/websquare/index.jsp?w2xPath=/wq/fundann/DISFundFeeCMS.xml&divisionId=MDIS01005001000000&serviceId=SDIS01005001000,data/regulatory/sources/kofia_evidence_extract_20260905.xml,E3,3way,미래에셋TIGER미국AI빅테크10증권상장지수투자신탁(주식) / 펀드유형: 주식형 / 표준코드: K55301ED3241 / 기준일: 20240823,MOEL_WRBA_RULE_ART10_1_2,근로자퇴직급여 보장법 시행규칙 제10조 제1항 제2호 (위험자산의 범위 및 운용기준 (DC 및 IRP 위험자산 투자한도 70%)),ED_WRBA_ART26_1_2,공식 출처 대조 (증권사·운용사교차검증),KOFIA 펀드유형: 주식형 (근로자퇴직급여 보장법 시행규칙 제10조 제1항 제2호: 주식형 집합투자증권 위험자산 70% 한도),2026-09-05,PASS (공식 검증 완료)
490330,KR7490330008,KoAct 미국치매&뇌질환치료제액티브,기타,주식-해외,가능,70% (위험자산),Y,높음,협회공시대조,https://dis.kofia.or.kr/websquare/index.jsp?w2xPath=/wq/fundann/DISFundFeeCMS.xml&divisionId=MDIS01005001000000&serviceId=SDIS01005001000,data/regulatory/sources/kofia_evidence_extract_20260905.xml,E3,1way,삼성액티브KoAct미국치매&amp;뇌질환치료제액티브증권상장지수투자신탁[주식] / 펀드유형: 주식형 / 표준코드: K553N9ED6821 / 기준일: 20240830,MOEL_WRBA_RULE_ART10_1_2,근로자퇴직급여 보장법 시행규칙 제10조 제1항 제2호 (위험자산의 범위 및 운용기준 (DC 및 IRP 위험자산 투자한도 70%)),ED_WRBA_ART26_1_2,금융투자협회 전자공시서비스(DIS) 표준 펀드유형 '주식형' XML 전수 대조 (시행규칙 제10조제1항제2호 한도 70%),KOFIA 펀드유형: 주식형 (근로자퇴직급여 보장법 시행규칙 제10조 제1항 제2호: 주식형 집합투자증권 위험자산 70% 한도),2026-09-05,PASS (공식 검증 완료)
490480,KR7490480001,SOL K방산,신한자산운용,주식-국내,가능,70% (위험자산),Y,높음,협회공시대조,https://dis.kofia.or.kr/websquare/index.jsp?w2xPath=/wq/fundann/DISFundFeeCMS.xml&divisionId=MDIS01005001000000&serviceId=SDIS01005001000,data/regulatory/sources/kofia_evidence_extract_20260905.xml,E3,1way,신한SOLK방산증권상장지수투자신탁[주식] / 펀드유형: 주식형 / 표준코드: K55210EE0741 / 기준일: 20240930,MOEL_WRBA_RULE_ART10_1_2,근로자퇴직급여 보장법 시행규칙 제10조 제1항 제2호 (위험자산의 범위 및 운용기준 (DC 및 IRP 위험자산 투자한도 70%)),ED_WRBA_ART26_1_2,금융투자협회 전자공시서비스(DIS) 표준 펀드유형 '주식형' XML 전수 대조 (시행규칙 제10조제1항제2호 한도 70%),KOFIA 펀드유형: 주식형 (근로자퇴직급여 보장법 시행규칙 제10조 제1항 제2호: 주식형 집합투자증권 위험자산 70% 한도),2026-09-05,PASS (공식 검증 완료)
490490,KR7490490000,SOL 미국배당미국채혼합50,신한자산운용,채권,가능,100% (안전자산),Y,높음,협회공시대조,https://dis.kofia.or.kr/websquare/index.jsp?w2xPath=/wq/fundann/DISFundFeeCMS.xml&divisionId=MDIS01005001000000&serviceId=SDIS01005001000,data/regulatory/sources/kofia_evidence_extract_20260905.xml,E3,1way,신한SOL미국배당미국채혼합50증권상장지수투자신탁[채권혼합] / 펀드유형: 혼합채권형 / 표준코드: K55210EE0519 / 기준일: 20240920,PSR_ART11_1_5,퇴직연금감독규정 제11조 제1항 제5호 (적립금 운용방법 등 (주식 50% 미만 채권혼합형 100% 안전자산)),,금융투자협회 전자공시(DIS) 표준 펀드유형 '혼합채권형' XML 대조 (약관상 주식 50% 미만 퇴직연금감독규정 제11조제1항제5호),KOFIA 펀드유형: 혼합채권형 (퇴직연금감독규정 제11조 제1항 제5호: 약관상 주식 투자한도 50% 미만 혼합채권형 안전자산 100% 한도),2026-09-05,PASS (공식 검증 완료)
490590,KR7490590007,RISE 미국AI밸류체인데일리고정커버드콜,KB자산운용,주식-해외,가능,70% (위험자산),Y,높음,증권사·운용사교차검증,https://securities.koreainvestment.com/pension/nwEtcinfo/Notice.jsp?cmd=A_NW_33030View&num=47520,data/regulatory/sources/brokers/koreainvestment/ETF_REITs_LIST_RP_260831.xlsx,E4,3way,한국투자증권 퇴직연금 ETF 상품 현황(2026-08-31 기준) / RISE 미국AI밸류체인데일리고정커버드콜 / 490590 / KB / 퇴직연금 투자한도 0.7,MOEL_WRBA_RULE_ART10_1_2,근로자퇴직급여 보장법 시행규칙 제10조 제1항 제2호 (위험자산의 범위 및 운용기준 (DC 및 IRP 위험자산 투자한도 70%)),ED_WRBA_ART26_1_2,공식 출처 대조 (증권사·운용사교차검증),한국투자증권 퇴직연금 ETF 상품 현황(2026-08-31 기준) 위험자산한도 0.7 대조 및 규제엔진 2자 합치 일치,2026-09-06,PASS (공식 검증 완료)
490600,KR7490600004,RISE 미국배당100데일리고정커버드콜,KB자산운용,주식-해외,가능,70% (위험자산),Y,높음,증권사·운용사교차검증,https://dis.kofia.or.kr/websquare/index.jsp?w2xPath=/wq/fundann/DISFundFeeCMS.xml&divisionId=MDIS01005001000000&serviceId=SDIS01005001000,data/regulatory/sources/kofia_evidence_extract_20260905.xml,E3,3way,KBRISE미국배당100데일리고정커버드콜증권상장지수투자신탁(주식) / 펀드유형: 주식형 / 표준코드: K55223ED1166 / 기준일: 20240920,MOEL_WRBA_RULE_ART10_1_2,근로자퇴직급여 보장법 시행규칙 제10조 제1항 제2호 (위험자산의 범위 및 운용기준 (DC 및 IRP 위험자산 투자한도 70%)),ED_WRBA_ART26_1_2,공식 출처 대조 (증권사·운용사교차검증),KOFIA 펀드유형: 주식형 (근로자퇴직급여 보장법 시행규칙 제10조 제1항 제2호: 주식형 집합투자증권 위험자산 70% 한도),2026-09-05,PASS (공식 검증 완료)
491010,KR7491010005,TIGER 글로벌AI전력인프라액티브,미래에셋자산운용,리츠·인프라,가능,70% (위험자산),Y,높음,증권사·운용사교차검증,https://dis.kofia.or.kr/websquare/index.jsp?w2xPath=/wq/fundann/DISFundFeeCMS.xml&divisionId=MDIS01005001000000&serviceId=SDIS01005001000,data/regulatory/sources/kofia_evidence_extract_20260905.xml,E3,3way,미래에셋TIGER글로벌AI전력인프라액티브증권상장지수투자신탁(주식) / 펀드유형: 주식형 / 표준코드: K55301EE3190 / 기준일: 20240909,ED_FSCMA_ART240_4,자본시장과 금융투자업에 관한 법률 시행령 제240조 (집합투자기구의 종류별 최소투자비율 등 (부동산/리츠 집합투자기구)),PSR_ART11_2,공식 출처 대조 (증권사·운용사교차검증),KOFIA 펀드유형: 주식형 (근로자퇴직급여 보장법 시행규칙 제10조 제1항 제2호: 주식형 집합투자증권 위험자산 70% 한도),2026-09-05,PASS (공식 검증 완료)
491090,KR7491090007,KODEX 미국테크TOP3플러스,삼성자산운용,주식-해외,가능,70% (위험자산),Y,높음,증권사·운용사교차검증,https://dis.kofia.or.kr/websquare/index.jsp?w2xPath=/wq/fundann/DISFundFeeCMS.xml&divisionId=MDIS01005001000000&serviceId=SDIS01005001000,data/regulatory/sources/kofia_evidence_extract_20260905.xml,E3,3way,삼성KODEX미국테크TOP3플러스증권상장지수투자신탁[주식] / 펀드유형: 주식형 / 표준코드: K55105EE0194 / 기준일: 20240906,MOEL_WRBA_RULE_ART10_1_2,근로자퇴직급여 보장법 시행규칙 제10조 제1항 제2호 (위험자산의 범위 및 운용기준 (DC 및 IRP 위험자산 투자한도 70%)),ED_WRBA_ART26_1_2,공식 출처 대조 (증권사·운용사교차검증),KOFIA 펀드유형: 주식형 (근로자퇴직급여 보장법 시행규칙 제10조 제1항 제2호: 주식형 집합투자증권 위험자산 70% 한도),2026-09-05,PASS (공식 검증 완료)
491220,KR7491220000,PLUS 200TR,한화자산운용,주식-국내,가능,70% (위험자산),Y,높음,증권사·운용사교차검증,https://dis.kofia.or.kr/websquare/index.jsp?w2xPath=/wq/fundann/DISFundFeeCMS.xml&divisionId=MDIS01005001000000&serviceId=SDIS01005001000,data/regulatory/sources/kofia_evidence_extract_20260905.xml,E3,3way,한화PLUS200TotalReturn증권상장지수투자신탁(주식) / 펀드유형: 주식형 / 표준코드: K55213EE1753 / 기준일: 20240909,MOEL_WRBA_RULE_ART10_1_2,근로자퇴직급여 보장법 시행규칙 제10조 제1항 제2호 (위험자산의 범위 및 운용기준 (DC 및 IRP 위험자산 투자한도 70%)),ED_WRBA_ART26_1_2,공식 출처 대조 (증권사·운용사교차검증),KOFIA 펀드유형: 주식형 (근로자퇴직급여 보장법 시행규칙 제10조 제1항 제2호: 주식형 집합투자증권 위험자산 70% 한도),2026-09-05,PASS (공식 검증 완료)
491230,KR7491230009,PLUS 국공채머니마켓액티브,한화자산운용,금리·파킹,가능,100% (안전자산),Y,높음,협회공시대조,https://dis.kofia.or.kr/websquare/index.jsp?w2xPath=/wq/fundann/DISFundFeeCMS.xml&divisionId=MDIS01005001000000&serviceId=SDIS01005001000,data/regulatory/sources/kofia_evidence_extract_20260905.xml,E3,1way,한화PLUS국공채머니마켓액티브증권상장지수투자신탁(채권) / 펀드유형: 채권형 / 표준코드: K55213EE1068 / 기준일: 20240906,PSR_ART11_1_4,퇴직연금감독규정 제11조 제1항 제4호 (적립금 운용방법 등 (원리금보장 및 채권형 등 100% 안전자산)),,금융투자협회 전자공시서비스(DIS) 표준 펀드유형 '채권형' XML 전수 대조,KOFIA 펀드유형: 채권형 (퇴직연금감독규정 제11조 제1항 제4호: 원리금보장 및 채권형 안전자산 (100% 편입 가능)),2026-09-05,PASS (공식 검증 완료)
491510,KR7491510004,파워 K-주주가치액티브,교보악사자산운용,주식-국내,가능,70% (위험자산),Y,높음,협회공시대조,https://dis.kofia.or.kr/websquare/index.jsp?w2xPath=/wq/fundann/DISFundFeeCMS.xml&divisionId=MDIS01005001000000&serviceId=SDIS01005001000,data/regulatory/sources/kofia_evidence_extract_20260905.xml,E3,1way,교보악사파워K-주주가치액티브증권상장지수투자신탁[주식] / 펀드유형: 주식형 / 표준코드: K55207EE5208 / 기준일: 20240923,MOEL_WRBA_RULE_ART10_1_2,근로자퇴직급여 보장법 시행규칙 제10조 제1항 제2호 (위험자산의 범위 및 운용기준 (DC 및 IRP 위험자산 투자한도 70%)),ED_WRBA_ART26_1_2,금융투자협회 전자공시서비스(DIS) 표준 펀드유형 '주식형' XML 전수 대조 (시행규칙 제10조제1항제2호 한도 70%),KOFIA 펀드유형: 주식형 (근로자퇴직급여 보장법 시행규칙 제10조 제1항 제2호: 주식형 집합투자증권 위험자산 70% 한도),2026-09-05,PASS (공식 검증 완료)
491610,KR7491610002,1Q CD금리액티브(합성),하나자산운용,금리·파킹,가능,100% (안전자산),Y,높음,증권사목록대조,https://securities.koreainvestment.com/pension/nwEtcinfo/Notice.jsp?cmd=A_NW_33030View&num=47520,data/regulatory/sources/brokers/koreainvestment/ETF_REITs_LIST_RP_260831.xlsx,E4,2way,한국투자증권 퇴직연금 ETF 상품 현황(2026-08-31 기준) / 1Q CD금리액티브(합성) / 491610 / 하나 / 퇴직연금 투자한도 1,PSR_ART11_1_5,퇴직연금감독규정 제11조 제1항 제5호 (적립금 운용방법 등 (주식 50% 미만 채권혼합형 100% 안전자산)),PSR_ART9_1_2,판매사 퇴직연금 매매가능 유니버스 및 1배수 파생평가액 대조 (증권사목록대조),한국투자증권 퇴직연금 ETF 상품 현황(2026-08-31 기준) 위험자산한도 1 대조 및 규제엔진 2자 합치 일치,2026-09-06,PASS (공식 검증 완료)
491620,KR7491620001,RISE 미국테크100데일리고정커버드콜,KB자산운용,주식-해외,가능,70% (위험자산),Y,높음,증권사·운용사교차검증,https://securities.koreainvestment.com/pension/nwEtcinfo/Notice.jsp?cmd=A_NW_33030View&num=47520,data/regulatory/sources/brokers/koreainvestment/ETF_REITs_LIST_RP_260831.xlsx,E4,3way,한국투자증권 퇴직연금 ETF 상품 현황(2026-08-31 기준) / RISE 미국테크100데일리고정커버드콜 / 491620 / KB / 퇴직연금 투자한도 0.7,MOEL_WRBA_RULE_ART10_1_2,근로자퇴직급여 보장법 시행규칙 제10조 제1항 제2호 (위험자산의 범위 및 운용기준 (DC 및 IRP 위험자산 투자한도 70%)),ED_WRBA_ART26_1_2,공식 출처 대조 (증권사·운용사교차검증),한국투자증권 퇴직연금 ETF 상품 현황(2026-08-31 기준) 위험자산한도 0.7 대조 및 규제엔진 2자 합치 일치,2026-09-06,PASS (공식 검증 완료)
491630,KR7491630000,RISE 미국반도체인버스(합성 H),KB자산운용,주식-해외,불가,불가,Y,보통,법령조건직접판정,https://www.law.go.kr/LSW//admRulInfoP.do?admRulSeq=2100000244795&chrClsCd=010201,data/regulatory/sources/statutes/퇴직연금감독규정_20260905.txt,RULE_NAME,1way,퇴직연금감독규정 제9조 제1항 제2호 마목: 상장지수집합투자기구가 목표로 하는 지수의 변화에 1배를 초과하거나 음의 배율로 연동하여 운용하는 것은 제외한다,PSR_ART9_1_2,퇴직연금감독규정 제9조 제1항 제2호 마목 (증권 및 기타 적립금 운용방법의 종류 등 (1배수 상장지수집합투자기구 파생위험평가액 100% 한도 허용)),,퇴직연금감독규정 제9조 제1항 제2호 마목 단서 (1배 초과 또는 음의 배율 연동 배제),명칭 기반 배수 식별 및 퇴직연금감독규정 제9조 제1항 제2호 마목 단서 적용,2026-09-05,PASS (공식 검증 완료)
491700,KR7491700001,HK 200,기타,주식-국내,가능,70% (위험자산),Y,높음,협회공시대조,https://dis.kofia.or.kr/websquare/index.jsp?w2xPath=/wq/fundann/DISFundFeeCMS.xml&divisionId=MDIS01005001000000&serviceId=SDIS01005001000,data/regulatory/sources/kofia_evidence_extract_20260905.xml,E3,1way,흥국HK200증권상장지수투자신탁[주식] / 펀드유형: 주식형 / 표준코드: K55224ED5836 / 기준일: 20240909,MOEL_WRBA_RULE_ART10_1_2,근로자퇴직급여 보장법 시행규칙 제10조 제1항 제2호 (위험자산의 범위 및 운용기준 (DC 및 IRP 위험자산 투자한도 70%)),ED_WRBA_ART26_1_2,금융투자협회 전자공시서비스(DIS) 표준 펀드유형 '주식형' XML 전수 대조 (시행규칙 제10조제1항제2호 한도 70%),KOFIA 펀드유형: 주식형 (근로자퇴직급여 보장법 시행규칙 제10조 제1항 제2호: 주식형 집합투자증권 위험자산 70% 한도),2026-09-05,PASS (공식 검증 완료)
491820,KR7491820007,HANARO 전력설비투자,NH-Amundi자산운용,주식-국내,가능,70% (위험자산),Y,높음,협회공시대조,https://dis.kofia.or.kr/websquare/index.jsp?w2xPath=/wq/fundann/DISFundFeeCMS.xml&divisionId=MDIS01005001000000&serviceId=SDIS01005001000,data/regulatory/sources/kofia_evidence_extract_20260905.xml,E3,1way,NH-AmundiHANARO전력설비투자증권상장지수투자신탁(주식) / 펀드유형: 주식형 / 표준코드: K55232EE1347 / 기준일: 20240923,MOEL_WRBA_RULE_ART10_1_2,근로자퇴직급여 보장법 시행규칙 제10조 제1항 제2호 (위험자산의 범위 및 운용기준 (DC 및 IRP 위험자산 투자한도 70%)),ED_WRBA_ART26_1_2,금융투자협회 전자공시서비스(DIS) 표준 펀드유형 '주식형' XML 전수 대조 (시행규칙 제10조제1항제2호 한도 70%),KOFIA 펀드유형: 주식형 (근로자퇴직급여 보장법 시행규칙 제10조 제1항 제2호: 주식형 집합투자증권 위험자산 70% 한도),2026-09-05,PASS (공식 검증 완료)
491830,KR7491830006,TIGER 미국AI반도체팹리스,미래에셋자산운용,주식-해외,가능,70% (위험자산),Y,높음,증권사·운용사교차검증,https://dis.kofia.or.kr/websquare/index.jsp?w2xPath=/wq/fundann/DISFundFeeCMS.xml&divisionId=MDIS01005001000000&serviceId=SDIS01005001000,data/regulatory/sources/kofia_evidence_extract_20260905.xml,E3,3way,미래에셋TIGER미국AI반도체팹리스증권상장지수투자신탁(주식) / 펀드유형: 주식형 / 표준코드: K55301EE2671 / 기준일: 20240920,MOEL_WRBA_RULE_ART10_1_2,근로자퇴직급여 보장법 시행규칙 제10조 제1항 제2호 (위험자산의 범위 및 운용기준 (DC 및 IRP 위험자산 투자한도 70%)),ED_WRBA_ART26_1_2,공식 출처 대조 (증권사·운용사교차검증),KOFIA 펀드유형: 주식형 (근로자퇴직급여 보장법 시행규칙 제10조 제1항 제2호: 주식형 집합투자증권 위험자산 70% 한도),2026-09-05,PASS (공식 검증 완료)
492500,KR7492500004,1Q 현대차그룹채권(A+이상)&국고통안,하나자산운용,채권,가능,100% (안전자산),Y,높음,협회공시대조,https://dis.kofia.or.kr/websquare/index.jsp?w2xPath=/wq/fundann/DISFundFeeCMS.xml&divisionId=MDIS01005001000000&serviceId=SDIS01005001000,data/regulatory/sources/kofia_evidence_extract_20260905.xml,E3,1way,하나1Q현대차그룹채권(A+이상)&amp;국고통안증권상장지수투자신탁[채권] / 펀드유형: 채권형 / 표준코드: K55102EE8018 / 기준일: 20240930,PSR_ART11_1_4,퇴직연금감독규정 제11조 제1항 제4호 (적립금 운용방법 등 (원리금보장 및 채권형 등 100% 안전자산)),,금융투자협회 전자공시서비스(DIS) 표준 펀드유형 '채권형' XML 전수 대조,KOFIA 펀드유형: 채권형 (퇴직연금감독규정 제11조 제1항 제4호: 원리금보장 및 채권형 안전자산 (100% 편입 가능)),2026-09-05,PASS (공식 검증 완료)
493420,KR7493420004,SOL 미국배당다우존스2호,신한자산운용,주식-해외,가능,70% (위험자산),Y,높음,협회공시대조,https://dis.kofia.or.kr/websquare/index.jsp?w2xPath=/wq/fundann/DISFundFeeCMS.xml&divisionId=MDIS01005001000000&serviceId=SDIS01005001000,data/regulatory/sources/kofia_evidence_extract_20260905.xml,E3,1way,신한SOL미국배당다우존스2호증권상장지수투자신탁[주식] / 펀드유형: 주식형 / 표준코드: K55210EE8074 / 기준일: 20241004,MOEL_WRBA_RULE_ART10_1_2,근로자퇴직급여 보장법 시행규칙 제10조 제1항 제2호 (위험자산의 범위 및 운용기준 (DC 및 IRP 위험자산 투자한도 70%)),ED_WRBA_ART26_1_2,금융투자협회 전자공시서비스(DIS) 표준 펀드유형 '주식형' XML 전수 대조 (시행규칙 제10조제1항제2호 한도 70%),KOFIA 펀드유형: 주식형 (근로자퇴직급여 보장법 시행규칙 제10조 제1항 제2호: 주식형 집합투자증권 위험자산 70% 한도),2026-09-05,PASS (공식 검증 완료)
493810,KR7493810006,TIGER 미국AI빅테크10타겟데일리커버드콜,미래에셋자산운용,주식-해외,가능,70% (위험자산),Y,높음,증권사·운용사교차검증,https://dis.kofia.or.kr/websquare/index.jsp?w2xPath=/wq/fundann/DISFundFeeCMS.xml&divisionId=MDIS01005001000000&serviceId=SDIS01005001000,data/regulatory/sources/kofia_evidence_extract_20260905.xml,E3,3way,미래에셋TIGER미국AI빅테크10타겟데일리커버드콜증권상장지수투자신탁(주식) / 펀드유형: 주식형 / 표준코드: K55301ED3282 / 기준일: 20241011,MOEL_WRBA_RULE_ART10_1_2,근로자퇴직급여 보장법 시행규칙 제10조 제1항 제2호 (위험자산의 범위 및 운용기준 (DC 및 IRP 위험자산 투자한도 70%)),ED_WRBA_ART26_1_2,공식 출처 대조 (증권사·운용사교차검증),KOFIA 펀드유형: 주식형 (근로자퇴직급여 보장법 시행규칙 제10조 제1항 제2호: 주식형 집합투자증권 위험자산 70% 한도),2026-09-05,PASS (공식 검증 완료)
494180,KR7494180003,TIME 글로벌소비트렌드액티브,타임폴리오자산운용,주식-해외,가능,70% (위험자산),Y,높음,협회공시대조,https://dis.kofia.or.kr/websquare/index.jsp?w2xPath=/wq/fundann/DISFundFeeCMS.xml&divisionId=MDIS01005001000000&serviceId=SDIS01005001000,data/regulatory/sources/kofia_evidence_extract_20260905.xml,E3,1way,타임폴리오 TIME글로벌소비트렌드액티브증권상장지수투자신탁(주식) / 펀드유형: 주식형 / 표준코드: K553J1EF1685 / 기준일: 20241028,MOEL_WRBA_RULE_ART10_1_2,근로자퇴직급여 보장법 시행규칙 제10조 제1항 제2호 (위험자산의 범위 및 운용기준 (DC 및 IRP 위험자산 투자한도 70%)),ED_WRBA_ART26_1_2,금융투자협회 전자공시서비스(DIS) 표준 펀드유형 '주식형' XML 전수 대조 (시행규칙 제10조제1항제2호 한도 70%),KOFIA 펀드유형: 주식형 (근로자퇴직급여 보장법 시행규칙 제10조 제1항 제2호: 주식형 집합투자증권 위험자산 70% 한도),2026-09-05,PASS (공식 검증 완료)
494210,KR7494210008,SOL 미국500타겟데일리커버드콜액티브,신한자산운용,주식-해외,가능,70% (위험자산),Y,높음,증권사목록대조,https://securities.koreainvestment.com/pension/nwEtcinfo/Notice.jsp?cmd=A_NW_33030View&num=47520,data/regulatory/sources/brokers/koreainvestment/ETF_REITs_LIST_RP_260831.xlsx,E4,2way,한국투자증권 퇴직연금 ETF 상품 현황(2026-08-31 기준) / SOL 미국500타겟데일리커버드콜액티브 / 494210 / 신한 / 퇴직연금 투자한도 0.7,MOEL_WRBA_RULE_ART10_1_2,근로자퇴직급여 보장법 시행규칙 제10조 제1항 제2호 (위험자산의 범위 및 운용기준 (DC 및 IRP 위험자산 투자한도 70%)),ED_WRBA_ART26_1_2,판매사 퇴직연금 매매가능 유니버스 및 위험자산 70% 대조 (증권사목록대조),한국투자증권 퇴직연금 ETF 상품 현황(2026-08-31 기준) 위험자산한도 0.7 대조 및 규제엔진 2자 합치 일치,2026-09-06,PASS (공식 검증 완료)
494220,KR7494220007,UNICORN SK하이닉스밸류체인액티브,현대자산운용,주식-국내,가능,70% (위험자산),Y,높음,협회공시대조,https://dis.kofia.or.kr/websquare/index.jsp?w2xPath=/wq/fundann/DISFundFeeCMS.xml&divisionId=MDIS01005001000000&serviceId=SDIS01005001000,data/regulatory/sources/kofia_evidence_extract_20260905.xml,E3,1way,현대UNICORNSK하이닉스밸류체인액티브증권상장지수투자신탁[주식] / 펀드유형: 주식형 / 표준코드: K55373EF1006 / 기준일: 20241106,MOEL_WRBA_RULE_ART10_1_2,근로자퇴직급여 보장법 시행규칙 제10조 제1항 제2호 (위험자산의 범위 및 운용기준 (DC 및 IRP 위험자산 투자한도 70%)),ED_WRBA_ART26_1_2,금융투자협회 전자공시서비스(DIS) 표준 펀드유형 '주식형' XML 전수 대조 (시행규칙 제10조제1항제2호 한도 70%),KOFIA 펀드유형: 주식형 (근로자퇴직급여 보장법 시행규칙 제10조 제1항 제2호: 주식형 집합투자증권 위험자산 70% 한도),2026-09-05,PASS (공식 검증 완료)
494300,KR7494300007,KODEX 미국나스닥100데일리커버드콜OTM,삼성자산운용,주식-해외,가능,70% (위험자산),Y,높음,증권사·운용사교차검증,https://securities.koreainvestment.com/pension/nwEtcinfo/Notice.jsp?cmd=A_NW_33030View&num=47520,data/regulatory/sources/brokers/koreainvestment/ETF_REITs_LIST_RP_260831.xlsx,E4,3way,삼성자산운용 KODEX 공시 [494300 / KODEX 미국나스닥100데일리커버드콜OTM / ivPsbReti: 70%] & 한국투자증권 공시 [494300 / KODEX 미국나스닥100데일리커버드콜OTM / 위험자산한도: 0.7],MOEL_WRBA_RULE_ART10_1_2,근로자퇴직급여 보장법 시행규칙 제10조 제1항 제2호 (위험자산의 범위 및 운용기준 (DC 및 IRP 위험자산 투자한도 70%)),ED_WRBA_ART26_1_2,공식 출처 대조 (증권사·운용사교차검증),삼성자산운용 KODEX 연금투자 공시 [stkTicker: 494300 / ivPsbReti: 70%] 및 한국투자증권 공시 [단축코드: 494300 / 위험자산한도: 0.7] 100% 교차 일치,2026-09-06,PASS (공식 검증 완료)
494310,KR7494310006,KODEX 반도체레버리지,삼성자산운용,주식-국내,불가,불가,Y,보통,법령조건직접판정,https://www.law.go.kr/LSW//admRulInfoP.do?admRulSeq=2100000244795&chrClsCd=010201,data/regulatory/sources/statutes/퇴직연금감독규정_20260905.txt,RULE_NAME,1way,퇴직연금감독규정 제9조 제1항 제2호 마목: 상장지수집합투자기구가 목표로 하는 지수의 변화에 1배를 초과하거나 음의 배율로 연동하여 운용하는 것은 제외한다,PSR_ART9_1_2,퇴직연금감독규정 제9조 제1항 제2호 마목 (증권 및 기타 적립금 운용방법의 종류 등 (1배수 상장지수집합투자기구 파생위험평가액 100% 한도 허용)),,퇴직연금감독규정 제9조 제1항 제2호 마목 단서 (1배 초과 또는 음의 배율 연동 배제),명칭 기반 배수 식별 및 퇴직연금감독규정 제9조 제1항 제2호 마목 단서 적용,2026-09-05,PASS (공식 검증 완료)
494330,KR7494330004,ACE 라이프자산주주가치액티브,한국투자신탁운용,주식-국내,가능,70% (위험자산),Y,높음,증권사·운용사교차검증,https://dis.kofia.or.kr/websquare/index.jsp?w2xPath=/wq/fundann/DISFundFeeCMS.xml&divisionId=MDIS01005001000000&serviceId=SDIS01005001000,data/regulatory/sources/kofia_evidence_extract_20260905.xml,E3,3way,한국투자ACE라이프자산주주가치액티브증권상장지수투자신탁(주식) / 펀드유형: 주식형 / 표준코드: K55101EE7904 / 기준일: 20241014,MOEL_WRBA_RULE_ART10_1_2,근로자퇴직급여 보장법 시행규칙 제10조 제1항 제2호 (위험자산의 범위 및 운용기준 (DC 및 IRP 위험자산 투자한도 70%)),ED_WRBA_ART26_1_2,공식 출처 대조 (증권사·운용사교차검증),KOFIA 펀드유형: 주식형 (근로자퇴직급여 보장법 시행규칙 제10조 제1항 제2호: 주식형 집합투자증권 위험자산 70% 한도),2026-09-05,PASS (공식 검증 완료)
494340,KR7494340003,ACE 글로벌AI맞춤형반도체,한국투자신탁운용,주식-해외,가능,70% (위험자산),Y,높음,증권사·운용사교차검증,https://dis.kofia.or.kr/websquare/index.jsp?w2xPath=/wq/fundann/DISFundFeeCMS.xml&divisionId=MDIS01005001000000&serviceId=SDIS01005001000,data/regulatory/sources/kofia_evidence_extract_20260905.xml,E3,3way,한국투자ACE글로벌AI맞춤형반도체증권상장지수투자신탁(주식) / 펀드유형: 주식형 / 표준코드: K55101EE6187 / 기준일: 20241018,MOEL_WRBA_RULE_ART10_1_2,근로자퇴직급여 보장법 시행규칙 제10조 제1항 제2호 (위험자산의 범위 및 운용기준 (DC 및 IRP 위험자산 투자한도 70%)),ED_WRBA_ART26_1_2,공식 출처 대조 (증권사·운용사교차검증),KOFIA 펀드유형: 주식형 (근로자퇴직급여 보장법 시행규칙 제10조 제1항 제2호: 주식형 집합투자증권 위험자산 70% 한도),2026-09-05,PASS (공식 검증 완료)
494410,KR7494410004,PLUS 미국S&P500성장주,한화자산운용,주식-해외,가능,70% (위험자산),Y,높음,증권사·운용사교차검증,https://dis.kofia.or.kr/websquare/index.jsp?w2xPath=/wq/fundann/DISFundFeeCMS.xml&divisionId=MDIS01005001000000&serviceId=SDIS01005001000,data/regulatory/sources/kofia_evidence_extract_20260905.xml,E3,3way,한화PLUS미국S&amp;P500성장주증권상장지수투자신탁(주식) / 펀드유형: 주식형 / 표준코드: K55213EF0978 / 기준일: 20241018,MOEL_WRBA_RULE_ART10_1_2,근로자퇴직급여 보장법 시행규칙 제10조 제1항 제2호 (위험자산의 범위 및 운용기준 (DC 및 IRP 위험자산 투자한도 70%)),ED_WRBA_ART26_1_2,공식 출처 대조 (증권사·운용사교차검증),KOFIA 펀드유형: 주식형 (근로자퇴직급여 보장법 시행규칙 제10조 제1항 제2호: 주식형 집합투자증권 위험자산 70% 한도),2026-09-05,PASS (공식 검증 완료)
494420,KR7494420003,PLUS 미국배당증가성장주데일리커버드콜,한화자산운용,주식-해외,가능,70% (위험자산),Y,높음,증권사·운용사교차검증,https://securities.koreainvestment.com/pension/nwEtcinfo/Notice.jsp?cmd=A_NW_33030View&num=47520,data/regulatory/sources/brokers/koreainvestment/ETF_REITs_LIST_RP_260831.xlsx,E4,3way,한국투자증권 퇴직연금 ETF 상품 현황(2026-08-31 기준) / PLUS 미국배당증가성장주데일리커버드콜 / 494420 / 한화 / 퇴직연금 투자한도 0.7,MOEL_WRBA_RULE_ART10_1_2,근로자퇴직급여 보장법 시행규칙 제10조 제1항 제2호 (위험자산의 범위 및 운용기준 (DC 및 IRP 위험자산 투자한도 70%)),ED_WRBA_ART26_1_2,공식 출처 대조 (증권사·운용사교차검증),한국투자증권 퇴직연금 ETF 상품 현황(2026-08-31 기준) 위험자산한도 0.7 대조 및 규제엔진 2자 합치 일치,2026-09-06,PASS (공식 검증 완료)
494670,KR7494670003,TIGER 조선TOP10,미래에셋자산운용,주식-국내,가능,70% (위험자산),Y,높음,증권사·운용사교차검증,https://dis.kofia.or.kr/websquare/index.jsp?w2xPath=/wq/fundann/DISFundFeeCMS.xml&divisionId=MDIS01005001000000&serviceId=SDIS01005001000,data/regulatory/sources/kofia_evidence_extract_20260905.xml,E3,3way,미래에셋TIGER조선TOP10증권상장지수투자신탁(주식) / 펀드유형: 주식형 / 표준코드: K55301EE9692 / 기준일: 20241021,MOEL_WRBA_RULE_ART10_1_2,근로자퇴직급여 보장법 시행규칙 제10조 제1항 제2호 (위험자산의 범위 및 운용기준 (DC 및 IRP 위험자산 투자한도 70%)),ED_WRBA_ART26_1_2,공식 출처 대조 (증권사·운용사교차검증),KOFIA 펀드유형: 주식형 (근로자퇴직급여 보장법 시행규칙 제10조 제1항 제2호: 주식형 집합투자증권 위험자산 70% 한도),2026-09-05,PASS (공식 검증 완료)
494840,KR7494840002,TIGER 미국방산TOP10,미래에셋자산운용,주식-해외,가능,70% (위험자산),Y,높음,증권사·운용사교차검증,https://dis.kofia.or.kr/websquare/index.jsp?w2xPath=/wq/fundann/DISFundFeeCMS.xml&divisionId=MDIS01005001000000&serviceId=SDIS01005001000,data/regulatory/sources/kofia_evidence_extract_20260905.xml,E3,3way,미래에셋TIGER미국방산TOP10증권상장지수투자신탁(주식) / 펀드유형: 주식형 / 표준코드: K55301EE9171 / 기준일: 20241025,MOEL_WRBA_RULE_ART10_1_2,근로자퇴직급여 보장법 시행규칙 제10조 제1항 제2호 (위험자산의 범위 및 운용기준 (DC 및 IRP 위험자산 투자한도 70%)),ED_WRBA_ART26_1_2,공식 출처 대조 (증권사·운용사교차검증),KOFIA 펀드유형: 주식형 (근로자퇴직급여 보장법 시행규칙 제10조 제1항 제2호: 주식형 집합투자증권 위험자산 70% 한도),2026-09-05,PASS (공식 검증 완료)
494890,KR7494890007,KODEX 200액티브,삼성자산운용,주식-국내,가능,70% (위험자산),Y,높음,증권사·운용사교차검증,https://securities.koreainvestment.com/pension/nwEtcinfo/Notice.jsp?cmd=A_NW_33030View&num=47520,data/regulatory/sources/brokers/koreainvestment/ETF_REITs_LIST_RP_260831.xlsx,E4,3way,삼성자산운용 KODEX 공시 [494890 / KODEX 200액티브 / ivPsbReti: 70%] & 한국투자증권 공시 [494890 / KODEX 200액티브 / 위험자산한도: 0.7],MOEL_WRBA_RULE_ART10_1_2,근로자퇴직급여 보장법 시행규칙 제10조 제1항 제2호 (위험자산의 범위 및 운용기준 (DC 및 IRP 위험자산 투자한도 70%)),ED_WRBA_ART26_1_2,공식 출처 대조 (증권사·운용사교차검증),삼성자산운용 KODEX 연금투자 공시 [stkTicker: 494890 / ivPsbReti: 70%] 및 한국투자증권 공시 [단축코드: 494890 / 위험자산한도: 0.7] 100% 교차 일치,2026-09-06,PASS (공식 검증 완료)
495040,KR7495040008,PLUS 코리아밸류업,한화자산운용,주식-국내,가능,70% (위험자산),Y,높음,증권사·운용사교차검증,https://dis.kofia.or.kr/websquare/index.jsp?w2xPath=/wq/fundann/DISFundFeeCMS.xml&divisionId=MDIS01005001000000&serviceId=SDIS01005001000,data/regulatory/sources/kofia_evidence_extract_20260905.xml,E3,3way,한화PLUS코리아밸류업증권상장지수투자신탁(주식) / 펀드유형: 주식형 / 표준코드: K55213EF9375 / 기준일: 20241101,MOEL_WRBA_RULE_ART10_1_2,근로자퇴직급여 보장법 시행규칙 제10조 제1항 제2호 (위험자산의 범위 및 운용기준 (DC 및 IRP 위험자산 투자한도 70%)),ED_WRBA_ART26_1_2,공식 출처 대조 (증권사·운용사교차검증),KOFIA 펀드유형: 주식형 (근로자퇴직급여 보장법 시행규칙 제10조 제1항 제2호: 주식형 집합투자증권 위험자산 70% 한도),2026-09-05,PASS (공식 검증 완료)
495050,KR7495050007,RISE 코리아밸류업,KB자산운용,주식-국내,가능,70% (위험자산),Y,높음,증권사·운용사교차검증,https://dis.kofia.or.kr/websquare/index.jsp?w2xPath=/wq/fundann/DISFundFeeCMS.xml&divisionId=MDIS01005001000000&serviceId=SDIS01005001000,data/regulatory/sources/kofia_evidence_extract_20260905.xml,E3,3way,KBRISE코리아밸류업증권상장지수투자신탁(주식) / 펀드유형: 주식형 / 표준코드: K55223EF9191 / 기준일: 20241101,MOEL_WRBA_RULE_ART10_1_2,근로자퇴직급여 보장법 시행규칙 제10조 제1항 제2호 (위험자산의 범위 및 운용기준 (DC 및 IRP 위험자산 투자한도 70%)),ED_WRBA_ART26_1_2,공식 출처 대조 (증권사·운용사교차검증),KOFIA 펀드유형: 주식형 (근로자퇴직급여 보장법 시행규칙 제10조 제1항 제2호: 주식형 집합투자증권 위험자산 70% 한도),2026-09-05,PASS (공식 검증 완료)
495060,KR7495060006,TIME 코리아밸류업액티브,타임폴리오자산운용,주식-국내,가능,70% (위험자산),Y,높음,협회공시대조,https://dis.kofia.or.kr/websquare/index.jsp?w2xPath=/wq/fundann/DISFundFeeCMS.xml&divisionId=MDIS01005001000000&serviceId=SDIS01005001000,data/regulatory/sources/kofia_evidence_extract_20260905.xml,E3,1way,타임폴리오TIME코리아밸류업액티브증권상장지수투자신탁(주식) / 펀드유형: 주식형 / 표준코드: K553J1EF9274 / 기준일: 20241101,MOEL_WRBA_RULE_ART10_1_2,근로자퇴직급여 보장법 시행규칙 제10조 제1항 제2호 (위험자산의 범위 및 운용기준 (DC 및 IRP 위험자산 투자한도 70%)),ED_WRBA_ART26_1_2,금융투자협회 전자공시서비스(DIS) 표준 펀드유형 '주식형' XML 전수 대조 (시행규칙 제10조제1항제2호 한도 70%),KOFIA 펀드유형: 주식형 (근로자퇴직급여 보장법 시행규칙 제10조 제1항 제2호: 주식형 집합투자증권 위험자산 70% 한도),2026-09-05,PASS (공식 검증 완료)
495230,KR7495230005,KoAct 코리아밸류업액티브,기타,주식-국내,가능,70% (위험자산),Y,높음,협회공시대조,https://dis.kofia.or.kr/websquare/index.jsp?w2xPath=/wq/fundann/DISFundFeeCMS.xml&divisionId=MDIS01005001000000&serviceId=SDIS01005001000,data/regulatory/sources/kofia_evidence_extract_20260905.xml,E3,1way,삼성액티브KoAct코리아밸류업액티브증권상장지수투자신탁[주식] / 펀드유형: 주식형 / 표준코드: K553N9EF9468 / 기준일: 20241101,MOEL_WRBA_RULE_ART10_1_2,근로자퇴직급여 보장법 시행규칙 제10조 제1항 제2호 (위험자산의 범위 및 운용기준 (DC 및 IRP 위험자산 투자한도 70%)),ED_WRBA_ART26_1_2,금융투자협회 전자공시서비스(DIS) 표준 펀드유형 '주식형' XML 전수 대조 (시행규칙 제10조제1항제2호 한도 70%),KOFIA 펀드유형: 주식형 (근로자퇴직급여 보장법 시행규칙 제10조 제1항 제2호: 주식형 집합투자증권 위험자산 70% 한도),2026-09-05,PASS (공식 검증 완료)
495330,KR7495330003,1Q 코리아밸류업,하나자산운용,주식-국내,가능,70% (위험자산),Y,높음,협회공시대조,https://dis.kofia.or.kr/websquare/index.jsp?w2xPath=/wq/fundann/DISFundFeeCMS.xml&divisionId=MDIS01005001000000&serviceId=SDIS01005001000,data/regulatory/sources/kofia_evidence_extract_20260905.xml,E3,1way,하나1Q코리아밸류업증권상장지수투자신탁[주식] / 펀드유형: 주식형 / 표준코드: K55102EF9791 / 기준일: 20241101,MOEL_WRBA_RULE_ART10_1_2,근로자퇴직급여 보장법 시행규칙 제10조 제1항 제2호 (위험자산의 범위 및 운용기준 (DC 및 IRP 위험자산 투자한도 70%)),ED_WRBA_ART26_1_2,금융투자협회 전자공시서비스(DIS) 표준 펀드유형 '주식형' XML 전수 대조 (시행규칙 제10조제1항제2호 한도 70%),KOFIA 펀드유형: 주식형 (근로자퇴직급여 보장법 시행규칙 제10조 제1항 제2호: 주식형 집합투자증권 위험자산 70% 한도),2026-09-05,PASS (공식 검증 완료)
495550,KR7495550006,SOL 코리아밸류업TR,신한자산운용,주식-국내,가능,70% (위험자산),Y,높음,협회공시대조,https://dis.kofia.or.kr/websquare/index.jsp?w2xPath=/wq/fundann/DISFundFeeCMS.xml&divisionId=MDIS01005001000000&serviceId=SDIS01005001000,data/regulatory/sources/kofia_evidence_extract_20260905.xml,E3,1way,신한SOL코리아밸류업TotalReturn증권상장지수투자신탁[주식] / 펀드유형: 주식형 / 표준코드: K55210EF9550 / 기준일: 20241101,MOEL_WRBA_RULE_ART10_1_2,근로자퇴직급여 보장법 시행규칙 제10조 제1항 제2호 (위험자산의 범위 및 운용기준 (DC 및 IRP 위험자산 투자한도 70%)),ED_WRBA_ART26_1_2,금융투자협회 전자공시서비스(DIS) 표준 펀드유형 '주식형' XML 전수 대조 (시행규칙 제10조제1항제2호 한도 70%),KOFIA 펀드유형: 주식형 (근로자퇴직급여 보장법 시행규칙 제10조 제1항 제2호: 주식형 집합투자증권 위험자산 70% 한도),2026-09-05,PASS (공식 검증 완료)
495750,KR7495750002,HANARO 코리아밸류업,NH-Amundi자산운용,주식-국내,가능,70% (위험자산),Y,높음,협회공시대조,https://dis.kofia.or.kr/websquare/index.jsp?w2xPath=/wq/fundann/DISFundFeeCMS.xml&divisionId=MDIS01005001000000&serviceId=SDIS01005001000,data/regulatory/sources/kofia_evidence_extract_20260905.xml,E3,1way,NH-AmundiHANARO코리아밸류업증권상장지수투자신탁[주식] / 펀드유형: 주식형 / 표준코드: K55232EF9588 / 기준일: 20241101,MOEL_WRBA_RULE_ART10_1_2,근로자퇴직급여 보장법 시행규칙 제10조 제1항 제2호 (위험자산의 범위 및 운용기준 (DC 및 IRP 위험자산 투자한도 70%)),ED_WRBA_ART26_1_2,금융투자협회 전자공시서비스(DIS) 표준 펀드유형 '주식형' XML 전수 대조 (시행규칙 제10조제1항제2호 한도 70%),KOFIA 펀드유형: 주식형 (근로자퇴직급여 보장법 시행규칙 제10조 제1항 제2호: 주식형 집합투자증권 위험자산 70% 한도),2026-09-05,PASS (공식 검증 완료)
495850,KR7495850000,KODEX 코리아밸류업,삼성자산운용,주식-국내,가능,70% (위험자산),Y,높음,증권사·운용사교차검증,https://dis.kofia.or.kr/websquare/index.jsp?w2xPath=/wq/fundann/DISFundFeeCMS.xml&divisionId=MDIS01005001000000&serviceId=SDIS01005001000,data/regulatory/sources/kofia_evidence_extract_20260905.xml,E3,3way,삼성KODEX코리아밸류업증권상장지수투자신탁[주식] / 펀드유형: 주식형 / 표준코드: K55105EF9186 / 기준일: 20241101,MOEL_WRBA_RULE_ART10_1_2,근로자퇴직급여 보장법 시행규칙 제10조 제1항 제2호 (위험자산의 범위 및 운용기준 (DC 및 IRP 위험자산 투자한도 70%)),ED_WRBA_ART26_1_2,공식 출처 대조 (증권사·운용사교차검증),KOFIA 펀드유형: 주식형 (근로자퇴직급여 보장법 시행규칙 제10조 제1항 제2호: 주식형 집합투자증권 위험자산 70% 한도),2026-09-05,PASS (공식 검증 완료)
495940,KR7495940009,RISE 미국AI테크액티브,KB자산운용,주식-해외,가능,70% (위험자산),Y,높음,증권사·운용사교차검증,https://dis.kofia.or.kr/websquare/index.jsp?w2xPath=/wq/fundann/DISFundFeeCMS.xml&divisionId=MDIS01005001000000&serviceId=SDIS01005001000,data/regulatory/sources/kofia_evidence_extract_20260905.xml,E3,3way,KBRISE미국AI테크액티브증권상장지수투자신탁(주식) / 펀드유형: 주식형 / 표준코드: K55223EF7427 / 기준일: 20241122,MOEL_WRBA_RULE_ART10_1_2,근로자퇴직급여 보장법 시행규칙 제10조 제1항 제2호 (위험자산의 범위 및 운용기준 (DC 및 IRP 위험자산 투자한도 70%)),ED_WRBA_ART26_1_2,공식 출처 대조 (증권사·운용사교차검증),KOFIA 펀드유형: 주식형 (근로자퇴직급여 보장법 시행규칙 제10조 제1항 제2호: 주식형 집합투자증권 위험자산 70% 한도),2026-09-05,PASS (공식 검증 완료)
496020,KR7496020009,WON 전단채플러스액티브,우리에셋자산운용,채권,가능,100% (안전자산),Y,높음,협회공시대조,https://dis.kofia.or.kr/websquare/index.jsp?w2xPath=/wq/fundann/DISFundFeeCMS.xml&divisionId=MDIS01005001000000&serviceId=SDIS01005001000,data/regulatory/sources/kofia_evidence_extract_20260905.xml,E3,1way,우리WON전단채플러스액티브증권상장지수투자신탁(채권) / 펀드유형: 채권형 / 표준코드: K55107EG2030 / 기준일: 20241115,PSR_ART11_1_4,퇴직연금감독규정 제11조 제1항 제4호 (적립금 운용방법 등 (원리금보장 및 채권형 등 100% 안전자산)),,금융투자협회 전자공시서비스(DIS) 표준 펀드유형 '채권형' XML 전수 대조,KOFIA 펀드유형: 채권형 (퇴직연금감독규정 제11조 제1항 제4호: 원리금보장 및 채권형 안전자산 (100% 편입 가능)),2026-09-05,PASS (공식 검증 완료)
496080,KR7496080003,TIGER 코리아밸류업,미래에셋자산운용,주식-국내,가능,70% (위험자산),Y,높음,증권사·운용사교차검증,https://dis.kofia.or.kr/websquare/index.jsp?w2xPath=/wq/fundann/DISFundFeeCMS.xml&divisionId=MDIS01005001000000&serviceId=SDIS01005001000,data/regulatory/sources/kofia_evidence_extract_20260905.xml,E3,3way,미래에셋TIGER코리아밸류업증권상장지수투자신탁(주식) / 펀드유형: 주식형 / 표준코드: K55301EF9618 / 기준일: 20241101,MOEL_WRBA_RULE_ART10_1_2,근로자퇴직급여 보장법 시행규칙 제10조 제1항 제2호 (위험자산의 범위 및 운용기준 (DC 및 IRP 위험자산 투자한도 70%)),ED_WRBA_ART26_1_2,공식 출처 대조 (증권사·운용사교차검증),KOFIA 펀드유형: 주식형 (근로자퇴직급여 보장법 시행규칙 제10조 제1항 제2호: 주식형 집합투자증권 위험자산 70% 한도),2026-09-05,PASS (공식 검증 완료)
496090,KR7496090002,KIWOOM 코리아밸류업,키움투자자산운용,주식-국내,가능,70% (위험자산),Y,높음,협회공시대조,https://dis.kofia.or.kr/websquare/index.jsp?w2xPath=/wq/fundann/DISFundFeeCMS.xml&divisionId=MDIS01005001000000&serviceId=SDIS01005001000,data/regulatory/sources/kofia_evidence_extract_20260905.xml,E3,1way,키움KIWOOM코리아밸류업증권상장지수투자신탁[주식] / 펀드유형: 주식형 / 표준코드: K55206EF9358 / 기준일: 20241101,MOEL_WRBA_RULE_ART10_1_2,근로자퇴직급여 보장법 시행규칙 제10조 제1항 제2호 (위험자산의 범위 및 운용기준 (DC 및 IRP 위험자산 투자한도 70%)),ED_WRBA_ART26_1_2,금융투자협회 전자공시서비스(DIS) 표준 펀드유형 '주식형' XML 전수 대조 (시행규칙 제10조제1항제2호 한도 70%),KOFIA 펀드유형: 주식형 (근로자퇴직급여 보장법 시행규칙 제10조 제1항 제2호: 주식형 집합투자증권 위험자산 70% 한도),2026-09-05,PASS (공식 검증 완료)
496120,KR7496120007,ACE 코리아밸류업,한국투자신탁운용,주식-국내,가능,70% (위험자산),Y,높음,증권사·운용사교차검증,https://dis.kofia.or.kr/websquare/index.jsp?w2xPath=/wq/fundann/DISFundFeeCMS.xml&divisionId=MDIS01005001000000&serviceId=SDIS01005001000,data/regulatory/sources/kofia_evidence_extract_20260905.xml,E3,3way,한국투자ACE코리아밸류업증권상장지수투자신탁(주식) / 펀드유형: 주식형 / 표준코드: K55101EF9826 / 기준일: 20241101,MOEL_WRBA_RULE_ART10_1_2,근로자퇴직급여 보장법 시행규칙 제10조 제1항 제2호 (위험자산의 범위 및 운용기준 (DC 및 IRP 위험자산 투자한도 70%)),ED_WRBA_ART26_1_2,공식 출처 대조 (증권사·운용사교차검증),KOFIA 펀드유형: 주식형 (근로자퇴직급여 보장법 시행규칙 제10조 제1항 제2호: 주식형 집합투자증권 위험자산 70% 한도),2026-09-05,PASS (공식 검증 완료)
496130,KR7496130006,TRUSTON 코리아밸류업액티브,트러스톤자산운용,주식-국내,가능,70% (위험자산),Y,높음,협회공시대조,https://dis.kofia.or.kr/websquare/index.jsp?w2xPath=/wq/fundann/DISFundFeeCMS.xml&divisionId=MDIS01005001000000&serviceId=SDIS01005001000,data/regulatory/sources/kofia_evidence_extract_20260905.xml,E3,1way,트러스톤TRUSTON코리아밸류업액티브증권상장지수투자신탁[주식] / 펀드유형: 주식형 / 표준코드: K55363EF9738 / 기준일: 20241101,MOEL_WRBA_RULE_ART10_1_2,근로자퇴직급여 보장법 시행규칙 제10조 제1항 제2호 (위험자산의 범위 및 운용기준 (DC 및 IRP 위험자산 투자한도 70%)),ED_WRBA_ART26_1_2,금융투자협회 전자공시서비스(DIS) 표준 펀드유형 '주식형' XML 전수 대조 (시행규칙 제10조제1항제2호 한도 70%),KOFIA 펀드유형: 주식형 (근로자퇴직급여 보장법 시행규칙 제10조 제1항 제2호: 주식형 집합투자증권 위험자산 70% 한도),2026-09-05,PASS (공식 검증 완료)
496770,KR7496770009,PLUS 글로벌방산,한화자산운용,주식-해외,가능,70% (위험자산),Y,높음,증권사·운용사교차검증,https://dis.kofia.or.kr/websquare/index.jsp?w2xPath=/wq/fundann/DISFundFeeCMS.xml&divisionId=MDIS01005001000000&serviceId=SDIS01005001000,data/regulatory/sources/kofia_evidence_extract_20260905.xml,E3,3way,한화PLUS글로벌방산증권상장지수투자신탁(주식) / 펀드유형: 주식형 / 표준코드: K55213EF7411 / 기준일: 20241108,MOEL_WRBA_RULE_ART10_1_2,근로자퇴직급여 보장법 시행규칙 제10조 제1항 제2호 (위험자산의 범위 및 운용기준 (DC 및 IRP 위험자산 투자한도 70%)),ED_WRBA_ART26_1_2,공식 출처 대조 (증권사·운용사교차검증),KOFIA 펀드유형: 주식형 (근로자퇴직급여 보장법 시행규칙 제10조 제1항 제2호: 주식형 집합투자증권 위험자산 70% 한도),2026-09-05,PASS (공식 검증 완료)
497510,KR7497510008,ACE 글로벌빅파마,한국투자신탁운용,주식-해외,가능,70% (위험자산),Y,높음,증권사·운용사교차검증,https://dis.kofia.or.kr/websquare/index.jsp?w2xPath=/wq/fundann/DISFundFeeCMS.xml&divisionId=MDIS01005001000000&serviceId=SDIS01005001000,data/regulatory/sources/kofia_evidence_extract_20260905.xml,E3,3way,한국투자ACE글로벌빅파마증권상장지수투자신탁(주식) / 펀드유형: 주식형 / 표준코드: K55101EF6160 / 기준일: 20241115,MOEL_WRBA_RULE_ART10_1_2,근로자퇴직급여 보장법 시행규칙 제10조 제1항 제2호 (위험자산의 범위 및 운용기준 (DC 및 IRP 위험자산 투자한도 70%)),ED_WRBA_ART26_1_2,공식 출처 대조 (증권사·운용사교차검증),KOFIA 펀드유형: 주식형 (근로자퇴직급여 보장법 시행규칙 제10조 제1항 제2호: 주식형 집합투자증권 위험자산 70% 한도),2026-09-05,PASS (공식 검증 완료)
497520,KR7497520007,ACE 일라이릴리밸류체인,한국투자신탁운용,주식-해외,가능,70% (위험자산),Y,높음,증권사·운용사교차검증,https://dis.kofia.or.kr/websquare/index.jsp?w2xPath=/wq/fundann/DISFundFeeCMS.xml&divisionId=MDIS01005001000000&serviceId=SDIS01005001000,data/regulatory/sources/kofia_evidence_extract_20260905.xml,E3,3way,한국투자ACE일라이릴리밸류체인증권상장지수투자신탁(주식) / 펀드유형: 주식형 / 표준코드: K55101EG1343 / 기준일: 20241115,MOEL_WRBA_RULE_ART10_1_2,근로자퇴직급여 보장법 시행규칙 제10조 제1항 제2호 (위험자산의 범위 및 운용기준 (DC 및 IRP 위험자산 투자한도 70%)),ED_WRBA_ART26_1_2,공식 출처 대조 (증권사·운용사교차검증),KOFIA 펀드유형: 주식형 (근로자퇴직급여 보장법 시행규칙 제10조 제1항 제2호: 주식형 집합투자증권 위험자산 70% 한도),2026-09-05,PASS (공식 검증 완료)
497570,KR7497570002,TIGER 미국필라델피아AI반도체나스닥,미래에셋자산운용,주식-해외,가능,70% (위험자산),Y,높음,증권사·운용사교차검증,https://dis.kofia.or.kr/websquare/index.jsp?w2xPath=/wq/fundann/DISFundFeeCMS.xml&divisionId=MDIS01005001000000&serviceId=SDIS01005001000,data/regulatory/sources/kofia_evidence_extract_20260905.xml,E3,3way,미래에셋TIGER미국필라델피아AI반도체나스닥증권상장지수투자신탁(주식) / 펀드유형: 주식형 / 표준코드: K55301EF4932 / 기준일: 20241122,MOEL_WRBA_RULE_ART10_1_2,근로자퇴직급여 보장법 시행규칙 제10조 제1항 제2호 (위험자산의 범위 및 운용기준 (DC 및 IRP 위험자산 투자한도 70%)),ED_WRBA_ART26_1_2,공식 출처 대조 (증권사·운용사교차검증),KOFIA 펀드유형: 주식형 (근로자퇴직급여 보장법 시행규칙 제10조 제1항 제2호: 주식형 집합투자증권 위험자산 70% 한도),2026-09-05,PASS (공식 검증 완료)
497780,KR7497780007,KoAct 미국천연가스인프라액티브,기타,주식-해외,가능,70% (위험자산),Y,높음,협회공시대조,https://dis.kofia.or.kr/websquare/index.jsp?w2xPath=/wq/fundann/DISFundFeeCMS.xml&divisionId=MDIS01005001000000&serviceId=SDIS01005001000,data/regulatory/sources/kofia_evidence_extract_20260905.xml,E3,1way,삼성액티브KoAct미국천연가스인프라액티브증권상장지수투자신탁[주식] / 펀드유형: 주식형 / 표준코드: K553N9EF5557 / 기준일: 20241206,MOEL_WRBA_RULE_ART10_1_2,근로자퇴직급여 보장법 시행규칙 제10조 제1항 제2호 (위험자산의 범위 및 운용기준 (DC 및 IRP 위험자산 투자한도 70%)),ED_WRBA_ART26_1_2,금융투자협회 전자공시서비스(DIS) 표준 펀드유형 '주식형' XML 전수 대조 (시행규칙 제10조제1항제2호 한도 70%),KOFIA 펀드유형: 주식형 (근로자퇴직급여 보장법 시행규칙 제10조 제1항 제2호: 주식형 집합투자증권 위험자산 70% 한도),2026-09-05,PASS (공식 검증 완료)
497880,KR7497880005,SOL CD금리&머니마켓액티브,신한자산운용,금리·파킹,가능,100% (안전자산),Y,높음,협회공시대조,https://dis.kofia.or.kr/websquare/index.jsp?w2xPath=/wq/fundann/DISFundFeeCMS.xml&divisionId=MDIS01005001000000&serviceId=SDIS01005001000,data/regulatory/sources/kofia_evidence_extract_20260905.xml,E3,1way,신한SOLCD금리&amp;머니마켓액티브증권상장지수투자신탁[채권] / 펀드유형: 채권형 / 표준코드: K55210EF7273 / 기준일: 20241125,PSR_ART11_1_4,퇴직연금감독규정 제11조 제1항 제4호 (적립금 운용방법 등 (원리금보장 및 채권형 등 100% 안전자산)),,금융투자협회 전자공시서비스(DIS) 표준 펀드유형 '채권형' XML 전수 대조,KOFIA 펀드유형: 채권형 (퇴직연금감독규정 제11조 제1항 제4호: 원리금보장 및 채권형 안전자산 (100% 편입 가능)),2026-09-05,PASS (공식 검증 완료)
498050,KR7498050004,HANARO 바이오코리아액티브,NH-Amundi자산운용,주식-국내,가능,70% (위험자산),Y,높음,협회공시대조,https://dis.kofia.or.kr/websquare/index.jsp?w2xPath=/wq/fundann/DISFundFeeCMS.xml&divisionId=MDIS01005001000000&serviceId=SDIS01005001000,data/regulatory/sources/kofia_evidence_extract_20260905.xml,E3,1way,NH-AmundiHANARO바이오코리아액티브증권상장지수투자신탁[주식] / 펀드유형: 주식형 / 표준코드: K55232EF5040 / 기준일: 20241125,MOEL_WRBA_RULE_ART10_1_2,근로자퇴직급여 보장법 시행규칙 제10조 제1항 제2호 (위험자산의 범위 및 운용기준 (DC 및 IRP 위험자산 투자한도 70%)),ED_WRBA_ART26_1_2,금융투자협회 전자공시서비스(DIS) 표준 펀드유형 '주식형' XML 전수 대조 (시행규칙 제10조제1항제2호 한도 70%),KOFIA 펀드유형: 주식형 (근로자퇴직급여 보장법 시행규칙 제10조 제1항 제2호: 주식형 집합투자증권 위험자산 70% 한도),2026-09-05,PASS (공식 검증 완료)
498180,KR7498180009,파워 종합채권(AA-이상)액티브,교보악사자산운용,채권,가능,100% (안전자산),Y,높음,협회공시대조,https://dis.kofia.or.kr/websquare/index.jsp?w2xPath=/wq/fundann/DISFundFeeCMS.xml&divisionId=MDIS01005001000000&serviceId=SDIS01005001000,data/regulatory/sources/kofia_evidence_extract_20260905.xml,E3,1way,교보악사파워종합채권(AA-이상)액티브증권상장지수투자신탁[채권] / 펀드유형: 채권형 / 표준코드: K55207EF7450 / 기준일: 20241125,PSR_ART11_1_4,퇴직연금감독규정 제11조 제1항 제4호 (적립금 운용방법 등 (원리금보장 및 채권형 등 100% 안전자산)),,금융투자협회 전자공시서비스(DIS) 표준 펀드유형 '채권형' XML 전수 대조,KOFIA 펀드유형: 채권형 (퇴직연금감독규정 제11조 제1항 제4호: 원리금보장 및 채권형 안전자산 (100% 편입 가능)),2026-09-05,PASS (공식 검증 완료)
498270,KR7498270008,KIWOOM 미국양자컴퓨팅,키움투자자산운용,주식-해외,가능,70% (위험자산),Y,높음,협회공시대조,https://dis.kofia.or.kr/websquare/index.jsp?w2xPath=/wq/fundann/DISFundFeeCMS.xml&divisionId=MDIS01005001000000&serviceId=SDIS01005001000,data/regulatory/sources/kofia_evidence_extract_20260905.xml,E3,1way,키움KIWOOM미국양자컴퓨팅증권상장지수투자신탁[주식] / 펀드유형: 주식형 / 표준코드: K55206EE9458 / 기준일: 20241216,MOEL_WRBA_RULE_ART10_1_2,근로자퇴직급여 보장법 시행규칙 제10조 제1항 제2호 (위험자산의 범위 및 운용기준 (DC 및 IRP 위험자산 투자한도 70%)),ED_WRBA_ART26_1_2,금융투자협회 전자공시서비스(DIS) 표준 펀드유형 '주식형' XML 전수 대조 (시행규칙 제10조제1항제2호 한도 70%),KOFIA 펀드유형: 주식형 (근로자퇴직급여 보장법 시행규칙 제10조 제1항 제2호: 주식형 집합투자증권 위험자산 70% 한도),2026-09-05,PASS (공식 검증 완료)
498400,KR7498400001,KODEX 200타겟위클리커버드콜,삼성자산운용,주식-국내,가능,70% (위험자산),Y,높음,증권사·운용사교차검증,https://securities.koreainvestment.com/pension/nwEtcinfo/Notice.jsp?cmd=A_NW_33030View&num=47520,data/regulatory/sources/brokers/koreainvestment/ETF_REITs_LIST_RP_260831.xlsx,E4,3way,삼성자산운용 KODEX 공시 [498400 / KODEX 200타겟위클리커버드콜 / ivPsbReti: 70%] & 한국투자증권 공시 [498400 / KODEX 200타겟위클리커버드콜 / 위험자산한도: 0.7],MOEL_WRBA_RULE_ART10_1_2,근로자퇴직급여 보장법 시행규칙 제10조 제1항 제2호 (위험자산의 범위 및 운용기준 (DC 및 IRP 위험자산 투자한도 70%)),ED_WRBA_ART26_1_2,공식 출처 대조 (증권사·운용사교차검증),삼성자산운용 KODEX 연금투자 공시 [stkTicker: 498400 / ivPsbReti: 70%] 및 한국투자증권 공시 [단축코드: 498400 / 위험자산한도: 0.7] 100% 교차 일치,2026-09-06,PASS (공식 검증 완료)
498410,KR7498410000,KODEX 금융고배당TOP10타겟위클리커버드콜,삼성자산운용,주식-국내,가능,70% (위험자산),Y,높음,증권사·운용사교차검증,https://securities.koreainvestment.com/pension/nwEtcinfo/Notice.jsp?cmd=A_NW_33030View&num=47520,data/regulatory/sources/brokers/koreainvestment/ETF_REITs_LIST_RP_260831.xlsx,E4,3way,삼성자산운용 KODEX 공시 [498410 / KODEX 금융고배당TOP10타겟위클리커버드콜 / ivPsbReti: 70%] & 한국투자증권 공시 [498410 / KODEX 금융고배당TOP10타겟위클리커버드콜 / 위험자산한도: 0.7],MOEL_WRBA_RULE_ART10_1_2,근로자퇴직급여 보장법 시행규칙 제10조 제1항 제2호 (위험자산의 범위 및 운용기준 (DC 및 IRP 위험자산 투자한도 70%)),ED_WRBA_ART26_1_2,공식 출처 대조 (증권사·운용사교차검증),삼성자산운용 KODEX 연금투자 공시 [stkTicker: 498410 / ivPsbReti: 70%] 및 한국투자증권 공시 [단축코드: 498410 / 위험자산한도: 0.7] 100% 교차 일치,2026-09-06,PASS (공식 검증 완료)
498610,KR7498610005,RISE 인도디지털성장,KB자산운용,주식-해외,가능,70% (위험자산),Y,높음,증권사·운용사교차검증,https://securities.koreainvestment.com/pension/nwEtcinfo/Notice.jsp?cmd=A_NW_33030View&num=47520,data/regulatory/sources/brokers/koreainvestment/ETF_REITs_LIST_RP_260831.xlsx,E4,3way,한국투자증권 퇴직연금 ETF 상품 현황(2026-08-31 기준) / RISE 인도디지털성장 / 498610 / KB / 퇴직연금 투자한도 0.7,MOEL_WRBA_RULE_ART10_1_2,근로자퇴직급여 보장법 시행규칙 제10조 제1항 제2호 (위험자산의 범위 및 운용기준 (DC 및 IRP 위험자산 투자한도 70%)),ED_WRBA_ART26_1_2,공식 출처 대조 (증권사·운용사교차검증),한국투자증권 퇴직연금 ETF 상품 현황(2026-08-31 기준) 위험자산한도 0.7 대조 및 규제엔진 2자 합치 일치,2026-09-06,PASS (공식 검증 완료)
498860,KR7498860006,RISE 코리아금융고배당,KB자산운용,주식-국내,가능,70% (위험자산),Y,높음,증권사·운용사교차검증,https://dis.kofia.or.kr/websquare/index.jsp?w2xPath=/wq/fundann/DISFundFeeCMS.xml&divisionId=MDIS01005001000000&serviceId=SDIS01005001000,data/regulatory/sources/kofia_evidence_extract_20260905.xml,E3,3way,KBRISE코리아금융고배당증권상장지수투자신탁(주식) / 펀드유형: 주식형 / 표준코드: K55223EG3144 / 기준일: 20241209,MOEL_WRBA_RULE_ART10_1_2,근로자퇴직급여 보장법 시행규칙 제10조 제1항 제2호 (위험자산의 범위 및 운용기준 (DC 및 IRP 위험자산 투자한도 70%)),ED_WRBA_ART26_1_2,공식 출처 대조 (증권사·운용사교차검증),KOFIA 펀드유형: 주식형 (근로자퇴직급여 보장법 시행규칙 제10조 제1항 제2호: 주식형 집합투자증권 위험자산 70% 한도),2026-09-05,PASS (공식 검증 완료)
499150,KR7499150001,SOL 미국S&P500엔화노출(H),신한자산운용,주식-해외,가능,70% (위험자산),Y,높음,증권사목록대조,https://securities.koreainvestment.com/pension/nwEtcinfo/Notice.jsp?cmd=A_NW_33030View&num=47520,data/regulatory/sources/brokers/koreainvestment/ETF_REITs_LIST_RP_260831.xlsx,E4,2way,한국투자증권 퇴직연금 ETF 상품 현황(2026-08-31 기준) / SOL 미국S&P500엔화노출(H) / 499150 / 신한 / 퇴직연금 투자한도 0.7,MOEL_WRBA_RULE_ART10_1_2,근로자퇴직급여 보장법 시행규칙 제10조 제1항 제2호 (위험자산의 범위 및 운용기준 (DC 및 IRP 위험자산 투자한도 70%)),ED_WRBA_ART26_1_2,판매사 퇴직연금 매매가능 유니버스 및 위험자산 70% 대조 (증권사목록대조),한국투자증권 퇴직연금 ETF 상품 현황(2026-08-31 기준) 위험자산한도 0.7 대조 및 규제엔진 2자 합치 일치,2026-09-06,PASS (공식 검증 완료)
499660,KR7499660009,TIGER CD금리플러스액티브(합성),미래에셋자산운용,금리·파킹,가능,100% (안전자산),Y,높음,증권사·운용사교차검증,https://securities.koreainvestment.com/pension/nwEtcinfo/Notice.jsp?cmd=A_NW_33030View&num=47520,data/regulatory/sources/brokers/koreainvestment/ETF_REITs_LIST_RP_260831.xlsx,E4,3way,미래에셋자산운용 TIGER 공시 [KR7499660009 /  / 퇴직연금 100%] & 한국투자증권 공시 [499660 / TIGER CD금리플러스액티브(합성) / 위험자산한도: 1.0],PSR_ART11_1_5,퇴직연금감독규정 제11조 제1항 제5호 (적립금 운용방법 등 (주식 50% 미만 채권혼합형 100% 안전자산)),PSR_ART9_1_2,금융감독원 DART 투자설명서 1배수 파생평가액 한도 및 주식한도 대조 (증권사·운용사교차검증),미래에셋자산운용 TIGER 공시 [KR7499660009 / 퇴직연금 100%] 및 한국투자증권 공시 [단축코드: 499660 / 위험자산한도: 1.0] 100% 교차 일치,2026-09-06,PASS (공식 검증 완료)
