etf_id,ticker,coverage_start,coverage_end,issuer_checked_through,krx_checked_through,distribution_coverage_status,corporate_action_coverage_status,last_checked_at,blocking_source_ids,note
KR70000D0009,0000D0,2026-05-28,2026-06-29,,,verified_complete,verified_complete,2026-09-01T03:39:07+00:00,,이벤트는 검증됐으나 전체 기간의 무분배 여부·기업행동 범위가 아직 완결되지 않았다.
KR70000H0005,0000H0,2026-07-30,2026-07-30,,,verified_complete,verified_complete,2026-09-01T03:39:07+00:00,,이벤트는 검증됐으나 전체 기간의 무분배 여부·기업행동 범위가 아직 완결되지 않았다.
KR70000J0003,0000J0,,,,,verified_complete,verified_complete,2026-09-01T03:39:07+00:00,,운용사 분배금 원천을 아직 수집·검증하지 않음. 무분배로 해석하지 않는다.
KR70000Y0004,0000Y0,,,,,verified_complete,verified_complete,2026-09-01T03:39:07+00:00,,운용사 분배금 원천을 아직 수집·검증하지 않음. 무분배로 해석하지 않는다.
KR70000Z0003,0000Z0,,,,,verified_complete,verified_complete,2026-09-01T03:39:07+00:00,,운용사 분배금 원천을 아직 수집·검증하지 않음. 무분배로 해석하지 않는다.
KR70001P0004,0001P0,,,,,verified_complete,verified_complete,2026-09-01T03:39:07+00:00,,운용사 분배금 원천을 아직 수집·검증하지 않음. 무분배로 해석하지 않는다.
KR70002C0008,0002C0,,,,,verified_complete,verified_complete,2026-09-01T03:39:07+00:00,,운용사 분배금 원천을 아직 수집·검증하지 않음. 무분배로 해석하지 않는다.
KR70004G0002,0004G0,,,,,verified_complete,verified_complete,2026-09-01T03:39:07+00:00,,운용사 분배금 원천을 아직 수집·검증하지 않음. 무분배로 해석하지 않는다.
KR70005A0007,0005A0,2026-07-30,2026-07-30,,,verified_complete,verified_complete,2026-09-01T03:39:07+00:00,,이벤트는 검증됐으나 전체 기간의 무분배 여부·기업행동 범위가 아직 완결되지 않았다.
KR70005C0005,0005C0,,,,,verified_complete,verified_complete,2026-09-01T03:39:07+00:00,,운용사 분배금 원천을 아직 수집·검증하지 않음. 무분배로 해석하지 않는다.
KR70005D0004,0005D0,,,,,verified_complete,verified_complete,2026-09-01T03:39:07+00:00,,운용사 분배금 원천을 아직 수집·검증하지 않음. 무분배로 해석하지 않는다.
KR70005G0001,0005G0,,,,,verified_complete,verified_complete,2026-09-01T03:39:07+00:00,,운용사 분배금 원천을 아직 수집·검증하지 않음. 무분배로 해석하지 않는다.
KR70007F0000,0007F0,,,,,verified_complete,verified_complete,2026-09-01T03:39:07+00:00,,운용사 분배금 원천을 아직 수집·검증하지 않음. 무분배로 해석하지 않는다.
KR70007G0009,0007G0,,,,,verified_complete,verified_complete,2026-09-01T03:39:07+00:00,,운용사 분배금 원천을 아직 수집·검증하지 않음. 무분배로 해석하지 않는다.
KR70007N0000,0007N0,,,,,verified_complete,verified_complete,2026-09-01T03:39:07+00:00,,운용사 분배금 원천을 아직 수집·검증하지 않음. 무분배로 해석하지 않는다.
KR70008E0000,0008E0,,,,,verified_complete,verified_complete,2026-09-01T03:39:07+00:00,,운용사 분배금 원천을 아직 수집·검증하지 않음. 무분배로 해석하지 않는다.
KR70008S0004,0008S0,2026-06-12,2026-08-13,,,verified_complete,verified_complete,2026-09-01T03:39:07+00:00,,이벤트는 검증됐으나 전체 기간의 무분배 여부·기업행동 범위가 아직 완결되지 않았다.
KR70008T0003,0008T0,,,,,verified_complete,verified_complete,2026-09-01T03:39:07+00:00,,운용사 분배금 원천을 아직 수집·검증하지 않음. 무분배로 해석하지 않는다.
KR70013P0000,0013P0,,,,,verified_complete,verified_complete,2026-09-01T03:39:07+00:00,,운용사 분배금 원천을 아직 수집·검증하지 않음. 무분배로 해석하지 않는다.
KR70013R0008,0013R0,,,,,verified_complete,verified_complete,2026-09-01T03:39:07+00:00,,운용사 분배금 원천을 아직 수집·검증하지 않음. 무분배로 해석하지 않는다.
KR70015B0004,0015B0,,,,,verified_complete,verified_complete,2026-09-01T03:39:07+00:00,,운용사 분배금 원천을 아직 수집·검증하지 않음. 무분배로 해석하지 않는다.
KR70015E0001,0015E0,,,,,verified_complete,verified_complete,2026-09-01T03:39:07+00:00,,운용사 분배금 원천을 아직 수집·검증하지 않음. 무분배로 해석하지 않는다.
KR70015F0000,0015F0,,,,,verified_complete,verified_complete,2026-09-01T03:39:07+00:00,,운용사 분배금 원천을 아직 수집·검증하지 않음. 무분배로 해석하지 않는다.
KR70015K0003,0015K0,,,,,verified_complete,verified_complete,2026-09-01T03:39:07+00:00,,운용사 분배금 원천을 아직 수집·검증하지 않음. 무분배로 해석하지 않는다.
KR70016X0007,0016X0,,,,,verified_complete,verified_complete,2026-09-01T03:39:07+00:00,,운용사 분배금 원천을 아직 수집·검증하지 않음. 무분배로 해석하지 않는다.
KR70017Y0005,0017Y0,,,,,verified_complete,verified_complete,2026-09-01T03:39:07+00:00,,운용사 분배금 원천을 아직 수집·검증하지 않음. 무분배로 해석하지 않는다.
KR70018C0000,0018C0,,,,,verified_complete,verified_complete,2026-09-01T03:39:07+00:00,,운용사 분배금 원천을 아직 수집·검증하지 않음. 무분배로 해석하지 않는다.
KR70018Z0003,0018Z0,,,,,verified_complete,verified_complete,2026-09-01T03:39:07+00:00,,운용사 분배금 원천을 아직 수집·검증하지 않음. 무분배로 해석하지 않는다.
KR70019K0009,0019K0,,,,,verified_complete,verified_complete,2026-09-01T03:39:07+00:00,,운용사 분배금 원천을 아직 수집·검증하지 않음. 무분배로 해석하지 않는다.
KR70020H0001,0020H0,,,,,verified_complete,verified_complete,2026-09-01T03:39:07+00:00,,운용사 분배금 원천을 아직 수집·검증하지 않음. 무분배로 해석하지 않는다.
KR70022T0005,0022T0,,,,,verified_complete,verified_complete,2026-09-01T03:39:07+00:00,,운용사 분배금 원천을 아직 수집·검증하지 않음. 무분배로 해석하지 않는다.
KR70023A0005,0023A0,,,,,verified_complete,verified_complete,2026-09-01T03:39:07+00:00,,운용사 분배금 원천을 아직 수집·검증하지 않음. 무분배로 해석하지 않는다.
KR70023B0004,0023B0,,,,,verified_complete,verified_complete,2026-09-01T03:39:07+00:00,,운용사 분배금 원천을 아직 수집·검증하지 않음. 무분배로 해석하지 않는다.
KR70025N0008,0025N0,,,,,verified_complete,verified_complete,2026-09-01T03:39:07+00:00,,운용사 분배금 원천을 아직 수집·검증하지 않음. 무분배로 해석하지 않는다.
KR70026E0008,0026E0,,,,,verified_complete,verified_complete,2026-09-01T03:39:07+00:00,,운용사 분배금 원천을 아직 수집·검증하지 않음. 무분배로 해석하지 않는다.
KR70026S0002,0026S0,,,,,verified_complete,verified_complete,2026-09-01T03:39:07+00:00,,운용사 분배금 원천을 아직 수집·검증하지 않음. 무분배로 해석하지 않는다.
KR70028X0003,0028X0,2026-07-30,2026-07-30,,,verified_complete,verified_complete,2026-09-01T03:39:07+00:00,,이벤트는 검증됐으나 전체 기간의 무분배 여부·기업행동 범위가 아직 완결되지 않았다.
KR70035T0000,0035T0,,,,,verified_complete,verified_complete,2026-09-01T03:39:07+00:00,,운용사 분배금 원천을 아직 수집·검증하지 않음. 무분배로 해석하지 않는다.
KR70036R0001,0036R0,,,,,verified_complete,verified_complete,2026-09-01T03:39:07+00:00,,운용사 분배금 원천을 아직 수집·검증하지 않음. 무분배로 해석하지 않는다.
KR70036Z0001,0036Z0,,,,,verified_complete,verified_complete,2026-09-01T03:39:07+00:00,,운용사 분배금 원천을 아직 수집·검증하지 않음. 무분배로 해석하지 않는다.
KR70038A0008,0038A0,2026-07-30,2026-07-30,,,verified_complete,verified_complete,2026-09-01T03:39:07+00:00,,이벤트는 검증됐으나 전체 기간의 무분배 여부·기업행동 범위가 아직 완결되지 않았다.
KR70040S0004,0040S0,,,,,verified_complete,verified_complete,2026-09-01T03:39:07+00:00,,운용사 분배금 원천을 아직 수집·검증하지 않음. 무분배로 해석하지 않는다.
KR70040X0007,0040X0,,,,,verified_complete,verified_complete,2026-09-01T03:39:07+00:00,,운용사 분배금 원천을 아직 수집·검증하지 않음. 무분배로 해석하지 않는다.
KR70040Y0006,0040Y0,,,,,verified_complete,verified_complete,2026-09-01T03:39:07+00:00,,운용사 분배금 원천을 아직 수집·검증하지 않음. 무분배로 해석하지 않는다.
KR70041D0000,0041D0,2026-07-30,2026-07-30,,,verified_complete,verified_complete,2026-09-01T03:39:07+00:00,,이벤트는 검증됐으나 전체 기간의 무분배 여부·기업행동 범위가 아직 완결되지 않았다.
KR70041E0009,0041E0,2026-07-30,2026-07-30,,,verified_complete,verified_complete,2026-09-01T03:39:07+00:00,,이벤트는 검증됐으나 전체 기간의 무분배 여부·기업행동 범위가 아직 완결되지 않았다.
KR70043B0000,0043B0,,,,,verified_complete,verified_complete,2026-09-01T03:39:07+00:00,,운용사 분배금 원천을 아직 수집·검증하지 않음. 무분배로 해석하지 않는다.
KR70043Y0003,0043Y0,,,,,verified_complete,verified_complete,2026-09-01T03:39:07+00:00,,운용사 분배금 원천을 아직 수집·검증하지 않음. 무분배로 해석하지 않는다.
KR70046A0008,0046A0,2026-05-28,2026-06-29,,,verified_complete,verified_complete,2026-09-01T03:39:07+00:00,,이벤트는 검증됐으나 전체 기간의 무분배 여부·기업행동 범위가 아직 완결되지 않았다.
KR70046Y0000,0046Y0,,,,,verified_complete,verified_complete,2026-09-01T03:39:07+00:00,,운용사 분배금 원천을 아직 수집·검증하지 않음. 무분배로 해석하지 않는다.
KR70047A0007,0047A0,,,,,verified_complete,verified_complete,2026-09-01T03:39:07+00:00,,운용사 분배금 원천을 아직 수집·검증하지 않음. 무분배로 해석하지 않는다.
KR70047N0002,0047N0,,,,,verified_complete,verified_complete,2026-09-01T03:39:07+00:00,,운용사 분배금 원천을 아직 수집·검증하지 않음. 무분배로 해석하지 않는다.
KR70047P0000,0047P0,,,,,verified_complete,verified_complete,2026-09-01T03:39:07+00:00,,운용사 분배금 원천을 아직 수집·검증하지 않음. 무분배로 해석하지 않는다.
KR70047R0008,0047R0,,,,,verified_complete,verified_complete,2026-09-01T03:39:07+00:00,,운용사 분배금 원천을 아직 수집·검증하지 않음. 무분배로 해석하지 않는다.
KR70048J0007,0048J0,2026-07-30,2026-07-30,,,verified_complete,verified_complete,2026-09-01T03:39:07+00:00,,이벤트는 검증됐으나 전체 기간의 무분배 여부·기업행동 범위가 아직 완결되지 않았다.
KR70048K0004,0048K0,2026-07-30,2026-07-30,,,verified_complete,verified_complete,2026-09-01T03:39:07+00:00,,이벤트는 검증됐으나 전체 기간의 무분배 여부·기업행동 범위가 아직 완결되지 않았다.
KR70049K0003,0049K0,,,,,verified_complete,verified_complete,2026-09-01T03:39:07+00:00,,운용사 분배금 원천을 아직 수집·검증하지 않음. 무분배로 해석하지 않는다.
KR70049M0001,0049M0,,,,,verified_complete,verified_complete,2026-09-01T03:39:07+00:00,,운용사 분배금 원천을 아직 수집·검증하지 않음. 무분배로 해석하지 않는다.
KR70050E0007,0050E0,,,,,verified_complete,verified_complete,2026-09-01T03:39:07+00:00,,운용사 분배금 원천을 아직 수집·검증하지 않음. 무분배로 해석하지 않는다.
KR70051A0000,0051A0,,,,,verified_complete,verified_complete,2026-09-01T03:39:07+00:00,,운용사 분배금 원천을 아직 수집·검증하지 않음. 무분배로 해석하지 않는다.
KR70051G0004,0051G0,,,,,verified_complete,verified_complete,2026-09-01T03:39:07+00:00,,운용사 분배금 원천을 아직 수집·검증하지 않음. 무분배로 해석하지 않는다.
KR70052D0006,0052D0,2026-06-12,2026-08-13,,,verified_complete,verified_complete,2026-09-01T03:39:07+00:00,,이벤트는 검증됐으나 전체 기간의 무분배 여부·기업행동 범위가 아직 완결되지 않았다.
KR70052S0009,0052S0,,,,,verified_complete,verified_complete,2026-09-01T03:39:07+00:00,,운용사 분배금 원천을 아직 수집·검증하지 않음. 무분배로 해석하지 않는다.
KR70052T0008,0052T0,,,,,verified_complete,verified_complete,2026-09-01T03:39:07+00:00,,운용사 분배금 원천을 아직 수집·검증하지 않음. 무분배로 해석하지 않는다.
KR70053L0005,0053L0,,,,,verified_complete,verified_complete,2026-09-01T03:39:07+00:00,,운용사 분배금 원천을 아직 수집·검증하지 않음. 무분배로 해석하지 않는다.
KR70053M0004,0053M0,,,,,verified_complete,verified_complete,2026-09-01T03:39:07+00:00,,운용사 분배금 원천을 아직 수집·검증하지 않음. 무분배로 해석하지 않는다.
KR70057H0007,0057H0,,,,,verified_complete,verified_complete,2026-09-01T03:39:07+00:00,,운용사 분배금 원천을 아직 수집·검증하지 않음. 무분배로 해석하지 않는다.
KR70060H0002,0060H0,,,,,verified_complete,verified_complete,2026-09-01T03:39:07+00:00,,운용사 분배금 원천을 아직 수집·검증하지 않음. 무분배로 해석하지 않는다.
KR70061Z0009,0061Z0,,,,,verified_complete,verified_complete,2026-09-01T03:39:07+00:00,,운용사 분배금 원천을 아직 수집·검증하지 않음. 무분배로 해석하지 않는다.
KR70064K0003,0064K0,,,,,verified_complete,verified_complete,2026-09-01T03:39:07+00:00,,운용사 분배금 원천을 아직 수집·검증하지 않음. 무분배로 해석하지 않는다.
KR70065G0008,0065G0,2026-07-30,2026-07-30,,,verified_complete,verified_complete,2026-09-01T03:39:07+00:00,,이벤트는 검증됐으나 전체 기간의 무분배 여부·기업행동 범위가 아직 완결되지 않았다.
KR70066W0007,0066W0,,,,,verified_complete,verified_complete,2026-09-01T03:39:07+00:00,,운용사 분배금 원천을 아직 수집·검증하지 않음. 무분배로 해석하지 않는다.
KR70067V0007,0067V0,,,,,verified_complete,verified_complete,2026-09-01T03:39:07+00:00,,운용사 분배금 원천을 아직 수집·검증하지 않음. 무분배로 해석하지 않는다.
KR70067Y0004,0067Y0,,,,,verified_complete,verified_complete,2026-09-01T03:39:07+00:00,,운용사 분배금 원천을 아직 수집·검증하지 않음. 무분배로 해석하지 않는다.
KR70068M0007,0068M0,,,,,verified_complete,verified_complete,2026-09-01T03:39:07+00:00,,운용사 분배금 원천을 아직 수집·검증하지 않음. 무분배로 해석하지 않는다.
KR70069M0006,0069M0,,,,,verified_complete,verified_complete,2026-09-01T03:39:07+00:00,,운용사 분배금 원천을 아직 수집·검증하지 않음. 무분배로 해석하지 않는다.
KR70072R0006,0072R0,,,,,verified_complete,verified_complete,2026-09-01T03:39:07+00:00,,운용사 분배금 원천을 아직 수집·검증하지 않음. 무분배로 해석하지 않는다.
KR70073X0007,0073X0,2026-07-30,2026-07-30,,,verified_complete,verified_complete,2026-09-01T03:39:07+00:00,,이벤트는 검증됐으나 전체 기간의 무분배 여부·기업행동 범위가 아직 완결되지 않았다.
KR70074K0001,0074K0,,,,,verified_complete,verified_complete,2026-09-01T03:39:07+00:00,,운용사 분배금 원천을 아직 수집·검증하지 않음. 무분배로 해석하지 않는다.
KR70078V0004,0078V0,,,,,verified_complete,verified_complete,2026-09-01T03:39:07+00:00,,운용사 분배금 원천을 아직 수집·검증하지 않음. 무분배로 해석하지 않는다.
KR70079X0001,0079X0,,,,,verified_complete,verified_complete,2026-09-01T03:39:07+00:00,,운용사 분배금 원천을 아직 수집·검증하지 않음. 무분배로 해석하지 않는다.
KR70080G0009,0080G0,2026-07-30,2026-07-30,,,verified_complete,verified_complete,2026-09-01T03:39:07+00:00,,이벤트는 검증됐으나 전체 기간의 무분배 여부·기업행동 범위가 아직 완결되지 않았다.
KR70080X0008,0080X0,,,,,verified_complete,verified_complete,2026-09-01T03:39:07+00:00,,운용사 분배금 원천을 아직 수집·검증하지 않음. 무분배로 해석하지 않는다.
KR70080Y0007,0080Y0,,,,,verified_complete,verified_complete,2026-09-01T03:39:07+00:00,,운용사 분배금 원천을 아직 수집·검증하지 않음. 무분배로 해석하지 않는다.
KR70082F0008,0082F0,,,,,verified_complete,verified_complete,2026-09-01T03:39:07+00:00,,운용사 분배금 원천을 아직 수집·검증하지 않음. 무분배로 해석하지 않는다.
KR70082V0008,0082V0,2026-07-30,2026-07-30,,,verified_complete,verified_complete,2026-09-01T03:39:07+00:00,,이벤트는 검증됐으나 전체 기간의 무분배 여부·기업행동 범위가 아직 완결되지 않았다.
KR70083S0002,0083S0,,,,,verified_complete,verified_complete,2026-09-01T03:39:07+00:00,,운용사 분배금 원천을 아직 수집·검증하지 않음. 무분배로 해석하지 않는다.
KR70084D0008,0084D0,,,,,verified_complete,verified_complete,2026-09-01T03:39:07+00:00,,운용사 분배금 원천을 아직 수집·검증하지 않음. 무분배로 해석하지 않는다.
KR70084E0007,0084E0,,,,,verified_complete,verified_complete,2026-09-01T03:39:07+00:00,,운용사 분배금 원천을 아직 수집·검증하지 않음. 무분배로 해석하지 않는다.
KR70085N0005,0085N0,,,,,verified_complete,verified_complete,2026-09-01T03:39:07+00:00,,운용사 분배금 원천을 아직 수집·검증하지 않음. 무분배로 해석하지 않는다.
KR70085P0003,0085P0,,,,,verified_complete,verified_complete,2026-09-01T03:39:07+00:00,,운용사 분배금 원천을 아직 수집·검증하지 않음. 무분배로 해석하지 않는다.
KR70086B0008,0086B0,2026-06-12,2026-08-13,,,verified_complete,verified_complete,2026-09-01T03:39:07+00:00,,이벤트는 검증됐으나 전체 기간의 무분배 여부·기업행동 범위가 아직 완결되지 않았다.
KR70086C0007,0086C0,2026-06-12,2026-08-13,,,verified_complete,verified_complete,2026-09-01T03:39:07+00:00,,이벤트는 검증됐으나 전체 기간의 무분배 여부·기업행동 범위가 아직 완결되지 않았다.
KR70087F0003,0087F0,,,,,verified_complete,verified_complete,2026-09-01T03:39:07+00:00,,운용사 분배금 원천을 아직 수집·검증하지 않음. 무분배로 해석하지 않는다.
KR70088N0002,0088N0,,,,,verified_complete,verified_complete,2026-09-01T03:39:07+00:00,,운용사 분배금 원천을 아직 수집·검증하지 않음. 무분배로 해석하지 않는다.
KR70089B0005,0089B0,,,,,verified_complete,verified_complete,2026-09-01T03:39:07+00:00,,운용사 분배금 원천을 아직 수집·검증하지 않음. 무분배로 해석하지 않는다.
KR70089C0004,0089C0,2026-07-30,2026-07-30,,,verified_complete,verified_complete,2026-09-01T03:39:07+00:00,,이벤트는 검증됐으나 전체 기간의 무분배 여부·기업행동 범위가 아직 완결되지 않았다.
KR70089D0003,0089D0,,,,,verified_complete,verified_complete,2026-09-01T03:39:07+00:00,,운용사 분배금 원천을 아직 수집·검증하지 않음. 무분배로 해석하지 않는다.
KR70090B0002,0090B0,,,,,verified_complete,verified_complete,2026-09-01T03:39:07+00:00,,운용사 분배금 원천을 아직 수집·검증하지 않음. 무분배로 해석하지 않는다.
KR70091C0000,0091C0,,,,,verified_complete,verified_complete,2026-09-01T03:39:07+00:00,,운용사 분배금 원천을 아직 수집·검증하지 않음. 무분배로 해석하지 않는다.
KR70091M0008,0091M0,,,,,verified_complete,verified_complete,2026-09-01T03:39:07+00:00,,운용사 분배금 원천을 아직 수집·검증하지 않음. 무분배로 해석하지 않는다.
KR70091P0005,0091P0,,,,,verified_complete,verified_complete,2026-09-01T03:39:07+00:00,,운용사 분배금 원천을 아직 수집·검증하지 않음. 무분배로 해석하지 않는다.
KR70092B0000,0092B0,,,,,verified_complete,verified_complete,2026-09-01T03:39:07+00:00,,운용사 분배금 원천을 아직 수집·검증하지 않음. 무분배로 해석하지 않는다.
KR70092C0009,0092C0,,,,,verified_complete,verified_complete,2026-09-01T03:39:07+00:00,,운용사 분배금 원천을 아직 수집·검증하지 않음. 무분배로 해석하지 않는다.
KR70093A0000,0093A0,,,,,verified_complete,verified_complete,2026-09-01T03:39:07+00:00,,운용사 분배금 원천을 아직 수집·검증하지 않음. 무분배로 해석하지 않는다.
KR70093B0009,0093B0,,,,,verified_complete,verified_complete,2026-09-01T03:39:07+00:00,,운용사 분배금 원천을 아직 수집·검증하지 않음. 무분배로 해석하지 않는다.
KR70093D0007,0093D0,,,,,verified_complete,verified_complete,2026-09-01T03:39:07+00:00,,운용사 분배금 원천을 아직 수집·검증하지 않음. 무분배로 해석하지 않는다.
KR70094K0007,0094K0,,,,,verified_complete,verified_complete,2026-09-01T03:39:07+00:00,,운용사 분배금 원천을 아직 수집·검증하지 않음. 무분배로 해석하지 않는다.
KR70094L0006,0094L0,,,,,verified_complete,verified_complete,2026-09-01T03:39:07+00:00,,운용사 분배금 원천을 아직 수집·검증하지 않음. 무분배로 해석하지 않는다.
KR70094M0005,0094M0,,,,,verified_complete,verified_complete,2026-09-01T03:39:07+00:00,,운용사 분배금 원천을 아직 수집·검증하지 않음. 무분배로 해석하지 않는다.
KR70094X0002,0094X0,,,,,verified_complete,verified_complete,2026-09-01T03:39:07+00:00,,운용사 분배금 원천을 아직 수집·검증하지 않음. 무분배로 해석하지 않는다.
KR70097L0003,0097L0,,,,,verified_complete,verified_complete,2026-09-01T03:39:07+00:00,,운용사 분배금 원천을 아직 수집·검증하지 않음. 무분배로 해석하지 않는다.
KR70098F0000,0098F0,,,,,verified_complete,verified_complete,2026-09-01T03:39:07+00:00,,운용사 분배금 원천을 아직 수집·검증하지 않음. 무분배로 해석하지 않는다.
KR70098N0000,0098N0,,,,,verified_complete,verified_complete,2026-09-01T03:39:07+00:00,,운용사 분배금 원천을 아직 수집·검증하지 않음. 무분배로 해석하지 않는다.
KR70098Z0006,0098Z0,,,,,verified_complete,verified_complete,2026-09-01T03:39:07+00:00,,운용사 분배금 원천을 아직 수집·검증하지 않음. 무분배로 해석하지 않는다.
KR70099L0001,0099L0,,,,,verified_complete,verified_complete,2026-09-01T03:39:07+00:00,,운용사 분배금 원천을 아직 수집·검증하지 않음. 무분배로 해석하지 않는다.
KR70100K0009,0100K0,,,,,verified_complete,verified_complete,2026-09-01T03:39:07+00:00,,운용사 분배금 원천을 아직 수집·검증하지 않음. 무분배로 해석하지 않는다.
KR70101N0005,0101N0,,,,,verified_complete,verified_complete,2026-09-01T03:39:07+00:00,,운용사 분배금 원천을 아직 수집·검증하지 않음. 무분배로 해석하지 않는다.
KR70102A0009,0102A0,,,,,verified_complete,verified_complete,2026-09-01T03:39:07+00:00,,운용사 분배금 원천을 아직 수집·검증하지 않음. 무분배로 해석하지 않는다.
KR70102X0002,0102X0,,,,,verified_complete,verified_complete,2026-09-01T03:39:07+00:00,,운용사 분배금 원천을 아직 수집·검증하지 않음. 무분배로 해석하지 않는다.
KR70103T0007,0103T0,,,,,verified_complete,verified_complete,2026-09-01T03:39:07+00:00,,운용사 분배금 원천을 아직 수집·검증하지 않음. 무분배로 해석하지 않는다.
KR70104G0001,0104G0,,,,,verified_complete,verified_complete,2026-09-01T03:39:07+00:00,,운용사 분배금 원천을 아직 수집·검증하지 않음. 무분배로 해석하지 않는다.
KR70104H0000,0104H0,,,,,verified_complete,verified_complete,2026-09-01T03:39:07+00:00,,운용사 분배금 원천을 아직 수집·검증하지 않음. 무분배로 해석하지 않는다.
KR70104N0002,0104N0,2026-06-12,2026-08-13,,,verified_complete,verified_complete,2026-09-01T03:39:07+00:00,,이벤트는 검증됐으나 전체 기간의 무분배 여부·기업행동 범위가 아직 완결되지 않았다.
KR70104P0000,0104P0,2026-05-28,2026-06-29,,,verified_complete,verified_complete,2026-09-01T03:39:07+00:00,,이벤트는 검증됐으나 전체 기간의 무분배 여부·기업행동 범위가 아직 완결되지 않았다.
KR70105D0003,0105D0,,,,,verified_complete,verified_complete,2026-09-01T03:39:07+00:00,,운용사 분배금 원천을 아직 수집·검증하지 않음. 무분배로 해석하지 않는다.
KR70105E0002,0105E0,,,,,verified_complete,verified_complete,2026-09-01T03:39:07+00:00,,운용사 분배금 원천을 아직 수집·검증하지 않음. 무분배로 해석하지 않는다.
KR70107F0009,0107F0,,,,,verified_complete,verified_complete,2026-09-01T03:39:07+00:00,,운용사 분배금 원천을 아직 수집·검증하지 않음. 무분배로 해석하지 않는다.
KR70111J0009,0111J0,,,,,verified_complete,verified_complete,2026-09-01T03:39:07+00:00,,운용사 분배금 원천을 아직 수집·검증하지 않음. 무분배로 해석하지 않는다.
KR70111P0001,0111P0,,,,,verified_complete,verified_complete,2026-09-01T03:39:07+00:00,,운용사 분배금 원천을 아직 수집·검증하지 않음. 무분배로 해석하지 않는다.
KR70112X0000,0112X0,,,,,verified_complete,verified_complete,2026-09-01T03:39:07+00:00,,운용사 분배금 원천을 아직 수집·검증하지 않음. 무분배로 해석하지 않는다.
KR70113D0003,0113D0,,,,,verified_complete,verified_complete,2026-09-01T03:39:07+00:00,,운용사 분배금 원천을 아직 수집·검증하지 않음. 무분배로 해석하지 않는다.
KR70113G0000,0113G0,,,,,verified_complete,verified_complete,2026-09-01T03:39:07+00:00,,운용사 분배금 원천을 아직 수집·검증하지 않음. 무분배로 해석하지 않는다.
KR70113P0009,0113P0,,,,,verified_complete,verified_complete,2026-09-01T03:39:07+00:00,,운용사 분배금 원천을 아직 수집·검증하지 않음. 무분배로 해석하지 않는다.
KR70114X0008,0114X0,,,,,verified_complete,verified_complete,2026-09-01T03:39:07+00:00,,운용사 분배금 원천을 아직 수집·검증하지 않음. 무분배로 해석하지 않는다.
KR70115C0002,0115C0,,,,,verified_complete,verified_complete,2026-09-01T03:39:07+00:00,,운용사 분배금 원천을 아직 수집·검증하지 않음. 무분배로 해석하지 않는다.
KR70115D0001,0115D0,,,,,verified_complete,verified_complete,2026-09-01T03:39:07+00:00,,운용사 분배금 원천을 아직 수집·검증하지 않음. 무분배로 해석하지 않는다.
KR70115E0000,0115E0,2026-07-30,2026-07-30,,,verified_complete,verified_complete,2026-09-01T03:39:07+00:00,,이벤트는 검증됐으나 전체 기간의 무분배 여부·기업행동 범위가 아직 완결되지 않았다.
KR70117L0009,0117L0,,,,,verified_complete,verified_complete,2026-09-01T03:39:07+00:00,,운용사 분배금 원천을 아직 수집·검증하지 않음. 무분배로 해석하지 않는다.
KR70117V0007,0117V0,,,,,verified_complete,verified_complete,2026-09-01T03:39:07+00:00,,운용사 분배금 원천을 아직 수집·검증하지 않음. 무분배로 해석하지 않는다.
KR70118S0001,0118S0,,,,,verified_complete,verified_complete,2026-09-01T03:39:07+00:00,,운용사 분배금 원천을 아직 수집·검증하지 않음. 무분배로 해석하지 않는다.
KR70118Z0002,0118Z0,,,,,verified_complete,verified_complete,2026-09-01T03:39:07+00:00,,운용사 분배금 원천을 아직 수집·검증하지 않음. 무분배로 해석하지 않는다.
KR70119H0003,0119H0,,,,,verified_complete,verified_complete,2026-09-01T03:39:07+00:00,,운용사 분배금 원천을 아직 수집·검증하지 않음. 무분배로 해석하지 않는다.
KR70120J0008,0120J0,,,,,verified_complete,verified_complete,2026-09-01T03:39:07+00:00,,운용사 분배금 원천을 아직 수집·검증하지 않음. 무분배로 해석하지 않는다.
KR70122W0009,0122W0,,,,,verified_complete,verified_complete,2026-09-01T03:39:07+00:00,,운용사 분배금 원천을 아직 수집·검증하지 않음. 무분배로 해석하지 않는다.
KR70123G0008,0123G0,,,,,verified_complete,verified_complete,2026-09-01T03:39:07+00:00,,운용사 분배금 원천을 아직 수집·검증하지 않음. 무분배로 해석하지 않는다.
KR70123S0004,0123S0,,,,,verified_complete,verified_complete,2026-09-01T03:39:07+00:00,,운용사 분배금 원천을 아직 수집·검증하지 않음. 무분배로 해석하지 않는다.
KR70127M0006,0127M0,,,,,verified_complete,verified_complete,2026-09-01T03:39:07+00:00,,운용사 분배금 원천을 아직 수집·검증하지 않음. 무분배로 해석하지 않는다.
KR70127P0003,0127P0,,,,,verified_complete,verified_complete,2026-09-01T03:39:07+00:00,,운용사 분배금 원천을 아직 수집·검증하지 않음. 무분배로 해석하지 않는다.
KR70127R0001,0127R0,,,,,verified_complete,verified_complete,2026-09-01T03:39:07+00:00,,운용사 분배금 원천을 아직 수집·검증하지 않음. 무분배로 해석하지 않는다.
KR70127T0009,0127T0,,,,,verified_complete,verified_complete,2026-09-01T03:39:07+00:00,,운용사 분배금 원천을 아직 수집·검증하지 않음. 무분배로 해석하지 않는다.
KR70127V0005,0127V0,,,,,verified_complete,verified_complete,2026-09-01T03:39:07+00:00,,운용사 분배금 원천을 아직 수집·검증하지 않음. 무분배로 해석하지 않는다.
KR70128D0006,0128D0,,,,,verified_complete,verified_complete,2026-09-01T03:39:07+00:00,,운용사 분배금 원천을 아직 수집·검증하지 않음. 무분배로 해석하지 않는다.
KR70131A0004,0131A0,,,,,verified_complete,verified_complete,2026-09-01T03:39:07+00:00,,운용사 분배금 원천을 아직 수집·검증하지 않음. 무분배로 해석하지 않는다.
KR70131V0009,0131V0,,,,,verified_complete,verified_complete,2026-09-01T03:39:07+00:00,,운용사 분배금 원천을 아직 수집·검증하지 않음. 무분배로 해석하지 않는다.
KR70131W0008,0131W0,,,,,verified_complete,verified_complete,2026-09-01T03:39:07+00:00,,운용사 분배금 원천을 아직 수집·검증하지 않음. 무분배로 해석하지 않는다.
KR70132D0000,0132D0,,,,,verified_complete,verified_complete,2026-09-01T03:39:07+00:00,,운용사 분배금 원천을 아직 수집·검증하지 않음. 무분배로 해석하지 않는다.
KR70132H0006,0132H0,2026-07-30,2026-07-30,,,verified_complete,verified_complete,2026-09-01T03:39:07+00:00,,이벤트는 검증됐으나 전체 기간의 무분배 여부·기업행동 범위가 아직 완결되지 않았다.
KR70132K0001,0132K0,,,,,verified_complete,verified_complete,2026-09-01T03:39:07+00:00,,운용사 분배금 원천을 아직 수집·검증하지 않음. 무분배로 해석하지 않는다.
KR70133E0008,0133E0,,,,,verified_complete,verified_complete,2026-09-01T03:39:07+00:00,,운용사 분배금 원천을 아직 수집·검증하지 않음. 무분배로 해석하지 않는다.
KR70135Y0002,0135Y0,,,,,verified_complete,verified_complete,2026-09-01T03:39:07+00:00,,운용사 분배금 원천을 아직 수집·검증하지 않음. 무분배로 해석하지 않는다.
KR70137V0003,0137V0,,,,,verified_complete,verified_complete,2026-09-01T03:39:07+00:00,,운용사 분배금 원천을 아직 수집·검증하지 않음. 무분배로 해석하지 않는다.
KR70137W0002,0137W0,,,,,verified_complete,verified_complete,2026-09-01T03:39:07+00:00,,운용사 분배금 원천을 아직 수집·검증하지 않음. 무분배로 해석하지 않는다.
KR70138D0004,0138D0,,,,,verified_complete,verified_complete,2026-09-01T03:39:07+00:00,,운용사 분배금 원천을 아직 수집·검증하지 않음. 무분배로 해석하지 않는다.
KR70138T0006,0138T0,,,,,verified_complete,verified_complete,2026-09-01T03:39:07+00:00,,운용사 분배금 원천을 아직 수집·검증하지 않음. 무분배로 해석하지 않는다.
KR70138Y0009,0138Y0,,,,,verified_complete,verified_complete,2026-09-01T03:39:07+00:00,,운용사 분배금 원천을 아직 수집·검증하지 않음. 무분배로 해석하지 않는다.
KR70139F0001,0139F0,,,,,verified_complete,verified_complete,2026-09-01T03:39:07+00:00,,운용사 분배금 원천을 아직 수집·검증하지 않음. 무분배로 해석하지 않는다.
KR70139P0009,0139P0,,,,,verified_complete,verified_complete,2026-09-01T03:39:07+00:00,,운용사 분배금 원천을 아직 수집·검증하지 않음. 무분배로 해석하지 않는다.
KR70141S0002,0141S0,,,,,verified_complete,verified_complete,2026-09-01T03:39:07+00:00,,운용사 분배금 원천을 아직 수집·검증하지 않음. 무분배로 해석하지 않는다.
KR70141T0001,0141T0,,,,,verified_complete,verified_complete,2026-09-01T03:39:07+00:00,,운용사 분배금 원천을 아직 수집·검증하지 않음. 무분배로 해석하지 않는다.
KR70142D0008,0142D0,,,,,verified_complete,verified_complete,2026-09-01T03:39:07+00:00,,운용사 분배금 원천을 아직 수집·검증하지 않음. 무분배로 해석하지 않는다.
KR70144L0006,0144L0,2026-07-30,2026-07-30,,,verified_complete,verified_complete,2026-09-01T03:39:07+00:00,,이벤트는 검증됐으나 전체 기간의 무분배 여부·기업행동 범위가 아직 완결되지 않았다.
KR70144M0005,0144M0,2026-07-30,2026-07-30,,,verified_complete,verified_complete,2026-09-01T03:39:07+00:00,,이벤트는 검증됐으나 전체 기간의 무분배 여부·기업행동 범위가 아직 완결되지 않았다.
KR70148J0006,0148J0,,,,,verified_complete,verified_complete,2026-09-01T03:39:07+00:00,,운용사 분배금 원천을 아직 수집·검증하지 않음. 무분배로 해석하지 않는다.
KR70150K0008,0150K0,,,,,verified_complete,verified_complete,2026-09-01T03:39:07+00:00,,운용사 분배금 원천을 아직 수집·검증하지 않음. 무분배로 해석하지 않는다.
KR70151P0002,0151P0,,,,,verified_complete,verified_complete,2026-09-01T03:39:07+00:00,,운용사 분배금 원천을 아직 수집·검증하지 않음. 무분배로 해석하지 않는다.
KR70151S0009,0151S0,2026-07-30,2026-07-30,,,verified_complete,verified_complete,2026-09-01T03:39:07+00:00,,이벤트는 검증됐으나 전체 기간의 무분배 여부·기업행동 범위가 아직 완결되지 않았다.
KR70152E0004,0152E0,,,,,verified_complete,verified_complete,2026-09-01T03:39:07+00:00,,운용사 분배금 원천을 아직 수집·검증하지 않음. 무분배로 해석하지 않는다.
KR70153K0005,0153K0,,,,,verified_complete,verified_complete,2026-09-01T03:39:07+00:00,,운용사 분배금 원천을 아직 수집·검증하지 않음. 무분배로 해석하지 않는다.
KR70153P0000,0153P0,,,,,verified_complete,verified_complete,2026-09-01T03:39:07+00:00,,운용사 분배금 원천을 아직 수집·검증하지 않음. 무분배로 해석하지 않는다.
KR70153X0000,0153X0,,,,,verified_complete,verified_complete,2026-09-01T03:39:07+00:00,,운용사 분배금 원천을 아직 수집·검증하지 않음. 무분배로 해석하지 않는다.
KR70154F0001,0154F0,,,,,verified_complete,verified_complete,2026-09-01T03:39:07+00:00,,운용사 분배금 원천을 아직 수집·검증하지 않음. 무분배로 해석하지 않는다.
KR70154H0009,0154H0,,,,,verified_complete,verified_complete,2026-09-01T03:39:07+00:00,,운용사 분배금 원천을 아직 수집·검증하지 않음. 무분배로 해석하지 않는다.
KR70155M0001,0155M0,,,,,verified_complete,verified_complete,2026-09-01T03:39:07+00:00,,운용사 분배금 원천을 아직 수집·검증하지 않음. 무분배로 해석하지 않는다.
KR70155N0000,0155N0,,,,,verified_complete,verified_complete,2026-09-01T03:39:07+00:00,,운용사 분배금 원천을 아직 수집·검증하지 않음. 무분배로 해석하지 않는다.
KR70162L0003,0162L0,2026-07-30,2026-07-30,,,verified_complete,verified_complete,2026-09-01T03:39:07+00:00,,이벤트는 검증됐으나 전체 기간의 무분배 여부·기업행동 범위가 아직 완결되지 않았다.
KR70162M0002,0162M0,,,,,verified_complete,verified_complete,2026-09-01T03:39:07+00:00,,운용사 분배금 원천을 아직 수집·검증하지 않음. 무분배로 해석하지 않는다.
KR70162Y0008,0162Y0,,,,,verified_complete,verified_complete,2026-09-01T03:39:07+00:00,,운용사 분배금 원천을 아직 수집·검증하지 않음. 무분배로 해석하지 않는다.
KR70162Z0007,0162Z0,,,,,verified_complete,verified_complete,2026-09-01T03:39:07+00:00,,운용사 분배금 원천을 아직 수집·검증하지 않음. 무분배로 해석하지 않는다.
KR70163Y0007,0163Y0,,,,,verified_complete,verified_complete,2026-09-01T03:39:07+00:00,,운용사 분배금 원천을 아직 수집·검증하지 않음. 무분배로 해석하지 않는다.
KR70164G0008,0164G0,,,,,verified_complete,verified_complete,2026-09-01T03:39:07+00:00,,운용사 분배금 원천을 아직 수집·검증하지 않음. 무분배로 해석하지 않는다.
KR70166N0007,0166N0,,,,,verified_complete,verified_complete,2026-09-01T03:39:07+00:00,,운용사 분배금 원천을 아직 수집·검증하지 않음. 무분배로 해석하지 않는다.
KR70166S0002,0166S0,,,,,verified_complete,verified_complete,2026-09-01T03:39:07+00:00,,운용사 분배금 원천을 아직 수집·검증하지 않음. 무분배로 해석하지 않는다.
KR70166T0001,0166T0,,,,,verified_complete,verified_complete,2026-09-01T03:39:07+00:00,,운용사 분배금 원천을 아직 수집·검증하지 않음. 무분배로 해석하지 않는다.
KR70167A0001,0167A0,,,,,verified_complete,verified_complete,2026-09-01T03:39:07+00:00,,운용사 분배금 원천을 아직 수집·검증하지 않음. 무분배로 해석하지 않는다.
KR70167B0000,0167B0,,,,,verified_complete,verified_complete,2026-09-01T03:39:07+00:00,,운용사 분배금 원천을 아직 수집·검증하지 않음. 무분배로 해석하지 않는다.
KR70167Z0002,0167Z0,2026-07-30,2026-07-30,,,verified_complete,verified_complete,2026-09-01T03:39:07+00:00,,이벤트는 검증됐으나 전체 기간의 무분배 여부·기업행동 범위가 아직 완결되지 않았다.
KR70168K0008,0168K0,,,,,verified_complete,verified_complete,2026-09-01T03:39:07+00:00,,운용사 분배금 원천을 아직 수집·검증하지 않음. 무분배로 해석하지 않는다.
KR70172V0009,0172V0,,,,,verified_complete,verified_complete,2026-09-01T03:39:07+00:00,,운용사 분배금 원천을 아직 수집·검증하지 않음. 무분배로 해석하지 않는다.
KR70172Y0006,0172Y0,,,,,verified_complete,verified_complete,2026-09-01T03:39:07+00:00,,운용사 분배금 원천을 아직 수집·검증하지 않음. 무분배로 해석하지 않는다.
KR70173Y0005,0173Y0,2026-07-30,2026-07-30,,,verified_complete,verified_complete,2026-09-01T03:39:07+00:00,,이벤트는 검증됐으나 전체 기간의 무분배 여부·기업행동 범위가 아직 완결되지 않았다.
KR70174B0001,0174B0,,,,,verified_complete,verified_complete,2026-09-01T03:39:07+00:00,,운용사 분배금 원천을 아직 수집·검증하지 않음. 무분배로 해석하지 않는다.
KR70174J0003,0174J0,,,,,verified_complete,verified_complete,2026-09-01T03:39:07+00:00,,운용사 분배금 원천을 아직 수집·검증하지 않음. 무분배로 해석하지 않는다.
KR70174R0003,0174R0,,,,,verified_complete,verified_complete,2026-09-01T03:39:07+00:00,,운용사 분배금 원천을 아직 수집·검증하지 않음. 무분배로 해석하지 않는다.
KR70176E0006,0176E0,,,,,verified_complete,verified_complete,2026-09-01T03:39:07+00:00,,운용사 분배금 원천을 아직 수집·검증하지 않음. 무분배로 해석하지 않는다.
KR70176P0003,0176P0,2026-07-30,2026-07-30,,,verified_complete,verified_complete,2026-09-01T03:39:07+00:00,,이벤트는 검증됐으나 전체 기간의 무분배 여부·기업행동 범위가 아직 완결되지 않았다.
KR70177A0009,0177A0,,,,,verified_complete,verified_complete,2026-09-01T03:39:07+00:00,,운용사 분배금 원천을 아직 수집·검증하지 않음. 무분배로 해석하지 않는다.
KR70177N0004,0177N0,,,,,verified_complete,verified_complete,2026-09-01T03:39:07+00:00,,운용사 분배금 원천을 아직 수집·검증하지 않음. 무분배로 해석하지 않는다.
KR70177R0000,0177R0,2026-06-12,2026-08-13,,,verified_complete,verified_complete,2026-09-01T03:39:07+00:00,,이벤트는 검증됐으나 전체 기간의 무분배 여부·기업행동 범위가 아직 완결되지 않았다.
KR70177X0002,0177X0,,,,,verified_complete,verified_complete,2026-09-01T03:39:07+00:00,,운용사 분배금 원천을 아직 수집·검증하지 않음. 무분배로 해석하지 않는다.
KR70178H0001,0178H0,,,,,verified_complete,verified_complete,2026-09-01T03:39:07+00:00,,운용사 분배금 원천을 아직 수집·검증하지 않음. 무분배로 해석하지 않는다.
KR70180V0009,0180V0,,,,,verified_complete,verified_complete,2026-09-01T03:39:07+00:00,,운용사 분배금 원천을 아직 수집·검증하지 않음. 무분배로 해석하지 않는다.
KR70181B0002,0181B0,,,,,verified_complete,verified_complete,2026-09-01T03:39:07+00:00,,운용사 분배금 원천을 아직 수집·검증하지 않음. 무분배로 해석하지 않는다.
KR70181L0000,0181L0,,,,,verified_complete,verified_complete,2026-09-01T03:39:07+00:00,,운용사 분배금 원천을 아직 수집·검증하지 않음. 무분배로 해석하지 않는다.
KR70182R0003,0182R0,,,,,verified_complete,verified_complete,2026-09-01T03:39:07+00:00,,운용사 분배금 원천을 아직 수집·검증하지 않음. 무분배로 해석하지 않는다.
KR70182S0002,0182S0,,,,,verified_complete,verified_complete,2026-09-01T03:39:07+00:00,,운용사 분배금 원천을 아직 수집·검증하지 않음. 무분배로 해석하지 않는다.
KR70183J0002,0183J0,,,,,verified_complete,verified_complete,2026-09-01T03:39:07+00:00,,운용사 분배금 원천을 아직 수집·검증하지 않음. 무분배로 해석하지 않는다.
KR70183V0006,0183V0,,,,,verified_complete,verified_complete,2026-09-01T03:39:07+00:00,,운용사 분배금 원천을 아직 수집·검증하지 않음. 무분배로 해석하지 않는다.
KR70184E0006,0184E0,,,,,verified_complete,verified_complete,2026-09-01T03:39:07+00:00,,운용사 분배금 원천을 아직 수집·검증하지 않음. 무분배로 해석하지 않는다.
KR70184L0007,0184L0,,,,,verified_complete,verified_complete,2026-09-01T03:39:07+00:00,,운용사 분배금 원천을 아직 수집·검증하지 않음. 무분배로 해석하지 않는다.
KR70184N0005,0184N0,,,,,verified_complete,verified_complete,2026-09-01T03:39:07+00:00,,운용사 분배금 원천을 아직 수집·검증하지 않음. 무분배로 해석하지 않는다.
KR70184V0005,0184V0,,,,,verified_complete,verified_complete,2026-09-01T03:39:07+00:00,,운용사 분배금 원천을 아직 수집·검증하지 않음. 무분배로 해석하지 않는다.
KR70185L0006,0185L0,,,,,verified_complete,verified_complete,2026-09-01T03:39:07+00:00,,운용사 분배금 원천을 아직 수집·검증하지 않음. 무분배로 해석하지 않는다.
KR70186L0005,0186L0,,,,,verified_complete,verified_complete,2026-09-01T03:39:07+00:00,,운용사 분배금 원천을 아직 수집·검증하지 않음. 무분배로 해석하지 않는다.
KR70186S0008,0186S0,,,,,verified_complete,verified_complete,2026-09-01T03:39:07+00:00,,운용사 분배금 원천을 아직 수집·검증하지 않음. 무분배로 해석하지 않는다.
KR70189B0004,0189B0,,,,,verified_complete,verified_complete,2026-09-01T03:39:07+00:00,,운용사 분배금 원천을 아직 수집·검증하지 않음. 무분배로 해석하지 않는다.
KR70189Z0006,0189Z0,2026-07-30,2026-07-30,,,verified_complete,verified_complete,2026-09-01T03:39:07+00:00,,이벤트는 검증됐으나 전체 기간의 무분배 여부·기업행동 범위가 아직 완결되지 않았다.
KR70190C0000,0190C0,,,,,verified_complete,verified_complete,2026-09-01T03:39:07+00:00,,운용사 분배금 원천을 아직 수집·검증하지 않음. 무분배로 해석하지 않는다.
KR70190G0006,0190G0,2026-07-30,2026-07-30,,,verified_complete,verified_complete,2026-09-01T03:39:07+00:00,,이벤트는 검증됐으나 전체 기간의 무분배 여부·기업행동 범위가 아직 완결되지 않았다.
KR70190M0008,0190M0,,,,,verified_complete,verified_complete,2026-09-01T03:39:07+00:00,,운용사 분배금 원천을 아직 수집·검증하지 않음. 무분배로 해석하지 않는다.
KR70190Y0004,0190Y0,,,,,verified_complete,verified_complete,2026-09-01T03:39:07+00:00,,운용사 분배금 원천을 아직 수집·검증하지 않음. 무분배로 해석하지 않는다.
KR70191B0000,0191B0,,,,,verified_complete,verified_complete,2026-09-01T03:39:07+00:00,,운용사 분배금 원천을 아직 수집·검증하지 않음. 무분배로 해석하지 않는다.
KR70191M0007,0191M0,,,,,verified_complete,verified_complete,2026-09-01T03:39:07+00:00,,운용사 분배금 원천을 아직 수집·검증하지 않음. 무분배로 해석하지 않는다.
KR70191S0001,0191S0,,,,,verified_complete,verified_complete,2026-09-01T03:39:07+00:00,,운용사 분배금 원천을 아직 수집·검증하지 않음. 무분배로 해석하지 않는다.
KR70191W0005,0191W0,,,,,verified_complete,verified_complete,2026-09-01T03:39:07+00:00,,운용사 분배금 원천을 아직 수집·검증하지 않음. 무분배로 해석하지 않는다.
KR70192L0007,0192L0,,,,,verified_complete,verified_complete,2026-09-01T03:39:07+00:00,,운용사 분배금 원천을 아직 수집·검증하지 않음. 무분배로 해석하지 않는다.
KR70192M0006,0192M0,,,,,verified_complete,verified_complete,2026-09-01T03:39:07+00:00,,운용사 분배금 원천을 아직 수집·검증하지 않음. 무분배로 해석하지 않는다.
KR70192S0000,0192S0,,,,,verified_complete,verified_complete,2026-09-01T03:39:07+00:00,,운용사 분배금 원천을 아직 수집·검증하지 않음. 무분배로 해석하지 않는다.
KR70192T0009,0192T0,,,,,verified_complete,verified_complete,2026-09-01T03:39:07+00:00,,운용사 분배금 원천을 아직 수집·검증하지 않음. 무분배로 해석하지 않는다.
KR70192Z0001,0192Z0,,,,,verified_complete,verified_complete,2026-09-01T03:39:07+00:00,,운용사 분배금 원천을 아직 수집·검증하지 않음. 무분배로 해석하지 않는다.
KR70193G0003,0193G0,,,,,verified_complete,verified_complete,2026-09-01T03:39:07+00:00,,운용사 분배금 원천을 아직 수집·검증하지 않음. 무분배로 해석하지 않는다.
KR70193K0007,0193K0,,,,,verified_complete,verified_complete,2026-09-01T03:39:07+00:00,,운용사 분배금 원천을 아직 수집·검증하지 않음. 무분배로 해석하지 않는다.
KR70193L0006,0193L0,,,,,verified_complete,verified_complete,2026-09-01T03:39:07+00:00,,운용사 분배금 원천을 아직 수집·검증하지 않음. 무분배로 해석하지 않는다.
KR70193M0005,0193M0,,,,,verified_complete,verified_complete,2026-09-01T03:39:07+00:00,,운용사 분배금 원천을 아직 수집·검증하지 않음. 무분배로 해석하지 않는다.
KR70193T0008,0193T0,,,,,verified_complete,verified_complete,2026-09-01T03:39:07+00:00,,운용사 분배금 원천을 아직 수집·검증하지 않음. 무분배로 해석하지 않는다.
KR70193W0003,0193W0,,,,,verified_complete,verified_complete,2026-09-01T03:39:07+00:00,,운용사 분배금 원천을 아직 수집·검증하지 않음. 무분배로 해석하지 않는다.
KR70194M0004,0194M0,,,,,verified_complete,verified_complete,2026-09-01T03:39:07+00:00,,운용사 분배금 원천을 아직 수집·검증하지 않음. 무분배로 해석하지 않는다.
KR70194N0003,0194N0,,,,,verified_complete,verified_complete,2026-09-01T03:39:07+00:00,,운용사 분배금 원천을 아직 수집·검증하지 않음. 무분배로 해석하지 않는다.
KR70194R0009,0194R0,,,,,verified_complete,verified_complete,2026-09-01T03:39:07+00:00,,운용사 분배금 원천을 아직 수집·검증하지 않음. 무분배로 해석하지 않는다.
KR70194T0007,0194T0,,,,,verified_complete,verified_complete,2026-09-01T03:39:07+00:00,,운용사 분배금 원천을 아직 수집·검증하지 않음. 무분배로 해석하지 않는다.
KR70195R0008,0195R0,,,,,verified_complete,verified_complete,2026-09-01T03:39:07+00:00,,운용사 분배금 원천을 아직 수집·검증하지 않음. 무분배로 해석하지 않는다.
KR70195S0007,0195S0,,,,,verified_complete,verified_complete,2026-09-01T03:39:07+00:00,,운용사 분배금 원천을 아직 수집·검증하지 않음. 무분배로 해석하지 않는다.
KR70197W0009,0197W0,,,,,verified_complete,verified_complete,2026-09-01T03:39:07+00:00,,운용사 분배금 원천을 아직 수집·검증하지 않음. 무분배로 해석하지 않는다.
KR70197X0008,0197X0,,,,,verified_complete,verified_complete,2026-09-01T03:39:07+00:00,,운용사 분배금 원천을 아직 수집·검증하지 않음. 무분배로 해석하지 않는다.
KR70198A0004,0198A0,,,,,verified_complete,verified_complete,2026-09-01T03:39:07+00:00,,운용사 분배금 원천을 아직 수집·검증하지 않음. 무분배로 해석하지 않는다.
KR70198B0003,0198B0,,,,,verified_complete,verified_complete,2026-09-01T03:39:07+00:00,,운용사 분배금 원천을 아직 수집·검증하지 않음. 무분배로 해석하지 않는다.
KR70198D0001,0198D0,,,,,verified_complete,verified_complete,2026-09-01T03:39:07+00:00,,운용사 분배금 원천을 아직 수집·검증하지 않음. 무분배로 해석하지 않는다.
KR70199C0001,0199C0,,,,,verified_complete,verified_complete,2026-09-01T03:39:07+00:00,,운용사 분배금 원천을 아직 수집·검증하지 않음. 무분배로 해석하지 않는다.
KR70203D0004,0203D0,,,,,verified_complete,verified_complete,2026-09-01T03:39:07+00:00,,운용사 분배금 원천을 아직 수집·검증하지 않음. 무분배로 해석하지 않는다.
KR70203R0008,0203R0,,,,,verified_complete,verified_complete,2026-09-01T03:39:07+00:00,,운용사 분배금 원천을 아직 수집·검증하지 않음. 무분배로 해석하지 않는다.
KR70203S0007,0203S0,,,,,verified_complete,verified_complete,2026-09-01T03:39:07+00:00,,운용사 분배금 원천을 아직 수집·검증하지 않음. 무분배로 해석하지 않는다.
KR70204D0003,0204D0,,,,,verified_complete,verified_complete,2026-09-01T03:39:07+00:00,,운용사 분배금 원천을 아직 수집·검증하지 않음. 무분배로 해석하지 않는다.
KR70204S0006,0204S0,,,,,verified_complete,verified_complete,2026-09-01T03:39:07+00:00,,운용사 분배금 원천을 아직 수집·검증하지 않음. 무분배로 해석하지 않는다.
KR70206G0008,0206G0,,,,,verified_complete,verified_complete,2026-09-01T03:39:07+00:00,,운용사 분배금 원천을 아직 수집·검증하지 않음. 무분배로 해석하지 않는다.
KR70207G0007,0207G0,,,,,verified_complete,verified_complete,2026-09-01T03:39:07+00:00,,운용사 분배금 원천을 아직 수집·검증하지 않음. 무분배로 해석하지 않는다.
KR70207Z0004,0207Z0,,,,,verified_complete,verified_complete,2026-09-01T03:39:07+00:00,,운용사 분배금 원천을 아직 수집·검증하지 않음. 무분배로 해석하지 않는다.
KR70208N0007,0208N0,,,,,verified_complete,verified_complete,2026-09-01T03:39:07+00:00,,운용사 분배금 원천을 아직 수집·검증하지 않음. 무분배로 해석하지 않는다.
KR70209D0008,0209D0,,,,,verified_complete,verified_complete,2026-09-01T03:39:07+00:00,,운용사 분배금 원천을 아직 수집·검증하지 않음. 무분배로 해석하지 않는다.
KR70209Z0002,0209Z0,,,,,verified_complete,verified_complete,2026-09-01T03:39:07+00:00,,운용사 분배금 원천을 아직 수집·검증하지 않음. 무분배로 해석하지 않는다.
KR70210A0008,0210A0,,,,,verified_complete,verified_complete,2026-09-01T03:39:07+00:00,,운용사 분배금 원천을 아직 수집·검증하지 않음. 무분배로 해석하지 않는다.
KR70210E0004,0210E0,,,,,verified_complete,verified_complete,2026-09-01T03:39:07+00:00,,운용사 분배금 원천을 아직 수집·검증하지 않음. 무분배로 해석하지 않는다.
KR70214M0000,0214M0,,,,,verified_complete,verified_complete,2026-09-01T03:39:07+00:00,,운용사 분배금 원천을 아직 수집·검증하지 않음. 무분배로 해석하지 않는다.
KR70215T0002,0215T0,,,,,verified_complete,verified_complete,2026-09-01T03:39:07+00:00,,운용사 분배금 원천을 아직 수집·검증하지 않음. 무분배로 해석하지 않는다.
KR70216K0000,0216K0,,,,,verified_complete,verified_complete,2026-09-01T03:39:07+00:00,,운용사 분배금 원천을 아직 수집·검증하지 않음. 무분배로 해석하지 않는다.
KR70216Z0003,0216Z0,,,,,verified_complete,verified_complete,2026-09-01T03:39:07+00:00,,운용사 분배금 원천을 아직 수집·검증하지 않음. 무분배로 해석하지 않는다.
KR70218J0001,0218J0,,,,,verified_complete,verified_complete,2026-09-01T03:39:07+00:00,,운용사 분배금 원천을 아직 수집·검증하지 않음. 무분배로 해석하지 않는다.
KR70218K0008,0218K0,,,,,verified_complete,verified_complete,2026-09-01T03:39:07+00:00,,운용사 분배금 원천을 아직 수집·검증하지 않음. 무분배로 해석하지 않는다.
KR70219B0008,0219B0,,,,,verified_complete,verified_complete,2026-09-01T03:39:07+00:00,,운용사 분배금 원천을 아직 수집·검증하지 않음. 무분배로 해석하지 않는다.
KR70219E0005,0219E0,2026-07-30,2026-07-30,,,verified_complete,verified_complete,2026-09-01T03:39:07+00:00,,이벤트는 검증됐으나 전체 기간의 무분배 여부·기업행동 범위가 아직 완결되지 않았다.
KR70219Z0000,0219Z0,,,,,verified_complete,verified_complete,2026-09-01T03:39:07+00:00,,운용사 분배금 원천을 아직 수집·검증하지 않음. 무분배로 해석하지 않는다.
KR70220A0006,0220A0,,,,,verified_complete,verified_complete,2026-09-01T03:39:07+00:00,,운용사 분배금 원천을 아직 수집·검증하지 않음. 무분배로 해석하지 않는다.
KR70220B0005,0220B0,,,,,verified_complete,verified_complete,2026-09-01T03:39:07+00:00,,운용사 분배금 원천을 아직 수집·검증하지 않음. 무분배로 해석하지 않는다.
KR70221V0000,0221V0,,,,,verified_complete,verified_complete,2026-09-01T03:39:07+00:00,,운용사 분배금 원천을 아직 수집·검증하지 않음. 무분배로 해석하지 않는다.
KR70221Z0006,0221Z0,,,,,verified_complete,verified_complete,2026-09-01T03:39:07+00:00,,운용사 분배금 원천을 아직 수집·검증하지 않음. 무분배로 해석하지 않는다.
KR70222D0001,0222D0,,,,,verified_complete,verified_complete,2026-09-01T03:39:07+00:00,,운용사 분배금 원천을 아직 수집·검증하지 않음. 무분배로 해석하지 않는다.
KR70222F0009,0222F0,,,,,verified_complete,verified_complete,2026-09-01T03:39:07+00:00,,운용사 분배금 원천을 아직 수집·검증하지 않음. 무분배로 해석하지 않는다.
KR70223A0003,0223A0,,,,,verified_complete,verified_complete,2026-09-01T03:39:07+00:00,,운용사 분배금 원천을 아직 수집·검증하지 않음. 무분배로 해석하지 않는다.
KR70223R0004,0223R0,,,,,verified_complete,verified_complete,2026-09-01T03:39:07+00:00,,운용사 분배금 원천을 아직 수집·검증하지 않음. 무분배로 해석하지 않는다.
KR70224D0009,0224D0,,,,,verified_complete,verified_complete,2026-09-01T03:39:07+00:00,,운용사 분배금 원천을 아직 수집·검증하지 않음. 무분배로 해석하지 않는다.
KR70224X0005,0224X0,,,,,verified_complete,verified_complete,2026-09-01T03:39:07+00:00,,운용사 분배금 원천을 아직 수집·검증하지 않음. 무분배로 해석하지 않는다.
KR70225V0006,0225V0,,,,,verified_complete,verified_complete,2026-09-01T03:39:07+00:00,,운용사 분배금 원천을 아직 수집·검증하지 않음. 무분배로 해석하지 않는다.
KR70226A0000,0226A0,,,,,verified_complete,verified_complete,2026-09-01T03:39:07+00:00,,운용사 분배금 원천을 아직 수집·검증하지 않음. 무분배로 해석하지 않는다.
KR70226D0007,0226D0,,,,,verified_complete,verified_complete,2026-09-01T03:39:07+00:00,,운용사 분배금 원천을 아직 수집·검증하지 않음. 무분배로 해석하지 않는다.
KR70226G0004,0226G0,,,,,verified_complete,verified_complete,2026-09-01T03:39:07+00:00,,운용사 분배금 원천을 아직 수집·검증하지 않음. 무분배로 해석하지 않는다.
KR70227K0007,0227K0,,,,,verified_complete,verified_complete,2026-09-01T03:39:07+00:00,,운용사 분배금 원천을 아직 수집·검증하지 않음. 무분배로 해석하지 않는다.
KR70228G0002,0228G0,,,,,verified_complete,verified_complete,2026-09-01T03:39:07+00:00,,운용사 분배금 원천을 아직 수집·검증하지 않음. 무분배로 해석하지 않는다.
KR70231Z0004,0231Z0,,,,,verified_complete,verified_complete,2026-09-01T03:39:07+00:00,,운용사 분배금 원천을 아직 수집·검증하지 않음. 무분배로 해석하지 않는다.
KR70233A0001,0233A0,,,,,verified_complete,verified_complete,2026-09-01T03:39:07+00:00,,운용사 분배금 원천을 아직 수집·검증하지 않음. 무분배로 해석하지 않는다.
KR70233J0002,0233J0,,,,,verified_complete,verified_complete,2026-09-01T03:39:07+00:00,,운용사 분배금 원천을 아직 수집·검증하지 않음. 무분배로 해석하지 않는다.
KR7069500007,069500,2026-07-30,2026-07-30,,,verified_complete,verified_complete,2026-09-01T03:39:07+00:00,,이벤트는 검증됐으나 전체 기간의 무분배 여부·기업행동 범위가 아직 완결되지 않았다.
KR7069660009,069660,,,,,verified_complete,verified_complete,2026-09-01T03:39:07+00:00,,운용사 분배금 원천을 아직 수집·검증하지 않음. 무분배로 해석하지 않는다.
KR7091160002,091160,,,,,verified_complete,verified_complete,2026-09-01T03:39:07+00:00,,운용사 분배금 원천을 아직 수집·검증하지 않음. 무분배로 해석하지 않는다.
KR7091170001,091170,2026-07-30,2026-07-30,,,verified_complete,verified_complete,2026-09-01T03:39:07+00:00,,이벤트는 검증됐으나 전체 기간의 무분배 여부·기업행동 범위가 아직 완결되지 않았다.
KR7091180000,091180,2026-07-30,2026-07-30,,,verified_complete,verified_complete,2026-09-01T03:39:07+00:00,,이벤트는 검증됐으나 전체 기간의 무분배 여부·기업행동 범위가 아직 완결되지 않았다.
KR7091220004,091220,,,,,verified_complete,verified_complete,2026-09-01T03:39:07+00:00,,운용사 분배금 원천을 아직 수집·검증하지 않음. 무분배로 해석하지 않는다.
KR7091230003,091230,,,,,verified_complete,verified_complete,2026-09-01T03:39:07+00:00,,운용사 분배금 원천을 아직 수집·검증하지 않음. 무분배로 해석하지 않는다.
KR7099140006,099140,2026-07-30,2026-07-30,,,verified_complete,verified_complete,2026-09-01T03:39:07+00:00,,이벤트는 검증됐으나 전체 기간의 무분배 여부·기업행동 범위가 아직 완결되지 않았다.
KR7100910009,100910,,,,,verified_complete,verified_complete,2026-09-01T03:39:07+00:00,,운용사 분배금 원천을 아직 수집·검증하지 않음. 무분배로 해석하지 않는다.
KR7101280006,101280,2026-07-30,2026-07-30,,,verified_complete,verified_complete,2026-09-01T03:39:07+00:00,,이벤트는 검증됐으나 전체 기간의 무분배 여부·기업행동 범위가 아직 완결되지 않았다.
KR7102110004,102110,,,,,verified_complete,verified_complete,2026-09-01T03:39:07+00:00,,운용사 분배금 원천을 아직 수집·검증하지 않음. 무분배로 해석하지 않는다.
KR7102780004,102780,,,,,verified_complete,verified_complete,2026-09-01T03:39:07+00:00,,운용사 분배금 원천을 아직 수집·검증하지 않음. 무분배로 해석하지 않는다.
KR7102960002,102960,,,,,verified_complete,verified_complete,2026-09-01T03:39:07+00:00,,운용사 분배금 원천을 아직 수집·검증하지 않음. 무분배로 해석하지 않는다.
KR7102970001,102970,2026-07-30,2026-07-30,,,verified_complete,verified_complete,2026-09-01T03:39:07+00:00,,이벤트는 검증됐으나 전체 기간의 무분배 여부·기업행동 범위가 아직 완결되지 않았다.
KR7104520002,104520,,,,,verified_complete,verified_complete,2026-09-01T03:39:07+00:00,,운용사 분배금 원천을 아직 수집·검증하지 않음. 무분배로 해석하지 않는다.
KR7104530001,104530,,,,,verified_complete,verified_complete,2026-09-01T03:39:07+00:00,,운용사 분배금 원천을 아직 수집·검증하지 않음. 무분배로 해석하지 않는다.
KR7105010003,105010,,,,,verified_complete,verified_complete,2026-09-01T03:39:07+00:00,,운용사 분배금 원천을 아직 수집·검증하지 않음. 무분배로 해석하지 않는다.
KR7105190003,105190,,,,,verified_complete,verified_complete,2026-09-01T03:39:07+00:00,,운용사 분배금 원천을 아직 수집·검증하지 않음. 무분배로 해석하지 않는다.
KR7105780001,105780,,,,,verified_complete,verified_complete,2026-09-01T03:39:07+00:00,,운용사 분배금 원천을 아직 수집·검증하지 않음. 무분배로 해석하지 않는다.
KR7108450008,108450,,,,,verified_complete,verified_complete,2026-09-01T03:39:07+00:00,,운용사 분배금 원천을 아직 수집·검증하지 않음. 무분배로 해석하지 않는다.
KR7108590001,108590,,,,,verified_complete,verified_complete,2026-09-01T03:39:07+00:00,,운용사 분배금 원천을 아직 수집·검증하지 않음. 무분배로 해석하지 않는다.
KR7114100001,114100,,,,,verified_complete,verified_complete,2026-09-01T03:39:07+00:00,,운용사 분배금 원천을 아직 수집·검증하지 않음. 무분배로 해석하지 않는다.
KR7114260003,114260,,,,,verified_complete,verified_complete,2026-09-01T03:39:07+00:00,,운용사 분배금 원천을 아직 수집·검증하지 않음. 무분배로 해석하지 않는다.
KR7114460009,114460,,,,,verified_complete,verified_complete,2026-09-01T03:39:07+00:00,,운용사 분배금 원천을 아직 수집·검증하지 않음. 무분배로 해석하지 않는다.
KR7114470008,114470,,,,,verified_complete,verified_complete,2026-09-01T03:39:07+00:00,,운용사 분배금 원천을 아직 수집·검증하지 않음. 무분배로 해석하지 않는다.
KR7114800006,114800,,,,,verified_complete,verified_complete,2026-09-01T03:39:07+00:00,,운용사 분배금 원천을 아직 수집·검증하지 않음. 무분배로 해석하지 않는다.
KR7114820004,114820,,,,,verified_complete,verified_complete,2026-09-01T03:39:07+00:00,,운용사 분배금 원천을 아직 수집·검증하지 않음. 무분배로 해석하지 않는다.
KR7117460006,117460,2026-07-30,2026-07-30,,,verified_complete,verified_complete,2026-09-01T03:39:07+00:00,,이벤트는 검증됐으나 전체 기간의 무분배 여부·기업행동 범위가 아직 완결되지 않았다.
KR7117680009,117680,2026-07-30,2026-07-30,,,verified_complete,verified_complete,2026-09-01T03:39:07+00:00,,이벤트는 검증됐으나 전체 기간의 무분배 여부·기업행동 범위가 아직 완결되지 않았다.
KR7117690008,117690,,,,,verified_complete,verified_complete,2026-09-01T03:39:07+00:00,,운용사 분배금 원천을 아직 수집·검증하지 않음. 무분배로 해석하지 않는다.
KR7117700005,117700,2026-07-30,2026-07-30,,,verified_complete,verified_complete,2026-09-01T03:39:07+00:00,,이벤트는 검증됐으나 전체 기간의 무분배 여부·기업행동 범위가 아직 완결되지 않았다.
KR7122090004,122090,,,,,verified_complete,verified_complete,2026-09-01T03:39:07+00:00,,운용사 분배금 원천을 아직 수집·검증하지 않음. 무분배로 해석하지 않는다.
KR7122260003,122260,,,,,verified_complete,verified_complete,2026-09-01T03:39:07+00:00,,운용사 분배금 원천을 아직 수집·검증하지 않음. 무분배로 해석하지 않는다.
KR7122630007,122630,,,,,verified_complete,verified_complete,2026-09-01T03:39:07+00:00,,운용사 분배금 원천을 아직 수집·검증하지 않음. 무분배로 해석하지 않는다.
KR7123310005,123310,,,,,verified_complete,verified_complete,2026-09-01T03:39:07+00:00,,운용사 분배금 원천을 아직 수집·검증하지 않음. 무분배로 해석하지 않는다.
KR7123320004,123320,,,,,verified_complete,verified_complete,2026-09-01T03:39:07+00:00,,운용사 분배금 원천을 아직 수집·검증하지 않음. 무분배로 해석하지 않는다.
KR7130680002,130680,,,,,verified_complete,verified_complete,2026-09-01T03:39:07+00:00,,운용사 분배금 원천을 아직 수집·검증하지 않음. 무분배로 해석하지 않는다.
KR7130730005,130730,,,,,verified_complete,verified_complete,2026-09-01T03:39:07+00:00,,운용사 분배금 원천을 아직 수집·검증하지 않음. 무분배로 해석하지 않는다.
KR7131890006,131890,,,,,verified_complete,verified_complete,2026-09-01T03:39:07+00:00,,운용사 분배금 원천을 아직 수집·검증하지 않음. 무분배로 해석하지 않는다.
KR7132030008,132030,,,,,verified_complete,verified_complete,2026-09-01T03:39:07+00:00,,운용사 분배금 원천을 아직 수집·검증하지 않음. 무분배로 해석하지 않는다.
KR7133690008,133690,,,,,verified_complete,verified_complete,2026-09-01T03:39:07+00:00,,운용사 분배금 원천을 아직 수집·검증하지 않음. 무분배로 해석하지 않는다.
KR7136340007,136340,,,,,verified_complete,verified_complete,2026-09-01T03:39:07+00:00,,운용사 분배금 원천을 아직 수집·검증하지 않음. 무분배로 해석하지 않는다.
KR7137610002,137610,,,,,verified_complete,verified_complete,2026-09-01T03:39:07+00:00,,운용사 분배금 원천을 아직 수집·검증하지 않음. 무분배로 해석하지 않는다.
KR7138230008,138230,,,,,verified_complete,verified_complete,2026-09-01T03:39:07+00:00,,운용사 분배금 원천을 아직 수집·검증하지 않음. 무분배로 해석하지 않는다.
KR7138520002,138520,,,,,verified_complete,verified_complete,2026-09-01T03:39:07+00:00,,운용사 분배금 원천을 아직 수집·검증하지 않음. 무분배로 해석하지 않는다.
KR7138530001,138530,,,,,verified_complete,verified_complete,2026-09-01T03:39:07+00:00,,운용사 분배금 원천을 아직 수집·검증하지 않음. 무분배로 해석하지 않는다.
KR7138540000,138540,,,,,verified_complete,verified_complete,2026-09-01T03:39:07+00:00,,운용사 분배금 원천을 아직 수집·검증하지 않음. 무분배로 해석하지 않는다.
KR7138910005,138910,,,,,verified_complete,verified_complete,2026-09-01T03:39:07+00:00,,운용사 분배금 원천을 아직 수집·검증하지 않음. 무분배로 해석하지 않는다.
KR7138920004,138920,,,,,verified_complete,verified_complete,2026-09-01T03:39:07+00:00,,운용사 분배금 원천을 아직 수집·검증하지 않음. 무분배로 해석하지 않는다.
KR7139220008,139220,,,,,verified_complete,verified_complete,2026-09-01T03:39:07+00:00,,운용사 분배금 원천을 아직 수집·검증하지 않음. 무분배로 해석하지 않는다.
KR7139230007,139230,,,,,verified_complete,verified_complete,2026-09-01T03:39:07+00:00,,운용사 분배금 원천을 아직 수집·검증하지 않음. 무분배로 해석하지 않는다.
KR7139240006,139240,,,,,verified_complete,verified_complete,2026-09-01T03:39:07+00:00,,운용사 분배금 원천을 아직 수집·검증하지 않음. 무분배로 해석하지 않는다.
KR7139250005,139250,,,,,verified_complete,verified_complete,2026-09-01T03:39:07+00:00,,운용사 분배금 원천을 아직 수집·검증하지 않음. 무분배로 해석하지 않는다.
KR7139260004,139260,,,,,verified_complete,verified_complete,2026-09-01T03:39:07+00:00,,운용사 분배금 원천을 아직 수집·검증하지 않음. 무분배로 해석하지 않는다.
KR7139270003,139270,,,,,verified_complete,verified_complete,2026-09-01T03:39:07+00:00,,운용사 분배금 원천을 아직 수집·검증하지 않음. 무분배로 해석하지 않는다.
KR7139280002,139280,,,,,verified_complete,verified_complete,2026-09-01T03:39:07+00:00,,운용사 분배금 원천을 아직 수집·검증하지 않음. 무분배로 해석하지 않는다.
KR7139290001,139290,,,,,verified_complete,verified_complete,2026-09-01T03:39:07+00:00,,운용사 분배금 원천을 아직 수집·검증하지 않음. 무분배로 해석하지 않는다.
KR7139320006,139320,,,,,verified_complete,verified_complete,2026-09-01T03:39:07+00:00,,운용사 분배금 원천을 아직 수집·검증하지 않음. 무분배로 해석하지 않는다.
KR7139660005,139660,,,,,verified_complete,verified_complete,2026-09-01T03:39:07+00:00,,운용사 분배금 원천을 아직 수집·검증하지 않음. 무분배로 해석하지 않는다.
KR7140570003,140570,,,,,verified_complete,verified_complete,2026-09-01T03:39:07+00:00,,운용사 분배금 원천을 아직 수집·검증하지 않음. 무분배로 해석하지 않는다.
KR7140580002,140580,,,,,verified_complete,verified_complete,2026-09-01T03:39:07+00:00,,운용사 분배금 원천을 아직 수집·검증하지 않음. 무분배로 해석하지 않는다.
KR7140700006,140700,2026-07-30,2026-07-30,,,verified_complete,verified_complete,2026-09-01T03:39:07+00:00,,이벤트는 검증됐으나 전체 기간의 무분배 여부·기업행동 범위가 아직 완결되지 않았다.
KR7140710005,140710,2026-07-30,2026-07-30,,,verified_complete,verified_complete,2026-09-01T03:39:07+00:00,,이벤트는 검증됐으나 전체 기간의 무분배 여부·기업행동 범위가 아직 완결되지 않았다.
KR7140950007,140950,,,,,verified_complete,verified_complete,2026-09-01T03:39:07+00:00,,운용사 분배금 원천을 아직 수집·검증하지 않음. 무분배로 해석하지 않는다.
KR7143850006,143850,,,,,verified_complete,verified_complete,2026-09-01T03:39:07+00:00,,운용사 분배금 원천을 아직 수집·검증하지 않음. 무분배로 해석하지 않는다.
KR7143860005,143860,,,,,verified_complete,verified_complete,2026-09-01T03:39:07+00:00,,운용사 분배금 원천을 아직 수집·검증하지 않음. 무분배로 해석하지 않는다.
KR7144600004,144600,,,,,verified_complete,verified_complete,2026-09-01T03:39:07+00:00,,운용사 분배금 원천을 아직 수집·검증하지 않음. 무분배로 해석하지 않는다.
KR7145670006,145670,,,,,verified_complete,verified_complete,2026-09-01T03:39:07+00:00,,운용사 분배금 원천을 아직 수집·검증하지 않음. 무분배로 해석하지 않는다.
KR7145850004,145850,,,,,verified_complete,verified_complete,2026-09-01T03:39:07+00:00,,운용사 분배금 원천을 아직 수집·검증하지 않음. 무분배로 해석하지 않는다.
KR7147970008,147970,,,,,verified_complete,verified_complete,2026-09-01T03:39:07+00:00,,운용사 분배금 원천을 아직 수집·검증하지 않음. 무분배로 해석하지 않는다.
KR7148020001,148020,,,,,verified_complete,verified_complete,2026-09-01T03:39:07+00:00,,운용사 분배금 원천을 아직 수집·검증하지 않음. 무분배로 해석하지 않는다.
KR7148070006,148070,,,,,verified_complete,verified_complete,2026-09-01T03:39:07+00:00,,운용사 분배금 원천을 아직 수집·검증하지 않음. 무분배로 해석하지 않는다.
KR7150460004,150460,,,,,verified_complete,verified_complete,2026-09-01T03:39:07+00:00,,운용사 분배금 원천을 아직 수집·검증하지 않음. 무분배로 해석하지 않는다.
KR7152100004,152100,,,,,verified_complete,verified_complete,2026-09-01T03:39:07+00:00,,운용사 분배금 원천을 아직 수집·검증하지 않음. 무분배로 해석하지 않는다.
KR7152380002,152380,,,,,verified_complete,verified_complete,2026-09-01T03:39:07+00:00,,운용사 분배금 원천을 아직 수집·검증하지 않음. 무분배로 해석하지 않는다.
KR7152500005,152500,,,,,verified_complete,verified_complete,2026-09-01T03:39:07+00:00,,운용사 분배금 원천을 아직 수집·검증하지 않음. 무분배로 해석하지 않는다.
KR7152870002,152870,,,,,verified_complete,verified_complete,2026-09-01T03:39:07+00:00,,운용사 분배금 원천을 아직 수집·검증하지 않음. 무분배로 해석하지 않는다.
KR7153130000,153130,,,,,verified_complete,verified_complete,2026-09-01T03:39:07+00:00,,운용사 분배금 원천을 아직 수집·검증하지 않음. 무분배로 해석하지 않는다.
KR7153270004,153270,,,,,verified_complete,verified_complete,2026-09-01T03:39:07+00:00,,운용사 분배금 원천을 아직 수집·검증하지 않음. 무분배로 해석하지 않는다.
KR7156080004,156080,2026-07-30,2026-07-30,,,verified_complete,verified_complete,2026-09-01T03:39:07+00:00,,이벤트는 검증됐으나 전체 기간의 무분배 여부·기업행동 범위가 아직 완결되지 않았다.
KR7157450008,157450,,,,,verified_complete,verified_complete,2026-09-01T03:39:07+00:00,,운용사 분배금 원천을 아직 수집·검증하지 않음. 무분배로 해석하지 않는다.
KR7157490004,157490,,,,,verified_complete,verified_complete,2026-09-01T03:39:07+00:00,,운용사 분배금 원천을 아직 수집·검증하지 않음. 무분배로 해석하지 않는다.
KR7157500000,157500,,,,,verified_complete,verified_complete,2026-09-01T03:39:07+00:00,,운용사 분배금 원천을 아직 수집·검증하지 않음. 무분배로 해석하지 않는다.
KR7159800002,159800,,,,,verified_complete,verified_complete,2026-09-01T03:39:07+00:00,,운용사 분배금 원천을 아직 수집·검증하지 않음. 무분배로 해석하지 않는다.
KR7160580007,160580,,,,,verified_complete,verified_complete,2026-09-01T03:39:07+00:00,,운용사 분배금 원천을 아직 수집·검증하지 않음. 무분배로 해석하지 않는다.
KR7161510003,161510,,,,,verified_complete,verified_complete,2026-09-01T03:39:07+00:00,,운용사 분배금 원천을 아직 수집·검증하지 않음. 무분배로 해석하지 않는다.
KR7166400002,166400,2026-05-28,2026-06-29,,,verified_complete,verified_complete,2026-09-01T03:39:07+00:00,,이벤트는 검증됐으나 전체 기간의 무분배 여부·기업행동 범위가 아직 완결되지 않았다.
KR7167860006,167860,,,,,verified_complete,verified_complete,2026-09-01T03:39:07+00:00,,운용사 분배금 원천을 아직 수집·검증하지 않음. 무분배로 해석하지 않는다.
KR7168580009,168580,,,,,verified_complete,verified_complete,2026-09-01T03:39:07+00:00,,운용사 분배금 원천을 아직 수집·검증하지 않음. 무분배로 해석하지 않는다.
KR7169950003,169950,,,,,verified_complete,verified_complete,2026-09-01T03:39:07+00:00,,운용사 분배금 원천을 아직 수집·검증하지 않음. 무분배로 해석하지 않는다.
KR7174350009,174350,,,,,verified_complete,verified_complete,2026-09-01T03:39:07+00:00,,운용사 분배금 원천을 아직 수집·검증하지 않음. 무분배로 해석하지 않는다.
KR7174360008,174360,,,,,verified_complete,verified_complete,2026-09-01T03:39:07+00:00,,운용사 분배금 원천을 아직 수집·검증하지 않음. 무분배로 해석하지 않는다.
KR7176950004,176950,,,,,verified_complete,verified_complete,2026-09-01T03:39:07+00:00,,운용사 분배금 원천을 아직 수집·검증하지 않음. 무분배로 해석하지 않는다.
KR7181480005,181480,,,,,verified_complete,verified_complete,2026-09-01T03:39:07+00:00,,운용사 분배금 원천을 아직 수집·검증하지 않음. 무분배로 해석하지 않는다.
KR7182480004,182480,2026-05-28,2026-06-29,,,verified_complete,verified_complete,2026-09-01T03:39:07+00:00,,이벤트는 검증됐으나 전체 기간의 무분배 여부·기업행동 범위가 아직 완결되지 않았다.
KR7182490003,182490,,,,,verified_complete,verified_complete,2026-09-01T03:39:07+00:00,,운용사 분배금 원천을 아직 수집·검증하지 않음. 무분배로 해석하지 않는다.
KR7183700004,183700,,,,,verified_complete,verified_complete,2026-09-01T03:39:07+00:00,,운용사 분배금 원천을 아직 수집·검증하지 않음. 무분배로 해석하지 않는다.
KR7183710003,183710,,,,,verified_complete,verified_complete,2026-09-01T03:39:07+00:00,,운용사 분배금 원천을 아직 수집·검증하지 않음. 무분배로 해석하지 않는다.
KR7185680006,185680,,,,,verified_complete,verified_complete,2026-09-01T03:39:07+00:00,,운용사 분배금 원천을 아직 수집·검증하지 않음. 무분배로 해석하지 않는다.
KR7189400005,189400,,,,,verified_complete,verified_complete,2026-09-01T03:39:07+00:00,,운용사 분배금 원천을 아직 수집·검증하지 않음. 무분배로 해석하지 않는다.
KR7190620005,190620,,,,,verified_complete,verified_complete,2026-09-01T03:39:07+00:00,,운용사 분배금 원천을 아직 수집·검증하지 않음. 무분배로 해석하지 않는다.
KR7192090009,192090,,,,,verified_complete,verified_complete,2026-09-01T03:39:07+00:00,,운용사 분배금 원천을 아직 수집·검증하지 않음. 무분배로 해석하지 않는다.
KR7192720001,192720,2026-07-30,2026-07-30,,,verified_complete,verified_complete,2026-09-01T03:39:07+00:00,,이벤트는 검증됐으나 전체 기간의 무분배 여부·기업행동 범위가 아직 완결되지 않았다.
KR7195920004,195920,,,,,verified_complete,verified_complete,2026-09-01T03:39:07+00:00,,운용사 분배금 원천을 아직 수집·검증하지 않음. 무분배로 해석하지 않는다.
KR7195930003,195930,,,,,verified_complete,verified_complete,2026-09-01T03:39:07+00:00,,운용사 분배금 원천을 아직 수집·검증하지 않음. 무분배로 해석하지 않는다.
KR7195970009,195970,,,,,verified_complete,verified_complete,2026-09-01T03:39:07+00:00,,운용사 분배금 원천을 아직 수집·검증하지 않음. 무분배로 해석하지 않는다.
KR7195980008,195980,,,,,verified_complete,verified_complete,2026-09-01T03:39:07+00:00,,운용사 분배금 원천을 아직 수집·검증하지 않음. 무분배로 해석하지 않는다.
KR7196030001,196030,,,,,verified_complete,verified_complete,2026-09-01T03:39:07+00:00,,운용사 분배금 원천을 아직 수집·검증하지 않음. 무분배로 해석하지 않는다.
KR7196230007,196230,,,,,verified_complete,verified_complete,2026-09-01T03:39:07+00:00,,운용사 분배금 원천을 아직 수집·검증하지 않음. 무분배로 해석하지 않는다.
KR7200030005,200030,,,,,verified_complete,verified_complete,2026-09-01T03:39:07+00:00,,운용사 분배금 원천을 아직 수집·검증하지 않음. 무분배로 해석하지 않는다.
KR7200250009,200250,,,,,verified_complete,verified_complete,2026-09-01T03:39:07+00:00,,운용사 분배금 원천을 아직 수집·검증하지 않음. 무분배로 해석하지 않는다.
KR7203780002,203780,,,,,verified_complete,verified_complete,2026-09-01T03:39:07+00:00,,운용사 분배금 원천을 아직 수집·검증하지 않음. 무분배로 해석하지 않는다.
KR7204450001,204450,,,,,verified_complete,verified_complete,2026-09-01T03:39:07+00:00,,운용사 분배금 원천을 아직 수집·검증하지 않음. 무분배로 해석하지 않는다.
KR7204480008,204480,,,,,verified_complete,verified_complete,2026-09-01T03:39:07+00:00,,운용사 분배금 원천을 아직 수집·검증하지 않음. 무분배로 해석하지 않는다.
KR7205720006,205720,,,,,verified_complete,verified_complete,2026-09-01T03:39:07+00:00,,운용사 분배금 원천을 아직 수집·검증하지 않음. 무분배로 해석하지 않는다.
KR7210780003,210780,,,,,verified_complete,verified_complete,2026-09-01T03:39:07+00:00,,운용사 분배금 원천을 아직 수집·검증하지 않음. 무분배로 해석하지 않는다.
KR7211560008,211560,,,,,verified_complete,verified_complete,2026-09-01T03:39:07+00:00,,운용사 분배금 원천을 아직 수집·검증하지 않음. 무분배로 해석하지 않는다.
KR7211900006,211900,2026-07-30,2026-07-30,,,verified_complete,verified_complete,2026-09-01T03:39:07+00:00,,이벤트는 검증됐으나 전체 기간의 무분배 여부·기업행동 범위가 아직 완결되지 않았다.
KR7213610009,213610,2026-07-30,2026-07-30,,,verified_complete,verified_complete,2026-09-01T03:39:07+00:00,,이벤트는 검증됐으나 전체 기간의 무분배 여부·기업행동 범위가 아직 완결되지 않았다.
KR7213630007,213630,,,,,verified_complete,verified_complete,2026-09-01T03:39:07+00:00,,운용사 분배금 원천을 아직 수집·검증하지 않음. 무분배로 해석하지 않는다.
KR7214980005,214980,,,,,verified_complete,verified_complete,2026-09-01T03:39:07+00:00,,운용사 분배금 원천을 아직 수집·검증하지 않음. 무분배로 해석하지 않는다.
KR7215620006,215620,,,,,verified_complete,verified_complete,2026-09-01T03:39:07+00:00,,운용사 분배금 원천을 아직 수집·검증하지 않음. 무분배로 해석하지 않는다.
KR7217770007,217770,,,,,verified_complete,verified_complete,2026-09-01T03:39:07+00:00,,운용사 분배금 원천을 아직 수집·검증하지 않음. 무분배로 해석하지 않는다.
KR7217780006,217780,,,,,verified_complete,verified_complete,2026-09-01T03:39:07+00:00,,운용사 분배금 원천을 아직 수집·검증하지 않음. 무분배로 해석하지 않는다.
KR7218420008,218420,,,,,verified_complete,verified_complete,2026-09-01T03:39:07+00:00,,운용사 분배금 원천을 아직 수집·검증하지 않음. 무분배로 해석하지 않는다.
KR7219390002,219390,,,,,verified_complete,verified_complete,2026-09-01T03:39:07+00:00,,운용사 분배금 원천을 아직 수집·검증하지 않음. 무분배로 해석하지 않는다.
KR7219480001,219480,,,,,verified_complete,verified_complete,2026-09-01T03:39:07+00:00,,운용사 분배금 원천을 아직 수집·검증하지 않음. 무분배로 해석하지 않는다.
KR7219900008,219900,,,,,verified_complete,verified_complete,2026-09-01T03:39:07+00:00,,운용사 분배금 원천을 아직 수집·검증하지 않음. 무분배로 해석하지 않는다.
KR7220130009,220130,,,,,verified_complete,verified_complete,2026-09-01T03:39:07+00:00,,운용사 분배금 원천을 아직 수집·검증하지 않음. 무분배로 해석하지 않는다.
KR7223190000,223190,2026-07-30,2026-07-30,,,verified_complete,verified_complete,2026-09-01T03:39:07+00:00,,이벤트는 검증됐으나 전체 기간의 무분배 여부·기업행동 범위가 아직 완결되지 않았다.
KR7225030006,225030,,,,,verified_complete,verified_complete,2026-09-01T03:39:07+00:00,,운용사 분배금 원천을 아직 수집·검증하지 않음. 무분배로 해석하지 않는다.
KR7225040005,225040,,,,,verified_complete,verified_complete,2026-09-01T03:39:07+00:00,,운용사 분배금 원천을 아직 수집·검증하지 않음. 무분배로 해석하지 않는다.
KR7225050004,225050,,,,,verified_complete,verified_complete,2026-09-01T03:39:07+00:00,,운용사 분배금 원천을 아직 수집·검증하지 않음. 무분배로 해석하지 않는다.
KR7225060003,225060,,,,,verified_complete,verified_complete,2026-09-01T03:39:07+00:00,,운용사 분배금 원천을 아직 수집·검증하지 않음. 무분배로 해석하지 않는다.
KR7225130004,225130,,,,,verified_complete,verified_complete,2026-09-01T03:39:07+00:00,,운용사 분배금 원천을 아직 수집·검증하지 않음. 무분배로 해석하지 않는다.
KR7225800002,225800,,,,,verified_complete,verified_complete,2026-09-01T03:39:07+00:00,,운용사 분배금 원천을 아직 수집·검증하지 않음. 무분배로 해석하지 않는다.
KR7226380004,226380,,,,,verified_complete,verified_complete,2026-09-01T03:39:07+00:00,,운용사 분배금 원천을 아직 수집·검증하지 않음. 무분배로 해석하지 않는다.
KR7226490001,226490,2026-07-30,2026-07-30,,,verified_complete,verified_complete,2026-09-01T03:39:07+00:00,,이벤트는 검증됐으나 전체 기간의 무분배 여부·기업행동 범위가 아직 완결되지 않았다.
KR7226980001,226980,2026-07-30,2026-07-30,,,verified_complete,verified_complete,2026-09-01T03:39:07+00:00,,이벤트는 검증됐으나 전체 기간의 무분배 여부·기업행동 범위가 아직 완결되지 않았다.
KR7227540002,227540,,,,,verified_complete,verified_complete,2026-09-01T03:39:07+00:00,,운용사 분배금 원천을 아직 수집·검증하지 않음. 무분배로 해석하지 않는다.
KR7227550001,227550,,,,,verified_complete,verified_complete,2026-09-01T03:39:07+00:00,,운용사 분배금 원천을 아직 수집·검증하지 않음. 무분배로 해석하지 않는다.
KR7227560000,227560,,,,,verified_complete,verified_complete,2026-09-01T03:39:07+00:00,,운용사 분배금 원천을 아직 수집·검증하지 않음. 무분배로 해석하지 않는다.
KR7227570009,227570,,,,,verified_complete,verified_complete,2026-09-01T03:39:07+00:00,,운용사 분배금 원천을 아직 수집·검증하지 않음. 무분배로 해석하지 않는다.
KR7227830007,227830,,,,,verified_complete,verified_complete,2026-09-01T03:39:07+00:00,,운용사 분배금 원천을 아직 수집·검증하지 않음. 무분배로 해석하지 않는다.
KR7228790002,228790,,,,,verified_complete,verified_complete,2026-09-01T03:39:07+00:00,,운용사 분배금 원천을 아직 수집·검증하지 않음. 무분배로 해석하지 않는다.
KR7228800009,228800,,,,,verified_complete,verified_complete,2026-09-01T03:39:07+00:00,,운용사 분배금 원천을 아직 수집·검증하지 않음. 무분배로 해석하지 않는다.
KR7228810008,228810,,,,,verified_complete,verified_complete,2026-09-01T03:39:07+00:00,,운용사 분배금 원천을 아직 수집·검증하지 않음. 무분배로 해석하지 않는다.
KR7228820007,228820,,,,,verified_complete,verified_complete,2026-09-01T03:39:07+00:00,,운용사 분배금 원천을 아직 수집·검증하지 않음. 무분배로 해석하지 않는다.
KR7229200001,229200,,,,,verified_complete,verified_complete,2026-09-01T03:39:07+00:00,,운용사 분배금 원천을 아직 수집·검증하지 않음. 무분배로 해석하지 않는다.
KR7229720008,229720,2026-07-30,2026-07-30,,,verified_complete,verified_complete,2026-09-01T03:39:07+00:00,,이벤트는 검증됐으나 전체 기간의 무분배 여부·기업행동 범위가 아직 완결되지 않았다.
KR7230480006,230480,,,,,verified_complete,verified_complete,2026-09-01T03:39:07+00:00,,운용사 분배금 원천을 아직 수집·검증하지 않음. 무분배로 해석하지 않는다.
KR7232080002,232080,,,,,verified_complete,verified_complete,2026-09-01T03:39:07+00:00,,운용사 분배금 원천을 아직 수집·검증하지 않음. 무분배로 해석하지 않는다.
KR7233160001,233160,,,,,verified_complete,verified_complete,2026-09-01T03:39:07+00:00,,운용사 분배금 원천을 아직 수집·검증하지 않음. 무분배로 해석하지 않는다.
KR7233740000,233740,,,,,verified_complete,verified_complete,2026-09-01T03:39:07+00:00,,운용사 분배금 원천을 아직 수집·검증하지 않음. 무분배로 해석하지 않는다.
KR7234310001,234310,,,,,verified_complete,verified_complete,2026-09-01T03:39:07+00:00,,운용사 분배금 원천을 아직 수집·검증하지 않음. 무분배로 해석하지 않는다.
KR7236350005,236350,,,,,verified_complete,verified_complete,2026-09-01T03:39:07+00:00,,운용사 분배금 원천을 아직 수집·검증하지 않음. 무분배로 해석하지 않는다.
KR7237350004,237350,2026-07-30,2026-07-30,,,verified_complete,verified_complete,2026-09-01T03:39:07+00:00,,이벤트는 검증됐으나 전체 기간의 무분배 여부·기업행동 범위가 아직 완결되지 않았다.
KR7237370002,237370,,,,,verified_complete,verified_complete,2026-09-01T03:39:07+00:00,,운용사 분배금 원천을 아직 수집·검증하지 않음. 무분배로 해석하지 않는다.
KR7237440003,237440,,,,,verified_complete,verified_complete,2026-09-01T03:39:07+00:00,,운용사 분배금 원천을 아직 수집·검증하지 않음. 무분배로 해석하지 않는다.
KR7238670004,238670,,,,,verified_complete,verified_complete,2026-09-01T03:39:07+00:00,,운용사 분배금 원천을 아직 수집·검증하지 않음. 무분배로 해석하지 않는다.
KR7238720007,238720,,,,,verified_complete,verified_complete,2026-09-01T03:39:07+00:00,,운용사 분배금 원천을 아직 수집·검증하지 않음. 무분배로 해석하지 않는다.
KR7239660004,239660,,,,,verified_complete,verified_complete,2026-09-01T03:39:07+00:00,,운용사 분배금 원천을 아직 수집·검증하지 않음. 무분배로 해석하지 않는다.
KR7241180009,241180,,,,,verified_complete,verified_complete,2026-09-01T03:39:07+00:00,,운용사 분배금 원천을 아직 수집·검증하지 않음. 무분배로 해석하지 않는다.
KR7241390004,241390,,,,,verified_complete,verified_complete,2026-09-01T03:39:07+00:00,,운용사 분배금 원천을 아직 수집·검증하지 않음. 무분배로 해석하지 않는다.
KR7243880002,243880,,,,,verified_complete,verified_complete,2026-09-01T03:39:07+00:00,,운용사 분배금 원천을 아직 수집·검증하지 않음. 무분배로 해석하지 않는다.
KR7243890001,243890,,,,,verified_complete,verified_complete,2026-09-01T03:39:07+00:00,,운용사 분배금 원천을 아직 수집·검증하지 않음. 무분배로 해석하지 않는다.
KR7244580007,244580,,,,,verified_complete,verified_complete,2026-09-01T03:39:07+00:00,,운용사 분배금 원천을 아직 수집·검증하지 않음. 무분배로 해석하지 않는다.
KR7244620001,244620,,,,,verified_complete,verified_complete,2026-09-01T03:39:07+00:00,,운용사 분배금 원천을 아직 수집·검증하지 않음. 무분배로 해석하지 않는다.
KR7244660007,244660,2026-07-30,2026-07-30,,,verified_complete,verified_complete,2026-09-01T03:39:07+00:00,,이벤트는 검증됐으나 전체 기간의 무분배 여부·기업행동 범위가 아직 완결되지 않았다.
KR7244670006,244670,2026-07-30,2026-07-30,,,verified_complete,verified_complete,2026-09-01T03:39:07+00:00,,이벤트는 검증됐으나 전체 기간의 무분배 여부·기업행동 범위가 아직 완결되지 않았다.
KR7245340005,245340,2026-05-28,2026-06-29,,,verified_complete,verified_complete,2026-09-01T03:39:07+00:00,,이벤트는 검증됐으나 전체 기간의 무분배 여부·기업행동 범위가 아직 완결되지 않았다.
KR7245350004,245350,,,,,verified_complete,verified_complete,2026-09-01T03:39:07+00:00,,운용사 분배금 원천을 아직 수집·검증하지 않음. 무분배로 해석하지 않는다.
KR7245360003,245360,,,,,verified_complete,verified_complete,2026-09-01T03:39:07+00:00,,운용사 분배금 원천을 아직 수집·검증하지 않음. 무분배로 해석하지 않는다.
KR7245710009,245710,,,,,verified_complete,verified_complete,2026-09-01T03:39:07+00:00,,운용사 분배금 원천을 아직 수집·검증하지 않음. 무분배로 해석하지 않는다.
KR7248270001,248270,,,,,verified_complete,verified_complete,2026-09-01T03:39:07+00:00,,운용사 분배금 원천을 아직 수집·검증하지 않음. 무분배로 해석하지 않는다.
KR7250730009,250730,,,,,verified_complete,verified_complete,2026-09-01T03:39:07+00:00,,운용사 분배금 원천을 아직 수집·검증하지 않음. 무분배로 해석하지 않는다.
KR7250780004,250780,,,,,verified_complete,verified_complete,2026-09-01T03:39:07+00:00,,운용사 분배금 원천을 아직 수집·검증하지 않음. 무분배로 해석하지 않는다.
KR7251340006,251340,,,,,verified_complete,verified_complete,2026-09-01T03:39:07+00:00,,운용사 분배금 원천을 아직 수집·검증하지 않음. 무분배로 해석하지 않는다.
KR7251350005,251350,2026-07-30,2026-07-30,,,verified_complete,verified_complete,2026-09-01T03:39:07+00:00,,이벤트는 검증됐으나 전체 기간의 무분배 여부·기업행동 범위가 아직 완결되지 않았다.
KR7251590006,251590,,,,,verified_complete,verified_complete,2026-09-01T03:39:07+00:00,,운용사 분배금 원천을 아직 수집·검증하지 않음. 무분배로 해석하지 않는다.
KR7251600003,251600,,,,,verified_complete,verified_complete,2026-09-01T03:39:07+00:00,,운용사 분배금 원천을 아직 수집·검증하지 않음. 무분배로 해석하지 않는다.
KR7252000005,252000,,,,,verified_complete,verified_complete,2026-09-01T03:39:07+00:00,,운용사 분배금 원천을 아직 수집·검증하지 않음. 무분배로 해석하지 않는다.
KR7252400007,252400,,,,,verified_complete,verified_complete,2026-09-01T03:39:07+00:00,,운용사 분배금 원천을 아직 수집·검증하지 않음. 무분배로 해석하지 않는다.
KR7252410006,252410,,,,,verified_complete,verified_complete,2026-09-01T03:39:07+00:00,,운용사 분배금 원천을 아직 수집·검증하지 않음. 무분배로 해석하지 않는다.
KR7252420005,252420,,,,,verified_complete,verified_complete,2026-09-01T03:39:07+00:00,,운용사 분배금 원천을 아직 수집·검증하지 않음. 무분배로 해석하지 않는다.
KR7252650007,252650,2026-07-30,2026-07-30,,,verified_complete,verified_complete,2026-09-01T03:39:07+00:00,,이벤트는 검증됐으나 전체 기간의 무분배 여부·기업행동 범위가 아직 완결되지 않았다.
KR7252670005,252670,,,,,verified_complete,verified_complete,2026-09-01T03:39:07+00:00,,운용사 분배금 원천을 아직 수집·검증하지 않음. 무분배로 해석하지 않는다.
KR7252710009,252710,,,,,verified_complete,verified_complete,2026-09-01T03:39:07+00:00,,운용사 분배금 원천을 아직 수집·검증하지 않음. 무분배로 해석하지 않는다.
KR7253150007,253150,,,,,verified_complete,verified_complete,2026-09-01T03:39:07+00:00,,운용사 분배금 원천을 아직 수집·검증하지 않음. 무분배로 해석하지 않는다.
KR7253160006,253160,,,,,verified_complete,verified_complete,2026-09-01T03:39:07+00:00,,운용사 분배금 원천을 아직 수집·검증하지 않음. 무분배로 해석하지 않는다.
KR7253230007,253230,,,,,verified_complete,verified_complete,2026-09-01T03:39:07+00:00,,운용사 분배금 원천을 아직 수집·검증하지 않음. 무분배로 해석하지 않는다.
KR7253240006,253240,,,,,verified_complete,verified_complete,2026-09-01T03:39:07+00:00,,운용사 분배금 원천을 아직 수집·검증하지 않음. 무분배로 해석하지 않는다.
KR7253250005,253250,,,,,verified_complete,verified_complete,2026-09-01T03:39:07+00:00,,운용사 분배금 원천을 아직 수집·검증하지 않음. 무분배로 해석하지 않는다.
KR7253280002,253280,,,,,verified_complete,verified_complete,2026-09-01T03:39:07+00:00,,운용사 분배금 원천을 아직 수집·검증하지 않음. 무분배로 해석하지 않는다.
KR7253290001,253290,,,,,verified_complete,verified_complete,2026-09-01T03:39:07+00:00,,운용사 분배금 원천을 아직 수집·검증하지 않음. 무분배로 해석하지 않는다.
KR7256440009,256440,,,,,verified_complete,verified_complete,2026-09-01T03:39:07+00:00,,운용사 분배금 원천을 아직 수집·검증하지 않음. 무분배로 해석하지 않는다.
KR7256450008,256450,,,,,verified_complete,verified_complete,2026-09-01T03:39:07+00:00,,운용사 분배금 원천을 아직 수집·검증하지 않음. 무분배로 해석하지 않는다.
KR7256750001,256750,,,,,verified_complete,verified_complete,2026-09-01T03:39:07+00:00,,운용사 분배금 원천을 아직 수집·검증하지 않음. 무분배로 해석하지 않는다.
KR7261060008,261060,,,,,verified_complete,verified_complete,2026-09-01T03:39:07+00:00,,운용사 분배금 원천을 아직 수집·검증하지 않음. 무분배로 해석하지 않는다.
KR7261070007,261070,,,,,verified_complete,verified_complete,2026-09-01T03:39:07+00:00,,운용사 분배금 원천을 아직 수집·검증하지 않음. 무분배로 해석하지 않는다.
KR7261110001,261110,,,,,verified_complete,verified_complete,2026-09-01T03:39:07+00:00,,운용사 분배금 원천을 아직 수집·검증하지 않음. 무분배로 해석하지 않는다.
KR7261120000,261120,,,,,verified_complete,verified_complete,2026-09-01T03:39:07+00:00,,운용사 분배금 원천을 아직 수집·검증하지 않음. 무분배로 해석하지 않는다.
KR7261140008,261140,,,,,verified_complete,verified_complete,2026-09-01T03:39:07+00:00,,운용사 분배금 원천을 아직 수집·검증하지 않음. 무분배로 해석하지 않는다.
KR7261220008,261220,,,,,verified_complete,verified_complete,2026-09-01T03:39:07+00:00,,운용사 분배금 원천을 아직 수집·검증하지 않음. 무분배로 해석하지 않는다.
KR7261240006,261240,,,,,verified_complete,verified_complete,2026-09-01T03:39:07+00:00,,운용사 분배금 원천을 아직 수집·검증하지 않음. 무분배로 해석하지 않는다.
KR7261250005,261250,,,,,verified_complete,verified_complete,2026-09-01T03:39:07+00:00,,운용사 분배금 원천을 아직 수집·검증하지 않음. 무분배로 해석하지 않는다.
KR7261260004,261260,,,,,verified_complete,verified_complete,2026-09-01T03:39:07+00:00,,운용사 분배금 원천을 아직 수집·검증하지 않음. 무분배로 해석하지 않는다.
KR7261270003,261270,,,,,verified_complete,verified_complete,2026-09-01T03:39:07+00:00,,운용사 분배금 원천을 아직 수집·검증하지 않음. 무분배로 해석하지 않는다.
KR7261920003,261920,,,,,verified_complete,verified_complete,2026-09-01T03:39:07+00:00,,운용사 분배금 원천을 아직 수집·검증하지 않음. 무분배로 해석하지 않는다.
KR7265690008,265690,,,,,verified_complete,verified_complete,2026-09-01T03:39:07+00:00,,운용사 분배금 원천을 아직 수집·검증하지 않음. 무분배로 해석하지 않는다.
KR7266160001,266160,2026-01-30,2026-07-31,,,verified_complete,verified_complete,2026-09-01T03:39:07+00:00,,이벤트는 검증됐으나 전체 기간의 무분배 여부·기업행동 범위가 아직 완결되지 않았다.
KR7266360007,266360,,,,,verified_complete,verified_complete,2026-09-01T03:39:07+00:00,,운용사 분배금 원천을 아직 수집·검증하지 않음. 무분배로 해석하지 않는다.
KR7266370006,266370,,,,,verified_complete,verified_complete,2026-09-01T03:39:07+00:00,,운용사 분배금 원천을 아직 수집·검증하지 않음. 무분배로 해석하지 않는다.
KR7266390004,266390,2026-07-30,2026-07-30,,,verified_complete,verified_complete,2026-09-01T03:39:07+00:00,,이벤트는 검증됐으나 전체 기간의 무분배 여부·기업행동 범위가 아직 완결되지 않았다.
KR7266410000,266410,2026-07-30,2026-07-30,,,verified_complete,verified_complete,2026-09-01T03:39:07+00:00,,이벤트는 검증됐으나 전체 기간의 무분배 여부·기업행동 범위가 아직 완결되지 않았다.
KR7266420009,266420,,,,,verified_complete,verified_complete,2026-09-01T03:39:07+00:00,,운용사 분배금 원천을 아직 수집·검증하지 않음. 무분배로 해석하지 않는다.
KR7266550003,266550,,,,,verified_complete,verified_complete,2026-09-01T03:39:07+00:00,,운용사 분배금 원천을 아직 수집·검증하지 않음. 무분배로 해석하지 않는다.
KR7267440006,267440,,,,,verified_complete,verified_complete,2026-09-01T03:39:07+00:00,,운용사 분배금 원천을 아직 수집·검증하지 않음. 무분배로 해석하지 않는다.
KR7267450005,267450,,,,,verified_complete,verified_complete,2026-09-01T03:39:07+00:00,,운용사 분배금 원천을 아직 수집·검증하지 않음. 무분배로 해석하지 않는다.
KR7267490001,267490,,,,,verified_complete,verified_complete,2026-09-01T03:39:07+00:00,,운용사 분배금 원천을 아직 수집·검증하지 않음. 무분배로 해석하지 않는다.
KR7267770006,267770,,,,,verified_complete,verified_complete,2026-09-01T03:39:07+00:00,,운용사 분배금 원천을 아직 수집·검증하지 않음. 무분배로 해석하지 않는다.
KR7269370003,269370,,,,,verified_complete,verified_complete,2026-09-01T03:39:07+00:00,,운용사 분배금 원천을 아직 수집·검증하지 않음. 무분배로 해석하지 않는다.
KR7269420006,269420,,,,,verified_complete,verified_complete,2026-09-01T03:39:07+00:00,,운용사 분배금 원천을 아직 수집·검증하지 않음. 무분배로 해석하지 않는다.
KR7269530002,269530,,,,,verified_complete,verified_complete,2026-09-01T03:39:07+00:00,,운용사 분배금 원천을 아직 수집·검증하지 않음. 무분배로 해석하지 않는다.
KR7269540001,269540,,,,,verified_complete,verified_complete,2026-09-01T03:39:07+00:00,,운용사 분배금 원천을 아직 수집·검증하지 않음. 무분배로 해석하지 않는다.
KR7270800006,270800,,,,,verified_complete,verified_complete,2026-09-01T03:39:07+00:00,,운용사 분배금 원천을 아직 수집·검증하지 않음. 무분배로 해석하지 않는다.
KR7270810005,270810,,,,,verified_complete,verified_complete,2026-09-01T03:39:07+00:00,,운용사 분배금 원천을 아직 수집·검증하지 않음. 무분배로 해석하지 않는다.
KR7271050007,271050,,,,,verified_complete,verified_complete,2026-09-01T03:39:07+00:00,,운용사 분배금 원천을 아직 수집·검증하지 않음. 무분배로 해석하지 않는다.
KR7271060006,271060,,,,,verified_complete,verified_complete,2026-09-01T03:39:07+00:00,,운용사 분배금 원천을 아직 수집·검증하지 않음. 무분배로 해석하지 않는다.
KR7272560004,272560,,,,,verified_complete,verified_complete,2026-09-01T03:39:07+00:00,,운용사 분배금 원천을 아직 수집·검증하지 않음. 무분배로 해석하지 않는다.
KR7272570003,272570,,,,,verified_complete,verified_complete,2026-09-01T03:39:07+00:00,,운용사 분배금 원천을 아직 수집·검증하지 않음. 무분배로 해석하지 않는다.
KR7272580002,272580,,,,,verified_complete,verified_complete,2026-09-01T03:39:07+00:00,,운용사 분배금 원천을 아직 수집·검증하지 않음. 무분배로 해석하지 않는다.
KR7272910001,272910,,,,,verified_complete,verified_complete,2026-09-01T03:39:07+00:00,,운용사 분배금 원천을 아직 수집·검증하지 않음. 무분배로 해석하지 않는다.
KR7273130005,273130,,,,,verified_complete,verified_complete,2026-09-01T03:39:07+00:00,,운용사 분배금 원천을 아직 수집·검증하지 않음. 무분배로 해석하지 않는다.
KR7273140004,273140,,,,,verified_complete,verified_complete,2026-09-01T03:39:07+00:00,,운용사 분배금 원천을 아직 수집·검증하지 않음. 무분배로 해석하지 않는다.
KR7275280006,275280,2026-07-30,2026-07-30,,,verified_complete,verified_complete,2026-09-01T03:39:07+00:00,,이벤트는 검증됐으나 전체 기간의 무분배 여부·기업행동 범위가 아직 완결되지 않았다.
KR7275290005,275290,2026-07-30,2026-07-30,,,verified_complete,verified_complete,2026-09-01T03:39:07+00:00,,이벤트는 검증됐으나 전체 기간의 무분배 여부·기업행동 범위가 아직 완결되지 않았다.
KR7275300002,275300,2026-07-30,2026-07-30,,,verified_complete,verified_complete,2026-09-01T03:39:07+00:00,,이벤트는 검증됐으나 전체 기간의 무분배 여부·기업행동 범위가 아직 완결되지 않았다.
KR7275750008,275750,,,,,verified_complete,verified_complete,2026-09-01T03:39:07+00:00,,운용사 분배금 원천을 아직 수집·검증하지 않음. 무분배로 해석하지 않는다.
KR7275980001,275980,,,,,verified_complete,verified_complete,2026-09-01T03:39:07+00:00,,운용사 분배금 원천을 아직 수집·검증하지 않음. 무분배로 해석하지 않는다.
KR7276000007,276000,,,,,verified_complete,verified_complete,2026-09-01T03:39:07+00:00,,운용사 분배금 원천을 아직 수집·검증하지 않음. 무분배로 해석하지 않는다.
KR7276650009,276650,,,,,verified_complete,verified_complete,2026-09-01T03:39:07+00:00,,운용사 분배금 원천을 아직 수집·검증하지 않음. 무분배로 해석하지 않는다.
KR7276970001,276970,,,,,verified_complete,verified_complete,2026-09-01T03:39:07+00:00,,운용사 분배금 원천을 아직 수집·검증하지 않음. 무분배로 해석하지 않는다.
KR7276990009,276990,,,,,verified_complete,verified_complete,2026-09-01T03:39:07+00:00,,운용사 분배금 원천을 아직 수집·검증하지 않음. 무분배로 해석하지 않는다.
KR7277540001,277540,,,,,verified_complete,verified_complete,2026-09-01T03:39:07+00:00,,운용사 분배금 원천을 아직 수집·검증하지 않음. 무분배로 해석하지 않는다.
KR7277630000,277630,,,,,verified_complete,verified_complete,2026-09-01T03:39:07+00:00,,운용사 분배금 원천을 아직 수집·검증하지 않음. 무분배로 해석하지 않는다.
KR7277640009,277640,,,,,verified_complete,verified_complete,2026-09-01T03:39:07+00:00,,운용사 분배금 원천을 아직 수집·검증하지 않음. 무분배로 해석하지 않는다.
KR7277650008,277650,,,,,verified_complete,verified_complete,2026-09-01T03:39:07+00:00,,운용사 분배금 원천을 아직 수집·검증하지 않음. 무분배로 해석하지 않는다.
KR7278240007,278240,,,,,verified_complete,verified_complete,2026-09-01T03:39:07+00:00,,운용사 분배금 원천을 아직 수집·검증하지 않음. 무분배로 해석하지 않는다.
KR7278530001,278530,,,,,verified_complete,verified_complete,2026-09-01T03:39:07+00:00,,운용사 분배금 원천을 아직 수집·검증하지 않음. 무분배로 해석하지 않는다.
KR7278540000,278540,,,,,verified_complete,verified_complete,2026-09-01T03:39:07+00:00,,운용사 분배금 원천을 아직 수집·검증하지 않음. 무분배로 해석하지 않는다.
KR7278620000,278620,,,,,verified_complete,verified_complete,2026-09-01T03:39:07+00:00,,운용사 분배금 원천을 아직 수집·검증하지 않음. 무분배로 해석하지 않는다.
KR7279530000,279530,2026-07-30,2026-07-30,,,verified_complete,verified_complete,2026-09-01T03:39:07+00:00,,이벤트는 검증됐으나 전체 기간의 무분배 여부·기업행동 범위가 아직 완결되지 않았다.
KR7279540009,279540,2026-07-30,2026-07-30,,,verified_complete,verified_complete,2026-09-01T03:39:07+00:00,,이벤트는 검증됐으나 전체 기간의 무분배 여부·기업행동 범위가 아직 완결되지 않았다.
KR7280320003,280320,,,,,verified_complete,verified_complete,2026-09-01T03:39:07+00:00,,운용사 분배금 원천을 아직 수집·검증하지 않음. 무분배로 해석하지 않는다.
KR7280920000,280920,,,,,verified_complete,verified_complete,2026-09-01T03:39:07+00:00,,운용사 분배금 원천을 아직 수집·검증하지 않음. 무분배로 해석하지 않는다.
KR7280930009,280930,,,,,verified_complete,verified_complete,2026-09-01T03:39:07+00:00,,운용사 분배금 원천을 아직 수집·검증하지 않음. 무분배로 해석하지 않는다.
KR7280940008,280940,,,,,verified_complete,verified_complete,2026-09-01T03:39:07+00:00,,운용사 분배금 원천을 아직 수집·검증하지 않음. 무분배로 해석하지 않는다.
KR7281990002,281990,,,,,verified_complete,verified_complete,2026-09-01T03:39:07+00:00,,운용사 분배금 원천을 아직 수집·검증하지 않음. 무분배로 해석하지 않는다.
KR7282000009,282000,,,,,verified_complete,verified_complete,2026-09-01T03:39:07+00:00,,운용사 분배금 원천을 아직 수집·검증하지 않음. 무분배로 해석하지 않는다.
KR7283580009,283580,2026-07-30,2026-07-30,,,verified_complete,verified_complete,2026-09-01T03:39:07+00:00,,이벤트는 검증됐으나 전체 기간의 무분배 여부·기업행동 범위가 아직 완결되지 않았다.
KR7284430006,284430,,,,,verified_complete,verified_complete,2026-09-01T03:39:07+00:00,,운용사 분배금 원천을 아직 수집·검증하지 않음. 무분배로 해석하지 않는다.
KR7284980000,284980,,,,,verified_complete,verified_complete,2026-09-01T03:39:07+00:00,,운용사 분배금 원천을 아직 수집·검증하지 않음. 무분배로 해석하지 않는다.
KR7285690004,285690,,,,,verified_complete,verified_complete,2026-09-01T03:39:07+00:00,,운용사 분배금 원천을 아직 수집·검증하지 않음. 무분배로 해석하지 않는다.
KR7287180004,287180,,,,,verified_complete,verified_complete,2026-09-01T03:39:07+00:00,,운용사 분배금 원천을 아직 수집·검증하지 않음. 무분배로 해석하지 않는다.
KR7289040008,289040,2026-07-30,2026-07-30,,,verified_complete,verified_complete,2026-09-01T03:39:07+00:00,,이벤트는 검증됐으나 전체 기간의 무분배 여부·기업행동 범위가 아직 완결되지 않았다.
KR7289250003,289250,,,,,verified_complete,verified_complete,2026-09-01T03:39:07+00:00,,운용사 분배금 원천을 아직 수집·검증하지 않음. 무분배로 해석하지 않는다.
KR7289260002,289260,,,,,verified_complete,verified_complete,2026-09-01T03:39:07+00:00,,운용사 분배금 원천을 아직 수집·검증하지 않음. 무분배로 해석하지 않는다.
KR7289480006,289480,2026-05-28,2026-06-29,,,verified_complete,verified_complete,2026-09-01T03:39:07+00:00,,이벤트는 검증됐으나 전체 기간의 무분배 여부·기업행동 범위가 아직 완결되지 않았다.
KR7289670002,289670,,,,,verified_complete,verified_complete,2026-09-01T03:39:07+00:00,,운용사 분배금 원천을 아직 수집·검증하지 않음. 무분배로 해석하지 않는다.
KR7290080001,290080,,,,,verified_complete,verified_complete,2026-09-01T03:39:07+00:00,,운용사 분배금 원천을 아직 수집·검증하지 않음. 무분배로 해석하지 않는다.
KR7290130004,290130,,,,,verified_complete,verified_complete,2026-09-01T03:39:07+00:00,,운용사 분배금 원천을 아직 수집·검증하지 않음. 무분배로 해석하지 않는다.
KR7291130003,291130,,,,,verified_complete,verified_complete,2026-09-01T03:39:07+00:00,,운용사 분배금 원천을 아직 수집·검증하지 않음. 무분배로 해석하지 않는다.
KR7291620003,291620,,,,,verified_complete,verified_complete,2026-09-01T03:39:07+00:00,,운용사 분배금 원천을 아직 수집·검증하지 않음. 무분배로 해석하지 않는다.
KR7291630002,291630,,,,,verified_complete,verified_complete,2026-09-01T03:39:07+00:00,,운용사 분배금 원천을 아직 수집·검증하지 않음. 무분배로 해석하지 않는다.
KR7291680007,291680,,,,,verified_complete,verified_complete,2026-09-01T03:39:07+00:00,,운용사 분배금 원천을 아직 수집·검증하지 않음. 무분배로 해석하지 않는다.
KR7291890002,291890,,,,,verified_complete,verified_complete,2026-09-01T03:39:07+00:00,,운용사 분배금 원천을 아직 수집·검증하지 않음. 무분배로 해석하지 않는다.
KR7292050002,292050,,,,,verified_complete,verified_complete,2026-09-01T03:39:07+00:00,,운용사 분배금 원천을 아직 수집·검증하지 않음. 무분배로 해석하지 않는다.
KR7292150000,292150,,,,,verified_complete,verified_complete,2026-09-01T03:39:07+00:00,,운용사 분배금 원천을 아직 수집·검증하지 않음. 무분배로 해석하지 않는다.
KR7292160009,292160,,,,,verified_complete,verified_complete,2026-09-01T03:39:07+00:00,,운용사 분배금 원천을 아직 수집·검증하지 않음. 무분배로 해석하지 않는다.
KR7292190006,292190,2026-07-30,2026-07-30,,,verified_complete,verified_complete,2026-09-01T03:39:07+00:00,,이벤트는 검증됐으나 전체 기간의 무분배 여부·기업행동 범위가 아직 완결되지 않았다.
KR7292500006,292500,,,,,verified_complete,verified_complete,2026-09-01T03:39:07+00:00,,운용사 분배금 원천을 아직 수집·검증하지 않음. 무분배로 해석하지 않는다.
KR7292560000,292560,,,,,verified_complete,verified_complete,2026-09-01T03:39:07+00:00,,운용사 분배금 원천을 아직 수집·검증하지 않음. 무분배로 해석하지 않는다.
KR7292770005,292770,,,,,verified_complete,verified_complete,2026-09-01T03:39:07+00:00,,운용사 분배금 원천을 아직 수집·검증하지 않음. 무분배로 해석하지 않는다.
KR7293180006,293180,,,,,verified_complete,verified_complete,2026-09-01T03:39:07+00:00,,운용사 분배금 원천을 아직 수집·검증하지 않음. 무분배로 해석하지 않는다.
KR7294400007,294400,,,,,verified_complete,verified_complete,2026-09-01T03:39:07+00:00,,운용사 분배금 원천을 아직 수집·검증하지 않음. 무분배로 해석하지 않는다.
KR7295000004,295000,,,,,verified_complete,verified_complete,2026-09-01T03:39:07+00:00,,운용사 분배금 원천을 아직 수집·검증하지 않음. 무분배로 해석하지 않는다.
KR7295020002,295020,,,,,verified_complete,verified_complete,2026-09-01T03:39:07+00:00,,운용사 분배금 원천을 아직 수집·검증하지 않음. 무분배로 해석하지 않는다.
KR7295040000,295040,,,,,verified_complete,verified_complete,2026-09-01T03:39:07+00:00,,운용사 분배금 원천을 아직 수집·검증하지 않음. 무분배로 해석하지 않는다.
KR7298340001,298340,,,,,verified_complete,verified_complete,2026-09-01T03:39:07+00:00,,운용사 분배금 원천을 아직 수집·검증하지 않음. 무분배로 해석하지 않는다.
KR7298770009,298770,2026-07-30,2026-07-30,,,verified_complete,verified_complete,2026-09-01T03:39:07+00:00,,이벤트는 검증됐으나 전체 기간의 무분배 여부·기업행동 범위가 아직 완결되지 않았다.
KR7300610003,300610,,,,,verified_complete,verified_complete,2026-09-01T03:39:07+00:00,,운용사 분배금 원천을 아직 수집·검증하지 않음. 무분배로 해석하지 않는다.
KR7300640000,300640,,,,,verified_complete,verified_complete,2026-09-01T03:39:07+00:00,,운용사 분배금 원천을 아직 수집·검증하지 않음. 무분배로 해석하지 않는다.
KR7300950003,300950,,,,,verified_complete,verified_complete,2026-09-01T03:39:07+00:00,,운용사 분배금 원천을 아직 수집·검증하지 않음. 무분배로 해석하지 않는다.
KR7301400008,301400,,,,,verified_complete,verified_complete,2026-09-01T03:39:07+00:00,,운용사 분배금 원천을 아직 수집·검증하지 않음. 무분배로 해석하지 않는다.
KR7302190004,302190,,,,,verified_complete,verified_complete,2026-09-01T03:39:07+00:00,,운용사 분배금 원천을 아직 수집·검증하지 않음. 무분배로 해석하지 않는다.
KR7302450002,302450,,,,,verified_complete,verified_complete,2026-09-01T03:39:07+00:00,,운용사 분배금 원천을 아직 수집·검증하지 않음. 무분배로 해석하지 않는다.
KR7304660004,304660,,,,,verified_complete,verified_complete,2026-09-01T03:39:07+00:00,,운용사 분배금 원천을 아직 수집·검증하지 않음. 무분배로 해석하지 않는다.
KR7304670003,304670,,,,,verified_complete,verified_complete,2026-09-01T03:39:07+00:00,,운용사 분배금 원천을 아직 수집·검증하지 않음. 무분배로 해석하지 않는다.
KR7304760002,304760,,,,,verified_complete,verified_complete,2026-09-01T03:39:07+00:00,,운용사 분배금 원천을 아직 수집·검증하지 않음. 무분배로 해석하지 않는다.
KR7304770001,304770,,,,,verified_complete,verified_complete,2026-09-01T03:39:07+00:00,,운용사 분배금 원천을 아직 수집·검증하지 않음. 무분배로 해석하지 않는다.
KR7304780000,304780,,,,,verified_complete,verified_complete,2026-09-01T03:39:07+00:00,,운용사 분배금 원천을 아직 수집·검증하지 않음. 무분배로 해석하지 않는다.
KR7304940000,304940,,,,,verified_complete,verified_complete,2026-09-01T03:39:07+00:00,,운용사 분배금 원천을 아직 수집·검증하지 않음. 무분배로 해석하지 않는다.
KR7305050007,305050,,,,,verified_complete,verified_complete,2026-09-01T03:39:07+00:00,,운용사 분배금 원천을 아직 수집·검증하지 않음. 무분배로 해석하지 않는다.
KR7305080004,305080,,,,,verified_complete,verified_complete,2026-09-01T03:39:07+00:00,,운용사 분배금 원천을 아직 수집·검증하지 않음. 무분배로 해석하지 않는다.
KR7305540007,305540,,,,,verified_complete,verified_complete,2026-09-01T03:39:07+00:00,,운용사 분배금 원천을 아직 수집·검증하지 않음. 무분배로 해석하지 않는다.
KR7305720005,305720,,,,,verified_complete,verified_complete,2026-09-01T03:39:07+00:00,,운용사 분배금 원천을 아직 수집·검증하지 않음. 무분배로 해석하지 않는다.
KR7306520008,306520,,,,,verified_complete,verified_complete,2026-09-01T03:39:07+00:00,,운용사 분배금 원천을 아직 수집·검증하지 않음. 무분배로 해석하지 않는다.
KR7306530007,306530,,,,,verified_complete,verified_complete,2026-09-01T03:39:07+00:00,,운용사 분배금 원천을 아직 수집·검증하지 않음. 무분배로 해석하지 않는다.
KR7306950007,306950,,,,,verified_complete,verified_complete,2026-09-01T03:39:07+00:00,,운용사 분배금 원천을 아직 수집·검증하지 않음. 무분배로 해석하지 않는다.
KR7307510008,307510,,,,,verified_complete,verified_complete,2026-09-01T03:39:07+00:00,,운용사 분배금 원천을 아직 수집·검증하지 않음. 무분배로 해석하지 않는다.
KR7307520007,307520,,,,,verified_complete,verified_complete,2026-09-01T03:39:07+00:00,,운용사 분배금 원천을 아직 수집·검증하지 않음. 무분배로 해석하지 않는다.
KR7308620004,308620,,,,,verified_complete,verified_complete,2026-09-01T03:39:07+00:00,,운용사 분배금 원천을 아직 수집·검증하지 않음. 무분배로 해석하지 않는다.
KR7309230001,309230,,,,,verified_complete,verified_complete,2026-09-01T03:39:07+00:00,,운용사 분배금 원천을 아직 수집·검증하지 않음. 무분배로 해석하지 않는다.
KR7310080007,310080,,,,,verified_complete,verified_complete,2026-09-01T03:39:07+00:00,,운용사 분배금 원천을 아직 수집·검증하지 않음. 무분배로 해석하지 않는다.
KR7310960000,310960,,,,,verified_complete,verified_complete,2026-09-01T03:39:07+00:00,,운용사 분배금 원천을 아직 수집·검증하지 않음. 무분배로 해석하지 않는다.
KR7310970009,310970,,,,,verified_complete,verified_complete,2026-09-01T03:39:07+00:00,,운용사 분배금 원천을 아직 수집·검증하지 않음. 무분배로 해석하지 않는다.
KR7314250002,314250,2026-07-30,2026-07-30,,,verified_complete,verified_complete,2026-09-01T03:39:07+00:00,,이벤트는 검증됐으나 전체 기간의 무분배 여부·기업행동 범위가 아직 완결되지 않았다.
KR7314700006,314700,,,,,verified_complete,verified_complete,2026-09-01T03:39:07+00:00,,운용사 분배금 원천을 아직 수집·검증하지 않음. 무분배로 해석하지 않는다.
KR7315270009,315270,,,,,verified_complete,verified_complete,2026-09-01T03:39:07+00:00,,운용사 분배금 원천을 아직 수집·검증하지 않음. 무분배로 해석하지 않는다.
KR7315930008,315930,,,,,verified_complete,verified_complete,2026-09-01T03:39:07+00:00,,운용사 분배금 원천을 아직 수집·검증하지 않음. 무분배로 해석하지 않는다.
KR7315960005,315960,,,,,verified_complete,verified_complete,2026-09-01T03:39:07+00:00,,운용사 분배금 원천을 아직 수집·검증하지 않음. 무분배로 해석하지 않는다.
KR7316300003,316300,,,,,verified_complete,verified_complete,2026-09-01T03:39:07+00:00,,운용사 분배금 원천을 아직 수집·검증하지 않음. 무분배로 해석하지 않는다.
KR7316670009,316670,,,,,verified_complete,verified_complete,2026-09-01T03:39:07+00:00,,운용사 분배금 원천을 아직 수집·검증하지 않음. 무분배로 해석하지 않는다.
KR7319640009,319640,,,,,verified_complete,verified_complete,2026-09-01T03:39:07+00:00,,운용사 분배금 원천을 아직 수집·검증하지 않음. 무분배로 해석하지 않는다.
KR7321410003,321410,2026-07-30,2026-07-30,,,verified_complete,verified_complete,2026-09-01T03:39:07+00:00,,이벤트는 검증됐으나 전체 기간의 무분배 여부·기업행동 범위가 아직 완결되지 않았다.
KR7322400003,322400,,,,,verified_complete,verified_complete,2026-09-01T03:39:07+00:00,,운용사 분배금 원천을 아직 수집·검증하지 않음. 무분배로 해석하지 않는다.
KR7322410002,322410,,,,,verified_complete,verified_complete,2026-09-01T03:39:07+00:00,,운용사 분배금 원천을 아직 수집·검증하지 않음. 무분배로 해석하지 않는다.
KR7325010007,325010,2026-07-30,2026-07-30,,,verified_complete,verified_complete,2026-09-01T03:39:07+00:00,,이벤트는 검증됐으나 전체 기간의 무분배 여부·기업행동 범위가 아직 완결되지 않았다.
KR7325020006,325020,2026-07-30,2026-07-30,,,verified_complete,verified_complete,2026-09-01T03:39:07+00:00,,이벤트는 검증됐으나 전체 기간의 무분배 여부·기업행동 범위가 아직 완결되지 않았다.
KR7326230000,326230,,,,,verified_complete,verified_complete,2026-09-01T03:39:07+00:00,,운용사 분배금 원천을 아직 수집·검증하지 않음. 무분배로 해석하지 않는다.
KR7326240009,326240,,,,,verified_complete,verified_complete,2026-09-01T03:39:07+00:00,,운용사 분배금 원천을 아직 수집·검증하지 않음. 무분배로 해석하지 않는다.
KR7328370002,328370,,,,,verified_complete,verified_complete,2026-09-01T03:39:07+00:00,,운용사 분배금 원천을 아직 수집·검증하지 않음. 무분배로 해석하지 않는다.
KR7329200000,329200,2026-05-28,2026-06-29,,,verified_complete,verified_complete,2026-09-01T03:39:07+00:00,,이벤트는 검증됐으나 전체 기간의 무분배 여부·기업행동 범위가 아직 완결되지 않았다.
KR7329650006,329650,,,,,verified_complete,verified_complete,2026-09-01T03:39:07+00:00,,운용사 분배금 원천을 아직 수집·검증하지 않음. 무분배로 해석하지 않는다.
KR7329660005,329660,,,,,verified_complete,verified_complete,2026-09-01T03:39:07+00:00,,운용사 분배금 원천을 아직 수집·검증하지 않음. 무분배로 해석하지 않는다.
KR7329670004,329670,,,,,verified_complete,verified_complete,2026-09-01T03:39:07+00:00,,운용사 분배금 원천을 아직 수집·검증하지 않음. 무분배로 해석하지 않는다.
KR7329750004,329750,,,,,verified_complete,verified_complete,2026-09-01T03:39:07+00:00,,운용사 분배금 원천을 아직 수집·검증하지 않음. 무분배로 해석하지 않는다.
KR7332500008,332500,,,,,verified_complete,verified_complete,2026-09-01T03:39:07+00:00,,운용사 분배금 원천을 아직 수집·검증하지 않음. 무분배로 해석하지 않는다.
KR7332610005,332610,,,,,verified_complete,verified_complete,2026-09-01T03:39:07+00:00,,운용사 분배금 원천을 아직 수집·검증하지 않음. 무분배로 해석하지 않는다.
KR7332620004,332620,,,,,verified_complete,verified_complete,2026-09-01T03:39:07+00:00,,운용사 분배금 원천을 아직 수집·검증하지 않음. 무분배로 해석하지 않는다.
KR7332930007,332930,,,,,verified_complete,verified_complete,2026-09-01T03:39:07+00:00,,운용사 분배금 원천을 아직 수집·검증하지 않음. 무분배로 해석하지 않는다.
KR7332940006,332940,,,,,verified_complete,verified_complete,2026-09-01T03:39:07+00:00,,운용사 분배금 원천을 아직 수집·검증하지 않음. 무분배로 해석하지 않는다.
KR7334690005,334690,,,,,verified_complete,verified_complete,2026-09-01T03:39:07+00:00,,운용사 분배금 원천을 아직 수집·검증하지 않음. 무분배로 해석하지 않는다.
KR7334700002,334700,,,,,verified_complete,verified_complete,2026-09-01T03:39:07+00:00,,운용사 분배금 원천을 아직 수집·검증하지 않음. 무분배로 해석하지 않는다.
KR7336160007,336160,,,,,verified_complete,verified_complete,2026-09-01T03:39:07+00:00,,운용사 분배금 원천을 아직 수집·검증하지 않음. 무분배로 해석하지 않는다.
KR7337120000,337120,2026-07-30,2026-07-30,,,verified_complete,verified_complete,2026-09-01T03:39:07+00:00,,이벤트는 검증됐으나 전체 기간의 무분배 여부·기업행동 범위가 아직 완결되지 않았다.
KR7337140008,337140,2026-07-30,2026-07-30,,,verified_complete,verified_complete,2026-09-01T03:39:07+00:00,,이벤트는 검증됐으나 전체 기간의 무분배 여부·기업행동 범위가 아직 완결되지 않았다.
KR7337150007,337150,2026-07-30,2026-07-30,,,verified_complete,verified_complete,2026-09-01T03:39:07+00:00,,이벤트는 검증됐으나 전체 기간의 무분배 여부·기업행동 범위가 아직 완결되지 않았다.
KR7337160006,337160,2026-07-30,2026-07-30,,,verified_complete,verified_complete,2026-09-01T03:39:07+00:00,,이벤트는 검증됐으나 전체 기간의 무분배 여부·기업행동 범위가 아직 완결되지 않았다.
KR7341850006,341850,2026-05-28,2026-06-29,,,verified_complete,verified_complete,2026-09-01T03:39:07+00:00,,이벤트는 검증됐으나 전체 기간의 무분배 여부·기업행동 범위가 아직 완결되지 않았다.
KR7352540009,352540,2026-07-30,2026-07-30,,,verified_complete,verified_complete,2026-09-01T03:39:07+00:00,,이벤트는 검증됐으나 전체 기간의 무분배 여부·기업행동 범위가 아직 완결되지 않았다.
KR7352560007,352560,2026-07-30,2026-07-30,,,verified_complete,verified_complete,2026-09-01T03:39:07+00:00,,이벤트는 검증됐으나 전체 기간의 무분배 여부·기업행동 범위가 아직 완결되지 않았다.
KR7354240004,354240,,,,,verified_complete,verified_complete,2026-09-01T03:39:07+00:00,,운용사 분배금 원천을 아직 수집·검증하지 않음. 무분배로 해석하지 않는다.
KR7354350001,354350,,,,,verified_complete,verified_complete,2026-09-01T03:39:07+00:00,,운용사 분배금 원천을 아직 수집·검증하지 않음. 무분배로 해석하지 않는다.
KR7354500001,354500,,,,,verified_complete,verified_complete,2026-09-01T03:39:07+00:00,,운용사 분배금 원천을 아직 수집·검증하지 않음. 무분배로 해석하지 않는다.
KR7356540005,356540,,,,,verified_complete,verified_complete,2026-09-01T03:39:07+00:00,,운용사 분배금 원천을 아직 수집·검증하지 않음. 무분배로 해석하지 않는다.
KR7357870005,357870,,,,,verified_complete,verified_complete,2026-09-01T03:39:07+00:00,,운용사 분배금 원천을 아직 수집·검증하지 않음. 무분배로 해석하지 않는다.
KR7359210002,359210,,,,,verified_complete,verified_complete,2026-09-01T03:39:07+00:00,,운용사 분배금 원천을 아직 수집·검증하지 않음. 무분배로 해석하지 않는다.
KR7360140008,360140,,,,,verified_complete,verified_complete,2026-09-01T03:39:07+00:00,,운용사 분배금 원천을 아직 수집·검증하지 않음. 무분배로 해석하지 않는다.
KR7360150007,360150,,,,,verified_complete,verified_complete,2026-09-01T03:39:07+00:00,,운용사 분배금 원천을 아직 수집·검증하지 않음. 무분배로 해석하지 않는다.
KR7360200000,360200,,,,,verified_complete,verified_complete,2026-09-01T03:39:07+00:00,,운용사 분배금 원천을 아직 수집·검증하지 않음. 무분배로 해석하지 않는다.
KR7360750004,360750,,,,,verified_complete,verified_complete,2026-09-01T03:39:07+00:00,,운용사 분배금 원천을 아직 수집·검증하지 않음. 무분배로 해석하지 않는다.
KR7361580004,361580,,,,,verified_complete,verified_complete,2026-09-01T03:39:07+00:00,,운용사 분배금 원천을 아직 수집·검증하지 않음. 무분배로 해석하지 않는다.
KR7363510009,363510,,,,,verified_complete,verified_complete,2026-09-01T03:39:07+00:00,,운용사 분배금 원천을 아직 수집·검증하지 않음. 무분배로 해석하지 않는다.
KR7363570003,363570,,,,,verified_complete,verified_complete,2026-09-01T03:39:07+00:00,,운용사 분배금 원천을 아직 수집·검증하지 않음. 무분배로 해석하지 않는다.
KR7363580002,363580,,,,,verified_complete,verified_complete,2026-09-01T03:39:07+00:00,,운용사 분배금 원천을 아직 수집·검증하지 않음. 무분배로 해석하지 않는다.
KR7364690008,364690,2026-07-30,2026-07-30,,,verified_complete,verified_complete,2026-09-01T03:39:07+00:00,,이벤트는 검증됐으나 전체 기간의 무분배 여부·기업행동 범위가 아직 완결되지 않았다.
KR7364960005,364960,,,,,verified_complete,verified_complete,2026-09-01T03:39:07+00:00,,운용사 분배금 원천을 아직 수집·검증하지 않음. 무분배로 해석하지 않는다.
KR7364970004,364970,,,,,verified_complete,verified_complete,2026-09-01T03:39:07+00:00,,운용사 분배금 원천을 아직 수집·검증하지 않음. 무분배로 해석하지 않는다.
KR7364980003,364980,,,,,verified_complete,verified_complete,2026-09-01T03:39:07+00:00,,운용사 분배금 원천을 아직 수집·검증하지 않음. 무분배로 해석하지 않는다.
KR7364990002,364990,,,,,verified_complete,verified_complete,2026-09-01T03:39:07+00:00,,운용사 분배금 원천을 아직 수집·검증하지 않음. 무분배로 해석하지 않는다.
KR7365000009,365000,,,,,verified_complete,verified_complete,2026-09-01T03:39:07+00:00,,운용사 분배금 원천을 아직 수집·검증하지 않음. 무분배로 해석하지 않는다.
KR7365040005,365040,,,,,verified_complete,verified_complete,2026-09-01T03:39:07+00:00,,운용사 분배금 원천을 아직 수집·검증하지 않음. 무분배로 해석하지 않는다.
KR7365780006,365780,,,,,verified_complete,verified_complete,2026-09-01T03:39:07+00:00,,운용사 분배금 원천을 아직 수집·검증하지 않음. 무분배로 해석하지 않는다.
KR7367380003,367380,,,,,verified_complete,verified_complete,2026-09-01T03:39:07+00:00,,운용사 분배금 원천을 아직 수집·검증하지 않음. 무분배로 해석하지 않는다.
KR7367740008,367740,,,,,verified_complete,verified_complete,2026-09-01T03:39:07+00:00,,운용사 분배금 원천을 아직 수집·검증하지 않음. 무분배로 해석하지 않는다.
KR7367760006,367760,,,,,verified_complete,verified_complete,2026-09-01T03:39:07+00:00,,운용사 분배금 원천을 아직 수집·검증하지 않음. 무분배로 해석하지 않는다.
KR7367770005,367770,,,,,verified_complete,verified_complete,2026-09-01T03:39:07+00:00,,운용사 분배금 원천을 아직 수집·검증하지 않음. 무분배로 해석하지 않는다.
KR7368190005,368190,,,,,verified_complete,verified_complete,2026-09-01T03:39:07+00:00,,운용사 분배금 원천을 아직 수집·검증하지 않음. 무분배로 해석하지 않는다.
KR7368590006,368590,,,,,verified_complete,verified_complete,2026-09-01T03:39:07+00:00,,운용사 분배금 원천을 아직 수집·검증하지 않음. 무분배로 해석하지 않는다.
KR7368680005,368680,2026-07-30,2026-07-30,,,verified_complete,verified_complete,2026-09-01T03:39:07+00:00,,이벤트는 검증됐으나 전체 기간의 무분배 여부·기업행동 범위가 아직 완결되지 않았다.
KR7371150004,371150,,,,,verified_complete,verified_complete,2026-09-01T03:39:07+00:00,,운용사 분배금 원천을 아직 수집·검증하지 않음. 무분배로 해석하지 않는다.
KR7371160003,371160,,,,,verified_complete,verified_complete,2026-09-01T03:39:07+00:00,,운용사 분배금 원천을 아직 수집·검증하지 않음. 무분배로 해석하지 않는다.
KR7371450008,371450,,,,,verified_complete,verified_complete,2026-09-01T03:39:07+00:00,,운용사 분배금 원천을 아직 수집·검증하지 않음. 무분배로 해석하지 않는다.
KR7371460007,371460,,,,,verified_complete,verified_complete,2026-09-01T03:39:07+00:00,,운용사 분배금 원천을 아직 수집·검증하지 않음. 무분배로 해석하지 않는다.
KR7371470006,371470,,,,,verified_complete,verified_complete,2026-09-01T03:39:07+00:00,,운용사 분배금 원천을 아직 수집·검증하지 않음. 무분배로 해석하지 않는다.
KR7371870007,371870,,,,,verified_complete,verified_complete,2026-09-01T03:39:07+00:00,,운용사 분배금 원천을 아직 수집·검증하지 않음. 무분배로 해석하지 않는다.
KR7372330001,372330,2026-07-30,2026-07-30,,,verified_complete,verified_complete,2026-09-01T03:39:07+00:00,,이벤트는 검증됐으나 전체 기간의 무분배 여부·기업행동 범위가 아직 완결되지 않았다.
KR7373490002,373490,,,,,verified_complete,verified_complete,2026-09-01T03:39:07+00:00,,운용사 분배금 원천을 아직 수집·검증하지 않음. 무분배로 해석하지 않는다.
KR7373790005,373790,,,,,verified_complete,verified_complete,2026-09-01T03:39:07+00:00,,운용사 분배금 원천을 아직 수집·검증하지 않음. 무분배로 해석하지 않는다.
KR7375270006,375270,,,,,verified_complete,verified_complete,2026-09-01T03:39:07+00:00,,운용사 분배금 원천을 아직 수집·검증하지 않음. 무분배로 해석하지 않는다.
KR7375760006,375760,,,,,verified_complete,verified_complete,2026-09-01T03:39:07+00:00,,운용사 분배금 원천을 아직 수집·검증하지 않음. 무분배로 해석하지 않는다.
KR7375770005,375770,2026-07-30,2026-07-30,,,verified_complete,verified_complete,2026-09-01T03:39:07+00:00,,이벤트는 검증됐으나 전체 기간의 무분배 여부·기업행동 범위가 아직 완결되지 않았다.
KR7376410007,376410,,,,,verified_complete,verified_complete,2026-09-01T03:39:07+00:00,,운용사 분배금 원천을 아직 수집·검증하지 않음. 무분배로 해석하지 않는다.
KR7377990007,377990,,,,,verified_complete,verified_complete,2026-09-01T03:39:07+00:00,,운용사 분배금 원천을 아직 수집·검증하지 않음. 무분배로 해석하지 않는다.
KR7379780000,379780,,,,,verified_complete,verified_complete,2026-09-01T03:39:07+00:00,,운용사 분배금 원천을 아직 수집·검증하지 않음. 무분배로 해석하지 않는다.
KR7379790009,379790,,,,,verified_complete,verified_complete,2026-09-01T03:39:07+00:00,,운용사 분배금 원천을 아직 수집·검증하지 않음. 무분배로 해석하지 않는다.
KR7379800006,379800,2026-07-30,2026-07-30,,,verified_complete,verified_complete,2026-09-01T03:39:07+00:00,,이벤트는 검증됐으나 전체 기간의 무분배 여부·기업행동 범위가 아직 완결되지 않았다.
KR7379810005,379810,2026-07-30,2026-07-30,,,verified_complete,verified_complete,2026-09-01T03:39:07+00:00,,이벤트는 검증됐으나 전체 기간의 무분배 여부·기업행동 범위가 아직 완결되지 않았다.
KR7380340000,380340,,,,,verified_complete,verified_complete,2026-09-01T03:39:07+00:00,,운용사 분배금 원천을 아직 수집·검증하지 않음. 무분배로 해석하지 않는다.
KR7381170000,381170,,,,,verified_complete,verified_complete,2026-09-01T03:39:07+00:00,,운용사 분배금 원천을 아직 수집·검증하지 않음. 무분배로 해석하지 않는다.
KR7381180009,381180,,,,,verified_complete,verified_complete,2026-09-01T03:39:07+00:00,,운용사 분배금 원천을 아직 수집·검증하지 않음. 무분배로 해석하지 않는다.
KR7381560002,381560,,,,,verified_complete,verified_complete,2026-09-01T03:39:07+00:00,,운용사 분배금 원천을 아직 수집·검증하지 않음. 무분배로 해석하지 않는다.
KR7381570001,381570,,,,,verified_complete,verified_complete,2026-09-01T03:39:07+00:00,,운용사 분배금 원천을 아직 수집·검증하지 않음. 무분배로 해석하지 않는다.
KR7385510003,385510,,,,,verified_complete,verified_complete,2026-09-01T03:39:07+00:00,,운용사 분배금 원천을 아직 수집·검증하지 않음. 무분배로 해석하지 않는다.
KR7385520002,385520,,,,,verified_complete,verified_complete,2026-09-01T03:39:07+00:00,,운용사 분배금 원천을 아직 수집·검증하지 않음. 무분배로 해석하지 않는다.
KR7385540000,385540,,,,,verified_complete,verified_complete,2026-09-01T03:39:07+00:00,,운용사 분배금 원천을 아직 수집·검증하지 않음. 무분배로 해석하지 않는다.
KR7385550009,385550,,,,,verified_complete,verified_complete,2026-09-01T03:39:07+00:00,,운용사 분배금 원천을 아직 수집·검증하지 않음. 무분배로 해석하지 않는다.
KR7385560008,385560,,,,,verified_complete,verified_complete,2026-09-01T03:39:07+00:00,,운용사 분배금 원천을 아직 수집·검증하지 않음. 무분배로 해석하지 않는다.
KR7385590005,385590,,,,,verified_complete,verified_complete,2026-09-01T03:39:07+00:00,,운용사 분배금 원천을 아직 수집·검증하지 않음. 무분배로 해석하지 않는다.
KR7385600002,385600,,,,,verified_complete,verified_complete,2026-09-01T03:39:07+00:00,,운용사 분배금 원천을 아직 수집·검증하지 않음. 무분배로 해석하지 않는다.
KR7385710009,385710,,,,,verified_complete,verified_complete,2026-09-01T03:39:07+00:00,,운용사 분배금 원천을 아직 수집·검증하지 않음. 무분배로 해석하지 않는다.
KR7385720008,385720,,,,,verified_complete,verified_complete,2026-09-01T03:39:07+00:00,,운용사 분배금 원천을 아직 수집·검증하지 않음. 무분배로 해석하지 않는다.
KR7387270002,387270,,,,,verified_complete,verified_complete,2026-09-01T03:39:07+00:00,,운용사 분배금 원천을 아직 수집·검증하지 않음. 무분배로 해석하지 않는다.
KR7387280001,387280,,,,,verified_complete,verified_complete,2026-09-01T03:39:07+00:00,,운용사 분배금 원천을 아직 수집·검증하지 않음. 무분배로 해석하지 않는다.
KR7388280000,388280,,,,,verified_complete,verified_complete,2026-09-01T03:39:07+00:00,,운용사 분배금 원천을 아직 수집·검증하지 않음. 무분배로 해석하지 않는다.
KR7388420002,388420,,,,,verified_complete,verified_complete,2026-09-01T03:39:07+00:00,,운용사 분배금 원천을 아직 수집·검증하지 않음. 무분배로 해석하지 않는다.
KR7390390003,390390,2026-07-30,2026-07-30,,,verified_complete,verified_complete,2026-09-01T03:39:07+00:00,,이벤트는 검증됐으나 전체 기간의 무분배 여부·기업행동 범위가 아직 완결되지 않았다.
KR7390400000,390400,2026-07-30,2026-07-30,,,verified_complete,verified_complete,2026-09-01T03:39:07+00:00,,이벤트는 검증됐으나 전체 기간의 무분배 여부·기업행동 범위가 아직 완결되지 않았다.
KR7391600004,391600,,,,,verified_complete,verified_complete,2026-09-01T03:39:07+00:00,,운용사 분배금 원천을 아직 수집·검증하지 않음. 무분배로 해석하지 않는다.
KR7391670007,391670,,,,,verified_complete,verified_complete,2026-09-01T03:39:07+00:00,,운용사 분배금 원천을 아직 수집·검증하지 않음. 무분배로 해석하지 않는다.
KR7394660005,394660,,,,,verified_complete,verified_complete,2026-09-01T03:39:07+00:00,,운용사 분배금 원천을 아직 수집·검증하지 않음. 무분배로 해석하지 않는다.
KR7394670004,394670,,,,,verified_complete,verified_complete,2026-09-01T03:39:07+00:00,,운용사 분배금 원천을 아직 수집·검증하지 않음. 무분배로 해석하지 않는다.
KR7395150006,395150,,,,,verified_complete,verified_complete,2026-09-01T03:39:07+00:00,,운용사 분배금 원천을 아직 수집·검증하지 않음. 무분배로 해석하지 않는다.
KR7395160005,395160,,,,,verified_complete,verified_complete,2026-09-01T03:39:07+00:00,,운용사 분배금 원천을 아직 수집·검증하지 않음. 무분배로 해석하지 않는다.
KR7395170004,395170,2026-07-30,2026-07-30,,,verified_complete,verified_complete,2026-09-01T03:39:07+00:00,,이벤트는 검증됐으나 전체 기간의 무분배 여부·기업행동 범위가 아직 완결되지 않았다.
KR7395270002,395270,,,,,verified_complete,verified_complete,2026-09-01T03:39:07+00:00,,운용사 분배금 원천을 아직 수집·검증하지 않음. 무분배로 해석하지 않는다.
KR7395280001,395280,,,,,verified_complete,verified_complete,2026-09-01T03:39:07+00:00,,운용사 분배금 원천을 아직 수집·검증하지 않음. 무분배로 해석하지 않는다.
KR7395290000,395290,,,,,verified_complete,verified_complete,2026-09-01T03:39:07+00:00,,운용사 분배금 원천을 아직 수집·검증하지 않음. 무분배로 해석하지 않는다.
KR7395750003,395750,,,,,verified_complete,verified_complete,2026-09-01T03:39:07+00:00,,운용사 분배금 원천을 아직 수집·검증하지 않음. 무분배로 해석하지 않는다.
KR7395760002,395760,,,,,verified_complete,verified_complete,2026-09-01T03:39:07+00:00,,운용사 분배금 원천을 아직 수집·검증하지 않음. 무분배로 해석하지 않는다.
KR7396500001,396500,,,,,verified_complete,verified_complete,2026-09-01T03:39:07+00:00,,운용사 분배금 원천을 아직 수집·검증하지 않음. 무분배로 해석하지 않는다.
KR7396510000,396510,,,,,verified_complete,verified_complete,2026-09-01T03:39:07+00:00,,운용사 분배금 원천을 아직 수집·검증하지 않음. 무분배로 해석하지 않는다.
KR7396520009,396520,,,,,verified_complete,verified_complete,2026-09-01T03:39:07+00:00,,운용사 분배금 원천을 아직 수집·검증하지 않음. 무분배로 해석하지 않는다.
KR7399110006,399110,,,,,verified_complete,verified_complete,2026-09-01T03:39:07+00:00,,운용사 분배금 원천을 아직 수집·검증하지 않음. 무분배로 해석하지 않는다.
KR7399580000,399580,,,,,verified_complete,verified_complete,2026-09-01T03:39:07+00:00,,운용사 분배금 원천을 아직 수집·검증하지 않음. 무분배로 해석하지 않는다.
KR7400570008,400570,,,,,verified_complete,verified_complete,2026-09-01T03:39:07+00:00,,운용사 분배금 원천을 아직 수집·검증하지 않음. 무분배로 해석하지 않는다.
KR7400580007,400580,,,,,verified_complete,verified_complete,2026-09-01T03:39:07+00:00,,운용사 분배금 원천을 아직 수집·검증하지 않음. 무분배로 해석하지 않는다.
KR7400590006,400590,,,,,verified_complete,verified_complete,2026-09-01T03:39:07+00:00,,운용사 분배금 원천을 아직 수집·검증하지 않음. 무분배로 해석하지 않는다.
KR7400970000,400970,,,,,verified_complete,verified_complete,2026-09-01T03:39:07+00:00,,운용사 분배금 원천을 아직 수집·검증하지 않음. 무분배로 해석하지 않는다.
KR7401170006,401170,,,,,verified_complete,verified_complete,2026-09-01T03:39:07+00:00,,운용사 분배금 원천을 아직 수집·검증하지 않음. 무분배로 해석하지 않는다.
KR7401470000,401470,,,,,verified_complete,verified_complete,2026-09-01T03:39:07+00:00,,운용사 분배금 원천을 아직 수집·검증하지 않음. 무분배로 해석하지 않는다.
KR7401590005,401590,,,,,verified_complete,verified_complete,2026-09-01T03:39:07+00:00,,운용사 분배금 원천을 아직 수집·검증하지 않음. 무분배로 해석하지 않는다.
KR7402460000,402460,,,,,verified_complete,verified_complete,2026-09-01T03:39:07+00:00,,운용사 분배금 원천을 아직 수집·검증하지 않음. 무분배로 해석하지 않는다.
KR7402970008,402970,,,,,verified_complete,verified_complete,2026-09-01T03:39:07+00:00,,운용사 분배금 원천을 아직 수집·검증하지 않음. 무분배로 해석하지 않는다.
KR7403790009,403790,,,,,verified_complete,verified_complete,2026-09-01T03:39:07+00:00,,운용사 분배금 원천을 아직 수집·검증하지 않음. 무분배로 해석하지 않는다.
KR7404120008,404120,,,,,verified_complete,verified_complete,2026-09-01T03:39:07+00:00,,운용사 분배금 원천을 아직 수집·검증하지 않음. 무분배로 해석하지 않는다.
KR7404260002,404260,2026-07-30,2026-07-30,,,verified_complete,verified_complete,2026-09-01T03:39:07+00:00,,이벤트는 검증됐으나 전체 기간의 무분배 여부·기업행동 범위가 아직 완결되지 않았다.
KR7404540007,404540,,,,,verified_complete,verified_complete,2026-09-01T03:39:07+00:00,,운용사 분배금 원천을 아직 수집·검증하지 않음. 무분배로 해석하지 않는다.
KR7404650004,404650,,,,,verified_complete,verified_complete,2026-09-01T03:39:07+00:00,,운용사 분배금 원천을 아직 수집·검증하지 않음. 무분배로 해석하지 않는다.
KR7407300003,407300,,,,,verified_complete,verified_complete,2026-09-01T03:39:07+00:00,,운용사 분배금 원천을 아직 수집·검증하지 않음. 무분배로 해석하지 않는다.
KR7407310002,407310,,,,,verified_complete,verified_complete,2026-09-01T03:39:07+00:00,,운용사 분배금 원천을 아직 수집·검증하지 않음. 무분배로 해석하지 않는다.
KR7407820000,407820,,,,,verified_complete,verified_complete,2026-09-01T03:39:07+00:00,,운용사 분배금 원천을 아직 수집·검증하지 않음. 무분배로 해석하지 않는다.
KR7407830009,407830,,,,,verified_complete,verified_complete,2026-09-01T03:39:07+00:00,,운용사 분배금 원천을 아직 수집·검증하지 않음. 무분배로 해석하지 않는다.
KR7409810009,409810,,,,,verified_complete,verified_complete,2026-09-01T03:39:07+00:00,,운용사 분배금 원천을 아직 수집·검증하지 않음. 무분배로 해석하지 않는다.
KR7409820008,409820,,,,,verified_complete,verified_complete,2026-09-01T03:39:07+00:00,,운용사 분배금 원천을 아직 수집·검증하지 않음. 무분배로 해석하지 않는다.
KR7410870000,410870,,,,,verified_complete,verified_complete,2026-09-01T03:39:07+00:00,,운용사 분배금 원천을 아직 수집·검증하지 않음. 무분배로 해석하지 않는다.
KR7411060007,411060,,,,,verified_complete,verified_complete,2026-09-01T03:39:07+00:00,,운용사 분배금 원천을 아직 수집·검증하지 않음. 무분배로 해석하지 않는다.
KR7411420003,411420,2026-07-30,2026-07-30,,,verified_complete,verified_complete,2026-09-01T03:39:07+00:00,,이벤트는 검증됐으나 전체 기간의 무분배 여부·기업행동 범위가 아직 완결되지 않았다.
KR7411540008,411540,,,,,verified_complete,verified_complete,2026-09-01T03:39:07+00:00,,운용사 분배금 원천을 아직 수집·검증하지 않음. 무분배로 해석하지 않는다.
KR7411860000,411860,,,,,verified_complete,verified_complete,2026-09-01T03:39:07+00:00,,운용사 분배금 원천을 아직 수집·검증하지 않음. 무분배로 해석하지 않는다.
KR7412560005,412560,,,,,verified_complete,verified_complete,2026-09-01T03:39:07+00:00,,운용사 분배금 원천을 아직 수집·검증하지 않음. 무분배로 해석하지 않는다.
KR7412570004,412570,,,,,verified_complete,verified_complete,2026-09-01T03:39:07+00:00,,운용사 분배금 원천을 아직 수집·검증하지 않음. 무분배로 해석하지 않는다.
KR7412770000,412770,,,,,verified_complete,verified_complete,2026-09-01T03:39:07+00:00,,운용사 분배금 원천을 아직 수집·검증하지 않음. 무분배로 해석하지 않는다.
KR7413220005,413220,,,,,verified_complete,verified_complete,2026-09-01T03:39:07+00:00,,운용사 분배금 원천을 아직 수집·검증하지 않음. 무분배로 해석하지 않는다.
KR7413930009,413930,,,,,verified_complete,verified_complete,2026-09-01T03:39:07+00:00,,운용사 분배금 원천을 아직 수집·검증하지 않음. 무분배로 해석하지 않는다.
KR7414270009,414270,,,,,verified_complete,verified_complete,2026-09-01T03:39:07+00:00,,운용사 분배금 원천을 아직 수집·검증하지 않음. 무분배로 해석하지 않는다.
KR7414780007,414780,,,,,verified_complete,verified_complete,2026-09-01T03:39:07+00:00,,운용사 분배금 원천을 아직 수집·검증하지 않음. 무분배로 해석하지 않는다.
KR7415340009,415340,,,,,verified_complete,verified_complete,2026-09-01T03:39:07+00:00,,운용사 분배금 원천을 아직 수집·검증하지 않음. 무분배로 해석하지 않는다.
KR7415760008,415760,,,,,verified_complete,verified_complete,2026-09-01T03:39:07+00:00,,운용사 분배금 원천을 아직 수집·검증하지 않음. 무분배로 해석하지 않는다.
KR7415920008,415920,,,,,verified_complete,verified_complete,2026-09-01T03:39:07+00:00,,운용사 분배금 원천을 아직 수집·검증하지 않음. 무분배로 해석하지 않는다.
KR7416090009,416090,,,,,verified_complete,verified_complete,2026-09-01T03:39:07+00:00,,운용사 분배금 원천을 아직 수집·검증하지 않음. 무분배로 해석하지 않는다.
KR7417450004,417450,,,,,verified_complete,verified_complete,2026-09-01T03:39:07+00:00,,운용사 분배금 원천을 아직 수집·검증하지 않음. 무분배로 해석하지 않는다.
KR7417630001,417630,,,,,verified_complete,verified_complete,2026-09-01T03:39:07+00:00,,운용사 분배금 원천을 아직 수집·검증하지 않음. 무분배로 해석하지 않는다.
KR7418660007,418660,,,,,verified_complete,verified_complete,2026-09-01T03:39:07+00:00,,운용사 분배금 원천을 아직 수집·검증하지 않음. 무분배로 해석하지 않는다.
KR7418670006,418670,,,,,verified_complete,verified_complete,2026-09-01T03:39:07+00:00,,운용사 분배금 원천을 아직 수집·검증하지 않음. 무분배로 해석하지 않는다.
KR7419420005,419420,2026-07-30,2026-07-30,,,verified_complete,verified_complete,2026-09-01T03:39:07+00:00,,이벤트는 검증됐으나 전체 기간의 무분배 여부·기업행동 범위가 아직 완결되지 않았다.
KR7419430004,419430,,,,,verified_complete,verified_complete,2026-09-01T03:39:07+00:00,,운용사 분배금 원천을 아직 수집·검증하지 않음. 무분배로 해석하지 않는다.
KR7419650007,419650,,,,,verified_complete,verified_complete,2026-09-01T03:39:07+00:00,,운용사 분배금 원천을 아직 수집·검증하지 않음. 무분배로 해석하지 않는다.
KR7419890009,419890,,,,,verified_complete,verified_complete,2026-09-01T03:39:07+00:00,,운용사 분배금 원천을 아직 수집·검증하지 않음. 무분배로 해석하지 않는다.
KR7421320003,421320,,,,,verified_complete,verified_complete,2026-09-01T03:39:07+00:00,,운용사 분배금 원천을 아직 수집·검증하지 않음. 무분배로 해석하지 않는다.
KR7422420000,422420,,,,,verified_complete,verified_complete,2026-09-01T03:39:07+00:00,,운용사 분배금 원천을 아직 수집·검증하지 않음. 무분배로 해석하지 않는다.
KR7423160001,423160,2026-07-30,2026-07-30,,,verified_complete,verified_complete,2026-09-01T03:39:07+00:00,,이벤트는 검증됐으나 전체 기간의 무분배 여부·기업행동 범위가 아직 완결되지 않았다.
KR7423170000,423170,,,,,verified_complete,verified_complete,2026-09-01T03:39:07+00:00,,운용사 분배금 원천을 아직 수집·검증하지 않음. 무분배로 해석하지 않는다.
KR7423920008,423920,,,,,verified_complete,verified_complete,2026-09-01T03:39:07+00:00,,운용사 분배금 원천을 아직 수집·검증하지 않음. 무분배로 해석하지 않는다.
KR7426020004,426020,,,,,verified_complete,verified_complete,2026-09-01T03:39:07+00:00,,운용사 분배금 원천을 아직 수집·검증하지 않음. 무분배로 해석하지 않는다.
KR7426030003,426030,,,,,verified_complete,verified_complete,2026-09-01T03:39:07+00:00,,운용사 분배금 원천을 아직 수집·검증하지 않음. 무분배로 해석하지 않는다.
KR7426150009,426150,,,,,verified_complete,verified_complete,2026-09-01T03:39:07+00:00,,운용사 분배금 원천을 아직 수집·검증하지 않음. 무분배로 해석하지 않는다.
KR7427120001,427120,,,,,verified_complete,verified_complete,2026-09-01T03:39:07+00:00,,운용사 분배금 원천을 아직 수집·검증하지 않음. 무분배로 해석하지 않는다.
KR7428510002,428510,2026-07-30,2026-07-30,,,verified_complete,verified_complete,2026-09-01T03:39:07+00:00,,이벤트는 검증됐으나 전체 기간의 무분배 여부·기업행동 범위가 아직 완결되지 않았다.
KR7428560007,428560,2026-07-30,2026-07-30,,,verified_complete,verified_complete,2026-09-01T03:39:07+00:00,,이벤트는 검증됐으나 전체 기간의 무분배 여부·기업행동 범위가 아직 완결되지 않았다.
KR7429000003,429000,2026-05-28,2026-06-29,,,verified_complete,verified_complete,2026-09-01T03:39:07+00:00,,이벤트는 검증됐으나 전체 기간의 무분배 여부·기업행동 범위가 아직 완결되지 않았다.
KR7429010002,429010,,,,,verified_complete,verified_complete,2026-09-01T03:39:07+00:00,,운용사 분배금 원천을 아직 수집·검증하지 않음. 무분배로 해석하지 않는다.
KR7429740004,429740,,,,,verified_complete,verified_complete,2026-09-01T03:39:07+00:00,,운용사 분배금 원천을 아직 수집·검증하지 않음. 무분배로 해석하지 않는다.
KR7429760002,429760,,,,,verified_complete,verified_complete,2026-09-01T03:39:07+00:00,,운용사 분배금 원천을 아직 수집·검증하지 않음. 무분배로 해석하지 않는다.
KR7429980006,429980,,,,,verified_complete,verified_complete,2026-09-01T03:39:07+00:00,,운용사 분배금 원천을 아직 수집·검증하지 않음. 무분배로 해석하지 않는다.
KR7430500009,430500,,,,,verified_complete,verified_complete,2026-09-01T03:39:07+00:00,,운용사 분배금 원천을 아직 수집·검증하지 않음. 무분배로 해석하지 않는다.
KR7432600005,432600,,,,,verified_complete,verified_complete,2026-09-01T03:39:07+00:00,,운용사 분배금 원천을 아직 수집·검증하지 않음. 무분배로 해석하지 않는다.
KR7432840007,432840,,,,,verified_complete,verified_complete,2026-09-01T03:39:07+00:00,,운용사 분배금 원천을 아직 수집·검증하지 않음. 무분배로 해석하지 않는다.
KR7433220001,433220,,,,,verified_complete,verified_complete,2026-09-01T03:39:07+00:00,,운용사 분배금 원천을 아직 수집·검증하지 않음. 무분배로 해석하지 않는다.
KR7433250008,433250,,,,,verified_complete,verified_complete,2026-09-01T03:39:07+00:00,,운용사 분배금 원천을 아직 수집·검증하지 않음. 무분배로 해석하지 않는다.
KR7433330008,433330,,,,,verified_complete,verified_complete,2026-09-01T03:39:07+00:00,,운용사 분배금 원천을 아직 수집·검증하지 않음. 무분배로 해석하지 않는다.
KR7433500006,433500,,,,,verified_complete,verified_complete,2026-09-01T03:39:07+00:00,,운용사 분배금 원천을 아직 수집·검증하지 않음. 무분배로 해석하지 않는다.
KR7433880002,433880,,,,,verified_complete,verified_complete,2026-09-01T03:39:07+00:00,,운용사 분배금 원천을 아직 수집·검증하지 않음. 무분배로 해석하지 않는다.
KR7433970001,433970,2026-07-30,2026-07-30,,,verified_complete,verified_complete,2026-09-01T03:39:07+00:00,,이벤트는 검증됐으나 전체 기간의 무분배 여부·기업행동 범위가 아직 완결되지 않았다.
KR7433980000,433980,2026-07-30,2026-07-30,,,verified_complete,verified_complete,2026-09-01T03:39:07+00:00,,이벤트는 검증됐으나 전체 기간의 무분배 여부·기업행동 범위가 아직 완결되지 않았다.
KR7434060000,434060,2026-07-30,2026-07-30,,,verified_complete,verified_complete,2026-09-01T03:39:07+00:00,,이벤트는 검증됐으나 전체 기간의 무분배 여부·기업행동 범위가 아직 완결되지 않았다.
KR7434730008,434730,,,,,verified_complete,verified_complete,2026-09-01T03:39:07+00:00,,운용사 분배금 원천을 아직 수집·검증하지 않음. 무분배로 해석하지 않는다.
KR7434960001,434960,,,,,verified_complete,verified_complete,2026-09-01T03:39:07+00:00,,운용사 분배금 원천을 아직 수집·검증하지 않음. 무분배로 해석하지 않는다.
KR7435040001,435040,,,,,verified_complete,verified_complete,2026-09-01T03:39:07+00:00,,운용사 분배금 원천을 아직 수집·검증하지 않음. 무분배로 해석하지 않는다.
KR7435420005,435420,,,,,verified_complete,verified_complete,2026-09-01T03:39:07+00:00,,운용사 분배금 원천을 아직 수집·검증하지 않음. 무분배로 해석하지 않는다.
KR7435530001,435530,,,,,verified_complete,verified_complete,2026-09-01T03:39:07+00:00,,운용사 분배금 원천을 아직 수집·검증하지 않음. 무분배로 해석하지 않는다.
KR7435540000,435540,,,,,verified_complete,verified_complete,2026-09-01T03:39:07+00:00,,운용사 분배금 원천을 아직 수집·검증하지 않음. 무분배로 해석하지 않는다.
KR7435550009,435550,,,,,verified_complete,verified_complete,2026-09-01T03:39:07+00:00,,운용사 분배금 원천을 아직 수집·검증하지 않음. 무분배로 해석하지 않는다.
KR7436140008,436140,,,,,verified_complete,verified_complete,2026-09-01T03:39:07+00:00,,운용사 분배금 원천을 아직 수집·검증하지 않음. 무분배로 해석하지 않는다.
KR7437070006,437070,2026-07-30,2026-07-30,,,verified_complete,verified_complete,2026-09-01T03:39:07+00:00,,이벤트는 검증됐으나 전체 기간의 무분배 여부·기업행동 범위가 아직 완결되지 않았다.
KR7437080005,437080,2026-07-30,2026-07-30,,,verified_complete,verified_complete,2026-09-01T03:39:07+00:00,,이벤트는 검증됐으나 전체 기간의 무분배 여부·기업행동 범위가 아직 완결되지 않았다.
KR7437350002,437350,,,,,verified_complete,verified_complete,2026-09-01T03:39:07+00:00,,운용사 분배금 원천을 아직 수집·검증하지 않음. 무분배로 해석하지 않는다.
KR7437370000,437370,,,,,verified_complete,verified_complete,2026-09-01T03:39:07+00:00,,운용사 분배금 원천을 아직 수집·검증하지 않음. 무분배로 해석하지 않는다.
KR7438080004,438080,,,,,verified_complete,verified_complete,2026-09-01T03:39:07+00:00,,운용사 분배금 원천을 아직 수집·검증하지 않음. 무분배로 해석하지 않는다.
KR7438100000,438100,,,,,verified_complete,verified_complete,2026-09-01T03:39:07+00:00,,운용사 분배금 원천을 아직 수집·검증하지 않음. 무분배로 해석하지 않는다.
KR7438320004,438320,,,,,verified_complete,verified_complete,2026-09-01T03:39:07+00:00,,운용사 분배금 원천을 아직 수집·검증하지 않음. 무분배로 해석하지 않는다.
KR7438330003,438330,,,,,verified_complete,verified_complete,2026-09-01T03:39:07+00:00,,운용사 분배금 원천을 아직 수집·검증하지 않음. 무분배로 해석하지 않는다.
KR7438560005,438560,,,,,verified_complete,verified_complete,2026-09-01T03:39:07+00:00,,운용사 분배금 원천을 아직 수집·검증하지 않음. 무분배로 해석하지 않는다.
KR7438570004,438570,,,,,verified_complete,verified_complete,2026-09-01T03:39:07+00:00,,운용사 분배금 원천을 아직 수집·검증하지 않음. 무분배로 해석하지 않는다.
KR7438740003,438740,,,,,verified_complete,verified_complete,2026-09-01T03:39:07+00:00,,운용사 분배금 원천을 아직 수집·검증하지 않음. 무분배로 해석하지 않는다.
KR7438900003,438900,,,,,verified_complete,verified_complete,2026-09-01T03:39:07+00:00,,운용사 분배금 원천을 아직 수집·검증하지 않음. 무분배로 해석하지 않는다.
KR7439860008,439860,,,,,verified_complete,verified_complete,2026-09-01T03:39:07+00:00,,운용사 분배금 원천을 아직 수집·검증하지 않음. 무분배로 해석하지 않는다.
KR7439870007,439870,,,,,verified_complete,verified_complete,2026-09-01T03:39:07+00:00,,운용사 분배금 원천을 아직 수집·검증하지 않음. 무분배로 해석하지 않는다.
KR7440340008,440340,2026-05-28,2026-06-29,,,verified_complete,verified_complete,2026-09-01T03:39:07+00:00,,이벤트는 검증됐으나 전체 기간의 무분배 여부·기업행동 범위가 아직 완결되지 않았다.
KR7440640001,440640,,,,,verified_complete,verified_complete,2026-09-01T03:39:07+00:00,,운용사 분배금 원천을 아직 수집·검증하지 않음. 무분배로 해석하지 않는다.
KR7440650000,440650,,,,,verified_complete,verified_complete,2026-09-01T03:39:07+00:00,,운용사 분배금 원천을 아직 수집·검증하지 않음. 무분배로 해석하지 않는다.
KR7440910008,440910,,,,,verified_complete,verified_complete,2026-09-01T03:39:07+00:00,,운용사 분배금 원천을 아직 수집·검증하지 않음. 무분배로 해석하지 않는다.
KR7441540002,441540,,,,,verified_complete,verified_complete,2026-09-01T03:39:07+00:00,,운용사 분배금 원천을 아직 수집·검증하지 않음. 무분배로 해석하지 않는다.
KR7441640000,441640,,,,,verified_complete,verified_complete,2026-09-01T03:39:07+00:00,,운용사 분배금 원천을 아직 수집·검증하지 않음. 무분배로 해석하지 않는다.
KR7441680006,441680,2026-05-28,2026-06-29,,,verified_complete,verified_complete,2026-09-01T03:39:07+00:00,,이벤트는 검증됐으나 전체 기간의 무분배 여부·기업행동 범위가 아직 완결되지 않았다.
KR7441800000,441800,,,,,verified_complete,verified_complete,2026-09-01T03:39:07+00:00,,운용사 분배금 원천을 아직 수집·검증하지 않음. 무분배로 해석하지 않는다.
KR7442090007,442090,,,,,verified_complete,verified_complete,2026-09-01T03:39:07+00:00,,운용사 분배금 원천을 아직 수집·검증하지 않음. 무분배로 해석하지 않는다.
KR7442260006,442260,,,,,verified_complete,verified_complete,2026-09-01T03:39:07+00:00,,운용사 분배금 원천을 아직 수집·검증하지 않음. 무분배로 해석하지 않는다.
KR7442320008,442320,,,,,verified_complete,verified_complete,2026-09-01T03:39:07+00:00,,운용사 분배금 원천을 아직 수집·검증하지 않음. 무분배로 해석하지 않는다.
KR7442550000,442550,,,,,verified_complete,verified_complete,2026-09-01T03:39:07+00:00,,운용사 분배금 원천을 아직 수집·검증하지 않음. 무분배로 해석하지 않는다.
KR7442560009,442560,,,,,verified_complete,verified_complete,2026-09-01T03:39:07+00:00,,운용사 분배금 원천을 아직 수집·검증하지 않음. 무분배로 해석하지 않는다.
KR7442570008,442570,,,,,verified_complete,verified_complete,2026-09-01T03:39:07+00:00,,운용사 분배금 원천을 아직 수집·검증하지 않음. 무분배로 해석하지 않는다.
KR7442580007,442580,,,,,verified_complete,verified_complete,2026-09-01T03:39:07+00:00,,운용사 분배금 원천을 아직 수집·검증하지 않음. 무분배로 해석하지 않는다.
KR7444200000,444200,,,,,verified_complete,verified_complete,2026-09-01T03:39:07+00:00,,운용사 분배금 원천을 아직 수집·검증하지 않음. 무분배로 해석하지 않는다.
KR7444490007,444490,,,,,verified_complete,verified_complete,2026-09-01T03:39:07+00:00,,운용사 분배금 원천을 아직 수집·검증하지 않음. 무분배로 해석하지 않는다.
KR7445150006,445150,2026-07-30,2026-07-30,,,verified_complete,verified_complete,2026-09-01T03:39:07+00:00,,이벤트는 검증됐으나 전체 기간의 무분배 여부·기업행동 범위가 아직 완결되지 않았다.
KR7445290000,445290,2026-07-30,2026-07-30,,,verified_complete,verified_complete,2026-09-01T03:39:07+00:00,,이벤트는 검증됐으나 전체 기간의 무분배 여부·기업행동 범위가 아직 완결되지 않았다.
KR7445690001,445690,,,,,verified_complete,verified_complete,2026-09-01T03:39:07+00:00,,운용사 분배금 원천을 아직 수집·검증하지 않음. 무분배로 해석하지 않는다.
KR7445910003,445910,,,,,verified_complete,verified_complete,2026-09-01T03:39:07+00:00,,운용사 분배금 원천을 아직 수집·검증하지 않음. 무분배로 해석하지 않는다.
KR7446690000,446690,2026-07-30,2026-07-30,,,verified_complete,verified_complete,2026-09-01T03:39:07+00:00,,이벤트는 검증됐으나 전체 기간의 무분배 여부·기업행동 범위가 아직 완결되지 않았다.
KR7446700007,446700,,,,,verified_complete,verified_complete,2026-09-01T03:39:07+00:00,,운용사 분배금 원천을 아직 수집·검증하지 않음. 무분배로 해석하지 않는다.
KR7446720005,446720,,,,,verified_complete,verified_complete,2026-09-01T03:39:07+00:00,,운용사 분배금 원천을 아직 수집·검증하지 않음. 무분배로 해석하지 않는다.
KR7446770000,446770,,,,,verified_complete,verified_complete,2026-09-01T03:39:07+00:00,,운용사 분배금 원천을 아직 수집·검증하지 않음. 무분배로 해석하지 않는다.
KR7447430000,447430,,,,,verified_complete,verified_complete,2026-09-01T03:39:07+00:00,,운용사 분배금 원천을 아직 수집·검증하지 않음. 무분배로 해석하지 않는다.
KR7447620006,447620,,,,,verified_complete,verified_complete,2026-09-01T03:39:07+00:00,,운용사 분배금 원천을 아직 수집·검증하지 않음. 무분배로 해석하지 않는다.
KR7447660002,447660,,,,,verified_complete,verified_complete,2026-09-01T03:39:07+00:00,,운용사 분배금 원천을 아직 수집·검증하지 않음. 무분배로 해석하지 않는다.
KR7447770009,447770,,,,,verified_complete,verified_complete,2026-09-01T03:39:07+00:00,,운용사 분배금 원천을 아직 수집·검증하지 않음. 무분배로 해석하지 않는다.
KR7448100008,448100,,,,,verified_complete,verified_complete,2026-09-01T03:39:07+00:00,,운용사 분배금 원천을 아직 수집·검증하지 않음. 무분배로 해석하지 않는다.
KR7448290007,448290,,,,,verified_complete,verified_complete,2026-09-01T03:39:07+00:00,,운용사 분배금 원천을 아직 수집·검증하지 않음. 무분배로 해석하지 않는다.
KR7448300004,448300,,,,,verified_complete,verified_complete,2026-09-01T03:39:07+00:00,,운용사 분배금 원천을 아직 수집·검증하지 않음. 무분배로 해석하지 않는다.
KR7448330001,448330,,,,,verified_complete,verified_complete,2026-09-01T03:39:07+00:00,,운용사 분배금 원천을 아직 수집·검증하지 않음. 무분배로 해석하지 않는다.
KR7448490003,448490,,,,,verified_complete,verified_complete,2026-09-01T03:39:07+00:00,,운용사 분배금 원천을 아직 수집·검증하지 않음. 무분배로 해석하지 않는다.
KR7448540005,448540,,,,,verified_complete,verified_complete,2026-09-01T03:39:07+00:00,,운용사 분배금 원천을 아직 수집·검증하지 않음. 무분배로 해석하지 않는다.
KR7448570002,448570,,,,,verified_complete,verified_complete,2026-09-01T03:39:07+00:00,,운용사 분배금 원천을 아직 수집·검증하지 않음. 무분배로 해석하지 않는다.
KR7448630004,448630,,,,,verified_complete,verified_complete,2026-09-01T03:39:07+00:00,,운용사 분배금 원천을 아직 수집·검증하지 않음. 무분배로 해석하지 않는다.
KR7449170000,449170,,,,,verified_complete,verified_complete,2026-09-01T03:39:07+00:00,,운용사 분배금 원천을 아직 수집·검증하지 않음. 무분배로 해석하지 않는다.
KR7449180009,449180,2026-07-30,2026-07-30,,,verified_complete,verified_complete,2026-09-01T03:39:07+00:00,,이벤트는 검증됐으나 전체 기간의 무분배 여부·기업행동 범위가 아직 완결되지 않았다.
KR7449190008,449190,2026-07-30,2026-07-30,,,verified_complete,verified_complete,2026-09-01T03:39:07+00:00,,이벤트는 검증됐으나 전체 기간의 무분배 여부·기업행동 범위가 아직 완결되지 않았다.
KR7449450006,449450,,,,,verified_complete,verified_complete,2026-09-01T03:39:07+00:00,,운용사 분배금 원천을 아직 수집·검증하지 않음. 무분배로 해석하지 않는다.
KR7449580000,449580,,,,,verified_complete,verified_complete,2026-09-01T03:39:07+00:00,,운용사 분배금 원천을 아직 수집·검증하지 않음. 무분배로 해석하지 않는다.
KR7449680008,449680,,,,,verified_complete,verified_complete,2026-09-01T03:39:07+00:00,,운용사 분배금 원천을 아직 수집·검증하지 않음. 무분배로 해석하지 않는다.
KR7449690007,449690,,,,,verified_complete,verified_complete,2026-09-01T03:39:07+00:00,,운용사 분배금 원천을 아직 수집·검증하지 않음. 무분배로 해석하지 않는다.
KR7449770007,449770,,,,,verified_complete,verified_complete,2026-09-01T03:39:07+00:00,,운용사 분배금 원천을 아직 수집·검증하지 않음. 무분배로 해석하지 않는다.
KR7449780006,449780,,,,,verified_complete,verified_complete,2026-09-01T03:39:07+00:00,,운용사 분배금 원천을 아직 수집·검증하지 않음. 무분배로 해석하지 않는다.
KR7450180005,450180,,,,,verified_complete,verified_complete,2026-09-01T03:39:07+00:00,,운용사 분배금 원천을 아직 수집·검증하지 않음. 무분배로 해석하지 않는다.
KR7450190004,450190,,,,,verified_complete,verified_complete,2026-09-01T03:39:07+00:00,,운용사 분배금 원천을 아직 수집·검증하지 않음. 무분배로 해석하지 않는다.
KR7450910005,450910,,,,,verified_complete,verified_complete,2026-09-01T03:39:07+00:00,,운용사 분배금 원천을 아직 수집·검증하지 않음. 무분배로 해석하지 않는다.
KR7451000004,451000,,,,,verified_complete,verified_complete,2026-09-01T03:39:07+00:00,,운용사 분배금 원천을 아직 수집·검증하지 않음. 무분배로 해석하지 않는다.
KR7451060008,451060,,,,,verified_complete,verified_complete,2026-09-01T03:39:07+00:00,,운용사 분배금 원천을 아직 수집·검증하지 않음. 무분배로 해석하지 않는다.
KR7451150007,451150,,,,,verified_complete,verified_complete,2026-09-01T03:39:07+00:00,,운용사 분배금 원천을 아직 수집·검증하지 않음. 무분배로 해석하지 않는다.
KR7451530000,451530,,,,,verified_complete,verified_complete,2026-09-01T03:39:07+00:00,,운용사 분배금 원천을 아직 수집·검증하지 않음. 무분배로 해석하지 않는다.
KR7451540009,451540,,,,,verified_complete,verified_complete,2026-09-01T03:39:07+00:00,,운용사 분배금 원천을 아직 수집·검증하지 않음. 무분배로 해석하지 않는다.
KR7451600001,451600,,,,,verified_complete,verified_complete,2026-09-01T03:39:07+00:00,,운용사 분배금 원천을 아직 수집·검증하지 않음. 무분배로 해석하지 않는다.
KR7451670004,451670,,,,,verified_complete,verified_complete,2026-09-01T03:39:07+00:00,,운용사 분배금 원천을 아직 수집·검증하지 않음. 무분배로 해석하지 않는다.
KR7452250004,452250,,,,,verified_complete,verified_complete,2026-09-01T03:39:07+00:00,,운용사 분배금 원천을 아직 수집·검증하지 않음. 무분배로 해석하지 않는다.
KR7452360001,452360,,,,,verified_complete,verified_complete,2026-09-01T03:39:07+00:00,,운용사 분배금 원천을 아직 수집·검증하지 않음. 무분배로 해석하지 않는다.
KR7453010001,453010,,,,,verified_complete,verified_complete,2026-09-01T03:39:07+00:00,,운용사 분배금 원천을 아직 수집·검증하지 않음. 무분배로 해석하지 않는다.
KR7453060006,453060,,,,,verified_complete,verified_complete,2026-09-01T03:39:07+00:00,,운용사 분배금 원천을 아직 수집·검증하지 않음. 무분배로 해석하지 않는다.
KR7453080004,453080,,,,,verified_complete,verified_complete,2026-09-01T03:39:07+00:00,,운용사 분배금 원천을 아직 수집·검증하지 않음. 무분배로 해석하지 않는다.
KR7453330003,453330,,,,,verified_complete,verified_complete,2026-09-01T03:39:07+00:00,,운용사 분배금 원천을 아직 수집·검증하지 않음. 무분배로 해석하지 않는다.
KR7453630006,453630,2026-07-30,2026-07-30,,,verified_complete,verified_complete,2026-09-01T03:39:07+00:00,,이벤트는 검증됐으나 전체 기간의 무분배 여부·기업행동 범위가 아직 완결되지 않았다.
KR7453640005,453640,2026-07-30,2026-07-30,,,verified_complete,verified_complete,2026-09-01T03:39:07+00:00,,이벤트는 검증됐으나 전체 기간의 무분배 여부·기업행동 범위가 아직 완결되지 않았다.
KR7453650004,453650,2026-07-30,2026-07-30,,,verified_complete,verified_complete,2026-09-01T03:39:07+00:00,,이벤트는 검증됐으나 전체 기간의 무분배 여부·기업행동 범위가 아직 완결되지 않았다.
KR7453660003,453660,2026-07-30,2026-07-30,,,verified_complete,verified_complete,2026-09-01T03:39:07+00:00,,이벤트는 검증됐으나 전체 기간의 무분배 여부·기업행동 범위가 아직 완결되지 않았다.
KR7453810004,453810,2026-07-30,2026-07-30,,,verified_complete,verified_complete,2026-09-01T03:39:07+00:00,,이벤트는 검증됐으나 전체 기간의 무분배 여부·기업행동 범위가 아직 완결되지 않았다.
KR7453820003,453820,,,,,verified_complete,verified_complete,2026-09-01T03:39:07+00:00,,운용사 분배금 원천을 아직 수집·검증하지 않음. 무분배로 해석하지 않는다.
KR7453850000,453850,,,,,verified_complete,verified_complete,2026-09-01T03:39:07+00:00,,운용사 분배금 원천을 아직 수집·검증하지 않음. 무분배로 해석하지 않는다.
KR7453870008,453870,,,,,verified_complete,verified_complete,2026-09-01T03:39:07+00:00,,운용사 분배금 원천을 아직 수집·검증하지 않음. 무분배로 해석하지 않는다.
KR7453950008,453950,,,,,verified_complete,verified_complete,2026-09-01T03:39:07+00:00,,운용사 분배금 원천을 아직 수집·검증하지 않음. 무분배로 해석하지 않는다.
KR7454180001,454180,,,,,verified_complete,verified_complete,2026-09-01T03:39:07+00:00,,운용사 분배금 원천을 아직 수집·검증하지 않음. 무분배로 해석하지 않는다.
KR7454320003,454320,,,,,verified_complete,verified_complete,2026-09-01T03:39:07+00:00,,운용사 분배금 원천을 아직 수집·검증하지 않음. 무분배로 해석하지 않는다.
KR7454780008,454780,,,,,verified_complete,verified_complete,2026-09-01T03:39:07+00:00,,운용사 분배금 원천을 아직 수집·검증하지 않음. 무분배로 해석하지 않는다.
KR7455030007,455030,2026-07-30,2026-07-30,,,verified_complete,verified_complete,2026-09-01T03:39:07+00:00,,이벤트는 검증됐으나 전체 기간의 무분배 여부·기업행동 범위가 아직 완결되지 않았다.
KR7455660001,455660,,,,,verified_complete,verified_complete,2026-09-01T03:39:07+00:00,,운용사 분배금 원천을 아직 수집·검증하지 않음. 무분배로 해석하지 않는다.
KR7455850008,455850,,,,,verified_complete,verified_complete,2026-09-01T03:39:07+00:00,,운용사 분배금 원천을 아직 수집·검증하지 않음. 무분배로 해석하지 않는다.
KR7455860007,455860,,,,,verified_complete,verified_complete,2026-09-01T03:39:07+00:00,,운용사 분배금 원천을 아직 수집·검증하지 않음. 무분배로 해석하지 않는다.
KR7455890004,455890,,,,,verified_complete,verified_complete,2026-09-01T03:39:07+00:00,,운용사 분배금 원천을 아직 수집·검증하지 않음. 무분배로 해석하지 않는다.
KR7455960005,455960,,,,,verified_complete,verified_complete,2026-09-01T03:39:07+00:00,,운용사 분배금 원천을 아직 수집·검증하지 않음. 무분배로 해석하지 않는다.
KR7456200005,456200,,,,,verified_complete,verified_complete,2026-09-01T03:39:07+00:00,,운용사 분배금 원천을 아직 수집·검증하지 않음. 무분배로 해석하지 않는다.
KR7456250000,456250,2026-07-30,2026-07-30,,,verified_complete,verified_complete,2026-09-01T03:39:07+00:00,,이벤트는 검증됐으나 전체 기간의 무분배 여부·기업행동 범위가 아직 완결되지 않았다.
KR7456600006,456600,,,,,verified_complete,verified_complete,2026-09-01T03:39:07+00:00,,운용사 분배금 원천을 아직 수집·검증하지 않음. 무분배로 해석하지 않는다.
KR7456610005,456610,,,,,verified_complete,verified_complete,2026-09-01T03:39:07+00:00,,운용사 분배금 원천을 아직 수집·검증하지 않음. 무분배로 해석하지 않는다.
KR7456680008,456680,,,,,verified_complete,verified_complete,2026-09-01T03:39:07+00:00,,운용사 분배금 원천을 아직 수집·검증하지 않음. 무분배로 해석하지 않는다.
KR7456880004,456880,,,,,verified_complete,verified_complete,2026-09-01T03:39:07+00:00,,운용사 분배금 원천을 아직 수집·검증하지 않음. 무분배로 해석하지 않는다.
KR7457480002,457480,,,,,verified_complete,verified_complete,2026-09-01T03:39:07+00:00,,운용사 분배금 원천을 아직 수집·검증하지 않음. 무분배로 해석하지 않는다.
KR7457690006,457690,,,,,verified_complete,verified_complete,2026-09-01T03:39:07+00:00,,운용사 분배금 원천을 아직 수집·검증하지 않음. 무분배로 해석하지 않는다.
KR7457700003,457700,,,,,verified_complete,verified_complete,2026-09-01T03:39:07+00:00,,운용사 분배금 원천을 아직 수집·검증하지 않음. 무분배로 해석하지 않는다.
KR7457930006,457930,,,,,verified_complete,verified_complete,2026-09-01T03:39:07+00:00,,운용사 분배금 원천을 아직 수집·검증하지 않음. 무분배로 해석하지 않는다.
KR7457990000,457990,,,,,verified_complete,verified_complete,2026-09-01T03:39:07+00:00,,운용사 분배금 원천을 아직 수집·검증하지 않음. 무분배로 해석하지 않는다.
KR7458030004,458030,,,,,verified_complete,verified_complete,2026-09-01T03:39:07+00:00,,운용사 분배금 원천을 아직 수집·검증하지 않음. 무분배로 해석하지 않는다.
KR7458210002,458210,,,,,verified_complete,verified_complete,2026-09-01T03:39:07+00:00,,운용사 분배금 원천을 아직 수집·검증하지 않음. 무분배로 해석하지 않는다.
KR7458250008,458250,,,,,verified_complete,verified_complete,2026-09-01T03:39:07+00:00,,운용사 분배금 원천을 아직 수집·검증하지 않음. 무분배로 해석하지 않는다.
KR7458260007,458260,2026-05-28,2026-06-29,,,verified_complete,verified_complete,2026-09-01T03:39:07+00:00,,이벤트는 검증됐으나 전체 기간의 무분배 여부·기업행동 범위가 아직 완결되지 않았다.
KR7458730009,458730,2026-05-28,2026-06-29,,,verified_complete,verified_complete,2026-09-01T03:39:07+00:00,,이벤트는 검증됐으나 전체 기간의 무분배 여부·기업행동 범위가 아직 완결되지 않았다.
KR7458750007,458750,2026-06-12,2026-08-13,,,verified_complete,verified_complete,2026-09-01T03:39:07+00:00,,이벤트는 검증됐으나 전체 기간의 무분배 여부·기업행동 범위가 아직 완결되지 않았다.
KR7458760006,458760,2026-05-28,2026-06-29,,,verified_complete,verified_complete,2026-09-01T03:39:07+00:00,,이벤트는 검증됐으나 전체 기간의 무분배 여부·기업행동 범위가 아직 완결되지 않았다.
KR7459560009,459560,2026-07-30,2026-07-30,,,verified_complete,verified_complete,2026-09-01T03:39:07+00:00,,이벤트는 검증됐으나 전체 기간의 무분배 여부·기업행동 범위가 아직 완결되지 않았다.
KR7459580007,459580,2026-07-30,2026-07-30,,,verified_complete,verified_complete,2026-09-01T03:39:07+00:00,,이벤트는 검증됐으나 전체 기간의 무분배 여부·기업행동 범위가 아직 완결되지 않았다.
KR7459750006,459750,,,,,verified_complete,verified_complete,2026-09-01T03:39:07+00:00,,운용사 분배금 원천을 아직 수집·검증하지 않음. 무분배로 해석하지 않는다.
KR7459790002,459790,,,,,verified_complete,verified_complete,2026-09-01T03:39:07+00:00,,운용사 분배금 원천을 아직 수집·검증하지 않음. 무분배로 해석하지 않는다.
KR7460270002,460270,,,,,verified_complete,verified_complete,2026-09-01T03:39:07+00:00,,운용사 분배금 원천을 아직 수집·검증하지 않음. 무분배로 해석하지 않는다.
KR7460660004,460660,,,,,verified_complete,verified_complete,2026-09-01T03:39:07+00:00,,운용사 분배금 원천을 아직 수집·검증하지 않음. 무분배로 해석하지 않는다.
KR7460960008,460960,,,,,verified_complete,verified_complete,2026-09-01T03:39:07+00:00,,운용사 분배금 원천을 아직 수집·검증하지 않음. 무분배로 해석하지 않는다.
KR7461340002,461340,,,,,verified_complete,verified_complete,2026-09-01T03:39:07+00:00,,운용사 분배금 원천을 아직 수집·검증하지 않음. 무분배로 해석하지 않는다.
KR7461450009,461450,,,,,verified_complete,verified_complete,2026-09-01T03:39:07+00:00,,운용사 분배금 원천을 아직 수집·검증하지 않음. 무분배로 해석하지 않는다.
KR7461460008,461460,,,,,verified_complete,verified_complete,2026-09-01T03:39:07+00:00,,운용사 분배금 원천을 아직 수집·검증하지 않음. 무분배로 해석하지 않는다.
KR7461490005,461490,,,,,verified_complete,verified_complete,2026-09-01T03:39:07+00:00,,운용사 분배금 원천을 아직 수집·검증하지 않음. 무분배로 해석하지 않는다.
KR7461500001,461500,,,,,verified_complete,verified_complete,2026-09-01T03:39:07+00:00,,운용사 분배금 원천을 아직 수집·검증하지 않음. 무분배로 해석하지 않는다.
KR7461580003,461580,,,,,verified_complete,verified_complete,2026-09-01T03:39:07+00:00,,운용사 분배금 원천을 아직 수집·검증하지 않음. 무분배로 해석하지 않는다.
KR7461600009,461600,,,,,verified_complete,verified_complete,2026-09-01T03:39:07+00:00,,운용사 분배금 원천을 아직 수집·검증하지 않음. 무분배로 해석하지 않는다.
KR7461900003,461900,,,,,verified_complete,verified_complete,2026-09-01T03:39:07+00:00,,운용사 분배금 원천을 아직 수집·검증하지 않음. 무분배로 해석하지 않는다.
KR7461910002,461910,,,,,verified_complete,verified_complete,2026-09-01T03:39:07+00:00,,운용사 분배금 원천을 아직 수집·검증하지 않음. 무분배로 해석하지 않는다.
KR7461950008,461950,2026-07-30,2026-07-30,,,verified_complete,verified_complete,2026-09-01T03:39:07+00:00,,이벤트는 검증됐으나 전체 기간의 무분배 여부·기업행동 범위가 아직 완결되지 않았다.
KR7462010000,462010,,,,,verified_complete,verified_complete,2026-09-01T03:39:07+00:00,,운용사 분배금 원천을 아직 수집·검증하지 않음. 무분배로 해석하지 않는다.
KR7462330002,462330,,,,,verified_complete,verified_complete,2026-09-01T03:39:07+00:00,,운용사 분배금 원천을 아직 수집·검증하지 않음. 무분배로 해석하지 않는다.
KR7462340001,462340,,,,,verified_complete,verified_complete,2026-09-01T03:39:07+00:00,,운용사 분배금 원천을 아직 수집·검증하지 않음. 무분배로 해석하지 않는다.
KR7462900002,462900,,,,,verified_complete,verified_complete,2026-09-01T03:39:07+00:00,,운용사 분배금 원천을 아직 수집·검증하지 않음. 무분배로 해석하지 않는다.
KR7463050005,463050,,,,,verified_complete,verified_complete,2026-09-01T03:39:07+00:00,,운용사 분배금 원천을 아직 수집·검증하지 않음. 무분배로 해석하지 않는다.
KR7463250001,463250,,,,,verified_complete,verified_complete,2026-09-01T03:39:07+00:00,,운용사 분배금 원천을 아직 수집·검증하지 않음. 무분배로 해석하지 않는다.
KR7463290007,463290,,,,,verified_complete,verified_complete,2026-09-01T03:39:07+00:00,,운용사 분배금 원천을 아직 수집·검증하지 않음. 무분배로 해석하지 않는다.
KR7463300004,463300,,,,,verified_complete,verified_complete,2026-09-01T03:39:07+00:00,,운용사 분배금 원천을 아직 수집·검증하지 않음. 무분배로 해석하지 않는다.
KR7463640003,463640,2026-07-30,2026-07-30,,,verified_complete,verified_complete,2026-09-01T03:39:07+00:00,,이벤트는 검증됐으나 전체 기간의 무분배 여부·기업행동 범위가 아직 완결되지 않았다.
KR7463680009,463680,2026-07-30,2026-07-30,,,verified_complete,verified_complete,2026-09-01T03:39:07+00:00,,이벤트는 검증됐으나 전체 기간의 무분배 여부·기업행동 범위가 아직 완결되지 않았다.
KR7463690008,463690,2026-07-30,2026-07-30,,,verified_complete,verified_complete,2026-09-01T03:39:07+00:00,,이벤트는 검증됐으나 전체 기간의 무분배 여부·기업행동 범위가 아직 완결되지 않았다.
KR7464240001,464240,,,,,verified_complete,verified_complete,2026-09-01T03:39:07+00:00,,운용사 분배금 원천을 아직 수집·검증하지 않음. 무분배로 해석하지 않는다.
KR7464310002,464310,,,,,verified_complete,verified_complete,2026-09-01T03:39:07+00:00,,운용사 분배금 원천을 아직 수집·검증하지 않음. 무분배로 해석하지 않는다.
KR7464470004,464470,,,,,verified_complete,verified_complete,2026-09-01T03:39:07+00:00,,운용사 분배금 원천을 아직 수집·검증하지 않음. 무분배로 해석하지 않는다.
KR7464600006,464600,,,,,verified_complete,verified_complete,2026-09-01T03:39:07+00:00,,운용사 분배금 원천을 아직 수집·검증하지 않음. 무분배로 해석하지 않는다.
KR7464610005,464610,,,,,verified_complete,verified_complete,2026-09-01T03:39:07+00:00,,운용사 분배금 원천을 아직 수집·검증하지 않음. 무분배로 해석하지 않는다.
KR7464920008,464920,,,,,verified_complete,verified_complete,2026-09-01T03:39:07+00:00,,운용사 분배금 원천을 아직 수집·검증하지 않음. 무분배로 해석하지 않는다.
KR7464930007,464930,,,,,verified_complete,verified_complete,2026-09-01T03:39:07+00:00,,운용사 분배금 원천을 아직 수집·검증하지 않음. 무분배로 해석하지 않는다.
KR7465330009,465330,,,,,verified_complete,verified_complete,2026-09-01T03:39:07+00:00,,운용사 분배금 원천을 아직 수집·검증하지 않음. 무분배로 해석하지 않는다.
KR7465350007,465350,,,,,verified_complete,verified_complete,2026-09-01T03:39:07+00:00,,운용사 분배금 원천을 아직 수집·검증하지 않음. 무분배로 해석하지 않는다.
KR7465580009,465580,,,,,verified_complete,verified_complete,2026-09-01T03:39:07+00:00,,운용사 분배금 원천을 아직 수집·검증하지 않음. 무분배로 해석하지 않는다.
KR7465610004,465610,,,,,verified_complete,verified_complete,2026-09-01T03:39:07+00:00,,운용사 분배금 원천을 아직 수집·검증하지 않음. 무분배로 해석하지 않는다.
KR7465620003,465620,,,,,verified_complete,verified_complete,2026-09-01T03:39:07+00:00,,운용사 분배금 원천을 아직 수집·검증하지 않음. 무분배로 해석하지 않는다.
KR7465660009,465660,,,,,verified_complete,verified_complete,2026-09-01T03:39:07+00:00,,운용사 분배금 원천을 아직 수집·검증하지 않음. 무분배로 해석하지 않는다.
KR7465670008,465670,2026-05-28,2026-06-29,,,verified_complete,verified_complete,2026-09-01T03:39:07+00:00,,이벤트는 검증됐으나 전체 기간의 무분배 여부·기업행동 범위가 아직 완결되지 않았다.
KR7465780005,465780,,,,,verified_complete,verified_complete,2026-09-01T03:39:07+00:00,,운용사 분배금 원천을 아직 수집·검증하지 않음. 무분배로 해석하지 않는다.
KR7466810009,466810,,,,,verified_complete,verified_complete,2026-09-01T03:39:07+00:00,,운용사 분배금 원천을 아직 수집·검증하지 않음. 무분배로 해석하지 않는다.
KR7466920006,466920,,,,,verified_complete,verified_complete,2026-09-01T03:39:07+00:00,,운용사 분배금 원천을 아직 수집·검증하지 않음. 무분배로 해석하지 않는다.
KR7466930005,466930,,,,,verified_complete,verified_complete,2026-09-01T03:39:07+00:00,,운용사 분배금 원천을 아직 수집·검증하지 않음. 무분배로 해석하지 않는다.
KR7466940004,466940,2026-05-28,2026-06-29,,,verified_complete,verified_complete,2026-09-01T03:39:07+00:00,,이벤트는 검증됐으나 전체 기간의 무분배 여부·기업행동 범위가 아직 완결되지 않았다.
KR7466950003,466950,,,,,verified_complete,verified_complete,2026-09-01T03:39:07+00:00,,운용사 분배금 원천을 아직 수집·검증하지 않음. 무분배로 해석하지 않는다.
KR7468370002,468370,2026-07-30,2026-07-30,,,verified_complete,verified_complete,2026-09-01T03:39:07+00:00,,이벤트는 검증됐으나 전체 기간의 무분배 여부·기업행동 범위가 아직 완결되지 않았다.
KR7468380001,468380,2026-07-30,2026-07-30,,,verified_complete,verified_complete,2026-09-01T03:39:07+00:00,,이벤트는 검증됐으나 전체 기간의 무분배 여부·기업행동 범위가 아직 완결되지 않았다.
KR7468630009,468630,2026-07-30,2026-07-30,,,verified_complete,verified_complete,2026-09-01T03:39:07+00:00,,이벤트는 검증됐으나 전체 기간의 무분배 여부·기업행동 범위가 아직 완결되지 않았다.
KR7469050009,469050,,,,,verified_complete,verified_complete,2026-09-01T03:39:07+00:00,,운용사 분배금 원천을 아직 수집·검증하지 않음. 무분배로 해석하지 않는다.
KR7469060008,469060,,,,,verified_complete,verified_complete,2026-09-01T03:39:07+00:00,,운용사 분배금 원천을 아직 수집·검증하지 않음. 무분배로 해석하지 않는다.
KR7469070007,469070,,,,,verified_complete,verified_complete,2026-09-01T03:39:07+00:00,,운용사 분배금 원천을 아직 수집·검증하지 않음. 무분배로 해석하지 않는다.
KR7469150007,469150,,,,,verified_complete,verified_complete,2026-09-01T03:39:07+00:00,,운용사 분배금 원천을 아직 수집·검증하지 않음. 무분배로 해석하지 않는다.
KR7469160006,469160,,,,,verified_complete,verified_complete,2026-09-01T03:39:07+00:00,,운용사 분배금 원천을 아직 수집·검증하지 않음. 무분배로 해석하지 않는다.
KR7469170005,469170,,,,,verified_complete,verified_complete,2026-09-01T03:39:07+00:00,,운용사 분배금 원천을 아직 수집·검증하지 않음. 무분배로 해석하지 않는다.
KR7469530000,469530,,,,,verified_complete,verified_complete,2026-09-01T03:39:07+00:00,,운용사 분배금 원천을 아직 수집·검증하지 않음. 무분배로 해석하지 않는다.
KR7469790000,469790,,,,,verified_complete,verified_complete,2026-09-01T03:39:07+00:00,,운용사 분배금 원천을 아직 수집·검증하지 않음. 무분배로 해석하지 않는다.
KR7469830004,469830,,,,,verified_complete,verified_complete,2026-09-01T03:39:07+00:00,,운용사 분배금 원천을 아직 수집·검증하지 않음. 무분배로 해석하지 않는다.
KR7470310004,470310,,,,,verified_complete,verified_complete,2026-09-01T03:39:07+00:00,,운용사 분배금 원천을 아직 수집·검증하지 않음. 무분배로 해석하지 않는다.
KR7471040006,471040,,,,,verified_complete,verified_complete,2026-09-01T03:39:07+00:00,,운용사 분배금 원천을 아직 수집·검증하지 않음. 무분배로 해석하지 않는다.
KR7471230003,471230,,,,,verified_complete,verified_complete,2026-09-01T03:39:07+00:00,,운용사 분배금 원천을 아직 수집·검증하지 않음. 무분배로 해석하지 않는다.
KR7471460006,471460,,,,,verified_complete,verified_complete,2026-09-01T03:39:07+00:00,,운용사 분배금 원천을 아직 수집·검증하지 않음. 무분배로 해석하지 않는다.
KR7471760009,471760,,,,,verified_complete,verified_complete,2026-09-01T03:39:07+00:00,,운용사 분배금 원천을 아직 수집·검증하지 않음. 무분배로 해석하지 않는다.
KR7471780007,471780,,,,,verified_complete,verified_complete,2026-09-01T03:39:07+00:00,,운용사 분배금 원천을 아직 수집·검증하지 않음. 무분배로 해석하지 않는다.
KR7471990002,471990,2026-07-30,2026-07-30,,,verified_complete,verified_complete,2026-09-01T03:39:07+00:00,,이벤트는 검증됐으나 전체 기간의 무분배 여부·기업행동 범위가 아직 완결되지 않았다.
KR7472150002,472150,2026-05-28,2026-06-29,,,verified_complete,verified_complete,2026-09-01T03:39:07+00:00,,이벤트는 검증됐으나 전체 기간의 무분배 여부·기업행동 범위가 아직 완결되지 않았다.
KR7472160001,472160,,,,,verified_complete,verified_complete,2026-09-01T03:39:07+00:00,,운용사 분배금 원천을 아직 수집·검증하지 않음. 무분배로 해석하지 않는다.
KR7472170000,472170,,,,,verified_complete,verified_complete,2026-09-01T03:39:07+00:00,,운용사 분배금 원천을 아직 수집·검증하지 않음. 무분배로 해석하지 않는다.
KR7472720002,472720,,,,,verified_complete,verified_complete,2026-09-01T03:39:07+00:00,,운용사 분배금 원천을 아직 수집·검증하지 않음. 무분배로 해석하지 않는다.
KR7472830009,472830,,,,,verified_complete,verified_complete,2026-09-01T03:39:07+00:00,,운용사 분배금 원천을 아직 수집·검증하지 않음. 무분배로 해석하지 않는다.
KR7472840008,472840,,,,,verified_complete,verified_complete,2026-09-01T03:39:07+00:00,,운용사 분배금 원천을 아직 수집·검증하지 않음. 무분배로 해석하지 않는다.
KR7472870005,472870,,,,,verified_complete,verified_complete,2026-09-01T03:39:07+00:00,,운용사 분배금 원천을 아직 수집·검증하지 않음. 무분배로 해석하지 않는다.
KR7472920008,472920,,,,,verified_complete,verified_complete,2026-09-01T03:39:07+00:00,,운용사 분배금 원천을 아직 수집·검증하지 않음. 무분배로 해석하지 않는다.
KR7473290005,473290,,,,,verified_complete,verified_complete,2026-09-01T03:39:07+00:00,,운용사 분배금 원천을 아직 수집·검증하지 않음. 무분배로 해석하지 않는다.
KR7473330009,473330,,,,,verified_complete,verified_complete,2026-09-01T03:39:07+00:00,,운용사 분배금 원천을 아직 수집·검증하지 않음. 무분배로 해석하지 않는다.
KR7473440006,473440,,,,,verified_complete,verified_complete,2026-09-01T03:39:07+00:00,,운용사 분배금 원천을 아직 수집·검증하지 않음. 무분배로 해석하지 않는다.
KR7473460004,473460,2026-07-30,2026-07-30,,,verified_complete,verified_complete,2026-09-01T03:39:07+00:00,,이벤트는 검증됐으나 전체 기간의 무분배 여부·기업행동 범위가 아직 완결되지 않았다.
KR7473490001,473490,,,,,verified_complete,verified_complete,2026-09-01T03:39:07+00:00,,운용사 분배금 원천을 아직 수집·검증하지 않음. 무분배로 해석하지 않는다.
KR7473590008,473590,,,,,verified_complete,verified_complete,2026-09-01T03:39:07+00:00,,운용사 분배금 원천을 아직 수집·검증하지 않음. 무분배로 해석하지 않는다.
KR7473640001,473640,,,,,verified_complete,verified_complete,2026-09-01T03:39:07+00:00,,운용사 분배금 원천을 아직 수집·검증하지 않음. 무분배로 해석하지 않는다.
KR7474220001,474220,2026-06-12,2026-08-13,,,verified_complete,verified_complete,2026-09-01T03:39:07+00:00,,이벤트는 검증됐으나 전체 기간의 무분배 여부·기업행동 범위가 아직 완결되지 않았다.
KR7474390002,474390,,,,,verified_complete,verified_complete,2026-09-01T03:39:07+00:00,,운용사 분배금 원천을 아직 수집·검증하지 않음. 무분배로 해석하지 않는다.
KR7474590007,474590,,,,,verified_complete,verified_complete,2026-09-01T03:39:07+00:00,,운용사 분배금 원천을 아직 수집·검증하지 않음. 무분배로 해석하지 않는다.
KR7474800000,474800,,,,,verified_complete,verified_complete,2026-09-01T03:39:07+00:00,,운용사 분배금 원천을 아직 수집·검증하지 않음. 무분배로 해석하지 않는다.
KR7474920006,474920,,,,,verified_complete,verified_complete,2026-09-01T03:39:07+00:00,,운용사 분배금 원천을 아직 수집·검증하지 않음. 무분배로 해석하지 않는다.
KR7475050001,475050,,,,,verified_complete,verified_complete,2026-09-01T03:39:07+00:00,,운용사 분배금 원천을 아직 수집·검증하지 않음. 무분배로 해석하지 않는다.
KR7475070009,475070,,,,,verified_complete,verified_complete,2026-09-01T03:39:07+00:00,,운용사 분배금 원천을 아직 수집·검증하지 않음. 무분배로 해석하지 않는다.
KR7475080008,475080,2026-07-30,2026-07-30,,,verified_complete,verified_complete,2026-09-01T03:39:07+00:00,,이벤트는 검증됐으나 전체 기간의 무분배 여부·기업행동 범위가 아직 완결되지 않았다.
KR7475260006,475260,,,,,verified_complete,verified_complete,2026-09-01T03:39:07+00:00,,운용사 분배금 원천을 아직 수집·검증하지 않음. 무분배로 해석하지 않는다.
KR7475270005,475270,,,,,verified_complete,verified_complete,2026-09-01T03:39:07+00:00,,운용사 분배금 원천을 아직 수집·검증하지 않음. 무분배로 해석하지 않는다.
KR7475280004,475280,,,,,verified_complete,verified_complete,2026-09-01T03:39:07+00:00,,운용사 분배금 원천을 아직 수집·검증하지 않음. 무분배로 해석하지 않는다.
KR7475300000,475300,,,,,verified_complete,verified_complete,2026-09-01T03:39:07+00:00,,운용사 분배금 원천을 아직 수집·검증하지 않음. 무분배로 해석하지 않는다.
KR7475310009,475310,,,,,verified_complete,verified_complete,2026-09-01T03:39:07+00:00,,운용사 분배금 원천을 아직 수집·검증하지 않음. 무분배로 해석하지 않는다.
KR7475350005,475350,,,,,verified_complete,verified_complete,2026-09-01T03:39:07+00:00,,운용사 분배금 원천을 아직 수집·검증하지 않음. 무분배로 해석하지 않는다.
KR7475380002,475380,,,,,verified_complete,verified_complete,2026-09-01T03:39:07+00:00,,운용사 분배금 원천을 아직 수집·검증하지 않음. 무분배로 해석하지 않는다.
KR7475630000,475630,,,,,verified_complete,verified_complete,2026-09-01T03:39:07+00:00,,운용사 분배금 원천을 아직 수집·검증하지 않음. 무분배로 해석하지 않는다.
KR7475720009,475720,,,,,verified_complete,verified_complete,2026-09-01T03:39:07+00:00,,운용사 분배금 원천을 아직 수집·검증하지 않음. 무분배로 해석하지 않는다.
KR7476000005,476000,,,,,verified_complete,verified_complete,2026-09-01T03:39:07+00:00,,운용사 분배금 원천을 아직 수집·검증하지 않음. 무분배로 해석하지 않는다.
KR7476030002,476030,,,,,verified_complete,verified_complete,2026-09-01T03:39:07+00:00,,운용사 분배금 원천을 아직 수집·검증하지 않음. 무분배로 해석하지 않는다.
KR7476070008,476070,2026-07-30,2026-07-30,,,verified_complete,verified_complete,2026-09-01T03:39:07+00:00,,이벤트는 검증됐으나 전체 기간의 무분배 여부·기업행동 범위가 아직 완결되지 않았다.
KR7476260005,476260,,,,,verified_complete,verified_complete,2026-09-01T03:39:07+00:00,,운용사 분배금 원천을 아직 수집·검증하지 않음. 무분배로 해석하지 않는다.
KR7476310008,476310,,,,,verified_complete,verified_complete,2026-09-01T03:39:07+00:00,,운용사 분배금 원천을 아직 수집·검증하지 않음. 무분배로 해석하지 않는다.
KR7476450002,476450,,,,,verified_complete,verified_complete,2026-09-01T03:39:07+00:00,,운용사 분배금 원천을 아직 수집·검증하지 않음. 무분배로 해석하지 않는다.
KR7476550009,476550,2026-05-28,2026-06-29,,,verified_complete,verified_complete,2026-09-01T03:39:07+00:00,,이벤트는 검증됐으나 전체 기간의 무분배 여부·기업행동 범위가 아직 완결되지 않았다.
KR7476690003,476690,2026-05-28,2026-06-29,,,verified_complete,verified_complete,2026-09-01T03:39:07+00:00,,이벤트는 검증됐으나 전체 기간의 무분배 여부·기업행동 범위가 아직 완결되지 않았다.
KR7476750005,476750,,,,,verified_complete,verified_complete,2026-09-01T03:39:07+00:00,,운용사 분배금 원천을 아직 수집·검증하지 않음. 무분배로 해석하지 않는다.
KR7476760004,476760,,,,,verified_complete,verified_complete,2026-09-01T03:39:07+00:00,,운용사 분배금 원천을 아직 수집·검증하지 않음. 무분배로 해석하지 않는다.
KR7476800008,476800,,,,,verified_complete,verified_complete,2026-09-01T03:39:07+00:00,,운용사 분배금 원천을 아직 수집·검증하지 않음. 무분배로 해석하지 않는다.
KR7476850003,476850,,,,,verified_complete,verified_complete,2026-09-01T03:39:07+00:00,,운용사 분배금 원천을 아직 수집·검증하지 않음. 무분배로 해석하지 않는다.
KR7477050009,477050,,,,,verified_complete,verified_complete,2026-09-01T03:39:07+00:00,,운용사 분배금 원천을 아직 수집·검증하지 않음. 무분배로 해석하지 않는다.
KR7477080006,477080,,,,,verified_complete,verified_complete,2026-09-01T03:39:07+00:00,,운용사 분배금 원천을 아직 수집·검증하지 않음. 무분배로 해석하지 않는다.
KR7477490007,477490,,,,,verified_complete,verified_complete,2026-09-01T03:39:07+00:00,,운용사 분배금 원천을 아직 수집·검증하지 않음. 무분배로 해석하지 않는다.
KR7477730006,477730,2026-07-30,2026-07-30,,,verified_complete,verified_complete,2026-09-01T03:39:07+00:00,,이벤트는 검증됐으나 전체 기간의 무분배 여부·기업행동 범위가 아직 완결되지 않았다.
KR7478150006,478150,,,,,verified_complete,verified_complete,2026-09-01T03:39:07+00:00,,운용사 분배금 원천을 아직 수집·검증하지 않음. 무분배로 해석하지 않는다.
KR7479080004,479080,,,,,verified_complete,verified_complete,2026-09-01T03:39:07+00:00,,운용사 분배금 원천을 아직 수집·검증하지 않음. 무분배로 해석하지 않는다.
KR7479520009,479520,,,,,verified_complete,verified_complete,2026-09-01T03:39:07+00:00,,운용사 분배금 원천을 아직 수집·검증하지 않음. 무분배로 해석하지 않는다.
KR7479620007,479620,,,,,verified_complete,verified_complete,2026-09-01T03:39:07+00:00,,운용사 분배금 원천을 아직 수집·검증하지 않음. 무분배로 해석하지 않는다.
KR7479730004,479730,,,,,verified_complete,verified_complete,2026-09-01T03:39:07+00:00,,운용사 분배금 원천을 아직 수집·검증하지 않음. 무분배로 해석하지 않는다.
KR7479850000,479850,,,,,verified_complete,verified_complete,2026-09-01T03:39:07+00:00,,운용사 분배금 원천을 아직 수집·검증하지 않음. 무분배로 해석하지 않는다.
KR7480020007,480020,,,,,verified_complete,verified_complete,2026-09-01T03:39:07+00:00,,운용사 분배금 원천을 아직 수집·검증하지 않음. 무분배로 해석하지 않는다.
KR7480030006,480030,,,,,verified_complete,verified_complete,2026-09-01T03:39:07+00:00,,운용사 분배금 원천을 아직 수집·검증하지 않음. 무분배로 해석하지 않는다.
KR7480040005,480040,,,,,verified_complete,verified_complete,2026-09-01T03:39:07+00:00,,운용사 분배금 원천을 아직 수집·검증하지 않음. 무분배로 해석하지 않는다.
KR7480260009,480260,,,,,verified_complete,verified_complete,2026-09-01T03:39:07+00:00,,운용사 분배금 원천을 아직 수집·검증하지 않음. 무분배로 해석하지 않는다.
KR7480310002,480310,,,,,verified_complete,verified_complete,2026-09-01T03:39:07+00:00,,운용사 분배금 원천을 아직 수집·검증하지 않음. 무분배로 해석하지 않는다.
KR7480460005,480460,,,,,verified_complete,verified_complete,2026-09-01T03:39:07+00:00,,운용사 분배금 원천을 아직 수집·검증하지 않음. 무분배로 해석하지 않는다.
KR7481050003,481050,2026-07-30,2026-07-30,,,verified_complete,verified_complete,2026-09-01T03:39:07+00:00,,이벤트는 검증됐으나 전체 기간의 무분배 여부·기업행동 범위가 아직 완결되지 않았다.
KR7481060002,481060,,,,,verified_complete,verified_complete,2026-09-01T03:39:07+00:00,,운용사 분배금 원천을 아직 수집·검증하지 않음. 무분배로 해석하지 않는다.
KR7481180008,481180,,,,,verified_complete,verified_complete,2026-09-01T03:39:07+00:00,,운용사 분배금 원천을 아직 수집·검증하지 않음. 무분배로 해석하지 않는다.
KR7481190007,481190,,,,,verified_complete,verified_complete,2026-09-01T03:39:07+00:00,,운용사 분배금 원천을 아직 수집·검증하지 않음. 무분배로 해석하지 않는다.
KR7481340008,481340,,,,,verified_complete,verified_complete,2026-09-01T03:39:07+00:00,,운용사 분배금 원천을 아직 수집·검증하지 않음. 무분배로 해석하지 않는다.
KR7481430007,481430,,,,,verified_complete,verified_complete,2026-09-01T03:39:07+00:00,,운용사 분배금 원천을 아직 수집·검증하지 않음. 무분배로 해석하지 않는다.
KR7482030004,482030,,,,,verified_complete,verified_complete,2026-09-01T03:39:07+00:00,,운용사 분배금 원천을 아직 수집·검증하지 않음. 무분배로 해석하지 않는다.
KR7482730009,482730,2026-05-28,2026-06-29,,,verified_complete,verified_complete,2026-09-01T03:39:07+00:00,,이벤트는 검증됐으나 전체 기간의 무분배 여부·기업행동 범위가 아직 완결되지 않았다.
KR7483020004,483020,,,,,verified_complete,verified_complete,2026-09-01T03:39:07+00:00,,운용사 분배금 원천을 아직 수집·검증하지 않음. 무분배로 해석하지 않는다.
KR7483030003,483030,,,,,verified_complete,verified_complete,2026-09-01T03:39:07+00:00,,운용사 분배금 원천을 아직 수집·검증하지 않음. 무분배로 해석하지 않는다.
KR7483280004,483280,2026-07-30,2026-07-30,,,verified_complete,verified_complete,2026-09-01T03:39:07+00:00,,이벤트는 검증됐으나 전체 기간의 무분배 여부·기업행동 범위가 아직 완결되지 않았다.
KR7483290003,483290,2026-07-30,2026-07-30,,,verified_complete,verified_complete,2026-09-01T03:39:07+00:00,,이벤트는 검증됐으나 전체 기간의 무분배 여부·기업행동 범위가 아직 완결되지 않았다.
KR7483320008,483320,,,,,verified_complete,verified_complete,2026-09-01T03:39:07+00:00,,운용사 분배금 원천을 아직 수집·검증하지 않음. 무분배로 해석하지 않는다.
KR7483330007,483330,,,,,verified_complete,verified_complete,2026-09-01T03:39:07+00:00,,운용사 분배금 원천을 아직 수집·검증하지 않음. 무분배로 해석하지 않는다.
KR7483340006,483340,,,,,verified_complete,verified_complete,2026-09-01T03:39:07+00:00,,운용사 분배금 원천을 아직 수집·검증하지 않음. 무분배로 해석하지 않는다.
KR7483570008,483570,,,,,verified_complete,verified_complete,2026-09-01T03:39:07+00:00,,운용사 분배금 원천을 아직 수집·검증하지 않음. 무분배로 해석하지 않는다.
KR7484790001,484790,2026-07-30,2026-07-30,,,verified_complete,verified_complete,2026-09-01T03:39:07+00:00,,이벤트는 검증됐으나 전체 기간의 무분배 여부·기업행동 범위가 아직 완결되지 않았다.
KR7484880000,484880,,,,,verified_complete,verified_complete,2026-09-01T03:39:07+00:00,,운용사 분배금 원천을 아직 수집·검증하지 않음. 무분배로 해석하지 않는다.
KR7484890009,484890,,,,,verified_complete,verified_complete,2026-09-01T03:39:07+00:00,,운용사 분배금 원천을 아직 수집·검증하지 않음. 무분배로 해석하지 않는다.
KR7485540009,485540,2026-07-30,2026-07-30,,,verified_complete,verified_complete,2026-09-01T03:39:07+00:00,,이벤트는 검증됐으나 전체 기간의 무분배 여부·기업행동 범위가 아직 완결되지 않았다.
KR7485690002,485690,,,,,verified_complete,verified_complete,2026-09-01T03:39:07+00:00,,운용사 분배금 원천을 아직 수집·검증하지 않음. 무분배로 해석하지 않는다.
KR7485810006,485810,,,,,verified_complete,verified_complete,2026-09-01T03:39:07+00:00,,운용사 분배금 원천을 아직 수집·검증하지 않음. 무분배로 해석하지 않는다.
KR7486240005,486240,,,,,verified_complete,verified_complete,2026-09-01T03:39:07+00:00,,운용사 분배금 원천을 아직 수집·검증하지 않음. 무분배로 해석하지 않는다.
KR7486290000,486290,2026-05-28,2026-06-29,,,verified_complete,verified_complete,2026-09-01T03:39:07+00:00,,이벤트는 검증됐으나 전체 기간의 무분배 여부·기업행동 범위가 아직 완결되지 않았다.
KR7486450000,486450,,,,,verified_complete,verified_complete,2026-09-01T03:39:07+00:00,,운용사 분배금 원천을 아직 수집·검증하지 않음. 무분배로 해석하지 않는다.
KR7486830003,486830,,,,,verified_complete,verified_complete,2026-09-01T03:39:07+00:00,,운용사 분배금 원천을 아직 수집·검증하지 않음. 무분배로 해석하지 않는다.
KR7487130007,487130,,,,,verified_complete,verified_complete,2026-09-01T03:39:07+00:00,,운용사 분배금 원천을 아직 수집·검증하지 않음. 무분배로 해석하지 않는다.
KR7487230005,487230,2026-07-30,2026-07-30,,,verified_complete,verified_complete,2026-09-01T03:39:07+00:00,,이벤트는 검증됐으나 전체 기간의 무분배 여부·기업행동 범위가 아직 완결되지 않았다.
KR7487240004,487240,2026-07-30,2026-07-30,,,verified_complete,verified_complete,2026-09-01T03:39:07+00:00,,이벤트는 검증됐으나 전체 기간의 무분배 여부·기업행동 범위가 아직 완결되지 않았다.
KR7487340002,487340,,,,,verified_complete,verified_complete,2026-09-01T03:39:07+00:00,,운용사 분배금 원천을 아직 수집·검증하지 않음. 무분배로 해석하지 않는다.
KR7487750002,487750,,,,,verified_complete,verified_complete,2026-09-01T03:39:07+00:00,,운용사 분배금 원천을 아직 수집·검증하지 않음. 무분배로 해석하지 않는다.
KR7487910002,487910,,,,,verified_complete,verified_complete,2026-09-01T03:39:07+00:00,,운용사 분배금 원천을 아직 수집·검증하지 않음. 무분배로 해석하지 않는다.
KR7487920001,487920,,,,,verified_complete,verified_complete,2026-09-01T03:39:07+00:00,,운용사 분배금 원천을 아직 수집·검증하지 않음. 무분배로 해석하지 않는다.
KR7487950008,487950,2026-07-30,2026-07-30,,,verified_complete,verified_complete,2026-09-01T03:39:07+00:00,,이벤트는 검증됐으나 전체 기간의 무분배 여부·기업행동 범위가 아직 완결되지 않았다.
KR7488080003,488080,,,,,verified_complete,verified_complete,2026-09-01T03:39:07+00:00,,운용사 분배금 원천을 아직 수집·검증하지 않음. 무분배로 해석하지 않는다.
KR7488200007,488200,,,,,verified_complete,verified_complete,2026-09-01T03:39:07+00:00,,운용사 분배금 원천을 아직 수집·검증하지 않음. 무분배로 해석하지 않는다.
KR7488210006,488210,,,,,verified_complete,verified_complete,2026-09-01T03:39:07+00:00,,운용사 분배금 원천을 아직 수집·검증하지 않음. 무분배로 해석하지 않는다.
KR7488290008,488290,,,,,verified_complete,verified_complete,2026-09-01T03:39:07+00:00,,운용사 분배금 원천을 아직 수집·검증하지 않음. 무분배로 해석하지 않는다.
KR7488480005,488480,,,,,verified_complete,verified_complete,2026-09-01T03:39:07+00:00,,운용사 분배금 원천을 아직 수집·검증하지 않음. 무분배로 해석하지 않는다.
KR7488500000,488500,,,,,verified_complete,verified_complete,2026-09-01T03:39:07+00:00,,운용사 분배금 원천을 아직 수집·검증하지 않음. 무분배로 해석하지 않는다.
KR7488720004,488720,,,,,verified_complete,verified_complete,2026-09-01T03:39:07+00:00,,운용사 분배금 원천을 아직 수집·검증하지 않음. 무분배로 해석하지 않는다.
KR7488770009,488770,,,,,verified_complete,verified_complete,2026-09-01T03:39:07+00:00,,운용사 분배금 원천을 아직 수집·검증하지 않음. 무분배로 해석하지 않는다.
KR7488980004,488980,,,,,verified_complete,verified_complete,2026-09-01T03:39:07+00:00,,운용사 분배금 원천을 아직 수집·검증하지 않음. 무분배로 해석하지 않는다.
KR7489000000,489000,,,,,verified_complete,verified_complete,2026-09-01T03:39:07+00:00,,운용사 분배금 원천을 아직 수집·검증하지 않음. 무분배로 해석하지 않는다.
KR7489030007,489030,2026-07-30,2026-07-30,,,verified_complete,verified_complete,2026-09-01T03:39:07+00:00,,이벤트는 검증됐으나 전체 기간의 무분배 여부·기업행동 범위가 아직 완결되지 않았다.
KR7489250001,489250,,,,,verified_complete,verified_complete,2026-09-01T03:39:07+00:00,,운용사 분배금 원천을 아직 수집·검증하지 않음. 무분배로 해석하지 않는다.
KR7489290007,489290,,,,,verified_complete,verified_complete,2026-09-01T03:39:07+00:00,,운용사 분배금 원천을 아직 수집·검증하지 않음. 무분배로 해석하지 않는다.
KR7489860007,489860,,,,,verified_complete,verified_complete,2026-09-01T03:39:07+00:00,,운용사 분배금 원천을 아직 수집·검증하지 않음. 무분배로 해석하지 않는다.
KR7490090008,490090,,,,,verified_complete,verified_complete,2026-09-01T03:39:07+00:00,,운용사 분배금 원천을 아직 수집·검증하지 않음. 무분배로 해석하지 않는다.
KR7490330008,490330,,,,,verified_complete,verified_complete,2026-09-01T03:39:07+00:00,,운용사 분배금 원천을 아직 수집·검증하지 않음. 무분배로 해석하지 않는다.
KR7490480001,490480,,,,,verified_complete,verified_complete,2026-09-01T03:39:07+00:00,,운용사 분배금 원천을 아직 수집·검증하지 않음. 무분배로 해석하지 않는다.
KR7490490000,490490,,,,,verified_complete,verified_complete,2026-09-01T03:39:07+00:00,,운용사 분배금 원천을 아직 수집·검증하지 않음. 무분배로 해석하지 않는다.
KR7490590007,490590,,,,,verified_complete,verified_complete,2026-09-01T03:39:07+00:00,,운용사 분배금 원천을 아직 수집·검증하지 않음. 무분배로 해석하지 않는다.
KR7490600004,490600,,,,,verified_complete,verified_complete,2026-09-01T03:39:07+00:00,,운용사 분배금 원천을 아직 수집·검증하지 않음. 무분배로 해석하지 않는다.
KR7491010005,491010,,,,,verified_complete,verified_complete,2026-09-01T03:39:07+00:00,,운용사 분배금 원천을 아직 수집·검증하지 않음. 무분배로 해석하지 않는다.
KR7491090007,491090,2026-07-30,2026-07-30,,,verified_complete,verified_complete,2026-09-01T03:39:07+00:00,,이벤트는 검증됐으나 전체 기간의 무분배 여부·기업행동 범위가 아직 완결되지 않았다.
KR7491220000,491220,,,,,verified_complete,verified_complete,2026-09-01T03:39:07+00:00,,운용사 분배금 원천을 아직 수집·검증하지 않음. 무분배로 해석하지 않는다.
KR7491230009,491230,,,,,verified_complete,verified_complete,2026-09-01T03:39:07+00:00,,운용사 분배금 원천을 아직 수집·검증하지 않음. 무분배로 해석하지 않는다.
KR7491510004,491510,,,,,verified_complete,verified_complete,2026-09-01T03:39:07+00:00,,운용사 분배금 원천을 아직 수집·검증하지 않음. 무분배로 해석하지 않는다.
KR7491610002,491610,,,,,verified_complete,verified_complete,2026-09-01T03:39:07+00:00,,운용사 분배금 원천을 아직 수집·검증하지 않음. 무분배로 해석하지 않는다.
KR7491620001,491620,,,,,verified_complete,verified_complete,2026-09-01T03:39:07+00:00,,운용사 분배금 원천을 아직 수집·검증하지 않음. 무분배로 해석하지 않는다.
KR7491630000,491630,,,,,verified_complete,verified_complete,2026-09-01T03:39:07+00:00,,운용사 분배금 원천을 아직 수집·검증하지 않음. 무분배로 해석하지 않는다.
KR7491700001,491700,,,,,verified_complete,verified_complete,2026-09-01T03:39:07+00:00,,운용사 분배금 원천을 아직 수집·검증하지 않음. 무분배로 해석하지 않는다.
KR7491820007,491820,,,,,verified_complete,verified_complete,2026-09-01T03:39:07+00:00,,운용사 분배금 원천을 아직 수집·검증하지 않음. 무분배로 해석하지 않는다.
KR7491830006,491830,,,,,verified_complete,verified_complete,2026-09-01T03:39:07+00:00,,운용사 분배금 원천을 아직 수집·검증하지 않음. 무분배로 해석하지 않는다.
KR7492500004,492500,,,,,verified_complete,verified_complete,2026-09-01T03:39:07+00:00,,운용사 분배금 원천을 아직 수집·검증하지 않음. 무분배로 해석하지 않는다.
KR7493420004,493420,,,,,verified_complete,verified_complete,2026-09-01T03:39:07+00:00,,운용사 분배금 원천을 아직 수집·검증하지 않음. 무분배로 해석하지 않는다.
KR7493810006,493810,2026-06-12,2026-08-13,,,verified_complete,verified_complete,2026-09-01T03:39:07+00:00,,이벤트는 검증됐으나 전체 기간의 무분배 여부·기업행동 범위가 아직 완결되지 않았다.
KR7494180003,494180,,,,,verified_complete,verified_complete,2026-09-01T03:39:07+00:00,,운용사 분배금 원천을 아직 수집·검증하지 않음. 무분배로 해석하지 않는다.
KR7494210008,494210,,,,,verified_complete,verified_complete,2026-09-01T03:39:07+00:00,,운용사 분배금 원천을 아직 수집·검증하지 않음. 무분배로 해석하지 않는다.
KR7494220007,494220,,,,,verified_complete,verified_complete,2026-09-01T03:39:07+00:00,,운용사 분배금 원천을 아직 수집·검증하지 않음. 무분배로 해석하지 않는다.
KR7494300007,494300,2026-07-30,2026-07-30,,,verified_complete,verified_complete,2026-09-01T03:39:07+00:00,,이벤트는 검증됐으나 전체 기간의 무분배 여부·기업행동 범위가 아직 완결되지 않았다.
KR7494310006,494310,,,,,verified_complete,verified_complete,2026-09-01T03:39:07+00:00,,운용사 분배금 원천을 아직 수집·검증하지 않음. 무분배로 해석하지 않는다.
KR7494330004,494330,,,,,verified_complete,verified_complete,2026-09-01T03:39:07+00:00,,운용사 분배금 원천을 아직 수집·검증하지 않음. 무분배로 해석하지 않는다.
KR7494340003,494340,,,,,verified_complete,verified_complete,2026-09-01T03:39:07+00:00,,운용사 분배금 원천을 아직 수집·검증하지 않음. 무분배로 해석하지 않는다.
KR7494410004,494410,,,,,verified_complete,verified_complete,2026-09-01T03:39:07+00:00,,운용사 분배금 원천을 아직 수집·검증하지 않음. 무분배로 해석하지 않는다.
KR7494420003,494420,,,,,verified_complete,verified_complete,2026-09-01T03:39:07+00:00,,운용사 분배금 원천을 아직 수집·검증하지 않음. 무분배로 해석하지 않는다.
KR7494670003,494670,,,,,verified_complete,verified_complete,2026-09-01T03:39:07+00:00,,운용사 분배금 원천을 아직 수집·검증하지 않음. 무분배로 해석하지 않는다.
KR7494840002,494840,,,,,verified_complete,verified_complete,2026-09-01T03:39:07+00:00,,운용사 분배금 원천을 아직 수집·검증하지 않음. 무분배로 해석하지 않는다.
KR7494890007,494890,2026-07-30,2026-07-30,,,verified_complete,verified_complete,2026-09-01T03:39:07+00:00,,이벤트는 검증됐으나 전체 기간의 무분배 여부·기업행동 범위가 아직 완결되지 않았다.
KR7495040008,495040,,,,,verified_complete,verified_complete,2026-09-01T03:39:07+00:00,,운용사 분배금 원천을 아직 수집·검증하지 않음. 무분배로 해석하지 않는다.
KR7495050007,495050,,,,,verified_complete,verified_complete,2026-09-01T03:39:07+00:00,,운용사 분배금 원천을 아직 수집·검증하지 않음. 무분배로 해석하지 않는다.
KR7495060006,495060,,,,,verified_complete,verified_complete,2026-09-01T03:39:07+00:00,,운용사 분배금 원천을 아직 수집·검증하지 않음. 무분배로 해석하지 않는다.
KR7495230005,495230,,,,,verified_complete,verified_complete,2026-09-01T03:39:07+00:00,,운용사 분배금 원천을 아직 수집·검증하지 않음. 무분배로 해석하지 않는다.
KR7495330003,495330,,,,,verified_complete,verified_complete,2026-09-01T03:39:07+00:00,,운용사 분배금 원천을 아직 수집·검증하지 않음. 무분배로 해석하지 않는다.
KR7495550006,495550,,,,,verified_complete,verified_complete,2026-09-01T03:39:07+00:00,,운용사 분배금 원천을 아직 수집·검증하지 않음. 무분배로 해석하지 않는다.
KR7495750002,495750,,,,,verified_complete,verified_complete,2026-09-01T03:39:07+00:00,,운용사 분배금 원천을 아직 수집·검증하지 않음. 무분배로 해석하지 않는다.
KR7495850000,495850,2026-07-30,2026-07-30,,,verified_complete,verified_complete,2026-09-01T03:39:07+00:00,,이벤트는 검증됐으나 전체 기간의 무분배 여부·기업행동 범위가 아직 완결되지 않았다.
KR7495940009,495940,,,,,verified_complete,verified_complete,2026-09-01T03:39:07+00:00,,운용사 분배금 원천을 아직 수집·검증하지 않음. 무분배로 해석하지 않는다.
KR7496020009,496020,,,,,verified_complete,verified_complete,2026-09-01T03:39:07+00:00,,운용사 분배금 원천을 아직 수집·검증하지 않음. 무분배로 해석하지 않는다.
KR7496080003,496080,2026-05-28,2026-06-29,,,verified_complete,verified_complete,2026-09-01T03:39:07+00:00,,이벤트는 검증됐으나 전체 기간의 무분배 여부·기업행동 범위가 아직 완결되지 않았다.
KR7496090002,496090,,,,,verified_complete,verified_complete,2026-09-01T03:39:07+00:00,,운용사 분배금 원천을 아직 수집·검증하지 않음. 무분배로 해석하지 않는다.
KR7496120007,496120,,,,,verified_complete,verified_complete,2026-09-01T03:39:07+00:00,,운용사 분배금 원천을 아직 수집·검증하지 않음. 무분배로 해석하지 않는다.
KR7496130006,496130,,,,,verified_complete,verified_complete,2026-09-01T03:39:07+00:00,,운용사 분배금 원천을 아직 수집·검증하지 않음. 무분배로 해석하지 않는다.
KR7496770009,496770,,,,,verified_complete,verified_complete,2026-09-01T03:39:07+00:00,,운용사 분배금 원천을 아직 수집·검증하지 않음. 무분배로 해석하지 않는다.
KR7497510008,497510,,,,,verified_complete,verified_complete,2026-09-01T03:39:07+00:00,,운용사 분배금 원천을 아직 수집·검증하지 않음. 무분배로 해석하지 않는다.
KR7497520007,497520,,,,,verified_complete,verified_complete,2026-09-01T03:39:07+00:00,,운용사 분배금 원천을 아직 수집·검증하지 않음. 무분배로 해석하지 않는다.
KR7497570002,497570,,,,,verified_complete,verified_complete,2026-09-01T03:39:07+00:00,,운용사 분배금 원천을 아직 수집·검증하지 않음. 무분배로 해석하지 않는다.
KR7497780007,497780,,,,,verified_complete,verified_complete,2026-09-01T03:39:07+00:00,,운용사 분배금 원천을 아직 수집·검증하지 않음. 무분배로 해석하지 않는다.
KR7497880005,497880,,,,,verified_complete,verified_complete,2026-09-01T03:39:07+00:00,,운용사 분배금 원천을 아직 수집·검증하지 않음. 무분배로 해석하지 않는다.
KR7498050004,498050,,,,,verified_complete,verified_complete,2026-09-01T03:39:07+00:00,,운용사 분배금 원천을 아직 수집·검증하지 않음. 무분배로 해석하지 않는다.
KR7498180009,498180,,,,,verified_complete,verified_complete,2026-09-01T03:39:07+00:00,,운용사 분배금 원천을 아직 수집·검증하지 않음. 무분배로 해석하지 않는다.
KR7498270008,498270,,,,,verified_complete,verified_complete,2026-09-01T03:39:07+00:00,,운용사 분배금 원천을 아직 수집·검증하지 않음. 무분배로 해석하지 않는다.
KR7498400001,498400,,,,,verified_complete,verified_complete,2026-09-01T03:39:07+00:00,,운용사 분배금 원천을 아직 수집·검증하지 않음. 무분배로 해석하지 않는다.
KR7498410000,498410,2026-07-30,2026-07-30,,,verified_complete,verified_complete,2026-09-01T03:39:07+00:00,,이벤트는 검증됐으나 전체 기간의 무분배 여부·기업행동 범위가 아직 완결되지 않았다.
KR7498610005,498610,,,,,verified_complete,verified_complete,2026-09-01T03:39:07+00:00,,운용사 분배금 원천을 아직 수집·검증하지 않음. 무분배로 해석하지 않는다.
KR7498860006,498860,,,,,verified_complete,verified_complete,2026-09-01T03:39:07+00:00,,운용사 분배금 원천을 아직 수집·검증하지 않음. 무분배로 해석하지 않는다.
KR7499150001,499150,,,,,verified_complete,verified_complete,2026-09-01T03:39:07+00:00,,운용사 분배금 원천을 아직 수집·검증하지 않음. 무분배로 해석하지 않는다.
KR7499660009,499660,2026-05-28,2026-06-29,,,verified_complete,verified_complete,2026-09-01T03:39:07+00:00,,이벤트는 검증됐으나 전체 기간의 무분배 여부·기업행동 범위가 아직 완결되지 않았다.
