notice_evidence_id,source_id,etf_id,ticker,etf_name,distribution_record_date,distribution_pay_date,distribution_per_share_krw,row_locator,raw_row_text,content_hash_sha256,parser_name,parser_version,evidence_status,review_status,created_at,note
krx-notice-evidence:00cdbe2d641fa143,krx:kind:distribution_notice:20260729:20260729000622,KR7332610005,332610,PLUS 미국단기회사채(AAA~A),2026-07-31,2026-08-04,400,table[0]/row[69],KR7332610005 | PLUS 미국단기회사채(AAA~A) | 2026-07-31 | 2026-08-04 | 400 | -,bd8deffe47187bd98d538398afd9acc505be711b9bde03eaa1db1550f47015f7,krx_kind_distribution_notice_table_v1,1,parsed,unreviewed,2026-08-14T10:58:23+00:00,"KRX KIND 일괄 분배금 공시 행. 기준일·지급예정일·분배금 증거이며, 분배락 적용일·기준가격 증거를 대체하지 않음."
krx-notice-evidence:0436ec0e0f293829,krx:kind:distribution_notice:20260729:20260729000622,KR7469050009,469050,RISE 미국반도체NYSE(H),2026-07-31,2026-08-04,42,table[0]/row[103],KR7469050009 | RISE 미국반도체NYSE(H) | 2026-07-31 | 2026-08-04 | 42 | -,bd8deffe47187bd98d538398afd9acc505be711b9bde03eaa1db1550f47015f7,krx_kind_distribution_notice_table_v1,1,parsed,unreviewed,2026-08-14T10:58:23+00:00,"KRX KIND 일괄 분배금 공시 행. 기준일·지급예정일·분배금 증거이며, 분배락 적용일·기준가격 증거를 대체하지 않음."
krx-notice-evidence:05ba3a75a5136c69,krx:kind:distribution_notice:20260729:20260729000622,KR7495940009,495940,RISE 미국AI테크액티브,2026-07-31,2026-08-04,25,table[0]/row[99],KR7495940009 | RISE 미국AI테크액티브 | 2026-07-31 | 2026-08-04 | 25 | -,bd8deffe47187bd98d538398afd9acc505be711b9bde03eaa1db1550f47015f7,krx_kind_distribution_notice_table_v1,1,parsed,unreviewed,2026-08-14T10:58:23+00:00,"KRX KIND 일괄 분배금 공시 행. 기준일·지급예정일·분배금 증거이며, 분배락 적용일·기준가격 증거를 대체하지 않음."
krx-notice-evidence:0603c90d0ffe5d02,krx:kind:distribution_notice:20260729:20260729000622,KR7483030003,483030,KIWOOM 미국블록버스터바이오테크의약품+,2026-07-31,2026-08-04,40,table[0]/row[39],KR7483030003 | KIWOOM 미국블록버스터바이오테크의약품+ | 2026-07-31 | 2026-08-04 | 40 | -,bd8deffe47187bd98d538398afd9acc505be711b9bde03eaa1db1550f47015f7,krx_kind_distribution_notice_table_v1,1,parsed,unreviewed,2026-08-14T10:58:23+00:00,"KRX KIND 일괄 분배금 공시 행. 기준일·지급예정일·분배금 증거이며, 분배락 적용일·기준가격 증거를 대체하지 않음."
krx-notice-evidence:06c04185c2969a6c,krx:kind:distribution_notice:20260729:20260729002071,KR7471990002,471990,KODEX AI반도체핵심장비,2026-07-31,2026-08-04,5,table[0]/row[93],KR7471990002 | KODEX AI반도체핵심장비 | 2026-07-31 | 2026-08-04 | 5 | -,c3b4e529ebbd4b657aa24b94e39ee1d559d88ca10b6b6d1d756f5e23439dfdca,krx_kind_distribution_notice_table_v1,1,parsed,unreviewed,2026-08-14T10:58:23+00:00,"KRX KIND 일괄 분배금 공시 행. 기준일·지급예정일·분배금 증거이며, 분배락 적용일·기준가격 증거를 대체하지 않음."
krx-notice-evidence:06d89aa62a4152a6,krx:kind:distribution_notice:20260729:20260729002071,KR7364690008,364690,KODEX 혁신기술테마액티브,2026-07-31,2026-08-04,57,table[0]/row[89],KR7364690008 | KODEX 혁신기술테마액티브 | 2026-07-31 | 2026-08-04 | 57 | -,c3b4e529ebbd4b657aa24b94e39ee1d559d88ca10b6b6d1d756f5e23439dfdca,krx_kind_distribution_notice_table_v1,1,parsed,unreviewed,2026-08-14T10:58:23+00:00,"KRX KIND 일괄 분배금 공시 행. 기준일·지급예정일·분배금 증거이며, 분배락 적용일·기준가격 증거를 대체하지 않음."
krx-notice-evidence:076aaa142f1c83e3,krx:kind:distribution_notice:20260729:20260729002071,KR70219E0005,0219E0,KODEX 200커버드콜액티브,2026-07-31,2026-08-04,153,table[0]/row[109],KR70219E0005 | KODEX 200커버드콜액티브 | 2026-07-31 | 2026-08-04 | 153 | -,c3b4e529ebbd4b657aa24b94e39ee1d559d88ca10b6b6d1d756f5e23439dfdca,krx_kind_distribution_notice_table_v1,1,parsed,unreviewed,2026-08-14T10:58:23+00:00,"KRX KIND 일괄 분배금 공시 행. 기준일·지급예정일·분배금 증거이며, 분배락 적용일·기준가격 증거를 대체하지 않음."
krx-notice-evidence:079a5ba3d60f861f,krx:kind:distribution_notice:20260729:20260729002071,KR7487240004,487240,KODEX AI전력핵심설비,2026-07-31,2026-08-04,5,table[0]/row[91],KR7487240004 | KODEX AI전력핵심설비 | 2026-07-31 | 2026-08-04 | 5 | -,c3b4e529ebbd4b657aa24b94e39ee1d559d88ca10b6b6d1d756f5e23439dfdca,krx_kind_distribution_notice_table_v1,1,parsed,unreviewed,2026-08-14T10:58:23+00:00,"KRX KIND 일괄 분배금 공시 행. 기준일·지급예정일·분배금 증거이며, 분배락 적용일·기준가격 증거를 대체하지 않음."
krx-notice-evidence:086be0c1014df045,krx:kind:distribution_notice:20260729:20260729000622,KR7139280002,139280,TIGER 경기방어,2026-07-31,2026-08-04,12,table[0]/row[139],KR7139280002 | TIGER 경기방어 | 2026-07-31 | 2026-08-04 | 12 | -,bd8deffe47187bd98d538398afd9acc505be711b9bde03eaa1db1550f47015f7,krx_kind_distribution_notice_table_v1,1,parsed,unreviewed,2026-08-14T10:58:23+00:00,"KRX KIND 일괄 분배금 공시 행. 기준일·지급예정일·분배금 증거이며, 분배락 적용일·기준가격 증거를 대체하지 않음."
krx-notice-evidence:09e7f19158af2cb6,krx:kind:distribution_notice:20260729:20260729002071,KR70167Z0002,0167Z0,KODEX 미국우주항공,2026-07-31,2026-08-04,8,table[0]/row[73],KR70167Z0002 | KODEX 미국우주항공 | 2026-07-31 | 2026-08-04 | 8 | -,c3b4e529ebbd4b657aa24b94e39ee1d559d88ca10b6b6d1d756f5e23439dfdca,krx_kind_distribution_notice_table_v1,1,parsed,unreviewed,2026-08-14T10:58:23+00:00,"KRX KIND 일괄 분배금 공시 행. 기준일·지급예정일·분배금 증거이며, 분배락 적용일·기준가격 증거를 대체하지 않음."
krx-notice-evidence:0c8576830665fd1f,krx:kind:distribution_notice:20260729:20260729000622,KR7122090004,122090,PLUS 코스피50,2026-07-31,2026-08-04,90,table[0]/row[75],KR7122090004 | PLUS 코스피50 | 2026-07-31 | 2026-08-04 | 90 | -,bd8deffe47187bd98d538398afd9acc505be711b9bde03eaa1db1550f47015f7,krx_kind_distribution_notice_table_v1,1,parsed,unreviewed,2026-08-14T10:58:23+00:00,"KRX KIND 일괄 분배금 공시 행. 기준일·지급예정일·분배금 증거이며, 분배락 적용일·기준가격 증거를 대체하지 않음."
krx-notice-evidence:0d35e68c09353cbe,krx:kind:distribution_notice:20260729:20260729000622,KR7465670008,465670,TIGER 미국캐시카우100,2026-07-31,2026-08-04,18,table[0]/row[165],KR7465670008 | TIGER 미국캐시카우100 | 2026-07-31 | 2026-08-04 | 18 | -,bd8deffe47187bd98d538398afd9acc505be711b9bde03eaa1db1550f47015f7,krx_kind_distribution_notice_table_v1,1,parsed,unreviewed,2026-08-14T10:58:23+00:00,"KRX KIND 일괄 분배금 공시 행. 기준일·지급예정일·분배금 증거이며, 분배락 적용일·기준가격 증거를 대체하지 않음."
krx-notice-evidence:0d6080110515b2be,krx:kind:distribution_notice:20260729:20260729002071,KR7487230005,487230,KODEX 미국AI전력핵심인프라,2026-07-31,2026-08-04,15,table[0]/row[35],KR7487230005 | KODEX 미국AI전력핵심인프라 | 2026-07-31 | 2026-08-04 | 15 | -,c3b4e529ebbd4b657aa24b94e39ee1d559d88ca10b6b6d1d756f5e23439dfdca,krx_kind_distribution_notice_table_v1,1,parsed,unreviewed,2026-08-14T10:58:23+00:00,"KRX KIND 일괄 분배금 공시 행. 기준일·지급예정일·분배금 증거이며, 분배락 적용일·기준가격 증거를 대체하지 않음."
krx-notice-evidence:0d94a996c62f0dfa,krx:kind:distribution_notice:20260729:20260729002071,KR7152870002,152870,파워 200,2026-07-31,2026-08-04,92,table[0]/row[8],KR7152870002 | 파워 200 | 2026-07-31 | 2026-08-04 | 92 | -,c3b4e529ebbd4b657aa24b94e39ee1d559d88ca10b6b6d1d756f5e23439dfdca,krx_kind_distribution_notice_table_v1,1,parsed,unreviewed,2026-08-14T10:58:23+00:00,"KRX KIND 일괄 분배금 공시 행. 기준일·지급예정일·분배금 증거이며, 분배락 적용일·기준가격 증거를 대체하지 않음."
krx-notice-evidence:0d9f5f89bae7f2cc,krx:kind:distribution_notice:20260729:20260729002071,KR7473460004,473460,KODEX 미국서학개미,2026-07-31,2026-08-04,15,table[0]/row[54],KR7473460004 | KODEX 미국서학개미 | 2026-07-31 | 2026-08-04 | 15 | -,c3b4e529ebbd4b657aa24b94e39ee1d559d88ca10b6b6d1d756f5e23439dfdca,krx_kind_distribution_notice_table_v1,1,parsed,unreviewed,2026-08-14T10:58:23+00:00,"KRX KIND 일괄 분배금 공시 행. 기준일·지급예정일·분배금 증거이며, 분배락 적용일·기준가격 증거를 대체하지 않음."
krx-notice-evidence:0dbf36910ef10874,krx:kind:distribution_notice:20260729:20260729000622,KR70194N0003,0194N0,KIWOOM 삼성전자선물단일종목레버리지,2026-07-31,2026-08-04,11,table[0]/row[45],KR70194N0003 | KIWOOM 삼성전자선물단일종목레버리지 | 2026-07-31 | 2026-08-04 | 11 | -,bd8deffe47187bd98d538398afd9acc505be711b9bde03eaa1db1550f47015f7,krx_kind_distribution_notice_table_v1,1,parsed,unreviewed,2026-08-14T10:58:23+00:00,"KRX KIND 일괄 분배금 공시 행. 기준일·지급예정일·분배금 증거이며, 분배락 적용일·기준가격 증거를 대체하지 않음."
krx-notice-evidence:0dff1c878308c925,krx:kind:distribution_notice:20260729:20260729000622,KR70084E0007,0084E0,KIWOOM 미국대형주500월간목표헤지액티브,2026-07-31,2026-08-04,16,table[0]/row[37],KR70084E0007 | KIWOOM 미국대형주500월간목표헤지액티브 | 2026-07-31 | 2026-08-04 | 16 | -,bd8deffe47187bd98d538398afd9acc505be711b9bde03eaa1db1550f47015f7,krx_kind_distribution_notice_table_v1,1,parsed,unreviewed,2026-08-14T10:58:23+00:00,"KRX KIND 일괄 분배금 공시 행. 기준일·지급예정일·분배금 증거이며, 분배락 적용일·기준가격 증거를 대체하지 않음."
krx-notice-evidence:0fb070e83d758294,krx:kind:distribution_notice:20260729:20260729002071,KR7446720005,446720,SOL 미국배당다우존스,2026-07-31,2026-08-03,35,table[0]/row[144],KR7446720005 | SOL 미국배당다우존스 | 2026-07-31 | 2026-08-03 | 35 | -,c3b4e529ebbd4b657aa24b94e39ee1d559d88ca10b6b6d1d756f5e23439dfdca,krx_kind_distribution_notice_table_v1,1,parsed,unreviewed,2026-08-14T10:58:23+00:00,"KRX KIND 일괄 분배금 공시 행. 기준일·지급예정일·분배금 증거이며, 분배락 적용일·기준가격 증거를 대체하지 않음."
krx-notice-evidence:1040771177ee8dab,krx:kind:distribution_notice:20260729:20260729000622,KR7453080004,453080,KIWOOM 미국나스닥100(H),2026-07-31,2026-08-04,30,table[0]/row[36],KR7453080004 | KIWOOM 미국나스닥100(H) | 2026-07-31 | 2026-08-04 | 30 | -,bd8deffe47187bd98d538398afd9acc505be711b9bde03eaa1db1550f47015f7,krx_kind_distribution_notice_table_v1,1,parsed,unreviewed,2026-08-14T10:58:23+00:00,"KRX KIND 일괄 분배금 공시 행. 기준일·지급예정일·분배금 증거이며, 분배락 적용일·기준가격 증거를 대체하지 않음."
krx-notice-evidence:12d78282c9edeb9c,krx:kind:distribution_notice:20260729:20260729000622,KR7476310008,476310,RISE 글로벌비만산업TOP2+,2026-07-31,2026-08-04,114,table[0]/row[88],KR7476310008 | RISE 글로벌비만산업TOP2+ | 2026-07-31 | 2026-08-04 | 114 | -,bd8deffe47187bd98d538398afd9acc505be711b9bde03eaa1db1550f47015f7,krx_kind_distribution_notice_table_v1,1,parsed,unreviewed,2026-08-14T10:58:23+00:00,"KRX KIND 일괄 분배금 공시 행. 기준일·지급예정일·분배금 증거이며, 분배락 적용일·기준가격 증거를 대체하지 않음."
krx-notice-evidence:1321dd7069316259,krx:kind:distribution_notice:20260729:20260729000622,KR7277640009,277640,TIGER 코스피대형주,2026-07-31,2026-08-04,50,table[0]/row[193],KR7277640009 | TIGER 코스피대형주 | 2026-07-31 | 2026-08-04 | 50 | -,bd8deffe47187bd98d538398afd9acc505be711b9bde03eaa1db1550f47015f7,krx_kind_distribution_notice_table_v1,1,parsed,unreviewed,2026-08-14T10:58:23+00:00,"KRX KIND 일괄 분배금 공시 행. 기준일·지급예정일·분배금 증거이며, 분배락 적용일·기준가격 증거를 대체하지 않음."
krx-notice-evidence:132cb80d920a6886,krx:kind:distribution_notice:20260729:20260729000622,KR7166400002,166400,TIGER 200커버드콜OTM,2026-07-31,2026-08-04,83,table[0]/row[130],KR7166400002 | TIGER 200커버드콜OTM | 2026-07-31 | 2026-08-04 | 83 | -,bd8deffe47187bd98d538398afd9acc505be711b9bde03eaa1db1550f47015f7,krx_kind_distribution_notice_table_v1,1,parsed,unreviewed,2026-08-14T10:58:23+00:00,"KRX KIND 일괄 분배금 공시 행. 기준일·지급예정일·분배금 증거이며, 분배락 적용일·기준가격 증거를 대체하지 않음."
krx-notice-evidence:138b219247cfe4de,krx:kind:distribution_notice:20260729:20260729000622,KR7266160001,266160,RISE 고배당,2026-07-31,2026-08-04,80,table[0]/row[85],KR7266160001 | RISE 고배당 | 2026-07-31 | 2026-08-04 | 80 | -,bd8deffe47187bd98d538398afd9acc505be711b9bde03eaa1db1550f47015f7,krx_kind_distribution_notice_table_v1,1,parsed,unreviewed,2026-08-14T10:58:23+00:00,"KRX KIND 일괄 분배금 공시 행. 기준일·지급예정일·분배금 증거이며, 분배락 적용일·기준가격 증거를 대체하지 않음."
krx-notice-evidence:1472599102d30b5b,krx:kind:distribution_notice:20260729:20260729000622,KR7488500000,488500,TIGER 미국S&P500동일가중,2026-07-31,2026-08-04,49,table[0]/row[152],KR7488500000 | TIGER 미국S&P500동일가중 | 2026-07-31 | 2026-08-04 | 49 | -,bd8deffe47187bd98d538398afd9acc505be711b9bde03eaa1db1550f47015f7,krx_kind_distribution_notice_table_v1,1,parsed,unreviewed,2026-08-14T10:58:23+00:00,"KRX KIND 일괄 분배금 공시 행. 기준일·지급예정일·분배금 증거이며, 분배락 적용일·기준가격 증거를 대체하지 않음."
krx-notice-evidence:159e8740836b5ae1,krx:kind:distribution_notice:20260729:20260729002071,KR7449190008,449190,KODEX 미국나스닥100(H),2026-07-31,2026-08-04,33,table[0]/row[59],KR7449190008 | KODEX 미국나스닥100(H) | 2026-07-31 | 2026-08-04 | 33 | -,c3b4e529ebbd4b657aa24b94e39ee1d559d88ca10b6b6d1d756f5e23439dfdca,krx_kind_distribution_notice_table_v1,1,parsed,unreviewed,2026-08-14T10:58:23+00:00,"KRX KIND 일괄 분배금 공시 행. 기준일·지급예정일·분배금 증거이며, 분배락 적용일·기준가격 증거를 대체하지 않음."
krx-notice-evidence:16c0418e8ced1dbf,krx:kind:distribution_notice:20260729:20260729002071,KR7266410000,266410,KODEX 필수소비재,2026-07-31,2026-08-04,51,table[0]/row[136],KR7266410000 | KODEX 필수소비재 | 2026-07-31 | 2026-08-04 | 51 | -,c3b4e529ebbd4b657aa24b94e39ee1d559d88ca10b6b6d1d756f5e23439dfdca,krx_kind_distribution_notice_table_v1,1,parsed,unreviewed,2026-08-14T10:58:23+00:00,"KRX KIND 일괄 분배금 공시 행. 기준일·지급예정일·분배금 증거이며, 분배락 적용일·기준가격 증거를 대체하지 않음."
krx-notice-evidence:180bbbef7a70ccf2,krx:kind:distribution_notice:20260729:20260729000622,KR7434960001,434960,DAISHIN343 K200,2026-07-31,2026-08-04,120,table[0]/row[5],KR7434960001 | DAISHIN343 K200 | 2026-07-31 | 2026-08-04 | 120 | -,bd8deffe47187bd98d538398afd9acc505be711b9bde03eaa1db1550f47015f7,krx_kind_distribution_notice_table_v1,1,parsed,unreviewed,2026-08-14T10:58:23+00:00,"KRX KIND 일괄 분배금 공시 행. 기준일·지급예정일·분배금 증거이며, 분배락 적용일·기준가격 증거를 대체하지 않음."
krx-notice-evidence:195cd8c8765971c4,krx:kind:distribution_notice:20260729:20260729000622,KR7069660009,069660,KIWOOM 200,2026-07-31,2026-08-04,130,table[0]/row[19],KR7069660009 | KIWOOM 200 | 2026-07-31 | 2026-08-04 | 130 | -,bd8deffe47187bd98d538398afd9acc505be711b9bde03eaa1db1550f47015f7,krx_kind_distribution_notice_table_v1,1,parsed,unreviewed,2026-08-14T10:58:23+00:00,"KRX KIND 일괄 분배금 공시 행. 기준일·지급예정일·분배금 증거이며, 분배락 적용일·기준가격 증거를 대체하지 않음."
krx-notice-evidence:19801916c1c64d33,krx:kind:distribution_notice:20260729:20260729000622,KR7475380002,475380,RISE 글로벌리얼티인컴,2026-07-31,2026-08-04,33,table[0]/row[87],KR7475380002 | RISE 글로벌리얼티인컴 | 2026-07-31 | 2026-08-04 | 33 | -,bd8deffe47187bd98d538398afd9acc505be711b9bde03eaa1db1550f47015f7,krx_kind_distribution_notice_table_v1,1,parsed,unreviewed,2026-08-14T10:58:23+00:00,"KRX KIND 일괄 분배금 공시 행. 기준일·지급예정일·분배금 증거이며, 분배락 적용일·기준가격 증거를 대체하지 않음."
krx-notice-evidence:19c10afc563c505a,krx:kind:distribution_notice:20260729:20260729000622,KR7453330003,453330,RISE 미국S&P500(H),2026-07-31,2026-08-04,15,table[0]/row[100],KR7453330003 | RISE 미국S&P500(H) | 2026-07-31 | 2026-08-04 | 15 | -,bd8deffe47187bd98d538398afd9acc505be711b9bde03eaa1db1550f47015f7,krx_kind_distribution_notice_table_v1,1,parsed,unreviewed,2026-08-14T10:58:23+00:00,"KRX KIND 일괄 분배금 공시 행. 기준일·지급예정일·분배금 증거이며, 분배락 적용일·기준가격 증거를 대체하지 않음."
krx-notice-evidence:1b74d86dc4e7e6f2,krx:kind:distribution_notice:20260729:20260729000622,KR7375760006,375760,HANARO 탄소효율그린뉴딜,2026-07-31,2026-08-04,30,table[0]/row[18],KR7375760006 | HANARO 탄소효율그린뉴딜 | 2026-07-31 | 2026-08-04 | 30 | -,bd8deffe47187bd98d538398afd9acc505be711b9bde03eaa1db1550f47015f7,krx_kind_distribution_notice_table_v1,1,parsed,unreviewed,2026-08-14T10:58:23+00:00,"KRX KIND 일괄 분배금 공시 행. 기준일·지급예정일·분배금 증거이며, 분배락 적용일·기준가격 증거를 대체하지 않음."
krx-notice-evidence:1bc6f4438651ca90,krx:kind:distribution_notice:20260729:20260729002071,KR7069500007,069500,KODEX 200,2026-07-31,2026-08-04,183,table[0]/row[110],KR7069500007 | KODEX 200 | 2026-07-31 | 2026-08-04 | 183 | -,c3b4e529ebbd4b657aa24b94e39ee1d559d88ca10b6b6d1d756f5e23439dfdca,krx_kind_distribution_notice_table_v1,1,parsed,unreviewed,2026-08-14T10:58:23+00:00,"KRX KIND 일괄 분배금 공시 행. 기준일·지급예정일·분배금 증거이며, 분배락 적용일·기준가격 증거를 대체하지 않음."
krx-notice-evidence:1c346c73855ce99e,krx:kind:distribution_notice:20260729:20260729000622,KR70084D0008,0084D0,KIWOOM 미국테크100월간목표헤지액티브,2026-07-31,2026-08-04,14,table[0]/row[43],KR70084D0008 | KIWOOM 미국테크100월간목표헤지액티브 | 2026-07-31 | 2026-08-04 | 14 | -,bd8deffe47187bd98d538398afd9acc505be711b9bde03eaa1db1550f47015f7,krx_kind_distribution_notice_table_v1,1,parsed,unreviewed,2026-08-14T10:58:23+00:00,"KRX KIND 일괄 분배금 공시 행. 기준일·지급예정일·분배금 증거이며, 분배락 적용일·기준가격 증거를 대체하지 않음."
krx-notice-evidence:1cb9d87233e62351,krx:kind:distribution_notice:20260729:20260729002071,KR7449180009,449180,KODEX 미국S&P500(H),2026-07-31,2026-08-04,40,table[0]/row[60],KR7449180009 | KODEX 미국S&P500(H) | 2026-07-31 | 2026-08-04 | 40 | -,c3b4e529ebbd4b657aa24b94e39ee1d559d88ca10b6b6d1d756f5e23439dfdca,krx_kind_distribution_notice_table_v1,1,parsed,unreviewed,2026-08-14T10:58:23+00:00,"KRX KIND 일괄 분배금 공시 행. 기준일·지급예정일·분배금 증거이며, 분배락 적용일·기준가격 증거를 대체하지 않음."
krx-notice-evidence:1cf2f5f290b7ada7,krx:kind:distribution_notice:20260729:20260729002071,KR7499150001,499150,SOL 미국S&P500엔화노출(H),2026-07-31,2026-08-03,10,table[0]/row[150],KR7499150001 | SOL 미국S&P500엔화노출(H) | 2026-07-31 | 2026-08-03 | 10 | -,c3b4e529ebbd4b657aa24b94e39ee1d559d88ca10b6b6d1d756f5e23439dfdca,krx_kind_distribution_notice_table_v1,1,parsed,unreviewed,2026-08-14T10:58:23+00:00,"KRX KIND 일괄 분배금 공시 행. 기준일·지급예정일·분배금 증거이며, 분배락 적용일·기준가격 증거를 대체하지 않음."
krx-notice-evidence:1d85a2891546609e,krx:kind:distribution_notice:20260729:20260729002071,KR70007N0000,0007N0,아이엠에셋 200,2026-07-31,2026-08-04,150,table[0]/row[4],KR70007N0000 | 아이엠에셋 200 | 2026-07-31 | 2026-08-04 | 150 | -,c3b4e529ebbd4b657aa24b94e39ee1d559d88ca10b6b6d1d756f5e23439dfdca,krx_kind_distribution_notice_table_v1,1,parsed,unreviewed,2026-08-14T10:58:23+00:00,"KRX KIND 일괄 분배금 공시 행. 기준일·지급예정일·분배금 증거이며, 분배락 적용일·기준가격 증거를 대체하지 않음."
krx-notice-evidence:1da4b7300396ea15,krx:kind:distribution_notice:20260729:20260729002071,KR7428560007,428560,KODEX 미국ETF산업Top10 Indxx,2026-07-31,2026-08-04,51,table[0]/row[29],KR7428560007 | KODEX 미국ETF산업Top10 Indxx | 2026-07-31 | 2026-08-04 | 51 | -,c3b4e529ebbd4b657aa24b94e39ee1d559d88ca10b6b6d1d756f5e23439dfdca,krx_kind_distribution_notice_table_v1,1,parsed,unreviewed,2026-08-14T10:58:23+00:00,"KRX KIND 일괄 분배금 공시 행. 기준일·지급예정일·분배금 증거이며, 분배락 적용일·기준가격 증거를 대체하지 않음."
krx-notice-evidence:1e9b12a781fe2fea,krx:kind:distribution_notice:20260729:20260729000622,KR7438900003,438900,HANARO Fn K-푸드,2026-07-31,2026-08-04,10,table[0]/row[9],KR7438900003 | HANARO Fn K-푸드 | 2026-07-31 | 2026-08-04 | 10 | -,bd8deffe47187bd98d538398afd9acc505be711b9bde03eaa1db1550f47015f7,krx_kind_distribution_notice_table_v1,1,parsed,unreviewed,2026-08-14T10:58:23+00:00,"KRX KIND 일괄 분배금 공시 행. 기준일·지급예정일·분배금 증거이며, 분배락 적용일·기준가격 증거를 대체하지 않음."
krx-notice-evidence:1f4a8cf7edf6d205,krx:kind:distribution_notice:20260729:20260729000622,KR7474800000,474800,KIWOOM 미국원유에너지기업,2026-07-31,2026-08-04,70,table[0]/row[42],KR7474800000 | KIWOOM 미국원유에너지기업 | 2026-07-31 | 2026-08-04 | 70 | -,bd8deffe47187bd98d538398afd9acc505be711b9bde03eaa1db1550f47015f7,krx_kind_distribution_notice_table_v1,1,parsed,unreviewed,2026-08-14T10:58:23+00:00,"KRX KIND 일괄 분배금 공시 행. 기준일·지급예정일·분배금 증거이며, 분배락 적용일·기준가격 증거를 대체하지 않음."
krx-notice-evidence:1f6343dcf4f89a03,krx:kind:distribution_notice:20260729:20260729002071,KR7434060000,434060,KODEX TDF2050액티브 적격,2026-07-31,2026-08-04,117,table[0]/row[119],KR7434060000 | KODEX TDF2050액티브 적격 | 2026-07-31 | 2026-08-04 | 117 | -,c3b4e529ebbd4b657aa24b94e39ee1d559d88ca10b6b6d1d756f5e23439dfdca,krx_kind_distribution_notice_table_v1,1,parsed,unreviewed,2026-08-14T10:58:23+00:00,"KRX KIND 일괄 분배금 공시 행. 기준일·지급예정일·분배금 증거이며, 분배락 적용일·기준가격 증거를 대체하지 않음."
krx-notice-evidence:1f8a3dc7091d6231,krx:kind:distribution_notice:20260729:20260729000622,KR7292150000,292150,TIGER 코리아TOP10,2026-07-31,2026-08-04,85,table[0]/row[188],KR7292150000 | TIGER 코리아TOP10 | 2026-07-31 | 2026-08-04 | 85 | -,bd8deffe47187bd98d538398afd9acc505be711b9bde03eaa1db1550f47015f7,krx_kind_distribution_notice_table_v1,1,parsed,unreviewed,2026-08-14T10:58:23+00:00,"KRX KIND 일괄 분배금 공시 행. 기준일·지급예정일·분배금 증거이며, 분배락 적용일·기준가격 증거를 대체하지 않음."
krx-notice-evidence:1f9755f5667b823a,krx:kind:distribution_notice:20260729:20260729002071,KR7252650007,252650,KODEX 200동일가중,2026-07-31,2026-08-04,100,table[0]/row[129],KR7252650007 | KODEX 200동일가중 | 2026-07-31 | 2026-08-04 | 100 | -,c3b4e529ebbd4b657aa24b94e39ee1d559d88ca10b6b6d1d756f5e23439dfdca,krx_kind_distribution_notice_table_v1,1,parsed,unreviewed,2026-08-14T10:58:23+00:00,"KRX KIND 일괄 분배금 공시 행. 기준일·지급예정일·분배금 증거이며, 분배락 적용일·기준가격 증거를 대체하지 않음."
krx-notice-evidence:1ff68b9265135024,krx:kind:distribution_notice:20260729:20260729002071,KR7495230005,495230,KoAct 코리아밸류업액티브,2026-07-31,2026-08-04,55,table[0]/row[11],KR7495230005 | KoAct 코리아밸류업액티브 | 2026-07-31 | 2026-08-04 | 55 | -,c3b4e529ebbd4b657aa24b94e39ee1d559d88ca10b6b6d1d756f5e23439dfdca,krx_kind_distribution_notice_table_v1,1,parsed,unreviewed,2026-08-14T10:58:23+00:00,"KRX KIND 일괄 분배금 공시 행. 기준일·지급예정일·분배금 증거이며, 분배락 적용일·기준가격 증거를 대체하지 않음."
krx-notice-evidence:2063dd69ee5bb833,krx:kind:distribution_notice:20260729:20260729002071,KR7213610009,213610,KODEX 삼성그룹밸류,2026-07-31,2026-08-04,3,table[0]/row[135],KR7213610009 | KODEX 삼성그룹밸류 | 2026-07-31 | 2026-08-04 | 3 | -,c3b4e529ebbd4b657aa24b94e39ee1d559d88ca10b6b6d1d756f5e23439dfdca,krx_kind_distribution_notice_table_v1,1,parsed,unreviewed,2026-08-14T10:58:23+00:00,"KRX KIND 일괄 분배금 공시 행. 기준일·지급예정일·분배금 증거이며, 분배락 적용일·기준가격 증거를 대체하지 않음."
krx-notice-evidence:2072a9e19f20fc33,krx:kind:distribution_notice:20260729:20260729000622,KR7289480006,289480,TIGER 200커버드콜,2026-07-31,2026-08-04,78,table[0]/row[129],KR7289480006 | TIGER 200커버드콜 | 2026-07-31 | 2026-08-04 | 78 | -,bd8deffe47187bd98d538398afd9acc505be711b9bde03eaa1db1550f47015f7,krx_kind_distribution_notice_table_v1,1,parsed,unreviewed,2026-08-14T10:58:23+00:00,"KRX KIND 일괄 분배금 공시 행. 기준일·지급예정일·분배금 증거이며, 분배락 적용일·기준가격 증거를 대체하지 않음."
krx-notice-evidence:20c7cf381ee89bd2,krx:kind:distribution_notice:20260729:20260729000622,KR7139250005,139250,TIGER 200 에너지화학,2026-07-31,2026-08-04,50,table[0]/row[125],KR7139250005 | TIGER 200 에너지화학 | 2026-07-31 | 2026-08-04 | 50 | -,bd8deffe47187bd98d538398afd9acc505be711b9bde03eaa1db1550f47015f7,krx_kind_distribution_notice_table_v1,1,parsed,unreviewed,2026-08-14T10:58:23+00:00,"KRX KIND 일괄 분배금 공시 행. 기준일·지급예정일·분배금 증거이며, 분배락 적용일·기준가격 증거를 대체하지 않음."
krx-notice-evidence:21170976c0e516a4,krx:kind:distribution_notice:20260729:20260729000622,KR70089B0005,0089B0,PLUS 미국나스닥100미국채혼합50,2026-07-31,2026-08-04,11,table[0]/row[68],KR70089B0005 | PLUS 미국나스닥100미국채혼합50 | 2026-07-31 | 2026-08-04 | 11 | -,bd8deffe47187bd98d538398afd9acc505be711b9bde03eaa1db1550f47015f7,krx_kind_distribution_notice_table_v1,1,parsed,unreviewed,2026-08-14T10:58:23+00:00,"KRX KIND 일괄 분배금 공시 행. 기준일·지급예정일·분배금 증거이며, 분배락 적용일·기준가격 증거를 대체하지 않음."
krx-notice-evidence:21bfddce55b9e5b5,krx:kind:distribution_notice:20260729:20260729002071,KR70005A0007,0005A0,KODEX 미국S&P500데일리커버드콜OTM,2026-07-31,2026-08-04,126,table[0]/row[77],KR70005A0007 | KODEX 미국S&P500데일리커버드콜OTM | 2026-07-31 | 2026-08-04 | 126 | -,c3b4e529ebbd4b657aa24b94e39ee1d559d88ca10b6b6d1d756f5e23439dfdca,krx_kind_distribution_notice_table_v1,1,parsed,unreviewed,2026-08-14T10:58:23+00:00,"KRX KIND 일괄 분배금 공시 행. 기준일·지급예정일·분배금 증거이며, 분배락 적용일·기준가격 증거를 대체하지 않음."
krx-notice-evidence:227456405f1bc833,krx:kind:distribution_notice:20260729:20260729000622,KR7476690003,476690,TIGER 글로벌비만치료제TOP2Plus,2026-07-31,2026-08-04,11,table[0]/row[141],KR7476690003 | TIGER 글로벌비만치료제TOP2Plus | 2026-07-31 | 2026-08-04 | 11 | -,bd8deffe47187bd98d538398afd9acc505be711b9bde03eaa1db1550f47015f7,krx_kind_distribution_notice_table_v1,1,parsed,unreviewed,2026-08-14T10:58:23+00:00,"KRX KIND 일괄 분배금 공시 행. 기준일·지급예정일·분배금 증거이며, 분배락 적용일·기준가격 증거를 대체하지 않음."
krx-notice-evidence:23850e24bed537c3,krx:kind:distribution_notice:20260729:20260729002071,KR7483280004,483280,KODEX 미국AI테크TOP10타겟커버드콜,2026-07-31,2026-08-04,117,table[0]/row[106],KR7483280004 | KODEX 미국AI테크TOP10타겟커버드콜 | 2026-07-31 | 2026-08-04 | 117 | -,c3b4e529ebbd4b657aa24b94e39ee1d559d88ca10b6b6d1d756f5e23439dfdca,krx_kind_distribution_notice_table_v1,1,parsed,unreviewed,2026-08-14T10:58:23+00:00,"KRX KIND 일괄 분배금 공시 행. 기준일·지급예정일·분배금 증거이며, 분배락 적용일·기준가격 증거를 대체하지 않음."
krx-notice-evidence:240839145be95d07,krx:kind:distribution_notice:20260729:20260729002071,KR7468630009,468630,KODEX iShares미국투자등급회사채액티브,2026-07-31,2026-08-04,40,table[0]/row[14],KR7468630009 | KODEX iShares미국투자등급회사채액티브 | 2026-07-31 | 2026-08-04 | 40 | -,c3b4e529ebbd4b657aa24b94e39ee1d559d88ca10b6b6d1d756f5e23439dfdca,krx_kind_distribution_notice_table_v1,1,parsed,unreviewed,2026-08-14T10:58:23+00:00,"KRX KIND 일괄 분배금 공시 행. 기준일·지급예정일·분배금 증거이며, 분배락 적용일·기준가격 증거를 대체하지 않음."
krx-notice-evidence:241571f3148f7ff6,krx:kind:distribution_notice:20260729:20260729000622,KR7472830009,472830,RISE 미국30년국채커버드콜(합성),2026-07-31,2026-08-04,64,table[0]/row[96],KR7472830009 | RISE 미국30년국채커버드콜(합성) | 2026-07-31 | 2026-08-04 | 64 | -,bd8deffe47187bd98d538398afd9acc505be711b9bde03eaa1db1550f47015f7,krx_kind_distribution_notice_table_v1,1,parsed,unreviewed,2026-08-14T10:58:23+00:00,"KRX KIND 일괄 분배금 공시 행. 기준일·지급예정일·분배금 증거이며, 분배락 적용일·기준가격 증거를 대체하지 않음."
krx-notice-evidence:248690c7242e0d87,krx:kind:distribution_notice:20260729:20260729002071,KR7360200000,360200,ACE 미국S&P500,2026-07-31,2026-08-04,66,table[0]/row[162],KR7360200000 | ACE 미국S&P500 | 2026-07-31 | 2026-08-04 | 66 | -,c3b4e529ebbd4b657aa24b94e39ee1d559d88ca10b6b6d1d756f5e23439dfdca,krx_kind_distribution_notice_table_v1,1,parsed,unreviewed,2026-08-14T10:58:23+00:00,"KRX KIND 일괄 분배금 공시 행. 기준일·지급예정일·분배금 증거이며, 분배락 적용일·기준가격 증거를 대체하지 않음."
krx-notice-evidence:25ee42dfdca1d4e3,krx:kind:distribution_notice:20260729:20260729002071,KR7226490001,226490,KODEX 코스피,2026-07-31,2026-08-04,151,table[0]/row[83],KR7226490001 | KODEX 코스피 | 2026-07-31 | 2026-08-04 | 151 | -,c3b4e529ebbd4b657aa24b94e39ee1d559d88ca10b6b6d1d756f5e23439dfdca,krx_kind_distribution_notice_table_v1,1,parsed,unreviewed,2026-08-14T10:58:23+00:00,"KRX KIND 일괄 분배금 공시 행. 기준일·지급예정일·분배금 증거이며, 분배락 적용일·기준가격 증거를 대체하지 않음."
krx-notice-evidence:260f10467948e730,krx:kind:distribution_notice:20260729:20260729002071,KR7437070006,437070,KODEX 아시아달러채권ESG플러스액티브,2026-07-31,2026-08-04,249,table[0]/row[20],KR7437070006 | KODEX 아시아달러채권ESG플러스액티브 | 2026-07-31 | 2026-08-04 | 249 | -,c3b4e529ebbd4b657aa24b94e39ee1d559d88ca10b6b6d1d756f5e23439dfdca,krx_kind_distribution_notice_table_v1,1,parsed,unreviewed,2026-08-14T10:58:23+00:00,"KRX KIND 일괄 분배금 공시 행. 기준일·지급예정일·분배금 증거이며, 분배락 적용일·기준가격 증거를 대체하지 않음."
krx-notice-evidence:266bb8da321e36a9,krx:kind:distribution_notice:20260729:20260729000622,KR7402460000,402460,HANARO Fn K-메타버스MZ,2026-07-31,2026-08-04,15,table[0]/row[8],KR7402460000 | HANARO Fn K-메타버스MZ | 2026-07-31 | 2026-08-04 | 15 | -,bd8deffe47187bd98d538398afd9acc505be711b9bde03eaa1db1550f47015f7,krx_kind_distribution_notice_table_v1,1,parsed,unreviewed,2026-08-14T10:58:23+00:00,"KRX KIND 일괄 분배금 공시 행. 기준일·지급예정일·분배금 증거이며, 분배락 적용일·기준가격 증거를 대체하지 않음."
krx-notice-evidence:267c62b7d7d89a3b,krx:kind:distribution_notice:20260729:20260729002071,KR7494210008,494210,SOL 미국500타겟데일리커버드콜액티브,2026-07-31,2026-08-03,112,table[0]/row[149],KR7494210008 | SOL 미국500타겟데일리커버드콜액티브 | 2026-07-31 | 2026-08-03 | 112 | -,c3b4e529ebbd4b657aa24b94e39ee1d559d88ca10b6b6d1d756f5e23439dfdca,krx_kind_distribution_notice_table_v1,1,parsed,unreviewed,2026-08-14T10:58:23+00:00,"KRX KIND 일괄 분배금 공시 행. 기준일·지급예정일·분배금 증거이며, 분배락 적용일·기준가격 증거를 대체하지 않음."
krx-notice-evidence:270e7fd7870d17b4,krx:kind:distribution_notice:20260729:20260729002071,KR7435040001,435040,ACE 글로벌브랜드TOP10,2026-07-31,2026-08-04,32,table[0]/row[164],KR7435040001 | ACE 글로벌브랜드TOP10 | 2026-07-31 | 2026-08-04 | 32 | -,c3b4e529ebbd4b657aa24b94e39ee1d559d88ca10b6b6d1d756f5e23439dfdca,krx_kind_distribution_notice_table_v1,1,parsed,unreviewed,2026-08-14T10:58:23+00:00,"KRX KIND 일괄 분배금 공시 행. 기준일·지급예정일·분배금 증거이며, 분배락 적용일·기준가격 증거를 대체하지 않음."
krx-notice-evidence:273489f2b9fbbe6f,krx:kind:distribution_notice:20260729:20260729000622,KR7373790005,373790,KIWOOM 미국방어배당성장나스닥,2026-07-31,2026-08-04,25,table[0]/row[38],KR7373790005 | KIWOOM 미국방어배당성장나스닥 | 2026-07-31 | 2026-08-04 | 25 | -,bd8deffe47187bd98d538398afd9acc505be711b9bde03eaa1db1550f47015f7,krx_kind_distribution_notice_table_v1,1,parsed,unreviewed,2026-08-14T10:58:23+00:00,"KRX KIND 일괄 분배금 공시 행. 기준일·지급예정일·분배금 증거이며, 분배락 적용일·기준가격 증거를 대체하지 않음."
krx-notice-evidence:286c3dee2c444b30,krx:kind:distribution_notice:20260729:20260729002071,KR70028X0003,0028X0,KODEX 미국금융테크액티브,2026-07-31,2026-08-04,22,table[0]/row[37],KR70028X0003 | KODEX 미국금융테크액티브 | 2026-07-31 | 2026-08-04 | 22 | -,c3b4e529ebbd4b657aa24b94e39ee1d559d88ca10b6b6d1d756f5e23439dfdca,krx_kind_distribution_notice_table_v1,1,parsed,unreviewed,2026-08-14T10:58:23+00:00,"KRX KIND 일괄 분배금 공시 행. 기준일·지급예정일·분배금 증거이며, 분배락 적용일·기준가격 증거를 대체하지 않음."
krx-notice-evidence:29362aa8afa5cb40,krx:kind:distribution_notice:20260729:20260729000622,KR7289250003,289250,TIGER MSCI KOREA ESG유니버설,2026-07-31,2026-08-04,20,table[0]/row[137],KR7289250003 | TIGER MSCI KOREA ESG유니버설 | 2026-07-31 | 2026-08-04 | 20 | -,bd8deffe47187bd98d538398afd9acc505be711b9bde03eaa1db1550f47015f7,krx_kind_distribution_notice_table_v1,1,parsed,unreviewed,2026-08-14T10:58:23+00:00,"KRX KIND 일괄 분배금 공시 행. 기준일·지급예정일·분배금 증거이며, 분배락 적용일·기준가격 증거를 대체하지 않음."
krx-notice-evidence:2b57ca95f7f51210,krx:kind:distribution_notice:20260729:20260729000622,KR7315270009,315270,TIGER 200커뮤니케이션서비스,2026-07-31,2026-08-04,90,table[0]/row[128],KR7315270009 | TIGER 200커뮤니케이션서비스 | 2026-07-31 | 2026-08-04 | 90 | -,bd8deffe47187bd98d538398afd9acc505be711b9bde03eaa1db1550f47015f7,krx_kind_distribution_notice_table_v1,1,parsed,unreviewed,2026-08-14T10:58:23+00:00,"KRX KIND 일괄 분배금 공시 행. 기준일·지급예정일·분배금 증거이며, 분배락 적용일·기준가격 증거를 대체하지 않음."
krx-notice-evidence:2bf23f1f56ed347e,krx:kind:distribution_notice:20260729:20260729000622,KR7449580000,449580,RISE 테슬라애플아마존채권혼합,2026-07-31,2026-08-04,171,table[0]/row[120],KR7449580000 | RISE 테슬라애플아마존채권혼합 | 2026-07-31 | 2026-08-04 | 171 | -,bd8deffe47187bd98d538398afd9acc505be711b9bde03eaa1db1550f47015f7,krx_kind_distribution_notice_table_v1,1,parsed,unreviewed,2026-08-14T10:58:23+00:00,"KRX KIND 일괄 분배금 공시 행. 기준일·지급예정일·분배금 증거이며, 분배락 적용일·기준가격 증거를 대체하지 않음."
krx-notice-evidence:2cd2d5aba0c1d05b,krx:kind:distribution_notice:20260729:20260729000622,KR7475720009,475720,RISE 200위클리커버드콜,2026-07-31,2026-08-04,235,table[0]/row[79],KR7475720009 | RISE 200위클리커버드콜 | 2026-07-31 | 2026-08-04 | 235 | -,bd8deffe47187bd98d538398afd9acc505be711b9bde03eaa1db1550f47015f7,krx_kind_distribution_notice_table_v1,1,parsed,unreviewed,2026-08-14T10:58:23+00:00,"KRX KIND 일괄 분배금 공시 행. 기준일·지급예정일·분배금 증거이며, 분배락 적용일·기준가격 증거를 대체하지 않음."
krx-notice-evidence:2d268d710129a273,krx:kind:distribution_notice:20260729:20260729000622,KR7245340005,245340,TIGER 미국다우존스30,2026-07-31,2026-08-04,23,table[0]/row[160],KR7245340005 | TIGER 미국다우존스30 | 2026-07-31 | 2026-08-04 | 23 | -,bd8deffe47187bd98d538398afd9acc505be711b9bde03eaa1db1550f47015f7,krx_kind_distribution_notice_table_v1,1,parsed,unreviewed,2026-08-14T10:58:23+00:00,"KRX KIND 일괄 분배금 공시 행. 기준일·지급예정일·분배금 증거이며, 분배락 적용일·기준가격 증거를 대체하지 않음."
krx-notice-evidence:2d46ea1478b4e982,krx:kind:distribution_notice:20260729:20260729002071,KR7372330001,372330,KODEX 차이나항셍테크,2026-07-31,2026-08-04,51,table[0]/row[42],KR7372330001 | KODEX 차이나항셍테크 | 2026-07-31 | 2026-08-04 | 51 | -,c3b4e529ebbd4b657aa24b94e39ee1d559d88ca10b6b6d1d756f5e23439dfdca,krx_kind_distribution_notice_table_v1,1,parsed,unreviewed,2026-08-14T10:58:23+00:00,"KRX KIND 일괄 분배금 공시 행. 기준일·지급예정일·분배금 증거이며, 분배락 적용일·기준가격 증거를 대체하지 않음."
krx-notice-evidence:2e8b28e3e40a4ae7,krx:kind:distribution_notice:20260729:20260729002071,KR7487950008,487950,KODEX 대만테크고배당다우존스,2026-07-31,2026-08-04,77,table[0]/row[74],KR7487950008 | KODEX 대만테크고배당다우존스 | 2026-07-31 | 2026-08-04 | 77 | -,c3b4e529ebbd4b657aa24b94e39ee1d559d88ca10b6b6d1d756f5e23439dfdca,krx_kind_distribution_notice_table_v1,1,parsed,unreviewed,2026-08-14T10:58:23+00:00,"KRX KIND 일괄 분배금 공시 행. 기준일·지급예정일·분배금 증거이며, 분배락 적용일·기준가격 증거를 대체하지 않음."
krx-notice-evidence:2eecf00f19556ed5,krx:kind:distribution_notice:20260729:20260729002071,KR7477730006,477730,KODEX 인도타타그룹,2026-07-31,2026-08-04,60,table[0]/row[45],KR7477730006 | KODEX 인도타타그룹 | 2026-07-31 | 2026-08-04 | 60 | -,c3b4e529ebbd4b657aa24b94e39ee1d559d88ca10b6b6d1d756f5e23439dfdca,krx_kind_distribution_notice_table_v1,1,parsed,unreviewed,2026-08-14T10:58:23+00:00,"KRX KIND 일괄 분배금 공시 행. 기준일·지급예정일·분배금 증거이며, 분배락 적용일·기준가격 증거를 대체하지 않음."
krx-notice-evidence:2f0b46530de09dba,krx:kind:distribution_notice:20260729:20260729000622,KR7480310002,480310,TIGER 글로벌온디바이스AI,2026-07-31,2026-08-04,25,table[0]/row[142],KR7480310002 | TIGER 글로벌온디바이스AI | 2026-07-31 | 2026-08-04 | 25 | -,bd8deffe47187bd98d538398afd9acc505be711b9bde03eaa1db1550f47015f7,krx_kind_distribution_notice_table_v1,1,parsed,unreviewed,2026-08-14T10:58:23+00:00,"KRX KIND 일괄 분배금 공시 행. 기준일·지급예정일·분배금 증거이며, 분배락 적용일·기준가격 증거를 대체하지 않음."
krx-notice-evidence:30b2a54ce25a99da,krx:kind:distribution_notice:20260729:20260729002071,KR7316300003,316300,ACE 싱가포르리츠,2026-07-31,2026-08-04,65,table[0]/row[161],KR7316300003 | ACE 싱가포르리츠 | 2026-07-31 | 2026-08-04 | 65 | -,c3b4e529ebbd4b657aa24b94e39ee1d559d88ca10b6b6d1d756f5e23439dfdca,krx_kind_distribution_notice_table_v1,1,parsed,unreviewed,2026-08-14T10:58:23+00:00,"KRX KIND 일괄 분배금 공시 행. 기준일·지급예정일·분배금 증거이며, 분배락 적용일·기준가격 증거를 대체하지 않음."
krx-notice-evidence:30f8fbe02bbba8a0,krx:kind:distribution_notice:20260729:20260729000622,KR7448290007,448290,TIGER 미국S&P500(H),2026-07-31,2026-08-04,42,table[0]/row[151],KR7448290007 | TIGER 미국S&P500(H) | 2026-07-31 | 2026-08-04 | 42 | -,bd8deffe47187bd98d538398afd9acc505be711b9bde03eaa1db1550f47015f7,krx_kind_distribution_notice_table_v1,1,parsed,unreviewed,2026-08-14T10:58:23+00:00,"KRX KIND 일괄 분배금 공시 행. 기준일·지급예정일·분배금 증거이며, 분배락 적용일·기준가격 증거를 대체하지 않음."
krx-notice-evidence:322ed3d4c22f8fcc,krx:kind:distribution_notice:20260729:20260729000622,KR7329200000,329200,TIGER 리츠부동산인프라,2026-07-31,2026-08-04,33,table[0]/row[145],KR7329200000 | TIGER 리츠부동산인프라 | 2026-07-31 | 2026-08-04 | 33 | -,bd8deffe47187bd98d538398afd9acc505be711b9bde03eaa1db1550f47015f7,krx_kind_distribution_notice_table_v1,1,parsed,unreviewed,2026-08-14T10:58:23+00:00,"KRX KIND 일괄 분배금 공시 행. 기준일·지급예정일·분배금 증거이며, 분배락 적용일·기준가격 증거를 대체하지 않음."
krx-notice-evidence:33d4c0ab4b9424b8,krx:kind:distribution_notice:20260729:20260729002071,KR7483290003,483290,KODEX 미국배당다우존스타겟커버드콜,2026-07-31,2026-08-04,133,table[0]/row[75],KR7483290003 | KODEX 미국배당다우존스타겟커버드콜 | 2026-07-31 | 2026-08-04 | 133 | -,c3b4e529ebbd4b657aa24b94e39ee1d559d88ca10b6b6d1d756f5e23439dfdca,krx_kind_distribution_notice_table_v1,1,parsed,unreviewed,2026-08-14T10:58:23+00:00,"KRX KIND 일괄 분배금 공시 행. 기준일·지급예정일·분배금 증거이며, 분배락 적용일·기준가격 증거를 대체하지 않음."
krx-notice-evidence:355fcd23bbf295ee,krx:kind:distribution_notice:20260729:20260729002071,KR7192720001,192720,파워 고배당저변동성,2026-07-31,2026-08-04,151,table[0]/row[9],KR7192720001 | 파워 고배당저변동성 | 2026-07-31 | 2026-08-04 | 151 | -,c3b4e529ebbd4b657aa24b94e39ee1d559d88ca10b6b6d1d756f5e23439dfdca,krx_kind_distribution_notice_table_v1,1,parsed,unreviewed,2026-08-14T10:58:23+00:00,"KRX KIND 일괄 분배금 공시 행. 기준일·지급예정일·분배금 증거이며, 분배락 적용일·기준가격 증거를 대체하지 않음."
krx-notice-evidence:357948d83f063407,krx:kind:distribution_notice:20260729:20260729002071,KR70040Y0006,0040Y0,SOL 팔란티어커버드콜OTM채권혼합,2026-07-31,2026-08-03,162,table[0]/row[152],KR70040Y0006 | SOL 팔란티어커버드콜OTM채권혼합 | 2026-07-31 | 2026-08-03 | 162 | -,c3b4e529ebbd4b657aa24b94e39ee1d559d88ca10b6b6d1d756f5e23439dfdca,krx_kind_distribution_notice_table_v1,1,parsed,unreviewed,2026-08-14T10:58:23+00:00,"KRX KIND 일괄 분배금 공시 행. 기준일·지급예정일·분배금 증거이며, 분배락 적용일·기준가격 증거를 대체하지 않음."
krx-notice-evidence:35f649fead01fd2e,krx:kind:distribution_notice:20260729:20260729002071,KR70038A0008,0038A0,KODEX 미국휴머노이드로봇,2026-07-31,2026-08-04,14,table[0]/row[66],KR70038A0008 | KODEX 미국휴머노이드로봇 | 2026-07-31 | 2026-08-04 | 14 | -,c3b4e529ebbd4b657aa24b94e39ee1d559d88ca10b6b6d1d756f5e23439dfdca,krx_kind_distribution_notice_table_v1,1,parsed,unreviewed,2026-08-14T10:58:23+00:00,"KRX KIND 일괄 분배금 공시 행. 기준일·지급예정일·분배금 증거이며, 분배락 적용일·기준가격 증거를 대체하지 않음."
krx-notice-evidence:36d30b7d48189956,krx:kind:distribution_notice:20260729:20260729000622,KR7102110004,102110,TIGER 200,2026-07-31,2026-08-04,133,table[0]/row[121],KR7102110004 | TIGER 200 | 2026-07-31 | 2026-08-04 | 133 | -,bd8deffe47187bd98d538398afd9acc505be711b9bde03eaa1db1550f47015f7,krx_kind_distribution_notice_table_v1,1,parsed,unreviewed,2026-08-14T10:58:23+00:00,"KRX KIND 일괄 분배금 공시 행. 기준일·지급예정일·분배금 증거이며, 분배락 적용일·기준가격 증거를 대체하지 않음."
krx-notice-evidence:373606b1693d013b,krx:kind:distribution_notice:20260729:20260729000622,KR7449780006,449780,KIWOOM 미국S&P500(H),2026-07-31,2026-08-04,43,table[0]/row[33],KR7449780006 | KIWOOM 미국S&P500(H) | 2026-07-31 | 2026-08-04 | 43 | -,bd8deffe47187bd98d538398afd9acc505be711b9bde03eaa1db1550f47015f7,krx_kind_distribution_notice_table_v1,1,parsed,unreviewed,2026-08-14T10:58:23+00:00,"KRX KIND 일괄 분배금 공시 행. 기준일·지급예정일·분배금 증거이며, 분배락 적용일·기준가격 증거를 대체하지 않음."
krx-notice-evidence:374e40df831183b8,krx:kind:distribution_notice:20260729:20260729000622,KR7307510008,307510,TIGER 의료기기,2026-07-31,2026-08-04,156,table[0]/row[178],KR7307510008 | TIGER 의료기기 | 2026-07-31 | 2026-08-04 | 156 | -,bd8deffe47187bd98d538398afd9acc505be711b9bde03eaa1db1550f47015f7,krx_kind_distribution_notice_table_v1,1,parsed,unreviewed,2026-08-14T10:58:23+00:00,"KRX KIND 일괄 분배금 공시 행. 기준일·지급예정일·분배금 증거이며, 분배락 적용일·기준가격 증거를 대체하지 않음."
krx-notice-evidence:3766484e34e1c4ea,krx:kind:distribution_notice:20260729:20260729002071,KR70102X0002,0102X0,ACE 유럽방산TOP10,2026-07-31,2026-08-04,32,table[0]/row[177],KR70102X0002 | ACE 유럽방산TOP10 | 2026-07-31 | 2026-08-04 | 32 | -,c3b4e529ebbd4b657aa24b94e39ee1d559d88ca10b6b6d1d756f5e23439dfdca,krx_kind_distribution_notice_table_v1,1,parsed,unreviewed,2026-08-14T10:58:23+00:00,"KRX KIND 일괄 분배금 공시 행. 기준일·지급예정일·분배금 증거이며, 분배락 적용일·기준가격 증거를 대체하지 않음."
krx-notice-evidence:3865415762c682b7,krx:kind:distribution_notice:20260729:20260729000622,KR7182480004,182480,TIGER 미국MSCI리츠(합성 H),2026-07-31,2026-08-04,46,table[0]/row[149],KR7182480004 | TIGER 미국MSCI리츠(합성 H) | 2026-07-31 | 2026-08-04 | 46 | -,bd8deffe47187bd98d538398afd9acc505be711b9bde03eaa1db1550f47015f7,krx_kind_distribution_notice_table_v1,1,parsed,unreviewed,2026-08-14T10:58:23+00:00,"KRX KIND 일괄 분배금 공시 행. 기준일·지급예정일·분배금 증거이며, 분배락 적용일·기준가격 증거를 대체하지 않음."
krx-notice-evidence:38a4ef412cdd8462,krx:kind:distribution_notice:20260729:20260729002071,KR70089C0004,0089C0,KODEX 미국S&P500변동성확대시커버드콜,2026-07-31,2026-08-04,9,table[0]/row[107],KR70089C0004 | KODEX 미국S&P500변동성확대시커버드콜 | 2026-07-31 | 2026-08-04 | 9 | -,c3b4e529ebbd4b657aa24b94e39ee1d559d88ca10b6b6d1d756f5e23439dfdca,krx_kind_distribution_notice_table_v1,1,parsed,unreviewed,2026-08-14T10:58:23+00:00,"KRX KIND 일괄 분배금 공시 행. 기준일·지급예정일·분배금 증거이며, 분배락 적용일·기준가격 증거를 대체하지 않음."
krx-notice-evidence:38ef5d3e79934fd6,krx:kind:distribution_notice:20260729:20260729000622,KR7475350005,475350,RISE 버크셔포트폴리오TOP10,2026-07-31,2026-08-04,85,table[0]/row[109],KR7475350005 | RISE 버크셔포트폴리오TOP10 | 2026-07-31 | 2026-08-04 | 85 | -,bd8deffe47187bd98d538398afd9acc505be711b9bde03eaa1db1550f47015f7,krx_kind_distribution_notice_table_v1,1,parsed,unreviewed,2026-08-14T10:58:23+00:00,"KRX KIND 일괄 분배금 공시 행. 기준일·지급예정일·분배금 증거이며, 분배락 적용일·기준가격 증거를 대체하지 않음."
krx-notice-evidence:3929f124d2934cb5,krx:kind:distribution_notice:20260729:20260729000622,KR7481340008,481340,RISE 미국30년국채액티브,2026-07-31,2026-08-04,34,table[0]/row[94],KR7481340008 | RISE 미국30년국채액티브 | 2026-07-31 | 2026-08-04 | 34 | -,bd8deffe47187bd98d538398afd9acc505be711b9bde03eaa1db1550f47015f7,krx_kind_distribution_notice_table_v1,1,parsed,unreviewed,2026-08-14T10:58:23+00:00,"KRX KIND 일괄 분배금 공시 행. 기준일·지급예정일·분배금 증거이며, 분배락 적용일·기준가격 증거를 대체하지 않음."
krx-notice-evidence:3966477fad9c0635,krx:kind:distribution_notice:20260729:20260729000622,KR70000Z0003,0000Z0,RISE 바이오TOP10액티브,2026-07-31,2026-08-04,2,table[0]/row[108],KR70000Z0003 | RISE 바이오TOP10액티브 | 2026-07-31 | 2026-08-04 | 2 | -,bd8deffe47187bd98d538398afd9acc505be711b9bde03eaa1db1550f47015f7,krx_kind_distribution_notice_table_v1,1,parsed,unreviewed,2026-08-14T10:58:23+00:00,"KRX KIND 일괄 분배금 공시 행. 기준일·지급예정일·분배금 증거이며, 분배락 적용일·기준가격 증거를 대체하지 않음."
krx-notice-evidence:3980f6c00440a942,krx:kind:distribution_notice:20260729:20260729002071,KR7181480005,181480,ACE 미국부동산리츠(합성 H),2026-07-31,2026-08-04,245,table[0]/row[159],KR7181480005 | ACE 미국부동산리츠(합성 H) | 2026-07-31 | 2026-08-04 | 245 | -,c3b4e529ebbd4b657aa24b94e39ee1d559d88ca10b6b6d1d756f5e23439dfdca,krx_kind_distribution_notice_table_v1,1,parsed,unreviewed,2026-08-14T10:58:23+00:00,"KRX KIND 일괄 분배금 공시 행. 기준일·지급예정일·분배금 증거이며, 분배락 적용일·기준가격 증거를 대체하지 않음."
krx-notice-evidence:3a1191576c53c2b8,krx:kind:distribution_notice:20260729:20260729002071,KR7433980000,433980,KODEX TDF2040액티브 적격,2026-07-31,2026-08-04,103,table[0]/row[118],KR7433980000 | KODEX TDF2040액티브 적격 | 2026-07-31 | 2026-08-04 | 103 | -,c3b4e529ebbd4b657aa24b94e39ee1d559d88ca10b6b6d1d756f5e23439dfdca,krx_kind_distribution_notice_table_v1,1,parsed,unreviewed,2026-08-14T10:58:23+00:00,"KRX KIND 일괄 분배금 공시 행. 기준일·지급예정일·분배금 증거이며, 분배락 적용일·기준가격 증거를 대체하지 않음."
krx-notice-evidence:3ab92f372773cded,krx:kind:distribution_notice:20260729:20260729000622,KR7486290000,486290,TIGER 미국나스닥100타겟데일리커버드콜,2026-07-31,2026-08-04,136,table[0]/row[159],KR7486290000 | TIGER 미국나스닥100타겟데일리커버드콜 | 2026-07-31 | 2026-08-04 | 136 | -,bd8deffe47187bd98d538398afd9acc505be711b9bde03eaa1db1550f47015f7,krx_kind_distribution_notice_table_v1,1,parsed,unreviewed,2026-08-14T10:58:23+00:00,"KRX KIND 일괄 분배금 공시 행. 기준일·지급예정일·분배금 증거이며, 분배락 적용일·기준가격 증거를 대체하지 않음."
krx-notice-evidence:3bcef2041d8395e9,krx:kind:distribution_notice:20260729:20260729000622,KR7269530002,269530,PLUS S&P글로벌인프라,2026-07-31,2026-08-04,260,table[0]/row[58],KR7269530002 | PLUS S&P글로벌인프라 | 2026-07-31 | 2026-08-04 | 260 | -,bd8deffe47187bd98d538398afd9acc505be711b9bde03eaa1db1550f47015f7,krx_kind_distribution_notice_table_v1,1,parsed,unreviewed,2026-08-14T10:58:23+00:00,"KRX KIND 일괄 분배금 공시 행. 기준일·지급예정일·분배금 증거이며, 분배락 적용일·기준가격 증거를 대체하지 않음."
krx-notice-evidence:3c6f4246bb3d830a,krx:kind:distribution_notice:20260729:20260729000622,KR7104520002,104520,KIWOOM 블루칩,2026-07-31,2026-08-04,20,table[0]/row[44],KR7104520002 | KIWOOM 블루칩 | 2026-07-31 | 2026-08-04 | 20 | -,bd8deffe47187bd98d538398afd9acc505be711b9bde03eaa1db1550f47015f7,krx_kind_distribution_notice_table_v1,1,parsed,unreviewed,2026-08-14T10:58:23+00:00,"KRX KIND 일괄 분배금 공시 행. 기준일·지급예정일·분배금 증거이며, 분배락 적용일·기준가격 증거를 대체하지 않음."
krx-notice-evidence:3cf9ea36374570e7,krx:kind:distribution_notice:20260729:20260729000622,KR70210E0004,0210E0,PLUS 200커버드콜액티브,2026-07-31,2026-08-04,139,table[0]/row[56],KR70210E0004 | PLUS 200커버드콜액티브 | 2026-07-31 | 2026-08-04 | 139 | -,bd8deffe47187bd98d538398afd9acc505be711b9bde03eaa1db1550f47015f7,krx_kind_distribution_notice_table_v1,1,parsed,unreviewed,2026-08-14T10:58:23+00:00,"KRX KIND 일괄 분배금 공시 행. 기준일·지급예정일·분배금 증거이며, 분배락 적용일·기준가격 증거를 대체하지 않음."
krx-notice-evidence:3d3d08b25bd439d6,krx:kind:distribution_notice:20260729:20260729000622,KR7485690002,485690,RISE 미국AI밸류체인TOP3Plus,2026-07-31,2026-08-04,30,table[0]/row[97],KR7485690002 | RISE 미국AI밸류체인TOP3Plus | 2026-07-31 | 2026-08-04 | 30 | -,bd8deffe47187bd98d538398afd9acc505be711b9bde03eaa1db1550f47015f7,krx_kind_distribution_notice_table_v1,1,parsed,unreviewed,2026-08-14T10:58:23+00:00,"KRX KIND 일괄 분배금 공시 행. 기준일·지급예정일·분배금 증거이며, 분배락 적용일·기준가격 증거를 대체하지 않음."
krx-notice-evidence:3dd85c609d3f96a5,krx:kind:distribution_notice:20260729:20260729002071,KR7399110006,399110,SOL 미국S&P500ESG,2026-07-31,2026-08-03,46,table[0]/row[140],KR7399110006 | SOL 미국S&P500ESG | 2026-07-31 | 2026-08-03 | 46 | -,c3b4e529ebbd4b657aa24b94e39ee1d559d88ca10b6b6d1d756f5e23439dfdca,krx_kind_distribution_notice_table_v1,1,parsed,unreviewed,2026-08-14T10:58:23+00:00,"KRX KIND 일괄 분배금 공시 행. 기준일·지급예정일·분배금 증거이며, 분배락 적용일·기준가격 증거를 대체하지 않음."
krx-notice-evidence:3e07191e0778f31f,krx:kind:distribution_notice:20260729:20260729002071,KR70085N0005,0085N0,ACE 미국10년국채액티브(H),2026-07-31,2026-08-04,32,table[0]/row[176],KR70085N0005 | ACE 미국10년국채액티브(H) | 2026-07-31 | 2026-08-04 | 32 | -,c3b4e529ebbd4b657aa24b94e39ee1d559d88ca10b6b6d1d756f5e23439dfdca,krx_kind_distribution_notice_table_v1,1,parsed,unreviewed,2026-08-14T10:58:23+00:00,"KRX KIND 일괄 분배금 공시 행. 기준일·지급예정일·분배금 증거이며, 분배락 적용일·기준가격 증거를 대체하지 않음."
krx-notice-evidence:3f554e1d02150e6d,krx:kind:distribution_notice:20260729:20260729000622,KR70107F0009,0107F0,KIWOOM 미국고배당&AI테크,2026-07-31,2026-08-04,34,table[0]/row[35],KR70107F0009 | KIWOOM 미국고배당&AI테크 | 2026-07-31 | 2026-08-04 | 34 | -,bd8deffe47187bd98d538398afd9acc505be711b9bde03eaa1db1550f47015f7,krx_kind_distribution_notice_table_v1,1,parsed,unreviewed,2026-08-14T10:58:23+00:00,"KRX KIND 일괄 분배금 공시 행. 기준일·지급예정일·분배금 증거이며, 분배락 적용일·기준가격 증거를 대체하지 않음."
krx-notice-evidence:3f61d7a3d6e18684,krx:kind:distribution_notice:20260729:20260729002071,KR7292500006,292500,SOL KRX300,2026-07-31,2026-08-03,40,table[0]/row[139],KR7292500006 | SOL KRX300 | 2026-07-31 | 2026-08-03 | 40 | -,c3b4e529ebbd4b657aa24b94e39ee1d559d88ca10b6b6d1d756f5e23439dfdca,krx_kind_distribution_notice_table_v1,1,parsed,unreviewed,2026-08-14T10:58:23+00:00,"KRX KIND 일괄 분배금 공시 행. 기준일·지급예정일·분배금 증거이며, 분배락 적용일·기준가격 증거를 대체하지 않음."
krx-notice-evidence:3fbac40c634060b4,krx:kind:distribution_notice:20260729:20260729000622,KR7377990007,377990,TIGER Fn신재생에너지,2026-07-31,2026-08-04,180,table[0]/row[132],KR7377990007 | TIGER Fn신재생에너지 | 2026-07-31 | 2026-08-04 | 180 | -,bd8deffe47187bd98d538398afd9acc505be711b9bde03eaa1db1550f47015f7,krx_kind_distribution_notice_table_v1,1,parsed,unreviewed,2026-08-14T10:58:23+00:00,"KRX KIND 일괄 분배금 공시 행. 기준일·지급예정일·분배금 증거이며, 분배락 적용일·기준가격 증거를 대체하지 않음."
krx-notice-evidence:3ffb10d5251d0b71,krx:kind:distribution_notice:20260729:20260729000622,KR7435540000,435540,KIWOOM TDF2040액티브 적격,2026-07-31,2026-08-04,235,table[0]/row[24],KR7435540000 | KIWOOM TDF2040액티브 적격 | 2026-07-31 | 2026-08-04 | 235 | -,bd8deffe47187bd98d538398afd9acc505be711b9bde03eaa1db1550f47015f7,krx_kind_distribution_notice_table_v1,1,parsed,unreviewed,2026-08-14T10:58:23+00:00,"KRX KIND 일괄 분배금 공시 행. 기준일·지급예정일·분배금 증거이며, 분배락 적용일·기준가격 증거를 대체하지 않음."
krx-notice-evidence:4012f846e1e6fdad,krx:kind:distribution_notice:20260729:20260729002071,KR7463640003,463640,KODEX 미국S&P500유틸리티,2026-07-31,2026-08-04,90,table[0]/row[64],KR7463640003 | KODEX 미국S&P500유틸리티 | 2026-07-31 | 2026-08-04 | 90 | -,c3b4e529ebbd4b657aa24b94e39ee1d559d88ca10b6b6d1d756f5e23439dfdca,krx_kind_distribution_notice_table_v1,1,parsed,unreviewed,2026-08-14T10:58:23+00:00,"KRX KIND 일괄 분배금 공시 행. 기준일·지급예정일·분배금 증거이며, 분배락 적용일·기준가격 증거를 대체하지 않음."
krx-notice-evidence:40eff82da1b5438d,krx:kind:distribution_notice:20260729:20260729000622,KR7245360003,245360,TIGER 차이나HSCEI,2026-07-31,2026-08-04,74,table[0]/row[184],KR7245360003 | TIGER 차이나HSCEI | 2026-07-31 | 2026-08-04 | 74 | -,bd8deffe47187bd98d538398afd9acc505be711b9bde03eaa1db1550f47015f7,krx_kind_distribution_notice_table_v1,1,parsed,unreviewed,2026-08-14T10:58:23+00:00,"KRX KIND 일괄 분배금 공시 행. 기준일·지급예정일·분배금 증거이며, 분배락 적용일·기준가격 증거를 대체하지 않음."
krx-notice-evidence:412108bef0af6256,krx:kind:distribution_notice:20260729:20260729002071,KR70080G0009,0080G0,KODEX 방산TOP10,2026-07-31,2026-08-04,5,table[0]/row[92],KR70080G0009 | KODEX 방산TOP10 | 2026-07-31 | 2026-08-04 | 5 | -,c3b4e529ebbd4b657aa24b94e39ee1d559d88ca10b6b6d1d756f5e23439dfdca,krx_kind_distribution_notice_table_v1,1,parsed,unreviewed,2026-08-14T10:58:23+00:00,"KRX KIND 일괄 분배금 공시 행. 기준일·지급예정일·분배금 증거이며, 분배락 적용일·기준가격 증거를 대체하지 않음."
krx-notice-evidence:427c441090a76fd8,krx:kind:distribution_notice:20260729:20260729002071,KR7423160001,423160,KODEX KOFR금리액티브(합성),2026-07-31,2026-08-04,242,table[0]/row[24],KR7423160001 | KODEX KOFR금리액티브(합성) | 2026-07-31 | 2026-08-04 | 242 | -,c3b4e529ebbd4b657aa24b94e39ee1d559d88ca10b6b6d1d756f5e23439dfdca,krx_kind_distribution_notice_table_v1,1,parsed,unreviewed,2026-08-14T10:58:23+00:00,"KRX KIND 일괄 분배금 공시 행. 기준일·지급예정일·분배금 증거이며, 분배락 적용일·기준가격 증거를 대체하지 않음."
krx-notice-evidence:42c2ed9974f54d8d,krx:kind:distribution_notice:20260729:20260729000622,KR70127T0009,0127T0,KIWOOM 미국S&P500&배당다우존스비중전환,2026-07-31,2026-08-04,15,table[0]/row[32],KR70127T0009 | KIWOOM 미국S&P500&배당다우존스비중전환 | 2026-07-31 | 2026-08-04 | 15 | -,bd8deffe47187bd98d538398afd9acc505be711b9bde03eaa1db1550f47015f7,krx_kind_distribution_notice_table_v1,1,parsed,unreviewed,2026-08-14T10:58:23+00:00,"KRX KIND 일괄 분배금 공시 행. 기준일·지급예정일·분배금 증거이며, 분배락 적용일·기준가격 증거를 대체하지 않음."
krx-notice-evidence:42d3fd4c78257881,krx:kind:distribution_notice:20260729:20260729000622,KR7447660002,447660,PLUS 애플채권혼합,2026-07-31,2026-08-04,25,table[0]/row[72],KR7447660002 | PLUS 애플채권혼합 | 2026-07-31 | 2026-08-04 | 25 | -,bd8deffe47187bd98d538398afd9acc505be711b9bde03eaa1db1550f47015f7,krx_kind_distribution_notice_table_v1,1,parsed,unreviewed,2026-08-14T10:58:23+00:00,"KRX KIND 일괄 분배금 공시 행. 기준일·지급예정일·분배금 증거이며, 분배락 적용일·기준가격 증거를 대체하지 않음."
krx-notice-evidence:444661cacff1050c,krx:kind:distribution_notice:20260729:20260729002071,KR7495850000,495850,KODEX 코리아밸류업,2026-07-31,2026-08-04,30,table[0]/row[122],KR7495850000 | KODEX 코리아밸류업 | 2026-07-31 | 2026-08-04 | 30 | -,c3b4e529ebbd4b657aa24b94e39ee1d559d88ca10b6b6d1d756f5e23439dfdca,krx_kind_distribution_notice_table_v1,1,parsed,unreviewed,2026-08-14T10:58:23+00:00,"KRX KIND 일괄 분배금 공시 행. 기준일·지급예정일·분배금 증거이며, 분배락 적용일·기준가격 증거를 대체하지 않음."
krx-notice-evidence:444b35ad2c581e94,krx:kind:distribution_notice:20260729:20260729000622,KR70046A0008,0046A0,TIGER 미국초단기(3개월이하)국채,2026-07-31,2026-08-04,28,table[0]/row[164],KR70046A0008 | TIGER 미국초단기(3개월이하)국채 | 2026-07-31 | 2026-08-04 | 28 | -,bd8deffe47187bd98d538398afd9acc505be711b9bde03eaa1db1550f47015f7,krx_kind_distribution_notice_table_v1,1,parsed,unreviewed,2026-08-14T10:58:23+00:00,"KRX KIND 일괄 분배금 공시 행. 기준일·지급예정일·분배금 증거이며, 분배락 적용일·기준가격 증거를 대체하지 않음."
krx-notice-evidence:44587439ed9791a8,krx:kind:distribution_notice:20260729:20260729000622,KR7473490001,473490,KIWOOM 글로벌AI반도체,2026-07-31,2026-08-04,45,table[0]/row[26],KR7473490001 | KIWOOM 글로벌AI반도체 | 2026-07-31 | 2026-08-04 | 45 | -,bd8deffe47187bd98d538398afd9acc505be711b9bde03eaa1db1550f47015f7,krx_kind_distribution_notice_table_v1,1,parsed,unreviewed,2026-08-14T10:58:23+00:00,"KRX KIND 일괄 분배금 공시 행. 기준일·지급예정일·분배금 증거이며, 분배락 적용일·기준가격 증거를 대체하지 않음."
krx-notice-evidence:44b6bc5738d19b88,krx:kind:distribution_notice:20260729:20260729002071,KR7476850003,476850,KoAct 배당성장액티브,2026-07-31,2026-08-04,290,table[0]/row[13],KR7476850003 | KoAct 배당성장액티브 | 2026-07-31 | 2026-08-04 | 290 | -,c3b4e529ebbd4b657aa24b94e39ee1d559d88ca10b6b6d1d756f5e23439dfdca,krx_kind_distribution_notice_table_v1,1,parsed,unreviewed,2026-08-14T10:58:23+00:00,"KRX KIND 일괄 분배금 공시 행. 기준일·지급예정일·분배금 증거이며, 분배락 적용일·기준가격 증거를 대체하지 않음."
krx-notice-evidence:45532d4653774804,krx:kind:distribution_notice:20260729:20260729000622,KR7153270004,153270,KIWOOM 코스피100,2026-07-31,2026-08-04,120,table[0]/row[51],KR7153270004 | KIWOOM 코스피100 | 2026-07-31 | 2026-08-04 | 120 | -,bd8deffe47187bd98d538398afd9acc505be711b9bde03eaa1db1550f47015f7,krx_kind_distribution_notice_table_v1,1,parsed,unreviewed,2026-08-14T10:58:23+00:00,"KRX KIND 일괄 분배금 공시 행. 기준일·지급예정일·분배금 증거이며, 분배락 적용일·기준가격 증거를 대체하지 않음."
krx-notice-evidence:473c3c040bd772c4,krx:kind:distribution_notice:20260729:20260729002071,KR7473330009,473330,SOL 미국30년국채커버드콜(합성),2026-07-31,2026-08-03,65,table[0]/row[146],KR7473330009 | SOL 미국30년국채커버드콜(합성) | 2026-07-31 | 2026-08-03 | 65 | -,c3b4e529ebbd4b657aa24b94e39ee1d559d88ca10b6b6d1d756f5e23439dfdca,krx_kind_distribution_notice_table_v1,1,parsed,unreviewed,2026-08-14T10:58:23+00:00,"KRX KIND 일괄 분배금 공시 행. 기준일·지급예정일·분배금 증거이며, 분배락 적용일·기준가격 증거를 대체하지 않음."
krx-notice-evidence:492f718dcebc8398,krx:kind:distribution_notice:20260729:20260729002071,KR7475080008,475080,KODEX 테슬라커버드콜채권혼합액티브,2026-07-31,2026-08-04,79,table[0]/row[105],KR7475080008 | KODEX 테슬라커버드콜채권혼합액티브 | 2026-07-31 | 2026-08-04 | 79 | -,c3b4e529ebbd4b657aa24b94e39ee1d559d88ca10b6b6d1d756f5e23439dfdca,krx_kind_distribution_notice_table_v1,1,parsed,unreviewed,2026-08-14T10:58:23+00:00,"KRX KIND 일괄 분배금 공시 행. 기준일·지급예정일·분배금 증거이며, 분배락 적용일·기준가격 증거를 대체하지 않음."
krx-notice-evidence:49f072d76a07a33f,krx:kind:distribution_notice:20260729:20260729002071,KR7244670006,244670,KODEX 밸류Plus,2026-07-31,2026-08-04,179,table[0]/row[134],KR7244670006 | KODEX 밸류Plus | 2026-07-31 | 2026-08-04 | 179 | -,c3b4e529ebbd4b657aa24b94e39ee1d559d88ca10b6b6d1d756f5e23439dfdca,krx_kind_distribution_notice_table_v1,1,parsed,unreviewed,2026-08-14T10:58:23+00:00,"KRX KIND 일괄 분배금 공시 행. 기준일·지급예정일·분배금 증거이며, 분배락 적용일·기준가격 증거를 대체하지 않음."
krx-notice-evidence:4ace47e232b53a77,krx:kind:distribution_notice:20260729:20260729000622,KR7091220004,091220,TIGER 은행,2026-07-31,2026-08-04,146,table[0]/row[176],KR7091220004 | TIGER 은행 | 2026-07-31 | 2026-08-04 | 146 | -,bd8deffe47187bd98d538398afd9acc505be711b9bde03eaa1db1550f47015f7,krx_kind_distribution_notice_table_v1,1,parsed,unreviewed,2026-08-14T10:58:23+00:00,"KRX KIND 일괄 분배금 공시 행. 기준일·지급예정일·분배금 증거이며, 분배락 적용일·기준가격 증거를 대체하지 않음."
krx-notice-evidence:4afb2a35eb66eb53,krx:kind:distribution_notice:20260729:20260729002071,KR70127M0006,0127M0,ACE 미국대형가치주액티브,2026-07-31,2026-08-04,45,table[0]/row[178],KR70127M0006 | ACE 미국대형가치주액티브 | 2026-07-31 | 2026-08-04 | 45 | -,c3b4e529ebbd4b657aa24b94e39ee1d559d88ca10b6b6d1d756f5e23439dfdca,krx_kind_distribution_notice_table_v1,1,parsed,unreviewed,2026-08-14T10:58:23+00:00,"KRX KIND 일괄 분배금 공시 행. 기준일·지급예정일·분배금 증거이며, 분배락 적용일·기준가격 증거를 대체하지 않음."
krx-notice-evidence:4be73fcbf71b9faf,krx:kind:distribution_notice:20260729:20260729000622,KR7445910003,445910,TIGER MKF배당귀족,2026-07-31,2026-08-04,25,table[0]/row[136],KR7445910003 | TIGER MKF배당귀족 | 2026-07-31 | 2026-08-04 | 25 | -,bd8deffe47187bd98d538398afd9acc505be711b9bde03eaa1db1550f47015f7,krx_kind_distribution_notice_table_v1,1,parsed,unreviewed,2026-08-14T10:58:23+00:00,"KRX KIND 일괄 분배금 공시 행. 기준일·지급예정일·분배금 증거이며, 분배락 적용일·기준가격 증거를 대체하지 않음."
krx-notice-evidence:4e97b84cdb386c5c,krx:kind:distribution_notice:20260729:20260729002071,KR7275300002,275300,KODEX 우량주,2026-07-31,2026-08-04,20,table[0]/row[137],KR7275300002 | KODEX 우량주 | 2026-07-31 | 2026-08-04 | 20 | -,c3b4e529ebbd4b657aa24b94e39ee1d559d88ca10b6b6d1d756f5e23439dfdca,krx_kind_distribution_notice_table_v1,1,parsed,unreviewed,2026-08-14T10:58:23+00:00,"KRX KIND 일괄 분배금 공시 행. 기준일·지급예정일·분배금 증거이며, 분배락 적용일·기준가격 증거를 대체하지 않음."
krx-notice-evidence:4f586f8d3ca28053,krx:kind:distribution_notice:20260729:20260729000622,KR7497570002,497570,TIGER 미국필라델피아AI반도체나스닥,2026-07-31,2026-08-04,22,table[0]/row[167],KR7497570002 | TIGER 미국필라델피아AI반도체나스닥 | 2026-07-31 | 2026-08-04 | 22 | -,bd8deffe47187bd98d538398afd9acc505be711b9bde03eaa1db1550f47015f7,krx_kind_distribution_notice_table_v1,1,parsed,unreviewed,2026-08-14T10:58:23+00:00,"KRX KIND 일괄 분배금 공시 행. 기준일·지급예정일·분배금 증거이며, 분배락 적용일·기준가격 증거를 대체하지 않음."
krx-notice-evidence:4f71043f1c3a820e,krx:kind:distribution_notice:20260729:20260729000622,KR7292160009,292160,TIGER KRX300,2026-07-31,2026-08-04,60,table[0]/row[133],KR7292160009 | TIGER KRX300 | 2026-07-31 | 2026-08-04 | 60 | -,bd8deffe47187bd98d538398afd9acc505be711b9bde03eaa1db1550f47015f7,krx_kind_distribution_notice_table_v1,1,parsed,unreviewed,2026-08-14T10:58:23+00:00,"KRX KIND 일괄 분배금 공시 행. 기준일·지급예정일·분배금 증거이며, 분배락 적용일·기준가격 증거를 대체하지 않음."
krx-notice-evidence:5013188ebe59f1ec,krx:kind:distribution_notice:20260729:20260729002071,KR70144M0005,0144M0,KODEX 미국드론UAM TOP10,2026-07-31,2026-08-04,2,table[0]/row[71],KR70144M0005 | KODEX 미국드론UAM TOP10 | 2026-07-31 | 2026-08-04 | 2 | -,c3b4e529ebbd4b657aa24b94e39ee1d559d88ca10b6b6d1d756f5e23439dfdca,krx_kind_distribution_notice_table_v1,1,parsed,unreviewed,2026-08-14T10:58:23+00:00,"KRX KIND 일괄 분배금 공시 행. 기준일·지급예정일·분배금 증거이며, 분배락 적용일·기준가격 증거를 대체하지 않음."
krx-notice-evidence:5025665015604549,krx:kind:distribution_notice:20260729:20260729000622,KR7210780003,210780,TIGER 코스피고배당,2026-07-31,2026-08-04,241,table[0]/row[192],KR7210780003 | TIGER 코스피고배당 | 2026-07-31 | 2026-08-04 | 241 | -,bd8deffe47187bd98d538398afd9acc505be711b9bde03eaa1db1550f47015f7,krx_kind_distribution_notice_table_v1,1,parsed,unreviewed,2026-08-14T10:58:23+00:00,"KRX KIND 일괄 분배금 공시 행. 기준일·지급예정일·분배금 증거이며, 분배락 적용일·기준가격 증거를 대체하지 않음."
krx-notice-evidence:50b42bbf81d86730,krx:kind:distribution_notice:20260729:20260729002071,KR70082V0008,0082V0,KODEX TDF2060액티브 적격,2026-07-31,2026-08-04,79,table[0]/row[120],KR70082V0008 | KODEX TDF2060액티브 적격 | 2026-07-31 | 2026-08-04 | 79 | -,c3b4e529ebbd4b657aa24b94e39ee1d559d88ca10b6b6d1d756f5e23439dfdca,krx_kind_distribution_notice_table_v1,1,parsed,unreviewed,2026-08-14T10:58:23+00:00,"KRX KIND 일괄 분배금 공시 행. 기준일·지급예정일·분배금 증거이며, 분배락 적용일·기준가격 증거를 대체하지 않음."
krx-notice-evidence:529d33c611006ab7,krx:kind:distribution_notice:20260729:20260729002071,KR7452360001,452360,SOL 미국배당다우존스(H),2026-07-31,2026-08-03,31,table[0]/row[145],KR7452360001 | SOL 미국배당다우존스(H) | 2026-07-31 | 2026-08-03 | 31 | -,c3b4e529ebbd4b657aa24b94e39ee1d559d88ca10b6b6d1d756f5e23439dfdca,krx_kind_distribution_notice_table_v1,1,parsed,unreviewed,2026-08-14T10:58:23+00:00,"KRX KIND 일괄 분배금 공시 행. 기준일·지급예정일·분배금 증거이며, 분배락 적용일·기준가격 증거를 대체하지 않음."
krx-notice-evidence:52d0e49c64491c57,krx:kind:distribution_notice:20260729:20260729002071,KR70144L0006,0144L0,KODEX 미국성장커버드콜액티브,2026-07-31,2026-08-04,99,table[0]/row[108],KR70144L0006 | KODEX 미국성장커버드콜액티브 | 2026-07-31 | 2026-08-04 | 99 | -,c3b4e529ebbd4b657aa24b94e39ee1d559d88ca10b6b6d1d756f5e23439dfdca,krx_kind_distribution_notice_table_v1,1,parsed,unreviewed,2026-08-14T10:58:23+00:00,"KRX KIND 일괄 분배금 공시 행. 기준일·지급예정일·분배금 증거이며, 분배락 적용일·기준가격 증거를 대체하지 않음."
krx-notice-evidence:52f993e3fb5072da,krx:kind:distribution_notice:20260729:20260729002071,KR70151S0009,0151S0,KODEX 미국AI반도체TOP3플러스,2026-07-31,2026-08-04,13,table[0]/row[68],KR70151S0009 | KODEX 미국AI반도체TOP3플러스 | 2026-07-31 | 2026-08-04 | 13 | -,c3b4e529ebbd4b657aa24b94e39ee1d559d88ca10b6b6d1d756f5e23439dfdca,krx_kind_distribution_notice_table_v1,1,parsed,unreviewed,2026-08-14T10:58:23+00:00,"KRX KIND 일괄 분배금 공시 행. 기준일·지급예정일·분배금 증거이며, 분배락 적용일·기준가격 증거를 대체하지 않음."
krx-notice-evidence:53095cbaf809ea20,krx:kind:distribution_notice:20260729:20260729000622,KR7139270003,139270,TIGER 200 금융,2026-07-31,2026-08-04,60,table[0]/row[123],KR7139270003 | TIGER 200 금융 | 2026-07-31 | 2026-08-04 | 60 | -,bd8deffe47187bd98d538398afd9acc505be711b9bde03eaa1db1550f47015f7,krx_kind_distribution_notice_table_v1,1,parsed,unreviewed,2026-08-14T10:58:23+00:00,"KRX KIND 일괄 분배금 공시 행. 기준일·지급예정일·분배금 증거이며, 분배락 적용일·기준가격 증거를 대체하지 않음."
krx-notice-evidence:537fb8c9d3745bed,krx:kind:distribution_notice:20260729:20260729000622,KR7464470004,464470,PLUS 미국채30년액티브,2026-07-31,2026-08-04,100,table[0]/row[71],KR7464470004 | PLUS 미국채30년액티브 | 2026-07-31 | 2026-08-04 | 100 | -,bd8deffe47187bd98d538398afd9acc505be711b9bde03eaa1db1550f47015f7,krx_kind_distribution_notice_table_v1,1,parsed,unreviewed,2026-08-14T10:58:23+00:00,"KRX KIND 일괄 분배금 공시 행. 기준일·지급예정일·분배금 증거이며, 분배락 적용일·기준가격 증거를 대체하지 않음."
krx-notice-evidence:54b7b53e79562963,krx:kind:distribution_notice:20260729:20260729000622,KR7304760002,304760,HANARO KRX300,2026-07-31,2026-08-04,60,table[0]/row[12],KR7304760002 | HANARO KRX300 | 2026-07-31 | 2026-08-04 | 60 | -,bd8deffe47187bd98d538398afd9acc505be711b9bde03eaa1db1550f47015f7,krx_kind_distribution_notice_table_v1,1,parsed,unreviewed,2026-08-14T10:58:23+00:00,"KRX KIND 일괄 분배금 공시 행. 기준일·지급예정일·분배금 증거이며, 분배락 적용일·기준가격 증거를 대체하지 않음."
krx-notice-evidence:54c7e8b83782a22d,krx:kind:distribution_notice:20260729:20260729002071,KR7453650004,453650,KODEX 미국S&P500금융,2026-07-31,2026-08-04,62,table[0]/row[63],KR7453650004 | KODEX 미국S&P500금융 | 2026-07-31 | 2026-08-04 | 62 | -,c3b4e529ebbd4b657aa24b94e39ee1d559d88ca10b6b6d1d756f5e23439dfdca,krx_kind_distribution_notice_table_v1,1,parsed,unreviewed,2026-08-14T10:58:23+00:00,"KRX KIND 일괄 분배금 공시 행. 기준일·지급예정일·분배금 증거이며, 분배락 적용일·기준가격 증거를 대체하지 않음."
krx-notice-evidence:5560c45f60c2a252,krx:kind:distribution_notice:20260729:20260729002071,KR70199C0001,0199C0,ACE 고배당주Plus커버드콜액티브,2026-07-31,2026-08-04,175,table[0]/row[182],KR70199C0001 | ACE 고배당주Plus커버드콜액티브 | 2026-07-31 | 2026-08-04 | 175 | -,c3b4e529ebbd4b657aa24b94e39ee1d559d88ca10b6b6d1d756f5e23439dfdca,krx_kind_distribution_notice_table_v1,1,parsed,unreviewed,2026-08-14T10:58:23+00:00,"KRX KIND 일괄 분배금 공시 행. 기준일·지급예정일·분배금 증거이며, 분배락 적용일·기준가격 증거를 대체하지 않음."
krx-notice-evidence:55e9eb16cd489cb9,krx:kind:distribution_notice:20260729:20260729000622,KR7432840007,432840,HANARO 미국S&P500,2026-07-31,2026-08-04,13,table[0]/row[15],KR7432840007 | HANARO 미국S&P500 | 2026-07-31 | 2026-08-04 | 13 | -,bd8deffe47187bd98d538398afd9acc505be711b9bde03eaa1db1550f47015f7,krx_kind_distribution_notice_table_v1,1,parsed,unreviewed,2026-08-14T10:58:23+00:00,"KRX KIND 일괄 분배금 공시 행. 기준일·지급예정일·분배금 증거이며, 분배락 적용일·기준가격 증거를 대체하지 않음."
krx-notice-evidence:571aa5e469743b08,krx:kind:distribution_notice:20260729:20260729002071,KR7433330008,433330,SOL 미국S&P500,2026-07-31,2026-08-03,12,table[0]/row[143],KR7433330008 | SOL 미국S&P500 | 2026-07-31 | 2026-08-03 | 12 | -,c3b4e529ebbd4b657aa24b94e39ee1d559d88ca10b6b6d1d756f5e23439dfdca,krx_kind_distribution_notice_table_v1,1,parsed,unreviewed,2026-08-14T10:58:23+00:00,"KRX KIND 일괄 분배금 공시 행. 기준일·지급예정일·분배금 증거이며, 분배락 적용일·기준가격 증거를 대체하지 않음."
krx-notice-evidence:58141e7a2ecbf7ff,krx:kind:distribution_notice:20260729:20260729002071,KR7091170001,091170,KODEX 은행,2026-07-31,2026-08-04,60,table[0]/row[80],KR7091170001 | KODEX 은행 | 2026-07-31 | 2026-08-04 | 60 | -,c3b4e529ebbd4b657aa24b94e39ee1d559d88ca10b6b6d1d756f5e23439dfdca,krx_kind_distribution_notice_table_v1,1,parsed,unreviewed,2026-08-14T10:58:23+00:00,"KRX KIND 일괄 분배금 공시 행. 기준일·지급예정일·분배금 증거이며, 분배락 적용일·기준가격 증거를 대체하지 않음."
krx-notice-evidence:58e239404fdf7666,krx:kind:distribution_notice:20260729:20260729000622,KR7281990002,281990,RISE 중소형고배당,2026-07-31,2026-08-04,32,table[0]/row[116],KR7281990002 | RISE 중소형고배당 | 2026-07-31 | 2026-08-04 | 32 | -,bd8deffe47187bd98d538398afd9acc505be711b9bde03eaa1db1550f47015f7,krx_kind_distribution_notice_table_v1,1,parsed,unreviewed,2026-08-14T10:58:23+00:00,"KRX KIND 일괄 분배금 공시 행. 기준일·지급예정일·분배금 증거이며, 분배락 적용일·기준가격 증거를 대체하지 않음."
krx-notice-evidence:590960f5cdec1563,krx:kind:distribution_notice:20260729:20260729000622,KR7376410007,376410,TIGER 탄소효율그린뉴딜,2026-07-31,2026-08-04,58,table[0]/row[194],KR7376410007 | TIGER 탄소효율그린뉴딜 | 2026-07-31 | 2026-08-04 | 58 | -,bd8deffe47187bd98d538398afd9acc505be711b9bde03eaa1db1550f47015f7,krx_kind_distribution_notice_table_v1,1,parsed,unreviewed,2026-08-14T10:58:23+00:00,"KRX KIND 일괄 분배금 공시 행. 기준일·지급예정일·분배금 증거이며, 분배락 적용일·기준가격 증거를 대체하지 않음."
krx-notice-evidence:5948bd22b3e28bb0,krx:kind:distribution_notice:20260729:20260729002071,KR70192S0000,0192S0,SOL 코스피200채권혼합50,2026-07-31,2026-08-03,10,table[0]/row[156],KR70192S0000 | SOL 코스피200채권혼합50 | 2026-07-31 | 2026-08-03 | 10 | -,c3b4e529ebbd4b657aa24b94e39ee1d559d88ca10b6b6d1d756f5e23439dfdca,krx_kind_distribution_notice_table_v1,1,parsed,unreviewed,2026-08-14T10:58:23+00:00,"KRX KIND 일괄 분배금 공시 행. 기준일·지급예정일·분배금 증거이며, 분배락 적용일·기준가격 증거를 대체하지 않음."
krx-notice-evidence:59d76cc57a55080f,krx:kind:distribution_notice:20260729:20260729000622,KR70013P0000,0013P0,RISE 미국은행TOP10,2026-07-31,2026-08-04,22,table[0]/row[105],KR70013P0000 | RISE 미국은행TOP10 | 2026-07-31 | 2026-08-04 | 22 | -,bd8deffe47187bd98d538398afd9acc505be711b9bde03eaa1db1550f47015f7,krx_kind_distribution_notice_table_v1,1,parsed,unreviewed,2026-08-14T10:58:23+00:00,"KRX KIND 일괄 분배금 공시 행. 기준일·지급예정일·분배금 증거이며, 분배락 적용일·기준가격 증거를 대체하지 않음."
krx-notice-evidence:5a4db1de674d11f0,krx:kind:distribution_notice:20260729:20260729000622,KR7139260004,139260,TIGER 200 IT,2026-07-31,2026-08-04,142,table[0]/row[122],KR7139260004 | TIGER 200 IT | 2026-07-31 | 2026-08-04 | 142 | -,bd8deffe47187bd98d538398afd9acc505be711b9bde03eaa1db1550f47015f7,krx_kind_distribution_notice_table_v1,1,parsed,unreviewed,2026-08-14T10:58:23+00:00,"KRX KIND 일괄 분배금 공시 행. 기준일·지급예정일·분배금 증거이며, 분배락 적용일·기준가격 증거를 대체하지 않음."
krx-notice-evidence:5c2d8f07292386f9,krx:kind:distribution_notice:20260729:20260729000622,KR7381180009,381180,TIGER 미국필라델피아반도체나스닥,2026-07-31,2026-08-04,49,table[0]/row[168],KR7381180009 | TIGER 미국필라델피아반도체나스닥 | 2026-07-31 | 2026-08-04 | 49 | -,bd8deffe47187bd98d538398afd9acc505be711b9bde03eaa1db1550f47015f7,krx_kind_distribution_notice_table_v1,1,parsed,unreviewed,2026-08-14T10:58:23+00:00,"KRX KIND 일괄 분배금 공시 행. 기준일·지급예정일·분배금 증거이며, 분배락 적용일·기준가격 증거를 대체하지 않음."
krx-notice-evidence:5c77ef0276f92849,krx:kind:distribution_notice:20260729:20260729002071,KR7419420005,419420,KODEX 미국클린에너지나스닥,2026-07-31,2026-08-04,8,table[0]/row[58],KR7419420005 | KODEX 미국클린에너지나스닥 | 2026-07-31 | 2026-08-04 | 8 | -,c3b4e529ebbd4b657aa24b94e39ee1d559d88ca10b6b6d1d756f5e23439dfdca,krx_kind_distribution_notice_table_v1,1,parsed,unreviewed,2026-08-14T10:58:23+00:00,"KRX KIND 일괄 분배금 공시 행. 기준일·지급예정일·분배금 증거이며, 분배락 적용일·기준가격 증거를 대체하지 않음."
krx-notice-evidence:5c9298dec49d9f41,krx:kind:distribution_notice:20260729:20260729000622,KR7435420005,435420,TIGER 미국나스닥100채권혼합50,2026-07-31,2026-08-04,42,table[0]/row[157],KR7435420005 | TIGER 미국나스닥100채권혼합50 | 2026-07-31 | 2026-08-04 | 42 | -,bd8deffe47187bd98d538398afd9acc505be711b9bde03eaa1db1550f47015f7,krx_kind_distribution_notice_table_v1,1,parsed,unreviewed,2026-08-14T10:58:23+00:00,"KRX KIND 일괄 분배금 공시 행. 기준일·지급예정일·분배금 증거이며, 분배락 적용일·기준가격 증거를 대체하지 않음."
krx-notice-evidence:5cd866abc0997117,krx:kind:distribution_notice:20260729:20260729002071,KR70049K0003,0049K0,ACE 미국배당퀄리티채권혼합50,2026-07-31,2026-08-04,21,table[0]/row[173],KR70049K0003 | ACE 미국배당퀄리티채권혼합50 | 2026-07-31 | 2026-08-04 | 21 | -,c3b4e529ebbd4b657aa24b94e39ee1d559d88ca10b6b6d1d756f5e23439dfdca,krx_kind_distribution_notice_table_v1,1,parsed,unreviewed,2026-08-14T10:58:23+00:00,"KRX KIND 일괄 분배금 공시 행. 기준일·지급예정일·분배금 증거이며, 분배락 적용일·기준가격 증거를 대체하지 않음."
krx-notice-evidence:5cf0c1b4b2f72f27,krx:kind:distribution_notice:20260729:20260729002071,KR7453810004,453810,KODEX 인도Nifty50,2026-07-31,2026-08-04,76,table[0]/row[53],KR7453810004 | KODEX 인도Nifty50 | 2026-07-31 | 2026-08-04 | 76 | -,c3b4e529ebbd4b657aa24b94e39ee1d559d88ca10b6b6d1d756f5e23439dfdca,krx_kind_distribution_notice_table_v1,1,parsed,unreviewed,2026-08-14T10:58:23+00:00,"KRX KIND 일괄 분배금 공시 행. 기준일·지급예정일·분배금 증거이며, 분배락 적용일·기준가격 증거를 대체하지 않음."
krx-notice-evidence:5d04334970f46c85,krx:kind:distribution_notice:20260729:20260729002071,KR7279530000,279530,KODEX 고배당주,2026-07-31,2026-08-04,76,table[0]/row[121],KR7279530000 | KODEX 고배당주 | 2026-07-31 | 2026-08-04 | 76 | -,c3b4e529ebbd4b657aa24b94e39ee1d559d88ca10b6b6d1d756f5e23439dfdca,krx_kind_distribution_notice_table_v1,1,parsed,unreviewed,2026-08-14T10:58:23+00:00,"KRX KIND 일괄 분배금 공시 행. 기준일·지급예정일·분배금 증거이며, 분배락 적용일·기준가격 증거를 대체하지 않음."
krx-notice-evidence:5e53e7f7ab506785,krx:kind:distribution_notice:20260729:20260729000622,KR7441800000,441800,TIME Korea플러스배당액티브,2026-07-31,2026-08-04,134,table[0]/row[198],KR7441800000 | TIME Korea플러스배당액티브 | 2026-07-31 | 2026-08-04 | 134 | -,bd8deffe47187bd98d538398afd9acc505be711b9bde03eaa1db1550f47015f7,krx_kind_distribution_notice_table_v1,1,parsed,unreviewed,2026-08-14T10:58:23+00:00,"KRX KIND 일괄 분배금 공시 행. 기준일·지급예정일·분배금 증거이며, 분배락 적용일·기준가격 증거를 대체하지 않음."
krx-notice-evidence:5e6cfd0a4ed14593,krx:kind:distribution_notice:20260729:20260729002071,KR70132H0006,0132H0,KODEX 미국원자력SMR,2026-07-31,2026-08-04,4,table[0]/row[70],KR70132H0006 | KODEX 미국원자력SMR | 2026-07-31 | 2026-08-04 | 4 | -,c3b4e529ebbd4b657aa24b94e39ee1d559d88ca10b6b6d1d756f5e23439dfdca,krx_kind_distribution_notice_table_v1,1,parsed,unreviewed,2026-08-14T10:58:23+00:00,"KRX KIND 일괄 분배금 공시 행. 기준일·지급예정일·분배금 증거이며, 분배락 적용일·기준가격 증거를 대체하지 않음."
krx-notice-evidence:5ebd432bc2ade13b,krx:kind:distribution_notice:20260729:20260729000622,KR7499660009,499660,TIGER CD금리플러스액티브(합성),2026-07-31,2026-08-04,2520,table[0]/row[131],"KR7499660009 | TIGER CD금리플러스액티브(합성) | 2026-07-31 | 2026-08-04 | 2,520 | -",bd8deffe47187bd98d538398afd9acc505be711b9bde03eaa1db1550f47015f7,krx_kind_distribution_notice_table_v1,1,parsed,unreviewed,2026-08-14T10:58:23+00:00,"KRX KIND 일괄 분배금 공시 행. 기준일·지급예정일·분배금 증거이며, 분배락 적용일·기준가격 증거를 대체하지 않음."
krx-notice-evidence:5ef2518183594ef2,krx:kind:distribution_notice:20260729:20260729002071,KR7459580007,459580,KODEX CD금리액티브(합성),2026-07-31,2026-08-04,2470,table[0]/row[23],"KR7459580007 | KODEX CD금리액티브(합성) | 2026-07-31 | 2026-08-04 | 2,470 | -",c3b4e529ebbd4b657aa24b94e39ee1d559d88ca10b6b6d1d756f5e23439dfdca,krx_kind_distribution_notice_table_v1,1,parsed,unreviewed,2026-08-14T10:58:23+00:00,"KRX KIND 일괄 분배금 공시 행. 기준일·지급예정일·분배금 증거이며, 분배락 적용일·기준가격 증거를 대체하지 않음."
krx-notice-evidence:5fd4c193ac8d338a,krx:kind:distribution_notice:20260729:20260729002071,KR7314250002,314250,KODEX 미국빅테크10(H),2026-07-31,2026-08-04,74,table[0]/row[41],KR7314250002 | KODEX 미국빅테크10(H) | 2026-07-31 | 2026-08-04 | 74 | -,c3b4e529ebbd4b657aa24b94e39ee1d559d88ca10b6b6d1d756f5e23439dfdca,krx_kind_distribution_notice_table_v1,1,parsed,unreviewed,2026-08-14T10:58:23+00:00,"KRX KIND 일괄 분배금 공시 행. 기준일·지급예정일·분배금 증거이며, 분배락 적용일·기준가격 증거를 대체하지 않음."
krx-notice-evidence:60d3af6d7370eff4,krx:kind:distribution_notice:20260729:20260729002071,KR7404650004,404650,SOL KRX기후변화솔루션,2026-07-31,2026-08-03,21,table[0]/row[141],KR7404650004 | SOL KRX기후변화솔루션 | 2026-07-31 | 2026-08-03 | 21 | -,c3b4e529ebbd4b657aa24b94e39ee1d559d88ca10b6b6d1d756f5e23439dfdca,krx_kind_distribution_notice_table_v1,1,parsed,unreviewed,2026-08-14T10:58:23+00:00,"KRX KIND 일괄 분배금 공시 행. 기준일·지급예정일·분배금 증거이며, 분배락 적용일·기준가격 증거를 대체하지 않음."
krx-notice-evidence:60f58b497595a60a,krx:kind:distribution_notice:20260729:20260729002071,KR7283580009,283580,KODEX 차이나CSI300,2026-07-31,2026-08-04,126,table[0]/row[39],KR7283580009 | KODEX 차이나CSI300 | 2026-07-31 | 2026-08-04 | 126 | -,c3b4e529ebbd4b657aa24b94e39ee1d559d88ca10b6b6d1d756f5e23439dfdca,krx_kind_distribution_notice_table_v1,1,parsed,unreviewed,2026-08-14T10:58:23+00:00,"KRX KIND 일괄 분배금 공시 행. 기준일·지급예정일·분배금 증거이며, 분배락 적용일·기준가격 증거를 대체하지 않음."
krx-notice-evidence:6106f6c07eff9a09,krx:kind:distribution_notice:20260729:20260729000622,KR7442320008,442320,RISE 글로벌원자력,2026-07-31,2026-08-04,86,table[0]/row[90],KR7442320008 | RISE 글로벌원자력 | 2026-07-31 | 2026-08-04 | 86 | -,bd8deffe47187bd98d538398afd9acc505be711b9bde03eaa1db1550f47015f7,krx_kind_distribution_notice_table_v1,1,parsed,unreviewed,2026-08-14T10:58:23+00:00,"KRX KIND 일괄 분배금 공시 행. 기준일·지급예정일·분배금 증거이며, 분배락 적용일·기준가격 증거를 대체하지 않음."
krx-notice-evidence:61362f42917eb765,krx:kind:distribution_notice:20260729:20260729000622,KR7133690008,133690,TIGER 미국나스닥100,2026-07-31,2026-08-04,255,table[0]/row[155],KR7133690008 | TIGER 미국나스닥100 | 2026-07-31 | 2026-08-04 | 255 | -,bd8deffe47187bd98d538398afd9acc505be711b9bde03eaa1db1550f47015f7,krx_kind_distribution_notice_table_v1,1,parsed,unreviewed,2026-08-14T10:58:23+00:00,"KRX KIND 일괄 분배금 공시 행. 기준일·지급예정일·분배금 증거이며, 분배락 적용일·기준가격 증거를 대체하지 않음."
krx-notice-evidence:622eb500cff9810f,krx:kind:distribution_notice:20260729:20260729002071,KR7140700006,140700,KODEX 보험,2026-07-31,2026-08-04,24,table[0]/row[88],KR7140700006 | KODEX 보험 | 2026-07-31 | 2026-08-04 | 24 | -,c3b4e529ebbd4b657aa24b94e39ee1d559d88ca10b6b6d1d756f5e23439dfdca,krx_kind_distribution_notice_table_v1,1,parsed,unreviewed,2026-08-14T10:58:23+00:00,"KRX KIND 일괄 분배금 공시 행. 기준일·지급예정일·분배금 증거이며, 분배락 적용일·기준가격 증거를 대체하지 않음."
krx-notice-evidence:63da11b4d4c6469e,krx:kind:distribution_notice:20260729:20260729002071,KR7229720008,229720,KODEX KTOP30,2026-07-31,2026-08-04,31,table[0]/row[112],KR7229720008 | KODEX KTOP30 | 2026-07-31 | 2026-08-04 | 31 | -,c3b4e529ebbd4b657aa24b94e39ee1d559d88ca10b6b6d1d756f5e23439dfdca,krx_kind_distribution_notice_table_v1,1,parsed,unreviewed,2026-08-14T10:58:23+00:00,"KRX KIND 일괄 분배금 공시 행. 기준일·지급예정일·분배금 증거이며, 분배락 적용일·기준가격 증거를 대체하지 않음."
krx-notice-evidence:651c20f5fd595ee3,krx:kind:distribution_notice:20260729:20260729002071,KR7460960008,460960,ACE 글로벌인컴TOP10,2026-07-31,2026-08-04,70,table[0]/row[167],KR7460960008 | ACE 글로벌인컴TOP10 | 2026-07-31 | 2026-08-04 | 70 | -,c3b4e529ebbd4b657aa24b94e39ee1d559d88ca10b6b6d1d756f5e23439dfdca,krx_kind_distribution_notice_table_v1,1,parsed,unreviewed,2026-08-14T10:58:23+00:00,"KRX KIND 일괄 분배금 공시 행. 기준일·지급예정일·분배금 증거이며, 분배락 적용일·기준가격 증거를 대체하지 않음."
krx-notice-evidence:66ac264d78c224ae,krx:kind:distribution_notice:20260729:20260729002071,KR70048K0004,0048K0,KODEX 차이나휴머노이드로봇,2026-07-31,2026-08-04,23,table[0]/row[48],KR70048K0004 | KODEX 차이나휴머노이드로봇 | 2026-07-31 | 2026-08-04 | 23 | -,c3b4e529ebbd4b657aa24b94e39ee1d559d88ca10b6b6d1d756f5e23439dfdca,krx_kind_distribution_notice_table_v1,1,parsed,unreviewed,2026-08-14T10:58:23+00:00,"KRX KIND 일괄 분배금 공시 행. 기준일·지급예정일·분배금 증거이며, 분배락 적용일·기준가격 증거를 대체하지 않음."
krx-notice-evidence:6840e898fbb7d5ae,krx:kind:distribution_notice:20260729:20260729000622,KR7494410004,494410,PLUS 미국S&P500성장주,2026-07-31,2026-08-04,15,table[0]/row[66],KR7494410004 | PLUS 미국S&P500성장주 | 2026-07-31 | 2026-08-04 | 15 | -,bd8deffe47187bd98d538398afd9acc505be711b9bde03eaa1db1550f47015f7,krx_kind_distribution_notice_table_v1,1,parsed,unreviewed,2026-08-14T10:58:23+00:00,"KRX KIND 일괄 분배금 공시 행. 기준일·지급예정일·분배금 증거이며, 분배락 적용일·기준가격 증거를 대체하지 않음."
krx-notice-evidence:68c5f90ae4cefbfc,krx:kind:distribution_notice:20260729:20260729000622,KR7136340007,136340,RISE 중기우량회사채,2026-07-31,2026-08-04,188,table[0]/row[115],KR7136340007 | RISE 중기우량회사채 | 2026-07-31 | 2026-08-04 | 188 | -,bd8deffe47187bd98d538398afd9acc505be711b9bde03eaa1db1550f47015f7,krx_kind_distribution_notice_table_v1,1,parsed,unreviewed,2026-08-14T10:58:23+00:00,"KRX KIND 일괄 분배금 공시 행. 기준일·지급예정일·분배금 증거이며, 분배락 적용일·기준가격 증거를 대체하지 않음."
krx-notice-evidence:6a121ce87852b467,krx:kind:distribution_notice:20260729:20260729002071,KR70065G0008,0065G0,KODEX 차이나테크TOP10,2026-07-31,2026-08-04,53,table[0]/row[69],KR70065G0008 | KODEX 차이나테크TOP10 | 2026-07-31 | 2026-08-04 | 53 | -,c3b4e529ebbd4b657aa24b94e39ee1d559d88ca10b6b6d1d756f5e23439dfdca,krx_kind_distribution_notice_table_v1,1,parsed,unreviewed,2026-08-14T10:58:23+00:00,"KRX KIND 일괄 분배금 공시 행. 기준일·지급예정일·분배금 증거이며, 분배락 적용일·기준가격 증거를 대체하지 않음."
krx-notice-evidence:6a3545243c8f0fd2,krx:kind:distribution_notice:20260729:20260729002071,KR7468370002,468370,KODEX iShares미국인플레이션국채액티브,2026-07-31,2026-08-04,98,table[0]/row[16],KR7468370002 | KODEX iShares미국인플레이션국채액티브 | 2026-07-31 | 2026-08-04 | 98 | -,c3b4e529ebbd4b657aa24b94e39ee1d559d88ca10b6b6d1d756f5e23439dfdca,krx_kind_distribution_notice_table_v1,1,parsed,unreviewed,2026-08-14T10:58:23+00:00,"KRX KIND 일괄 분배금 공시 행. 기준일·지급예정일·분배금 증거이며, 분배락 적용일·기준가격 증거를 대체하지 않음."
krx-notice-evidence:6a528bd5bd5e5c17,krx:kind:distribution_notice:20260729:20260729000622,KR7435550009,435550,KIWOOM TDF2050액티브 적격,2026-07-31,2026-08-04,180,table[0]/row[25],KR7435550009 | KIWOOM TDF2050액티브 적격 | 2026-07-31 | 2026-08-04 | 180 | -,bd8deffe47187bd98d538398afd9acc505be711b9bde03eaa1db1550f47015f7,krx_kind_distribution_notice_table_v1,1,parsed,unreviewed,2026-08-14T10:58:23+00:00,"KRX KIND 일괄 분배금 공시 행. 기준일·지급예정일·분배금 증거이며, 분배락 적용일·기준가격 증거를 대체하지 않음."
krx-notice-evidence:6a7e5d042d0f6295,krx:kind:distribution_notice:20260729:20260729000622,KR7429000003,429000,TIGER 미국S&P500배당귀족,2026-07-31,2026-08-04,23,table[0]/row[153],KR7429000003 | TIGER 미국S&P500배당귀족 | 2026-07-31 | 2026-08-04 | 23 | -,bd8deffe47187bd98d538398afd9acc505be711b9bde03eaa1db1550f47015f7,krx_kind_distribution_notice_table_v1,1,parsed,unreviewed,2026-08-14T10:58:23+00:00,"KRX KIND 일괄 분배금 공시 행. 기준일·지급예정일·분배금 증거이며, 분배락 적용일·기준가격 증거를 대체하지 않음."
krx-notice-evidence:6b321d5aff75a05b,krx:kind:distribution_notice:20260729:20260729002071,KR70139P0009,0139P0,ACE 고배당주,2026-07-31,2026-08-04,52,table[0]/row[180],KR70139P0009 | ACE 고배당주 | 2026-07-31 | 2026-08-04 | 52 | -,c3b4e529ebbd4b657aa24b94e39ee1d559d88ca10b6b6d1d756f5e23439dfdca,krx_kind_distribution_notice_table_v1,1,parsed,unreviewed,2026-08-14T10:58:23+00:00,"KRX KIND 일괄 분배금 공시 행. 기준일·지급예정일·분배금 증거이며, 분배락 적용일·기준가격 증거를 대체하지 않음."
krx-notice-evidence:6b4ee0b7d8ccb143,krx:kind:distribution_notice:20260729:20260729000622,KR7161510003,161510,PLUS 고배당주,2026-07-31,2026-08-04,103,table[0]/row[61],KR7161510003 | PLUS 고배당주 | 2026-07-31 | 2026-08-04 | 103 | -,bd8deffe47187bd98d538398afd9acc505be711b9bde03eaa1db1550f47015f7,krx_kind_distribution_notice_table_v1,1,parsed,unreviewed,2026-08-14T10:58:23+00:00,"KRX KIND 일괄 분배금 공시 행. 기준일·지급예정일·분배금 증거이며, 분배락 적용일·기준가격 증거를 대체하지 않음."
krx-notice-evidence:6be50e2f20d3f935,krx:kind:distribution_notice:20260729:20260729002071,KR70167B0000,0167B0,SOL 200타겟위클리커버드콜,2026-07-31,2026-08-03,150,table[0]/row[155],KR70167B0000 | SOL 200타겟위클리커버드콜 | 2026-07-31 | 2026-08-03 | 150 | -,c3b4e529ebbd4b657aa24b94e39ee1d559d88ca10b6b6d1d756f5e23439dfdca,krx_kind_distribution_notice_table_v1,1,parsed,unreviewed,2026-08-14T10:58:23+00:00,"KRX KIND 일괄 분배금 공시 행. 기준일·지급예정일·분배금 증거이며, 분배락 적용일·기준가격 증거를 대체하지 않음."
krx-notice-evidence:6c4f6dde6d24d574,krx:kind:distribution_notice:20260729:20260729002071,KR70152E0004,0152E0,SOL 배당성향탑픽액티브,2026-07-31,2026-08-03,50,table[0]/row[154],KR70152E0004 | SOL 배당성향탑픽액티브 | 2026-07-31 | 2026-08-03 | 50 | -,c3b4e529ebbd4b657aa24b94e39ee1d559d88ca10b6b6d1d756f5e23439dfdca,krx_kind_distribution_notice_table_v1,1,parsed,unreviewed,2026-08-14T10:58:23+00:00,"KRX KIND 일괄 분배금 공시 행. 기준일·지급예정일·분배금 증거이며, 분배락 적용일·기준가격 증거를 대체하지 않음."
krx-notice-evidence:6d443d3cdf60a155,krx:kind:distribution_notice:20260729:20260729000622,KR7498610005,498610,RISE 인도디지털성장,2026-07-31,2026-08-04,55,table[0]/row[112],KR7498610005 | RISE 인도디지털성장 | 2026-07-31 | 2026-08-04 | 55 | -,bd8deffe47187bd98d538398afd9acc505be711b9bde03eaa1db1550f47015f7,krx_kind_distribution_notice_table_v1,1,parsed,unreviewed,2026-08-14T10:58:23+00:00,"KRX KIND 일괄 분배금 공시 행. 기준일·지급예정일·분배금 증거이며, 분배락 적용일·기준가격 증거를 대체하지 않음."
krx-notice-evidence:6d9de4dd971aa010,krx:kind:distribution_notice:20260729:20260729002071,KR7091180000,091180,KODEX 자동차,2026-07-31,2026-08-04,151,table[0]/row[82],KR7091180000 | KODEX 자동차 | 2026-07-31 | 2026-08-04 | 151 | -,c3b4e529ebbd4b657aa24b94e39ee1d559d88ca10b6b6d1d756f5e23439dfdca,krx_kind_distribution_notice_table_v1,1,parsed,unreviewed,2026-08-14T10:58:23+00:00,"KRX KIND 일괄 분배금 공시 행. 기준일·지급예정일·분배금 증거이며, 분배락 적용일·기준가격 증거를 대체하지 않음."
krx-notice-evidence:6dc7170d394e9811,krx:kind:distribution_notice:20260729:20260729002071,KR70174J0003,0174J0,DAISHIN343 오피스리츠플러스,2026-07-31,2026-08-04,20,table[0]/row[5],KR70174J0003 | DAISHIN343 오피스리츠플러스 | 2026-07-31 | 2026-08-04 | 20 | -,c3b4e529ebbd4b657aa24b94e39ee1d559d88ca10b6b6d1d756f5e23439dfdca,krx_kind_distribution_notice_table_v1,1,parsed,unreviewed,2026-08-14T10:58:23+00:00,"KRX KIND 일괄 분배금 공시 행. 기준일·지급예정일·분배금 증거이며, 분배락 적용일·기준가격 증거를 대체하지 않음."
krx-notice-evidence:7030a4ee1a03b435,krx:kind:distribution_notice:20260729:20260729002071,KR7099140006,099140,KODEX 차이나H,2026-07-31,2026-08-04,284,table[0]/row[38],KR7099140006 | KODEX 차이나H | 2026-07-31 | 2026-08-04 | 284 | -,c3b4e529ebbd4b657aa24b94e39ee1d559d88ca10b6b6d1d756f5e23439dfdca,krx_kind_distribution_notice_table_v1,1,parsed,unreviewed,2026-08-14T10:58:23+00:00,"KRX KIND 일괄 분배금 공시 행. 기준일·지급예정일·분배금 증거이며, 분배락 적용일·기준가격 증거를 대체하지 않음."
krx-notice-evidence:708afa2b8eecff16,krx:kind:distribution_notice:20260729:20260729002071,KR7395170004,395170,KODEX Top10동일가중,2026-07-31,2026-08-04,9,table[0]/row[102],KR7395170004 | KODEX Top10동일가중 | 2026-07-31 | 2026-08-04 | 9 | -,c3b4e529ebbd4b657aa24b94e39ee1d559d88ca10b6b6d1d756f5e23439dfdca,krx_kind_distribution_notice_table_v1,1,parsed,unreviewed,2026-08-14T10:58:23+00:00,"KRX KIND 일괄 분배금 공시 행. 기준일·지급예정일·분배금 증거이며, 분배락 적용일·기준가격 증거를 대체하지 않음."
krx-notice-evidence:7115577fb9c7eb2d,krx:kind:distribution_notice:20260729:20260729000622,KR70128D0006,0128D0,PLUS 차이나항셍테크위클리타겟커버드콜,2026-07-31,2026-08-04,95,table[0]/row[73],KR70128D0006 | PLUS 차이나항셍테크위클리타겟커버드콜 | 2026-07-31 | 2026-08-04 | 95 | -,bd8deffe47187bd98d538398afd9acc505be711b9bde03eaa1db1550f47015f7,krx_kind_distribution_notice_table_v1,1,parsed,unreviewed,2026-08-14T10:58:23+00:00,"KRX KIND 일괄 분배금 공시 행. 기준일·지급예정일·분배금 증거이며, 분배락 적용일·기준가격 증거를 대체하지 않음."
krx-notice-evidence:720e9fc6ffb72116,krx:kind:distribution_notice:20260729:20260729002071,KR7275290005,275290,KODEX 가치주,2026-07-31,2026-08-04,88,table[0]/row[96],KR7275290005 | KODEX 가치주 | 2026-07-31 | 2026-08-04 | 88 | -,c3b4e529ebbd4b657aa24b94e39ee1d559d88ca10b6b6d1d756f5e23439dfdca,krx_kind_distribution_notice_table_v1,1,parsed,unreviewed,2026-08-14T10:58:23+00:00,"KRX KIND 일괄 분배금 공시 행. 기준일·지급예정일·분배금 증거이며, 분배락 적용일·기준가격 증거를 대체하지 않음."
krx-notice-evidence:72d879be1dd7f9d3,krx:kind:distribution_notice:20260729:20260729002071,KR7463680009,463680,KODEX 미국S&P500테크놀로지,2026-07-31,2026-08-04,23,table[0]/row[65],KR7463680009 | KODEX 미국S&P500테크놀로지 | 2026-07-31 | 2026-08-04 | 23 | -,c3b4e529ebbd4b657aa24b94e39ee1d559d88ca10b6b6d1d756f5e23439dfdca,krx_kind_distribution_notice_table_v1,1,parsed,unreviewed,2026-08-14T10:58:23+00:00,"KRX KIND 일괄 분배금 공시 행. 기준일·지급예정일·분배금 증거이며, 분배락 적용일·기준가격 증거를 대체하지 않음."
krx-notice-evidence:73ce1b376e49756c,krx:kind:distribution_notice:20260729:20260729002071,KR7446770000,446770,ACE 글로벌반도체TOP4 Plus,2026-07-31,2026-08-04,128,table[0]/row[165],KR7446770000 | ACE 글로벌반도체TOP4 Plus | 2026-07-31 | 2026-08-04 | 128 | -,c3b4e529ebbd4b657aa24b94e39ee1d559d88ca10b6b6d1d756f5e23439dfdca,krx_kind_distribution_notice_table_v1,1,parsed,unreviewed,2026-08-14T10:58:23+00:00,"KRX KIND 일괄 분배금 공시 행. 기준일·지급예정일·분배금 증거이며, 분배락 적용일·기준가격 증거를 대체하지 않음."
krx-notice-evidence:7423a91d4f062ab5,krx:kind:distribution_notice:20260729:20260729000622,KR7463300004,463300,RISE 중국본토CSI300,2026-07-31,2026-08-04,114,table[0]/row[114],KR7463300004 | RISE 중국본토CSI300 | 2026-07-31 | 2026-08-04 | 114 | -,bd8deffe47187bd98d538398afd9acc505be711b9bde03eaa1db1550f47015f7,krx_kind_distribution_notice_table_v1,1,parsed,unreviewed,2026-08-14T10:58:23+00:00,"KRX KIND 일괄 분배금 공시 행. 기준일·지급예정일·분배금 증거이며, 분배락 적용일·기준가격 증거를 대체하지 않음."
krx-notice-evidence:7459e398397d1e05,krx:kind:distribution_notice:20260729:20260729002071,KR7453640005,453640,KODEX 미국S&P500헬스케어,2026-07-31,2026-08-04,56,table[0]/row[43],KR7453640005 | KODEX 미국S&P500헬스케어 | 2026-07-31 | 2026-08-04 | 56 | -,c3b4e529ebbd4b657aa24b94e39ee1d559d88ca10b6b6d1d756f5e23439dfdca,krx_kind_distribution_notice_table_v1,1,parsed,unreviewed,2026-08-14T10:58:23+00:00,"KRX KIND 일괄 분배금 공시 행. 기준일·지급예정일·분배금 증거이며, 분배락 적용일·기준가격 증거를 대체하지 않음."
krx-notice-evidence:755d59d7c2847a50,krx:kind:distribution_notice:20260729:20260729000622,KR7479730004,479730,TIGER 인도빌리언컨슈머,2026-07-31,2026-08-04,34,table[0]/row[180],KR7479730004 | TIGER 인도빌리언컨슈머 | 2026-07-31 | 2026-08-04 | 34 | -,bd8deffe47187bd98d538398afd9acc505be711b9bde03eaa1db1550f47015f7,krx_kind_distribution_notice_table_v1,1,parsed,unreviewed,2026-08-14T10:58:23+00:00,"KRX KIND 일괄 분배금 공시 행. 기준일·지급예정일·분배금 증거이며, 분배락 적용일·기준가격 증거를 대체하지 않음."
krx-notice-evidence:77de06085a19ede6,krx:kind:distribution_notice:20260729:20260729002071,KR7337140008,337140,KODEX 코스피대형주,2026-07-31,2026-08-04,61,table[0]/row[99],KR7337140008 | KODEX 코스피대형주 | 2026-07-31 | 2026-08-04 | 61 | -,c3b4e529ebbd4b657aa24b94e39ee1d559d88ca10b6b6d1d756f5e23439dfdca,krx_kind_distribution_notice_table_v1,1,parsed,unreviewed,2026-08-14T10:58:23+00:00,"KRX KIND 일괄 분배금 공시 행. 기준일·지급예정일·분배금 증거이며, 분배락 적용일·기준가격 증거를 대체하지 않음."
krx-notice-evidence:78404b8211ec557f,krx:kind:distribution_notice:20260729:20260729002071,KR7337120000,337120,KODEX 멀티팩터,2026-07-31,2026-08-04,83,table[0]/row[132],KR7337120000 | KODEX 멀티팩터 | 2026-07-31 | 2026-08-04 | 83 | -,c3b4e529ebbd4b657aa24b94e39ee1d559d88ca10b6b6d1d756f5e23439dfdca,krx_kind_distribution_notice_table_v1,1,parsed,unreviewed,2026-08-14T10:58:23+00:00,"KRX KIND 일괄 분배금 공시 행. 기준일·지급예정일·분배금 증거이며, 분배락 적용일·기준가격 증거를 대체하지 않음."
krx-notice-evidence:7844292b7b5d3c9b,krx:kind:distribution_notice:20260729:20260729000622,KR7157500000,157500,TIGER 증권,2026-07-31,2026-08-04,443,table[0]/row[182],KR7157500000 | TIGER 증권 | 2026-07-31 | 2026-08-04 | 443 | -,bd8deffe47187bd98d538398afd9acc505be711b9bde03eaa1db1550f47015f7,krx_kind_distribution_notice_table_v1,1,parsed,unreviewed,2026-08-14T10:58:23+00:00,"KRX KIND 일괄 분배금 공시 행. 기준일·지급예정일·분배금 증거이며, 분배락 적용일·기준가격 증거를 대체하지 않음."
krx-notice-evidence:78a42acf2e79ccb5,krx:kind:distribution_notice:20260729:20260729002071,KR70041E0009,0041E0,KODEX 미국S&P500액티브,2026-07-31,2026-08-04,20,table[0]/row[67],KR70041E0009 | KODEX 미국S&P500액티브 | 2026-07-31 | 2026-08-04 | 20 | -,c3b4e529ebbd4b657aa24b94e39ee1d559d88ca10b6b6d1d756f5e23439dfdca,krx_kind_distribution_notice_table_v1,1,parsed,unreviewed,2026-08-14T10:58:23+00:00,"KRX KIND 일괄 분배금 공시 행. 기준일·지급예정일·분배금 증거이며, 분배락 적용일·기준가격 증거를 대체하지 않음."
krx-notice-evidence:791749ad15e9abfe,krx:kind:distribution_notice:20260729:20260729000622,KR7211560008,211560,TIGER 배당성장,2026-07-31,2026-08-04,65,table[0]/row[171],KR7211560008 | TIGER 배당성장 | 2026-07-31 | 2026-08-04 | 65 | -,bd8deffe47187bd98d538398afd9acc505be711b9bde03eaa1db1550f47015f7,krx_kind_distribution_notice_table_v1,1,parsed,unreviewed,2026-08-14T10:58:23+00:00,"KRX KIND 일괄 분배금 공시 행. 기준일·지급예정일·분배금 증거이며, 분배락 적용일·기준가격 증거를 대체하지 않음."
krx-notice-evidence:795349625f6288cc,krx:kind:distribution_notice:20260729:20260729002071,KR7101280006,101280,KODEX 일본TOPIX100,2026-07-31,2026-08-04,50,table[0]/row[26],KR7101280006 | KODEX 일본TOPIX100 | 2026-07-31 | 2026-08-04 | 50 | -,c3b4e529ebbd4b657aa24b94e39ee1d559d88ca10b6b6d1d756f5e23439dfdca,krx_kind_distribution_notice_table_v1,1,parsed,unreviewed,2026-08-14T10:58:23+00:00,"KRX KIND 일괄 분배금 공시 행. 기준일·지급예정일·분배금 증거이며, 분배락 적용일·기준가격 증거를 대체하지 않음."
krx-notice-evidence:7b39782234523352,krx:kind:distribution_notice:20260729:20260729000622,KR7423920008,423920,TIGER 미국필라델피아반도체레버리지(합성),2026-07-31,2026-08-04,150,table[0]/row[169],KR7423920008 | TIGER 미국필라델피아반도체레버리지(합성) | 2026-07-31 | 2026-08-04 | 150 | -,bd8deffe47187bd98d538398afd9acc505be711b9bde03eaa1db1550f47015f7,krx_kind_distribution_notice_table_v1,1,parsed,unreviewed,2026-08-14T10:58:23+00:00,"KRX KIND 일괄 분배금 공시 행. 기준일·지급예정일·분배금 증거이며, 분배락 적용일·기준가격 증거를 대체하지 않음."
krx-notice-evidence:7b3f837ce0c55b63,krx:kind:distribution_notice:20260729:20260729000622,KR7252000005,252000,TIGER 200동일가중,2026-07-31,2026-08-04,60,table[0]/row[127],KR7252000005 | TIGER 200동일가중 | 2026-07-31 | 2026-08-04 | 60 | -,bd8deffe47187bd98d538398afd9acc505be711b9bde03eaa1db1550f47015f7,krx_kind_distribution_notice_table_v1,1,parsed,unreviewed,2026-08-14T10:58:23+00:00,"KRX KIND 일괄 분배금 공시 행. 기준일·지급예정일·분배금 증거이며, 분배락 적용일·기준가격 증거를 대체하지 않음."
krx-notice-evidence:7cb7b04a019299a3,krx:kind:distribution_notice:20260729:20260729002071,KR7390390003,390390,KODEX 미국반도체,2026-07-31,2026-08-04,55,table[0]/row[57],KR7390390003 | KODEX 미국반도체 | 2026-07-31 | 2026-08-04 | 55 | -,c3b4e529ebbd4b657aa24b94e39ee1d559d88ca10b6b6d1d756f5e23439dfdca,krx_kind_distribution_notice_table_v1,1,parsed,unreviewed,2026-08-14T10:58:23+00:00,"KRX KIND 일괄 분배금 공시 행. 기준일·지급예정일·분배금 증거이며, 분배락 적용일·기준가격 증거를 대체하지 않음."
krx-notice-evidence:7dc11e97f47e3f40,krx:kind:distribution_notice:20260729:20260729000622,KR70137W0002,0137W0,KIWOOM 미국S&P500&GOLD,2026-07-31,2026-08-04,10,table[0]/row[31],KR70137W0002 | KIWOOM 미국S&P500&GOLD | 2026-07-31 | 2026-08-04 | 10 | -,bd8deffe47187bd98d538398afd9acc505be711b9bde03eaa1db1550f47015f7,krx_kind_distribution_notice_table_v1,1,parsed,unreviewed,2026-08-14T10:58:23+00:00,"KRX KIND 일괄 분배금 공시 행. 기준일·지급예정일·분배금 증거이며, 분배락 적용일·기준가격 증거를 대체하지 않음."
krx-notice-evidence:7e68d5d5020a2fec,krx:kind:distribution_notice:20260729:20260729000622,KR7495750002,495750,HANARO 코리아밸류업,2026-07-31,2026-08-04,85,table[0]/row[17],KR7495750002 | HANARO 코리아밸류업 | 2026-07-31 | 2026-08-04 | 85 | -,bd8deffe47187bd98d538398afd9acc505be711b9bde03eaa1db1550f47015f7,krx_kind_distribution_notice_table_v1,1,parsed,unreviewed,2026-08-14T10:58:23+00:00,"KRX KIND 일괄 분배금 공시 행. 기준일·지급예정일·분배금 증거이며, 분배락 적용일·기준가격 증거를 대체하지 않음."
krx-notice-evidence:7f129ddaf573befc,krx:kind:distribution_notice:20260729:20260729002071,KR7484790001,484790,KODEX 미국30년국채액티브(H),2026-07-31,2026-08-04,35,table[0]/row[17],KR7484790001 | KODEX 미국30년국채액티브(H) | 2026-07-31 | 2026-08-04 | 35 | -,c3b4e529ebbd4b657aa24b94e39ee1d559d88ca10b6b6d1d756f5e23439dfdca,krx_kind_distribution_notice_table_v1,1,parsed,unreviewed,2026-08-14T10:58:23+00:00,"KRX KIND 일괄 분배금 공시 행. 기준일·지급예정일·분배금 증거이며, 분배락 적용일·기준가격 증거를 대체하지 않음."
krx-notice-evidence:7f1a2307b5d9aa94,krx:kind:distribution_notice:20260729:20260729000622,KR7290080001,290080,RISE 200고배당커버드콜ATM,2026-07-31,2026-08-04,100,table[0]/row[77],KR7290080001 | RISE 200고배당커버드콜ATM | 2026-07-31 | 2026-08-04 | 100 | -,bd8deffe47187bd98d538398afd9acc505be711b9bde03eaa1db1550f47015f7,krx_kind_distribution_notice_table_v1,1,parsed,unreviewed,2026-08-14T10:58:23+00:00,"KRX KIND 일괄 분배금 공시 행. 기준일·지급예정일·분배금 증거이며, 분배락 적용일·기준가격 증거를 대체하지 않음."
krx-notice-evidence:8026871aceb5b14a,krx:kind:distribution_notice:20260729:20260729000622,KR7469060008,469060,RISE 미국반도체NYSE,2026-07-31,2026-08-04,44,table[0]/row[102],KR7469060008 | RISE 미국반도체NYSE | 2026-07-31 | 2026-08-04 | 44 | -,bd8deffe47187bd98d538398afd9acc505be711b9bde03eaa1db1550f47015f7,krx_kind_distribution_notice_table_v1,1,parsed,unreviewed,2026-08-14T10:58:23+00:00,"KRX KIND 일괄 분배금 공시 행. 기준일·지급예정일·분배금 증거이며, 분배락 적용일·기준가격 증거를 대체하지 않음."
krx-notice-evidence:820ceb970fab73ce,krx:kind:distribution_notice:20260729:20260729000622,KR70057H0007,0057H0,PLUS 미국S&P500미국채혼합50액티브,2026-07-31,2026-08-04,13,table[0]/row[65],KR70057H0007 | PLUS 미국S&P500미국채혼합50액티브 | 2026-07-31 | 2026-08-04 | 13 | -,bd8deffe47187bd98d538398afd9acc505be711b9bde03eaa1db1550f47015f7,krx_kind_distribution_notice_table_v1,1,parsed,unreviewed,2026-08-14T10:58:23+00:00,"KRX KIND 일괄 분배금 공시 행. 기준일·지급예정일·분배금 증거이며, 분배락 적용일·기준가격 증거를 대체하지 않음."
krx-notice-evidence:82659ad66520e1ed,krx:kind:distribution_notice:20260729:20260729000622,KR70000D0009,0000D0,TIGER 엔비디아미국채커버드콜밸런스(합성),2026-07-31,2026-08-04,95,table[0]/row[173],KR70000D0009 | TIGER 엔비디아미국채커버드콜밸런스(합성) | 2026-07-31 | 2026-08-04 | 95 | -,bd8deffe47187bd98d538398afd9acc505be711b9bde03eaa1db1550f47015f7,krx_kind_distribution_notice_table_v1,1,parsed,unreviewed,2026-08-14T10:58:23+00:00,"KRX KIND 일괄 분배금 공시 행. 기준일·지급예정일·분배금 증거이며, 분배락 적용일·기준가격 증거를 대체하지 않음."
krx-notice-evidence:829dff0bc3aa2c8f,krx:kind:distribution_notice:20260729:20260729000622,KR7466940004,466940,TIGER 은행고배당플러스TOP10,2026-07-31,2026-08-04,100,table[0]/row[177],KR7466940004 | TIGER 은행고배당플러스TOP10 | 2026-07-31 | 2026-08-04 | 100 | -,bd8deffe47187bd98d538398afd9acc505be711b9bde03eaa1db1550f47015f7,krx_kind_distribution_notice_table_v1,1,parsed,unreviewed,2026-08-14T10:58:23+00:00,"KRX KIND 일괄 분배금 공시 행. 기준일·지급예정일·분배금 증거이며, 분배락 적용일·기준가격 증거를 대체하지 않음."
krx-notice-evidence:829e6609e1152550,krx:kind:distribution_notice:20260729:20260729002071,KR7496120007,496120,ACE 코리아밸류업,2026-07-31,2026-08-04,48,table[0]/row[171],KR7496120007 | ACE 코리아밸류업 | 2026-07-31 | 2026-08-04 | 48 | -,c3b4e529ebbd4b657aa24b94e39ee1d559d88ca10b6b6d1d756f5e23439dfdca,krx_kind_distribution_notice_table_v1,1,parsed,unreviewed,2026-08-14T10:58:23+00:00,"KRX KIND 일괄 분배금 공시 행. 기준일·지급예정일·분배금 증거이며, 분배락 적용일·기준가격 증거를 대체하지 않음."
krx-notice-evidence:82ee3bf671bd09a2,krx:kind:distribution_notice:20260729:20260729002071,KR70040X0007,0040X0,SOL 팔란티어미국채커버드콜혼합,2026-07-31,2026-08-03,141,table[0]/row[153],KR70040X0007 | SOL 팔란티어미국채커버드콜혼합 | 2026-07-31 | 2026-08-03 | 141 | -,c3b4e529ebbd4b657aa24b94e39ee1d559d88ca10b6b6d1d756f5e23439dfdca,krx_kind_distribution_notice_table_v1,1,parsed,unreviewed,2026-08-14T10:58:23+00:00,"KRX KIND 일괄 분배금 공시 행. 기준일·지급예정일·분배금 증거이며, 분배락 적용일·기준가격 증거를 대체하지 않음."
krx-notice-evidence:8313a132284f5536,krx:kind:distribution_notice:20260729:20260729002071,KR7292190006,292190,KODEX KRX300,2026-07-31,2026-08-04,93,table[0]/row[125],KR7292190006 | KODEX KRX300 | 2026-07-31 | 2026-08-04 | 93 | -,c3b4e529ebbd4b657aa24b94e39ee1d559d88ca10b6b6d1d756f5e23439dfdca,krx_kind_distribution_notice_table_v1,1,parsed,unreviewed,2026-08-14T10:58:23+00:00,"KRX KIND 일괄 분배금 공시 행. 기준일·지급예정일·분배금 증거이며, 분배락 적용일·기준가격 증거를 대체하지 않음."
krx-notice-evidence:833dce60381965ae,krx:kind:distribution_notice:20260729:20260729000622,KR7417450004,417450,RISE 글로벌수소경제,2026-07-31,2026-08-04,107,table[0]/row[89],KR7417450004 | RISE 글로벌수소경제 | 2026-07-31 | 2026-08-04 | 107 | -,bd8deffe47187bd98d538398afd9acc505be711b9bde03eaa1db1550f47015f7,krx_kind_distribution_notice_table_v1,1,parsed,unreviewed,2026-08-14T10:58:23+00:00,"KRX KIND 일괄 분배금 공시 행. 기준일·지급예정일·분배금 증거이며, 분배락 적용일·기준가격 증거를 대체하지 않음."
krx-notice-evidence:84ef3e55f81d7347,krx:kind:distribution_notice:20260729:20260729000622,KR7270800006,270800,RISE KQ고배당,2026-07-31,2026-08-04,35,table[0]/row[81],KR7270800006 | RISE KQ고배당 | 2026-07-31 | 2026-08-04 | 35 | -,bd8deffe47187bd98d538398afd9acc505be711b9bde03eaa1db1550f47015f7,krx_kind_distribution_notice_table_v1,1,parsed,unreviewed,2026-08-14T10:58:23+00:00,"KRX KIND 일괄 분배금 공시 행. 기준일·지급예정일·분배금 증거이며, 분배락 적용일·기준가격 증거를 대체하지 않음."
krx-notice-evidence:85a719f9b72e953f,krx:kind:distribution_notice:20260729:20260729000622,KR70190Y0004,0190Y0,TIGER 구글밸류체인,2026-07-31,2026-08-04,31,table[0]/row[197],KR70190Y0004 | TIGER구글밸류체인 | 2026-07-31 | 2026-08-04 | 31 | -,bd8deffe47187bd98d538398afd9acc505be711b9bde03eaa1db1550f47015f7,krx_kind_distribution_notice_table_v1,1,parsed,unreviewed,2026-08-14T10:58:23+00:00,"KRX KIND 일괄 분배금 공시 행. 기준일·지급예정일·분배금 증거이며, 분배락 적용일·기준가격 증거를 대체하지 않음."
krx-notice-evidence:85cd2635dcb16f49,krx:kind:distribution_notice:20260729:20260729002071,KR70153P0000,0153P0,ACE 리츠부동산인프라액티브,2026-07-31,2026-08-04,54,table[0]/row[181],KR70153P0000 | ACE 리츠부동산인프라액티브 | 2026-07-31 | 2026-08-04 | 54 | -,c3b4e529ebbd4b657aa24b94e39ee1d559d88ca10b6b6d1d756f5e23439dfdca,krx_kind_distribution_notice_table_v1,1,parsed,unreviewed,2026-08-14T10:58:23+00:00,"KRX KIND 일괄 분배금 공시 행. 기준일·지급예정일·분배금 증거이며, 분배락 적용일·기준가격 증거를 대체하지 않음."
krx-notice-evidence:86ec7b75f266a837,krx:kind:distribution_notice:20260729:20260729002071,KR70173Y0005,0173Y0,KODEX 미국AI광통신네트워크,2026-07-31,2026-08-04,5,table[0]/row[72],KR70173Y0005 | KODEX 미국AI광통신네트워크 | 2026-07-31 | 2026-08-04 | 5 | -,c3b4e529ebbd4b657aa24b94e39ee1d559d88ca10b6b6d1d756f5e23439dfdca,krx_kind_distribution_notice_table_v1,1,parsed,unreviewed,2026-08-14T10:58:23+00:00,"KRX KIND 일괄 분배금 공시 행. 기준일·지급예정일·분배금 증거이며, 분배락 적용일·기준가격 증거를 대체하지 않음."
krx-notice-evidence:8a07a15d60bbb0ba,krx:kind:distribution_notice:20260729:20260729000622,KR70203D0004,0203D0,PLUS 200위클리커버드콜채권혼합,2026-07-31,2026-08-04,65,table[0]/row[55],KR70203D0004 | PLUS 200위클리커버드콜채권혼합 | 2026-07-31 | 2026-08-04 | 65 | -,bd8deffe47187bd98d538398afd9acc505be711b9bde03eaa1db1550f47015f7,krx_kind_distribution_notice_table_v1,1,parsed,unreviewed,2026-08-14T10:58:23+00:00,"KRX KIND 일괄 분배금 공시 행. 기준일·지급예정일·분배금 증거이며, 분배락 적용일·기준가격 증거를 대체하지 않음."
krx-notice-evidence:8a694076d54ddb05,krx:kind:distribution_notice:20260729:20260729002071,KR7433970001,433970,KODEX TDF2030액티브 적격,2026-07-31,2026-08-04,66,table[0]/row[117],KR7433970001 | KODEX TDF2030액티브 적격 | 2026-07-31 | 2026-08-04 | 66 | -,c3b4e529ebbd4b657aa24b94e39ee1d559d88ca10b6b6d1d756f5e23439dfdca,krx_kind_distribution_notice_table_v1,1,parsed,unreviewed,2026-08-14T10:58:23+00:00,"KRX KIND 일괄 분배금 공시 행. 기준일·지급예정일·분배금 증거이며, 분배락 적용일·기준가격 증거를 대체하지 않음."
krx-notice-evidence:8a801667cf8e7e33,krx:kind:distribution_notice:20260729:20260729000622,KR7454180001,454180,KIWOOM 차이나내수소비TOP CSI,2026-07-31,2026-08-04,15,table[0]/row[47],KR7454180001 | KIWOOM 차이나내수소비TOP CSI | 2026-07-31 | 2026-08-04 | 15 | -,bd8deffe47187bd98d538398afd9acc505be711b9bde03eaa1db1550f47015f7,krx_kind_distribution_notice_table_v1,1,parsed,unreviewed,2026-08-14T10:58:23+00:00,"KRX KIND 일괄 분배금 공시 행. 기준일·지급예정일·분배금 증거이며, 분배락 적용일·기준가격 증거를 대체하지 않음."
krx-notice-evidence:8ab157d3408dcdbd,krx:kind:distribution_notice:20260729:20260729000622,KR7251590006,251590,PLUS 고배당저변동50,2026-07-31,2026-08-04,48,table[0]/row[60],KR7251590006 | PLUS 고배당저변동50 | 2026-07-31 | 2026-08-04 | 48 | -,bd8deffe47187bd98d538398afd9acc505be711b9bde03eaa1db1550f47015f7,krx_kind_distribution_notice_table_v1,1,parsed,unreviewed,2026-08-14T10:58:23+00:00,"KRX KIND 일괄 분배금 공시 행. 기준일·지급예정일·분배금 증거이며, 분배락 적용일·기준가격 증거를 대체하지 않음."
krx-notice-evidence:8b0b15e46c39cb06,krx:kind:distribution_notice:20260729:20260729002071,KR7497510008,497510,ACE 글로벌빅파마,2026-07-31,2026-08-04,79,table[0]/row[170],KR7497510008 | ACE 글로벌빅파마 | 2026-07-31 | 2026-08-04 | 79 | -,c3b4e529ebbd4b657aa24b94e39ee1d559d88ca10b6b6d1d756f5e23439dfdca,krx_kind_distribution_notice_table_v1,1,parsed,unreviewed,2026-08-14T10:58:23+00:00,"KRX KIND 일괄 분배금 공시 행. 기준일·지급예정일·분배금 증거이며, 분배락 적용일·기준가격 증거를 대체하지 않음."
krx-notice-evidence:8b3049ded0b30b3e,krx:kind:distribution_notice:20260729:20260729000622,KR7261140008,261140,TIGER 우선주,2026-07-31,2026-08-04,50,table[0]/row[174],KR7261140008 | TIGER 우선주 | 2026-07-31 | 2026-08-04 | 50 | -,bd8deffe47187bd98d538398afd9acc505be711b9bde03eaa1db1550f47015f7,krx_kind_distribution_notice_table_v1,1,parsed,unreviewed,2026-08-14T10:58:23+00:00,"KRX KIND 일괄 분배금 공시 행. 기준일·지급예정일·분배금 증거이며, 분배락 적용일·기준가격 증거를 대체하지 않음."
krx-notice-evidence:8b6df4a4074c6805,krx:kind:distribution_notice:20260729:20260729000622,KR7422420000,422420,RISE 2차전지액티브,2026-07-31,2026-08-04,15,table[0]/row[80],KR7422420000 | RISE 2차전지액티브 | 2026-07-31 | 2026-08-04 | 15 | -,bd8deffe47187bd98d538398afd9acc505be711b9bde03eaa1db1550f47015f7,krx_kind_distribution_notice_table_v1,1,parsed,unreviewed,2026-08-14T10:58:23+00:00,"KRX KIND 일괄 분배금 공시 행. 기준일·지급예정일·분배금 증거이며, 분배락 적용일·기준가격 증거를 대체하지 않음."
krx-notice-evidence:8b9fa999d6a65c15,krx:kind:distribution_notice:20260729:20260729000622,KR7458760006,458760,TIGER 미국배당다우존스타겟커버드콜2호,2026-07-31,2026-08-04,93,table[0]/row[163],KR7458760006 | TIGER 미국배당다우존스타겟커버드콜2호 | 2026-07-31 | 2026-08-04 | 93 | -,bd8deffe47187bd98d538398afd9acc505be711b9bde03eaa1db1550f47015f7,krx_kind_distribution_notice_table_v1,1,parsed,unreviewed,2026-08-14T10:58:23+00:00,"KRX KIND 일괄 분배금 공시 행. 기준일·지급예정일·분배금 증거이며, 분배락 적용일·기준가격 증거를 대체하지 않음."
krx-notice-evidence:8c58674701963247,krx:kind:distribution_notice:20260729:20260729000622,KR7488200007,488200,KIWOOM K-2차전지북미공급망,2026-07-31,2026-08-04,15,table[0]/row[20],KR7488200007 | KIWOOM K-2차전지북미공급망 | 2026-07-31 | 2026-08-04 | 15 | -,bd8deffe47187bd98d538398afd9acc505be711b9bde03eaa1db1550f47015f7,krx_kind_distribution_notice_table_v1,1,parsed,unreviewed,2026-08-14T10:58:23+00:00,"KRX KIND 일괄 분배금 공시 행. 기준일·지급예정일·분배금 증거이며, 분배락 적용일·기준가격 증거를 대체하지 않음."
krx-notice-evidence:8f22c7b3ef42148b,krx:kind:distribution_notice:20260729:20260729002071,KR7494890007,494890,KODEX 200액티브,2026-07-31,2026-08-04,53,table[0]/row[115],KR7494890007 | KODEX 200액티브 | 2026-07-31 | 2026-08-04 | 53 | -,c3b4e529ebbd4b657aa24b94e39ee1d559d88ca10b6b6d1d756f5e23439dfdca,krx_kind_distribution_notice_table_v1,1,parsed,unreviewed,2026-08-14T10:58:23+00:00,"KRX KIND 일괄 분배금 공시 행. 기준일·지급예정일·분배금 증거이며, 분배락 적용일·기준가격 증거를 대체하지 않음."
krx-notice-evidence:8f5c962e86e991aa,krx:kind:distribution_notice:20260729:20260729000622,KR7091230003,091230,TIGER 반도체,2026-07-31,2026-08-04,177,table[0]/row[170],KR7091230003 | TIGER 반도체 | 2026-07-31 | 2026-08-04 | 177 | -,bd8deffe47187bd98d538398afd9acc505be711b9bde03eaa1db1550f47015f7,krx_kind_distribution_notice_table_v1,1,parsed,unreviewed,2026-08-14T10:58:23+00:00,"KRX KIND 일괄 분배금 공시 행. 기준일·지급예정일·분배금 증거이며, 분배락 적용일·기준가격 증거를 대체하지 않음."
krx-notice-evidence:8f7e0f47cda03fbd,krx:kind:distribution_notice:20260729:20260729002071,KR7491510004,491510,파워 K-주주가치액티브,2026-07-31,2026-08-04,250,table[0]/row[10],KR7491510004 | 파워 K-주주가치액티브 | 2026-07-31 | 2026-08-04 | 250 | -,c3b4e529ebbd4b657aa24b94e39ee1d559d88ca10b6b6d1d756f5e23439dfdca,krx_kind_distribution_notice_table_v1,1,parsed,unreviewed,2026-08-14T10:58:23+00:00,"KRX KIND 일괄 분배금 공시 행. 기준일·지급예정일·분배금 증거이며, 분배락 적용일·기준가격 증거를 대체하지 않음."
krx-notice-evidence:8f8c6dd5a7467ca4,krx:kind:distribution_notice:20260729:20260729000622,KR7245350004,245350,TIGER 유로스탁스배당30,2026-07-31,2026-08-04,520,table[0]/row[175],KR7245350004 | TIGER 유로스탁스배당30 | 2026-07-31 | 2026-08-04 | 520 | -,bd8deffe47187bd98d538398afd9acc505be711b9bde03eaa1db1550f47015f7,krx_kind_distribution_notice_table_v1,1,parsed,unreviewed,2026-08-14T10:58:23+00:00,"KRX KIND 일괄 분배금 공시 행. 기준일·지급예정일·분배금 증거이며, 분배락 적용일·기준가격 증거를 대체하지 않음."
krx-notice-evidence:8fe33d197c01c2d3,krx:kind:distribution_notice:20260729:20260729000622,KR7174350009,174350,TIGER 로우볼,2026-07-31,2026-08-04,60,table[0]/row[144],KR7174350009 | TIGER 로우볼 | 2026-07-31 | 2026-08-04 | 60 | -,bd8deffe47187bd98d538398afd9acc505be711b9bde03eaa1db1550f47015f7,krx_kind_distribution_notice_table_v1,1,parsed,unreviewed,2026-08-14T10:58:23+00:00,"KRX KIND 일괄 분배금 공시 행. 기준일·지급예정일·분배금 증거이며, 분배락 적용일·기준가격 증거를 대체하지 않음."
krx-notice-evidence:90f967cc815a97bd,krx:kind:distribution_notice:20260729:20260729002071,KR7140710005,140710,KODEX 운송,2026-07-31,2026-08-04,93,table[0]/row[85],KR7140710005 | KODEX 운송 | 2026-07-31 | 2026-08-04 | 93 | -,c3b4e529ebbd4b657aa24b94e39ee1d559d88ca10b6b6d1d756f5e23439dfdca,krx_kind_distribution_notice_table_v1,1,parsed,unreviewed,2026-08-14T10:58:23+00:00,"KRX KIND 일괄 분배금 공시 행. 기준일·지급예정일·분배금 증거이며, 분배락 적용일·기준가격 증거를 대체하지 않음."
krx-notice-evidence:9131284369da514e,krx:kind:distribution_notice:20260729:20260729002071,KR7352560007,352560,KODEX 미국부동산리츠(H),2026-07-31,2026-08-04,39,table[0]/row[78],KR7352560007 | KODEX 미국부동산리츠(H) | 2026-07-31 | 2026-08-04 | 39 | -,c3b4e529ebbd4b657aa24b94e39ee1d559d88ca10b6b6d1d756f5e23439dfdca,krx_kind_distribution_notice_table_v1,1,parsed,unreviewed,2026-08-14T10:58:23+00:00,"KRX KIND 일괄 분배금 공시 행. 기준일·지급예정일·분배금 증거이며, 분배락 적용일·기준가격 증거를 대체하지 않음."
krx-notice-evidence:914ec8af5ccafeb2,krx:kind:distribution_notice:20260729:20260729000622,KR7302450002,302450,RISE 코스피,2026-07-31,2026-08-04,58,table[0]/row[118],KR7302450002 | RISE 코스피 | 2026-07-31 | 2026-08-04 | 58 | -,bd8deffe47187bd98d538398afd9acc505be711b9bde03eaa1db1550f47015f7,krx_kind_distribution_notice_table_v1,1,parsed,unreviewed,2026-08-14T10:58:23+00:00,"KRX KIND 일괄 분배금 공시 행. 기준일·지급예정일·분배금 증거이며, 분배락 적용일·기준가격 증거를 대체하지 않음."
krx-notice-evidence:914ed07c162a00d4,krx:kind:distribution_notice:20260729:20260729000622,KR7465660009,465660,TIGER 일본반도체FACTSET,2026-07-31,2026-08-04,25,table[0]/row[181],KR7465660009 | TIGER 일본반도체FACTSET | 2026-07-31 | 2026-08-04 | 25 | -,bd8deffe47187bd98d538398afd9acc505be711b9bde03eaa1db1550f47015f7,krx_kind_distribution_notice_table_v1,1,parsed,unreviewed,2026-08-14T10:58:23+00:00,"KRX KIND 일괄 분배금 공시 행. 기준일·지급예정일·분배금 증거이며, 분배락 적용일·기준가격 증거를 대체하지 않음."
krx-notice-evidence:91b8125c94f3671a,krx:kind:distribution_notice:20260729:20260729000622,KR7494840002,494840,TIGER 미국방산TOP10,2026-07-31,2026-08-04,42,table[0]/row[161],KR7494840002 | TIGER 미국방산TOP10 | 2026-07-31 | 2026-08-04 | 42 | -,bd8deffe47187bd98d538398afd9acc505be711b9bde03eaa1db1550f47015f7,krx_kind_distribution_notice_table_v1,1,parsed,unreviewed,2026-08-14T10:58:23+00:00,"KRX KIND 일괄 분배금 공시 행. 기준일·지급예정일·분배금 증거이며, 분배락 적용일·기준가격 증거를 대체하지 않음."
krx-notice-evidence:92887a658664bd98,krx:kind:distribution_notice:20260729:20260729002071,KR70041D0000,0041D0,KODEX 미국AI소프트웨어TOP10,2026-07-31,2026-08-04,12,table[0]/row[36],KR70041D0000 | KODEX 미국AI소프트웨어TOP10 | 2026-07-31 | 2026-08-04 | 12 | -,c3b4e529ebbd4b657aa24b94e39ee1d559d88ca10b6b6d1d756f5e23439dfdca,krx_kind_distribution_notice_table_v1,1,parsed,unreviewed,2026-08-14T10:58:23+00:00,"KRX KIND 일괄 분배금 공시 행. 기준일·지급예정일·분배금 증거이며, 분배락 적용일·기준가격 증거를 대체하지 않음."
krx-notice-evidence:933854204ff1c9f1,krx:kind:distribution_notice:20260729:20260729000622,KR7381560002,381560,HANARO Fn전기&수소차,2026-07-31,2026-08-04,30,table[0]/row[11],KR7381560002 | HANARO Fn전기&수소차 | 2026-07-31 | 2026-08-04 | 30 | -,bd8deffe47187bd98d538398afd9acc505be711b9bde03eaa1db1550f47015f7,krx_kind_distribution_notice_table_v1,1,parsed,unreviewed,2026-08-14T10:58:23+00:00,"KRX KIND 일괄 분배금 공시 행. 기준일·지급예정일·분배금 증거이며, 분배락 적용일·기준가격 증거를 대체하지 않음."
krx-notice-evidence:9426435e94911387,krx:kind:distribution_notice:20260729:20260729000622,KR7449770007,449770,KIWOOM 미국S&P500,2026-07-31,2026-08-04,47,table[0]/row[29],KR7449770007 | KIWOOM 미국S&P500 | 2026-07-31 | 2026-08-04 | 47 | -,bd8deffe47187bd98d538398afd9acc505be711b9bde03eaa1db1550f47015f7,krx_kind_distribution_notice_table_v1,1,parsed,unreviewed,2026-08-14T10:58:23+00:00,"KRX KIND 일괄 분배금 공시 행. 기준일·지급예정일·분배금 증거이며, 분배락 적용일·기준가격 증거를 대체하지 않음."
krx-notice-evidence:94b1c7b809d21a37,krx:kind:distribution_notice:20260729:20260729000622,KR70097L0003,0097L0,KIWOOM 한국고배당&미국AI테크,2026-07-31,2026-08-04,50,table[0]/row[53],KR70097L0003 | KIWOOM 한국고배당&미국AI테크 | 2026-07-31 | 2026-08-04 | 50 | -,bd8deffe47187bd98d538398afd9acc505be711b9bde03eaa1db1550f47015f7,krx_kind_distribution_notice_table_v1,1,parsed,unreviewed,2026-08-14T10:58:23+00:00,"KRX KIND 일괄 분배금 공시 행. 기준일·지급예정일·분배금 증거이며, 분배락 적용일·기준가격 증거를 대체하지 않음."
krx-notice-evidence:95c76ec57a2f9327,krx:kind:distribution_notice:20260729:20260729000622,KR7227560000,227560,TIGER 200 생활소비재,2026-07-31,2026-08-04,30,table[0]/row[124],KR7227560000 | TIGER 200 생활소비재 | 2026-07-31 | 2026-08-04 | 30 | -,bd8deffe47187bd98d538398afd9acc505be711b9bde03eaa1db1550f47015f7,krx_kind_distribution_notice_table_v1,1,parsed,unreviewed,2026-08-14T10:58:23+00:00,"KRX KIND 일괄 분배금 공시 행. 기준일·지급예정일·분배금 증거이며, 분배락 적용일·기준가격 증거를 대체하지 않음."
krx-notice-evidence:95c7f108cf821790,krx:kind:distribution_notice:20260729:20260729000622,KR7407310002,407310,HANARO 200 TOP10,2026-07-31,2026-08-04,20,table[0]/row[7],KR7407310002 | HANARO 200 TOP10 | 2026-07-31 | 2026-08-04 | 20 | -,bd8deffe47187bd98d538398afd9acc505be711b9bde03eaa1db1550f47015f7,krx_kind_distribution_notice_table_v1,1,parsed,unreviewed,2026-08-14T10:58:23+00:00,"KRX KIND 일괄 분배금 공시 행. 기준일·지급예정일·분배금 증거이며, 분배락 적용일·기준가격 증거를 대체하지 않음."
krx-notice-evidence:96470347a2f12a3b,krx:kind:distribution_notice:20260729:20260729002071,KR7367380003,367380,ACE 미국나스닥100,2026-07-31,2026-08-04,45,table[0]/row[163],KR7367380003 | ACE 미국나스닥100 | 2026-07-31 | 2026-08-04 | 45 | -,c3b4e529ebbd4b657aa24b94e39ee1d559d88ca10b6b6d1d756f5e23439dfdca,krx_kind_distribution_notice_table_v1,1,parsed,unreviewed,2026-08-14T10:58:23+00:00,"KRX KIND 일괄 분배금 공시 행. 기준일·지급예정일·분배금 증거이며, 분배락 적용일·기준가격 증거를 대체하지 않음."
krx-notice-evidence:971496c7c1a3e58d,krx:kind:distribution_notice:20260729:20260729002071,KR7226980001,226980,KODEX 200 중소형,2026-07-31,2026-08-04,111,table[0]/row[128],KR7226980001 | KODEX 200중소형 | 2026-07-31 | 2026-08-04 | 111 | -,c3b4e529ebbd4b657aa24b94e39ee1d559d88ca10b6b6d1d756f5e23439dfdca,krx_kind_distribution_notice_table_v1,1,parsed,unreviewed,2026-08-14T10:58:23+00:00,"KRX KIND 일괄 분배금 공시 행. 기준일·지급예정일·분배금 증거이며, 분배락 적용일·기준가격 증거를 대체하지 않음."
krx-notice-evidence:9718fb8c3a9526cb,krx:kind:distribution_notice:20260729:20260729002071,KR7498410000,498410,KODEX 금융고배당TOP10타겟위클리커버드콜,2026-07-31,2026-08-04,154,table[0]/row[81],KR7498410000 | KODEX 금융고배당TOP10타겟위클리커버드콜 | 2026-07-31 | 2026-08-04 | 154 | -,c3b4e529ebbd4b657aa24b94e39ee1d559d88ca10b6b6d1d756f5e23439dfdca,krx_kind_distribution_notice_table_v1,1,parsed,unreviewed,2026-08-14T10:58:23+00:00,"KRX KIND 일괄 분배금 공시 행. 기준일·지급예정일·분배금 증거이며, 분배락 적용일·기준가격 증거를 대체하지 않음."
krx-notice-evidence:975c7a29fd16f42b,krx:kind:distribution_notice:20260729:20260729000622,KR7448300004,448300,TIGER 미국나스닥100(H),2026-07-31,2026-08-04,30,table[0]/row[156],KR7448300004 | TIGER 미국나스닥100(H) | 2026-07-31 | 2026-08-04 | 30 | -,bd8deffe47187bd98d538398afd9acc505be711b9bde03eaa1db1550f47015f7,krx_kind_distribution_notice_table_v1,1,parsed,unreviewed,2026-08-14T10:58:23+00:00,"KRX KIND 일괄 분배금 공시 행. 기준일·지급예정일·분배금 증거이며, 분배락 적용일·기준가격 증거를 대체하지 않음."
krx-notice-evidence:98c7f225635d0b96,krx:kind:distribution_notice:20260729:20260729000622,KR7227830007,227830,PLUS 코스피,2026-07-31,2026-08-04,70,table[0]/row[74],KR7227830007 | PLUS 코스피 | 2026-07-31 | 2026-08-04 | 70 | -,bd8deffe47187bd98d538398afd9acc505be711b9bde03eaa1db1550f47015f7,krx_kind_distribution_notice_table_v1,1,parsed,unreviewed,2026-08-14T10:58:23+00:00,"KRX KIND 일괄 분배금 공시 행. 기준일·지급예정일·분배금 증거이며, 분배락 적용일·기준가격 증거를 대체하지 않음."
krx-notice-evidence:98f078ac99c5564b,krx:kind:distribution_notice:20260729:20260729002071,KR70176P0003,0176P0,FOCUS AI반도체위클리고정커버드콜,2026-07-31,2026-08-04,165,table[0]/row[183],KR70176P0003 | FOCUS AI반도체위클리고정커버드콜 | 2026-07-31 | 2026-08-04 | 165 | -,c3b4e529ebbd4b657aa24b94e39ee1d559d88ca10b6b6d1d756f5e23439dfdca,krx_kind_distribution_notice_table_v1,1,parsed,unreviewed,2026-08-14T10:58:23+00:00,"KRX KIND 일괄 분배금 공시 행. 기준일·지급예정일·분배금 증거이며, 분배락 적용일·기준가격 증거를 대체하지 않음."
krx-notice-evidence:997eaa76674f03e8,krx:kind:distribution_notice:20260729:20260729002071,KR7223190000,223190,KODEX 200가치저변동,2026-07-31,2026-08-04,94,table[0]/row[127],KR7223190000 | KODEX 200가치저변동 | 2026-07-31 | 2026-08-04 | 94 | -,c3b4e529ebbd4b657aa24b94e39ee1d559d88ca10b6b6d1d756f5e23439dfdca,krx_kind_distribution_notice_table_v1,1,parsed,unreviewed,2026-08-14T10:58:23+00:00,"KRX KIND 일괄 분배금 공시 행. 기준일·지급예정일·분배금 증거이며, 분배락 적용일·기준가격 증거를 대체하지 않음."
krx-notice-evidence:99ae12f5e4d22289,krx:kind:distribution_notice:20260729:20260729000622,KR70018Z0003,0018Z0,RISE 미국양자컴퓨팅,2026-07-31,2026-08-04,43,table[0]/row[104],KR70018Z0003 | RISE 미국양자컴퓨팅 | 2026-07-31 | 2026-08-04 | 43 | -,bd8deffe47187bd98d538398afd9acc505be711b9bde03eaa1db1550f47015f7,krx_kind_distribution_notice_table_v1,1,parsed,unreviewed,2026-08-14T10:58:23+00:00,"KRX KIND 일괄 분배금 공시 행. 기준일·지급예정일·분배금 증거이며, 분배락 적용일·기준가격 증거를 대체하지 않음."
krx-notice-evidence:9bbad7889d84b4da,krx:kind:distribution_notice:20260729:20260729002071,KR7237350004,237350,KODEX 코스피100,2026-07-31,2026-08-04,134,table[0]/row[124],KR7237350004 | KODEX 200대형 | 2026-07-31 | 2026-08-04 | 134 | -,c3b4e529ebbd4b657aa24b94e39ee1d559d88ca10b6b6d1d756f5e23439dfdca,krx_kind_distribution_notice_table_v1,1,parsed,unreviewed,2026-08-14T10:58:23+00:00,"KRX KIND 일괄 분배금 공시 행. 기준일·지급예정일·분배금 증거이며, 분배락 적용일·기준가격 증거를 대체하지 않음."
krx-notice-evidence:9cefe1754b12e53c,krx:kind:distribution_notice:20260729:20260729000622,KR7488480005,488480,RISE 일본섹터TOP4Plus,2026-07-31,2026-08-04,115,table[0]/row[113],KR7488480005 | RISE 일본섹터TOP4Plus | 2026-07-31 | 2026-08-04 | 115 | -,bd8deffe47187bd98d538398afd9acc505be711b9bde03eaa1db1550f47015f7,krx_kind_distribution_notice_table_v1,1,parsed,unreviewed,2026-08-14T10:58:23+00:00,"KRX KIND 일괄 분배금 공시 행. 기준일·지급예정일·분배금 증거이며, 분배락 적용일·기준가격 증거를 대체하지 않음."
krx-notice-evidence:9e66f448a34973f6,krx:kind:distribution_notice:20260729:20260729002071,KR7476070008,476070,KODEX 글로벌비만치료제TOP2 Plus,2026-07-31,2026-08-04,15,table[0]/row[33],KR7476070008 | KODEX 글로벌비만치료제TOP2 Plus | 2026-07-31 | 2026-08-04 | 15 | -,c3b4e529ebbd4b657aa24b94e39ee1d559d88ca10b6b6d1d756f5e23439dfdca,krx_kind_distribution_notice_table_v1,1,parsed,unreviewed,2026-08-14T10:58:23+00:00,"KRX KIND 일괄 분배금 공시 행. 기준일·지급예정일·분배금 증거이며, 분배락 적용일·기준가격 증거를 대체하지 않음."
krx-notice-evidence:9e8a355c24f54fa3,krx:kind:distribution_notice:20260729:20260729002071,KR7379810005,379810,KODEX 미국나스닥100,2026-07-31,2026-08-04,83,table[0]/row[51],KR7379810005 | KODEX 미국나스닥100 | 2026-07-31 | 2026-08-04 | 83 | -,c3b4e529ebbd4b657aa24b94e39ee1d559d88ca10b6b6d1d756f5e23439dfdca,krx_kind_distribution_notice_table_v1,1,parsed,unreviewed,2026-08-14T10:58:23+00:00,"KRX KIND 일괄 분배금 공시 행. 기준일·지급예정일·분배금 증거이며, 분배락 적용일·기준가격 증거를 대체하지 않음."
krx-notice-evidence:9f40f61e478d505c,krx:kind:distribution_notice:20260729:20260729000622,KR7152100004,152100,PLUS 200,2026-07-31,2026-08-04,150,table[0]/row[54],KR7152100004 | PLUS 200 | 2026-07-31 | 2026-08-04 | 150 | -,bd8deffe47187bd98d538398afd9acc505be711b9bde03eaa1db1550f47015f7,krx_kind_distribution_notice_table_v1,1,parsed,unreviewed,2026-08-14T10:58:23+00:00,"KRX KIND 일괄 분배금 공시 행. 기준일·지급예정일·분배금 증거이며, 분배락 적용일·기준가격 증거를 대체하지 않음."
krx-notice-evidence:9f90d501544440c3,krx:kind:distribution_notice:20260729:20260729000622,KR7307520007,307520,TIGER 지주회사,2026-07-31,2026-08-04,64,table[0]/row[183],KR7307520007 | TIGER 지주회사 | 2026-07-31 | 2026-08-04 | 64 | -,bd8deffe47187bd98d538398afd9acc505be711b9bde03eaa1db1550f47015f7,krx_kind_distribution_notice_table_v1,1,parsed,unreviewed,2026-08-14T10:58:23+00:00,"KRX KIND 일괄 분배금 공시 행. 기준일·지급예정일·분배금 증거이며, 분배락 적용일·기준가격 증거를 대체하지 않음."
krx-notice-evidence:9fbc1e931c730dd4,krx:kind:distribution_notice:20260729:20260729000622,KR7435530001,435530,KIWOOM TDF2030액티브 적격,2026-07-31,2026-08-04,250,table[0]/row[23],KR7435530001 | KIWOOM TDF2030액티브 적격 | 2026-07-31 | 2026-08-04 | 250 | -,bd8deffe47187bd98d538398afd9acc505be711b9bde03eaa1db1550f47015f7,krx_kind_distribution_notice_table_v1,1,parsed,unreviewed,2026-08-14T10:58:23+00:00,"KRX KIND 일괄 분배금 공시 행. 기준일·지급예정일·분배금 증거이며, 분배락 적용일·기준가격 증거를 대체하지 않음."
krx-notice-evidence:a146bdd6cfc75f22,krx:kind:distribution_notice:20260729:20260729000622,KR7490590007,490590,RISE 미국AI밸류체인데일리고정커버드콜,2026-07-31,2026-08-04,218,table[0]/row[98],KR7490590007 | RISE 미국AI밸류체인데일리고정커버드콜 | 2026-07-31 | 2026-08-04 | 218 | -,bd8deffe47187bd98d538398afd9acc505be711b9bde03eaa1db1550f47015f7,krx_kind_distribution_notice_table_v1,1,parsed,unreviewed,2026-08-14T10:58:23+00:00,"KRX KIND 일괄 분배금 공시 행. 기준일·지급예정일·분배금 증거이며, 분배락 적용일·기준가격 증거를 대체하지 않음."
krx-notice-evidence:a2d358046b6cea44,krx:kind:distribution_notice:20260729:20260729000622,KR7105010003,105010,TIGER 라틴35,2026-07-31,2026-08-04,53,table[0]/row[143],KR7105010003 | TIGER 라틴35 | 2026-07-31 | 2026-08-04 | 53 | -,bd8deffe47187bd98d538398afd9acc505be711b9bde03eaa1db1550f47015f7,krx_kind_distribution_notice_table_v1,1,parsed,unreviewed,2026-08-14T10:58:23+00:00,"KRX KIND 일괄 분배금 공시 행. 기준일·지급예정일·분배금 증거이며, 분배락 적용일·기준가격 증거를 대체하지 않음."
krx-notice-evidence:a3e6578acae8b0c6,krx:kind:distribution_notice:20260729:20260729000622,KR7442570008,442570,RISE TDF2050액티브 적격,2026-07-31,2026-08-04,55,table[0]/row[84],KR7442570008 | RISE TDF2050액티브 적격 | 2026-07-31 | 2026-08-04 | 55 | -,bd8deffe47187bd98d538398afd9acc505be711b9bde03eaa1db1550f47015f7,krx_kind_distribution_notice_table_v1,1,parsed,unreviewed,2026-08-14T10:58:23+00:00,"KRX KIND 일괄 분배금 공시 행. 기준일·지급예정일·분배금 증거이며, 분배락 적용일·기준가격 증거를 대체하지 않음."
krx-notice-evidence:a405e30847115331,krx:kind:distribution_notice:20260729:20260729002071,KR70189Z0006,0189Z0,DAISHIN343 금융&지주고배당,2026-07-31,2026-08-04,10,table[0]/row[6],KR70189Z0006 | DAISHIN343 금융&지주고배당 | 2026-07-31 | 2026-08-04 | 10 | -,c3b4e529ebbd4b657aa24b94e39ee1d559d88ca10b6b6d1d756f5e23439dfdca,krx_kind_distribution_notice_table_v1,1,parsed,unreviewed,2026-08-14T10:58:23+00:00,"KRX KIND 일괄 분배금 공시 행. 기준일·지급예정일·분배금 증거이며, 분배락 적용일·기준가격 증거를 대체하지 않음."
krx-notice-evidence:a582dc8433ec5624,krx:kind:distribution_notice:20260729:20260729002071,KR7156080004,156080,KODEX MSCI Korea,2026-07-31,2026-08-04,81,table[0]/row[86],KR7156080004 | KODEX MSCI Korea | 2026-07-31 | 2026-08-04 | 81 | -,c3b4e529ebbd4b657aa24b94e39ee1d559d88ca10b6b6d1d756f5e23439dfdca,krx_kind_distribution_notice_table_v1,1,parsed,unreviewed,2026-08-14T10:58:23+00:00,"KRX KIND 일괄 분배금 공시 행. 기준일·지급예정일·분배금 증거이며, 분배락 적용일·기준가격 증거를 대체하지 않음."
krx-notice-evidence:a5a72c78dfc3c0f9,krx:kind:distribution_notice:20260729:20260729000622,KR7476760004,476760,ACE 미국30년국채액티브,2026-07-31,2026-08-04,34,table[0]/row[1],KR7476760004 | ACE 미국30년국채액티브 | 2026-07-31 | 2026-08-04 | 34 | -,bd8deffe47187bd98d538398afd9acc505be711b9bde03eaa1db1550f47015f7,krx_kind_distribution_notice_table_v1,1,parsed,unreviewed,2026-08-14T10:58:23+00:00,"KRX KIND 일괄 분배금 공시 행. 기준일·지급예정일·분배금 증거이며, 분배락 적용일·기준가격 증거를 대체하지 않음."
krx-notice-evidence:a621887c48b11ab4,krx:kind:distribution_notice:20260729:20260729000622,KR7472870005,472870,RISE 미국30년국채엔화노출(합성 H),2026-07-31,2026-08-04,18,table[0]/row[95],KR7472870005 | RISE 미국30년국채엔화노출(합성 H) | 2026-07-31 | 2026-08-04 | 18 | -,bd8deffe47187bd98d538398afd9acc505be711b9bde03eaa1db1550f47015f7,krx_kind_distribution_notice_table_v1,1,parsed,unreviewed,2026-08-14T10:58:23+00:00,"KRX KIND 일괄 분배금 공시 행. 기준일·지급예정일·분배금 증거이며, 분배락 적용일·기준가격 증거를 대체하지 않음."
krx-notice-evidence:a633fab76c3bdcb1,krx:kind:distribution_notice:20260729:20260729000622,KR7476750005,476750,ACE 미국30년국채엔화노출액티브(H),2026-07-31,2026-08-04,22,table[0]/row[3],KR7476750005 | ACE 미국30년국채엔화노출액티브(H) | 2026-07-31 | 2026-08-04 | 22 | -,bd8deffe47187bd98d538398afd9acc505be711b9bde03eaa1db1550f47015f7,krx_kind_distribution_notice_table_v1,1,parsed,unreviewed,2026-08-14T10:58:23+00:00,"KRX KIND 일괄 분배금 공시 행. 기준일·지급예정일·분배금 증거이며, 분배락 적용일·기준가격 증거를 대체하지 않음."
krx-notice-evidence:a77462588c47d41a,krx:kind:distribution_notice:20260729:20260729002071,KR7481050003,481050,KODEX CD1년금리플러스액티브(합성),2026-07-31,2026-08-04,2638,table[0]/row[22],"KR7481050003 | KODEX CD1년금리플러스액티브(합성) | 2026-07-31 | 2026-08-04 | 2,638 | -",c3b4e529ebbd4b657aa24b94e39ee1d559d88ca10b6b6d1d756f5e23439dfdca,krx_kind_distribution_notice_table_v1,1,parsed,unreviewed,2026-08-14T10:58:23+00:00,"KRX KIND 일괄 분배금 공시 행. 기준일·지급예정일·분배금 증거이며, 분배락 적용일·기준가격 증거를 대체하지 않음."
krx-notice-evidence:a7ca1e6946556ff1,krx:kind:distribution_notice:20260729:20260729002071,KR7279540009,279540,KODEX 최소변동성,2026-07-31,2026-08-04,71,table[0]/row[97],KR7279540009 | KODEX 최소변동성 | 2026-07-31 | 2026-08-04 | 71 | -,c3b4e529ebbd4b657aa24b94e39ee1d559d88ca10b6b6d1d756f5e23439dfdca,krx_kind_distribution_notice_table_v1,1,parsed,unreviewed,2026-08-14T10:58:23+00:00,"KRX KIND 일괄 분배금 공시 행. 기준일·지급예정일·분배금 증거이며, 분배락 적용일·기준가격 증거를 대체하지 않음."
krx-notice-evidence:a97784e3560bc0be,krx:kind:distribution_notice:20260729:20260729000622,KR7442550000,442550,RISE TDF2030액티브 적격,2026-07-31,2026-08-04,49,table[0]/row[82],KR7442550000 | RISE TDF2030액티브 적격 | 2026-07-31 | 2026-08-04 | 49 | -,bd8deffe47187bd98d538398afd9acc505be711b9bde03eaa1db1550f47015f7,krx_kind_distribution_notice_table_v1,1,parsed,unreviewed,2026-08-14T10:58:23+00:00,"KRX KIND 일괄 분배금 공시 행. 기준일·지급예정일·분배금 증거이며, 분배락 적용일·기준가격 증거를 대체하지 않음."
krx-notice-evidence:a9c7e4e86925ec78,krx:kind:distribution_notice:20260729:20260729002071,KR70178H0001,0178H0,IBK 미국AI TOP10국채혼합50,2026-07-31,2026-08-04,14,table[0]/row[3],KR70178H0001 | IBK 미국AI TOP10국채혼합50 | 2026-07-31 | 2026-08-04 | 14 | -,c3b4e529ebbd4b657aa24b94e39ee1d559d88ca10b6b6d1d756f5e23439dfdca,krx_kind_distribution_notice_table_v1,1,parsed,unreviewed,2026-08-14T10:58:23+00:00,"KRX KIND 일괄 분배금 공시 행. 기준일·지급예정일·분배금 증거이며, 분배락 적용일·기준가격 증거를 대체하지 않음."
krx-notice-evidence:abe967e8c260ca67,krx:kind:distribution_notice:20260729:20260729000622,KR70060H0002,0060H0,TIGER 토탈월드스탁액티브,2026-07-31,2026-08-04,52,table[0]/row[196],KR70060H0002 | TIGER 토탈월드스탁액티브 | 2026-07-31 | 2026-08-04 | 52 | -,bd8deffe47187bd98d538398afd9acc505be711b9bde03eaa1db1550f47015f7,krx_kind_distribution_notice_table_v1,1,parsed,unreviewed,2026-08-14T10:58:23+00:00,"KRX KIND 일괄 분배금 공시 행. 기준일·지급예정일·분배금 증거이며, 분배락 적용일·기준가격 증거를 대체하지 않음."
krx-notice-evidence:ac1a1d2f96f117d7,krx:kind:distribution_notice:20260729:20260729002071,KR7337160006,337160,KODEX 200ESG,2026-07-31,2026-08-04,80,table[0]/row[100],KR7337160006 | KODEX 200ESG | 2026-07-31 | 2026-08-04 | 80 | -,c3b4e529ebbd4b657aa24b94e39ee1d559d88ca10b6b6d1d756f5e23439dfdca,krx_kind_distribution_notice_table_v1,1,parsed,unreviewed,2026-08-14T10:58:23+00:00,"KRX KIND 일괄 분배금 공시 행. 기준일·지급예정일·분배금 증거이며, 분배락 적용일·기준가격 증거를 대체하지 않음."
krx-notice-evidence:ace4efce9eb2f048,krx:kind:distribution_notice:20260729:20260729000622,KR7341850006,341850,TIGER 리츠부동산인프라채권,2026-07-31,2026-08-04,24,table[0]/row[146],KR7341850006 | TIGER 리츠부동산인프라채권 | 2026-07-31 | 2026-08-04 | 24 | -,bd8deffe47187bd98d538398afd9acc505be711b9bde03eaa1db1550f47015f7,krx_kind_distribution_notice_table_v1,1,parsed,unreviewed,2026-08-14T10:58:23+00:00,"KRX KIND 일괄 분배금 공시 행. 기준일·지급예정일·분배금 증거이며, 분배락 적용일·기준가격 증거를 대체하지 않음."
krx-notice-evidence:ace77d78329653a2,krx:kind:distribution_notice:20260729:20260729000622,KR7332620004,332620,PLUS 미국장기우량회사채,2026-07-31,2026-08-04,327,table[0]/row[70],KR7332620004 | PLUS 미국장기우량회사채 | 2026-07-31 | 2026-08-04 | 327 | -,bd8deffe47187bd98d538398afd9acc505be711b9bde03eaa1db1550f47015f7,krx_kind_distribution_notice_table_v1,1,parsed,unreviewed,2026-08-14T10:58:23+00:00,"KRX KIND 일괄 분배금 공시 행. 기준일·지급예정일·분배금 증거이며, 분배락 적용일·기준가격 증거를 대체하지 않음."
krx-notice-evidence:ad589c2b97f4b43f,krx:kind:distribution_notice:20260729:20260729002071,KR7494300007,494300,KODEX 미국나스닥100데일리커버드콜OTM,2026-07-31,2026-08-04,166,table[0]/row[76],KR7494300007 | KODEX 미국나스닥100데일리커버드콜OTM | 2026-07-31 | 2026-08-04 | 166 | -,c3b4e529ebbd4b657aa24b94e39ee1d559d88ca10b6b6d1d756f5e23439dfdca,krx_kind_distribution_notice_table_v1,1,parsed,unreviewed,2026-08-14T10:58:23+00:00,"KRX KIND 일괄 분배금 공시 행. 기준일·지급예정일·분배금 증거이며, 분배락 적용일·기준가격 증거를 대체하지 않음."
krx-notice-evidence:ad7f6a158adec800,krx:kind:distribution_notice:20260729:20260729000622,KR7437370000,437370,RISE 글로벌농업경제,2026-07-31,2026-08-04,72,table[0]/row[86],KR7437370000 | RISE 글로벌농업경제 | 2026-07-31 | 2026-08-04 | 72 | -,bd8deffe47187bd98d538398afd9acc505be711b9bde03eaa1db1550f47015f7,krx_kind_distribution_notice_table_v1,1,parsed,unreviewed,2026-08-14T10:58:23+00:00,"KRX KIND 일괄 분배금 공시 행. 기준일·지급예정일·분배금 증거이며, 분배락 적용일·기준가격 증거를 대체하지 않음."
krx-notice-evidence:afb1091eed66ae7f,krx:kind:distribution_notice:20260729:20260729002071,KR7404260002,404260,KODEX 기후변화솔루션,2026-07-31,2026-08-04,42,table[0]/row[103],KR7404260002 | KODEX 기후변화솔루션 | 2026-07-31 | 2026-08-04 | 42 | -,c3b4e529ebbd4b657aa24b94e39ee1d559d88ca10b6b6d1d756f5e23439dfdca,krx_kind_distribution_notice_table_v1,1,parsed,unreviewed,2026-08-14T10:58:23+00:00,"KRX KIND 일괄 분배금 공시 행. 기준일·지급예정일·분배금 증거이며, 분배락 적용일·기준가격 증거를 대체하지 않음."
krx-notice-evidence:afbbd3d3cf80ada6,krx:kind:distribution_notice:20260729:20260729002071,KR70127P0003,0127P0,ACE 미국대형성장주액티브,2026-07-31,2026-08-04,18,table[0]/row[179],KR70127P0003 | ACE 미국대형성장주액티브 | 2026-07-31 | 2026-08-04 | 18 | -,c3b4e529ebbd4b657aa24b94e39ee1d559d88ca10b6b6d1d756f5e23439dfdca,krx_kind_distribution_notice_table_v1,1,parsed,unreviewed,2026-08-14T10:58:23+00:00,"KRX KIND 일괄 분배금 공시 행. 기준일·지급예정일·분배금 증거이며, 분배락 적용일·기준가격 증거를 대체하지 않음."
krx-notice-evidence:b0970c4dbb1fa47e,krx:kind:distribution_notice:20260729:20260729002071,KR7390400000,390400,KODEX 미국스마트모빌리티S&P,2026-07-31,2026-08-04,10,table[0]/row[56],KR7390400000 | KODEX 미국스마트모빌리티S&P | 2026-07-31 | 2026-08-04 | 10 | -,c3b4e529ebbd4b657aa24b94e39ee1d559d88ca10b6b6d1d756f5e23439dfdca,krx_kind_distribution_notice_table_v1,1,parsed,unreviewed,2026-08-14T10:58:23+00:00,"KRX KIND 일괄 분배금 공시 행. 기준일·지급예정일·분배금 증거이며, 분배락 적용일·기준가격 증거를 대체하지 않음."
krx-notice-evidence:b1760ec189750d2b,krx:kind:distribution_notice:20260729:20260729000622,KR70053L0005,0053L0,TIGER 차이나휴머노이드로봇,2026-07-31,2026-08-04,38,table[0]/row[186],KR70053L0005 | TIGER 차이나휴머노이드로봇 | 2026-07-31 | 2026-08-04 | 38 | -,bd8deffe47187bd98d538398afd9acc505be711b9bde03eaa1db1550f47015f7,krx_kind_distribution_notice_table_v1,1,parsed,unreviewed,2026-08-14T10:58:23+00:00,"KRX KIND 일괄 분배금 공시 행. 기준일·지급예정일·분배금 증거이며, 분배락 적용일·기준가격 증거를 대체하지 않음."
krx-notice-evidence:b2d3d95201597d90,krx:kind:distribution_notice:20260729:20260729002071,KR7289040008,289040,KODEX MSCI KOREA ESG유니버설,2026-07-31,2026-08-04,36,table[0]/row[98],KR7289040008 | KODEX MSCI KOREA ESG유니버설 | 2026-07-31 | 2026-08-04 | 36 | -,c3b4e529ebbd4b657aa24b94e39ee1d559d88ca10b6b6d1d756f5e23439dfdca,krx_kind_distribution_notice_table_v1,1,parsed,unreviewed,2026-08-14T10:58:23+00:00,"KRX KIND 일괄 분배금 공시 행. 기준일·지급예정일·분배금 증거이며, 분배락 적용일·기준가격 증거를 대체하지 않음."
krx-notice-evidence:b3498757c6ecc5e7,krx:kind:distribution_notice:20260729:20260729002071,KR7337150007,337150,KODEX 200exTOP,2026-07-31,2026-08-04,79,table[0]/row[126],KR7337150007 | KODEX 200exTOP | 2026-07-31 | 2026-08-04 | 79 | -,c3b4e529ebbd4b657aa24b94e39ee1d559d88ca10b6b6d1d756f5e23439dfdca,krx_kind_distribution_notice_table_v1,1,parsed,unreviewed,2026-08-14T10:58:23+00:00,"KRX KIND 일괄 분배금 공시 행. 기준일·지급예정일·분배금 증거이며, 분배락 적용일·기준가격 증거를 대체하지 않음."
krx-notice-evidence:b38548cf9da126a1,krx:kind:distribution_notice:20260729:20260729002071,KR7275280006,275280,KODEX 모멘텀주,2026-07-31,2026-08-04,39,table[0]/row[95],KR7275280006 | KODEX 모멘텀주 | 2026-07-31 | 2026-08-04 | 39 | -,c3b4e529ebbd4b657aa24b94e39ee1d559d88ca10b6b6d1d756f5e23439dfdca,krx_kind_distribution_notice_table_v1,1,parsed,unreviewed,2026-08-14T10:58:23+00:00,"KRX KIND 일괄 분배금 공시 행. 기준일·지급예정일·분배금 증거이며, 분배락 적용일·기준가격 증거를 대체하지 않음."
krx-notice-evidence:b40a790418b7dbda,krx:kind:distribution_notice:20260729:20260729000622,KR7442560009,442560,RISE TDF2040액티브 적격,2026-07-31,2026-08-04,53,table[0]/row[83],KR7442560009 | RISE TDF2040액티브 적격 | 2026-07-31 | 2026-08-04 | 53 | -,bd8deffe47187bd98d538398afd9acc505be711b9bde03eaa1db1550f47015f7,krx_kind_distribution_notice_table_v1,1,parsed,unreviewed,2026-08-14T10:58:23+00:00,"KRX KIND 일괄 분배금 공시 행. 기준일·지급예정일·분배금 증거이며, 분배락 적용일·기준가격 증거를 대체하지 않음."
krx-notice-evidence:b60ff46eec60e515,krx:kind:distribution_notice:20260729:20260729000622,KR7228820007,228820,TIGER KTOP30,2026-07-31,2026-08-04,30,table[0]/row[135],KR7228820007 | TIGER KTOP30 | 2026-07-31 | 2026-08-04 | 30 | -,bd8deffe47187bd98d538398afd9acc505be711b9bde03eaa1db1550f47015f7,krx_kind_distribution_notice_table_v1,1,parsed,unreviewed,2026-08-14T10:58:23+00:00,"KRX KIND 일괄 분배금 공시 행. 기준일·지급예정일·분배금 증거이며, 분배락 적용일·기준가격 증거를 대체하지 않음."
krx-notice-evidence:b63f7d9e68a1dfc9,krx:kind:distribution_notice:20260729:20260729000622,KR7322410002,322410,HANARO K고배당,2026-07-31,2026-08-04,70,table[0]/row[13],KR7322410002 | HANARO K고배당 | 2026-07-31 | 2026-08-04 | 70 | -,bd8deffe47187bd98d538398afd9acc505be711b9bde03eaa1db1550f47015f7,krx_kind_distribution_notice_table_v1,1,parsed,unreviewed,2026-08-14T10:58:23+00:00,"KRX KIND 일괄 분배금 공시 행. 기준일·지급예정일·분배금 증거이며, 분배락 적용일·기준가격 증거를 대체하지 않음."
krx-notice-evidence:b710c841aa731add,krx:kind:distribution_notice:20260729:20260729002071,KR7445290000,445290,KODEX 로봇액티브,2026-07-31,2026-08-04,12,table[0]/row[113],KR7445290000 | KODEX 로봇액티브 | 2026-07-31 | 2026-08-04 | 12 | -,c3b4e529ebbd4b657aa24b94e39ee1d559d88ca10b6b6d1d756f5e23439dfdca,krx_kind_distribution_notice_table_v1,1,parsed,unreviewed,2026-08-14T10:58:23+00:00,"KRX KIND 일괄 분배금 공시 행. 기준일·지급예정일·분배금 증거이며, 분배락 적용일·기준가격 증거를 대체하지 않음."
krx-notice-evidence:b9132cd743ef0096,krx:kind:distribution_notice:20260729:20260729002071,KR70115E0000,0115E0,KODEX 코리아소버린AI,2026-07-31,2026-08-04,25,table[0]/row[116],KR70115E0000 | KODEX 코리아소버린AI | 2026-07-31 | 2026-08-04 | 25 | -,c3b4e529ebbd4b657aa24b94e39ee1d559d88ca10b6b6d1d756f5e23439dfdca,krx_kind_distribution_notice_table_v1,1,parsed,unreviewed,2026-08-14T10:58:23+00:00,"KRX KIND 일괄 분배금 공시 행. 기준일·지급예정일·분배금 증거이며, 분배락 적용일·기준가격 증거를 대체하지 않음."
krx-notice-evidence:ba2e2327c75961c4,krx:kind:distribution_notice:20260729:20260729002071,KR70049M0001,0049M0,ACE 미국배당퀄리티+커버드콜액티브,2026-07-31,2026-08-04,70,table[0]/row[174],KR70049M0001 | ACE 미국배당퀄리티+커버드콜액티브 | 2026-07-31 | 2026-08-04 | 70 | -,c3b4e529ebbd4b657aa24b94e39ee1d559d88ca10b6b6d1d756f5e23439dfdca,krx_kind_distribution_notice_table_v1,1,parsed,unreviewed,2026-08-14T10:58:23+00:00,"KRX KIND 일괄 분배금 공시 행. 기준일·지급예정일·분배금 증거이며, 분배락 적용일·기준가격 증거를 대체하지 않음."
krx-notice-evidence:ba6111fb72c23494,krx:kind:distribution_notice:20260729:20260729002071,KR7298770009,298770,KODEX 한국대만IT프리미어,2026-07-31,2026-08-04,109,table[0]/row[40],KR7298770009 | KODEX 한국대만IT프리미어 | 2026-07-31 | 2026-08-04 | 109 | -,c3b4e529ebbd4b657aa24b94e39ee1d559d88ca10b6b6d1d756f5e23439dfdca,krx_kind_distribution_notice_table_v1,1,parsed,unreviewed,2026-08-14T10:58:23+00:00,"KRX KIND 일괄 분배금 공시 행. 기준일·지급예정일·분배금 증거이며, 분배락 적용일·기준가격 증거를 대체하지 않음."
krx-notice-evidence:baf78143f48aed41,krx:kind:distribution_notice:20260729:20260729000622,KR70015E0001,0015E0,KIWOOM 엔비디아미국30년국채혼합액티브(H),2026-07-31,2026-08-04,20,table[0]/row[46],KR70015E0001 | KIWOOM 엔비디아미국30년국채혼합액티브(H) | 2026-07-31 | 2026-08-04 | 20 | -,bd8deffe47187bd98d538398afd9acc505be711b9bde03eaa1db1550f47015f7,krx_kind_distribution_notice_table_v1,1,parsed,unreviewed,2026-08-14T10:58:23+00:00,"KRX KIND 일괄 분배금 공시 행. 기준일·지급예정일·분배금 증거이며, 분배락 적용일·기준가격 증거를 대체하지 않음."
krx-notice-evidence:bb9c4f001cf307a0,krx:kind:distribution_notice:20260729:20260729002071,KR7485540009,485540,KODEX 미국AI테크TOP10,2026-07-31,2026-08-04,19,table[0]/row[34],KR7485540009 | KODEX 미국AI테크TOP10 | 2026-07-31 | 2026-08-04 | 19 | -,c3b4e529ebbd4b657aa24b94e39ee1d559d88ca10b6b6d1d756f5e23439dfdca,krx_kind_distribution_notice_table_v1,1,parsed,unreviewed,2026-08-14T10:58:23+00:00,"KRX KIND 일괄 분배금 공시 행. 기준일·지급예정일·분배금 증거이며, 분배락 적용일·기준가격 증거를 대체하지 않음."
krx-notice-evidence:bc02f1ed5ea8890d,krx:kind:distribution_notice:20260729:20260729000622,KR7498270008,498270,KIWOOM 미국양자컴퓨팅,2026-07-31,2026-08-04,14,table[0]/row[41],KR7498270008 | KIWOOM 미국양자컴퓨팅 | 2026-07-31 | 2026-08-04 | 14 | -,bd8deffe47187bd98d538398afd9acc505be711b9bde03eaa1db1550f47015f7,krx_kind_distribution_notice_table_v1,1,parsed,unreviewed,2026-08-14T10:58:23+00:00,"KRX KIND 일괄 분배금 공시 행. 기준일·지급예정일·분배금 증거이며, 분배락 적용일·기준가격 증거를 대체하지 않음."
krx-notice-evidence:bcb3ecf00f903869,krx:kind:distribution_notice:20260729:20260729002071,KR7461950008,461950,KODEX 2차전지핵심소재10,2026-07-31,2026-08-04,9,table[0]/row[104],KR7461950008 | KODEX 2차전지핵심소재10 | 2026-07-31 | 2026-08-04 | 9 | -,c3b4e529ebbd4b657aa24b94e39ee1d559d88ca10b6b6d1d756f5e23439dfdca,krx_kind_distribution_notice_table_v1,1,parsed,unreviewed,2026-08-14T10:58:23+00:00,"KRX KIND 일괄 분배금 공시 행. 기준일·지급예정일·분배금 증거이며, 분배락 적용일·기준가격 증거를 대체하지 않음."
krx-notice-evidence:c0de2ada415e7b32,krx:kind:distribution_notice:20260729:20260729000622,KR7314700006,314700,HANARO 농업융복합산업,2026-07-31,2026-08-04,15,table[0]/row[14],KR7314700006 | HANARO 농업융복합산업 | 2026-07-31 | 2026-08-04 | 15 | -,bd8deffe47187bd98d538398afd9acc505be711b9bde03eaa1db1550f47015f7,krx_kind_distribution_notice_table_v1,1,parsed,unreviewed,2026-08-14T10:58:23+00:00,"KRX KIND 일괄 분배금 공시 행. 기준일·지급예정일·분배금 증거이며, 분배락 적용일·기준가격 증거를 대체하지 않음."
krx-notice-evidence:c21d34922f7db1e1,krx:kind:distribution_notice:20260729:20260729000622,KR7453870008,453870,TIGER 인도니프티50,2026-07-31,2026-08-04,50,table[0]/row[179],KR7453870008 | TIGER 인도니프티50 | 2026-07-31 | 2026-08-04 | 50 | -,bd8deffe47187bd98d538398afd9acc505be711b9bde03eaa1db1550f47015f7,krx_kind_distribution_notice_table_v1,1,parsed,unreviewed,2026-08-14T10:58:23+00:00,"KRX KIND 일괄 분배금 공시 행. 기준일·지급예정일·분배금 증거이며, 분배락 적용일·기준가격 증거를 대체하지 않음."
krx-notice-evidence:c3a9e1adf513287b,krx:kind:distribution_notice:20260729:20260729002071,KR7251350005,251350,KODEX MSCI선진국,2026-07-31,2026-08-04,179,table[0]/row[50],KR7251350005 | KODEX MSCI선진국 | 2026-07-31 | 2026-08-04 | 179 | -,c3b4e529ebbd4b657aa24b94e39ee1d559d88ca10b6b6d1d756f5e23439dfdca,krx_kind_distribution_notice_table_v1,1,parsed,unreviewed,2026-08-14T10:58:23+00:00,"KRX KIND 일괄 분배금 공시 행. 기준일·지급예정일·분배금 증거이며, 분배락 적용일·기준가격 증거를 대체하지 않음."
krx-notice-evidence:c3ff4c2b64e45480,krx:kind:distribution_notice:20260729:20260729002071,KR7491090007,491090,KODEX 미국테크TOP3플러스,2026-07-31,2026-08-04,18,table[0]/row[46],KR7491090007 | KODEX 미국테크 TOP3 플러스 | 2026-07-31 | 2026-08-04 | 18 | -,c3b4e529ebbd4b657aa24b94e39ee1d559d88ca10b6b6d1d756f5e23439dfdca,krx_kind_distribution_notice_table_v1,1,parsed,unreviewed,2026-08-14T10:58:23+00:00,"KRX KIND 일괄 분배금 공시 행. 기준일·지급예정일·분배금 증거이며, 분배락 적용일·기준가격 증거를 대체하지 않음."
krx-notice-evidence:c46ef77d21d3453b,krx:kind:distribution_notice:20260729:20260729002071,KR7375770005,375770,KODEX 탄소효율그린뉴딜,2026-07-31,2026-08-04,47,table[0]/row[130],KR7375770005 | KODEX 탄소효율그린뉴딜 | 2026-07-31 | 2026-08-04 | 47 | -,c3b4e529ebbd4b657aa24b94e39ee1d559d88ca10b6b6d1d756f5e23439dfdca,krx_kind_distribution_notice_table_v1,1,parsed,unreviewed,2026-08-14T10:58:23+00:00,"KRX KIND 일괄 분배금 공시 행. 기준일·지급예정일·분배금 증거이며, 분배락 적용일·기준가격 증거를 대체하지 않음."
krx-notice-evidence:c5c6628bbf3cd658,krx:kind:distribution_notice:20260729:20260729000622,KR7399580000,399580,RISE 글로벌클린에너지,2026-07-31,2026-08-04,57,table[0]/row[92],KR7399580000 | RISE 글로벌클린에너지 | 2026-07-31 | 2026-08-04 | 57 | -,bd8deffe47187bd98d538398afd9acc505be711b9bde03eaa1db1550f47015f7,krx_kind_distribution_notice_table_v1,1,parsed,unreviewed,2026-08-14T10:58:23+00:00,"KRX KIND 일괄 분배금 공시 행. 기준일·지급예정일·분배금 증거이며, 분배락 적용일·기준가격 증거를 대체하지 않음."
krx-notice-evidence:c6700f256968e8ae,krx:kind:distribution_notice:20260729:20260729002071,KR70000H0005,0000H0,KODEX 인도Nifty미드캡100,2026-07-31,2026-08-04,15,table[0]/row[47],KR70000H0005 | KODEX 인도Nifty미드캡100 | 2026-07-31 | 2026-08-04 | 15 | -,c3b4e529ebbd4b657aa24b94e39ee1d559d88ca10b6b6d1d756f5e23439dfdca,krx_kind_distribution_notice_table_v1,1,parsed,unreviewed,2026-08-14T10:58:23+00:00,"KRX KIND 일괄 분배금 공시 행. 기준일·지급예정일·분배금 증거이며, 분배락 적용일·기준가격 증거를 대체하지 않음."
krx-notice-evidence:c71474ca8f7506e7,krx:kind:distribution_notice:20260729:20260729000622,KR7441680006,441680,TIGER 미국나스닥100커버드콜(합성),2026-07-31,2026-08-04,111,table[0]/row[158],KR7441680006 | TIGER 미국나스닥100커버드콜(합성) | 2026-07-31 | 2026-08-04 | 111 | -,bd8deffe47187bd98d538398afd9acc505be711b9bde03eaa1db1550f47015f7,krx_kind_distribution_notice_table_v1,1,parsed,unreviewed,2026-08-14T10:58:23+00:00,"KRX KIND 일괄 분배금 공시 행. 기준일·지급예정일·분배금 증거이며, 분배락 적용일·기준가격 증거를 대체하지 않음."
krx-notice-evidence:c743e010c9a40079,krx:kind:distribution_notice:20260729:20260729002071,KR7447430000,447430,ACE 주주환원가치주액티브,2026-07-31,2026-08-04,29,table[0]/row[166],KR7447430000 | ACE 주주환원가치주액티브 | 2026-07-31 | 2026-08-04 | 29 | -,c3b4e529ebbd4b657aa24b94e39ee1d559d88ca10b6b6d1d756f5e23439dfdca,krx_kind_distribution_notice_table_v1,1,parsed,unreviewed,2026-08-14T10:58:23+00:00,"KRX KIND 일괄 분배금 공시 행. 기준일·지급예정일·분배금 증거이며, 분배락 적용일·기준가격 증거를 대체하지 않음."
krx-notice-evidence:c81043f4701963a2,krx:kind:distribution_notice:20260729:20260729000622,KR7360750004,360750,TIGER 미국S&P500,2026-07-31,2026-08-04,66,table[0]/row[150],KR7360750004 | TIGER 미국S&P500 | 2026-07-31 | 2026-08-04 | 66 | -,bd8deffe47187bd98d538398afd9acc505be711b9bde03eaa1db1550f47015f7,krx_kind_distribution_notice_table_v1,1,parsed,unreviewed,2026-08-14T10:58:23+00:00,"KRX KIND 일괄 분배금 공시 행. 기준일·지급예정일·분배금 증거이며, 분배락 적용일·기준가격 증거를 대체하지 않음."
krx-notice-evidence:c8939bfb772bae08,krx:kind:distribution_notice:20260729:20260729000622,KR7496090002,496090,KIWOOM 코리아밸류업,2026-07-31,2026-08-04,50,table[0]/row[48],KR7496090002 | KIWOOM 코리아밸류업 | 2026-07-31 | 2026-08-04 | 50 | -,bd8deffe47187bd98d538398afd9acc505be711b9bde03eaa1db1550f47015f7,krx_kind_distribution_notice_table_v1,1,parsed,unreviewed,2026-08-14T10:58:23+00:00,"KRX KIND 일괄 분배금 공시 행. 기준일·지급예정일·분배금 증거이며, 분배락 적용일·기준가격 증거를 대체하지 않음."
krx-notice-evidence:c988f78ec207ef1f,krx:kind:distribution_notice:20260729:20260729002071,KR7321410003,321410,KODEX 멀티에셋하이인컴(H),2026-07-31,2026-08-04,88,table[0]/row[55],KR7321410003 | KODEX 멀티에셋하이인컴(H) | 2026-07-31 | 2026-08-04 | 88 | -,c3b4e529ebbd4b657aa24b94e39ee1d559d88ca10b6b6d1d756f5e23439dfdca,krx_kind_distribution_notice_table_v1,1,parsed,unreviewed,2026-08-14T10:58:23+00:00,"KRX KIND 일괄 분배금 공시 행. 기준일·지급예정일·분배금 증거이며, 분배락 적용일·기준가격 증거를 대체하지 않음."
krx-notice-evidence:ca327cbf66b43d6b,krx:kind:distribution_notice:20260729:20260729002071,KR7472840008,472840,IBK 200,2026-07-31,2026-08-04,114,table[0]/row[1],KR7472840008 | IBK 200 | 2026-07-31 | 2026-08-04 | 114 | -,c3b4e529ebbd4b657aa24b94e39ee1d559d88ca10b6b6d1d756f5e23439dfdca,krx_kind_distribution_notice_table_v1,1,parsed,unreviewed,2026-08-14T10:58:23+00:00,"KRX KIND 일괄 분배금 공시 행. 기준일·지급예정일·분배금 증거이며, 분배락 적용일·기준가격 증거를 대체하지 않음."
krx-notice-evidence:cb1622fe96fa1b1c,krx:kind:distribution_notice:20260729:20260729002071,KR70073X0007,0073X0,FOCUS 알리바바미국채커버드콜혼합,2026-07-31,2026-08-04,95,table[0]/row[184],KR70073X0007 | FOCUS 알리바바미국채커버드콜혼합 | 2026-07-31 | 2026-08-04 | 95 | -,c3b4e529ebbd4b657aa24b94e39ee1d559d88ca10b6b6d1d756f5e23439dfdca,krx_kind_distribution_notice_table_v1,1,parsed,unreviewed,2026-08-14T10:58:23+00:00,"KRX KIND 일괄 분배금 공시 행. 기준일·지급예정일·분배금 증거이며, 분배락 적용일·기준가격 증거를 대체하지 않음."
krx-notice-evidence:cb5949cfb5d3b33d,krx:kind:distribution_notice:20260729:20260729000622,KR7489030007,489030,PLUS 고배당주위클리커버드콜,2026-07-31,2026-08-04,103,table[0]/row[62],KR7489030007 | PLUS 고배당주위클리커버드콜 | 2026-07-31 | 2026-08-04 | 103 | -,bd8deffe47187bd98d538398afd9acc505be711b9bde03eaa1db1550f47015f7,krx_kind_distribution_notice_table_v1,1,parsed,unreviewed,2026-08-14T10:58:23+00:00,"KRX KIND 일괄 분배금 공시 행. 기준일·지급예정일·분배금 증거이며, 분배락 적용일·기준가격 증거를 대체하지 않음."
krx-notice-evidence:cc7ee6e99594ab31,krx:kind:distribution_notice:20260729:20260729000622,KR7459750006,459750,RISE 글로벌주식분산액티브,2026-07-31,2026-08-04,92,table[0]/row[91],KR7459750006 | RISE 글로벌주식분산액티브 | 2026-07-31 | 2026-08-04 | 92 | -,bd8deffe47187bd98d538398afd9acc505be711b9bde03eaa1db1550f47015f7,krx_kind_distribution_notice_table_v1,1,parsed,unreviewed,2026-08-14T10:58:23+00:00,"KRX KIND 일괄 분배금 공시 행. 기준일·지급예정일·분배금 증거이며, 분배락 적용일·기준가격 증거를 대체하지 않음."
krx-notice-evidence:cd3c3f05a1c7bde0,krx:kind:distribution_notice:20260729:20260729002071,KR7117700005,117700,KODEX 건설,2026-07-31,2026-08-04,19,table[0]/row[90],KR7117700005 | KODEX 건설 | 2026-07-31 | 2026-08-04 | 19 | -,c3b4e529ebbd4b657aa24b94e39ee1d559d88ca10b6b6d1d756f5e23439dfdca,krx_kind_distribution_notice_table_v1,1,parsed,unreviewed,2026-08-14T10:58:23+00:00,"KRX KIND 일괄 분배금 공시 행. 기준일·지급예정일·분배금 증거이며, 분배락 적용일·기준가격 증거를 대체하지 않음."
krx-notice-evidence:ce223f03fa8e6fef,krx:kind:distribution_notice:20260729:20260729002071,KR7484880000,484880,SOL 금융지주플러스고배당,2026-07-31,2026-08-03,86,table[0]/row[148],KR7484880000 | SOL 금융지주플러스고배당 | 2026-07-31 | 2026-08-03 | 86 | -,c3b4e529ebbd4b657aa24b94e39ee1d559d88ca10b6b6d1d756f5e23439dfdca,krx_kind_distribution_notice_table_v1,1,parsed,unreviewed,2026-08-14T10:58:23+00:00,"KRX KIND 일괄 분배금 공시 행. 기준일·지급예정일·분배금 증거이며, 분배락 적용일·기준가격 증거를 대체하지 않음."
krx-notice-evidence:ce9eedf4c0c42c45,krx:kind:distribution_notice:20260729:20260729000622,KR7371150004,371150,RISE 차이나항셍테크,2026-07-31,2026-08-04,55,table[0]/row[117],KR7371150004 | RISE 차이나항셍테크 | 2026-07-31 | 2026-08-04 | 55 | -,bd8deffe47187bd98d538398afd9acc505be711b9bde03eaa1db1550f47015f7,krx_kind_distribution_notice_table_v1,1,parsed,unreviewed,2026-08-14T10:58:23+00:00,"KRX KIND 일괄 분배금 공시 행. 기준일·지급예정일·분배금 증거이며, 분배락 적용일·기준가격 증거를 대체하지 않음."
krx-notice-evidence:d01330ef02042c7b,krx:kind:distribution_notice:20260729:20260729002071,KR7266390004,266390,KODEX 경기소비재,2026-07-31,2026-08-04,114,table[0]/row[131],KR7266390004 | KODEX 경기소비재 | 2026-07-31 | 2026-08-04 | 114 | -,c3b4e529ebbd4b657aa24b94e39ee1d559d88ca10b6b6d1d756f5e23439dfdca,krx_kind_distribution_notice_table_v1,1,parsed,unreviewed,2026-08-14T10:58:23+00:00,"KRX KIND 일괄 분배금 공시 행. 기준일·지급예정일·분배금 증거이며, 분배락 적용일·기준가격 증거를 대체하지 않음."
krx-notice-evidence:d0f09b95e97729fa,krx:kind:distribution_notice:20260729:20260729000622,KR70137V0003,0137V0,KIWOOM 미국S&P500모멘텀,2026-07-31,2026-08-04,16,table[0]/row[34],KR70137V0003 | KIWOOM 미국S&P500모멘텀 | 2026-07-31 | 2026-08-04 | 16 | -,bd8deffe47187bd98d538398afd9acc505be711b9bde03eaa1db1550f47015f7,krx_kind_distribution_notice_table_v1,1,parsed,unreviewed,2026-08-14T10:58:23+00:00,"KRX KIND 일괄 분배금 공시 행. 기준일·지급예정일·분배금 증거이며, 분배락 적용일·기준가격 증거를 대체하지 않음."
krx-notice-evidence:d14e53d8bc940af3,krx:kind:distribution_notice:20260729:20260729002071,KR7379800006,379800,KODEX 미국S&P500,2026-07-31,2026-08-04,132,table[0]/row[52],KR7379800006 | KODEX 미국S&P500 | 2026-07-31 | 2026-08-04 | 132 | -,c3b4e529ebbd4b657aa24b94e39ee1d559d88ca10b6b6d1d756f5e23439dfdca,krx_kind_distribution_notice_table_v1,1,parsed,unreviewed,2026-08-14T10:58:23+00:00,"KRX KIND 일괄 분배금 공시 행. 기준일·지급예정일·분배금 증거이며, 분배락 적용일·기준가격 증거를 대체하지 않음."
krx-notice-evidence:d153632d9e96ec06,krx:kind:distribution_notice:20260729:20260729000622,KR7148020001,148020,RISE 200,2026-07-31,2026-08-04,120,table[0]/row[76],KR7148020001 | RISE 200 | 2026-07-31 | 2026-08-04 | 120 | -,bd8deffe47187bd98d538398afd9acc505be711b9bde03eaa1db1550f47015f7,krx_kind_distribution_notice_table_v1,1,parsed,unreviewed,2026-08-14T10:58:23+00:00,"KRX KIND 일괄 분배금 공시 행. 기준일·지급예정일·분배금 증거이며, 분배락 적용일·기준가격 증거를 대체하지 않음."
krx-notice-evidence:d29ea3d3373b9b68,krx:kind:distribution_notice:20260729:20260729000622,KR7371160003,371160,TIGER 차이나항셍테크,2026-07-31,2026-08-04,25,table[0]/row[185],KR7371160003 | TIGER 차이나항셍테크 | 2026-07-31 | 2026-08-04 | 25 | -,bd8deffe47187bd98d538398afd9acc505be711b9bde03eaa1db1550f47015f7,krx_kind_distribution_notice_table_v1,1,parsed,unreviewed,2026-08-14T10:58:23+00:00,"KRX KIND 일괄 분배금 공시 행. 기준일·지급예정일·분배금 증거이며, 분배락 적용일·기준가격 증거를 대체하지 않음."
krx-notice-evidence:d2ad0b3810dd8009,krx:kind:distribution_notice:20260729:20260729002071,KR7105190003,105190,ACE 200,2026-07-31,2026-08-04,150,table[0]/row[158],KR7105190003 | ACE 200 | 2026-07-31 | 2026-08-04 | 150 | -,c3b4e529ebbd4b657aa24b94e39ee1d559d88ca10b6b6d1d756f5e23439dfdca,krx_kind_distribution_notice_table_v1,1,parsed,unreviewed,2026-08-14T10:58:23+00:00,"KRX KIND 일괄 분배금 공시 행. 기준일·지급예정일·분배금 증거이며, 분배락 적용일·기준가격 증거를 대체하지 않음."
krx-notice-evidence:d319710e0c03a7f7,krx:kind:distribution_notice:20260729:20260729000622,KR7476550009,476550,TIGER 미국30년국채커버드콜액티브(H),2026-07-31,2026-08-04,70,table[0]/row[147],KR7476550009 | TIGER 미국30년국채커버드콜액티브(H) | 2026-07-31 | 2026-08-04 | 70 | -,bd8deffe47187bd98d538398afd9acc505be711b9bde03eaa1db1550f47015f7,krx_kind_distribution_notice_table_v1,1,parsed,unreviewed,2026-08-14T10:58:23+00:00,"KRX KIND 일괄 분배금 공시 행. 기준일·지급예정일·분배금 증거이며, 분배락 적용일·기준가격 증거를 대체하지 않음."
krx-notice-evidence:d330ced8d62996ad,krx:kind:distribution_notice:20260729:20260729000622,KR7491620001,491620,RISE 미국테크100데일리고정커버드콜,2026-07-31,2026-08-04,161,table[0]/row[106],KR7491620001 | RISE 미국테크100데일리고정커버드콜 | 2026-07-31 | 2026-08-04 | 161 | -,bd8deffe47187bd98d538398afd9acc505be711b9bde03eaa1db1550f47015f7,krx_kind_distribution_notice_table_v1,1,parsed,unreviewed,2026-08-14T10:58:23+00:00,"KRX KIND 일괄 분배금 공시 행. 기준일·지급예정일·분배금 증거이며, 분배락 적용일·기준가격 증거를 대체하지 않음."
krx-notice-evidence:d495b5cf605131bb,krx:kind:distribution_notice:20260729:20260729000622,KR7277630000,277630,TIGER 코스피,2026-07-31,2026-08-04,60,table[0]/row[191],KR7277630000 | TIGER 코스피 | 2026-07-31 | 2026-08-04 | 60 | -,bd8deffe47187bd98d538398afd9acc505be711b9bde03eaa1db1550f47015f7,krx_kind_distribution_notice_table_v1,1,parsed,unreviewed,2026-08-14T10:58:23+00:00,"KRX KIND 일괄 분배금 공시 행. 기준일·지급예정일·분배금 증거이며, 분배락 적용일·기준가격 증거를 대체하지 않음."
krx-notice-evidence:d5653d51ae30ce02,krx:kind:distribution_notice:20260729:20260729000622,KR7458260007,458260,TIGER 미국투자등급회사채액티브(H),2026-07-31,2026-08-04,175,table[0]/row[166],KR7458260007 | TIGER 미국투자등급회사채액티브(H) | 2026-07-31 | 2026-08-04 | 175 | -,bd8deffe47187bd98d538398afd9acc505be711b9bde03eaa1db1550f47015f7,krx_kind_distribution_notice_table_v1,1,parsed,unreviewed,2026-08-14T10:58:23+00:00,"KRX KIND 일괄 분배금 공시 행. 기준일·지급예정일·분배금 증거이며, 분배락 적용일·기준가격 증거를 대체하지 않음."
krx-notice-evidence:d5ef6516fec54b02,krx:kind:distribution_notice:20260729:20260729002071,KR7497880005,497880,SOL CD금리&머니마켓액티브,2026-07-31,2026-08-03,140,table[0]/row[157],KR7497880005 | SOL CD금리&머니마켓액티브 | 2026-07-31 | 2026-08-03 | 140 | -,c3b4e529ebbd4b657aa24b94e39ee1d559d88ca10b6b6d1d756f5e23439dfdca,krx_kind_distribution_notice_table_v1,1,parsed,unreviewed,2026-08-14T10:58:23+00:00,"KRX KIND 일괄 분배금 공시 행. 기준일·지급예정일·분배금 증거이며, 분배락 적용일·기준가격 증거를 대체하지 않음."
krx-notice-evidence:d5fcd620389f7a46,krx:kind:distribution_notice:20260729:20260729000622,KR7429760002,429760,PLUS 미국S&P500,2026-07-31,2026-08-04,40,table[0]/row[64],KR7429760002 | PLUS 미국S&P500 | 2026-07-31 | 2026-08-04 | 40 | -,bd8deffe47187bd98d538398afd9acc505be711b9bde03eaa1db1550f47015f7,krx_kind_distribution_notice_table_v1,1,parsed,unreviewed,2026-08-14T10:58:23+00:00,"KRX KIND 일괄 분배금 공시 행. 기준일·지급예정일·분배금 증거이며, 분배락 적용일·기준가격 증거를 대체하지 않음."
krx-notice-evidence:d6b5fc4bde29e863,krx:kind:distribution_notice:20260729:20260729002071,KR7140950007,140950,파워 코스피100,2026-07-31,2026-08-04,72,table[0]/row[7],KR7140950007 | 파워 코스피100 | 2026-07-31 | 2026-08-04 | 72 | -,c3b4e529ebbd4b657aa24b94e39ee1d559d88ca10b6b6d1d756f5e23439dfdca,krx_kind_distribution_notice_table_v1,1,parsed,unreviewed,2026-08-14T10:58:23+00:00,"KRX KIND 일괄 분배금 공시 행. 기준일·지급예정일·분배금 증거이며, 분배락 적용일·기준가격 증거를 대체하지 않음."
krx-notice-evidence:d70e7cb2ef40875c,krx:kind:distribution_notice:20260729:20260729000622,KR7251600003,251600,PLUS 고배당주채권혼합,2026-07-31,2026-08-04,50,table[0]/row[63],KR7251600003 | PLUS 고배당주채권혼합 | 2026-07-31 | 2026-08-04 | 50 | -,bd8deffe47187bd98d538398afd9acc505be711b9bde03eaa1db1550f47015f7,krx_kind_distribution_notice_table_v1,1,parsed,unreviewed,2026-08-14T10:58:23+00:00,"KRX KIND 일괄 분배금 공시 행. 기준일·지급예정일·분배금 증거이며, 분배락 적용일·기준가격 증거를 대체하지 않음."
krx-notice-evidence:da481bd563b0d057,krx:kind:distribution_notice:20260729:20260729000622,KR7336160007,336160,RISE 금융채액티브,2026-07-31,2026-08-04,317,table[0]/row[93],KR7336160007 | RISE 금융채액티브 | 2026-07-31 | 2026-08-04 | 317 | -,bd8deffe47187bd98d538398afd9acc505be711b9bde03eaa1db1550f47015f7,krx_kind_distribution_notice_table_v1,1,parsed,unreviewed,2026-08-14T10:58:23+00:00,"KRX KIND 일괄 분배금 공시 행. 기준일·지급예정일·분배금 증거이며, 분배락 적용일·기준가격 증거를 대체하지 않음."
krx-notice-evidence:daaea280003eca9e,krx:kind:distribution_notice:20260729:20260729002071,KR7437080005,437080,KODEX 미국종합채권ESG액티브(H),2026-07-31,2026-08-04,375,table[0]/row[19],KR7437080005 | KODEX 미국종합채권ESG액티브(H) | 2026-07-31 | 2026-08-04 | 375 | -,c3b4e529ebbd4b657aa24b94e39ee1d559d88ca10b6b6d1d756f5e23439dfdca,krx_kind_distribution_notice_table_v1,1,parsed,unreviewed,2026-08-14T10:58:23+00:00,"KRX KIND 일괄 분배금 공시 행. 기준일·지급예정일·분배금 증거이며, 분배락 적용일·기준가격 증거를 대체하지 않음."
krx-notice-evidence:db018c93beacacdb,krx:kind:distribution_notice:20260729:20260729002071,KR7446690000,446690,KODEX 아시아AI반도체exChina액티브,2026-07-31,2026-08-04,56,table[0]/row[30],KR7446690000 | KODEX 아시아 AI 반도체 exChina 액티브 | 2026-07-31 | 2026-08-04 | 56 | -,c3b4e529ebbd4b657aa24b94e39ee1d559d88ca10b6b6d1d756f5e23439dfdca,krx_kind_distribution_notice_table_v1,1,parsed,unreviewed,2026-08-14T10:58:23+00:00,"KRX KIND 일괄 분배금 공시 행. 기준일·지급예정일·분배금 증거이며, 분배락 적용일·기준가격 증거를 대체하지 않음."
krx-notice-evidence:dc315d66fbfbde5b,krx:kind:distribution_notice:20260729:20260729002071,KR70098Z0006,0098Z0,FOCUS 200,2026-07-31,2026-08-04,120,table[0]/row[185],KR70098Z0006 | FOCUS 200 | 2026-07-31 | 2026-08-04 | 120 | -,c3b4e529ebbd4b657aa24b94e39ee1d559d88ca10b6b6d1d756f5e23439dfdca,krx_kind_distribution_notice_table_v1,1,parsed,unreviewed,2026-08-14T10:58:23+00:00,"KRX KIND 일괄 분배금 공시 행. 기준일·지급예정일·분배금 증거이며, 분배락 적용일·기준가격 증거를 대체하지 않음."
krx-notice-evidence:dc7818c642e54235,krx:kind:distribution_notice:20260729:20260729000622,KR7453850000,453850,ACE 미국30년국채액티브(H),2026-07-31,2026-08-04,26,table[0]/row[2],KR7453850000 | ACE 미국30년국채액티브(H) | 2026-07-31 | 2026-08-04 | 26 | -,bd8deffe47187bd98d538398afd9acc505be711b9bde03eaa1db1550f47015f7,krx_kind_distribution_notice_table_v1,1,parsed,unreviewed,2026-08-14T10:58:23+00:00,"KRX KIND 일괄 분배금 공시 행. 기준일·지급예정일·분배금 증거이며, 분배락 적용일·기준가격 증거를 대체하지 않음."
krx-notice-evidence:dcaa63b90679b89a,krx:kind:distribution_notice:20260729:20260729002071,KR70190G0006,0190G0,KODEX 반도체타겟위클리커버드콜,2026-07-31,2026-08-04,66,table[0]/row[21],KR70190G0006 | KODEX 반도체타겟위클리커버드콜 | 2026-07-31 | 2026-08-04 | 66 | -,c3b4e529ebbd4b657aa24b94e39ee1d559d88ca10b6b6d1d756f5e23439dfdca,krx_kind_distribution_notice_table_v1,1,parsed,unreviewed,2026-08-14T10:58:23+00:00,"KRX KIND 일괄 분배금 공시 행. 기준일·지급예정일·분배금 증거이며, 분배락 적용일·기준가격 증거를 대체하지 않음."
krx-notice-evidence:de6815fc152034e0,krx:kind:distribution_notice:20260729:20260729002071,KR7117680009,117680,KODEX 철강,2026-07-31,2026-08-04,70,table[0]/row[87],KR7117680009 | KODEX 철강 | 2026-07-31 | 2026-08-04 | 70 | -,c3b4e529ebbd4b657aa24b94e39ee1d559d88ca10b6b6d1d756f5e23439dfdca,krx_kind_distribution_notice_table_v1,1,parsed,unreviewed,2026-08-14T10:58:23+00:00,"KRX KIND 일괄 분배금 공시 행. 기준일·지급예정일·분배금 증거이며, 분배락 적용일·기준가격 증거를 대체하지 않음."
krx-notice-evidence:df3f57d31e971059,krx:kind:distribution_notice:20260729:20260729000622,KR7100910009,100910,KIWOOM KRX100,2026-07-31,2026-08-04,15,table[0]/row[21],KR7100910009 | KIWOOM KRX100 | 2026-07-31 | 2026-08-04 | 15 | -,bd8deffe47187bd98d538398afd9acc505be711b9bde03eaa1db1550f47015f7,krx_kind_distribution_notice_table_v1,1,parsed,unreviewed,2026-08-14T10:58:23+00:00,"KRX KIND 일괄 분배금 공시 행. 기준일·지급예정일·분배금 증거이며, 분배락 적용일·기준가격 증거를 대체하지 않음."
krx-notice-evidence:e03c6cb8cd186774,krx:kind:distribution_notice:20260729:20260729000622,KR7284980000,284980,RISE 200금융,2026-07-31,2026-08-04,110,table[0]/row[78],KR7284980000 | RISE 200금융 | 2026-07-31 | 2026-08-04 | 110 | -,bd8deffe47187bd98d538398afd9acc505be711b9bde03eaa1db1550f47015f7,krx_kind_distribution_notice_table_v1,1,parsed,unreviewed,2026-08-14T10:58:23+00:00,"KRX KIND 일괄 분배금 공시 행. 기준일·지급예정일·분배금 증거이며, 분배락 적용일·기준가격 증거를 대체하지 않음."
krx-notice-evidence:e0ac8b07522bc30b,krx:kind:distribution_notice:20260729:20260729002071,KR7211900006,211900,KODEX 코리아배당성장,2026-07-31,2026-08-04,24,table[0]/row[111],KR7211900006 | KODEX 코리아배당성장 | 2026-07-31 | 2026-08-04 | 24 | -,c3b4e529ebbd4b657aa24b94e39ee1d559d88ca10b6b6d1d756f5e23439dfdca,krx_kind_distribution_notice_table_v1,1,parsed,unreviewed,2026-08-14T10:58:23+00:00,"KRX KIND 일괄 분배금 공시 행. 기준일·지급예정일·분배금 증거이며, 분배락 적용일·기준가격 증거를 대체하지 않음."
krx-notice-evidence:e0c5d4ef95be0b37,krx:kind:distribution_notice:20260729:20260729002071,KR70046Y0000,0046Y0,ACE 미국배당퀄리티,2026-07-31,2026-08-04,11,table[0]/row[172],KR70046Y0000 | ACE 미국배당퀄리티 | 2026-07-31 | 2026-08-04 | 11 | -,c3b4e529ebbd4b657aa24b94e39ee1d559d88ca10b6b6d1d756f5e23439dfdca,krx_kind_distribution_notice_table_v1,1,parsed,unreviewed,2026-08-14T10:58:23+00:00,"KRX KIND 일괄 분배금 공시 행. 기준일·지급예정일·분배금 증거이며, 분배락 적용일·기준가격 증거를 대체하지 않음."
krx-notice-evidence:e0d95927ed663ef4,krx:kind:distribution_notice:20260729:20260729002071,KR7459560009,459560,KODEX 테슬라밸류체인FactSet,2026-07-31,2026-08-04,39,table[0]/row[32],KR7459560009 | KODEX 테슬라밸류체인FactSet | 2026-07-31 | 2026-08-04 | 39 | -,c3b4e529ebbd4b657aa24b94e39ee1d559d88ca10b6b6d1d756f5e23439dfdca,krx_kind_distribution_notice_table_v1,1,parsed,unreviewed,2026-08-14T10:58:23+00:00,"KRX KIND 일괄 분배금 공시 행. 기준일·지급예정일·분배금 증거이며, 분배락 적용일·기준가격 증거를 대체하지 않음."
krx-notice-evidence:e11e626a20fbc785,krx:kind:distribution_notice:20260729:20260729000622,KR7455660001,455660,ACE 미국하이일드액티브(H),2026-07-31,2026-08-04,55,table[0]/row[4],KR7455660001 | ACE 미국하이일드액티브(H) | 2026-07-31 | 2026-08-04 | 55 | -,bd8deffe47187bd98d538398afd9acc505be711b9bde03eaa1db1550f47015f7,krx_kind_distribution_notice_table_v1,1,parsed,unreviewed,2026-08-14T10:58:23+00:00,"KRX KIND 일괄 분배금 공시 행. 기준일·지급예정일·분배금 증거이며, 분배락 적용일·기준가격 증거를 대체하지 않음."
krx-notice-evidence:e1c3c0160403151c,krx:kind:distribution_notice:20260729:20260729002071,KR7445150006,445150,KODEX 친환경조선해운액티브,2026-07-31,2026-08-04,5,table[0]/row[114],KR7445150006 | KODEX 친환경조선해운액티브 | 2026-07-31 | 2026-08-04 | 5 | -,c3b4e529ebbd4b657aa24b94e39ee1d559d88ca10b6b6d1d756f5e23439dfdca,krx_kind_distribution_notice_table_v1,1,parsed,unreviewed,2026-08-14T10:58:23+00:00,"KRX KIND 일괄 분배금 공시 행. 기준일·지급예정일·분배금 증거이며, 분배락 적용일·기준가격 증거를 대체하지 않음."
krx-notice-evidence:e213bb6bc68fcb9d,krx:kind:distribution_notice:20260729:20260729002071,KR7453660003,453660,KODEX 미국S&P500경기소비재,2026-07-31,2026-08-04,35,table[0]/row[62],KR7453660003 | KODEX 미국S&P500경기소비재 | 2026-07-31 | 2026-08-04 | 35 | -,c3b4e529ebbd4b657aa24b94e39ee1d559d88ca10b6b6d1d756f5e23439dfdca,krx_kind_distribution_notice_table_v1,1,parsed,unreviewed,2026-08-14T10:58:23+00:00,"KRX KIND 일괄 분배금 공시 행. 기준일·지급예정일·분배금 증거이며, 분배락 적용일·기준가격 증거를 대체하지 않음."
krx-notice-evidence:e2a8c2dac1d8d816,krx:kind:distribution_notice:20260729:20260729002071,KR7463690008,463690,KODEX 미국S&P500커뮤니케이션,2026-07-31,2026-08-04,45,table[0]/row[44],KR7463690008 | KODEX 미국S&P500커뮤니케이션 | 2026-07-31 | 2026-08-04 | 45 | -,c3b4e529ebbd4b657aa24b94e39ee1d559d88ca10b6b6d1d756f5e23439dfdca,krx_kind_distribution_notice_table_v1,1,parsed,unreviewed,2026-08-14T10:58:23+00:00,"KRX KIND 일괄 분배금 공시 행. 기준일·지급예정일·분배금 증거이며, 분배락 적용일·기준가격 증거를 대체하지 않음."
krx-notice-evidence:e300b22e287f5e3d,krx:kind:distribution_notice:20260729:20260729002071,KR7456250000,456250,KODEX 유럽명품TOP10 STOXX,2026-07-31,2026-08-04,75,table[0]/row[31],KR7456250000 | KODEX 유럽명품TOP10 STOXX | 2026-07-31 | 2026-08-04 | 75 | -,c3b4e529ebbd4b657aa24b94e39ee1d559d88ca10b6b6d1d756f5e23439dfdca,krx_kind_distribution_notice_table_v1,1,parsed,unreviewed,2026-08-14T10:58:23+00:00,"KRX KIND 일괄 분배금 공시 행. 기준일·지급예정일·분배금 증거이며, 분배락 적용일·기준가격 증거를 대체하지 않음."
krx-notice-evidence:e3d22fcda0874de0,krx:kind:distribution_notice:20260729:20260729000622,KR7491830006,491830,TIGER 미국AI반도체팹리스,2026-07-31,2026-08-04,15,table[0]/row[148],KR7491830006 | TIGER 미국AI반도체팹리스 | 2026-07-31 | 2026-08-04 | 15 | -,bd8deffe47187bd98d538398afd9acc505be711b9bde03eaa1db1550f47015f7,krx_kind_distribution_notice_table_v1,1,parsed,unreviewed,2026-08-14T10:58:23+00:00,"KRX KIND 일괄 분배금 공시 행. 기준일·지급예정일·분배금 증거이며, 분배락 적용일·기준가격 증거를 대체하지 않음."
krx-notice-evidence:e3d8baa377548422,krx:kind:distribution_notice:20260729:20260729002071,KR7494330004,494330,ACE 라이프자산주주가치액티브,2026-07-31,2026-08-04,100,table[0]/row[169],KR7494330004 | ACE 라이프자산주주가치액티브 | 2026-07-31 | 2026-08-04 | 100 | -,c3b4e529ebbd4b657aa24b94e39ee1d559d88ca10b6b6d1d756f5e23439dfdca,krx_kind_distribution_notice_table_v1,1,parsed,unreviewed,2026-08-14T10:58:23+00:00,"KRX KIND 일괄 분배금 공시 행. 기준일·지급예정일·분배금 증거이며, 분배락 적용일·기준가격 증거를 대체하지 않음."
krx-notice-evidence:e3edd2189cbc900f,krx:kind:distribution_notice:20260729:20260729000622,KR7489860007,489860,KIWOOM 글로벌전력GRID인프라,2026-07-31,2026-08-04,50,table[0]/row[27],KR7489860007 | KIWOOM 글로벌전력GRID인프라 | 2026-07-31 | 2026-08-04 | 50 | -,bd8deffe47187bd98d538398afd9acc505be711b9bde03eaa1db1550f47015f7,krx_kind_distribution_notice_table_v1,1,parsed,unreviewed,2026-08-14T10:58:23+00:00,"KRX KIND 일괄 분배금 공시 행. 기준일·지급예정일·분배금 증거이며, 분배락 적용일·기준가격 증거를 대체하지 않음."
krx-notice-evidence:e52df733a7113ab7,krx:kind:distribution_notice:20260729:20260729000622,KR7496080003,496080,TIGER 코리아밸류업,2026-07-31,2026-08-04,28,table[0]/row[190],KR7496080003 | TIGER 코리아밸류업 | 2026-07-31 | 2026-08-04 | 28 | -,bd8deffe47187bd98d538398afd9acc505be711b9bde03eaa1db1550f47015f7,krx_kind_distribution_notice_table_v1,1,parsed,unreviewed,2026-08-14T10:58:23+00:00,"KRX KIND 일괄 분배금 공시 행. 기준일·지급예정일·분배금 증거이며, 분배락 적용일·기준가격 증거를 대체하지 않음."
krx-notice-evidence:e565c9ef6b6c6d64,krx:kind:distribution_notice:20260729:20260729002071,KR7476030002,476030,SOL 미국나스닥100,2026-07-31,2026-08-03,17,table[0]/row[147],KR7476030002 | SOL 미국나스닥100 | 2026-07-31 | 2026-08-03 | 17 | -,c3b4e529ebbd4b657aa24b94e39ee1d559d88ca10b6b6d1d756f5e23439dfdca,krx_kind_distribution_notice_table_v1,1,parsed,unreviewed,2026-08-14T10:58:23+00:00,"KRX KIND 일괄 분배금 공시 행. 기준일·지급예정일·분배금 증거이며, 분배락 적용일·기준가격 증거를 대체하지 않음."
krx-notice-evidence:e582b6d898e198f8,krx:kind:distribution_notice:20260729:20260729000622,KR7293180006,293180,HANARO 200,2026-07-31,2026-08-04,180,table[0]/row[6],KR7293180006 | HANARO 200 | 2026-07-31 | 2026-08-04 | 180 | -,bd8deffe47187bd98d538398afd9acc505be711b9bde03eaa1db1550f47015f7,krx_kind_distribution_notice_table_v1,1,parsed,unreviewed,2026-08-14T10:58:23+00:00,"KRX KIND 일괄 분배금 공시 행. 기준일·지급예정일·분배금 증거이며, 분배락 적용일·기준가격 증거를 대체하지 않음."
krx-notice-evidence:e5afba3cf93469f1,krx:kind:distribution_notice:20260729:20260729000622,KR7488210006,488210,KIWOOM K-반도체북미공급망,2026-07-31,2026-08-04,15,table[0]/row[22],KR7488210006 | KIWOOM K-반도체북미공급망 | 2026-07-31 | 2026-08-04 | 15 | -,bd8deffe47187bd98d538398afd9acc505be711b9bde03eaa1db1550f47015f7,krx_kind_distribution_notice_table_v1,1,parsed,unreviewed,2026-08-14T10:58:23+00:00,"KRX KIND 일괄 분배금 공시 행. 기준일·지급예정일·분배금 증거이며, 분배락 적용일·기준가격 증거를 대체하지 않음."
krx-notice-evidence:e622aea077cb70cb,krx:kind:distribution_notice:20260729:20260729000622,KR70153X0000,0153X0,PLUS 미국고배당주액티브,2026-07-31,2026-08-04,47,table[0]/row[67],KR70153X0000 | PLUS 미국고배당주액티브 | 2026-07-31 | 2026-08-04 | 47 | -,bd8deffe47187bd98d538398afd9acc505be711b9bde03eaa1db1550f47015f7,krx_kind_distribution_notice_table_v1,1,parsed,unreviewed,2026-08-14T10:58:23+00:00,"KRX KIND 일괄 분배금 공시 행. 기준일·지급예정일·분배금 증거이며, 분배락 적용일·기준가격 증거를 대체하지 않음."
krx-notice-evidence:e6c15318b4d564ac,krx:kind:distribution_notice:20260729:20260729002071,KR7309230001,309230,ACE 미국WideMoat동일가중,2026-07-31,2026-08-04,98,table[0]/row[160],KR7309230001 | ACE 미국WideMoat동일가중 | 2026-07-31 | 2026-08-04 | 98 | -,c3b4e529ebbd4b657aa24b94e39ee1d559d88ca10b6b6d1d756f5e23439dfdca,krx_kind_distribution_notice_table_v1,1,parsed,unreviewed,2026-08-14T10:58:23+00:00,"KRX KIND 일괄 분배금 공시 행. 기준일·지급예정일·분배금 증거이며, 분배락 적용일·기준가격 증거를 대체하지 않음."
krx-notice-evidence:e6e2302cb322d92f,krx:kind:distribution_notice:20260729:20260729000622,KR7440340008,440340,TIGER 글로벌멀티에셋TIF액티브,2026-07-31,2026-08-04,44,table[0]/row[140],KR7440340008 | TIGER 글로벌멀티에셋TIF액티브 | 2026-07-31 | 2026-08-04 | 44 | -,bd8deffe47187bd98d538398afd9acc505be711b9bde03eaa1db1550f47015f7,krx_kind_distribution_notice_table_v1,1,parsed,unreviewed,2026-08-14T10:58:23+00:00,"KRX KIND 일괄 분배금 공시 행. 기준일·지급예정일·분배금 증거이며, 분배락 적용일·기준가격 증거를 대체하지 않음."
krx-notice-evidence:e6e75d4b0149aa7e,krx:kind:distribution_notice:20260729:20260729002071,KR7102970001,102970,KODEX 증권,2026-07-31,2026-08-04,149,table[0]/row[84],KR7102970001 | KODEX 증권 | 2026-07-31 | 2026-08-04 | 149 | -,c3b4e529ebbd4b657aa24b94e39ee1d559d88ca10b6b6d1d756f5e23439dfdca,krx_kind_distribution_notice_table_v1,1,parsed,unreviewed,2026-08-14T10:58:23+00:00,"KRX KIND 일괄 분배금 공시 행. 기준일·지급예정일·분배금 증거이며, 분배락 적용일·기준가격 증거를 대체하지 않음."
krx-notice-evidence:e991324f73b572c1,krx:kind:distribution_notice:20260729:20260729000622,KR7482730009,482730,TIGER 미국S&P500타겟데일리커버드콜,2026-07-31,2026-08-04,102,table[0]/row[154],KR7482730009 | TIGER 미국S&P500타겟데일리커버드콜 | 2026-07-31 | 2026-08-04 | 102 | -,bd8deffe47187bd98d538398afd9acc505be711b9bde03eaa1db1550f47015f7,krx_kind_distribution_notice_table_v1,1,parsed,unreviewed,2026-08-14T10:58:23+00:00,"KRX KIND 일괄 분배금 공시 행. 기준일·지급예정일·분배금 증거이며, 분배락 적용일·기준가격 증거를 대체하지 않음."
krx-notice-evidence:e9de88e05583a3df,krx:kind:distribution_notice:20260729:20260729002071,KR7455030007,455030,KODEX 미국달러SOFR금리액티브(합성),2026-07-31,2026-08-04,43,table[0]/row[18],KR7455030007 | KODEX 미국달러SOFR금리액티브(합성) | 2026-07-31 | 2026-08-04 | 43 | -,c3b4e529ebbd4b657aa24b94e39ee1d559d88ca10b6b6d1d756f5e23439dfdca,krx_kind_distribution_notice_table_v1,1,parsed,unreviewed,2026-08-14T10:58:23+00:00,"KRX KIND 일괄 분배금 공시 행. 기준일·지급예정일·분배금 증거이며, 분배락 적용일·기준가격 증거를 대체하지 않음."
krx-notice-evidence:ea814148761a2305,krx:kind:distribution_notice:20260729:20260729000622,KR70104P0000,0104P0,TIGER 코리아배당다우존스위클리커버드콜,2026-07-31,2026-08-04,105,table[0]/row[189],KR70104P0000 | TIGER 코리아배당다우존스위클리커버드콜 | 2026-07-31 | 2026-08-04 | 105 | -,bd8deffe47187bd98d538398afd9acc505be711b9bde03eaa1db1550f47015f7,krx_kind_distribution_notice_table_v1,1,parsed,unreviewed,2026-08-14T10:58:23+00:00,"KRX KIND 일괄 분배금 공시 행. 기준일·지급예정일·분배금 증거이며, 분배락 적용일·기준가격 증거를 대체하지 않음."
krx-notice-evidence:ead4c9babd48efed,krx:kind:distribution_notice:20260729:20260729000622,KR7269370003,269370,TIGER S&P글로벌인프라(합성),2026-07-31,2026-08-04,250,table[0]/row[138],KR7269370003 | TIGER S&P글로벌인프라(합성) | 2026-07-31 | 2026-08-04 | 250 | -,bd8deffe47187bd98d538398afd9acc505be711b9bde03eaa1db1550f47015f7,krx_kind_distribution_notice_table_v1,1,parsed,unreviewed,2026-08-14T10:58:23+00:00,"KRX KIND 일괄 분배금 공시 행. 기준일·지급예정일·분배금 증거이며, 분배락 적용일·기준가격 증거를 대체하지 않음."
krx-notice-evidence:ec793668eb253fc2,krx:kind:distribution_notice:20260729:20260729002071,KR7325010007,325010,KODEX 성장주,2026-07-31,2026-08-04,4,table[0]/row[138],KR7325010007 | KODEX 성장주 | 2026-07-31 | 2026-08-04 | 4 | -,c3b4e529ebbd4b657aa24b94e39ee1d559d88ca10b6b6d1d756f5e23439dfdca,krx_kind_distribution_notice_table_v1,1,parsed,unreviewed,2026-08-14T10:58:23+00:00,"KRX KIND 일괄 분배금 공시 행. 기준일·지급예정일·분배금 증거이며, 분배락 적용일·기준가격 증거를 대체하지 않음."
krx-notice-evidence:ecc175ae70558f6c,krx:kind:distribution_notice:20260729:20260729002071,KR70005G0001,0005G0,IBK K-AI반도체코어테크,2026-07-31,2026-08-04,11,table[0]/row[2],KR70005G0001 | IBK K-AI반도체코어테크 | 2026-07-31 | 2026-08-04 | 11 | -,c3b4e529ebbd4b657aa24b94e39ee1d559d88ca10b6b6d1d756f5e23439dfdca,krx_kind_distribution_notice_table_v1,1,parsed,unreviewed,2026-08-14T10:58:23+00:00,"KRX KIND 일괄 분배금 공시 행. 기준일·지급예정일·분배금 증거이며, 분배락 적용일·기준가격 증거를 대체하지 않음."
krx-notice-evidence:ee2bedd457e7d199,krx:kind:distribution_notice:20260729:20260729000622,KR7433880002,433880,PLUS TDF2060액티브 적격,2026-07-31,2026-08-04,40,table[0]/row[59],KR7433880002 | PLUS TDF2060액티브 적격 | 2026-07-31 | 2026-08-04 | 40 | -,bd8deffe47187bd98d538398afd9acc505be711b9bde03eaa1db1550f47015f7,krx_kind_distribution_notice_table_v1,1,parsed,unreviewed,2026-08-14T10:58:23+00:00,"KRX KIND 일괄 분배금 공시 행. 기준일·지급예정일·분배금 증거이며, 분배락 적용일·기준가격 증거를 대체하지 않음."
krx-notice-evidence:ee7c63b20126b789,krx:kind:distribution_notice:20260729:20260729000622,KR70117V0007,0117V0,TIGER 코리아AI전력기기TOP3플러스,2026-07-31,2026-08-04,93,table[0]/row[187],KR70117V0007 | TIGER 코리아AI전력기기TOP3플러스 | 2026-07-31 | 2026-08-04 | 93 | -,bd8deffe47187bd98d538398afd9acc505be711b9bde03eaa1db1550f47015f7,krx_kind_distribution_notice_table_v1,1,parsed,unreviewed,2026-08-14T10:58:23+00:00,"KRX KIND 일괄 분배금 공시 행. 기준일·지급예정일·분배금 증거이며, 분배락 적용일·기준가격 증거를 대체하지 않음."
krx-notice-evidence:ef1cf3173f900212,krx:kind:distribution_notice:20260729:20260729002071,KR7411540008,411540,SOL 200 Top10,2026-07-31,2026-08-03,23,table[0]/row[142],KR7411540008 | SOL 200 Top10 | 2026-07-31 | 2026-08-03 | 23 | -,c3b4e529ebbd4b657aa24b94e39ee1d559d88ca10b6b6d1d756f5e23439dfdca,krx_kind_distribution_notice_table_v1,1,parsed,unreviewed,2026-08-14T10:58:23+00:00,"KRX KIND 일괄 분배금 공시 행. 기준일·지급예정일·분배금 증거이며, 분배락 적용일·기준가격 증거를 대체하지 않음."
krx-notice-evidence:effd4b1625027111,krx:kind:distribution_notice:20260729:20260729000622,KR70174R0003,0174R0,KIWOOM 미국성장다우존스,2026-07-31,2026-08-04,12,table[0]/row[40],KR70174R0003 | KIWOOM 미국성장다우존스 | 2026-07-31 | 2026-08-04 | 12 | -,bd8deffe47187bd98d538398afd9acc505be711b9bde03eaa1db1550f47015f7,krx_kind_distribution_notice_table_v1,1,parsed,unreviewed,2026-08-14T10:58:23+00:00,"KRX KIND 일괄 분배금 공시 행. 기준일·지급예정일·분배금 증거이며, 분배락 적용일·기준가격 증거를 대체하지 않음."
krx-notice-evidence:f05f62ab3fd4fd26,krx:kind:distribution_notice:20260729:20260729002071,KR7411420003,411420,KODEX 미국나스닥AI테크액티브,2026-07-31,2026-08-04,35,table[0]/row[27],KR7411420003 | KODEX 미국나스닥AI테크액티브 | 2026-07-31 | 2026-08-04 | 35 | -,c3b4e529ebbd4b657aa24b94e39ee1d559d88ca10b6b6d1d756f5e23439dfdca,krx_kind_distribution_notice_table_v1,1,parsed,unreviewed,2026-08-14T10:58:23+00:00,"KRX KIND 일괄 분배금 공시 행. 기준일·지급예정일·분배금 증거이며, 분배락 적용일·기준가격 증거를 대체하지 않음."
krx-notice-evidence:f0a76c3956e45547,krx:kind:distribution_notice:20260729:20260729000622,KR7469790000,469790,KIWOOM 코리아테크TOP10,2026-07-31,2026-08-04,40,table[0]/row[49],KR7469790000 | KIWOOM 코리아테크TOP10 | 2026-07-31 | 2026-08-04 | 40 | -,bd8deffe47187bd98d538398afd9acc505be711b9bde03eaa1db1550f47015f7,krx_kind_distribution_notice_table_v1,1,parsed,unreviewed,2026-08-14T10:58:23+00:00,"KRX KIND 일괄 분배금 공시 행. 기준일·지급예정일·분배금 증거이며, 분배락 적용일·기준가격 증거를 대체하지 않음."
krx-notice-evidence:f0a9133cd1a39a92,krx:kind:distribution_notice:20260729:20260729002071,KR7368680005,368680,KODEX K-뉴딜디지털플러스,2026-07-31,2026-08-04,9,table[0]/row[101],KR7368680005 | KODEX K-뉴딜디지털플러스 | 2026-07-31 | 2026-08-04 | 9 | -,c3b4e529ebbd4b657aa24b94e39ee1d559d88ca10b6b6d1d756f5e23439dfdca,krx_kind_distribution_notice_table_v1,1,parsed,unreviewed,2026-08-14T10:58:23+00:00,"KRX KIND 일괄 분배금 공시 행. 기준일·지급예정일·분배금 증거이며, 분배락 적용일·기준가격 증거를 대체하지 않음."
krx-notice-evidence:f0c2634e9b2d4113,krx:kind:distribution_notice:20260729:20260729000622,KR70127V0005,0127V0,KIWOOM 미국S&P500 TOP10&배당다우비중전환,2026-07-31,2026-08-04,10,table[0]/row[30],KR70127V0005 | KIWOOM 미국S&P500 TOP10&배당다우비중전환 | 2026-07-31 | 2026-08-04 | 10 | -,bd8deffe47187bd98d538398afd9acc505be711b9bde03eaa1db1550f47015f7,krx_kind_distribution_notice_table_v1,1,parsed,unreviewed,2026-08-14T10:58:23+00:00,"KRX KIND 일괄 분배금 공시 행. 기준일·지급예정일·분배금 증거이며, 분배락 적용일·기준가격 증거를 대체하지 않음."
krx-notice-evidence:f12095345de6eb8a,krx:kind:distribution_notice:20260729:20260729002071,KR7468380001,468380,KODEX iShares미국하이일드액티브,2026-07-31,2026-08-04,65,table[0]/row[15],KR7468380001 | KODEX iShares미국하이일드액티브 | 2026-07-31 | 2026-08-04 | 65 | -,c3b4e529ebbd4b657aa24b94e39ee1d559d88ca10b6b6d1d756f5e23439dfdca,krx_kind_distribution_notice_table_v1,1,parsed,unreviewed,2026-08-14T10:58:23+00:00,"KRX KIND 일괄 분배금 공시 행. 기준일·지급예정일·분배금 증거이며, 분배락 적용일·기준가격 증거를 대체하지 않음."
krx-notice-evidence:f1e1f93bbbe5d79d,krx:kind:distribution_notice:20260729:20260729000622,KR7429740004,429740,PLUS K리츠,2026-07-31,2026-08-04,28,table[0]/row[57],KR7429740004 | PLUS K리츠 | 2026-07-31 | 2026-08-04 | 28 | -,bd8deffe47187bd98d538398afd9acc505be711b9bde03eaa1db1550f47015f7,krx_kind_distribution_notice_table_v1,1,parsed,unreviewed,2026-08-14T10:58:23+00:00,"KRX KIND 일괄 분배금 공시 행. 기준일·지급예정일·분배금 증거이며, 분배락 적용일·기준가격 증거를 대체하지 않음."
krx-notice-evidence:f282186d6a1419c7,krx:kind:distribution_notice:20260729:20260729000622,KR7404540007,404540,TIGER KRX기후변화솔루션,2026-07-31,2026-08-04,82,table[0]/row[134],KR7404540007 | TIGER KRX기후변화솔루션 | 2026-07-31 | 2026-08-04 | 82 | -,bd8deffe47187bd98d538398afd9acc505be711b9bde03eaa1db1550f47015f7,krx_kind_distribution_notice_table_v1,1,parsed,unreviewed,2026-08-14T10:58:23+00:00,"KRX KIND 일괄 분배금 공시 행. 기준일·지급예정일·분배금 증거이며, 분배락 적용일·기준가격 증거를 대체하지 않음."
krx-notice-evidence:f2a7d84c73cfcbe8,krx:kind:distribution_notice:20260729:20260729000622,KR7458730009,458730,TIGER 미국배당다우존스,2026-07-31,2026-08-04,37,table[0]/row[162],KR7458730009 | TIGER 미국배당다우존스 | 2026-07-31 | 2026-08-04 | 37 | -,bd8deffe47187bd98d538398afd9acc505be711b9bde03eaa1db1550f47015f7,krx_kind_distribution_notice_table_v1,1,parsed,unreviewed,2026-08-14T10:58:23+00:00,"KRX KIND 일괄 분배금 공시 행. 기준일·지급예정일·분배금 증거이며, 분배락 적용일·기준가격 증거를 대체하지 않음."
krx-notice-evidence:f40b3426a441925e,krx:kind:distribution_notice:20260729:20260729002071,KR70162L0003,0162L0,KODEX 차이나AI반도체TOP10,2026-07-31,2026-08-04,17,table[0]/row[49],KR70162L0003 | KODEX 차이나AI반도체TOP10 | 2026-07-31 | 2026-08-04 | 17 | -,c3b4e529ebbd4b657aa24b94e39ee1d559d88ca10b6b6d1d756f5e23439dfdca,krx_kind_distribution_notice_table_v1,1,parsed,unreviewed,2026-08-14T10:58:23+00:00,"KRX KIND 일괄 분배금 공시 행. 기준일·지급예정일·분배금 증거이며, 분배락 적용일·기준가격 증거를 대체하지 않음."
krx-notice-evidence:f561635e53439ca2,krx:kind:distribution_notice:20260729:20260729000622,KR70013R0008,0013R0,RISE 테슬라미국채타겟커버드콜혼합(합성),2026-07-31,2026-08-04,102,table[0]/row[119],KR70013R0008 | RISE 테슬라미국채타겟커버드콜혼합(합성) | 2026-07-31 | 2026-08-04 | 102 | -,bd8deffe47187bd98d538398afd9acc505be711b9bde03eaa1db1550f47015f7,krx_kind_distribution_notice_table_v1,1,parsed,unreviewed,2026-08-14T10:58:23+00:00,"KRX KIND 일괄 분배금 공시 행. 기준일·지급예정일·분배금 증거이며, 분배락 적용일·기준가격 증거를 대체하지 않음."
krx-notice-evidence:f5bdd43f920fa70b,krx:kind:distribution_notice:20260729:20260729000622,KR7447770009,447770,TIGER 테슬라채권혼합Fn,2026-07-31,2026-08-04,65,table[0]/row[195],KR7447770009 | TIGER 테슬라채권혼합Fn | 2026-07-31 | 2026-08-04 | 65 | -,bd8deffe47187bd98d538398afd9acc505be711b9bde03eaa1db1550f47015f7,krx_kind_distribution_notice_table_v1,1,parsed,unreviewed,2026-08-14T10:58:23+00:00,"KRX KIND 일괄 분배금 공시 행. 기준일·지급예정일·분배금 증거이며, 분배락 적용일·기준가격 증거를 대체하지 않음."
krx-notice-evidence:f6372c51e2427d6e,krx:kind:distribution_notice:20260729:20260729002071,KR70048J0007,0048J0,KODEX 미국머니마켓액티브,2026-07-31,2026-08-04,60,table[0]/row[25],KR70048J0007 | KODEX 미국머니마켓액티브 | 2026-07-31 | 2026-08-04 | 60 | -,c3b4e529ebbd4b657aa24b94e39ee1d559d88ca10b6b6d1d756f5e23439dfdca,krx_kind_distribution_notice_table_v1,1,parsed,unreviewed,2026-08-14T10:58:23+00:00,"KRX KIND 일괄 분배금 공시 행. 기준일·지급예정일·분배금 증거이며, 분배락 적용일·기준가격 증거를 대체하지 않음."
krx-notice-evidence:f66afe04a4503343,krx:kind:distribution_notice:20260729:20260729002071,KR7244660007,244660,KODEX 퀄리티Plus,2026-07-31,2026-08-04,79,table[0]/row[133],KR7244660007 | KODEX 퀄리티Plus | 2026-07-31 | 2026-08-04 | 79 | -,c3b4e529ebbd4b657aa24b94e39ee1d559d88ca10b6b6d1d756f5e23439dfdca,krx_kind_distribution_notice_table_v1,1,parsed,unreviewed,2026-08-14T10:58:23+00:00,"KRX KIND 일괄 분배금 공시 행. 기준일·지급예정일·분배금 증거이며, 분배락 적용일·기준가격 증거를 대체하지 않음."
krx-notice-evidence:f685ddf65bafbf88,krx:kind:distribution_notice:20260729:20260729002071,KR70085P0003,0085P0,ACE 미국10년국채액티브,2026-07-31,2026-08-04,31,table[0]/row[175],KR70085P0003 | ACE 미국10년국채액티브 | 2026-07-31 | 2026-08-04 | 31 | -,c3b4e529ebbd4b657aa24b94e39ee1d559d88ca10b6b6d1d756f5e23439dfdca,krx_kind_distribution_notice_table_v1,1,parsed,unreviewed,2026-08-14T10:58:23+00:00,"KRX KIND 일괄 분배금 공시 행. 기준일·지급예정일·분배금 증거이며, 분배락 적용일·기준가격 증거를 대체하지 않음."
krx-notice-evidence:f6a0a116fcc414f0,krx:kind:distribution_notice:20260729:20260729000622,KR7379790009,379790,RISE 유로스탁스50(H),2026-07-31,2026-08-04,210,table[0]/row[111],KR7379790009 | RISE 유로스탁스50(H) | 2026-07-31 | 2026-08-04 | 210 | -,bd8deffe47187bd98d538398afd9acc505be711b9bde03eaa1db1550f47015f7,krx_kind_distribution_notice_table_v1,1,parsed,unreviewed,2026-08-14T10:58:23+00:00,"KRX KIND 일괄 분배금 공시 행. 기준일·지급예정일·분배금 증거이며, 분배락 적용일·기준가격 증거를 대체하지 않음."
krx-notice-evidence:f6eb64c5ec391183,krx:kind:distribution_notice:20260729:20260729000622,KR7460660004,460660,RISE 미국S&P배당킹,2026-07-31,2026-08-04,30,table[0]/row[101],KR7460660004 | RISE 미국S&P배당킹 | 2026-07-31 | 2026-08-04 | 30 | -,bd8deffe47187bd98d538398afd9acc505be711b9bde03eaa1db1550f47015f7,krx_kind_distribution_notice_table_v1,1,parsed,unreviewed,2026-08-14T10:58:23+00:00,"KRX KIND 일괄 분배금 공시 행. 기준일·지급예정일·분배금 증거이며, 분배락 적용일·기준가격 증거를 대체하지 않음."
krx-notice-evidence:f7430ee47c33a70f,krx:kind:distribution_notice:20260729:20260729000622,KR7411860000,411860,KIWOOM 독일DAX,2026-07-31,2026-08-04,350,table[0]/row[28],KR7411860000 | KIWOOM 독일DAX | 2026-07-31 | 2026-08-04 | 350 | -,bd8deffe47187bd98d538398afd9acc505be711b9bde03eaa1db1550f47015f7,krx_kind_distribution_notice_table_v1,1,parsed,unreviewed,2026-08-14T10:58:23+00:00,"KRX KIND 일괄 분배금 공시 행. 기준일·지급예정일·분배금 증거이며, 분배락 적용일·기준가격 증거를 대체하지 않음."
krx-notice-evidence:f7efd0d26e224d63,krx:kind:distribution_notice:20260729:20260729002071,KR7497780007,497780,KoAct 미국천연가스인프라액티브,2026-07-31,2026-08-04,45,table[0]/row[12],KR7497780007 | KoAct 미국천연가스인프라액티브 | 2026-07-31 | 2026-08-04 | 45 | -,c3b4e529ebbd4b657aa24b94e39ee1d559d88ca10b6b6d1d756f5e23439dfdca,krx_kind_distribution_notice_table_v1,1,parsed,unreviewed,2026-08-14T10:58:23+00:00,"KRX KIND 일괄 분배금 공시 행. 기준일·지급예정일·분배금 증거이며, 분배락 적용일·기준가격 증거를 대체하지 않음."
krx-notice-evidence:f8a84c72d67bc997,krx:kind:distribution_notice:20260729:20260729002071,KR7453630006,453630,KODEX 미국S&P500필수소비재,2026-07-31,2026-08-04,74,table[0]/row[61],KR7453630006 | KODEX 미국S&P500필수소비재 | 2026-07-31 | 2026-08-04 | 74 | -,c3b4e529ebbd4b657aa24b94e39ee1d559d88ca10b6b6d1d756f5e23439dfdca,krx_kind_distribution_notice_table_v1,1,parsed,unreviewed,2026-08-14T10:58:23+00:00,"KRX KIND 일괄 분배금 공시 행. 기준일·지급예정일·분배금 증거이며, 분배락 적용일·기준가격 증거를 대체하지 않음."
krx-notice-evidence:f9120f554d05b53d,krx:kind:distribution_notice:20260729:20260729000622,KR7472150002,472150,TIGER 배당커버드콜액티브,2026-07-31,2026-08-04,375,table[0]/row[172],KR7472150002 | TIGER 배당커버드콜액티브 | 2026-07-31 | 2026-08-04 | 375 | -,bd8deffe47187bd98d538398afd9acc505be711b9bde03eaa1db1550f47015f7,krx_kind_distribution_notice_table_v1,1,parsed,unreviewed,2026-08-14T10:58:23+00:00,"KRX KIND 일괄 분배금 공시 행. 기준일·지급예정일·분배금 증거이며, 분배락 적용일·기준가격 증거를 대체하지 않음."
krx-notice-evidence:f970e8ae20441c61,krx:kind:distribution_notice:20260729:20260729002071,KR7325020006,325020,KODEX 배당가치,2026-07-31,2026-08-04,156,table[0]/row[123],KR7325020006 | KODEX 배당가치 | 2026-07-31 | 2026-08-04 | 156 | -,c3b4e529ebbd4b657aa24b94e39ee1d559d88ca10b6b6d1d756f5e23439dfdca,krx_kind_distribution_notice_table_v1,1,parsed,unreviewed,2026-08-14T10:58:23+00:00,"KRX KIND 일괄 분배금 공시 행. 기준일·지급예정일·분배금 증거이며, 분배락 적용일·기준가격 증거를 대체하지 않음."
krx-notice-evidence:f9e4dfcb6cecf658,krx:kind:distribution_notice:20260729:20260729002071,KR70022T0005,0022T0,SOL 국제금커버드콜액티브,2026-07-31,2026-08-03,44,table[0]/row[151],KR70022T0005 | SOL 국제금커버드콜액티브 | 2026-07-31 | 2026-08-03 | 44 | -,c3b4e529ebbd4b657aa24b94e39ee1d559d88ca10b6b6d1d756f5e23439dfdca,krx_kind_distribution_notice_table_v1,1,parsed,unreviewed,2026-08-14T10:58:23+00:00,"KRX KIND 일괄 분배금 공시 행. 기준일·지급예정일·분배금 증거이며, 분배락 적용일·기준가격 증거를 대체하지 않음."
krx-notice-evidence:fa19e1d8e07572a6,krx:kind:distribution_notice:20260729:20260729000622,KR7407300003,407300,HANARO Fn골프테마,2026-07-31,2026-08-04,10,table[0]/row[10],KR7407300003 | HANARO Fn골프테마 | 2026-07-31 | 2026-08-04 | 10 | -,bd8deffe47187bd98d538398afd9acc505be711b9bde03eaa1db1550f47015f7,krx_kind_distribution_notice_table_v1,1,parsed,unreviewed,2026-08-14T10:58:23+00:00,"KRX KIND 일괄 분배금 공시 행. 기준일·지급예정일·분배금 증거이며, 분배락 적용일·기준가격 증거를 대체하지 않음."
krx-notice-evidence:fac2aaaabe5c0e57,krx:kind:distribution_notice:20260729:20260729000622,KR7139230007,139230,TIGER 200 중공업,2026-07-31,2026-08-04,88,table[0]/row[126],KR7139230007 | TIGER 200 중공업 | 2026-07-31 | 2026-08-04 | 88 | -,bd8deffe47187bd98d538398afd9acc505be711b9bde03eaa1db1550f47015f7,krx_kind_distribution_notice_table_v1,1,parsed,unreviewed,2026-08-14T10:58:23+00:00,"KRX KIND 일괄 분배금 공시 행. 기준일·지급예정일·분배금 증거이며, 분배락 적용일·기준가격 증거를 대체하지 않음."
krx-notice-evidence:fbc555bae82b2556,krx:kind:distribution_notice:20260729:20260729000622,KR7388420002,388420,RISE 비메모리반도체액티브,2026-07-31,2026-08-04,55,table[0]/row[110],KR7388420002 | RISE 비메모리반도체액티브 | 2026-07-31 | 2026-08-04 | 55 | -,bd8deffe47187bd98d538398afd9acc505be711b9bde03eaa1db1550f47015f7,krx_kind_distribution_notice_table_v1,1,parsed,unreviewed,2026-08-14T10:58:23+00:00,"KRX KIND 일괄 분배금 공시 행. 기준일·지급예정일·분배금 증거이며, 분배락 적용일·기준가격 증거를 대체하지 않음."
krx-notice-evidence:fc55726231630156,krx:kind:distribution_notice:20260729:20260729000622,KR70198A0004,0198A0,KIWOOM 코스닥150커버드콜액티브,2026-07-31,2026-08-04,175,table[0]/row[50],KR70198A0004 | KIWOOM 코스닥150커버드콜액티브 | 2026-07-31 | 2026-08-04 | 175 | -,bd8deffe47187bd98d538398afd9acc505be711b9bde03eaa1db1550f47015f7,krx_kind_distribution_notice_table_v1,1,parsed,unreviewed,2026-08-14T10:58:23+00:00,"KRX KIND 일괄 분배금 공시 행. 기준일·지급예정일·분배금 증거이며, 분배락 적용일·기준가격 증거를 대체하지 않음."
krx-notice-evidence:fcb3f62976cde22e,krx:kind:distribution_notice:20260729:20260729000622,KR70015F0000,0015F0,KIWOOM 팔란티어미국30년국채혼합액티브(H),2026-07-31,2026-08-04,20,table[0]/row[52],KR70015F0000 | KIWOOM 팔란티어미국30년국채혼합액티브(H) | 2026-07-31 | 2026-08-04 | 20 | -,bd8deffe47187bd98d538398afd9acc505be711b9bde03eaa1db1550f47015f7,krx_kind_distribution_notice_table_v1,1,parsed,unreviewed,2026-08-14T10:58:23+00:00,"KRX KIND 일괄 분배금 공시 행. 기준일·지급예정일·분배금 증거이며, 분배락 적용일·기준가격 증거를 대체하지 않음."
krx-notice-evidence:fcffd11a39dd70f3,krx:kind:distribution_notice:20260729:20260729002071,KR7469170005,469170,ACE 포스코그룹포커스,2026-07-31,2026-08-04,8,table[0]/row[168],KR7469170005 | ACE 포스코그룹포커스 | 2026-07-31 | 2026-08-04 | 8 | -,c3b4e529ebbd4b657aa24b94e39ee1d559d88ca10b6b6d1d756f5e23439dfdca,krx_kind_distribution_notice_table_v1,1,parsed,unreviewed,2026-08-14T10:58:23+00:00,"KRX KIND 일괄 분배금 공시 행. 기준일·지급예정일·분배금 증거이며, 분배락 적용일·기준가격 증거를 대체하지 않음."
krx-notice-evidence:fd3c49523aa0b528,krx:kind:distribution_notice:20260729:20260729002071,KR7352540009,352540,KODEX 일본부동산리츠(H),2026-07-31,2026-08-04,64,table[0]/row[79],KR7352540009 | KODEX 일본부동산리츠(H) | 2026-07-31 | 2026-08-04 | 64 | -,c3b4e529ebbd4b657aa24b94e39ee1d559d88ca10b6b6d1d756f5e23439dfdca,krx_kind_distribution_notice_table_v1,1,parsed,unreviewed,2026-08-14T10:58:23+00:00,"KRX KIND 일괄 분배금 공시 행. 기준일·지급예정일·분배금 증거이며, 분배락 적용일·기준가격 증거를 대체하지 않음."
krx-notice-evidence:fde54752e32c5159,krx:kind:distribution_notice:20260729:20260729000622,KR70111J0009,0111J0,HANARO 증권고배당TOP3플러스,2026-07-31,2026-08-04,40,table[0]/row[16],KR70111J0009 | HANARO 증권고배당TOP3플러스 | 2026-07-31 | 2026-08-04 | 40 | -,bd8deffe47187bd98d538398afd9acc505be711b9bde03eaa1db1550f47015f7,krx_kind_distribution_notice_table_v1,1,parsed,unreviewed,2026-08-14T10:58:23+00:00,"KRX KIND 일괄 분배금 공시 행. 기준일·지급예정일·분배금 증거이며, 분배락 적용일·기준가격 증거를 대체하지 않음."
krx-notice-evidence:fe53822417f1b170,krx:kind:distribution_notice:20260729:20260729002071,KR7117460006,117460,KODEX 에너지화학,2026-07-31,2026-08-04,35,table[0]/row[94],KR7117460006 | KODEX 에너지화학 | 2026-07-31 | 2026-08-04 | 35 | -,c3b4e529ebbd4b657aa24b94e39ee1d559d88ca10b6b6d1d756f5e23439dfdca,krx_kind_distribution_notice_table_v1,1,parsed,unreviewed,2026-08-14T10:58:23+00:00,"KRX KIND 일괄 분배금 공시 행. 기준일·지급예정일·분배금 증거이며, 분배락 적용일·기준가격 증거를 대체하지 않음."
krx-notice-evidence:fee6605ecdfa7a68,krx:kind:distribution_notice:20260729:20260729000622,KR70036R0001,0036R0,RISE 미국휴머노이드로봇,2026-07-31,2026-08-04,39,table[0]/row[107],KR70036R0001 | RISE 미국휴머노이드로봇 | 2026-07-31 | 2026-08-04 | 39 | -,bd8deffe47187bd98d538398afd9acc505be711b9bde03eaa1db1550f47015f7,krx_kind_distribution_notice_table_v1,1,parsed,unreviewed,2026-08-14T10:58:23+00:00,"KRX KIND 일괄 분배금 공시 행. 기준일·지급예정일·분배금 증거이며, 분배락 적용일·기준가격 증거를 대체하지 않음."
krx-notice-evidence:ff6b9bb2779dca54,krx:kind:distribution_notice:20260729:20260729002071,KR7428510002,428510,KODEX 차이나AI테크액티브,2026-07-31,2026-08-04,43,table[0]/row[28],KR7428510002 | KODEX 차이나AI테크액티브 | 2026-07-31 | 2026-08-04 | 43 | -,c3b4e529ebbd4b657aa24b94e39ee1d559d88ca10b6b6d1d756f5e23439dfdca,krx_kind_distribution_notice_table_v1,1,parsed,unreviewed,2026-08-14T10:58:23+00:00,"KRX KIND 일괄 분배금 공시 행. 기준일·지급예정일·분배금 증거이며, 분배락 적용일·기준가격 증거를 대체하지 않음."
