candidate_id,event_id,source_id,source_owner,etf_id,ticker,etf_name,issuer_ex_date,record_date,pay_date,distribution_per_share_krw,currency,distribution_type,row_locator,raw_row_text,parser_name,parser_version,extraction_status,candidate_status,created_at,updated_at,note
candidate:f5ba6b82772cae767c0b,,issuer:kodex:notice:20260728:monthend,KODEX,KR70000H0005,0000H0,KODEX 인도Nifty미드캡100 ETF,2026-07-30,2026-07-31,2026-08-04,15,KRW,ordinary_cash,table[0]/row[87],0000H0 | KODEX 인도Nifty미드캡100 ETF | 0.14 | 15,kodex_notice_table_v1,1,rule_based_extracted,pending_krx_verification,2026-08-20T22:02:10+00:00,2026-08-20T22:02:10+00:00,운용사 공식 공지에서 규칙 기반 추출. KIND 분배락 적용일·기준가격 대조 전에는 이벤트·TR 계산에 사용하지 않음.
candidate:16cf3612b628fe2f6fac,,issuer:kodex:notice:20260728:monthend,KODEX,KR70005A0007,0005A0,KODEX 미국S&P500데일리커버드콜OTM ETF,2026-07-30,2026-07-31,2026-08-04,126,KRW,ordinary_cash,table[0]/row[6],0005A0 | KODEX 미국S&P500데일리커버드콜OTM ETF | 1.27 | 126,kodex_notice_table_v1,1,rule_based_extracted,pending_krx_verification,2026-08-20T22:02:10+00:00,2026-08-20T22:02:10+00:00,운용사 공식 공지에서 규칙 기반 추출. KIND 분배락 적용일·기준가격 대조 전에는 이벤트·TR 계산에 사용하지 않음.
candidate:9f70bcafa38a89fafa8f,,issuer:kodex:notice:20260728:monthend,KODEX,KR70028X0003,0028X0,KODEX 미국금융테크액티브 ETF,2026-07-30,2026-07-31,2026-08-04,22,KRW,ordinary_cash,table[0]/row[79],0028X0 | KODEX 미국금융테크액티브 ETF | 0.18 | 22,kodex_notice_table_v1,1,rule_based_extracted,pending_krx_verification,2026-08-20T22:02:10+00:00,2026-08-20T22:02:10+00:00,운용사 공식 공지에서 규칙 기반 추출. KIND 분배락 적용일·기준가격 대조 전에는 이벤트·TR 계산에 사용하지 않음.
candidate:4dce095e76ab35e810cc,,issuer:kodex:notice:20260728:monthend,KODEX,KR70038A0008,0038A0,KODEX 미국휴머노이드로봇 ETF,2026-07-30,2026-07-31,2026-08-04,14,KRW,ordinary_cash,table[0]/row[107],0038A0 | KODEX 미국휴머노이드로봇 ETF | 0.09 | 14,kodex_notice_table_v1,1,rule_based_extracted,pending_krx_verification,2026-08-20T22:02:10+00:00,2026-08-20T22:02:10+00:00,운용사 공식 공지에서 규칙 기반 추출. KIND 분배락 적용일·기준가격 대조 전에는 이벤트·TR 계산에 사용하지 않음.
candidate:739fe2bfedb21c3522e4,,issuer:kodex:notice:20260728:monthend,KODEX,KR70041D0000,0041D0,KODEX 미국AI소프트웨어TOP10 ETF,2026-07-30,2026-07-31,2026-08-04,12,KRW,ordinary_cash,table[0]/row[105],0041D0 | KODEX 미국AI소프트웨어TOP10 ETF | 0.10 | 12,kodex_notice_table_v1,1,rule_based_extracted,pending_krx_verification,2026-08-20T22:02:10+00:00,2026-08-20T22:02:10+00:00,운용사 공식 공지에서 규칙 기반 추출. KIND 분배락 적용일·기준가격 대조 전에는 이벤트·TR 계산에 사용하지 않음.
candidate:9aa600e58e9f09d1b9e7,,issuer:kodex:notice:20260728:monthend,KODEX,KR70041E0009,0041E0,KODEX 미국S&P500액티브 ETF,2026-07-30,2026-07-31,2026-08-04,20,KRW,ordinary_cash,table[0]/row[95],0041E0 | KODEX 미국S&P500액티브 ETF | 0.12 | 20,kodex_notice_table_v1,1,rule_based_extracted,pending_krx_verification,2026-08-20T22:02:10+00:00,2026-08-20T22:02:10+00:00,운용사 공식 공지에서 규칙 기반 추출. KIND 분배락 적용일·기준가격 대조 전에는 이벤트·TR 계산에 사용하지 않음.
candidate:80bc723a2263e69b4b52,,issuer:kodex:notice:20260728:monthend,KODEX,KR70048J0007,0048J0,KODEX 미국머니마켓액티브 ETF,2026-07-30,2026-07-31,2026-08-04,60,KRW,ordinary_cash,table[0]/row[43],0048J0 | KODEX 미국머니마켓액티브 ETF | 0.41 | 60,kodex_notice_table_v1,1,rule_based_extracted,pending_krx_verification,2026-08-20T22:02:10+00:00,2026-08-20T22:02:10+00:00,운용사 공식 공지에서 규칙 기반 추출. KIND 분배락 적용일·기준가격 대조 전에는 이벤트·TR 계산에 사용하지 않음.
candidate:f6f0af7510f6d3cae710,,issuer:kodex:notice:20260728:monthend,KODEX,KR70048K0004,0048K0,KODEX 차이나휴머노이드로봇 ETF,2026-07-30,2026-07-31,2026-08-04,23,KRW,ordinary_cash,table[0]/row[61],0048K0 | KODEX 차이나휴머노이드로봇 ETF | 0.27 | 23,kodex_notice_table_v1,1,rule_based_extracted,pending_krx_verification,2026-08-20T22:02:10+00:00,2026-08-20T22:02:10+00:00,운용사 공식 공지에서 규칙 기반 추출. KIND 분배락 적용일·기준가격 대조 전에는 이벤트·TR 계산에 사용하지 않음.
candidate:288b0c5ec6e77131b4f1,,issuer:kodex:notice:20260728:monthend,KODEX,KR70065G0008,0065G0,KODEX 차이나테크TOP10 ETF,2026-07-30,2026-07-31,2026-08-04,53,KRW,ordinary_cash,table[0]/row[35],0065G0 | KODEX 차이나테크TOP10 ETF | 0.54 | 53,kodex_notice_table_v1,1,rule_based_extracted,pending_krx_verification,2026-08-20T22:02:10+00:00,2026-08-20T22:02:10+00:00,운용사 공식 공지에서 규칙 기반 추출. KIND 분배락 적용일·기준가격 대조 전에는 이벤트·TR 계산에 사용하지 않음.
candidate:9428163f156c25ecff6d,,issuer:kodex:notice:20260728:monthend,KODEX,KR70080G0009,0080G0,KODEX 방산TOP10 ETF,2026-07-30,2026-07-31,2026-08-04,5,KRW,ordinary_cash,table[0]/row[116],0080G0 | KODEX 방산TOP10 ETF | 0.05 | 5,kodex_notice_table_v1,1,rule_based_extracted,pending_krx_verification,2026-08-20T22:02:10+00:00,2026-08-20T22:02:10+00:00,운용사 공식 공지에서 규칙 기반 추출. KIND 분배락 적용일·기준가격 대조 전에는 이벤트·TR 계산에 사용하지 않음.
candidate:17ba2620e64b07c7343b,,issuer:kodex:notice:20260728:monthend,KODEX,KR70082V0008,0082V0,KODEX TDF2060액티브 적격 ETF,2026-07-30,2026-07-31,2026-08-04,79,KRW,ordinary_cash,table[0]/row[21],0082V0 | KODEX TDF2060액티브 적격 ETF | 0.69 | 79,kodex_notice_table_v1,1,rule_based_extracted,pending_krx_verification,2026-08-20T22:02:10+00:00,2026-08-20T22:02:10+00:00,운용사 공식 공지에서 규칙 기반 추출. KIND 분배락 적용일·기준가격 대조 전에는 이벤트·TR 계산에 사용하지 않음.
candidate:b597925c75115db2ab58,,issuer:kodex:notice:20260728:monthend,KODEX,KR70089C0004,0089C0,KODEX 미국S&P500변동성확대시커버드콜 ETF,2026-07-30,2026-07-31,2026-08-04,9,KRW,ordinary_cash,table[0]/row[111],0089C0 | KODEX 미국S&P500변동성확대시커버드콜 ETF | 0.08 | 9,kodex_notice_table_v1,1,rule_based_extracted,pending_krx_verification,2026-08-20T22:02:10+00:00,2026-08-20T22:02:10+00:00,운용사 공식 공지에서 규칙 기반 추출. KIND 분배락 적용일·기준가격 대조 전에는 이벤트·TR 계산에 사용하지 않음.
candidate:6fd4fc3dd41653039f68,,issuer:kodex:notice:20260728:monthend,KODEX,KR70115E0000,0115E0,KODEX 코리아소버린AI ETF,2026-07-30,2026-07-31,2026-08-04,25,KRW,ordinary_cash,table[0]/row[73],0115E0 | KODEX 코리아소버린AI ETF | 0.20 | 25,kodex_notice_table_v1,1,rule_based_extracted,pending_krx_verification,2026-08-20T22:02:10+00:00,2026-08-20T22:02:10+00:00,운용사 공식 공지에서 규칙 기반 추출. KIND 분배락 적용일·기준가격 대조 전에는 이벤트·TR 계산에 사용하지 않음.
candidate:3389459056e0d1e3e7dd,,issuer:kodex:notice:20260728:monthend,KODEX,KR70132H0006,0132H0,KODEX 미국원자력SMR ETF,2026-07-30,2026-07-31,2026-08-04,4,KRW,ordinary_cash,table[0]/row[118],0132H0 | KODEX 미국원자력SMR ETF | 0.05 | 4,kodex_notice_table_v1,1,rule_based_extracted,pending_krx_verification,2026-08-20T22:02:10+00:00,2026-08-20T22:02:10+00:00,운용사 공식 공지에서 규칙 기반 추출. KIND 분배락 적용일·기준가격 대조 전에는 이벤트·TR 계산에 사용하지 않음.
candidate:83a654b9f654f436ac1a,,issuer:kodex:notice:20260728:monthend,KODEX,KR70144L0006,0144L0,KODEX 미국성장커버드콜액티브 ETF,2026-07-30,2026-07-31,2026-08-04,99,KRW,ordinary_cash,table[0]/row[10],0144L0 | KODEX 미국성장커버드콜액티브 ETF | 1.01 | 99,kodex_notice_table_v1,1,rule_based_extracted,pending_krx_verification,2026-08-20T22:02:10+00:00,2026-08-20T22:02:10+00:00,운용사 공식 공지에서 규칙 기반 추출. KIND 분배락 적용일·기준가격 대조 전에는 이벤트·TR 계산에 사용하지 않음.
candidate:bd20aa2fd828688ad130,,issuer:kodex:notice:20260728:monthend,KODEX,KR70144M0005,0144M0,KODEX 미국드론UAM TOP10 ETF,2026-07-30,2026-07-31,2026-08-04,2,KRW,ordinary_cash,table[0]/row[121],0144M0 | KODEX 미국드론UAM TOP10 ETF | 0.03 | 2,kodex_notice_table_v1,1,rule_based_extracted,pending_krx_verification,2026-08-20T22:02:10+00:00,2026-08-20T22:02:10+00:00,운용사 공식 공지에서 규칙 기반 추출. KIND 분배락 적용일·기준가격 대조 전에는 이벤트·TR 계산에 사용하지 않음.
candidate:f0c6a94b4b7738fe3a2e,,issuer:kodex:notice:20260728:monthend,KODEX,KR70151S0009,0151S0,KODEX 미국AI반도체TOP3플러스 ETF,2026-07-30,2026-07-31,2026-08-04,13,KRW,ordinary_cash,table[0]/row[108],0151S0 | KODEX 미국AI반도체TOP3플러스 ETF | 0.09 | 13,kodex_notice_table_v1,1,rule_based_extracted,pending_krx_verification,2026-08-20T22:02:10+00:00,2026-08-20T22:02:10+00:00,운용사 공식 공지에서 규칙 기반 추출. KIND 분배락 적용일·기준가격 대조 전에는 이벤트·TR 계산에 사용하지 않음.
candidate:34a5b4758da167ff9d14,,issuer:kodex:notice:20260728:monthend,KODEX,KR70162L0003,0162L0,KODEX 차이나AI반도체TOP10 ETF,2026-07-30,2026-07-31,2026-08-04,17,KRW,ordinary_cash,table[0]/row[97],0162L0 | KODEX 차이나AI반도체TOP10 ETF | 0.12 | 17,kodex_notice_table_v1,1,rule_based_extracted,pending_krx_verification,2026-08-20T22:02:10+00:00,2026-08-20T22:02:10+00:00,운용사 공식 공지에서 규칙 기반 추출. KIND 분배락 적용일·기준가격 대조 전에는 이벤트·TR 계산에 사용하지 않음.
candidate:95c65ba28d0295951121,,issuer:kodex:notice:20260728:monthend,KODEX,KR70167Z0002,0167Z0,KODEX 미국우주항공 ETF,2026-07-30,2026-07-31,2026-08-04,8,KRW,ordinary_cash,table[0]/row[98],0167Z0 | KODEX 미국우주항공 ETF | 0.11 | 8,kodex_notice_table_v1,1,rule_based_extracted,pending_krx_verification,2026-08-20T22:02:10+00:00,2026-08-20T22:02:10+00:00,운용사 공식 공지에서 규칙 기반 추출. KIND 분배락 적용일·기준가격 대조 전에는 이벤트·TR 계산에 사용하지 않음.
candidate:e664e47669768bf1c085,,issuer:kodex:notice:20260728:monthend,KODEX,KR70173Y0005,0173Y0,KODEX 미국AI광통신네트워크 ETF,2026-07-30,2026-07-31,2026-08-04,5,KRW,ordinary_cash,table[0]/row[117],0173Y0 | KODEX 미국AI광통신네트워크 ETF | 0.05 | 5,kodex_notice_table_v1,1,rule_based_extracted,pending_krx_verification,2026-08-20T22:02:10+00:00,2026-08-20T22:02:10+00:00,운용사 공식 공지에서 규칙 기반 추출. KIND 분배락 적용일·기준가격 대조 전에는 이벤트·TR 계산에 사용하지 않음.
candidate:23455cdbca23bf470d78,,issuer:kodex:notice:20260728:monthend,KODEX,KR70190G0006,0190G0,KODEX 반도체타겟위클리커버드콜 ETF,2026-07-30,2026-07-31,2026-08-04,66,KRW,ordinary_cash,table[0]/row[13],0190G0 | KODEX 반도체타겟위클리커버드콜 ETF | 0.87 | 66,kodex_notice_table_v1,1,rule_based_extracted,pending_krx_verification,2026-08-20T22:02:10+00:00,2026-08-20T22:02:10+00:00,운용사 공식 공지에서 규칙 기반 추출. KIND 분배락 적용일·기준가격 대조 전에는 이벤트·TR 계산에 사용하지 않음.
candidate:1a10bb14c98450bd79dd,,issuer:kodex:notice:20260728:monthend,KODEX,KR70219E0005,0219E0,KODEX 200커버드콜액티브 ETF,2026-07-30,2026-07-31,2026-08-04,153,KRW,ordinary_cash,table[0]/row[1],0219E0 | KODEX 200커버드콜액티브 ETF | 1.99 | 153,kodex_notice_table_v1,1,rule_based_extracted,pending_krx_verification,2026-08-20T22:02:10+00:00,2026-08-20T22:02:10+00:00,운용사 공식 공지에서 규칙 기반 추출. KIND 분배락 적용일·기준가격 대조 전에는 이벤트·TR 계산에 사용하지 않음.
candidate:69f163b3f7ca932d2cc9,,issuer:kodex:notice:20260728:monthend,KODEX,KR7069500007,069500,KODEX 200 ETF,2026-07-30,2026-07-31,2026-08-04,183,KRW,ordinary_cash,table[0]/row[75],069500 | KODEX 200 ETF | 0.19 | 183,kodex_notice_table_v1,1,rule_based_extracted,pending_krx_verification,2026-08-20T22:02:10+00:00,2026-08-20T22:02:10+00:00,운용사 공식 공지에서 규칙 기반 추출. KIND 분배락 적용일·기준가격 대조 전에는 이벤트·TR 계산에 사용하지 않음.
candidate:c290758f9e1d006d1735,,issuer:kodex:notice:20260728:monthend,KODEX,KR7091170001,091170,KODEX 은행 ETF,2026-07-30,2026-07-31,2026-08-04,60,KRW,ordinary_cash,table[0]/row[46],091170 | KODEX 은행 ETF | 0.39 | 60,kodex_notice_table_v1,1,rule_based_extracted,pending_krx_verification,2026-08-20T22:02:10+00:00,2026-08-20T22:02:10+00:00,운용사 공식 공지에서 규칙 기반 추출. KIND 분배락 적용일·기준가격 대조 전에는 이벤트·TR 계산에 사용하지 않음.
candidate:37db3a8079601d550033,,issuer:kodex:notice:20260728:monthend,KODEX,KR7091180000,091180,KODEX 자동차 ETF,2026-07-30,2026-07-31,2026-08-04,151,KRW,ordinary_cash,table[0]/row[31],091180 | KODEX 자동차 ETF | 0.57 | 151,kodex_notice_table_v1,1,rule_based_extracted,pending_krx_verification,2026-08-20T22:02:10+00:00,2026-08-20T22:02:10+00:00,운용사 공식 공지에서 규칙 기반 추출. KIND 분배락 적용일·기준가격 대조 전에는 이벤트·TR 계산에 사용하지 않음.
candidate:50e8a689b06b74657b52,,issuer:kodex:notice:20260728:monthend,KODEX,KR7099140006,099140,KODEX 차이나H ETF,2026-07-30,2026-07-31,2026-08-04,284,KRW,ordinary_cash,table[0]/row[7],099140 | KODEX 차이나H ETF | 1.25 | 284,kodex_notice_table_v1,1,rule_based_extracted,pending_krx_verification,2026-08-20T22:02:10+00:00,2026-08-20T22:02:10+00:00,운용사 공식 공지에서 규칙 기반 추출. KIND 분배락 적용일·기준가격 대조 전에는 이벤트·TR 계산에 사용하지 않음.
candidate:fe5588aa1ecbc85295c2,,issuer:kodex:notice:20260728:monthend,KODEX,KR7101280006,101280,KODEX 일본TOPIX100 ETF,2026-07-30,2026-07-31,2026-08-04,50,KRW,ordinary_cash,table[0]/row[84],101280 | KODEX 일본TOPIX100 ETF | 0.17 | 50,kodex_notice_table_v1,1,rule_based_extracted,pending_krx_verification,2026-08-20T22:02:10+00:00,2026-08-20T22:02:10+00:00,운용사 공식 공지에서 규칙 기반 추출. KIND 분배락 적용일·기준가격 대조 전에는 이벤트·TR 계산에 사용하지 않음.
candidate:961220488b9f57366b9b,,issuer:kodex:notice:20260728:monthend,KODEX,KR7102970001,102970,KODEX 증권 ETF,2026-07-30,2026-07-31,2026-08-04,149,KRW,ordinary_cash,table[0]/row[16],102970 | KODEX 증권 ETF | 0.82 | 149,kodex_notice_table_v1,1,rule_based_extracted,pending_krx_verification,2026-08-20T22:02:10+00:00,2026-08-20T22:02:10+00:00,운용사 공식 공지에서 규칙 기반 추출. KIND 분배락 적용일·기준가격 대조 전에는 이벤트·TR 계산에 사용하지 않음.
candidate:cc09a02de82404a0258f,,issuer:kodex:notice:20260728:monthend,KODEX,KR7117460006,117460,KODEX 에너지화학 ETF,2026-07-30,2026-07-31,2026-08-04,35,KRW,ordinary_cash,table[0]/row[58],117460 | KODEX 에너지화학 ETF | 0.29 | 35,kodex_notice_table_v1,1,rule_based_extracted,pending_krx_verification,2026-08-20T22:02:10+00:00,2026-08-20T22:02:10+00:00,운용사 공식 공지에서 규칙 기반 추출. KIND 분배락 적용일·기준가격 대조 전에는 이벤트·TR 계산에 사용하지 않음.
candidate:184ed547913c41799e19,,issuer:kodex:notice:20260728:monthend,KODEX,KR7117680009,117680,KODEX 철강 ETF,2026-07-30,2026-07-31,2026-08-04,70,KRW,ordinary_cash,table[0]/row[23],117680 | KODEX 철강 ETF | 0.68 | 70,kodex_notice_table_v1,1,rule_based_extracted,pending_krx_verification,2026-08-20T22:02:10+00:00,2026-08-20T22:02:10+00:00,운용사 공식 공지에서 규칙 기반 추출. KIND 분배락 적용일·기준가격 대조 전에는 이벤트·TR 계산에 사용하지 않음.
candidate:8b8c34aa7858a0dbc5ef,,issuer:kodex:notice:20260728:monthend,KODEX,KR7117700005,117700,KODEX 건설 ETF,2026-07-30,2026-07-31,2026-08-04,19,KRW,ordinary_cash,table[0]/row[53],117700 | KODEX 건설 ETF | 0.33 | 19,kodex_notice_table_v1,1,rule_based_extracted,pending_krx_verification,2026-08-20T22:02:10+00:00,2026-08-20T22:02:10+00:00,운용사 공식 공지에서 규칙 기반 추출. KIND 분배락 적용일·기준가격 대조 전에는 이벤트·TR 계산에 사용하지 않음.
candidate:6a96ad4fef8576aa2ac0,,issuer:kodex:notice:20260728:monthend,KODEX,KR7140700006,140700,KODEX 보험 ETF,2026-07-30,2026-07-31,2026-08-04,24,KRW,ordinary_cash,table[0]/row[92],140700 | KODEX 보험 ETF | 0.13 | 24,kodex_notice_table_v1,1,rule_based_extracted,pending_krx_verification,2026-08-20T22:02:10+00:00,2026-08-20T22:02:10+00:00,운용사 공식 공지에서 규칙 기반 추출. KIND 분배락 적용일·기준가격 대조 전에는 이벤트·TR 계산에 사용하지 않음.
candidate:b75d5006c97128593256,,issuer:kodex:notice:20260728:monthend,KODEX,KR7140710005,140710,KODEX 운송 ETF,2026-07-30,2026-07-31,2026-08-04,93,KRW,ordinary_cash,table[0]/row[4],140710 | KODEX 운송 ETF | 1.53 | 93,kodex_notice_table_v1,1,rule_based_extracted,pending_krx_verification,2026-08-20T22:02:10+00:00,2026-08-20T22:02:10+00:00,운용사 공식 공지에서 규칙 기반 추출. KIND 분배락 적용일·기준가격 대조 전에는 이벤트·TR 계산에 사용하지 않음.
candidate:8fd7bea6edf36fcc75be,,issuer:kodex:notice:20260728:monthend,KODEX,KR7156080004,156080,KODEX MSCI Korea ETF,2026-07-30,2026-07-31,2026-08-04,81,KRW,ordinary_cash,table[0]/row[80],156080 | KODEX MSCI Korea ETF | 0.18 | 81,kodex_notice_table_v1,1,rule_based_extracted,pending_krx_verification,2026-08-20T22:02:10+00:00,2026-08-20T22:02:10+00:00,운용사 공식 공지에서 규칙 기반 추출. KIND 분배락 적용일·기준가격 대조 전에는 이벤트·TR 계산에 사용하지 않음.
candidate:84c0d30fc78076dea39a,,issuer:kodex:notice:20260728:monthend,KODEX,KR7211900006,211900,KODEX 코리아배당성장 ETF,2026-07-30,2026-07-31,2026-08-04,24,KRW,ordinary_cash,table[0]/row[109],211900 | KODEX 코리아배당성장 ETF | 0.09 | 24,kodex_notice_table_v1,1,rule_based_extracted,pending_krx_verification,2026-08-20T22:02:10+00:00,2026-08-20T22:02:10+00:00,운용사 공식 공지에서 규칙 기반 추출. KIND 분배락 적용일·기준가격 대조 전에는 이벤트·TR 계산에 사용하지 않음.
candidate:eb77b9793a8ec40de896,,issuer:kodex:notice:20260728:monthend,KODEX,KR7213610009,213610,KODEX 삼성그룹밸류 ETF,2026-07-30,2026-07-31,2026-08-04,3,KRW,ordinary_cash,table[0]/row[124],213610 | KODEX 삼성그룹밸류 ETF | 0.01 | 3,kodex_notice_table_v1,1,rule_based_extracted,pending_krx_verification,2026-08-20T22:02:10+00:00,2026-08-20T22:02:10+00:00,운용사 공식 공지에서 규칙 기반 추출. KIND 분배락 적용일·기준가격 대조 전에는 이벤트·TR 계산에 사용하지 않음.
candidate:bfc8a6cd70d5b5ca1660,,issuer:kodex:notice:20260728:monthend,KODEX,KR7223190000,223190,KODEX 200가치저변동 ETF,2026-07-30,2026-07-31,2026-08-04,94,KRW,ordinary_cash,table[0]/row[49],223190 | KODEX 200가치저변동 ETF | 0.37 | 94,kodex_notice_table_v1,1,rule_based_extracted,pending_krx_verification,2026-08-20T22:02:10+00:00,2026-08-20T22:02:10+00:00,운용사 공식 공지에서 규칙 기반 추출. KIND 분배락 적용일·기준가격 대조 전에는 이벤트·TR 계산에 사용하지 않음.
candidate:bad4ed044821612d9ff4,,issuer:kodex:notice:20260728:monthend,KODEX,KR7226490001,226490,KODEX 코스피 ETF,2026-07-30,2026-07-31,2026-08-04,151,KRW,ordinary_cash,table[0]/row[65],226490 | KODEX 코스피 ETF | 0.24 | 151,kodex_notice_table_v1,1,rule_based_extracted,pending_krx_verification,2026-08-20T22:02:10+00:00,2026-08-20T22:02:10+00:00,운용사 공식 공지에서 규칙 기반 추출. KIND 분배락 적용일·기준가격 대조 전에는 이벤트·TR 계산에 사용하지 않음.
candidate:7011f69e36e3f066b26d,,issuer:kodex:notice:20260728:monthend,KODEX,KR7226980001,226980,KODEX 200 중소형 ETF,2026-07-30,2026-07-31,2026-08-04,111,KRW,ordinary_cash,table[0]/row[36],226980 | KODEX 200 중소형 ETF | 0.54 | 111,kodex_notice_table_v1,1,rule_based_extracted,pending_krx_verification,2026-08-20T22:02:10+00:00,2026-08-20T22:02:10+00:00,운용사 공식 공지에서 규칙 기반 추출. KIND 분배락 적용일·기준가격 대조 전에는 이벤트·TR 계산에 사용하지 않음.
candidate:621b7f3306cd11b87600,,issuer:kodex:notice:20260728:monthend,KODEX,KR7229720008,229720,KODEX KTOP30 ETF,2026-07-30,2026-07-31,2026-08-04,31,KRW,ordinary_cash,table[0]/row[106],229720 | KODEX KTOP30 ETF | 0.10 | 31,kodex_notice_table_v1,1,rule_based_extracted,pending_krx_verification,2026-08-20T22:02:10+00:00,2026-08-20T22:02:10+00:00,운용사 공식 공지에서 규칙 기반 추출. KIND 분배락 적용일·기준가격 대조 전에는 이벤트·TR 계산에 사용하지 않음.
candidate:0ca25c43bf572833ce37,,issuer:kodex:notice:20260728:monthend,KODEX,KR7237350004,237350,KODEX 코스피100 ETF,2026-07-30,2026-07-31,2026-08-04,134,KRW,ordinary_cash,table[0]/row[82],237350 | KODEX 코스피100 ETF | 0.18 | 134,kodex_notice_table_v1,1,rule_based_extracted,pending_krx_verification,2026-08-20T22:02:10+00:00,2026-08-20T22:02:10+00:00,운용사 공식 공지에서 규칙 기반 추출. KIND 분배락 적용일·기준가격 대조 전에는 이벤트·TR 계산에 사용하지 않음.
candidate:a85cdbf5f911e5f1bf51,,issuer:kodex:notice:20260728:monthend,KODEX,KR7244660007,244660,KODEX 퀄리티Plus ETF,2026-07-30,2026-07-31,2026-08-04,79,KRW,ordinary_cash,table[0]/row[12],244660 | KODEX 퀄리티Plus ETF | 0.88 | 79,kodex_notice_table_v1,1,rule_based_extracted,pending_krx_verification,2026-08-20T22:02:10+00:00,2026-08-20T22:02:10+00:00,운용사 공식 공지에서 규칙 기반 추출. KIND 분배락 적용일·기준가격 대조 전에는 이벤트·TR 계산에 사용하지 않음.
candidate:ff29ff3fcd980c3c181a,,issuer:kodex:notice:20260728:monthend,KODEX,KR7244670006,244670,KODEX 밸류Plus ETF,2026-07-30,2026-07-31,2026-08-04,179,KRW,ordinary_cash,table[0]/row[3],244670 | KODEX 밸류Plus ETF | 1.64 | 179,kodex_notice_table_v1,1,rule_based_extracted,pending_krx_verification,2026-08-20T22:02:10+00:00,2026-08-20T22:02:10+00:00,운용사 공식 공지에서 규칙 기반 추출. KIND 분배락 적용일·기준가격 대조 전에는 이벤트·TR 계산에 사용하지 않음.
candidate:bf56798952b0a3ded3fc,,issuer:kodex:notice:20260728:monthend,KODEX,KR7251350005,251350,KODEX MSCI선진국 ETF,2026-07-30,2026-07-31,2026-08-04,179,KRW,ordinary_cash,table[0]/row[40],251350 | KODEX MSCI선진국 ETF | 0.45 | 179,kodex_notice_table_v1,1,rule_based_extracted,pending_krx_verification,2026-08-20T22:02:10+00:00,2026-08-20T22:02:10+00:00,운용사 공식 공지에서 규칙 기반 추출. KIND 분배락 적용일·기준가격 대조 전에는 이벤트·TR 계산에 사용하지 않음.
candidate:761761c9c5907c938667,,issuer:kodex:notice:20260728:monthend,KODEX,KR7252650007,252650,KODEX 200동일가중 ETF,2026-07-30,2026-07-31,2026-08-04,100,KRW,ordinary_cash,table[0]/row[29],252650 | KODEX 200동일가중 ETF | 0.58 | 100,kodex_notice_table_v1,1,rule_based_extracted,pending_krx_verification,2026-08-20T22:02:10+00:00,2026-08-20T22:02:10+00:00,운용사 공식 공지에서 규칙 기반 추출. KIND 분배락 적용일·기준가격 대조 전에는 이벤트·TR 계산에 사용하지 않음.
candidate:154455085d97ad81972d,,issuer:kodex:notice:20260728:monthend,KODEX,KR7266390004,266390,KODEX 경기소비재 ETF,2026-07-30,2026-07-31,2026-08-04,114,KRW,ordinary_cash,table[0]/row[17],266390 | KODEX 경기소비재 ETF | 0.81 | 114,kodex_notice_table_v1,1,rule_based_extracted,pending_krx_verification,2026-08-20T22:02:10+00:00,2026-08-20T22:02:10+00:00,운용사 공식 공지에서 규칙 기반 추출. KIND 분배락 적용일·기준가격 대조 전에는 이벤트·TR 계산에 사용하지 않음.
candidate:9521249b055ac3fa020d,,issuer:kodex:notice:20260728:monthend,KODEX,KR7266410000,266410,KODEX 필수소비재 ETF,2026-07-30,2026-07-31,2026-08-04,51,KRW,ordinary_cash,table[0]/row[32],266410 | KODEX 필수소비재 ETF | 0.57 | 51,kodex_notice_table_v1,1,rule_based_extracted,pending_krx_verification,2026-08-20T22:02:10+00:00,2026-08-20T22:02:10+00:00,운용사 공식 공지에서 규칙 기반 추출. KIND 분배락 적용일·기준가격 대조 전에는 이벤트·TR 계산에 사용하지 않음.
candidate:d8af390ae28cf92334dc,,issuer:kodex:notice:20260728:monthend,KODEX,KR7275280006,275280,KODEX 모멘텀주 ETF,2026-07-30,2026-07-31,2026-08-04,39,KRW,ordinary_cash,table[0]/row[100],275280 | KODEX 모멘텀주 ETF | 0.11 | 39,kodex_notice_table_v1,1,rule_based_extracted,pending_krx_verification,2026-08-20T22:02:10+00:00,2026-08-20T22:02:10+00:00,운용사 공식 공지에서 규칙 기반 추출. KIND 분배락 적용일·기준가격 대조 전에는 이벤트·TR 계산에 사용하지 않음.
candidate:76a31609d8a1d15e3ec5,,issuer:kodex:notice:20260728:monthend,KODEX,KR7275290005,275290,KODEX 가치주 ETF,2026-07-30,2026-07-31,2026-08-04,88,KRW,ordinary_cash,table[0]/row[59],275290 | KODEX 가치주 ETF | 0.29 | 88,kodex_notice_table_v1,1,rule_based_extracted,pending_krx_verification,2026-08-20T22:02:10+00:00,2026-08-20T22:02:10+00:00,운용사 공식 공지에서 규칙 기반 추출. KIND 분배락 적용일·기준가격 대조 전에는 이벤트·TR 계산에 사용하지 않음.
candidate:be373dff9cbda319ad91,,issuer:kodex:notice:20260728:monthend,KODEX,KR7275300002,275300,KODEX 우량주 ETF,2026-07-30,2026-07-31,2026-08-04,20,KRW,ordinary_cash,table[0]/row[112],275300 | KODEX 우량주 ETF | 0.08 | 20,kodex_notice_table_v1,1,rule_based_extracted,pending_krx_verification,2026-08-20T22:02:10+00:00,2026-08-20T22:02:10+00:00,운용사 공식 공지에서 규칙 기반 추출. KIND 분배락 적용일·기준가격 대조 전에는 이벤트·TR 계산에 사용하지 않음.
candidate:894dad0b8eebe2e4a582,,issuer:kodex:notice:20260728:monthend,KODEX,KR7279530000,279530,KODEX 고배당주 ETF,2026-07-30,2026-07-31,2026-08-04,76,KRW,ordinary_cash,table[0]/row[41],279530 | KODEX 고배당주 ETF | 0.44 | 76,kodex_notice_table_v1,1,rule_based_extracted,pending_krx_verification,2026-08-20T22:02:10+00:00,2026-08-20T22:02:10+00:00,운용사 공식 공지에서 규칙 기반 추출. KIND 분배락 적용일·기준가격 대조 전에는 이벤트·TR 계산에 사용하지 않음.
candidate:207b5b2ec2951fd9db86,,issuer:kodex:notice:20260728:monthend,KODEX,KR7279540009,279540,KODEX 최소변동성 ETF,2026-07-30,2026-07-31,2026-08-04,71,KRW,ordinary_cash,table[0]/row[48],279540 | KODEX 최소변동성 ETF | 0.38 | 71,kodex_notice_table_v1,1,rule_based_extracted,pending_krx_verification,2026-08-20T22:02:10+00:00,2026-08-20T22:02:10+00:00,운용사 공식 공지에서 규칙 기반 추출. KIND 분배락 적용일·기준가격 대조 전에는 이벤트·TR 계산에 사용하지 않음.
candidate:410de5e7b16458e9b5a6,,issuer:kodex:notice:20260728:monthend,KODEX,KR7283580009,283580,KODEX 차이나CSI300 ETF,2026-07-30,2026-07-31,2026-08-04,126,KRW,ordinary_cash,table[0]/row[19],283580 | KODEX 차이나CSI300 ETF | 0.79 | 126,kodex_notice_table_v1,1,rule_based_extracted,pending_krx_verification,2026-08-20T22:02:10+00:00,2026-08-20T22:02:10+00:00,운용사 공식 공지에서 규칙 기반 추출. KIND 분배락 적용일·기준가격 대조 전에는 이벤트·TR 계산에 사용하지 않음.
candidate:6efa91087b6f51ce1404,,issuer:kodex:notice:20260728:monthend,KODEX,KR7289040008,289040,KODEX MSCI KOREA ESG유니버설 ETF,2026-07-30,2026-07-31,2026-08-04,36,KRW,ordinary_cash,table[0]/row[96],289040 | KODEX MSCI KOREA ESG유니버설 ETF | 0.12 | 36,kodex_notice_table_v1,1,rule_based_extracted,pending_krx_verification,2026-08-20T22:02:10+00:00,2026-08-20T22:02:10+00:00,운용사 공식 공지에서 규칙 기반 추출. KIND 분배락 적용일·기준가격 대조 전에는 이벤트·TR 계산에 사용하지 않음.
candidate:9be491ae03b7bdc60d21,,issuer:kodex:notice:20260728:monthend,KODEX,KR7292190006,292190,KODEX KRX300 ETF,2026-07-30,2026-07-31,2026-08-04,93,KRW,ordinary_cash,table[0]/row[67],292190 | KODEX KRX300 ETF | 0.22 | 93,kodex_notice_table_v1,1,rule_based_extracted,pending_krx_verification,2026-08-20T22:02:10+00:00,2026-08-20T22:02:10+00:00,운용사 공식 공지에서 규칙 기반 추출. KIND 분배락 적용일·기준가격 대조 전에는 이벤트·TR 계산에 사용하지 않음.
candidate:df10b3054776f0f4ca7a,,issuer:kodex:notice:20260728:monthend,KODEX,KR7298770009,298770,KODEX 한국대만IT프리미어 ETF,2026-07-30,2026-07-31,2026-08-04,109,KRW,ordinary_cash,table[0]/row[86],298770 | KODEX 한국대만IT프리미어 ETF | 0.15 | 109,kodex_notice_table_v1,1,rule_based_extracted,pending_krx_verification,2026-08-20T22:02:10+00:00,2026-08-20T22:02:10+00:00,운용사 공식 공지에서 규칙 기반 추출. KIND 분배락 적용일·기준가격 대조 전에는 이벤트·TR 계산에 사용하지 않음.
candidate:f8e0f089ccacea455a8f,,issuer:kodex:notice:20260728:monthend,KODEX,KR7314250002,314250,KODEX 미국빅테크10(H) ETF,2026-07-30,2026-07-31,2026-08-04,74,KRW,ordinary_cash,table[0]/row[90],314250 | KODEX 미국빅테크10(H) ETF | 0.13 | 74,kodex_notice_table_v1,1,rule_based_extracted,pending_krx_verification,2026-08-20T22:02:10+00:00,2026-08-20T22:02:10+00:00,운용사 공식 공지에서 규칙 기반 추출. KIND 분배락 적용일·기준가격 대조 전에는 이벤트·TR 계산에 사용하지 않음.
candidate:50ebea142f8c004a6864,,issuer:kodex:notice:20260728:monthend,KODEX,KR7321410003,321410,KODEX 멀티에셋하이인컴(H) ETF,2026-07-30,2026-07-31,2026-08-04,88,KRW,ordinary_cash,table[0]/row[15],321410 | KODEX 멀티에셋하이인컴(H) ETF | 0.83 | 88,kodex_notice_table_v1,1,rule_based_extracted,pending_krx_verification,2026-08-20T22:02:10+00:00,2026-08-20T22:02:10+00:00,운용사 공식 공지에서 규칙 기반 추출. KIND 분배락 적용일·기준가격 대조 전에는 이벤트·TR 계산에 사용하지 않음.
candidate:d217403f9a521b1503a9,,issuer:kodex:notice:20260728:monthend,KODEX,KR7325010007,325010,KODEX 성장주 ETF,2026-07-30,2026-07-31,2026-08-04,4,KRW,ordinary_cash,table[0]/row[125],325010 | KODEX 성장주 ETF | 0.01 | 4,kodex_notice_table_v1,1,rule_based_extracted,pending_krx_verification,2026-08-20T22:02:10+00:00,2026-08-20T22:02:10+00:00,운용사 공식 공지에서 규칙 기반 추출. KIND 분배락 적용일·기준가격 대조 전에는 이벤트·TR 계산에 사용하지 않음.
candidate:c53945e656e299986d17,,issuer:kodex:notice:20260728:monthend,KODEX,KR7325020006,325020,KODEX 배당가치 ETF,2026-07-30,2026-07-31,2026-08-04,156,KRW,ordinary_cash,table[0]/row[30],325020 | KODEX 배당가치 ETF | 0.57 | 156,kodex_notice_table_v1,1,rule_based_extracted,pending_krx_verification,2026-08-20T22:02:10+00:00,2026-08-20T22:02:10+00:00,운용사 공식 공지에서 규칙 기반 추출. KIND 분배락 적용일·기준가격 대조 전에는 이벤트·TR 계산에 사용하지 않음.
candidate:47d9113f9a9924a54909,,issuer:kodex:notice:20260728:monthend,KODEX,KR7337120000,337120,KODEX 멀티팩터 ETF,2026-07-30,2026-07-31,2026-08-04,83,KRW,ordinary_cash,table[0]/row[60],337120 | KODEX 멀티팩터 ETF | 0.27 | 83,kodex_notice_table_v1,1,rule_based_extracted,pending_krx_verification,2026-08-20T22:02:10+00:00,2026-08-20T22:02:10+00:00,운용사 공식 공지에서 규칙 기반 추출. KIND 분배락 적용일·기준가격 대조 전에는 이벤트·TR 계산에 사용하지 않음.
candidate:95ec8839cd31fceaafcc,,issuer:kodex:notice:20260728:monthend,KODEX,KR7337140008,337140,KODEX 코스피대형주 ETF,2026-07-30,2026-07-31,2026-08-04,61,KRW,ordinary_cash,table[0]/row[76],337140 | KODEX 코스피대형주 ETF | 0.19 | 61,kodex_notice_table_v1,1,rule_based_extracted,pending_krx_verification,2026-08-20T22:02:10+00:00,2026-08-20T22:02:10+00:00,운용사 공식 공지에서 규칙 기반 추출. KIND 분배락 적용일·기준가격 대조 전에는 이벤트·TR 계산에 사용하지 않음.
candidate:9a6716b7946059bfbaeb,,issuer:kodex:notice:20260728:monthend,KODEX,KR7337150007,337150,KODEX 200exTOP ETF,2026-07-30,2026-07-31,2026-08-04,79,KRW,ordinary_cash,table[0]/row[50],337150 | KODEX 200exTOP ETF | 0.35 | 79,kodex_notice_table_v1,1,rule_based_extracted,pending_krx_verification,2026-08-20T22:02:10+00:00,2026-08-20T22:02:10+00:00,운용사 공식 공지에서 규칙 기반 추출. KIND 분배락 적용일·기준가격 대조 전에는 이벤트·TR 계산에 사용하지 않음.
candidate:1228d06789a9d6d56f2d,,issuer:kodex:notice:20260728:monthend,KODEX,KR7337160006,337160,KODEX 200ESG ETF,2026-07-30,2026-07-31,2026-08-04,80,KRW,ordinary_cash,table[0]/row[77],337160 | KODEX 200ESG ETF | 0.19 | 80,kodex_notice_table_v1,1,rule_based_extracted,pending_krx_verification,2026-08-20T22:02:10+00:00,2026-08-20T22:02:10+00:00,운용사 공식 공지에서 규칙 기반 추출. KIND 분배락 적용일·기준가격 대조 전에는 이벤트·TR 계산에 사용하지 않음.
candidate:c6ca941069a8d65e78d9,,issuer:kodex:notice:20260728:monthend,KODEX,KR7352540009,352540,KODEX 일본부동산리츠(H) ETF,2026-07-30,2026-07-31,2026-08-04,64,KRW,ordinary_cash,table[0]/row[37],352540 | KODEX 일본부동산리츠(H) ETF | 0.54 | 64,kodex_notice_table_v1,1,rule_based_extracted,pending_krx_verification,2026-08-20T22:02:10+00:00,2026-08-20T22:02:10+00:00,운용사 공식 공지에서 규칙 기반 추출. KIND 분배락 적용일·기준가격 대조 전에는 이벤트·TR 계산에 사용하지 않음.
candidate:0c0fad75f715f22bedc5,,issuer:kodex:notice:20260728:monthend,KODEX,KR7352560007,352560,KODEX 미국부동산리츠(H) ETF,2026-07-30,2026-07-31,2026-08-04,39,KRW,ordinary_cash,table[0]/row[57],352560 | KODEX 미국부동산리츠(H) ETF | 0.30 | 39,kodex_notice_table_v1,1,rule_based_extracted,pending_krx_verification,2026-08-20T22:02:10+00:00,2026-08-20T22:02:10+00:00,운용사 공식 공지에서 규칙 기반 추출. KIND 분배락 적용일·기준가격 대조 전에는 이벤트·TR 계산에 사용하지 않음.
candidate:2d2cb56df9aab24c49d5,,issuer:kodex:notice:20260728:monthend,KODEX,KR7364690008,364690,KODEX 혁신기술테마액티브 ETF,2026-07-30,2026-07-31,2026-08-04,57,KRW,ordinary_cash,table[0]/row[83],364690 | KODEX 혁신기술테마액티브 ETF | 0.17 | 57,kodex_notice_table_v1,1,rule_based_extracted,pending_krx_verification,2026-08-20T22:02:10+00:00,2026-08-20T22:02:10+00:00,운용사 공식 공지에서 규칙 기반 추출. KIND 분배락 적용일·기준가격 대조 전에는 이벤트·TR 계산에 사용하지 않음.
candidate:c329c6b46fd2b0d8de15,,issuer:kodex:notice:20260728:monthend,KODEX,KR7368680005,368680,KODEX K-뉴딜디지털플러스 ETF,2026-07-30,2026-07-31,2026-08-04,9,KRW,ordinary_cash,table[0]/row[94],368680 | KODEX K-뉴딜디지털플러스 ETF | 0.13 | 9,kodex_notice_table_v1,1,rule_based_extracted,pending_krx_verification,2026-08-20T22:02:10+00:00,2026-08-20T22:02:10+00:00,운용사 공식 공지에서 규칙 기반 추출. KIND 분배락 적용일·기준가격 대조 전에는 이벤트·TR 계산에 사용하지 않음.
candidate:0fcb52a72913e5d7b2c5,,issuer:kodex:notice:20260728:monthend,KODEX,KR7372330001,372330,KODEX 차이나항셍테크 ETF,2026-07-30,2026-07-31,2026-08-04,51,KRW,ordinary_cash,table[0]/row[24],372330 | KODEX 차이나항셍테크 ETF | 0.68 | 51,kodex_notice_table_v1,1,rule_based_extracted,pending_krx_verification,2026-08-20T22:02:10+00:00,2026-08-20T22:02:10+00:00,운용사 공식 공지에서 규칙 기반 추출. KIND 분배락 적용일·기준가격 대조 전에는 이벤트·TR 계산에 사용하지 않음.
candidate:2c4c1ca3ffd768d5cf9e,,issuer:kodex:notice:20260728:monthend,KODEX,KR7375770005,375770,KODEX 탄소효율그린뉴딜 ETF,2026-07-30,2026-07-31,2026-08-04,47,KRW,ordinary_cash,table[0]/row[70],375770 | KODEX 탄소효율그린뉴딜 ETF | 0.22 | 47,kodex_notice_table_v1,1,rule_based_extracted,pending_krx_verification,2026-08-20T22:02:10+00:00,2026-08-20T22:02:10+00:00,운용사 공식 공지에서 규칙 기반 추출. KIND 분배락 적용일·기준가격 대조 전에는 이벤트·TR 계산에 사용하지 않음.
candidate:aa5d92939e46fafde979,,issuer:kodex:notice:20260728:monthend,KODEX,KR7379800006,379800,KODEX 미국S&P500 ETF,2026-07-30,2026-07-31,2026-08-04,132,KRW,ordinary_cash,table[0]/row[38],379800 | KODEX 미국S&P500 ETF | 0.54 | 132,kodex_notice_table_v1,1,rule_based_extracted,pending_krx_verification,2026-08-20T22:02:10+00:00,2026-08-20T22:02:10+00:00,운용사 공식 공지에서 규칙 기반 추출. KIND 분배락 적용일·기준가격 대조 전에는 이벤트·TR 계산에 사용하지 않음.
candidate:acae31de0990ac456efd,,issuer:kodex:notice:20260728:monthend,KODEX,KR7379810005,379810,KODEX 미국나스닥100 ETF,2026-07-30,2026-07-31,2026-08-04,83,KRW,ordinary_cash,table[0]/row[55],379810 | KODEX 미국나스닥100 ETF | 0.31 | 83,kodex_notice_table_v1,1,rule_based_extracted,pending_krx_verification,2026-08-20T22:02:10+00:00,2026-08-20T22:02:10+00:00,운용사 공식 공지에서 규칙 기반 추출. KIND 분배락 적용일·기준가격 대조 전에는 이벤트·TR 계산에 사용하지 않음.
candidate:268c62de6fc3bd3d62ae,,issuer:kodex:notice:20260728:monthend,KODEX,KR7390390003,390390,KODEX 미국반도체 ETF,2026-07-30,2026-07-31,2026-08-04,55,KRW,ordinary_cash,table[0]/row[103],390390 | KODEX 미국반도체 ETF | 0.10 | 55,kodex_notice_table_v1,1,rule_based_extracted,pending_krx_verification,2026-08-20T22:02:10+00:00,2026-08-20T22:02:10+00:00,운용사 공식 공지에서 규칙 기반 추출. KIND 분배락 적용일·기준가격 대조 전에는 이벤트·TR 계산에 사용하지 않음.
candidate:9caf6b1b2ec0f400df63,,issuer:kodex:notice:20260728:monthend,KODEX,KR7390400000,390400,KODEX 미국스마트모빌리티S&P ETF,2026-07-30,2026-07-31,2026-08-04,10,KRW,ordinary_cash,table[0]/row[89],390400 | KODEX 미국스마트모빌리티S&P ETF | 0.13 | 10,kodex_notice_table_v1,1,rule_based_extracted,pending_krx_verification,2026-08-20T22:02:10+00:00,2026-08-20T22:02:10+00:00,운용사 공식 공지에서 규칙 기반 추출. KIND 분배락 적용일·기준가격 대조 전에는 이벤트·TR 계산에 사용하지 않음.
candidate:4837cdafd71e48444f95,,issuer:kodex:notice:20260728:monthend,KODEX,KR7395170004,395170,KODEX Top10동일가중 ETF,2026-07-30,2026-07-31,2026-08-04,9,KRW,ordinary_cash,table[0]/row[115],395170 | KODEX Top10동일가중 ETF | 0.06 | 9,kodex_notice_table_v1,1,rule_based_extracted,pending_krx_verification,2026-08-20T22:02:10+00:00,2026-08-20T22:02:10+00:00,운용사 공식 공지에서 규칙 기반 추출. KIND 분배락 적용일·기준가격 대조 전에는 이벤트·TR 계산에 사용하지 않음.
candidate:8fefa577b75fa2ac5af5,,issuer:kodex:notice:20260728:monthend,KODEX,KR7404260002,404260,KODEX 기후변화솔루션 ETF,2026-07-30,2026-07-31,2026-08-04,42,KRW,ordinary_cash,table[0]/row[71],404260 | KODEX 기후변화솔루션 ETF | 0.21 | 42,kodex_notice_table_v1,1,rule_based_extracted,pending_krx_verification,2026-08-20T22:02:10+00:00,2026-08-20T22:02:10+00:00,운용사 공식 공지에서 규칙 기반 추출. KIND 분배락 적용일·기준가격 대조 전에는 이벤트·TR 계산에 사용하지 않음.
candidate:34fd0ad4b748cd63379c,,issuer:kodex:notice:20260728:monthend,KODEX,KR7411420003,411420,KODEX 미국나스닥AI테크액티브 ETF,2026-07-30,2026-07-31,2026-08-04,35,KRW,ordinary_cash,table[0]/row[88],411420 | KODEX 미국나스닥AI테크액티브 ETF | 0.13 | 35,kodex_notice_table_v1,1,rule_based_extracted,pending_krx_verification,2026-08-20T22:02:10+00:00,2026-08-20T22:02:10+00:00,운용사 공식 공지에서 규칙 기반 추출. KIND 분배락 적용일·기준가격 대조 전에는 이벤트·TR 계산에 사용하지 않음.
candidate:70c4eee104d539ace0e2,,issuer:kodex:notice:20260728:monthend,KODEX,KR7419420005,419420,KODEX 미국클린에너지나스닥 ETF,2026-07-30,2026-07-31,2026-08-04,8,KRW,ordinary_cash,table[0]/row[110],419420 | KODEX 미국클린에너지나스닥 ETF | 0.08 | 8,kodex_notice_table_v1,1,rule_based_extracted,pending_krx_verification,2026-08-20T22:02:10+00:00,2026-08-20T22:02:10+00:00,운용사 공식 공지에서 규칙 기반 추출. KIND 분배락 적용일·기준가격 대조 전에는 이벤트·TR 계산에 사용하지 않음.
candidate:0554a9d94920afa7dd05,,issuer:kodex:notice:20260728:monthend,KODEX,KR7423160001,423160,KODEX KOFR금리액티브(합성) ETF,2026-07-30,2026-07-31,2026-08-04,242,KRW,ordinary_cash,table[0]/row[69],423160 | KODEX KOFR금리액티브(합성) ETF | 0.22 | 242,kodex_notice_table_v1,1,rule_based_extracted,pending_krx_verification,2026-08-20T22:02:10+00:00,2026-08-20T22:02:10+00:00,운용사 공식 공지에서 규칙 기반 추출. KIND 분배락 적용일·기준가격 대조 전에는 이벤트·TR 계산에 사용하지 않음.
candidate:5183726281adffb0ca7f,,issuer:kodex:notice:20260728:monthend,KODEX,KR7428510002,428510,KODEX 차이나AI테크액티브 ETF,2026-07-30,2026-07-31,2026-08-04,43,KRW,ordinary_cash,table[0]/row[78],428510 | KODEX 차이나AI테크액티브 ETF | 0.18 | 43,kodex_notice_table_v1,1,rule_based_extracted,pending_krx_verification,2026-08-20T22:02:10+00:00,2026-08-20T22:02:10+00:00,운용사 공식 공지에서 규칙 기반 추출. KIND 분배락 적용일·기준가격 대조 전에는 이벤트·TR 계산에 사용하지 않음.
candidate:bc28a5734157599d4550,,issuer:kodex:notice:20260728:monthend,KODEX,KR7428560007,428560,KODEX 미국ETF산업Top10 Indxx ETF,2026-07-30,2026-07-31,2026-08-04,51,KRW,ordinary_cash,table[0]/row[54],428560 | KODEX 미국ETF산업Top10 Indxx ETF | 0.31 | 51,kodex_notice_table_v1,1,rule_based_extracted,pending_krx_verification,2026-08-20T22:02:10+00:00,2026-08-20T22:02:10+00:00,운용사 공식 공지에서 규칙 기반 추출. KIND 분배락 적용일·기준가격 대조 전에는 이벤트·TR 계산에 사용하지 않음.
candidate:cc2f057b446e37bfb856,,issuer:kodex:notice:20260728:monthend,KODEX,KR7433970001,433970,KODEX TDF2030액티브 적격 ETF,2026-07-30,2026-07-31,2026-08-04,66,KRW,ordinary_cash,table[0]/row[39],433970 | KODEX TDF2030액티브 적격 ETF | 0.47 | 66,kodex_notice_table_v1,1,rule_based_extracted,pending_krx_verification,2026-08-20T22:02:10+00:00,2026-08-20T22:02:10+00:00,운용사 공식 공지에서 규칙 기반 추출. KIND 분배락 적용일·기준가격 대조 전에는 이벤트·TR 계산에 사용하지 않음.
candidate:f37ac3ef6458d4a91a71,,issuer:kodex:notice:20260728:monthend,KODEX,KR7433980000,433980,KODEX TDF2040액티브 적격 ETF,2026-07-30,2026-07-31,2026-08-04,103,KRW,ordinary_cash,table[0]/row[25],433980 | KODEX TDF2040액티브 적격 ETF | 0.64 | 103,kodex_notice_table_v1,1,rule_based_extracted,pending_krx_verification,2026-08-20T22:02:10+00:00,2026-08-20T22:02:10+00:00,운용사 공식 공지에서 규칙 기반 추출. KIND 분배락 적용일·기준가격 대조 전에는 이벤트·TR 계산에 사용하지 않음.
candidate:368ca7522e699f096a14,,issuer:kodex:notice:20260728:monthend,KODEX,KR7434060000,434060,KODEX TDF2050액티브 적격 ETF,2026-07-30,2026-07-31,2026-08-04,117,KRW,ordinary_cash,table[0]/row[22],434060 | KODEX TDF2050액티브 적격 ETF | 0.69 | 117,kodex_notice_table_v1,1,rule_based_extracted,pending_krx_verification,2026-08-20T22:02:10+00:00,2026-08-20T22:02:10+00:00,운용사 공식 공지에서 규칙 기반 추출. KIND 분배락 적용일·기준가격 대조 전에는 이벤트·TR 계산에 사용하지 않음.
candidate:07edb7b556ed551dd299,,issuer:kodex:notice:20260728:monthend,KODEX,KR7437070006,437070,KODEX 아시아달러채권ESG플러스액티브 ETF,2026-07-30,2026-07-31,2026-08-04,249,KRW,ordinary_cash,table[0]/row[44],437070 | KODEX 아시아달러채권ESG플러스액티브 ETF | 0.39 | 249,kodex_notice_table_v1,1,rule_based_extracted,pending_krx_verification,2026-08-20T22:02:10+00:00,2026-08-20T22:02:10+00:00,운용사 공식 공지에서 규칙 기반 추출. KIND 분배락 적용일·기준가격 대조 전에는 이벤트·TR 계산에 사용하지 않음.
candidate:b346506b2ea0a4d62a43,,issuer:kodex:notice:20260728:monthend,KODEX,KR7437080005,437080,KODEX 미국종합채권ESG액티브(H) ETF,2026-07-30,2026-07-31,2026-08-04,375,KRW,ordinary_cash,table[0]/row[47],437080 | KODEX 미국종합채권ESG액티브(H) ETF | 0.38 | 375,kodex_notice_table_v1,1,rule_based_extracted,pending_krx_verification,2026-08-20T22:02:10+00:00,2026-08-20T22:02:10+00:00,운용사 공식 공지에서 규칙 기반 추출. KIND 분배락 적용일·기준가격 대조 전에는 이벤트·TR 계산에 사용하지 않음.
candidate:af4a7e76eff9e9328c85,,issuer:kodex:notice:20260728:monthend,KODEX,KR7445150006,445150,KODEX 친환경조선해운액티브 ETF,2026-07-30,2026-07-31,2026-08-04,5,KRW,ordinary_cash,table[0]/row[122],445150 | KODEX 친환경조선해운액티브 ETF | 0.02 | 5,kodex_notice_table_v1,1,rule_based_extracted,pending_krx_verification,2026-08-20T22:02:10+00:00,2026-08-20T22:02:10+00:00,운용사 공식 공지에서 규칙 기반 추출. KIND 분배락 적용일·기준가격 대조 전에는 이벤트·TR 계산에 사용하지 않음.
candidate:0ffa80867b00b24260dc,,issuer:kodex:notice:20260728:monthend,KODEX,KR7445290000,445290,KODEX 로봇액티브 ETF,2026-07-30,2026-07-31,2026-08-04,12,KRW,ordinary_cash,table[0]/row[119],445290 | KODEX 로봇액티브 ETF | 0.05 | 12,kodex_notice_table_v1,1,rule_based_extracted,pending_krx_verification,2026-08-20T22:02:10+00:00,2026-08-20T22:02:10+00:00,운용사 공식 공지에서 규칙 기반 추출. KIND 분배락 적용일·기준가격 대조 전에는 이벤트·TR 계산에 사용하지 않음.
candidate:9a87042af07020667424,,issuer:kodex:notice:20260728:monthend,KODEX,KR7446690000,446690,KODEX 아시아AI반도체exChina액티브 ETF,2026-07-30,2026-07-31,2026-08-04,56,KRW,ordinary_cash,table[0]/row[99],446690 | KODEX 아시아AI반도체exChina액티브 ETF | 0.11 | 56,kodex_notice_table_v1,1,rule_based_extracted,pending_krx_verification,2026-08-20T22:02:10+00:00,2026-08-20T22:02:10+00:00,운용사 공식 공지에서 규칙 기반 추출. KIND 분배락 적용일·기준가격 대조 전에는 이벤트·TR 계산에 사용하지 않음.
candidate:7445fe93371b19edec6c,,issuer:kodex:notice:20260728:monthend,KODEX,KR7449180009,449180,KODEX 미국S&P500(H) ETF,2026-07-30,2026-07-31,2026-08-04,40,KRW,ordinary_cash,table[0]/row[64],449180 | KODEX 미국S&P500(H) ETF | 0.24 | 40,kodex_notice_table_v1,1,rule_based_extracted,pending_krx_verification,2026-08-20T22:02:10+00:00,2026-08-20T22:02:10+00:00,운용사 공식 공지에서 규칙 기반 추출. KIND 분배락 적용일·기준가격 대조 전에는 이벤트·TR 계산에 사용하지 않음.
candidate:8e7fe68b903366752e2c,,issuer:kodex:notice:20260728:monthend,KODEX,KR7449190008,449190,KODEX 미국나스닥100(H) ETF,2026-07-30,2026-07-31,2026-08-04,33,KRW,ordinary_cash,table[0]/row[85],449190 | KODEX 미국나스닥100(H) ETF | 0.16 | 33,kodex_notice_table_v1,1,rule_based_extracted,pending_krx_verification,2026-08-20T22:02:10+00:00,2026-08-20T22:02:10+00:00,운용사 공식 공지에서 규칙 기반 추출. KIND 분배락 적용일·기준가격 대조 전에는 이벤트·TR 계산에 사용하지 않음.
candidate:9b88b09fa27b0c18a8c5,,issuer:kodex:notice:20260728:monthend,KODEX,KR7453630006,453630,KODEX 미국S&P500필수소비재 ETF,2026-07-30,2026-07-31,2026-08-04,74,KRW,ordinary_cash,table[0]/row[34],453630 | KODEX 미국S&P500필수소비재 ETF | 0.56 | 74,kodex_notice_table_v1,1,rule_based_extracted,pending_krx_verification,2026-08-20T22:02:10+00:00,2026-08-20T22:02:10+00:00,운용사 공식 공지에서 규칙 기반 추출. KIND 분배락 적용일·기준가격 대조 전에는 이벤트·TR 계산에 사용하지 않음.
candidate:65043c5e9b85c379300f,,issuer:kodex:notice:20260728:monthend,KODEX,KR7453640005,453640,KODEX 미국S&P500헬스케어 ETF,2026-07-30,2026-07-31,2026-08-04,56,KRW,ordinary_cash,table[0]/row[45],453640 | KODEX 미국S&P500헬스케어 ETF | 0.39 | 56,kodex_notice_table_v1,1,rule_based_extracted,pending_krx_verification,2026-08-20T22:02:10+00:00,2026-08-20T22:02:10+00:00,운용사 공식 공지에서 규칙 기반 추출. KIND 분배락 적용일·기준가격 대조 전에는 이벤트·TR 계산에 사용하지 않음.
candidate:ae29dfb313c9afd54e80,,issuer:kodex:notice:20260728:monthend,KODEX,KR7453650004,453650,KODEX 미국S&P500금융 ETF,2026-07-30,2026-07-31,2026-08-04,62,KRW,ordinary_cash,table[0]/row[56],453650 | KODEX 미국S&P500금융 ETF | 0.30 | 62,kodex_notice_table_v1,1,rule_based_extracted,pending_krx_verification,2026-08-20T22:02:10+00:00,2026-08-20T22:02:10+00:00,운용사 공식 공지에서 규칙 기반 추출. KIND 분배락 적용일·기준가격 대조 전에는 이벤트·TR 계산에 사용하지 않음.
candidate:ff69d024b3adfa4d637e,,issuer:kodex:notice:20260728:monthend,KODEX,KR7453660003,453660,KODEX 미국S&P500경기소비재 ETF,2026-07-30,2026-07-31,2026-08-04,35,KRW,ordinary_cash,table[0]/row[72],453660 | KODEX 미국S&P500경기소비재 ETF | 0.20 | 35,kodex_notice_table_v1,1,rule_based_extracted,pending_krx_verification,2026-08-20T22:02:10+00:00,2026-08-20T22:02:10+00:00,운용사 공식 공지에서 규칙 기반 추출. KIND 분배락 적용일·기준가격 대조 전에는 이벤트·TR 계산에 사용하지 않음.
candidate:b94bd40f930adf6c3785,,issuer:kodex:notice:20260728:monthend,KODEX,KR7453810004,453810,KODEX 인도Nifty50 ETF,2026-07-30,2026-07-31,2026-08-04,76,KRW,ordinary_cash,table[0]/row[26],453810 | KODEX 인도Nifty50 ETF | 0.62 | 76,kodex_notice_table_v1,1,rule_based_extracted,pending_krx_verification,2026-08-20T22:02:10+00:00,2026-08-20T22:02:10+00:00,운용사 공식 공지에서 규칙 기반 추출. KIND 분배락 적용일·기준가격 대조 전에는 이벤트·TR 계산에 사용하지 않음.
candidate:06f815a571b38b846805,,issuer:kodex:notice:20260728:monthend,KODEX,KR7455030007,455030,KODEX 미국달러SOFR금리액티브(합성) ETF,2026-07-30,2026-07-31,2026-08-04,43,KRW,ordinary_cash,table[0]/row[52],455030 | KODEX 미국달러SOFR금리액티브(합성) ETF | 0.34 | 43,kodex_notice_table_v1,1,rule_based_extracted,pending_krx_verification,2026-08-20T22:02:10+00:00,2026-08-20T22:02:10+00:00,운용사 공식 공지에서 규칙 기반 추출. KIND 분배락 적용일·기준가격 대조 전에는 이벤트·TR 계산에 사용하지 않음.
candidate:bb3a1266a51aeadcd5a6,,issuer:kodex:notice:20260728:monthend,KODEX,KR7456250000,456250,KODEX 유럽명품TOP10 STOXX ETF,2026-07-30,2026-07-31,2026-08-04,75,KRW,ordinary_cash,table[0]/row[18],456250 | KODEX 유럽명품TOP10 STOXX ETF | 0.80 | 75,kodex_notice_table_v1,1,rule_based_extracted,pending_krx_verification,2026-08-20T22:02:10+00:00,2026-08-20T22:02:10+00:00,운용사 공식 공지에서 규칙 기반 추출. KIND 분배락 적용일·기준가격 대조 전에는 이벤트·TR 계산에 사용하지 않음.
candidate:83014bfe54c53c0d7a1d,,issuer:kodex:notice:20260728:monthend,KODEX,KR7459560009,459560,KODEX 테슬라밸류체인FactSet ETF,2026-07-30,2026-07-31,2026-08-04,39,KRW,ordinary_cash,table[0]/row[81],459560 | KODEX 테슬라밸류체인FactSet ETF | 0.18 | 39,kodex_notice_table_v1,1,rule_based_extracted,pending_krx_verification,2026-08-20T22:02:10+00:00,2026-08-20T22:02:10+00:00,운용사 공식 공지에서 규칙 기반 추출. KIND 분배락 적용일·기준가격 대조 전에는 이벤트·TR 계산에 사용하지 않음.
candidate:0046a84efac6432a8747,,issuer:kodex:notice:20260728:monthend,KODEX,KR7459580007,459580,KODEX CD금리액티브(합성) ETF,2026-07-30,2026-07-31,2026-08-04,2470,KRW,ordinary_cash,table[0]/row[66],"459580 | KODEX CD금리액티브(합성) ETF | 0.23 | 2,470",kodex_notice_table_v1,1,rule_based_extracted,pending_krx_verification,2026-08-20T22:02:10+00:00,2026-08-20T22:02:10+00:00,운용사 공식 공지에서 규칙 기반 추출. KIND 분배락 적용일·기준가격 대조 전에는 이벤트·TR 계산에 사용하지 않음.
candidate:6f7e7466cbf5f850f411,,issuer:kodex:notice:20260728:monthend,KODEX,KR7461950008,461950,KODEX 2차전지핵심소재10 ETF,2026-07-30,2026-07-31,2026-08-04,9,KRW,ordinary_cash,table[0]/row[68],461950 | KODEX 2차전지핵심소재10 ETF | 0.22 | 9,kodex_notice_table_v1,1,rule_based_extracted,pending_krx_verification,2026-08-20T22:02:10+00:00,2026-08-20T22:02:10+00:00,운용사 공식 공지에서 규칙 기반 추출. KIND 분배락 적용일·기준가격 대조 전에는 이벤트·TR 계산에 사용하지 않음.
candidate:ef16a585be940ba45fe0,,issuer:kodex:notice:20260728:monthend,KODEX,KR7463640003,463640,KODEX 미국S&P500유틸리티 ETF,2026-07-30,2026-07-31,2026-08-04,90,KRW,ordinary_cash,table[0]/row[28],463640 | KODEX 미국S&P500유틸리티 ETF | 0.59 | 90,kodex_notice_table_v1,1,rule_based_extracted,pending_krx_verification,2026-08-20T22:02:10+00:00,2026-08-20T22:02:10+00:00,운용사 공식 공지에서 규칙 기반 추출. KIND 분배락 적용일·기준가격 대조 전에는 이벤트·TR 계산에 사용하지 않음.
candidate:04f5562392f88ade76cf,,issuer:kodex:notice:20260728:monthend,KODEX,KR7463680009,463680,KODEX 미국S&P500테크놀로지 ETF,2026-07-30,2026-07-31,2026-08-04,23,KRW,ordinary_cash,table[0]/row[101],463680 | KODEX 미국S&P500테크놀로지 ETF | 0.11 | 23,kodex_notice_table_v1,1,rule_based_extracted,pending_krx_verification,2026-08-20T22:02:10+00:00,2026-08-20T22:02:10+00:00,운용사 공식 공지에서 규칙 기반 추출. KIND 분배락 적용일·기준가격 대조 전에는 이벤트·TR 계산에 사용하지 않음.
candidate:50d18577e72051afb483,,issuer:kodex:notice:20260728:monthend,KODEX,KR7463690008,463690,KODEX 미국S&P500커뮤니케이션 ETF,2026-07-30,2026-07-31,2026-08-04,45,KRW,ordinary_cash,table[0]/row[63],463690 | KODEX 미국S&P500커뮤니케이션 ETF | 0.25 | 45,kodex_notice_table_v1,1,rule_based_extracted,pending_krx_verification,2026-08-20T22:02:10+00:00,2026-08-20T22:02:10+00:00,운용사 공식 공지에서 규칙 기반 추출. KIND 분배락 적용일·기준가격 대조 전에는 이벤트·TR 계산에 사용하지 않음.
candidate:ea84297e0644b3bed53c,,issuer:kodex:notice:20260728:monthend,KODEX,KR7468370002,468370,KODEX iShares미국인플레이션국채액티브 ETF,2026-07-30,2026-07-31,2026-08-04,98,KRW,ordinary_cash,table[0]/row[14],468370 | KODEX iShares미국인플레이션국채액티브 ETF | 0.86 | 98,kodex_notice_table_v1,1,rule_based_extracted,pending_krx_verification,2026-08-20T22:02:10+00:00,2026-08-20T22:02:10+00:00,운용사 공식 공지에서 규칙 기반 추출. KIND 분배락 적용일·기준가격 대조 전에는 이벤트·TR 계산에 사용하지 않음.
candidate:904612064dd4e76969ae,,issuer:kodex:notice:20260728:monthend,KODEX,KR7468380001,468380,KODEX iShares미국하이일드액티브 ETF,2026-07-30,2026-07-31,2026-08-04,65,KRW,ordinary_cash,table[0]/row[33],468380 | KODEX iShares미국하이일드액티브 ETF | 0.56 | 65,kodex_notice_table_v1,1,rule_based_extracted,pending_krx_verification,2026-08-20T22:02:10+00:00,2026-08-20T22:02:10+00:00,운용사 공식 공지에서 규칙 기반 추출. KIND 분배락 적용일·기준가격 대조 전에는 이벤트·TR 계산에 사용하지 않음.
candidate:1eb97d1751d3d88a2168,,issuer:kodex:notice:20260728:monthend,KODEX,KR7468630009,468630,KODEX iShares미국투자등급회사채액티브 ETF,2026-07-30,2026-07-31,2026-08-04,40,KRW,ordinary_cash,table[0]/row[51],468630 | KODEX iShares미국투자등급회사채액티브 ETF | 0.35 | 40,kodex_notice_table_v1,1,rule_based_extracted,pending_krx_verification,2026-08-20T22:02:10+00:00,2026-08-20T22:02:10+00:00,운용사 공식 공지에서 규칙 기반 추출. KIND 분배락 적용일·기준가격 대조 전에는 이벤트·TR 계산에 사용하지 않음.
candidate:e7ccf150ec15c9d52f3b,,issuer:kodex:notice:20260728:monthend,KODEX,KR7471990002,471990,KODEX AI반도체핵심장비 ETF,2026-07-30,2026-07-31,2026-08-04,5,KRW,ordinary_cash,table[0]/row[120],471990 | KODEX AI반도체핵심장비 ETF | 0.03 | 5,kodex_notice_table_v1,1,rule_based_extracted,pending_krx_verification,2026-08-20T22:02:10+00:00,2026-08-20T22:02:10+00:00,운용사 공식 공지에서 규칙 기반 추출. KIND 분배락 적용일·기준가격 대조 전에는 이벤트·TR 계산에 사용하지 않음.
candidate:524d498d46d436f8040c,,issuer:kodex:notice:20260728:monthend,KODEX,KR7473460004,473460,KODEX 미국서학개미 ETF,2026-07-30,2026-07-31,2026-08-04,15,KRW,ordinary_cash,table[0]/row[114],473460 | KODEX 미국서학개미 ETF | 0.07 | 15,kodex_notice_table_v1,1,rule_based_extracted,pending_krx_verification,2026-08-20T22:02:10+00:00,2026-08-20T22:02:10+00:00,운용사 공식 공지에서 규칙 기반 추출. KIND 분배락 적용일·기준가격 대조 전에는 이벤트·TR 계산에 사용하지 않음.
candidate:53a84633efd5c82e3d6a,,issuer:kodex:notice:20260728:monthend,KODEX,KR7475080008,475080,KODEX 테슬라커버드콜채권혼합액티브 ETF,2026-07-30,2026-07-31,2026-08-04,79,KRW,ordinary_cash,table[0]/row[11],475080 | KODEX 테슬라커버드콜채권혼합액티브 ETF | 1.01 | 79,kodex_notice_table_v1,1,rule_based_extracted,pending_krx_verification,2026-08-20T22:02:10+00:00,2026-08-20T22:02:10+00:00,운용사 공식 공지에서 규칙 기반 추출. KIND 분배락 적용일·기준가격 대조 전에는 이벤트·TR 계산에 사용하지 않음.
candidate:84c55ba3b09e411d85f1,,issuer:kodex:notice:20260728:monthend,KODEX,KR7476070008,476070,KODEX 글로벌비만치료제TOP2 Plus ETF,2026-07-30,2026-07-31,2026-08-04,15,KRW,ordinary_cash,table[0]/row[93],476070 | KODEX 글로벌비만치료제TOP2 Plus ETF | 0.13 | 15,kodex_notice_table_v1,1,rule_based_extracted,pending_krx_verification,2026-08-20T22:02:10+00:00,2026-08-20T22:02:10+00:00,운용사 공식 공지에서 규칙 기반 추출. KIND 분배락 적용일·기준가격 대조 전에는 이벤트·TR 계산에 사용하지 않음.
candidate:7cecc6597c2ea7f96e09,,issuer:kodex:notice:20260728:monthend,KODEX,KR7477730006,477730,KODEX 인도타타그룹 ETF,2026-07-30,2026-07-31,2026-08-04,60,KRW,ordinary_cash,table[0]/row[20],477730 | KODEX 인도타타그룹 ETF | 0.75 | 60,kodex_notice_table_v1,1,rule_based_extracted,pending_krx_verification,2026-08-20T22:02:10+00:00,2026-08-20T22:02:10+00:00,운용사 공식 공지에서 규칙 기반 추출. KIND 분배락 적용일·기준가격 대조 전에는 이벤트·TR 계산에 사용하지 않음.
candidate:3ebaa4b284ac94e0d9fe,,issuer:kodex:notice:20260728:monthend,KODEX,KR7481050003,481050,KODEX CD1년금리플러스액티브(합성) ETF,2026-07-30,2026-07-31,2026-08-04,2638,KRW,ordinary_cash,table[0]/row[62],"481050 | KODEX CD1년금리플러스액티브(합성) ETF | 0.26 | 2,638",kodex_notice_table_v1,1,rule_based_extracted,pending_krx_verification,2026-08-20T22:02:10+00:00,2026-08-20T22:02:10+00:00,운용사 공식 공지에서 규칙 기반 추출. KIND 분배락 적용일·기준가격 대조 전에는 이벤트·TR 계산에 사용하지 않음.
candidate:81cc7e49d5f834d4b5ab,,issuer:kodex:notice:20260728:monthend,KODEX,KR7483280004,483280,KODEX 미국AI테크TOP10타겟커버드콜 ETF,2026-07-30,2026-07-31,2026-08-04,117,KRW,ordinary_cash,table[0]/row[9],483280 | KODEX 미국AI테크TOP10타겟커버드콜 ETF | 1.02 | 117,kodex_notice_table_v1,1,rule_based_extracted,pending_krx_verification,2026-08-20T22:02:10+00:00,2026-08-20T22:02:10+00:00,운용사 공식 공지에서 규칙 기반 추출. KIND 분배락 적용일·기준가격 대조 전에는 이벤트·TR 계산에 사용하지 않음.
candidate:c99ed5437c89f0842dec,,issuer:kodex:notice:20260728:monthend,KODEX,KR7483290003,483290,KODEX 미국배당다우존스타겟커버드콜 ETF,2026-07-30,2026-07-31,2026-08-04,133,KRW,ordinary_cash,table[0]/row[8],483290 | KODEX 미국배당다우존스타겟커버드콜 ETF | 1.21 | 133,kodex_notice_table_v1,1,rule_based_extracted,pending_krx_verification,2026-08-20T22:02:10+00:00,2026-08-20T22:02:10+00:00,운용사 공식 공지에서 규칙 기반 추출. KIND 분배락 적용일·기준가격 대조 전에는 이벤트·TR 계산에 사용하지 않음.
candidate:0c3dcbc71356d4820c39,,issuer:kodex:notice:20260728:monthend,KODEX,KR7484790001,484790,KODEX 미국30년국채액티브(H) ETF,2026-07-30,2026-07-31,2026-08-04,35,KRW,ordinary_cash,table[0]/row[42],484790 | KODEX 미국30년국채액티브(H) ETF | 0.42 | 35,kodex_notice_table_v1,1,rule_based_extracted,pending_krx_verification,2026-08-20T22:02:10+00:00,2026-08-20T22:02:10+00:00,운용사 공식 공지에서 규칙 기반 추출. KIND 분배락 적용일·기준가격 대조 전에는 이벤트·TR 계산에 사용하지 않음.
candidate:63bb3eecb7d9a4292f4c,,issuer:kodex:notice:20260728:monthend,KODEX,KR7485540009,485540,KODEX 미국AI테크TOP10 ETF,2026-07-30,2026-07-31,2026-08-04,19,KRW,ordinary_cash,table[0]/row[91],485540 | KODEX 미국AI테크TOP10 ETF | 0.13 | 19,kodex_notice_table_v1,1,rule_based_extracted,pending_krx_verification,2026-08-20T22:02:10+00:00,2026-08-20T22:02:10+00:00,운용사 공식 공지에서 규칙 기반 추출. KIND 분배락 적용일·기준가격 대조 전에는 이벤트·TR 계산에 사용하지 않음.
candidate:9d0abac2b3444285f8e4,,issuer:kodex:notice:20260728:monthend,KODEX,KR7487230005,487230,KODEX 미국AI전력핵심인프라 ETF,2026-07-30,2026-07-31,2026-08-04,15,KRW,ordinary_cash,table[0]/row[113],487230 | KODEX 미국AI전력핵심인프라 ETF | 0.07 | 15,kodex_notice_table_v1,1,rule_based_extracted,pending_krx_verification,2026-08-20T22:02:10+00:00,2026-08-20T22:02:10+00:00,운용사 공식 공지에서 규칙 기반 추출. KIND 분배락 적용일·기준가격 대조 전에는 이벤트·TR 계산에 사용하지 않음.
candidate:7203825ba249466450ab,,issuer:kodex:notice:20260728:monthend,KODEX,KR7487240004,487240,KODEX AI전력핵심설비 ETF,2026-07-30,2026-07-31,2026-08-04,5,KRW,ordinary_cash,table[0]/row[123],487240 | KODEX AI전력핵심설비 ETF | 0.02 | 5,kodex_notice_table_v1,1,rule_based_extracted,pending_krx_verification,2026-08-20T22:02:10+00:00,2026-08-20T22:02:10+00:00,운용사 공식 공지에서 규칙 기반 추출. KIND 분배락 적용일·기준가격 대조 전에는 이벤트·TR 계산에 사용하지 않음.
candidate:3439f3ecd4db8fe3edef,,issuer:kodex:notice:20260728:monthend,KODEX,KR7487950008,487950,KODEX 대만테크고배당다우존스 ETF,2026-07-30,2026-07-31,2026-08-04,77,KRW,ordinary_cash,table[0]/row[27],487950 | KODEX 대만테크고배당다우존스 ETF | 0.61 | 77,kodex_notice_table_v1,1,rule_based_extracted,pending_krx_verification,2026-08-20T22:02:10+00:00,2026-08-20T22:02:10+00:00,운용사 공식 공지에서 규칙 기반 추출. KIND 분배락 적용일·기준가격 대조 전에는 이벤트·TR 계산에 사용하지 않음.
candidate:0458ff288711ccde8572,,issuer:kodex:notice:20260728:monthend,KODEX,KR7491090007,491090,KODEX 미국테크TOP3플러스 ETF,2026-07-30,2026-07-31,2026-08-04,18,KRW,ordinary_cash,table[0]/row[104],491090 | KODEX 미국테크TOP3플러스 ETF | 0.10 | 18,kodex_notice_table_v1,1,rule_based_extracted,pending_krx_verification,2026-08-20T22:02:10+00:00,2026-08-20T22:02:10+00:00,운용사 공식 공지에서 규칙 기반 추출. KIND 분배락 적용일·기준가격 대조 전에는 이벤트·TR 계산에 사용하지 않음.
candidate:33533e709887c0a58442,,issuer:kodex:notice:20260728:monthend,KODEX,KR7494300007,494300,KODEX 미국나스닥100데일리커버드콜OTM ETF,2026-07-30,2026-07-31,2026-08-04,166,KRW,ordinary_cash,table[0]/row[2],494300 | KODEX 미국나스닥100데일리커버드콜OTM ETF | 1.75 | 166,kodex_notice_table_v1,1,rule_based_extracted,pending_krx_verification,2026-08-20T22:02:10+00:00,2026-08-20T22:02:10+00:00,운용사 공식 공지에서 규칙 기반 추출. KIND 분배락 적용일·기준가격 대조 전에는 이벤트·TR 계산에 사용하지 않음.
candidate:d3df808c8086a418db13,,issuer:kodex:notice:20260728:monthend,KODEX,KR7494890007,494890,KODEX 200액티브 ETF,2026-07-30,2026-07-31,2026-08-04,53,KRW,ordinary_cash,table[0]/row[74],494890 | KODEX 200액티브 ETF | 0.19 | 53,kodex_notice_table_v1,1,rule_based_extracted,pending_krx_verification,2026-08-20T22:02:10+00:00,2026-08-20T22:02:10+00:00,운용사 공식 공지에서 규칙 기반 추출. KIND 분배락 적용일·기준가격 대조 전에는 이벤트·TR 계산에 사용하지 않음.
candidate:49b403aaf49a958ff00d,,issuer:kodex:notice:20260728:monthend,KODEX,KR7495850000,495850,KODEX 코리아밸류업 ETF,2026-07-30,2026-07-31,2026-08-04,30,KRW,ordinary_cash,table[0]/row[102],495850 | KODEX 코리아밸류업 ETF | 0.10 | 30,kodex_notice_table_v1,1,rule_based_extracted,pending_krx_verification,2026-08-20T22:02:10+00:00,2026-08-20T22:02:10+00:00,운용사 공식 공지에서 규칙 기반 추출. KIND 분배락 적용일·기준가격 대조 전에는 이벤트·TR 계산에 사용하지 않음.
candidate:2bafa05f0805b93ddba5,,issuer:kodex:notice:20260728:monthend,KODEX,KR7498410000,498410,KODEX 금융고배당TOP10타겟위클리커버드콜 ETF,2026-07-30,2026-07-31,2026-08-04,154,KRW,ordinary_cash,table[0]/row[5],498410 | KODEX 금융고배당TOP10타겟위클리커버드콜 ETF | 1.31 | 154,kodex_notice_table_v1,1,rule_based_extracted,pending_krx_verification,2026-08-20T22:02:10+00:00,2026-08-20T22:02:10+00:00,운용사 공식 공지에서 규칙 기반 추출. KIND 분배락 적용일·기준가격 대조 전에는 이벤트·TR 계산에 사용하지 않음.
candidate:b30a6909927be4db2ccc,,issuer:rise:notice:20260728:monthend,RISE,KR70000Z0003,0000Z0,RISE 바이오TOP10액티브,,2026-07-31,2026-08-04,2,KRW,ordinary_cash,table[1]/row[50],RISE 바이오TOP10액티브 | 0000Z0 | 2 | 0 | 0.02,rise_notice_table_v1,1,rule_based_extracted,pending_krx_verification,2026-08-20T22:02:10+00:00,2026-08-20T22:02:10+00:00,운용사 공식 공지에서 규칙 기반 추출. KIND 분배락 적용일·기준가격 대조 전에는 이벤트·TR 계산에 사용하지 않음.
candidate:7a7236a4d7d15b201f53,,issuer:rise:notice:20260728:monthend,RISE,KR70013P0000,0013P0,RISE 미국은행TOP10,,2026-07-31,2026-08-04,22,KRW,ordinary_cash,table[1]/row[41],RISE 미국은행TOP10 | 0013P0 | 22 | 22 | 0.16,rise_notice_table_v1,1,rule_based_extracted,pending_krx_verification,2026-08-20T22:02:10+00:00,2026-08-20T22:02:10+00:00,운용사 공식 공지에서 규칙 기반 추출. KIND 분배락 적용일·기준가격 대조 전에는 이벤트·TR 계산에 사용하지 않음.
candidate:a099f9217a738b7d857e,,issuer:rise:notice:20260728:monthend,RISE,KR70013R0008,0013R0,RISE 테슬라미국채타겟커버드콜혼합(합성),,2026-07-31,2026-08-04,102,KRW,ordinary_cash,table[1]/row[6],RISE 테슬라미국채타겟커버드콜혼합(합성) | 0013R0 | 102 | 0 | 1.24,rise_notice_table_v1,1,rule_based_extracted,pending_krx_verification,2026-08-20T22:02:10+00:00,2026-08-20T22:02:10+00:00,운용사 공식 공지에서 규칙 기반 추출. KIND 분배락 적용일·기준가격 대조 전에는 이벤트·TR 계산에 사용하지 않음.
candidate:a5b33f0bb893e0bab766,,issuer:rise:notice:20260728:monthend,RISE,KR70018Z0003,0018Z0,RISE 미국양자컴퓨팅,,2026-07-31,2026-08-04,43,KRW,ordinary_cash,table[1]/row[29],RISE 미국양자컴퓨팅 | 0018Z0 | 43 | 43 | 0.25,rise_notice_table_v1,1,rule_based_extracted,pending_krx_verification,2026-08-20T22:02:10+00:00,2026-08-20T22:02:10+00:00,운용사 공식 공지에서 규칙 기반 추출. KIND 분배락 적용일·기준가격 대조 전에는 이벤트·TR 계산에 사용하지 않음.
candidate:2f9a060e53ac7f7f2fa4,,issuer:rise:notice:20260728:monthend,RISE,KR70036R0001,0036R0,RISE 미국휴머노이드로봇,,2026-07-31,2026-08-04,39,KRW,ordinary_cash,table[1]/row[37],RISE 미국휴머노이드로봇 | 0036R0 | 39 | 39 | 0.20,rise_notice_table_v1,1,rule_based_extracted,pending_krx_verification,2026-08-20T22:02:10+00:00,2026-08-20T22:02:10+00:00,운용사 공식 공지에서 규칙 기반 추출. KIND 분배락 적용일·기준가격 대조 전에는 이벤트·TR 계산에 사용하지 않음.
candidate:d083066f1aee292273a8,,issuer:rise:notice:20260728:monthend,RISE,KR70036Z0001,0036Z0,RISE 미국천연가스밸류체인,,2026-07-31,2026-08-04,250,KRW,ordinary_cash,table[1]/row[1],RISE 미국천연가스밸류체인 | 0036Z0 | 250 | 250 | 1.81,rise_notice_table_v1,1,rule_based_extracted,pending_krx_verification,2026-08-20T22:02:10+00:00,2026-08-20T22:02:10+00:00,운용사 공식 공지에서 규칙 기반 추출. KIND 분배락 적용일·기준가격 대조 전에는 이벤트·TR 계산에 사용하지 않음.
candidate:10231b833e3bb630f8c0,,issuer:rise:notice:20260728:monthend,RISE,KR70094L0006,0094L0,RISE 차이나테크TOP10위클리타겟커버드콜,,2026-07-31,2026-08-04,83,KRW,ordinary_cash,table[1]/row[10],RISE 차이나테크TOP10위클리타겟커버드콜 | 0094L0 | 83 | 0 | 1.01,rise_notice_table_v1,1,rule_based_extracted,pending_krx_verification,2026-08-20T22:02:10+00:00,2026-08-20T22:02:10+00:00,운용사 공식 공지에서 규칙 기반 추출. KIND 분배락 적용일·기준가격 대조 전에는 이벤트·TR 계산에 사용하지 않음.
candidate:8e675b0473f2cb0f3aa0,,issuer:rise:notice:20260728:monthend,RISE,KR70127R0001,0127R0,RISE 미국AI클라우드인프라,,2026-07-31,2026-08-04,8,KRW,ordinary_cash,table[1]/row[49],RISE 미국AI클라우드인프라 | 0127R0 | 8 | 8 | 0.05,rise_notice_table_v1,1,rule_based_extracted,pending_krx_verification,2026-08-20T22:02:10+00:00,2026-08-20T22:02:10+00:00,운용사 공식 공지에서 규칙 기반 추출. KIND 분배락 적용일·기준가격 대조 전에는 이벤트·TR 계산에 사용하지 않음.
candidate:0136d7e7d01fc674d89b,,issuer:rise:notice:20260728:monthend,RISE,KR70151P0002,0151P0,RISE 코리아전략산업액티브,,2026-07-31,2026-08-04,30,KRW,ordinary_cash,table[1]/row[36],RISE 코리아전략산업액티브 | 0151P0 | 30 | 18 | 0.20,rise_notice_table_v1,1,rule_based_extracted,pending_krx_verification,2026-08-20T22:02:10+00:00,2026-08-20T22:02:10+00:00,운용사 공식 공지에서 규칙 기반 추출. KIND 분배락 적용일·기준가격 대조 전에는 이벤트·TR 계산에 사용하지 않음.
candidate:a370c0ac084b655ee2c7,,issuer:rise:notice:20260728:monthend,RISE,KR70162Z0007,0162Z0,RISE 삼성전자SK하이닉스채권혼합50,,2026-07-31,2026-08-04,26,KRW,ordinary_cash,table[1]/row[38],RISE 삼성전자SK하이닉스채권혼합50 | 0162Z0 | 26 | 26 | 0.20,rise_notice_table_v1,1,rule_based_extracted,pending_krx_verification,2026-08-20T22:02:10+00:00,2026-08-20T22:02:10+00:00,운용사 공식 공지에서 규칙 기반 추출. KIND 분배락 적용일·기준가격 대조 전에는 이벤트·TR 계산에 사용하지 않음.
candidate:31e4d5ca5f616ddf65db,,issuer:rise:notice:20260728:monthend,RISE,KR7136340007,136340,RISE 중기우량회사채,,2026-07-31,2026-08-04,188,KRW,ordinary_cash,table[1]/row[40],RISE 중기우량회사채 | 136340 | 188 | 188 | 0.18,rise_notice_table_v1,1,rule_based_extracted,pending_krx_verification,2026-08-20T22:02:10+00:00,2026-08-20T22:02:10+00:00,운용사 공식 공지에서 규칙 기반 추출. KIND 분배락 적용일·기준가격 대조 전에는 이벤트·TR 계산에 사용하지 않음.
candidate:71f54b4fbd2de87e8812,,issuer:rise:notice:20260728:monthend,RISE,KR7148020001,148020,RISE 200,,2026-07-31,2026-08-04,120,KRW,ordinary_cash,table[1]/row[46],RISE 200 | 148020 | 120 | 120 | 0.11,rise_notice_table_v1,1,rule_based_extracted,pending_krx_verification,2026-08-20T22:02:10+00:00,2026-08-20T22:02:10+00:00,운용사 공식 공지에서 규칙 기반 추출. KIND 분배락 적용일·기준가격 대조 전에는 이벤트·TR 계산에 사용하지 않음.
candidate:5ec692b34e85061e3944,,issuer:rise:notice:20260728:monthend,RISE,KR7266160001,266160,RISE 고배당,,2026-07-31,2026-08-04,80,KRW,ordinary_cash,table[1]/row[31],RISE 고배당 | 266160 | 80 | 80 | 0.24,rise_notice_table_v1,1,rule_based_extracted,pending_krx_verification,2026-08-20T22:02:10+00:00,2026-08-20T22:02:10+00:00,운용사 공식 공지에서 규칙 기반 추출. KIND 분배락 적용일·기준가격 대조 전에는 이벤트·TR 계산에 사용하지 않음.
candidate:ecdb91289d2bad4547fb,,issuer:rise:notice:20260728:monthend,RISE,KR7270800006,270800,RISE KQ고배당,,2026-07-31,2026-08-04,35,KRW,ordinary_cash,table[1]/row[34],RISE KQ고배당 | 270800 | 35 | 35 | 0.23,rise_notice_table_v1,1,rule_based_extracted,pending_krx_verification,2026-08-20T22:02:10+00:00,2026-08-20T22:02:10+00:00,운용사 공식 공지에서 규칙 기반 추출. KIND 분배락 적용일·기준가격 대조 전에는 이벤트·TR 계산에 사용하지 않음.
candidate:9d91d47ea7a411ef1f87,,issuer:rise:notice:20260728:monthend,RISE,KR7281990002,281990,RISE 중소형고배당,,2026-07-31,2026-08-04,32,KRW,ordinary_cash,table[1]/row[39],RISE 중소형고배당 | 281990 | 32 | 32 | 0.18,rise_notice_table_v1,1,rule_based_extracted,pending_krx_verification,2026-08-20T22:02:10+00:00,2026-08-20T22:02:10+00:00,운용사 공식 공지에서 규칙 기반 추출. KIND 분배락 적용일·기준가격 대조 전에는 이벤트·TR 계산에 사용하지 않음.
candidate:afd727c22478af9275c8,,issuer:rise:notice:20260728:monthend,RISE,KR7284980000,284980,RISE 200금융,,2026-07-31,2026-08-04,110,KRW,ordinary_cash,table[1]/row[21],RISE 200금융 | 284980 | 110 | 110 | 0.48,rise_notice_table_v1,1,rule_based_extracted,pending_krx_verification,2026-08-20T22:02:10+00:00,2026-08-20T22:02:10+00:00,운용사 공식 공지에서 규칙 기반 추출. KIND 분배락 적용일·기준가격 대조 전에는 이벤트·TR 계산에 사용하지 않음.
candidate:2f2858b49a61ed72a06f,,issuer:rise:notice:20260728:monthend,RISE,KR7290080001,290080,RISE 200고배당커버드콜ATM,,2026-07-31,2026-08-04,100,KRW,ordinary_cash,table[1]/row[5],RISE 200고배당커버드콜ATM | 290080 | 100 | 5 | 1.38,rise_notice_table_v1,1,rule_based_extracted,pending_krx_verification,2026-08-20T22:02:10+00:00,2026-08-20T22:02:10+00:00,운용사 공식 공지에서 규칙 기반 추출. KIND 분배락 적용일·기준가격 대조 전에는 이벤트·TR 계산에 사용하지 않음.
candidate:239bfac817a7f0a9f648,,issuer:rise:notice:20260728:monthend,RISE,KR7302450002,302450,RISE 코스피,,2026-07-31,2026-08-04,58,KRW,ordinary_cash,table[1]/row[48],RISE 코스피 | 302450 | 58 | 58 | 0.08,rise_notice_table_v1,1,rule_based_extracted,pending_krx_verification,2026-08-20T22:02:10+00:00,2026-08-20T22:02:10+00:00,운용사 공식 공지에서 규칙 기반 추출. KIND 분배락 적용일·기준가격 대조 전에는 이벤트·TR 계산에 사용하지 않음.
candidate:e0154b96f0a665641c64,,issuer:rise:notice:20260728:monthend,RISE,KR7336160007,336160,RISE 금융채액티브,,2026-07-31,2026-08-04,317,KRW,ordinary_cash,table[1]/row[25],RISE 금융채액티브 | 336160 | 317 | 317 | 0.32,rise_notice_table_v1,1,rule_based_extracted,pending_krx_verification,2026-08-20T22:02:10+00:00,2026-08-20T22:02:10+00:00,운용사 공식 공지에서 규칙 기반 추출. KIND 분배락 적용일·기준가격 대조 전에는 이벤트·TR 계산에 사용하지 않음.
candidate:05bc7da148ca80dec67e,,issuer:rise:notice:20260728:monthend,RISE,KR7371150004,371150,RISE 차이나항셍테크,,2026-07-31,2026-08-04,55,KRW,ordinary_cash,table[1]/row[13],RISE 차이나항셍테크 | 371150 | 55 | 0 | 0.75,rise_notice_table_v1,1,rule_based_extracted,pending_krx_verification,2026-08-20T22:02:10+00:00,2026-08-20T22:02:10+00:00,운용사 공식 공지에서 규칙 기반 추출. KIND 분배락 적용일·기준가격 대조 전에는 이벤트·TR 계산에 사용하지 않음.
candidate:1350b915880b6d3eb791,,issuer:rise:notice:20260728:monthend,RISE,KR7379790009,379790,RISE 유로스탁스50(H),,2026-07-31,2026-08-04,210,KRW,ordinary_cash,table[1]/row[7],RISE 유로스탁스50(H) | 379790 | 210 | 210 | 1.21,rise_notice_table_v1,1,rule_based_extracted,pending_krx_verification,2026-08-20T22:02:10+00:00,2026-08-20T22:02:10+00:00,운용사 공식 공지에서 규칙 기반 추출. KIND 분배락 적용일·기준가격 대조 전에는 이벤트·TR 계산에 사용하지 않음.
candidate:a79dd925bcbc22fa4bb5,,issuer:rise:notice:20260728:monthend,RISE,KR7388420002,388420,RISE 비메모리반도체액티브,,2026-07-31,2026-08-04,55,KRW,ordinary_cash,table[1]/row[35],RISE 비메모리반도체액티브 | 388420 | 55 | 19 | 0.20,rise_notice_table_v1,1,rule_based_extracted,pending_krx_verification,2026-08-20T22:02:10+00:00,2026-08-20T22:02:10+00:00,운용사 공식 공지에서 규칙 기반 추출. KIND 분배락 적용일·기준가격 대조 전에는 이벤트·TR 계산에 사용하지 않음.
candidate:6f90d95b2e442d1315b2,,issuer:rise:notice:20260728:monthend,RISE,KR7399580000,399580,RISE 글로벌클린에너지,,2026-07-31,2026-08-04,57,KRW,ordinary_cash,table[1]/row[18],RISE 글로벌클린에너지 | 399580 | 57 | 0 | 0.58,rise_notice_table_v1,1,rule_based_extracted,pending_krx_verification,2026-08-20T22:02:10+00:00,2026-08-20T22:02:10+00:00,운용사 공식 공지에서 규칙 기반 추출. KIND 분배락 적용일·기준가격 대조 전에는 이벤트·TR 계산에 사용하지 않음.
candidate:a29cfe06fd528c04c7c1,,issuer:rise:notice:20260728:monthend,RISE,KR7417450004,417450,RISE 글로벌수소경제,,2026-07-31,2026-08-04,107,KRW,ordinary_cash,table[1]/row[16],RISE 글로벌수소경제 | 417450 | 107 | 107 | 0.66,rise_notice_table_v1,1,rule_based_extracted,pending_krx_verification,2026-08-20T22:02:10+00:00,2026-08-20T22:02:10+00:00,운용사 공식 공지에서 규칙 기반 추출. KIND 분배락 적용일·기준가격 대조 전에는 이벤트·TR 계산에 사용하지 않음.
candidate:440a52149b871ab6d819,,issuer:rise:notice:20260728:monthend,RISE,KR7422420000,422420,RISE 2차전지액티브,,2026-07-31,2026-08-04,15,KRW,ordinary_cash,table[1]/row[28],RISE 2차전지액티브 | 422420 | 15 | 15 | 0.25,rise_notice_table_v1,1,rule_based_extracted,pending_krx_verification,2026-08-20T22:02:10+00:00,2026-08-20T22:02:10+00:00,운용사 공식 공지에서 규칙 기반 추출. KIND 분배락 적용일·기준가격 대조 전에는 이벤트·TR 계산에 사용하지 않음.
candidate:569e4f04feb1b17a0b50,,issuer:rise:notice:20260728:monthend,RISE,KR7437370000,437370,RISE 글로벌농업경제,,2026-07-31,2026-08-04,72,KRW,ordinary_cash,table[1]/row[17],RISE 글로벌농업경제 | 437370 | 72 | 72 | 0.64,rise_notice_table_v1,1,rule_based_extracted,pending_krx_verification,2026-08-20T22:02:10+00:00,2026-08-20T22:02:10+00:00,운용사 공식 공지에서 규칙 기반 추출. KIND 분배락 적용일·기준가격 대조 전에는 이벤트·TR 계산에 사용하지 않음.
candidate:8eb3b24f8df25a4eff3f,,issuer:rise:notice:20260728:monthend,RISE,KR7442320008,442320,RISE 글로벌원자력,,2026-07-31,2026-08-04,86,KRW,ordinary_cash,table[1]/row[32],RISE 글로벌원자력 | 442320 | 86 | 86 | 0.24,rise_notice_table_v1,1,rule_based_extracted,pending_krx_verification,2026-08-20T22:02:10+00:00,2026-08-20T22:02:10+00:00,운용사 공식 공지에서 규칙 기반 추출. KIND 분배락 적용일·기준가격 대조 전에는 이벤트·TR 계산에 사용하지 않음.
candidate:fc0dcfc48adc18d1441f,,issuer:rise:notice:20260728:monthend,RISE,KR7442550000,442550,RISE TDF2030액티브 적격,,2026-07-31,2026-08-04,49,KRW,ordinary_cash,table[1]/row[23],RISE TDF2030액티브 적격 | 442550 | 49 | 49 | 0.33,rise_notice_table_v1,1,rule_based_extracted,pending_krx_verification,2026-08-20T22:02:10+00:00,2026-08-20T22:02:10+00:00,운용사 공식 공지에서 규칙 기반 추출. KIND 분배락 적용일·기준가격 대조 전에는 이벤트·TR 계산에 사용하지 않음.
candidate:389a3ab1e4ff6a0a3f05,,issuer:rise:notice:20260728:monthend,RISE,KR7442560009,442560,RISE TDF2040액티브 적격,,2026-07-31,2026-08-04,53,KRW,ordinary_cash,table[1]/row[24],RISE TDF2040액티브 적격 | 442560 | 53 | 53 | 0.32,rise_notice_table_v1,1,rule_based_extracted,pending_krx_verification,2026-08-20T22:02:10+00:00,2026-08-20T22:02:10+00:00,운용사 공식 공지에서 규칙 기반 추출. KIND 분배락 적용일·기준가격 대조 전에는 이벤트·TR 계산에 사용하지 않음.
candidate:e36966867fd46efe319e,,issuer:rise:notice:20260728:monthend,RISE,KR7442570008,442570,RISE TDF2050액티브 적격,,2026-07-31,2026-08-04,55,KRW,ordinary_cash,table[1]/row[26],RISE TDF2050액티브 적격 | 442570 | 55 | 55 | 0.31,rise_notice_table_v1,1,rule_based_extracted,pending_krx_verification,2026-08-20T22:02:10+00:00,2026-08-20T22:02:10+00:00,운용사 공식 공지에서 규칙 기반 추출. KIND 분배락 적용일·기준가격 대조 전에는 이벤트·TR 계산에 사용하지 않음.
candidate:340f9a31e9943c4cdd59,,issuer:rise:notice:20260728:monthend,RISE,KR7449580000,449580,RISE 테슬라애플아마존채권혼합,,2026-07-31,2026-08-04,171,KRW,ordinary_cash,table[1]/row[9],RISE 테슬라애플아마존채권혼합 | 449580 | 171 | 171 | 1.05,rise_notice_table_v1,1,rule_based_extracted,pending_krx_verification,2026-08-20T22:02:10+00:00,2026-08-20T22:02:10+00:00,운용사 공식 공지에서 규칙 기반 추출. KIND 분배락 적용일·기준가격 대조 전에는 이벤트·TR 계산에 사용하지 않음.
candidate:90effce64a9c0b4e7a5c,,issuer:rise:notice:20260728:monthend,RISE,KR7453330003,453330,RISE 미국S&P500(H),,2026-07-31,2026-08-04,15,KRW,ordinary_cash,table[1]/row[47],RISE 미국S&P500(H) | 453330 | 15 | 15 | 0.09,rise_notice_table_v1,1,rule_based_extracted,pending_krx_verification,2026-08-20T22:02:10+00:00,2026-08-20T22:02:10+00:00,운용사 공식 공지에서 규칙 기반 추출. KIND 분배락 적용일·기준가격 대조 전에는 이벤트·TR 계산에 사용하지 않음.
candidate:ef3fcf50c74182e317f5,,issuer:rise:notice:20260728:monthend,RISE,KR7459750006,459750,RISE 글로벌주식분산액티브,,2026-07-31,2026-08-04,92,KRW,ordinary_cash,table[1]/row[20],RISE 글로벌주식분산액티브 | 459750 | 92 | 92 | 0.50,rise_notice_table_v1,1,rule_based_extracted,pending_krx_verification,2026-08-20T22:02:10+00:00,2026-08-20T22:02:10+00:00,운용사 공식 공지에서 규칙 기반 추출. KIND 분배락 적용일·기준가격 대조 전에는 이벤트·TR 계산에 사용하지 않음.
candidate:6bebf531ce9e3313f4e9,,issuer:rise:notice:20260728:monthend,RISE,KR7460660004,460660,RISE 미국S&P배당킹,,2026-07-31,2026-08-04,30,KRW,ordinary_cash,table[1]/row[33],RISE 미국S&P배당킹 | 460660 | 30 | 30 | 0.24,rise_notice_table_v1,1,rule_based_extracted,pending_krx_verification,2026-08-20T22:02:10+00:00,2026-08-20T22:02:10+00:00,운용사 공식 공지에서 규칙 기반 추출. KIND 분배락 적용일·기준가격 대조 전에는 이벤트·TR 계산에 사용하지 않음.
candidate:9a5dd5a0a44da2d60901,,issuer:rise:notice:20260728:monthend,RISE,KR7463300004,463300,RISE 중국본토CSI300,,2026-07-31,2026-08-04,114,KRW,ordinary_cash,table[1]/row[12],RISE 중국본토CSI300 | 463300 | 114 | 114 | 0.80,rise_notice_table_v1,1,rule_based_extracted,pending_krx_verification,2026-08-20T22:02:10+00:00,2026-08-20T22:02:10+00:00,운용사 공식 공지에서 규칙 기반 추출. KIND 분배락 적용일·기준가격 대조 전에는 이벤트·TR 계산에 사용하지 않음.
candidate:7e67b6ae43fbdaf148ea,,issuer:rise:notice:20260728:monthend,RISE,KR7469050009,469050,RISE 미국반도체NYSE(H),,2026-07-31,2026-08-04,42,KRW,ordinary_cash,table[1]/row[43],RISE 미국반도체NYSE(H) | 469050 | 42 | 42 | 0.13,rise_notice_table_v1,1,rule_based_extracted,pending_krx_verification,2026-08-20T22:02:10+00:00,2026-08-20T22:02:10+00:00,운용사 공식 공지에서 규칙 기반 추출. KIND 분배락 적용일·기준가격 대조 전에는 이벤트·TR 계산에 사용하지 않음.
candidate:353c80e7312a95d62f9b,,issuer:rise:notice:20260728:monthend,RISE,KR7469060008,469060,RISE 미국반도체NYSE,,2026-07-31,2026-08-04,44,KRW,ordinary_cash,table[1]/row[45],RISE 미국반도체NYSE | 469060 | 44 | 44 | 0.12,rise_notice_table_v1,1,rule_based_extracted,pending_krx_verification,2026-08-20T22:02:10+00:00,2026-08-20T22:02:10+00:00,운용사 공식 공지에서 규칙 기반 추출. KIND 분배락 적용일·기준가격 대조 전에는 이벤트·TR 계산에 사용하지 않음.
candidate:e5c7322f7f4ba6120886,,issuer:rise:notice:20260728:monthend,RISE,KR7472830009,472830,RISE 미국30년국채커버드콜(합성),,2026-07-31,2026-08-04,64,KRW,ordinary_cash,table[1]/row[14],RISE 미국30년국채커버드콜(합성) | 472830 | 64 | 0 | 0.74,rise_notice_table_v1,1,rule_based_extracted,pending_krx_verification,2026-08-20T22:02:10+00:00,2026-08-20T22:02:10+00:00,운용사 공식 공지에서 규칙 기반 추출. KIND 분배락 적용일·기준가격 대조 전에는 이벤트·TR 계산에 사용하지 않음.
candidate:58f552549285b6478fae,,issuer:rise:notice:20260728:monthend,RISE,KR7472870005,472870,RISE 미국30년국채엔화노출(합성 H),,2026-07-31,2026-08-04,18,KRW,ordinary_cash,table[1]/row[30],RISE 미국30년국채엔화노출(합성 H) | 472870 | 18 | 0 | 0.25,rise_notice_table_v1,1,rule_based_extracted,pending_krx_verification,2026-08-20T22:02:10+00:00,2026-08-20T22:02:10+00:00,운용사 공식 공지에서 규칙 기반 추출. KIND 분배락 적용일·기준가격 대조 전에는 이벤트·TR 계산에 사용하지 않음.
candidate:51ba21402a73b94674c4,,issuer:rise:notice:20260728:monthend,RISE,KR7475350005,475350,RISE 버크셔포트폴리오TOP10,,2026-07-31,2026-08-04,85,KRW,ordinary_cash,table[1]/row[19],RISE 버크셔포트폴리오TOP10 | 475350 | 85 | 85 | 0.55,rise_notice_table_v1,1,rule_based_extracted,pending_krx_verification,2026-08-20T22:02:10+00:00,2026-08-20T22:02:10+00:00,운용사 공식 공지에서 규칙 기반 추출. KIND 분배락 적용일·기준가격 대조 전에는 이벤트·TR 계산에 사용하지 않음.
candidate:3b3ffe6956c6ec60377b,,issuer:rise:notice:20260728:monthend,RISE,KR7475380002,475380,RISE 글로벌리얼티인컴,,2026-07-31,2026-08-04,33,KRW,ordinary_cash,table[1]/row[27],RISE 글로벌리얼티인컴 | 475380 | 33 | 33 | 0.29,rise_notice_table_v1,1,rule_based_extracted,pending_krx_verification,2026-08-20T22:02:10+00:00,2026-08-20T22:02:10+00:00,운용사 공식 공지에서 규칙 기반 추출. KIND 분배락 적용일·기준가격 대조 전에는 이벤트·TR 계산에 사용하지 않음.
candidate:037d408c1a177c140ba4,,issuer:rise:notice:20260728:monthend,RISE,KR7475720009,475720,RISE 200위클리커버드콜,,2026-07-31,2026-08-04,235,KRW,ordinary_cash,table[1]/row[2],RISE 200위클리커버드콜 | 475720 | 235 | 5 | 1.79,rise_notice_table_v1,1,rule_based_extracted,pending_krx_verification,2026-08-20T22:02:10+00:00,2026-08-20T22:02:10+00:00,운용사 공식 공지에서 규칙 기반 추출. KIND 분배락 적용일·기준가격 대조 전에는 이벤트·TR 계산에 사용하지 않음.
candidate:aef38da4755479d223ae,,issuer:rise:notice:20260728:monthend,RISE,KR7476310008,476310,RISE 글로벌비만산업TOP2+,,2026-07-31,2026-08-04,114,KRW,ordinary_cash,table[1]/row[8],RISE 글로벌비만산업TOP2+ | 476310 | 114 | 114 | 1.05,rise_notice_table_v1,1,rule_based_extracted,pending_krx_verification,2026-08-20T22:02:10+00:00,2026-08-20T22:02:10+00:00,운용사 공식 공지에서 규칙 기반 추출. KIND 분배락 적용일·기준가격 대조 전에는 이벤트·TR 계산에 사용하지 않음.
candidate:690af9570604be3f33f8,,issuer:rise:notice:20260728:monthend,RISE,KR7481340008,481340,RISE 미국30년국채액티브,,2026-07-31,2026-08-04,34,KRW,ordinary_cash,table[1]/row[22],RISE 미국30년국채액티브 | 481340 | 34 | 0 | 0.37,rise_notice_table_v1,1,rule_based_extracted,pending_krx_verification,2026-08-20T22:02:10+00:00,2026-08-20T22:02:10+00:00,운용사 공식 공지에서 규칙 기반 추출. KIND 분배락 적용일·기준가격 대조 전에는 이벤트·TR 계산에 사용하지 않음.
candidate:4b84f3cd0a73507f3d75,,issuer:rise:notice:20260728:monthend,RISE,KR7485690002,485690,RISE 미국AI밸류체인TOP3Plus,,2026-07-31,2026-08-04,30,KRW,ordinary_cash,table[1]/row[42],RISE 미국AI밸류체인TOP3Plus | 485690 | 30 | 30 | 0.14,rise_notice_table_v1,1,rule_based_extracted,pending_krx_verification,2026-08-20T22:02:10+00:00,2026-08-20T22:02:10+00:00,운용사 공식 공지에서 규칙 기반 추출. KIND 분배락 적용일·기준가격 대조 전에는 이벤트·TR 계산에 사용하지 않음.
candidate:ba5c77a7a8afece81471,,issuer:rise:notice:20260728:monthend,RISE,KR7488480005,488480,RISE 일본섹터TOP4Plus,,2026-07-31,2026-08-04,115,KRW,ordinary_cash,table[1]/row[11],RISE 일본섹터TOP4Plus | 488480 | 115 | 115 | 0.87,rise_notice_table_v1,1,rule_based_extracted,pending_krx_verification,2026-08-20T22:02:10+00:00,2026-08-20T22:02:10+00:00,운용사 공식 공지에서 규칙 기반 추출. KIND 분배락 적용일·기준가격 대조 전에는 이벤트·TR 계산에 사용하지 않음.
candidate:74b9c5357fc64256c00f,,issuer:rise:notice:20260728:monthend,RISE,KR7490590007,490590,RISE 미국AI밸류체인데일리고정커버드콜,,2026-07-31,2026-08-04,218,KRW,ordinary_cash,table[1]/row[3],RISE 미국AI밸류체인데일리고정커버드콜 | 490590 | 218 | 218 | 1.54,rise_notice_table_v1,1,rule_based_extracted,pending_krx_verification,2026-08-20T22:02:10+00:00,2026-08-20T22:02:10+00:00,운용사 공식 공지에서 규칙 기반 추출. KIND 분배락 적용일·기준가격 대조 전에는 이벤트·TR 계산에 사용하지 않음.
candidate:3e3b3c2cad2e7399f259,,issuer:rise:notice:20260728:monthend,RISE,KR7491620001,491620,RISE 미국테크100데일리고정커버드콜,,2026-07-31,2026-08-04,161,KRW,ordinary_cash,table[1]/row[4],RISE 미국테크100데일리고정커버드콜 | 491620 | 161 | 161 | 1.48,rise_notice_table_v1,1,rule_based_extracted,pending_krx_verification,2026-08-20T22:02:10+00:00,2026-08-20T22:02:10+00:00,운용사 공식 공지에서 규칙 기반 추출. KIND 분배락 적용일·기준가격 대조 전에는 이벤트·TR 계산에 사용하지 않음.
candidate:d070cc43d03211081fde,,issuer:rise:notice:20260728:monthend,RISE,KR7495940009,495940,RISE 미국AI테크액티브,,2026-07-31,2026-08-04,25,KRW,ordinary_cash,table[1]/row[44],RISE 미국AI테크액티브 | 495940 | 25 | 25 | 0.12,rise_notice_table_v1,1,rule_based_extracted,pending_krx_verification,2026-08-20T22:02:10+00:00,2026-08-20T22:02:10+00:00,운용사 공식 공지에서 규칙 기반 추출. KIND 분배락 적용일·기준가격 대조 전에는 이벤트·TR 계산에 사용하지 않음.
candidate:cbc157c13fd94ce059d2,,issuer:rise:notice:20260728:monthend,RISE,KR7498610005,498610,RISE 인도디지털성장,,2026-07-31,2026-08-04,55,KRW,ordinary_cash,table[1]/row[15],RISE 인도디지털성장 | 498610 | 55 | 0 | 0.66,rise_notice_table_v1,1,rule_based_extracted,pending_krx_verification,2026-08-20T22:02:10+00:00,2026-08-20T22:02:10+00:00,운용사 공식 공지에서 규칙 기반 추출. KIND 분배락 적용일·기준가격 대조 전에는 이벤트·TR 계산에 사용하지 않음.
candidate:5c40511c020c814fab92,,issuer:tiger:notice:20260527:monthend,TIGER,KR70000D0009,0000D0,TIGER 엔비디아미국채커버드콜밸런스(합성),2026-05-28,2026-05-29,2026-06-02,103,KRW,ordinary_cash,table[0]/row[21],0000D0 | TIGER 엔비디아미국채커버드콜밸런스(합성) | 103 | 1.00%,tiger_notice_table_v1,1,rule_based_extracted,pending_krx_verification,2026-08-20T22:02:10+00:00,2026-08-20T22:02:10+00:00,운용사 공식 공지에서 규칙 기반 추출. KIND 분배락 적용일·기준가격 대조 전에는 이벤트·TR 계산에 사용하지 않음.
candidate:45872bc07be7d332457d,,issuer:tiger:notice:20260527:monthend,TIGER,KR70046A0008,0046A0,TIGER 미국초단기(3개월이하)국채,2026-05-28,2026-05-29,2026-06-02,28,KRW,ordinary_cash,table[0]/row[23],0046A0 | TIGER 미국초단기(3개월이하)국채 | 28 | 0.27%,tiger_notice_table_v1,1,rule_based_extracted,pending_krx_verification,2026-08-20T22:02:10+00:00,2026-08-20T22:02:10+00:00,운용사 공식 공지에서 규칙 기반 추출. KIND 분배락 적용일·기준가격 대조 전에는 이벤트·TR 계산에 사용하지 않음.
candidate:87f52aaa2d795baef82b,,issuer:tiger:notice:20260527:monthend,TIGER,KR70104P0000,0104P0,TIGER 코리아배당다우존스위클리커버드콜,2026-05-28,2026-05-29,2026-06-02,113,KRW,ordinary_cash,table[0]/row[24],0104P0 | TIGER 코리아배당다우존스위클리커버드콜 | 113 | 0.93%,tiger_notice_table_v1,1,rule_based_extracted,pending_krx_verification,2026-08-20T22:02:10+00:00,2026-08-20T22:02:10+00:00,운용사 공식 공지에서 규칙 기반 추출. KIND 분배락 적용일·기준가격 대조 전에는 이벤트·TR 계산에 사용하지 않음.
candidate:07ef73f84fc9b7718421,,issuer:tiger:notice:20260527:monthend,TIGER,KR7166400002,166400,TIGER 200커버드콜OTM,2026-05-28,2026-05-29,2026-06-02,92,KRW,ordinary_cash,table[0]/row[1],166400 | TIGER 200커버드콜OTM | 92 | 0.40%,tiger_notice_table_v1,1,rule_based_extracted,pending_krx_verification,2026-08-20T22:02:10+00:00,2026-08-20T22:02:10+00:00,운용사 공식 공지에서 규칙 기반 추출. KIND 분배락 적용일·기준가격 대조 전에는 이벤트·TR 계산에 사용하지 않음.
candidate:a67c88d3bf07d0a19d22,,issuer:tiger:notice:20260527:monthend,TIGER,KR7182480004,182480,TIGER 미국MSCI리츠(합성 H),2026-05-28,2026-05-29,2026-06-02,19,KRW,ordinary_cash,table[0]/row[2],182480 | TIGER 미국MSCI리츠(합성 H) | 19 | 0.14%,tiger_notice_table_v1,1,rule_based_extracted,pending_krx_verification,2026-08-20T22:02:10+00:00,2026-08-20T22:02:10+00:00,운용사 공식 공지에서 규칙 기반 추출. KIND 분배락 적용일·기준가격 대조 전에는 이벤트·TR 계산에 사용하지 않음.
candidate:9e647f82c0e3cd030f63,,issuer:tiger:notice:20260527:monthend,TIGER,KR7245340005,245340,TIGER 미국다우존스30,2026-05-28,2026-05-29,2026-06-02,47,KRW,ordinary_cash,table[0]/row[3],245340 | TIGER 미국다우존스30 | 47 | 0.13%,tiger_notice_table_v1,1,rule_based_extracted,pending_krx_verification,2026-08-20T22:02:10+00:00,2026-08-20T22:02:10+00:00,운용사 공식 공지에서 규칙 기반 추출. KIND 분배락 적용일·기준가격 대조 전에는 이벤트·TR 계산에 사용하지 않음.
candidate:b9bb96343ac8ba1a3b5b,,issuer:tiger:notice:20260527:monthend,TIGER,KR7289480006,289480,TIGER 200커버드콜,2026-05-28,2026-05-29,2026-06-02,82,KRW,ordinary_cash,table[0]/row[4],289480 | TIGER 200커버드콜 | 82 | 0.70%,tiger_notice_table_v1,1,rule_based_extracted,pending_krx_verification,2026-08-20T22:02:10+00:00,2026-08-20T22:02:10+00:00,운용사 공식 공지에서 규칙 기반 추출. KIND 분배락 적용일·기준가격 대조 전에는 이벤트·TR 계산에 사용하지 않음.
candidate:dfa78f8f8eaee6a62005,,issuer:tiger:notice:20260527:monthend,TIGER,KR7329200000,329200,TIGER 리츠부동산인프라,2026-05-28,2026-05-29,2026-06-02,33,KRW,ordinary_cash,table[0]/row[5],329200 | TIGER 리츠부동산인프라 | 33 | 0.76%,tiger_notice_table_v1,1,rule_based_extracted,pending_krx_verification,2026-08-20T22:02:10+00:00,2026-08-20T22:02:10+00:00,운용사 공식 공지에서 규칙 기반 추출. KIND 분배락 적용일·기준가격 대조 전에는 이벤트·TR 계산에 사용하지 않음.
candidate:fc96257c456d4f62720c,,issuer:tiger:notice:20260527:monthend,TIGER,KR7341850006,341850,TIGER 리츠부동산인프라채권,2026-05-28,2026-05-29,2026-06-02,24,KRW,ordinary_cash,table[0]/row[6],341850 | TIGER 리츠부동산인프라채권 | 24 | 0.51%,tiger_notice_table_v1,1,rule_based_extracted,pending_krx_verification,2026-08-20T22:02:10+00:00,2026-08-20T22:02:10+00:00,운용사 공식 공지에서 규칙 기반 추출. KIND 분배락 적용일·기준가격 대조 전에는 이벤트·TR 계산에 사용하지 않음.
candidate:89b6c4d26091290eb3ba,,issuer:tiger:notice:20260527:monthend,TIGER,KR7429000003,429000,TIGER 미국S&P500배당귀족,2026-05-28,2026-05-29,2026-06-02,24,KRW,ordinary_cash,table[0]/row[7],429000 | TIGER 미국S&P500배당귀족 | 24 | 0.17%,tiger_notice_table_v1,1,rule_based_extracted,pending_krx_verification,2026-08-20T22:02:10+00:00,2026-08-20T22:02:10+00:00,운용사 공식 공지에서 규칙 기반 추출. KIND 분배락 적용일·기준가격 대조 전에는 이벤트·TR 계산에 사용하지 않음.
candidate:14498c8cd240a62ccd49,,issuer:tiger:notice:20260527:monthend,TIGER,KR7440340008,440340,TIGER 글로벌멀티에셋TIF액티브,2026-05-28,2026-05-29,2026-06-02,46,KRW,ordinary_cash,table[0]/row[8],440340 | TIGER 글로벌멀티에셋TIF액티브 | 46 | 0.35%,tiger_notice_table_v1,1,rule_based_extracted,pending_krx_verification,2026-08-20T22:02:10+00:00,2026-08-20T22:02:10+00:00,운용사 공식 공지에서 규칙 기반 추출. KIND 분배락 적용일·기준가격 대조 전에는 이벤트·TR 계산에 사용하지 않음.
candidate:5bd5ecf32164170d0e58,,issuer:tiger:notice:20260527:monthend,TIGER,KR7441680006,441680,TIGER 미국나스닥100커버드콜(합성),2026-05-28,2026-05-29,2026-06-02,117,KRW,ordinary_cash,table[0]/row[9],441680 | TIGER 미국나스닥100커버드콜(합성) | 117 | 1.00%,tiger_notice_table_v1,1,rule_based_extracted,pending_krx_verification,2026-08-20T22:02:10+00:00,2026-08-20T22:02:10+00:00,운용사 공식 공지에서 규칙 기반 추출. KIND 분배락 적용일·기준가격 대조 전에는 이벤트·TR 계산에 사용하지 않음.
candidate:f1fbd8243c056d438d08,,issuer:tiger:notice:20260527:monthend,TIGER,KR7458260007,458260,TIGER 미국투자등급회사채액티브(H),2026-05-28,2026-05-29,2026-06-02,210,KRW,ordinary_cash,table[0]/row[10],458260 | TIGER 미국투자등급회사채액티브(H) | 210 | 0.44%,tiger_notice_table_v1,1,rule_based_extracted,pending_krx_verification,2026-08-20T22:02:10+00:00,2026-08-20T22:02:10+00:00,운용사 공식 공지에서 규칙 기반 추출. KIND 분배락 적용일·기준가격 대조 전에는 이벤트·TR 계산에 사용하지 않음.
candidate:26a6877f2227208e989f,,issuer:tiger:notice:20260527:monthend,TIGER,KR7458730009,458730,TIGER 미국배당다우존스,2026-05-28,2026-05-29,2026-06-02,36,KRW,ordinary_cash,table[0]/row[11],458730 | TIGER 미국배당다우존스 | 36 | 0.23%,tiger_notice_table_v1,1,rule_based_extracted,pending_krx_verification,2026-08-20T22:02:10+00:00,2026-08-20T22:02:10+00:00,운용사 공식 공지에서 규칙 기반 추출. KIND 분배락 적용일·기준가격 대조 전에는 이벤트·TR 계산에 사용하지 않음.
candidate:ad88cc7c765623d495b7,,issuer:tiger:notice:20260527:monthend,TIGER,KR7458760006,458760,TIGER 미국배당다우존스타겟커버드콜2호,2026-05-28,2026-05-29,2026-06-02,96,KRW,ordinary_cash,table[0]/row[12],458760 | TIGER 미국배당다우존스타겟커버드콜2호 | 96 | 0.82%,tiger_notice_table_v1,1,rule_based_extracted,pending_krx_verification,2026-08-20T22:02:10+00:00,2026-08-20T22:02:10+00:00,운용사 공식 공지에서 규칙 기반 추출. KIND 분배락 적용일·기준가격 대조 전에는 이벤트·TR 계산에 사용하지 않음.
candidate:e70906ee33d76a924df5,,issuer:tiger:notice:20260527:monthend,TIGER,KR7465670008,465670,TIGER 미국캐시카우100,2026-05-28,2026-05-29,2026-06-02,17,KRW,ordinary_cash,table[0]/row[13],465670 | TIGER 미국캐시카우100 | 17 | 0.11%,tiger_notice_table_v1,1,rule_based_extracted,pending_krx_verification,2026-08-20T22:02:10+00:00,2026-08-20T22:02:10+00:00,운용사 공식 공지에서 규칙 기반 추출. KIND 분배락 적용일·기준가격 대조 전에는 이벤트·TR 계산에 사용하지 않음.
candidate:079c5d018f56cb23accf,,issuer:tiger:notice:20260527:monthend,TIGER,KR7466940004,466940,TIGER 은행고배당플러스TOP10,2026-05-28,2026-05-29,2026-06-02,87,KRW,ordinary_cash,table[0]/row[14],466940 | TIGER 은행고배당플러스TOP10 | 87 | 0.34%,tiger_notice_table_v1,1,rule_based_extracted,pending_krx_verification,2026-08-20T22:02:10+00:00,2026-08-20T22:02:10+00:00,운용사 공식 공지에서 규칙 기반 추출. KIND 분배락 적용일·기준가격 대조 전에는 이벤트·TR 계산에 사용하지 않음.
candidate:5bb1ef8125efe3cdc206,,issuer:tiger:notice:20260527:monthend,TIGER,KR7472150002,472150,TIGER 배당커버드콜액티브,2026-05-28,2026-05-29,2026-06-02,510,KRW,ordinary_cash,table[0]/row[15],472150 | TIGER 배당커버드콜액티브 | 510 | 2.01%,tiger_notice_table_v1,1,rule_based_extracted,pending_krx_verification,2026-08-20T22:02:10+00:00,2026-08-20T22:02:10+00:00,운용사 공식 공지에서 규칙 기반 추출. KIND 분배락 적용일·기준가격 대조 전에는 이벤트·TR 계산에 사용하지 않음.
candidate:989002fb825606a96364,,issuer:tiger:notice:20260527:monthend,TIGER,KR7476550009,476550,TIGER 미국30년국채커버드콜액티브(H),2026-05-28,2026-05-29,2026-06-02,72,KRW,ordinary_cash,table[0]/row[17],476550 | TIGER 미국30년국채커버드콜액티브(H) | 72 | 1.00%,tiger_notice_table_v1,1,rule_based_extracted,pending_krx_verification,2026-08-20T22:02:10+00:00,2026-08-20T22:02:10+00:00,운용사 공식 공지에서 규칙 기반 추출. KIND 분배락 적용일·기준가격 대조 전에는 이벤트·TR 계산에 사용하지 않음.
candidate:0b819af3597bcf852bf4,,issuer:tiger:notice:20260527:monthend,TIGER,KR7476690003,476690,TIGER 글로벌비만치료제TOP2Plus,2026-05-28,2026-05-29,2026-06-02,12,KRW,ordinary_cash,table[0]/row[16],476690 | TIGER 글로벌비만치료제TOP2Plus | 12 | 0.11%,tiger_notice_table_v1,1,rule_based_extracted,pending_krx_verification,2026-08-20T22:02:10+00:00,2026-08-20T22:02:10+00:00,운용사 공식 공지에서 규칙 기반 추출. KIND 분배락 적용일·기준가격 대조 전에는 이벤트·TR 계산에 사용하지 않음.
candidate:430ed638705d4a39f534,,issuer:tiger:notice:20260527:monthend,TIGER,KR7482730009,482730,TIGER 미국S&P500타겟데일리커버드콜,2026-05-28,2026-05-29,2026-06-02,108,KRW,ordinary_cash,table[0]/row[18],482730 | TIGER 미국S&P500타겟데일리커버드콜 | 108 | 0.83%,tiger_notice_table_v1,1,rule_based_extracted,pending_krx_verification,2026-08-20T22:02:10+00:00,2026-08-20T22:02:10+00:00,운용사 공식 공지에서 규칙 기반 추출. KIND 분배락 적용일·기준가격 대조 전에는 이벤트·TR 계산에 사용하지 않음.
candidate:d966cc6ec4e5a2f567ca,,issuer:tiger:notice:20260527:monthend,TIGER,KR7486290000,486290,TIGER 미국나스닥100타겟데일리커버드콜,2026-05-28,2026-05-29,2026-06-02,153,KRW,ordinary_cash,table[0]/row[19],486290 | TIGER 미국나스닥100타겟데일리커버드콜 | 153 | 1.26%,tiger_notice_table_v1,1,rule_based_extracted,pending_krx_verification,2026-08-20T22:02:10+00:00,2026-08-20T22:02:10+00:00,운용사 공식 공지에서 규칙 기반 추출. KIND 분배락 적용일·기준가격 대조 전에는 이벤트·TR 계산에 사용하지 않음.
candidate:f2311d418c8032b08c2b,,issuer:tiger:notice:20260527:monthend,TIGER,KR7496080003,496080,TIGER 코리아밸류업,2026-05-28,2026-05-29,2026-06-02,28,KRW,ordinary_cash,table[0]/row[20],496080 | TIGER 코리아밸류업 | 28 | 0.07%,tiger_notice_table_v1,1,rule_based_extracted,pending_krx_verification,2026-08-20T22:02:10+00:00,2026-08-20T22:02:10+00:00,운용사 공식 공지에서 규칙 기반 추출. KIND 분배락 적용일·기준가격 대조 전에는 이벤트·TR 계산에 사용하지 않음.
candidate:d85f33b432a2f6af4e23,,issuer:tiger:notice:20260527:monthend,TIGER,KR7499660009,499660,TIGER CD금리플러스액티브(합성),2026-05-28,2026-05-29,2026-06-02,2270,KRW,ordinary_cash,table[0]/row[22],"499660 | TIGER CD금리플러스액티브(합성) | 2,270 | 0.23%",tiger_notice_table_v1,1,rule_based_extracted,pending_krx_verification,2026-08-20T22:02:10+00:00,2026-08-20T22:02:10+00:00,운용사 공식 공지에서 규칙 기반 추출. KIND 분배락 적용일·기준가격 대조 전에는 이벤트·TR 계산에 사용하지 않음.
candidate:3829013d6f2c8a5cb8a3,,issuer:tiger:notice:20260611:midmonth,TIGER,KR70008S0004,0008S0,TIGER 미국배당다우존스타겟데일리커버드콜,2026-06-12,2026-06-15,2026-06-17,106,KRW,ordinary_cash,table[0]/row[4],0008S0 | TIGER 미국배당다우존스타겟데일리커버드콜 | 106 | 1.00%,tiger_notice_table_v1,1,rule_based_extracted,pending_krx_verification,2026-08-20T22:02:10+00:00,2026-08-20T22:02:10+00:00,운용사 공식 공지에서 규칙 기반 추출. KIND 분배락 적용일·기준가격 대조 전에는 이벤트·TR 계산에 사용하지 않음.
candidate:f3e0120ed1f6618e91d2,,issuer:tiger:notice:20260611:midmonth,TIGER,KR70052D0006,0052D0,TIGER 코리아배당다우존스,2026-06-12,2026-06-15,2026-06-17,58,KRW,ordinary_cash,table[0]/row[5],0052D0 | TIGER 코리아배당다우존스 | 58 | 0.37%,tiger_notice_table_v1,1,rule_based_extracted,pending_krx_verification,2026-08-20T22:02:10+00:00,2026-08-20T22:02:10+00:00,운용사 공식 공지에서 규칙 기반 추출. KIND 분배락 적용일·기준가격 대조 전에는 이벤트·TR 계산에 사용하지 않음.
candidate:873dd49313ddcc501dba,,issuer:tiger:notice:20260611:midmonth,TIGER,KR70086B0008,0086B0,TIGER 리츠부동산인프라TOP10액티브,2026-06-12,2026-06-15,2026-06-17,54,KRW,ordinary_cash,table[0]/row[6],0086B0 | TIGER 리츠부동산인프라TOP10액티브 | 54 | 0.57%,tiger_notice_table_v1,1,rule_based_extracted,pending_krx_verification,2026-08-20T22:02:10+00:00,2026-08-20T22:02:10+00:00,운용사 공식 공지에서 규칙 기반 추출. KIND 분배락 적용일·기준가격 대조 전에는 이벤트·TR 계산에 사용하지 않음.
candidate:512670f9479475f541c1,,issuer:tiger:notice:20260611:midmonth,TIGER,KR70086C0007,0086C0,TIGER 리츠부동산인프라10채권혼합액티브,2026-06-12,2026-06-15,2026-06-17,28,KRW,ordinary_cash,table[0]/row[7],0086C0 | TIGER 리츠부동산인프라10채권혼합액티브 | 28 | 0.28%,tiger_notice_table_v1,1,rule_based_extracted,pending_krx_verification,2026-08-20T22:02:10+00:00,2026-08-20T22:02:10+00:00,운용사 공식 공지에서 규칙 기반 추출. KIND 분배락 적용일·기준가격 대조 전에는 이벤트·TR 계산에 사용하지 않음.
candidate:ed4bec8a9c064b732ebc,,issuer:tiger:notice:20260611:midmonth,TIGER,KR70104N0002,0104N0,TIGER 200타겟위클리커버드콜,2026-06-12,2026-06-15,2026-06-17,141,KRW,ordinary_cash,table[0]/row[8],0104N0 | TIGER 200타겟위클리커버드콜 | 141 | 0.58%,tiger_notice_table_v1,1,rule_based_extracted,pending_krx_verification,2026-08-20T22:02:10+00:00,2026-08-20T22:02:10+00:00,운용사 공식 공지에서 규칙 기반 추출. KIND 분배락 적용일·기준가격 대조 전에는 이벤트·TR 계산에 사용하지 않음.
candidate:d9ce9843d9a532f8da41,,issuer:tiger:notice:20260611:midmonth,TIGER,KR70177R0000,0177R0,TIGER 반도체TOP10커버드콜액티브,2026-06-12,2026-06-15,2026-06-17,215,KRW,ordinary_cash,table[0]/row[9],0177R0 | TIGER 반도체TOP10커버드콜액티브 | 215 | 1.51%,tiger_notice_table_v1,1,rule_based_extracted,pending_krx_verification,2026-08-20T22:02:10+00:00,2026-08-20T22:02:10+00:00,운용사 공식 공지에서 규칙 기반 추출. KIND 분배락 적용일·기준가격 대조 전에는 이벤트·TR 계산에 사용하지 않음.
candidate:d8f66b92eff6e59f471c,,issuer:tiger:notice:20260611:midmonth,TIGER,KR7458750007,458750,TIGER 미국배당다우존스타겟커버드콜1호,2026-06-12,2026-06-15,2026-06-17,69,KRW,ordinary_cash,table[0]/row[1],458750 | TIGER 미국배당다우존스타겟커버드콜1호 | 69 | 0.51%,tiger_notice_table_v1,1,rule_based_extracted,pending_krx_verification,2026-08-20T22:02:10+00:00,2026-08-20T22:02:10+00:00,운용사 공식 공지에서 규칙 기반 추출. KIND 분배락 적용일·기준가격 대조 전에는 이벤트·TR 계산에 사용하지 않음.
candidate:97753820cbf2abe11ba8,,issuer:tiger:notice:20260611:midmonth,TIGER,KR7474220001,474220,TIGER 미국테크TOP10타겟커버드콜,2026-06-12,2026-06-15,2026-06-17,133,KRW,ordinary_cash,table[0]/row[2],474220 | TIGER 미국테크TOP10타겟커버드콜 | 133 | 0.83%,tiger_notice_table_v1,1,rule_based_extracted,pending_krx_verification,2026-08-20T22:02:10+00:00,2026-08-20T22:02:10+00:00,운용사 공식 공지에서 규칙 기반 추출. KIND 분배락 적용일·기준가격 대조 전에는 이벤트·TR 계산에 사용하지 않음.
candidate:15697db461a334339aed,,issuer:tiger:notice:20260611:midmonth,TIGER,KR7493810006,493810,TIGER 미국AI빅테크10타겟데일리커버드콜,2026-06-12,2026-06-15,2026-06-17,158,KRW,ordinary_cash,table[0]/row[3],493810 | TIGER 미국AI빅테크10타겟데일리커버드콜 | 158 | 1.26%,tiger_notice_table_v1,1,rule_based_extracted,pending_krx_verification,2026-08-20T22:02:10+00:00,2026-08-20T22:02:10+00:00,운용사 공식 공지에서 규칙 기반 추출. KIND 분배락 적용일·기준가격 대조 전에는 이벤트·TR 계산에 사용하지 않음.
candidate:8e42c947112a55a03cb7,,issuer:tiger:notice:20260626:monthend,TIGER,KR70000D0009,0000D0,TIGER 엔비디아미국채커버드콜밸런스(합성),2026-06-29,2026-06-30,2026-07-02,104,KRW,ordinary_cash,table[0]/row[21],0000D0 | TIGER 엔비디아미국채커버드콜밸런스(합성) | 104 | 1.00%,tiger_notice_table_v1,1,rule_based_extracted,pending_krx_verification,2026-08-20T22:02:10+00:00,2026-08-20T22:02:10+00:00,운용사 공식 공지에서 규칙 기반 추출. KIND 분배락 적용일·기준가격 대조 전에는 이벤트·TR 계산에 사용하지 않음.
candidate:efb9025c68b83ae3efb1,,issuer:tiger:notice:20260626:monthend,TIGER,KR70046A0008,0046A0,TIGER 미국초단기(3개월이하)국채,2026-06-29,2026-06-30,2026-07-02,29,KRW,ordinary_cash,table[0]/row[23],0046A0 | TIGER 미국초단기(3개월이하)국채 | 29 | 0.27%,tiger_notice_table_v1,1,rule_based_extracted,pending_krx_verification,2026-08-20T22:02:10+00:00,2026-08-20T22:02:10+00:00,운용사 공식 공지에서 규칙 기반 추출. KIND 분배락 적용일·기준가격 대조 전에는 이벤트·TR 계산에 사용하지 않음.
candidate:edf568d4ac2c1341dc57,,issuer:tiger:notice:20260626:monthend,TIGER,KR70104P0000,0104P0,TIGER 코리아배당다우존스위클리커버드콜,2026-06-29,2026-06-30,2026-07-02,104,KRW,ordinary_cash,table[0]/row[24],0104P0 | TIGER 코리아배당다우존스위클리커버드콜 | 104 | 0.97%,tiger_notice_table_v1,1,rule_based_extracted,pending_krx_verification,2026-08-20T22:02:10+00:00,2026-08-20T22:02:10+00:00,운용사 공식 공지에서 규칙 기반 추출. KIND 분배락 적용일·기준가격 대조 전에는 이벤트·TR 계산에 사용하지 않음.
candidate:9cd7a71e9fac25de3e4f,,issuer:tiger:notice:20260626:monthend,TIGER,KR7166400002,166400,TIGER 200커버드콜OTM,2026-06-29,2026-06-30,2026-07-02,100,KRW,ordinary_cash,table[0]/row[1],166400 | TIGER 200커버드콜OTM | 100 | 0.40%,tiger_notice_table_v1,1,rule_based_extracted,pending_krx_verification,2026-08-20T22:02:10+00:00,2026-08-20T22:02:10+00:00,운용사 공식 공지에서 규칙 기반 추출. KIND 분배락 적용일·기준가격 대조 전에는 이벤트·TR 계산에 사용하지 않음.
candidate:b1f8cf8dd8b413592fdb,,issuer:tiger:notice:20260626:monthend,TIGER,KR7182480004,182480,TIGER 미국MSCI리츠(합성 H),2026-06-29,2026-06-30,2026-07-02,46,KRW,ordinary_cash,table[0]/row[2],182480 | TIGER 미국MSCI리츠(합성 H) | 46 | 0.33%,tiger_notice_table_v1,1,rule_based_extracted,pending_krx_verification,2026-08-20T22:02:10+00:00,2026-08-20T22:02:10+00:00,운용사 공식 공지에서 규칙 기반 추출. KIND 분배락 적용일·기준가격 대조 전에는 이벤트·TR 계산에 사용하지 않음.
candidate:999ec7c522345997a12c,,issuer:tiger:notice:20260626:monthend,TIGER,KR7245340005,245340,TIGER 미국다우존스30,2026-06-29,2026-06-30,2026-07-02,58,KRW,ordinary_cash,table[0]/row[3],245340 | TIGER 미국다우존스30 | 58 | 0.15%,tiger_notice_table_v1,1,rule_based_extracted,pending_krx_verification,2026-08-20T22:02:10+00:00,2026-08-20T22:02:10+00:00,운용사 공식 공지에서 규칙 기반 추출. KIND 분배락 적용일·기준가격 대조 전에는 이벤트·TR 계산에 사용하지 않음.
candidate:09c8aefd392a8cb84a82,,issuer:tiger:notice:20260626:monthend,TIGER,KR7289480006,289480,TIGER 200커버드콜,2026-06-29,2026-06-30,2026-07-02,87,KRW,ordinary_cash,table[0]/row[4],289480 | TIGER 200커버드콜 | 87 | 0.70%,tiger_notice_table_v1,1,rule_based_extracted,pending_krx_verification,2026-08-20T22:02:10+00:00,2026-08-20T22:02:10+00:00,운용사 공식 공지에서 규칙 기반 추출. KIND 분배락 적용일·기준가격 대조 전에는 이벤트·TR 계산에 사용하지 않음.
candidate:202fa42ee15c683c2883,,issuer:tiger:notice:20260626:monthend,TIGER,KR7329200000,329200,TIGER 리츠부동산인프라,2026-06-29,2026-06-30,2026-07-02,33,KRW,ordinary_cash,table[0]/row[5],329200 | TIGER 리츠부동산인프라 | 33 | 0.81%,tiger_notice_table_v1,1,rule_based_extracted,pending_krx_verification,2026-08-20T22:02:10+00:00,2026-08-20T22:02:10+00:00,운용사 공식 공지에서 규칙 기반 추출. KIND 분배락 적용일·기준가격 대조 전에는 이벤트·TR 계산에 사용하지 않음.
candidate:7d1bec9825d81615d3a6,,issuer:tiger:notice:20260626:monthend,TIGER,KR7341850006,341850,TIGER 리츠부동산인프라채권,2026-06-29,2026-06-30,2026-07-02,24,KRW,ordinary_cash,table[0]/row[6],341850 | TIGER 리츠부동산인프라채권 | 24 | 0.53%,tiger_notice_table_v1,1,rule_based_extracted,pending_krx_verification,2026-08-20T22:02:10+00:00,2026-08-20T22:02:10+00:00,운용사 공식 공지에서 규칙 기반 추출. KIND 분배락 적용일·기준가격 대조 전에는 이벤트·TR 계산에 사용하지 않음.
candidate:a932e240689e139b11b2,,issuer:tiger:notice:20260626:monthend,TIGER,KR7429000003,429000,TIGER 미국S&P500배당귀족,2026-06-29,2026-06-30,2026-07-02,28,KRW,ordinary_cash,table[0]/row[7],429000 | TIGER 미국S&P500배당귀족 | 28 | 0.19%,tiger_notice_table_v1,1,rule_based_extracted,pending_krx_verification,2026-08-20T22:02:10+00:00,2026-08-20T22:02:10+00:00,운용사 공식 공지에서 규칙 기반 추출. KIND 분배락 적용일·기준가격 대조 전에는 이벤트·TR 계산에 사용하지 않음.
candidate:56309e93b002e4ffe870,,issuer:tiger:notice:20260626:monthend,TIGER,KR7440340008,440340,TIGER 글로벌멀티에셋TIF액티브,2026-06-29,2026-06-30,2026-07-02,46,KRW,ordinary_cash,table[0]/row[8],440340 | TIGER 글로벌멀티에셋TIF액티브 | 46 | 0.34%,tiger_notice_table_v1,1,rule_based_extracted,pending_krx_verification,2026-08-20T22:02:10+00:00,2026-08-20T22:02:10+00:00,운용사 공식 공지에서 규칙 기반 추출. KIND 분배락 적용일·기준가격 대조 전에는 이벤트·TR 계산에 사용하지 않음.
candidate:222d4d19f7788331a458,,issuer:tiger:notice:20260626:monthend,TIGER,KR7441680006,441680,TIGER 미국나스닥100커버드콜(합성),2026-06-29,2026-06-30,2026-07-02,120,KRW,ordinary_cash,table[0]/row[9],441680 | TIGER 미국나스닥100커버드콜(합성) | 120 | 0.99%,tiger_notice_table_v1,1,rule_based_extracted,pending_krx_verification,2026-08-20T22:02:10+00:00,2026-08-20T22:02:10+00:00,운용사 공식 공지에서 규칙 기반 추출. KIND 분배락 적용일·기준가격 대조 전에는 이벤트·TR 계산에 사용하지 않음.
candidate:4af48c5d9e7188adb1ac,,issuer:tiger:notice:20260626:monthend,TIGER,KR7458260007,458260,TIGER 미국투자등급회사채액티브(H),2026-06-29,2026-06-30,2026-07-02,175,KRW,ordinary_cash,table[0]/row[10],458260 | TIGER 미국투자등급회사채액티브(H) | 175 | 0.37%,tiger_notice_table_v1,1,rule_based_extracted,pending_krx_verification,2026-08-20T22:02:10+00:00,2026-08-20T22:02:10+00:00,운용사 공식 공지에서 규칙 기반 추출. KIND 분배락 적용일·기준가격 대조 전에는 이벤트·TR 계산에 사용하지 않음.
candidate:81c667a9a28dbfdc9cfc,,issuer:tiger:notice:20260626:monthend,TIGER,KR7458730009,458730,TIGER 미국배당다우존스,2026-06-29,2026-06-30,2026-07-02,45,KRW,ordinary_cash,table[0]/row[11],458730 | TIGER 미국배당다우존스 | 45 | 0.29%,tiger_notice_table_v1,1,rule_based_extracted,pending_krx_verification,2026-08-20T22:02:10+00:00,2026-08-20T22:02:10+00:00,운용사 공식 공지에서 규칙 기반 추출. KIND 분배락 적용일·기준가격 대조 전에는 이벤트·TR 계산에 사용하지 않음.
candidate:ba2f817bd9a1f6358ac8,,issuer:tiger:notice:20260626:monthend,TIGER,KR7458760006,458760,TIGER 미국배당다우존스타겟커버드콜2호,2026-06-29,2026-06-30,2026-07-02,97,KRW,ordinary_cash,table[0]/row[12],458760 | TIGER 미국배당다우존스타겟커버드콜2호 | 97 | 0.83%,tiger_notice_table_v1,1,rule_based_extracted,pending_krx_verification,2026-08-20T22:02:10+00:00,2026-08-20T22:02:10+00:00,운용사 공식 공지에서 규칙 기반 추출. KIND 분배락 적용일·기준가격 대조 전에는 이벤트·TR 계산에 사용하지 않음.
candidate:baf68eacef7f736b2b70,,issuer:tiger:notice:20260626:monthend,TIGER,KR7465670008,465670,TIGER 미국캐시카우100,2026-06-29,2026-06-30,2026-07-02,25,KRW,ordinary_cash,table[0]/row[13],465670 | TIGER 미국캐시카우100 | 25 | 0.15%,tiger_notice_table_v1,1,rule_based_extracted,pending_krx_verification,2026-08-20T22:02:10+00:00,2026-08-20T22:02:10+00:00,운용사 공식 공지에서 규칙 기반 추출. KIND 분배락 적용일·기준가격 대조 전에는 이벤트·TR 계산에 사용하지 않음.
candidate:0012b41260868916c99f,,issuer:tiger:notice:20260626:monthend,TIGER,KR7466940004,466940,TIGER 은행고배당플러스TOP10,2026-06-29,2026-06-30,2026-07-02,87,KRW,ordinary_cash,table[0]/row[14],466940 | TIGER 은행고배당플러스TOP10 | 87 | 0.36%,tiger_notice_table_v1,1,rule_based_extracted,pending_krx_verification,2026-08-20T22:02:10+00:00,2026-08-20T22:02:10+00:00,운용사 공식 공지에서 규칙 기반 추출. KIND 분배락 적용일·기준가격 대조 전에는 이벤트·TR 계산에 사용하지 않음.
candidate:0068cc91c60e31c00898,,issuer:tiger:notice:20260626:monthend,TIGER,KR7472150002,472150,TIGER 배당커버드콜액티브,2026-06-29,2026-06-30,2026-07-02,580,KRW,ordinary_cash,table[0]/row[15],472150 | TIGER 배당커버드콜액티브 | 580 | 2.00%,tiger_notice_table_v1,1,rule_based_extracted,pending_krx_verification,2026-08-20T22:02:10+00:00,2026-08-20T22:02:10+00:00,운용사 공식 공지에서 규칙 기반 추출. KIND 분배락 적용일·기준가격 대조 전에는 이벤트·TR 계산에 사용하지 않음.
candidate:d843306f56511b44c8ec,,issuer:tiger:notice:20260626:monthend,TIGER,KR7476550009,476550,TIGER 미국30년국채커버드콜액티브(H),2026-06-29,2026-06-30,2026-07-02,73,KRW,ordinary_cash,table[0]/row[17],476550 | TIGER 미국30년국채커버드콜액티브(H) | 73 | 0.99%,tiger_notice_table_v1,1,rule_based_extracted,pending_krx_verification,2026-08-20T22:02:10+00:00,2026-08-20T22:02:10+00:00,운용사 공식 공지에서 규칙 기반 추출. KIND 분배락 적용일·기준가격 대조 전에는 이벤트·TR 계산에 사용하지 않음.
candidate:3e1e0c9bdafb2464ddc1,,issuer:tiger:notice:20260626:monthend,TIGER,KR7476690003,476690,TIGER 글로벌비만치료제TOP2Plus,2026-06-29,2026-06-30,2026-07-02,15,KRW,ordinary_cash,table[0]/row[16],476690 | TIGER 글로벌비만치료제TOP2Plus | 15 | 0.13%,tiger_notice_table_v1,1,rule_based_extracted,pending_krx_verification,2026-08-20T22:02:10+00:00,2026-08-20T22:02:10+00:00,운용사 공식 공지에서 규칙 기반 추출. KIND 분배락 적용일·기준가격 대조 전에는 이벤트·TR 계산에 사용하지 않음.
candidate:95709f4e85d0d2c1c20a,,issuer:tiger:notice:20260626:monthend,TIGER,KR7482730009,482730,TIGER 미국S&P500타겟데일리커버드콜,2026-06-29,2026-06-30,2026-07-02,108,KRW,ordinary_cash,table[0]/row[18],482730 | TIGER 미국S&P500타겟데일리커버드콜 | 108 | 0.83%,tiger_notice_table_v1,1,rule_based_extracted,pending_krx_verification,2026-08-20T22:02:10+00:00,2026-08-20T22:02:10+00:00,운용사 공식 공지에서 규칙 기반 추출. KIND 분배락 적용일·기준가격 대조 전에는 이벤트·TR 계산에 사용하지 않음.
candidate:9377f5f1386494e44c75,,issuer:tiger:notice:20260626:monthend,TIGER,KR7486290000,486290,TIGER 미국나스닥100타겟데일리커버드콜,2026-06-29,2026-06-30,2026-07-02,151,KRW,ordinary_cash,table[0]/row[19],486290 | TIGER 미국나스닥100타겟데일리커버드콜 | 151 | 1.23%,tiger_notice_table_v1,1,rule_based_extracted,pending_krx_verification,2026-08-20T22:02:10+00:00,2026-08-20T22:02:10+00:00,운용사 공식 공지에서 규칙 기반 추출. KIND 분배락 적용일·기준가격 대조 전에는 이벤트·TR 계산에 사용하지 않음.
candidate:dbcac0766205a03cbb81,,issuer:tiger:notice:20260626:monthend,TIGER,KR7496080003,496080,TIGER 코리아밸류업,2026-06-29,2026-06-30,2026-07-02,28,KRW,ordinary_cash,table[0]/row[20],496080 | TIGER 코리아밸류업 | 28 | 0.07%,tiger_notice_table_v1,1,rule_based_extracted,pending_krx_verification,2026-08-20T22:02:10+00:00,2026-08-20T22:02:10+00:00,운용사 공식 공지에서 규칙 기반 추출. KIND 분배락 적용일·기준가격 대조 전에는 이벤트·TR 계산에 사용하지 않음.
candidate:cb3a15e1556a27858099,,issuer:tiger:notice:20260626:monthend,TIGER,KR7499660009,499660,TIGER CD금리플러스액티브(합성),2026-06-29,2026-06-30,2026-07-02,2720,KRW,ordinary_cash,table[0]/row[22],"499660 | TIGER CD금리플러스액티브(합성) | 2,720 | 0.27%",tiger_notice_table_v1,1,rule_based_extracted,pending_krx_verification,2026-08-20T22:02:10+00:00,2026-08-20T22:02:10+00:00,운용사 공식 공지에서 규칙 기반 추출. KIND 분배락 적용일·기준가격 대조 전에는 이벤트·TR 계산에 사용하지 않음.
candidate:ea4b9daa0b3cb3776a07,,issuer:tiger:notice:20260713:midmonth,TIGER,KR70008S0004,0008S0,TIGER 미국배당다우존스타겟데일리커버드콜,2026-07-14,2026-07-15,2026-07-20,104,KRW,ordinary_cash,table[0]/row[4],0008S0 | TIGER 미국배당다우존스타겟데일리커버드콜 | 104 | 1.00%,tiger_notice_table_v1,1,rule_based_extracted,pending_krx_verification,2026-08-20T22:02:10+00:00,2026-08-20T22:02:10+00:00,운용사 공식 공지에서 규칙 기반 추출. KIND 분배락 적용일·기준가격 대조 전에는 이벤트·TR 계산에 사용하지 않음.
candidate:3fd63aee329eaa9fdccd,,issuer:tiger:notice:20260713:midmonth,TIGER,KR70052D0006,0052D0,TIGER 코리아배당다우존스,2026-07-14,2026-07-15,2026-07-20,58,KRW,ordinary_cash,table[0]/row[5],0052D0 | TIGER 코리아배당다우존스 | 58 | 0.37%,tiger_notice_table_v1,1,rule_based_extracted,pending_krx_verification,2026-08-20T22:02:10+00:00,2026-08-20T22:02:10+00:00,운용사 공식 공지에서 규칙 기반 추출. KIND 분배락 적용일·기준가격 대조 전에는 이벤트·TR 계산에 사용하지 않음.
candidate:f5fef6a3db915245649c,,issuer:tiger:notice:20260713:midmonth,TIGER,KR70086B0008,0086B0,TIGER 리츠부동산인프라TOP10액티브,2026-07-14,2026-07-15,2026-07-20,54,KRW,ordinary_cash,table[0]/row[6],0086B0 | TIGER 리츠부동산인프라TOP10액티브 | 54 | 0.57%,tiger_notice_table_v1,1,rule_based_extracted,pending_krx_verification,2026-08-20T22:02:10+00:00,2026-08-20T22:02:10+00:00,운용사 공식 공지에서 규칙 기반 추출. KIND 분배락 적용일·기준가격 대조 전에는 이벤트·TR 계산에 사용하지 않음.
candidate:c0efb171116a359b2672,,issuer:tiger:notice:20260713:midmonth,TIGER,KR70086C0007,0086C0,TIGER 리츠부동산인프라10채권혼합액티브,2026-07-14,2026-07-15,2026-07-20,28,KRW,ordinary_cash,table[0]/row[7],0086C0 | TIGER 리츠부동산인프라10채권혼합액티브 | 28 | 0.28%,tiger_notice_table_v1,1,rule_based_extracted,pending_krx_verification,2026-08-20T22:02:10+00:00,2026-08-20T22:02:10+00:00,운용사 공식 공지에서 규칙 기반 추출. KIND 분배락 적용일·기준가격 대조 전에는 이벤트·TR 계산에 사용하지 않음.
candidate:b3c7bde9b1962b89b3ee,,issuer:tiger:notice:20260713:midmonth,TIGER,KR70104N0002,0104N0,TIGER 200타겟위클리커버드콜,2026-07-14,2026-07-15,2026-07-20,137,KRW,ordinary_cash,table[0]/row[8],0104N0 | TIGER 200타겟위클리커버드콜 | 137 | 0.58%,tiger_notice_table_v1,1,rule_based_extracted,pending_krx_verification,2026-08-20T22:02:10+00:00,2026-08-20T22:02:10+00:00,운용사 공식 공지에서 규칙 기반 추출. KIND 분배락 적용일·기준가격 대조 전에는 이벤트·TR 계산에 사용하지 않음.
candidate:4a40d1eb08c9ce8b6d8d,,issuer:tiger:notice:20260713:midmonth,TIGER,KR70177R0000,0177R0,TIGER 반도체TOP10커버드콜액티브,2026-07-14,2026-07-15,2026-07-20,205,KRW,ordinary_cash,table[0]/row[9],0177R0 | TIGER 반도체TOP10커버드콜액티브 | 205 | 1.50%,tiger_notice_table_v1,1,rule_based_extracted,pending_krx_verification,2026-08-20T22:02:10+00:00,2026-08-20T22:02:10+00:00,운용사 공식 공지에서 규칙 기반 추출. KIND 분배락 적용일·기준가격 대조 전에는 이벤트·TR 계산에 사용하지 않음.
candidate:145702e92140e6829bc8,,issuer:tiger:notice:20260713:midmonth,TIGER,KR7458750007,458750,TIGER 미국배당다우존스타겟커버드콜1호,2026-07-14,2026-07-15,2026-07-20,68,KRW,ordinary_cash,table[0]/row[1],458750 | TIGER 미국배당다우존스타겟커버드콜1호 | 68 | 0.50%,tiger_notice_table_v1,1,rule_based_extracted,pending_krx_verification,2026-08-20T22:02:10+00:00,2026-08-20T22:02:10+00:00,운용사 공식 공지에서 규칙 기반 추출. KIND 분배락 적용일·기준가격 대조 전에는 이벤트·TR 계산에 사용하지 않음.
candidate:f2c285bdad9e5e3e7fa5,,issuer:tiger:notice:20260713:midmonth,TIGER,KR7474220001,474220,TIGER 미국테크TOP10타겟커버드콜,2026-07-14,2026-07-15,2026-07-20,132,KRW,ordinary_cash,table[0]/row[2],474220 | TIGER 미국테크TOP10타겟커버드콜 | 132 | 0.83%,tiger_notice_table_v1,1,rule_based_extracted,pending_krx_verification,2026-08-20T22:02:10+00:00,2026-08-20T22:02:10+00:00,운용사 공식 공지에서 규칙 기반 추출. KIND 분배락 적용일·기준가격 대조 전에는 이벤트·TR 계산에 사용하지 않음.
candidate:afbbc55f47e470e7d209,,issuer:tiger:notice:20260713:midmonth,TIGER,KR7493810006,493810,TIGER 미국AI빅테크10타겟데일리커버드콜,2026-07-14,2026-07-15,2026-07-20,155,KRW,ordinary_cash,table[0]/row[3],493810 | TIGER 미국AI빅테크10타겟데일리커버드콜 | 155 | 1.26%,tiger_notice_table_v1,1,rule_based_extracted,pending_krx_verification,2026-08-20T22:02:10+00:00,2026-08-20T22:02:10+00:00,운용사 공식 공지에서 규칙 기반 추출. KIND 분배락 적용일·기준가격 대조 전에는 이벤트·TR 계산에 사용하지 않음.
candidate:b3741dc4d433cfd3172e,,issuer:tiger:notice:20260812:midmonth,TIGER,KR70008S0004,0008S0,TIGER 미국배당다우존스타겟데일리커버드콜,2026-08-13,2026-08-14,2026-08-19,103,KRW,ordinary_cash,table[0]/row[4],0008S0 | TIGER 미국배당다우존스타겟데일리커버드콜 | 103 | 1.00%,tiger_notice_table_v1,1,rule_based_extracted,pending_krx_verification,2026-08-20T22:02:10+00:00,2026-08-20T22:02:10+00:00,운용사 공식 공지에서 규칙 기반 추출. KIND 분배락 적용일·기준가격 대조 전에는 이벤트·TR 계산에 사용하지 않음.
candidate:7443644eb1a65a8fe415,,issuer:tiger:notice:20260812:midmonth,TIGER,KR70052D0006,0052D0,TIGER 코리아배당다우존스,2026-08-13,2026-08-14,2026-08-19,61,KRW,ordinary_cash,table[0]/row[5],0052D0 | TIGER 코리아배당다우존스 | 61 | 0.39%,tiger_notice_table_v1,1,rule_based_extracted,pending_krx_verification,2026-08-20T22:02:10+00:00,2026-08-20T22:02:10+00:00,운용사 공식 공지에서 규칙 기반 추출. KIND 분배락 적용일·기준가격 대조 전에는 이벤트·TR 계산에 사용하지 않음.
candidate:cb7b1b3cd57d83bc527e,,issuer:tiger:notice:20260812:midmonth,TIGER,KR70086B0008,0086B0,TIGER 리츠부동산인프라TOP10액티브,2026-08-13,2026-08-14,2026-08-19,54,KRW,ordinary_cash,table[0]/row[6],0086B0 | TIGER 리츠부동산인프라TOP10액티브 | 54 | 0.55%,tiger_notice_table_v1,1,rule_based_extracted,pending_krx_verification,2026-08-20T22:02:10+00:00,2026-08-20T22:02:10+00:00,운용사 공식 공지에서 규칙 기반 추출. KIND 분배락 적용일·기준가격 대조 전에는 이벤트·TR 계산에 사용하지 않음.
candidate:87fe13cdd73a51e13a4b,,issuer:tiger:notice:20260812:midmonth,TIGER,KR70086C0007,0086C0,TIGER 리츠부동산인프라10채권혼합액티브,2026-08-13,2026-08-14,2026-08-19,28,KRW,ordinary_cash,table[0]/row[7],0086C0 | TIGER 리츠부동산인프라10채권혼합액티브 | 28 | 0.28%,tiger_notice_table_v1,1,rule_based_extracted,pending_krx_verification,2026-08-20T22:02:10+00:00,2026-08-20T22:02:10+00:00,운용사 공식 공지에서 규칙 기반 추출. KIND 분배락 적용일·기준가격 대조 전에는 이벤트·TR 계산에 사용하지 않음.
candidate:545199e4477498f09e16,,issuer:tiger:notice:20260812:midmonth,TIGER,KR70104N0002,0104N0,TIGER 200타겟위클리커버드콜,2026-08-13,2026-08-14,2026-08-19,112,KRW,ordinary_cash,table[0]/row[8],0104N0 | TIGER 200타겟위클리커버드콜 | 112 | 0.58%,tiger_notice_table_v1,1,rule_based_extracted,pending_krx_verification,2026-08-20T22:02:10+00:00,2026-08-20T22:02:10+00:00,운용사 공식 공지에서 규칙 기반 추출. KIND 분배락 적용일·기준가격 대조 전에는 이벤트·TR 계산에 사용하지 않음.
candidate:3b979094b64ba2da06f4,,issuer:tiger:notice:20260812:midmonth,TIGER,KR70177R0000,0177R0,TIGER 반도체TOP10커버드콜액티브,2026-08-13,2026-08-14,2026-08-19,151,KRW,ordinary_cash,table[0]/row[9],0177R0 | TIGER 반도체TOP10커버드콜액티브 | 151 | 1.49%,tiger_notice_table_v1,1,rule_based_extracted,pending_krx_verification,2026-08-20T22:02:10+00:00,2026-08-20T22:02:10+00:00,운용사 공식 공지에서 규칙 기반 추출. KIND 분배락 적용일·기준가격 대조 전에는 이벤트·TR 계산에 사용하지 않음.
candidate:a3f9f986552e39a84511,,issuer:tiger:notice:20260812:midmonth,TIGER,KR7458750007,458750,TIGER 미국배당다우존스타겟커버드콜1호,2026-08-13,2026-08-14,2026-08-19,60,KRW,ordinary_cash,table[0]/row[1],458750 | TIGER 미국배당다우존스타겟커버드콜1호 | 60 | 0.45%,tiger_notice_table_v1,1,rule_based_extracted,pending_krx_verification,2026-08-20T22:02:10+00:00,2026-08-20T22:02:10+00:00,운용사 공식 공지에서 규칙 기반 추출. KIND 분배락 적용일·기준가격 대조 전에는 이벤트·TR 계산에 사용하지 않음.
candidate:14591f2524ece058c1e3,,issuer:tiger:notice:20260812:midmonth,TIGER,KR7474220001,474220,TIGER 미국테크TOP10타겟커버드콜,2026-08-13,2026-08-14,2026-08-19,130,KRW,ordinary_cash,table[0]/row[2],474220 | TIGER 미국테크TOP10타겟커버드콜 | 130 | 0.83%,tiger_notice_table_v1,1,rule_based_extracted,pending_krx_verification,2026-08-20T22:02:10+00:00,2026-08-20T22:02:10+00:00,운용사 공식 공지에서 규칙 기반 추출. KIND 분배락 적용일·기준가격 대조 전에는 이벤트·TR 계산에 사용하지 않음.
candidate:263cddd144aa34c520a7,,issuer:tiger:notice:20260812:midmonth,TIGER,KR7493810006,493810,TIGER 미국AI빅테크10타겟데일리커버드콜,2026-08-13,2026-08-14,2026-08-19,150,KRW,ordinary_cash,table[0]/row[3],493810 | TIGER 미국AI빅테크10타겟데일리커버드콜 | 150 | 1.25%,tiger_notice_table_v1,1,rule_based_extracted,pending_krx_verification,2026-08-20T22:02:10+00:00,2026-08-20T22:02:10+00:00,운용사 공식 공지에서 규칙 기반 추출. KIND 분배락 적용일·기준가격 대조 전에는 이벤트·TR 계산에 사용하지 않음.
