match_id,candidate_id,notice_evidence_id,event_id,ticker,candidate_source_id,krx_notice_source_id,match_rule_version,match_status,match_reason,created_at,updated_at,note
krx-notice-match:000a09f2015b39ff,candidate:1a10bb14c98450bd79dd,krx-notice-evidence:076aaa142f1c83e3,,0219E0,issuer:kodex:notice:20260728:monthend,krx:kind:distribution_notice:20260729:20260729002071,1,amount_and_schedule_matched,ticker_exact_and_distribution_amount_equal,2026-08-21T03:33:15+00:00,2026-08-21T03:33:15+00:00,운용사 후보 금액과 KRX KIND 일괄공시 금액이 일치. 이 증거만으로는 분배락 적용일·기준가격이 없어 verified 이벤트를 생성하지 않음.
krx-notice-match:0104ddbd2ca3e0f0,candidate:3e3b3c2cad2e7399f259,krx-notice-evidence:d330ced8d62996ad,,491620,issuer:rise:notice:20260728:monthend,krx:kind:distribution_notice:20260729:20260729000622,1,amount_and_schedule_matched,ticker_exact_and_distribution_amount_equal,2026-08-21T03:33:15+00:00,2026-08-21T03:33:15+00:00,운용사 후보 금액과 KRX KIND 일괄공시 금액이 일치. 이 증거만으로는 분배락 적용일·기준가격이 없어 verified 이벤트를 생성하지 않음.
krx-notice-match:01a715c7b41e9532,candidate:739fe2bfedb21c3522e4,krx-notice-evidence:92887a658664bd98,,0041D0,issuer:kodex:notice:20260728:monthend,krx:kind:distribution_notice:20260729:20260729002071,1,amount_and_schedule_matched,ticker_exact_and_distribution_amount_equal,2026-08-21T03:33:15+00:00,2026-08-21T03:33:15+00:00,운용사 후보 금액과 KRX KIND 일괄공시 금액이 일치. 이 증거만으로는 분배락 적용일·기준가격이 없어 verified 이벤트를 생성하지 않음.
krx-notice-match:02848d5692b1fb8a,,krx-notice-evidence:8b9fa999d6a65c15,,458760,,krx:kind:distribution_notice:20260729:20260729000622,1,unmatched,no_issuer_candidate_with_equal_distribution_amount,2026-08-21T03:33:15+00:00,2026-08-21T03:33:15+00:00,일괄공시 단독으로는 이벤트를 verified로 승격하지 않음.
krx-notice-match:02c3c19b004b351d,,krx-notice-evidence:4f586f8d3ca28053,,497570,,krx:kind:distribution_notice:20260729:20260729000622,1,unmatched,no_issuer_candidate_with_equal_distribution_amount,2026-08-21T03:33:15+00:00,2026-08-21T03:33:15+00:00,일괄공시 단독으로는 이벤트를 verified로 승격하지 않음.
krx-notice-match:02f7e52e274c73c8,,krx-notice-evidence:1321dd7069316259,,277640,,krx:kind:distribution_notice:20260729:20260729000622,1,unmatched,no_issuer_candidate_with_equal_distribution_amount,2026-08-21T03:33:15+00:00,2026-08-21T03:33:15+00:00,일괄공시 단독으로는 이벤트를 verified로 승격하지 않음.
krx-notice-match:03ed5ab793d9d2f1,,krx-notice-evidence:d5ef6516fec54b02,,497880,,krx:kind:distribution_notice:20260729:20260729002071,1,unmatched,no_issuer_candidate_with_equal_distribution_amount,2026-08-21T03:33:15+00:00,2026-08-21T03:33:15+00:00,일괄공시 단독으로는 이벤트를 verified로 승격하지 않음.
krx-notice-match:0513452da1f21198,candidate:37db3a8079601d550033,krx-notice-evidence:6d9de4dd971aa010,,091180,issuer:kodex:notice:20260728:monthend,krx:kind:distribution_notice:20260729:20260729002071,1,amount_and_schedule_matched,ticker_exact_and_distribution_amount_equal,2026-08-21T03:33:15+00:00,2026-08-21T03:33:15+00:00,운용사 후보 금액과 KRX KIND 일괄공시 금액이 일치. 이 증거만으로는 분배락 적용일·기준가격이 없어 verified 이벤트를 생성하지 않음.
krx-notice-match:05cbad4ec3a417be,candidate:ea84297e0644b3bed53c,krx-notice-evidence:6a3545243c8f0fd2,,468370,issuer:kodex:notice:20260728:monthend,krx:kind:distribution_notice:20260729:20260729002071,1,amount_and_schedule_matched,ticker_exact_and_distribution_amount_equal,2026-08-21T03:33:15+00:00,2026-08-21T03:33:15+00:00,운용사 후보 금액과 KRX KIND 일괄공시 금액이 일치. 이 증거만으로는 분배락 적용일·기준가격이 없어 verified 이벤트를 생성하지 않음.
krx-notice-match:069326842cc79938,,krx-notice-evidence:82ee3bf671bd09a2,,0040X0,,krx:kind:distribution_notice:20260729:20260729002071,1,unmatched,no_issuer_candidate_with_equal_distribution_amount,2026-08-21T03:33:15+00:00,2026-08-21T03:33:15+00:00,일괄공시 단독으로는 이벤트를 verified로 승격하지 않음.
krx-notice-match:070a37f32336d654,candidate:b346506b2ea0a4d62a43,krx-notice-evidence:daaea280003eca9e,,437080,issuer:kodex:notice:20260728:monthend,krx:kind:distribution_notice:20260729:20260729002071,1,amount_and_schedule_matched,ticker_exact_and_distribution_amount_equal,2026-08-21T03:33:15+00:00,2026-08-21T03:33:15+00:00,운용사 후보 금액과 KRX KIND 일괄공시 금액이 일치. 이 증거만으로는 분배락 적용일·기준가격이 없어 verified 이벤트를 생성하지 않음.
krx-notice-match:073ffe5a95258437,,krx-notice-evidence:e0c5d4ef95be0b37,,0046Y0,,krx:kind:distribution_notice:20260729:20260729002071,1,unmatched,no_issuer_candidate_with_equal_distribution_amount,2026-08-21T03:33:15+00:00,2026-08-21T03:33:15+00:00,일괄공시 단독으로는 이벤트를 verified로 승격하지 않음.
krx-notice-match:0792b600795ccf53,,krx-notice-evidence:357948d83f063407,,0040Y0,,krx:kind:distribution_notice:20260729:20260729002071,1,unmatched,no_issuer_candidate_with_equal_distribution_amount,2026-08-21T03:33:15+00:00,2026-08-21T03:33:15+00:00,일괄공시 단독으로는 이벤트를 verified로 승격하지 않음.
krx-notice-match:089e7bc5a993c34e,candidate:7a7236a4d7d15b201f53,krx-notice-evidence:59d76cc57a55080f,,0013P0,issuer:rise:notice:20260728:monthend,krx:kind:distribution_notice:20260729:20260729000622,1,amount_and_schedule_matched,ticker_exact_and_distribution_amount_equal,2026-08-21T03:33:15+00:00,2026-08-21T03:33:15+00:00,운용사 후보 금액과 KRX KIND 일괄공시 금액이 일치. 이 증거만으로는 분배락 적용일·기준가격이 없어 verified 이벤트를 생성하지 않음.
krx-notice-match:08cfa370dde268a7,,krx-notice-evidence:8c58674701963247,,488200,,krx:kind:distribution_notice:20260729:20260729000622,1,unmatched,no_issuer_candidate_with_equal_distribution_amount,2026-08-21T03:33:15+00:00,2026-08-21T03:33:15+00:00,일괄공시 단독으로는 이벤트를 verified로 승격하지 않음.
krx-notice-match:098719a364a93aec,candidate:0458ff288711ccde8572,krx-notice-evidence:c3ff4c2b64e45480,,491090,issuer:kodex:notice:20260728:monthend,krx:kind:distribution_notice:20260729:20260729002071,1,amount_and_schedule_matched,ticker_exact_and_distribution_amount_equal,2026-08-21T03:33:15+00:00,2026-08-21T03:33:15+00:00,운용사 후보 금액과 KRX KIND 일괄공시 금액이 일치. 이 증거만으로는 분배락 적용일·기준가격이 없어 verified 이벤트를 생성하지 않음.
krx-notice-match:0a002ef43a1e0086,candidate:154455085d97ad81972d,krx-notice-evidence:d01330ef02042c7b,,266390,issuer:kodex:notice:20260728:monthend,krx:kind:distribution_notice:20260729:20260729002071,1,amount_and_schedule_matched,ticker_exact_and_distribution_amount_equal,2026-08-21T03:33:15+00:00,2026-08-21T03:33:15+00:00,운용사 후보 금액과 KRX KIND 일괄공시 금액이 일치. 이 증거만으로는 분배락 적용일·기준가격이 없어 verified 이벤트를 생성하지 않음.
krx-notice-match:0ab272df37a3a4b1,candidate:2f2858b49a61ed72a06f,krx-notice-evidence:7f1a2307b5d9aa94,,290080,issuer:rise:notice:20260728:monthend,krx:kind:distribution_notice:20260729:20260729000622,1,amount_and_schedule_matched,ticker_exact_and_distribution_amount_equal,2026-08-21T03:33:15+00:00,2026-08-21T03:33:15+00:00,운용사 후보 금액과 KRX KIND 일괄공시 금액이 일치. 이 증거만으로는 분배락 적용일·기준가격이 없어 verified 이벤트를 생성하지 않음.
krx-notice-match:0bc9f6c6a839784a,,krx-notice-evidence:3980f6c00440a942,,181480,,krx:kind:distribution_notice:20260729:20260729002071,1,unmatched,no_issuer_candidate_with_equal_distribution_amount,2026-08-21T03:33:15+00:00,2026-08-21T03:33:15+00:00,일괄공시 단독으로는 이벤트를 verified로 승격하지 않음.
krx-notice-match:0c614c5f6842eb14,,krx-notice-evidence:94b1c7b809d21a37,,0097L0,,krx:kind:distribution_notice:20260729:20260729000622,1,unmatched,no_issuer_candidate_with_equal_distribution_amount,2026-08-21T03:33:15+00:00,2026-08-21T03:33:15+00:00,일괄공시 단독으로는 이벤트를 verified로 승격하지 않음.
krx-notice-match:0e37ec1440e31617,,krx-notice-evidence:6be50e2f20d3f935,,0167B0,,krx:kind:distribution_notice:20260729:20260729002071,1,unmatched,no_issuer_candidate_with_equal_distribution_amount,2026-08-21T03:33:15+00:00,2026-08-21T03:33:15+00:00,일괄공시 단독으로는 이벤트를 verified로 승격하지 않음.
krx-notice-match:0e5ea8ab65e9585b,candidate:9aa600e58e9f09d1b9e7,krx-notice-evidence:78a42acf2e79ccb5,,0041E0,issuer:kodex:notice:20260728:monthend,krx:kind:distribution_notice:20260729:20260729002071,1,amount_and_schedule_matched,ticker_exact_and_distribution_amount_equal,2026-08-21T03:33:15+00:00,2026-08-21T03:33:15+00:00,운용사 후보 금액과 KRX KIND 일괄공시 금액이 일치. 이 증거만으로는 분배락 적용일·기준가격이 없어 verified 이벤트를 생성하지 않음.
krx-notice-match:11f37f606475a3ed,candidate:b597925c75115db2ab58,krx-notice-evidence:38a4ef412cdd8462,,0089C0,issuer:kodex:notice:20260728:monthend,krx:kind:distribution_notice:20260729:20260729002071,1,amount_and_schedule_matched,ticker_exact_and_distribution_amount_equal,2026-08-21T03:33:15+00:00,2026-08-21T03:33:15+00:00,운용사 후보 금액과 KRX KIND 일괄공시 금액이 일치. 이 증거만으로는 분배락 적용일·기준가격이 없어 verified 이벤트를 생성하지 않음.
krx-notice-match:1261af91d78c4048,,krx-notice-evidence:6b321d5aff75a05b,,0139P0,,krx:kind:distribution_notice:20260729:20260729002071,1,unmatched,no_issuer_candidate_with_equal_distribution_amount,2026-08-21T03:33:15+00:00,2026-08-21T03:33:15+00:00,일괄공시 단독으로는 이벤트를 verified로 승격하지 않음.
krx-notice-match:133706c5530e7a43,,krx-notice-evidence:0dff1c878308c925,,0084E0,,krx:kind:distribution_notice:20260729:20260729000622,1,unmatched,no_issuer_candidate_with_equal_distribution_amount,2026-08-21T03:33:15+00:00,2026-08-21T03:33:15+00:00,일괄공시 단독으로는 이벤트를 verified로 승격하지 않음.
krx-notice-match:135fe36aa388a3eb,,krx-notice-evidence:c71474ca8f7506e7,,441680,,krx:kind:distribution_notice:20260729:20260729000622,1,unmatched,no_issuer_candidate_with_equal_distribution_amount,2026-08-21T03:33:15+00:00,2026-08-21T03:33:15+00:00,일괄공시 단독으로는 이벤트를 verified로 승격하지 않음.
krx-notice-match:138b33c8ac1a89f6,candidate:3ebaa4b284ac94e0d9fe,krx-notice-evidence:a77462588c47d41a,,481050,issuer:kodex:notice:20260728:monthend,krx:kind:distribution_notice:20260729:20260729002071,1,amount_and_schedule_matched,ticker_exact_and_distribution_amount_equal,2026-08-21T03:33:15+00:00,2026-08-21T03:33:15+00:00,운용사 후보 금액과 KRX KIND 일괄공시 금액이 일치. 이 증거만으로는 분배락 적용일·기준가격이 없어 verified 이벤트를 생성하지 않음.
krx-notice-match:138d50dc552bee72,candidate:63bb3eecb7d9a4292f4c,krx-notice-evidence:bb9c4f001cf307a0,,485540,issuer:kodex:notice:20260728:monthend,krx:kind:distribution_notice:20260729:20260729002071,1,amount_and_schedule_matched,ticker_exact_and_distribution_amount_equal,2026-08-21T03:33:15+00:00,2026-08-21T03:33:15+00:00,운용사 후보 금액과 KRX KIND 일괄공시 금액이 일치. 이 증거만으로는 분배락 적용일·기준가격이 없어 verified 이벤트를 생성하지 않음.
krx-notice-match:13be5cb812634bcb,,krx-notice-evidence:d29ea3d3373b9b68,,371160,,krx:kind:distribution_notice:20260729:20260729000622,1,unmatched,no_issuer_candidate_with_equal_distribution_amount,2026-08-21T03:33:15+00:00,2026-08-21T03:33:15+00:00,일괄공시 단독으로는 이벤트를 verified로 승격하지 않음.
krx-notice-match:1456cd6b865fb85f,,krx-notice-evidence:ee7c63b20126b789,,0117V0,,krx:kind:distribution_notice:20260729:20260729000622,1,unmatched,no_issuer_candidate_with_equal_distribution_amount,2026-08-21T03:33:15+00:00,2026-08-21T03:33:15+00:00,일괄공시 단독으로는 이벤트를 verified로 승격하지 않음.
krx-notice-match:155000e0abd8a349,,krx-notice-evidence:3e07191e0778f31f,,0085N0,,krx:kind:distribution_notice:20260729:20260729002071,1,unmatched,no_issuer_candidate_with_equal_distribution_amount,2026-08-21T03:33:15+00:00,2026-08-21T03:33:15+00:00,일괄공시 단독으로는 이벤트를 verified로 승격하지 않음.
krx-notice-match:15d5be5d336e98db,,krx-notice-evidence:6c4f6dde6d24d574,,0152E0,,krx:kind:distribution_notice:20260729:20260729002071,1,unmatched,no_issuer_candidate_with_equal_distribution_amount,2026-08-21T03:33:15+00:00,2026-08-21T03:33:15+00:00,일괄공시 단독으로는 이벤트를 verified로 승격하지 않음.
krx-notice-match:160c65f9014227fe,candidate:3389459056e0d1e3e7dd,krx-notice-evidence:5e6cfd0a4ed14593,,0132H0,issuer:kodex:notice:20260728:monthend,krx:kind:distribution_notice:20260729:20260729002071,1,amount_and_schedule_matched,ticker_exact_and_distribution_amount_equal,2026-08-21T03:33:15+00:00,2026-08-21T03:33:15+00:00,운용사 후보 금액과 KRX KIND 일괄공시 금액이 일치. 이 증거만으로는 분배락 적용일·기준가격이 없어 verified 이벤트를 생성하지 않음.
krx-notice-match:165d0324780f22e2,candidate:04f5562392f88ade76cf,krx-notice-evidence:72d879be1dd7f9d3,,463680,issuer:kodex:notice:20260728:monthend,krx:kind:distribution_notice:20260729:20260729002071,1,amount_and_schedule_matched,ticker_exact_and_distribution_amount_equal,2026-08-21T03:33:15+00:00,2026-08-21T03:33:15+00:00,운용사 후보 금액과 KRX KIND 일괄공시 금액이 일치. 이 증거만으로는 분배락 적용일·기준가격이 없어 verified 이벤트를 생성하지 않음.
krx-notice-match:16d77b56edc02eb0,candidate:0ffa80867b00b24260dc,krx-notice-evidence:b710c841aa731add,,445290,issuer:kodex:notice:20260728:monthend,krx:kind:distribution_notice:20260729:20260729002071,1,amount_and_schedule_matched,ticker_exact_and_distribution_amount_equal,2026-08-21T03:33:15+00:00,2026-08-21T03:33:15+00:00,운용사 후보 금액과 KRX KIND 일괄공시 금액이 일치. 이 증거만으로는 분배락 적용일·기준가격이 없어 verified 이벤트를 생성하지 않음.
krx-notice-match:16fb4484e55973ba,,krx-notice-evidence:fc55726231630156,,0198A0,,krx:kind:distribution_notice:20260729:20260729000622,1,unmatched,no_issuer_candidate_with_equal_distribution_amount,2026-08-21T03:33:15+00:00,2026-08-21T03:33:15+00:00,일괄공시 단독으로는 이벤트를 verified로 승격하지 않음.
krx-notice-match:172fbaee57c845a2,candidate:2d2cb56df9aab24c49d5,krx-notice-evidence:06d89aa62a4152a6,,364690,issuer:kodex:notice:20260728:monthend,krx:kind:distribution_notice:20260729:20260729002071,1,amount_and_schedule_matched,ticker_exact_and_distribution_amount_equal,2026-08-21T03:33:15+00:00,2026-08-21T03:33:15+00:00,운용사 후보 금액과 KRX KIND 일괄공시 금액이 일치. 이 증거만으로는 분배락 적용일·기준가격이 없어 verified 이벤트를 생성하지 않음.
krx-notice-match:1786159f0edfea18,candidate:268c62de6fc3bd3d62ae,krx-notice-evidence:7cb7b04a019299a3,,390390,issuer:kodex:notice:20260728:monthend,krx:kind:distribution_notice:20260729:20260729002071,1,amount_and_schedule_matched,ticker_exact_and_distribution_amount_equal,2026-08-21T03:33:15+00:00,2026-08-21T03:33:15+00:00,운용사 후보 금액과 KRX KIND 일괄공시 금액이 일치. 이 증거만으로는 분배락 적용일·기준가격이 없어 verified 이벤트를 생성하지 않음.
krx-notice-match:17e593e998a1566b,,krx-notice-evidence:d70e7cb2ef40875c,,251600,,krx:kind:distribution_notice:20260729:20260729000622,1,unmatched,no_issuer_candidate_with_equal_distribution_amount,2026-08-21T03:33:15+00:00,2026-08-21T03:33:15+00:00,일괄공시 단독으로는 이벤트를 verified로 승격하지 않음.
krx-notice-match:1886b21db1e15b7e,candidate:340f9a31e9943c4cdd59,krx-notice-evidence:2bf23f1f56ed347e,,449580,issuer:rise:notice:20260728:monthend,krx:kind:distribution_notice:20260729:20260729000622,1,amount_and_schedule_matched,ticker_exact_and_distribution_amount_equal,2026-08-21T03:33:15+00:00,2026-08-21T03:33:15+00:00,운용사 후보 금액과 KRX KIND 일괄공시 금액이 일치. 이 증거만으로는 분배락 적용일·기준가격이 없어 verified 이벤트를 생성하지 않음.
krx-notice-match:18b49204cba13a49,,krx-notice-evidence:3ab92f372773cded,,486290,,krx:kind:distribution_notice:20260729:20260729000622,1,unmatched,no_issuer_candidate_with_equal_distribution_amount,2026-08-21T03:33:15+00:00,2026-08-21T03:33:15+00:00,일괄공시 단독으로는 이벤트를 verified로 승격하지 않음.
krx-notice-match:1a0249baee2ae848,candidate:be373dff9cbda319ad91,krx-notice-evidence:4e97b84cdb386c5c,,275300,issuer:kodex:notice:20260728:monthend,krx:kind:distribution_notice:20260729:20260729002071,1,amount_and_schedule_matched,ticker_exact_and_distribution_amount_equal,2026-08-21T03:33:15+00:00,2026-08-21T03:33:15+00:00,운용사 후보 금액과 KRX KIND 일괄공시 금액이 일치. 이 증거만으로는 분배락 적용일·기준가격이 없어 verified 이벤트를 생성하지 않음.
krx-notice-match:1c2d5852d9b08908,,krx-notice-evidence:95c7f108cf821790,,407310,,krx:kind:distribution_notice:20260729:20260729000622,1,unmatched,no_issuer_candidate_with_equal_distribution_amount,2026-08-21T03:33:15+00:00,2026-08-21T03:33:15+00:00,일괄공시 단독으로는 이벤트를 verified로 승격하지 않음.
krx-notice-match:1d2c514d65257d56,,krx-notice-evidence:270e7fd7870d17b4,,435040,,krx:kind:distribution_notice:20260729:20260729002071,1,unmatched,no_issuer_candidate_with_equal_distribution_amount,2026-08-21T03:33:15+00:00,2026-08-21T03:33:15+00:00,일괄공시 단독으로는 이벤트를 verified로 승격하지 않음.
krx-notice-match:1d9892d4cb7b1aa8,,krx-notice-evidence:f282186d6a1419c7,,404540,,krx:kind:distribution_notice:20260729:20260729000622,1,unmatched,no_issuer_candidate_with_equal_distribution_amount,2026-08-21T03:33:15+00:00,2026-08-21T03:33:15+00:00,일괄공시 단독으로는 이벤트를 verified로 승격하지 않음.
krx-notice-match:1dd5a16952875e0d,,krx-notice-evidence:55e9eb16cd489cb9,,432840,,krx:kind:distribution_notice:20260729:20260729000622,1,unmatched,no_issuer_candidate_with_equal_distribution_amount,2026-08-21T03:33:15+00:00,2026-08-21T03:33:15+00:00,일괄공시 단독으로는 이벤트를 verified로 승격하지 않음.
krx-notice-match:1e04a0ca93b05291,candidate:81cc7e49d5f834d4b5ab,krx-notice-evidence:23850e24bed537c3,,483280,issuer:kodex:notice:20260728:monthend,krx:kind:distribution_notice:20260729:20260729002071,1,amount_and_schedule_matched,ticker_exact_and_distribution_amount_equal,2026-08-21T03:33:15+00:00,2026-08-21T03:33:15+00:00,운용사 후보 금액과 KRX KIND 일괄공시 금액이 일치. 이 증거만으로는 분배락 적용일·기준가격이 없어 verified 이벤트를 생성하지 않음.
krx-notice-match:1f439204d7fbf677,,krx-notice-evidence:ee2bedd457e7d199,,433880,,krx:kind:distribution_notice:20260729:20260729000622,1,unmatched,no_issuer_candidate_with_equal_distribution_amount,2026-08-21T03:33:15+00:00,2026-08-21T03:33:15+00:00,일괄공시 단독으로는 이벤트를 verified로 승격하지 않음.
krx-notice-match:1f839112a5429fe1,,krx-notice-evidence:f7efd0d26e224d63,,497780,,krx:kind:distribution_notice:20260729:20260729002071,1,unmatched,no_issuer_candidate_with_equal_distribution_amount,2026-08-21T03:33:15+00:00,2026-08-21T03:33:15+00:00,일괄공시 단독으로는 이벤트를 verified로 승격하지 않음.
krx-notice-match:204f1961721c6166,,krx-notice-evidence:baf78143f48aed41,,0015E0,,krx:kind:distribution_notice:20260729:20260729000622,1,unmatched,no_issuer_candidate_with_equal_distribution_amount,2026-08-21T03:33:15+00:00,2026-08-21T03:33:15+00:00,일괄공시 단독으로는 이벤트를 verified로 승격하지 않음.
krx-notice-match:222eef9f058cf4f0,candidate:9a6716b7946059bfbaeb,krx-notice-evidence:b3498757c6ecc5e7,,337150,issuer:kodex:notice:20260728:monthend,krx:kind:distribution_notice:20260729:20260729002071,1,amount_and_schedule_matched,ticker_exact_and_distribution_amount_equal,2026-08-21T03:33:15+00:00,2026-08-21T03:33:15+00:00,운용사 후보 금액과 KRX KIND 일괄공시 금액이 일치. 이 증거만으로는 분배락 적용일·기준가격이 없어 verified 이벤트를 생성하지 않음.
krx-notice-match:2249232fc7d681ea,candidate:0fcb52a72913e5d7b2c5,krx-notice-evidence:2d46ea1478b4e982,,372330,issuer:kodex:notice:20260728:monthend,krx:kind:distribution_notice:20260729:20260729002071,1,amount_and_schedule_matched,ticker_exact_and_distribution_amount_equal,2026-08-21T03:33:15+00:00,2026-08-21T03:33:15+00:00,운용사 후보 금액과 KRX KIND 일괄공시 금액이 일치. 이 증거만으로는 분배락 적용일·기준가격이 없어 verified 이벤트를 생성하지 않음.
krx-notice-match:22512c89ed4aef78,,krx-notice-evidence:fac2aaaabe5c0e57,,139230,,krx:kind:distribution_notice:20260729:20260729000622,1,unmatched,no_issuer_candidate_with_equal_distribution_amount,2026-08-21T03:33:15+00:00,2026-08-21T03:33:15+00:00,일괄공시 단독으로는 이벤트를 verified로 승격하지 않음.
krx-notice-match:233904ff8a7e9ff2,candidate:80bc723a2263e69b4b52,krx-notice-evidence:f6372c51e2427d6e,,0048J0,issuer:kodex:notice:20260728:monthend,krx:kind:distribution_notice:20260729:20260729002071,1,amount_and_schedule_matched,ticker_exact_and_distribution_amount_equal,2026-08-21T03:33:15+00:00,2026-08-21T03:33:15+00:00,운용사 후보 금액과 KRX KIND 일괄공시 금액이 일치. 이 증거만으로는 분배락 적용일·기준가격이 없어 verified 이벤트를 생성하지 않음.
krx-notice-match:242c1fddc39c3b42,,krx-notice-evidence:b1760ec189750d2b,,0053L0,,krx:kind:distribution_notice:20260729:20260729000622,1,unmatched,no_issuer_candidate_with_equal_distribution_amount,2026-08-21T03:33:15+00:00,2026-08-21T03:33:15+00:00,일괄공시 단독으로는 이벤트를 verified로 승격하지 않음.
krx-notice-match:25359c212918444c,candidate:904612064dd4e76969ae,krx-notice-evidence:f12095345de6eb8a,,468380,issuer:kodex:notice:20260728:monthend,krx:kind:distribution_notice:20260729:20260729002071,1,amount_and_schedule_matched,ticker_exact_and_distribution_amount_equal,2026-08-21T03:33:15+00:00,2026-08-21T03:33:15+00:00,운용사 후보 금액과 KRX KIND 일괄공시 금액이 일치. 이 증거만으로는 분배락 적용일·기준가격이 없어 verified 이벤트를 생성하지 않음.
krx-notice-match:262858c166b3e674,,krx-notice-evidence:dc7818c642e54235,,453850,,krx:kind:distribution_notice:20260729:20260729000622,1,unmatched,no_issuer_candidate_with_equal_distribution_amount,2026-08-21T03:33:15+00:00,2026-08-21T03:33:15+00:00,일괄공시 단독으로는 이벤트를 verified로 승격하지 않음.
krx-notice-match:26458138059f63e0,candidate:569e4f04feb1b17a0b50,krx-notice-evidence:ad7f6a158adec800,,437370,issuer:rise:notice:20260728:monthend,krx:kind:distribution_notice:20260729:20260729000622,1,amount_and_schedule_matched,ticker_exact_and_distribution_amount_equal,2026-08-21T03:33:15+00:00,2026-08-21T03:33:15+00:00,운용사 후보 금액과 KRX KIND 일괄공시 금액이 일치. 이 증거만으로는 분배락 적용일·기준가격이 없어 verified 이벤트를 생성하지 않음.
krx-notice-match:27193e85ae9f8213,,krx-notice-evidence:3bcef2041d8395e9,,269530,,krx:kind:distribution_notice:20260729:20260729000622,1,unmatched,no_issuer_candidate_with_equal_distribution_amount,2026-08-21T03:33:15+00:00,2026-08-21T03:33:15+00:00,일괄공시 단독으로는 이벤트를 verified로 승격하지 않음.
krx-notice-match:274fef29fb68a030,,krx-notice-evidence:f9e4dfcb6cecf658,,0022T0,,krx:kind:distribution_notice:20260729:20260729002071,1,unmatched,no_issuer_candidate_with_equal_distribution_amount,2026-08-21T03:33:15+00:00,2026-08-21T03:33:15+00:00,일괄공시 단독으로는 이벤트를 verified로 승격하지 않음.
krx-notice-match:27d962552dbd36fb,candidate:aa5d92939e46fafde979,krx-notice-evidence:d14e53d8bc940af3,,379800,issuer:kodex:notice:20260728:monthend,krx:kind:distribution_notice:20260729:20260729002071,1,amount_and_schedule_matched,ticker_exact_and_distribution_amount_equal,2026-08-21T03:33:15+00:00,2026-08-21T03:33:15+00:00,운용사 후보 금액과 KRX KIND 일괄공시 금액이 일치. 이 증거만으로는 분배락 적용일·기준가격이 없어 verified 이벤트를 생성하지 않음.
krx-notice-match:287cb3dd0594622c,candidate:53a84633efd5c82e3d6a,krx-notice-evidence:492f718dcebc8398,,475080,issuer:kodex:notice:20260728:monthend,krx:kind:distribution_notice:20260729:20260729002071,1,amount_and_schedule_matched,ticker_exact_and_distribution_amount_equal,2026-08-21T03:33:15+00:00,2026-08-21T03:33:15+00:00,운용사 후보 금액과 KRX KIND 일괄공시 금액이 일치. 이 증거만으로는 분배락 적용일·기준가격이 없어 verified 이벤트를 생성하지 않음.
krx-notice-match:28b3ebb15c1ad4e0,candidate:f37ac3ef6458d4a91a71,krx-notice-evidence:3a1191576c53c2b8,,433980,issuer:kodex:notice:20260728:monthend,krx:kind:distribution_notice:20260729:20260729002071,1,amount_and_schedule_matched,ticker_exact_and_distribution_amount_equal,2026-08-21T03:33:15+00:00,2026-08-21T03:33:15+00:00,운용사 후보 금액과 KRX KIND 일괄공시 금액이 일치. 이 증거만으로는 분배락 적용일·기준가격이 없어 verified 이벤트를 생성하지 않음.
krx-notice-match:2ad5298e699b8f15,,krx-notice-evidence:e11e626a20fbc785,,455660,,krx:kind:distribution_notice:20260729:20260729000622,1,unmatched,no_issuer_candidate_with_equal_distribution_amount,2026-08-21T03:33:15+00:00,2026-08-21T03:33:15+00:00,일괄공시 단독으로는 이벤트를 verified로 승격하지 않음.
krx-notice-match:2b210503d6218797,,krx-notice-evidence:ef1cf3173f900212,,411540,,krx:kind:distribution_notice:20260729:20260729002071,1,unmatched,no_issuer_candidate_with_equal_distribution_amount,2026-08-21T03:33:15+00:00,2026-08-21T03:33:15+00:00,일괄공시 단독으로는 이벤트를 verified로 승격하지 않음.
krx-notice-match:2b58d6da765ed914,,krx-notice-evidence:96470347a2f12a3b,,367380,,krx:kind:distribution_notice:20260729:20260729002071,1,unmatched,no_issuer_candidate_with_equal_distribution_amount,2026-08-21T03:33:15+00:00,2026-08-21T03:33:15+00:00,일괄공시 단독으로는 이벤트를 verified로 승격하지 않음.
krx-notice-match:2b8938adf5b13089,candidate:d217403f9a521b1503a9,krx-notice-evidence:ec793668eb253fc2,,325010,issuer:kodex:notice:20260728:monthend,krx:kind:distribution_notice:20260729:20260729002071,1,amount_and_schedule_matched,ticker_exact_and_distribution_amount_equal,2026-08-21T03:33:15+00:00,2026-08-21T03:33:15+00:00,운용사 후보 금액과 KRX KIND 일괄공시 금액이 일치. 이 증거만으로는 분배락 적용일·기준가격이 없어 verified 이벤트를 생성하지 않음.
krx-notice-match:2d1c754aa970aa0f,candidate:fe5588aa1ecbc85295c2,krx-notice-evidence:795349625f6288cc,,101280,issuer:kodex:notice:20260728:monthend,krx:kind:distribution_notice:20260729:20260729002071,1,amount_and_schedule_matched,ticker_exact_and_distribution_amount_equal,2026-08-21T03:33:15+00:00,2026-08-21T03:33:15+00:00,운용사 후보 금액과 KRX KIND 일괄공시 금액이 일치. 이 증거만으로는 분배락 적용일·기준가격이 없어 verified 이벤트를 생성하지 않음.
krx-notice-match:2daa0fd20aa829b8,candidate:524d498d46d436f8040c,krx-notice-evidence:0d9f5f89bae7f2cc,,473460,issuer:kodex:notice:20260728:monthend,krx:kind:distribution_notice:20260729:20260729002071,1,amount_and_schedule_matched,ticker_exact_and_distribution_amount_equal,2026-08-21T03:33:15+00:00,2026-08-21T03:33:15+00:00,운용사 후보 금액과 KRX KIND 일괄공시 금액이 일치. 이 증거만으로는 분배락 적용일·기준가격이 없어 verified 이벤트를 생성하지 않음.
krx-notice-match:2e585245d292e706,,krx-notice-evidence:d319710e0c03a7f7,,476550,,krx:kind:distribution_notice:20260729:20260729000622,1,unmatched,no_issuer_candidate_with_equal_distribution_amount,2026-08-21T03:33:15+00:00,2026-08-21T03:33:15+00:00,일괄공시 단독으로는 이벤트를 verified로 승격하지 않음.
krx-notice-match:2efd9c29bc2d0048,candidate:58f552549285b6478fae,krx-notice-evidence:a621887c48b11ab4,,472870,issuer:rise:notice:20260728:monthend,krx:kind:distribution_notice:20260729:20260729000622,1,amount_and_schedule_matched,ticker_exact_and_distribution_amount_equal,2026-08-21T03:33:15+00:00,2026-08-21T03:33:15+00:00,운용사 후보 금액과 KRX KIND 일괄공시 금액이 일치. 이 증거만으로는 분배락 적용일·기준가격이 없어 verified 이벤트를 생성하지 않음.
krx-notice-match:2f5d766cfca954a8,,krx-notice-evidence:c21d34922f7db1e1,,453870,,krx:kind:distribution_notice:20260729:20260729000622,1,unmatched,no_issuer_candidate_with_equal_distribution_amount,2026-08-21T03:33:15+00:00,2026-08-21T03:33:15+00:00,일괄공시 단독으로는 이벤트를 verified로 승격하지 않음.
krx-notice-match:2f8a8415e7937199,,krx-notice-evidence:ba2e2327c75961c4,,0049M0,,krx:kind:distribution_notice:20260729:20260729002071,1,unmatched,no_issuer_candidate_with_equal_distribution_amount,2026-08-21T03:33:15+00:00,2026-08-21T03:33:15+00:00,일괄공시 단독으로는 이벤트를 verified로 승격하지 않음.
krx-notice-match:306f37383d158de7,,krx-notice-evidence:e52df733a7113ab7,,496080,,krx:kind:distribution_notice:20260729:20260729000622,1,ambiguous_candidate_match,2_issuer_candidates_with_equal_distribution_amount,2026-08-21T03:33:15+00:00,2026-08-21T03:33:15+00:00,일괄공시 단독으로는 이벤트를 verified로 승격하지 않음.
krx-notice-match:30bd563c300de8ab,,krx-notice-evidence:3766484e34e1c4ea,,0102X0,,krx:kind:distribution_notice:20260729:20260729002071,1,unmatched,no_issuer_candidate_with_equal_distribution_amount,2026-08-21T03:33:15+00:00,2026-08-21T03:33:15+00:00,일괄공시 단독으로는 이벤트를 verified로 승격하지 않음.
krx-notice-match:30c9525f03f6baac,,krx-notice-evidence:5c2d8f07292386f9,,381180,,krx:kind:distribution_notice:20260729:20260729000622,1,unmatched,no_issuer_candidate_with_equal_distribution_amount,2026-08-21T03:33:15+00:00,2026-08-21T03:33:15+00:00,일괄공시 단독으로는 이벤트를 verified로 승격하지 않음.
krx-notice-match:31583f7a488d98fd,,krx-notice-evidence:6a528bd5bd5e5c17,,435550,,krx:kind:distribution_notice:20260729:20260729000622,1,unmatched,no_issuer_candidate_with_equal_distribution_amount,2026-08-21T03:33:15+00:00,2026-08-21T03:33:15+00:00,일괄공시 단독으로는 이벤트를 verified로 승격하지 않음.
krx-notice-match:319b61102175b47a,candidate:69f163b3f7ca932d2cc9,krx-notice-evidence:1bc6f4438651ca90,,069500,issuer:kodex:notice:20260728:monthend,krx:kind:distribution_notice:20260729:20260729002071,1,amount_and_schedule_matched,ticker_exact_and_distribution_amount_equal,2026-08-21T03:33:15+00:00,2026-08-21T03:33:15+00:00,운용사 후보 금액과 KRX KIND 일괄공시 금액이 일치. 이 증거만으로는 분배락 적용일·기준가격이 없어 verified 이벤트를 생성하지 않음.
krx-notice-match:32b44f53b759c84e,,krx-notice-evidence:7e68d5d5020a2fec,,495750,,krx:kind:distribution_notice:20260729:20260729000622,1,unmatched,no_issuer_candidate_with_equal_distribution_amount,2026-08-21T03:33:15+00:00,2026-08-21T03:33:15+00:00,일괄공시 단독으로는 이벤트를 verified로 승격하지 않음.
krx-notice-match:339203891ae5bfbc,,krx-notice-evidence:3cf9ea36374570e7,,0210E0,,krx:kind:distribution_notice:20260729:20260729000622,1,unmatched,no_issuer_candidate_with_equal_distribution_amount,2026-08-21T03:33:15+00:00,2026-08-21T03:33:15+00:00,일괄공시 단독으로는 이벤트를 verified로 승격하지 않음.
krx-notice-match:34094a101e0e5d25,,krx-notice-evidence:ca327cbf66b43d6b,,472840,,krx:kind:distribution_notice:20260729:20260729002071,1,unmatched,no_issuer_candidate_with_equal_distribution_amount,2026-08-21T03:33:15+00:00,2026-08-21T03:33:15+00:00,일괄공시 단독으로는 이벤트를 verified로 승격하지 않음.
krx-notice-match:350ad78e7dfe2533,candidate:ae29dfb313c9afd54e80,krx-notice-evidence:54c7e8b83782a22d,,453650,issuer:kodex:notice:20260728:monthend,krx:kind:distribution_notice:20260729:20260729002071,1,amount_and_schedule_matched,ticker_exact_and_distribution_amount_equal,2026-08-21T03:33:15+00:00,2026-08-21T03:33:15+00:00,운용사 후보 금액과 KRX KIND 일괄공시 금액이 일치. 이 증거만으로는 분배락 적용일·기준가격이 없어 verified 이벤트를 생성하지 않음.
krx-notice-match:35a36cbdd7882c29,candidate:ecdb91289d2bad4547fb,krx-notice-evidence:84ef3e55f81d7347,,270800,issuer:rise:notice:20260728:monthend,krx:kind:distribution_notice:20260729:20260729000622,1,amount_and_schedule_matched,ticker_exact_and_distribution_amount_equal,2026-08-21T03:33:15+00:00,2026-08-21T03:33:15+00:00,운용사 후보 금액과 KRX KIND 일괄공시 금액이 일치. 이 증거만으로는 분배락 적용일·기준가격이 없어 verified 이벤트를 생성하지 않음.
krx-notice-match:363b3d97449f81e9,,krx-notice-evidence:3f554e1d02150e6d,,0107F0,,krx:kind:distribution_notice:20260729:20260729000622,1,unmatched,no_issuer_candidate_with_equal_distribution_amount,2026-08-21T03:33:15+00:00,2026-08-21T03:33:15+00:00,일괄공시 단독으로는 이벤트를 verified로 승격하지 않음.
krx-notice-match:37e630cede2b8a0d,,krx-notice-evidence:8b3049ded0b30b3e,,261140,,krx:kind:distribution_notice:20260729:20260729000622,1,unmatched,no_issuer_candidate_with_equal_distribution_amount,2026-08-21T03:33:15+00:00,2026-08-21T03:33:15+00:00,일괄공시 단독으로는 이벤트를 verified로 승격하지 않음.
krx-notice-match:37f9b832b8ed225e,,krx-notice-evidence:45532d4653774804,,153270,,krx:kind:distribution_notice:20260729:20260729000622,1,unmatched,no_issuer_candidate_with_equal_distribution_amount,2026-08-21T03:33:15+00:00,2026-08-21T03:33:15+00:00,일괄공시 단독으로는 이벤트를 verified로 승격하지 않음.
krx-notice-match:381999788cc9dd0e,candidate:f6f0af7510f6d3cae710,krx-notice-evidence:66ac264d78c224ae,,0048K0,issuer:kodex:notice:20260728:monthend,krx:kind:distribution_notice:20260729:20260729002071,1,amount_and_schedule_matched,ticker_exact_and_distribution_amount_equal,2026-08-21T03:33:15+00:00,2026-08-21T03:33:15+00:00,운용사 후보 금액과 KRX KIND 일괄공시 금액이 일치. 이 증거만으로는 분배락 적용일·기준가격이 없어 verified 이벤트를 생성하지 않음.
krx-notice-match:38c0187ab12a63e4,candidate:3b3ffe6956c6ec60377b,krx-notice-evidence:19801916c1c64d33,,475380,issuer:rise:notice:20260728:monthend,krx:kind:distribution_notice:20260729:20260729000622,1,amount_and_schedule_matched,ticker_exact_and_distribution_amount_equal,2026-08-21T03:33:15+00:00,2026-08-21T03:33:15+00:00,운용사 후보 금액과 KRX KIND 일괄공시 금액이 일치. 이 증거만으로는 분배락 적용일·기준가격이 없어 verified 이벤트를 생성하지 않음.
krx-notice-match:3957b3db3aef27b7,,krx-notice-evidence:132cb80d920a6886,,166400,,krx:kind:distribution_notice:20260729:20260729000622,1,unmatched,no_issuer_candidate_with_equal_distribution_amount,2026-08-21T03:33:15+00:00,2026-08-21T03:33:15+00:00,일괄공시 단독으로는 이벤트를 verified로 승격하지 않음.
krx-notice-match:39aa69e8eab23a90,candidate:353c80e7312a95d62f9b,krx-notice-evidence:8026871aceb5b14a,,469060,issuer:rise:notice:20260728:monthend,krx:kind:distribution_notice:20260729:20260729000622,1,amount_and_schedule_matched,ticker_exact_and_distribution_amount_equal,2026-08-21T03:33:15+00:00,2026-08-21T03:33:15+00:00,운용사 후보 금액과 KRX KIND 일괄공시 금액이 일치. 이 증거만으로는 분배락 적용일·기준가격이 없어 verified 이벤트를 생성하지 않음.
krx-notice-match:39bddbaff8a7a250,candidate:45872bc07be7d332457d,krx-notice-evidence:444b35ad2c581e94,,0046A0,issuer:tiger:notice:20260527:monthend,krx:kind:distribution_notice:20260729:20260729000622,1,amount_and_schedule_matched,ticker_exact_and_distribution_amount_equal,2026-08-21T03:33:15+00:00,2026-08-21T03:33:15+00:00,운용사 후보 금액과 KRX KIND 일괄공시 금액이 일치. 이 증거만으로는 분배락 적용일·기준가격이 없어 verified 이벤트를 생성하지 않음.
krx-notice-match:3ad5e329b0c0fbd4,,krx-notice-evidence:1f8a3dc7091d6231,,292150,,krx:kind:distribution_notice:20260729:20260729000622,1,unmatched,no_issuer_candidate_with_equal_distribution_amount,2026-08-21T03:33:15+00:00,2026-08-21T03:33:15+00:00,일괄공시 단독으로는 이벤트를 verified로 승격하지 않음.
krx-notice-match:3b4bd7094e4f13d7,,krx-notice-evidence:7dc11e97f47e3f40,,0137W0,,krx:kind:distribution_notice:20260729:20260729000622,1,unmatched,no_issuer_candidate_with_equal_distribution_amount,2026-08-21T03:33:15+00:00,2026-08-21T03:33:15+00:00,일괄공시 단독으로는 이벤트를 verified로 승격하지 않음.
krx-notice-match:3bdc094cc32220e0,candidate:9d0abac2b3444285f8e4,krx-notice-evidence:0d6080110515b2be,,487230,issuer:kodex:notice:20260728:monthend,krx:kind:distribution_notice:20260729:20260729002071,1,amount_and_schedule_matched,ticker_exact_and_distribution_amount_equal,2026-08-21T03:33:15+00:00,2026-08-21T03:33:15+00:00,운용사 후보 금액과 KRX KIND 일괄공시 금액이 일치. 이 증거만으로는 분배락 적용일·기준가격이 없어 verified 이벤트를 생성하지 않음.
krx-notice-match:3c10f448c55ce5d2,candidate:6a96ad4fef8576aa2ac0,krx-notice-evidence:622eb500cff9810f,,140700,issuer:kodex:notice:20260728:monthend,krx:kind:distribution_notice:20260729:20260729002071,1,amount_and_schedule_matched,ticker_exact_and_distribution_amount_equal,2026-08-21T03:33:15+00:00,2026-08-21T03:33:15+00:00,운용사 후보 금액과 KRX KIND 일괄공시 금액이 일치. 이 증거만으로는 분배락 적용일·기준가격이 없어 verified 이벤트를 생성하지 않음.
krx-notice-match:3dace66d03e5b290,,krx-notice-evidence:c8939bfb772bae08,,496090,,krx:kind:distribution_notice:20260729:20260729000622,1,unmatched,no_issuer_candidate_with_equal_distribution_amount,2026-08-21T03:33:15+00:00,2026-08-21T03:33:15+00:00,일괄공시 단독으로는 이벤트를 verified로 승격하지 않음.
krx-notice-match:3dd46deba3c74707,,krx-notice-evidence:322ed3d4c22f8fcc,,329200,,krx:kind:distribution_notice:20260729:20260729000622,1,ambiguous_candidate_match,2_issuer_candidates_with_equal_distribution_amount,2026-08-21T03:33:15+00:00,2026-08-21T03:33:15+00:00,일괄공시 단독으로는 이벤트를 verified로 승격하지 않음.
krx-notice-match:3df0241f7d17fa5a,candidate:9f70bcafa38a89fafa8f,krx-notice-evidence:286c3dee2c444b30,,0028X0,issuer:kodex:notice:20260728:monthend,krx:kind:distribution_notice:20260729:20260729002071,1,amount_and_schedule_matched,ticker_exact_and_distribution_amount_equal,2026-08-21T03:33:15+00:00,2026-08-21T03:33:15+00:00,운용사 후보 금액과 KRX KIND 일괄공시 금액이 일치. 이 증거만으로는 분배락 적용일·기준가격이 없어 verified 이벤트를 생성하지 않음.
krx-notice-match:3f946b149c6c4aea,,krx-notice-evidence:355fcd23bbf295ee,,192720,,krx:kind:distribution_notice:20260729:20260729002071,1,unmatched,no_issuer_candidate_with_equal_distribution_amount,2026-08-21T03:33:15+00:00,2026-08-21T03:33:15+00:00,일괄공시 단독으로는 이벤트를 verified로 승격하지 않음.
krx-notice-match:3ffe770c1aa2653a,,krx-notice-evidence:d0f09b95e97729fa,,0137V0,,krx:kind:distribution_notice:20260729:20260729000622,1,unmatched,no_issuer_candidate_with_equal_distribution_amount,2026-08-21T03:33:15+00:00,2026-08-21T03:33:15+00:00,일괄공시 단독으로는 이벤트를 verified로 승격하지 않음.
krx-notice-match:4030ea816206b362,,krx-notice-evidence:5948bd22b3e28bb0,,0192S0,,krx:kind:distribution_notice:20260729:20260729002071,1,unmatched,no_issuer_candidate_with_equal_distribution_amount,2026-08-21T03:33:15+00:00,2026-08-21T03:33:15+00:00,일괄공시 단독으로는 이벤트를 verified로 승격하지 않음.
krx-notice-match:407251acb21b622a,,krx-notice-evidence:4afb2a35eb66eb53,,0127M0,,krx:kind:distribution_notice:20260729:20260729002071,1,unmatched,no_issuer_candidate_with_equal_distribution_amount,2026-08-21T03:33:15+00:00,2026-08-21T03:33:15+00:00,일괄공시 단독으로는 이벤트를 verified로 승격하지 않음.
krx-notice-match:411cd9aec6496cb2,candidate:1eb97d1751d3d88a2168,krx-notice-evidence:240839145be95d07,,468630,issuer:kodex:notice:20260728:monthend,krx:kind:distribution_notice:20260729:20260729002071,1,amount_and_schedule_matched,ticker_exact_and_distribution_amount_equal,2026-08-21T03:33:15+00:00,2026-08-21T03:33:15+00:00,운용사 후보 금액과 KRX KIND 일괄공시 금액이 일치. 이 증거만으로는 분배락 적용일·기준가격이 없어 verified 이벤트를 생성하지 않음.
krx-notice-match:4150a7542c8ec082,,krx-notice-evidence:40eff82da1b5438d,,245360,,krx:kind:distribution_notice:20260729:20260729000622,1,unmatched,no_issuer_candidate_with_equal_distribution_amount,2026-08-21T03:33:15+00:00,2026-08-21T03:33:15+00:00,일괄공시 단독으로는 이벤트를 verified로 승격하지 않음.
krx-notice-match:424eee41a4cba3f9,,krx-notice-evidence:537fb8c9d3745bed,,464470,,krx:kind:distribution_notice:20260729:20260729000622,1,unmatched,no_issuer_candidate_with_equal_distribution_amount,2026-08-21T03:33:15+00:00,2026-08-21T03:33:15+00:00,일괄공시 단독으로는 이벤트를 verified로 승격하지 않음.
krx-notice-match:459f336a38a52691,,krx-notice-evidence:44587439ed9791a8,,473490,,krx:kind:distribution_notice:20260729:20260729000622,1,unmatched,no_issuer_candidate_with_equal_distribution_amount,2026-08-21T03:33:15+00:00,2026-08-21T03:33:15+00:00,일괄공시 단독으로는 이벤트를 verified로 승격하지 않음.
krx-notice-match:470a9363982910ba,candidate:0554a9d94920afa7dd05,krx-notice-evidence:427c441090a76fd8,,423160,issuer:kodex:notice:20260728:monthend,krx:kind:distribution_notice:20260729:20260729002071,1,amount_and_schedule_matched,ticker_exact_and_distribution_amount_equal,2026-08-21T03:33:15+00:00,2026-08-21T03:33:15+00:00,운용사 후보 금액과 KRX KIND 일괄공시 금액이 일치. 이 증거만으로는 분배락 적용일·기준가격이 없어 verified 이벤트를 생성하지 않음.
krx-notice-match:47aa96cacdaf505f,,krx-notice-evidence:d495b5cf605131bb,,277630,,krx:kind:distribution_notice:20260729:20260729000622,1,unmatched,no_issuer_candidate_with_equal_distribution_amount,2026-08-21T03:33:15+00:00,2026-08-21T03:33:15+00:00,일괄공시 단독으로는 이벤트를 verified로 승격하지 않음.
krx-notice-match:485ec668210c4761,candidate:90effce64a9c0b4e7a5c,krx-notice-evidence:19c10afc563c505a,,453330,issuer:rise:notice:20260728:monthend,krx:kind:distribution_notice:20260729:20260729000622,1,amount_and_schedule_matched,ticker_exact_and_distribution_amount_equal,2026-08-21T03:33:15+00:00,2026-08-21T03:33:15+00:00,운용사 후보 금액과 KRX KIND 일괄공시 금액이 일치. 이 증거만으로는 분배락 적용일·기준가격이 없어 verified 이벤트를 생성하지 않음.
krx-notice-match:486371ac339f24a3,candidate:bd20aa2fd828688ad130,krx-notice-evidence:5013188ebe59f1ec,,0144M0,issuer:kodex:notice:20260728:monthend,krx:kind:distribution_notice:20260729:20260729002071,1,amount_and_schedule_matched,ticker_exact_and_distribution_amount_equal,2026-08-21T03:33:15+00:00,2026-08-21T03:33:15+00:00,운용사 후보 금액과 KRX KIND 일괄공시 금액이 일치. 이 증거만으로는 분배락 적용일·기준가격이 없어 verified 이벤트를 생성하지 않음.
krx-notice-match:48b7b46956a262ed,,krx-notice-evidence:248690c7242e0d87,,360200,,krx:kind:distribution_notice:20260729:20260729002071,1,unmatched,no_issuer_candidate_with_equal_distribution_amount,2026-08-21T03:33:15+00:00,2026-08-21T03:33:15+00:00,일괄공시 단독으로는 이벤트를 verified로 승격하지 않음.
krx-notice-match:4994f43d0d922adc,candidate:4af48c5d9e7188adb1ac,krx-notice-evidence:d5653d51ae30ce02,,458260,issuer:tiger:notice:20260626:monthend,krx:kind:distribution_notice:20260729:20260729000622,1,amount_and_schedule_matched,ticker_exact_and_distribution_amount_equal,2026-08-21T03:33:15+00:00,2026-08-21T03:33:15+00:00,운용사 후보 금액과 KRX KIND 일괄공시 금액이 일치. 이 증거만으로는 분배락 적용일·기준가격이 없어 verified 이벤트를 생성하지 않음.
krx-notice-match:49cbabb356545ccd,candidate:47d9113f9a9924a54909,krx-notice-evidence:78404b8211ec557f,,337120,issuer:kodex:notice:20260728:monthend,krx:kind:distribution_notice:20260729:20260729002071,1,amount_and_schedule_matched,ticker_exact_and_distribution_amount_equal,2026-08-21T03:33:15+00:00,2026-08-21T03:33:15+00:00,운용사 후보 금액과 KRX KIND 일괄공시 금액이 일치. 이 증거만으로는 분배락 적용일·기준가격이 없어 verified 이벤트를 생성하지 않음.
krx-notice-match:4a4bc820ae61676f,candidate:961220488b9f57366b9b,krx-notice-evidence:e6e75d4b0149aa7e,,102970,issuer:kodex:notice:20260728:monthend,krx:kind:distribution_notice:20260729:20260729002071,1,amount_and_schedule_matched,ticker_exact_and_distribution_amount_equal,2026-08-21T03:33:15+00:00,2026-08-21T03:33:15+00:00,운용사 후보 금액과 KRX KIND 일괄공시 금액이 일치. 이 증거만으로는 분배락 적용일·기준가격이 없어 verified 이벤트를 생성하지 않음.
krx-notice-match:4a6cd82174ba2da7,candidate:e7ccf150ec15c9d52f3b,krx-notice-evidence:06c04185c2969a6c,,471990,issuer:kodex:notice:20260728:monthend,krx:kind:distribution_notice:20260729:20260729002071,1,amount_and_schedule_matched,ticker_exact_and_distribution_amount_equal,2026-08-21T03:33:15+00:00,2026-08-21T03:33:15+00:00,운용사 후보 금액과 KRX KIND 일괄공시 금액이 일치. 이 증거만으로는 분배락 적용일·기준가격이 없어 verified 이벤트를 생성하지 않음.
krx-notice-match:4b4393866e1815c1,,krx-notice-evidence:1040771177ee8dab,,453080,,krx:kind:distribution_notice:20260729:20260729000622,1,unmatched,no_issuer_candidate_with_equal_distribution_amount,2026-08-21T03:33:15+00:00,2026-08-21T03:33:15+00:00,일괄공시 단독으로는 이벤트를 verified로 승격하지 않음.
krx-notice-match:4cdd4c3aeb628e1c,,krx-notice-evidence:ead4c9babd48efed,,269370,,krx:kind:distribution_notice:20260729:20260729000622,1,unmatched,no_issuer_candidate_with_equal_distribution_amount,2026-08-21T03:33:15+00:00,2026-08-21T03:33:15+00:00,일괄공시 단독으로는 이벤트를 verified로 승격하지 않음.
krx-notice-match:4efdcfe6628121ce,,krx-notice-evidence:5ebd432bc2ade13b,,499660,,krx:kind:distribution_notice:20260729:20260729000622,1,unmatched,no_issuer_candidate_with_equal_distribution_amount,2026-08-21T03:33:15+00:00,2026-08-21T03:33:15+00:00,일괄공시 단독으로는 이벤트를 verified로 승격하지 않음.
krx-notice-match:4f259951519f7565,,krx-notice-evidence:0c8576830665fd1f,,122090,,krx:kind:distribution_notice:20260729:20260729000622,1,unmatched,no_issuer_candidate_with_equal_distribution_amount,2026-08-21T03:33:15+00:00,2026-08-21T03:33:15+00:00,일괄공시 단독으로는 이벤트를 verified로 승격하지 않음.
krx-notice-match:4fc5222ac3d2058f,,krx-notice-evidence:180bbbef7a70ccf2,,434960,,krx:kind:distribution_notice:20260729:20260729000622,1,unmatched,no_issuer_candidate_with_equal_distribution_amount,2026-08-21T03:33:15+00:00,2026-08-21T03:33:15+00:00,일괄공시 단독으로는 이벤트를 verified로 승격하지 않음.
krx-notice-match:501998623ea8bc77,,krx-notice-evidence:5560c45f60c2a252,,0199C0,,krx:kind:distribution_notice:20260729:20260729002071,1,unmatched,no_issuer_candidate_with_equal_distribution_amount,2026-08-21T03:33:15+00:00,2026-08-21T03:33:15+00:00,일괄공시 단독으로는 이벤트를 verified로 승격하지 않음.
krx-notice-match:502f97b0fb6899a9,candidate:9d91d47ea7a411ef1f87,krx-notice-evidence:58e239404fdf7666,,281990,issuer:rise:notice:20260728:monthend,krx:kind:distribution_notice:20260729:20260729000622,1,amount_and_schedule_matched,ticker_exact_and_distribution_amount_equal,2026-08-21T03:33:15+00:00,2026-08-21T03:33:15+00:00,운용사 후보 금액과 KRX KIND 일괄공시 금액이 일치. 이 증거만으로는 분배락 적용일·기준가격이 없어 verified 이벤트를 생성하지 않음.
krx-notice-match:508d99efc7881737,,krx-notice-evidence:2d268d710129a273,,245340,,krx:kind:distribution_notice:20260729:20260729000622,1,unmatched,no_issuer_candidate_with_equal_distribution_amount,2026-08-21T03:33:15+00:00,2026-08-21T03:33:15+00:00,일괄공시 단독으로는 이벤트를 verified로 승격하지 않음.
krx-notice-match:511c6c3fb8dd2913,,krx-notice-evidence:8f8c6dd5a7467ca4,,245350,,krx:kind:distribution_notice:20260729:20260729000622,1,unmatched,no_issuer_candidate_with_equal_distribution_amount,2026-08-21T03:33:15+00:00,2026-08-21T03:33:15+00:00,일괄공시 단독으로는 이벤트를 verified로 승격하지 않음.
krx-notice-match:52620ada152b008a,candidate:e36966867fd46efe319e,krx-notice-evidence:a3e6578acae8b0c6,,442570,issuer:rise:notice:20260728:monthend,krx:kind:distribution_notice:20260729:20260729000622,1,amount_and_schedule_matched,ticker_exact_and_distribution_amount_equal,2026-08-21T03:33:15+00:00,2026-08-21T03:33:15+00:00,운용사 후보 금액과 KRX KIND 일괄공시 금액이 일치. 이 증거만으로는 분배락 적용일·기준가격이 없어 verified 이벤트를 생성하지 않음.
krx-notice-match:5288c3298b9bfcab,,krx-notice-evidence:8a07a15d60bbb0ba,,0203D0,,krx:kind:distribution_notice:20260729:20260729000622,1,unmatched,no_issuer_candidate_with_equal_distribution_amount,2026-08-21T03:33:15+00:00,2026-08-21T03:33:15+00:00,일괄공시 단독으로는 이벤트를 verified로 승격하지 않음.
krx-notice-match:5305c10f11b39cc7,candidate:acae31de0990ac456efd,krx-notice-evidence:9e8a355c24f54fa3,,379810,issuer:kodex:notice:20260728:monthend,krx:kind:distribution_notice:20260729:20260729002071,1,amount_and_schedule_matched,ticker_exact_and_distribution_amount_equal,2026-08-21T03:33:15+00:00,2026-08-21T03:33:15+00:00,운용사 후보 금액과 KRX KIND 일괄공시 금액이 일치. 이 증거만으로는 분배락 적용일·기준가격이 없어 verified 이벤트를 생성하지 않음.
krx-notice-match:53a9d517be1b8a9a,candidate:31e4d5ca5f616ddf65db,krx-notice-evidence:68c5f90ae4cefbfc,,136340,issuer:rise:notice:20260728:monthend,krx:kind:distribution_notice:20260729:20260729000622,1,amount_and_schedule_matched,ticker_exact_and_distribution_amount_equal,2026-08-21T03:33:15+00:00,2026-08-21T03:33:15+00:00,운용사 후보 금액과 KRX KIND 일괄공시 금액이 일치. 이 증거만으로는 분배락 적용일·기준가격이 없어 verified 이벤트를 생성하지 않음.
krx-notice-match:53ef8a3bd4b394ce,,krx-notice-evidence:8a801667cf8e7e33,,454180,,krx:kind:distribution_notice:20260729:20260729000622,1,unmatched,no_issuer_candidate_with_equal_distribution_amount,2026-08-21T03:33:15+00:00,2026-08-21T03:33:15+00:00,일괄공시 단독으로는 이벤트를 verified로 승격하지 않음.
krx-notice-match:5410fe5eb0dd174f,candidate:49b403aaf49a958ff00d,krx-notice-evidence:444661cacff1050c,,495850,issuer:kodex:notice:20260728:monthend,krx:kind:distribution_notice:20260729:20260729002071,1,amount_and_schedule_matched,ticker_exact_and_distribution_amount_equal,2026-08-21T03:33:15+00:00,2026-08-21T03:33:15+00:00,운용사 후보 금액과 KRX KIND 일괄공시 금액이 일치. 이 증거만으로는 분배락 적용일·기준가격이 없어 verified 이벤트를 생성하지 않음.
krx-notice-match:54fe41e5485e546f,candidate:b94bd40f930adf6c3785,krx-notice-evidence:5cf0c1b4b2f72f27,,453810,issuer:kodex:notice:20260728:monthend,krx:kind:distribution_notice:20260729:20260729002071,1,amount_and_schedule_matched,ticker_exact_and_distribution_amount_equal,2026-08-21T03:33:15+00:00,2026-08-21T03:33:15+00:00,운용사 후보 금액과 KRX KIND 일괄공시 금액이 일치. 이 증거만으로는 분배락 적용일·기준가격이 없어 verified 이벤트를 생성하지 않음.
krx-notice-match:554399b8a0d8d854,,krx-notice-evidence:933854204ff1c9f1,,381560,,krx:kind:distribution_notice:20260729:20260729000622,1,unmatched,no_issuer_candidate_with_equal_distribution_amount,2026-08-21T03:33:15+00:00,2026-08-21T03:33:15+00:00,일괄공시 단독으로는 이벤트를 verified로 승격하지 않음.
krx-notice-match:5546367b8f25cf56,candidate:4dce095e76ab35e810cc,krx-notice-evidence:35f649fead01fd2e,,0038A0,issuer:kodex:notice:20260728:monthend,krx:kind:distribution_notice:20260729:20260729002071,1,amount_and_schedule_matched,ticker_exact_and_distribution_amount_equal,2026-08-21T03:33:15+00:00,2026-08-21T03:33:15+00:00,운용사 후보 금액과 KRX KIND 일괄공시 금액이 일치. 이 증거만으로는 분배락 적용일·기준가격이 없어 verified 이벤트를 생성하지 않음.
krx-notice-match:55d982deaf00c726,,krx-notice-evidence:f7430ee47c33a70f,,411860,,krx:kind:distribution_notice:20260729:20260729000622,1,unmatched,no_issuer_candidate_with_equal_distribution_amount,2026-08-21T03:33:15+00:00,2026-08-21T03:33:15+00:00,일괄공시 단독으로는 이벤트를 verified로 승격하지 않음.
krx-notice-match:56c599124f76c581,candidate:23455cdbca23bf470d78,krx-notice-evidence:dcaa63b90679b89a,,0190G0,issuer:kodex:notice:20260728:monthend,krx:kind:distribution_notice:20260729:20260729002071,1,amount_and_schedule_matched,ticker_exact_and_distribution_amount_equal,2026-08-21T03:33:15+00:00,2026-08-21T03:33:15+00:00,운용사 후보 금액과 KRX KIND 일괄공시 금액이 일치. 이 증거만으로는 분배락 적용일·기준가격이 없어 verified 이벤트를 생성하지 않음.
krx-notice-match:57aba0dabcd39380,candidate:bb3a1266a51aeadcd5a6,krx-notice-evidence:e300b22e287f5e3d,,456250,issuer:kodex:notice:20260728:monthend,krx:kind:distribution_notice:20260729:20260729002071,1,amount_and_schedule_matched,ticker_exact_and_distribution_amount_equal,2026-08-21T03:33:15+00:00,2026-08-21T03:33:15+00:00,운용사 후보 금액과 KRX KIND 일괄공시 금액이 일치. 이 증거만으로는 분배락 적용일·기준가격이 없어 verified 이벤트를 생성하지 않음.
krx-notice-match:58b72db3c4e04472,candidate:037d408c1a177c140ba4,krx-notice-evidence:2cd2d5aba0c1d05b,,475720,issuer:rise:notice:20260728:monthend,krx:kind:distribution_notice:20260729:20260729000622,1,amount_and_schedule_matched,ticker_exact_and_distribution_amount_equal,2026-08-21T03:33:15+00:00,2026-08-21T03:33:15+00:00,운용사 후보 금액과 KRX KIND 일괄공시 금액이 일치. 이 증거만으로는 분배락 적용일·기준가격이 없어 verified 이벤트를 생성하지 않음.
krx-notice-match:592556fd89848914,,krx-notice-evidence:f685ddf65bafbf88,,0085P0,,krx:kind:distribution_notice:20260729:20260729002071,1,unmatched,no_issuer_candidate_with_equal_distribution_amount,2026-08-21T03:33:15+00:00,2026-08-21T03:33:15+00:00,일괄공시 단독으로는 이벤트를 verified로 승격하지 않음.
krx-notice-match:595ed274613eff74,,krx-notice-evidence:98f078ac99c5564b,,0176P0,,krx:kind:distribution_notice:20260729:20260729002071,1,unmatched,no_issuer_candidate_with_equal_distribution_amount,2026-08-21T03:33:15+00:00,2026-08-21T03:33:15+00:00,일괄공시 단독으로는 이벤트를 verified로 승격하지 않음.
krx-notice-match:59ffd54e91b58bc2,,krx-notice-evidence:c81043f4701963a2,,360750,,krx:kind:distribution_notice:20260729:20260729000622,1,unmatched,no_issuer_candidate_with_equal_distribution_amount,2026-08-21T03:33:15+00:00,2026-08-21T03:33:15+00:00,일괄공시 단독으로는 이벤트를 verified로 승격하지 않음.
krx-notice-match:5a41a33756990137,,krx-notice-evidence:820ceb970fab73ce,,0057H0,,krx:kind:distribution_notice:20260729:20260729000622,1,unmatched,no_issuer_candidate_with_equal_distribution_amount,2026-08-21T03:33:15+00:00,2026-08-21T03:33:15+00:00,일괄공시 단독으로는 이벤트를 verified로 승격하지 않음.
krx-notice-match:5c6cb73cd9d3abb0,,krx-notice-evidence:0d35e68c09353cbe,,465670,,krx:kind:distribution_notice:20260729:20260729000622,1,unmatched,no_issuer_candidate_with_equal_distribution_amount,2026-08-21T03:33:15+00:00,2026-08-21T03:33:15+00:00,일괄공시 단독으로는 이벤트를 verified로 승격하지 않음.
krx-notice-match:5c6d52deb67f6cb7,candidate:0c0fad75f715f22bedc5,krx-notice-evidence:9131284369da514e,,352560,issuer:kodex:notice:20260728:monthend,krx:kind:distribution_notice:20260729:20260729002071,1,amount_and_schedule_matched,ticker_exact_and_distribution_amount_equal,2026-08-21T03:33:15+00:00,2026-08-21T03:33:15+00:00,운용사 후보 금액과 KRX KIND 일괄공시 금액이 일치. 이 증거만으로는 분배락 적용일·기준가격이 없어 verified 이벤트를 생성하지 않음.
krx-notice-match:5cbeb8de507afd7e,,krx-notice-evidence:374e40df831183b8,,307510,,krx:kind:distribution_notice:20260729:20260729000622,1,unmatched,no_issuer_candidate_with_equal_distribution_amount,2026-08-21T03:33:15+00:00,2026-08-21T03:33:15+00:00,일괄공시 단독으로는 이벤트를 verified로 승격하지 않음.
krx-notice-match:5cf7bbbe6c49d455,candidate:b30a6909927be4db2ccc,krx-notice-evidence:3966477fad9c0635,,0000Z0,issuer:rise:notice:20260728:monthend,krx:kind:distribution_notice:20260729:20260729000622,1,amount_and_schedule_matched,ticker_exact_and_distribution_amount_equal,2026-08-21T03:33:15+00:00,2026-08-21T03:33:15+00:00,운용사 후보 금액과 KRX KIND 일괄공시 금액이 일치. 이 증거만으로는 분배락 적용일·기준가격이 없어 verified 이벤트를 생성하지 않음.
krx-notice-match:5d113e475a0d98c4,candidate:1228d06789a9d6d56f2d,krx-notice-evidence:ac1a1d2f96f117d7,,337160,issuer:kodex:notice:20260728:monthend,krx:kind:distribution_notice:20260729:20260729002071,1,amount_and_schedule_matched,ticker_exact_and_distribution_amount_equal,2026-08-21T03:33:15+00:00,2026-08-21T03:33:15+00:00,운용사 후보 금액과 KRX KIND 일괄공시 금액이 일치. 이 증거만으로는 분배락 적용일·기준가격이 없어 verified 이벤트를 생성하지 않음.
krx-notice-match:5d438ca235086e00,,krx-notice-evidence:c743e010c9a40079,,447430,,krx:kind:distribution_notice:20260729:20260729002071,1,unmatched,no_issuer_candidate_with_equal_distribution_amount,2026-08-21T03:33:15+00:00,2026-08-21T03:33:15+00:00,일괄공시 단독으로는 이벤트를 verified로 승격하지 않음.
krx-notice-match:5dd3b0bebef8f23a,,krx-notice-evidence:0d94a996c62f0dfa,,152870,,krx:kind:distribution_notice:20260729:20260729002071,1,unmatched,no_issuer_candidate_with_equal_distribution_amount,2026-08-21T03:33:15+00:00,2026-08-21T03:33:15+00:00,일괄공시 단독으로는 이벤트를 verified로 승격하지 않음.
krx-notice-match:5f09511325d5795d,,krx-notice-evidence:5e53e7f7ab506785,,441800,,krx:kind:distribution_notice:20260729:20260729000622,1,unmatched,no_issuer_candidate_with_equal_distribution_amount,2026-08-21T03:33:15+00:00,2026-08-21T03:33:15+00:00,일괄공시 단독으로는 이벤트를 verified로 승격하지 않음.
krx-notice-match:60c2a3a4177d40d1,,krx-notice-evidence:61362f42917eb765,,133690,,krx:kind:distribution_notice:20260729:20260729000622,1,unmatched,no_issuer_candidate_with_equal_distribution_amount,2026-08-21T03:33:15+00:00,2026-08-21T03:33:15+00:00,일괄공시 단독으로는 이벤트를 verified로 승격하지 않음.
krx-notice-match:60e7a4b4ba2b9cb1,,krx-notice-evidence:829e6609e1152550,,496120,,krx:kind:distribution_notice:20260729:20260729002071,1,unmatched,no_issuer_candidate_with_equal_distribution_amount,2026-08-21T03:33:15+00:00,2026-08-21T03:33:15+00:00,일괄공시 단독으로는 이벤트를 verified로 승격하지 않음.
krx-notice-match:61dcd59975f26cb0,candidate:74b9c5357fc64256c00f,krx-notice-evidence:a146bdd6cfc75f22,,490590,issuer:rise:notice:20260728:monthend,krx:kind:distribution_notice:20260729:20260729000622,1,amount_and_schedule_matched,ticker_exact_and_distribution_amount_equal,2026-08-21T03:33:15+00:00,2026-08-21T03:33:15+00:00,운용사 후보 금액과 KRX KIND 일괄공시 금액이 일치. 이 증거만으로는 분배락 적용일·기준가격이 없어 verified 이벤트를 생성하지 않음.
krx-notice-match:628bb9091698a909,,krx-notice-evidence:e6e2302cb322d92f,,440340,,krx:kind:distribution_notice:20260729:20260729000622,1,unmatched,no_issuer_candidate_with_equal_distribution_amount,2026-08-21T03:33:15+00:00,2026-08-21T03:33:15+00:00,일괄공시 단독으로는 이벤트를 verified로 승격하지 않음.
krx-notice-match:63d7eecc78c4700b,candidate:a29cfe06fd528c04c7c1,krx-notice-evidence:833dce60381965ae,,417450,issuer:rise:notice:20260728:monthend,krx:kind:distribution_notice:20260729:20260729000622,1,amount_and_schedule_matched,ticker_exact_and_distribution_amount_equal,2026-08-21T03:33:15+00:00,2026-08-21T03:33:15+00:00,운용사 후보 금액과 KRX KIND 일괄공시 금액이 일치. 이 증거만으로는 분배락 적용일·기준가격이 없어 verified 이벤트를 생성하지 않음.
krx-notice-match:63e010cf02c458bc,,krx-notice-evidence:9426435e94911387,,449770,,krx:kind:distribution_notice:20260729:20260729000622,1,unmatched,no_issuer_candidate_with_equal_distribution_amount,2026-08-21T03:33:15+00:00,2026-08-21T03:33:15+00:00,일괄공시 단독으로는 이벤트를 verified로 승격하지 않음.
krx-notice-match:64e85407ce4bc69d,,krx-notice-evidence:8f5c962e86e991aa,,091230,,krx:kind:distribution_notice:20260729:20260729000622,1,unmatched,no_issuer_candidate_with_equal_distribution_amount,2026-08-21T03:33:15+00:00,2026-08-21T03:33:15+00:00,일괄공시 단독으로는 이벤트를 verified로 승격하지 않음.
krx-notice-match:6508c98f0ac64957,,krx-notice-evidence:a5a72c78dfc3c0f9,,476760,,krx:kind:distribution_notice:20260729:20260729000622,1,unmatched,no_issuer_candidate_with_equal_distribution_amount,2026-08-21T03:33:15+00:00,2026-08-21T03:33:15+00:00,일괄공시 단독으로는 이벤트를 verified로 승격하지 않음.
krx-notice-match:6610415854d86833,candidate:8eb3b24f8df25a4eff3f,krx-notice-evidence:6106f6c07eff9a09,,442320,issuer:rise:notice:20260728:monthend,krx:kind:distribution_notice:20260729:20260729000622,1,amount_and_schedule_matched,ticker_exact_and_distribution_amount_equal,2026-08-21T03:33:15+00:00,2026-08-21T03:33:15+00:00,운용사 후보 금액과 KRX KIND 일괄공시 금액이 일치. 이 증거만으로는 분배락 적용일·기준가격이 없어 verified 이벤트를 생성하지 않음.
krx-notice-match:66c75333a72d9e9e,,krx-notice-evidence:7b39782234523352,,423920,,krx:kind:distribution_notice:20260729:20260729000622,1,unmatched,no_issuer_candidate_with_equal_distribution_amount,2026-08-21T03:33:15+00:00,2026-08-21T03:33:15+00:00,일괄공시 단독으로는 이벤트를 verified로 승격하지 않음.
krx-notice-match:673a812f52eeca05,,krx-notice-evidence:29362aa8afa5cb40,,289250,,krx:kind:distribution_notice:20260729:20260729000622,1,unmatched,no_issuer_candidate_with_equal_distribution_amount,2026-08-21T03:33:15+00:00,2026-08-21T03:33:15+00:00,일괄공시 단독으로는 이벤트를 verified로 승격하지 않음.
krx-notice-match:67b897939783d8c2,,krx-notice-evidence:5025665015604549,,210780,,krx:kind:distribution_notice:20260729:20260729000622,1,unmatched,no_issuer_candidate_with_equal_distribution_amount,2026-08-21T03:33:15+00:00,2026-08-21T03:33:15+00:00,일괄공시 단독으로는 이벤트를 verified로 승격하지 않음.
krx-notice-match:6899faa2163f3615,candidate:cbc157c13fd94ce059d2,krx-notice-evidence:6d443d3cdf60a155,,498610,issuer:rise:notice:20260728:monthend,krx:kind:distribution_notice:20260729:20260729000622,1,amount_and_schedule_matched,ticker_exact_and_distribution_amount_equal,2026-08-21T03:33:15+00:00,2026-08-21T03:33:15+00:00,운용사 후보 금액과 KRX KIND 일괄공시 금액이 일치. 이 증거만으로는 분배락 적용일·기준가격이 없어 verified 이벤트를 생성하지 않음.
krx-notice-match:689c6d5cb3dd5a7e,candidate:a85cdbf5f911e5f1bf51,krx-notice-evidence:f66afe04a4503343,,244660,issuer:kodex:notice:20260728:monthend,krx:kind:distribution_notice:20260729:20260729002071,1,amount_and_schedule_matched,ticker_exact_and_distribution_amount_equal,2026-08-21T03:33:15+00:00,2026-08-21T03:33:15+00:00,운용사 후보 금액과 KRX KIND 일괄공시 금액이 일치. 이 증거만으로는 분배락 적용일·기준가격이 없어 verified 이벤트를 생성하지 않음.
krx-notice-match:693cbd6d61734674,,krx-notice-evidence:0fb070e83d758294,,446720,,krx:kind:distribution_notice:20260729:20260729002071,1,unmatched,no_issuer_candidate_with_equal_distribution_amount,2026-08-21T03:33:15+00:00,2026-08-21T03:33:15+00:00,일괄공시 단독으로는 이벤트를 verified로 승격하지 않음.
krx-notice-match:6a3255407ecd3dc0,,krx-notice-evidence:e622aea077cb70cb,,0153X0,,krx:kind:distribution_notice:20260729:20260729000622,1,unmatched,no_issuer_candidate_with_equal_distribution_amount,2026-08-21T03:33:15+00:00,2026-08-21T03:33:15+00:00,일괄공시 단독으로는 이벤트를 verified로 승격하지 않음.
krx-notice-match:6afb3504c20b82bd,,krx-notice-evidence:1f4a8cf7edf6d205,,474800,,krx:kind:distribution_notice:20260729:20260729000622,1,unmatched,no_issuer_candidate_with_equal_distribution_amount,2026-08-21T03:33:15+00:00,2026-08-21T03:33:15+00:00,일괄공시 단독으로는 이벤트를 verified로 승격하지 않음.
krx-notice-match:6b52076edc9c8601,candidate:184ed547913c41799e19,krx-notice-evidence:de6815fc152034e0,,117680,issuer:kodex:notice:20260728:monthend,krx:kind:distribution_notice:20260729:20260729002071,1,amount_and_schedule_matched,ticker_exact_and_distribution_amount_equal,2026-08-21T03:33:15+00:00,2026-08-21T03:33:15+00:00,운용사 후보 금액과 KRX KIND 일괄공시 금액이 일치. 이 증거만으로는 분배락 적용일·기준가격이 없어 verified 이벤트를 생성하지 않음.
krx-notice-match:6c19a5532718a45f,candidate:0ca25c43bf572833ce37,krx-notice-evidence:9bbad7889d84b4da,,237350,issuer:kodex:notice:20260728:monthend,krx:kind:distribution_notice:20260729:20260729002071,1,amount_and_schedule_matched,ticker_exact_and_distribution_amount_equal,2026-08-21T03:33:15+00:00,2026-08-21T03:33:15+00:00,운용사 후보 금액과 KRX KIND 일괄공시 금액이 일치. 이 증거만으로는 분배락 적용일·기준가격이 없어 verified 이벤트를 생성하지 않음.
krx-notice-match:6d02222ef473b917,,krx-notice-evidence:975c7a29fd16f42b,,448300,,krx:kind:distribution_notice:20260729:20260729000622,1,unmatched,no_issuer_candidate_with_equal_distribution_amount,2026-08-21T03:33:15+00:00,2026-08-21T03:33:15+00:00,일괄공시 단독으로는 이벤트를 verified로 승격하지 않음.
krx-notice-match:6d2fd83f0a8d089b,,krx-notice-evidence:e6c15318b4d564ac,,309230,,krx:kind:distribution_notice:20260729:20260729002071,1,unmatched,no_issuer_candidate_with_equal_distribution_amount,2026-08-21T03:33:15+00:00,2026-08-21T03:33:15+00:00,일괄공시 단독으로는 이벤트를 verified로 승격하지 않음.
krx-notice-match:6e0f415eec343f50,candidate:f8e0f089ccacea455a8f,krx-notice-evidence:5fd4c193ac8d338a,,314250,issuer:kodex:notice:20260728:monthend,krx:kind:distribution_notice:20260729:20260729002071,1,amount_and_schedule_matched,ticker_exact_and_distribution_amount_equal,2026-08-21T03:33:15+00:00,2026-08-21T03:33:15+00:00,운용사 후보 금액과 KRX KIND 일괄공시 금액이 일치. 이 증거만으로는 분배락 적용일·기준가격이 없어 verified 이벤트를 생성하지 않음.
krx-notice-match:6e30819ea4efdc4c,candidate:33533e709887c0a58442,krx-notice-evidence:ad589c2b97f4b43f,,494300,issuer:kodex:notice:20260728:monthend,krx:kind:distribution_notice:20260729:20260729002071,1,amount_and_schedule_matched,ticker_exact_and_distribution_amount_equal,2026-08-21T03:33:15+00:00,2026-08-21T03:33:15+00:00,운용사 후보 금액과 KRX KIND 일괄공시 금액이 일치. 이 증거만으로는 분배락 적용일·기준가격이 없어 verified 이벤트를 생성하지 않음.
krx-notice-match:6e8a0afa23ec679a,,krx-notice-evidence:dc315d66fbfbde5b,,0098Z0,,krx:kind:distribution_notice:20260729:20260729002071,1,unmatched,no_issuer_candidate_with_equal_distribution_amount,2026-08-21T03:33:15+00:00,2026-08-21T03:33:15+00:00,일괄공시 단독으로는 이벤트를 verified로 승격하지 않음.
krx-notice-match:6eb36e9ee31b640b,candidate:4b84f3cd0a73507f3d75,krx-notice-evidence:3d3d08b25bd439d6,,485690,issuer:rise:notice:20260728:monthend,krx:kind:distribution_notice:20260729:20260729000622,1,amount_and_schedule_matched,ticker_exact_and_distribution_amount_equal,2026-08-21T03:33:15+00:00,2026-08-21T03:33:15+00:00,운용사 후보 금액과 KRX KIND 일괄공시 금액이 일치. 이 증거만으로는 분배락 적용일·기준가격이 없어 verified 이벤트를 생성하지 않음.
krx-notice-match:6f16734272aaced0,,krx-notice-evidence:273489f2b9fbbe6f,,373790,,krx:kind:distribution_notice:20260729:20260729000622,1,unmatched,no_issuer_candidate_with_equal_distribution_amount,2026-08-21T03:33:15+00:00,2026-08-21T03:33:15+00:00,일괄공시 단독으로는 이벤트를 verified로 승격하지 않음.
krx-notice-match:6f66a97c64275f53,candidate:7445fe93371b19edec6c,krx-notice-evidence:1cb9d87233e62351,,449180,issuer:kodex:notice:20260728:monthend,krx:kind:distribution_notice:20260729:20260729002071,1,amount_and_schedule_matched,ticker_exact_and_distribution_amount_equal,2026-08-21T03:33:15+00:00,2026-08-21T03:33:15+00:00,운용사 후보 금액과 KRX KIND 일괄공시 금액이 일치. 이 증거만으로는 분배락 적용일·기준가격이 없어 verified 이벤트를 생성하지 않음.
krx-notice-match:70c016695ea9b732,candidate:ff69d024b3adfa4d637e,krx-notice-evidence:e213bb6bc68fcb9d,,453660,issuer:kodex:notice:20260728:monthend,krx:kind:distribution_notice:20260729:20260729002071,1,amount_and_schedule_matched,ticker_exact_and_distribution_amount_equal,2026-08-21T03:33:15+00:00,2026-08-21T03:33:15+00:00,운용사 후보 금액과 KRX KIND 일괄공시 금액이 일치. 이 증거만으로는 분배락 적용일·기준가격이 없어 verified 이벤트를 생성하지 않음.
krx-notice-match:710cfcc926c9299d,,krx-notice-evidence:3c6f4246bb3d830a,,104520,,krx:kind:distribution_notice:20260729:20260729000622,1,unmatched,no_issuer_candidate_with_equal_distribution_amount,2026-08-21T03:33:15+00:00,2026-08-21T03:33:15+00:00,일괄공시 단독으로는 이벤트를 verified로 승격하지 않음.
krx-notice-match:725a596f1c39de0e,candidate:239bfac817a7f0a9f648,krx-notice-evidence:914ec8af5ccafeb2,,302450,issuer:rise:notice:20260728:monthend,krx:kind:distribution_notice:20260729:20260729000622,1,amount_and_schedule_matched,ticker_exact_and_distribution_amount_equal,2026-08-21T03:33:15+00:00,2026-08-21T03:33:15+00:00,운용사 후보 금액과 KRX KIND 일괄공시 금액이 일치. 이 증거만으로는 분배락 적용일·기준가격이 없어 verified 이벤트를 생성하지 않음.
krx-notice-match:72c21109cd9f6b3a,,krx-notice-evidence:f0a76c3956e45547,,469790,,krx:kind:distribution_notice:20260729:20260729000622,1,unmatched,no_issuer_candidate_with_equal_distribution_amount,2026-08-21T03:33:15+00:00,2026-08-21T03:33:15+00:00,일괄공시 단독으로는 이벤트를 verified로 승격하지 않음.
krx-notice-match:74ed633df570b604,candidate:bad4ed044821612d9ff4,krx-notice-evidence:25ee42dfdca1d4e3,,226490,issuer:kodex:notice:20260728:monthend,krx:kind:distribution_notice:20260729:20260729002071,1,amount_and_schedule_matched,ticker_exact_and_distribution_amount_equal,2026-08-21T03:33:15+00:00,2026-08-21T03:33:15+00:00,운용사 후보 금액과 KRX KIND 일괄공시 금액이 일치. 이 증거만으로는 분배락 적용일·기준가격이 없어 verified 이벤트를 생성하지 않음.
krx-notice-match:751c84b73fc3fccf,,krx-notice-evidence:d5fcd620389f7a46,,429760,,krx:kind:distribution_notice:20260729:20260729000622,1,unmatched,no_issuer_candidate_with_equal_distribution_amount,2026-08-21T03:33:15+00:00,2026-08-21T03:33:15+00:00,일괄공시 단독으로는 이벤트를 verified로 승격하지 않음.
krx-notice-match:7543b57668f3bfa1,candidate:389a3ab1e4ff6a0a3f05,krx-notice-evidence:b40a790418b7dbda,,442560,issuer:rise:notice:20260728:monthend,krx:kind:distribution_notice:20260729:20260729000622,1,amount_and_schedule_matched,ticker_exact_and_distribution_amount_equal,2026-08-21T03:33:15+00:00,2026-08-21T03:33:15+00:00,운용사 후보 금액과 KRX KIND 일괄공시 금액이 일치. 이 증거만으로는 분배락 적용일·기준가격이 없어 verified 이벤트를 생성하지 않음.
krx-notice-match:7895ebceb852b908,candidate:aef38da4755479d223ae,krx-notice-evidence:12d78282c9edeb9c,,476310,issuer:rise:notice:20260728:monthend,krx:kind:distribution_notice:20260729:20260729000622,1,amount_and_schedule_matched,ticker_exact_and_distribution_amount_equal,2026-08-21T03:33:15+00:00,2026-08-21T03:33:15+00:00,운용사 후보 금액과 KRX KIND 일괄공시 금액이 일치. 이 증거만으로는 분배락 적용일·기준가격이 없어 verified 이벤트를 생성하지 않음.
krx-notice-match:7954e474596c45d6,candidate:50ebea142f8c004a6864,krx-notice-evidence:c988f78ec207ef1f,,321410,issuer:kodex:notice:20260728:monthend,krx:kind:distribution_notice:20260729:20260729002071,1,amount_and_schedule_matched,ticker_exact_and_distribution_amount_equal,2026-08-21T03:33:15+00:00,2026-08-21T03:33:15+00:00,운용사 후보 금액과 KRX KIND 일괄공시 금액이 일치. 이 증거만으로는 분배락 적용일·기준가격이 없어 verified 이벤트를 생성하지 않음.
krx-notice-match:7bb6afbbe98240a1,candidate:e0154b96f0a665641c64,krx-notice-evidence:da481bd563b0d057,,336160,issuer:rise:notice:20260728:monthend,krx:kind:distribution_notice:20260729:20260729000622,1,amount_and_schedule_matched,ticker_exact_and_distribution_amount_equal,2026-08-21T03:33:15+00:00,2026-08-21T03:33:15+00:00,운용사 후보 금액과 KRX KIND 일괄공시 금액이 일치. 이 증거만으로는 분배락 적용일·기준가격이 없어 verified 이벤트를 생성하지 않음.
krx-notice-match:7c43428d89fa23aa,,krx-notice-evidence:30f8fbe02bbba8a0,,448290,,krx:kind:distribution_notice:20260729:20260729000622,1,unmatched,no_issuer_candidate_with_equal_distribution_amount,2026-08-21T03:33:15+00:00,2026-08-21T03:33:15+00:00,일괄공시 단독으로는 이벤트를 verified로 승격하지 않음.
krx-notice-match:7dcd37f273928e67,,krx-notice-evidence:53095cbaf809ea20,,139270,,krx:kind:distribution_notice:20260729:20260729000622,1,unmatched,no_issuer_candidate_with_equal_distribution_amount,2026-08-21T03:33:15+00:00,2026-08-21T03:33:15+00:00,일괄공시 단독으로는 이벤트를 verified로 승격하지 않음.
krx-notice-match:7e79658215a898fa,candidate:ef16a585be940ba45fe0,krx-notice-evidence:4012f846e1e6fdad,,463640,issuer:kodex:notice:20260728:monthend,krx:kind:distribution_notice:20260729:20260729002071,1,amount_and_schedule_matched,ticker_exact_and_distribution_amount_equal,2026-08-21T03:33:15+00:00,2026-08-21T03:33:15+00:00,운용사 후보 금액과 KRX KIND 일괄공시 금액이 일치. 이 증거만으로는 분배락 적용일·기준가격이 없어 verified 이벤트를 생성하지 않음.
krx-notice-match:7ecb270158343ebf,,krx-notice-evidence:7115577fb9c7eb2d,,0128D0,,krx:kind:distribution_notice:20260729:20260729000622,1,unmatched,no_issuer_candidate_with_equal_distribution_amount,2026-08-21T03:33:15+00:00,2026-08-21T03:33:15+00:00,일괄공시 단독으로는 이벤트를 verified로 승격하지 않음.
krx-notice-match:7ef0383041bb61e3,,krx-notice-evidence:8b0b15e46c39cb06,,497510,,krx:kind:distribution_notice:20260729:20260729002071,1,unmatched,no_issuer_candidate_with_equal_distribution_amount,2026-08-21T03:33:15+00:00,2026-08-21T03:33:15+00:00,일괄공시 단독으로는 이벤트를 verified로 승격하지 않음.
krx-notice-match:7f073490128c627a,candidate:83014bfe54c53c0d7a1d,krx-notice-evidence:e0d95927ed663ef4,,459560,issuer:kodex:notice:20260728:monthend,krx:kind:distribution_notice:20260729:20260729002071,1,amount_and_schedule_matched,ticker_exact_and_distribution_amount_equal,2026-08-21T03:33:15+00:00,2026-08-21T03:33:15+00:00,운용사 후보 금액과 KRX KIND 일괄공시 금액이 일치. 이 증거만으로는 분배락 적용일·기준가격이 없어 verified 이벤트를 생성하지 않음.
krx-notice-match:8070d7ea2a7f5139,candidate:f5ba6b82772cae767c0b,krx-notice-evidence:c6700f256968e8ae,,0000H0,issuer:kodex:notice:20260728:monthend,krx:kind:distribution_notice:20260729:20260729002071,1,amount_and_schedule_matched,ticker_exact_and_distribution_amount_equal,2026-08-21T03:33:15+00:00,2026-08-21T03:33:15+00:00,운용사 후보 금액과 KRX KIND 일괄공시 금액이 일치. 이 증거만으로는 분배락 적용일·기준가격이 없어 verified 이벤트를 생성하지 않음.
krx-notice-match:823c302e8bf274a2,candidate:76a31609d8a1d15e3ec5,krx-notice-evidence:720e9fc6ffb72116,,275290,issuer:kodex:notice:20260728:monthend,krx:kind:distribution_notice:20260729:20260729002071,1,amount_and_schedule_matched,ticker_exact_and_distribution_amount_equal,2026-08-21T03:33:15+00:00,2026-08-21T03:33:15+00:00,운용사 후보 금액과 KRX KIND 일괄공시 금액이 일치. 이 증거만으로는 분배락 적용일·기준가격이 없어 verified 이벤트를 생성하지 않음.
krx-notice-match:82615ec0c3981577,,krx-notice-evidence:5cd866abc0997117,,0049K0,,krx:kind:distribution_notice:20260729:20260729002071,1,unmatched,no_issuer_candidate_with_equal_distribution_amount,2026-08-21T03:33:15+00:00,2026-08-21T03:33:15+00:00,일괄공시 단독으로는 이벤트를 verified로 승격하지 않음.
krx-notice-match:82a39745cdc25c2a,candidate:2c4c1ca3ffd768d5cf9e,krx-notice-evidence:c46ef77d21d3453b,,375770,issuer:kodex:notice:20260728:monthend,krx:kind:distribution_notice:20260729:20260729002071,1,amount_and_schedule_matched,ticker_exact_and_distribution_amount_equal,2026-08-21T03:33:15+00:00,2026-08-21T03:33:15+00:00,운용사 후보 금액과 KRX KIND 일괄공시 금액이 일치. 이 증거만으로는 분배락 적용일·기준가격이 없어 verified 이벤트를 생성하지 않음.
krx-notice-match:847ce6f56c7bf317,,krx-notice-evidence:590960f5cdec1563,,376410,,krx:kind:distribution_notice:20260729:20260729000622,1,unmatched,no_issuer_candidate_with_equal_distribution_amount,2026-08-21T03:33:15+00:00,2026-08-21T03:33:15+00:00,일괄공시 단독으로는 이벤트를 verified로 승격하지 않음.
krx-notice-match:85bb8d606e53d11c,candidate:34a5b4758da167ff9d14,krx-notice-evidence:f40b3426a441925e,,0162L0,issuer:kodex:notice:20260728:monthend,krx:kind:distribution_notice:20260729:20260729002071,1,amount_and_schedule_matched,ticker_exact_and_distribution_amount_equal,2026-08-21T03:33:15+00:00,2026-08-21T03:33:15+00:00,운용사 후보 금액과 KRX KIND 일괄공시 금액이 일치. 이 증거만으로는 분배락 적용일·기준가격이 없어 verified 이벤트를 생성하지 않음.
krx-notice-match:85eb9c363b5aed6b,,krx-notice-evidence:f5bdd43f920fa70b,,447770,,krx:kind:distribution_notice:20260729:20260729000622,1,unmatched,no_issuer_candidate_with_equal_distribution_amount,2026-08-21T03:33:15+00:00,2026-08-21T03:33:15+00:00,일괄공시 단독으로는 이벤트를 verified로 승격하지 않음.
krx-notice-match:86e7e61102dbe2c9,,krx-notice-evidence:fde54752e32c5159,,0111J0,,krx:kind:distribution_notice:20260729:20260729000622,1,unmatched,no_issuer_candidate_with_equal_distribution_amount,2026-08-21T03:33:15+00:00,2026-08-21T03:33:15+00:00,일괄공시 단독으로는 이벤트를 verified로 승격하지 않음.
krx-notice-match:8758942cae04b7c1,,krx-notice-evidence:571aa5e469743b08,,433330,,krx:kind:distribution_notice:20260729:20260729002071,1,unmatched,no_issuer_candidate_with_equal_distribution_amount,2026-08-21T03:33:15+00:00,2026-08-21T03:33:15+00:00,일괄공시 단독으로는 이벤트를 verified로 승격하지 않음.
krx-notice-match:883a979e418b7906,candidate:690af9570604be3f33f8,krx-notice-evidence:3929f124d2934cb5,,481340,issuer:rise:notice:20260728:monthend,krx:kind:distribution_notice:20260729:20260729000622,1,amount_and_schedule_matched,ticker_exact_and_distribution_amount_equal,2026-08-21T03:33:15+00:00,2026-08-21T03:33:15+00:00,운용사 후보 금액과 KRX KIND 일괄공시 금액이 일치. 이 증거만으로는 분배락 적용일·기준가격이 없어 verified 이벤트를 생성하지 않음.
krx-notice-match:88827184db463196,candidate:5183726281adffb0ca7f,krx-notice-evidence:ff6b9bb2779dca54,,428510,issuer:kodex:notice:20260728:monthend,krx:kind:distribution_notice:20260729:20260729002071,1,amount_and_schedule_matched,ticker_exact_and_distribution_amount_equal,2026-08-21T03:33:15+00:00,2026-08-21T03:33:15+00:00,운용사 후보 금액과 KRX KIND 일괄공시 금액이 일치. 이 증거만으로는 분배락 적용일·기준가격이 없어 verified 이벤트를 생성하지 않음.
krx-notice-match:88fa4d957de85e3b,,krx-notice-evidence:60d3af6d7370eff4,,404650,,krx:kind:distribution_notice:20260729:20260729002071,1,unmatched,no_issuer_candidate_with_equal_distribution_amount,2026-08-21T03:33:15+00:00,2026-08-21T03:33:15+00:00,일괄공시 단독으로는 이벤트를 verified로 승격하지 않음.
krx-notice-match:89ddcef97ec792c3,candidate:7cecc6597c2ea7f96e09,krx-notice-evidence:2eecf00f19556ed5,,477730,issuer:kodex:notice:20260728:monthend,krx:kind:distribution_notice:20260729:20260729002071,1,amount_and_schedule_matched,ticker_exact_and_distribution_amount_equal,2026-08-21T03:33:15+00:00,2026-08-21T03:33:15+00:00,운용사 후보 금액과 KRX KIND 일괄공시 금액이 일치. 이 증거만으로는 분배락 적용일·기준가격이 없어 verified 이벤트를 생성하지 않음.
krx-notice-match:89ef8d54e1d5324d,candidate:bc28a5734157599d4550,krx-notice-evidence:1da4b7300396ea15,,428560,issuer:kodex:notice:20260728:monthend,krx:kind:distribution_notice:20260729:20260729002071,1,amount_and_schedule_matched,ticker_exact_and_distribution_amount_equal,2026-08-21T03:33:15+00:00,2026-08-21T03:33:15+00:00,운용사 후보 금액과 KRX KIND 일괄공시 금액이 일치. 이 증거만으로는 분배락 적용일·기준가격이 없어 verified 이벤트를 생성하지 않음.
krx-notice-match:8b13a7cbabec2310,,krx-notice-evidence:effd4b1625027111,,0174R0,,krx:kind:distribution_notice:20260729:20260729000622,1,unmatched,no_issuer_candidate_with_equal_distribution_amount,2026-08-21T03:33:15+00:00,2026-08-21T03:33:15+00:00,일괄공시 단독으로는 이벤트를 verified로 승격하지 않음.
krx-notice-match:8b1c2698b1b1d04d,candidate:afd727c22478af9275c8,krx-notice-evidence:e03c6cb8cd186774,,284980,issuer:rise:notice:20260728:monthend,krx:kind:distribution_notice:20260729:20260729000622,1,amount_and_schedule_matched,ticker_exact_and_distribution_amount_equal,2026-08-21T03:33:15+00:00,2026-08-21T03:33:15+00:00,운용사 후보 금액과 KRX KIND 일괄공시 금액이 일치. 이 증거만으로는 분배락 적용일·기준가격이 없어 verified 이벤트를 생성하지 않음.
krx-notice-match:8bc37a8183fbe255,candidate:71f54b4fbd2de87e8812,krx-notice-evidence:d153632d9e96ec06,,148020,issuer:rise:notice:20260728:monthend,krx:kind:distribution_notice:20260729:20260729000622,1,amount_and_schedule_matched,ticker_exact_and_distribution_amount_equal,2026-08-21T03:33:15+00:00,2026-08-21T03:33:15+00:00,운용사 후보 금액과 KRX KIND 일괄공시 금액이 일치. 이 증거만으로는 분배락 적용일·기준가격이 없어 verified 이벤트를 생성하지 않음.
krx-notice-match:8c0f2c30c348a537,,krx-notice-evidence:4ace47e232b53a77,,091220,,krx:kind:distribution_notice:20260729:20260729000622,1,unmatched,no_issuer_candidate_with_equal_distribution_amount,2026-08-21T03:33:15+00:00,2026-08-21T03:33:15+00:00,일괄공시 단독으로는 이벤트를 verified로 승격하지 않음.
krx-notice-match:8cdc2df526db3495,,krx-notice-evidence:6dc7170d394e9811,,0174J0,,krx:kind:distribution_notice:20260729:20260729002071,1,unmatched,no_issuer_candidate_with_equal_distribution_amount,2026-08-21T03:33:15+00:00,2026-08-21T03:33:15+00:00,일괄공시 단독으로는 이벤트를 verified로 승격하지 않음.
krx-notice-match:8cf2373ac7836471,,krx-notice-evidence:f9120f554d05b53d,,472150,,krx:kind:distribution_notice:20260729:20260729000622,1,unmatched,no_issuer_candidate_with_equal_distribution_amount,2026-08-21T03:33:15+00:00,2026-08-21T03:33:15+00:00,일괄공시 단독으로는 이벤트를 verified로 승격하지 않음.
krx-notice-match:8e984b8404f2e98b,,krx-notice-evidence:8fe33d197c01c2d3,,174350,,krx:kind:distribution_notice:20260729:20260729000622,1,unmatched,no_issuer_candidate_with_equal_distribution_amount,2026-08-21T03:33:15+00:00,2026-08-21T03:33:15+00:00,일괄공시 단독으로는 이벤트를 verified로 승격하지 않음.
krx-notice-match:8ec417681f8b0df5,candidate:8fd7bea6edf36fcc75be,krx-notice-evidence:a582dc8433ec5624,,156080,issuer:kodex:notice:20260728:monthend,krx:kind:distribution_notice:20260729:20260729002071,1,amount_and_schedule_matched,ticker_exact_and_distribution_amount_equal,2026-08-21T03:33:15+00:00,2026-08-21T03:33:15+00:00,운용사 후보 금액과 KRX KIND 일괄공시 금액이 일치. 이 증거만으로는 분배락 적용일·기준가격이 없어 verified 이벤트를 생성하지 않음.
krx-notice-match:8ecaa2b93b75acc1,,krx-notice-evidence:ce223f03fa8e6fef,,484880,,krx:kind:distribution_notice:20260729:20260729002071,1,unmatched,no_issuer_candidate_with_equal_distribution_amount,2026-08-21T03:33:15+00:00,2026-08-21T03:33:15+00:00,일괄공시 단독으로는 이벤트를 verified로 승격하지 않음.
krx-notice-match:8f51ceb92abfcaac,candidate:761761c9c5907c938667,krx-notice-evidence:1f9755f5667b823a,,252650,issuer:kodex:notice:20260728:monthend,krx:kind:distribution_notice:20260729:20260729002071,1,amount_and_schedule_matched,ticker_exact_and_distribution_amount_equal,2026-08-21T03:33:15+00:00,2026-08-21T03:33:15+00:00,운용사 후보 금액과 KRX KIND 일괄공시 금액이 일치. 이 증거만으로는 분배락 적용일·기준가격이 없어 verified 이벤트를 생성하지 않음.
krx-notice-match:90233b817a2caaf1,candidate:8e7fe68b903366752e2c,krx-notice-evidence:159e8740836b5ae1,,449190,issuer:kodex:notice:20260728:monthend,krx:kind:distribution_notice:20260729:20260729002071,1,amount_and_schedule_matched,ticker_exact_and_distribution_amount_equal,2026-08-21T03:33:15+00:00,2026-08-21T03:33:15+00:00,운용사 후보 금액과 KRX KIND 일괄공시 금액이 일치. 이 증거만으로는 분배락 적용일·기준가격이 없어 verified 이벤트를 생성하지 않음.
krx-notice-match:90804f4057700a55,candidate:2bafa05f0805b93ddba5,krx-notice-evidence:9718fb8c3a9526cb,,498410,issuer:kodex:notice:20260728:monthend,krx:kind:distribution_notice:20260729:20260729002071,1,amount_and_schedule_matched,ticker_exact_and_distribution_amount_equal,2026-08-21T03:33:15+00:00,2026-08-21T03:33:15+00:00,운용사 후보 금액과 KRX KIND 일괄공시 금액이 일치. 이 증거만으로는 분배락 적용일·기준가격이 없어 verified 이벤트를 생성하지 않음.
krx-notice-match:909b4c6f5190d3fb,candidate:c6ca941069a8d65e78d9,krx-notice-evidence:fd3c49523aa0b528,,352540,issuer:kodex:notice:20260728:monthend,krx:kind:distribution_notice:20260729:20260729002071,1,amount_and_schedule_matched,ticker_exact_and_distribution_amount_equal,2026-08-21T03:33:15+00:00,2026-08-21T03:33:15+00:00,운용사 후보 금액과 KRX KIND 일괄공시 금액이 일치. 이 증거만으로는 분배락 적용일·기준가격이 없어 verified 이벤트를 생성하지 않음.
krx-notice-match:90e54f9dc7b298b5,,krx-notice-evidence:91b8125c94f3671a,,494840,,krx:kind:distribution_notice:20260729:20260729000622,1,unmatched,no_issuer_candidate_with_equal_distribution_amount,2026-08-21T03:33:15+00:00,2026-08-21T03:33:15+00:00,일괄공시 단독으로는 이벤트를 verified로 승격하지 않음.
krx-notice-match:9227d33023ab02e7,candidate:6f90d95b2e442d1315b2,krx-notice-evidence:c5c6628bbf3cd658,,399580,issuer:rise:notice:20260728:monthend,krx:kind:distribution_notice:20260729:20260729000622,1,amount_and_schedule_matched,ticker_exact_and_distribution_amount_equal,2026-08-21T03:33:15+00:00,2026-08-21T03:33:15+00:00,운용사 후보 금액과 KRX KIND 일괄공시 금액이 일치. 이 증거만으로는 분배락 적용일·기준가격이 없어 verified 이벤트를 생성하지 않음.
krx-notice-match:9249b333c2ee972d,candidate:368ca7522e699f096a14,krx-notice-evidence:1f6343dcf4f89a03,,434060,issuer:kodex:notice:20260728:monthend,krx:kind:distribution_notice:20260729:20260729002071,1,amount_and_schedule_matched,ticker_exact_and_distribution_amount_equal,2026-08-21T03:33:15+00:00,2026-08-21T03:33:15+00:00,운용사 후보 금액과 KRX KIND 일괄공시 금액이 일치. 이 증거만으로는 분배락 적용일·기준가격이 없어 verified 이벤트를 생성하지 않음.
krx-notice-match:92e43edf48c1f93e,,krx-notice-evidence:755d59d7c2847a50,,479730,,krx:kind:distribution_notice:20260729:20260729000622,1,unmatched,no_issuer_candidate_with_equal_distribution_amount,2026-08-21T03:33:15+00:00,2026-08-21T03:33:15+00:00,일괄공시 단독으로는 이벤트를 verified로 승격하지 않음.
krx-notice-match:92f3b10f8cd3742a,,krx-notice-evidence:a633fab76c3bdcb1,,476750,,krx:kind:distribution_notice:20260729:20260729000622,1,unmatched,no_issuer_candidate_with_equal_distribution_amount,2026-08-21T03:33:15+00:00,2026-08-21T03:33:15+00:00,일괄공시 단독으로는 이벤트를 verified로 승격하지 않음.
krx-notice-match:930b58938784c06c,candidate:17ba2620e64b07c7343b,krx-notice-evidence:50b42bbf81d86730,,0082V0,issuer:kodex:notice:20260728:monthend,krx:kind:distribution_notice:20260729:20260729002071,1,amount_and_schedule_matched,ticker_exact_and_distribution_amount_equal,2026-08-21T03:33:15+00:00,2026-08-21T03:33:15+00:00,운용사 후보 금액과 KRX KIND 일괄공시 금액이 일치. 이 증거만으로는 분배락 적용일·기준가격이 없어 verified 이벤트를 생성하지 않음.
krx-notice-match:932e12d0cb445697,candidate:b1f8cf8dd8b413592fdb,krx-notice-evidence:3865415762c682b7,,182480,issuer:tiger:notice:20260626:monthend,krx:kind:distribution_notice:20260729:20260729000622,1,amount_and_schedule_matched,ticker_exact_and_distribution_amount_equal,2026-08-21T03:33:15+00:00,2026-08-21T03:33:15+00:00,운용사 후보 금액과 KRX KIND 일괄공시 금액이 일치. 이 증거만으로는 분배락 적용일·기준가격이 없어 verified 이벤트를 생성하지 않음.
krx-notice-match:9356d389cb7bd65a,candidate:4837cdafd71e48444f95,krx-notice-evidence:708afa2b8eecff16,,395170,issuer:kodex:notice:20260728:monthend,krx:kind:distribution_notice:20260729:20260729002071,1,amount_and_schedule_matched,ticker_exact_and_distribution_amount_equal,2026-08-21T03:33:15+00:00,2026-08-21T03:33:15+00:00,운용사 후보 금액과 KRX KIND 일괄공시 금액이 일치. 이 증거만으로는 분배락 적용일·기준가격이 없어 verified 이벤트를 생성하지 않음.
krx-notice-match:93d64ff34a2410a3,,krx-notice-evidence:a2d358046b6cea44,,105010,,krx:kind:distribution_notice:20260729:20260729000622,1,unmatched,no_issuer_candidate_with_equal_distribution_amount,2026-08-21T03:33:15+00:00,2026-08-21T03:33:15+00:00,일괄공시 단독으로는 이벤트를 verified로 승격하지 않음.
krx-notice-match:9570e97e63f79ca7,candidate:07edb7b556ed551dd299,krx-notice-evidence:260f10467948e730,,437070,issuer:kodex:notice:20260728:monthend,krx:kind:distribution_notice:20260729:20260729002071,1,amount_and_schedule_matched,ticker_exact_and_distribution_amount_equal,2026-08-21T03:33:15+00:00,2026-08-21T03:33:15+00:00,운용사 후보 금액과 KRX KIND 일괄공시 금액이 일치. 이 증거만으로는 분배락 적용일·기준가격이 없어 verified 이벤트를 생성하지 않음.
krx-notice-match:95ddf0c24457bc34,,krx-notice-evidence:e565c9ef6b6c6d64,,476030,,krx:kind:distribution_notice:20260729:20260729002071,1,unmatched,no_issuer_candidate_with_equal_distribution_amount,2026-08-21T03:33:15+00:00,2026-08-21T03:33:15+00:00,일괄공시 단독으로는 이벤트를 verified로 승격하지 않음.
krx-notice-match:965ae65b08b8b4b2,,krx-notice-evidence:cb5949cfb5d3b33d,,489030,,krx:kind:distribution_notice:20260729:20260729000622,1,unmatched,no_issuer_candidate_with_equal_distribution_amount,2026-08-21T03:33:15+00:00,2026-08-21T03:33:15+00:00,일괄공시 단독으로는 이벤트를 verified로 승격하지 않음.
krx-notice-match:966ca159bf8ba293,,krx-notice-evidence:5c9298dec49d9f41,,435420,,krx:kind:distribution_notice:20260729:20260729000622,1,unmatched,no_issuer_candidate_with_equal_distribution_amount,2026-08-21T03:33:15+00:00,2026-08-21T03:33:15+00:00,일괄공시 단독으로는 이벤트를 verified로 승격하지 않음.
krx-notice-match:96ec87b1193e0058,candidate:440a52149b871ab6d819,krx-notice-evidence:8b6df4a4074c6805,,422420,issuer:rise:notice:20260728:monthend,krx:kind:distribution_notice:20260729:20260729000622,1,amount_and_schedule_matched,ticker_exact_and_distribution_amount_equal,2026-08-21T03:33:15+00:00,2026-08-21T03:33:15+00:00,운용사 후보 금액과 KRX KIND 일괄공시 금액이 일치. 이 증거만으로는 분배락 적용일·기준가격이 없어 verified 이벤트를 생성하지 않음.
krx-notice-match:971e195b2146c067,,krx-notice-evidence:1d85a2891546609e,,0007N0,,krx:kind:distribution_notice:20260729:20260729002071,1,unmatched,no_issuer_candidate_with_equal_distribution_amount,2026-08-21T03:33:15+00:00,2026-08-21T03:33:15+00:00,일괄공시 단독으로는 이벤트를 verified로 승격하지 않음.
krx-notice-match:97d451e63b02f23f,,krx-notice-evidence:fcb3f62976cde22e,,0015F0,,krx:kind:distribution_notice:20260729:20260729000622,1,unmatched,no_issuer_candidate_with_equal_distribution_amount,2026-08-21T03:33:15+00:00,2026-08-21T03:33:15+00:00,일괄공시 단독으로는 이벤트를 verified로 승격하지 않음.
krx-notice-match:98ef4550c5229102,,krx-notice-evidence:e582b6d898e198f8,,293180,,krx:kind:distribution_notice:20260729:20260729000622,1,unmatched,no_issuer_candidate_with_equal_distribution_amount,2026-08-21T03:33:15+00:00,2026-08-21T03:33:15+00:00,일괄공시 단독으로는 이벤트를 verified로 승격하지 않음.
krx-notice-match:99088607b5037a00,,krx-notice-evidence:ace77d78329653a2,,332620,,krx:kind:distribution_notice:20260729:20260729000622,1,unmatched,no_issuer_candidate_with_equal_distribution_amount,2026-08-21T03:33:15+00:00,2026-08-21T03:33:15+00:00,일괄공시 단독으로는 이벤트를 verified로 승격하지 않음.
krx-notice-match:99a51934738eb2fa,candidate:8b8c34aa7858a0dbc5ef,krx-notice-evidence:cd3c3f05a1c7bde0,,117700,issuer:kodex:notice:20260728:monthend,krx:kind:distribution_notice:20260729:20260729002071,1,amount_and_schedule_matched,ticker_exact_and_distribution_amount_equal,2026-08-21T03:33:15+00:00,2026-08-21T03:33:15+00:00,운용사 후보 금액과 KRX KIND 일괄공시 금액이 일치. 이 증거만으로는 분배락 적용일·기준가격이 없어 verified 이벤트를 생성하지 않음.
krx-notice-match:9a0e3d06ca7efb00,,krx-notice-evidence:85cd2635dcb16f49,,0153P0,,krx:kind:distribution_notice:20260729:20260729002071,1,unmatched,no_issuer_candidate_with_equal_distribution_amount,2026-08-21T03:33:15+00:00,2026-08-21T03:33:15+00:00,일괄공시 단독으로는 이벤트를 verified로 승격하지 않음.
krx-notice-match:9bb3372c6aa8e4dd,candidate:50e8a689b06b74657b52,krx-notice-evidence:7030a4ee1a03b435,,099140,issuer:kodex:notice:20260728:monthend,krx:kind:distribution_notice:20260729:20260729002071,1,amount_and_schedule_matched,ticker_exact_and_distribution_amount_equal,2026-08-21T03:33:15+00:00,2026-08-21T03:33:15+00:00,운용사 후보 금액과 KRX KIND 일괄공시 금액이 일치. 이 증거만으로는 분배락 적용일·기준가격이 없어 verified 이벤트를 생성하지 않음.
krx-notice-match:9c09633956ba1023,candidate:ff29ff3fcd980c3c181a,krx-notice-evidence:49f072d76a07a33f,,244670,issuer:kodex:notice:20260728:monthend,krx:kind:distribution_notice:20260729:20260729002071,1,amount_and_schedule_matched,ticker_exact_and_distribution_amount_equal,2026-08-21T03:33:15+00:00,2026-08-21T03:33:15+00:00,운용사 후보 금액과 KRX KIND 일괄공시 금액이 일치. 이 증거만으로는 분배락 적용일·기준가격이 없어 verified 이벤트를 생성하지 않음.
krx-notice-match:9c9f7e7eb13e4413,,krx-notice-evidence:e3edd2189cbc900f,,489860,,krx:kind:distribution_notice:20260729:20260729000622,1,unmatched,no_issuer_candidate_with_equal_distribution_amount,2026-08-21T03:33:15+00:00,2026-08-21T03:33:15+00:00,일괄공시 단독으로는 이벤트를 verified로 승격하지 않음.
krx-notice-match:9d45d929413c23eb,,krx-notice-evidence:2b57ca95f7f51210,,315270,,krx:kind:distribution_notice:20260729:20260729000622,1,unmatched,no_issuer_candidate_with_equal_distribution_amount,2026-08-21T03:33:15+00:00,2026-08-21T03:33:15+00:00,일괄공시 단독으로는 이벤트를 verified로 승격하지 않음.
krx-notice-match:9d48e3ed904fe1b8,,krx-notice-evidence:2072a9e19f20fc33,,289480,,krx:kind:distribution_notice:20260729:20260729000622,1,unmatched,no_issuer_candidate_with_equal_distribution_amount,2026-08-21T03:33:15+00:00,2026-08-21T03:33:15+00:00,일괄공시 단독으로는 이벤트를 verified로 승격하지 않음.
krx-notice-match:9e0cd0e561c153ea,,krx-notice-evidence:ace4efce9eb2f048,,341850,,krx:kind:distribution_notice:20260729:20260729000622,1,ambiguous_candidate_match,2_issuer_candidates_with_equal_distribution_amount,2026-08-21T03:33:15+00:00,2026-08-21T03:33:15+00:00,일괄공시 단독으로는 이벤트를 verified로 승격하지 않음.
krx-notice-match:9e38bf1fd7cfed0e,candidate:95ec8839cd31fceaafcc,krx-notice-evidence:77de06085a19ede6,,337140,issuer:kodex:notice:20260728:monthend,krx:kind:distribution_notice:20260729:20260729002071,1,amount_and_schedule_matched,ticker_exact_and_distribution_amount_equal,2026-08-21T03:33:15+00:00,2026-08-21T03:33:15+00:00,운용사 후보 금액과 KRX KIND 일괄공시 금액이 일치. 이 증거만으로는 분배락 적용일·기준가격이 없어 verified 이벤트를 생성하지 않음.
krx-notice-match:9ff51b92793ad538,,krx-notice-evidence:267c62b7d7d89a3b,,494210,,krx:kind:distribution_notice:20260729:20260729002071,1,unmatched,no_issuer_candidate_with_equal_distribution_amount,2026-08-21T03:33:15+00:00,2026-08-21T03:33:15+00:00,일괄공시 단독으로는 이벤트를 verified로 승격하지 않음.
krx-notice-match:a0d96957b35ec490,,krx-notice-evidence:bc02f1ed5ea8890d,,498270,,krx:kind:distribution_notice:20260729:20260729000622,1,unmatched,no_issuer_candidate_with_equal_distribution_amount,2026-08-21T03:33:15+00:00,2026-08-21T03:33:15+00:00,일괄공시 단독으로는 이벤트를 verified로 승격하지 않음.
krx-notice-match:a0f7c682ede76f9b,candidate:fc0dcfc48adc18d1441f,krx-notice-evidence:a97784e3560bc0be,,442550,issuer:rise:notice:20260728:monthend,krx:kind:distribution_notice:20260729:20260729000622,1,amount_and_schedule_matched,ticker_exact_and_distribution_amount_equal,2026-08-21T03:33:15+00:00,2026-08-21T03:33:15+00:00,운용사 후보 금액과 KRX KIND 일괄공시 금액이 일치. 이 증거만으로는 분배락 적용일·기준가격이 없어 verified 이벤트를 생성하지 않음.
krx-notice-match:a114b44df12cfd2f,candidate:05bc7da148ca80dec67e,krx-notice-evidence:ce9eedf4c0c42c45,,371150,issuer:rise:notice:20260728:monthend,krx:kind:distribution_notice:20260729:20260729000622,1,amount_and_schedule_matched,ticker_exact_and_distribution_amount_equal,2026-08-21T03:33:15+00:00,2026-08-21T03:33:15+00:00,운용사 후보 금액과 KRX KIND 일괄공시 금액이 일치. 이 증거만으로는 분배락 적용일·기준가격이 없어 verified 이벤트를 생성하지 않음.
krx-notice-match:a29e8d66db9cdd50,candidate:a5b33f0bb893e0bab766,krx-notice-evidence:99ae12f5e4d22289,,0018Z0,issuer:rise:notice:20260728:monthend,krx:kind:distribution_notice:20260729:20260729000622,1,amount_and_schedule_matched,ticker_exact_and_distribution_amount_equal,2026-08-21T03:33:15+00:00,2026-08-21T03:33:15+00:00,운용사 후보 금액과 KRX KIND 일괄공시 금액이 일치. 이 증거만으로는 분배락 적용일·기준가격이 없어 verified 이벤트를 생성하지 않음.
krx-notice-match:a36cfd4878c00998,candidate:3439f3ecd4db8fe3edef,krx-notice-evidence:2e8b28e3e40a4ae7,,487950,issuer:kodex:notice:20260728:monthend,krx:kind:distribution_notice:20260729:20260729002071,1,amount_and_schedule_matched,ticker_exact_and_distribution_amount_equal,2026-08-21T03:33:15+00:00,2026-08-21T03:33:15+00:00,운용사 후보 금액과 KRX KIND 일괄공시 금액이 일치. 이 증거만으로는 분배락 적용일·기준가격이 없어 verified 이벤트를 생성하지 않음.
krx-notice-match:a48cf04962ffb4a9,candidate:5ec692b34e85061e3944,krx-notice-evidence:138b219247cfe4de,,266160,issuer:rise:notice:20260728:monthend,krx:kind:distribution_notice:20260729:20260729000622,1,amount_and_schedule_matched,ticker_exact_and_distribution_amount_equal,2026-08-21T03:33:15+00:00,2026-08-21T03:33:15+00:00,운용사 후보 금액과 KRX KIND 일괄공시 금액이 일치. 이 증거만으로는 분배락 적용일·기준가격이 없어 verified 이벤트를 생성하지 않음.
krx-notice-match:a51d96a867afaa42,,krx-notice-evidence:a405e30847115331,,0189Z0,,krx:kind:distribution_notice:20260729:20260729002071,1,unmatched,no_issuer_candidate_with_equal_distribution_amount,2026-08-21T03:33:15+00:00,2026-08-21T03:33:15+00:00,일괄공시 단독으로는 이벤트를 verified로 승격하지 않음.
krx-notice-match:a554e5fdc55a9970,candidate:621b7f3306cd11b87600,krx-notice-evidence:63da11b4d4c6469e,,229720,issuer:kodex:notice:20260728:monthend,krx:kind:distribution_notice:20260729:20260729002071,1,amount_and_schedule_matched,ticker_exact_and_distribution_amount_equal,2026-08-21T03:33:15+00:00,2026-08-21T03:33:15+00:00,운용사 후보 금액과 KRX KIND 일괄공시 금액이 일치. 이 증거만으로는 분배락 적용일·기준가격이 없어 verified 이벤트를 생성하지 않음.
krx-notice-match:a6099bcf7d2f8f4a,candidate:eb77b9793a8ec40de896,krx-notice-evidence:2063dd69ee5bb833,,213610,issuer:kodex:notice:20260728:monthend,krx:kind:distribution_notice:20260729:20260729002071,1,amount_and_schedule_matched,ticker_exact_and_distribution_amount_equal,2026-08-21T03:33:15+00:00,2026-08-21T03:33:15+00:00,운용사 후보 금액과 KRX KIND 일괄공시 금액이 일치. 이 증거만으로는 분배락 적용일·기준가격이 없어 verified 이벤트를 생성하지 않음.
krx-notice-match:a7d419afcca9f976,,krx-notice-evidence:54b7b53e79562963,,304760,,krx:kind:distribution_notice:20260729:20260729000622,1,unmatched,no_issuer_candidate_with_equal_distribution_amount,2026-08-21T03:33:15+00:00,2026-08-21T03:33:15+00:00,일괄공시 단독으로는 이벤트를 verified로 승격하지 않음.
krx-notice-match:a803ab80f114c8be,candidate:bfc8a6cd70d5b5ca1660,krx-notice-evidence:997eaa76674f03e8,,223190,issuer:kodex:notice:20260728:monthend,krx:kind:distribution_notice:20260729:20260729002071,1,amount_and_schedule_matched,ticker_exact_and_distribution_amount_equal,2026-08-21T03:33:15+00:00,2026-08-21T03:33:15+00:00,운용사 후보 금액과 KRX KIND 일괄공시 금액이 일치. 이 증거만으로는 분배락 적용일·기준가격이 없어 verified 이벤트를 생성하지 않음.
krx-notice-match:a9f91ad0caf0d482,,krx-notice-evidence:85a719f9b72e953f,,0190Y0,,krx:kind:distribution_notice:20260729:20260729000622,1,unmatched,no_issuer_candidate_with_equal_distribution_amount,2026-08-21T03:33:15+00:00,2026-08-21T03:33:15+00:00,일괄공시 단독으로는 이벤트를 verified로 승격하지 않음.
krx-notice-match:aa186c72d928854b,candidate:894dad0b8eebe2e4a582,krx-notice-evidence:5d04334970f46c85,,279530,issuer:kodex:notice:20260728:monthend,krx:kind:distribution_notice:20260729:20260729002071,1,amount_and_schedule_matched,ticker_exact_and_distribution_amount_equal,2026-08-21T03:33:15+00:00,2026-08-21T03:33:15+00:00,운용사 후보 금액과 KRX KIND 일괄공시 금액이 일치. 이 증거만으로는 분배락 적용일·기준가격이 없어 verified 이벤트를 생성하지 않음.
krx-notice-match:aa856a9b95451ec6,candidate:cc09a02de82404a0258f,krx-notice-evidence:fe53822417f1b170,,117460,issuer:kodex:notice:20260728:monthend,krx:kind:distribution_notice:20260729:20260729002071,1,amount_and_schedule_matched,ticker_exact_and_distribution_amount_equal,2026-08-21T03:33:15+00:00,2026-08-21T03:33:15+00:00,운용사 후보 금액과 KRX KIND 일괄공시 금액이 일치. 이 증거만으로는 분배락 적용일·기준가격이 없어 verified 이벤트를 생성하지 않음.
krx-notice-match:ab971c6043c319e5,candidate:7011f69e36e3f066b26d,krx-notice-evidence:971496c7c1a3e58d,,226980,issuer:kodex:notice:20260728:monthend,krx:kind:distribution_notice:20260729:20260729002071,1,amount_and_schedule_matched,ticker_exact_and_distribution_amount_equal,2026-08-21T03:33:15+00:00,2026-08-21T03:33:15+00:00,운용사 후보 금액과 KRX KIND 일괄공시 금액이 일치. 이 증거만으로는 분배락 적용일·기준가격이 없어 verified 이벤트를 생성하지 않음.
krx-notice-match:ac954cfac94a5d70,candidate:1350b915880b6d3eb791,krx-notice-evidence:f6a0a116fcc414f0,,379790,issuer:rise:notice:20260728:monthend,krx:kind:distribution_notice:20260729:20260729000622,1,amount_and_schedule_matched,ticker_exact_and_distribution_amount_equal,2026-08-21T03:33:15+00:00,2026-08-21T03:33:15+00:00,운용사 후보 금액과 KRX KIND 일괄공시 금액이 일치. 이 증거만으로는 분배락 적용일·기준가격이 없어 verified 이벤트를 생성하지 않음.
krx-notice-match:acd9bff5370f6059,candidate:d3df808c8086a418db13,krx-notice-evidence:8f22c7b3ef42148b,,494890,issuer:kodex:notice:20260728:monthend,krx:kind:distribution_notice:20260729:20260729002071,1,amount_and_schedule_matched,ticker_exact_and_distribution_amount_equal,2026-08-21T03:33:15+00:00,2026-08-21T03:33:15+00:00,운용사 후보 금액과 KRX KIND 일괄공시 금액이 일치. 이 증거만으로는 분배락 적용일·기준가격이 없어 verified 이벤트를 생성하지 않음.
krx-notice-match:ad09b33e3458069c,,krx-notice-evidence:f1e1f93bbbe5d79d,,429740,,krx:kind:distribution_notice:20260729:20260729000622,1,unmatched,no_issuer_candidate_with_equal_distribution_amount,2026-08-21T03:33:15+00:00,2026-08-21T03:33:15+00:00,일괄공시 단독으로는 이벤트를 verified로 승격하지 않음.
krx-notice-match:ad34d8be6560eef7,candidate:ba5c77a7a8afece81471,krx-notice-evidence:9cefe1754b12e53c,,488480,issuer:rise:notice:20260728:monthend,krx:kind:distribution_notice:20260729:20260729000622,1,amount_and_schedule_matched,ticker_exact_and_distribution_amount_equal,2026-08-21T03:33:15+00:00,2026-08-21T03:33:15+00:00,운용사 후보 금액과 KRX KIND 일괄공시 금액이 일치. 이 증거만으로는 분배락 적용일·기준가격이 없어 verified 이벤트를 생성하지 않음.
krx-notice-match:ae6a5d22c5fe3313,,krx-notice-evidence:cb1622fe96fa1b1c,,0073X0,,krx:kind:distribution_notice:20260729:20260729002071,1,unmatched,no_issuer_candidate_with_equal_distribution_amount,2026-08-21T03:33:15+00:00,2026-08-21T03:33:15+00:00,일괄공시 단독으로는 이벤트를 verified로 승격하지 않음.
krx-notice-match:b0c8533c7e8acf59,,krx-notice-evidence:98c7f225635d0b96,,227830,,krx:kind:distribution_notice:20260729:20260729000622,1,unmatched,no_issuer_candidate_with_equal_distribution_amount,2026-08-21T03:33:15+00:00,2026-08-21T03:33:15+00:00,일괄공시 단독으로는 이벤트를 verified로 승격하지 않음.
krx-notice-match:b12220e5c90fb246,,krx-notice-evidence:fa19e1d8e07572a6,,407300,,krx:kind:distribution_notice:20260729:20260729000622,1,unmatched,no_issuer_candidate_with_equal_distribution_amount,2026-08-21T03:33:15+00:00,2026-08-21T03:33:15+00:00,일괄공시 단독으로는 이벤트를 verified로 승격하지 않음.
krx-notice-match:b1e590fb3da6e559,,krx-notice-evidence:95c76ec57a2f9327,,227560,,krx:kind:distribution_notice:20260729:20260729000622,1,unmatched,no_issuer_candidate_with_equal_distribution_amount,2026-08-21T03:33:15+00:00,2026-08-21T03:33:15+00:00,일괄공시 단독으로는 이벤트를 verified로 승격하지 않음.
krx-notice-match:b25a77364fa0f6bb,,krx-notice-evidence:d6b5fc4bde29e863,,140950,,krx:kind:distribution_notice:20260729:20260729002071,1,unmatched,no_issuer_candidate_with_equal_distribution_amount,2026-08-21T03:33:15+00:00,2026-08-21T03:33:15+00:00,일괄공시 단독으로는 이벤트를 verified로 승격하지 않음.
krx-notice-match:b3f90570fe099623,candidate:f0c6a94b4b7738fe3a2e,krx-notice-evidence:52f993e3fb5072da,,0151S0,issuer:kodex:notice:20260728:monthend,krx:kind:distribution_notice:20260729:20260729002071,1,amount_and_schedule_matched,ticker_exact_and_distribution_amount_equal,2026-08-21T03:33:15+00:00,2026-08-21T03:33:15+00:00,운용사 후보 금액과 KRX KIND 일괄공시 금액이 일치. 이 증거만으로는 분배락 적용일·기준가격이 없어 verified 이벤트를 생성하지 않음.
krx-notice-match:b5518a6306e0abd3,,krx-notice-evidence:afbbd3d3cf80ada6,,0127P0,,krx:kind:distribution_notice:20260729:20260729002071,1,unmatched,no_issuer_candidate_with_equal_distribution_amount,2026-08-21T03:33:15+00:00,2026-08-21T03:33:15+00:00,일괄공시 단독으로는 이벤트를 verified로 승격하지 않음.
krx-notice-match:b59483091eb3b993,candidate:9521249b055ac3fa020d,krx-notice-evidence:16c0418e8ced1dbf,,266410,issuer:kodex:notice:20260728:monthend,krx:kind:distribution_notice:20260729:20260729002071,1,amount_and_schedule_matched,ticker_exact_and_distribution_amount_equal,2026-08-21T03:33:15+00:00,2026-08-21T03:33:15+00:00,운용사 후보 금액과 KRX KIND 일괄공시 금액이 일치. 이 증거만으로는 분배락 적용일·기준가격이 없어 verified 이벤트를 생성하지 않음.
krx-notice-match:b6c19dc1515142a4,candidate:6bebf531ce9e3313f4e9,krx-notice-evidence:f6eb64c5ec391183,,460660,issuer:rise:notice:20260728:monthend,krx:kind:distribution_notice:20260729:20260729000622,1,amount_and_schedule_matched,ticker_exact_and_distribution_amount_equal,2026-08-21T03:33:15+00:00,2026-08-21T03:33:15+00:00,운용사 후보 금액과 KRX KIND 일괄공시 금액이 일치. 이 증거만으로는 분배락 적용일·기준가격이 없어 verified 이벤트를 생성하지 않음.
krx-notice-match:b755cb247e4dd419,candidate:65043c5e9b85c379300f,krx-notice-evidence:7459e398397d1e05,,453640,issuer:kodex:notice:20260728:monthend,krx:kind:distribution_notice:20260729:20260729002071,1,amount_and_schedule_matched,ticker_exact_and_distribution_amount_equal,2026-08-21T03:33:15+00:00,2026-08-21T03:33:15+00:00,운용사 후보 금액과 KRX KIND 일괄공시 금액이 일치. 이 증거만으로는 분배락 적용일·기준가격이 없어 verified 이벤트를 생성하지 않음.
krx-notice-match:b7b7b219aa4b63a1,,krx-notice-evidence:20c7cf381ee89bd2,,139250,,krx:kind:distribution_notice:20260729:20260729000622,1,unmatched,no_issuer_candidate_with_equal_distribution_amount,2026-08-21T03:33:15+00:00,2026-08-21T03:33:15+00:00,일괄공시 단독으로는 이벤트를 verified로 승격하지 않음.
krx-notice-match:bbbf497e8b040d29,,krx-notice-evidence:b63f7d9e68a1dfc9,,322410,,krx:kind:distribution_notice:20260729:20260729000622,1,unmatched,no_issuer_candidate_with_equal_distribution_amount,2026-08-21T03:33:15+00:00,2026-08-21T03:33:15+00:00,일괄공시 단독으로는 이벤트를 verified로 승격하지 않음.
krx-notice-match:bbc8d134da5660d0,,krx-notice-evidence:b60ff46eec60e515,,228820,,krx:kind:distribution_notice:20260729:20260729000622,1,unmatched,no_issuer_candidate_with_equal_distribution_amount,2026-08-21T03:33:15+00:00,2026-08-21T03:33:15+00:00,일괄공시 단독으로는 이벤트를 verified로 승격하지 않음.
krx-notice-match:bc03e3e63927d2a7,candidate:cc2f057b446e37bfb856,krx-notice-evidence:8a694076d54ddb05,,433970,issuer:kodex:notice:20260728:monthend,krx:kind:distribution_notice:20260729:20260729002071,1,amount_and_schedule_matched,ticker_exact_and_distribution_amount_equal,2026-08-21T03:33:15+00:00,2026-08-21T03:33:15+00:00,운용사 후보 금액과 KRX KIND 일괄공시 금액이 일치. 이 증거만으로는 분배락 적용일·기준가격이 없어 verified 이벤트를 생성하지 않음.
krx-notice-match:bc3a253c86b4d7b3,candidate:9a87042af07020667424,krx-notice-evidence:db018c93beacacdb,,446690,issuer:kodex:notice:20260728:monthend,krx:kind:distribution_notice:20260729:20260729002071,1,amount_and_schedule_matched,ticker_exact_and_distribution_amount_equal,2026-08-21T03:33:15+00:00,2026-08-21T03:33:15+00:00,운용사 후보 금액과 KRX KIND 일괄공시 금액이 일치. 이 증거만으로는 분배락 적용일·기준가격이 없어 verified 이벤트를 생성하지 않음.
krx-notice-match:bedae7880f69ddc7,,krx-notice-evidence:fcffd11a39dd70f3,,469170,,krx:kind:distribution_notice:20260729:20260729002071,1,unmatched,no_issuer_candidate_with_equal_distribution_amount,2026-08-21T03:33:15+00:00,2026-08-21T03:33:15+00:00,일괄공시 단독으로는 이벤트를 verified로 승격하지 않음.
krx-notice-match:bf0f7a4b5cee2aa0,candidate:c290758f9e1d006d1735,krx-notice-evidence:58141e7a2ecbf7ff,,091170,issuer:kodex:notice:20260728:monthend,krx:kind:distribution_notice:20260729:20260729002071,1,amount_and_schedule_matched,ticker_exact_and_distribution_amount_equal,2026-08-21T03:33:15+00:00,2026-08-21T03:33:15+00:00,운용사 후보 금액과 KRX KIND 일괄공시 금액이 일치. 이 증거만으로는 분배락 적용일·기준가격이 없어 verified 이벤트를 생성하지 않음.
krx-notice-match:c10713f561973eff,,krx-notice-evidence:8f7e0f47cda03fbd,,491510,,krx:kind:distribution_notice:20260729:20260729002071,1,unmatched,no_issuer_candidate_with_equal_distribution_amount,2026-08-21T03:33:15+00:00,2026-08-21T03:33:15+00:00,일괄공시 단독으로는 이벤트를 verified로 승격하지 않음.
krx-notice-match:c18e50ceed26f3c3,candidate:9428163f156c25ecff6d,krx-notice-evidence:412108bef0af6256,,0080G0,issuer:kodex:notice:20260728:monthend,krx:kind:distribution_notice:20260729:20260729002071,1,amount_and_schedule_matched,ticker_exact_and_distribution_amount_equal,2026-08-21T03:33:15+00:00,2026-08-21T03:33:15+00:00,운용사 후보 금액과 KRX KIND 일괄공시 금액이 일치. 이 증거만으로는 분배락 적용일·기준가격이 없어 verified 이벤트를 생성하지 않음.
krx-notice-match:c1feaab15a7007bc,candidate:70c4eee104d539ace0e2,krx-notice-evidence:5c77ef0276f92849,KR7419420005:2026-07-30:ordinary_cash:v1,419420,issuer:kodex:notice:20260728:monthend,krx:kind:distribution_notice:20260729:20260729002071,1,verified_event_schedule_enriched,ticker_exact_and_distribution_amount_equal,2026-08-21T03:33:15+00:00,2026-08-21T03:33:15+00:00,개별 KIND 분배락 공시로 기존 verified인 이벤트에 KRX 일괄공시의 기준일·지급예정일을 보강함.
krx-notice-match:c1ff8d192a9f3b33,,krx-notice-evidence:4f71043f1c3a820e,,292160,,krx:kind:distribution_notice:20260729:20260729000622,1,unmatched,no_issuer_candidate_with_equal_distribution_amount,2026-08-21T03:33:15+00:00,2026-08-21T03:33:15+00:00,일괄공시 단독으로는 이벤트를 verified로 승격하지 않음.
krx-notice-match:c27faeb011d7eb35,candidate:8fefa577b75fa2ac5af5,krx-notice-evidence:afb1091eed66ae7f,,404260,issuer:kodex:notice:20260728:monthend,krx:kind:distribution_notice:20260729:20260729002071,1,amount_and_schedule_matched,ticker_exact_and_distribution_amount_equal,2026-08-21T03:33:15+00:00,2026-08-21T03:33:15+00:00,운용사 후보 금액과 KRX KIND 일괄공시 금액이 일치. 이 증거만으로는 분배락 적용일·기준가격이 없어 verified 이벤트를 생성하지 않음.
krx-notice-match:c3d7b03555f72f50,candidate:6fd4fc3dd41653039f68,krx-notice-evidence:b9132cd743ef0096,,0115E0,issuer:kodex:notice:20260728:monthend,krx:kind:distribution_notice:20260729:20260729002071,1,amount_and_schedule_matched,ticker_exact_and_distribution_amount_equal,2026-08-21T03:33:15+00:00,2026-08-21T03:33:15+00:00,운용사 후보 금액과 KRX KIND 일괄공시 금액이 일치. 이 증거만으로는 분배락 적용일·기준가격이 없어 verified 이벤트를 생성하지 않음.
krx-notice-match:c41e0c36c56fb612,candidate:9b88b09fa27b0c18a8c5,krx-notice-evidence:f8a84c72d67bc997,,453630,issuer:kodex:notice:20260728:monthend,krx:kind:distribution_notice:20260729:20260729002071,1,amount_and_schedule_matched,ticker_exact_and_distribution_amount_equal,2026-08-21T03:33:15+00:00,2026-08-21T03:33:15+00:00,운용사 후보 금액과 KRX KIND 일괄공시 금액이 일치. 이 증거만으로는 분배락 적용일·기준가격이 없어 verified 이벤트를 생성하지 않음.
krx-notice-match:c599ea5cb3aa8405,candidate:7203825ba249466450ab,krx-notice-evidence:079a5ba3d60f861f,,487240,issuer:kodex:notice:20260728:monthend,krx:kind:distribution_notice:20260729:20260729002071,1,amount_and_schedule_matched,ticker_exact_and_distribution_amount_equal,2026-08-21T03:33:15+00:00,2026-08-21T03:33:15+00:00,운용사 후보 금액과 KRX KIND 일괄공시 금액이 일치. 이 증거만으로는 분배락 적용일·기준가격이 없어 verified 이벤트를 생성하지 않음.
krx-notice-match:c5aa46df80ce08be,,krx-notice-evidence:266bb8da321e36a9,,402460,,krx:kind:distribution_notice:20260729:20260729000622,1,unmatched,no_issuer_candidate_with_equal_distribution_amount,2026-08-21T03:33:15+00:00,2026-08-21T03:33:15+00:00,일괄공시 단독으로는 이벤트를 verified로 승격하지 않음.
krx-notice-match:c5efe672e16d950a,candidate:ef3fcf50c74182e317f5,krx-notice-evidence:cc7ee6e99594ab31,,459750,issuer:rise:notice:20260728:monthend,krx:kind:distribution_notice:20260729:20260729000622,1,amount_and_schedule_matched,ticker_exact_and_distribution_amount_equal,2026-08-21T03:33:15+00:00,2026-08-21T03:33:15+00:00,운용사 후보 금액과 KRX KIND 일괄공시 금액이 일치. 이 증거만으로는 분배락 적용일·기준가격이 없어 verified 이벤트를 생성하지 않음.
krx-notice-match:c665fce3083e193e,,krx-notice-evidence:5a4db1de674d11f0,,139260,,krx:kind:distribution_notice:20260729:20260729000622,1,unmatched,no_issuer_candidate_with_equal_distribution_amount,2026-08-21T03:33:15+00:00,2026-08-21T03:33:15+00:00,일괄공시 단독으로는 이벤트를 verified로 승격하지 않음.
krx-notice-match:c71bf24f656dc18c,,krx-notice-evidence:1472599102d30b5b,,488500,,krx:kind:distribution_notice:20260729:20260729000622,1,unmatched,no_issuer_candidate_with_equal_distribution_amount,2026-08-21T03:33:15+00:00,2026-08-21T03:33:15+00:00,일괄공시 단독으로는 이벤트를 verified로 승격하지 않음.
krx-notice-match:c72937d578917b16,candidate:af4a7e76eff9e9328c85,krx-notice-evidence:e1c3c0160403151c,,445150,issuer:kodex:notice:20260728:monthend,krx:kind:distribution_notice:20260729:20260729002071,1,amount_and_schedule_matched,ticker_exact_and_distribution_amount_equal,2026-08-21T03:33:15+00:00,2026-08-21T03:33:15+00:00,운용사 후보 금액과 KRX KIND 일괄공시 금액이 일치. 이 증거만으로는 분배락 적용일·기준가격이 없어 verified 이벤트를 생성하지 않음.
krx-notice-match:c78155987069febd,candidate:0c3dcbc71356d4820c39,krx-notice-evidence:7f129ddaf573befc,,484790,issuer:kodex:notice:20260728:monthend,krx:kind:distribution_notice:20260729:20260729002071,1,amount_and_schedule_matched,ticker_exact_and_distribution_amount_equal,2026-08-21T03:33:15+00:00,2026-08-21T03:33:15+00:00,운용사 후보 금액과 KRX KIND 일괄공시 금액이 일치. 이 증거만으로는 분배락 적용일·기준가격이 없어 verified 이벤트를 생성하지 않음.
krx-notice-match:c895952d8cdb4b48,,krx-notice-evidence:195cd8c8765971c4,,069660,,krx:kind:distribution_notice:20260729:20260729000622,1,unmatched,no_issuer_candidate_with_equal_distribution_amount,2026-08-21T03:33:15+00:00,2026-08-21T03:33:15+00:00,일괄공시 단독으로는 이벤트를 verified로 승격하지 않음.
krx-notice-match:c8a933314e2c4659,,krx-notice-evidence:9fbc1e931c730dd4,,435530,,krx:kind:distribution_notice:20260729:20260729000622,1,unmatched,no_issuer_candidate_with_equal_distribution_amount,2026-08-21T03:33:15+00:00,2026-08-21T03:33:15+00:00,일괄공시 단독으로는 이벤트를 verified로 승격하지 않음.
krx-notice-match:ca580921b7376898,,krx-notice-evidence:df3f57d31e971059,,100910,,krx:kind:distribution_notice:20260729:20260729000622,1,unmatched,no_issuer_candidate_with_equal_distribution_amount,2026-08-21T03:33:15+00:00,2026-08-21T03:33:15+00:00,일괄공시 단독으로는 이벤트를 verified로 승격하지 않음.
krx-notice-match:cbc833aa138011ab,,krx-notice-evidence:abe967e8c260ca67,,0060H0,,krx:kind:distribution_notice:20260729:20260729000622,1,unmatched,no_issuer_candidate_with_equal_distribution_amount,2026-08-21T03:33:15+00:00,2026-08-21T03:33:15+00:00,일괄공시 단독으로는 이벤트를 verified로 승격하지 않음.
krx-notice-match:cc383e2425e477f0,,krx-notice-evidence:9f90d501544440c3,,307520,,krx:kind:distribution_notice:20260729:20260729000622,1,unmatched,no_issuer_candidate_with_equal_distribution_amount,2026-08-21T03:33:15+00:00,2026-08-21T03:33:15+00:00,일괄공시 단독으로는 이벤트를 verified로 승격하지 않음.
krx-notice-match:cd94272d1007b3cf,,krx-notice-evidence:f2a7d84c73cfcbe8,,458730,,krx:kind:distribution_notice:20260729:20260729000622,1,unmatched,no_issuer_candidate_with_equal_distribution_amount,2026-08-21T03:33:15+00:00,2026-08-21T03:33:15+00:00,일괄공시 단독으로는 이벤트를 verified로 승격하지 않음.
krx-notice-match:cf631840f9791d31,candidate:7e67b6ae43fbdaf148ea,krx-notice-evidence:0436ec0e0f293829,,469050,issuer:rise:notice:20260728:monthend,krx:kind:distribution_notice:20260729:20260729000622,1,amount_and_schedule_matched,ticker_exact_and_distribution_amount_equal,2026-08-21T03:33:15+00:00,2026-08-21T03:33:15+00:00,운용사 후보 금액과 KRX KIND 일괄공시 금액이 일치. 이 증거만으로는 분배락 적용일·기준가격이 없어 verified 이벤트를 생성하지 않음.
krx-notice-match:cf9b639e663a28a5,candidate:6f7e7466cbf5f850f411,krx-notice-evidence:bcb3ecf00f903869,,461950,issuer:kodex:notice:20260728:monthend,krx:kind:distribution_notice:20260729:20260729002071,1,amount_and_schedule_matched,ticker_exact_and_distribution_amount_equal,2026-08-21T03:33:15+00:00,2026-08-21T03:33:15+00:00,운용사 후보 금액과 KRX KIND 일괄공시 금액이 일치. 이 증거만으로는 분배락 적용일·기준가격이 없어 verified 이벤트를 생성하지 않음.
krx-notice-match:d00413d41f591a2c,,krx-notice-evidence:ecc175ae70558f6c,,0005G0,,krx:kind:distribution_notice:20260729:20260729002071,1,unmatched,no_issuer_candidate_with_equal_distribution_amount,2026-08-21T03:33:15+00:00,2026-08-21T03:33:15+00:00,일괄공시 단독으로는 이벤트를 verified로 승격하지 않음.
krx-notice-match:d02b5708aafe7eb1,,krx-notice-evidence:1c346c73855ce99e,,0084D0,,krx:kind:distribution_notice:20260729:20260729000622,1,unmatched,no_issuer_candidate_with_equal_distribution_amount,2026-08-21T03:33:15+00:00,2026-08-21T03:33:15+00:00,일괄공시 단독으로는 이벤트를 verified로 승격하지 않음.
krx-notice-match:d0710f15f99d8139,candidate:34fd0ad4b748cd63379c,krx-notice-evidence:f05f62ab3fd4fd26,,411420,issuer:kodex:notice:20260728:monthend,krx:kind:distribution_notice:20260729:20260729002071,1,amount_and_schedule_matched,ticker_exact_and_distribution_amount_equal,2026-08-21T03:33:15+00:00,2026-08-21T03:33:15+00:00,운용사 후보 금액과 KRX KIND 일괄공시 금액이 일치. 이 증거만으로는 분배락 적용일·기준가격이 없어 verified 이벤트를 생성하지 않음.
krx-notice-match:d0ecb94146b1a502,,krx-notice-evidence:1ff68b9265135024,,495230,,krx:kind:distribution_notice:20260729:20260729002071,1,unmatched,no_issuer_candidate_with_equal_distribution_amount,2026-08-21T03:33:15+00:00,2026-08-21T03:33:15+00:00,일괄공시 단독으로는 이벤트를 verified로 승격하지 않음.
krx-notice-match:d185c10d3f1b590a,,krx-notice-evidence:7844292b7b5d3c9b,,157500,,krx:kind:distribution_notice:20260729:20260729000622,1,unmatched,no_issuer_candidate_with_equal_distribution_amount,2026-08-21T03:33:15+00:00,2026-08-21T03:33:15+00:00,일괄공시 단독으로는 이벤트를 verified로 승격하지 않음.
krx-notice-match:d4591737011f081a,candidate:a099f9217a738b7d857e,krx-notice-evidence:f561635e53439ca2,,0013R0,issuer:rise:notice:20260728:monthend,krx:kind:distribution_notice:20260729:20260729000622,1,amount_and_schedule_matched,ticker_exact_and_distribution_amount_equal,2026-08-21T03:33:15+00:00,2026-08-21T03:33:15+00:00,운용사 후보 금액과 KRX KIND 일괄공시 금액이 일치. 이 증거만으로는 분배락 적용일·기준가격이 없어 verified 이벤트를 생성하지 않음.
krx-notice-match:d493c909cdc72fe7,,krx-notice-evidence:473c3c040bd772c4,,473330,,krx:kind:distribution_notice:20260729:20260729002071,1,unmatched,no_issuer_candidate_with_equal_distribution_amount,2026-08-21T03:33:15+00:00,2026-08-21T03:33:15+00:00,일괄공시 단독으로는 이벤트를 verified로 승격하지 않음.
krx-notice-match:d5437885d5f590ba,,krx-notice-evidence:e3d22fcda0874de0,,491830,,krx:kind:distribution_notice:20260729:20260729000622,1,unmatched,no_issuer_candidate_with_equal_distribution_amount,2026-08-21T03:33:15+00:00,2026-08-21T03:33:15+00:00,일괄공시 단독으로는 이벤트를 verified로 승격하지 않음.
krx-notice-match:d563272d82bc92f7,candidate:16cf3612b628fe2f6fac,krx-notice-evidence:21bfddce55b9e5b5,,0005A0,issuer:kodex:notice:20260728:monthend,krx:kind:distribution_notice:20260729:20260729002071,1,amount_and_schedule_matched,ticker_exact_and_distribution_amount_equal,2026-08-21T03:33:15+00:00,2026-08-21T03:33:15+00:00,운용사 후보 금액과 KRX KIND 일괄공시 금액이 일치. 이 증거만으로는 분배락 적용일·기준가격이 없어 verified 이벤트를 생성하지 않음.
krx-notice-match:d5bd3c206328581f,candidate:d8af390ae28cf92334dc,krx-notice-evidence:b38548cf9da126a1,,275280,issuer:kodex:notice:20260728:monthend,krx:kind:distribution_notice:20260729:20260729002071,1,amount_and_schedule_matched,ticker_exact_and_distribution_amount_equal,2026-08-21T03:33:15+00:00,2026-08-21T03:33:15+00:00,운용사 후보 금액과 KRX KIND 일괄공시 금액이 일치. 이 증거만으로는 분배락 적용일·기준가격이 없어 verified 이벤트를 생성하지 않음.
krx-notice-match:d5d4c28fc9d18f7f,candidate:84c0d30fc78076dea39a,krx-notice-evidence:e0ac8b07522bc30b,,211900,issuer:kodex:notice:20260728:monthend,krx:kind:distribution_notice:20260729:20260729002071,1,amount_and_schedule_matched,ticker_exact_and_distribution_amount_equal,2026-08-21T03:33:15+00:00,2026-08-21T03:33:15+00:00,운용사 후보 금액과 KRX KIND 일괄공시 금액이 일치. 이 증거만으로는 분배락 적용일·기준가격이 없어 verified 이벤트를 생성하지 않음.
krx-notice-match:d5f0ad214e42cff2,candidate:84c55ba3b09e411d85f1,krx-notice-evidence:9e66f448a34973f6,,476070,issuer:kodex:notice:20260728:monthend,krx:kind:distribution_notice:20260729:20260729002071,1,amount_and_schedule_matched,ticker_exact_and_distribution_amount_equal,2026-08-21T03:33:15+00:00,2026-08-21T03:33:15+00:00,운용사 후보 금액과 KRX KIND 일괄공시 금액이 일치. 이 증거만으로는 분배락 적용일·기준가격이 없어 verified 이벤트를 생성하지 않음.
krx-notice-match:d6ba72c4e52089ac,,krx-notice-evidence:1b74d86dc4e7e6f2,,375760,,krx:kind:distribution_notice:20260729:20260729000622,1,unmatched,no_issuer_candidate_with_equal_distribution_amount,2026-08-21T03:33:15+00:00,2026-08-21T03:33:15+00:00,일괄공시 단독으로는 이벤트를 verified로 승격하지 않음.
krx-notice-match:d8714b3ed290570a,,krx-notice-evidence:3fbac40c634060b4,,377990,,krx:kind:distribution_notice:20260729:20260729000622,1,unmatched,no_issuer_candidate_with_equal_distribution_amount,2026-08-21T03:33:15+00:00,2026-08-21T03:33:15+00:00,일괄공시 단독으로는 이벤트를 verified로 승격하지 않음.
krx-notice-match:da95d740415d1ef1,,krx-notice-evidence:3ffb10d5251d0b71,,435540,,krx:kind:distribution_notice:20260729:20260729000622,1,unmatched,no_issuer_candidate_with_equal_distribution_amount,2026-08-21T03:33:15+00:00,2026-08-21T03:33:15+00:00,일괄공시 단독으로는 이벤트를 verified로 승격하지 않음.
krx-notice-match:db676c7afacc7cbb,,krx-notice-evidence:791749ad15e9abfe,,211560,,krx:kind:distribution_notice:20260729:20260729000622,1,unmatched,no_issuer_candidate_with_equal_distribution_amount,2026-08-21T03:33:15+00:00,2026-08-21T03:33:15+00:00,일괄공시 단독으로는 이벤트를 verified로 승격하지 않음.
krx-notice-match:dc8a30b88e95d534,,krx-notice-evidence:914ed07c162a00d4,,465660,,krx:kind:distribution_notice:20260729:20260729000622,1,unmatched,no_issuer_candidate_with_equal_distribution_amount,2026-08-21T03:33:15+00:00,2026-08-21T03:33:15+00:00,일괄공시 단독으로는 이벤트를 verified로 승격하지 않음.
krx-notice-match:ddbf9aef6a1369e0,candidate:c329c6b46fd2b0d8de15,krx-notice-evidence:f0a9133cd1a39a92,,368680,issuer:kodex:notice:20260728:monthend,krx:kind:distribution_notice:20260729:20260729002071,1,amount_and_schedule_matched,ticker_exact_and_distribution_amount_equal,2026-08-21T03:33:15+00:00,2026-08-21T03:33:15+00:00,운용사 후보 금액과 KRX KIND 일괄공시 금액이 일치. 이 증거만으로는 분배락 적용일·기준가격이 없어 verified 이벤트를 생성하지 않음.
krx-notice-match:ddbfafaa381bb313,,krx-notice-evidence:d2ad0b3810dd8009,,105190,,krx:kind:distribution_notice:20260729:20260729002071,1,unmatched,no_issuer_candidate_with_equal_distribution_amount,2026-08-21T03:33:15+00:00,2026-08-21T03:33:15+00:00,일괄공시 단독으로는 이벤트를 verified로 승격하지 않음.
krx-notice-match:dde8db2fd6295dc7,candidate:9be491ae03b7bdc60d21,krx-notice-evidence:8313a132284f5536,,292190,issuer:kodex:notice:20260728:monthend,krx:kind:distribution_notice:20260729:20260729002071,1,amount_and_schedule_matched,ticker_exact_and_distribution_amount_equal,2026-08-21T03:33:15+00:00,2026-08-21T03:33:15+00:00,운용사 후보 금액과 KRX KIND 일괄공시 금액이 일치. 이 증거만으로는 분배락 적용일·기준가격이 없어 verified 이벤트를 생성하지 않음.
krx-notice-match:de133d5fba27629b,,krx-notice-evidence:36d30b7d48189956,,102110,,krx:kind:distribution_notice:20260729:20260729000622,1,unmatched,no_issuer_candidate_with_equal_distribution_amount,2026-08-21T03:33:15+00:00,2026-08-21T03:33:15+00:00,일괄공시 단독으로는 이벤트를 verified로 승격하지 않음.
krx-notice-match:def0ab2c1ce06bbd,,krx-notice-evidence:44b6bc5738d19b88,,476850,,krx:kind:distribution_notice:20260729:20260729002071,1,unmatched,no_issuer_candidate_with_equal_distribution_amount,2026-08-21T03:33:15+00:00,2026-08-21T03:33:15+00:00,일괄공시 단독으로는 이벤트를 verified로 승격하지 않음.
krx-notice-match:e12afc637cc86579,,krx-notice-evidence:e5afba3cf93469f1,,488210,,krx:kind:distribution_notice:20260729:20260729000622,1,unmatched,no_issuer_candidate_with_equal_distribution_amount,2026-08-21T03:33:15+00:00,2026-08-21T03:33:15+00:00,일괄공시 단독으로는 이벤트를 verified로 승격하지 않음.
krx-notice-match:e188e4af3eb3d217,,krx-notice-evidence:4be73fcbf71b9faf,,445910,,krx:kind:distribution_notice:20260729:20260729000622,1,unmatched,no_issuer_candidate_with_equal_distribution_amount,2026-08-21T03:33:15+00:00,2026-08-21T03:33:15+00:00,일괄공시 단독으로는 이벤트를 verified로 승격하지 않음.
krx-notice-match:e1dcd22c0f86b9af,,krx-notice-evidence:3f61d7a3d6e18684,,292500,,krx:kind:distribution_notice:20260729:20260729002071,1,unmatched,no_issuer_candidate_with_equal_distribution_amount,2026-08-21T03:33:15+00:00,2026-08-21T03:33:15+00:00,일괄공시 단독으로는 이벤트를 verified로 승격하지 않음.
krx-notice-match:e3e975791662374b,,krx-notice-evidence:1e9b12a781fe2fea,,438900,,krx:kind:distribution_notice:20260729:20260729000622,1,unmatched,no_issuer_candidate_with_equal_distribution_amount,2026-08-21T03:33:15+00:00,2026-08-21T03:33:15+00:00,일괄공시 단독으로는 이벤트를 verified로 승격하지 않음.
krx-notice-match:e47c9be50fe65cd9,,krx-notice-evidence:1cf2f5f290b7ada7,,499150,,krx:kind:distribution_notice:20260729:20260729002071,1,unmatched,no_issuer_candidate_with_equal_distribution_amount,2026-08-21T03:33:15+00:00,2026-08-21T03:33:15+00:00,일괄공시 단독으로는 이벤트를 verified로 승격하지 않음.
krx-notice-match:e4b94652bb629bea,,krx-notice-evidence:42c2ed9974f54d8d,,0127T0,,krx:kind:distribution_notice:20260729:20260729000622,1,unmatched,no_issuer_candidate_with_equal_distribution_amount,2026-08-21T03:33:15+00:00,2026-08-21T03:33:15+00:00,일괄공시 단독으로는 이벤트를 verified로 승격하지 않음.
krx-notice-match:e57ad3ecb942b50c,,krx-notice-evidence:6a7e5d042d0f6295,,429000,,krx:kind:distribution_notice:20260729:20260729000622,1,unmatched,no_issuer_candidate_with_equal_distribution_amount,2026-08-21T03:33:15+00:00,2026-08-21T03:33:15+00:00,일괄공시 단독으로는 이벤트를 verified로 승격하지 않음.
krx-notice-match:e6046c153945be67,candidate:95c65ba28d0295951121,krx-notice-evidence:09e7f19158af2cb6,,0167Z0,issuer:kodex:notice:20260728:monthend,krx:kind:distribution_notice:20260729:20260729002071,1,amount_and_schedule_matched,ticker_exact_and_distribution_amount_equal,2026-08-21T03:33:15+00:00,2026-08-21T03:33:15+00:00,운용사 후보 금액과 KRX KIND 일괄공시 금액이 일치. 이 증거만으로는 분배락 적용일·기준가격이 없어 verified 이벤트를 생성하지 않음.
krx-notice-match:e70396385fa6deb5,,krx-notice-evidence:0dbf36910ef10874,,0194N0,,krx:kind:distribution_notice:20260729:20260729000622,1,unmatched,no_issuer_candidate_with_equal_distribution_amount,2026-08-21T03:33:15+00:00,2026-08-21T03:33:15+00:00,일괄공시 단독으로는 이벤트를 verified로 승격하지 않음.
krx-notice-match:e70cb160f65b8a5a,,krx-notice-evidence:529d33c611006ab7,,452360,,krx:kind:distribution_notice:20260729:20260729002071,1,unmatched,no_issuer_candidate_with_equal_distribution_amount,2026-08-21T03:33:15+00:00,2026-08-21T03:33:15+00:00,일괄공시 단독으로는 이벤트를 verified로 승격하지 않음.
krx-notice-match:e796bf1ad94c51c6,,krx-notice-evidence:73ce1b376e49756c,,446770,,krx:kind:distribution_notice:20260729:20260729002071,1,unmatched,no_issuer_candidate_with_equal_distribution_amount,2026-08-21T03:33:15+00:00,2026-08-21T03:33:15+00:00,일괄공시 단독으로는 이벤트를 verified로 승격하지 않음.
krx-notice-match:e79c8fef665a5615,candidate:83a654b9f654f436ac1a,krx-notice-evidence:52d0e49c64491c57,,0144L0,issuer:kodex:notice:20260728:monthend,krx:kind:distribution_notice:20260729:20260729002071,1,amount_and_schedule_matched,ticker_exact_and_distribution_amount_equal,2026-08-21T03:33:15+00:00,2026-08-21T03:33:15+00:00,운용사 후보 금액과 KRX KIND 일괄공시 금액이 일치. 이 증거만으로는 분배락 적용일·기준가격이 없어 verified 이벤트를 생성하지 않음.
krx-notice-match:e89468f39ffb295f,,krx-notice-evidence:2f0b46530de09dba,,480310,,krx:kind:distribution_notice:20260729:20260729000622,1,unmatched,no_issuer_candidate_with_equal_distribution_amount,2026-08-21T03:33:15+00:00,2026-08-21T03:33:15+00:00,일괄공시 단독으로는 이벤트를 verified로 승격하지 않음.
krx-notice-match:e8d4a92dbad4efe1,,krx-notice-evidence:e3d8baa377548422,,494330,,krx:kind:distribution_notice:20260729:20260729002071,1,unmatched,no_issuer_candidate_with_equal_distribution_amount,2026-08-21T03:33:15+00:00,2026-08-21T03:33:15+00:00,일괄공시 단독으로는 이벤트를 verified로 승격하지 않음.
krx-notice-match:ea23f49bb35dfdee,,krx-notice-evidence:3dd85c609d3f96a5,,399110,,krx:kind:distribution_notice:20260729:20260729002071,1,unmatched,no_issuer_candidate_with_equal_distribution_amount,2026-08-21T03:33:15+00:00,2026-08-21T03:33:15+00:00,일괄공시 단독으로는 이벤트를 verified로 승격하지 않음.
krx-notice-match:ea2bc8715b84a7c7,candidate:207b5b2ec2951fd9db86,krx-notice-evidence:a7ca1e6946556ff1,,279540,issuer:kodex:notice:20260728:monthend,krx:kind:distribution_notice:20260729:20260729002071,1,amount_and_schedule_matched,ticker_exact_and_distribution_amount_equal,2026-08-21T03:33:15+00:00,2026-08-21T03:33:15+00:00,운용사 후보 금액과 KRX KIND 일괄공시 금액이 일치. 이 증거만으로는 분배락 적용일·기준가격이 없어 verified 이벤트를 생성하지 않음.
krx-notice-match:ea684f8d1fcd70f5,,krx-notice-evidence:227456405f1bc833,,476690,,krx:kind:distribution_notice:20260729:20260729000622,1,unmatched,no_issuer_candidate_with_equal_distribution_amount,2026-08-21T03:33:15+00:00,2026-08-21T03:33:15+00:00,일괄공시 단독으로는 이벤트를 verified로 승격하지 않음.
krx-notice-match:ebb99a11e2e9d9ce,,krx-notice-evidence:829dff0bc3aa2c8f,,466940,,krx:kind:distribution_notice:20260729:20260729000622,1,unmatched,no_issuer_candidate_with_equal_distribution_amount,2026-08-21T03:33:15+00:00,2026-08-21T03:33:15+00:00,일괄공시 단독으로는 이벤트를 verified로 승격하지 않음.
krx-notice-match:ebdab92769be59f0,candidate:e664e47669768bf1c085,krx-notice-evidence:86ec7b75f266a837,,0173Y0,issuer:kodex:notice:20260728:monthend,krx:kind:distribution_notice:20260729:20260729002071,1,amount_and_schedule_matched,ticker_exact_and_distribution_amount_equal,2026-08-21T03:33:15+00:00,2026-08-21T03:33:15+00:00,운용사 후보 금액과 KRX KIND 일괄공시 금액이 일치. 이 증거만으로는 분배락 적용일·기준가격이 없어 verified 이벤트를 생성하지 않음.
krx-notice-match:ebe9fd2b5a5f7dc7,,krx-notice-evidence:42d3fd4c78257881,,447660,,krx:kind:distribution_notice:20260729:20260729000622,1,unmatched,no_issuer_candidate_with_equal_distribution_amount,2026-08-21T03:33:15+00:00,2026-08-21T03:33:15+00:00,일괄공시 단독으로는 이벤트를 verified로 승격하지 않음.
krx-notice-match:ecb134dd8552166e,candidate:288b0c5ec6e77131b4f1,krx-notice-evidence:6a121ce87852b467,,0065G0,issuer:kodex:notice:20260728:monthend,krx:kind:distribution_notice:20260729:20260729002071,1,amount_and_schedule_matched,ticker_exact_and_distribution_amount_equal,2026-08-21T03:33:15+00:00,2026-08-21T03:33:15+00:00,운용사 후보 금액과 KRX KIND 일괄공시 금액이 일치. 이 증거만으로는 분배락 적용일·기준가격이 없어 verified 이벤트를 생성하지 않음.
krx-notice-match:ed9d9eb85a7f406c,,krx-notice-evidence:086be0c1014df045,,139280,,krx:kind:distribution_notice:20260729:20260729000622,1,unmatched,no_issuer_candidate_with_equal_distribution_amount,2026-08-21T03:33:15+00:00,2026-08-21T03:33:15+00:00,일괄공시 단독으로는 이벤트를 verified로 승격하지 않음.
krx-notice-match:eef9484ee6c2f5f4,,krx-notice-evidence:21170976c0e516a4,,0089B0,,krx:kind:distribution_notice:20260729:20260729000622,1,unmatched,no_issuer_candidate_with_equal_distribution_amount,2026-08-21T03:33:15+00:00,2026-08-21T03:33:15+00:00,일괄공시 단독으로는 이벤트를 verified로 승격하지 않음.
krx-notice-match:ef54d4eddebf0746,,krx-notice-evidence:6840e898fbb7d5ae,,494410,,krx:kind:distribution_notice:20260729:20260729000622,1,unmatched,no_issuer_candidate_with_equal_distribution_amount,2026-08-21T03:33:15+00:00,2026-08-21T03:33:15+00:00,일괄공시 단독으로는 이벤트를 verified로 승격하지 않음.
krx-notice-match:ef584e8f7d656cdb,,krx-notice-evidence:6b4ee0b7d8ccb143,,161510,,krx:kind:distribution_notice:20260729:20260729000622,1,unmatched,no_issuer_candidate_with_equal_distribution_amount,2026-08-21T03:33:15+00:00,2026-08-21T03:33:15+00:00,일괄공시 단독으로는 이벤트를 verified로 승격하지 않음.
krx-notice-match:ef9d2c7306771c66,,krx-notice-evidence:82659ad66520e1ed,,0000D0,,krx:kind:distribution_notice:20260729:20260729000622,1,unmatched,no_issuer_candidate_with_equal_distribution_amount,2026-08-21T03:33:15+00:00,2026-08-21T03:33:15+00:00,일괄공시 단독으로는 이벤트를 verified로 승격하지 않음.
krx-notice-match:f003e85f4561a812,candidate:410de5e7b16458e9b5a6,krx-notice-evidence:60f58b497595a60a,,283580,issuer:kodex:notice:20260728:monthend,krx:kind:distribution_notice:20260729:20260729002071,1,amount_and_schedule_matched,ticker_exact_and_distribution_amount_equal,2026-08-21T03:33:15+00:00,2026-08-21T03:33:15+00:00,운용사 후보 금액과 KRX KIND 일괄공시 금액이 일치. 이 증거만으로는 분배락 적용일·기준가격이 없어 verified 이벤트를 생성하지 않음.
krx-notice-match:f07c1f00bda524e1,candidate:06f815a571b38b846805,krx-notice-evidence:e9de88e05583a3df,,455030,issuer:kodex:notice:20260728:monthend,krx:kind:distribution_notice:20260729:20260729002071,1,amount_and_schedule_matched,ticker_exact_and_distribution_amount_equal,2026-08-21T03:33:15+00:00,2026-08-21T03:33:15+00:00,운용사 후보 금액과 KRX KIND 일괄공시 금액이 일치. 이 증거만으로는 분배락 적용일·기준가격이 없어 verified 이벤트를 생성하지 않음.
krx-notice-match:f1c7153837e9afea,candidate:bf56798952b0a3ded3fc,krx-notice-evidence:c3a9e1adf513287b,,251350,issuer:kodex:notice:20260728:monthend,krx:kind:distribution_notice:20260729:20260729002071,1,amount_and_schedule_matched,ticker_exact_and_distribution_amount_equal,2026-08-21T03:33:15+00:00,2026-08-21T03:33:15+00:00,운용사 후보 금액과 KRX KIND 일괄공시 금액이 일치. 이 증거만으로는 분배락 적용일·기준가격이 없어 verified 이벤트를 생성하지 않음.
krx-notice-match:f29ed05dbfdf67a3,,krx-notice-evidence:0603c90d0ffe5d02,,483030,,krx:kind:distribution_notice:20260729:20260729000622,1,unmatched,no_issuer_candidate_with_equal_distribution_amount,2026-08-21T03:33:15+00:00,2026-08-21T03:33:15+00:00,일괄공시 단독으로는 이벤트를 verified로 승격하지 않음.
krx-notice-match:f33c93a5ef5b4667,,krx-notice-evidence:8ab157d3408dcdbd,,251590,,krx:kind:distribution_notice:20260729:20260729000622,1,unmatched,no_issuer_candidate_with_equal_distribution_amount,2026-08-21T03:33:15+00:00,2026-08-21T03:33:15+00:00,일괄공시 단독으로는 이벤트를 verified로 승격하지 않음.
krx-notice-match:f3689ad0b33a4dbb,candidate:a79dd925bcbc22fa4bb5,krx-notice-evidence:fbc555bae82b2556,,388420,issuer:rise:notice:20260728:monthend,krx:kind:distribution_notice:20260729:20260729000622,1,amount_and_schedule_matched,ticker_exact_and_distribution_amount_equal,2026-08-21T03:33:15+00:00,2026-08-21T03:33:15+00:00,운용사 후보 금액과 KRX KIND 일괄공시 금액이 일치. 이 증거만으로는 분배락 적용일·기준가격이 없어 verified 이벤트를 생성하지 않음.
krx-notice-match:f43a511cd3f18b89,,krx-notice-evidence:e991324f73b572c1,,482730,,krx:kind:distribution_notice:20260729:20260729000622,1,unmatched,no_issuer_candidate_with_equal_distribution_amount,2026-08-21T03:33:15+00:00,2026-08-21T03:33:15+00:00,일괄공시 단독으로는 이벤트를 verified로 승격하지 않음.
krx-notice-match:f4446e3e77efd57c,,krx-notice-evidence:c0de2ada415e7b32,,314700,,krx:kind:distribution_notice:20260729:20260729000622,1,unmatched,no_issuer_candidate_with_equal_distribution_amount,2026-08-21T03:33:15+00:00,2026-08-21T03:33:15+00:00,일괄공시 단독으로는 이벤트를 verified로 승격하지 않음.
krx-notice-match:f4535dec30bdaa37,,krx-notice-evidence:9f40f61e478d505c,,152100,,krx:kind:distribution_notice:20260729:20260729000622,1,unmatched,no_issuer_candidate_with_equal_distribution_amount,2026-08-21T03:33:15+00:00,2026-08-21T03:33:15+00:00,일괄공시 단독으로는 이벤트를 verified로 승격하지 않음.
krx-notice-match:f4eb6ac72c94c6be,,krx-notice-evidence:373606b1693d013b,,449780,,krx:kind:distribution_notice:20260729:20260729000622,1,unmatched,no_issuer_candidate_with_equal_distribution_amount,2026-08-21T03:33:15+00:00,2026-08-21T03:33:15+00:00,일괄공시 단독으로는 이벤트를 verified로 승격하지 않음.
krx-notice-match:f51d7e60985da0c6,candidate:d070cc43d03211081fde,krx-notice-evidence:05ba3a75a5136c69,,495940,issuer:rise:notice:20260728:monthend,krx:kind:distribution_notice:20260729:20260729000622,1,amount_and_schedule_matched,ticker_exact_and_distribution_amount_equal,2026-08-21T03:33:15+00:00,2026-08-21T03:33:15+00:00,운용사 후보 금액과 KRX KIND 일괄공시 금액이 일치. 이 증거만으로는 분배락 적용일·기준가격이 없어 verified 이벤트를 생성하지 않음.
krx-notice-match:f5804633118810bf,,krx-notice-evidence:651c20f5fd595ee3,,460960,,krx:kind:distribution_notice:20260729:20260729002071,1,unmatched,no_issuer_candidate_with_equal_distribution_amount,2026-08-21T03:33:15+00:00,2026-08-21T03:33:15+00:00,일괄공시 단독으로는 이벤트를 verified로 승격하지 않음.
krx-notice-match:f5e1e31a2ad0f758,candidate:b75d5006c97128593256,krx-notice-evidence:90f967cc815a97bd,,140710,issuer:kodex:notice:20260728:monthend,krx:kind:distribution_notice:20260729:20260729002071,1,amount_and_schedule_matched,ticker_exact_and_distribution_amount_equal,2026-08-21T03:33:15+00:00,2026-08-21T03:33:15+00:00,운용사 후보 금액과 KRX KIND 일괄공시 금액이 일치. 이 증거만으로는 분배락 적용일·기준가격이 없어 verified 이벤트를 생성하지 않음.
krx-notice-match:f624f30af2305081,candidate:0046a84efac6432a8747,krx-notice-evidence:5ef2518183594ef2,,459580,issuer:kodex:notice:20260728:monthend,krx:kind:distribution_notice:20260729:20260729002071,1,amount_and_schedule_matched,ticker_exact_and_distribution_amount_equal,2026-08-21T03:33:15+00:00,2026-08-21T03:33:15+00:00,운용사 후보 금액과 KRX KIND 일괄공시 금액이 일치. 이 증거만으로는 분배락 적용일·기준가격이 없어 verified 이벤트를 생성하지 않음.
krx-notice-match:f6bc61f40229d2cb,candidate:c99ed5437c89f0842dec,krx-notice-evidence:33d4c0ab4b9424b8,,483290,issuer:kodex:notice:20260728:monthend,krx:kind:distribution_notice:20260729:20260729002071,1,amount_and_schedule_matched,ticker_exact_and_distribution_amount_equal,2026-08-21T03:33:15+00:00,2026-08-21T03:33:15+00:00,운용사 후보 금액과 KRX KIND 일괄공시 금액이 일치. 이 증거만으로는 분배락 적용일·기준가격이 없어 verified 이벤트를 생성하지 않음.
krx-notice-match:f6c1ff7b2a83ad11,candidate:e5c7322f7f4ba6120886,krx-notice-evidence:241571f3148f7ff6,,472830,issuer:rise:notice:20260728:monthend,krx:kind:distribution_notice:20260729:20260729000622,1,amount_and_schedule_matched,ticker_exact_and_distribution_amount_equal,2026-08-21T03:33:15+00:00,2026-08-21T03:33:15+00:00,운용사 후보 금액과 KRX KIND 일괄공시 금액이 일치. 이 증거만으로는 분배락 적용일·기준가격이 없어 verified 이벤트를 생성하지 않음.
krx-notice-match:f836e1755c03ac8b,candidate:2f9a060e53ac7f7f2fa4,krx-notice-evidence:fee6605ecdfa7a68,,0036R0,issuer:rise:notice:20260728:monthend,krx:kind:distribution_notice:20260729:20260729000622,1,amount_and_schedule_matched,ticker_exact_and_distribution_amount_equal,2026-08-21T03:33:15+00:00,2026-08-21T03:33:15+00:00,운용사 후보 금액과 KRX KIND 일괄공시 금액이 일치. 이 증거만으로는 분배락 적용일·기준가격이 없어 verified 이벤트를 생성하지 않음.
krx-notice-match:f840045ed7ed5f31,,krx-notice-evidence:f0c2634e9b2d4113,,0127V0,,krx:kind:distribution_notice:20260729:20260729000622,1,unmatched,no_issuer_candidate_with_equal_distribution_amount,2026-08-21T03:33:15+00:00,2026-08-21T03:33:15+00:00,일괄공시 단독으로는 이벤트를 verified로 승격하지 않음.
krx-notice-match:f867f58c42220882,,krx-notice-evidence:30b2a54ce25a99da,,316300,,krx:kind:distribution_notice:20260729:20260729002071,1,unmatched,no_issuer_candidate_with_equal_distribution_amount,2026-08-21T03:33:15+00:00,2026-08-21T03:33:15+00:00,일괄공시 단독으로는 이벤트를 verified로 승격하지 않음.
krx-notice-match:f8ed2d8f72d48c9a,candidate:50d18577e72051afb483,krx-notice-evidence:e2a8c2dac1d8d816,,463690,issuer:kodex:notice:20260728:monthend,krx:kind:distribution_notice:20260729:20260729002071,1,amount_and_schedule_matched,ticker_exact_and_distribution_amount_equal,2026-08-21T03:33:15+00:00,2026-08-21T03:33:15+00:00,운용사 후보 금액과 KRX KIND 일괄공시 금액이 일치. 이 증거만으로는 분배락 적용일·기준가격이 없어 verified 이벤트를 생성하지 않음.
krx-notice-match:f9ee9d157fed5029,,krx-notice-evidence:7b3f837ce0c55b63,,252000,,krx:kind:distribution_notice:20260729:20260729000622,1,unmatched,no_issuer_candidate_with_equal_distribution_amount,2026-08-21T03:33:15+00:00,2026-08-21T03:33:15+00:00,일괄공시 단독으로는 이벤트를 verified로 승격하지 않음.
krx-notice-match:fb9244f4bb0e9380,candidate:c53945e656e299986d17,krx-notice-evidence:f970e8ae20441c61,,325020,issuer:kodex:notice:20260728:monthend,krx:kind:distribution_notice:20260729:20260729002071,1,amount_and_schedule_matched,ticker_exact_and_distribution_amount_equal,2026-08-21T03:33:15+00:00,2026-08-21T03:33:15+00:00,운용사 후보 금액과 KRX KIND 일괄공시 금액이 일치. 이 증거만으로는 분배락 적용일·기준가격이 없어 verified 이벤트를 생성하지 않음.
krx-notice-match:fc3728f1723ccf9a,,krx-notice-evidence:a9c7e4e86925ec78,,0178H0,,krx:kind:distribution_notice:20260729:20260729002071,1,unmatched,no_issuer_candidate_with_equal_distribution_amount,2026-08-21T03:33:15+00:00,2026-08-21T03:33:15+00:00,일괄공시 단독으로는 이벤트를 verified로 승격하지 않음.
krx-notice-match:fc45cf6b10985043,,krx-notice-evidence:ea814148761a2305,,0104P0,,krx:kind:distribution_notice:20260729:20260729000622,1,unmatched,no_issuer_candidate_with_equal_distribution_amount,2026-08-21T03:33:15+00:00,2026-08-21T03:33:15+00:00,일괄공시 단독으로는 이벤트를 verified로 승격하지 않음.
krx-notice-match:fc75c3281f2f9d25,,krx-notice-evidence:00cdbe2d641fa143,,332610,,krx:kind:distribution_notice:20260729:20260729000622,1,unmatched,no_issuer_candidate_with_equal_distribution_amount,2026-08-21T03:33:15+00:00,2026-08-21T03:33:15+00:00,일괄공시 단독으로는 이벤트를 verified로 승격하지 않음.
krx-notice-match:fc9860e9efdba5e5,candidate:df10b3054776f0f4ca7a,krx-notice-evidence:ba6111fb72c23494,,298770,issuer:kodex:notice:20260728:monthend,krx:kind:distribution_notice:20260729:20260729002071,1,amount_and_schedule_matched,ticker_exact_and_distribution_amount_equal,2026-08-21T03:33:15+00:00,2026-08-21T03:33:15+00:00,운용사 후보 금액과 KRX KIND 일괄공시 금액이 일치. 이 증거만으로는 분배락 적용일·기준가격이 없어 verified 이벤트를 생성하지 않음.
krx-notice-match:fdc2d6a031cd6558,candidate:6efa91087b6f51ce1404,krx-notice-evidence:b2d3d95201597d90,,289040,issuer:kodex:notice:20260728:monthend,krx:kind:distribution_notice:20260729:20260729002071,1,amount_and_schedule_matched,ticker_exact_and_distribution_amount_equal,2026-08-21T03:33:15+00:00,2026-08-21T03:33:15+00:00,운용사 후보 금액과 KRX KIND 일괄공시 금액이 일치. 이 증거만으로는 분배락 적용일·기준가격이 없어 verified 이벤트를 생성하지 않음.
krx-notice-match:fdce7d62099b8026,candidate:9caf6b1b2ec0f400df63,krx-notice-evidence:b0970c4dbb1fa47e,,390400,issuer:kodex:notice:20260728:monthend,krx:kind:distribution_notice:20260729:20260729002071,1,amount_and_schedule_matched,ticker_exact_and_distribution_amount_equal,2026-08-21T03:33:15+00:00,2026-08-21T03:33:15+00:00,운용사 후보 금액과 KRX KIND 일괄공시 금액이 일치. 이 증거만으로는 분배락 적용일·기준가격이 없어 verified 이벤트를 생성하지 않음.
krx-notice-match:fee8dd9cd83e4ba1,candidate:9a5dd5a0a44da2d60901,krx-notice-evidence:7423a91d4f062ab5,,463300,issuer:rise:notice:20260728:monthend,krx:kind:distribution_notice:20260729:20260729000622,1,amount_and_schedule_matched,ticker_exact_and_distribution_amount_equal,2026-08-21T03:33:15+00:00,2026-08-21T03:33:15+00:00,운용사 후보 금액과 KRX KIND 일괄공시 금액이 일치. 이 증거만으로는 분배락 적용일·기준가격이 없어 verified 이벤트를 생성하지 않음.
krx-notice-match:ff6b1063c48e8a28,candidate:51ba21402a73b94674c4,krx-notice-evidence:38ef5d3e79934fd6,,475350,issuer:rise:notice:20260728:monthend,krx:kind:distribution_notice:20260729:20260729000622,1,amount_and_schedule_matched,ticker_exact_and_distribution_amount_equal,2026-08-21T03:33:15+00:00,2026-08-21T03:33:15+00:00,운용사 후보 금액과 KRX KIND 일괄공시 금액이 일치. 이 증거만으로는 분배락 적용일·기준가격이 없어 verified 이벤트를 생성하지 않음.
