ticker,name,close_20260929,r_1m,r_2m,r_3m,r_6m,r_12m,new_12m,new_3m,r_1d,r_1w,r_2w,r_24m,r_36m,r_itd,new_90d,itd_anchor_close,r_ytd,itd_anchor_date,itd_latest_date,itd_latest_close,itd_return_type,itd_source,itd_verified_at,itd_quality_status
0000D0,TIGER 엔비디아미국채커버드콜밸런스(합성),8620,-5.07,-9.41,-15.53,-12.93,-11.59,,N,-1.54,-3.25,-0.63,,,,N,,-12.31,,2026-09-29,8620.0,,,,not_applicable_not_recent_listing
0000H0,KODEX 인도Nifty미드캡100,9575,-8.77,-12.08,-17.31,-4.2,-7.17,,N,-1.59,-4.63,-3.77,,,,N,,-13.03,,2026-09-29,9575.0,,,,not_applicable_not_recent_listing
0000J0,PLUS 한화그룹주,27695,-6.77,26,-6.66,-23.6,7.26,,N,-0.72,-0.91,0.11,,,,N,,11.67,,2026-09-29,27695.0,,,,not_applicable_not_recent_listing
0000Y0,HK 26-12 회사채(AA-이상)액티브,102065,0.24,0.5,0.75,1.41,-0.68,,N,0,0.01,0.1,,,,N,,2,,2026-09-29,102065.0,,,,not_applicable_not_recent_listing
0000Z0,RISE 바이오TOP10액티브,8100,-15.58,4.52,-31.5,-56.96,-37.45,,N,-0.12,0.93,-1.16,,,,N,,-47.33,,2026-09-29,8100.0,,,,not_applicable_not_recent_listing
0001P0,마이티 바이오시밀러&CDMO액티브,8610,-11.15,5.32,-16.73,-39.07,-12.01,,N,-0.23,1.53,0.7,,,,N,,-28.4,,2026-09-29,8610.0,,,,not_applicable_not_recent_listing
0002C0,에셋플러스 인도일등기업포커스20액티브,9860,-2.28,1.02,-7.29,12.69,-4.09,,N,-1.15,-2.67,-0.35,,,,N,,-4.41,,2026-09-29,9860.0,,,,not_applicable_not_recent_listing
0004G0,1Q 미국배당TOP30,8600,-6.16,-12.96,-11.16,-7.92,-6.52,,N,-0.46,-0.46,-2.16,,,,N,,-4.28,,2026-09-29,8600.0,,,,not_applicable_not_recent_listing
0005A0,KODEX 미국S&P500데일리커버드콜OTM,9090,-3.14,-7.48,-13.1,-5.9,-4.16,,N,-2.05,-2.62,-0.98,,,,N,,-7.29,,2026-09-29,9090.0,,,,not_applicable_not_recent_listing
0005C0,RISE 미국S&P500엔화노출(합성 H),11140,-0.49,0.77,-6.03,6.15,-0.18,,N,0.09,-0.89,-0.71,,,,N,,1.64,,2026-09-29,11140.0,,,,not_applicable_not_recent_listing
0005D0,SOL 전고체배터리&실리콘음극재,14700,-3,37.32,-12.6,-21.73,38.68,,N,-1.31,1.91,-0.47,,,,N,,17.22,,2026-09-29,14700.0,,,,not_applicable_not_recent_listing
0005G0,IBK K-AI반도체코어테크,55100,9.42,46.68,-15.59,88.38,267.58,,N,2.8,1.23,12.38,,,,N,,165.22,,2026-09-29,55100.0,,,,not_applicable_not_recent_listing
0007F0,KODEX 27-12 회사채(AA-이상)액티브,10180,-0.1,0.39,0.74,1.34,-0.88,,N,-0.05,-0.05,-0.05,,,,N,,0.69,,2026-09-29,10180.0,,,,not_applicable_not_recent_listing
0007G0,PLUS 글로벌원자력밸류체인,12050,-16.58,-10.28,-23.88,-26.7,-21.06,,N,-1.83,-6.08,-5.12,,,,N,,-14.51,,2026-09-29,12050.0,,,,not_applicable_not_recent_listing
0007N0,아이엠에셋 200,110725,2.49,22.57,-19.39,35.04,128.96,,N,0.58,-1.58,5.58,,,,N,,79.24,,2026-09-29,110725.0,,,,not_applicable_not_recent_listing
0008E0,ACE 미국중심중소형제조업,11185,-9.18,-14.68,-29.68,-13.29,1.91,,N,-0.67,-2.1,-0.31,,,,N,,-2.99,,2026-09-29,11185.0,,,,not_applicable_not_recent_listing
0008S0,TIGER 미국배당다우존스타겟데일리커버드콜,9385,-6.76,-10.23,-12.21,-8.35,6.41,,N,-1.31,-1.57,-3.05,,,,N,,3.99,,2026-09-29,9385.0,,,,not_applicable_not_recent_listing
0008T0,SOL 화장품TOP3플러스,17395,-16.35,21.35,24.7,21.26,17.93,,N,0.06,0.03,-1.08,,,,N,,43.29,,2026-09-29,17395.0,,,,not_applicable_not_recent_listing
0013P0,RISE 미국은행TOP10,11660,-8.51,-14.11,-15.29,2.06,4.95,,N,-2.43,-5.16,-6.65,,,,N,,-4.7,,2026-09-29,11660.0,,,,not_applicable_not_recent_listing
0013R0,RISE 테슬라미국채타겟커버드콜혼합(합성),7420,-4.99,-9.24,-21.19,-21.85,-23.23,,N,-3.57,-5.05,-2.56,,,,N,,-24.67,,2026-09-29,7420.0,,,,not_applicable_not_recent_listing
0015B0,KoAct 미국나스닥성장기업액티브,19175,4.78,7.33,-20.91,18.47,49.45,,N,-1.06,-1.08,7.18,,,,N,,37.06,,2026-09-29,19175.0,,,,not_applicable_not_recent_listing
0015E0,KIWOOM 엔비디아미국30년국채혼합액티브(H),10285,-3.47,-1.72,-3.83,-0.53,-3.61,,N,-0.34,-2.47,-0.39,,,,N,,-3.58,,2026-09-29,10285.0,,,,not_applicable_not_recent_listing
0015F0,KIWOOM 팔란티어미국30년국채혼합액티브(H),10350,-3.63,4.7,3.81,0.19,-6.5,,N,-0.91,-2.17,-0.24,,,,N,,-5.82,,2026-09-29,10350.0,,,,not_applicable_not_recent_listing
0015K0,TIGER 미국소비트렌드액티브,6765,-4.85,-7.58,-11.74,-5.65,-22.64,,N,-0.81,-2.45,-1.96,,,,N,,-18.05,,2026-09-29,6765.0,,,,not_applicable_not_recent_listing
0016X0,SOL 중단기회사채(A-이상)액티브,51490,-0.02,0.39,0.77,1.49,0.6,,N,0.04,-0.04,0.02,,,,N,,1.59,,2026-09-29,51490.0,,,,not_applicable_not_recent_listing
0017Y0,1Q 종합채권(AA-이상)액티브,93885,-0.41,-0.09,-0.38,-1.68,-7.15,,N,0.64,-0.08,0.85,,,,N,,-4.35,,2026-09-29,93885.0,,,,not_applicable_not_recent_listing
0018C0,PLUS 고배당주위클리고정커버드콜,10500,-4.15,1.74,2.44,-19.88,-10.45,,N,-0.47,0.24,-1.55,,,,N,,-11.21,,2026-09-29,10500.0,,,,not_applicable_not_recent_listing
0018Z0,RISE 미국양자컴퓨팅,17920,-0.94,6.7,-15.01,20.27,9.97,,N,-1.21,-0.78,3.61,,,,N,,12.21,,2026-09-29,17920.0,,,,not_applicable_not_recent_listing
0019K0,TIME 미국나스닥100채권혼합50액티브,13355,1.56,3.93,-8.78,12.46,16.54,,N,-0.85,-0.3,2.93,,,,N,,16.74,,2026-09-29,13355.0,,,,not_applicable_not_recent_listing
0020H0,KoAct 글로벌양자컴퓨팅액티브,22180,3.09,9.42,-23.54,29.1,20.77,,N,-0.67,-0.47,8.75,,,,N,,16.37,,2026-09-29,22180.0,,,,not_applicable_not_recent_listing
0022T0,SOL 국제금커버드콜액티브,12135,-11.13,-5.49,-11.62,-18.26,0.04,,N,-1.62,-4.71,-4.07,,,,N,,-13.38,,2026-09-29,12135.0,,,,not_applicable_not_recent_listing
0023A0,SOL 미국양자컴퓨팅TOP10,23735,-1.58,2.75,-27.05,9.33,-5.7,,N,-1.02,-1.98,4.51,,,,N,,-9.06,,2026-09-29,23735.0,,,,not_applicable_not_recent_listing
0023B0,PLUS 미국양자컴퓨팅TOP10,16130,-1.07,10.14,-18.41,18.95,-11.57,,N,-1.8,-0.95,4.54,,,,N,,-5.15,,2026-09-29,16130.0,,,,not_applicable_not_recent_listing
0025N0,TIGER TDF2045 적격,11825,-1.62,-2.19,-7.58,3.91,6.44,,N,-0.92,-1.05,0.47,,,,N,,3.28,,2026-09-29,11825.0,,,,not_applicable_not_recent_listing
0026E0,KODEX 미국S&P500버퍼3월액티브,11560,-1.32,-2.94,-8.58,1.4,10.99,,N,-0.56,-0.34,0.17,,,,N,,6.06,,2026-09-29,11560.0,,,,not_applicable_not_recent_listing
0026S0,1Q 미국S&P500,12615,-1.94,-3.18,-8.72,5.7,11.1,,N,-0.98,-1.25,0.8,,,,N,,4.39,,2026-09-29,12615.0,,,,not_applicable_not_recent_listing
0028X0,KODEX 미국금융테크액티브,10935,-9.78,-9.96,-6.94,0.51,-11.56,,N,-1.93,-2.97,-4.62,,,,N,,-13.04,,2026-09-29,10935.0,,,,not_applicable_not_recent_listing
0035T0,PLUS 글로벌휴머노이드로봇액티브,19085,-0.5,5.15,-15.18,0.5,33,,N,-1.01,-1.37,0.53,,,,N,,6.32,,2026-09-29,19085.0,,,,not_applicable_not_recent_listing
0036R0,RISE 미국휴머노이드로봇,19710,4.65,3.44,-14.06,21.25,39.84,,N,-1.25,-1.55,5.4,,,,N,,24.31,,2026-09-29,19710.0,,,,not_applicable_not_recent_listing
0036Z0,RISE 미국천연가스밸류체인,11895,-4.07,-9.23,-13.33,-16.53,8.53,,N,0.21,-0.88,-3.33,,,,N,,12.96,,2026-09-29,11895.0,,,,not_applicable_not_recent_listing
0038A0,KODEX 미국휴머노이드로봇,15295,3.03,3.91,-14.6,-1.1,4.69,,N,-1.1,-0.81,5.63,,,,N,,-3.59,,2026-09-29,15295.0,,,,not_applicable_not_recent_listing
0040S0,HANARO 글로벌피지컬AI액티브,23250,-2.29,7.34,-20.86,24.8,53.16,,N,-2.47,-2.08,0.85,,,,N,,44.28,,2026-09-29,23250.0,,,,not_applicable_not_recent_listing
0040X0,SOL 팔란티어미국채커버드콜혼합,9080,-4.77,-0.49,-5.22,-14.82,-21.45,,N,-2.94,-3.09,-0.55,,,,N,,-19.79,,2026-09-29,9080.0,,,,not_applicable_not_recent_listing
0040Y0,SOL 팔란티어커버드콜OTM채권혼합,7885,-3.55,-1.25,-1.13,-14.76,-22.08,,N,-3.19,-2.41,0,,,,N,,-20.79,,2026-09-29,7885.0,,,,not_applicable_not_recent_listing
0041D0,KODEX 미국AI소프트웨어TOP10,13995,2.68,18.95,12.64,18.25,-10.17,,N,-1.06,-0.21,1.93,,,,N,,-8.53,,2026-09-29,13995.0,,,,not_applicable_not_recent_listing
0041E0,KODEX 미국S&P500액티브,16070,-0.4,-0.28,-12.19,14.83,24.04,,N,-1.23,-1.2,2.91,,,,N,,14.7,,2026-09-29,16070.0,,,,not_applicable_not_recent_listing
0043B0,TIGER 머니마켓액티브,103800,0.29,0.62,0.94,1.74,2.47,,N,0.01,0.04,0.14,,,,N,,2.49,,2026-09-29,103800.0,,,,not_applicable_not_recent_listing
0043Y0,TIME 차이나AI테크액티브,18670,-7.16,0.32,-29.89,15,30.29,,N,-1.16,-5.47,2.61,,,,N,,30.2,,2026-09-29,18670.0,,,,not_applicable_not_recent_listing
0046A0,TIGER 미국초단기(3개월이하)국채,9380,-1.11,-6.53,-12.01,-10.28,-3.1,,N,-0.74,-0.27,-0.27,,,,N,,-5.92,,2026-09-29,9380.0,,,,not_applicable_not_recent_listing
0046Y0,ACE 미국배당퀄리티,12245,-2.55,-4.63,-9.13,0.25,8.31,,N,-0.85,-0.89,0.08,,,,N,,2.94,,2026-09-29,12245.0,,,,not_applicable_not_recent_listing
0047A0,TIGER 차이나테크TOP10,11725,-9.46,-13.47,-22.07,-0.21,-13.15,,N,-1.22,-7.31,-4.05,,,,N,,-3.38,,2026-09-29,11725.0,,,,not_applicable_not_recent_listing
0047N0,PLUS 차이나AI테크TOP10,8940,-11.13,-16.88,-15.02,-19.17,-28.71,,N,-1.32,-5.4,-1.32,,,,N,,-22.76,,2026-09-29,8940.0,,,,not_applicable_not_recent_listing
0047P0,RISE 테슬라고정테크100,14480,-0.58,4.06,-8.21,9.45,8.87,,N,-1.26,-1.96,2.19,,,,N,,2.19,,2026-09-29,14480.0,,,,not_applicable_not_recent_listing
0047R0,RISE 팔란티어고정테크100,15385,-0.13,9.7,5.05,17.53,16.73,,N,-1.35,-0.55,3.95,,,,N,,8.96,,2026-09-29,15385.0,,,,not_applicable_not_recent_listing
0048J0,KODEX 미국머니마켓액티브,13500,-1.39,-6.86,-12.59,-10.66,-3.5,,N,-1.06,-0.44,-0.55,,,,N,,-6.35,,2026-09-29,13500.0,,,,not_applicable_not_recent_listing
0048K0,KODEX 차이나휴머노이드로봇,7765,-7.01,-9.92,-23.95,-21.61,-34.83,,N,-0.58,-2.57,1.24,,,,N,,-34.11,,2026-09-29,7765.0,,,,not_applicable_not_recent_listing
0049K0,ACE 미국배당퀄리티채권혼합50,10945,-1.44,-3.14,-5.65,-0.95,3.3,,N,-0.45,-0.64,0.05,,,,N,,0.46,,2026-09-29,10945.0,,,,not_applicable_not_recent_listing
0049M0,ACE 미국배당퀄리티+커버드콜액티브,11005,-1.92,-3.72,-10.38,-4.01,2.09,,N,-0.86,-0.81,0.78,,,,N,,-2.87,,2026-09-29,11005.0,,,,not_applicable_not_recent_listing
0050E0,PLUS 미국AI에이전트,8030,-7.38,0.5,-4.35,4.83,-18.31,,N,-1.17,-2.49,-4.58,,,,N,,-18.68,,2026-09-29,8030.0,,,,not_applicable_not_recent_listing
0051A0,KoAct 브로드컴밸류체인액티브,24215,3.9,7.17,-15.8,31.64,70.83,,N,-0.43,-1,10.22,,,,N,,47.65,,2026-09-29,24215.0,,,,not_applicable_not_recent_listing
0051G0,SOL 미국원자력SMR,11595,-16.52,-9.7,-25.36,-27.19,-32.11,,N,-1.02,-4.8,-4.09,,,,N,,-26.45,,2026-09-29,11595.0,,,,not_applicable_not_recent_listing
0052D0,TIGER 코리아배당다우존스,15350,-1.51,5.72,2.16,-2.85,24.39,,N,-0.42,-0.03,-1.06,,,,N,,15.5,,2026-09-29,15350.0,,,,not_applicable_not_recent_listing
0052S0,1Q 미국S&P500미국채혼합50액티브,11365,-1.35,-4.86,-10.62,-2.19,4.08,,N,-0.87,-0.83,0.26,,,,N,,-0.39,,2026-09-29,11365.0,,,,not_applicable_not_recent_listing
0052T0,1Q 중단기회사채(A-이상)액티브,50750,0.09,0.42,0.75,1.46,0.58,,N,0.01,-0.06,0.1,,,,N,,1.46,,2026-09-29,50750.0,,,,not_applicable_not_recent_listing
0053L0,TIGER 차이나휴머노이드로봇,8695,-9.52,-15.21,-26.28,-26.96,-38.03,,N,-0.57,-4.66,-1.08,,,,N,,-36.6,,2026-09-29,8695.0,,,,not_applicable_not_recent_listing
0053M0,더제이 중소형포커스액티브,12930,-2.53,16.28,-10.52,-5.24,26.76,Y,N,0.43,1.09,1.81,,,,N,,24.87,,2026-09-29,12930.0,,,,not_applicable_not_recent_listing
0057H0,PLUS 미국S&P500미국채혼합50액티브,11440,-1.51,-4.55,-10.34,-1.93,4.28,,N,-0.74,-0.87,0.31,,,,N,,-0.04,,2026-09-29,11440.0,,,,not_applicable_not_recent_listing
0060H0,TIGER 토탈월드스탁액티브,12380,-2.52,-3.05,-10.26,3.3,11.23,,N,-1.12,-1.59,0.53,,,,N,,4.52,,2026-09-29,12380.0,,,,not_applicable_not_recent_listing
0061Z0,RISE 단기특수은행채액티브,51100,0.23,0.48,0.74,1.44,1.49,,N,0.02,0.03,0.1,,,,N,,2.09,,2026-09-29,51100.0,,,,not_applicable_not_recent_listing
0064K0,KODEX 금액티브,11705,-11.22,-3.98,-10.51,-17.07,3.81,,N,-1.72,-4.53,-4.1,,,,N,,-11.09,,2026-09-29,11705.0,,,,not_applicable_not_recent_listing
0065G0,KODEX 차이나테크TOP10,8015,-8.19,-18.71,-15.19,-19.85,-33.65,,N,-1.54,-5.71,-2.32,,,,N,,-28.02,,2026-09-29,8015.0,,,,not_applicable_not_recent_listing
0066W0,SOL 국제금,11900,-10.56,-3.64,-10.22,-16.64,4.89,,N,-1.16,-4.19,-3.45,,,,N,,-11.03,,2026-09-29,11900.0,,,,not_applicable_not_recent_listing
0067V0,TIGER 차이나글로벌리더스TOP3+,8820,-12.93,-18.75,-23.2,-19.67,-30.71,,N,-1.56,-5.36,-3.55,,,,N,,-22.56,,2026-09-29,8820.0,,,,not_applicable_not_recent_listing
0067Y0,TIGER 차이나AI소프트웨어,9212,-13.66,-12.56,-28.06,-24.77,-30.81,,N,-0.89,-7.42,-2.16,,,,N,,-25.2,,2026-09-29,9212.0,,,,not_applicable_not_recent_listing
0068M0,KODEX 미국S&P500버퍼6월액티브,11615,-1.36,-3.21,-7.82,-0.9,6.32,,N,-0.21,-0.81,1.75,,,,N,,0.96,,2026-09-29,11615.0,,,,not_applicable_not_recent_listing
0069M0,1Q 미국나스닥100,13580,1.08,2.49,-9.59,14.26,18.4,,N,-0.77,-0.88,3.86,,,,N,,11.36,,2026-09-29,13580.0,,,,not_applicable_not_recent_listing
0072R0,TIGER KRX금현물,12120,-10.55,-2.42,-8.08,-16.3,-2.69,,N,-1.38,-3.92,-3.35,,,,N,,-12.49,,2026-09-29,12120.0,,,,not_applicable_not_recent_listing
0073X0,FOCUS 알리바바미국채커버드콜혼합,8350,-6.76,-14.01,-17.98,-22.29,-27.64,,N,-2.45,-5.11,-3.02,,,,N,,-23.67,,2026-09-29,8350.0,,,,not_applicable_not_recent_listing
0074K0,KoAct K수출핵심기업TOP30액티브,16890,-3.62,24.97,-17.55,8.55,52.92,,N,-0.03,-0.59,3.56,,,,N,,34.8,,2026-09-29,16890.0,,,,not_applicable_not_recent_listing
0078V0,PLUS 미국로보택시,8820,-8.03,-8.22,-14.41,-15.03,-31.09,Y,N,-0.51,-3.08,-1.36,,,,N,,-27.88,,2026-09-29,8820.0,,,,not_applicable_not_recent_listing
0079X0,ACE BYD밸류체인액티브,8985,-12.38,-15,-18.91,-28.15,-31.83,,N,-0.61,-4.72,-2.23,,,,N,,-28.29,,2026-09-29,8985.0,,,,not_applicable_not_recent_listing
0080G0,KODEX 방산TOP10,9750,-9.43,13.9,-14.25,-28.75,-11.44,,N,-2.45,-4.08,-1.76,,,,N,,-1.91,,2026-09-29,9750.0,,,,not_applicable_not_recent_listing
0080X0,SOL 미국S&P500미국채혼합50,10570,-3.73,-7.73,-13.11,-5.29,0,,N,-1.21,-1.45,-0.66,,,,N,,-4.56,,2026-09-29,10570.0,,,,not_applicable_not_recent_listing
0080Y0,SOL 조선TOP3플러스레버리지,7520,-16.44,2.38,-42.42,-49.87,-52.61,,N,-5.05,-9.18,-10.79,,,,N,,-51.84,,2026-09-29,7520.0,,,,not_applicable_not_recent_listing
0082F0,HANARO 유럽방산,9800,-10.05,-10.46,-6.93,-10.75,-11.99,Y,N,-0.81,-2,0.41,,,,N,,-5.18,,2026-09-29,9800.0,,,,not_applicable_not_recent_listing
0082V0,KODEX TDF2060액티브 적격,11180,-1.06,-0.04,-8.62,2.57,5.92,Y,N,-0.62,-0.89,1.68,,,,N,,1.82,,2026-09-29,11180.0,,,,not_applicable_not_recent_listing
0083S0,1Q 미국메디컬AI,12125,9.88,29.68,7.11,26.57,11.91,Y,N,0.21,2.32,16.36,,,,N,,5.11,,2026-09-29,12125.0,,,,not_applicable_not_recent_listing
0084D0,KIWOOM 미국테크100월간목표헤지액티브,11165,-2.06,-4.53,-13.05,4.54,8.5,Y,N,-1.46,-1.63,1.27,,,,N,,4.39,,2026-09-29,11165.0,,,,not_applicable_not_recent_listing
0084E0,KIWOOM 미국대형주500월간목표헤지액티브,9995,-2.25,-5.89,-12.17,-2.34,,Y,N,-0.15,-0.55,1.16,,,,N,,-0.74,,2026-09-29,9995.0,,,,not_applicable_not_recent_listing
0085N0,ACE 미국10년국채액티브(H),9425,-3.43,-4.17,-5.56,-5.42,-7.42,Y,N,-0.58,-2.03,-1.62,,,,N,,-7.23,,2026-09-29,9425.0,,,,not_applicable_not_recent_listing
0085P0,ACE 미국10년국채액티브,9325,-4.6,-9.95,-16.85,-14.65,-9.38,Y,N,-1.22,-2.05,-1.79,,,,N,,-12.07,,2026-09-29,9325.0,,,,not_applicable_not_recent_listing
0086B0,TIGER 리츠부동산인프라TOP10액티브,9485,-0.94,0.53,-1.2,-13.18,-7.51,Y,N,-0.42,0.48,0.53,,,,N,,-8.8,,2026-09-29,9485.0,,,,not_applicable_not_recent_listing
0086C0,TIGER 리츠부동산인프라10채권혼합액티브,9820,-0.2,1.24,-0.05,-5.76,-2.87,Y,N,-0.05,0.1,0.46,,,,N,,-3.68,,2026-09-29,9820.0,,,,not_applicable_not_recent_listing
0087F0,ACE 차이나AI빅테크TOP2+액티브,10920,-10.67,-20.5,-20.03,2.34,-8.54,Y,N,-0.73,-6.15,-4.08,,,,N,,-1.36,,2026-09-29,10920.0,,,,not_applicable_not_recent_listing
0088N0,WON K-글로벌수급상위,11300,3.29,28.85,-7.15,-12.37,13.62,Y,N,2.03,2.26,5.76,,,,N,,2.22,,2026-09-29,11300.0,,,,not_applicable_not_recent_listing
0089B0,PLUS 미국나스닥100미국채혼합50,11150,0.09,-1.93,-10.66,2.15,8.25,Y,N,-0.76,-0.58,1.78,,,,N,,3.29,,2026-09-29,11150.0,,,,not_applicable_not_recent_listing
0089C0,KODEX 미국S&P500변동성확대시커버드콜,11175,-2.15,-2.4,-8.18,0.49,6.84,Y,N,-1.24,-1.54,0.68,,,,N,,1.5,,2026-09-29,11175.0,,,,not_applicable_not_recent_listing
0089D0,KODEX 금융고배당TOP10,13515,-0.11,7.9,7.18,3.96,30.96,Y,N,-0.22,0.26,-0.99,,,,N,,26.37,,2026-09-29,13515.0,,,,not_applicable_not_recent_listing
0090B0,PLUS K방산소부장,7120,6.51,26.8,-14.22,-33.24,-39.53,Y,N,0.28,1.64,6.27,,,,N,,-24.5,,2026-09-29,7120.0,,,,not_applicable_not_recent_listing
0091C0,KODEX 미국10년국채액티브(H),9235,-3.75,-4.25,-5.91,-5.91,-8.47,Y,N,-0.27,-1.6,-1.28,,,,N,,-8.38,,2026-09-29,9235.0,,,,not_applicable_not_recent_listing
0091M0,HANARO 27-06 회사채(AA-이상)액티브,10160,0.05,0.4,0.54,1.2,1.4,Y,N,-0.05,0,-0.05,,,,N,,1.3,,2026-09-29,10160.0,,,,not_applicable_not_recent_listing
0091P0,TIGER 코리아원자력,16800,-7.03,37.54,-2.18,-20.15,79.58,Y,N,-4.49,-8.82,-9.29,,,,N,,59.39,,2026-09-29,16800.0,,,,not_applicable_not_recent_listing
0092B0,SOL 한국원자력SMR,15395,-5.75,33.58,-4.53,-21.75,62.05,Y,N,-3.57,-8.03,-8.44,,,,N,,44.89,,2026-09-29,15395.0,,,,not_applicable_not_recent_listing
0092C0,SOL 27-12 회사채(AA-이상)액티브,50280,-0.04,0.4,0.77,1.36,0.43,Y,N,0,-0.04,-0.08,,,,N,,1.21,,2026-09-29,50280.0,,,,not_applicable_not_recent_listing
0093A0,RISE AI반도체TOP10,36350,15.43,54.06,-11.88,19.77,168.56,Y,N,2.95,2.71,13.7,,,,N,,120.17,,2026-09-29,36350.0,,,,not_applicable_not_recent_listing
0093B0,RISE 엔비디아고정테크100,12640,-0.43,2.06,-4.42,16.12,19.64,Y,N,-1.02,-1.6,2.64,,,,N,,12.01,,2026-09-29,12640.0,,,,not_applicable_not_recent_listing
0093D0,KoAct 팔란티어밸류체인액티브,18000,1.29,15.46,-12.39,27.57,60,Y,N,-2.2,-1.69,5.26,,,,N,,43.54,,2026-09-29,18000.0,,,,not_applicable_not_recent_listing
0094K0,TIGER 28-04 회사채(A+이상)액티브,99495,-0.28,0.26,0.61,1.1,-0.32,Y,N,0.16,-0.02,0.03,,,,N,,0.1,,2026-09-29,99495.0,,,,not_applicable_not_recent_listing
0094L0,RISE 차이나테크TOP10위클리타겟커버드콜,6740,-12.52,-20.8,-14.58,-29.09,-40.06,Y,N,-1.75,-4.53,-4.13,,,,N,,-33.27,,2026-09-29,6740.0,,,,not_applicable_not_recent_listing
0094M0,RISE 코리아밸류업위클리고정커버드콜,17215,-3.45,9.65,-20.06,10.04,57.5,Y,N,-0.09,-1.46,2.65,,,,N,,34.13,,2026-09-29,17215.0,,,,not_applicable_not_recent_listing
0094X0,1Q 샤오미밸류체인액티브,7800,-7.64,-12.11,-13.53,-19.5,-29.38,Y,N,-0.95,-5.91,-1.39,,,,N,,-19.67,,2026-09-29,7800.0,,,,not_applicable_not_recent_listing
0097L0,KIWOOM 한국고배당&미국AI테크,12455,-1.74,4.01,-3.07,1.26,17.78,Y,N,-0.95,-0.24,0.28,,,,N,,13.9,,2026-09-29,12455.0,,,,not_applicable_not_recent_listing
0098F0,KODEX 원자력SMR,15530,-7.48,31.61,-5.88,-20.28,63.73,Y,N,-3.84,-8.57,-9.71,,,,N,,41.18,,2026-09-29,15530.0,,,,not_applicable_not_recent_listing
0098N0,PLUS 자사주매입고배당주,13050,-0.15,6.66,7.85,2.19,31.95,Y,N,-0.53,0.69,-0.27,,,,N,,20.33,,2026-09-29,13050.0,,,,not_applicable_not_recent_listing
0098Z0,FOCUS 200,93865,2.46,22.22,-19.73,35.57,129.41,Y,N,0.12,-2.07,4.94,,,,N,,80.63,,2026-09-29,93865.0,,,,not_applicable_not_recent_listing
0099L0,ACE 우량회사채(AA-이상)액티브,99470,-0.3,0.26,0.54,1.06,-0.55,Y,N,0.12,-0.04,-0.04,,,,N,,0.28,,2026-09-29,99470.0,,,,not_applicable_not_recent_listing
0100K0,KODEX 방산TOP10레버리지,5610,-19.05,19.62,-34.62,-58.54,-47.52,Y,N,-4.18,-7.35,-3.36,,,,N,,-31.38,,2026-09-29,5610.0,,,,not_applicable_not_recent_listing
0101N0,RISE AI전력인프라,21160,3.12,49.65,3.67,28.2,120.42,Y,N,-0.4,-1.14,6.9,,,,N,,72.73,,2026-09-29,21160.0,,,,not_applicable_not_recent_listing
0102A0,TIGER 미국AI소프트웨어TOP4Plus,8610,-6.51,15.03,7.49,10.95,-25.71,Y,N,-2.1,-2.99,-1.03,,,,N,,-18.7,,2026-09-29,8610.0,,,,not_applicable_not_recent_listing
0102X0,ACE 유럽방산TOP10,8630,-11.31,-8.58,-4.69,-17.18,-17.34,Y,N,-1.09,-3.9,-0.75,,,,N,,-5.42,,2026-09-29,8630.0,,,,not_applicable_not_recent_listing
0103T0,1Q K소버린AI,8105,-10.39,5.74,-2.41,-11.52,,Y,N,-0.98,-1.82,-2.58,,,,N,,-18.99,,2026-09-29,8105.0,,,,not_applicable_not_recent_listing
0104G0,PLUS K방산레버리지,5160,-20.8,13.41,-41.36,-62.02,,Y,N,-3.46,-7.61,-6.52,,,,N,,-37.3,,2026-09-29,5160.0,,,,not_applicable_not_recent_listing
0104H0,KoAct 미국나스닥채권혼합50액티브,11815,0.85,1.99,-11.17,6.44,,Y,N,-1.01,-1.21,3.05,,,,N,,13.88,,2026-09-29,11815.0,,,,not_applicable_not_recent_listing
0104N0,TIGER 200타겟위클리커버드콜,21135,1.71,21.22,-21.43,30.79,110.09,Y,N,0.57,-1.19,5.73,,,,N,,69.9,,2026-09-29,21135.0,,,,not_applicable_not_recent_listing
0104P0,TIGER 코리아배당다우존스위클리커버드콜,10870,-2.2,2.26,0.51,-8.08,10.64,Y,N,-1.5,-0.64,-1.58,,,,N,,6.78,,2026-09-29,10870.0,,,,not_applicable_not_recent_listing
0105D0,SOL 한국AI소프트웨어,8980,-10.02,4.36,-6.17,-8.27,-12.82,Y,N,-0.61,-1.86,-2.97,,,,N,,-14.56,,2026-09-29,8980.0,,,,not_applicable_not_recent_listing
0105E0,SOL 코리아고배당,12820,-2.4,4.78,1.3,-2.25,29.3,Y,N,-0.66,-0.39,-1.16,,,,N,,18.37,,2026-09-29,12820.0,,,,not_applicable_not_recent_listing
0107F0,KIWOOM 미국고배당&AI테크,10810,-5.09,-9.62,-13.93,-2.83,7.72,Y,N,-1.64,-2.26,-2.35,,,,N,,5.05,,2026-09-29,10810.0,,,,not_applicable_not_recent_listing
0111J0,HANARO 증권고배당TOP3플러스,11850,-6.36,0.47,-20.04,-32.48,,Y,N,-1.21,-2.63,-2.79,,,,N,,18.5,,2026-09-29,11850.0,,,,not_applicable_not_recent_listing
0111P0,1Q 미국나스닥100미국채혼합50액티브,10760,0.23,-1.69,-10.56,2.23,,Y,N,-0.6,-0.37,1.99,,,,N,,3.26,,2026-09-29,10760.0,,,,not_applicable_not_recent_listing
0112X0,마이티 200TR,41450,2.75,25.93,-19.03,36.64,,Y,N,0.45,-1.74,5.12,,,,N,,81.96,,2026-09-29,41450.0,,,,not_applicable_not_recent_listing
0113D0,TIME 글로벌탑픽액티브,11680,-2.46,-3.35,-10.02,4.47,,Y,N,-0.89,-1.77,0.17,,,,N,,17.39,,2026-09-29,11680.0,,,,not_applicable_not_recent_listing
0113G0,KoAct 미국바이오헬스케어액티브,11510,-2.46,3.37,-2.75,15.22,,Y,N,0.13,2.04,2.4,,,,N,,10.73,,2026-09-29,11510.0,,,,not_applicable_not_recent_listing
0113P0,HK 머니마켓액티브,102645,0.24,0.51,0.84,1.51,,Y,N,0.01,0.02,0.13,,,,N,,2.21,,2026-09-29,102645.0,,,,not_applicable_not_recent_listing
0114X0,RISE 글로벌게임테크TOP3Plus,8730,-0.06,4.43,4.55,11.49,,Y,N,-1.74,-3,0.63,,,,N,,-4.07,,2026-09-29,8730.0,,,,not_applicable_not_recent_listing
0115C0,RISE 미국고배당다우존스TOP10,10620,-4.92,-8.33,-12.45,-9.92,,Y,N,-0.47,-0.42,-1.58,,,,N,,0.28,,2026-09-29,10620.0,,,,not_applicable_not_recent_listing
0115D0,KODEX 조선TOP10,7130,-8.59,1.93,-20.51,-21.56,,Y,N,-2.79,-5.19,-4.93,,,,N,,-20.16,,2026-09-29,7130.0,,,,not_applicable_not_recent_listing
0115E0,KODEX 코리아소버린AI,14035,-6.56,16.86,-5.04,6.81,,Y,N,-0.81,-1.23,0.47,,,,N,,33.1,,2026-09-29,14035.0,,,,not_applicable_not_recent_listing
0117L0,KODEX 26-12 금융채(AA-이상)액티브,10180,0.25,0.49,0.74,1.39,,Y,N,0,0.05,0.1,,,,N,,2.26,,2026-09-29,10180.0,,,,not_applicable_not_recent_listing
0117V0,TIGER 코리아AI전력기기TOP3플러스,19010,-4.52,34.49,-11.54,10.14,,Y,N,0.13,-2.64,5.58,,,,N,,56.2,,2026-09-29,19010.0,,,,not_applicable_not_recent_listing
0118S0,SOL 미국넥스트테크TOP10액티브,10695,1.18,9.08,-22.33,7.11,,Y,N,-2.42,-1.93,4.39,,,,N,,25.16,,2026-09-29,10695.0,,,,not_applicable_not_recent_listing
0118Z0,ACE 미국AI테크핵심산업액티브,8585,-2.77,2.2,-11.9,4.57,,Y,N,-1.09,-2.61,2.63,,,,N,,3.25,,2026-09-29,8585.0,,,,not_applicable_not_recent_listing
0119H0,KODEX 28-12 회사채(AA-이상)액티브,9900,-0.4,0.1,0.3,0.81,,Y,N,0,-0.1,-0.1,,,,N,,-0.6,,2026-09-29,9900.0,,,,not_applicable_not_recent_listing
0120J0,BNK 카카오그룹포커스,7690,-4.71,2.81,0,-21.45,,Y,N,-0.71,0.07,-5.82,,,,N,,-26.13,,2026-09-29,7690.0,,,,not_applicable_not_recent_listing
0122W0,RISE 26-11 회사채(AA-이상)액티브,51090,0.23,0.45,0.76,1.4,,Y,N,-0,0.02,0.08,,,,N,,2.08,,2026-09-29,51090.0,,,,not_applicable_not_recent_listing
0123G0,TIGER 미국AI전력SMR,5770,-11.64,-7.38,-26.92,-20.69,,Y,N,-2.86,-5.33,-2.7,,,,N,,-20.58,,2026-09-29,5770.0,,,,not_applicable_not_recent_listing
0123S0,HANARO 26-12 은행채(AA+이상)액티브,10200,0.1,0.29,0.64,1.24,,Y,N,0,0,0.1,,,,N,,1.75,,2026-09-29,10200.0,,,,not_applicable_not_recent_listing
0127M0,ACE 미국대형가치주액티브,11955,-2.57,-5.49,-11.54,9.68,,Y,N,-0.54,-1.4,-0.75,,,,N,,15.06,,2026-09-29,11955.0,,,,not_applicable_not_recent_listing
0127P0,ACE 미국대형성장주액티브,10485,-0.47,-0.14,-9.73,11.13,,Y,N,-0.52,-0.9,3.25,,,,N,,4.12,,2026-09-29,10485.0,,,,not_applicable_not_recent_listing
0127R0,RISE 미국AI클라우드인프라,16295,-0.58,16.39,-18.89,39.45,,Y,N,-1.03,-2.54,5.91,,,,N,,57.67,,2026-09-29,16295.0,,,,not_applicable_not_recent_listing
0127T0,KIWOOM 미국S&P500&배당다우존스비중전환,10795,-2.75,-4.26,-9.09,3.55,,Y,N,-0.74,-1.33,0.19,,,,N,,6.46,,2026-09-29,10795.0,,,,not_applicable_not_recent_listing
0127V0,KIWOOM 미국S&P500 TOP10&배당다우비중전환,10610,-0.52,-0.14,-4.24,6.85,,Y,N,-1.16,-1.58,1.05,,,,N,,5.15,,2026-09-29,10610.0,,,,not_applicable_not_recent_listing
0128D0,PLUS 차이나항셍테크위클리타겟커버드콜,6255,-9.68,-17.7,-16.88,-24.77,,Y,N,-2.95,-5.01,-2.11,,,,N,,-32.41,,2026-09-29,6255.0,,,,not_applicable_not_recent_listing
0131A0,SOL 차이나소비트렌드,7105,-12.07,-13.19,-16.61,-32.2,,Y,N,0.57,-1.46,-1.86,,,,N,,-22.98,,2026-09-29,7105.0,,,,not_applicable_not_recent_listing
0131V0,1Q 미국우주항공테크,10820,-4.59,1.84,-14.09,-11.78,,Y,N,-2.3,-1.46,1.84,,,,N,,-14.74,,2026-09-29,10820.0,,,,not_applicable_not_recent_listing
0131W0,1Q 단기특수은행채액티브,102315,0.22,0.46,0.71,1.39,,Y,N,0.01,0.02,0.09,,,,N,,2.01,,2026-09-29,102315.0,,,,not_applicable_not_recent_listing
0132D0,KoAct 글로벌K컬처밸류체인액티브,8985,-10.82,-2.34,-5.42,-8.46,,Y,N,-1.8,-0.83,-3.65,,,,N,,-12.34,,2026-09-29,8985.0,,,,not_applicable_not_recent_listing
0132H0,KODEX 미국원자력SMR,6955,-18.89,-15.29,-31.75,-33.38,,Y,N,-2.25,-7.94,-6.27,,,,N,,-29.18,,2026-09-29,6955.0,,,,not_applicable_not_recent_listing
0132K0,PLUS 테슬라위클리커버드콜채권혼합,7910,-0.82,-0.88,-9.75,-13.93,,Y,N,-0.38,-0.75,1.02,,,,N,,-21.22,,2026-09-29,7910.0,,,,not_applicable_not_recent_listing
0133E0,TIGER 차이나증권,8110,-10.04,-9.84,-18.08,-6.46,,Y,N,0.5,-4.48,-1.04,,,,N,,,,2026-09-29,8110.0,,,,not_applicable_not_recent_listing
0135Y0,IBK 중기종합채권(AA-이상)액티브,100130,-0.44,0.03,0.17,0.67,,Y,N,0.09,-0.15,0.03,,,,N,,-0.18,,2026-09-29,100130.0,,,,not_applicable_not_recent_listing
0137V0,KIWOOM 미국S&P500모멘텀,11475,1.19,1.19,-15.5,20.03,,Y,N,-2.05,-0.56,4.18,,,,N,,16.91,,2026-09-29,11475.0,,,,not_applicable_not_recent_listing
0137W0,KIWOOM 미국S&P500&GOLD,10170,-2.68,-2.68,-8.34,3.62,,Y,N,-0.54,-1.74,0.64,,,,N,,3.56,,2026-09-29,10170.0,,,,not_applicable_not_recent_listing
0138D0,RISE 동학개미,13015,4.25,39.42,-13.29,-4.62,,Y,N,0.77,-0.31,7.65,,,,N,,27.6,,2026-09-29,13015.0,,,,not_applicable_not_recent_listing
0138T0,RISE 미국S&P500데일리고정커버드콜,9260,-2.63,-4.88,-11.22,-3.44,,Y,N,-0.75,-0.91,0.98,,,,N,,-5.46,,2026-09-29,9260.0,,,,not_applicable_not_recent_listing
0138Y0,PLUS 금채권혼합,9440,-5.74,-1.92,-5.22,-8.31,,Y,N,-0.47,-2.18,-1.72,,,,N,,-5.79,,2026-09-29,9440.0,,,,not_applicable_not_recent_listing
0139F0,TIGER 12월자동연장금융채(AA-이상)액티브,102315,0.21,0.56,0.9,1.48,,Y,N,0.03,0.01,0.11,,,,N,,2.06,,2026-09-29,102315.0,,,,not_applicable_not_recent_listing
0139P0,ACE 고배당주,13400,-2.51,6.48,2.8,-1.54,,Y,N,-0.59,0.34,-0.81,,,,N,,21.76,,2026-09-29,13400.0,,,,not_applicable_not_recent_listing
0141S0,SOL 조선기자재,8335,-5.93,12.56,-13.31,-22.03,,Y,N,-2.63,-3.75,-2.46,,,,N,,-15.21,,2026-09-29,8335.0,,,,not_applicable_not_recent_listing
0141T0,SOL 중기종합채권(AA-이상)액티브,50195,-0.37,0.05,0.21,0.83,,Y,N,0.06,-0.08,0.17,,,,N,,-0.01,,2026-09-29,50195.0,,,,not_applicable_not_recent_listing
0142D0,TIGER 미국AI데이터센터TOP4Plus,10145,-0.44,14.5,-22.2,12.04,,Y,N,-1.6,-4.02,1.96,,,,N,,17.83,,2026-09-29,10145.0,,,,not_applicable_not_recent_listing
0144L0,KODEX 미국성장커버드콜액티브,9440,-0.16,-2.43,-10.31,2.22,,Y,N,-1.92,-1.97,2.11,,,,N,,-3.92,,2026-09-29,9440.0,,,,not_applicable_not_recent_listing
0144M0,KODEX 미국드론UAM TOP10,6490,-11.28,-13.12,-24.71,-21.85,,Y,N,-2.99,-2.48,0.46,,,,N,,-32.61,,2026-09-29,6490.0,,,,not_applicable_not_recent_listing
0148J0,TIGER 코리아휴머노이드로봇산업,9385,3.64,23.65,-8.08,-15.6,,Y,N,-0.9,-3.45,-3.15,,,,N,,,,2026-09-29,9385.0,,,,not_applicable_not_recent_listing
0150K0,KoAct 수소전력ESS인프라액티브,10810,-3.01,42.24,0.09,-14.88,,Y,N,-2.26,-0.96,0.37,,,,N,,,,2026-09-29,10810.0,,,,not_applicable_not_recent_listing
0151P0,RISE 코리아전략산업액티브,15000,3.31,27.17,-23.14,12.57,,Y,N,1.01,-0.79,8.07,,,,N,,,,2026-09-29,15000.0,,,,not_applicable_not_recent_listing
0151S0,KODEX 미국AI반도체TOP3플러스,15830,8.28,11.28,-12.4,46.3,,Y,N,-0.63,-1.62,10.74,,,,N,,,,2026-09-29,15830.0,,,,not_applicable_not_recent_listing
0152E0,SOL 배당성향탑픽액티브,10745,-1.1,1.85,-1.65,-9.09,,Y,N,-0.19,0.61,-0.88,,,,N,,,,2026-09-29,10745.0,,,,not_applicable_not_recent_listing
0153K0,KODEX 주주환원고배당주,12250,0,5.42,6.8,6.71,,Y,N,-0.28,0.57,-0.57,,,,N,,,,2026-09-29,12250.0,,,,not_applicable_not_recent_listing
0153P0,ACE 리츠부동산인프라액티브,9430,-0.63,0.64,0.86,-11.58,,Y,N,-0.68,-1.05,0.05,,,,N,,,,2026-09-29,9430.0,,,,not_applicable_not_recent_listing
0153X0,PLUS 미국고배당주액티브,10485,-8.51,-10.46,-8.91,-8.27,,Y,N,-1.96,-3.94,-6.22,,,,N,,,,2026-09-29,10485.0,,,,not_applicable_not_recent_listing
0154F0,WON 초대형IB&금융지주,12295,0.7,7.52,1.91,-11.9,,Y,N,-0.61,-0.28,-0.81,,,,N,,,,2026-09-29,12295.0,,,,not_applicable_not_recent_listing
0154H0,KoAct 차이나바이오헬스케어액티브,8845,-3.6,4.37,6.37,-3.65,,Y,N,1.43,-2.1,4.18,,,,N,,,,2026-09-29,8845.0,,,,not_applicable_not_recent_listing
0155M0,ACE 미국SMR원자력TOP10,6040,-16.69,-8.55,-27.05,-29.85,,Y,N,-2.66,-5.99,-3.28,,,,N,,,,2026-09-29,6040.0,,,,not_applicable_not_recent_listing
0155N0,HANARO K휴머노이드테마TOP10,7510,-0.07,17.53,-8.91,-11.65,,Y,N,-1.12,-3.53,-4.33,,,,N,,,,2026-09-29,7510.0,,,,not_applicable_not_recent_listing
0162L0,KODEX 차이나AI반도체TOP10,12675,-5.97,-8.15,-37.5,32.58,,Y,N,0.68,-7.07,-1.97,,,,N,,,,2026-09-29,12675.0,,,,not_applicable_not_recent_listing
0162M0,KODEX 금융채1~2년(AA-이상)PLUS액티브,10040,-0.35,0.3,0.65,1.06,,Y,N,0.1,-0.1,-0.2,,,,N,,,,2026-09-29,10040.0,,,,not_applicable_not_recent_listing
0162Y0,TIME 코스닥액티브,8000,6.67,42.48,-12.42,-31.09,,Y,N,2.3,3.49,10.34,,,,N,,,,2026-09-29,8000.0,,,,not_applicable_not_recent_listing
0162Z0,RISE 삼성전자SK하이닉스채권혼합50,13790,4,15.64,-10.48,39.65,,Y,N,0.55,-0.72,4.43,,,,N,,,,2026-09-29,13790.0,,,,not_applicable_not_recent_listing
0163Y0,KoAct 코스닥액티브,10090,12.3,47.3,-6.1,-18.5,,Y,N,2.13,3.86,13.37,,,,N,,,,2026-09-29,10090.0,,,,not_applicable_not_recent_listing
0164G0,RISE 차이나AI반도체TOP4Plus,11700,-7.4,-11.7,-36.93,21.56,,Y,N,-0.38,-6.33,-1.52,,,,N,,,,2026-09-29,11700.0,,,,not_applicable_not_recent_listing
0166N0,PLUS 코스닥150액티브,8705,12.11,51,-5.48,-17.21,,Y,N,1.58,5.58,12.69,,,,N,,,,2026-09-29,8705.0,,,,not_applicable_not_recent_listing
0166S0,PLUS K제조업핵심기업액티브,11375,4.74,30.07,-18.72,23.64,,Y,N,0.75,-2.23,5.62,,,,N,,,,2026-09-29,11375.0,,,,not_applicable_not_recent_listing
0166T0,PLUS 글로벌저작권핵심기업액티브,9005,-7.21,-9.5,-10.84,,,Y,N,-1.04,-3.95,-6.59,,,,N,,,,2026-09-29,9005.0,,,,not_applicable_not_recent_listing
0167A0,SOL AI반도체TOP2플러스,18755,8.72,37.5,-26.54,89.64,,Y,N,2.21,1.49,13.08,,,,N,,,,2026-09-29,18755.0,,,,not_applicable_not_recent_listing
0167B0,SOL 200타겟위클리커버드콜,11720,0.69,16.33,-22.82,20.95,,Y,N,-1.51,-3.22,3.35,,,,N,,,,2026-09-29,11720.0,,,,not_applicable_not_recent_listing
0167Z0,KODEX 미국우주항공,7560,-2.26,6.63,-26.89,-26.78,,Y,N,-0.92,-1.95,5,,,,N,,,,2026-09-29,7560.0,,,,not_applicable_not_recent_listing
0168K0,TIGER 기술이전바이오액티브,5445,-17.06,4.11,-31.47,-51.41,,Y,N,-1,1.11,-3.97,,,,N,,,,2026-09-29,5445.0,,,,not_applicable_not_recent_listing
0172V0,1Q 은액티브,7770,-13.43,-1.46,-9.02,,,Y,N,-1.71,-7.06,-4.01,,,,N,,,,2026-09-29,7770.0,,,,not_applicable_not_recent_listing
0172Y0,ACE K수출핵심TOP10산업액티브,9095,-7.1,12.84,-20.08,,,Y,N,-1.73,-3.86,-2.31,,,,N,,,,2026-09-29,9095.0,,,,not_applicable_not_recent_listing
0173Y0,KODEX 미국AI광통신네트워크,10610,-4.41,11.51,-27.43,,,Y,N,-1.16,-5.39,7.39,,,,N,,,,2026-09-29,10610.0,,,,not_applicable_not_recent_listing
0174B0,KoAct 글로벌AI메모리반도체액티브,15055,8.04,27.05,-22.42,,,Y,N,1.62,2.07,11.11,,,,N,,,,2026-09-29,15055.0,,,,not_applicable_not_recent_listing
0174J0,DAISHIN 오피스리츠플러스,8675,-0.8,0.35,-0.34,,,Y,N,-0.8,-0.52,0.12,,,,N,,,,2026-09-29,8675.0,,,,not_applicable_not_recent_listing
0174R0,KIWOOM 미국성장다우존스,11290,-1.14,-0.44,-5.09,,,Y,N,-0.57,-0.75,2.17,,,,N,,,,2026-09-29,11290.0,,,,not_applicable_not_recent_listing
0176E0,RISE 미국AI전력인프라액티브,9450,-1.92,-4.88,-26.91,,,Y,N,-2.78,-2.73,3.85,,,,N,,,,2026-09-29,9450.0,,,,not_applicable_not_recent_listing
0176P0,FOCUS AI반도체위클리고정커버드콜,13930,11.71,40.28,-16.96,,,Y,N,0.94,1.6,12.25,,,,N,,,,2026-09-29,13930.0,,,,not_applicable_not_recent_listing
0177A0,WON 두산그룹포커스,9150,-0.38,30.71,-11.89,,,Y,N,-1.98,-5.57,-0.65,,,,N,,,,2026-09-29,9150.0,,,,not_applicable_not_recent_listing
0177N0,KODEX 삼성전자SK하이닉스채권혼합50,14495,3.24,14.86,-10.61,,,Y,N,0.73,-0.85,4.39,,,,N,,,,2026-09-29,14495.0,,,,not_applicable_not_recent_listing
0177R0,TIGER 반도체TOP10커버드콜액티브,11770,7.34,32.02,-27.59,,,Y,N,2.35,-0.13,10.46,,,,N,,,,2026-09-29,11770.0,,,,not_applicable_not_recent_listing
0177X0,ACE K휴머노이드로봇산업TOP2+,9470,1.83,18.08,-6.56,,,Y,N,-0.63,-3.42,-6.28,,,,N,,,,2026-09-29,9470.0,,,,not_applicable_not_recent_listing
0178H0,IBK 미국AI TOP10국채혼합50,10170,1.95,6.38,1.29,,,Y,N,-0.29,-0.54,3.41,,,,N,,,,2026-09-29,10170.0,,,,not_applicable_not_recent_listing
0180V0,ACE 미국우주테크액티브,7875,-1.01,8.85,-22.41,,,Y,N,-1.01,-2.23,4.3,,,,N,,,,2026-09-29,7875.0,,,,not_applicable_not_recent_listing
0181B0,HANARO 미국AI메모리반도체TOP4+,10115,7.09,16.47,-25.1,,,Y,N,1.15,2.79,11.71,,,,N,,,,2026-09-29,10115.0,,,,not_applicable_not_recent_listing
0181L0,SOL 미국우주항공TOP10,7085,-0.28,8.67,-22.44,,,Y,N,-1.46,-1.8,5.04,,,,N,,,,2026-09-29,7085.0,,,,not_applicable_not_recent_listing
0182R0,1Q K반도체TOP2+,11065,7.69,34.86,-26.11,,,Y,N,1.56,-0.27,10.98,,,,N,,,,2026-09-29,11065.0,,,,not_applicable_not_recent_listing
0182S0,1Q K반도체TOP2채권혼합50,12770,3.82,15.3,-11.29,,,Y,N,0.95,-1.01,4.33,,,,N,,,,2026-09-29,12770.0,,,,not_applicable_not_recent_listing
0183J0,TIGER 미국우주테크,7575,-1.11,11.4,-23.29,,,Y,N,-1.05,-2.95,4.2,,,,N,,,,2026-09-29,7575.0,,,,not_applicable_not_recent_listing
0183V0,KIWOOM 삼성전자&SK하이닉스채권혼합50,11950,2.71,13.16,-13.41,,,Y,N,0.63,-0.62,4.6,,,,N,,,,2026-09-29,11950.0,,,,not_applicable_not_recent_listing
0184E0,1Q 200채권혼합50액티브,11080,1.51,11.69,-9.4,,,Y,N,-0.09,-1.12,2.55,,,,N,,,,2026-09-29,11080.0,,,,not_applicable_not_recent_listing
0184L0,PLUS 중기종합채권(A-이상)액티브,100500,-0.17,0.13,0.54,,,Y,N,0.09,-0.1,0.08,,,,N,,,,2026-09-29,100500.0,,,,not_applicable_not_recent_listing
0184N0,PLUS 은채권혼합,8430,-7,-0.65,-4.26,,,Y,N,-1.17,-3.33,-1.86,,,,N,,,,2026-09-29,8430.0,,,,not_applicable_not_recent_listing
0184V0,UNICORN K바이오액티브,5175,-16.19,7.81,-35.27,,,Y,N,-1.24,0.39,-4.08,,,,N,,,,2026-09-29,5175.0,,,,not_applicable_not_recent_listing
0185L0,TIME 글로벌휴머노이드로봇산업액티브,7035,-5.19,-4.02,-28.69,,,Y,N,-0.71,-2.63,1.3,,,,N,,,,2026-09-29,7035.0,,,,not_applicable_not_recent_listing
0186L0,KoAct 미국로봇피지컬AI액티브,9290,-0.27,1.53,-21.07,,,Y,N,-2.06,-1.8,4.56,,,,N,,,,2026-09-29,9290.0,,,,not_applicable_not_recent_listing
0186S0,1Q 코스닥150채권혼합50액티브,8465,-1.17,13.32,-7.28,,,Y,N,0.06,1.93,2.79,,,,N,,,,2026-09-29,8465.0,,,,not_applicable_not_recent_listing
0189B0,TIGER 은액티브,7505,-13.14,-0.2,-7.06,,,Y,N,-1.7,-7.12,-3.84,,,,N,,,,2026-09-29,7505.0,,,,not_applicable_not_recent_listing
0189Z0,DAISHIN 금융&지주고배당,10365,0.05,9.86,7.35,,,Y,N,-0.77,0.05,-0.53,,,,N,,,,2026-09-29,10365.0,,,,not_applicable_not_recent_listing
0190C0,RISE 현대차고정피지컬AI,7600,-9.36,4.11,-23.96,,,Y,N,-0.78,-1.81,-2.31,,,,N,,,,2026-09-29,7600.0,,,,not_applicable_not_recent_listing
0190G0,KODEX 반도체타겟위클리커버드콜,9675,12.3,38.51,-16.45,,,Y,N,2.54,2.49,12.83,,,,N,,,,2026-09-29,9675.0,,,,not_applicable_not_recent_listing
0190M0,KIWOOM 미국AI테크하이베타,8475,4.57,12.85,-26.08,,,Y,N,-1.22,-0.99,10.28,,,,N,,,,2026-09-29,8475.0,,,,not_applicable_not_recent_listing
0190Y0,TIGER 구글밸류체인,8475,-1.11,0,-16.83,,,Y,N,-0.88,-2.42,4.31,,,,N,,,,2026-09-29,8475.0,,,,not_applicable_not_recent_listing
0191B0,MIDAS 코스닥액티브,33010,12.15,51.08,-6.58,,,Y,N,2.07,5.31,13.83,,,,N,,,,2026-09-29,33010.0,,,,not_applicable_not_recent_listing
0191M0,마이티 5월만기자동연장특수채(AAA)액티브,100810,0.1,0.36,0.64,,,Y,N,-0.02,-0.01,0.01,,,,N,,,,2026-09-29,100810.0,,,,not_applicable_not_recent_listing
0191S0,IBK 코스닥150,14515,-0.48,30.35,-13.5,,,Y,N,1.43,3.13,4.76,,,,N,,,,2026-09-29,14515.0,,,,not_applicable_not_recent_listing
0191W0,HANARO 중기종합채권(A-이상)액티브,100700,-0.33,0.02,0.28,,,Y,N,0.06,-0.11,-0,,,,N,,,,2026-09-29,100700.0,,,,not_applicable_not_recent_listing
0192L0,RISE SK하이닉스단일종목레버리지,9260,11.16,35.98,-67.15,,,Y,N,-0.38,-7.68,8.62,,,,N,,,,2026-09-29,9260.0,,,,not_applicable_not_recent_listing
0192M0,RISE 삼성전자단일종목레버리지,12130,13.36,53.06,-42.8,,,Y,N,4.16,-1.42,24.22,,,,N,,,,2026-09-29,12130.0,,,,not_applicable_not_recent_listing
0192S0,SOL 코스피200채권혼합50,9455,0.42,10.07,-10.68,,,Y,N,-0.32,-1.41,2.33,,,,N,,,,2026-09-29,9455.0,,,,not_applicable_not_recent_listing
0192T0,SOL 코스닥TOP10,6955,-7.57,22.45,-21.46,,,Y,N,-0.29,1.98,1.9,,,,N,,,,2026-09-29,6955.0,,,,not_applicable_not_recent_listing
0192Z0,TIGER 중기종합채권(A-이상)액티브,100820,-0.2,0.11,0.39,,,Y,N,0.12,-0.05,0.1,,,,N,,,,2026-09-29,100820.0,,,,not_applicable_not_recent_listing
0193G0,KoAct 코스피액티브,8440,0.36,21.53,-21.52,,,Y,N,-0.12,-2.2,4.33,,,,N,,,,2026-09-29,8440.0,,,,not_applicable_not_recent_listing
0193K0,PLUS 삼성전자단일종목레버리지,13170,12.37,51.82,-42.3,,,Y,N,3.99,-0.42,23.03,,,,N,,,,2026-09-29,13170.0,,,,not_applicable_not_recent_listing
0193L0,PLUS 삼성전자선물단일종목인버스2X,7880,-17.44,-65.74,-37.09,,,Y,N,-4.72,-1.31,-21.4,,,,N,,,,2026-09-29,7880.0,,,,not_applicable_not_recent_listing
0193M0,BNK 27-12 특수채(AAA이상)액티브,50340,-0.14,0.23,0.59,,,Y,N,-0.06,-0.06,-0.08,,,,N,,,,2026-09-29,50340.0,,,,not_applicable_not_recent_listing
0193T0,KODEX SK하이닉스단일종목레버리지,10665,10.75,34.57,-68.32,,,Y,N,-0.84,-7.66,8.38,,,,N,,,,2026-09-29,10665.0,,,,not_applicable_not_recent_listing
0193W0,KODEX 삼성전자단일종목레버리지,13130,13.53,54.56,-43.05,,,Y,N,5,-0.53,23.69,,,,N,,,,2026-09-29,13130.0,,,,not_applicable_not_recent_listing
0194M0,ACE 삼성전자단일종목레버리지,11980,12.59,51.84,-43.48,,,Y,N,4.22,-1.48,22.31,,,,N,,,,2026-09-29,11980.0,,,,not_applicable_not_recent_listing
0194N0,KIWOOM 삼성전자선물단일종목레버리지,11980,11.75,55.58,-43.38,,,Y,N,3.99,-1.92,22.43,,,,N,,,,2026-09-29,11980.0,,,,not_applicable_not_recent_listing
0194R0,KIWOOM SK하이닉스선물단일종목레버리지,8810,9.44,36.7,-68.09,,,Y,N,-1.18,-8.23,8.43,,,,N,,,,2026-09-29,8810.0,,,,not_applicable_not_recent_listing
0194T0,ACE SK하이닉스단일종목레버리지,9080,10.73,34.22,-67.91,,,Y,N,-0.82,-7.77,8.1,,,,N,,,,2026-09-29,9080.0,,,,not_applicable_not_recent_listing
0195R0,TIGER 삼성전자단일종목레버리지,11940,13.44,52.3,-43.53,,,Y,N,4.97,-0.42,23.79,,,,N,,,,2026-09-29,11940.0,,,,not_applicable_not_recent_listing
0195S0,TIGER SK하이닉스단일종목레버리지,9055,10.83,36.06,-68.24,,,Y,N,-0.71,-7.88,7.99,,,,N,,,,2026-09-29,9055.0,,,,not_applicable_not_recent_listing
0197W0,SOL SK하이닉스단일종목레버리지,8920,11.29,35.15,-68.26,,,Y,N,-0.5,-8.09,8.91,,,,N,,,,2026-09-29,8920.0,,,,not_applicable_not_recent_listing
0197X0,SOL SK하이닉스선물단일종목인버스2X,5995,-17.71,-65.33,-19.37,,,Y,N,1.01,7.44,-10.25,,,,N,,,,2026-09-29,5995.0,,,,not_applicable_not_recent_listing
0198A0,KIWOOM 코스닥150커버드콜액티브,8595,-4.29,14.07,,,,Y,N,-2.16,-0.23,1.42,,,,N,,,,2026-09-29,8595.0,,,,not_applicable_not_recent_listing
0198B0,1Q 삼성전자선물단일종목레버리지,12295,11.47,53.69,-44.37,,,Y,N,3.62,-2.19,23.51,,,,N,,,,2026-09-29,12295.0,,,,not_applicable_not_recent_listing
0198D0,1Q SK하이닉스선물단일종목레버리지,9425,10.43,36.2,-68.52,,,Y,N,-0.84,-8.81,7.35,,,,N,,,,2026-09-29,9425.0,,,,not_applicable_not_recent_listing
0199C0,ACE 고배당주Plus커버드콜액티브,9085,-1.89,2.02,-6,,,Y,N,-2.05,-1.84,-1.41,,,,N,,,,2026-09-29,9085.0,,,,not_applicable_not_recent_listing
0203D0,PLUS 200위클리커버드콜채권혼합,8945,0.17,7.13,-11.87,,,Y,N,-0.67,-1.49,0.96,,,,N,,,,2026-09-29,8945.0,,,,not_applicable_not_recent_listing
0203R0,WON 중단기종합채권(A-이상)액티브,50400,-0.15,0.26,0.52,,,Y,N,0.04,0,-0.03,,,,N,,,,2026-09-29,50400.0,,,,not_applicable_not_recent_listing
0203S0,WON 삼성전자현대차채권혼합50,8515,-1.79,8.06,-10.13,,,Y,N,-0.35,-1.22,1.31,,,,N,,,,2026-09-29,8515.0,,,,not_applicable_not_recent_listing
0204D0,KODEX 현대차로보틱스밸류체인TOP3플러스,5580,-11.15,-4.86,-21.9,,,Y,N,-1.15,-1.93,-4.45,,,,N,,,,2026-09-29,5580.0,,,,not_applicable_not_recent_listing
0204S0,TIGER 코스닥액티브,7745,13.56,47.1,-7.25,,,Y,N,1.97,4.59,13.4,,,,N,,,,2026-09-29,7745.0,,,,not_applicable_not_recent_listing
0206G0,1Q 현대차기아채권혼합50,7745,-5.43,-0.96,-11.64,,,Y,N,-0.64,-1.27,-2.52,,,,N,,,,2026-09-29,7745.0,,,,not_applicable_not_recent_listing
0207G0,SOL 우주항공밸류체인,7230,7.51,49.38,-1.23,,,Y,N,-0.89,-0.75,7.27,,,,N,,,,2026-09-29,7230.0,,,,not_applicable_not_recent_listing
0207Z0,KIWOOM 미국우주데이터센터인프라,7000,0.94,6.79,-20.9,,,Y,N,-1.69,-2.44,3.32,,,,N,,,,2026-09-29,7000.0,,,,not_applicable_not_recent_listing
0208N0,IBK 코스피액티브,7615,1.74,22.33,-20.84,,,Y,N,-0.33,-2.31,4.89,,,,N,,,,2026-09-29,7615.0,,,,not_applicable_not_recent_listing
0209D0,KODEX 전고체배터리ESS TOP2플러스,7965,-6.84,31.44,-10.61,,,Y,N,-2.57,1.08,-2.93,,,,N,,,,2026-09-29,7965.0,,,,not_applicable_not_recent_listing
0209Z0,ACE 코리아AI전력TOP10,7045,-6.87,35.35,-15.02,,,Y,N,-1.19,-3.49,0.14,,,,N,,,,2026-09-29,7045.0,,,,not_applicable_not_recent_listing
0210A0,ACE K반도체TOP2+,7680,9.25,39,-23.81,,,Y,N,2.33,0.52,13.11,,,,N,,,,2026-09-29,7680.0,,,,not_applicable_not_recent_listing
0210E0,PLUS 200커버드콜액티브,7220,-0.69,13.7,-25.14,,,Y,N,-2.63,-3.86,2.19,,,,N,,,,2026-09-29,7220.0,,,,not_applicable_not_recent_listing
0214M0,MIDAS 바이오헬스케어액티브,9260,-17.43,-1.65,,,,,N,-1.8,-0.86,-5.12,,,-11.60,N,10475,,2026-07-28,2026-09-29,9260.0,pr,KRX_KIND_LISTING_REFERENCE_PRICE,2026-09-30T08:01:04+09:00,official_verified
0215T0,HANARO 미국AI광통신TOP10,8750,0.92,19.86,,,,Y,N,-1.07,-3.37,11.61,,,-12.41,N,9990,,2026-07-14,2026-09-29,8750.0,pr,KRX_KIND_LISTING_REFERENCE_PRICE,2026-09-30T08:01:04+09:00,official_verified
0216K0,KIWOOM 미국우주테크TOP2채권혼합50,8700,1.87,7.54,,,,Y,N,-1.64,-1.19,2.17,,,-13.00,N,10000,,2026-07-07,2026-09-29,8700.0,pr,KRX_KIND_LISTING_REFERENCE_PRICE,2026-09-30T08:01:04+09:00,official_verified
0216Z0,ACE K방산TOP5+,8525,-5.64,19.15,,,,Y,N,-1.84,-3.94,1.07,,,-17.03,N,10275,,2026-07-07,2026-09-29,8525.0,pr,KRX_KIND_LISTING_REFERENCE_PRICE,2026-09-30T08:01:04+09:00,official_verified
0218J0,RISE 미국우주&로봇TOP2미국채혼합50,8945,0,5.73,,,,Y,N,-1.97,-2.4,-0.67,,,-10.51,N,9995,,2026-07-14,2026-09-29,8945.0,pr,KRX_KIND_LISTING_REFERENCE_PRICE,2026-09-30T08:01:04+09:00,official_verified
0218K0,BNK 스마트카,10460,-1.41,19.54,,,,,N,-0.9,-1.09,0.05,,,7.84,N,9700,,2026-07-21,2026-09-29,10460.0,pr,KRX_KIND_LISTING_REFERENCE_PRICE,2026-09-30T08:01:04+09:00,official_verified
0219B0,KoAct 광통신&위성네트워크액티브,11995,10.45,50.88,,,,Y,N,-0.5,-2.32,7.1,,,17.94,N,10170,,2026-07-14,2026-09-29,11995.0,pr,KRX_KIND_LISTING_REFERENCE_PRICE,2026-09-30T08:01:04+09:00,official_verified
0219E0,KODEX 200커버드콜액티브,8295,0.06,14.97,,,,Y,N,-2.12,-3.71,2.85,,,-5.15,N,8745,,2026-07-14,2026-09-29,8295.0,pr,KRX_KIND_LISTING_REFERENCE_PRICE,2026-09-30T08:01:04+09:00,official_verified
0219Z0,HANARO 미국S&P500액티브,10330,0.44,,,,,,N,-1.48,-0.58,2.89,,,3.35,N,9995,,2026-08-04,2026-09-29,10330.0,pr,KRX_KIND_LISTING_REFERENCE_PRICE,2026-09-30T08:01:04+09:00,official_verified
0220A0,KIWOOM 현대차그룹TOP3채권혼합50,8730,-6.73,-2.24,,,,Y,N,-1.02,-1.58,-2.89,,,-10.60,N,9765,,2026-07-14,2026-09-29,8730.0,pr,KRX_KIND_LISTING_REFERENCE_PRICE,2026-09-30T08:01:04+09:00,official_verified
0220B0,DS 코스닥액티브,11835,23.02,53.7,,,,Y,N,2.96,4.64,16.89,,,4.55,N,11320,,2026-07-14,2026-09-29,11835.0,pr,KRX_KIND_LISTING_REFERENCE_PRICE,2026-09-30T08:01:04+09:00,official_verified
0221V0,IBK 초단기채권액티브,100705,0.3,0.59,,,,,N,0.02,0.03,0.13,,,0.68,N,100025,,2026-07-21,2026-09-29,100705.0,pr,KRX_KIND_LISTING_REFERENCE_PRICE,2026-09-30T08:01:04+09:00,official_verified
0221Z0,ACE K바이오코스닥액티브,9100,-18.2,4.3,,,,,N,-0.87,2.25,-3.4,,,-5.85,N,9665,,2026-07-21,2026-09-29,9100.0,pr,KRX_KIND_LISTING_REFERENCE_PRICE,2026-09-30T08:01:04+09:00,official_verified
0222D0,KoAct 고배당액티브,10210,-4.13,5.04,,,,,N,-1.87,-1.11,-2.16,,,-1.16,N,10330,,2026-07-28,2026-09-29,10210.0,pr,KRX_KIND_LISTING_REFERENCE_PRICE,2026-09-30T08:01:04+09:00,official_verified
0222F0,마이티 AI데이터센터밸류체인,12925,-3.22,,,,,,N,-0.65,-2.12,2.01,,,16.55,N,11090,,2026-08-04,2026-09-29,12925.0,pr,KRX_KIND_LISTING_REFERENCE_PRICE,2026-09-30T08:01:04+09:00,official_verified
0223A0,RISE 코스닥커버드콜액티브,11430,8.44,39.39,,,,,N,0.13,2.37,10.65,,,15.98,N,9855,,2026-07-28,2026-09-29,11430.0,pr,KRX_KIND_LISTING_REFERENCE_PRICE,2026-09-30T08:01:04+09:00,official_verified
0223R0,TIGER 미국테크NYSE100액티브,9490,2.65,8.58,,,,,N,-1.61,-2.11,6.99,,,-5.10,N,10000,,2026-07-21,2026-09-29,9490.0,pr,KRX_KIND_LISTING_REFERENCE_PRICE,2026-09-30T08:01:04+09:00,official_verified
0224D0,KIWOOM 미국CPU반도체TOP4+,10660,16.25,15.37,,,,,N,-2.38,-3,14.26,,,6.60,N,10000,,2026-07-28,2026-09-29,10660.0,pr,KRX_KIND_LISTING_REFERENCE_PRICE,2026-09-30T08:01:04+09:00,official_verified
0224X0,1Q 엔비디아알파벳미국채혼합50,9680,-0.51,-1.88,,,,,N,0.21,-1.38,1.52,,,-3.30,N,10010,,2026-07-28,2026-09-29,9680.0,pr,KRX_KIND_LISTING_REFERENCE_PRICE,2026-09-30T08:01:04+09:00,official_verified
0225V0,KODEX 미국CPU반도체TOP10,11725,18.55,,,,,,N,-2.74,-4.05,18.2,,,17.66,N,9965,,2026-08-04,2026-09-29,11725.0,pr,KRX_KIND_LISTING_REFERENCE_PRICE,2026-09-30T08:01:04+09:00,official_verified
0226A0,PLUS SK하이닉스샌디스크채권혼합50,11135,6.81,,,,,,N,0.04,-1.11,3.82,,,11.35,N,10000,,2026-08-04,2026-09-29,11135.0,pr,KRX_KIND_LISTING_REFERENCE_PRICE,2026-09-30T08:01:04+09:00,official_verified
0226D0,FOCUS 금융반도체지주채권혼합50액티브,10215,2,,,,,,N,-0.15,-0.54,2.77,,,4.61,N,9765,,2026-08-11,2026-09-29,10215.0,pr,KRX_KIND_LISTING_REFERENCE_PRICE,2026-09-30T08:01:04+09:00,official_verified
0226G0,WON 피지컬AI TOP2플러스액티브,12250,-0.04,,,,,,N,-0.08,-0.69,4.43,,,6.43,N,11510,,2026-08-04,2026-09-29,12250.0,pr,KRX_KIND_LISTING_REFERENCE_PRICE,2026-09-30T08:01:04+09:00,official_verified
0227K0,RISE 미국우주위성통신,9060,-2.58,,,,,,N,-1.52,-2,4.68,,,-9.45,N,10005,,2026-08-11,2026-09-29,9060.0,pr,KRX_KIND_LISTING_REFERENCE_PRICE,2026-09-30T08:01:04+09:00,official_verified
0227L0,HANARO 미국에이전틱AI TOP2+,10510,,,,,,,N,-1.04,-1.36,2.44,,,,N,,,,2026-09-29,10510.0,,,,listing_reference_manual_review_required
0228G0,ACE 반도체Plus전략산업,10105,-0.98,,,,,,N,-0.1,-2.7,1.97,,,4.12,N,9705,,2026-08-11,2026-09-29,10105.0,pr,KRX_KIND_LISTING_REFERENCE_PRICE,2026-09-30T08:01:04+09:00,official_verified
0229F0,마이티 신약포커스바이오액티브,7900,,,,,,,N,-1.86,-0.63,-8.35,,,-17.84,N,9615,,2026-09-01,2026-09-29,7900.0,pr,KRX_KIND_LISTING_REFERENCE_PRICE,2026-09-30T08:01:04+09:00,official_verified
0231Z0,KODEX 코리아TDF2065액티브 적격,10295,1.93,,,,,,N,-0.24,-1.29,3.94,,,2.95,N,10000,,2026-08-25,2026-09-29,10295.0,pr,KRX_KIND_LISTING_REFERENCE_PRICE,2026-09-30T08:01:04+09:00,official_verified
0232A0,MIDAS 머니마켓액티브,100330,,,,,,,N,0.01,0.03,0.13,,,0.30,N,100030,,2026-09-01,2026-09-29,100330.0,pr,KRX_KIND_LISTING_REFERENCE_PRICE,2026-09-30T08:01:04+09:00,official_verified
0233A0,ACE 삼성전자SK하이닉스플러스채권혼합50,10705,3.88,,,,,,N,0.47,-0.23,4.59,,,4.44,N,10250,,2026-08-25,2026-09-29,10705.0,pr,KRX_KIND_LISTING_REFERENCE_PRICE,2026-09-30T08:01:04+09:00,official_verified
0233J0,TIGER 삼성전자SK하이닉스미국채혼합50,10520,2.28,,,,,,N,-0.19,-2.09,3.75,,,1.69,N,10345,,2026-08-25,2026-09-29,10520.0,pr,KRX_KIND_LISTING_REFERENCE_PRICE,2026-09-30T08:01:04+09:00,official_verified
0233N0,RISE 글로벌AI낸드메모리반도체,10940,,,,,,,N,0.6,0.37,8.8,,,8.91,N,10045,,2026-09-01,2026-09-29,10940.0,pr,KRX_KIND_LISTING_REFERENCE_PRICE,2026-09-30T08:01:04+09:00,official_verified
0234N0,KIWOOM 삼성SK그룹TOP4+,10430,,,,,,,N,0.72,-1.09,8.36,,,4.04,N,10025,,2026-09-01,2026-09-29,10430.0,pr,KRX_KIND_LISTING_REFERENCE_PRICE,2026-09-30T08:01:04+09:00,official_verified
0238C0,IBK 한미대표기업TOP2+채권혼합50액티브,10160,,,,,,,N,0.54,0.49,,,,,N,,,,2026-09-29,10160.0,,,,not_applicable_not_recent_listing
0238F0,KODEX 미국AI메모리TOP2플러스,10750,,,,,,,N,0.84,2.82,12.51,,,,N,,,,2026-09-29,10750.0,,,,listing_reference_manual_review_required
0238P0,TIGER 미국S&P500미국채혼합50,10045,,,,,,,N,-1.28,-1.13,0.2,,,,N,,,,2026-09-29,10045.0,,,,listing_reference_manual_review_required
0239Y0,PLUS 코리아HBM반도체,10570,,,,,,,N,3.07,3.12,15.71,,,,N,,,,2026-09-29,10570.0,,,,listing_reference_manual_review_required
0239Z0,PLUS AI반도체소부장액티브,11710,,,,,,,N,4.6,5.59,16.75,,,,N,,,,2026-09-29,11710.0,,,,listing_reference_manual_review_required
0240J0,RISE 삼성SK그룹,10485,,,,,,,N,0.58,-1.46,,,,,N,,,,2026-09-29,10485.0,,,,not_applicable_not_recent_listing
0241R0,TIGER 현대차LG전자고정피지컬AI밸류체인,9940,,,,,,,N,-1,-0.9,,,,,N,,,,2026-09-29,9940.0,,,,not_applicable_not_recent_listing
0242S0,파워 SK그룹,10415,,,,,,,N,-0.9,-0.57,,,,,N,,,,2026-09-29,10415.0,,,,not_applicable_not_recent_listing
069500,KODEX 200,109990,2.62,22.75,-19.37,35.41,130.27,,N,0.45,-1.69,5.48,209.53,234.57,,N,,80.62,,2026-09-29,109990.0,,,,not_applicable_not_recent_listing
069660,KIWOOM 200,109955,2.53,23.08,-19.59,35.42,129.7,,N,0.43,-1.68,5.4,208.78,233.3,,N,,80.42,,2026-09-29,109955.0,,,,not_applicable_not_recent_listing
091160,KODEX 반도체,141160,13.61,43.55,-16.53,47.89,206.74,,N,3.58,3.27,15.05,319.74,352.51,,N,,130.28,,2026-09-29,141160.0,,,,not_applicable_not_recent_listing
091170,KODEX 은행,16540,1.1,9.28,13.44,8.96,37.89,,N,-0.96,-1.02,-1.69,91.88,160.27,,N,,30.7,,2026-09-29,16540.0,,,,not_applicable_not_recent_listing
091180,KODEX 자동차,25235,-10.07,-2.72,-18.58,-18.57,32.22,,N,-1.31,-0.79,-3.39,30.41,35.38,,N,,1.51,,2026-09-29,25235.0,,,,not_applicable_not_recent_listing
091220,TIGER 은행,17310,1.52,9.52,14.48,9.14,38.31,,N,-0.17,-0.37,-1.34,93.84,164.27,,N,,31.14,,2026-09-29,17310.0,,,,not_applicable_not_recent_listing
091230,TIGER 반도체,149095,13.63,45.01,-15.65,48.46,211.39,,N,4.07,2.93,14.18,327.57,361.09,,N,,132.82,,2026-09-29,149095.0,,,,not_applicable_not_recent_listing
099140,KODEX 차이나H,20430,-4.62,-10.77,-5.57,-12.64,-16.75,,N,-0.87,-1.87,-0.46,14.39,32.06,,N,,-14.52,,2026-09-29,20430.0,,,,not_applicable_not_recent_listing
100910,KIWOOM KRX100,17260,2.89,21.94,-20.39,35.75,131.99,,N,0.44,-1.6,4.7,206.3,236.12,,N,,80.73,,2026-09-29,17260.0,,,,not_applicable_not_recent_listing
101280,KODEX 일본TOPIX100,30230,-0.95,0.65,-4.88,4.03,20.94,,N,-0.3,-0.74,-0.12,41.43,66.69,,N,,13.24,,2026-09-29,30230.0,,,,not_applicable_not_recent_listing
102110,TIGER 200,110265,2.55,23.35,-19.36,35.81,130.68,,N,0.42,-1.71,5.37,209.6,235,,N,,80.97,,2026-09-29,110265.0,,,,not_applicable_not_recent_listing
102780,KODEX 삼성그룹,26305,-1.03,24.43,-17.63,47.7,133.93,,N,-0.08,-1.18,4.24,186.39,201.49,,N,,88.3,,2026-09-29,26305.0,,,,not_applicable_not_recent_listing
102960,KODEX 기계장비,13100,-7.75,17.38,-15.97,-16.93,12.59,,N,-1.8,-3.18,-2.09,78.84,95.09,,N,,-1.87,,2026-09-29,13100.0,,,,not_applicable_not_recent_listing
102970,KODEX 증권,17365,-6.26,1.14,-20.16,-35.07,22.72,,N,-0.83,-2.64,-2.36,123.34,190.63,,N,,13.98,,2026-09-29,17365.0,,,,not_applicable_not_recent_listing
104520,KIWOOM 블루칩,14470,-5.3,8.63,-6.65,2.66,34.73,,N,-1.6,-0.75,-1.46,65.28,93.06,,N,,23.1,,2026-09-29,14470.0,,,,not_applicable_not_recent_listing
104530,KIWOOM 코리아고배당,17195,-3.51,2.72,-0.03,-12.69,12.17,,N,-1.09,0.58,-1.49,58.92,98.44,,N,,9.73,,2026-09-29,17195.0,,,,not_applicable_not_recent_listing
105010,TIGER 라틴35,6140,-1.6,-7.32,-12.16,-10.5,22.43,,N,-0.81,-3.31,-4.21,42.62,48.85,,N,,8.29,,2026-09-29,6140.0,,,,not_applicable_not_recent_listing
105190,ACE 200,110190,2.55,22.79,-19.5,34.94,129.51,,N,0.31,-1.74,5.32,206.81,232.4,,N,,79.84,,2026-09-29,110190.0,,,,not_applicable_not_recent_listing
105780,RISE 5대그룹주,16385,-1.65,18.26,-21.75,31.55,120.67,,N,-0.15,-2,2.53,150.34,175.38,,N,,69.97,,2026-09-29,16385.0,,,,not_applicable_not_recent_listing
108450,ACE 삼성그룹섹터가중,39895,-0.92,20.58,-13.48,34.03,112.04,,N,-0.08,-0.99,3.54,162.81,171.86,,N,,72.86,,2026-09-29,39895.0,,,,not_applicable_not_recent_listing
108590,TREX 200,109575,2.56,23.04,-19.57,34.97,128.88,,N,0.37,-1.74,5.37,204.54,227.97,,N,,79.63,,2026-09-29,109575.0,,,,not_applicable_not_recent_listing
114100,RISE 국고채3년,105795,-0.95,-0.62,-0.49,-0.75,-3.37,,N,0.24,0.03,0.28,-3.56,-1.21,,N,,-2.07,,2026-09-29,105795.0,,,,not_applicable_not_recent_listing
114260,KODEX 국고채3년,61650,-0.42,-0.09,0.05,0.78,-2,,N,0.29,0.03,0.31,0.9,7.04,,N,,-0.2,,2026-09-29,61650.0,,,,not_applicable_not_recent_listing
114460,ACE 국고채3년,99895,-0.97,-0.64,-0.52,-0.75,-3.45,,N,0.19,-0.03,0.22,-3.52,-1.25,,N,,-2.01,,2026-09-29,99895.0,,,,not_applicable_not_recent_listing
114470,KIWOOM 국고채3년,107150,-0.95,-0.58,-0.54,-0.63,-3.16,,N,0.16,-0.08,0.22,-3.01,-0.41,,N,,-1.9,,2026-09-29,107150.0,,,,not_applicable_not_recent_listing
114800,KODEX 인버스,993,-3.4,-24.43,8.88,-41.69,-68.48,,N,-0.5,1.53,-5.43,-76.96,-78.89,,N,,-59.14,,2026-09-29,993.0,,,,not_applicable_not_recent_listing
114820,TIGER 국채3년,104825,-0.39,-0.09,0.03,0.65,-1.34,,N,0.16,-0.04,0.21,-2.58,-0.13,,N,,-0.17,,2026-09-29,104825.0,,,,not_applicable_not_recent_listing
117460,KODEX 에너지화학,13870,0.14,21.08,2.44,-7.26,20.14,,N,-3.18,2.78,0.62,8.61,-15.94,,N,,9.6,,2026-09-29,13870.0,,,,not_applicable_not_recent_listing
117680,KODEX 철강,12010,-7.9,22.49,1.78,-16.71,6.38,,N,-1.72,-4.68,-5.17,34.94,23.81,,N,,-3.77,,2026-09-29,12010.0,,,,not_applicable_not_recent_listing
117690,TIGER 차이나항셍30,18610,-5.44,-11.74,-4.66,-12.59,-20.91,,N,-1.9,-3.02,-1.77,14.07,39.14,,N,,-15.75,,2026-09-29,18610.0,,,,not_applicable_not_recent_listing
117700,KODEX 건설,6735,-5.87,29.64,1.81,-2.74,75.85,,N,-4.81,-7.74,-8.37,116.21,98.09,,N,,63.67,,2026-09-29,6735.0,,,,not_applicable_not_recent_listing
122090,PLUS 코스피50,82565,2.85,22.4,-21.83,41.02,149.52,,N,0.13,-2.06,4.95,236.45,264.93,,N,,88.96,,2026-09-29,82565.0,,,,not_applicable_not_recent_listing
122260,KIWOOM 통안채1년,104185,0.01,0.25,0.49,1.18,-0.9,,N,-0.01,-0.04,-0.02,-1.2,0.17,,N,,1.49,,2026-09-29,104185.0,,,,not_applicable_not_recent_listing
122630,KODEX 레버리지,110285,3.68,39.57,-44.5,41.96,265.97,,N,0.84,-3.6,10.63,536.2,606.28,,N,,130.79,,2026-09-29,110285.0,,,,not_applicable_not_recent_listing
123310,TIGER 인버스,1108,-2.81,-24.98,7.68,-41.93,-68.52,,N,-0.27,1.84,-5.14,-76.99,-78.96,,N,,-59.71,,2026-09-29,1108.0,,,,not_applicable_not_recent_listing
123320,TIGER 레버리지,111315,3.95,40.5,-43.73,43.44,271.42,,N,0.66,-3.6,10.6,550.96,629.7,,N,,135.39,,2026-09-29,111315.0,,,,not_applicable_not_recent_listing
130680,TIGER 원유선물Enhanced(H),8010,16.76,19.82,40.03,25.65,87.37,,N,-0.12,0.56,-4.53,97.78,57.52,,N,,109.14,,2026-09-29,8010.0,,,,not_applicable_not_recent_listing
130730,KIWOOM 단기자금,103145,0.13,0.37,0.64,1.26,-0.58,,N,0,-0,0.04,-0.98,-0.8,,N,,1.82,,2026-09-29,103145.0,,,,not_applicable_not_recent_listing
131890,ACE 삼성그룹동일가중,39440,-4.78,10.17,-9.5,23.97,68.22,,N,-0.95,-1.3,-0.25,117.72,138.74,,N,,44.36,,2026-09-29,39440.0,,,,not_applicable_not_recent_listing
132030,KODEX 골드선물(H),23215,-9.7,2.16,1.51,-8.57,3.8,,N,-0.6,-4.07,-3.47,42.07,91.54,,N,,-8,,2026-09-29,23215.0,,,,not_applicable_not_recent_listing
133690,TIGER 미국나스닥100,181700,1.23,2.49,-9.62,14.45,18.91,,N,-0.79,-0.89,3.87,54.22,106.34,,N,,11.46,,2026-09-29,181700.0,,,,not_applicable_not_recent_listing
136340,RISE 중기우량회사채,103710,-0.6,-0.51,-0.31,-0.83,-3.24,,N,-0.06,-0.24,-0.1,-2.15,0.31,,N,,-2.2,,2026-09-29,103710.0,,,,not_applicable_not_recent_listing
137610,TIGER 농산물선물Enhanced(H),5750,-3.28,6.38,14.43,4.55,11.87,,N,-0.95,-3.36,-2.71,-0.43,-18.56,,N,,13.3,,2026-09-29,5750.0,,,,not_applicable_not_recent_listing
138230,KIWOOM 미국달러선물,15900,-1.09,-6,-11.76,-8.86,-1.18,,N,-0.53,-0.47,-0.28,8.94,7.07,,N,,-3.84,,2026-09-29,15900.0,,,,not_applicable_not_recent_listing
138520,TIGER 삼성그룹,36040,-2.84,21.43,-15.64,47.92,134.18,,N,-0.58,-2.33,2.28,200.46,222.51,,N,,91.86,,2026-09-29,36040.0,,,,not_applicable_not_recent_listing
138530,TIGER LG그룹플러스,12075,-5.29,18.15,-1.27,26.11,56.92,,N,-1.87,-1.19,-1.99,58.88,51.89,,N,,39.76,,2026-09-29,12075.0,,,,not_applicable_not_recent_listing
138540,TIGER 현대차그룹플러스,46050,-9.73,0.93,-17.15,-20.6,30.34,,N,-2.13,-4.55,-6.39,63.44,90.6,,N,,8.33,,2026-09-29,46050.0,,,,not_applicable_not_recent_listing
138910,KODEX 구리선물(H),10040,-0.69,3.56,5.3,16.14,30.22,,N,-0.1,-2.19,4.04,27.09,55.9,,N,,11,,2026-09-29,10040.0,,,,not_applicable_not_recent_listing
138920,KODEX 콩선물(H),12700,1.11,6.05,11.35,5.53,17.97,,N,-1.05,-3.02,-0.86,11.01,-12.83,,N,,15.25,,2026-09-29,12700.0,,,,not_applicable_not_recent_listing
139220,TIGER 200 건설,7595,-5.42,29.28,-7.77,0.26,82.79,,N,-3.8,-7.6,-6.81,151.91,146.59,,N,,64.22,,2026-09-29,7595.0,,,,not_applicable_not_recent_listing
139230,TIGER 200 중공업,12385,-9.1,13.16,-18.79,-18.22,2.23,,N,-2.56,-5.71,-4.03,151.98,246.92,,N,,-6.88,,2026-09-29,12385.0,,,,not_applicable_not_recent_listing
139240,TIGER 200 철강소재,10600,-9.21,21.28,2.42,-21.94,-7.75,,N,-1.99,-5.53,-6.11,24.93,14.41,,N,,-14.17,,2026-09-29,10600.0,,,,not_applicable_not_recent_listing
139250,TIGER 200 에너지화학,17720,-0.23,20.54,-4.22,8.35,48.91,,N,-2.88,1.08,0.4,49.92,29.58,,N,,30.34,,2026-09-29,17720.0,,,,not_applicable_not_recent_listing
139260,TIGER 200 IT,142105,5.31,33.48,-24.19,77.32,270.11,,N,1.03,-0.36,8.56,342.28,377.74,,N,,151.34,,2026-09-29,142105.0,,,,not_applicable_not_recent_listing
139270,TIGER 200 금융,17075,-0.7,9.31,3.55,5.69,40.53,,N,-0.67,-0.76,-0.93,97.74,170.17,,N,,33.4,,2026-09-29,17075.0,,,,not_applicable_not_recent_listing
139280,TIGER 경기방어,12165,-8.57,1.88,-1.74,-8.64,4.69,,N,-0.37,-0.04,-0.77,18.28,45.25,,N,,-0.94,,2026-09-29,12165.0,,,,not_applicable_not_recent_listing
139290,TIGER 200 경기소비재,23125,-8.94,-4.09,-18.3,-12.09,31.92,,N,-0.98,-1.43,-3.69,41.61,53.45,,N,,8.16,,2026-09-29,23125.0,,,,not_applicable_not_recent_listing
139320,TIGER 금은선물(H),17220,-9.98,2.23,1,-9.84,4.59,,N,-0.58,-4.36,-3.26,41.55,84.37,,N,,-10.36,,2026-09-29,17220.0,,,,not_applicable_not_recent_listing
139660,KIWOOM 미국달러선물인버스,8540,1.12,7.29,13.72,10.62,2.15,,N,0.65,0,0,-4.53,-2.73,,N,,5.5,,2026-09-29,8540.0,,,,not_applicable_not_recent_listing
140570,RISE 수출주,25425,-3.66,19.53,-8.1,14.73,64.46,,N,-1.63,-1.95,0.73,110.21,133.04,,N,,41.01,,2026-09-29,25425.0,,,,not_applicable_not_recent_listing
140580,RISE 우량업종대표주,24000,-3.25,13.23,-11.03,3.31,49.3,,N,-0.19,-0.66,0.29,99.09,133.92,,N,,33,,2026-09-29,24000.0,,,,not_applicable_not_recent_listing
140700,KODEX 보험,21100,-2.7,19.99,10.97,34.27,66.8,,N,0.4,2.25,0.62,109.01,156.07,,N,,64.14,,2026-09-29,21100.0,,,,not_applicable_not_recent_listing
140710,KODEX 운송,6615,0.3,10.16,6.61,-1.05,13.17,,N,-0.82,-0.82,1.46,23.53,53.84,,N,,12.4,,2026-09-29,6615.0,,,,not_applicable_not_recent_listing
140950,파워 코스피100,86320,2.49,21.89,-20.19,36.82,137.53,,N,0.31,-1.98,5.18,219.64,245.21,,N,,83.68,,2026-09-29,86320.0,,,,not_applicable_not_recent_listing
143850,TIGER 미국S&P500선물(H),77170,-0.75,2.8,2.98,15.79,9.81,,N,-0.39,-1.32,0.89,23.34,58.22,,N,,8.33,,2026-09-29,77170.0,,,,not_applicable_not_recent_listing
143860,TIGER 헬스케어,34735,-11.76,3.44,-15.84,-33.61,-17.96,,N,-0.56,0.74,-1.52,-9.93,32.1,,N,,-27.6,,2026-09-29,34735.0,,,,not_applicable_not_recent_listing
144600,KODEX 은선물(H),9860,-12.32,4.45,2.65,-14.6,21.43,,N,-1.15,-6.81,-3.76,70.29,125.89,,N,,-21.78,,2026-09-29,9860.0,,,,not_applicable_not_recent_listing
145670,ACE 인버스,1267,-2.99,-22.93,10.46,-40.79,-67.84,,N,-0.16,1.77,-4.74,-76.38,-78.3,,N,,-58.39,,2026-09-29,1267.0,,,,not_applicable_not_recent_listing
145850,TREX 펀더멘탈 200,117820,-0.66,13.89,-8.67,35.46,125.86,,N,-0.15,-1.11,1.19,192.32,226.78,,N,,81.01,,2026-09-29,117820.0,,,,not_applicable_not_recent_listing
147970,TIGER 모멘텀,78780,-3.44,14.9,-17.16,16.74,67.35,,N,-1.28,-1.61,0.74,163.39,222.87,,N,,52.87,,2026-09-29,78780.0,,,,not_applicable_not_recent_listing
148020,RISE 200,110845,2.62,22.57,-19.33,35.27,130.21,,N,0.43,-1.66,5.39,209.45,233.37,,N,,80.53,,2026-09-29,110845.0,,,,not_applicable_not_recent_listing
148070,KIWOOM 국고채10년,103850,-1.07,-0.71,-1.42,-1.88,-10.62,,N,0.68,0.03,1.14,-10.94,-3.78,,N,,-4.88,,2026-09-29,103850.0,,,,not_applicable_not_recent_listing
150460,TIGER 중국소비테마,7385,-10.32,5.27,1.44,-2.96,-6.22,,N,0.07,0.61,-1.47,11.56,13.35,,N,,1.79,,2026-09-29,7385.0,,,,not_applicable_not_recent_listing
152100,PLUS 200,111695,2.45,23.05,-19.4,35.36,129.85,,N,0.41,-1.69,5.42,209.66,233.67,,N,,79.76,,2026-09-29,111695.0,,,,not_applicable_not_recent_listing
152380,KODEX 국채선물10년,64385,-1.05,-0.89,-1.56,-1.99,-8.82,,N,0.58,-0.12,1.1,-6.61,3.91,,N,,-5.01,,2026-09-29,64385.0,,,,not_applicable_not_recent_listing
152500,ACE 레버리지,45300,3.61,39.94,-43.7,43.17,266.8,,N,0.61,-2.83,10.6,542.1,621.91,,N,,133.69,,2026-09-29,45300.0,,,,not_applicable_not_recent_listing
152870,파워 200,110940,2.59,22.57,-19.22,34.81,129.81,,N,0.33,-1.81,5.32,209.5,234.56,,N,,80.51,,2026-09-29,110940.0,,,,not_applicable_not_recent_listing
153130,KODEX 단기채권,113190,-0.08,-0.06,-0.06,-0.09,-0.39,,N,-0.02,0,0.05,1.86,5.56,,N,,-0.26,,2026-09-29,113190.0,,,,not_applicable_not_recent_listing
153270,KIWOOM 코스피100,84725,2.54,22.08,-22.98,37.21,136.76,,N,0.38,-1.35,5.18,214.85,241.84,,N,,83.31,,2026-09-29,84725.0,,,,not_applicable_not_recent_listing
156080,KODEX MSCI Korea,52555,2.96,23.46,-19.65,37.96,141.24,,N,0.12,-1.2,6.18,214.42,236.78,,N,,85.97,,2026-09-29,52555.0,,,,not_applicable_not_recent_listing
157450,TIGER 단기통안채,112705,0.17,0.4,0.59,1.23,1.22,,N,0,-0,0.07,3.98,7.69,,N,,1.71,,2026-09-29,112705.0,,,,not_applicable_not_recent_listing
157490,TIGER 소프트웨어,7840,-9,-1.32,-6.33,-12.69,-20.85,,N,-1.07,-2.06,-2.85,1.49,-5.08,,N,,-16.19,,2026-09-29,7840.0,,,,not_applicable_not_recent_listing
157500,TIGER 증권,11790,-6.58,-3,-22.08,-35.68,22.3,,N,-1.26,-2.68,-3.12,108.49,195.86,,N,,13.09,,2026-09-29,11790.0,,,,not_applicable_not_recent_listing
159800,마이티 코스피100,87050,2.53,22.88,-20.17,36.29,135.37,,N,0.23,-1.79,4.63,216.43,249.04,,N,,83.01,,2026-09-29,87050.0,,,,not_applicable_not_recent_listing
160580,TIGER 구리실물,16180,0.19,-0.64,-4.32,6.69,31.28,,N,-0.06,-1.52,3.22,38.94,61.24,,N,,4.69,,2026-09-29,16180.0,,,,not_applicable_not_recent_listing
161510,PLUS 고배당주,24840,-2.61,5.57,3.41,-4.5,26.41,,N,-0.98,-0.5,-1.78,65.49,109.18,,N,,16.76,,2026-09-29,24840.0,,,,not_applicable_not_recent_listing
166400,TIGER 200커버드콜OTM,24690,5.2,26.58,2.13,26.97,57.51,,N,-0.68,-2.02,4.31,92.66,109.5,,N,,42.18,,2026-09-29,24690.0,,,,not_applicable_not_recent_listing
167860,KIWOOM 국고채10년레버리지,90080,-2.53,-2.64,-4.11,-5.72,-20.25,,N,0.62,-1.18,1.69,-21.29,-8.97,,N,,-12.12,,2026-09-29,90080.0,,,,not_applicable_not_recent_listing
168580,ACE 중국본토CSI300,32085,-6.87,-10.46,-20.18,-9.29,-3.66,,N,0.49,-5.1,-2.05,27.17,31.5,,N,,-7.71,,2026-09-29,32085.0,,,,not_applicable_not_recent_listing
169950,KODEX 차이나A50,23900,-6.09,-9.73,-18.68,-9.5,-4.09,,N,-0.5,-4.51,-2.73,17.73,30.64,,N,,-8.57,,2026-09-29,23900.0,,,,not_applicable_not_recent_listing
174350,TIGER 로우볼,20815,-3.14,5.07,6.91,2.08,24.27,,N,0.19,0.46,-1.07,58.65,90.61,,N,,16.19,,2026-09-29,20815.0,,,,not_applicable_not_recent_listing
174360,RISE 중국본토대형주CSI100,21610,-7.09,-12.05,-21.19,-10.65,-3.66,,N,0.07,-4.8,-2.48,27.34,31.49,,N,,-8.3,,2026-09-29,21610.0,,,,not_applicable_not_recent_listing
176950,KODEX 국채선물10년인버스,61200,1.48,1.79,2.93,4.28,11.84,,N,-0.42,0.67,-0.89,14.41,8.64,,N,,8.79,,2026-09-29,61200.0,,,,not_applicable_not_recent_listing
181480,ACE 미국부동산리츠(합성 H),79435,-6.61,-10.58,-8.82,0.96,-3.57,,N,-0.76,-3.19,-4.01,-10.47,14.58,,N,,-0.87,,2026-09-29,79435.0,,,,not_applicable_not_recent_listing
182480,TIGER 미국MSCI리츠(합성 H),12940,-6.91,-10.73,-8.78,2.41,2.66,,N,-0.15,-2.63,-1.86,-6.57,17.42,,N,,4.1,,2026-09-29,12940.0,,,,not_applicable_not_recent_listing
182490,TIGER 단기선진하이일드(합성 H),13645,-1.59,-0.87,-0.91,0.18,-0.73,,N,-0.37,-0.91,-1.23,2.63,11.57,,N,,-0.62,,2026-09-29,13645.0,,,,not_applicable_not_recent_listing
183700,RISE 200채권혼합50,96545,0.89,8.7,-9.93,15.37,41.78,,N,-0.35,-1.22,2.4,55.78,63.19,,N,,30.11,,2026-09-29,96545.0,,,,not_applicable_not_recent_listing
183710,RISE 주식혼합,93560,1.37,17.32,-14.28,27.84,87.42,,N,-0.15,-1.71,3.42,130.84,147.06,,N,,56.57,,2026-09-29,93560.0,,,,not_applicable_not_recent_listing
185680,KODEX 미국S&P바이오(합성),45000,-8.47,-2.34,-13.19,11.88,53.19,,N,1.04,-1.26,-0.41,60.74,108.24,,N,,17.14,,2026-09-29,45000.0,,,,not_applicable_not_recent_listing
189400,PLUS 글로벌MSCI(합성 H),25580,-1.69,2.63,1.39,13.56,13.19,,N,-1.35,-1.2,0.43,29.13,66.59,,N,,9.2,,2026-09-29,25580.0,,,,not_applicable_not_recent_listing
190620,ACE 단기통안채,102105,0.13,0.37,0.59,1.23,-0.3,,N,-0,-0.01,0.05,-0.94,-0.61,,N,,1.71,,2026-09-29,102105.0,,,,not_applicable_not_recent_listing
192090,TIGER 차이나CSI300,11630,-6.06,-10.54,-20.97,-9.78,-4.24,,N,-0.56,-4.59,-1.44,25.05,28.3,,N,,-7.29,,2026-09-29,11630.0,,,,not_applicable_not_recent_listing
192720,파워 고배당저변동성,57605,-3.33,3.93,3.17,1.87,34.32,,N,-0.78,-0.02,-1.86,77.03,107.7,,N,,21.52,,2026-09-29,57605.0,,,,not_applicable_not_recent_listing
195920,TIGER 일본TOPIX(합성 H),35080,-1.5,3.18,2.54,14.1,31.24,,N,-0.97,-0.54,0.72,52.49,74.96,,N,,19.91,,2026-09-29,35080.0,,,,not_applicable_not_recent_listing
195930,TIGER 유로스탁스50(합성 H),23200,-1.72,0.43,1.24,15.05,16.09,,N,1.05,0.52,1.71,29.5,60.11,,N,,10.82,,2026-09-29,23200.0,,,,not_applicable_not_recent_listing
195970,PLUS 선진국MSCI(합성 H),16150,-3.18,0.72,1.64,9.71,14.54,,N,0.22,-0.4,-0.58,26.17,55.14,,N,,7.92,,2026-09-29,16150.0,,,,not_applicable_not_recent_listing
195980,PLUS 신흥국MSCI(합성 H),15160,-0.82,8.99,-0.88,17.56,27.5,,N,-1.04,-3.07,1.1,43.15,78.14,,N,,22.6,,2026-09-29,15160.0,,,,not_applicable_not_recent_listing
196030,ACE 일본TOPIX레버리지(H),89860,-2.36,5.93,5.75,26.6,60.91,,N,-0.84,-1.33,3.29,114.11,179.68,,N,,41.37,,2026-09-29,89860.0,,,,not_applicable_not_recent_listing
196230,RISE 단기통안채,117070,0.15,0.35,0.55,1.17,0.86,,N,0,0.03,0.07,3.58,7.23,,N,,1.63,,2026-09-29,117070.0,,,,not_applicable_not_recent_listing
200030,KODEX 미국S&P500산업재(합성),39500,-6.5,-13.11,-18.96,-6.82,6.79,,N,-1.24,-0.98,-0.5,28.16,67.2,,N,,1.31,,2026-09-29,39500.0,,,,not_applicable_not_recent_listing
200250,KIWOOM 인도Nifty50(합성),19760,-7.3,-11.77,-18.3,-12.89,-18.82,,N,-0.75,-3.18,-2.9,-25.04,-3.91,,N,,-23.47,,2026-09-29,19760.0,,,,not_applicable_not_recent_listing
203780,TIGER 미국나스닥바이오,34995,-4.12,1.63,-4.85,11.43,42.34,,N,0.5,1.23,2.25,52.45,76.65,,N,,15.17,,2026-09-29,34995.0,,,,not_applicable_not_recent_listing
204450,KODEX 차이나H레버리지(H),2160,-8.47,-10.37,11.86,-10.74,-31.86,,N,-0.69,-3.79,-1.37,0.93,28.57,,N,,-22.99,,2026-09-29,2160.0,,,,not_applicable_not_recent_listing
204480,TIGER 차이나CSI300레버리지(합성),20890,-14.99,-23.58,-40.8,-25.37,-15.6,,N,-0.85,-10.32,-4.76,35.91,28.32,,N,,-22.14,,2026-09-29,20890.0,,,,not_applicable_not_recent_listing
205720,ACE 일본TOPIX인버스(합성 H),1440,0.35,-4.57,-4.95,-14.59,-28.71,,N,-0.07,-0.14,-1.84,-42.28,-53.92,,N,,-21.61,,2026-09-29,1440.0,,,,not_applicable_not_recent_listing
210780,TIGER 코스피고배당,23380,-1.76,6.76,5.15,-6.52,22.92,,N,-0.49,0.6,-0.89,55.04,73.76,,N,,13.58,,2026-09-29,23380.0,,,,not_applicable_not_recent_listing
211560,TIGER 배당성장,35055,-1.77,6,-0.57,-2.48,40.33,,N,0.2,0.16,-1.21,75.89,108.35,,N,,28.83,,2026-09-29,35055.0,,,,not_applicable_not_recent_listing
211900,KODEX 코리아배당성장,27685,-2.76,4.91,-0.89,-3.64,38.22,,N,-1.16,-1.12,-1.76,74.12,104.77,,N,,26.59,,2026-09-29,27685.0,,,,not_applicable_not_recent_listing
213610,KODEX 삼성그룹밸류,22310,-1.83,16.02,-12.34,34.93,103.37,,N,0.25,-1,2.76,152.52,161.09,,N,,69.53,,2026-09-29,22310.0,,,,not_applicable_not_recent_listing
213630,PLUS 미국다우존스고배당주(합성 H),19895,-5.4,-6.88,-3.42,1.4,7.54,,N,-0.23,-2.74,-4.83,14.01,40.4,,N,,7.98,,2026-09-29,19895.0,,,,not_applicable_not_recent_listing
214980,KODEX 단기채권PLUS,114475,-0.11,-0.1,-0.05,-0.18,-0.48,,N,0,0.04,0.05,2.15,6.12,,N,,-0.37,,2026-09-29,114475.0,,,,not_applicable_not_recent_listing
215620,HK S&P코리아로우볼,16065,-2.46,5.59,5.1,-10.25,1.1,,N,0,1.1,-1.14,20.2,38.79,,N,,-1.89,,2026-09-29,16065.0,,,,not_applicable_not_recent_listing
217770,TIGER 원유선물인버스(H),1082,-16.06,-19.25,-33.04,-29.37,-57.57,,N,0,-0.46,4.24,-63.99,-59.48,,N,,-60.58,,2026-09-29,1082.0,,,,not_applicable_not_recent_listing
217780,TIGER 차이나CSI300인버스(합성),5825,7.08,11.48,23.41,8.68,-5.52,,N,0.26,4.77,2.46,-30.9,-33.92,,N,,3.65,,2026-09-29,5825.0,,,,not_applicable_not_recent_listing
218420,KODEX 미국S&P500에너지(합성),19765,-0.75,0.66,1.99,-9.15,32.47,,N,-0.68,-0.9,-3.21,49.91,37.4,,N,,32.12,,2026-09-29,19765.0,,,,not_applicable_not_recent_listing
219390,RISE 미국S&P원유생산기업(합성 H),7850,-2.55,6.01,14.93,-5.93,28.58,,N,-0.76,-2.48,-7.21,35.11,15.44,,N,,38.57,,2026-09-29,7850.0,,,,not_applicable_not_recent_listing
219480,KODEX 미국S&P500선물(H),33100,-0.63,3.29,3.58,16.82,11.96,,N,-0.36,-1.15,0.91,27.01,65,,N,,9.84,,2026-09-29,33100.0,,,,not_applicable_not_recent_listing
219900,ACE 중국본토CSI300레버리지(합성),3635,-12.73,-18.95,-37.81,-22.08,-13.66,,N,-0.82,-9.13,-4.47,36.4,30.05,,N,,-20.55,,2026-09-29,3635.0,,,,not_applicable_not_recent_listing
220130,SOL 차이나강소기업CSI500(합성 H),6535,-5.9,-0.15,-12.87,0.85,9.83,,N,-0.38,-5.7,-2.54,61.76,48.86,,N,,6.09,,2026-09-29,6535.0,,,,not_applicable_not_recent_listing
223190,KODEX 200가치저변동,27585,-2.02,13.96,-8.28,17.81,83.35,,N,-1.09,-1.68,0.33,139.56,182.78,,N,,52.78,,2026-09-29,27585.0,,,,not_applicable_not_recent_listing
225030,TIGER 미국S&P500선물인버스(H),2260,0.67,-3,-2.59,-14.07,-13.41,,N,0.22,0.89,-0.96,-24.54,-40.68,,N,,-8.69,,2026-09-29,2260.0,,,,not_applicable_not_recent_listing
225040,TIGER 미국S&P500레버리지(합성 H),67390,-1.44,6.14,6.71,35.28,23.99,,N,-0.76,-2.21,1.92,52.69,154.88,,N,,18.3,,2026-09-29,67390.0,,,,not_applicable_not_recent_listing
225050,TIGER 유로스탁스레버리지(합성 H),15850,-4.95,0.16,1.02,23.54,20.95,,N,-0.53,-0.81,1.5,34.95,82.39,,N,,15.86,,2026-09-29,15850.0,,,,not_applicable_not_recent_listing
225060,TIGER 이머징마켓MSCI레버리지(합성 H),16230,-1.84,19.6,-0.46,36.33,46.94,,N,-1.79,-4.73,2.72,80.33,151.04,,N,,40.95,,2026-09-29,16230.0,,,,not_applicable_not_recent_listing
225130,ACE 골드선물 레버리지(합성 H),43170,-18.88,4.02,3.03,-20.05,-3.58,,N,-1.96,-8.14,-6.96,68.3,182.06,,N,,-22.47,,2026-09-29,43170.0,,,,not_applicable_not_recent_listing
225800,KIWOOM 미국달러선물레버리지,14510,-2.26,-11.79,-22.57,-18.12,-4.57,,N,-1.16,-0.89,-0.41,12.22,12.83,,N,,-10.1,,2026-09-29,14510.0,,,,not_applicable_not_recent_listing
226380,ACE Fn성장소비주도주,5725,-7.21,5.92,0,-13.13,-20.38,,N,0.26,1.15,-1.29,-0.26,-1.8,,N,,-12.39,,2026-09-29,5725.0,,,,not_applicable_not_recent_listing
226490,KODEX 코스피,70810,1.43,20.93,-18.06,26.33,101.65,,N,0,-1.65,4.17,161.29,181.1,,N,,63.27,,2026-09-29,70810.0,,,,not_applicable_not_recent_listing
226980,KODEX 200 중소형,23030,-3.15,18.65,-3.64,-4.83,25.74,,N,-0.09,0.74,-0.26,70.59,96.33,,N,,15.32,,2026-09-29,23030.0,,,,not_applicable_not_recent_listing
227540,TIGER 200 헬스케어,18235,-8.78,4.68,-4.25,-18.08,-8.44,,N,-0.22,-0.36,-1.88,-14.17,11.22,,N,,-19.76,,2026-09-29,18235.0,,,,not_applicable_not_recent_listing
227550,TIGER 200 산업재,12005,-5.55,19.99,-4.8,-13.73,19.57,,N,-2.12,-3.11,-1.07,66.5,97.29,,N,,17.47,,2026-09-29,12005.0,,,,not_applicable_not_recent_listing
227560,TIGER 200 생활소비재,12450,-9.45,1.55,-1.11,-4.89,5.24,,N,-0.12,-0.56,-0.4,41.08,59.51,,N,,4.27,,2026-09-29,12450.0,,,,not_applicable_not_recent_listing
227570,TIGER 우량가치,20990,-2.26,10.53,5.96,2.62,39.79,,N,0.36,0.31,-1.5,74.26,93.37,,N,,28.38,,2026-09-29,20990.0,,,,not_applicable_not_recent_listing
227830,PLUS 코스피,71275,1.31,21.01,-18.41,26.69,100.63,,N,-0.56,-1.98,4.54,158.76,178.53,,N,,62.82,,2026-09-29,71275.0,,,,not_applicable_not_recent_listing
228790,TIGER 화장품,4285,-15.73,13.66,18.86,19.69,7.8,,N,0.35,0.82,-0.46,38.23,71.4,,N,,31.85,,2026-09-29,4285.0,,,,not_applicable_not_recent_listing
228800,TIGER 여행레저,2615,-3.51,8.51,-7.92,-20.4,-29.04,,N,-1.88,-1.13,-2.06,-17.64,-28.36,,N,,-23.54,,2026-09-29,2615.0,,,,not_applicable_not_recent_listing
228810,TIGER 미디어컨텐츠,3070,-1.44,2.16,-10.23,-38.04,-54.35,,N,0.66,2.68,-3.31,-33.55,-52.18,,N,,-49.38,,2026-09-29,3070.0,,,,not_applicable_not_recent_listing
228820,TIGER KTOP30,18930,0.03,22.09,-15.04,28.43,89.68,,N,0,-1.25,4.64,116.34,120.76,,N,,63.97,,2026-09-29,18930.0,,,,not_applicable_not_recent_listing
229200,KODEX 코스닥150,14300,-1.21,28.54,-14.42,-27.89,1.92,,N,1.24,2.73,4.49,9.7,8.25,,N,,-7.32,,2026-09-29,14300.0,,,,not_applicable_not_recent_listing
229720,KODEX KTOP30,37330,-0.35,21.7,-16,26.95,88.3,,N,-0.4,-1.28,4.26,113.13,118.88,,N,,62.34,,2026-09-29,37330.0,,,,not_applicable_not_recent_listing
230480,KIWOOM 미국달러선물인버스2X,4790,2.35,13.78,28.76,20.96,1.7,,N,0.95,1.05,0.1,-14.31,-14.16,,N,,9.24,,2026-09-29,4790.0,,,,not_applicable_not_recent_listing
232080,TIGER 코스닥150,14565,-1.32,28.1,-14.25,-28.13,1.01,,N,1.18,2.75,4.41,8.9,7.02,,N,,-7.47,,2026-09-29,14565.0,,,,not_applicable_not_recent_listing
233160,TIGER 코스닥150 레버리지,7885,-3.61,54.61,-34.32,-57.76,-27.79,,N,2.4,5.27,9.06,-23.71,-33.54,,N,,-38.28,,2026-09-29,7885.0,,,,not_applicable_not_recent_listing
233740,KODEX 코스닥150레버리지,7130,-3.58,54.83,-34.71,-57.89,-26.61,,N,2.44,5.24,8.77,-22.92,-33.33,,N,,-37.76,,2026-09-29,7130.0,,,,not_applicable_not_recent_listing
234310,RISE V&S셀렉트밸류,28365,-0.26,17.87,-7.08,10.78,61.9,,N,-0.39,-0.93,3.41,95.89,106.29,,N,,38.2,,2026-09-29,28365.0,,,,not_applicable_not_recent_listing
236350,TIGER 인도니프티50레버리지(합성),22785,-16.63,-26.14,-36.56,-28.25,-40.62,,N,-2.84,-6.5,-6.43,-51.28,-24.98,,N,,-45.61,,2026-09-29,22785.0,,,,not_applicable_not_recent_listing
237350,KODEX 코스피100,87600,2.4,22.34,-20.15,36.83,136.21,,N,0.02,-1.94,5.04,216.99,244.27,,N,,83.38,,2026-09-29,87600.0,,,,not_applicable_not_recent_listing
237370,KODEX 코리아배당성장채권혼합,15535,-1.37,0.71,-0.73,-1.4,8.11,,N,-0.26,-0.26,-0.38,18.05,29.89,,N,,6.08,,2026-09-29,15535.0,,,,not_applicable_not_recent_listing
237440,TIGER 경기방어채권혼합,10060,-3.55,-0.15,-0.15,-2.24,0.75,,N,-0.74,-0.89,-0.59,5.01,15.04,,N,,-0.54,,2026-09-29,10060.0,,,,not_applicable_not_recent_listing
238670,PLUS 스마트베타Quality채권혼합,13510,-1.46,4.81,2,4.97,13.39,,N,-0.22,-0.33,0,23.44,28.54,,N,,9.97,,2026-09-29,13510.0,,,,not_applicable_not_recent_listing
238720,ACE 일본Nikkei225(H),47710,-1.48,7.17,-5.75,24.16,46.69,,N,-0.56,-0.2,3.06,70.12,115.2,,N,,32.2,,2026-09-29,47710.0,,,,not_applicable_not_recent_listing
239660,PLUS 우량회사채50,121755,0.01,0.33,0.58,1.16,0.31,,N,0.05,-0.04,0.07,3.4,7.93,,N,,1.26,,2026-09-29,121755.0,,,,not_applicable_not_recent_listing
241180,TIGER 일본니케이225,34155,-0.97,4.16,-14.46,13.08,32.41,,N,-0.57,-0.83,1.49,57.8,89.75,,N,,22.46,,2026-09-29,34155.0,,,,not_applicable_not_recent_listing
241390,RISE V&S셀렉트밸류채권혼합,15715,0.22,7.38,-3.11,3.73,19.51,,N,-0.88,-1.01,1.68,30.63,36.06,,N,,12.9,,2026-09-29,15715.0,,,,not_applicable_not_recent_listing
243880,TIGER 200IT레버리지,348175,7.91,58.26,-55.36,107.41,649.33,,N,2.7,-1.09,17.11,869.58,901.51,,N,,268.24,,2026-09-29,348175.0,,,,not_applicable_not_recent_listing
243890,TIGER 200에너지화학레버리지,8320,-1.71,39.48,-16.76,0.06,60.62,,N,-5.4,2.97,0.18,48.84,1.46,,N,,31.33,,2026-09-29,8320.0,,,,not_applicable_not_recent_listing
244580,KODEX 바이오,7900,-8.99,11.58,-19.72,-40.38,-22.24,,N,-1.19,1.94,-0.06,-8.25,0.13,,N,,-36.75,,2026-09-29,7900.0,,,,not_applicable_not_recent_listing
244620,KODEX 모멘텀Plus,21295,4.82,33.64,-13.06,13.45,44.42,,N,2.21,2.7,8.9,66.89,78.95,,N,,43.55,,2026-09-29,21295.0,,,,not_applicable_not_recent_listing
244660,KODEX 퀄리티Plus,9220,-5.48,4.42,2.1,-7.98,2.33,,N,-0.91,-0.43,-1.86,6.34,11.83,,N,,0.11,,2026-09-29,9220.0,,,,not_applicable_not_recent_listing
244670,KODEX 밸류Plus,11505,-2.91,7.52,0.09,-5.39,18.67,,N,-1.5,-0.26,-1.92,39.03,39.62,,N,,10.15,,2026-09-29,11505.0,,,,not_applicable_not_recent_listing
245340,TIGER 미국다우존스30,33970,-5.23,-8.46,-13.13,0.13,7.16,,N,-1.01,-1.39,-1.79,24.05,50.91,,N,,-0.19,,2026-09-29,33970.0,,,,not_applicable_not_recent_listing
245350,TIGER 유로스탁스배당30,18535,-5.55,-8.42,-8.38,0.54,10.1,,N,-0.46,-2.86,-2.78,49.54,69.35,,N,,0.65,,2026-09-29,18535.0,,,,not_applicable_not_recent_listing
245360,TIGER 차이나HSCEI,11735,-4.63,-11.17,-6.2,-11.93,-16.77,,N,-1.63,-1.92,-0.8,11.13,34.27,,N,,-14.56,,2026-09-29,11735.0,,,,not_applicable_not_recent_listing
245710,ACE 베트남VN30(합성),27875,-4.14,-0.32,-14.73,-3.53,0.49,,N,-0.92,-2.65,-1.8,34.76,52.7,,N,,-8.41,,2026-09-29,27875.0,,,,not_applicable_not_recent_listing
248270,TIGER S&P글로벌헬스케어(합성),25915,-3.72,-6.19,-9.13,1.23,17.66,,N,-0.4,0.52,1.29,9.42,27.79,,N,,-0.61,,2026-09-29,25915.0,,,,not_applicable_not_recent_listing
250730,RISE 차이나HSCEI(H),9670,-1.88,-3.78,8.59,-2.72,-15.69,,N,0.31,-2.03,-0.72,12.05,33.93,,N,,-8.47,,2026-09-29,9670.0,,,,not_applicable_not_recent_listing
250780,TIGER 코스닥150선물인버스,2385,0.85,-24.88,6.71,16.91,-27.62,,N,-1.45,-2.25,-4.6,-35.28,-40.45,,N,,-19.43,,2026-09-29,2385.0,,,,not_applicable_not_recent_listing
251340,KODEX 코스닥150선물인버스,2360,0.43,-25.79,6.31,15.97,-27.72,,N,-1.26,-2.68,-4.45,-34.9,-39.25,,N,,-19.45,,2026-09-29,2360.0,,,,not_applicable_not_recent_listing
251350,KODEX MSCI선진국,38075,-2.81,-4.27,-10.02,3.45,10.8,,N,-0.91,-1.51,0.05,34.59,71.86,,N,,3.58,,2026-09-29,38075.0,,,,not_applicable_not_recent_listing
251590,PLUS 고배당저변동50,17275,-2.51,4.82,4.98,-4.53,11.24,,N,-0.43,1.23,-0.23,34.02,57.98,,N,,7.13,,2026-09-29,17275.0,,,,not_applicable_not_recent_listing
251600,PLUS 고배당주채권혼합,15270,-1.9,2.11,1.5,-2.61,10.05,,N,-0.68,-0.39,-1.07,22.26,40.54,,N,,6.78,,2026-09-29,15270.0,,,,not_applicable_not_recent_listing
252000,TIGER 200동일가중,19050,-5.11,12.36,-3.3,-3.13,29.02,,N,-1.45,-1.58,-2.06,60.56,79.72,,N,,17.85,,2026-09-29,19050.0,,,,not_applicable_not_recent_listing
252400,RISE 200선물레버리지,102295,3.53,40.53,-43.69,43.55,268.37,,N,0.8,-3.74,10.57,541.55,615.35,,N,,133.39,,2026-09-29,102295.0,,,,not_applicable_not_recent_listing
252410,RISE 200선물인버스,1291,-2.49,-23.47,11.01,-41.32,-68.12,,N,-0.15,2.06,-4.86,-76.65,-78.55,,N,,-58.62,,2026-09-29,1291.0,,,,not_applicable_not_recent_listing
252420,RISE 200선물인버스2X,76,-6.17,-46.48,4.11,-73.14,-92.88,,N,0,4.11,-9.52,-96.41,-97.21,,N,,-87.74,,2026-09-29,76.0,,,,not_applicable_not_recent_listing
252650,KODEX 200동일가중,18220,-5.08,10.73,-3.44,-2.23,29.59,,N,-1.51,-1.35,-1.81,58.64,79.86,,N,,18.23,,2026-09-29,18220.0,,,,not_applicable_not_recent_listing
252670,KODEX 200선물인버스2X,72,-6.49,-47.83,1.41,-74.1,-93.21,,N,-1.37,2.86,-10,-96.6,-97.36,,N,,-88.29,,2026-09-29,72.0,,,,not_applicable_not_recent_listing
252710,TIGER 200선물인버스2X,78,-8.24,-47.3,4,-73.47,-93.07,,N,-1.27,1.3,-11.36,-96.53,-97.3,,N,,-88.02,,2026-09-29,78.0,,,,not_applicable_not_recent_listing
253150,PLUS 200선물레버리지,204065,3.11,39.19,-43.77,44.08,264.96,,N,0.67,-3.74,10.55,535.52,610.53,,N,,132.08,,2026-09-29,204065.0,,,,not_applicable_not_recent_listing
253160,PLUS 200선물인버스2X,147,-6.96,-47.12,2.8,-74.57,-93.23,,N,-0.68,3.52,-10.37,-96.61,-97.34,,N,,-88.32,,2026-09-29,147.0,,,,not_applicable_not_recent_listing
253230,KIWOOM 200선물인버스2X,72,-7.69,-47.06,4.35,-73.63,-93.31,,N,-1.37,2.86,-12.2,-96.62,-97.37,,N,,-88.46,,2026-09-29,72.0,,,,not_applicable_not_recent_listing
253240,KIWOOM 200선물인버스,1284,-3.31,-23.84,10.31,-42.03,-68.53,,N,-0.31,1.9,-5.52,-76.95,-78.93,,N,,-59.37,,2026-09-29,1284.0,,,,not_applicable_not_recent_listing
253250,KIWOOM 200선물레버리지,100780,3.72,41.94,-43.43,43.1,267.81,,N,0.77,-3.63,10.86,538.25,612.98,,N,,133.56,,2026-09-29,100780.0,,,,not_applicable_not_recent_listing
253280,RISE 헬스케어,11980,-11.75,4.63,-16.86,-37.8,-19.68,,N,-0.5,1.48,-1.07,-21.13,9.31,,N,,-29.01,,2026-09-29,11980.0,,,,not_applicable_not_recent_listing
253290,RISE 헬스케어채권혼합,11405,-4.52,1.24,-6.13,-14.51,-7.16,,N,-0.44,0.44,-0.22,-7.91,4.63,,N,,-10.34,,2026-09-29,11405.0,,,,not_applicable_not_recent_listing
256440,ACE MSCI인도네시아(합성),4765,-11.02,-9.84,-12.33,-35.08,-42.73,,N,-0.31,-4.12,-7.92,-55.47,-55.2,,N,,-44.4,,2026-09-29,4765.0,,,,not_applicable_not_recent_listing
256450,PLUS 심천차이넥스트(합성),13565,-8.16,-11.94,-32.68,-11.37,-2.62,,N,-0.07,-8.19,-2.86,71.6,59.03,,N,,-3.86,,2026-09-29,13565.0,,,,not_applicable_not_recent_listing
256750,KODEX 차이나심천ChiNext(합성),13905,-9.68,-12.41,-33.88,-12.27,-2.39,,N,-0.64,-7.94,-3.74,72.84,59.37,,N,,-5.92,,2026-09-29,13905.0,,,,not_applicable_not_recent_listing
261060,TIGER 코스닥150IT,27170,16.24,58.84,-1.09,8.75,71.26,,N,4,4.88,14.76,108.76,83.52,,N,,64.12,,2026-09-29,27170.0,,,,not_applicable_not_recent_listing
261070,TIGER 코스닥150바이오테크,11060,-17.4,6.76,-27.97,-48.81,-32.19,,N,-0.72,2.22,-2.25,-13.8,46.78,,N,,-38.52,,2026-09-29,11060.0,,,,not_applicable_not_recent_listing
261110,TIGER 미국달러선물레버리지,15445,-2.09,-11.77,-22.21,-17.93,-4.04,,N,-1.06,-0.68,-0.29,12.61,14.41,,N,,-9.55,,2026-09-29,15445.0,,,,not_applicable_not_recent_listing
261120,TIGER 미국달러선물인버스2X,5500,2.23,13.64,29.11,21.68,1.76,,N,1.2,0.55,0.64,-13.79,-13.32,,N,,10.55,,2026-09-29,5500.0,,,,not_applicable_not_recent_listing
261140,TIGER 우선주,24475,-0.26,16.83,-10.82,5.36,63.88,,N,-1.35,-1.33,3.64,97.78,126.73,,N,,34.59,,2026-09-29,24475.0,,,,not_applicable_not_recent_listing
261220,KODEX WTI원유선물(H),27445,17.41,19.72,41.03,21.09,83.52,,N,-0.09,0.37,-4.95,98.37,62.69,,N,,103.98,,2026-09-29,27445.0,,,,not_applicable_not_recent_listing
261240,KODEX 미국달러선물,14040,-0.95,-5.87,-11.31,-8.74,-0.92,,N,-0.53,-0.18,-0.11,9.64,12.5,,N,,-3.7,,2026-09-29,14040.0,,,,not_applicable_not_recent_listing
261250,KODEX 미국달러선물레버리지,15390,-2.13,-11.83,-22.25,-18.27,-3.81,,N,-0.97,-0.23,-0.26,13.37,14.34,,N,,-9.74,,2026-09-29,15390.0,,,,not_applicable_not_recent_listing
261260,KODEX 미국달러선물인버스2X,5520,2.13,13.35,28.67,21.32,2.22,,N,1.01,0.45,0.18,-13.34,-13.07,,N,,9.85,,2026-09-29,5520.0,,,,not_applicable_not_recent_listing
261270,KODEX 미국달러선물인버스,8255,1.48,6.93,14.02,11.18,2.87,,N,0.79,0.36,0.3,-3.9,-1.96,,N,,6.11,,2026-09-29,8255.0,,,,not_applicable_not_recent_listing
261920,ACE MSCI필리핀(합성),11555,-3.75,-15.22,-16.6,-13.87,-11.59,,N,0.74,0.04,-2.9,-23.93,-9.94,,N,,-14.41,,2026-09-29,11555.0,,,,not_applicable_not_recent_listing
265690,ACE 러시아MSCI(합성),8535,0,0,0,0,0,,N,0,0,0,-9.63,-11,,N,,0,,2026-09-29,8535.0,,,,not_applicable_not_recent_listing
266160,RISE 고배당,33485,2.97,17.35,-13.98,18.78,89.34,,N,0.19,-0.79,3.49,143.44,177.54,,N,,59.3,,2026-09-29,33485.0,,,,not_applicable_not_recent_listing
266360,KODEX K콘텐츠,9250,-7.59,-4.69,-8.64,-24.37,-33.72,,N,-1.39,-0.96,-3.65,-14.31,-19.32,,N,,-29.47,,2026-09-29,9250.0,,,,not_applicable_not_recent_listing
266370,KODEX IT,71500,6.7,37.16,-20.73,64.67,225.81,,N,1.31,0.49,9.35,295.46,313.89,,N,,137.54,,2026-09-29,71500.0,,,,not_applicable_not_recent_listing
266390,KODEX 경기소비재,14920,-1,6.95,-7.5,38.53,55.25,,N,-0.13,-1.09,-0.23,69.83,72.39,,N,,45.28,,2026-09-29,14920.0,,,,not_applicable_not_recent_listing
266410,KODEX 필수소비재,9545,-10.29,5.64,6.17,1.6,12.36,,N,-0.37,-0.31,-0.31,38.13,44.95,,N,,18.87,,2026-09-29,9545.0,,,,not_applicable_not_recent_listing
266420,KODEX 헬스케어,15770,-11.78,3.61,-16.18,-33.45,-17.63,,N,-0.57,0.77,-1.65,-9.13,35.95,,N,,-27.26,,2026-09-29,15770.0,,,,not_applicable_not_recent_listing
266550,PLUS 중형주저변동50,18045,-5,6.81,-1.45,-3.11,19.78,,N,-1.34,-1.98,-2.88,44.42,67.94,,N,,17.02,,2026-09-29,18045.0,,,,not_applicable_not_recent_listing
267440,RISE 미국장기국채선물(H),7715,-5.1,-4.1,-7.44,-6.2,-11.01,,N,-0.58,-3.5,-2.4,-14.61,-6.6,,N,,-8.7,,2026-09-29,7715.0,,,,not_applicable_not_recent_listing
267450,RISE 미국장기국채선물인버스(H),11660,4.95,5.66,10,7.22,7.17,,N,0.47,3.32,2.1,14.99,5.95,,N,,9.18,,2026-09-29,11660.0,,,,not_applicable_not_recent_listing
267490,RISE 미국장기국채선물레버리지(합성 H),4590,-9.56,-9.47,-14.6,-13.8,-21.13,,N,-0.65,-6.52,-4.37,-30.87,-22.14,,N,,-18.69,,2026-09-29,4590.0,,,,not_applicable_not_recent_listing
267770,TIGER 200선물레버리지,84460,3.61,38.95,-44.1,41.58,265.94,,N,0.62,-3.72,10.52,530.3,607.37,,N,,132.32,,2026-09-29,84460.0,,,,not_applicable_not_recent_listing
269370,TIGER S&P글로벌인프라(합성),15965,-6.77,-14.21,-20.49,-17.06,-1.92,,N,-0.47,-2.18,-2.27,16.11,38.23,,N,,-6.88,,2026-09-29,15965.0,,,,not_applicable_not_recent_listing
269420,KODEX S&P글로벌인프라(합성),20615,-7.16,-12.72,-20.21,-16.4,0.46,,N,-0.53,-2.3,-2.32,22.31,49.98,,N,,-4.65,,2026-09-29,20615.0,,,,not_applicable_not_recent_listing
269530,PLUS S&P글로벌인프라,18505,-6.4,-13.83,-20.56,-17.28,-2.63,,N,-0.96,-2.58,-1.99,15.87,38.51,,N,,-6.63,,2026-09-29,18505.0,,,,not_applicable_not_recent_listing
269540,PLUS 미국S&P500(H),30005,-0.68,2.16,1.82,15.47,13.5,,N,-0.25,-1.3,1.08,28.97,69.62,,N,,9.53,,2026-09-29,30005.0,,,,not_applicable_not_recent_listing
270800,RISE KQ고배당,15865,2.35,16.14,-0.78,-1.55,18.22,,N,0.06,2.16,3.36,41.34,33.38,,N,,18.4,,2026-09-29,15865.0,,,,not_applicable_not_recent_listing
270810,RISE 코스닥150,14230,-1.25,28.84,-14.17,-27.69,1.68,,N,1.21,2.71,4.4,9.84,8.21,,N,,-7.11,,2026-09-29,14230.0,,,,not_applicable_not_recent_listing
271050,KODEX WTI원유선물인버스(H),1717,-15.63,-18.24,-31.73,-28.31,-56.31,,N,0.23,-0.17,4.31,-62.55,-56.42,,N,,-60.12,,2026-09-29,1717.0,,,,not_applicable_not_recent_listing
271060,KODEX 3대농산물선물(H),8850,-3.17,5.42,15.46,4.67,14.05,,N,-0.39,-3.33,-1.78,2.19,-18.99,,N,,13.03,,2026-09-29,8850.0,,,,not_applicable_not_recent_listing
272560,RISE 단기국공채액티브,114875,0.01,0.26,0.6,1.16,0.71,,N,0.01,-0.05,-0.02,3.84,8.07,,N,,1.56,,2026-09-29,114875.0,,,,not_applicable_not_recent_listing
272570,RISE 중장기국공채액티브,107465,-0.64,-0.32,-0.24,0.04,-3.83,,N,0.28,-0.06,0.4,-0.5,7.04,,N,,-1.52,,2026-09-29,107465.0,,,,not_applicable_not_recent_listing
272580,TIGER 단기채권액티브,57200,0.21,0.51,0.77,1.41,1.79,,N,0.02,0.02,0.09,4.82,8.75,,N,,1.99,,2026-09-29,57200.0,,,,not_applicable_not_recent_listing
272910,ACE 중장기국공채액티브,105695,-0.53,-0.22,-0.19,0.23,-3.21,,N,0.12,-0.13,0.3,0.36,8.11,,N,,-1.13,,2026-09-29,105695.0,,,,not_applicable_not_recent_listing
273130,KODEX 종합채권(AA-이상)액티브,109665,-0.51,-0.14,-0.42,-1.76,-7.62,,N,0.29,0.06,0.51,-4.04,5.12,,N,,-4.29,,2026-09-29,109665.0,,,,not_applicable_not_recent_listing
273140,KODEX 단기변동금리부채권액티브,114635,-0.03,-0.02,-0.01,-0.1,-0.16,,N,0.01,0.06,0.07,2.35,6.06,,N,,-0.16,,2026-09-29,114635.0,,,,not_applicable_not_recent_listing
275280,KODEX 모멘텀주,43605,3.97,26.8,-19.52,39.63,116.78,,N,0.81,-1.02,6.9,228.72,283,,N,,80.75,,2026-09-29,43605.0,,,,not_applicable_not_recent_listing
275290,KODEX 가치주,34965,3.94,22.51,-15.74,43.48,148.95,,N,-0.04,-1.09,4.56,216.43,234.11,,N,,92.54,,2026-09-29,34965.0,,,,not_applicable_not_recent_listing
275300,KODEX 우량주,30410,1.91,23.29,-18.91,41.84,152.05,,N,0.31,-0.91,6.12,236.02,288.38,,N,,88.53,,2026-09-29,30410.0,,,,not_applicable_not_recent_listing
275750,RISE 코스닥150선물인버스,2400,0.21,-25.58,5.96,15.66,-26.83,,N,-1.23,-2.44,-4.38,-35.14,-40.74,,N,,-18.51,,2026-09-29,2400.0,,,,not_applicable_not_recent_listing
275980,TIGER 글로벌4차산업혁신기술(합성 H),23685,-1.7,6.83,-1.37,18.01,20.11,,N,-0.69,0.15,2.22,37.86,58.64,,N,,14.92,,2026-09-29,23685.0,,,,not_applicable_not_recent_listing
276000,TIGER 글로벌자원생산기업(합성 H),20260,-4.41,3.84,8.69,-2.88,22.94,,N,-0.56,-1.86,-3.89,33.6,35.84,,N,,18.07,,2026-09-29,20260.0,,,,not_applicable_not_recent_listing
276650,RISE 글로벌테크놀로지(합성 H),47620,2.85,11.52,5.82,35,26.41,,N,-1.19,-1.89,4.28,55.11,128.28,,N,,22.75,,2026-09-29,47620.0,,,,not_applicable_not_recent_listing
276970,KODEX 미국S&P500배당귀족커버드콜(합성 H),7465,-6.34,-5.51,-2.35,-3.68,-1.26,,N,0.54,-1.58,-2.74,-15.27,-13.05,,N,,-2.61,,2026-09-29,7465.0,,,,not_applicable_not_recent_listing
276990,KODEX 글로벌로봇(합성),24935,-3.35,-2.6,-13.72,2.61,18.32,,N,-0.87,0.63,3.59,42.89,60.46,,N,,6.95,,2026-09-29,24935.0,,,,not_applicable_not_recent_listing
277540,ACE 아시아TOP50,32220,1.5,8.1,-12.06,21.13,47.76,,N,-1.33,-2.08,3.4,104.05,167.61,,N,,37.4,,2026-09-29,32220.0,,,,not_applicable_not_recent_listing
277630,TIGER 코스피,71975,1.61,21.03,-17.98,26.9,101.72,,N,0.01,-1.51,3.71,161.25,183.14,,N,,64.03,,2026-09-29,71975.0,,,,not_applicable_not_recent_listing
277640,TIGER 코스피대형주,37950,2.18,22.34,-19.07,31.68,117.11,,N,0.2,-1.58,4.39,185.77,208.41,,N,,72.85,,2026-09-29,37950.0,,,,not_applicable_not_recent_listing
277650,TIGER 코스피중형주,20915,-2.56,16.71,-2.72,-6.96,15.81,,N,-1.09,-0.69,-1.13,41.84,53.34,,N,,9.65,,2026-09-29,20915.0,,,,not_applicable_not_recent_listing
278240,RISE 코스닥150선물레버리지,8065,-2.77,57.83,-34.27,-57.61,-26.48,,N,3,5.29,9.28,-22.45,-29.96,,N,,-37.53,,2026-09-29,8065.0,,,,not_applicable_not_recent_listing
278530,KODEX 200TR,39865,2.68,23.21,-19.35,36.36,133.2,,N,0.53,-1.65,5.41,221.1,254.67,,N,,82.12,,2026-09-29,39865.0,,,,not_applicable_not_recent_listing
278540,KODEX MSCI Korea TR,39135,3.04,23.4,-19.65,39.42,142.92,,N,-0.01,-2,5.03,224.23,254,,N,,86.27,,2026-09-29,39135.0,,,,not_applicable_not_recent_listing
278620,PLUS 단기채권액티브,119085,-0.03,0.39,0.71,1.24,0.55,,N,-0.03,-0.03,-0,3.97,8.43,,N,,1.48,,2026-09-29,119085.0,,,,not_applicable_not_recent_listing
279530,KODEX 고배당주,17445,-2.19,4.15,4.68,-1.33,33.22,,N,-1.13,0.2,-1.91,68.23,94.7,,N,,24.16,,2026-09-29,17445.0,,,,not_applicable_not_recent_listing
279540,KODEX 최소변동성,21375,0.14,21.14,-11.09,11.62,60.35,,N,0.19,0.49,4.01,92.83,112.48,,N,,40.72,,2026-09-29,21375.0,,,,not_applicable_not_recent_listing
280320,ACE 미국IT인터넷(합성 H),21295,-2.54,5.97,9.8,20.11,-3.18,,N,-1.96,-3.69,-2.32,26.53,67.09,,N,,3.35,,2026-09-29,21295.0,,,,not_applicable_not_recent_listing
280920,PLUS 주도업종,22990,-3.32,22.16,-17.29,11.04,60.26,,N,-0.8,-2.34,1.19,108.72,162.74,,N,,38.45,,2026-09-29,22990.0,,,,not_applicable_not_recent_listing
280930,KODEX 미국러셀2000(H),15910,-6.74,-4.76,-6.82,10.33,10.99,,N,-0.13,-1.91,-2.33,19.09,43.4,,N,,9.23,,2026-09-29,15910.0,,,,not_applicable_not_recent_listing
280940,KODEX 골드선물인버스(H),3645,11.81,-2.8,-2.28,8.16,-8.65,,N,1.53,5.5,4.14,-33.49,-49.86,,N,,5.5,,2026-09-29,3645.0,,,,not_applicable_not_recent_listing
281990,RISE 중소형고배당,17690,-1.53,4.23,3.36,-4.64,18.53,,N,-0.81,-0.11,-0.39,60.89,60.38,,N,,13.13,,2026-09-29,17690.0,,,,not_applicable_not_recent_listing
282000,RISE 국고채3년선물인버스,115470,0.89,0.83,1.15,1.24,3.57,,N,-0.22,0.06,-0.1,6.23,6.68,,N,,3.11,,2026-09-29,115470.0,,,,not_applicable_not_recent_listing
283580,KODEX 차이나CSI300,14270,-6.36,-10.5,-20.57,-9.65,-3.12,,N,-0.21,-4.39,-2.23,25.45,25.45,,N,,-7.49,,2026-09-29,14270.0,,,,not_applicable_not_recent_listing
284430,KODEX 200미국채혼합50,20530,-1.23,6.4,-16.88,5.53,35.69,,N,-1.01,-1.7,1.89,60.02,70.3,,N,,20.69,,2026-09-29,20530.0,,,,not_applicable_not_recent_listing
284980,RISE 200금융,22715,-1.28,9.18,3.46,5.16,40.26,,N,-1.17,-0.68,-0.74,98.3,172.69,,N,,32.76,,2026-09-29,22715.0,,,,not_applicable_not_recent_listing
285690,FOCUS ESG리더스,21300,-2.92,16.39,-8.97,11.64,51.17,,N,-2.02,-1.78,-0.07,87.25,113.11,,N,,35.11,,2026-09-29,21300.0,,,,not_applicable_not_recent_listing
287180,PLUS 미국나스닥테크,56050,0.44,5.35,-9.66,34.27,36.94,,N,-1.09,0.17,6.58,70.21,124.56,,N,,30.73,,2026-09-29,56050.0,,,,not_applicable_not_recent_listing
289040,KODEX MSCI KOREA ESG유니버설,33845,1.91,22.78,-17.8,45.13,142.7,,N,-0.25,-2.34,4.56,215.72,249.82,,N,,88.24,,2026-09-29,33845.0,,,,not_applicable_not_recent_listing
289250,TIGER MSCI KOREA ESG유니버설,35020,1.4,21.6,-18.54,46.01,149.52,,N,-1.23,-2.57,3.47,226.83,261.4,,N,,93.64,,2026-09-29,35020.0,,,,not_applicable_not_recent_listing
289260,TIGER MSCI KOREA ESG리더스,28935,1.17,23.55,-17.89,43.63,132.78,,N,-0.58,-1.78,3.14,208.48,253.51,,N,,79.61,,2026-09-29,28935.0,,,,not_applicable_not_recent_listing
289480,TIGER 200커버드콜,13150,4.24,25.3,9.54,27.05,44.9,,N,-0.3,-0.9,4.61,55.71,55.53,,N,,36.27,,2026-09-29,13150.0,,,,not_applicable_not_recent_listing
289670,PLUS 국채선물10년,51635,-0.93,-0.8,-1.65,-1.95,-8.56,,N,0.45,-0.44,0.8,-6.64,3.31,,N,,-5.38,,2026-09-29,51635.0,,,,not_applicable_not_recent_listing
290080,RISE 200고배당커버드콜ATM,7330,-2.01,4.64,28.6,-13.51,-19.14,,N,-1.54,0.14,-2.27,-5.48,0.76,,N,,-16.7,,2026-09-29,7330.0,,,,not_applicable_not_recent_listing
290130,RISE ESG사회책임투자,48060,3.42,24.51,-21.01,47.95,167.74,,N,0.03,-1.77,5.59,272.41,347.9,,N,,99.05,,2026-09-29,48060.0,,,,not_applicable_not_recent_listing
291130,ACE MSCI멕시코(합성),16660,-8.36,-12.01,-16.2,-12.43,1.4,,N,-2.06,-2.77,-3.87,32.27,20.03,,N,,-6.82,,2026-09-29,16660.0,,,,not_applicable_not_recent_listing
291620,KIWOOM 코스닥150선물인버스,4220,0.84,-26.03,5.76,15.62,-27.74,,N,-0.94,-2.2,-4.09,-35.13,-40.01,,N,,-19.47,,2026-09-29,4220.0,,,,not_applicable_not_recent_listing
291630,KIWOOM 코스닥150선물레버리지,3610,-3.22,54.6,-34.48,-57.35,-25.26,,N,2.41,5.09,8.41,-21.01,-29.42,,N,,-36.83,,2026-09-29,3610.0,,,,not_applicable_not_recent_listing
291680,RISE 차이나H선물인버스(H),7870,1.88,2.94,-8.49,-1.99,6.5,,N,-1.07,1.09,-0.19,-23.96,-40.24,,N,,4.72,,2026-09-29,7870.0,,,,not_applicable_not_recent_listing
291890,KODEX MSCI EM선물(H),12240,-1.84,8.08,-1.81,17.24,21.43,,N,-2.16,-2.39,1.24,37.22,64.41,,N,,18.55,,2026-09-29,12240.0,,,,not_applicable_not_recent_listing
292050,RISE KRX300,49845,2.25,23.49,-19.39,30.5,118.57,,N,-0.15,-1.85,5.35,187.46,212.9,,N,,73.59,,2026-09-29,49845.0,,,,not_applicable_not_recent_listing
292150,TIGER 코리아TOP10,38475,2.59,21.58,-19.41,32.19,152.79,,N,-0.06,-1.6,3.99,224.68,255.92,,N,,81.79,,2026-09-29,38475.0,,,,not_applicable_not_recent_listing
292160,TIGER KRX300,48325,1.61,22.48,-19.54,30.17,116.32,,N,-0.59,-2.28,4.61,184.26,211.98,,N,,71.98,,2026-09-29,48325.0,,,,not_applicable_not_recent_listing
292190,KODEX KRX300,48430,2.16,22.86,-19.65,30.33,117.86,,N,0.59,-1.82,5.18,187.25,212.65,,N,,72.07,,2026-09-29,48430.0,,,,not_applicable_not_recent_listing
292500,SOL KRX300,49225,1.38,25.16,-19.76,29.62,117.91,,N,-0.83,-2.37,4.38,186.36,215.04,,N,,72.3,,2026-09-29,49225.0,,,,not_applicable_not_recent_listing
292560,TIGER 일본엔선물,7970,-0.13,-2.75,-9.17,-8.76,-10.5,,N,-0.06,-0.31,-1.67,-8.34,-8.55,,N,,-6.84,,2026-09-29,7970.0,,,,not_applicable_not_recent_listing
292770,KODEX 국채선물3년인버스,58175,0.99,0.95,1.25,1.52,4.02,,N,-0.1,0.15,-0.01,6.84,7.55,,N,,3.39,,2026-09-29,58175.0,,,,not_applicable_not_recent_listing
293180,HANARO 200,110250,2.65,22.36,-19.56,35.43,130.17,,N,0.38,-1.72,5.38,209.21,234.29,,N,,80.28,,2026-09-29,110250.0,,,,not_applicable_not_recent_listing
294400,KIWOOM 200TR,144515,2.65,22.47,-19,36.35,132.83,,N,0.46,-1.62,5.44,220.33,253.42,,N,,81.79,,2026-09-29,144515.0,,,,not_applicable_not_recent_listing
295000,RISE 국채선물10년,50965,-1,-0.95,-1.54,-2.08,-8.39,,N,0.55,-0.08,1.19,-6.64,3.44,,N,,-4.97,,2026-09-29,50965.0,,,,not_applicable_not_recent_listing
295020,RISE 국채선물10년인버스,61240,1.37,1.52,2.6,3.99,11.13,,N,-0.61,0.07,-1.03,13.93,7.84,,N,,8.09,,2026-09-29,61240.0,,,,not_applicable_not_recent_listing
295040,SOL 200TR,41255,2.61,22.73,-19.38,36.02,132.49,,N,0.41,-1.67,5.39,219.06,253.66,,N,,81.66,,2026-09-29,41255.0,,,,not_applicable_not_recent_listing
298340,PLUS 국채선물3년,56320,-0.44,-0.03,0.07,0.88,-1.51,,N,0.18,-0.04,0.3,0.95,6.48,,N,,0.05,,2026-09-29,56320.0,,,,not_applicable_not_recent_listing
298770,KODEX 한국대만IT프리미어,82980,2.33,21.38,-14.2,51.69,149,,N,-1.29,-1.49,6.39,240.71,348.78,,N,,101.53,,2026-09-29,82980.0,,,,not_applicable_not_recent_listing
300610,TIGER K게임,5410,-1.64,4.04,-1.55,-18.46,-23.86,,N,-0.73,0.65,-1.64,-27.87,-21.14,,N,,-14.06,,2026-09-29,5410.0,,,,not_applicable_not_recent_listing
300640,RISE 게임테마,6322,-2.89,3.64,-2.51,-19.16,-25.14,,N,-1.91,0.27,-2.44,-27.91,-21.32,,N,,-14.57,,2026-09-29,6322.0,,,,not_applicable_not_recent_listing
300950,KODEX 게임산업,5300,-4.85,-3.81,-8.23,-19.51,-23.41,,N,-1.3,-0.75,-2.3,-27.4,-10.85,,N,,-12.25,,2026-09-29,5300.0,,,,not_applicable_not_recent_listing
301400,PLUS 코스닥150,14405,-1.47,28.56,-14.66,-28.17,1.48,,N,1.09,2.64,4.27,9.05,7.1,,N,,-7.45,,2026-09-29,14405.0,,,,not_applicable_not_recent_listing
302190,TIGER 중장기국채,49840,-0.75,-0.43,-0.7,-0.71,-5.27,,N,0.38,-0.06,0.64,-4.09,3.41,,N,,-2.66,,2026-09-29,49840.0,,,,not_applicable_not_recent_listing
302450,RISE 코스피,71590,1.51,21.47,-18.16,26.26,100.87,,N,0.2,-1.45,4.7,160.66,180.36,,N,,63.32,,2026-09-29,71590.0,,,,not_applicable_not_recent_listing
304660,KODEX 미국30년국채울트라선물(H),6945,-4.93,-6.02,-8.8,-7.34,-10.16,,N,-0.29,-3.68,-2.39,-17.27,-8.98,,N,,-9.16,,2026-09-29,6945.0,,,,not_applicable_not_recent_listing
304670,KODEX 미국30년국채울트라선물인버스(H),12970,5.83,6.97,10.81,9.5,11.38,,N,0.66,4.13,2.57,21.05,10.85,,N,,11.62,,2026-09-29,12970.0,,,,not_applicable_not_recent_listing
304760,HANARO KRX300,47505,2.46,22.09,-19.73,30.45,117.66,,N,-0.63,-2.48,4.88,186.26,211.81,,N,,71.84,,2026-09-29,47505.0,,,,not_applicable_not_recent_listing
304770,HANARO 코스닥150,14300,-1.35,27.91,-14.35,-27.81,1.85,,N,1.31,2.77,4.57,9.37,8.01,,N,,-7.14,,2026-09-29,14300.0,,,,not_applicable_not_recent_listing
304780,HANARO 200선물레버리지,124630,3.62,41.02,-43.53,43.31,269.96,,N,0.66,-3.71,10.79,545.25,628.83,,N,,134.09,,2026-09-29,124630.0,,,,not_applicable_not_recent_listing
304940,KODEX 미국나스닥100선물(H),33220,2.09,8.97,2.4,25.81,18.56,,N,-0.24,-0.76,3.91,41.57,87.79,,N,,16.26,,2026-09-29,33220.0,,,,not_applicable_not_recent_listing
305050,ACE 코스피,71980,1.67,21.87,-17.63,26.17,102.11,,N,0.17,-0.98,4.62,162.7,184.51,,N,,63.96,,2026-09-29,71980.0,,,,not_applicable_not_recent_listing
305080,TIGER 미국채10년선물,11680,-4.34,-9.53,-16.33,-13.64,-8.28,,N,-0.72,-1.52,-1.39,-2.38,2.01,,N,,-11.18,,2026-09-29,11680.0,,,,not_applicable_not_recent_listing
305540,TIGER 2차전지테마,18095,-5.48,23.14,-9.18,-12.71,23.01,,N,-4.28,-1.04,-4.56,-18.16,-36.46,,N,,6.07,,2026-09-29,18095.0,,,,not_applicable_not_recent_listing
305720,KODEX 2차전지산업,14275,-5.53,22.9,-11.06,-15.38,21.33,,N,-3.55,-0.21,-4.1,-22.44,-41.54,,N,,3.11,,2026-09-29,14275.0,,,,not_applicable_not_recent_listing
306520,HANARO 200선물인버스,2340,-3.51,-24.15,12.23,-40.31,-67.97,,N,0,2.18,-4.88,-76.58,-78.53,,N,,-58.4,,2026-09-29,2340.0,,,,not_applicable_not_recent_listing
306530,HANARO 코스닥150선물레버리지,7190,-3.55,56.82,-34.75,-57.88,-26.07,,N,2.71,5.12,9.94,-21.76,-30.5,,N,,-37.42,,2026-09-29,7190.0,,,,not_applicable_not_recent_listing
306950,KODEX KRX300레버리지,77600,2.9,40.15,-43.96,31.34,234.48,,N,0.51,-3.19,9.03,452.51,522.54,,N,,116.37,,2026-09-29,77600.0,,,,not_applicable_not_recent_listing
307510,TIGER 의료기기,12160,-7.46,2.7,-17.56,-36.98,-33.71,,N,-1.22,2.27,2.31,-18.2,-25.9,,N,,-35.32,,2026-09-29,12160.0,,,,not_applicable_not_recent_listing
307520,TIGER 지주회사,21775,-3.35,19.94,-5.39,8.66,58.42,,N,-2.35,-2.38,-1.11,105.23,139.81,,N,,36.48,,2026-09-29,21775.0,,,,not_applicable_not_recent_listing
308620,KODEX 미국10년국채선물,10980,-4.48,-9.22,-16.12,-13.2,-8.65,,N,-0.77,-1.57,-1.48,-3.3,0.41,,N,,-10.44,,2026-09-29,10980.0,,,,not_applicable_not_recent_listing
309230,ACE 미국WideMoat동일가중,29225,-7.88,-7.15,-9.27,-1.25,4.6,,N,-0.51,-1.62,-2.52,12.99,42.11,,N,,-4.71,,2026-09-29,29225.0,,,,not_applicable_not_recent_listing
310080,RISE 중국MSCI China(H),8920,-6.01,-5.26,2.41,-7.9,-23.04,,N,-0.28,-3.78,-0.83,0.85,18.77,,N,,-15.69,,2026-09-29,8920.0,,,,not_applicable_not_recent_listing
310960,TIGER 200TR,64290,2.67,22.2,-19.45,35.55,131.76,,N,0.63,-1.61,5.41,218.42,252.76,,N,,81.46,,2026-09-29,64290.0,,,,not_applicable_not_recent_listing
310970,TIGER MSCI Korea TR,49445,3.48,25.13,-19.37,40.05,143.93,,N,0.57,-1.7,6.29,226.91,254.32,,N,,87.15,,2026-09-29,49445.0,,,,not_applicable_not_recent_listing
314250,KODEX 미국빅테크10(H),63820,2.13,13.56,13.18,35.33,13.63,,N,-0.55,-1.6,2.38,56.79,136.98,,N,,16.35,,2026-09-29,63820.0,,,,not_applicable_not_recent_listing
314700,HANARO 농업융복합산업,10580,-3.86,7.41,-4.77,-8.28,4.19,,N,-1.21,0.57,-0.42,5.69,-1.9,,N,,-2.04,,2026-09-29,10580.0,,,,not_applicable_not_recent_listing
315270,TIGER 200커뮤니케이션서비스,18525,-9.85,-2.6,-6.39,-16.59,-17.45,,N,-1.59,-1.88,-2.81,7.61,13.48,,N,,-13.6,,2026-09-29,18525.0,,,,not_applicable_not_recent_listing
315930,KODEX Top5PlusTR,79670,-0.06,14.78,-17,35.49,155.84,,N,0.07,-1.94,2.13,252.05,336.91,,N,,85.02,,2026-09-29,79670.0,,,,not_applicable_not_recent_listing
315960,RISE 대형고배당10TR,78210,1.47,17.76,-18.63,40.51,184.4,,N,0.01,-1.71,2.95,297.11,379.37,,N,,96.8,,2026-09-29,78210.0,,,,not_applicable_not_recent_listing
316300,ACE 싱가포르리츠,11995,-7.05,-13.86,-16.7,-16.12,-13.8,,N,-1.4,-2,-2.08,-13.42,0.8,,N,,-17.05,,2026-09-29,11995.0,,,,not_applicable_not_recent_listing
316670,KIWOOM 코스닥150,7155,-1.04,28.57,-13.95,-27.69,2,,N,1.27,2.95,4.3,10.25,8.25,,N,,-6.84,,2026-09-29,7155.0,,,,not_applicable_not_recent_listing
319640,TIGER 골드선물(H),24315,-9.79,1.91,0.89,-9.14,2.51,,N,-0.65,-3.99,-3.57,39.66,87.11,,N,,-8.52,,2026-09-29,24315.0,,,,not_applicable_not_recent_listing
321410,KODEX 멀티에셋하이인컴(H),10430,-2.43,-1.79,-2.07,0.53,-0.24,,N,0.05,-1,-1.65,3.01,15.44,,N,,-0.52,,2026-09-29,10430.0,,,,not_applicable_not_recent_listing
322400,HANARO e커머스,9570,-10.73,-3.72,-11.02,-17.61,-22.95,,N,-1.19,-0.83,-4.87,1.06,-7.76,,N,,-20.22,,2026-09-29,9570.0,,,,not_applicable_not_recent_listing
322410,HANARO K고배당,22730,-1.92,5.11,3.86,0.13,32.81,,N,-1.17,-0.44,-2.03,68.87,97.65,,N,,21.71,,2026-09-29,22730.0,,,,not_applicable_not_recent_listing
325010,KODEX 성장주,43515,1.71,25.86,-20.09,34.83,124.36,,N,-0.18,-1.96,5.15,194.62,219.73,,N,,77.47,,2026-09-29,43515.0,,,,not_applicable_not_recent_listing
325020,KODEX 배당가치,29280,-0.73,9.91,-3.48,16.93,67.89,,N,-0.41,-1.1,0.74,106.05,131.37,,N,,47.88,,2026-09-29,29280.0,,,,not_applicable_not_recent_listing
326230,RISE 내수주플러스,10830,-7.91,5.2,-6.84,-11.41,7.76,,N,-0.82,-0.64,-1.46,23.28,40.28,,N,,2.95,,2026-09-29,10830.0,,,,not_applicable_not_recent_listing
326240,RISE IT플러스,44980,3.92,31.33,-17.95,37.03,127.63,,N,0.71,0.04,7.94,169.58,160.08,,N,,83.7,,2026-09-29,44980.0,,,,not_applicable_not_recent_listing
328370,PLUS 코스피TR,38470,0.64,21.22,-19.16,26.78,102.42,,N,-0.9,-2.31,3.32,167.71,194,,N,,63.63,,2026-09-29,38470.0,,,,not_applicable_not_recent_listing
329200,TIGER 리츠부동산인프라,4040,-0.74,0.5,1.51,-12.93,-7.02,,N,-0.86,-1.22,-0.25,-12.08,-6.91,,N,,-9.01,,2026-09-29,4040.0,,,,not_applicable_not_recent_listing
329650,KODEX TRF3070,13920,-1.49,-1.59,-3.87,-2.18,-1.83,,N,-0.39,-0.46,0.43,7.82,22.86,,N,,-2.86,,2026-09-29,13920.0,,,,not_applicable_not_recent_listing
329660,KODEX TRF5050,17570,-1.84,-2.2,-5.54,0.66,2.48,,N,-0.76,-0.76,0.14,15.29,38.51,,N,,-0.11,,2026-09-29,17570.0,,,,not_applicable_not_recent_listing
329670,KODEX TRF7030,21610,-1.97,-2.85,-7.37,1.77,6.22,,N,-0.92,-0.71,0.23,24.66,53.21,,N,,1.72,,2026-09-29,21610.0,,,,not_applicable_not_recent_listing
329750,TIGER 미국달러단기채권액티브,12835,-1.08,-5.94,-11.57,-8.55,-0.66,,N,-0.58,-0.16,-0.19,7.63,7.59,,N,,-3.97,,2026-09-29,12835.0,,,,not_applicable_not_recent_listing
332500,ACE 200TR,73960,2.48,22.7,-19.51,35.92,132.07,,N,0.02,-1.83,5.28,219.14,252.95,,N,,81.16,,2026-09-29,73960.0,,,,not_applicable_not_recent_listing
332610,PLUS 미국단기회사채(AAA~A),122480,-1.9,-7.15,-12.52,-10.92,-4.11,,N,-0.79,-0.5,-0.72,3.45,8.51,,N,,-6.96,,2026-09-29,122480.0,,,,not_applicable_not_recent_listing
332620,PLUS 미국장기우량회사채,82930,-6.17,-11.6,-20.1,-16.13,-13.84,,N,-1.64,-4.11,-2.65,-11.68,-0.07,,N,,-15.41,,2026-09-29,82930.0,,,,not_applicable_not_recent_listing
332930,HANARO 200TR,144265,2.58,22.55,-19.39,36.2,132.37,,N,0.37,-1.79,5.42,217.55,252.47,,N,,81.37,,2026-09-29,144265.0,,,,not_applicable_not_recent_listing
332940,HANARO MSCI Korea TR,48875,2.89,23.1,-20.01,39.13,143.46,,N,-0.39,-2.72,5.62,222.61,252.38,,N,,85.66,,2026-09-29,48875.0,,,,not_applicable_not_recent_listing
334690,RISE 팔라듐선물(H),5435,-12.13,-4.9,-1.9,-16.9,-16.06,,N,-1.63,-6.86,-6.29,2.74,-19.12,,N,,-31.89,,2026-09-29,5435.0,,,,not_applicable_not_recent_listing
334700,RISE 팔라듐선물인버스(H),3575,11.89,2.29,-2.59,7.68,-14.06,,N,1.71,7.04,6.4,-38.04,-33.92,,N,,17.41,,2026-09-29,3575.0,,,,not_applicable_not_recent_listing
336160,RISE 금융채액티브,99615,-0.69,-0.84,-0.65,-1.13,-3.59,,N,-0.19,-0.41,-0.17,-2.75,-0.41,,N,,-2.6,,2026-09-29,99615.0,,,,not_applicable_not_recent_listing
337120,KODEX 멀티팩터,34565,0.86,20.67,-19.53,26.94,109.99,,N,-0.9,-1.83,4.27,171.31,190.1,,N,,66.86,,2026-09-29,34565.0,,,,not_applicable_not_recent_listing
337140,KODEX 코스피대형주,36500,1.69,21.4,-19.56,30.85,116.23,,N,-0.15,-1.42,3.83,184.27,207.5,,N,,71.64,,2026-09-29,36500.0,,,,not_applicable_not_recent_listing
337150,KODEX 200exTOP,24725,-4.06,13.55,-11.57,2.63,47.7,,N,-1.55,-1.92,0.02,98.59,129.57,,N,,25.03,,2026-09-29,24725.0,,,,not_applicable_not_recent_listing
337160,KODEX 200ESG,48475,2.84,22.2,-21.76,45.83,157.91,,N,0.57,-1.37,4.95,244.28,303.62,,N,,95.58,,2026-09-29,48475.0,,,,not_applicable_not_recent_listing
341850,TIGER 리츠부동산인프라채권,4555,-0.33,0.55,1.11,-8.99,-5.01,,N,-0.76,-1.19,-0.22,-7.23,-1.09,,N,,-6.18,,2026-09-29,4555.0,,,,not_applicable_not_recent_listing
352540,KODEX 일본부동산리츠(H),10705,-4.63,-10.87,-6.38,-12.65,-12.4,,N,-2.15,-1.83,-2.86,-6.51,-13.04,,N,,-16.07,,2026-09-29,10705.0,,,,not_applicable_not_recent_listing
352560,KODEX 미국부동산리츠(H),11555,-6.13,-10.18,-9.16,1.05,-3.14,,N,-0.39,-2.45,-2.74,-10.57,10.95,,N,,-0.04,,2026-09-29,11555.0,,,,not_applicable_not_recent_listing
354240,RISE 미국고정배당우선증권,10015,-4.85,-9.33,-16.61,-14.91,-15.91,,N,-0.25,-2.39,-0.99,-12.72,2.3,,N,,-11.29,,2026-09-29,10015.0,,,,not_applicable_not_recent_listing
354350,HANARO 글로벌럭셔리S&P(합성),17660,-9.2,-15.22,-19.98,-11.17,-15.66,,N,-0.34,-1.12,-2.35,-4.36,1.52,,N,,-20.82,,2026-09-29,17660.0,,,,not_applicable_not_recent_listing
354500,ACE 코스닥150,14450,-1.26,27.65,-14.34,-27.7,2.48,,N,1.16,2.7,4.6,9.76,8.85,,N,,-7.25,,2026-09-29,14450.0,,,,not_applicable_not_recent_listing
356540,ACE 종합채권(AA-이상)액티브,101095,-0.43,-0.13,-0.17,-1.45,-7.01,,N,0.17,-0.03,0.59,-3.35,6.2,,N,,-3.95,,2026-09-29,101095.0,,,,not_applicable_not_recent_listing
357870,TIGER CD금리투자KIS(합성),58130,0.26,0.53,0.77,1.48,2.72,,N,0.01,0.03,0.14,5.65,9.48,,N,,2.14,,2026-09-29,58130.0,,,,not_applicable_not_recent_listing
359210,KODEX 코스피TR,35810,1.59,21.49,-18.09,27.73,104.1,,N,-0.06,-1.82,4.43,170.78,198.67,,N,,65.52,,2026-09-29,35810.0,,,,not_applicable_not_recent_listing
360140,KODEX 200롱코스닥150숏선물,22335,3.24,-6.33,-8.14,78.11,103.14,,N,-0.91,-4.33,0.7,151.66,161.38,,N,,76.28,,2026-09-29,22335.0,,,,not_applicable_not_recent_listing
360150,KODEX 코스닥150롱코스피200숏선물,3115,-3.71,1.14,2.3,-51.37,-60.14,,N,0.97,4.53,-0.95,-68.17,-69.96,,N,,-53.37,,2026-09-29,3115.0,,,,not_applicable_not_recent_listing
360200,ACE 미국S&P500,26130,-1.67,-3.2,-8.75,5.88,11.48,,N,-1,-1.32,0.83,36.88,78.36,,N,,4.52,,2026-09-29,26130.0,,,,not_applicable_not_recent_listing
360750,TIGER 미국S&P500,25855,-1.62,-3,-8.72,5.88,11.56,,N,-0.96,-1.41,0.9,36.91,78.37,,N,,4.46,,2026-09-29,25855.0,,,,not_applicable_not_recent_listing
361580,RISE 200TR,62545,2.63,22.63,-19.32,36.17,132.68,,N,0.37,-1.74,5.37,220.01,252.76,,N,,81.82,,2026-09-29,62545.0,,,,not_applicable_not_recent_listing
363510,SOL KIS단기통안채,112290,0.13,0.39,0.53,1.18,0.9,,N,0,-0.01,0.03,3.63,7.24,,N,,1.67,,2026-09-29,112290.0,,,,not_applicable_not_recent_listing
363570,KODEX 장기종합채권(AA-이상)액티브,86045,-0.82,-0.69,-1.57,-5.22,-15.73,,N,0.81,-0.03,1.22,-12.32,0.17,,N,,-10.61,,2026-09-29,86045.0,,,,not_applicable_not_recent_listing
363580,KODEX 200IT TR,57575,5.07,33.86,-23.06,82.14,278.29,,N,1.01,-0.74,8.81,363.19,401.96,,N,,157.26,,2026-09-29,57575.0,,,,not_applicable_not_recent_listing
364690,KODEX 혁신기술테마액티브,39175,0.69,23,-20.24,30.76,112.5,,N,-0.33,-1.36,5.14,184.5,233.97,,N,,72.5,,2026-09-29,39175.0,,,,not_applicable_not_recent_listing
364960,TIGER BBIG,6115,-9.34,4.09,-9.34,-15.54,-11.44,,N,-2,-0.81,-2.94,-4.08,4,,N,,-11.76,,2026-09-29,6115.0,,,,not_applicable_not_recent_listing
364970,TIGER 바이오TOP10,6715,-11.88,2.99,-10.35,-21,-14.89,,N,-0.96,1.28,-0.44,-12.57,26.22,,N,,-25.18,,2026-09-29,6715.0,,,,not_applicable_not_recent_listing
364980,TIGER 2차전지TOP10,9880,-7.36,22.89,-7.92,-4.54,25.78,,N,-3.66,-1.4,-5.05,-17.32,-39.37,,N,,12.53,,2026-09-29,9880.0,,,,not_applicable_not_recent_listing
364990,TIGER 게임TOP10,4405,-7.75,-5.67,-10.19,-21.55,-23.06,,N,-2.11,-2.65,-2.65,-22.04,0.57,,N,,-11.72,,2026-09-29,4405.0,,,,not_applicable_not_recent_listing
365000,TIGER 인터넷TOP10,3560,-4.69,5.01,-10.44,-26.29,-27.12,,N,-0.97,1.57,1.86,5.01,-3.26,,N,,-22.78,,2026-09-29,3560.0,,,,not_applicable_not_recent_listing
365040,TIGER AI코리아그로스액티브,36485,1.22,23.57,-17.15,32.77,109.74,,N,0,-1.9,4.87,184.37,218.23,,N,,71.53,,2026-09-29,36485.0,,,,not_applicable_not_recent_listing
365780,ACE 국고채10년,81965,-0.93,-0.72,-1.32,-1.81,-10.2,,N,0.69,0.09,1.15,-10.66,-3.72,,N,,-5.12,,2026-09-29,81965.0,,,,not_applicable_not_recent_listing
367380,ACE 미국나스닥100,31235,1.22,2.44,-9.57,14.41,18.85,,N,-0.79,-0.92,3.89,54.32,106.51,,N,,11.47,,2026-09-29,31235.0,,,,not_applicable_not_recent_listing
367740,HANARO Fn5G산업,43925,1.08,30.19,-9.56,47.6,167.18,,N,0.4,0.73,5.97,232.77,274.63,,N,,110.92,,2026-09-29,43925.0,,,,not_applicable_not_recent_listing
367760,RISE 네트워크인프라,61440,5.57,38.05,-22.39,84.92,297.93,,N,1.03,0.29,11.61,467.84,527.9,,N,,171.44,,2026-09-29,61440.0,,,,not_applicable_not_recent_listing
367770,RISE 수소경제테마,21390,-10.13,15.62,-13.07,-11.65,41.37,,N,-2.42,-3.89,-3.89,124.33,129.63,,N,,20.17,,2026-09-29,21390.0,,,,not_applicable_not_recent_listing
368190,HANARO Fn K-뉴딜디지털플러스,7480,-9.22,7.01,-6.97,-11.58,-5.56,,N,-1.84,-1.64,-3.79,-7.71,-7.48,,N,,-10.2,,2026-09-29,7480.0,,,,not_applicable_not_recent_listing
368590,RISE 미국나스닥100,30260,1.07,2.45,-9.59,14.34,18.97,,N,-0.93,-1.18,3.68,54.58,106.55,,N,,11.64,,2026-09-29,30260.0,,,,not_applicable_not_recent_listing
368680,KODEX K-뉴딜디지털플러스,7535,-8.67,8.11,-7.38,-12.18,-5.87,,N,-1.31,-1.44,-3.58,-8,-6.92,,N,,-10.19,,2026-09-29,7535.0,,,,not_applicable_not_recent_listing
371150,RISE 차이나항셍테크,6135,-9.25,-18.53,-15.26,-20.74,-36.17,,N,-1.76,-4.66,-1.37,-2.77,8.68,,N,,-29.28,,2026-09-29,6135.0,,,,not_applicable_not_recent_listing
371160,TIGER 차이나항셍테크,6310,-9.14,-17.89,-15.59,-20.73,-35.78,,N,-1.64,-4.18,-1.17,-2.47,9.17,,N,,-29.22,,2026-09-29,6310.0,,,,not_applicable_not_recent_listing
371450,TIGER 글로벌클라우드컴퓨팅INDXX,13460,-4.44,6.61,7.77,26.27,13.06,,N,-1.03,-3.79,-0.74,39.19,49.22,,N,,14.02,,2026-09-29,13460.0,,,,not_applicable_not_recent_listing
371460,TIGER 차이나전기차SOLACTIVE,9020,-12.6,-18.33,-27.23,-34.26,-31.72,,N,0.06,-4.25,-1.42,14.54,1.98,,N,,-28.58,,2026-09-29,9020.0,,,,not_applicable_not_recent_listing
371470,TIGER 차이나바이오테크SOLACTIVE,8565,-1.83,2.88,4.51,0.88,-8.98,,N,1.12,-1.55,4.07,57.59,29.97,,N,,3.07,,2026-09-29,8565.0,,,,not_applicable_not_recent_listing
371870,ACE 차이나항셍테크,6200,-8.42,-17.28,-14.36,-19.84,-34.98,,N,-1.74,-3.95,-1.35,-0.48,10.62,,N,,-28.94,,2026-09-29,6200.0,,,,not_applicable_not_recent_listing
372330,KODEX 차이나항셍테크,6295,-9.42,-18.03,-15.39,-20.67,-35.77,,N,-2.02,-4.11,-0.94,-2.4,9.48,,N,,-28.83,,2026-09-29,6295.0,,,,not_applicable_not_recent_listing
373490,KODEX 코리아혁신성장액티브,24870,-3.29,23.52,-17.1,3.95,71.93,,N,-0.4,-0.12,2.83,94.98,147.22,,N,,38.67,,2026-09-29,24870.0,,,,not_applicable_not_recent_listing
373790,KIWOOM 미국방어배당성장나스닥,14660,-6.98,-12.84,-14.07,-11.95,-3.36,,N,-0.74,-1.91,-3.93,0.34,13.29,,N,,-6.51,,2026-09-29,14660.0,,,,not_applicable_not_recent_listing
375270,RISE 글로벌데이터센터리츠(합성),12790,-7.99,-12.1,-23.73,-9.16,-5.08,,N,-1.92,-6.3,-2.22,4.28,33.37,,N,,0.16,,2026-09-29,12790.0,,,,not_applicable_not_recent_listing
375760,HANARO 탄소효율그린뉴딜,24400,1.43,21.03,-17.9,29.03,112.27,,N,-0.73,-2.46,4.1,178.7,197.92,,N,,70.33,,2026-09-29,24400.0,,,,not_applicable_not_recent_listing
375770,KODEX 탄소효율그린뉴딜,24995,1.81,23.01,-16.81,28.64,113.82,,N,0.34,-2.23,5.15,181.32,201.87,,N,,72.02,,2026-09-29,24995.0,,,,not_applicable_not_recent_listing
376410,TIGER 탄소효율그린뉴딜,24495,0.64,21.68,-17.5,28.55,110.71,,N,-0.39,-2.41,3.59,177.88,197.27,,N,,70.16,,2026-09-29,24495.0,,,,not_applicable_not_recent_listing
377990,TIGER Fn신재생에너지,24135,-7.28,35.13,-11.59,-3.46,65.88,,N,-1.03,1.69,2.4,172.71,173.48,,N,,38.43,,2026-09-29,24135.0,,,,not_applicable_not_recent_listing
379780,RISE 미국S&P500,22545,-1.89,-3.18,-8.78,5.75,11.53,,N,-1.25,-1.44,0.6,36.8,78.08,,N,,4.67,,2026-09-29,22545.0,,,,not_applicable_not_recent_listing
379790,RISE 유로스탁스50(H),17150,-2.03,-0.92,-0.64,11.98,11.73,,N,0.56,0.94,1.27,23.87,52.65,,N,,9.06,,2026-09-29,17150.0,,,,not_applicable_not_recent_listing
379800,KODEX 미국S&P500,23510,-1.59,-3.37,-8.95,5.33,10.43,,N,-0.91,-1.22,0.92,36.21,80.36,,N,,3.89,,2026-09-29,23510.0,,,,not_applicable_not_recent_listing
379810,KODEX 미국나스닥100,27170,1.25,2.34,-9.75,14.18,18.36,,N,-0.82,-0.91,3.9,54.07,107.96,,N,,11.12,,2026-09-29,27170.0,,,,not_applicable_not_recent_listing
380340,ACE 코리아AI테크핵심산업,28010,-2.62,23.66,-16.64,56.74,129.12,,N,-0.66,0.18,6.52,205.12,214.9,,N,,78.98,,2026-09-29,28010.0,,,,not_applicable_not_recent_listing
381170,TIGER 미국테크TOP10 INDXX,31385,2.53,4.08,-1.72,11.2,9.43,,N,-0.77,-1.55,3.21,53.92,132.14,,N,,2.55,,2026-09-29,31385.0,,,,not_applicable_not_recent_listing
381180,TIGER 미국필라델피아반도체나스닥,44010,4.97,7.85,-18.82,44.82,88.56,,N,0.02,0.78,11.5,139.64,265.23,,N,,62.28,,2026-09-29,44010.0,,,,not_applicable_not_recent_listing
381560,HANARO Fn전기&수소차,17000,-5.29,17.24,-13.09,27.72,113.03,,N,-3.27,-1.31,-1.36,100.95,95.29,,N,,70.6,,2026-09-29,17000.0,,,,not_applicable_not_recent_listing
381570,HANARO Fn친환경에너지,10095,-5.92,28.6,-6.35,-8.35,34.51,,N,-2.89,2.75,-1.37,24.32,23.87,,N,,27.38,,2026-09-29,10095.0,,,,not_applicable_not_recent_listing
385510,KODEX 신재생에너지액티브,38610,-3.93,36.09,-3.98,-7.52,51.95,,N,-1.93,2.02,1.89,107.64,186.42,,N,,35.07,,2026-09-29,38610.0,,,,not_applicable_not_recent_listing
385520,KODEX 자율주행액티브,15900,-0.62,19.77,-12.76,10.3,87.83,,N,0.25,1.5,3.96,81.82,71.43,,N,,39.05,,2026-09-29,15900.0,,,,not_applicable_not_recent_listing
385540,RISE 종합채권(A-이상)액티브,102760,-0.49,-0.17,-0.33,-1.6,-6.82,,N,0.35,0,0.55,-3.17,6.24,,N,,-6.58,,2026-09-29,102760.0,,,,not_applicable_not_recent_listing
385550,RISE 단기채권알파액티브,114305,0.18,0.52,0.76,1.46,0.59,,N,0.12,-0.02,0.06,4.02,8.39,,N,,1.96,,2026-09-29,114305.0,,,,not_applicable_not_recent_listing
385560,RISE KIS국고채30년Enhanced,50360,-3.93,-3.7,-6.36,-17.48,-36,,N,0.91,0.69,3.01,-35.45,-19.27,,N,,-28.93,,2026-09-29,50360.0,,,,not_applicable_not_recent_listing
385590,ACE ESG액티브,24085,1.71,23.83,-16.17,39.62,123.11,,N,-0.21,-2.09,3.73,201.25,225.91,,N,,79.74,,2026-09-29,24085.0,,,,not_applicable_not_recent_listing
385600,ACE 2차전지&친환경차액티브,11610,-4.29,18.35,-12.28,12.88,75.64,,N,-1.15,0.48,-0.13,12.39,-7.56,,N,,44.76,,2026-09-29,11610.0,,,,not_applicable_not_recent_listing
385710,TIME K이노베이션액티브,10090,-10.27,5.82,-21.78,-20.17,10.27,,N,-1.7,-0.2,-2.23,25.42,20.98,,N,,-0.2,,2026-09-29,10090.0,,,,not_applicable_not_recent_listing
385720,TIME 코스피액티브,25575,-0.41,19.82,-20.59,28.58,105.92,,N,0.1,-1.45,4.64,168.08,205.01,,N,,69.76,,2026-09-29,25575.0,,,,not_applicable_not_recent_listing
387270,TIGER 글로벌이노베이션액티브,25445,3.56,12.14,-16.72,19.1,30.82,,N,-2.17,-2.23,6.35,70.03,128.41,,N,,25.04,,2026-09-29,25445.0,,,,not_applicable_not_recent_listing
387280,TIGER 퓨처모빌리티액티브,11510,-1.54,25.52,-12.4,-0.39,41.14,,N,-0.73,-0.6,0.31,36.94,20.65,,N,,23.63,,2026-09-29,11510.0,,,,not_applicable_not_recent_listing
388280,RISE K엔터&여행레저,6990,-2.65,-0.71,-16.44,-12.13,-6.68,,N,-0.99,-0.29,-2.85,15.54,-8.98,,N,,-9.98,,2026-09-29,6990.0,,,,not_applicable_not_recent_listing
388420,RISE 비메모리반도체액티브,29945,13.47,41.79,-18.18,38.76,117.07,,N,3.78,4.72,17.94,181.17,202.17,,N,,84.28,,2026-09-29,29945.0,,,,not_applicable_not_recent_listing
390390,KODEX 미국반도체,55255,4.4,8.3,-15.4,39.11,78.59,,N,0.14,1.09,10.26,143.58,322.76,,N,,54.13,,2026-09-29,55255.0,,,,not_applicable_not_recent_listing
390400,KODEX 미국스마트모빌리티S&P,6525,-9.56,-12.42,-21.43,-8.23,-8.61,,N,-2.17,-3.69,-2.83,20.95,12.5,,N,,-5.23,,2026-09-29,6525.0,,,,not_applicable_not_recent_listing
391600,ACE 미국친환경그린테마,9660,-6.8,-12.5,-23.91,-18.24,-10.39,,N,-1.28,-4.5,-3.59,8.91,-0.87,,N,,-12.46,,2026-09-29,9660.0,,,,not_applicable_not_recent_listing
391670,HK 베스트일레븐액티브,29025,4.67,24.62,-22.44,43.3,122.84,,N,-0.14,-2.55,5.07,210.43,257.01,,N,,80.28,,2026-09-29,29025.0,,,,not_applicable_not_recent_listing
394660,TIGER 글로벌자율주행&전기차SOLACTIVE,14795,-6.36,-4.98,-22.74,-3.24,12.42,,N,-1.73,-3.4,-0.7,45.62,43.64,,N,,2.81,,2026-09-29,14795.0,,,,not_applicable_not_recent_listing
394670,TIGER 글로벌리튬&2차전지SOLACTIVE(합성),10175,-12.81,-4.01,-22,-15,17.56,,N,-1.31,-3.33,-3.1,67.08,25.15,,N,,-1.93,,2026-09-29,10175.0,,,,not_applicable_not_recent_listing
395150,KODEX 웹툰&드라마,1852,0.49,9.07,4.1,-28.36,-45.37,,N,0,1.15,-2.01,-38.98,-51.01,,N,,-38.98,,2026-09-29,1852.0,,,,not_applicable_not_recent_listing
395160,KODEX AI반도체TOP2플러스,41950,8.38,35.59,-25.16,59.93,224.19,,N,1.82,0.13,11.26,346.28,397.04,,N,,134.03,,2026-09-29,41950.0,,,,not_applicable_not_recent_listing
395170,KODEX Top10동일가중,15355,-0.58,16.81,-25.12,6.3,72.14,,N,-0.68,-0.94,2.61,91.46,102.84,,N,,38.77,,2026-09-29,15355.0,,,,not_applicable_not_recent_listing
395270,HANARO Fn K-반도체,59915,8.81,36.68,-24.08,81.64,304.28,,N,1.98,-0.05,11.58,478.61,574.72,,N,,185.58,,2026-09-29,59915.0,,,,not_applicable_not_recent_listing
395280,HANARO Fn K-게임,3345,-6.56,-3.6,-7.34,-17.91,-21.02,,N,-2.34,-2.9,-2.62,-23.72,-8.23,,N,,-9.59,,2026-09-29,3345.0,,,,not_applicable_not_recent_listing
395290,HANARO Fn K-POP&미디어,4900,-0.71,2.83,-9.51,-35.61,-47,,N,0.1,1.55,-4.39,-18.4,-48.04,,N,,-45.62,,2026-09-29,4900.0,,,,not_applicable_not_recent_listing
395750,PLUS ESG가치주액티브,20460,-0.7,19.68,-18.47,26.57,94.3,,N,-0.82,-2.99,2.33,142.42,160.14,,N,,61.1,,2026-09-29,20460.0,,,,not_applicable_not_recent_listing
395760,PLUS ESG성장주액티브,21455,1.04,25.14,-17.48,22.99,90.04,,N,-0.37,-1.63,4.4,153.16,172.62,,N,,58.11,,2026-09-29,21455.0,,,,not_applicable_not_recent_listing
396500,TIGER 반도체TOP10,38310,9.77,38.2,-23.49,21.81,166.6,,N,2.19,-0.2,10.63,251.47,327.33,,N,,90.5,,2026-09-29,38310.0,,,,not_applicable_not_recent_listing
396510,TIGER 차이나클린에너지SOLACTIVE,6590,-8.66,-13.29,-28.72,-29.48,-13.23,,N,-0.75,-4.22,-1.64,14.81,5.95,,N,,-14.58,,2026-09-29,6590.0,,,,not_applicable_not_recent_listing
396520,TIGER 차이나반도체FACTSET,12585,-8.57,-12.66,-41.38,24.42,25.85,,N,-0.12,-7.12,0.28,140.63,123.73,,N,,28.03,,2026-09-29,12585.0,,,,not_applicable_not_recent_listing
399110,SOL 미국S&P500ESG,20505,-2.64,-1.73,-9.25,6.24,13.79,,N,-0.63,-0.65,0.81,37.25,79.71,,N,,4.91,,2026-09-29,20505.0,,,,not_applicable_not_recent_listing
399580,RISE 글로벌클린에너지,8905,-4.4,-5.57,-23,-12.99,10.28,,N,-1.87,-4.66,-3.78,25.87,19.13,,N,,-0.17,,2026-09-29,8905.0,,,,not_applicable_not_recent_listing
400570,KODEX 유럽탄소배출권선물ICE(H),11770,4.16,5.56,7.05,19.98,9.44,,N,-0.25,-0.68,-2.32,19.31,-7.21,,N,,-2.04,,2026-09-29,11770.0,,,,not_applicable_not_recent_listing
400580,SOL 유럽탄소배출권선물S&P(H),11700,0.17,1.25,3.63,15.84,5.07,,N,-4.22,-3.74,-5.26,18,-7.69,,N,,-5.22,,2026-09-29,11700.0,,,,not_applicable_not_recent_listing
400590,SOL 글로벌탄소배출권선물ICE(합성),13765,-1.89,-4.51,-9.02,12.41,3.77,,N,-1.01,-0.4,-3.03,21.28,7.16,,N,,-9.47,,2026-09-29,13765.0,,,,not_applicable_not_recent_listing
400970,TIGER Fn메타버스,7085,-6.65,-1.05,-14.74,-10.49,-13.6,,N,-1.12,-0.42,-2.54,7.02,-9.05,,N,,-8.87,,2026-09-29,7085.0,,,,not_applicable_not_recent_listing
401170,RISE 메타버스,10425,-6.71,0.82,-16.6,31.21,39,,N,-1.51,-1.23,-1.47,78.66,59.53,,N,,37.62,,2026-09-29,10425.0,,,,not_applicable_not_recent_listing
401470,KODEX 메타버스액티브,9315,-4.71,6.76,-10.48,8.31,13.6,,N,-0.53,-0.37,-1.43,41.46,22.81,,N,,14.93,,2026-09-29,9315.0,,,,not_applicable_not_recent_listing
401590,HANARO 글로벌탄소배출권선물ICE(합성),10990,-2.4,-4.14,-9.02,12.09,2.09,,N,-1.08,0.18,-3.3,17.48,1.85,,N,,-10.21,,2026-09-29,10990.0,,,,not_applicable_not_recent_listing
402460,HANARO Fn K-메타버스MZ,14530,-2.84,11.94,-8.73,45.74,76.01,,N,-0.85,0.45,1.04,100.97,103.79,,N,,71.34,,2026-09-29,14530.0,,,,not_applicable_not_recent_listing
402970,ACE 미국배당다우존스,14480,-6,-8.79,-10.03,-3.6,17.06,,N,-1.26,-1.76,-2.98,20.72,39.23,,N,,12.25,,2026-09-29,14480.0,,,,not_applicable_not_recent_listing
403790,MIDAS 코스피액티브,57850,1.14,20.27,-17.79,26.74,103.63,,N,-0.67,-1.9,4.2,178.53,212.11,,N,,63.77,,2026-09-29,57850.0,,,,not_applicable_not_recent_listing
404120,TIME K신재생에너지액티브,24385,-4.18,25.12,-15.83,6.83,61.33,,N,-2.65,-0.89,-0.23,84.39,72.58,,N,,41.81,,2026-09-29,24385.0,,,,not_applicable_not_recent_listing
404260,KODEX 기후변화솔루션,23600,-3.58,25.93,-12.24,14.84,78.25,,N,-1.65,-0.38,-1.44,106.38,98.24,,N,,48.66,,2026-09-29,23600.0,,,,not_applicable_not_recent_listing
404540,TIGER KRX기후변화솔루션,23410,-4.18,24.16,-13.34,14.11,74.96,,N,-2.42,-1.62,-2.23,102.77,94.35,,N,,46.36,,2026-09-29,23410.0,,,,not_applicable_not_recent_listing
404650,SOL KRX기후변화솔루션,23350,-4.07,25.88,-13.81,13.99,76.29,,N,-2.71,-0.87,-1.66,104.56,95.4,,N,,46.95,,2026-09-29,23350.0,,,,not_applicable_not_recent_listing
407300,HANARO Fn골프테마,10155,-4.02,3.94,-18.1,-6.88,22.35,,N,-0.54,-2.87,-2.73,70.82,66.61,,N,,8.9,,2026-09-29,10155.0,,,,not_applicable_not_recent_listing
407310,HANARO 200 TOP10,16155,-3.95,13.25,-18.8,5.14,66.8,,N,-1.79,-3.29,-0.74,85.9,99.44,,N,,35.47,,2026-09-29,16155.0,,,,not_applicable_not_recent_listing
407820,에셋플러스 코리아플랫폼액티브,6110,-2.32,11.8,-16.36,-29.08,-24.94,,N,-0.16,-1.21,2.95,-8.67,-11.77,,N,,-23.34,,2026-09-29,6110.0,,,,not_applicable_not_recent_listing
407830,에셋플러스 글로벌플랫폼액티브,14385,0.24,6.52,-12.82,0.84,-16.1,,N,-1.64,-3.07,3.79,49.84,102.75,,N,,-12.58,,2026-09-29,14385.0,,,,not_applicable_not_recent_listing
409810,KODEX 미국나스닥100선물인버스(H),5410,-1.73,-8.23,-2.35,-21.14,-17.21,,N,0.28,1.12,-3.65,-32.33,-48.35,,N,,-14.74,,2026-09-29,5410.0,,,,not_applicable_not_recent_listing
409820,KODEX 미국나스닥100레버리지(합성 H),20935,4.47,18.34,3.82,54.79,37.23,,N,-0.33,-1.39,8.11,86.17,221.58,,N,,31.17,,2026-09-29,20935.0,,,,not_applicable_not_recent_listing
410870,TIME K컬처액티브,8975,-13.41,-2.34,-16.71,-22.66,-31.2,,N,0.22,-0.28,-4.72,-9.8,-2.02,,N,,-22.19,,2026-09-29,8975.0,,,,not_applicable_not_recent_listing
411060,ACE KRX금현물,25340,-10.74,-2.03,-8.11,-16.44,-3.1,,N,-1.69,-4.18,-3.49,57.05,114.11,,N,,-12.64,,2026-09-29,25340.0,,,,not_applicable_not_recent_listing
411420,KODEX 미국나스닥AI테크액티브,26875,3.15,5.31,-6.86,19.71,37.93,,N,-1.25,-1.81,4.25,127.66,237.2,,N,,36.35,,2026-09-29,26875.0,,,,not_applicable_not_recent_listing
411540,SOL 200 Top10,16590,-3.66,13.86,-18.62,5.67,67.32,,N,-1.25,-2.78,-0.78,87.14,100.85,,N,,37.45,,2026-09-29,16590.0,,,,not_applicable_not_recent_listing
411860,KIWOOM 독일DAX,16065,-7,-4.09,-11.85,-4.83,-3.77,,N,-0.83,-1.32,-1.44,28.93,62.27,,N,,-8.95,,2026-09-29,16065.0,,,,not_applicable_not_recent_listing
412560,TIGER BBIG레버리지,1538,-18.75,2.81,-19.73,-34.41,-35.24,,N,-2.97,-0.97,-5.53,-29.61,-26.76,,N,,-32.25,,2026-09-29,1538.0,,,,not_applicable_not_recent_listing
412570,TIGER 2차전지TOP10레버리지,1123,-16.44,39.5,-22.87,-27.64,7.88,,N,-6.96,-3.52,-10.8,-61.74,-84.44,,N,,-7.88,,2026-09-29,1123.0,,,,not_applicable_not_recent_listing
412770,TIGER 글로벌AI플랫폼액티브,12420,-0.12,1.06,-23.59,4.55,-13.18,,N,-1.9,-2.82,5.17,25.2,75.55,,N,,-6.37,,2026-09-29,12420.0,,,,not_applicable_not_recent_listing
413220,SOL 차이나태양광CSI(합성),4085,-11.77,-12.34,-33.03,-37.25,-21.14,,N,-0.73,-6.52,-3.88,2.25,-27.38,,N,,-25.11,,2026-09-29,4085.0,,,,not_applicable_not_recent_listing
413930,WON AI ESG액티브,27575,0.25,20.1,-21.27,29.89,112.2,,N,-0.33,-2.27,2.57,188.74,225.95,,N,,68.6,,2026-09-29,27575.0,,,,not_applicable_not_recent_listing
414270,ACE 글로벌자율주행액티브,11215,-5.76,-9.81,-16.77,-9.04,-17.48,,N,-2.48,-3.36,-0.36,23.72,29.88,,N,,-12.76,,2026-09-29,11215.0,,,,not_applicable_not_recent_listing
414780,TIGER 차이나과창판STAR50(합성),13035,-6.39,-10.87,-33.27,12.52,11.55,,N,1.05,-5.68,1.4,133.39,96.75,,N,,13.89,,2026-09-29,13035.0,,,,not_applicable_not_recent_listing
415340,KODEX 차이나과창판STAR50(합성),13350,-6.84,-9.83,-33.23,13.28,11.81,,N,0.68,-5.12,0.98,133.19,99.55,,N,,14.25,,2026-09-29,13350.0,,,,not_applicable_not_recent_listing
415760,SOL 차이나육성산업액티브(합성),12185,-7.2,-12.28,-34.26,10.67,7.26,,N,-0.98,-6.84,-0.12,120.94,88.04,,N,,11.74,,2026-09-29,12185.0,,,,not_applicable_not_recent_listing
415920,PLUS 글로벌희토류&전략자원생산기업,6010,-19.92,-7.96,-33.22,-33.3,-5.8,,N,-2.51,-7.11,-5.35,46.76,-11.55,,N,,-18.29,,2026-09-29,6010.0,,,,not_applicable_not_recent_listing
416090,ACE 중국과창판STAR50,11990,-7.77,-11.68,-34.18,10.1,5.18,,N,0.67,-6.69,0.59,115.65,86.76,,N,,13.38,,2026-09-29,11990.0,,,,not_applicable_not_recent_listing
417450,RISE 글로벌수소경제,15235,-5.37,3.29,-17.27,9.37,39.51,,N,-3.02,-3.73,-3.73,132.95,93.58,,N,,34.58,,2026-09-29,15235.0,,,,not_applicable_not_recent_listing
417630,TIGER KEDI혁신기업ESG30,19050,-6.16,16.37,-9.37,7.81,52.64,,N,-1.24,-1.8,-0.39,88.71,94.79,,N,,34.39,,2026-09-29,19050.0,,,,not_applicable_not_recent_listing
418660,TIGER 미국나스닥100레버리지(합성),40510,1.98,4.42,-19.4,26.26,30.13,,N,-1.56,-1.53,7.54,105.74,242.43,,N,,17.34,,2026-09-29,40510.0,,,,not_applicable_not_recent_listing
418670,TIGER 글로벌AI사이버보안,18670,2.22,14.36,11.43,61.58,23.44,,N,1.47,-1.37,1.83,50.44,86.14,,N,,38.25,,2026-09-29,18670.0,,,,not_applicable_not_recent_listing
419420,KODEX 미국클린에너지나스닥,8500,-6.54,-6.08,-26.57,-7.1,7.66,,N,-2.52,-3.3,-0.12,37.1,10.97,,N,,-3.19,,2026-09-29,8500.0,,,,not_applicable_not_recent_listing
419430,KODEX 차이나2차전지MSCI(합성),7925,-17.45,-20.71,-30.76,-35.7,-21.77,,N,-0.13,-5.93,-5.15,36.64,25.69,,N,,-26.45,,2026-09-29,7925.0,,,,not_applicable_not_recent_listing
419650,PLUS 글로벌수소&차세대연료전지,4695,-8.83,-4.28,-25.12,-1.37,4.8,,N,-4.09,-6.66,-4.38,30.96,-9.28,,N,,7.93,,2026-09-29,4695.0,,,,not_applicable_not_recent_listing
419890,KIWOOM 단기채권ESG액티브,107455,-0.12,0.23,0.58,1.09,-1.44,,N,0.02,-0.07,-0.07,-1.26,3.67,,N,,1.09,,2026-09-29,107455.0,,,,not_applicable_not_recent_listing
421320,PLUS 우주항공,27445,0.2,28.79,-7.9,-40.9,14.78,,N,-1.96,-2.97,3.7,105.5,172.27,,N,,4.04,,2026-09-29,27445.0,,,,not_applicable_not_recent_listing
422420,RISE 2차전지액티브,6620,-5.09,31.87,-13.46,-22.84,14.43,,N,-3.22,0,-2.79,-29.5,-43.22,,N,,-0.08,,2026-09-29,6620.0,,,,not_applicable_not_recent_listing
423160,KODEX KOFR금리액티브(합성),110670,0.02,-0.19,0.03,-0.16,0.03,,N,-0.23,-0.17,-0.11,2.3,6,,N,,0.01,,2026-09-29,110670.0,,,,not_applicable_not_recent_listing
423170,SOL 글로벌AI반도체탑픽액티브,59635,6.21,18.1,-19.41,51.01,142.27,,N,0.6,-0.6,9.16,229.93,406.45,,N,,89.56,,2026-09-29,59635.0,,,,not_applicable_not_recent_listing
423920,TIGER 미국필라델피아반도체레버리지(합성),87630,8.62,11.5,-39.69,76.34,181.81,,N,-0.06,1.49,24.41,273.69,664.66,,N,,116.83,,2026-09-29,87630.0,,,,not_applicable_not_recent_listing
426020,TIME 미국S&P500액티브,31695,0.25,-1.14,-12.99,10.21,24.25,,N,-0.84,-1.37,1.8,75.16,159.16,,N,,15.93,,2026-09-29,31695.0,,,,not_applicable_not_recent_listing
426030,TIME 미국나스닥100액티브,47135,4.8,10.65,-18.87,24.76,35.17,,N,-1.07,-1.45,6.83,132.82,272.76,,N,,38.06,,2026-09-29,47135.0,,,,not_applicable_not_recent_listing
426150,WON 대한민국국고채액티브,50980,-0.6,-0.55,-1.25,-3.94,-12.72,,N,0.55,0.09,0.93,-9.55,2.57,,N,,-8.34,,2026-09-29,50980.0,,,,not_applicable_not_recent_listing
427120,RISE AI플랫폼,5205,-4.5,14.52,1.76,-24.18,-36.25,,N,-1.42,1.66,1.07,-9.16,-18.42,,N,,-27.46,,2026-09-29,5205.0,,,,not_applicable_not_recent_listing
428510,KODEX 차이나AI테크액티브,22440,-7.29,0.56,-34.8,10.43,34.49,,N,-0.93,-5.18,1.1,110.01,145.38,,N,,34.25,,2026-09-29,22440.0,,,,not_applicable_not_recent_listing
428560,KODEX 미국ETF산업Top10 Indxx,14980,-8.21,-9.16,-3.35,-6.58,-10.25,,N,-1.61,-2.92,-2.25,-2,27.16,,N,,-13.16,,2026-09-29,14980.0,,,,not_applicable_not_recent_listing
429000,TIGER 미국S&P500배당귀족,12605,-6.94,-12.37,-14.83,-6.77,3.28,,N,-0.75,-1.1,-2.36,5.26,22.68,,N,,-1.98,,2026-09-29,12605.0,,,,not_applicable_not_recent_listing
429010,TIGER 미국나스닥넥스트100,18845,-6.62,-6.5,-13.57,9.25,19.12,,N,-0.69,-1.59,0.13,48.68,77.03,,N,,11.61,,2026-09-29,18845.0,,,,not_applicable_not_recent_listing
429740,PLUS K리츠,6000,-2.04,0.93,0,-15.79,-12.98,,N,-2.6,-1.96,-0.99,-19.14,-13.36,,N,,-14.65,,2026-09-29,6000.0,,,,not_applicable_not_recent_listing
429760,PLUS 미국S&P500,19225,-1.79,-3.15,-8.82,6.07,11.45,,N,-0.95,-1.33,0.68,36.11,75.65,,N,,4.51,,2026-09-29,19225.0,,,,not_applicable_not_recent_listing
429980,SOL 한국형글로벌전기차&2차전지액티브,16535,-3.5,1.01,-18.97,2.38,19.73,,N,-2.19,-2.01,1.69,50.32,59.99,,N,,11.84,,2026-09-29,16535.0,,,,not_applicable_not_recent_listing
430500,KIWOOM 물가채KIS,111990,-0.69,-0.79,-1.16,-0.4,-4.22,,N,0.44,-0.66,-0.19,-1.81,5.97,,N,,-1.6,,2026-09-29,111990.0,,,,not_applicable_not_recent_listing
432600,RISE 국채선물3년,55135,-0.47,-0.12,-0.01,0.85,-0.93,,N,0.13,-0.06,0.29,1.62,6.89,,N,,0.03,,2026-09-29,55135.0,,,,not_applicable_not_recent_listing
432840,HANARO 미국S&P500,19370,-1.73,-3.22,-8.78,5.85,11.26,,N,-1.12,-1.17,0.65,36.5,77.71,,N,,4.62,,2026-09-29,19370.0,,,,not_applicable_not_recent_listing
433220,에셋플러스 글로벌대장장이액티브,28570,-3.4,-0.24,-18.45,-0.4,21.73,,N,-1.21,-2.97,2.42,84.68,146.51,,N,,12.86,,2026-09-29,28570.0,,,,not_applicable_not_recent_listing
433250,UNICORN R&D 액티브,22865,-3.16,16.84,-18.62,7.35,52.99,,N,-1.53,-3.11,0.93,94.43,111.32,,N,,30.06,,2026-09-29,22865.0,,,,not_applicable_not_recent_listing
433330,SOL 미국S&P500,21565,-1.75,-3.1,-8.72,5.68,11.39,,N,-1.01,-1.37,0.77,36.96,79.11,,N,,4.63,,2026-09-29,21565.0,,,,not_applicable_not_recent_listing
433500,ACE 원자력TOP10,56020,-6.02,37.1,-4.92,-16.51,71.84,,N,-3.81,-8.4,-6.94,236.66,380.03,,N,,37.09,,2026-09-29,56020.0,,,,not_applicable_not_recent_listing
433880,PLUS TDF2060액티브 적격,18305,-1.74,-1.8,-8.57,5.41,10.01,,N,-0.3,-1.43,1.55,33.42,66.71,,N,,4.51,,2026-09-29,18305.0,,,,not_applicable_not_recent_listing
433970,KODEX TDF2030액티브 적격,13820,-1.6,-1.32,-5.21,2.9,2.37,,N,-0.43,-0.9,0.62,11.72,29.22,,N,,1.21,,2026-09-29,13820.0,,,,not_applicable_not_recent_listing
433980,KODEX TDF2040액티브 적격,15670,-1.45,-1.69,-7.03,4.02,6.53,,N,-0.57,-0.95,0.67,20.68,43.17,,N,,3.4,,2026-09-29,15670.0,,,,not_applicable_not_recent_listing
434060,KODEX TDF2050액티브 적격,16645,-1.19,-1.1,-8.89,2.84,6.77,,N,-0.92,-1.13,1.49,24.12,49.62,,N,,2.46,,2026-09-29,16645.0,,,,not_applicable_not_recent_listing
434730,HANARO 원자력iSelect,56890,-9.41,26.42,-12.99,-14.13,55.88,,N,-2.31,-5.58,-3.16,228.75,404.12,,N,,19.87,,2026-09-29,56890.0,,,,not_applicable_not_recent_listing
434960,DAISHIN K200,110795,2.55,22.91,-19.61,35.11,129.29,,N,-0.08,-1.74,5.47,209.79,234.53,,N,,79.64,,2026-09-29,110795.0,,,,not_applicable_not_recent_listing
435040,ACE 글로벌브랜드TOP10,18735,-2.93,-4.41,-8.92,0.13,1.02,,N,-1.13,-1.99,-0.08,22.85,57.24,,N,,-5.71,,2026-09-29,18735.0,,,,not_applicable_not_recent_listing
435420,TIGER 미국나스닥100채권혼합50,14050,-0.04,0.86,-5.26,5.6,4.58,,N,-0.5,-0.64,1.81,13.72,28.08,,N,,2.89,,2026-09-29,14050.0,,,,not_applicable_not_recent_listing
435530,KIWOOM TDF2030액티브 적격,14885,-2.93,-7.37,-13.31,-0.03,6.89,,N,-0.43,-0.93,-0.4,19.46,40.69,,N,,1.92,,2026-09-29,14885.0,,,,not_applicable_not_recent_listing
435540,KIWOOM TDF2040액티브 적격,16800,-2.89,-6.22,-12.8,1.88,10.09,,N,-0.86,-1.5,0.06,27.32,55.56,,N,,4.28,,2026-09-29,16800.0,,,,not_applicable_not_recent_listing
435550,KIWOOM TDF2050액티브 적격,17300,-3,-5.46,-12.25,2.61,11.15,,N,-0.94,-1.54,-0.17,29.98,59.52,,N,,4.94,,2026-09-29,17300.0,,,,not_applicable_not_recent_listing
436140,SOL 종합채권(AA-이상)액티브,106015,-0.52,-0.22,-0.43,-1.55,-8.02,,N,0.24,-0.15,0.39,-4.38,5.27,,N,,-5.93,,2026-09-29,106015.0,,,,not_applicable_not_recent_listing
437070,KODEX 아시아달러채권ESG플러스액티브,56605,-4.07,-9.25,-15.6,-13.71,-8.42,,N,-1.12,-1.69,-1.32,0.6,9.86,,N,,-10.77,,2026-09-29,56605.0,,,,not_applicable_not_recent_listing
437080,KODEX 미국종합채권ESG액티브(H),94010,-3.12,-3.61,-5.22,-5.19,-7.74,,N,-0.73,-2.05,-1.67,-9.46,-0.63,,N,,-7.23,,2026-09-29,94010.0,,,,not_applicable_not_recent_listing
437350,RISE 미국단기투자등급회사채액티브,11815,-2.68,-7.3,-13.38,-10.22,-4.33,,N,-0.71,-0.71,-0.76,6.59,13.66,,N,,-6.3,,2026-09-29,11815.0,,,,not_applicable_not_recent_listing
437370,RISE 글로벌농업경제,10280,-3.06,-7.8,-8.34,-10.92,8.21,,N,-0.29,-1.63,-3.7,16.88,10.42,,N,,6.69,,2026-09-29,10280.0,,,,not_applicable_not_recent_listing
438080,ACE 미국S&P500미국채혼합50액티브,13810,-1.57,-4.1,-10.06,-1.29,3.02,,N,-0.75,-0.75,0.29,18.59,32.28,,N,,0.11,,2026-09-29,13810.0,,,,not_applicable_not_recent_listing
438100,ACE 미국나스닥100미국채혼합50액티브,15135,-0.1,-1.78,-10.44,2.68,7.15,,N,-0.62,-0.39,1.92,25.45,41.38,,N,,3.59,,2026-09-29,15135.0,,,,not_applicable_not_recent_listing
438320,TIGER 차이나항셍테크레버리지(합성 H),4455,-16.02,-23.19,-9.17,-26.36,-61.14,,N,-1.55,-8.05,-2.52,-36.85,-31.14,,N,,-47.89,,2026-09-29,4455.0,,,,not_applicable_not_recent_listing
438330,TIGER 우량회사채액티브,115335,-0.35,0.04,0.4,0.92,-1.55,,N,0.26,0,0.17,1.99,10.44,,N,,-0.2,,2026-09-29,115335.0,,,,not_applicable_not_recent_listing
438560,SOL 국고채3년,100190,-0.47,-0.04,0.09,0.79,-3.13,,N,0.23,-0.08,0.32,-5.26,-2.64,,N,,-0.09,,2026-09-29,100190.0,,,,not_applicable_not_recent_listing
438570,SOL 국고채10년,97560,-0.92,-0.75,-1.47,-1.83,-10.59,,N,0.77,-0.21,1.12,-10.85,-3.53,,N,,-5.17,,2026-09-29,97560.0,,,,not_applicable_not_recent_listing
438740,MIDAS 중소형액티브,33765,-2.07,17.85,-11.47,-4.97,12.27,,N,-0.81,-1.27,1.93,63.31,52.96,,N,,10.15,,2026-09-29,33765.0,,,,not_applicable_not_recent_listing
438900,HANARO Fn K-푸드,10900,-10.66,-0.09,2.06,-7.16,-12.13,,N,0.09,0.74,-2.42,5.01,16.33,,N,,-6.68,,2026-09-29,10900.0,,,,not_applicable_not_recent_listing
439860,KODEX ESG종합채권(A-이상)액티브,113375,-0.42,0,0.27,0.44,-2.82,,N,0.12,-0.14,0.06,1.61,8.71,,N,,-0.59,,2026-09-29,113375.0,,,,not_applicable_not_recent_listing
439870,KODEX 국고채30년액티브,87150,-1.18,-0.89,-2.93,-11.69,-27.38,,N,0.87,0.52,2.52,-24.56,-6.35,,N,,-20.2,,2026-09-29,87150.0,,,,not_applicable_not_recent_listing
440340,TIGER 글로벌멀티에셋TIF액티브,11470,-3.57,-8.02,-14.66,-10.36,-0.61,,N,-0.43,-1.8,-1.38,6.95,19.48,,N,,-3.45,,2026-09-29,11470.0,,,,not_applicable_not_recent_listing
440640,ACE 단기채권알파액티브,112875,0.18,0.51,0.79,1.57,1.25,,N,0,0.04,0.07,4.49,8.66,,N,,2.25,,2026-09-29,112875.0,,,,not_applicable_not_recent_listing
440650,ACE 미국달러단기채권액티브,11380,-1.26,-5.91,-11.78,-8.81,-3.35,,N,-0.65,-0.09,-0.26,6.65,9.53,,N,,-4.05,,2026-09-29,11380.0,,,,not_applicable_not_recent_listing
440910,WON 미국우주항공방산,21825,-12.84,-18.65,-24.07,-17.94,-2.2,,N,-2.13,-3.75,-3.26,54.73,114.29,,N,,-10.17,,2026-09-29,21825.0,,,,not_applicable_not_recent_listing
441540,HANARO Fn조선해운,25710,-5.27,5.48,-11.59,-13.45,-8.46,,N,-2.28,-3.29,-2.65,97.24,144.51,,N,,-12.04,,2026-09-29,25710.0,,,,not_applicable_not_recent_listing
441640,KODEX 미국배당커버드콜액티브,12200,-3.9,-5.65,-9.76,-4.39,0.08,,N,-0.77,-1.17,-0.65,11.01,22.8,,N,,-3.6,,2026-09-29,12200.0,,,,not_applicable_not_recent_listing
441680,TIGER 미국나스닥100커버드콜(합성),10665,-1.52,-2.38,-10.57,-4.52,4.35,,N,-1.2,-1.52,1.47,4.71,8.77,,N,,-2.51,,2026-09-29,10665.0,,,,not_applicable_not_recent_listing
441800,TIME Korea플러스배당액티브,28730,-0.1,12.27,-17.09,6.8,70.4,,N,-1.14,-1.83,2.33,108.04,159.41,,N,,45.1,,2026-09-29,28730.0,,,,not_applicable_not_recent_listing
442090,에셋플러스 코리아대장장이액티브,30595,1.81,27.19,-9.8,26.58,94.38,,N,0.56,0.43,4.35,178.14,160.6,,N,,58.48,,2026-09-29,30595.0,,,,not_applicable_not_recent_listing
442260,마이티 다이나믹퀀트액티브,38620,3.48,26.44,-19.62,35.6,129.81,,N,0.35,-1.67,5.45,205.9,238.62,,N,,81.06,,2026-09-29,38620.0,,,,not_applicable_not_recent_listing
442320,RISE 글로벌원자력,33550,-9.91,1.99,-19.16,-22.87,-4.9,,N,-2.07,-4.32,-1.96,88.11,162.11,,N,,-8.56,,2026-09-29,33550.0,,,,not_applicable_not_recent_listing
442550,RISE TDF2030액티브 적격,14645,-0.68,0.03,-5.94,5.21,7.6,,N,-0.2,-0.54,1.7,21.79,40.01,,N,,5.21,,2026-09-29,14645.0,,,,not_applicable_not_recent_listing
442560,RISE TDF2040액티브 적격,16315,-0.67,0.46,-8.19,7.83,13.85,,N,-0.46,-0.7,1.75,31.79,54.21,,N,,9.31,,2026-09-29,16315.0,,,,not_applicable_not_recent_listing
442570,RISE TDF2050액티브 적격,17320,-0.77,1.08,-8.84,9.34,17.11,,N,0.03,-0.92,1.91,38.95,63.01,,N,,11.24,,2026-09-29,17320.0,,,,not_applicable_not_recent_listing
442580,PLUS 글로벌HBM반도체,105145,7.94,22.9,-25.53,78.89,294.32,,N,0.43,-0.29,10.53,494.04,707.57,,N,,144.98,,2026-09-29,105145.0,,,,not_applicable_not_recent_listing
444200,SOL 코리아메가테크액티브,44765,-2.75,19.33,-19.73,4.96,77.15,,N,-0.96,-2.76,2.2,200.34,277.6,,N,,42.38,,2026-09-29,44765.0,,,,not_applicable_not_recent_listing
444490,WON 미국S&P500,19845,-1.61,-2.91,-8.55,6.29,12.21,,N,-0.9,-1.24,0.92,39.36,82.57,,N,,5.33,,2026-09-29,19845.0,,,,not_applicable_not_recent_listing
445150,KODEX 친환경조선해운액티브,26990,-6.85,7.27,-12.51,-17.71,-6.41,,N,-1.78,-2.56,-2.53,117.14,145.48,,N,,-8.77,,2026-09-29,26990.0,,,,not_applicable_not_recent_listing
445290,KODEX 로봇액티브,30485,-0.38,17.7,-11.92,-1.12,59.02,,N,-0.51,-2.15,-0.88,139,113.7,,N,,16.02,,2026-09-29,30485.0,,,,not_applicable_not_recent_listing
445690,BNK 주주가치액티브,30465,1.43,15.84,-13.87,11.51,58.59,,N,-0.23,-1.36,1.82,124.92,162.29,,N,,35.85,,2026-09-29,30465.0,,,,not_applicable_not_recent_listing
445910,TIGER MKF배당귀족,20460,-2.32,6.01,0.66,0.24,28.84,,N,-0.94,0.34,-0.56,56.12,73.91,,N,,20.99,,2026-09-29,20460.0,,,,not_applicable_not_recent_listing
446690,KODEX 아시아AI반도체exChina액티브,62185,4.7,34.48,-22.28,42.87,184.47,,N,-0.38,1.97,10.03,280.34,410.55,,N,,112.42,,2026-09-29,62185.0,,,,not_applicable_not_recent_listing
446700,RISE 배터리 리사이클링,10105,-7.29,22.41,-4.62,-18.84,16.35,,N,-3.81,-1.03,-3.99,-7.89,-26.05,,N,,-4.85,,2026-09-29,10105.0,,,,not_applicable_not_recent_listing
446720,SOL 미국배당다우존스,13040,-6.05,-8.94,-9.66,-3.8,16.9,,N,-1.58,-1.99,-3.23,20.3,38.65,,N,,11.74,,2026-09-29,13040.0,,,,not_applicable_not_recent_listing
446770,ACE 글로벌반도체TOP4 Plus,79955,4.48,13.04,-18.24,39.42,119.78,,N,0.81,0.41,8.86,230.05,477.5,,N,,71.28,,2026-09-29,79955.0,,,,not_applicable_not_recent_listing
447430,ACE 주주환원가치주액티브,16600,1.16,6.72,4.6,-4.24,10.08,,N,-0.12,2.53,1.44,32.96,53,,N,,8.11,,2026-09-29,16600.0,,,,not_applicable_not_recent_listing
447620,SOL 미국TOP5채권혼합50,15820,-0.13,2.26,1.87,8.36,9.56,,N,0,-1.25,0.64,26.01,40.31,,N,,5.19,,2026-09-29,15820.0,,,,not_applicable_not_recent_listing
447660,PLUS 애플채권혼합,13860,1.46,-2.22,1.69,6.13,6.9,,N,-0.22,-0.32,0.87,15.4,28.81,,N,,4.56,,2026-09-29,13860.0,,,,not_applicable_not_recent_listing
447770,TIGER 테슬라채권혼합Fn,13700,-0.29,2.62,-5.39,-4.53,-10.28,,N,-1.08,-1.37,0.26,15.08,21.02,,N,,-10.72,,2026-09-29,13700.0,,,,not_applicable_not_recent_listing
448100,WON 200,112660,2.06,22.36,-19.9,34.93,129.31,,N,-0.4,-2.12,4.96,212.34,239.18,,N,,79.58,,2026-09-29,112660.0,,,,not_applicable_not_recent_listing
448290,TIGER 미국S&P500(H),17770,-0.53,3.01,3.28,16.45,12.79,,N,-0.34,-1.14,1.05,27.89,69.89,,N,,9.42,,2026-09-29,17770.0,,,,not_applicable_not_recent_listing
448300,TIGER 미국나스닥100(H),23470,2.2,8.96,2.42,25.81,19.9,,N,-0.19,-0.87,4.03,44.56,96.9,,N,,16.42,,2026-09-29,23470.0,,,,not_applicable_not_recent_listing
448330,KODEX 삼성전자채권혼합,17620,1.47,9.82,-3.66,16.96,45.68,,N,0.43,-0.03,3.46,61.28,65.99,,N,,31.89,,2026-09-29,17620.0,,,,not_applicable_not_recent_listing
448490,HANARO 32-10 국고채액티브,52470,-0.88,-0.77,-1.18,-2.24,-8.99,,N,0.58,-0.41,1.04,-7.35,3.47,,N,,-5.53,,2026-09-29,52470.0,,,,not_applicable_not_recent_listing
448540,ACE 엔비디아채권혼합,26680,0.13,3.19,1.62,6.96,8.37,,N,0.45,0.19,2.58,29.08,88.35,,N,,6.17,,2026-09-29,26680.0,,,,not_applicable_not_recent_listing
448570,FOCUS AI코리아액티브,30030,-0.12,17.95,-10.77,19.17,78.59,,N,-0.51,-1.83,3.04,135.16,158.66,,N,,50.87,,2026-09-29,30030.0,,,,not_applicable_not_recent_listing
448630,RISE 삼성그룹Top3채권혼합,15220,-0.59,7.37,-2.25,14.26,43.52,,N,-0.23,-0.46,0.86,48.92,56.1,,N,,28.6,,2026-09-29,15220.0,,,,not_applicable_not_recent_listing
449170,TIGER KOFR금리액티브(합성),112005,0.26,0.49,0.7,1.34,1.99,,N,0.01,0.04,0.12,4.95,8.75,,N,,1.95,,2026-09-29,112005.0,,,,not_applicable_not_recent_listing
449180,KODEX 미국S&P500(H),17150,-0.55,3.1,3.59,16.75,12.68,,N,-0.35,-1.1,1.03,27.84,66.83,,N,,9.51,,2026-09-29,17150.0,,,,not_applicable_not_recent_listing
449190,KODEX 미국나스닥100(H),22760,2.34,9.06,2.57,25.99,19.95,,N,-0.15,-0.72,4.05,43.96,92.07,,N,,16.54,,2026-09-29,22760.0,,,,not_applicable_not_recent_listing
449450,PLUS K방산,49595,-10.13,12.21,-17.22,-30.64,-11.09,,N,-1.79,-3.2,-2.72,171.6,362.64,,N,,-4.84,,2026-09-29,49595.0,,,,not_applicable_not_recent_listing
449580,RISE 테슬라애플아마존채권혼합,16055,-0.37,-1.17,-3.49,0.72,-1.29,,N,-0.71,-1.41,0.03,17.79,33.46,,N,,-2.87,,2026-09-29,16055.0,,,,not_applicable_not_recent_listing
449680,TIGER 한중전기차(합성),9585,-12.63,-6.3,-22.73,-26.75,-3.03,,N,-2.14,-3.86,-4.1,12.5,1.43,,N,,-11.98,,2026-09-29,9585.0,,,,not_applicable_not_recent_listing
449690,TIGER 한중반도체(합성),49090,0.59,10.4,-29.53,40.54,108.89,,N,0.79,-3.37,4.85,309.42,345.26,,N,,78.06,,2026-09-29,49090.0,,,,not_applicable_not_recent_listing
449770,KIWOOM 미국S&P500,20690,-1.66,-3.2,-8.53,5.64,11.09,,N,-0.98,-1.17,0.9,36.43,79.29,,N,,4.49,,2026-09-29,20690.0,,,,not_applicable_not_recent_listing
449780,KIWOOM 미국S&P500(H),18665,-0.56,2.87,2.98,16.15,12.68,,N,-0.16,-1.11,1.17,28.28,68.91,,N,,9.57,,2026-09-29,18665.0,,,,not_applicable_not_recent_listing
450180,KODEX 한중전기차(합성),9860,-13.05,-6.72,-23.51,-27.04,-3.14,,N,-1.89,-4.13,-6.05,13.59,2.02,,N,,-11.81,,2026-09-29,9860.0,,,,not_applicable_not_recent_listing
450190,KODEX 한중반도체(합성),49290,-0.13,9.79,-29.65,39.75,105.8,,N,1.23,-4.12,6.56,308.71,342.06,,N,,76.07,,2026-09-29,49290.0,,,,not_applicable_not_recent_listing
450910,SOL 코스닥150,14000,-1.27,28.38,-14.22,-27.98,1.71,,N,1.23,2.6,4.71,9.38,7.32,,N,,-7.35,,2026-09-29,14000.0,,,,not_applicable_not_recent_listing
451000,PLUS 종합채권(AA-이상)액티브,107035,-0.53,-0.05,-0.43,-1.95,-7.57,,N,0.23,-0.12,0.59,-3.89,5.44,,N,,-4.52,,2026-09-29,107035.0,,,,not_applicable_not_recent_listing
451060,1Q 200액티브,35240,2.59,23.04,-19.71,34.5,126.7,,N,0.21,-1.76,5.54,211.17,243.3,,N,,78.02,,2026-09-29,35240.0,,,,not_applicable_not_recent_listing
451150,에셋플러스 글로벌영에이지액티브,16825,-5.98,-8.39,-14.53,-3.25,-18.23,,N,-0.97,-1.84,-0.41,34.55,50.29,,N,,-13.27,,2026-09-29,16825.0,,,,not_applicable_not_recent_listing
451530,TIGER 국고채30년스트립액티브,34880,-1.4,-2.34,-6.19,-21.43,-40.81,,N,0.72,0.94,3.82,-38.66,-17.37,,N,,-32.53,,2026-09-29,34880.0,,,,not_applicable_not_recent_listing
451540,TIGER 종합채권(AA-이상)액티브,52740,-0.43,-0.14,-0.31,-1.72,-7.29,,N,0.29,0.05,0.56,-3.72,6.24,,N,,-4.46,,2026-09-29,52740.0,,,,not_applicable_not_recent_listing
451600,PLUS 국고채30년액티브,84110,-0.88,-0.87,-3.04,-11.21,-26.62,,N,0.92,-0.27,2.67,-24.14,-6.11,,N,,-19.77,,2026-09-29,84110.0,,,,not_applicable_not_recent_listing
451670,RISE 국채30년레버리지(합성),11980,-3.31,-3.11,-7.31,-25.8,-50.26,,N,1.61,0.88,4.58,-48.91,-26.64,,N,,-40.65,,2026-09-29,11980.0,,,,not_applicable_not_recent_listing
452250,ACE 미국30년국채선물레버리지(합성 H),4325,-9.71,-11.55,-18.24,-15.69,-23.72,,N,-0.46,-6.99,-4.63,-39.43,-32.32,,N,,-20.42,,2026-09-29,4325.0,,,,not_applicable_not_recent_listing
452360,SOL 미국배당다우존스(H),12945,-5.03,-3.18,2.21,6.19,18.82,,N,-0.96,-1.93,-3.11,12.91,29.32,,N,,17.57,,2026-09-29,12945.0,,,,not_applicable_not_recent_listing
453010,PLUS KOFR금리,110095,0.25,0.47,0.69,1.32,1.49,,N,0.01,0.05,0.1,4.35,8.03,,N,,1.91,,2026-09-29,110095.0,,,,not_applicable_not_recent_listing
453060,HANARO KOFR금리액티브(합성),111675,0.26,0.51,0.72,1.37,2.66,,N,0.01,0.04,0.13,5.62,9.43,,N,,2,,2026-09-29,111675.0,,,,not_applicable_not_recent_listing
453080,KIWOOM 미국나스닥100(H),23475,2.22,8.83,2.22,25.5,19.77,,N,-0.06,-0.87,4.15,43.45,93.05,,N,,16.53,,2026-09-29,23475.0,,,,not_applicable_not_recent_listing
453330,RISE 미국S&P500(H),18135,-0.85,3.1,3.57,17.15,13.38,,N,-0.49,-1.28,0.83,28.57,67.3,,N,,10.11,,2026-09-29,18135.0,,,,not_applicable_not_recent_listing
453630,KODEX 미국S&P500필수소비재,11770,-4.5,-11,-14.96,-9.15,0.47,,N,-0.17,-0.3,-2.45,0.77,18.29,,N,,-2.04,,2026-09-29,11770.0,,,,not_applicable_not_recent_listing
453640,KODEX 미국S&P500헬스케어,14070,-0.99,-3.4,-6.82,5.16,21.77,,N,0.29,1.37,2.59,13.47,31.37,,N,,2.96,,2026-09-29,14070.0,,,,not_applicable_not_recent_listing
453650,KODEX 미국S&P500금융,17980,-7.44,-11.43,-11.34,-1.43,-3.64,,N,-1.59,-3.31,-4.74,21.65,60.89,,N,,-8.48,,2026-09-29,17980.0,,,,not_applicable_not_recent_listing
453660,KODEX 미국S&P500경기소비재,15940,-7.16,-9.23,-16.46,-10.37,-12.1,,N,-1.39,-3.42,-3.16,11.55,36.82,,N,,-15.1,,2026-09-29,15940.0,,,,not_applicable_not_recent_listing
453810,KODEX 인도Nifty50,10795,-7.3,-12.34,-18.41,-13.08,-18.8,,N,-0.74,-3.05,-2.79,-24.69,-3.62,,N,,-23.47,,2026-09-29,10795.0,,,,not_applicable_not_recent_listing
453820,KODEX 인도Nifty50레버리지(합성),9785,-13.64,-22.74,-32.93,-24.76,-37.3,,N,-2.05,-5.78,-5.46,-48.04,-19.89,,N,,-42.19,,2026-09-29,9785.0,,,,not_applicable_not_recent_listing
453850,ACE 미국30년국채액티브(H),6860,-4.52,-6.22,-9.32,-8.66,-12.5,,N,-0.72,-3.72,-2.56,-22.35,-17.5,,N,,-10.68,,2026-09-29,6860.0,,,,not_applicable_not_recent_listing
453870,TIGER 인도니프티50,10560,-8.21,-13.12,-19.36,-13.65,-18.89,,N,-1.08,-3.12,-2.76,-24.41,-4,,N,,-23.78,,2026-09-29,10560.0,,,,not_applicable_not_recent_listing
453950,TIGER TSMC파운드리밸류체인,33100,0,7.66,-21.87,22.37,73.12,,N,0.2,1.42,8.86,112.25,221.98,,N,,48.8,,2026-09-29,33100.0,,,,not_applicable_not_recent_listing
454320,HANARO CAPEX설비투자iSelect,41410,-6.21,23.15,-7.24,-4.31,62.14,,N,-1.52,-4.52,-2.18,187.47,276.97,,N,,29.2,,2026-09-29,41410.0,,,,not_applicable_not_recent_listing
454780,KIWOOM 종합채권(AA-이상)액티브,99370,-0.41,-0.15,-0.37,-1.77,-9.14,,N,0.44,-0.17,0.5,-8.49,0.8,,N,,-4.48,,2026-09-29,99370.0,,,,not_applicable_not_recent_listing
455030,KODEX 미국달러SOFR금리액티브(합성),11640,-0.94,-6.47,-12.32,-10.25,-3.12,,N,-0.72,-0.21,-0.39,6.35,9.5,,N,,-5.83,,2026-09-29,11640.0,,,,not_applicable_not_recent_listing
455660,ACE 미국하이일드액티브(H),9160,-3.02,-3.07,-3.68,-3.78,-7.38,,N,-0.92,-2.08,-1.87,-9.66,-5.03,,N,,-6.48,,2026-09-29,9160.0,,,,not_applicable_not_recent_listing
455850,SOL AI반도체소부장,28415,17.47,64.96,0.35,12.13,95.36,,N,5.26,7.15,18.62,135.22,143.7,,N,,69.79,,2026-09-29,28415.0,,,,not_applicable_not_recent_listing
455860,SOL 2차전지소부장Fn,4335,-7.96,20.42,-16.95,-29.4,12.6,,N,-3.13,-0.12,-4.52,-29.4,-49.5,,N,,-11.62,,2026-09-29,4335.0,,,,not_applicable_not_recent_listing
455890,RISE 머니마켓액티브,55610,0.27,0.56,0.85,1.62,1.61,,N,0.01,0.04,0.14,4.96,9.38,,N,,2.38,,2026-09-29,55610.0,,,,not_applicable_not_recent_listing
455960,RISE 미국달러SOFR금리액티브(합성),11960,-1.16,-5.42,-10.48,-7.86,1.01,,N,0.29,0.13,0.55,12.09,15,,N,,-2.84,,2026-09-29,11960.0,,,,not_applicable_not_recent_listing
456200,PLUS 미국달러SOFR금리액티브(합성),58955,-1.02,-5.76,-11.5,-8.41,0.38,,N,-0.3,-0.16,0.59,11.14,14.52,,N,,-2.84,,2026-09-29,58955.0,,,,not_applicable_not_recent_listing
456250,KODEX 유럽명품TOP10 STOXX,7855,-11.74,-17.58,-21.88,-14.43,-23.29,,N,-0.13,-1.13,-3.32,-14.15,-2.48,,N,,-29.55,,2026-09-29,7855.0,,,,not_applicable_not_recent_listing
456600,TIME 글로벌AI인공지능액티브,57970,1.68,8.37,-17.31,39.84,65.56,,N,-1.08,-2.88,4.09,185.92,357.36,,N,,68.13,,2026-09-29,57970.0,,,,not_applicable_not_recent_listing
456610,TIGER 미국달러SOFR금리액티브(합성),59095,-0.8,-5.62,-11.21,-8.24,0.71,,N,-0.58,0.01,-0.05,11.5,14.83,,N,,-3.08,,2026-09-29,59095.0,,,,not_applicable_not_recent_listing
456680,TIGER 차이나전기차레버리지(합성),4815,-25.23,-35.06,-47.43,-57.67,-55.48,,N,-0.21,-9.66,-5.12,2.45,-25.35,,N,,-51.12,,2026-09-29,4815.0,,,,not_applicable_not_recent_listing
456880,ACE 미국달러SOFR금리(합성),11950,-0.87,-5.68,-11.61,-8.43,0.55,,N,-0.54,-0.08,-0.04,11.32,14.74,,N,,-3.2,,2026-09-29,11950.0,,,,not_applicable_not_recent_listing
457480,ACE 테슬라밸류체인액티브,17745,-5.33,5.47,-21.52,-15.8,-14.67,,N,-2.26,-5.11,-0.39,47.51,51.93,,N,,-19.87,,2026-09-29,17745.0,,,,not_applicable_not_recent_listing
457690,KODEX 33-06 국고채액티브,10430,-0.76,-0.62,-0.81,-0.9,-7,,N,0.38,-0.14,0.77,-3.6,7.19,,N,,-3.02,,2026-09-29,10430.0,,,,not_applicable_not_recent_listing
457700,KODEX 53-09 국고채액티브,9110,-0.98,-0.98,-2.72,-10.2,-24.9,,N,0.55,0.22,1.96,-21.9,-4.81,,N,,-17.82,,2026-09-29,9110.0,,,,not_applicable_not_recent_listing
457930,BNK 미래전략기술액티브,27555,-0.49,21.55,-13.9,3.42,71.42,,N,-1.04,-1.87,1.08,159.95,187.18,,N,,38.26,,2026-09-29,27555.0,,,,not_applicable_not_recent_listing
457990,PLUS 태양광&ESS,35450,-9.24,29.66,-6.99,8.24,113.88,,N,-2.22,7,3.56,249.09,333.64,,N,,67.3,,2026-09-29,35450.0,,,,not_applicable_not_recent_listing
458030,WON 국공채머니마켓액티브,55160,0.25,0.47,0.77,1.47,1.57,,N,0.03,0.04,0.13,4.87,8.87,,N,,2.07,,2026-09-29,55160.0,,,,not_applicable_not_recent_listing
458210,KIWOOM CD금리액티브(합성),110865,0.25,0.52,0.77,1.46,2.81,,N,0.04,0.04,0.13,5.72,9.39,,N,,2.13,,2026-09-29,110865.0,,,,not_applicable_not_recent_listing
458250,TIGER 미국30년국채스트립액티브(합성 H),32345,-7.13,-9.39,-14.81,-12.76,-18.05,,N,-0.99,-6.15,-4.05,-31.44,-22.89,,N,,-15.4,,2026-09-29,32345.0,,,,not_applicable_not_recent_listing
458260,TIGER 미국투자등급회사채액티브(H),44630,-3.88,-4.3,-6.62,-5.94,-9.54,,N,-0.98,-2.71,-1.97,-12.56,-7.13,,N,,-8.72,,2026-09-29,44630.0,,,,not_applicable_not_recent_listing
458730,TIGER 미국배당다우존스,14225,-6.04,-8.93,-9.68,-3.76,16.93,,N,-1.49,-2.03,-3.26,20.5,38.24,,N,,11.57,,2026-09-29,14225.0,,,,not_applicable_not_recent_listing
458750,TIGER 미국배당다우존스타겟커버드콜1호,12340,-6.2,-9.33,-10.68,-5.95,13.58,,N,-1.04,-1.44,-2.72,11.88,21.52,,N,,9.4,,2026-09-29,12340.0,,,,not_applicable_not_recent_listing
458760,TIGER 미국배당다우존스타겟커버드콜2호,10385,-6.19,-10.97,-11.32,-8.98,9.66,,N,-1.7,-2.26,-3.62,2.16,3.44,,N,,6.29,,2026-09-29,10385.0,,,,not_applicable_not_recent_listing
459560,KODEX 테슬라밸류체인FactSet,21850,1.25,3.09,-16.67,12.57,22.55,,N,-1.18,0.3,4.22,66.79,110.7,,N,,10.94,,2026-09-29,21850.0,,,,not_applicable_not_recent_listing
459580,KODEX CD금리액티브(합성),1073205,-0.01,-0.24,-0.01,-0.22,-0,,N,-0.25,-0.23,-0.14,2.24,5.94,,N,,-0.05,,2026-09-29,1073205.0,,,,not_applicable_not_recent_listing
459750,RISE 글로벌주식분산액티브,17390,-3.47,-4.71,-10.52,3.48,11.15,,N,-1.56,-2.03,-0.29,35.81,71.25,,N,,4.98,,2026-09-29,17390.0,,,,not_applicable_not_recent_listing
459790,KIWOOM 미국성장기업30액티브,20260,0.77,3.37,-14.23,11.75,19.39,,N,-1.98,-1.86,3.68,51.76,97.27,,N,,10.41,,2026-09-29,20260.0,,,,not_applicable_not_recent_listing
460270,KIWOOM 미국달러SOFR금리액티브(합성),12380,-1.12,-5.6,-10.81,-8.09,0.94,,N,-0.44,0,0,11.43,14.9,,N,,-2.83,,2026-09-29,12380.0,,,,not_applicable_not_recent_listing
460660,RISE 미국S&P배당킹,11195,-6.55,-12.2,-15.22,-5.21,4.14,,N,-0.31,-0.97,-2.06,2.9,13.42,,N,,0.4,,2026-09-29,11195.0,,,,not_applicable_not_recent_listing
460960,ACE 글로벌인컴TOP10,10460,-5.47,-9.63,-14.96,-11.09,-6.27,,N,-1.69,-3.51,-2.38,-2.88,5.02,,N,,-9.75,,2026-09-29,10460.0,,,,not_applicable_not_recent_listing
461340,HANARO 글로벌생성형AI액티브,43530,4.51,10.05,-10.8,40.31,66.08,,N,-1.16,-1.26,6.44,184.79,346.46,,N,,60.42,,2026-09-29,43530.0,,,,not_applicable_not_recent_listing
461450,KODEX 코스닥글로벌,15410,-4.29,25.64,-15.77,-17.37,13.68,,N,0.13,1.99,3.7,31.99,57.65,,N,,4.55,,2026-09-29,15410.0,,,,not_applicable_not_recent_listing
461460,PLUS 국고채10년액티브,50990,-1.1,-0.84,-1.49,-1.98,-9.14,,N,0.64,-0.31,1.14,-6.73,4.46,,N,,-5.43,,2026-09-29,50990.0,,,,not_applicable_not_recent_listing
461490,RISE 글로벌자산배분액티브,14450,-2.2,-1.1,-3.79,-1.16,1.19,,N,-0.41,-0.89,0.17,19.52,43.57,,N,,-1.63,,2026-09-29,14450.0,,,,not_applicable_not_recent_listing
461500,HANARO 종합채권(AA-이상)액티브,104860,-0.31,-0.25,-0.35,-1.56,-8.72,,N,0.59,-0.11,0.72,-5.44,,,N,,-4.07,,2026-09-29,104860.0,,,,not_applicable_not_recent_listing
461580,TIGER 코스닥글로벌,15905,-3.2,26.78,-14.79,-15.85,13.97,,N,2.22,2.98,4.71,33.43,63.55,,N,,5.4,,2026-09-29,15905.0,,,,not_applicable_not_recent_listing
461600,SOL 미국30년국채액티브(H),7980,-4.83,-5.84,-9.16,-7.21,-11.97,,N,-0.44,-3.56,-2.27,-18.98,-11.92,,N,,-9.01,,2026-09-29,7980.0,,,,not_applicable_not_recent_listing
461900,PLUS 미국테크TOP10,22695,2.23,4.54,-0.7,11.22,7.64,,N,-1.13,-1.56,3.49,51.35,127.63,,N,,2.32,,2026-09-29,22695.0,,,,not_applicable_not_recent_listing
461910,PLUS 미국테크TOP10레버리지(합성),37640,4.99,9.4,-3.54,19.97,5.63,,N,-1.39,-2.88,8.35,84.19,283.89,,N,,-1.93,,2026-09-29,37640.0,,,,not_applicable_not_recent_listing
461950,KODEX 2차전지핵심소재10,4730,-9.21,24.47,-16.87,-29.19,18.1,,N,-3.86,-1.15,-5.4,-28.22,-50.29,,N,,-8.69,,2026-09-29,4730.0,,,,not_applicable_not_recent_listing
462010,TIGER 2차전지소재Fn,4640,-8.39,21.15,-19.02,-30.54,17.77,,N,-3.93,-1.9,-5.02,-28.06,-49.26,,N,,-12.12,,2026-09-29,4640.0,,,,not_applicable_not_recent_listing
462330,KODEX 2차전지산업레버리지,965,-12.98,44.03,-28.83,-42.7,-3.79,,N,-7.03,-1.13,-8.53,-67.23,-85.67,,N,,-25.65,,2026-09-29,965.0,,,,not_applicable_not_recent_listing
462340,에셋플러스 글로벌다이나믹시니어액티브,16340,-3.11,-3.8,-8.56,6.07,-2.18,,N,-0.67,-1.15,2.25,32.85,69.59,,N,,-3.23,,2026-09-29,16340.0,,,,not_applicable_not_recent_listing
462900,KoAct 바이오헬스케어액티브,12440,-16.06,5.6,-29.92,-49.8,-29.06,,N,-0.64,0,-3.57,-10.89,20.08,,N,,-46.19,,2026-09-29,12440.0,,,,not_applicable_not_recent_listing
463050,TIME K바이오액티브,10970,-17.64,0.83,-27.35,-48.25,-26.03,,N,-1.48,-0.99,-4.28,-7.97,15.05,,N,,-43.96,,2026-09-29,10970.0,,,,not_applicable_not_recent_listing
463250,TIGER K방산&우주,32305,-9.1,14.74,-13.97,-29.47,-0.23,,N,-1.85,-3.45,-1.58,191.43,201.92,,N,,8.41,,2026-09-29,32305.0,,,,not_applicable_not_recent_listing
463290,1Q 단기금융채액티브,109470,0.22,0.51,0.78,1.5,1,,N,0.01,0.04,0.09,4.23,8.73,,N,,2.1,,2026-09-29,109470.0,,,,not_applicable_not_recent_listing
463300,RISE 중국본토CSI300,12330,-7.26,-10.36,-20.25,-9.34,-4.31,,N,-0.68,-4.68,-2.49,26.4,31.45,,N,,-7.68,,2026-09-29,12330.0,,,,not_applicable_not_recent_listing
463640,KODEX 미국S&P500유틸리티,12420,-9.61,-17.88,-25.16,-22.01,-12.72,,N,-0.84,-3.16,-5.05,0.32,29.31,,N,,-13.57,,2026-09-29,12420.0,,,,not_applicable_not_recent_listing
463680,KODEX 미국S&P500테크놀로지,22760,1.74,6.26,-6.93,30.77,33.49,,N,-1.15,-0.22,5.61,73.21,137.08,,N,,24.37,,2026-09-29,22760.0,,,,not_applicable_not_recent_listing
463690,KODEX 미국S&P500커뮤니케이션,17355,-1.67,-5.63,-8.54,-7.88,-8.47,,N,-1.92,-3.9,-3.72,29.03,75.3,,N,,-10.75,,2026-09-29,17355.0,,,,not_applicable_not_recent_listing
464310,TIGER 글로벌AI&로보틱스 INDXX,13165,-4.77,-4.71,-16.84,-8.45,-5.36,,N,-0.75,-2.45,1.62,8.58,39.68,,N,,-12.44,,2026-09-29,13165.0,,,,not_applicable_not_recent_listing
464470,PLUS 미국채30년액티브,44905,-6.22,-12.28,-20.57,-17.42,-14.01,,N,-1.25,-3.78,-2.68,-15.01,-6.36,,N,,-15.43,,2026-09-29,44905.0,,,,not_applicable_not_recent_listing
464600,SOL 자동차소부장Fn,23375,0.54,24.5,-14.13,40.47,135.87,,N,0.34,1.08,4.59,145.02,133.17,,N,,76.42,,2026-09-29,23375.0,,,,not_applicable_not_recent_listing
464610,SOL 의료기기소부장Fn,6715,-13.52,-6.02,-21.74,-32.38,-41.68,,N,0,0.52,-3.52,-32.75,-30.09,,N,,-33.15,,2026-09-29,6715.0,,,,not_applicable_not_recent_listing
464920,PLUS 일본반도체소부장,23780,-1.78,11.98,-21.17,8.81,55.58,,N,-2.86,3.59,7.7,75.3,146.17,,N,,33.52,,2026-09-29,23780.0,,,,not_applicable_not_recent_listing
464930,TIGER 글로벌혁신블루칩TOP10,20445,-3.36,-2.53,-5.72,6.96,12.89,,N,-0.51,-0.56,2.05,46.19,109.26,,N,,4.6,,2026-09-29,20445.0,,,,not_applicable_not_recent_listing
465330,RISE 2차전지TOP10,11045,-4.91,24.87,-8.23,-13.71,37.55,,N,-4.66,-0.76,-3.96,-12.24,-36.52,,N,,12.59,,2026-09-29,11045.0,,,,not_applicable_not_recent_listing
465350,RISE 2차전지TOP10인버스(합성),16565,4.28,-22.27,0.61,-5.34,-51.37,,N,4.64,0.73,4.45,-34.4,-25.32,,N,,-35.63,,2026-09-29,16565.0,,,,not_applicable_not_recent_listing
465580,ACE 미국빅테크TOP7 Plus,24195,0.12,3.8,-0.49,14.78,14.89,,N,-0.92,-1.93,1.19,62.49,152.82,,N,,6.45,,2026-09-29,24195.0,,,,not_applicable_not_recent_listing
465610,ACE 미국빅테크TOP7 Plus레버리지(합성),41905,-0.63,7.48,-1.93,25.2,19,,N,-1.1,-3.44,1.74,109.94,356.73,,N,,4.89,,2026-09-29,41905.0,,,,not_applicable_not_recent_listing
465620,ACE 미국빅테크TOP7 Plus인버스(합성),6515,0.7,-4.47,-0.84,-15.06,-20.06,,N,0.54,1.88,-0.53,-47.75,-68.78,,N,,-10.08,,2026-09-29,6515.0,,,,not_applicable_not_recent_listing
465660,TIGER 일본반도체FACTSET,24600,1.65,14.95,-23.39,19.21,67.18,,N,0.72,1.38,7.21,96.72,148.48,,N,,45.91,,2026-09-29,24600.0,,,,not_applicable_not_recent_listing
465670,TIGER 미국캐시카우100,15445,-9.7,-8.28,-6.22,2.76,12.74,,N,-2.25,-3.41,-6.7,30.67,55.3,,N,,6.3,,2026-09-29,15445.0,,,,not_applicable_not_recent_listing
466810,BNK 2차전지양극재,5770,-4.55,28.22,-8.41,-19.53,22.51,,N,-4.15,-0.17,-3.59,-23.02,,,N,,0.87,,2026-09-29,5770.0,,,,not_applicable_not_recent_listing
466920,SOL 조선TOP3플러스,26015,-7.63,2.24,-20.92,-21.78,-17.62,,N,-2.2,-4.43,-4.92,114.82,,,N,,-19.67,,2026-09-29,26015.0,,,,not_applicable_not_recent_listing
466930,SOL 자동차TOP3플러스,23265,-9.03,2.35,-22.69,11.08,97.66,,N,-0.81,-1.42,-1.29,108.75,,,N,,53.16,,2026-09-29,23265.0,,,,not_applicable_not_recent_listing
466940,TIGER 은행고배당플러스TOP10,27105,1.65,9.03,11.57,6.9,35.32,,N,-0.77,-0.11,-1.62,92.78,,,N,,26.87,,2026-09-29,27105.0,,,,not_applicable_not_recent_listing
466950,TIGER 글로벌AI액티브,30950,3.1,9.34,-28.75,27,39.29,,N,-1.31,-2.29,7.8,106.13,,,N,,37.1,,2026-09-29,30950.0,,,,not_applicable_not_recent_listing
468370,KODEX iShares미국인플레이션국채액티브,10155,-4.33,-10.13,-16.21,-14.41,-9.05,,N,-0.78,-1.55,-1.74,-2.78,,,N,,-10.92,,2026-09-29,10155.0,,,,not_applicable_not_recent_listing
468380,KODEX iShares미국하이일드액티브,10445,-4.09,-8.98,-14.73,-12.41,-8.01,,N,-1.37,-2.02,-1.88,-2.43,,,N,,-10.27,,2026-09-29,10445.0,,,,not_applicable_not_recent_listing
468630,KODEX iShares미국투자등급회사채액티브,10265,-5.09,-10.27,-17.78,-14.78,-10.89,,N,-1.3,-2.84,-2.14,-6.51,,,N,,-13.16,,2026-09-29,10265.0,,,,not_applicable_not_recent_listing
469050,RISE 미국반도체NYSE(H),33715,7.63,16.26,-6.89,66.17,100.51,,N,0.09,0.67,12.51,124.32,,,N,,79.62,,2026-09-29,33715.0,,,,not_applicable_not_recent_listing
469060,RISE 미국반도체NYSE,36450,6.35,9.33,-18.19,50.71,99.89,,N,-0.63,0.45,12.21,142.68,,,N,,72.18,,2026-09-29,36450.0,,,,not_applicable_not_recent_listing
469070,RISE AI&로봇,10780,-3.79,13.71,-7.55,-24.85,3.01,,N,-0.83,-2,-1.64,38.47,,,N,,-18.4,,2026-09-29,10780.0,,,,not_applicable_not_recent_listing
469150,ACE AI반도체TOP3+,63390,11.22,42.23,-15.82,42.37,239.26,,N,3.24,1.59,12.32,337.63,,,N,,134.86,,2026-09-29,63390.0,,,,not_applicable_not_recent_listing
469160,ACE 일본반도체,24570,-0.24,10.23,-24.49,18.58,74.07,,N,0.66,2.8,4.69,108.84,,,N,,49.54,,2026-09-29,24570.0,,,,not_applicable_not_recent_listing
469170,ACE 포스코그룹포커스,5675,-4.54,18.72,-3.81,-18.7,14.76,,N,-3.49,-4.14,-5.57,-14.66,,,N,,-2.07,,2026-09-29,5675.0,,,,not_applicable_not_recent_listing
469530,RISE 미국달러선물인버스,9560,1.27,6.52,13.67,10.78,2.58,,N,0.16,0.1,0.16,-3.48,,,N,,5.93,,2026-09-29,9560.0,,,,not_applicable_not_recent_listing
469790,KIWOOM 코리아테크TOP10,44045,3.67,23.6,-19.42,64.75,195.31,,N,1.69,-0.14,6.93,305.76,,,N,,118.31,,2026-09-29,44045.0,,,,not_applicable_not_recent_listing
469830,SOL 초단기채권액티브,54515,0.29,0.62,0.89,1.68,1.54,,N,0.01,0.05,0.14,4.99,,,N,,2.45,,2026-09-29,54515.0,,,,not_applicable_not_recent_listing
470310,UNICORN 생성형AI강소기업액티브,18310,-3.78,21.99,4.27,31.87,90.73,,N,0.19,0.6,2.46,139.35,,,N,,58.12,,2026-09-29,18310.0,,,,not_applicable_not_recent_listing
471040,KoAct 글로벌AI&로봇액티브,29275,3.83,12.16,-22.21,23.47,59.49,,N,-1.38,-1.96,6.2,119.78,,,N,,42.46,,2026-09-29,29275.0,,,,not_applicable_not_recent_listing
471230,KODEX 국고채10년액티브,103170,-1.05,-0.76,-1.39,-2.05,-9.3,,N,0.6,0.12,1.1,-6.96,,,N,,-5.24,,2026-09-29,103170.0,,,,not_applicable_not_recent_listing
471460,KIWOOM 국고채30년액티브,45080,-1.87,-2.18,-4.15,-13.24,-28.55,,N,0.36,-0.02,1.93,-27.54,,,N,,-21.8,,2026-09-29,45080.0,,,,not_applicable_not_recent_listing
471760,TIGER AI반도체핵심공정,15880,10.09,57.85,-10.54,-14.65,56.68,,N,3.28,5.2,17.67,59.52,,,N,,36.66,,2026-09-29,15880.0,,,,not_applicable_not_recent_listing
471780,TIGER 코리아테크액티브,39225,12.72,45.55,-15.77,60.89,197.72,,N,2.68,2.75,12.31,311.38,,,N,,121.8,,2026-09-29,39225.0,,,,not_applicable_not_recent_listing
471990,KODEX AI반도체핵심장비,28110,16.64,73.68,5.48,11.95,132.12,,N,5.3,5.96,16.35,168.61,,,N,,82,,2026-09-29,28110.0,,,,not_applicable_not_recent_listing
472150,TIGER 배당커버드콜액티브,20230,0.75,16,-23.47,18.34,67.4,,N,-2.18,-3.69,3.03,91.75,,,N,,49.46,,2026-09-29,20230.0,,,,not_applicable_not_recent_listing
472160,TIGER 미국테크TOP10 INDXX(H),19430,3.57,10.4,11.03,22.05,10.24,,N,-0.21,-1.4,3.32,43.03,,,N,,6.96,,2026-09-29,19430.0,,,,not_applicable_not_recent_listing
472170,TIGER 미국테크TOP10채권혼합,14010,0.79,1.89,-0.85,5.62,2.04,,N,-0.71,-0.88,1.89,17.53,,,N,,0.18,,2026-09-29,14010.0,,,,not_applicable_not_recent_listing
472720,TRUSTON 주주가치액티브,25565,-0.27,15.34,-13.99,9.53,61.32,,N,-0.53,-1.29,1.85,117.57,,,N,,39.78,,2026-09-29,25565.0,,,,not_applicable_not_recent_listing
472830,RISE 미국30년국채커버드콜(합성),7365,-6.59,-14.06,-22.19,-20.51,-18.62,,N,-1.87,-4.6,-3.28,-23.88,,,N,,-19.07,,2026-09-29,7365.0,,,,not_applicable_not_recent_listing
472840,IBK 200,109415,2.59,23.17,-19.7,35.29,129.26,,N,0.38,-1.71,5.15,208.04,,,N,,79.9,,2026-09-29,109415.0,,,,not_applicable_not_recent_listing
472870,RISE 미국30년국채엔화노출(합성 H),6505,-5.24,-9.46,-19.19,-18.12,-22.14,,N,-0.99,-3.91,-4.55,-31.02,,,N,,-18.79,,2026-09-29,6505.0,,,,not_applicable_not_recent_listing
472920,HK 종합채권(AA-이상)액티브,97775,-0.64,-0.08,-0.44,-1.79,-12.35,,N,0.09,-0.27,0.29,-8.95,,,N,,-4.29,,2026-09-29,97775.0,,,,not_applicable_not_recent_listing
473290,KODEX 26-12 회사채(AA-이상)액티브,10895,0.09,0.41,0.74,1.54,0.09,,N,0,0,0.05,3.96,,,N,,1.54,,2026-09-29,10895.0,,,,not_applicable_not_recent_listing
473330,SOL 미국30년국채커버드콜(합성),7505,-6.01,-12.99,-20.58,-19.82,-17.57,,N,-1.64,-3.78,-2.41,-24.5,,,N,,-18.16,,2026-09-29,7505.0,,,,not_applicable_not_recent_listing
473440,ACE 11월만기자동연장회사채AA-이상액티브,10870,0.28,0.6,0.83,1.54,1.45,,N,0.05,0.09,0.09,4.77,,,N,,2.21,,2026-09-29,10870.0,,,,not_applicable_not_recent_listing
473460,KODEX 미국서학개미,23930,3.08,12.16,-7.61,12.03,1.06,,N,-0.79,-1.14,4.91,77.26,,,N,,1.18,,2026-09-29,23930.0,,,,not_applicable_not_recent_listing
473490,KIWOOM 글로벌AI반도체,32300,5.47,12.13,-11.19,46.15,69.6,,N,-0.52,1.05,12.43,117.95,,,N,,50.79,,2026-09-29,32300.0,,,,not_applicable_not_recent_listing
473590,ACE 미국주식베스트셀러,19295,5.49,16.45,-14.85,2.33,-1.33,,N,-1.46,-3.36,5.61,35.31,,,N,,-4.83,,2026-09-29,19295.0,,,,not_applicable_not_recent_listing
473640,HANARO 글로벌금채굴기업,31360,-14.91,11.56,2.3,-6.61,16.02,,N,-2,-6.25,-6.09,120.15,,,N,,-3.76,,2026-09-29,31360.0,,,,not_applicable_not_recent_listing
474220,TIGER 미국테크TOP10타겟커버드콜,14970,0.81,1.42,-3.88,2.32,-0.53,,N,-0.56,-1.38,2.43,24.49,,,N,,-5.73,,2026-09-29,14970.0,,,,not_applicable_not_recent_listing
474390,SOL 국고채30년액티브,40400,-1.23,-0.97,-3.45,-11.8,-27.45,,N,1.11,-0.16,1.81,-24.68,,,N,,-20.53,,2026-09-29,40400.0,,,,not_applicable_not_recent_listing
474590,WON 반도체밸류체인액티브,49340,15.66,47.61,-13.28,70.23,251.67,,N,2.58,2.58,14.39,426.01,,,N,,154.2,,2026-09-29,49340.0,,,,not_applicable_not_recent_listing
474800,KIWOOM 미국원유에너지기업,15380,-2.13,1.35,1.12,-10.74,31.01,,N,-0.52,-0.87,-3.21,46.13,,,N,,29.68,,2026-09-29,15380.0,,,,not_applicable_not_recent_listing
474920,에셋플러스 차이나일등기업포커스10액티브,17330,-7.18,-10.44,-17.48,9.89,-9.46,,N,-0.4,-3.86,-0.55,49.08,,,N,,0.09,,2026-09-29,17330.0,,,,not_applicable_not_recent_listing
475050,ACE KPOP포커스,6880,0.36,5.85,-9.77,-31.88,-44.78,,N,-0.07,1.93,-4.44,1.7,,,N,,-43.93,,2026-09-29,6880.0,,,,not_applicable_not_recent_listing
475070,KoAct 글로벌친환경전력인프라액티브,28950,-3.06,3.36,-22.15,-7.58,32.68,,N,-2.39,-2.41,1.14,117.42,,,N,,16.24,,2026-09-29,28950.0,,,,not_applicable_not_recent_listing
475080,KODEX 테슬라커버드콜채권혼합액티브,7805,-0.38,0.19,-6.47,-9.82,-14.23,,N,-2.38,-2.07,-0.45,-16.39,,,N,,-14.32,,2026-09-29,7805.0,,,,not_applicable_not_recent_listing
475260,ACE 2월만기자동연장회사채AA-이상액티브,10765,0.14,0.56,0.8,1.37,1.37,,N,0,0.05,0.05,4.57,,,N,,1.99,,2026-09-29,10765.0,,,,not_applicable_not_recent_listing
475270,ACE 5월만기자동연장회사채AA-이상액티브,10735,0.09,0.42,0.61,1.23,1.37,,N,0,0,-0.09,4.32,,,N,,1.95,,2026-09-29,10735.0,,,,not_applicable_not_recent_listing
475280,ACE 8월만기자동연장회사채AA-이상액티브,10735,-0.05,0.28,0.56,1.32,1.23,,N,0,0,-0.14,4.43,,,N,,2.04,,2026-09-29,10735.0,,,,not_applicable_not_recent_listing
475300,SOL 반도체전공정,25545,19.34,61.83,-3.13,44.81,129.41,,N,5.86,9.49,20.64,210.58,,,N,,121.94,,2026-09-29,25545.0,,,,not_applicable_not_recent_listing
475310,SOL 반도체후공정,30380,16.18,64.93,0.63,2.53,119.43,,N,4.54,5.45,17.66,184.99,,,N,,69.11,,2026-09-29,30380.0,,,,not_applicable_not_recent_listing
475350,RISE 버크셔포트폴리오TOP10,14160,-2.41,-9.23,-9.23,-0.14,5.28,,N,-1.5,-1.15,-2.98,24.76,,,N,,-0.28,,2026-09-29,14160.0,,,,not_applicable_not_recent_listing
475380,RISE 글로벌리얼티인컴,9685,-7.1,-12.43,-17.01,-12.31,-4.96,,N,-0.67,-2.91,-2.61,-8.55,,,N,,-5.37,,2026-09-29,9685.0,,,,not_applicable_not_recent_listing
475630,TIGER CD1년금리액티브(합성),1078600,0.27,0.55,0.8,1.53,2.32,,N,0.01,0.03,0.13,5.32,,,N,,2.17,,2026-09-29,1078600.0,,,,not_applicable_not_recent_listing
475720,RISE 200위클리커버드콜,12490,-0.72,10.09,-19.11,2.84,28.1,,N,-1.81,-3.18,1.92,32.1,,,N,,15.22,,2026-09-29,12490.0,,,,not_applicable_not_recent_listing
476000,UNICORN 포스트IPO액티브,5015,-3.93,8.67,-28.31,-60.06,-50.83,,N,-4.02,-1.57,-0.69,-31.63,,,N,,-57.91,,2026-09-29,5015.0,,,,not_applicable_not_recent_listing
476030,SOL 미국나스닥100,17220,1.2,2.5,-9.51,14.57,18.96,,N,-0.78,-0.92,3.86,54.16,,,N,,11.67,,2026-09-29,17220.0,,,,not_applicable_not_recent_listing
476070,KODEX 글로벌비만치료제TOP2 Plus,10370,-7.53,-12.75,-16.47,0.29,9.79,,N,-1.24,-0.86,-1.85,-13.55,,,N,,-10.68,,2026-09-29,10370.0,,,,not_applicable_not_recent_listing
476260,HANARO 반도체핵심공정주도주,14590,17,47.67,-11.66,17.38,88.99,,N,4.03,8.56,23.49,103.34,,,N,,72.76,,2026-09-29,14590.0,,,,not_applicable_not_recent_listing
476310,RISE 글로벌비만산업TOP2+,9215,-7.48,-16.11,-19.17,0.99,10.89,,N,-0.86,0,-0.11,-12.53,,,N,,-9.39,,2026-09-29,9215.0,,,,not_applicable_not_recent_listing
476450,KIWOOM 머니마켓액티브,52880,0.22,0.52,0.83,1.55,0.12,,N,-0.01,0,0.09,3.29,,,N,,2.28,,2026-09-29,52880.0,,,,not_applicable_not_recent_listing
476550,TIGER 미국30년국채커버드콜액티브(H),6460,-5.28,-8.04,-11.32,-12.53,-18.69,,N,-1.45,-4.51,-3.08,-32.78,,,N,,-15.72,,2026-09-29,6460.0,,,,not_applicable_not_recent_listing
476690,TIGER 글로벌비만치료제TOP2Plus,9990,-6.81,-13.51,-17.03,1.47,16.16,,N,-0.84,-0.2,-0.79,-8.26,,,N,,-5.13,,2026-09-29,9990.0,,,,not_applicable_not_recent_listing
476750,ACE 미국30년국채엔화노출액티브(H),7035,-4.8,-9.4,-18.9,-17.91,-21.53,,N,-0.78,-3.96,-4.55,-30.35,,,N,,-18.34,,2026-09-29,7035.0,,,,not_applicable_not_recent_listing
476760,ACE 미국30년국채액티브,8395,-5.89,-12.37,-20.65,-17.82,-14.42,,N,-1.47,-4,-2.84,-18.1,,,N,,-15.46,,2026-09-29,8395.0,,,,not_applicable_not_recent_listing
476800,KODEX 한국부동산리츠인프라,4185,-1.41,0.24,-1.65,-13.98,-11.89,,N,-0.48,-0.59,-0.12,-19.36,,,N,,-13.89,,2026-09-29,4185.0,,,,not_applicable_not_recent_listing
476850,KoAct 배당성장액티브,21765,2.4,19.36,-15.05,22.34,84.06,,N,-2.79,-2.05,4.06,117.54,,,N,,56.58,,2026-09-29,21765.0,,,,not_applicable_not_recent_listing
477050,PLUS 머니마켓액티브,53620,0.21,0.53,0.87,1.64,1.7,,N,-0.01,0.03,0.08,5.12,,,N,,2.43,,2026-09-29,53620.0,,,,not_applicable_not_recent_listing
477080,RISE CD금리액티브(합성),107715,0.25,0.52,0.75,1.44,2.79,,N,0.01,0.03,0.13,5.75,,,N,,2.1,,2026-09-29,107715.0,,,,not_applicable_not_recent_listing
477490,에셋플러스 글로벌일등기업포커스10액티브,18340,-3.7,-4.23,-15.58,1.95,-1.13,,N,-0.95,-1.9,1.3,52.71,,,N,,-3.58,,2026-09-29,18340.0,,,,not_applicable_not_recent_listing
477730,KODEX 인도타타그룹,6880,-7.96,-13.89,-17.75,-12.69,-16.76,,N,-0.94,-2.89,-4.31,-37.31,,,N,,-21.77,,2026-09-29,6880.0,,,,not_applicable_not_recent_listing
478150,TIME 글로벌우주테크&방산액티브,17720,-9.8,-17.83,-22.69,-20.18,-9.15,,N,-1.5,-2.66,-2.1,58.07,,,N,,-10.23,,2026-09-29,17720.0,,,,not_applicable_not_recent_listing
479080,1Q 머니마켓액티브,53900,0.29,0.6,0.88,1.67,2.25,,N,0.01,0.03,0.14,5.59,,,N,,2.43,,2026-09-29,53900.0,,,,not_applicable_not_recent_listing
479520,RISE KOFR금리액티브(합성),106610,0.24,0.49,0.72,1.35,2.04,,N,0.03,0.03,0.12,5.02,,,N,,1.96,,2026-09-29,106610.0,,,,not_applicable_not_recent_listing
479620,SOL 미국AI반도체칩메이커,26580,9.18,10.13,-17.12,68.87,105.89,,N,-0.89,-2.05,12.15,153.99,,,N,,76.91,,2026-09-29,26580.0,,,,not_applicable_not_recent_listing
479730,TIGER 인도빌리언컨슈머,9235,-8.2,-11.67,-13.49,-5.33,-13.45,,N,-0.91,-3.55,-2.48,-19.66,,,N,,-15.62,,2026-09-29,9235.0,,,,not_applicable_not_recent_listing
479850,HANARO K-뷰티,17580,-16.29,8.32,10.64,12.26,7.2,,N,-0.96,-0.54,-2.14,39.75,,,N,,25.66,,2026-09-29,17580.0,,,,not_applicable_not_recent_listing
480020,ACE 미국빅테크7+데일리타겟커버드콜(합성),9920,-3.97,-7.85,-16.71,-14.96,-17.78,,N,-0.5,-1.44,0.3,-8.02,,,N,,-22.01,,2026-09-29,9920.0,,,,not_applicable_not_recent_listing
480030,ACE 미국500데일리타겟커버드콜(합성),9540,-4.36,-8.45,-16.17,-9.36,-8.93,,N,-0.57,-1.09,0.69,-5.73,,,N,,-11.38,,2026-09-29,9540.0,,,,not_applicable_not_recent_listing
480040,ACE 미국반도체데일리타겟커버드콜(합성),14510,0.52,-2.22,-30.04,4.84,32.39,,N,-0.72,0.76,10.05,40.13,,,N,,17.39,,2026-09-29,14510.0,,,,not_applicable_not_recent_listing
480260,TIGER 27-04회사채(A+이상)액티브,53880,0.12,0.49,0.75,1.36,0.29,,N,0.03,0.01,0.06,4.7,,,N,,1.31,,2026-09-29,53880.0,,,,not_applicable_not_recent_listing
480310,TIGER 글로벌온디바이스AI,21430,12.49,16.03,-10.6,59.21,73.66,,N,-2.94,-2.83,12.67,114.51,,,N,,64.15,,2026-09-29,21430.0,,,,not_applicable_not_recent_listing
480460,WON 한국부동산TOP3플러스,9115,-3.03,0.72,0.05,-12.78,-6.22,,N,-1.14,-0.76,-0.76,-13.02,,,N,,-9.8,,2026-09-29,9115.0,,,,not_applicable_not_recent_listing
481050,KODEX CD1년금리플러스액티브(합성),1021415,-0,-0.25,-0,-0.21,-0.01,,N,-0.27,-0.25,-0.15,0.51,,,N,,-0.05,,2026-09-29,1021415.0,,,,not_applicable_not_recent_listing
481060,KODEX 미국30년국채타겟커버드콜(합성 H),7090,-5.09,-5.97,-9.97,-10.87,-17.27,,N,-0.21,-2.94,-2.34,-32.12,,,N,,-15.04,,2026-09-29,7090.0,,,,not_applicable_not_recent_listing
481180,SOL 미국AI소프트웨어,16445,-2.2,14.12,11.04,36.19,4.88,,N,-1.14,-1.2,0.4,53.91,,,N,,9.41,,2026-09-29,16445.0,,,,not_applicable_not_recent_listing
481190,SOL 미국테크TOP10,17035,2.5,4.03,-1.59,11.23,9.94,,N,-0.82,-1.56,3.12,55.22,,,N,,2.65,,2026-09-29,17035.0,,,,not_applicable_not_recent_listing
481340,RISE 미국30년국채액티브,7955,-7.5,-13.63,-22.12,-19.81,-17.95,,N,-1.55,-4.79,-3.69,-24.49,,,N,,-19.07,,2026-09-29,7955.0,,,,not_applicable_not_recent_listing
481430,RISE 국고채10년액티브,97445,-1.1,-0.86,-1.53,-1.93,-9.21,,N,0.71,-0.05,1.08,-7.09,,,N,,-5.22,,2026-09-29,97445.0,,,,not_applicable_not_recent_listing
482030,KoAct 반도체&2차전지핵심소재액티브,9390,2.18,35.89,-10.78,-21.62,18.79,,N,-0.42,3.36,6.52,18.71,,,N,,5.51,,2026-09-29,9390.0,,,,not_applicable_not_recent_listing
482730,TIGER 미국S&P500타겟데일리커버드콜,11480,-2.59,-5.51,-10.83,-0.39,1.41,,N,-0.91,-1.08,0.92,13.38,,,N,,-2.51,,2026-09-29,11480.0,,,,not_applicable_not_recent_listing
483020,KIWOOM 의료AI,9215,-3.25,4.48,-8.58,-33.61,-15.23,,N,-1.18,2.96,4.6,-5.78,,,N,,-32.56,,2026-09-29,9215.0,,,,not_applicable_not_recent_listing
483030,KIWOOM 미국블록버스터바이오테크의약품+,11570,-3.38,-6.73,-9.11,1.54,25.83,,N,-0.13,-0.17,0.35,14.22,,,N,,5.57,,2026-09-29,11570.0,,,,not_applicable_not_recent_listing
483280,KODEX 미국AI테크TOP10타겟커버드콜,11665,1.13,2.32,-6.75,0.69,-4.74,,N,-2.02,-2.99,1.66,18.07,,,N,,-7.57,,2026-09-29,11665.0,,,,not_applicable_not_recent_listing
483290,KODEX 미국배당다우존스타겟커버드콜,9740,-5.89,-11.45,-12.13,-11.21,7.56,,N,-1.77,-2.31,-3.56,-2.06,,,N,,4.51,,2026-09-29,9740.0,,,,not_applicable_not_recent_listing
483320,ACE 엔비디아밸류체인액티브,25365,4.62,15.53,-15.76,45.11,105.3,,N,0.1,-0.82,9.78,178.89,,,N,,72.55,,2026-09-29,25365.0,,,,not_applicable_not_recent_listing
483330,ACE 마이크로소프트밸류체인액티브,15010,-0.23,10.9,2.98,29.9,10.08,,N,-1.9,-2.06,1.21,47.45,,,N,,18.61,,2026-09-29,15010.0,,,,not_applicable_not_recent_listing
483340,ACE 구글밸류체인액티브,22145,2.52,6.13,-17.28,28.86,65.38,,N,-0.52,-2.14,6.8,133.72,,,N,,44.64,,2026-09-29,22145.0,,,,not_applicable_not_recent_listing
483570,KCGI 미국S&P500 TOP10,15885,1.47,2.72,-1.85,11.51,10.58,,N,-0.47,-0.87,2.52,54.07,,,N,,3.02,,2026-09-29,15885.0,,,,not_applicable_not_recent_listing
484790,KODEX 미국30년국채액티브(H),7870,-4.89,-6.48,-9.75,-9.07,-13.33,,N,-0.94,-3.73,-2.66,-23.18,,,N,,-11.67,,2026-09-29,7870.0,,,,not_applicable_not_recent_listing
484880,SOL 금융지주플러스고배당,23085,1.81,9.75,12.36,8,42.68,,N,-0.56,-0.67,-1.13,106.21,,,N,,33.98,,2026-09-29,23085.0,,,,not_applicable_not_recent_listing
484890,SOL 머니마켓액티브,52650,0.25,0.48,0.72,1.38,1.31,,N,0,0.04,0.11,4.25,,,N,,1.97,,2026-09-29,52650.0,,,,not_applicable_not_recent_listing
485540,KODEX 미국AI테크TOP10,15400,2.7,7.17,-3.08,13.53,11.63,,N,-0.74,-1.66,3.84,60.33,,,N,,4.19,,2026-09-29,15400.0,,,,not_applicable_not_recent_listing
485690,RISE 미국AI밸류체인TOP3Plus,22370,2.78,11.57,-6.42,32.48,37.32,,N,-1.02,-1.8,6.25,120.61,,,N,,30.67,,2026-09-29,22370.0,,,,not_applicable_not_recent_listing
485810,TIME 글로벌바이오액티브,11970,3.73,6.02,1.23,14.11,40,,N,-0.08,3.73,7.79,23.27,,,N,,8.03,,2026-09-29,11970.0,,,,not_applicable_not_recent_listing
486240,DAISHIN AI반도체&인프라액티브,30565,6.13,37,-14.83,43.6,169.77,,N,0.36,-0.33,10.12,275.49,,,N,,108.63,,2026-09-29,30565.0,,,,not_applicable_not_recent_listing
486290,TIGER 미국나스닥100타겟데일리커버드콜,10405,-0.48,-1.93,-13.15,2.06,1.02,,N,-2.02,-2.25,2.16,12.49,,,N,,-1.56,,2026-09-29,10405.0,,,,not_applicable_not_recent_listing
486450,SOL 미국AI전력인프라,18365,-6.78,-6.35,-24.73,-12.96,-3.57,,N,-1.21,-2.52,1.07,71.72,,,N,,-3.39,,2026-09-29,18365.0,,,,not_applicable_not_recent_listing
486830,HANARO 머니마켓액티브,53415,0.26,0.57,0.92,1.59,2.59,,N,0.01,0.03,0.14,5.97,,,N,,2.3,,2026-09-29,53415.0,,,,not_applicable_not_recent_listing
487130,KoAct AI인프라액티브,30150,6.63,42.08,-13.05,35.11,136.01,,N,1.38,0.79,7.76,266.57,,,N,,92.28,,2026-09-29,30150.0,,,,not_applicable_not_recent_listing
487230,KODEX 미국AI전력핵심인프라,19150,-1.19,-3.26,-26.85,-4.96,7.22,,N,-2.25,-1.85,3.49,76.01,,,N,,16.52,,2026-09-29,19150.0,,,,not_applicable_not_recent_listing
487240,KODEX AI전력핵심설비,36295,-4.01,34.93,-11.15,13.6,120.24,,N,-0.18,-3.01,4.99,301.72,,,N,,58.49,,2026-09-29,36295.0,,,,not_applicable_not_recent_listing
487340,ACE 머니마켓액티브,106135,0.3,0.6,0.91,1.75,1.85,,N,0.01,0.04,0.15,5.16,,,N,,2.52,,2026-09-29,106135.0,,,,not_applicable_not_recent_listing
487750,BNK 온디바이스AI,34490,13.73,51.6,-13.42,55.99,230.36,,N,2.04,2.31,14.72,342.18,,,N,,135.91,,2026-09-29,34490.0,,,,not_applicable_not_recent_listing
487910,ACE 인도컨슈머파워액티브,7845,-7.05,-11.05,-15.28,-7.6,-17.64,,N,-1.13,-2.06,-1.94,-26.13,,,N,,-15.6,,2026-09-29,7845.0,,,,not_applicable_not_recent_listing
487920,ACE 인도시장대표BIG5그룹액티브,7300,-7.65,-12.68,-17.37,-7.54,-12.52,,N,-1.08,-3.18,-3.82,-30.64,,,N,,-16.86,,2026-09-29,7300.0,,,,not_applicable_not_recent_listing
487950,KODEX 대만테크고배당다우존스,12995,-2.22,6.56,-8.74,15.46,30.8,,N,-0.73,-1.63,2.36,38.84,,,N,,31.73,,2026-09-29,12995.0,,,,not_applicable_not_recent_listing
488080,TIGER 반도체TOP10레버리지,37705,18.63,67.5,-52.97,-0.91,293.17,,N,5.03,0.4,21.37,483.67,,,N,,111.71,,2026-09-29,37705.0,,,,not_applicable_not_recent_listing
488290,MIDAS 일본테크액티브,43545,2.99,16,-25.2,25.08,63.83,,N,0.88,2.27,6.36,100.95,,,N,,40.51,,2026-09-29,43545.0,,,,not_applicable_not_recent_listing
488480,RISE 일본섹터TOP4Plus,12785,-2.11,0.75,-9.96,-3.91,14.72,,N,-1.58,-0.23,-0.35,29.8,,,N,,8.35,,2026-09-29,12785.0,,,,not_applicable_not_recent_listing
488500,TIGER 미국S&P500동일가중,12000,-6.32,-9.94,-13.92,-2.08,7.62,,N,-1.03,-1.8,-2.2,20,,,N,,1.69,,2026-09-29,12000.0,,,,not_applicable_not_recent_listing
488720,WON 종합채권(AA-이상)액티브,48570,-0.45,-0.07,-0.23,-1.34,-6.79,,N,0.25,0.03,0.54,-3.15,,,N,,-3.91,,2026-09-29,48570.0,,,,not_applicable_not_recent_listing
488770,KODEX 머니마켓액티브,105665,0.28,0.57,0.88,1.66,1.71,,N,0.01,0.07,0.13,5.02,,,N,,2.46,,2026-09-29,105665.0,,,,not_applicable_not_recent_listing
488980,SOL 26-12 회사채(AA-이상)액티브,52230,0.21,0.52,0.78,1.52,-0.02,,N,-0.01,0,0.1,,,,N,,2.15,,2026-09-29,52230.0,,,,not_applicable_not_recent_listing
489000,PLUS 일본엔화초단기국채(합성),9125,0.11,-2.51,-9.47,-8.66,-9.43,,N,-0.44,0.11,-1.83,-7.64,,,N,,-6.65,,2026-09-29,9125.0,,,,not_applicable_not_recent_listing
489030,PLUS 고배당주위클리커버드콜,6220,-5.4,-5.83,3.24,-30.35,-35.98,,N,-2.58,-1.11,-4.23,-38.78,,,N,,-29.92,,2026-09-29,6220.0,,,,not_applicable_not_recent_listing
489250,KODEX 미국배당다우존스,12275,-5.87,-8.84,-9.71,-3.5,17.35,,N,-1.17,-1.72,-2.96,21.06,,,N,,12.15,,2026-09-29,12275.0,,,,not_applicable_not_recent_listing
489290,WON 미국빌리어네어,14620,-2.53,-0.65,-6.64,1.04,-1.42,,N,-1.38,-2.7,-0.27,42.43,,,N,,-5.95,,2026-09-29,14620.0,,,,not_applicable_not_recent_listing
489860,KIWOOM 글로벌전력GRID인프라,14575,-3.57,-2.83,-16.02,-2.08,14.54,,N,-0.95,-1.32,3.66,39.67,,,N,,8.16,,2026-09-29,14575.0,,,,not_applicable_not_recent_listing
490090,TIGER 미국AI빅테크10,16015,1.2,3.22,-1.63,13.86,15.51,,N,-0.59,-1.26,2.69,60.55,,,N,,7.05,,2026-09-29,16015.0,,,,not_applicable_not_recent_listing
490330,KoAct 미국치매&뇌질환치료제액티브,13585,-10.86,-10.83,-17.62,10.76,39.33,,N,2.64,0,-3.86,42.48,,,N,,11.81,,2026-09-29,13585.0,,,,not_applicable_not_recent_listing
490480,SOL K방산,27305,-8.45,14.1,-13.81,-25.59,0.91,,N,-1.76,-3.41,-2.24,,,,N,,6.31,,2026-09-29,27305.0,,,,not_applicable_not_recent_listing
490490,SOL 미국배당미국채혼합50,10525,-5.48,-9.42,-13.2,-8.91,3.54,,N,-1.22,-1.77,-2.27,6.42,,,N,,-0.99,,2026-09-29,10525.0,,,,not_applicable_not_recent_listing
490590,RISE 미국AI밸류체인데일리고정커버드콜,14120,1,5.45,-11.28,11.14,10.05,,N,-2.15,-3.25,4.55,,,,N,,8.78,,2026-09-29,14120.0,,,,not_applicable_not_recent_listing
490600,RISE 미국배당100데일리고정커버드콜,8505,-6.95,-11.08,-13.21,-10.9,-3.63,,N,-0.7,-1.1,-3.24,-13.65,,,N,,-2.35,,2026-09-29,8505.0,,,,not_applicable_not_recent_listing
491010,TIGER 글로벌AI전력인프라액티브,24330,-0.51,-0.08,-29.52,2.92,31.83,,N,-2.19,-2.5,3.91,110.47,,,N,,30.91,,2026-09-29,24330.0,,,,not_applicable_not_recent_listing
491090,KODEX 미국테크TOP3플러스,18280,2.52,2.93,-0.16,18.74,20.3,,N,-0.38,-1.14,3.1,68.17,,,N,,10.62,,2026-09-29,18280.0,,,,not_applicable_not_recent_listing
491220,PLUS 200TR,130620,2.59,22.91,-19.42,36.36,132.28,,N,-0.17,-1.71,5.47,219.05,,,N,,81.34,,2026-09-29,130620.0,,,,not_applicable_not_recent_listing
491230,PLUS 국공채머니마켓액티브,52615,0.25,0.5,0.83,1.51,1.65,,N,0.01,0.03,0.16,4.96,,,N,,2.2,,2026-09-29,52615.0,,,,not_applicable_not_recent_listing
491510,파워 K-주주가치액티브,17910,-1.02,9.01,0.51,3.02,38.03,,N,-0.22,0.56,0.2,77.59,,,N,,23.3,,2026-09-29,17910.0,,,,not_applicable_not_recent_listing
491610,1Q CD금리액티브(합성),105105,0.26,0.52,0.73,1.45,2.04,,N,0.01,0.03,0.12,5.01,,,N,,2.07,,2026-09-29,105105.0,,,,not_applicable_not_recent_listing
491620,RISE 미국테크100데일리고정커버드콜,10350,-1.33,-3.32,-11.23,0.78,-3.5,,N,-1.99,-2.17,1.22,,,,N,,-5,,2026-09-29,10350.0,,,,not_applicable_not_recent_listing
491630,RISE 미국반도체인버스(합성 H),4940,-8.26,-17.32,1.23,-51.09,-65.47,,N,0.3,-0.7,-12.26,,,,N,,-57.41,,2026-09-29,4940.0,,,,not_applicable_not_recent_listing
491700,HK 200,110575,1.9,31.68,-19.97,39.97,128.51,,N,-0.26,-3.77,5.04,210.17,,,N,,80.21,,2026-09-29,110575.0,,,,not_applicable_not_recent_listing
491820,HANARO 전력설비투자,43510,-3.83,35.08,-11.01,12.34,118.53,,N,-0.05,-2.87,5.39,282.17,,,N,,56.93,,2026-09-29,43510.0,,,,not_applicable_not_recent_listing
491830,TIGER 미국AI반도체팹리스,22785,6.95,11.25,-11.43,51.5,65.41,,N,-1.04,-2.25,11.77,122.18,,,N,,53.74,,2026-09-29,22785.0,,,,not_applicable_not_recent_listing
492500,1Q 현대차그룹채권(A+이상)&국고통안,51305,-0.03,0.23,0.56,0.99,-0.87,,N,0.1,-0.02,0.07,,,,N,,0.62,,2026-09-29,51305.0,,,,not_applicable_not_recent_listing
493420,SOL 미국배당다우존스2호,12070,-6.18,-8.7,-9.59,-3.4,17.36,,N,-1.27,-1.67,-2.82,,,,N,,12.54,,2026-09-29,12070.0,,,,not_applicable_not_recent_listing
493810,TIGER 미국AI빅테크10타겟데일리커버드콜,11325,-0.4,0.04,-5.66,3.28,-2.12,,N,-0.44,-1.39,2.35,,,,N,,-5.86,,2026-09-29,11325.0,,,,not_applicable_not_recent_listing
494180,TIME 글로벌소비트렌드액티브,12660,-5.73,-7.66,-9.6,-3.87,-2.69,,N,-0.47,-2.28,-1.97,,,,N,,-3.65,,2026-09-29,12660.0,,,,not_applicable_not_recent_listing
494210,SOL 미국500타겟데일리커버드콜액티브,10570,-2.72,-4.99,-11.18,-0.28,0.19,,N,-2.22,-2.31,-0.05,,,,N,,-3.21,,2026-09-29,10570.0,,,,not_applicable_not_recent_listing
494220,UNICORN SK하이닉스밸류체인액티브,52230,14.15,47.13,-16.02,61.35,240.48,,N,2.43,3.49,14.08,,,,N,,141.86,,2026-09-29,52230.0,,,,not_applicable_not_recent_listing
494300,KODEX 미국나스닥100데일리커버드콜OTM,8775,-2.39,-6.3,-17.99,-11.81,-11.05,,N,-2.82,-2.72,0.52,,,,N,,-12.51,,2026-09-29,8775.0,,,,not_applicable_not_recent_listing
494310,KODEX 반도체레버리지,94000,26.51,86.14,-44.23,50.22,437.3,,N,7.43,6.77,30.35,,,,N,,216.66,,2026-09-29,94000.0,,,,not_applicable_not_recent_listing
494330,ACE 라이프자산주주가치액티브,33035,0.35,15.37,-2.78,55.64,140.52,,N,-0.08,0.21,2.96,,,,N,,108.36,,2026-09-29,33035.0,,,,not_applicable_not_recent_listing
494340,ACE 글로벌AI맞춤형반도체,20275,7.16,9.51,-21.9,43.79,60.85,,N,-2.22,-2.9,14.42,,,,N,,63.05,,2026-09-29,20275.0,,,,not_applicable_not_recent_listing
494410,PLUS 미국S&P500성장주,14250,0.35,1.03,-6.31,13.5,14.46,,N,-0.73,-1.04,3.11,,,,N,,7.51,,2026-09-29,14250.0,,,,not_applicable_not_recent_listing
494420,PLUS 미국배당증가성장주데일리커버드콜,8620,-6.61,-10.86,-15.94,-8.4,-8.59,,N,-0.69,-0.98,-0.12,,,,N,,-10.72,,2026-09-29,8620.0,,,,not_applicable_not_recent_listing
494670,TIGER 조선TOP10,20610,-7.35,3.8,-19.08,-21.77,-16.69,,N,-2.92,-4.8,-4.54,,,,N,,-20.59,,2026-09-29,20610.0,,,,not_applicable_not_recent_listing
494840,TIGER 미국방산TOP10,11535,-10.96,-18.31,-15.09,-22.87,-3.75,,N,-1.75,-4.51,-5.06,,,,N,,-10.16,,2026-09-29,11535.0,,,,not_applicable_not_recent_listing
494890,KODEX 200액티브,31710,2.64,22.91,-19.75,35.25,129.95,,N,0.32,-1.63,5.44,,,,N,,79.71,,2026-09-29,31710.0,,,,not_applicable_not_recent_listing
495040,PLUS 코리아밸류업,31740,0.35,17.51,-16.88,32.08,130.92,,N,-0.42,-2.17,3.05,,,,N,,79.83,,2026-09-29,31740.0,,,,not_applicable_not_recent_listing
495050,RISE 코리아밸류업,32350,0.62,17.42,-16.29,32.83,132.82,,N,0.12,-1.46,3.31,,,,N,,81.95,,2026-09-29,32350.0,,,,not_applicable_not_recent_listing
495060,TIME 코리아밸류업액티브,28225,-1.24,15.79,-25.84,26.91,114.8,,N,-0.02,-1.71,4.02,,,,N,,76.74,,2026-09-29,28225.0,,,,not_applicable_not_recent_listing
495230,KoAct 코리아밸류업액티브,31380,1.54,20.92,-19.93,27.59,122.87,,N,0.08,-1.54,4.7,,,,N,,74.09,,2026-09-29,31380.0,,,,not_applicable_not_recent_listing
495330,1Q 코리아밸류업,31970,0.3,17.32,-16.79,31.94,132.42,,N,-0.02,-1.28,2.86,,,,N,,80.88,,2026-09-29,31970.0,,,,not_applicable_not_recent_listing
495550,SOL 코리아밸류업TR,32935,0.53,18.47,-16.23,32.96,134.25,,N,0.17,-1.41,3.6,,,,N,,82.21,,2026-09-29,32935.0,,,,not_applicable_not_recent_listing
495750,HANARO 코리아밸류업,31990,0.9,16.69,-16.93,32.63,133.08,,N,-0.39,-2.17,3.04,,,,N,,80.48,,2026-09-29,31990.0,,,,not_applicable_not_recent_listing
495850,KODEX 코리아밸류업,32125,1.01,17.5,-16.59,32.47,131.87,,N,0.09,-1.53,2.9,,,,N,,81.19,,2026-09-29,32125.0,,,,not_applicable_not_recent_listing
495940,RISE 미국AI테크액티브,19295,1.61,0.52,-14.79,26.07,49.75,,N,-0.64,-1.66,3.63,,,,N,,47.46,,2026-09-29,19295.0,,,,not_applicable_not_recent_listing
496020,WON 전단채플러스액티브,52600,0.28,0.6,0.95,1.79,1.81,,N,0.03,0.05,0.12,,,,N,,2.58,,2026-09-29,52600.0,,,,not_applicable_not_recent_listing
496080,TIGER 코리아밸류업,32220,0.97,17.87,-15.58,32.46,133.31,,N,0.06,-1.26,3.25,,,,N,,81.78,,2026-09-29,32220.0,,,,not_applicable_not_recent_listing
496090,KIWOOM 코리아밸류업,32165,0.74,17.99,-16.55,32.42,132.57,,N,-0.22,-1.55,3.61,,,,N,,81.21,,2026-09-29,32165.0,,,,not_applicable_not_recent_listing
496120,ACE 코리아밸류업,33360,0.59,17.67,-16.92,36.47,137.27,,N,-0.18,-1.97,3.22,,,,N,,85.95,,2026-09-29,33360.0,,,,not_applicable_not_recent_listing
496130,TRUSTON 코리아밸류업액티브,25285,-0.06,17.11,-17.67,22.95,86.88,,N,-1.69,-1.4,1.85,,,,N,,56.22,,2026-09-29,25285.0,,,,not_applicable_not_recent_listing
496770,PLUS 글로벌방산,15785,-12.11,-16.22,-10.21,-21.64,-11.99,,N,-1.19,-4.01,-1.93,,,,N,,-9.8,,2026-09-29,15785.0,,,,not_applicable_not_recent_listing
497510,ACE 글로벌빅파마,12780,-2.11,-6.61,-10.5,1.35,29.75,,N,-0.43,0.83,2.08,,,,N,,4.24,,2026-09-29,12780.0,,,,not_applicable_not_recent_listing
497520,ACE 일라이릴리밸류체인,13030,-1.1,-2.62,-6.19,9.13,26.02,,N,0.04,1.44,4.03,,,,N,,1.36,,2026-09-29,13030.0,,,,not_applicable_not_recent_listing
497570,TIGER 미국필라델피아AI반도체나스닥,22210,3.49,7.48,-13.9,31.26,61.94,,N,0.23,0.16,10.06,,,,N,,43.85,,2026-09-29,22210.0,,,,not_applicable_not_recent_listing
497780,KoAct 미국천연가스인프라액티브,9815,-7.54,-10.98,-17.35,-20.81,1.76,,N,-1.21,-3.44,-4.75,,,,N,,4.58,,2026-09-29,9815.0,,,,not_applicable_not_recent_listing
497880,SOL CD금리&머니마켓액티브,50010,-0.03,-0.26,-0.02,-0.26,-0.01,,N,-0.28,-0.26,-0.15,,,,N,,-0.06,,2026-09-29,50010.0,,,,not_applicable_not_recent_listing
498050,HANARO 바이오코리아액티브,9610,-15.96,2.56,-28.07,-42.83,-25.85,,N,-0.67,-0.77,-3.71,,,,N,,-40.07,,2026-09-29,9610.0,,,,not_applicable_not_recent_listing
498180,파워 종합채권(AA-이상)액티브,93200,-0.34,0.07,-0.49,-1.63,-9.2,,N,0.62,-0.14,0.77,,,,N,,-4.46,,2026-09-29,93200.0,,,,not_applicable_not_recent_listing
498270,KIWOOM 미국양자컴퓨팅,14705,0.07,7.3,-14.61,20.43,3.85,,N,-0.88,-0.41,5.79,,,,N,,12.12,,2026-09-29,14705.0,,,,not_applicable_not_recent_listing
498400,KODEX 200타겟위클리커버드콜,20450,0.49,18.52,-22.77,20.83,74.12,,N,0.34,-1.68,4.95,,,,N,,48.84,,2026-09-29,20450.0,,,,not_applicable_not_recent_listing
498410,KODEX 금융고배당TOP10타겟위클리커버드콜,11705,-1.39,1.69,6.51,-10.68,-6.17,,N,-1.68,-1.06,-2.46,,,,N,,-1.43,,2026-09-29,11705.0,,,,not_applicable_not_recent_listing
498610,RISE 인도디지털성장,7425,-11.02,-13.76,-13.21,-10.16,-23.26,,N,-1.85,-4.93,-6.6,,,,N,,-27.81,,2026-09-29,7425.0,,,,not_applicable_not_recent_listing
498860,RISE 코리아금융고배당,16470,-2.54,6.5,-4.16,-16.54,16.11,,N,-1.05,0.12,-1.17,,,,N,,9.73,,2026-09-29,16470.0,,,,not_applicable_not_recent_listing
499150,SOL 미국S&P500엔화노출(H),10670,-1.89,-0.51,-7.66,5.02,0.33,,N,-0.23,-1.7,-1.84,,,,N,,0.09,,2026-09-29,10670.0,,,,not_applicable_not_recent_listing
499660,TIGER CD금리플러스액티브(합성),999905,-0.04,-0.26,-0.01,-0.26,-0.01,,N,-0.29,-0.28,-0.18,,,,N,,-0.05,,2026-09-29,999905.0,,,,not_applicable_not_recent_listing
