isin_cd,ticker,name,base_index,close,change_pct,trade_value,aum,risk_type,asset_class,pension_eligible,liquidity,bas_dt,official_src,issuer_official,verify_status,final_pension,final_src
KR70000D0009,0000D0,TIGER 엔비디아미국채커버드콜밸런스(합성),KEDI 엔비디아미국채30년타겟커버드콜혼합지수(TR),9380,-.74,223245078,64025769875,normal,채권,가능(검수전),pass,20260807,TIGER,가능,확인완료(일치),가능,공식확인
KR70000H0005,0000H0,KODEX 인도Nifty미드캡100,Nifty Midcap 100 Index(PR),10830,-.32,36795935,12394340621,normal,주식-해외,가능(검수전),pass,20260807,KODEX,가능,확인완료(일치),가능,공식확인
KR70000J0003,0000J0,PLUS 한화그룹주,FnGuide 한화그룹주 지수,27640,2.16,2117714133,108259642964,normal,주식-국내,가능(검수전),pass,20260807,PLUS,가능,확인완료(일치),가능,공식확인
KR70000Y0004,0000Y0,HK 26-12 회사채(AA-이상)액티브,KAP 26-12 크레딧 채권 총수익지수(AA-이상),101655,-.01,51546495,123019779550,normal,채권,가능(검수전),pass,20260807,,,미커버(소형 운용사),가능,구조규칙
KR70000Z0003,0000Z0,RISE 바이오TOP10액티브,KRX 바이오 TOP 10 지수,9600,.1,3290513851,55745994686,normal,주식-국내,가능(검수전),pass,20260807,RISE,가능,확인완료(일치),가능,공식확인
KR70001P0004,0001P0,마이티 바이오시밀러&CDMO액티브,FnGuide 바이오시밀러&CDMO 지수,9490,.11,4571649,10718261163,normal,주식-국내,가능(검수전),pass,20260807,,,미커버(소형 운용사),가능,구조규칙
KR70002C0008,0002C0,에셋플러스 인도일등기업포커스20액티브,MSCI India IMI Index(PR),10020,-.4,1824915,10802192571,normal,주식-해외,가능(검수전),pass,20260807,,,미커버(소형 운용사),가능,구조규칙
KR70004G0002,0004G0,1Q 미국배당TOP30,Solactive U.S. Dividend TOP 30 Index PR,9515,-1.09,128954791,13267714136,normal,주식-해외,가능(검수전),pass,20260807,,,미커버(소형 운용사),가능,구조규칙
KR70005A0007,0005A0,KODEX 미국S&P500데일리커버드콜OTM,S&P 500 Covered Call 1% OTM Daily Index(TR),9785,-.46,1720814446,191384685872,normal,주식-해외,가능(검수전),pass,20260807,KODEX,가능,확인완료(일치),가능,공식확인
KR70005C0005,0005C0,RISE 미국S&P500엔화노출(합성 H),S&P500 Yen Hedged Index(PR),11655,-.38,8331240,7550353108,normal,주식-해외,가능(검수전),fail,20260807,RISE,가능,확인완료(일치),가능,공식확인
KR70005D0004,0005D0,SOL 전고체배터리&실리콘음극재,FnGuide 전고체배터리&실리콘음극재 지수(PR),13590,2.8,12623590123,131092441059,normal,주식-국내,가능(검수전),pass,20260807,SOL,가능,확인완료(일치),가능,공식확인
KR70005G0001,0005G0,IBK K-AI반도체코어테크,FnGuide K-AI반도체 코어테크 지수,43845,-.69,1326759587,151138059811,normal,주식-국내,가능(검수전),pass,20260807,,,미커버(소형 운용사),가능,구조규칙
KR70007F0000,0007F0,KODEX 27-12 회사채(AA-이상)액티브,KAP 27-12 회사채 총수익 지수(AA-이상),10170,0,249252635,553022227473,normal,채권,가능(검수전),pass,20260807,KODEX,가능,확인완료(일치),가능,공식확인
KR70007G0009,0007G0,PLUS 글로벌원자력밸류체인,Solactive Global Nuclear Energy Value Chain Index(PR),13675,-1.41,100934101,41170517909,normal,주식-해외,가능(검수전),pass,20260807,PLUS,가능,확인완료(일치),가능,공식확인
KR70007N0000,0007N0,아이엠에셋 200,코스피 200,98770,-.69,13992882,88570344869,normal,주식-국내,가능(검수전),pass,20260807,,,미커버(소형 운용사),가능,구조규칙
KR70008E0000,0008E0,ACE 미국중심중소형제조업,NYSE FactSet US Focus Manufacturing Index(Price Return),13325,-.93,12254380,12675230499,normal,주식-해외,가능(검수전),pass,20260807,ACE,가능,확인완료(일치),가능,공식확인
KR70008S0004,0008S0,TIGER 미국배당다우존스타겟데일리커버드콜,Dow Jones U.S. Dividend 100 10% Daily Premium Covered Call 지수,10170,-.64,3396664963,280433613910,normal,주식-해외,가능(검수전),pass,20260807,TIGER,가능,확인완료(일치),가능,공식확인
KR70008T0003,0008T0,SOL 화장품TOP3플러스,FnGuide 화장품TOP3 플러스 지수(PR),16130,1.07,19743950765,75797024347,normal,주식-국내,가능(검수전),pass,20260807,SOL,가능,확인완료(일치),가능,공식확인
KR70013P0000,0013P0,RISE 미국은행TOP10,KEDI 미국 은행 TOP10 지수,13250,-2.79,177719925,14611152807,normal,주식-해외,가능(검수전),pass,20260807,RISE,가능,확인완료(일치),가능,공식확인
KR70013R0008,0013R0,RISE 테슬라미국채타겟커버드콜혼합(합성),KEDI 테슬라미국30년국채15%타겟프리미엄 혼합지수(TR),7880,-.69,49024905,26745839537,normal,채권,가능(검수전),pass,20260807,RISE,가능,확인완료(일치),가능,공식확인
KR70015B0004,0015B0,KoAct 미국나스닥성장기업액티브,나스닥 종합주가지수,19265,.18,8606171416,614170607914,normal,주식-해외,가능(검수전),pass,20260807,,,미커버(소형 운용사),가능,구조규칙
KR70015E0001,0015E0,KIWOOM 엔비디아미국30년국채혼합액티브(H),Bloomberg Blended NVIDIA and US Long Treasury Bond Index,10590,-.05,49326235,5286156950,normal,채권,가능(검수전),fail,20260807,KIWOOM,가능,확인완료(일치),가능,공식확인
KR70015F0000,0015F0,KIWOOM 팔란티어미국30년국채혼합액티브(H),Bloomberg Blended PALANTIR and US Long Treasury Bond Index,10270,-.72,57198582,13402866119,normal,채권,가능(검수전),pass,20260807,KIWOOM,가능,확인완료(일치),가능,공식확인
KR70015K0003,0015K0,TIGER 미국소비트렌드액티브,Mirae Asset US Consumer Trend 지수 (PR),7335,.07,1192350,4951419528,normal,주식-해외,가능(검수전),fail,20260807,TIGER,가능,확인완료(일치),가능,공식확인
KR70016X0007,0016X0,SOL 중단기회사채(A-이상)액티브,KIS 중단기크레딧플러스채권(AA+~A-)지수(총수익),51410,.01,432369920,419958941141,normal,채권,가능(검수전),pass,20260807,SOL,가능,확인완료(일치),가능,공식확인
KR70017Y0005,0017Y0,1Q 종합채권(AA-이상)액티브,KIS 종합채권형 지수(AA-이상)(총수익),94060,-.28,15152725,83232535106,normal,채권,가능(검수전),pass,20260807,,,미커버(소형 운용사),가능,구조규칙
KR70018C0000,0018C0,PLUS 고배당주위클리고정커버드콜,코스피 고배당 위클리 고정 커버드콜 지수,10850,.93,805570565,76688005098,normal,주식-국내,가능(검수전),pass,20260807,PLUS,가능,확인완료(일치),가능,공식확인
KR70018Z0003,0018Z0,RISE 미국양자컴퓨팅,Solactive US Quantum Computing Technology Index PR,18730,.11,71558792,18498383850,normal,주식-해외,가능(검수전),pass,20260807,RISE,가능,확인완료(일치),가능,공식확인
KR70019K0009,0019K0,TIME 미국나스닥100채권혼합50액티브,FnGuide 미국나스닥100 단기채권혼합 지수,13455,.45,5437423896,548041282260,normal,채권,가능(검수전),pass,20260807,,,미커버(소형 운용사),가능,구조규칙
KR70020H0001,0020H0,KoAct 글로벌양자컴퓨팅액티브,FactSet 글로벌양자컴퓨팅 PR 지수,22365,-1.56,732606288,46689108576,normal,주식-해외,가능(검수전),pass,20260807,,,미커버(소형 운용사),가능,구조규칙
KR70022T0005,0022T0,SOL 국제금커버드콜액티브,KEDI 골드인컴프리미엄 지수(NTR),13270,-.15,568021249,68405148493,normal,원자재,가능(검수전),pass,20260807,SOL,가능,확인완료(일치),가능,공식확인
KR70023A0005,0023A0,SOL 미국양자컴퓨팅TOP10,KEDI 미국양자컴퓨팅 TOP10(PR),25875,-1.69,3141070546,426249480533,normal,주식-해외,가능(검수전),pass,20260807,SOL,가능,확인완료(일치),가능,공식확인
KR70023B0004,0023B0,PLUS 미국양자컴퓨팅TOP10,iSelect 미국양자컴퓨팅 TOP10 (PR),16505,-1.84,90753370,32862038564,normal,주식-해외,가능(검수전),pass,20260807,PLUS,가능,확인완료(일치),가능,공식확인
KR70025N0008,0025N0,TIGER TDF2045 적격,S&P Korea Target Date 2045 Global Index,12285,-.24,3375175412,774734406429,normal,혼합·자산배분,가능(검수전),pass,20260807,TIGER,가능,확인완료(일치),가능,공식확인
KR70026E0008,0026E0,KODEX 미국S&P500버퍼3월액티브,S&P500 10% Buffered Index March Series (USD) TR,11980,0,203585,22188055817,normal,주식-해외,가능(검수전),pass,20260807,KODEX,가능,확인완료(일치),가능,공식확인
KR70026S0002,0026S0,1Q 미국S&P500,S&P 500,13250,-.67,3703344654,344053807417,normal,주식-해외,가능(검수전),pass,20260807,,,미커버(소형 운용사),가능,구조규칙
KR70028X0003,0028X0,KODEX 미국금융테크액티브,iSelect 미국 차세대 파이낸셜 테크 지수(시장가격),12110,-.74,22864555,14026101288,normal,주식-해외,가능(검수전),pass,20260807,KODEX,가능,확인완료(일치),가능,공식확인
KR70035T0000,0035T0,PLUS 글로벌휴머노이드로봇액티브,iSelect 글로벌휴머노이드로봇 (PR),20020,-1.45,420176385,96278855106,normal,주식-해외,가능(검수전),pass,20260807,PLUS,가능,확인완료(일치),가능,공식확인
KR70036D0007,0036D0,TIME 미국배당다우존스액티브,Dow Jones U.S. Dividend 100 Price Return Index,12950,-.27,407195879,64522050844,normal,주식-해외,가능(검수전),pass,20260807,,,미커버(소형 운용사),가능,구조규칙
KR70036R0001,0036R0,RISE 미국휴머노이드로봇,KEDI 미국 휴머노이드 로봇 지수(시장가격),19845,-.25,118660907,110361522157,normal,주식-해외,가능(검수전),pass,20260807,RISE,가능,확인완료(일치),가능,공식확인
KR70036Z0001,0036Z0,RISE 미국천연가스밸류체인,Solactive US Natural Gas Value Chain Index PR,12500,.52,16437510,6847303525,normal,원자재,가능(검수전),fail,20260807,RISE,가능,확인완료(일치),가능,공식확인
KR70038A0008,0038A0,KODEX 미국휴머노이드로봇,iSelect 미국 휴머노이드 로봇 지수(Price Return),15705,-.32,493319965,295809469215,normal,주식-해외,가능(검수전),pass,20260807,KODEX,가능,확인완료(일치),가능,공식확인
KR70040S0004,0040S0,HANARO 글로벌피지컬AI액티브,Solactive Physical AI Index,24210,.25,314791312,62323520468,normal,주식-해외,가능(검수전),pass,20260807,HANARO,가능,확인완료(일치),가능,공식확인
KR70040X0007,0040X0,SOL 팔란티어미국채커버드콜혼합,KEDI 팔란티어미국채커버드콜혼합지수(NTR),9460,-.58,1031517568,175190828658,normal,채권,가능(검수전),pass,20260807,SOL,가능,확인완료(일치),가능,공식확인
KR70040Y0006,0040Y0,SOL 팔란티어커버드콜OTM채권혼합,KEDI 팔란티어커버드콜OTM 채권혼합지수(NTR),8105,.06,1679493477,356071075243,normal,채권,가능(검수전),pass,20260807,SOL,가능,확인완료(일치),가능,공식확인
KR70041D0000,0041D0,KODEX 미국AI소프트웨어TOP10,iSelect 미국 AI 소프트웨어 TOP10 지수(PR),12890,.16,426889220,47224239414,normal,주식-해외,가능(검수전),pass,20260807,KODEX,가능,확인완료(일치),가능,공식확인
KR70041E0009,0041E0,KODEX 미국S&P500액티브,S&P 500,16655,-.8,1002606446,139262699381,normal,주식-해외,가능(검수전),pass,20260807,KODEX,가능,확인완료(일치),가능,공식확인
KR70043B0000,0043B0,TIGER 머니마켓액티브,KIS-미래에셋 MMF지수,103285,.01,13710960262,3007649616262,normal,금리·파킹,가능(검수전),pass,20260807,TIGER,가능,확인완료(일치),가능,공식확인
KR70043Y0003,0043Y0,TIME 차이나AI테크액티브,Solactive China Artificial Intelligence 지수(원화환산)(PR),20855,.51,2376747885,367352037912,normal,주식-해외,가능(검수전),pass,20260807,,,미커버(소형 운용사),가능,구조규칙
KR70046A0008,0046A0,TIGER 미국초단기(3개월이하)국채,ICE 0-3 Month US Treasury Securities 지수,9790,-.41,3946870835,341845949065,normal,금리·파킹,가능(검수전),pass,20260807,TIGER,가능,확인완료(일치),가능,공식확인
KR70046Y0000,0046Y0,ACE 미국배당퀄리티,WisdomTree U.S. Quality Dividend Growth Index (Price Return),12990,-.31,89173537,55070970338,normal,주식-해외,가능(검수전),pass,20260807,ACE,가능,확인완료(일치),가능,공식확인
KR70047A0007,0047A0,TIGER 차이나테크TOP10,Mirae Asset China Tech Top 10 지수 (Price Return),13395,.83,469627932,205173714437,normal,주식-해외,가능(검수전),pass,20260807,TIGER,가능,확인완료(일치),가능,공식확인
KR70047N0002,0047N0,PLUS 차이나AI테크TOP10,Solactive China AI Tech Top10 Index(PR),10785,1.7,14873385,6884635330,normal,주식-해외,가능(검수전),fail,20260807,PLUS,가능,확인완료(일치),가능,공식확인
KR70047P0000,0047P0,RISE 테슬라고정테크100,KEDI 테슬라고정테크100 지수(PR),14580,-.17,30282560,22474576386,normal,주식-해외,가능(검수전),pass,20260807,RISE,가능,확인완료(일치),가능,공식확인
KR70047R0008,0047R0,RISE 팔란티어고정테크100,KEDI 팔란티어고정테크100 지수(PR),15220,-.13,189689995,26537663624,normal,주식-해외,가능(검수전),pass,20260807,RISE,가능,확인완료(일치),가능,공식확인
KR70048J0007,0048J0,KODEX 미국머니마켓액티브,KAP 미국 머니마켓 지수,14160,-.39,5989066868,771436322872,normal,금리·파킹,가능(검수전),pass,20260807,KODEX,가능,확인완료(일치),가능,공식확인
KR70048K0004,0048K0,KODEX 차이나휴머노이드로봇,Solactive China Humanoid Robotics Index (CNH) (Price Return),9350,.59,5328273589,157399378817,normal,주식-해외,가능(검수전),pass,20260807,KODEX,가능,확인완료(일치),가능,공식확인
KR70049K0003,0049K0,ACE 미국배당퀄리티채권혼합50,Bloomberg WisdomTree U.S. Quality Dividend & Short Term KRW Bonds 50:50 TR Index,11335,.35,108975799,25404892814,normal,채권,가능(검수전),pass,20260807,ACE,가능,확인완료(일치),가능,공식확인
KR70049M0001,0049M0,ACE 미국배당퀄리티+커버드콜액티브,Bloomberg WisdomTree U.S. Quality Dividend & B500 Premium Decrement 50:50 Index,11605,-.04,505033239,79254914778,normal,주식-해외,가능(검수전),pass,20260807,ACE,가능,확인완료(일치),가능,공식확인
KR70050E0007,0050E0,PLUS 미국AI에이전트,Solactive US AI Agents Index(PR),8100,-3.11,10813510,4045541604,normal,주식-해외,가능(검수전),fail,20260807,PLUS,가능,확인완료(일치),가능,공식확인
KR70051A0000,0051A0,KoAct 브로드컴밸류체인액티브,FactSet 브로드컴밸류체인 지수,25410,1.34,61997885,16374465615,normal,주식-해외,가능(검수전),pass,20260807,,,미커버(소형 운용사),가능,구조규칙
KR70051G0004,0051G0,SOL 미국원자력SMR,KEDI 미국원자력 SMR 지수(PR),13690,.44,104594057,166097915678,normal,주식-해외,가능(검수전),pass,20260807,SOL,가능,확인완료(일치),가능,공식확인
KR70052D0006,0052D0,TIGER 코리아배당다우존스,Dow Jones Korea Dividend 30 지수 (Price Return),15925,.76,1842071642,354500745587,normal,주식-해외,가능(검수전),pass,20260807,TIGER,가능,확인완료(일치),가능,공식확인
KR70052S0009,0052S0,1Q 미국S&P500미국채혼합50액티브,S&P 500 and Short-Term Treasury 50/50 Blend Index,11880,-.54,2053948871,322967560549,normal,채권,가능(검수전),pass,20260807,,,미커버(소형 운용사),가능,구조규칙
KR70052T0008,0052T0,1Q 중단기회사채(A-이상)액티브,KEDI 중단기크레딧플러스채권(AAA~A-)지수(총수익),50625,0,101260,108040108069,normal,채권,가능(검수전),pass,20260807,,,미커버(소형 운용사),가능,구조규칙
KR70053L0005,0053L0,TIGER 차이나휴머노이드로봇,Mirae Asset China Humanoid Robot 지수(PR),10560,1.34,1727842576,272140162016,normal,주식-해외,가능(검수전),pass,20260807,TIGER,가능,확인완료(일치),가능,공식확인
KR70053M0004,0053M0,더제이 중소형포커스액티브,코스피 200 중소형주지수,13015,-1.7,1205510,5858259551,normal,주식-국내,가능(검수전),fail,20260807,,,미커버(소형 운용사),가능,구조규칙
KR70057H0007,0057H0,PLUS 미국S&P500미국채혼합50액티브,S&P 500 and U.S. Treasury Bill 0-3 Month 50/50 Blend Index (USD),11970,-.66,1034566595,81356683844,normal,채권,가능(검수전),pass,20260807,PLUS,가능,확인완료(일치),가능,공식확인
KR70060H0002,0060H0,TIGER 토탈월드스탁액티브,FTSE Global All Cap Index(PR),13040,-.99,919173955,394330295978,normal,주식-해외,가능(검수전),pass,20260807,TIGER,가능,확인완료(일치),가능,공식확인
KR70061Z0009,0061Z0,RISE 단기특수은행채액티브,KAP 단기 특수은행채 지수(시장가격),50910,.03,2138055,730817090255,normal,채권,가능(검수전),pass,20260807,RISE,가능,확인완료(일치),가능,공식확인
KR70064K0003,0064K0,KODEX 금액티브,Bloomberg Gold Spot NY 4pm USD Index,12705,-.04,1382746469,149475559834,normal,원자재,가능(검수전),pass,20260807,KODEX,가능,확인완료(일치),가능,공식확인
KR70065G0008,0065G0,KODEX 차이나테크TOP10,Hang Seng China Tech Top 10 Select Index (HKD) (Price Return),9565,.47,94536912,24445587808,normal,주식-해외,가능(검수전),pass,20260807,KODEX,가능,확인완료(일치),가능,공식확인
KR70066W0007,0066W0,SOL 국제금,KEDI 국제금현물 ETF 가격지수(PR),12845,.04,548971024,82814362190,normal,원자재,가능(검수전),pass,20260807,SOL,가능,확인완료(일치),가능,공식확인
KR70067V0007,0067V0,TIGER 차이나글로벌리더스TOP3+,"Solactive-KEDI 차이나글로벌리더스TOP3플러스 지수 (Price Return, CNH)",10450,1.8,17896072,24773528325,normal,주식-해외,가능(검수전),pass,20260807,TIGER,가능,확인완료(일치),가능,공식확인
KR70067Y0004,0067Y0,TIGER 차이나AI소프트웨어,"Mirae Asset China AI Software 지수 (Price Return, HKD)",11825,2.2,214529135,10482152089,normal,주식-해외,가능(검수전),pass,20260807,TIGER,가능,확인완료(일치),가능,공식확인
KR70068M0007,0068M0,KODEX 미국S&P500버퍼6월액티브,S&P500 10% Buffered Index June Series (USD) TR,11915,-1.85,8000545,10903843361,normal,주식-해외,가능(검수전),pass,20260807,KODEX,가능,확인완료(일치),가능,공식확인
KR70069M0006,0069M0,1Q 미국나스닥100,NASDAQ 100,13820,-.32,758152565,191464002264,normal,주식-해외,가능(검수전),pass,20260807,,,미커버(소형 운용사),가능,구조규칙
KR70072R0006,0072R0,TIGER KRX금현물,KRX 금현물지수,13040,.58,6214585178,1207151166190,normal,원자재,가능(검수전),pass,20260807,TIGER,가능,확인완료(일치),가능,공식확인
KR70073X0007,0073X0,FOCUS 알리바바미국채커버드콜혼합,KEDI 알리바바미국채커버드콜혼합지수(TR),9540,-.57,5128235,5229131471,normal,채권,가능(검수전),fail,20260807,,,미커버(소형 운용사),가능,구조규칙
KR70074K0001,0074K0,KoAct K수출핵심기업TOP30액티브,KEDI K수출핵심기업TOP30 지수(PR),16075,1.74,695707755,122773408957,normal,주식-국내,가능(검수전),pass,20260807,,,미커버(소형 운용사),가능,구조규칙
KR70078V0004,0078V0,PLUS 미국로보택시,KEDI 미국로보택시 지수(PR),9830,-.71,4105055,4931239806,normal,주식-해외,가능(검수전),fail,20260807,PLUS,가능,확인완료(일치),가능,공식확인
KR70079X0001,0079X0,ACE BYD밸류체인액티브,Bloomberg BYD Plus Top Supply Chain Select Price Return Index,10605,-.47,12804120,3712121753,normal,주식-해외,가능(검수전),fail,20260807,ACE,가능,확인완료(일치),가능,공식확인
KR70080G0009,0080G0,KODEX 방산TOP10,iSelect 방산 TOP10 지수(Price Return),11080,3.26,34063765799,378270145166,normal,주식-국내,가능(검수전),pass,20260807,KODEX,가능,확인완료(일치),가능,공식확인
KR70080X0008,0080X0,SOL 미국S&P500미국채혼합50,S&P 500 and iBoxx $ Treasuries 7-10Y 5050 Blend Index(USD) PR/TR Hybrid,11355,-.48,359237371,73415144112,normal,채권,가능(검수전),pass,20260807,SOL,가능,확인완료(일치),가능,공식확인
KR70080Y0007,0080Y0,SOL 조선TOP3플러스레버리지,FnGuide 조선TOP3플러스지수(PR),9930,-.2,2953933177,125535896715,leverage,주식-국내,불가,pass,20260807,SOL,불가,확인완료(일치),불가,공식확인
KR70082F0008,0082F0,HANARO 유럽방산,Stoxx 유럽 방산 지수,11500,0,3328595,8022453445,normal,주식-해외,가능(검수전),fail,20260807,HANARO,가능,확인완료(일치),가능,공식확인
KR70082V0008,0082V0,KODEX TDF2060액티브 적격,Samsung Korea Target Date 2060 Index,11460,-.61,696368340,182641826171,normal,혼합·자산배분,가능(검수전),pass,20260807,KODEX,가능,확인완료(일치),가능,공식확인
KR70083S0002,0083S0,1Q 미국메디컬AI,KEDI 미국메디컬AI 지수,9725,-.15,354538989,27025866728,normal,주식-해외,가능(검수전),pass,20260807,,,미커버(소형 운용사),가능,구조규칙
KR70084D0008,0084D0,KIWOOM 미국테크100월간목표헤지액티브,Akros 미국테크100 월간방어적배분 지수(TR),11710,.64,2518260,9315389444,normal,주식-해외,가능(검수전),fail,20260807,KIWOOM,가능,확인완료(일치),가능,공식확인
KR70084E0007,0084E0,KIWOOM 미국대형주500월간목표헤지액티브,Akros 미국대형주500 월간방어적배분 지수(TR),10520,-.57,31720,12107471303,normal,주식-해외,가능(검수전),pass,20260807,KIWOOM,가능,확인완료(일치),가능,공식확인
KR70085N0005,0085N0,ACE 미국10년국채액티브(H),ICE U.S. Treasury 7-10 Year Bond Index (Total Return),9760,-.36,58723310,36109606535,normal,채권,가능(검수전),pass,20260807,ACE,가능,확인완료(일치),가능,공식확인
KR70085P0003,0085P0,ACE 미국10년국채액티브,ICE U.S. Treasury 7-10 Year Bond Index (Total Return),10080,-.79,985266664,105792016065,normal,채권,가능(검수전),pass,20260807,ACE,가능,확인완료(일치),가능,공식확인
KR70086B0008,0086B0,TIGER 리츠부동산인프라TOP10액티브,KEDI 리츠부동산인프라TOP10지수 (Price Return),9575,.37,98430803,47173710297,normal,리츠·인프라,가능(검수전),pass,20260807,TIGER,가능,확인완료(일치),가능,공식확인
KR70086C0007,0086C0,TIGER 리츠부동산인프라10채권혼합액티브,KEDI 리츠부동산인프라TOP10채권혼합지수 (Price Return),9845,.2,111813760,17273145195,normal,채권,가능(검수전),pass,20260807,TIGER,가능,확인완료(일치),가능,공식확인
KR70087F0003,0087F0,ACE 차이나AI빅테크TOP2+액티브,Solactive China AI Big Tech TOP2+ Index (Price Return),13055,1.44,39738105,6462444810,normal,주식-해외,가능(검수전),fail,20260807,ACE,가능,확인완료(일치),가능,공식확인
KR70088N0002,0088N0,WON K-글로벌수급상위,DeepSearch 외인수급 Top20 지수,10120,-1.36,60478030,13211040275,normal,주식-해외,가능(검수전),pass,20260807,,,미커버(소형 운용사),가능,구조규칙
KR70089B0005,0089B0,PLUS 미국나스닥100미국채혼합50,Nasdaq-100 US T-Bills 1-3 Month 50/50 Index (USD),11485,-.39,170997445,32097902255,normal,채권,가능(검수전),pass,20260807,PLUS,가능,확인완료(일치),가능,공식확인
KR70089C0004,0089C0,KODEX 미국S&P500변동성확대시커버드콜,Cboe S&P 500 Volatility Contingent Daily Covered Call Index(Total Retrun),11760,-.21,16525002,58863730386,normal,주식-해외,가능(검수전),pass,20260807,KODEX,가능,확인완료(일치),가능,공식확인
KR70089D0003,0089D0,KODEX 금융고배당TOP10,코스피 200 금융 고배당 TOP 10 지수,13540,1.31,1305383558,218339786398,normal,주식-국내,가능(검수전),pass,20260807,KODEX,가능,확인완료(일치),가능,공식확인
KR70090B0002,0090B0,PLUS K방산소부장,Akros K방산소부장 지수(PR),6930,-.72,159083410,15179180641,normal,주식-국내,가능(검수전),pass,20260807,PLUS,가능,확인완료(일치),가능,공식확인
KR70091C0000,0091C0,KODEX 미국10년국채액티브(H),KAP 미국 국채 10년 지수(총수익),9620,-.31,2146982628,191572727500,normal,채권,가능(검수전),pass,20260807,KODEX,가능,확인완료(일치),가능,공식확인
KR70091M0008,0091M0,HANARO 27-06 회사채(AA-이상)액티브,KIS 회사채(AA-이상)2706만기형지수(총수익),10145,.05,1034285,105790322242,normal,채권,가능(검수전),pass,20260807,HANARO,가능,확인완료(일치),가능,공식확인
KR70091P0005,0091P0,TIGER 코리아원자력,iSelect 코리아 원자력 지수 (Price Return),15800,-.47,25445971797,532932857642,normal,주식-국내,가능(검수전),pass,20260807,TIGER,가능,확인완료(일치),가능,공식확인
KR70092B0000,0092B0,SOL 한국원자력SMR,FnGuide 한국원자력 SMR 지수(PR),14655,-.17,1170019337,117554604875,normal,주식-국내,가능(검수전),pass,20260807,SOL,가능,확인완료(일치),가능,공식확인
KR70092C0009,0092C0,SOL 27-12 회사채(AA-이상)액티브,"KAP 27-12 크레딧 채권지수(AA-이상, 총수익)",50190,0,285708985,225527509367,normal,채권,가능(검수전),pass,20260807,SOL,가능,확인완료(일치),가능,공식확인
KR70093A0000,0093A0,RISE AI반도체TOP10,FnGuide AI반도체TOP10 지수,27025,-2.63,3924238645,149689956496,normal,주식-국내,가능(검수전),pass,20260807,RISE,가능,확인완료(일치),가능,공식확인
KR70093B0009,0093B0,RISE 엔비디아고정테크100,KEDI 엔비디아고정테크100 지수(PR),13050,.46,9793285,11698657633,normal,주식-해외,가능(검수전),pass,20260807,RISE,가능,확인완료(일치),가능,공식확인
KR70093D0007,0093D0,KoAct 팔란티어밸류체인액티브,KEDI 팔란티어밸류체인지수(PR),17690,-.23,33991870,23693453229,normal,주식-해외,가능(검수전),pass,20260807,,,미커버(소형 운용사),가능,구조규칙
KR70094K0007,0094K0,TIGER 28-04 회사채(A+이상)액티브,KIS 회사채 2804만기형 지수(총수익),99575,.02,3436864945,277637125854,normal,채권,가능(검수전),pass,20260807,TIGER,가능,확인완료(일치),가능,공식확인
KR70094L0006,0094L0,RISE 차이나테크TOP10위클리타겟커버드콜,Bloomberg China Tech Select TOP 10 + 12% Target Premium Weekly Index,8435,.36,41258445,11637082034,normal,주식-해외,가능(검수전),pass,20260807,RISE,가능,확인완료(일치),가능,공식확인
KR70094M0005,0094M0,RISE 코리아밸류업위클리고정커버드콜,코리아 밸류업 위클리 커버드콜 30% 지수,17480,-.31,7110167353,173344500282,normal,주식-국내,가능(검수전),pass,20260807,RISE,가능,확인완료(일치),가능,공식확인
KR70094X0002,0094X0,1Q 샤오미밸류체인액티브,Solactive-KEDI Xiaomi Focus China Tech Index,8680,1.17,12858295,7747724237,normal,주식-해외,가능(검수전),fail,20260807,,,미커버(소형 운용사),가능,구조규칙
KR70097L0003,0097L0,KIWOOM 한국고배당&미국AI테크,Akros 미국AI테크TOP10&한국고배당3070 지수,12870,.47,45952197,26455785821,normal,주식-해외,가능(검수전),pass,20260807,KIWOOM,가능,확인완료(일치),가능,공식확인
KR70098F0000,0098F0,KODEX 원자력SMR,iSelect 원자력SMR 지수(Price Return),14900,-1.1,8179736842,259729471677,normal,주식-국내,가능(검수전),pass,20260807,KODEX,가능,확인완료(일치),가능,공식확인
KR70098N0000,0098N0,PLUS 자사주매입고배당주,FnGuide 고배당주 플러스 자사주 지수 (PR),13115,1.47,688032866,79500562067,normal,주식-국내,가능(검수전),pass,20260807,PLUS,가능,확인완료(일치),가능,공식확인
KR70098Z0006,0098Z0,FOCUS 200,코스피 200,83985,-.61,510140,62835724902,normal,주식-국내,가능(검수전),pass,20260807,,,미커버(소형 운용사),가능,구조규칙
KR70099L0001,0099L0,ACE 우량회사채(AA-이상)액티브,KIS 1~3년 우량크레딧(AA-이상) 총수익지수,99630,-.03,1709599711,166238643973,normal,채권,가능(검수전),pass,20260807,ACE,가능,확인완료(일치),가능,공식확인
KR70100K0009,0100K0,KODEX 방산TOP10레버리지,iSelect 방산 TOP10 지수(Price Return),7400,5.71,2174011577,41448664704,leverage,주식-국내,불가,pass,20260807,KODEX,불가,확인완료(일치),불가,공식확인
KR70101N0005,0101N0,RISE AI전력인프라,KRX-Akros AI 전력인프라 지수,18195,-1.46,6032142231,573424382407,normal,리츠·인프라,가능(검수전),pass,20260807,RISE,,확인필요(공식 목록 미등재),가능,구조규칙
KR70102A0009,0102A0,TIGER 미국AI소프트웨어TOP4Plus,Akros U.S. AI Software TOP4 Plus 지수 (Price Return),8155,.12,669109294,68143042558,normal,주식-해외,가능(검수전),pass,20260807,TIGER,가능,확인완료(일치),가능,공식확인
KR70102X0002,0102X0,ACE 유럽방산TOP10,NYSE FactSet Europe Defense TOP10 Index (Price Return),9945,-1,21433810,6500218356,normal,주식-해외,가능(검수전),fail,20260807,ACE,가능,확인완료(일치),가능,공식확인
KR70103T0007,0103T0,1Q K소버린AI,iSelect K소버린AI 지수,8630,-2.04,1080873775,26775178249,normal,주식-국내,가능(검수전),pass,20260807,,,미커버(소형 운용사),가능,구조규칙
KR70104G0001,0104G0,PLUS K방산레버리지,FnGuide K-방위산업 지수,6890,4.55,397868822,17579354437,leverage,주식-국내,불가,pass,20260807,PLUS,불가,확인완료(일치),불가,공식확인
KR70104H0000,0104H0,KoAct 미국나스닥채권혼합50액티브,FnGuide 미국나스닥 금융채권혼합 지수,12020,.38,1065996882,149965072560,normal,채권,가능(검수전),pass,20260807,,,미커버(소형 운용사),가능,구조규칙
KR70104N0002,0104N0,TIGER 200타겟위클리커버드콜,코스피 200 타겟 7% 위클리 커버드콜 지수,19060,-1.17,1006368217,197937253511,normal,주식-국내,가능(검수전),pass,20260807,TIGER,가능,확인완료(일치),가능,공식확인
KR70104P0000,0104P0,TIGER 코리아배당다우존스위클리커버드콜,KRX 다우존스 코리아 배당 30 타겟 7% 위클리 커버드콜 지수,11345,.4,272110759,20557109185,normal,주식-해외,가능(검수전),pass,20260807,TIGER,가능,확인완료(일치),가능,공식확인
KR70105D0003,0105D0,SOL 한국AI소프트웨어,KEDI 한국AI소프트웨어 지수(PR),9605,-2.83,674082817,18306795780,normal,주식-국내,가능(검수전),pass,20260807,SOL,가능,확인완료(일치),가능,공식확인
KR70105E0002,0105E0,SOL 코리아고배당,FnGuide 코리아 고배당 지수(PR),13190,1.27,6292920219,550419654357,normal,주식-국내,가능(검수전),pass,20260807,SOL,가능,확인완료(일치),가능,공식확인
KR70107F0009,0107F0,KIWOOM 미국고배당&AI테크,Akros 미국AI테크TOP10&미국고배당3070 지수,11835,-1.17,193768719,30180644106,normal,주식-해외,가능(검수전),pass,20260807,KIWOOM,가능,확인완료(일치),가능,공식확인
KR70111J0009,0111J0,HANARO 증권고배당TOP3플러스,FnGuide 증권 고배당 TOP3 플러스 지수,12680,-3.94,1166795836,57561129532,normal,주식-국내,가능(검수전),pass,20260807,HANARO,가능,확인완료(일치),가능,공식확인
KR70111P0001,0111P0,1Q 미국나스닥100미국채혼합50액티브,Nasdaq-100 US T-Bills 0-6 Month 50/50 Index,11055,-.32,1102945002,303458810683,normal,채권,가능(검수전),pass,20260807,,,미커버(소형 운용사),가능,구조규칙
KR70112X0000,0112X0,마이티 200TR,코스피 200 TR,36950,.07,99438700,33126099933,normal,주식-국내,가능(검수전),pass,20260807,,,미커버(소형 운용사),가능,구조규칙
KR70113D0003,0113D0,TIME 글로벌탑픽액티브,"Bloomberg World Large, Mid & Small cap PR Index",12315,-.28,276552951,75586569670,normal,주식-해외,가능(검수전),pass,20260807,,,미커버(소형 운용사),가능,구조규칙
KR70113G0000,0113G0,KoAct 미국바이오헬스케어액티브,Solactive 미국바이오헬스케어지수 PR,10925,-.14,44960465,9242608348,normal,주식-해외,가능(검수전),fail,20260807,,,미커버(소형 운용사),가능,구조규칙
KR70113P0009,0113P0,HK 머니마켓액티브,KAP 머니마켓 지수(총수익),102220,.01,1022200,52948166036,normal,금리·파킹,가능(검수전),pass,20260807,,,미커버(소형 운용사),가능,구조규칙
KR70114X0008,0114X0,RISE 글로벌게임테크TOP3Plus,Solactive-KEDI 글로벌 게임 테크 TOP3 플러스 지수,8655,1.17,14483281,5983604380,normal,주식-해외,가능(검수전),fail,20260807,RISE,가능,확인완료(일치),가능,공식확인
KR70115C0002,0115C0,RISE 미국고배당다우존스TOP10,Dow Jones U.S. High Dividend 10 Index,11245,-.97,221434295,26929025255,normal,주식-해외,가능(검수전),pass,20260807,RISE,가능,확인완료(일치),가능,공식확인
KR70115D0001,0115D0,KODEX 조선TOP10,KRX 조선 TOP10,8200,-.43,12155335706,208077907755,normal,주식-국내,가능(검수전),pass,20260807,KODEX,가능,확인완료(일치),가능,공식확인
KR70115E0000,0115E0,KODEX 코리아소버린AI,KRX 코리아 소버린 AI 지수,13575,-2.65,985375345,62524328057,normal,주식-국내,가능(검수전),pass,20260807,KODEX,가능,확인완료(일치),가능,공식확인
KR70117L0009,0117L0,KODEX 26-12 금융채(AA-이상)액티브,KAP 26-12 금융채 총수익 지수(AA-이상),10140,0,7237201,971304723359,normal,채권,가능(검수전),pass,20260807,KODEX,가능,확인완료(일치),가능,공식확인
KR70117V0007,0117V0,TIGER 코리아AI전력기기TOP3플러스,KEDI 코리아AI전력기기TOP3플러스 지수,18155,.83,32925901124,950890727704,normal,주식-국내,가능(검수전),pass,20260807,TIGER,가능,확인완료(일치),가능,공식확인
KR70118S0001,0118S0,SOL 미국넥스트테크TOP10액티브,KEDI 미국넥스트테크TOP10(PR),11035,.59,123046700,50006362213,normal,주식-해외,가능(검수전),pass,20260807,SOL,가능,확인완료(일치),가능,공식확인
KR70118Z0002,0118Z0,ACE 미국AI테크핵심산업액티브,Akros U.S. AI Innovator Price Return Index,8905,-1,145476462,53561928287,normal,주식-해외,가능(검수전),pass,20260807,ACE,가능,확인완료(일치),가능,공식확인
KR70119H0003,0119H0,KODEX 28-12 회사채(AA-이상)액티브,KAP 28-12 회사채 총수익 지수(AA- 이상),9930,-.05,47681650,229109714431,normal,채권,가능(검수전),pass,20260807,KODEX,가능,확인완료(일치),가능,공식확인
KR70120J0008,0120J0,BNK 카카오그룹포커스,FnGuide 카카오그룹 포커스 지수,8110,2.53,93312955,10108517371,normal,주식-국내,가능(검수전),pass,20260807,,,미커버(소형 운용사),가능,구조규칙
KR70122W0009,0122W0,RISE 26-11 회사채(AA-이상)액티브,KAP 26-11 회사채(AA-이상) 총수익지수,50910,.01,8958315,113705765743,normal,채권,가능(검수전),pass,20260807,RISE,,확인필요(공식 목록 미등재),가능,구조규칙
KR70123G0008,0123G0,TIGER 미국AI전력SMR,Akros U.S. AI Electricity SMR Index 지수(PR),6795,.82,202290358,129086030571,normal,주식-해외,가능(검수전),pass,20260807,TIGER,가능,확인완료(일치),가능,공식확인
KR70123S0004,0123S0,HANARO 26-12 은행채(AA+이상)액티브,KIS 은행채2612만기형 지수,10165,0,17341590,63574298360,normal,채권,가능(검수전),pass,20260807,HANARO,가능,확인완료(일치),가능,공식확인
KR70127M0006,0127M0,ACE 미국대형가치주액티브,CRSP US Large Cap Value Index(PR),12510,-.79,1132340000,149063313427,normal,주식-해외,가능(검수전),pass,20260807,ACE,가능,확인완료(일치),가능,공식확인
KR70127P0003,0127P0,ACE 미국대형성장주액티브,CRSP US Large Cap Growth Index(PR),10890,-.55,149916090,687073572002,normal,주식-해외,가능(검수전),pass,20260807,ACE,가능,확인완료(일치),가능,공식확인
KR70127R0001,0127R0,RISE 미국AI클라우드인프라,Akros 미국 AI 클라우드 인프라 지수(Price Return),16700,-2.96,199459033,20513489022,normal,리츠·인프라,가능(검수전),pass,20260807,RISE,,확인필요(공식 목록 미등재),가능,구조규칙
KR70127T0009,0127T0,KIWOOM 미국S&P500&배당다우존스비중전환,S&P500 생애배당다우존스 2040 지수,11345,-.4,35275060,13599710986,normal,주식-해외,가능(검수전),pass,20260807,KIWOOM,가능,확인완료(일치),가능,공식확인
KR70127V0005,0127V0,KIWOOM 미국S&P500 TOP10&배당다우비중전환,S&P500 TOP10 생애배당다우존스 2040 지수,11050,.45,10183982,13766269514,normal,주식-해외,가능(검수전),pass,20260807,KIWOOM,가능,확인완료(일치),가능,공식확인
KR70128D0006,0128D0,PLUS 차이나항셍테크위클리타겟커버드콜,HSTECH 15% Target Premium Weekly Covered Call Index,7420,-.34,6739433,5199826663,normal,주식-해외,가능(검수전),fail,20260807,PLUS,가능,확인완료(일치),가능,공식확인
KR70131A0004,0131A0,SOL 차이나소비트렌드,SOLACTIVE-KEDI CHINA CONSUMER TREND INDEX(PR),7965,-.81,76426915,4820621731,normal,주식-해외,가능(검수전),fail,20260807,SOL,가능,확인완료(일치),가능,공식확인
KR70131V0009,0131V0,1Q 미국우주항공테크,Akros 미국우주항공테크 지수,11630,1.04,1052307968,379008089061,normal,주식-해외,가능(검수전),pass,20260807,,,미커버(소형 운용사),가능,구조규칙
KR70131W0008,0131W0,1Q 단기특수은행채액티브,KIS 단기특수은행채 지수(총수익),101935,.01,815480,130270712373,normal,채권,가능(검수전),pass,20260807,,,미커버(소형 운용사),가능,구조규칙
KR70132D0000,0132D0,KoAct 글로벌K컬처밸류체인액티브,KEDI 글로벌 K컬처밸류체인 지수(PR),9475,.74,20707977,5247643062,normal,주식-해외,가능(검수전),fail,20260807,,,미커버(소형 운용사),가능,구조규칙
KR70132H0006,0132H0,KODEX 미국원자력SMR,iSelect 미국원자력SMR 지수(Price Return),8790,.46,211408689,50429444958,normal,주식-해외,가능(검수전),pass,20260807,KODEX,가능,확인완료(일치),가능,공식확인
KR70132K0001,0132K0,PLUS 테슬라위클리커버드콜채권혼합,Akros 테슬라 위클리 커버드콜 채권혼합 지수,8095,-.06,890130886,105414900065,normal,채권,가능(검수전),pass,20260807,PLUS,가능,확인완료(일치),가능,공식확인
KR70133E0008,0133E0,TIGER 차이나증권,Solactive China Securities Index (Price Return),8985,.17,6493690,9489465713,normal,주식-해외,가능(검수전),fail,20260807,TIGER,가능,확인완료(일치),가능,공식확인
KR70135Y0002,0135Y0,IBK 중기종합채권(AA-이상)액티브,"KIS 중기종합채권 (1~5Y, AA-이상, 총수익)",100505,-.03,24622285,113207701873,normal,채권,가능(검수전),pass,20260807,,,미커버(소형 운용사),가능,구조규칙
KR70137V0003,0137V0,KIWOOM 미국S&P500모멘텀,S&P500 모멘텀 지수,11860,-.29,601684305,93860450921,normal,주식-해외,가능(검수전),pass,20260807,KIWOOM,가능,확인완료(일치),가능,공식확인
KR70137W0002,0137W0,KIWOOM 미국S&P500&GOLD,S&P500 & S&P GSCI 금현물 90/10 혼합지수,10675,-.33,69211766,28790148368,normal,원자재,가능(검수전),pass,20260807,KIWOOM,가능,확인완료(일치),가능,공식확인
KR70138D0004,0138D0,RISE 동학개미,FnGuide 동학개미 지수,11115,-.89,4531310,7227017757,normal,주식-국내,가능(검수전),fail,20260807,RISE,,확인필요(공식 목록 미등재),가능,구조규칙
KR70138T0006,0138T0,RISE 미국S&P500데일리고정커버드콜,S&P500 10% Daily Fixed Covered Call Index,9910,-.35,277304234,31660872627,normal,주식-해외,가능(검수전),pass,20260807,RISE,,확인필요(공식 목록 미등재),가능,구조규칙
KR70138Y0009,0138Y0,PLUS 금채권혼합,Akros 미국 금현물 ETF 채권혼합 지수,9840,0,1836103886,96011680745,normal,채권,가능(검수전),pass,20260807,PLUS,가능,확인완료(일치),가능,공식확인
KR70139F0001,0139F0,TIGER 12월자동연장금융채(AA-이상)액티브,KIS 12월 만기 자동연장금융채(AA-이상) 총수익지수,101910,.02,1936225,1077918813015,normal,채권,가능(검수전),pass,20260807,TIGER,가능,확인완료(일치),가능,공식확인
KR70139P0009,0139P0,ACE 고배당주,KRX-Akros 고배당주 20 지수,13490,.19,244679617,50128158732,normal,주식-국내,가능(검수전),pass,20260807,ACE,가능,확인완료(일치),가능,공식확인
KR70141S0002,0141S0,SOL 조선기자재,FnGuide 조선기자재 지수(PR),8400,-.18,3645941272,57334530527,normal,주식-국내,가능(검수전),pass,20260807,SOL,가능,확인완료(일치),가능,공식확인
KR70141T0001,0141T0,SOL 중기종합채권(AA-이상)액티브,"KAP K-중기종합채권지수(AA-이상,총수익)",50290,-.07,50290,43355255757,normal,채권,가능(검수전),pass,20260807,SOL,가능,확인완료(일치),가능,공식확인
KR70142D0008,0142D0,TIGER 미국AI데이터센터TOP4Plus,Akros U.S. AI Data Center TOP4 Plus 지수(PR),10235,-2.24,668989408,88660448747,normal,주식-해외,가능(검수전),pass,20260807,TIGER,가능,확인완료(일치),가능,공식확인
KR70144L0006,0144L0,KODEX 미국성장커버드콜액티브,NASDAQ 100,9920,-.15,1936573801,355744942163,normal,주식-해외,가능(검수전),pass,20260807,KODEX,가능,확인완료(일치),가능,공식확인
KR70144M0005,0144M0,KODEX 미국드론UAM TOP10,iSelect 미국드론UAM TOP10 지수(Price Return),8235,1.29,113928805,23433955343,normal,주식-해외,가능(검수전),pass,20260807,KODEX,가능,확인완료(일치),가능,공식확인
KR70148J0006,0148J0,TIGER 코리아휴머노이드로봇산업,KEDI 코리아 휴머노이드로봇산업 지수 (PR),9235,-1.28,42912590906,614534719233,normal,주식-국내,가능(검수전),pass,20260807,TIGER,가능,확인완료(일치),가능,공식확인
KR70150K0008,0150K0,KoAct 수소전력ESS인프라액티브,FnGuide 수소전력ESS인프라 지수(PR),9975,.35,582465755,28553289295,normal,리츠·인프라,가능(검수전),pass,20260807,,,미커버(소형 운용사),가능,구조규칙
KR70151P0002,0151P0,RISE 코리아전략산업액티브,KAP 코리아전략산업지수,13235,-.94,3338946475,134303502253,normal,주식-국내,가능(검수전),pass,20260807,RISE,,확인필요(공식 목록 미등재),가능,구조규칙
KR70151S0009,0151S0,KODEX 미국AI반도체TOP3플러스,Akros 미국 AI 반도체 Top 3 플러스 지수 (Price Return),15770,.57,6260420051,211064095696,normal,주식-해외,가능(검수전),pass,20260807,KODEX,가능,확인완료(일치),가능,공식확인
KR70152E0004,0152E0,SOL 배당성향탑픽액티브,FnGuide 배당성향탑픽 지수(PR),11165,.77,102851810,26933135417,normal,주식-국내,가능(검수전),pass,20260807,SOL,가능,확인완료(일치),가능,공식확인
KR70153K0005,0153K0,KODEX 주주환원고배당주,Akros 주주환원 고배당 지수 (Price Return),12500,1.63,2509920122,154053564896,normal,주식-국내,가능(검수전),pass,20260807,KODEX,가능,확인완료(일치),가능,공식확인
KR70153P0000,0153P0,ACE 리츠부동산인프라액티브,FnGuide 맥쿼리인프라 배당 리츠 지수 (시장가격),9430,.43,7476660,15185567454,normal,리츠·인프라,가능(검수전),pass,20260807,ACE,가능,확인완료(일치),가능,공식확인
KR70153X0000,0153X0,PLUS 미국고배당주액티브,Akros 미국 고배당주 20 지수,11290,-.7,203031370,21979469549,normal,주식-해외,가능(검수전),pass,20260807,PLUS,가능,확인완료(일치),가능,공식확인
KR70154F0001,0154F0,WON 초대형IB&금융지주,iSelect 초대형IB&금융지주 지수,12385,.94,107442687,36478855886,normal,주식-국내,가능(검수전),pass,20260807,,,미커버(소형 운용사),가능,구조규칙
KR70154H0009,0154H0,KoAct 차이나바이오헬스케어액티브,Solactive 차이나바이오헬스케어지수 PR,8765,4.84,141608885,4635410929,normal,주식-해외,가능(검수전),fail,20260807,,,미커버(소형 운용사),가능,구조규칙
KR70155M0001,0155M0,ACE 미국SMR원자력TOP10,Solactive US SMR Nuclear TOP 10 Index (Price Return),7255,-.21,135695852,29683781728,normal,주식-해외,가능(검수전),pass,20260807,ACE,가능,확인완료(일치),가능,공식확인
KR70155N0000,0155N0,HANARO K휴머노이드테마TOP10,iSelect K휴머노이드테마TOP10 지수,7605,-1.87,726284515,31297675045,normal,주식-국내,가능(검수전),pass,20260807,HANARO,가능,확인완료(일치),가능,공식확인
KR70162L0003,0162L0,KODEX 차이나AI반도체TOP10,Indxx China AI Semiconductor Top 10 Index (Price Return),14050,1.37,11393280330,87069032450,normal,주식-해외,가능(검수전),pass,20260807,KODEX,가능,확인완료(일치),가능,공식확인
KR70162M0002,0162M0,KODEX 금융채1~2년(AA-이상)PLUS액티브,KAP 금융채 1-2년 총수익 지수,10065,.05,48231480,460763845935,normal,채권,가능(검수전),pass,20260807,KODEX,가능,확인완료(일치),가능,공식확인
KR70162Y0008,0162Y0,TIME 코스닥액티브,코스닥,7030,-.64,3120607528,246579920108,normal,주식-국내,가능(검수전),pass,20260807,,,미커버(소형 운용사),가능,구조규칙
KR70162Z0007,0162Z0,RISE 삼성전자SK하이닉스채권혼합50,KAP 삼성전자SK하이닉스채권혼합50 지수,12385,-.72,77155693617,3784301523151,normal,채권,가능(검수전),pass,20260807,RISE,가능,확인완료(일치),가능,공식확인
KR70163Y0007,0163Y0,KoAct 코스닥액티브,코스닥,8410,-1.06,7126209764,432602700207,normal,주식-국내,가능(검수전),pass,20260807,,,미커버(소형 운용사),가능,구조규칙
KR70164G0008,0164G0,RISE 차이나AI반도체TOP4Plus,Solactive China AI Semiconductor TOP 4 Plus Index,13605,1.34,150325620,28499299735,normal,주식-해외,가능(검수전),pass,20260807,RISE,,확인필요(공식 목록 미등재),가능,구조규칙
KR70166N0007,0166N0,PLUS 코스닥150액티브,코스닥 150,6980,-.14,924089945,26398248449,normal,주식-국내,가능(검수전),pass,20260807,PLUS,가능,확인완료(일치),가능,공식확인
KR70166S0002,0166S0,PLUS K제조업핵심기업액티브,Akros K제조업 50 지수,9940,-.55,555793814,52584239967,normal,주식-국내,가능(검수전),pass,20260807,PLUS,가능,확인완료(일치),가능,공식확인
KR70166T0001,0166T0,PLUS 글로벌저작권핵심기업액티브,iSelect 미국AI지적재산 지수(PR),9800,.36,321233880,7824780472,normal,주식-해외,가능(검수전),fail,20260807,PLUS,가능,확인완료(일치),가능,공식확인
KR70167A0001,0167A0,SOL AI반도체TOP2플러스,FnGuide AI반도체 TOP2 플러스 지수(PR),15210,-1.14,329262354815,4914398390756,normal,주식-국내,가능(검수전),pass,20260807,SOL,가능,확인완료(일치),가능,공식확인
KR70167B0000,0167B0,SOL 200타겟위클리커버드콜,코스피 200 타겟 15% 위클리 커버드콜 지수,10845,-.18,8658879611,629846370740,normal,주식-국내,가능(검수전),pass,20260807,SOL,가능,확인완료(일치),가능,공식확인
KR70167Z0002,0167Z0,KODEX 미국우주항공,iSelect 미국우주항공지수(Price Return),8095,2.86,3924220612,364525592673,normal,주식-해외,가능(검수전),pass,20260807,KODEX,가능,확인완료(일치),가능,공식확인
KR70168K0008,0168K0,TIGER 기술이전바이오액티브,KRX 기술이전 바이오 지수,6620,.08,7238246640,137197171030,normal,주식-국내,가능(검수전),pass,20260807,TIGER,가능,확인완료(일치),가능,공식확인
KR70172V0009,0172V0,1Q 은액티브,Bloomberg Blended Silver Spot USD index,8480,2.11,345404845,54373144601,normal,원자재,가능(검수전),pass,20260807,,,미커버(소형 운용사),가능,구조규칙
KR70172Y0006,0172Y0,ACE K수출핵심TOP10산업액티브,iSelect K수출핵심산업 지수 (시장가격),8910,-1.71,75684945,7603269561,normal,주식-국내,가능(검수전),fail,20260807,ACE,가능,확인완료(일치),가능,공식확인
KR70173Y0005,0173Y0,KODEX 미국AI광통신네트워크,Akros 미국 AI 광통신 및 네트워크 인프라 지수(PR),12100,4.4,12928662336,401981655120,normal,리츠·인프라,가능(검수전),pass,20260807,KODEX,가능,확인완료(일치),가능,공식확인
KR70174B0001,0174B0,KoAct 글로벌AI메모리반도체액티브,Solactive 글로벌AI메모리반도체 지수 (PR),13460,-.11,1311412225,104952321870,normal,주식-해외,가능(검수전),pass,20260807,,,미커버(소형 운용사),가능,구조규칙
KR70174J0003,0174J0,DAISHIN343 오피스리츠플러스,KRX 프라임 오피스 리츠 지수,8825,1.73,228310,5308620515,normal,리츠·인프라,가능(검수전),fail,20260807,,,미커버(소형 운용사),가능,구조규칙
KR70174R0003,0174R0,KIWOOM 미국성장다우존스,미국성장다우존스 지수,11690,0,55534987,9882850717,normal,주식-해외,가능(검수전),fail,20260807,KIWOOM,불가,확인필요(불일치),불가,공식확인(불일치 정정)
KR70176E0006,0176E0,RISE 미국AI전력인프라액티브,Solactive US AI Electricity Infrastructure Index PR,10545,.57,154414042,128654695064,normal,리츠·인프라,가능(검수전),pass,20260807,RISE,,확인필요(공식 목록 미등재),가능,구조규칙
KR70176P0003,0176P0,FOCUS AI반도체위클리고정커버드콜,AI 반도체 위클리 고정 30% 커버드콜 지수,11090,-1.47,73055203,5523599587,normal,주식-국내,가능(검수전),fail,20260807,,,미커버(소형 운용사),가능,구조규칙
KR70177A0009,0177A0,WON 두산그룹포커스,iSelect 두산그룹 포커스 지수,8540,-.06,209054382,21736625400,normal,주식-국내,가능(검수전),pass,20260807,,,미커버(소형 운용사),가능,구조규칙
KR70177N0004,0177N0,KODEX 삼성전자SK하이닉스채권혼합50,Wise 삼성전자 SK하이닉스 채권혼합 지수,13135,-.79,52839524732,1390684947043,normal,채권,가능(검수전),pass,20260807,KODEX,가능,확인완료(일치),가능,공식확인
KR70177R0000,0177R0,TIGER 반도체TOP10커버드콜액티브,FnGuide 반도체 TOP10 Capped 지수(Price Return),9795,-1.56,19779927393,679387021713,normal,주식-국내,가능(검수전),pass,20260807,TIGER,가능,확인완료(일치),가능,공식확인
KR70177X0002,0177X0,ACE K휴머노이드로봇산업TOP2+,Akros K-휴머노이드 로봇 TOP2+ 지수 (시장가격),9550,-2.65,4702880425,105881367797,normal,주식-국내,가능(검수전),pass,20260807,ACE,가능,확인완료(일치),가능,공식확인
KR70178H0001,0178H0,IBK 미국AI TOP10국채혼합50,FnGuide 미국AI TOP10국채혼합 지수,10230,2.3,123392590,46666757412,normal,채권,가능(검수전),pass,20260807,,,미커버(소형 운용사),가능,구조규칙
KR70180V0009,0180V0,ACE 미국우주테크액티브,FnGuide 미국스페이스테크 지수(시장가격),8270,3.05,1676296506,149430662344,normal,주식-해외,가능(검수전),pass,20260807,ACE,가능,확인완료(일치),가능,공식확인
KR70181B0002,0181B0,HANARO 미국AI메모리반도체TOP4+,Solactive US AI Memory Semiconductor Top4+ Index,9720,3.24,6102021062,117250238476,normal,주식-해외,가능(검수전),pass,20260807,HANARO,가능,확인완료(일치),가능,공식확인
KR70181L0000,0181L0,SOL 미국우주항공TOP10,KEDI 미국우주항공 TOP10(PR),7490,3.38,1276130682,59716817176,normal,주식-해외,가능(검수전),pass,20260807,SOL,가능,확인완료(일치),가능,공식확인
KR70182R0003,0182R0,1Q K반도체TOP2+,NICE K반도체 TOP2 MAX+ 지수,9100,-.55,18668345757,288254735889,normal,주식-국내,가능(검수전),pass,20260807,,,미커버(소형 운용사),가능,구조규칙
KR70182S0002,0182S0,1Q K반도체TOP2채권혼합50,KEDI K반도체TOP2채권혼합 지수,11525,-.65,2457639029,214732563397,normal,채권,가능(검수전),pass,20260807,,,미커버(소형 운용사),가능,구조규칙
KR70183J0002,0183J0,TIGER 미국우주테크,Akros U.S. Space Tech 지수(PR),7880,2.6,12191320752,1130373703207,normal,주식-해외,가능(검수전),pass,20260807,TIGER,가능,확인완료(일치),가능,공식확인
KR70183V0006,0183V0,KIWOOM 삼성전자&SK하이닉스채권혼합50,FnGuide 삼성전자 & SK하이닉스 채권혼합 지수,11005,-.54,8172716980,220657088922,normal,채권,가능(검수전),pass,20260807,KIWOOM,불가,확인필요(불일치),불가,공식확인(불일치 정정)
KR70184E0006,0184E0,1Q 200채권혼합50액티브,코스피 200 단기국공채 혼합지수,10510,-.8,1001190553,26078826573,normal,채권,가능(검수전),pass,20260807,,,미커버(소형 운용사),가능,구조규칙
KR70184L0007,0184L0,PLUS 중기종합채권(A-이상)액티브,KIS 중기종합채권(A-이상) 지수(총수익),100595,.05,3520165,134267452355,normal,채권,가능(검수전),pass,20260807,PLUS,가능,확인완료(일치),가능,공식확인
KR70184N0005,0184N0,PLUS 은채권혼합,Akros 은 채권혼합 지수,8785,1.09,221502440,7808821219,normal,채권,가능(검수전),fail,20260807,PLUS,가능,확인완료(일치),가능,공식확인
KR70184V0005,0184V0,UNICORN K바이오액티브,FnGuide K-바이오 밸런스드 지수,6320,.64,58272945,6969234918,normal,혼합·자산배분,가능(검수전),fail,20260807,,,미커버(소형 운용사),가능,구조규칙
KR70185L0006,0185L0,TIME 글로벌휴머노이드로봇산업액티브,Solactive Global AI Humanoid Robotics 지수(원화환산)(PR),8050,.44,241039298,54265783164,normal,주식-해외,가능(검수전),pass,20260807,,,미커버(소형 운용사),가능,구조규칙
KR70186L0005,0186L0,KoAct 미국로봇피지컬AI액티브,iSelect 미국로봇피지컬AI지수,9735,-.92,133983165,22242293852,normal,주식-해외,가능(검수전),pass,20260807,,,미커버(소형 운용사),가능,구조규칙
KR70186S0008,0186S0,1Q 코스닥150채권혼합50액티브,코스닥 150 단기국공채 혼합지수,8230,.49,2333659709,37868333930,normal,채권,가능(검수전),pass,20260807,,,미커버(소형 운용사),가능,구조규칙
KR70189B0004,0189B0,TIGER 은액티브,ICE Silver Spot 지수 (시장가격),8140,2.2,566545982,39192338285,normal,원자재,가능(검수전),pass,20260807,TIGER,가능,확인완료(일치),가능,공식확인
KR70189Z0006,0189Z0,DAISHIN343 금융&지주고배당,KRX-Akros 금융 & 지주 고배당 지수,10310,1.13,2543275,10362448925,normal,주식-국내,가능(검수전),pass,20260807,,,미커버(소형 운용사),가능,구조규칙
KR70190C0000,0190C0,RISE 현대차고정피지컬AI,KEDI 현대차고정피지컬AI 지수,8445,-1,6062656156,501275301326,normal,주식-국내,가능(검수전),pass,20260807,RISE,,확인필요(공식 목록 미등재),가능,구조규칙
KR70190G0006,0190G0,KODEX 반도체타겟위클리커버드콜,KRX 반도체 타겟 9% 분배 위클리 커버드콜 지수,7545,-1.95,2412295207,148763043912,normal,주식-국내,가능(검수전),pass,20260807,KODEX,가능,확인완료(일치),가능,공식확인
KR70190M0008,0190M0,KIWOOM 미국AI테크하이베타,Akros 미국AI&프론티어테크 하이베타 지수,8855,1.2,243335410,20918862608,normal,주식-해외,가능(검수전),pass,20260807,KIWOOM,불가,확인필요(불일치),불가,공식확인(불일치 정정)
KR70190Y0004,0190Y0,TIGER 구글밸류체인,Akros Google Value Chain 지수 (Price Return),9215,-.43,510349203,71376253564,normal,주식-해외,가능(검수전),pass,20260807,TIGER,가능,확인완료(일치),가능,공식확인
KR70191B0000,0191B0,MIDAS 코스닥액티브,코스닥,27320,-2.32,190072080,5476577054,normal,주식-국내,가능(검수전),fail,20260807,,,미커버(소형 운용사),가능,구조규칙
KR70191M0007,0191M0,마이티 5월만기자동연장특수채(AAA)액티브,KAP 5월 만기자동연장 특수채(AAA) 총수익 지수,100585,.01,0,41640203876,normal,주식-국내,가능(검수전),pass,20260807,,,미커버(소형 운용사),가능,구조규칙
KR70191S0001,0191S0,IBK 코스닥150,코스닥 150,13670,-.33,87844670,10153177767,normal,주식-국내,가능(검수전),pass,20260807,,,미커버(소형 운용사),가능,구조규칙
KR70191W0005,0191W0,HANARO 중기종합채권(A-이상)액티브,KIS 중기종합채권시장 A-이상 총수익지수,100915,-.09,0,121071893570,normal,채권,가능(검수전),pass,20260807,HANARO,가능,확인완료(일치),가능,공식확인
KR70192L0007,0192L0,RISE SK하이닉스단일종목레버리지,KRX SK하이닉스 지수,6430,-10.51,652273305,32786284378,leverage,주식-국내,불가,pass,20260807,RISE,불가,확인완료(일치),불가,공식확인
KR70192M0006,0192M0,RISE 삼성전자단일종목레버리지,KRX 삼성전자 지수,9040,.28,487469350,29043982345,leverage,주식-국내,불가,pass,20260807,RISE,불가,확인완료(일치),불가,공식확인
KR70192S0000,0192S0,SOL 코스피200채권혼합50,코스피 200 KTB 혼합지수,9010,-.17,1365663158,17990554923,normal,채권,가능(검수전),pass,20260807,SOL,가능,확인완료(일치),가능,공식확인
KR70192T0009,0192T0,SOL 코스닥TOP10,코스닥 TOP 10 지수,7120,1.42,3548181115,30008843560,normal,주식-국내,가능(검수전),pass,20260807,SOL,가능,확인완료(일치),가능,공식확인
KR70192Z0001,0192Z0,TIGER 중기종합채권(A-이상)액티브,NICE 중기종합채권(A-이상)(총수익지수),100915,-.05,504575,192742485205,normal,채권,가능(검수전),pass,20260807,TIGER,가능,확인완료(일치),가능,공식확인
KR70193G0003,0193G0,KoAct 코스피액티브,코스피,7680,-1.03,17206714640,108045213661,normal,주식-국내,가능(검수전),pass,20260807,,,미커버(소형 운용사),가능,구조규칙
KR70193K0007,0193K0,PLUS 삼성전자단일종목레버리지,KRX 삼성전자 지수,9865,.97,244818025,14682398584,leverage,주식-국내,불가,pass,20260807,PLUS,불가,확인완료(일치),불가,공식확인
KR70193L0006,0193L0,PLUS 삼성전자선물단일종목인버스2X,KRX 삼성전자 선물 지수,13150,-1.16,12839152579,25250453483,inverse,주식-국내,불가,pass,20260807,PLUS,불가,확인완료(일치),불가,공식확인
KR70193M0005,0193M0,BNK 27-12 특수채(AAA이상)액티브,KAP 27-12 특수채 총수익 지수(AAA이상),50355,-.02,201292,106399530518,normal,채권,가능(검수전),pass,20260807,,,미커버(소형 운용사),가능,구조규칙
KR70193T0008,0193T0,KODEX SK하이닉스단일종목레버리지,KRX SK하이닉스 지수,7395,-10.09,309180214760,1968135027229,leverage,주식-국내,불가,pass,20260807,KODEX,불가,확인완료(일치),불가,공식확인
KR70193W0003,0193W0,KODEX 삼성전자단일종목레버리지,KRX 삼성전자 지수,9760,.88,107871849766,1410119382474,leverage,주식-국내,불가,pass,20260807,KODEX,불가,확인완료(일치),불가,공식확인
KR70194M0004,0194M0,ACE 삼성전자단일종목레버리지,KRX 삼성전자 지수,8960,.34,704754950,44148504458,leverage,주식-국내,불가,pass,20260807,ACE,불가,확인완료(일치),불가,공식확인
KR70194N0003,0194N0,KIWOOM 삼성전자선물단일종목레버리지,KRX 삼성전자 선물 지수,9005,.33,233429605,7862725313,leverage,주식-국내,불가,fail,20260807,KIWOOM,불가,확인완료(일치),불가,공식확인
KR70194R0009,0194R0,KIWOOM SK하이닉스선물단일종목레버리지,KRX SK하이닉스 선물 지수,6170,-10.45,357841170,10127060971,leverage,주식-국내,불가,pass,20260807,KIWOOM,불가,확인완료(일치),불가,공식확인
KR70194T0007,0194T0,ACE SK하이닉스단일종목레버리지,KRX SK하이닉스 지수,6310,-10.62,2356272141,44783396613,leverage,주식-국내,불가,pass,20260807,ACE,불가,확인완료(일치),불가,공식확인
KR70195R0008,0195R0,TIGER 삼성전자단일종목레버리지,KRX 삼성전자 지수,8905,.91,53089775217,783186826936,leverage,주식-국내,불가,pass,20260807,TIGER,불가,확인완료(일치),불가,공식확인
KR70195S0007,0195S0,TIGER SK하이닉스단일종목레버리지,KRX SK하이닉스 지수,6290,-10.59,150816341128,1084315479009,leverage,주식-국내,불가,pass,20260807,TIGER,불가,확인완료(일치),불가,공식확인
KR70197W0009,0197W0,SOL SK하이닉스단일종목레버리지,KRX SK하이닉스 지수,6195,-10.35,3560251727,42981976562,leverage,주식-국내,불가,pass,20260807,SOL,불가,확인완료(일치),불가,공식확인
KR70197X0008,0197X0,SOL SK하이닉스선물단일종목인버스2X,KRX SK하이닉스 선물 지수,11020,10.14,202214918648,123018736912,inverse,주식-국내,불가,pass,20260807,SOL,불가,확인완료(일치),불가,공식확인
KR70198A0004,0198A0,KIWOOM 코스닥150커버드콜액티브,코스닥 150 위클리 고정 30% 커버드콜 지수,8680,1.17,3503611862,48846761331,normal,주식-국내,가능(검수전),pass,20260807,KIWOOM,불가,확인필요(불일치),불가,공식확인(불일치 정정)
KR70198B0003,0198B0,1Q 삼성전자선물단일종목레버리지,KRX 삼성전자 선물 지수,9235,.49,136386895,20132189093,leverage,주식-국내,불가,pass,20260807,,,미커버(소형 운용사),불가,구조규칙
KR70198D0001,0198D0,1Q SK하이닉스선물단일종목레버리지,KRX SK하이닉스 선물 지수,6610,-8.7,486391023,20796254424,leverage,주식-국내,불가,pass,20260807,,,미커버(소형 운용사),불가,구조규칙
KR70199C0001,0199C0,ACE 고배당주Plus커버드콜액티브,KRX-Akros 고배당주 20 위클리 고정 30% 커버드콜 지수,9250,.16,4820551287,124689525128,normal,주식-국내,가능(검수전),pass,20260807,ACE,가능,확인완료(일치),가능,공식확인
KR70203D0004,0203D0,PLUS 200위클리커버드콜채권혼합,코스피 200 KTB 혼합 위클리 고정 10% 커버드콜 지수,8615,-.23,123485515,9473154381,normal,채권,가능(검수전),fail,20260807,PLUS,가능,확인완료(일치),가능,공식확인
KR70203R0008,0203R0,WON 중단기종합채권(A-이상)액티브,KAP 중단기 종합채권 총수익 지수(A-이상),50425,.03,50425,19163273219,normal,채권,가능(검수전),pass,20260807,,,미커버(소형 운용사),가능,구조규칙
KR70203S0007,0203S0,WON 삼성전자현대차채권혼합50,KAP 삼성전자현대차채권혼합지수,8370,0,401295450,25907261331,normal,채권,가능(검수전),pass,20260807,,,미커버(소형 운용사),가능,구조규칙
KR70204D0003,0204D0,KODEX 현대차로보틱스밸류체인TOP3플러스,Akros 현대차로보틱스 밸류체인 TOP3 플러스 지수 (PR),6575,-.23,4713095479,206888283601,normal,주식-국내,가능(검수전),pass,20260807,KODEX,가능,확인완료(일치),가능,공식확인
KR70204S0006,0204S0,TIGER 코스닥액티브,코스닥,6530,-.91,290895908,29068301437,normal,주식-국내,가능(검수전),pass,20260807,TIGER,가능,확인완료(일치),가능,공식확인
KR70206G0008,0206G0,1Q 현대차기아채권혼합50,KEDI 현대차&기아채권혼합50지수,8260,-.24,1545032400,23139962633,normal,채권,가능(검수전),pass,20260807,,,미커버(소형 운용사),가능,구조규칙
KR70207G0007,0207G0,SOL 우주항공밸류체인,Akros 우주항공밸류체인 지수(PR),6810,4.05,5220144903,34952231436,normal,주식-국내,가능(검수전),pass,20260807,SOL,가능,확인완료(일치),가능,공식확인
KR70207Z0004,0207Z0,KIWOOM 미국우주데이터센터인프라,iSelect 미국 우주데이터센터인프라 지수,7235,1.83,203126940,14989501196,normal,리츠·인프라,가능(검수전),pass,20260807,KIWOOM,불가,확인필요(불일치),불가,공식확인(불일치 정정)
KR70208N0007,0208N0,IBK 코스피액티브,코스피,6770,-.51,58189935,11219396260,normal,주식-국내,가능(검수전),pass,20260807,,,미커버(소형 운용사),가능,구조규칙
KR70209D0008,0209D0,KODEX 전고체배터리ESS TOP2플러스,Akros 한국 전고체 배터리 ESS TOP2 플러스 지수(Price Return),7620,3.67,5872446638,97468605845,normal,주식-국내,가능(검수전),pass,20260807,KODEX,가능,확인완료(일치),가능,공식확인
KR70209Z0002,0209Z0,ACE 코리아AI전력TOP10,Akros 코리아 AI전력 TOP 10 지수 (시장가격),6820,.37,1573593800,34375552639,normal,주식-국내,가능(검수전),pass,20260807,ACE,가능,확인완료(일치),가능,공식확인
KR70210A0008,0210A0,ACE K반도체TOP2+,KRX K-AI 반도체TOP2+ 지수,6305,-.86,26143356084,278786757216,normal,주식-국내,가능(검수전),pass,20260807,ACE,가능,확인완료(일치),가능,공식확인
KR70210E0004,0210E0,PLUS 200커버드콜액티브,코스피 200 위클리 고정 30% 커버드콜 지수,6800,-.95,1256848738,51591024472,normal,주식-국내,가능(검수전),pass,20260807,PLUS,불가,확인필요(불일치),불가,공식확인(불일치 정정)
KR70214M0000,0214M0,MIDAS 바이오헬스케어액티브,KRX 헬스케어,11500,.97,12806695,9779309705,normal,주식-국내,가능(검수전),fail,20260807,,,미커버(소형 운용사),가능,구조규칙
KR70215T0002,0215T0,HANARO 미국AI광통신TOP10,Indxx US AI Optical Communication TOP10 Index(PR),9530,4.04,160901614,8333941711,normal,주식-해외,가능(검수전),fail,20260807,HANARO,가능,확인완료(일치),가능,공식확인
KR70216K0000,0216K0,KIWOOM 미국우주테크TOP2채권혼합50,Akros 미국 우주 Top 2 채권혼합 지수,8475,1.44,280329697,8498884129,normal,채권,가능(검수전),fail,20260807,KIWOOM,불가,확인필요(불일치),불가,공식확인(불일치 정정)
KR70216Z0003,0216Z0,ACE K방산TOP5+,KRX K-AI 방산TOP5+ 지수,9200,3.02,3115098756,16986703534,normal,주식-국내,가능(검수전),pass,20260807,ACE,가능,확인완료(일치),가능,공식확인
KR70218J0001,0218J0,RISE 미국우주&로봇TOP2미국채혼합50,Akros 미국 우주-로봇 TOP2 채권혼합50 지수,8480,1.07,413279782,25833475352,normal,채권,가능(검수전),pass,20260807,RISE,,확인필요(공식 목록 미등재),가능,구조규칙
KR70218K0008,0218K0,BNK 스마트카,FnGuide 스마트카 지수,10335,1.03,585925,7740037299,normal,주식-국내,가능(검수전),fail,20260807,,,미커버(소형 운용사),가능,구조규칙
KR70219B0008,0219B0,KoAct 광통신&위성네트워크액티브,FnGuide 저궤도위성 & 광통신 인프라 지수,10905,2.2,865102702,8704573816,normal,리츠·인프라,가능(검수전),fail,20260807,,,미커버(소형 운용사),가능,구조규칙
KR70219E0005,0219E0,KODEX 200커버드콜액티브,코스피 200 커버드콜 5% OTM,7710,-.45,24344527887,449811769319,normal,주식-국내,가능(검수전),pass,20260807,KODEX,가능,확인완료(일치),가능,공식확인
KR70219Z0000,0219Z0,HANARO 미국S&P500액티브,S&P 500,10605,1,188227695,8481703101,normal,주식-해외,가능(검수전),fail,20260807,,,신규 확인 필요,확인중,pending
KR70220A0006,0220A0,KIWOOM 현대차그룹TOP3채권혼합50,FnGuide 현대차그룹TOP3 채권혼합 지수,9475,-.11,245729620,13272068237,normal,채권,가능(검수전),pass,20260807,KIWOOM,불가,확인필요(불일치),불가,공식확인(불일치 정정)
KR70220B0005,0220B0,DS 코스닥액티브,코스닥,9305,-2.21,1284933296,42747287872,normal,주식-국내,가능(검수전),pass,20260807,,,미커버(소형 운용사),가능,구조규칙
KR70221V0000,0221V0,IBK 초단기채권액티브,KIS 단기자금 총수익지수,100205,.01,6012305,107126237570,normal,금리·파킹,가능(검수전),pass,20260807,,,미커버(소형 운용사),가능,구조규칙
KR70221Z0006,0221Z0,ACE K바이오코스닥액티브,KRX K-AI 바이오테크 코스닥 지수,11000,-.5,3978820922,22146066738,normal,주식-국내,가능(검수전),pass,20260807,ACE,,확인필요(공식 목록 미등재),가능,구조규칙
KR70222D0001,0222D0,KoAct 고배당액티브,코스피 200 고배당지수,10555,1.83,502741415,11586841429,normal,주식-국내,가능(검수전),pass,20260807,,,미커버(소형 운용사),가능,구조규칙
KR70222F0009,0222F0,마이티 AI데이터센터밸류체인,KAP AI데이터센터밸류체인지수,11990,.17,659047565,9555416227,normal,주식-국내,가능(검수전),fail,20260807,,,신규 확인 필요,확인중,pending
KR70223A0003,0223A0,RISE 코스닥커버드콜액티브,코스닥 150 타겟 15% 위클리 커버드콜 지수,9835,-1.85,2724159774,18793769273,normal,주식-국내,가능(검수전),pass,20260807,RISE,가능,확인완료(일치),가능,공식확인
KR70223R0004,0223R0,TIGER 미국테크NYSE100액티브,NYSE 100 지수(Price Return),9575,.52,336576677,27265187558,normal,주식-해외,가능(검수전),pass,20260807,TIGER,,확인필요(공식 목록 미등재),가능,구조규칙
KR70224D0009,0224D0,KIWOOM 미국CPU반도체TOP4+,iSelect 미국CPU반도체TOP4 지수,9925,1.85,200655963,9881723955,normal,주식-해외,가능(검수전),fail,20260807,KIWOOM,,확인필요(공식 목록 미등재),가능,구조규칙
KR70224X0005,0224X0,1Q 엔비디아알파벳미국채혼합50,KEDI 엔비디아알파벳미국채혼합50 지수,10155,-.39,1813996566,16655203776,normal,채권,가능(검수전),pass,20260807,,,미커버(소형 운용사),가능,구조규칙
KR70225V0006,0225V0,KODEX 미국CPU반도체TOP10,Indxx US CPU Semiconductor TOP 10 Index (Price Return),10975,2.86,5040937424,76275556898,normal,주식-해외,가능(검수전),pass,20260807,,,신규 확인 필요,확인중,pending
KR70226A0000,0226A0,PLUS SK하이닉스샌디스크채권혼합50,Akros SK하이닉스 샌디스크 채권혼합 50 지수,9840,-.3,2770311748,49088065692,normal,채권,가능(검수전),pass,20260807,,,신규 확인 필요,확인중,pending
KR70226G0004,0226G0,WON 피지컬AI TOP2플러스액티브,FnGuide 피지컬AI TOP2플러스 지수,11660,-.85,632317167,9369615239,normal,주식-국내,가능(검수전),fail,20260807,,,신규 확인 필요,확인중,pending
KR7069500007,069500,KODEX 200,코스피 200,98090,-.82,1389032242878,22449998213896,normal,주식-국내,가능(검수전),pass,20260807,KODEX,가능,확인완료(일치),가능,공식확인
KR7069660009,069660,KIWOOM 200,코스피 200,98085,-.76,8488599395,700086598501,normal,주식-국내,가능(검수전),pass,20260807,KIWOOM,가능,확인완료(일치),가능,공식확인
KR7091160002,091160,KODEX 반도체,KRX 반도체,107750,-2.97,198387145098,4760289044749,normal,주식-국내,가능(검수전),pass,20260807,KODEX,가능,확인완료(일치),가능,공식확인
KR7091170001,091170,KODEX 은행,KRX 은행,16600,2.66,15626387254,291005305969,normal,주식-국내,가능(검수전),pass,20260807,KODEX,가능,확인완료(일치),가능,공식확인
KR7091180000,091180,KODEX 자동차,KRX 자동차,29200,-.09,4996650627,415690151062,normal,주식-국내,가능(검수전),pass,20260807,KODEX,가능,확인완료(일치),가능,공식확인
KR7091220004,091220,TIGER 은행,KRX 은행,17285,3.19,1361773314,22396690901,normal,주식-국내,가능(검수전),pass,20260807,TIGER,가능,확인완료(일치),가능,공식확인
KR7091230003,091230,TIGER 반도체,KRX 반도체,114000,-2.52,36680750421,1164702922816,normal,주식-국내,가능(검수전),pass,20260807,TIGER,가능,확인완료(일치),가능,공식확인
KR7099140006,099140,KODEX 차이나H,Hang Seng China H,21990,-.86,9762205,34054201502,normal,주식-해외,가능(검수전),pass,20260807,KODEX,가능,확인완료(일치),가능,공식확인
KR7100910009,100910,KIWOOM KRX100,KRX 100,15510,-.74,236393330,60310149428,normal,주식-국내,가능(검수전),pass,20260807,KIWOOM,가능,확인완료(일치),가능,공식확인
KR7101280006,101280,KODEX 일본TOPIX100,TOPIX100,31065,.06,126068621,52404103319,normal,주식-해외,가능(검수전),pass,20260807,KODEX,가능,확인완료(일치),가능,공식확인
KR7102110004,102110,TIGER 200,코스피 200,98280,-.77,655728893838,9280794766088,normal,주식-국내,가능(검수전),pass,20260807,TIGER,가능,확인완료(일치),가능,공식확인
KR7102780004,102780,KODEX 삼성그룹,삼성그룹,24315,1.74,13370994023,3118324658854,normal,주식-국내,가능(검수전),pass,20260807,KODEX,가능,확인완료(일치),가능,공식확인
KR7102960002,102960,KODEX 기계장비,KRX 기계장비,13590,1.61,47850500,14378751068,normal,주식-국내,가능(검수전),pass,20260807,KODEX,가능,확인완료(일치),가능,공식확인
KR7102970001,102970,KODEX 증권,KRX 증권,18300,-3.68,17427194994,667937559509,normal,주식-국내,가능(검수전),pass,20260807,KODEX,가능,확인완료(일치),가능,공식확인
KR7104520002,104520,KIWOOM 블루칩,MKF 블루칩,14830,1.99,5248585,14847957070,normal,주식-국내,가능(검수전),pass,20260807,KIWOOM,가능,확인완료(일치),가능,공식확인
KR7104530001,104530,KIWOOM 코리아고배당,MKF 웰스 고배당20,17830,.71,100632175,36611385991,normal,주식-국내,가능(검수전),pass,20260807,KIWOOM,가능,확인완료(일치),가능,공식확인
KR7105010003,105010,TIGER 라틴35,BNY Latin America 35 ADR,6465,0,14800720,9030640928,normal,주식-해외,가능(검수전),fail,20260807,TIGER,가능,확인완료(일치),가능,공식확인
KR7105190003,105190,ACE 200,코스피 200,98380,-.83,40379468389,1707910539652,normal,주식-국내,가능(검수전),pass,20260807,ACE,가능,확인완료(일치),가능,공식확인
KR7105780001,105780,RISE 5대그룹주,MKF 5대그룹주,15760,.22,50364645,31535647238,normal,주식-국내,가능(검수전),pass,20260807,RISE,가능,확인완료(일치),가능,공식확인
KR7108450008,108450,ACE 삼성그룹섹터가중,MKF SAMs SW,37225,.23,118240245,82042149139,normal,주식-국내,가능(검수전),pass,20260807,ACE,가능,확인완료(일치),가능,공식확인
KR7108590001,108590,TREX 200,코스피 200,97855,-.87,2153145,19521083082,normal,주식-국내,가능(검수전),pass,20260807,,,미커버(소형 운용사),가능,구조규칙
KR7114100001,114100,RISE 국고채3년,KTB INDEX(시장가격),106775,.04,553095165,100330780914,normal,채권,가능(검수전),pass,20260807,RISE,가능,확인완료(일치),가능,공식확인
KR7114260003,114260,KODEX 국고채3년,MKF 국고채지수(총수익),61905,.05,2156566150,506805776669,normal,채권,가능(검수전),pass,20260807,KODEX,가능,확인완료(일치),가능,공식확인
KR7114460009,114460,ACE 국고채3년,KTB INDEX(시장가격),100790,-.05,50129385,15125304318,normal,채권,가능(검수전),pass,20260807,ACE,가능,확인완료(일치),가능,공식확인
KR7114470008,114470,KIWOOM 국고채3년,KTB INDEX(시장가격),108110,0,75575980,52973160651,normal,채권,가능(검수전),pass,20260807,KIWOOM,가능,확인완료(일치),가능,공식확인
KR7114800006,114800,KODEX 인버스,코스피 200 선물지수,1137,.71,1452846353212,812812173370,inverse,주식-국내,불가,pass,20260807,KODEX,불가,확인완료(일치),불가,공식확인
KR7114820004,114820,TIGER 국채3년,KTB INDEX(시장가격),105225,.02,166599740,123097772795,normal,채권,가능(검수전),pass,20260807,TIGER,가능,확인완료(일치),가능,공식확인
KR7117460006,117460,KODEX 에너지화학,KRX 에너지화학,13700,5.91,513530532,29791752922,normal,주식-국내,가능(검수전),pass,20260807,KODEX,가능,확인완료(일치),가능,공식확인
KR7117680009,117680,KODEX 철강,KRX 철강,11985,.5,1303475536,25082653221,normal,주식-국내,가능(검수전),pass,20260807,KODEX,가능,확인완료(일치),가능,공식확인
KR7117690008,117690,TIGER 차이나항셍30,Hang Seng China (Hong Kong-listed) 30 Index,20315,-.12,12181543,10240884828,normal,주식-해외,가능(검수전),pass,20260807,TIGER,가능,확인완료(일치),가능,공식확인
KR7117700005,117700,KODEX 건설,KRX 건설,6500,-1.59,11123541419,180431991418,normal,주식-국내,가능(검수전),pass,20260807,KODEX,가능,확인완료(일치),가능,공식확인
KR7122090004,122090,PLUS 코스피50,코스피 50,73420,-1.05,2412657812,168929329002,normal,주식-국내,가능(검수전),pass,20260807,PLUS,가능,확인완료(일치),가능,공식확인
KR7122260003,122260,KIWOOM 통안채1년,MK 통안채지수(총수익),104050,-.01,8012280,32254800583,normal,금리·파킹,가능(검수전),pass,20260807,KIWOOM,가능,확인완료(일치),가능,공식확인
KR7122630007,122630,KODEX 레버리지,코스피 200,90690,-1.64,1553909610025,5039315545389,leverage,주식-국내,불가,pass,20260807,KODEX,불가,확인완료(일치),불가,공식확인
KR7123310005,123310,TIGER 인버스,코스피 200 선물지수,1265,.72,8489357988,57979753839,inverse,주식-국내,불가,pass,20260807,TIGER,불가,확인완료(일치),불가,공식확인
KR7123320004,123320,TIGER 레버리지,코스피 200,91455,-1.74,32996853119,218939779067,leverage,주식-국내,불가,pass,20260807,TIGER,불가,확인완료(일치),불가,공식확인
KR7130680002,130680,TIGER 원유선물Enhanced(H),S&P GSCI Crude Oil Enhanced Index ER,6305,2.94,317650950,13569973246,normal,원자재,불가,pass,20260807,TIGER,불가,확인완료(일치),불가,공식확인
KR7130730005,130730,KIWOOM 단기자금,MK 머니마켓 지수(총수익),102865,0,22529150,72108050603,normal,금리·파킹,가능(검수전),pass,20260807,KIWOOM,가능,확인완료(일치),가능,공식확인
KR7131890006,131890,ACE 삼성그룹동일가중,MKF SAMs EW 지수,39185,-.11,33589730,15766660543,normal,주식-국내,가능(검수전),pass,20260807,ACE,가능,확인완료(일치),가능,공식확인
KR7132030008,132030,KODEX 골드선물(H),S&P GSCI Gold Index(TR),24080,.52,857589140,338667802140,normal,원자재,불가,pass,20260807,KODEX,불가,확인완료(일치),불가,공식확인
KR7133690008,133690,TIGER 미국나스닥100,NASDAQ 100,184660,-.32,286431400384,11434355340306,normal,주식-해외,가능(검수전),pass,20260807,TIGER,가능,확인완료(일치),가능,공식확인
KR7136340007,136340,RISE 중기우량회사채,KOBI 크레딧 지수(총수익),104350,-.03,42680205,276270212097,normal,채권,가능(검수전),pass,20260807,RISE,가능,확인완료(일치),가능,공식확인
KR7137610002,137610,TIGER 농산물선물Enhanced(H),S&P GSCI Agriculture Enhanced Index(ER),5290,0,121030836,12154340299,normal,원자재,불가,pass,20260807,TIGER,불가,확인완료(일치),불가,공식확인
KR7138230008,138230,KIWOOM 미국달러선물,미국달러선물지수,16560,-.36,19157845,24036522014,normal,주식-해외,불가,pass,20260807,KIWOOM,불가,확인완료(일치),불가,공식확인
KR7138520002,138520,TIGER 삼성그룹,MKF SAMs FW,33870,.83,5015799520,136428552294,normal,주식-국내,가능(검수전),pass,20260807,TIGER,가능,확인완료(일치),가능,공식확인
KR7138530001,138530,TIGER LG그룹플러스,MKF LG그룹+ FW,12015,2.12,1713198163,81176411027,normal,주식-국내,가능(검수전),pass,20260807,TIGER,가능,확인완료(일치),가능,공식확인
KR7138540000,138540,TIGER 현대차그룹플러스,MKF 현대차그룹+ FW,51955,-.01,7920685966,673320550024,normal,주식-국내,가능(검수전),pass,20260807,TIGER,가능,확인완료(일치),가능,공식확인
KR7138910005,138910,KODEX 구리선물(H),S&P GSCI North American Copper Index(TR),10310,.29,521172423,33866321461,normal,원자재,불가,pass,20260807,KODEX,불가,확인완료(일치),불가,공식확인
KR7138920004,138920,KODEX 콩선물(H),S&P GSCI Soybeans Index(TR),11700,.34,3134895,5837563720,normal,원자재,불가,fail,20260807,KODEX,불가,확인완료(일치),불가,공식확인
KR7139220008,139220,TIGER 200 건설,코스피 200 건설,7295,-1.49,3318337836,125013522178,normal,주식-국내,가능(검수전),pass,20260807,TIGER,가능,확인완료(일치),가능,공식확인
KR7139230007,139230,TIGER 200 중공업,코스피 200 중공업,13295,.64,1811724571,261912657779,normal,주식-국내,가능(검수전),pass,20260807,TIGER,가능,확인완료(일치),가능,공식확인
KR7139240006,139240,TIGER 200 철강소재,코스피 200 철강/소재,10735,-1.29,441723972,8402911889,normal,주식-국내,가능(검수전),fail,20260807,TIGER,가능,확인완료(일치),가능,공식확인
KR7139250005,139250,TIGER 200 에너지화학,코스피 200 에너지/화학,17070,4.85,756361855,23177302973,normal,주식-국내,가능(검수전),pass,20260807,TIGER,가능,확인완료(일치),가능,공식확인
KR7139260004,139260,TIGER 200 IT,코스피 200 정보기술,120050,-.13,59620494854,2382046222676,normal,주식-국내,가능(검수전),pass,20260807,TIGER,가능,확인완료(일치),가능,공식확인
KR7139270003,139270,TIGER 200 금융,코스피 200 금융,16890,.54,685604174,30828172156,normal,주식-국내,가능(검수전),pass,20260807,TIGER,가능,확인완료(일치),가능,공식확인
KR7139280002,139280,TIGER 경기방어,코스피 200 경기방어소비재,13005,1.56,706380501,42731112899,normal,주식-국내,가능(검수전),pass,20260807,TIGER,가능,확인완료(일치),가능,공식확인
KR7139290001,139290,TIGER 200 경기소비재,코스피 200 경기소비재,26140,-1.88,786175625,6857889706,normal,주식-국내,가능(검수전),fail,20260807,TIGER,가능,확인완료(일치),가능,공식확인
KR7139320006,139320,TIGER 금은선물(H),S&P GSCI Precious Metals Index(TR),17940,.76,169906716,38963225775,normal,주식-해외,불가,pass,20260807,TIGER,불가,확인완료(일치),불가,공식확인
KR7139660005,139660,KIWOOM 미국달러선물인버스,미국달러선물지수,8155,-.06,341990,7120488304,inverse,주식-해외,불가,fail,20260807,KIWOOM,불가,확인완료(일치),불가,공식확인
KR7140570003,140570,RISE 수출주,MKF 수출주 지수,24875,1.59,12562520,9973489949,normal,주식-국내,가능(검수전),fail,20260807,RISE,가능,확인완료(일치),가능,공식확인
KR7140580002,140580,RISE 우량업종대표주,MKF 우량업종대표주 지수,23630,.3,5575530,11883596135,normal,주식-국내,가능(검수전),pass,20260807,RISE,가능,확인완료(일치),가능,공식확인
KR7140700006,140700,KODEX 보험,KRX 보험,19010,.58,1049051908,47469805412,normal,주식-국내,가능(검수전),pass,20260807,KODEX,가능,확인완료(일치),가능,공식확인
KR7140710005,140710,KODEX 운송,KRX 운송,6510,.54,133914919,11098406304,normal,주식-국내,가능(검수전),pass,20260807,KODEX,가능,확인완료(일치),가능,공식확인
KR7140950007,140950,파워 코스피100,코스피 100,77120,-1.19,59627020,43074856421,normal,주식-국내,가능(검수전),pass,20260807,,,미커버(소형 운용사),가능,구조규칙
KR7143850006,143850,TIGER 미국S&P500선물(H),S&P 500 Futures Index(ER),77840,-.35,96089152,91391444657,normal,주식-해외,불가,pass,20260807,TIGER,불가,확인완료(일치),불가,공식확인
KR7143860005,143860,TIGER 헬스케어,KRX 헬스케어,39500,1.61,1374866677,159130016981,normal,주식-국내,가능(검수전),pass,20260807,TIGER,가능,확인완료(일치),가능,공식확인
KR7144600004,144600,KODEX 은선물(H),S&P GSCI Silver Index(TR),10345,2.43,4936698485,743601864959,normal,원자재,불가,pass,20260807,KODEX,불가,확인완료(일치),불가,공식확인
KR7145670006,145670,ACE 인버스,코스피 200 선물지수,1433,-.35,199790516,3331831640,inverse,주식-국내,불가,fail,20260807,ACE,불가,확인완료(일치),불가,공식확인
KR7145850004,145850,TREX 펀더멘탈 200,FnGuide-RAFI 코리아200 지수,114075,.53,227945,28290079861,normal,주식-국내,가능(검수전),pass,20260807,,,미커버(소형 운용사),가능,구조규칙
KR7147970008,147970,TIGER 모멘텀,FnGuide 모멘텀 지수,78100,-1.28,1206979900,37661550880,normal,주식-국내,가능(검수전),pass,20260807,TIGER,가능,확인완료(일치),가능,공식확인
KR7148020001,148020,RISE 200,코스피 200,98845,-.86,143314597751,4189003248542,normal,주식-국내,가능(검수전),pass,20260807,RISE,가능,확인완료(일치),가능,공식확인
KR7148070006,148070,KIWOOM 국고채10년,KIS 10년 국고채 지수 (총수익),105350,-.06,408738510,409965576223,normal,채권,가능(검수전),pass,20260807,KIWOOM,가능,확인완료(일치),가능,공식확인
KR7150460004,150460,TIGER 중국소비테마,FnGuide 중국내수테마 지수,7600,1.81,153673872,58037504084,normal,주식-해외,가능(검수전),pass,20260807,TIGER,가능,확인완료(일치),가능,공식확인
KR7152100004,152100,PLUS 200,코스피 200,99810,-.71,19196103166,1377102097130,normal,주식-국내,가능(검수전),pass,20260807,PLUS,가능,확인완료(일치),가능,공식확인
KR7152380002,152380,KODEX 국채선물10년,10년국채선물지수,65330,-.21,43517205,20778397687,normal,채권,불가,pass,20260807,KODEX,불가,확인완료(일치),불가,공식확인
KR7152500005,152500,ACE 레버리지,코스피 200,37200,-1.68,1248305940,40829171650,leverage,주식-국내,불가,pass,20260807,ACE,불가,확인완료(일치),불가,공식확인
KR7152870002,152870,파워 200,코스피 200,98975,-1,318251215,138416943770,normal,주식-국내,가능(검수전),pass,20260807,,,미커버(소형 운용사),가능,구조규칙
KR7153130000,153130,KODEX 단기채권,KRW Cash 지수(총수익),113355,.01,1488822927,818239421044,normal,채권,가능(검수전),pass,20260807,KODEX,가능,확인완료(일치),가능,공식확인
KR7153270004,153270,KIWOOM 코스피100,코스피 100,75430,-.9,211235875,31814257893,normal,주식-국내,가능(검수전),pass,20260807,KIWOOM,가능,확인완료(일치),가능,공식확인
KR7156080004,156080,KODEX MSCI Korea,MSCI Korea Index,46205,-1.72,270911910,27870843871,normal,주식-국내,가능(검수전),pass,20260807,KODEX,가능,확인완료(일치),가능,공식확인
KR7157450008,157450,TIGER 단기통안채,KIS MSB 6M(총수익),112360,.01,1028810820,1255249851625,normal,금리·파킹,가능(검수전),pass,20260807,TIGER,가능,확인완료(일치),가능,공식확인
KR7157490004,157490,TIGER 소프트웨어,FnGuide 소프트웨어 지수,8595,-1.09,3259540320,81575357972,normal,주식-국내,가능(검수전),pass,20260807,TIGER,가능,확인완료(일치),가능,공식확인
KR7157500000,157500,TIGER 증권,FnGuide 증권 지수,12450,-4.08,7281159468,226942553096,normal,주식-국내,가능(검수전),pass,20260807,TIGER,가능,확인완료(일치),가능,공식확인
KR7159800002,159800,마이티 코스피100,코스피 100,77690,-.59,1402310,21740835524,normal,주식-국내,가능(검수전),pass,20260807,,,미커버(소형 운용사),가능,구조규칙
KR7160580007,160580,TIGER 구리실물,S&P GSCI Cash Copper Index,16830,.69,1687573101,174415287773,normal,원자재,가능(검수전),pass,20260807,TIGER,가능,확인완료(일치),가능,공식확인
KR7161510003,161510,PLUS 고배당주,FnGuide 배당주 지수,25130,.54,12912830468,2395477288608,normal,주식-국내,가능(검수전),pass,20260807,PLUS,가능,확인완료(일치),가능,공식확인
KR7166400002,166400,TIGER 200커버드콜OTM,코스피 200 커버드콜 5% OTM,21185,-.89,11070185,10675377424,normal,주식-국내,가능(검수전),pass,20260807,TIGER,가능,확인완료(일치),가능,공식확인
KR7167860006,167860,KIWOOM 국고채10년레버리지,KIS 10년 국고채 지수 (총수익),93615,-1.19,11608090,27092210578,leverage,채권,불가,pass,20260807,KIWOOM,불가,확인완료(일치),불가,공식확인
KR7168580009,168580,ACE 중국본토CSI300,CSI 300 Index,35820,1.19,636541630,111295574365,normal,주식-해외,가능(검수전),pass,20260807,ACE,가능,확인완료(일치),가능,공식확인
KR7169950003,169950,KODEX 차이나A50,FTSE China A50 Index,26480,1.48,11115315,21219326651,normal,주식-해외,가능(검수전),pass,20260807,KODEX,가능,확인완료(일치),가능,공식확인
KR7174350009,174350,TIGER 로우볼,FnGuide Low Vol 지수,21170,1.9,765991340,8512051787,normal,주식-국내,가능(검수전),fail,20260807,TIGER,가능,확인완료(일치),가능,공식확인
KR7174360008,174360,RISE 중국본토대형주CSI100,CSI A100,24500,.8,40327455,34120561010,normal,주식-해외,가능(검수전),pass,20260807,RISE,가능,확인완료(일치),가능,공식확인
KR7176950004,176950,KODEX 국채선물10년인버스,10년국채선물지수,59810,.13,12682020,12572644190,inverse,채권,불가,pass,20260807,KODEX,불가,확인완료(일치),불가,공식확인
KR7181480005,181480,ACE 미국부동산리츠(합성 H),Dow Jones U.S. Real Estate Index,85145,-1.08,257000,10295423976,normal,리츠·인프라,가능(검수전),pass,20260807,ACE,가능,확인완료(일치),가능,공식확인
KR7182480004,182480,TIGER 미국MSCI리츠(합성 H),MSCI US REIT Index,14045,-.14,144873295,131949971069,normal,리츠·인프라,가능(검수전),pass,20260807,TIGER,가능,확인완료(일치),가능,공식확인
KR7182490003,182490,TIGER 단기선진하이일드(합성 H),iBoxx USD Liquid High Yield 0-5 year Index,13895,.04,3583855,8309239185,normal,채권,가능(검수전),fail,20260807,TIGER,가능,확인완료(일치),가능,공식확인
KR7183700004,183700,RISE 200채권혼합50,코스피 200 KTB 혼합지수,92220,-.17,184608722,38621595460,normal,채권,가능(검수전),pass,20260807,RISE,가능,확인완료(일치),가능,공식확인
KR7183710003,183710,RISE 주식혼합,주식국채혼합(주식형)지수,86455,-.21,13469620,17284973266,normal,채권,가능(검수전),pass,20260807,RISE,가능,확인완료(일치),가능,공식확인
KR7185680006,185680,KODEX 미국S&P바이오(합성),S&P Biotechnology Select Industry Index,46695,.93,47957006,24886376106,normal,주식-해외,가능(검수전),pass,20260807,KODEX,가능,확인완료(일치),가능,공식확인
KR7189400005,189400,PLUS 글로벌MSCI(합성 H),MSCI ACWI Index,25990,-.42,1815915,7787670125,normal,주식-해외,가능(검수전),fail,20260807,PLUS,가능,확인완료(일치),가능,공식확인
KR7190620005,190620,ACE 단기통안채,KIS MSB 단기지수(총수익),101835,.01,4208524995,291351545875,normal,금리·파킹,가능(검수전),pass,20260807,ACE,가능,확인완료(일치),가능,공식확인
KR7192090009,192090,TIGER 차이나CSI300,CSI 300 Index,12985,.82,226271890,136839323112,normal,주식-해외,가능(검수전),pass,20260807,TIGER,가능,확인완료(일치),가능,공식확인
KR7192720001,192720,파워 고배당저변동성,코스피 200 고배당지수,59450,1.68,72931637,30349921458,normal,주식-국내,가능(검수전),pass,20260807,,,미커버(소형 운용사),가능,구조규칙
KR7195920004,195920,TIGER 일본TOPIX(합성 H),TOPIX,34975,.45,16114294,17498974351,normal,주식-해외,가능(검수전),pass,20260807,TIGER,가능,확인완료(일치),가능,공식확인
KR7195930003,195930,TIGER 유로스탁스50(합성 H),EURO STOXX 50 Index,24030,.75,183284350,38296325982,normal,주식-해외,가능(검수전),pass,20260807,TIGER,가능,확인완료(일치),가능,공식확인
KR7195970009,195970,PLUS 선진국MSCI(합성 H),MSCI EAFE Index,16515,.06,50483040,24245119846,normal,주식-해외,가능(검수전),pass,20260807,PLUS,가능,확인완료(일치),가능,공식확인
KR7195980008,195980,PLUS 신흥국MSCI(합성 H),MSCI EM Index,14765,-.51,123151294,95473696979,normal,주식-해외,가능(검수전),pass,20260807,PLUS,가능,확인완료(일치),가능,공식확인
KR7196030001,196030,ACE 일본TOPIX레버리지(H),TOPIX,89000,.58,7338914,44278784777,leverage,주식-해외,불가,pass,20260807,ACE,불가,확인완료(일치),불가,공식확인
KR7196230007,196230,RISE 단기통안채,KIS 통안채 5개월 지수(총수익),116720,-.03,104137034,249511616513,normal,금리·파킹,가능(검수전),pass,20260807,RISE,가능,확인완료(일치),가능,공식확인
KR7200030005,200030,KODEX 미국S&P500산업재(합성),S&P Select Sector Industrial Index,44830,-1.69,48637205,50953723478,normal,주식-해외,가능(검수전),pass,20260807,KODEX,가능,확인완료(일치),가능,공식확인
KR7200250009,200250,KIWOOM 인도Nifty50(합성),Nifty 50 Index,22580,-.33,88329337,179040446415,normal,주식-해외,가능(검수전),pass,20260807,KIWOOM,가능,확인완료(일치),가능,공식확인
KR7203780002,203780,TIGER 미국나스닥바이오,NASDAQ Biotechnology 지수(시장가격지수),34150,.68,462011864,97076710653,normal,주식-해외,가능(검수전),pass,20260807,TIGER,가능,확인완료(일치),가능,공식확인
KR7204450001,204450,KODEX 차이나H레버리지(H),Hang Seng China H,2360,.64,163158250,23934186960,leverage,주식-해외,불가,pass,20260807,KODEX,불가,확인완료(일치),불가,공식확인
KR7204480008,204480,TIGER 차이나CSI300레버리지(합성),CSI 300 Index,26890,1.49,66826882,99217416872,leverage,주식-해외,불가,pass,20260807,TIGER,불가,확인완료(일치),불가,공식확인
KR7205720006,205720,ACE 일본TOPIX인버스(합성 H),TOPIX,1464,-.61,2869278,4422305643,inverse,주식-해외,불가,fail,20260807,ACE,불가,확인완료(일치),불가,공식확인
KR7210780003,210780,TIGER 코스피고배당,코스피 고배당 50,23325,1.24,288132212,76994587549,normal,주식-국내,가능(검수전),pass,20260807,TIGER,가능,확인완료(일치),가능,공식확인
KR7211560008,211560,TIGER 배당성장,코스피 배당성장 50,35520,.78,131519328,74906375848,normal,주식-국내,가능(검수전),pass,20260807,TIGER,가능,확인완료(일치),가능,공식확인
KR7211900006,211900,KODEX 코리아배당성장,코스피 배당성장 50,28340,.64,1399975159,94046725347,normal,주식-국내,가능(검수전),pass,20260807,KODEX,가능,확인완료(일치),가능,공식확인
KR7213610009,213610,KODEX 삼성그룹밸류,WISE 삼성그룹 밸류 인덱스,21245,0,302188159,253259828005,normal,주식-국내,가능(검수전),pass,20260807,KODEX,가능,확인완료(일치),가능,공식확인
KR7213630007,213630,PLUS 미국다우존스고배당주(합성 H),Dow Jones U.S Select Dividend Index(시장가격지수),20825,.02,75762410,19181229586,normal,주식-해외,가능(검수전),pass,20260807,PLUS,가능,확인완료(일치),가능,공식확인
KR7214980005,214980,KODEX 단기채권PLUS,KRW Cash PLUS 지수(총수익),114710,.03,5296842103,1850191184935,normal,채권,가능(검수전),pass,20260807,KODEX,가능,확인완료(일치),가능,공식확인
KR7215620006,215620,HK S&P코리아로우볼,S&P Korea 저변동성 지수,16200,1.57,0,8832816033,normal,주식-해외,가능(검수전),fail,20260807,,,미커버(소형 운용사),가능,구조규칙
KR7217770007,217770,TIGER 원유선물인버스(H),S&P GSCI Crude Oil Index ER,1398,-3.12,285200466,22159853431,inverse,원자재,불가,pass,20260807,TIGER,불가,확인완료(일치),불가,공식확인
KR7217780006,217780,TIGER 차이나CSI300인버스(합성),CSI 300 Index,5225,-1.32,1123000,8254025517,inverse,주식-해외,불가,fail,20260807,TIGER,불가,확인완료(일치),불가,공식확인
KR7218420008,218420,KODEX 미국S&P500에너지(합성),S&P Select Sector Energy Index,19105,.08,1676371120,46959677076,normal,주식-해외,가능(검수전),pass,20260807,KODEX,가능,확인완료(일치),가능,공식확인
KR7219390002,219390,RISE 미국S&P원유생산기업(합성 H),S&P Oil & Gas Exploration & Production Select Industry Index(PR),7240,.28,611114080,14850814002,normal,원자재,가능(검수전),pass,20260807,RISE,가능,확인완료(일치),가능,공식확인
KR7219480001,219480,KODEX 미국S&P500선물(H),S&P 500 Futures Total Return Index,33275,-.31,326176010,149629931759,normal,주식-해외,불가,pass,20260807,KODEX,불가,확인완료(일치),불가,공식확인
KR7219900008,219900,ACE 중국본토CSI300레버리지(합성),CSI 300 Index,4575,2.01,3289745,6363006378,leverage,주식-해외,불가,fail,20260807,ACE,불가,확인완료(일치),불가,공식확인
KR7220130009,220130,SOL 차이나강소기업CSI500(합성 H),CSI 500 지수,6935,2.29,8469195,5476891129,normal,주식-해외,가능(검수전),fail,20260807,SOL,가능,확인완료(일치),가능,공식확인
KR7223190000,223190,KODEX 200가치저변동,코스피 200 가치저변동성,27255,1.57,64616105,27205791222,normal,주식-국내,가능(검수전),pass,20260807,KODEX,가능,확인완료(일치),가능,공식확인
KR7225030006,225030,TIGER 미국S&P500선물인버스(H),S&P 500 Futures Total Return Index,2250,.9,50898302,3814164826,inverse,주식-해외,불가,fail,20260807,TIGER,불가,확인완료(일치),불가,공식확인
KR7225040005,225040,TIGER 미국S&P500레버리지(합성 H),S&P 500,68505,-.33,492131561,56028212688,leverage,주식-해외,불가,pass,20260807,TIGER,불가,확인완료(일치),불가,공식확인
KR7225050004,225050,TIGER 유로스탁스레버리지(합성 H),EURO STOXX 50 Index,17015,1.89,5663430,7702499067,leverage,주식-해외,불가,fail,20260807,TIGER,불가,확인완료(일치),불가,공식확인
KR7225060003,225060,TIGER 이머징마켓MSCI레버리지(합성 H),MSCI EM Index,15440,-1.84,3753555,16470016349,leverage,주식-해외,불가,pass,20260807,TIGER,불가,확인완료(일치),불가,공식확인
KR7225130004,225130,ACE 골드선물 레버리지(합성 H),S&P GSCI GOLD Index Excess Return,47000,2.17,318380875,22990483713,leverage,원자재,불가,pass,20260807,ACE,불가,확인완료(일치),불가,공식확인
KR7225800002,225800,KIWOOM 미국달러선물레버리지,미국달러선물지수,15795,-.22,5120535,8062152484,leverage,주식-해외,불가,fail,20260807,KIWOOM,불가,확인완료(일치),불가,공식확인
KR7226380004,226380,ACE Fn성장소비주도주,FnGuide 성장소비주도 지수,5995,2.48,14794145,4187623907,normal,주식-국내,가능(검수전),fail,20260807,ACE,가능,확인완료(일치),가능,공식확인
KR7226490001,226490,KODEX 코스피,코스피,64285,-.25,13205342282,1009432395616,normal,주식-국내,가능(검수전),pass,20260807,KODEX,가능,확인완료(일치),가능,공식확인
KR7226980001,226980,KODEX 200 중소형,코스피 200 중소형주지수,22270,1.69,143830400,19963441582,normal,주식-국내,가능(검수전),pass,20260807,KODEX,가능,확인완료(일치),가능,공식확인
KR7227540002,227540,TIGER 200 헬스케어,코스피 200 헬스케어,19565,2.09,934161582,34162598075,normal,주식-국내,가능(검수전),pass,20260807,TIGER,가능,확인완료(일치),가능,공식확인
KR7227550001,227550,TIGER 200 산업재,코스피 200 산업재,12140,2.58,349085775,4145234181,normal,주식-국내,가능(검수전),fail,20260807,TIGER,가능,확인완료(일치),가능,공식확인
KR7227560000,227560,TIGER 200 생활소비재,코스피 200 생활소비재,13340,2.22,566234112,3204390938,normal,주식-국내,가능(검수전),fail,20260807,TIGER,가능,확인완료(일치),가능,공식확인
KR7227570009,227570,TIGER 우량가치,FnGuide 퀄리티밸류 지수,20865,1.09,888656832,7559088917,normal,주식-국내,가능(검수전),fail,20260807,TIGER,가능,확인완료(일치),가능,공식확인
KR7227830007,227830,PLUS 코스피,코스피,64810,-.15,15364935,16191963746,normal,주식-국내,가능(검수전),pass,20260807,PLUS,가능,확인완료(일치),가능,공식확인
KR7228790002,228790,TIGER 화장품,WISE 화장품 지수,4165,.6,33984751250,253582933255,normal,주식-국내,가능(검수전),pass,20260807,TIGER,가능,확인완료(일치),가능,공식확인
KR7228800009,228800,TIGER 여행레저,WISE 여행레저 지수,2610,.19,206429119,67778735592,normal,주식-국내,가능(검수전),pass,20260807,TIGER,가능,확인완료(일치),가능,공식확인
KR7228810008,228810,TIGER 미디어컨텐츠,WISE 미디어컨텐츠 지수,3415,1.79,1131433435,80471022134,normal,주식-국내,가능(검수전),pass,20260807,TIGER,가능,확인완료(일치),가능,공식확인
KR7228820007,228820,TIGER KTOP30,KTOP 30,17465,.11,1121313110,17465580154,normal,주식-국내,가능(검수전),pass,20260807,TIGER,가능,확인완료(일치),가능,공식확인
KR7229200001,229200,KODEX 코스닥150,코스닥 150,13605,.18,338477669040,4809177257595,normal,주식-국내,가능(검수전),pass,20260807,KODEX,가능,확인완료(일치),가능,공식확인
KR7229720008,229720,KODEX KTOP30,KTOP 30,34330,-.68,62960265,17301926156,normal,주식-국내,가능(검수전),pass,20260807,KODEX,가능,확인완료(일치),가능,공식확인
KR7230480006,230480,KIWOOM 미국달러선물인버스2X,미국달러선물지수,4400,.57,3566070,8860180583,inverse,주식-해외,불가,fail,20260807,KIWOOM,불가,확인완료(일치),불가,공식확인
KR7232080002,232080,TIGER 코스닥150,코스닥 150,13890,.25,29302640079,1288813434235,normal,주식-국내,가능(검수전),pass,20260807,TIGER,가능,확인완료(일치),가능,공식확인
KR7233160001,233160,TIGER 코스닥150 레버리지,코스닥 150,7345,.48,16520019241,167951833770,leverage,주식-국내,불가,pass,20260807,TIGER,불가,확인완료(일치),불가,공식확인
KR7233740000,233740,KODEX 코스닥150레버리지,코스닥 150,6650,.53,775604293466,3510849458366,leverage,주식-국내,불가,pass,20260807,KODEX,불가,확인완료(일치),불가,공식확인
KR7234310001,234310,RISE V&S셀렉트밸류,FnGuide 셀렉트 밸류 지수,27005,-.28,681205,13559360394,normal,주식-국내,가능(검수전),pass,20260807,RISE,가능,확인완료(일치),가능,공식확인
KR7236350005,236350,TIGER 인도니프티50레버리지(합성),Nifty 50 Index,30850,-1.99,9173975,19126059458,leverage,주식-해외,불가,pass,20260807,TIGER,불가,확인완료(일치),불가,공식확인
KR7237350004,237350,KODEX 코스피100,코스피 100,78345,-.33,18802315447,883021368922,normal,주식-국내,가능(검수전),pass,20260807,KODEX,가능,확인완료(일치),가능,공식확인
KR7237370002,237370,KODEX 코리아배당성장채권혼합,배당성장채권혼합지수,15810,.38,748559635,164472518530,normal,채권,가능(검수전),pass,20260807,KODEX,가능,확인완료(일치),가능,공식확인
KR7237440003,237440,TIGER 경기방어채권혼합,경기방어소비재 채권혼합 지수,10390,1.46,162072092,10379219936,normal,채권,가능(검수전),pass,20260807,TIGER,가능,확인완료(일치),가능,공식확인
KR7238670004,238670,PLUS 스마트베타Quality채권혼합,WISE-KAP 스마트베타 Quality 채권혼합지수,13380,-.19,2665550,4053744382,normal,채권,가능(검수전),fail,20260807,PLUS,가능,확인완료(일치),가능,공식확인
KR7238720007,238720,ACE 일본Nikkei225(H),Nikkei 225,47490,-1.03,132983341,43012121767,normal,주식-해외,가능(검수전),pass,20260807,ACE,가능,확인완료(일치),가능,공식확인
KR7239660004,239660,PLUS 우량회사채50,KOBI HALF CREDIT Index(총수익),121555,-.01,81818440,21883303965,normal,채권,가능(검수전),pass,20260807,PLUS,가능,확인완료(일치),가능,공식확인
KR7241180009,241180,TIGER 일본니케이225,Nikkei 225,35435,-.67,921184913,389515502327,normal,주식-해외,가능(검수전),pass,20260807,TIGER,가능,확인완료(일치),가능,공식확인
KR7241390004,241390,RISE V&S셀렉트밸류채권혼합,FnGuide 셀렉트벨류 채권혼합지수,15345,.2,64996845,34006344856,normal,채권,가능(검수전),pass,20260807,RISE,가능,확인완료(일치),가능,공식확인
KR7243880002,243880,TIGER 200IT레버리지,코스피 200 정보기술,261600,-.44,53461716403,364606558181,leverage,주식-국내,불가,pass,20260807,TIGER,불가,확인완료(일치),불가,공식확인
KR7243890001,243890,TIGER 200에너지화학레버리지,코스피 200 에너지/화학,7850,7.61,143383060,4123097004,leverage,주식-국내,불가,fail,20260807,TIGER,불가,확인완료(일치),불가,공식확인
KR7244580007,244580,KODEX 바이오,FnGuide 바이오 지수,8730,.23,6158243053,228997092724,normal,주식-국내,가능(검수전),pass,20260807,KODEX,가능,확인완료(일치),가능,공식확인
KR7244620001,244620,KODEX 모멘텀Plus,FnGuide 모멘텀 Plus 지수,18605,-1.14,10348775,13102326119,normal,주식-국내,가능(검수전),pass,20260807,KODEX,가능,확인완료(일치),가능,공식확인
KR7244660007,244660,KODEX 퀄리티Plus,FnGuide 퀄리티 Plus 지수,9515,1.06,1731085,4790979022,normal,주식-국내,가능(검수전),fail,20260807,KODEX,가능,확인완료(일치),가능,공식확인
KR7244670006,244670,KODEX 밸류Plus,FnGuide 벨류 Plus 지수,11570,1.85,36411515,6989131122,normal,주식-국내,가능(검수전),fail,20260807,KODEX,가능,확인완료(일치),가능,공식확인
KR7245340005,245340,TIGER 미국다우존스30,Dow Jones Industrial Average,37165,-1.64,815171221,147036128463,normal,주식-해외,가능(검수전),pass,20260807,TIGER,가능,확인완료(일치),가능,공식확인
KR7245350004,245350,TIGER 유로스탁스배당30,Euro STOXX Select Dividend 30,19970,.55,55337582,31712573061,normal,주식-해외,가능(검수전),pass,20260807,TIGER,가능,확인완료(일치),가능,공식확인
KR7245360003,245360,TIGER 차이나HSCEI,Hang Seng China H,12660,-.24,48729365,27280955870,normal,주식-해외,가능(검수전),pass,20260807,TIGER,가능,확인완료(일치),가능,공식확인
KR7245710009,245710,ACE 베트남VN30(합성),VN30 Index(PR),28735,-.5,587161984,283603052091,normal,주식-해외,가능(검수전),pass,20260807,ACE,가능,확인완료(일치),가능,공식확인
KR7248270001,248270,TIGER S&P글로벌헬스케어(합성),S&P Global 1200 Health Care Index,26740,-.41,124187885,30153661255,normal,주식-해외,가능(검수전),pass,20260807,TIGER,가능,확인완료(일치),가능,공식확인
KR7250730009,250730,RISE 차이나HSCEI(H),Hang Seng China H,10050,.95,35176910,17108931433,normal,주식-해외,가능(검수전),pass,20260807,RISE,가능,확인완료(일치),가능,공식확인
KR7250780004,250780,TIGER 코스닥150선물인버스,F-코스닥150 지수,2555,.2,1167142855,5602974429,inverse,주식-국내,불가,fail,20260807,TIGER,불가,확인완료(일치),불가,공식확인
KR7251340006,251340,KODEX 코스닥150선물인버스,F-코스닥150 지수,2520,-.2,164729175077,135305547417,inverse,주식-국내,불가,pass,20260807,KODEX,불가,확인완료(일치),불가,공식확인
KR7251350005,251350,KODEX MSCI선진국,MSCI World,40295,-.44,1821706324,512587817874,normal,주식-해외,가능(검수전),pass,20260807,KODEX,가능,확인완료(일치),가능,공식확인
KR7251590006,251590,PLUS 고배당저변동50,FnGuide 고배당저변동50 지수,17320,1.58,129431444,12157771056,normal,주식-국내,가능(검수전),pass,20260807,PLUS,가능,확인완료(일치),가능,공식확인
KR7251600003,251600,PLUS 고배당주채권혼합,FnGuide 고배당 채권혼합 지수,15450,.36,2784515053,596696028016,normal,채권,가능(검수전),pass,20260807,PLUS,가능,확인완료(일치),가능,공식확인
KR7252000005,252000,TIGER 200동일가중,코스피 200 동일가중지수,19345,1.31,702805117,9687622928,normal,주식-국내,가능(검수전),fail,20260807,TIGER,가능,확인완료(일치),가능,공식확인
KR7252400007,252400,RISE 200선물레버리지,코스피 200 선물지수,84125,-1.73,1579923450,58853998185,leverage,주식-국내,불가,pass,20260807,RISE,불가,확인완료(일치),불가,공식확인
KR7252410006,252410,RISE 200선물인버스,코스피 200 선물지수,1475,.48,30819109,2804245309,inverse,주식-국내,불가,fail,20260807,RISE,불가,확인완료(일치),불가,공식확인
KR7252420005,252420,RISE 200선물인버스2X,코스피 200 선물지수,103,-.96,330054023,5129618777,inverse,주식-국내,불가,fail,20260807,RISE,불가,확인완료(일치),불가,공식확인
KR7252650007,252650,KODEX 200동일가중,코스피 200 동일가중지수,18465,.57,395925617,11104684818,normal,주식-국내,가능(검수전),pass,20260807,KODEX,가능,확인완료(일치),가능,공식확인
KR7252670005,252670,KODEX 200선물인버스2X,코스피 200 선물지수,97,1.04,916461840402,781035171842,inverse,주식-국내,불가,pass,20260807,KODEX,불가,확인완료(일치),불가,공식확인
KR7252710009,252710,TIGER 200선물인버스2X,코스피 200 선물지수,104,-.95,18074422191,30286957015,inverse,주식-국내,불가,pass,20260807,TIGER,불가,확인완료(일치),불가,공식확인
KR7253150007,253150,PLUS 200선물레버리지,코스피 200 선물지수,168450,-1.6,6094385552,42067118185,leverage,주식-국내,불가,pass,20260807,PLUS,불가,확인완료(일치),불가,공식확인
KR7253160006,253160,PLUS 200선물인버스2X,코스피 200 선물지수,197,.51,118976581,1364811378,inverse,주식-국내,불가,fail,20260807,PLUS,불가,확인완료(일치),불가,공식확인
KR7253230007,253230,KIWOOM 200선물인버스2X,코스피 200 선물지수,97,0,303150394,2780239219,inverse,주식-국내,불가,fail,20260807,KIWOOM,불가,확인완료(일치),불가,공식확인
KR7253240006,253240,KIWOOM 200선물인버스,코스피 200 선물지수,1476,.68,159276700,1803738798,inverse,주식-국내,불가,fail,20260807,KIWOOM,불가,확인완료(일치),불가,공식확인
KR7253250005,253250,KIWOOM 200선물레버리지,코스피 200 선물지수,82915,-1.46,2785899210,28175022599,leverage,주식-국내,불가,pass,20260807,KIWOOM,불가,확인완료(일치),불가,공식확인
KR7253280002,253280,RISE 헬스케어,FnGuide 헬스케어 지수,13595,1.27,19388627,7469214396,normal,주식-국내,가능(검수전),fail,20260807,RISE,가능,확인완료(일치),가능,공식확인
KR7253290001,253290,RISE 헬스케어채권혼합,FnGuide 헬스케어 채권혼합 지수,11875,.38,144418630,21442452031,normal,채권,가능(검수전),pass,20260807,RISE,가능,확인완료(일치),가능,공식확인
KR7256440009,256440,ACE MSCI인도네시아(합성),MSCI Indonesia Index,5485,-.63,217592120,33147006779,normal,주식-해외,가능(검수전),pass,20260807,ACE,가능,확인완료(일치),가능,공식확인
KR7256450008,256450,PLUS 심천차이넥스트(합성),SZSE ChiNext Price Index,15960,2.27,15115630,7931883156,normal,주식-해외,가능(검수전),fail,20260807,PLUS,가능,확인완료(일치),가능,공식확인
KR7256750001,256750,KODEX 차이나심천ChiNext(합성),SZSE ChiNext Price Index,16305,.34,266216221,49660310260,normal,주식-해외,가능(검수전),pass,20260807,KODEX,가능,확인완료(일치),가능,공식확인
KR7261060008,261060,TIGER 코스닥150IT,코스닥 150 정보기술,20640,-2.66,1191894413,23864644229,normal,주식-국내,가능(검수전),pass,20260807,TIGER,가능,확인완료(일치),가능,공식확인
KR7261070007,261070,TIGER 코스닥150바이오테크,코스닥 150 헬스케어,13305,2.35,3809155511,58974942741,normal,주식-국내,가능(검수전),pass,20260807,TIGER,가능,확인완료(일치),가능,공식확인
KR7261110001,261110,TIGER 미국달러선물레버리지,미국달러선물지수,16790,-.91,28466815,8395728365,leverage,주식-해외,불가,fail,20260807,TIGER,불가,확인완료(일치),불가,공식확인
KR7261120000,261120,TIGER 미국달러선물인버스2X,미국달러선물지수,5035,.7,56287215,42321598211,inverse,주식-해외,불가,pass,20260807,TIGER,불가,확인완료(일치),불가,공식확인
KR7261140008,261140,TIGER 우선주,코스피 우선주 지수,23500,.69,146835897,31852369902,normal,주식-국내,가능(검수전),pass,20260807,TIGER,가능,확인완료(일치),가능,공식확인
KR7261220008,261220,KODEX WTI원유선물(H),S&P GSCI Crude Oil Index ER,21610,3.13,2313540574,48367962807,normal,원자재,불가,pass,20260807,KODEX,불가,확인완료(일치),불가,공식확인
KR7261240006,261240,KODEX 미국달러선물,미국달러선물지수,14610,-.38,505352108,58776128500,normal,주식-해외,불가,pass,20260807,KODEX,불가,확인완료(일치),불가,공식확인
KR7261250005,261250,KODEX 미국달러선물레버리지,미국달러선물지수,16715,-.95,1636036787,27469700943,leverage,주식-해외,불가,pass,20260807,KODEX,불가,확인완료(일치),불가,공식확인
KR7261260004,261260,KODEX 미국달러선물인버스2X,미국달러선물지수,5075,1.1,1890101698,238014594181,inverse,주식-해외,불가,pass,20260807,KODEX,불가,확인완료(일치),불가,공식확인
KR7261270003,261270,KODEX 미국달러선물인버스,미국달러선물지수,7875,.32,578668210,108754415391,inverse,주식-해외,불가,pass,20260807,KODEX,불가,확인완료(일치),불가,공식확인
KR7261920003,261920,ACE MSCI필리핀(합성),MSCI Philippines IMI Index,13305,.53,6143745,5319317895,normal,주식-해외,가능(검수전),fail,20260807,ACE,가능,확인완료(일치),가능,공식확인
KR7265690008,265690,ACE 러시아MSCI(합성),MSCI Russia 25% Capped Price Return Index,8535,0,0,89427015,normal,주식-해외,가능(검수전),fail,20260807,ACE,가능,확인완료(일치),가능,공식확인
KR7266160001,266160,RISE 고배당,FnGuide 고배당포커스 지수,30585,-1.05,369441670,196171096840,normal,주식-국내,가능(검수전),pass,20260807,RISE,가능,확인완료(일치),가능,공식확인
KR7266360007,266360,KODEX K콘텐츠,KRX K콘텐츠,10370,.29,669390037,33167401460,normal,주식-국내,가능(검수전),pass,20260807,KODEX,가능,확인완료(일치),가능,공식확인
KR7266370006,266370,KODEX IT,KRX 정보기술,58500,-.47,7520298129,99468321188,normal,주식-국내,가능(검수전),pass,20260807,KODEX,가능,확인완료(일치),가능,공식확인
KR7266390004,266390,KODEX 경기소비재,KRX 경기소비재,14750,.07,41416925,13230685639,normal,주식-국내,가능(검수전),pass,20260807,KODEX,가능,확인완료(일치),가능,공식확인
KR7266410000,266410,KODEX 필수소비재,KRX 필수소비재,9945,2.84,299134379,13878071161,normal,주식-국내,가능(검수전),pass,20260807,KODEX,가능,확인완료(일치),가능,공식확인
KR7266420009,266420,KODEX 헬스케어,KRX 헬스케어,17970,2.63,603036959,71887228224,normal,주식-국내,가능(검수전),pass,20260807,KODEX,가능,확인완료(일치),가능,공식확인
KR7266550003,266550,PLUS 중형주저변동50,FnGuide 중형주저변동50지수,18605,.4,1475115,4712737761,normal,주식-국내,가능(검수전),fail,20260807,PLUS,가능,확인완료(일치),가능,공식확인
KR7267440006,267440,RISE 미국장기국채선물(H),S&P U.S. Treasury Bond Futures Excess Return Index,7935,-2.28,2089895,4851376184,normal,채권,불가,fail,20260807,RISE,불가,확인완료(일치),불가,공식확인
KR7267450005,267450,RISE 미국장기국채선물인버스(H),S&P U.S. Treasury Bond Futures Excess Return Index,11080,.73,0,5563641457,inverse,채권,불가,fail,20260807,RISE,불가,확인완료(일치),불가,공식확인
KR7267490001,267490,RISE 미국장기국채선물레버리지(합성 H),S&P U.S. Treasury Bond Futures Excess Return Index,4955,-2.75,159050,3521645167,leverage,채권,불가,fail,20260807,RISE,불가,확인완료(일치),불가,공식확인
KR7267770006,267770,TIGER 200선물레버리지,코스피 200 선물지수,69585,-1.47,12214083724,166714493314,leverage,주식-국내,불가,pass,20260807,TIGER,불가,확인완료(일치),불가,공식확인
KR7269370003,269370,TIGER S&P글로벌인프라(합성),S&P Global Infrastructure Index,17770,.48,5272030,12433132505,normal,리츠·인프라,가능(검수전),pass,20260807,TIGER,가능,확인완료(일치),가능,공식확인
KR7269420006,269420,KODEX S&P글로벌인프라(합성),S&P Global Infrastructure Index,22980,-.09,25384642,24532892058,normal,리츠·인프라,가능(검수전),pass,20260807,KODEX,가능,확인완료(일치),가능,공식확인
KR7269530002,269530,PLUS S&P글로벌인프라,S&P Global Infrastructure Index,20810,.56,26949245,12433801650,normal,리츠·인프라,가능(검수전),pass,20260807,PLUS,가능,확인완료(일치),가능,공식확인
KR7269540001,269540,PLUS 미국S&P500(H),S&P 500,30250,-.23,492789450,90572553893,normal,주식-해외,가능(검수전),pass,20260807,PLUS,가능,확인완료(일치),가능,공식확인
KR7270800006,270800,RISE KQ고배당,FnGuide KQ고배당포커스 지수,15470,.75,1021309,8480737038,normal,주식-국내,가능(검수전),fail,20260807,RISE,가능,확인완료(일치),가능,공식확인
KR7270810005,270810,RISE 코스닥150,코스닥 150,13535,.19,3634713321,308623335363,normal,주식-국내,가능(검수전),pass,20260807,RISE,가능,확인완료(일치),가능,공식확인
KR7271050007,271050,KODEX WTI원유선물인버스(H),S&P GSCI Crude Oil Index ER,2200,-3.08,2068725000,142608383878,inverse,원자재,불가,pass,20260807,KODEX,불가,확인완료(일치),불가,공식확인
KR7271060006,271060,KODEX 3대농산물선물(H),S&P GSCI Grains Select Index ER,8070,.25,164606051,29166516067,normal,원자재,불가,pass,20260807,KODEX,불가,확인완료(일치),불가,공식확인
KR7272560004,272560,RISE 단기국공채액티브,KIS 종합채권국공채3M~1.5Y지수,114720,0,204449675,156809084141,normal,채권,가능(검수전),pass,20260807,RISE,가능,확인완료(일치),가능,공식확인
KR7272570003,272570,RISE 중장기국공채액티브,KIS 종합채권국공채4~5Y지수,108225,-.04,541175,6273751469,normal,채권,가능(검수전),fail,20260807,RISE,가능,확인완료(일치),가능,공식확인
KR7272580002,272580,TIGER 단기채권액티브,KIS MSB 6M PLUS 지수,56985,.02,2748948786,730443587107,normal,채권,가능(검수전),pass,20260807,TIGER,가능,확인완료(일치),가능,공식확인
KR7272910001,272910,ACE 중장기국공채액티브,KIS 종합채권국공채1-10Y지수,106305,0,425355,73002773734,normal,채권,가능(검수전),pass,20260807,ACE,가능,확인완료(일치),가능,공식확인
KR7273130005,273130,KODEX 종합채권(AA-이상)액티브,KAP 한국종합채권지수,110125,.02,1298773715,3403202578245,normal,채권,가능(검수전),pass,20260807,KODEX,가능,확인완료(일치),가능,공식확인
KR7273140004,273140,KODEX 단기변동금리부채권액티브,KAP 단기변동금리부은행채권지수,114745,0,232831990,278501477666,normal,채권,가능(검수전),pass,20260807,KODEX,가능,확인완료(일치),가능,공식확인
KR7275280006,275280,KODEX 모멘텀주,MSCI Korea IMI Momentum Capped,38030,-.95,145351175,34382307860,normal,주식-국내,가능(검수전),pass,20260807,KODEX,가능,확인완료(일치),가능,공식확인
KR7275290005,275290,KODEX 가치주,MSCI Korea IMI Enhanced Value Capped,30585,-1.66,37404675,27666313819,normal,주식-국내,가능(검수전),pass,20260807,KODEX,가능,확인완료(일치),가능,공식확인
KR7275300002,275300,KODEX 우량주,MSCI Korea IMI Quality Capped,27230,-1.8,95414595,46417846580,normal,주식-국내,가능(검수전),pass,20260807,KODEX,가능,확인완료(일치),가능,공식확인
KR7275750008,275750,RISE 코스닥150선물인버스,F-코스닥150 지수,2585,-.39,28751468,2321433900,inverse,주식-국내,불가,fail,20260807,RISE,불가,확인완료(일치),불가,공식확인
KR7275980001,275980,TIGER 글로벌4차산업혁신기술(합성 H),Morningstar Exponential Technologies Equal Weighted Select PR USD,23335,.37,46167315,59076028188,normal,주식-해외,가능(검수전),pass,20260807,TIGER,가능,확인완료(일치),가능,공식확인
KR7276000007,276000,TIGER 글로벌자원생산기업(합성 H),MorningStar Global Upstream Resources Index(PR),20035,2.09,6341350,17037132988,normal,주식-해외,가능(검수전),pass,20260807,TIGER,가능,확인완료(일치),가능,공식확인
KR7276650009,276650,RISE 글로벌테크놀로지(합성 H),S&P Global 1200 Information Technology and Interactive Media & Services(PR),46520,0,106398920,34655969762,normal,주식-해외,가능(검수전),pass,20260807,RISE,가능,확인완료(일치),가능,공식확인
KR7276970001,276970,KODEX 미국S&P500배당귀족커버드콜(합성 H),S&P500 Dividend Aristocrats Covered Call(7.2% Premium) Index,7790,-.13,32979407,37226195704,normal,주식-해외,가능(검수전),pass,20260807,KODEX,가능,확인완료(일치),가능,공식확인
KR7276990009,276990,KODEX 글로벌로봇(합성),ROBO Global Robotics & Automation UCITS Price Return Index,27080,-1.63,91709657,47787333817,normal,주식-해외,가능(검수전),pass,20260807,KODEX,가능,확인완료(일치),가능,공식확인
KR7277540001,277540,ACE 아시아TOP50,S&P ASIA50 Price Return Index,31335,-.05,94730495,24881698750,normal,주식-해외,가능(검수전),pass,20260807,ACE,가능,확인완료(일치),가능,공식확인
KR7277630000,277630,TIGER 코스피,코스피,65220,-.2,1699556265,427509101924,normal,주식-국내,가능(검수전),pass,20260807,TIGER,가능,확인완료(일치),가능,공식확인
KR7277640009,277640,TIGER 코스피대형주,코스피 대형주,34170,-.09,547628342,61305657858,normal,주식-국내,가능(검수전),pass,20260807,TIGER,가능,확인완료(일치),가능,공식확인
KR7277650008,277650,TIGER 코스피중형주,코스피 중형주,20420,.2,3435810,4105616844,normal,주식-국내,가능(검수전),fail,20260807,TIGER,가능,확인완료(일치),가능,공식확인
KR7278240007,278240,RISE 코스닥150선물레버리지,F-코스닥150 지수,7490,.88,1211146130,56182441627,leverage,주식-국내,불가,pass,20260807,RISE,불가,확인완료(일치),불가,공식확인
KR7278530001,278530,KODEX 200TR,코스피 200 TR,35525,-.89,44858800381,7082558620485,normal,주식-국내,가능(검수전),pass,20260807,KODEX,가능,확인완료(일치),가능,공식확인
KR7278540000,278540,KODEX MSCI Korea TR,MSCI Korea TR Index,34715,-1.01,2709595080,2119128000138,normal,주식-국내,가능(검수전),pass,20260807,KODEX,가능,확인완료(일치),가능,공식확인
KR7278620000,278620,PLUS 단기채권액티브,"KAP 투자적격 크레딧 채권 1년 지수(A- 이상,총수익)",118860,-.01,411098010,65134737795,normal,채권,가능(검수전),pass,20260807,PLUS,가능,확인완료(일치),가능,공식확인
KR7279530000,279530,KODEX 고배당주,FnGuide 고배당 Plus 지수,17550,.75,3086001458,340403469335,normal,주식-국내,가능(검수전),pass,20260807,KODEX,가능,확인완료(일치),가능,공식확인
KR7279540009,279540,KODEX 최소변동성,KRX 최소변동성지수,20005,.38,677045,12016462130,normal,주식-국내,가능(검수전),pass,20260807,KODEX,가능,확인완료(일치),가능,공식확인
KR7280320003,280320,ACE 미국IT인터넷(합성 H),다우존스 인터넷 종합지수,21305,-.93,3269185,17055615889,normal,주식-해외,가능(검수전),pass,20260807,ACE,가능,확인완료(일치),가능,공식확인
KR7280920000,280920,PLUS 주도업종,FnGuide 주도업종 지수,22220,1.6,101098635,12221194494,normal,주식-국내,가능(검수전),pass,20260807,PLUS,가능,확인완료(일치),가능,공식확인
KR7280930009,280930,KODEX 미국러셀2000(H),FTSE Russell 2000 Index,16980,-.73,77181397,23765880759,normal,주식-해외,가능(검수전),pass,20260807,KODEX,불가,확인필요(불일치),불가,공식확인(불일치 정정)
KR7280940008,280940,KODEX 골드선물인버스(H),S&P GSCI GOLD Index Excess Return,3475,-1,13281539,2841415907,inverse,원자재,불가,fail,20260807,KODEX,불가,확인완료(일치),불가,공식확인
KR7281990002,281990,RISE 중소형고배당,FnGuide 중소형고배당포커스 지수,17885,.73,12127595,9891106618,normal,주식-국내,가능(검수전),fail,20260807,RISE,가능,확인완료(일치),가능,공식확인
KR7282000009,282000,RISE 국고채3년선물인버스,국채선물지수,114215,-.06,456960,61495766746,inverse,채권,불가,pass,20260807,RISE,불가,확인완료(일치),불가,공식확인
KR7283580009,283580,KODEX 차이나CSI300,CSI 300 Index,15805,.22,1593214014,262447564957,normal,주식-해외,가능(검수전),pass,20260807,KODEX,가능,확인완료(일치),가능,공식확인
KR7284430006,284430,KODEX 200미국채혼합50,코스피 200 미국채 혼합지수,20125,-.94,34392456728,1968609217008,normal,채권,가능(검수전),pass,20260807,KODEX,가능,확인완료(일치),가능,공식확인
KR7284980000,284980,RISE 200금융,코스피 200 금융,22480,1.17,148738335,18465972911,normal,주식-국내,가능(검수전),pass,20260807,RISE,가능,확인완료(일치),가능,공식확인
KR7285690004,285690,FOCUS ESG리더스,KRX ESG Leaders 150,21020,1.33,21020,7331848500,normal,주식-국내,가능(검수전),fail,20260807,,,미커버(소형 운용사),가능,구조규칙
KR7287180004,287180,PLUS 미국나스닥테크,NASDAQ 100 Technology Sector Index,56090,-1.64,728959000,47421537067,normal,주식-해외,가능(검수전),pass,20260807,PLUS,가능,확인완료(일치),가능,공식확인
KR7289040008,289040,KODEX MSCI KOREA ESG유니버설,MSCI Korea ESG Universal Capped Index,30490,.08,487985,18386695917,normal,주식-국내,가능(검수전),pass,20260807,KODEX,가능,확인완료(일치),가능,공식확인
KR7289250003,289250,TIGER MSCI KOREA ESG유니버설,MSCI Korea ESG Universal Index,31685,-.61,29461760,21981119395,normal,주식-국내,가능(검수전),pass,20260807,TIGER,가능,확인완료(일치),가능,공식확인
KR7289260002,289260,TIGER MSCI KOREA ESG리더스,MSCI Korea Country ESG Leaders Capped Index,26625,-.63,631283955,15971327543,normal,주식-국내,가능(검수전),pass,20260807,TIGER,가능,확인완료(일치),가능,공식확인
KR7289480006,289480,TIGER 200커버드콜,코스피 200 커버드콜 ATM 지수,11400,-.31,200328949,26377779465,normal,주식-국내,가능(검수전),pass,20260807,TIGER,가능,확인완료(일치),가능,공식확인
KR7289670002,289670,PLUS 국채선물10년,10년국채선물지수,52390,-.31,16928400,5866119685,normal,채권,불가,fail,20260807,PLUS,불가,확인완료(일치),불가,공식확인
KR7290080001,290080,RISE 200고배당커버드콜ATM,코스피 200 고배당커버드콜 ATM 지수(시장가격지수),7395,1.72,254807412,13019305272,normal,주식-국내,가능(검수전),pass,20260807,RISE,가능,확인완료(일치),가능,공식확인
KR7290130004,290130,RISE ESG사회책임투자,KRX ESG 사회책임경영지수(S),42240,-1.55,4193262105,598619407339,normal,주식-국내,가능(검수전),pass,20260807,RISE,가능,확인완료(일치),가능,공식확인
KR7291130003,291130,ACE MSCI멕시코(합성),MSCI MEXICO IMI 25/50 Price return Index,18660,.16,1195275,16880369862,normal,주식-해외,가능(검수전),pass,20260807,ACE,가능,확인완료(일치),가능,공식확인
KR7291620003,291620,KIWOOM 코스닥150선물인버스,F-코스닥150 지수,4510,-.55,230691191,2576491301,inverse,주식-국내,불가,fail,20260807,KIWOOM,불가,확인완료(일치),불가,공식확인
KR7291630002,291630,KIWOOM 코스닥150선물레버리지,F-코스닥150 지수,3340,-.15,255495610,4881917695,leverage,주식-국내,불가,fail,20260807,KIWOOM,불가,확인완료(일치),불가,공식확인
KR7291680007,291680,RISE 차이나H선물인버스(H),Hang Seng China Enterprises Futures Index(Price Return),7650,.07,230945,3870889895,inverse,주식-해외,불가,fail,20260807,RISE,불가,확인완료(일치),불가,공식확인
KR7291890002,291890,KODEX MSCI EM선물(H),iEdge Emerging Markets Futures Index(ER),11985,-.42,334340,6004954826,normal,주식-해외,불가,fail,20260807,KODEX,불가,확인완료(일치),불가,공식확인
KR7292050002,292050,RISE KRX300,KRX 300,44500,-.9,8771640,15605964124,normal,주식-국내,가능(검수전),pass,20260807,RISE,가능,확인완료(일치),가능,공식확인
KR7292150000,292150,TIGER 코리아TOP10,FnGuide TOP10 지수,34675,-1.39,19542017271,1867651353219,normal,주식-국내,가능(검수전),pass,20260807,TIGER,가능,확인완료(일치),가능,공식확인
KR7292160009,292160,TIGER KRX300,KRX 300,43475,-.88,2285237935,21772068712,normal,주식-국내,가능(검수전),pass,20260807,TIGER,가능,확인완료(일치),가능,공식확인
KR7292190006,292190,KODEX KRX300,KRX 300,43260,-.68,105885295,65023559889,normal,주식-국내,가능(검수전),pass,20260807,KODEX,가능,확인완료(일치),가능,공식확인
KR7292500006,292500,SOL KRX300,KRX 300,44220,-1.05,9038345,22170259266,normal,주식-국내,가능(검수전),pass,20260807,SOL,가능,확인완료(일치),가능,공식확인
KR7292560000,292560,TIGER 일본엔선물,엔선물지수,8300,-.36,103863989,35596694579,normal,주식-해외,불가,pass,20260807,TIGER,불가,확인완료(일치),불가,공식확인
KR7292770005,292770,KODEX 국채선물3년인버스,국채선물지수,57465,0,0,36235479329,inverse,채권,불가,pass,20260807,KODEX,불가,확인완료(일치),불가,공식확인
KR7293180006,293180,HANARO 200,코스피 200,98445,-.75,42556274010,422337416130,normal,주식-국내,가능(검수전),pass,20260807,HANARO,가능,확인완료(일치),가능,공식확인
KR7294400007,294400,KIWOOM 200TR,코스피 200 TR,128860,-.9,5153237368,1659080528733,normal,주식-국내,가능(검수전),pass,20260807,KIWOOM,가능,확인완료(일치),가능,공식확인
KR7295000004,295000,RISE 국채선물10년,10년국채선물지수,51735,-.18,620610,5170586598,normal,채권,불가,fail,20260807,RISE,불가,확인완료(일치),불가,공식확인
KR7295020002,295020,RISE 국채선물10년인버스,10년국채선물지수,59975,.06,479970,43847507595,inverse,채권,불가,pass,20260807,RISE,불가,확인완료(일치),불가,공식확인
KR7295040000,295040,SOL 200TR,코스피 200 TR,36810,-.86,9175846315,892556636676,normal,주식-국내,가능(검수전),pass,20260807,SOL,가능,확인완료(일치),가능,공식확인
KR7298340001,298340,PLUS 국채선물3년,국채선물지수,56565,.02,2250388400,56090472477,normal,채권,불가,pass,20260807,PLUS,가능,확인필요(불일치),가능,공식확인(불일치 정정)
KR7298770009,298770,KODEX 한국대만IT프리미어,한국 대만 IT 프리미어지수,75525,-.77,801006846,83769782617,normal,주식-국내,가능(검수전),pass,20260807,KODEX,가능,확인완료(일치),가능,공식확인
KR7300610003,300610,TIGER K게임,WISE K게임 테마 지수,5740,2.5,556031032,13730481474,normal,주식-국내,가능(검수전),pass,20260807,TIGER,가능,확인완료(일치),가능,공식확인
KR7300640000,300640,RISE 게임테마,WISE 게임 테마 지수 (시장가격지수),6745,2.2,126039590,23326064310,normal,주식-국내,가능(검수전),pass,20260807,RISE,가능,확인완료(일치),가능,공식확인
KR7300950003,300950,KODEX 게임산업,FnGuide 게임 산업 지수,5895,3.42,377936667,24215051381,normal,주식-국내,가능(검수전),pass,20260807,KODEX,가능,확인완료(일치),가능,공식확인
KR7301400008,301400,PLUS 코스닥150,코스닥 150,13700,-.22,396255360,9616136909,normal,주식-국내,가능(검수전),fail,20260807,PLUS,가능,확인완료(일치),가능,공식확인
KR7302190004,302190,TIGER 중장기국채,KIS 국채 3-10년 지수(시장가격지수),50260,-.16,68471400,194002427703,normal,채권,가능(검수전),pass,20260807,TIGER,가능,확인완료(일치),가능,공식확인
KR7302450002,302450,RISE 코스피,코스피,64700,-.57,357259223,197687757258,normal,주식-국내,가능(검수전),pass,20260807,RISE,가능,확인완료(일치),가능,공식확인
KR7304660004,304660,KODEX 미국30년국채울트라선물(H),S&P Ultra T-Bond Futures Index(ER),7260,-.89,84504120,135436126617,normal,채권,불가,pass,20260807,KODEX,불가,확인완료(일치),불가,공식확인
KR7304670003,304670,KODEX 미국30년국채울트라선물인버스(H),S&P Ultra T-Bond Futures Index(ER),12350,.9,197710,7404053788,inverse,채권,불가,fail,20260807,KODEX,불가,확인완료(일치),불가,공식확인
KR7304760002,304760,HANARO KRX300,KRX 300,42460,-1.79,7622415,17080597070,normal,주식-국내,가능(검수전),pass,20260807,HANARO,가능,확인완료(일치),가능,공식확인
KR7304770001,304770,HANARO 코스닥150,코스닥 150,13630,.66,85922715,19877475775,normal,주식-국내,가능(검수전),pass,20260807,HANARO,가능,확인완료(일치),가능,공식확인
KR7304780000,304780,HANARO 200선물레버리지,코스피 200 선물지수,102645,-1.61,647841935,46150716401,leverage,주식-국내,불가,pass,20260807,HANARO,불가,확인완료(일치),불가,공식확인
KR7304940000,304940,KODEX 미국나스닥100선물(H),NASDAQ 100,32430,.12,55140655,111560905475,normal,주식-해외,불가,pass,20260807,KODEX,불가,확인완료(일치),불가,공식확인
KR7305050007,305050,ACE 코스피,코스피,64830,-1.18,200923215,38997299634,normal,주식-국내,가능(검수전),pass,20260807,ACE,가능,확인완료(일치),가능,공식확인
KR7305080004,305080,TIGER 미국채10년선물,S&P 10-Year U.S. Treasury Note Futures(ER),12625,-.71,830460334,225805243235,normal,채권,불가,pass,20260807,TIGER,불가,확인완료(일치),불가,공식확인
KR7305540007,305540,TIGER 2차전지테마,WISE 2차전지 테마 지수,17690,6.12,11441990497,865470168316,normal,주식-국내,가능(검수전),pass,20260807,TIGER,가능,확인완료(일치),가능,공식확인
KR7305720005,305720,KODEX 2차전지산업,FnGuide 2차전지 산업 지수,14000,5.74,45030615881,1605007656800,normal,주식-국내,가능(검수전),pass,20260807,KODEX,가능,확인완료(일치),가능,공식확인
KR7306520008,306520,HANARO 200선물인버스,코스피 200 선물지수,2680,.37,7047015,1613702976,inverse,주식-국내,불가,fail,20260807,HANARO,불가,확인완료(일치),불가,공식확인
KR7306530007,306530,HANARO 코스닥150선물레버리지,F-코스닥150 지수,6700,.75,123140035,3083109617,leverage,주식-국내,불가,fail,20260807,HANARO,불가,확인완료(일치),불가,공식확인
KR7306950007,306950,KODEX KRX300레버리지,KRX 300,64330,-1.44,481969295,51189882280,leverage,주식-국내,불가,pass,20260807,KODEX,불가,확인완료(일치),불가,공식확인
KR7307510008,307510,TIGER 의료기기,FnGuide 의료기기 지수,13445,-1.03,50295407,6725966086,normal,주식-국내,가능(검수전),fail,20260807,TIGER,가능,확인완료(일치),가능,공식확인
KR7307520007,307520,TIGER 지주회사,FnGuide 지주회사 지수,21285,1.14,8727622300,271147649711,normal,주식-국내,가능(검수전),pass,20260807,TIGER,가능,확인완료(일치),가능,공식확인
KR7308620004,308620,KODEX 미국10년국채선물,S&P 10-Year U.S. Treasury Note Futures KRW(ER),11840,-.8,209444804,95935938721,normal,채권,불가,pass,20260807,KODEX,불가,확인완료(일치),불가,공식확인
KR7309230001,309230,ACE 미국WideMoat동일가중,MorningStar Wide Moat Focus Index,31575,-.68,861841897,116756271095,normal,주식-해외,가능(검수전),pass,20260807,ACE,가능,확인완료(일치),가능,공식확인
KR7310080007,310080,RISE 중국MSCI China(H),"MSCI China Index(USD, Price Return)",9535,-.21,26145085,10996703910,normal,주식-해외,가능(검수전),pass,20260807,RISE,가능,확인완료(일치),가능,공식확인
KR7310960000,310960,TIGER 200TR,코스피 200 TR,57325,-1.11,2191607649,320549736465,normal,주식-국내,가능(검수전),pass,20260807,TIGER,가능,확인완료(일치),가능,공식확인
KR7310970009,310970,TIGER MSCI Korea TR,MSCI Korea TR Index,43405,-1.43,1258974305,3955882080904,normal,주식-국내,가능(검수전),pass,20260807,TIGER,가능,확인완료(일치),가능,공식확인
KR7314250002,314250,KODEX 미국빅테크10(H),NYSE U.S. Big TECH 10 INDEX,61890,.29,2702550395,662525619061,normal,주식-해외,가능(검수전),pass,20260807,KODEX,가능,확인완료(일치),가능,공식확인
KR7314700006,314700,HANARO 농업융복합산업,FnGuide 농업융복합산업 지수(시장가격),11155,2.01,3788000,6177353866,normal,주식-국내,가능(검수전),fail,20260807,HANARO,가능,확인완료(일치),가능,공식확인
KR7315270009,315270,TIGER 200커뮤니케이션서비스,코스피 200 커뮤니케이션서비스,20280,-.56,578436865,6494870358,normal,주식-해외,가능(검수전),fail,20260807,TIGER,가능,확인완료(일치),가능,공식확인
KR7315930008,315930,KODEX Top5PlusTR,FnGuide TOP 5 Plus Total Return 지수,75520,-1.12,4355850147,1300773782599,normal,주식-국내,가능(검수전),pass,20260807,KODEX,가능,확인완료(일치),가능,공식확인
KR7315960005,315960,RISE 대형고배당10TR,WISE 대형고배당10 TR 지수,71935,-.71,6066893694,473944659991,normal,주식-국내,가능(검수전),pass,20260807,RISE,가능,확인완료(일치),가능,공식확인
KR7316300003,316300,ACE 싱가포르리츠,Morningstar Singapore REIT Yield Focus Index(PR),13440,-.99,6825255,6813441126,normal,리츠·인프라,가능(검수전),fail,20260807,ACE,가능,확인완료(일치),가능,공식확인
KR7316670009,316670,KIWOOM 코스닥150,코스닥 150,6775,0,674537845,44634951580,normal,주식-국내,가능(검수전),pass,20260807,KIWOOM,가능,확인완료(일치),가능,공식확인
KR7319640009,319640,TIGER 골드선물(H),S&P GSCI Gold Index(TR),25300,.68,291691788,110213756656,normal,원자재,불가,pass,20260807,TIGER,불가,확인완료(일치),불가,공식확인
KR7321410003,321410,KODEX 멀티에셋하이인컴(H),Morningstar Multi-Asset High Income 10% Capped Index,10595,-.42,614510,5337991998,normal,혼합·자산배분,가능(검수전),fail,20260807,KODEX,가능,확인완료(일치),가능,공식확인
KR7322400003,322400,HANARO e커머스,FnGuide E커머스 지수,10430,-.52,14532570,35051526252,normal,주식-국내,가능(검수전),pass,20260807,HANARO,가능,확인완료(일치),가능,공식확인
KR7322410002,322410,HANARO K고배당,FnGuide 고배당 알파 지수,23090,1.67,105157980,40579340675,normal,주식-국내,가능(검수전),pass,20260807,HANARO,가능,확인완료(일치),가능,공식확인
KR7325010007,325010,KODEX 성장주,FnGuide 성장 지수(PR),39090,-1,178792755,117066771542,normal,주식-국내,가능(검수전),pass,20260807,KODEX,가능,확인완료(일치),가능,공식확인
KR7325020006,325020,KODEX 배당가치,FnGuide SLV 배당가치 지수,29075,1.18,298020822,90366093255,normal,주식-국내,가능(검수전),pass,20260807,KODEX,가능,확인완료(일치),가능,공식확인
KR7326230000,326230,RISE 내수주플러스,FnGuide 내수주플러스 지수,11340,1.07,156930,7285058166,normal,주식-국내,가능(검수전),fail,20260807,RISE,가능,확인완료(일치),가능,공식확인
KR7326240009,326240,RISE IT플러스,FnGuide IT플러스 지수,39035,-.26,297867680,99883966474,normal,주식-국내,가능(검수전),pass,20260807,RISE,가능,확인완료(일치),가능,공식확인
KR7328370002,328370,PLUS 코스피TR,코스피 TR,35175,-.23,304421242,109117889900,normal,주식-국내,가능(검수전),pass,20260807,PLUS,가능,확인완료(일치),가능,공식확인
KR7329200000,329200,TIGER 리츠부동산인프라,FnGuide 리츠부동산인프라,4055,.75,9084759345,1518069308179,normal,리츠·인프라,가능(검수전),pass,20260807,TIGER,가능,확인완료(일치),가능,공식확인
KR7329650006,329650,KODEX TRF3070,FnGuide TRF 3070 지수,14275,-.28,405925444,235572651701,normal,혼합·자산배분,가능(검수전),pass,20260807,KODEX,가능,확인완료(일치),가능,공식확인
KR7329660005,329660,KODEX TRF5050,FnGuide TRF 5050 지수,18155,-.08,87569375,85287275985,normal,혼합·자산배분,가능(검수전),pass,20260807,KODEX,가능,확인완료(일치),가능,공식확인
KR7329670004,329670,KODEX TRF7030,FnGuide TRF 7030 지수,22495,-.44,485463428,89897880908,normal,혼합·자산배분,가능(검수전),pass,20260807,KODEX,가능,확인완료(일치),가능,공식확인
KR7329750004,329750,TIGER 미국달러단기채권액티브,KIS U.S. TREASURY BOND 0-1Y 지수(총수익),13370,-.48,3115980210,632678186013,normal,채권,가능(검수전),pass,20260807,TIGER,가능,확인완료(일치),가능,공식확인
KR7332500008,332500,ACE 200TR,코스피 200 TR,66185,-.59,4425343287,144925315177,normal,주식-국내,가능(검수전),pass,20260807,ACE,가능,확인완료(일치),가능,공식확인
KR7332610005,332610,PLUS 미국단기회사채(AAA~A),ICE BofaAML 1-3 Year AAA-A US Corporate Index(총수익지수),129005,-.16,47653660,12371969633,normal,채권,가능(검수전),pass,20260807,PLUS,가능,확인완료(일치),가능,공식확인
KR7332620004,332620,PLUS 미국장기우량회사채,ICE BofaAML 15+ Year AAA-A US Corporate Index(총수익지수),91110,-1.12,89608880,17009922960,normal,채권,가능(검수전),pass,20260807,PLUS,가능,확인완료(일치),가능,공식확인
KR7332930007,332930,HANARO 200TR,코스피 200 TR,128800,-.94,524445425,186510648298,normal,주식-국내,가능(검수전),pass,20260807,HANARO,가능,확인완료(일치),가능,공식확인
KR7332940006,332940,HANARO MSCI Korea TR,MSCI Korea TR Index,43195,-1.73,118075685,104197471511,normal,주식-국내,가능(검수전),pass,20260807,HANARO,가능,확인완료(일치),가능,공식확인
KR7334690005,334690,RISE 팔라듐선물(H),S&P GSCI Palladium Excess Return Index,6235,-.24,4807252,4061369787,normal,원자재,불가,fail,20260807,RISE,불가,확인완료(일치),불가,공식확인
KR7334700002,334700,RISE 팔라듐선물인버스(H),S&P GSCI Palladium Excess Return Index,3180,-1.09,2816855,2092046896,inverse,원자재,불가,fail,20260807,RISE,불가,확인완료(일치),불가,공식확인
KR7336160007,336160,RISE 금융채액티브,KIS 종합채권금융채 2.5Y-3Y 지수 (총수익),100390,-.11,3414150,47798397079,normal,채권,가능(검수전),pass,20260807,RISE,가능,확인완료(일치),가능,공식확인
KR7337120000,337120,KODEX 멀티팩터,FnGuide 멀티팩터 지수,31400,-.48,1967325,18874195628,normal,주식-국내,가능(검수전),pass,20260807,KODEX,가능,확인완료(일치),가능,공식확인
KR7337140008,337140,KODEX 코스피대형주,코스피 대형주,32995,-1.03,1396331375,72462280136,normal,주식-국내,가능(검수전),pass,20260807,KODEX,가능,확인완료(일치),가능,공식확인
KR7337150007,337150,KODEX 200exTOP,코스피 200 초대형제외 지수,24900,.99,32570815,14947071012,normal,주식-국내,가능(검수전),pass,20260807,KODEX,가능,확인완료(일치),가능,공식확인
KR7337160006,337160,KODEX 200ESG,코스피 200 ESG 지수,43085,-.85,1268240430,151613314664,normal,주식-국내,가능(검수전),pass,20260807,KODEX,가능,확인완료(일치),가능,공식확인
KR7341850006,341850,TIGER 리츠부동산인프라채권,KIS 리츠부동산인프라채권PR 지수,4550,0,17784765,9165229013,normal,채권,가능(검수전),fail,20260807,TIGER,가능,확인완료(일치),가능,공식확인
KR7352540009,352540,KODEX 일본부동산리츠(H),Tokyo Stock Exchange REIT Index,11345,.13,105759519,38851769626,normal,리츠·인프라,가능(검수전),pass,20260807,KODEX,가능,확인완료(일치),가능,공식확인
KR7352560007,352560,KODEX 미국부동산리츠(H),Dow Jones U.S. Real Estate PR Index,12470,-.91,113458309,35519611823,normal,리츠·인프라,가능(검수전),pass,20260807,KODEX,가능,확인완료(일치),가능,공식확인
KR7354240004,354240,RISE 미국고정배당우선증권,ICE BofAML Core Plus Fixed Rate Preferred Securities Index(PR),10960,-.23,20140865,11968776493,normal,주식-해외,가능(검수전),pass,20260807,RISE,가능,확인완료(일치),가능,공식확인
KR7354350001,354350,HANARO 글로벌럭셔리S&P(합성),S&P Global Luxury Index,20610,-.48,4284810,10860280273,normal,주식-해외,가능(검수전),pass,20260807,HANARO,가능,확인완료(일치),가능,공식확인
KR7354500001,354500,ACE 코스닥150,코스닥 150,13725,.04,2432611859,145547741379,normal,주식-국내,가능(검수전),pass,20260807,ACE,가능,확인완료(일치),가능,공식확인
KR7356540005,356540,ACE 종합채권(AA-이상)액티브,KIS 종합채권 AA-이상 총수익 지수(Total return Index),101410,.02,72312460,1000509657465,normal,채권,가능(검수전),pass,20260807,ACE,가능,확인완료(일치),가능,공식확인
KR7357870005,357870,TIGER CD금리투자KIS(합성),KIS CD Index(총수익),57875,.01,8380409367,3550755481057,normal,금리·파킹,가능(검수전),pass,20260807,TIGER,가능,확인완료(일치),가능,공식확인
KR7359210002,359210,KODEX 코스피TR,코스피 TR,32585,-.7,1191001212,81160199206,normal,주식-국내,가능(검수전),pass,20260807,KODEX,가능,확인완료(일치),가능,공식확인
KR7360140008,360140,KODEX 200롱코스닥150숏선물,코스피200 롱 100% 코스닥150 숏 100% 선물지수,21295,-.84,1786323389,46742547879,normal,주식-국내,불가,pass,20260807,KODEX,불가,확인완료(일치),불가,공식확인
KR7360150007,360150,KODEX 코스닥150롱코스피200숏선물,코스닥150 롱 100% 코스피200 숏 100% 선물지수,3355,-.15,2784600821,13833034836,normal,주식-국내,불가,pass,20260807,KODEX,불가,확인완료(일치),불가,공식확인
KR7360200000,360200,ACE 미국S&P500,S&P 500,27365,-.76,21773605331,4014353178081,normal,주식-해외,가능(검수전),pass,20260807,ACE,가능,확인완료(일치),가능,공식확인
KR7360750004,360750,TIGER 미국S&P500,S&P 500,27075,-.73,906646363125,20402669581138,normal,주식-해외,가능(검수전),pass,20260807,TIGER,가능,확인완료(일치),가능,공식확인
KR7361580004,361580,RISE 200TR,코스피 200 TR,55860,-.72,5044699660,445665559519,normal,주식-국내,가능(검수전),pass,20260807,RISE,가능,확인완료(일치),가능,공식확인
KR7363510009,363510,SOL KIS단기통안채,KIS 단기통안채 Index(총수익),111980,-.02,11198000,12430889793,normal,금리·파킹,가능(검수전),pass,20260807,SOL,가능,확인완료(일치),가능,공식확인
KR7363570003,363570,KODEX 장기종합채권(AA-이상)액티브,"KAP 한국장기종합채권지수(AA-이상, 총수익)",86900,-.18,1476645,236123269401,normal,채권,가능(검수전),pass,20260807,KODEX,가능,확인완료(일치),가능,공식확인
KR7363580002,363580,KODEX 200IT TR,코스피200 정보기술 TR,48500,-.58,8045715052,218218862007,normal,주식-국내,가능(검수전),pass,20260807,KODEX,가능,확인완료(일치),가능,공식확인
KR7364690008,364690,KODEX 혁신기술테마액티브,코스피,35720,-.29,23207870,21449230536,normal,주식-국내,가능(검수전),pass,20260807,KODEX,가능,확인완료(일치),가능,공식확인
KR7364960005,364960,TIGER BBIG,KRX BBIG 지수,6680,2.77,266919425,81073761331,normal,주식-국내,가능(검수전),pass,20260807,TIGER,가능,확인완료(일치),가능,공식확인
KR7364970004,364970,TIGER 바이오TOP10,KRX 바이오 TOP 10 지수,7710,3.28,13874417201,304433361149,normal,주식-국내,가능(검수전),pass,20260807,TIGER,가능,확인완료(일치),가능,공식확인
KR7364980003,364980,TIGER 2차전지TOP10,KRX 2차전지 TOP 10 지수,9700,5.9,44395448810,636972596002,normal,주식-국내,가능(검수전),pass,20260807,TIGER,가능,확인완료(일치),가능,공식확인
KR7364990002,364990,TIGER 게임TOP10,KRX 게임 TOP 10 지수,5030,2.97,1420242711,23040520163,normal,주식-국내,가능(검수전),pass,20260807,TIGER,가능,확인완료(일치),가능,공식확인
KR7365000009,365000,TIGER 인터넷TOP10,KRX 인터넷 TOP 10 지수,3745,-2.22,921251678,39261984572,normal,주식-국내,가능(검수전),pass,20260807,TIGER,가능,확인완료(일치),가능,공식확인
KR7365040005,365040,TIGER AI코리아그로스액티브,코스피,32930,-1.02,1194672630,69141394457,normal,주식-국내,가능(검수전),pass,20260807,TIGER,가능,확인완료(일치),가능,공식확인
KR7365780006,365780,ACE 국고채10년,KIS 10년 국고채 지수 (총수익),83055,-.07,522419471,534591250214,normal,채권,가능(검수전),pass,20260807,ACE,가능,확인완료(일치),가능,공식확인
KR7367380003,367380,ACE 미국나스닥100,NASDAQ 100,31740,-.35,18670335360,3477429708863,normal,주식-해외,가능(검수전),pass,20260807,ACE,가능,확인완료(일치),가능,공식확인
KR7367740008,367740,HANARO Fn5G산업,FnGuide 5G 산업 지수,38305,-.8,38436535,21181470785,normal,주식-국내,가능(검수전),pass,20260807,HANARO,가능,확인완료(일치),가능,공식확인
KR7367760006,367760,RISE 네트워크인프라,FnGuide 네트워크 인프라 지수,51310,-.27,13950365590,599998348569,normal,리츠·인프라,가능(검수전),pass,20260807,RISE,가능,확인완료(일치),가능,공식확인
KR7367770005,367770,RISE 수소경제테마,FnGuide 수소 경제 테마 지수,22695,2.07,1513933405,117827183676,normal,주식-국내,가능(검수전),pass,20260807,RISE,가능,확인완료(일치),가능,공식확인
KR7368190005,368190,HANARO Fn K-뉴딜디지털플러스,FnGuide K-뉴딜 디지털 플러스 지수,8055,4.2,7424385,25718062110,normal,주식-국내,가능(검수전),pass,20260807,HANARO,가능,확인완료(일치),가능,공식확인
KR7368590006,368590,RISE 미국나스닥100,NASDAQ 100,30785,-.37,5039215689,1550142831931,normal,주식-해외,가능(검수전),pass,20260807,RISE,가능,확인완료(일치),가능,공식확인
KR7368680005,368680,KODEX K-뉴딜디지털플러스,FnGuide K-뉴딜 디지털 플러스 지수,8065,4.27,1682680,7285648380,normal,주식-국내,가능(검수전),fail,20260807,KODEX,가능,확인완료(일치),가능,공식확인
KR7371150004,371150,RISE 차이나항셍테크,Hang Seng TECH Index,7285,.21,1884580,9468760091,normal,주식-해외,가능(검수전),fail,20260807,RISE,가능,확인완료(일치),가능,공식확인
KR7371160003,371160,TIGER 차이나항셍테크,Hang Seng TECH Index,7505,.27,2993532639,610266964765,normal,주식-해외,가능(검수전),pass,20260807,TIGER,가능,확인완료(일치),가능,공식확인
KR7371450008,371450,TIGER 글로벌클라우드컴퓨팅INDXX,Indxx Global Cloud Computing Index(PR),13600,-.58,227338020,20189420377,normal,주식-해외,가능(검수전),pass,20260807,TIGER,가능,확인완료(일치),가능,공식확인
KR7371460007,371460,TIGER 차이나전기차SOLACTIVE,Solactive China Electric Vehicle and Battery Index(PR),10920,.74,772604295,791993156467,normal,주식-해외,가능(검수전),pass,20260807,TIGER,가능,확인완료(일치),가능,공식확인
KR7371470006,371470,TIGER 차이나바이오테크SOLACTIVE,Solactive China Biotech Index(PR),8720,4.24,204829800,45713488838,normal,주식-해외,가능(검수전),pass,20260807,TIGER,가능,확인완료(일치),가능,공식확인
KR7371870007,371870,ACE 차이나항셍테크,Hang Seng TECH Index,7350,.41,4523070,11685065646,normal,주식-해외,가능(검수전),pass,20260807,ACE,가능,확인완료(일치),가능,공식확인
KR7372330001,372330,KODEX 차이나항셍테크,Hang Seng TECH Index,7460,-.33,623472587,121818655803,normal,주식-해외,가능(검수전),pass,20260807,KODEX,가능,확인완료(일치),가능,공식확인
KR7373490002,373490,KODEX 코리아혁신성장액티브,FnGuide K-이노베이션 지수,23950,1.2,18746255,13266671898,normal,주식-국내,가능(검수전),pass,20260807,KODEX,가능,확인완료(일치),가능,공식확인
KR7373790005,373790,KIWOOM 미국방어배당성장나스닥,Nasdaq US Low Volatility Dividend Achievers Index,16205,.34,1070725,4513261094,normal,주식-해외,가능(검수전),fail,20260807,KIWOOM,가능,확인완료(일치),가능,공식확인
KR7375270006,375270,RISE 글로벌데이터센터리츠(합성),Kelly Data Center & Tech Infrastructure Net Total Return Index,14450,.31,2631565,9286217563,normal,리츠·인프라,가능(검수전),fail,20260807,RISE,가능,확인완료(일치),가능,공식확인
KR7375760006,375760,HANARO 탄소효율그린뉴딜,KRX/S&P 탄소효율 그린뉴딜지수,22220,-1.62,8289165,20125325967,normal,주식-해외,가능(검수전),pass,20260807,HANARO,가능,확인완료(일치),가능,공식확인
KR7375770005,375770,KODEX 탄소효율그린뉴딜,KRX/S&P 탄소효율 그린뉴딜지수,22615,-.35,1042305,40858177863,normal,주식-해외,가능(검수전),pass,20260807,KODEX,가능,확인완료(일치),가능,공식확인
KR7376410007,376410,TIGER 탄소효율그린뉴딜,KRX/S&P 탄소효율 그린뉴딜지수,22570,-.59,11390212,20235950456,normal,주식-해외,가능(검수전),pass,20260807,TIGER,가능,확인완료(일치),가능,공식확인
KR7377990007,377990,TIGER Fn신재생에너지,FnGuide 신재생에너지 지수,23610,2.23,7296711313,115267154015,normal,주식-국내,가능(검수전),pass,20260807,TIGER,가능,확인완료(일치),가능,공식확인
KR7379780000,379780,RISE 미국S&P500,S&P 500,23665,-.78,3062798887,1548780162067,normal,주식-해외,가능(검수전),pass,20260807,RISE,가능,확인완료(일치),가능,공식확인
KR7379790009,379790,RISE 유로스탁스50(H),EURO STOXX 50 Index,17970,.76,1053851580,15016001211,normal,주식-해외,가능(검수전),pass,20260807,RISE,가능,확인완료(일치),가능,공식확인
KR7379800006,379800,KODEX 미국S&P500,S&P 500,24625,-.67,543485614252,10044754761359,normal,주식-해외,가능(검수전),pass,20260807,KODEX,가능,확인완료(일치),가능,공식확인
KR7379810005,379810,KODEX 미국나스닥100,NASDAQ 100,27605,-.32,261222049323,9058140592798,normal,주식-해외,가능(검수전),pass,20260807,KODEX,가능,확인완료(일치),가능,공식확인
KR7380340000,380340,ACE 코리아AI테크핵심산업,FnGuide 코리아AI테크핵심산업지수 (Price Return),26005,-2.84,1604739410,31360541740,normal,주식-국내,가능(검수전),pass,20260807,ACE,가능,확인완료(일치),가능,공식확인
KR7381170000,381170,TIGER 미국테크TOP10 INDXX,Indxx US Tech Top 10 Index,31970,-.19,9571289755,3910954389766,normal,주식-해외,가능(검수전),pass,20260807,TIGER,가능,확인완료(일치),가능,공식확인
KR7381180009,381180,TIGER 미국필라델피아반도체나스닥,PHLX Semiconductor Sector Index,44760,1.26,166157212355,5925180342033,normal,주식-해외,가능(검수전),pass,20260807,TIGER,가능,확인완료(일치),가능,공식확인
KR7381560002,381560,HANARO Fn전기&수소차,FnGuide 전기&수소차 지수 (시장가격),17200,3.3,36397670,34288814277,normal,주식-국내,가능(검수전),pass,20260807,HANARO,가능,확인완료(일치),가능,공식확인
KR7381570001,381570,HANARO Fn친환경에너지,FnGuide 친환경에너지 지수 (시장가격),9855,3.74,125709435,8417653967,normal,주식-국내,가능(검수전),fail,20260807,HANARO,가능,확인완료(일치),가능,공식확인
KR7385510003,385510,KODEX 신재생에너지액티브,FnGuide K-신재생에너지 플러스 지수,36775,2.61,8892214094,306035221828,normal,주식-국내,가능(검수전),pass,20260807,KODEX,가능,확인완료(일치),가능,공식확인
KR7385520002,385520,KODEX 자율주행액티브,FnGuide K-미래차 지수,15420,.75,34308037,33213314286,normal,주식-국내,가능(검수전),pass,20260807,KODEX,가능,확인완료(일치),가능,공식확인
KR7385540000,385540,RISE 종합채권(A-이상)액티브,KIS 종합채권 지수(A-이상)(총수익지수),103205,0,110400175,1932885289304,normal,채권,가능(검수전),pass,20260807,RISE,가능,확인완료(일치),가능,공식확인
KR7385550009,385550,RISE 단기채권알파액티브,KIS 단기채권알파지수(AA-이상)(총수익지수),113895,0,161173855,341370565978,normal,채권,가능(검수전),pass,20260807,RISE,가능,확인완료(일치),가능,공식확인
KR7385560008,385560,RISE KIS국고채30년Enhanced,KIS 국고채30년Enhanced지수(시장가격),52420,-.08,377558703,752583136268,normal,채권,가능(검수전),pass,20260807,RISE,가능,확인완료(일치),가능,공식확인
KR7385590005,385590,ACE ESG액티브,MSCI Korea Country ESG Leaders Custom Capped Price return Index,21810,.25,3353450,50335611342,normal,주식-국내,가능(검수전),pass,20260807,ACE,가능,확인완료(일치),가능,공식확인
KR7385600002,385600,ACE 2차전지&친환경차액티브,FnGuide 친환경 자동차 밸류체인 지수,11580,3.02,69674395,17431617605,normal,주식-국내,가능(검수전),pass,20260807,ACE,가능,확인완료(일치),가능,공식확인
KR7385710009,385710,TIME K이노베이션액티브,KRX BBIG 지수,10810,1.41,40447590,10764525863,normal,주식-국내,가능(검수전),pass,20260807,,,미커버(소형 운용사),가능,구조규칙
KR7385720008,385720,TIME 코스피액티브,코스피,23405,-.57,1666632323,362005948798,normal,주식-국내,가능(검수전),pass,20260807,,,미커버(소형 운용사),가능,구조규칙
KR7387270002,387270,TIGER 글로벌이노베이션액티브,NASDAQ 100,24555,.61,74674050,29683992301,normal,주식-해외,가능(검수전),pass,20260807,TIGER,가능,확인완료(일치),가능,공식확인
KR7387280001,387280,TIGER 퓨처모빌리티액티브,FnGuide 퓨처모빌리티 지수,11065,.91,221930515,14890235971,normal,주식-국내,가능(검수전),pass,20260807,TIGER,가능,확인완료(일치),가능,공식확인
KR7388280000,388280,RISE K엔터&여행레저,FnGuide K엔터&여행레저 지수,7395,.75,56727342,24499145995,normal,주식-국내,가능(검수전),pass,20260807,RISE,가능,확인완료(일치),가능,공식확인
KR7388420002,388420,RISE 비메모리반도체액티브,iSelect 비메모리반도체 지수(시장가격지수),23845,-.81,3694269362,214194406257,normal,주식-국내,가능(검수전),pass,20260807,RISE,가능,확인완료(일치),가능,공식확인
KR7390390003,390390,KODEX 미국반도체,MVIS US Listed Semiconductor 25 Index,55450,.87,53904288361,1297662124268,normal,주식-해외,가능(검수전),pass,20260807,KODEX,가능,확인완료(일치),가능,공식확인
KR7390400000,390400,KODEX 미국스마트모빌리티S&P,S&P Kensho Smart Transportation,7620,-.07,7314210,7604548575,normal,주식-해외,가능(검수전),fail,20260807,KODEX,가능,확인완료(일치),가능,공식확인
KR7391600004,391600,ACE 미국친환경그린테마,Indxx US Green Infrastructure Price return Index,11090,-.98,1232605,4966375250,normal,주식-해외,가능(검수전),fail,20260807,ACE,가능,확인완료(일치),가능,공식확인
KR7391670007,391670,HK 베스트일레븐액티브,코스피 200,25785,.45,25785,15421042793,normal,주식-국내,가능(검수전),pass,20260807,,,미커버(소형 운용사),가능,구조규칙
KR7394660005,394660,TIGER 글로벌자율주행&전기차SOLACTIVE,Solactive Autonomous & Electric Vehicles 지수(PR),16320,-1.03,62897357,108191930355,normal,주식-해외,가능(검수전),pass,20260807,TIGER,가능,확인완료(일치),가능,공식확인
KR7394670004,394670,TIGER 글로벌리튬&2차전지SOLACTIVE(합성),Solactive Global Lithium 지수(PR),11415,.66,233120919,201432162822,normal,주식-해외,가능(검수전),pass,20260807,TIGER,가능,확인완료(일치),가능,공식확인
KR7395150006,395150,KODEX 웹툰&드라마,FnGuide 웹툰&드라마 지수,1945,1.04,76996102,9350216375,normal,주식-국내,가능(검수전),fail,20260807,KODEX,가능,확인완료(일치),가능,공식확인
KR7395160005,395160,KODEX AI반도체TOP2플러스,FnGuide AI반도체 TOP2+ 지수,34470,-1.18,187269347110,3452710798696,normal,주식-국내,가능(검수전),pass,20260807,KODEX,가능,확인완료(일치),가능,공식확인
KR7395170004,395170,KODEX Top10동일가중,FnGuide TOP10 동일가중 지수,14795,-.54,71827714,29461902169,normal,주식-국내,가능(검수전),pass,20260807,KODEX,가능,확인완료(일치),가능,공식확인
KR7395270002,395270,HANARO Fn K-반도체,FnGuide K-반도체 지수,48750,-.91,51054713150,3065285749177,normal,주식-국내,가능(검수전),pass,20260807,HANARO,가능,확인완료(일치),가능,공식확인
KR7395280001,395280,HANARO Fn K-게임,FnGuide K-게임 지수,3710,1.92,7358869,8780771646,normal,주식-국내,가능(검수전),fail,20260807,HANARO,가능,확인완료(일치),가능,공식확인
KR7395290000,395290,HANARO Fn K-POP&미디어,FnGuide K-POP & 미디어 지수,5290,1.83,184431062,33209162183,normal,주식-국내,가능(검수전),pass,20260807,HANARO,가능,확인완료(일치),가능,공식확인
KR7395750003,395750,PLUS ESG가치주액티브,FnGuide 한화 ESG 가치 지수,18930,-1.2,491290,7605078733,normal,주식-국내,가능(검수전),fail,20260807,PLUS,가능,확인완료(일치),가능,공식확인
KR7395760002,395760,PLUS ESG성장주액티브,FnGuide 한화 ESG 성장 지수,19380,-1.85,97675,11695607586,normal,주식-국내,가능(검수전),pass,20260807,PLUS,가능,확인완료(일치),가능,공식확인
KR7396500001,396500,TIGER 반도체TOP10,FnGuide 반도체TOP10 지수,30270,-2.65,325028592490,7984866965034,normal,주식-국내,가능(검수전),pass,20260807,TIGER,가능,확인완료(일치),가능,공식확인
KR7396510000,396510,TIGER 차이나클린에너지SOLACTIVE,Solactive China Clean Energy 지수(PR),7695,.72,26761045,14122052393,normal,주식-해외,가능(검수전),pass,20260807,TIGER,가능,확인완료(일치),가능,공식확인
KR7396520009,396520,TIGER 차이나반도체FACTSET,FactSet China Semiconductor 지수(PR),14515,2.58,17066076399,578769775754,normal,주식-해외,가능(검수전),pass,20260807,TIGER,가능,확인완료(일치),가능,공식확인
KR7397420001,397420,RISE 국채선물5년추종,5년 국채선물 추종 지수,50770,-.02,0,304368564,normal,채권,불가,fail,20260807,RISE,불가,확인완료(일치),불가,공식확인
KR7399110006,399110,SOL 미국S&P500ESG,S&P500 Scored&Screened(PR),21670,-.69,447534300,120556006476,normal,주식-해외,가능(검수전),pass,20260807,SOL,가능,확인완료(일치),가능,공식확인
KR7399580000,399580,RISE 글로벌클린에너지,S&P Global Clean Energy Transition Index (Price Return),9825,-.1,46581315,9799187248,normal,주식-해외,가능(검수전),fail,20260807,RISE,가능,확인완료(일치),가능,공식확인
KR7400570008,400570,KODEX 유럽탄소배출권선물ICE(H),ICE EUA Carbon Futures Index(Excess Return),11350,1.29,129284091,12410254411,normal,주식-해외,불가,pass,20260807,KODEX,불가,확인완료(일치),불가,공식확인
KR7400580007,400580,SOL 유럽탄소배출권선물S&P(H),S&P GSCI Carbon Emission Allowances(EUA)(EUR)ER,11525,1.1,6831235,5809213220,normal,주식-해외,불가,fail,20260807,SOL,불가,확인완료(일치),불가,공식확인
KR7400590006,400590,SOL 글로벌탄소배출권선물ICE(합성),ICE Global Carbon Futures Index(Excess Return),14215,.32,10786240,7180007549,normal,주식-해외,불가,fail,20260807,SOL,가능,확인필요(불일치),가능,공식확인(불일치 정정)
KR7400970000,400970,TIGER Fn메타버스,FnGuide 메타버스테마 지수,7780,0,184281613,39890745484,normal,주식-해외,가능(검수전),pass,20260807,TIGER,가능,확인완료(일치),가능,공식확인
KR7401170006,401170,RISE 메타버스,iSelect 메타버스 지수(시장가격지수),11500,1.95,56727480,45382860551,normal,주식-해외,가능(검수전),pass,20260807,RISE,가능,확인완료(일치),가능,공식확인
KR7401470000,401470,KODEX 메타버스액티브,FnGuide K-메타버스 지수,9620,.68,73202185,57519520565,normal,주식-국내,가능(검수전),pass,20260807,KODEX,가능,확인완료(일치),가능,공식확인
KR7401590005,401590,HANARO 글로벌탄소배출권선물ICE(합성),ICE Global Carbon Futures Index(Excess Return),11475,.83,1548675,5846721277,normal,주식-해외,불가,fail,20260807,HANARO,가능,확인필요(불일치),가능,공식확인(불일치 정정)
KR7402460000,402460,HANARO Fn K-메타버스MZ,FnGuide K-메타버스 MZ 지수(시장가격),14440,.66,1500445,7238653438,normal,주식-국내,가능(검수전),fail,20260807,HANARO,가능,확인완료(일치),가능,공식확인
KR7402970008,402970,ACE 미국배당다우존스,Dow Jones U.S. Dividend 100 Price Return Index,15410,-.77,3224107077,945661703643,normal,주식-해외,가능(검수전),pass,20260807,ACE,가능,확인완료(일치),가능,공식확인
KR7403790009,403790,MIDAS 코스피액티브,코스피,52765,-.63,35575127,154407802842,normal,주식-국내,가능(검수전),pass,20260807,,,미커버(소형 운용사),가능,구조규칙
KR7404120008,404120,TIME K신재생에너지액티브,KRX 기후변화 솔루션지수,23695,2.64,55240220,16507446675,normal,주식-국내,가능(검수전),pass,20260807,,,미커버(소형 운용사),가능,구조규칙
KR7404260002,404260,KODEX 기후변화솔루션,KRX 기후변화 솔루션지수,22345,1.57,10533855,20029719205,normal,주식-국내,가능(검수전),pass,20260807,KODEX,가능,확인완료(일치),가능,공식확인
KR7404540007,404540,TIGER KRX기후변화솔루션,KRX 기후변화 솔루션지수,22245,1.27,11359990,8948797292,normal,주식-국내,가능(검수전),fail,20260807,TIGER,가능,확인완료(일치),가능,공식확인
KR7404650004,404650,SOL KRX기후변화솔루션,KRX 기후변화 솔루션지수,22320,2.36,2534290,13350152973,normal,주식-국내,가능(검수전),pass,20260807,SOL,가능,확인완료(일치),가능,공식확인
KR7407300003,407300,HANARO Fn골프테마,FnGuide 골프 테마 지수,10615,1.29,265385,5867314929,normal,주식-국내,가능(검수전),fail,20260807,HANARO,가능,확인완료(일치),가능,공식확인
KR7407310002,407310,HANARO 200 TOP10,코스피 200 Top 10 지수,16335,-.76,12411365,18759616753,normal,주식-국내,가능(검수전),pass,20260807,HANARO,가능,확인완료(일치),가능,공식확인
KR7407820000,407820,에셋플러스 코리아플랫폼액티브,FnGuide 플랫폼 지수(Price Return),6055,-2.57,348080,10960442378,normal,주식-국내,가능(검수전),pass,20260807,,,미커버(소형 운용사),가능,구조규칙
KR7407830009,407830,에셋플러스 글로벌플랫폼액티브,S&P 500,13895,-.75,12320545,33253904595,normal,주식-해외,가능(검수전),pass,20260807,,,미커버(소형 운용사),가능,구조규칙
KR7409810009,409810,KODEX 미국나스닥100선물인버스(H),NASDAQ 100,5525,-.18,561156325,11358315092,inverse,주식-해외,불가,pass,20260807,KODEX,불가,확인완료(일치),불가,공식확인
KR7409820008,409820,KODEX 미국나스닥100레버리지(합성 H),NASDAQ 100,19995,.08,2538579996,256533004416,leverage,주식-해외,불가,pass,20260807,KODEX,불가,확인완료(일치),불가,공식확인
KR7410870000,410870,TIME K컬처액티브,FnGuide K-컬처 지수,10050,.6,21326150,12111236510,normal,주식-국내,가능(검수전),pass,20260807,,,미커버(소형 운용사),가능,구조규칙
KR7411060007,411060,ACE KRX금현물,KRX 금현물지수,27330,.59,20310436775,4006827394535,normal,원자재,가능(검수전),pass,20260807,ACE,가능,확인완료(일치),가능,공식확인
KR7411420003,411420,KODEX 미국나스닥AI테크액티브,Nasdaq CB Insights Metaverse US Index (Price Return),27335,.29,602014733,127985711491,normal,주식-해외,가능(검수전),pass,20260807,KODEX,가능,확인완료(일치),가능,공식확인
KR7411540008,411540,SOL 200 Top10,코스피 200 Top 10 지수,16685,0,91191365,23328966571,normal,주식-국내,가능(검수전),pass,20260807,SOL,가능,확인완료(일치),가능,공식확인
KR7411860000,411860,KIWOOM 독일DAX,DAX Index(PR),17510,-.51,42440970,5239120078,normal,주식-해외,가능(검수전),fail,20260807,KIWOOM,가능,확인완료(일치),가능,공식확인
KR7412560005,412560,TIGER BBIG레버리지,KRX BBIG 지수,1860,4.91,50928237,1310221789,leverage,주식-국내,불가,fail,20260807,TIGER,불가,확인완료(일치),불가,공식확인
KR7412570004,412570,TIGER 2차전지TOP10레버리지,KRX 2차전지 TOP 10 지수,1137,11.58,9904949265,161199411338,leverage,주식-국내,불가,pass,20260807,TIGER,불가,확인완료(일치),불가,공식확인
KR7412770000,412770,TIGER 글로벌AI플랫폼액티브,Indxx Global Metaverse Index (Price Return),12845,.59,63114310,77287845821,normal,주식-해외,가능(검수전),pass,20260807,TIGER,가능,확인완료(일치),가능,공식확인
KR7413220005,413220,SOL 차이나태양광CSI(합성),CSI Photovoltaic Industry Index(PR),4835,1.15,13529770,5720586284,normal,주식-해외,가능(검수전),fail,20260807,SOL,가능,확인완료(일치),가능,공식확인
KR7413930009,413930,WON AI ESG액티브,MK-iSelect AI ESG 지수(시장가격지수),25665,-.08,493825,14116182689,normal,주식-국내,가능(검수전),pass,20260807,,,미커버(소형 운용사),가능,구조규칙
KR7414270009,414270,ACE 글로벌자율주행액티브,FactSet US-China Electric&Autonomous Vehicle Price Return Index,12260,-.65,327364845,26914202769,normal,주식-해외,가능(검수전),pass,20260807,ACE,가능,확인완료(일치),가능,공식확인
KR7414780007,414780,TIGER 차이나과창판STAR50(합성),STAR 50 Index(Price Return),14900,2.3,1821260319,230529954068,normal,주식-해외,가능(검수전),pass,20260807,TIGER,가능,확인완료(일치),가능,공식확인
KR7415340009,415340,KODEX 차이나과창판STAR50(합성),STAR 50 Index(Price Return),15235,2.66,1179623917,31076024312,normal,주식-해외,가능(검수전),pass,20260807,KODEX,가능,확인완료(일치),가능,공식확인
KR7415760008,415760,SOL 차이나육성산업액티브(합성),STAR 50 Index(Price Return),14085,1.62,74969687,19001080120,normal,주식-해외,가능(검수전),pass,20260807,SOL,가능,확인완료(일치),가능,공식확인
KR7415920008,415920,PLUS 글로벌희토류&전략자원생산기업,MVIS Global Rare Earth/Strategic Metals Index (Price Return),7320,2.74,404529423,32823842277,normal,주식-해외,가능(검수전),pass,20260807,PLUS,가능,확인완료(일치),가능,공식확인
KR7416090009,416090,ACE 중국과창판STAR50,STAR 50 Index(Price Return),13840,2.06,137651966,20318682810,normal,주식-해외,가능(검수전),pass,20260807,ACE,가능,확인완료(일치),가능,공식확인
KR7417450004,417450,RISE 글로벌수소경제,Indxx Hydrogen Economy Index (PR),16110,-2.57,19617095,13626829816,normal,주식-해외,가능(검수전),pass,20260807,RISE,가능,확인완료(일치),가능,공식확인
KR7417630001,417630,TIGER KEDI혁신기업ESG30,KEDI 혁신기업ESG30 지수(시장가격 지수),18525,.24,1129407010,19510193232,normal,주식-국내,가능(검수전),pass,20260807,TIGER,가능,확인완료(일치),가능,공식확인
KR7418660007,418660,TIGER 미국나스닥100레버리지(합성),NASDAQ 100,42105,-.72,7659619880,637929204154,leverage,주식-해외,불가,pass,20260807,TIGER,불가,확인완료(일치),불가,공식확인
KR7418670006,418670,TIGER 글로벌AI사이버보안,Indxx Cybersecurity 지수 (PR),17660,-.11,737859440,46762297716,normal,주식-해외,가능(검수전),pass,20260807,TIGER,가능,확인완료(일치),가능,공식확인
KR7419420005,419420,KODEX 미국클린에너지나스닥,Nasdaq Clean Edge Green Energy Index (Price Return),9700,1.62,5414855,11519332901,normal,주식-해외,가능(검수전),pass,20260807,KODEX,가능,확인완료(일치),가능,공식확인
KR7419430004,419430,KODEX 차이나2차전지MSCI(합성),MSCI China all shares IMI Select Batteries Index(Price Return),10115,2.17,24703715,27897638064,normal,주식-해외,가능(검수전),pass,20260807,KODEX,가능,확인완료(일치),가능,공식확인
KR7419650007,419650,PLUS 글로벌수소&차세대연료전지,BlueStar Hydrogen and NextGen Fuel Cell Index (시장가격),5295,-1.03,52607802,17196423988,normal,주식-해외,가능(검수전),pass,20260807,PLUS,가능,확인완료(일치),가능,공식확인
KR7419890009,419890,KIWOOM 단기채권ESG액티브,KIS ESG 9M~1.5Y,107475,.06,859590,62310340949,normal,채권,가능(검수전),pass,20260807,KIWOOM,가능,확인완료(일치),가능,공식확인
KR7421320003,421320,PLUS 우주항공,iSelect 우주항공UAM 지수,28325,2.85,4666452695,262771144734,normal,주식-국내,가능(검수전),pass,20260807,PLUS,가능,확인완료(일치),가능,공식확인
KR7422420000,422420,RISE 2차전지액티브,iSelect 2차전지 지수 (시장가격지수),6265,4.42,1605976375,199444492248,normal,주식-국내,가능(검수전),pass,20260807,RISE,가능,확인완료(일치),가능,공식확인
KR7423160001,423160,KODEX KOFR금리액티브(합성),KOFR 지수,110730,.02,6071058126,3640531633103,normal,금리·파킹,가능(검수전),pass,20260807,KODEX,가능,확인완료(일치),가능,공식확인
KR7423170000,423170,SOL 글로벌AI반도체탑픽액티브,S&P Global Semiconductor Korea Tilted Index(PR),54620,-.18,1305231275,243906760659,normal,주식-해외,가능(검수전),pass,20260807,SOL,가능,확인완료(일치),가능,공식확인
KR7423920008,423920,TIGER 미국필라델피아반도체레버리지(합성),PHLX Semiconductor Sector Index,93580,2.81,11492314238,661695486167,leverage,주식-해외,불가,pass,20260807,TIGER,불가,확인완료(일치),불가,공식확인
KR7426020004,426020,TIME 미국S&P500액티브,S&P 500,32875,-.26,1493483188,395959102190,normal,주식-해외,가능(검수전),pass,20260807,,,미커버(소형 운용사),가능,구조규칙
KR7426030003,426030,TIME 미국나스닥100액티브,NASDAQ 100,46640,.8,25837840410,2424727357068,normal,주식-해외,가능(검수전),pass,20260807,,,미커버(소형 운용사),가능,구조규칙
KR7426150009,426150,WON 대한민국국고채액티브,KAP 한국 국고채 총수익 지수,51420,-.25,616065,30927434007,normal,채권,가능(검수전),pass,20260807,,,미커버(소형 운용사),가능,구조규칙
KR7427120001,427120,RISE AI플랫폼,FnGuide AI 플랫폼 지수,5095,-2.21,20301340,3366114810,normal,주식-국내,가능(검수전),fail,20260807,RISE,가능,확인완료(일치),가능,공식확인
KR7428510002,428510,KODEX 차이나AI테크액티브,Bloomberg China Media & Tech Index PR,24760,2,316731000,53408505087,normal,주식-해외,가능(검수전),pass,20260807,KODEX,가능,확인완료(일치),가능,공식확인
KR7428560007,428560,KODEX 미국ETF산업Top10 Indxx,Indxx US ETF Industry Top10 Index(Price Return),16060,-.65,15120000,12830578568,normal,주식-해외,가능(검수전),pass,20260807,KODEX,가능,확인완료(일치),가능,공식확인
KR7429000003,429000,TIGER 미국S&P500배당귀족,S&P 500 Dividend Aristocrats 지수 (Price Return),13945,-.89,900606355,189902884149,normal,주식-해외,가능(검수전),pass,20260807,TIGER,가능,확인완료(일치),가능,공식확인
KR7429010002,429010,TIGER 미국나스닥넥스트100,Nasdaq Next Generation 100 지수 (Price Return),20265,.47,4152365,10056985037,normal,주식-해외,가능(검수전),pass,20260807,TIGER,가능,확인완료(일치),가능,공식확인
KR7429740004,429740,PLUS K리츠,FnGuide 리츠 지수,6140,1.82,4967815,6777780594,normal,리츠·인프라,가능(검수전),fail,20260807,PLUS,가능,확인완료(일치),가능,공식확인
KR7429760002,429760,PLUS 미국S&P500,S&P 500,20165,-.47,673631040,42296870680,normal,주식-해외,가능(검수전),pass,20260807,PLUS,가능,확인완료(일치),가능,공식확인
KR7429980006,429980,SOL 한국형글로벌전기차&2차전지액티브,FactSet Global Electric Vehicle and Rechargeable Battery Korea-Tilted Index(PR),17345,1.14,2343775,8618342594,normal,주식-해외,가능(검수전),fail,20260807,SOL,가능,확인완료(일치),가능,공식확인
KR7430500009,430500,KIWOOM 물가채KIS,KIS TIPS 지수(총수익),113215,.13,17784520,11289538227,normal,채권,가능(검수전),pass,20260807,KIWOOM,가능,확인완료(일치),가능,공식확인
KR7432600005,432600,RISE 국채선물3년,국채선물지수,55355,-.04,221390,5536599789,normal,채권,불가,fail,20260807,RISE,불가,확인완료(일치),불가,공식확인
KR7432840007,432840,HANARO 미국S&P500,S&P 500,20375,-.39,18574170,16262748992,normal,주식-해외,가능(검수전),pass,20260807,HANARO,가능,확인완료(일치),가능,공식확인
KR7433220001,433220,에셋플러스 글로벌대장장이액티브,S&P 500,30815,.46,3330310,22634015868,normal,주식-해외,가능(검수전),pass,20260807,,,미커버(소형 운용사),가능,구조규칙
KR7433250008,433250,UNICORN R&D 액티브,코스피 200,22035,-.41,218880,5490580130,normal,주식-국내,가능(검수전),fail,20260807,,,미커버(소형 운용사),가능,구조규칙
KR7433330008,433330,SOL 미국S&P500,S&P 500,22620,-.72,1088144556,296134708505,normal,주식-해외,가능(검수전),pass,20260807,SOL,가능,확인완료(일치),가능,공식확인
KR7433500006,433500,ACE 원자력TOP10,DeepSearch 원자력 TOP 10지수,51975,-.87,3810376357,208729397815,normal,주식-국내,가능(검수전),pass,20260807,ACE,가능,확인완료(일치),가능,공식확인
KR7433880002,433880,PLUS TDF2060액티브 적격,Morningstar Korea Lifetime Allocation Moderate 2060 Index (Gross Return),18880,-.68,488338095,66125132096,normal,혼합·자산배분,가능(검수전),pass,20260807,PLUS,가능,확인완료(일치),가능,공식확인
KR7433970001,433970,KODEX TDF2030액티브 적격,Samsung Korea Target Date 2030 Index (Price Return),14180,-.25,300824633,92362388110,normal,혼합·자산배분,가능(검수전),pass,20260807,KODEX,가능,확인완료(일치),가능,공식확인
KR7433980000,433980,KODEX TDF2040액티브 적격,Samsung Korea Target Date 2040 Index (Price Return),16115,-.25,514677685,185408967938,normal,혼합·자산배분,가능(검수전),pass,20260807,KODEX,가능,확인완료(일치),가능,공식확인
KR7434060000,434060,KODEX TDF2050액티브 적격,Samsung Korea Target Date 2050 Index (Price Return),17130,-.55,2064840768,625421179009,normal,혼합·자산배분,가능(검수전),pass,20260807,KODEX,가능,확인완료(일치),가능,공식확인
KR7434730008,434730,HANARO 원자력iSelect,iSelect 원자력지수 (시장가격),56860,-.26,8898234417,674945009934,normal,주식-국내,가능(검수전),pass,20260807,HANARO,가능,확인완료(일치),가능,공식확인
KR7434960001,434960,DAISHIN343 K200,코스피 200,98745,-.96,9122520,68988254461,normal,주식-국내,가능(검수전),pass,20260807,,,미커버(소형 운용사),가능,구조규칙
KR7435040001,435040,ACE 글로벌브랜드TOP10,Bloomberg Global Select Industry Leaders TOP10 Index(PR),19695,-.33,14986670,12788384524,normal,주식-해외,가능(검수전),pass,20260807,ACE,가능,확인완료(일치),가능,공식확인
KR7435420005,435420,TIGER 미국나스닥100채권혼합50,FnGuide 나스닥100채권혼합50 지수(총수익 지수),14265,-.38,2792240505,486628340004,normal,채권,가능(검수전),pass,20260807,TIGER,가능,확인완료(일치),가능,공식확인
KR7435530001,435530,KIWOOM TDF2030액티브 적격,Dow Jones Target 2030 Index (Total Return),15715,-.73,13223185,7839554666,normal,혼합·자산배분,가능(검수전),fail,20260807,KIWOOM,가능,확인완료(일치),가능,공식확인
KR7435540000,435540,KIWOOM TDF2040액티브 적격,Dow Jones Target 2040 Index (Total Return),17750,-.2,22980950,8843152525,normal,혼합·자산배분,가능(검수전),fail,20260807,KIWOOM,가능,확인완료(일치),가능,공식확인
KR7435550009,435550,KIWOOM TDF2050액티브 적격,Dow Jones Target 2050 Index (Total Return),18240,-.55,32954890,12744328241,normal,혼합·자산배분,가능(검수전),pass,20260807,KIWOOM,가능,확인완료(일치),가능,공식확인
KR7436140008,436140,SOL 종합채권(AA-이상)액티브,"KAP K-종합채권지수(AA-이상, 총수익)",106455,.01,945241375,1299513627733,normal,채권,가능(검수전),pass,20260807,SOL,가능,확인완료(일치),가능,공식확인
KR7437070006,437070,KODEX 아시아달러채권ESG플러스액티브,Bloomberg MSCI EM Asia Investment Grade Credit SRI Index(Total Return),60885,-.38,70219125,38457950426,normal,채권,가능(검수전),pass,20260807,KODEX,가능,확인완료(일치),가능,공식확인
KR7437080005,437080,KODEX 미국종합채권ESG액티브(H),Bloomberg MSCI US Aggregate 2bn ex Securitized SRI Capped Index(Total Return),97085,-.45,480677423,231675366174,normal,채권,가능(검수전),pass,20260807,KODEX,가능,확인완료(일치),가능,공식확인
KR7437350002,437350,RISE 미국단기투자등급회사채액티브,Bloomberg US Corporate 1-5 Years Total Return Index,12515,-.48,116467845,27497267282,normal,채권,가능(검수전),pass,20260807,RISE,가능,확인완료(일치),가능,공식확인
KR7437370000,437370,RISE 글로벌농업경제,MVIS Global Agribusiness Index(Price Return),10565,.19,5706987,7366541342,normal,주식-해외,가능(검수전),fail,20260807,RISE,가능,확인완료(일치),가능,공식확인
KR7438080004,438080,ACE 미국S&P500미국채혼합50액티브,S&P 500 and Short-Term Treasury 50/50 Blend Index,14440,-.48,5423857202,1237240098871,normal,채권,가능(검수전),pass,20260807,ACE,가능,확인완료(일치),가능,공식확인
KR7438100000,438100,ACE 미국나스닥100미국채혼합50액티브,NASDAQ-100 US T-Bills 50/50 Index,15605,-.16,3447826209,933225260876,normal,채권,가능(검수전),pass,20260807,ACE,가능,확인완료(일치),가능,공식확인
KR7438320004,438320,TIGER 차이나항셍테크레버리지(합성 H),Hang Seng TECH Index,5760,.17,69620290,25470733152,leverage,주식-해외,불가,pass,20260807,TIGER,불가,확인완료(일치),불가,공식확인
KR7438330003,438330,TIGER 우량회사채액티브,KIS 투자등급회사채 지수(총수익),115585,-.01,420491974,537584411967,normal,채권,가능(검수전),pass,20260807,TIGER,가능,확인완료(일치),가능,공식확인
KR7438560005,438560,SOL 국고채3년,KAP 국고채3년지수(총수익지수),100490,-.06,24036630,75787160130,normal,채권,가능(검수전),pass,20260807,SOL,가능,확인완료(일치),가능,공식확인
KR7438570004,438570,SOL 국고채10년,KAP 국고채10년지수(총수익지수),98860,-.3,19697050,107469592446,normal,채권,가능(검수전),pass,20260807,SOL,가능,확인완료(일치),가능,공식확인
KR7438740003,438740,MIDAS 중소형액티브,코스피 중형주,32495,-.02,812390,7346591380,normal,주식-국내,가능(검수전),fail,20260807,,,미커버(소형 운용사),가능,구조규칙
KR7438900003,438900,HANARO Fn K-푸드,FnGuide K-푸드 지수 (시장가격),11595,3.25,807406077,15058843318,normal,주식-국내,가능(검수전),pass,20260807,HANARO,가능,확인완료(일치),가능,공식확인
KR7439860008,439860,KODEX ESG종합채권(A-이상)액티브,"KAP ESG 종합채권지수(A- 이상, 총수익)",113635,-.05,18992455,352713788723,normal,채권,가능(검수전),pass,20260807,KODEX,가능,확인완료(일치),가능,공식확인
KR7439870007,439870,KODEX 국고채30년액티브,KAP 국고채 30년 총수익 지수,88065,-.08,321013210,413597473074,normal,채권,가능(검수전),pass,20260807,KODEX,가능,확인완료(일치),가능,공식확인
KR7440340008,440340,TIGER 글로벌멀티에셋TIF액티브,INDXX 멀티에셋인컴 지수(시장가격 지수),12280,-.69,367649940,26413364518,normal,혼합·자산배분,가능(검수전),pass,20260807,TIGER,가능,확인완료(일치),가능,공식확인
KR7440640001,440640,ACE 단기채권알파액티브,KIS 단기채권알파AA-이상 총수익지수,112460,.01,119547175,68940138288,normal,채권,가능(검수전),pass,20260807,ACE,가능,확인완료(일치),가능,공식확인
KR7440650000,440650,ACE 미국달러단기채권액티브,Bloomberg Short-Term Treasury Total Return Index,11875,-.25,547890365,42691382506,normal,채권,가능(검수전),pass,20260807,ACE,가능,확인완료(일치),가능,공식확인
KR7440910008,440910,WON 미국우주항공방산,S&P Aerospace & Defense Select Industry Index(PR),27420,0,74530715,60124162954,normal,주식-해외,가능(검수전),pass,20260807,,,미커버(소형 운용사),가능,구조규칙
KR7441540002,441540,HANARO Fn조선해운,FnGuide 조선해운지수,27835,-.13,210176397,75015642976,normal,주식-국내,가능(검수전),pass,20260807,HANARO,가능,확인완료(일치),가능,공식확인
KR7441640000,441640,KODEX 미국배당커버드콜액티브,S&P 500,13070,-.49,13390904600,1676106003139,normal,주식-해외,가능(검수전),pass,20260807,KODEX,가능,확인완료(일치),가능,공식확인
KR7441680006,441680,TIGER 미국나스닥100커버드콜(합성),Cboe Nasdaq-100 BuyWrite V2 지수 (Total Return),10945,.18,553671276,297826612858,normal,주식-해외,가능(검수전),pass,20260807,TIGER,가능,확인완료(일치),가능,공식확인
KR7441800000,441800,TIME Korea플러스배당액티브,코스피 200,27155,-.51,4662336215,748500827299,normal,주식-국내,가능(검수전),pass,20260807,,,미커버(소형 운용사),가능,구조규칙
KR7442090007,442090,에셋플러스 코리아대장장이액티브,FnGuide 대장장이 지수(Price Return),27815,1.11,6785727,41560535070,normal,주식-국내,가능(검수전),pass,20260807,,,미커버(소형 운용사),가능,구조규칙
KR7442260006,442260,마이티 다이나믹퀀트액티브,코스피 200,34040,.06,31613505,42044944177,normal,주식-국내,가능(검수전),pass,20260807,,,미커버(소형 운용사),가능,구조규칙
KR7442320008,442320,RISE 글로벌원자력,iSelect 글로벌원자력 지수(시장가격),35675,-1.84,220110521,223869211242,normal,주식-해외,가능(검수전),pass,20260807,RISE,가능,확인완료(일치),가능,공식확인
KR7442550000,442550,RISE TDF2030액티브 적격,iSelect 전략적자산배분 TDF 2030 지수,14865,-.23,33459945,22880832535,normal,혼합·자산배분,가능(검수전),pass,20260807,RISE,가능,확인완료(일치),가능,공식확인
KR7442560009,442560,RISE TDF2040액티브 적격,iSelect 전략적자산배분 TDF 2040 지수,16695,.3,218675550,50279870975,normal,혼합·자산배분,가능(검수전),pass,20260807,RISE,가능,확인완료(일치),가능,공식확인
KR7442570008,442570,RISE TDF2050액티브 적격,iSelect 전략적자산배분 TDF 2050 지수,17670,-.93,2112953322,319936264100,normal,혼합·자산배분,가능(검수전),pass,20260807,RISE,가능,확인완료(일치),가능,공식확인
KR7442580007,442580,PLUS 글로벌HBM반도체,iSelect 글로벌HBM반도체 지수,92305,-.21,84985893118,1570411558348,normal,주식-해외,가능(검수전),pass,20260807,PLUS,가능,확인완료(일치),가능,공식확인
KR7444200000,444200,SOL 코리아메가테크액티브,KEDI 메가테크지수(PR),43005,.5,8182163188,490985272259,normal,주식-국내,가능(검수전),pass,20260807,SOL,가능,확인완료(일치),가능,공식확인
KR7444490007,444490,WON 미국S&P500,S&P 500,20780,-.76,600299400,89255929770,normal,주식-해외,가능(검수전),pass,20260807,,,미커버(소형 운용사),가능,구조규칙
KR7445150006,445150,KODEX 친환경조선해운액티브,FnGuide K-친환경 선박 지수,28695,.33,148855535,53350715076,normal,주식-국내,가능(검수전),pass,20260807,KODEX,가능,확인완료(일치),가능,공식확인
KR7445290000,445290,KODEX 로봇액티브,iSelect K-로봇테마 지수,30140,-1.58,20228019708,1057644306368,normal,주식-국내,가능(검수전),pass,20260807,KODEX,가능,확인완료(일치),가능,공식확인
KR7445690001,445690,BNK 주주가치액티브,FnGuide 주주가치 지수,29050,-.31,1343760,17354462420,normal,주식-국내,가능(검수전),pass,20260807,,,미커버(소형 운용사),가능,구조규칙
KR7445910003,445910,TIGER MKF배당귀족,MKF 배당귀족 지수(시장가격지수),20845,.77,81521930,19929298084,normal,주식-국내,가능(검수전),pass,20260807,TIGER,가능,확인완료(일치),가능,공식확인
KR7446690000,446690,KODEX 아시아AI반도체exChina액티브,iSelect 아시아반도체 제조동맹 지수(시장가격),56060,-1.8,431076428,28192689581,normal,주식-국내,가능(검수전),pass,20260807,KODEX,가능,확인완료(일치),가능,공식확인
KR7446700007,446700,RISE 배터리 리사이클링,iSelect 배터리 리사이클링 지수,9970,2.62,41064937,10797470692,normal,주식-국내,가능(검수전),pass,20260807,RISE,가능,확인완료(일치),가능,공식확인
KR7446720005,446720,SOL 미국배당다우존스,Dow Jones U.S. Dividend 100 Price Return Index,13880,-.61,2856378029,1023345172348,normal,주식-해외,가능(검수전),pass,20260807,SOL,가능,확인완료(일치),가능,공식확인
KR7446770000,446770,ACE 글로벌반도체TOP4 Plus,Solactive Global Semiconductor TOP4 Plus Price Return Index,76280,-.1,15343132060,1526975894725,normal,주식-해외,가능(검수전),pass,20260807,ACE,가능,확인완료(일치),가능,공식확인
KR7447430000,447430,ACE 주주환원가치주액티브,FnGuide 올라운드 가치주 지수,16470,1.73,115288226,48361934483,normal,주식-국내,가능(검수전),pass,20260807,ACE,가능,확인완료(일치),가능,공식확인
KR7447620006,447620,SOL 미국TOP5채권혼합50,Solactive US TOP5 Balanced50 Index(PR),16150,.16,1760654560,124261948052,normal,채권,가능(검수전),pass,20260807,SOL,가능,확인완료(일치),가능,공식확인
KR7447660002,447660,PLUS 애플채권혼합,FnGuide 애플채권혼합 지수,13750,-.07,296270510,22696944661,normal,채권,가능(검수전),pass,20260807,PLUS,가능,확인완료(일치),가능,공식확인
KR7447770009,447770,TIGER 테슬라채권혼합Fn,FnGuide 테슬라채권혼합 지수,13495,-.04,997049287,431245533026,normal,채권,가능(검수전),pass,20260807,TIGER,가능,확인완료(일치),가능,공식확인
KR7448100008,448100,WON 200,코스피 200,101030,-.89,1363407010,113280885346,normal,주식-국내,가능(검수전),pass,20260807,,,미커버(소형 운용사),가능,구조규칙
KR7448290007,448290,TIGER 미국S&P500(H),S&P 500,17865,-.22,2537803799,455189828130,normal,주식-해외,가능(검수전),pass,20260807,TIGER,가능,확인완료(일치),가능,공식확인
KR7448300004,448300,TIGER 미국나스닥100(H),NASDAQ 100,22900,.13,1381687936,351768179309,normal,주식-해외,가능(검수전),pass,20260807,TIGER,가능,확인완료(일치),가능,공식확인
KR7448330001,448330,KODEX 삼성전자채권혼합,Wise 삼성전자채권혼합 지수,16710,.36,9774536061,1222522543317,normal,채권,가능(검수전),pass,20260807,KODEX,가능,확인완료(일치),가능,공식확인
KR7448490003,448490,HANARO 32-10 국고채액티브,KAP 32-10 국고채 10년 총수익지수,53195,-.39,53195,11899670112,normal,채권,가능(검수전),pass,20260807,HANARO,가능,확인완료(일치),가능,공식확인
KR7448540005,448540,ACE 엔비디아채권혼합,Bloomberg Blended NVIDIA Equity and Korean Bond Index,26640,-.17,327477510,234206225760,normal,채권,가능(검수전),pass,20260807,ACE,가능,확인완료(일치),가능,공식확인
KR7448570002,448570,FOCUS AI코리아액티브,코스피,28480,.92,455930,38486720767,normal,주식-국내,가능(검수전),pass,20260807,,,미커버(소형 운용사),가능,구조규칙
KR7448630004,448630,RISE 삼성그룹Top3채권혼합,Bloomberg Blended Samsung Group Fixed Top 3 Equity and Korean Bond Index,14815,.85,2431607461,315593228723,normal,채권,가능(검수전),pass,20260807,RISE,가능,확인완료(일치),가능,공식확인
KR7449170000,449170,TIGER KOFR금리액티브(합성),KOFR 지수,111540,.01,6494576351,2434511636219,normal,금리·파킹,가능(검수전),pass,20260807,TIGER,가능,확인완료(일치),가능,공식확인
KR7449180009,449180,KODEX 미국S&P500(H),S&P 500,17220,-.23,8889173786,994516723700,normal,주식-해외,가능(검수전),pass,20260807,KODEX,가능,확인완료(일치),가능,공식확인
KR7449190008,449190,KODEX 미국나스닥100(H),NASDAQ 100,22175,.2,3753929309,561657205604,normal,주식-해외,가능(검수전),pass,20260807,KODEX,가능,확인완료(일치),가능,공식확인
KR7449450006,449450,PLUS K방산,FnGuide K-방위산업 지수,56265,2.67,12349522266,1104263840389,normal,주식-국내,가능(검수전),pass,20260807,PLUS,가능,확인완료(일치),가능,공식확인
KR7449580000,449580,RISE 테슬라애플아마존채권혼합,iSelect 테슬라 애플 아마존 채권혼합지수(Price Return),16220,-.09,60206952,17830740792,normal,채권,가능(검수전),pass,20260807,RISE,가능,확인완료(일치),가능,공식확인
KR7449680008,449680,TIGER 한중전기차(합성),KRX CSI 한·중 전기차지수,10815,-.23,21725,9237067165,normal,주식-국내,가능(검수전),fail,20260807,TIGER,가능,확인완료(일치),가능,공식확인
KR7449690007,449690,TIGER 한중반도체(합성),KRX CSI 한·중 반도체지수,47435,1.19,1792040,35311877794,normal,주식-국내,가능(검수전),pass,20260807,TIGER,가능,확인완료(일치),가능,공식확인
KR7449770007,449770,KIWOOM 미국S&P500,S&P 500,21675,-.64,11446028547,106131761358,normal,주식-해외,가능(검수전),pass,20260807,KIWOOM,가능,확인완료(일치),가능,공식확인
KR7449780006,449780,KIWOOM 미국S&P500(H),S&P 500,18770,-.37,321949040,33735967043,normal,주식-해외,가능(검수전),pass,20260807,KIWOOM,가능,확인완료(일치),가능,공식확인
KR7450180005,450180,KODEX 한중전기차(합성),KRX CSI 한·중 전기차지수,11315,2.31,1163895,7255463308,normal,주식-국내,가능(검수전),fail,20260807,KODEX,가능,확인완료(일치),가능,공식확인
KR7450190004,450190,KODEX 한중반도체(합성),KRX CSI 한·중 반도체지수,47700,.51,9367910,28503617538,normal,주식-국내,가능(검수전),pass,20260807,KODEX,가능,확인완료(일치),가능,공식확인
KR7450910005,450910,SOL 코스닥150,코스닥 150,13300,.23,2847262657,34085957393,normal,주식-국내,가능(검수전),pass,20260807,SOL,가능,확인완료(일치),가능,공식확인
KR7451000004,451000,PLUS 종합채권(AA-이상)액티브,"KAP 종합채권지수(AA-이상, 총수익)",107545,-.1,2150665,402001285079,normal,채권,가능(검수전),pass,20260807,PLUS,가능,확인완료(일치),가능,공식확인
KR7451060008,451060,1Q 200액티브,코스피 200,31395,-.99,1591690019,394645990793,normal,주식-국내,가능(검수전),pass,20260807,,,미커버(소형 운용사),가능,구조규칙
KR7451150007,451150,에셋플러스 글로벌영에이지액티브,S&P 500,18325,-.3,55125,11355041287,normal,주식-해외,가능(검수전),pass,20260807,,,미커버(소형 운용사),가능,구조규칙
KR7451530000,451530,TIGER 국고채30년스트립액티브,KIS STRIP 30Y Index(총수익지수),35630,-.22,134616865,145624931309,normal,채권,가능(검수전),pass,20260807,TIGER,가능,확인완료(일치),가능,공식확인
KR7451540009,451540,TIGER 종합채권(AA-이상)액티브,KIS 종합채권 AA-이상 총수익 지수(Total return Index),52955,-.03,76156740,1006206691697,normal,채권,가능(검수전),pass,20260807,TIGER,가능,확인완료(일치),가능,공식확인
KR7451600001,451600,PLUS 국고채30년액티브,KAP 국고채 30년 지수(총수익),84920,-.19,2802692,11623345206,normal,채권,가능(검수전),pass,20260807,PLUS,가능,확인완료(일치),가능,공식확인
KR7451670004,451670,RISE 국채30년레버리지(합성),KAP 국채30년 TR 지수(총수익),12385,-.44,4062160,6193066802,leverage,채권,불가,fail,20260807,RISE,불가,확인완료(일치),불가,공식확인
KR7452250004,452250,ACE 미국30년국채선물레버리지(합성 H),S&P Ultra T-Bond Futures Index(ER),4750,-1.86,84066048,37045049754,leverage,채권,불가,pass,20260807,ACE,불가,확인완료(일치),불가,공식확인
KR7452360001,452360,SOL 미국배당다우존스(H),Dow Jones U.S. Dividend 100 Price Return Index,13225,-.34,986189642,215179255963,normal,주식-해외,가능(검수전),pass,20260807,SOL,가능,확인완료(일치),가능,공식확인
KR7453010001,453010,PLUS KOFR금리,KOFR 지수,109650,0,345846469,14696270594,normal,금리·파킹,가능(검수전),pass,20260807,PLUS,가능,확인완료(일치),가능,공식확인
KR7453060006,453060,HANARO KOFR금리액티브(합성),KOFR 지수,111205,.01,34587260,12231526541,normal,금리·파킹,가능(검수전),pass,20260807,HANARO,가능,확인완료(일치),가능,공식확인
KR7453080004,453080,KIWOOM 미국나스닥100(H),NASDAQ 100,22875,-.11,744633975,89014960002,normal,주식-해외,가능(검수전),pass,20260807,KIWOOM,가능,확인완료(일치),가능,공식확인
KR7453330003,453330,RISE 미국S&P500(H),S&P 500,18255,-.27,296769444,82087146864,normal,주식-해외,가능(검수전),pass,20260807,RISE,가능,확인완료(일치),가능,공식확인
KR7453630006,453630,KODEX 미국S&P500필수소비재,S&P Consumer Staples Select Sector Index(Price Return),12740,-.78,225328440,16541898740,normal,주식-해외,가능(검수전),pass,20260807,KODEX,가능,확인완료(일치),가능,공식확인
KR7453640005,453640,KODEX 미국S&P500헬스케어,S&P Health Care Select Sector Index(Price Return),14070,-.46,412663701,60464937398,normal,주식-해외,가능(검수전),pass,20260807,KODEX,가능,확인완료(일치),가능,공식확인
KR7453650004,453650,KODEX 미국S&P500금융,S&P Financial Select Sector Index(Price Return),20015,-1.04,272869860,45061302970,normal,주식-해외,가능(검수전),pass,20260807,KODEX,가능,확인완료(일치),가능,공식확인
KR7453660003,453660,KODEX 미국S&P500경기소비재,S&P Consumer Discretionary Select Sector Index(Price Return),18035,-.58,3300459,12640809602,normal,주식-해외,가능(검수전),pass,20260807,KODEX,가능,확인완료(일치),가능,공식확인
KR7453810004,453810,KODEX 인도Nifty50,Nifty 50 Index,12310,-.36,1657829848,365741755121,normal,주식-해외,가능(검수전),pass,20260807,KODEX,가능,확인완료(일치),가능,공식확인
KR7453820003,453820,KODEX 인도Nifty50레버리지(합성),Nifty 50 Index,12665,-.47,16692445,16465047496,leverage,주식-해외,불가,pass,20260807,KODEX,불가,확인완료(일치),불가,공식확인
KR7453850000,453850,ACE 미국30년국채액티브(H),Bloomberg U.S Treasury 20+ Year Total Return Index,7165,-.76,3624308476,1505846626810,normal,채권,가능(검수전),pass,20260807,ACE,가능,확인완료(일치),가능,공식확인
KR7453870008,453870,TIGER 인도니프티50,Nifty 50 Index,12105,-.49,1100691500,304252443686,normal,주식-해외,가능(검수전),pass,20260807,TIGER,가능,확인완료(일치),가능,공식확인
KR7453950008,453950,TIGER TSMC파운드리밸류체인,FactSet TSMC 파운드리 밸류체인 지수(시장가격지수),33625,-.65,111956201,66074474442,normal,주식-해외,가능(검수전),pass,20260807,TIGER,가능,확인완료(일치),가능,공식확인
KR7454180001,454180,KIWOOM 차이나내수소비TOP CSI,CSI SH-HK-SZ Consumer Top Index,7835,-1.82,54408020,3202036913,normal,주식-해외,가능(검수전),fail,20260807,KIWOOM,가능,확인완료(일치),가능,공식확인
KR7454320003,454320,HANARO CAPEX설비투자iSelect,iSelect CAPEX 설비투자 지수(시장가격),41570,-.14,165222745,89181679203,normal,주식-국내,가능(검수전),pass,20260807,HANARO,가능,확인완료(일치),가능,공식확인
KR7454780008,454780,KIWOOM 종합채권(AA-이상)액티브,KIS 종합 채권시장지수(AA-이상)(총수익지수),99735,-.18,2017590545,292933515190,normal,채권,가능(검수전),pass,20260807,KIWOOM,가능,확인완료(일치),가능,공식확인
KR7455030007,455030,KODEX 미국달러SOFR금리액티브(합성),Bloomberg SOFR Daily Total Return Index,12180,-.08,6094403795,649164798402,normal,금리·파킹,가능(검수전),pass,20260807,KODEX,가능,확인완료(일치),가능,공식확인
KR7455660001,455660,ACE 미국하이일드액티브(H),iBoxx USD Liquid High Yield Total Return Index,9470,0,172768277,62383088289,normal,채권,가능(검수전),pass,20260807,ACE,가능,확인완료(일치),가능,공식확인
KR7455850008,455850,SOL AI반도체소부장,FnGuide AI 반도체 소부장 지수,20380,-2.42,24437751728,858710059152,normal,주식-국내,가능(검수전),pass,20260807,SOL,가능,확인완료(일치),가능,공식확인
KR7455860007,455860,SOL 2차전지소부장Fn,FnGuide 2차전지 소부장 지수(PR),4360,3.93,1894080544,102841280959,normal,주식-국내,가능(검수전),pass,20260807,SOL,가능,확인완료(일치),가능,공식확인
KR7455890004,455890,RISE 머니마켓액티브,KIS 시가평가 MMF 지수 (총수익지수),55360,.02,4454032289,2973454005086,normal,금리·파킹,가능(검수전),pass,20260807,RISE,가능,확인완료(일치),가능,공식확인
KR7455960005,455960,RISE 미국달러SOFR금리액티브(합성),KAP SOFR 지수,12390,-.36,5609170,56738305220,normal,금리·파킹,가능(검수전),pass,20260807,RISE,가능,확인완료(일치),가능,공식확인
KR7456200005,456200,PLUS 미국달러SOFR금리액티브(합성),Solactive SOFR Daily Total Return Index,61365,.02,36152435,6739608311,normal,금리·파킹,가능(검수전),fail,20260807,PLUS,가능,확인완료(일치),가능,공식확인
KR7456250000,456250,KODEX 유럽명품TOP10 STOXX,STOXX Europe Luxury 10 Index(Price Return),9565,1.06,100162275,10985129212,normal,주식-해외,가능(검수전),pass,20260807,KODEX,가능,확인완료(일치),가능,공식확인
KR7456600006,456600,TIME 글로벌AI인공지능액티브,Solactive Global Artificial Intelligence 지수,58305,.89,10782985371,2136370100091,normal,주식-해외,가능(검수전),pass,20260807,,,미커버(소형 운용사),가능,구조규칙
KR7456610005,456610,TIGER 미국달러SOFR금리액티브(합성),Solactive SOFR Daily Total Return Index,61350,-.46,981116636,696068305496,normal,금리·파킹,가능(검수전),pass,20260807,TIGER,가능,확인완료(일치),가능,공식확인
KR7456680008,456680,TIGER 차이나전기차레버리지(합성),Solactive China Electric Vehicle and Battery Index(PR),7185,.91,11840055,37343800641,leverage,주식-해외,불가,pass,20260807,TIGER,불가,확인완료(일치),불가,공식확인
KR7456880004,456880,ACE 미국달러SOFR금리(합성),Solactive SOFR Daily Total Return Index,12420,-.4,461410062,342441804671,normal,금리·파킹,가능(검수전),pass,20260807,ACE,가능,확인완료(일치),가능,공식확인
KR7457480002,457480,ACE 테슬라밸류체인액티브,Bloomberg EV Supporters Plus Tesla Price Return Index,17955,.73,2880444094,730635231021,normal,주식-해외,가능(검수전),pass,20260807,ACE,가능,확인완료(일치),가능,공식확인
KR7457690006,457690,KODEX 33-06 국고채액티브,KAP 33-06 국고채 총수익 지수,10535,-.19,195532475,23716531289,normal,채권,가능(검수전),pass,20260807,KODEX,가능,확인완료(일치),가능,공식확인
KR7457700003,457700,KODEX 53-09 국고채액티브,KAP 53-09 국고채 총수익 지수,9215,-.11,33706840,12151460285,normal,채권,가능(검수전),pass,20260807,KODEX,가능,확인완료(일치),가능,공식확인
KR7457930006,457930,BNK 미래전략기술액티브,iSelect 미래전략기술 지수 (PR),26195,-1.3,913345,7907497966,normal,주식-국내,가능(검수전),fail,20260807,,,미커버(소형 운용사),가능,구조규칙
KR7457990000,457990,PLUS 태양광&ESS,FnGuide 태양광 & ESS 지수,36970,4.04,44095473561,133754491535,normal,주식-국내,가능(검수전),pass,20260807,PLUS,가능,확인완료(일치),가능,공식확인
KR7458030004,458030,WON 국공채머니마켓액티브,KAP 국공채 머니마켓 총수익 지수,54935,-.01,261215925,77900923630,normal,금리·파킹,가능(검수전),pass,20260807,,,미커버(소형 운용사),가능,구조규칙
KR7458210002,458210,KIWOOM CD금리액티브(합성),FnGuide CD91일 금리투자 지수(총수익),110400,.01,883125,148221782943,normal,금리·파킹,가능(검수전),pass,20260807,KIWOOM,가능,확인완료(일치),가능,공식확인
KR7458250008,458250,TIGER 미국30년국채스트립액티브(합성 H),ICE BofA Long US Treasury Principal STRIPS Index,34485,-1.16,1737601549,394333587298,normal,채권,가능(검수전),pass,20260807,TIGER,가능,확인완료(일치),가능,공식확인
KR7458260007,458260,TIGER 미국투자등급회사채액티브(H),iBoxx USD Liquid Investment Grade Index(Price Return),46500,-.45,307597383,226892159752,normal,채권,가능(검수전),pass,20260807,TIGER,가능,확인완료(일치),가능,공식확인
KR7458730009,458730,TIGER 미국배당다우존스,Dow Jones U.S. Dividend 100 Price Return Index,15150,-.43,28487927942,4172705620094,normal,주식-해외,가능(검수전),pass,20260807,TIGER,가능,확인완료(일치),가능,공식확인
KR7458750007,458750,TIGER 미국배당다우존스타겟커버드콜1호,DowJones U.S. Dividend 100 3% Premium Covered Call 지수 (TR),13185,-.57,262488946,67006975507,normal,주식-해외,가능(검수전),pass,20260807,TIGER,가능,확인완료(일치),가능,공식확인
KR7458760006,458760,TIGER 미국배당다우존스타겟커버드콜2호,DowJones U.S. Dividend 100 7% Premium Covered Call 지수 (TR),11120,-.31,2035785050,698727355329,normal,주식-해외,가능(검수전),pass,20260807,TIGER,가능,확인완료(일치),가능,공식확인
KR7459560009,459560,KODEX 테슬라밸류체인FactSet,FactSet TSLA Value Chain Index(PR),22120,-.47,286183194,33108340198,normal,주식-해외,가능(검수전),pass,20260807,KODEX,가능,확인완료(일치),가능,공식확인
KR7459580007,459580,KODEX CD금리액티브(합성),KAP 양도성예금증서(CD)금리지수(총수익지수),1074285,.01,473168746053,6625875475828,normal,금리·파킹,가능(검수전),pass,20260807,KODEX,가능,확인완료(일치),가능,공식확인
KR7459750006,459750,RISE 글로벌주식분산액티브,Bloomberg Global Equity Market Weighted Index(Price Return),18275,-1.16,842378025,32947112084,normal,주식-해외,가능(검수전),pass,20260807,RISE,가능,확인완료(일치),가능,공식확인
KR7459790002,459790,KIWOOM 미국성장기업30액티브,MSCI USA Index(Price Return),20940,.58,7469590,27998882535,normal,주식-해외,가능(검수전),pass,20260807,KIWOOM,가능,확인완료(일치),가능,공식확인
KR7460270002,460270,KIWOOM 미국달러SOFR금리액티브(합성),Solactive SOFR Daily Total Return Index,12865,0,45225755,10408525650,normal,금리·파킹,가능(검수전),pass,20260807,KIWOOM,가능,확인완료(일치),가능,공식확인
KR7460660004,460660,RISE 미국S&P배당킹,S&P Dividend Monarchs Index(Price Return),12440,-.68,28339005,17304068368,normal,주식-해외,가능(검수전),pass,20260807,RISE,가능,확인완료(일치),가능,공식확인
KR7460960008,460960,ACE 글로벌인컴TOP10,Solactive Global Superior Income TOP 10 Price Return Index,11400,-.39,292708644,86893858178,normal,주식-해외,가능(검수전),pass,20260807,ACE,가능,확인완료(일치),가능,공식확인
KR7461340002,461340,HANARO 글로벌생성형AI액티브,Solactive United States Technology 100 Index(Price Return),43490,.78,109513935,47495003109,normal,주식-해외,가능(검수전),pass,20260807,HANARO,가능,확인완료(일치),가능,공식확인
KR7461450009,461450,KODEX 코스닥글로벌,코스닥 글로벌 지수,14995,.81,67688750,22416980868,normal,주식-해외,가능(검수전),pass,20260807,KODEX,가능,확인완료(일치),가능,공식확인
KR7461460008,461460,PLUS 국고채10년액티브,KAP 국고채 10년 동일가중 지수(총수익),51760,-.1,2327940,83852562041,normal,채권,가능(검수전),pass,20260807,PLUS,가능,확인완료(일치),가능,공식확인
KR7461490005,461490,RISE 글로벌자산배분액티브,Bloomberg Multi-Asset Weighted (KRW ETFs) 지수(시장가격),14830,-.13,597266995,288176650847,normal,혼합·자산배분,가능(검수전),pass,20260807,RISE,가능,확인완료(일치),가능,공식확인
KR7461500001,461500,HANARO 종합채권(AA-이상)액티브,KAP 종합채권 총수익지수(AA-이상),105185,-.14,11987130,95582511375,normal,채권,가능(검수전),pass,20260807,HANARO,가능,확인완료(일치),가능,공식확인
KR7461580003,461580,TIGER 코스닥글로벌,코스닥 글로벌 지수,15185,.43,972607442,9918807135,normal,주식-해외,가능(검수전),fail,20260807,TIGER,가능,확인완료(일치),가능,공식확인
KR7461600009,461600,SOL 미국30년국채액티브(H),KAP 미국채 20Y+ 지수(시장가격),8345,-.65,12907680,26255580995,normal,채권,가능(검수전),pass,20260807,SOL,가능,확인완료(일치),가능,공식확인
KR7461900003,461900,PLUS 미국테크TOP10,iSelect 미국 Tech 10 지수,23090,.46,20662055,18400941791,normal,주식-해외,가능(검수전),pass,20260807,PLUS,가능,확인완료(일치),가능,공식확인
KR7461910002,461910,PLUS 미국테크TOP10레버리지(합성),iSelect 미국 Tech 10 지수,39255,.65,5771890,19391629878,leverage,주식-해외,불가,pass,20260807,PLUS,불가,확인완료(일치),불가,공식확인
KR7461950008,461950,KODEX 2차전지핵심소재10,FnGuide 2차전지핵심소재10 지수,4675,5.65,8126821459,157147910759,normal,주식-국내,가능(검수전),pass,20260807,KODEX,가능,확인완료(일치),가능,공식확인
KR7462010000,462010,TIGER 2차전지소재Fn,FnGuide 2차전지소재 (Price Return) 지수,4640,4.5,22227473012,501955933462,normal,주식-국내,가능(검수전),pass,20260807,TIGER,가능,확인완료(일치),가능,공식확인
KR7462330002,462330,KODEX 2차전지산업레버리지,FnGuide 2차전지 산업 지수,965,10.92,82881342265,669560951068,leverage,주식-국내,불가,pass,20260807,KODEX,불가,확인완료(일치),불가,공식확인
KR7462340001,462340,에셋플러스 글로벌다이나믹시니어액티브,S&P 500,16835,-.65,0,8371388734,normal,주식-해외,가능(검수전),fail,20260807,,,미커버(소형 운용사),가능,구조규칙
KR7462900002,462900,KoAct 바이오헬스케어액티브,iSelect 바이오헬스케어 PR 지수,14750,.41,13386833725,389662210763,normal,주식-국내,가능(검수전),pass,20260807,,,미커버(소형 운용사),가능,구조규칙
KR7463050005,463050,TIME K바이오액티브,KRX 헬스케어,13445,1.66,9365828279,228129020649,normal,주식-국내,가능(검수전),pass,20260807,,,미커버(소형 운용사),가능,구조규칙
KR7463250001,463250,TIGER K방산&우주,iSelect K방산&우주,36265,3.17,15982483834,541361722964,normal,주식-국내,가능(검수전),pass,20260807,TIGER,가능,확인완료(일치),가능,공식확인
KR7463290007,463290,1Q 단기금융채액티브,MK 머니마켓 지수(총수익),109050,.02,145585909,192150574623,normal,금리·파킹,가능(검수전),pass,20260807,,,미커버(소형 운용사),가능,구조규칙
KR7463300004,463300,RISE 중국본토CSI300,CSI 300 Index,13860,1.54,11478251,21982261359,normal,주식-해외,가능(검수전),pass,20260807,RISE,가능,확인완료(일치),가능,공식확인
KR7463640003,463640,KODEX 미국S&P500유틸리티,S&P Utilities Select Sector Index(Price Return),14245,-1.42,12284200,11367719368,normal,주식-해외,가능(검수전),pass,20260807,KODEX,가능,확인완료(일치),가능,공식확인
KR7463680009,463680,KODEX 미국S&P500테크놀로지,S&P Technology Select Sector Index(Price Return),22895,.7,831174004,126933820781,normal,주식-해외,가능(검수전),pass,20260807,KODEX,가능,확인완료(일치),가능,공식확인
KR7463690008,463690,KODEX 미국S&P500커뮤니케이션,S&P Communication Services Select Sector Index(Price Return),18195,-.05,44220355,10014712748,normal,주식-해외,가능(검수전),pass,20260807,KODEX,가능,확인완료(일치),가능,공식확인
KR7464240001,464240,KIWOOM 26-09회사채(AA-이상)액티브,KIS 2609 만기형 크레딧 종합채권 지수(AA-이상)(총수익지수),52325,.02,65353765,154340480856,normal,채권,가능(검수전),pass,20260807,KIWOOM,가능,확인완료(일치),가능,공식확인
KR7464310002,464310,TIGER 글로벌AI&로보틱스 INDXX,Indxx Global Robotics & Artificial Intelligence Thematic Index(PR),14655,-.98,344900020,120663298257,normal,주식-해외,가능(검수전),pass,20260807,TIGER,가능,확인완료(일치),가능,공식확인
KR7464470004,464470,PLUS 미국채30년액티브,ICE U.S. Treasury 20+ Year Bond Index(Total Return),49225,-1.1,202303215,40553332079,normal,채권,가능(검수전),pass,20260807,PLUS,가능,확인완료(일치),가능,공식확인
KR7464600006,464600,SOL 자동차소부장Fn,FnGuide 자동차소부장지수(PR),22665,-.09,46921745,21460973840,normal,주식-국내,가능(검수전),pass,20260807,SOL,가능,확인완료(일치),가능,공식확인
KR7464610005,464610,SOL 의료기기소부장Fn,FnGuide 의료기기소부장지수(PR),8075,-1.1,122928381,11739926652,normal,주식-국내,가능(검수전),pass,20260807,SOL,가능,확인완료(일치),가능,공식확인
KR7464920008,464920,PLUS 일본반도체소부장,Solactive Japan Semiconductor Materials and Equipment Index PR,24600,-1.6,138092890,31102488769,normal,주식-해외,가능(검수전),pass,20260807,PLUS,가능,확인완료(일치),가능,공식확인
KR7464930007,464930,TIGER 글로벌혁신블루칩TOP10,Mirae Asset Global Innovative Bluechip Top 10 Index(PR),21920,.5,359806357,121195502772,normal,주식-해외,가능(검수전),pass,20260807,TIGER,가능,확인완료(일치),가능,공식확인
KR7465330009,465330,RISE 2차전지TOP10,iSelect 2차전지 TOP10 지수(PR),10640,6.13,2246360729,60331092187,normal,주식-국내,가능(검수전),pass,20260807,RISE,가능,확인완료(일치),가능,공식확인
KR7465350007,465350,RISE 2차전지TOP10인버스(합성),iSelect 2차전지 TOP10 지수(PR),17875,-5.92,2941045708,35889993003,inverse,주식-국내,불가,pass,20260807,RISE,불가,확인완료(일치),불가,공식확인
KR7465580009,465580,ACE 미국빅테크TOP7 Plus,Solactive US Big Tech Top 7 Plus Price Return Index,25045,.34,20004050970,1078611316252,normal,주식-해외,가능(검수전),pass,20260807,ACE,가능,확인완료(일치),가능,공식확인
KR7465610004,465610,ACE 미국빅테크TOP7 Plus레버리지(합성),Solactive US Big Tech Top 7 Plus Price Return Index,45500,1.37,310020071,108490068133,leverage,주식-해외,불가,pass,20260807,ACE,불가,확인완료(일치),불가,공식확인
KR7465620003,465620,ACE 미국빅테크TOP7 Plus인버스(합성),Solactive US Big Tech Top 7 Plus Price Return Index,6270,-.79,3198007,1578096467,inverse,주식-해외,불가,fail,20260807,ACE,불가,확인완료(일치),불가,공식확인
KR7465660009,465660,TIGER 일본반도체FACTSET,FactSet Japan Semiconductor Index(PR),25045,-4.01,735365170,34998560701,normal,주식-해외,가능(검수전),pass,20260807,TIGER,가능,확인완료(일치),가능,공식확인
KR7465670008,465670,TIGER 미국캐시카우100,Global X U.S. Cash Flow Kings 100 Index(PR),16550,-1.78,247054985,14099240715,normal,주식-해외,가능(검수전),pass,20260807,TIGER,가능,확인완료(일치),가능,공식확인
KR7465780005,465780,마이티 26-09 특수채(AAA)액티브,KAP 26-09 특수채 지수(총수익),106220,.01,0,102292881562,normal,채권,가능(검수전),pass,20260807,,,미커버(소형 운용사),가능,구조규칙
KR7466810009,466810,BNK 2차전지양극재,iSelect 2차전지양극재 지수,5505,5.66,41443980,7957336773,normal,주식-국내,가능(검수전),fail,20260807,,,미커버(소형 운용사),가능,구조규칙
KR7466920006,466920,SOL 조선TOP3플러스,FnGuide 조선TOP3플러스지수(PR),29500,.17,20800891662,1567668883942,normal,주식-국내,가능(검수전),pass,20260807,SOL,가능,확인완료(일치),가능,공식확인
KR7466930005,466930,SOL 자동차TOP3플러스,FnGuide 자동차TOP3플러스지수(PR),25975,.68,6518215004,216826426744,normal,주식-국내,가능(검수전),pass,20260807,SOL,가능,확인완료(일치),가능,공식확인
KR7466940004,466940,TIGER 은행고배당플러스TOP10,FnGuide 은행고배당플러스TOP10 지수(시장가격 지수),26895,2.03,8405876404,806005486816,normal,주식-국내,가능(검수전),pass,20260807,TIGER,가능,확인완료(일치),가능,공식확인
KR7466950003,466950,TIGER 글로벌AI액티브,Indxx Artificial Intelligence and Big Data 지수(PR),31175,.78,2749863810,579563700567,normal,주식-해외,가능(검수전),pass,20260807,TIGER,가능,확인완료(일치),가능,공식확인
KR7468370002,468370,KODEX iShares미국인플레이션국채액티브,ICE U.S. Treasury Inflation Linked Bond Index(Total Return),10955,-.54,207486395,18853430702,normal,채권,가능(검수전),pass,20260807,KODEX,가능,확인완료(일치),가능,공식확인
KR7468380001,468380,KODEX iShares미국하이일드액티브,ICE BofAML US HY Constrained Index(Total Return),11240,-.4,1449008061,95692222873,normal,채권,가능(검수전),pass,20260807,KODEX,가능,확인완료(일치),가능,공식확인
KR7468630009,468630,KODEX iShares미국투자등급회사채액티브,iBoxx USD Liquid Investment Grade Index(Total Return),11165,-.76,200924531,33596744404,normal,채권,가능(검수전),pass,20260807,KODEX,가능,확인완료(일치),가능,공식확인
KR7469050009,469050,RISE 미국반도체NYSE(H),NYSE Semicondoctor Index(Price Return),32285,1.99,739282602,35247938088,normal,주식-해외,가능(검수전),pass,20260807,RISE,가능,확인완료(일치),가능,공식확인
KR7469060008,469060,RISE 미국반도체NYSE,NYSE Semicondoctor Index(Price Return),36465,1.52,2020012510,77754884313,normal,주식-해외,가능(검수전),pass,20260807,RISE,가능,확인완료(일치),가능,공식확인
KR7469070007,469070,RISE AI&로봇,iSelect AI&로봇 지수(시장가격),11420,-1.89,6773220966,380323589844,normal,주식-국내,가능(검수전),pass,20260807,RISE,가능,확인완료(일치),가능,공식확인
KR7469150007,469150,ACE AI반도체TOP3+,FnGuide AI반도체 TOP3+ 지수,49650,-2.28,24917949644,954325481227,normal,주식-국내,가능(검수전),pass,20260807,ACE,가능,확인완료(일치),가능,공식확인
KR7469160006,469160,ACE 일본반도체,Bloomberg Japan Semiconductor Select Top 25 Index(Price Return),25815,-2.57,231179690,23558605444,normal,주식-해외,가능(검수전),pass,20260807,ACE,가능,확인완료(일치),가능,공식확인
KR7469170005,469170,ACE 포스코그룹포커스,FnGuide 포스코그룹포커스 지수(시장가격),5680,3.74,6152438075,113589265210,normal,주식-국내,가능(검수전),pass,20260807,ACE,가능,확인완료(일치),가능,공식확인
KR7469530000,469530,RISE 미국달러선물인버스,미국달러선물지수,9145,.22,584105,5861920745,inverse,주식-해외,불가,fail,20260807,RISE,불가,확인완료(일치),불가,공식확인
KR7469790000,469790,KIWOOM 코리아테크TOP10,Solactive K-TechTOP10 Index(PR),38895,-1.61,51194780,27362546855,normal,주식-국내,가능(검수전),pass,20260807,KIWOOM,가능,확인완료(일치),가능,공식확인
KR7469830004,469830,SOL 초단기채권액티브,KAP 단기자금시장지수,54260,.03,11562818908,986294626108,normal,금리·파킹,가능(검수전),pass,20260807,SOL,가능,확인완료(일치),가능,공식확인
KR7470310004,470310,UNICORN 생성형AI강소기업액티브,iSelect AI 지수,17925,-.99,15556895,5356937859,normal,주식-국내,가능(검수전),fail,20260807,,,미커버(소형 운용사),가능,구조규칙
KR7471040006,471040,KoAct 글로벌AI&로봇액티브,iSelect 글로벌AI&로봇PR지수,28465,-.59,1289267428,255643097425,normal,주식-해외,가능(검수전),pass,20260807,,,미커버(소형 운용사),가능,구조규칙
KR7471230003,471230,KODEX 국고채10년액티브,KAP 국고채 10년 지수(TR),104665,-.1,344715455,466836048708,normal,채권,가능(검수전),pass,20260807,KODEX,가능,확인완료(일치),가능,공식확인
KR7471460006,471460,KIWOOM 국고채30년액티브,KIS-키움 국고채30년 지수(총수익지수),46105,-.21,30650054,23018398342,normal,채권,가능(검수전),pass,20260807,KIWOOM,가능,확인완료(일치),가능,공식확인
KR7471760009,471760,TIGER AI반도체핵심공정,iSelect AI반도체핵심공정지수,12325,0,10198049595,110281991407,normal,주식-국내,가능(검수전),pass,20260807,TIGER,가능,확인완료(일치),가능,공식확인
KR7471780007,471780,TIGER 코리아테크액티브,KRX 정보기술,30795,-.68,2582167562,231730733844,normal,주식-국내,가능(검수전),pass,20260807,TIGER,가능,확인완료(일치),가능,공식확인
KR7471990002,471990,KODEX AI반도체핵심장비,iSelect AI 반도체핵심장비 지수,19860,-1.97,14614004421,323147541441,normal,주식-국내,가능(검수전),pass,20260807,KODEX,가능,확인완료(일치),가능,공식확인
KR7472150002,472150,TIGER 배당커버드콜액티브,코스피 200 커버드콜 5% OTM,18725,-.35,54763627037,2130175563792,normal,주식-국내,가능(검수전),pass,20260807,TIGER,가능,확인완료(일치),가능,공식확인
KR7472160001,472160,TIGER 미국테크TOP10 INDXX(H),Indxx US Tech Top 10 Index,18985,.24,2149818502,240871937101,normal,주식-해외,가능(검수전),pass,20260807,TIGER,가능,확인완료(일치),가능,공식확인
KR7472170000,472170,TIGER 미국테크TOP10채권혼합,FnGuide 미국테크TOP10 채권혼합지수,14195,-.14,894209154,339382462563,normal,채권,가능(검수전),pass,20260807,TIGER,,확인필요(공식 목록 미등재),가능,구조규칙
KR7472720002,472720,TRUSTON 주주가치액티브,코스피 200,24890,-.96,6634290,12966147821,normal,주식-국내,가능(검수전),pass,20260807,,,미커버(소형 운용사),가능,구조규칙
KR7472830009,472830,RISE 미국30년국채커버드콜(합성),Bloomberg U.S. Treasury 20+ Year (TLT) 2% OTM Covered Call Index(TR),8180,-1.09,118040351,45362509312,normal,채권,가능(검수전),pass,20260807,RISE,가능,확인완료(일치),가능,공식확인
KR7472840008,472840,IBK 200,코스피 200,96980,-1.11,826170595,36555888276,normal,주식-국내,가능(검수전),pass,20260807,,,미커버(소형 운용사),가능,구조규칙
KR7472870005,472870,RISE 미국30년국채엔화노출(합성 H),KIS 미국채30년 엔화노출 지수(USD/JPY 헤지)(총수익지수),7130,-1.52,1509900782,174535236099,normal,채권,가능(검수전),pass,20260807,RISE,가능,확인완료(일치),가능,공식확인
KR7472920008,472920,HK 종합채권(AA-이상)액티브,KAP 종합채권 AA- 이상 지수(총수익),98365,-.07,491785,253505487972,normal,채권,가능(검수전),pass,20260807,,,미커버(소형 운용사),가능,구조규칙
KR7473290005,473290,KODEX 26-12 회사채(AA-이상)액티브,KAP 26-12 회사채 총수익 지수(AA-이상),10865,.05,541720740,495246224066,normal,채권,가능(검수전),pass,20260807,KODEX,가능,확인완료(일치),가능,공식확인
KR7473330009,473330,SOL 미국30년국채커버드콜(합성),KEDI 미국 국채 20년+ 커버드콜 지수(NTR),8235,-.96,1394106276,288220290829,normal,채권,가능(검수전),pass,20260807,SOL,가능,확인완료(일치),가능,공식확인
KR7473440006,473440,ACE 11월만기자동연장회사채AA-이상액티브,KIS 11월 만기자동연장회사채(AA-이상) 총수익지수,10830,0,13157650,94225437227,normal,채권,가능(검수전),pass,20260807,ACE,가능,확인완료(일치),가능,공식확인
KR7473460004,473460,KODEX 미국서학개미,iSelect 서학개미 지수(PR),23220,.04,368237269,176601948567,normal,주식-해외,가능(검수전),pass,20260807,KODEX,가능,확인완료(일치),가능,공식확인
KR7473490001,473490,KIWOOM 글로벌AI반도체,Solactive Global AI Semiconductor Index (Price Return),30950,.8,42205635,46349824901,normal,주식-해외,가능(검수전),pass,20260807,KIWOOM,가능,확인완료(일치),가능,공식확인
KR7473590008,473590,ACE 미국주식베스트셀러,FnGuide 미국 주식 베스트셀러 지수(시장가격지수),18235,1.5,1291445412,38843204511,normal,주식-해외,가능(검수전),pass,20260807,ACE,가능,확인완료(일치),가능,공식확인
KR7473640001,473640,HANARO 글로벌금채굴기업,NYSE Arca Gold Miners Index (Price Return),31740,1.28,647838293,60596188901,normal,원자재,가능(검수전),pass,20260807,HANARO,가능,확인완료(일치),가능,공식확인
KR7474220001,474220,TIGER 미국테크TOP10타겟커버드콜,Bloomberg U.S. Tech Top10+10% Premium Covered Call Index,15535,-.16,869431378,436882868753,normal,주식-해외,가능(검수전),pass,20260807,TIGER,가능,확인완료(일치),가능,공식확인
KR7474390002,474390,SOL 국고채30년액티브,KAP 국고채30년 지수(TR),40845,-.21,6246235,5468159760,normal,채권,가능(검수전),fail,20260807,SOL,가능,확인완료(일치),가능,공식확인
KR7474590007,474590,WON 반도체밸류체인액티브,FnGuide 반도체 밸류체인 (Price Return) 지수,38620,-.85,3119188774,308394426111,normal,주식-국내,가능(검수전),pass,20260807,,,미커버(소형 운용사),가능,구조규칙
KR7474800000,474800,KIWOOM 미국원유에너지기업,MSCI US IMI Energy 25/50 Index(Price Return),15140,1.99,693408861,32339046074,normal,원자재,가능(검수전),pass,20260807,KIWOOM,가능,확인완료(일치),가능,공식확인
KR7474920006,474920,에셋플러스 차이나일등기업포커스10액티브,"MSCI China Index(USD, Price Return)",19495,.08,1911445,18121470141,normal,주식-해외,가능(검수전),pass,20260807,,,미커버(소형 운용사),가능,구조규칙
KR7475050001,475050,ACE KPOP포커스,iSelect K-POP 포커스지수(시장가격),7200,1.41,4013203574,103368915380,normal,주식-국내,가능(검수전),pass,20260807,ACE,가능,확인완료(일치),가능,공식확인
KR7475070009,475070,KoAct 글로벌친환경전력인프라액티브,Solactive 글로벌친환경전력인프라 PR지수,31495,-.13,140467233,37796825499,normal,리츠·인프라,가능(검수전),pass,20260807,,,미커버(소형 운용사),가능,구조규칙
KR7475080008,475080,KODEX 테슬라커버드콜채권혼합액티브,KEDI 테슬라 인컴 프리미엄 밸런스드 지수(TR),7810,.13,415829393,282852510062,normal,채권,가능(검수전),pass,20260807,KODEX,가능,확인완료(일치),가능,공식확인
KR7475260006,475260,ACE 2월만기자동연장회사채AA-이상액티브,KAP 2월 만기자동연장회사채(AA-이상) 총수익지수,10730,.05,278980,50526201301,normal,채권,가능(검수전),pass,20260807,ACE,가능,확인완료(일치),가능,공식확인
KR7475270005,475270,ACE 5월만기자동연장회사채AA-이상액티브,KIS 5월 만기자동연장회사채(AA-이상) 총수익지수,10715,.05,6396855,44668614597,normal,채권,가능(검수전),pass,20260807,ACE,가능,확인완료(일치),가능,공식확인
KR7475280004,475280,ACE 8월만기자동연장회사채AA-이상액티브,KAP 8월 만기자동연장회사채(AA-이상) 총수익지수,10710,0,888930,103193443832,normal,채권,가능(검수전),pass,20260807,ACE,가능,확인완료(일치),가능,공식확인
KR7475300000,475300,SOL 반도체전공정,FnGuide 반도체 전공정 지수(PR),17605,-3.69,24960006063,239316831013,normal,주식-국내,가능(검수전),pass,20260807,SOL,가능,확인완료(일치),가능,공식확인
KR7475310009,475310,SOL 반도체후공정,FnGuide 반도체 후공정 지수(PR),22660,-1.65,1748127088,60951174836,normal,주식-국내,가능(검수전),pass,20260807,SOL,가능,확인완료(일치),가능,공식확인
KR7475350005,475350,RISE 버크셔포트폴리오TOP10,Solactive Berkshire Portfolio Top10 Index(PR),15095,-.82,294825294,69924768311,normal,주식-국내,가능(검수전),pass,20260807,RISE,가능,확인완료(일치),가능,공식확인
KR7475380002,475380,RISE 글로벌리얼티인컴,Solactive Global Realty Income Index(Price Return),10690,-.37,55405782,28725251584,normal,주식-해외,가능(검수전),pass,20260807,RISE,가능,확인완료(일치),가능,공식확인
KR7475630000,475630,TIGER CD1년금리액티브(합성),KIS CD 1Y 총수익지수,1073825,.01,26308656440,1462654553030,normal,금리·파킹,가능(검수전),pass,20260807,TIGER,가능,확인완료(일치),가능,공식확인
KR7475720009,475720,RISE 200위클리커버드콜,코스피 200 위클리 커버드콜 ATM 지수,11820,.34,4825136818,764787787445,normal,주식-국내,가능(검수전),pass,20260807,RISE,가능,확인완료(일치),가능,공식확인
KR7476000005,476000,UNICORN 포스트IPO액티브,iSelect 포스트 IPO 지수,5560,-3.39,1018329655,3034837898,normal,주식-국내,가능(검수전),fail,20260807,,,미커버(소형 운용사),가능,구조규칙
KR7476030002,476030,SOL 미국나스닥100,NASDAQ 100,17500,-.37,721758145,131716689628,normal,주식-해외,가능(검수전),pass,20260807,SOL,가능,확인완료(일치),가능,공식확인
KR7476070008,476070,KODEX 글로벌비만치료제TOP2 Plus,iSelect 글로벌 비만치료제TOP2 Plus 지수(PR),11400,.66,423926136,30894629301,normal,주식-해외,가능(검수전),pass,20260807,KODEX,가능,확인완료(일치),가능,공식확인
KR7476260005,476260,HANARO 반도체핵심공정주도주,FnGuide 반도체 핵심공정 지수,11115,-3.26,10955956870,47765286061,normal,주식-국내,가능(검수전),pass,20260807,HANARO,가능,확인완료(일치),가능,공식확인
KR7476310008,476310,RISE 글로벌비만산업TOP2+,KEDI 글로벌 비만 산업 Top2+ 지수(Price Return),10085,.55,17580751,5618616167,normal,주식-해외,가능(검수전),fail,20260807,RISE,가능,확인완료(일치),가능,공식확인
KR7476450002,476450,KIWOOM 머니마켓액티브,KIS-키움 MMF지수(총수익지수),52665,.03,30914250,159236921376,normal,금리·파킹,가능(검수전),pass,20260807,KIWOOM,가능,확인완료(일치),가능,공식확인
KR7476550009,476550,TIGER 미국30년국채커버드콜액티브(H),KEDI 미국채30년 위클리 커버드콜30 지수(Total Return),6840,-.65,9780295393,780827847993,normal,채권,가능(검수전),pass,20260807,TIGER,가능,확인완료(일치),가능,공식확인
KR7476690003,476690,TIGER 글로벌비만치료제TOP2Plus,Indxx Global Obesity Treatment Top 2 Plus 지수 (시장가격),10765,.42,348890478,33883715459,normal,주식-해외,가능(검수전),pass,20260807,TIGER,가능,확인완료(일치),가능,공식확인
KR7476750005,476750,ACE 미국30년국채엔화노출액티브(H),Bloomberg U.S. Treasury 20+ Year Total Return Index T1530 JPY Currency Hedged,7670,-1.54,796029697,62264579360,normal,채권,가능(검수전),pass,20260807,ACE,가능,확인완료(일치),가능,공식확인
KR7476760004,476760,ACE 미국30년국채액티브,Bloomberg U.S Treasury 20+ Year Total Return Index,9170,-1.03,4025028988,351152391189,normal,채권,가능(검수전),pass,20260807,ACE,가능,확인완료(일치),가능,공식확인
KR7476800008,476800,KODEX 한국부동산리츠인프라,KRX 부동산리츠인프라 지수,4255,.47,1109750567,488812074684,normal,리츠·인프라,가능(검수전),pass,20260807,KODEX,가능,확인완료(일치),가능,공식확인
KR7476850003,476850,KoAct 배당성장액티브,코스피,20000,-.79,1591475285,93703819925,normal,주식-국내,가능(검수전),pass,20260807,,,미커버(소형 운용사),가능,구조규칙
KR7477050009,477050,PLUS 머니마켓액티브,KAP 시가평가 MMF 지수(총수익),53400,.03,174405054,424506886494,normal,금리·파킹,가능(검수전),pass,20260807,PLUS,가능,확인완료(일치),가능,공식확인
KR7477080006,477080,RISE CD금리액티브(합성),FnGuide CD금리투자 지수(총수익),107260,.01,980833595,1670870743538,normal,금리·파킹,가능(검수전),pass,20260807,RISE,가능,확인완료(일치),가능,공식확인
KR7477490007,477490,에셋플러스 글로벌일등기업포커스10액티브,MSCI World,19595,.03,4684875,17575569211,normal,주식-해외,가능(검수전),pass,20260807,,,미커버(소형 운용사),가능,구조규칙
KR7477730006,477730,KODEX 인도타타그룹,Nifty India Corporate Group Index - Tata Group 25% Cap(PR),7935,-.56,17765610,23832593463,normal,주식-해외,가능(검수전),pass,20260807,KODEX,가능,확인완료(일치),가능,공식확인
KR7478150006,478150,TIME 글로벌우주테크&방산액티브,Solactive Aerospace and Defense USD Index PR,21365,-1.61,599953584,253047955252,normal,주식-해외,가능(검수전),pass,20260807,,,미커버(소형 운용사),가능,구조규칙
KR7479080004,479080,1Q 머니마켓액티브,KIS-하나 MMF 지수(총수익),53640,.01,1211721583,1079120621126,normal,금리·파킹,가능(검수전),pass,20260807,,,미커버(소형 운용사),가능,구조규칙
KR7479520009,479520,RISE KOFR금리액티브(합성),KOFR 지수,106170,0,821711040,1030453643413,normal,금리·파킹,가능(검수전),pass,20260807,RISE,가능,확인완료(일치),가능,공식확인
KR7479620007,479620,SOL 미국AI반도체칩메이커,Solactive US AI Semiconductor Chip Makers Index(PR),26630,1.8,1442374051,92491894929,normal,주식-해외,가능(검수전),pass,20260807,SOL,가능,확인완료(일치),가능,공식확인
KR7479730004,479730,TIGER 인도빌리언컨슈머,Mirae Asset India Billion Consumer 지수(PR),10495,-1.13,596521645,62075123701,normal,주식-해외,가능(검수전),pass,20260807,TIGER,가능,확인완료(일치),가능,공식확인
KR7479850000,479850,HANARO K-뷰티,FnGuide K-뷰티 지수,18150,.47,1985485092,27288337810,normal,주식-국내,가능(검수전),pass,20260807,HANARO,가능,확인완료(일치),가능,공식확인
KR7480020007,480020,ACE 미국빅테크7+데일리타겟커버드콜(합성),Bloomberg US Big Tech Top 7 Plus Premium Decrement 15% Distribution Index,11200,.54,4340234473,164244635837,normal,주식-해외,가능(검수전),pass,20260807,ACE,가능,확인완료(일치),가능,공식확인
KR7480030006,480030,ACE 미국500데일리타겟커버드콜(합성),Bloomberg US 500 Large Cap Premium Decrement 15% Distribution Index,10470,-.14,1309715589,157936000200,normal,주식-해외,가능(검수전),pass,20260807,ACE,가능,확인완료(일치),가능,공식확인
KR7480040005,480040,ACE 미국반도체데일리타겟커버드콜(합성),Bloomberg US Listed Semiconductor Premium Decrement 15% Distribution Index,15740,.93,2031674044,195205745238,normal,주식-해외,가능(검수전),pass,20260807,ACE,가능,확인완료(일치),가능,공식확인
KR7480260009,480260,TIGER 27-04회사채(A+이상)액티브,KIS 회사채2704만기형 지수 (총수익 지수),53720,.01,1142935350,439948693921,normal,채권,가능(검수전),pass,20260807,TIGER,가능,확인완료(일치),가능,공식확인
KR7480310002,480310,TIGER 글로벌온디바이스AI,Mirae Asset Global On-Device AI 지수 (PR),20090,1.7,231450960,53941158149,normal,주식-해외,가능(검수전),pass,20260807,TIGER,가능,확인완료(일치),가능,공식확인
KR7480460005,480460,WON 한국부동산TOP3플러스,DeepSearch 한국부동산TOP3플러스 지수,9265,1.59,1724420,9304391735,normal,주식-국내,가능(검수전),fail,20260807,,,미커버(소형 운용사),가능,구조규칙
KR7481050003,481050,KODEX CD1년금리플러스액티브(합성),KAP 1년은행 CD+추가금리 지수(총수익지수),1022315,.01,14082351804,2619647686091,normal,주식-국내,가능(검수전),pass,20260807,KODEX,가능,확인완료(일치),가능,공식확인
KR7481060002,481060,KODEX 미국30년국채타겟커버드콜(합성 H),Bloomberg U.S.Treasury 20+ Year(TLT)+ 12% Premium Covered Call index(TR),7465,-.6,1846174146,777372467607,normal,채권,가능(검수전),pass,20260807,KODEX,가능,확인완료(일치),가능,공식확인
KR7481180008,481180,SOL 미국AI소프트웨어,KEDI 미국 AI 소프트웨어지수(PR),16025,.41,1156347307,134581494140,normal,주식-해외,가능(검수전),pass,20260807,SOL,가능,확인완료(일치),가능,공식확인
KR7481190007,481190,SOL 미국테크TOP10,Solactive US Tech TOP 10 Custom Index(PR),17340,-.26,2481377256,290903989619,normal,주식-해외,가능(검수전),pass,20260807,SOL,가능,확인완료(일치),가능,공식확인
KR7481340008,481340,RISE 미국30년국채액티브,Bloomberg U.S Treasury 20+ Year Total Return Index,8830,-1.23,142259805,24297820050,normal,채권,가능(검수전),pass,20260807,RISE,가능,확인완료(일치),가능,공식확인
KR7481430007,481430,RISE 국고채10년액티브,KAP 국고채 10년 지수(총수익),98935,-.16,73966040,86677146127,normal,채권,가능(검수전),pass,20260807,RISE,가능,확인완료(일치),가능,공식확인
KR7482030004,482030,KoAct 반도체&2차전지핵심소재액티브,iSelect 반도체&2차전지핵심소재 지수,8625,.82,41257170,9053587519,normal,주식-국내,가능(검수전),fail,20260807,,,미커버(소형 운용사),가능,구조규칙
KR7482730009,482730,TIGER 미국S&P500타겟데일리커버드콜,S&P500 10% Daily Premium Covered Call Index(TR),12260,-.45,3272999594,647536328880,normal,주식-해외,가능(검수전),pass,20260807,TIGER,가능,확인완료(일치),가능,공식확인
KR7483020004,483020,KIWOOM 의료AI,FnGuide 의료AI 지수,9860,1.34,58025485,5921401587,normal,주식-국내,가능(검수전),fail,20260807,KIWOOM,가능,확인완료(일치),가능,공식확인
KR7483030003,483030,KIWOOM 미국블록버스터바이오테크의약품+,Solactive Blockbuster Biotech Drugs Index(PR),11765,0,4365320,5282610665,normal,주식-해외,가능(검수전),fail,20260807,KIWOOM,가능,확인완료(일치),가능,공식확인
KR7483280004,483280,KODEX 미국AI테크TOP10타겟커버드콜,KEDI 미국 AI 테크 TOP10+15%프리미엄 지수(Total Return),12315,-.12,1154949481,484017616292,normal,주식-해외,가능(검수전),pass,20260807,KODEX,가능,확인완료(일치),가능,공식확인
KR7483290003,483290,KODEX 미국배당다우존스타겟커버드콜,Dow Jones U.S. Dividend 100 10% Premium Covered Call Index(Total Return),10415,-.76,1638385839,172252491404,normal,주식-해외,가능(검수전),pass,20260807,KODEX,가능,확인완료(일치),가능,공식확인
KR7483320008,483320,ACE 엔비디아밸류체인액티브,KEDI 글로벌AI반도체 지수,24440,-.2,13708004167,288625004102,normal,주식-해외,가능(검수전),pass,20260807,ACE,가능,확인완료(일치),가능,공식확인
KR7483330007,483330,ACE 마이크로소프트밸류체인액티브,KEDI 글로벌생성형AI 지수,15010,.13,1985165501,20105537700,normal,주식-해외,가능(검수전),pass,20260807,ACE,가능,확인완료(일치),가능,공식확인
KR7483340006,483340,ACE 구글밸류체인액티브,KEDI 글로벌 AI 클라우드 지수,23100,.11,1546173569,261242841599,normal,주식-해외,가능(검수전),pass,20260807,ACE,가능,확인완료(일치),가능,공식확인
KR7483570008,483570,KCGI 미국S&P500 TOP10,S&P500 Top10 25% Capped Index(PR),16395,.52,78258565,26088498928,normal,주식-해외,가능(검수전),pass,20260807,,,미커버(소형 운용사),가능,구조규칙
KR7484790001,484790,KODEX 미국30년국채액티브(H),KEDI-KAP 미국 국채 20+ 지수(TR),8260,-.72,4110731042,595297958897,normal,채권,가능(검수전),pass,20260807,KODEX,가능,확인완료(일치),가능,공식확인
KR7484880000,484880,SOL 금융지주플러스고배당,FnGuide 금융지주플러스고배당 지수(PR),22970,1.64,7509474967,384604543854,normal,주식-국내,가능(검수전),pass,20260807,SOL,가능,확인완료(일치),가능,공식확인
KR7484890009,484890,SOL 머니마켓액티브,KAP 시가 MMF 지수(TR),52445,0,673934855,14158592185,normal,금리·파킹,가능(검수전),pass,20260807,SOL,가능,확인완료(일치),가능,공식확인
KR7485540009,485540,KODEX 미국AI테크TOP10,KEDI 미국AI테크 TOP10 지수(PR),15685,-.03,2320926899,309183556717,normal,주식-해외,가능(검수전),pass,20260807,KODEX,가능,확인완료(일치),가능,공식확인
KR7485690002,485690,RISE 미국AI밸류체인TOP3Plus,KEDI 미국 AI 밸류체인 TOP3 Plus 지수(Price Return),22490,.36,257797470,93858955306,normal,주식-해외,가능(검수전),pass,20260807,RISE,가능,확인완료(일치),가능,공식확인
KR7485810006,485810,TIME 글로벌바이오액티브,KEDI 글로벌 불로장생바이오 지수(원화환산),10840,-1,43879665,11910184174,normal,주식-해외,가능(검수전),pass,20260807,,,미커버(소형 운용사),가능,구조규칙
KR7486240005,486240,DAISHIN343 AI반도체&인프라액티브,FnGuide AI반도체&인프라 지수,25910,-.73,29879400,83491945360,normal,리츠·인프라,가능(검수전),pass,20260807,,,미커버(소형 운용사),가능,구조규칙
KR7486290000,486290,TIGER 미국나스닥100타겟데일리커버드콜,NASDAQ 100 Daily Covered Call Target Premium 15% 지수(TR),10885,-.32,11433246677,2319346315823,normal,주식-해외,가능(검수전),pass,20260807,TIGER,가능,확인완료(일치),가능,공식확인
KR7486450000,486450,SOL 미국AI전력인프라,KEDI 미국AI전력인프라 지수(PR),20680,-.34,3281918874,240988800856,normal,리츠·인프라,가능(검수전),pass,20260807,SOL,가능,확인완료(일치),가능,공식확인
KR7486830003,486830,HANARO 머니마켓액티브,KIS-NH Amundi MMF지수,53170,.01,95018415,146775137175,normal,금리·파킹,가능(검수전),pass,20260807,HANARO,가능,확인완료(일치),가능,공식확인
KR7487130007,487130,KoAct AI인프라액티브,Solactive AI인프라 지수,24910,-.42,250951089,38526683206,normal,리츠·인프라,가능(검수전),pass,20260807,,,미커버(소형 운용사),가능,구조규칙
KR7487230005,487230,KODEX 미국AI전력핵심인프라,iSelect 미국AI전력핵심인프라 지수(Price Return),20910,-.62,12565620177,1542292001025,normal,리츠·인프라,가능(검수전),pass,20260807,KODEX,가능,확인완료(일치),가능,공식확인
KR7487240004,487240,KODEX AI전력핵심설비,iSelect AI 전력핵심설비 지수(Price Return),34835,.3,119482403741,2998297094748,normal,주식-국내,가능(검수전),pass,20260807,KODEX,가능,확인완료(일치),가능,공식확인
KR7487340002,487340,ACE 머니마켓액티브,MK-KAP 머니마켓 총수익지수,105630,.01,504587160,678338604479,normal,금리·파킹,가능(검수전),pass,20260807,ACE,가능,확인완료(일치),가능,공식확인
KR7487750002,487750,BNK 온디바이스AI,FnGuide 온디바이스AI 지수,26855,-.7,10140505,10704337253,normal,주식-국내,가능(검수전),pass,20260807,,,미커버(소형 운용사),가능,구조규칙
KR7487910002,487910,ACE 인도컨슈머파워액티브,Indxx India Super Consumption Index (Price Return),8860,-1.12,4587005,10661467512,normal,주식-해외,가능(검수전),pass,20260807,ACE,가능,확인완료(일치),가능,공식확인
KR7487920001,487920,ACE 인도시장대표BIG5그룹액티브,Indxx India Big 5 Conglomerates Index (Price Return),8400,-1.18,4057470,8445944409,normal,주식-해외,가능(검수전),fail,20260807,ACE,가능,확인완료(일치),가능,공식확인
KR7487950008,487950,KODEX 대만테크고배당다우존스,Dow Jones Taiwan Technology Dividend 30 Index(TWD)(PR),12715,-1.36,89436460,18659976527,normal,주식-해외,가능(검수전),pass,20260807,KODEX,가능,확인완료(일치),가능,공식확인
KR7488080003,488080,TIGER 반도체TOP10레버리지,FnGuide 반도체TOP10 지수,25180,-3.82,88337540873,346029428064,leverage,주식-국내,불가,pass,20260807,TIGER,불가,확인완료(일치),불가,공식확인
KR7488200007,488200,KIWOOM K-2차전지북미공급망,Solactive K-Battery North America Supply Chain 지수,11835,3.95,23719965,5327795355,normal,주식-국내,가능(검수전),fail,20260807,KIWOOM,가능,확인완료(일치),가능,공식확인
KR7488210006,488210,KIWOOM K-반도체북미공급망,Solactive K-Semiconductor North America Supply Chain 지수,18430,-3.68,3966595,3690954208,normal,주식-국내,가능(검수전),fail,20260807,KIWOOM,가능,확인완료(일치),가능,공식확인
KR7488290008,488290,MIDAS 일본테크액티브,Solactive Japan Tech Top 30 지수(PR),45160,-.02,47561445,15831611970,normal,주식-해외,가능(검수전),pass,20260807,,,미커버(소형 운용사),가능,구조규칙
KR7488480005,488480,RISE 일본섹터TOP4Plus,Solactive Japan Samurai Sector TOP4 Plus Index(PR),13460,.82,6030485,7305360182,normal,주식-해외,가능(검수전),fail,20260807,RISE,가능,확인완료(일치),가능,공식확인
KR7488500000,488500,TIGER 미국S&P500동일가중,S&P 500 Equal Weight Index(PR),13065,-.34,470913338,116613650148,normal,주식-해외,가능(검수전),pass,20260807,TIGER,가능,확인완료(일치),가능,공식확인
KR7488720004,488720,WON 종합채권(AA-이상)액티브,KIS 종합채권시장 총수익지수(AA-이상),48735,-.06,97470,130646715998,normal,채권,가능(검수전),pass,20260807,,,미커버(소형 운용사),가능,구조규칙
KR7488770009,488770,KODEX 머니마켓액티브,KAP MMF 지수(TR),105175,.03,48234599852,8045493843517,normal,금리·파킹,가능(검수전),pass,20260807,KODEX,가능,확인완료(일치),가능,공식확인
KR7488980004,488980,SOL 26-12 회사채(AA-이상)액티브,"KAP 26-12 크레딧 채권지수(AA-이상, 총수익)",52020,0,61026942,230128565638,normal,채권,가능(검수전),pass,20260807,SOL,가능,확인완료(일치),가능,공식확인
KR7489000000,489000,PLUS 일본엔화초단기국채(합성),KAP 일본 단기 국채 지수(총수익),9470,-.63,119511239,20812201873,normal,금리·파킹,가능(검수전),pass,20260807,PLUS,가능,확인완료(일치),가능,공식확인
KR7489010009,489010,PLUS 글로벌AI인프라,Solactive Global AI Infrastructure Index (PR),21225,.52,8073075,3151459041,normal,리츠·인프라,가능(검수전),fail,20260807,PLUS,가능,확인완료(일치),가능,공식확인
KR7489030007,489030,PLUS 고배당주위클리커버드콜,코스피 고배당 위클리 콜매도 ATM 지수,6705,1.75,3097990283,299340084449,normal,주식-국내,가능(검수전),pass,20260807,PLUS,불가,확인필요(불일치),불가,공식확인(불일치 정정)
KR7489250001,489250,KODEX 미국배당다우존스,Dow Jones U.S. Dividend 100 Price Return Index,13055,-.53,2946838047,578397492275,normal,주식-해외,가능(검수전),pass,20260807,KODEX,가능,확인완료(일치),가능,공식확인
KR7489290007,489290,WON 미국빌리어네어,Bloomberg US Billionaires Investment Select Index(PR),15450,.23,28139845,27716571146,normal,주식-해외,가능(검수전),pass,20260807,,,미커버(소형 운용사),가능,구조규칙
KR7489860007,489860,KIWOOM 글로벌전력GRID인프라,NASDAQ OMX Clean Edge Smart Grid Infrastructure Index,15965,-.31,30049155,13510776236,normal,리츠·인프라,가능(검수전),pass,20260807,KIWOOM,가능,확인완료(일치),가능,공식확인
KR7490090008,490090,TIGER 미국AI빅테크10,KEDI 미국AI빅테크10 지수(PR),16480,-.24,1673650146,214693555833,normal,주식-해외,가능(검수전),pass,20260807,TIGER,가능,확인완료(일치),가능,공식확인
KR7490330008,490330,KoAct 미국치매&뇌질환치료제액티브,Solactive 미국뇌질환치료제 PR 지수,15150,1.24,24422635,5302271153,normal,주식-해외,가능(검수전),fail,20260807,,,미커버(소형 운용사),가능,구조규칙
KR7490480001,490480,SOL K방산,KEDI K방산 지수(PR),30375,1.37,933229250,82358339454,normal,주식-국내,가능(검수전),pass,20260807,SOL,가능,확인완료(일치),가능,공식확인
KR7490490000,490490,SOL 미국배당미국채혼합50,KRX 다우존스 미국배당국채 혼합지수,11315,-.53,1938782913,471428139908,normal,채권,가능(검수전),pass,20260807,SOL,가능,확인완료(일치),가능,공식확인
KR7490590007,490590,RISE 미국AI밸류체인데일리고정커버드콜,KEDI 미국 AI밸류체인 90%참여+데일리옵션 프리미엄 지수(TR),14650,.21,6781193265,768978038229,normal,주식-해외,가능(검수전),pass,20260807,RISE,가능,확인완료(일치),가능,공식확인
KR7490600004,490600,RISE 미국배당100데일리고정커버드콜,KEDI 미국 배당100 90%참여+데일리옵션 프리미엄 지수(총수익지수),9315,-.27,1955340423,161509842899,normal,주식-해외,가능(검수전),pass,20260807,RISE,가능,확인완료(일치),가능,공식확인
KR7491010005,491010,TIGER 글로벌AI전력인프라액티브,Mirae Asset AI Infrastructure 지수(PR),25930,-.23,1839121666,644259471614,normal,리츠·인프라,가능(검수전),pass,20260807,TIGER,가능,확인완료(일치),가능,공식확인
KR7491090007,491090,KODEX 미국테크TOP3플러스,KEDI 미국테크TOP3플러스 지수(Price Return),18450,.14,283298675,32208998178,normal,주식-해외,가능(검수전),pass,20260807,KODEX,가능,확인완료(일치),가능,공식확인
KR7491220000,491220,PLUS 200TR,코스피 200 TR,116900,-.08,496912080,52357409467,normal,주식-국내,가능(검수전),pass,20260807,PLUS,가능,확인완료(일치),가능,공식확인
KR7491230009,491230,PLUS 국공채머니마켓액티브,KAP 국공채 MMF 지수(총수익),52415,.02,536546565,112770786558,normal,금리·파킹,가능(검수전),pass,20260807,PLUS,가능,확인완료(일치),가능,공식확인
KR7491510004,491510,파워 K-주주가치액티브,FnGuide K-주주가치 지수,17605,.31,930995,15951105895,normal,주식-국내,가능(검수전),pass,20260807,,,미커버(소형 운용사),가능,구조규칙
KR7491610002,491610,1Q CD금리액티브(합성),KIS 하나 CD금리 총수익지수,104660,.01,472214451,191832728743,normal,금리·파킹,가능(검수전),pass,20260807,,,미커버(소형 운용사),가능,구조규칙
KR7491620001,491620,RISE 미국테크100데일리고정커버드콜,KEDI 미국 테크100 90%참여+데일리옵션 프리미엄 지수(TR),10970,.09,4185715282,541542876294,normal,주식-해외,가능(검수전),pass,20260807,RISE,가능,확인완료(일치),가능,공식확인
KR7491630000,491630,RISE 미국반도체인버스(합성 H),NYSE Semicondoctor Index(Price Return),5335,-.09,111683030,2534405964,inverse,주식-해외,불가,fail,20260807,RISE,불가,확인완료(일치),불가,공식확인
KR7491700001,491700,HK 200,코스피 200,98575,-.58,86448200,59267738766,normal,주식-국내,가능(검수전),pass,20260807,,,미커버(소형 운용사),가능,구조규칙
KR7491820007,491820,HANARO 전력설비투자,iSelect 전력설비투자 지수,41690,.49,7757748558,149613932927,normal,주식-국내,가능(검수전),pass,20260807,HANARO,가능,확인완료(일치),가능,공식확인
KR7491830006,491830,TIGER 미국AI반도체팹리스,Mirae Asset US AI Fabless 지수(PR),22835,1.56,1021601775,38536970470,normal,주식-해외,가능(검수전),pass,20260807,TIGER,가능,확인완료(일치),가능,공식확인
KR7492500004,492500,1Q 현대차그룹채권(A+이상)&국고통안,KIS 하나 현대차그룹채권(A+이상)&국고통안 총수익지수,51280,.02,26770360,78059145046,normal,채권,가능(검수전),pass,20260807,,,미커버(소형 운용사),가능,구조규칙
KR7493420004,493420,SOL 미국배당다우존스2호,Dow Jones U.S. Dividend 100 Index(TR),12855,-.46,71212709,26924289909,normal,주식-해외,가능(검수전),pass,20260807,SOL,가능,확인완료(일치),가능,공식확인
KR7493810006,493810,TIGER 미국AI빅테크10타겟데일리커버드콜,KEDI 미국AI빅테크10+15%데일리프리미엄 지수(TR),12000,-.12,1152450942,248991858039,normal,주식-해외,가능(검수전),pass,20260807,TIGER,가능,확인완료(일치),가능,공식확인
KR7494180003,494180,TIME 글로벌소비트렌드액티브,Solactive 뉴에이지컨수머지수,13715,-.07,8453095,10939563375,normal,주식-해외,가능(검수전),pass,20260807,,,미커버(소형 운용사),가능,구조규칙
KR7494210008,494210,SOL 미국500타겟데일리커버드콜액티브,KEDI 미국퀄리티500+월1%프리미엄 지수(NTR),11255,-.22,199190155,7865358199,normal,주식-해외,가능(검수전),fail,20260807,SOL,가능,확인완료(일치),가능,공식확인
KR7494220007,494220,UNICORN SK하이닉스밸류체인액티브,FnGuide SK하이닉스밸류체인 지수,40655,-2.15,6417439771,150463203543,normal,주식-국내,가능(검수전),pass,20260807,,,미커버(소형 운용사),가능,구조규칙
KR7494300007,494300,KODEX 미국나스닥100데일리커버드콜OTM,NASDAQ-100 Daily Covered Call 101 Index(TR),9355,-.11,13006584488,976290226126,normal,주식-해외,가능(검수전),pass,20260807,KODEX,가능,확인완료(일치),가능,공식확인
KR7494310006,494310,KODEX 반도체레버리지,KRX 반도체,57040,-5.59,270933171467,742184807815,leverage,주식-국내,불가,pass,20260807,KODEX,불가,확인완료(일치),불가,공식확인
KR7494330004,494330,ACE 라이프자산주주가치액티브,FnGuide 기업가치 지수(시장가격),31195,.31,1606026690,160344042470,normal,주식-국내,가능(검수전),pass,20260807,ACE,가능,확인완료(일치),가능,공식확인
KR7494340003,494340,ACE 글로벌AI맞춤형반도체,Solactive AI Custom Semiconductor Index(PR),20830,2.26,213881530,30968315779,normal,주식-해외,가능(검수전),pass,20260807,ACE,가능,확인완료(일치),가능,공식확인
KR7494410004,494410,PLUS 미국S&P500성장주,S&P 500 Growth Index(PR),14745,-.44,46667870,32475218003,normal,주식-해외,가능(검수전),pass,20260807,PLUS,가능,확인완료(일치),가능,공식확인
KR7494420003,494420,PLUS 미국배당증가성장주데일리커버드콜,Bloomberg U.S. Dividend Growth Partial Covered Call Index,9730,-.46,99748893,16486930576,normal,주식-해외,가능(검수전),pass,20260807,PLUS,가능,확인완료(일치),가능,공식확인
KR7494670003,494670,TIGER 조선TOP10,iSelect 조선TOP10 Index(PR),23150,-.13,8855248018,595002552079,normal,주식-국내,가능(검수전),pass,20260807,TIGER,가능,확인완료(일치),가능,공식확인
KR7494840002,494840,TIGER 미국방산TOP10,Mirae Asset US Defense Top 10 Index(PR),14065,-.25,143045854,47800167479,normal,주식-해외,가능(검수전),pass,20260807,TIGER,가능,확인완료(일치),가능,공식확인
KR7494890007,494890,KODEX 200액티브,코스피 200,28255,-.77,28624781857,1004608396119,normal,주식-국내,가능(검수전),pass,20260807,KODEX,가능,확인완료(일치),가능,공식확인
KR7495040008,495040,PLUS 코리아밸류업,코리아 밸류업 지수,29815,-1.05,48455070,82303496992,normal,주식-국내,가능(검수전),pass,20260807,PLUS,가능,확인완료(일치),가능,공식확인
KR7495050007,495050,RISE 코리아밸류업,코리아 밸류업 지수,30390,-.72,4371702174,898015886279,normal,주식-국내,가능(검수전),pass,20260807,RISE,가능,확인완료(일치),가능,공식확인
KR7495060006,495060,TIME 코리아밸류업액티브,코리아 밸류업 지수,26770,-.72,3107878017,198993618100,normal,주식-국내,가능(검수전),pass,20260807,,,미커버(소형 운용사),가능,구조규칙
KR7495230005,495230,KoAct 코리아밸류업액티브,코리아 밸류업 지수,28400,-1.56,1978751145,233747869285,normal,주식-국내,가능(검수전),pass,20260807,,,미커버(소형 운용사),가능,구조규칙
KR7495330003,495330,1Q 코리아밸류업,코리아 밸류업 지수,29875,-1.21,204851195,128930014677,normal,주식-국내,가능(검수전),pass,20260807,,,미커버(소형 운용사),가능,구조규칙
KR7495550006,495550,SOL 코리아밸류업TR,코리아 밸류업 TR 지수,30790,-.85,202312185,180091003587,normal,주식-국내,가능(검수전),pass,20260807,SOL,가능,확인완료(일치),가능,공식확인
KR7495750002,495750,HANARO 코리아밸류업,코리아 밸류업 지수,29965,-1.25,42355700,73693136660,normal,주식-국내,가능(검수전),pass,20260807,HANARO,가능,확인완료(일치),가능,공식확인
KR7495850000,495850,KODEX 코리아밸류업,코리아 밸류업 지수,30050,-1.17,2880995967,606791777641,normal,주식-국내,가능(검수전),pass,20260807,KODEX,가능,확인완료(일치),가능,공식확인
KR7495940009,495940,RISE 미국AI테크액티브,Solactive US AI Tech Active Index PR,20205,1.48,121183875,62895702304,normal,주식-해외,가능(검수전),pass,20260807,RISE,가능,확인완료(일치),가능,공식확인
KR7496020009,496020,WON 전단채플러스액티브,KIS 전단채플러스 TR 지수,52335,.01,30145970,351015910943,normal,채권,가능(검수전),pass,20260807,,,미커버(소형 운용사),가능,구조규칙
KR7496080003,496080,TIGER 코리아밸류업,코리아 밸류업 지수,30150,-1.08,5124905817,489135156877,normal,주식-국내,가능(검수전),pass,20260807,TIGER,가능,확인완료(일치),가능,공식확인
KR7496090002,496090,KIWOOM 코리아밸류업,코리아 밸류업 지수,30125,-.28,24607335,97909423301,normal,주식-국내,가능(검수전),pass,20260807,KIWOOM,가능,확인완료(일치),가능,공식확인
KR7496120007,496120,ACE 코리아밸류업,코리아 밸류업 지수,31330,-.81,89417525,23480704635,normal,주식-국내,가능(검수전),pass,20260807,ACE,가능,확인완료(일치),가능,공식확인
KR7496130006,496130,TRUSTON 코리아밸류업액티브,코리아 밸류업 지수,23955,-1.11,71820,12971592198,normal,주식-국내,가능(검수전),pass,20260807,,,미커버(소형 운용사),가능,구조규칙
KR7496770009,496770,PLUS 글로벌방산,Solactive Global Defense Index(PR),19200,.23,123354774,33579456298,normal,주식-해외,가능(검수전),pass,20260807,PLUS,가능,확인완료(일치),가능,공식확인
KR7497510008,497510,ACE 글로벌빅파마,Solactive Global Big Pharma Index (Price Return),12920,-.12,35372320,9051459383,normal,주식-해외,가능(검수전),fail,20260807,ACE,가능,확인완료(일치),가능,공식확인
KR7497520007,497520,ACE 일라이릴리밸류체인,Solactive Eli Lilly Value Chain Index(PR),13205,1.03,75793720,8600324263,normal,주식-해외,가능(검수전),fail,20260807,ACE,가능,확인완료(일치),가능,공식확인
KR7497570002,497570,TIGER 미국필라델피아AI반도체나스닥,PHLX US AI Semiconductor 지수 (PR),22650,1.14,42080525988,1142335865675,normal,주식-해외,가능(검수전),pass,20260807,TIGER,가능,확인완료(일치),가능,공식확인
KR7497780007,497780,KoAct 미국천연가스인프라액티브,Solactive 미국천연가스인프라 PR 지수,10695,.94,402604380,19771105683,normal,원자재,가능(검수전),pass,20260807,,,미커버(소형 운용사),가능,구조규칙
KR7497880005,497880,SOL CD금리&머니마켓액티브,KAP CD&단기자금시장지수(PR),50075,.01,4146952034,259165021708,normal,금리·파킹,가능(검수전),pass,20260807,SOL,가능,확인완료(일치),가능,공식확인
KR7498050004,498050,HANARO 바이오코리아액티브,iSelect K-바이오헬스케어,11340,.13,33413755,11404679438,normal,주식-국내,가능(검수전),pass,20260807,HANARO,가능,확인완료(일치),가능,공식확인
KR7498180009,498180,파워 종합채권(AA-이상)액티브,"KIS 한국종합채권지수(AA-이상, 총수익)",93590,-.03,0,113743750044,normal,채권,가능(검수전),pass,20260807,,,미커버(소형 운용사),가능,구조규칙
KR7498270008,498270,KIWOOM 미국양자컴퓨팅,Solactive U.S. Quantum Computing Index(PR),15400,.06,718939383,222211324530,normal,주식-해외,가능(검수전),pass,20260807,KIWOOM,가능,확인완료(일치),가능,공식확인
KR7498400001,498400,KODEX 200타겟위클리커버드콜,코스피 200 타겟 15% 위클리 커버드콜 지수,18895,-.79,119692273985,5220499632484,normal,주식-국내,가능(검수전),pass,20260807,KODEX,가능,확인완료(일치),가능,공식확인
KR7498410000,498410,KODEX 금융고배당TOP10타겟위클리커버드콜,코스피 200 금융 고배당 TOP 10 타겟 15%분배 위클리 커버드콜 지수,12065,1.6,13276848960,819537731152,normal,주식-국내,가능(검수전),pass,20260807,KODEX,가능,확인완료(일치),가능,공식확인
KR7498610005,498610,RISE 인도디지털성장,MarketVector Digital India Index(INR)(Price Return),8555,-.41,757580,5107233399,normal,주식-해외,가능(검수전),fail,20260807,RISE,가능,확인완료(일치),가능,공식확인
KR7498860006,498860,RISE 코리아금융고배당,iSelect 코리아 금융 고배당 지수,16730,-.8,201049670,36751839813,normal,주식-국내,가능(검수전),pass,20260807,RISE,가능,확인완료(일치),가능,공식확인
KR7499150001,499150,SOL 미국S&P500엔화노출(H),S&P500 Yen Hedged Index(PR),11240,-.53,1359935,5607792491,normal,주식-해외,가능(검수전),fail,20260807,SOL,가능,확인완료(일치),가능,공식확인
KR7499660009,499660,TIGER CD금리플러스액티브(합성),KIS CD+CPI연동금리 월분배 지수,1000950,.01,10717148493,479006257084,normal,금리·파킹,가능(검수전),pass,20260807,TIGER,가능,확인완료(일치),가능,공식확인
