isin_cd,ticker,name,base_index,asset_family,region_primary,comparison_category,comparison_topic,comparison_subtopic,index_family,strategy_style,payoff_structure,direction,leverage_multiple,fx_hedge,replication_method,concentration_bucket,primary_peer_group_id,alternate_peer_group_ids,classification_status,evidence_basis,official_source_url,review_reason
KR70000D0009,0000D0,TIGER 엔비디아미국채커버드콜밸런스(합성),KEDI 엔비디아미국채30년타겟커버드콜혼합지수(TR),채권,미국,채권,채권,미국 국채 장기 등급미확인,BOND_미국-국채-장기-등급미확인-047cbda7f5,covered_call,bond_coupon,neutral,1X,unhedged,synthetic,unknown,PG-PENDING-0000D0-6e5e0f5383,,needs_review,기초지수 명시; 운용사·공식 출처 URL 존재; 상품명 구조표시(covered_call); 자산군·투자대상 추출(채권/미국 국채 장기 등급미확인),가능,세부 투자대상 또는 만기·구성비율 미확인
KR70000Y0004,0000Y0,HK 26-12 회사채(AA-이상)액티브,KAP 26-12 크레딧 채권 총수익지수(AA-이상),채권,국내,채권,채권,국내 회사채 만기미확인 AA,BOND_국내-회사채-만기미확인-AA-971a2814f8,plain,bond_coupon,neutral,1X,unknown,active,unknown,PG-PENDING-0000Y0-065d0f144a,,needs_review,기초지수 명시; 자산군·투자대상 추출(채권/국내 회사채 만기미확인 AA),,세부 투자대상 또는 만기·구성비율 미확인
KR70002C0008,0002C0,에셋플러스 인도일등기업포커스20액티브,MSCI India IMI Index(PR),주식,인도,기타특수구조,미확인 주식전략,인도 미확인 주식전략,미확인-주식전략-인도-미확인-주식전략-69bd615628,plain,plain,neutral,1X,unhedged,active,unknown,PG-PENDING-0002C0-d549ff062f,,needs_review,기초지수 명시; 자산군·투자대상 추출(주식/인도 미확인 주식전략),,직접 비교에 필요한 주식 전략·투자대상 미확인; 세부 투자대상 또는 만기·구성비율 미확인
KR70007F0000,0007F0,KODEX 27-12 회사채(AA-이상)액티브,KAP 27-12 회사채 총수익 지수(AA-이상),채권,국내,채권,채권,국내 회사채 만기미확인 AA,BOND_국내-회사채-만기미확인-AA-971a2814f8,plain,bond_coupon,neutral,1X,unknown,active,unknown,PG-PENDING-0007F0-bd6f3f8d85,,needs_review,기초지수 명시; 운용사·공식 출처 URL 존재; 자산군·투자대상 추출(채권/국내 회사채 만기미확인 AA),가능,세부 투자대상 또는 만기·구성비율 미확인
KR70007N0000,0007N0,아이엠에셋 200,코스피 200,주식,국내,기타특수구조,미확인 주식전략,국내 미확인 주식전략,미확인-주식전략-국내-미확인-주식전략-46eed209b8,plain,plain,neutral,1X,unknown,physical_or_unspecified,broad,PG-PENDING-0007N0-0b74fa21c0,,needs_review,기초지수 명시; 자산군·투자대상 추출(주식/국내 미확인 주식전략),,직접 비교에 필요한 주식 전략·투자대상 미확인; 세부 투자대상 또는 만기·구성비율 미확인
KR70008E0000,0008E0,ACE 미국중심중소형제조업,NYSE FactSet US Focus Manufacturing Index(Price Return),주식,미국,기타특수구조,미확인 주식전략,미국 미확인 주식전략,미확인-주식전략-미국-미확인-주식전략-bf6afc4d9f,plain,plain,neutral,1X,unhedged,physical_or_unspecified,unknown,PG-PENDING-0008E0-fab95b1c94,,needs_review,기초지수 명시; 운용사·공식 출처 URL 존재; 자산군·투자대상 추출(주식/미국 미확인 주식전략),가능,직접 비교에 필요한 주식 전략·투자대상 미확인; 세부 투자대상 또는 만기·구성비율 미확인
KR70013P0000,0013P0,RISE 미국은행TOP10,KEDI 미국 은행 TOP10 지수,원자재,해당없음,원자재,기타원자재,기타원자재 futures,COMMODITY_기타원자재-FUTURES-e9bbd8bb27,plain,futures,neutral,1X,unhedged,physical_or_unspecified,concentrated,PG-PENDING-0013P0-51bb677a97,,conflict,기초지수 명시; 운용사·공식 출처 URL 존재; 자산군·투자대상 추출(원자재/기타원자재 futures),가능,기존 자산분류와 비교분류 추론값 충돌
KR70013R0008,0013R0,RISE 테슬라미국채타겟커버드콜혼합(합성),KEDI 테슬라미국30년국채15%타겟프리미엄 혼합지수(TR),채권,미국,채권,채권,미국 국채 장기 등급미확인,BOND_미국-국채-장기-등급미확인-047cbda7f5,covered_call,bond_coupon,neutral,1X,unhedged,synthetic,unknown,PG-PENDING-0013R0-922b9c7be7,,needs_review,기초지수 명시; 운용사·공식 출처 URL 존재; 상품명 구조표시(covered_call); 자산군·투자대상 추출(채권/미국 국채 장기 등급미확인),가능,세부 투자대상 또는 만기·구성비율 미확인
KR70015E0001,0015E0,KIWOOM 엔비디아미국30년국채혼합액티브(H),Bloomberg Blended NVIDIA and US Long Treasury Bond Index,채권,미국,채권,채권,미국 국채 장기 등급미확인,BOND_미국-국채-장기-등급미확인-047cbda7f5,plain,bond_coupon,neutral,1X,hedged,active,unknown,PG-PENDING-0015E0-2a4f496583,,needs_review,기초지수 명시; 운용사·공식 출처 URL 존재; 자산군·투자대상 추출(채권/미국 국채 장기 등급미확인),가능,세부 투자대상 또는 만기·구성비율 미확인
KR70015F0000,0015F0,KIWOOM 팔란티어미국30년국채혼합액티브(H),Bloomberg Blended PALANTIR and US Long Treasury Bond Index,채권,미국,채권,채권,미국 국채 장기 등급미확인,BOND_미국-국채-장기-등급미확인-047cbda7f5,plain,bond_coupon,neutral,1X,hedged,active,unknown,PG-PENDING-0015F0-3afd9aae37,,needs_review,기초지수 명시; 운용사·공식 출처 URL 존재; 자산군·투자대상 추출(채권/미국 국채 장기 등급미확인),가능,세부 투자대상 또는 만기·구성비율 미확인
KR70015K0003,0015K0,TIGER 미국소비트렌드액티브,Mirae Asset US Consumer Trend 지수 (PR),주식,미국,기타특수구조,미확인 주식전략,미국 미확인 주식전략,미확인-주식전략-미국-미확인-주식전략-bf6afc4d9f,plain,plain,neutral,1X,unhedged,active,unknown,PG-PENDING-0015K0-721aca1dfc,,needs_review,기초지수 명시; 운용사·공식 출처 URL 존재; 자산군·투자대상 추출(주식/미국 미확인 주식전략),가능,직접 비교에 필요한 주식 전략·투자대상 미확인; 세부 투자대상 또는 만기·구성비율 미확인
KR70017Y0005,0017Y0,1Q 종합채권(AA-이상)액티브,KIS 종합채권형 지수(AA-이상)(총수익),채권,국내,채권,채권,국내 채권 만기미확인 AA,BOND_국내-채권-만기미확인-AA-273392b07e,plain,bond_coupon,neutral,1X,unknown,active,unknown,PG-PENDING-0017Y0-0d9b0cccfe,,needs_review,기초지수 명시; 자산군·투자대상 추출(채권/국내 채권 만기미확인 AA),,세부 투자대상 또는 만기·구성비율 미확인
KR70019K0009,0019K0,TIME 미국나스닥100채권혼합50액티브,FnGuide 미국나스닥100 단기채권혼합 지수,채권,미국,채권,채권,미국 채권 단기 등급미확인,NASDAQ100,plain,bond_coupon,neutral,1X,unhedged,active,broad,PG-PENDING-0019K0-c9116e97c1,,needs_review,기초지수 명시; 자산군·투자대상 추출(채권/미국 채권 단기 등급미확인),,세부 투자대상 또는 만기·구성비율 미확인
KR70025N0008,0025N0,TIGER TDF2045 적격,S&P Korea Target Date 2045 Global Index,혼합자산,미국,혼합자산,혼합자산,구성비율 미확인,혼합자산-구성비율-미확인-9c1ef5c7e4,plain,mixed_asset,neutral,1X,unhedged,physical_or_unspecified,unknown,PG-PENDING-0025N0-c7d9a9fc05,,needs_review,기초지수 명시; 운용사·공식 출처 URL 존재; 자산군·투자대상 추출(혼합자산/구성비율 미확인),가능,세부 투자대상 또는 만기·구성비율 미확인
KR70040X0007,0040X0,SOL 팔란티어미국채커버드콜혼합,KEDI 팔란티어미국채커버드콜혼합지수(NTR),채권,미국,채권,채권,미국 국채 만기미확인 등급미확인,BOND_미국-국채-만기미확인-등급미확인-6e6ab9de27,covered_call,bond_coupon,neutral,1X,unhedged,physical_or_unspecified,unknown,PG-PENDING-0040X0-87191482e9,,needs_review,기초지수 명시; 운용사·공식 출처 URL 존재; 상품명 구조표시(covered_call); 자산군·투자대상 추출(채권/미국 국채 만기미확인 등급미확인),가능,세부 투자대상 또는 만기·구성비율 미확인
KR70040Y0006,0040Y0,SOL 팔란티어커버드콜OTM채권혼합,KEDI 팔란티어커버드콜OTM 채권혼합지수(NTR),채권,미국,채권,채권,미국 채권 만기미확인 등급미확인,BOND_미국-채권-만기미확인-등급미확인-4820f5af4f,covered_call,bond_coupon,neutral,1X,unhedged,physical_or_unspecified,unknown,PG-PENDING-0040Y0-57b0b2c1be,,needs_review,기초지수 명시; 운용사·공식 출처 URL 존재; 상품명 구조표시(covered_call); 자산군·투자대상 추출(채권/미국 채권 만기미확인 등급미확인),가능,세부 투자대상 또는 만기·구성비율 미확인
KR70046A0008,0046A0,TIGER 미국초단기(3개월이하)국채,ICE 0-3 Month US Treasury Securities 지수,채권,미국,채권,채권,미국 국채 초단기 등급미확인,BOND_미국-국채-초단기-등급미확인-5e59e46a3c,plain,bond_coupon,neutral,1X,unhedged,physical_or_unspecified,unknown,PG-PENDING-0046A0-f4e955fb99,,conflict,기초지수 명시; 운용사·공식 출처 URL 존재; 자산군·투자대상 추출(채권/미국 국채 초단기 등급미확인),가능,세부 투자대상 또는 만기·구성비율 미확인; 기존 자산분류와 비교분류 추론값 충돌
KR70047A0007,0047A0,TIGER 차이나테크TOP10,Mirae Asset China Tech Top 10 지수 (Price Return),주식,중국,기타특수구조,미확인 주식전략,중국 미확인 주식전략,미확인-주식전략-중국-미확인-주식전략-526c3d6249,plain,plain,neutral,1X,unhedged,physical_or_unspecified,concentrated,PG-PENDING-0047A0-7cd58e1f2b,,needs_review,기초지수 명시; 운용사·공식 출처 URL 존재; 자산군·투자대상 추출(주식/중국 미확인 주식전략),가능,직접 비교에 필요한 주식 전략·투자대상 미확인; 세부 투자대상 또는 만기·구성비율 미확인
KR70049K0003,0049K0,ACE 미국배당퀄리티채권혼합50,Bloomberg WisdomTree U.S. Quality Dividend & Short Term KRW Bonds 50:50 TR Index,채권,미국,채권,채권,미국 채권 만기미확인 등급미확인,BOND_미국-채권-만기미확인-등급미확인-4820f5af4f,inverse,bond_coupon,short,1X,unhedged,physical_or_unspecified,unknown,PG-PENDING-0049K0-6e4eea19fe,,needs_review,기초지수 명시; 운용사·공식 출처 URL 존재; 상품명 구조표시(inverse); 자산군·투자대상 추출(채권/미국 채권 만기미확인 등급미확인),가능,세부 투자대상 또는 만기·구성비율 미확인
KR70052S0009,0052S0,1Q 미국S&P500미국채혼합50액티브,S&P 500 and Short-Term Treasury 50/50 Blend Index,채권,미국,채권,채권,미국 국채 만기미확인 등급미확인,S&P500,inverse,bond_coupon,short,1X,unhedged,active,broad,PG-PENDING-0052S0-dcb09ac853,,needs_review,기초지수 명시; 상품명 구조표시(inverse); 자산군·투자대상 추출(채권/미국 국채 만기미확인 등급미확인),,세부 투자대상 또는 만기·구성비율 미확인
KR70057H0007,0057H0,PLUS 미국S&P500미국채혼합50액티브,S&P 500 and U.S. Treasury Bill 0-3 Month 50/50 Blend Index (USD),채권,미국,채권,채권,미국 국채 만기미확인 등급미확인,S&P500,plain,bond_coupon,neutral,1X,unhedged,active,broad,PG-PENDING-0057H0-26a26de22c,,needs_review,기초지수 명시; 운용사·공식 출처 URL 존재; 자산군·투자대상 추출(채권/미국 국채 만기미확인 등급미확인),가능,세부 투자대상 또는 만기·구성비율 미확인
KR70060H0002,0060H0,TIGER 토탈월드스탁액티브,FTSE Global All Cap Index(PR),주식,글로벌,기타특수구조,미확인 주식전략,글로벌 미확인 주식전략,미확인-주식전략-글로벌-미확인-주식전략-d0f070a455,plain,plain,neutral,1X,unhedged,active,unknown,PG-PENDING-0060H0-34cbd34be2,,needs_review,기초지수 명시; 운용사·공식 출처 URL 존재; 자산군·투자대상 추출(주식/글로벌 미확인 주식전략),가능,직접 비교에 필요한 주식 전략·투자대상 미확인; 세부 투자대상 또는 만기·구성비율 미확인
KR70061Z0009,0061Z0,RISE 단기특수은행채액티브,KAP 단기 특수은행채 지수(시장가격),원자재,해당없음,원자재,기타원자재,기타원자재 futures,COMMODITY_기타원자재-FUTURES-e9bbd8bb27,plain,futures,neutral,1X,unknown,active,unknown,PG-PENDING-0061Z0-6eaf23d821,,conflict,기초지수 명시; 운용사·공식 출처 URL 존재; 자산군·투자대상 추출(원자재/기타원자재 futures),가능,기존 자산분류와 비교분류 추론값 충돌
KR70065G0008,0065G0,KODEX 차이나테크TOP10,Hang Seng China Tech Top 10 Select Index (HKD) (Price Return),주식,중국,기타특수구조,미확인 주식전략,중국 미확인 주식전략,미확인-주식전략-중국-미확인-주식전략-526c3d6249,plain,plain,neutral,1X,unhedged,physical_or_unspecified,concentrated,PG-PENDING-0065G0-07aaf626af,,needs_review,기초지수 명시; 운용사·공식 출처 URL 존재; 자산군·투자대상 추출(주식/중국 미확인 주식전략),가능,직접 비교에 필요한 주식 전략·투자대상 미확인; 세부 투자대상 또는 만기·구성비율 미확인
KR70067V0007,0067V0,TIGER 차이나글로벌리더스TOP3+,"Solactive-KEDI 차이나글로벌리더스TOP3플러스 지수 (Price Return, CNH)",주식,글로벌,기타특수구조,미확인 주식전략,글로벌 미확인 주식전략,미확인-주식전략-글로벌-미확인-주식전략-d0f070a455,plain,plain,neutral,1X,unhedged,active,ultra_concentrated,PG-PENDING-0067V0-2fe23415b8,,needs_review,기초지수 명시; 운용사·공식 출처 URL 존재; 자산군·투자대상 추출(주식/글로벌 미확인 주식전략),가능,직접 비교에 필요한 주식 전략·투자대상 미확인; 세부 투자대상 또는 만기·구성비율 미확인
KR70073X0007,0073X0,FOCUS 알리바바미국채커버드콜혼합,KEDI 알리바바미국채커버드콜혼합지수(TR),채권,미국,채권,채권,미국 국채 만기미확인 등급미확인,BOND_미국-국채-만기미확인-등급미확인-6e6ab9de27,covered_call,bond_coupon,neutral,1X,unhedged,physical_or_unspecified,unknown,PG-PENDING-0073X0-3c997db8f2,,needs_review,기초지수 명시; 상품명 구조표시(covered_call); 자산군·투자대상 추출(채권/미국 국채 만기미확인 등급미확인),,세부 투자대상 또는 만기·구성비율 미확인
KR70074K0001,0074K0,KoAct K수출핵심기업TOP30액티브,KEDI K수출핵심기업TOP30 지수(PR),주식,국내,기타특수구조,미확인 주식전략,국내 미확인 주식전략,미확인-주식전략-국내-미확인-주식전략-46eed209b8,plain,plain,neutral,1X,unknown,active,ultra_concentrated,PG-PENDING-0074K0-33fec67d47,,needs_review,기초지수 명시; 자산군·투자대상 추출(주식/국내 미확인 주식전략),,직접 비교에 필요한 주식 전략·투자대상 미확인; 세부 투자대상 또는 만기·구성비율 미확인
KR70078V0004,0078V0,PLUS 미국로보택시,KEDI 미국로보택시 지수(PR),주식,미국,기타특수구조,미확인 주식전략,미국 미확인 주식전략,미확인-주식전략-미국-미확인-주식전략-bf6afc4d9f,plain,plain,neutral,1X,unhedged,physical_or_unspecified,unknown,PG-PENDING-0078V0-ad83a4a3a9,,needs_review,기초지수 명시; 운용사·공식 출처 URL 존재; 자산군·투자대상 추출(주식/미국 미확인 주식전략),가능,직접 비교에 필요한 주식 전략·투자대상 미확인; 세부 투자대상 또는 만기·구성비율 미확인
KR70079X0001,0079X0,ACE BYD밸류체인액티브,Bloomberg BYD Plus Top Supply Chain Select Price Return Index,주식,미국,기타특수구조,미확인 주식전략,미국 미확인 주식전략,미확인-주식전략-미국-미확인-주식전략-bf6afc4d9f,plain,plain,neutral,1X,unhedged,active,unknown,PG-PENDING-0079X0-63b7ad65d5,,needs_review,기초지수 명시; 운용사·공식 출처 URL 존재; 자산군·투자대상 추출(주식/미국 미확인 주식전략),https://www.aceetf.co.kr/info/report/1149,직접 비교에 필요한 주식 전략·투자대상 미확인; 세부 투자대상 또는 만기·구성비율 미확인
KR70082V0008,0082V0,KODEX TDF2060액티브 적격,Samsung Korea Target Date 2060 Index,혼합자산,국내,혼합자산,혼합자산,구성비율 미확인,혼합자산-구성비율-미확인-9c1ef5c7e4,plain,mixed_asset,neutral,1X,unknown,active,unknown,PG-PENDING-0082V0-9e9f9dfc0c,,needs_review,기초지수 명시; 운용사·공식 출처 URL 존재; 자산군·투자대상 추출(혼합자산/구성비율 미확인),가능,세부 투자대상 또는 만기·구성비율 미확인
KR70083S0002,0083S0,1Q 미국메디컬AI,KEDI 미국메디컬AI 지수,주식,미국,기타특수구조,미확인 주식전략,미국 미확인 주식전략,미확인-주식전략-미국-미확인-주식전략-bf6afc4d9f,plain,plain,neutral,1X,unhedged,physical_or_unspecified,unknown,PG-PENDING-0083S0-05b1496b42,,needs_review,기초지수 명시; 자산군·투자대상 추출(주식/미국 미확인 주식전략),,직접 비교에 필요한 주식 전략·투자대상 미확인; 세부 투자대상 또는 만기·구성비율 미확인
KR70084D0008,0084D0,KIWOOM 미국테크100월간목표헤지액티브,Akros 미국테크100 월간방어적배분 지수(TR),주식,미국,기타특수구조,미확인 주식전략,미국 미확인 주식전략,미확인-주식전략-미국-미확인-주식전략-bf6afc4d9f,plain,plain,neutral,1X,unhedged,active,broad,PG-PENDING-0084D0-cde4a4cbba,,needs_review,기초지수 명시; 운용사·공식 출처 URL 존재; 자산군·투자대상 추출(주식/미국 미확인 주식전략),가능,직접 비교에 필요한 주식 전략·투자대상 미확인; 세부 투자대상 또는 만기·구성비율 미확인
KR70085N0005,0085N0,ACE 미국10년국채액티브(H),ICE U.S. Treasury 7-10 Year Bond Index (Total Return),채권,미국,채권,채권,미국 국채 장기 등급미확인,BOND_미국-국채-장기-등급미확인-047cbda7f5,plain,bond_coupon,neutral,1X,hedged,active,unknown,PG-PENDING-0085N0-0ae11f8510,,needs_review,기초지수 명시; 운용사·공식 출처 URL 존재; 자산군·투자대상 추출(채권/미국 국채 장기 등급미확인),가능,세부 투자대상 또는 만기·구성비율 미확인
KR70085P0003,0085P0,ACE 미국10년국채액티브,ICE U.S. Treasury 7-10 Year Bond Index (Total Return),채권,미국,채권,채권,미국 국채 장기 등급미확인,BOND_미국-국채-장기-등급미확인-047cbda7f5,plain,bond_coupon,neutral,1X,unhedged,active,unknown,PG-PENDING-0085P0-ad91f57ac7,,needs_review,기초지수 명시; 운용사·공식 출처 URL 존재; 자산군·투자대상 추출(채권/미국 국채 장기 등급미확인),가능,세부 투자대상 또는 만기·구성비율 미확인
KR70086C0007,0086C0,TIGER 리츠부동산인프라10채권혼합액티브,KEDI 리츠부동산인프라TOP10채권혼합지수 (Price Return),채권,국내,채권,채권,국내 채권 만기미확인 등급미확인,BOND_국내-채권-만기미확인-등급미확인-893e3e68b3,plain,bond_coupon,neutral,1X,unknown,active,concentrated,PG-PENDING-0086C0-8dbd7d551d,,needs_review,기초지수 명시; 운용사·공식 출처 URL 존재; 자산군·투자대상 추출(채권/국내 채권 만기미확인 등급미확인),가능,세부 투자대상 또는 만기·구성비율 미확인
KR70088N0002,0088N0,WON K-글로벌수급상위,DeepSearch 외인수급 Top20 지수,주식,국내,기타특수구조,미확인 주식전략,국내 미확인 주식전략,미확인-주식전략-국내-미확인-주식전략-46eed209b8,plain,plain,neutral,1X,unhedged,physical_or_unspecified,ultra_concentrated,PG-PENDING-0088N0-1eb0156a23,,needs_review,기초지수 명시; 자산군·투자대상 추출(주식/국내 미확인 주식전략),,직접 비교에 필요한 주식 전략·투자대상 미확인; 세부 투자대상 또는 만기·구성비율 미확인
KR70089B0005,0089B0,PLUS 미국나스닥100미국채혼합50,Nasdaq-100 US T-Bills 1-3 Month 50/50 Index (USD),채권,미국,채권,채권,미국 국채 단기 등급미확인,NASDAQ100,plain,bond_coupon,neutral,1X,unhedged,physical_or_unspecified,broad,PG-PENDING-0089B0-e999c9b555,,needs_review,기초지수 명시; 운용사·공식 출처 URL 존재; 자산군·투자대상 추출(채권/미국 국채 단기 등급미확인),가능,세부 투자대상 또는 만기·구성비율 미확인
KR70091C0000,0091C0,KODEX 미국10년국채액티브(H),KAP 미국 국채 10년 지수(총수익),채권,미국,채권,채권,미국 국채 장기 등급미확인,BOND_미국-국채-장기-등급미확인-047cbda7f5,plain,bond_coupon,neutral,1X,hedged,active,unknown,PG-PENDING-0091C0-8adb475c4f,,needs_review,기초지수 명시; 운용사·공식 출처 URL 존재; 자산군·투자대상 추출(채권/미국 국채 장기 등급미확인),가능,세부 투자대상 또는 만기·구성비율 미확인
KR70091M0008,0091M0,HANARO 27-06 회사채(AA-이상)액티브,KIS 회사채(AA-이상)2706만기형지수(총수익),채권,국내,채권,채권,국내 회사채 만기미확인 AA,BOND_국내-회사채-만기미확인-AA-971a2814f8,plain,bond_coupon,neutral,1X,unknown,active,unknown,PG-PENDING-0091M0-8fd60ddaea,,needs_review,기초지수 명시; 운용사·공식 출처 URL 존재; 자산군·투자대상 추출(채권/국내 회사채 만기미확인 AA),가능,세부 투자대상 또는 만기·구성비율 미확인
KR70092C0009,0092C0,SOL 27-12 회사채(AA-이상)액티브,"KAP 27-12 크레딧 채권지수(AA-이상, 총수익)",채권,국내,채권,채권,국내 회사채 만기미확인 AA,BOND_국내-회사채-만기미확인-AA-971a2814f8,plain,bond_coupon,neutral,1X,unknown,active,unknown,PG-PENDING-0092C0-6a07d7618c,,needs_review,기초지수 명시; 운용사·공식 출처 URL 존재; 자산군·투자대상 추출(채권/국내 회사채 만기미확인 AA),가능,세부 투자대상 또는 만기·구성비율 미확인
KR70094K0007,0094K0,TIGER 28-04 회사채(A+이상)액티브,KIS 회사채 2804만기형 지수(총수익),채권,국내,채권,채권,국내 회사채 만기미확인 등급미확인,BOND_국내-회사채-만기미확인-등급미확인-2695c4f395,plain,bond_coupon,neutral,1X,unknown,active,unknown,PG-PENDING-0094K0-824817bc19,,needs_review,기초지수 명시; 운용사·공식 출처 URL 존재; 자산군·투자대상 추출(채권/국내 회사채 만기미확인 등급미확인),가능,세부 투자대상 또는 만기·구성비율 미확인
KR70094L0006,0094L0,RISE 차이나테크TOP10위클리타겟커버드콜,Bloomberg China Tech Select TOP 10 + 12% Target Premium Weekly Index,주식,중국,기타특수구조,미확인 주식전략,중국 미확인 주식전략,미확인-주식전략-중국-미확인-주식전략-526c3d6249,covered_call,covered_call,neutral,1X,unhedged,physical_or_unspecified,concentrated,PG-PENDING-0094L0-4f1cb03a7a,,needs_review,기초지수 명시; 운용사·공식 출처 URL 존재; 상품명 구조표시(covered_call); 자산군·투자대상 추출(주식/중국 미확인 주식전략),가능,직접 비교에 필요한 주식 전략·투자대상 미확인; 세부 투자대상 또는 만기·구성비율 미확인
KR70094M0005,0094M0,RISE 코리아밸류업위클리고정커버드콜,코리아 밸류업 위클리 커버드콜 30% 지수,주식,국내,기타특수구조,미확인 주식전략,국내 미확인 주식전략,미확인-주식전략-국내-미확인-주식전략-46eed209b8,covered_call,covered_call,neutral,1X,unknown,physical_or_unspecified,unknown,PG-PENDING-0094M0-8263a47917,,needs_review,기초지수 명시; 운용사·공식 출처 URL 존재; 상품명 구조표시(covered_call); 자산군·투자대상 추출(주식/국내 미확인 주식전략),가능,직접 비교에 필요한 주식 전략·투자대상 미확인; 세부 투자대상 또는 만기·구성비율 미확인
KR70094X0002,0094X0,1Q 샤오미밸류체인액티브,Solactive-KEDI Xiaomi Focus China Tech Index,주식,미국,기타특수구조,미확인 주식전략,미국 미확인 주식전략,미확인-주식전략-미국-미확인-주식전략-bf6afc4d9f,plain,plain,neutral,1X,unhedged,active,unknown,PG-PENDING-0094X0-3383f21300,,needs_review,기초지수 명시; 자산군·투자대상 추출(주식/미국 미확인 주식전략),,직접 비교에 필요한 주식 전략·투자대상 미확인; 세부 투자대상 또는 만기·구성비율 미확인
KR70098Z0006,0098Z0,FOCUS 200,코스피 200,주식,국내,기타특수구조,미확인 주식전략,국내 미확인 주식전략,미확인-주식전략-국내-미확인-주식전략-46eed209b8,plain,plain,neutral,1X,unknown,physical_or_unspecified,broad,PG-PENDING-0098Z0-dfee754495,,needs_review,기초지수 명시; 자산군·투자대상 추출(주식/국내 미확인 주식전략),,직접 비교에 필요한 주식 전략·투자대상 미확인; 세부 투자대상 또는 만기·구성비율 미확인
KR70103T0007,0103T0,1Q K소버린AI,iSelect K소버린AI 지수,주식,국내,기타특수구조,미확인 주식전략,국내 미확인 주식전략,미확인-주식전략-국내-미확인-주식전략-46eed209b8,plain,plain,neutral,1X,unknown,physical_or_unspecified,unknown,PG-PENDING-0103T0-206efd156a,,needs_review,기초지수 명시; 자산군·투자대상 추출(주식/국내 미확인 주식전략),,직접 비교에 필요한 주식 전략·투자대상 미확인; 세부 투자대상 또는 만기·구성비율 미확인
KR70104H0000,0104H0,KoAct 미국나스닥채권혼합50액티브,FnGuide 미국나스닥 금융채권혼합 지수,채권,미국,채권,채권,미국 금융채 만기미확인 등급미확인,BOND_미국-금융채-만기미확인-등급미확인-ec5aaebda9,plain,bond_coupon,neutral,1X,unhedged,active,unknown,PG-PENDING-0104H0-a5ad995ce2,,needs_review,기초지수 명시; 자산군·투자대상 추출(채권/미국 금융채 만기미확인 등급미확인),,세부 투자대상 또는 만기·구성비율 미확인
KR70104N0002,0104N0,TIGER 200타겟위클리커버드콜,코스피 200 타겟 7% 위클리 커버드콜 지수,주식,국내,기타특수구조,미확인 주식전략,국내 미확인 주식전략,미확인-주식전략-국내-미확인-주식전략-46eed209b8,covered_call,covered_call,neutral,1X,unknown,physical_or_unspecified,broad,PG-PENDING-0104N0-944349decf,,needs_review,기초지수 명시; 운용사·공식 출처 URL 존재; 상품명 구조표시(covered_call); 자산군·투자대상 추출(주식/국내 미확인 주식전략),가능,직접 비교에 필요한 주식 전략·투자대상 미확인; 세부 투자대상 또는 만기·구성비율 미확인
KR70105D0003,0105D0,SOL 한국AI소프트웨어,KEDI 한국AI소프트웨어 지수(PR),주식,국내,기타특수구조,미확인 주식전략,국내 미확인 주식전략,미확인-주식전략-국내-미확인-주식전략-46eed209b8,plain,plain,neutral,1X,unknown,physical_or_unspecified,unknown,PG-PENDING-0105D0-42a2eb6ffe,,needs_review,기초지수 명시; 운용사·공식 출처 URL 존재; 자산군·투자대상 추출(주식/국내 미확인 주식전략),가능,직접 비교에 필요한 주식 전략·투자대상 미확인; 세부 투자대상 또는 만기·구성비율 미확인
KR70111P0001,0111P0,1Q 미국나스닥100미국채혼합50액티브,Nasdaq-100 US T-Bills 0-6 Month 50/50 Index,채권,미국,채권,채권,미국 국채 만기미확인 등급미확인,NASDAQ100,plain,bond_coupon,neutral,1X,unhedged,active,broad,PG-PENDING-0111P0-18cb0eb824,,needs_review,기초지수 명시; 자산군·투자대상 추출(채권/미국 국채 만기미확인 등급미확인),,세부 투자대상 또는 만기·구성비율 미확인
KR70112X0000,0112X0,마이티 200TR,코스피 200 TR,주식,국내,기타특수구조,미확인 주식전략,국내 미확인 주식전략,미확인-주식전략-국내-미확인-주식전략-46eed209b8,plain,plain,neutral,1X,unknown,physical_or_unspecified,broad,PG-PENDING-0112X0-8d50e6a17e,,needs_review,기초지수 명시; 자산군·투자대상 추출(주식/국내 미확인 주식전략),,직접 비교에 필요한 주식 전략·투자대상 미확인; 세부 투자대상 또는 만기·구성비율 미확인
KR70117L0009,0117L0,KODEX 26-12 금융채(AA-이상)액티브,KAP 26-12 금융채 총수익 지수(AA-이상),채권,국내,채권,채권,국내 금융채 만기미확인 AA,BOND_국내-금융채-만기미확인-AA-336c27f6f7,plain,bond_coupon,neutral,1X,unknown,active,unknown,PG-PENDING-0117L0-1bd3284726,,needs_review,기초지수 명시; 운용사·공식 출처 URL 존재; 자산군·투자대상 추출(채권/국내 금융채 만기미확인 AA),가능,세부 투자대상 또는 만기·구성비율 미확인
KR70117V0007,0117V0,TIGER 코리아AI전력기기TOP3플러스,KEDI 코리아AI전력기기TOP3플러스 지수,주식,국내,기타특수구조,미확인 주식전략,국내 미확인 주식전략,미확인-주식전략-국내-미확인-주식전략-46eed209b8,plain,plain,neutral,1X,unknown,physical_or_unspecified,ultra_concentrated,PG-PENDING-0117V0-5f0a496f8d,,needs_review,기초지수 명시; 운용사·공식 출처 URL 존재; 자산군·투자대상 추출(주식/국내 미확인 주식전략),가능,직접 비교에 필요한 주식 전략·투자대상 미확인; 세부 투자대상 또는 만기·구성비율 미확인
KR70118S0001,0118S0,SOL 미국넥스트테크TOP10액티브,KEDI 미국넥스트테크TOP10(PR),주식,미국,기타특수구조,미확인 주식전략,미국 미확인 주식전략,미확인-주식전략-미국-미확인-주식전략-bf6afc4d9f,plain,plain,neutral,1X,unhedged,active,concentrated,PG-PENDING-0118S0-d7c1971616,,needs_review,기초지수 명시; 운용사·공식 출처 URL 존재; 자산군·투자대상 추출(주식/미국 미확인 주식전략),가능,직접 비교에 필요한 주식 전략·투자대상 미확인; 세부 투자대상 또는 만기·구성비율 미확인
KR70119H0003,0119H0,KODEX 28-12 회사채(AA-이상)액티브,KAP 28-12 회사채 총수익 지수(AA- 이상),채권,국내,채권,채권,국내 회사채 만기미확인 AA,BOND_국내-회사채-만기미확인-AA-971a2814f8,plain,bond_coupon,neutral,1X,unknown,active,unknown,PG-PENDING-0119H0-e3b84f27e9,,needs_review,기초지수 명시; 운용사·공식 출처 URL 존재; 자산군·투자대상 추출(채권/국내 회사채 만기미확인 AA),가능,세부 투자대상 또는 만기·구성비율 미확인
KR70122W0009,0122W0,RISE 26-11 회사채(AA-이상)액티브,KAP 26-11 회사채(AA-이상) 총수익지수,채권,국내,채권,채권,국내 회사채 만기미확인 AA,BOND_국내-회사채-만기미확인-AA-971a2814f8,plain,bond_coupon,neutral,1X,unknown,active,unknown,PG-PENDING-0122W0-be181546f5,,needs_review,기초지수 명시; 운용사·공식 출처 URL 존재; 자산군·투자대상 추출(채권/국내 회사채 만기미확인 AA),RISE,세부 투자대상 또는 만기·구성비율 미확인
KR70123S0004,0123S0,HANARO 26-12 은행채(AA+이상)액티브,KIS 은행채2612만기형 지수,원자재,해당없음,원자재,기타원자재,기타원자재 futures,COMMODITY_기타원자재-FUTURES-e9bbd8bb27,plain,futures,neutral,1X,unknown,active,unknown,PG-PENDING-0123S0-120715feae,,conflict,기초지수 명시; 운용사·공식 출처 URL 존재; 자산군·투자대상 추출(원자재/기타원자재 futures),가능,기존 자산분류와 비교분류 추론값 충돌
KR70128D0006,0128D0,PLUS 차이나항셍테크위클리타겟커버드콜,HSTECH 15% Target Premium Weekly Covered Call Index,주식,미국,기타특수구조,미확인 주식전략,미국 미확인 주식전략,미확인-주식전략-미국-미확인-주식전략-bf6afc4d9f,covered_call,covered_call,neutral,1X,unhedged,physical_or_unspecified,unknown,PG-PENDING-0128D0-0beccca90c,,needs_review,기초지수 명시; 운용사·공식 출처 URL 존재; 상품명 구조표시(covered_call); 자산군·투자대상 추출(주식/미국 미확인 주식전략),가능,직접 비교에 필요한 주식 전략·투자대상 미확인; 세부 투자대상 또는 만기·구성비율 미확인
KR70131A0004,0131A0,SOL 차이나소비트렌드,SOLACTIVE-KEDI CHINA CONSUMER TREND INDEX(PR),주식,중국,기타특수구조,미확인 주식전략,중국 미확인 주식전략,미확인-주식전략-중국-미확인-주식전략-526c3d6249,plain,plain,neutral,1X,unhedged,active,unknown,PG-PENDING-0131A0-f22092e56a,,needs_review,기초지수 명시; 운용사·공식 출처 URL 존재; 자산군·투자대상 추출(주식/중국 미확인 주식전략),가능,직접 비교에 필요한 주식 전략·투자대상 미확인; 세부 투자대상 또는 만기·구성비율 미확인
KR70131W0008,0131W0,1Q 단기특수은행채액티브,KIS 단기특수은행채 지수(총수익),원자재,해당없음,원자재,기타원자재,기타원자재 futures,COMMODITY_기타원자재-FUTURES-e9bbd8bb27,plain,futures,neutral,1X,unknown,active,unknown,PG-PENDING-0131W0-bb866ff6e9,,conflict,기초지수 명시; 자산군·투자대상 추출(원자재/기타원자재 futures),,기존 자산분류와 비교분류 추론값 충돌
KR70132K0001,0132K0,PLUS 테슬라위클리커버드콜채권혼합,Akros 테슬라 위클리 커버드콜 채권혼합 지수,채권,미국,채권,채권,미국 채권 만기미확인 등급미확인,BOND_미국-채권-만기미확인-등급미확인-4820f5af4f,covered_call,bond_coupon,neutral,1X,unhedged,physical_or_unspecified,unknown,PG-PENDING-0132K0-3c513d1f19,,needs_review,기초지수 명시; 운용사·공식 출처 URL 존재; 상품명 구조표시(covered_call); 자산군·투자대상 추출(채권/미국 채권 만기미확인 등급미확인),가능,세부 투자대상 또는 만기·구성비율 미확인
KR70138D0004,0138D0,RISE 동학개미,FnGuide 동학개미 지수,주식,국내,기타특수구조,미확인 주식전략,국내 미확인 주식전략,미확인-주식전략-국내-미확인-주식전략-46eed209b8,plain,plain,neutral,1X,unknown,physical_or_unspecified,unknown,PG-PENDING-0138D0-b6dbace2c8,,needs_review,기초지수 명시; 운용사·공식 출처 URL 존재; 자산군·투자대상 추출(주식/국내 미확인 주식전략),RISE,직접 비교에 필요한 주식 전략·투자대상 미확인; 세부 투자대상 또는 만기·구성비율 미확인
KR70138Y0009,0138Y0,PLUS 금채권혼합,Akros 미국 금현물 ETF 채권혼합 지수,채권,미국,채권,채권,미국 채권 만기미확인 등급미확인,BOND_미국-채권-만기미확인-등급미확인-4820f5af4f,plain,bond_coupon,neutral,1X,unhedged,physical_or_unspecified,unknown,PG-PENDING-0138Y0-4eb991b4db,,needs_review,기초지수 명시; 운용사·공식 출처 URL 존재; 자산군·투자대상 추출(채권/미국 채권 만기미확인 등급미확인),가능,세부 투자대상 또는 만기·구성비율 미확인
KR70139F0001,0139F0,TIGER 12월자동연장금융채(AA-이상)액티브,KIS 12월 만기 자동연장금융채(AA-이상) 총수익지수,채권,국내,채권,채권,국내 금융채 만기미확인 AA,BOND_국내-금융채-만기미확인-AA-336c27f6f7,plain,bond_coupon,neutral,1X,unknown,active,unknown,PG-PENDING-0139F0-f71d1f0e65,,needs_review,기초지수 명시; 운용사·공식 출처 URL 존재; 자산군·투자대상 추출(채권/국내 금융채 만기미확인 AA),가능,세부 투자대상 또는 만기·구성비율 미확인
KR70144M0005,0144M0,KODEX 미국드론UAM TOP10,iSelect 미국드론UAM TOP10 지수(Price Return),주식,미국,기타특수구조,미확인 주식전략,미국 미확인 주식전략,미확인-주식전략-미국-미확인-주식전략-bf6afc4d9f,plain,plain,neutral,1X,unhedged,physical_or_unspecified,concentrated,PG-PENDING-0144M0-17c00603e6,,needs_review,기초지수 명시; 운용사·공식 출처 URL 존재; 자산군·투자대상 추출(주식/미국 미확인 주식전략),가능,직접 비교에 필요한 주식 전략·투자대상 미확인; 세부 투자대상 또는 만기·구성비율 미확인
KR70151P0002,0151P0,RISE 코리아전략산업액티브,KAP 코리아전략산업지수,주식,국내,기타특수구조,미확인 주식전략,국내 미확인 주식전략,미확인-주식전략-국내-미확인-주식전략-46eed209b8,plain,plain,neutral,1X,unknown,active,unknown,PG-PENDING-0151P0-2bfaa30e21,,needs_review,기초지수 명시; 운용사·공식 출처 URL 존재; 자산군·투자대상 추출(주식/국내 미확인 주식전략),RISE,직접 비교에 필요한 주식 전략·투자대상 미확인; 세부 투자대상 또는 만기·구성비율 미확인
KR70152E0004,0152E0,SOL 배당성향탑픽액티브,FnGuide 배당성향탑픽 지수(PR),주식,국내,기타특수구조,미확인 주식전략,국내 미확인 주식전략,미확인-주식전략-국내-미확인-주식전략-46eed209b8,plain,plain,neutral,1X,unknown,active,unknown,PG-PENDING-0152E0-8efd03d71b,,needs_review,기초지수 명시; 운용사·공식 출처 URL 존재; 자산군·투자대상 추출(주식/국내 미확인 주식전략),가능,직접 비교에 필요한 주식 전략·투자대상 미확인; 세부 투자대상 또는 만기·구성비율 미확인
KR70155N0000,0155N0,HANARO K휴머노이드테마TOP10,iSelect K휴머노이드테마TOP10 지수,주식,국내,기타특수구조,미확인 주식전략,국내 미확인 주식전략,미확인-주식전략-국내-미확인-주식전략-46eed209b8,plain,plain,neutral,1X,unknown,physical_or_unspecified,concentrated,PG-PENDING-0155N0-543054b53b,,needs_review,기초지수 명시; 운용사·공식 출처 URL 존재; 자산군·투자대상 추출(주식/국내 미확인 주식전략),가능,직접 비교에 필요한 주식 전략·투자대상 미확인; 세부 투자대상 또는 만기·구성비율 미확인
KR70162M0002,0162M0,KODEX 금융채1~2년(AA-이상)PLUS액티브,KAP 금융채 1-2년 총수익 지수,채권,국내,채권,채권,국내 금융채 만기미확인 AA,BOND_국내-금융채-만기미확인-AA-336c27f6f7,plain,bond_coupon,neutral,1X,unknown,active,unknown,PG-PENDING-0162M0-5d3164d5a4,,needs_review,기초지수 명시; 운용사·공식 출처 URL 존재; 자산군·투자대상 추출(채권/국내 금융채 만기미확인 AA),가능,세부 투자대상 또는 만기·구성비율 미확인
KR70162Y0008,0162Y0,TIME 코스닥액티브,코스닥,주식,국내,기타특수구조,미확인 주식전략,국내 미확인 주식전략,미확인-주식전략-국내-미확인-주식전략-46eed209b8,plain,plain,neutral,1X,unknown,active,unknown,PG-PENDING-0162Y0-257465f13d,,needs_review,기초지수 명시; 자산군·투자대상 추출(주식/국내 미확인 주식전략),,직접 비교에 필요한 주식 전략·투자대상 미확인; 세부 투자대상 또는 만기·구성비율 미확인
KR70162Z0007,0162Z0,RISE 삼성전자SK하이닉스채권혼합50,KAP 삼성전자SK하이닉스채권혼합50 지수,채권,국내,채권,채권,국내 채권 만기미확인 등급미확인,BOND_국내-채권-만기미확인-등급미확인-893e3e68b3,plain,bond_coupon,neutral,1X,unknown,physical_or_unspecified,unknown,PG-PENDING-0162Z0-728f2aea6a,,needs_review,기초지수 명시; 운용사·공식 출처 URL 존재; 자산군·투자대상 추출(채권/국내 채권 만기미확인 등급미확인),가능,세부 투자대상 또는 만기·구성비율 미확인
KR70163Y0007,0163Y0,KoAct 코스닥액티브,코스닥,주식,국내,기타특수구조,미확인 주식전략,국내 미확인 주식전략,미확인-주식전략-국내-미확인-주식전략-46eed209b8,plain,plain,neutral,1X,unknown,active,unknown,PG-PENDING-0163Y0-dc1690c738,,needs_review,기초지수 명시; 자산군·투자대상 추출(주식/국내 미확인 주식전략),,직접 비교에 필요한 주식 전략·투자대상 미확인; 세부 투자대상 또는 만기·구성비율 미확인
KR70166N0007,0166N0,PLUS 코스닥150액티브,코스닥 150,주식,국내,기타특수구조,미확인 주식전략,국내 미확인 주식전략,미확인-주식전략-국내-미확인-주식전략-46eed209b8,plain,plain,neutral,1X,unknown,active,unknown,PG-PENDING-0166N0-66f10bcdeb,,needs_review,기초지수 명시; 운용사·공식 출처 URL 존재; 자산군·투자대상 추출(주식/국내 미확인 주식전략),가능,직접 비교에 필요한 주식 전략·투자대상 미확인; 세부 투자대상 또는 만기·구성비율 미확인
KR70166S0002,0166S0,PLUS K제조업핵심기업액티브,Akros K제조업 50 지수,주식,국내,기타특수구조,미확인 주식전략,국내 미확인 주식전략,미확인-주식전략-국내-미확인-주식전략-46eed209b8,plain,plain,neutral,1X,unknown,active,unknown,PG-PENDING-0166S0-afce312df4,,needs_review,기초지수 명시; 운용사·공식 출처 URL 존재; 자산군·투자대상 추출(주식/국내 미확인 주식전략),가능,직접 비교에 필요한 주식 전략·투자대상 미확인; 세부 투자대상 또는 만기·구성비율 미확인
KR70166T0001,0166T0,PLUS 글로벌저작권핵심기업액티브,iSelect 미국AI지적재산 지수(PR),주식,미국,기타특수구조,미확인 주식전략,미국 미확인 주식전략,미확인-주식전략-미국-미확인-주식전략-bf6afc4d9f,plain,plain,neutral,1X,unhedged,active,unknown,PG-PENDING-0166T0-e10ef4d93e,,needs_review,기초지수 명시; 운용사·공식 출처 URL 존재; 자산군·투자대상 추출(주식/미국 미확인 주식전략),가능,직접 비교에 필요한 주식 전략·투자대상 미확인; 세부 투자대상 또는 만기·구성비율 미확인
KR70167B0000,0167B0,SOL 200타겟위클리커버드콜,코스피 200 타겟 15% 위클리 커버드콜 지수,주식,국내,기타특수구조,미확인 주식전략,국내 미확인 주식전략,미확인-주식전략-국내-미확인-주식전략-46eed209b8,covered_call,covered_call,neutral,1X,unknown,physical_or_unspecified,broad,PG-PENDING-0167B0-7bfb37b49a,,needs_review,기초지수 명시; 운용사·공식 출처 URL 존재; 상품명 구조표시(covered_call); 자산군·투자대상 추출(주식/국내 미확인 주식전략),가능,직접 비교에 필요한 주식 전략·투자대상 미확인; 세부 투자대상 또는 만기·구성비율 미확인
KR70172Y0006,0172Y0,ACE K수출핵심TOP10산업액티브,iSelect K수출핵심산업 지수 (시장가격),주식,국내,기타특수구조,미확인 주식전략,국내 미확인 주식전략,미확인-주식전략-국내-미확인-주식전략-46eed209b8,plain,plain,neutral,1X,unknown,active,concentrated,PG-PENDING-0172Y0-6de1794a61,,needs_review,기초지수 명시; 운용사·공식 출처 URL 존재; 자산군·투자대상 추출(주식/국내 미확인 주식전략),가능,직접 비교에 필요한 주식 전략·투자대상 미확인; 세부 투자대상 또는 만기·구성비율 미확인
KR70177N0004,0177N0,KODEX 삼성전자SK하이닉스채권혼합50,Wise 삼성전자 SK하이닉스 채권혼합 지수,채권,국내,채권,채권,국내 채권 만기미확인 등급미확인,BOND_국내-채권-만기미확인-등급미확인-893e3e68b3,plain,bond_coupon,neutral,1X,unknown,physical_or_unspecified,unknown,PG-PENDING-0177N0-5d2e195fbb,,needs_review,기초지수 명시; 운용사·공식 출처 URL 존재; 자산군·투자대상 추출(채권/국내 채권 만기미확인 등급미확인),가능,세부 투자대상 또는 만기·구성비율 미확인
KR70178H0001,0178H0,IBK 미국AI TOP10국채혼합50,FnGuide 미국AI TOP10국채혼합 지수,채권,미국,채권,채권,미국 국채 만기미확인 등급미확인,BOND_미국-국채-만기미확인-등급미확인-6e6ab9de27,plain,bond_coupon,neutral,1X,unhedged,physical_or_unspecified,concentrated,PG-PENDING-0178H0-77f1f00218,,needs_review,기초지수 명시; 자산군·투자대상 추출(채권/미국 국채 만기미확인 등급미확인),,세부 투자대상 또는 만기·구성비율 미확인
KR70182S0002,0182S0,1Q K반도체TOP2채권혼합50,KEDI K반도체TOP2채권혼합 지수,채권,국내,채권,채권,국내 채권 만기미확인 등급미확인,BOND_국내-채권-만기미확인-등급미확인-893e3e68b3,plain,bond_coupon,neutral,1X,unknown,physical_or_unspecified,ultra_concentrated,PG-PENDING-0182S0-127d3e9fba,,needs_review,기초지수 명시; 자산군·투자대상 추출(채권/국내 채권 만기미확인 등급미확인),,세부 투자대상 또는 만기·구성비율 미확인
KR70183V0006,0183V0,KIWOOM 삼성전자&SK하이닉스채권혼합50,FnGuide 삼성전자 & SK하이닉스 채권혼합 지수,채권,국내,채권,채권,국내 채권 만기미확인 등급미확인,BOND_국내-채권-만기미확인-등급미확인-893e3e68b3,plain,bond_coupon,neutral,1X,unknown,physical_or_unspecified,unknown,PG-PENDING-0183V0-a478fbf795,,needs_review,기초지수 명시; 운용사·공식 출처 URL 존재; 자산군·투자대상 추출(채권/국내 채권 만기미확인 등급미확인),불가,세부 투자대상 또는 만기·구성비율 미확인
KR70184E0006,0184E0,1Q 200채권혼합50액티브,코스피 200 단기국공채 혼합지수,채권,국내,채권,채권,국내 채권 단기 등급미확인,BOND_국내-채권-단기-등급미확인-afa2e5ef57,plain,bond_coupon,neutral,1X,unknown,active,broad,PG-PENDING-0184E0-76e1ad4b78,,needs_review,기초지수 명시; 자산군·투자대상 추출(채권/국내 채권 단기 등급미확인),,세부 투자대상 또는 만기·구성비율 미확인
KR70184L0007,0184L0,PLUS 중기종합채권(A-이상)액티브,KIS 중기종합채권(A-이상) 지수(총수익),채권,국내,채권,채권,국내 채권 중기 등급미확인,BOND_국내-채권-중기-등급미확인-af53603ca9,plain,bond_coupon,neutral,1X,unknown,active,unknown,PG-PENDING-0184L0-2dc9ccbc40,,needs_review,기초지수 명시; 운용사·공식 출처 URL 존재; 자산군·투자대상 추출(채권/국내 채권 중기 등급미확인),가능,세부 투자대상 또는 만기·구성비율 미확인
KR70184N0005,0184N0,PLUS 은채권혼합,Akros 은 채권혼합 지수,채권,국내,채권,채권,국내 채권 만기미확인 등급미확인,BOND_국내-채권-만기미확인-등급미확인-893e3e68b3,plain,bond_coupon,neutral,1X,unknown,physical_or_unspecified,unknown,PG-PENDING-0184N0-2007a33d1b,,needs_review,기초지수 명시; 운용사·공식 출처 URL 존재; 자산군·투자대상 추출(채권/국내 채권 만기미확인 등급미확인),가능,세부 투자대상 또는 만기·구성비율 미확인
KR70184V0005,0184V0,UNICORN K바이오액티브,FnGuide K-바이오 밸런스드 지수,혼합자산,국내,혼합자산,혼합자산,구성비율 미확인,혼합자산-구성비율-미확인-9c1ef5c7e4,plain,mixed_asset,neutral,1X,unknown,active,unknown,PG-PENDING-0184V0-d46c450c9e,,needs_review,기초지수 명시; 운용사·공식 출처 URL 존재; 자산군·투자대상 추출(혼합자산/구성비율 미확인),https://www.hyundaiam.com/upload/FUND_ANNT/doc_1780361663350_dedd.pdf,세부 투자대상 또는 만기·구성비율 미확인
KR70186S0008,0186S0,1Q 코스닥150채권혼합50액티브,코스닥 150 단기국공채 혼합지수,채권,국내,채권,채권,국내 채권 단기 등급미확인,BOND_국내-채권-단기-등급미확인-afa2e5ef57,plain,bond_coupon,neutral,1X,unknown,active,unknown,PG-PENDING-0186S0-bf77154211,,needs_review,기초지수 명시; 자산군·투자대상 추출(채권/국내 채권 단기 등급미확인),,세부 투자대상 또는 만기·구성비율 미확인
KR70190M0008,0190M0,KIWOOM 미국AI테크하이베타,Akros 미국AI&프론티어테크 하이베타 지수,주식,미국,기타특수구조,미확인 주식전략,미국 미확인 주식전략,미확인-주식전략-미국-미확인-주식전략-bf6afc4d9f,plain,plain,neutral,1X,unhedged,physical_or_unspecified,unknown,PG-PENDING-0190M0-403244edc3,,needs_review,기초지수 명시; 운용사·공식 출처 URL 존재; 자산군·투자대상 추출(주식/미국 미확인 주식전략),불가,직접 비교에 필요한 주식 전략·투자대상 미확인; 세부 투자대상 또는 만기·구성비율 미확인
KR70191B0000,0191B0,MIDAS 코스닥액티브,코스닥,주식,국내,기타특수구조,미확인 주식전략,국내 미확인 주식전략,미확인-주식전략-국내-미확인-주식전략-46eed209b8,plain,plain,neutral,1X,unknown,active,unknown,PG-PENDING-0191B0-c6aed1ad50,,needs_review,기초지수 명시; 자산군·투자대상 추출(주식/국내 미확인 주식전략),,직접 비교에 필요한 주식 전략·투자대상 미확인; 세부 투자대상 또는 만기·구성비율 미확인
KR70191M0007,0191M0,마이티 5월만기자동연장특수채(AAA)액티브,KAP 5월 만기자동연장 특수채(AAA) 총수익 지수,채권,국내,채권,채권,국내 특수채 만기미확인 AAA,BOND_국내-특수채-만기미확인-AAA-e49adb89d7,plain,bond_coupon,neutral,1X,unknown,active,unknown,PG-PENDING-0191M0-4f421ade63,,needs_review,기초지수 명시; 자산군·투자대상 추출(채권/국내 특수채 만기미확인 AAA),,세부 투자대상 또는 만기·구성비율 미확인
KR70191S0001,0191S0,IBK 코스닥150,코스닥 150,주식,국내,기타특수구조,미확인 주식전략,국내 미확인 주식전략,미확인-주식전략-국내-미확인-주식전략-46eed209b8,plain,plain,neutral,1X,unknown,physical_or_unspecified,unknown,PG-PENDING-0191S0-20e70bafe6,,needs_review,기초지수 명시; 자산군·투자대상 추출(주식/국내 미확인 주식전략),,직접 비교에 필요한 주식 전략·투자대상 미확인; 세부 투자대상 또는 만기·구성비율 미확인
KR70191W0005,0191W0,HANARO 중기종합채권(A-이상)액티브,KIS 중기종합채권시장 A-이상 총수익지수,채권,국내,채권,채권,국내 채권 중기 등급미확인,BOND_국내-채권-중기-등급미확인-af53603ca9,plain,bond_coupon,neutral,1X,unknown,active,unknown,PG-PENDING-0191W0-4a75946f50,,needs_review,기초지수 명시; 운용사·공식 출처 URL 존재; 자산군·투자대상 추출(채권/국내 채권 중기 등급미확인),가능,세부 투자대상 또는 만기·구성비율 미확인
KR70192M0006,0192M0,RISE 삼성전자단일종목레버리지,KRX 삼성전자 지수,주식,국내,기타특수구조,미확인 주식전략,국내 미확인 주식전략,미확인-주식전략-국내-미확인-주식전략-46eed209b8,leveraged,leveraged,long,2X,unknown,physical_or_unspecified,unknown,PG-PENDING-0192M0-086f4b8881,,needs_review,기초지수 명시; 운용사·공식 출처 URL 존재; 상품명 구조표시(leveraged); 자산군·투자대상 추출(주식/국내 미확인 주식전략),불가,직접 비교에 필요한 주식 전략·투자대상 미확인; 세부 투자대상 또는 만기·구성비율 미확인
KR70192S0000,0192S0,SOL 코스피200채권혼합50,코스피 200 KTB 혼합지수,채권,국내,채권,채권,국내 채권 만기미확인 등급미확인,KOSPI200,plain,bond_coupon,neutral,1X,unknown,physical_or_unspecified,broad,PG-PENDING-0192S0-1f68778850,,needs_review,기초지수 명시; 운용사·공식 출처 URL 존재; 자산군·투자대상 추출(채권/국내 채권 만기미확인 등급미확인),가능,세부 투자대상 또는 만기·구성비율 미확인
KR70192T0009,0192T0,SOL 코스닥TOP10,코스닥 TOP 10 지수,주식,국내,기타특수구조,미확인 주식전략,국내 미확인 주식전략,미확인-주식전략-국내-미확인-주식전략-46eed209b8,plain,plain,neutral,1X,unknown,physical_or_unspecified,concentrated,PG-PENDING-0192T0-09f68a9c4d,,needs_review,기초지수 명시; 운용사·공식 출처 URL 존재; 자산군·투자대상 추출(주식/국내 미확인 주식전략),가능,직접 비교에 필요한 주식 전략·투자대상 미확인; 세부 투자대상 또는 만기·구성비율 미확인
KR70192Z0001,0192Z0,TIGER 중기종합채권(A-이상)액티브,NICE 중기종합채권(A-이상)(총수익지수),채권,국내,채권,채권,국내 채권 중기 등급미확인,BOND_국내-채권-중기-등급미확인-af53603ca9,plain,bond_coupon,neutral,1X,unknown,active,unknown,PG-PENDING-0192Z0-1297708fef,,needs_review,기초지수 명시; 운용사·공식 출처 URL 존재; 자산군·투자대상 추출(채권/국내 채권 중기 등급미확인),가능,세부 투자대상 또는 만기·구성비율 미확인
KR70193G0003,0193G0,KoAct 코스피액티브,코스피,주식,국내,기타특수구조,미확인 주식전략,국내 미확인 주식전략,미확인-주식전략-국내-미확인-주식전략-46eed209b8,plain,plain,neutral,1X,unknown,active,unknown,PG-PENDING-0193G0-c6db04f7a4,,needs_review,기초지수 명시; 자산군·투자대상 추출(주식/국내 미확인 주식전략),,직접 비교에 필요한 주식 전략·투자대상 미확인; 세부 투자대상 또는 만기·구성비율 미확인
KR70193K0007,0193K0,PLUS 삼성전자단일종목레버리지,KRX 삼성전자 지수,주식,국내,기타특수구조,미확인 주식전략,국내 미확인 주식전략,미확인-주식전략-국내-미확인-주식전략-46eed209b8,leveraged,leveraged,long,2X,unknown,physical_or_unspecified,unknown,PG-PENDING-0193K0-3562576a29,,needs_review,기초지수 명시; 운용사·공식 출처 URL 존재; 상품명 구조표시(leveraged); 자산군·투자대상 추출(주식/국내 미확인 주식전략),불가,직접 비교에 필요한 주식 전략·투자대상 미확인; 세부 투자대상 또는 만기·구성비율 미확인
KR70193L0006,0193L0,PLUS 삼성전자선물단일종목인버스2X,KRX 삼성전자 선물 지수,주식,국내,기타특수구조,미확인 주식전략,국내 미확인 주식전략,미확인-주식전략-국내-미확인-주식전략-46eed209b8,inverse,inverse,short,2X,unknown,physical_or_unspecified,unknown,PG-PENDING-0193L0-30e34b0072,,needs_review,기초지수 명시; 운용사·공식 출처 URL 존재; 상품명 구조표시(inverse); 자산군·투자대상 추출(주식/국내 미확인 주식전략),불가,직접 비교에 필요한 주식 전략·투자대상 미확인; 세부 투자대상 또는 만기·구성비율 미확인
KR70193M0005,0193M0,BNK 27-12 특수채(AAA이상)액티브,KAP 27-12 특수채 총수익 지수(AAA이상),채권,국내,채권,채권,국내 특수채 만기미확인 AAA,BOND_국내-특수채-만기미확인-AAA-e49adb89d7,plain,bond_coupon,neutral,1X,unknown,active,unknown,PG-PENDING-0193M0-7e11a9fa73,,needs_review,기초지수 명시; 자산군·투자대상 추출(채권/국내 특수채 만기미확인 AAA),,세부 투자대상 또는 만기·구성비율 미확인
KR70193W0003,0193W0,KODEX 삼성전자단일종목레버리지,KRX 삼성전자 지수,주식,국내,기타특수구조,미확인 주식전략,국내 미확인 주식전략,미확인-주식전략-국내-미확인-주식전략-46eed209b8,leveraged,leveraged,long,2X,unknown,physical_or_unspecified,unknown,PG-PENDING-0193W0-fd7507e15c,,needs_review,기초지수 명시; 운용사·공식 출처 URL 존재; 상품명 구조표시(leveraged); 자산군·투자대상 추출(주식/국내 미확인 주식전략),불가,직접 비교에 필요한 주식 전략·투자대상 미확인; 세부 투자대상 또는 만기·구성비율 미확인
KR70194M0004,0194M0,ACE 삼성전자단일종목레버리지,KRX 삼성전자 지수,주식,국내,기타특수구조,미확인 주식전략,국내 미확인 주식전략,미확인-주식전략-국내-미확인-주식전략-46eed209b8,leveraged,leveraged,long,2X,unknown,physical_or_unspecified,unknown,PG-PENDING-0194M0-c3bc2eb065,,needs_review,기초지수 명시; 운용사·공식 출처 URL 존재; 상품명 구조표시(leveraged); 자산군·투자대상 추출(주식/국내 미확인 주식전략),불가,직접 비교에 필요한 주식 전략·투자대상 미확인; 세부 투자대상 또는 만기·구성비율 미확인
KR70194N0003,0194N0,KIWOOM 삼성전자선물단일종목레버리지,KRX 삼성전자 선물 지수,주식,국내,기타특수구조,미확인 주식전략,국내 미확인 주식전략,미확인-주식전략-국내-미확인-주식전략-46eed209b8,leveraged,leveraged,long,2X,unknown,physical_or_unspecified,unknown,PG-PENDING-0194N0-15276fffde,,needs_review,기초지수 명시; 운용사·공식 출처 URL 존재; 상품명 구조표시(leveraged); 자산군·투자대상 추출(주식/국내 미확인 주식전략),불가,직접 비교에 필요한 주식 전략·투자대상 미확인; 세부 투자대상 또는 만기·구성비율 미확인
KR70195R0008,0195R0,TIGER 삼성전자단일종목레버리지,KRX 삼성전자 지수,주식,국내,기타특수구조,미확인 주식전략,국내 미확인 주식전략,미확인-주식전략-국내-미확인-주식전략-46eed209b8,leveraged,leveraged,long,2X,unknown,physical_or_unspecified,unknown,PG-PENDING-0195R0-5021a078e7,,needs_review,기초지수 명시; 운용사·공식 출처 URL 존재; 상품명 구조표시(leveraged); 자산군·투자대상 추출(주식/국내 미확인 주식전략),불가,직접 비교에 필요한 주식 전략·투자대상 미확인; 세부 투자대상 또는 만기·구성비율 미확인
KR70198A0004,0198A0,KIWOOM 코스닥150커버드콜액티브,코스닥 150 위클리 고정 30% 커버드콜 지수,주식,국내,기타특수구조,미확인 주식전략,국내 미확인 주식전략,미확인-주식전략-국내-미확인-주식전략-46eed209b8,covered_call,covered_call,neutral,1X,unknown,active,unknown,PG-PENDING-0198A0-65df7aebfc,,needs_review,기초지수 명시; 운용사·공식 출처 URL 존재; 상품명 구조표시(covered_call); 자산군·투자대상 추출(주식/국내 미확인 주식전략),불가,직접 비교에 필요한 주식 전략·투자대상 미확인; 세부 투자대상 또는 만기·구성비율 미확인
KR70198B0003,0198B0,1Q 삼성전자선물단일종목레버리지,KRX 삼성전자 선물 지수,주식,국내,기타특수구조,미확인 주식전략,국내 미확인 주식전략,미확인-주식전략-국내-미확인-주식전략-46eed209b8,leveraged,leveraged,long,2X,unknown,physical_or_unspecified,unknown,PG-PENDING-0198B0-31c0368791,,needs_review,기초지수 명시; 상품명 구조표시(leveraged); 자산군·투자대상 추출(주식/국내 미확인 주식전략),,직접 비교에 필요한 주식 전략·투자대상 미확인; 세부 투자대상 또는 만기·구성비율 미확인
KR70203D0004,0203D0,PLUS 200위클리커버드콜채권혼합,코스피 200 KTB 혼합 위클리 고정 10% 커버드콜 지수,채권,국내,채권,채권,국내 채권 만기미확인 등급미확인,BOND_국내-채권-만기미확인-등급미확인-893e3e68b3,covered_call,bond_coupon,neutral,1X,unknown,physical_or_unspecified,broad,PG-PENDING-0203D0-3c4f7cddcd,,needs_review,기초지수 명시; 운용사·공식 출처 URL 존재; 상품명 구조표시(covered_call); 자산군·투자대상 추출(채권/국내 채권 만기미확인 등급미확인),가능,세부 투자대상 또는 만기·구성비율 미확인
KR70203R0008,0203R0,WON 중단기종합채권(A-이상)액티브,KAP 중단기 종합채권 총수익 지수(A-이상),채권,국내,채권,채권,국내 채권 단기 등급미확인,BOND_국내-채권-단기-등급미확인-afa2e5ef57,plain,bond_coupon,neutral,1X,unknown,active,unknown,PG-PENDING-0203R0-37c207139f,,needs_review,기초지수 명시; 자산군·투자대상 추출(채권/국내 채권 단기 등급미확인),,세부 투자대상 또는 만기·구성비율 미확인
KR70203S0007,0203S0,WON 삼성전자현대차채권혼합50,KAP 삼성전자현대차채권혼합지수,채권,국내,채권,채권,국내 채권 만기미확인 등급미확인,BOND_국내-채권-만기미확인-등급미확인-893e3e68b3,plain,bond_coupon,neutral,1X,unknown,physical_or_unspecified,unknown,PG-PENDING-0203S0-1223683ccb,,needs_review,기초지수 명시; 자산군·투자대상 추출(채권/국내 채권 만기미확인 등급미확인),,세부 투자대상 또는 만기·구성비율 미확인
KR70204S0006,0204S0,TIGER 코스닥액티브,코스닥,주식,국내,기타특수구조,미확인 주식전략,국내 미확인 주식전략,미확인-주식전략-국내-미확인-주식전략-46eed209b8,plain,plain,neutral,1X,unknown,active,unknown,PG-PENDING-0204S0-25a8dfffbb,,needs_review,기초지수 명시; 운용사·공식 출처 URL 존재; 자산군·투자대상 추출(주식/국내 미확인 주식전략),가능,직접 비교에 필요한 주식 전략·투자대상 미확인; 세부 투자대상 또는 만기·구성비율 미확인
KR70206G0008,0206G0,1Q 현대차기아채권혼합50,KEDI 현대차&기아채권혼합50지수,채권,국내,채권,채권,국내 채권 만기미확인 등급미확인,BOND_국내-채권-만기미확인-등급미확인-893e3e68b3,plain,bond_coupon,neutral,1X,unknown,physical_or_unspecified,unknown,PG-PENDING-0206G0-ebd5e71f58,,needs_review,기초지수 명시; 자산군·투자대상 추출(채권/국내 채권 만기미확인 등급미확인),,세부 투자대상 또는 만기·구성비율 미확인
KR70208N0007,0208N0,IBK 코스피액티브,코스피,주식,국내,기타특수구조,미확인 주식전략,국내 미확인 주식전략,미확인-주식전략-국내-미확인-주식전략-46eed209b8,plain,plain,neutral,1X,unknown,active,unknown,PG-PENDING-0208N0-e0f7d9ae20,,needs_review,기초지수 명시; 자산군·투자대상 추출(주식/국내 미확인 주식전략),,직접 비교에 필요한 주식 전략·투자대상 미확인; 세부 투자대상 또는 만기·구성비율 미확인
KR70209Z0002,0209Z0,ACE 코리아AI전력TOP10,Akros 코리아 AI전력 TOP 10 지수 (시장가격),주식,국내,기타특수구조,미확인 주식전략,국내 미확인 주식전략,미확인-주식전략-국내-미확인-주식전략-46eed209b8,plain,plain,neutral,1X,unknown,physical_or_unspecified,concentrated,PG-PENDING-0209Z0-9a714bb0b0,,needs_review,기초지수 명시; 운용사·공식 출처 URL 존재; 자산군·투자대상 추출(주식/국내 미확인 주식전략),가능,직접 비교에 필요한 주식 전략·투자대상 미확인; 세부 투자대상 또는 만기·구성비율 미확인
KR70210E0004,0210E0,PLUS 200커버드콜액티브,코스피 200 위클리 고정 30% 커버드콜 지수,주식,국내,기타특수구조,미확인 주식전략,국내 미확인 주식전략,미확인-주식전략-국내-미확인-주식전략-46eed209b8,covered_call,covered_call,neutral,1X,unknown,active,broad,PG-PENDING-0210E0-bc0b8ab252,,needs_review,기초지수 명시; 운용사·공식 출처 URL 존재; 상품명 구조표시(covered_call); 자산군·투자대상 추출(주식/국내 미확인 주식전략),불가,직접 비교에 필요한 주식 전략·투자대상 미확인; 세부 투자대상 또는 만기·구성비율 미확인
KR70216K0000,0216K0,KIWOOM 미국우주테크TOP2채권혼합50,Akros 미국 우주 Top 2 채권혼합 지수,채권,미국,채권,채권,미국 채권 만기미확인 등급미확인,BOND_미국-채권-만기미확인-등급미확인-4820f5af4f,plain,bond_coupon,neutral,1X,unhedged,physical_or_unspecified,ultra_concentrated,PG-PENDING-0216K0-8d8dfe9815,,needs_review,기초지수 명시; 운용사·공식 출처 URL 존재; 자산군·투자대상 추출(채권/미국 채권 만기미확인 등급미확인),불가,세부 투자대상 또는 만기·구성비율 미확인
KR70218J0001,0218J0,RISE 미국우주&로봇TOP2미국채혼합50,Akros 미국 우주-로봇 TOP2 채권혼합50 지수,채권,미국,채권,채권,미국 국채 만기미확인 등급미확인,BOND_미국-국채-만기미확인-등급미확인-6e6ab9de27,plain,bond_coupon,neutral,1X,unhedged,physical_or_unspecified,ultra_concentrated,PG-PENDING-0218J0-09ec001446,,needs_review,기초지수 명시; 운용사·공식 출처 URL 존재; 자산군·투자대상 추출(채권/미국 국채 만기미확인 등급미확인),RISE,세부 투자대상 또는 만기·구성비율 미확인
KR70218K0008,0218K0,BNK 스마트카,FnGuide 스마트카 지수,주식,국내,기타특수구조,미확인 주식전략,국내 미확인 주식전략,미확인-주식전략-국내-미확인-주식전략-46eed209b8,plain,plain,neutral,1X,unknown,physical_or_unspecified,unknown,PG-PENDING-0218K0-f0dae0f19a,,needs_review,기초지수 명시; 자산군·투자대상 추출(주식/국내 미확인 주식전략),,직접 비교에 필요한 주식 전략·투자대상 미확인; 세부 투자대상 또는 만기·구성비율 미확인
KR70219E0005,0219E0,KODEX 200커버드콜액티브,코스피 200 커버드콜 5% OTM,주식,국내,기타특수구조,미확인 주식전략,국내 미확인 주식전략,미확인-주식전략-국내-미확인-주식전략-46eed209b8,covered_call,covered_call,neutral,1X,unknown,active,broad,PG-PENDING-0219E0-88db0b755c,,needs_review,기초지수 명시; 운용사·공식 출처 URL 존재; 상품명 구조표시(covered_call); 자산군·투자대상 추출(주식/국내 미확인 주식전략),가능,직접 비교에 필요한 주식 전략·투자대상 미확인; 세부 투자대상 또는 만기·구성비율 미확인
KR70220A0006,0220A0,KIWOOM 현대차그룹TOP3채권혼합50,FnGuide 현대차그룹TOP3 채권혼합 지수,채권,국내,채권,채권,국내 채권 만기미확인 등급미확인,BOND_국내-채권-만기미확인-등급미확인-893e3e68b3,plain,bond_coupon,neutral,1X,unknown,physical_or_unspecified,ultra_concentrated,PG-PENDING-0220A0-05abf86187,,needs_review,기초지수 명시; 운용사·공식 출처 URL 존재; 자산군·투자대상 추출(채권/국내 채권 만기미확인 등급미확인),불가,세부 투자대상 또는 만기·구성비율 미확인
KR70220B0005,0220B0,DS 코스닥액티브,코스닥,주식,국내,기타특수구조,미확인 주식전략,국내 미확인 주식전략,미확인-주식전략-국내-미확인-주식전략-46eed209b8,plain,plain,neutral,1X,unknown,active,unknown,PG-PENDING-0220B0-c83642ca9b,,needs_review,기초지수 명시; 자산군·투자대상 추출(주식/국내 미확인 주식전략),,직접 비교에 필요한 주식 전략·투자대상 미확인; 세부 투자대상 또는 만기·구성비율 미확인
KR70221V0000,0221V0,IBK 초단기채권액티브,KIS 단기자금 총수익지수,채권,국내,채권,채권,국내 채권 초단기 등급미확인,BOND_국내-채권-초단기-등급미확인-2cd6864612,plain,bond_coupon,neutral,1X,unknown,active,unknown,PG-PENDING-0221V0-3d8535b132,,conflict,기초지수 명시; 자산군·투자대상 추출(채권/국내 채권 초단기 등급미확인),,세부 투자대상 또는 만기·구성비율 미확인; 기존 자산분류와 비교분류 추론값 충돌
KR70223A0003,0223A0,RISE 코스닥커버드콜액티브,코스닥 150 타겟 15% 위클리 커버드콜 지수,주식,국내,기타특수구조,미확인 주식전략,국내 미확인 주식전략,미확인-주식전략-국내-미확인-주식전략-46eed209b8,covered_call,covered_call,neutral,1X,unknown,active,unknown,PG-PENDING-0223A0-226334090d,,needs_review,기초지수 명시; 운용사·공식 출처 URL 존재; 상품명 구조표시(covered_call); 자산군·투자대상 추출(주식/국내 미확인 주식전략),가능,직접 비교에 필요한 주식 전략·투자대상 미확인; 세부 투자대상 또는 만기·구성비율 미확인
KR70223R0004,0223R0,TIGER 미국테크NYSE100액티브,NYSE 100 지수(Price Return),주식,미국,기타특수구조,미확인 주식전략,미국 미확인 주식전략,미확인-주식전략-미국-미확인-주식전략-bf6afc4d9f,plain,plain,neutral,1X,unhedged,active,broad,PG-PENDING-0223R0-fd74678011,,needs_review,기초지수 명시; 운용사·공식 출처 URL 존재; 자산군·투자대상 추출(주식/미국 미확인 주식전략),TIGER,직접 비교에 필요한 주식 전략·투자대상 미확인; 세부 투자대상 또는 만기·구성비율 미확인
KR70224X0005,0224X0,1Q 엔비디아알파벳미국채혼합50,KEDI 엔비디아알파벳미국채혼합50 지수,채권,미국,채권,채권,미국 국채 만기미확인 등급미확인,BOND_미국-국채-만기미확인-등급미확인-6e6ab9de27,plain,bond_coupon,neutral,1X,unhedged,physical_or_unspecified,unknown,PG-PENDING-0224X0-7de56c2cb9,,needs_review,기초지수 명시; 자산군·투자대상 추출(채권/미국 국채 만기미확인 등급미확인),,세부 투자대상 또는 만기·구성비율 미확인
KR70226A0000,0226A0,PLUS SK하이닉스샌디스크채권혼합50,Akros SK하이닉스 샌디스크 채권혼합 50 지수,채권,국내,채권,채권,국내 채권 만기미확인 등급미확인,BOND_국내-채권-만기미확인-등급미확인-893e3e68b3,plain,bond_coupon,neutral,1X,unknown,physical_or_unspecified,unknown,PG-PENDING-0226A0-a1973af1a5,,needs_review,기초지수 명시; 자산군·투자대상 추출(채권/국내 채권 만기미확인 등급미확인),,세부 투자대상 또는 만기·구성비율 미확인
KR70226G0004,0226G0,WON 피지컬AI TOP2플러스액티브,FnGuide 피지컬AI TOP2플러스 지수,주식,국내,기타특수구조,미확인 주식전략,국내 미확인 주식전략,미확인-주식전략-국내-미확인-주식전략-46eed209b8,plain,plain,neutral,1X,unknown,active,ultra_concentrated,PG-PENDING-0226G0-1d99142ced,,needs_review,기초지수 명시; 자산군·투자대상 추출(주식/국내 미확인 주식전략),,직접 비교에 필요한 주식 전략·투자대상 미확인; 세부 투자대상 또는 만기·구성비율 미확인
KR7069500007,069500,KODEX 200,코스피 200,주식,국내,기타특수구조,미확인 주식전략,국내 미확인 주식전략,미확인-주식전략-국내-미확인-주식전략-46eed209b8,plain,plain,neutral,1X,unknown,physical_or_unspecified,broad,PG-PENDING-069500-240ee382e4,,needs_review,기초지수 명시; 운용사·공식 출처 URL 존재; 자산군·투자대상 추출(주식/국내 미확인 주식전략),가능,직접 비교에 필요한 주식 전략·투자대상 미확인; 세부 투자대상 또는 만기·구성비율 미확인
KR7069660009,069660,KIWOOM 200,코스피 200,주식,국내,기타특수구조,미확인 주식전략,국내 미확인 주식전략,미확인-주식전략-국내-미확인-주식전략-46eed209b8,plain,plain,neutral,1X,unknown,physical_or_unspecified,broad,PG-PENDING-069660-b126cc7e7c,,needs_review,기초지수 명시; 운용사·공식 출처 URL 존재; 자산군·투자대상 추출(주식/국내 미확인 주식전략),가능,직접 비교에 필요한 주식 전략·투자대상 미확인; 세부 투자대상 또는 만기·구성비율 미확인
KR7091170001,091170,KODEX 은행,KRX 은행,원자재,해당없음,원자재,기타원자재,기타원자재 futures,COMMODITY_기타원자재-FUTURES-e9bbd8bb27,plain,futures,neutral,1X,unknown,physical_or_unspecified,unknown,PG-PENDING-091170-0794ea3207,,conflict,기초지수 명시; 운용사·공식 출처 URL 존재; 자산군·투자대상 추출(원자재/기타원자재 futures),가능,기존 자산분류와 비교분류 추론값 충돌
KR7091220004,091220,TIGER 은행,KRX 은행,원자재,해당없음,원자재,기타원자재,기타원자재 futures,COMMODITY_기타원자재-FUTURES-e9bbd8bb27,plain,futures,neutral,1X,unknown,physical_or_unspecified,unknown,PG-PENDING-091220-2c110cd2c9,,conflict,기초지수 명시; 운용사·공식 출처 URL 존재; 자산군·투자대상 추출(원자재/기타원자재 futures),가능,기존 자산분류와 비교분류 추론값 충돌
KR7099140006,099140,KODEX 차이나H,Hang Seng China H,주식,중국,기타특수구조,미확인 주식전략,중국 미확인 주식전략,미확인-주식전략-중국-미확인-주식전략-526c3d6249,plain,plain,neutral,1X,unhedged,physical_or_unspecified,unknown,PG-PENDING-099140-763f1dbf99,,needs_review,기초지수 명시; 운용사·공식 출처 URL 존재; 자산군·투자대상 추출(주식/중국 미확인 주식전략),가능,직접 비교에 필요한 주식 전략·투자대상 미확인; 세부 투자대상 또는 만기·구성비율 미확인
KR7100910009,100910,KIWOOM KRX100,KRX 100,주식,국내,기타특수구조,미확인 주식전략,국내 미확인 주식전략,미확인-주식전략-국내-미확인-주식전략-46eed209b8,plain,plain,neutral,1X,unknown,physical_or_unspecified,broad,PG-PENDING-100910-2a5193058d,,needs_review,기초지수 명시; 운용사·공식 출처 URL 존재; 자산군·투자대상 추출(주식/국내 미확인 주식전략),가능,직접 비교에 필요한 주식 전략·투자대상 미확인; 세부 투자대상 또는 만기·구성비율 미확인
KR7101280006,101280,KODEX 일본TOPIX100,TOPIX100,주식,일본,기타특수구조,미확인 주식전략,일본 미확인 주식전략,미확인-주식전략-일본-미확인-주식전략-aa68fbbd45,plain,plain,neutral,1X,unhedged,physical_or_unspecified,broad,PG-PENDING-101280-76b17e2628,,needs_review,기초지수 명시; 운용사·공식 출처 URL 존재; 자산군·투자대상 추출(주식/일본 미확인 주식전략),가능,직접 비교에 필요한 주식 전략·투자대상 미확인; 세부 투자대상 또는 만기·구성비율 미확인
KR7102110004,102110,TIGER 200,코스피 200,주식,국내,기타특수구조,미확인 주식전략,국내 미확인 주식전략,미확인-주식전략-국내-미확인-주식전략-46eed209b8,plain,plain,neutral,1X,unknown,physical_or_unspecified,broad,PG-PENDING-102110-04e359ab09,,needs_review,기초지수 명시; 운용사·공식 출처 URL 존재; 자산군·투자대상 추출(주식/국내 미확인 주식전략),가능,직접 비교에 필요한 주식 전략·투자대상 미확인; 세부 투자대상 또는 만기·구성비율 미확인
KR7102960002,102960,KODEX 기계장비,KRX 기계장비,주식,국내,기타특수구조,미확인 주식전략,국내 미확인 주식전략,미확인-주식전략-국내-미확인-주식전략-46eed209b8,plain,plain,neutral,1X,unknown,physical_or_unspecified,unknown,PG-PENDING-102960-9ce47fe615,,needs_review,기초지수 명시; 운용사·공식 출처 URL 존재; 자산군·투자대상 추출(주식/국내 미확인 주식전략),가능,직접 비교에 필요한 주식 전략·투자대상 미확인; 세부 투자대상 또는 만기·구성비율 미확인
KR7104520002,104520,KIWOOM 블루칩,MKF 블루칩,주식,국내,기타특수구조,미확인 주식전략,국내 미확인 주식전략,미확인-주식전략-국내-미확인-주식전략-46eed209b8,plain,plain,neutral,1X,unknown,physical_or_unspecified,unknown,PG-PENDING-104520-7570160de5,,needs_review,기초지수 명시; 운용사·공식 출처 URL 존재; 자산군·투자대상 추출(주식/국내 미확인 주식전략),가능,직접 비교에 필요한 주식 전략·투자대상 미확인; 세부 투자대상 또는 만기·구성비율 미확인
KR7105010003,105010,TIGER 라틴35,BNY Latin America 35 ADR,주식,기타국가,기타특수구조,미확인 주식전략,기타국가 미확인 주식전략,미확인-주식전략-기타국가-미확인-주식전략-cd16f2b14c,plain,plain,neutral,1X,unhedged,physical_or_unspecified,unknown,PG-PENDING-105010-ca59d2b222,,needs_review,기초지수 명시; 운용사·공식 출처 URL 존재; 자산군·투자대상 추출(주식/기타국가 미확인 주식전략),가능,직접 비교에 필요한 주식 전략·투자대상 미확인; 세부 투자대상 또는 만기·구성비율 미확인
KR7105190003,105190,ACE 200,코스피 200,주식,국내,기타특수구조,미확인 주식전략,국내 미확인 주식전략,미확인-주식전략-국내-미확인-주식전략-46eed209b8,plain,plain,neutral,1X,unknown,physical_or_unspecified,broad,PG-PENDING-105190-9984b080a8,,needs_review,기초지수 명시; 운용사·공식 출처 URL 존재; 자산군·투자대상 추출(주식/국내 미확인 주식전략),가능,직접 비교에 필요한 주식 전략·투자대상 미확인; 세부 투자대상 또는 만기·구성비율 미확인
KR7108590001,108590,TREX 200,코스피 200,주식,국내,기타특수구조,미확인 주식전략,국내 미확인 주식전략,미확인-주식전략-국내-미확인-주식전략-46eed209b8,plain,plain,neutral,1X,unknown,physical_or_unspecified,broad,PG-PENDING-108590-e62f75e949,,needs_review,기초지수 명시; 자산군·투자대상 추출(주식/국내 미확인 주식전략),,직접 비교에 필요한 주식 전략·투자대상 미확인; 세부 투자대상 또는 만기·구성비율 미확인
KR7114100001,114100,RISE 국고채3년,KTB INDEX(시장가격),채권,국내,채권,채권,국내 채권 단기 등급미확인,BOND_국내-채권-단기-등급미확인-afa2e5ef57,plain,bond_coupon,neutral,1X,unknown,physical_or_unspecified,unknown,PG-PENDING-114100-2b61496b0d,,needs_review,기초지수 명시; 운용사·공식 출처 URL 존재; 자산군·투자대상 추출(채권/국내 채권 단기 등급미확인),가능,세부 투자대상 또는 만기·구성비율 미확인
KR7114260003,114260,KODEX 국고채3년,MKF 국고채지수(총수익),채권,국내,채권,채권,국내 채권 단기 등급미확인,BOND_국내-채권-단기-등급미확인-afa2e5ef57,plain,bond_coupon,neutral,1X,unknown,physical_or_unspecified,unknown,PG-PENDING-114260-5cee14bbca,,needs_review,기초지수 명시; 운용사·공식 출처 URL 존재; 자산군·투자대상 추출(채권/국내 채권 단기 등급미확인),가능,세부 투자대상 또는 만기·구성비율 미확인
KR7114460009,114460,ACE 국고채3년,KTB INDEX(시장가격),채권,국내,채권,채권,국내 채권 단기 등급미확인,BOND_국내-채권-단기-등급미확인-afa2e5ef57,plain,bond_coupon,neutral,1X,unknown,physical_or_unspecified,unknown,PG-PENDING-114460-fde1616dc2,,needs_review,기초지수 명시; 운용사·공식 출처 URL 존재; 자산군·투자대상 추출(채권/국내 채권 단기 등급미확인),가능,세부 투자대상 또는 만기·구성비율 미확인
KR7114470008,114470,KIWOOM 국고채3년,KTB INDEX(시장가격),채권,국내,채권,채권,국내 채권 단기 등급미확인,BOND_국내-채권-단기-등급미확인-afa2e5ef57,plain,bond_coupon,neutral,1X,unknown,physical_or_unspecified,unknown,PG-PENDING-114470-e91e902d0e,,needs_review,기초지수 명시; 운용사·공식 출처 URL 존재; 자산군·투자대상 추출(채권/국내 채권 단기 등급미확인),가능,세부 투자대상 또는 만기·구성비율 미확인
KR7114800006,114800,KODEX 인버스,코스피 200 선물지수,주식,국내,기타특수구조,미확인 주식전략,국내 미확인 주식전략,미확인-주식전략-국내-미확인-주식전략-46eed209b8,inverse,inverse,short,1X,unknown,physical_or_unspecified,broad,PG-PENDING-114800-97bfd670e0,,needs_review,기초지수 명시; 운용사·공식 출처 URL 존재; 상품명 구조표시(inverse); 자산군·투자대상 추출(주식/국내 미확인 주식전략),불가,직접 비교에 필요한 주식 전략·투자대상 미확인; 세부 투자대상 또는 만기·구성비율 미확인
KR7114820004,114820,TIGER 국채3년,KTB INDEX(시장가격),채권,국내,채권,채권,국내 국채 단기 등급미확인,BOND_국내-국채-단기-등급미확인-bddf0c67db,plain,bond_coupon,neutral,1X,unknown,physical_or_unspecified,unknown,PG-PENDING-114820-b731db1d4f,,needs_review,기초지수 명시; 운용사·공식 출처 URL 존재; 자산군·투자대상 추출(채권/국내 국채 단기 등급미확인),가능,세부 투자대상 또는 만기·구성비율 미확인
KR7117690008,117690,TIGER 차이나항셍30,Hang Seng China (Hong Kong-listed) 30 Index,주식,중국,기타특수구조,미확인 주식전략,중국 미확인 주식전략,미확인-주식전략-중국-미확인-주식전략-526c3d6249,plain,plain,neutral,1X,unhedged,physical_or_unspecified,unknown,PG-PENDING-117690-6bf5b4c805,,needs_review,기초지수 명시; 운용사·공식 출처 URL 존재; 자산군·투자대상 추출(주식/중국 미확인 주식전략),가능,직접 비교에 필요한 주식 전략·투자대상 미확인; 세부 투자대상 또는 만기·구성비율 미확인
KR7122090004,122090,PLUS 코스피50,코스피 50,주식,국내,기타특수구조,미확인 주식전략,국내 미확인 주식전략,미확인-주식전략-국내-미확인-주식전략-46eed209b8,plain,plain,neutral,1X,unknown,physical_or_unspecified,unknown,PG-PENDING-122090-8b9f74d705,,needs_review,기초지수 명시; 운용사·공식 출처 URL 존재; 자산군·투자대상 추출(주식/국내 미확인 주식전략),가능,직접 비교에 필요한 주식 전략·투자대상 미확인; 세부 투자대상 또는 만기·구성비율 미확인
KR7122260003,122260,KIWOOM 통안채1년,MK 통안채지수(총수익),채권,국내,채권,채권,국내 채권 초단기 등급미확인,BOND_국내-채권-초단기-등급미확인-2cd6864612,plain,bond_coupon,neutral,1X,unknown,physical_or_unspecified,unknown,PG-PENDING-122260-b4346a9ca9,,conflict,기초지수 명시; 운용사·공식 출처 URL 존재; 자산군·투자대상 추출(채권/국내 채권 초단기 등급미확인),가능,세부 투자대상 또는 만기·구성비율 미확인; 기존 자산분류와 비교분류 추론값 충돌
KR7122630007,122630,KODEX 레버리지,코스피 200,주식,국내,기타특수구조,미확인 주식전략,국내 미확인 주식전략,미확인-주식전략-국내-미확인-주식전략-46eed209b8,leveraged,leveraged,long,2X,unknown,physical_or_unspecified,broad,PG-PENDING-122630-83f0c725ba,,needs_review,기초지수 명시; 운용사·공식 출처 URL 존재; 상품명 구조표시(leveraged); 자산군·투자대상 추출(주식/국내 미확인 주식전략),불가,직접 비교에 필요한 주식 전략·투자대상 미확인; 세부 투자대상 또는 만기·구성비율 미확인
KR7123310005,123310,TIGER 인버스,코스피 200 선물지수,주식,국내,기타특수구조,미확인 주식전략,국내 미확인 주식전략,미확인-주식전략-국내-미확인-주식전략-46eed209b8,inverse,inverse,short,1X,unknown,physical_or_unspecified,broad,PG-PENDING-123310-2804900442,,needs_review,기초지수 명시; 운용사·공식 출처 URL 존재; 상품명 구조표시(inverse); 자산군·투자대상 추출(주식/국내 미확인 주식전략),불가,직접 비교에 필요한 주식 전략·투자대상 미확인; 세부 투자대상 또는 만기·구성비율 미확인
KR7123320004,123320,TIGER 레버리지,코스피 200,주식,국내,기타특수구조,미확인 주식전략,국내 미확인 주식전략,미확인-주식전략-국내-미확인-주식전략-46eed209b8,leveraged,leveraged,long,2X,unknown,physical_or_unspecified,broad,PG-PENDING-123320-0b7e74a8a5,,needs_review,기초지수 명시; 운용사·공식 출처 URL 존재; 상품명 구조표시(leveraged); 자산군·투자대상 추출(주식/국내 미확인 주식전략),불가,직접 비교에 필요한 주식 전략·투자대상 미확인; 세부 투자대상 또는 만기·구성비율 미확인
KR7136340007,136340,RISE 중기우량회사채,KOBI 크레딧 지수(총수익),채권,국내,채권,채권,국내 회사채 중기 등급미확인,BOND_국내-회사채-중기-등급미확인-d1cc110a46,plain,bond_coupon,neutral,1X,unknown,physical_or_unspecified,unknown,PG-PENDING-136340-d6121d363c,,needs_review,기초지수 명시; 운용사·공식 출처 URL 존재; 자산군·투자대상 추출(채권/국내 회사채 중기 등급미확인),가능,세부 투자대상 또는 만기·구성비율 미확인
KR7139230007,139230,TIGER 200 중공업,코스피 200 중공업,주식,국내,기타특수구조,미확인 주식전략,국내 미확인 주식전략,미확인-주식전략-국내-미확인-주식전략-46eed209b8,plain,plain,neutral,1X,unknown,physical_or_unspecified,broad,PG-PENDING-139230-7748eee5b0,,needs_review,기초지수 명시; 운용사·공식 출처 URL 존재; 자산군·투자대상 추출(주식/국내 미확인 주식전략),가능,직접 비교에 필요한 주식 전략·투자대상 미확인; 세부 투자대상 또는 만기·구성비율 미확인
KR7139260004,139260,TIGER 200 IT,코스피 200 정보기술,주식,국내,기타특수구조,미확인 주식전략,국내 미확인 주식전략,미확인-주식전략-국내-미확인-주식전략-46eed209b8,plain,plain,neutral,1X,unknown,physical_or_unspecified,broad,PG-PENDING-139260-a708689d8e,,needs_review,기초지수 명시; 운용사·공식 출처 URL 존재; 자산군·투자대상 추출(주식/국내 미확인 주식전략),가능,직접 비교에 필요한 주식 전략·투자대상 미확인; 세부 투자대상 또는 만기·구성비율 미확인
KR7139280002,139280,TIGER 경기방어,코스피 200 경기방어소비재,주식,국내,기타특수구조,미확인 주식전략,국내 미확인 주식전략,미확인-주식전략-국내-미확인-주식전략-46eed209b8,plain,plain,neutral,1X,unknown,physical_or_unspecified,broad,PG-PENDING-139280-a3d242023f,,needs_review,기초지수 명시; 운용사·공식 출처 URL 존재; 자산군·투자대상 추출(주식/국내 미확인 주식전략),가능,직접 비교에 필요한 주식 전략·투자대상 미확인; 세부 투자대상 또는 만기·구성비율 미확인
KR7139290001,139290,TIGER 200 경기소비재,코스피 200 경기소비재,주식,국내,기타특수구조,미확인 주식전략,국내 미확인 주식전략,미확인-주식전략-국내-미확인-주식전략-46eed209b8,plain,plain,neutral,1X,unknown,physical_or_unspecified,broad,PG-PENDING-139290-c4f036d679,,needs_review,기초지수 명시; 운용사·공식 출처 URL 존재; 자산군·투자대상 추출(주식/국내 미확인 주식전략),가능,직접 비교에 필요한 주식 전략·투자대상 미확인; 세부 투자대상 또는 만기·구성비율 미확인
KR7140570003,140570,RISE 수출주,MKF 수출주 지수,주식,국내,기타특수구조,미확인 주식전략,국내 미확인 주식전략,미확인-주식전략-국내-미확인-주식전략-46eed209b8,plain,plain,neutral,1X,unknown,physical_or_unspecified,unknown,PG-PENDING-140570-e111a39e09,,needs_review,기초지수 명시; 운용사·공식 출처 URL 존재; 자산군·투자대상 추출(주식/국내 미확인 주식전략),가능,직접 비교에 필요한 주식 전략·투자대상 미확인; 세부 투자대상 또는 만기·구성비율 미확인
KR7140580002,140580,RISE 우량업종대표주,MKF 우량업종대표주 지수,주식,국내,기타특수구조,미확인 주식전략,국내 미확인 주식전략,미확인-주식전략-국내-미확인-주식전략-46eed209b8,plain,plain,neutral,1X,unknown,physical_or_unspecified,unknown,PG-PENDING-140580-c58caa7f47,,needs_review,기초지수 명시; 운용사·공식 출처 URL 존재; 자산군·투자대상 추출(주식/국내 미확인 주식전략),가능,직접 비교에 필요한 주식 전략·투자대상 미확인; 세부 투자대상 또는 만기·구성비율 미확인
KR7140710005,140710,KODEX 운송,KRX 운송,주식,국내,기타특수구조,미확인 주식전략,국내 미확인 주식전략,미확인-주식전략-국내-미확인-주식전략-46eed209b8,plain,plain,neutral,1X,unknown,physical_or_unspecified,unknown,PG-PENDING-140710-4e793c9a2b,,needs_review,기초지수 명시; 운용사·공식 출처 URL 존재; 자산군·투자대상 추출(주식/국내 미확인 주식전략),가능,직접 비교에 필요한 주식 전략·투자대상 미확인; 세부 투자대상 또는 만기·구성비율 미확인
KR7140950007,140950,파워 코스피100,코스피 100,주식,국내,기타특수구조,미확인 주식전략,국내 미확인 주식전략,미확인-주식전략-국내-미확인-주식전략-46eed209b8,plain,plain,neutral,1X,unknown,physical_or_unspecified,broad,PG-PENDING-140950-f6bf1850d4,,needs_review,기초지수 명시; 자산군·투자대상 추출(주식/국내 미확인 주식전략),,직접 비교에 필요한 주식 전략·투자대상 미확인; 세부 투자대상 또는 만기·구성비율 미확인
KR7145670006,145670,ACE 인버스,코스피 200 선물지수,주식,국내,기타특수구조,미확인 주식전략,국내 미확인 주식전략,미확인-주식전략-국내-미확인-주식전략-46eed209b8,inverse,inverse,short,1X,unknown,physical_or_unspecified,broad,PG-PENDING-145670-a45617f711,,needs_review,기초지수 명시; 운용사·공식 출처 URL 존재; 상품명 구조표시(inverse); 자산군·투자대상 추출(주식/국내 미확인 주식전략),불가,직접 비교에 필요한 주식 전략·투자대상 미확인; 세부 투자대상 또는 만기·구성비율 미확인
KR7145850004,145850,TREX 펀더멘탈 200,FnGuide-RAFI 코리아200 지수,주식,국내,기타특수구조,미확인 주식전략,국내 미확인 주식전략,미확인-주식전략-국내-미확인-주식전략-46eed209b8,plain,plain,neutral,1X,unknown,physical_or_unspecified,broad,PG-PENDING-145850-e75a5f8fa3,,needs_review,기초지수 명시; 자산군·투자대상 추출(주식/국내 미확인 주식전략),,직접 비교에 필요한 주식 전략·투자대상 미확인; 세부 투자대상 또는 만기·구성비율 미확인
KR7148020001,148020,RISE 200,코스피 200,주식,국내,기타특수구조,미확인 주식전략,국내 미확인 주식전략,미확인-주식전략-국내-미확인-주식전략-46eed209b8,plain,plain,neutral,1X,unknown,physical_or_unspecified,broad,PG-PENDING-148020-22ba7f454a,,needs_review,기초지수 명시; 운용사·공식 출처 URL 존재; 자산군·투자대상 추출(주식/국내 미확인 주식전략),가능,직접 비교에 필요한 주식 전략·투자대상 미확인; 세부 투자대상 또는 만기·구성비율 미확인
KR7148070006,148070,KIWOOM 국고채10년,KIS 10년 국고채 지수 (총수익),채권,국내,채권,채권,국내 채권 장기 등급미확인,BOND_국내-채권-장기-등급미확인-f457d22418,plain,bond_coupon,neutral,1X,unknown,physical_or_unspecified,unknown,PG-PENDING-148070-2e41043887,,needs_review,기초지수 명시; 운용사·공식 출처 URL 존재; 자산군·투자대상 추출(채권/국내 채권 장기 등급미확인),가능,세부 투자대상 또는 만기·구성비율 미확인
KR7150460004,150460,TIGER 중국소비테마,FnGuide 중국내수테마 지수,주식,국내,기타특수구조,미확인 주식전략,국내 미확인 주식전략,미확인-주식전략-국내-미확인-주식전략-46eed209b8,plain,plain,neutral,1X,unhedged,physical_or_unspecified,unknown,PG-PENDING-150460-492627aee2,,needs_review,기초지수 명시; 운용사·공식 출처 URL 존재; 자산군·투자대상 추출(주식/국내 미확인 주식전략),가능,직접 비교에 필요한 주식 전략·투자대상 미확인; 세부 투자대상 또는 만기·구성비율 미확인
KR7152100004,152100,PLUS 200,코스피 200,주식,국내,기타특수구조,미확인 주식전략,국내 미확인 주식전략,미확인-주식전략-국내-미확인-주식전략-46eed209b8,plain,plain,neutral,1X,unknown,physical_or_unspecified,broad,PG-PENDING-152100-ff6e13f9d4,,needs_review,기초지수 명시; 운용사·공식 출처 URL 존재; 자산군·투자대상 추출(주식/국내 미확인 주식전략),가능,직접 비교에 필요한 주식 전략·투자대상 미확인; 세부 투자대상 또는 만기·구성비율 미확인
KR7152380002,152380,KODEX 국채선물10년,10년국채선물지수,채권,국내,채권,채권,국내 국채 장기 등급미확인,BOND_국내-국채-장기-등급미확인-46cc7d575b,plain,bond_coupon,neutral,1X,unknown,physical_or_unspecified,unknown,PG-PENDING-152380-ba19aa6222,,needs_review,기초지수 명시; 운용사·공식 출처 URL 존재; 자산군·투자대상 추출(채권/국내 국채 장기 등급미확인),불가,세부 투자대상 또는 만기·구성비율 미확인
KR7152500005,152500,ACE 레버리지,코스피 200,주식,국내,기타특수구조,미확인 주식전략,국내 미확인 주식전략,미확인-주식전략-국내-미확인-주식전략-46eed209b8,leveraged,leveraged,long,2X,unknown,physical_or_unspecified,broad,PG-PENDING-152500-db9948a698,,needs_review,기초지수 명시; 운용사·공식 출처 URL 존재; 상품명 구조표시(leveraged); 자산군·투자대상 추출(주식/국내 미확인 주식전략),불가,직접 비교에 필요한 주식 전략·투자대상 미확인; 세부 투자대상 또는 만기·구성비율 미확인
KR7152870002,152870,파워 200,코스피 200,주식,국내,기타특수구조,미확인 주식전략,국내 미확인 주식전략,미확인-주식전략-국내-미확인-주식전략-46eed209b8,plain,plain,neutral,1X,unknown,physical_or_unspecified,broad,PG-PENDING-152870-b3f6a040fd,,needs_review,기초지수 명시; 자산군·투자대상 추출(주식/국내 미확인 주식전략),,직접 비교에 필요한 주식 전략·투자대상 미확인; 세부 투자대상 또는 만기·구성비율 미확인
KR7153130000,153130,KODEX 단기채권,KRW Cash 지수(총수익),채권,국내,채권,채권,국내 채권 단기 등급미확인,BOND_국내-채권-단기-등급미확인-afa2e5ef57,plain,bond_coupon,neutral,1X,unknown,physical_or_unspecified,unknown,PG-PENDING-153130-00a6c398fc,,needs_review,기초지수 명시; 운용사·공식 출처 URL 존재; 자산군·투자대상 추출(채권/국내 채권 단기 등급미확인),가능,세부 투자대상 또는 만기·구성비율 미확인
KR7153270004,153270,KIWOOM 코스피100,코스피 100,주식,국내,기타특수구조,미확인 주식전략,국내 미확인 주식전략,미확인-주식전략-국내-미확인-주식전략-46eed209b8,plain,plain,neutral,1X,unknown,physical_or_unspecified,broad,PG-PENDING-153270-d6dc9b15b3,,needs_review,기초지수 명시; 운용사·공식 출처 URL 존재; 자산군·투자대상 추출(주식/국내 미확인 주식전략),가능,직접 비교에 필요한 주식 전략·투자대상 미확인; 세부 투자대상 또는 만기·구성비율 미확인
KR7156080004,156080,KODEX MSCI Korea,MSCI Korea Index,주식,국내,기타특수구조,미확인 주식전략,국내 미확인 주식전략,미확인-주식전략-국내-미확인-주식전략-46eed209b8,plain,plain,neutral,1X,unknown,physical_or_unspecified,unknown,PG-PENDING-156080-7f97a83378,,needs_review,기초지수 명시; 운용사·공식 출처 URL 존재; 자산군·투자대상 추출(주식/국내 미확인 주식전략),가능,직접 비교에 필요한 주식 전략·투자대상 미확인; 세부 투자대상 또는 만기·구성비율 미확인
KR7157450008,157450,TIGER 단기통안채,KIS MSB 6M(총수익),채권,국내,채권,채권,국내 채권 단기 등급미확인,BOND_국내-채권-단기-등급미확인-afa2e5ef57,plain,bond_coupon,neutral,1X,unknown,physical_or_unspecified,unknown,PG-PENDING-157450-999a8e23e0,,conflict,기초지수 명시; 운용사·공식 출처 URL 존재; 자산군·투자대상 추출(채권/국내 채권 단기 등급미확인),가능,세부 투자대상 또는 만기·구성비율 미확인; 기존 자산분류와 비교분류 추론값 충돌
KR7157490004,157490,TIGER 소프트웨어,FnGuide 소프트웨어 지수,주식,국내,기타특수구조,미확인 주식전략,국내 미확인 주식전략,미확인-주식전략-국내-미확인-주식전략-46eed209b8,plain,plain,neutral,1X,unknown,physical_or_unspecified,unknown,PG-PENDING-157490-12fc197bb1,,needs_review,기초지수 명시; 운용사·공식 출처 URL 존재; 자산군·투자대상 추출(주식/국내 미확인 주식전략),가능,직접 비교에 필요한 주식 전략·투자대상 미확인; 세부 투자대상 또는 만기·구성비율 미확인
KR7159800002,159800,마이티 코스피100,코스피 100,주식,국내,기타특수구조,미확인 주식전략,국내 미확인 주식전략,미확인-주식전략-국내-미확인-주식전략-46eed209b8,plain,plain,neutral,1X,unknown,physical_or_unspecified,broad,PG-PENDING-159800-2fafb3890f,,needs_review,기초지수 명시; 자산군·투자대상 추출(주식/국내 미확인 주식전략),,직접 비교에 필요한 주식 전략·투자대상 미확인; 세부 투자대상 또는 만기·구성비율 미확인
KR7166400002,166400,TIGER 200커버드콜OTM,코스피 200 커버드콜 5% OTM,주식,국내,기타특수구조,미확인 주식전략,국내 미확인 주식전략,미확인-주식전략-국내-미확인-주식전략-46eed209b8,covered_call,covered_call,neutral,1X,unknown,physical_or_unspecified,broad,PG-PENDING-166400-fee801ef38,,needs_review,기초지수 명시; 운용사·공식 출처 URL 존재; 상품명 구조표시(covered_call); 자산군·투자대상 추출(주식/국내 미확인 주식전략),가능,직접 비교에 필요한 주식 전략·투자대상 미확인; 세부 투자대상 또는 만기·구성비율 미확인
KR7167860006,167860,KIWOOM 국고채10년레버리지,KIS 10년 국고채 지수 (총수익),채권,국내,채권,채권,국내 채권 장기 등급미확인,BOND_국내-채권-장기-등급미확인-f457d22418,leveraged,bond_coupon,long,2X,unknown,physical_or_unspecified,unknown,PG-PENDING-167860-dbfdf5b2dd,,needs_review,기초지수 명시; 운용사·공식 출처 URL 존재; 상품명 구조표시(leveraged); 자산군·투자대상 추출(채권/국내 채권 장기 등급미확인),불가,세부 투자대상 또는 만기·구성비율 미확인
KR7168580009,168580,ACE 중국본토CSI300,CSI 300 Index,주식,중국,기타특수구조,미확인 주식전략,중국 미확인 주식전략,미확인-주식전략-중국-미확인-주식전략-526c3d6249,plain,plain,neutral,1X,unhedged,physical_or_unspecified,unknown,PG-PENDING-168580-f7bfd23b14,,needs_review,기초지수 명시; 운용사·공식 출처 URL 존재; 자산군·투자대상 추출(주식/중국 미확인 주식전략),가능,직접 비교에 필요한 주식 전략·투자대상 미확인; 세부 투자대상 또는 만기·구성비율 미확인
KR7169950003,169950,KODEX 차이나A50,FTSE China A50 Index,주식,중국,기타특수구조,미확인 주식전략,중국 미확인 주식전략,미확인-주식전략-중국-미확인-주식전략-526c3d6249,plain,plain,neutral,1X,unhedged,physical_or_unspecified,unknown,PG-PENDING-169950-e4de3024b4,,needs_review,기초지수 명시; 운용사·공식 출처 URL 존재; 자산군·투자대상 추출(주식/중국 미확인 주식전략),가능,직접 비교에 필요한 주식 전략·투자대상 미확인; 세부 투자대상 또는 만기·구성비율 미확인
KR7174350009,174350,TIGER 로우볼,FnGuide Low Vol 지수,주식,국내,기타특수구조,미확인 주식전략,국내 미확인 주식전략,미확인-주식전략-국내-미확인-주식전략-46eed209b8,plain,plain,neutral,1X,unknown,physical_or_unspecified,unknown,PG-PENDING-174350-217e392c46,,needs_review,기초지수 명시; 운용사·공식 출처 URL 존재; 자산군·투자대상 추출(주식/국내 미확인 주식전략),가능,직접 비교에 필요한 주식 전략·투자대상 미확인; 세부 투자대상 또는 만기·구성비율 미확인
KR7176950004,176950,KODEX 국채선물10년인버스,10년국채선물지수,채권,국내,채권,채권,국내 국채 장기 등급미확인,BOND_국내-국채-장기-등급미확인-46cc7d575b,inverse,bond_coupon,short,1X,unknown,physical_or_unspecified,unknown,PG-PENDING-176950-5543ccd93a,,needs_review,기초지수 명시; 운용사·공식 출처 URL 존재; 상품명 구조표시(inverse); 자산군·투자대상 추출(채권/국내 국채 장기 등급미확인),불가,세부 투자대상 또는 만기·구성비율 미확인
KR7183700004,183700,RISE 200채권혼합50,코스피 200 KTB 혼합지수,채권,국내,채권,채권,국내 채권 만기미확인 등급미확인,BOND_국내-채권-만기미확인-등급미확인-893e3e68b3,plain,bond_coupon,neutral,1X,unknown,physical_or_unspecified,broad,PG-PENDING-183700-a5d2575f7a,,needs_review,기초지수 명시; 운용사·공식 출처 URL 존재; 자산군·투자대상 추출(채권/국내 채권 만기미확인 등급미확인),가능,세부 투자대상 또는 만기·구성비율 미확인
KR7183710003,183710,RISE 주식혼합,주식국채혼합(주식형)지수,채권,국내,채권,채권,국내 국채 만기미확인 등급미확인,BOND_국내-국채-만기미확인-등급미확인-bf9416de66,plain,bond_coupon,neutral,1X,unknown,physical_or_unspecified,unknown,PG-PENDING-183710-e54fadcdb9,,needs_review,기초지수 명시; 운용사·공식 출처 URL 존재; 자산군·투자대상 추출(채권/국내 국채 만기미확인 등급미확인),가능,세부 투자대상 또는 만기·구성비율 미확인
KR7185680006,185680,KODEX 미국S&P바이오(합성),S&P Biotechnology Select Industry Index,채권,미국,채권,채권,미국 국채 만기미확인 등급미확인,BOND_미국-국채-만기미확인-등급미확인-6e6ab9de27,plain,bond_coupon,neutral,1X,unhedged,synthetic,unknown,PG-PENDING-185680-0f74a75e37,,conflict,기초지수 명시; 운용사·공식 출처 URL 존재; 자산군·투자대상 추출(채권/미국 국채 만기미확인 등급미확인),가능,세부 투자대상 또는 만기·구성비율 미확인; 기존 자산분류와 비교분류 추론값 충돌
KR7189400005,189400,PLUS 글로벌MSCI(합성 H),MSCI ACWI Index,주식,미국,기타특수구조,미확인 주식전략,미국 미확인 주식전략,미확인-주식전략-미국-미확인-주식전략-bf6afc4d9f,plain,plain,neutral,1X,hedged,synthetic,unknown,PG-PENDING-189400-71d1b75bcf,,needs_review,기초지수 명시; 운용사·공식 출처 URL 존재; 자산군·투자대상 추출(주식/미국 미확인 주식전략),가능,직접 비교에 필요한 주식 전략·투자대상 미확인; 세부 투자대상 또는 만기·구성비율 미확인
KR7190620005,190620,ACE 단기통안채,KIS MSB 단기지수(총수익),채권,국내,채권,채권,국내 채권 단기 등급미확인,BOND_국내-채권-단기-등급미확인-afa2e5ef57,plain,bond_coupon,neutral,1X,unknown,physical_or_unspecified,unknown,PG-PENDING-190620-2a54282c18,,conflict,기초지수 명시; 운용사·공식 출처 URL 존재; 자산군·투자대상 추출(채권/국내 채권 단기 등급미확인),가능,세부 투자대상 또는 만기·구성비율 미확인; 기존 자산분류와 비교분류 추론값 충돌
KR7192090009,192090,TIGER 차이나CSI300,CSI 300 Index,주식,중국,기타특수구조,미확인 주식전략,중국 미확인 주식전략,미확인-주식전략-중국-미확인-주식전략-526c3d6249,plain,plain,neutral,1X,unhedged,physical_or_unspecified,unknown,PG-PENDING-192090-0c42182373,,needs_review,기초지수 명시; 운용사·공식 출처 URL 존재; 자산군·투자대상 추출(주식/중국 미확인 주식전략),가능,직접 비교에 필요한 주식 전략·투자대상 미확인; 세부 투자대상 또는 만기·구성비율 미확인
KR7195920004,195920,TIGER 일본TOPIX(합성 H),TOPIX,주식,일본,기타특수구조,미확인 주식전략,일본 미확인 주식전략,미확인-주식전략-일본-미확인-주식전략-aa68fbbd45,plain,plain,neutral,1X,hedged,synthetic,unknown,PG-PENDING-195920-8d09dcc2ac,,needs_review,기초지수 명시; 운용사·공식 출처 URL 존재; 자산군·투자대상 추출(주식/일본 미확인 주식전략),가능,직접 비교에 필요한 주식 전략·투자대상 미확인; 세부 투자대상 또는 만기·구성비율 미확인
KR7195930003,195930,TIGER 유로스탁스50(합성 H),EURO STOXX 50 Index,주식,유럽,기타특수구조,미확인 주식전략,유럽 미확인 주식전략,미확인-주식전략-유럽-미확인-주식전략-fda82dbade,plain,plain,neutral,1X,hedged,synthetic,unknown,PG-PENDING-195930-9709bb233a,,needs_review,기초지수 명시; 운용사·공식 출처 URL 존재; 자산군·투자대상 추출(주식/유럽 미확인 주식전략),가능,직접 비교에 필요한 주식 전략·투자대상 미확인; 세부 투자대상 또는 만기·구성비율 미확인
KR7195970009,195970,PLUS 선진국MSCI(합성 H),MSCI EAFE Index,주식,미국,기타특수구조,미확인 주식전략,미국 미확인 주식전략,미확인-주식전략-미국-미확인-주식전략-bf6afc4d9f,plain,plain,neutral,1X,hedged,synthetic,unknown,PG-PENDING-195970-293febbea7,,needs_review,기초지수 명시; 운용사·공식 출처 URL 존재; 자산군·투자대상 추출(주식/미국 미확인 주식전략),가능,직접 비교에 필요한 주식 전략·투자대상 미확인; 세부 투자대상 또는 만기·구성비율 미확인
KR7195980008,195980,PLUS 신흥국MSCI(합성 H),MSCI EM Index,주식,미국,기타특수구조,미확인 주식전략,미국 미확인 주식전략,미확인-주식전략-미국-미확인-주식전략-bf6afc4d9f,plain,plain,neutral,1X,hedged,synthetic,unknown,PG-PENDING-195980-1412e33d38,,needs_review,기초지수 명시; 운용사·공식 출처 URL 존재; 자산군·투자대상 추출(주식/미국 미확인 주식전략),가능,직접 비교에 필요한 주식 전략·투자대상 미확인; 세부 투자대상 또는 만기·구성비율 미확인
KR7196030001,196030,ACE 일본TOPIX레버리지(H),TOPIX,주식,일본,기타특수구조,미확인 주식전략,일본 미확인 주식전략,미확인-주식전략-일본-미확인-주식전략-aa68fbbd45,leveraged,leveraged,long,2X,hedged,physical_or_unspecified,unknown,PG-PENDING-196030-fc463f276f,,needs_review,기초지수 명시; 운용사·공식 출처 URL 존재; 상품명 구조표시(leveraged); 자산군·투자대상 추출(주식/일본 미확인 주식전략),불가,직접 비교에 필요한 주식 전략·투자대상 미확인; 세부 투자대상 또는 만기·구성비율 미확인
KR7196230007,196230,RISE 단기통안채,KIS 통안채 5개월 지수(총수익),채권,국내,채권,채권,국내 채권 단기 등급미확인,BOND_국내-채권-단기-등급미확인-afa2e5ef57,plain,bond_coupon,neutral,1X,unknown,physical_or_unspecified,unknown,PG-PENDING-196230-647e6ed5ab,,conflict,기초지수 명시; 운용사·공식 출처 URL 존재; 자산군·투자대상 추출(채권/국내 채권 단기 등급미확인),가능,세부 투자대상 또는 만기·구성비율 미확인; 기존 자산분류와 비교분류 추론값 충돌
KR7200030005,200030,KODEX 미국S&P500산업재(합성),S&P Select Sector Industrial Index,채권,미국,채권,채권,미국 국채 만기미확인 등급미확인,S&P500,plain,bond_coupon,neutral,1X,unhedged,synthetic,broad,PG-PENDING-200030-ae701be9a0,,conflict,기초지수 명시; 운용사·공식 출처 URL 존재; 자산군·투자대상 추출(채권/미국 국채 만기미확인 등급미확인),가능,세부 투자대상 또는 만기·구성비율 미확인; 기존 자산분류와 비교분류 추론값 충돌
KR7200250009,200250,KIWOOM 인도Nifty50(합성),Nifty 50 Index,주식,인도,기타특수구조,미확인 주식전략,인도 미확인 주식전략,미확인-주식전략-인도-미확인-주식전략-69bd615628,plain,plain,neutral,1X,unhedged,synthetic,unknown,PG-PENDING-200250-5bb4c8f6a3,,needs_review,기초지수 명시; 운용사·공식 출처 URL 존재; 자산군·투자대상 추출(주식/인도 미확인 주식전략),가능,직접 비교에 필요한 주식 전략·투자대상 미확인; 세부 투자대상 또는 만기·구성비율 미확인
KR7204450001,204450,KODEX 차이나H레버리지(H),Hang Seng China H,주식,중국,기타특수구조,미확인 주식전략,중국 미확인 주식전략,미확인-주식전략-중국-미확인-주식전략-526c3d6249,leveraged,leveraged,long,2X,hedged,physical_or_unspecified,unknown,PG-PENDING-204450-a538fd120a,,needs_review,기초지수 명시; 운용사·공식 출처 URL 존재; 상품명 구조표시(leveraged); 자산군·투자대상 추출(주식/중국 미확인 주식전략),불가,직접 비교에 필요한 주식 전략·투자대상 미확인; 세부 투자대상 또는 만기·구성비율 미확인
KR7204480008,204480,TIGER 차이나CSI300레버리지(합성),CSI 300 Index,주식,중국,기타특수구조,미확인 주식전략,중국 미확인 주식전략,미확인-주식전략-중국-미확인-주식전략-526c3d6249,leveraged,leveraged,long,2X,unhedged,synthetic,unknown,PG-PENDING-204480-5f3dedb1ad,,needs_review,기초지수 명시; 운용사·공식 출처 URL 존재; 상품명 구조표시(leveraged); 자산군·투자대상 추출(주식/중국 미확인 주식전략),불가,직접 비교에 필요한 주식 전략·투자대상 미확인; 세부 투자대상 또는 만기·구성비율 미확인
KR7205720006,205720,ACE 일본TOPIX인버스(합성 H),TOPIX,주식,일본,기타특수구조,미확인 주식전략,일본 미확인 주식전략,미확인-주식전략-일본-미확인-주식전략-aa68fbbd45,inverse,inverse,short,1X,hedged,synthetic,unknown,PG-PENDING-205720-330305f395,,needs_review,기초지수 명시; 운용사·공식 출처 URL 존재; 상품명 구조표시(inverse); 자산군·투자대상 추출(주식/일본 미확인 주식전략),불가,직접 비교에 필요한 주식 전략·투자대상 미확인; 세부 투자대상 또는 만기·구성비율 미확인
KR7214980005,214980,KODEX 단기채권PLUS,KRW Cash PLUS 지수(총수익),채권,국내,채권,채권,국내 채권 단기 등급미확인,BOND_국내-채권-단기-등급미확인-afa2e5ef57,plain,bond_coupon,neutral,1X,unknown,physical_or_unspecified,unknown,PG-PENDING-214980-4f095cdb72,,needs_review,기초지수 명시; 운용사·공식 출처 URL 존재; 자산군·투자대상 추출(채권/국내 채권 단기 등급미확인),가능,세부 투자대상 또는 만기·구성비율 미확인
KR7217780006,217780,TIGER 차이나CSI300인버스(합성),CSI 300 Index,주식,중국,기타특수구조,미확인 주식전략,중국 미확인 주식전략,미확인-주식전략-중국-미확인-주식전략-526c3d6249,inverse,inverse,short,1X,unhedged,synthetic,unknown,PG-PENDING-217780-4e0e50b314,,needs_review,기초지수 명시; 운용사·공식 출처 URL 존재; 상품명 구조표시(inverse); 자산군·투자대상 추출(주식/중국 미확인 주식전략),불가,직접 비교에 필요한 주식 전략·투자대상 미확인; 세부 투자대상 또는 만기·구성비율 미확인
KR7219390002,219390,RISE 미국S&P원유생산기업(합성 H),S&P Oil & Gas Exploration & Production Select Industry Index(PR),채권,미국,채권,채권,미국 국채 만기미확인 등급미확인,BOND_미국-국채-만기미확인-등급미확인-6e6ab9de27,plain,bond_coupon,neutral,1X,hedged,synthetic,unknown,PG-PENDING-219390-13cd29242e,,conflict,기초지수 명시; 운용사·공식 출처 URL 존재; 자산군·투자대상 추출(채권/미국 국채 만기미확인 등급미확인),가능,세부 투자대상 또는 만기·구성비율 미확인; 기존 자산분류와 비교분류 추론값 충돌
KR7219900008,219900,ACE 중국본토CSI300레버리지(합성),CSI 300 Index,주식,중국,기타특수구조,미확인 주식전략,중국 미확인 주식전략,미확인-주식전략-중국-미확인-주식전략-526c3d6249,leveraged,leveraged,long,2X,unhedged,synthetic,unknown,PG-PENDING-219900-eeb0579ebe,,needs_review,기초지수 명시; 운용사·공식 출처 URL 존재; 상품명 구조표시(leveraged); 자산군·투자대상 추출(주식/중국 미확인 주식전략),불가,직접 비교에 필요한 주식 전략·투자대상 미확인; 세부 투자대상 또는 만기·구성비율 미확인
KR7220130009,220130,SOL 차이나강소기업CSI500(합성 H),CSI 500 지수,주식,중국,기타특수구조,미확인 주식전략,중국 미확인 주식전략,미확인-주식전략-중국-미확인-주식전략-526c3d6249,plain,plain,neutral,1X,hedged,synthetic,broad,PG-PENDING-220130-57f9ddf14d,,needs_review,기초지수 명시; 운용사·공식 출처 URL 존재; 자산군·투자대상 추출(주식/중국 미확인 주식전략),가능,직접 비교에 필요한 주식 전략·투자대상 미확인; 세부 투자대상 또는 만기·구성비율 미확인
KR7225050004,225050,TIGER 유로스탁스레버리지(합성 H),EURO STOXX 50 Index,주식,유럽,기타특수구조,미확인 주식전략,유럽 미확인 주식전략,미확인-주식전략-유럽-미확인-주식전략-fda82dbade,leveraged,leveraged,long,2X,hedged,synthetic,unknown,PG-PENDING-225050-6cf97abd67,,needs_review,기초지수 명시; 운용사·공식 출처 URL 존재; 상품명 구조표시(leveraged); 자산군·투자대상 추출(주식/유럽 미확인 주식전략),불가,직접 비교에 필요한 주식 전략·투자대상 미확인; 세부 투자대상 또는 만기·구성비율 미확인
KR7225060003,225060,TIGER 이머징마켓MSCI레버리지(합성 H),MSCI EM Index,주식,글로벌,기타특수구조,미확인 주식전략,글로벌 미확인 주식전략,미확인-주식전략-글로벌-미확인-주식전략-d0f070a455,leveraged,leveraged,long,2X,hedged,synthetic,unknown,PG-PENDING-225060-1c3af55ee7,,needs_review,기초지수 명시; 운용사·공식 출처 URL 존재; 상품명 구조표시(leveraged); 자산군·투자대상 추출(주식/글로벌 미확인 주식전략),불가,직접 비교에 필요한 주식 전략·투자대상 미확인; 세부 투자대상 또는 만기·구성비율 미확인
KR7226490001,226490,KODEX 코스피,코스피,주식,국내,기타특수구조,미확인 주식전략,국내 미확인 주식전략,미확인-주식전략-국내-미확인-주식전략-46eed209b8,plain,plain,neutral,1X,unknown,physical_or_unspecified,unknown,PG-PENDING-226490-4d1ae30700,,needs_review,기초지수 명시; 운용사·공식 출처 URL 존재; 자산군·투자대상 추출(주식/국내 미확인 주식전략),가능,직접 비교에 필요한 주식 전략·투자대상 미확인; 세부 투자대상 또는 만기·구성비율 미확인
KR7227550001,227550,TIGER 200 산업재,코스피 200 산업재,주식,국내,기타특수구조,미확인 주식전략,국내 미확인 주식전략,미확인-주식전략-국내-미확인-주식전략-46eed209b8,plain,plain,neutral,1X,unknown,physical_or_unspecified,broad,PG-PENDING-227550-63eff22c22,,needs_review,기초지수 명시; 운용사·공식 출처 URL 존재; 자산군·투자대상 추출(주식/국내 미확인 주식전략),가능,직접 비교에 필요한 주식 전략·투자대상 미확인; 세부 투자대상 또는 만기·구성비율 미확인
KR7227560000,227560,TIGER 200 생활소비재,코스피 200 생활소비재,주식,국내,기타특수구조,미확인 주식전략,국내 미확인 주식전략,미확인-주식전략-국내-미확인-주식전략-46eed209b8,plain,plain,neutral,1X,unknown,physical_or_unspecified,broad,PG-PENDING-227560-7f99094048,,needs_review,기초지수 명시; 운용사·공식 출처 URL 존재; 자산군·투자대상 추출(주식/국내 미확인 주식전략),가능,직접 비교에 필요한 주식 전략·투자대상 미확인; 세부 투자대상 또는 만기·구성비율 미확인
KR7227830007,227830,PLUS 코스피,코스피,주식,국내,기타특수구조,미확인 주식전략,국내 미확인 주식전략,미확인-주식전략-국내-미확인-주식전략-46eed209b8,plain,plain,neutral,1X,unknown,physical_or_unspecified,unknown,PG-PENDING-227830-caf44c86ea,,needs_review,기초지수 명시; 운용사·공식 출처 URL 존재; 자산군·투자대상 추출(주식/국내 미확인 주식전략),가능,직접 비교에 필요한 주식 전략·투자대상 미확인; 세부 투자대상 또는 만기·구성비율 미확인
KR7228800009,228800,TIGER 여행레저,WISE 여행레저 지수,주식,국내,기타특수구조,미확인 주식전략,국내 미확인 주식전략,미확인-주식전략-국내-미확인-주식전략-46eed209b8,plain,plain,neutral,1X,unknown,physical_or_unspecified,unknown,PG-PENDING-228800-761433e04a,,needs_review,기초지수 명시; 운용사·공식 출처 URL 존재; 자산군·투자대상 추출(주식/국내 미확인 주식전략),가능,직접 비교에 필요한 주식 전략·투자대상 미확인; 세부 투자대상 또는 만기·구성비율 미확인
KR7228820007,228820,TIGER KTOP30,KTOP 30,주식,국내,기타특수구조,미확인 주식전략,국내 미확인 주식전략,미확인-주식전략-국내-미확인-주식전략-46eed209b8,plain,plain,neutral,1X,unknown,physical_or_unspecified,ultra_concentrated,PG-PENDING-228820-fe950a870b,,needs_review,기초지수 명시; 운용사·공식 출처 URL 존재; 자산군·투자대상 추출(주식/국내 미확인 주식전략),가능,직접 비교에 필요한 주식 전략·투자대상 미확인; 세부 투자대상 또는 만기·구성비율 미확인
KR7229200001,229200,KODEX 코스닥150,코스닥 150,주식,국내,기타특수구조,미확인 주식전략,국내 미확인 주식전략,미확인-주식전략-국내-미확인-주식전략-46eed209b8,plain,plain,neutral,1X,unknown,physical_or_unspecified,unknown,PG-PENDING-229200-85b03654e8,,needs_review,기초지수 명시; 운용사·공식 출처 URL 존재; 자산군·투자대상 추출(주식/국내 미확인 주식전략),가능,직접 비교에 필요한 주식 전략·투자대상 미확인; 세부 투자대상 또는 만기·구성비율 미확인
KR7229720008,229720,KODEX KTOP30,KTOP 30,주식,국내,기타특수구조,미확인 주식전략,국내 미확인 주식전략,미확인-주식전략-국내-미확인-주식전략-46eed209b8,plain,plain,neutral,1X,unknown,physical_or_unspecified,ultra_concentrated,PG-PENDING-229720-1d2512bfb5,,needs_review,기초지수 명시; 운용사·공식 출처 URL 존재; 자산군·투자대상 추출(주식/국내 미확인 주식전략),가능,직접 비교에 필요한 주식 전략·투자대상 미확인; 세부 투자대상 또는 만기·구성비율 미확인
KR7232080002,232080,TIGER 코스닥150,코스닥 150,주식,국내,기타특수구조,미확인 주식전략,국내 미확인 주식전략,미확인-주식전략-국내-미확인-주식전략-46eed209b8,plain,plain,neutral,1X,unknown,physical_or_unspecified,unknown,PG-PENDING-232080-b7cc95b3f9,,needs_review,기초지수 명시; 운용사·공식 출처 URL 존재; 자산군·투자대상 추출(주식/국내 미확인 주식전략),가능,직접 비교에 필요한 주식 전략·투자대상 미확인; 세부 투자대상 또는 만기·구성비율 미확인
KR7233160001,233160,TIGER 코스닥150 레버리지,코스닥 150,주식,국내,기타특수구조,미확인 주식전략,국내 미확인 주식전략,미확인-주식전략-국내-미확인-주식전략-46eed209b8,leveraged,leveraged,long,2X,unknown,physical_or_unspecified,unknown,PG-PENDING-233160-ec00eb8bee,,needs_review,기초지수 명시; 운용사·공식 출처 URL 존재; 상품명 구조표시(leveraged); 자산군·투자대상 추출(주식/국내 미확인 주식전략),불가,직접 비교에 필요한 주식 전략·투자대상 미확인; 세부 투자대상 또는 만기·구성비율 미확인
KR7233740000,233740,KODEX 코스닥150레버리지,코스닥 150,주식,국내,기타특수구조,미확인 주식전략,국내 미확인 주식전략,미확인-주식전략-국내-미확인-주식전략-46eed209b8,leveraged,leveraged,long,2X,unknown,physical_or_unspecified,unknown,PG-PENDING-233740-9aa4cc70a9,,needs_review,기초지수 명시; 운용사·공식 출처 URL 존재; 상품명 구조표시(leveraged); 자산군·투자대상 추출(주식/국내 미확인 주식전략),불가,직접 비교에 필요한 주식 전략·투자대상 미확인; 세부 투자대상 또는 만기·구성비율 미확인
KR7234310001,234310,RISE V&S셀렉트밸류,FnGuide 셀렉트 밸류 지수,주식,국내,기타특수구조,미확인 주식전략,국내 미확인 주식전략,미확인-주식전략-국내-미확인-주식전략-46eed209b8,plain,plain,neutral,1X,unknown,physical_or_unspecified,unknown,PG-PENDING-234310-5f221616d2,,needs_review,기초지수 명시; 운용사·공식 출처 URL 존재; 자산군·투자대상 추출(주식/국내 미확인 주식전략),가능,직접 비교에 필요한 주식 전략·투자대상 미확인; 세부 투자대상 또는 만기·구성비율 미확인
KR7236350005,236350,TIGER 인도니프티50레버리지(합성),Nifty 50 Index,주식,인도,기타특수구조,미확인 주식전략,인도 미확인 주식전략,미확인-주식전략-인도-미확인-주식전략-69bd615628,leveraged,leveraged,long,2X,unhedged,synthetic,unknown,PG-PENDING-236350-bc79aed75e,,needs_review,기초지수 명시; 운용사·공식 출처 URL 존재; 상품명 구조표시(leveraged); 자산군·투자대상 추출(주식/인도 미확인 주식전략),불가,직접 비교에 필요한 주식 전략·투자대상 미확인; 세부 투자대상 또는 만기·구성비율 미확인
KR7237350004,237350,KODEX 코스피100,코스피 100,주식,국내,기타특수구조,미확인 주식전략,국내 미확인 주식전략,미확인-주식전략-국내-미확인-주식전략-46eed209b8,plain,plain,neutral,1X,unknown,physical_or_unspecified,broad,PG-PENDING-237350-7db73f61e2,,needs_review,기초지수 명시; 운용사·공식 출처 URL 존재; 자산군·투자대상 추출(주식/국내 미확인 주식전략),가능,직접 비교에 필요한 주식 전략·투자대상 미확인; 세부 투자대상 또는 만기·구성비율 미확인
KR7237370002,237370,KODEX 코리아배당성장채권혼합,배당성장채권혼합지수,채권,국내,채권,채권,국내 채권 만기미확인 등급미확인,BOND_국내-채권-만기미확인-등급미확인-893e3e68b3,plain,bond_coupon,neutral,1X,unknown,physical_or_unspecified,unknown,PG-PENDING-237370-0b3b02e445,,needs_review,기초지수 명시; 운용사·공식 출처 URL 존재; 자산군·투자대상 추출(채권/국내 채권 만기미확인 등급미확인),가능,세부 투자대상 또는 만기·구성비율 미확인
KR7237440003,237440,TIGER 경기방어채권혼합,경기방어소비재 채권혼합 지수,채권,국내,채권,채권,국내 채권 만기미확인 등급미확인,BOND_국내-채권-만기미확인-등급미확인-893e3e68b3,plain,bond_coupon,neutral,1X,unknown,physical_or_unspecified,unknown,PG-PENDING-237440-b4573e35a3,,needs_review,기초지수 명시; 운용사·공식 출처 URL 존재; 자산군·투자대상 추출(채권/국내 채권 만기미확인 등급미확인),가능,세부 투자대상 또는 만기·구성비율 미확인
KR7238670004,238670,PLUS 스마트베타Quality채권혼합,WISE-KAP 스마트베타 Quality 채권혼합지수,채권,국내,채권,채권,국내 채권 만기미확인 등급미확인,BOND_국내-채권-만기미확인-등급미확인-893e3e68b3,plain,bond_coupon,neutral,1X,unknown,physical_or_unspecified,unknown,PG-PENDING-238670-8f240dc6fb,,needs_review,기초지수 명시; 운용사·공식 출처 URL 존재; 자산군·투자대상 추출(채권/국내 채권 만기미확인 등급미확인),가능,세부 투자대상 또는 만기·구성비율 미확인
KR7238720007,238720,ACE 일본Nikkei225(H),Nikkei 225,주식,일본,기타특수구조,미확인 주식전략,일본 미확인 주식전략,미확인-주식전략-일본-미확인-주식전략-aa68fbbd45,plain,plain,neutral,1X,hedged,physical_or_unspecified,unknown,PG-PENDING-238720-8fe93f7933,,needs_review,기초지수 명시; 운용사·공식 출처 URL 존재; 자산군·투자대상 추출(주식/일본 미확인 주식전략),가능,직접 비교에 필요한 주식 전략·투자대상 미확인; 세부 투자대상 또는 만기·구성비율 미확인
KR7239660004,239660,PLUS 우량회사채50,KOBI HALF CREDIT Index(총수익),채권,국내,채권,채권,국내 회사채 만기미확인 등급미확인,BOND_국내-회사채-만기미확인-등급미확인-2695c4f395,plain,bond_coupon,neutral,1X,unknown,physical_or_unspecified,unknown,PG-PENDING-239660-0258e10bf8,,needs_review,기초지수 명시; 운용사·공식 출처 URL 존재; 자산군·투자대상 추출(채권/국내 회사채 만기미확인 등급미확인),가능,세부 투자대상 또는 만기·구성비율 미확인
KR7241180009,241180,TIGER 일본니케이225,Nikkei 225,주식,일본,기타특수구조,미확인 주식전략,일본 미확인 주식전략,미확인-주식전략-일본-미확인-주식전략-aa68fbbd45,plain,plain,neutral,1X,unhedged,physical_or_unspecified,unknown,PG-PENDING-241180-92645fff1a,,needs_review,기초지수 명시; 운용사·공식 출처 URL 존재; 자산군·투자대상 추출(주식/일본 미확인 주식전략),가능,직접 비교에 필요한 주식 전략·투자대상 미확인; 세부 투자대상 또는 만기·구성비율 미확인
KR7241390004,241390,RISE V&S셀렉트밸류채권혼합,FnGuide 셀렉트벨류 채권혼합지수,채권,국내,채권,채권,국내 채권 만기미확인 등급미확인,BOND_국내-채권-만기미확인-등급미확인-893e3e68b3,plain,bond_coupon,neutral,1X,unknown,physical_or_unspecified,unknown,PG-PENDING-241390-6a2dac90d7,,needs_review,기초지수 명시; 운용사·공식 출처 URL 존재; 자산군·투자대상 추출(채권/국내 채권 만기미확인 등급미확인),가능,세부 투자대상 또는 만기·구성비율 미확인
KR7243880002,243880,TIGER 200IT레버리지,코스피 200 정보기술,주식,국내,기타특수구조,미확인 주식전략,국내 미확인 주식전략,미확인-주식전략-국내-미확인-주식전략-46eed209b8,leveraged,leveraged,long,2X,unknown,physical_or_unspecified,broad,PG-PENDING-243880-7b815e3c4c,,needs_review,기초지수 명시; 운용사·공식 출처 URL 존재; 상품명 구조표시(leveraged); 자산군·투자대상 추출(주식/국내 미확인 주식전략),불가,직접 비교에 필요한 주식 전략·투자대상 미확인; 세부 투자대상 또는 만기·구성비율 미확인
KR7244670006,244670,KODEX 밸류Plus,FnGuide 벨류 Plus 지수,주식,국내,기타특수구조,미확인 주식전략,국내 미확인 주식전략,미확인-주식전략-국내-미확인-주식전략-46eed209b8,plain,plain,neutral,1X,unknown,physical_or_unspecified,unknown,PG-PENDING-244670-608c7be915,,needs_review,기초지수 명시; 운용사·공식 출처 URL 존재; 자산군·투자대상 추출(주식/국내 미확인 주식전략),가능,직접 비교에 필요한 주식 전략·투자대상 미확인; 세부 투자대상 또는 만기·구성비율 미확인
KR7245340005,245340,TIGER 미국다우존스30,Dow Jones Industrial Average,채권,미국,채권,채권,미국 국채 만기미확인 등급미확인,BOND_미국-국채-만기미확인-등급미확인-6e6ab9de27,plain,bond_coupon,neutral,1X,unhedged,physical_or_unspecified,unknown,PG-PENDING-245340-fc088d591d,,conflict,기초지수 명시; 운용사·공식 출처 URL 존재; 자산군·투자대상 추출(채권/미국 국채 만기미확인 등급미확인),가능,세부 투자대상 또는 만기·구성비율 미확인; 기존 자산분류와 비교분류 추론값 충돌
KR7245360003,245360,TIGER 차이나HSCEI,Hang Seng China H,주식,중국,기타특수구조,미확인 주식전략,중국 미확인 주식전략,미확인-주식전략-중국-미확인-주식전략-526c3d6249,plain,plain,neutral,1X,unhedged,physical_or_unspecified,unknown,PG-PENDING-245360-b2d440378c,,needs_review,기초지수 명시; 운용사·공식 출처 URL 존재; 자산군·투자대상 추출(주식/중국 미확인 주식전략),가능,직접 비교에 필요한 주식 전략·투자대상 미확인; 세부 투자대상 또는 만기·구성비율 미확인
KR7245710009,245710,ACE 베트남VN30(합성),VN30 Index(PR),주식,기타국가,기타특수구조,미확인 주식전략,기타국가 미확인 주식전략,미확인-주식전략-기타국가-미확인-주식전략-cd16f2b14c,plain,plain,neutral,1X,unhedged,synthetic,unknown,PG-PENDING-245710-bb1d5681c8,,needs_review,기초지수 명시; 운용사·공식 출처 URL 존재; 자산군·투자대상 추출(주식/기타국가 미확인 주식전략),가능,직접 비교에 필요한 주식 전략·투자대상 미확인; 세부 투자대상 또는 만기·구성비율 미확인
KR7250730009,250730,RISE 차이나HSCEI(H),Hang Seng China H,주식,중국,기타특수구조,미확인 주식전략,중국 미확인 주식전략,미확인-주식전략-중국-미확인-주식전략-526c3d6249,plain,plain,neutral,1X,hedged,physical_or_unspecified,unknown,PG-PENDING-250730-43524fc7eb,,needs_review,기초지수 명시; 운용사·공식 출처 URL 존재; 자산군·투자대상 추출(주식/중국 미확인 주식전략),가능,직접 비교에 필요한 주식 전략·투자대상 미확인; 세부 투자대상 또는 만기·구성비율 미확인
KR7250780004,250780,TIGER 코스닥150선물인버스,F-코스닥150 지수,주식,국내,기타특수구조,미확인 주식전략,국내 미확인 주식전략,미확인-주식전략-국내-미확인-주식전략-46eed209b8,inverse,inverse,short,1X,unknown,physical_or_unspecified,unknown,PG-PENDING-250780-a81d0de649,,needs_review,기초지수 명시; 운용사·공식 출처 URL 존재; 상품명 구조표시(inverse); 자산군·투자대상 추출(주식/국내 미확인 주식전략),불가,직접 비교에 필요한 주식 전략·투자대상 미확인; 세부 투자대상 또는 만기·구성비율 미확인
KR7251340006,251340,KODEX 코스닥150선물인버스,F-코스닥150 지수,주식,국내,기타특수구조,미확인 주식전략,국내 미확인 주식전략,미확인-주식전략-국내-미확인-주식전략-46eed209b8,inverse,inverse,short,1X,unknown,physical_or_unspecified,unknown,PG-PENDING-251340-eabebb5837,,needs_review,기초지수 명시; 운용사·공식 출처 URL 존재; 상품명 구조표시(inverse); 자산군·투자대상 추출(주식/국내 미확인 주식전략),불가,직접 비교에 필요한 주식 전략·투자대상 미확인; 세부 투자대상 또는 만기·구성비율 미확인
KR7251350005,251350,KODEX MSCI선진국,MSCI World,주식,글로벌,기타특수구조,미확인 주식전략,글로벌 미확인 주식전략,미확인-주식전략-글로벌-미확인-주식전략-d0f070a455,plain,plain,neutral,1X,unhedged,physical_or_unspecified,unknown,PG-PENDING-251350-bdeb26c068,,needs_review,기초지수 명시; 운용사·공식 출처 URL 존재; 자산군·투자대상 추출(주식/글로벌 미확인 주식전략),가능,직접 비교에 필요한 주식 전략·투자대상 미확인; 세부 투자대상 또는 만기·구성비율 미확인
KR7251600003,251600,PLUS 고배당주채권혼합,FnGuide 고배당 채권혼합 지수,채권,국내,채권,채권,국내 채권 만기미확인 등급미확인,BOND_국내-채권-만기미확인-등급미확인-893e3e68b3,plain,bond_coupon,neutral,1X,unknown,physical_or_unspecified,unknown,PG-PENDING-251600-ad755bb87e,,needs_review,기초지수 명시; 운용사·공식 출처 URL 존재; 자산군·투자대상 추출(채권/국내 채권 만기미확인 등급미확인),가능,세부 투자대상 또는 만기·구성비율 미확인
KR7252000005,252000,TIGER 200동일가중,코스피 200 동일가중지수,주식,국내,기타특수구조,미확인 주식전략,국내 미확인 주식전략,미확인-주식전략-국내-미확인-주식전략-46eed209b8,plain,plain,neutral,1X,unknown,physical_or_unspecified,broad,PG-PENDING-252000-13aaef80cf,,needs_review,기초지수 명시; 운용사·공식 출처 URL 존재; 자산군·투자대상 추출(주식/국내 미확인 주식전략),가능,직접 비교에 필요한 주식 전략·투자대상 미확인; 세부 투자대상 또는 만기·구성비율 미확인
KR7252400007,252400,RISE 200선물레버리지,코스피 200 선물지수,주식,국내,기타특수구조,미확인 주식전략,국내 미확인 주식전략,미확인-주식전략-국내-미확인-주식전략-46eed209b8,leveraged,leveraged,long,2X,unknown,physical_or_unspecified,broad,PG-PENDING-252400-7877b69be7,,needs_review,기초지수 명시; 운용사·공식 출처 URL 존재; 상품명 구조표시(leveraged); 자산군·투자대상 추출(주식/국내 미확인 주식전략),불가,직접 비교에 필요한 주식 전략·투자대상 미확인; 세부 투자대상 또는 만기·구성비율 미확인
KR7252410006,252410,RISE 200선물인버스,코스피 200 선물지수,주식,국내,기타특수구조,미확인 주식전략,국내 미확인 주식전략,미확인-주식전략-국내-미확인-주식전략-46eed209b8,inverse,inverse,short,1X,unknown,physical_or_unspecified,broad,PG-PENDING-252410-b919abf196,,needs_review,기초지수 명시; 운용사·공식 출처 URL 존재; 상품명 구조표시(inverse); 자산군·투자대상 추출(주식/국내 미확인 주식전략),불가,직접 비교에 필요한 주식 전략·투자대상 미확인; 세부 투자대상 또는 만기·구성비율 미확인
KR7252420005,252420,RISE 200선물인버스2X,코스피 200 선물지수,주식,국내,기타특수구조,미확인 주식전략,국내 미확인 주식전략,미확인-주식전략-국내-미확인-주식전략-46eed209b8,inverse,inverse,short,2X,unknown,physical_or_unspecified,broad,PG-PENDING-252420-17785b5a83,,needs_review,기초지수 명시; 운용사·공식 출처 URL 존재; 상품명 구조표시(inverse); 자산군·투자대상 추출(주식/국내 미확인 주식전략),불가,직접 비교에 필요한 주식 전략·투자대상 미확인; 세부 투자대상 또는 만기·구성비율 미확인
KR7252650007,252650,KODEX 200동일가중,코스피 200 동일가중지수,주식,국내,기타특수구조,미확인 주식전략,국내 미확인 주식전략,미확인-주식전략-국내-미확인-주식전략-46eed209b8,plain,plain,neutral,1X,unknown,physical_or_unspecified,broad,PG-PENDING-252650-4d461ab85c,,needs_review,기초지수 명시; 운용사·공식 출처 URL 존재; 자산군·투자대상 추출(주식/국내 미확인 주식전략),가능,직접 비교에 필요한 주식 전략·투자대상 미확인; 세부 투자대상 또는 만기·구성비율 미확인
KR7252670005,252670,KODEX 200선물인버스2X,코스피 200 선물지수,주식,국내,기타특수구조,미확인 주식전략,국내 미확인 주식전략,미확인-주식전략-국내-미확인-주식전략-46eed209b8,inverse,inverse,short,2X,unknown,physical_or_unspecified,broad,PG-PENDING-252670-38745ebfe8,,needs_review,기초지수 명시; 운용사·공식 출처 URL 존재; 상품명 구조표시(inverse); 자산군·투자대상 추출(주식/국내 미확인 주식전략),불가,직접 비교에 필요한 주식 전략·투자대상 미확인; 세부 투자대상 또는 만기·구성비율 미확인
KR7252710009,252710,TIGER 200선물인버스2X,코스피 200 선물지수,주식,국내,기타특수구조,미확인 주식전략,국내 미확인 주식전략,미확인-주식전략-국내-미확인-주식전략-46eed209b8,inverse,inverse,short,2X,unknown,physical_or_unspecified,broad,PG-PENDING-252710-5f9f222cd1,,needs_review,기초지수 명시; 운용사·공식 출처 URL 존재; 상품명 구조표시(inverse); 자산군·투자대상 추출(주식/국내 미확인 주식전략),불가,직접 비교에 필요한 주식 전략·투자대상 미확인; 세부 투자대상 또는 만기·구성비율 미확인
KR7253150007,253150,PLUS 200선물레버리지,코스피 200 선물지수,주식,국내,기타특수구조,미확인 주식전략,국내 미확인 주식전략,미확인-주식전략-국내-미확인-주식전략-46eed209b8,leveraged,leveraged,long,2X,unknown,physical_or_unspecified,broad,PG-PENDING-253150-8b7b8009ca,,needs_review,기초지수 명시; 운용사·공식 출처 URL 존재; 상품명 구조표시(leveraged); 자산군·투자대상 추출(주식/국내 미확인 주식전략),불가,직접 비교에 필요한 주식 전략·투자대상 미확인; 세부 투자대상 또는 만기·구성비율 미확인
KR7253160006,253160,PLUS 200선물인버스2X,코스피 200 선물지수,주식,국내,기타특수구조,미확인 주식전략,국내 미확인 주식전략,미확인-주식전략-국내-미확인-주식전략-46eed209b8,inverse,inverse,short,2X,unknown,physical_or_unspecified,broad,PG-PENDING-253160-4b813765ef,,needs_review,기초지수 명시; 운용사·공식 출처 URL 존재; 상품명 구조표시(inverse); 자산군·투자대상 추출(주식/국내 미확인 주식전략),불가,직접 비교에 필요한 주식 전략·투자대상 미확인; 세부 투자대상 또는 만기·구성비율 미확인
KR7253230007,253230,KIWOOM 200선물인버스2X,코스피 200 선물지수,주식,국내,기타특수구조,미확인 주식전략,국내 미확인 주식전략,미확인-주식전략-국내-미확인-주식전략-46eed209b8,inverse,inverse,short,2X,unknown,physical_or_unspecified,broad,PG-PENDING-253230-976a1f1948,,needs_review,기초지수 명시; 운용사·공식 출처 URL 존재; 상품명 구조표시(inverse); 자산군·투자대상 추출(주식/국내 미확인 주식전략),불가,직접 비교에 필요한 주식 전략·투자대상 미확인; 세부 투자대상 또는 만기·구성비율 미확인
KR7253240006,253240,KIWOOM 200선물인버스,코스피 200 선물지수,주식,국내,기타특수구조,미확인 주식전략,국내 미확인 주식전략,미확인-주식전략-국내-미확인-주식전략-46eed209b8,inverse,inverse,short,1X,unknown,physical_or_unspecified,broad,PG-PENDING-253240-3bc486c791,,needs_review,기초지수 명시; 운용사·공식 출처 URL 존재; 상품명 구조표시(inverse); 자산군·투자대상 추출(주식/국내 미확인 주식전략),불가,직접 비교에 필요한 주식 전략·투자대상 미확인; 세부 투자대상 또는 만기·구성비율 미확인
KR7253250005,253250,KIWOOM 200선물레버리지,코스피 200 선물지수,주식,국내,기타특수구조,미확인 주식전략,국내 미확인 주식전략,미확인-주식전략-국내-미확인-주식전략-46eed209b8,leveraged,leveraged,long,2X,unknown,physical_or_unspecified,broad,PG-PENDING-253250-34ed4b6d16,,needs_review,기초지수 명시; 운용사·공식 출처 URL 존재; 상품명 구조표시(leveraged); 자산군·투자대상 추출(주식/국내 미확인 주식전략),불가,직접 비교에 필요한 주식 전략·투자대상 미확인; 세부 투자대상 또는 만기·구성비율 미확인
KR7253290001,253290,RISE 헬스케어채권혼합,FnGuide 헬스케어 채권혼합 지수,채권,국내,채권,채권,국내 채권 만기미확인 등급미확인,BOND_국내-채권-만기미확인-등급미확인-893e3e68b3,plain,bond_coupon,neutral,1X,unknown,physical_or_unspecified,unknown,PG-PENDING-253290-00c1cc58fc,,needs_review,기초지수 명시; 운용사·공식 출처 URL 존재; 자산군·투자대상 추출(채권/국내 채권 만기미확인 등급미확인),가능,세부 투자대상 또는 만기·구성비율 미확인
KR7256440009,256440,ACE MSCI인도네시아(합성),MSCI Indonesia Index,주식,인도,기타특수구조,미확인 주식전략,인도 미확인 주식전략,미확인-주식전략-인도-미확인-주식전략-69bd615628,plain,plain,neutral,1X,unhedged,synthetic,unknown,PG-PENDING-256440-15759144a3,,needs_review,기초지수 명시; 운용사·공식 출처 URL 존재; 자산군·투자대상 추출(주식/인도 미확인 주식전략),가능,직접 비교에 필요한 주식 전략·투자대상 미확인; 세부 투자대상 또는 만기·구성비율 미확인
KR7256450008,256450,PLUS 심천차이넥스트(합성),SZSE ChiNext Price Index,주식,미국,기타특수구조,미확인 주식전략,미국 미확인 주식전략,미확인-주식전략-미국-미확인-주식전략-bf6afc4d9f,plain,plain,neutral,1X,unhedged,synthetic,unknown,PG-PENDING-256450-e437f786b1,,needs_review,기초지수 명시; 운용사·공식 출처 URL 존재; 자산군·투자대상 추출(주식/미국 미확인 주식전략),가능,직접 비교에 필요한 주식 전략·투자대상 미확인; 세부 투자대상 또는 만기·구성비율 미확인
KR7256750001,256750,KODEX 차이나심천ChiNext(합성),SZSE ChiNext Price Index,주식,중국,기타특수구조,미확인 주식전략,중국 미확인 주식전략,미확인-주식전략-중국-미확인-주식전략-526c3d6249,plain,plain,neutral,1X,unhedged,synthetic,unknown,PG-PENDING-256750-eb238b63fe,,needs_review,기초지수 명시; 운용사·공식 출처 URL 존재; 자산군·투자대상 추출(주식/중국 미확인 주식전략),가능,직접 비교에 필요한 주식 전략·투자대상 미확인; 세부 투자대상 또는 만기·구성비율 미확인
KR7261060008,261060,TIGER 코스닥150IT,코스닥 150 정보기술,주식,국내,기타특수구조,미확인 주식전략,국내 미확인 주식전략,미확인-주식전략-국내-미확인-주식전략-46eed209b8,plain,plain,neutral,1X,unknown,physical_or_unspecified,unknown,PG-PENDING-261060-28c494f7b2,,needs_review,기초지수 명시; 운용사·공식 출처 URL 존재; 자산군·투자대상 추출(주식/국내 미확인 주식전략),가능,직접 비교에 필요한 주식 전략·투자대상 미확인; 세부 투자대상 또는 만기·구성비율 미확인
KR7261140008,261140,TIGER 우선주,코스피 우선주 지수,주식,국내,기타특수구조,미확인 주식전략,국내 미확인 주식전략,미확인-주식전략-국내-미확인-주식전략-46eed209b8,plain,plain,neutral,1X,unknown,physical_or_unspecified,unknown,PG-PENDING-261140-b16c2b0607,,needs_review,기초지수 명시; 운용사·공식 출처 URL 존재; 자산군·투자대상 추출(주식/국내 미확인 주식전략),가능,직접 비교에 필요한 주식 전략·투자대상 미확인; 세부 투자대상 또는 만기·구성비율 미확인
KR7261920003,261920,ACE MSCI필리핀(합성),MSCI Philippines IMI Index,주식,기타국가,기타특수구조,미확인 주식전략,기타국가 미확인 주식전략,미확인-주식전략-기타국가-미확인-주식전략-cd16f2b14c,plain,plain,neutral,1X,unhedged,synthetic,unknown,PG-PENDING-261920-cdb315f7a0,,needs_review,기초지수 명시; 운용사·공식 출처 URL 존재; 자산군·투자대상 추출(주식/기타국가 미확인 주식전략),가능,직접 비교에 필요한 주식 전략·투자대상 미확인; 세부 투자대상 또는 만기·구성비율 미확인
KR7265690008,265690,ACE 러시아MSCI(합성),MSCI Russia 25% Capped Price Return Index,주식,기타국가,기타특수구조,미확인 주식전략,기타국가 미확인 주식전략,미확인-주식전략-기타국가-미확인-주식전략-cd16f2b14c,plain,plain,neutral,1X,unhedged,synthetic,unknown,PG-PENDING-265690-d7ae324ee8,,needs_review,기초지수 명시; 운용사·공식 출처 URL 존재; 자산군·투자대상 추출(주식/기타국가 미확인 주식전략),가능,직접 비교에 필요한 주식 전략·투자대상 미확인; 세부 투자대상 또는 만기·구성비율 미확인
KR7266360007,266360,KODEX K콘텐츠,KRX K콘텐츠,주식,국내,기타특수구조,미확인 주식전략,국내 미확인 주식전략,미확인-주식전략-국내-미확인-주식전략-46eed209b8,plain,plain,neutral,1X,unknown,physical_or_unspecified,unknown,PG-PENDING-266360-f8058e7fb7,,needs_review,기초지수 명시; 운용사·공식 출처 URL 존재; 자산군·투자대상 추출(주식/국내 미확인 주식전략),가능,직접 비교에 필요한 주식 전략·투자대상 미확인; 세부 투자대상 또는 만기·구성비율 미확인
KR7266370006,266370,KODEX IT,KRX 정보기술,주식,국내,기타특수구조,미확인 주식전략,국내 미확인 주식전략,미확인-주식전략-국내-미확인-주식전략-46eed209b8,plain,plain,neutral,1X,unknown,physical_or_unspecified,unknown,PG-PENDING-266370-098e1199ef,,needs_review,기초지수 명시; 운용사·공식 출처 URL 존재; 자산군·투자대상 추출(주식/국내 미확인 주식전략),가능,직접 비교에 필요한 주식 전략·투자대상 미확인; 세부 투자대상 또는 만기·구성비율 미확인
KR7266390004,266390,KODEX 경기소비재,KRX 경기소비재,주식,국내,기타특수구조,미확인 주식전략,국내 미확인 주식전략,미확인-주식전략-국내-미확인-주식전략-46eed209b8,plain,plain,neutral,1X,unknown,physical_or_unspecified,unknown,PG-PENDING-266390-5f2bcf8223,,needs_review,기초지수 명시; 운용사·공식 출처 URL 존재; 자산군·투자대상 추출(주식/국내 미확인 주식전략),가능,직접 비교에 필요한 주식 전략·투자대상 미확인; 세부 투자대상 또는 만기·구성비율 미확인
KR7266410000,266410,KODEX 필수소비재,KRX 필수소비재,주식,국내,기타특수구조,미확인 주식전략,국내 미확인 주식전략,미확인-주식전략-국내-미확인-주식전략-46eed209b8,plain,plain,neutral,1X,unknown,physical_or_unspecified,unknown,PG-PENDING-266410-503e67a70a,,needs_review,기초지수 명시; 운용사·공식 출처 URL 존재; 자산군·투자대상 추출(주식/국내 미확인 주식전략),가능,직접 비교에 필요한 주식 전략·투자대상 미확인; 세부 투자대상 또는 만기·구성비율 미확인
KR7267440006,267440,RISE 미국장기국채선물(H),S&P U.S. Treasury Bond Futures Excess Return Index,채권,미국,채권,채권,미국 국채 장기 등급미확인,BOND_미국-국채-장기-등급미확인-047cbda7f5,plain,bond_coupon,neutral,1X,hedged,physical_or_unspecified,unknown,PG-PENDING-267440-bfd9838fbc,,needs_review,기초지수 명시; 운용사·공식 출처 URL 존재; 자산군·투자대상 추출(채권/미국 국채 장기 등급미확인),불가,세부 투자대상 또는 만기·구성비율 미확인
KR7267450005,267450,RISE 미국장기국채선물인버스(H),S&P U.S. Treasury Bond Futures Excess Return Index,채권,미국,채권,채권,미국 국채 장기 등급미확인,BOND_미국-국채-장기-등급미확인-047cbda7f5,inverse,bond_coupon,short,1X,hedged,physical_or_unspecified,unknown,PG-PENDING-267450-74264b68e9,,needs_review,기초지수 명시; 운용사·공식 출처 URL 존재; 상품명 구조표시(inverse); 자산군·투자대상 추출(채권/미국 국채 장기 등급미확인),불가,세부 투자대상 또는 만기·구성비율 미확인
KR7267490001,267490,RISE 미국장기국채선물레버리지(합성 H),S&P U.S. Treasury Bond Futures Excess Return Index,채권,미국,채권,채권,미국 국채 장기 등급미확인,BOND_미국-국채-장기-등급미확인-047cbda7f5,leveraged,bond_coupon,long,2X,hedged,synthetic,unknown,PG-PENDING-267490-d95c00af44,,needs_review,기초지수 명시; 운용사·공식 출처 URL 존재; 상품명 구조표시(leveraged); 자산군·투자대상 추출(채권/미국 국채 장기 등급미확인),불가,세부 투자대상 또는 만기·구성비율 미확인
KR7267770006,267770,TIGER 200선물레버리지,코스피 200 선물지수,주식,국내,기타특수구조,미확인 주식전략,국내 미확인 주식전략,미확인-주식전략-국내-미확인-주식전략-46eed209b8,leveraged,leveraged,long,2X,unknown,physical_or_unspecified,broad,PG-PENDING-267770-21466fb4ea,,needs_review,기초지수 명시; 운용사·공식 출처 URL 존재; 상품명 구조표시(leveraged); 자산군·투자대상 추출(주식/국내 미확인 주식전략),불가,직접 비교에 필요한 주식 전략·투자대상 미확인; 세부 투자대상 또는 만기·구성비율 미확인
KR7270810005,270810,RISE 코스닥150,코스닥 150,주식,국내,기타특수구조,미확인 주식전략,국내 미확인 주식전략,미확인-주식전략-국내-미확인-주식전략-46eed209b8,plain,plain,neutral,1X,unknown,physical_or_unspecified,unknown,PG-PENDING-270810-b696c03a9f,,needs_review,기초지수 명시; 운용사·공식 출처 URL 존재; 자산군·투자대상 추출(주식/국내 미확인 주식전략),가능,직접 비교에 필요한 주식 전략·투자대상 미확인; 세부 투자대상 또는 만기·구성비율 미확인
KR7272560004,272560,RISE 단기국공채액티브,KIS 종합채권국공채3M~1.5Y지수,채권,국내,채권,채권,국내 채권 단기 등급미확인,BOND_국내-채권-단기-등급미확인-afa2e5ef57,plain,bond_coupon,neutral,1X,unknown,active,unknown,PG-PENDING-272560-2d012bf18d,,needs_review,기초지수 명시; 운용사·공식 출처 URL 존재; 자산군·투자대상 추출(채권/국내 채권 단기 등급미확인),가능,세부 투자대상 또는 만기·구성비율 미확인
KR7272570003,272570,RISE 중장기국공채액티브,KIS 종합채권국공채4~5Y지수,채권,국내,채권,채권,국내 채권 중기 등급미확인,BOND_국내-채권-중기-등급미확인-af53603ca9,plain,bond_coupon,neutral,1X,unknown,active,unknown,PG-PENDING-272570-f156046476,,needs_review,기초지수 명시; 운용사·공식 출처 URL 존재; 자산군·투자대상 추출(채권/국내 채권 중기 등급미확인),가능,세부 투자대상 또는 만기·구성비율 미확인
KR7272580002,272580,TIGER 단기채권액티브,KIS MSB 6M PLUS 지수,채권,국내,채권,채권,국내 채권 단기 등급미확인,BOND_국내-채권-단기-등급미확인-afa2e5ef57,plain,bond_coupon,neutral,1X,unknown,active,unknown,PG-PENDING-272580-4417cdc47d,,needs_review,기초지수 명시; 운용사·공식 출처 URL 존재; 자산군·투자대상 추출(채권/국내 채권 단기 등급미확인),가능,세부 투자대상 또는 만기·구성비율 미확인
KR7272910001,272910,ACE 중장기국공채액티브,KIS 종합채권국공채1-10Y지수,채권,국내,채권,채권,국내 채권 장기 등급미확인,BOND_국내-채권-장기-등급미확인-f457d22418,plain,bond_coupon,neutral,1X,unknown,active,unknown,PG-PENDING-272910-4f896be782,,needs_review,기초지수 명시; 운용사·공식 출처 URL 존재; 자산군·투자대상 추출(채권/국내 채권 장기 등급미확인),가능,세부 투자대상 또는 만기·구성비율 미확인
KR7273130005,273130,KODEX 종합채권(AA-이상)액티브,KAP 한국종합채권지수,채권,국내,채권,채권,국내 채권 만기미확인 AA,BOND_국내-채권-만기미확인-AA-273392b07e,plain,bond_coupon,neutral,1X,unknown,active,unknown,PG-PENDING-273130-37cd2f10e8,,needs_review,기초지수 명시; 운용사·공식 출처 URL 존재; 자산군·투자대상 추출(채권/국내 채권 만기미확인 AA),가능,세부 투자대상 또는 만기·구성비율 미확인
KR7273140004,273140,KODEX 단기변동금리부채권액티브,KAP 단기변동금리부은행채권지수,채권,국내,채권,채권,국내 채권 단기 등급미확인,BOND_국내-채권-단기-등급미확인-afa2e5ef57,plain,bond_coupon,neutral,1X,unknown,active,unknown,PG-PENDING-273140-9a53b08b50,,needs_review,기초지수 명시; 운용사·공식 출처 URL 존재; 자산군·투자대상 추출(채권/국내 채권 단기 등급미확인),가능,세부 투자대상 또는 만기·구성비율 미확인
KR7275750008,275750,RISE 코스닥150선물인버스,F-코스닥150 지수,주식,국내,기타특수구조,미확인 주식전략,국내 미확인 주식전략,미확인-주식전략-국내-미확인-주식전략-46eed209b8,inverse,inverse,short,1X,unknown,physical_or_unspecified,unknown,PG-PENDING-275750-9cc5c933a5,,needs_review,기초지수 명시; 운용사·공식 출처 URL 존재; 상품명 구조표시(inverse); 자산군·투자대상 추출(주식/국내 미확인 주식전략),불가,직접 비교에 필요한 주식 전략·투자대상 미확인; 세부 투자대상 또는 만기·구성비율 미확인
KR7275980001,275980,TIGER 글로벌4차산업혁신기술(합성 H),Morningstar Exponential Technologies Equal Weighted Select PR USD,주식,글로벌,기타특수구조,미확인 주식전략,글로벌 미확인 주식전략,미확인-주식전략-글로벌-미확인-주식전략-d0f070a455,plain,plain,neutral,1X,hedged,synthetic,unknown,PG-PENDING-275980-d943c3497e,,needs_review,기초지수 명시; 운용사·공식 출처 URL 존재; 자산군·투자대상 추출(주식/글로벌 미확인 주식전략),가능,직접 비교에 필요한 주식 전략·투자대상 미확인; 세부 투자대상 또는 만기·구성비율 미확인
KR7276000007,276000,TIGER 글로벌자원생산기업(합성 H),MorningStar Global Upstream Resources Index(PR),주식,글로벌,기타특수구조,미확인 주식전략,글로벌 미확인 주식전략,미확인-주식전략-글로벌-미확인-주식전략-d0f070a455,plain,plain,neutral,1X,hedged,synthetic,unknown,PG-PENDING-276000-448b736841,,needs_review,기초지수 명시; 운용사·공식 출처 URL 존재; 자산군·투자대상 추출(주식/글로벌 미확인 주식전략),가능,직접 비교에 필요한 주식 전략·투자대상 미확인; 세부 투자대상 또는 만기·구성비율 미확인
KR7276650009,276650,RISE 글로벌테크놀로지(합성 H),S&P Global 1200 Information Technology and Interactive Media & Services(PR),주식,미국,기타특수구조,미확인 주식전략,미국 미확인 주식전략,미확인-주식전략-미국-미확인-주식전략-bf6afc4d9f,plain,plain,neutral,1X,hedged,synthetic,broad,PG-PENDING-276650-31f9d4d684,,needs_review,기초지수 명시; 운용사·공식 출처 URL 존재; 자산군·투자대상 추출(주식/미국 미확인 주식전략),가능,직접 비교에 필요한 주식 전략·투자대상 미확인; 세부 투자대상 또는 만기·구성비율 미확인
KR7277540001,277540,ACE 아시아TOP50,S&P ASIA50 Price Return Index,주식,미국,기타특수구조,미확인 주식전략,미국 미확인 주식전략,미확인-주식전략-미국-미확인-주식전략-bf6afc4d9f,plain,plain,neutral,1X,unhedged,physical_or_unspecified,ultra_concentrated,PG-PENDING-277540-2210e45b0f,,needs_review,기초지수 명시; 운용사·공식 출처 URL 존재; 자산군·투자대상 추출(주식/미국 미확인 주식전략),가능,직접 비교에 필요한 주식 전략·투자대상 미확인; 세부 투자대상 또는 만기·구성비율 미확인
KR7277630000,277630,TIGER 코스피,코스피,주식,국내,기타특수구조,미확인 주식전략,국내 미확인 주식전략,미확인-주식전략-국내-미확인-주식전략-46eed209b8,plain,plain,neutral,1X,unknown,physical_or_unspecified,unknown,PG-PENDING-277630-52646392be,,needs_review,기초지수 명시; 운용사·공식 출처 URL 존재; 자산군·투자대상 추출(주식/국내 미확인 주식전략),가능,직접 비교에 필요한 주식 전략·투자대상 미확인; 세부 투자대상 또는 만기·구성비율 미확인
KR7277650008,277650,TIGER 코스피중형주,코스피 중형주,주식,국내,기타특수구조,미확인 주식전략,국내 미확인 주식전략,미확인-주식전략-국내-미확인-주식전략-46eed209b8,plain,plain,neutral,1X,unknown,physical_or_unspecified,unknown,PG-PENDING-277650-e7e4d4f55b,,needs_review,기초지수 명시; 운용사·공식 출처 URL 존재; 자산군·투자대상 추출(주식/국내 미확인 주식전략),가능,직접 비교에 필요한 주식 전략·투자대상 미확인; 세부 투자대상 또는 만기·구성비율 미확인
KR7278240007,278240,RISE 코스닥150선물레버리지,F-코스닥150 지수,주식,국내,기타특수구조,미확인 주식전략,국내 미확인 주식전략,미확인-주식전략-국내-미확인-주식전략-46eed209b8,leveraged,leveraged,long,2X,unknown,physical_or_unspecified,unknown,PG-PENDING-278240-b9f2400c1d,,needs_review,기초지수 명시; 운용사·공식 출처 URL 존재; 상품명 구조표시(leveraged); 자산군·투자대상 추출(주식/국내 미확인 주식전략),불가,직접 비교에 필요한 주식 전략·투자대상 미확인; 세부 투자대상 또는 만기·구성비율 미확인
KR7278530001,278530,KODEX 200TR,코스피 200 TR,주식,국내,기타특수구조,미확인 주식전략,국내 미확인 주식전략,미확인-주식전략-국내-미확인-주식전략-46eed209b8,plain,plain,neutral,1X,unknown,physical_or_unspecified,broad,PG-PENDING-278530-ac53d50394,,needs_review,기초지수 명시; 운용사·공식 출처 URL 존재; 자산군·투자대상 추출(주식/국내 미확인 주식전략),가능,직접 비교에 필요한 주식 전략·투자대상 미확인; 세부 투자대상 또는 만기·구성비율 미확인
KR7278540000,278540,KODEX MSCI Korea TR,MSCI Korea TR Index,주식,국내,기타특수구조,미확인 주식전략,국내 미확인 주식전략,미확인-주식전략-국내-미확인-주식전략-46eed209b8,plain,plain,neutral,1X,unknown,physical_or_unspecified,unknown,PG-PENDING-278540-166d11f539,,needs_review,기초지수 명시; 운용사·공식 출처 URL 존재; 자산군·투자대상 추출(주식/국내 미확인 주식전략),가능,직접 비교에 필요한 주식 전략·투자대상 미확인; 세부 투자대상 또는 만기·구성비율 미확인
KR7278620000,278620,PLUS 단기채권액티브,"KAP 투자적격 크레딧 채권 1년 지수(A- 이상,총수익)",채권,국내,채권,채권,국내 채권 초단기 등급미확인,BOND_국내-채권-초단기-등급미확인-2cd6864612,plain,bond_coupon,neutral,1X,unknown,active,unknown,PG-PENDING-278620-d87f6a5db0,,needs_review,기초지수 명시; 운용사·공식 출처 URL 존재; 자산군·투자대상 추출(채권/국내 채권 초단기 등급미확인),가능,세부 투자대상 또는 만기·구성비율 미확인
KR7279540009,279540,KODEX 최소변동성,KRX 최소변동성지수,주식,국내,기타특수구조,미확인 주식전략,국내 미확인 주식전략,미확인-주식전략-국내-미확인-주식전략-46eed209b8,plain,plain,neutral,1X,unknown,physical_or_unspecified,unknown,PG-PENDING-279540-6332346fa4,,needs_review,기초지수 명시; 운용사·공식 출처 URL 존재; 자산군·투자대상 추출(주식/국내 미확인 주식전략),가능,직접 비교에 필요한 주식 전략·투자대상 미확인; 세부 투자대상 또는 만기·구성비율 미확인
KR7280320003,280320,ACE 미국IT인터넷(합성 H),다우존스 인터넷 종합지수,주식,미국,기타특수구조,미확인 주식전략,미국 미확인 주식전략,미확인-주식전략-미국-미확인-주식전략-bf6afc4d9f,plain,plain,neutral,1X,hedged,synthetic,unknown,PG-PENDING-280320-bf4289d1fb,,needs_review,기초지수 명시; 운용사·공식 출처 URL 존재; 자산군·투자대상 추출(주식/미국 미확인 주식전략),가능,직접 비교에 필요한 주식 전략·투자대상 미확인; 세부 투자대상 또는 만기·구성비율 미확인
KR7280920000,280920,PLUS 주도업종,FnGuide 주도업종 지수,주식,국내,기타특수구조,미확인 주식전략,국내 미확인 주식전략,미확인-주식전략-국내-미확인-주식전략-46eed209b8,plain,plain,neutral,1X,unknown,physical_or_unspecified,unknown,PG-PENDING-280920-31eed54230,,needs_review,기초지수 명시; 운용사·공식 출처 URL 존재; 자산군·투자대상 추출(주식/국내 미확인 주식전략),가능,직접 비교에 필요한 주식 전략·투자대상 미확인; 세부 투자대상 또는 만기·구성비율 미확인
KR7280930009,280930,KODEX 미국러셀2000(H),FTSE Russell 2000 Index,주식,미국,기타특수구조,미확인 주식전략,미국 미확인 주식전략,미확인-주식전략-미국-미확인-주식전략-bf6afc4d9f,plain,plain,neutral,1X,hedged,physical_or_unspecified,broad,PG-PENDING-280930-fad11fd31a,,needs_review,기초지수 명시; 운용사·공식 출처 URL 존재; 자산군·투자대상 추출(주식/미국 미확인 주식전략),불가,직접 비교에 필요한 주식 전략·투자대상 미확인; 세부 투자대상 또는 만기·구성비율 미확인
KR7282000009,282000,RISE 국고채3년선물인버스,국채선물지수,채권,국내,채권,채권,국내 국채 단기 등급미확인,BOND_국내-국채-단기-등급미확인-bddf0c67db,inverse,bond_coupon,short,1X,unknown,physical_or_unspecified,unknown,PG-PENDING-282000-ee9e970f9c,,needs_review,기초지수 명시; 운용사·공식 출처 URL 존재; 상품명 구조표시(inverse); 자산군·투자대상 추출(채권/국내 국채 단기 등급미확인),불가,세부 투자대상 또는 만기·구성비율 미확인
KR7283580009,283580,KODEX 차이나CSI300,CSI 300 Index,주식,중국,기타특수구조,미확인 주식전략,중국 미확인 주식전략,미확인-주식전략-중국-미확인-주식전략-526c3d6249,plain,plain,neutral,1X,unhedged,physical_or_unspecified,unknown,PG-PENDING-283580-eb6e405d6e,,needs_review,기초지수 명시; 운용사·공식 출처 URL 존재; 자산군·투자대상 추출(주식/중국 미확인 주식전략),가능,직접 비교에 필요한 주식 전략·투자대상 미확인; 세부 투자대상 또는 만기·구성비율 미확인
KR7284430006,284430,KODEX 200미국채혼합50,코스피 200 미국채 혼합지수,채권,국내,채권,채권,국내 국채 만기미확인 등급미확인,BOND_국내-국채-만기미확인-등급미확인-bf9416de66,plain,bond_coupon,neutral,1X,unhedged,physical_or_unspecified,broad,PG-PENDING-284430-7339939cca,,needs_review,기초지수 명시; 운용사·공식 출처 URL 존재; 자산군·투자대상 추출(채권/국내 국채 만기미확인 등급미확인),가능,세부 투자대상 또는 만기·구성비율 미확인
KR7285690004,285690,FOCUS ESG리더스,KRX ESG Leaders 150,주식,국내,기타특수구조,미확인 주식전략,국내 미확인 주식전략,미확인-주식전략-국내-미확인-주식전략-46eed209b8,plain,plain,neutral,1X,unknown,physical_or_unspecified,unknown,PG-PENDING-285690-ade49e361c,,needs_review,기초지수 명시; 자산군·투자대상 추출(주식/국내 미확인 주식전략),,직접 비교에 필요한 주식 전략·투자대상 미확인; 세부 투자대상 또는 만기·구성비율 미확인
KR7289040008,289040,KODEX MSCI KOREA ESG유니버설,MSCI Korea ESG Universal Capped Index,주식,국내,기타특수구조,미확인 주식전략,국내 미확인 주식전략,미확인-주식전략-국내-미확인-주식전략-46eed209b8,plain,plain,neutral,1X,unknown,physical_or_unspecified,unknown,PG-PENDING-289040-3f13cde315,,needs_review,기초지수 명시; 운용사·공식 출처 URL 존재; 자산군·투자대상 추출(주식/국내 미확인 주식전략),가능,직접 비교에 필요한 주식 전략·투자대상 미확인; 세부 투자대상 또는 만기·구성비율 미확인
KR7289250003,289250,TIGER MSCI KOREA ESG유니버설,MSCI Korea ESG Universal Index,주식,국내,기타특수구조,미확인 주식전략,국내 미확인 주식전략,미확인-주식전략-국내-미확인-주식전략-46eed209b8,plain,plain,neutral,1X,unknown,physical_or_unspecified,unknown,PG-PENDING-289250-b0144557b3,,needs_review,기초지수 명시; 운용사·공식 출처 URL 존재; 자산군·투자대상 추출(주식/국내 미확인 주식전략),가능,직접 비교에 필요한 주식 전략·투자대상 미확인; 세부 투자대상 또는 만기·구성비율 미확인
KR7289260002,289260,TIGER MSCI KOREA ESG리더스,MSCI Korea Country ESG Leaders Capped Index,주식,국내,기타특수구조,미확인 주식전략,국내 미확인 주식전략,미확인-주식전략-국내-미확인-주식전략-46eed209b8,plain,plain,neutral,1X,unknown,physical_or_unspecified,unknown,PG-PENDING-289260-ab88791efa,,needs_review,기초지수 명시; 운용사·공식 출처 URL 존재; 자산군·투자대상 추출(주식/국내 미확인 주식전략),가능,직접 비교에 필요한 주식 전략·투자대상 미확인; 세부 투자대상 또는 만기·구성비율 미확인
KR7289480006,289480,TIGER 200커버드콜,코스피 200 커버드콜 ATM 지수,주식,국내,기타특수구조,미확인 주식전략,국내 미확인 주식전략,미확인-주식전략-국내-미확인-주식전략-46eed209b8,covered_call,covered_call,neutral,1X,unknown,physical_or_unspecified,broad,PG-PENDING-289480-83d19f8d0f,,needs_review,기초지수 명시; 운용사·공식 출처 URL 존재; 상품명 구조표시(covered_call); 자산군·투자대상 추출(주식/국내 미확인 주식전략),가능,직접 비교에 필요한 주식 전략·투자대상 미확인; 세부 투자대상 또는 만기·구성비율 미확인
KR7289670002,289670,PLUS 국채선물10년,10년국채선물지수,채권,국내,채권,채권,국내 국채 장기 등급미확인,BOND_국내-국채-장기-등급미확인-46cc7d575b,plain,bond_coupon,neutral,1X,unknown,physical_or_unspecified,unknown,PG-PENDING-289670-a6f6c7a1d4,,needs_review,기초지수 명시; 운용사·공식 출처 URL 존재; 자산군·투자대상 추출(채권/국내 국채 장기 등급미확인),불가,세부 투자대상 또는 만기·구성비율 미확인
KR7290130004,290130,RISE ESG사회책임투자,KRX ESG 사회책임경영지수(S),주식,국내,기타특수구조,미확인 주식전략,국내 미확인 주식전략,미확인-주식전략-국내-미확인-주식전략-46eed209b8,plain,plain,neutral,1X,unknown,physical_or_unspecified,unknown,PG-PENDING-290130-771d61931d,,needs_review,기초지수 명시; 운용사·공식 출처 URL 존재; 자산군·투자대상 추출(주식/국내 미확인 주식전략),가능,직접 비교에 필요한 주식 전략·투자대상 미확인; 세부 투자대상 또는 만기·구성비율 미확인
KR7291130003,291130,ACE MSCI멕시코(합성),MSCI MEXICO IMI 25/50 Price return Index,주식,기타국가,기타특수구조,미확인 주식전략,기타국가 미확인 주식전략,미확인-주식전략-기타국가-미확인-주식전략-cd16f2b14c,plain,plain,neutral,1X,unhedged,synthetic,unknown,PG-PENDING-291130-686a96704c,,needs_review,기초지수 명시; 운용사·공식 출처 URL 존재; 자산군·투자대상 추출(주식/기타국가 미확인 주식전략),가능,직접 비교에 필요한 주식 전략·투자대상 미확인; 세부 투자대상 또는 만기·구성비율 미확인
KR7291620003,291620,KIWOOM 코스닥150선물인버스,F-코스닥150 지수,주식,국내,기타특수구조,미확인 주식전략,국내 미확인 주식전략,미확인-주식전략-국내-미확인-주식전략-46eed209b8,inverse,inverse,short,1X,unknown,physical_or_unspecified,unknown,PG-PENDING-291620-30ab1d1995,,needs_review,기초지수 명시; 운용사·공식 출처 URL 존재; 상품명 구조표시(inverse); 자산군·투자대상 추출(주식/국내 미확인 주식전략),불가,직접 비교에 필요한 주식 전략·투자대상 미확인; 세부 투자대상 또는 만기·구성비율 미확인
KR7291630002,291630,KIWOOM 코스닥150선물레버리지,F-코스닥150 지수,주식,국내,기타특수구조,미확인 주식전략,국내 미확인 주식전략,미확인-주식전략-국내-미확인-주식전략-46eed209b8,leveraged,leveraged,long,2X,unknown,physical_or_unspecified,unknown,PG-PENDING-291630-c448a94915,,needs_review,기초지수 명시; 운용사·공식 출처 URL 존재; 상품명 구조표시(leveraged); 자산군·투자대상 추출(주식/국내 미확인 주식전략),불가,직접 비교에 필요한 주식 전략·투자대상 미확인; 세부 투자대상 또는 만기·구성비율 미확인
KR7291680007,291680,RISE 차이나H선물인버스(H),Hang Seng China Enterprises Futures Index(Price Return),주식,중국,기타특수구조,미확인 주식전략,중국 미확인 주식전략,미확인-주식전략-중국-미확인-주식전략-526c3d6249,inverse,inverse,short,1X,hedged,physical_or_unspecified,unknown,PG-PENDING-291680-6e1c02be40,,needs_review,기초지수 명시; 운용사·공식 출처 URL 존재; 상품명 구조표시(inverse); 자산군·투자대상 추출(주식/중국 미확인 주식전략),불가,직접 비교에 필요한 주식 전략·투자대상 미확인; 세부 투자대상 또는 만기·구성비율 미확인
KR7291890002,291890,KODEX MSCI EM선물(H),iEdge Emerging Markets Futures Index(ER),주식,글로벌,기타특수구조,미확인 주식전략,글로벌 미확인 주식전략,미확인-주식전략-글로벌-미확인-주식전략-d0f070a455,plain,plain,neutral,1X,hedged,physical_or_unspecified,unknown,PG-PENDING-291890-c33ed9da0d,,needs_review,기초지수 명시; 운용사·공식 출처 URL 존재; 자산군·투자대상 추출(주식/글로벌 미확인 주식전략),불가,직접 비교에 필요한 주식 전략·투자대상 미확인; 세부 투자대상 또는 만기·구성비율 미확인
KR7292050002,292050,RISE KRX300,KRX 300,주식,국내,기타특수구조,미확인 주식전략,국내 미확인 주식전략,KRX300,plain,plain,neutral,1X,unknown,physical_or_unspecified,unknown,PG-PENDING-292050-c1b0df0236,,needs_review,기초지수 명시; 운용사·공식 출처 URL 존재; 자산군·투자대상 추출(주식/국내 미확인 주식전략),가능,직접 비교에 필요한 주식 전략·투자대상 미확인; 세부 투자대상 또는 만기·구성비율 미확인
KR7292150000,292150,TIGER 코리아TOP10,FnGuide TOP10 지수,주식,국내,기타특수구조,미확인 주식전략,국내 미확인 주식전략,미확인-주식전략-국내-미확인-주식전략-46eed209b8,plain,plain,neutral,1X,unknown,physical_or_unspecified,concentrated,PG-PENDING-292150-60f7aeeccd,,needs_review,기초지수 명시; 운용사·공식 출처 URL 존재; 자산군·투자대상 추출(주식/국내 미확인 주식전략),가능,직접 비교에 필요한 주식 전략·투자대상 미확인; 세부 투자대상 또는 만기·구성비율 미확인
KR7292160009,292160,TIGER KRX300,KRX 300,주식,국내,기타특수구조,미확인 주식전략,국내 미확인 주식전략,KRX300,plain,plain,neutral,1X,unknown,physical_or_unspecified,unknown,PG-PENDING-292160-2ef911c079,,needs_review,기초지수 명시; 운용사·공식 출처 URL 존재; 자산군·투자대상 추출(주식/국내 미확인 주식전략),가능,직접 비교에 필요한 주식 전략·투자대상 미확인; 세부 투자대상 또는 만기·구성비율 미확인
KR7292190006,292190,KODEX KRX300,KRX 300,주식,국내,기타특수구조,미확인 주식전략,국내 미확인 주식전략,KRX300,plain,plain,neutral,1X,unknown,physical_or_unspecified,unknown,PG-PENDING-292190-29374ed31c,,needs_review,기초지수 명시; 운용사·공식 출처 URL 존재; 자산군·투자대상 추출(주식/국내 미확인 주식전략),가능,직접 비교에 필요한 주식 전략·투자대상 미확인; 세부 투자대상 또는 만기·구성비율 미확인
KR7292500006,292500,SOL KRX300,KRX 300,주식,국내,기타특수구조,미확인 주식전략,국내 미확인 주식전략,KRX300,plain,plain,neutral,1X,unknown,physical_or_unspecified,unknown,PG-PENDING-292500-2a5cd87689,,needs_review,기초지수 명시; 운용사·공식 출처 URL 존재; 자산군·투자대상 추출(주식/국내 미확인 주식전략),가능,직접 비교에 필요한 주식 전략·투자대상 미확인; 세부 투자대상 또는 만기·구성비율 미확인
KR7292770005,292770,KODEX 국채선물3년인버스,국채선물지수,채권,국내,채권,채권,국내 국채 단기 등급미확인,BOND_국내-국채-단기-등급미확인-bddf0c67db,inverse,bond_coupon,short,1X,unknown,physical_or_unspecified,unknown,PG-PENDING-292770-db1a4a3877,,needs_review,기초지수 명시; 운용사·공식 출처 URL 존재; 상품명 구조표시(inverse); 자산군·투자대상 추출(채권/국내 국채 단기 등급미확인),불가,세부 투자대상 또는 만기·구성비율 미확인
KR7293180006,293180,HANARO 200,코스피 200,주식,국내,기타특수구조,미확인 주식전략,국내 미확인 주식전략,미확인-주식전략-국내-미확인-주식전략-46eed209b8,plain,plain,neutral,1X,unknown,physical_or_unspecified,broad,PG-PENDING-293180-a1801cc52e,,needs_review,기초지수 명시; 운용사·공식 출처 URL 존재; 자산군·투자대상 추출(주식/국내 미확인 주식전략),가능,직접 비교에 필요한 주식 전략·투자대상 미확인; 세부 투자대상 또는 만기·구성비율 미확인
KR7294400007,294400,KIWOOM 200TR,코스피 200 TR,주식,국내,기타특수구조,미확인 주식전략,국내 미확인 주식전략,미확인-주식전략-국내-미확인-주식전략-46eed209b8,plain,plain,neutral,1X,unknown,physical_or_unspecified,broad,PG-PENDING-294400-a483049dc6,,needs_review,기초지수 명시; 운용사·공식 출처 URL 존재; 자산군·투자대상 추출(주식/국내 미확인 주식전략),가능,직접 비교에 필요한 주식 전략·투자대상 미확인; 세부 투자대상 또는 만기·구성비율 미확인
KR7295000004,295000,RISE 국채선물10년,10년국채선물지수,채권,국내,채권,채권,국내 국채 장기 등급미확인,BOND_국내-국채-장기-등급미확인-46cc7d575b,plain,bond_coupon,neutral,1X,unknown,physical_or_unspecified,unknown,PG-PENDING-295000-3fdea13d38,,needs_review,기초지수 명시; 운용사·공식 출처 URL 존재; 자산군·투자대상 추출(채권/국내 국채 장기 등급미확인),불가,세부 투자대상 또는 만기·구성비율 미확인
KR7295020002,295020,RISE 국채선물10년인버스,10년국채선물지수,채권,국내,채권,채권,국내 국채 장기 등급미확인,BOND_국내-국채-장기-등급미확인-46cc7d575b,inverse,bond_coupon,short,1X,unknown,physical_or_unspecified,unknown,PG-PENDING-295020-feb14fee72,,needs_review,기초지수 명시; 운용사·공식 출처 URL 존재; 상품명 구조표시(inverse); 자산군·투자대상 추출(채권/국내 국채 장기 등급미확인),불가,세부 투자대상 또는 만기·구성비율 미확인
KR7295040000,295040,SOL 200TR,코스피 200 TR,주식,국내,기타특수구조,미확인 주식전략,국내 미확인 주식전략,미확인-주식전략-국내-미확인-주식전략-46eed209b8,plain,plain,neutral,1X,unknown,physical_or_unspecified,broad,PG-PENDING-295040-5f860ac603,,needs_review,기초지수 명시; 운용사·공식 출처 URL 존재; 자산군·투자대상 추출(주식/국내 미확인 주식전략),가능,직접 비교에 필요한 주식 전략·투자대상 미확인; 세부 투자대상 또는 만기·구성비율 미확인
KR7298340001,298340,PLUS 국채선물3년,국채선물지수,채권,국내,채권,채권,국내 국채 단기 등급미확인,BOND_국내-국채-단기-등급미확인-bddf0c67db,plain,bond_coupon,neutral,1X,unknown,physical_or_unspecified,unknown,PG-PENDING-298340-2aa9457e78,,needs_review,기초지수 명시; 운용사·공식 출처 URL 존재; 자산군·투자대상 추출(채권/국내 국채 단기 등급미확인),가능,세부 투자대상 또는 만기·구성비율 미확인
KR7298770009,298770,KODEX 한국대만IT프리미어,한국 대만 IT 프리미어지수,주식,국내,기타특수구조,미확인 주식전략,국내 미확인 주식전략,미확인-주식전략-국내-미확인-주식전략-46eed209b8,plain,plain,neutral,1X,unhedged,physical_or_unspecified,unknown,PG-PENDING-298770-c93d006966,,needs_review,기초지수 명시; 운용사·공식 출처 URL 존재; 자산군·투자대상 추출(주식/국내 미확인 주식전략),가능,직접 비교에 필요한 주식 전략·투자대상 미확인; 세부 투자대상 또는 만기·구성비율 미확인
KR7301400008,301400,PLUS 코스닥150,코스닥 150,주식,국내,기타특수구조,미확인 주식전략,국내 미확인 주식전략,미확인-주식전략-국내-미확인-주식전략-46eed209b8,plain,plain,neutral,1X,unknown,physical_or_unspecified,unknown,PG-PENDING-301400-3541abccf9,,needs_review,기초지수 명시; 운용사·공식 출처 URL 존재; 자산군·투자대상 추출(주식/국내 미확인 주식전략),가능,직접 비교에 필요한 주식 전략·투자대상 미확인; 세부 투자대상 또는 만기·구성비율 미확인
KR7302190004,302190,TIGER 중장기국채,KIS 국채 3-10년 지수(시장가격지수),채권,국내,채권,채권,국내 국채 장기 등급미확인,BOND_국내-국채-장기-등급미확인-46cc7d575b,plain,bond_coupon,neutral,1X,unknown,physical_or_unspecified,unknown,PG-PENDING-302190-97df717d82,,needs_review,기초지수 명시; 운용사·공식 출처 URL 존재; 자산군·투자대상 추출(채권/국내 국채 장기 등급미확인),가능,세부 투자대상 또는 만기·구성비율 미확인
KR7302450002,302450,RISE 코스피,코스피,주식,국내,기타특수구조,미확인 주식전략,국내 미확인 주식전략,미확인-주식전략-국내-미확인-주식전략-46eed209b8,plain,plain,neutral,1X,unknown,physical_or_unspecified,unknown,PG-PENDING-302450-4dbc4662e0,,needs_review,기초지수 명시; 운용사·공식 출처 URL 존재; 자산군·투자대상 추출(주식/국내 미확인 주식전략),가능,직접 비교에 필요한 주식 전략·투자대상 미확인; 세부 투자대상 또는 만기·구성비율 미확인
KR7304660004,304660,KODEX 미국30년국채울트라선물(H),S&P Ultra T-Bond Futures Index(ER),채권,미국,채권,채권,미국 국채 장기 등급미확인,BOND_미국-국채-장기-등급미확인-047cbda7f5,plain,bond_coupon,neutral,1X,hedged,physical_or_unspecified,unknown,PG-PENDING-304660-4d0115ae78,,needs_review,기초지수 명시; 운용사·공식 출처 URL 존재; 자산군·투자대상 추출(채권/미국 국채 장기 등급미확인),불가,세부 투자대상 또는 만기·구성비율 미확인
KR7304670003,304670,KODEX 미국30년국채울트라선물인버스(H),S&P Ultra T-Bond Futures Index(ER),채권,미국,채권,채권,미국 국채 장기 등급미확인,BOND_미국-국채-장기-등급미확인-047cbda7f5,inverse,bond_coupon,short,1X,hedged,physical_or_unspecified,unknown,PG-PENDING-304670-1d861b3507,,needs_review,기초지수 명시; 운용사·공식 출처 URL 존재; 상품명 구조표시(inverse); 자산군·투자대상 추출(채권/미국 국채 장기 등급미확인),불가,세부 투자대상 또는 만기·구성비율 미확인
KR7304760002,304760,HANARO KRX300,KRX 300,주식,국내,기타특수구조,미확인 주식전략,국내 미확인 주식전략,KRX300,plain,plain,neutral,1X,unknown,physical_or_unspecified,unknown,PG-PENDING-304760-71bb4c12cb,,needs_review,기초지수 명시; 운용사·공식 출처 URL 존재; 자산군·투자대상 추출(주식/국내 미확인 주식전략),가능,직접 비교에 필요한 주식 전략·투자대상 미확인; 세부 투자대상 또는 만기·구성비율 미확인
KR7304770001,304770,HANARO 코스닥150,코스닥 150,주식,국내,기타특수구조,미확인 주식전략,국내 미확인 주식전략,미확인-주식전략-국내-미확인-주식전략-46eed209b8,plain,plain,neutral,1X,unknown,physical_or_unspecified,unknown,PG-PENDING-304770-cda1f0640a,,needs_review,기초지수 명시; 운용사·공식 출처 URL 존재; 자산군·투자대상 추출(주식/국내 미확인 주식전략),가능,직접 비교에 필요한 주식 전략·투자대상 미확인; 세부 투자대상 또는 만기·구성비율 미확인
KR7304780000,304780,HANARO 200선물레버리지,코스피 200 선물지수,주식,국내,기타특수구조,미확인 주식전략,국내 미확인 주식전략,미확인-주식전략-국내-미확인-주식전략-46eed209b8,leveraged,leveraged,long,2X,unknown,physical_or_unspecified,broad,PG-PENDING-304780-52d915d974,,needs_review,기초지수 명시; 운용사·공식 출처 URL 존재; 상품명 구조표시(leveraged); 자산군·투자대상 추출(주식/국내 미확인 주식전략),불가,직접 비교에 필요한 주식 전략·투자대상 미확인; 세부 투자대상 또는 만기·구성비율 미확인
KR7305050007,305050,ACE 코스피,코스피,주식,국내,기타특수구조,미확인 주식전략,국내 미확인 주식전략,미확인-주식전략-국내-미확인-주식전략-46eed209b8,plain,plain,neutral,1X,unknown,physical_or_unspecified,unknown,PG-PENDING-305050-70969672fe,,needs_review,기초지수 명시; 운용사·공식 출처 URL 존재; 자산군·투자대상 추출(주식/국내 미확인 주식전략),가능,직접 비교에 필요한 주식 전략·투자대상 미확인; 세부 투자대상 또는 만기·구성비율 미확인
KR7305080004,305080,TIGER 미국채10년선물,S&P 10-Year U.S. Treasury Note Futures(ER),채권,미국,채권,채권,미국 국채 장기 등급미확인,BOND_미국-국채-장기-등급미확인-047cbda7f5,plain,bond_coupon,neutral,1X,unhedged,physical_or_unspecified,unknown,PG-PENDING-305080-72c74c2c95,,needs_review,기초지수 명시; 운용사·공식 출처 URL 존재; 자산군·투자대상 추출(채권/미국 국채 장기 등급미확인),불가,세부 투자대상 또는 만기·구성비율 미확인
KR7306520008,306520,HANARO 200선물인버스,코스피 200 선물지수,주식,국내,기타특수구조,미확인 주식전략,국내 미확인 주식전략,미확인-주식전략-국내-미확인-주식전략-46eed209b8,inverse,inverse,short,1X,unknown,physical_or_unspecified,broad,PG-PENDING-306520-1a4621c30c,,needs_review,기초지수 명시; 운용사·공식 출처 URL 존재; 상품명 구조표시(inverse); 자산군·투자대상 추출(주식/국내 미확인 주식전략),불가,직접 비교에 필요한 주식 전략·투자대상 미확인; 세부 투자대상 또는 만기·구성비율 미확인
KR7306530007,306530,HANARO 코스닥150선물레버리지,F-코스닥150 지수,주식,국내,기타특수구조,미확인 주식전략,국내 미확인 주식전략,미확인-주식전략-국내-미확인-주식전략-46eed209b8,leveraged,leveraged,long,2X,unknown,physical_or_unspecified,unknown,PG-PENDING-306530-d0093a1edf,,needs_review,기초지수 명시; 운용사·공식 출처 URL 존재; 상품명 구조표시(leveraged); 자산군·투자대상 추출(주식/국내 미확인 주식전략),불가,직접 비교에 필요한 주식 전략·투자대상 미확인; 세부 투자대상 또는 만기·구성비율 미확인
KR7306950007,306950,KODEX KRX300레버리지,KRX 300,주식,국내,기타특수구조,미확인 주식전략,국내 미확인 주식전략,KRX300,leveraged,leveraged,long,2X,unknown,physical_or_unspecified,unknown,PG-PENDING-306950-ba7e8a637d,,needs_review,기초지수 명시; 운용사·공식 출처 URL 존재; 상품명 구조표시(leveraged); 자산군·투자대상 추출(주식/국내 미확인 주식전략),불가,직접 비교에 필요한 주식 전략·투자대상 미확인; 세부 투자대상 또는 만기·구성비율 미확인
KR7307510008,307510,TIGER 의료기기,FnGuide 의료기기 지수,주식,국내,기타특수구조,미확인 주식전략,국내 미확인 주식전략,미확인-주식전략-국내-미확인-주식전략-46eed209b8,plain,plain,neutral,1X,unknown,physical_or_unspecified,unknown,PG-PENDING-307510-c7aa6baa88,,needs_review,기초지수 명시; 운용사·공식 출처 URL 존재; 자산군·투자대상 추출(주식/국내 미확인 주식전략),가능,직접 비교에 필요한 주식 전략·투자대상 미확인; 세부 투자대상 또는 만기·구성비율 미확인
KR7307520007,307520,TIGER 지주회사,FnGuide 지주회사 지수,주식,국내,기타특수구조,미확인 주식전략,국내 미확인 주식전략,미확인-주식전략-국내-미확인-주식전략-46eed209b8,plain,plain,neutral,1X,unknown,physical_or_unspecified,unknown,PG-PENDING-307520-00e3e395c3,,needs_review,기초지수 명시; 운용사·공식 출처 URL 존재; 자산군·투자대상 추출(주식/국내 미확인 주식전략),가능,직접 비교에 필요한 주식 전략·투자대상 미확인; 세부 투자대상 또는 만기·구성비율 미확인
KR7308620004,308620,KODEX 미국10년국채선물,S&P 10-Year U.S. Treasury Note Futures KRW(ER),채권,미국,채권,채권,미국 국채 장기 등급미확인,BOND_미국-국채-장기-등급미확인-047cbda7f5,plain,bond_coupon,neutral,1X,unhedged,physical_or_unspecified,unknown,PG-PENDING-308620-8b4b4afaf5,,needs_review,기초지수 명시; 운용사·공식 출처 URL 존재; 자산군·투자대상 추출(채권/미국 국채 장기 등급미확인),불가,세부 투자대상 또는 만기·구성비율 미확인
KR7309230001,309230,ACE 미국WideMoat동일가중,MorningStar Wide Moat Focus Index,주식,미국,기타특수구조,미확인 주식전략,미국 미확인 주식전략,미확인-주식전략-미국-미확인-주식전략-bf6afc4d9f,plain,plain,neutral,1X,unhedged,physical_or_unspecified,unknown,PG-PENDING-309230-06bccd2f2f,,needs_review,기초지수 명시; 운용사·공식 출처 URL 존재; 자산군·투자대상 추출(주식/미국 미확인 주식전략),가능,직접 비교에 필요한 주식 전략·투자대상 미확인; 세부 투자대상 또는 만기·구성비율 미확인
KR7310080007,310080,RISE 중국MSCI China(H),"MSCI China Index(USD, Price Return)",주식,중국,기타특수구조,미확인 주식전략,중국 미확인 주식전략,미확인-주식전략-중국-미확인-주식전략-526c3d6249,plain,plain,neutral,1X,hedged,physical_or_unspecified,unknown,PG-PENDING-310080-15fcb657a4,,needs_review,기초지수 명시; 운용사·공식 출처 URL 존재; 자산군·투자대상 추출(주식/중국 미확인 주식전략),가능,직접 비교에 필요한 주식 전략·투자대상 미확인; 세부 투자대상 또는 만기·구성비율 미확인
KR7310960000,310960,TIGER 200TR,코스피 200 TR,주식,국내,기타특수구조,미확인 주식전략,국내 미확인 주식전략,미확인-주식전략-국내-미확인-주식전략-46eed209b8,plain,plain,neutral,1X,unknown,physical_or_unspecified,broad,PG-PENDING-310960-50386baa93,,needs_review,기초지수 명시; 운용사·공식 출처 URL 존재; 자산군·투자대상 추출(주식/국내 미확인 주식전략),가능,직접 비교에 필요한 주식 전략·투자대상 미확인; 세부 투자대상 또는 만기·구성비율 미확인
KR7310970009,310970,TIGER MSCI Korea TR,MSCI Korea TR Index,주식,국내,기타특수구조,미확인 주식전략,국내 미확인 주식전략,미확인-주식전략-국내-미확인-주식전략-46eed209b8,plain,plain,neutral,1X,unknown,physical_or_unspecified,unknown,PG-PENDING-310970-3a4125d7ab,,needs_review,기초지수 명시; 운용사·공식 출처 URL 존재; 자산군·투자대상 추출(주식/국내 미확인 주식전략),가능,직접 비교에 필요한 주식 전략·투자대상 미확인; 세부 투자대상 또는 만기·구성비율 미확인
KR7314250002,314250,KODEX 미국빅테크10(H),NYSE U.S. Big TECH 10 INDEX,주식,미국,기타특수구조,미확인 주식전략,미국 미확인 주식전략,미확인-주식전략-미국-미확인-주식전략-bf6afc4d9f,plain,plain,neutral,1X,hedged,physical_or_unspecified,unknown,PG-PENDING-314250-602c0df13c,,needs_review,기초지수 명시; 운용사·공식 출처 URL 존재; 자산군·투자대상 추출(주식/미국 미확인 주식전략),가능,직접 비교에 필요한 주식 전략·투자대상 미확인; 세부 투자대상 또는 만기·구성비율 미확인
KR7314700006,314700,HANARO 농업융복합산업,FnGuide 농업융복합산업 지수(시장가격),주식,국내,기타특수구조,미확인 주식전략,국내 미확인 주식전략,미확인-주식전략-국내-미확인-주식전략-46eed209b8,plain,plain,neutral,1X,unknown,physical_or_unspecified,unknown,PG-PENDING-314700-d47014486c,,needs_review,기초지수 명시; 운용사·공식 출처 URL 존재; 자산군·투자대상 추출(주식/국내 미확인 주식전략),가능,직접 비교에 필요한 주식 전략·투자대상 미확인; 세부 투자대상 또는 만기·구성비율 미확인
KR7315270009,315270,TIGER 200커뮤니케이션서비스,코스피 200 커뮤니케이션서비스,주식,국내,기타특수구조,미확인 주식전략,국내 미확인 주식전략,미확인-주식전략-국내-미확인-주식전략-46eed209b8,plain,plain,neutral,1X,unknown,physical_or_unspecified,broad,PG-PENDING-315270-d06ee4a7e3,,needs_review,기초지수 명시; 운용사·공식 출처 URL 존재; 자산군·투자대상 추출(주식/국내 미확인 주식전략),가능,직접 비교에 필요한 주식 전략·투자대상 미확인; 세부 투자대상 또는 만기·구성비율 미확인
KR7315930008,315930,KODEX Top5PlusTR,FnGuide TOP 5 Plus Total Return 지수,채권,국내,채권,채권,국내 국채 만기미확인 등급미확인,BOND_국내-국채-만기미확인-등급미확인-bf9416de66,plain,bond_coupon,neutral,1X,unknown,physical_or_unspecified,ultra_concentrated,PG-PENDING-315930-5db7659de2,,conflict,기초지수 명시; 운용사·공식 출처 URL 존재; 자산군·투자대상 추출(채권/국내 국채 만기미확인 등급미확인),가능,세부 투자대상 또는 만기·구성비율 미확인; 기존 자산분류와 비교분류 추론값 충돌
KR7316670009,316670,KIWOOM 코스닥150,코스닥 150,주식,국내,기타특수구조,미확인 주식전략,국내 미확인 주식전략,미확인-주식전략-국내-미확인-주식전략-46eed209b8,plain,plain,neutral,1X,unknown,physical_or_unspecified,unknown,PG-PENDING-316670-34790bcef7,,needs_review,기초지수 명시; 운용사·공식 출처 URL 존재; 자산군·투자대상 추출(주식/국내 미확인 주식전략),가능,직접 비교에 필요한 주식 전략·투자대상 미확인; 세부 투자대상 또는 만기·구성비율 미확인
KR7321410003,321410,KODEX 멀티에셋하이인컴(H),Morningstar Multi-Asset High Income 10% Capped Index,혼합자산,글로벌,혼합자산,혼합자산,구성비율 미확인,혼합자산-구성비율-미확인-9c1ef5c7e4,plain,mixed_asset,neutral,1X,hedged,physical_or_unspecified,unknown,PG-PENDING-321410-cc66756183,,needs_review,기초지수 명시; 운용사·공식 출처 URL 존재; 자산군·투자대상 추출(혼합자산/구성비율 미확인),https://www.samsungfund.com/etf/product/view.do?id=2ETFB7,세부 투자대상 또는 만기·구성비율 미확인
KR7322400003,322400,HANARO e커머스,FnGuide E커머스 지수,주식,국내,기타특수구조,미확인 주식전략,국내 미확인 주식전략,미확인-주식전략-국내-미확인-주식전략-46eed209b8,plain,plain,neutral,1X,unknown,physical_or_unspecified,unknown,PG-PENDING-322400-00483bb9ae,,needs_review,기초지수 명시; 운용사·공식 출처 URL 존재; 자산군·투자대상 추출(주식/국내 미확인 주식전략),가능,직접 비교에 필요한 주식 전략·투자대상 미확인; 세부 투자대상 또는 만기·구성비율 미확인
KR7326230000,326230,RISE 내수주플러스,FnGuide 내수주플러스 지수,주식,국내,기타특수구조,미확인 주식전략,국내 미확인 주식전략,미확인-주식전략-국내-미확인-주식전략-46eed209b8,plain,plain,neutral,1X,unknown,physical_or_unspecified,unknown,PG-PENDING-326230-89bb73795a,,needs_review,기초지수 명시; 운용사·공식 출처 URL 존재; 자산군·투자대상 추출(주식/국내 미확인 주식전략),가능,직접 비교에 필요한 주식 전략·투자대상 미확인; 세부 투자대상 또는 만기·구성비율 미확인
KR7326240009,326240,RISE IT플러스,FnGuide IT플러스 지수,주식,국내,기타특수구조,미확인 주식전략,국내 미확인 주식전략,미확인-주식전략-국내-미확인-주식전략-46eed209b8,plain,plain,neutral,1X,unknown,physical_or_unspecified,unknown,PG-PENDING-326240-d139018c9a,,needs_review,기초지수 명시; 운용사·공식 출처 URL 존재; 자산군·투자대상 추출(주식/국내 미확인 주식전략),가능,직접 비교에 필요한 주식 전략·투자대상 미확인; 세부 투자대상 또는 만기·구성비율 미확인
KR7328370002,328370,PLUS 코스피TR,코스피 TR,주식,국내,기타특수구조,미확인 주식전략,국내 미확인 주식전략,미확인-주식전략-국내-미확인-주식전략-46eed209b8,plain,plain,neutral,1X,unknown,physical_or_unspecified,unknown,PG-PENDING-328370-9697a3dd1c,,needs_review,기초지수 명시; 운용사·공식 출처 URL 존재; 자산군·투자대상 추출(주식/국내 미확인 주식전략),가능,직접 비교에 필요한 주식 전략·투자대상 미확인; 세부 투자대상 또는 만기·구성비율 미확인
KR7329650006,329650,KODEX TRF3070,FnGuide TRF 3070 지수,혼합자산,글로벌,혼합자산,혼합자산,구성비율 미확인,혼합자산-구성비율-미확인-9c1ef5c7e4,plain,mixed_asset,neutral,1X,unhedged,physical_or_unspecified,unknown,PG-PENDING-329650-c9edb9e500,,needs_review,기초지수 명시; 운용사·공식 출처 URL 존재; 자산군·투자대상 추출(혼합자산/구성비율 미확인),https://www.samsungfund.com/etf/product/view.do?id=2ETFC3,세부 투자대상 또는 만기·구성비율 미확인
KR7329660005,329660,KODEX TRF5050,FnGuide TRF 5050 지수,혼합자산,글로벌,혼합자산,혼합자산,구성비율 미확인,혼합자산-구성비율-미확인-9c1ef5c7e4,plain,mixed_asset,neutral,1X,unhedged,physical_or_unspecified,unknown,PG-PENDING-329660-cf61454214,,needs_review,기초지수 명시; 운용사·공식 출처 URL 존재; 자산군·투자대상 추출(혼합자산/구성비율 미확인),https://www.samsungfund.com/etf/product/view.do?id=2ETFC2,세부 투자대상 또는 만기·구성비율 미확인
KR7329670004,329670,KODEX TRF7030,FnGuide TRF 7030 지수,혼합자산,글로벌,혼합자산,혼합자산,구성비율 미확인,혼합자산-구성비율-미확인-9c1ef5c7e4,plain,mixed_asset,neutral,1X,unhedged,physical_or_unspecified,unknown,PG-PENDING-329670-5486f2fa99,,needs_review,기초지수 명시; 운용사·공식 출처 URL 존재; 자산군·투자대상 추출(혼합자산/구성비율 미확인),https://www.samsungfund.com/etf/product/view.do?id=2ETFC1,세부 투자대상 또는 만기·구성비율 미확인
KR7329750004,329750,TIGER 미국달러단기채권액티브,KIS U.S. TREASURY BOND 0-1Y 지수(총수익),채권,미국,채권,채권,미국 국채 초단기 등급미확인,BOND_미국-국채-초단기-등급미확인-5e59e46a3c,plain,bond_coupon,neutral,1X,unhedged,active,unknown,PG-PENDING-329750-83d3275b7d,,needs_review,기초지수 명시; 운용사·공식 출처 URL 존재; 자산군·투자대상 추출(채권/미국 국채 초단기 등급미확인),가능,세부 투자대상 또는 만기·구성비율 미확인
KR7332500008,332500,ACE 200TR,코스피 200 TR,주식,국내,기타특수구조,미확인 주식전략,국내 미확인 주식전략,미확인-주식전략-국내-미확인-주식전략-46eed209b8,plain,plain,neutral,1X,unknown,physical_or_unspecified,broad,PG-PENDING-332500-3be600d08d,,needs_review,기초지수 명시; 운용사·공식 출처 URL 존재; 자산군·투자대상 추출(주식/국내 미확인 주식전략),가능,직접 비교에 필요한 주식 전략·투자대상 미확인; 세부 투자대상 또는 만기·구성비율 미확인
KR7332930007,332930,HANARO 200TR,코스피 200 TR,주식,국내,기타특수구조,미확인 주식전략,국내 미확인 주식전략,미확인-주식전략-국내-미확인-주식전략-46eed209b8,plain,plain,neutral,1X,unknown,physical_or_unspecified,broad,PG-PENDING-332930-45f38f3d9e,,needs_review,기초지수 명시; 운용사·공식 출처 URL 존재; 자산군·투자대상 추출(주식/국내 미확인 주식전략),가능,직접 비교에 필요한 주식 전략·투자대상 미확인; 세부 투자대상 또는 만기·구성비율 미확인
KR7332940006,332940,HANARO MSCI Korea TR,MSCI Korea TR Index,주식,국내,기타특수구조,미확인 주식전략,국내 미확인 주식전략,미확인-주식전략-국내-미확인-주식전략-46eed209b8,plain,plain,neutral,1X,unknown,physical_or_unspecified,unknown,PG-PENDING-332940-84b218881d,,needs_review,기초지수 명시; 운용사·공식 출처 URL 존재; 자산군·투자대상 추출(주식/국내 미확인 주식전략),가능,직접 비교에 필요한 주식 전략·투자대상 미확인; 세부 투자대상 또는 만기·구성비율 미확인
KR7336160007,336160,RISE 금융채액티브,KIS 종합채권금융채 2.5Y-3Y 지수 (총수익),채권,국내,채권,채권,국내 금융채 단기 등급미확인,BOND_국내-금융채-단기-등급미확인-c717d83173,plain,bond_coupon,neutral,1X,unknown,active,unknown,PG-PENDING-336160-28f2640385,,needs_review,기초지수 명시; 운용사·공식 출처 URL 존재; 자산군·투자대상 추출(채권/국내 금융채 단기 등급미확인),가능,세부 투자대상 또는 만기·구성비율 미확인
KR7337120000,337120,KODEX 멀티팩터,FnGuide 멀티팩터 지수,주식,국내,기타특수구조,미확인 주식전략,국내 미확인 주식전략,미확인-주식전략-국내-미확인-주식전략-46eed209b8,plain,plain,neutral,1X,unknown,physical_or_unspecified,unknown,PG-PENDING-337120-3b8ebb0cd3,,needs_review,기초지수 명시; 운용사·공식 출처 URL 존재; 자산군·투자대상 추출(주식/국내 미확인 주식전략),가능,직접 비교에 필요한 주식 전략·투자대상 미확인; 세부 투자대상 또는 만기·구성비율 미확인
KR7337150007,337150,KODEX 200exTOP,코스피 200 초대형제외 지수,주식,국내,기타특수구조,미확인 주식전략,국내 미확인 주식전략,미확인-주식전략-국내-미확인-주식전략-46eed209b8,plain,plain,neutral,1X,unknown,physical_or_unspecified,broad,PG-PENDING-337150-997cb8d46c,,needs_review,기초지수 명시; 운용사·공식 출처 URL 존재; 자산군·투자대상 추출(주식/국내 미확인 주식전략),가능,직접 비교에 필요한 주식 전략·투자대상 미확인; 세부 투자대상 또는 만기·구성비율 미확인
KR7337160006,337160,KODEX 200ESG,코스피 200 ESG 지수,주식,국내,기타특수구조,미확인 주식전략,국내 미확인 주식전략,미확인-주식전략-국내-미확인-주식전략-46eed209b8,plain,plain,neutral,1X,unknown,physical_or_unspecified,broad,PG-PENDING-337160-e95fc33cac,,needs_review,기초지수 명시; 운용사·공식 출처 URL 존재; 자산군·투자대상 추출(주식/국내 미확인 주식전략),가능,직접 비교에 필요한 주식 전략·투자대상 미확인; 세부 투자대상 또는 만기·구성비율 미확인
KR7341850006,341850,TIGER 리츠부동산인프라채권,KIS 리츠부동산인프라채권PR 지수,채권,국내,채권,채권,국내 채권 만기미확인 등급미확인,BOND_국내-채권-만기미확인-등급미확인-893e3e68b3,plain,bond_coupon,neutral,1X,unknown,physical_or_unspecified,unknown,PG-PENDING-341850-7609e918ce,,needs_review,기초지수 명시; 운용사·공식 출처 URL 존재; 자산군·투자대상 추출(채권/국내 채권 만기미확인 등급미확인),가능,세부 투자대상 또는 만기·구성비율 미확인
KR7354350001,354350,HANARO 글로벌럭셔리S&P(합성),S&P Global Luxury Index,주식,미국,기타특수구조,미확인 주식전략,미국 미확인 주식전략,미확인-주식전략-미국-미확인-주식전략-bf6afc4d9f,plain,plain,neutral,1X,unhedged,synthetic,unknown,PG-PENDING-354350-445fb7131d,,needs_review,기초지수 명시; 운용사·공식 출처 URL 존재; 자산군·투자대상 추출(주식/미국 미확인 주식전략),가능,직접 비교에 필요한 주식 전략·투자대상 미확인; 세부 투자대상 또는 만기·구성비율 미확인
KR7354500001,354500,ACE 코스닥150,코스닥 150,주식,국내,기타특수구조,미확인 주식전략,국내 미확인 주식전략,미확인-주식전략-국내-미확인-주식전략-46eed209b8,plain,plain,neutral,1X,unknown,physical_or_unspecified,unknown,PG-PENDING-354500-8b9ad6a76e,,needs_review,기초지수 명시; 운용사·공식 출처 URL 존재; 자산군·투자대상 추출(주식/국내 미확인 주식전략),가능,직접 비교에 필요한 주식 전략·투자대상 미확인; 세부 투자대상 또는 만기·구성비율 미확인
KR7356540005,356540,ACE 종합채권(AA-이상)액티브,KIS 종합채권 AA-이상 총수익 지수(Total return Index),채권,국내,채권,채권,국내 채권 만기미확인 AA,BOND_국내-채권-만기미확인-AA-273392b07e,plain,bond_coupon,neutral,1X,unknown,active,unknown,PG-PENDING-356540-306733384a,,needs_review,기초지수 명시; 운용사·공식 출처 URL 존재; 자산군·투자대상 추출(채권/국내 채권 만기미확인 AA),가능,세부 투자대상 또는 만기·구성비율 미확인
KR7359210002,359210,KODEX 코스피TR,코스피 TR,주식,국내,기타특수구조,미확인 주식전략,국내 미확인 주식전략,미확인-주식전략-국내-미확인-주식전략-46eed209b8,plain,plain,neutral,1X,unknown,physical_or_unspecified,unknown,PG-PENDING-359210-73409e7b1e,,needs_review,기초지수 명시; 운용사·공식 출처 URL 존재; 자산군·투자대상 추출(주식/국내 미확인 주식전략),가능,직접 비교에 필요한 주식 전략·투자대상 미확인; 세부 투자대상 또는 만기·구성비율 미확인
KR7361580004,361580,RISE 200TR,코스피 200 TR,주식,국내,기타특수구조,미확인 주식전략,국내 미확인 주식전략,미확인-주식전략-국내-미확인-주식전략-46eed209b8,plain,plain,neutral,1X,unknown,physical_or_unspecified,broad,PG-PENDING-361580-8441fb63c4,,needs_review,기초지수 명시; 운용사·공식 출처 URL 존재; 자산군·투자대상 추출(주식/국내 미확인 주식전략),가능,직접 비교에 필요한 주식 전략·투자대상 미확인; 세부 투자대상 또는 만기·구성비율 미확인
KR7363510009,363510,SOL KIS단기통안채,KIS 단기통안채 Index(총수익),채권,국내,채권,채권,국내 채권 단기 등급미확인,BOND_국내-채권-단기-등급미확인-afa2e5ef57,plain,bond_coupon,neutral,1X,unknown,physical_or_unspecified,unknown,PG-PENDING-363510-fa16739f45,,conflict,기초지수 명시; 운용사·공식 출처 URL 존재; 자산군·투자대상 추출(채권/국내 채권 단기 등급미확인),가능,세부 투자대상 또는 만기·구성비율 미확인; 기존 자산분류와 비교분류 추론값 충돌
KR7364690008,364690,KODEX 혁신기술테마액티브,코스피,주식,국내,기타특수구조,미확인 주식전략,국내 미확인 주식전략,미확인-주식전략-국내-미확인-주식전략-46eed209b8,plain,plain,neutral,1X,unknown,active,unknown,PG-PENDING-364690-dc96edbf71,,needs_review,기초지수 명시; 운용사·공식 출처 URL 존재; 자산군·투자대상 추출(주식/국내 미확인 주식전략),가능,직접 비교에 필요한 주식 전략·투자대상 미확인; 세부 투자대상 또는 만기·구성비율 미확인
KR7364960005,364960,TIGER BBIG,KRX BBIG 지수,주식,국내,기타특수구조,미확인 주식전략,국내 미확인 주식전략,미확인-주식전략-국내-미확인-주식전략-46eed209b8,plain,plain,neutral,1X,unknown,physical_or_unspecified,unknown,PG-PENDING-364960-f842a71e2c,,needs_review,기초지수 명시; 운용사·공식 출처 URL 존재; 자산군·투자대상 추출(주식/국내 미확인 주식전략),가능,직접 비교에 필요한 주식 전략·투자대상 미확인; 세부 투자대상 또는 만기·구성비율 미확인
KR7365000009,365000,TIGER 인터넷TOP10,KRX 인터넷 TOP 10 지수,주식,국내,기타특수구조,미확인 주식전략,국내 미확인 주식전략,미확인-주식전략-국내-미확인-주식전략-46eed209b8,plain,plain,neutral,1X,unknown,physical_or_unspecified,concentrated,PG-PENDING-365000-64c05ac1f4,,needs_review,기초지수 명시; 운용사·공식 출처 URL 존재; 자산군·투자대상 추출(주식/국내 미확인 주식전략),가능,직접 비교에 필요한 주식 전략·투자대상 미확인; 세부 투자대상 또는 만기·구성비율 미확인
KR7365040005,365040,TIGER AI코리아그로스액티브,코스피,주식,국내,기타특수구조,미확인 주식전략,국내 미확인 주식전략,미확인-주식전략-국내-미확인-주식전략-46eed209b8,plain,plain,neutral,1X,unknown,active,unknown,PG-PENDING-365040-b003756d47,,needs_review,기초지수 명시; 운용사·공식 출처 URL 존재; 자산군·투자대상 추출(주식/국내 미확인 주식전략),가능,직접 비교에 필요한 주식 전략·투자대상 미확인; 세부 투자대상 또는 만기·구성비율 미확인
KR7365780006,365780,ACE 국고채10년,KIS 10년 국고채 지수 (총수익),채권,국내,채권,채권,국내 채권 장기 등급미확인,BOND_국내-채권-장기-등급미확인-f457d22418,plain,bond_coupon,neutral,1X,unknown,physical_or_unspecified,unknown,PG-PENDING-365780-b7be062f17,,needs_review,기초지수 명시; 운용사·공식 출처 URL 존재; 자산군·투자대상 추출(채권/국내 채권 장기 등급미확인),가능,세부 투자대상 또는 만기·구성비율 미확인
KR7367740008,367740,HANARO Fn5G산업,FnGuide 5G 산업 지수,주식,국내,기타특수구조,미확인 주식전략,국내 미확인 주식전략,미확인-주식전략-국내-미확인-주식전략-46eed209b8,plain,plain,neutral,1X,unknown,physical_or_unspecified,unknown,PG-PENDING-367740-59d038f6b1,,needs_review,기초지수 명시; 운용사·공식 출처 URL 존재; 자산군·투자대상 추출(주식/국내 미확인 주식전략),가능,직접 비교에 필요한 주식 전략·투자대상 미확인; 세부 투자대상 또는 만기·구성비율 미확인
KR7367770005,367770,RISE 수소경제테마,FnGuide 수소 경제 테마 지수,주식,국내,기타특수구조,미확인 주식전략,국내 미확인 주식전략,미확인-주식전략-국내-미확인-주식전략-46eed209b8,plain,plain,neutral,1X,unknown,physical_or_unspecified,unknown,PG-PENDING-367770-fbc3a3dcf6,,needs_review,기초지수 명시; 운용사·공식 출처 URL 존재; 자산군·투자대상 추출(주식/국내 미확인 주식전략),가능,직접 비교에 필요한 주식 전략·투자대상 미확인; 세부 투자대상 또는 만기·구성비율 미확인
KR7368190005,368190,HANARO Fn K-뉴딜디지털플러스,FnGuide K-뉴딜 디지털 플러스 지수,주식,국내,기타특수구조,미확인 주식전략,국내 미확인 주식전략,미확인-주식전략-국내-미확인-주식전략-46eed209b8,plain,plain,neutral,1X,unknown,physical_or_unspecified,unknown,PG-PENDING-368190-f7b09eb271,,needs_review,기초지수 명시; 운용사·공식 출처 URL 존재; 자산군·투자대상 추출(주식/국내 미확인 주식전략),가능,직접 비교에 필요한 주식 전략·투자대상 미확인; 세부 투자대상 또는 만기·구성비율 미확인
KR7368680005,368680,KODEX K-뉴딜디지털플러스,FnGuide K-뉴딜 디지털 플러스 지수,주식,국내,기타특수구조,미확인 주식전략,국내 미확인 주식전략,미확인-주식전략-국내-미확인-주식전략-46eed209b8,plain,plain,neutral,1X,unknown,physical_or_unspecified,unknown,PG-PENDING-368680-60cb64fbb0,,needs_review,기초지수 명시; 운용사·공식 출처 URL 존재; 자산군·투자대상 추출(주식/국내 미확인 주식전략),가능,직접 비교에 필요한 주식 전략·투자대상 미확인; 세부 투자대상 또는 만기·구성비율 미확인
KR7371150004,371150,RISE 차이나항셍테크,Hang Seng TECH Index,주식,중국,기타특수구조,미확인 주식전략,중국 미확인 주식전략,미확인-주식전략-중국-미확인-주식전략-526c3d6249,plain,plain,neutral,1X,unhedged,physical_or_unspecified,unknown,PG-PENDING-371150-eeaed959db,,needs_review,기초지수 명시; 운용사·공식 출처 URL 존재; 자산군·투자대상 추출(주식/중국 미확인 주식전략),가능,직접 비교에 필요한 주식 전략·투자대상 미확인; 세부 투자대상 또는 만기·구성비율 미확인
KR7371160003,371160,TIGER 차이나항셍테크,Hang Seng TECH Index,주식,중국,기타특수구조,미확인 주식전략,중국 미확인 주식전략,미확인-주식전략-중국-미확인-주식전략-526c3d6249,plain,plain,neutral,1X,unhedged,physical_or_unspecified,unknown,PG-PENDING-371160-7cb6af2eab,,needs_review,기초지수 명시; 운용사·공식 출처 URL 존재; 자산군·투자대상 추출(주식/중국 미확인 주식전략),가능,직접 비교에 필요한 주식 전략·투자대상 미확인; 세부 투자대상 또는 만기·구성비율 미확인
KR7371450008,371450,TIGER 글로벌클라우드컴퓨팅INDXX,Indxx Global Cloud Computing Index(PR),주식,글로벌,기타특수구조,미확인 주식전략,글로벌 미확인 주식전략,미확인-주식전략-글로벌-미확인-주식전략-d0f070a455,plain,plain,neutral,1X,unhedged,physical_or_unspecified,unknown,PG-PENDING-371450-59150207b4,,needs_review,기초지수 명시; 운용사·공식 출처 URL 존재; 자산군·투자대상 추출(주식/글로벌 미확인 주식전략),가능,직접 비교에 필요한 주식 전략·투자대상 미확인; 세부 투자대상 또는 만기·구성비율 미확인
KR7371870007,371870,ACE 차이나항셍테크,Hang Seng TECH Index,주식,중국,기타특수구조,미확인 주식전략,중국 미확인 주식전략,미확인-주식전략-중국-미확인-주식전략-526c3d6249,plain,plain,neutral,1X,unhedged,physical_or_unspecified,unknown,PG-PENDING-371870-0cca7b9a99,,needs_review,기초지수 명시; 운용사·공식 출처 URL 존재; 자산군·투자대상 추출(주식/중국 미확인 주식전략),가능,직접 비교에 필요한 주식 전략·투자대상 미확인; 세부 투자대상 또는 만기·구성비율 미확인
KR7372330001,372330,KODEX 차이나항셍테크,Hang Seng TECH Index,주식,중국,기타특수구조,미확인 주식전략,중국 미확인 주식전략,미확인-주식전략-중국-미확인-주식전략-526c3d6249,plain,plain,neutral,1X,unhedged,physical_or_unspecified,unknown,PG-PENDING-372330-34288375af,,needs_review,기초지수 명시; 운용사·공식 출처 URL 존재; 자산군·투자대상 추출(주식/중국 미확인 주식전략),가능,직접 비교에 필요한 주식 전략·투자대상 미확인; 세부 투자대상 또는 만기·구성비율 미확인
KR7375760006,375760,HANARO 탄소효율그린뉴딜,KRX/S&P 탄소효율 그린뉴딜지수,주식,국내,기타특수구조,미확인 주식전략,국내 미확인 주식전략,미확인-주식전략-국내-미확인-주식전략-46eed209b8,plain,plain,neutral,1X,unknown,physical_or_unspecified,unknown,PG-PENDING-375760-89e7c9f3f4,,needs_review,기초지수 명시; 운용사·공식 출처 URL 존재; 자산군·투자대상 추출(주식/국내 미확인 주식전략),가능,직접 비교에 필요한 주식 전략·투자대상 미확인; 세부 투자대상 또는 만기·구성비율 미확인
KR7375770005,375770,KODEX 탄소효율그린뉴딜,KRX/S&P 탄소효율 그린뉴딜지수,주식,국내,기타특수구조,미확인 주식전략,국내 미확인 주식전략,미확인-주식전략-국내-미확인-주식전략-46eed209b8,plain,plain,neutral,1X,unknown,physical_or_unspecified,unknown,PG-PENDING-375770-4674c1451e,,needs_review,기초지수 명시; 운용사·공식 출처 URL 존재; 자산군·투자대상 추출(주식/국내 미확인 주식전략),가능,직접 비교에 필요한 주식 전략·투자대상 미확인; 세부 투자대상 또는 만기·구성비율 미확인
KR7376410007,376410,TIGER 탄소효율그린뉴딜,KRX/S&P 탄소효율 그린뉴딜지수,주식,국내,기타특수구조,미확인 주식전략,국내 미확인 주식전략,미확인-주식전략-국내-미확인-주식전략-46eed209b8,plain,plain,neutral,1X,unknown,physical_or_unspecified,unknown,PG-PENDING-376410-bd00ab9c07,,needs_review,기초지수 명시; 운용사·공식 출처 URL 존재; 자산군·투자대상 추출(주식/국내 미확인 주식전략),가능,직접 비교에 필요한 주식 전략·투자대상 미확인; 세부 투자대상 또는 만기·구성비율 미확인
KR7379790009,379790,RISE 유로스탁스50(H),EURO STOXX 50 Index,주식,유럽,기타특수구조,미확인 주식전략,유럽 미확인 주식전략,미확인-주식전략-유럽-미확인-주식전략-fda82dbade,plain,plain,neutral,1X,hedged,physical_or_unspecified,unknown,PG-PENDING-379790-c58b4fb735,,needs_review,기초지수 명시; 운용사·공식 출처 URL 존재; 자산군·투자대상 추출(주식/유럽 미확인 주식전략),가능,직접 비교에 필요한 주식 전략·투자대상 미확인; 세부 투자대상 또는 만기·구성비율 미확인
KR7380340000,380340,ACE 코리아AI테크핵심산업,FnGuide 코리아AI테크핵심산업지수 (Price Return),주식,국내,기타특수구조,미확인 주식전략,국내 미확인 주식전략,미확인-주식전략-국내-미확인-주식전략-46eed209b8,plain,plain,neutral,1X,unknown,physical_or_unspecified,unknown,PG-PENDING-380340-60d3734f19,,needs_review,기초지수 명시; 운용사·공식 출처 URL 존재; 자산군·투자대상 추출(주식/국내 미확인 주식전략),가능,직접 비교에 필요한 주식 전략·투자대상 미확인; 세부 투자대상 또는 만기·구성비율 미확인
KR7381170000,381170,TIGER 미국테크TOP10 INDXX,Indxx US Tech Top 10 Index,주식,미국,기타특수구조,미확인 주식전략,미국 미확인 주식전략,미확인-주식전략-미국-미확인-주식전략-bf6afc4d9f,plain,plain,neutral,1X,unhedged,physical_or_unspecified,concentrated,PG-PENDING-381170-ed75b03529,,needs_review,기초지수 명시; 운용사·공식 출처 URL 존재; 자산군·투자대상 추출(주식/미국 미확인 주식전략),가능,직접 비교에 필요한 주식 전략·투자대상 미확인; 세부 투자대상 또는 만기·구성비율 미확인
KR7381560002,381560,HANARO Fn전기&수소차,FnGuide 전기&수소차 지수 (시장가격),주식,국내,기타특수구조,미확인 주식전략,국내 미확인 주식전략,미확인-주식전략-국내-미확인-주식전략-46eed209b8,plain,plain,neutral,1X,unknown,physical_or_unspecified,unknown,PG-PENDING-381560-22ca5843ec,,needs_review,기초지수 명시; 운용사·공식 출처 URL 존재; 자산군·투자대상 추출(주식/국내 미확인 주식전략),가능,직접 비교에 필요한 주식 전략·투자대상 미확인; 세부 투자대상 또는 만기·구성비율 미확인
KR7385520002,385520,KODEX 자율주행액티브,FnGuide K-미래차 지수,주식,국내,기타특수구조,미확인 주식전략,국내 미확인 주식전략,미확인-주식전략-국내-미확인-주식전략-46eed209b8,plain,plain,neutral,1X,unknown,active,unknown,PG-PENDING-385520-7b4c825ebc,,needs_review,기초지수 명시; 운용사·공식 출처 URL 존재; 자산군·투자대상 추출(주식/국내 미확인 주식전략),가능,직접 비교에 필요한 주식 전략·투자대상 미확인; 세부 투자대상 또는 만기·구성비율 미확인
KR7385540000,385540,RISE 종합채권(A-이상)액티브,KIS 종합채권 지수(A-이상)(총수익지수),채권,국내,채권,채권,국내 채권 만기미확인 등급미확인,BOND_국내-채권-만기미확인-등급미확인-893e3e68b3,plain,bond_coupon,neutral,1X,unknown,active,unknown,PG-PENDING-385540-14f3107597,,needs_review,기초지수 명시; 운용사·공식 출처 URL 존재; 자산군·투자대상 추출(채권/국내 채권 만기미확인 등급미확인),가능,세부 투자대상 또는 만기·구성비율 미확인
KR7385560008,385560,RISE KIS국고채30년Enhanced,KIS 국고채30년Enhanced지수(시장가격),채권,국내,채권,채권,국내 채권 장기 등급미확인,BOND_국내-채권-장기-등급미확인-f457d22418,plain,bond_coupon,neutral,1X,unknown,physical_or_unspecified,unknown,PG-PENDING-385560-535e79dcee,,needs_review,기초지수 명시; 운용사·공식 출처 URL 존재; 자산군·투자대상 추출(채권/국내 채권 장기 등급미확인),가능,세부 투자대상 또는 만기·구성비율 미확인
KR7385590005,385590,ACE ESG액티브,MSCI Korea Country ESG Leaders Custom Capped Price return Index,채권,국내,채권,채권,국내 국채 만기미확인 등급미확인,BOND_국내-국채-만기미확인-등급미확인-bf9416de66,plain,bond_coupon,neutral,1X,unknown,active,unknown,PG-PENDING-385590-a142f104f6,,conflict,기초지수 명시; 운용사·공식 출처 URL 존재; 자산군·투자대상 추출(채권/국내 국채 만기미확인 등급미확인),가능,세부 투자대상 또는 만기·구성비율 미확인; 기존 자산분류와 비교분류 추론값 충돌
KR7385710009,385710,TIME K이노베이션액티브,KRX BBIG 지수,주식,국내,기타특수구조,미확인 주식전략,국내 미확인 주식전략,미확인-주식전략-국내-미확인-주식전략-46eed209b8,plain,plain,neutral,1X,unknown,active,unknown,PG-PENDING-385710-91152dd83b,,needs_review,기초지수 명시; 자산군·투자대상 추출(주식/국내 미확인 주식전략),,직접 비교에 필요한 주식 전략·투자대상 미확인; 세부 투자대상 또는 만기·구성비율 미확인
KR7385720008,385720,TIME 코스피액티브,코스피,주식,국내,기타특수구조,미확인 주식전략,국내 미확인 주식전략,미확인-주식전략-국내-미확인-주식전략-46eed209b8,plain,plain,neutral,1X,unknown,active,unknown,PG-PENDING-385720-1e9816693e,,needs_review,기초지수 명시; 자산군·투자대상 추출(주식/국내 미확인 주식전략),,직접 비교에 필요한 주식 전략·투자대상 미확인; 세부 투자대상 또는 만기·구성비율 미확인
KR7391670007,391670,HK 베스트일레븐액티브,코스피 200,주식,국내,기타특수구조,미확인 주식전략,국내 미확인 주식전략,미확인-주식전략-국내-미확인-주식전략-46eed209b8,plain,plain,neutral,1X,unknown,active,broad,PG-PENDING-391670-51308ab99e,,needs_review,기초지수 명시; 자산군·투자대상 추출(주식/국내 미확인 주식전략),,직접 비교에 필요한 주식 전략·투자대상 미확인; 세부 투자대상 또는 만기·구성비율 미확인
KR7394660005,394660,TIGER 글로벌자율주행&전기차SOLACTIVE,Solactive Autonomous & Electric Vehicles 지수(PR),주식,미국,기타특수구조,미확인 주식전략,미국 미확인 주식전략,미확인-주식전략-미국-미확인-주식전략-bf6afc4d9f,plain,plain,neutral,1X,unhedged,active,unknown,PG-PENDING-394660-e1ff5030b7,,needs_review,기초지수 명시; 운용사·공식 출처 URL 존재; 자산군·투자대상 추출(주식/미국 미확인 주식전략),가능,직접 비교에 필요한 주식 전략·투자대상 미확인; 세부 투자대상 또는 만기·구성비율 미확인
KR7395150006,395150,KODEX 웹툰&드라마,FnGuide 웹툰&드라마 지수,주식,국내,기타특수구조,미확인 주식전략,국내 미확인 주식전략,미확인-주식전략-국내-미확인-주식전략-46eed209b8,plain,plain,neutral,1X,unknown,physical_or_unspecified,unknown,PG-PENDING-395150-8c5a482958,,needs_review,기초지수 명시; 운용사·공식 출처 URL 존재; 자산군·투자대상 추출(주식/국내 미확인 주식전략),가능,직접 비교에 필요한 주식 전략·투자대상 미확인; 세부 투자대상 또는 만기·구성비율 미확인
KR7395170004,395170,KODEX Top10동일가중,FnGuide TOP10 동일가중 지수,주식,국내,기타특수구조,미확인 주식전략,국내 미확인 주식전략,미확인-주식전략-국내-미확인-주식전략-46eed209b8,plain,plain,neutral,1X,unknown,physical_or_unspecified,concentrated,PG-PENDING-395170-c30f448eb9,,needs_review,기초지수 명시; 운용사·공식 출처 URL 존재; 자산군·투자대상 추출(주식/국내 미확인 주식전략),가능,직접 비교에 필요한 주식 전략·투자대상 미확인; 세부 투자대상 또는 만기·구성비율 미확인
KR7397420001,397420,RISE 국채선물5년추종,5년 국채선물 추종 지수,채권,국내,채권,채권,국내 국채 중기 등급미확인,BOND_국내-국채-중기-등급미확인-29bab72576,plain,bond_coupon,neutral,1X,unknown,physical_or_unspecified,unknown,PG-PENDING-397420-7e2db6ab4c,,needs_review,기초지수 명시; 운용사·공식 출처 URL 존재; 자산군·투자대상 추출(채권/국내 국채 중기 등급미확인),불가,세부 투자대상 또는 만기·구성비율 미확인
KR7400570008,400570,KODEX 유럽탄소배출권선물ICE(H),ICE EUA Carbon Futures Index(Excess Return),주식,유럽,기타특수구조,미확인 주식전략,유럽 미확인 주식전략,미확인-주식전략-유럽-미확인-주식전략-fda82dbade,plain,plain,neutral,1X,hedged,physical_or_unspecified,unknown,PG-PENDING-400570-80ec5ef762,,needs_review,기초지수 명시; 운용사·공식 출처 URL 존재; 자산군·투자대상 추출(주식/유럽 미확인 주식전략),불가,직접 비교에 필요한 주식 전략·투자대상 미확인; 세부 투자대상 또는 만기·구성비율 미확인
KR7400580007,400580,SOL 유럽탄소배출권선물S&P(H),S&P GSCI Carbon Emission Allowances(EUA)(EUR)ER,주식,미국,기타특수구조,미확인 주식전략,미국 미확인 주식전략,미확인-주식전략-미국-미확인-주식전략-bf6afc4d9f,plain,plain,neutral,1X,hedged,physical_or_unspecified,unknown,PG-PENDING-400580-b79ac1439a,,needs_review,기초지수 명시; 운용사·공식 출처 URL 존재; 자산군·투자대상 추출(주식/미국 미확인 주식전략),불가,직접 비교에 필요한 주식 전략·투자대상 미확인; 세부 투자대상 또는 만기·구성비율 미확인
KR7400590006,400590,SOL 글로벌탄소배출권선물ICE(합성),ICE Global Carbon Futures Index(Excess Return),주식,글로벌,기타특수구조,미확인 주식전략,글로벌 미확인 주식전략,미확인-주식전략-글로벌-미확인-주식전략-d0f070a455,plain,plain,neutral,1X,unhedged,synthetic,unknown,PG-PENDING-400590-bc85545d20,,needs_review,기초지수 명시; 운용사·공식 출처 URL 존재; 자산군·투자대상 추출(주식/글로벌 미확인 주식전략),가능,직접 비교에 필요한 주식 전략·투자대상 미확인; 세부 투자대상 또는 만기·구성비율 미확인
KR7401590005,401590,HANARO 글로벌탄소배출권선물ICE(합성),ICE Global Carbon Futures Index(Excess Return),주식,글로벌,기타특수구조,미확인 주식전략,글로벌 미확인 주식전략,미확인-주식전략-글로벌-미확인-주식전략-d0f070a455,plain,plain,neutral,1X,unhedged,synthetic,unknown,PG-PENDING-401590-aecaceb1ac,,needs_review,기초지수 명시; 운용사·공식 출처 URL 존재; 자산군·투자대상 추출(주식/글로벌 미확인 주식전략),가능,직접 비교에 필요한 주식 전략·투자대상 미확인; 세부 투자대상 또는 만기·구성비율 미확인
KR7403790009,403790,MIDAS 코스피액티브,코스피,주식,국내,기타특수구조,미확인 주식전략,국내 미확인 주식전략,미확인-주식전략-국내-미확인-주식전략-46eed209b8,plain,plain,neutral,1X,unknown,active,unknown,PG-PENDING-403790-3b5269332b,,needs_review,기초지수 명시; 자산군·투자대상 추출(주식/국내 미확인 주식전략),,직접 비교에 필요한 주식 전략·투자대상 미확인; 세부 투자대상 또는 만기·구성비율 미확인
KR7407300003,407300,HANARO Fn골프테마,FnGuide 골프 테마 지수,주식,국내,기타특수구조,미확인 주식전략,국내 미확인 주식전략,미확인-주식전략-국내-미확인-주식전략-46eed209b8,plain,plain,neutral,1X,unknown,physical_or_unspecified,unknown,PG-PENDING-407300-36bcd979de,,needs_review,기초지수 명시; 운용사·공식 출처 URL 존재; 자산군·투자대상 추출(주식/국내 미확인 주식전략),가능,직접 비교에 필요한 주식 전략·투자대상 미확인; 세부 투자대상 또는 만기·구성비율 미확인
KR7407310002,407310,HANARO 200 TOP10,코스피 200 Top 10 지수,주식,국내,기타특수구조,미확인 주식전략,국내 미확인 주식전략,미확인-주식전략-국내-미확인-주식전략-46eed209b8,plain,plain,neutral,1X,unknown,physical_or_unspecified,concentrated,PG-PENDING-407310-e242ab8d92,,needs_review,기초지수 명시; 운용사·공식 출처 URL 존재; 자산군·투자대상 추출(주식/국내 미확인 주식전략),가능,직접 비교에 필요한 주식 전략·투자대상 미확인; 세부 투자대상 또는 만기·구성비율 미확인
KR7407820000,407820,에셋플러스 코리아플랫폼액티브,FnGuide 플랫폼 지수(Price Return),주식,국내,기타특수구조,미확인 주식전략,국내 미확인 주식전략,미확인-주식전략-국내-미확인-주식전략-46eed209b8,plain,plain,neutral,1X,unknown,active,unknown,PG-PENDING-407820-9c2c4092a4,,needs_review,기초지수 명시; 자산군·투자대상 추출(주식/국내 미확인 주식전략),,직접 비교에 필요한 주식 전략·투자대상 미확인; 세부 투자대상 또는 만기·구성비율 미확인
KR7411540008,411540,SOL 200 Top10,코스피 200 Top 10 지수,주식,국내,기타특수구조,미확인 주식전략,국내 미확인 주식전략,미확인-주식전략-국내-미확인-주식전략-46eed209b8,plain,plain,neutral,1X,unknown,physical_or_unspecified,concentrated,PG-PENDING-411540-d7de7e5676,,needs_review,기초지수 명시; 운용사·공식 출처 URL 존재; 자산군·투자대상 추출(주식/국내 미확인 주식전략),가능,직접 비교에 필요한 주식 전략·투자대상 미확인; 세부 투자대상 또는 만기·구성비율 미확인
KR7411860000,411860,KIWOOM 독일DAX,DAX Index(PR),주식,유럽,기타특수구조,미확인 주식전략,유럽 미확인 주식전략,미확인-주식전략-유럽-미확인-주식전략-fda82dbade,plain,plain,neutral,1X,unhedged,physical_or_unspecified,unknown,PG-PENDING-411860-c8b3b6a1db,,needs_review,기초지수 명시; 운용사·공식 출처 URL 존재; 자산군·투자대상 추출(주식/유럽 미확인 주식전략),가능,직접 비교에 필요한 주식 전략·투자대상 미확인; 세부 투자대상 또는 만기·구성비율 미확인
KR7412560005,412560,TIGER BBIG레버리지,KRX BBIG 지수,주식,국내,기타특수구조,미확인 주식전략,국내 미확인 주식전략,미확인-주식전략-국내-미확인-주식전략-46eed209b8,leveraged,leveraged,long,2X,unknown,physical_or_unspecified,unknown,PG-PENDING-412560-3bd7e932c7,,needs_review,기초지수 명시; 운용사·공식 출처 URL 존재; 상품명 구조표시(leveraged); 자산군·투자대상 추출(주식/국내 미확인 주식전략),불가,직접 비교에 필요한 주식 전략·투자대상 미확인; 세부 투자대상 또는 만기·구성비율 미확인
KR7413220005,413220,SOL 차이나태양광CSI(합성),CSI Photovoltaic Industry Index(PR),채권,미국,채권,채권,미국 국채 만기미확인 등급미확인,BOND_미국-국채-만기미확인-등급미확인-6e6ab9de27,plain,bond_coupon,neutral,1X,unhedged,synthetic,unknown,PG-PENDING-413220-f296d95e43,,conflict,기초지수 명시; 운용사·공식 출처 URL 존재; 자산군·투자대상 추출(채권/미국 국채 만기미확인 등급미확인),가능,세부 투자대상 또는 만기·구성비율 미확인; 기존 자산분류와 비교분류 추론값 충돌
KR7414270009,414270,ACE 글로벌자율주행액티브,FactSet US-China Electric&Autonomous Vehicle Price Return Index,주식,미국,기타특수구조,미확인 주식전략,미국 미확인 주식전략,미확인-주식전략-미국-미확인-주식전략-bf6afc4d9f,plain,plain,neutral,1X,unhedged,active,unknown,PG-PENDING-414270-d94fdc11a6,,needs_review,기초지수 명시; 운용사·공식 출처 URL 존재; 자산군·투자대상 추출(주식/미국 미확인 주식전략),가능,직접 비교에 필요한 주식 전략·투자대상 미확인; 세부 투자대상 또는 만기·구성비율 미확인
KR7414780007,414780,TIGER 차이나과창판STAR50(합성),STAR 50 Index(Price Return),주식,중국,기타특수구조,미확인 주식전략,중국 미확인 주식전략,미확인-주식전략-중국-미확인-주식전략-526c3d6249,plain,plain,neutral,1X,unhedged,synthetic,unknown,PG-PENDING-414780-a063c8190e,,needs_review,기초지수 명시; 운용사·공식 출처 URL 존재; 자산군·투자대상 추출(주식/중국 미확인 주식전략),가능,직접 비교에 필요한 주식 전략·투자대상 미확인; 세부 투자대상 또는 만기·구성비율 미확인
KR7415340009,415340,KODEX 차이나과창판STAR50(합성),STAR 50 Index(Price Return),주식,중국,기타특수구조,미확인 주식전략,중국 미확인 주식전략,미확인-주식전략-중국-미확인-주식전략-526c3d6249,plain,plain,neutral,1X,unhedged,synthetic,unknown,PG-PENDING-415340-18d4f1643e,,needs_review,기초지수 명시; 운용사·공식 출처 URL 존재; 자산군·투자대상 추출(주식/중국 미확인 주식전략),가능,직접 비교에 필요한 주식 전략·투자대상 미확인; 세부 투자대상 또는 만기·구성비율 미확인
KR7415760008,415760,SOL 차이나육성산업액티브(합성),STAR 50 Index(Price Return),주식,중국,기타특수구조,미확인 주식전략,중국 미확인 주식전략,미확인-주식전략-중국-미확인-주식전략-526c3d6249,plain,plain,neutral,1X,unhedged,synthetic,unknown,PG-PENDING-415760-0cded2a073,,needs_review,기초지수 명시; 운용사·공식 출처 URL 존재; 자산군·투자대상 추출(주식/중국 미확인 주식전략),가능,직접 비교에 필요한 주식 전략·투자대상 미확인; 세부 투자대상 또는 만기·구성비율 미확인
KR7416090009,416090,ACE 중국과창판STAR50,STAR 50 Index(Price Return),주식,중국,기타특수구조,미확인 주식전략,중국 미확인 주식전략,미확인-주식전략-중국-미확인-주식전략-526c3d6249,plain,plain,neutral,1X,unhedged,physical_or_unspecified,unknown,PG-PENDING-416090-b89fb29ddd,,needs_review,기초지수 명시; 운용사·공식 출처 URL 존재; 자산군·투자대상 추출(주식/중국 미확인 주식전략),가능,직접 비교에 필요한 주식 전략·투자대상 미확인; 세부 투자대상 또는 만기·구성비율 미확인
KR7417450004,417450,RISE 글로벌수소경제,Indxx Hydrogen Economy Index (PR),주식,글로벌,기타특수구조,미확인 주식전략,글로벌 미확인 주식전략,미확인-주식전략-글로벌-미확인-주식전략-d0f070a455,plain,plain,neutral,1X,unhedged,physical_or_unspecified,unknown,PG-PENDING-417450-83ad2724cc,,needs_review,기초지수 명시; 운용사·공식 출처 URL 존재; 자산군·투자대상 추출(주식/글로벌 미확인 주식전략),가능,직접 비교에 필요한 주식 전략·투자대상 미확인; 세부 투자대상 또는 만기·구성비율 미확인
KR7417630001,417630,TIGER KEDI혁신기업ESG30,KEDI 혁신기업ESG30 지수(시장가격 지수),주식,국내,기타특수구조,미확인 주식전략,국내 미확인 주식전략,미확인-주식전략-국내-미확인-주식전략-46eed209b8,plain,plain,neutral,1X,unknown,physical_or_unspecified,unknown,PG-PENDING-417630-89411423ea,,needs_review,기초지수 명시; 운용사·공식 출처 URL 존재; 자산군·투자대상 추출(주식/국내 미확인 주식전략),가능,직접 비교에 필요한 주식 전략·투자대상 미확인; 세부 투자대상 또는 만기·구성비율 미확인
KR7418670006,418670,TIGER 글로벌AI사이버보안,Indxx Cybersecurity 지수 (PR),주식,글로벌,기타특수구조,미확인 주식전략,글로벌 미확인 주식전략,미확인-주식전략-글로벌-미확인-주식전략-d0f070a455,plain,plain,neutral,1X,unhedged,physical_or_unspecified,unknown,PG-PENDING-418670-6cadf3ac2c,,needs_review,기초지수 명시; 운용사·공식 출처 URL 존재; 자산군·투자대상 추출(주식/글로벌 미확인 주식전략),가능,직접 비교에 필요한 주식 전략·투자대상 미확인; 세부 투자대상 또는 만기·구성비율 미확인
KR7419650007,419650,PLUS 글로벌수소&차세대연료전지,BlueStar Hydrogen and NextGen Fuel Cell Index (시장가격),주식,미국,기타특수구조,미확인 주식전략,미국 미확인 주식전략,미확인-주식전략-미국-미확인-주식전략-bf6afc4d9f,plain,plain,neutral,1X,unhedged,physical_or_unspecified,unknown,PG-PENDING-419650-8a45d5414d,,needs_review,기초지수 명시; 운용사·공식 출처 URL 존재; 자산군·투자대상 추출(주식/미국 미확인 주식전략),가능,직접 비교에 필요한 주식 전략·투자대상 미확인; 세부 투자대상 또는 만기·구성비율 미확인
KR7419890009,419890,KIWOOM 단기채권ESG액티브,KIS ESG 9M~1.5Y,채권,국내,채권,채권,국내 채권 단기 등급미확인,BOND_국내-채권-단기-등급미확인-afa2e5ef57,plain,bond_coupon,neutral,1X,unknown,active,unknown,PG-PENDING-419890-5283c8eaa7,,needs_review,기초지수 명시; 운용사·공식 출처 URL 존재; 자산군·투자대상 추출(채권/국내 채권 단기 등급미확인),가능,세부 투자대상 또는 만기·구성비율 미확인
KR7426150009,426150,WON 대한민국국고채액티브,KAP 한국 국고채 총수익 지수,채권,국내,채권,채권,국내 채권 만기미확인 등급미확인,BOND_국내-채권-만기미확인-등급미확인-893e3e68b3,plain,bond_coupon,neutral,1X,unknown,active,unknown,PG-PENDING-426150-e96a0f6ea9,,needs_review,기초지수 명시; 자산군·투자대상 추출(채권/국내 채권 만기미확인 등급미확인),,세부 투자대상 또는 만기·구성비율 미확인
KR7428510002,428510,KODEX 차이나AI테크액티브,Bloomberg China Media & Tech Index PR,주식,중국,기타특수구조,미확인 주식전략,중국 미확인 주식전략,미확인-주식전략-중국-미확인-주식전략-526c3d6249,plain,plain,neutral,1X,unhedged,active,unknown,PG-PENDING-428510-0af7301381,,needs_review,기초지수 명시; 운용사·공식 출처 URL 존재; 자산군·투자대상 추출(주식/중국 미확인 주식전략),가능,직접 비교에 필요한 주식 전략·투자대상 미확인; 세부 투자대상 또는 만기·구성비율 미확인
KR7428560007,428560,KODEX 미국ETF산업Top10 Indxx,Indxx US ETF Industry Top10 Index(Price Return),채권,미국,채권,채권,미국 국채 만기미확인 등급미확인,BOND_미국-국채-만기미확인-등급미확인-6e6ab9de27,plain,bond_coupon,neutral,1X,unhedged,physical_or_unspecified,concentrated,PG-PENDING-428560-fc8e11e3d3,,conflict,기초지수 명시; 운용사·공식 출처 URL 존재; 자산군·투자대상 추출(채권/미국 국채 만기미확인 등급미확인),가능,세부 투자대상 또는 만기·구성비율 미확인; 기존 자산분류와 비교분류 추론값 충돌
KR7429010002,429010,TIGER 미국나스닥넥스트100,Nasdaq Next Generation 100 지수 (Price Return),주식,미국,기타특수구조,미확인 주식전략,미국 미확인 주식전략,미확인-주식전략-미국-미확인-주식전략-bf6afc4d9f,plain,plain,neutral,1X,unhedged,physical_or_unspecified,broad,PG-PENDING-429010-224f727853,,needs_review,기초지수 명시; 운용사·공식 출처 URL 존재; 자산군·투자대상 추출(주식/미국 미확인 주식전략),가능,직접 비교에 필요한 주식 전략·투자대상 미확인; 세부 투자대상 또는 만기·구성비율 미확인
KR7430500009,430500,KIWOOM 물가채KIS,KIS TIPS 지수(총수익),채권,국내,채권,채권,국내 채권 만기미확인 등급미확인,BOND_국내-채권-만기미확인-등급미확인-893e3e68b3,plain,bond_coupon,neutral,1X,unknown,physical_or_unspecified,unknown,PG-PENDING-430500-7ac820f834,,needs_review,기초지수 명시; 운용사·공식 출처 URL 존재; 자산군·투자대상 추출(채권/국내 채권 만기미확인 등급미확인),가능,세부 투자대상 또는 만기·구성비율 미확인
KR7432600005,432600,RISE 국채선물3년,국채선물지수,채권,국내,채권,채권,국내 국채 단기 등급미확인,BOND_국내-국채-단기-등급미확인-bddf0c67db,plain,bond_coupon,neutral,1X,unknown,physical_or_unspecified,unknown,PG-PENDING-432600-29b1edd850,,needs_review,기초지수 명시; 운용사·공식 출처 URL 존재; 자산군·투자대상 추출(채권/국내 국채 단기 등급미확인),불가,세부 투자대상 또는 만기·구성비율 미확인
KR7433250008,433250,UNICORN R&D 액티브,코스피 200,주식,국내,기타특수구조,미확인 주식전략,국내 미확인 주식전략,미확인-주식전략-국내-미확인-주식전략-46eed209b8,plain,plain,neutral,1X,unknown,active,broad,PG-PENDING-433250-22fe909e19,,needs_review,기초지수 명시; 자산군·투자대상 추출(주식/국내 미확인 주식전략),,직접 비교에 필요한 주식 전략·투자대상 미확인; 세부 투자대상 또는 만기·구성비율 미확인
KR7433880002,433880,PLUS TDF2060액티브 적격,Morningstar Korea Lifetime Allocation Moderate 2060 Index (Gross Return),혼합자산,국내,혼합자산,혼합자산,구성비율 미확인,혼합자산-구성비율-미확인-9c1ef5c7e4,plain,mixed_asset,neutral,1X,unknown,active,unknown,PG-PENDING-433880-5eec75226f,,needs_review,기초지수 명시; 운용사·공식 출처 URL 존재; 자산군·투자대상 추출(혼합자산/구성비율 미확인),가능,세부 투자대상 또는 만기·구성비율 미확인
KR7433970001,433970,KODEX TDF2030액티브 적격,Samsung Korea Target Date 2030 Index (Price Return),혼합자산,국내,혼합자산,혼합자산,구성비율 미확인,혼합자산-구성비율-미확인-9c1ef5c7e4,plain,mixed_asset,neutral,1X,unknown,active,unknown,PG-PENDING-433970-1571b6a1d9,,needs_review,기초지수 명시; 운용사·공식 출처 URL 존재; 자산군·투자대상 추출(혼합자산/구성비율 미확인),가능,세부 투자대상 또는 만기·구성비율 미확인
KR7433980000,433980,KODEX TDF2040액티브 적격,Samsung Korea Target Date 2040 Index (Price Return),혼합자산,국내,혼합자산,혼합자산,구성비율 미확인,혼합자산-구성비율-미확인-9c1ef5c7e4,plain,mixed_asset,neutral,1X,unknown,active,unknown,PG-PENDING-433980-961e1560e1,,needs_review,기초지수 명시; 운용사·공식 출처 URL 존재; 자산군·투자대상 추출(혼합자산/구성비율 미확인),가능,세부 투자대상 또는 만기·구성비율 미확인
KR7434060000,434060,KODEX TDF2050액티브 적격,Samsung Korea Target Date 2050 Index (Price Return),혼합자산,국내,혼합자산,혼합자산,구성비율 미확인,혼합자산-구성비율-미확인-9c1ef5c7e4,plain,mixed_asset,neutral,1X,unknown,active,unknown,PG-PENDING-434060-1d727f0f56,,needs_review,기초지수 명시; 운용사·공식 출처 URL 존재; 자산군·투자대상 추출(혼합자산/구성비율 미확인),가능,세부 투자대상 또는 만기·구성비율 미확인
KR7434960001,434960,DAISHIN343 K200,코스피 200,주식,국내,기타특수구조,미확인 주식전략,국내 미확인 주식전략,미확인-주식전략-국내-미확인-주식전략-46eed209b8,plain,plain,neutral,1X,unknown,physical_or_unspecified,broad,PG-PENDING-434960-caf498d48e,,needs_review,기초지수 명시; 자산군·투자대상 추출(주식/국내 미확인 주식전략),,직접 비교에 필요한 주식 전략·투자대상 미확인; 세부 투자대상 또는 만기·구성비율 미확인
KR7435040001,435040,ACE 글로벌브랜드TOP10,Bloomberg Global Select Industry Leaders TOP10 Index(PR),채권,미국,채권,채권,미국 국채 만기미확인 등급미확인,BOND_미국-국채-만기미확인-등급미확인-6e6ab9de27,plain,bond_coupon,neutral,1X,unhedged,physical_or_unspecified,concentrated,PG-PENDING-435040-fb05c08121,,conflict,기초지수 명시; 운용사·공식 출처 URL 존재; 자산군·투자대상 추출(채권/미국 국채 만기미확인 등급미확인),가능,세부 투자대상 또는 만기·구성비율 미확인; 기존 자산분류와 비교분류 추론값 충돌
KR7435420005,435420,TIGER 미국나스닥100채권혼합50,FnGuide 나스닥100채권혼합50 지수(총수익 지수),채권,미국,채권,채권,미국 채권 만기미확인 등급미확인,NASDAQ100,plain,bond_coupon,neutral,1X,unhedged,physical_or_unspecified,broad,PG-PENDING-435420-905ddd718d,,needs_review,기초지수 명시; 운용사·공식 출처 URL 존재; 자산군·투자대상 추출(채권/미국 채권 만기미확인 등급미확인),가능,세부 투자대상 또는 만기·구성비율 미확인
KR7435530001,435530,KIWOOM TDF2030액티브 적격,Dow Jones Target 2030 Index (Total Return),혼합자산,미국,혼합자산,혼합자산,구성비율 미확인,혼합자산-구성비율-미확인-9c1ef5c7e4,plain,mixed_asset,neutral,1X,unhedged,active,unknown,PG-PENDING-435530-12a80c0890,,needs_review,기초지수 명시; 운용사·공식 출처 URL 존재; 자산군·투자대상 추출(혼합자산/구성비율 미확인),가능,세부 투자대상 또는 만기·구성비율 미확인
KR7435540000,435540,KIWOOM TDF2040액티브 적격,Dow Jones Target 2040 Index (Total Return),혼합자산,미국,혼합자산,혼합자산,구성비율 미확인,혼합자산-구성비율-미확인-9c1ef5c7e4,plain,mixed_asset,neutral,1X,unhedged,active,unknown,PG-PENDING-435540-cf47a6f44a,,needs_review,기초지수 명시; 운용사·공식 출처 URL 존재; 자산군·투자대상 추출(혼합자산/구성비율 미확인),가능,세부 투자대상 또는 만기·구성비율 미확인
KR7435550009,435550,KIWOOM TDF2050액티브 적격,Dow Jones Target 2050 Index (Total Return),혼합자산,미국,혼합자산,혼합자산,구성비율 미확인,혼합자산-구성비율-미확인-9c1ef5c7e4,plain,mixed_asset,neutral,1X,unhedged,active,unknown,PG-PENDING-435550-d910fe84cd,,needs_review,기초지수 명시; 운용사·공식 출처 URL 존재; 자산군·투자대상 추출(혼합자산/구성비율 미확인),가능,세부 투자대상 또는 만기·구성비율 미확인
KR7436140008,436140,SOL 종합채권(AA-이상)액티브,"KAP K-종합채권지수(AA-이상, 총수익)",채권,국내,채권,채권,국내 채권 만기미확인 AA,BOND_국내-채권-만기미확인-AA-273392b07e,plain,bond_coupon,neutral,1X,unknown,active,unknown,PG-PENDING-436140-30a2626510,,needs_review,기초지수 명시; 운용사·공식 출처 URL 존재; 자산군·투자대상 추출(채권/국내 채권 만기미확인 AA),가능,세부 투자대상 또는 만기·구성비율 미확인
KR7437070006,437070,KODEX 아시아달러채권ESG플러스액티브,Bloomberg MSCI EM Asia Investment Grade Credit SRI Index(Total Return),채권,글로벌,채권,채권,글로벌 채권 만기미확인 등급미확인,BOND_글로벌-채권-만기미확인-등급미확인-10462c9eac,plain,bond_coupon,neutral,1X,unhedged,active,unknown,PG-PENDING-437070-105e8c2b18,,needs_review,기초지수 명시; 운용사·공식 출처 URL 존재; 자산군·투자대상 추출(채권/글로벌 채권 만기미확인 등급미확인),가능,세부 투자대상 또는 만기·구성비율 미확인
KR7437080005,437080,KODEX 미국종합채권ESG액티브(H),Bloomberg MSCI US Aggregate 2bn ex Securitized SRI Capped Index(Total Return),채권,미국,채권,채권,미국 채권 만기미확인 등급미확인,BOND_미국-채권-만기미확인-등급미확인-4820f5af4f,plain,bond_coupon,neutral,1X,hedged,active,unknown,PG-PENDING-437080-b2f00b52b0,,needs_review,기초지수 명시; 운용사·공식 출처 URL 존재; 자산군·투자대상 추출(채권/미국 채권 만기미확인 등급미확인),가능,세부 투자대상 또는 만기·구성비율 미확인
KR7437350002,437350,RISE 미국단기투자등급회사채액티브,Bloomberg US Corporate 1-5 Years Total Return Index,채권,미국,채권,채권,미국 회사채 단기 등급미확인,BOND_미국-회사채-단기-등급미확인-7f30b963f2,plain,bond_coupon,neutral,1X,unhedged,active,unknown,PG-PENDING-437350-fbf4e6bbe6,,needs_review,기초지수 명시; 운용사·공식 출처 URL 존재; 자산군·투자대상 추출(채권/미국 회사채 단기 등급미확인),가능,세부 투자대상 또는 만기·구성비율 미확인
KR7437370000,437370,RISE 글로벌농업경제,MVIS Global Agribusiness Index(Price Return),주식,글로벌,기타특수구조,미확인 주식전략,글로벌 미확인 주식전략,미확인-주식전략-글로벌-미확인-주식전략-d0f070a455,plain,plain,neutral,1X,unhedged,physical_or_unspecified,unknown,PG-PENDING-437370-d82cea216d,,needs_review,기초지수 명시; 운용사·공식 출처 URL 존재; 자산군·투자대상 추출(주식/글로벌 미확인 주식전략),가능,직접 비교에 필요한 주식 전략·투자대상 미확인; 세부 투자대상 또는 만기·구성비율 미확인
KR7438080004,438080,ACE 미국S&P500미국채혼합50액티브,S&P 500 and Short-Term Treasury 50/50 Blend Index,채권,미국,채권,채권,미국 국채 만기미확인 등급미확인,S&P500,inverse,bond_coupon,short,1X,unhedged,active,broad,PG-PENDING-438080-2a599dcb43,,needs_review,기초지수 명시; 운용사·공식 출처 URL 존재; 상품명 구조표시(inverse); 자산군·투자대상 추출(채권/미국 국채 만기미확인 등급미확인),가능,세부 투자대상 또는 만기·구성비율 미확인
KR7438100000,438100,ACE 미국나스닥100미국채혼합50액티브,NASDAQ-100 US T-Bills 50/50 Index,채권,미국,채권,채권,미국 국채 만기미확인 등급미확인,NASDAQ100,plain,bond_coupon,neutral,1X,unhedged,active,broad,PG-PENDING-438100-cd41b8586a,,needs_review,기초지수 명시; 운용사·공식 출처 URL 존재; 자산군·투자대상 추출(채권/미국 국채 만기미확인 등급미확인),가능,세부 투자대상 또는 만기·구성비율 미확인
KR7438320004,438320,TIGER 차이나항셍테크레버리지(합성 H),Hang Seng TECH Index,주식,중국,기타특수구조,미확인 주식전략,중국 미확인 주식전략,미확인-주식전략-중국-미확인-주식전략-526c3d6249,leveraged,leveraged,long,2X,hedged,synthetic,unknown,PG-PENDING-438320-b87fedf8f8,,needs_review,기초지수 명시; 운용사·공식 출처 URL 존재; 상품명 구조표시(leveraged); 자산군·투자대상 추출(주식/중국 미확인 주식전략),불가,직접 비교에 필요한 주식 전략·투자대상 미확인; 세부 투자대상 또는 만기·구성비율 미확인
KR7438330003,438330,TIGER 우량회사채액티브,KIS 투자등급회사채 지수(총수익),채권,국내,채권,채권,국내 회사채 만기미확인 등급미확인,BOND_국내-회사채-만기미확인-등급미확인-2695c4f395,plain,bond_coupon,neutral,1X,unknown,active,unknown,PG-PENDING-438330-f5e28ed9b4,,needs_review,기초지수 명시; 운용사·공식 출처 URL 존재; 자산군·투자대상 추출(채권/국내 회사채 만기미확인 등급미확인),가능,세부 투자대상 또는 만기·구성비율 미확인
KR7438560005,438560,SOL 국고채3년,KAP 국고채3년지수(총수익지수),채권,국내,채권,채권,국내 채권 단기 등급미확인,BOND_국내-채권-단기-등급미확인-afa2e5ef57,plain,bond_coupon,neutral,1X,unknown,physical_or_unspecified,unknown,PG-PENDING-438560-478d5acf83,,needs_review,기초지수 명시; 운용사·공식 출처 URL 존재; 자산군·투자대상 추출(채권/국내 채권 단기 등급미확인),가능,세부 투자대상 또는 만기·구성비율 미확인
KR7438570004,438570,SOL 국고채10년,KAP 국고채10년지수(총수익지수),채권,국내,채권,채권,국내 채권 장기 등급미확인,BOND_국내-채권-장기-등급미확인-f457d22418,plain,bond_coupon,neutral,1X,unknown,physical_or_unspecified,unknown,PG-PENDING-438570-c6ffc008e1,,needs_review,기초지수 명시; 운용사·공식 출처 URL 존재; 자산군·투자대상 추출(채권/국내 채권 장기 등급미확인),가능,세부 투자대상 또는 만기·구성비율 미확인
KR7438740003,438740,MIDAS 중소형액티브,코스피 중형주,주식,국내,기타특수구조,미확인 주식전략,국내 미확인 주식전략,미확인-주식전략-국내-미확인-주식전략-46eed209b8,plain,plain,neutral,1X,unknown,active,unknown,PG-PENDING-438740-fb98dcbd77,,needs_review,기초지수 명시; 자산군·투자대상 추출(주식/국내 미확인 주식전략),,직접 비교에 필요한 주식 전략·투자대상 미확인; 세부 투자대상 또는 만기·구성비율 미확인
KR7438900003,438900,HANARO Fn K-푸드,FnGuide K-푸드 지수 (시장가격),주식,국내,기타특수구조,미확인 주식전략,국내 미확인 주식전략,미확인-주식전략-국내-미확인-주식전략-46eed209b8,plain,plain,neutral,1X,unknown,physical_or_unspecified,unknown,PG-PENDING-438900-2bb486074d,,needs_review,기초지수 명시; 운용사·공식 출처 URL 존재; 자산군·투자대상 추출(주식/국내 미확인 주식전략),가능,직접 비교에 필요한 주식 전략·투자대상 미확인; 세부 투자대상 또는 만기·구성비율 미확인
KR7439860008,439860,KODEX ESG종합채권(A-이상)액티브,"KAP ESG 종합채권지수(A- 이상, 총수익)",채권,국내,채권,채권,국내 채권 만기미확인 등급미확인,BOND_국내-채권-만기미확인-등급미확인-893e3e68b3,plain,bond_coupon,neutral,1X,unknown,active,unknown,PG-PENDING-439860-3ea213d530,,needs_review,기초지수 명시; 운용사·공식 출처 URL 존재; 자산군·투자대상 추출(채권/국내 채권 만기미확인 등급미확인),가능,세부 투자대상 또는 만기·구성비율 미확인
KR7439870007,439870,KODEX 국고채30년액티브,KAP 국고채 30년 총수익 지수,채권,국내,채권,채권,국내 채권 장기 등급미확인,BOND_국내-채권-장기-등급미확인-f457d22418,plain,bond_coupon,neutral,1X,unknown,active,unknown,PG-PENDING-439870-61ea2cd7dc,,needs_review,기초지수 명시; 운용사·공식 출처 URL 존재; 자산군·투자대상 추출(채권/국내 채권 장기 등급미확인),가능,세부 투자대상 또는 만기·구성비율 미확인
KR7440340008,440340,TIGER 글로벌멀티에셋TIF액티브,INDXX 멀티에셋인컴 지수(시장가격 지수),혼합자산,글로벌,혼합자산,혼합자산,구성비율 미확인,혼합자산-구성비율-미확인-9c1ef5c7e4,plain,mixed_asset,neutral,1X,unhedged,active,unknown,PG-PENDING-440340-1a8ffed855,,needs_review,기초지수 명시; 운용사·공식 출처 URL 존재; 자산군·투자대상 추출(혼합자산/구성비율 미확인),가능,세부 투자대상 또는 만기·구성비율 미확인
KR7440650000,440650,ACE 미국달러단기채권액티브,Bloomberg Short-Term Treasury Total Return Index,채권,미국,채권,채권,미국 국채 단기 등급미확인,BOND_미국-국채-단기-등급미확인-57eca34812,inverse,bond_coupon,short,1X,unhedged,active,unknown,PG-PENDING-440650-0a7122e549,,needs_review,기초지수 명시; 운용사·공식 출처 URL 존재; 상품명 구조표시(inverse); 자산군·투자대상 추출(채권/미국 국채 단기 등급미확인),가능,세부 투자대상 또는 만기·구성비율 미확인
KR7440910008,440910,WON 미국우주항공방산,S&P Aerospace & Defense Select Industry Index(PR),채권,미국,채권,채권,미국 국채 만기미확인 등급미확인,BOND_미국-국채-만기미확인-등급미확인-6e6ab9de27,plain,bond_coupon,neutral,1X,unhedged,physical_or_unspecified,unknown,PG-PENDING-440910-96f60ca540,,conflict,기초지수 명시; 자산군·투자대상 추출(채권/미국 국채 만기미확인 등급미확인),,세부 투자대상 또는 만기·구성비율 미확인; 기존 자산분류와 비교분류 추론값 충돌
KR7441800000,441800,TIME Korea플러스배당액티브,코스피 200,주식,국내,기타특수구조,미확인 주식전략,국내 미확인 주식전략,미확인-주식전략-국내-미확인-주식전략-46eed209b8,plain,plain,neutral,1X,unknown,active,broad,PG-PENDING-441800-961e5c04a8,,needs_review,기초지수 명시; 자산군·투자대상 추출(주식/국내 미확인 주식전략),,직접 비교에 필요한 주식 전략·투자대상 미확인; 세부 투자대상 또는 만기·구성비율 미확인
KR7442090007,442090,에셋플러스 코리아대장장이액티브,FnGuide 대장장이 지수(Price Return),주식,국내,기타특수구조,미확인 주식전략,국내 미확인 주식전략,미확인-주식전략-국내-미확인-주식전략-46eed209b8,plain,plain,neutral,1X,unknown,active,unknown,PG-PENDING-442090-d7fedee317,,needs_review,기초지수 명시; 자산군·투자대상 추출(주식/국내 미확인 주식전략),,직접 비교에 필요한 주식 전략·투자대상 미확인; 세부 투자대상 또는 만기·구성비율 미확인
KR7442260006,442260,마이티 다이나믹퀀트액티브,코스피 200,주식,국내,기타특수구조,미확인 주식전략,국내 미확인 주식전략,미확인-주식전략-국내-미확인-주식전략-46eed209b8,plain,plain,neutral,1X,unknown,active,broad,PG-PENDING-442260-2259920d2b,,needs_review,기초지수 명시; 자산군·투자대상 추출(주식/국내 미확인 주식전략),,직접 비교에 필요한 주식 전략·투자대상 미확인; 세부 투자대상 또는 만기·구성비율 미확인
KR7442550000,442550,RISE TDF2030액티브 적격,iSelect 전략적자산배분 TDF 2030 지수,혼합자산,글로벌,혼합자산,혼합자산,구성비율 미확인,혼합자산-구성비율-미확인-9c1ef5c7e4,plain,mixed_asset,neutral,1X,unknown,active,unknown,PG-PENDING-442550-2f82bf4c62,,needs_review,기초지수 명시; 운용사·공식 출처 URL 존재; 자산군·투자대상 추출(혼합자산/구성비율 미확인),https://www.riseetf.co.kr/prod/finderDetail/44D3,세부 투자대상 또는 만기·구성비율 미확인
KR7442560009,442560,RISE TDF2040액티브 적격,iSelect 전략적자산배분 TDF 2040 지수,혼합자산,글로벌,혼합자산,혼합자산,구성비율 미확인,혼합자산-구성비율-미확인-9c1ef5c7e4,plain,mixed_asset,neutral,1X,unknown,active,unknown,PG-PENDING-442560-e98fa6c268,,needs_review,기초지수 명시; 운용사·공식 출처 URL 존재; 자산군·투자대상 추출(혼합자산/구성비율 미확인),https://www.riseetf.co.kr/prod/finderDetail/44D4,세부 투자대상 또는 만기·구성비율 미확인
KR7442570008,442570,RISE TDF2050액티브 적격,iSelect 전략적자산배분 TDF 2050 지수,혼합자산,글로벌,혼합자산,혼합자산,구성비율 미확인,혼합자산-구성비율-미확인-9c1ef5c7e4,plain,mixed_asset,neutral,1X,unknown,active,unknown,PG-PENDING-442570-46c26ade96,,needs_review,기초지수 명시; 운용사·공식 출처 URL 존재; 자산군·투자대상 추출(혼합자산/구성비율 미확인),https://www.riseetf.co.kr/prod/finderDetail/44D5,세부 투자대상 또는 만기·구성비율 미확인
KR7444200000,444200,SOL 코리아메가테크액티브,KEDI 메가테크지수(PR),주식,국내,기타특수구조,미확인 주식전략,국내 미확인 주식전략,미확인-주식전략-국내-미확인-주식전략-46eed209b8,plain,plain,neutral,1X,unknown,active,unknown,PG-PENDING-444200-e1a54d1bcc,,needs_review,기초지수 명시; 운용사·공식 출처 URL 존재; 자산군·투자대상 추출(주식/국내 미확인 주식전략),가능,직접 비교에 필요한 주식 전략·투자대상 미확인; 세부 투자대상 또는 만기·구성비율 미확인
KR7445910003,445910,TIGER MKF배당귀족,MKF 배당귀족 지수(시장가격지수),주식,국내,기타특수구조,미확인 주식전략,국내 미확인 주식전략,미확인-주식전략-국내-미확인-주식전략-46eed209b8,plain,plain,neutral,1X,unknown,physical_or_unspecified,unknown,PG-PENDING-445910-4eab894baa,,needs_review,기초지수 명시; 운용사·공식 출처 URL 존재; 자산군·투자대상 추출(주식/국내 미확인 주식전략),가능,직접 비교에 필요한 주식 전략·투자대상 미확인; 세부 투자대상 또는 만기·구성비율 미확인
KR7447620006,447620,SOL 미국TOP5채권혼합50,Solactive US TOP5 Balanced50 Index(PR),채권,미국,채권,채권,미국 채권 만기미확인 등급미확인,BOND_미국-채권-만기미확인-등급미확인-4820f5af4f,plain,bond_coupon,neutral,1X,unhedged,active,ultra_concentrated,PG-PENDING-447620-b99990b0fd,,needs_review,기초지수 명시; 운용사·공식 출처 URL 존재; 자산군·투자대상 추출(채권/미국 채권 만기미확인 등급미확인),가능,세부 투자대상 또는 만기·구성비율 미확인
KR7447660002,447660,PLUS 애플채권혼합,FnGuide 애플채권혼합 지수,채권,국내,채권,채권,국내 채권 만기미확인 등급미확인,BOND_국내-채권-만기미확인-등급미확인-893e3e68b3,plain,bond_coupon,neutral,1X,unknown,physical_or_unspecified,unknown,PG-PENDING-447660-f00cb54bd6,,needs_review,기초지수 명시; 운용사·공식 출처 URL 존재; 자산군·투자대상 추출(채권/국내 채권 만기미확인 등급미확인),가능,세부 투자대상 또는 만기·구성비율 미확인
KR7447770009,447770,TIGER 테슬라채권혼합Fn,FnGuide 테슬라채권혼합 지수,채권,미국,채권,채권,미국 채권 만기미확인 등급미확인,BOND_미국-채권-만기미확인-등급미확인-4820f5af4f,plain,bond_coupon,neutral,1X,unhedged,physical_or_unspecified,unknown,PG-PENDING-447770-2bf16f8321,,needs_review,기초지수 명시; 운용사·공식 출처 URL 존재; 자산군·투자대상 추출(채권/미국 채권 만기미확인 등급미확인),가능,세부 투자대상 또는 만기·구성비율 미확인
KR7448100008,448100,WON 200,코스피 200,주식,국내,기타특수구조,미확인 주식전략,국내 미확인 주식전략,미확인-주식전략-국내-미확인-주식전략-46eed209b8,plain,plain,neutral,1X,unknown,physical_or_unspecified,broad,PG-PENDING-448100-dfdd9b2a50,,needs_review,기초지수 명시; 자산군·투자대상 추출(주식/국내 미확인 주식전략),,직접 비교에 필요한 주식 전략·투자대상 미확인; 세부 투자대상 또는 만기·구성비율 미확인
KR7448330001,448330,KODEX 삼성전자채권혼합,Wise 삼성전자채권혼합 지수,채권,국내,채권,채권,국내 채권 만기미확인 등급미확인,BOND_국내-채권-만기미확인-등급미확인-893e3e68b3,plain,bond_coupon,neutral,1X,unknown,physical_or_unspecified,unknown,PG-PENDING-448330-790494422d,,needs_review,기초지수 명시; 운용사·공식 출처 URL 존재; 자산군·투자대상 추출(채권/국내 채권 만기미확인 등급미확인),가능,세부 투자대상 또는 만기·구성비율 미확인
KR7448490003,448490,HANARO 32-10 국고채액티브,KAP 32-10 국고채 10년 총수익지수,채권,국내,채권,채권,국내 채권 장기 등급미확인,BOND_국내-채권-장기-등급미확인-f457d22418,plain,bond_coupon,neutral,1X,unknown,active,unknown,PG-PENDING-448490-0dd0cafc32,,needs_review,기초지수 명시; 운용사·공식 출처 URL 존재; 자산군·투자대상 추출(채권/국내 채권 장기 등급미확인),가능,세부 투자대상 또는 만기·구성비율 미확인
KR7448540005,448540,ACE 엔비디아채권혼합,Bloomberg Blended NVIDIA Equity and Korean Bond Index,채권,미국,채권,채권,미국 채권 만기미확인 등급미확인,BOND_미국-채권-만기미확인-등급미확인-4820f5af4f,plain,bond_coupon,neutral,1X,unhedged,physical_or_unspecified,unknown,PG-PENDING-448540-93f04c78d2,,needs_review,기초지수 명시; 운용사·공식 출처 URL 존재; 자산군·투자대상 추출(채권/미국 채권 만기미확인 등급미확인),가능,세부 투자대상 또는 만기·구성비율 미확인
KR7448570002,448570,FOCUS AI코리아액티브,코스피,주식,국내,기타특수구조,미확인 주식전략,국내 미확인 주식전략,미확인-주식전략-국내-미확인-주식전략-46eed209b8,plain,plain,neutral,1X,unknown,active,unknown,PG-PENDING-448570-2e32ce5a18,,needs_review,기초지수 명시; 자산군·투자대상 추출(주식/국내 미확인 주식전략),,직접 비교에 필요한 주식 전략·투자대상 미확인; 세부 투자대상 또는 만기·구성비율 미확인
KR7448630004,448630,RISE 삼성그룹Top3채권혼합,Bloomberg Blended Samsung Group Fixed Top 3 Equity and Korean Bond Index,채권,국내,채권,채권,국내 채권 만기미확인 등급미확인,BOND_국내-채권-만기미확인-등급미확인-893e3e68b3,plain,bond_coupon,neutral,1X,unknown,physical_or_unspecified,ultra_concentrated,PG-PENDING-448630-2dba06f9df,,needs_review,기초지수 명시; 운용사·공식 출처 URL 존재; 자산군·투자대상 추출(채권/국내 채권 만기미확인 등급미확인),가능,세부 투자대상 또는 만기·구성비율 미확인
KR7449580000,449580,RISE 테슬라애플아마존채권혼합,iSelect 테슬라 애플 아마존 채권혼합지수(Price Return),채권,미국,채권,채권,미국 채권 만기미확인 등급미확인,BOND_미국-채권-만기미확인-등급미확인-4820f5af4f,plain,bond_coupon,neutral,1X,unhedged,physical_or_unspecified,unknown,PG-PENDING-449580-8990da58c2,,needs_review,기초지수 명시; 운용사·공식 출처 URL 존재; 자산군·투자대상 추출(채권/미국 채권 만기미확인 등급미확인),가능,세부 투자대상 또는 만기·구성비율 미확인
KR7449680008,449680,TIGER 한중전기차(합성),KRX CSI 한·중 전기차지수,주식,국내,기타특수구조,미확인 주식전략,국내 미확인 주식전략,미확인-주식전략-국내-미확인-주식전략-46eed209b8,plain,plain,neutral,1X,unknown,synthetic,unknown,PG-PENDING-449680-0f50edacd7,,needs_review,기초지수 명시; 운용사·공식 출처 URL 존재; 자산군·투자대상 추출(주식/국내 미확인 주식전략),가능,직접 비교에 필요한 주식 전략·투자대상 미확인; 세부 투자대상 또는 만기·구성비율 미확인
KR7450180005,450180,KODEX 한중전기차(합성),KRX CSI 한·중 전기차지수,주식,국내,기타특수구조,미확인 주식전략,국내 미확인 주식전략,미확인-주식전략-국내-미확인-주식전략-46eed209b8,plain,plain,neutral,1X,unknown,synthetic,unknown,PG-PENDING-450180-b3a566b06d,,needs_review,기초지수 명시; 운용사·공식 출처 URL 존재; 자산군·투자대상 추출(주식/국내 미확인 주식전략),가능,직접 비교에 필요한 주식 전략·투자대상 미확인; 세부 투자대상 또는 만기·구성비율 미확인
KR7450910005,450910,SOL 코스닥150,코스닥 150,주식,국내,기타특수구조,미확인 주식전략,국내 미확인 주식전략,미확인-주식전략-국내-미확인-주식전략-46eed209b8,plain,plain,neutral,1X,unknown,physical_or_unspecified,unknown,PG-PENDING-450910-cae04916ed,,needs_review,기초지수 명시; 운용사·공식 출처 URL 존재; 자산군·투자대상 추출(주식/국내 미확인 주식전략),가능,직접 비교에 필요한 주식 전략·투자대상 미확인; 세부 투자대상 또는 만기·구성비율 미확인
KR7451000004,451000,PLUS 종합채권(AA-이상)액티브,"KAP 종합채권지수(AA-이상, 총수익)",채권,국내,채권,채권,국내 채권 만기미확인 AA,BOND_국내-채권-만기미확인-AA-273392b07e,plain,bond_coupon,neutral,1X,unknown,active,unknown,PG-PENDING-451000-f3530154fe,,needs_review,기초지수 명시; 운용사·공식 출처 URL 존재; 자산군·투자대상 추출(채권/국내 채권 만기미확인 AA),가능,세부 투자대상 또는 만기·구성비율 미확인
KR7451060008,451060,1Q 200액티브,코스피 200,주식,국내,기타특수구조,미확인 주식전략,국내 미확인 주식전략,미확인-주식전략-국내-미확인-주식전략-46eed209b8,plain,plain,neutral,1X,unknown,active,broad,PG-PENDING-451060-fbea9ba8a1,,needs_review,기초지수 명시; 자산군·투자대상 추출(주식/국내 미확인 주식전략),,직접 비교에 필요한 주식 전략·투자대상 미확인; 세부 투자대상 또는 만기·구성비율 미확인
KR7451530000,451530,TIGER 국고채30년스트립액티브,KIS STRIP 30Y Index(총수익지수),채권,국내,채권,채권,국내 채권 장기 등급미확인,BOND_국내-채권-장기-등급미확인-f457d22418,plain,bond_coupon,neutral,1X,unknown,active,unknown,PG-PENDING-451530-ae420e5d1b,,needs_review,기초지수 명시; 운용사·공식 출처 URL 존재; 자산군·투자대상 추출(채권/국내 채권 장기 등급미확인),가능,세부 투자대상 또는 만기·구성비율 미확인
KR7451540009,451540,TIGER 종합채권(AA-이상)액티브,KIS 종합채권 AA-이상 총수익 지수(Total return Index),채권,국내,채권,채권,국내 채권 만기미확인 AA,BOND_국내-채권-만기미확인-AA-273392b07e,plain,bond_coupon,neutral,1X,unknown,active,unknown,PG-PENDING-451540-392ff12e4a,,needs_review,기초지수 명시; 운용사·공식 출처 URL 존재; 자산군·투자대상 추출(채권/국내 채권 만기미확인 AA),가능,세부 투자대상 또는 만기·구성비율 미확인
KR7451600001,451600,PLUS 국고채30년액티브,KAP 국고채 30년 지수(총수익),채권,국내,채권,채권,국내 채권 장기 등급미확인,BOND_국내-채권-장기-등급미확인-f457d22418,plain,bond_coupon,neutral,1X,unknown,active,unknown,PG-PENDING-451600-b9d45530c5,,needs_review,기초지수 명시; 운용사·공식 출처 URL 존재; 자산군·투자대상 추출(채권/국내 채권 장기 등급미확인),가능,세부 투자대상 또는 만기·구성비율 미확인
KR7451670004,451670,RISE 국채30년레버리지(합성),KAP 국채30년 TR 지수(총수익),채권,국내,채권,채권,국내 국채 장기 등급미확인,BOND_국내-국채-장기-등급미확인-46cc7d575b,leveraged,bond_coupon,long,2X,unknown,synthetic,unknown,PG-PENDING-451670-ace7a41b84,,needs_review,기초지수 명시; 운용사·공식 출처 URL 존재; 상품명 구조표시(leveraged); 자산군·투자대상 추출(채권/국내 국채 장기 등급미확인),불가,세부 투자대상 또는 만기·구성비율 미확인
KR7452250004,452250,ACE 미국30년국채선물레버리지(합성 H),S&P Ultra T-Bond Futures Index(ER),채권,미국,채권,채권,미국 국채 장기 등급미확인,BOND_미국-국채-장기-등급미확인-047cbda7f5,leveraged,bond_coupon,long,2X,hedged,synthetic,unknown,PG-PENDING-452250-a67854c296,,needs_review,기초지수 명시; 운용사·공식 출처 URL 존재; 상품명 구조표시(leveraged); 자산군·투자대상 추출(채권/미국 국채 장기 등급미확인),불가,세부 투자대상 또는 만기·구성비율 미확인
KR7453810004,453810,KODEX 인도Nifty50,Nifty 50 Index,주식,인도,기타특수구조,미확인 주식전략,인도 미확인 주식전략,미확인-주식전략-인도-미확인-주식전략-69bd615628,plain,plain,neutral,1X,unhedged,physical_or_unspecified,unknown,PG-PENDING-453810-132ce53c7e,,needs_review,기초지수 명시; 운용사·공식 출처 URL 존재; 자산군·투자대상 추출(주식/인도 미확인 주식전략),가능,직접 비교에 필요한 주식 전략·투자대상 미확인; 세부 투자대상 또는 만기·구성비율 미확인
KR7453820003,453820,KODEX 인도Nifty50레버리지(합성),Nifty 50 Index,주식,인도,기타특수구조,미확인 주식전략,인도 미확인 주식전략,미확인-주식전략-인도-미확인-주식전략-69bd615628,leveraged,leveraged,long,2X,unhedged,synthetic,unknown,PG-PENDING-453820-87504f8c5d,,needs_review,기초지수 명시; 운용사·공식 출처 URL 존재; 상품명 구조표시(leveraged); 자산군·투자대상 추출(주식/인도 미확인 주식전략),불가,직접 비교에 필요한 주식 전략·투자대상 미확인; 세부 투자대상 또는 만기·구성비율 미확인
KR7453850000,453850,ACE 미국30년국채액티브(H),Bloomberg U.S Treasury 20+ Year Total Return Index,채권,미국,채권,채권,미국 국채 장기 등급미확인,BOND_미국-국채-장기-등급미확인-047cbda7f5,plain,bond_coupon,neutral,1X,hedged,active,unknown,PG-PENDING-453850-05449ae70f,,needs_review,기초지수 명시; 운용사·공식 출처 URL 존재; 자산군·투자대상 추출(채권/미국 국채 장기 등급미확인),가능,세부 투자대상 또는 만기·구성비율 미확인
KR7453870008,453870,TIGER 인도니프티50,Nifty 50 Index,주식,인도,기타특수구조,미확인 주식전략,인도 미확인 주식전략,미확인-주식전략-인도-미확인-주식전략-69bd615628,plain,plain,neutral,1X,unhedged,physical_or_unspecified,unknown,PG-PENDING-453870-74e51d4ff3,,needs_review,기초지수 명시; 운용사·공식 출처 URL 존재; 자산군·투자대상 추출(주식/인도 미확인 주식전략),가능,직접 비교에 필요한 주식 전략·투자대상 미확인; 세부 투자대상 또는 만기·구성비율 미확인
KR7453950008,453950,TIGER TSMC파운드리밸류체인,FactSet TSMC 파운드리 밸류체인 지수(시장가격지수),주식,기타국가,기타특수구조,미확인 주식전략,기타국가 미확인 주식전략,미확인-주식전략-기타국가-미확인-주식전략-cd16f2b14c,plain,plain,neutral,1X,unhedged,physical_or_unspecified,unknown,PG-PENDING-453950-f596a66c6d,,needs_review,기초지수 명시; 운용사·공식 출처 URL 존재; 자산군·투자대상 추출(주식/기타국가 미확인 주식전략),가능,직접 비교에 필요한 주식 전략·투자대상 미확인; 세부 투자대상 또는 만기·구성비율 미확인
KR7454180001,454180,KIWOOM 차이나내수소비TOP CSI,CSI SH-HK-SZ Consumer Top Index,주식,국내,기타특수구조,미확인 주식전략,국내 미확인 주식전략,미확인-주식전략-국내-미확인-주식전략-46eed209b8,plain,plain,neutral,1X,unhedged,physical_or_unspecified,unknown,PG-PENDING-454180-b8958c61a9,,needs_review,기초지수 명시; 운용사·공식 출처 URL 존재; 자산군·투자대상 추출(주식/국내 미확인 주식전략),가능,직접 비교에 필요한 주식 전략·투자대상 미확인; 세부 투자대상 또는 만기·구성비율 미확인
KR7454320003,454320,HANARO CAPEX설비투자iSelect,iSelect CAPEX 설비투자 지수(시장가격),주식,국내,기타특수구조,미확인 주식전략,국내 미확인 주식전략,미확인-주식전략-국내-미확인-주식전략-46eed209b8,plain,plain,neutral,1X,unknown,physical_or_unspecified,unknown,PG-PENDING-454320-f506fca3e2,,needs_review,기초지수 명시; 운용사·공식 출처 URL 존재; 자산군·투자대상 추출(주식/국내 미확인 주식전략),가능,직접 비교에 필요한 주식 전략·투자대상 미확인; 세부 투자대상 또는 만기·구성비율 미확인
KR7454780008,454780,KIWOOM 종합채권(AA-이상)액티브,KIS 종합 채권시장지수(AA-이상)(총수익지수),채권,국내,채권,채권,국내 채권 만기미확인 AA,BOND_국내-채권-만기미확인-AA-273392b07e,plain,bond_coupon,neutral,1X,unknown,active,unknown,PG-PENDING-454780-bc2619f5b7,,needs_review,기초지수 명시; 운용사·공식 출처 URL 존재; 자산군·투자대상 추출(채권/국내 채권 만기미확인 AA),가능,세부 투자대상 또는 만기·구성비율 미확인
KR7455660001,455660,ACE 미국하이일드액티브(H),iBoxx USD Liquid High Yield Total Return Index,채권,미국,채권,채권,미국 채권 만기미확인 HY,BOND_미국-채권-만기미확인-HY-1c329cf5f5,plain,bond_coupon,neutral,1X,hedged,active,unknown,PG-PENDING-455660-34b8cae226,,needs_review,기초지수 명시; 운용사·공식 출처 URL 존재; 자산군·투자대상 추출(채권/미국 채권 만기미확인 HY),가능,세부 투자대상 또는 만기·구성비율 미확인
KR7456250000,456250,KODEX 유럽명품TOP10 STOXX,STOXX Europe Luxury 10 Index(Price Return),주식,유럽,기타특수구조,미확인 주식전략,유럽 미확인 주식전략,미확인-주식전략-유럽-미확인-주식전략-fda82dbade,plain,plain,neutral,1X,unhedged,physical_or_unspecified,concentrated,PG-PENDING-456250-f589976faa,,needs_review,기초지수 명시; 운용사·공식 출처 URL 존재; 자산군·투자대상 추출(주식/유럽 미확인 주식전략),가능,직접 비교에 필요한 주식 전략·투자대상 미확인; 세부 투자대상 또는 만기·구성비율 미확인
KR7457690006,457690,KODEX 33-06 국고채액티브,KAP 33-06 국고채 총수익 지수,채권,국내,채권,채권,국내 채권 만기미확인 등급미확인,BOND_국내-채권-만기미확인-등급미확인-893e3e68b3,plain,bond_coupon,neutral,1X,unknown,active,unknown,PG-PENDING-457690-e4414fde68,,needs_review,기초지수 명시; 운용사·공식 출처 URL 존재; 자산군·투자대상 추출(채권/국내 채권 만기미확인 등급미확인),가능,세부 투자대상 또는 만기·구성비율 미확인
KR7457700003,457700,KODEX 53-09 국고채액티브,KAP 53-09 국고채 총수익 지수,채권,국내,채권,채권,국내 채권 만기미확인 등급미확인,BOND_국내-채권-만기미확인-등급미확인-893e3e68b3,plain,bond_coupon,neutral,1X,unknown,active,unknown,PG-PENDING-457700-d658c9edce,,needs_review,기초지수 명시; 운용사·공식 출처 URL 존재; 자산군·투자대상 추출(채권/국내 채권 만기미확인 등급미확인),가능,세부 투자대상 또는 만기·구성비율 미확인
KR7457930006,457930,BNK 미래전략기술액티브,iSelect 미래전략기술 지수 (PR),주식,국내,기타특수구조,미확인 주식전략,국내 미확인 주식전략,미확인-주식전략-국내-미확인-주식전략-46eed209b8,plain,plain,neutral,1X,unknown,active,unknown,PG-PENDING-457930-640dedd3e6,,needs_review,기초지수 명시; 자산군·투자대상 추출(주식/국내 미확인 주식전략),,직접 비교에 필요한 주식 전략·투자대상 미확인; 세부 투자대상 또는 만기·구성비율 미확인
KR7458250008,458250,TIGER 미국30년국채스트립액티브(합성 H),ICE BofA Long US Treasury Principal STRIPS Index,채권,미국,채권,채권,미국 국채 장기 등급미확인,BOND_미국-국채-장기-등급미확인-047cbda7f5,plain,bond_coupon,neutral,1X,hedged,synthetic,unknown,PG-PENDING-458250-57235b6acb,,needs_review,기초지수 명시; 운용사·공식 출처 URL 존재; 자산군·투자대상 추출(채권/미국 국채 장기 등급미확인),가능,세부 투자대상 또는 만기·구성비율 미확인
KR7458260007,458260,TIGER 미국투자등급회사채액티브(H),iBoxx USD Liquid Investment Grade Index(Price Return),채권,미국,채권,채권,미국 회사채 만기미확인 등급미확인,BOND_미국-회사채-만기미확인-등급미확인-4514d1a9e5,plain,bond_coupon,neutral,1X,hedged,active,unknown,PG-PENDING-458260-c65f532337,,needs_review,기초지수 명시; 운용사·공식 출처 URL 존재; 자산군·투자대상 추출(채권/미국 회사채 만기미확인 등급미확인),가능,세부 투자대상 또는 만기·구성비율 미확인
KR7459750006,459750,RISE 글로벌주식분산액티브,Bloomberg Global Equity Market Weighted Index(Price Return),주식,글로벌,기타특수구조,미확인 주식전략,글로벌 미확인 주식전략,미확인-주식전략-글로벌-미확인-주식전략-d0f070a455,plain,plain,neutral,1X,unhedged,active,unknown,PG-PENDING-459750-8fda756839,,needs_review,기초지수 명시; 운용사·공식 출처 URL 존재; 자산군·투자대상 추출(주식/글로벌 미확인 주식전략),가능,직접 비교에 필요한 주식 전략·투자대상 미확인; 세부 투자대상 또는 만기·구성비율 미확인
KR7460960008,460960,ACE 글로벌인컴TOP10,Solactive Global Superior Income TOP 10 Price Return Index,주식,글로벌,기타특수구조,미확인 주식전략,글로벌 미확인 주식전략,미확인-주식전략-글로벌-미확인-주식전략-d0f070a455,plain,plain,neutral,1X,unhedged,active,concentrated,PG-PENDING-460960-29a88784ff,,needs_review,기초지수 명시; 운용사·공식 출처 URL 존재; 자산군·투자대상 추출(주식/글로벌 미확인 주식전략),가능,직접 비교에 필요한 주식 전략·투자대상 미확인; 세부 투자대상 또는 만기·구성비율 미확인
KR7461340002,461340,HANARO 글로벌생성형AI액티브,Solactive United States Technology 100 Index(Price Return),주식,글로벌,기타특수구조,미확인 주식전략,글로벌 미확인 주식전략,미확인-주식전략-글로벌-미확인-주식전략-d0f070a455,plain,plain,neutral,1X,unhedged,active,broad,PG-PENDING-461340-28f4d369a5,,needs_review,기초지수 명시; 운용사·공식 출처 URL 존재; 자산군·투자대상 추출(주식/글로벌 미확인 주식전략),가능,직접 비교에 필요한 주식 전략·투자대상 미확인; 세부 투자대상 또는 만기·구성비율 미확인
KR7461450009,461450,KODEX 코스닥글로벌,코스닥 글로벌 지수,주식,국내,기타특수구조,미확인 주식전략,국내 미확인 주식전략,미확인-주식전략-국내-미확인-주식전략-46eed209b8,plain,plain,neutral,1X,unhedged,physical_or_unspecified,unknown,PG-PENDING-461450-f46c65b66b,,needs_review,기초지수 명시; 운용사·공식 출처 URL 존재; 자산군·투자대상 추출(주식/국내 미확인 주식전략),가능,직접 비교에 필요한 주식 전략·투자대상 미확인; 세부 투자대상 또는 만기·구성비율 미확인
KR7461460008,461460,PLUS 국고채10년액티브,KAP 국고채 10년 동일가중 지수(총수익),채권,국내,채권,채권,국내 채권 장기 등급미확인,BOND_국내-채권-장기-등급미확인-f457d22418,plain,bond_coupon,neutral,1X,unknown,active,unknown,PG-PENDING-461460-762dc6c7a4,,needs_review,기초지수 명시; 운용사·공식 출처 URL 존재; 자산군·투자대상 추출(채권/국내 채권 장기 등급미확인),가능,세부 투자대상 또는 만기·구성비율 미확인
KR7461490005,461490,RISE 글로벌자산배분액티브,Bloomberg Multi-Asset Weighted (KRW ETFs) 지수(시장가격),혼합자산,글로벌,혼합자산,혼합자산,구성비율 미확인,혼합자산-구성비율-미확인-9c1ef5c7e4,plain,mixed_asset,neutral,1X,unhedged,active,unknown,PG-PENDING-461490-383576b351,,needs_review,기초지수 명시; 운용사·공식 출처 URL 존재; 자산군·투자대상 추출(혼합자산/구성비율 미확인),가능,세부 투자대상 또는 만기·구성비율 미확인
KR7461500001,461500,HANARO 종합채권(AA-이상)액티브,KAP 종합채권 총수익지수(AA-이상),채권,국내,채권,채권,국내 채권 만기미확인 AA,BOND_국내-채권-만기미확인-AA-273392b07e,plain,bond_coupon,neutral,1X,unknown,active,unknown,PG-PENDING-461500-08956a72f0,,needs_review,기초지수 명시; 운용사·공식 출처 URL 존재; 자산군·투자대상 추출(채권/국내 채권 만기미확인 AA),가능,세부 투자대상 또는 만기·구성비율 미확인
KR7461580003,461580,TIGER 코스닥글로벌,코스닥 글로벌 지수,주식,국내,기타특수구조,미확인 주식전략,국내 미확인 주식전략,미확인-주식전략-국내-미확인-주식전략-46eed209b8,plain,plain,neutral,1X,unhedged,physical_or_unspecified,unknown,PG-PENDING-461580-fa7abc2aba,,needs_review,기초지수 명시; 운용사·공식 출처 URL 존재; 자산군·투자대상 추출(주식/국내 미확인 주식전략),가능,직접 비교에 필요한 주식 전략·투자대상 미확인; 세부 투자대상 또는 만기·구성비율 미확인
KR7461600009,461600,SOL 미국30년국채액티브(H),KAP 미국채 20Y+ 지수(시장가격),채권,미국,채권,채권,미국 국채 장기 등급미확인,BOND_미국-국채-장기-등급미확인-047cbda7f5,plain,bond_coupon,neutral,1X,hedged,active,unknown,PG-PENDING-461600-fa3b4f4227,,needs_review,기초지수 명시; 운용사·공식 출처 URL 존재; 자산군·투자대상 추출(채권/미국 국채 장기 등급미확인),가능,세부 투자대상 또는 만기·구성비율 미확인
KR7461900003,461900,PLUS 미국테크TOP10,iSelect 미국 Tech 10 지수,주식,미국,기타특수구조,미확인 주식전략,미국 미확인 주식전략,미확인-주식전략-미국-미확인-주식전략-bf6afc4d9f,plain,plain,neutral,1X,unhedged,physical_or_unspecified,concentrated,PG-PENDING-461900-910dad86e2,,needs_review,기초지수 명시; 운용사·공식 출처 URL 존재; 자산군·투자대상 추출(주식/미국 미확인 주식전략),가능,직접 비교에 필요한 주식 전략·투자대상 미확인; 세부 투자대상 또는 만기·구성비율 미확인
KR7461910002,461910,PLUS 미국테크TOP10레버리지(합성),iSelect 미국 Tech 10 지수,주식,미국,기타특수구조,미확인 주식전략,미국 미확인 주식전략,미확인-주식전략-미국-미확인-주식전략-bf6afc4d9f,leveraged,leveraged,long,2X,unhedged,synthetic,concentrated,PG-PENDING-461910-40793d0a92,,needs_review,기초지수 명시; 운용사·공식 출처 URL 존재; 상품명 구조표시(leveraged); 자산군·투자대상 추출(주식/미국 미확인 주식전략),불가,직접 비교에 필요한 주식 전략·투자대상 미확인; 세부 투자대상 또는 만기·구성비율 미확인
KR7463300004,463300,RISE 중국본토CSI300,CSI 300 Index,주식,중국,기타특수구조,미확인 주식전략,중국 미확인 주식전략,미확인-주식전략-중국-미확인-주식전략-526c3d6249,plain,plain,neutral,1X,unhedged,physical_or_unspecified,unknown,PG-PENDING-463300-e099944fc0,,needs_review,기초지수 명시; 운용사·공식 출처 URL 존재; 자산군·투자대상 추출(주식/중국 미확인 주식전략),가능,직접 비교에 필요한 주식 전략·투자대상 미확인; 세부 투자대상 또는 만기·구성비율 미확인
KR7464240001,464240,KIWOOM 26-09회사채(AA-이상)액티브,KIS 2609 만기형 크레딧 종합채권 지수(AA-이상)(총수익지수),채권,국내,채권,채권,국내 회사채 만기미확인 AA,BOND_국내-회사채-만기미확인-AA-971a2814f8,plain,bond_coupon,neutral,1X,unknown,active,unknown,PG-PENDING-464240-d33b6a3277,,needs_review,기초지수 명시; 운용사·공식 출처 URL 존재; 자산군·투자대상 추출(채권/국내 회사채 만기미확인 AA),가능,세부 투자대상 또는 만기·구성비율 미확인
KR7464470004,464470,PLUS 미국채30년액티브,ICE U.S. Treasury 20+ Year Bond Index(Total Return),채권,미국,채권,채권,미국 국채 장기 등급미확인,BOND_미국-국채-장기-등급미확인-047cbda7f5,plain,bond_coupon,neutral,1X,unhedged,active,unknown,PG-PENDING-464470-13ecd4c902,,needs_review,기초지수 명시; 운용사·공식 출처 URL 존재; 자산군·투자대상 추출(채권/미국 국채 장기 등급미확인),가능,세부 투자대상 또는 만기·구성비율 미확인
KR7465580009,465580,ACE 미국빅테크TOP7 Plus,Solactive US Big Tech Top 7 Plus Price Return Index,주식,미국,기타특수구조,미확인 주식전략,미국 미확인 주식전략,미확인-주식전략-미국-미확인-주식전략-bf6afc4d9f,plain,plain,neutral,1X,unhedged,active,unknown,PG-PENDING-465580-4aeefbfd61,,needs_review,기초지수 명시; 운용사·공식 출처 URL 존재; 자산군·투자대상 추출(주식/미국 미확인 주식전략),가능,직접 비교에 필요한 주식 전략·투자대상 미확인; 세부 투자대상 또는 만기·구성비율 미확인
KR7465610004,465610,ACE 미국빅테크TOP7 Plus레버리지(합성),Solactive US Big Tech Top 7 Plus Price Return Index,주식,미국,기타특수구조,미확인 주식전략,미국 미확인 주식전략,미확인-주식전략-미국-미확인-주식전략-bf6afc4d9f,leveraged,leveraged,long,2X,unhedged,synthetic,unknown,PG-PENDING-465610-8e658d7382,,needs_review,기초지수 명시; 운용사·공식 출처 URL 존재; 상품명 구조표시(leveraged); 자산군·투자대상 추출(주식/미국 미확인 주식전략),불가,직접 비교에 필요한 주식 전략·투자대상 미확인; 세부 투자대상 또는 만기·구성비율 미확인
KR7465620003,465620,ACE 미국빅테크TOP7 Plus인버스(합성),Solactive US Big Tech Top 7 Plus Price Return Index,주식,미국,기타특수구조,미확인 주식전략,미국 미확인 주식전략,미확인-주식전략-미국-미확인-주식전략-bf6afc4d9f,inverse,inverse,short,1X,unhedged,synthetic,unknown,PG-PENDING-465620-516be70f1c,,needs_review,기초지수 명시; 운용사·공식 출처 URL 존재; 상품명 구조표시(inverse); 자산군·투자대상 추출(주식/미국 미확인 주식전략),불가,직접 비교에 필요한 주식 전략·투자대상 미확인; 세부 투자대상 또는 만기·구성비율 미확인
KR7465670008,465670,TIGER 미국캐시카우100,Global X U.S. Cash Flow Kings 100 Index(PR),주식,미국,기타특수구조,미확인 주식전략,미국 미확인 주식전략,미확인-주식전략-미국-미확인-주식전략-bf6afc4d9f,plain,plain,neutral,1X,unhedged,physical_or_unspecified,broad,PG-PENDING-465670-d3c94dd75c,,needs_review,기초지수 명시; 운용사·공식 출처 URL 존재; 자산군·투자대상 추출(주식/미국 미확인 주식전략),가능,직접 비교에 필요한 주식 전략·투자대상 미확인; 세부 투자대상 또는 만기·구성비율 미확인
KR7465780005,465780,마이티 26-09 특수채(AAA)액티브,KAP 26-09 특수채 지수(총수익),채권,국내,채권,채권,국내 특수채 만기미확인 AAA,BOND_국내-특수채-만기미확인-AAA-e49adb89d7,plain,bond_coupon,neutral,1X,unknown,active,unknown,PG-PENDING-465780-f208dea8df,,needs_review,기초지수 명시; 자산군·투자대상 추출(채권/국내 특수채 만기미확인 AAA),,세부 투자대상 또는 만기·구성비율 미확인
KR7466940004,466940,TIGER 은행고배당플러스TOP10,FnGuide 은행고배당플러스TOP10 지수(시장가격 지수),원자재,해당없음,원자재,기타원자재,기타원자재 futures,COMMODITY_기타원자재-FUTURES-e9bbd8bb27,plain,futures,neutral,1X,unknown,physical_or_unspecified,concentrated,PG-PENDING-466940-81e46835ac,,conflict,기초지수 명시; 운용사·공식 출처 URL 존재; 자산군·투자대상 추출(원자재/기타원자재 futures),가능,기존 자산분류와 비교분류 추론값 충돌
KR7468370002,468370,KODEX iShares미국인플레이션국채액티브,ICE U.S. Treasury Inflation Linked Bond Index(Total Return),채권,미국,채권,채권,미국 국채 만기미확인 등급미확인,BOND_미국-국채-만기미확인-등급미확인-6e6ab9de27,plain,bond_coupon,neutral,1X,unhedged,active,unknown,PG-PENDING-468370-a5478b89cc,,needs_review,기초지수 명시; 운용사·공식 출처 URL 존재; 자산군·투자대상 추출(채권/미국 국채 만기미확인 등급미확인),가능,세부 투자대상 또는 만기·구성비율 미확인
KR7468380001,468380,KODEX iShares미국하이일드액티브,ICE BofAML US HY Constrained Index(Total Return),채권,미국,채권,채권,미국 채권 만기미확인 HY,BOND_미국-채권-만기미확인-HY-1c329cf5f5,plain,bond_coupon,neutral,1X,unhedged,active,unknown,PG-PENDING-468380-8849460947,,needs_review,기초지수 명시; 운용사·공식 출처 URL 존재; 자산군·투자대상 추출(채권/미국 채권 만기미확인 HY),가능,세부 투자대상 또는 만기·구성비율 미확인
KR7468630009,468630,KODEX iShares미국투자등급회사채액티브,iBoxx USD Liquid Investment Grade Index(Total Return),채권,미국,채권,채권,미국 회사채 만기미확인 등급미확인,BOND_미국-회사채-만기미확인-등급미확인-4514d1a9e5,plain,bond_coupon,neutral,1X,unhedged,active,unknown,PG-PENDING-468630-16744694fc,,needs_review,기초지수 명시; 운용사·공식 출처 URL 존재; 자산군·투자대상 추출(채권/미국 회사채 만기미확인 등급미확인),가능,세부 투자대상 또는 만기·구성비율 미확인
KR7469790000,469790,KIWOOM 코리아테크TOP10,Solactive K-TechTOP10 Index(PR),주식,국내,기타특수구조,미확인 주식전략,국내 미확인 주식전략,미확인-주식전략-국내-미확인-주식전략-46eed209b8,plain,plain,neutral,1X,unknown,active,concentrated,PG-PENDING-469790-6599a87fa7,,needs_review,기초지수 명시; 운용사·공식 출처 URL 존재; 자산군·투자대상 추출(주식/국내 미확인 주식전략),가능,직접 비교에 필요한 주식 전략·투자대상 미확인; 세부 투자대상 또는 만기·구성비율 미확인
KR7469830004,469830,SOL 초단기채권액티브,KAP 단기자금시장지수,채권,국내,채권,채권,국내 채권 초단기 등급미확인,BOND_국내-채권-초단기-등급미확인-2cd6864612,plain,bond_coupon,neutral,1X,unknown,active,unknown,PG-PENDING-469830-229bcebf9b,,conflict,기초지수 명시; 운용사·공식 출처 URL 존재; 자산군·투자대상 추출(채권/국내 채권 초단기 등급미확인),가능,세부 투자대상 또는 만기·구성비율 미확인; 기존 자산분류와 비교분류 추론값 충돌
KR7471230003,471230,KODEX 국고채10년액티브,KAP 국고채 10년 지수(TR),채권,국내,채권,채권,국내 채권 장기 등급미확인,BOND_국내-채권-장기-등급미확인-f457d22418,plain,bond_coupon,neutral,1X,unknown,active,unknown,PG-PENDING-471230-db16958e2a,,needs_review,기초지수 명시; 운용사·공식 출처 URL 존재; 자산군·투자대상 추출(채권/국내 채권 장기 등급미확인),가능,세부 투자대상 또는 만기·구성비율 미확인
KR7471460006,471460,KIWOOM 국고채30년액티브,KIS-키움 국고채30년 지수(총수익지수),채권,국내,채권,채권,국내 채권 장기 등급미확인,BOND_국내-채권-장기-등급미확인-f457d22418,plain,bond_coupon,neutral,1X,unknown,active,unknown,PG-PENDING-471460-8011015345,,needs_review,기초지수 명시; 운용사·공식 출처 URL 존재; 자산군·투자대상 추출(채권/국내 채권 장기 등급미확인),가능,세부 투자대상 또는 만기·구성비율 미확인
KR7471780007,471780,TIGER 코리아테크액티브,KRX 정보기술,주식,국내,기타특수구조,미확인 주식전략,국내 미확인 주식전략,미확인-주식전략-국내-미확인-주식전략-46eed209b8,plain,plain,neutral,1X,unknown,active,unknown,PG-PENDING-471780-e13205f15b,,needs_review,기초지수 명시; 운용사·공식 출처 URL 존재; 자산군·투자대상 추출(주식/국내 미확인 주식전략),가능,직접 비교에 필요한 주식 전략·투자대상 미확인; 세부 투자대상 또는 만기·구성비율 미확인
KR7472150002,472150,TIGER 배당커버드콜액티브,코스피 200 커버드콜 5% OTM,주식,국내,기타특수구조,미확인 주식전략,국내 미확인 주식전략,미확인-주식전략-국내-미확인-주식전략-46eed209b8,covered_call,covered_call,neutral,1X,unknown,active,broad,PG-PENDING-472150-c03c8c2417,,needs_review,기초지수 명시; 운용사·공식 출처 URL 존재; 상품명 구조표시(covered_call); 자산군·투자대상 추출(주식/국내 미확인 주식전략),가능,직접 비교에 필요한 주식 전략·투자대상 미확인; 세부 투자대상 또는 만기·구성비율 미확인
KR7472160001,472160,TIGER 미국테크TOP10 INDXX(H),Indxx US Tech Top 10 Index,주식,미국,기타특수구조,미확인 주식전략,미국 미확인 주식전략,미확인-주식전략-미국-미확인-주식전략-bf6afc4d9f,plain,plain,neutral,1X,hedged,physical_or_unspecified,concentrated,PG-PENDING-472160-5a054b88d3,,needs_review,기초지수 명시; 운용사·공식 출처 URL 존재; 자산군·투자대상 추출(주식/미국 미확인 주식전략),가능,직접 비교에 필요한 주식 전략·투자대상 미확인; 세부 투자대상 또는 만기·구성비율 미확인
KR7472170000,472170,TIGER 미국테크TOP10채권혼합,FnGuide 미국테크TOP10 채권혼합지수,채권,미국,채권,채권,미국 채권 만기미확인 등급미확인,BOND_미국-채권-만기미확인-등급미확인-4820f5af4f,plain,bond_coupon,neutral,1X,unhedged,physical_or_unspecified,concentrated,PG-PENDING-472170-43bd10c7e9,,needs_review,기초지수 명시; 운용사·공식 출처 URL 존재; 자산군·투자대상 추출(채권/미국 채권 만기미확인 등급미확인),TIGER,세부 투자대상 또는 만기·구성비율 미확인
KR7472720002,472720,TRUSTON 주주가치액티브,코스피 200,채권,국내,채권,채권,국내 국채 만기미확인 등급미확인,BOND_국내-국채-만기미확인-등급미확인-bf9416de66,plain,bond_coupon,neutral,1X,unknown,active,broad,PG-PENDING-472720-bb41ba925a,,conflict,기초지수 명시; 자산군·투자대상 추출(채권/국내 국채 만기미확인 등급미확인),,세부 투자대상 또는 만기·구성비율 미확인; 기존 자산분류와 비교분류 추론값 충돌
KR7472830009,472830,RISE 미국30년국채커버드콜(합성),Bloomberg U.S. Treasury 20+ Year (TLT) 2% OTM Covered Call Index(TR),채권,미국,채권,채권,미국 국채 장기 등급미확인,BOND_미국-국채-장기-등급미확인-047cbda7f5,covered_call,bond_coupon,neutral,1X,unhedged,synthetic,unknown,PG-PENDING-472830-59ee7dd618,,needs_review,기초지수 명시; 운용사·공식 출처 URL 존재; 상품명 구조표시(covered_call); 자산군·투자대상 추출(채권/미국 국채 장기 등급미확인),가능,세부 투자대상 또는 만기·구성비율 미확인
KR7472840008,472840,IBK 200,코스피 200,주식,국내,기타특수구조,미확인 주식전략,국내 미확인 주식전략,미확인-주식전략-국내-미확인-주식전략-46eed209b8,plain,plain,neutral,1X,unknown,physical_or_unspecified,broad,PG-PENDING-472840-facb071200,,needs_review,기초지수 명시; 자산군·투자대상 추출(주식/국내 미확인 주식전략),,직접 비교에 필요한 주식 전략·투자대상 미확인; 세부 투자대상 또는 만기·구성비율 미확인
KR7472870005,472870,RISE 미국30년국채엔화노출(합성 H),KIS 미국채30년 엔화노출 지수(USD/JPY 헤지)(총수익지수),채권,미국,채권,채권,미국 국채 장기 등급미확인,BOND_미국-국채-장기-등급미확인-047cbda7f5,plain,bond_coupon,neutral,1X,hedged,synthetic,unknown,PG-PENDING-472870-eb0d968906,,needs_review,기초지수 명시; 운용사·공식 출처 URL 존재; 자산군·투자대상 추출(채권/미국 국채 장기 등급미확인),가능,세부 투자대상 또는 만기·구성비율 미확인
KR7472920008,472920,HK 종합채권(AA-이상)액티브,KAP 종합채권 AA- 이상 지수(총수익),채권,국내,채권,채권,국내 채권 만기미확인 AA,BOND_국내-채권-만기미확인-AA-273392b07e,plain,bond_coupon,neutral,1X,unknown,active,unknown,PG-PENDING-472920-4e1918cd42,,needs_review,기초지수 명시; 자산군·투자대상 추출(채권/국내 채권 만기미확인 AA),,세부 투자대상 또는 만기·구성비율 미확인
KR7473290005,473290,KODEX 26-12 회사채(AA-이상)액티브,KAP 26-12 회사채 총수익 지수(AA-이상),채권,국내,채권,채권,국내 회사채 만기미확인 AA,BOND_국내-회사채-만기미확인-AA-971a2814f8,plain,bond_coupon,neutral,1X,unknown,active,unknown,PG-PENDING-473290-db48471b21,,needs_review,기초지수 명시; 운용사·공식 출처 URL 존재; 자산군·투자대상 추출(채권/국내 회사채 만기미확인 AA),가능,세부 투자대상 또는 만기·구성비율 미확인
KR7473330009,473330,SOL 미국30년국채커버드콜(합성),KEDI 미국 국채 20년+ 커버드콜 지수(NTR),채권,미국,채권,채권,미국 국채 장기 등급미확인,BOND_미국-국채-장기-등급미확인-047cbda7f5,covered_call,bond_coupon,neutral,1X,unhedged,synthetic,unknown,PG-PENDING-473330-6bd703e745,,needs_review,기초지수 명시; 운용사·공식 출처 URL 존재; 상품명 구조표시(covered_call); 자산군·투자대상 추출(채권/미국 국채 장기 등급미확인),가능,세부 투자대상 또는 만기·구성비율 미확인
KR7473440006,473440,ACE 11월만기자동연장회사채AA-이상액티브,KIS 11월 만기자동연장회사채(AA-이상) 총수익지수,채권,국내,채권,채권,국내 회사채 만기미확인 AA,BOND_국내-회사채-만기미확인-AA-971a2814f8,plain,bond_coupon,neutral,1X,unknown,active,unknown,PG-PENDING-473440-180be9d64a,,needs_review,기초지수 명시; 운용사·공식 출처 URL 존재; 자산군·투자대상 추출(채권/국내 회사채 만기미확인 AA),가능,세부 투자대상 또는 만기·구성비율 미확인
KR7473460004,473460,KODEX 미국서학개미,iSelect 서학개미 지수(PR),주식,미국,기타특수구조,미확인 주식전략,미국 미확인 주식전략,미확인-주식전략-미국-미확인-주식전략-bf6afc4d9f,plain,plain,neutral,1X,unhedged,physical_or_unspecified,unknown,PG-PENDING-473460-119d55389d,,needs_review,기초지수 명시; 운용사·공식 출처 URL 존재; 자산군·투자대상 추출(주식/미국 미확인 주식전략),가능,직접 비교에 필요한 주식 전략·투자대상 미확인; 세부 투자대상 또는 만기·구성비율 미확인
KR7473590008,473590,ACE 미국주식베스트셀러,FnGuide 미국 주식 베스트셀러 지수(시장가격지수),주식,미국,기타특수구조,미확인 주식전략,미국 미확인 주식전략,미확인-주식전략-미국-미확인-주식전략-bf6afc4d9f,plain,plain,neutral,1X,unhedged,physical_or_unspecified,unknown,PG-PENDING-473590-6315030c6b,,needs_review,기초지수 명시; 운용사·공식 출처 URL 존재; 자산군·투자대상 추출(주식/미국 미확인 주식전략),가능,직접 비교에 필요한 주식 전략·투자대상 미확인; 세부 투자대상 또는 만기·구성비율 미확인
KR7473640001,473640,HANARO 글로벌금채굴기업,NYSE Arca Gold Miners Index (Price Return),주식,미국,기타특수구조,미확인 주식전략,미국 미확인 주식전략,미확인-주식전략-미국-미확인-주식전략-bf6afc4d9f,plain,plain,neutral,1X,unhedged,physical_or_unspecified,unknown,PG-PENDING-473640-23a9645715,,needs_review,기초지수 명시; 운용사·공식 출처 URL 존재; 자산군·투자대상 추출(주식/미국 미확인 주식전략),가능,직접 비교에 필요한 주식 전략·투자대상 미확인; 세부 투자대상 또는 만기·구성비율 미확인
KR7474220001,474220,TIGER 미국테크TOP10타겟커버드콜,Bloomberg U.S. Tech Top10+10% Premium Covered Call Index,주식,미국,기타특수구조,미확인 주식전략,미국 미확인 주식전략,미확인-주식전략-미국-미확인-주식전략-bf6afc4d9f,covered_call,covered_call,neutral,1X,unhedged,physical_or_unspecified,concentrated,PG-PENDING-474220-31d1500908,,needs_review,기초지수 명시; 운용사·공식 출처 URL 존재; 상품명 구조표시(covered_call); 자산군·투자대상 추출(주식/미국 미확인 주식전략),가능,직접 비교에 필요한 주식 전략·투자대상 미확인; 세부 투자대상 또는 만기·구성비율 미확인
KR7474390002,474390,SOL 국고채30년액티브,KAP 국고채30년 지수(TR),채권,국내,채권,채권,국내 채권 장기 등급미확인,BOND_국내-채권-장기-등급미확인-f457d22418,plain,bond_coupon,neutral,1X,unknown,active,unknown,PG-PENDING-474390-5a9a88e4c5,,needs_review,기초지수 명시; 운용사·공식 출처 URL 존재; 자산군·투자대상 추출(채권/국내 채권 장기 등급미확인),가능,세부 투자대상 또는 만기·구성비율 미확인
KR7474920006,474920,에셋플러스 차이나일등기업포커스10액티브,"MSCI China Index(USD, Price Return)",주식,중국,기타특수구조,미확인 주식전략,중국 미확인 주식전략,미확인-주식전략-중국-미확인-주식전략-526c3d6249,plain,plain,neutral,1X,unhedged,active,unknown,PG-PENDING-474920-e5e44acbbd,,needs_review,기초지수 명시; 자산군·투자대상 추출(주식/중국 미확인 주식전략),,직접 비교에 필요한 주식 전략·투자대상 미확인; 세부 투자대상 또는 만기·구성비율 미확인
KR7475080008,475080,KODEX 테슬라커버드콜채권혼합액티브,KEDI 테슬라 인컴 프리미엄 밸런스드 지수(TR),채권,미국,채권,채권,미국 채권 만기미확인 등급미확인,BOND_미국-채권-만기미확인-등급미확인-4820f5af4f,covered_call,bond_coupon,neutral,1X,unhedged,active,unknown,PG-PENDING-475080-7964a32038,,needs_review,기초지수 명시; 운용사·공식 출처 URL 존재; 상품명 구조표시(covered_call); 자산군·투자대상 추출(채권/미국 채권 만기미확인 등급미확인),가능,세부 투자대상 또는 만기·구성비율 미확인
KR7475260006,475260,ACE 2월만기자동연장회사채AA-이상액티브,KAP 2월 만기자동연장회사채(AA-이상) 총수익지수,채권,국내,채권,채권,국내 회사채 만기미확인 AA,BOND_국내-회사채-만기미확인-AA-971a2814f8,plain,bond_coupon,neutral,1X,unknown,active,unknown,PG-PENDING-475260-4f8bd2e098,,needs_review,기초지수 명시; 운용사·공식 출처 URL 존재; 자산군·투자대상 추출(채권/국내 회사채 만기미확인 AA),가능,세부 투자대상 또는 만기·구성비율 미확인
KR7475270005,475270,ACE 5월만기자동연장회사채AA-이상액티브,KIS 5월 만기자동연장회사채(AA-이상) 총수익지수,채권,국내,채권,채권,국내 회사채 만기미확인 AA,BOND_국내-회사채-만기미확인-AA-971a2814f8,plain,bond_coupon,neutral,1X,unknown,active,unknown,PG-PENDING-475270-eb1173655d,,needs_review,기초지수 명시; 운용사·공식 출처 URL 존재; 자산군·투자대상 추출(채권/국내 회사채 만기미확인 AA),가능,세부 투자대상 또는 만기·구성비율 미확인
KR7475280004,475280,ACE 8월만기자동연장회사채AA-이상액티브,KAP 8월 만기자동연장회사채(AA-이상) 총수익지수,채권,국내,채권,채권,국내 회사채 만기미확인 AA,BOND_국내-회사채-만기미확인-AA-971a2814f8,plain,bond_coupon,neutral,1X,unknown,active,unknown,PG-PENDING-475280-4c90ce36f2,,needs_review,기초지수 명시; 운용사·공식 출처 URL 존재; 자산군·투자대상 추출(채권/국내 회사채 만기미확인 AA),가능,세부 투자대상 또는 만기·구성비율 미확인
KR7475350005,475350,RISE 버크셔포트폴리오TOP10,Solactive Berkshire Portfolio Top10 Index(PR),주식,국내,기타특수구조,미확인 주식전략,국내 미확인 주식전략,미확인-주식전략-국내-미확인-주식전략-46eed209b8,plain,plain,neutral,1X,unknown,active,concentrated,PG-PENDING-475350-306d9711e9,,needs_review,기초지수 명시; 운용사·공식 출처 URL 존재; 자산군·투자대상 추출(주식/국내 미확인 주식전략),가능,직접 비교에 필요한 주식 전략·투자대상 미확인; 세부 투자대상 또는 만기·구성비율 미확인
KR7475380002,475380,RISE 글로벌리얼티인컴,Solactive Global Realty Income Index(Price Return),주식,글로벌,기타특수구조,미확인 주식전략,글로벌 미확인 주식전략,미확인-주식전략-글로벌-미확인-주식전략-d0f070a455,plain,plain,neutral,1X,unhedged,active,unknown,PG-PENDING-475380-d4cf5a905e,,needs_review,기초지수 명시; 운용사·공식 출처 URL 존재; 자산군·투자대상 추출(주식/글로벌 미확인 주식전략),가능,직접 비교에 필요한 주식 전략·투자대상 미확인; 세부 투자대상 또는 만기·구성비율 미확인
KR7475720009,475720,RISE 200위클리커버드콜,코스피 200 위클리 커버드콜 ATM 지수,주식,국내,기타특수구조,미확인 주식전략,국내 미확인 주식전략,미확인-주식전략-국내-미확인-주식전략-46eed209b8,covered_call,covered_call,neutral,1X,unknown,physical_or_unspecified,broad,PG-PENDING-475720-1040252c64,,needs_review,기초지수 명시; 운용사·공식 출처 URL 존재; 상품명 구조표시(covered_call); 자산군·투자대상 추출(주식/국내 미확인 주식전략),가능,직접 비교에 필요한 주식 전략·투자대상 미확인; 세부 투자대상 또는 만기·구성비율 미확인
KR7476000005,476000,UNICORN 포스트IPO액티브,iSelect 포스트 IPO 지수,주식,국내,기타특수구조,미확인 주식전략,국내 미확인 주식전략,미확인-주식전략-국내-미확인-주식전략-46eed209b8,plain,plain,neutral,1X,unknown,active,unknown,PG-PENDING-476000-4a86adf706,,needs_review,기초지수 명시; 자산군·투자대상 추출(주식/국내 미확인 주식전략),,직접 비교에 필요한 주식 전략·투자대상 미확인; 세부 투자대상 또는 만기·구성비율 미확인
KR7476070008,476070,KODEX 글로벌비만치료제TOP2 Plus,iSelect 글로벌 비만치료제TOP2 Plus 지수(PR),주식,미국,기타특수구조,미확인 주식전략,미국 미확인 주식전략,미확인-주식전략-미국-미확인-주식전략-bf6afc4d9f,plain,plain,neutral,1X,unhedged,physical_or_unspecified,ultra_concentrated,PG-PENDING-476070-df77046345,,needs_review,기초지수 명시; 운용사·공식 출처 URL 존재; 자산군·투자대상 추출(주식/미국 미확인 주식전략),가능,직접 비교에 필요한 주식 전략·투자대상 미확인; 세부 투자대상 또는 만기·구성비율 미확인
KR7476310008,476310,RISE 글로벌비만산업TOP2+,KEDI 글로벌 비만 산업 Top2+ 지수(Price Return),주식,글로벌,기타특수구조,미확인 주식전략,글로벌 미확인 주식전략,미확인-주식전략-글로벌-미확인-주식전략-d0f070a455,plain,plain,neutral,1X,unhedged,physical_or_unspecified,ultra_concentrated,PG-PENDING-476310-79cbb4ad98,,needs_review,기초지수 명시; 운용사·공식 출처 URL 존재; 자산군·투자대상 추출(주식/글로벌 미확인 주식전략),가능,직접 비교에 필요한 주식 전략·투자대상 미확인; 세부 투자대상 또는 만기·구성비율 미확인
KR7476550009,476550,TIGER 미국30년국채커버드콜액티브(H),KEDI 미국채30년 위클리 커버드콜30 지수(Total Return),채권,미국,채권,채권,미국 국채 장기 등급미확인,BOND_미국-국채-장기-등급미확인-047cbda7f5,covered_call,bond_coupon,neutral,1X,hedged,active,unknown,PG-PENDING-476550-3290d06b6d,,needs_review,기초지수 명시; 운용사·공식 출처 URL 존재; 상품명 구조표시(covered_call); 자산군·투자대상 추출(채권/미국 국채 장기 등급미확인),가능,세부 투자대상 또는 만기·구성비율 미확인
KR7476690003,476690,TIGER 글로벌비만치료제TOP2Plus,Indxx Global Obesity Treatment Top 2 Plus 지수 (시장가격),주식,미국,기타특수구조,미확인 주식전략,미국 미확인 주식전략,미확인-주식전략-미국-미확인-주식전략-bf6afc4d9f,plain,plain,neutral,1X,unhedged,physical_or_unspecified,ultra_concentrated,PG-PENDING-476690-46ad7a0109,,needs_review,기초지수 명시; 운용사·공식 출처 URL 존재; 자산군·투자대상 추출(주식/미국 미확인 주식전략),가능,직접 비교에 필요한 주식 전략·투자대상 미확인; 세부 투자대상 또는 만기·구성비율 미확인
KR7476750005,476750,ACE 미국30년국채엔화노출액티브(H),Bloomberg U.S. Treasury 20+ Year Total Return Index T1530 JPY Currency Hedged,채권,미국,채권,채권,미국 국채 장기 등급미확인,BOND_미국-국채-장기-등급미확인-047cbda7f5,plain,bond_coupon,neutral,1X,hedged,active,unknown,PG-PENDING-476750-995c441a15,,needs_review,기초지수 명시; 운용사·공식 출처 URL 존재; 자산군·투자대상 추출(채권/미국 국채 장기 등급미확인),가능,세부 투자대상 또는 만기·구성비율 미확인
KR7476760004,476760,ACE 미국30년국채액티브,Bloomberg U.S Treasury 20+ Year Total Return Index,채권,미국,채권,채권,미국 국채 장기 등급미확인,BOND_미국-국채-장기-등급미확인-047cbda7f5,plain,bond_coupon,neutral,1X,unhedged,active,unknown,PG-PENDING-476760-11073f01e5,,needs_review,기초지수 명시; 운용사·공식 출처 URL 존재; 자산군·투자대상 추출(채권/미국 국채 장기 등급미확인),가능,세부 투자대상 또는 만기·구성비율 미확인
KR7477490007,477490,에셋플러스 글로벌일등기업포커스10액티브,MSCI World,주식,글로벌,기타특수구조,미확인 주식전략,글로벌 미확인 주식전략,미확인-주식전략-글로벌-미확인-주식전략-d0f070a455,plain,plain,neutral,1X,unhedged,active,unknown,PG-PENDING-477490-98ff6d9516,,needs_review,기초지수 명시; 자산군·투자대상 추출(주식/글로벌 미확인 주식전략),,직접 비교에 필요한 주식 전략·투자대상 미확인; 세부 투자대상 또는 만기·구성비율 미확인
KR7479730004,479730,TIGER 인도빌리언컨슈머,Mirae Asset India Billion Consumer 지수(PR),주식,인도,기타특수구조,미확인 주식전략,인도 미확인 주식전략,미확인-주식전략-인도-미확인-주식전략-69bd615628,plain,plain,neutral,1X,unhedged,physical_or_unspecified,unknown,PG-PENDING-479730-224e217ea3,,needs_review,기초지수 명시; 운용사·공식 출처 URL 존재; 자산군·투자대상 추출(주식/인도 미확인 주식전략),가능,직접 비교에 필요한 주식 전략·투자대상 미확인; 세부 투자대상 또는 만기·구성비율 미확인
KR7479850000,479850,HANARO K-뷰티,FnGuide K-뷰티 지수,주식,국내,기타특수구조,미확인 주식전략,국내 미확인 주식전략,미확인-주식전략-국내-미확인-주식전략-46eed209b8,plain,plain,neutral,1X,unknown,physical_or_unspecified,unknown,PG-PENDING-479850-9e2c0ddabf,,needs_review,기초지수 명시; 운용사·공식 출처 URL 존재; 자산군·투자대상 추출(주식/국내 미확인 주식전략),가능,직접 비교에 필요한 주식 전략·투자대상 미확인; 세부 투자대상 또는 만기·구성비율 미확인
KR7480020007,480020,ACE 미국빅테크7+데일리타겟커버드콜(합성),Bloomberg US Big Tech Top 7 Plus Premium Decrement 15% Distribution Index,주식,미국,기타특수구조,미확인 주식전략,미국 미확인 주식전략,미확인-주식전략-미국-미확인-주식전략-bf6afc4d9f,covered_call,covered_call,neutral,1X,unhedged,synthetic,unknown,PG-PENDING-480020-4bc3e78a35,,needs_review,기초지수 명시; 운용사·공식 출처 URL 존재; 상품명 구조표시(covered_call); 자산군·투자대상 추출(주식/미국 미확인 주식전략),가능,직접 비교에 필요한 주식 전략·투자대상 미확인; 세부 투자대상 또는 만기·구성비율 미확인
KR7480030006,480030,ACE 미국500데일리타겟커버드콜(합성),Bloomberg US 500 Large Cap Premium Decrement 15% Distribution Index,주식,미국,기타특수구조,미확인 주식전략,미국 미확인 주식전략,미확인-주식전략-미국-미확인-주식전략-bf6afc4d9f,covered_call,covered_call,neutral,1X,unhedged,synthetic,broad,PG-PENDING-480030-0b759bdaab,,needs_review,기초지수 명시; 운용사·공식 출처 URL 존재; 상품명 구조표시(covered_call); 자산군·투자대상 추출(주식/미국 미확인 주식전략),가능,직접 비교에 필요한 주식 전략·투자대상 미확인; 세부 투자대상 또는 만기·구성비율 미확인
KR7480260009,480260,TIGER 27-04회사채(A+이상)액티브,KIS 회사채2704만기형 지수 (총수익 지수),채권,국내,채권,채권,국내 회사채 만기미확인 등급미확인,BOND_국내-회사채-만기미확인-등급미확인-2695c4f395,plain,bond_coupon,neutral,1X,unknown,active,unknown,PG-PENDING-480260-672b394117,,needs_review,기초지수 명시; 운용사·공식 출처 URL 존재; 자산군·투자대상 추출(채권/국내 회사채 만기미확인 등급미확인),가능,세부 투자대상 또는 만기·구성비율 미확인
KR7480460005,480460,WON 한국부동산TOP3플러스,DeepSearch 한국부동산TOP3플러스 지수,주식,국내,기타특수구조,미확인 주식전략,국내 미확인 주식전략,미확인-주식전략-국내-미확인-주식전략-46eed209b8,plain,plain,neutral,1X,unknown,physical_or_unspecified,ultra_concentrated,PG-PENDING-480460-a845bd0d8e,,needs_review,기초지수 명시; 자산군·투자대상 추출(주식/국내 미확인 주식전략),,직접 비교에 필요한 주식 전략·투자대상 미확인; 세부 투자대상 또는 만기·구성비율 미확인
KR7481050003,481050,KODEX CD1년금리플러스액티브(합성),KAP 1년은행 CD+추가금리 지수(총수익지수),원자재,해당없음,원자재,기타원자재,기타원자재 futures,COMMODITY_기타원자재-FUTURES-e9bbd8bb27,plain,futures,neutral,1X,unknown,synthetic,unknown,PG-PENDING-481050-f90e2569bd,,conflict,기초지수 명시; 운용사·공식 출처 URL 존재; 자산군·투자대상 추출(원자재/기타원자재 futures),가능,기존 자산분류와 비교분류 추론값 충돌
KR7481060002,481060,KODEX 미국30년국채타겟커버드콜(합성 H),Bloomberg U.S.Treasury 20+ Year(TLT)+ 12% Premium Covered Call index(TR),채권,미국,채권,채권,미국 국채 장기 등급미확인,BOND_미국-국채-장기-등급미확인-047cbda7f5,covered_call,bond_coupon,neutral,1X,hedged,synthetic,unknown,PG-PENDING-481060-66b3bd6971,,needs_review,기초지수 명시; 운용사·공식 출처 URL 존재; 상품명 구조표시(covered_call); 자산군·투자대상 추출(채권/미국 국채 장기 등급미확인),가능,세부 투자대상 또는 만기·구성비율 미확인
KR7481190007,481190,SOL 미국테크TOP10,Solactive US Tech TOP 10 Custom Index(PR),채권,미국,채권,채권,미국 국채 만기미확인 등급미확인,BOND_미국-국채-만기미확인-등급미확인-6e6ab9de27,plain,bond_coupon,neutral,1X,unhedged,active,concentrated,PG-PENDING-481190-da3f73b7c8,,conflict,기초지수 명시; 운용사·공식 출처 URL 존재; 자산군·투자대상 추출(채권/미국 국채 만기미확인 등급미확인),가능,세부 투자대상 또는 만기·구성비율 미확인; 기존 자산분류와 비교분류 추론값 충돌
KR7481340008,481340,RISE 미국30년국채액티브,Bloomberg U.S Treasury 20+ Year Total Return Index,채권,미국,채권,채권,미국 국채 장기 등급미확인,BOND_미국-국채-장기-등급미확인-047cbda7f5,plain,bond_coupon,neutral,1X,unhedged,active,unknown,PG-PENDING-481340-acd090a15a,,needs_review,기초지수 명시; 운용사·공식 출처 URL 존재; 자산군·투자대상 추출(채권/미국 국채 장기 등급미확인),가능,세부 투자대상 또는 만기·구성비율 미확인
KR7481430007,481430,RISE 국고채10년액티브,KAP 국고채 10년 지수(총수익),채권,국내,채권,채권,국내 채권 장기 등급미확인,BOND_국내-채권-장기-등급미확인-f457d22418,plain,bond_coupon,neutral,1X,unknown,active,unknown,PG-PENDING-481430-45ac79f157,,needs_review,기초지수 명시; 운용사·공식 출처 URL 존재; 자산군·투자대상 추출(채권/국내 채권 장기 등급미확인),가능,세부 투자대상 또는 만기·구성비율 미확인
KR7483020004,483020,KIWOOM 의료AI,FnGuide 의료AI 지수,주식,국내,기타특수구조,미확인 주식전략,국내 미확인 주식전략,미확인-주식전략-국내-미확인-주식전략-46eed209b8,plain,plain,neutral,1X,unknown,physical_or_unspecified,unknown,PG-PENDING-483020-8407a090a8,,needs_review,기초지수 명시; 운용사·공식 출처 URL 존재; 자산군·투자대상 추출(주식/국내 미확인 주식전략),가능,직접 비교에 필요한 주식 전략·투자대상 미확인; 세부 투자대상 또는 만기·구성비율 미확인
KR7483030003,483030,KIWOOM 미국블록버스터바이오테크의약품+,Solactive Blockbuster Biotech Drugs Index(PR),채권,미국,채권,채권,미국 국채 만기미확인 등급미확인,BOND_미국-국채-만기미확인-등급미확인-6e6ab9de27,plain,bond_coupon,neutral,1X,unhedged,active,unknown,PG-PENDING-483030-e97f8e24b1,,conflict,기초지수 명시; 운용사·공식 출처 URL 존재; 자산군·투자대상 추출(채권/미국 국채 만기미확인 등급미확인),가능,세부 투자대상 또는 만기·구성비율 미확인; 기존 자산분류와 비교분류 추론값 충돌
KR7484790001,484790,KODEX 미국30년국채액티브(H),KEDI-KAP 미국 국채 20+ 지수(TR),채권,미국,채권,채권,미국 국채 장기 등급미확인,BOND_미국-국채-장기-등급미확인-047cbda7f5,plain,bond_coupon,neutral,1X,hedged,active,unknown,PG-PENDING-484790-34bba11af2,,needs_review,기초지수 명시; 운용사·공식 출처 URL 존재; 자산군·투자대상 추출(채권/미국 국채 장기 등급미확인),가능,세부 투자대상 또는 만기·구성비율 미확인
KR7485540009,485540,KODEX 미국AI테크TOP10,KEDI 미국AI테크 TOP10 지수(PR),주식,미국,기타특수구조,미확인 주식전략,미국 미확인 주식전략,미확인-주식전략-미국-미확인-주식전략-bf6afc4d9f,plain,plain,neutral,1X,unhedged,physical_or_unspecified,concentrated,PG-PENDING-485540-a0d946950e,,needs_review,기초지수 명시; 운용사·공식 출처 URL 존재; 자산군·투자대상 추출(주식/미국 미확인 주식전략),가능,직접 비교에 필요한 주식 전략·투자대상 미확인; 세부 투자대상 또는 만기·구성비율 미확인
KR7487750002,487750,BNK 온디바이스AI,FnGuide 온디바이스AI 지수,주식,국내,기타특수구조,미확인 주식전략,국내 미확인 주식전략,미확인-주식전략-국내-미확인-주식전략-46eed209b8,plain,plain,neutral,1X,unknown,physical_or_unspecified,unknown,PG-PENDING-487750-d98f3ae009,,needs_review,기초지수 명시; 자산군·투자대상 추출(주식/국내 미확인 주식전략),,직접 비교에 필요한 주식 전략·투자대상 미확인; 세부 투자대상 또는 만기·구성비율 미확인
KR7487910002,487910,ACE 인도컨슈머파워액티브,Indxx India Super Consumption Index (Price Return),주식,인도,기타특수구조,미확인 주식전략,인도 미확인 주식전략,미확인-주식전략-인도-미확인-주식전략-69bd615628,plain,plain,neutral,1X,unhedged,active,unknown,PG-PENDING-487910-4f9aedddf6,,needs_review,기초지수 명시; 운용사·공식 출처 URL 존재; 자산군·투자대상 추출(주식/인도 미확인 주식전략),가능,직접 비교에 필요한 주식 전략·투자대상 미확인; 세부 투자대상 또는 만기·구성비율 미확인
KR7488290008,488290,MIDAS 일본테크액티브,Solactive Japan Tech Top 30 지수(PR),주식,일본,기타특수구조,미확인 주식전략,일본 미확인 주식전략,미확인-주식전략-일본-미확인-주식전략-aa68fbbd45,plain,plain,neutral,1X,unhedged,active,ultra_concentrated,PG-PENDING-488290-f127a7f1e1,,needs_review,기초지수 명시; 자산군·투자대상 추출(주식/일본 미확인 주식전략),,직접 비교에 필요한 주식 전략·투자대상 미확인; 세부 투자대상 또는 만기·구성비율 미확인
KR7488480005,488480,RISE 일본섹터TOP4Plus,Solactive Japan Samurai Sector TOP4 Plus Index(PR),주식,미국,기타특수구조,미확인 주식전략,미국 미확인 주식전략,미확인-주식전략-미국-미확인-주식전략-bf6afc4d9f,plain,plain,neutral,1X,unhedged,active,ultra_concentrated,PG-PENDING-488480-d8a2a68a1f,,needs_review,기초지수 명시; 운용사·공식 출처 URL 존재; 자산군·투자대상 추출(주식/미국 미확인 주식전략),가능,직접 비교에 필요한 주식 전략·투자대상 미확인; 세부 투자대상 또는 만기·구성비율 미확인
KR7488720004,488720,WON 종합채권(AA-이상)액티브,KIS 종합채권시장 총수익지수(AA-이상),채권,국내,채권,채권,국내 채권 만기미확인 AA,BOND_국내-채권-만기미확인-AA-273392b07e,plain,bond_coupon,neutral,1X,unknown,active,unknown,PG-PENDING-488720-92a40fbf12,,needs_review,기초지수 명시; 자산군·투자대상 추출(채권/국내 채권 만기미확인 AA),,세부 투자대상 또는 만기·구성비율 미확인
KR7488980004,488980,SOL 26-12 회사채(AA-이상)액티브,"KAP 26-12 크레딧 채권지수(AA-이상, 총수익)",채권,국내,채권,채권,국내 회사채 만기미확인 AA,BOND_국내-회사채-만기미확인-AA-971a2814f8,plain,bond_coupon,neutral,1X,unknown,active,unknown,PG-PENDING-488980-14b1a91482,,needs_review,기초지수 명시; 운용사·공식 출처 URL 존재; 자산군·투자대상 추출(채권/국내 회사채 만기미확인 AA),가능,세부 투자대상 또는 만기·구성비율 미확인
KR7489000000,489000,PLUS 일본엔화초단기국채(합성),KAP 일본 단기 국채 지수(총수익),채권,미국,채권,채권,미국 국채 초단기 등급미확인,BOND_미국-국채-초단기-등급미확인-5e59e46a3c,plain,bond_coupon,neutral,1X,unhedged,synthetic,unknown,PG-PENDING-489000-796949ed89,,conflict,기초지수 명시; 운용사·공식 출처 URL 존재; 자산군·투자대상 추출(채권/미국 국채 초단기 등급미확인),가능,세부 투자대상 또는 만기·구성비율 미확인; 기존 자산분류와 비교분류 추론값 충돌
KR7489290007,489290,WON 미국빌리어네어,Bloomberg US Billionaires Investment Select Index(PR),주식,미국,기타특수구조,미확인 주식전략,미국 미확인 주식전략,미확인-주식전략-미국-미확인-주식전략-bf6afc4d9f,plain,plain,neutral,1X,unhedged,physical_or_unspecified,unknown,PG-PENDING-489290-dce293ee6d,,needs_review,기초지수 명시; 자산군·투자대상 추출(주식/미국 미확인 주식전략),,직접 비교에 필요한 주식 전략·투자대상 미확인; 세부 투자대상 또는 만기·구성비율 미확인
KR7490090008,490090,TIGER 미국AI빅테크10,KEDI 미국AI빅테크10 지수(PR),주식,미국,기타특수구조,미확인 주식전략,미국 미확인 주식전략,미확인-주식전략-미국-미확인-주식전략-bf6afc4d9f,plain,plain,neutral,1X,unhedged,physical_or_unspecified,unknown,PG-PENDING-490090-ba5794111b,,needs_review,기초지수 명시; 운용사·공식 출처 URL 존재; 자산군·투자대상 추출(주식/미국 미확인 주식전략),가능,직접 비교에 필요한 주식 전략·투자대상 미확인; 세부 투자대상 또는 만기·구성비율 미확인
KR7490330008,490330,KoAct 미국치매&뇌질환치료제액티브,Solactive 미국뇌질환치료제 PR 지수,주식,미국,기타특수구조,미확인 주식전략,미국 미확인 주식전략,미확인-주식전략-미국-미확인-주식전략-bf6afc4d9f,plain,plain,neutral,1X,unhedged,active,unknown,PG-PENDING-490330-7740a177f0,,needs_review,기초지수 명시; 자산군·투자대상 추출(주식/미국 미확인 주식전략),,직접 비교에 필요한 주식 전략·투자대상 미확인; 세부 투자대상 또는 만기·구성비율 미확인
KR7490490000,490490,SOL 미국배당미국채혼합50,KRX 다우존스 미국배당국채 혼합지수,채권,국내,채권,채권,국내 국채 만기미확인 등급미확인,DOW_JONES_DIVIDEND,plain,bond_coupon,neutral,1X,unhedged,physical_or_unspecified,unknown,PG-PENDING-490490-3e621851fc,,needs_review,기초지수 명시; 운용사·공식 출처 URL 존재; 자산군·투자대상 추출(채권/국내 국채 만기미확인 등급미확인),가능,세부 투자대상 또는 만기·구성비율 미확인
KR7490590007,490590,RISE 미국AI밸류체인데일리고정커버드콜,KEDI 미국 AI밸류체인 90%참여+데일리옵션 프리미엄 지수(TR),주식,미국,기타특수구조,미확인 주식전략,미국 미확인 주식전략,미확인-주식전략-미국-미확인-주식전략-bf6afc4d9f,covered_call,covered_call,neutral,1X,unhedged,physical_or_unspecified,unknown,PG-PENDING-490590-4c63cd9fe5,,needs_review,기초지수 명시; 운용사·공식 출처 URL 존재; 상품명 구조표시(covered_call); 자산군·투자대상 추출(주식/미국 미확인 주식전략),가능,직접 비교에 필요한 주식 전략·투자대상 미확인; 세부 투자대상 또는 만기·구성비율 미확인
KR7490600004,490600,RISE 미국배당100데일리고정커버드콜,KEDI 미국 배당100 90%참여+데일리옵션 프리미엄 지수(총수익지수),주식,미국,기타특수구조,미확인 주식전략,미국 미확인 주식전략,미확인-주식전략-미국-미확인-주식전략-bf6afc4d9f,covered_call,covered_call,neutral,1X,unhedged,physical_or_unspecified,broad,PG-PENDING-490600-9f03cc155c,,needs_review,기초지수 명시; 운용사·공식 출처 URL 존재; 상품명 구조표시(covered_call); 자산군·투자대상 추출(주식/미국 미확인 주식전략),가능,직접 비교에 필요한 주식 전략·투자대상 미확인; 세부 투자대상 또는 만기·구성비율 미확인
KR7491090007,491090,KODEX 미국테크TOP3플러스,KEDI 미국테크TOP3플러스 지수(Price Return),주식,미국,기타특수구조,미확인 주식전략,미국 미확인 주식전략,미확인-주식전략-미국-미확인-주식전략-bf6afc4d9f,plain,plain,neutral,1X,unhedged,physical_or_unspecified,ultra_concentrated,PG-PENDING-491090-0b31f3c212,,needs_review,기초지수 명시; 운용사·공식 출처 URL 존재; 자산군·투자대상 추출(주식/미국 미확인 주식전략),가능,직접 비교에 필요한 주식 전략·투자대상 미확인; 세부 투자대상 또는 만기·구성비율 미확인
KR7491220000,491220,PLUS 200TR,코스피 200 TR,주식,국내,기타특수구조,미확인 주식전략,국내 미확인 주식전략,미확인-주식전략-국내-미확인-주식전략-46eed209b8,plain,plain,neutral,1X,unknown,physical_or_unspecified,broad,PG-PENDING-491220-06b84b74c2,,needs_review,기초지수 명시; 운용사·공식 출처 URL 존재; 자산군·투자대상 추출(주식/국내 미확인 주식전략),가능,직접 비교에 필요한 주식 전략·투자대상 미확인; 세부 투자대상 또는 만기·구성비율 미확인
KR7491620001,491620,RISE 미국테크100데일리고정커버드콜,KEDI 미국 테크100 90%참여+데일리옵션 프리미엄 지수(TR),주식,미국,기타특수구조,미확인 주식전략,미국 미확인 주식전략,미확인-주식전략-미국-미확인-주식전략-bf6afc4d9f,covered_call,covered_call,neutral,1X,unhedged,physical_or_unspecified,broad,PG-PENDING-491620-67785a0168,,needs_review,기초지수 명시; 운용사·공식 출처 URL 존재; 상품명 구조표시(covered_call); 자산군·투자대상 추출(주식/미국 미확인 주식전략),가능,직접 비교에 필요한 주식 전략·투자대상 미확인; 세부 투자대상 또는 만기·구성비율 미확인
KR7491700001,491700,HK 200,코스피 200,주식,국내,기타특수구조,미확인 주식전략,국내 미확인 주식전략,미확인-주식전략-국내-미확인-주식전략-46eed209b8,plain,plain,neutral,1X,unknown,physical_or_unspecified,broad,PG-PENDING-491700-166f9aae55,,needs_review,기초지수 명시; 자산군·투자대상 추출(주식/국내 미확인 주식전략),,직접 비교에 필요한 주식 전략·투자대상 미확인; 세부 투자대상 또는 만기·구성비율 미확인
KR7491820007,491820,HANARO 전력설비투자,iSelect 전력설비투자 지수,주식,국내,기타특수구조,미확인 주식전략,국내 미확인 주식전략,미확인-주식전략-국내-미확인-주식전략-46eed209b8,plain,plain,neutral,1X,unknown,physical_or_unspecified,unknown,PG-PENDING-491820-672257f1cb,,needs_review,기초지수 명시; 운용사·공식 출처 URL 존재; 자산군·투자대상 추출(주식/국내 미확인 주식전략),가능,직접 비교에 필요한 주식 전략·투자대상 미확인; 세부 투자대상 또는 만기·구성비율 미확인
KR7492500004,492500,1Q 현대차그룹채권(A+이상)&국고통안,KIS 하나 현대차그룹채권(A+이상)&국고통안 총수익지수,채권,국내,채권,채권,국내 채권 만기미확인 등급미확인,BOND_국내-채권-만기미확인-등급미확인-893e3e68b3,plain,bond_coupon,neutral,1X,unknown,physical_or_unspecified,unknown,PG-PENDING-492500-52c80079fc,,needs_review,기초지수 명시; 자산군·투자대상 추출(채권/국내 채권 만기미확인 등급미확인),,세부 투자대상 또는 만기·구성비율 미확인
KR7493810006,493810,TIGER 미국AI빅테크10타겟데일리커버드콜,KEDI 미국AI빅테크10+15%데일리프리미엄 지수(TR),주식,미국,기타특수구조,미확인 주식전략,미국 미확인 주식전략,미확인-주식전략-미국-미확인-주식전략-bf6afc4d9f,covered_call,covered_call,neutral,1X,unhedged,physical_or_unspecified,unknown,PG-PENDING-493810-340093a9df,,needs_review,기초지수 명시; 운용사·공식 출처 URL 존재; 상품명 구조표시(covered_call); 자산군·투자대상 추출(주식/미국 미확인 주식전략),가능,직접 비교에 필요한 주식 전략·투자대상 미확인; 세부 투자대상 또는 만기·구성비율 미확인
KR7494180003,494180,TIME 글로벌소비트렌드액티브,Solactive 뉴에이지컨수머지수,주식,글로벌,기타특수구조,미확인 주식전략,글로벌 미확인 주식전략,미확인-주식전략-글로벌-미확인-주식전략-d0f070a455,plain,plain,neutral,1X,unhedged,active,unknown,PG-PENDING-494180-a043a0a36b,,needs_review,기초지수 명시; 자산군·투자대상 추출(주식/글로벌 미확인 주식전략),,직접 비교에 필요한 주식 전략·투자대상 미확인; 세부 투자대상 또는 만기·구성비율 미확인
KR7494340003,494340,ACE 글로벌AI맞춤형반도체,Solactive AI Custom Semiconductor Index(PR),채권,미국,채권,채권,미국 국채 만기미확인 등급미확인,BOND_미국-국채-만기미확인-등급미확인-6e6ab9de27,plain,bond_coupon,neutral,1X,unhedged,active,unknown,PG-PENDING-494340-9b6e59f1ea,,conflict,기초지수 명시; 운용사·공식 출처 URL 존재; 자산군·투자대상 추출(채권/미국 국채 만기미확인 등급미확인),가능,세부 투자대상 또는 만기·구성비율 미확인; 기존 자산분류와 비교분류 추론값 충돌
KR7494890007,494890,KODEX 200액티브,코스피 200,주식,국내,기타특수구조,미확인 주식전략,국내 미확인 주식전략,미확인-주식전략-국내-미확인-주식전략-46eed209b8,plain,plain,neutral,1X,unknown,active,broad,PG-PENDING-494890-85972fc27d,,needs_review,기초지수 명시; 운용사·공식 출처 URL 존재; 자산군·투자대상 추출(주식/국내 미확인 주식전략),가능,직접 비교에 필요한 주식 전략·투자대상 미확인; 세부 투자대상 또는 만기·구성비율 미확인
KR7495040008,495040,PLUS 코리아밸류업,코리아 밸류업 지수,주식,국내,기타특수구조,미확인 주식전략,국내 미확인 주식전략,미확인-주식전략-국내-미확인-주식전략-46eed209b8,plain,plain,neutral,1X,unknown,physical_or_unspecified,unknown,PG-PENDING-495040-310754c585,,needs_review,기초지수 명시; 운용사·공식 출처 URL 존재; 자산군·투자대상 추출(주식/국내 미확인 주식전략),가능,직접 비교에 필요한 주식 전략·투자대상 미확인; 세부 투자대상 또는 만기·구성비율 미확인
KR7495050007,495050,RISE 코리아밸류업,코리아 밸류업 지수,주식,국내,기타특수구조,미확인 주식전략,국내 미확인 주식전략,미확인-주식전략-국내-미확인-주식전략-46eed209b8,plain,plain,neutral,1X,unknown,physical_or_unspecified,unknown,PG-PENDING-495050-3d6c38c466,,needs_review,기초지수 명시; 운용사·공식 출처 URL 존재; 자산군·투자대상 추출(주식/국내 미확인 주식전략),가능,직접 비교에 필요한 주식 전략·투자대상 미확인; 세부 투자대상 또는 만기·구성비율 미확인
KR7495060006,495060,TIME 코리아밸류업액티브,코리아 밸류업 지수,주식,국내,기타특수구조,미확인 주식전략,국내 미확인 주식전략,미확인-주식전략-국내-미확인-주식전략-46eed209b8,plain,plain,neutral,1X,unknown,active,unknown,PG-PENDING-495060-b0fdef0b53,,needs_review,기초지수 명시; 자산군·투자대상 추출(주식/국내 미확인 주식전략),,직접 비교에 필요한 주식 전략·투자대상 미확인; 세부 투자대상 또는 만기·구성비율 미확인
KR7495230005,495230,KoAct 코리아밸류업액티브,코리아 밸류업 지수,주식,국내,기타특수구조,미확인 주식전략,국내 미확인 주식전략,미확인-주식전략-국내-미확인-주식전략-46eed209b8,plain,plain,neutral,1X,unknown,active,unknown,PG-PENDING-495230-6cd0420a57,,needs_review,기초지수 명시; 자산군·투자대상 추출(주식/국내 미확인 주식전략),,직접 비교에 필요한 주식 전략·투자대상 미확인; 세부 투자대상 또는 만기·구성비율 미확인
KR7495330003,495330,1Q 코리아밸류업,코리아 밸류업 지수,주식,국내,기타특수구조,미확인 주식전략,국내 미확인 주식전략,미확인-주식전략-국내-미확인-주식전략-46eed209b8,plain,plain,neutral,1X,unknown,physical_or_unspecified,unknown,PG-PENDING-495330-a01c904e06,,needs_review,기초지수 명시; 자산군·투자대상 추출(주식/국내 미확인 주식전략),,직접 비교에 필요한 주식 전략·투자대상 미확인; 세부 투자대상 또는 만기·구성비율 미확인
KR7495550006,495550,SOL 코리아밸류업TR,코리아 밸류업 TR 지수,주식,국내,기타특수구조,미확인 주식전략,국내 미확인 주식전략,미확인-주식전략-국내-미확인-주식전략-46eed209b8,plain,plain,neutral,1X,unknown,physical_or_unspecified,unknown,PG-PENDING-495550-7d6aed850b,,needs_review,기초지수 명시; 운용사·공식 출처 URL 존재; 자산군·투자대상 추출(주식/국내 미확인 주식전략),가능,직접 비교에 필요한 주식 전략·투자대상 미확인; 세부 투자대상 또는 만기·구성비율 미확인
KR7495750002,495750,HANARO 코리아밸류업,코리아 밸류업 지수,주식,국내,기타특수구조,미확인 주식전략,국내 미확인 주식전략,미확인-주식전략-국내-미확인-주식전략-46eed209b8,plain,plain,neutral,1X,unknown,physical_or_unspecified,unknown,PG-PENDING-495750-d15a45bc3f,,needs_review,기초지수 명시; 운용사·공식 출처 URL 존재; 자산군·투자대상 추출(주식/국내 미확인 주식전략),가능,직접 비교에 필요한 주식 전략·투자대상 미확인; 세부 투자대상 또는 만기·구성비율 미확인
KR7495850000,495850,KODEX 코리아밸류업,코리아 밸류업 지수,주식,국내,기타특수구조,미확인 주식전략,국내 미확인 주식전략,미확인-주식전략-국내-미확인-주식전략-46eed209b8,plain,plain,neutral,1X,unknown,physical_or_unspecified,unknown,PG-PENDING-495850-3ded78657f,,needs_review,기초지수 명시; 운용사·공식 출처 URL 존재; 자산군·투자대상 추출(주식/국내 미확인 주식전략),가능,직접 비교에 필요한 주식 전략·투자대상 미확인; 세부 투자대상 또는 만기·구성비율 미확인
KR7496020009,496020,WON 전단채플러스액티브,KIS 전단채플러스 TR 지수,채권,국내,채권,채권,국내 채권 만기미확인 등급미확인,BOND_국내-채권-만기미확인-등급미확인-893e3e68b3,plain,bond_coupon,neutral,1X,unknown,active,unknown,PG-PENDING-496020-8b35c733b9,,needs_review,기초지수 명시; 자산군·투자대상 추출(채권/국내 채권 만기미확인 등급미확인),,세부 투자대상 또는 만기·구성비율 미확인
KR7496080003,496080,TIGER 코리아밸류업,코리아 밸류업 지수,주식,국내,기타특수구조,미확인 주식전략,국내 미확인 주식전략,미확인-주식전략-국내-미확인-주식전략-46eed209b8,plain,plain,neutral,1X,unknown,physical_or_unspecified,unknown,PG-PENDING-496080-90285a2cd1,,needs_review,기초지수 명시; 운용사·공식 출처 URL 존재; 자산군·투자대상 추출(주식/국내 미확인 주식전략),가능,직접 비교에 필요한 주식 전략·투자대상 미확인; 세부 투자대상 또는 만기·구성비율 미확인
KR7496090002,496090,KIWOOM 코리아밸류업,코리아 밸류업 지수,주식,국내,기타특수구조,미확인 주식전략,국내 미확인 주식전략,미확인-주식전략-국내-미확인-주식전략-46eed209b8,plain,plain,neutral,1X,unknown,physical_or_unspecified,unknown,PG-PENDING-496090-aa0090605a,,needs_review,기초지수 명시; 운용사·공식 출처 URL 존재; 자산군·투자대상 추출(주식/국내 미확인 주식전략),가능,직접 비교에 필요한 주식 전략·투자대상 미확인; 세부 투자대상 또는 만기·구성비율 미확인
KR7496120007,496120,ACE 코리아밸류업,코리아 밸류업 지수,주식,국내,기타특수구조,미확인 주식전략,국내 미확인 주식전략,미확인-주식전략-국내-미확인-주식전략-46eed209b8,plain,plain,neutral,1X,unknown,physical_or_unspecified,unknown,PG-PENDING-496120-0440295570,,needs_review,기초지수 명시; 운용사·공식 출처 URL 존재; 자산군·투자대상 추출(주식/국내 미확인 주식전략),가능,직접 비교에 필요한 주식 전략·투자대상 미확인; 세부 투자대상 또는 만기·구성비율 미확인
KR7496130006,496130,TRUSTON 코리아밸류업액티브,코리아 밸류업 지수,채권,국내,채권,채권,국내 국채 만기미확인 등급미확인,BOND_국내-국채-만기미확인-등급미확인-bf9416de66,plain,bond_coupon,neutral,1X,unknown,active,unknown,PG-PENDING-496130-e472ce5740,,conflict,기초지수 명시; 자산군·투자대상 추출(채권/국내 국채 만기미확인 등급미확인),,세부 투자대상 또는 만기·구성비율 미확인; 기존 자산분류와 비교분류 추론값 충돌
KR7498180009,498180,파워 종합채권(AA-이상)액티브,"KIS 한국종합채권지수(AA-이상, 총수익)",채권,국내,채권,채권,국내 채권 만기미확인 AA,BOND_국내-채권-만기미확인-AA-273392b07e,plain,bond_coupon,neutral,1X,unknown,active,unknown,PG-PENDING-498180-de231e71c7,,needs_review,기초지수 명시; 자산군·투자대상 추출(채권/국내 채권 만기미확인 AA),,세부 투자대상 또는 만기·구성비율 미확인
KR7498400001,498400,KODEX 200타겟위클리커버드콜,코스피 200 타겟 15% 위클리 커버드콜 지수,주식,국내,기타특수구조,미확인 주식전략,국내 미확인 주식전략,미확인-주식전략-국내-미확인-주식전략-46eed209b8,covered_call,covered_call,neutral,1X,unknown,physical_or_unspecified,broad,PG-PENDING-498400-0cde3145e3,,needs_review,기초지수 명시; 운용사·공식 출처 URL 존재; 상품명 구조표시(covered_call); 자산군·투자대상 추출(주식/국내 미확인 주식전략),가능,직접 비교에 필요한 주식 전략·투자대상 미확인; 세부 투자대상 또는 만기·구성비율 미확인
,,,,,,,,,,,,,,,,,PG-주식-미국-대표지수-S-P500-미국-S-P500-S-P500-P-c2eb6d3f91,,needs_review,그룹 크기 검수,,20종목 초과: 과도한 분류 범위 여부 검수 필요
,,,,,,,,,,,,,,,,,PG-주식-국내-배당-주주환원-고배당-국내-고배당-고배당-국내-고배당--dd861c8cd4,,needs_review,그룹 크기 검수,,20종목 초과: 과도한 분류 범위 여부 검수 필요
