normalized_index_family,alias,index_family,canonical_category,canonical_topic,source_type
KEDI-엔비디아미국채30년타겟커버드콜혼합지수-TR-5e44548d87,KEDI 엔비디아미국채30년타겟커버드콜혼합지수(TR),KEDI-엔비디아미국채30년타겟커버드콜혼합지수-TR-5e44548d87,혼합자산,자산배분,normalized_master
NIFTY-MIDCAP-100-INDEX-PR-7b181018c3,Nifty Midcap 100 Index(PR),NIFTY-MIDCAP-100-INDEX-PR-7b181018c3,규모,규모주,normalized_master
FNGUIDE-한화그룹주-지수-29466e7eca,FnGuide 한화그룹주 지수,FNGUIDE-한화그룹주-지수-29466e7eca,일반주식,지수기반,normalized_master
KAP-26-12-크레딧-채권-총수익지수-AA-이상-32883fffd9,KAP 26-12 크레딧 채권 총수익지수(AA-이상),KAP-26-12-크레딧-채권-총수익지수-AA-이상-32883fffd9,채권,회사채/만기매칭형/AA,normalized_master
KRX-바이오-TOP-10-지수-5e0d683af9,KRX 바이오 TOP 10 지수,KRX-바이오-TOP-10-지수-5e0d683af9,일반주식,지수기반,normalized_master
FNGUIDE-바이오시밀러-CDMO-지수-51fd16dabf,FnGuide 바이오시밀러&CDMO 지수,FNGUIDE-바이오시밀러-CDMO-지수-51fd16dabf,일반주식,지수기반,normalized_master
MSCI-INDIA-IMI-INDEX-PR-c53494bf0f,MSCI India IMI Index(PR),MSCI-INDIA-IMI-INDEX-PR-c53494bf0f,일반주식,지수기반,normalized_master
SOLACTIVE-U-S-DIVIDEND-TOP-30-INDEX-PR-289512ae11,Solactive U.S. Dividend TOP 30 Index PR,SOLACTIVE-U-S-DIVIDEND-TOP-30-INDEX-PR-289512ae11,배당·주주환원,고배당,normalized_master
SP500,S&P 500 Covered Call 1% OTM Daily Index(TR),SP500,대표지수,S&P500,normalized_master
SP500,S&P500 Yen Hedged Index(PR),SP500,대표지수,S&P500,normalized_master
FNGUIDE-전고체배터리-실리콘음극재-지수-PR-9a6b7feb3e,FnGuide 전고체배터리&실리콘음극재 지수(PR),FNGUIDE-전고체배터리-실리콘음극재-지수-PR-9a6b7feb3e,테마,2차전지,normalized_master
FNGUIDE-K-AI반도체-코어테크-지수-b02f0fe5e6,FnGuide K-AI반도체 코어테크 지수,FNGUIDE-K-AI반도체-코어테크-지수-b02f0fe5e6,테마,반도체,normalized_master
KAP-27-12-회사채-총수익-지수-AA-이상-8762da5a83,KAP 27-12 회사채 총수익 지수(AA-이상),KAP-27-12-회사채-총수익-지수-AA-이상-8762da5a83,채권,회사채/만기매칭형/AA,normalized_master
SOLACTIVE-GLOBAL-NUCLEAR-ENERGY-VALUE-CHAIN--49b38cab30,Solactive Global Nuclear Energy Value Chain Index(PR),SOLACTIVE-GLOBAL-NUCLEAR-ENERGY-VALUE-CHAIN--49b38cab30,일반주식,지수기반,normalized_master
코스피-200-dbc8ccb693,코스피 200,코스피-200-dbc8ccb693,일반주식,지수기반,normalized_master
NYSE-FACTSET-US-FOCUS-MANUFACTURING-INDEX-PR-36c8e6fbe8,NYSE FactSet US Focus Manufacturing Index(Price Return),NYSE-FACTSET-US-FOCUS-MANUFACTURING-INDEX-PR-36c8e6fbe8,일반주식,지수기반,normalized_master
DOW-JONES-U-S-DIVIDEND-100-10-DAILY-PREMIUM--3ef0fbc45f,Dow Jones U.S. Dividend 100 10% Daily Premium Covered Call 지수,DOW-JONES-U-S-DIVIDEND-100-10-DAILY-PREMIUM--3ef0fbc45f,배당·주주환원,고배당,normalized_master
FNGUIDE-화장품TOP3-플러스-지수-PR-846e3059e7,FnGuide 화장품TOP3 플러스 지수(PR),FNGUIDE-화장품TOP3-플러스-지수-PR-846e3059e7,일반주식,지수기반,normalized_master
KEDI-미국-은행-TOP10-지수-edfdc7a8ea,KEDI 미국 은행 TOP10 지수,KEDI-미국-은행-TOP10-지수-edfdc7a8ea,일반주식,지수기반,normalized_master
KEDI-테슬라미국30년국채15-타겟프리미엄-혼합지수-TR-63c5e3ced6,KEDI 테슬라미국30년국채15%타겟프리미엄 혼합지수(TR),KEDI-테슬라미국30년국채15-타겟프리미엄-혼합지수-TR-63c5e3ced6,혼합자산,자산배분,normalized_master
나스닥-종합주가지수-5a41e1bc2a,나스닥 종합주가지수,나스닥-종합주가지수-5a41e1bc2a,일반주식,지수기반,normalized_master
BLOOMBERG-BLENDED-NVIDIA-AND-US-LONG-TREASUR-0e982ec1cc,Bloomberg Blended NVIDIA and US Long Treasury Bond Index,BLOOMBERG-BLENDED-NVIDIA-AND-US-LONG-TREASUR-0e982ec1cc,혼합자산,자산배분,normalized_master
BLOOMBERG-BLENDED-PALANTIR-AND-US-LONG-TREAS-5505236778,Bloomberg Blended PALANTIR and US Long Treasury Bond Index,BLOOMBERG-BLENDED-PALANTIR-AND-US-LONG-TREAS-5505236778,혼합자산,자산배분,normalized_master
MIRAE-ASSET-US-CONSUMER-TREND-지수-PR-3d7ae78700,Mirae Asset US Consumer Trend 지수 (PR),MIRAE-ASSET-US-CONSUMER-TREND-지수-PR-3d7ae78700,일반주식,지수기반,normalized_master
KIS-중단기크레딧플러스채권-AA-A-지수-총수익-a087d858da,KIS 중단기크레딧플러스채권(AA+~A-)지수(총수익),KIS-중단기크레딧플러스채권-AA-A-지수-총수익-a087d858da,채권,회사채/초단기/AA,normalized_master
KIS-종합채권형-지수-AA-이상-총수익-d9a4a80da7,KIS 종합채권형 지수(AA-이상)(총수익),KIS-종합채권형-지수-AA-이상-총수익-d9a4a80da7,채권,채권/미확인만기/AA,normalized_master
코스피-고배당-위클리-고정-커버드콜-지수-3fccb544a6,코스피 고배당 위클리 고정 커버드콜 지수,코스피-고배당-위클리-고정-커버드콜-지수-3fccb544a6,배당·주주환원,고배당,normalized_master
SOLACTIVE-US-QUANTUM-COMPUTING-TECHNOLOGY-IN-9f37fad74d,Solactive US Quantum Computing Technology Index PR,SOLACTIVE-US-QUANTUM-COMPUTING-TECHNOLOGY-IN-9f37fad74d,일반주식,지수기반,normalized_master
NASDAQ100,FnGuide 미국나스닥100 단기채권혼합 지수,NASDAQ100,혼합자산,자산배분,normalized_master
FACTSET-글로벌양자컴퓨팅-PR-지수-c58fe2916f,FactSet 글로벌양자컴퓨팅 PR 지수,FACTSET-글로벌양자컴퓨팅-PR-지수-c58fe2916f,일반주식,지수기반,normalized_master
KEDI-골드인컴프리미엄-지수-NTR-806e818b54,KEDI 골드인컴프리미엄 지수(NTR),KEDI-골드인컴프리미엄-지수-NTR-806e818b54,원자재,금,normalized_master
KEDI-미국양자컴퓨팅-TOP10-PR-887d9464c3,KEDI 미국양자컴퓨팅 TOP10(PR),KEDI-미국양자컴퓨팅-TOP10-PR-887d9464c3,일반주식,지수기반,normalized_master
ISELECT-미국양자컴퓨팅-TOP10-PR-948c777033,iSelect 미국양자컴퓨팅 TOP10 (PR),ISELECT-미국양자컴퓨팅-TOP10-PR-948c777033,일반주식,지수기반,normalized_master
S-P-KOREA-TARGET-DATE-2045-GLOBAL-INDEX-d341523421,S&P Korea Target Date 2045 Global Index,S-P-KOREA-TARGET-DATE-2045-GLOBAL-INDEX-d341523421,혼합자산,자산배분,normalized_master
SP500,S&P500 10% Buffered Index March Series (USD) TR,SP500,대표지수,S&P500,normalized_master
SP500,S&P 500,SP500,대표지수,S&P500,normalized_master
ISELECT-미국-차세대-파이낸셜-테크-지수-시장가격-02ff1192e4,iSelect 미국 차세대 파이낸셜 테크 지수(시장가격),ISELECT-미국-차세대-파이낸셜-테크-지수-시장가격-02ff1192e4,일반주식,지수기반,normalized_master
ISELECT-글로벌휴머노이드로봇-PR-eac847a2c0,iSelect 글로벌휴머노이드로봇 (PR),ISELECT-글로벌휴머노이드로봇-PR-eac847a2c0,테마,로봇,normalized_master
DOW-JONES-U-S-DIVIDEND-100-PRICE-RETURN-INDE-7c5a0ad9ec,Dow Jones U.S. Dividend 100 Price Return Index,DOW-JONES-U-S-DIVIDEND-100-PRICE-RETURN-INDE-7c5a0ad9ec,배당·주주환원,고배당,normalized_master
KEDI-미국-휴머노이드-로봇-지수-시장가격-fdfb271956,KEDI 미국 휴머노이드 로봇 지수(시장가격),KEDI-미국-휴머노이드-로봇-지수-시장가격-fdfb271956,테마,로봇,normalized_master
SOLACTIVE-US-NATURAL-GAS-VALUE-CHAIN-INDEX-P-cff30def0e,Solactive US Natural Gas Value Chain Index PR,SOLACTIVE-US-NATURAL-GAS-VALUE-CHAIN-INDEX-P-cff30def0e,일반주식,지수기반,normalized_master
ISELECT-미국-휴머노이드-로봇-지수-PRICE-RETURN-949c4a5a56,iSelect 미국 휴머노이드 로봇 지수(Price Return),ISELECT-미국-휴머노이드-로봇-지수-PRICE-RETURN-949c4a5a56,테마,로봇,normalized_master
SOLACTIVE-PHYSICAL-AI-INDEX-284f0573d5,Solactive Physical AI Index,SOLACTIVE-PHYSICAL-AI-INDEX-284f0573d5,일반주식,지수기반,normalized_master
KEDI-팔란티어미국채커버드콜혼합지수-NTR-a63071964d,KEDI 팔란티어미국채커버드콜혼합지수(NTR),KEDI-팔란티어미국채커버드콜혼합지수-NTR-a63071964d,혼합자산,자산배분,normalized_master
KEDI-팔란티어커버드콜OTM-채권혼합지수-NTR-87cc890182,KEDI 팔란티어커버드콜OTM 채권혼합지수(NTR),KEDI-팔란티어커버드콜OTM-채권혼합지수-NTR-87cc890182,혼합자산,자산배분,normalized_master
ISELECT-미국-AI-소프트웨어-TOP10-지수-PR-e55fee6b9c,iSelect 미국 AI 소프트웨어 TOP10 지수(PR),ISELECT-미국-AI-소프트웨어-TOP10-지수-PR-e55fee6b9c,일반주식,지수기반,normalized_master
SP500,S&P 500,SP500,대표지수,S&P500,normalized_master
KIS-미래에셋-MMF지수-5172527bfa,KIS-미래에셋 MMF지수,KIS-미래에셋-MMF지수-5172527bfa,금리,MMF·머니마켓,normalized_master
SOLACTIVE-CHINA-ARTIFICIAL-INTELLIGENCE-지수-원-d717dbd79f,Solactive China Artificial Intelligence 지수(원화환산)(PR),SOLACTIVE-CHINA-ARTIFICIAL-INTELLIGENCE-지수-원-d717dbd79f,테마,인공지능,normalized_master
ICE-0-3-MONTH-US-TREASURY-SECURITIES-지수-d1ab87fd95,ICE 0-3 Month US Treasury Securities 지수,ICE-0-3-MONTH-US-TREASURY-SECURITIES-지수-d1ab87fd95,금리,초단기 금리,normalized_master
WISDOMTREE-U-S-QUALITY-DIVIDEND-GROWTH-INDEX-6647518acd,WisdomTree U.S. Quality Dividend Growth Index (Price Return),WISDOMTREE-U-S-QUALITY-DIVIDEND-GROWTH-INDEX-6647518acd,배당·주주환원,고배당,normalized_master
MIRAE-ASSET-CHINA-TECH-TOP-10-지수-PRICE-RETUR-b0ddab98ed,Mirae Asset China Tech Top 10 지수 (Price Return),MIRAE-ASSET-CHINA-TECH-TOP-10-지수-PRICE-RETUR-b0ddab98ed,일반주식,지수기반,normalized_master
SOLACTIVE-CHINA-AI-TECH-TOP10-INDEX-PR-a3bfc6d1bb,Solactive China AI Tech Top10 Index(PR),SOLACTIVE-CHINA-AI-TECH-TOP10-INDEX-PR-a3bfc6d1bb,일반주식,지수기반,normalized_master
KEDI-테슬라고정테크100-지수-PR-dac61dd39e,KEDI 테슬라고정테크100 지수(PR),KEDI-테슬라고정테크100-지수-PR-dac61dd39e,일반주식,지수기반,normalized_master
KEDI-팔란티어고정테크100-지수-PR-422a25bbf7,KEDI 팔란티어고정테크100 지수(PR),KEDI-팔란티어고정테크100-지수-PR-422a25bbf7,일반주식,지수기반,normalized_master
KAP-미국-머니마켓-지수-10aff4d687,KAP 미국 머니마켓 지수,KAP-미국-머니마켓-지수-10aff4d687,금리,MMF·머니마켓,normalized_master
SOLACTIVE-CHINA-HUMANOID-ROBOTICS-INDEX-CNH--0f365c5a8f,Solactive China Humanoid Robotics Index (CNH) (Price Return),SOLACTIVE-CHINA-HUMANOID-ROBOTICS-INDEX-CNH--0f365c5a8f,테마,로봇,normalized_master
BLOOMBERG-WISDOMTREE-U-S-QUALITY-DIVIDEND-SH-7070f448d6,Bloomberg WisdomTree U.S. Quality Dividend & Short Term KRW Bonds 50:50 TR Index,BLOOMBERG-WISDOMTREE-U-S-QUALITY-DIVIDEND-SH-7070f448d6,혼합자산,자산배분,normalized_master
BLOOMBERG-WISDOMTREE-U-S-QUALITY-DIVIDEND-B5-1ff383c118,Bloomberg WisdomTree U.S. Quality Dividend & B500 Premium Decrement 50:50 Index,BLOOMBERG-WISDOMTREE-U-S-QUALITY-DIVIDEND-B5-1ff383c118,배당·주주환원,고배당,normalized_master
SOLACTIVE-US-AI-AGENTS-INDEX-PR-2a42dbb167,Solactive US AI Agents Index(PR),SOLACTIVE-US-AI-AGENTS-INDEX-PR-2a42dbb167,일반주식,지수기반,normalized_master
FACTSET-브로드컴밸류체인-지수-942e1b6016,FactSet 브로드컴밸류체인 지수,FACTSET-브로드컴밸류체인-지수-942e1b6016,일반주식,지수기반,normalized_master
KEDI-미국원자력-SMR-지수-PR-32f3c94e41,KEDI 미국원자력 SMR 지수(PR),KEDI-미국원자력-SMR-지수-PR-32f3c94e41,일반주식,지수기반,normalized_master
DOW-JONES-KOREA-DIVIDEND-30-지수-PRICE-RETURN-9cb2dd639c,Dow Jones Korea Dividend 30 지수 (Price Return),DOW-JONES-KOREA-DIVIDEND-30-지수-PRICE-RETURN-9cb2dd639c,배당·주주환원,고배당,normalized_master
SP500,S&P 500 and Short-Term Treasury 50/50 Blend Index,SP500,혼합자산,자산배분,normalized_master
KEDI-중단기크레딧플러스채권-AAA-A-지수-총수익-543d473a44,KEDI 중단기크레딧플러스채권(AAA~A-)지수(총수익),KEDI-중단기크레딧플러스채권-AAA-A-지수-총수익-543d473a44,채권,회사채/초단기/A,normalized_master
MIRAE-ASSET-CHINA-HUMANOID-ROBOT-지수-PR-aa54294f7f,Mirae Asset China Humanoid Robot 지수(PR),MIRAE-ASSET-CHINA-HUMANOID-ROBOT-지수-PR-aa54294f7f,테마,로봇,normalized_master
코스피-200-중소형주지수-3ed34795f6,코스피 200 중소형주지수,코스피-200-중소형주지수-3ed34795f6,규모,규모주,normalized_master
SP500,S&P 500 and U.S. Treasury Bill 0-3 Month 50/50 Blend Index (USD),SP500,혼합자산,자산배분,normalized_master
FTSE-GLOBAL-ALL-CAP-INDEX-PR-032c461169,FTSE Global All Cap Index(PR),FTSE-GLOBAL-ALL-CAP-INDEX-PR-032c461169,일반주식,지수기반,normalized_master
KAP-단기-특수은행채-지수-시장가격-dbfbb85efa,KAP 단기 특수은행채 지수(시장가격),KAP-단기-특수은행채-지수-시장가격-dbfbb85efa,채권,금융채/초단기/미확인등급,normalized_master
BLOOMBERG-GOLD-SPOT-NY-4PM-USD-INDEX-b5e7903de7,Bloomberg Gold Spot NY 4pm USD Index,BLOOMBERG-GOLD-SPOT-NY-4PM-USD-INDEX-b5e7903de7,원자재,금,normalized_master
HANG-SENG-CHINA-TECH-TOP-10-SELECT-INDEX-HKD-7e2a8cf021,Hang Seng China Tech Top 10 Select Index (HKD) (Price Return),HANG-SENG-CHINA-TECH-TOP-10-SELECT-INDEX-HKD-7e2a8cf021,일반주식,지수기반,normalized_master
KEDI-국제금현물-ETF-가격지수-PR-fcb007c0cf,KEDI 국제금현물 ETF 가격지수(PR),KEDI-국제금현물-ETF-가격지수-PR-fcb007c0cf,원자재,금,normalized_master
SOLACTIVE-KEDI-차이나글로벌리더스TOP3플러스-지수-PRICE-RET-fd14c04424,"Solactive-KEDI 차이나글로벌리더스TOP3플러스 지수 (Price Return, CNH)",SOLACTIVE-KEDI-차이나글로벌리더스TOP3플러스-지수-PRICE-RET-fd14c04424,일반주식,지수기반,normalized_master
MIRAE-ASSET-CHINA-AI-SOFTWARE-지수-PRICE-RETUR-1e69bd19ab,"Mirae Asset China AI Software 지수 (Price Return, HKD)",MIRAE-ASSET-CHINA-AI-SOFTWARE-지수-PRICE-RETUR-1e69bd19ab,일반주식,지수기반,normalized_master
SP500,S&P500 10% Buffered Index June Series (USD) TR,SP500,대표지수,S&P500,normalized_master
NASDAQ-100-a3293b2356,NASDAQ 100,NASDAQ-100-a3293b2356,대표지수,NASDAQ100,normalized_master
KRX-금현물지수-a5aac6d62e,KRX 금현물지수,KRX-금현물지수-a5aac6d62e,원자재,금,normalized_master
KEDI-알리바바미국채커버드콜혼합지수-TR-d5fd8b28d4,KEDI 알리바바미국채커버드콜혼합지수(TR),KEDI-알리바바미국채커버드콜혼합지수-TR-d5fd8b28d4,혼합자산,자산배분,normalized_master
KEDI-K수출핵심기업TOP30-지수-PR-37dcd495ea,KEDI K수출핵심기업TOP30 지수(PR),KEDI-K수출핵심기업TOP30-지수-PR-37dcd495ea,일반주식,지수기반,normalized_master
KEDI-미국로보택시-지수-PR-d211ee6af7,KEDI 미국로보택시 지수(PR),KEDI-미국로보택시-지수-PR-d211ee6af7,일반주식,지수기반,normalized_master
BLOOMBERG-BYD-PLUS-TOP-SUPPLY-CHAIN-SELECT-P-a0f19d3a69,Bloomberg BYD Plus Top Supply Chain Select Price Return Index,BLOOMBERG-BYD-PLUS-TOP-SUPPLY-CHAIN-SELECT-P-a0f19d3a69,일반주식,지수기반,normalized_master
ISELECT-방산-TOP10-지수-PRICE-RETURN-2f1d08beb6,iSelect 방산 TOP10 지수(Price Return),ISELECT-방산-TOP10-지수-PRICE-RETURN-2f1d08beb6,일반주식,지수기반,normalized_master
SP500,S&P 500 and iBoxx $ Treasuries 7-10Y 5050 Blend Index(USD) PR/TR Hybrid,SP500,혼합자산,자산배분,normalized_master
FNGUIDE-조선TOP3플러스지수-PR-1d22e0639a,FnGuide 조선TOP3플러스지수(PR),FNGUIDE-조선TOP3플러스지수-PR-1d22e0639a,일반주식,지수기반,normalized_master
STOXX-유럽-방산-지수-e2ca13d7bb,Stoxx 유럽 방산 지수,STOXX-유럽-방산-지수-e2ca13d7bb,일반주식,지수기반,normalized_master
SAMSUNG-KOREA-TARGET-DATE-2060-INDEX-551967c02c,Samsung Korea Target Date 2060 Index,SAMSUNG-KOREA-TARGET-DATE-2060-INDEX-551967c02c,혼합자산,자산배분,normalized_master
KEDI-미국메디컬AI-지수-f657600563,KEDI 미국메디컬AI 지수,KEDI-미국메디컬AI-지수-f657600563,일반주식,지수기반,normalized_master
AKROS-미국테크100-월간방어적배분-지수-TR-e1b1651e5c,Akros 미국테크100 월간방어적배분 지수(TR),AKROS-미국테크100-월간방어적배분-지수-TR-e1b1651e5c,일반주식,지수기반,normalized_master
AKROS-미국대형주500-월간방어적배분-지수-TR-142e7a6413,Akros 미국대형주500 월간방어적배분 지수(TR),AKROS-미국대형주500-월간방어적배분-지수-TR-142e7a6413,규모,규모주,normalized_master
ICE-U-S-TREASURY-7-10-YEAR-BOND-INDEX-TOTAL--8d7fd72d0c,ICE U.S. Treasury 7-10 Year Bond Index (Total Return),ICE-U-S-TREASURY-7-10-YEAR-BOND-INDEX-TOTAL--8d7fd72d0c,채권,미국 국채/중기/not_applicable,normalized_master
ICE-U-S-TREASURY-7-10-YEAR-BOND-INDEX-TOTAL--8d7fd72d0c,ICE U.S. Treasury 7-10 Year Bond Index (Total Return),ICE-U-S-TREASURY-7-10-YEAR-BOND-INDEX-TOTAL--8d7fd72d0c,채권,미국 국채/중기/not_applicable,normalized_master
KEDI-리츠부동산인프라TOP10지수-PRICE-RETURN-381d886bb1,KEDI 리츠부동산인프라TOP10지수 (Price Return),KEDI-리츠부동산인프라TOP10지수-PRICE-RETURN-381d886bb1,일반주식,지수기반,normalized_master
KEDI-리츠부동산인프라TOP10채권혼합지수-PRICE-RETURN-389f0cc879,KEDI 리츠부동산인프라TOP10채권혼합지수 (Price Return),KEDI-리츠부동산인프라TOP10채권혼합지수-PRICE-RETURN-389f0cc879,혼합자산,자산배분,normalized_master
SOLACTIVE-CHINA-AI-BIG-TECH-TOP2-INDEX-PRICE-02e00d749f,Solactive China AI Big Tech TOP2+ Index (Price Return),SOLACTIVE-CHINA-AI-BIG-TECH-TOP2-INDEX-PRICE-02e00d749f,일반주식,지수기반,normalized_master
DEEPSEARCH-외인수급-TOP20-지수-aeb2190d04,DeepSearch 외인수급 Top20 지수,DEEPSEARCH-외인수급-TOP20-지수-aeb2190d04,일반주식,지수기반,normalized_master
NASDAQ-100-US-T-BILLS-1-3-MONTH-50-50-INDEX--eabf734c5a,Nasdaq-100 US T-Bills 1-3 Month 50/50 Index (USD),NASDAQ-100-US-T-BILLS-1-3-MONTH-50-50-INDEX--eabf734c5a,혼합자산,자산배분,normalized_master
SP500,Cboe S&P 500 Volatility Contingent Daily Covered Call Index(Total Retrun),SP500,대표지수,S&P500,normalized_master
코스피-200-금융-고배당-TOP-10-지수-3b15c0badb,코스피 200 금융 고배당 TOP 10 지수,코스피-200-금융-고배당-TOP-10-지수-3b15c0badb,배당·주주환원,고배당,normalized_master
AKROS-K방산소부장-지수-PR-fd1a418804,Akros K방산소부장 지수(PR),AKROS-K방산소부장-지수-PR-fd1a418804,일반주식,지수기반,normalized_master
KAP-미국-국채-10년-지수-총수익-93020448fc,KAP 미국 국채 10년 지수(총수익),KAP-미국-국채-10년-지수-총수익-93020448fc,채권,국채/중기/미확인등급,normalized_master
KIS-회사채-AA-이상-2706만기형지수-총수익-bde174d292,KIS 회사채(AA-이상)2706만기형지수(총수익),KIS-회사채-AA-이상-2706만기형지수-총수익-bde174d292,채권,회사채/만기매칭형/AA,normalized_master
ISELECT-코리아-원자력-지수-PRICE-RETURN-8481b8cdd6,iSelect 코리아 원자력 지수 (Price Return),ISELECT-코리아-원자력-지수-PRICE-RETURN-8481b8cdd6,일반주식,지수기반,normalized_master
FNGUIDE-한국원자력-SMR-지수-PR-902403f079,FnGuide 한국원자력 SMR 지수(PR),FNGUIDE-한국원자력-SMR-지수-PR-902403f079,일반주식,지수기반,normalized_master
KAP-27-12-크레딧-채권지수-AA-이상-총수익-45ab72ab02,"KAP 27-12 크레딧 채권지수(AA-이상, 총수익)",KAP-27-12-크레딧-채권지수-AA-이상-총수익-45ab72ab02,채권,회사채/만기매칭형/AA,normalized_master
FNGUIDE-AI반도체TOP10-지수-f5b042dc45,FnGuide AI반도체TOP10 지수,FNGUIDE-AI반도체TOP10-지수-f5b042dc45,테마,반도체,normalized_master
KEDI-엔비디아고정테크100-지수-PR-ac99933b67,KEDI 엔비디아고정테크100 지수(PR),KEDI-엔비디아고정테크100-지수-PR-ac99933b67,일반주식,지수기반,normalized_master
KEDI-팔란티어밸류체인지수-PR-8d54fc23bf,KEDI 팔란티어밸류체인지수(PR),KEDI-팔란티어밸류체인지수-PR-8d54fc23bf,일반주식,지수기반,normalized_master
KIS-회사채-2804만기형-지수-총수익-ab9ef2d96d,KIS 회사채 2804만기형 지수(총수익),KIS-회사채-2804만기형-지수-총수익-ab9ef2d96d,채권,회사채/만기매칭형/A,normalized_master
BLOOMBERG-CHINA-TECH-SELECT-TOP-10-12-TARGET-665a8bb907,Bloomberg China Tech Select TOP 10 + 12% Target Premium Weekly Index,BLOOMBERG-CHINA-TECH-SELECT-TOP-10-12-TARGET-665a8bb907,일반주식,지수기반,normalized_master
코리아-밸류업-위클리-커버드콜-30-지수-25662d408c,코리아 밸류업 위클리 커버드콜 30% 지수,코리아-밸류업-위클리-커버드콜-30-지수-25662d408c,일반주식,지수기반,normalized_master
SOLACTIVE-KEDI-XIAOMI-FOCUS-CHINA-TECH-INDEX-91f0f4ed02,Solactive-KEDI Xiaomi Focus China Tech Index,SOLACTIVE-KEDI-XIAOMI-FOCUS-CHINA-TECH-INDEX-91f0f4ed02,일반주식,지수기반,normalized_master
AKROS-미국AI테크TOP10-한국고배당3070-지수-2e6fd48691,Akros 미국AI테크TOP10&한국고배당3070 지수,AKROS-미국AI테크TOP10-한국고배당3070-지수-2e6fd48691,배당·주주환원,고배당,normalized_master
ISELECT-원자력SMR-지수-PRICE-RETURN-43b4edd4d2,iSelect 원자력SMR 지수(Price Return),ISELECT-원자력SMR-지수-PRICE-RETURN-43b4edd4d2,일반주식,지수기반,normalized_master
FNGUIDE-고배당주-플러스-자사주-지수-PR-de6e13835b,FnGuide 고배당주 플러스 자사주 지수 (PR),FNGUIDE-고배당주-플러스-자사주-지수-PR-de6e13835b,배당·주주환원,고배당,normalized_master
코스피-200-dbc8ccb693,코스피 200,코스피-200-dbc8ccb693,일반주식,지수기반,normalized_master
KIS-1-3년-우량크레딧-AA-이상-총수익지수-778324e6aa,KIS 1~3년 우량크레딧(AA-이상) 총수익지수,KIS-1-3년-우량크레딧-AA-이상-총수익지수-778324e6aa,채권,회사채/미확인만기/AA,normalized_master
ISELECT-방산-TOP10-지수-PRICE-RETURN-2f1d08beb6,iSelect 방산 TOP10 지수(Price Return),ISELECT-방산-TOP10-지수-PRICE-RETURN-2f1d08beb6,일반주식,지수기반,normalized_master
KRX-AKROS-AI-전력인프라-지수-5539ef0757,KRX-Akros AI 전력인프라 지수,KRX-AKROS-AI-전력인프라-지수-5539ef0757,일반주식,지수기반,normalized_master
AKROS-U-S-AI-SOFTWARE-TOP4-PLUS-지수-PRICE-RET-5432397fe1,Akros U.S. AI Software TOP4 Plus 지수 (Price Return),AKROS-U-S-AI-SOFTWARE-TOP4-PLUS-지수-PRICE-RET-5432397fe1,일반주식,지수기반,normalized_master
NYSE-FACTSET-EUROPE-DEFENSE-TOP10-INDEX-PRIC-6430f73e8e,NYSE FactSet Europe Defense TOP10 Index (Price Return),NYSE-FACTSET-EUROPE-DEFENSE-TOP10-INDEX-PRIC-6430f73e8e,일반주식,지수기반,normalized_master
ISELECT-K소버린AI-지수-03e02321e8,iSelect K소버린AI 지수,ISELECT-K소버린AI-지수-03e02321e8,일반주식,지수기반,normalized_master
FNGUIDE-K-방위산업-지수-4df066811b,FnGuide K-방위산업 지수,FNGUIDE-K-방위산업-지수-4df066811b,일반주식,지수기반,normalized_master
FNGUIDE-미국나스닥-금융채권혼합-지수-6e271c2279,FnGuide 미국나스닥 금융채권혼합 지수,FNGUIDE-미국나스닥-금융채권혼합-지수-6e271c2279,혼합자산,자산배분,normalized_master
코스피-200-타겟-7-위클리-커버드콜-지수-0c1de68b85,코스피 200 타겟 7% 위클리 커버드콜 지수,코스피-200-타겟-7-위클리-커버드콜-지수-0c1de68b85,일반주식,지수기반,normalized_master
DOW_JONES,KRX 다우존스 코리아 배당 30 타겟 7% 위클리 커버드콜 지수,DOW_JONES,일반주식,지수기반,normalized_master
KEDI-한국AI소프트웨어-지수-PR-a8b8a6ebc9,KEDI 한국AI소프트웨어 지수(PR),KEDI-한국AI소프트웨어-지수-PR-a8b8a6ebc9,일반주식,지수기반,normalized_master
FNGUIDE-코리아-고배당-지수-PR-0c56821ccb,FnGuide 코리아 고배당 지수(PR),FNGUIDE-코리아-고배당-지수-PR-0c56821ccb,배당·주주환원,고배당,normalized_master
AKROS-미국AI테크TOP10-미국고배당3070-지수-ce795d134e,Akros 미국AI테크TOP10&미국고배당3070 지수,AKROS-미국AI테크TOP10-미국고배당3070-지수-ce795d134e,배당·주주환원,고배당,normalized_master
FNGUIDE-증권-고배당-TOP3-플러스-지수-7ffaa27c8a,FnGuide 증권 고배당 TOP3 플러스 지수,FNGUIDE-증권-고배당-TOP3-플러스-지수-7ffaa27c8a,배당·주주환원,고배당,normalized_master
NASDAQ-100-US-T-BILLS-0-6-MONTH-50-50-INDEX-d84c7ce17f,Nasdaq-100 US T-Bills 0-6 Month 50/50 Index,NASDAQ-100-US-T-BILLS-0-6-MONTH-50-50-INDEX-d84c7ce17f,혼합자산,자산배분,normalized_master
코스피-200-TR-f72cebfb6a,코스피 200 TR,코스피-200-TR-f72cebfb6a,일반주식,지수기반,normalized_master
BLOOMBERG-WORLD-LARGE-MID-SMALL-CAP-PR-INDEX-8ec442999b,"Bloomberg World Large, Mid & Small cap PR Index",BLOOMBERG-WORLD-LARGE-MID-SMALL-CAP-PR-INDEX-8ec442999b,규모,규모주,normalized_master
SOLACTIVE-미국바이오헬스케어지수-PR-6662a0d533,Solactive 미국바이오헬스케어지수 PR,SOLACTIVE-미국바이오헬스케어지수-PR-6662a0d533,일반주식,지수기반,normalized_master
KAP-머니마켓-지수-총수익-c61f6251ed,KAP 머니마켓 지수(총수익),KAP-머니마켓-지수-총수익-c61f6251ed,금리,MMF·머니마켓,normalized_master
SOLACTIVE-KEDI-글로벌-게임-테크-TOP3-플러스-지수-0e66ba2bc6,Solactive-KEDI 글로벌 게임 테크 TOP3 플러스 지수,SOLACTIVE-KEDI-글로벌-게임-테크-TOP3-플러스-지수-0e66ba2bc6,일반주식,지수기반,normalized_master
DOW-JONES-U-S-HIGH-DIVIDEND-10-INDEX-2477a9ee73,Dow Jones U.S. High Dividend 10 Index,DOW-JONES-U-S-HIGH-DIVIDEND-10-INDEX-2477a9ee73,배당·주주환원,고배당,normalized_master
KRX-조선-TOP10-2de7c4d017,KRX 조선 TOP10,KRX-조선-TOP10-2de7c4d017,일반주식,지수기반,normalized_master
KRX-코리아-소버린-AI-지수-08d1c6a987,KRX 코리아 소버린 AI 지수,KRX-코리아-소버린-AI-지수-08d1c6a987,일반주식,지수기반,normalized_master
KAP-26-12-금융채-총수익-지수-AA-이상-4c9c4e0a09,KAP 26-12 금융채 총수익 지수(AA-이상),KAP-26-12-금융채-총수익-지수-AA-이상-4c9c4e0a09,채권,금융채/만기매칭형/AA,normalized_master
KEDI-코리아AI전력기기TOP3플러스-지수-4383045123,KEDI 코리아AI전력기기TOP3플러스 지수,KEDI-코리아AI전력기기TOP3플러스-지수-4383045123,일반주식,지수기반,normalized_master
KEDI-미국넥스트테크TOP10-PR-21d447f7d5,KEDI 미국넥스트테크TOP10(PR),KEDI-미국넥스트테크TOP10-PR-21d447f7d5,일반주식,지수기반,normalized_master
AKROS-U-S-AI-INNOVATOR-PRICE-RETURN-INDEX-dfd80c2e84,Akros U.S. AI Innovator Price Return Index,AKROS-U-S-AI-INNOVATOR-PRICE-RETURN-INDEX-dfd80c2e84,일반주식,지수기반,normalized_master
KAP-28-12-회사채-총수익-지수-AA-이상-d5b7bc0ce0,KAP 28-12 회사채 총수익 지수(AA- 이상),KAP-28-12-회사채-총수익-지수-AA-이상-d5b7bc0ce0,채권,회사채/만기매칭형/AA,normalized_master
FNGUIDE-카카오그룹-포커스-지수-0be3d9395a,FnGuide 카카오그룹 포커스 지수,FNGUIDE-카카오그룹-포커스-지수-0be3d9395a,일반주식,지수기반,normalized_master
KAP-26-11-회사채-AA-이상-총수익지수-a498c314f6,KAP 26-11 회사채(AA-이상) 총수익지수,KAP-26-11-회사채-AA-이상-총수익지수-a498c314f6,채권,회사채/만기매칭형/AA,normalized_master
AKROS-U-S-AI-ELECTRICITY-SMR-INDEX-지수-PR-ab77110c1c,Akros U.S. AI Electricity SMR Index 지수(PR),AKROS-U-S-AI-ELECTRICITY-SMR-INDEX-지수-PR-ab77110c1c,일반주식,지수기반,normalized_master
KIS-은행채2612만기형-지수-d9aeb53605,KIS 은행채2612만기형 지수,KIS-은행채2612만기형-지수-d9aeb53605,채권,금융채/만기매칭형/AA,normalized_master
CRSP-US-LARGE-CAP-VALUE-INDEX-PR-d7bd71bd3b,CRSP US Large Cap Value Index(PR),CRSP-US-LARGE-CAP-VALUE-INDEX-PR-d7bd71bd3b,규모,규모주,normalized_master
CRSP-US-LARGE-CAP-GROWTH-INDEX-PR-5ed9392b7a,CRSP US Large Cap Growth Index(PR),CRSP-US-LARGE-CAP-GROWTH-INDEX-PR-5ed9392b7a,규모,규모주,normalized_master
AKROS-미국-AI-클라우드-인프라-지수-PRICE-RETURN-4df9680cf0,Akros 미국 AI 클라우드 인프라 지수(Price Return),AKROS-미국-AI-클라우드-인프라-지수-PRICE-RETURN-4df9680cf0,일반주식,지수기반,normalized_master
SP500,S&P500 생애배당다우존스 2040 지수,SP500,대표지수,S&P500,normalized_master
SP500,S&P500 TOP10 생애배당다우존스 2040 지수,SP500,대표지수,S&P500,normalized_master
HSTECH-15-TARGET-PREMIUM-WEEKLY-COVERED-CALL-3738bbf070,HSTECH 15% Target Premium Weekly Covered Call Index,HSTECH-15-TARGET-PREMIUM-WEEKLY-COVERED-CALL-3738bbf070,일반주식,지수기반,normalized_master
SOLACTIVE-KEDI-CHINA-CONSUMER-TREND-INDEX-PR-ea59c0c3cb,SOLACTIVE-KEDI CHINA CONSUMER TREND INDEX(PR),SOLACTIVE-KEDI-CHINA-CONSUMER-TREND-INDEX-PR-ea59c0c3cb,일반주식,지수기반,normalized_master
AKROS-미국우주항공테크-지수-741380e897,Akros 미국우주항공테크 지수,AKROS-미국우주항공테크-지수-741380e897,일반주식,지수기반,normalized_master
KIS-단기특수은행채-지수-총수익-bfde1e795e,KIS 단기특수은행채 지수(총수익),KIS-단기특수은행채-지수-총수익-bfde1e795e,채권,금융채/초단기/미확인등급,normalized_master
KEDI-글로벌-K컬처밸류체인-지수-PR-8e443ef007,KEDI 글로벌 K컬처밸류체인 지수(PR),KEDI-글로벌-K컬처밸류체인-지수-PR-8e443ef007,일반주식,지수기반,normalized_master
ISELECT-미국원자력SMR-지수-PRICE-RETURN-eb79a6cef5,iSelect 미국원자력SMR 지수(Price Return),ISELECT-미국원자력SMR-지수-PRICE-RETURN-eb79a6cef5,일반주식,지수기반,normalized_master
AKROS-테슬라-위클리-커버드콜-채권혼합-지수-f3ca76d949,Akros 테슬라 위클리 커버드콜 채권혼합 지수,AKROS-테슬라-위클리-커버드콜-채권혼합-지수-f3ca76d949,혼합자산,자산배분,normalized_master
SOLACTIVE-CHINA-SECURITIES-INDEX-PRICE-RETUR-e6c5561f19,Solactive China Securities Index (Price Return),SOLACTIVE-CHINA-SECURITIES-INDEX-PRICE-RETUR-e6c5561f19,일반주식,지수기반,normalized_master
KIS-중기종합채권-1-5Y-AA-이상-총수익-11c869b1e0,"KIS 중기종합채권 (1~5Y, AA-이상, 총수익)",KIS-중기종합채권-1-5Y-AA-이상-총수익-11c869b1e0,채권,채권/중기/AA,normalized_master
SP500,S&P500 모멘텀 지수,SP500,대표지수,S&P500,normalized_master
SP500,S&P500 & S&P GSCI 금현물 90/10 혼합지수,SP500,혼합자산,자산배분,normalized_master
FNGUIDE-동학개미-지수-18621e3c8d,FnGuide 동학개미 지수,FNGUIDE-동학개미-지수-18621e3c8d,일반주식,지수기반,normalized_master
SP500,S&P500 10% Daily Fixed Covered Call Index,SP500,대표지수,S&P500,normalized_master
AKROS-미국-금현물-ETF-채권혼합-지수-a9cc485982,Akros 미국 금현물 ETF 채권혼합 지수,AKROS-미국-금현물-ETF-채권혼합-지수-a9cc485982,혼합자산,자산배분,normalized_master
KIS-12월-만기-자동연장금융채-AA-이상-총수익지수-1a0ae7491e,KIS 12월 만기 자동연장금융채(AA-이상) 총수익지수,KIS-12월-만기-자동연장금융채-AA-이상-총수익지수-1a0ae7491e,채권,금융채/미확인만기/AA,normalized_master
KRX-AKROS-고배당주-20-지수-78e2ed021a,KRX-Akros 고배당주 20 지수,KRX-AKROS-고배당주-20-지수-78e2ed021a,배당·주주환원,고배당,normalized_master
FNGUIDE-조선기자재-지수-PR-1a29303a79,FnGuide 조선기자재 지수(PR),FNGUIDE-조선기자재-지수-PR-1a29303a79,일반주식,지수기반,normalized_master
KAP-K-중기종합채권지수-AA-이상-총수익-54651b2f47,"KAP K-중기종합채권지수(AA-이상,총수익)",KAP-K-중기종합채권지수-AA-이상-총수익-54651b2f47,채권,채권/중기/AA,normalized_master
AKROS-U-S-AI-DATA-CENTER-TOP4-PLUS-지수-PR-b5113d8d1b,Akros U.S. AI Data Center TOP4 Plus 지수(PR),AKROS-U-S-AI-DATA-CENTER-TOP4-PLUS-지수-PR-b5113d8d1b,테마,AI 데이터센터,normalized_master
NASDAQ-100-a3293b2356,NASDAQ 100,NASDAQ-100-a3293b2356,일반주식,지수기반,normalized_master
ISELECT-미국드론UAM-TOP10-지수-PRICE-RETURN-fd0f66bf45,iSelect 미국드론UAM TOP10 지수(Price Return),ISELECT-미국드론UAM-TOP10-지수-PRICE-RETURN-fd0f66bf45,일반주식,지수기반,normalized_master
KEDI-코리아-휴머노이드로봇산업-지수-PR-92cb3f55fb,KEDI 코리아 휴머노이드로봇산업 지수 (PR),KEDI-코리아-휴머노이드로봇산업-지수-PR-92cb3f55fb,테마,로봇,normalized_master
FNGUIDE-수소전력ESS인프라-지수-PR-b3d24a7930,FnGuide 수소전력ESS인프라 지수(PR),FNGUIDE-수소전력ESS인프라-지수-PR-b3d24a7930,일반주식,지수기반,normalized_master
KAP-코리아전략산업지수-a19506080d,KAP 코리아전략산업지수,KAP-코리아전략산업지수-a19506080d,일반주식,지수기반,normalized_master
AKROS-미국-AI-반도체-TOP-3-플러스-지수-PRICE-RETURN-20d57260a4,Akros 미국 AI 반도체 Top 3 플러스 지수 (Price Return),AKROS-미국-AI-반도체-TOP-3-플러스-지수-PRICE-RETURN-20d57260a4,테마,반도체,normalized_master
FNGUIDE-배당성향탑픽-지수-PR-b38fc0653f,FnGuide 배당성향탑픽 지수(PR),FNGUIDE-배당성향탑픽-지수-PR-b38fc0653f,일반주식,지수기반,normalized_master
AKROS-주주환원-고배당-지수-PRICE-RETURN-b52dcb8b3a,Akros 주주환원 고배당 지수 (Price Return),AKROS-주주환원-고배당-지수-PRICE-RETURN-b52dcb8b3a,배당·주주환원,고배당,normalized_master
FNGUIDE-맥쿼리인프라-배당-리츠-지수-시장가격-2259111ba4,FnGuide 맥쿼리인프라 배당 리츠 지수 (시장가격),FNGUIDE-맥쿼리인프라-배당-리츠-지수-시장가격-2259111ba4,일반주식,지수기반,normalized_master
AKROS-미국-고배당주-20-지수-a64085114a,Akros 미국 고배당주 20 지수,AKROS-미국-고배당주-20-지수-a64085114a,배당·주주환원,고배당,normalized_master
ISELECT-초대형IB-금융지주-지수-3f4083eca1,iSelect 초대형IB&금융지주 지수,ISELECT-초대형IB-금융지주-지수-3f4083eca1,일반주식,지수기반,normalized_master
SOLACTIVE-차이나바이오헬스케어지수-PR-f1d36db55b,Solactive 차이나바이오헬스케어지수 PR,SOLACTIVE-차이나바이오헬스케어지수-PR-f1d36db55b,일반주식,지수기반,normalized_master
SOLACTIVE-US-SMR-NUCLEAR-TOP-10-INDEX-PRICE--4992144df4,Solactive US SMR Nuclear TOP 10 Index (Price Return),SOLACTIVE-US-SMR-NUCLEAR-TOP-10-INDEX-PRICE--4992144df4,일반주식,지수기반,normalized_master
ISELECT-K휴머노이드테마TOP10-지수-1600668c11,iSelect K휴머노이드테마TOP10 지수,ISELECT-K휴머노이드테마TOP10-지수-1600668c11,일반주식,지수기반,normalized_master
INDXX-CHINA-AI-SEMICONDUCTOR-TOP-10-INDEX-PR-6ad7cd1ed6,Indxx China AI Semiconductor Top 10 Index (Price Return),INDXX-CHINA-AI-SEMICONDUCTOR-TOP-10-INDEX-PR-6ad7cd1ed6,테마,반도체,normalized_master
KAP-금융채-1-2년-총수익-지수-5bc49361d9,KAP 금융채 1-2년 총수익 지수,KAP-금융채-1-2년-총수익-지수-5bc49361d9,채권,금융채/미확인만기/AA,normalized_master
코스닥-3aee034cd3,코스닥,코스닥-3aee034cd3,일반주식,지수기반,normalized_master
KAP-삼성전자SK하이닉스채권혼합50-지수-7759d2a8f3,KAP 삼성전자SK하이닉스채권혼합50 지수,KAP-삼성전자SK하이닉스채권혼합50-지수-7759d2a8f3,혼합자산,자산배분,normalized_master
코스닥-3aee034cd3,코스닥,코스닥-3aee034cd3,일반주식,지수기반,normalized_master
SOLACTIVE-CHINA-AI-SEMICONDUCTOR-TOP-4-PLUS--629ca2c193,Solactive China AI Semiconductor TOP 4 Plus Index,SOLACTIVE-CHINA-AI-SEMICONDUCTOR-TOP-4-PLUS--629ca2c193,테마,반도체,normalized_master
코스닥-150-645768490d,코스닥 150,코스닥-150-645768490d,일반주식,지수기반,normalized_master
AKROS-K제조업-50-지수-b478568530,Akros K제조업 50 지수,AKROS-K제조업-50-지수-b478568530,일반주식,지수기반,normalized_master
ISELECT-미국AI지적재산-지수-PR-60ff8c2d19,iSelect 미국AI지적재산 지수(PR),ISELECT-미국AI지적재산-지수-PR-60ff8c2d19,일반주식,지수기반,normalized_master
FNGUIDE-AI반도체-TOP2-플러스-지수-PR-7519fbb83b,FnGuide AI반도체 TOP2 플러스 지수(PR),FNGUIDE-AI반도체-TOP2-플러스-지수-PR-7519fbb83b,테마,반도체,normalized_master
코스피-200-타겟-15-위클리-커버드콜-지수-fe795f5c4b,코스피 200 타겟 15% 위클리 커버드콜 지수,코스피-200-타겟-15-위클리-커버드콜-지수-fe795f5c4b,일반주식,지수기반,normalized_master
ISELECT-미국우주항공지수-PRICE-RETURN-2a6b07604b,iSelect 미국우주항공지수(Price Return),ISELECT-미국우주항공지수-PRICE-RETURN-2a6b07604b,일반주식,지수기반,normalized_master
KRX-기술이전-바이오-지수-25b300eb29,KRX 기술이전 바이오 지수,KRX-기술이전-바이오-지수-25b300eb29,일반주식,지수기반,normalized_master
BLOOMBERG-BLENDED-SILVER-SPOT-USD-INDEX-e5de825fbd,Bloomberg Blended Silver Spot USD index,BLOOMBERG-BLENDED-SILVER-SPOT-USD-INDEX-e5de825fbd,원자재,은,normalized_master
ISELECT-K수출핵심산업-지수-시장가격-1db54eaf05,iSelect K수출핵심산업 지수 (시장가격),ISELECT-K수출핵심산업-지수-시장가격-1db54eaf05,일반주식,지수기반,normalized_master
AKROS-미국-AI-광통신-및-네트워크-인프라-지수-PR-584d1064c3,Akros 미국 AI 광통신 및 네트워크 인프라 지수(PR),AKROS-미국-AI-광통신-및-네트워크-인프라-지수-PR-584d1064c3,일반주식,지수기반,normalized_master
SOLACTIVE-글로벌AI메모리반도체-지수-PR-175337bde8,Solactive 글로벌AI메모리반도체 지수 (PR),SOLACTIVE-글로벌AI메모리반도체-지수-PR-175337bde8,테마,반도체,normalized_master
KRX-프라임-오피스-리츠-지수-62128a2ebc,KRX 프라임 오피스 리츠 지수,KRX-프라임-오피스-리츠-지수-62128a2ebc,일반주식,지수기반,normalized_master
DOW_JONES,미국성장다우존스 지수,DOW_JONES,일반주식,지수기반,normalized_master
SOLACTIVE-US-AI-ELECTRICITY-INFRASTRUCTURE-I-c9d6ecd62a,Solactive US AI Electricity Infrastructure Index PR,SOLACTIVE-US-AI-ELECTRICITY-INFRASTRUCTURE-I-c9d6ecd62a,일반주식,지수기반,normalized_master
AI-반도체-위클리-고정-30-커버드콜-지수-a1cff0b813,AI 반도체 위클리 고정 30% 커버드콜 지수,AI-반도체-위클리-고정-30-커버드콜-지수-a1cff0b813,테마,반도체,normalized_master
ISELECT-두산그룹-포커스-지수-54c02af16e,iSelect 두산그룹 포커스 지수,ISELECT-두산그룹-포커스-지수-54c02af16e,일반주식,지수기반,normalized_master
WISE-삼성전자-SK하이닉스-채권혼합-지수-1c62e5c8d8,Wise 삼성전자 SK하이닉스 채권혼합 지수,WISE-삼성전자-SK하이닉스-채권혼합-지수-1c62e5c8d8,혼합자산,자산배분,normalized_master
FNGUIDE-반도체-TOP10-CAPPED-지수-PRICE-RETURN-4697e89fc7,FnGuide 반도체 TOP10 Capped 지수(Price Return),FNGUIDE-반도체-TOP10-CAPPED-지수-PRICE-RETURN-4697e89fc7,테마,반도체,normalized_master
AKROS-K-휴머노이드-로봇-TOP2-지수-시장가격-af7ffd5551,Akros K-휴머노이드 로봇 TOP2+ 지수 (시장가격),AKROS-K-휴머노이드-로봇-TOP2-지수-시장가격-af7ffd5551,테마,로봇,normalized_master
FNGUIDE-미국AI-TOP10국채혼합-지수-b5cd0cca45,FnGuide 미국AI TOP10국채혼합 지수,FNGUIDE-미국AI-TOP10국채혼합-지수-b5cd0cca45,혼합자산,자산배분,normalized_master
FNGUIDE-미국스페이스테크-지수-시장가격-b45ff1761a,FnGuide 미국스페이스테크 지수(시장가격),FNGUIDE-미국스페이스테크-지수-시장가격-b45ff1761a,일반주식,지수기반,normalized_master
SOLACTIVE-US-AI-MEMORY-SEMICONDUCTOR-TOP4-IN-b1cf77dfe4,Solactive US AI Memory Semiconductor Top4+ Index,SOLACTIVE-US-AI-MEMORY-SEMICONDUCTOR-TOP4-IN-b1cf77dfe4,테마,반도체,normalized_master
KEDI-미국우주항공-TOP10-PR-50315042a7,KEDI 미국우주항공 TOP10(PR),KEDI-미국우주항공-TOP10-PR-50315042a7,일반주식,지수기반,normalized_master
NICE-K반도체-TOP2-MAX-지수-30ca8ef563,NICE K반도체 TOP2 MAX+ 지수,NICE-K반도체-TOP2-MAX-지수-30ca8ef563,테마,반도체,normalized_master
KEDI-K반도체TOP2채권혼합-지수-5d0328f3e3,KEDI K반도체TOP2채권혼합 지수,KEDI-K반도체TOP2채권혼합-지수-5d0328f3e3,혼합자산,자산배분,normalized_master
AKROS-U-S-SPACE-TECH-지수-PR-3f03ef47e3,Akros U.S. Space Tech 지수(PR),AKROS-U-S-SPACE-TECH-지수-PR-3f03ef47e3,일반주식,지수기반,normalized_master
FNGUIDE-삼성전자-SK하이닉스-채권혼합-지수-d231d7b723,FnGuide 삼성전자 & SK하이닉스 채권혼합 지수,FNGUIDE-삼성전자-SK하이닉스-채권혼합-지수-d231d7b723,혼합자산,자산배분,normalized_master
코스피-200-단기국공채-혼합지수-05fed38c7b,코스피 200 단기국공채 혼합지수,코스피-200-단기국공채-혼합지수-05fed38c7b,혼합자산,자산배분,normalized_master
KIS-중기종합채권-A-이상-지수-총수익-f6cf772b25,KIS 중기종합채권(A-이상) 지수(총수익),KIS-중기종합채권-A-이상-지수-총수익-f6cf772b25,채권,채권/중기/A,normalized_master
AKROS-은-채권혼합-지수-f01a0b6e09,Akros 은 채권혼합 지수,AKROS-은-채권혼합-지수-f01a0b6e09,혼합자산,자산배분,normalized_master
FNGUIDE-K-바이오-밸런스드-지수-c11e7d2088,FnGuide K-바이오 밸런스드 지수,FNGUIDE-K-바이오-밸런스드-지수-c11e7d2088,일반주식,지수기반,normalized_master
SOLACTIVE-GLOBAL-AI-HUMANOID-ROBOTICS-지수-원화환-3b4668c3f0,Solactive Global AI Humanoid Robotics 지수(원화환산)(PR),SOLACTIVE-GLOBAL-AI-HUMANOID-ROBOTICS-지수-원화환-3b4668c3f0,테마,로봇,normalized_master
ISELECT-미국로봇피지컬AI지수-5706643f27,iSelect 미국로봇피지컬AI지수,ISELECT-미국로봇피지컬AI지수-5706643f27,테마,로봇,normalized_master
코스닥-150-단기국공채-혼합지수-18c3861e1e,코스닥 150 단기국공채 혼합지수,코스닥-150-단기국공채-혼합지수-18c3861e1e,혼합자산,자산배분,normalized_master
ICE-SILVER-SPOT-지수-시장가격-1588207a11,ICE Silver Spot 지수 (시장가격),ICE-SILVER-SPOT-지수-시장가격-1588207a11,원자재,은,normalized_master
KRX-AKROS-금융-지주-고배당-지수-5aac58a22a,KRX-Akros 금융 & 지주 고배당 지수,KRX-AKROS-금융-지주-고배당-지수-5aac58a22a,배당·주주환원,고배당,normalized_master
KEDI-현대차고정피지컬AI-지수-0f36e979db,KEDI 현대차고정피지컬AI 지수,KEDI-현대차고정피지컬AI-지수-0f36e979db,일반주식,지수기반,normalized_master
KRX-반도체-타겟-9-분배-위클리-커버드콜-지수-50650ceeeb,KRX 반도체 타겟 9% 분배 위클리 커버드콜 지수,KRX-반도체-타겟-9-분배-위클리-커버드콜-지수-50650ceeeb,테마,반도체,normalized_master
AKROS-미국AI-프론티어테크-하이베타-지수-328f5a19f1,Akros 미국AI&프론티어테크 하이베타 지수,AKROS-미국AI-프론티어테크-하이베타-지수-328f5a19f1,일반주식,지수기반,normalized_master
AKROS-GOOGLE-VALUE-CHAIN-지수-PRICE-RETURN-70f9f7b2aa,Akros Google Value Chain 지수 (Price Return),AKROS-GOOGLE-VALUE-CHAIN-지수-PRICE-RETURN-70f9f7b2aa,일반주식,지수기반,normalized_master
코스닥-3aee034cd3,코스닥,코스닥-3aee034cd3,일반주식,지수기반,normalized_master
KAP-5월-만기자동연장-특수채-AAA-총수익-지수-5c2c42b1ea,KAP 5월 만기자동연장 특수채(AAA) 총수익 지수,KAP-5월-만기자동연장-특수채-AAA-총수익-지수-5c2c42b1ea,채권,채권/미확인만기/미확인등급,normalized_master
코스닥-150-645768490d,코스닥 150,코스닥-150-645768490d,일반주식,지수기반,normalized_master
KIS-중기종합채권시장-A-이상-총수익지수-3ed0de7ae1,KIS 중기종합채권시장 A-이상 총수익지수,KIS-중기종합채권시장-A-이상-총수익지수-3ed0de7ae1,채권,채권/중기/A,normalized_master
KRX-SK하이닉스-지수-b6543522df,KRX SK하이닉스 지수,KRX-SK하이닉스-지수-b6543522df,일반주식,지수기반,normalized_master
KRX-삼성전자-지수-cf730649c6,KRX 삼성전자 지수,KRX-삼성전자-지수-cf730649c6,일반주식,지수기반,normalized_master
코스피-200-KTB-혼합지수-3a7784c2e2,코스피 200 KTB 혼합지수,코스피-200-KTB-혼합지수-3a7784c2e2,혼합자산,자산배분,normalized_master
코스닥-TOP-10-지수-7f9daea439,코스닥 TOP 10 지수,코스닥-TOP-10-지수-7f9daea439,일반주식,지수기반,normalized_master
NICE-중기종합채권-A-이상-총수익지수-6faa214e71,NICE 중기종합채권(A-이상)(총수익지수),NICE-중기종합채권-A-이상-총수익지수-6faa214e71,채권,채권/중기/A,normalized_master
코스피-aa7fe95c87,코스피,코스피-aa7fe95c87,일반주식,지수기반,normalized_master
KRX-삼성전자-지수-cf730649c6,KRX 삼성전자 지수,KRX-삼성전자-지수-cf730649c6,일반주식,지수기반,normalized_master
KRX-삼성전자-선물-지수-60c302f2d9,KRX 삼성전자 선물 지수,KRX-삼성전자-선물-지수-60c302f2d9,일반주식,지수기반,normalized_master
KAP-27-12-특수채-총수익-지수-AAA이상-09886ae9fc,KAP 27-12 특수채 총수익 지수(AAA이상),KAP-27-12-특수채-총수익-지수-AAA이상-09886ae9fc,채권,채권/만기매칭형/미확인등급,normalized_master
KRX-SK하이닉스-지수-b6543522df,KRX SK하이닉스 지수,KRX-SK하이닉스-지수-b6543522df,일반주식,지수기반,normalized_master
KRX-삼성전자-지수-cf730649c6,KRX 삼성전자 지수,KRX-삼성전자-지수-cf730649c6,일반주식,지수기반,normalized_master
KRX-삼성전자-지수-cf730649c6,KRX 삼성전자 지수,KRX-삼성전자-지수-cf730649c6,일반주식,지수기반,normalized_master
KRX-삼성전자-선물-지수-60c302f2d9,KRX 삼성전자 선물 지수,KRX-삼성전자-선물-지수-60c302f2d9,일반주식,지수기반,normalized_master
KRX-SK하이닉스-선물-지수-9bdc7715fe,KRX SK하이닉스 선물 지수,KRX-SK하이닉스-선물-지수-9bdc7715fe,일반주식,지수기반,normalized_master
KRX-SK하이닉스-지수-b6543522df,KRX SK하이닉스 지수,KRX-SK하이닉스-지수-b6543522df,일반주식,지수기반,normalized_master
KRX-삼성전자-지수-cf730649c6,KRX 삼성전자 지수,KRX-삼성전자-지수-cf730649c6,일반주식,지수기반,normalized_master
KRX-SK하이닉스-지수-b6543522df,KRX SK하이닉스 지수,KRX-SK하이닉스-지수-b6543522df,일반주식,지수기반,normalized_master
KRX-SK하이닉스-지수-b6543522df,KRX SK하이닉스 지수,KRX-SK하이닉스-지수-b6543522df,일반주식,지수기반,normalized_master
KRX-SK하이닉스-선물-지수-9bdc7715fe,KRX SK하이닉스 선물 지수,KRX-SK하이닉스-선물-지수-9bdc7715fe,일반주식,지수기반,normalized_master
코스닥-150-위클리-고정-30-커버드콜-지수-deea1291c3,코스닥 150 위클리 고정 30% 커버드콜 지수,코스닥-150-위클리-고정-30-커버드콜-지수-deea1291c3,일반주식,지수기반,normalized_master
KRX-삼성전자-선물-지수-60c302f2d9,KRX 삼성전자 선물 지수,KRX-삼성전자-선물-지수-60c302f2d9,일반주식,지수기반,normalized_master
KRX-SK하이닉스-선물-지수-9bdc7715fe,KRX SK하이닉스 선물 지수,KRX-SK하이닉스-선물-지수-9bdc7715fe,일반주식,지수기반,normalized_master
KRX-AKROS-고배당주-20-위클리-고정-30-커버드콜-지수-9c0d38bb02,KRX-Akros 고배당주 20 위클리 고정 30% 커버드콜 지수,KRX-AKROS-고배당주-20-위클리-고정-30-커버드콜-지수-9c0d38bb02,배당·주주환원,고배당,normalized_master
코스피-200-KTB-혼합-위클리-고정-10-커버드콜-지수-32223deed7,코스피 200 KTB 혼합 위클리 고정 10% 커버드콜 지수,코스피-200-KTB-혼합-위클리-고정-10-커버드콜-지수-32223deed7,혼합자산,자산배분,normalized_master
KAP-중단기-종합채권-총수익-지수-A-이상-09aee3c63c,KAP 중단기 종합채권 총수익 지수(A-이상),KAP-중단기-종합채권-총수익-지수-A-이상-09aee3c63c,채권,채권/초단기/A,normalized_master
KAP-삼성전자현대차채권혼합지수-fdd6a157d8,KAP 삼성전자현대차채권혼합지수,KAP-삼성전자현대차채권혼합지수-fdd6a157d8,혼합자산,자산배분,normalized_master
AKROS-현대차로보틱스-밸류체인-TOP3-플러스-지수-PR-bf8f5e2c0b,Akros 현대차로보틱스 밸류체인 TOP3 플러스 지수 (PR),AKROS-현대차로보틱스-밸류체인-TOP3-플러스-지수-PR-bf8f5e2c0b,일반주식,지수기반,normalized_master
코스닥-3aee034cd3,코스닥,코스닥-3aee034cd3,일반주식,지수기반,normalized_master
KEDI-현대차-기아채권혼합50지수-dc91c3f780,KEDI 현대차&기아채권혼합50지수,KEDI-현대차-기아채권혼합50지수-dc91c3f780,혼합자산,자산배분,normalized_master
AKROS-우주항공밸류체인-지수-PR-d50edfc07e,Akros 우주항공밸류체인 지수(PR),AKROS-우주항공밸류체인-지수-PR-d50edfc07e,일반주식,지수기반,normalized_master
ISELECT-미국-우주데이터센터인프라-지수-ccb84c6797,iSelect 미국 우주데이터센터인프라 지수,ISELECT-미국-우주데이터센터인프라-지수-ccb84c6797,테마,AI 데이터센터,normalized_master
코스피-aa7fe95c87,코스피,코스피-aa7fe95c87,일반주식,지수기반,normalized_master
AKROS-한국-전고체-배터리-ESS-TOP2-플러스-지수-PRICE-RETUR-ea5665ccec,Akros 한국 전고체 배터리 ESS TOP2 플러스 지수(Price Return),AKROS-한국-전고체-배터리-ESS-TOP2-플러스-지수-PRICE-RETUR-ea5665ccec,테마,2차전지,normalized_master
AKROS-코리아-AI전력-TOP-10-지수-시장가격-559154802b,Akros 코리아 AI전력 TOP 10 지수 (시장가격),AKROS-코리아-AI전력-TOP-10-지수-시장가격-559154802b,일반주식,지수기반,normalized_master
KRX-K-AI-반도체TOP2-지수-cbd6eb2f45,KRX K-AI 반도체TOP2+ 지수,KRX-K-AI-반도체TOP2-지수-cbd6eb2f45,테마,반도체,normalized_master
코스피-200-위클리-고정-30-커버드콜-지수-7882b1ec63,코스피 200 위클리 고정 30% 커버드콜 지수,코스피-200-위클리-고정-30-커버드콜-지수-7882b1ec63,일반주식,지수기반,normalized_master
KRX-헬스케어-016a2e2510,KRX 헬스케어,KRX-헬스케어-016a2e2510,일반주식,지수기반,normalized_master
INDXX-US-AI-OPTICAL-COMMUNICATION-TOP10-INDE-5aaa6206c0,Indxx US AI Optical Communication TOP10 Index(PR),INDXX-US-AI-OPTICAL-COMMUNICATION-TOP10-INDE-5aaa6206c0,일반주식,지수기반,normalized_master
AKROS-미국-우주-TOP-2-채권혼합-지수-c36640c63d,Akros 미국 우주 Top 2 채권혼합 지수,AKROS-미국-우주-TOP-2-채권혼합-지수-c36640c63d,혼합자산,자산배분,normalized_master
KRX-K-AI-방산TOP5-지수-0507adcf65,KRX K-AI 방산TOP5+ 지수,KRX-K-AI-방산TOP5-지수-0507adcf65,일반주식,지수기반,normalized_master
AKROS-미국-우주-로봇-TOP2-채권혼합50-지수-ee55f58b38,Akros 미국 우주-로봇 TOP2 채권혼합50 지수,AKROS-미국-우주-로봇-TOP2-채권혼합50-지수-ee55f58b38,혼합자산,자산배분,normalized_master
FNGUIDE-스마트카-지수-7631e59720,FnGuide 스마트카 지수,FNGUIDE-스마트카-지수-7631e59720,일반주식,지수기반,normalized_master
FNGUIDE-저궤도위성-광통신-인프라-지수-026f9351f2,FnGuide 저궤도위성 & 광통신 인프라 지수,FNGUIDE-저궤도위성-광통신-인프라-지수-026f9351f2,일반주식,지수기반,normalized_master
코스피-200-커버드콜-5-OTM-a1887ae08d,코스피 200 커버드콜 5% OTM,코스피-200-커버드콜-5-OTM-a1887ae08d,일반주식,지수기반,normalized_master
SP500,S&P 500,SP500,대표지수,S&P500,normalized_master
FNGUIDE-현대차그룹TOP3-채권혼합-지수-a1c59f8b4d,FnGuide 현대차그룹TOP3 채권혼합 지수,FNGUIDE-현대차그룹TOP3-채권혼합-지수-a1c59f8b4d,혼합자산,자산배분,normalized_master
코스닥-3aee034cd3,코스닥,코스닥-3aee034cd3,일반주식,지수기반,normalized_master
KIS-단기자금-총수익지수-ef10719567,KIS 단기자금 총수익지수,KIS-단기자금-총수익지수-ef10719567,금리,초단기 금리,normalized_master
KRX-K-AI-바이오테크-코스닥-지수-d8f1038c69,KRX K-AI 바이오테크 코스닥 지수,KRX-K-AI-바이오테크-코스닥-지수-d8f1038c69,일반주식,지수기반,normalized_master
코스피-200-고배당지수-a16f968134,코스피 200 고배당지수,코스피-200-고배당지수-a16f968134,배당·주주환원,고배당,normalized_master
KAP-AI데이터센터밸류체인지수-a41db36ef1,KAP AI데이터센터밸류체인지수,KAP-AI데이터센터밸류체인지수-a41db36ef1,테마,AI 데이터센터,normalized_master
코스닥-150-타겟-15-위클리-커버드콜-지수-ad531fef4c,코스닥 150 타겟 15% 위클리 커버드콜 지수,코스닥-150-타겟-15-위클리-커버드콜-지수-ad531fef4c,일반주식,지수기반,normalized_master
NYSE-100-지수-PRICE-RETURN-3534b67e95,NYSE 100 지수(Price Return),NYSE-100-지수-PRICE-RETURN-3534b67e95,일반주식,지수기반,normalized_master
ISELECT-미국CPU반도체TOP4-지수-36e8e0a913,iSelect 미국CPU반도체TOP4 지수,ISELECT-미국CPU반도체TOP4-지수-36e8e0a913,테마,반도체,normalized_master
KEDI-엔비디아알파벳미국채혼합50-지수-6e21fb0772,KEDI 엔비디아알파벳미국채혼합50 지수,KEDI-엔비디아알파벳미국채혼합50-지수-6e21fb0772,혼합자산,자산배분,normalized_master
INDXX-US-CPU-SEMICONDUCTOR-TOP-10-INDEX-PRIC-08e04b945a,Indxx US CPU Semiconductor TOP 10 Index (Price Return),INDXX-US-CPU-SEMICONDUCTOR-TOP-10-INDEX-PRIC-08e04b945a,테마,반도체,normalized_master
AKROS-SK하이닉스-샌디스크-채권혼합-50-지수-ecaf4411b8,Akros SK하이닉스 샌디스크 채권혼합 50 지수,AKROS-SK하이닉스-샌디스크-채권혼합-50-지수-ecaf4411b8,혼합자산,자산배분,normalized_master
FNGUIDE-피지컬AI-TOP2플러스-지수-5a701d0bd8,FnGuide 피지컬AI TOP2플러스 지수,FNGUIDE-피지컬AI-TOP2플러스-지수-5a701d0bd8,일반주식,지수기반,normalized_master
코스피-200-dbc8ccb693,코스피 200,코스피-200-dbc8ccb693,일반주식,지수기반,normalized_master
코스피-200-dbc8ccb693,코스피 200,코스피-200-dbc8ccb693,일반주식,지수기반,normalized_master
KRX-반도체-b2bad5eb0b,KRX 반도체,KRX-반도체-b2bad5eb0b,테마,반도체,normalized_master
KRX-은행-d6e0367ea4,KRX 은행,KRX-은행-d6e0367ea4,일반주식,지수기반,normalized_master
KRX-자동차-2681daa8bc,KRX 자동차,KRX-자동차-2681daa8bc,일반주식,지수기반,normalized_master
KRX-은행-d6e0367ea4,KRX 은행,KRX-은행-d6e0367ea4,일반주식,지수기반,normalized_master
KRX-반도체-b2bad5eb0b,KRX 반도체,KRX-반도체-b2bad5eb0b,테마,반도체,normalized_master
HANG-SENG-CHINA-H-b831ff789b,Hang Seng China H,HANG-SENG-CHINA-H-b831ff789b,일반주식,지수기반,normalized_master
KRX-100-c6e9fb3414,KRX 100,KRX-100-c6e9fb3414,일반주식,지수기반,normalized_master
TOPIX100-235872fb78,TOPIX100,TOPIX100-235872fb78,일반주식,지수기반,normalized_master
코스피-200-dbc8ccb693,코스피 200,코스피-200-dbc8ccb693,일반주식,지수기반,normalized_master
삼성그룹-b175f6f40a,삼성그룹,삼성그룹-b175f6f40a,일반주식,지수기반,normalized_master
KRX-기계장비-359943892f,KRX 기계장비,KRX-기계장비-359943892f,일반주식,지수기반,normalized_master
KRX-증권-426fa08f9b,KRX 증권,KRX-증권-426fa08f9b,일반주식,지수기반,normalized_master
MKF-블루칩-2f4133680f,MKF 블루칩,MKF-블루칩-2f4133680f,일반주식,지수기반,normalized_master
MKF-웰스-고배당20-b2ab727353,MKF 웰스 고배당20,MKF-웰스-고배당20-b2ab727353,배당·주주환원,고배당,normalized_master
BNY-LATIN-AMERICA-35-ADR-8ef8e4bad0,BNY Latin America 35 ADR,BNY-LATIN-AMERICA-35-ADR-8ef8e4bad0,일반주식,지수기반,normalized_master
코스피-200-dbc8ccb693,코스피 200,코스피-200-dbc8ccb693,일반주식,지수기반,normalized_master
MKF-5대그룹주-274b963d16,MKF 5대그룹주,MKF-5대그룹주-274b963d16,일반주식,지수기반,normalized_master
MKF-SAMS-SW-68261cc371,MKF SAMs SW,MKF-SAMS-SW-68261cc371,일반주식,지수기반,normalized_master
코스피-200-dbc8ccb693,코스피 200,코스피-200-dbc8ccb693,일반주식,지수기반,normalized_master
KTB-INDEX-시장가격-32d697a66e,KTB INDEX(시장가격),KTB-INDEX-시장가격-32d697a66e,채권,국채/미확인만기/미확인등급,normalized_master
MKF-국고채지수-총수익-be4b2784fd,MKF 국고채지수(총수익),MKF-국고채지수-총수익-be4b2784fd,채권,국채/미확인만기/미확인등급,normalized_master
KTB-INDEX-시장가격-32d697a66e,KTB INDEX(시장가격),KTB-INDEX-시장가격-32d697a66e,채권,국채/미확인만기/미확인등급,normalized_master
KTB-INDEX-시장가격-32d697a66e,KTB INDEX(시장가격),KTB-INDEX-시장가격-32d697a66e,채권,국채/미확인만기/미확인등급,normalized_master
코스피-200-선물지수-d875072771,코스피 200 선물지수,코스피-200-선물지수-d875072771,일반주식,지수기반,normalized_master
KTB-INDEX-시장가격-32d697a66e,KTB INDEX(시장가격),KTB-INDEX-시장가격-32d697a66e,채권,국채/미확인만기/미확인등급,normalized_master
KRX-에너지화학-24d0a3e9fc,KRX 에너지화학,KRX-에너지화학-24d0a3e9fc,일반주식,지수기반,normalized_master
KRX-철강-e4d0d0226b,KRX 철강,KRX-철강-e4d0d0226b,일반주식,지수기반,normalized_master
HANG-SENG-CHINA-HONG-KONG-LISTED-30-INDEX-a62a72800e,Hang Seng China (Hong Kong-listed) 30 Index,HANG-SENG-CHINA-HONG-KONG-LISTED-30-INDEX-a62a72800e,일반주식,지수기반,normalized_master
KRX-건설-09b3e5edd7,KRX 건설,KRX-건설-09b3e5edd7,일반주식,지수기반,normalized_master
코스피-50-483e494eb8,코스피 50,코스피-50-483e494eb8,일반주식,지수기반,normalized_master
MK-통안채지수-총수익-5505259308,MK 통안채지수(총수익),MK-통안채지수-총수익-5505259308,금리,초단기 금리,normalized_master
코스피-200-dbc8ccb693,코스피 200,코스피-200-dbc8ccb693,일반주식,지수기반,normalized_master
코스피-200-선물지수-d875072771,코스피 200 선물지수,코스피-200-선물지수-d875072771,일반주식,지수기반,normalized_master
코스피-200-dbc8ccb693,코스피 200,코스피-200-dbc8ccb693,일반주식,지수기반,normalized_master
S-P-GSCI-CRUDE-OIL-ENHANCED-INDEX-ER-2b97916f40,S&P GSCI Crude Oil Enhanced Index ER,S-P-GSCI-CRUDE-OIL-ENHANCED-INDEX-ER-2b97916f40,원자재,원유,normalized_master
MK-머니마켓-지수-총수익-0eb7cc88f4,MK 머니마켓 지수(총수익),MK-머니마켓-지수-총수익-0eb7cc88f4,금리,MMF·머니마켓,normalized_master
MKF-SAMS-EW-지수-f4c54311ec,MKF SAMs EW 지수,MKF-SAMS-EW-지수-f4c54311ec,일반주식,지수기반,normalized_master
S-P-GSCI-GOLD-INDEX-TR-ec8148d670,S&P GSCI Gold Index(TR),S-P-GSCI-GOLD-INDEX-TR-ec8148d670,원자재,금,normalized_master
NASDAQ-100-a3293b2356,NASDAQ 100,NASDAQ-100-a3293b2356,대표지수,NASDAQ100,normalized_master
KOBI-크레딧-지수-총수익-4cbc6ec63f,KOBI 크레딧 지수(총수익),KOBI-크레딧-지수-총수익-4cbc6ec63f,채권,회사채/중기/미확인등급,normalized_master
S-P-GSCI-AGRICULTURE-ENHANCED-INDEX-ER-f8484e31c3,S&P GSCI Agriculture Enhanced Index(ER),S-P-GSCI-AGRICULTURE-ENHANCED-INDEX-ER-f8484e31c3,원자재,복합원자재,normalized_master
미국달러선물지수-ba7a0fa3a7,미국달러선물지수,미국달러선물지수-ba7a0fa3a7,통화,달러,normalized_master
MKF-SAMS-FW-f857c3d271,MKF SAMs FW,MKF-SAMS-FW-f857c3d271,일반주식,지수기반,normalized_master
MKF-LG그룹-FW-23e4682209,MKF LG그룹+ FW,MKF-LG그룹-FW-23e4682209,일반주식,지수기반,normalized_master
MKF-현대차그룹-FW-74b521dd38,MKF 현대차그룹+ FW,MKF-현대차그룹-FW-74b521dd38,일반주식,지수기반,normalized_master
S-P-GSCI-NORTH-AMERICAN-COPPER-INDEX-TR-b669d92793,S&P GSCI North American Copper Index(TR),S-P-GSCI-NORTH-AMERICAN-COPPER-INDEX-TR-b669d92793,원자재,구리,normalized_master
S-P-GSCI-SOYBEANS-INDEX-TR-062bd933a4,S&P GSCI Soybeans Index(TR),S-P-GSCI-SOYBEANS-INDEX-TR-062bd933a4,원자재,복합원자재,normalized_master
코스피-200-건설-811d19b187,코스피 200 건설,코스피-200-건설-811d19b187,일반주식,지수기반,normalized_master
코스피-200-중공업-7659c4f861,코스피 200 중공업,코스피-200-중공업-7659c4f861,일반주식,지수기반,normalized_master
코스피-200-철강-소재-8bb3361f40,코스피 200 철강/소재,코스피-200-철강-소재-8bb3361f40,일반주식,지수기반,normalized_master
코스피-200-에너지-화학-ff121fdaa7,코스피 200 에너지/화학,코스피-200-에너지-화학-ff121fdaa7,일반주식,지수기반,normalized_master
코스피-200-정보기술-29c1abbf04,코스피 200 정보기술,코스피-200-정보기술-29c1abbf04,일반주식,지수기반,normalized_master
코스피-200-금융-69e5a582b8,코스피 200 금융,코스피-200-금융-69e5a582b8,일반주식,지수기반,normalized_master
코스피-200-경기방어소비재-d7cb94cb52,코스피 200 경기방어소비재,코스피-200-경기방어소비재-d7cb94cb52,일반주식,지수기반,normalized_master
코스피-200-경기소비재-9ae5607680,코스피 200 경기소비재,코스피-200-경기소비재-9ae5607680,일반주식,지수기반,normalized_master
S-P-GSCI-PRECIOUS-METALS-INDEX-TR-cd3aaf7983,S&P GSCI Precious Metals Index(TR),S-P-GSCI-PRECIOUS-METALS-INDEX-TR-cd3aaf7983,원자재,복합원자재,normalized_master
미국달러선물지수-ba7a0fa3a7,미국달러선물지수,미국달러선물지수-ba7a0fa3a7,통화,달러,normalized_master
MKF-수출주-지수-83d8d2864d,MKF 수출주 지수,MKF-수출주-지수-83d8d2864d,일반주식,지수기반,normalized_master
MKF-우량업종대표주-지수-ca0fe1d7dd,MKF 우량업종대표주 지수,MKF-우량업종대표주-지수-ca0fe1d7dd,일반주식,지수기반,normalized_master
KRX-보험-37821de1fc,KRX 보험,KRX-보험-37821de1fc,일반주식,지수기반,normalized_master
KRX-운송-6ea95f23a2,KRX 운송,KRX-운송-6ea95f23a2,일반주식,지수기반,normalized_master
코스피-100-2d8fb65375,코스피 100,코스피-100-2d8fb65375,일반주식,지수기반,normalized_master
SP500,S&P 500 Futures Index(ER),SP500,대표지수,S&P500,normalized_master
KRX-헬스케어-016a2e2510,KRX 헬스케어,KRX-헬스케어-016a2e2510,일반주식,지수기반,normalized_master
S-P-GSCI-SILVER-INDEX-TR-4682f1b58e,S&P GSCI Silver Index(TR),S-P-GSCI-SILVER-INDEX-TR-4682f1b58e,원자재,은,normalized_master
코스피-200-선물지수-d875072771,코스피 200 선물지수,코스피-200-선물지수-d875072771,일반주식,지수기반,normalized_master
FNGUIDE-RAFI-코리아200-지수-fdbe2450e2,FnGuide-RAFI 코리아200 지수,FNGUIDE-RAFI-코리아200-지수-fdbe2450e2,일반주식,지수기반,normalized_master
FNGUIDE-모멘텀-지수-b0585e5eaf,FnGuide 모멘텀 지수,FNGUIDE-모멘텀-지수-b0585e5eaf,일반주식,지수기반,normalized_master
코스피-200-dbc8ccb693,코스피 200,코스피-200-dbc8ccb693,일반주식,지수기반,normalized_master
KIS-10년-국고채-지수-총수익-0999669c02,KIS 10년 국고채 지수 (총수익),KIS-10년-국고채-지수-총수익-0999669c02,채권,국채/중기/미확인등급,normalized_master
FNGUIDE-중국내수테마-지수-fc83359c1a,FnGuide 중국내수테마 지수,FNGUIDE-중국내수테마-지수-fc83359c1a,일반주식,지수기반,normalized_master
코스피-200-dbc8ccb693,코스피 200,코스피-200-dbc8ccb693,일반주식,지수기반,normalized_master
10년국채선물지수-c9626fd131,10년국채선물지수,10년국채선물지수-c9626fd131,채권,국채/중기/미확인등급,normalized_master
코스피-200-dbc8ccb693,코스피 200,코스피-200-dbc8ccb693,일반주식,지수기반,normalized_master
코스피-200-dbc8ccb693,코스피 200,코스피-200-dbc8ccb693,일반주식,지수기반,normalized_master
KRW-CASH-지수-총수익-44bc5afb36,KRW Cash 지수(총수익),KRW-CASH-지수-총수익-44bc5afb36,채권,채권/초단기/미확인등급,normalized_master
코스피-100-2d8fb65375,코스피 100,코스피-100-2d8fb65375,일반주식,지수기반,normalized_master
MSCI-KOREA-INDEX-f773a34edd,MSCI Korea Index,MSCI-KOREA-INDEX-f773a34edd,일반주식,지수기반,normalized_master
KIS-MSB-6M-총수익-21cdef9b34,KIS MSB 6M(총수익),KIS-MSB-6M-총수익-21cdef9b34,금리,초단기 금리,normalized_master
FNGUIDE-소프트웨어-지수-1e5f3f04a2,FnGuide 소프트웨어 지수,FNGUIDE-소프트웨어-지수-1e5f3f04a2,일반주식,지수기반,normalized_master
FNGUIDE-증권-지수-ac514bdbeb,FnGuide 증권 지수,FNGUIDE-증권-지수-ac514bdbeb,일반주식,지수기반,normalized_master
코스피-100-2d8fb65375,코스피 100,코스피-100-2d8fb65375,일반주식,지수기반,normalized_master
S-P-GSCI-CASH-COPPER-INDEX-46d0204b59,S&P GSCI Cash Copper Index,S-P-GSCI-CASH-COPPER-INDEX-46d0204b59,원자재,구리,normalized_master
FNGUIDE-배당주-지수-a62c983c9c,FnGuide 배당주 지수,FNGUIDE-배당주-지수-a62c983c9c,배당·주주환원,고배당,normalized_master
코스피-200-커버드콜-5-OTM-a1887ae08d,코스피 200 커버드콜 5% OTM,코스피-200-커버드콜-5-OTM-a1887ae08d,일반주식,지수기반,normalized_master
KIS-10년-국고채-지수-총수익-0999669c02,KIS 10년 국고채 지수 (총수익),KIS-10년-국고채-지수-총수익-0999669c02,채권,국채/중기/미확인등급,normalized_master
CSI-300-INDEX-9289d4b457,CSI 300 Index,CSI-300-INDEX-9289d4b457,일반주식,지수기반,normalized_master
FTSE-CHINA-A50-INDEX-13684ea617,FTSE China A50 Index,FTSE-CHINA-A50-INDEX-13684ea617,일반주식,지수기반,normalized_master
FNGUIDE-LOW-VOL-지수-cb86d6f745,FnGuide Low Vol 지수,FNGUIDE-LOW-VOL-지수-cb86d6f745,일반주식,지수기반,normalized_master
CSI-A100-751d96934e,CSI A100,CSI-A100-751d96934e,규모,규모주,normalized_master
10년국채선물지수-c9626fd131,10년국채선물지수,10년국채선물지수-c9626fd131,채권,국채/중기/미확인등급,normalized_master
DOW-JONES-U-S-REAL-ESTATE-INDEX-c620fce30a,Dow Jones U.S. Real Estate Index,DOW-JONES-U-S-REAL-ESTATE-INDEX-c620fce30a,일반주식,지수기반,normalized_master
MSCI-US-REIT-INDEX-2014a7dcf3,MSCI US REIT Index,MSCI-US-REIT-INDEX-2014a7dcf3,일반주식,지수기반,normalized_master
IBOXX-USD-LIQUID-HIGH-YIELD-0-5-YEAR-INDEX-c14459171d,iBoxx USD Liquid High Yield 0-5 year Index,IBOXX-USD-LIQUID-HIGH-YIELD-0-5-YEAR-INDEX-c14459171d,채권,회사채/초단기/고수익,normalized_master
코스피-200-KTB-혼합지수-3a7784c2e2,코스피 200 KTB 혼합지수,코스피-200-KTB-혼합지수-3a7784c2e2,혼합자산,자산배분,normalized_master
주식국채혼합-주식형-지수-31fe0886e9,주식국채혼합(주식형)지수,주식국채혼합-주식형-지수-31fe0886e9,혼합자산,자산배분,normalized_master
S-P-BIOTECHNOLOGY-SELECT-INDUSTRY-INDEX-5fea1b917c,S&P Biotechnology Select Industry Index,S-P-BIOTECHNOLOGY-SELECT-INDUSTRY-INDEX-5fea1b917c,일반주식,지수기반,normalized_master
ACWI,MSCI ACWI Index,ACWI,일반주식,지수기반,normalized_master
KIS-MSB-단기지수-총수익-53c6b56c81,KIS MSB 단기지수(총수익),KIS-MSB-단기지수-총수익-53c6b56c81,금리,초단기 금리,normalized_master
CSI-300-INDEX-9289d4b457,CSI 300 Index,CSI-300-INDEX-9289d4b457,일반주식,지수기반,normalized_master
코스피-200-고배당지수-a16f968134,코스피 200 고배당지수,코스피-200-고배당지수-a16f968134,배당·주주환원,고배당,normalized_master
TOPIX-e5ceda668b,TOPIX,TOPIX-e5ceda668b,일반주식,지수기반,normalized_master
EURO-STOXX-50-INDEX-86f603fbbb,EURO STOXX 50 Index,EURO-STOXX-50-INDEX-86f603fbbb,일반주식,지수기반,normalized_master
MSCI-EAFE-INDEX-7dc51ea31e,MSCI EAFE Index,MSCI-EAFE-INDEX-7dc51ea31e,일반주식,지수기반,normalized_master
MSCI-EM-INDEX-81d622e4b1,MSCI EM Index,MSCI-EM-INDEX-81d622e4b1,일반주식,지수기반,normalized_master
TOPIX-e5ceda668b,TOPIX,TOPIX-e5ceda668b,일반주식,지수기반,normalized_master
KIS-통안채-5개월-지수-총수익-9fb620ab3c,KIS 통안채 5개월 지수(총수익),KIS-통안채-5개월-지수-총수익-9fb620ab3c,금리,초단기 금리,normalized_master
S-P-SELECT-SECTOR-INDUSTRIAL-INDEX-d2f28410a5,S&P Select Sector Industrial Index,S-P-SELECT-SECTOR-INDUSTRIAL-INDEX-d2f28410a5,대표지수,S&P500,normalized_master
NIFTY-50-INDEX-a30f8a2c90,Nifty 50 Index,NIFTY-50-INDEX-a30f8a2c90,일반주식,지수기반,normalized_master
NASDAQ-BIOTECHNOLOGY-지수-시장가격지수-da29bddc69,NASDAQ Biotechnology 지수(시장가격지수),NASDAQ-BIOTECHNOLOGY-지수-시장가격지수-da29bddc69,일반주식,지수기반,normalized_master
HANG-SENG-CHINA-H-b831ff789b,Hang Seng China H,HANG-SENG-CHINA-H-b831ff789b,일반주식,지수기반,normalized_master
CSI-300-INDEX-9289d4b457,CSI 300 Index,CSI-300-INDEX-9289d4b457,일반주식,지수기반,normalized_master
TOPIX-e5ceda668b,TOPIX,TOPIX-e5ceda668b,일반주식,지수기반,normalized_master
코스피-고배당-50-bb450f4045,코스피 고배당 50,코스피-고배당-50-bb450f4045,배당·주주환원,고배당,normalized_master
코스피-배당성장-50-6d582bd115,코스피 배당성장 50,코스피-배당성장-50-6d582bd115,배당·주주환원,고배당,normalized_master
코스피-배당성장-50-6d582bd115,코스피 배당성장 50,코스피-배당성장-50-6d582bd115,배당·주주환원,고배당,normalized_master
WISE-삼성그룹-밸류-인덱스-4e4cd1d633,WISE 삼성그룹 밸류 인덱스,WISE-삼성그룹-밸류-인덱스-4e4cd1d633,일반주식,지수기반,normalized_master
DOW-JONES-U-S-SELECT-DIVIDEND-INDEX-시장가격지수-0225e63514,Dow Jones U.S Select Dividend Index(시장가격지수),DOW-JONES-U-S-SELECT-DIVIDEND-INDEX-시장가격지수-0225e63514,배당·주주환원,고배당,normalized_master
KRW-CASH-PLUS-지수-총수익-de9663c0b0,KRW Cash PLUS 지수(총수익),KRW-CASH-PLUS-지수-총수익-de9663c0b0,채권,채권/초단기/미확인등급,normalized_master
S-P-KOREA-저변동성-지수-51f7f3ec3a,S&P Korea 저변동성 지수,S-P-KOREA-저변동성-지수-51f7f3ec3a,일반주식,지수기반,normalized_master
S-P-GSCI-CRUDE-OIL-INDEX-ER-dbbdf21b71,S&P GSCI Crude Oil Index ER,S-P-GSCI-CRUDE-OIL-INDEX-ER-dbbdf21b71,원자재,원유,normalized_master
CSI-300-INDEX-9289d4b457,CSI 300 Index,CSI-300-INDEX-9289d4b457,일반주식,지수기반,normalized_master
S-P-SELECT-SECTOR-ENERGY-INDEX-f38b7be3bd,S&P Select Sector Energy Index,S-P-SELECT-SECTOR-ENERGY-INDEX-f38b7be3bd,대표지수,S&P500,normalized_master
S-P-OIL-GAS-EXPLORATION-PRODUCTION-SELECT-IN-e13370368c,S&P Oil & Gas Exploration & Production Select Industry Index(PR),S-P-OIL-GAS-EXPLORATION-PRODUCTION-SELECT-IN-e13370368c,일반주식,지수기반,normalized_master
SP500,S&P 500 Futures Total Return Index,SP500,대표지수,S&P500,normalized_master
CSI-300-INDEX-9289d4b457,CSI 300 Index,CSI-300-INDEX-9289d4b457,일반주식,지수기반,normalized_master
CSI-500-지수-4efebb452b,CSI 500 지수,CSI-500-지수-4efebb452b,일반주식,지수기반,normalized_master
코스피-200-가치저변동성-8992674b27,코스피 200 가치저변동성,코스피-200-가치저변동성-8992674b27,일반주식,지수기반,normalized_master
SP500,S&P 500 Futures Total Return Index,SP500,대표지수,S&P500,normalized_master
SP500,S&P 500,SP500,대표지수,S&P500,normalized_master
EURO-STOXX-50-INDEX-86f603fbbb,EURO STOXX 50 Index,EURO-STOXX-50-INDEX-86f603fbbb,일반주식,지수기반,normalized_master
MSCI-EM-INDEX-81d622e4b1,MSCI EM Index,MSCI-EM-INDEX-81d622e4b1,일반주식,지수기반,normalized_master
S-P-GSCI-GOLD-INDEX-EXCESS-RETURN-ff6af344fb,S&P GSCI GOLD Index Excess Return,S-P-GSCI-GOLD-INDEX-EXCESS-RETURN-ff6af344fb,원자재,금,normalized_master
미국달러선물지수-ba7a0fa3a7,미국달러선물지수,미국달러선물지수-ba7a0fa3a7,통화,달러,normalized_master
FNGUIDE-성장소비주도-지수-de211cf015,FnGuide 성장소비주도 지수,FNGUIDE-성장소비주도-지수-de211cf015,일반주식,지수기반,normalized_master
코스피-aa7fe95c87,코스피,코스피-aa7fe95c87,일반주식,지수기반,normalized_master
코스피-200-중소형주지수-3ed34795f6,코스피 200 중소형주지수,코스피-200-중소형주지수-3ed34795f6,규모,규모주,normalized_master
코스피-200-헬스케어-5ca4950efa,코스피 200 헬스케어,코스피-200-헬스케어-5ca4950efa,일반주식,지수기반,normalized_master
코스피-200-산업재-91e2b44c57,코스피 200 산업재,코스피-200-산업재-91e2b44c57,일반주식,지수기반,normalized_master
코스피-200-생활소비재-71993d5927,코스피 200 생활소비재,코스피-200-생활소비재-71993d5927,일반주식,지수기반,normalized_master
FNGUIDE-퀄리티밸류-지수-423c70ca59,FnGuide 퀄리티밸류 지수,FNGUIDE-퀄리티밸류-지수-423c70ca59,일반주식,지수기반,normalized_master
코스피-aa7fe95c87,코스피,코스피-aa7fe95c87,일반주식,지수기반,normalized_master
WISE-화장품-지수-a5b1605bc4,WISE 화장품 지수,WISE-화장품-지수-a5b1605bc4,일반주식,지수기반,normalized_master
WISE-여행레저-지수-519b7eefc3,WISE 여행레저 지수,WISE-여행레저-지수-519b7eefc3,일반주식,지수기반,normalized_master
WISE-미디어컨텐츠-지수-17fc4178af,WISE 미디어컨텐츠 지수,WISE-미디어컨텐츠-지수-17fc4178af,일반주식,지수기반,normalized_master
KTOP-30-daa894a1cb,KTOP 30,KTOP-30-daa894a1cb,일반주식,지수기반,normalized_master
코스닥-150-645768490d,코스닥 150,코스닥-150-645768490d,일반주식,지수기반,normalized_master
KTOP-30-daa894a1cb,KTOP 30,KTOP-30-daa894a1cb,일반주식,지수기반,normalized_master
미국달러선물지수-ba7a0fa3a7,미국달러선물지수,미국달러선물지수-ba7a0fa3a7,통화,달러,normalized_master
코스닥-150-645768490d,코스닥 150,코스닥-150-645768490d,일반주식,지수기반,normalized_master
코스닥-150-645768490d,코스닥 150,코스닥-150-645768490d,일반주식,지수기반,normalized_master
코스닥-150-645768490d,코스닥 150,코스닥-150-645768490d,일반주식,지수기반,normalized_master
FNGUIDE-셀렉트-밸류-지수-3af658875d,FnGuide 셀렉트 밸류 지수,FNGUIDE-셀렉트-밸류-지수-3af658875d,일반주식,지수기반,normalized_master
NIFTY-50-INDEX-a30f8a2c90,Nifty 50 Index,NIFTY-50-INDEX-a30f8a2c90,일반주식,지수기반,normalized_master
코스피-100-2d8fb65375,코스피 100,코스피-100-2d8fb65375,일반주식,지수기반,normalized_master
배당성장채권혼합지수-81b06cd510,배당성장채권혼합지수,배당성장채권혼합지수-81b06cd510,혼합자산,자산배분,normalized_master
경기방어소비재-채권혼합-지수-5eb0a6388f,경기방어소비재 채권혼합 지수,경기방어소비재-채권혼합-지수-5eb0a6388f,혼합자산,자산배분,normalized_master
WISE-KAP-스마트베타-QUALITY-채권혼합지수-cbcc6fd2de,WISE-KAP 스마트베타 Quality 채권혼합지수,WISE-KAP-스마트베타-QUALITY-채권혼합지수-cbcc6fd2de,혼합자산,자산배분,normalized_master
NIKKEI-225-91503567b8,Nikkei 225,NIKKEI-225-91503567b8,일반주식,지수기반,normalized_master
KOBI-HALF-CREDIT-INDEX-총수익-71bb179312,KOBI HALF CREDIT Index(총수익),KOBI-HALF-CREDIT-INDEX-총수익-71bb179312,채권,회사채/미확인만기/미확인등급,normalized_master
NIKKEI-225-91503567b8,Nikkei 225,NIKKEI-225-91503567b8,일반주식,지수기반,normalized_master
FNGUIDE-셀렉트벨류-채권혼합지수-23834694bd,FnGuide 셀렉트벨류 채권혼합지수,FNGUIDE-셀렉트벨류-채권혼합지수-23834694bd,혼합자산,자산배분,normalized_master
코스피-200-정보기술-29c1abbf04,코스피 200 정보기술,코스피-200-정보기술-29c1abbf04,일반주식,지수기반,normalized_master
코스피-200-에너지-화학-ff121fdaa7,코스피 200 에너지/화학,코스피-200-에너지-화학-ff121fdaa7,일반주식,지수기반,normalized_master
FNGUIDE-바이오-지수-a3f77dfaa7,FnGuide 바이오 지수,FNGUIDE-바이오-지수-a3f77dfaa7,일반주식,지수기반,normalized_master
FNGUIDE-모멘텀-PLUS-지수-bdf8a6dd93,FnGuide 모멘텀 Plus 지수,FNGUIDE-모멘텀-PLUS-지수-bdf8a6dd93,일반주식,지수기반,normalized_master
FNGUIDE-퀄리티-PLUS-지수-a68040d226,FnGuide 퀄리티 Plus 지수,FNGUIDE-퀄리티-PLUS-지수-a68040d226,일반주식,지수기반,normalized_master
FNGUIDE-벨류-PLUS-지수-15a43470b2,FnGuide 벨류 Plus 지수,FNGUIDE-벨류-PLUS-지수-15a43470b2,일반주식,지수기반,normalized_master
DOW-JONES-INDUSTRIAL-AVERAGE-d1a4487bb4,Dow Jones Industrial Average,DOW-JONES-INDUSTRIAL-AVERAGE-d1a4487bb4,일반주식,지수기반,normalized_master
EURO-STOXX-SELECT-DIVIDEND-30-e3a685337b,Euro STOXX Select Dividend 30,EURO-STOXX-SELECT-DIVIDEND-30-e3a685337b,배당·주주환원,고배당,normalized_master
HANG-SENG-CHINA-H-b831ff789b,Hang Seng China H,HANG-SENG-CHINA-H-b831ff789b,일반주식,지수기반,normalized_master
VN30-INDEX-PR-738b311e94,VN30 Index(PR),VN30-INDEX-PR-738b311e94,일반주식,지수기반,normalized_master
S-P-GLOBAL-1200-HEALTH-CARE-INDEX-327f6c9354,S&P Global 1200 Health Care Index,S-P-GLOBAL-1200-HEALTH-CARE-INDEX-327f6c9354,일반주식,지수기반,normalized_master
HANG-SENG-CHINA-H-b831ff789b,Hang Seng China H,HANG-SENG-CHINA-H-b831ff789b,일반주식,지수기반,normalized_master
F-코스닥150-지수-678acca5ee,F-코스닥150 지수,F-코스닥150-지수-678acca5ee,일반주식,지수기반,normalized_master
F-코스닥150-지수-678acca5ee,F-코스닥150 지수,F-코스닥150-지수-678acca5ee,일반주식,지수기반,normalized_master
MSCI_WORLD,MSCI World,MSCI_WORLD,일반주식,지수기반,normalized_master
FNGUIDE-고배당저변동50-지수-f407249d8b,FnGuide 고배당저변동50 지수,FNGUIDE-고배당저변동50-지수-f407249d8b,배당·주주환원,고배당,normalized_master
FNGUIDE-고배당-채권혼합-지수-5906f1373a,FnGuide 고배당 채권혼합 지수,FNGUIDE-고배당-채권혼합-지수-5906f1373a,혼합자산,자산배분,normalized_master
코스피-200-동일가중지수-a556984c58,코스피 200 동일가중지수,코스피-200-동일가중지수-a556984c58,일반주식,지수기반,normalized_master
코스피-200-선물지수-d875072771,코스피 200 선물지수,코스피-200-선물지수-d875072771,일반주식,지수기반,normalized_master
코스피-200-선물지수-d875072771,코스피 200 선물지수,코스피-200-선물지수-d875072771,일반주식,지수기반,normalized_master
코스피-200-선물지수-d875072771,코스피 200 선물지수,코스피-200-선물지수-d875072771,일반주식,지수기반,normalized_master
코스피-200-동일가중지수-a556984c58,코스피 200 동일가중지수,코스피-200-동일가중지수-a556984c58,일반주식,지수기반,normalized_master
코스피-200-선물지수-d875072771,코스피 200 선물지수,코스피-200-선물지수-d875072771,일반주식,지수기반,normalized_master
코스피-200-선물지수-d875072771,코스피 200 선물지수,코스피-200-선물지수-d875072771,일반주식,지수기반,normalized_master
코스피-200-선물지수-d875072771,코스피 200 선물지수,코스피-200-선물지수-d875072771,일반주식,지수기반,normalized_master
코스피-200-선물지수-d875072771,코스피 200 선물지수,코스피-200-선물지수-d875072771,일반주식,지수기반,normalized_master
코스피-200-선물지수-d875072771,코스피 200 선물지수,코스피-200-선물지수-d875072771,일반주식,지수기반,normalized_master
코스피-200-선물지수-d875072771,코스피 200 선물지수,코스피-200-선물지수-d875072771,일반주식,지수기반,normalized_master
코스피-200-선물지수-d875072771,코스피 200 선물지수,코스피-200-선물지수-d875072771,일반주식,지수기반,normalized_master
FNGUIDE-헬스케어-지수-0d78e863c5,FnGuide 헬스케어 지수,FNGUIDE-헬스케어-지수-0d78e863c5,일반주식,지수기반,normalized_master
FNGUIDE-헬스케어-채권혼합-지수-3635918954,FnGuide 헬스케어 채권혼합 지수,FNGUIDE-헬스케어-채권혼합-지수-3635918954,혼합자산,자산배분,normalized_master
MSCI-INDONESIA-INDEX-0d196e1383,MSCI Indonesia Index,MSCI-INDONESIA-INDEX-0d196e1383,일반주식,지수기반,normalized_master
SZSE-CHINEXT-PRICE-INDEX-4ca7c39573,SZSE ChiNext Price Index,SZSE-CHINEXT-PRICE-INDEX-4ca7c39573,일반주식,지수기반,normalized_master
SZSE-CHINEXT-PRICE-INDEX-4ca7c39573,SZSE ChiNext Price Index,SZSE-CHINEXT-PRICE-INDEX-4ca7c39573,일반주식,지수기반,normalized_master
코스닥-150-정보기술-7ca886f838,코스닥 150 정보기술,코스닥-150-정보기술-7ca886f838,일반주식,지수기반,normalized_master
코스닥-150-헬스케어-c07b144dd9,코스닥 150 헬스케어,코스닥-150-헬스케어-c07b144dd9,일반주식,지수기반,normalized_master
미국달러선물지수-ba7a0fa3a7,미국달러선물지수,미국달러선물지수-ba7a0fa3a7,통화,달러,normalized_master
미국달러선물지수-ba7a0fa3a7,미국달러선물지수,미국달러선물지수-ba7a0fa3a7,통화,달러,normalized_master
코스피-우선주-지수-b801412dc6,코스피 우선주 지수,코스피-우선주-지수-b801412dc6,일반주식,지수기반,normalized_master
S-P-GSCI-CRUDE-OIL-INDEX-ER-dbbdf21b71,S&P GSCI Crude Oil Index ER,S-P-GSCI-CRUDE-OIL-INDEX-ER-dbbdf21b71,원자재,원유,normalized_master
미국달러선물지수-ba7a0fa3a7,미국달러선물지수,미국달러선물지수-ba7a0fa3a7,통화,달러,normalized_master
미국달러선물지수-ba7a0fa3a7,미국달러선물지수,미국달러선물지수-ba7a0fa3a7,통화,달러,normalized_master
미국달러선물지수-ba7a0fa3a7,미국달러선물지수,미국달러선물지수-ba7a0fa3a7,통화,달러,normalized_master
미국달러선물지수-ba7a0fa3a7,미국달러선물지수,미국달러선물지수-ba7a0fa3a7,통화,달러,normalized_master
MSCI-PHILIPPINES-IMI-INDEX-fa21cbe1f2,MSCI Philippines IMI Index,MSCI-PHILIPPINES-IMI-INDEX-fa21cbe1f2,일반주식,지수기반,normalized_master
MSCI-RUSSIA-25-CAPPED-PRICE-RETURN-INDEX-c80fd54e11,MSCI Russia 25% Capped Price Return Index,MSCI-RUSSIA-25-CAPPED-PRICE-RETURN-INDEX-c80fd54e11,일반주식,지수기반,normalized_master
FNGUIDE-고배당포커스-지수-f223442494,FnGuide 고배당포커스 지수,FNGUIDE-고배당포커스-지수-f223442494,배당·주주환원,고배당,normalized_master
KRX-K콘텐츠-5e0bd0fdfd,KRX K콘텐츠,KRX-K콘텐츠-5e0bd0fdfd,일반주식,지수기반,normalized_master
KRX-정보기술-590619deb7,KRX 정보기술,KRX-정보기술-590619deb7,일반주식,지수기반,normalized_master
KRX-경기소비재-ffec9eb8c9,KRX 경기소비재,KRX-경기소비재-ffec9eb8c9,일반주식,지수기반,normalized_master
KRX-필수소비재-2fd6414c50,KRX 필수소비재,KRX-필수소비재-2fd6414c50,일반주식,지수기반,normalized_master
KRX-헬스케어-016a2e2510,KRX 헬스케어,KRX-헬스케어-016a2e2510,일반주식,지수기반,normalized_master
FNGUIDE-중형주저변동50지수-ed7444f316,FnGuide 중형주저변동50지수,FNGUIDE-중형주저변동50지수-ed7444f316,일반주식,지수기반,normalized_master
S-P-U-S-TREASURY-BOND-FUTURES-EXCESS-RETURN--bd3f64c473,S&P U.S. Treasury Bond Futures Excess Return Index,S-P-U-S-TREASURY-BOND-FUTURES-EXCESS-RETURN--bd3f64c473,채권,미국 국채/장기/not_applicable,normalized_master
S-P-U-S-TREASURY-BOND-FUTURES-EXCESS-RETURN--bd3f64c473,S&P U.S. Treasury Bond Futures Excess Return Index,S-P-U-S-TREASURY-BOND-FUTURES-EXCESS-RETURN--bd3f64c473,채권,미국 국채/장기/not_applicable,normalized_master
S-P-U-S-TREASURY-BOND-FUTURES-EXCESS-RETURN--bd3f64c473,S&P U.S. Treasury Bond Futures Excess Return Index,S-P-U-S-TREASURY-BOND-FUTURES-EXCESS-RETURN--bd3f64c473,채권,미국 국채/장기/not_applicable,normalized_master
코스피-200-선물지수-d875072771,코스피 200 선물지수,코스피-200-선물지수-d875072771,일반주식,지수기반,normalized_master
S-P-GLOBAL-INFRASTRUCTURE-INDEX-84621504d5,S&P Global Infrastructure Index,S-P-GLOBAL-INFRASTRUCTURE-INDEX-84621504d5,일반주식,지수기반,normalized_master
S-P-GLOBAL-INFRASTRUCTURE-INDEX-84621504d5,S&P Global Infrastructure Index,S-P-GLOBAL-INFRASTRUCTURE-INDEX-84621504d5,일반주식,지수기반,normalized_master
S-P-GLOBAL-INFRASTRUCTURE-INDEX-84621504d5,S&P Global Infrastructure Index,S-P-GLOBAL-INFRASTRUCTURE-INDEX-84621504d5,일반주식,지수기반,normalized_master
SP500,S&P 500,SP500,대표지수,S&P500,normalized_master
FNGUIDE-KQ고배당포커스-지수-132f4dece3,FnGuide KQ고배당포커스 지수,FNGUIDE-KQ고배당포커스-지수-132f4dece3,배당·주주환원,고배당,normalized_master
코스닥-150-645768490d,코스닥 150,코스닥-150-645768490d,일반주식,지수기반,normalized_master
S-P-GSCI-CRUDE-OIL-INDEX-ER-dbbdf21b71,S&P GSCI Crude Oil Index ER,S-P-GSCI-CRUDE-OIL-INDEX-ER-dbbdf21b71,원자재,원유,normalized_master
S-P-GSCI-GRAINS-SELECT-INDEX-ER-5b19e8ecb6,S&P GSCI Grains Select Index ER,S-P-GSCI-GRAINS-SELECT-INDEX-ER-5b19e8ecb6,원자재,복합원자재,normalized_master
KIS-종합채권국공채3M-1-5Y지수-0053c644e3,KIS 종합채권국공채3M~1.5Y지수,KIS-종합채권국공채3M-1-5Y지수-0053c644e3,채권,채권/초단기/미확인등급,normalized_master
KIS-종합채권국공채4-5Y지수-73e4e517a5,KIS 종합채권국공채4~5Y지수,KIS-종합채권국공채4-5Y지수-73e4e517a5,채권,채권/장기/미확인등급,normalized_master
KIS-MSB-6M-PLUS-지수-a07960ea96,KIS MSB 6M PLUS 지수,KIS-MSB-6M-PLUS-지수-a07960ea96,채권,채권/초단기/미확인등급,normalized_master
KIS-종합채권국공채1-10Y지수-fd6e343f7e,KIS 종합채권국공채1-10Y지수,KIS-종합채권국공채1-10Y지수-fd6e343f7e,채권,채권/장기/미확인등급,normalized_master
KAP-한국종합채권지수-ed2823614d,KAP 한국종합채권지수,KAP-한국종합채권지수-ed2823614d,채권,채권/미확인만기/AA,normalized_master
KAP-단기변동금리부은행채권지수-05d6a454bc,KAP 단기변동금리부은행채권지수,KAP-단기변동금리부은행채권지수-05d6a454bc,채권,금융채/초단기/미확인등급,normalized_master
MSCI-KOREA-IMI-MOMENTUM-CAPPED-b1fbb437cc,MSCI Korea IMI Momentum Capped,MSCI-KOREA-IMI-MOMENTUM-CAPPED-b1fbb437cc,일반주식,지수기반,normalized_master
MSCI-KOREA-IMI-ENHANCED-VALUE-CAPPED-e996c4b9f7,MSCI Korea IMI Enhanced Value Capped,MSCI-KOREA-IMI-ENHANCED-VALUE-CAPPED-e996c4b9f7,일반주식,지수기반,normalized_master
MSCI-KOREA-IMI-QUALITY-CAPPED-125385517b,MSCI Korea IMI Quality Capped,MSCI-KOREA-IMI-QUALITY-CAPPED-125385517b,일반주식,지수기반,normalized_master
F-코스닥150-지수-678acca5ee,F-코스닥150 지수,F-코스닥150-지수-678acca5ee,일반주식,지수기반,normalized_master
MORNINGSTAR-EXPONENTIAL-TECHNOLOGIES-EQUAL-W-3470e4c6f6,Morningstar Exponential Technologies Equal Weighted Select PR USD,MORNINGSTAR-EXPONENTIAL-TECHNOLOGIES-EQUAL-W-3470e4c6f6,일반주식,지수기반,normalized_master
MORNINGSTAR-GLOBAL-UPSTREAM-RESOURCES-INDEX--ffe7bb6b80,MorningStar Global Upstream Resources Index(PR),MORNINGSTAR-GLOBAL-UPSTREAM-RESOURCES-INDEX--ffe7bb6b80,일반주식,지수기반,normalized_master
S-P-GLOBAL-1200-INFORMATION-TECHNOLOGY-AND-I-37f4bfdea3,S&P Global 1200 Information Technology and Interactive Media & Services(PR),S-P-GLOBAL-1200-INFORMATION-TECHNOLOGY-AND-I-37f4bfdea3,일반주식,지수기반,normalized_master
SP500,S&P500 Dividend Aristocrats Covered Call(7.2% Premium) Index,SP500,대표지수,S&P500,normalized_master
ROBO-GLOBAL-ROBOTICS-AUTOMATION-UCITS-PRICE--ce1dc0f343,ROBO Global Robotics & Automation UCITS Price Return Index,ROBO-GLOBAL-ROBOTICS-AUTOMATION-UCITS-PRICE--ce1dc0f343,테마,로봇,normalized_master
S-P-ASIA50-PRICE-RETURN-INDEX-79f849f0ff,S&P ASIA50 Price Return Index,S-P-ASIA50-PRICE-RETURN-INDEX-79f849f0ff,일반주식,지수기반,normalized_master
코스피-aa7fe95c87,코스피,코스피-aa7fe95c87,일반주식,지수기반,normalized_master
코스피-대형주-e946d7f397,코스피 대형주,코스피-대형주-e946d7f397,규모,규모주,normalized_master
코스피-중형주-4dcfdadaaa,코스피 중형주,코스피-중형주-4dcfdadaaa,일반주식,지수기반,normalized_master
F-코스닥150-지수-678acca5ee,F-코스닥150 지수,F-코스닥150-지수-678acca5ee,일반주식,지수기반,normalized_master
코스피-200-TR-f72cebfb6a,코스피 200 TR,코스피-200-TR-f72cebfb6a,일반주식,지수기반,normalized_master
MSCI-KOREA-TR-INDEX-7c8d943dfe,MSCI Korea TR Index,MSCI-KOREA-TR-INDEX-7c8d943dfe,일반주식,지수기반,normalized_master
KAP-투자적격-크레딧-채권-1년-지수-A-이상-총수익-695e4706e7,"KAP 투자적격 크레딧 채권 1년 지수(A- 이상,총수익)",KAP-투자적격-크레딧-채권-1년-지수-A-이상-총수익-695e4706e7,채권,채권/초단기/A,normalized_master
FNGUIDE-고배당-PLUS-지수-3081372b24,FnGuide 고배당 Plus 지수,FNGUIDE-고배당-PLUS-지수-3081372b24,배당·주주환원,고배당,normalized_master
KRX-최소변동성지수-8f7e68d7da,KRX 최소변동성지수,KRX-최소변동성지수-8f7e68d7da,일반주식,지수기반,normalized_master
DOW_JONES,다우존스 인터넷 종합지수,DOW_JONES,일반주식,지수기반,normalized_master
FNGUIDE-주도업종-지수-93edc4411b,FnGuide 주도업종 지수,FNGUIDE-주도업종-지수-93edc4411b,일반주식,지수기반,normalized_master
FTSE-RUSSELL-2000-INDEX-7a431abc65,FTSE Russell 2000 Index,FTSE-RUSSELL-2000-INDEX-7a431abc65,일반주식,지수기반,normalized_master
S-P-GSCI-GOLD-INDEX-EXCESS-RETURN-ff6af344fb,S&P GSCI GOLD Index Excess Return,S-P-GSCI-GOLD-INDEX-EXCESS-RETURN-ff6af344fb,원자재,금,normalized_master
FNGUIDE-중소형고배당포커스-지수-af1e78f0de,FnGuide 중소형고배당포커스 지수,FNGUIDE-중소형고배당포커스-지수-af1e78f0de,배당·주주환원,고배당,normalized_master
국채선물지수-96def68cff,국채선물지수,국채선물지수-96def68cff,채권,국채/미확인만기/미확인등급,normalized_master
CSI-300-INDEX-9289d4b457,CSI 300 Index,CSI-300-INDEX-9289d4b457,일반주식,지수기반,normalized_master
코스피-200-미국채-혼합지수-3034f9b399,코스피 200 미국채 혼합지수,코스피-200-미국채-혼합지수-3034f9b399,혼합자산,자산배분,normalized_master
코스피-200-금융-69e5a582b8,코스피 200 금융,코스피-200-금융-69e5a582b8,일반주식,지수기반,normalized_master
KRX-ESG-LEADERS-150-4e7b18f054,KRX ESG Leaders 150,KRX-ESG-LEADERS-150-4e7b18f054,일반주식,지수기반,normalized_master
NASDAQ-100-TECHNOLOGY-SECTOR-INDEX-704abf613f,NASDAQ 100 Technology Sector Index,NASDAQ-100-TECHNOLOGY-SECTOR-INDEX-704abf613f,일반주식,지수기반,normalized_master
MSCI-KOREA-ESG-UNIVERSAL-CAPPED-INDEX-f650bf2df9,MSCI Korea ESG Universal Capped Index,MSCI-KOREA-ESG-UNIVERSAL-CAPPED-INDEX-f650bf2df9,일반주식,지수기반,normalized_master
MSCI-KOREA-ESG-UNIVERSAL-INDEX-2e572989d5,MSCI Korea ESG Universal Index,MSCI-KOREA-ESG-UNIVERSAL-INDEX-2e572989d5,일반주식,지수기반,normalized_master
MSCI-KOREA-COUNTRY-ESG-LEADERS-CAPPED-INDEX-df148d7690,MSCI Korea Country ESG Leaders Capped Index,MSCI-KOREA-COUNTRY-ESG-LEADERS-CAPPED-INDEX-df148d7690,일반주식,지수기반,normalized_master
코스피-200-커버드콜-ATM-지수-ce55fde570,코스피 200 커버드콜 ATM 지수,코스피-200-커버드콜-ATM-지수-ce55fde570,일반주식,지수기반,normalized_master
10년국채선물지수-c9626fd131,10년국채선물지수,10년국채선물지수-c9626fd131,채권,국채/중기/미확인등급,normalized_master
코스피-200-고배당커버드콜-ATM-지수-시장가격지수-f5c67caef6,코스피 200 고배당커버드콜 ATM 지수(시장가격지수),코스피-200-고배당커버드콜-ATM-지수-시장가격지수-f5c67caef6,배당·주주환원,고배당,normalized_master
KRX-ESG-사회책임경영지수-S-1f7e92babc,KRX ESG 사회책임경영지수(S),KRX-ESG-사회책임경영지수-S-1f7e92babc,일반주식,지수기반,normalized_master
MSCI-MEXICO-IMI-25-50-PRICE-RETURN-INDEX-2caed0bc55,MSCI MEXICO IMI 25/50 Price return Index,MSCI-MEXICO-IMI-25-50-PRICE-RETURN-INDEX-2caed0bc55,일반주식,지수기반,normalized_master
F-코스닥150-지수-678acca5ee,F-코스닥150 지수,F-코스닥150-지수-678acca5ee,일반주식,지수기반,normalized_master
F-코스닥150-지수-678acca5ee,F-코스닥150 지수,F-코스닥150-지수-678acca5ee,일반주식,지수기반,normalized_master
HANG-SENG-CHINA-ENTERPRISES-FUTURES-INDEX-PR-f67d46c695,Hang Seng China Enterprises Futures Index(Price Return),HANG-SENG-CHINA-ENTERPRISES-FUTURES-INDEX-PR-f67d46c695,일반주식,지수기반,normalized_master
IEDGE-EMERGING-MARKETS-FUTURES-INDEX-ER-8f97505c24,iEdge Emerging Markets Futures Index(ER),IEDGE-EMERGING-MARKETS-FUTURES-INDEX-ER-8f97505c24,일반주식,지수기반,normalized_master
KRX-300-109b3ce989,KRX 300,KRX-300-109b3ce989,일반주식,지수기반,normalized_master
FNGUIDE-TOP10-지수-14472e517a,FnGuide TOP10 지수,FNGUIDE-TOP10-지수-14472e517a,일반주식,지수기반,normalized_master
KRX-300-109b3ce989,KRX 300,KRX-300-109b3ce989,일반주식,지수기반,normalized_master
KRX-300-109b3ce989,KRX 300,KRX-300-109b3ce989,일반주식,지수기반,normalized_master
KRX-300-109b3ce989,KRX 300,KRX-300-109b3ce989,일반주식,지수기반,normalized_master
엔선물지수-ec67c4dd22,엔선물지수,엔선물지수-ec67c4dd22,통화,통화,normalized_master
국채선물지수-96def68cff,국채선물지수,국채선물지수-96def68cff,채권,국채/미확인만기/미확인등급,normalized_master
코스피-200-dbc8ccb693,코스피 200,코스피-200-dbc8ccb693,일반주식,지수기반,normalized_master
코스피-200-TR-f72cebfb6a,코스피 200 TR,코스피-200-TR-f72cebfb6a,일반주식,지수기반,normalized_master
10년국채선물지수-c9626fd131,10년국채선물지수,10년국채선물지수-c9626fd131,채권,국채/중기/미확인등급,normalized_master
10년국채선물지수-c9626fd131,10년국채선물지수,10년국채선물지수-c9626fd131,채권,국채/중기/미확인등급,normalized_master
코스피-200-TR-f72cebfb6a,코스피 200 TR,코스피-200-TR-f72cebfb6a,일반주식,지수기반,normalized_master
국채선물지수-96def68cff,국채선물지수,국채선물지수-96def68cff,채권,국채/미확인만기/미확인등급,normalized_master
한국-대만-IT-프리미어지수-d79a0de76e,한국 대만 IT 프리미어지수,한국-대만-IT-프리미어지수-d79a0de76e,일반주식,지수기반,normalized_master
WISE-K게임-테마-지수-4b652b84bb,WISE K게임 테마 지수,WISE-K게임-테마-지수-4b652b84bb,일반주식,지수기반,normalized_master
WISE-게임-테마-지수-시장가격지수-a3c6b3e0ef,WISE 게임 테마 지수 (시장가격지수),WISE-게임-테마-지수-시장가격지수-a3c6b3e0ef,일반주식,지수기반,normalized_master
FNGUIDE-게임-산업-지수-a9ceee5955,FnGuide 게임 산업 지수,FNGUIDE-게임-산업-지수-a9ceee5955,일반주식,지수기반,normalized_master
코스닥-150-645768490d,코스닥 150,코스닥-150-645768490d,일반주식,지수기반,normalized_master
KIS-국채-3-10년-지수-시장가격지수-578eae1d2f,KIS 국채 3-10년 지수(시장가격지수),KIS-국채-3-10년-지수-시장가격지수-578eae1d2f,채권,국채/중기/미확인등급,normalized_master
코스피-aa7fe95c87,코스피,코스피-aa7fe95c87,일반주식,지수기반,normalized_master
S-P-ULTRA-T-BOND-FUTURES-INDEX-ER-5a5445226b,S&P Ultra T-Bond Futures Index(ER),S-P-ULTRA-T-BOND-FUTURES-INDEX-ER-5a5445226b,채권,국채/장기/미확인등급,normalized_master
S-P-ULTRA-T-BOND-FUTURES-INDEX-ER-5a5445226b,S&P Ultra T-Bond Futures Index(ER),S-P-ULTRA-T-BOND-FUTURES-INDEX-ER-5a5445226b,채권,국채/장기/미확인등급,normalized_master
KRX-300-109b3ce989,KRX 300,KRX-300-109b3ce989,일반주식,지수기반,normalized_master
코스닥-150-645768490d,코스닥 150,코스닥-150-645768490d,일반주식,지수기반,normalized_master
코스피-200-선물지수-d875072771,코스피 200 선물지수,코스피-200-선물지수-d875072771,일반주식,지수기반,normalized_master
NASDAQ-100-a3293b2356,NASDAQ 100,NASDAQ-100-a3293b2356,대표지수,NASDAQ100,normalized_master
코스피-aa7fe95c87,코스피,코스피-aa7fe95c87,일반주식,지수기반,normalized_master
S-P-10-YEAR-U-S-TREASURY-NOTE-FUTURES-ER-ae0b79c457,S&P 10-Year U.S. Treasury Note Futures(ER),S-P-10-YEAR-U-S-TREASURY-NOTE-FUTURES-ER-ae0b79c457,채권,미국 국채/중기/not_applicable,normalized_master
WISE-2차전지-테마-지수-d7d09d385f,WISE 2차전지 테마 지수,WISE-2차전지-테마-지수-d7d09d385f,테마,2차전지,normalized_master
FNGUIDE-2차전지-산업-지수-61f29d4a25,FnGuide 2차전지 산업 지수,FNGUIDE-2차전지-산업-지수-61f29d4a25,테마,2차전지,normalized_master
코스피-200-선물지수-d875072771,코스피 200 선물지수,코스피-200-선물지수-d875072771,일반주식,지수기반,normalized_master
F-코스닥150-지수-678acca5ee,F-코스닥150 지수,F-코스닥150-지수-678acca5ee,일반주식,지수기반,normalized_master
KRX-300-109b3ce989,KRX 300,KRX-300-109b3ce989,일반주식,지수기반,normalized_master
FNGUIDE-의료기기-지수-f58738a429,FnGuide 의료기기 지수,FNGUIDE-의료기기-지수-f58738a429,일반주식,지수기반,normalized_master
FNGUIDE-지주회사-지수-92fac02f04,FnGuide 지주회사 지수,FNGUIDE-지주회사-지수-92fac02f04,일반주식,지수기반,normalized_master
S-P-10-YEAR-U-S-TREASURY-NOTE-FUTURES-KRW-ER-d167f38d47,S&P 10-Year U.S. Treasury Note Futures KRW(ER),S-P-10-YEAR-U-S-TREASURY-NOTE-FUTURES-KRW-ER-d167f38d47,채권,미국 국채/중기/not_applicable,normalized_master
MORNINGSTAR-WIDE-MOAT-FOCUS-INDEX-1ae5bde891,MorningStar Wide Moat Focus Index,MORNINGSTAR-WIDE-MOAT-FOCUS-INDEX-1ae5bde891,일반주식,지수기반,normalized_master
MSCI-CHINA-INDEX-USD-PRICE-RETURN-5f70f3307e,"MSCI China Index(USD, Price Return)",MSCI-CHINA-INDEX-USD-PRICE-RETURN-5f70f3307e,일반주식,지수기반,normalized_master
코스피-200-TR-f72cebfb6a,코스피 200 TR,코스피-200-TR-f72cebfb6a,일반주식,지수기반,normalized_master
MSCI-KOREA-TR-INDEX-7c8d943dfe,MSCI Korea TR Index,MSCI-KOREA-TR-INDEX-7c8d943dfe,일반주식,지수기반,normalized_master
NYSE-U-S-BIG-TECH-10-INDEX-02a67910a6,NYSE U.S. Big TECH 10 INDEX,NYSE-U-S-BIG-TECH-10-INDEX-02a67910a6,일반주식,지수기반,normalized_master
FNGUIDE-농업융복합산업-지수-시장가격-7c6f524093,FnGuide 농업융복합산업 지수(시장가격),FNGUIDE-농업융복합산업-지수-시장가격-7c6f524093,일반주식,지수기반,normalized_master
코스피-200-커뮤니케이션서비스-765b98015d,코스피 200 커뮤니케이션서비스,코스피-200-커뮤니케이션서비스-765b98015d,일반주식,지수기반,normalized_master
FNGUIDE-TOP-5-PLUS-TOTAL-RETURN-지수-74a78b3daa,FnGuide TOP 5 Plus Total Return 지수,FNGUIDE-TOP-5-PLUS-TOTAL-RETURN-지수-74a78b3daa,일반주식,지수기반,normalized_master
WISE-대형고배당10-TR-지수-8589b2e771,WISE 대형고배당10 TR 지수,WISE-대형고배당10-TR-지수-8589b2e771,배당·주주환원,고배당,normalized_master
MORNINGSTAR-SINGAPORE-REIT-YIELD-FOCUS-INDEX-926bdb9946,Morningstar Singapore REIT Yield Focus Index(PR),MORNINGSTAR-SINGAPORE-REIT-YIELD-FOCUS-INDEX-926bdb9946,일반주식,지수기반,normalized_master
코스닥-150-645768490d,코스닥 150,코스닥-150-645768490d,일반주식,지수기반,normalized_master
S-P-GSCI-GOLD-INDEX-TR-ec8148d670,S&P GSCI Gold Index(TR),S-P-GSCI-GOLD-INDEX-TR-ec8148d670,원자재,금,normalized_master
MORNINGSTAR-MULTI-ASSET-HIGH-INCOME-10-CAPPE-624cc343b9,Morningstar Multi-Asset High Income 10% Capped Index,MORNINGSTAR-MULTI-ASSET-HIGH-INCOME-10-CAPPE-624cc343b9,혼합자산,자산배분,normalized_master
FNGUIDE-E커머스-지수-926decfb4b,FnGuide E커머스 지수,FNGUIDE-E커머스-지수-926decfb4b,일반주식,지수기반,normalized_master
FNGUIDE-고배당-알파-지수-6b510c5726,FnGuide 고배당 알파 지수,FNGUIDE-고배당-알파-지수-6b510c5726,배당·주주환원,고배당,normalized_master
FNGUIDE-성장-지수-PR-f5877d0aab,FnGuide 성장 지수(PR),FNGUIDE-성장-지수-PR-f5877d0aab,일반주식,지수기반,normalized_master
FNGUIDE-SLV-배당가치-지수-68ea1b4416,FnGuide SLV 배당가치 지수,FNGUIDE-SLV-배당가치-지수-68ea1b4416,일반주식,지수기반,normalized_master
FNGUIDE-내수주플러스-지수-73684e7035,FnGuide 내수주플러스 지수,FNGUIDE-내수주플러스-지수-73684e7035,일반주식,지수기반,normalized_master
FNGUIDE-IT플러스-지수-00e53cdec5,FnGuide IT플러스 지수,FNGUIDE-IT플러스-지수-00e53cdec5,일반주식,지수기반,normalized_master
코스피-TR-098a5a327f,코스피 TR,코스피-TR-098a5a327f,일반주식,지수기반,normalized_master
FNGUIDE-리츠부동산인프라-eeaec622f7,FnGuide 리츠부동산인프라,FNGUIDE-리츠부동산인프라-eeaec622f7,일반주식,지수기반,normalized_master
FNGUIDE-TRF-3070-지수-e963c13cc0,FnGuide TRF 3070 지수,FNGUIDE-TRF-3070-지수-e963c13cc0,혼합자산,TRF,normalized_master
FNGUIDE-TRF-5050-지수-5cd9b5c77f,FnGuide TRF 5050 지수,FNGUIDE-TRF-5050-지수-5cd9b5c77f,혼합자산,TRF,normalized_master
FNGUIDE-TRF-7030-지수-740e306a5e,FnGuide TRF 7030 지수,FNGUIDE-TRF-7030-지수-740e306a5e,혼합자산,TRF,normalized_master
KIS-U-S-TREASURY-BOND-0-1Y-지수-총수익-b561ef6b08,KIS U.S. TREASURY BOND 0-1Y 지수(총수익),KIS-U-S-TREASURY-BOND-0-1Y-지수-총수익-b561ef6b08,채권,미국 국채/초단기/not_applicable,normalized_master
코스피-200-TR-f72cebfb6a,코스피 200 TR,코스피-200-TR-f72cebfb6a,일반주식,지수기반,normalized_master
ICE-BOFAAML-1-3-YEAR-AAA-A-US-CORPORATE-INDE-99c5739038,ICE BofaAML 1-3 Year AAA-A US Corporate Index(총수익지수),ICE-BOFAAML-1-3-YEAR-AAA-A-US-CORPORATE-INDE-99c5739038,채권,회사채/초단기/A,normalized_master
ICE-BOFAAML-15-YEAR-AAA-A-US-CORPORATE-INDEX-d9b275bc81,ICE BofaAML 15+ Year AAA-A US Corporate Index(총수익지수),ICE-BOFAAML-15-YEAR-AAA-A-US-CORPORATE-INDEX-d9b275bc81,채권,회사채/장기/A,normalized_master
코스피-200-TR-f72cebfb6a,코스피 200 TR,코스피-200-TR-f72cebfb6a,일반주식,지수기반,normalized_master
MSCI-KOREA-TR-INDEX-7c8d943dfe,MSCI Korea TR Index,MSCI-KOREA-TR-INDEX-7c8d943dfe,일반주식,지수기반,normalized_master
S-P-GSCI-PALLADIUM-EXCESS-RETURN-INDEX-beb02ca791,S&P GSCI Palladium Excess Return Index,S-P-GSCI-PALLADIUM-EXCESS-RETURN-INDEX-beb02ca791,원자재,복합원자재,normalized_master
S-P-GSCI-PALLADIUM-EXCESS-RETURN-INDEX-beb02ca791,S&P GSCI Palladium Excess Return Index,S-P-GSCI-PALLADIUM-EXCESS-RETURN-INDEX-beb02ca791,원자재,복합원자재,normalized_master
KIS-종합채권금융채-2-5Y-3Y-지수-총수익-3ca27fa0fd,KIS 종합채권금융채 2.5Y-3Y 지수 (총수익),KIS-종합채권금융채-2-5Y-3Y-지수-총수익-3ca27fa0fd,채권,금융채/미확인만기/미확인등급,normalized_master
FNGUIDE-멀티팩터-지수-d59e553bfc,FnGuide 멀티팩터 지수,FNGUIDE-멀티팩터-지수-d59e553bfc,일반주식,지수기반,normalized_master
코스피-대형주-e946d7f397,코스피 대형주,코스피-대형주-e946d7f397,규모,규모주,normalized_master
코스피-200-초대형제외-지수-24d75b4810,코스피 200 초대형제외 지수,코스피-200-초대형제외-지수-24d75b4810,일반주식,지수기반,normalized_master
코스피-200-ESG-지수-4653afc241,코스피 200 ESG 지수,코스피-200-ESG-지수-4653afc241,일반주식,지수기반,normalized_master
KIS-리츠부동산인프라채권PR-지수-9f205d131f,KIS 리츠부동산인프라채권PR 지수,KIS-리츠부동산인프라채권PR-지수-9f205d131f,혼합자산,자산배분,normalized_master
TOKYO-STOCK-EXCHANGE-REIT-INDEX-6f55cd70c6,Tokyo Stock Exchange REIT Index,TOKYO-STOCK-EXCHANGE-REIT-INDEX-6f55cd70c6,일반주식,지수기반,normalized_master
DOW-JONES-U-S-REAL-ESTATE-PR-INDEX-7e3317851f,Dow Jones U.S. Real Estate PR Index,DOW-JONES-U-S-REAL-ESTATE-PR-INDEX-7e3317851f,일반주식,지수기반,normalized_master
ICE-BOFAML-CORE-PLUS-FIXED-RATE-PREFERRED-SE-f030a22f74,ICE BofAML Core Plus Fixed Rate Preferred Securities Index(PR),ICE-BOFAML-CORE-PLUS-FIXED-RATE-PREFERRED-SE-f030a22f74,일반주식,지수기반,normalized_master
S-P-GLOBAL-LUXURY-INDEX-3af18db422,S&P Global Luxury Index,S-P-GLOBAL-LUXURY-INDEX-3af18db422,일반주식,지수기반,normalized_master
코스닥-150-645768490d,코스닥 150,코스닥-150-645768490d,일반주식,지수기반,normalized_master
KIS-종합채권-AA-이상-총수익-지수-TOTAL-RETURN-INDEX-efb4c6cd0c,KIS 종합채권 AA-이상 총수익 지수(Total return Index),KIS-종합채권-AA-이상-총수익-지수-TOTAL-RETURN-INDEX-efb4c6cd0c,채권,채권/미확인만기/AA,normalized_master
KIS-CD-INDEX-총수익-087b044c88,KIS CD Index(총수익),KIS-CD-INDEX-총수익-087b044c88,금리,CD,normalized_master
코스피-TR-098a5a327f,코스피 TR,코스피-TR-098a5a327f,일반주식,지수기반,normalized_master
코스피200-롱-100-코스닥150-숏-100-선물지수-1b7cfe399e,코스피200 롱 100% 코스닥150 숏 100% 선물지수,코스피200-롱-100-코스닥150-숏-100-선물지수-1b7cfe399e,대표지수,KOSPI200,normalized_master
코스닥150-롱-100-코스피200-숏-100-선물지수-37334b4442,코스닥150 롱 100% 코스피200 숏 100% 선물지수,코스닥150-롱-100-코스피200-숏-100-선물지수-37334b4442,대표지수,KOSPI200,normalized_master
SP500,S&P 500,SP500,대표지수,S&P500,normalized_master
SP500,S&P 500,SP500,대표지수,S&P500,normalized_master
코스피-200-TR-f72cebfb6a,코스피 200 TR,코스피-200-TR-f72cebfb6a,일반주식,지수기반,normalized_master
KIS-단기통안채-INDEX-총수익-368a666db9,KIS 단기통안채 Index(총수익),KIS-단기통안채-INDEX-총수익-368a666db9,금리,초단기 금리,normalized_master
KAP-한국장기종합채권지수-AA-이상-총수익-6bdb6d8b60,"KAP 한국장기종합채권지수(AA-이상, 총수익)",KAP-한국장기종합채권지수-AA-이상-총수익-6bdb6d8b60,채권,채권/장기/AA,normalized_master
코스피200-정보기술-TR-919a24ecce,코스피200 정보기술 TR,코스피200-정보기술-TR-919a24ecce,대표지수,KOSPI200,normalized_master
코스피-aa7fe95c87,코스피,코스피-aa7fe95c87,일반주식,지수기반,normalized_master
KRX-BBIG-지수-0efd91d033,KRX BBIG 지수,KRX-BBIG-지수-0efd91d033,일반주식,지수기반,normalized_master
KRX-바이오-TOP-10-지수-5e0d683af9,KRX 바이오 TOP 10 지수,KRX-바이오-TOP-10-지수-5e0d683af9,일반주식,지수기반,normalized_master
KRX-2차전지-TOP-10-지수-947af79542,KRX 2차전지 TOP 10 지수,KRX-2차전지-TOP-10-지수-947af79542,테마,2차전지,normalized_master
KRX-게임-TOP-10-지수-6562c6d1ad,KRX 게임 TOP 10 지수,KRX-게임-TOP-10-지수-6562c6d1ad,일반주식,지수기반,normalized_master
KRX-인터넷-TOP-10-지수-763650c5ac,KRX 인터넷 TOP 10 지수,KRX-인터넷-TOP-10-지수-763650c5ac,일반주식,지수기반,normalized_master
코스피-aa7fe95c87,코스피,코스피-aa7fe95c87,일반주식,지수기반,normalized_master
KIS-10년-국고채-지수-총수익-0999669c02,KIS 10년 국고채 지수 (총수익),KIS-10년-국고채-지수-총수익-0999669c02,채권,국채/중기/미확인등급,normalized_master
NASDAQ-100-a3293b2356,NASDAQ 100,NASDAQ-100-a3293b2356,대표지수,NASDAQ100,normalized_master
FNGUIDE-5G-산업-지수-f167db2c7e,FnGuide 5G 산업 지수,FNGUIDE-5G-산업-지수-f167db2c7e,일반주식,지수기반,normalized_master
FNGUIDE-네트워크-인프라-지수-deb38a2a17,FnGuide 네트워크 인프라 지수,FNGUIDE-네트워크-인프라-지수-deb38a2a17,일반주식,지수기반,normalized_master
FNGUIDE-수소-경제-테마-지수-c7d93f2116,FnGuide 수소 경제 테마 지수,FNGUIDE-수소-경제-테마-지수-c7d93f2116,일반주식,지수기반,normalized_master
FNGUIDE-K-뉴딜-디지털-플러스-지수-3f8ca5422b,FnGuide K-뉴딜 디지털 플러스 지수,FNGUIDE-K-뉴딜-디지털-플러스-지수-3f8ca5422b,일반주식,지수기반,normalized_master
NASDAQ-100-a3293b2356,NASDAQ 100,NASDAQ-100-a3293b2356,대표지수,NASDAQ100,normalized_master
FNGUIDE-K-뉴딜-디지털-플러스-지수-3f8ca5422b,FnGuide K-뉴딜 디지털 플러스 지수,FNGUIDE-K-뉴딜-디지털-플러스-지수-3f8ca5422b,일반주식,지수기반,normalized_master
HANG-SENG-TECH-INDEX-c110bfc7a6,Hang Seng TECH Index,HANG-SENG-TECH-INDEX-c110bfc7a6,일반주식,지수기반,normalized_master
HANG-SENG-TECH-INDEX-c110bfc7a6,Hang Seng TECH Index,HANG-SENG-TECH-INDEX-c110bfc7a6,일반주식,지수기반,normalized_master
INDXX-GLOBAL-CLOUD-COMPUTING-INDEX-PR-9a4ccbcbec,Indxx Global Cloud Computing Index(PR),INDXX-GLOBAL-CLOUD-COMPUTING-INDEX-PR-9a4ccbcbec,일반주식,지수기반,normalized_master
SOLACTIVE-CHINA-ELECTRIC-VEHICLE-AND-BATTERY-404a104a28,Solactive China Electric Vehicle and Battery Index(PR),SOLACTIVE-CHINA-ELECTRIC-VEHICLE-AND-BATTERY-404a104a28,테마,2차전지,normalized_master
SOLACTIVE-CHINA-BIOTECH-INDEX-PR-08996699b7,Solactive China Biotech Index(PR),SOLACTIVE-CHINA-BIOTECH-INDEX-PR-08996699b7,일반주식,지수기반,normalized_master
HANG-SENG-TECH-INDEX-c110bfc7a6,Hang Seng TECH Index,HANG-SENG-TECH-INDEX-c110bfc7a6,일반주식,지수기반,normalized_master
HANG-SENG-TECH-INDEX-c110bfc7a6,Hang Seng TECH Index,HANG-SENG-TECH-INDEX-c110bfc7a6,일반주식,지수기반,normalized_master
FNGUIDE-K-이노베이션-지수-9de9499622,FnGuide K-이노베이션 지수,FNGUIDE-K-이노베이션-지수-9de9499622,일반주식,지수기반,normalized_master
NASDAQ-US-LOW-VOLATILITY-DIVIDEND-ACHIEVERS--7a8f5f5bd8,Nasdaq US Low Volatility Dividend Achievers Index,NASDAQ-US-LOW-VOLATILITY-DIVIDEND-ACHIEVERS--7a8f5f5bd8,배당·주주환원,고배당,normalized_master
KELLY-DATA-CENTER-TECH-INFRASTRUCTURE-NET-TO-b1808a94fd,Kelly Data Center & Tech Infrastructure Net Total Return Index,KELLY-DATA-CENTER-TECH-INFRASTRUCTURE-NET-TO-b1808a94fd,테마,AI 데이터센터,normalized_master
KRX-S-P-탄소효율-그린뉴딜지수-c84006c63a,KRX/S&P 탄소효율 그린뉴딜지수,KRX-S-P-탄소효율-그린뉴딜지수-c84006c63a,일반주식,지수기반,normalized_master
KRX-S-P-탄소효율-그린뉴딜지수-c84006c63a,KRX/S&P 탄소효율 그린뉴딜지수,KRX-S-P-탄소효율-그린뉴딜지수-c84006c63a,일반주식,지수기반,normalized_master
KRX-S-P-탄소효율-그린뉴딜지수-c84006c63a,KRX/S&P 탄소효율 그린뉴딜지수,KRX-S-P-탄소효율-그린뉴딜지수-c84006c63a,일반주식,지수기반,normalized_master
FNGUIDE-신재생에너지-지수-823697ba92,FnGuide 신재생에너지 지수,FNGUIDE-신재생에너지-지수-823697ba92,일반주식,지수기반,normalized_master
SP500,S&P 500,SP500,대표지수,S&P500,normalized_master
EURO-STOXX-50-INDEX-86f603fbbb,EURO STOXX 50 Index,EURO-STOXX-50-INDEX-86f603fbbb,일반주식,지수기반,normalized_master
SP500,S&P 500,SP500,대표지수,S&P500,normalized_master
NASDAQ-100-a3293b2356,NASDAQ 100,NASDAQ-100-a3293b2356,대표지수,NASDAQ100,normalized_master
FNGUIDE-코리아AI테크핵심산업지수-PRICE-RETURN-e0f9789c97,FnGuide 코리아AI테크핵심산업지수 (Price Return),FNGUIDE-코리아AI테크핵심산업지수-PRICE-RETURN-e0f9789c97,일반주식,지수기반,normalized_master
INDXX-US-TECH-TOP-10-INDEX-aa290b1e4e,Indxx US Tech Top 10 Index,INDXX-US-TECH-TOP-10-INDEX-aa290b1e4e,일반주식,지수기반,normalized_master
PHLX-SEMICONDUCTOR-SECTOR-INDEX-2c65e16989,PHLX Semiconductor Sector Index,PHLX-SEMICONDUCTOR-SECTOR-INDEX-2c65e16989,테마,반도체,normalized_master
FNGUIDE-전기-수소차-지수-시장가격-990bd175f5,FnGuide 전기&수소차 지수 (시장가격),FNGUIDE-전기-수소차-지수-시장가격-990bd175f5,일반주식,지수기반,normalized_master
FNGUIDE-친환경에너지-지수-시장가격-47c5a5966f,FnGuide 친환경에너지 지수 (시장가격),FNGUIDE-친환경에너지-지수-시장가격-47c5a5966f,일반주식,지수기반,normalized_master
FNGUIDE-K-신재생에너지-플러스-지수-45c97ee904,FnGuide K-신재생에너지 플러스 지수,FNGUIDE-K-신재생에너지-플러스-지수-45c97ee904,일반주식,지수기반,normalized_master
FNGUIDE-K-미래차-지수-16acdd0cc1,FnGuide K-미래차 지수,FNGUIDE-K-미래차-지수-16acdd0cc1,일반주식,지수기반,normalized_master
KIS-종합채권-지수-A-이상-총수익지수-5e8324613e,KIS 종합채권 지수(A-이상)(총수익지수),KIS-종합채권-지수-A-이상-총수익지수-5e8324613e,채권,채권/미확인만기/A,normalized_master
KIS-단기채권알파지수-AA-이상-총수익지수-b18d24e3bb,KIS 단기채권알파지수(AA-이상)(총수익지수),KIS-단기채권알파지수-AA-이상-총수익지수-b18d24e3bb,채권,채권/초단기/AA,normalized_master
KIS-국고채30년ENHANCED지수-시장가격-cbc3b9bd2f,KIS 국고채30년Enhanced지수(시장가격),KIS-국고채30년ENHANCED지수-시장가격-cbc3b9bd2f,채권,국채/미확인만기/미확인등급,normalized_master
MSCI-KOREA-COUNTRY-ESG-LEADERS-CUSTOM-CAPPED-3d1565ce62,MSCI Korea Country ESG Leaders Custom Capped Price return Index,MSCI-KOREA-COUNTRY-ESG-LEADERS-CUSTOM-CAPPED-3d1565ce62,일반주식,지수기반,normalized_master
FNGUIDE-친환경-자동차-밸류체인-지수-903de1de25,FnGuide 친환경 자동차 밸류체인 지수,FNGUIDE-친환경-자동차-밸류체인-지수-903de1de25,테마,2차전지,normalized_master
KRX-BBIG-지수-0efd91d033,KRX BBIG 지수,KRX-BBIG-지수-0efd91d033,일반주식,지수기반,normalized_master
코스피-aa7fe95c87,코스피,코스피-aa7fe95c87,일반주식,지수기반,normalized_master
NASDAQ-100-a3293b2356,NASDAQ 100,NASDAQ-100-a3293b2356,일반주식,지수기반,normalized_master
FNGUIDE-퓨처모빌리티-지수-f0295451a5,FnGuide 퓨처모빌리티 지수,FNGUIDE-퓨처모빌리티-지수-f0295451a5,일반주식,지수기반,normalized_master
FNGUIDE-K엔터-여행레저-지수-da12d0a53b,FnGuide K엔터&여행레저 지수,FNGUIDE-K엔터-여행레저-지수-da12d0a53b,일반주식,지수기반,normalized_master
ISELECT-비메모리반도체-지수-시장가격지수-0c90698a7f,iSelect 비메모리반도체 지수(시장가격지수),ISELECT-비메모리반도체-지수-시장가격지수-0c90698a7f,테마,반도체,normalized_master
MVIS-US-LISTED-SEMICONDUCTOR-25-INDEX-74b928133c,MVIS US Listed Semiconductor 25 Index,MVIS-US-LISTED-SEMICONDUCTOR-25-INDEX-74b928133c,테마,반도체,normalized_master
S-P-KENSHO-SMART-TRANSPORTATION-e8c0a4ca4b,S&P Kensho Smart Transportation,S-P-KENSHO-SMART-TRANSPORTATION-e8c0a4ca4b,일반주식,지수기반,normalized_master
INDXX-US-GREEN-INFRASTRUCTURE-PRICE-RETURN-I-c0d2b5aab3,Indxx US Green Infrastructure Price return Index,INDXX-US-GREEN-INFRASTRUCTURE-PRICE-RETURN-I-c0d2b5aab3,일반주식,지수기반,normalized_master
코스피-200-dbc8ccb693,코스피 200,코스피-200-dbc8ccb693,일반주식,지수기반,normalized_master
SOLACTIVE-AUTONOMOUS-ELECTRIC-VEHICLES-지수-PR-90d83be1c0,Solactive Autonomous & Electric Vehicles 지수(PR),SOLACTIVE-AUTONOMOUS-ELECTRIC-VEHICLES-지수-PR-90d83be1c0,일반주식,지수기반,normalized_master
SOLACTIVE-GLOBAL-LITHIUM-지수-PR-e72c01e3cd,Solactive Global Lithium 지수(PR),SOLACTIVE-GLOBAL-LITHIUM-지수-PR-e72c01e3cd,일반주식,지수기반,normalized_master
FNGUIDE-웹툰-드라마-지수-dc0efd4e82,FnGuide 웹툰&드라마 지수,FNGUIDE-웹툰-드라마-지수-dc0efd4e82,일반주식,지수기반,normalized_master
FNGUIDE-AI반도체-TOP2-지수-6b3630d0e7,FnGuide AI반도체 TOP2+ 지수,FNGUIDE-AI반도체-TOP2-지수-6b3630d0e7,테마,반도체,normalized_master
FNGUIDE-TOP10-동일가중-지수-9800eb449f,FnGuide TOP10 동일가중 지수,FNGUIDE-TOP10-동일가중-지수-9800eb449f,일반주식,지수기반,normalized_master
FNGUIDE-K-반도체-지수-7610b42d18,FnGuide K-반도체 지수,FNGUIDE-K-반도체-지수-7610b42d18,테마,반도체,normalized_master
FNGUIDE-K-게임-지수-2f62222353,FnGuide K-게임 지수,FNGUIDE-K-게임-지수-2f62222353,일반주식,지수기반,normalized_master
FNGUIDE-K-POP-미디어-지수-63cc7c3d97,FnGuide K-POP & 미디어 지수,FNGUIDE-K-POP-미디어-지수-63cc7c3d97,일반주식,지수기반,normalized_master
FNGUIDE-한화-ESG-가치-지수-b092c36655,FnGuide 한화 ESG 가치 지수,FNGUIDE-한화-ESG-가치-지수-b092c36655,일반주식,지수기반,normalized_master
FNGUIDE-한화-ESG-성장-지수-9067869e16,FnGuide 한화 ESG 성장 지수,FNGUIDE-한화-ESG-성장-지수-9067869e16,일반주식,지수기반,normalized_master
FNGUIDE-반도체TOP10-지수-d4b5e8afde,FnGuide 반도체TOP10 지수,FNGUIDE-반도체TOP10-지수-d4b5e8afde,테마,반도체,normalized_master
SOLACTIVE-CHINA-CLEAN-ENERGY-지수-PR-05b56fbc1b,Solactive China Clean Energy 지수(PR),SOLACTIVE-CHINA-CLEAN-ENERGY-지수-PR-05b56fbc1b,일반주식,지수기반,normalized_master
FACTSET-CHINA-SEMICONDUCTOR-지수-PR-48345f0655,FactSet China Semiconductor 지수(PR),FACTSET-CHINA-SEMICONDUCTOR-지수-PR-48345f0655,테마,반도체,normalized_master
5년-국채선물-추종-지수-93b251885a,5년 국채선물 추종 지수,5년-국채선물-추종-지수-93b251885a,채권,국채/중기/미확인등급,normalized_master
SP500,S&P500 Scored&Screened(PR),SP500,대표지수,S&P500,normalized_master
S-P-GLOBAL-CLEAN-ENERGY-TRANSITION-INDEX-PRI-b48e7cd123,S&P Global Clean Energy Transition Index (Price Return),S-P-GLOBAL-CLEAN-ENERGY-TRANSITION-INDEX-PRI-b48e7cd123,일반주식,지수기반,normalized_master
ICE-EUA-CARBON-FUTURES-INDEX-EXCESS-RETURN-08ee7cf1b1,ICE EUA Carbon Futures Index(Excess Return),ICE-EUA-CARBON-FUTURES-INDEX-EXCESS-RETURN-08ee7cf1b1,일반주식,지수기반,normalized_master
S-P-GSCI-CARBON-EMISSION-ALLOWANCES-EUA-EUR--e3c0454b27,S&P GSCI Carbon Emission Allowances(EUA)(EUR)ER,S-P-GSCI-CARBON-EMISSION-ALLOWANCES-EUA-EUR--e3c0454b27,일반주식,지수기반,normalized_master
ICE-GLOBAL-CARBON-FUTURES-INDEX-EXCESS-RETUR-59fc4e27e9,ICE Global Carbon Futures Index(Excess Return),ICE-GLOBAL-CARBON-FUTURES-INDEX-EXCESS-RETUR-59fc4e27e9,일반주식,지수기반,normalized_master
FNGUIDE-메타버스테마-지수-f29730ae27,FnGuide 메타버스테마 지수,FNGUIDE-메타버스테마-지수-f29730ae27,일반주식,지수기반,normalized_master
ISELECT-메타버스-지수-시장가격지수-21451dd544,iSelect 메타버스 지수(시장가격지수),ISELECT-메타버스-지수-시장가격지수-21451dd544,일반주식,지수기반,normalized_master
FNGUIDE-K-메타버스-지수-2afe48a0c9,FnGuide K-메타버스 지수,FNGUIDE-K-메타버스-지수-2afe48a0c9,일반주식,지수기반,normalized_master
ICE-GLOBAL-CARBON-FUTURES-INDEX-EXCESS-RETUR-59fc4e27e9,ICE Global Carbon Futures Index(Excess Return),ICE-GLOBAL-CARBON-FUTURES-INDEX-EXCESS-RETUR-59fc4e27e9,일반주식,지수기반,normalized_master
FNGUIDE-K-메타버스-MZ-지수-시장가격-b3e946ee84,FnGuide K-메타버스 MZ 지수(시장가격),FNGUIDE-K-메타버스-MZ-지수-시장가격-b3e946ee84,일반주식,지수기반,normalized_master
DOW-JONES-U-S-DIVIDEND-100-PRICE-RETURN-INDE-7c5a0ad9ec,Dow Jones U.S. Dividend 100 Price Return Index,DOW-JONES-U-S-DIVIDEND-100-PRICE-RETURN-INDE-7c5a0ad9ec,배당·주주환원,고배당,normalized_master
코스피-aa7fe95c87,코스피,코스피-aa7fe95c87,일반주식,지수기반,normalized_master
KRX-기후변화-솔루션지수-6ce838190e,KRX 기후변화 솔루션지수,KRX-기후변화-솔루션지수-6ce838190e,일반주식,지수기반,normalized_master
KRX-기후변화-솔루션지수-6ce838190e,KRX 기후변화 솔루션지수,KRX-기후변화-솔루션지수-6ce838190e,일반주식,지수기반,normalized_master
KRX-기후변화-솔루션지수-6ce838190e,KRX 기후변화 솔루션지수,KRX-기후변화-솔루션지수-6ce838190e,일반주식,지수기반,normalized_master
KRX-기후변화-솔루션지수-6ce838190e,KRX 기후변화 솔루션지수,KRX-기후변화-솔루션지수-6ce838190e,일반주식,지수기반,normalized_master
FNGUIDE-골프-테마-지수-7b0db8fa9b,FnGuide 골프 테마 지수,FNGUIDE-골프-테마-지수-7b0db8fa9b,일반주식,지수기반,normalized_master
코스피-200-TOP-10-지수-1fda008e0f,코스피 200 Top 10 지수,코스피-200-TOP-10-지수-1fda008e0f,일반주식,지수기반,normalized_master
FNGUIDE-플랫폼-지수-PRICE-RETURN-26c8644794,FnGuide 플랫폼 지수(Price Return),FNGUIDE-플랫폼-지수-PRICE-RETURN-26c8644794,일반주식,지수기반,normalized_master
SP500,S&P 500,SP500,대표지수,S&P500,normalized_master
NASDAQ-100-a3293b2356,NASDAQ 100,NASDAQ-100-a3293b2356,대표지수,NASDAQ100,normalized_master
NASDAQ-100-a3293b2356,NASDAQ 100,NASDAQ-100-a3293b2356,대표지수,NASDAQ100,normalized_master
FNGUIDE-K-컬처-지수-aa661badc9,FnGuide K-컬처 지수,FNGUIDE-K-컬처-지수-aa661badc9,일반주식,지수기반,normalized_master
KRX-금현물지수-a5aac6d62e,KRX 금현물지수,KRX-금현물지수-a5aac6d62e,원자재,금,normalized_master
NASDAQ-CB-INSIGHTS-METAVERSE-US-INDEX-PRICE--2d632ef711,Nasdaq CB Insights Metaverse US Index (Price Return),NASDAQ-CB-INSIGHTS-METAVERSE-US-INDEX-PRICE--2d632ef711,일반주식,지수기반,normalized_master
코스피-200-TOP-10-지수-1fda008e0f,코스피 200 Top 10 지수,코스피-200-TOP-10-지수-1fda008e0f,일반주식,지수기반,normalized_master
DAX-INDEX-PR-6175fc4a40,DAX Index(PR),DAX-INDEX-PR-6175fc4a40,일반주식,지수기반,normalized_master
KRX-BBIG-지수-0efd91d033,KRX BBIG 지수,KRX-BBIG-지수-0efd91d033,일반주식,지수기반,normalized_master
KRX-2차전지-TOP-10-지수-947af79542,KRX 2차전지 TOP 10 지수,KRX-2차전지-TOP-10-지수-947af79542,테마,2차전지,normalized_master
INDXX-GLOBAL-METAVERSE-INDEX-PRICE-RETURN-7e24a9e4bd,Indxx Global Metaverse Index (Price Return),INDXX-GLOBAL-METAVERSE-INDEX-PRICE-RETURN-7e24a9e4bd,일반주식,지수기반,normalized_master
CSI-PHOTOVOLTAIC-INDUSTRY-INDEX-PR-96d2863a42,CSI Photovoltaic Industry Index(PR),CSI-PHOTOVOLTAIC-INDUSTRY-INDEX-PR-96d2863a42,일반주식,지수기반,normalized_master
MK-ISELECT-AI-ESG-지수-시장가격지수-cc86c88e7f,MK-iSelect AI ESG 지수(시장가격지수),MK-ISELECT-AI-ESG-지수-시장가격지수-cc86c88e7f,일반주식,지수기반,normalized_master
FACTSET-US-CHINA-ELECTRIC-AUTONOMOUS-VEHICLE-fe34d360d3,FactSet US-China Electric&Autonomous Vehicle Price Return Index,FACTSET-US-CHINA-ELECTRIC-AUTONOMOUS-VEHICLE-fe34d360d3,일반주식,지수기반,normalized_master
STAR-50-INDEX-PRICE-RETURN-4a3857cbe2,STAR 50 Index(Price Return),STAR-50-INDEX-PRICE-RETURN-4a3857cbe2,일반주식,지수기반,normalized_master
STAR-50-INDEX-PRICE-RETURN-4a3857cbe2,STAR 50 Index(Price Return),STAR-50-INDEX-PRICE-RETURN-4a3857cbe2,일반주식,지수기반,normalized_master
STAR-50-INDEX-PRICE-RETURN-4a3857cbe2,STAR 50 Index(Price Return),STAR-50-INDEX-PRICE-RETURN-4a3857cbe2,일반주식,지수기반,normalized_master
MVIS-GLOBAL-RARE-EARTH-STRATEGIC-METALS-INDE-7714d9897e,MVIS Global Rare Earth/Strategic Metals Index (Price Return),MVIS-GLOBAL-RARE-EARTH-STRATEGIC-METALS-INDE-7714d9897e,일반주식,지수기반,normalized_master
STAR-50-INDEX-PRICE-RETURN-4a3857cbe2,STAR 50 Index(Price Return),STAR-50-INDEX-PRICE-RETURN-4a3857cbe2,일반주식,지수기반,normalized_master
INDXX-HYDROGEN-ECONOMY-INDEX-PR-225c4c579c,Indxx Hydrogen Economy Index (PR),INDXX-HYDROGEN-ECONOMY-INDEX-PR-225c4c579c,일반주식,지수기반,normalized_master
KEDI-혁신기업ESG30-지수-시장가격-지수-6961a635f9,KEDI 혁신기업ESG30 지수(시장가격 지수),KEDI-혁신기업ESG30-지수-시장가격-지수-6961a635f9,일반주식,지수기반,normalized_master
NASDAQ-100-a3293b2356,NASDAQ 100,NASDAQ-100-a3293b2356,대표지수,NASDAQ100,normalized_master
INDXX-CYBERSECURITY-지수-PR-9fe3f73bed,Indxx Cybersecurity 지수 (PR),INDXX-CYBERSECURITY-지수-PR-9fe3f73bed,일반주식,지수기반,normalized_master
NASDAQ-CLEAN-EDGE-GREEN-ENERGY-INDEX-PRICE-R-1acf41f3bc,Nasdaq Clean Edge Green Energy Index (Price Return),NASDAQ-CLEAN-EDGE-GREEN-ENERGY-INDEX-PRICE-R-1acf41f3bc,일반주식,지수기반,normalized_master
MSCI-CHINA-ALL-SHARES-IMI-SELECT-BATTERIES-I-c121a16da7,MSCI China all shares IMI Select Batteries Index(Price Return),MSCI-CHINA-ALL-SHARES-IMI-SELECT-BATTERIES-I-c121a16da7,일반주식,지수기반,normalized_master
BLUESTAR-HYDROGEN-AND-NEXTGEN-FUEL-CELL-INDE-dae1c5c3ce,BlueStar Hydrogen and NextGen Fuel Cell Index (시장가격),BLUESTAR-HYDROGEN-AND-NEXTGEN-FUEL-CELL-INDE-dae1c5c3ce,일반주식,지수기반,normalized_master
KIS-ESG-9M-1-5Y-384ad8e500,KIS ESG 9M~1.5Y,KIS-ESG-9M-1-5Y-384ad8e500,채권,채권/초단기/미확인등급,normalized_master
ISELECT-우주항공UAM-지수-37337bd2e2,iSelect 우주항공UAM 지수,ISELECT-우주항공UAM-지수-37337bd2e2,일반주식,지수기반,normalized_master
ISELECT-2차전지-지수-시장가격지수-d58701a834,iSelect 2차전지 지수 (시장가격지수),ISELECT-2차전지-지수-시장가격지수-d58701a834,테마,2차전지,normalized_master
KOFR-지수-28743eb401,KOFR 지수,KOFR-지수-28743eb401,금리,KOFR,normalized_master
S-P-GLOBAL-SEMICONDUCTOR-KOREA-TILTED-INDEX--ad66db142f,S&P Global Semiconductor Korea Tilted Index(PR),S-P-GLOBAL-SEMICONDUCTOR-KOREA-TILTED-INDEX--ad66db142f,테마,반도체,normalized_master
PHLX-SEMICONDUCTOR-SECTOR-INDEX-2c65e16989,PHLX Semiconductor Sector Index,PHLX-SEMICONDUCTOR-SECTOR-INDEX-2c65e16989,테마,반도체,normalized_master
SP500,S&P 500,SP500,대표지수,S&P500,normalized_master
NASDAQ-100-a3293b2356,NASDAQ 100,NASDAQ-100-a3293b2356,대표지수,NASDAQ100,normalized_master
KAP-한국-국고채-총수익-지수-045deb7e81,KAP 한국 국고채 총수익 지수,KAP-한국-국고채-총수익-지수-045deb7e81,채권,국채/미확인만기/미확인등급,normalized_master
FNGUIDE-AI-플랫폼-지수-eccad75a5c,FnGuide AI 플랫폼 지수,FNGUIDE-AI-플랫폼-지수-eccad75a5c,일반주식,지수기반,normalized_master
BLOOMBERG-CHINA-MEDIA-TECH-INDEX-PR-59227325cb,Bloomberg China Media & Tech Index PR,BLOOMBERG-CHINA-MEDIA-TECH-INDEX-PR-59227325cb,일반주식,지수기반,normalized_master
INDXX-US-ETF-INDUSTRY-TOP10-INDEX-PRICE-RETU-4786afef99,Indxx US ETF Industry Top10 Index(Price Return),INDXX-US-ETF-INDUSTRY-TOP10-INDEX-PRICE-RETU-4786afef99,일반주식,지수기반,normalized_master
SP500,S&P 500 Dividend Aristocrats 지수 (Price Return),SP500,대표지수,S&P500,normalized_master
NASDAQ-NEXT-GENERATION-100-지수-PRICE-RETURN-db2bb83a35,Nasdaq Next Generation 100 지수 (Price Return),NASDAQ-NEXT-GENERATION-100-지수-PRICE-RETURN-db2bb83a35,일반주식,지수기반,normalized_master
FNGUIDE-리츠-지수-adc9bcd1a6,FnGuide 리츠 지수,FNGUIDE-리츠-지수-adc9bcd1a6,일반주식,지수기반,normalized_master
SP500,S&P 500,SP500,대표지수,S&P500,normalized_master
FACTSET-GLOBAL-ELECTRIC-VEHICLE-AND-RECHARGE-28a8addfbd,FactSet Global Electric Vehicle and Rechargeable Battery Korea-Tilted Index(PR),FACTSET-GLOBAL-ELECTRIC-VEHICLE-AND-RECHARGE-28a8addfbd,테마,2차전지,normalized_master
KIS-TIPS-지수-총수익-dc0cfd184f,KIS TIPS 지수(총수익),KIS-TIPS-지수-총수익-dc0cfd184f,채권,채권/미확인만기/미확인등급,normalized_master
국채선물지수-96def68cff,국채선물지수,국채선물지수-96def68cff,채권,국채/미확인만기/미확인등급,normalized_master
SP500,S&P 500,SP500,대표지수,S&P500,normalized_master
SP500,S&P 500,SP500,대표지수,S&P500,normalized_master
코스피-200-dbc8ccb693,코스피 200,코스피-200-dbc8ccb693,일반주식,지수기반,normalized_master
SP500,S&P 500,SP500,대표지수,S&P500,normalized_master
DEEPSEARCH-원자력-TOP-10지수-a17b1d16cc,DeepSearch 원자력 TOP 10지수,DEEPSEARCH-원자력-TOP-10지수-a17b1d16cc,일반주식,지수기반,normalized_master
MORNINGSTAR-KOREA-LIFETIME-ALLOCATION-MODERA-43caea7666,Morningstar Korea Lifetime Allocation Moderate 2060 Index (Gross Return),MORNINGSTAR-KOREA-LIFETIME-ALLOCATION-MODERA-43caea7666,혼합자산,자산배분,normalized_master
SAMSUNG-KOREA-TARGET-DATE-2030-INDEX-PRICE-R-c5d841a9d4,Samsung Korea Target Date 2030 Index (Price Return),SAMSUNG-KOREA-TARGET-DATE-2030-INDEX-PRICE-R-c5d841a9d4,혼합자산,자산배분,normalized_master
SAMSUNG-KOREA-TARGET-DATE-2040-INDEX-PRICE-R-24c7f936ff,Samsung Korea Target Date 2040 Index (Price Return),SAMSUNG-KOREA-TARGET-DATE-2040-INDEX-PRICE-R-24c7f936ff,혼합자산,자산배분,normalized_master
SAMSUNG-KOREA-TARGET-DATE-2050-INDEX-PRICE-R-6defe95352,Samsung Korea Target Date 2050 Index (Price Return),SAMSUNG-KOREA-TARGET-DATE-2050-INDEX-PRICE-R-6defe95352,혼합자산,자산배분,normalized_master
ISELECT-원자력지수-시장가격-5799b3f84a,iSelect 원자력지수 (시장가격),ISELECT-원자력지수-시장가격-5799b3f84a,일반주식,지수기반,normalized_master
코스피-200-dbc8ccb693,코스피 200,코스피-200-dbc8ccb693,일반주식,지수기반,normalized_master
BLOOMBERG-GLOBAL-SELECT-INDUSTRY-LEADERS-TOP-23d159e95f,Bloomberg Global Select Industry Leaders TOP10 Index(PR),BLOOMBERG-GLOBAL-SELECT-INDUSTRY-LEADERS-TOP-23d159e95f,일반주식,지수기반,normalized_master
NASDAQ100,FnGuide 나스닥100채권혼합50 지수(총수익 지수),NASDAQ100,혼합자산,자산배분,normalized_master
DOW-JONES-TARGET-2030-INDEX-TOTAL-RETURN-d51324d7f4,Dow Jones Target 2030 Index (Total Return),DOW-JONES-TARGET-2030-INDEX-TOTAL-RETURN-d51324d7f4,혼합자산,자산배분,normalized_master
DOW-JONES-TARGET-2040-INDEX-TOTAL-RETURN-966ef8e594,Dow Jones Target 2040 Index (Total Return),DOW-JONES-TARGET-2040-INDEX-TOTAL-RETURN-966ef8e594,혼합자산,자산배분,normalized_master
DOW-JONES-TARGET-2050-INDEX-TOTAL-RETURN-a9769380ac,Dow Jones Target 2050 Index (Total Return),DOW-JONES-TARGET-2050-INDEX-TOTAL-RETURN-a9769380ac,혼합자산,자산배분,normalized_master
KAP-K-종합채권지수-AA-이상-총수익-e5a1701cce,"KAP K-종합채권지수(AA-이상, 총수익)",KAP-K-종합채권지수-AA-이상-총수익-e5a1701cce,채권,채권/미확인만기/AA,normalized_master
BLOOMBERG-MSCI-EM-ASIA-INVESTMENT-GRADE-CRED-6824863d32,Bloomberg MSCI EM Asia Investment Grade Credit SRI Index(Total Return),BLOOMBERG-MSCI-EM-ASIA-INVESTMENT-GRADE-CRED-6824863d32,채권,회사채/미확인만기/미확인등급,normalized_master
BLOOMBERG-MSCI-US-AGGREGATE-2BN-EX-SECURITIZ-b6e978dd68,Bloomberg MSCI US Aggregate 2bn ex Securitized SRI Capped Index(Total Return),BLOOMBERG-MSCI-US-AGGREGATE-2BN-EX-SECURITIZ-b6e978dd68,채권,채권/미확인만기/미확인등급,normalized_master
BLOOMBERG-US-CORPORATE-1-5-YEARS-TOTAL-RETUR-7abfe570ac,Bloomberg US Corporate 1-5 Years Total Return Index,BLOOMBERG-US-CORPORATE-1-5-YEARS-TOTAL-RETUR-7abfe570ac,채권,회사채/초단기/미확인등급,normalized_master
MVIS-GLOBAL-AGRIBUSINESS-INDEX-PRICE-RETURN-5b8ed988d2,MVIS Global Agribusiness Index(Price Return),MVIS-GLOBAL-AGRIBUSINESS-INDEX-PRICE-RETURN-5b8ed988d2,일반주식,지수기반,normalized_master
SP500,S&P 500 and Short-Term Treasury 50/50 Blend Index,SP500,혼합자산,자산배분,normalized_master
NASDAQ-100-US-T-BILLS-50-50-INDEX-413da0b472,NASDAQ-100 US T-Bills 50/50 Index,NASDAQ-100-US-T-BILLS-50-50-INDEX-413da0b472,혼합자산,자산배분,normalized_master
HANG-SENG-TECH-INDEX-c110bfc7a6,Hang Seng TECH Index,HANG-SENG-TECH-INDEX-c110bfc7a6,일반주식,지수기반,normalized_master
KIS-투자등급회사채-지수-총수익-8273d39bce,KIS 투자등급회사채 지수(총수익),KIS-투자등급회사채-지수-총수익-8273d39bce,채권,회사채/미확인만기/미확인등급,normalized_master
KAP-국고채3년지수-총수익지수-d35a246ebc,KAP 국고채3년지수(총수익지수),KAP-국고채3년지수-총수익지수-d35a246ebc,채권,국채/미확인만기/미확인등급,normalized_master
KAP-국고채10년지수-총수익지수-bd3a6f3b47,KAP 국고채10년지수(총수익지수),KAP-국고채10년지수-총수익지수-bd3a6f3b47,채권,국채/중기/미확인등급,normalized_master
코스피-중형주-4dcfdadaaa,코스피 중형주,코스피-중형주-4dcfdadaaa,일반주식,지수기반,normalized_master
FNGUIDE-K-푸드-지수-시장가격-d9008b8b9e,FnGuide K-푸드 지수 (시장가격),FNGUIDE-K-푸드-지수-시장가격-d9008b8b9e,일반주식,지수기반,normalized_master
KAP-ESG-종합채권지수-A-이상-총수익-ac877ff668,"KAP ESG 종합채권지수(A- 이상, 총수익)",KAP-ESG-종합채권지수-A-이상-총수익-ac877ff668,채권,채권/미확인만기/A,normalized_master
KAP-국고채-30년-총수익-지수-92ef2b5b5d,KAP 국고채 30년 총수익 지수,KAP-국고채-30년-총수익-지수-92ef2b5b5d,채권,국채/장기/미확인등급,normalized_master
INDXX-멀티에셋인컴-지수-시장가격-지수-4eb061f449,INDXX 멀티에셋인컴 지수(시장가격 지수),INDXX-멀티에셋인컴-지수-시장가격-지수-4eb061f449,혼합자산,자산배분,normalized_master
KIS-단기채권알파AA-이상-총수익지수-86341b15e3,KIS 단기채권알파AA-이상 총수익지수,KIS-단기채권알파AA-이상-총수익지수-86341b15e3,채권,채권/초단기/AA,normalized_master
BLOOMBERG-SHORT-TERM-TREASURY-TOTAL-RETURN-I-50de64957c,Bloomberg Short-Term Treasury Total Return Index,BLOOMBERG-SHORT-TERM-TREASURY-TOTAL-RETURN-I-50de64957c,채권,미국 국채/초단기/not_applicable,normalized_master
S-P-AEROSPACE-DEFENSE-SELECT-INDUSTRY-INDEX--57d0ad8690,S&P Aerospace & Defense Select Industry Index(PR),S-P-AEROSPACE-DEFENSE-SELECT-INDUSTRY-INDEX--57d0ad8690,일반주식,지수기반,normalized_master
FNGUIDE-조선해운지수-1bf9722ca7,FnGuide 조선해운지수,FNGUIDE-조선해운지수-1bf9722ca7,일반주식,지수기반,normalized_master
SP500,S&P 500,SP500,대표지수,S&P500,normalized_master
CBOE-NASDAQ-100-BUYWRITE-V2-지수-TOTAL-RETURN-c6fbb0ca01,Cboe Nasdaq-100 BuyWrite V2 지수 (Total Return),CBOE-NASDAQ-100-BUYWRITE-V2-지수-TOTAL-RETURN-c6fbb0ca01,대표지수,NASDAQ100,normalized_master
코스피-200-dbc8ccb693,코스피 200,코스피-200-dbc8ccb693,일반주식,지수기반,normalized_master
FNGUIDE-대장장이-지수-PRICE-RETURN-811a7b7024,FnGuide 대장장이 지수(Price Return),FNGUIDE-대장장이-지수-PRICE-RETURN-811a7b7024,일반주식,지수기반,normalized_master
코스피-200-dbc8ccb693,코스피 200,코스피-200-dbc8ccb693,일반주식,지수기반,normalized_master
ISELECT-글로벌원자력-지수-시장가격-3f2b210f6e,iSelect 글로벌원자력 지수(시장가격),ISELECT-글로벌원자력-지수-시장가격-3f2b210f6e,일반주식,지수기반,normalized_master
ISELECT-전략적자산배분-TDF-2030-지수-f33a1fa8c6,iSelect 전략적자산배분 TDF 2030 지수,ISELECT-전략적자산배분-TDF-2030-지수-f33a1fa8c6,혼합자산,TDF,normalized_master
ISELECT-전략적자산배분-TDF-2040-지수-7eaaf47047,iSelect 전략적자산배분 TDF 2040 지수,ISELECT-전략적자산배분-TDF-2040-지수-7eaaf47047,혼합자산,TDF,normalized_master
ISELECT-전략적자산배분-TDF-2050-지수-9a142ca3d9,iSelect 전략적자산배분 TDF 2050 지수,ISELECT-전략적자산배분-TDF-2050-지수-9a142ca3d9,혼합자산,TDF,normalized_master
ISELECT-글로벌HBM반도체-지수-f4d7311b71,iSelect 글로벌HBM반도체 지수,ISELECT-글로벌HBM반도체-지수-f4d7311b71,테마,반도체,normalized_master
KEDI-메가테크지수-PR-efa06eb79b,KEDI 메가테크지수(PR),KEDI-메가테크지수-PR-efa06eb79b,일반주식,지수기반,normalized_master
SP500,S&P 500,SP500,대표지수,S&P500,normalized_master
FNGUIDE-K-친환경-선박-지수-4c4878a8c4,FnGuide K-친환경 선박 지수,FNGUIDE-K-친환경-선박-지수-4c4878a8c4,일반주식,지수기반,normalized_master
ISELECT-K-로봇테마-지수-8aa83f0e61,iSelect K-로봇테마 지수,ISELECT-K-로봇테마-지수-8aa83f0e61,테마,로봇,normalized_master
FNGUIDE-주주가치-지수-b69182d33b,FnGuide 주주가치 지수,FNGUIDE-주주가치-지수-b69182d33b,일반주식,지수기반,normalized_master
MKF-배당귀족-지수-시장가격지수-65c74588ba,MKF 배당귀족 지수(시장가격지수),MKF-배당귀족-지수-시장가격지수-65c74588ba,일반주식,지수기반,normalized_master
ISELECT-아시아반도체-제조동맹-지수-시장가격-0b25b6a186,iSelect 아시아반도체 제조동맹 지수(시장가격),ISELECT-아시아반도체-제조동맹-지수-시장가격-0b25b6a186,테마,반도체,normalized_master
ISELECT-배터리-리사이클링-지수-dab727fd15,iSelect 배터리 리사이클링 지수,ISELECT-배터리-리사이클링-지수-dab727fd15,테마,2차전지,normalized_master
DOW-JONES-U-S-DIVIDEND-100-PRICE-RETURN-INDE-7c5a0ad9ec,Dow Jones U.S. Dividend 100 Price Return Index,DOW-JONES-U-S-DIVIDEND-100-PRICE-RETURN-INDE-7c5a0ad9ec,배당·주주환원,고배당,normalized_master
SOLACTIVE-GLOBAL-SEMICONDUCTOR-TOP4-PLUS-PRI-9c62ea4959,Solactive Global Semiconductor TOP4 Plus Price Return Index,SOLACTIVE-GLOBAL-SEMICONDUCTOR-TOP4-PLUS-PRI-9c62ea4959,테마,반도체,normalized_master
FNGUIDE-올라운드-가치주-지수-09b3390bfa,FnGuide 올라운드 가치주 지수,FNGUIDE-올라운드-가치주-지수-09b3390bfa,일반주식,지수기반,normalized_master
SOLACTIVE-US-TOP5-BALANCED50-INDEX-PR-19419e3475,Solactive US TOP5 Balanced50 Index(PR),SOLACTIVE-US-TOP5-BALANCED50-INDEX-PR-19419e3475,혼합자산,자산배분,normalized_master
FNGUIDE-애플채권혼합-지수-1153f494f9,FnGuide 애플채권혼합 지수,FNGUIDE-애플채권혼합-지수-1153f494f9,혼합자산,자산배분,normalized_master
FNGUIDE-테슬라채권혼합-지수-d3641056ae,FnGuide 테슬라채권혼합 지수,FNGUIDE-테슬라채권혼합-지수-d3641056ae,혼합자산,자산배분,normalized_master
코스피-200-dbc8ccb693,코스피 200,코스피-200-dbc8ccb693,일반주식,지수기반,normalized_master
SP500,S&P 500,SP500,대표지수,S&P500,normalized_master
NASDAQ-100-a3293b2356,NASDAQ 100,NASDAQ-100-a3293b2356,대표지수,NASDAQ100,normalized_master
WISE-삼성전자채권혼합-지수-1a94710ab3,Wise 삼성전자채권혼합 지수,WISE-삼성전자채권혼합-지수-1a94710ab3,혼합자산,자산배분,normalized_master
KAP-32-10-국고채-10년-총수익지수-3854118484,KAP 32-10 국고채 10년 총수익지수,KAP-32-10-국고채-10년-총수익지수-3854118484,채권,국채/중기/미확인등급,normalized_master
BLOOMBERG-BLENDED-NVIDIA-EQUITY-AND-KOREAN-B-c3b27b624b,Bloomberg Blended NVIDIA Equity and Korean Bond Index,BLOOMBERG-BLENDED-NVIDIA-EQUITY-AND-KOREAN-B-c3b27b624b,혼합자산,자산배분,normalized_master
코스피-aa7fe95c87,코스피,코스피-aa7fe95c87,일반주식,지수기반,normalized_master
BLOOMBERG-BLENDED-SAMSUNG-GROUP-FIXED-TOP-3--4674caf53f,Bloomberg Blended Samsung Group Fixed Top 3 Equity and Korean Bond Index,BLOOMBERG-BLENDED-SAMSUNG-GROUP-FIXED-TOP-3--4674caf53f,혼합자산,자산배분,normalized_master
KOFR-지수-28743eb401,KOFR 지수,KOFR-지수-28743eb401,금리,KOFR,normalized_master
SP500,S&P 500,SP500,대표지수,S&P500,normalized_master
NASDAQ-100-a3293b2356,NASDAQ 100,NASDAQ-100-a3293b2356,대표지수,NASDAQ100,normalized_master
FNGUIDE-K-방위산업-지수-4df066811b,FnGuide K-방위산업 지수,FNGUIDE-K-방위산업-지수-4df066811b,일반주식,지수기반,normalized_master
ISELECT-테슬라-애플-아마존-채권혼합지수-PRICE-RETURN-89088029cf,iSelect 테슬라 애플 아마존 채권혼합지수(Price Return),ISELECT-테슬라-애플-아마존-채권혼합지수-PRICE-RETURN-89088029cf,혼합자산,자산배분,normalized_master
KRX-CSI-한-중-전기차지수-5ccacbf553,KRX CSI 한·중 전기차지수,KRX-CSI-한-중-전기차지수-5ccacbf553,일반주식,지수기반,normalized_master
KRX-CSI-한-중-반도체지수-950a8afe3d,KRX CSI 한·중 반도체지수,KRX-CSI-한-중-반도체지수-950a8afe3d,테마,반도체,normalized_master
SP500,S&P 500,SP500,대표지수,S&P500,normalized_master
SP500,S&P 500,SP500,대표지수,S&P500,normalized_master
KRX-CSI-한-중-전기차지수-5ccacbf553,KRX CSI 한·중 전기차지수,KRX-CSI-한-중-전기차지수-5ccacbf553,일반주식,지수기반,normalized_master
KRX-CSI-한-중-반도체지수-950a8afe3d,KRX CSI 한·중 반도체지수,KRX-CSI-한-중-반도체지수-950a8afe3d,테마,반도체,normalized_master
코스닥-150-645768490d,코스닥 150,코스닥-150-645768490d,일반주식,지수기반,normalized_master
KAP-종합채권지수-AA-이상-총수익-733bbf3719,"KAP 종합채권지수(AA-이상, 총수익)",KAP-종합채권지수-AA-이상-총수익-733bbf3719,채권,채권/미확인만기/AA,normalized_master
코스피-200-dbc8ccb693,코스피 200,코스피-200-dbc8ccb693,일반주식,지수기반,normalized_master
SP500,S&P 500,SP500,대표지수,S&P500,normalized_master
KIS-STRIP-30Y-INDEX-총수익지수-58ece9864b,KIS STRIP 30Y Index(총수익지수),KIS-STRIP-30Y-INDEX-총수익지수-58ece9864b,채권,국채/장기/미확인등급,normalized_master
KIS-종합채권-AA-이상-총수익-지수-TOTAL-RETURN-INDEX-efb4c6cd0c,KIS 종합채권 AA-이상 총수익 지수(Total return Index),KIS-종합채권-AA-이상-총수익-지수-TOTAL-RETURN-INDEX-efb4c6cd0c,채권,채권/미확인만기/AA,normalized_master
KAP-국고채-30년-지수-총수익-2de5650878,KAP 국고채 30년 지수(총수익),KAP-국고채-30년-지수-총수익-2de5650878,채권,국채/장기/미확인등급,normalized_master
KAP-국채30년-TR-지수-총수익-5cef2c9490,KAP 국채30년 TR 지수(총수익),KAP-국채30년-TR-지수-총수익-5cef2c9490,채권,국채/장기/미확인등급,normalized_master
S-P-ULTRA-T-BOND-FUTURES-INDEX-ER-5a5445226b,S&P Ultra T-Bond Futures Index(ER),S-P-ULTRA-T-BOND-FUTURES-INDEX-ER-5a5445226b,채권,국채/장기/미확인등급,normalized_master
DOW-JONES-U-S-DIVIDEND-100-PRICE-RETURN-INDE-7c5a0ad9ec,Dow Jones U.S. Dividend 100 Price Return Index,DOW-JONES-U-S-DIVIDEND-100-PRICE-RETURN-INDE-7c5a0ad9ec,배당·주주환원,고배당,normalized_master
KOFR-지수-28743eb401,KOFR 지수,KOFR-지수-28743eb401,금리,KOFR,normalized_master
KOFR-지수-28743eb401,KOFR 지수,KOFR-지수-28743eb401,금리,KOFR,normalized_master
NASDAQ-100-a3293b2356,NASDAQ 100,NASDAQ-100-a3293b2356,대표지수,NASDAQ100,normalized_master
SP500,S&P 500,SP500,대표지수,S&P500,normalized_master
S-P-CONSUMER-STAPLES-SELECT-SECTOR-INDEX-PRI-13e85bb6c1,S&P Consumer Staples Select Sector Index(Price Return),S-P-CONSUMER-STAPLES-SELECT-SECTOR-INDEX-PRI-13e85bb6c1,대표지수,S&P500,normalized_master
S-P-HEALTH-CARE-SELECT-SECTOR-INDEX-PRICE-RE-0bb102187d,S&P Health Care Select Sector Index(Price Return),S-P-HEALTH-CARE-SELECT-SECTOR-INDEX-PRICE-RE-0bb102187d,대표지수,S&P500,normalized_master
S-P-FINANCIAL-SELECT-SECTOR-INDEX-PRICE-RETU-f81b0af876,S&P Financial Select Sector Index(Price Return),S-P-FINANCIAL-SELECT-SECTOR-INDEX-PRICE-RETU-f81b0af876,대표지수,S&P500,normalized_master
S-P-CONSUMER-DISCRETIONARY-SELECT-SECTOR-IND-588e9523d6,S&P Consumer Discretionary Select Sector Index(Price Return),S-P-CONSUMER-DISCRETIONARY-SELECT-SECTOR-IND-588e9523d6,대표지수,S&P500,normalized_master
NIFTY-50-INDEX-a30f8a2c90,Nifty 50 Index,NIFTY-50-INDEX-a30f8a2c90,일반주식,지수기반,normalized_master
NIFTY-50-INDEX-a30f8a2c90,Nifty 50 Index,NIFTY-50-INDEX-a30f8a2c90,일반주식,지수기반,normalized_master
BLOOMBERG-U-S-TREASURY-20-YEAR-TOTAL-RETURN--63d4bfe708,Bloomberg U.S Treasury 20+ Year Total Return Index,BLOOMBERG-U-S-TREASURY-20-YEAR-TOTAL-RETURN--63d4bfe708,채권,미국 국채/장기/not_applicable,normalized_master
NIFTY-50-INDEX-a30f8a2c90,Nifty 50 Index,NIFTY-50-INDEX-a30f8a2c90,일반주식,지수기반,normalized_master
FACTSET-TSMC-파운드리-밸류체인-지수-시장가격지수-498b3dcf81,FactSet TSMC 파운드리 밸류체인 지수(시장가격지수),FACTSET-TSMC-파운드리-밸류체인-지수-시장가격지수-498b3dcf81,일반주식,지수기반,normalized_master
CSI-SH-HK-SZ-CONSUMER-TOP-INDEX-1e939b5560,CSI SH-HK-SZ Consumer Top Index,CSI-SH-HK-SZ-CONSUMER-TOP-INDEX-1e939b5560,일반주식,지수기반,normalized_master
ISELECT-CAPEX-설비투자-지수-시장가격-f4f58e3bec,iSelect CAPEX 설비투자 지수(시장가격),ISELECT-CAPEX-설비투자-지수-시장가격-f4f58e3bec,일반주식,지수기반,normalized_master
KIS-종합-채권시장지수-AA-이상-총수익지수-e9633e2741,KIS 종합 채권시장지수(AA-이상)(총수익지수),KIS-종합-채권시장지수-AA-이상-총수익지수-e9633e2741,채권,채권/미확인만기/AA,normalized_master
BLOOMBERG-SOFR-DAILY-TOTAL-RETURN-INDEX-f4a729b744,Bloomberg SOFR Daily Total Return Index,BLOOMBERG-SOFR-DAILY-TOTAL-RETURN-INDEX-f4a729b744,금리,초단기 금리,normalized_master
IBOXX-USD-LIQUID-HIGH-YIELD-TOTAL-RETURN-IND-c3f58bc0fb,iBoxx USD Liquid High Yield Total Return Index,IBOXX-USD-LIQUID-HIGH-YIELD-TOTAL-RETURN-IND-c3f58bc0fb,채권,회사채/미확인만기/고수익,normalized_master
FNGUIDE-AI-반도체-소부장-지수-d1b5433359,FnGuide AI 반도체 소부장 지수,FNGUIDE-AI-반도체-소부장-지수-d1b5433359,테마,반도체,normalized_master
FNGUIDE-2차전지-소부장-지수-PR-e6764f9c6d,FnGuide 2차전지 소부장 지수(PR),FNGUIDE-2차전지-소부장-지수-PR-e6764f9c6d,테마,2차전지,normalized_master
KIS-시가평가-MMF-지수-총수익지수-3187000fa9,KIS 시가평가 MMF 지수 (총수익지수),KIS-시가평가-MMF-지수-총수익지수-3187000fa9,금리,MMF·머니마켓,normalized_master
KAP-SOFR-지수-1fff8058e9,KAP SOFR 지수,KAP-SOFR-지수-1fff8058e9,금리,초단기 금리,normalized_master
SOLACTIVE-SOFR-DAILY-TOTAL-RETURN-INDEX-8a0b82d482,Solactive SOFR Daily Total Return Index,SOLACTIVE-SOFR-DAILY-TOTAL-RETURN-INDEX-8a0b82d482,금리,초단기 금리,normalized_master
STOXX-EUROPE-LUXURY-10-INDEX-PRICE-RETURN-543c76dc48,STOXX Europe Luxury 10 Index(Price Return),STOXX-EUROPE-LUXURY-10-INDEX-PRICE-RETURN-543c76dc48,일반주식,지수기반,normalized_master
SOLACTIVE-GLOBAL-ARTIFICIAL-INTELLIGENCE-지수-4e51142909,Solactive Global Artificial Intelligence 지수,SOLACTIVE-GLOBAL-ARTIFICIAL-INTELLIGENCE-지수-4e51142909,테마,인공지능,normalized_master
SOLACTIVE-SOFR-DAILY-TOTAL-RETURN-INDEX-8a0b82d482,Solactive SOFR Daily Total Return Index,SOLACTIVE-SOFR-DAILY-TOTAL-RETURN-INDEX-8a0b82d482,금리,초단기 금리,normalized_master
SOLACTIVE-CHINA-ELECTRIC-VEHICLE-AND-BATTERY-404a104a28,Solactive China Electric Vehicle and Battery Index(PR),SOLACTIVE-CHINA-ELECTRIC-VEHICLE-AND-BATTERY-404a104a28,테마,2차전지,normalized_master
SOLACTIVE-SOFR-DAILY-TOTAL-RETURN-INDEX-8a0b82d482,Solactive SOFR Daily Total Return Index,SOLACTIVE-SOFR-DAILY-TOTAL-RETURN-INDEX-8a0b82d482,금리,초단기 금리,normalized_master
BLOOMBERG-EV-SUPPORTERS-PLUS-TESLA-PRICE-RET-a2e82807cb,Bloomberg EV Supporters Plus Tesla Price Return Index,BLOOMBERG-EV-SUPPORTERS-PLUS-TESLA-PRICE-RET-a2e82807cb,일반주식,지수기반,normalized_master
KAP-33-06-국고채-총수익-지수-a4eef55db8,KAP 33-06 국고채 총수익 지수,KAP-33-06-국고채-총수익-지수-a4eef55db8,채권,국채/만기매칭형/미확인등급,normalized_master
KAP-53-09-국고채-총수익-지수-c022902547,KAP 53-09 국고채 총수익 지수,KAP-53-09-국고채-총수익-지수-c022902547,채권,국채/만기매칭형/미확인등급,normalized_master
ISELECT-미래전략기술-지수-PR-c3de0941df,iSelect 미래전략기술 지수 (PR),ISELECT-미래전략기술-지수-PR-c3de0941df,일반주식,지수기반,normalized_master
FNGUIDE-태양광-ESS-지수-c824077843,FnGuide 태양광 & ESS 지수,FNGUIDE-태양광-ESS-지수-c824077843,일반주식,지수기반,normalized_master
KAP-국공채-머니마켓-총수익-지수-0f4db60516,KAP 국공채 머니마켓 총수익 지수,KAP-국공채-머니마켓-총수익-지수-0f4db60516,금리,MMF·머니마켓,normalized_master
FNGUIDE-CD91일-금리투자-지수-총수익-1627ce01fe,FnGuide CD91일 금리투자 지수(총수익),FNGUIDE-CD91일-금리투자-지수-총수익-1627ce01fe,금리,CD,normalized_master
ICE-BOFA-LONG-US-TREASURY-PRINCIPAL-STRIPS-I-c7cdb0aef6,ICE BofA Long US Treasury Principal STRIPS Index,ICE-BOFA-LONG-US-TREASURY-PRINCIPAL-STRIPS-I-c7cdb0aef6,채권,미국 국채/장기/not_applicable,normalized_master
IBOXX-USD-LIQUID-INVESTMENT-GRADE-INDEX-PRIC-9909c2425e,iBoxx USD Liquid Investment Grade Index(Price Return),IBOXX-USD-LIQUID-INVESTMENT-GRADE-INDEX-PRIC-9909c2425e,채권,회사채/미확인만기/미확인등급,normalized_master
DOW-JONES-U-S-DIVIDEND-100-PRICE-RETURN-INDE-7c5a0ad9ec,Dow Jones U.S. Dividend 100 Price Return Index,DOW-JONES-U-S-DIVIDEND-100-PRICE-RETURN-INDE-7c5a0ad9ec,배당·주주환원,고배당,normalized_master
DOWJONES-U-S-DIVIDEND-100-3-PREMIUM-COVERED--bd627590d2,DowJones U.S. Dividend 100 3% Premium Covered Call 지수 (TR),DOWJONES-U-S-DIVIDEND-100-3-PREMIUM-COVERED--bd627590d2,배당·주주환원,고배당,normalized_master
DOWJONES-U-S-DIVIDEND-100-7-PREMIUM-COVERED--fb17668add,DowJones U.S. Dividend 100 7% Premium Covered Call 지수 (TR),DOWJONES-U-S-DIVIDEND-100-7-PREMIUM-COVERED--fb17668add,배당·주주환원,고배당,normalized_master
FACTSET-TSLA-VALUE-CHAIN-INDEX-PR-2ef24cee59,FactSet TSLA Value Chain Index(PR),FACTSET-TSLA-VALUE-CHAIN-INDEX-PR-2ef24cee59,일반주식,지수기반,normalized_master
KAP-양도성예금증서-CD-금리지수-총수익지수-edbabf29e6,KAP 양도성예금증서(CD)금리지수(총수익지수),KAP-양도성예금증서-CD-금리지수-총수익지수-edbabf29e6,금리,CD,normalized_master
BLOOMBERG-GLOBAL-EQUITY-MARKET-WEIGHTED-INDE-f5c6cc1545,Bloomberg Global Equity Market Weighted Index(Price Return),BLOOMBERG-GLOBAL-EQUITY-MARKET-WEIGHTED-INDE-f5c6cc1545,일반주식,지수기반,normalized_master
MSCI-USA-INDEX-PRICE-RETURN-c51f3a64fe,MSCI USA Index(Price Return),MSCI-USA-INDEX-PRICE-RETURN-c51f3a64fe,일반주식,지수기반,normalized_master
SOLACTIVE-SOFR-DAILY-TOTAL-RETURN-INDEX-8a0b82d482,Solactive SOFR Daily Total Return Index,SOLACTIVE-SOFR-DAILY-TOTAL-RETURN-INDEX-8a0b82d482,금리,초단기 금리,normalized_master
S-P-DIVIDEND-MONARCHS-INDEX-PRICE-RETURN-8ba771c96a,S&P Dividend Monarchs Index(Price Return),S-P-DIVIDEND-MONARCHS-INDEX-PRICE-RETURN-8ba771c96a,배당·주주환원,고배당,normalized_master
SOLACTIVE-GLOBAL-SUPERIOR-INCOME-TOP-10-PRIC-01a4cb48a4,Solactive Global Superior Income TOP 10 Price Return Index,SOLACTIVE-GLOBAL-SUPERIOR-INCOME-TOP-10-PRIC-01a4cb48a4,일반주식,지수기반,normalized_master
SOLACTIVE-UNITED-STATES-TECHNOLOGY-100-INDEX-40ccd95c9e,Solactive United States Technology 100 Index(Price Return),SOLACTIVE-UNITED-STATES-TECHNOLOGY-100-INDEX-40ccd95c9e,일반주식,지수기반,normalized_master
코스닥-글로벌-지수-74cd91d501,코스닥 글로벌 지수,코스닥-글로벌-지수-74cd91d501,일반주식,지수기반,normalized_master
KAP-국고채-10년-동일가중-지수-총수익-6d474efcac,KAP 국고채 10년 동일가중 지수(총수익),KAP-국고채-10년-동일가중-지수-총수익-6d474efcac,채권,국채/중기/미확인등급,normalized_master
BLOOMBERG-MULTI-ASSET-WEIGHTED-KRW-ETFS-지수-시-77f81eb84f,Bloomberg Multi-Asset Weighted (KRW ETFs) 지수(시장가격),BLOOMBERG-MULTI-ASSET-WEIGHTED-KRW-ETFS-지수-시-77f81eb84f,혼합자산,자산배분,normalized_master
KAP-종합채권-총수익지수-AA-이상-30b8178946,KAP 종합채권 총수익지수(AA-이상),KAP-종합채권-총수익지수-AA-이상-30b8178946,채권,채권/미확인만기/AA,normalized_master
코스닥-글로벌-지수-74cd91d501,코스닥 글로벌 지수,코스닥-글로벌-지수-74cd91d501,일반주식,지수기반,normalized_master
KAP-미국채-20Y-지수-시장가격-f9735c1f0e,KAP 미국채 20Y+ 지수(시장가격),KAP-미국채-20Y-지수-시장가격-f9735c1f0e,채권,미국 국채/장기/not_applicable,normalized_master
ISELECT-미국-TECH-10-지수-d895708173,iSelect 미국 Tech 10 지수,ISELECT-미국-TECH-10-지수-d895708173,일반주식,지수기반,normalized_master
ISELECT-미국-TECH-10-지수-d895708173,iSelect 미국 Tech 10 지수,ISELECT-미국-TECH-10-지수-d895708173,일반주식,지수기반,normalized_master
FNGUIDE-2차전지핵심소재10-지수-94b6cf3669,FnGuide 2차전지핵심소재10 지수,FNGUIDE-2차전지핵심소재10-지수-94b6cf3669,테마,2차전지,normalized_master
FNGUIDE-2차전지소재-PRICE-RETURN-지수-7ea4a7bf87,FnGuide 2차전지소재 (Price Return) 지수,FNGUIDE-2차전지소재-PRICE-RETURN-지수-7ea4a7bf87,테마,2차전지,normalized_master
FNGUIDE-2차전지-산업-지수-61f29d4a25,FnGuide 2차전지 산업 지수,FNGUIDE-2차전지-산업-지수-61f29d4a25,테마,2차전지,normalized_master
SP500,S&P 500,SP500,대표지수,S&P500,normalized_master
ISELECT-바이오헬스케어-PR-지수-110f0d368c,iSelect 바이오헬스케어 PR 지수,ISELECT-바이오헬스케어-PR-지수-110f0d368c,일반주식,지수기반,normalized_master
KRX-헬스케어-016a2e2510,KRX 헬스케어,KRX-헬스케어-016a2e2510,일반주식,지수기반,normalized_master
ISELECT-K방산-우주-12dac46ebb,iSelect K방산&우주,ISELECT-K방산-우주-12dac46ebb,일반주식,지수기반,normalized_master
MK-머니마켓-지수-총수익-0eb7cc88f4,MK 머니마켓 지수(총수익),MK-머니마켓-지수-총수익-0eb7cc88f4,금리,MMF·머니마켓,normalized_master
CSI-300-INDEX-9289d4b457,CSI 300 Index,CSI-300-INDEX-9289d4b457,일반주식,지수기반,normalized_master
S-P-UTILITIES-SELECT-SECTOR-INDEX-PRICE-RETU-e066075b3e,S&P Utilities Select Sector Index(Price Return),S-P-UTILITIES-SELECT-SECTOR-INDEX-PRICE-RETU-e066075b3e,대표지수,S&P500,normalized_master
S-P-TECHNOLOGY-SELECT-SECTOR-INDEX-PRICE-RET-b012adb2c3,S&P Technology Select Sector Index(Price Return),S-P-TECHNOLOGY-SELECT-SECTOR-INDEX-PRICE-RET-b012adb2c3,대표지수,S&P500,normalized_master
S-P-COMMUNICATION-SERVICES-SELECT-SECTOR-IND-b8303b84cf,S&P Communication Services Select Sector Index(Price Return),S-P-COMMUNICATION-SERVICES-SELECT-SECTOR-IND-b8303b84cf,대표지수,S&P500,normalized_master
KIS-2609-만기형-크레딧-종합채권-지수-AA-이상-총수익지수-59764e46a4,KIS 2609 만기형 크레딧 종합채권 지수(AA-이상)(총수익지수),KIS-2609-만기형-크레딧-종합채권-지수-AA-이상-총수익지수-59764e46a4,채권,회사채/만기매칭형/AA,normalized_master
INDXX-GLOBAL-ROBOTICS-ARTIFICIAL-INTELLIGENC-e709130135,Indxx Global Robotics & Artificial Intelligence Thematic Index(PR),INDXX-GLOBAL-ROBOTICS-ARTIFICIAL-INTELLIGENC-e709130135,테마,인공지능,normalized_master
ICE-U-S-TREASURY-20-YEAR-BOND-INDEX-TOTAL-RE-24614947f6,ICE U.S. Treasury 20+ Year Bond Index(Total Return),ICE-U-S-TREASURY-20-YEAR-BOND-INDEX-TOTAL-RE-24614947f6,채권,미국 국채/장기/not_applicable,normalized_master
FNGUIDE-자동차소부장지수-PR-b5f54f58f4,FnGuide 자동차소부장지수(PR),FNGUIDE-자동차소부장지수-PR-b5f54f58f4,일반주식,지수기반,normalized_master
FNGUIDE-의료기기소부장지수-PR-9ab6caf88a,FnGuide 의료기기소부장지수(PR),FNGUIDE-의료기기소부장지수-PR-9ab6caf88a,일반주식,지수기반,normalized_master
SOLACTIVE-JAPAN-SEMICONDUCTOR-MATERIALS-AND--99cbbd96bc,Solactive Japan Semiconductor Materials and Equipment Index PR,SOLACTIVE-JAPAN-SEMICONDUCTOR-MATERIALS-AND--99cbbd96bc,테마,반도체,normalized_master
MIRAE-ASSET-GLOBAL-INNOVATIVE-BLUECHIP-TOP-1-4269c5de53,Mirae Asset Global Innovative Bluechip Top 10 Index(PR),MIRAE-ASSET-GLOBAL-INNOVATIVE-BLUECHIP-TOP-1-4269c5de53,일반주식,지수기반,normalized_master
ISELECT-2차전지-TOP10-지수-PR-5e0f2c5719,iSelect 2차전지 TOP10 지수(PR),ISELECT-2차전지-TOP10-지수-PR-5e0f2c5719,테마,2차전지,normalized_master
ISELECT-2차전지-TOP10-지수-PR-5e0f2c5719,iSelect 2차전지 TOP10 지수(PR),ISELECT-2차전지-TOP10-지수-PR-5e0f2c5719,테마,2차전지,normalized_master
SOLACTIVE-US-BIG-TECH-TOP-7-PLUS-PRICE-RETUR-2d53524282,Solactive US Big Tech Top 7 Plus Price Return Index,SOLACTIVE-US-BIG-TECH-TOP-7-PLUS-PRICE-RETUR-2d53524282,일반주식,지수기반,normalized_master
SOLACTIVE-US-BIG-TECH-TOP-7-PLUS-PRICE-RETUR-2d53524282,Solactive US Big Tech Top 7 Plus Price Return Index,SOLACTIVE-US-BIG-TECH-TOP-7-PLUS-PRICE-RETUR-2d53524282,일반주식,지수기반,normalized_master
SOLACTIVE-US-BIG-TECH-TOP-7-PLUS-PRICE-RETUR-2d53524282,Solactive US Big Tech Top 7 Plus Price Return Index,SOLACTIVE-US-BIG-TECH-TOP-7-PLUS-PRICE-RETUR-2d53524282,일반주식,지수기반,normalized_master
FACTSET-JAPAN-SEMICONDUCTOR-INDEX-PR-8ca69532d1,FactSet Japan Semiconductor Index(PR),FACTSET-JAPAN-SEMICONDUCTOR-INDEX-PR-8ca69532d1,테마,반도체,normalized_master
GLOBAL-X-U-S-CASH-FLOW-KINGS-100-INDEX-PR-7effa416a7,Global X U.S. Cash Flow Kings 100 Index(PR),GLOBAL-X-U-S-CASH-FLOW-KINGS-100-INDEX-PR-7effa416a7,일반주식,지수기반,normalized_master
KAP-26-09-특수채-지수-총수익-b497072051,KAP 26-09 특수채 지수(총수익),KAP-26-09-특수채-지수-총수익-b497072051,채권,채권/만기매칭형/미확인등급,normalized_master
ISELECT-2차전지양극재-지수-72b7dd01c2,iSelect 2차전지양극재 지수,ISELECT-2차전지양극재-지수-72b7dd01c2,테마,2차전지,normalized_master
FNGUIDE-조선TOP3플러스지수-PR-1d22e0639a,FnGuide 조선TOP3플러스지수(PR),FNGUIDE-조선TOP3플러스지수-PR-1d22e0639a,일반주식,지수기반,normalized_master
FNGUIDE-자동차TOP3플러스지수-PR-00aa5437e8,FnGuide 자동차TOP3플러스지수(PR),FNGUIDE-자동차TOP3플러스지수-PR-00aa5437e8,일반주식,지수기반,normalized_master
FNGUIDE-은행고배당플러스TOP10-지수-시장가격-지수-820eb54c0b,FnGuide 은행고배당플러스TOP10 지수(시장가격 지수),FNGUIDE-은행고배당플러스TOP10-지수-시장가격-지수-820eb54c0b,배당·주주환원,고배당,normalized_master
INDXX-ARTIFICIAL-INTELLIGENCE-AND-BIG-DATA-지-9385cee710,Indxx Artificial Intelligence and Big Data 지수(PR),INDXX-ARTIFICIAL-INTELLIGENCE-AND-BIG-DATA-지-9385cee710,테마,인공지능,normalized_master
ICE-U-S-TREASURY-INFLATION-LINKED-BOND-INDEX-aae3be9d4c,ICE U.S. Treasury Inflation Linked Bond Index(Total Return),ICE-U-S-TREASURY-INFLATION-LINKED-BOND-INDEX-aae3be9d4c,채권,미국 국채/미확인만기/not_applicable,normalized_master
ICE-BOFAML-US-HY-CONSTRAINED-INDEX-TOTAL-RET-d7d8ac6b2f,ICE BofAML US HY Constrained Index(Total Return),ICE-BOFAML-US-HY-CONSTRAINED-INDEX-TOTAL-RET-d7d8ac6b2f,채권,채권/미확인만기/고수익,normalized_master
IBOXX-USD-LIQUID-INVESTMENT-GRADE-INDEX-TOTA-0ad342d3f1,iBoxx USD Liquid Investment Grade Index(Total Return),IBOXX-USD-LIQUID-INVESTMENT-GRADE-INDEX-TOTA-0ad342d3f1,채권,회사채/미확인만기/미확인등급,normalized_master
NYSE-SEMICONDOCTOR-INDEX-PRICE-RETURN-f20a23fa52,NYSE Semicondoctor Index(Price Return),NYSE-SEMICONDOCTOR-INDEX-PRICE-RETURN-f20a23fa52,테마,반도체,normalized_master
NYSE-SEMICONDOCTOR-INDEX-PRICE-RETURN-f20a23fa52,NYSE Semicondoctor Index(Price Return),NYSE-SEMICONDOCTOR-INDEX-PRICE-RETURN-f20a23fa52,테마,반도체,normalized_master
ISELECT-AI-로봇-지수-시장가격-daafee55f2,iSelect AI&로봇 지수(시장가격),ISELECT-AI-로봇-지수-시장가격-daafee55f2,테마,로봇,normalized_master
FNGUIDE-AI반도체-TOP3-지수-6e97b55a16,FnGuide AI반도체 TOP3+ 지수,FNGUIDE-AI반도체-TOP3-지수-6e97b55a16,테마,반도체,normalized_master
BLOOMBERG-JAPAN-SEMICONDUCTOR-SELECT-TOP-25--6a3ac58970,Bloomberg Japan Semiconductor Select Top 25 Index(Price Return),BLOOMBERG-JAPAN-SEMICONDUCTOR-SELECT-TOP-25--6a3ac58970,테마,반도체,normalized_master
FNGUIDE-포스코그룹포커스-지수-시장가격-795c4c2530,FnGuide 포스코그룹포커스 지수(시장가격),FNGUIDE-포스코그룹포커스-지수-시장가격-795c4c2530,일반주식,지수기반,normalized_master
미국달러선물지수-ba7a0fa3a7,미국달러선물지수,미국달러선물지수-ba7a0fa3a7,통화,달러,normalized_master
SOLACTIVE-K-TECHTOP10-INDEX-PR-748fb558cc,Solactive K-TechTOP10 Index(PR),SOLACTIVE-K-TECHTOP10-INDEX-PR-748fb558cc,일반주식,지수기반,normalized_master
KAP-단기자금시장지수-1b06604d7e,KAP 단기자금시장지수,KAP-단기자금시장지수-1b06604d7e,금리,초단기 금리,normalized_master
ISELECT-AI-지수-5b6d48a05a,iSelect AI 지수,ISELECT-AI-지수-5b6d48a05a,일반주식,지수기반,normalized_master
ISELECT-글로벌AI-로봇PR지수-9dc96416e6,iSelect 글로벌AI&로봇PR지수,ISELECT-글로벌AI-로봇PR지수-9dc96416e6,테마,로봇,normalized_master
KAP-국고채-10년-지수-TR-1ec2bf1490,KAP 국고채 10년 지수(TR),KAP-국고채-10년-지수-TR-1ec2bf1490,채권,국채/중기/미확인등급,normalized_master
KIS-키움-국고채30년-지수-총수익지수-e4d2eb0ff6,KIS-키움 국고채30년 지수(총수익지수),KIS-키움-국고채30년-지수-총수익지수-e4d2eb0ff6,채권,국채/장기/미확인등급,normalized_master
ISELECT-AI반도체핵심공정지수-4806668e02,iSelect AI반도체핵심공정지수,ISELECT-AI반도체핵심공정지수-4806668e02,테마,반도체,normalized_master
KRX-정보기술-590619deb7,KRX 정보기술,KRX-정보기술-590619deb7,일반주식,지수기반,normalized_master
ISELECT-AI-반도체핵심장비-지수-d5dbfb4393,iSelect AI 반도체핵심장비 지수,ISELECT-AI-반도체핵심장비-지수-d5dbfb4393,테마,반도체,normalized_master
코스피-200-커버드콜-5-OTM-a1887ae08d,코스피 200 커버드콜 5% OTM,코스피-200-커버드콜-5-OTM-a1887ae08d,일반주식,지수기반,normalized_master
INDXX-US-TECH-TOP-10-INDEX-aa290b1e4e,Indxx US Tech Top 10 Index,INDXX-US-TECH-TOP-10-INDEX-aa290b1e4e,일반주식,지수기반,normalized_master
FNGUIDE-미국테크TOP10-채권혼합지수-6c4f67107e,FnGuide 미국테크TOP10 채권혼합지수,FNGUIDE-미국테크TOP10-채권혼합지수-6c4f67107e,혼합자산,자산배분,normalized_master
코스피-200-dbc8ccb693,코스피 200,코스피-200-dbc8ccb693,일반주식,지수기반,normalized_master
BLOOMBERG-U-S-TREASURY-20-YEAR-TLT-2-OTM-COV-323018d8d4,Bloomberg U.S. Treasury 20+ Year (TLT) 2% OTM Covered Call Index(TR),BLOOMBERG-U-S-TREASURY-20-YEAR-TLT-2-OTM-COV-323018d8d4,채권,미국 국채/장기/not_applicable,normalized_master
코스피-200-dbc8ccb693,코스피 200,코스피-200-dbc8ccb693,일반주식,지수기반,normalized_master
KIS-미국채30년-엔화노출-지수-USD-JPY-헤지-총수익지수-ba60e806b3,KIS 미국채30년 엔화노출 지수(USD/JPY 헤지)(총수익지수),KIS-미국채30년-엔화노출-지수-USD-JPY-헤지-총수익지수-ba60e806b3,채권,미국 국채/장기/not_applicable,normalized_master
KAP-종합채권-AA-이상-지수-총수익-c7ac486a8d,KAP 종합채권 AA- 이상 지수(총수익),KAP-종합채권-AA-이상-지수-총수익-c7ac486a8d,채권,채권/미확인만기/AA,normalized_master
KAP-26-12-회사채-총수익-지수-AA-이상-7a50d9f485,KAP 26-12 회사채 총수익 지수(AA-이상),KAP-26-12-회사채-총수익-지수-AA-이상-7a50d9f485,채권,회사채/만기매칭형/AA,normalized_master
KEDI-미국-국채-20년-커버드콜-지수-NTR-cbd5614679,KEDI 미국 국채 20년+ 커버드콜 지수(NTR),KEDI-미국-국채-20년-커버드콜-지수-NTR-cbd5614679,채권,국채/장기/미확인등급,normalized_master
KIS-11월-만기자동연장회사채-AA-이상-총수익지수-9118da5b84,KIS 11월 만기자동연장회사채(AA-이상) 총수익지수,KIS-11월-만기자동연장회사채-AA-이상-총수익지수-9118da5b84,채권,회사채/미확인만기/AA,normalized_master
ISELECT-서학개미-지수-PR-79fd27ed45,iSelect 서학개미 지수(PR),ISELECT-서학개미-지수-PR-79fd27ed45,일반주식,지수기반,normalized_master
SOLACTIVE-GLOBAL-AI-SEMICONDUCTOR-INDEX-PRIC-a26cdf2a39,Solactive Global AI Semiconductor Index (Price Return),SOLACTIVE-GLOBAL-AI-SEMICONDUCTOR-INDEX-PRIC-a26cdf2a39,테마,반도체,normalized_master
FNGUIDE-미국-주식-베스트셀러-지수-시장가격지수-a8c3f069a8,FnGuide 미국 주식 베스트셀러 지수(시장가격지수),FNGUIDE-미국-주식-베스트셀러-지수-시장가격지수-a8c3f069a8,일반주식,지수기반,normalized_master
NYSE-ARCA-GOLD-MINERS-INDEX-PRICE-RETURN-b4810fd4b6,NYSE Arca Gold Miners Index (Price Return),NYSE-ARCA-GOLD-MINERS-INDEX-PRICE-RETURN-b4810fd4b6,일반주식,지수기반,normalized_master
BLOOMBERG-U-S-TECH-TOP10-10-PREMIUM-COVERED--b929b43605,Bloomberg U.S. Tech Top10+10% Premium Covered Call Index,BLOOMBERG-U-S-TECH-TOP10-10-PREMIUM-COVERED--b929b43605,일반주식,지수기반,normalized_master
KAP-국고채30년-지수-TR-621067a795,KAP 국고채30년 지수(TR),KAP-국고채30년-지수-TR-621067a795,채권,국채/장기/미확인등급,normalized_master
FNGUIDE-반도체-밸류체인-PRICE-RETURN-지수-24ecee213f,FnGuide 반도체 밸류체인 (Price Return) 지수,FNGUIDE-반도체-밸류체인-PRICE-RETURN-지수-24ecee213f,테마,반도체,normalized_master
MSCI-US-IMI-ENERGY-25-50-INDEX-PRICE-RETURN-a07b232a48,MSCI US IMI Energy 25/50 Index(Price Return),MSCI-US-IMI-ENERGY-25-50-INDEX-PRICE-RETURN-a07b232a48,일반주식,지수기반,normalized_master
MSCI-CHINA-INDEX-USD-PRICE-RETURN-5f70f3307e,"MSCI China Index(USD, Price Return)",MSCI-CHINA-INDEX-USD-PRICE-RETURN-5f70f3307e,일반주식,지수기반,normalized_master
ISELECT-K-POP-포커스지수-시장가격-74599016d8,iSelect K-POP 포커스지수(시장가격),ISELECT-K-POP-포커스지수-시장가격-74599016d8,일반주식,지수기반,normalized_master
SOLACTIVE-글로벌친환경전력인프라-PR지수-de42bbf8a7,Solactive 글로벌친환경전력인프라 PR지수,SOLACTIVE-글로벌친환경전력인프라-PR지수-de42bbf8a7,일반주식,지수기반,normalized_master
KEDI-테슬라-인컴-프리미엄-밸런스드-지수-TR-9112a8eac2,KEDI 테슬라 인컴 프리미엄 밸런스드 지수(TR),KEDI-테슬라-인컴-프리미엄-밸런스드-지수-TR-9112a8eac2,혼합자산,자산배분,normalized_master
KAP-2월-만기자동연장회사채-AA-이상-총수익지수-c3449201ef,KAP 2월 만기자동연장회사채(AA-이상) 총수익지수,KAP-2월-만기자동연장회사채-AA-이상-총수익지수-c3449201ef,채권,회사채/미확인만기/AA,normalized_master
KIS-5월-만기자동연장회사채-AA-이상-총수익지수-205c9144c2,KIS 5월 만기자동연장회사채(AA-이상) 총수익지수,KIS-5월-만기자동연장회사채-AA-이상-총수익지수-205c9144c2,채권,회사채/미확인만기/AA,normalized_master
KAP-8월-만기자동연장회사채-AA-이상-총수익지수-542319b9af,KAP 8월 만기자동연장회사채(AA-이상) 총수익지수,KAP-8월-만기자동연장회사채-AA-이상-총수익지수-542319b9af,채권,회사채/미확인만기/AA,normalized_master
FNGUIDE-반도체-전공정-지수-PR-f3d71b3902,FnGuide 반도체 전공정 지수(PR),FNGUIDE-반도체-전공정-지수-PR-f3d71b3902,테마,반도체,normalized_master
FNGUIDE-반도체-후공정-지수-PR-2f3724666d,FnGuide 반도체 후공정 지수(PR),FNGUIDE-반도체-후공정-지수-PR-2f3724666d,테마,반도체,normalized_master
SOLACTIVE-BERKSHIRE-PORTFOLIO-TOP10-INDEX-PR-7bd278a96e,Solactive Berkshire Portfolio Top10 Index(PR),SOLACTIVE-BERKSHIRE-PORTFOLIO-TOP10-INDEX-PR-7bd278a96e,일반주식,지수기반,normalized_master
SOLACTIVE-GLOBAL-REALTY-INCOME-INDEX-PRICE-R-0fea87c72b,Solactive Global Realty Income Index(Price Return),SOLACTIVE-GLOBAL-REALTY-INCOME-INDEX-PRICE-R-0fea87c72b,일반주식,지수기반,normalized_master
KIS-CD-1Y-총수익지수-2d00ca5543,KIS CD 1Y 총수익지수,KIS-CD-1Y-총수익지수-2d00ca5543,금리,초단기 금리,normalized_master
코스피-200-위클리-커버드콜-ATM-지수-4e6322c9d2,코스피 200 위클리 커버드콜 ATM 지수,코스피-200-위클리-커버드콜-ATM-지수-4e6322c9d2,일반주식,지수기반,normalized_master
ISELECT-포스트-IPO-지수-d9024bd580,iSelect 포스트 IPO 지수,ISELECT-포스트-IPO-지수-d9024bd580,일반주식,지수기반,normalized_master
NASDAQ-100-a3293b2356,NASDAQ 100,NASDAQ-100-a3293b2356,대표지수,NASDAQ100,normalized_master
ISELECT-글로벌-비만치료제TOP2-PLUS-지수-PR-131c758327,iSelect 글로벌 비만치료제TOP2 Plus 지수(PR),ISELECT-글로벌-비만치료제TOP2-PLUS-지수-PR-131c758327,일반주식,지수기반,normalized_master
FNGUIDE-반도체-핵심공정-지수-33d0c8ac44,FnGuide 반도체 핵심공정 지수,FNGUIDE-반도체-핵심공정-지수-33d0c8ac44,테마,반도체,normalized_master
KEDI-글로벌-비만-산업-TOP2-지수-PRICE-RETURN-ef23638fd5,KEDI 글로벌 비만 산업 Top2+ 지수(Price Return),KEDI-글로벌-비만-산업-TOP2-지수-PRICE-RETURN-ef23638fd5,일반주식,지수기반,normalized_master
KIS-키움-MMF지수-총수익지수-de5ddcdba7,KIS-키움 MMF지수(총수익지수),KIS-키움-MMF지수-총수익지수-de5ddcdba7,금리,MMF·머니마켓,normalized_master
KEDI-미국채30년-위클리-커버드콜30-지수-TOTAL-RETURN-c1e7c3ac60,KEDI 미국채30년 위클리 커버드콜30 지수(Total Return),KEDI-미국채30년-위클리-커버드콜30-지수-TOTAL-RETURN-c1e7c3ac60,채권,미국 국채/장기/not_applicable,normalized_master
INDXX-GLOBAL-OBESITY-TREATMENT-TOP-2-PLUS-지수-abb075681c,Indxx Global Obesity Treatment Top 2 Plus 지수 (시장가격),INDXX-GLOBAL-OBESITY-TREATMENT-TOP-2-PLUS-지수-abb075681c,일반주식,지수기반,normalized_master
BLOOMBERG-U-S-TREASURY-20-YEAR-TOTAL-RETURN--90d6db5cf9,Bloomberg U.S. Treasury 20+ Year Total Return Index T1530 JPY Currency Hedged,BLOOMBERG-U-S-TREASURY-20-YEAR-TOTAL-RETURN--90d6db5cf9,채권,미국 국채/장기/not_applicable,normalized_master
BLOOMBERG-U-S-TREASURY-20-YEAR-TOTAL-RETURN--63d4bfe708,Bloomberg U.S Treasury 20+ Year Total Return Index,BLOOMBERG-U-S-TREASURY-20-YEAR-TOTAL-RETURN--63d4bfe708,채권,미국 국채/장기/not_applicable,normalized_master
KRX-부동산리츠인프라-지수-cef3dfa80d,KRX 부동산리츠인프라 지수,KRX-부동산리츠인프라-지수-cef3dfa80d,일반주식,지수기반,normalized_master
코스피-aa7fe95c87,코스피,코스피-aa7fe95c87,배당·주주환원,고배당,normalized_master
KAP-시가평가-MMF-지수-총수익-4ee8ca17ef,KAP 시가평가 MMF 지수(총수익),KAP-시가평가-MMF-지수-총수익-4ee8ca17ef,금리,MMF·머니마켓,normalized_master
FNGUIDE-CD금리투자-지수-총수익-7025b9c7eb,FnGuide CD금리투자 지수(총수익),FNGUIDE-CD금리투자-지수-총수익-7025b9c7eb,금리,CD,normalized_master
MSCI_WORLD,MSCI World,MSCI_WORLD,일반주식,지수기반,normalized_master
NIFTY-INDIA-CORPORATE-GROUP-INDEX-TATA-GROUP-01ea922993,Nifty India Corporate Group Index - Tata Group 25% Cap(PR),NIFTY-INDIA-CORPORATE-GROUP-INDEX-TATA-GROUP-01ea922993,일반주식,지수기반,normalized_master
SOLACTIVE-AEROSPACE-AND-DEFENSE-USD-INDEX-PR-aa37eb27d8,Solactive Aerospace and Defense USD Index PR,SOLACTIVE-AEROSPACE-AND-DEFENSE-USD-INDEX-PR-aa37eb27d8,일반주식,지수기반,normalized_master
KIS-하나-MMF-지수-총수익-0a4dbfa3c3,KIS-하나 MMF 지수(총수익),KIS-하나-MMF-지수-총수익-0a4dbfa3c3,금리,MMF·머니마켓,normalized_master
KOFR-지수-28743eb401,KOFR 지수,KOFR-지수-28743eb401,금리,KOFR,normalized_master
SOLACTIVE-US-AI-SEMICONDUCTOR-CHIP-MAKERS-IN-f0a92c7b6a,Solactive US AI Semiconductor Chip Makers Index(PR),SOLACTIVE-US-AI-SEMICONDUCTOR-CHIP-MAKERS-IN-f0a92c7b6a,테마,반도체,normalized_master
MIRAE-ASSET-INDIA-BILLION-CONSUMER-지수-PR-d5ca328769,Mirae Asset India Billion Consumer 지수(PR),MIRAE-ASSET-INDIA-BILLION-CONSUMER-지수-PR-d5ca328769,일반주식,지수기반,normalized_master
FNGUIDE-K-뷰티-지수-f081ed20cf,FnGuide K-뷰티 지수,FNGUIDE-K-뷰티-지수-f081ed20cf,일반주식,지수기반,normalized_master
BLOOMBERG-US-BIG-TECH-TOP-7-PLUS-PREMIUM-DEC-f4c59baa83,Bloomberg US Big Tech Top 7 Plus Premium Decrement 15% Distribution Index,BLOOMBERG-US-BIG-TECH-TOP-7-PLUS-PREMIUM-DEC-f4c59baa83,일반주식,지수기반,normalized_master
BLOOMBERG-US-500-LARGE-CAP-PREMIUM-DECREMENT-7e09791f1e,Bloomberg US 500 Large Cap Premium Decrement 15% Distribution Index,BLOOMBERG-US-500-LARGE-CAP-PREMIUM-DECREMENT-7e09791f1e,규모,규모주,normalized_master
BLOOMBERG-US-LISTED-SEMICONDUCTOR-PREMIUM-DE-7d7c6f2a45,Bloomberg US Listed Semiconductor Premium Decrement 15% Distribution Index,BLOOMBERG-US-LISTED-SEMICONDUCTOR-PREMIUM-DE-7d7c6f2a45,테마,반도체,normalized_master
KIS-회사채2704만기형-지수-총수익-지수-1f8f4f558e,KIS 회사채2704만기형 지수 (총수익 지수),KIS-회사채2704만기형-지수-총수익-지수-1f8f4f558e,채권,회사채/만기매칭형/A,normalized_master
MIRAE-ASSET-GLOBAL-ON-DEVICE-AI-지수-PR-871e3495d1,Mirae Asset Global On-Device AI 지수 (PR),MIRAE-ASSET-GLOBAL-ON-DEVICE-AI-지수-PR-871e3495d1,일반주식,지수기반,normalized_master
DEEPSEARCH-한국부동산TOP3플러스-지수-27cdfe6abc,DeepSearch 한국부동산TOP3플러스 지수,DEEPSEARCH-한국부동산TOP3플러스-지수-27cdfe6abc,일반주식,지수기반,normalized_master
KAP-1년은행-CD-추가금리-지수-총수익지수-832b988f1e,KAP 1년은행 CD+추가금리 지수(총수익지수),KAP-1년은행-CD-추가금리-지수-총수익지수-832b988f1e,일반주식,지수기반,normalized_master
BLOOMBERG-U-S-TREASURY-20-YEAR-TLT-12-PREMIU-665ba923b0,Bloomberg U.S.Treasury 20+ Year(TLT)+ 12% Premium Covered Call index(TR),BLOOMBERG-U-S-TREASURY-20-YEAR-TLT-12-PREMIU-665ba923b0,채권,미국 국채/장기/not_applicable,normalized_master
KEDI-미국-AI-소프트웨어지수-PR-ebb161932c,KEDI 미국 AI 소프트웨어지수(PR),KEDI-미국-AI-소프트웨어지수-PR-ebb161932c,일반주식,지수기반,normalized_master
SOLACTIVE-US-TECH-TOP-10-CUSTOM-INDEX-PR-19b496e5d0,Solactive US Tech TOP 10 Custom Index(PR),SOLACTIVE-US-TECH-TOP-10-CUSTOM-INDEX-PR-19b496e5d0,일반주식,지수기반,normalized_master
BLOOMBERG-U-S-TREASURY-20-YEAR-TOTAL-RETURN--63d4bfe708,Bloomberg U.S Treasury 20+ Year Total Return Index,BLOOMBERG-U-S-TREASURY-20-YEAR-TOTAL-RETURN--63d4bfe708,채권,미국 국채/장기/not_applicable,normalized_master
KAP-국고채-10년-지수-총수익-817655ffb1,KAP 국고채 10년 지수(총수익),KAP-국고채-10년-지수-총수익-817655ffb1,채권,국채/중기/미확인등급,normalized_master
ISELECT-반도체-2차전지핵심소재-지수-0e3e3a2bce,iSelect 반도체&2차전지핵심소재 지수,ISELECT-반도체-2차전지핵심소재-지수-0e3e3a2bce,테마,반도체,normalized_master
SP500,S&P500 10% Daily Premium Covered Call Index(TR),SP500,대표지수,S&P500,normalized_master
FNGUIDE-의료AI-지수-841b3d6d8c,FnGuide 의료AI 지수,FNGUIDE-의료AI-지수-841b3d6d8c,일반주식,지수기반,normalized_master
SOLACTIVE-BLOCKBUSTER-BIOTECH-DRUGS-INDEX-PR-2669e09518,Solactive Blockbuster Biotech Drugs Index(PR),SOLACTIVE-BLOCKBUSTER-BIOTECH-DRUGS-INDEX-PR-2669e09518,일반주식,지수기반,normalized_master
KEDI-미국-AI-테크-TOP10-15-프리미엄-지수-TOTAL-RETURN-552cba7c44,KEDI 미국 AI 테크 TOP10+15%프리미엄 지수(Total Return),KEDI-미국-AI-테크-TOP10-15-프리미엄-지수-TOTAL-RETURN-552cba7c44,일반주식,지수기반,normalized_master
DOW-JONES-U-S-DIVIDEND-100-10-PREMIUM-COVERE-0b7a78e97b,Dow Jones U.S. Dividend 100 10% Premium Covered Call Index(Total Return),DOW-JONES-U-S-DIVIDEND-100-10-PREMIUM-COVERE-0b7a78e97b,배당·주주환원,고배당,normalized_master
KEDI-글로벌AI반도체-지수-6339aff405,KEDI 글로벌AI반도체 지수,KEDI-글로벌AI반도체-지수-6339aff405,테마,반도체,normalized_master
KEDI-글로벌생성형AI-지수-46b019852a,KEDI 글로벌생성형AI 지수,KEDI-글로벌생성형AI-지수-46b019852a,일반주식,지수기반,normalized_master
KEDI-글로벌-AI-클라우드-지수-ca0aba3447,KEDI 글로벌 AI 클라우드 지수,KEDI-글로벌-AI-클라우드-지수-ca0aba3447,일반주식,지수기반,normalized_master
SP500,S&P500 Top10 25% Capped Index(PR),SP500,대표지수,S&P500,normalized_master
KEDI-KAP-미국-국채-20-지수-TR-a4395b2a8a,KEDI-KAP 미국 국채 20+ 지수(TR),KEDI-KAP-미국-국채-20-지수-TR-a4395b2a8a,채권,국채/장기/미확인등급,normalized_master
FNGUIDE-금융지주플러스고배당-지수-PR-4677bd89f4,FnGuide 금융지주플러스고배당 지수(PR),FNGUIDE-금융지주플러스고배당-지수-PR-4677bd89f4,배당·주주환원,고배당,normalized_master
KAP-시가-MMF-지수-TR-86c7286067,KAP 시가 MMF 지수(TR),KAP-시가-MMF-지수-TR-86c7286067,금리,MMF·머니마켓,normalized_master
KEDI-미국AI테크-TOP10-지수-PR-0ec8589912,KEDI 미국AI테크 TOP10 지수(PR),KEDI-미국AI테크-TOP10-지수-PR-0ec8589912,일반주식,지수기반,normalized_master
KEDI-미국-AI-밸류체인-TOP3-PLUS-지수-PRICE-RETURN-d2416ea305,KEDI 미국 AI 밸류체인 TOP3 Plus 지수(Price Return),KEDI-미국-AI-밸류체인-TOP3-PLUS-지수-PRICE-RETURN-d2416ea305,일반주식,지수기반,normalized_master
KEDI-글로벌-불로장생바이오-지수-원화환산-5d121af150,KEDI 글로벌 불로장생바이오 지수(원화환산),KEDI-글로벌-불로장생바이오-지수-원화환산-5d121af150,일반주식,지수기반,normalized_master
FNGUIDE-AI반도체-인프라-지수-fdc451d1d4,FnGuide AI반도체&인프라 지수,FNGUIDE-AI반도체-인프라-지수-fdc451d1d4,테마,반도체,normalized_master
NASDAQ-100-DAILY-COVERED-CALL-TARGET-PREMIUM-4f557f7674,NASDAQ 100 Daily Covered Call Target Premium 15% 지수(TR),NASDAQ-100-DAILY-COVERED-CALL-TARGET-PREMIUM-4f557f7674,대표지수,NASDAQ100,normalized_master
KEDI-미국AI전력인프라-지수-PR-93b60fce39,KEDI 미국AI전력인프라 지수(PR),KEDI-미국AI전력인프라-지수-PR-93b60fce39,일반주식,지수기반,normalized_master
KIS-NH-AMUNDI-MMF지수-391deb420f,KIS-NH Amundi MMF지수,KIS-NH-AMUNDI-MMF지수-391deb420f,금리,MMF·머니마켓,normalized_master
SOLACTIVE-AI인프라-지수-d22722a06e,Solactive AI인프라 지수,SOLACTIVE-AI인프라-지수-d22722a06e,일반주식,지수기반,normalized_master
ISELECT-미국AI전력핵심인프라-지수-PRICE-RETURN-74d8c4c99f,iSelect 미국AI전력핵심인프라 지수(Price Return),ISELECT-미국AI전력핵심인프라-지수-PRICE-RETURN-74d8c4c99f,일반주식,지수기반,normalized_master
ISELECT-AI-전력핵심설비-지수-PRICE-RETURN-286b149da2,iSelect AI 전력핵심설비 지수(Price Return),ISELECT-AI-전력핵심설비-지수-PRICE-RETURN-286b149da2,일반주식,지수기반,normalized_master
MK-KAP-머니마켓-총수익지수-823600423e,MK-KAP 머니마켓 총수익지수,MK-KAP-머니마켓-총수익지수-823600423e,금리,MMF·머니마켓,normalized_master
FNGUIDE-온디바이스AI-지수-d8f3f511dc,FnGuide 온디바이스AI 지수,FNGUIDE-온디바이스AI-지수-d8f3f511dc,일반주식,지수기반,normalized_master
INDXX-INDIA-SUPER-CONSUMPTION-INDEX-PRICE-RE-52a3a6748a,Indxx India Super Consumption Index (Price Return),INDXX-INDIA-SUPER-CONSUMPTION-INDEX-PRICE-RE-52a3a6748a,일반주식,지수기반,normalized_master
INDXX-INDIA-BIG-5-CONGLOMERATES-INDEX-PRICE--ac55bcdf40,Indxx India Big 5 Conglomerates Index (Price Return),INDXX-INDIA-BIG-5-CONGLOMERATES-INDEX-PRICE--ac55bcdf40,일반주식,지수기반,normalized_master
DOW-JONES-TAIWAN-TECHNOLOGY-DIVIDEND-30-INDE-78c5642d9a,Dow Jones Taiwan Technology Dividend 30 Index(TWD)(PR),DOW-JONES-TAIWAN-TECHNOLOGY-DIVIDEND-30-INDE-78c5642d9a,배당·주주환원,고배당,normalized_master
FNGUIDE-반도체TOP10-지수-d4b5e8afde,FnGuide 반도체TOP10 지수,FNGUIDE-반도체TOP10-지수-d4b5e8afde,테마,반도체,normalized_master
SOLACTIVE-K-BATTERY-NORTH-AMERICA-SUPPLY-CHA-02b677fd51,Solactive K-Battery North America Supply Chain 지수,SOLACTIVE-K-BATTERY-NORTH-AMERICA-SUPPLY-CHA-02b677fd51,테마,2차전지,normalized_master
SOLACTIVE-K-SEMICONDUCTOR-NORTH-AMERICA-SUPP-340c1d9732,Solactive K-Semiconductor North America Supply Chain 지수,SOLACTIVE-K-SEMICONDUCTOR-NORTH-AMERICA-SUPP-340c1d9732,테마,반도체,normalized_master
SOLACTIVE-JAPAN-TECH-TOP-30-지수-PR-b39eec08ff,Solactive Japan Tech Top 30 지수(PR),SOLACTIVE-JAPAN-TECH-TOP-30-지수-PR-b39eec08ff,일반주식,지수기반,normalized_master
SOLACTIVE-JAPAN-SAMURAI-SECTOR-TOP4-PLUS-IND-883edf09f0,Solactive Japan Samurai Sector TOP4 Plus Index(PR),SOLACTIVE-JAPAN-SAMURAI-SECTOR-TOP4-PLUS-IND-883edf09f0,일반주식,지수기반,normalized_master
SP500,S&P 500 Equal Weight Index(PR),SP500,대표지수,S&P500,normalized_master
KIS-종합채권시장-총수익지수-AA-이상-8e55539f7b,KIS 종합채권시장 총수익지수(AA-이상),KIS-종합채권시장-총수익지수-AA-이상-8e55539f7b,채권,채권/미확인만기/AA,normalized_master
KAP-MMF-지수-TR-606dedf9ee,KAP MMF 지수(TR),KAP-MMF-지수-TR-606dedf9ee,금리,MMF·머니마켓,normalized_master
KAP-26-12-크레딧-채권지수-AA-이상-총수익-8479efbd75,"KAP 26-12 크레딧 채권지수(AA-이상, 총수익)",KAP-26-12-크레딧-채권지수-AA-이상-총수익-8479efbd75,채권,회사채/만기매칭형/AA,normalized_master
KAP-일본-단기-국채-지수-총수익-42c5ce9f6c,KAP 일본 단기 국채 지수(총수익),KAP-일본-단기-국채-지수-총수익-42c5ce9f6c,금리,초단기 금리,normalized_master
SOLACTIVE-GLOBAL-AI-INFRASTRUCTURE-INDEX-PR-fb41e98d84,Solactive Global AI Infrastructure Index (PR),SOLACTIVE-GLOBAL-AI-INFRASTRUCTURE-INDEX-PR-fb41e98d84,일반주식,지수기반,normalized_master
코스피-고배당-위클리-콜매도-ATM-지수-20bf9345ea,코스피 고배당 위클리 콜매도 ATM 지수,코스피-고배당-위클리-콜매도-ATM-지수-20bf9345ea,배당·주주환원,고배당,normalized_master
DOW-JONES-U-S-DIVIDEND-100-PRICE-RETURN-INDE-7c5a0ad9ec,Dow Jones U.S. Dividend 100 Price Return Index,DOW-JONES-U-S-DIVIDEND-100-PRICE-RETURN-INDE-7c5a0ad9ec,배당·주주환원,고배당,normalized_master
BLOOMBERG-US-BILLIONAIRES-INVESTMENT-SELECT--ffe734c12f,Bloomberg US Billionaires Investment Select Index(PR),BLOOMBERG-US-BILLIONAIRES-INVESTMENT-SELECT--ffe734c12f,일반주식,지수기반,normalized_master
NASDAQ-OMX-CLEAN-EDGE-SMART-GRID-INFRASTRUCT-f2a46acbad,NASDAQ OMX Clean Edge Smart Grid Infrastructure Index,NASDAQ-OMX-CLEAN-EDGE-SMART-GRID-INFRASTRUCT-f2a46acbad,일반주식,지수기반,normalized_master
KEDI-미국AI빅테크10-지수-PR-aea21559f2,KEDI 미국AI빅테크10 지수(PR),KEDI-미국AI빅테크10-지수-PR-aea21559f2,일반주식,지수기반,normalized_master
SOLACTIVE-미국뇌질환치료제-PR-지수-21c29e6e8a,Solactive 미국뇌질환치료제 PR 지수,SOLACTIVE-미국뇌질환치료제-PR-지수-21c29e6e8a,일반주식,지수기반,normalized_master
KEDI-K방산-지수-PR-f2ba5158f4,KEDI K방산 지수(PR),KEDI-K방산-지수-PR-f2ba5158f4,일반주식,지수기반,normalized_master
DOW_JONES,KRX 다우존스 미국배당국채 혼합지수,DOW_JONES,혼합자산,자산배분,normalized_master
KEDI-미국-AI밸류체인-90-참여-데일리옵션-프리미엄-지수-TR-c3fe658a34,KEDI 미국 AI밸류체인 90%참여+데일리옵션 프리미엄 지수(TR),KEDI-미국-AI밸류체인-90-참여-데일리옵션-프리미엄-지수-TR-c3fe658a34,일반주식,지수기반,normalized_master
KEDI-미국-배당100-90-참여-데일리옵션-프리미엄-지수-총수익지수-f332d3e7bc,KEDI 미국 배당100 90%참여+데일리옵션 프리미엄 지수(총수익지수),KEDI-미국-배당100-90-참여-데일리옵션-프리미엄-지수-총수익지수-f332d3e7bc,일반주식,지수기반,normalized_master
MIRAE-ASSET-AI-INFRASTRUCTURE-지수-PR-ab3a161b4c,Mirae Asset AI Infrastructure 지수(PR),MIRAE-ASSET-AI-INFRASTRUCTURE-지수-PR-ab3a161b4c,일반주식,지수기반,normalized_master
KEDI-미국테크TOP3플러스-지수-PRICE-RETURN-0f39130340,KEDI 미국테크TOP3플러스 지수(Price Return),KEDI-미국테크TOP3플러스-지수-PRICE-RETURN-0f39130340,일반주식,지수기반,normalized_master
코스피-200-TR-f72cebfb6a,코스피 200 TR,코스피-200-TR-f72cebfb6a,일반주식,지수기반,normalized_master
KAP-국공채-MMF-지수-총수익-76943427d9,KAP 국공채 MMF 지수(총수익),KAP-국공채-MMF-지수-총수익-76943427d9,금리,MMF·머니마켓,normalized_master
FNGUIDE-K-주주가치-지수-b7b97e992a,FnGuide K-주주가치 지수,FNGUIDE-K-주주가치-지수-b7b97e992a,일반주식,지수기반,normalized_master
KIS-하나-CD금리-총수익지수-5dbe259c27,KIS 하나 CD금리 총수익지수,KIS-하나-CD금리-총수익지수-5dbe259c27,금리,CD,normalized_master
KEDI-미국-테크100-90-참여-데일리옵션-프리미엄-지수-TR-c07bb7dc00,KEDI 미국 테크100 90%참여+데일리옵션 프리미엄 지수(TR),KEDI-미국-테크100-90-참여-데일리옵션-프리미엄-지수-TR-c07bb7dc00,일반주식,지수기반,normalized_master
NYSE-SEMICONDOCTOR-INDEX-PRICE-RETURN-f20a23fa52,NYSE Semicondoctor Index(Price Return),NYSE-SEMICONDOCTOR-INDEX-PRICE-RETURN-f20a23fa52,테마,반도체,normalized_master
코스피-200-dbc8ccb693,코스피 200,코스피-200-dbc8ccb693,일반주식,지수기반,normalized_master
ISELECT-전력설비투자-지수-ea4aa2e5bd,iSelect 전력설비투자 지수,ISELECT-전력설비투자-지수-ea4aa2e5bd,일반주식,지수기반,normalized_master
MIRAE-ASSET-US-AI-FABLESS-지수-PR-411672a246,Mirae Asset US AI Fabless 지수(PR),MIRAE-ASSET-US-AI-FABLESS-지수-PR-411672a246,테마,반도체,normalized_master
KIS-하나-현대차그룹채권-A-이상-국고통안-총수익지수-8115bd2918,KIS 하나 현대차그룹채권(A+이상)&국고통안 총수익지수,KIS-하나-현대차그룹채권-A-이상-국고통안-총수익지수-8115bd2918,채권,채권/미확인만기/A,normalized_master
DOW-JONES-U-S-DIVIDEND-100-INDEX-TR-36b7f1537b,Dow Jones U.S. Dividend 100 Index(TR),DOW-JONES-U-S-DIVIDEND-100-INDEX-TR-36b7f1537b,배당·주주환원,고배당,normalized_master
KEDI-미국AI빅테크10-15-데일리프리미엄-지수-TR-8731af910f,KEDI 미국AI빅테크10+15%데일리프리미엄 지수(TR),KEDI-미국AI빅테크10-15-데일리프리미엄-지수-TR-8731af910f,일반주식,지수기반,normalized_master
SOLACTIVE-뉴에이지컨수머지수-b497d5a76e,Solactive 뉴에이지컨수머지수,SOLACTIVE-뉴에이지컨수머지수-b497d5a76e,일반주식,지수기반,normalized_master
KEDI-미국퀄리티500-월1-프리미엄-지수-NTR-ca50dbcfa1,KEDI 미국퀄리티500+월1%프리미엄 지수(NTR),KEDI-미국퀄리티500-월1-프리미엄-지수-NTR-ca50dbcfa1,일반주식,지수기반,normalized_master
FNGUIDE-SK하이닉스밸류체인-지수-e07c6639c5,FnGuide SK하이닉스밸류체인 지수,FNGUIDE-SK하이닉스밸류체인-지수-e07c6639c5,일반주식,지수기반,normalized_master
NASDAQ-100-DAILY-COVERED-CALL-101-INDEX-TR-e2e77599ed,NASDAQ-100 Daily Covered Call 101 Index(TR),NASDAQ-100-DAILY-COVERED-CALL-101-INDEX-TR-e2e77599ed,대표지수,NASDAQ100,normalized_master
KRX-반도체-b2bad5eb0b,KRX 반도체,KRX-반도체-b2bad5eb0b,테마,반도체,normalized_master
FNGUIDE-기업가치-지수-시장가격-be183217c1,FnGuide 기업가치 지수(시장가격),FNGUIDE-기업가치-지수-시장가격-be183217c1,일반주식,지수기반,normalized_master
SOLACTIVE-AI-CUSTOM-SEMICONDUCTOR-INDEX-PR-1520191cb0,Solactive AI Custom Semiconductor Index(PR),SOLACTIVE-AI-CUSTOM-SEMICONDUCTOR-INDEX-PR-1520191cb0,테마,반도체,normalized_master
SP500,S&P 500 Growth Index(PR),SP500,대표지수,S&P500,normalized_master
BLOOMBERG-U-S-DIVIDEND-GROWTH-PARTIAL-COVERE-e1b51ec9c6,Bloomberg U.S. Dividend Growth Partial Covered Call Index,BLOOMBERG-U-S-DIVIDEND-GROWTH-PARTIAL-COVERE-e1b51ec9c6,배당·주주환원,고배당,normalized_master
ISELECT-조선TOP10-INDEX-PR-be52ff9bca,iSelect 조선TOP10 Index(PR),ISELECT-조선TOP10-INDEX-PR-be52ff9bca,일반주식,지수기반,normalized_master
MIRAE-ASSET-US-DEFENSE-TOP-10-INDEX-PR-8ea5bcae86,Mirae Asset US Defense Top 10 Index(PR),MIRAE-ASSET-US-DEFENSE-TOP-10-INDEX-PR-8ea5bcae86,일반주식,지수기반,normalized_master
코스피-200-dbc8ccb693,코스피 200,코스피-200-dbc8ccb693,일반주식,지수기반,normalized_master
코리아-밸류업-지수-e1764deb8f,코리아 밸류업 지수,코리아-밸류업-지수-e1764deb8f,일반주식,지수기반,normalized_master
코리아-밸류업-지수-e1764deb8f,코리아 밸류업 지수,코리아-밸류업-지수-e1764deb8f,일반주식,지수기반,normalized_master
코리아-밸류업-지수-e1764deb8f,코리아 밸류업 지수,코리아-밸류업-지수-e1764deb8f,일반주식,지수기반,normalized_master
코리아-밸류업-지수-e1764deb8f,코리아 밸류업 지수,코리아-밸류업-지수-e1764deb8f,일반주식,지수기반,normalized_master
코리아-밸류업-지수-e1764deb8f,코리아 밸류업 지수,코리아-밸류업-지수-e1764deb8f,일반주식,지수기반,normalized_master
코리아-밸류업-TR-지수-b124637d88,코리아 밸류업 TR 지수,코리아-밸류업-TR-지수-b124637d88,일반주식,지수기반,normalized_master
코리아-밸류업-지수-e1764deb8f,코리아 밸류업 지수,코리아-밸류업-지수-e1764deb8f,일반주식,지수기반,normalized_master
코리아-밸류업-지수-e1764deb8f,코리아 밸류업 지수,코리아-밸류업-지수-e1764deb8f,일반주식,지수기반,normalized_master
SOLACTIVE-US-AI-TECH-ACTIVE-INDEX-PR-3a2706104f,Solactive US AI Tech Active Index PR,SOLACTIVE-US-AI-TECH-ACTIVE-INDEX-PR-3a2706104f,일반주식,지수기반,normalized_master
KIS-전단채플러스-TR-지수-799168884c,KIS 전단채플러스 TR 지수,KIS-전단채플러스-TR-지수-799168884c,채권,채권/미확인만기/미확인등급,normalized_master
코리아-밸류업-지수-e1764deb8f,코리아 밸류업 지수,코리아-밸류업-지수-e1764deb8f,일반주식,지수기반,normalized_master
코리아-밸류업-지수-e1764deb8f,코리아 밸류업 지수,코리아-밸류업-지수-e1764deb8f,일반주식,지수기반,normalized_master
코리아-밸류업-지수-e1764deb8f,코리아 밸류업 지수,코리아-밸류업-지수-e1764deb8f,일반주식,지수기반,normalized_master
코리아-밸류업-지수-e1764deb8f,코리아 밸류업 지수,코리아-밸류업-지수-e1764deb8f,일반주식,지수기반,normalized_master
SOLACTIVE-GLOBAL-DEFENSE-INDEX-PR-656112a24e,Solactive Global Defense Index(PR),SOLACTIVE-GLOBAL-DEFENSE-INDEX-PR-656112a24e,일반주식,지수기반,normalized_master
SOLACTIVE-GLOBAL-BIG-PHARMA-INDEX-PRICE-RETU-27993e0e3a,Solactive Global Big Pharma Index (Price Return),SOLACTIVE-GLOBAL-BIG-PHARMA-INDEX-PRICE-RETU-27993e0e3a,일반주식,지수기반,normalized_master
SOLACTIVE-ELI-LILLY-VALUE-CHAIN-INDEX-PR-fa5ebf69dd,Solactive Eli Lilly Value Chain Index(PR),SOLACTIVE-ELI-LILLY-VALUE-CHAIN-INDEX-PR-fa5ebf69dd,일반주식,지수기반,normalized_master
PHLX-US-AI-SEMICONDUCTOR-지수-PR-995c6930a2,PHLX US AI Semiconductor 지수 (PR),PHLX-US-AI-SEMICONDUCTOR-지수-PR-995c6930a2,테마,반도체,normalized_master
SOLACTIVE-미국천연가스인프라-PR-지수-d034d1341e,Solactive 미국천연가스인프라 PR 지수,SOLACTIVE-미국천연가스인프라-PR-지수-d034d1341e,일반주식,지수기반,normalized_master
KAP-CD-단기자금시장지수-PR-c26f6e8321,KAP CD&단기자금시장지수(PR),KAP-CD-단기자금시장지수-PR-c26f6e8321,금리,CD,normalized_master
ISELECT-K-바이오헬스케어-1d1cb50fb2,iSelect K-바이오헬스케어,ISELECT-K-바이오헬스케어-1d1cb50fb2,일반주식,지수기반,normalized_master
KIS-한국종합채권지수-AA-이상-총수익-41848a3313,"KIS 한국종합채권지수(AA-이상, 총수익)",KIS-한국종합채권지수-AA-이상-총수익-41848a3313,채권,채권/미확인만기/AA,normalized_master
SOLACTIVE-U-S-QUANTUM-COMPUTING-INDEX-PR-1d8ad11f11,Solactive U.S. Quantum Computing Index(PR),SOLACTIVE-U-S-QUANTUM-COMPUTING-INDEX-PR-1d8ad11f11,일반주식,지수기반,normalized_master
코스피-200-타겟-15-위클리-커버드콜-지수-fe795f5c4b,코스피 200 타겟 15% 위클리 커버드콜 지수,코스피-200-타겟-15-위클리-커버드콜-지수-fe795f5c4b,일반주식,지수기반,normalized_master
코스피-200-금융-고배당-TOP-10-타겟-15-분배-위클리-커버드콜-지수-3c04ebd282,코스피 200 금융 고배당 TOP 10 타겟 15%분배 위클리 커버드콜 지수,코스피-200-금융-고배당-TOP-10-타겟-15-분배-위클리-커버드콜-지수-3c04ebd282,배당·주주환원,고배당,normalized_master
MARKETVECTOR-DIGITAL-INDIA-INDEX-INR-PRICE-R-a4461e79fe,MarketVector Digital India Index(INR)(Price Return),MARKETVECTOR-DIGITAL-INDIA-INDEX-INR-PRICE-R-a4461e79fe,일반주식,지수기반,normalized_master
ISELECT-코리아-금융-고배당-지수-bda8e39885,iSelect 코리아 금융 고배당 지수,ISELECT-코리아-금융-고배당-지수-bda8e39885,배당·주주환원,고배당,normalized_master
SP500,S&P500 Yen Hedged Index(PR),SP500,대표지수,S&P500,normalized_master
KIS-CD-CPI연동금리-월분배-지수-cb8cb0b722,KIS CD+CPI연동금리 월분배 지수,KIS-CD-CPI연동금리-월분배-지수-cb8cb0b722,금리,CD,normalized_master
