ticker,isin,name,listing_date,listing_date_source,listing_date_verification_status,source_name,source_license_status,source_first_available_date,actual_first_trading_date,first_close,latest_trading_date,latest_close,daily_history_row_count,expected_trading_day_count,coverage_ratio,corporate_action_status,itd_anchor_status,itd_calculation_status,full_max_chart_status,exclusion_or_pending_reason,checked_at
0000D0,KR70000D0009,TIGER 엔비디아미국채커버드콜밸런스(합성),2024-12-17,KRX KIND 신규상장 공시,provisional,listing_prices_cache,cache_provenance_pending,,,10275,2026-08-14,9445,0,434,0,not_reviewed,existing_anchor_unreverified,calculated,backfill_pending,full daily history is not available locally,2026-08-15T16:05:10+09:00
0000H0,KR70000H0005,KODEX 인도Nifty미드캡100,2025-04-08,KRX KIND 신규상장 공시,provisional,listing_prices_cache,cache_provenance_pending,,,10830,2026-08-14,10800,0,354,0,not_reviewed,existing_anchor_unreverified,calculated,backfill_pending,full daily history is not available locally,2026-08-15T16:05:10+09:00
0000J0,KR70000J0003,PLUS 한화그룹주,2024-12-24,KRX KIND 신규상장 공시,provisional,listing_prices_cache,cache_provenance_pending,,,40950,2026-08-14,30050,0,429,0,not_reviewed,existing_anchor_unreverified,calculated,backfill_pending,full daily history is not available locally,2026-08-15T16:05:10+09:00
0000Y0,KR70000Y0004,HK 26-12 회사채(AA-이상)액티브,2024-12-24,KRX KIND 신규상장 공시,provisional,listing_prices_cache,cache_provenance_pending,,,100960,2026-08-14,101730,0,429,0,not_reviewed,existing_anchor_unreverified,calculated,backfill_pending,full daily history is not available locally,2026-08-15T16:05:10+09:00
0000Z0,KR70000Z0003,RISE 바이오TOP10액티브,2024-12-24,KRX KIND 신규상장 공시,provisional,listing_prices_cache,cache_provenance_pending,,,15955,2026-08-14,9830,0,429,0,not_reviewed,existing_anchor_unreverified,calculated,backfill_pending,full daily history is not available locally,2026-08-15T16:05:10+09:00
0001P0,KR70001P0004,마이티 바이오시밀러&CDMO액티브,2024-12-24,KRX KIND 신규상장 공시,provisional,listing_prices_cache,cache_provenance_pending,,,13370,2026-08-14,10070,0,429,0,not_reviewed,existing_anchor_unreverified,calculated,backfill_pending,full daily history is not available locally,2026-08-15T16:05:10+09:00
0002C0,KR70002C0008,에셋플러스 인도일등기업포커스20액티브,2025-02-25,KRX KIND 신규상장 공시,provisional,listing_prices_cache,cache_provenance_pending,,,9570,2026-08-14,10110,0,384,0,not_reviewed,existing_anchor_unreverified,calculated,backfill_pending,full daily history is not available locally,2026-08-15T16:05:10+09:00
0004G0,KR70004G0002,1Q 미국배당TOP30,2025-01-21,KRX KIND 신규상장 공시,provisional,listing_prices_cache,cache_provenance_pending,,,9000,2026-08-14,9570,0,409,0,not_reviewed,existing_anchor_unreverified,calculated,backfill_pending,full daily history is not available locally,2026-08-15T16:05:10+09:00
0005A0,KR70005A0007,KODEX 미국S&P500데일리커버드콜OTM,2025-01-07,KRX KIND 신규상장 공시,provisional,listing_prices_cache,cache_provenance_pending,,,10030,2026-08-14,9920,0,419,0,not_reviewed,existing_anchor_unreverified,calculated,backfill_pending,full daily history is not available locally,2026-08-15T16:05:10+09:00
0005C0,KR70005C0005,RISE 미국S&P500엔화노출(합성 H),2025-01-14,KRX KIND 신규상장 공시,provisional,listing_prices_cache,cache_provenance_pending,,,11305,2026-08-14,11670,0,414,0,not_reviewed,existing_anchor_unreverified,calculated,backfill_pending,full daily history is not available locally,2026-08-15T16:05:10+09:00
0005D0,KR70005D0004,SOL 전고체배터리&실리콘음극재,2025-01-07,KRX KIND 신규상장 공시,provisional,listing_prices_cache,cache_provenance_pending,,,25150,2026-08-14,14895,0,419,0,not_reviewed,existing_anchor_unreverified,calculated,backfill_pending,full daily history is not available locally,2026-08-15T16:05:10+09:00
0005G0,KR70005G0001,IBK K-AI반도체코어테크,2025-01-21,KRX KIND 신규상장 공시,provisional,listing_prices_cache,cache_provenance_pending,,,42165,2026-08-14,51220,0,409,0,not_reviewed,existing_anchor_unreverified,calculated,backfill_pending,full daily history is not available locally,2026-08-15T16:05:10+09:00
0007F0,KR70007F0000,KODEX 27-12 회사채(AA-이상)액티브,2025-01-14,KRX KIND 신규상장 공시,provisional,listing_prices_cache,cache_provenance_pending,,,10100,2026-08-14,10170,0,414,0,not_reviewed,existing_anchor_unreverified,calculated,backfill_pending,full daily history is not available locally,2026-08-15T16:05:10+09:00
0007G0,KR70007G0009,PLUS 글로벌원자력밸류체인,2025-01-14,KRX KIND 신규상장 공시,provisional,listing_prices_cache,cache_provenance_pending,,,17740,2026-08-14,14225,0,414,0,not_reviewed,existing_anchor_unreverified,calculated,backfill_pending,full daily history is not available locally,2026-08-15T16:05:10+09:00
0007N0,KR70007N0000,아이엠에셋 200,2025-02-11,KRX KIND 신규상장 공시,provisional,listing_prices_cache,cache_provenance_pending,,,102090,2026-08-14,110705,0,394,0,not_reviewed,existing_anchor_unreverified,calculated,backfill_pending,full daily history is not available locally,2026-08-15T16:05:10+09:00
0008E0,KR70008E0000,ACE 미국중심중소형제조업,2025-01-21,KRX KIND 신규상장 공시,provisional,listing_prices_cache,cache_provenance_pending,,,14215,2026-08-14,13425,0,409,0,not_reviewed,existing_anchor_unreverified,calculated,backfill_pending,full daily history is not available locally,2026-08-15T16:05:10+09:00
0008S0,KR70008S0004,TIGER 미국배당다우존스타겟데일리커버드콜,2025-01-21,KRX KIND 신규상장 공시,provisional,listing_prices_cache,cache_provenance_pending,,,10020,2026-08-14,10250,0,409,0,not_reviewed,existing_anchor_unreverified,calculated,backfill_pending,full daily history is not available locally,2026-08-15T16:05:10+09:00
0008T0,KR70008T0003,SOL 화장품TOP3플러스,2025-01-21,KRX KIND 신규상장 공시,provisional,listing_prices_cache,cache_provenance_pending,,,17100,2026-08-14,17735,0,409,0,not_reviewed,existing_anchor_unreverified,calculated,backfill_pending,full daily history is not available locally,2026-08-15T16:05:10+09:00
0013P0,KR70013P0000,RISE 미국은행TOP10,2025-02-18,KRX KIND 신규상장 공시,provisional,listing_prices_cache,cache_provenance_pending,,,12110,2026-08-14,13505,0,389,0,not_reviewed,existing_anchor_unreverified,calculated,backfill_pending,full daily history is not available locally,2026-08-15T16:05:10+09:00
0013R0,KR70013R0008,RISE 테슬라미국채타겟커버드콜혼합(합성),2025-02-18,KRX KIND 신규상장 공시,provisional,listing_prices_cache,cache_provenance_pending,,,9190,2026-08-14,8020,0,389,0,not_reviewed,existing_anchor_unreverified,calculated,backfill_pending,full daily history is not available locally,2026-08-15T16:05:10+09:00
0015B0,KR70015B0004,KoAct 미국나스닥성장기업액티브,2025-02-25,KRX KIND 신규상장 공시,provisional,listing_prices_cache,cache_provenance_pending,,,19630,2026-08-14,19800,0,384,0,not_reviewed,existing_anchor_unreverified,calculated,backfill_pending,full daily history is not available locally,2026-08-15T16:05:10+09:00
0015E0,KR70015E0001,KIWOOM 엔비디아미국30년국채혼합액티브(H),2025-02-11,KRX KIND 신규상장 공시,provisional,listing_prices_cache,cache_provenance_pending,,,10870,2026-08-14,10605,0,394,0,not_reviewed,existing_anchor_unreverified,calculated,backfill_pending,full daily history is not available locally,2026-08-15T16:05:10+09:00
0015F0,KR70015F0000,KIWOOM 팔란티어미국30년국채혼합액티브(H),2025-02-11,KRX KIND 신규상장 공시,provisional,listing_prices_cache,cache_provenance_pending,,,10270,2026-08-14,10610,0,394,0,not_reviewed,existing_anchor_unreverified,calculated,backfill_pending,full daily history is not available locally,2026-08-15T16:05:10+09:00
0015K0,KR70015K0003,TIGER 미국소비트렌드액티브,2025-02-18,KRX KIND 신규상장 공시,provisional,listing_prices_cache,cache_provenance_pending,,,7510,2026-08-14,7370,0,389,0,not_reviewed,existing_anchor_unreverified,calculated,backfill_pending,full daily history is not available locally,2026-08-15T16:05:10+09:00
0016X0,KR70016X0007,SOL 중단기회사채(A-이상)액티브,2025-02-18,KRX KIND 신규상장 공시,provisional,listing_prices_cache,cache_provenance_pending,,,50955,2026-08-14,51435,0,389,0,not_reviewed,existing_anchor_unreverified,calculated,backfill_pending,full daily history is not available locally,2026-08-15T16:05:10+09:00
0017Y0,KR70017Y0005,1Q 종합채권(AA-이상)액티브,2025-02-25,KRX KIND 신규상장 공시,provisional,listing_prices_cache,cache_provenance_pending,,,96265,2026-08-14,93790,0,384,0,not_reviewed,existing_anchor_unreverified,calculated,backfill_pending,full daily history is not available locally,2026-08-15T16:05:10+09:00
0018C0,KR70018C0000,PLUS 고배당주위클리고정커버드콜,2025-03-05,KRX KIND 신규상장 공시,provisional,listing_prices_cache,cache_provenance_pending,,,13245,2026-08-14,10780,0,378,0,not_reviewed,existing_anchor_unreverified,calculated,backfill_pending,full daily history is not available locally,2026-08-15T16:05:10+09:00
0018Z0,KR70018Z0003,RISE 미국양자컴퓨팅,2025-03-11,KRX KIND 신규상장 공시,provisional,listing_prices_cache,cache_provenance_pending,,,17970,2026-08-14,19315,0,374,0,not_reviewed,existing_anchor_unreverified,calculated,backfill_pending,full daily history is not available locally,2026-08-15T16:05:10+09:00
0019K0,KR70019K0009,TIME 미국나스닥100채권혼합50액티브,2025-03-25,KRX KIND 신규상장 공시,provisional,listing_prices_cache,cache_provenance_pending,,,13015,2026-08-14,13695,0,364,0,not_reviewed,existing_anchor_unreverified,calculated,backfill_pending,full daily history is not available locally,2026-08-15T16:05:10+09:00
0020H0,KR70020H0001,KoAct 글로벌양자컴퓨팅액티브,2025-03-11,KRX KIND 신규상장 공시,provisional,listing_prices_cache,cache_provenance_pending,,,22350,2026-08-14,23940,0,374,0,not_reviewed,existing_anchor_unreverified,calculated,backfill_pending,full daily history is not available locally,2026-08-15T16:05:10+09:00
0022T0,KR70022T0005,SOL 국제금커버드콜액티브,2025-03-11,KRX KIND 신규상장 공시,provisional,listing_prices_cache,cache_provenance_pending,,,15020,2026-08-14,13375,0,374,0,not_reviewed,existing_anchor_unreverified,calculated,backfill_pending,full daily history is not available locally,2026-08-15T16:05:10+09:00
0023A0,KR70023A0005,SOL 미국양자컴퓨팅TOP10,2025-03-11,KRX KIND 신규상장 공시,provisional,listing_prices_cache,cache_provenance_pending,,,27485,2026-08-14,27150,0,374,0,not_reviewed,existing_anchor_unreverified,calculated,backfill_pending,full daily history is not available locally,2026-08-15T16:05:10+09:00
0023B0,KR70023B0004,PLUS 미국양자컴퓨팅TOP10,2025-03-11,KRX KIND 신규상장 공시,provisional,listing_prices_cache,cache_provenance_pending,,,16660,2026-08-14,17350,0,374,0,not_reviewed,existing_anchor_unreverified,calculated,backfill_pending,full daily history is not available locally,2026-08-15T16:05:10+09:00
0025N0,KR70025N0008,TIGER TDF2045 적격,2025-03-25,KRX KIND 신규상장 공시,provisional,listing_prices_cache,cache_provenance_pending,,,11980,2026-08-14,12390,0,364,0,not_reviewed,existing_anchor_unreverified,calculated,backfill_pending,full daily history is not available locally,2026-08-15T16:05:10+09:00
0026E0,KR70026E0008,KODEX 미국S&P500버퍼3월액티브,2025-03-25,KRX KIND 신규상장 공시,provisional,listing_prices_cache,cache_provenance_pending,,,11870,2026-08-14,12010,0,364,0,not_reviewed,existing_anchor_unreverified,calculated,backfill_pending,full daily history is not available locally,2026-08-15T16:05:10+09:00
0026S0,KR70026S0002,1Q 미국S&P500,2025-03-18,KRX KIND 신규상장 공시,provisional,listing_prices_cache,cache_provenance_pending,,,12820,2026-08-14,13395,0,369,0,not_reviewed,existing_anchor_unreverified,calculated,backfill_pending,full daily history is not available locally,2026-08-15T16:05:10+09:00
0028X0,KR70028X0003,KODEX 미국금융테크액티브,2025-05-27,KRX KIND 신규상장 공시,provisional,listing_prices_cache,cache_provenance_pending,,,11400,2026-08-14,12415,0,319,0,not_reviewed,existing_anchor_unreverified,calculated,backfill_pending,full daily history is not available locally,2026-08-15T16:05:10+09:00
0035T0,KR70035T0000,PLUS 글로벌휴머노이드로봇액티브,2025-04-15,KRX KIND 신규상장 공시,provisional,listing_prices_cache,cache_provenance_pending,,,21795,2026-08-14,21200,0,349,0,not_reviewed,existing_anchor_unreverified,calculated,backfill_pending,full daily history is not available locally,2026-08-15T16:05:10+09:00
0036D0,KR70036D0007,TIME 미국배당다우존스액티브,2025-04-29,KRX KIND 신규상장 공시,provisional,listing_prices_cache,cache_provenance_pending,,,11850,2026-08-14,13040,0,339,0,not_reviewed,existing_anchor_unreverified,calculated,backfill_pending,full daily history is not available locally,2026-08-15T16:05:10+09:00
0036R0,KR70036R0001,RISE 미국휴머노이드로봇,2025-04-15,KRX KIND 신규상장 공시,provisional,listing_prices_cache,cache_provenance_pending,,,19495,2026-08-14,20330,0,349,0,not_reviewed,existing_anchor_unreverified,calculated,backfill_pending,full daily history is not available locally,2026-08-15T16:05:10+09:00
0036Z0,KR70036Z0001,RISE 미국천연가스밸류체인,2025-04-22,KRX KIND 신규상장 공시,provisional,listing_prices_cache,cache_provenance_pending,,,12980,2026-08-14,12710,0,344,0,not_reviewed,existing_anchor_unreverified,calculated,backfill_pending,full daily history is not available locally,2026-08-15T16:05:10+09:00
0038A0,KR70038A0008,KODEX 미국휴머노이드로봇,2025-04-15,KRX KIND 신규상장 공시,provisional,listing_prices_cache,cache_provenance_pending,,,17205,2026-08-14,15965,0,349,0,not_reviewed,existing_anchor_unreverified,calculated,backfill_pending,full daily history is not available locally,2026-08-15T16:05:10+09:00
0040S0,KR70040S0004,HANARO 글로벌피지컬AI액티브,2025-04-22,KRX KIND 신규상장 공시,provisional,listing_prices_cache,cache_provenance_pending,,,23510,2026-08-14,25400,0,344,0,not_reviewed,existing_anchor_unreverified,calculated,backfill_pending,full daily history is not available locally,2026-08-15T16:05:10+09:00
0040X0,KR70040X0007,SOL 팔란티어미국채커버드콜혼합,2025-04-22,KRX KIND 신규상장 공시,provisional,listing_prices_cache,cache_provenance_pending,,,10195,2026-08-14,9840,0,344,0,not_reviewed,existing_anchor_unreverified,calculated,backfill_pending,full daily history is not available locally,2026-08-15T16:05:10+09:00
0040Y0,KR70040Y0006,SOL 팔란티어커버드콜OTM채권혼합,2025-04-22,KRX KIND 신규상장 공시,provisional,listing_prices_cache,cache_provenance_pending,,,8950,2026-08-14,8200,0,344,0,not_reviewed,existing_anchor_unreverified,calculated,backfill_pending,full daily history is not available locally,2026-08-15T16:05:10+09:00
0041D0,KR70041D0000,KODEX 미국AI소프트웨어TOP10,2025-04-22,KRX KIND 신규상장 공시,provisional,listing_prices_cache,cache_provenance_pending,,,12230,2026-08-14,13855,0,344,0,not_reviewed,existing_anchor_unreverified,calculated,backfill_pending,full daily history is not available locally,2026-08-15T16:05:10+09:00
0041E0,KR70041E0009,KODEX 미국S&P500액티브,2025-04-22,KRX KIND 신규상장 공시,provisional,listing_prices_cache,cache_provenance_pending,,,16050,2026-08-14,16930,0,344,0,not_reviewed,existing_anchor_unreverified,calculated,backfill_pending,full daily history is not available locally,2026-08-15T16:05:10+09:00
0043B0,KR70043B0000,TIGER 머니마켓액티브,2025-04-22,KRX KIND 신규상장 공시,provisional,listing_prices_cache,cache_provenance_pending,,,102310,2026-08-14,103360,0,344,0,not_reviewed,existing_anchor_unreverified,calculated,backfill_pending,full daily history is not available locally,2026-08-15T16:05:10+09:00
0043Y0,KR70043Y0003,TIME 차이나AI테크액티브,2025-05-13,KRX KIND 신규상장 공시,provisional,listing_prices_cache,cache_provenance_pending,,,18915,2026-08-14,21595,0,329,0,not_reviewed,existing_anchor_unreverified,calculated,backfill_pending,full daily history is not available locally,2026-08-15T16:05:10+09:00
0046A0,KR70046A0008,TIGER 미국초단기(3개월이하)국채,2025-04-29,KRX KIND 신규상장 공시,provisional,listing_prices_cache,cache_provenance_pending,,,10215,2026-08-14,9805,0,339,0,not_reviewed,existing_anchor_unreverified,calculated,backfill_pending,full daily history is not available locally,2026-08-15T16:05:10+09:00
0046Y0,KR70046Y0000,ACE 미국배당퀄리티,2025-05-13,KRX KIND 신규상장 공시,provisional,listing_prices_cache,cache_provenance_pending,,,12745,2026-08-14,13060,0,329,0,not_reviewed,existing_anchor_unreverified,calculated,backfill_pending,full daily history is not available locally,2026-08-15T16:05:10+09:00
0047A0,KR70047A0007,TIGER 차이나테크TOP10,2025-05-13,KRX KIND 신규상장 공시,provisional,listing_prices_cache,cache_provenance_pending,,,13135,2026-08-14,13490,0,329,0,not_reviewed,existing_anchor_unreverified,calculated,backfill_pending,full daily history is not available locally,2026-08-15T16:05:10+09:00
0047N0,KR70047N0002,PLUS 차이나AI테크TOP10,2025-05-13,KRX KIND 신규상장 공시,provisional,listing_prices_cache,cache_provenance_pending,,,11010,2026-08-14,10505,0,329,0,not_reviewed,existing_anchor_unreverified,calculated,backfill_pending,full daily history is not available locally,2026-08-15T16:05:10+09:00
0047P0,KR70047P0000,RISE 테슬라고정테크100,2025-05-13,KRX KIND 신규상장 공시,provisional,listing_prices_cache,cache_provenance_pending,,,14405,2026-08-14,14950,0,329,0,not_reviewed,existing_anchor_unreverified,calculated,backfill_pending,full daily history is not available locally,2026-08-15T16:05:10+09:00
0047R0,KR70047R0008,RISE 팔란티어고정테크100,2025-05-13,KRX KIND 신규상장 공시,provisional,listing_prices_cache,cache_provenance_pending,,,14175,2026-08-14,15940,0,329,0,not_reviewed,existing_anchor_unreverified,calculated,backfill_pending,full daily history is not available locally,2026-08-15T16:05:10+09:00
0048J0,KR70048J0007,KODEX 미국머니마켓액티브,2025-05-13,KRX KIND 신규상장 공시,provisional,listing_prices_cache,cache_provenance_pending,,,14780,2026-08-14,14165,0,329,0,not_reviewed,existing_anchor_unreverified,calculated,backfill_pending,full daily history is not available locally,2026-08-15T16:05:10+09:00
0048K0,KR70048K0004,KODEX 차이나휴머노이드로봇,2025-05-13,KRX KIND 신규상장 공시,provisional,listing_prices_cache,cache_provenance_pending,,,9875,2026-08-14,9295,0,329,0,not_reviewed,existing_anchor_unreverified,calculated,backfill_pending,full daily history is not available locally,2026-08-15T16:05:10+09:00
0049K0,KR70049K0003,ACE 미국배당퀄리티채권혼합50,2025-05-13,KRX KIND 신규상장 공시,provisional,listing_prices_cache,cache_provenance_pending,,,11260,2026-08-14,11370,0,329,0,not_reviewed,existing_anchor_unreverified,calculated,backfill_pending,full daily history is not available locally,2026-08-15T16:05:10+09:00
0049M0,KR70049M0001,ACE 미국배당퀄리티+커버드콜액티브,2025-05-13,KRX KIND 신규상장 공시,provisional,listing_prices_cache,cache_provenance_pending,,,11830,2026-08-14,11670,0,329,0,not_reviewed,existing_anchor_unreverified,calculated,backfill_pending,full daily history is not available locally,2026-08-15T16:05:10+09:00
0050E0,KR70050E0007,PLUS 미국AI에이전트,2025-05-20,KRX KIND 신규상장 공시,provisional,listing_prices_cache,cache_provenance_pending,,,7645,2026-08-14,8405,0,324,0,not_reviewed,existing_anchor_unreverified,calculated,backfill_pending,full daily history is not available locally,2026-08-15T16:05:10+09:00
0051A0,KR70051A0000,KoAct 브로드컴밸류체인액티브,2025-05-20,KRX KIND 신규상장 공시,provisional,listing_prices_cache,cache_provenance_pending,,,23410,2026-08-14,25670,0,324,0,not_reviewed,existing_anchor_unreverified,calculated,backfill_pending,full daily history is not available locally,2026-08-15T16:05:10+09:00
0051G0,KR70051G0004,SOL 미국원자력SMR,2025-05-20,KRX KIND 신규상장 공시,provisional,listing_prices_cache,cache_provenance_pending,,,17615,2026-08-14,14315,0,324,0,not_reviewed,existing_anchor_unreverified,calculated,backfill_pending,full daily history is not available locally,2026-08-15T16:05:10+09:00
0052D0,KR70052D0006,TIGER 코리아배당다우존스,2025-05-20,KRX KIND 신규상장 공시,provisional,listing_prices_cache,cache_provenance_pending,,,16595,2026-08-14,15910,0,324,0,not_reviewed,existing_anchor_unreverified,calculated,backfill_pending,full daily history is not available locally,2026-08-15T16:05:10+09:00
0052S0,KR70052S0009,1Q 미국S&P500미국채혼합50액티브,2025-06-10,KRX KIND 신규상장 공시,provisional,listing_prices_cache,cache_provenance_pending,,,11940,2026-08-14,11960,0,309,0,not_reviewed,existing_anchor_unreverified,calculated,backfill_pending,full daily history is not available locally,2026-08-15T16:05:10+09:00
0052T0,KR70052T0008,1Q 중단기회사채(A-이상)액티브,2025-05-27,KRX KIND 신규상장 공시,provisional,listing_prices_cache,cache_provenance_pending,,,50230,2026-08-14,50675,0,319,0,not_reviewed,existing_anchor_unreverified,calculated,backfill_pending,full daily history is not available locally,2026-08-15T16:05:10+09:00
0053L0,KR70053L0005,TIGER 차이나휴머노이드로봇,2025-05-27,KRX KIND 신규상장 공시,provisional,listing_prices_cache,cache_provenance_pending,,,12315,2026-08-14,10515,0,319,0,not_reviewed,existing_anchor_unreverified,calculated,backfill_pending,full daily history is not available locally,2026-08-15T16:05:10+09:00
0053M0,KR70053M0004,더제이 중소형포커스액티브,2025-07-22,KRX KIND 신규상장 공시,provisional,listing_prices_cache,cache_provenance_pending,,,16070,2026-08-14,13495,0,279,0,not_reviewed,existing_anchor_unreverified,calculated,backfill_pending,full daily history is not available locally,2026-08-15T16:05:10+09:00
0057H0,KR70057H0007,PLUS 미국S&P500미국채혼합50액티브,2025-06-10,KRX KIND 신규상장 공시,provisional,listing_prices_cache,cache_provenance_pending,,,11955,2026-08-14,12045,0,309,0,not_reviewed,existing_anchor_unreverified,calculated,backfill_pending,full daily history is not available locally,2026-08-15T16:05:10+09:00
0060H0,KR70060H0002,TIGER 토탈월드스탁액티브,2025-06-24,KRX KIND 신규상장 공시,provisional,listing_prices_cache,cache_provenance_pending,,,12770,2026-08-14,13235,0,299,0,not_reviewed,existing_anchor_unreverified,calculated,backfill_pending,full daily history is not available locally,2026-08-15T16:05:10+09:00
0061Z0,KR70061Z0009,RISE 단기특수은행채액티브,2025-06-24,KRX KIND 신규상장 공시,provisional,listing_prices_cache,cache_provenance_pending,,,50505,2026-08-14,50940,0,299,0,not_reviewed,existing_anchor_unreverified,calculated,backfill_pending,full daily history is not available locally,2026-08-15T16:05:10+09:00
0064K0,KR70064K0003,KODEX 금액티브,2025-06-17,KRX KIND 신규상장 공시,provisional,listing_prices_cache,cache_provenance_pending,,,14285,2026-08-14,12850,0,304,0,not_reviewed,existing_anchor_unreverified,calculated,backfill_pending,full daily history is not available locally,2026-08-15T16:05:10+09:00
0065G0,KR70065G0008,KODEX 차이나테크TOP10,2025-06-17,KRX KIND 신규상장 공시,provisional,listing_prices_cache,cache_provenance_pending,,,9950,2026-08-14,9165,0,304,0,not_reviewed,existing_anchor_unreverified,calculated,backfill_pending,full daily history is not available locally,2026-08-15T16:05:10+09:00
0066W0,KR70066W0007,SOL 국제금,2025-06-17,KRX KIND 신규상장 공시,provisional,listing_prices_cache,cache_provenance_pending,,,14460,2026-08-14,13000,0,304,0,not_reviewed,existing_anchor_unreverified,calculated,backfill_pending,full daily history is not available locally,2026-08-15T16:05:10+09:00
0067V0,KR70067V0007,TIGER 차이나글로벌리더스TOP3+,2025-06-17,KRX KIND 신규상장 공시,provisional,listing_prices_cache,cache_provenance_pending,,,10915,2026-08-14,10335,0,304,0,not_reviewed,existing_anchor_unreverified,calculated,backfill_pending,full daily history is not available locally,2026-08-15T16:05:10+09:00
0067Y0,KR70067Y0004,TIGER 차이나AI소프트웨어,2025-06-17,KRX KIND 신규상장 공시,provisional,listing_prices_cache,cache_provenance_pending,,,12350,2026-08-14,11515,0,304,0,not_reviewed,existing_anchor_unreverified,calculated,backfill_pending,full daily history is not available locally,2026-08-15T16:05:10+09:00
0068M0,KR70068M0007,KODEX 미국S&P500버퍼6월액티브,2025-06-24,KRX KIND 신규상장 공시,provisional,listing_prices_cache,cache_provenance_pending,,,12090,2026-08-14,12190,0,299,0,not_reviewed,existing_anchor_unreverified,calculated,backfill_pending,full daily history is not available locally,2026-08-15T16:05:10+09:00
0069M0,KR70069M0006,1Q 미국나스닥100,2025-06-24,KRX KIND 신규상장 공시,provisional,listing_prices_cache,cache_provenance_pending,,,13310,2026-08-14,14110,0,299,0,not_reviewed,existing_anchor_unreverified,calculated,backfill_pending,full daily history is not available locally,2026-08-15T16:05:10+09:00
0072R0,KR70072R0006,TIGER KRX금현물,2025-06-24,KRX KIND 신규상장 공시,provisional,listing_prices_cache,cache_provenance_pending,,,14560,2026-08-14,13175,0,299,0,not_reviewed,existing_anchor_unreverified,calculated,backfill_pending,full daily history is not available locally,2026-08-15T16:05:10+09:00
0073X0,KR70073X0007,FOCUS 알리바바미국채커버드콜혼합,2025-07-01,KRX KIND 신규상장 공시,provisional,listing_prices_cache,cache_provenance_pending,,,10550,2026-08-14,9435,0,294,0,not_reviewed,existing_anchor_unreverified,calculated,backfill_pending,full daily history is not available locally,2026-08-15T16:05:10+09:00
0074K0,KR70074K0001,KoAct K수출핵심기업TOP30액티브,2025-07-08,KRX KIND 신규상장 공시,provisional,listing_prices_cache,cache_provenance_pending,,,18815,2026-08-14,17940,0,289,0,not_reviewed,existing_anchor_unreverified,calculated,backfill_pending,full daily history is not available locally,2026-08-15T16:05:10+09:00
0078V0,KR70078V0004,PLUS 미국로보택시,2025-07-22,KRX KIND 신규상장 공시,provisional,listing_prices_cache,cache_provenance_pending,,,11250,2026-08-14,10055,0,279,0,not_reviewed,existing_anchor_unreverified,calculated,backfill_pending,full daily history is not available locally,2026-08-15T16:05:10+09:00
0079X0,KR70079X0001,ACE BYD밸류체인액티브,2025-07-15,KRX KIND 신규상장 공시,provisional,listing_prices_cache,cache_provenance_pending,,,12180,2026-08-14,10445,0,284,0,not_reviewed,existing_anchor_unreverified,calculated,backfill_pending,full daily history is not available locally,2026-08-15T16:05:10+09:00
0080G0,KR70080G0009,KODEX 방산TOP10,2025-07-15,KRX KIND 신규상장 공시,provisional,listing_prices_cache,cache_provenance_pending,,,14890,2026-08-14,11475,0,284,0,not_reviewed,existing_anchor_unreverified,calculated,backfill_pending,full daily history is not available locally,2026-08-15T16:05:10+09:00
0080X0,KR70080X0008,SOL 미국S&P500미국채혼합50,2025-07-15,KRX KIND 신규상장 공시,provisional,listing_prices_cache,cache_provenance_pending,,,11450,2026-08-14,11370,0,284,0,not_reviewed,existing_anchor_unreverified,calculated,backfill_pending,full daily history is not available locally,2026-08-15T16:05:10+09:00
0080Y0,KR70080Y0007,SOL 조선TOP3플러스레버리지,2025-07-15,KRX KIND 신규상장 공시,provisional,listing_prices_cache,cache_provenance_pending,,,23080,2026-08-14,10405,0,284,0,not_reviewed,existing_anchor_unreverified,calculated,backfill_pending,full daily history is not available locally,2026-08-15T16:05:10+09:00
0082F0,KR70082F0008,HANARO 유럽방산,2025-07-29,KRX KIND 신규상장 공시,provisional,listing_prices_cache,cache_provenance_pending,,,10500,2026-08-14,11610,0,274,0,not_reviewed,existing_anchor_unreverified,calculated,backfill_pending,full daily history is not available locally,2026-08-15T16:05:10+09:00
0082V0,KR70082V0008,KODEX TDF2060액티브 적격,2025-07-22,KRX KIND 신규상장 공시,provisional,listing_prices_cache,cache_provenance_pending,,,11810,2026-08-14,11665,0,279,0,not_reviewed,existing_anchor_unreverified,calculated,backfill_pending,full daily history is not available locally,2026-08-15T16:05:10+09:00
0083S0,KR70083S0002,1Q 미국메디컬AI,2025-07-22,KRX KIND 신규상장 공시,provisional,listing_prices_cache,cache_provenance_pending,,,10135,2026-08-14,10345,0,279,0,not_reviewed,existing_anchor_unreverified,calculated,backfill_pending,full daily history is not available locally,2026-08-15T16:05:10+09:00
0084D0,KR70084D0008,KIWOOM 미국테크100월간목표헤지액티브,2025-07-22,KRX KIND 신규상장 공시,provisional,listing_prices_cache,cache_provenance_pending,,,11545,2026-08-14,11885,0,279,0,not_reviewed,existing_anchor_unreverified,calculated,backfill_pending,full daily history is not available locally,2026-08-15T16:05:10+09:00
0084E0,KR70084E0007,KIWOOM 미국대형주500월간목표헤지액티브,2025-10-21,KRX KIND 신규상장 공시,provisional,listing_prices_cache,cache_provenance_pending,,,10650,2026-08-14,10660,0,214,0,not_reviewed,existing_anchor_unreverified,calculated,backfill_pending,full daily history is not available locally,2026-08-15T16:05:10+09:00
0085N0,KR70085N0005,ACE 미국10년국채액티브(H),2025-07-22,KRX KIND 신규상장 공시,provisional,listing_prices_cache,cache_provenance_pending,,,10005,2026-08-14,9785,0,279,0,not_reviewed,existing_anchor_unreverified,calculated,backfill_pending,full daily history is not available locally,2026-08-15T16:05:10+09:00
0085P0,KR70085P0003,ACE 미국10년국채액티브,2025-07-22,KRX KIND 신규상장 공시,provisional,listing_prices_cache,cache_provenance_pending,,,10730,2026-08-14,10110,0,279,0,not_reviewed,existing_anchor_unreverified,calculated,backfill_pending,full daily history is not available locally,2026-08-15T16:05:10+09:00
0086B0,KR70086B0008,TIGER 리츠부동산인프라TOP10액티브,2025-07-29,KRX KIND 신규상장 공시,provisional,listing_prices_cache,cache_provenance_pending,,,11700,2026-08-14,9660,0,274,0,not_reviewed,existing_anchor_unreverified,calculated,backfill_pending,full daily history is not available locally,2026-08-15T16:05:10+09:00
0086C0,KR70086C0007,TIGER 리츠부동산인프라10채권혼합액티브,2025-07-29,KRX KIND 신규상장 공시,provisional,listing_prices_cache,cache_provenance_pending,,,10740,2026-08-14,9900,0,274,0,not_reviewed,existing_anchor_unreverified,calculated,backfill_pending,full daily history is not available locally,2026-08-15T16:05:10+09:00
0087F0,KR70087F0003,ACE 차이나AI빅테크TOP2+액티브,2025-07-29,KRX KIND 신규상장 공시,provisional,listing_prices_cache,cache_provenance_pending,,,11635,2026-08-14,12575,0,274,0,not_reviewed,existing_anchor_unreverified,calculated,backfill_pending,full daily history is not available locally,2026-08-15T16:05:10+09:00
0088N0,KR70088N0002,WON K-글로벌수급상위,2025-08-12,KRX KIND 신규상장 공시,provisional,listing_prices_cache,cache_provenance_pending,,,15200,2026-08-14,11070,0,264,0,not_reviewed,existing_anchor_unreverified,calculated,backfill_pending,full daily history is not available locally,2026-08-15T16:05:10+09:00
0089B0,KR70089B0005,PLUS 미국나스닥100미국채혼합50,2025-08-19,KRX KIND 신규상장 공시,provisional,listing_prices_cache,cache_provenance_pending,,,11450,2026-08-14,11615,0,259,0,not_reviewed,existing_anchor_unreverified,calculated,backfill_pending,full daily history is not available locally,2026-08-15T16:05:10+09:00
0089C0,KR70089C0004,KODEX 미국S&P500변동성확대시커버드콜,2025-08-12,KRX KIND 신규상장 공시,provisional,listing_prices_cache,cache_provenance_pending,,,11395,2026-08-14,11830,0,264,0,not_reviewed,existing_anchor_unreverified,calculated,backfill_pending,full daily history is not available locally,2026-08-15T16:05:10+09:00
0089D0,KR70089D0003,KODEX 금융고배당TOP10,2025-08-12,KRX KIND 신규상장 공시,provisional,listing_prices_cache,cache_provenance_pending,,,13700,2026-08-14,13330,0,264,0,not_reviewed,existing_anchor_unreverified,calculated,backfill_pending,full daily history is not available locally,2026-08-15T16:05:10+09:00
0090B0,KR70090B0002,PLUS K방산소부장,2025-08-26,KRX KIND 신규상장 공시,provisional,listing_prices_cache,cache_provenance_pending,,,14395,2026-08-14,7415,0,254,0,not_reviewed,existing_anchor_unreverified,calculated,backfill_pending,full daily history is not available locally,2026-08-15T16:05:10+09:00
0091C0,KR70091C0000,KODEX 미국10년국채액티브(H),2025-08-19,KRX KIND 신규상장 공시,provisional,listing_prices_cache,cache_provenance_pending,,,9870,2026-08-14,9620,0,259,0,not_reviewed,existing_anchor_unreverified,calculated,backfill_pending,full daily history is not available locally,2026-08-15T16:05:10+09:00
0091M0,KR70091M0008,HANARO 27-06 회사채(AA-이상)액티브,2025-08-26,KRX KIND 신규상장 공시,provisional,listing_prices_cache,cache_provenance_pending,,,10075,2026-08-14,10150,0,254,0,not_reviewed,existing_anchor_unreverified,calculated,backfill_pending,full daily history is not available locally,2026-08-15T16:05:10+09:00
0091P0,KR70091P0005,TIGER 코리아원자력,2025-08-19,KRX KIND 신규상장 공시,provisional,listing_prices_cache,cache_provenance_pending,,,27255,2026-08-14,16670,0,259,0,not_reviewed,existing_anchor_unreverified,calculated,backfill_pending,full daily history is not available locally,2026-08-15T16:05:10+09:00
0092B0,KR70092B0000,SOL 한국원자력SMR,2025-08-19,KRX KIND 신규상장 공시,provisional,listing_prices_cache,cache_provenance_pending,,,24935,2026-08-14,15480,0,259,0,not_reviewed,existing_anchor_unreverified,calculated,backfill_pending,full daily history is not available locally,2026-08-15T16:05:10+09:00
0092C0,KR70092C0009,SOL 27-12 회사채(AA-이상)액티브,2025-08-19,KRX KIND 신규상장 공시,provisional,listing_prices_cache,cache_provenance_pending,,,49840,2026-08-14,50220,0,259,0,not_reviewed,existing_anchor_unreverified,calculated,backfill_pending,full daily history is not available locally,2026-08-15T16:05:10+09:00
0093A0,KR70093A0000,RISE AI반도체TOP10,2025-08-26,KRX KIND 신규상장 공시,provisional,official_daily_history_export,verified_by_export_manifest,,,10315,2026-08-14,32095,0,254,0,not_reviewed,existing_anchor_unreverified,calculated,backfill_pending,full daily history is not available locally,2026-08-15T16:05:10+09:00
0093B0,KR70093B0009,RISE 엔비디아고정테크100,2025-08-26,KRX KIND 신규상장 공시,provisional,listing_prices_cache,cache_provenance_pending,,,12370,2026-08-14,13300,0,254,0,not_reviewed,existing_anchor_unreverified,calculated,backfill_pending,full daily history is not available locally,2026-08-15T16:05:10+09:00
0093D0,KR70093D0007,KoAct 팔란티어밸류체인액티브,2025-08-26,KRX KIND 신규상장 공시,provisional,listing_prices_cache,cache_provenance_pending,,,16510,2026-08-14,18765,0,254,0,not_reviewed,existing_anchor_unreverified,calculated,backfill_pending,full daily history is not available locally,2026-08-15T16:05:10+09:00
0094K0,KR70094K0007,TIGER 28-04 회사채(A+이상)액티브,2025-08-26,KRX KIND 신규상장 공시,provisional,listing_prices_cache,cache_provenance_pending,,,98875,2026-08-14,99590,0,254,0,not_reviewed,existing_anchor_unreverified,calculated,backfill_pending,full daily history is not available locally,2026-08-15T16:05:10+09:00
0094L0,KR70094L0006,RISE 차이나테크TOP10위클리타겟커버드콜,2025-09-02,KRX KIND 신규상장 공시,provisional,listing_prices_cache,cache_provenance_pending,,,9100,2026-08-14,8040,0,249,0,not_reviewed,existing_anchor_unreverified,calculated,backfill_pending,full daily history is not available locally,2026-08-15T16:05:10+09:00
0094M0,KR70094M0005,RISE 코리아밸류업위클리고정커버드콜,2025-09-02,KRX KIND 신규상장 공시,provisional,listing_prices_cache,cache_provenance_pending,,,18225,2026-08-14,17965,0,249,0,not_reviewed,existing_anchor_unreverified,calculated,backfill_pending,full daily history is not available locally,2026-08-15T16:05:10+09:00
0094X0,KR70094X0002,1Q 샤오미밸류체인액티브,2025-09-02,KRX KIND 신규상장 공시,provisional,listing_prices_cache,cache_provenance_pending,,,9565,2026-08-14,8610,0,249,0,not_reviewed,existing_anchor_unreverified,calculated,backfill_pending,full daily history is not available locally,2026-08-15T16:05:10+09:00
0097L0,KR70097L0003,KIWOOM 한국고배당&미국AI테크,2025-09-02,KRX KIND 신규상장 공시,provisional,listing_prices_cache,cache_provenance_pending,,,13565,2026-08-14,12970,0,249,0,not_reviewed,existing_anchor_unreverified,calculated,backfill_pending,full daily history is not available locally,2026-08-15T16:05:10+09:00
0098F0,KR70098F0000,KODEX 원자력SMR,2025-09-16,KRX KIND 신규상장 공시,provisional,listing_prices_cache,cache_provenance_pending,,,24025,2026-08-14,15715,0,239,0,not_reviewed,existing_anchor_unreverified,calculated,backfill_pending,full daily history is not available locally,2026-08-15T16:05:10+09:00
0098N0,KR70098N0000,PLUS 자사주매입고배당주,2025-09-16,KRX KIND 신규상장 공시,provisional,listing_prices_cache,cache_provenance_pending,,,13390,2026-08-14,12970,0,239,0,not_reviewed,existing_anchor_unreverified,calculated,backfill_pending,full daily history is not available locally,2026-08-15T16:05:10+09:00
0098Z0,KR70098Z0006,FOCUS 200,2025-09-23,KRX KIND 신규상장 공시,provisional,listing_prices_cache,cache_provenance_pending,,,86230,2026-08-14,93760,0,234,0,not_reviewed,existing_anchor_unreverified,calculated,backfill_pending,full daily history is not available locally,2026-08-15T16:05:10+09:00
0099L0,KR70099L0001,ACE 우량회사채(AA-이상)액티브,2025-09-09,KRX KIND 신규상장 공시,provisional,listing_prices_cache,cache_provenance_pending,,,98835,2026-08-14,99595,0,244,0,not_reviewed,existing_anchor_unreverified,calculated,backfill_pending,full daily history is not available locally,2026-08-15T16:05:10+09:00
0100K0,KR70100K0009,KODEX 방산TOP10레버리지,2025-09-16,KRX KIND 신규상장 공시,provisional,listing_prices_cache,cache_provenance_pending,,,15870,2026-08-14,7775,0,239,0,not_reviewed,existing_anchor_unreverified,calculated,backfill_pending,full daily history is not available locally,2026-08-15T16:05:10+09:00
0101N0,KR70101N0005,RISE AI전력인프라,2025-09-23,KRX KIND 신규상장 공시,provisional,listing_prices_cache,cache_provenance_pending,,,23315,2026-08-14,19855,0,234,0,not_reviewed,existing_anchor_unreverified,calculated,backfill_pending,full daily history is not available locally,2026-08-15T16:05:10+09:00
0102A0,KR70102A0009,TIGER 미국AI소프트웨어TOP4Plus,2025-09-09,KRX KIND 신규상장 공시,provisional,listing_prices_cache,cache_provenance_pending,,,7635,2026-08-14,8840,0,244,0,not_reviewed,existing_anchor_unreverified,calculated,backfill_pending,full daily history is not available locally,2026-08-15T16:05:10+09:00
0102X0,KR70102X0002,ACE 유럽방산TOP10,2025-09-23,KRX KIND 신규상장 공시,provisional,listing_prices_cache,cache_provenance_pending,,,9890,2026-08-14,10165,0,234,0,not_reviewed,existing_anchor_unreverified,calculated,backfill_pending,full daily history is not available locally,2026-08-15T16:05:10+09:00
0103T0,KR70103T0007,1Q K소버린AI,2025-09-30,KRX KIND 신규상장 공시,provisional,listing_prices_cache,cache_provenance_pending,,,9670,2026-08-14,9385,0,229,0,not_reviewed,existing_anchor_unreverified,calculated,backfill_pending,full daily history is not available locally,2026-08-15T16:05:10+09:00
0104G0,KR70104G0001,PLUS K방산레버리지,2025-09-30,KRX KIND 신규상장 공시,provisional,listing_prices_cache,cache_provenance_pending,,,16130,2026-08-14,7360,0,229,0,not_reviewed,existing_anchor_unreverified,calculated,backfill_pending,full daily history is not available locally,2026-08-15T16:05:10+09:00
0104H0,KR70104H0000,KoAct 미국나스닥채권혼합50액티브,2025-09-30,KRX KIND 신규상장 공시,provisional,listing_prices_cache,cache_provenance_pending,,,12040,2026-08-14,12130,0,229,0,not_reviewed,existing_anchor_unreverified,calculated,backfill_pending,full daily history is not available locally,2026-08-15T16:05:10+09:00
0104N0,KR70104N0002,TIGER 200타겟위클리커버드콜,2025-09-23,KRX KIND 신규상장 공시,provisional,listing_prices_cache,cache_provenance_pending,,,19910,2026-08-14,21240,0,234,0,not_reviewed,existing_anchor_unreverified,calculated,backfill_pending,full daily history is not available locally,2026-08-15T16:05:10+09:00
0104P0,KR70104P0000,TIGER 코리아배당다우존스위클리커버드콜,2025-09-23,KRX KIND 신규상장 공시,provisional,listing_prices_cache,cache_provenance_pending,,,12310,2026-08-14,11425,0,234,0,not_reviewed,existing_anchor_unreverified,calculated,backfill_pending,full daily history is not available locally,2026-08-15T16:05:10+09:00
0105D0,KR70105D0003,SOL 한국AI소프트웨어,2025-09-23,KRX KIND 신규상장 공시,provisional,listing_prices_cache,cache_provenance_pending,,,10450,2026-08-14,10540,0,234,0,not_reviewed,existing_anchor_unreverified,calculated,backfill_pending,full daily history is not available locally,2026-08-15T16:05:10+09:00
0105E0,KR70105E0002,SOL 코리아고배당,2025-09-23,KRX KIND 신규상장 공시,provisional,listing_prices_cache,cache_provenance_pending,,,13860,2026-08-14,13235,0,234,0,not_reviewed,existing_anchor_unreverified,calculated,backfill_pending,full daily history is not available locally,2026-08-15T16:05:10+09:00
0107F0,KR70107F0009,KIWOOM 미국고배당&AI테크,2025-09-23,KRX KIND 신규상장 공시,provisional,listing_prices_cache,cache_provenance_pending,,,11620,2026-08-14,11950,0,234,0,not_reviewed,existing_anchor_unreverified,calculated,backfill_pending,full daily history is not available locally,2026-08-15T16:05:10+09:00
0111J0,KR70111J0009,HANARO 증권고배당TOP3플러스,2025-10-28,KRX KIND 신규상장 공시,provisional,listing_prices_cache,cache_provenance_pending,,,18905,2026-08-14,13560,0,209,0,not_reviewed,existing_anchor_unreverified,calculated,backfill_pending,full daily history is not available locally,2026-08-15T16:05:10+09:00
0111P0,KR70111P0001,1Q 미국나스닥100미국채혼합50액티브,2025-09-30,KRX KIND 신규상장 공시,provisional,listing_prices_cache,cache_provenance_pending,,,11050,2026-08-14,11170,0,229,0,not_reviewed,existing_anchor_unreverified,calculated,backfill_pending,full daily history is not available locally,2026-08-15T16:05:10+09:00
0112X0,KR70112X0000,마이티 200TR,2025-10-28,KRX KIND 신규상장 공시,provisional,listing_prices_cache,cache_provenance_pending,,,37735,2026-08-14,41625,0,209,0,not_reviewed,existing_anchor_unreverified,calculated,backfill_pending,full daily history is not available locally,2026-08-15T16:05:10+09:00
0113D0,KR70113D0003,TIME 글로벌탑픽액티브,2025-10-28,KRX KIND 신규상장 공시,provisional,listing_prices_cache,cache_provenance_pending,,,11940,2026-08-14,12430,0,209,0,not_reviewed,existing_anchor_unreverified,calculated,backfill_pending,full daily history is not available locally,2026-08-15T16:05:10+09:00
0113G0,KR70113G0000,KoAct 미국바이오헬스케어액티브,2025-11-11,KRX KIND 신규상장 공시,provisional,listing_prices_cache,cache_provenance_pending,,,9895,2026-08-14,11260,0,199,0,not_reviewed,existing_anchor_unreverified,calculated,backfill_pending,full daily history is not available locally,2026-08-15T16:05:10+09:00
0113P0,KR70113P0009,HK 머니마켓액티브,2025-09-30,KRX KIND 신규상장 공시,provisional,listing_prices_cache,cache_provenance_pending,,,101385,2026-08-14,102295,0,229,0,not_reviewed,existing_anchor_unreverified,calculated,backfill_pending,full daily history is not available locally,2026-08-15T16:05:10+09:00
0114X0,KR70114X0008,RISE 글로벌게임테크TOP3Plus,2025-10-21,KRX KIND 신규상장 공시,provisional,listing_prices_cache,cache_provenance_pending,,,8120,2026-08-14,8995,0,214,0,not_reviewed,existing_anchor_unreverified,calculated,backfill_pending,full daily history is not available locally,2026-08-15T16:05:10+09:00
0115C0,KR70115C0002,RISE 미국고배당다우존스TOP10,2025-10-21,KRX KIND 신규상장 공시,provisional,listing_prices_cache,cache_provenance_pending,,,10975,2026-08-14,11345,0,214,0,not_reviewed,existing_anchor_unreverified,calculated,backfill_pending,full daily history is not available locally,2026-08-15T16:05:10+09:00
0115D0,KR70115D0001,KODEX 조선TOP10,2025-10-28,KRX KIND 신규상장 공시,provisional,listing_prices_cache,cache_provenance_pending,,,11620,2026-08-14,8410,0,209,0,not_reviewed,existing_anchor_unreverified,calculated,backfill_pending,full daily history is not available locally,2026-08-15T16:05:10+09:00
0115E0,KR70115E0000,KODEX 코리아소버린AI,2025-10-21,KRX KIND 신규상장 공시,provisional,listing_prices_cache,cache_provenance_pending,,,15600,2026-08-14,15335,0,214,0,not_reviewed,existing_anchor_unreverified,calculated,backfill_pending,full daily history is not available locally,2026-08-15T16:05:10+09:00
0117L0,KR70117L0009,KODEX 26-12 금융채(AA-이상)액티브,2025-10-28,KRX KIND 신규상장 공시,provisional,listing_prices_cache,cache_provenance_pending,,,10065,2026-08-14,10150,0,209,0,not_reviewed,existing_anchor_unreverified,calculated,backfill_pending,full daily history is not available locally,2026-08-15T16:05:10+09:00
0117V0,KR70117V0007,TIGER 코리아AI전력기기TOP3플러스,2025-10-21,KRX KIND 신규상장 공시,provisional,listing_prices_cache,cache_provenance_pending,,,25800,2026-08-14,19100,0,214,0,not_reviewed,existing_anchor_unreverified,calculated,backfill_pending,full daily history is not available locally,2026-08-15T16:05:10+09:00
0118S0,KR70118S0001,SOL 미국넥스트테크TOP10액티브,2025-10-28,KRX KIND 신규상장 공시,provisional,listing_prices_cache,cache_provenance_pending,,,11635,2026-08-14,11840,0,209,0,not_reviewed,existing_anchor_unreverified,calculated,backfill_pending,full daily history is not available locally,2026-08-15T16:05:10+09:00
0118Z0,KR70118Z0002,ACE 미국AI테크핵심산업액티브,2025-10-28,KRX KIND 신규상장 공시,provisional,listing_prices_cache,cache_provenance_pending,,,9910,2026-08-14,9485,0,209,0,not_reviewed,existing_anchor_unreverified,calculated,backfill_pending,full daily history is not available locally,2026-08-15T16:05:10+09:00
0119H0,KR70119H0003,KODEX 28-12 회사채(AA-이상)액티브,2025-11-04,KRX KIND 신규상장 공시,provisional,listing_prices_cache,cache_provenance_pending,,,9870,2026-08-14,9935,0,204,0,not_reviewed,existing_anchor_unreverified,calculated,backfill_pending,full daily history is not available locally,2026-08-15T16:05:10+09:00
0120J0,KR70120J0008,BNK 카카오그룹포커스,2025-12-02,KRX KIND 신규상장 공시,provisional,listing_prices_cache,cache_provenance_pending,,,9930,2026-08-14,8200,0,184,0,not_reviewed,existing_anchor_unreverified,calculated,backfill_pending,full daily history is not available locally,2026-08-15T16:05:10+09:00
0122W0,KR70122W0009,RISE 26-11 회사채(AA-이상)액티브,2025-11-18,KRX KIND 신규상장 공시,provisional,listing_prices_cache,cache_provenance_pending,,,50525,2026-08-14,50925,0,194,0,not_reviewed,existing_anchor_unreverified,calculated,backfill_pending,full daily history is not available locally,2026-08-15T16:05:10+09:00
0123G0,KR70123G0008,TIGER 미국AI전력SMR,2025-11-04,KRX KIND 신규상장 공시,provisional,listing_prices_cache,cache_provenance_pending,,,8625,2026-08-14,7120,0,204,0,not_reviewed,existing_anchor_unreverified,calculated,backfill_pending,full daily history is not available locally,2026-08-15T16:05:10+09:00
0123S0,KR70123S0004,HANARO 26-12 은행채(AA+이상)액티브,2025-12-16,KRX KIND 신규상장 공시,provisional,listing_prices_cache,cache_provenance_pending,,,10105,2026-08-14,10180,0,174,0,not_reviewed,existing_anchor_unreverified,calculated,backfill_pending,full daily history is not available locally,2026-08-15T16:05:10+09:00
0127M0,KR70127M0006,ACE 미국대형가치주액티브,2025-11-11,KRX KIND 신규상장 공시,provisional,listing_prices_cache,cache_provenance_pending,,,11505,2026-08-14,12735,0,199,0,not_reviewed,existing_anchor_unreverified,calculated,backfill_pending,full daily history is not available locally,2026-08-15T16:05:10+09:00
0127P0,KR70127P0003,ACE 미국대형성장주액티브,2025-11-11,KRX KIND 신규상장 공시,provisional,listing_prices_cache,cache_provenance_pending,,,10680,2026-08-14,11065,0,199,0,not_reviewed,existing_anchor_unreverified,calculated,backfill_pending,full daily history is not available locally,2026-08-15T16:05:10+09:00
0127R0,KR70127R0001,RISE 미국AI클라우드인프라,2025-11-25,KRX KIND 신규상장 공시,provisional,listing_prices_cache,cache_provenance_pending,,,15000,2026-08-14,18740,0,189,0,not_reviewed,existing_anchor_unreverified,calculated,backfill_pending,full daily history is not available locally,2026-08-15T16:05:10+09:00
0127T0,KR70127T0009,KIWOOM 미국S&P500&배당다우존스비중전환,2025-11-11,KRX KIND 신규상장 공시,provisional,listing_prices_cache,cache_provenance_pending,,,11000,2026-08-14,11495,0,199,0,not_reviewed,existing_anchor_unreverified,calculated,backfill_pending,full daily history is not available locally,2026-08-15T16:05:10+09:00
0127V0,KR70127V0005,KIWOOM 미국S&P500 TOP10&배당다우비중전환,2025-11-11,KRX KIND 신규상장 공시,provisional,listing_prices_cache,cache_provenance_pending,,,10950,2026-08-14,11015,0,199,0,not_reviewed,existing_anchor_unreverified,calculated,backfill_pending,full daily history is not available locally,2026-08-15T16:05:10+09:00
0128D0,KR70128D0006,PLUS 차이나항셍테크위클리타겟커버드콜,2025-11-18,KRX KIND 신규상장 공시,provisional,listing_prices_cache,cache_provenance_pending,,,8095,2026-08-14,7315,0,194,0,not_reviewed,existing_anchor_unreverified,calculated,backfill_pending,full daily history is not available locally,2026-08-15T16:05:10+09:00
0131A0,KR70131A0004,SOL 차이나소비트렌드,2025-11-25,KRX KIND 신규상장 공시,provisional,listing_prices_cache,cache_provenance_pending,,,9890,2026-08-14,7840,0,189,0,not_reviewed,existing_anchor_unreverified,calculated,backfill_pending,full daily history is not available locally,2026-08-15T16:05:10+09:00
0131V0,KR70131V0009,1Q 미국우주항공테크,2025-11-25,KRX KIND 신규상장 공시,provisional,listing_prices_cache,cache_provenance_pending,,,12320,2026-08-14,12745,0,189,0,not_reviewed,existing_anchor_unreverified,calculated,backfill_pending,full daily history is not available locally,2026-08-15T16:05:10+09:00
0131W0,KR70131W0008,1Q 단기특수은행채액티브,2025-11-25,KRX KIND 신규상장 공시,provisional,listing_prices_cache,cache_provenance_pending,,,101190,2026-08-14,102005,0,189,0,not_reviewed,existing_anchor_unreverified,calculated,backfill_pending,full daily history is not available locally,2026-08-15T16:05:10+09:00
0132D0,KR70132D0000,KoAct 글로벌K컬처밸류체인액티브,2025-11-25,KRX KIND 신규상장 공시,provisional,listing_prices_cache,cache_provenance_pending,,,10120,2026-08-14,9515,0,189,0,not_reviewed,existing_anchor_unreverified,calculated,backfill_pending,full daily history is not available locally,2026-08-15T16:05:10+09:00
0132H0,KR70132H0006,KODEX 미국원자력SMR,2025-11-25,KRX KIND 신규상장 공시,provisional,listing_prices_cache,cache_provenance_pending,,,11695,2026-08-14,9225,0,189,0,not_reviewed,existing_anchor_unreverified,calculated,backfill_pending,full daily history is not available locally,2026-08-15T16:05:10+09:00
0132K0,KR70132K0001,PLUS 테슬라위클리커버드콜채권혼합,2025-12-09,KRX KIND 신규상장 공시,provisional,listing_prices_cache,cache_provenance_pending,,,8900,2026-08-14,7970,0,179,0,not_reviewed,existing_anchor_unreverified,calculated,backfill_pending,full daily history is not available locally,2026-08-15T16:05:10+09:00
0133E0,KR70133E0008,TIGER 차이나증권,2026-02-03,KRX KIND 신규상장 공시,provisional,listing_prices_cache,cache_provenance_pending,,,8870,2026-08-14,8765,0,139,0,not_reviewed,existing_anchor_unreverified,calculated,backfill_pending,full daily history is not available locally,2026-08-15T16:05:10+09:00
0135Y0,KR70135Y0002,IBK 중기종합채권(AA-이상)액티브,2025-12-16,KRX KIND 신규상장 공시,provisional,listing_prices_cache,cache_provenance_pending,,,99960,2026-08-14,100400,0,174,0,not_reviewed,existing_anchor_unreverified,calculated,backfill_pending,full daily history is not available locally,2026-08-15T16:05:10+09:00
0137V0,KR70137V0003,KIWOOM 미국S&P500모멘텀,2025-12-09,KRX KIND 신규상장 공시,provisional,listing_prices_cache,cache_provenance_pending,,,10950,2026-08-14,12080,0,179,0,not_reviewed,existing_anchor_unreverified,calculated,backfill_pending,full daily history is not available locally,2026-08-15T16:05:10+09:00
0137W0,KR70137W0002,KIWOOM 미국S&P500&GOLD,2025-12-09,KRX KIND 신규상장 공시,provisional,listing_prices_cache,cache_provenance_pending,,,10435,2026-08-14,10780,0,179,0,not_reviewed,existing_anchor_unreverified,calculated,backfill_pending,full daily history is not available locally,2026-08-15T16:05:10+09:00
0138D0,KR70138D0004,RISE 동학개미,2025-12-16,KRX KIND 신규상장 공시,provisional,listing_prices_cache,cache_provenance_pending,,,15610,2026-08-14,12835,0,174,0,not_reviewed,existing_anchor_unreverified,calculated,backfill_pending,full daily history is not available locally,2026-08-15T16:05:10+09:00
0138T0,KR70138T0006,RISE 미국S&P500데일리고정커버드콜,2025-12-23,KRX KIND 신규상장 공시,provisional,listing_prices_cache,cache_provenance_pending,,,9950,2026-08-14,9865,0,169,0,not_reviewed,existing_anchor_unreverified,calculated,backfill_pending,full daily history is not available locally,2026-08-15T16:05:10+09:00
0138Y0,KR70138Y0009,PLUS 금채권혼합,2025-12-16,KRX KIND 신규상장 공시,provisional,listing_prices_cache,cache_provenance_pending,,,10390,2026-08-14,9890,0,174,0,not_reviewed,existing_anchor_unreverified,calculated,backfill_pending,full daily history is not available locally,2026-08-15T16:05:10+09:00
0139F0,KR70139F0001,TIGER 12월자동연장금융채(AA-이상)액티브,2025-12-09,KRX KIND 신규상장 공시,provisional,listing_prices_cache,cache_provenance_pending,,,101130,2026-08-14,101995,0,179,0,not_reviewed,existing_anchor_unreverified,calculated,backfill_pending,full daily history is not available locally,2026-08-15T16:05:10+09:00
0139P0,KR70139P0009,ACE 고배당주,2025-12-16,KRX KIND 신규상장 공시,provisional,listing_prices_cache,cache_provenance_pending,,,14450,2026-08-14,13880,0,174,0,not_reviewed,existing_anchor_unreverified,calculated,backfill_pending,full daily history is not available locally,2026-08-15T16:05:10+09:00
0141S0,KR70141S0002,SOL 조선기자재,2025-12-16,KRX KIND 신규상장 공시,provisional,listing_prices_cache,cache_provenance_pending,,,15320,2026-08-14,8905,0,174,0,not_reviewed,existing_anchor_unreverified,calculated,backfill_pending,full daily history is not available locally,2026-08-15T16:05:10+09:00
0141T0,KR70141T0001,SOL 중기종합채권(AA-이상)액티브,2025-12-16,KRX KIND 신규상장 공시,provisional,listing_prices_cache,cache_provenance_pending,,,50015,2026-08-14,50310,0,174,0,not_reviewed,existing_anchor_unreverified,calculated,backfill_pending,full daily history is not available locally,2026-08-15T16:05:10+09:00
0142D0,KR70142D0008,TIGER 미국AI데이터센터TOP4Plus,2025-12-09,KRX KIND 신규상장 공시,provisional,listing_prices_cache,cache_provenance_pending,,,11285,2026-08-14,11910,0,179,0,not_reviewed,existing_anchor_unreverified,calculated,backfill_pending,full daily history is not available locally,2026-08-15T16:05:10+09:00
0144L0,KR70144L0006,KODEX 미국성장커버드콜액티브,2025-12-23,KRX KIND 신규상장 공시,provisional,listing_prices_cache,cache_provenance_pending,,,10035,2026-08-14,10000,0,169,0,not_reviewed,existing_anchor_unreverified,calculated,backfill_pending,full daily history is not available locally,2026-08-15T16:05:10+09:00
0144M0,KR70144M0005,KODEX 미국드론UAM TOP10,2025-12-23,KRX KIND 신규상장 공시,provisional,listing_prices_cache,cache_provenance_pending,,,8395,2026-08-14,8555,0,169,0,not_reviewed,existing_anchor_unreverified,calculated,backfill_pending,full daily history is not available locally,2026-08-15T16:05:10+09:00
0148J0,KR70148J0006,TIGER 코리아휴머노이드로봇산업,2026-01-06,KRX KIND 신규상장 공시,provisional,listing_prices_cache,cache_provenance_pending,,,12920,2026-08-14,10390,0,159,0,not_reviewed,existing_anchor_unreverified,calculated,backfill_pending,full daily history is not available locally,2026-08-15T16:05:10+09:00
0150K0,KR70150K0008,KoAct 수소전력ESS인프라액티브,2026-01-13,KRX KIND 신규상장 공시,provisional,listing_prices_cache,cache_provenance_pending,,,16420,2026-08-14,10950,0,154,0,not_reviewed,existing_anchor_unreverified,calculated,backfill_pending,full daily history is not available locally,2026-08-15T16:05:10+09:00
0151P0,KR70151P0002,RISE 코리아전략산업액티브,2026-01-20,KRX KIND 신규상장 공시,provisional,listing_prices_cache,cache_provenance_pending,,,16775,2026-08-14,15115,0,149,0,not_reviewed,existing_anchor_unreverified,calculated,backfill_pending,full daily history is not available locally,2026-08-15T16:05:10+09:00
0151S0,KR70151S0009,KODEX 미국AI반도체TOP3플러스,2026-01-13,KRX KIND 신규상장 공시,provisional,listing_prices_cache,cache_provenance_pending,,,14385,2026-08-14,16240,0,154,0,not_reviewed,existing_anchor_unreverified,calculated,backfill_pending,full daily history is not available locally,2026-08-15T16:05:10+09:00
0152E0,KR70152E0004,SOL 배당성향탑픽액티브,2026-01-13,KRX KIND 신규상장 공시,provisional,listing_prices_cache,cache_provenance_pending,,,12390,2026-08-14,11240,0,154,0,not_reviewed,existing_anchor_unreverified,calculated,backfill_pending,full daily history is not available locally,2026-08-15T16:05:10+09:00
0153K0,KR70153K0005,KODEX 주주환원고배당주,2026-01-20,KRX KIND 신규상장 공시,provisional,listing_prices_cache,cache_provenance_pending,,,12080,2026-08-14,12240,0,149,0,not_reviewed,existing_anchor_unreverified,calculated,backfill_pending,full daily history is not available locally,2026-08-15T16:05:10+09:00
0153P0,KR70153P0000,ACE 리츠부동산인프라액티브,2026-01-20,KRX KIND 신규상장 공시,provisional,listing_prices_cache,cache_provenance_pending,,,11170,2026-08-14,9635,0,149,0,not_reviewed,existing_anchor_unreverified,calculated,backfill_pending,full daily history is not available locally,2026-08-15T16:05:10+09:00
0153X0,KR70153X0000,PLUS 미국고배당주액티브,2026-01-27,KRX KIND 신규상장 공시,provisional,listing_prices_cache,cache_provenance_pending,,,11100,2026-08-14,11660,0,144,0,not_reviewed,existing_anchor_unreverified,calculated,backfill_pending,full daily history is not available locally,2026-08-15T16:05:10+09:00
0154F0,KR70154F0001,WON 초대형IB&금융지주,2026-01-20,KRX KIND 신규상장 공시,provisional,listing_prices_cache,cache_provenance_pending,,,14635,2026-08-14,12360,0,149,0,not_reviewed,existing_anchor_unreverified,calculated,backfill_pending,full daily history is not available locally,2026-08-15T16:05:10+09:00
0154H0,KR70154H0009,KoAct 차이나바이오헬스케어액티브,2026-01-27,KRX KIND 신규상장 공시,provisional,listing_prices_cache,cache_provenance_pending,,,9345,2026-08-14,8875,0,144,0,not_reviewed,existing_anchor_unreverified,calculated,backfill_pending,full daily history is not available locally,2026-08-15T16:05:10+09:00
0155M0,KR70155M0001,ACE 미국SMR원자력TOP10,2026-02-03,KRX KIND 신규상장 공시,provisional,listing_prices_cache,cache_provenance_pending,,,9905,2026-08-14,7610,0,139,0,not_reviewed,existing_anchor_unreverified,calculated,backfill_pending,full daily history is not available locally,2026-08-15T16:05:10+09:00
0155N0,KR70155N0000,HANARO K휴머노이드테마TOP10,2026-02-26,KRX KIND 신규상장 공시,provisional,listing_prices_cache,cache_provenance_pending,,,10005,2026-08-14,8675,0,122,0,not_reviewed,existing_anchor_unreverified,calculated,backfill_pending,full daily history is not available locally,2026-08-15T16:05:10+09:00
0162L0,KR70162L0003,KODEX 차이나AI반도체TOP10,2026-02-26,KRX KIND 신규상장 공시,provisional,listing_prices_cache,cache_provenance_pending,,,11920,2026-08-14,14160,0,122,0,not_reviewed,existing_anchor_unreverified,calculated,backfill_pending,full daily history is not available locally,2026-08-15T16:05:10+09:00
0162M0,KR70162M0002,KODEX 금융채1~2년(AA-이상)PLUS액티브,2026-02-26,KRX KIND 신규상장 공시,provisional,listing_prices_cache,cache_provenance_pending,,,9970,2026-08-14,10055,0,122,0,not_reviewed,existing_anchor_unreverified,calculated,backfill_pending,full daily history is not available locally,2026-08-15T16:05:10+09:00
0162Y0,KR70162Y0008,TIME 코스닥액티브,2026-03-10,KRX KIND 신규상장 공시,provisional,listing_prices_cache,cache_provenance_pending,,,10970,2026-08-14,7745,0,114,0,not_reviewed,existing_anchor_unreverified,calculated,backfill_pending,full daily history is not available locally,2026-08-15T16:05:10+09:00
0162Z0,KR70162Z0007,RISE 삼성전자SK하이닉스채권혼합50,2026-02-26,KRX KIND 신규상장 공시,provisional,listing_prices_cache,cache_provenance_pending,,,11445,2026-08-14,13390,0,122,0,not_reviewed,existing_anchor_unreverified,calculated,backfill_pending,full daily history is not available locally,2026-08-15T16:05:10+09:00
0163Y0,KR70163Y0007,KoAct 코스닥액티브,2026-03-10,KRX KIND 신규상장 공시,provisional,listing_prices_cache,cache_provenance_pending,,,13120,2026-08-14,9190,0,114,0,not_reviewed,existing_anchor_unreverified,calculated,backfill_pending,full daily history is not available locally,2026-08-15T16:05:10+09:00
0164G0,KR70164G0008,RISE 차이나AI반도체TOP4Plus,2026-03-10,KRX KIND 신규상장 공시,provisional,listing_prices_cache,cache_provenance_pending,,,11895,2026-08-14,13670,0,114,0,not_reviewed,existing_anchor_unreverified,calculated,backfill_pending,full daily history is not available locally,2026-08-15T16:05:10+09:00
0166N0,KR70166N0007,PLUS 코스닥150액티브,2026-03-17,KRX KIND 신규상장 공시,provisional,listing_prices_cache,cache_provenance_pending,,,11720,2026-08-14,7720,0,109,0,not_reviewed,existing_anchor_unreverified,calculated,backfill_pending,full daily history is not available locally,2026-08-15T16:05:10+09:00
0166S0,KR70166S0002,PLUS K제조업핵심기업액티브,2026-03-24,KRX KIND 신규상장 공시,provisional,listing_prices_cache,cache_provenance_pending,,,11900,2026-08-14,11180,0,104,0,not_reviewed,existing_anchor_unreverified,calculated,backfill_pending,full daily history is not available locally,2026-08-15T16:05:10+09:00
0166T0,KR70166T0001,PLUS 글로벌저작권핵심기업액티브,2026-03-31,KRX KIND 신규상장 공시,provisional,listing_prices_cache,cache_provenance_pending,,,10225,2026-08-14,9945,0,99,0,not_reviewed,existing_anchor_unreverified,calculated,backfill_pending,full daily history is not available locally,2026-08-15T16:05:10+09:00
0167A0,KR70167A0001,SOL AI반도체TOP2플러스,2026-03-17,KRX KIND 신규상장 공시,provisional,listing_prices_cache,cache_provenance_pending,,,14300,2026-08-14,18045,0,109,0,not_reviewed,existing_anchor_unreverified,calculated,backfill_pending,full daily history is not available locally,2026-08-15T16:05:10+09:00
0167B0,KR70167B0000,SOL 200타겟위클리커버드콜,2026-03-17,KRX KIND 신규상장 공시,provisional,listing_prices_cache,cache_provenance_pending,,,12085,2026-08-14,12070,0,109,0,not_reviewed,existing_anchor_unreverified,calculated,backfill_pending,full daily history is not available locally,2026-08-15T16:05:10+09:00
0167Z0,KR70167Z0002,KODEX 미국우주항공,2026-03-17,KRX KIND 신규상장 공시,provisional,listing_prices_cache,cache_provenance_pending,,,10360,2026-08-14,9010,0,109,0,not_reviewed,existing_anchor_unreverified,calculated,backfill_pending,full daily history is not available locally,2026-08-15T16:05:10+09:00
0168K0,KR70168K0008,TIGER 기술이전바이오액티브,2026-03-17,KRX KIND 신규상장 공시,provisional,listing_prices_cache,cache_provenance_pending,,,9845,2026-08-14,6850,0,109,0,not_reviewed,existing_anchor_unreverified,calculated,backfill_pending,full daily history is not available locally,2026-08-15T16:05:10+09:00
0172V0,KR70172V0009,1Q 은액티브,2026-03-31,KRX KIND 신규상장 공시,provisional,listing_prices_cache,cache_provenance_pending,,,10180,2026-08-14,8600,0,99,0,not_reviewed,existing_anchor_unreverified,calculated,backfill_pending,full daily history is not available locally,2026-08-15T16:05:10+09:00
0172Y0,KR70172Y0006,ACE K수출핵심TOP10산업액티브,2026-03-31,KRX KIND 신규상장 공시,provisional,listing_prices_cache,cache_provenance_pending,,,11220,2026-08-14,9945,0,99,0,not_reviewed,existing_anchor_unreverified,calculated,backfill_pending,full daily history is not available locally,2026-08-15T16:05:10+09:00
0173Y0,KR70173Y0005,KODEX 미국AI광통신네트워크,2026-03-31,KRX KIND 신규상장 공시,provisional,listing_prices_cache,cache_provenance_pending,,,12605,2026-08-14,12305,0,99,0,not_reviewed,existing_anchor_unreverified,calculated,backfill_pending,full daily history is not available locally,2026-08-15T16:05:10+09:00
0174B0,KR70174B0001,KoAct 글로벌AI메모리반도체액티브,2026-04-14,KRX KIND 신규상장 공시,provisional,listing_prices_cache,cache_provenance_pending,,,11615,2026-08-14,15020,0,89,0,not_reviewed,existing_anchor_unreverified,calculated,backfill_pending,full daily history is not available locally,2026-08-15T16:05:10+09:00
0174J0,KR70174J0003,DAISHIN343 오피스리츠플러스,2026-03-31,KRX KIND 신규상장 공시,provisional,listing_prices_cache,cache_provenance_pending,,,10940,2026-08-14,9020,0,99,0,not_reviewed,existing_anchor_unreverified,calculated,backfill_pending,full daily history is not available locally,2026-08-15T16:05:10+09:00
0174R0,KR70174R0003,KIWOOM 미국성장다우존스,2026-03-31,KRX KIND 신규상장 공시,provisional,listing_prices_cache,cache_provenance_pending,,,11275,2026-08-14,11775,0,99,0,not_reviewed,existing_anchor_unreverified,calculated,backfill_pending,full daily history is not available locally,2026-08-15T16:05:10+09:00
0176E0,KR70176E0006,RISE 미국AI전력인프라액티브,2026-04-07,KRX KIND 신규상장 공시,provisional,listing_prices_cache,cache_provenance_pending,,,11955,2026-08-14,10850,0,94,0,not_reviewed,existing_anchor_unreverified,calculated,backfill_pending,full daily history is not available locally,2026-08-15T16:05:10+09:00
0176P0,KR70176P0003,FOCUS AI반도체위클리고정커버드콜,2026-04-07,KRX KIND 신규상장 공시,provisional,listing_prices_cache,cache_provenance_pending,,,12695,2026-08-14,12830,0,94,0,not_reviewed,existing_anchor_unreverified,calculated,backfill_pending,full daily history is not available locally,2026-08-15T16:05:10+09:00
0177A0,KR70177A0009,WON 두산그룹포커스,2026-03-31,KRX KIND 신규상장 공시,provisional,listing_prices_cache,cache_provenance_pending,,,12000,2026-08-14,9235,0,99,0,not_reviewed,existing_anchor_unreverified,calculated,backfill_pending,full daily history is not available locally,2026-08-15T16:05:10+09:00
0177N0,KR70177N0004,KODEX 삼성전자SK하이닉스채권혼합50,2026-04-07,KRX KIND 신규상장 공시,provisional,listing_prices_cache,cache_provenance_pending,,,12145,2026-08-14,14145,0,94,0,not_reviewed,existing_anchor_unreverified,calculated,backfill_pending,full daily history is not available locally,2026-08-15T16:05:10+09:00
0177R0,KR70177R0000,TIGER 반도체TOP10커버드콜액티브,2026-04-21,KRX KIND 신규상장 공시,provisional,listing_prices_cache,cache_provenance_pending,,,11500,2026-08-14,11460,0,84,0,not_reviewed,existing_anchor_unreverified,calculated,backfill_pending,full daily history is not available locally,2026-08-15T16:05:10+09:00
0177X0,KR70177X0002,ACE K휴머노이드로봇산업TOP2+,2026-04-07,KRX KIND 신규상장 공시,provisional,listing_prices_cache,cache_provenance_pending,,,12980,2026-08-14,10945,0,94,0,not_reviewed,existing_anchor_unreverified,calculated,backfill_pending,full daily history is not available locally,2026-08-15T16:05:10+09:00
0178H0,KR70178H0001,IBK 미국AI TOP10국채혼합50,2026-04-28,KRX KIND 신규상장 공시,provisional,listing_prices_cache,cache_provenance_pending,,,10050,2026-08-14,10070,0,79,0,not_reviewed,existing_anchor_unreverified,calculated,backfill_pending,full daily history is not available locally,2026-08-15T16:05:10+09:00
0180V0,KR70180V0009,ACE 미국우주테크액티브,2026-04-14,KRX KIND 신규상장 공시,provisional,listing_prices_cache,cache_provenance_pending,,,10105,2026-08-14,9090,0,89,0,not_reviewed,existing_anchor_unreverified,calculated,backfill_pending,full daily history is not available locally,2026-08-15T16:05:10+09:00
0181B0,KR70181B0002,HANARO 미국AI메모리반도체TOP4+,2026-05-12,KRX KIND 신규상장 공시,provisional,listing_prices_cache,cache_provenance_pending,,,10235,2026-08-14,10600,0,69,0,not_reviewed,existing_anchor_unreverified,calculated,backfill_pending,full daily history is not available locally,2026-08-15T16:05:10+09:00
0181L0,KR70181L0000,SOL 미국우주항공TOP10,2026-04-21,KRX KIND 신규상장 공시,provisional,listing_prices_cache,cache_provenance_pending,,,9230,2026-08-14,8265,0,84,0,not_reviewed,existing_anchor_unreverified,calculated,backfill_pending,full daily history is not available locally,2026-08-15T16:05:10+09:00
0182R0,KR70182R0003,1Q K반도체TOP2+,2026-04-14,KRX KIND 신규상장 공시,provisional,listing_prices_cache,cache_provenance_pending,,,11595,2026-08-14,10830,0,89,0,not_reviewed,existing_anchor_unreverified,calculated,backfill_pending,full daily history is not available locally,2026-08-15T16:05:10+09:00
0182S0,KR70182S0002,1Q K반도체TOP2채권혼합50,2026-04-14,KRX KIND 신규상장 공시,provisional,listing_prices_cache,cache_provenance_pending,,,10765,2026-08-14,12410,0,89,0,not_reviewed,existing_anchor_unreverified,calculated,backfill_pending,full daily history is not available locally,2026-08-15T16:05:10+09:00
0183J0,KR70183J0002,TIGER 미국우주테크,2026-04-14,KRX KIND 신규상장 공시,provisional,listing_prices_cache,cache_provenance_pending,,,10160,2026-08-14,8845,0,89,0,not_reviewed,existing_anchor_unreverified,calculated,backfill_pending,full daily history is not available locally,2026-08-15T16:05:10+09:00
0183V0,KR70183V0006,KIWOOM 삼성전자&SK하이닉스채권혼합50,2026-04-21,KRX KIND 신규상장 공시,provisional,listing_prices_cache,cache_provenance_pending,,,10485,2026-08-14,11740,0,84,0,not_reviewed,existing_anchor_unreverified,calculated,backfill_pending,full daily history is not available locally,2026-08-15T16:05:10+09:00
0184E0,KR70184E0006,1Q 200채권혼합50액티브,2026-04-21,KRX KIND 신규상장 공시,provisional,listing_prices_cache,cache_provenance_pending,,,10345,2026-08-14,11035,0,84,0,not_reviewed,existing_anchor_unreverified,calculated,backfill_pending,full daily history is not available locally,2026-08-15T16:05:10+09:00
0184L0,KR70184L0007,PLUS 중기종합채권(A-이상)액티브,2026-05-12,KRX KIND 신규상장 공시,provisional,listing_prices_cache,cache_provenance_pending,,,99845,2026-08-14,100590,0,69,0,not_reviewed,existing_anchor_unreverified,calculated,backfill_pending,full daily history is not available locally,2026-08-15T16:05:10+09:00
0184N0,KR70184N0005,PLUS 은채권혼합,2026-05-12,KRX KIND 신규상장 공시,provisional,listing_prices_cache,cache_provenance_pending,,,10290,2026-08-14,8830,0,69,0,not_reviewed,existing_anchor_unreverified,calculated,backfill_pending,full daily history is not available locally,2026-08-15T16:05:10+09:00
0184V0,KR70184V0005,UNICORN K바이오액티브,2026-05-12,KRX KIND 신규상장 공시,provisional,listing_prices_cache,cache_provenance_pending,,,9925,2026-08-14,6735,0,69,0,not_reviewed,existing_anchor_unreverified,calculated,backfill_pending,full daily history is not available locally,2026-08-15T16:05:10+09:00
0185L0,KR70185L0006,TIME 글로벌휴머노이드로봇산업액티브,2026-05-19,KRX KIND 신규상장 공시,provisional,listing_prices_cache,cache_provenance_pending,,,9840,2026-08-14,8185,0,64,0,not_reviewed,existing_anchor_unreverified,calculated,backfill_pending,full daily history is not available locally,2026-08-15T16:05:10+09:00
0186L0,KR70186L0005,KoAct 미국로봇피지컬AI액티브,2026-04-28,KRX KIND 신규상장 공시,provisional,listing_prices_cache,cache_provenance_pending,,,9885,2026-08-14,9930,0,79,0,not_reviewed,existing_anchor_unreverified,calculated,backfill_pending,full daily history is not available locally,2026-08-15T16:05:10+09:00
0186S0,KR70186S0008,1Q 코스닥150채권혼합50액티브,2026-04-28,KRX KIND 신규상장 공시,provisional,listing_prices_cache,cache_provenance_pending,,,9940,2026-08-14,8570,0,79,0,not_reviewed,existing_anchor_unreverified,calculated,backfill_pending,full daily history is not available locally,2026-08-15T16:05:10+09:00
0189B0,KR70189B0004,TIGER 은액티브,2026-04-28,KRX KIND 신규상장 공시,provisional,listing_prices_cache,cache_provenance_pending,,,9750,2026-08-14,8280,0,79,0,not_reviewed,existing_anchor_unreverified,calculated,backfill_pending,full daily history is not available locally,2026-08-15T16:05:10+09:00
0189Z0,KR70189Z0006,DAISHIN343 금융&지주고배당,2026-06-09,KRX KIND 신규상장 공시,provisional,listing_prices_cache,cache_provenance_pending,,,10035,2026-08-14,10350,0,49,0,not_reviewed,existing_anchor_unreverified,calculated,backfill_pending,full daily history is not available locally,2026-08-15T16:05:10+09:00
0190C0,KR70190C0000,RISE 현대차고정피지컬AI,2026-05-12,KRX KIND 신규상장 공시,provisional,listing_prices_cache,cache_provenance_pending,,,11615,2026-08-14,9480,0,69,0,not_reviewed,existing_anchor_unreverified,calculated,backfill_pending,full daily history is not available locally,2026-08-15T16:05:10+09:00
0190G0,KR70190G0006,KODEX 반도체타겟위클리커버드콜,2026-05-12,KRX KIND 신규상장 공시,provisional,listing_prices_cache,cache_provenance_pending,,,10640,2026-08-14,8695,0,69,0,not_reviewed,existing_anchor_unreverified,calculated,backfill_pending,full daily history is not available locally,2026-08-15T16:05:10+09:00
0190M0,KR70190M0008,KIWOOM 미국AI테크하이베타,2026-05-12,KRX KIND 신규상장 공시,provisional,listing_prices_cache,cache_provenance_pending,,,10555,2026-08-14,9465,0,69,0,not_reviewed,existing_anchor_unreverified,calculated,backfill_pending,full daily history is not available locally,2026-08-15T16:05:10+09:00
0190Y0,KR70190Y0004,TIGER 구글밸류체인,2026-05-12,KRX KIND 신규상장 공시,provisional,listing_prices_cache,cache_provenance_pending,,,10150,2026-08-14,9325,0,69,0,not_reviewed,existing_anchor_unreverified,calculated,backfill_pending,full daily history is not available locally,2026-08-15T16:05:10+09:00
0191B0,KR70191B0000,MIDAS 코스닥액티브,2026-05-19,KRX KIND 신규상장 공시,provisional,listing_prices_cache,cache_provenance_pending,,,36295,2026-08-14,30070,0,64,0,not_reviewed,existing_anchor_unreverified,calculated,backfill_pending,full daily history is not available locally,2026-08-15T16:05:10+09:00
0191M0,KR70191M0007,마이티 5월만기자동연장특수채(AAA)액티브,2026-06-02,KRX KIND 신규상장 공시,provisional,listing_prices_cache,cache_provenance_pending,,,100045,2026-08-14,100635,0,54,0,not_reviewed,existing_anchor_unreverified,calculated,backfill_pending,full daily history is not available locally,2026-08-15T16:05:10+09:00
0191S0,KR70191S0001,IBK 코스닥150,2026-05-19,KRX KIND 신규상장 공시,provisional,listing_prices_cache,cache_provenance_pending,,,18025,2026-08-14,14985,0,64,0,not_reviewed,existing_anchor_unreverified,calculated,backfill_pending,full daily history is not available locally,2026-08-15T16:05:10+09:00
0191W0,KR70191W0005,HANARO 중기종합채권(A-이상)액티브,2026-05-19,KRX KIND 신규상장 공시,provisional,listing_prices_cache,cache_provenance_pending,,,100020,2026-08-14,100880,0,64,0,not_reviewed,existing_anchor_unreverified,calculated,backfill_pending,full daily history is not available locally,2026-08-15T16:05:10+09:00
0192L0,KR70192L0007,RISE SK하이닉스단일종목레버리지,2026-05-27,KRX KIND 신규상장 공시,provisional,listing_prices_cache,cache_provenance_pending,,,23765,2026-08-14,8485,0,58,0,not_reviewed,existing_anchor_unreverified,calculated,backfill_pending,full daily history is not available locally,2026-08-15T16:05:10+09:00
0192M0,KR70192M0006,RISE 삼성전자단일종목레버리지,2026-05-27,KRX KIND 신규상장 공시,provisional,listing_prices_cache,cache_provenance_pending,,,21165,2026-08-14,12435,0,58,0,not_reviewed,existing_anchor_unreverified,calculated,backfill_pending,full daily history is not available locally,2026-08-15T16:05:10+09:00
0192S0,KR70192S0000,SOL 코스피200채권혼합50,2026-05-19,KRX KIND 신규상장 공시,provisional,listing_prices_cache,cache_provenance_pending,,,9640,2026-08-14,9525,0,64,0,not_reviewed,existing_anchor_unreverified,calculated,backfill_pending,full daily history is not available locally,2026-08-15T16:05:10+09:00
0192T0,KR70192T0009,SOL 코스닥TOP10,2026-05-19,KRX KIND 신규상장 공시,provisional,listing_prices_cache,cache_provenance_pending,,,9120,2026-08-14,7770,0,64,0,not_reviewed,existing_anchor_unreverified,calculated,backfill_pending,full daily history is not available locally,2026-08-15T16:05:10+09:00
0192Z0,KR70192Z0001,TIGER 중기종합채권(A-이상)액티브,2026-05-19,KRX KIND 신규상장 공시,provisional,listing_prices_cache,cache_provenance_pending,,,100005,2026-08-14,100950,0,64,0,not_reviewed,existing_anchor_unreverified,calculated,backfill_pending,full daily history is not available locally,2026-08-15T16:05:10+09:00
0193G0,KR70193G0003,KoAct 코스피액티브,2026-05-19,KRX KIND 신규상장 공시,provisional,listing_prices_cache,cache_provenance_pending,,,9185,2026-08-14,8595,0,64,0,not_reviewed,existing_anchor_unreverified,calculated,backfill_pending,full daily history is not available locally,2026-08-15T16:05:10+09:00
0193K0,KR70193K0007,PLUS 삼성전자단일종목레버리지,2026-05-27,KRX KIND 신규상장 공시,provisional,listing_prices_cache,cache_provenance_pending,,,22530,2026-08-14,13510,0,58,0,not_reviewed,existing_anchor_unreverified,calculated,backfill_pending,full daily history is not available locally,2026-08-15T16:05:10+09:00
0193L0,KR70193L0006,PLUS 삼성전자선물단일종목인버스2X,2026-05-27,KRX KIND 신규상장 공시,provisional,listing_prices_cache,cache_provenance_pending,,,18805,2026-08-14,9160,0,58,0,not_reviewed,existing_anchor_unreverified,calculated,backfill_pending,full daily history is not available locally,2026-08-15T16:05:10+09:00
0193M0,KR70193M0005,BNK 27-12 특수채(AAA이상)액티브,2026-06-16,KRX KIND 신규상장 공시,provisional,listing_prices_cache,cache_provenance_pending,,,50020,2026-08-14,50315,0,44,0,not_reviewed,existing_anchor_unreverified,calculated,backfill_pending,full daily history is not available locally,2026-08-15T16:05:10+09:00
0193T0,KR70193T0008,KODEX SK하이닉스단일종목레버리지,2026-05-27,KRX KIND 신규상장 공시,provisional,listing_prices_cache,cache_provenance_pending,,,27775,2026-08-14,9780,0,58,0,not_reviewed,existing_anchor_unreverified,calculated,backfill_pending,full daily history is not available locally,2026-08-15T16:05:10+09:00
0193W0,KR70193W0003,KODEX 삼성전자단일종목레버리지,2026-05-27,KRX KIND 신규상장 공시,provisional,listing_prices_cache,cache_provenance_pending,,,22830,2026-08-14,13530,0,58,0,not_reviewed,existing_anchor_unreverified,calculated,backfill_pending,full daily history is not available locally,2026-08-15T16:05:10+09:00
0194M0,KR70194M0004,ACE 삼성전자단일종목레버리지,2026-05-27,KRX KIND 신규상장 공시,provisional,listing_prices_cache,cache_provenance_pending,,,21055,2026-08-14,12380,0,58,0,not_reviewed,existing_anchor_unreverified,calculated,backfill_pending,full daily history is not available locally,2026-08-15T16:05:10+09:00
0194N0,KR70194N0003,KIWOOM 삼성전자선물단일종목레버리지,2026-05-27,KRX KIND 신규상장 공시,provisional,listing_prices_cache,cache_provenance_pending,,,21085,2026-08-14,12475,0,58,0,not_reviewed,existing_anchor_unreverified,calculated,backfill_pending,full daily history is not available locally,2026-08-15T16:05:10+09:00
0194R0,KR70194R0009,KIWOOM SK하이닉스선물단일종목레버리지,2026-05-27,KRX KIND 신규상장 공시,provisional,listing_prices_cache,cache_provenance_pending,,,23845,2026-08-14,8135,0,58,0,not_reviewed,existing_anchor_unreverified,calculated,backfill_pending,full daily history is not available locally,2026-08-15T16:05:10+09:00
0194T0,KR70194T0007,ACE SK하이닉스단일종목레버리지,2026-05-27,KRX KIND 신규상장 공시,provisional,listing_prices_cache,cache_provenance_pending,,,23720,2026-08-14,8340,0,58,0,not_reviewed,existing_anchor_unreverified,calculated,backfill_pending,full daily history is not available locally,2026-08-15T16:05:10+09:00
0195R0,KR70195R0008,TIGER 삼성전자단일종목레버리지,2026-05-27,KRX KIND 신규상장 공시,provisional,listing_prices_cache,cache_provenance_pending,,,21080,2026-08-14,12290,0,58,0,not_reviewed,existing_anchor_unreverified,calculated,backfill_pending,full daily history is not available locally,2026-08-15T16:05:10+09:00
0195S0,KR70195S0007,TIGER SK하이닉스단일종목레버리지,2026-05-27,KRX KIND 신규상장 공시,provisional,listing_prices_cache,cache_provenance_pending,,,23695,2026-08-14,8320,0,58,0,not_reviewed,existing_anchor_unreverified,calculated,backfill_pending,full daily history is not available locally,2026-08-15T16:05:10+09:00
0197W0,KR70197W0009,SOL SK하이닉스단일종목레버리지,2026-05-27,KRX KIND 신규상장 공시,provisional,listing_prices_cache,cache_provenance_pending,,,23750,2026-08-14,8200,0,58,0,not_reviewed,existing_anchor_unreverified,calculated,backfill_pending,full daily history is not available locally,2026-08-15T16:05:10+09:00
0197X0,KR70197X0008,SOL SK하이닉스선물단일종목인버스2X,2026-05-27,KRX KIND 신규상장 공시,provisional,listing_prices_cache,cache_provenance_pending,,,16265,2026-08-14,8075,0,58,0,not_reviewed,existing_anchor_unreverified,calculated,backfill_pending,full daily history is not available locally,2026-08-15T16:05:10+09:00
0198A0,KR70198A0004,KIWOOM 코스닥150커버드콜액티브,2026-06-30,KRX KIND 신규상장 공시,provisional,listing_prices_cache,cache_provenance_pending,,,10555,2026-08-14,9385,0,34,0,not_reviewed,existing_anchor_unreverified,calculated,backfill_pending,full daily history is not available locally,2026-08-15T16:05:10+09:00
0198B0,KR70198B0003,1Q 삼성전자선물단일종목레버리지,2026-05-27,KRX KIND 신규상장 공시,provisional,listing_prices_cache,cache_provenance_pending,,,22195,2026-08-14,12800,0,58,0,not_reviewed,existing_anchor_unreverified,calculated,backfill_pending,full daily history is not available locally,2026-08-15T16:05:10+09:00
0198D0,KR70198D0001,1Q SK하이닉스선물단일종목레버리지,2026-05-27,KRX KIND 신규상장 공시,provisional,listing_prices_cache,cache_provenance_pending,,,26830,2026-08-14,8660,0,58,0,not_reviewed,existing_anchor_unreverified,calculated,backfill_pending,full daily history is not available locally,2026-08-15T16:05:10+09:00
0199C0,KR70199C0001,ACE 고배당주Plus커버드콜액티브,2026-06-02,KRX KIND 신규상장 공시,provisional,listing_prices_cache,cache_provenance_pending,,,10290,2026-08-14,9380,0,54,0,not_reviewed,existing_anchor_unreverified,calculated,backfill_pending,full daily history is not available locally,2026-08-15T16:05:10+09:00
0203D0,KR70203D0004,PLUS 200위클리커버드콜채권혼합,2026-06-02,KRX KIND 신규상장 공시,provisional,listing_prices_cache,cache_provenance_pending,,,10430,2026-08-14,9090,0,54,0,not_reviewed,existing_anchor_unreverified,calculated,backfill_pending,full daily history is not available locally,2026-08-15T16:05:10+09:00
0203R0,KR70203R0008,WON 중단기종합채권(A-이상)액티브,2026-06-02,KRX KIND 신규상장 공시,provisional,listing_prices_cache,cache_provenance_pending,,,49955,2026-08-14,50435,0,54,0,not_reviewed,existing_anchor_unreverified,calculated,backfill_pending,full daily history is not available locally,2026-08-15T16:05:10+09:00
0203S0,KR70203S0007,WON 삼성전자현대차채권혼합50,2026-06-02,KRX KIND 신규상장 공시,provisional,listing_prices_cache,cache_provenance_pending,,,10615,2026-08-14,9045,0,54,0,not_reviewed,existing_anchor_unreverified,calculated,backfill_pending,full daily history is not available locally,2026-08-15T16:05:10+09:00
0204D0,KR70204D0003,KODEX 현대차로보틱스밸류체인TOP3플러스,2026-06-09,KRX KIND 신규상장 공시,provisional,listing_prices_cache,cache_provenance_pending,,,8500,2026-08-14,7165,0,49,0,not_reviewed,existing_anchor_unreverified,calculated,backfill_pending,full daily history is not available locally,2026-08-15T16:05:10+09:00
0204S0,KR70204S0006,TIGER 코스닥액티브,2026-06-02,KRX KIND 신규상장 공시,provisional,listing_prices_cache,cache_provenance_pending,,,8880,2026-08-14,7085,0,54,0,not_reviewed,existing_anchor_unreverified,calculated,backfill_pending,full daily history is not available locally,2026-08-15T16:05:10+09:00
0206G0,KR70206G0008,1Q 현대차기아채권혼합50,2026-06-09,KRX KIND 신규상장 공시,provisional,listing_prices_cache,cache_provenance_pending,,,9650,2026-08-14,8675,0,49,0,not_reviewed,existing_anchor_unreverified,calculated,backfill_pending,full daily history is not available locally,2026-08-15T16:05:10+09:00
0207G0,KR70207G0007,SOL 우주항공밸류체인,2026-06-16,KRX KIND 신규상장 공시,provisional,listing_prices_cache,cache_provenance_pending,,,10275,2026-08-14,7495,0,44,0,not_reviewed,existing_anchor_unreverified,calculated,backfill_pending,full daily history is not available locally,2026-08-15T16:05:10+09:00
0207Z0,KR70207Z0004,KIWOOM 미국우주데이터센터인프라,2026-06-16,KRX KIND 신규상장 공시,provisional,listing_prices_cache,cache_provenance_pending,,,10245,2026-08-14,7645,0,44,0,not_reviewed,existing_anchor_unreverified,calculated,backfill_pending,full daily history is not available locally,2026-08-15T16:05:10+09:00
0208N0,KR70208N0007,IBK 코스피액티브,2026-06-23,KRX KIND 신규상장 공시,provisional,listing_prices_cache,cache_provenance_pending,,,9545,2026-08-14,7645,0,39,0,not_reviewed,existing_anchor_unreverified,calculated,backfill_pending,full daily history is not available locally,2026-08-15T16:05:10+09:00
0209D0,KR70209D0008,KODEX 전고체배터리ESS TOP2플러스,2026-06-23,KRX KIND 신규상장 공시,provisional,listing_prices_cache,cache_provenance_pending,,,8580,2026-08-14,8190,0,39,0,not_reviewed,existing_anchor_unreverified,calculated,backfill_pending,full daily history is not available locally,2026-08-15T16:05:10+09:00
0209Z0,KR70209Z0002,ACE 코리아AI전력TOP10,2026-06-23,KRX KIND 신규상장 공시,provisional,listing_prices_cache,cache_provenance_pending,,,8650,2026-08-14,7240,0,39,0,not_reviewed,existing_anchor_unreverified,calculated,backfill_pending,full daily history is not available locally,2026-08-15T16:05:10+09:00
0210A0,KR70210A0008,ACE K반도체TOP2+,2026-06-23,KRX KIND 신규상장 공시,provisional,listing_prices_cache,cache_provenance_pending,,,10100,2026-08-14,7390,0,39,0,not_reviewed,existing_anchor_unreverified,calculated,backfill_pending,full daily history is not available locally,2026-08-15T16:05:10+09:00
0210E0,KR70210E0004,PLUS 200커버드콜액티브,2026-06-23,KRX KIND 신규상장 공시,provisional,listing_prices_cache,cache_provenance_pending,,,9425,2026-08-14,7615,0,39,0,not_reviewed,existing_anchor_unreverified,calculated,backfill_pending,full daily history is not available locally,2026-08-15T16:05:10+09:00
0214M0,KR70214M0000,MIDAS 바이오헬스케어액티브,2026-07-28,KRX KIND 신규상장 공시,provisional,listing_prices_cache,cache_provenance_pending,,,10050,2026-08-14,11790,0,14,0,not_reviewed,existing_anchor_unreverified,calculated,backfill_pending,full daily history is not available locally,2026-08-15T16:05:10+09:00
0215T0,KR70215T0002,HANARO 미국AI광통신TOP10,2026-07-14,KRX KIND 신규상장 공시,provisional,listing_prices_cache,cache_provenance_pending,,,9525,2026-08-14,9700,0,24,0,not_reviewed,existing_anchor_unreverified,calculated,backfill_pending,full daily history is not available locally,2026-08-15T16:05:10+09:00
0216K0,KR70216K0000,KIWOOM 미국우주테크TOP2채권혼합50,2026-07-07,KRX KIND 신규상장 공시,provisional,listing_prices_cache,cache_provenance_pending,,,9890,2026-08-14,9070,0,29,0,not_reviewed,existing_anchor_unreverified,calculated,backfill_pending,full daily history is not available locally,2026-08-15T16:05:10+09:00
0216Z0,KR70216Z0003,ACE K방산TOP5+,2026-07-07,KRX KIND 신규상장 공시,provisional,listing_prices_cache,cache_provenance_pending,,,9770,2026-08-14,9760,0,29,0,not_reviewed,existing_anchor_unreverified,calculated,backfill_pending,full daily history is not available locally,2026-08-15T16:05:10+09:00
0218J0,KR70218J0001,RISE 미국우주&로봇TOP2미국채혼합50,2026-07-14,KRX KIND 신규상장 공시,provisional,listing_prices_cache,cache_provenance_pending,,,9695,2026-08-14,9145,0,24,0,not_reviewed,existing_anchor_unreverified,calculated,backfill_pending,full daily history is not available locally,2026-08-15T16:05:10+09:00
0218K0,KR70218K0008,BNK 스마트카,2026-07-21,KRX KIND 신규상장 공시,provisional,listing_prices_cache,cache_provenance_pending,,,9985,2026-08-14,11765,0,19,0,not_reviewed,existing_anchor_unreverified,calculated,backfill_pending,full daily history is not available locally,2026-08-15T16:05:10+09:00
0219B0,KR70219B0008,KoAct 광통신&위성네트워크액티브,2026-07-14,KRX KIND 신규상장 공시,provisional,listing_prices_cache,cache_provenance_pending,,,9805,2026-08-14,11545,0,24,0,not_reviewed,existing_anchor_unreverified,calculated,backfill_pending,full daily history is not available locally,2026-08-15T16:05:10+09:00
0219E0,KR70219E0005,KODEX 200커버드콜액티브,2026-07-14,KRX KIND 신규상장 공시,provisional,listing_prices_cache,cache_provenance_pending,,,8910,2026-08-14,8650,0,24,0,not_reviewed,existing_anchor_unreverified,calculated,backfill_pending,full daily history is not available locally,2026-08-15T16:05:10+09:00
0219Z0,KR70219Z0000,HANARO 미국S&P500액티브,2026-08-04,KRX KIND 신규상장 공시,provisional,listing_prices_cache,cache_provenance_pending,,,10450,2026-08-14,11015,0,9,0,not_reviewed,existing_anchor_unreverified,calculated,backfill_pending,full daily history is not available locally,2026-08-15T16:05:10+09:00
0220A0,KR70220A0006,KIWOOM 현대차그룹TOP3채권혼합50,2026-07-14,KRX KIND 신규상장 공시,provisional,listing_prices_cache,cache_provenance_pending,,,9590,2026-08-14,9995,0,24,0,not_reviewed,existing_anchor_unreverified,calculated,backfill_pending,full daily history is not available locally,2026-08-15T16:05:10+09:00
0220B0,KR70220B0005,DS 코스닥액티브,2026-07-14,KRX KIND 신규상장 공시,provisional,listing_prices_cache,cache_provenance_pending,,,11715,2026-08-14,10360,0,24,0,not_reviewed,existing_anchor_unreverified,calculated,backfill_pending,full daily history is not available locally,2026-08-15T16:05:10+09:00
0221V0,KR70221V0000,IBK 초단기채권액티브,2026-07-21,KRX KIND 신규상장 공시,provisional,listing_prices_cache,cache_provenance_pending,,,100030,2026-08-14,100285,0,19,0,not_reviewed,existing_anchor_unreverified,calculated,backfill_pending,full daily history is not available locally,2026-08-15T16:05:10+09:00
0221Z0,KR70221Z0006,ACE K바이오코스닥액티브,2026-07-21,KRX KIND 신규상장 공시,provisional,listing_prices_cache,cache_provenance_pending,,,9495,2026-08-14,11510,0,19,0,not_reviewed,existing_anchor_unreverified,calculated,backfill_pending,full daily history is not available locally,2026-08-15T16:05:10+09:00
0222D0,KR70222D0001,KoAct 고배당액티브,2026-07-28,KRX KIND 신규상장 공시,provisional,listing_prices_cache,cache_provenance_pending,,,9940,2026-08-14,10625,0,14,0,not_reviewed,existing_anchor_unreverified,calculated,backfill_pending,full daily history is not available locally,2026-08-15T16:05:10+09:00
0222F0,KR70222F0009,마이티 AI데이터센터밸류체인,2026-08-04,KRX KIND 신규상장 공시,provisional,listing_prices_cache,cache_provenance_pending,,,11735,2026-08-14,13215,0,9,0,not_reviewed,existing_anchor_unreverified,calculated,backfill_pending,full daily history is not available locally,2026-08-15T16:05:10+09:00
0223A0,KR70223A0003,RISE 코스닥커버드콜액티브,2026-07-28,KRX KIND 신규상장 공시,provisional,listing_prices_cache,cache_provenance_pending,,,8830,2026-08-14,11035,0,14,0,not_reviewed,existing_anchor_unreverified,calculated,backfill_pending,full daily history is not available locally,2026-08-15T16:05:10+09:00
0223R0,KR70223R0004,TIGER 미국테크NYSE100액티브,2026-07-21,KRX KIND 신규상장 공시,provisional,listing_prices_cache,cache_provenance_pending,,,10065,2026-08-14,9945,0,19,0,not_reviewed,existing_anchor_unreverified,calculated,backfill_pending,full daily history is not available locally,2026-08-15T16:05:10+09:00
0224D0,KR70224D0009,KIWOOM 미국CPU반도체TOP4+,2026-07-28,KRX KIND 신규상장 공시,provisional,listing_prices_cache,cache_provenance_pending,,,9610,2026-08-14,9970,0,14,0,not_reviewed,existing_anchor_unreverified,calculated,backfill_pending,full daily history is not available locally,2026-08-15T16:05:10+09:00
0224X0,KR70224X0005,1Q 엔비디아알파벳미국채혼합50,2026-07-28,KRX KIND 신규상장 공시,provisional,listing_prices_cache,cache_provenance_pending,,,9845,2026-08-14,10115,0,14,0,not_reviewed,existing_anchor_unreverified,calculated,backfill_pending,full daily history is not available locally,2026-08-15T16:05:10+09:00
0225V0,KR70225V0006,KODEX 미국CPU반도체TOP10,2026-08-04,KRX KIND 신규상장 공시,provisional,listing_prices_cache,cache_provenance_pending,,,10300,2026-08-14,11030,0,9,0,not_reviewed,existing_anchor_unreverified,calculated,backfill_pending,full daily history is not available locally,2026-08-15T16:05:10+09:00
0226A0,KR70226A0000,PLUS SK하이닉스샌디스크채권혼합50,2026-08-04,KRX KIND 신규상장 공시,provisional,listing_prices_cache,cache_provenance_pending,,,10195,2026-08-14,10730,0,9,0,not_reviewed,existing_anchor_unreverified,calculated,backfill_pending,full daily history is not available locally,2026-08-15T16:05:10+09:00
0226G0,KR70226G0004,WON 피지컬AI TOP2플러스액티브,2026-08-04,KRX KIND 신규상장 공시,provisional,listing_prices_cache,cache_provenance_pending,,,11705,2026-08-14,13345,0,9,0,not_reviewed,existing_anchor_unreverified,calculated,backfill_pending,full daily history is not available locally,2026-08-15T16:05:10+09:00
069500,KR7069500007,KODEX 200,2002-10-14,KRX KIND ETF 종목상세 검증,verified_official,listing_prices_cache,cache_provenance_pending,,,100700,2026-08-14,110060,0,6220,0,not_reviewed,existing_anchor_unreverified,calculated,backfill_pending,full daily history is not available locally,2026-08-15T16:05:10+09:00
069660,KR7069660009,KIWOOM 200,2002-10-14,KRX KIND ETF 종목상세 검증,verified_official,listing_prices_cache,cache_provenance_pending,,,100595,2026-08-14,110120,0,6220,0,not_reviewed,existing_anchor_unreverified,calculated,backfill_pending,full daily history is not available locally,2026-08-15T16:05:10+09:00
091160,KR7091160002,KODEX 반도체,2006-06-27,KRX KIND ETF 종목상세 검증,verified_official,listing_prices_cache,cache_provenance_pending,,,125600,2026-08-14,126250,0,5254,0,not_reviewed,existing_anchor_unreverified,calculated,backfill_pending,full daily history is not available locally,2026-08-15T16:05:10+09:00
091170,KR7091170001,KODEX 은행,2006-06-27,KRX KIND ETF 종목상세 검증,verified_official,listing_prices_cache,cache_provenance_pending,,,15890,2026-08-14,16170,0,5254,0,not_reviewed,existing_anchor_unreverified,calculated,backfill_pending,full daily history is not available locally,2026-08-15T16:05:10+09:00
091180,KR7091180000,KODEX 자동차,2006-06-27,KRX KIND ETF 종목상세 검증,verified_official,listing_prices_cache,cache_provenance_pending,,,33745,2026-08-14,31700,0,5254,0,not_reviewed,existing_anchor_unreverified,calculated,backfill_pending,full daily history is not available locally,2026-08-15T16:05:10+09:00
091220,KR7091220004,TIGER 은행,2006-06-27,KRX KIND ETF 종목상세 검증,verified_official,listing_prices_cache,cache_provenance_pending,,,16655,2026-08-14,16820,0,5254,0,not_reviewed,existing_anchor_unreverified,calculated,backfill_pending,full daily history is not available locally,2026-08-15T16:05:10+09:00
091230,KR7091230003,TIGER 반도체,2006-06-27,KRX KIND ETF 종목상세 검증,verified_official,listing_prices_cache,cache_provenance_pending,,,131870,2026-08-14,133790,0,5254,0,not_reviewed,existing_anchor_unreverified,calculated,backfill_pending,full daily history is not available locally,2026-08-15T16:05:10+09:00
099140,KR7099140006,KODEX 차이나H,2007-10-10,KRX KIND ETF 종목상세 검증,verified_official,listing_prices_cache,cache_provenance_pending,,,23225,2026-08-14,21645,0,4918,0,not_reviewed,existing_anchor_unreverified,calculated,backfill_pending,full daily history is not available locally,2026-08-15T16:05:10+09:00
100910,KR7100910009,KIWOOM KRX100,2008-01-23,KRX KIND ETF 종목상세 검증,verified_official,listing_prices_cache,cache_provenance_pending,,,15760,2026-08-14,17365,0,4843,0,not_reviewed,existing_anchor_unreverified,calculated,backfill_pending,full daily history is not available locally,2026-08-15T16:05:10+09:00
101280,KR7101280006,KODEX 일본TOPIX100,2008-02-20,KRX KIND ETF 종목상세 검증,verified_official,listing_prices_cache,cache_provenance_pending,,,29630,2026-08-14,31640,0,4823,0,not_reviewed,existing_anchor_unreverified,calculated,backfill_pending,full daily history is not available locally,2026-08-15T16:05:10+09:00
102110,KR7102110004,TIGER 200,2008-04-03,KRX KIND ETF 종목상세 검증,verified_official,listing_prices_cache,cache_provenance_pending,,,100750,2026-08-14,110375,0,4792,0,not_reviewed,existing_anchor_unreverified,calculated,backfill_pending,full daily history is not available locally,2026-08-15T16:05:10+09:00
102780,KR7102780004,KODEX 삼성그룹,2008-05-21,KRX KIND ETF 종목상세 검증,verified_official,listing_prices_cache,cache_provenance_pending,,,23060,2026-08-14,27150,0,4758,0,not_reviewed,existing_anchor_unreverified,calculated,backfill_pending,full daily history is not available locally,2026-08-15T16:05:10+09:00
102960,KR7102960002,KODEX 기계장비,2008-05-29,KRX KIND ETF 종목상세 검증,verified_official,listing_prices_cache,cache_provenance_pending,,,20500,2026-08-14,14200,0,4752,0,not_reviewed,existing_anchor_unreverified,calculated,backfill_pending,full daily history is not available locally,2026-08-15T16:05:10+09:00
102970,KR7102970001,KODEX 증권,2008-05-29,KRX KIND ETF 종목상세 검증,verified_official,listing_prices_cache,cache_provenance_pending,,,28810,2026-08-14,19590,0,4752,0,not_reviewed,existing_anchor_unreverified,calculated,backfill_pending,full daily history is not available locally,2026-08-15T16:05:10+09:00
104520,KR7104520002,KIWOOM 블루칩,2008-07-29,KRX KIND ETF 종목상세 검증,verified_official,listing_prices_cache,cache_provenance_pending,,,15775,2026-08-14,15250,0,4709,0,not_reviewed,existing_anchor_unreverified,calculated,backfill_pending,full daily history is not available locally,2026-08-15T16:05:10+09:00
104530,KR7104530001,KIWOOM 코리아고배당,2008-07-29,KRX KIND ETF 종목상세 검증,verified_official,listing_prices_cache,cache_provenance_pending,,,21050,2026-08-14,17975,0,4709,0,not_reviewed,existing_anchor_unreverified,calculated,backfill_pending,full daily history is not available locally,2026-08-15T16:05:10+09:00
105010,KR7105010003,TIGER 라틴35,2008-08-27,KRX KIND 신규상장 공시,provisional,listing_prices_cache,cache_provenance_pending,,,7200,2026-08-14,6160,0,4688,0,not_reviewed,existing_anchor_unreverified,calculated,backfill_pending,full daily history is not available locally,2026-08-15T16:05:10+09:00
105190,KR7105190003,ACE 200,2008-09-25,KRX KIND 신규상장 공시,provisional,listing_prices_cache,cache_provenance_pending,,,101380,2026-08-14,110305,0,4667,0,not_reviewed,existing_anchor_unreverified,calculated,backfill_pending,full daily history is not available locally,2026-08-15T16:05:10+09:00
105780,KR7105780001,RISE 5대그룹주,2008-10-22,KRX KIND 신규상장 공시,provisional,listing_prices_cache,cache_provenance_pending,,,15795,2026-08-14,17710,0,4648,0,not_reviewed,existing_anchor_unreverified,calculated,backfill_pending,full daily history is not available locally,2026-08-15T16:05:10+09:00
108450,KR7108450008,ACE 삼성그룹섹터가중,2009-02-03,KRX KIND 신규상장 공시,provisional,listing_prices_cache,cache_provenance_pending,,,37510,2026-08-14,41005,0,4574,0,not_reviewed,existing_anchor_unreverified,calculated,backfill_pending,full daily history is not available locally,2026-08-15T16:05:10+09:00
108590,KR7108590001,TREX 200,2009-01-23,KRX KIND 신규상장 공시,provisional,listing_prices_cache,cache_provenance_pending,,,100520,2026-08-14,109765,0,4581,0,not_reviewed,existing_anchor_unreverified,calculated,backfill_pending,full daily history is not available locally,2026-08-15T16:05:10+09:00
114100,KR7114100001,RISE 국고채3년,2009-07-29,KRX KIND 신규상장 공시,provisional,listing_prices_cache,cache_provenance_pending,,,107150,2026-08-14,106670,0,4448,0,not_reviewed,existing_anchor_unreverified,calculated,backfill_pending,full daily history is not available locally,2026-08-15T16:05:10+09:00
114260,KR7114260003,KODEX 국고채3년,2009-07-29,KRX KIND 신규상장 공시,provisional,listing_prices_cache,cache_provenance_pending,,,61510,2026-08-14,61815,0,4448,0,not_reviewed,existing_anchor_unreverified,calculated,backfill_pending,full daily history is not available locally,2026-08-15T16:05:10+09:00
114460,KR7114460009,ACE 국고채3년,2009-07-31,KRX KIND 신규상장 공시,provisional,listing_prices_cache,cache_provenance_pending,,,101185,2026-08-14,100730,0,4446,0,not_reviewed,existing_anchor_unreverified,calculated,backfill_pending,full daily history is not available locally,2026-08-15T16:05:10+09:00
114470,KR7114470008,KIWOOM 국고채3년,2009-07-31,KRX KIND 신규상장 공시,provisional,listing_prices_cache,cache_provenance_pending,,,108430,2026-08-14,108060,0,4446,0,not_reviewed,existing_anchor_unreverified,calculated,backfill_pending,full daily history is not available locally,2026-08-15T16:05:10+09:00
114800,KR7114800006,KODEX 인버스,2009-09-16,KRX KIND 신규상장 공시,provisional,listing_prices_cache,cache_provenance_pending,,,1344,2026-08-14,1011,0,4413,0,not_reviewed,existing_anchor_unreverified,calculated,backfill_pending,full daily history is not available locally,2026-08-15T16:05:10+09:00
114820,KR7114820004,TIGER 국채3년,2009-08-27,KRX KIND 신규상장 공시,provisional,listing_prices_cache,cache_provenance_pending,,,104690,2026-08-14,105110,0,4427,0,not_reviewed,existing_anchor_unreverified,calculated,backfill_pending,full daily history is not available locally,2026-08-15T16:05:10+09:00
117460,KR7117460006,KODEX 에너지화학,2009-10-12,KRX KIND 신규상장 공시,provisional,listing_prices_cache,cache_provenance_pending,,,18320,2026-08-14,14295,0,4395,0,not_reviewed,existing_anchor_unreverified,calculated,backfill_pending,full daily history is not available locally,2026-08-15T16:05:10+09:00
117680,KR7117680009,KODEX 철강,2009-10-30,KRX KIND 신규상장 공시,provisional,listing_prices_cache,cache_provenance_pending,,,18025,2026-08-14,12365,0,4381,0,not_reviewed,existing_anchor_unreverified,calculated,backfill_pending,full daily history is not available locally,2026-08-15T16:05:10+09:00
117690,KR7117690008,TIGER 차이나항셍30,2009-10-21,KRX KIND 신규상장 공시,provisional,listing_prices_cache,cache_provenance_pending,,,21420,2026-08-14,19970,0,4388,0,not_reviewed,existing_anchor_unreverified,calculated,backfill_pending,full daily history is not available locally,2026-08-15T16:05:10+09:00
117700,KR7117700005,KODEX 건설,2009-10-30,KRX KIND 신규상장 공시,provisional,listing_prices_cache,cache_provenance_pending,,,9695,2026-08-14,6830,0,4381,0,not_reviewed,existing_anchor_unreverified,calculated,backfill_pending,full daily history is not available locally,2026-08-15T16:05:10+09:00
122090,KR7122090004,PLUS 코스피50,2010-01-07,KRX KIND 신규상장 공시,provisional,listing_prices_cache,cache_provenance_pending,,,73110,2026-08-14,82365,0,4332,0,not_reviewed,existing_anchor_unreverified,calculated,backfill_pending,full daily history is not available locally,2026-08-15T16:05:10+09:00
122260,KR7122260003,KIWOOM 통안채1년,2010-01-14,KRX KIND 신규상장 공시,provisional,listing_prices_cache,cache_provenance_pending,,,103375,2026-08-14,104100,0,4327,0,not_reviewed,existing_anchor_unreverified,calculated,backfill_pending,full daily history is not available locally,2026-08-15T16:05:10+09:00
122630,KR7122630007,KODEX 레버리지,2010-02-22,KRX KIND 신규상장 공시,provisional,listing_prices_cache,cache_provenance_pending,,,116325,2026-08-14,113525,0,4300,0,not_reviewed,existing_anchor_unreverified,calculated,backfill_pending,full daily history is not available locally,2026-08-15T16:05:10+09:00
123310,KR7123310005,TIGER 인버스,2010-03-29,KRX KIND 신규상장 공시,provisional,listing_prices_cache,cache_provenance_pending,,,1507,2026-08-14,1125,0,4275,0,not_reviewed,existing_anchor_unreverified,calculated,backfill_pending,full daily history is not available locally,2026-08-15T16:05:10+09:00
123320,KR7123320004,TIGER 레버리지,2010-04-09,KRX KIND 신규상장 공시,provisional,listing_prices_cache,cache_provenance_pending,,,116200,2026-08-14,114535,0,4266,0,not_reviewed,existing_anchor_unreverified,calculated,backfill_pending,full daily history is not available locally,2026-08-15T16:05:10+09:00
130680,KR7130680002,TIGER 원유선물Enhanced(H),2010-08-02,KRX KIND 신규상장 공시,provisional,listing_prices_cache,cache_provenance_pending,,,7340,2026-08-14,6755,0,4185,0,not_reviewed,existing_anchor_unreverified,calculated,backfill_pending,full daily history is not available locally,2026-08-15T16:05:10+09:00
130730,KR7130730005,KIWOOM 단기자금,2010-07-29,KRX KIND 신규상장 공시,provisional,listing_prices_cache,cache_provenance_pending,,,102130,2026-08-14,102940,0,4187,0,not_reviewed,existing_anchor_unreverified,calculated,backfill_pending,full daily history is not available locally,2026-08-15T16:05:10+09:00
131890,KR7131890006,ACE 삼성그룹동일가중,2010-09-17,KRX KIND 신규상장 공시,provisional,listing_prices_cache,cache_provenance_pending,,,39440,2026-08-14,41820,0,4151,0,not_reviewed,existing_anchor_unreverified,calculated,backfill_pending,full daily history is not available locally,2026-08-15T16:05:10+09:00
132030,KR7132030008,KODEX 골드선물(H),2010-10-01,KRX KIND 신규상장 공시,provisional,listing_prices_cache,cache_provenance_pending,,,26295,2026-08-14,24335,0,4141,0,not_reviewed,existing_anchor_unreverified,calculated,backfill_pending,full daily history is not available locally,2026-08-15T16:05:10+09:00
133690,KR7133690008,TIGER 미국나스닥100,2010-10-18,KRX KIND 신규상장 공시,provisional,listing_prices_cache,cache_provenance_pending,,,177940,2026-08-14,188575,0,4130,0,not_reviewed,existing_anchor_unreverified,calculated,backfill_pending,full daily history is not available locally,2026-08-15T16:05:10+09:00
136340,KR7136340007,RISE 중기우량회사채,2011-04-15,KRX KIND 신규상장 공시,provisional,listing_prices_cache,cache_provenance_pending,,,104685,2026-08-14,104300,0,4001,0,not_reviewed,existing_anchor_unreverified,calculated,backfill_pending,full daily history is not available locally,2026-08-15T16:05:10+09:00
137610,KR7137610002,TIGER 농산물선물Enhanced(H),2011-01-11,KRX KIND 신규상장 공시,provisional,listing_prices_cache,cache_provenance_pending,,,5410,2026-08-14,5415,0,4069,0,not_reviewed,existing_anchor_unreverified,calculated,backfill_pending,full daily history is not available locally,2026-08-15T16:05:10+09:00
138230,KR7138230008,KIWOOM 미국달러선물,2011-02-24,KRX KIND 신규상장 공시,provisional,listing_prices_cache,cache_provenance_pending,,,17085,2026-08-14,16540,0,4037,0,not_reviewed,existing_anchor_unreverified,calculated,backfill_pending,full daily history is not available locally,2026-08-15T16:05:10+09:00
138520,KR7138520002,TIGER 삼성그룹,2011-03-07,KRX KIND 신규상장 공시,provisional,listing_prices_cache,cache_provenance_pending,,,31950,2026-08-14,37400,0,4030,0,not_reviewed,existing_anchor_unreverified,calculated,backfill_pending,full daily history is not available locally,2026-08-15T16:05:10+09:00
138530,KR7138530001,TIGER LG그룹플러스,2011-03-10,KRX KIND 신규상장 공시,provisional,listing_prices_cache,cache_provenance_pending,,,12070,2026-08-14,12900,0,4027,0,not_reviewed,existing_anchor_unreverified,calculated,backfill_pending,full daily history is not available locally,2026-08-15T16:05:10+09:00
138540,KR7138540000,TIGER 현대차그룹플러스,2011-03-10,KRX KIND 신규상장 공시,provisional,listing_prices_cache,cache_provenance_pending,,,64650,2026-08-14,55595,0,4027,0,not_reviewed,existing_anchor_unreverified,calculated,backfill_pending,full daily history is not available locally,2026-08-15T16:05:10+09:00
138910,KR7138910005,KODEX 구리선물(H),2011-03-15,KRX KIND 신규상장 공시,provisional,listing_prices_cache,cache_provenance_pending,,,9375,2026-08-14,10085,0,4024,0,not_reviewed,existing_anchor_unreverified,calculated,backfill_pending,full daily history is not available locally,2026-08-15T16:05:10+09:00
138920,KR7138920004,KODEX 콩선물(H),2011-03-15,KRX KIND 신규상장 공시,provisional,listing_prices_cache,cache_provenance_pending,,,11970,2026-08-14,11800,0,4024,0,not_reviewed,existing_anchor_unreverified,calculated,backfill_pending,full daily history is not available locally,2026-08-15T16:05:10+09:00
139220,KR7139220008,TIGER 200 건설,2011-04-06,KRX KIND 신규상장 공시,provisional,listing_prices_cache,cache_provenance_pending,,,10405,2026-08-14,7700,0,4008,0,not_reviewed,existing_anchor_unreverified,calculated,backfill_pending,full daily history is not available locally,2026-08-15T16:05:10+09:00
139230,KR7139230007,TIGER 200 중공업,2011-04-06,KRX KIND 신규상장 공시,provisional,listing_prices_cache,cache_provenance_pending,,,20100,2026-08-14,13820,0,4008,0,not_reviewed,existing_anchor_unreverified,calculated,backfill_pending,full daily history is not available locally,2026-08-15T16:05:10+09:00
139240,KR7139240006,TIGER 200 철강소재,2011-04-06,KRX KIND 신규상장 공시,provisional,listing_prices_cache,cache_provenance_pending,,,16000,2026-08-14,11050,0,4008,0,not_reviewed,existing_anchor_unreverified,calculated,backfill_pending,full daily history is not available locally,2026-08-15T16:05:10+09:00
139250,KR7139250005,TIGER 200 에너지화학,2011-04-06,KRX KIND 신규상장 공시,provisional,listing_prices_cache,cache_provenance_pending,,,20135,2026-08-14,18230,0,4008,0,not_reviewed,existing_anchor_unreverified,calculated,backfill_pending,full daily history is not available locally,2026-08-15T16:05:10+09:00
139260,KR7139260004,TIGER 200 IT,2011-04-06,KRX KIND 신규상장 공시,provisional,listing_prices_cache,cache_provenance_pending,,,114280,2026-08-14,141665,0,4008,0,not_reviewed,existing_anchor_unreverified,calculated,backfill_pending,full daily history is not available locally,2026-08-15T16:05:10+09:00
139270,KR7139270003,TIGER 200 금융,2011-04-06,KRX KIND 신규상장 공시,provisional,listing_prices_cache,cache_provenance_pending,,,17150,2026-08-14,16875,0,4008,0,not_reviewed,existing_anchor_unreverified,calculated,backfill_pending,full daily history is not available locally,2026-08-15T16:05:10+09:00
139280,KR7139280002,TIGER 경기방어,2011-04-06,KRX KIND 신규상장 공시,provisional,listing_prices_cache,cache_provenance_pending,,,13930,2026-08-14,13045,0,4008,0,not_reviewed,existing_anchor_unreverified,calculated,backfill_pending,full daily history is not available locally,2026-08-15T16:05:10+09:00
139290,KR7139290001,TIGER 200 경기소비재,2011-04-06,KRX KIND 신규상장 공시,provisional,listing_prices_cache,cache_provenance_pending,,,28595,2026-08-14,27970,0,4008,0,not_reviewed,existing_anchor_unreverified,calculated,backfill_pending,full daily history is not available locally,2026-08-15T16:05:10+09:00
139320,KR7139320006,TIGER 금은선물(H),2011-04-08,KRX KIND 신규상장 공시,provisional,listing_prices_cache,cache_provenance_pending,,,19820,2026-08-14,18115,0,4006,0,not_reviewed,existing_anchor_unreverified,calculated,backfill_pending,full daily history is not available locally,2026-08-15T16:05:10+09:00
139660,KR7139660005,KIWOOM 미국달러선물인버스,2011-04-01,KRX KIND 신규상장 공시,provisional,listing_prices_cache,cache_provenance_pending,,,7870,2026-08-14,8200,0,4011,0,not_reviewed,existing_anchor_unreverified,calculated,backfill_pending,full daily history is not available locally,2026-08-15T16:05:10+09:00
140570,KR7140570003,RISE 수출주,2011-04-15,KRX KIND 신규상장 공시,provisional,listing_prices_cache,cache_provenance_pending,,,28620,2026-08-14,26640,0,4001,0,not_reviewed,existing_anchor_unreverified,calculated,backfill_pending,full daily history is not available locally,2026-08-15T16:05:10+09:00
140580,KR7140580002,RISE 우량업종대표주,2011-04-15,KRX KIND 신규상장 공시,provisional,listing_prices_cache,cache_provenance_pending,,,26610,2026-08-14,25225,0,4001,0,not_reviewed,existing_anchor_unreverified,calculated,backfill_pending,full daily history is not available locally,2026-08-15T16:05:10+09:00
140700,KR7140700006,KODEX 보험,2011-04-26,KRX KIND 신규상장 공시,provisional,listing_prices_cache,cache_provenance_pending,,,16400,2026-08-14,20340,0,3994,0,not_reviewed,existing_anchor_unreverified,calculated,backfill_pending,full daily history is not available locally,2026-08-15T16:05:10+09:00
140710,KR7140710005,KODEX 운송,2011-04-26,KRX KIND 신규상장 공시,provisional,listing_prices_cache,cache_provenance_pending,,,6885,2026-08-14,6475,0,3994,0,not_reviewed,existing_anchor_unreverified,calculated,backfill_pending,full daily history is not available locally,2026-08-15T16:05:10+09:00
140950,KR7140950007,파워 코스피100,2011-05-03,KRX KIND 신규상장 공시,provisional,listing_prices_cache,cache_provenance_pending,,,78270,2026-08-14,86445,0,3989,0,not_reviewed,existing_anchor_unreverified,calculated,backfill_pending,full daily history is not available locally,2026-08-15T16:05:10+09:00
143850,KR7143850006,TIGER 미국S&P500선물(H),2011-07-18,KRX KIND 신규상장 공시,provisional,listing_prices_cache,cache_provenance_pending,,,73010,2026-08-14,78680,0,3935,0,not_reviewed,existing_anchor_unreverified,calculated,backfill_pending,full daily history is not available locally,2026-08-15T16:05:10+09:00
143860,KR7143860005,TIGER 헬스케어,2011-07-18,KRX KIND 신규상장 공시,provisional,listing_prices_cache,cache_provenance_pending,,,48475,2026-08-14,40540,0,3935,0,not_reviewed,existing_anchor_unreverified,calculated,backfill_pending,full daily history is not available locally,2026-08-15T16:05:10+09:00
144600,KR7144600004,KODEX 은선물(H),2011-07-18,KRX KIND 신규상장 공시,provisional,listing_prices_cache,cache_provenance_pending,,,12085,2026-08-14,10480,0,3935,0,not_reviewed,existing_anchor_unreverified,calculated,backfill_pending,full daily history is not available locally,2026-08-15T16:05:10+09:00
145670,KR7145670006,ACE 인버스,2011-09-08,KRX KIND 신규상장 공시,provisional,listing_prices_cache,cache_provenance_pending,,,1693,2026-08-14,1285,0,3897,0,not_reviewed,existing_anchor_unreverified,calculated,backfill_pending,full daily history is not available locally,2026-08-15T16:05:10+09:00
145850,KR7145850004,TREX 펀더멘탈 200,2011-09-23,KRX KIND 신규상장 공시,provisional,listing_prices_cache,cache_provenance_pending,,,105980,2026-08-14,121030,0,3886,0,not_reviewed,existing_anchor_unreverified,calculated,backfill_pending,full daily history is not available locally,2026-08-15T16:05:10+09:00
147970,KR7147970008,TIGER 모멘텀,2011-10-26,KRX KIND 신규상장 공시,provisional,listing_prices_cache,cache_provenance_pending,,,89220,2026-08-14,83000,0,3863,0,not_reviewed,existing_anchor_unreverified,calculated,backfill_pending,full daily history is not available locally,2026-08-15T16:05:10+09:00
148020,KR7148020001,RISE 200,2011-10-20,KRX KIND 신규상장 공시,provisional,listing_prices_cache,cache_provenance_pending,,,101690,2026-08-14,110885,0,3867,0,not_reviewed,existing_anchor_unreverified,calculated,backfill_pending,full daily history is not available locally,2026-08-15T16:05:10+09:00
148070,KR7148070006,KIWOOM 국고채10년,2011-10-20,KRX KIND 신규상장 공시,provisional,listing_prices_cache,cache_provenance_pending,,,106745,2026-08-14,104715,0,3867,0,not_reviewed,existing_anchor_unreverified,calculated,backfill_pending,full daily history is not available locally,2026-08-15T16:05:10+09:00
150460,KR7150460004,TIGER 중국소비테마,2011-12-16,KRX KIND 신규상장 공시,provisional,listing_prices_cache,cache_provenance_pending,,,8260,2026-08-14,7725,0,3826,0,not_reviewed,existing_anchor_unreverified,calculated,backfill_pending,full daily history is not available locally,2026-08-15T16:05:10+09:00
152100,KR7152100004,PLUS 200,2012-01-10,KRX KIND 신규상장 공시,provisional,listing_prices_cache,cache_provenance_pending,,,102345,2026-08-14,111750,0,3809,0,not_reviewed,existing_anchor_unreverified,calculated,backfill_pending,full daily history is not available locally,2026-08-15T16:05:10+09:00
152380,KR7152380002,KODEX 국채선물10년,2012-01-20,KRX KIND 신규상장 공시,provisional,listing_prices_cache,cache_provenance_pending,,,66250,2026-08-14,64930,0,3801,0,not_reviewed,existing_anchor_unreverified,calculated,backfill_pending,full daily history is not available locally,2026-08-15T16:05:10+09:00
152500,KR7152500005,ACE 레버리지,2012-01-27,KRX KIND 신규상장 공시,provisional,listing_prices_cache,cache_provenance_pending,,,47550,2026-08-14,46480,0,3796,0,not_reviewed,existing_anchor_unreverified,calculated,backfill_pending,full daily history is not available locally,2026-08-15T16:05:10+09:00
152870,KR7152870002,파워 200,2012-02-13,KRX KIND 신규상장 공시,provisional,listing_prices_cache,cache_provenance_pending,,,102000,2026-08-14,111165,0,3785,0,not_reviewed,existing_anchor_unreverified,calculated,backfill_pending,full daily history is not available locally,2026-08-15T16:05:10+09:00
153130,KR7153130000,KODEX 단기채권,2012-02-22,KRX KIND 신규상장 공시,provisional,listing_prices_cache,cache_provenance_pending,,,113315,2026-08-14,113185,0,3778,0,not_reviewed,existing_anchor_unreverified,calculated,backfill_pending,full daily history is not available locally,2026-08-15T16:05:10+09:00
153270,KR7153270004,KIWOOM 코스피100,2012-02-28,KRX KIND 신규상장 공시,provisional,listing_prices_cache,cache_provenance_pending,,,76770,2026-08-14,84845,0,3774,0,not_reviewed,existing_anchor_unreverified,calculated,backfill_pending,full daily history is not available locally,2026-08-15T16:05:10+09:00
156080,KR7156080004,KODEX MSCI Korea,2012-04-30,KRX KIND 신규상장 공시,provisional,listing_prices_cache,cache_provenance_pending,,,47300,2026-08-14,52440,0,3730,0,not_reviewed,existing_anchor_unreverified,calculated,backfill_pending,full daily history is not available locally,2026-08-15T16:05:10+09:00
157450,KR7157450008,TIGER 단기통안채,2012-05-16,KRX KIND 신규상장 공시,provisional,listing_prices_cache,cache_provenance_pending,,,111600,2026-08-14,112425,0,3718,0,not_reviewed,existing_anchor_unreverified,calculated,backfill_pending,full daily history is not available locally,2026-08-15T16:05:10+09:00
157490,KR7157490004,TIGER 소프트웨어,2012-05-16,KRX KIND 신규상장 공시,provisional,listing_prices_cache,cache_provenance_pending,,,9550,2026-08-14,9015,0,3718,0,not_reviewed,existing_anchor_unreverified,calculated,backfill_pending,full daily history is not available locally,2026-08-15T16:05:10+09:00
157500,KR7157500000,TIGER 증권,2012-05-16,KRX KIND 신규상장 공시,provisional,listing_prices_cache,cache_provenance_pending,,,19635,2026-08-14,13340,0,3718,0,not_reviewed,existing_anchor_unreverified,calculated,backfill_pending,full daily history is not available locally,2026-08-15T16:05:10+09:00
159800,KR7159800002,마이티 코스피100,2012-07-05,KRX KIND 신규상장 공시,provisional,listing_prices_cache,cache_provenance_pending,,,79150,2026-08-14,87185,0,3682,0,not_reviewed,existing_anchor_unreverified,calculated,backfill_pending,full daily history is not available locally,2026-08-15T16:05:10+09:00
160580,KR7160580007,TIGER 구리실물,2012-12-17,KRX KIND 신규상장 공시,provisional,listing_prices_cache,cache_provenance_pending,,,15875,2026-08-14,16625,0,3565,0,not_reviewed,existing_anchor_unreverified,calculated,backfill_pending,full daily history is not available locally,2026-08-15T16:05:10+09:00
161510,KR7161510003,PLUS 고배당주,2012-08-29,KRX KIND 신규상장 공시,provisional,listing_prices_cache,cache_provenance_pending,,,27685,2026-08-14,25575,0,3643,0,not_reviewed,existing_anchor_unreverified,calculated,backfill_pending,full daily history is not available locally,2026-08-15T16:05:10+09:00
166400,KR7166400002,TIGER 200커버드콜OTM,2012-10-25,KRX KIND 신규상장 공시,provisional,listing_prices_cache,cache_provenance_pending,,,22690,2026-08-14,23525,0,3602,0,not_reviewed,existing_anchor_unreverified,calculated,backfill_pending,full daily history is not available locally,2026-08-15T16:05:10+09:00
167860,KR7167860006,KIWOOM 국고채10년레버리지,2012-10-30,KRX KIND 신규상장 공시,provisional,listing_prices_cache,cache_provenance_pending,,,96810,2026-08-14,92325,0,3599,0,not_reviewed,existing_anchor_unreverified,calculated,backfill_pending,full daily history is not available locally,2026-08-15T16:05:10+09:00
168580,KR7168580009,ACE 중국본토CSI300,2012-11-29,KRX KIND 신규상장 공시,provisional,listing_prices_cache,cache_provenance_pending,,,37140,2026-08-14,35615,0,3577,0,not_reviewed,existing_anchor_unreverified,calculated,backfill_pending,full daily history is not available locally,2026-08-15T16:05:10+09:00
169950,KR7169950003,KODEX 차이나A50,2013-01-21,KRX KIND ETF 종목상세 검증,verified_official,listing_prices_cache,cache_provenance_pending,,,27830,2026-08-14,26490,0,3540,0,not_reviewed,existing_anchor_unreverified,calculated,backfill_pending,full daily history is not available locally,2026-08-15T16:05:10+09:00
174350,KR7174350009,TIGER 로우볼,2013-06-20,KRX KIND ETF 종목상세 검증,verified_official,listing_prices_cache,cache_provenance_pending,,,21465,2026-08-14,21305,0,3432,0,not_reviewed,existing_anchor_unreverified,calculated,backfill_pending,full daily history is not available locally,2026-08-15T16:05:10+09:00
174360,KR7174360008,RISE 중국본토대형주CSI100,2013-06-04,KRX KIND 신규상장 공시,provisional,listing_prices_cache,cache_provenance_pending,,,25350,2026-08-14,24325,0,3444,0,not_reviewed,existing_anchor_unreverified,calculated,backfill_pending,full daily history is not available locally,2026-08-15T16:05:10+09:00
176950,KR7176950004,KODEX 국채선물10년인버스,2013-05-31,KRX KIND 신규상장 공시,provisional,listing_prices_cache,cache_provenance_pending,,,58405,2026-08-14,60270,0,3446,0,not_reviewed,existing_anchor_unreverified,calculated,backfill_pending,full daily history is not available locally,2026-08-15T16:05:10+09:00
181480,KR7181480005,ACE 미국부동산리츠(합성 H),2013-08-01,KRX KIND 신규상장 공시,provisional,listing_prices_cache,cache_provenance_pending,,,84455,2026-08-14,85785,0,3402,0,not_reviewed,existing_anchor_unreverified,calculated,backfill_pending,full daily history is not available locally,2026-08-15T16:05:10+09:00
182480,KR7182480004,TIGER 미국MSCI리츠(합성 H),2013-10-10,KRX KIND 신규상장 공시,provisional,listing_prices_cache,cache_provenance_pending,,,13500,2026-08-14,14000,0,3352,0,not_reviewed,existing_anchor_unreverified,calculated,backfill_pending,full daily history is not available locally,2026-08-15T16:05:10+09:00
182490,KR7182490003,TIGER 단기선진하이일드(합성 H),2014-03-24,KRX KIND 신규상장 공시,provisional,listing_prices_cache,cache_provenance_pending,,,13840,2026-08-14,13855,0,3235,0,not_reviewed,existing_anchor_unreverified,calculated,backfill_pending,full daily history is not available locally,2026-08-15T16:05:10+09:00
183700,KR7183700004,RISE 200채권혼합50,2013-10-17,KRX KIND 신규상장 공시,provisional,listing_prices_cache,cache_provenance_pending,,,92510,2026-08-14,96125,0,3347,0,not_reviewed,existing_anchor_unreverified,calculated,backfill_pending,full daily history is not available locally,2026-08-15T16:05:10+09:00
183710,KR7183710003,RISE 주식혼합,2013-10-17,KRX KIND 신규상장 공시,provisional,listing_prices_cache,cache_provenance_pending,,,87290,2026-08-14,94150,0,3347,0,not_reviewed,existing_anchor_unreverified,calculated,backfill_pending,full daily history is not available locally,2026-08-15T16:05:10+09:00
185680,KR7185680006,KODEX 미국S&P바이오(합성),2013-10-31,KRX KIND 신규상장 공시,provisional,listing_prices_cache,cache_provenance_pending,,,41745,2026-08-14,47355,0,3337,0,not_reviewed,existing_anchor_unreverified,calculated,backfill_pending,full daily history is not available locally,2026-08-15T16:05:10+09:00
189400,KR7189400005,PLUS 글로벌MSCI(합성 H),2013-12-10,KRX KIND 신규상장 공시,provisional,listing_prices_cache,cache_provenance_pending,,,24470,2026-08-14,26250,0,3309,0,not_reviewed,existing_anchor_unreverified,calculated,backfill_pending,full daily history is not available locally,2026-08-15T16:05:10+09:00
190620,KR7190620005,ACE 단기통안채,2013-12-23,KRX KIND 신규상장 공시,provisional,listing_prices_cache,cache_provenance_pending,,,101130,2026-08-14,101885,0,3300,0,not_reviewed,existing_anchor_unreverified,calculated,backfill_pending,full daily history is not available locally,2026-08-15T16:05:10+09:00
192090,KR7192090009,TIGER 차이나CSI300,2014-02-17,KRX KIND 신규상장 공시,provisional,listing_prices_cache,cache_provenance_pending,,,13480,2026-08-14,12955,0,3260,0,not_reviewed,existing_anchor_unreverified,calculated,backfill_pending,full daily history is not available locally,2026-08-15T16:05:10+09:00
192720,KR7192720001,파워 고배당저변동성,2014-02-20,KRX KIND 신규상장 공시,provisional,listing_prices_cache,cache_provenance_pending,,,61665,2026-08-14,59460,0,3257,0,not_reviewed,existing_anchor_unreverified,calculated,backfill_pending,full daily history is not available locally,2026-08-15T16:05:10+09:00
195920,KR7195920004,TIGER 일본TOPIX(합성 H),2014-04-30,KRX KIND 신규상장 공시,provisional,listing_prices_cache,cache_provenance_pending,,,32285,2026-08-14,36230,0,3208,0,not_reviewed,existing_anchor_unreverified,calculated,backfill_pending,full daily history is not available locally,2026-08-15T16:05:10+09:00
195930,KR7195930003,TIGER 유로스탁스50(합성 H),2014-04-30,KRX KIND 신규상장 공시,provisional,listing_prices_cache,cache_provenance_pending,,,21235,2026-08-14,24195,0,3208,0,not_reviewed,existing_anchor_unreverified,calculated,backfill_pending,full daily history is not available locally,2026-08-15T16:05:10+09:00
195970,KR7195970009,PLUS 선진국MSCI(합성 H),2014-05-13,KRX KIND 신규상장 공시,provisional,listing_prices_cache,cache_provenance_pending,,,15450,2026-08-14,16785,0,3199,0,not_reviewed,existing_anchor_unreverified,calculated,backfill_pending,full daily history is not available locally,2026-08-15T16:05:10+09:00
195980,KR7195980008,PLUS 신흥국MSCI(합성 H),2014-05-13,KRX KIND 신규상장 공시,provisional,listing_prices_cache,cache_provenance_pending,,,14330,2026-08-14,15185,0,3199,0,not_reviewed,existing_anchor_unreverified,calculated,backfill_pending,full daily history is not available locally,2026-08-15T16:05:10+09:00
196030,KR7196030001,ACE 일본TOPIX레버리지(H),2014-06-16,KRX KIND 신규상장 공시,provisional,listing_prices_cache,cache_provenance_pending,,,76930,2026-08-14,94230,0,3175,0,not_reviewed,existing_anchor_unreverified,calculated,backfill_pending,full daily history is not available locally,2026-08-15T16:05:10+09:00
196230,KR7196230007,RISE 단기통안채,2014-05-19,KRX KIND 신규상장 공시,provisional,listing_prices_cache,cache_provenance_pending,,,115990,2026-08-14,116835,0,3195,0,not_reviewed,existing_anchor_unreverified,calculated,backfill_pending,full daily history is not available locally,2026-08-15T16:05:10+09:00
200030,KR7200030005,KODEX 미국S&P500산업재(합성),2014-06-12,KRX KIND 신규상장 공시,provisional,listing_prices_cache,cache_provenance_pending,,,43815,2026-08-14,45305,0,3177,0,not_reviewed,existing_anchor_unreverified,calculated,backfill_pending,full daily history is not available locally,2026-08-15T16:05:10+09:00
200250,KR7200250009,KIWOOM 인도Nifty50(합성),2014-06-26,KRX KIND ETF 종목상세 검증,verified_official,listing_prices_cache,cache_provenance_pending,,,23190,2026-08-14,22245,0,3167,0,not_reviewed,existing_anchor_unreverified,calculated,backfill_pending,full daily history is not available locally,2026-08-15T16:05:10+09:00
203780,KR7203780002,TIGER 미국나스닥바이오,2014-08-27,KRX KIND 신규상장 공시,provisional,listing_prices_cache,cache_provenance_pending,,,31345,2026-08-14,34995,0,3123,0,not_reviewed,existing_anchor_unreverified,calculated,backfill_pending,full daily history is not available locally,2026-08-15T16:05:10+09:00
204450,KR7204450001,KODEX 차이나H레버리지(H),2014-09-12,KRX KIND 신규상장 공시,provisional,listing_prices_cache,cache_provenance_pending,,,2520,2026-08-14,2285,0,3111,0,not_reviewed,existing_anchor_unreverified,calculated,backfill_pending,full daily history is not available locally,2026-08-15T16:05:10+09:00
204480,KR7204480008,TIGER 차이나CSI300레버리지(합성),2014-09-01,KRX KIND ETF 종목상세 검증,verified_official,listing_prices_cache,cache_provenance_pending,,,30125,2026-08-14,26695,0,3120,0,not_reviewed,existing_anchor_unreverified,calculated,backfill_pending,full daily history is not available locally,2026-08-15T16:05:10+09:00
205720,KR7205720006,ACE 일본TOPIX인버스(합성 H),2014-09-29,KRX KIND 신규상장 공시,provisional,listing_prices_cache,cache_provenance_pending,,,1604,2026-08-14,1423,0,3100,0,not_reviewed,existing_anchor_unreverified,calculated,backfill_pending,full daily history is not available locally,2026-08-15T16:05:10+09:00
210780,KR7210780003,TIGER 코스피고배당,2014-12-05,KRX KIND 신규상장 공시,provisional,listing_prices_cache,cache_provenance_pending,,,26870,2026-08-14,23565,0,3051,0,not_reviewed,existing_anchor_unreverified,calculated,backfill_pending,full daily history is not available locally,2026-08-15T16:05:10+09:00
211560,KR7211560008,TIGER 배당성장,2014-12-17,KRX KIND 신규상장 공시,provisional,listing_prices_cache,cache_provenance_pending,,,39290,2026-08-14,36210,0,3043,0,not_reviewed,existing_anchor_unreverified,calculated,backfill_pending,full daily history is not available locally,2026-08-15T16:05:10+09:00
211900,KR7211900006,KODEX 코리아배당성장,2014-12-17,KRX KIND 신규상장 공시,provisional,listing_prices_cache,cache_provenance_pending,,,31400,2026-08-14,28760,0,3043,0,not_reviewed,existing_anchor_unreverified,calculated,backfill_pending,full daily history is not available locally,2026-08-15T16:05:10+09:00
213610,KR7213610009,KODEX 삼성그룹밸류,2015-01-08,KRX KIND 신규상장 공시,provisional,listing_prices_cache,cache_provenance_pending,,,20685,2026-08-14,22995,0,3027,0,not_reviewed,existing_anchor_unreverified,calculated,backfill_pending,full daily history is not available locally,2026-08-15T16:05:10+09:00
213630,KR7213630007,PLUS 미국다우존스고배당주(합성 H),2015-01-26,KRX KIND 신규상장 공시,provisional,listing_prices_cache,cache_provenance_pending,,,19690,2026-08-14,21195,0,3015,0,not_reviewed,existing_anchor_unreverified,calculated,backfill_pending,full daily history is not available locally,2026-08-15T16:05:10+09:00
214980,KR7214980005,KODEX 단기채권PLUS,2015-03-03,KRX KIND 신규상장 공시,provisional,listing_prices_cache,cache_provenance_pending,,,114735,2026-08-14,114520,0,2989,0,not_reviewed,existing_anchor_unreverified,calculated,backfill_pending,full daily history is not available locally,2026-08-15T16:05:10+09:00
215620,KR7215620006,HK S&P코리아로우볼,2015-03-25,KRX KIND 신규상장 공시,provisional,listing_prices_cache,cache_provenance_pending,,,19005,2026-08-14,16355,0,2973,0,not_reviewed,existing_anchor_unreverified,calculated,backfill_pending,full daily history is not available locally,2026-08-15T16:05:10+09:00
217770,KR7217770007,TIGER 원유선물인버스(H),2015-04-29,KRX KIND 신규상장 공시,provisional,listing_prices_cache,cache_provenance_pending,,,1316,2026-08-14,1320,0,2948,0,not_reviewed,existing_anchor_unreverified,calculated,backfill_pending,full daily history is not available locally,2026-08-15T16:05:10+09:00
217780,KR7217780006,TIGER 차이나CSI300인버스(합성),2015-06-10,KRX KIND 신규상장 공시,provisional,listing_prices_cache,cache_provenance_pending,,,5150,2026-08-14,5270,0,2918,0,not_reviewed,existing_anchor_unreverified,calculated,backfill_pending,full daily history is not available locally,2026-08-15T16:05:10+09:00
218420,KR7218420008,KODEX 미국S&P500에너지(합성),2015-04-28,KRX KIND 신규상장 공시,provisional,listing_prices_cache,cache_provenance_pending,,,19490,2026-08-14,20205,0,2949,0,not_reviewed,existing_anchor_unreverified,calculated,backfill_pending,full daily history is not available locally,2026-08-15T16:05:10+09:00
219390,KR7219390002,RISE 미국S&P원유생산기업(합성 H),2015-06-02,KRX KIND 신규상장 공시,provisional,listing_prices_cache,cache_provenance_pending,,,7595,2026-08-14,7810,0,2924,0,not_reviewed,existing_anchor_unreverified,calculated,backfill_pending,full daily history is not available locally,2026-08-15T16:05:10+09:00
219480,KR7219480001,KODEX 미국S&P500선물(H),2015-05-29,KRX KIND 신규상장 공시,provisional,listing_prices_cache,cache_provenance_pending,,,31100,2026-08-14,33645,0,2926,0,not_reviewed,existing_anchor_unreverified,calculated,backfill_pending,full daily history is not available locally,2026-08-15T16:05:10+09:00
219900,KR7219900008,ACE 중국본토CSI300레버리지(합성),2015-05-28,KRX KIND 신규상장 공시,provisional,listing_prices_cache,cache_provenance_pending,,,5115,2026-08-14,4525,0,2927,0,not_reviewed,existing_anchor_unreverified,calculated,backfill_pending,full daily history is not available locally,2026-08-15T16:05:10+09:00
220130,KR7220130009,SOL 차이나강소기업CSI500(합성 H),2015-06-08,KRX KIND ETF 종목상세 검증,verified_official,listing_prices_cache,cache_provenance_pending,,,7025,2026-08-14,6950,0,2920,0,not_reviewed,existing_anchor_unreverified,calculated,backfill_pending,full daily history is not available locally,2026-08-15T16:05:10+09:00
223190,KR7223190000,KODEX 200가치저변동,2015-06-26,KRX KIND 신규상장 공시,provisional,listing_prices_cache,cache_provenance_pending,,,27465,2026-08-14,29000,0,2906,0,not_reviewed,existing_anchor_unreverified,calculated,backfill_pending,full daily history is not available locally,2026-08-15T16:05:10+09:00
225030,KR7225030006,TIGER 미국S&P500선물인버스(H),2015-07-29,KRX KIND 신규상장 공시,provisional,listing_prices_cache,cache_provenance_pending,,,2390,2026-08-14,2215,0,2883,0,not_reviewed,existing_anchor_unreverified,calculated,backfill_pending,full daily history is not available locally,2026-08-15T16:05:10+09:00
225040,KR7225040005,TIGER 미국S&P500레버리지(합성 H),2015-07-29,KRX KIND 신규상장 공시,provisional,listing_prices_cache,cache_provenance_pending,,,60040,2026-08-14,69970,0,2883,0,not_reviewed,existing_anchor_unreverified,calculated,backfill_pending,full daily history is not available locally,2026-08-15T16:05:10+09:00
225050,KR7225050004,TIGER 유로스탁스레버리지(합성 H),2015-07-29,KRX KIND 신규상장 공시,provisional,listing_prices_cache,cache_provenance_pending,,,14060,2026-08-14,17170,0,2883,0,not_reviewed,existing_anchor_unreverified,calculated,backfill_pending,full daily history is not available locally,2026-08-15T16:05:10+09:00
225060,KR7225060003,TIGER 이머징마켓MSCI레버리지(합성 H),2015-07-29,KRX KIND 신규상장 공시,provisional,listing_prices_cache,cache_provenance_pending,,,15375,2026-08-14,16330,0,2883,0,not_reviewed,existing_anchor_unreverified,calculated,backfill_pending,full daily history is not available locally,2026-08-15T16:05:10+09:00
225130,KR7225130004,ACE 골드선물 레버리지(합성 H),2015-07-28,KRX KIND 신규상장 공시,provisional,listing_prices_cache,cache_provenance_pending,,,57435,2026-08-14,48020,0,2884,0,not_reviewed,existing_anchor_unreverified,calculated,backfill_pending,full daily history is not available locally,2026-08-15T16:05:10+09:00
225800,KR7225800002,KIWOOM 미국달러선물레버리지,2015-08-10,KRX KIND 신규상장 공시,provisional,listing_prices_cache,cache_provenance_pending,,,16960,2026-08-14,15830,0,2875,0,not_reviewed,existing_anchor_unreverified,calculated,backfill_pending,full daily history is not available locally,2026-08-15T16:05:10+09:00
226380,KR7226380004,ACE Fn성장소비주도주,2015-08-19,KRX KIND 신규상장 공시,provisional,listing_prices_cache,cache_provenance_pending,,,6960,2026-08-14,6040,0,2868,0,not_reviewed,existing_anchor_unreverified,calculated,backfill_pending,full daily history is not available locally,2026-08-15T16:05:10+09:00
226490,KR7226490001,KODEX 코스피,2015-08-24,KRX KIND 신규상장 공시,provisional,listing_prices_cache,cache_provenance_pending,,,68685,2026-08-14,71560,0,2865,0,not_reviewed,existing_anchor_unreverified,calculated,backfill_pending,full daily history is not available locally,2026-08-15T16:05:10+09:00
226980,KR7226980001,KODEX 200 중소형,2015-09-01,KRX KIND 신규상장 공시,provisional,listing_prices_cache,cache_provenance_pending,,,29530,2026-08-14,23105,0,2859,0,not_reviewed,existing_anchor_unreverified,calculated,backfill_pending,full daily history is not available locally,2026-08-15T16:05:10+09:00
227540,KR7227540002,TIGER 200 헬스케어,2015-09-23,KRX KIND 신규상장 공시,provisional,listing_prices_cache,cache_provenance_pending,,,21420,2026-08-14,19930,0,2843,0,not_reviewed,existing_anchor_unreverified,calculated,backfill_pending,full daily history is not available locally,2026-08-15T16:05:10+09:00
227550,KR7227550001,TIGER 200 산업재,2015-09-23,KRX KIND 신규상장 공시,provisional,listing_prices_cache,cache_provenance_pending,,,16060,2026-08-14,12580,0,2843,0,not_reviewed,existing_anchor_unreverified,calculated,backfill_pending,full daily history is not available locally,2026-08-15T16:05:10+09:00
227560,KR7227560000,TIGER 200 생활소비재,2015-09-23,KRX KIND 신규상장 공시,provisional,listing_prices_cache,cache_provenance_pending,,,14460,2026-08-14,13065,0,2843,0,not_reviewed,existing_anchor_unreverified,calculated,backfill_pending,full daily history is not available locally,2026-08-15T16:05:10+09:00
227570,KR7227570009,TIGER 우량가치,2015-09-23,KRX KIND 신규상장 공시,provisional,listing_prices_cache,cache_provenance_pending,,,24525,2026-08-14,21265,0,2843,0,not_reviewed,existing_anchor_unreverified,calculated,backfill_pending,full daily history is not available locally,2026-08-15T16:05:10+09:00
227830,KR7227830007,PLUS 코스피,2015-09-23,KRX KIND 신규상장 공시,provisional,listing_prices_cache,cache_provenance_pending,,,68920,2026-08-14,72005,0,2843,0,not_reviewed,existing_anchor_unreverified,calculated,backfill_pending,full daily history is not available locally,2026-08-15T16:05:10+09:00
228790,KR7228790002,TIGER 화장품,2015-10-07,KRX KIND 신규상장 공시,provisional,listing_prices_cache,cache_provenance_pending,,,4130,2026-08-14,4425,0,2833,0,not_reviewed,existing_anchor_unreverified,calculated,backfill_pending,full daily history is not available locally,2026-08-15T16:05:10+09:00
228800,KR7228800009,TIGER 여행레저,2015-10-07,KRX KIND 신규상장 공시,provisional,listing_prices_cache,cache_provenance_pending,,,3470,2026-08-14,2595,0,2833,0,not_reviewed,existing_anchor_unreverified,calculated,backfill_pending,full daily history is not available locally,2026-08-15T16:05:10+09:00
228810,KR7228810008,TIGER 미디어컨텐츠,2015-10-07,KRX KIND 신규상장 공시,provisional,listing_prices_cache,cache_provenance_pending,,,4905,2026-08-14,3225,0,2833,0,not_reviewed,existing_anchor_unreverified,calculated,backfill_pending,full daily history is not available locally,2026-08-15T16:05:10+09:00
228820,KR7228820007,TIGER KTOP30,2015-10-14,KRX KIND 신규상장 공시,provisional,listing_prices_cache,cache_provenance_pending,,,17965,2026-08-14,19570,0,2828,0,not_reviewed,existing_anchor_unreverified,calculated,backfill_pending,full daily history is not available locally,2026-08-15T16:05:10+09:00
229200,KR7229200001,KODEX 코스닥150,2015-10-01,KRX KIND 신규상장 공시,provisional,listing_prices_cache,cache_provenance_pending,,,20415,2026-08-14,14830,0,2837,0,not_reviewed,existing_anchor_unreverified,calculated,backfill_pending,full daily history is not available locally,2026-08-15T16:05:10+09:00
229720,KR7229720008,KODEX KTOP30,2015-10-14,KRX KIND 신규상장 공시,provisional,listing_prices_cache,cache_provenance_pending,,,35685,2026-08-14,38595,0,2828,0,not_reviewed,existing_anchor_unreverified,calculated,backfill_pending,full daily history is not available locally,2026-08-15T16:05:10+09:00
230480,KR7230480006,KIWOOM 미국달러선물인버스2X,2015-11-16,KRX KIND 신규상장 공시,provisional,listing_prices_cache,cache_provenance_pending,,,4125,2026-08-14,4425,0,2805,0,not_reviewed,existing_anchor_unreverified,calculated,backfill_pending,full daily history is not available locally,2026-08-15T16:05:10+09:00
232080,KR7232080002,TIGER 코스닥150,2015-11-12,KRX KIND 신규상장 공시,provisional,listing_prices_cache,cache_provenance_pending,,,20835,2026-08-14,15130,0,2807,0,not_reviewed,existing_anchor_unreverified,calculated,backfill_pending,full daily history is not available locally,2026-08-15T16:05:10+09:00
233160,KR7233160001,TIGER 코스닥150 레버리지,2015-12-17,KRX KIND 신규상장 공시,provisional,listing_prices_cache,cache_provenance_pending,,,19435,2026-08-14,8675,0,2782,0,not_reviewed,existing_anchor_unreverified,calculated,backfill_pending,full daily history is not available locally,2026-08-15T16:05:10+09:00
233740,KR7233740000,KODEX 코스닥150레버리지,2015-12-17,KRX KIND 신규상장 공시,provisional,listing_prices_cache,cache_provenance_pending,,,17505,2026-08-14,7815,0,2782,0,not_reviewed,existing_anchor_unreverified,calculated,backfill_pending,full daily history is not available locally,2026-08-15T16:05:10+09:00
234310,KR7234310001,RISE V&S셀렉트밸류,2016-02-02,KRX KIND 신규상장 공시,provisional,listing_prices_cache,cache_provenance_pending,,,29930,2026-08-14,29230,0,2749,0,not_reviewed,existing_anchor_unreverified,calculated,backfill_pending,full daily history is not available locally,2026-08-15T16:05:10+09:00
236350,KR7236350005,TIGER 인도니프티50레버리지(합성),2016-05-13,KRX KIND 신규상장 공시,provisional,listing_prices_cache,cache_provenance_pending,,,33310,2026-08-14,30095,0,2676,0,not_reviewed,existing_anchor_unreverified,calculated,backfill_pending,full daily history is not available locally,2026-08-15T16:05:10+09:00
237350,KR7237350004,KODEX 코스피100,2016-01-27,KRX KIND 신규상장 공시,provisional,listing_prices_cache,cache_provenance_pending,,,79760,2026-08-14,87800,0,2753,0,not_reviewed,existing_anchor_unreverified,calculated,backfill_pending,full daily history is not available locally,2026-08-15T16:05:10+09:00
237370,KR7237370002,KODEX 코리아배당성장채권혼합,2016-01-27,KRX KIND 신규상장 공시,provisional,listing_prices_cache,cache_provenance_pending,,,16210,2026-08-14,15835,0,2753,0,not_reviewed,existing_anchor_unreverified,calculated,backfill_pending,full daily history is not available locally,2026-08-15T16:05:10+09:00
237440,KR7237440003,TIGER 경기방어채권혼합,2016-01-27,KRX KIND 신규상장 공시,provisional,listing_prices_cache,cache_provenance_pending,,,10490,2026-08-14,10395,0,2753,0,not_reviewed,existing_anchor_unreverified,calculated,backfill_pending,full daily history is not available locally,2026-08-15T16:05:10+09:00
238670,KR7238670004,PLUS 스마트베타Quality채권혼합,2016-02-24,KRX KIND 신규상장 공시,provisional,listing_prices_cache,cache_provenance_pending,,,13620,2026-08-14,13680,0,2733,0,not_reviewed,existing_anchor_unreverified,calculated,backfill_pending,full daily history is not available locally,2026-08-15T16:05:10+09:00
238720,KR7238720007,ACE 일본Nikkei225(H),2016-03-03,KRX KIND 신규상장 공시,provisional,listing_prices_cache,cache_provenance_pending,,,43210,2026-08-14,50110,0,2727,0,not_reviewed,existing_anchor_unreverified,calculated,backfill_pending,full daily history is not available locally,2026-08-15T16:05:10+09:00
239660,KR7239660004,PLUS 우량회사채50,2016-03-22,KRX KIND 신규상장 공시,provisional,listing_prices_cache,cache_provenance_pending,,,120740,2026-08-14,121610,0,2714,0,not_reviewed,existing_anchor_unreverified,calculated,backfill_pending,full daily history is not available locally,2026-08-15T16:05:10+09:00
241180,KR7241180009,TIGER 일본니케이225,2016-03-31,KRX KIND 신규상장 공시,provisional,listing_prices_cache,cache_provenance_pending,,,33335,2026-08-14,36950,0,2707,0,not_reviewed,existing_anchor_unreverified,calculated,backfill_pending,full daily history is not available locally,2026-08-15T16:05:10+09:00
241390,KR7241390004,RISE V&S셀렉트밸류채권혼합,2016-04-12,KRX KIND 신규상장 공시,provisional,listing_prices_cache,cache_provenance_pending,,,16360,2026-08-14,15945,0,2699,0,not_reviewed,existing_anchor_unreverified,calculated,backfill_pending,full daily history is not available locally,2026-08-15T16:05:10+09:00
243880,KR7243880002,TIGER 200IT레버리지,2016-05-13,KRX KIND 신규상장 공시,provisional,listing_prices_cache,cache_provenance_pending,,,326900,2026-08-14,362080,0,2676,0,not_reviewed,existing_anchor_unreverified,calculated,backfill_pending,full daily history is not available locally,2026-08-15T16:05:10+09:00
243890,KR7243890001,TIGER 200에너지화학레버리지,2016-05-13,KRX KIND 신규상장 공시,provisional,listing_prices_cache,cache_provenance_pending,,,12435,2026-08-14,9070,0,2676,0,not_reviewed,existing_anchor_unreverified,calculated,backfill_pending,full daily history is not available locally,2026-08-15T16:05:10+09:00
244580,KR7244580007,KODEX 바이오,2016-05-13,KRX KIND 신규상장 공시,provisional,listing_prices_cache,cache_provenance_pending,,,12500,2026-08-14,9040,0,2676,0,not_reviewed,existing_anchor_unreverified,calculated,backfill_pending,full daily history is not available locally,2026-08-15T16:05:10+09:00
244620,KR7244620001,KODEX 모멘텀Plus,2016-05-13,KRX KIND 신규상장 공시,provisional,listing_prices_cache,cache_provenance_pending,,,23520,2026-08-14,20675,0,2676,0,not_reviewed,existing_anchor_unreverified,calculated,backfill_pending,full daily history is not available locally,2026-08-15T16:05:10+09:00
244660,KR7244660007,KODEX 퀄리티Plus,2016-05-13,KRX KIND 신규상장 공시,provisional,listing_prices_cache,cache_provenance_pending,,,10515,2026-08-14,9575,0,2676,0,not_reviewed,existing_anchor_unreverified,calculated,backfill_pending,full daily history is not available locally,2026-08-15T16:05:10+09:00
244670,KR7244670006,KODEX 밸류Plus,2016-05-13,KRX KIND 신규상장 공시,provisional,listing_prices_cache,cache_provenance_pending,,,13280,2026-08-14,11780,0,2676,0,not_reviewed,existing_anchor_unreverified,calculated,backfill_pending,full daily history is not available locally,2026-08-15T16:05:10+09:00
245340,KR7245340005,TIGER 미국다우존스30,2016-07-01,KRX KIND 신규상장 공시,provisional,listing_prices_cache,cache_provenance_pending,,,35225,2026-08-14,37125,0,2641,0,not_reviewed,existing_anchor_unreverified,calculated,backfill_pending,full daily history is not available locally,2026-08-15T16:05:10+09:00
245350,KR7245350004,TIGER 유로스탁스배당30,2016-07-01,KRX KIND 신규상장 공시,provisional,listing_prices_cache,cache_provenance_pending,,,19480,2026-08-14,19815,0,2641,0,not_reviewed,existing_anchor_unreverified,calculated,backfill_pending,full daily history is not available locally,2026-08-15T16:05:10+09:00
245360,KR7245360003,TIGER 차이나HSCEI,2016-06-16,KRX KIND 신규상장 공시,provisional,listing_prices_cache,cache_provenance_pending,,,13315,2026-08-14,12440,0,2652,0,not_reviewed,existing_anchor_unreverified,calculated,backfill_pending,full daily history is not available locally,2026-08-15T16:05:10+09:00
245710,KR7245710009,ACE 베트남VN30(합성),2016-07-01,KRX KIND 신규상장 공시,provisional,listing_prices_cache,cache_provenance_pending,,,31660,2026-08-14,28595,0,2641,0,not_reviewed,existing_anchor_unreverified,calculated,backfill_pending,full daily history is not available locally,2026-08-15T16:05:10+09:00
248270,KR7248270001,TIGER S&P글로벌헬스케어(합성),2016-07-01,KRX KIND 신규상장 공시,provisional,listing_prices_cache,cache_provenance_pending,,,24590,2026-08-14,26700,0,2641,0,not_reviewed,existing_anchor_unreverified,calculated,backfill_pending,full daily history is not available locally,2026-08-15T16:05:10+09:00
250730,KR7250730009,RISE 차이나HSCEI(H),2016-08-10,KRX KIND 신규상장 공시,provisional,listing_prices_cache,cache_provenance_pending,,,10100,2026-08-14,9740,0,2613,0,not_reviewed,existing_anchor_unreverified,calculated,backfill_pending,full daily history is not available locally,2026-08-15T16:05:10+09:00
250780,KR7250780004,TIGER 코스닥150선물인버스,2016-08-10,KRX KIND 신규상장 공시,provisional,listing_prices_cache,cache_provenance_pending,,,1957,2026-08-14,2325,0,2613,0,not_reviewed,existing_anchor_unreverified,calculated,backfill_pending,full daily history is not available locally,2026-08-15T16:05:10+09:00
251340,KR7251340006,KODEX 코스닥150선물인버스,2016-08-10,KRX KIND 신규상장 공시,provisional,listing_prices_cache,cache_provenance_pending,,,1945,2026-08-14,2305,0,2613,0,not_reviewed,existing_anchor_unreverified,calculated,backfill_pending,full daily history is not available locally,2026-08-15T16:05:10+09:00
251350,KR7251350005,KODEX MSCI선진국,2016-08-17,KRX KIND 신규상장 공시,provisional,listing_prices_cache,cache_provenance_pending,,,39130,2026-08-14,40660,0,2608,0,not_reviewed,existing_anchor_unreverified,calculated,backfill_pending,full daily history is not available locally,2026-08-15T16:05:10+09:00
251590,KR7251590006,PLUS 고배당저변동50,2016-08-11,KRX KIND 신규상장 공시,provisional,listing_prices_cache,cache_provenance_pending,,,19140,2026-08-14,17430,0,2612,0,not_reviewed,existing_anchor_unreverified,calculated,backfill_pending,full daily history is not available locally,2026-08-15T16:05:10+09:00
251600,KR7251600003,PLUS 고배당주채권혼합,2016-08-11,KRX KIND 신규상장 공시,provisional,listing_prices_cache,cache_provenance_pending,,,16160,2026-08-14,15555,0,2612,0,not_reviewed,existing_anchor_unreverified,calculated,backfill_pending,full daily history is not available locally,2026-08-15T16:05:10+09:00
252000,KR7252000005,TIGER 200동일가중,2016-09-20,KRX KIND 신규상장 공시,provisional,listing_prices_cache,cache_provenance_pending,,,22705,2026-08-14,19945,0,2584,0,not_reviewed,existing_anchor_unreverified,calculated,backfill_pending,full daily history is not available locally,2026-08-15T16:05:10+09:00
252400,KR7252400007,RISE 200선물레버리지,2016-09-12,KRX KIND 신규상장 공시,provisional,listing_prices_cache,cache_provenance_pending,,,107490,2026-08-14,105830,0,2590,0,not_reviewed,existing_anchor_unreverified,calculated,backfill_pending,full daily history is not available locally,2026-08-15T16:05:10+09:00
252410,KR7252410006,RISE 200선물인버스,2016-09-12,KRX KIND 신규상장 공시,provisional,listing_prices_cache,cache_provenance_pending,,,1723,2026-08-14,1313,0,2590,0,not_reviewed,existing_anchor_unreverified,calculated,backfill_pending,full daily history is not available locally,2026-08-15T16:05:10+09:00
252420,KR7252420005,RISE 200선물인버스2X,2016-09-22,KRX KIND 신규상장 공시,provisional,listing_prices_cache,cache_provenance_pending,,,171,2026-08-14,80,0,2582,0,not_reviewed,existing_anchor_unreverified,calculated,backfill_pending,full daily history is not available locally,2026-08-15T16:05:10+09:00
252650,KR7252650007,KODEX 200동일가중,2016-09-20,KRX KIND 신규상장 공시,provisional,listing_prices_cache,cache_provenance_pending,,,21655,2026-08-14,19090,0,2584,0,not_reviewed,existing_anchor_unreverified,calculated,backfill_pending,full daily history is not available locally,2026-08-15T16:05:10+09:00
252670,KR7252670005,KODEX 200선물인버스2X,2016-09-22,KRX KIND 신규상장 공시,provisional,listing_prices_cache,cache_provenance_pending,,,169,2026-08-14,76,0,2582,0,not_reviewed,existing_anchor_unreverified,calculated,backfill_pending,full daily history is not available locally,2026-08-15T16:05:10+09:00
252710,KR7252710009,TIGER 200선물인버스2X,2016-09-22,KRX KIND 신규상장 공시,provisional,listing_prices_cache,cache_provenance_pending,,,177,2026-08-14,83,0,2582,0,not_reviewed,existing_anchor_unreverified,calculated,backfill_pending,full daily history is not available locally,2026-08-15T16:05:10+09:00
253150,KR7253150007,PLUS 200선물레버리지,2016-09-29,KRX KIND 신규상장 공시,provisional,listing_prices_cache,cache_provenance_pending,,,215850,2026-08-14,211095,0,2577,0,not_reviewed,existing_anchor_unreverified,calculated,backfill_pending,full daily history is not available locally,2026-08-15T16:05:10+09:00
253160,KR7253160006,PLUS 200선물인버스2X,2016-09-22,KRX KIND 신규상장 공시,provisional,listing_prices_cache,cache_provenance_pending,,,350,2026-08-14,159,0,2582,0,not_reviewed,existing_anchor_unreverified,calculated,backfill_pending,full daily history is not available locally,2026-08-15T16:05:10+09:00
253230,KR7253230007,KIWOOM 200선물인버스2X,2016-09-22,KRX KIND 신규상장 공시,provisional,listing_prices_cache,cache_provenance_pending,,,170,2026-08-14,76,0,2582,0,not_reviewed,existing_anchor_unreverified,calculated,backfill_pending,full daily history is not available locally,2026-08-15T16:05:10+09:00
253240,KR7253240006,KIWOOM 200선물인버스,2016-09-12,KRX KIND 신규상장 공시,provisional,listing_prices_cache,cache_provenance_pending,,,1734,2026-08-14,1309,0,2590,0,not_reviewed,existing_anchor_unreverified,calculated,backfill_pending,full daily history is not available locally,2026-08-15T16:05:10+09:00
253250,KR7253250005,KIWOOM 200선물레버리지,2016-09-12,KRX KIND 신규상장 공시,provisional,listing_prices_cache,cache_provenance_pending,,,105520,2026-08-14,103755,0,2590,0,not_reviewed,existing_anchor_unreverified,calculated,backfill_pending,full daily history is not available locally,2026-08-15T16:05:10+09:00
253280,KR7253280002,RISE 헬스케어,2016-09-23,KRX KIND 신규상장 공시,provisional,listing_prices_cache,cache_provenance_pending,,,17000,2026-08-14,13900,0,2581,0,not_reviewed,existing_anchor_unreverified,calculated,backfill_pending,full daily history is not available locally,2026-08-15T16:05:10+09:00
253290,KR7253290001,RISE 헬스케어채권혼합,2016-09-23,KRX KIND 신규상장 공시,provisional,listing_prices_cache,cache_provenance_pending,,,12690,2026-08-14,11925,0,2581,0,not_reviewed,existing_anchor_unreverified,calculated,backfill_pending,full daily history is not available locally,2026-08-15T16:05:10+09:00
256440,KR7256440009,ACE MSCI인도네시아(합성),2016-11-01,KRX KIND 신규상장 공시,provisional,listing_prices_cache,cache_provenance_pending,,,6685,2026-08-14,5355,0,2554,0,not_reviewed,existing_anchor_unreverified,calculated,backfill_pending,full daily history is not available locally,2026-08-15T16:05:10+09:00
256450,KR7256450008,PLUS 심천차이넥스트(합성),2016-11-08,KRX KIND 신규상장 공시,provisional,listing_prices_cache,cache_provenance_pending,,,16580,2026-08-14,16010,0,2549,0,not_reviewed,existing_anchor_unreverified,calculated,backfill_pending,full daily history is not available locally,2026-08-15T16:05:10+09:00
256750,KR7256750001,KODEX 차이나심천ChiNext(합성),2016-11-08,KRX KIND 신규상장 공시,provisional,listing_prices_cache,cache_provenance_pending,,,17150,2026-08-14,16780,0,2549,0,not_reviewed,existing_anchor_unreverified,calculated,backfill_pending,full daily history is not available locally,2026-08-15T16:05:10+09:00
261060,KR7261060008,TIGER 코스닥150IT,2016-12-15,KRX KIND 신규상장 공시,provisional,listing_prices_cache,cache_provenance_pending,,,29500,2026-08-14,23900,0,2522,0,not_reviewed,existing_anchor_unreverified,calculated,backfill_pending,full daily history is not available locally,2026-08-15T16:05:10+09:00
261070,KR7261070007,TIGER 코스닥150바이오테크,2016-12-15,KRX KIND 신규상장 공시,provisional,listing_prices_cache,cache_provenance_pending,,,18735,2026-08-14,13755,0,2522,0,not_reviewed,existing_anchor_unreverified,calculated,backfill_pending,full daily history is not available locally,2026-08-15T16:05:10+09:00
261110,KR7261110001,TIGER 미국달러선물레버리지,2016-12-27,KRX KIND 신규상장 공시,provisional,listing_prices_cache,cache_provenance_pending,,,18000,2026-08-14,16805,0,2514,0,not_reviewed,existing_anchor_unreverified,calculated,backfill_pending,full daily history is not available locally,2026-08-15T16:05:10+09:00
261120,KR7261120000,TIGER 미국달러선물인버스2X,2016-12-27,KRX KIND 신규상장 공시,provisional,listing_prices_cache,cache_provenance_pending,,,4690,2026-08-14,5045,0,2514,0,not_reviewed,existing_anchor_unreverified,calculated,backfill_pending,full daily history is not available locally,2026-08-15T16:05:10+09:00
261140,KR7261140008,TIGER 우선주,2017-01-06,KRX KIND 신규상장 공시,provisional,listing_prices_cache,cache_provenance_pending,,,26300,2026-08-14,25430,0,2506,0,not_reviewed,existing_anchor_unreverified,calculated,backfill_pending,full daily history is not available locally,2026-08-15T16:05:10+09:00
261220,KR7261220008,KODEX WTI원유선물(H),2016-12-27,KRX KIND 신규상장 공시,provisional,listing_prices_cache,cache_provenance_pending,,,25505,2026-08-14,22880,0,2514,0,not_reviewed,existing_anchor_unreverified,calculated,backfill_pending,full daily history is not available locally,2026-08-15T16:05:10+09:00
261240,KR7261240006,KODEX 미국달러선물,2016-12-27,KRX KIND 신규상장 공시,provisional,listing_prices_cache,cache_provenance_pending,,,15055,2026-08-14,14610,0,2514,0,not_reviewed,existing_anchor_unreverified,calculated,backfill_pending,full daily history is not available locally,2026-08-15T16:05:10+09:00
261250,KR7261250005,KODEX 미국달러선물레버리지,2016-12-27,KRX KIND 신규상장 공시,provisional,listing_prices_cache,cache_provenance_pending,,,17980,2026-08-14,16735,0,2514,0,not_reviewed,existing_anchor_unreverified,calculated,backfill_pending,full daily history is not available locally,2026-08-15T16:05:10+09:00
261260,KR7261260004,KODEX 미국달러선물인버스2X,2016-12-27,KRX KIND 신규상장 공시,provisional,listing_prices_cache,cache_provenance_pending,,,4735,2026-08-14,5070,0,2514,0,not_reviewed,existing_anchor_unreverified,calculated,backfill_pending,full daily history is not available locally,2026-08-15T16:05:10+09:00
261270,KR7261270003,KODEX 미국달러선물인버스,2016-12-27,KRX KIND 신규상장 공시,provisional,listing_prices_cache,cache_provenance_pending,,,7580,2026-08-14,7870,0,2514,0,not_reviewed,existing_anchor_unreverified,calculated,backfill_pending,full daily history is not available locally,2026-08-15T16:05:10+09:00
261920,KR7261920003,ACE MSCI필리핀(합성),2016-12-28,KRX KIND 신규상장 공시,provisional,listing_prices_cache,cache_provenance_pending,,,12730,2026-08-14,13125,0,2513,0,not_reviewed,existing_anchor_unreverified,calculated,backfill_pending,full daily history is not available locally,2026-08-15T16:05:10+09:00
265690,KR7265690008,ACE 러시아MSCI(합성),2017-03-21,KRX KIND 신규상장 공시,provisional,listing_prices_cache,cache_provenance_pending,,,8535,2026-08-14,8535,0,2454,0,not_reviewed,existing_anchor_unreverified,calculated,backfill_pending,full daily history is not available locally,2026-08-15T16:05:10+09:00
266160,KR7266160001,RISE 고배당,2017-04-14,KRX KIND 신규상장 공시,provisional,listing_prices_cache,cache_provenance_pending,,,32000,2026-08-14,33350,0,2436,0,not_reviewed,existing_anchor_unreverified,calculated,backfill_pending,full daily history is not available locally,2026-08-15T16:05:10+09:00
266360,KR7266360007,KODEX K콘텐츠,2017-03-28,KRX KIND 신규상장 공시,provisional,listing_prices_cache,cache_provenance_pending,,,12400,2026-08-14,10560,0,2449,0,not_reviewed,existing_anchor_unreverified,calculated,backfill_pending,full daily history is not available locally,2026-08-15T16:05:10+09:00
266370,KR7266370006,KODEX IT,2017-03-28,KRX KIND 신규상장 공시,provisional,listing_prices_cache,cache_provenance_pending,,,59940,2026-08-14,68935,0,2449,0,not_reviewed,existing_anchor_unreverified,calculated,backfill_pending,full daily history is not available locally,2026-08-15T16:05:10+09:00
266390,KR7266390004,KODEX 경기소비재,2017-03-28,KRX KIND 신규상장 공시,provisional,listing_prices_cache,cache_provenance_pending,,,12340,2026-08-14,15150,0,2449,0,not_reviewed,existing_anchor_unreverified,calculated,backfill_pending,full daily history is not available locally,2026-08-15T16:05:10+09:00
266410,KR7266410000,KODEX 필수소비재,2017-03-28,KRX KIND 신규상장 공시,provisional,listing_prices_cache,cache_provenance_pending,,,10410,2026-08-14,9850,0,2449,0,not_reviewed,existing_anchor_unreverified,calculated,backfill_pending,full daily history is not available locally,2026-08-15T16:05:10+09:00
266420,KR7266420009,KODEX 헬스케어,2017-03-28,KRX KIND 신규상장 공시,provisional,listing_prices_cache,cache_provenance_pending,,,21850,2026-08-14,18380,0,2449,0,not_reviewed,existing_anchor_unreverified,calculated,backfill_pending,full daily history is not available locally,2026-08-15T16:05:10+09:00
266550,KR7266550003,PLUS 중형주저변동50,2017-03-28,KRX KIND 신규상장 공시,provisional,listing_prices_cache,cache_provenance_pending,,,22135,2026-08-14,18935,0,2449,0,not_reviewed,existing_anchor_unreverified,calculated,backfill_pending,full daily history is not available locally,2026-08-15T16:05:10+09:00
267440,KR7267440006,RISE 미국장기국채선물(H),2017-04-20,KRX KIND 신규상장 공시,provisional,listing_prices_cache,cache_provenance_pending,,,8360,2026-08-14,8105,0,2432,0,not_reviewed,existing_anchor_unreverified,calculated,backfill_pending,full daily history is not available locally,2026-08-15T16:05:10+09:00
267450,KR7267450005,RISE 미국장기국채선물인버스(H),2017-04-20,KRX KIND 신규상장 공시,provisional,listing_prices_cache,cache_provenance_pending,,,10865,2026-08-14,11180,0,2432,0,not_reviewed,existing_anchor_unreverified,calculated,backfill_pending,full daily history is not available locally,2026-08-15T16:05:10+09:00
267490,KR7267490001,RISE 미국장기국채선물레버리지(합성 H),2017-04-20,KRX KIND 신규상장 공시,provisional,listing_prices_cache,cache_provenance_pending,,,5435,2026-08-14,5040,0,2432,0,not_reviewed,existing_anchor_unreverified,calculated,backfill_pending,full daily history is not available locally,2026-08-15T16:05:10+09:00
267770,KR7267770006,TIGER 200선물레버리지,2017-04-25,KRX KIND 신규상장 공시,provisional,listing_prices_cache,cache_provenance_pending,,,89120,2026-08-14,86905,0,2429,0,not_reviewed,existing_anchor_unreverified,calculated,backfill_pending,full daily history is not available locally,2026-08-15T16:05:10+09:00
269370,KR7269370003,TIGER S&P글로벌인프라(합성),2017-05-16,KRX KIND 신규상장 공시,provisional,listing_prices_cache,cache_provenance_pending,,,19000,2026-08-14,17545,0,2414,0,not_reviewed,existing_anchor_unreverified,calculated,backfill_pending,full daily history is not available locally,2026-08-15T16:05:10+09:00
269420,KR7269420006,KODEX S&P글로벌인프라(합성),2017-05-16,KRX KIND 신규상장 공시,provisional,listing_prices_cache,cache_provenance_pending,,,24260,2026-08-14,22920,0,2414,0,not_reviewed,existing_anchor_unreverified,calculated,backfill_pending,full daily history is not available locally,2026-08-15T16:05:10+09:00
269530,KR7269530002,PLUS S&P글로벌인프라,2017-05-16,KRX KIND 신규상장 공시,provisional,listing_prices_cache,cache_provenance_pending,,,22050,2026-08-14,20590,0,2414,0,not_reviewed,existing_anchor_unreverified,calculated,backfill_pending,full daily history is not available locally,2026-08-15T16:05:10+09:00
269540,KR7269540001,PLUS 미국S&P500(H),2017-05-16,KRX KIND 신규상장 공시,provisional,listing_prices_cache,cache_provenance_pending,,,28400,2026-08-14,30565,0,2414,0,not_reviewed,existing_anchor_unreverified,calculated,backfill_pending,full daily history is not available locally,2026-08-15T16:05:10+09:00
270800,KR7270800006,RISE KQ고배당,2017-07-07,KRX KIND 신규상장 공시,provisional,listing_prices_cache,cache_provenance_pending,,,17940,2026-08-14,15925,0,2376,0,not_reviewed,existing_anchor_unreverified,calculated,backfill_pending,full daily history is not available locally,2026-08-15T16:05:10+09:00
270810,KR7270810005,RISE 코스닥150,2017-06-16,KRX KIND 신규상장 공시,provisional,listing_prices_cache,cache_provenance_pending,,,20270,2026-08-14,14750,0,2391,0,not_reviewed,existing_anchor_unreverified,calculated,backfill_pending,full daily history is not available locally,2026-08-15T16:05:10+09:00
271050,KR7271050007,KODEX WTI원유선물인버스(H),2017-06-13,KRX KIND 신규상장 공시,provisional,listing_prices_cache,cache_provenance_pending,,,2035,2026-08-14,2075,0,2394,0,not_reviewed,existing_anchor_unreverified,calculated,backfill_pending,full daily history is not available locally,2026-08-15T16:05:10+09:00
271060,KR7271060006,KODEX 3대농산물선물(H),2017-06-13,KRX KIND 신규상장 공시,provisional,listing_prices_cache,cache_provenance_pending,,,8450,2026-08-14,8245,0,2394,0,not_reviewed,existing_anchor_unreverified,calculated,backfill_pending,full daily history is not available locally,2026-08-15T16:05:10+09:00
272560,KR7272560004,RISE 단기국공채액티브,2017-06-29,KRX KIND 신규상장 공시,provisional,listing_prices_cache,cache_provenance_pending,,,113945,2026-08-14,114790,0,2382,0,not_reviewed,existing_anchor_unreverified,calculated,backfill_pending,full daily history is not available locally,2026-08-15T16:05:10+09:00
272570,KR7272570003,RISE 중장기국공채액티브,2017-06-29,KRX KIND 신규상장 공시,provisional,listing_prices_cache,cache_provenance_pending,,,108145,2026-08-14,107990,0,2382,0,not_reviewed,existing_anchor_unreverified,calculated,backfill_pending,full daily history is not available locally,2026-08-15T16:05:10+09:00
272580,KR7272580002,TIGER 단기채권액티브,2017-06-29,KRX KIND 신규상장 공시,provisional,listing_prices_cache,cache_provenance_pending,,,56595,2026-08-14,57020,0,2382,0,not_reviewed,existing_anchor_unreverified,calculated,backfill_pending,full daily history is not available locally,2026-08-15T16:05:10+09:00
272910,KR7272910001,ACE 중장기국공채액티브,2017-06-29,KRX KIND 신규상장 공시,provisional,listing_prices_cache,cache_provenance_pending,,,106105,2026-08-14,106150,0,2382,0,not_reviewed,existing_anchor_unreverified,calculated,backfill_pending,full daily history is not available locally,2026-08-15T16:05:10+09:00
273130,KR7273130005,KODEX 종합채권(AA-이상)액티브,2017-06-29,KRX KIND 신규상장 공시,provisional,listing_prices_cache,cache_provenance_pending,,,112610,2026-08-14,109625,0,2382,0,not_reviewed,existing_anchor_unreverified,calculated,backfill_pending,full daily history is not available locally,2026-08-15T16:05:10+09:00
273140,KR7273140004,KODEX 단기변동금리부채권액티브,2017-06-29,KRX KIND 신규상장 공시,provisional,listing_prices_cache,cache_provenance_pending,,,114775,2026-08-14,114540,0,2382,0,not_reviewed,existing_anchor_unreverified,calculated,backfill_pending,full daily history is not available locally,2026-08-15T16:05:10+09:00
275280,KR7275280006,KODEX 모멘텀주,2017-07-11,KRX KIND 신규상장 공시,provisional,listing_prices_cache,cache_provenance_pending,,,39255,2026-08-14,43320,0,2374,0,not_reviewed,existing_anchor_unreverified,calculated,backfill_pending,full daily history is not available locally,2026-08-15T16:05:10+09:00
275290,KR7275290005,KODEX 가치주,2017-07-11,KRX KIND 신규상장 공시,provisional,listing_prices_cache,cache_provenance_pending,,,30505,2026-08-14,34580,0,2374,0,not_reviewed,existing_anchor_unreverified,calculated,backfill_pending,full daily history is not available locally,2026-08-15T16:05:10+09:00
275300,KR7275300002,KODEX 우량주,2017-07-11,KRX KIND 신규상장 공시,provisional,listing_prices_cache,cache_provenance_pending,,,26955,2026-08-14,30700,0,2374,0,not_reviewed,existing_anchor_unreverified,calculated,backfill_pending,full daily history is not available locally,2026-08-15T16:05:10+09:00
275750,KR7275750008,RISE 코스닥150선물인버스,2017-08-01,KRX KIND 신규상장 공시,provisional,listing_prices_cache,cache_provenance_pending,,,1988,2026-08-14,2345,0,2359,0,not_reviewed,existing_anchor_unreverified,calculated,backfill_pending,full daily history is not available locally,2026-08-15T16:05:10+09:00
275980,KR7275980001,TIGER 글로벌4차산업혁신기술(합성 H),2017-08-01,KRX KIND 신규상장 공시,provisional,listing_prices_cache,cache_provenance_pending,,,22170,2026-08-14,23820,0,2359,0,not_reviewed,existing_anchor_unreverified,calculated,backfill_pending,full daily history is not available locally,2026-08-15T16:05:10+09:00
276000,KR7276000007,TIGER 글로벌자원생산기업(합성 H),2017-08-01,KRX KIND 신규상장 공시,provisional,listing_prices_cache,cache_provenance_pending,,,20580,2026-08-14,20210,0,2359,0,not_reviewed,existing_anchor_unreverified,calculated,backfill_pending,full daily history is not available locally,2026-08-15T16:05:10+09:00
276650,KR7276650009,RISE 글로벌테크놀로지(합성 H),2017-08-17,KRX KIND 신규상장 공시,provisional,listing_prices_cache,cache_provenance_pending,,,42540,2026-08-14,47215,0,2347,0,not_reviewed,existing_anchor_unreverified,calculated,backfill_pending,full daily history is not available locally,2026-08-15T16:05:10+09:00
276970,KR7276970001,KODEX 미국S&P500배당귀족커버드콜(합성 H),2017-08-10,KRX KIND 신규상장 공시,provisional,listing_prices_cache,cache_provenance_pending,,,7615,2026-08-14,7905,0,2352,0,not_reviewed,existing_anchor_unreverified,calculated,backfill_pending,full daily history is not available locally,2026-08-15T16:05:10+09:00
276990,KR7276990009,KODEX 글로벌로봇(합성),2017-08-17,KRX KIND 신규상장 공시,provisional,listing_prices_cache,cache_provenance_pending,,,27375,2026-08-14,27435,0,2347,0,not_reviewed,existing_anchor_unreverified,calculated,backfill_pending,full daily history is not available locally,2026-08-15T16:05:10+09:00
277540,KR7277540001,ACE 아시아TOP50,2017-08-23,KRX KIND 신규상장 공시,provisional,listing_prices_cache,cache_provenance_pending,,,30580,2026-08-14,32560,0,2343,0,not_reviewed,existing_anchor_unreverified,calculated,backfill_pending,full daily history is not available locally,2026-08-15T16:05:10+09:00
277630,KR7277630000,TIGER 코스피,2017-08-31,KRX KIND 신규상장 공시,provisional,listing_prices_cache,cache_provenance_pending,,,69505,2026-08-14,72585,0,2337,0,not_reviewed,existing_anchor_unreverified,calculated,backfill_pending,full daily history is not available locally,2026-08-15T16:05:10+09:00
277640,KR7277640009,TIGER 코스피대형주,2017-08-31,KRX KIND 신규상장 공시,provisional,listing_prices_cache,cache_provenance_pending,,,35545,2026-08-14,38050,0,2337,0,not_reviewed,existing_anchor_unreverified,calculated,backfill_pending,full daily history is not available locally,2026-08-15T16:05:10+09:00
277650,KR7277650008,TIGER 코스피중형주,2017-08-31,KRX KIND 신규상장 공시,provisional,listing_prices_cache,cache_provenance_pending,,,26385,2026-08-14,21370,0,2337,0,not_reviewed,existing_anchor_unreverified,calculated,backfill_pending,full daily history is not available locally,2026-08-15T16:05:10+09:00
278240,KR7278240007,RISE 코스닥150선물레버리지,2017-08-31,KRX KIND 신규상장 공시,provisional,listing_prices_cache,cache_provenance_pending,,,19835,2026-08-14,8800,0,2337,0,not_reviewed,existing_anchor_unreverified,calculated,backfill_pending,full daily history is not available locally,2026-08-15T16:05:10+09:00
278530,KR7278530001,KODEX 200TR,2017-11-21,KRX KIND 신규상장 공시,provisional,listing_prices_cache,cache_provenance_pending,,,36265,2026-08-14,39865,0,2279,0,not_reviewed,existing_anchor_unreverified,calculated,backfill_pending,full daily history is not available locally,2026-08-15T16:05:10+09:00
278540,KR7278540000,KODEX MSCI Korea TR,2017-11-09,KRX KIND 신규상장 공시,provisional,listing_prices_cache,cache_provenance_pending,,,35125,2026-08-14,39195,0,2287,0,not_reviewed,existing_anchor_unreverified,calculated,backfill_pending,full daily history is not available locally,2026-08-15T16:05:10+09:00
278620,KR7278620000,PLUS 단기채권액티브,2017-09-26,KRX KIND 신규상장 공시,provisional,listing_prices_cache,cache_provenance_pending,,,117990,2026-08-14,118945,0,2319,0,not_reviewed,existing_anchor_unreverified,calculated,backfill_pending,full daily history is not available locally,2026-08-15T16:05:10+09:00
279530,KR7279530000,KODEX 고배당주,2017-10-17,KRX KIND 신규상장 공시,provisional,listing_prices_cache,cache_provenance_pending,,,18590,2026-08-14,17780,0,2304,0,not_reviewed,existing_anchor_unreverified,calculated,backfill_pending,full daily history is not available locally,2026-08-15T16:05:10+09:00
279540,KR7279540009,KODEX 최소변동성,2017-10-17,KRX KIND 신규상장 공시,provisional,listing_prices_cache,cache_provenance_pending,,,22370,2026-08-14,21475,0,2304,0,not_reviewed,existing_anchor_unreverified,calculated,backfill_pending,full daily history is not available locally,2026-08-15T16:05:10+09:00
280320,KR7280320003,ACE 미국IT인터넷(합성 H),2017-10-17,KRX KIND 신규상장 공시,provisional,listing_prices_cache,cache_provenance_pending,,,19725,2026-08-14,22095,0,2304,0,not_reviewed,existing_anchor_unreverified,calculated,backfill_pending,full daily history is not available locally,2026-08-15T16:05:10+09:00
280920,KR7280920000,PLUS 주도업종,2017-10-17,KRX KIND 신규상장 공시,provisional,listing_prices_cache,cache_provenance_pending,,,24800,2026-08-14,24455,0,2304,0,not_reviewed,existing_anchor_unreverified,calculated,backfill_pending,full daily history is not available locally,2026-08-15T16:05:10+09:00
280930,KR7280930009,KODEX 미국러셀2000(H),2017-11-09,KRX KIND 신규상장 공시,provisional,listing_prices_cache,cache_provenance_pending,,,15915,2026-08-14,17255,0,2287,0,not_reviewed,existing_anchor_unreverified,calculated,backfill_pending,full daily history is not available locally,2026-08-15T16:05:10+09:00
280940,KR7280940008,KODEX 골드선물인버스(H),2017-11-09,KRX KIND 신규상장 공시,provisional,listing_prices_cache,cache_provenance_pending,,,3215,2026-08-14,3495,0,2287,0,not_reviewed,existing_anchor_unreverified,calculated,backfill_pending,full daily history is not available locally,2026-08-15T16:05:10+09:00
281990,KR7281990002,RISE 중소형고배당,2017-11-02,KRX KIND 신규상장 공시,provisional,listing_prices_cache,cache_provenance_pending,,,20695,2026-08-14,18155,0,2292,0,not_reviewed,existing_anchor_unreverified,calculated,backfill_pending,full daily history is not available locally,2026-08-15T16:05:10+09:00
282000,KR7282000009,RISE 국고채3년선물인버스,2017-11-09,KRX KIND 신규상장 공시,provisional,listing_prices_cache,cache_provenance_pending,,,113905,2026-08-14,114515,0,2287,0,not_reviewed,existing_anchor_unreverified,calculated,backfill_pending,full daily history is not available locally,2026-08-15T16:05:10+09:00
283580,KR7283580009,KODEX 차이나CSI300,2017-12-13,KRX KIND 신규상장 공시,provisional,listing_prices_cache,cache_provenance_pending,,,16515,2026-08-14,15845,0,2263,0,not_reviewed,existing_anchor_unreverified,calculated,backfill_pending,full daily history is not available locally,2026-08-15T16:05:10+09:00
284430,KR7284430006,KODEX 200미국채혼합50,2017-11-30,KRX KIND 신규상장 공시,provisional,listing_prices_cache,cache_provenance_pending,,,21170,2026-08-14,21440,0,2272,0,not_reviewed,existing_anchor_unreverified,calculated,backfill_pending,full daily history is not available locally,2026-08-15T16:05:10+09:00
284980,KR7284980000,RISE 200금융,2017-12-08,KRX KIND 신규상장 공시,provisional,listing_prices_cache,cache_provenance_pending,,,22870,2026-08-14,22395,0,2266,0,not_reviewed,existing_anchor_unreverified,calculated,backfill_pending,full daily history is not available locally,2026-08-15T16:05:10+09:00
285690,KR7285690004,FOCUS ESG리더스,2017-12-13,KRX KIND 신규상장 공시,provisional,listing_prices_cache,cache_provenance_pending,,,23030,2026-08-14,22255,0,2263,0,not_reviewed,existing_anchor_unreverified,calculated,backfill_pending,full daily history is not available locally,2026-08-15T16:05:10+09:00
287180,KR7287180004,PLUS 미국나스닥테크,2017-12-13,KRX KIND 신규상장 공시,provisional,listing_prices_cache,cache_provenance_pending,,,49150,2026-08-14,58660,0,2263,0,not_reviewed,existing_anchor_unreverified,calculated,backfill_pending,full daily history is not available locally,2026-08-15T16:05:10+09:00
289040,KR7289040008,KODEX MSCI KOREA ESG유니버설,2018-02-07,KRX KIND 신규상장 공시,provisional,listing_prices_cache,cache_provenance_pending,,,29920,2026-08-14,33750,0,2223,0,not_reviewed,existing_anchor_unreverified,calculated,backfill_pending,full daily history is not available locally,2026-08-15T16:05:10+09:00
289250,KR7289250003,TIGER MSCI KOREA ESG유니버설,2018-02-07,KRX KIND 신규상장 공시,provisional,listing_prices_cache,cache_provenance_pending,,,30405,2026-08-14,35240,0,2223,0,not_reviewed,existing_anchor_unreverified,calculated,backfill_pending,full daily history is not available locally,2026-08-15T16:05:10+09:00
289260,KR7289260002,TIGER MSCI KOREA ESG리더스,2018-02-07,KRX KIND 신규상장 공시,provisional,listing_prices_cache,cache_provenance_pending,,,25475,2026-08-14,29260,0,2223,0,not_reviewed,existing_anchor_unreverified,calculated,backfill_pending,full daily history is not available locally,2026-08-15T16:05:10+09:00
289480,KR7289480006,TIGER 200커버드콜,2018-02-09,KRX KIND 신규상장 공시,provisional,listing_prices_cache,cache_provenance_pending,,,11540,2026-08-14,12590,0,2221,0,not_reviewed,existing_anchor_unreverified,calculated,backfill_pending,full daily history is not available locally,2026-08-15T16:05:10+09:00
289670,KR7289670002,PLUS 국채선물10년,2018-02-07,KRX KIND 신규상장 공시,provisional,listing_prices_cache,cache_provenance_pending,,,53100,2026-08-14,52090,0,2223,0,not_reviewed,existing_anchor_unreverified,calculated,backfill_pending,full daily history is not available locally,2026-08-15T16:05:10+09:00
290080,KR7290080001,RISE 200고배당커버드콜ATM,2018-02-27,KRX KIND 신규상장 공시,provisional,listing_prices_cache,cache_provenance_pending,,,8375,2026-08-14,7330,0,2209,0,not_reviewed,existing_anchor_unreverified,calculated,backfill_pending,full daily history is not available locally,2026-08-15T16:05:10+09:00
290130,KR7290130004,RISE ESG사회책임투자,2018-02-27,KRX KIND 신규상장 공시,provisional,listing_prices_cache,cache_provenance_pending,,,41480,2026-08-14,47740,0,2209,0,not_reviewed,existing_anchor_unreverified,calculated,backfill_pending,full daily history is not available locally,2026-08-15T16:05:10+09:00
291130,KR7291130003,ACE MSCI멕시코(합성),2018-03-09,KRX KIND 신규상장 공시,provisional,listing_prices_cache,cache_provenance_pending,,,19685,2026-08-14,18445,0,2201,0,not_reviewed,existing_anchor_unreverified,calculated,backfill_pending,full daily history is not available locally,2026-08-15T16:05:10+09:00
291620,KR7291620003,KIWOOM 코스닥150선물인버스,2018-03-16,KRX KIND 신규상장 공시,provisional,listing_prices_cache,cache_provenance_pending,,,3480,2026-08-14,4100,0,2196,0,not_reviewed,existing_anchor_unreverified,calculated,backfill_pending,full daily history is not available locally,2026-08-15T16:05:10+09:00
291630,KR7291630002,KIWOOM 코스닥150선물레버리지,2018-03-16,KRX KIND 신규상장 공시,provisional,listing_prices_cache,cache_provenance_pending,,,8795,2026-08-14,3920,0,2196,0,not_reviewed,existing_anchor_unreverified,calculated,backfill_pending,full daily history is not available locally,2026-08-15T16:05:10+09:00
291680,KR7291680007,RISE 차이나H선물인버스(H),2018-03-23,KRX KIND 신규상장 공시,provisional,listing_prices_cache,cache_provenance_pending,,,7815,2026-08-14,7885,0,2191,0,not_reviewed,existing_anchor_unreverified,calculated,backfill_pending,full daily history is not available locally,2026-08-15T16:05:10+09:00
291890,KR7291890002,KODEX MSCI EM선물(H),2018-03-23,KRX KIND 신규상장 공시,provisional,listing_prices_cache,cache_provenance_pending,,,11750,2026-08-14,12295,0,2191,0,not_reviewed,existing_anchor_unreverified,calculated,backfill_pending,full daily history is not available locally,2026-08-15T16:05:10+09:00
292050,KR7292050002,RISE KRX300,2018-03-26,KRX KIND 신규상장 공시,provisional,listing_prices_cache,cache_provenance_pending,,,46950,2026-08-14,50110,0,2190,0,not_reviewed,existing_anchor_unreverified,calculated,backfill_pending,full daily history is not available locally,2026-08-15T16:05:10+09:00
292150,KR7292150000,TIGER 코리아TOP10,2018-03-30,KRX KIND 신규상장 공시,provisional,listing_prices_cache,cache_provenance_pending,,,35035,2026-08-14,38530,0,2186,0,not_reviewed,existing_anchor_unreverified,calculated,backfill_pending,full daily history is not available locally,2026-08-15T16:05:10+09:00
292160,KR7292160009,TIGER KRX300,2018-03-26,KRX KIND 신규상장 공시,provisional,listing_prices_cache,cache_provenance_pending,,,45840,2026-08-14,48760,0,2190,0,not_reviewed,existing_anchor_unreverified,calculated,backfill_pending,full daily history is not available locally,2026-08-15T16:05:10+09:00
292190,KR7292190006,KODEX KRX300,2018-03-26,KRX KIND 신규상장 공시,provisional,listing_prices_cache,cache_provenance_pending,,,45735,2026-08-14,48565,0,2190,0,not_reviewed,existing_anchor_unreverified,calculated,backfill_pending,full daily history is not available locally,2026-08-15T16:05:10+09:00
292500,KR7292500006,SOL KRX300,2018-03-26,KRX KIND 신규상장 공시,provisional,listing_prices_cache,cache_provenance_pending,,,46535,2026-08-14,49710,0,2190,0,not_reviewed,existing_anchor_unreverified,calculated,backfill_pending,full daily history is not available locally,2026-08-15T16:05:10+09:00
292560,KR7292560000,TIGER 일본엔선물,2018-04-17,KRX KIND 신규상장 공시,provisional,listing_prices_cache,cache_provenance_pending,,,8550,2026-08-14,8255,0,2174,0,not_reviewed,existing_anchor_unreverified,calculated,backfill_pending,full daily history is not available locally,2026-08-15T16:05:10+09:00
292770,KR7292770005,KODEX 국채선물3년인버스,2018-04-13,KRX KIND 신규상장 공시,provisional,listing_prices_cache,cache_provenance_pending,,,57270,2026-08-14,57600,0,2176,0,not_reviewed,existing_anchor_unreverified,calculated,backfill_pending,full daily history is not available locally,2026-08-15T16:05:10+09:00
293180,KR7293180006,HANARO 200,2018-03-30,KRX KIND 신규상장 공시,provisional,listing_prices_cache,cache_provenance_pending,,,101080,2026-08-14,110430,0,2186,0,not_reviewed,existing_anchor_unreverified,calculated,backfill_pending,full daily history is not available locally,2026-08-15T16:05:10+09:00
294400,KR7294400007,KIWOOM 200TR,2018-04-23,KRX KIND 신규상장 공시,provisional,listing_prices_cache,cache_provenance_pending,,,131295,2026-08-14,144570,0,2170,0,not_reviewed,existing_anchor_unreverified,calculated,backfill_pending,full daily history is not available locally,2026-08-15T16:05:10+09:00
295000,KR7295000004,RISE 국채선물10년,2018-05-11,KRX KIND 신규상장 공시,provisional,listing_prices_cache,cache_provenance_pending,,,52475,2026-08-14,51385,0,2156,0,not_reviewed,existing_anchor_unreverified,calculated,backfill_pending,full daily history is not available locally,2026-08-15T16:05:10+09:00
295020,KR7295020002,RISE 국채선물10년인버스,2018-05-11,KRX KIND 신규상장 공시,provisional,listing_prices_cache,cache_provenance_pending,,,58605,2026-08-14,60505,0,2156,0,not_reviewed,existing_anchor_unreverified,calculated,backfill_pending,full daily history is not available locally,2026-08-15T16:05:10+09:00
295040,KR7295040000,SOL 200TR,2018-04-23,KRX KIND 신규상장 공시,provisional,listing_prices_cache,cache_provenance_pending,,,37570,2026-08-14,41280,0,2170,0,not_reviewed,existing_anchor_unreverified,calculated,backfill_pending,full daily history is not available locally,2026-08-15T16:05:10+09:00
298340,KR7298340001,PLUS 국채선물3년,2018-06-08,KRX KIND 신규상장 공시,provisional,listing_prices_cache,cache_provenance_pending,,,56120,2026-08-14,56515,0,2136,0,not_reviewed,existing_anchor_unreverified,calculated,backfill_pending,full daily history is not available locally,2026-08-15T16:05:10+09:00
298770,KR7298770009,KODEX 한국대만IT프리미어,2018-06-11,KRX KIND 신규상장 공시,provisional,listing_prices_cache,cache_provenance_pending,,,70020,2026-08-14,83145,0,2135,0,not_reviewed,existing_anchor_unreverified,calculated,backfill_pending,full daily history is not available locally,2026-08-15T16:05:10+09:00
300610,KR7300610003,TIGER K게임,2018-07-24,KRX KIND 신규상장 공시,provisional,listing_prices_cache,cache_provenance_pending,,,6990,2026-08-14,5600,0,2104,0,not_reviewed,existing_anchor_unreverified,calculated,backfill_pending,full daily history is not available locally,2026-08-15T16:05:10+09:00
300640,KR7300640000,RISE 게임테마,2018-07-24,KRX KIND 신규상장 공시,provisional,listing_prices_cache,cache_provenance_pending,,,8185,2026-08-14,6695,0,2104,0,not_reviewed,existing_anchor_unreverified,calculated,backfill_pending,full daily history is not available locally,2026-08-15T16:05:10+09:00
300950,KR7300950003,KODEX 게임산업,2018-07-24,KRX KIND 신규상장 공시,provisional,listing_prices_cache,cache_provenance_pending,,,7095,2026-08-14,5740,0,2104,0,not_reviewed,existing_anchor_unreverified,calculated,backfill_pending,full daily history is not available locally,2026-08-15T16:05:10+09:00
301400,KR7301400008,PLUS 코스닥150,2018-07-05,KRX KIND 신규상장 공시,provisional,listing_prices_cache,cache_provenance_pending,,,20665,2026-08-14,14950,0,2117,0,not_reviewed,existing_anchor_unreverified,calculated,backfill_pending,full daily history is not available locally,2026-08-15T16:05:10+09:00
302190,KR7302190004,TIGER 중장기국채,2018-07-20,KRX KIND 신규상장 공시,provisional,listing_prices_cache,cache_provenance_pending,,,50495,2026-08-14,50110,0,2106,0,not_reviewed,existing_anchor_unreverified,calculated,backfill_pending,full daily history is not available locally,2026-08-15T16:05:10+09:00
302450,KR7302450002,RISE 코스피,2018-07-24,KRX KIND 신규상장 공시,provisional,listing_prices_cache,cache_provenance_pending,,,69500,2026-08-14,72145,0,2104,0,not_reviewed,existing_anchor_unreverified,calculated,backfill_pending,full daily history is not available locally,2026-08-15T16:05:10+09:00
304660,KR7304660004,KODEX 미국30년국채울트라선물(H),2018-09-12,KRX KIND 신규상장 공시,provisional,listing_prices_cache,cache_provenance_pending,,,7500,2026-08-14,7265,0,2068,0,not_reviewed,existing_anchor_unreverified,calculated,backfill_pending,full daily history is not available locally,2026-08-15T16:05:10+09:00
304670,KR7304670003,KODEX 미국30년국채울트라선물인버스(H),2018-09-12,KRX KIND 신규상장 공시,provisional,listing_prices_cache,cache_provenance_pending,,,11885,2026-08-14,12380,0,2068,0,not_reviewed,existing_anchor_unreverified,calculated,backfill_pending,full daily history is not available locally,2026-08-15T16:05:10+09:00
304760,KR7304760002,HANARO KRX300,2018-08-14,KRX KIND 신규상장 공시,provisional,listing_prices_cache,cache_provenance_pending,,,45000,2026-08-14,48210,0,2089,0,not_reviewed,existing_anchor_unreverified,calculated,backfill_pending,full daily history is not available locally,2026-08-15T16:05:10+09:00
304770,KR7304770001,HANARO 코스닥150,2018-08-14,KRX KIND 신규상장 공시,provisional,listing_prices_cache,cache_provenance_pending,,,20430,2026-08-14,14850,0,2089,0,not_reviewed,existing_anchor_unreverified,calculated,backfill_pending,full daily history is not available locally,2026-08-15T16:05:10+09:00
304780,KR7304780000,HANARO 200선물레버리지,2018-08-14,KRX KIND 신규상장 공시,provisional,listing_prices_cache,cache_provenance_pending,,,130805,2026-08-14,128620,0,2089,0,not_reviewed,existing_anchor_unreverified,calculated,backfill_pending,full daily history is not available locally,2026-08-15T16:05:10+09:00
304940,KR7304940000,KODEX 미국나스닥100선물(H),2018-08-30,KRX KIND 신규상장 공시,provisional,listing_prices_cache,cache_provenance_pending,,,30210,2026-08-14,33095,0,2077,0,not_reviewed,existing_anchor_unreverified,calculated,backfill_pending,full daily history is not available locally,2026-08-15T16:05:10+09:00
305050,KR7305050007,ACE 코스피,2018-10-05,KRX KIND 신규상장 공시,provisional,listing_prices_cache,cache_provenance_pending,,,69810,2026-08-14,72390,0,2051,0,not_reviewed,existing_anchor_unreverified,calculated,backfill_pending,full daily history is not available locally,2026-08-15T16:05:10+09:00
305080,KR7305080004,TIGER 미국채10년선물,2018-08-30,KRX KIND 신규상장 공시,provisional,listing_prices_cache,cache_provenance_pending,,,13320,2026-08-14,12655,0,2077,0,not_reviewed,existing_anchor_unreverified,calculated,backfill_pending,full daily history is not available locally,2026-08-15T16:05:10+09:00
305540,KR7305540007,TIGER 2차전지테마,2018-09-12,KRX KIND 신규상장 공시,provisional,listing_prices_cache,cache_provenance_pending,,,26785,2026-08-14,18795,0,2068,0,not_reviewed,existing_anchor_unreverified,calculated,backfill_pending,full daily history is not available locally,2026-08-15T16:05:10+09:00
305720,KR7305720005,KODEX 2차전지산업,2018-09-12,KRX KIND 신규상장 공시,provisional,listing_prices_cache,cache_provenance_pending,,,21575,2026-08-14,14850,0,2068,0,not_reviewed,existing_anchor_unreverified,calculated,backfill_pending,full daily history is not available locally,2026-08-15T16:05:10+09:00
306520,KR7306520008,HANARO 200선물인버스,2018-09-18,KRX KIND 신규상장 공시,provisional,listing_prices_cache,cache_provenance_pending,,,3100,2026-08-14,2400,0,2064,0,not_reviewed,existing_anchor_unreverified,calculated,backfill_pending,full daily history is not available locally,2026-08-15T16:05:10+09:00
306530,KR7306530007,HANARO 코스닥150선물레버리지,2018-09-18,KRX KIND 신규상장 공시,provisional,listing_prices_cache,cache_provenance_pending,,,17750,2026-08-14,7880,0,2064,0,not_reviewed,existing_anchor_unreverified,calculated,backfill_pending,full daily history is not available locally,2026-08-15T16:05:10+09:00
306950,KR7306950007,KODEX KRX300레버리지,2018-10-16,KRX KIND 신규상장 공시,provisional,listing_prices_cache,cache_provenance_pending,,,85890,2026-08-14,80385,0,2044,0,not_reviewed,existing_anchor_unreverified,calculated,backfill_pending,full daily history is not available locally,2026-08-15T16:05:10+09:00
307510,KR7307510008,TIGER 의료기기,2018-11-08,KRX KIND 신규상장 공시,provisional,listing_prices_cache,cache_provenance_pending,,,18645,2026-08-14,13500,0,2027,0,not_reviewed,existing_anchor_unreverified,calculated,backfill_pending,full daily history is not available locally,2026-08-15T16:05:10+09:00
307520,KR7307520007,TIGER 지주회사,2018-11-08,KRX KIND 신규상장 공시,provisional,listing_prices_cache,cache_provenance_pending,,,24160,2026-08-14,22500,0,2027,0,not_reviewed,existing_anchor_unreverified,calculated,backfill_pending,full daily history is not available locally,2026-08-15T16:05:10+09:00
308620,KR7308620004,KODEX 미국10년국채선물,2018-10-19,KRX KIND 신규상장 공시,provisional,listing_prices_cache,cache_provenance_pending,,,12480,2026-08-14,11890,0,2041,0,not_reviewed,existing_anchor_unreverified,calculated,backfill_pending,full daily history is not available locally,2026-08-15T16:05:10+09:00
309230,KR7309230001,ACE 미국WideMoat동일가중,2018-10-25,KRX KIND 신규상장 공시,provisional,listing_prices_cache,cache_provenance_pending,,,30090,2026-08-14,32455,0,2037,0,not_reviewed,existing_anchor_unreverified,calculated,backfill_pending,full daily history is not available locally,2026-08-15T16:05:10+09:00
310080,KR7310080007,RISE 중국MSCI China(H),2018-11-28,KRX KIND 신규상장 공시,provisional,listing_prices_cache,cache_provenance_pending,,,9695,2026-08-14,9250,0,2013,0,not_reviewed,existing_anchor_unreverified,calculated,backfill_pending,full daily history is not available locally,2026-08-15T16:05:10+09:00
310960,KR7310960000,TIGER 200TR,2018-11-20,KRX KIND 신규상장 공시,provisional,listing_prices_cache,cache_provenance_pending,,,58640,2026-08-14,64235,0,2019,0,not_reviewed,existing_anchor_unreverified,calculated,backfill_pending,full daily history is not available locally,2026-08-15T16:05:10+09:00
310970,KR7310970009,TIGER MSCI Korea TR,2018-11-20,KRX KIND 신규상장 공시,provisional,listing_prices_cache,cache_provenance_pending,,,44160,2026-08-14,49285,0,2019,0,not_reviewed,existing_anchor_unreverified,calculated,backfill_pending,full daily history is not available locally,2026-08-15T16:05:10+09:00
314250,KR7314250002,KODEX 미국빅테크10(H),2019-01-10,KRX KIND 신규상장 공시,provisional,listing_prices_cache,cache_provenance_pending,,,55285,2026-08-14,63150,0,1982,0,not_reviewed,existing_anchor_unreverified,calculated,backfill_pending,full daily history is not available locally,2026-08-15T16:05:10+09:00
314700,KR7314700006,HANARO 농업융복합산업,2018-12-21,KRX KIND 신규상장 공시,provisional,listing_prices_cache,cache_provenance_pending,,,13575,2026-08-14,10905,0,1996,0,not_reviewed,existing_anchor_unreverified,calculated,backfill_pending,full daily history is not available locally,2026-08-15T16:05:10+09:00
315270,KR7315270009,TIGER 200커뮤니케이션서비스,2019-01-15,KRX KIND 신규상장 공시,provisional,listing_prices_cache,cache_provenance_pending,,,23110,2026-08-14,21030,0,1979,0,not_reviewed,existing_anchor_unreverified,calculated,backfill_pending,full daily history is not available locally,2026-08-15T16:05:10+09:00
315930,KR7315930008,KODEX Top5PlusTR,2019-01-22,KRX KIND 신규상장 공시,provisional,listing_prices_cache,cache_provenance_pending,,,71605,2026-08-14,82850,0,1974,0,not_reviewed,existing_anchor_unreverified,calculated,backfill_pending,full daily history is not available locally,2026-08-15T16:05:10+09:00
315960,KR7315960005,RISE 대형고배당10TR,2019-01-22,KRX KIND 신규상장 공시,provisional,listing_prices_cache,cache_provenance_pending,,,69470,2026-08-14,78865,0,1974,0,not_reviewed,existing_anchor_unreverified,calculated,backfill_pending,full daily history is not available locally,2026-08-15T16:05:10+09:00
316300,KR7316300003,ACE 싱가포르리츠,2019-01-29,KRX KIND 신규상장 공시,provisional,listing_prices_cache,cache_provenance_pending,,,14260,2026-08-14,13375,0,1969,0,not_reviewed,existing_anchor_unreverified,calculated,backfill_pending,full daily history is not available locally,2026-08-15T16:05:10+09:00
316670,KR7316670009,KIWOOM 코스닥150,2019-01-22,KRX KIND 신규상장 공시,provisional,listing_prices_cache,cache_provenance_pending,,,10200,2026-08-14,7405,0,1974,0,not_reviewed,existing_anchor_unreverified,calculated,backfill_pending,full daily history is not available locally,2026-08-15T16:05:10+09:00
319640,KR7319640009,TIGER 골드선물(H),2019-04-09,KRX KIND 신규상장 공시,provisional,listing_prices_cache,cache_provenance_pending,,,27700,2026-08-14,25565,0,1919,0,not_reviewed,existing_anchor_unreverified,calculated,backfill_pending,full daily history is not available locally,2026-08-15T16:05:10+09:00
321410,KR7321410003,KODEX 멀티에셋하이인컴(H),2019-06-05,KRX KIND 신규상장 공시,provisional,listing_prices_cache,cache_provenance_pending,,,10630,2026-08-14,10655,0,1878,0,not_reviewed,existing_anchor_unreverified,calculated,backfill_pending,full daily history is not available locally,2026-08-15T16:05:10+09:00
322400,KR7322400003,HANARO e커머스,2019-04-23,KRX KIND 신규상장 공시,provisional,listing_prices_cache,cache_provenance_pending,,,12285,2026-08-14,10735,0,1909,0,not_reviewed,existing_anchor_unreverified,calculated,backfill_pending,full daily history is not available locally,2026-08-15T16:05:10+09:00
322410,KR7322410002,HANARO K고배당,2019-04-23,KRX KIND 신규상장 공시,provisional,listing_prices_cache,cache_provenance_pending,,,24365,2026-08-14,23350,0,1909,0,not_reviewed,existing_anchor_unreverified,calculated,backfill_pending,full daily history is not available locally,2026-08-15T16:05:10+09:00
325010,KR7325010007,KODEX 성장주,2019-05-31,KRX KIND 신규상장 공시,provisional,listing_prices_cache,cache_provenance_pending,,,40835,2026-08-14,43780,0,1881,0,not_reviewed,existing_anchor_unreverified,calculated,backfill_pending,full daily history is not available locally,2026-08-15T16:05:10+09:00
325020,KR7325020006,KODEX 배당가치,2019-05-31,KRX KIND 신규상장 공시,provisional,listing_prices_cache,cache_provenance_pending,,,28380,2026-08-14,30040,0,1881,0,not_reviewed,existing_anchor_unreverified,calculated,backfill_pending,full daily history is not available locally,2026-08-15T16:05:10+09:00
326230,KR7326230000,RISE 내수주플러스,2019-06-20,KRX KIND 신규상장 공시,provisional,listing_prices_cache,cache_provenance_pending,,,12535,2026-08-14,11540,0,1867,0,not_reviewed,existing_anchor_unreverified,calculated,backfill_pending,full daily history is not available locally,2026-08-15T16:05:10+09:00
326240,KR7326240009,RISE IT플러스,2019-06-20,KRX KIND 신규상장 공시,provisional,listing_prices_cache,cache_provenance_pending,,,42085,2026-08-14,44990,0,1867,0,not_reviewed,existing_anchor_unreverified,calculated,backfill_pending,full daily history is not available locally,2026-08-15T16:05:10+09:00
328370,KR7328370002,PLUS 코스피TR,2019-06-25,KRX KIND 신규상장 공시,provisional,listing_prices_cache,cache_provenance_pending,,,37330,2026-08-14,39090,0,1864,0,not_reviewed,existing_anchor_unreverified,calculated,backfill_pending,full daily history is not available locally,2026-08-15T16:05:10+09:00
329200,KR7329200000,TIGER 리츠부동산인프라,2019-07-19,KRX KIND 신규상장 공시,provisional,listing_prices_cache,cache_provenance_pending,,,4925,2026-08-14,4135,0,1846,0,not_reviewed,existing_anchor_unreverified,calculated,backfill_pending,full daily history is not available locally,2026-08-15T16:05:10+09:00
329650,KR7329650006,KODEX TRF3070,2019-07-04,KRX KIND 신규상장 공시,provisional,listing_prices_cache,cache_provenance_pending,,,14455,2026-08-14,14230,0,1857,0,not_reviewed,existing_anchor_unreverified,calculated,backfill_pending,full daily history is not available locally,2026-08-15T16:05:10+09:00
329660,KR7329660005,KODEX TRF5050,2019-07-04,KRX KIND 신규상장 공시,provisional,listing_prices_cache,cache_provenance_pending,,,18030,2026-08-14,18190,0,1857,0,not_reviewed,existing_anchor_unreverified,calculated,backfill_pending,full daily history is not available locally,2026-08-15T16:05:10+09:00
329670,KR7329670004,KODEX TRF7030,2019-07-04,KRX KIND 신규상장 공시,provisional,listing_prices_cache,cache_provenance_pending,,,22180,2026-08-14,22620,0,1857,0,not_reviewed,existing_anchor_unreverified,calculated,backfill_pending,full daily history is not available locally,2026-08-15T16:05:10+09:00
329750,KR7329750004,TIGER 미국달러단기채권액티브,2019-07-24,KRX KIND 신규상장 공시,provisional,listing_prices_cache,cache_provenance_pending,,,13790,2026-08-14,13380,0,1843,0,not_reviewed,existing_anchor_unreverified,calculated,backfill_pending,full daily history is not available locally,2026-08-15T16:05:10+09:00
332500,KR7332500008,ACE 200TR,2019-08-28,KRX KIND 신규상장 공시,provisional,listing_prices_cache,cache_provenance_pending,,,67465,2026-08-14,74090,0,1818,0,not_reviewed,existing_anchor_unreverified,calculated,backfill_pending,full daily history is not available locally,2026-08-15T16:05:10+09:00
332610,KR7332610005,PLUS 미국단기회사채(AAA~A),2019-08-20,KRX KIND 신규상장 공시,provisional,listing_prices_cache,cache_provenance_pending,,,134690,2026-08-14,128995,0,1824,0,not_reviewed,existing_anchor_unreverified,calculated,backfill_pending,full daily history is not available locally,2026-08-15T16:05:10+09:00
332620,KR7332620004,PLUS 미국장기우량회사채,2019-08-20,KRX KIND 신규상장 공시,provisional,listing_prices_cache,cache_provenance_pending,,,98260,2026-08-14,90785,0,1824,0,not_reviewed,existing_anchor_unreverified,calculated,backfill_pending,full daily history is not available locally,2026-08-15T16:05:10+09:00
332930,KR7332930007,HANARO 200TR,2019-08-28,KRX KIND 신규상장 공시,provisional,listing_prices_cache,cache_provenance_pending,,,131490,2026-08-14,144585,0,1818,0,not_reviewed,existing_anchor_unreverified,calculated,backfill_pending,full daily history is not available locally,2026-08-15T16:05:10+09:00
332940,KR7332940006,HANARO MSCI Korea TR,2019-08-28,KRX KIND 신규상장 공시,provisional,listing_prices_cache,cache_provenance_pending,,,43980,2026-08-14,49355,0,1818,0,not_reviewed,existing_anchor_unreverified,calculated,backfill_pending,full daily history is not available locally,2026-08-15T16:05:10+09:00
334690,KR7334690005,RISE 팔라듐선물(H),2019-09-24,KRX KIND 신규상장 공시,provisional,listing_prices_cache,cache_provenance_pending,,,6765,2026-08-14,5935,0,1799,0,not_reviewed,existing_anchor_unreverified,calculated,backfill_pending,full daily history is not available locally,2026-08-15T16:05:10+09:00
334700,KR7334700002,RISE 팔라듐선물인버스(H),2019-09-24,KRX KIND 신규상장 공시,provisional,listing_prices_cache,cache_provenance_pending,,,3205,2026-08-14,3380,0,1799,0,not_reviewed,existing_anchor_unreverified,calculated,backfill_pending,full daily history is not available locally,2026-08-15T16:05:10+09:00
336160,KR7336160007,RISE 금융채액티브,2019-10-29,KRX KIND 신규상장 공시,provisional,listing_prices_cache,cache_provenance_pending,,,100980,2026-08-14,100390,0,1774,0,not_reviewed,existing_anchor_unreverified,calculated,backfill_pending,full daily history is not available locally,2026-08-15T16:05:10+09:00
337120,KR7337120000,KODEX 멀티팩터,2019-11-14,KRX KIND 신규상장 공시,provisional,listing_prices_cache,cache_provenance_pending,,,33075,2026-08-14,35135,0,1762,0,not_reviewed,existing_anchor_unreverified,calculated,backfill_pending,full daily history is not available locally,2026-08-15T16:05:10+09:00
337140,KR7337140008,KODEX 코스피대형주,2019-11-14,KRX KIND 신규상장 공시,provisional,listing_prices_cache,cache_provenance_pending,,,34510,2026-08-14,36780,0,1762,0,not_reviewed,existing_anchor_unreverified,calculated,backfill_pending,full daily history is not available locally,2026-08-15T16:05:10+09:00
337150,KR7337150007,KODEX 200exTOP,2019-11-14,KRX KIND 신규상장 공시,provisional,listing_prices_cache,cache_provenance_pending,,,28565,2026-08-14,26445,0,1762,0,not_reviewed,existing_anchor_unreverified,calculated,backfill_pending,full daily history is not available locally,2026-08-15T16:05:10+09:00
337160,KR7337160006,KODEX 200ESG,2019-11-14,KRX KIND 신규상장 공시,provisional,listing_prices_cache,cache_provenance_pending,,,41685,2026-08-14,48820,0,1762,0,not_reviewed,existing_anchor_unreverified,calculated,backfill_pending,full daily history is not available locally,2026-08-15T16:05:10+09:00
341850,KR7341850006,TIGER 리츠부동산인프라채권,2020-05-22,KRX KIND 신규상장 공시,provisional,listing_prices_cache,cache_provenance_pending,,,5245,2026-08-14,4645,0,1626,0,not_reviewed,existing_anchor_unreverified,calculated,backfill_pending,full daily history is not available locally,2026-08-15T16:05:10+09:00
352540,KR7352540009,KODEX 일본부동산리츠(H),2020-05-13,KRX KIND 신규상장 공시,provisional,listing_prices_cache,cache_provenance_pending,,,11895,2026-08-14,11350,0,1633,0,not_reviewed,existing_anchor_unreverified,calculated,backfill_pending,full daily history is not available locally,2026-08-15T16:05:10+09:00
352560,KR7352560007,KODEX 미국부동산리츠(H),2020-05-13,KRX KIND 신규상장 공시,provisional,listing_prices_cache,cache_provenance_pending,,,12285,2026-08-14,12600,0,1633,0,not_reviewed,existing_anchor_unreverified,calculated,backfill_pending,full daily history is not available locally,2026-08-15T16:05:10+09:00
354240,KR7354240004,RISE 미국고정배당우선증권,2020-05-19,KRX KIND 신규상장 공시,provisional,listing_prices_cache,cache_provenance_pending,,,11615,2026-08-14,10900,0,1629,0,not_reviewed,existing_anchor_unreverified,calculated,backfill_pending,full daily history is not available locally,2026-08-15T16:05:10+09:00
354350,KR7354350001,HANARO 글로벌럭셔리S&P(합성),2020-05-12,KRX KIND 신규상장 공시,provisional,listing_prices_cache,cache_provenance_pending,,,20085,2026-08-14,20445,0,1634,0,not_reviewed,existing_anchor_unreverified,calculated,backfill_pending,full daily history is not available locally,2026-08-15T16:05:10+09:00
354500,KR7354500001,ACE 코스닥150,2020-05-07,KRX KIND 신규상장 공시,provisional,listing_prices_cache,cache_provenance_pending,,,20595,2026-08-14,14980,0,1637,0,not_reviewed,existing_anchor_unreverified,calculated,backfill_pending,full daily history is not available locally,2026-08-15T16:05:10+09:00
356540,KR7356540005,ACE 종합채권(AA-이상)액티브,2020-07-21,KRX KIND 신규상장 공시,provisional,listing_prices_cache,cache_provenance_pending,,,103560,2026-08-14,101020,0,1584,0,not_reviewed,existing_anchor_unreverified,calculated,backfill_pending,full daily history is not available locally,2026-08-15T16:05:10+09:00
357870,KR7357870005,TIGER CD금리투자KIS(합성),2020-07-07,KRX KIND 신규상장 공시,provisional,listing_prices_cache,cache_provenance_pending,,,57410,2026-08-14,57915,0,1594,0,not_reviewed,existing_anchor_unreverified,calculated,backfill_pending,full daily history is not available locally,2026-08-15T16:05:10+09:00
359210,KR7359210002,KODEX 코스피TR,2020-07-21,KRX KIND 신규상장 공시,provisional,listing_prices_cache,cache_provenance_pending,,,34460,2026-08-14,36145,0,1584,0,not_reviewed,existing_anchor_unreverified,calculated,backfill_pending,full daily history is not available locally,2026-08-15T16:05:10+09:00
360140,KR7360140008,KODEX 200롱코스닥150숏선물,2020-08-21,KRX KIND 신규상장 공시,provisional,listing_prices_cache,cache_provenance_pending,,,15140,2026-08-14,21850,0,1561,0,not_reviewed,existing_anchor_unreverified,calculated,backfill_pending,full daily history is not available locally,2026-08-15T16:05:10+09:00
360150,KR7360150007,KODEX 코스닥150롱코스피200숏선물,2020-08-21,KRX KIND 신규상장 공시,provisional,listing_prices_cache,cache_provenance_pending,,,5285,2026-08-14,3245,0,1561,0,not_reviewed,existing_anchor_unreverified,calculated,backfill_pending,full daily history is not available locally,2026-08-15T16:05:10+09:00
360200,KR7360200000,ACE 미국S&P500,2020-08-07,KRX KIND 신규상장 공시,provisional,listing_prices_cache,cache_provenance_pending,,,26525,2026-08-14,27700,0,1571,0,not_reviewed,existing_anchor_unreverified,calculated,backfill_pending,full daily history is not available locally,2026-08-15T16:05:10+09:00
360750,KR7360750004,TIGER 미국S&P500,2020-08-07,KRX KIND 신규상장 공시,provisional,listing_prices_cache,cache_provenance_pending,,,26260,2026-08-14,27410,0,1571,0,not_reviewed,existing_anchor_unreverified,calculated,backfill_pending,full daily history is not available locally,2026-08-15T16:05:10+09:00
361580,KR7361580004,RISE 200TR,2020-08-21,KRX KIND 신규상장 공시,provisional,listing_prices_cache,cache_provenance_pending,,,57010,2026-08-14,62580,0,1561,0,not_reviewed,existing_anchor_unreverified,calculated,backfill_pending,full daily history is not available locally,2026-08-15T16:05:10+09:00
363510,KR7363510009,SOL KIS단기통안채,2020-09-09,KRX KIND 신규상장 공시,provisional,listing_prices_cache,cache_provenance_pending,,,111250,2026-08-14,112030,0,1548,0,not_reviewed,existing_anchor_unreverified,calculated,backfill_pending,full daily history is not available locally,2026-08-15T16:05:10+09:00
363570,KR7363570003,KODEX 장기종합채권(AA-이상)액티브,2020-09-25,KRX KIND 신규상장 공시,provisional,listing_prices_cache,cache_provenance_pending,,,92170,2026-08-14,85945,0,1536,0,not_reviewed,existing_anchor_unreverified,calculated,backfill_pending,full daily history is not available locally,2026-08-15T16:05:10+09:00
363580,KR7363580002,KODEX 200IT TR,2020-09-25,KRX KIND 신규상장 공시,provisional,listing_prices_cache,cache_provenance_pending,,,45345,2026-08-14,57600,0,1536,0,not_reviewed,existing_anchor_unreverified,calculated,backfill_pending,full daily history is not available locally,2026-08-15T16:05:10+09:00
364690,KR7364690008,KODEX 혁신기술테마액티브,2020-09-29,KRX KIND 신규상장 공시,provisional,listing_prices_cache,cache_provenance_pending,,,37505,2026-08-14,40000,0,1534,0,not_reviewed,existing_anchor_unreverified,calculated,backfill_pending,full daily history is not available locally,2026-08-15T16:05:10+09:00
364960,KR7364960005,TIGER BBIG,2020-10-07,KRX KIND 신규상장 공시,provisional,listing_prices_cache,cache_provenance_pending,,,8110,2026-08-14,6865,0,1528,0,not_reviewed,existing_anchor_unreverified,calculated,backfill_pending,full daily history is not available locally,2026-08-15T16:05:10+09:00
364970,KR7364970004,TIGER 바이오TOP10,2020-10-07,KRX KIND 신규상장 공시,provisional,listing_prices_cache,cache_provenance_pending,,,8255,2026-08-14,7880,0,1528,0,not_reviewed,existing_anchor_unreverified,calculated,backfill_pending,full daily history is not available locally,2026-08-15T16:05:10+09:00
364980,KR7364980003,TIGER 2차전지TOP10,2020-10-07,KRX KIND 신규상장 공시,provisional,listing_prices_cache,cache_provenance_pending,,,14040,2026-08-14,10280,0,1528,0,not_reviewed,existing_anchor_unreverified,calculated,backfill_pending,full daily history is not available locally,2026-08-15T16:05:10+09:00
364990,KR7364990002,TIGER 게임TOP10,2020-10-07,KRX KIND 신규상장 공시,provisional,listing_prices_cache,cache_provenance_pending,,,6075,2026-08-14,5085,0,1528,0,not_reviewed,existing_anchor_unreverified,calculated,backfill_pending,full daily history is not available locally,2026-08-15T16:05:10+09:00
365000,KR7365000009,TIGER 인터넷TOP10,2020-10-07,KRX KIND 신규상장 공시,provisional,listing_prices_cache,cache_provenance_pending,,,4925,2026-08-14,3935,0,1528,0,not_reviewed,existing_anchor_unreverified,calculated,backfill_pending,full daily history is not available locally,2026-08-15T16:05:10+09:00
365040,KR7365040005,TIGER AI코리아그로스액티브,2020-09-29,KRX KIND 신규상장 공시,provisional,listing_prices_cache,cache_provenance_pending,,,34090,2026-08-14,36745,0,1534,0,not_reviewed,existing_anchor_unreverified,calculated,backfill_pending,full daily history is not available locally,2026-08-15T16:05:10+09:00
365780,KR7365780006,ACE 국고채10년,2020-10-15,KRX KIND 신규상장 공시,provisional,listing_prices_cache,cache_provenance_pending,,,84220,2026-08-14,82550,0,1522,0,not_reviewed,existing_anchor_unreverified,calculated,backfill_pending,full daily history is not available locally,2026-08-15T16:05:10+09:00
367380,KR7367380003,ACE 미국나스닥100,2020-10-29,KRX KIND 신규상장 공시,provisional,listing_prices_cache,cache_provenance_pending,,,30580,2026-08-14,32410,0,1512,0,not_reviewed,existing_anchor_unreverified,calculated,backfill_pending,full daily history is not available locally,2026-08-15T16:05:10+09:00
367740,KR7367740008,HANARO Fn5G산업,2020-10-29,KRX KIND 신규상장 공시,provisional,listing_prices_cache,cache_provenance_pending,,,39795,2026-08-14,43900,0,1512,0,not_reviewed,existing_anchor_unreverified,calculated,backfill_pending,full daily history is not available locally,2026-08-15T16:05:10+09:00
367760,KR7367760006,RISE 네트워크인프라,2020-10-29,KRX KIND 신규상장 공시,provisional,listing_prices_cache,cache_provenance_pending,,,49035,2026-08-14,60460,0,1512,0,not_reviewed,existing_anchor_unreverified,calculated,backfill_pending,full daily history is not available locally,2026-08-15T16:05:10+09:00
367770,KR7367770005,RISE 수소경제테마,2020-10-29,KRX KIND 신규상장 공시,provisional,listing_prices_cache,cache_provenance_pending,,,29830,2026-08-14,24200,0,1512,0,not_reviewed,existing_anchor_unreverified,calculated,backfill_pending,full daily history is not available locally,2026-08-15T16:05:10+09:00
368190,KR7368190005,HANARO Fn K-뉴딜디지털플러스,2020-11-10,KRX KIND 신규상장 공시,provisional,listing_prices_cache,cache_provenance_pending,,,9820,2026-08-14,8335,0,1504,0,not_reviewed,existing_anchor_unreverified,calculated,backfill_pending,full daily history is not available locally,2026-08-15T16:05:10+09:00
368590,KR7368590006,RISE 미국나스닥100,2020-11-06,KRX KIND 신규상장 공시,provisional,listing_prices_cache,cache_provenance_pending,,,29620,2026-08-14,31455,0,1506,0,not_reviewed,existing_anchor_unreverified,calculated,backfill_pending,full daily history is not available locally,2026-08-15T16:05:10+09:00
368680,KR7368680005,KODEX K-뉴딜디지털플러스,2020-11-10,KRX KIND 신규상장 공시,provisional,listing_prices_cache,cache_provenance_pending,,,9945,2026-08-14,8285,0,1504,0,not_reviewed,existing_anchor_unreverified,calculated,backfill_pending,full daily history is not available locally,2026-08-15T16:05:10+09:00
371150,KR7371150004,RISE 차이나항셍테크,2020-12-16,KRX KIND 신규상장 공시,provisional,listing_prices_cache,cache_provenance_pending,,,7615,2026-08-14,7120,0,1478,0,not_reviewed,existing_anchor_unreverified,calculated,backfill_pending,full daily history is not available locally,2026-08-15T16:05:10+09:00
371160,KR7371160003,TIGER 차이나항셍테크,2020-12-16,KRX KIND 신규상장 공시,provisional,listing_prices_cache,cache_provenance_pending,,,7805,2026-08-14,7300,0,1478,0,not_reviewed,existing_anchor_unreverified,calculated,backfill_pending,full daily history is not available locally,2026-08-15T16:05:10+09:00
371450,KR7371450008,TIGER 글로벌클라우드컴퓨팅INDXX,2020-12-08,KRX KIND 신규상장 공시,provisional,listing_prices_cache,cache_provenance_pending,,,10435,2026-08-14,14700,0,1484,0,not_reviewed,existing_anchor_unreverified,calculated,backfill_pending,full daily history is not available locally,2026-08-15T16:05:10+09:00
371460,KR7371460007,TIGER 차이나전기차SOLACTIVE,2020-12-08,KRX KIND 신규상장 공시,provisional,listing_prices_cache,cache_provenance_pending,,,13960,2026-08-14,10935,0,1484,0,not_reviewed,existing_anchor_unreverified,calculated,backfill_pending,full daily history is not available locally,2026-08-15T16:05:10+09:00
371470,KR7371470006,TIGER 차이나바이오테크SOLACTIVE,2020-12-08,KRX KIND 신규상장 공시,provisional,listing_prices_cache,cache_provenance_pending,,,8515,2026-08-14,8780,0,1484,0,not_reviewed,existing_anchor_unreverified,calculated,backfill_pending,full daily history is not available locally,2026-08-15T16:05:10+09:00
371870,KR7371870007,ACE 차이나항셍테크,2020-12-16,KRX KIND 신규상장 공시,provisional,listing_prices_cache,cache_provenance_pending,,,7595,2026-08-14,7180,0,1478,0,not_reviewed,existing_anchor_unreverified,calculated,backfill_pending,full daily history is not available locally,2026-08-15T16:05:10+09:00
372330,KR7372330001,KODEX 차이나항셍테크,2020-12-16,KRX KIND 신규상장 공시,provisional,listing_prices_cache,cache_provenance_pending,,,7785,2026-08-14,7270,0,1478,0,not_reviewed,existing_anchor_unreverified,calculated,backfill_pending,full daily history is not available locally,2026-08-15T16:05:10+09:00
373490,KR7373490002,KODEX 코리아혁신성장액티브,2020-12-24,KRX KIND 신규상장 공시,provisional,listing_prices_cache,cache_provenance_pending,,,30370,2026-08-14,26405,0,1472,0,not_reviewed,existing_anchor_unreverified,calculated,backfill_pending,full daily history is not available locally,2026-08-15T16:05:10+09:00
373790,KR7373790005,KIWOOM 미국방어배당성장나스닥,2020-12-24,KRX KIND 신규상장 공시,provisional,listing_prices_cache,cache_provenance_pending,,,16225,2026-08-14,16280,0,1472,0,not_reviewed,existing_anchor_unreverified,calculated,backfill_pending,full daily history is not available locally,2026-08-15T16:05:10+09:00
375270,KR7375270006,RISE 글로벌데이터센터리츠(합성),2021-01-14,KRX KIND 신규상장 공시,provisional,listing_prices_cache,cache_provenance_pending,,,15595,2026-08-14,14545,0,1457,0,not_reviewed,existing_anchor_unreverified,calculated,backfill_pending,full daily history is not available locally,2026-08-15T16:05:10+09:00
375760,KR7375760006,HANARO 탄소효율그린뉴딜,2021-02-05,KRX KIND 신규상장 공시,provisional,listing_prices_cache,cache_provenance_pending,,,23180,2026-08-14,24945,0,1441,0,not_reviewed,existing_anchor_unreverified,calculated,backfill_pending,full daily history is not available locally,2026-08-15T16:05:10+09:00
375770,KR7375770005,KODEX 탄소효율그린뉴딜,2021-02-05,KRX KIND 신규상장 공시,provisional,listing_prices_cache,cache_provenance_pending,,,23610,2026-08-14,25035,0,1441,0,not_reviewed,existing_anchor_unreverified,calculated,backfill_pending,full daily history is not available locally,2026-08-15T16:05:10+09:00
376410,KR7376410007,TIGER 탄소효율그린뉴딜,2021-02-05,KRX KIND 신규상장 공시,provisional,listing_prices_cache,cache_provenance_pending,,,23265,2026-08-14,24850,0,1441,0,not_reviewed,existing_anchor_unreverified,calculated,backfill_pending,full daily history is not available locally,2026-08-15T16:05:10+09:00
377990,KR7377990007,TIGER Fn신재생에너지,2021-03-05,KRX KIND 신규상장 공시,provisional,listing_prices_cache,cache_provenance_pending,,,35135,2026-08-14,25130,0,1421,0,not_reviewed,existing_anchor_unreverified,calculated,backfill_pending,full daily history is not available locally,2026-08-15T16:05:10+09:00
379780,KR7379780000,RISE 미국S&P500,2021-04-09,KRX KIND 신규상장 공시,provisional,listing_prices_cache,cache_provenance_pending,,,22875,2026-08-14,23960,0,1396,0,not_reviewed,existing_anchor_unreverified,calculated,backfill_pending,full daily history is not available locally,2026-08-15T16:05:10+09:00
379790,KR7379790009,RISE 유로스탁스50(H),2021-04-09,KRX KIND 신규상장 공시,provisional,listing_prices_cache,cache_provenance_pending,,,15960,2026-08-14,17940,0,1396,0,not_reviewed,existing_anchor_unreverified,calculated,backfill_pending,full daily history is not available locally,2026-08-15T16:05:10+09:00
379800,KR7379800006,KODEX 미국S&P500,2021-04-09,KRX KIND 신규상장 공시,provisional,listing_prices_cache,cache_provenance_pending,,,23985,2026-08-14,24910,0,1396,0,not_reviewed,existing_anchor_unreverified,calculated,backfill_pending,full daily history is not available locally,2026-08-15T16:05:10+09:00
379810,KR7379810005,KODEX 미국나스닥100,2021-04-09,KRX KIND 신규상장 공시,provisional,listing_prices_cache,cache_provenance_pending,,,26660,2026-08-14,28185,0,1396,0,not_reviewed,existing_anchor_unreverified,calculated,backfill_pending,full daily history is not available locally,2026-08-15T16:05:10+09:00
380340,KR7380340000,ACE 코리아AI테크핵심산업,2021-04-02,KRX KIND 신규상장 공시,provisional,listing_prices_cache,cache_provenance_pending,,,24405,2026-08-14,29845,0,1401,0,not_reviewed,existing_anchor_unreverified,calculated,backfill_pending,full daily history is not available locally,2026-08-15T16:05:10+09:00
381170,KR7381170000,TIGER 미국테크TOP10 INDXX,2021-04-09,KRX KIND 신규상장 공시,provisional,listing_prices_cache,cache_provenance_pending,,,32390,2026-08-14,31875,0,1396,0,not_reviewed,existing_anchor_unreverified,calculated,backfill_pending,full daily history is not available locally,2026-08-15T16:05:10+09:00
381180,KR7381180009,TIGER 미국필라델피아반도체나스닥,2021-04-09,KRX KIND 신규상장 공시,provisional,listing_prices_cache,cache_provenance_pending,,,40220,2026-08-14,45835,0,1396,0,not_reviewed,existing_anchor_unreverified,calculated,backfill_pending,full daily history is not available locally,2026-08-15T16:05:10+09:00
381560,KR7381560002,HANARO Fn전기&수소차,2021-04-02,KRX KIND 신규상장 공시,provisional,listing_prices_cache,cache_provenance_pending,,,18155,2026-08-14,18680,0,1401,0,not_reviewed,existing_anchor_unreverified,calculated,backfill_pending,full daily history is not available locally,2026-08-15T16:05:10+09:00
381570,KR7381570001,HANARO Fn친환경에너지,2021-04-02,KRX KIND 신규상장 공시,provisional,listing_prices_cache,cache_provenance_pending,,,14655,2026-08-14,10335,0,1401,0,not_reviewed,existing_anchor_unreverified,calculated,backfill_pending,full daily history is not available locally,2026-08-15T16:05:10+09:00
385510,KR7385510003,KODEX 신재생에너지액티브,2021-05-25,KRX KIND 신규상장 공시,provisional,listing_prices_cache,cache_provenance_pending,,,56425,2026-08-14,39500,0,1364,0,not_reviewed,existing_anchor_unreverified,calculated,backfill_pending,full daily history is not available locally,2026-08-15T16:05:10+09:00
385520,KR7385520002,KODEX 자율주행액티브,2021-05-25,KRX KIND 신규상장 공시,provisional,listing_prices_cache,cache_provenance_pending,,,18120,2026-08-14,17150,0,1364,0,not_reviewed,existing_anchor_unreverified,calculated,backfill_pending,full daily history is not available locally,2026-08-15T16:05:10+09:00
385540,KR7385540000,RISE 종합채권(A-이상)액티브,2021-05-26,KRX KIND 신규상장 공시,provisional,listing_prices_cache,cache_provenance_pending,,,105435,2026-08-14,102630,0,1363,0,not_reviewed,existing_anchor_unreverified,calculated,backfill_pending,full daily history is not available locally,2026-08-15T16:05:10+09:00
385550,KR7385550009,RISE 단기채권알파액티브,2021-05-26,KRX KIND 신규상장 공시,provisional,listing_prices_cache,cache_provenance_pending,,,113110,2026-08-14,113995,0,1363,0,not_reviewed,existing_anchor_unreverified,calculated,backfill_pending,full daily history is not available locally,2026-08-15T16:05:10+09:00
385560,KR7385560008,RISE KIS국고채30년Enhanced,2021-05-26,KRX KIND 신규상장 공시,provisional,listing_prices_cache,cache_provenance_pending,,,62540,2026-08-14,50685,0,1363,0,not_reviewed,existing_anchor_unreverified,calculated,backfill_pending,full daily history is not available locally,2026-08-15T16:05:10+09:00
385590,KR7385590005,ACE ESG액티브,2021-05-25,KRX KIND 신규상장 공시,provisional,listing_prices_cache,cache_provenance_pending,,,21700,2026-08-14,24195,0,1364,0,not_reviewed,existing_anchor_unreverified,calculated,backfill_pending,full daily history is not available locally,2026-08-15T16:05:10+09:00
385600,KR7385600002,ACE 2차전지&친환경차액티브,2021-05-25,KRX KIND 신규상장 공시,provisional,listing_prices_cache,cache_provenance_pending,,,13180,2026-08-14,12560,0,1364,0,not_reviewed,existing_anchor_unreverified,calculated,backfill_pending,full daily history is not available locally,2026-08-15T16:05:10+09:00
385710,KR7385710009,TIME K이노베이션액티브,2021-05-25,KRX KIND 신규상장 공시,provisional,listing_prices_cache,cache_provenance_pending,,,15125,2026-08-14,11295,0,1364,0,not_reviewed,existing_anchor_unreverified,calculated,backfill_pending,full daily history is not available locally,2026-08-15T16:05:10+09:00
385720,KR7385720008,TIME 코스피액티브,2021-05-25,KRX KIND 신규상장 공시,provisional,listing_prices_cache,cache_provenance_pending,,,25670,2026-08-14,25660,0,1364,0,not_reviewed,existing_anchor_unreverified,calculated,backfill_pending,full daily history is not available locally,2026-08-15T16:05:10+09:00
387270,KR7387270002,TIGER 글로벌이노베이션액티브,2021-05-25,KRX KIND 신규상장 공시,provisional,listing_prices_cache,cache_provenance_pending,,,25220,2026-08-14,25945,0,1364,0,not_reviewed,existing_anchor_unreverified,calculated,backfill_pending,full daily history is not available locally,2026-08-15T16:05:10+09:00
387280,KR7387280001,TIGER 퓨처모빌리티액티브,2021-05-25,KRX KIND 신규상장 공시,provisional,listing_prices_cache,cache_provenance_pending,,,14150,2026-08-14,12360,0,1364,0,not_reviewed,existing_anchor_unreverified,calculated,backfill_pending,full daily history is not available locally,2026-08-15T16:05:10+09:00
388280,KR7388280000,RISE K엔터&여행레저,2021-06-10,KRX KIND 신규상장 공시,provisional,listing_prices_cache,cache_provenance_pending,,,8540,2026-08-14,7230,0,1352,0,not_reviewed,existing_anchor_unreverified,calculated,backfill_pending,full daily history is not available locally,2026-08-15T16:05:10+09:00
388420,KR7388420002,RISE 비메모리반도체액티브,2021-06-10,KRX KIND 신규상장 공시,provisional,listing_prices_cache,cache_provenance_pending,,,28180,2026-08-14,27470,0,1352,0,not_reviewed,existing_anchor_unreverified,calculated,backfill_pending,full daily history is not available locally,2026-08-15T16:05:10+09:00
390390,KR7390390003,KODEX 미국반도체,2021-06-30,KRX KIND 신규상장 공시,provisional,listing_prices_cache,cache_provenance_pending,,,50625,2026-08-14,56650,0,1338,0,not_reviewed,existing_anchor_unreverified,calculated,backfill_pending,full daily history is not available locally,2026-08-15T16:05:10+09:00
390400,KR7390400000,KODEX 미국스마트모빌리티S&P,2021-06-30,KRX KIND 신규상장 공시,provisional,listing_prices_cache,cache_provenance_pending,,,7800,2026-08-14,7775,0,1338,0,not_reviewed,existing_anchor_unreverified,calculated,backfill_pending,full daily history is not available locally,2026-08-15T16:05:10+09:00
391600,KR7391600004,ACE 미국친환경그린테마,2021-08-05,KRX KIND 신규상장 공시,provisional,listing_prices_cache,cache_provenance_pending,,,12385,2026-08-14,11070,0,1312,0,not_reviewed,existing_anchor_unreverified,calculated,backfill_pending,full daily history is not available locally,2026-08-15T16:05:10+09:00
391670,KR7391670007,HK 베스트일레븐액티브,2021-07-06,KRX KIND 신규상장 공시,provisional,listing_prices_cache,cache_provenance_pending,,,25040,2026-08-14,29200,0,1334,0,not_reviewed,existing_anchor_unreverified,calculated,backfill_pending,full daily history is not available locally,2026-08-15T16:05:10+09:00
394660,KR7394660005,TIGER 글로벌자율주행&전기차SOLACTIVE,2021-07-20,KRX KIND 신규상장 공시,provisional,listing_prices_cache,cache_provenance_pending,,,17710,2026-08-14,16780,0,1324,0,not_reviewed,existing_anchor_unreverified,calculated,backfill_pending,full daily history is not available locally,2026-08-15T16:05:10+09:00
394670,KR7394670004,TIGER 글로벌리튬&2차전지SOLACTIVE(합성),2021-07-20,KRX KIND 신규상장 공시,provisional,listing_prices_cache,cache_provenance_pending,,,13805,2026-08-14,11665,0,1324,0,not_reviewed,existing_anchor_unreverified,calculated,backfill_pending,full daily history is not available locally,2026-08-15T16:05:10+09:00
395150,KR7395150006,KODEX 웹툰&드라마,2021-07-30,KRX KIND 신규상장 공시,provisional,listing_prices_cache,cache_provenance_pending,,,2650,2026-08-14,1925,0,1316,0,not_reviewed,existing_anchor_unreverified,calculated,backfill_pending,full daily history is not available locally,2026-08-15T16:05:10+09:00
395160,KR7395160005,KODEX AI반도체TOP2플러스,2021-07-30,KRX KIND 신규상장 공시,provisional,official_daily_history_export,verified_by_export_manifest,,,10910,2026-08-14,41000,0,1316,0,not_reviewed,existing_anchor_unreverified,calculated,backfill_pending,full daily history is not available locally,2026-08-15T16:05:10+09:00
395170,KR7395170004,KODEX Top10동일가중,2021-07-30,KRX KIND 신규상장 공시,provisional,listing_prices_cache,cache_provenance_pending,,,17370,2026-08-14,16490,0,1316,0,not_reviewed,existing_anchor_unreverified,calculated,backfill_pending,full daily history is not available locally,2026-08-15T16:05:10+09:00
395270,KR7395270002,HANARO Fn K-반도체,2021-07-30,KRX KIND 신규상장 공시,provisional,listing_prices_cache,cache_provenance_pending,,,46390,2026-08-14,57970,0,1316,0,not_reviewed,existing_anchor_unreverified,calculated,backfill_pending,full daily history is not available locally,2026-08-15T16:05:10+09:00
395280,KR7395280001,HANARO Fn K-게임,2021-07-30,KRX KIND 신규상장 공시,provisional,listing_prices_cache,cache_provenance_pending,,,4430,2026-08-14,3750,0,1316,0,not_reviewed,existing_anchor_unreverified,calculated,backfill_pending,full daily history is not available locally,2026-08-15T16:05:10+09:00
395290,KR7395290000,HANARO Fn K-POP&미디어,2021-07-30,KRX KIND 신규상장 공시,provisional,listing_prices_cache,cache_provenance_pending,,,7160,2026-08-14,5060,0,1316,0,not_reviewed,existing_anchor_unreverified,calculated,backfill_pending,full daily history is not available locally,2026-08-15T16:05:10+09:00
395750,KR7395750003,PLUS ESG가치주액티브,2021-07-30,KRX KIND 신규상장 공시,provisional,listing_prices_cache,cache_provenance_pending,,,19905,2026-08-14,20980,0,1316,0,not_reviewed,existing_anchor_unreverified,calculated,backfill_pending,full daily history is not available locally,2026-08-15T16:05:10+09:00
395760,KR7395760002,PLUS ESG성장주액티브,2021-07-30,KRX KIND 신규상장 공시,provisional,listing_prices_cache,cache_provenance_pending,,,21420,2026-08-14,21750,0,1316,0,not_reviewed,existing_anchor_unreverified,calculated,backfill_pending,full daily history is not available locally,2026-08-15T16:05:10+09:00
396500,KR7396500001,TIGER 반도체TOP10,2021-08-10,KRX KIND 신규상장 공시,provisional,listing_prices_cache,cache_provenance_pending,,,10000,2026-08-14,36240,0,1309,0,not_reviewed,existing_anchor_unreverified,calculated,backfill_pending,full daily history is not available locally,2026-08-15T16:05:10+09:00
396510,KR7396510000,TIGER 차이나클린에너지SOLACTIVE,2021-08-10,KRX KIND 신규상장 공시,provisional,listing_prices_cache,cache_provenance_pending,,,8880,2026-08-14,7705,0,1309,0,not_reviewed,existing_anchor_unreverified,calculated,backfill_pending,full daily history is not available locally,2026-08-15T16:05:10+09:00
396520,KR7396520009,TIGER 차이나반도체FACTSET,2021-08-10,KRX KIND 신규상장 공시,provisional,listing_prices_cache,cache_provenance_pending,,,12080,2026-08-14,14540,0,1309,0,not_reviewed,existing_anchor_unreverified,calculated,backfill_pending,full daily history is not available locally,2026-08-15T16:05:10+09:00
397420,KR7397420001,RISE 국채선물5년추종,2021-08-31,KRX KIND 신규상장 공시,provisional,listing_prices_cache,cache_provenance_pending,,,50700,2026-08-14,50580,0,1294,0,not_reviewed,existing_anchor_unreverified,calculated,backfill_pending,full daily history is not available locally,2026-08-15T16:05:10+09:00
399110,KR7399110006,SOL 미국S&P500ESG,2021-09-14,KRX KIND 신규상장 공시,provisional,listing_prices_cache,cache_provenance_pending,,,20705,2026-08-14,21880,0,1284,0,not_reviewed,existing_anchor_unreverified,calculated,backfill_pending,full daily history is not available locally,2026-08-15T16:05:10+09:00
399580,KR7399580000,RISE 글로벌클린에너지,2021-10-21,KRX KIND 신규상장 공시,provisional,listing_prices_cache,cache_provenance_pending,,,11350,2026-08-14,9855,0,1257,0,not_reviewed,existing_anchor_unreverified,calculated,backfill_pending,full daily history is not available locally,2026-08-15T16:05:10+09:00
400570,KR7400570008,KODEX 유럽탄소배출권선물ICE(H),2021-09-30,KRX KIND 신규상장 공시,provisional,listing_prices_cache,cache_provenance_pending,,,10315,2026-08-14,11315,0,1272,0,not_reviewed,existing_anchor_unreverified,calculated,backfill_pending,full daily history is not available locally,2026-08-15T16:05:10+09:00
400580,KR7400580007,SOL 유럽탄소배출권선물S&P(H),2021-09-30,KRX KIND 신규상장 공시,provisional,listing_prices_cache,cache_provenance_pending,,,10595,2026-08-14,11630,0,1272,0,not_reviewed,existing_anchor_unreverified,calculated,backfill_pending,full daily history is not available locally,2026-08-15T16:05:10+09:00
400590,KR7400590006,SOL 글로벌탄소배출권선물ICE(합성),2021-09-30,KRX KIND 신규상장 공시,provisional,listing_prices_cache,cache_provenance_pending,,,13455,2026-08-14,14305,0,1272,0,not_reviewed,existing_anchor_unreverified,calculated,backfill_pending,full daily history is not available locally,2026-08-15T16:05:10+09:00
400970,KR7400970000,TIGER Fn메타버스,2021-10-13,KRX KIND 신규상장 공시,provisional,listing_prices_cache,cache_provenance_pending,,,8850,2026-08-14,7860,0,1263,0,not_reviewed,existing_anchor_unreverified,calculated,backfill_pending,full daily history is not available locally,2026-08-15T16:05:10+09:00
401170,KR7401170006,RISE 메타버스,2021-10-13,KRX KIND 신규상장 공시,provisional,listing_prices_cache,cache_provenance_pending,,,9820,2026-08-14,11750,0,1263,0,not_reviewed,existing_anchor_unreverified,calculated,backfill_pending,full daily history is not available locally,2026-08-15T16:05:10+09:00
401470,KR7401470000,KODEX 메타버스액티브,2021-10-13,KRX KIND 신규상장 공시,provisional,listing_prices_cache,cache_provenance_pending,,,9705,2026-08-14,10085,0,1263,0,not_reviewed,existing_anchor_unreverified,calculated,backfill_pending,full daily history is not available locally,2026-08-15T16:05:10+09:00
401590,KR7401590005,HANARO 글로벌탄소배출권선물ICE(합성),2021-09-30,KRX KIND 신규상장 공시,provisional,listing_prices_cache,cache_provenance_pending,,,10885,2026-08-14,11490,0,1272,0,not_reviewed,existing_anchor_unreverified,calculated,backfill_pending,full daily history is not available locally,2026-08-15T16:05:10+09:00
402460,KR7402460000,HANARO Fn K-메타버스MZ,2021-10-13,KRX KIND 신규상장 공시,provisional,listing_prices_cache,cache_provenance_pending,,,12405,2026-08-14,15390,0,1263,0,not_reviewed,existing_anchor_unreverified,calculated,backfill_pending,full daily history is not available locally,2026-08-15T16:05:10+09:00
402970,KR7402970008,ACE 미국배당다우존스,2021-10-21,KRX KIND 신규상장 공시,provisional,listing_prices_cache,cache_provenance_pending,,,14840,2026-08-14,15730,0,1257,0,not_reviewed,existing_anchor_unreverified,calculated,backfill_pending,full daily history is not available locally,2026-08-15T16:05:10+09:00
403790,KR7403790009,MIDAS 코스피액티브,2021-10-13,KRX KIND 신규상장 공시,provisional,listing_prices_cache,cache_provenance_pending,,,54985,2026-08-14,58885,0,1263,0,not_reviewed,existing_anchor_unreverified,calculated,backfill_pending,full daily history is not available locally,2026-08-15T16:05:10+09:00
404120,KR7404120008,TIME K신재생에너지액티브,2021-10-29,KRX KIND 신규상장 공시,provisional,listing_prices_cache,cache_provenance_pending,,,27620,2026-08-14,25620,0,1251,0,not_reviewed,existing_anchor_unreverified,calculated,backfill_pending,full daily history is not available locally,2026-08-15T16:05:10+09:00
404260,KR7404260002,KODEX 기후변화솔루션,2021-10-29,KRX KIND 신규상장 공시,provisional,listing_prices_cache,cache_provenance_pending,,,26260,2026-08-14,24170,0,1251,0,not_reviewed,existing_anchor_unreverified,calculated,backfill_pending,full daily history is not available locally,2026-08-15T16:05:10+09:00
404540,KR7404540007,TIGER KRX기후변화솔루션,2021-10-29,KRX KIND 신규상장 공시,provisional,listing_prices_cache,cache_provenance_pending,,,26520,2026-08-14,24460,0,1251,0,not_reviewed,existing_anchor_unreverified,calculated,backfill_pending,full daily history is not available locally,2026-08-15T16:05:10+09:00
404650,KR7404650004,SOL KRX기후변화솔루션,2021-10-29,KRX KIND 신규상장 공시,provisional,listing_prices_cache,cache_provenance_pending,,,26275,2026-08-14,24350,0,1251,0,not_reviewed,existing_anchor_unreverified,calculated,backfill_pending,full daily history is not available locally,2026-08-15T16:05:10+09:00
407300,KR7407300003,HANARO Fn골프테마,2021-11-24,KRX KIND 신규상장 공시,provisional,listing_prices_cache,cache_provenance_pending,,,13240,2026-08-14,10915,0,1233,0,not_reviewed,existing_anchor_unreverified,calculated,backfill_pending,full daily history is not available locally,2026-08-15T16:05:10+09:00
407310,KR7407310002,HANARO 200 TOP10,2021-11-24,KRX KIND 신규상장 공시,provisional,listing_prices_cache,cache_provenance_pending,,,18030,2026-08-14,17680,0,1233,0,not_reviewed,existing_anchor_unreverified,calculated,backfill_pending,full daily history is not available locally,2026-08-15T16:05:10+09:00
407820,KR7407820000,에셋플러스 코리아플랫폼액티브,2021-11-16,KRX KIND 신규상장 공시,provisional,listing_prices_cache,cache_provenance_pending,,,8810,2026-08-14,6450,0,1239,0,not_reviewed,existing_anchor_unreverified,calculated,backfill_pending,full daily history is not available locally,2026-08-15T16:05:10+09:00
407830,KR7407830009,에셋플러스 글로벌플랫폼액티브,2021-11-16,KRX KIND 신규상장 공시,provisional,listing_prices_cache,cache_provenance_pending,,,15190,2026-08-14,14470,0,1239,0,not_reviewed,existing_anchor_unreverified,calculated,backfill_pending,full daily history is not available locally,2026-08-15T16:05:10+09:00
409810,KR7409810009,KODEX 미국나스닥100선물인버스(H),2021-12-09,KRX KIND 신규상장 공시,provisional,listing_prices_cache,cache_provenance_pending,,,5990,2026-08-14,5410,0,1222,0,not_reviewed,existing_anchor_unreverified,calculated,backfill_pending,full daily history is not available locally,2026-08-15T16:05:10+09:00
409820,KR7409820008,KODEX 미국나스닥100레버리지(합성 H),2021-12-09,KRX KIND 신규상장 공시,provisional,listing_prices_cache,cache_provenance_pending,,,17590,2026-08-14,20810,0,1222,0,not_reviewed,existing_anchor_unreverified,calculated,backfill_pending,full daily history is not available locally,2026-08-15T16:05:10+09:00
410870,KR7410870000,TIME K컬처액티브,2021-12-15,KRX KIND 신규상장 공시,provisional,listing_prices_cache,cache_provenance_pending,,,11980,2026-08-14,9845,0,1218,0,not_reviewed,existing_anchor_unreverified,calculated,backfill_pending,full daily history is not available locally,2026-08-15T16:05:10+09:00
411060,KR7411060007,ACE KRX금현물,2021-12-15,KRX KIND 신규상장 공시,provisional,listing_prices_cache,cache_provenance_pending,,,30490,2026-08-14,27625,0,1218,0,not_reviewed,existing_anchor_unreverified,calculated,backfill_pending,full daily history is not available locally,2026-08-15T16:05:10+09:00
411420,KR7411420003,KODEX 미국나스닥AI테크액티브,2021-12-22,KRX KIND 신규상장 공시,provisional,listing_prices_cache,cache_provenance_pending,,,27180,2026-08-14,27760,0,1213,0,not_reviewed,existing_anchor_unreverified,calculated,backfill_pending,full daily history is not available locally,2026-08-15T16:05:10+09:00
411540,KR7411540008,SOL 200 Top10,2021-12-09,KRX KIND 신규상장 공시,provisional,listing_prices_cache,cache_provenance_pending,,,18310,2026-08-14,18015,0,1222,0,not_reviewed,existing_anchor_unreverified,calculated,backfill_pending,full daily history is not available locally,2026-08-15T16:05:10+09:00
411860,KR7411860000,KIWOOM 독일DAX,2021-12-22,KRX KIND 신규상장 공시,provisional,listing_prices_cache,cache_provenance_pending,,,17605,2026-08-14,17655,0,1213,0,not_reviewed,existing_anchor_unreverified,calculated,backfill_pending,full daily history is not available locally,2026-08-15T16:05:10+09:00
412560,KR7412560005,TIGER BBIG레버리지,2021-12-15,KRX KIND 신규상장 공시,provisional,listing_prices_cache,cache_provenance_pending,,,2965,2026-08-14,1973,0,1218,0,not_reviewed,existing_anchor_unreverified,calculated,backfill_pending,full daily history is not available locally,2026-08-15T16:05:10+09:00
412570,KR7412570004,TIGER 2차전지TOP10레버리지,2021-12-15,KRX KIND 신규상장 공시,provisional,listing_prices_cache,cache_provenance_pending,,,2790,2026-08-14,1260,0,1218,0,not_reviewed,existing_anchor_unreverified,calculated,backfill_pending,full daily history is not available locally,2026-08-15T16:05:10+09:00
412770,KR7412770000,TIGER 글로벌AI플랫폼액티브,2021-12-22,KRX KIND 신규상장 공시,provisional,listing_prices_cache,cache_provenance_pending,,,12565,2026-08-14,13365,0,1213,0,not_reviewed,existing_anchor_unreverified,calculated,backfill_pending,full daily history is not available locally,2026-08-15T16:05:10+09:00
413220,KR7413220005,SOL 차이나태양광CSI(합성),2021-12-22,KRX KIND 신규상장 공시,provisional,listing_prices_cache,cache_provenance_pending,,,6075,2026-08-14,4840,0,1213,0,not_reviewed,existing_anchor_unreverified,calculated,backfill_pending,full daily history is not available locally,2026-08-15T16:05:10+09:00
413930,KR7413930009,WON AI ESG액티브,2022-01-05,KRX KIND 신규상장 공시,provisional,listing_prices_cache,cache_provenance_pending,,,26835,2026-08-14,28140,0,1203,0,not_reviewed,existing_anchor_unreverified,calculated,backfill_pending,full daily history is not available locally,2026-08-15T16:05:10+09:00
414270,KR7414270009,ACE 글로벌자율주행액티브,2022-02-15,KRX KIND 신규상장 공시,provisional,listing_prices_cache,cache_provenance_pending,,,13655,2026-08-14,12315,0,1174,0,not_reviewed,existing_anchor_unreverified,calculated,backfill_pending,full daily history is not available locally,2026-08-15T16:05:10+09:00
414780,KR7414780007,TIGER 차이나과창판STAR50(합성),2022-01-13,KRX KIND 신규상장 공시,provisional,listing_prices_cache,cache_provenance_pending,,,13130,2026-08-14,14745,0,1197,0,not_reviewed,existing_anchor_unreverified,calculated,backfill_pending,full daily history is not available locally,2026-08-15T16:05:10+09:00
415340,KR7415340009,KODEX 차이나과창판STAR50(합성),2022-01-13,KRX KIND 신규상장 공시,provisional,listing_prices_cache,cache_provenance_pending,,,13375,2026-08-14,15190,0,1197,0,not_reviewed,existing_anchor_unreverified,calculated,backfill_pending,full daily history is not available locally,2026-08-15T16:05:10+09:00
415760,KR7415760008,SOL 차이나육성산업액티브(합성),2022-01-13,KRX KIND 신규상장 공시,provisional,listing_prices_cache,cache_provenance_pending,,,12400,2026-08-14,13905,0,1197,0,not_reviewed,existing_anchor_unreverified,calculated,backfill_pending,full daily history is not available locally,2026-08-15T16:05:10+09:00
415920,KR7415920008,PLUS 글로벌희토류&전략자원생산기업,2022-01-18,KRX KIND 신규상장 공시,provisional,listing_prices_cache,cache_provenance_pending,,,10010,2026-08-14,7425,0,1194,0,not_reviewed,existing_anchor_unreverified,calculated,backfill_pending,full daily history is not available locally,2026-08-15T16:05:10+09:00
416090,KR7416090009,ACE 중국과창판STAR50,2022-01-13,KRX KIND 신규상장 공시,provisional,listing_prices_cache,cache_provenance_pending,,,12240,2026-08-14,13760,0,1197,0,not_reviewed,existing_anchor_unreverified,calculated,backfill_pending,full daily history is not available locally,2026-08-15T16:05:10+09:00
417450,KR7417450004,RISE 글로벌수소경제,2022-02-15,KRX KIND 신규상장 공시,provisional,listing_prices_cache,cache_provenance_pending,,,17895,2026-08-14,16710,0,1174,0,not_reviewed,existing_anchor_unreverified,calculated,backfill_pending,full daily history is not available locally,2026-08-15T16:05:10+09:00
417630,KR7417630001,TIGER KEDI혁신기업ESG30,2022-02-08,KRX KIND 신규상장 공시,provisional,listing_prices_cache,cache_provenance_pending,,,20975,2026-08-14,20100,0,1179,0,not_reviewed,existing_anchor_unreverified,calculated,backfill_pending,full daily history is not available locally,2026-08-15T16:05:10+09:00
418660,KR7418660007,TIGER 미국나스닥100레버리지(합성),2022-02-22,KRX KIND 신규상장 공시,provisional,listing_prices_cache,cache_provenance_pending,,,40085,2026-08-14,43875,0,1169,0,not_reviewed,existing_anchor_unreverified,calculated,backfill_pending,full daily history is not available locally,2026-08-15T16:05:10+09:00
418670,KR7418670006,TIGER 글로벌AI사이버보안,2022-02-22,KRX KIND 신규상장 공시,provisional,listing_prices_cache,cache_provenance_pending,,,12110,2026-08-14,19080,0,1169,0,not_reviewed,existing_anchor_unreverified,calculated,backfill_pending,full daily history is not available locally,2026-08-15T16:05:10+09:00
419420,KR7419420005,KODEX 미국클린에너지나스닥,2022-03-22,KRX KIND 신규상장 공시,provisional,listing_prices_cache,cache_provenance_pending,,,11200,2026-08-14,9920,0,1149,0,not_reviewed,existing_anchor_unreverified,calculated,backfill_pending,full daily history is not available locally,2026-08-15T16:05:10+09:00
419430,KR7419430004,KODEX 차이나2차전지MSCI(합성),2022-03-22,KRX KIND 신규상장 공시,provisional,listing_prices_cache,cache_provenance_pending,,,12340,2026-08-14,9945,0,1149,0,not_reviewed,existing_anchor_unreverified,calculated,backfill_pending,full daily history is not available locally,2026-08-15T16:05:10+09:00
419650,KR7419650007,PLUS 글로벌수소&차세대연료전지,2022-02-15,KRX KIND 신규상장 공시,provisional,listing_prices_cache,cache_provenance_pending,,,6130,2026-08-14,5530,0,1174,0,not_reviewed,existing_anchor_unreverified,calculated,backfill_pending,full daily history is not available locally,2026-08-15T16:05:10+09:00
419890,KR7419890009,KIWOOM 단기채권ESG액티브,2022-03-03,KRX KIND 신규상장 공시,provisional,listing_prices_cache,cache_provenance_pending,,,106710,2026-08-14,107505,0,1162,0,not_reviewed,existing_anchor_unreverified,calculated,backfill_pending,full daily history is not available locally,2026-08-15T16:05:10+09:00
421320,KR7421320003,PLUS 우주항공,2022-03-29,KRX KIND 신규상장 공시,provisional,listing_prices_cache,cache_provenance_pending,,,48180,2026-08-14,30935,0,1144,0,not_reviewed,existing_anchor_unreverified,calculated,backfill_pending,full daily history is not available locally,2026-08-15T16:05:10+09:00
422420,KR7422420000,RISE 2차전지액티브,2022-04-08,KRX KIND 신규상장 공시,provisional,listing_prices_cache,cache_provenance_pending,,,10990,2026-08-14,6770,0,1136,0,not_reviewed,existing_anchor_unreverified,calculated,backfill_pending,full daily history is not available locally,2026-08-15T16:05:10+09:00
423160,KR7423160001,KODEX KOFR금리액티브(합성),2022-04-26,KRX KIND 신규상장 공시,provisional,listing_prices_cache,cache_provenance_pending,,,110865,2026-08-14,110800,0,1124,0,not_reviewed,existing_anchor_unreverified,calculated,backfill_pending,full daily history is not available locally,2026-08-15T16:05:10+09:00
423170,KR7423170000,SOL 글로벌AI반도체탑픽액티브,2022-04-12,KRX KIND 신규상장 공시,provisional,listing_prices_cache,cache_provenance_pending,,,50380,2026-08-14,59230,0,1134,0,not_reviewed,existing_anchor_unreverified,calculated,backfill_pending,full daily history is not available locally,2026-08-15T16:05:10+09:00
423920,KR7423920008,TIGER 미국필라델피아반도체레버리지(합성),2022-04-19,KRX KIND 신규상장 공시,provisional,listing_prices_cache,cache_provenance_pending,,,83380,2026-08-14,97365,0,1129,0,not_reviewed,existing_anchor_unreverified,calculated,backfill_pending,full daily history is not available locally,2026-08-15T16:05:10+09:00
426020,KR7426020004,TIME 미국S&P500액티브,2022-05-11,KRX KIND 신규상장 공시,provisional,listing_prices_cache,cache_provenance_pending,,,31870,2026-08-14,33305,0,1113,0,not_reviewed,existing_anchor_unreverified,calculated,backfill_pending,full daily history is not available locally,2026-08-15T16:05:10+09:00
426030,KR7426030003,TIME 미국나스닥100액티브,2022-05-11,KRX KIND 신규상장 공시,provisional,listing_prices_cache,cache_provenance_pending,,,46005,2026-08-14,48620,0,1113,0,not_reviewed,existing_anchor_unreverified,calculated,backfill_pending,full daily history is not available locally,2026-08-15T16:05:10+09:00
426150,KR7426150009,WON 대한민국국고채액티브,2022-05-11,KRX KIND 신규상장 공시,provisional,listing_prices_cache,cache_provenance_pending,,,53760,2026-08-14,51065,0,1113,0,not_reviewed,existing_anchor_unreverified,calculated,backfill_pending,full daily history is not available locally,2026-08-15T16:05:10+09:00
427120,KR7427120001,RISE AI플랫폼,2022-05-17,KRX KIND 신규상장 공시,provisional,listing_prices_cache,cache_provenance_pending,,,7220,2026-08-14,5550,0,1109,0,not_reviewed,existing_anchor_unreverified,calculated,backfill_pending,full daily history is not available locally,2026-08-15T16:05:10+09:00
428510,KR7428510002,KODEX 차이나AI테크액티브,2022-05-17,KRX KIND 신규상장 공시,provisional,listing_prices_cache,cache_provenance_pending,,,23960,2026-08-14,25885,0,1109,0,not_reviewed,existing_anchor_unreverified,calculated,backfill_pending,full daily history is not available locally,2026-08-15T16:05:10+09:00
428560,KR7428560007,KODEX 미국ETF산업Top10 Indxx,2022-05-17,KRX KIND 신규상장 공시,provisional,listing_prices_cache,cache_provenance_pending,,,16455,2026-08-14,16450,0,1109,0,not_reviewed,existing_anchor_unreverified,calculated,backfill_pending,full daily history is not available locally,2026-08-15T16:05:10+09:00
429000,KR7429000003,TIGER 미국S&P500배당귀족,2022-05-17,KRX KIND 신규상장 공시,provisional,listing_prices_cache,cache_provenance_pending,,,13515,2026-08-14,14030,0,1109,0,not_reviewed,existing_anchor_unreverified,calculated,backfill_pending,full daily history is not available locally,2026-08-15T16:05:10+09:00
429010,KR7429010002,TIGER 미국나스닥넥스트100,2022-05-17,KRX KIND 신규상장 공시,provisional,listing_prices_cache,cache_provenance_pending,,,18585,2026-08-14,20695,0,1109,0,not_reviewed,existing_anchor_unreverified,calculated,backfill_pending,full daily history is not available locally,2026-08-15T16:05:10+09:00
429740,KR7429740004,PLUS K리츠,2022-05-24,KRX KIND 신규상장 공시,provisional,listing_prices_cache,cache_provenance_pending,,,7670,2026-08-14,6345,0,1104,0,not_reviewed,existing_anchor_unreverified,calculated,backfill_pending,full daily history is not available locally,2026-08-15T16:05:10+09:00
429760,KR7429760002,PLUS 미국S&P500,2022-05-31,KRX KIND 신규상장 공시,provisional,listing_prices_cache,cache_provenance_pending,,,19520,2026-08-14,20395,0,1099,0,not_reviewed,existing_anchor_unreverified,calculated,backfill_pending,full daily history is not available locally,2026-08-15T16:05:10+09:00
429980,KR7429980006,SOL 한국형글로벌전기차&2차전지액티브,2022-06-14,KRX KIND 신규상장 공시,provisional,listing_prices_cache,cache_provenance_pending,,,19000,2026-08-14,17875,0,1089,0,not_reviewed,existing_anchor_unreverified,calculated,backfill_pending,full daily history is not available locally,2026-08-15T16:05:10+09:00
430500,KR7430500009,KIWOOM 물가채KIS,2022-05-31,KRX KIND 신규상장 공시,provisional,listing_prices_cache,cache_provenance_pending,,,113450,2026-08-14,112635,0,1099,0,not_reviewed,existing_anchor_unreverified,calculated,backfill_pending,full daily history is not available locally,2026-08-15T16:05:10+09:00
432600,KR7432600005,RISE 국채선물3년,2022-06-14,KRX KIND 신규상장 공시,provisional,listing_prices_cache,cache_provenance_pending,,,54950,2026-08-14,55315,0,1089,0,not_reviewed,existing_anchor_unreverified,calculated,backfill_pending,full daily history is not available locally,2026-08-15T16:05:10+09:00
432840,KR7432840007,HANARO 미국S&P500,2022-06-08,KRX KIND 신규상장 공시,provisional,listing_prices_cache,cache_provenance_pending,,,19640,2026-08-14,20555,0,1093,0,not_reviewed,existing_anchor_unreverified,calculated,backfill_pending,full daily history is not available locally,2026-08-15T16:05:10+09:00
433220,KR7433220001,에셋플러스 글로벌대장장이액티브,2022-06-28,KRX KIND 신규상장 공시,provisional,listing_prices_cache,cache_provenance_pending,,,33195,2026-08-14,31320,0,1079,0,not_reviewed,existing_anchor_unreverified,calculated,backfill_pending,full daily history is not available locally,2026-08-15T16:05:10+09:00
433250,KR7433250008,UNICORN R&D 액티브,2022-07-06,KRX KIND 신규상장 공시,provisional,listing_prices_cache,cache_provenance_pending,,,24820,2026-08-14,24510,0,1073,0,not_reviewed,existing_anchor_unreverified,calculated,backfill_pending,full daily history is not available locally,2026-08-15T16:05:10+09:00
433330,KR7433330008,SOL 미국S&P500,2022-06-21,KRX KIND 신규상장 공시,provisional,listing_prices_cache,cache_provenance_pending,,,21890,2026-08-14,22890,0,1084,0,not_reviewed,existing_anchor_unreverified,calculated,backfill_pending,full daily history is not available locally,2026-08-15T16:05:10+09:00
433500,KR7433500006,ACE 원자력TOP10,2022-06-28,KRX KIND 신규상장 공시,provisional,listing_prices_cache,cache_provenance_pending,,,87900,2026-08-14,55675,0,1079,0,not_reviewed,existing_anchor_unreverified,calculated,backfill_pending,full daily history is not available locally,2026-08-15T16:05:10+09:00
433880,KR7433880002,PLUS TDF2060액티브 적격,2022-06-30,KRX KIND 신규상장 공시,provisional,listing_prices_cache,cache_provenance_pending,,,18830,2026-08-14,19235,0,1077,0,not_reviewed,existing_anchor_unreverified,calculated,backfill_pending,full daily history is not available locally,2026-08-15T16:05:10+09:00
433970,KR7433970001,KODEX TDF2030액티브 적격,2022-06-30,KRX KIND 신규상장 공시,provisional,listing_prices_cache,cache_provenance_pending,,,14050,2026-08-14,14300,0,1077,0,not_reviewed,existing_anchor_unreverified,calculated,backfill_pending,full daily history is not available locally,2026-08-15T16:05:10+09:00
433980,KR7433980000,KODEX TDF2040액티브 적격,2022-06-30,KRX KIND 신규상장 공시,provisional,listing_prices_cache,cache_provenance_pending,,,15945,2026-08-14,16320,0,1077,0,not_reviewed,existing_anchor_unreverified,calculated,backfill_pending,full daily history is not available locally,2026-08-15T16:05:10+09:00
434060,KR7434060000,KODEX TDF2050액티브 적격,2022-06-30,KRX KIND 신규상장 공시,provisional,listing_prices_cache,cache_provenance_pending,,,17710,2026-08-14,17435,0,1077,0,not_reviewed,existing_anchor_unreverified,calculated,backfill_pending,full daily history is not available locally,2026-08-15T16:05:10+09:00
434730,KR7434730008,HANARO 원자력iSelect,2022-06-28,KRX KIND 신규상장 공시,provisional,listing_prices_cache,cache_provenance_pending,,,87800,2026-08-14,59435,0,1079,0,not_reviewed,existing_anchor_unreverified,calculated,backfill_pending,full daily history is not available locally,2026-08-15T16:05:10+09:00
434960,KR7434960001,DAISHIN343 K200,2022-06-28,KRX KIND 신규상장 공시,provisional,listing_prices_cache,cache_provenance_pending,,,101685,2026-08-14,110940,0,1079,0,not_reviewed,existing_anchor_unreverified,calculated,backfill_pending,full daily history is not available locally,2026-08-15T16:05:10+09:00
435040,KR7435040001,ACE 글로벌브랜드TOP10,2022-06-28,KRX KIND 신규상장 공시,provisional,listing_prices_cache,cache_provenance_pending,,,19385,2026-08-14,19850,0,1079,0,not_reviewed,existing_anchor_unreverified,calculated,backfill_pending,full daily history is not available locally,2026-08-15T16:05:10+09:00
435420,KR7435420005,TIGER 미국나스닥100채권혼합50,2022-07-06,KRX KIND 신규상장 공시,provisional,listing_prices_cache,cache_provenance_pending,,,14075,2026-08-14,14365,0,1073,0,not_reviewed,existing_anchor_unreverified,calculated,backfill_pending,full daily history is not available locally,2026-08-15T16:05:10+09:00
435530,KR7435530001,KIWOOM TDF2030액티브 적격,2022-06-30,KRX KIND 신규상장 공시,provisional,listing_prices_cache,cache_provenance_pending,,,15710,2026-08-14,15765,0,1077,0,not_reviewed,existing_anchor_unreverified,calculated,backfill_pending,full daily history is not available locally,2026-08-15T16:05:10+09:00
435540,KR7435540000,KIWOOM TDF2040액티브 적격,2022-06-30,KRX KIND 신규상장 공시,provisional,listing_prices_cache,cache_provenance_pending,,,17515,2026-08-14,17860,0,1077,0,not_reviewed,existing_anchor_unreverified,calculated,backfill_pending,full daily history is not available locally,2026-08-15T16:05:10+09:00
435550,KR7435550009,KIWOOM TDF2050액티브 적격,2022-06-30,KRX KIND 신규상장 공시,provisional,listing_prices_cache,cache_provenance_pending,,,17980,2026-08-14,18440,0,1077,0,not_reviewed,existing_anchor_unreverified,calculated,backfill_pending,full daily history is not available locally,2026-08-15T16:05:10+09:00
436140,KR7436140008,SOL 종합채권(AA-이상)액티브,2022-08-09,KRX KIND 신규상장 공시,provisional,listing_prices_cache,cache_provenance_pending,,,108685,2026-08-14,105995,0,1049,0,not_reviewed,existing_anchor_unreverified,calculated,backfill_pending,full daily history is not available locally,2026-08-15T16:05:10+09:00
437070,KR7437070006,KODEX 아시아달러채권ESG플러스액티브,2022-08-09,KRX KIND 신규상장 공시,provisional,listing_prices_cache,cache_provenance_pending,,,64575,2026-08-14,60825,0,1049,0,not_reviewed,existing_anchor_unreverified,calculated,backfill_pending,full daily history is not available locally,2026-08-15T16:05:10+09:00
437080,KR7437080005,KODEX 미국종합채권ESG액티브(H),2022-08-09,KRX KIND 신규상장 공시,provisional,listing_prices_cache,cache_provenance_pending,,,99740,2026-08-14,97425,0,1049,0,not_reviewed,existing_anchor_unreverified,calculated,backfill_pending,full daily history is not available locally,2026-08-15T16:05:10+09:00
437350,KR7437350002,RISE 미국단기투자등급회사채액티브,2022-07-29,KRX KIND 신규상장 공시,provisional,listing_prices_cache,cache_provenance_pending,,,12975,2026-08-14,12535,0,1056,0,not_reviewed,existing_anchor_unreverified,calculated,backfill_pending,full daily history is not available locally,2026-08-15T16:05:10+09:00
437370,KR7437370000,RISE 글로벌농업경제,2022-07-29,KRX KIND 신규상장 공시,provisional,listing_prices_cache,cache_provenance_pending,,,11190,2026-08-14,10460,0,1056,0,not_reviewed,existing_anchor_unreverified,calculated,backfill_pending,full daily history is not available locally,2026-08-15T16:05:10+09:00
438080,KR7438080004,ACE 미국S&P500미국채혼합50액티브,2022-08-26,KRX KIND 신규상장 공시,provisional,listing_prices_cache,cache_provenance_pending,,,14395,2026-08-14,14520,0,1036,0,not_reviewed,existing_anchor_unreverified,calculated,backfill_pending,full daily history is not available locally,2026-08-15T16:05:10+09:00
438100,KR7438100000,ACE 미국나스닥100미국채혼합50액티브,2022-08-26,KRX KIND 신규상장 공시,provisional,listing_prices_cache,cache_provenance_pending,,,15475,2026-08-14,15735,0,1036,0,not_reviewed,existing_anchor_unreverified,calculated,backfill_pending,full daily history is not available locally,2026-08-15T16:05:10+09:00
438320,KR7438320004,TIGER 차이나항셍테크레버리지(합성 H),2022-08-23,KRX KIND 신규상장 공시,provisional,listing_prices_cache,cache_provenance_pending,,,6055,2026-08-14,5490,0,1039,0,not_reviewed,existing_anchor_unreverified,calculated,backfill_pending,full daily history is not available locally,2026-08-15T16:05:10+09:00
438330,KR7438330003,TIGER 우량회사채액티브,2022-08-23,KRX KIND 신규상장 공시,provisional,listing_prices_cache,cache_provenance_pending,,,115035,2026-08-14,115575,0,1039,0,not_reviewed,existing_anchor_unreverified,calculated,backfill_pending,full daily history is not available locally,2026-08-15T16:05:10+09:00
438560,KR7438560005,SOL 국고채3년,2022-09-06,KRX KIND 신규상장 공시,provisional,listing_prices_cache,cache_provenance_pending,,,99980,2026-08-14,100435,0,1029,0,not_reviewed,existing_anchor_unreverified,calculated,backfill_pending,full daily history is not available locally,2026-08-15T16:05:10+09:00
438570,KR7438570004,SOL 국고채10년,2022-09-06,KRX KIND 신규상장 공시,provisional,listing_prices_cache,cache_provenance_pending,,,100300,2026-08-14,98350,0,1029,0,not_reviewed,existing_anchor_unreverified,calculated,backfill_pending,full daily history is not available locally,2026-08-15T16:05:10+09:00
438740,KR7438740003,MIDAS 중소형액티브,2022-08-17,KRX KIND 신규상장 공시,provisional,listing_prices_cache,cache_provenance_pending,,,41025,2026-08-14,34395,0,1043,0,not_reviewed,existing_anchor_unreverified,calculated,backfill_pending,full daily history is not available locally,2026-08-15T16:05:10+09:00
438900,KR7438900003,HANARO Fn K-푸드,2022-08-17,KRX KIND 신규상장 공시,provisional,listing_prices_cache,cache_provenance_pending,,,12380,2026-08-14,11570,0,1043,0,not_reviewed,existing_anchor_unreverified,calculated,backfill_pending,full daily history is not available locally,2026-08-15T16:05:10+09:00
439860,KR7439860008,KODEX ESG종합채권(A-이상)액티브,2022-08-23,KRX KIND 신규상장 공시,provisional,listing_prices_cache,cache_provenance_pending,,,113440,2026-08-14,113580,0,1039,0,not_reviewed,existing_anchor_unreverified,calculated,backfill_pending,full daily history is not available locally,2026-08-15T16:05:10+09:00
439870,KR7439870007,KODEX 국고채30년액티브,2022-08-23,KRX KIND 신규상장 공시,provisional,listing_prices_cache,cache_provenance_pending,,,101160,2026-08-14,85870,0,1039,0,not_reviewed,existing_anchor_unreverified,calculated,backfill_pending,full daily history is not available locally,2026-08-15T16:05:10+09:00
440340,KR7440340008,TIGER 글로벌멀티에셋TIF액티브,2022-08-30,KRX KIND 신규상장 공시,provisional,listing_prices_cache,cache_provenance_pending,,,12565,2026-08-14,12455,0,1034,0,not_reviewed,existing_anchor_unreverified,calculated,backfill_pending,full daily history is not available locally,2026-08-15T16:05:10+09:00
440640,KR7440640001,ACE 단기채권알파액티브,2022-08-23,KRX KIND 신규상장 공시,provisional,listing_prices_cache,cache_provenance_pending,,,111530,2026-08-14,112540,0,1039,0,not_reviewed,existing_anchor_unreverified,calculated,backfill_pending,full daily history is not available locally,2026-08-15T16:05:10+09:00
440650,KR7440650000,ACE 미국달러단기채권액티브,2022-08-23,KRX KIND 신규상장 공시,provisional,listing_prices_cache,cache_provenance_pending,,,12235,2026-08-14,11890,0,1039,0,not_reviewed,existing_anchor_unreverified,calculated,backfill_pending,full daily history is not available locally,2026-08-15T16:05:10+09:00
440910,KR7440910008,WON 미국우주항공방산,2022-08-26,KRX KIND 신규상장 공시,provisional,listing_prices_cache,cache_provenance_pending,,,25600,2026-08-14,28155,0,1036,0,not_reviewed,existing_anchor_unreverified,calculated,backfill_pending,full daily history is not available locally,2026-08-15T16:05:10+09:00
441540,KR7441540002,HANARO Fn조선해운,2022-09-15,KRX KIND 신규상장 공시,provisional,listing_prices_cache,cache_provenance_pending,,,37515,2026-08-14,28215,0,1022,0,not_reviewed,existing_anchor_unreverified,calculated,backfill_pending,full daily history is not available locally,2026-08-15T16:05:10+09:00
441640,KR7441640000,KODEX 미국배당커버드콜액티브,2022-09-27,KRX KIND 신규상장 공시,provisional,listing_prices_cache,cache_provenance_pending,,,12835,2026-08-14,13055,0,1014,0,not_reviewed,existing_anchor_unreverified,calculated,backfill_pending,full daily history is not available locally,2026-08-15T16:05:10+09:00
441680,KR7441680006,TIGER 미국나스닥100커버드콜(합성),2022-09-22,KRX KIND 신규상장 공시,provisional,listing_prices_cache,cache_provenance_pending,,,11420,2026-08-14,11025,0,1017,0,not_reviewed,existing_anchor_unreverified,calculated,backfill_pending,full daily history is not available locally,2026-08-15T16:05:10+09:00
441800,KR7441800000,TIME Korea플러스배당액티브,2022-09-27,KRX KIND 신규상장 공시,provisional,listing_prices_cache,cache_provenance_pending,,,30970,2026-08-14,29095,0,1014,0,not_reviewed,existing_anchor_unreverified,calculated,backfill_pending,full daily history is not available locally,2026-08-15T16:05:10+09:00
442090,KR7442090007,에셋플러스 코리아대장장이액티브,2022-09-20,KRX KIND 신규상장 공시,provisional,listing_prices_cache,cache_provenance_pending,,,31715,2026-08-14,30340,0,1019,0,not_reviewed,existing_anchor_unreverified,calculated,backfill_pending,full daily history is not available locally,2026-08-15T16:05:10+09:00
442260,KR7442260006,마이티 다이나믹퀀트액티브,2022-10-25,KRX KIND 신규상장 공시,provisional,listing_prices_cache,cache_provenance_pending,,,35255,2026-08-14,38535,0,994,0,not_reviewed,existing_anchor_unreverified,calculated,backfill_pending,full daily history is not available locally,2026-08-15T16:05:10+09:00
442320,KR7442320008,RISE 글로벌원자력,2022-10-13,KRX KIND 신규상장 공시,provisional,listing_prices_cache,cache_provenance_pending,,,50375,2026-08-14,37630,0,1002,0,not_reviewed,existing_anchor_unreverified,calculated,backfill_pending,full daily history is not available locally,2026-08-15T16:05:10+09:00
442550,KR7442550000,RISE TDF2030액티브 적격,2022-09-22,KRX KIND 신규상장 공시,provisional,listing_prices_cache,cache_provenance_pending,,,14730,2026-08-14,14985,0,1017,0,not_reviewed,existing_anchor_unreverified,calculated,backfill_pending,full daily history is not available locally,2026-08-15T16:05:10+09:00
442560,KR7442560009,RISE TDF2040액티브 적격,2022-09-22,KRX KIND 신규상장 공시,provisional,listing_prices_cache,cache_provenance_pending,,,16285,2026-08-14,16870,0,1017,0,not_reviewed,existing_anchor_unreverified,calculated,backfill_pending,full daily history is not available locally,2026-08-15T16:05:10+09:00
442570,KR7442570008,RISE TDF2050액티브 적격,2022-09-22,KRX KIND 신규상장 공시,provisional,listing_prices_cache,cache_provenance_pending,,,17300,2026-08-14,18010,0,1017,0,not_reviewed,existing_anchor_unreverified,calculated,backfill_pending,full daily history is not available locally,2026-08-15T16:05:10+09:00
442580,KR7442580007,PLUS 글로벌HBM반도체,2022-09-22,KRX KIND 신규상장 공시,provisional,listing_prices_cache,cache_provenance_pending,,,75945,2026-08-14,102965,0,1017,0,not_reviewed,existing_anchor_unreverified,calculated,backfill_pending,full daily history is not available locally,2026-08-15T16:05:10+09:00
444200,KR7444200000,SOL 코리아메가테크액티브,2022-10-18,KRX KIND 신규상장 공시,provisional,listing_prices_cache,cache_provenance_pending,,,50685,2026-08-14,47880,0,999,0,not_reviewed,existing_anchor_unreverified,calculated,backfill_pending,full daily history is not available locally,2026-08-15T16:05:10+09:00
444490,KR7444490007,WON 미국S&P500,2022-10-06,KRX KIND 신규상장 공시,provisional,listing_prices_cache,cache_provenance_pending,,,20055,2026-08-14,21035,0,1007,0,not_reviewed,existing_anchor_unreverified,calculated,backfill_pending,full daily history is not available locally,2026-08-15T16:05:10+09:00
445150,KR7445150006,KODEX 친환경조선해운액티브,2022-11-15,KRX KIND 신규상장 공시,provisional,listing_prices_cache,cache_provenance_pending,,,42260,2026-08-14,29915,0,979,0,not_reviewed,existing_anchor_unreverified,calculated,backfill_pending,full daily history is not available locally,2026-08-15T16:05:10+09:00
445290,KR7445290000,KODEX 로봇액티브,2022-11-15,KRX KIND 신규상장 공시,provisional,listing_prices_cache,cache_provenance_pending,,,35930,2026-08-14,33950,0,979,0,not_reviewed,existing_anchor_unreverified,calculated,backfill_pending,full daily history is not available locally,2026-08-15T16:05:10+09:00
445690,KR7445690001,BNK 주주가치액티브,2022-10-27,KRX KIND 신규상장 공시,provisional,listing_prices_cache,cache_provenance_pending,,,31265,2026-08-14,31065,0,992,0,not_reviewed,existing_anchor_unreverified,calculated,backfill_pending,full daily history is not available locally,2026-08-15T16:05:10+09:00
445910,KR7445910003,TIGER MKF배당귀족,2022-10-18,KRX KIND 신규상장 공시,provisional,listing_prices_cache,cache_provenance_pending,,,22465,2026-08-14,21195,0,999,0,not_reviewed,existing_anchor_unreverified,calculated,backfill_pending,full daily history is not available locally,2026-08-15T16:05:10+09:00
446690,KR7446690000,KODEX 아시아AI반도체exChina액티브,2023-02-01,KRX KIND 신규상장 공시,provisional,listing_prices_cache,cache_provenance_pending,,,56300,2026-08-14,62910,0,923,0,not_reviewed,existing_anchor_unreverified,calculated,backfill_pending,full daily history is not available locally,2026-08-15T16:05:10+09:00
446700,KR7446700007,RISE 배터리 리사이클링,2022-11-01,KRX KIND 신규상장 공시,provisional,listing_prices_cache,cache_provenance_pending,,,15300,2026-08-14,10795,0,989,0,not_reviewed,existing_anchor_unreverified,calculated,backfill_pending,full daily history is not available locally,2026-08-15T16:05:10+09:00
446720,KR7446720005,SOL 미국배당다우존스,2022-11-15,KRX KIND 신규상장 공시,provisional,listing_prices_cache,cache_provenance_pending,,,13415,2026-08-14,14165,0,979,0,not_reviewed,existing_anchor_unreverified,calculated,backfill_pending,full daily history is not available locally,2026-08-15T16:05:10+09:00
446770,KR7446770000,ACE 글로벌반도체TOP4 Plus,2022-11-15,KRX KIND 신규상장 공시,provisional,official_daily_history_export,verified_by_export_manifest,,,31650,2026-08-14,80745,0,979,0,not_reviewed,existing_anchor_unreverified,calculated,backfill_pending,full daily history is not available locally,2026-08-15T16:05:10+09:00
447430,KR7447430000,ACE 주주환원가치주액티브,2022-11-15,KRX KIND 신규상장 공시,provisional,listing_prices_cache,cache_provenance_pending,,,19540,2026-08-14,16335,0,979,0,not_reviewed,existing_anchor_unreverified,calculated,backfill_pending,full daily history is not available locally,2026-08-15T16:05:10+09:00
447620,KR7447620006,SOL 미국TOP5채권혼합50,2022-11-29,KRX KIND 신규상장 공시,provisional,listing_prices_cache,cache_provenance_pending,,,15835,2026-08-14,16030,0,969,0,not_reviewed,existing_anchor_unreverified,calculated,backfill_pending,full daily history is not available locally,2026-08-15T16:05:10+09:00
447660,KR7447660002,PLUS 애플채권혼합,2022-11-29,KRX KIND 신규상장 공시,provisional,listing_prices_cache,cache_provenance_pending,,,13160,2026-08-14,13665,0,969,0,not_reviewed,existing_anchor_unreverified,calculated,backfill_pending,full daily history is not available locally,2026-08-15T16:05:10+09:00
447770,KR7447770009,TIGER 테슬라채권혼합Fn,2022-11-29,KRX KIND 신규상장 공시,provisional,listing_prices_cache,cache_provenance_pending,,,14280,2026-08-14,13670,0,969,0,not_reviewed,existing_anchor_unreverified,calculated,backfill_pending,full daily history is not available locally,2026-08-15T16:05:10+09:00
448100,KR7448100008,WON 200,2022-12-16,KRX KIND 신규상장 공시,provisional,listing_prices_cache,cache_provenance_pending,,,103445,2026-08-14,113255,0,956,0,not_reviewed,existing_anchor_unreverified,calculated,backfill_pending,full daily history is not available locally,2026-08-15T16:05:10+09:00
448290,KR7448290007,TIGER 미국S&P500(H),2022-11-25,KRX KIND 신규상장 공시,provisional,listing_prices_cache,cache_provenance_pending,,,16735,2026-08-14,18070,0,971,0,not_reviewed,existing_anchor_unreverified,calculated,backfill_pending,full daily history is not available locally,2026-08-15T16:05:10+09:00
448300,KR7448300004,TIGER 미국나스닥100(H),2022-11-25,KRX KIND 신규상장 공시,provisional,listing_prices_cache,cache_provenance_pending,,,21325,2026-08-14,23370,0,971,0,not_reviewed,existing_anchor_unreverified,calculated,backfill_pending,full daily history is not available locally,2026-08-15T16:05:10+09:00
448330,KR7448330001,KODEX 삼성전자채권혼합,2022-11-29,KRX KIND 신규상장 공시,provisional,listing_prices_cache,cache_provenance_pending,,,16020,2026-08-14,17580,0,969,0,not_reviewed,existing_anchor_unreverified,calculated,backfill_pending,full daily history is not available locally,2026-08-15T16:05:10+09:00
448490,KR7448490003,HANARO 32-10 국고채액티브,2022-11-22,KRX KIND 신규상장 공시,provisional,listing_prices_cache,cache_provenance_pending,,,54065,2026-08-14,53015,0,974,0,not_reviewed,existing_anchor_unreverified,calculated,backfill_pending,full daily history is not available locally,2026-08-15T16:05:10+09:00
448540,KR7448540005,ACE 엔비디아채권혼합,2022-11-29,KRX KIND 신규상장 공시,provisional,listing_prices_cache,cache_provenance_pending,,,26625,2026-08-14,26870,0,969,0,not_reviewed,existing_anchor_unreverified,calculated,backfill_pending,full daily history is not available locally,2026-08-15T16:05:10+09:00
448570,KR7448570002,FOCUS AI코리아액티브,2022-11-15,KRX KIND 신규상장 공시,provisional,listing_prices_cache,cache_provenance_pending,,,28865,2026-08-14,31245,0,979,0,not_reviewed,existing_anchor_unreverified,calculated,backfill_pending,full daily history is not available locally,2026-08-15T16:05:10+09:00
448630,KR7448630004,RISE 삼성그룹Top3채권혼합,2022-11-29,KRX KIND 신규상장 공시,provisional,listing_prices_cache,cache_provenance_pending,,,14675,2026-08-14,15395,0,969,0,not_reviewed,existing_anchor_unreverified,calculated,backfill_pending,full daily history is not available locally,2026-08-15T16:05:10+09:00
449170,KR7449170000,TIGER KOFR금리액티브(합성),2022-11-30,KRX KIND 신규상장 공시,provisional,listing_prices_cache,cache_provenance_pending,,,110745,2026-08-14,111615,0,968,0,not_reviewed,existing_anchor_unreverified,calculated,backfill_pending,full daily history is not available locally,2026-08-15T16:05:10+09:00
449180,KR7449180009,KODEX 미국S&P500(H),2022-12-02,KRX KIND 신규상장 공시,provisional,listing_prices_cache,cache_provenance_pending,,,16130,2026-08-14,17415,0,966,0,not_reviewed,existing_anchor_unreverified,calculated,backfill_pending,full daily history is not available locally,2026-08-15T16:05:10+09:00
449190,KR7449190008,KODEX 미국나스닥100(H),2022-12-02,KRX KIND 신규상장 공시,provisional,listing_prices_cache,cache_provenance_pending,,,20670,2026-08-14,22620,0,966,0,not_reviewed,existing_anchor_unreverified,calculated,backfill_pending,full daily history is not available locally,2026-08-15T16:05:10+09:00
449450,KR7449450006,PLUS K방산,2023-01-05,KRX KIND 신규상장 공시,provisional,listing_prices_cache,cache_provenance_pending,,,78380,2026-08-14,58520,0,942,0,not_reviewed,existing_anchor_unreverified,calculated,backfill_pending,full daily history is not available locally,2026-08-15T16:05:10+09:00
449580,KR7449580000,RISE 테슬라애플아마존채권혼합,2022-12-20,KRX KIND 신규상장 공시,provisional,listing_prices_cache,cache_provenance_pending,,,16520,2026-08-14,16200,0,954,0,not_reviewed,existing_anchor_unreverified,calculated,backfill_pending,full daily history is not available locally,2026-08-15T16:05:10+09:00
449680,KR7449680008,TIGER 한중전기차(합성),2022-12-22,KRX KIND 신규상장 공시,provisional,listing_prices_cache,cache_provenance_pending,,,14685,2026-08-14,11380,0,952,0,not_reviewed,existing_anchor_unreverified,calculated,backfill_pending,full daily history is not available locally,2026-08-15T16:05:10+09:00
449690,KR7449690007,TIGER 한중반도체(합성),2022-12-22,KRX KIND 신규상장 공시,provisional,listing_prices_cache,cache_provenance_pending,,,43900,2026-08-14,50245,0,952,0,not_reviewed,existing_anchor_unreverified,calculated,backfill_pending,full daily history is not available locally,2026-08-15T16:05:10+09:00
449770,KR7449770007,KIWOOM 미국S&P500,2022-12-20,KRX KIND 신규상장 공시,provisional,listing_prices_cache,cache_provenance_pending,,,21040,2026-08-14,21870,0,954,0,not_reviewed,existing_anchor_unreverified,calculated,backfill_pending,full daily history is not available locally,2026-08-15T16:05:10+09:00
449780,KR7449780006,KIWOOM 미국S&P500(H),2022-12-20,KRX KIND 신규상장 공시,provisional,listing_prices_cache,cache_provenance_pending,,,17620,2026-08-14,18980,0,954,0,not_reviewed,existing_anchor_unreverified,calculated,backfill_pending,full daily history is not available locally,2026-08-15T16:05:10+09:00
450180,KR7450180005,KODEX 한중전기차(합성),2022-12-22,KRX KIND 신규상장 공시,provisional,listing_prices_cache,cache_provenance_pending,,,15075,2026-08-14,11805,0,952,0,not_reviewed,existing_anchor_unreverified,calculated,backfill_pending,full daily history is not available locally,2026-08-15T16:05:10+09:00
450190,KR7450190004,KODEX 한중반도체(합성),2022-12-22,KRX KIND 신규상장 공시,provisional,listing_prices_cache,cache_provenance_pending,,,44025,2026-08-14,50800,0,952,0,not_reviewed,existing_anchor_unreverified,calculated,backfill_pending,full daily history is not available locally,2026-08-15T16:05:10+09:00
450910,KR7450910005,SOL 코스닥150,2023-01-31,KRX KIND 신규상장 공시,provisional,listing_prices_cache,cache_provenance_pending,,,20045,2026-08-14,14520,0,924,0,not_reviewed,existing_anchor_unreverified,calculated,backfill_pending,full daily history is not available locally,2026-08-15T16:05:10+09:00
451000,KR7451000004,PLUS 종합채권(AA-이상)액티브,2023-01-10,KRX KIND 신규상장 공시,provisional,listing_prices_cache,cache_provenance_pending,,,109900,2026-08-14,107075,0,939,0,not_reviewed,existing_anchor_unreverified,calculated,backfill_pending,full daily history is not available locally,2026-08-15T16:05:10+09:00
451060,KR7451060008,1Q 200액티브,2023-01-31,KRX KIND 신규상장 공시,provisional,listing_prices_cache,cache_provenance_pending,,,32490,2026-08-14,35220,0,924,0,not_reviewed,existing_anchor_unreverified,calculated,backfill_pending,full daily history is not available locally,2026-08-15T16:05:10+09:00
451150,KR7451150007,에셋플러스 글로벌영에이지액티브,2023-01-31,KRX KIND 신규상장 공시,provisional,listing_prices_cache,cache_provenance_pending,,,18310,2026-08-14,18405,0,924,0,not_reviewed,existing_anchor_unreverified,calculated,backfill_pending,full daily history is not available locally,2026-08-15T16:05:10+09:00
451530,KR7451530000,TIGER 국고채30년스트립액티브,2023-02-01,KRX KIND 신규상장 공시,provisional,listing_prices_cache,cache_provenance_pending,,,45675,2026-08-14,33995,0,923,0,not_reviewed,existing_anchor_unreverified,calculated,backfill_pending,full daily history is not available locally,2026-08-15T16:05:10+09:00
451540,KR7451540009,TIGER 종합채권(AA-이상)액티브,2023-02-01,KRX KIND 신규상장 공시,provisional,listing_prices_cache,cache_provenance_pending,,,54165,2026-08-14,52680,0,923,0,not_reviewed,existing_anchor_unreverified,calculated,backfill_pending,full daily history is not available locally,2026-08-15T16:05:10+09:00
451600,KR7451600001,PLUS 국고채30년액티브,2023-02-07,KRX KIND 신규상장 공시,provisional,listing_prices_cache,cache_provenance_pending,,,97155,2026-08-14,82840,0,919,0,not_reviewed,existing_anchor_unreverified,calculated,backfill_pending,full daily history is not available locally,2026-08-15T16:05:10+09:00
451670,KR7451670004,RISE 국채30년레버리지(합성),2023-02-14,KRX KIND 신규상장 공시,provisional,listing_prices_cache,cache_provenance_pending,,,16850,2026-08-14,11835,0,914,0,not_reviewed,existing_anchor_unreverified,calculated,backfill_pending,full daily history is not available locally,2026-08-15T16:05:10+09:00
452250,KR7452250004,ACE 미국30년국채선물레버리지(합성 H),2023-02-07,KRX KIND 신규상장 공시,provisional,listing_prices_cache,cache_provenance_pending,,,5180,2026-08-14,4750,0,919,0,not_reviewed,existing_anchor_unreverified,calculated,backfill_pending,full daily history is not available locally,2026-08-15T16:05:10+09:00
452360,KR7452360001,SOL 미국배당다우존스(H),2023-03-21,KRX KIND 신규상장 공시,provisional,listing_prices_cache,cache_provenance_pending,,,12325,2026-08-14,13505,0,889,0,not_reviewed,existing_anchor_unreverified,calculated,backfill_pending,full daily history is not available locally,2026-08-15T16:05:10+09:00
453010,KR7453010001,PLUS KOFR금리,2023-03-14,KRX KIND 신규상장 공시,provisional,listing_prices_cache,cache_provenance_pending,,,108890,2026-08-14,109715,0,894,0,not_reviewed,existing_anchor_unreverified,calculated,backfill_pending,full daily history is not available locally,2026-08-15T16:05:10+09:00
453060,KR7453060006,HANARO KOFR금리액티브(합성),2023-03-14,KRX KIND 신규상장 공시,provisional,listing_prices_cache,cache_provenance_pending,,,110400,2026-08-14,111270,0,894,0,not_reviewed,existing_anchor_unreverified,calculated,backfill_pending,full daily history is not available locally,2026-08-15T16:05:10+09:00
453080,KR7453080004,KIWOOM 미국나스닥100(H),2023-03-14,KRX KIND 신규상장 공시,provisional,listing_prices_cache,cache_provenance_pending,,,21375,2026-08-14,23345,0,894,0,not_reviewed,existing_anchor_unreverified,calculated,backfill_pending,full daily history is not available locally,2026-08-15T16:05:10+09:00
453330,KR7453330003,RISE 미국S&P500(H),2023-03-21,KRX KIND 신규상장 공시,provisional,listing_prices_cache,cache_provenance_pending,,,16990,2026-08-14,18465,0,889,0,not_reviewed,existing_anchor_unreverified,calculated,backfill_pending,full daily history is not available locally,2026-08-15T16:05:10+09:00
453630,KR7453630006,KODEX 미국S&P500필수소비재,2023-03-21,KRX KIND 신규상장 공시,provisional,listing_prices_cache,cache_provenance_pending,,,12820,2026-08-14,12790,0,889,0,not_reviewed,existing_anchor_unreverified,calculated,backfill_pending,full daily history is not available locally,2026-08-15T16:05:10+09:00
453640,KR7453640005,KODEX 미국S&P500헬스케어,2023-03-21,KRX KIND 신규상장 공시,provisional,listing_prices_cache,cache_provenance_pending,,,12805,2026-08-14,14400,0,889,0,not_reviewed,existing_anchor_unreverified,calculated,backfill_pending,full daily history is not available locally,2026-08-15T16:05:10+09:00
453650,KR7453650004,KODEX 미국S&P500금융,2023-03-21,KRX KIND 신규상장 공시,provisional,listing_prices_cache,cache_provenance_pending,,,18660,2026-08-14,20145,0,889,0,not_reviewed,existing_anchor_unreverified,calculated,backfill_pending,full daily history is not available locally,2026-08-15T16:05:10+09:00
453660,KR7453660003,KODEX 미국S&P500경기소비재,2023-03-21,KRX KIND 신규상장 공시,provisional,listing_prices_cache,cache_provenance_pending,,,18655,2026-08-14,18070,0,889,0,not_reviewed,existing_anchor_unreverified,calculated,backfill_pending,full daily history is not available locally,2026-08-15T16:05:10+09:00
453810,KR7453810004,KODEX 인도Nifty50,2023-04-21,KRX KIND 신규상장 공시,provisional,listing_prices_cache,cache_provenance_pending,,,12715,2026-08-14,12115,0,866,0,not_reviewed,existing_anchor_unreverified,calculated,backfill_pending,full daily history is not available locally,2026-08-15T16:05:10+09:00
453820,KR7453820003,KODEX 인도Nifty50레버리지(합성),2023-04-21,KRX KIND 신규상장 공시,provisional,listing_prices_cache,cache_provenance_pending,,,13540,2026-08-14,12350,0,866,0,not_reviewed,existing_anchor_unreverified,calculated,backfill_pending,full daily history is not available locally,2026-08-15T16:05:10+09:00
453850,KR7453850000,ACE 미국30년국채액티브(H),2023-03-14,KRX KIND 신규상장 공시,provisional,listing_prices_cache,cache_provenance_pending,,,7525,2026-08-14,7165,0,894,0,not_reviewed,existing_anchor_unreverified,calculated,backfill_pending,full daily history is not available locally,2026-08-15T16:05:10+09:00
453870,KR7453870008,TIGER 인도니프티50,2023-04-14,KRX KIND 신규상장 공시,provisional,listing_prices_cache,cache_provenance_pending,,,12505,2026-08-14,11935,0,871,0,not_reviewed,existing_anchor_unreverified,calculated,backfill_pending,full daily history is not available locally,2026-08-15T16:05:10+09:00
453950,KR7453950008,TIGER TSMC파운드리밸류체인,2023-04-04,KRX KIND 신규상장 공시,provisional,listing_prices_cache,cache_provenance_pending,,,32965,2026-08-14,35670,0,879,0,not_reviewed,existing_anchor_unreverified,calculated,backfill_pending,full daily history is not available locally,2026-08-15T16:05:10+09:00
454180,KR7454180001,KIWOOM 차이나내수소비TOP CSI,2023-04-04,KRX KIND 신규상장 공시,provisional,listing_prices_cache,cache_provenance_pending,,,8440,2026-08-14,7845,0,879,0,not_reviewed,existing_anchor_unreverified,calculated,backfill_pending,full daily history is not available locally,2026-08-15T16:05:10+09:00
454320,KR7454320003,HANARO CAPEX설비투자iSelect,2023-04-18,KRX KIND 신규상장 공시,provisional,listing_prices_cache,cache_provenance_pending,,,59030,2026-08-14,43700,0,869,0,not_reviewed,existing_anchor_unreverified,calculated,backfill_pending,full daily history is not available locally,2026-08-15T16:05:10+09:00
454780,KR7454780008,KIWOOM 종합채권(AA-이상)액티브,2023-04-11,KRX KIND 신규상장 공시,provisional,listing_prices_cache,cache_provenance_pending,,,102090,2026-08-14,99310,0,874,0,not_reviewed,existing_anchor_unreverified,calculated,backfill_pending,full daily history is not available locally,2026-08-15T16:05:10+09:00
455030,KR7455030007,KODEX 미국달러SOFR금리액티브(합성),2023-04-04,KRX KIND 신규상장 공시,provisional,listing_prices_cache,cache_provenance_pending,,,12675,2026-08-14,12165,0,879,0,not_reviewed,existing_anchor_unreverified,calculated,backfill_pending,full daily history is not available locally,2026-08-15T16:05:10+09:00
455660,KR7455660001,ACE 미국하이일드액티브(H),2023-04-18,KRX KIND 신규상장 공시,provisional,listing_prices_cache,cache_provenance_pending,,,9675,2026-08-14,9485,0,869,0,not_reviewed,existing_anchor_unreverified,calculated,backfill_pending,full daily history is not available locally,2026-08-15T16:05:10+09:00
455850,KR7455850008,SOL AI반도체소부장,2023-04-25,KRX KIND 신규상장 공시,provisional,listing_prices_cache,cache_provenance_pending,,,31860,2026-08-14,23955,0,864,0,not_reviewed,existing_anchor_unreverified,calculated,backfill_pending,full daily history is not available locally,2026-08-15T16:05:10+09:00
455860,KR7455860007,SOL 2차전지소부장Fn,2023-04-25,KRX KIND 신규상장 공시,provisional,listing_prices_cache,cache_provenance_pending,,,7510,2026-08-14,4635,0,864,0,not_reviewed,existing_anchor_unreverified,calculated,backfill_pending,full daily history is not available locally,2026-08-15T16:05:10+09:00
455890,KR7455890004,RISE 머니마켓액티브,2023-05-09,KRX KIND 신규상장 공시,provisional,listing_prices_cache,cache_provenance_pending,,,54875,2026-08-14,55400,0,854,0,not_reviewed,existing_anchor_unreverified,calculated,backfill_pending,full daily history is not available locally,2026-08-15T16:05:10+09:00
455960,KR7455960005,RISE 미국달러SOFR금리액티브(합성),2023-05-16,KRX KIND 신규상장 공시,provisional,listing_prices_cache,cache_provenance_pending,,,12760,2026-08-14,12405,0,849,0,not_reviewed,existing_anchor_unreverified,calculated,backfill_pending,full daily history is not available locally,2026-08-15T16:05:10+09:00
456200,KR7456200005,PLUS 미국달러SOFR금리액티브(합성),2023-05-09,KRX KIND 신규상장 공시,provisional,listing_prices_cache,cache_provenance_pending,,,63155,2026-08-14,61370,0,854,0,not_reviewed,existing_anchor_unreverified,calculated,backfill_pending,full daily history is not available locally,2026-08-15T16:05:10+09:00
456250,KR7456250000,KODEX 유럽명품TOP10 STOXX,2023-04-25,KRX KIND 신규상장 공시,provisional,listing_prices_cache,cache_provenance_pending,,,9345,2026-08-14,9325,0,864,0,not_reviewed,existing_anchor_unreverified,calculated,backfill_pending,full daily history is not available locally,2026-08-15T16:05:10+09:00
456600,KR7456600006,TIME 글로벌AI인공지능액티브,2023-05-16,KRX KIND 신규상장 공시,provisional,listing_prices_cache,cache_provenance_pending,,,53875,2026-08-14,60990,0,849,0,not_reviewed,existing_anchor_unreverified,calculated,backfill_pending,full daily history is not available locally,2026-08-15T16:05:10+09:00
456610,KR7456610005,TIGER 미국달러SOFR금리액티브(합성),2023-05-09,KRX KIND 신규상장 공시,provisional,listing_prices_cache,cache_provenance_pending,,,63135,2026-08-14,61435,0,854,0,not_reviewed,existing_anchor_unreverified,calculated,backfill_pending,full daily history is not available locally,2026-08-15T16:05:10+09:00
456680,KR7456680008,TIGER 차이나전기차레버리지(합성),2023-05-09,KRX KIND 신규상장 공시,provisional,listing_prices_cache,cache_provenance_pending,,,11700,2026-08-14,7170,0,854,0,not_reviewed,existing_anchor_unreverified,calculated,backfill_pending,full daily history is not available locally,2026-08-15T16:05:10+09:00
456880,KR7456880004,ACE 미국달러SOFR금리(합성),2023-04-25,KRX KIND 신규상장 공시,provisional,listing_prices_cache,cache_provenance_pending,,,12790,2026-08-14,12440,0,864,0,not_reviewed,existing_anchor_unreverified,calculated,backfill_pending,full daily history is not available locally,2026-08-15T16:05:10+09:00
457480,KR7457480002,ACE 테슬라밸류체인액티브,2023-05-16,KRX KIND 신규상장 공시,provisional,listing_prices_cache,cache_provenance_pending,,,22670,2026-08-14,18895,0,849,0,not_reviewed,existing_anchor_unreverified,calculated,backfill_pending,full daily history is not available locally,2026-08-15T16:05:10+09:00
457690,KR7457690006,KODEX 33-06 국고채액티브,2023-05-31,KRX KIND 신규상장 공시,provisional,listing_prices_cache,cache_provenance_pending,,,10605,2026-08-14,10510,0,838,0,not_reviewed,existing_anchor_unreverified,calculated,backfill_pending,full daily history is not available locally,2026-08-15T16:05:10+09:00
457700,KR7457700003,KODEX 53-09 국고채액티브,2023-05-31,KRX KIND 신규상장 공시,provisional,listing_prices_cache,cache_provenance_pending,,,10385,2026-08-14,9015,0,838,0,not_reviewed,existing_anchor_unreverified,calculated,backfill_pending,full daily history is not available locally,2026-08-15T16:05:10+09:00
457930,KR7457930006,BNK 미래전략기술액티브,2023-06-20,KRX KIND 신규상장 공시,provisional,listing_prices_cache,cache_provenance_pending,,,31265,2026-08-14,28945,0,824,0,not_reviewed,existing_anchor_unreverified,calculated,backfill_pending,full daily history is not available locally,2026-08-15T16:05:10+09:00
457990,KR7457990000,PLUS 태양광&ESS,2023-06-20,KRX KIND 신규상장 공시,provisional,listing_prices_cache,cache_provenance_pending,,,51005,2026-08-14,38815,0,824,0,not_reviewed,existing_anchor_unreverified,calculated,backfill_pending,full daily history is not available locally,2026-08-15T16:05:10+09:00
458030,KR7458030004,WON 국공채머니마켓액티브,2023-05-31,KRX KIND 신규상장 공시,provisional,listing_prices_cache,cache_provenance_pending,,,54520,2026-08-14,54975,0,838,0,not_reviewed,existing_anchor_unreverified,calculated,backfill_pending,full daily history is not available locally,2026-08-15T16:05:10+09:00
458210,KR7458210002,KIWOOM CD금리액티브(합성),2023-05-23,KRX KIND 신규상장 공시,provisional,listing_prices_cache,cache_provenance_pending,,,109525,2026-08-14,110465,0,844,0,not_reviewed,existing_anchor_unreverified,calculated,backfill_pending,full daily history is not available locally,2026-08-15T16:05:10+09:00
458250,KR7458250008,TIGER 미국30년국채스트립액티브(합성 H),2023-05-31,KRX KIND 신규상장 공시,provisional,listing_prices_cache,cache_provenance_pending,,,36760,2026-08-14,34335,0,838,0,not_reviewed,existing_anchor_unreverified,calculated,backfill_pending,full daily history is not available locally,2026-08-15T16:05:10+09:00
458260,KR7458260007,TIGER 미국투자등급회사채액티브(H),2023-05-31,KRX KIND 신규상장 공시,provisional,listing_prices_cache,cache_provenance_pending,,,47950,2026-08-14,46560,0,838,0,not_reviewed,existing_anchor_unreverified,calculated,backfill_pending,full daily history is not available locally,2026-08-15T16:05:10+09:00
458730,KR7458730009,TIGER 미국배당다우존스,2023-06-20,KRX KIND 신규상장 공시,provisional,listing_prices_cache,cache_provenance_pending,,,14640,2026-08-14,15455,0,824,0,not_reviewed,existing_anchor_unreverified,calculated,backfill_pending,full daily history is not available locally,2026-08-15T16:05:10+09:00
458750,KR7458750007,TIGER 미국배당다우존스타겟커버드콜1호,2023-06-20,KRX KIND 신규상장 공시,provisional,listing_prices_cache,cache_provenance_pending,,,12860,2026-08-14,13380,0,824,0,not_reviewed,existing_anchor_unreverified,calculated,backfill_pending,full daily history is not available locally,2026-08-15T16:05:10+09:00
458760,KR7458760006,TIGER 미국배당다우존스타겟커버드콜2호,2023-06-20,KRX KIND 신규상장 공시,provisional,listing_prices_cache,cache_provenance_pending,,,11090,2026-08-14,11340,0,824,0,not_reviewed,existing_anchor_unreverified,calculated,backfill_pending,full daily history is not available locally,2026-08-15T16:05:10+09:00
459560,KR7459560009,KODEX 테슬라밸류체인FactSet,2023-06-08,KRX KIND 신규상장 공시,provisional,listing_prices_cache,cache_provenance_pending,,,22770,2026-08-14,22710,0,832,0,not_reviewed,existing_anchor_unreverified,calculated,backfill_pending,full daily history is not available locally,2026-08-15T16:05:10+09:00
459580,KR7459580007,KODEX CD금리액티브(합성),2023-06-08,KRX KIND 신규상장 공시,provisional,listing_prices_cache,cache_provenance_pending,,,1075680,2026-08-14,1074950,0,832,0,not_reviewed,existing_anchor_unreverified,calculated,backfill_pending,full daily history is not available locally,2026-08-15T16:05:10+09:00
459750,KR7459750006,RISE 글로벌주식분산액티브,2023-06-27,KRX KIND 신규상장 공시,provisional,listing_prices_cache,cache_provenance_pending,,,17955,2026-08-14,18650,0,819,0,not_reviewed,existing_anchor_unreverified,calculated,backfill_pending,full daily history is not available locally,2026-08-15T16:05:10+09:00
459790,KR7459790002,KIWOOM 미국성장기업30액티브,2023-06-27,KRX KIND 신규상장 공시,provisional,listing_prices_cache,cache_provenance_pending,,,20915,2026-08-14,21180,0,819,0,not_reviewed,existing_anchor_unreverified,calculated,backfill_pending,full daily history is not available locally,2026-08-15T16:05:10+09:00
460270,KR7460270002,KIWOOM 미국달러SOFR금리액티브(합성),2023-06-20,KRX KIND 신규상장 공시,provisional,listing_prices_cache,cache_provenance_pending,,,13200,2026-08-14,12865,0,824,0,not_reviewed,existing_anchor_unreverified,calculated,backfill_pending,full daily history is not available locally,2026-08-15T16:05:10+09:00
460660,KR7460660004,RISE 미국S&P배당킹,2023-06-27,KRX KIND 신규상장 공시,provisional,listing_prices_cache,cache_provenance_pending,,,11695,2026-08-14,12485,0,819,0,not_reviewed,existing_anchor_unreverified,calculated,backfill_pending,full daily history is not available locally,2026-08-15T16:05:10+09:00
460960,KR7460960008,ACE 글로벌인컴TOP10,2023-07-11,KRX KIND 신규상장 공시,provisional,listing_prices_cache,cache_provenance_pending,,,11920,2026-08-14,11520,0,809,0,not_reviewed,existing_anchor_unreverified,calculated,backfill_pending,full daily history is not available locally,2026-08-15T16:05:10+09:00
461340,KR7461340002,HANARO 글로벌생성형AI액티브,2023-07-11,KRX KIND 신규상장 공시,provisional,listing_prices_cache,cache_provenance_pending,,,39935,2026-08-14,44170,0,809,0,not_reviewed,existing_anchor_unreverified,calculated,backfill_pending,full daily history is not available locally,2026-08-15T16:05:10+09:00
461450,KR7461450009,KODEX 코스닥글로벌,2023-06-29,KRX KIND 신규상장 공시,provisional,listing_prices_cache,cache_provenance_pending,,,20335,2026-08-14,16005,0,817,0,not_reviewed,existing_anchor_unreverified,calculated,backfill_pending,full daily history is not available locally,2026-08-15T16:05:10+09:00
461460,KR7461460008,PLUS 국고채10년액티브,2023-07-18,KRX KIND 신규상장 공시,provisional,listing_prices_cache,cache_provenance_pending,,,52470,2026-08-14,51410,0,804,0,not_reviewed,existing_anchor_unreverified,calculated,backfill_pending,full daily history is not available locally,2026-08-15T16:05:10+09:00
461490,KR7461490005,RISE 글로벌자산배분액티브,2023-06-27,KRX KIND 신규상장 공시,provisional,listing_prices_cache,cache_provenance_pending,,,15020,2026-08-14,14865,0,819,0,not_reviewed,existing_anchor_unreverified,calculated,backfill_pending,full daily history is not available locally,2026-08-15T16:05:10+09:00
461500,KR7461500001,HANARO 종합채권(AA-이상)액티브,2023-10-26,KRX KIND 신규상장 공시,provisional,listing_prices_cache,cache_provenance_pending,,,107310,2026-08-14,104770,0,732,0,not_reviewed,existing_anchor_unreverified,calculated,backfill_pending,full daily history is not available locally,2026-08-15T16:05:10+09:00
461580,KR7461580003,TIGER 코스닥글로벌,2023-06-29,KRX KIND 신규상장 공시,provisional,listing_prices_cache,cache_provenance_pending,,,20735,2026-08-14,16510,0,817,0,not_reviewed,existing_anchor_unreverified,calculated,backfill_pending,full daily history is not available locally,2026-08-15T16:05:10+09:00
461600,KR7461600009,SOL 미국30년국채액티브(H),2023-07-11,KRX KIND 신규상장 공시,provisional,listing_prices_cache,cache_provenance_pending,,,8625,2026-08-14,8340,0,809,0,not_reviewed,existing_anchor_unreverified,calculated,backfill_pending,full daily history is not available locally,2026-08-15T16:05:10+09:00
461900,KR7461900003,PLUS 미국테크TOP10,2023-07-18,KRX KIND 신규상장 공시,provisional,listing_prices_cache,cache_provenance_pending,,,23430,2026-08-14,22955,0,804,0,not_reviewed,existing_anchor_unreverified,calculated,backfill_pending,full daily history is not available locally,2026-08-15T16:05:10+09:00
461910,KR7461910002,PLUS 미국테크TOP10레버리지(합성),2023-07-18,KRX KIND 신규상장 공시,provisional,listing_prices_cache,cache_provenance_pending,,,40965,2026-08-14,38360,0,804,0,not_reviewed,existing_anchor_unreverified,calculated,backfill_pending,full daily history is not available locally,2026-08-15T16:05:10+09:00
461950,KR7461950008,KODEX 2차전지핵심소재10,2023-07-04,KRX KIND 신규상장 공시,provisional,listing_prices_cache,cache_provenance_pending,,,8050,2026-08-14,5005,0,814,0,not_reviewed,existing_anchor_unreverified,calculated,backfill_pending,full daily history is not available locally,2026-08-15T16:05:10+09:00
462010,KR7462010000,TIGER 2차전지소재Fn,2023-07-13,KRX KIND 신규상장 공시,provisional,listing_prices_cache,cache_provenance_pending,,,7970,2026-08-14,4970,0,807,0,not_reviewed,existing_anchor_unreverified,calculated,backfill_pending,full daily history is not available locally,2026-08-15T16:05:10+09:00
462330,KR7462330002,KODEX 2차전지산업레버리지,2023-07-04,KRX KIND 신규상장 공시,provisional,listing_prices_cache,cache_provenance_pending,,,2700,2026-08-14,1079,0,814,0,not_reviewed,existing_anchor_unreverified,calculated,backfill_pending,full daily history is not available locally,2026-08-15T16:05:10+09:00
462340,KR7462340001,에셋플러스 글로벌다이나믹시니어액티브,2023-07-25,KRX KIND 신규상장 공시,provisional,listing_prices_cache,cache_provenance_pending,,,15465,2026-08-14,17115,0,799,0,not_reviewed,existing_anchor_unreverified,calculated,backfill_pending,full daily history is not available locally,2026-08-15T16:05:10+09:00
462900,KR7462900002,KoAct 바이오헬스케어액티브,2023-08-03,KRX KIND 신규상장 공시,provisional,listing_prices_cache,cache_provenance_pending,,,21965,2026-08-14,15195,0,792,0,not_reviewed,existing_anchor_unreverified,calculated,backfill_pending,full daily history is not available locally,2026-08-15T16:05:10+09:00
463050,KR7463050005,TIME K바이오액티브,2023-08-17,KRX KIND 신규상장 공시,provisional,listing_prices_cache,cache_provenance_pending,,,18595,2026-08-14,13755,0,782,0,not_reviewed,existing_anchor_unreverified,calculated,backfill_pending,full daily history is not available locally,2026-08-15T16:05:10+09:00
463250,KR7463250001,TIGER K방산&우주,2023-07-25,KRX KIND 신규상장 공시,provisional,listing_prices_cache,cache_provenance_pending,,,49935,2026-08-14,37805,0,799,0,not_reviewed,existing_anchor_unreverified,calculated,backfill_pending,full daily history is not available locally,2026-08-15T16:05:10+09:00
463290,KR7463290007,1Q 단기금융채액티브,2023-08-03,KRX KIND 신규상장 공시,provisional,listing_prices_cache,cache_provenance_pending,,,108165,2026-08-14,109130,0,792,0,not_reviewed,existing_anchor_unreverified,calculated,backfill_pending,full daily history is not available locally,2026-08-15T16:05:10+09:00
463300,KR7463300004,RISE 중국본토CSI300,2023-08-08,KRX KIND 신규상장 공시,provisional,listing_prices_cache,cache_provenance_pending,,,14235,2026-08-14,13650,0,789,0,not_reviewed,existing_anchor_unreverified,calculated,backfill_pending,full daily history is not available locally,2026-08-15T16:05:10+09:00
463640,KR7463640003,KODEX 미국S&P500유틸리티,2023-08-01,KRX KIND 신규상장 공시,provisional,listing_prices_cache,cache_provenance_pending,,,15745,2026-08-14,14465,0,794,0,not_reviewed,existing_anchor_unreverified,calculated,backfill_pending,full daily history is not available locally,2026-08-15T16:05:10+09:00
463680,KR7463680009,KODEX 미국S&P500테크놀로지,2023-08-01,KRX KIND 신규상장 공시,provisional,listing_prices_cache,cache_provenance_pending,,,20505,2026-08-14,23495,0,794,0,not_reviewed,existing_anchor_unreverified,calculated,backfill_pending,full daily history is not available locally,2026-08-15T16:05:10+09:00
463690,KR7463690008,KODEX 미국S&P500커뮤니케이션,2023-08-01,KRX KIND 신규상장 공시,provisional,listing_prices_cache,cache_provenance_pending,,,19720,2026-08-14,18445,0,794,0,not_reviewed,existing_anchor_unreverified,calculated,backfill_pending,full daily history is not available locally,2026-08-15T16:05:10+09:00
464240,KR7464240001,KIWOOM 26-09회사채(AA-이상)액티브,2023-08-17,KRX KIND 신규상장 공시,provisional,listing_prices_cache,cache_provenance_pending,,,52395,2026-08-14,52365,0,782,0,not_reviewed,existing_anchor_unreverified,calculated,backfill_pending,full daily history is not available locally,2026-08-15T16:05:10+09:00
464310,KR7464310002,TIGER 글로벌AI&로보틱스 INDXX,2023-08-17,KRX KIND 신규상장 공시,provisional,listing_prices_cache,cache_provenance_pending,,,15940,2026-08-14,14905,0,782,0,not_reviewed,existing_anchor_unreverified,calculated,backfill_pending,full daily history is not available locally,2026-08-15T16:05:10+09:00
464470,KR7464470004,PLUS 미국채30년액티브,2023-08-22,KRX KIND 신규상장 공시,provisional,listing_prices_cache,cache_provenance_pending,,,53215,2026-08-14,49215,0,779,0,not_reviewed,existing_anchor_unreverified,calculated,backfill_pending,full daily history is not available locally,2026-08-15T16:05:10+09:00
464600,KR7464600006,SOL 자동차소부장Fn,2023-08-22,KRX KIND 신규상장 공시,provisional,listing_prices_cache,cache_provenance_pending,,,22880,2026-08-14,25950,0,779,0,not_reviewed,existing_anchor_unreverified,calculated,backfill_pending,full daily history is not available locally,2026-08-15T16:05:10+09:00
464610,KR7464610005,SOL 의료기기소부장Fn,2023-08-22,KRX KIND 신규상장 공시,provisional,listing_prices_cache,cache_provenance_pending,,,9955,2026-08-14,7910,0,779,0,not_reviewed,existing_anchor_unreverified,calculated,backfill_pending,full daily history is not available locally,2026-08-15T16:05:10+09:00
464920,KR7464920008,PLUS 일본반도체소부장,2023-08-31,KRX KIND 신규상장 공시,provisional,listing_prices_cache,cache_provenance_pending,,,25130,2026-08-14,26530,0,772,0,not_reviewed,existing_anchor_unreverified,calculated,backfill_pending,full daily history is not available locally,2026-08-15T16:05:10+09:00
464930,KR7464930007,TIGER 글로벌혁신블루칩TOP10,2023-08-29,KRX KIND 신규상장 공시,provisional,listing_prices_cache,cache_provenance_pending,,,20995,2026-08-14,21865,0,774,0,not_reviewed,existing_anchor_unreverified,calculated,backfill_pending,full daily history is not available locally,2026-08-15T16:05:10+09:00
465330,KR7465330009,RISE 2차전지TOP10,2023-09-12,KRX KIND 신규상장 공시,provisional,listing_prices_cache,cache_provenance_pending,,,16180,2026-08-14,11395,0,764,0,not_reviewed,existing_anchor_unreverified,calculated,backfill_pending,full daily history is not available locally,2026-08-15T16:05:10+09:00
465350,KR7465350007,RISE 2차전지TOP10인버스(합성),2023-09-12,KRX KIND 신규상장 공시,provisional,listing_prices_cache,cache_provenance_pending,,,13470,2026-08-14,16590,0,764,0,not_reviewed,existing_anchor_unreverified,calculated,backfill_pending,full daily history is not available locally,2026-08-15T16:05:10+09:00
465580,KR7465580009,ACE 미국빅테크TOP7 Plus,2023-09-12,KRX KIND 신규상장 공시,provisional,listing_prices_cache,cache_provenance_pending,,,24480,2026-08-14,25270,0,764,0,not_reviewed,existing_anchor_unreverified,calculated,backfill_pending,full daily history is not available locally,2026-08-15T16:05:10+09:00
465610,KR7465610004,ACE 미국빅테크TOP7 Plus레버리지(합성),2023-09-12,KRX KIND 신규상장 공시,provisional,listing_prices_cache,cache_provenance_pending,,,44720,2026-08-14,45930,0,764,0,not_reviewed,existing_anchor_unreverified,calculated,backfill_pending,full daily history is not available locally,2026-08-15T16:05:10+09:00
465620,KR7465620003,ACE 미국빅테크TOP7 Plus인버스(합성),2023-09-12,KRX KIND 신규상장 공시,provisional,listing_prices_cache,cache_provenance_pending,,,6590,2026-08-14,6230,0,764,0,not_reviewed,existing_anchor_unreverified,calculated,backfill_pending,full daily history is not available locally,2026-08-15T16:05:10+09:00
465660,KR7465660009,TIGER 일본반도체FACTSET,2023-09-19,KRX KIND 신규상장 공시,provisional,listing_prices_cache,cache_provenance_pending,,,23815,2026-08-14,26840,0,759,0,not_reviewed,existing_anchor_unreverified,calculated,backfill_pending,full daily history is not available locally,2026-08-15T16:05:10+09:00
465670,KR7465670008,TIGER 미국캐시카우100,2023-09-19,KRX KIND 신규상장 공시,provisional,listing_prices_cache,cache_provenance_pending,,,15000,2026-08-14,17460,0,759,0,not_reviewed,existing_anchor_unreverified,calculated,backfill_pending,full daily history is not available locally,2026-08-15T16:05:10+09:00
465780,KR7465780005,마이티 26-09 특수채(AAA)액티브,2023-09-21,KRX KIND 신규상장 공시,provisional,listing_prices_cache,cache_provenance_pending,,,105460,2026-08-14,106285,0,757,0,not_reviewed,existing_anchor_unreverified,calculated,backfill_pending,full daily history is not available locally,2026-08-15T16:05:10+09:00
466810,KR7466810009,BNK 2차전지양극재,2023-10-19,KRX KIND 신규상장 공시,provisional,listing_prices_cache,cache_provenance_pending,,,9015,2026-08-14,5950,0,737,0,not_reviewed,existing_anchor_unreverified,calculated,backfill_pending,full daily history is not available locally,2026-08-15T16:05:10+09:00
466920,KR7466920006,SOL 조선TOP3플러스,2023-10-05,KRX KIND 신규상장 공시,provisional,listing_prices_cache,cache_provenance_pending,,,41910,2026-08-14,30150,0,747,0,not_reviewed,existing_anchor_unreverified,calculated,backfill_pending,full daily history is not available locally,2026-08-15T16:05:10+09:00
466930,KR7466930005,SOL 자동차TOP3플러스,2023-10-05,KRX KIND 신규상장 공시,provisional,listing_prices_cache,cache_provenance_pending,,,25335,2026-08-14,28985,0,747,0,not_reviewed,existing_anchor_unreverified,calculated,backfill_pending,full daily history is not available locally,2026-08-15T16:05:10+09:00
466940,KR7466940004,TIGER 은행고배당플러스TOP10,2023-10-17,KRX KIND 신규상장 공시,provisional,listing_prices_cache,cache_provenance_pending,,,26500,2026-08-14,26365,0,739,0,not_reviewed,existing_anchor_unreverified,calculated,backfill_pending,full daily history is not available locally,2026-08-15T16:05:10+09:00
466950,KR7466950003,TIGER 글로벌AI액티브,2023-10-11,KRX KIND 신규상장 공시,provisional,listing_prices_cache,cache_provenance_pending,,,31245,2026-08-14,32620,0,743,0,not_reviewed,existing_anchor_unreverified,calculated,backfill_pending,full daily history is not available locally,2026-08-15T16:05:10+09:00
468370,KR7468370002,KODEX iShares미국인플레이션국채액티브,2023-10-19,KRX KIND 신규상장 공시,provisional,listing_prices_cache,cache_provenance_pending,,,11775,2026-08-14,10995,0,737,0,not_reviewed,existing_anchor_unreverified,calculated,backfill_pending,full daily history is not available locally,2026-08-15T16:05:10+09:00
468380,KR7468380001,KODEX iShares미국하이일드액티브,2023-10-19,KRX KIND 신규상장 공시,provisional,listing_prices_cache,cache_provenance_pending,,,11855,2026-08-14,11290,0,737,0,not_reviewed,existing_anchor_unreverified,calculated,backfill_pending,full daily history is not available locally,2026-08-15T16:05:10+09:00
468630,KR7468630009,KODEX iShares미국투자등급회사채액티브,2023-10-19,KRX KIND 신규상장 공시,provisional,listing_prices_cache,cache_provenance_pending,,,11915,2026-08-14,11185,0,737,0,not_reviewed,existing_anchor_unreverified,calculated,backfill_pending,full daily history is not available locally,2026-08-15T16:05:10+09:00
469050,KR7469050009,RISE 미국반도체NYSE(H),2023-10-24,KRX KIND 신규상장 공시,provisional,listing_prices_cache,cache_provenance_pending,,,27395,2026-08-14,32995,0,734,0,not_reviewed,existing_anchor_unreverified,calculated,backfill_pending,full daily history is not available locally,2026-08-15T16:05:10+09:00
469060,KR7469060008,RISE 미국반도체NYSE,2023-10-24,KRX KIND 신규상장 공시,provisional,listing_prices_cache,cache_provenance_pending,,,32025,2026-08-14,37275,0,734,0,not_reviewed,existing_anchor_unreverified,calculated,backfill_pending,full daily history is not available locally,2026-08-15T16:05:10+09:00
469070,KR7469070007,RISE AI&로봇,2023-10-24,KRX KIND 신규상장 공시,provisional,listing_prices_cache,cache_provenance_pending,,,16040,2026-08-14,12530,0,734,0,not_reviewed,existing_anchor_unreverified,calculated,backfill_pending,full daily history is not available locally,2026-08-15T16:05:10+09:00
469150,KR7469150007,ACE AI반도체TOP3+,2023-10-17,KRX KIND 신규상장 공시,provisional,listing_prices_cache,cache_provenance_pending,,,59025,2026-08-14,58430,0,739,0,not_reviewed,existing_anchor_unreverified,calculated,backfill_pending,full daily history is not available locally,2026-08-15T16:05:10+09:00
469160,KR7469160006,ACE 일본반도체,2023-10-17,KRX KIND 신규상장 공시,provisional,listing_prices_cache,cache_provenance_pending,,,24330,2026-08-14,27350,0,739,0,not_reviewed,existing_anchor_unreverified,calculated,backfill_pending,full daily history is not available locally,2026-08-15T16:05:10+09:00
469170,KR7469170005,ACE 포스코그룹포커스,2023-10-17,KRX KIND 신규상장 공시,provisional,listing_prices_cache,cache_provenance_pending,,,8800,2026-08-14,5805,0,739,0,not_reviewed,existing_anchor_unreverified,calculated,backfill_pending,full daily history is not available locally,2026-08-15T16:05:10+09:00
469530,KR7469530000,RISE 미국달러선물인버스,2023-11-09,KRX KIND 신규상장 공시,provisional,listing_prices_cache,cache_provenance_pending,,,8815,2026-08-14,9170,0,722,0,not_reviewed,existing_anchor_unreverified,calculated,backfill_pending,full daily history is not available locally,2026-08-15T16:05:10+09:00
469790,KR7469790000,KIWOOM 코리아테크TOP10,2023-10-31,KRX KIND 신규상장 공시,provisional,listing_prices_cache,cache_provenance_pending,,,35770,2026-08-14,44640,0,729,0,not_reviewed,existing_anchor_unreverified,calculated,backfill_pending,full daily history is not available locally,2026-08-15T16:05:10+09:00
469830,KR7469830004,SOL 초단기채권액티브,2023-11-07,KRX KIND 신규상장 공시,provisional,listing_prices_cache,cache_provenance_pending,,,53765,2026-08-14,54305,0,724,0,not_reviewed,existing_anchor_unreverified,calculated,backfill_pending,full daily history is not available locally,2026-08-15T16:05:10+09:00
470310,KR7470310004,UNICORN 생성형AI강소기업액티브,2023-11-21,KRX KIND 신규상장 공시,provisional,listing_prices_cache,cache_provenance_pending,,,16690,2026-08-14,20000,0,714,0,not_reviewed,existing_anchor_unreverified,calculated,backfill_pending,full daily history is not available locally,2026-08-15T16:05:10+09:00
471040,KR7471040006,KoAct 글로벌AI&로봇액티브,2023-11-21,KRX KIND 신규상장 공시,provisional,listing_prices_cache,cache_provenance_pending,,,29540,2026-08-14,30670,0,714,0,not_reviewed,existing_anchor_unreverified,calculated,backfill_pending,full daily history is not available locally,2026-08-15T16:05:10+09:00
471230,KR7471230003,KODEX 국고채10년액티브,2023-11-14,KRX KIND 신규상장 공시,provisional,listing_prices_cache,cache_provenance_pending,,,106150,2026-08-14,104015,0,719,0,not_reviewed,existing_anchor_unreverified,calculated,backfill_pending,full daily history is not available locally,2026-08-15T16:05:10+09:00
471460,KR7471460006,KIWOOM 국고채30년액티브,2023-11-07,KRX KIND 신규상장 공시,provisional,listing_prices_cache,cache_provenance_pending,,,52930,2026-08-14,45000,0,724,0,not_reviewed,existing_anchor_unreverified,calculated,backfill_pending,full daily history is not available locally,2026-08-15T16:05:10+09:00
471760,KR7471760009,TIGER AI반도체핵심공정,2023-11-21,KRX KIND 신규상장 공시,provisional,listing_prices_cache,cache_provenance_pending,,,22385,2026-08-14,14655,0,714,0,not_reviewed,existing_anchor_unreverified,calculated,backfill_pending,full daily history is not available locally,2026-08-15T16:05:10+09:00
471780,KR7471780007,TIGER 코리아테크액티브,2023-11-28,KRX KIND 신규상장 공시,provisional,listing_prices_cache,cache_provenance_pending,,,33465,2026-08-14,35750,0,709,0,not_reviewed,existing_anchor_unreverified,calculated,backfill_pending,full daily history is not available locally,2026-08-15T16:05:10+09:00
471990,KR7471990002,KODEX AI반도체핵심장비,2023-11-21,KRX KIND 신규상장 공시,provisional,listing_prices_cache,cache_provenance_pending,,,31545,2026-08-14,23560,0,714,0,not_reviewed,existing_anchor_unreverified,calculated,backfill_pending,full daily history is not available locally,2026-08-15T16:05:10+09:00
472150,KR7472150002,TIGER 배당커버드콜액티브,2023-12-12,KRX KIND 신규상장 공시,provisional,listing_prices_cache,cache_provenance_pending,,,20910,2026-08-14,20975,0,699,0,not_reviewed,existing_anchor_unreverified,calculated,backfill_pending,full daily history is not available locally,2026-08-15T16:05:10+09:00
472160,KR7472160001,TIGER 미국테크TOP10 INDXX(H),2023-12-05,KRX KIND 신규상장 공시,provisional,listing_prices_cache,cache_provenance_pending,,,18620,2026-08-14,18930,0,704,0,not_reviewed,existing_anchor_unreverified,calculated,backfill_pending,full daily history is not available locally,2026-08-15T16:05:10+09:00
472170,KR7472170000,TIGER 미국테크TOP10채권혼합,2023-12-05,KRX KIND 신규상장 공시,provisional,listing_prices_cache,cache_provenance_pending,,,14270,2026-08-14,14140,0,704,0,not_reviewed,existing_anchor_unreverified,calculated,backfill_pending,full daily history is not available locally,2026-08-15T16:05:10+09:00
472720,KR7472720002,TRUSTON 주주가치액티브,2023-12-14,KRX KIND 신규상장 공시,provisional,listing_prices_cache,cache_provenance_pending,,,27740,2026-08-14,26270,0,697,0,not_reviewed,existing_anchor_unreverified,calculated,backfill_pending,full daily history is not available locally,2026-08-15T16:05:10+09:00
472830,KR7472830009,RISE 미국30년국채커버드콜(합성),2023-12-14,KRX KIND 신규상장 공시,provisional,listing_prices_cache,cache_provenance_pending,,,9025,2026-08-14,8170,0,697,0,not_reviewed,existing_anchor_unreverified,calculated,backfill_pending,full daily history is not available locally,2026-08-15T16:05:10+09:00
472840,KR7472840008,IBK 200,2023-12-21,KRX KIND 신규상장 공시,provisional,listing_prices_cache,cache_provenance_pending,,,100455,2026-08-14,109325,0,692,0,not_reviewed,existing_anchor_unreverified,calculated,backfill_pending,full daily history is not available locally,2026-08-15T16:05:10+09:00
472870,KR7472870005,RISE 미국30년국채엔화노출(합성 H),2023-12-27,KRX KIND 신규상장 공시,provisional,listing_prices_cache,cache_provenance_pending,,,7780,2026-08-14,7085,0,688,0,not_reviewed,existing_anchor_unreverified,calculated,backfill_pending,full daily history is not available locally,2026-08-15T16:05:10+09:00
472920,KR7472920008,HK 종합채권(AA-이상)액티브,2023-11-28,KRX KIND 신규상장 공시,provisional,listing_prices_cache,cache_provenance_pending,,,100450,2026-08-14,97895,0,709,0,not_reviewed,existing_anchor_unreverified,calculated,backfill_pending,full daily history is not available locally,2026-08-15T16:05:10+09:00
473290,KR7473290005,KODEX 26-12 회사채(AA-이상)액티브,2023-12-12,KRX KIND 신규상장 공시,provisional,listing_prices_cache,cache_provenance_pending,,,10790,2026-08-14,10865,0,699,0,not_reviewed,existing_anchor_unreverified,calculated,backfill_pending,full daily history is not available locally,2026-08-15T16:05:10+09:00
473330,KR7473330009,SOL 미국30년국채커버드콜(합성),2023-12-27,KRX KIND 신규상장 공시,provisional,listing_prices_cache,cache_provenance_pending,,,9145,2026-08-14,8240,0,688,0,not_reviewed,existing_anchor_unreverified,calculated,backfill_pending,full daily history is not available locally,2026-08-15T16:05:10+09:00
473440,KR7473440006,ACE 11월만기자동연장회사채AA-이상액티브,2023-12-19,KRX KIND 신규상장 공시,provisional,listing_prices_cache,cache_provenance_pending,,,10740,2026-08-14,10825,0,694,0,not_reviewed,existing_anchor_unreverified,calculated,backfill_pending,full daily history is not available locally,2026-08-15T16:05:10+09:00
473460,KR7473460004,KODEX 미국서학개미,2023-12-27,KRX KIND 신규상장 공시,provisional,listing_prices_cache,cache_provenance_pending,,,24285,2026-08-14,24085,0,688,0,not_reviewed,existing_anchor_unreverified,calculated,backfill_pending,full daily history is not available locally,2026-08-15T16:05:10+09:00
473490,KR7473490001,KIWOOM 글로벌AI반도체,2023-12-21,KRX KIND 신규상장 공시,provisional,listing_prices_cache,cache_provenance_pending,,,28915,2026-08-14,31075,0,692,0,not_reviewed,existing_anchor_unreverified,calculated,backfill_pending,full daily history is not available locally,2026-08-15T16:05:10+09:00
473590,KR7473590008,ACE 미국주식베스트셀러,2023-12-27,KRX KIND 신규상장 공시,provisional,listing_prices_cache,cache_provenance_pending,,,21390,2026-08-14,19565,0,688,0,not_reviewed,existing_anchor_unreverified,calculated,backfill_pending,full daily history is not available locally,2026-08-15T16:05:10+09:00
473640,KR7473640001,HANARO 글로벌금채굴기업,2024-01-18,KRX KIND 신규상장 공시,provisional,listing_prices_cache,cache_provenance_pending,,,35230,2026-08-14,32695,0,672,0,not_reviewed,existing_anchor_unreverified,calculated,backfill_pending,full daily history is not available locally,2026-08-15T16:05:10+09:00
474220,KR7474220001,TIGER 미국테크TOP10타겟커버드콜,2024-01-16,KRX KIND 신규상장 공시,provisional,listing_prices_cache,cache_provenance_pending,,,16155,2026-08-14,15330,0,674,0,not_reviewed,existing_anchor_unreverified,calculated,backfill_pending,full daily history is not available locally,2026-08-15T16:05:10+09:00
474390,KR7474390002,SOL 국고채30년액티브,2024-01-16,KRX KIND 신규상장 공시,provisional,listing_prices_cache,cache_provenance_pending,,,46920,2026-08-14,39960,0,674,0,not_reviewed,existing_anchor_unreverified,calculated,backfill_pending,full daily history is not available locally,2026-08-15T16:05:10+09:00
474590,KR7474590007,WON 반도체밸류체인액티브,2024-01-16,KRX KIND 신규상장 공시,provisional,listing_prices_cache,cache_provenance_pending,,,37885,2026-08-14,44365,0,674,0,not_reviewed,existing_anchor_unreverified,calculated,backfill_pending,full daily history is not available locally,2026-08-15T16:05:10+09:00
474800,KR7474800000,KIWOOM 미국원유에너지기업,2024-01-16,KRX KIND 신규상장 공시,provisional,listing_prices_cache,cache_provenance_pending,,,15625,2026-08-14,15755,0,674,0,not_reviewed,existing_anchor_unreverified,calculated,backfill_pending,full daily history is not available locally,2026-08-15T16:05:10+09:00
474920,KR7474920006,에셋플러스 차이나일등기업포커스10액티브,2024-01-16,KRX KIND 신규상장 공시,provisional,listing_prices_cache,cache_provenance_pending,,,17105,2026-08-14,19040,0,674,0,not_reviewed,existing_anchor_unreverified,calculated,backfill_pending,full daily history is not available locally,2026-08-15T16:05:10+09:00
475050,KR7475050001,ACE KPOP포커스,2024-01-30,KRX KIND 신규상장 공시,provisional,listing_prices_cache,cache_provenance_pending,,,9695,2026-08-14,6865,0,664,0,not_reviewed,existing_anchor_unreverified,calculated,backfill_pending,full daily history is not available locally,2026-08-15T16:05:10+09:00
475070,KR7475070009,KoAct 글로벌친환경전력인프라액티브,2024-01-18,KRX KIND 신규상장 공시,provisional,listing_prices_cache,cache_provenance_pending,,,38730,2026-08-14,32345,0,672,0,not_reviewed,existing_anchor_unreverified,calculated,backfill_pending,full daily history is not available locally,2026-08-15T16:05:10+09:00
475080,KR7475080008,KODEX 테슬라커버드콜채권혼합액티브,2024-01-23,KRX KIND 신규상장 공시,provisional,listing_prices_cache,cache_provenance_pending,,,8510,2026-08-14,7905,0,669,0,not_reviewed,existing_anchor_unreverified,calculated,backfill_pending,full daily history is not available locally,2026-08-15T16:05:10+09:00
475260,KR7475260006,ACE 2월만기자동연장회사채AA-이상액티브,2024-01-23,KRX KIND 신규상장 공시,provisional,listing_prices_cache,cache_provenance_pending,,,10650,2026-08-14,10740,0,669,0,not_reviewed,existing_anchor_unreverified,calculated,backfill_pending,full daily history is not available locally,2026-08-15T16:05:10+09:00
475270,KR7475270005,ACE 5월만기자동연장회사채AA-이상액티브,2024-01-23,KRX KIND 신규상장 공시,provisional,listing_prices_cache,cache_provenance_pending,,,10635,2026-08-14,10710,0,669,0,not_reviewed,existing_anchor_unreverified,calculated,backfill_pending,full daily history is not available locally,2026-08-15T16:05:10+09:00
475280,KR7475280004,ACE 8월만기자동연장회사채AA-이상액티브,2024-01-23,KRX KIND 신규상장 공시,provisional,listing_prices_cache,cache_provenance_pending,,,10625,2026-08-14,10720,0,669,0,not_reviewed,existing_anchor_unreverified,calculated,backfill_pending,full daily history is not available locally,2026-08-15T16:05:10+09:00
475300,KR7475300000,SOL 반도체전공정,2024-02-14,KRX KIND 신규상장 공시,provisional,listing_prices_cache,cache_provenance_pending,,,22095,2026-08-14,21220,0,653,0,not_reviewed,existing_anchor_unreverified,calculated,backfill_pending,full daily history is not available locally,2026-08-15T16:05:10+09:00
475310,KR7475310009,SOL 반도체후공정,2024-02-14,KRX KIND 신규상장 공시,provisional,listing_prices_cache,cache_provenance_pending,,,35300,2026-08-14,26315,0,653,0,not_reviewed,existing_anchor_unreverified,calculated,backfill_pending,full daily history is not available locally,2026-08-15T16:05:10+09:00
475350,KR7475350005,RISE 버크셔포트폴리오TOP10,2024-02-27,KRX KIND 신규상장 공시,provisional,listing_prices_cache,cache_provenance_pending,,,14125,2026-08-14,14960,0,644,0,not_reviewed,existing_anchor_unreverified,calculated,backfill_pending,full daily history is not available locally,2026-08-15T16:05:10+09:00
475380,KR7475380002,RISE 글로벌리얼티인컴,2024-02-20,KRX KIND 신규상장 공시,provisional,listing_prices_cache,cache_provenance_pending,,,11580,2026-08-14,10700,0,649,0,not_reviewed,existing_anchor_unreverified,calculated,backfill_pending,full daily history is not available locally,2026-08-15T16:05:10+09:00
475630,KR7475630000,TIGER CD1년금리액티브(합성),2024-02-06,KRX KIND 신규상장 공시,provisional,listing_prices_cache,cache_provenance_pending,,,1064810,2026-08-14,1074580,0,659,0,not_reviewed,existing_anchor_unreverified,calculated,backfill_pending,full daily history is not available locally,2026-08-15T16:05:10+09:00
475720,KR7475720009,RISE 200위클리커버드콜,2024-03-05,KRX KIND 신규상장 공시,provisional,listing_prices_cache,cache_provenance_pending,,,14020,2026-08-14,12650,0,639,0,not_reviewed,existing_anchor_unreverified,calculated,backfill_pending,full daily history is not available locally,2026-08-15T16:05:10+09:00
476000,KR7476000005,UNICORN 포스트IPO액티브,2024-02-27,KRX KIND 신규상장 공시,provisional,listing_prices_cache,cache_provenance_pending,,,12305,2026-08-14,5775,0,644,0,not_reviewed,existing_anchor_unreverified,calculated,backfill_pending,full daily history is not available locally,2026-08-15T16:05:10+09:00
476030,KR7476030002,SOL 미국나스닥100,2024-03-12,KRX KIND 신규상장 공시,provisional,listing_prices_cache,cache_provenance_pending,,,16835,2026-08-14,17870,0,634,0,not_reviewed,existing_anchor_unreverified,calculated,backfill_pending,full daily history is not available locally,2026-08-15T16:05:10+09:00
476070,KR7476070008,KODEX 글로벌비만치료제TOP2 Plus,2024-02-14,KRX KIND 신규상장 공시,provisional,listing_prices_cache,cache_provenance_pending,,,10380,2026-08-14,11585,0,653,0,not_reviewed,existing_anchor_unreverified,calculated,backfill_pending,full daily history is not available locally,2026-08-15T16:05:10+09:00
476260,KR7476260005,HANARO 반도체핵심공정주도주,2024-02-27,KRX KIND 신규상장 공시,provisional,listing_prices_cache,cache_provenance_pending,,,14650,2026-08-14,12985,0,644,0,not_reviewed,existing_anchor_unreverified,calculated,backfill_pending,full daily history is not available locally,2026-08-15T16:05:10+09:00
476310,KR7476310008,RISE 글로벌비만산업TOP2+,2024-02-27,KRX KIND 신규상장 공시,provisional,listing_prices_cache,cache_provenance_pending,,,9090,2026-08-14,10255,0,644,0,not_reviewed,existing_anchor_unreverified,calculated,backfill_pending,full daily history is not available locally,2026-08-15T16:05:10+09:00
476450,KR7476450002,KIWOOM 머니마켓액티브,2024-02-29,KRX KIND 신규상장 공시,provisional,listing_prices_cache,cache_provenance_pending,,,52230,2026-08-14,52710,0,642,0,not_reviewed,existing_anchor_unreverified,calculated,backfill_pending,full daily history is not available locally,2026-08-15T16:05:10+09:00
476550,KR7476550009,TIGER 미국30년국채커버드콜액티브(H),2024-02-27,KRX KIND 신규상장 공시,provisional,listing_prices_cache,cache_provenance_pending,,,7350,2026-08-14,6850,0,644,0,not_reviewed,existing_anchor_unreverified,calculated,backfill_pending,full daily history is not available locally,2026-08-15T16:05:10+09:00
476690,KR7476690003,TIGER 글로벌비만치료제TOP2Plus,2024-02-29,KRX KIND 신규상장 공시,provisional,listing_prices_cache,cache_provenance_pending,,,9725,2026-08-14,10885,0,642,0,not_reviewed,existing_anchor_unreverified,calculated,backfill_pending,full daily history is not available locally,2026-08-15T16:05:10+09:00
476750,KR7476750005,ACE 미국30년국채엔화노출액티브(H),2024-03-12,KRX KIND 신규상장 공시,provisional,listing_prices_cache,cache_provenance_pending,,,8320,2026-08-14,7595,0,634,0,not_reviewed,existing_anchor_unreverified,calculated,backfill_pending,full daily history is not available locally,2026-08-15T16:05:10+09:00
476760,KR7476760004,ACE 미국30년국채액티브,2024-03-12,KRX KIND 신규상장 공시,provisional,listing_prices_cache,cache_provenance_pending,,,9945,2026-08-14,9165,0,634,0,not_reviewed,existing_anchor_unreverified,calculated,backfill_pending,full daily history is not available locally,2026-08-15T16:05:10+09:00
476800,KR7476800008,KODEX 한국부동산리츠인프라,2024-03-05,KRX KIND 신규상장 공시,provisional,listing_prices_cache,cache_provenance_pending,,,5065,2026-08-14,4290,0,639,0,not_reviewed,existing_anchor_unreverified,calculated,backfill_pending,full daily history is not available locally,2026-08-15T16:05:10+09:00
476850,KR7476850003,KoAct 배당성장액티브,2024-02-27,KRX KIND 신규상장 공시,provisional,listing_prices_cache,cache_provenance_pending,,,21400,2026-08-14,21770,0,644,0,not_reviewed,existing_anchor_unreverified,calculated,backfill_pending,full daily history is not available locally,2026-08-15T16:05:10+09:00
477050,KR7477050009,PLUS 머니마켓액티브,2024-03-26,KRX KIND 신규상장 공시,provisional,listing_prices_cache,cache_provenance_pending,,,52910,2026-08-14,53450,0,624,0,not_reviewed,existing_anchor_unreverified,calculated,backfill_pending,full daily history is not available locally,2026-08-15T16:05:10+09:00
477080,KR7477080006,RISE CD금리액티브(합성),2024-03-26,KRX KIND 신규상장 공시,provisional,listing_prices_cache,cache_provenance_pending,,,106415,2026-08-14,107330,0,624,0,not_reviewed,existing_anchor_unreverified,calculated,backfill_pending,full daily history is not available locally,2026-08-15T16:05:10+09:00
477490,KR7477490007,에셋플러스 글로벌일등기업포커스10액티브,2024-03-19,KRX KIND 신규상장 공시,provisional,listing_prices_cache,cache_provenance_pending,,,19715,2026-08-14,19885,0,629,0,not_reviewed,existing_anchor_unreverified,calculated,backfill_pending,full daily history is not available locally,2026-08-15T16:05:10+09:00
477730,KR7477730006,KODEX 인도타타그룹,2024-05-08,KRX KIND 신규상장 공시,provisional,listing_prices_cache,cache_provenance_pending,,,8455,2026-08-14,7890,0,593,0,not_reviewed,existing_anchor_unreverified,calculated,backfill_pending,full daily history is not available locally,2026-08-15T16:05:10+09:00
478150,KR7478150006,TIME 글로벌우주테크&방산액티브,2024-04-23,KRX KIND 신규상장 공시,provisional,listing_prices_cache,cache_provenance_pending,,,21440,2026-08-14,21480,0,604,0,not_reviewed,existing_anchor_unreverified,calculated,backfill_pending,full daily history is not available locally,2026-08-15T16:05:10+09:00
479080,KR7479080004,1Q 머니마켓액티브,2024-04-02,KRX KIND 신규상장 공시,provisional,listing_prices_cache,cache_provenance_pending,,,53155,2026-08-14,53680,0,619,0,not_reviewed,existing_anchor_unreverified,calculated,backfill_pending,full daily history is not available locally,2026-08-15T16:05:10+09:00
479520,KR7479520009,RISE KOFR금리액티브(합성),2024-04-30,KRX KIND 신규상장 공시,provisional,listing_prices_cache,cache_provenance_pending,,,105405,2026-08-14,106245,0,599,0,not_reviewed,existing_anchor_unreverified,calculated,backfill_pending,full daily history is not available locally,2026-08-15T16:05:10+09:00
479620,KR7479620007,SOL 미국AI반도체칩메이커,2024-04-16,KRX KIND 신규상장 공시,provisional,listing_prices_cache,cache_provenance_pending,,,22115,2026-08-14,26725,0,609,0,not_reviewed,existing_anchor_unreverified,calculated,backfill_pending,full daily history is not available locally,2026-08-15T16:05:10+09:00
479730,KR7479730004,TIGER 인도빌리언컨슈머,2024-05-14,KRX KIND 신규상장 공시,provisional,listing_prices_cache,cache_provenance_pending,,,10155,2026-08-14,10485,0,589,0,not_reviewed,existing_anchor_unreverified,calculated,backfill_pending,full daily history is not available locally,2026-08-15T16:05:10+09:00
479850,KR7479850000,HANARO K-뷰티,2024-04-16,KRX KIND 신규상장 공시,provisional,listing_prices_cache,cache_provenance_pending,,,18235,2026-08-14,18650,0,609,0,not_reviewed,existing_anchor_unreverified,calculated,backfill_pending,full daily history is not available locally,2026-08-15T16:05:10+09:00
480020,KR7480020007,ACE 미국빅테크7+데일리타겟커버드콜(합성),2024-04-23,KRX KIND 신규상장 공시,provisional,listing_prices_cache,cache_provenance_pending,,,12920,2026-08-14,10730,0,604,0,not_reviewed,existing_anchor_unreverified,calculated,backfill_pending,full daily history is not available locally,2026-08-15T16:05:10+09:00
480030,KR7480030006,ACE 미국500데일리타겟커버드콜(합성),2024-04-23,KRX KIND 신규상장 공시,provisional,listing_prices_cache,cache_provenance_pending,,,10915,2026-08-14,10345,0,604,0,not_reviewed,existing_anchor_unreverified,calculated,backfill_pending,full daily history is not available locally,2026-08-15T16:05:10+09:00
480040,KR7480040005,ACE 미국반도체데일리타겟커버드콜(합성),2024-04-23,KRX KIND 신규상장 공시,provisional,listing_prices_cache,cache_provenance_pending,,,16945,2026-08-14,15645,0,604,0,not_reviewed,existing_anchor_unreverified,calculated,backfill_pending,full daily history is not available locally,2026-08-15T16:05:10+09:00
480260,KR7480260009,TIGER 27-04회사채(A+이상)액티브,2024-04-23,KRX KIND 신규상장 공시,provisional,listing_prices_cache,cache_provenance_pending,,,53375,2026-08-14,53755,0,604,0,not_reviewed,existing_anchor_unreverified,calculated,backfill_pending,full daily history is not available locally,2026-08-15T16:05:10+09:00
480310,KR7480310002,TIGER 글로벌온디바이스AI,2024-04-16,KRX KIND 신규상장 공시,provisional,listing_prices_cache,cache_provenance_pending,,,17855,2026-08-14,20210,0,609,0,not_reviewed,existing_anchor_unreverified,calculated,backfill_pending,full daily history is not available locally,2026-08-15T16:05:10+09:00
480460,KR7480460005,WON 한국부동산TOP3플러스,2024-04-30,KRX KIND 신규상장 공시,provisional,listing_prices_cache,cache_provenance_pending,,,11130,2026-08-14,9440,0,599,0,not_reviewed,existing_anchor_unreverified,calculated,backfill_pending,full daily history is not available locally,2026-08-15T16:05:10+09:00
481050,KR7481050003,KODEX CD1년금리플러스액티브(합성),2024-04-23,KRX KIND 신규상장 공시,provisional,listing_prices_cache,cache_provenance_pending,,,1023760,2026-08-14,1023010,0,604,0,not_reviewed,existing_anchor_unreverified,calculated,backfill_pending,full daily history is not available locally,2026-08-15T16:05:10+09:00
481060,KR7481060002,KODEX 미국30년국채타겟커버드콜(합성 H),2024-04-30,KRX KIND 신규상장 공시,provisional,listing_prices_cache,cache_provenance_pending,,,7945,2026-08-14,7390,0,599,0,not_reviewed,existing_anchor_unreverified,calculated,backfill_pending,full daily history is not available locally,2026-08-15T16:05:10+09:00
481180,KR7481180008,SOL 미국AI소프트웨어,2024-05-14,KRX KIND 신규상장 공시,provisional,listing_prices_cache,cache_provenance_pending,,,12335,2026-08-14,16955,0,589,0,not_reviewed,existing_anchor_unreverified,calculated,backfill_pending,full daily history is not available locally,2026-08-15T16:05:10+09:00
481190,KR7481190007,SOL 미국테크TOP10,2024-05-21,KRX KIND 신규상장 공시,provisional,listing_prices_cache,cache_provenance_pending,,,17585,2026-08-14,17285,0,584,0,not_reviewed,existing_anchor_unreverified,calculated,backfill_pending,full daily history is not available locally,2026-08-15T16:05:10+09:00
481340,KR7481340008,RISE 미국30년국채액티브,2024-05-28,KRX KIND 신규상장 공시,provisional,listing_prices_cache,cache_provenance_pending,,,9690,2026-08-14,8835,0,579,0,not_reviewed,existing_anchor_unreverified,calculated,backfill_pending,full daily history is not available locally,2026-08-15T16:05:10+09:00
481430,KR7481430007,RISE 국고채10년액티브,2024-05-21,KRX KIND 신규상장 공시,provisional,listing_prices_cache,cache_provenance_pending,,,100240,2026-08-14,98345,0,584,0,not_reviewed,existing_anchor_unreverified,calculated,backfill_pending,full daily history is not available locally,2026-08-15T16:05:10+09:00
482030,KR7482030004,KoAct 반도체&2차전지핵심소재액티브,2024-05-14,KRX KIND 신규상장 공시,provisional,listing_prices_cache,cache_provenance_pending,,,14735,2026-08-14,9345,0,589,0,not_reviewed,existing_anchor_unreverified,calculated,backfill_pending,full daily history is not available locally,2026-08-15T16:05:10+09:00
482730,KR7482730009,TIGER 미국S&P500타겟데일리커버드콜,2024-05-21,KRX KIND 신규상장 공시,provisional,listing_prices_cache,cache_provenance_pending,,,12225,2026-08-14,12385,0,584,0,not_reviewed,existing_anchor_unreverified,calculated,backfill_pending,full daily history is not available locally,2026-08-15T16:05:10+09:00
483020,KR7483020004,KIWOOM 의료AI,2024-05-28,KRX KIND 신규상장 공시,provisional,listing_prices_cache,cache_provenance_pending,,,13540,2026-08-14,9985,0,579,0,not_reviewed,existing_anchor_unreverified,calculated,backfill_pending,full daily history is not available locally,2026-08-15T16:05:10+09:00
483030,KR7483030003,KIWOOM 미국블록버스터바이오테크의약품+,2024-05-28,KRX KIND 신규상장 공시,provisional,listing_prices_cache,cache_provenance_pending,,,10900,2026-08-14,11915,0,579,0,not_reviewed,existing_anchor_unreverified,calculated,backfill_pending,full daily history is not available locally,2026-08-15T16:05:10+09:00
483280,KR7483280004,KODEX 미국AI테크TOP10타겟커버드콜,2024-05-28,KRX KIND 신규상장 공시,provisional,listing_prices_cache,cache_provenance_pending,,,13160,2026-08-14,12265,0,579,0,not_reviewed,existing_anchor_unreverified,calculated,backfill_pending,full daily history is not available locally,2026-08-15T16:05:10+09:00
483290,KR7483290003,KODEX 미국배당다우존스타겟커버드콜,2024-05-28,KRX KIND 신규상장 공시,provisional,listing_prices_cache,cache_provenance_pending,,,10540,2026-08-14,10620,0,579,0,not_reviewed,existing_anchor_unreverified,calculated,backfill_pending,full daily history is not available locally,2026-08-15T16:05:10+09:00
483320,KR7483320008,ACE 엔비디아밸류체인액티브,2024-06-11,KRX KIND 신규상장 공시,provisional,listing_prices_cache,cache_provenance_pending,,,23030,2026-08-14,26140,0,569,0,not_reviewed,existing_anchor_unreverified,calculated,backfill_pending,full daily history is not available locally,2026-08-15T16:05:10+09:00
483330,KR7483330007,ACE 마이크로소프트밸류체인액티브,2024-06-11,KRX KIND 신규상장 공시,provisional,listing_prices_cache,cache_provenance_pending,,,14185,2026-08-14,15615,0,569,0,not_reviewed,existing_anchor_unreverified,calculated,backfill_pending,full daily history is not available locally,2026-08-15T16:05:10+09:00
483340,KR7483340006,ACE 구글밸류체인액티브,2024-06-11,KRX KIND 신규상장 공시,provisional,listing_prices_cache,cache_provenance_pending,,,21860,2026-08-14,23800,0,569,0,not_reviewed,existing_anchor_unreverified,calculated,backfill_pending,full daily history is not available locally,2026-08-15T16:05:10+09:00
483570,KR7483570008,KCGI 미국S&P500 TOP10,2024-05-28,KRX KIND 신규상장 공시,provisional,listing_prices_cache,cache_provenance_pending,,,16300,2026-08-14,16300,0,579,0,not_reviewed,existing_anchor_unreverified,calculated,backfill_pending,full daily history is not available locally,2026-08-15T16:05:10+09:00
484790,KR7484790001,KODEX 미국30년국채액티브(H),2024-06-18,KRX KIND 신규상장 공시,provisional,listing_prices_cache,cache_provenance_pending,,,8680,2026-08-14,8265,0,564,0,not_reviewed,existing_anchor_unreverified,calculated,backfill_pending,full daily history is not available locally,2026-08-15T16:05:10+09:00
484880,KR7484880000,SOL 금융지주플러스고배당,2024-06-25,KRX KIND 신규상장 공시,provisional,listing_prices_cache,cache_provenance_pending,,,22565,2026-08-14,22510,0,559,0,not_reviewed,existing_anchor_unreverified,calculated,backfill_pending,full daily history is not available locally,2026-08-15T16:05:10+09:00
484890,KR7484890009,SOL 머니마켓액티브,2024-06-25,KRX KIND 신규상장 공시,provisional,listing_prices_cache,cache_provenance_pending,,,52055,2026-08-14,52475,0,559,0,not_reviewed,existing_anchor_unreverified,calculated,backfill_pending,full daily history is not available locally,2026-08-15T16:05:10+09:00
485540,KR7485540009,KODEX 미국AI테크TOP10,2024-06-25,KRX KIND 신규상장 공시,provisional,listing_prices_cache,cache_provenance_pending,,,16020,2026-08-14,15740,0,559,0,not_reviewed,existing_anchor_unreverified,calculated,backfill_pending,full daily history is not available locally,2026-08-15T16:05:10+09:00
485690,KR7485690002,RISE 미국AI밸류체인TOP3Plus,2024-07-23,KRX KIND 신규상장 공시,provisional,listing_prices_cache,cache_provenance_pending,,,21135,2026-08-14,22890,0,539,0,not_reviewed,existing_anchor_unreverified,calculated,backfill_pending,full daily history is not available locally,2026-08-15T16:05:10+09:00
485810,KR7485810006,TIME 글로벌바이오액티브,2024-07-02,KRX KIND 신규상장 공시,provisional,listing_prices_cache,cache_provenance_pending,,,9850,2026-08-14,11105,0,554,0,not_reviewed,existing_anchor_unreverified,calculated,backfill_pending,full daily history is not available locally,2026-08-15T16:05:10+09:00
486240,KR7486240005,DAISHIN343 AI반도체&인프라액티브,2024-06-18,KRX KIND 신규상장 공시,provisional,listing_prices_cache,cache_provenance_pending,,,29165,2026-08-14,29445,0,564,0,not_reviewed,existing_anchor_unreverified,calculated,backfill_pending,full daily history is not available locally,2026-08-15T16:05:10+09:00
486290,KR7486290000,TIGER 미국나스닥100타겟데일리커버드콜,2024-06-25,KRX KIND 신규상장 공시,provisional,listing_prices_cache,cache_provenance_pending,,,11070,2026-08-14,11080,0,559,0,not_reviewed,existing_anchor_unreverified,calculated,backfill_pending,full daily history is not available locally,2026-08-15T16:05:10+09:00
486450,KR7486450000,SOL 미국AI전력인프라,2024-07-16,KRX KIND 신규상장 공시,provisional,listing_prices_cache,cache_provenance_pending,,,24995,2026-08-14,21460,0,544,0,not_reviewed,existing_anchor_unreverified,calculated,backfill_pending,full daily history is not available locally,2026-08-15T16:05:10+09:00
486830,KR7486830003,HANARO 머니마켓액티브,2024-07-16,KRX KIND 신규상장 공시,provisional,listing_prices_cache,cache_provenance_pending,,,52720,2026-08-14,53210,0,544,0,not_reviewed,existing_anchor_unreverified,calculated,backfill_pending,full daily history is not available locally,2026-08-15T16:05:10+09:00
487130,KR7487130007,KoAct AI인프라액티브,2024-07-09,KRX KIND 신규상장 공시,provisional,listing_prices_cache,cache_provenance_pending,,,30750,2026-08-14,28460,0,549,0,not_reviewed,existing_anchor_unreverified,calculated,backfill_pending,full daily history is not available locally,2026-08-15T16:05:10+09:00
487230,KR7487230005,KODEX 미국AI전력핵심인프라,2024-07-09,KRX KIND 신규상장 공시,provisional,listing_prices_cache,cache_provenance_pending,,,25005,2026-08-14,21490,0,549,0,not_reviewed,existing_anchor_unreverified,calculated,backfill_pending,full daily history is not available locally,2026-08-15T16:05:10+09:00
487240,KR7487240004,KODEX AI전력핵심설비,2024-07-09,KRX KIND 신규상장 공시,provisional,listing_prices_cache,cache_provenance_pending,,,48865,2026-08-14,36740,0,549,0,not_reviewed,existing_anchor_unreverified,calculated,backfill_pending,full daily history is not available locally,2026-08-15T16:05:10+09:00
487340,KR7487340002,ACE 머니마켓액티브,2024-07-09,KRX KIND 신규상장 공시,provisional,listing_prices_cache,cache_provenance_pending,,,104610,2026-08-14,105705,0,549,0,not_reviewed,existing_anchor_unreverified,calculated,backfill_pending,full daily history is not available locally,2026-08-15T16:05:10+09:00
487750,KR7487750002,BNK 온디바이스AI,2024-07-23,KRX KIND 신규상장 공시,provisional,listing_prices_cache,cache_provenance_pending,,,29315,2026-08-14,30740,0,539,0,not_reviewed,existing_anchor_unreverified,calculated,backfill_pending,full daily history is not available locally,2026-08-15T16:05:10+09:00
487910,KR7487910002,ACE 인도컨슈머파워액티브,2024-09-10,KRX KIND 신규상장 공시,provisional,listing_prices_cache,cache_provenance_pending,,,8750,2026-08-14,8785,0,504,0,not_reviewed,existing_anchor_unreverified,calculated,backfill_pending,full daily history is not available locally,2026-08-15T16:05:10+09:00
487920,KR7487920001,ACE 인도시장대표BIG5그룹액티브,2024-09-10,KRX KIND 신규상장 공시,provisional,listing_prices_cache,cache_provenance_pending,,,8530,2026-08-14,8315,0,504,0,not_reviewed,existing_anchor_unreverified,calculated,backfill_pending,full daily history is not available locally,2026-08-15T16:05:10+09:00
487950,KR7487950008,KODEX 대만테크고배당다우존스,2024-07-23,KRX KIND 신규상장 공시,provisional,listing_prices_cache,cache_provenance_pending,,,12220,2026-08-14,13590,0,539,0,not_reviewed,existing_anchor_unreverified,calculated,backfill_pending,full daily history is not available locally,2026-08-15T16:05:10+09:00
488080,KR7488080003,TIGER 반도체TOP10레버리지,2024-07-23,KRX KIND 신규상장 공시,provisional,listing_prices_cache,cache_provenance_pending,,,60205,2026-08-14,35070,0,539,0,not_reviewed,existing_anchor_unreverified,calculated,backfill_pending,full daily history is not available locally,2026-08-15T16:05:10+09:00
488200,KR7488200007,KIWOOM K-2차전지북미공급망,2024-07-23,KRX KIND 신규상장 공시,provisional,listing_prices_cache,cache_provenance_pending,,,17460,2026-08-14,12940,0,539,0,not_reviewed,existing_anchor_unreverified,calculated,backfill_pending,full daily history is not available locally,2026-08-15T16:05:10+09:00
488210,KR7488210006,KIWOOM K-반도체북미공급망,2024-07-23,KRX KIND 신규상장 공시,provisional,listing_prices_cache,cache_provenance_pending,,,25900,2026-08-14,22165,0,539,0,not_reviewed,existing_anchor_unreverified,calculated,backfill_pending,full daily history is not available locally,2026-08-15T16:05:10+09:00
488290,KR7488290008,MIDAS 일본테크액티브,2024-08-06,KRX KIND 신규상장 공시,provisional,listing_prices_cache,cache_provenance_pending,,,42220,2026-08-14,47860,0,529,0,not_reviewed,existing_anchor_unreverified,calculated,backfill_pending,full daily history is not available locally,2026-08-15T16:05:10+09:00
488480,KR7488480005,RISE 일본섹터TOP4Plus,2024-08-20,KRX KIND 신규상장 공시,provisional,listing_prices_cache,cache_provenance_pending,,,13360,2026-08-14,13805,0,519,0,not_reviewed,existing_anchor_unreverified,calculated,backfill_pending,full daily history is not available locally,2026-08-15T16:05:10+09:00
488500,KR7488500000,TIGER 미국S&P500동일가중,2024-07-23,KRX KIND 신규상장 공시,provisional,listing_prices_cache,cache_provenance_pending,,,12570,2026-08-14,13280,0,539,0,not_reviewed,existing_anchor_unreverified,calculated,backfill_pending,full daily history is not available locally,2026-08-15T16:05:10+09:00
488720,KR7488720004,WON 종합채권(AA-이상)액티브,2024-08-06,KRX KIND 신규상장 공시,provisional,listing_prices_cache,cache_provenance_pending,,,49740,2026-08-14,48495,0,529,0,not_reviewed,existing_anchor_unreverified,calculated,backfill_pending,full daily history is not available locally,2026-08-15T16:05:10+09:00
488770,KR7488770009,KODEX 머니마켓액티브,2024-08-06,KRX KIND 신규상장 공시,provisional,listing_prices_cache,cache_provenance_pending,,,104200,2026-08-14,105255,0,529,0,not_reviewed,existing_anchor_unreverified,calculated,backfill_pending,full daily history is not available locally,2026-08-15T16:05:10+09:00
488980,KR7488980004,SOL 26-12 회사채(AA-이상)액티브,2024-10-08,KRX KIND 신규상장 공시,provisional,listing_prices_cache,cache_provenance_pending,,,51630,2026-08-14,52060,0,484,0,not_reviewed,existing_anchor_unreverified,calculated,backfill_pending,full daily history is not available locally,2026-08-15T16:05:10+09:00
489000,KR7489000000,PLUS 일본엔화초단기국채(합성),2024-08-13,KRX KIND 신규상장 공시,provisional,listing_prices_cache,cache_provenance_pending,,,9785,2026-08-14,9405,0,524,0,not_reviewed,existing_anchor_unreverified,calculated,backfill_pending,full daily history is not available locally,2026-08-15T16:05:10+09:00
489010,KR7489010009,PLUS 글로벌AI인프라,2024-08-13,KRX KIND 신규상장 공시,provisional,listing_prices_cache,cache_provenance_pending,,,20415,2026-08-14,22220,0,524,0,not_reviewed,existing_anchor_unreverified,calculated,backfill_pending,full daily history is not available locally,2026-08-15T16:05:10+09:00
489030,KR7489030007,PLUS 고배당주위클리커버드콜,2024-08-13,KRX KIND 신규상장 공시,provisional,listing_prices_cache,cache_provenance_pending,,,8685,2026-08-14,6415,0,524,0,not_reviewed,existing_anchor_unreverified,calculated,backfill_pending,full daily history is not available locally,2026-08-15T16:05:10+09:00
489250,KR7489250001,KODEX 미국배당다우존스,2024-08-13,KRX KIND 신규상장 공시,provisional,listing_prices_cache,cache_provenance_pending,,,12575,2026-08-14,13295,0,524,0,not_reviewed,existing_anchor_unreverified,calculated,backfill_pending,full daily history is not available locally,2026-08-15T16:05:10+09:00
489290,KR7489290007,WON 미국빌리어네어,2024-09-03,KRX KIND 신규상장 공시,provisional,listing_prices_cache,cache_provenance_pending,,,15835,2026-08-14,15660,0,509,0,not_reviewed,existing_anchor_unreverified,calculated,backfill_pending,full daily history is not available locally,2026-08-15T16:05:10+09:00
489860,KR7489860007,KIWOOM 글로벌전력GRID인프라,2024-08-27,KRX KIND 신규상장 공시,provisional,listing_prices_cache,cache_provenance_pending,,,16740,2026-08-14,16075,0,514,0,not_reviewed,existing_anchor_unreverified,calculated,backfill_pending,full daily history is not available locally,2026-08-15T16:05:10+09:00
490090,KR7490090008,TIGER 미국AI빅테크10,2024-08-27,KRX KIND 신규상장 공시,provisional,listing_prices_cache,cache_provenance_pending,,,16200,2026-08-14,16465,0,514,0,not_reviewed,existing_anchor_unreverified,calculated,backfill_pending,full daily history is not available locally,2026-08-15T16:05:10+09:00
490330,KR7490330008,KoAct 미국치매&뇌질환치료제액티브,2024-09-03,KRX KIND 신규상장 공시,provisional,listing_prices_cache,cache_provenance_pending,,,12285,2026-08-14,15280,0,509,0,not_reviewed,existing_anchor_unreverified,calculated,backfill_pending,full daily history is not available locally,2026-08-15T16:05:10+09:00
490480,KR7490480001,SOL K방산,2024-10-02,KRX KIND 신규상장 공시,provisional,listing_prices_cache,cache_provenance_pending,,,40910,2026-08-14,31890,0,488,0,not_reviewed,existing_anchor_unreverified,calculated,backfill_pending,full daily history is not available locally,2026-08-15T16:05:10+09:00
490490,KR7490490000,SOL 미국배당미국채혼합50,2024-09-24,KRX KIND 신규상장 공시,provisional,listing_prices_cache,cache_provenance_pending,,,11415,2026-08-14,11430,0,494,0,not_reviewed,existing_anchor_unreverified,calculated,backfill_pending,full daily history is not available locally,2026-08-15T16:05:10+09:00
490590,KR7490590007,RISE 미국AI밸류체인데일리고정커버드콜,2024-10-02,KRX KIND 신규상장 공시,provisional,listing_prices_cache,cache_provenance_pending,,,15650,2026-08-14,14905,0,488,0,not_reviewed,existing_anchor_unreverified,calculated,backfill_pending,full daily history is not available locally,2026-08-15T16:05:10+09:00
490600,KR7490600004,RISE 미국배당100데일리고정커버드콜,2024-09-24,KRX KIND 신규상장 공시,provisional,listing_prices_cache,cache_provenance_pending,,,9300,2026-08-14,9345,0,494,0,not_reviewed,existing_anchor_unreverified,calculated,backfill_pending,full daily history is not available locally,2026-08-15T16:05:10+09:00
491010,KR7491010005,TIGER 글로벌AI전력인프라액티브,2024-09-10,KRX KIND 신규상장 공시,provisional,official_daily_history_export,verified_by_export_manifest,,,17125,2026-08-14,27050,0,504,0,not_reviewed,existing_anchor_unreverified,calculated,backfill_pending,full daily history is not available locally,2026-08-15T16:05:10+09:00
491090,KR7491090007,KODEX 미국테크TOP3플러스,2024-09-10,KRX KIND 신규상장 공시,provisional,listing_prices_cache,cache_provenance_pending,,,17780,2026-08-14,18415,0,504,0,not_reviewed,existing_anchor_unreverified,calculated,backfill_pending,full daily history is not available locally,2026-08-15T16:05:10+09:00
491220,KR7491220000,PLUS 200TR,2024-09-10,KRX KIND 신규상장 공시,provisional,listing_prices_cache,cache_provenance_pending,,,119095,2026-08-14,130590,0,504,0,not_reviewed,existing_anchor_unreverified,calculated,backfill_pending,full daily history is not available locally,2026-08-15T16:05:10+09:00
491230,KR7491230009,PLUS 국공채머니마켓액티브,2024-09-10,KRX KIND 신규상장 공시,provisional,listing_prices_cache,cache_provenance_pending,,,51945,2026-08-14,52450,0,504,0,not_reviewed,existing_anchor_unreverified,calculated,backfill_pending,full daily history is not available locally,2026-08-15T16:05:10+09:00
491510,KR7491510004,파워 K-주주가치액티브,2024-09-24,KRX KIND 신규상장 공시,provisional,listing_prices_cache,cache_provenance_pending,,,19170,2026-08-14,18055,0,494,0,not_reviewed,existing_anchor_unreverified,calculated,backfill_pending,full daily history is not available locally,2026-08-15T16:05:10+09:00
491610,KR7491610002,1Q CD금리액티브(합성),2024-09-24,KRX KIND 신규상장 공시,provisional,listing_prices_cache,cache_provenance_pending,,,103835,2026-08-14,104715,0,494,0,not_reviewed,existing_anchor_unreverified,calculated,backfill_pending,full daily history is not available locally,2026-08-15T16:05:10+09:00
491620,KR7491620001,RISE 미국테크100데일리고정커버드콜,2024-10-02,KRX KIND 신규상장 공시,provisional,listing_prices_cache,cache_provenance_pending,,,11305,2026-08-14,11120,0,488,0,not_reviewed,existing_anchor_unreverified,calculated,backfill_pending,full daily history is not available locally,2026-08-15T16:05:10+09:00
491630,KR7491630000,RISE 미국반도체인버스(합성 H),2024-10-22,KRX KIND 신규상장 공시,provisional,listing_prices_cache,cache_provenance_pending,,,7250,2026-08-14,5110,0,474,0,not_reviewed,existing_anchor_unreverified,calculated,backfill_pending,full daily history is not available locally,2026-08-15T16:05:10+09:00
491700,KR7491700001,HK 200,2024-09-10,KRX KIND 신규상장 공시,provisional,listing_prices_cache,cache_provenance_pending,,,101745,2026-08-14,109940,0,504,0,not_reviewed,existing_anchor_unreverified,calculated,backfill_pending,full daily history is not available locally,2026-08-15T16:05:10+09:00
491820,KR7491820007,HANARO 전력설비투자,2024-09-24,KRX KIND 신규상장 공시,provisional,listing_prices_cache,cache_provenance_pending,,,58800,2026-08-14,44005,0,494,0,not_reviewed,existing_anchor_unreverified,calculated,backfill_pending,full daily history is not available locally,2026-08-15T16:05:10+09:00
491830,KR7491830006,TIGER 미국AI반도체팹리스,2024-09-24,KRX KIND 신규상장 공시,provisional,listing_prices_cache,cache_provenance_pending,,,19535,2026-08-14,22905,0,494,0,not_reviewed,existing_anchor_unreverified,calculated,backfill_pending,full daily history is not available locally,2026-08-15T16:05:10+09:00
492500,KR7492500004,1Q 현대차그룹채권(A+이상)&국고통안,2024-10-02,KRX KIND 신규상장 공시,provisional,listing_prices_cache,cache_provenance_pending,,,51000,2026-08-14,51290,0,488,0,not_reviewed,existing_anchor_unreverified,calculated,backfill_pending,full daily history is not available locally,2026-08-15T16:05:10+09:00
493420,KR7493420004,SOL 미국배당다우존스2호,2024-10-08,KRX KIND 신규상장 공시,provisional,listing_prices_cache,cache_provenance_pending,,,12355,2026-08-14,13110,0,484,0,not_reviewed,existing_anchor_unreverified,calculated,backfill_pending,full daily history is not available locally,2026-08-15T16:05:10+09:00
493810,KR7493810006,TIGER 미국AI빅테크10타겟데일리커버드콜,2024-10-15,KRX KIND 신규상장 공시,provisional,listing_prices_cache,cache_provenance_pending,,,12355,2026-08-14,11800,0,479,0,not_reviewed,existing_anchor_unreverified,calculated,backfill_pending,full daily history is not available locally,2026-08-15T16:05:10+09:00
494180,KR7494180003,TIME 글로벌소비트렌드액티브,2024-10-29,KRX KIND 신규상장 공시,provisional,listing_prices_cache,cache_provenance_pending,,,13805,2026-08-14,13715,0,469,0,not_reviewed,existing_anchor_unreverified,calculated,backfill_pending,full daily history is not available locally,2026-08-15T16:05:10+09:00
494210,KR7494210008,SOL 미국500타겟데일리커버드콜액티브,2024-10-15,KRX KIND 신규상장 공시,provisional,listing_prices_cache,cache_provenance_pending,,,11290,2026-08-14,11380,0,479,0,not_reviewed,existing_anchor_unreverified,calculated,backfill_pending,full daily history is not available locally,2026-08-15T16:05:10+09:00
494220,KR7494220007,UNICORN SK하이닉스밸류체인액티브,2024-11-07,KRX KIND 신규상장 공시,provisional,listing_prices_cache,cache_provenance_pending,,,43660,2026-08-14,47415,0,462,0,not_reviewed,existing_anchor_unreverified,calculated,backfill_pending,full daily history is not available locally,2026-08-15T16:05:10+09:00
494300,KR7494300007,KODEX 미국나스닥100데일리커버드콜OTM,2024-10-22,KRX KIND 신규상장 공시,provisional,listing_prices_cache,cache_provenance_pending,,,10340,2026-08-14,9575,0,474,0,not_reviewed,existing_anchor_unreverified,calculated,backfill_pending,full daily history is not available locally,2026-08-15T16:05:10+09:00
494310,KR7494310006,KODEX 반도체레버리지,2024-10-22,KRX KIND 신규상장 공시,provisional,listing_prices_cache,cache_provenance_pending,,,102475,2026-08-14,77020,0,474,0,not_reviewed,existing_anchor_unreverified,calculated,backfill_pending,full daily history is not available locally,2026-08-15T16:05:10+09:00
494330,KR7494330004,ACE 라이프자산주주가치액티브,2024-10-15,KRX KIND 신규상장 공시,provisional,listing_prices_cache,cache_provenance_pending,,,26330,2026-08-14,33385,0,479,0,not_reviewed,existing_anchor_unreverified,calculated,backfill_pending,full daily history is not available locally,2026-08-15T16:05:10+09:00
494340,KR7494340003,ACE 글로벌AI맞춤형반도체,2024-10-22,KRX KIND 신규상장 공시,provisional,listing_prices_cache,cache_provenance_pending,,,18960,2026-08-14,21005,0,474,0,not_reviewed,existing_anchor_unreverified,calculated,backfill_pending,full daily history is not available locally,2026-08-15T16:05:10+09:00
494410,KR7494410004,PLUS 미국S&P500성장주,2024-10-22,KRX KIND 신규상장 공시,provisional,listing_prices_cache,cache_provenance_pending,,,14185,2026-08-14,14850,0,474,0,not_reviewed,existing_anchor_unreverified,calculated,backfill_pending,full daily history is not available locally,2026-08-15T16:05:10+09:00
494420,KR7494420003,PLUS 미국배당증가성장주데일리커버드콜,2024-10-22,KRX KIND 신규상장 공시,provisional,listing_prices_cache,cache_provenance_pending,,,9665,2026-08-14,9695,0,474,0,not_reviewed,existing_anchor_unreverified,calculated,backfill_pending,full daily history is not available locally,2026-08-15T16:05:10+09:00
494670,KR7494670003,TIGER 조선TOP10,2024-10-22,KRX KIND 신규상장 공시,provisional,listing_prices_cache,cache_provenance_pending,,,32900,2026-08-14,23740,0,474,0,not_reviewed,existing_anchor_unreverified,calculated,backfill_pending,full daily history is not available locally,2026-08-15T16:05:10+09:00
494840,KR7494840002,TIGER 미국방산TOP10,2024-10-29,KRX KIND 신규상장 공시,provisional,listing_prices_cache,cache_provenance_pending,,,13270,2026-08-14,14120,0,469,0,not_reviewed,existing_anchor_unreverified,calculated,backfill_pending,full daily history is not available locally,2026-08-15T16:05:10+09:00
494890,KR7494890007,KODEX 200액티브,2024-10-29,KRX KIND 신규상장 공시,provisional,listing_prices_cache,cache_provenance_pending,,,29110,2026-08-14,31725,0,469,0,not_reviewed,existing_anchor_unreverified,calculated,backfill_pending,full daily history is not available locally,2026-08-15T16:05:10+09:00
495040,KR7495040008,PLUS 코리아밸류업,2024-11-04,KRX KIND 신규상장 공시,provisional,listing_prices_cache,cache_provenance_pending,,,29525,2026-08-14,32530,0,465,0,not_reviewed,existing_anchor_unreverified,calculated,backfill_pending,full daily history is not available locally,2026-08-15T16:05:10+09:00
495050,KR7495050007,RISE 코리아밸류업,2024-11-04,KRX KIND 신규상장 공시,provisional,listing_prices_cache,cache_provenance_pending,,,29840,2026-08-14,33010,0,465,0,not_reviewed,existing_anchor_unreverified,calculated,backfill_pending,full daily history is not available locally,2026-08-15T16:05:10+09:00
495060,KR7495060006,TIME 코리아밸류업액티브,2024-11-04,KRX KIND 신규상장 공시,provisional,listing_prices_cache,cache_provenance_pending,,,27910,2026-08-14,29205,0,465,0,not_reviewed,existing_anchor_unreverified,calculated,backfill_pending,full daily history is not available locally,2026-08-15T16:05:10+09:00
495230,KR7495230005,KoAct 코리아밸류업액티브,2024-11-04,KRX KIND 신규상장 공시,provisional,listing_prices_cache,cache_provenance_pending,,,30275,2026-08-14,31700,0,465,0,not_reviewed,existing_anchor_unreverified,calculated,backfill_pending,full daily history is not available locally,2026-08-15T16:05:10+09:00
495330,KR7495330003,1Q 코리아밸류업,2024-11-04,KRX KIND 신규상장 공시,provisional,listing_prices_cache,cache_provenance_pending,,,29550,2026-08-14,32830,0,465,0,not_reviewed,existing_anchor_unreverified,calculated,backfill_pending,full daily history is not available locally,2026-08-15T16:05:10+09:00
495550,KR7495550006,SOL 코리아밸류업TR,2024-11-04,KRX KIND 신규상장 공시,provisional,listing_prices_cache,cache_provenance_pending,,,30330,2026-08-14,33680,0,465,0,not_reviewed,existing_anchor_unreverified,calculated,backfill_pending,full daily history is not available locally,2026-08-15T16:05:10+09:00
495750,KR7495750002,HANARO 코리아밸류업,2024-11-04,KRX KIND 신규상장 공시,provisional,listing_prices_cache,cache_provenance_pending,,,29735,2026-08-14,32805,0,465,0,not_reviewed,existing_anchor_unreverified,calculated,backfill_pending,full daily history is not available locally,2026-08-15T16:05:10+09:00
495850,KR7495850000,KODEX 코리아밸류업,2024-11-04,KRX KIND 신규상장 공시,provisional,listing_prices_cache,cache_provenance_pending,,,29700,2026-08-14,32840,0,465,0,not_reviewed,existing_anchor_unreverified,calculated,backfill_pending,full daily history is not available locally,2026-08-15T16:05:10+09:00
495940,KR7495940009,RISE 미국AI테크액티브,2024-11-26,KRX KIND 신규상장 공시,provisional,listing_prices_cache,cache_provenance_pending,,,19880,2026-08-14,20260,0,449,0,not_reviewed,existing_anchor_unreverified,calculated,backfill_pending,full daily history is not available locally,2026-08-15T16:05:10+09:00
496020,KR7496020009,WON 전단채플러스액티브,2024-11-19,KRX KIND 신규상장 공시,provisional,listing_prices_cache,cache_provenance_pending,,,51845,2026-08-14,52390,0,454,0,not_reviewed,existing_anchor_unreverified,calculated,backfill_pending,full daily history is not available locally,2026-08-15T16:05:10+09:00
496080,KR7496080003,TIGER 코리아밸류업,2024-11-04,KRX KIND 신규상장 공시,provisional,listing_prices_cache,cache_provenance_pending,,,29710,2026-08-14,32940,0,465,0,not_reviewed,existing_anchor_unreverified,calculated,backfill_pending,full daily history is not available locally,2026-08-15T16:05:10+09:00
496090,KR7496090002,KIWOOM 코리아밸류업,2024-11-04,KRX KIND 신규상장 공시,provisional,listing_prices_cache,cache_provenance_pending,,,29735,2026-08-14,32740,0,465,0,not_reviewed,existing_anchor_unreverified,calculated,backfill_pending,full daily history is not available locally,2026-08-15T16:05:10+09:00
496120,KR7496120007,ACE 코리아밸류업,2024-11-04,KRX KIND 신규상장 공시,provisional,listing_prices_cache,cache_provenance_pending,,,30120,2026-08-14,34080,0,465,0,not_reviewed,existing_anchor_unreverified,calculated,backfill_pending,full daily history is not available locally,2026-08-15T16:05:10+09:00
496130,KR7496130006,TRUSTON 코리아밸류업액티브,2024-11-04,KRX KIND 신규상장 공시,provisional,listing_prices_cache,cache_provenance_pending,,,24715,2026-08-14,26170,0,465,0,not_reviewed,existing_anchor_unreverified,calculated,backfill_pending,full daily history is not available locally,2026-08-15T16:05:10+09:00
496770,KR7496770009,PLUS 글로벌방산,2024-11-12,KRX KIND 신규상장 공시,provisional,listing_prices_cache,cache_provenance_pending,,,18455,2026-08-14,19450,0,459,0,not_reviewed,existing_anchor_unreverified,calculated,backfill_pending,full daily history is not available locally,2026-08-15T16:05:10+09:00
497510,KR7497510008,ACE 글로벌빅파마,2024-11-19,KRX KIND 신규상장 공시,provisional,listing_prices_cache,cache_provenance_pending,,,11950,2026-08-14,13110,0,454,0,not_reviewed,existing_anchor_unreverified,calculated,backfill_pending,full daily history is not available locally,2026-08-15T16:05:10+09:00
497520,KR7497520007,ACE 일라이릴리밸류체인,2024-11-19,KRX KIND 신규상장 공시,provisional,listing_prices_cache,cache_provenance_pending,,,11490,2026-08-14,13340,0,454,0,not_reviewed,existing_anchor_unreverified,calculated,backfill_pending,full daily history is not available locally,2026-08-15T16:05:10+09:00
497570,KR7497570002,TIGER 미국필라델피아AI반도체나스닥,2024-11-26,KRX KIND 신규상장 공시,provisional,listing_prices_cache,cache_provenance_pending,,,20710,2026-08-14,23035,0,449,0,not_reviewed,existing_anchor_unreverified,calculated,backfill_pending,full daily history is not available locally,2026-08-15T16:05:10+09:00
497780,KR7497780007,KoAct 미국천연가스인프라액티브,2024-12-10,KRX KIND 신규상장 공시,provisional,listing_prices_cache,cache_provenance_pending,,,11495,2026-08-14,10815,0,439,0,not_reviewed,existing_anchor_unreverified,calculated,backfill_pending,full daily history is not available locally,2026-08-15T16:05:10+09:00
497880,KR7497880005,SOL CD금리&머니마켓액티브,2024-11-26,KRX KIND 신규상장 공시,provisional,listing_prices_cache,cache_provenance_pending,,,50145,2026-08-14,50110,0,449,0,not_reviewed,existing_anchor_unreverified,calculated,backfill_pending,full daily history is not available locally,2026-08-15T16:05:10+09:00
498050,KR7498050004,HANARO 바이오코리아액티브,2024-11-26,KRX KIND 신규상장 공시,provisional,listing_prices_cache,cache_provenance_pending,,,15580,2026-08-14,11525,0,449,0,not_reviewed,existing_anchor_unreverified,calculated,backfill_pending,full daily history is not available locally,2026-08-15T16:05:10+09:00
498180,KR7498180009,파워 종합채권(AA-이상)액티브,2024-11-26,KRX KIND 신규상장 공시,provisional,listing_prices_cache,cache_provenance_pending,,,95565,2026-08-14,93255,0,449,0,not_reviewed,existing_anchor_unreverified,calculated,backfill_pending,full daily history is not available locally,2026-08-15T16:05:10+09:00
498270,KR7498270008,KIWOOM 미국양자컴퓨팅,2024-12-17,KRX KIND 신규상장 공시,provisional,listing_prices_cache,cache_provenance_pending,,,14235,2026-08-14,15970,0,434,0,not_reviewed,existing_anchor_unreverified,calculated,backfill_pending,full daily history is not available locally,2026-08-15T16:05:10+09:00
498400,KR7498400001,KODEX 200타겟위클리커버드콜,2024-12-03,KRX KIND 신규상장 공시,provisional,listing_prices_cache,cache_provenance_pending,,,20455,2026-08-14,20750,0,444,0,not_reviewed,existing_anchor_unreverified,calculated,backfill_pending,full daily history is not available locally,2026-08-15T16:05:10+09:00
498410,KR7498410000,KODEX 금융고배당TOP10타겟위클리커버드콜,2024-12-17,KRX KIND 신규상장 공시,provisional,listing_prices_cache,cache_provenance_pending,,,13295,2026-08-14,11680,0,434,0,not_reviewed,existing_anchor_unreverified,calculated,backfill_pending,full daily history is not available locally,2026-08-15T16:05:10+09:00
498610,KR7498610005,RISE 인도디지털성장,2025-04-01,KRX KIND 신규상장 공시,provisional,listing_prices_cache,cache_provenance_pending,,,8300,2026-08-14,8645,0,359,0,not_reviewed,existing_anchor_unreverified,calculated,backfill_pending,full daily history is not available locally,2026-08-15T16:05:10+09:00
498860,KR7498860006,RISE 코리아금융고배당,2024-12-10,KRX KIND 신규상장 공시,provisional,listing_prices_cache,cache_provenance_pending,,,20620,2026-08-14,17240,0,439,0,not_reviewed,existing_anchor_unreverified,calculated,backfill_pending,full daily history is not available locally,2026-08-15T16:05:10+09:00
499150,KR7499150001,SOL 미국S&P500엔화노출(H),2024-12-03,KRX KIND 신규상장 공시,provisional,listing_prices_cache,cache_provenance_pending,,,10905,2026-08-14,11250,0,444,0,not_reviewed,existing_anchor_unreverified,calculated,backfill_pending,full daily history is not available locally,2026-08-15T16:05:10+09:00
499660,KR7499660009,TIGER CD금리플러스액티브(합성),2024-12-17,KRX KIND 신규상장 공시,provisional,listing_prices_cache,cache_provenance_pending,,,1002275,2026-08-14,1001595,0,434,0,not_reviewed,existing_anchor_unreverified,calculated,backfill_pending,full daily history is not available locally,2026-08-15T16:05:10+09:00
