ticker,name,classification_status,evidence_type,comparison_eligibility,official_source_url,evidence_basis,review_reason
0000D0,TIGER 엔비디아미국채커버드콜밸런스(합성),classified_derived,official_index,N,가능,기초지수 명시; 운용사·공식 출처 URL 존재; 상품명 구조표시(covered_call); 자산군·투자대상 추출(채권/미국 국채 장기 등급미확인); taxonomy 완료: 상품명·기초지수·원천 분류 필드 기반 (concentration token/default),
0000Y0,HK 26-12 회사채(AA-이상)액티브,classified_derived,derived_master,N,,"기초지수 명시; 자산군·투자대상 추출(채권/국내 회사채 만기미확인 AA); taxonomy 완료: 상품명·기초지수·원천 분류 필드 기반 (active/passive token, FX token/default, concentration token/default)",
0002C0,에셋플러스 인도일등기업포커스20액티브,classified_derived,derived_master,N,,"기초지수 명시; 자산군·투자대상 추출(주식/인도 미확인 주식전략); taxonomy 완료: 상품명·기초지수·원천 분류 필드 기반 (active/passive token, payoff token/default, concentration token/default)",
0007F0,KODEX 27-12 회사채(AA-이상)액티브,classified_derived,official_index,N,가능,"기초지수 명시; 운용사·공식 출처 URL 존재; 자산군·투자대상 추출(채권/국내 회사채 만기미확인 AA); taxonomy 완료: 상품명·기초지수·원천 분류 필드 기반 (active/passive token, FX token/default, concentration token/default)",
0007N0,아이엠에셋 200,classified_derived,derived_master,N,,"기초지수 명시; 자산군·투자대상 추출(주식/국내 미확인 주식전략); taxonomy 완료: 상품명·기초지수·원천 분류 필드 기반 (active/passive token, payoff token/default, FX token/default)",
0008E0,ACE 미국중심중소형제조업,classified_derived,official_index,N,가능,"기초지수 명시; 운용사·공식 출처 URL 존재; 자산군·투자대상 추출(주식/미국 미확인 주식전략); taxonomy 완료: 상품명·기초지수·원천 분류 필드 기반 (active/passive token, payoff token/default, concentration token/default)",
0013P0,RISE 미국은행TOP10,conflict_resolved,conflict_resolved,N,가능,기초지수 명시; 운용사·공식 출처 URL 존재; 자산군·투자대상 추출(원자재/기타원자재 futures); 충돌 해소: 출처 우선순위와 구조 필드 기준,
0013R0,RISE 테슬라미국채타겟커버드콜혼합(합성),classified_derived,official_index,N,가능,기초지수 명시; 운용사·공식 출처 URL 존재; 상품명 구조표시(covered_call); 자산군·투자대상 추출(채권/미국 국채 장기 등급미확인); taxonomy 완료: 상품명·기초지수·원천 분류 필드 기반 (concentration token/default),
0015E0,KIWOOM 엔비디아미국30년국채혼합액티브(H),classified_derived,official_index,N,가능,"기초지수 명시; 운용사·공식 출처 URL 존재; 자산군·투자대상 추출(채권/미국 국채 장기 등급미확인); taxonomy 완료: 상품명·기초지수·원천 분류 필드 기반 (active/passive token, concentration token/default)",
0015F0,KIWOOM 팔란티어미국30년국채혼합액티브(H),classified_derived,official_index,N,가능,"기초지수 명시; 운용사·공식 출처 URL 존재; 자산군·투자대상 추출(채권/미국 국채 장기 등급미확인); taxonomy 완료: 상품명·기초지수·원천 분류 필드 기반 (active/passive token, concentration token/default)",
0015K0,TIGER 미국소비트렌드액티브,classified_derived,official_index,N,가능,"기초지수 명시; 운용사·공식 출처 URL 존재; 자산군·투자대상 추출(주식/미국 미확인 주식전략); taxonomy 완료: 상품명·기초지수·원천 분류 필드 기반 (active/passive token, payoff token/default, concentration token/default)",
0017Y0,1Q 종합채권(AA-이상)액티브,classified_derived,derived_master,N,,"기초지수 명시; 자산군·투자대상 추출(채권/국내 채권 만기미확인 AA); taxonomy 완료: 상품명·기초지수·원천 분류 필드 기반 (active/passive token, FX token/default, concentration token/default)",
0019K0,TIME 미국나스닥100채권혼합50액티브,classified_derived,derived_master,N,,기초지수 명시; 자산군·투자대상 추출(채권/미국 채권 단기 등급미확인); taxonomy 완료: 상품명·기초지수·원천 분류 필드 기반 (active/passive token),
0025N0,TIGER TDF2045 적격,classified_derived,official_index,N,가능,"기초지수 명시; 운용사·공식 출처 URL 존재; 자산군·투자대상 추출(혼합자산/구성비율 미확인); taxonomy 완료: 상품명·기초지수·원천 분류 필드 기반 (active/passive token, concentration token/default)",
0040X0,SOL 팔란티어미국채커버드콜혼합,classified_derived,official_index,N,가능,기초지수 명시; 운용사·공식 출처 URL 존재; 상품명 구조표시(covered_call); 자산군·투자대상 추출(채권/미국 국채 만기미확인 등급미확인); taxonomy 완료: 상품명·기초지수·원천 분류 필드 기반 (concentration token/default),
0040Y0,SOL 팔란티어커버드콜OTM채권혼합,classified_derived,official_index,N,가능,기초지수 명시; 운용사·공식 출처 URL 존재; 상품명 구조표시(covered_call); 자산군·투자대상 추출(채권/미국 채권 만기미확인 등급미확인); taxonomy 완료: 상품명·기초지수·원천 분류 필드 기반 (concentration token/default),
0046A0,TIGER 미국초단기(3개월이하)국채,conflict_resolved,conflict_resolved,N,가능,기초지수 명시; 운용사·공식 출처 URL 존재; 자산군·투자대상 추출(채권/미국 국채 초단기 등급미확인); 충돌 해소: 출처 우선순위와 구조 필드 기준,
0047A0,TIGER 차이나테크TOP10,classified_derived,official_index,N,가능,"기초지수 명시; 운용사·공식 출처 URL 존재; 자산군·투자대상 추출(주식/중국 미확인 주식전략); taxonomy 완료: 상품명·기초지수·원천 분류 필드 기반 (active/passive token, payoff token/default)",
0049K0,ACE 미국배당퀄리티채권혼합50,classified_derived,official_index,N,가능,기초지수 명시; 운용사·공식 출처 URL 존재; 상품명 구조표시(inverse); 자산군·투자대상 추출(채권/미국 채권 만기미확인 등급미확인); taxonomy 완료: 상품명·기초지수·원천 분류 필드 기반 (concentration token/default),
0052S0,1Q 미국S&P500미국채혼합50액티브,classified_derived,derived_master,N,,기초지수 명시; 상품명 구조표시(inverse); 자산군·투자대상 추출(채권/미국 국채 만기미확인 등급미확인); taxonomy 완료: 상품명·기초지수·원천 분류 필드 기반,
0057H0,PLUS 미국S&P500미국채혼합50액티브,classified_derived,official_index,N,가능,기초지수 명시; 운용사·공식 출처 URL 존재; 자산군·투자대상 추출(채권/미국 국채 만기미확인 등급미확인); taxonomy 완료: 상품명·기초지수·원천 분류 필드 기반 (active/passive token),
0060H0,TIGER 토탈월드스탁액티브,classified_derived,official_index,N,가능,"기초지수 명시; 운용사·공식 출처 URL 존재; 자산군·투자대상 추출(주식/글로벌 미확인 주식전략); taxonomy 완료: 상품명·기초지수·원천 분류 필드 기반 (active/passive token, payoff token/default, concentration token/default)",
0061Z0,RISE 단기특수은행채액티브,conflict_resolved,conflict_resolved,N,가능,기초지수 명시; 운용사·공식 출처 URL 존재; 자산군·투자대상 추출(원자재/기타원자재 futures); 충돌 해소: 출처 우선순위와 구조 필드 기준,
0065G0,KODEX 차이나테크TOP10,classified_derived,official_index,N,가능,"기초지수 명시; 운용사·공식 출처 URL 존재; 자산군·투자대상 추출(주식/중국 미확인 주식전략); taxonomy 완료: 상품명·기초지수·원천 분류 필드 기반 (active/passive token, payoff token/default)",
0067V0,TIGER 차이나글로벌리더스TOP3+,classified_derived,official_index,N,가능,"기초지수 명시; 운용사·공식 출처 URL 존재; 자산군·투자대상 추출(주식/글로벌 미확인 주식전략); taxonomy 완료: 상품명·기초지수·원천 분류 필드 기반 (active/passive token, payoff token/default)",
0073X0,FOCUS 알리바바미국채커버드콜혼합,classified_derived,derived_master,N,,기초지수 명시; 상품명 구조표시(covered_call); 자산군·투자대상 추출(채권/미국 국채 만기미확인 등급미확인); taxonomy 완료: 상품명·기초지수·원천 분류 필드 기반 (concentration token/default),
0074K0,KoAct K수출핵심기업TOP30액티브,classified_derived,derived_master,N,,"기초지수 명시; 자산군·투자대상 추출(주식/국내 미확인 주식전략); taxonomy 완료: 상품명·기초지수·원천 분류 필드 기반 (active/passive token, payoff token/default, FX token/default)",
0078V0,PLUS 미국로보택시,classified_derived,official_index,N,가능,"기초지수 명시; 운용사·공식 출처 URL 존재; 자산군·투자대상 추출(주식/미국 미확인 주식전략); taxonomy 완료: 상품명·기초지수·원천 분류 필드 기반 (active/passive token, payoff token/default, concentration token/default)",
0079X0,ACE BYD밸류체인액티브,classified_derived,official_index,N,https://www.aceetf.co.kr/info/report/1149,"기초지수 명시; 운용사·공식 출처 URL 존재; 자산군·투자대상 추출(주식/미국 미확인 주식전략); taxonomy 완료: 상품명·기초지수·원천 분류 필드 기반 (active/passive token, payoff token/default, concentration token/default)",
0082V0,KODEX TDF2060액티브 적격,classified_derived,official_index,N,가능,"기초지수 명시; 운용사·공식 출처 URL 존재; 자산군·투자대상 추출(혼합자산/구성비율 미확인); taxonomy 완료: 상품명·기초지수·원천 분류 필드 기반 (active/passive token, FX token/default, concentration token/default)",
0083S0,1Q 미국메디컬AI,classified_derived,derived_master,N,,"기초지수 명시; 자산군·투자대상 추출(주식/미국 미확인 주식전략); taxonomy 완료: 상품명·기초지수·원천 분류 필드 기반 (active/passive token, payoff token/default, concentration token/default)",
0084D0,KIWOOM 미국테크100월간목표헤지액티브,classified_derived,official_index,N,가능,"기초지수 명시; 운용사·공식 출처 URL 존재; 자산군·투자대상 추출(주식/미국 미확인 주식전략); taxonomy 완료: 상품명·기초지수·원천 분류 필드 기반 (active/passive token, payoff token/default)",
0085N0,ACE 미국10년국채액티브(H),classified_derived,official_index,N,가능,"기초지수 명시; 운용사·공식 출처 URL 존재; 자산군·투자대상 추출(채권/미국 국채 장기 등급미확인); taxonomy 완료: 상품명·기초지수·원천 분류 필드 기반 (active/passive token, concentration token/default)",
0085P0,ACE 미국10년국채액티브,classified_derived,official_index,N,가능,"기초지수 명시; 운용사·공식 출처 URL 존재; 자산군·투자대상 추출(채권/미국 국채 장기 등급미확인); taxonomy 완료: 상품명·기초지수·원천 분류 필드 기반 (active/passive token, concentration token/default)",
0086C0,TIGER 리츠부동산인프라10채권혼합액티브,classified_derived,official_index,N,가능,"기초지수 명시; 운용사·공식 출처 URL 존재; 자산군·투자대상 추출(채권/국내 채권 만기미확인 등급미확인); taxonomy 완료: 상품명·기초지수·원천 분류 필드 기반 (active/passive token, FX token/default)",
0088N0,WON K-글로벌수급상위,classified_derived,derived_master,N,,"기초지수 명시; 자산군·투자대상 추출(주식/국내 미확인 주식전략); taxonomy 완료: 상품명·기초지수·원천 분류 필드 기반 (active/passive token, payoff token/default)",
0089B0,PLUS 미국나스닥100미국채혼합50,classified_derived,official_index,N,가능,기초지수 명시; 운용사·공식 출처 URL 존재; 자산군·투자대상 추출(채권/미국 국채 단기 등급미확인); taxonomy 완료: 상품명·기초지수·원천 분류 필드 기반 (active/passive token),
0091C0,KODEX 미국10년국채액티브(H),classified_derived,official_index,N,가능,"기초지수 명시; 운용사·공식 출처 URL 존재; 자산군·투자대상 추출(채권/미국 국채 장기 등급미확인); taxonomy 완료: 상품명·기초지수·원천 분류 필드 기반 (active/passive token, concentration token/default)",
0091M0,HANARO 27-06 회사채(AA-이상)액티브,classified_derived,official_index,N,가능,"기초지수 명시; 운용사·공식 출처 URL 존재; 자산군·투자대상 추출(채권/국내 회사채 만기미확인 AA); taxonomy 완료: 상품명·기초지수·원천 분류 필드 기반 (active/passive token, FX token/default, concentration token/default)",
0092C0,SOL 27-12 회사채(AA-이상)액티브,classified_derived,official_index,N,가능,"기초지수 명시; 운용사·공식 출처 URL 존재; 자산군·투자대상 추출(채권/국내 회사채 만기미확인 AA); taxonomy 완료: 상품명·기초지수·원천 분류 필드 기반 (active/passive token, FX token/default, concentration token/default)",
0094K0,TIGER 28-04 회사채(A+이상)액티브,classified_derived,official_index,N,가능,"기초지수 명시; 운용사·공식 출처 URL 존재; 자산군·투자대상 추출(채권/국내 회사채 만기미확인 등급미확인); taxonomy 완료: 상품명·기초지수·원천 분류 필드 기반 (active/passive token, FX token/default, concentration token/default)",
0094L0,RISE 차이나테크TOP10위클리타겟커버드콜,classified_derived,official_index,N,가능,기초지수 명시; 운용사·공식 출처 URL 존재; 상품명 구조표시(covered_call); 자산군·투자대상 추출(주식/중국 미확인 주식전략); taxonomy 완료: 상품명·기초지수·원천 분류 필드 기반,
0094M0,RISE 코리아밸류업위클리고정커버드콜,classified_derived,official_index,N,가능,"기초지수 명시; 운용사·공식 출처 URL 존재; 상품명 구조표시(covered_call); 자산군·투자대상 추출(주식/국내 미확인 주식전략); taxonomy 완료: 상품명·기초지수·원천 분류 필드 기반 (FX token/default, concentration token/default)",
0094X0,1Q 샤오미밸류체인액티브,classified_derived,derived_master,N,,"기초지수 명시; 자산군·투자대상 추출(주식/미국 미확인 주식전략); taxonomy 완료: 상품명·기초지수·원천 분류 필드 기반 (active/passive token, payoff token/default, concentration token/default)",
0098Z0,FOCUS 200,classified_derived,derived_master,N,,"기초지수 명시; 자산군·투자대상 추출(주식/국내 미확인 주식전략); taxonomy 완료: 상품명·기초지수·원천 분류 필드 기반 (active/passive token, payoff token/default, FX token/default)",
0103T0,1Q K소버린AI,classified_derived,derived_master,N,,"기초지수 명시; 자산군·투자대상 추출(주식/국내 미확인 주식전략); taxonomy 완료: 상품명·기초지수·원천 분류 필드 기반 (active/passive token, payoff token/default, FX token/default, concentration token/default)",
0104H0,KoAct 미국나스닥채권혼합50액티브,classified_derived,derived_master,N,,"기초지수 명시; 자산군·투자대상 추출(채권/미국 금융채 만기미확인 등급미확인); taxonomy 완료: 상품명·기초지수·원천 분류 필드 기반 (active/passive token, concentration token/default)",
0104N0,TIGER 200타겟위클리커버드콜,classified_derived,official_index,N,가능,기초지수 명시; 운용사·공식 출처 URL 존재; 상품명 구조표시(covered_call); 자산군·투자대상 추출(주식/국내 미확인 주식전략); taxonomy 완료: 상품명·기초지수·원천 분류 필드 기반 (FX token/default),
0105D0,SOL 한국AI소프트웨어,classified_derived,official_index,N,가능,"기초지수 명시; 운용사·공식 출처 URL 존재; 자산군·투자대상 추출(주식/국내 미확인 주식전략); taxonomy 완료: 상품명·기초지수·원천 분류 필드 기반 (active/passive token, payoff token/default, FX token/default, concentration token/default)",
0111P0,1Q 미국나스닥100미국채혼합50액티브,classified_derived,derived_master,N,,기초지수 명시; 자산군·투자대상 추출(채권/미국 국채 만기미확인 등급미확인); taxonomy 완료: 상품명·기초지수·원천 분류 필드 기반 (active/passive token),
0112X0,마이티 200TR,classified_derived,derived_master,N,,"기초지수 명시; 자산군·투자대상 추출(주식/국내 미확인 주식전략); taxonomy 완료: 상품명·기초지수·원천 분류 필드 기반 (active/passive token, payoff token/default, FX token/default)",
0117L0,KODEX 26-12 금융채(AA-이상)액티브,classified_derived,official_index,N,가능,"기초지수 명시; 운용사·공식 출처 URL 존재; 자산군·투자대상 추출(채권/국내 금융채 만기미확인 AA); taxonomy 완료: 상품명·기초지수·원천 분류 필드 기반 (active/passive token, FX token/default, concentration token/default)",
0117V0,TIGER 코리아AI전력기기TOP3플러스,classified_derived,official_index,N,가능,"기초지수 명시; 운용사·공식 출처 URL 존재; 자산군·투자대상 추출(주식/국내 미확인 주식전략); taxonomy 완료: 상품명·기초지수·원천 분류 필드 기반 (active/passive token, payoff token/default, FX token/default)",
0118S0,SOL 미국넥스트테크TOP10액티브,classified_derived,official_index,N,가능,"기초지수 명시; 운용사·공식 출처 URL 존재; 자산군·투자대상 추출(주식/미국 미확인 주식전략); taxonomy 완료: 상품명·기초지수·원천 분류 필드 기반 (active/passive token, payoff token/default)",
0119H0,KODEX 28-12 회사채(AA-이상)액티브,classified_derived,official_index,N,가능,"기초지수 명시; 운용사·공식 출처 URL 존재; 자산군·투자대상 추출(채권/국내 회사채 만기미확인 AA); taxonomy 완료: 상품명·기초지수·원천 분류 필드 기반 (active/passive token, FX token/default, concentration token/default)",
0122W0,RISE 26-11 회사채(AA-이상)액티브,classified_derived,official_index,N,RISE,"기초지수 명시; 운용사·공식 출처 URL 존재; 자산군·투자대상 추출(채권/국내 회사채 만기미확인 AA); taxonomy 완료: 상품명·기초지수·원천 분류 필드 기반 (active/passive token, FX token/default, concentration token/default)",
0123S0,HANARO 26-12 은행채(AA+이상)액티브,conflict_resolved,conflict_resolved,N,가능,기초지수 명시; 운용사·공식 출처 URL 존재; 자산군·투자대상 추출(원자재/기타원자재 futures); 충돌 해소: 출처 우선순위와 구조 필드 기준,
0128D0,PLUS 차이나항셍테크위클리타겟커버드콜,classified_derived,official_index,N,가능,기초지수 명시; 운용사·공식 출처 URL 존재; 상품명 구조표시(covered_call); 자산군·투자대상 추출(주식/미국 미확인 주식전략); taxonomy 완료: 상품명·기초지수·원천 분류 필드 기반 (concentration token/default),
0131A0,SOL 차이나소비트렌드,classified_derived,official_index,N,가능,"기초지수 명시; 운용사·공식 출처 URL 존재; 자산군·투자대상 추출(주식/중국 미확인 주식전략); taxonomy 완료: 상품명·기초지수·원천 분류 필드 기반 (active/passive token, payoff token/default, concentration token/default)",
0131W0,1Q 단기특수은행채액티브,conflict_resolved,conflict_resolved,N,,기초지수 명시; 자산군·투자대상 추출(원자재/기타원자재 futures); 충돌 해소: 출처 우선순위와 구조 필드 기준,
0132K0,PLUS 테슬라위클리커버드콜채권혼합,classified_derived,official_index,N,가능,기초지수 명시; 운용사·공식 출처 URL 존재; 상품명 구조표시(covered_call); 자산군·투자대상 추출(채권/미국 채권 만기미확인 등급미확인); taxonomy 완료: 상품명·기초지수·원천 분류 필드 기반 (concentration token/default),
0138D0,RISE 동학개미,classified_derived,official_index,N,RISE,"기초지수 명시; 운용사·공식 출처 URL 존재; 자산군·투자대상 추출(주식/국내 미확인 주식전략); taxonomy 완료: 상품명·기초지수·원천 분류 필드 기반 (active/passive token, payoff token/default, FX token/default, concentration token/default)",
0138Y0,PLUS 금채권혼합,classified_derived,official_index,N,가능,"기초지수 명시; 운용사·공식 출처 URL 존재; 자산군·투자대상 추출(채권/미국 채권 만기미확인 등급미확인); taxonomy 완료: 상품명·기초지수·원천 분류 필드 기반 (active/passive token, concentration token/default)",
0139F0,TIGER 12월자동연장금융채(AA-이상)액티브,classified_derived,official_index,N,가능,"기초지수 명시; 운용사·공식 출처 URL 존재; 자산군·투자대상 추출(채권/국내 금융채 만기미확인 AA); taxonomy 완료: 상품명·기초지수·원천 분류 필드 기반 (active/passive token, FX token/default, concentration token/default)",
0144M0,KODEX 미국드론UAM TOP10,classified_derived,official_index,N,가능,"기초지수 명시; 운용사·공식 출처 URL 존재; 자산군·투자대상 추출(주식/미국 미확인 주식전략); taxonomy 완료: 상품명·기초지수·원천 분류 필드 기반 (active/passive token, payoff token/default)",
0151P0,RISE 코리아전략산업액티브,classified_derived,official_index,N,RISE,"기초지수 명시; 운용사·공식 출처 URL 존재; 자산군·투자대상 추출(주식/국내 미확인 주식전략); taxonomy 완료: 상품명·기초지수·원천 분류 필드 기반 (active/passive token, payoff token/default, FX token/default, concentration token/default)",
0152E0,SOL 배당성향탑픽액티브,classified_derived,official_index,N,가능,"기초지수 명시; 운용사·공식 출처 URL 존재; 자산군·투자대상 추출(주식/국내 미확인 주식전략); taxonomy 완료: 상품명·기초지수·원천 분류 필드 기반 (active/passive token, payoff token/default, FX token/default, concentration token/default)",
0155N0,HANARO K휴머노이드테마TOP10,classified_derived,official_index,N,가능,"기초지수 명시; 운용사·공식 출처 URL 존재; 자산군·투자대상 추출(주식/국내 미확인 주식전략); taxonomy 완료: 상품명·기초지수·원천 분류 필드 기반 (active/passive token, payoff token/default, FX token/default)",
0162M0,KODEX 금융채1~2년(AA-이상)PLUS액티브,classified_derived,official_index,N,가능,"기초지수 명시; 운용사·공식 출처 URL 존재; 자산군·투자대상 추출(채권/국내 금융채 만기미확인 AA); taxonomy 완료: 상품명·기초지수·원천 분류 필드 기반 (active/passive token, FX token/default, concentration token/default)",
0162Y0,TIME 코스닥액티브,classified_derived,derived_master,N,,"기초지수 명시; 자산군·투자대상 추출(주식/국내 미확인 주식전략); taxonomy 완료: 상품명·기초지수·원천 분류 필드 기반 (active/passive token, payoff token/default, FX token/default, concentration token/default)",
0162Z0,RISE 삼성전자SK하이닉스채권혼합50,classified_derived,official_index,N,가능,"기초지수 명시; 운용사·공식 출처 URL 존재; 자산군·투자대상 추출(채권/국내 채권 만기미확인 등급미확인); taxonomy 완료: 상품명·기초지수·원천 분류 필드 기반 (active/passive token, FX token/default, concentration token/default)",
0163Y0,KoAct 코스닥액티브,classified_derived,derived_master,N,,"기초지수 명시; 자산군·투자대상 추출(주식/국내 미확인 주식전략); taxonomy 완료: 상품명·기초지수·원천 분류 필드 기반 (active/passive token, payoff token/default, FX token/default, concentration token/default)",
0166N0,PLUS 코스닥150액티브,classified_derived,official_index,N,가능,"기초지수 명시; 운용사·공식 출처 URL 존재; 자산군·투자대상 추출(주식/국내 미확인 주식전략); taxonomy 완료: 상품명·기초지수·원천 분류 필드 기반 (active/passive token, payoff token/default, FX token/default, concentration token/default)",
0166S0,PLUS K제조업핵심기업액티브,classified_derived,official_index,N,가능,"기초지수 명시; 운용사·공식 출처 URL 존재; 자산군·투자대상 추출(주식/국내 미확인 주식전략); taxonomy 완료: 상품명·기초지수·원천 분류 필드 기반 (active/passive token, payoff token/default, FX token/default, concentration token/default)",
0166T0,PLUS 글로벌저작권핵심기업액티브,classified_derived,official_index,N,가능,"기초지수 명시; 운용사·공식 출처 URL 존재; 자산군·투자대상 추출(주식/미국 미확인 주식전략); taxonomy 완료: 상품명·기초지수·원천 분류 필드 기반 (active/passive token, payoff token/default, concentration token/default)",
0167B0,SOL 200타겟위클리커버드콜,classified_derived,official_index,N,가능,기초지수 명시; 운용사·공식 출처 URL 존재; 상품명 구조표시(covered_call); 자산군·투자대상 추출(주식/국내 미확인 주식전략); taxonomy 완료: 상품명·기초지수·원천 분류 필드 기반 (FX token/default),
0172Y0,ACE K수출핵심TOP10산업액티브,classified_derived,official_index,N,가능,"기초지수 명시; 운용사·공식 출처 URL 존재; 자산군·투자대상 추출(주식/국내 미확인 주식전략); taxonomy 완료: 상품명·기초지수·원천 분류 필드 기반 (active/passive token, payoff token/default, FX token/default)",
0177N0,KODEX 삼성전자SK하이닉스채권혼합50,classified_derived,official_index,N,가능,"기초지수 명시; 운용사·공식 출처 URL 존재; 자산군·투자대상 추출(채권/국내 채권 만기미확인 등급미확인); taxonomy 완료: 상품명·기초지수·원천 분류 필드 기반 (active/passive token, FX token/default, concentration token/default)",
0178H0,IBK 미국AI TOP10국채혼합50,classified_derived,derived_master,N,,기초지수 명시; 자산군·투자대상 추출(채권/미국 국채 만기미확인 등급미확인); taxonomy 완료: 상품명·기초지수·원천 분류 필드 기반 (active/passive token),
0182S0,1Q K반도체TOP2채권혼합50,classified_derived,derived_master,N,,"기초지수 명시; 자산군·투자대상 추출(채권/국내 채권 만기미확인 등급미확인); taxonomy 완료: 상품명·기초지수·원천 분류 필드 기반 (active/passive token, FX token/default)",
0183V0,KIWOOM 삼성전자&SK하이닉스채권혼합50,classified_derived,official_index,N,불가,"기초지수 명시; 운용사·공식 출처 URL 존재; 자산군·투자대상 추출(채권/국내 채권 만기미확인 등급미확인); taxonomy 완료: 상품명·기초지수·원천 분류 필드 기반 (active/passive token, FX token/default, concentration token/default)",
0184E0,1Q 200채권혼합50액티브,classified_derived,derived_master,N,,"기초지수 명시; 자산군·투자대상 추출(채권/국내 채권 단기 등급미확인); taxonomy 완료: 상품명·기초지수·원천 분류 필드 기반 (active/passive token, FX token/default)",
0184L0,PLUS 중기종합채권(A-이상)액티브,classified_derived,official_index,N,가능,"기초지수 명시; 운용사·공식 출처 URL 존재; 자산군·투자대상 추출(채권/국내 채권 중기 등급미확인); taxonomy 완료: 상품명·기초지수·원천 분류 필드 기반 (active/passive token, FX token/default, concentration token/default)",
0184N0,PLUS 은채권혼합,classified_derived,official_index,N,가능,"기초지수 명시; 운용사·공식 출처 URL 존재; 자산군·투자대상 추출(채권/국내 채권 만기미확인 등급미확인); taxonomy 완료: 상품명·기초지수·원천 분류 필드 기반 (active/passive token, FX token/default, concentration token/default)",
0184V0,UNICORN K바이오액티브,classified_derived,official_index,N,https://www.hyundaiam.com/upload/FUND_ANNT/doc_1780361663350_dedd.pdf,"기초지수 명시; 운용사·공식 출처 URL 존재; 자산군·투자대상 추출(혼합자산/구성비율 미확인); taxonomy 완료: 상품명·기초지수·원천 분류 필드 기반 (active/passive token, FX token/default, concentration token/default)",
0186S0,1Q 코스닥150채권혼합50액티브,classified_derived,derived_master,N,,"기초지수 명시; 자산군·투자대상 추출(채권/국내 채권 단기 등급미확인); taxonomy 완료: 상품명·기초지수·원천 분류 필드 기반 (active/passive token, FX token/default, concentration token/default)",
0190M0,KIWOOM 미국AI테크하이베타,classified_derived,official_index,N,불가,"기초지수 명시; 운용사·공식 출처 URL 존재; 자산군·투자대상 추출(주식/미국 미확인 주식전략); taxonomy 완료: 상품명·기초지수·원천 분류 필드 기반 (active/passive token, payoff token/default, concentration token/default)",
0191B0,MIDAS 코스닥액티브,classified_derived,derived_master,N,,"기초지수 명시; 자산군·투자대상 추출(주식/국내 미확인 주식전략); taxonomy 완료: 상품명·기초지수·원천 분류 필드 기반 (active/passive token, payoff token/default, FX token/default, concentration token/default)",
0191M0,마이티 5월만기자동연장특수채(AAA)액티브,classified_derived,derived_master,N,,"기초지수 명시; 자산군·투자대상 추출(채권/국내 특수채 만기미확인 AAA); taxonomy 완료: 상품명·기초지수·원천 분류 필드 기반 (active/passive token, FX token/default, concentration token/default)",
0191S0,IBK 코스닥150,classified_derived,derived_master,N,,"기초지수 명시; 자산군·투자대상 추출(주식/국내 미확인 주식전략); taxonomy 완료: 상품명·기초지수·원천 분류 필드 기반 (active/passive token, payoff token/default, FX token/default, concentration token/default)",
0191W0,HANARO 중기종합채권(A-이상)액티브,classified_derived,official_index,N,가능,"기초지수 명시; 운용사·공식 출처 URL 존재; 자산군·투자대상 추출(채권/국내 채권 중기 등급미확인); taxonomy 완료: 상품명·기초지수·원천 분류 필드 기반 (active/passive token, FX token/default, concentration token/default)",
0192M0,RISE 삼성전자단일종목레버리지,classified_derived,official_index,N,불가,"기초지수 명시; 운용사·공식 출처 URL 존재; 상품명 구조표시(leveraged); 자산군·투자대상 추출(주식/국내 미확인 주식전략); taxonomy 완료: 상품명·기초지수·원천 분류 필드 기반 (FX token/default, concentration token/default)",
0192S0,SOL 코스피200채권혼합50,classified_derived,official_index,N,가능,"기초지수 명시; 운용사·공식 출처 URL 존재; 자산군·투자대상 추출(채권/국내 채권 만기미확인 등급미확인); taxonomy 완료: 상품명·기초지수·원천 분류 필드 기반 (active/passive token, FX token/default)",
0192T0,SOL 코스닥TOP10,classified_derived,official_index,N,가능,"기초지수 명시; 운용사·공식 출처 URL 존재; 자산군·투자대상 추출(주식/국내 미확인 주식전략); taxonomy 완료: 상품명·기초지수·원천 분류 필드 기반 (active/passive token, payoff token/default, FX token/default)",
0192Z0,TIGER 중기종합채권(A-이상)액티브,classified_derived,official_index,N,가능,"기초지수 명시; 운용사·공식 출처 URL 존재; 자산군·투자대상 추출(채권/국내 채권 중기 등급미확인); taxonomy 완료: 상품명·기초지수·원천 분류 필드 기반 (active/passive token, FX token/default, concentration token/default)",
0193G0,KoAct 코스피액티브,classified_derived,derived_master,N,,"기초지수 명시; 자산군·투자대상 추출(주식/국내 미확인 주식전략); taxonomy 완료: 상품명·기초지수·원천 분류 필드 기반 (active/passive token, payoff token/default, FX token/default, concentration token/default)",
0193K0,PLUS 삼성전자단일종목레버리지,classified_derived,official_index,N,불가,"기초지수 명시; 운용사·공식 출처 URL 존재; 상품명 구조표시(leveraged); 자산군·투자대상 추출(주식/국내 미확인 주식전략); taxonomy 완료: 상품명·기초지수·원천 분류 필드 기반 (FX token/default, concentration token/default)",
0193L0,PLUS 삼성전자선물단일종목인버스2X,classified_derived,official_index,N,불가,"기초지수 명시; 운용사·공식 출처 URL 존재; 상품명 구조표시(inverse); 자산군·투자대상 추출(주식/국내 미확인 주식전략); taxonomy 완료: 상품명·기초지수·원천 분류 필드 기반 (FX token/default, concentration token/default)",
0193M0,BNK 27-12 특수채(AAA이상)액티브,classified_derived,derived_master,N,,"기초지수 명시; 자산군·투자대상 추출(채권/국내 특수채 만기미확인 AAA); taxonomy 완료: 상품명·기초지수·원천 분류 필드 기반 (active/passive token, FX token/default, concentration token/default)",
0193W0,KODEX 삼성전자단일종목레버리지,classified_derived,official_index,N,불가,"기초지수 명시; 운용사·공식 출처 URL 존재; 상품명 구조표시(leveraged); 자산군·투자대상 추출(주식/국내 미확인 주식전략); taxonomy 완료: 상품명·기초지수·원천 분류 필드 기반 (FX token/default, concentration token/default)",
0194M0,ACE 삼성전자단일종목레버리지,classified_derived,official_index,N,불가,"기초지수 명시; 운용사·공식 출처 URL 존재; 상품명 구조표시(leveraged); 자산군·투자대상 추출(주식/국내 미확인 주식전략); taxonomy 완료: 상품명·기초지수·원천 분류 필드 기반 (FX token/default, concentration token/default)",
0194N0,KIWOOM 삼성전자선물단일종목레버리지,classified_derived,official_index,N,불가,"기초지수 명시; 운용사·공식 출처 URL 존재; 상품명 구조표시(leveraged); 자산군·투자대상 추출(주식/국내 미확인 주식전략); taxonomy 완료: 상품명·기초지수·원천 분류 필드 기반 (FX token/default, concentration token/default)",
0195R0,TIGER 삼성전자단일종목레버리지,classified_derived,official_index,N,불가,"기초지수 명시; 운용사·공식 출처 URL 존재; 상품명 구조표시(leveraged); 자산군·투자대상 추출(주식/국내 미확인 주식전략); taxonomy 완료: 상품명·기초지수·원천 분류 필드 기반 (FX token/default, concentration token/default)",
0198A0,KIWOOM 코스닥150커버드콜액티브,classified_derived,official_index,N,불가,"기초지수 명시; 운용사·공식 출처 URL 존재; 상품명 구조표시(covered_call); 자산군·투자대상 추출(주식/국내 미확인 주식전략); taxonomy 완료: 상품명·기초지수·원천 분류 필드 기반 (FX token/default, concentration token/default)",
0198B0,1Q 삼성전자선물단일종목레버리지,classified_derived,derived_master,N,,"기초지수 명시; 상품명 구조표시(leveraged); 자산군·투자대상 추출(주식/국내 미확인 주식전략); taxonomy 완료: 상품명·기초지수·원천 분류 필드 기반 (FX token/default, concentration token/default)",
0203D0,PLUS 200위클리커버드콜채권혼합,classified_derived,official_index,N,가능,기초지수 명시; 운용사·공식 출처 URL 존재; 상품명 구조표시(covered_call); 자산군·투자대상 추출(채권/국내 채권 만기미확인 등급미확인); taxonomy 완료: 상품명·기초지수·원천 분류 필드 기반 (FX token/default),
0203R0,WON 중단기종합채권(A-이상)액티브,classified_derived,derived_master,N,,"기초지수 명시; 자산군·투자대상 추출(채권/국내 채권 단기 등급미확인); taxonomy 완료: 상품명·기초지수·원천 분류 필드 기반 (active/passive token, FX token/default, concentration token/default)",
0203S0,WON 삼성전자현대차채권혼합50,classified_derived,derived_master,N,,"기초지수 명시; 자산군·투자대상 추출(채권/국내 채권 만기미확인 등급미확인); taxonomy 완료: 상품명·기초지수·원천 분류 필드 기반 (active/passive token, FX token/default, concentration token/default)",
0204S0,TIGER 코스닥액티브,classified_derived,official_index,N,가능,"기초지수 명시; 운용사·공식 출처 URL 존재; 자산군·투자대상 추출(주식/국내 미확인 주식전략); taxonomy 완료: 상품명·기초지수·원천 분류 필드 기반 (active/passive token, payoff token/default, FX token/default, concentration token/default)",
0206G0,1Q 현대차기아채권혼합50,classified_derived,derived_master,N,,"기초지수 명시; 자산군·투자대상 추출(채권/국내 채권 만기미확인 등급미확인); taxonomy 완료: 상품명·기초지수·원천 분류 필드 기반 (active/passive token, FX token/default, concentration token/default)",
0208N0,IBK 코스피액티브,classified_derived,derived_master,N,,"기초지수 명시; 자산군·투자대상 추출(주식/국내 미확인 주식전략); taxonomy 완료: 상품명·기초지수·원천 분류 필드 기반 (active/passive token, payoff token/default, FX token/default, concentration token/default)",
0209Z0,ACE 코리아AI전력TOP10,classified_derived,official_index,N,가능,"기초지수 명시; 운용사·공식 출처 URL 존재; 자산군·투자대상 추출(주식/국내 미확인 주식전략); taxonomy 완료: 상품명·기초지수·원천 분류 필드 기반 (active/passive token, payoff token/default, FX token/default)",
0210E0,PLUS 200커버드콜액티브,classified_derived,official_index,N,불가,기초지수 명시; 운용사·공식 출처 URL 존재; 상품명 구조표시(covered_call); 자산군·투자대상 추출(주식/국내 미확인 주식전략); taxonomy 완료: 상품명·기초지수·원천 분류 필드 기반 (FX token/default),
0216K0,KIWOOM 미국우주테크TOP2채권혼합50,classified_derived,official_index,N,불가,기초지수 명시; 운용사·공식 출처 URL 존재; 자산군·투자대상 추출(채권/미국 채권 만기미확인 등급미확인); taxonomy 완료: 상품명·기초지수·원천 분류 필드 기반 (active/passive token),
0218J0,RISE 미국우주&로봇TOP2미국채혼합50,classified_derived,official_index,N,RISE,기초지수 명시; 운용사·공식 출처 URL 존재; 자산군·투자대상 추출(채권/미국 국채 만기미확인 등급미확인); taxonomy 완료: 상품명·기초지수·원천 분류 필드 기반 (active/passive token),
0218K0,BNK 스마트카,classified_derived,derived_master,N,,"기초지수 명시; 자산군·투자대상 추출(주식/국내 미확인 주식전략); taxonomy 완료: 상품명·기초지수·원천 분류 필드 기반 (active/passive token, payoff token/default, FX token/default, concentration token/default)",
0219E0,KODEX 200커버드콜액티브,classified_derived,official_index,N,가능,기초지수 명시; 운용사·공식 출처 URL 존재; 상품명 구조표시(covered_call); 자산군·투자대상 추출(주식/국내 미확인 주식전략); taxonomy 완료: 상품명·기초지수·원천 분류 필드 기반 (FX token/default),
0220A0,KIWOOM 현대차그룹TOP3채권혼합50,classified_derived,official_index,N,불가,"기초지수 명시; 운용사·공식 출처 URL 존재; 자산군·투자대상 추출(채권/국내 채권 만기미확인 등급미확인); taxonomy 완료: 상품명·기초지수·원천 분류 필드 기반 (active/passive token, FX token/default)",
0220B0,DS 코스닥액티브,classified_derived,derived_master,N,,"기초지수 명시; 자산군·투자대상 추출(주식/국내 미확인 주식전략); taxonomy 완료: 상품명·기초지수·원천 분류 필드 기반 (active/passive token, payoff token/default, FX token/default, concentration token/default)",
0221V0,IBK 초단기채권액티브,conflict_resolved,conflict_resolved,N,,기초지수 명시; 자산군·투자대상 추출(채권/국내 채권 초단기 등급미확인); 충돌 해소: 출처 우선순위와 구조 필드 기준,
0223A0,RISE 코스닥커버드콜액티브,classified_derived,official_index,N,가능,"기초지수 명시; 운용사·공식 출처 URL 존재; 상품명 구조표시(covered_call); 자산군·투자대상 추출(주식/국내 미확인 주식전략); taxonomy 완료: 상품명·기초지수·원천 분류 필드 기반 (FX token/default, concentration token/default)",
0223R0,TIGER 미국테크NYSE100액티브,classified_derived,official_index,N,TIGER,"기초지수 명시; 운용사·공식 출처 URL 존재; 자산군·투자대상 추출(주식/미국 미확인 주식전략); taxonomy 완료: 상품명·기초지수·원천 분류 필드 기반 (active/passive token, payoff token/default)",
0224X0,1Q 엔비디아알파벳미국채혼합50,classified_derived,derived_master,N,,"기초지수 명시; 자산군·투자대상 추출(채권/미국 국채 만기미확인 등급미확인); taxonomy 완료: 상품명·기초지수·원천 분류 필드 기반 (active/passive token, concentration token/default)",
0226A0,PLUS SK하이닉스샌디스크채권혼합50,classified_derived,derived_master,N,,"기초지수 명시; 자산군·투자대상 추출(채권/국내 채권 만기미확인 등급미확인); taxonomy 완료: 상품명·기초지수·원천 분류 필드 기반 (active/passive token, FX token/default, concentration token/default)",
0226G0,WON 피지컬AI TOP2플러스액티브,classified_derived,derived_master,N,,"기초지수 명시; 자산군·투자대상 추출(주식/국내 미확인 주식전략); taxonomy 완료: 상품명·기초지수·원천 분류 필드 기반 (active/passive token, payoff token/default, FX token/default)",
069500,KODEX 200,classified_derived,official_index,N,가능,"기초지수 명시; 운용사·공식 출처 URL 존재; 자산군·투자대상 추출(주식/국내 미확인 주식전략); taxonomy 완료: 상품명·기초지수·원천 분류 필드 기반 (active/passive token, payoff token/default, FX token/default)",
069660,KIWOOM 200,classified_derived,official_index,N,가능,"기초지수 명시; 운용사·공식 출처 URL 존재; 자산군·투자대상 추출(주식/국내 미확인 주식전략); taxonomy 완료: 상품명·기초지수·원천 분류 필드 기반 (active/passive token, payoff token/default, FX token/default)",
091170,KODEX 은행,conflict_resolved,conflict_resolved,N,가능,기초지수 명시; 운용사·공식 출처 URL 존재; 자산군·투자대상 추출(원자재/기타원자재 futures); 충돌 해소: 출처 우선순위와 구조 필드 기준,
091220,TIGER 은행,conflict_resolved,conflict_resolved,N,가능,기초지수 명시; 운용사·공식 출처 URL 존재; 자산군·투자대상 추출(원자재/기타원자재 futures); 충돌 해소: 출처 우선순위와 구조 필드 기준,
099140,KODEX 차이나H,classified_derived,official_index,N,가능,"기초지수 명시; 운용사·공식 출처 URL 존재; 자산군·투자대상 추출(주식/중국 미확인 주식전략); taxonomy 완료: 상품명·기초지수·원천 분류 필드 기반 (active/passive token, payoff token/default, concentration token/default)",
100910,KIWOOM KRX100,classified_derived,official_index,N,가능,"기초지수 명시; 운용사·공식 출처 URL 존재; 자산군·투자대상 추출(주식/국내 미확인 주식전략); taxonomy 완료: 상품명·기초지수·원천 분류 필드 기반 (active/passive token, payoff token/default, FX token/default)",
101280,KODEX 일본TOPIX100,classified_derived,official_index,N,가능,"기초지수 명시; 운용사·공식 출처 URL 존재; 자산군·투자대상 추출(주식/일본 미확인 주식전략); taxonomy 완료: 상품명·기초지수·원천 분류 필드 기반 (active/passive token, payoff token/default)",
102110,TIGER 200,classified_derived,official_index,N,가능,"기초지수 명시; 운용사·공식 출처 URL 존재; 자산군·투자대상 추출(주식/국내 미확인 주식전략); taxonomy 완료: 상품명·기초지수·원천 분류 필드 기반 (active/passive token, payoff token/default, FX token/default)",
102960,KODEX 기계장비,classified_derived,official_index,N,가능,"기초지수 명시; 운용사·공식 출처 URL 존재; 자산군·투자대상 추출(주식/국내 미확인 주식전략); taxonomy 완료: 상품명·기초지수·원천 분류 필드 기반 (active/passive token, payoff token/default, FX token/default, concentration token/default)",
104520,KIWOOM 블루칩,classified_derived,official_index,N,가능,"기초지수 명시; 운용사·공식 출처 URL 존재; 자산군·투자대상 추출(주식/국내 미확인 주식전략); taxonomy 완료: 상품명·기초지수·원천 분류 필드 기반 (active/passive token, payoff token/default, FX token/default, concentration token/default)",
105010,TIGER 라틴35,classified_derived,official_index,N,가능,"기초지수 명시; 운용사·공식 출처 URL 존재; 자산군·투자대상 추출(주식/기타국가 미확인 주식전략); taxonomy 완료: 상품명·기초지수·원천 분류 필드 기반 (active/passive token, payoff token/default, concentration token/default)",
105190,ACE 200,classified_derived,official_index,N,가능,"기초지수 명시; 운용사·공식 출처 URL 존재; 자산군·투자대상 추출(주식/국내 미확인 주식전략); taxonomy 완료: 상품명·기초지수·원천 분류 필드 기반 (active/passive token, payoff token/default, FX token/default)",
108590,TREX 200,classified_derived,derived_master,N,,"기초지수 명시; 자산군·투자대상 추출(주식/국내 미확인 주식전략); taxonomy 완료: 상품명·기초지수·원천 분류 필드 기반 (active/passive token, payoff token/default, FX token/default)",
114100,RISE 국고채3년,classified_derived,official_index,N,가능,"기초지수 명시; 운용사·공식 출처 URL 존재; 자산군·투자대상 추출(채권/국내 채권 단기 등급미확인); taxonomy 완료: 상품명·기초지수·원천 분류 필드 기반 (active/passive token, FX token/default, concentration token/default)",
114260,KODEX 국고채3년,classified_derived,official_index,N,가능,"기초지수 명시; 운용사·공식 출처 URL 존재; 자산군·투자대상 추출(채권/국내 채권 단기 등급미확인); taxonomy 완료: 상품명·기초지수·원천 분류 필드 기반 (active/passive token, FX token/default, concentration token/default)",
114460,ACE 국고채3년,classified_derived,official_index,N,가능,"기초지수 명시; 운용사·공식 출처 URL 존재; 자산군·투자대상 추출(채권/국내 채권 단기 등급미확인); taxonomy 완료: 상품명·기초지수·원천 분류 필드 기반 (active/passive token, FX token/default, concentration token/default)",
114470,KIWOOM 국고채3년,classified_derived,official_index,N,가능,"기초지수 명시; 운용사·공식 출처 URL 존재; 자산군·투자대상 추출(채권/국내 채권 단기 등급미확인); taxonomy 완료: 상품명·기초지수·원천 분류 필드 기반 (active/passive token, FX token/default, concentration token/default)",
114800,KODEX 인버스,classified_derived,official_index,N,불가,기초지수 명시; 운용사·공식 출처 URL 존재; 상품명 구조표시(inverse); 자산군·투자대상 추출(주식/국내 미확인 주식전략); taxonomy 완료: 상품명·기초지수·원천 분류 필드 기반 (FX token/default),
114820,TIGER 국채3년,classified_derived,official_index,N,가능,"기초지수 명시; 운용사·공식 출처 URL 존재; 자산군·투자대상 추출(채권/국내 국채 단기 등급미확인); taxonomy 완료: 상품명·기초지수·원천 분류 필드 기반 (active/passive token, FX token/default, concentration token/default)",
117690,TIGER 차이나항셍30,classified_derived,official_index,N,가능,"기초지수 명시; 운용사·공식 출처 URL 존재; 자산군·투자대상 추출(주식/중국 미확인 주식전략); taxonomy 완료: 상품명·기초지수·원천 분류 필드 기반 (active/passive token, payoff token/default, concentration token/default)",
122090,PLUS 코스피50,classified_derived,official_index,N,가능,"기초지수 명시; 운용사·공식 출처 URL 존재; 자산군·투자대상 추출(주식/국내 미확인 주식전략); taxonomy 완료: 상품명·기초지수·원천 분류 필드 기반 (active/passive token, payoff token/default, FX token/default, concentration token/default)",
122260,KIWOOM 통안채1년,conflict_resolved,conflict_resolved,N,가능,기초지수 명시; 운용사·공식 출처 URL 존재; 자산군·투자대상 추출(채권/국내 채권 초단기 등급미확인); 충돌 해소: 출처 우선순위와 구조 필드 기준,
122630,KODEX 레버리지,classified_derived,official_index,N,불가,기초지수 명시; 운용사·공식 출처 URL 존재; 상품명 구조표시(leveraged); 자산군·투자대상 추출(주식/국내 미확인 주식전략); taxonomy 완료: 상품명·기초지수·원천 분류 필드 기반 (FX token/default),
123310,TIGER 인버스,classified_derived,official_index,N,불가,기초지수 명시; 운용사·공식 출처 URL 존재; 상품명 구조표시(inverse); 자산군·투자대상 추출(주식/국내 미확인 주식전략); taxonomy 완료: 상품명·기초지수·원천 분류 필드 기반 (FX token/default),
123320,TIGER 레버리지,classified_derived,official_index,N,불가,기초지수 명시; 운용사·공식 출처 URL 존재; 상품명 구조표시(leveraged); 자산군·투자대상 추출(주식/국내 미확인 주식전략); taxonomy 완료: 상품명·기초지수·원천 분류 필드 기반 (FX token/default),
136340,RISE 중기우량회사채,classified_derived,official_index,N,가능,"기초지수 명시; 운용사·공식 출처 URL 존재; 자산군·투자대상 추출(채권/국내 회사채 중기 등급미확인); taxonomy 완료: 상품명·기초지수·원천 분류 필드 기반 (active/passive token, FX token/default, concentration token/default)",
139230,TIGER 200 중공업,classified_derived,official_index,N,가능,"기초지수 명시; 운용사·공식 출처 URL 존재; 자산군·투자대상 추출(주식/국내 미확인 주식전략); taxonomy 완료: 상품명·기초지수·원천 분류 필드 기반 (active/passive token, payoff token/default, FX token/default)",
139260,TIGER 200 IT,classified_derived,official_index,N,가능,"기초지수 명시; 운용사·공식 출처 URL 존재; 자산군·투자대상 추출(주식/국내 미확인 주식전략); taxonomy 완료: 상품명·기초지수·원천 분류 필드 기반 (active/passive token, payoff token/default, FX token/default)",
139280,TIGER 경기방어,classified_derived,official_index,N,가능,"기초지수 명시; 운용사·공식 출처 URL 존재; 자산군·투자대상 추출(주식/국내 미확인 주식전략); taxonomy 완료: 상품명·기초지수·원천 분류 필드 기반 (active/passive token, payoff token/default, FX token/default)",
139290,TIGER 200 경기소비재,classified_derived,official_index,N,가능,"기초지수 명시; 운용사·공식 출처 URL 존재; 자산군·투자대상 추출(주식/국내 미확인 주식전략); taxonomy 완료: 상품명·기초지수·원천 분류 필드 기반 (active/passive token, payoff token/default, FX token/default)",
140570,RISE 수출주,classified_derived,official_index,N,가능,"기초지수 명시; 운용사·공식 출처 URL 존재; 자산군·투자대상 추출(주식/국내 미확인 주식전략); taxonomy 완료: 상품명·기초지수·원천 분류 필드 기반 (active/passive token, payoff token/default, FX token/default, concentration token/default)",
140580,RISE 우량업종대표주,classified_derived,official_index,N,가능,"기초지수 명시; 운용사·공식 출처 URL 존재; 자산군·투자대상 추출(주식/국내 미확인 주식전략); taxonomy 완료: 상품명·기초지수·원천 분류 필드 기반 (active/passive token, payoff token/default, FX token/default, concentration token/default)",
140710,KODEX 운송,classified_derived,official_index,N,가능,"기초지수 명시; 운용사·공식 출처 URL 존재; 자산군·투자대상 추출(주식/국내 미확인 주식전략); taxonomy 완료: 상품명·기초지수·원천 분류 필드 기반 (active/passive token, payoff token/default, FX token/default, concentration token/default)",
140950,파워 코스피100,classified_derived,derived_master,N,,"기초지수 명시; 자산군·투자대상 추출(주식/국내 미확인 주식전략); taxonomy 완료: 상품명·기초지수·원천 분류 필드 기반 (active/passive token, payoff token/default, FX token/default)",
145670,ACE 인버스,classified_derived,official_index,N,불가,기초지수 명시; 운용사·공식 출처 URL 존재; 상품명 구조표시(inverse); 자산군·투자대상 추출(주식/국내 미확인 주식전략); taxonomy 완료: 상품명·기초지수·원천 분류 필드 기반 (FX token/default),
145850,TREX 펀더멘탈 200,classified_derived,derived_master,N,,"기초지수 명시; 자산군·투자대상 추출(주식/국내 미확인 주식전략); taxonomy 완료: 상품명·기초지수·원천 분류 필드 기반 (active/passive token, payoff token/default, FX token/default)",
148020,RISE 200,classified_derived,official_index,N,가능,"기초지수 명시; 운용사·공식 출처 URL 존재; 자산군·투자대상 추출(주식/국내 미확인 주식전략); taxonomy 완료: 상품명·기초지수·원천 분류 필드 기반 (active/passive token, payoff token/default, FX token/default)",
148070,KIWOOM 국고채10년,classified_derived,official_index,N,가능,"기초지수 명시; 운용사·공식 출처 URL 존재; 자산군·투자대상 추출(채권/국내 채권 장기 등급미확인); taxonomy 완료: 상품명·기초지수·원천 분류 필드 기반 (active/passive token, FX token/default, concentration token/default)",
150460,TIGER 중국소비테마,classified_derived,official_index,N,가능,"기초지수 명시; 운용사·공식 출처 URL 존재; 자산군·투자대상 추출(주식/국내 미확인 주식전략); taxonomy 완료: 상품명·기초지수·원천 분류 필드 기반 (active/passive token, payoff token/default, concentration token/default)",
152100,PLUS 200,classified_derived,official_index,N,가능,"기초지수 명시; 운용사·공식 출처 URL 존재; 자산군·투자대상 추출(주식/국내 미확인 주식전략); taxonomy 완료: 상품명·기초지수·원천 분류 필드 기반 (active/passive token, payoff token/default, FX token/default)",
152380,KODEX 국채선물10년,classified_derived,official_index,N,불가,"기초지수 명시; 운용사·공식 출처 URL 존재; 자산군·투자대상 추출(채권/국내 국채 장기 등급미확인); taxonomy 완료: 상품명·기초지수·원천 분류 필드 기반 (active/passive token, FX token/default, concentration token/default)",
152500,ACE 레버리지,classified_derived,official_index,N,불가,기초지수 명시; 운용사·공식 출처 URL 존재; 상품명 구조표시(leveraged); 자산군·투자대상 추출(주식/국내 미확인 주식전략); taxonomy 완료: 상품명·기초지수·원천 분류 필드 기반 (FX token/default),
152870,파워 200,classified_derived,derived_master,N,,"기초지수 명시; 자산군·투자대상 추출(주식/국내 미확인 주식전략); taxonomy 완료: 상품명·기초지수·원천 분류 필드 기반 (active/passive token, payoff token/default, FX token/default)",
153130,KODEX 단기채권,classified_derived,official_index,N,가능,"기초지수 명시; 운용사·공식 출처 URL 존재; 자산군·투자대상 추출(채권/국내 채권 단기 등급미확인); taxonomy 완료: 상품명·기초지수·원천 분류 필드 기반 (active/passive token, FX token/default, concentration token/default)",
153270,KIWOOM 코스피100,classified_derived,official_index,N,가능,"기초지수 명시; 운용사·공식 출처 URL 존재; 자산군·투자대상 추출(주식/국내 미확인 주식전략); taxonomy 완료: 상품명·기초지수·원천 분류 필드 기반 (active/passive token, payoff token/default, FX token/default)",
156080,KODEX MSCI Korea,classified_derived,official_index,N,가능,"기초지수 명시; 운용사·공식 출처 URL 존재; 자산군·투자대상 추출(주식/국내 미확인 주식전략); taxonomy 완료: 상품명·기초지수·원천 분류 필드 기반 (active/passive token, payoff token/default, FX token/default, concentration token/default)",
157450,TIGER 단기통안채,conflict_resolved,conflict_resolved,N,가능,기초지수 명시; 운용사·공식 출처 URL 존재; 자산군·투자대상 추출(채권/국내 채권 단기 등급미확인); 충돌 해소: 출처 우선순위와 구조 필드 기준,
157490,TIGER 소프트웨어,classified_derived,official_index,N,가능,"기초지수 명시; 운용사·공식 출처 URL 존재; 자산군·투자대상 추출(주식/국내 미확인 주식전략); taxonomy 완료: 상품명·기초지수·원천 분류 필드 기반 (active/passive token, payoff token/default, FX token/default, concentration token/default)",
159800,마이티 코스피100,classified_derived,derived_master,N,,"기초지수 명시; 자산군·투자대상 추출(주식/국내 미확인 주식전략); taxonomy 완료: 상품명·기초지수·원천 분류 필드 기반 (active/passive token, payoff token/default, FX token/default)",
166400,TIGER 200커버드콜OTM,classified_derived,official_index,N,가능,기초지수 명시; 운용사·공식 출처 URL 존재; 상품명 구조표시(covered_call); 자산군·투자대상 추출(주식/국내 미확인 주식전략); taxonomy 완료: 상품명·기초지수·원천 분류 필드 기반 (FX token/default),
167860,KIWOOM 국고채10년레버리지,classified_derived,official_index,N,불가,"기초지수 명시; 운용사·공식 출처 URL 존재; 상품명 구조표시(leveraged); 자산군·투자대상 추출(채권/국내 채권 장기 등급미확인); taxonomy 완료: 상품명·기초지수·원천 분류 필드 기반 (FX token/default, concentration token/default)",
168580,ACE 중국본토CSI300,classified_derived,official_index,N,가능,"기초지수 명시; 운용사·공식 출처 URL 존재; 자산군·투자대상 추출(주식/중국 미확인 주식전략); taxonomy 완료: 상품명·기초지수·원천 분류 필드 기반 (active/passive token, payoff token/default, concentration token/default)",
169950,KODEX 차이나A50,classified_derived,official_index,N,가능,"기초지수 명시; 운용사·공식 출처 URL 존재; 자산군·투자대상 추출(주식/중국 미확인 주식전략); taxonomy 완료: 상품명·기초지수·원천 분류 필드 기반 (active/passive token, payoff token/default, concentration token/default)",
174350,TIGER 로우볼,classified_derived,official_index,N,가능,"기초지수 명시; 운용사·공식 출처 URL 존재; 자산군·투자대상 추출(주식/국내 미확인 주식전략); taxonomy 완료: 상품명·기초지수·원천 분류 필드 기반 (active/passive token, payoff token/default, FX token/default, concentration token/default)",
176950,KODEX 국채선물10년인버스,classified_derived,official_index,N,불가,"기초지수 명시; 운용사·공식 출처 URL 존재; 상품명 구조표시(inverse); 자산군·투자대상 추출(채권/국내 국채 장기 등급미확인); taxonomy 완료: 상품명·기초지수·원천 분류 필드 기반 (FX token/default, concentration token/default)",
183700,RISE 200채권혼합50,classified_derived,official_index,N,가능,"기초지수 명시; 운용사·공식 출처 URL 존재; 자산군·투자대상 추출(채권/국내 채권 만기미확인 등급미확인); taxonomy 완료: 상품명·기초지수·원천 분류 필드 기반 (active/passive token, FX token/default)",
183710,RISE 주식혼합,classified_derived,official_index,N,가능,"기초지수 명시; 운용사·공식 출처 URL 존재; 자산군·투자대상 추출(채권/국내 국채 만기미확인 등급미확인); taxonomy 완료: 상품명·기초지수·원천 분류 필드 기반 (active/passive token, FX token/default, concentration token/default)",
185680,KODEX 미국S&P바이오(합성),conflict_resolved,conflict_resolved,N,가능,기초지수 명시; 운용사·공식 출처 URL 존재; 자산군·투자대상 추출(채권/미국 국채 만기미확인 등급미확인); 충돌 해소: 출처 우선순위와 구조 필드 기준,
189400,PLUS 글로벌MSCI(합성 H),classified_derived,official_index,N,가능,"기초지수 명시; 운용사·공식 출처 URL 존재; 자산군·투자대상 추출(주식/미국 미확인 주식전략); taxonomy 완료: 상품명·기초지수·원천 분류 필드 기반 (active/passive token, payoff token/default, concentration token/default)",
190620,ACE 단기통안채,conflict_resolved,conflict_resolved,N,가능,기초지수 명시; 운용사·공식 출처 URL 존재; 자산군·투자대상 추출(채권/국내 채권 단기 등급미확인); 충돌 해소: 출처 우선순위와 구조 필드 기준,
192090,TIGER 차이나CSI300,classified_derived,official_index,N,가능,"기초지수 명시; 운용사·공식 출처 URL 존재; 자산군·투자대상 추출(주식/중국 미확인 주식전략); taxonomy 완료: 상품명·기초지수·원천 분류 필드 기반 (active/passive token, payoff token/default, concentration token/default)",
195920,TIGER 일본TOPIX(합성 H),classified_derived,official_index,N,가능,"기초지수 명시; 운용사·공식 출처 URL 존재; 자산군·투자대상 추출(주식/일본 미확인 주식전략); taxonomy 완료: 상품명·기초지수·원천 분류 필드 기반 (active/passive token, payoff token/default, concentration token/default)",
195930,TIGER 유로스탁스50(합성 H),classified_derived,official_index,N,가능,"기초지수 명시; 운용사·공식 출처 URL 존재; 자산군·투자대상 추출(주식/유럽 미확인 주식전략); taxonomy 완료: 상품명·기초지수·원천 분류 필드 기반 (active/passive token, payoff token/default, concentration token/default)",
195970,PLUS 선진국MSCI(합성 H),classified_derived,official_index,N,가능,"기초지수 명시; 운용사·공식 출처 URL 존재; 자산군·투자대상 추출(주식/미국 미확인 주식전략); taxonomy 완료: 상품명·기초지수·원천 분류 필드 기반 (active/passive token, payoff token/default, concentration token/default)",
195980,PLUS 신흥국MSCI(합성 H),classified_derived,official_index,N,가능,"기초지수 명시; 운용사·공식 출처 URL 존재; 자산군·투자대상 추출(주식/미국 미확인 주식전략); taxonomy 완료: 상품명·기초지수·원천 분류 필드 기반 (active/passive token, payoff token/default, concentration token/default)",
196030,ACE 일본TOPIX레버리지(H),classified_derived,official_index,N,불가,기초지수 명시; 운용사·공식 출처 URL 존재; 상품명 구조표시(leveraged); 자산군·투자대상 추출(주식/일본 미확인 주식전략); taxonomy 완료: 상품명·기초지수·원천 분류 필드 기반 (concentration token/default),
196230,RISE 단기통안채,conflict_resolved,conflict_resolved,N,가능,기초지수 명시; 운용사·공식 출처 URL 존재; 자산군·투자대상 추출(채권/국내 채권 단기 등급미확인); 충돌 해소: 출처 우선순위와 구조 필드 기준,
200030,KODEX 미국S&P500산업재(합성),conflict_resolved,conflict_resolved,N,가능,기초지수 명시; 운용사·공식 출처 URL 존재; 자산군·투자대상 추출(채권/미국 국채 만기미확인 등급미확인); 충돌 해소: 출처 우선순위와 구조 필드 기준,
200250,KIWOOM 인도Nifty50(합성),classified_derived,official_index,N,가능,"기초지수 명시; 운용사·공식 출처 URL 존재; 자산군·투자대상 추출(주식/인도 미확인 주식전략); taxonomy 완료: 상품명·기초지수·원천 분류 필드 기반 (active/passive token, payoff token/default, concentration token/default)",
204450,KODEX 차이나H레버리지(H),classified_derived,official_index,N,불가,기초지수 명시; 운용사·공식 출처 URL 존재; 상품명 구조표시(leveraged); 자산군·투자대상 추출(주식/중국 미확인 주식전략); taxonomy 완료: 상품명·기초지수·원천 분류 필드 기반 (concentration token/default),
204480,TIGER 차이나CSI300레버리지(합성),classified_derived,official_index,N,불가,기초지수 명시; 운용사·공식 출처 URL 존재; 상품명 구조표시(leveraged); 자산군·투자대상 추출(주식/중국 미확인 주식전략); taxonomy 완료: 상품명·기초지수·원천 분류 필드 기반 (concentration token/default),
205720,ACE 일본TOPIX인버스(합성 H),classified_derived,official_index,N,불가,기초지수 명시; 운용사·공식 출처 URL 존재; 상품명 구조표시(inverse); 자산군·투자대상 추출(주식/일본 미확인 주식전략); taxonomy 완료: 상품명·기초지수·원천 분류 필드 기반 (concentration token/default),
214980,KODEX 단기채권PLUS,classified_derived,official_index,N,가능,"기초지수 명시; 운용사·공식 출처 URL 존재; 자산군·투자대상 추출(채권/국내 채권 단기 등급미확인); taxonomy 완료: 상품명·기초지수·원천 분류 필드 기반 (active/passive token, FX token/default, concentration token/default)",
217780,TIGER 차이나CSI300인버스(합성),classified_derived,official_index,N,불가,기초지수 명시; 운용사·공식 출처 URL 존재; 상품명 구조표시(inverse); 자산군·투자대상 추출(주식/중국 미확인 주식전략); taxonomy 완료: 상품명·기초지수·원천 분류 필드 기반 (concentration token/default),
219390,RISE 미국S&P원유생산기업(합성 H),conflict_resolved,conflict_resolved,N,가능,기초지수 명시; 운용사·공식 출처 URL 존재; 자산군·투자대상 추출(채권/미국 국채 만기미확인 등급미확인); 충돌 해소: 출처 우선순위와 구조 필드 기준,
219900,ACE 중국본토CSI300레버리지(합성),classified_derived,official_index,N,불가,기초지수 명시; 운용사·공식 출처 URL 존재; 상품명 구조표시(leveraged); 자산군·투자대상 추출(주식/중국 미확인 주식전략); taxonomy 완료: 상품명·기초지수·원천 분류 필드 기반 (concentration token/default),
220130,SOL 차이나강소기업CSI500(합성 H),classified_derived,official_index,N,가능,"기초지수 명시; 운용사·공식 출처 URL 존재; 자산군·투자대상 추출(주식/중국 미확인 주식전략); taxonomy 완료: 상품명·기초지수·원천 분류 필드 기반 (active/passive token, payoff token/default)",
225050,TIGER 유로스탁스레버리지(합성 H),classified_derived,official_index,N,불가,기초지수 명시; 운용사·공식 출처 URL 존재; 상품명 구조표시(leveraged); 자산군·투자대상 추출(주식/유럽 미확인 주식전략); taxonomy 완료: 상품명·기초지수·원천 분류 필드 기반 (concentration token/default),
225060,TIGER 이머징마켓MSCI레버리지(합성 H),classified_derived,official_index,N,불가,기초지수 명시; 운용사·공식 출처 URL 존재; 상품명 구조표시(leveraged); 자산군·투자대상 추출(주식/글로벌 미확인 주식전략); taxonomy 완료: 상품명·기초지수·원천 분류 필드 기반 (concentration token/default),
226490,KODEX 코스피,classified_derived,official_index,N,가능,"기초지수 명시; 운용사·공식 출처 URL 존재; 자산군·투자대상 추출(주식/국내 미확인 주식전략); taxonomy 완료: 상품명·기초지수·원천 분류 필드 기반 (active/passive token, payoff token/default, FX token/default, concentration token/default)",
227550,TIGER 200 산업재,classified_derived,official_index,N,가능,"기초지수 명시; 운용사·공식 출처 URL 존재; 자산군·투자대상 추출(주식/국내 미확인 주식전략); taxonomy 완료: 상품명·기초지수·원천 분류 필드 기반 (active/passive token, payoff token/default, FX token/default)",
227560,TIGER 200 생활소비재,classified_derived,official_index,N,가능,"기초지수 명시; 운용사·공식 출처 URL 존재; 자산군·투자대상 추출(주식/국내 미확인 주식전략); taxonomy 완료: 상품명·기초지수·원천 분류 필드 기반 (active/passive token, payoff token/default, FX token/default)",
227830,PLUS 코스피,classified_derived,official_index,N,가능,"기초지수 명시; 운용사·공식 출처 URL 존재; 자산군·투자대상 추출(주식/국내 미확인 주식전략); taxonomy 완료: 상품명·기초지수·원천 분류 필드 기반 (active/passive token, payoff token/default, FX token/default, concentration token/default)",
228800,TIGER 여행레저,classified_derived,official_index,N,가능,"기초지수 명시; 운용사·공식 출처 URL 존재; 자산군·투자대상 추출(주식/국내 미확인 주식전략); taxonomy 완료: 상품명·기초지수·원천 분류 필드 기반 (active/passive token, payoff token/default, FX token/default, concentration token/default)",
228820,TIGER KTOP30,classified_derived,official_index,N,가능,"기초지수 명시; 운용사·공식 출처 URL 존재; 자산군·투자대상 추출(주식/국내 미확인 주식전략); taxonomy 완료: 상품명·기초지수·원천 분류 필드 기반 (active/passive token, payoff token/default, FX token/default)",
229200,KODEX 코스닥150,classified_derived,official_index,N,가능,"기초지수 명시; 운용사·공식 출처 URL 존재; 자산군·투자대상 추출(주식/국내 미확인 주식전략); taxonomy 완료: 상품명·기초지수·원천 분류 필드 기반 (active/passive token, payoff token/default, FX token/default, concentration token/default)",
229720,KODEX KTOP30,classified_derived,official_index,N,가능,"기초지수 명시; 운용사·공식 출처 URL 존재; 자산군·투자대상 추출(주식/국내 미확인 주식전략); taxonomy 완료: 상품명·기초지수·원천 분류 필드 기반 (active/passive token, payoff token/default, FX token/default)",
232080,TIGER 코스닥150,classified_derived,official_index,N,가능,"기초지수 명시; 운용사·공식 출처 URL 존재; 자산군·투자대상 추출(주식/국내 미확인 주식전략); taxonomy 완료: 상품명·기초지수·원천 분류 필드 기반 (active/passive token, payoff token/default, FX token/default, concentration token/default)",
233160,TIGER 코스닥150 레버리지,classified_derived,official_index,N,불가,"기초지수 명시; 운용사·공식 출처 URL 존재; 상품명 구조표시(leveraged); 자산군·투자대상 추출(주식/국내 미확인 주식전략); taxonomy 완료: 상품명·기초지수·원천 분류 필드 기반 (FX token/default, concentration token/default)",
233740,KODEX 코스닥150레버리지,classified_derived,official_index,N,불가,"기초지수 명시; 운용사·공식 출처 URL 존재; 상품명 구조표시(leveraged); 자산군·투자대상 추출(주식/국내 미확인 주식전략); taxonomy 완료: 상품명·기초지수·원천 분류 필드 기반 (FX token/default, concentration token/default)",
234310,RISE V&S셀렉트밸류,classified_derived,official_index,N,가능,"기초지수 명시; 운용사·공식 출처 URL 존재; 자산군·투자대상 추출(주식/국내 미확인 주식전략); taxonomy 완료: 상품명·기초지수·원천 분류 필드 기반 (active/passive token, payoff token/default, FX token/default, concentration token/default)",
236350,TIGER 인도니프티50레버리지(합성),classified_derived,official_index,N,불가,기초지수 명시; 운용사·공식 출처 URL 존재; 상품명 구조표시(leveraged); 자산군·투자대상 추출(주식/인도 미확인 주식전략); taxonomy 완료: 상품명·기초지수·원천 분류 필드 기반 (concentration token/default),
237350,KODEX 코스피100,classified_derived,official_index,N,가능,"기초지수 명시; 운용사·공식 출처 URL 존재; 자산군·투자대상 추출(주식/국내 미확인 주식전략); taxonomy 완료: 상품명·기초지수·원천 분류 필드 기반 (active/passive token, payoff token/default, FX token/default)",
237370,KODEX 코리아배당성장채권혼합,classified_derived,official_index,N,가능,"기초지수 명시; 운용사·공식 출처 URL 존재; 자산군·투자대상 추출(채권/국내 채권 만기미확인 등급미확인); taxonomy 완료: 상품명·기초지수·원천 분류 필드 기반 (active/passive token, FX token/default, concentration token/default)",
237440,TIGER 경기방어채권혼합,classified_derived,official_index,N,가능,"기초지수 명시; 운용사·공식 출처 URL 존재; 자산군·투자대상 추출(채권/국내 채권 만기미확인 등급미확인); taxonomy 완료: 상품명·기초지수·원천 분류 필드 기반 (active/passive token, FX token/default, concentration token/default)",
238670,PLUS 스마트베타Quality채권혼합,classified_derived,official_index,N,가능,"기초지수 명시; 운용사·공식 출처 URL 존재; 자산군·투자대상 추출(채권/국내 채권 만기미확인 등급미확인); taxonomy 완료: 상품명·기초지수·원천 분류 필드 기반 (active/passive token, FX token/default, concentration token/default)",
238720,ACE 일본Nikkei225(H),classified_derived,official_index,N,가능,"기초지수 명시; 운용사·공식 출처 URL 존재; 자산군·투자대상 추출(주식/일본 미확인 주식전략); taxonomy 완료: 상품명·기초지수·원천 분류 필드 기반 (active/passive token, payoff token/default, concentration token/default)",
239660,PLUS 우량회사채50,classified_derived,official_index,N,가능,"기초지수 명시; 운용사·공식 출처 URL 존재; 자산군·투자대상 추출(채권/국내 회사채 만기미확인 등급미확인); taxonomy 완료: 상품명·기초지수·원천 분류 필드 기반 (active/passive token, FX token/default, concentration token/default)",
241180,TIGER 일본니케이225,classified_derived,official_index,N,가능,"기초지수 명시; 운용사·공식 출처 URL 존재; 자산군·투자대상 추출(주식/일본 미확인 주식전략); taxonomy 완료: 상품명·기초지수·원천 분류 필드 기반 (active/passive token, payoff token/default, concentration token/default)",
241390,RISE V&S셀렉트밸류채권혼합,classified_derived,official_index,N,가능,"기초지수 명시; 운용사·공식 출처 URL 존재; 자산군·투자대상 추출(채권/국내 채권 만기미확인 등급미확인); taxonomy 완료: 상품명·기초지수·원천 분류 필드 기반 (active/passive token, FX token/default, concentration token/default)",
243880,TIGER 200IT레버리지,classified_derived,official_index,N,불가,기초지수 명시; 운용사·공식 출처 URL 존재; 상품명 구조표시(leveraged); 자산군·투자대상 추출(주식/국내 미확인 주식전략); taxonomy 완료: 상품명·기초지수·원천 분류 필드 기반 (FX token/default),
244670,KODEX 밸류Plus,classified_derived,official_index,N,가능,"기초지수 명시; 운용사·공식 출처 URL 존재; 자산군·투자대상 추출(주식/국내 미확인 주식전략); taxonomy 완료: 상품명·기초지수·원천 분류 필드 기반 (active/passive token, payoff token/default, FX token/default, concentration token/default)",
245340,TIGER 미국다우존스30,conflict_resolved,conflict_resolved,N,가능,기초지수 명시; 운용사·공식 출처 URL 존재; 자산군·투자대상 추출(채권/미국 국채 만기미확인 등급미확인); 충돌 해소: 출처 우선순위와 구조 필드 기준,
245360,TIGER 차이나HSCEI,classified_derived,official_index,N,가능,"기초지수 명시; 운용사·공식 출처 URL 존재; 자산군·투자대상 추출(주식/중국 미확인 주식전략); taxonomy 완료: 상품명·기초지수·원천 분류 필드 기반 (active/passive token, payoff token/default, concentration token/default)",
245710,ACE 베트남VN30(합성),classified_derived,official_index,N,가능,"기초지수 명시; 운용사·공식 출처 URL 존재; 자산군·투자대상 추출(주식/기타국가 미확인 주식전략); taxonomy 완료: 상품명·기초지수·원천 분류 필드 기반 (active/passive token, payoff token/default, concentration token/default)",
250730,RISE 차이나HSCEI(H),classified_derived,official_index,N,가능,"기초지수 명시; 운용사·공식 출처 URL 존재; 자산군·투자대상 추출(주식/중국 미확인 주식전략); taxonomy 완료: 상품명·기초지수·원천 분류 필드 기반 (active/passive token, payoff token/default, concentration token/default)",
250780,TIGER 코스닥150선물인버스,classified_derived,official_index,N,불가,"기초지수 명시; 운용사·공식 출처 URL 존재; 상품명 구조표시(inverse); 자산군·투자대상 추출(주식/국내 미확인 주식전략); taxonomy 완료: 상품명·기초지수·원천 분류 필드 기반 (FX token/default, concentration token/default)",
251340,KODEX 코스닥150선물인버스,classified_derived,official_index,N,불가,"기초지수 명시; 운용사·공식 출처 URL 존재; 상품명 구조표시(inverse); 자산군·투자대상 추출(주식/국내 미확인 주식전략); taxonomy 완료: 상품명·기초지수·원천 분류 필드 기반 (FX token/default, concentration token/default)",
251350,KODEX MSCI선진국,classified_derived,official_index,N,가능,"기초지수 명시; 운용사·공식 출처 URL 존재; 자산군·투자대상 추출(주식/글로벌 미확인 주식전략); taxonomy 완료: 상품명·기초지수·원천 분류 필드 기반 (active/passive token, payoff token/default, concentration token/default)",
251600,PLUS 고배당주채권혼합,classified_derived,official_index,N,가능,"기초지수 명시; 운용사·공식 출처 URL 존재; 자산군·투자대상 추출(채권/국내 채권 만기미확인 등급미확인); taxonomy 완료: 상품명·기초지수·원천 분류 필드 기반 (active/passive token, FX token/default, concentration token/default)",
252000,TIGER 200동일가중,classified_derived,official_index,N,가능,"기초지수 명시; 운용사·공식 출처 URL 존재; 자산군·투자대상 추출(주식/국내 미확인 주식전략); taxonomy 완료: 상품명·기초지수·원천 분류 필드 기반 (active/passive token, payoff token/default, FX token/default)",
252400,RISE 200선물레버리지,classified_derived,official_index,N,불가,기초지수 명시; 운용사·공식 출처 URL 존재; 상품명 구조표시(leveraged); 자산군·투자대상 추출(주식/국내 미확인 주식전략); taxonomy 완료: 상품명·기초지수·원천 분류 필드 기반 (FX token/default),
252410,RISE 200선물인버스,classified_derived,official_index,N,불가,기초지수 명시; 운용사·공식 출처 URL 존재; 상품명 구조표시(inverse); 자산군·투자대상 추출(주식/국내 미확인 주식전략); taxonomy 완료: 상품명·기초지수·원천 분류 필드 기반 (FX token/default),
252420,RISE 200선물인버스2X,classified_derived,official_index,N,불가,기초지수 명시; 운용사·공식 출처 URL 존재; 상품명 구조표시(inverse); 자산군·투자대상 추출(주식/국내 미확인 주식전략); taxonomy 완료: 상품명·기초지수·원천 분류 필드 기반 (FX token/default),
252650,KODEX 200동일가중,classified_derived,official_index,N,가능,"기초지수 명시; 운용사·공식 출처 URL 존재; 자산군·투자대상 추출(주식/국내 미확인 주식전략); taxonomy 완료: 상품명·기초지수·원천 분류 필드 기반 (active/passive token, payoff token/default, FX token/default)",
252670,KODEX 200선물인버스2X,classified_derived,official_index,N,불가,기초지수 명시; 운용사·공식 출처 URL 존재; 상품명 구조표시(inverse); 자산군·투자대상 추출(주식/국내 미확인 주식전략); taxonomy 완료: 상품명·기초지수·원천 분류 필드 기반 (FX token/default),
252710,TIGER 200선물인버스2X,classified_derived,official_index,N,불가,기초지수 명시; 운용사·공식 출처 URL 존재; 상품명 구조표시(inverse); 자산군·투자대상 추출(주식/국내 미확인 주식전략); taxonomy 완료: 상품명·기초지수·원천 분류 필드 기반 (FX token/default),
253150,PLUS 200선물레버리지,classified_derived,official_index,N,불가,기초지수 명시; 운용사·공식 출처 URL 존재; 상품명 구조표시(leveraged); 자산군·투자대상 추출(주식/국내 미확인 주식전략); taxonomy 완료: 상품명·기초지수·원천 분류 필드 기반 (FX token/default),
253160,PLUS 200선물인버스2X,classified_derived,official_index,N,불가,기초지수 명시; 운용사·공식 출처 URL 존재; 상품명 구조표시(inverse); 자산군·투자대상 추출(주식/국내 미확인 주식전략); taxonomy 완료: 상품명·기초지수·원천 분류 필드 기반 (FX token/default),
253230,KIWOOM 200선물인버스2X,classified_derived,official_index,N,불가,기초지수 명시; 운용사·공식 출처 URL 존재; 상품명 구조표시(inverse); 자산군·투자대상 추출(주식/국내 미확인 주식전략); taxonomy 완료: 상품명·기초지수·원천 분류 필드 기반 (FX token/default),
253240,KIWOOM 200선물인버스,classified_derived,official_index,N,불가,기초지수 명시; 운용사·공식 출처 URL 존재; 상품명 구조표시(inverse); 자산군·투자대상 추출(주식/국내 미확인 주식전략); taxonomy 완료: 상품명·기초지수·원천 분류 필드 기반 (FX token/default),
253250,KIWOOM 200선물레버리지,classified_derived,official_index,N,불가,기초지수 명시; 운용사·공식 출처 URL 존재; 상품명 구조표시(leveraged); 자산군·투자대상 추출(주식/국내 미확인 주식전략); taxonomy 완료: 상품명·기초지수·원천 분류 필드 기반 (FX token/default),
253290,RISE 헬스케어채권혼합,classified_derived,official_index,N,가능,"기초지수 명시; 운용사·공식 출처 URL 존재; 자산군·투자대상 추출(채권/국내 채권 만기미확인 등급미확인); taxonomy 완료: 상품명·기초지수·원천 분류 필드 기반 (active/passive token, FX token/default, concentration token/default)",
256440,ACE MSCI인도네시아(합성),classified_derived,official_index,N,가능,"기초지수 명시; 운용사·공식 출처 URL 존재; 자산군·투자대상 추출(주식/인도 미확인 주식전략); taxonomy 완료: 상품명·기초지수·원천 분류 필드 기반 (active/passive token, payoff token/default, concentration token/default)",
256450,PLUS 심천차이넥스트(합성),classified_derived,official_index,N,가능,"기초지수 명시; 운용사·공식 출처 URL 존재; 자산군·투자대상 추출(주식/미국 미확인 주식전략); taxonomy 완료: 상품명·기초지수·원천 분류 필드 기반 (active/passive token, payoff token/default, concentration token/default)",
256750,KODEX 차이나심천ChiNext(합성),classified_derived,official_index,N,가능,"기초지수 명시; 운용사·공식 출처 URL 존재; 자산군·투자대상 추출(주식/중국 미확인 주식전략); taxonomy 완료: 상품명·기초지수·원천 분류 필드 기반 (active/passive token, payoff token/default, concentration token/default)",
261060,TIGER 코스닥150IT,classified_derived,official_index,N,가능,"기초지수 명시; 운용사·공식 출처 URL 존재; 자산군·투자대상 추출(주식/국내 미확인 주식전략); taxonomy 완료: 상품명·기초지수·원천 분류 필드 기반 (active/passive token, payoff token/default, FX token/default, concentration token/default)",
261140,TIGER 우선주,classified_derived,official_index,N,가능,"기초지수 명시; 운용사·공식 출처 URL 존재; 자산군·투자대상 추출(주식/국내 미확인 주식전략); taxonomy 완료: 상품명·기초지수·원천 분류 필드 기반 (active/passive token, payoff token/default, FX token/default, concentration token/default)",
261920,ACE MSCI필리핀(합성),classified_derived,official_index,N,가능,"기초지수 명시; 운용사·공식 출처 URL 존재; 자산군·투자대상 추출(주식/기타국가 미확인 주식전략); taxonomy 완료: 상품명·기초지수·원천 분류 필드 기반 (active/passive token, payoff token/default, concentration token/default)",
265690,ACE 러시아MSCI(합성),classified_derived,official_index,N,가능,"기초지수 명시; 운용사·공식 출처 URL 존재; 자산군·투자대상 추출(주식/기타국가 미확인 주식전략); taxonomy 완료: 상품명·기초지수·원천 분류 필드 기반 (active/passive token, payoff token/default, concentration token/default)",
266360,KODEX K콘텐츠,classified_derived,official_index,N,가능,"기초지수 명시; 운용사·공식 출처 URL 존재; 자산군·투자대상 추출(주식/국내 미확인 주식전략); taxonomy 완료: 상품명·기초지수·원천 분류 필드 기반 (active/passive token, payoff token/default, FX token/default, concentration token/default)",
266370,KODEX IT,classified_derived,official_index,N,가능,"기초지수 명시; 운용사·공식 출처 URL 존재; 자산군·투자대상 추출(주식/국내 미확인 주식전략); taxonomy 완료: 상품명·기초지수·원천 분류 필드 기반 (active/passive token, payoff token/default, FX token/default, concentration token/default)",
266390,KODEX 경기소비재,classified_derived,official_index,N,가능,"기초지수 명시; 운용사·공식 출처 URL 존재; 자산군·투자대상 추출(주식/국내 미확인 주식전략); taxonomy 완료: 상품명·기초지수·원천 분류 필드 기반 (active/passive token, payoff token/default, FX token/default, concentration token/default)",
266410,KODEX 필수소비재,classified_derived,official_index,N,가능,"기초지수 명시; 운용사·공식 출처 URL 존재; 자산군·투자대상 추출(주식/국내 미확인 주식전략); taxonomy 완료: 상품명·기초지수·원천 분류 필드 기반 (active/passive token, payoff token/default, FX token/default, concentration token/default)",
267440,RISE 미국장기국채선물(H),classified_derived,official_index,N,불가,"기초지수 명시; 운용사·공식 출처 URL 존재; 자산군·투자대상 추출(채권/미국 국채 장기 등급미확인); taxonomy 완료: 상품명·기초지수·원천 분류 필드 기반 (active/passive token, concentration token/default)",
267450,RISE 미국장기국채선물인버스(H),classified_derived,official_index,N,불가,기초지수 명시; 운용사·공식 출처 URL 존재; 상품명 구조표시(inverse); 자산군·투자대상 추출(채권/미국 국채 장기 등급미확인); taxonomy 완료: 상품명·기초지수·원천 분류 필드 기반 (concentration token/default),
267490,RISE 미국장기국채선물레버리지(합성 H),classified_derived,official_index,N,불가,기초지수 명시; 운용사·공식 출처 URL 존재; 상품명 구조표시(leveraged); 자산군·투자대상 추출(채권/미국 국채 장기 등급미확인); taxonomy 완료: 상품명·기초지수·원천 분류 필드 기반 (concentration token/default),
267770,TIGER 200선물레버리지,classified_derived,official_index,N,불가,기초지수 명시; 운용사·공식 출처 URL 존재; 상품명 구조표시(leveraged); 자산군·투자대상 추출(주식/국내 미확인 주식전략); taxonomy 완료: 상품명·기초지수·원천 분류 필드 기반 (FX token/default),
270810,RISE 코스닥150,classified_derived,official_index,N,가능,"기초지수 명시; 운용사·공식 출처 URL 존재; 자산군·투자대상 추출(주식/국내 미확인 주식전략); taxonomy 완료: 상품명·기초지수·원천 분류 필드 기반 (active/passive token, payoff token/default, FX token/default, concentration token/default)",
272560,RISE 단기국공채액티브,classified_derived,official_index,N,가능,"기초지수 명시; 운용사·공식 출처 URL 존재; 자산군·투자대상 추출(채권/국내 채권 단기 등급미확인); taxonomy 완료: 상품명·기초지수·원천 분류 필드 기반 (active/passive token, FX token/default, concentration token/default)",
272570,RISE 중장기국공채액티브,classified_derived,official_index,N,가능,"기초지수 명시; 운용사·공식 출처 URL 존재; 자산군·투자대상 추출(채권/국내 채권 중기 등급미확인); taxonomy 완료: 상품명·기초지수·원천 분류 필드 기반 (active/passive token, FX token/default, concentration token/default)",
272580,TIGER 단기채권액티브,classified_derived,official_index,N,가능,"기초지수 명시; 운용사·공식 출처 URL 존재; 자산군·투자대상 추출(채권/국내 채권 단기 등급미확인); taxonomy 완료: 상품명·기초지수·원천 분류 필드 기반 (active/passive token, FX token/default, concentration token/default)",
272910,ACE 중장기국공채액티브,classified_derived,official_index,N,가능,"기초지수 명시; 운용사·공식 출처 URL 존재; 자산군·투자대상 추출(채권/국내 채권 장기 등급미확인); taxonomy 완료: 상품명·기초지수·원천 분류 필드 기반 (active/passive token, FX token/default, concentration token/default)",
273130,KODEX 종합채권(AA-이상)액티브,classified_derived,official_index,N,가능,"기초지수 명시; 운용사·공식 출처 URL 존재; 자산군·투자대상 추출(채권/국내 채권 만기미확인 AA); taxonomy 완료: 상품명·기초지수·원천 분류 필드 기반 (active/passive token, FX token/default, concentration token/default)",
273140,KODEX 단기변동금리부채권액티브,classified_derived,official_index,N,가능,"기초지수 명시; 운용사·공식 출처 URL 존재; 자산군·투자대상 추출(채권/국내 채권 단기 등급미확인); taxonomy 완료: 상품명·기초지수·원천 분류 필드 기반 (active/passive token, FX token/default, concentration token/default)",
275750,RISE 코스닥150선물인버스,classified_derived,official_index,N,불가,"기초지수 명시; 운용사·공식 출처 URL 존재; 상품명 구조표시(inverse); 자산군·투자대상 추출(주식/국내 미확인 주식전략); taxonomy 완료: 상품명·기초지수·원천 분류 필드 기반 (FX token/default, concentration token/default)",
275980,TIGER 글로벌4차산업혁신기술(합성 H),classified_derived,official_index,N,가능,"기초지수 명시; 운용사·공식 출처 URL 존재; 자산군·투자대상 추출(주식/글로벌 미확인 주식전략); taxonomy 완료: 상품명·기초지수·원천 분류 필드 기반 (active/passive token, payoff token/default, concentration token/default)",
276000,TIGER 글로벌자원생산기업(합성 H),classified_derived,official_index,N,가능,"기초지수 명시; 운용사·공식 출처 URL 존재; 자산군·투자대상 추출(주식/글로벌 미확인 주식전략); taxonomy 완료: 상품명·기초지수·원천 분류 필드 기반 (active/passive token, payoff token/default, concentration token/default)",
276650,RISE 글로벌테크놀로지(합성 H),classified_derived,official_index,N,가능,"기초지수 명시; 운용사·공식 출처 URL 존재; 자산군·투자대상 추출(주식/미국 미확인 주식전략); taxonomy 완료: 상품명·기초지수·원천 분류 필드 기반 (active/passive token, payoff token/default)",
277540,ACE 아시아TOP50,classified_derived,official_index,N,가능,"기초지수 명시; 운용사·공식 출처 URL 존재; 자산군·투자대상 추출(주식/미국 미확인 주식전략); taxonomy 완료: 상품명·기초지수·원천 분류 필드 기반 (active/passive token, payoff token/default)",
277630,TIGER 코스피,classified_derived,official_index,N,가능,"기초지수 명시; 운용사·공식 출처 URL 존재; 자산군·투자대상 추출(주식/국내 미확인 주식전략); taxonomy 완료: 상품명·기초지수·원천 분류 필드 기반 (active/passive token, payoff token/default, FX token/default, concentration token/default)",
277650,TIGER 코스피중형주,classified_derived,official_index,N,가능,"기초지수 명시; 운용사·공식 출처 URL 존재; 자산군·투자대상 추출(주식/국내 미확인 주식전략); taxonomy 완료: 상품명·기초지수·원천 분류 필드 기반 (active/passive token, payoff token/default, FX token/default, concentration token/default)",
278240,RISE 코스닥150선물레버리지,classified_derived,official_index,N,불가,"기초지수 명시; 운용사·공식 출처 URL 존재; 상품명 구조표시(leveraged); 자산군·투자대상 추출(주식/국내 미확인 주식전략); taxonomy 완료: 상품명·기초지수·원천 분류 필드 기반 (FX token/default, concentration token/default)",
278530,KODEX 200TR,classified_derived,official_index,N,가능,"기초지수 명시; 운용사·공식 출처 URL 존재; 자산군·투자대상 추출(주식/국내 미확인 주식전략); taxonomy 완료: 상품명·기초지수·원천 분류 필드 기반 (active/passive token, payoff token/default, FX token/default)",
278540,KODEX MSCI Korea TR,classified_derived,official_index,N,가능,"기초지수 명시; 운용사·공식 출처 URL 존재; 자산군·투자대상 추출(주식/국내 미확인 주식전략); taxonomy 완료: 상품명·기초지수·원천 분류 필드 기반 (active/passive token, payoff token/default, FX token/default, concentration token/default)",
278620,PLUS 단기채권액티브,classified_derived,official_index,N,가능,"기초지수 명시; 운용사·공식 출처 URL 존재; 자산군·투자대상 추출(채권/국내 채권 초단기 등급미확인); taxonomy 완료: 상품명·기초지수·원천 분류 필드 기반 (active/passive token, FX token/default, concentration token/default)",
279540,KODEX 최소변동성,classified_derived,official_index,N,가능,"기초지수 명시; 운용사·공식 출처 URL 존재; 자산군·투자대상 추출(주식/국내 미확인 주식전략); taxonomy 완료: 상품명·기초지수·원천 분류 필드 기반 (active/passive token, payoff token/default, FX token/default, concentration token/default)",
280320,ACE 미국IT인터넷(합성 H),classified_derived,official_index,N,가능,"기초지수 명시; 운용사·공식 출처 URL 존재; 자산군·투자대상 추출(주식/미국 미확인 주식전략); taxonomy 완료: 상품명·기초지수·원천 분류 필드 기반 (active/passive token, payoff token/default, concentration token/default)",
280920,PLUS 주도업종,classified_derived,official_index,N,가능,"기초지수 명시; 운용사·공식 출처 URL 존재; 자산군·투자대상 추출(주식/국내 미확인 주식전략); taxonomy 완료: 상품명·기초지수·원천 분류 필드 기반 (active/passive token, payoff token/default, FX token/default, concentration token/default)",
280930,KODEX 미국러셀2000(H),classified_derived,official_index,N,불가,"기초지수 명시; 운용사·공식 출처 URL 존재; 자산군·투자대상 추출(주식/미국 미확인 주식전략); taxonomy 완료: 상품명·기초지수·원천 분류 필드 기반 (active/passive token, payoff token/default)",
282000,RISE 국고채3년선물인버스,classified_derived,official_index,N,불가,"기초지수 명시; 운용사·공식 출처 URL 존재; 상품명 구조표시(inverse); 자산군·투자대상 추출(채권/국내 국채 단기 등급미확인); taxonomy 완료: 상품명·기초지수·원천 분류 필드 기반 (FX token/default, concentration token/default)",
283580,KODEX 차이나CSI300,classified_derived,official_index,N,가능,"기초지수 명시; 운용사·공식 출처 URL 존재; 자산군·투자대상 추출(주식/중국 미확인 주식전략); taxonomy 완료: 상품명·기초지수·원천 분류 필드 기반 (active/passive token, payoff token/default, concentration token/default)",
284430,KODEX 200미국채혼합50,classified_derived,official_index,N,가능,기초지수 명시; 운용사·공식 출처 URL 존재; 자산군·투자대상 추출(채권/국내 국채 만기미확인 등급미확인); taxonomy 완료: 상품명·기초지수·원천 분류 필드 기반 (active/passive token),
285690,FOCUS ESG리더스,classified_derived,derived_master,N,,"기초지수 명시; 자산군·투자대상 추출(주식/국내 미확인 주식전략); taxonomy 완료: 상품명·기초지수·원천 분류 필드 기반 (active/passive token, payoff token/default, FX token/default, concentration token/default)",
289040,KODEX MSCI KOREA ESG유니버설,classified_derived,official_index,N,가능,"기초지수 명시; 운용사·공식 출처 URL 존재; 자산군·투자대상 추출(주식/국내 미확인 주식전략); taxonomy 완료: 상품명·기초지수·원천 분류 필드 기반 (active/passive token, payoff token/default, FX token/default, concentration token/default)",
289250,TIGER MSCI KOREA ESG유니버설,classified_derived,official_index,N,가능,"기초지수 명시; 운용사·공식 출처 URL 존재; 자산군·투자대상 추출(주식/국내 미확인 주식전략); taxonomy 완료: 상품명·기초지수·원천 분류 필드 기반 (active/passive token, payoff token/default, FX token/default, concentration token/default)",
289260,TIGER MSCI KOREA ESG리더스,classified_derived,official_index,N,가능,"기초지수 명시; 운용사·공식 출처 URL 존재; 자산군·투자대상 추출(주식/국내 미확인 주식전략); taxonomy 완료: 상품명·기초지수·원천 분류 필드 기반 (active/passive token, payoff token/default, FX token/default, concentration token/default)",
289480,TIGER 200커버드콜,classified_derived,official_index,N,가능,기초지수 명시; 운용사·공식 출처 URL 존재; 상품명 구조표시(covered_call); 자산군·투자대상 추출(주식/국내 미확인 주식전략); taxonomy 완료: 상품명·기초지수·원천 분류 필드 기반 (FX token/default),
289670,PLUS 국채선물10년,classified_derived,official_index,N,불가,"기초지수 명시; 운용사·공식 출처 URL 존재; 자산군·투자대상 추출(채권/국내 국채 장기 등급미확인); taxonomy 완료: 상품명·기초지수·원천 분류 필드 기반 (active/passive token, FX token/default, concentration token/default)",
290130,RISE ESG사회책임투자,classified_derived,official_index,N,가능,"기초지수 명시; 운용사·공식 출처 URL 존재; 자산군·투자대상 추출(주식/국내 미확인 주식전략); taxonomy 완료: 상품명·기초지수·원천 분류 필드 기반 (active/passive token, payoff token/default, FX token/default, concentration token/default)",
291130,ACE MSCI멕시코(합성),classified_derived,official_index,N,가능,"기초지수 명시; 운용사·공식 출처 URL 존재; 자산군·투자대상 추출(주식/기타국가 미확인 주식전략); taxonomy 완료: 상품명·기초지수·원천 분류 필드 기반 (active/passive token, payoff token/default, concentration token/default)",
291620,KIWOOM 코스닥150선물인버스,classified_derived,official_index,N,불가,"기초지수 명시; 운용사·공식 출처 URL 존재; 상품명 구조표시(inverse); 자산군·투자대상 추출(주식/국내 미확인 주식전략); taxonomy 완료: 상품명·기초지수·원천 분류 필드 기반 (FX token/default, concentration token/default)",
291630,KIWOOM 코스닥150선물레버리지,classified_derived,official_index,N,불가,"기초지수 명시; 운용사·공식 출처 URL 존재; 상품명 구조표시(leveraged); 자산군·투자대상 추출(주식/국내 미확인 주식전략); taxonomy 완료: 상품명·기초지수·원천 분류 필드 기반 (FX token/default, concentration token/default)",
291680,RISE 차이나H선물인버스(H),classified_derived,official_index,N,불가,기초지수 명시; 운용사·공식 출처 URL 존재; 상품명 구조표시(inverse); 자산군·투자대상 추출(주식/중국 미확인 주식전략); taxonomy 완료: 상품명·기초지수·원천 분류 필드 기반 (concentration token/default),
291890,KODEX MSCI EM선물(H),classified_derived,official_index,N,불가,"기초지수 명시; 운용사·공식 출처 URL 존재; 자산군·투자대상 추출(주식/글로벌 미확인 주식전략); taxonomy 완료: 상품명·기초지수·원천 분류 필드 기반 (active/passive token, payoff token/default, concentration token/default)",
292050,RISE KRX300,classified_derived,official_index,N,가능,"기초지수 명시; 운용사·공식 출처 URL 존재; 자산군·투자대상 추출(주식/국내 미확인 주식전략); taxonomy 완료: 상품명·기초지수·원천 분류 필드 기반 (active/passive token, payoff token/default, FX token/default, concentration token/default)",
292150,TIGER 코리아TOP10,classified_derived,official_index,N,가능,"기초지수 명시; 운용사·공식 출처 URL 존재; 자산군·투자대상 추출(주식/국내 미확인 주식전략); taxonomy 완료: 상품명·기초지수·원천 분류 필드 기반 (active/passive token, payoff token/default, FX token/default)",
292160,TIGER KRX300,classified_derived,official_index,N,가능,"기초지수 명시; 운용사·공식 출처 URL 존재; 자산군·투자대상 추출(주식/국내 미확인 주식전략); taxonomy 완료: 상품명·기초지수·원천 분류 필드 기반 (active/passive token, payoff token/default, FX token/default, concentration token/default)",
292190,KODEX KRX300,classified_derived,official_index,N,가능,"기초지수 명시; 운용사·공식 출처 URL 존재; 자산군·투자대상 추출(주식/국내 미확인 주식전략); taxonomy 완료: 상품명·기초지수·원천 분류 필드 기반 (active/passive token, payoff token/default, FX token/default, concentration token/default)",
292500,SOL KRX300,classified_derived,official_index,N,가능,"기초지수 명시; 운용사·공식 출처 URL 존재; 자산군·투자대상 추출(주식/국내 미확인 주식전략); taxonomy 완료: 상품명·기초지수·원천 분류 필드 기반 (active/passive token, payoff token/default, FX token/default, concentration token/default)",
292770,KODEX 국채선물3년인버스,classified_derived,official_index,N,불가,"기초지수 명시; 운용사·공식 출처 URL 존재; 상품명 구조표시(inverse); 자산군·투자대상 추출(채권/국내 국채 단기 등급미확인); taxonomy 완료: 상품명·기초지수·원천 분류 필드 기반 (FX token/default, concentration token/default)",
293180,HANARO 200,classified_derived,official_index,N,가능,"기초지수 명시; 운용사·공식 출처 URL 존재; 자산군·투자대상 추출(주식/국내 미확인 주식전략); taxonomy 완료: 상품명·기초지수·원천 분류 필드 기반 (active/passive token, payoff token/default, FX token/default)",
294400,KIWOOM 200TR,classified_derived,official_index,N,가능,"기초지수 명시; 운용사·공식 출처 URL 존재; 자산군·투자대상 추출(주식/국내 미확인 주식전략); taxonomy 완료: 상품명·기초지수·원천 분류 필드 기반 (active/passive token, payoff token/default, FX token/default)",
295000,RISE 국채선물10년,classified_derived,official_index,N,불가,"기초지수 명시; 운용사·공식 출처 URL 존재; 자산군·투자대상 추출(채권/국내 국채 장기 등급미확인); taxonomy 완료: 상품명·기초지수·원천 분류 필드 기반 (active/passive token, FX token/default, concentration token/default)",
295020,RISE 국채선물10년인버스,classified_derived,official_index,N,불가,"기초지수 명시; 운용사·공식 출처 URL 존재; 상품명 구조표시(inverse); 자산군·투자대상 추출(채권/국내 국채 장기 등급미확인); taxonomy 완료: 상품명·기초지수·원천 분류 필드 기반 (FX token/default, concentration token/default)",
295040,SOL 200TR,classified_derived,official_index,N,가능,"기초지수 명시; 운용사·공식 출처 URL 존재; 자산군·투자대상 추출(주식/국내 미확인 주식전략); taxonomy 완료: 상품명·기초지수·원천 분류 필드 기반 (active/passive token, payoff token/default, FX token/default)",
298340,PLUS 국채선물3년,classified_derived,official_index,N,가능,"기초지수 명시; 운용사·공식 출처 URL 존재; 자산군·투자대상 추출(채권/국내 국채 단기 등급미확인); taxonomy 완료: 상품명·기초지수·원천 분류 필드 기반 (active/passive token, FX token/default, concentration token/default)",
298770,KODEX 한국대만IT프리미어,classified_derived,official_index,N,가능,"기초지수 명시; 운용사·공식 출처 URL 존재; 자산군·투자대상 추출(주식/국내 미확인 주식전략); taxonomy 완료: 상품명·기초지수·원천 분류 필드 기반 (active/passive token, payoff token/default, concentration token/default)",
301400,PLUS 코스닥150,classified_derived,official_index,N,가능,"기초지수 명시; 운용사·공식 출처 URL 존재; 자산군·투자대상 추출(주식/국내 미확인 주식전략); taxonomy 완료: 상품명·기초지수·원천 분류 필드 기반 (active/passive token, payoff token/default, FX token/default, concentration token/default)",
302190,TIGER 중장기국채,classified_derived,official_index,N,가능,"기초지수 명시; 운용사·공식 출처 URL 존재; 자산군·투자대상 추출(채권/국내 국채 장기 등급미확인); taxonomy 완료: 상품명·기초지수·원천 분류 필드 기반 (active/passive token, FX token/default, concentration token/default)",
302450,RISE 코스피,classified_derived,official_index,N,가능,"기초지수 명시; 운용사·공식 출처 URL 존재; 자산군·투자대상 추출(주식/국내 미확인 주식전략); taxonomy 완료: 상품명·기초지수·원천 분류 필드 기반 (active/passive token, payoff token/default, FX token/default, concentration token/default)",
304660,KODEX 미국30년국채울트라선물(H),classified_derived,official_index,N,불가,"기초지수 명시; 운용사·공식 출처 URL 존재; 자산군·투자대상 추출(채권/미국 국채 장기 등급미확인); taxonomy 완료: 상품명·기초지수·원천 분류 필드 기반 (active/passive token, concentration token/default)",
304670,KODEX 미국30년국채울트라선물인버스(H),classified_derived,official_index,N,불가,기초지수 명시; 운용사·공식 출처 URL 존재; 상품명 구조표시(inverse); 자산군·투자대상 추출(채권/미국 국채 장기 등급미확인); taxonomy 완료: 상품명·기초지수·원천 분류 필드 기반 (concentration token/default),
304760,HANARO KRX300,classified_derived,official_index,N,가능,"기초지수 명시; 운용사·공식 출처 URL 존재; 자산군·투자대상 추출(주식/국내 미확인 주식전략); taxonomy 완료: 상품명·기초지수·원천 분류 필드 기반 (active/passive token, payoff token/default, FX token/default, concentration token/default)",
304770,HANARO 코스닥150,classified_derived,official_index,N,가능,"기초지수 명시; 운용사·공식 출처 URL 존재; 자산군·투자대상 추출(주식/국내 미확인 주식전략); taxonomy 완료: 상품명·기초지수·원천 분류 필드 기반 (active/passive token, payoff token/default, FX token/default, concentration token/default)",
304780,HANARO 200선물레버리지,classified_derived,official_index,N,불가,기초지수 명시; 운용사·공식 출처 URL 존재; 상품명 구조표시(leveraged); 자산군·투자대상 추출(주식/국내 미확인 주식전략); taxonomy 완료: 상품명·기초지수·원천 분류 필드 기반 (FX token/default),
305050,ACE 코스피,classified_derived,official_index,N,가능,"기초지수 명시; 운용사·공식 출처 URL 존재; 자산군·투자대상 추출(주식/국내 미확인 주식전략); taxonomy 완료: 상품명·기초지수·원천 분류 필드 기반 (active/passive token, payoff token/default, FX token/default, concentration token/default)",
305080,TIGER 미국채10년선물,classified_derived,official_index,N,불가,"기초지수 명시; 운용사·공식 출처 URL 존재; 자산군·투자대상 추출(채권/미국 국채 장기 등급미확인); taxonomy 완료: 상품명·기초지수·원천 분류 필드 기반 (active/passive token, concentration token/default)",
306520,HANARO 200선물인버스,classified_derived,official_index,N,불가,기초지수 명시; 운용사·공식 출처 URL 존재; 상품명 구조표시(inverse); 자산군·투자대상 추출(주식/국내 미확인 주식전략); taxonomy 완료: 상품명·기초지수·원천 분류 필드 기반 (FX token/default),
306530,HANARO 코스닥150선물레버리지,classified_derived,official_index,N,불가,"기초지수 명시; 운용사·공식 출처 URL 존재; 상품명 구조표시(leveraged); 자산군·투자대상 추출(주식/국내 미확인 주식전략); taxonomy 완료: 상품명·기초지수·원천 분류 필드 기반 (FX token/default, concentration token/default)",
306950,KODEX KRX300레버리지,classified_derived,official_index,N,불가,"기초지수 명시; 운용사·공식 출처 URL 존재; 상품명 구조표시(leveraged); 자산군·투자대상 추출(주식/국내 미확인 주식전략); taxonomy 완료: 상품명·기초지수·원천 분류 필드 기반 (FX token/default, concentration token/default)",
307510,TIGER 의료기기,classified_derived,official_index,N,가능,"기초지수 명시; 운용사·공식 출처 URL 존재; 자산군·투자대상 추출(주식/국내 미확인 주식전략); taxonomy 완료: 상품명·기초지수·원천 분류 필드 기반 (active/passive token, payoff token/default, FX token/default, concentration token/default)",
307520,TIGER 지주회사,classified_derived,official_index,N,가능,"기초지수 명시; 운용사·공식 출처 URL 존재; 자산군·투자대상 추출(주식/국내 미확인 주식전략); taxonomy 완료: 상품명·기초지수·원천 분류 필드 기반 (active/passive token, payoff token/default, FX token/default, concentration token/default)",
308620,KODEX 미국10년국채선물,classified_derived,official_index,N,불가,"기초지수 명시; 운용사·공식 출처 URL 존재; 자산군·투자대상 추출(채권/미국 국채 장기 등급미확인); taxonomy 완료: 상품명·기초지수·원천 분류 필드 기반 (active/passive token, concentration token/default)",
309230,ACE 미국WideMoat동일가중,classified_derived,official_index,N,가능,"기초지수 명시; 운용사·공식 출처 URL 존재; 자산군·투자대상 추출(주식/미국 미확인 주식전략); taxonomy 완료: 상품명·기초지수·원천 분류 필드 기반 (active/passive token, payoff token/default, concentration token/default)",
310080,RISE 중국MSCI China(H),classified_derived,official_index,N,가능,"기초지수 명시; 운용사·공식 출처 URL 존재; 자산군·투자대상 추출(주식/중국 미확인 주식전략); taxonomy 완료: 상품명·기초지수·원천 분류 필드 기반 (active/passive token, payoff token/default, concentration token/default)",
310960,TIGER 200TR,classified_derived,official_index,N,가능,"기초지수 명시; 운용사·공식 출처 URL 존재; 자산군·투자대상 추출(주식/국내 미확인 주식전략); taxonomy 완료: 상품명·기초지수·원천 분류 필드 기반 (active/passive token, payoff token/default, FX token/default)",
310970,TIGER MSCI Korea TR,classified_derived,official_index,N,가능,"기초지수 명시; 운용사·공식 출처 URL 존재; 자산군·투자대상 추출(주식/국내 미확인 주식전략); taxonomy 완료: 상품명·기초지수·원천 분류 필드 기반 (active/passive token, payoff token/default, FX token/default, concentration token/default)",
314250,KODEX 미국빅테크10(H),classified_derived,official_index,N,가능,"기초지수 명시; 운용사·공식 출처 URL 존재; 자산군·투자대상 추출(주식/미국 미확인 주식전략); taxonomy 완료: 상품명·기초지수·원천 분류 필드 기반 (active/passive token, payoff token/default, concentration token/default)",
314700,HANARO 농업융복합산업,classified_derived,official_index,N,가능,"기초지수 명시; 운용사·공식 출처 URL 존재; 자산군·투자대상 추출(주식/국내 미확인 주식전략); taxonomy 완료: 상품명·기초지수·원천 분류 필드 기반 (active/passive token, payoff token/default, FX token/default, concentration token/default)",
315270,TIGER 200커뮤니케이션서비스,classified_derived,official_index,N,가능,"기초지수 명시; 운용사·공식 출처 URL 존재; 자산군·투자대상 추출(주식/국내 미확인 주식전략); taxonomy 완료: 상품명·기초지수·원천 분류 필드 기반 (active/passive token, payoff token/default, FX token/default)",
315930,KODEX Top5PlusTR,conflict_resolved,conflict_resolved,N,가능,기초지수 명시; 운용사·공식 출처 URL 존재; 자산군·투자대상 추출(채권/국내 국채 만기미확인 등급미확인); 충돌 해소: 출처 우선순위와 구조 필드 기준,
316670,KIWOOM 코스닥150,classified_derived,official_index,N,가능,"기초지수 명시; 운용사·공식 출처 URL 존재; 자산군·투자대상 추출(주식/국내 미확인 주식전략); taxonomy 완료: 상품명·기초지수·원천 분류 필드 기반 (active/passive token, payoff token/default, FX token/default, concentration token/default)",
321410,KODEX 멀티에셋하이인컴(H),classified_derived,official_index,N,https://www.samsungfund.com/etf/product/view.do?id=2ETFB7,"기초지수 명시; 운용사·공식 출처 URL 존재; 자산군·투자대상 추출(혼합자산/구성비율 미확인); taxonomy 완료: 상품명·기초지수·원천 분류 필드 기반 (active/passive token, concentration token/default)",
322400,HANARO e커머스,classified_derived,official_index,N,가능,"기초지수 명시; 운용사·공식 출처 URL 존재; 자산군·투자대상 추출(주식/국내 미확인 주식전략); taxonomy 완료: 상품명·기초지수·원천 분류 필드 기반 (active/passive token, payoff token/default, FX token/default, concentration token/default)",
326230,RISE 내수주플러스,classified_derived,official_index,N,가능,"기초지수 명시; 운용사·공식 출처 URL 존재; 자산군·투자대상 추출(주식/국내 미확인 주식전략); taxonomy 완료: 상품명·기초지수·원천 분류 필드 기반 (active/passive token, payoff token/default, FX token/default, concentration token/default)",
326240,RISE IT플러스,classified_derived,official_index,N,가능,"기초지수 명시; 운용사·공식 출처 URL 존재; 자산군·투자대상 추출(주식/국내 미확인 주식전략); taxonomy 완료: 상품명·기초지수·원천 분류 필드 기반 (active/passive token, payoff token/default, FX token/default, concentration token/default)",
328370,PLUS 코스피TR,classified_derived,official_index,N,가능,"기초지수 명시; 운용사·공식 출처 URL 존재; 자산군·투자대상 추출(주식/국내 미확인 주식전략); taxonomy 완료: 상품명·기초지수·원천 분류 필드 기반 (active/passive token, payoff token/default, FX token/default, concentration token/default)",
329650,KODEX TRF3070,classified_derived,official_index,N,https://www.samsungfund.com/etf/product/view.do?id=2ETFC3,"기초지수 명시; 운용사·공식 출처 URL 존재; 자산군·투자대상 추출(혼합자산/구성비율 미확인); taxonomy 완료: 상품명·기초지수·원천 분류 필드 기반 (active/passive token, concentration token/default)",
329660,KODEX TRF5050,classified_derived,official_index,N,https://www.samsungfund.com/etf/product/view.do?id=2ETFC2,"기초지수 명시; 운용사·공식 출처 URL 존재; 자산군·투자대상 추출(혼합자산/구성비율 미확인); taxonomy 완료: 상품명·기초지수·원천 분류 필드 기반 (active/passive token, concentration token/default)",
329670,KODEX TRF7030,classified_derived,official_index,N,https://www.samsungfund.com/etf/product/view.do?id=2ETFC1,"기초지수 명시; 운용사·공식 출처 URL 존재; 자산군·투자대상 추출(혼합자산/구성비율 미확인); taxonomy 완료: 상품명·기초지수·원천 분류 필드 기반 (active/passive token, concentration token/default)",
329750,TIGER 미국달러단기채권액티브,classified_derived,official_index,N,가능,"기초지수 명시; 운용사·공식 출처 URL 존재; 자산군·투자대상 추출(채권/미국 국채 초단기 등급미확인); taxonomy 완료: 상품명·기초지수·원천 분류 필드 기반 (active/passive token, concentration token/default)",
332500,ACE 200TR,classified_derived,official_index,N,가능,"기초지수 명시; 운용사·공식 출처 URL 존재; 자산군·투자대상 추출(주식/국내 미확인 주식전략); taxonomy 완료: 상품명·기초지수·원천 분류 필드 기반 (active/passive token, payoff token/default, FX token/default)",
332930,HANARO 200TR,classified_derived,official_index,N,가능,"기초지수 명시; 운용사·공식 출처 URL 존재; 자산군·투자대상 추출(주식/국내 미확인 주식전략); taxonomy 완료: 상품명·기초지수·원천 분류 필드 기반 (active/passive token, payoff token/default, FX token/default)",
332940,HANARO MSCI Korea TR,classified_derived,official_index,N,가능,"기초지수 명시; 운용사·공식 출처 URL 존재; 자산군·투자대상 추출(주식/국내 미확인 주식전략); taxonomy 완료: 상품명·기초지수·원천 분류 필드 기반 (active/passive token, payoff token/default, FX token/default, concentration token/default)",
336160,RISE 금융채액티브,classified_derived,official_index,N,가능,"기초지수 명시; 운용사·공식 출처 URL 존재; 자산군·투자대상 추출(채권/국내 금융채 단기 등급미확인); taxonomy 완료: 상품명·기초지수·원천 분류 필드 기반 (active/passive token, FX token/default, concentration token/default)",
337120,KODEX 멀티팩터,classified_derived,official_index,N,가능,"기초지수 명시; 운용사·공식 출처 URL 존재; 자산군·투자대상 추출(주식/국내 미확인 주식전략); taxonomy 완료: 상품명·기초지수·원천 분류 필드 기반 (active/passive token, payoff token/default, FX token/default, concentration token/default)",
337150,KODEX 200exTOP,classified_derived,official_index,N,가능,"기초지수 명시; 운용사·공식 출처 URL 존재; 자산군·투자대상 추출(주식/국내 미확인 주식전략); taxonomy 완료: 상품명·기초지수·원천 분류 필드 기반 (active/passive token, payoff token/default, FX token/default)",
337160,KODEX 200ESG,classified_derived,official_index,N,가능,"기초지수 명시; 운용사·공식 출처 URL 존재; 자산군·투자대상 추출(주식/국내 미확인 주식전략); taxonomy 완료: 상품명·기초지수·원천 분류 필드 기반 (active/passive token, payoff token/default, FX token/default)",
341850,TIGER 리츠부동산인프라채권,classified_derived,official_index,N,가능,"기초지수 명시; 운용사·공식 출처 URL 존재; 자산군·투자대상 추출(채권/국내 채권 만기미확인 등급미확인); taxonomy 완료: 상품명·기초지수·원천 분류 필드 기반 (active/passive token, FX token/default, concentration token/default)",
354350,HANARO 글로벌럭셔리S&P(합성),classified_derived,official_index,N,가능,"기초지수 명시; 운용사·공식 출처 URL 존재; 자산군·투자대상 추출(주식/미국 미확인 주식전략); taxonomy 완료: 상품명·기초지수·원천 분류 필드 기반 (active/passive token, payoff token/default, concentration token/default)",
354500,ACE 코스닥150,classified_derived,official_index,N,가능,"기초지수 명시; 운용사·공식 출처 URL 존재; 자산군·투자대상 추출(주식/국내 미확인 주식전략); taxonomy 완료: 상품명·기초지수·원천 분류 필드 기반 (active/passive token, payoff token/default, FX token/default, concentration token/default)",
356540,ACE 종합채권(AA-이상)액티브,classified_derived,official_index,N,가능,"기초지수 명시; 운용사·공식 출처 URL 존재; 자산군·투자대상 추출(채권/국내 채권 만기미확인 AA); taxonomy 완료: 상품명·기초지수·원천 분류 필드 기반 (active/passive token, FX token/default, concentration token/default)",
359210,KODEX 코스피TR,classified_derived,official_index,N,가능,"기초지수 명시; 운용사·공식 출처 URL 존재; 자산군·투자대상 추출(주식/국내 미확인 주식전략); taxonomy 완료: 상품명·기초지수·원천 분류 필드 기반 (active/passive token, payoff token/default, FX token/default, concentration token/default)",
361580,RISE 200TR,classified_derived,official_index,N,가능,"기초지수 명시; 운용사·공식 출처 URL 존재; 자산군·투자대상 추출(주식/국내 미확인 주식전략); taxonomy 완료: 상품명·기초지수·원천 분류 필드 기반 (active/passive token, payoff token/default, FX token/default)",
363510,SOL KIS단기통안채,conflict_resolved,conflict_resolved,N,가능,기초지수 명시; 운용사·공식 출처 URL 존재; 자산군·투자대상 추출(채권/국내 채권 단기 등급미확인); 충돌 해소: 출처 우선순위와 구조 필드 기준,
364690,KODEX 혁신기술테마액티브,classified_derived,official_index,N,가능,"기초지수 명시; 운용사·공식 출처 URL 존재; 자산군·투자대상 추출(주식/국내 미확인 주식전략); taxonomy 완료: 상품명·기초지수·원천 분류 필드 기반 (active/passive token, payoff token/default, FX token/default, concentration token/default)",
364960,TIGER BBIG,classified_derived,official_index,N,가능,"기초지수 명시; 운용사·공식 출처 URL 존재; 자산군·투자대상 추출(주식/국내 미확인 주식전략); taxonomy 완료: 상품명·기초지수·원천 분류 필드 기반 (active/passive token, payoff token/default, FX token/default, concentration token/default)",
365000,TIGER 인터넷TOP10,classified_derived,official_index,N,가능,"기초지수 명시; 운용사·공식 출처 URL 존재; 자산군·투자대상 추출(주식/국내 미확인 주식전략); taxonomy 완료: 상품명·기초지수·원천 분류 필드 기반 (active/passive token, payoff token/default, FX token/default)",
365040,TIGER AI코리아그로스액티브,classified_derived,official_index,N,가능,"기초지수 명시; 운용사·공식 출처 URL 존재; 자산군·투자대상 추출(주식/국내 미확인 주식전략); taxonomy 완료: 상품명·기초지수·원천 분류 필드 기반 (active/passive token, payoff token/default, FX token/default, concentration token/default)",
365780,ACE 국고채10년,classified_derived,official_index,N,가능,"기초지수 명시; 운용사·공식 출처 URL 존재; 자산군·투자대상 추출(채권/국내 채권 장기 등급미확인); taxonomy 완료: 상품명·기초지수·원천 분류 필드 기반 (active/passive token, FX token/default, concentration token/default)",
367740,HANARO Fn5G산업,classified_derived,official_index,N,가능,"기초지수 명시; 운용사·공식 출처 URL 존재; 자산군·투자대상 추출(주식/국내 미확인 주식전략); taxonomy 완료: 상품명·기초지수·원천 분류 필드 기반 (active/passive token, payoff token/default, FX token/default, concentration token/default)",
367770,RISE 수소경제테마,classified_derived,official_index,N,가능,"기초지수 명시; 운용사·공식 출처 URL 존재; 자산군·투자대상 추출(주식/국내 미확인 주식전략); taxonomy 완료: 상품명·기초지수·원천 분류 필드 기반 (active/passive token, payoff token/default, FX token/default, concentration token/default)",
368190,HANARO Fn K-뉴딜디지털플러스,classified_derived,official_index,N,가능,"기초지수 명시; 운용사·공식 출처 URL 존재; 자산군·투자대상 추출(주식/국내 미확인 주식전략); taxonomy 완료: 상품명·기초지수·원천 분류 필드 기반 (active/passive token, payoff token/default, FX token/default, concentration token/default)",
368680,KODEX K-뉴딜디지털플러스,classified_derived,official_index,N,가능,"기초지수 명시; 운용사·공식 출처 URL 존재; 자산군·투자대상 추출(주식/국내 미확인 주식전략); taxonomy 완료: 상품명·기초지수·원천 분류 필드 기반 (active/passive token, payoff token/default, FX token/default, concentration token/default)",
371150,RISE 차이나항셍테크,classified_derived,official_index,N,가능,"기초지수 명시; 운용사·공식 출처 URL 존재; 자산군·투자대상 추출(주식/중국 미확인 주식전략); taxonomy 완료: 상품명·기초지수·원천 분류 필드 기반 (active/passive token, payoff token/default, concentration token/default)",
371160,TIGER 차이나항셍테크,classified_derived,official_index,N,가능,"기초지수 명시; 운용사·공식 출처 URL 존재; 자산군·투자대상 추출(주식/중국 미확인 주식전략); taxonomy 완료: 상품명·기초지수·원천 분류 필드 기반 (active/passive token, payoff token/default, concentration token/default)",
371450,TIGER 글로벌클라우드컴퓨팅INDXX,classified_derived,official_index,N,가능,"기초지수 명시; 운용사·공식 출처 URL 존재; 자산군·투자대상 추출(주식/글로벌 미확인 주식전략); taxonomy 완료: 상품명·기초지수·원천 분류 필드 기반 (active/passive token, payoff token/default, concentration token/default)",
371870,ACE 차이나항셍테크,classified_derived,official_index,N,가능,"기초지수 명시; 운용사·공식 출처 URL 존재; 자산군·투자대상 추출(주식/중국 미확인 주식전략); taxonomy 완료: 상품명·기초지수·원천 분류 필드 기반 (active/passive token, payoff token/default, concentration token/default)",
372330,KODEX 차이나항셍테크,classified_derived,official_index,N,가능,"기초지수 명시; 운용사·공식 출처 URL 존재; 자산군·투자대상 추출(주식/중국 미확인 주식전략); taxonomy 완료: 상품명·기초지수·원천 분류 필드 기반 (active/passive token, payoff token/default, concentration token/default)",
375760,HANARO 탄소효율그린뉴딜,classified_derived,official_index,N,가능,"기초지수 명시; 운용사·공식 출처 URL 존재; 자산군·투자대상 추출(주식/국내 미확인 주식전략); taxonomy 완료: 상품명·기초지수·원천 분류 필드 기반 (active/passive token, payoff token/default, FX token/default, concentration token/default)",
375770,KODEX 탄소효율그린뉴딜,classified_derived,official_index,N,가능,"기초지수 명시; 운용사·공식 출처 URL 존재; 자산군·투자대상 추출(주식/국내 미확인 주식전략); taxonomy 완료: 상품명·기초지수·원천 분류 필드 기반 (active/passive token, payoff token/default, FX token/default, concentration token/default)",
376410,TIGER 탄소효율그린뉴딜,classified_derived,official_index,N,가능,"기초지수 명시; 운용사·공식 출처 URL 존재; 자산군·투자대상 추출(주식/국내 미확인 주식전략); taxonomy 완료: 상품명·기초지수·원천 분류 필드 기반 (active/passive token, payoff token/default, FX token/default, concentration token/default)",
379790,RISE 유로스탁스50(H),classified_derived,official_index,N,가능,"기초지수 명시; 운용사·공식 출처 URL 존재; 자산군·투자대상 추출(주식/유럽 미확인 주식전략); taxonomy 완료: 상품명·기초지수·원천 분류 필드 기반 (active/passive token, payoff token/default, concentration token/default)",
380340,ACE 코리아AI테크핵심산업,classified_derived,official_index,N,가능,"기초지수 명시; 운용사·공식 출처 URL 존재; 자산군·투자대상 추출(주식/국내 미확인 주식전략); taxonomy 완료: 상품명·기초지수·원천 분류 필드 기반 (active/passive token, payoff token/default, FX token/default, concentration token/default)",
381170,TIGER 미국테크TOP10 INDXX,classified_derived,official_index,N,가능,"기초지수 명시; 운용사·공식 출처 URL 존재; 자산군·투자대상 추출(주식/미국 미확인 주식전략); taxonomy 완료: 상품명·기초지수·원천 분류 필드 기반 (active/passive token, payoff token/default)",
381560,HANARO Fn전기&수소차,classified_derived,official_index,N,가능,"기초지수 명시; 운용사·공식 출처 URL 존재; 자산군·투자대상 추출(주식/국내 미확인 주식전략); taxonomy 완료: 상품명·기초지수·원천 분류 필드 기반 (active/passive token, payoff token/default, FX token/default, concentration token/default)",
385520,KODEX 자율주행액티브,classified_derived,official_index,N,가능,"기초지수 명시; 운용사·공식 출처 URL 존재; 자산군·투자대상 추출(주식/국내 미확인 주식전략); taxonomy 완료: 상품명·기초지수·원천 분류 필드 기반 (active/passive token, payoff token/default, FX token/default, concentration token/default)",
385540,RISE 종합채권(A-이상)액티브,classified_derived,official_index,N,가능,"기초지수 명시; 운용사·공식 출처 URL 존재; 자산군·투자대상 추출(채권/국내 채권 만기미확인 등급미확인); taxonomy 완료: 상품명·기초지수·원천 분류 필드 기반 (active/passive token, FX token/default, concentration token/default)",
385560,RISE KIS국고채30년Enhanced,classified_derived,official_index,N,가능,"기초지수 명시; 운용사·공식 출처 URL 존재; 자산군·투자대상 추출(채권/국내 채권 장기 등급미확인); taxonomy 완료: 상품명·기초지수·원천 분류 필드 기반 (active/passive token, FX token/default, concentration token/default)",
385590,ACE ESG액티브,conflict_resolved,conflict_resolved,N,가능,기초지수 명시; 운용사·공식 출처 URL 존재; 자산군·투자대상 추출(채권/국내 국채 만기미확인 등급미확인); 충돌 해소: 출처 우선순위와 구조 필드 기준,
385710,TIME K이노베이션액티브,classified_derived,derived_master,N,,"기초지수 명시; 자산군·투자대상 추출(주식/국내 미확인 주식전략); taxonomy 완료: 상품명·기초지수·원천 분류 필드 기반 (active/passive token, payoff token/default, FX token/default, concentration token/default)",
385720,TIME 코스피액티브,classified_derived,derived_master,N,,"기초지수 명시; 자산군·투자대상 추출(주식/국내 미확인 주식전략); taxonomy 완료: 상품명·기초지수·원천 분류 필드 기반 (active/passive token, payoff token/default, FX token/default, concentration token/default)",
391670,HK 베스트일레븐액티브,classified_derived,derived_master,N,,"기초지수 명시; 자산군·투자대상 추출(주식/국내 미확인 주식전략); taxonomy 완료: 상품명·기초지수·원천 분류 필드 기반 (active/passive token, payoff token/default, FX token/default)",
394660,TIGER 글로벌자율주행&전기차SOLACTIVE,classified_derived,official_index,N,가능,"기초지수 명시; 운용사·공식 출처 URL 존재; 자산군·투자대상 추출(주식/미국 미확인 주식전략); taxonomy 완료: 상품명·기초지수·원천 분류 필드 기반 (active/passive token, payoff token/default, concentration token/default)",
395150,KODEX 웹툰&드라마,classified_derived,official_index,N,가능,"기초지수 명시; 운용사·공식 출처 URL 존재; 자산군·투자대상 추출(주식/국내 미확인 주식전략); taxonomy 완료: 상품명·기초지수·원천 분류 필드 기반 (active/passive token, payoff token/default, FX token/default, concentration token/default)",
395170,KODEX Top10동일가중,classified_derived,official_index,N,가능,"기초지수 명시; 운용사·공식 출처 URL 존재; 자산군·투자대상 추출(주식/국내 미확인 주식전략); taxonomy 완료: 상품명·기초지수·원천 분류 필드 기반 (active/passive token, payoff token/default, FX token/default)",
397420,RISE 국채선물5년추종,classified_derived,official_index,N,불가,"기초지수 명시; 운용사·공식 출처 URL 존재; 자산군·투자대상 추출(채권/국내 국채 중기 등급미확인); taxonomy 완료: 상품명·기초지수·원천 분류 필드 기반 (active/passive token, FX token/default, concentration token/default)",
400570,KODEX 유럽탄소배출권선물ICE(H),classified_derived,official_index,N,불가,"기초지수 명시; 운용사·공식 출처 URL 존재; 자산군·투자대상 추출(주식/유럽 미확인 주식전략); taxonomy 완료: 상품명·기초지수·원천 분류 필드 기반 (active/passive token, payoff token/default, concentration token/default)",
400580,SOL 유럽탄소배출권선물S&P(H),classified_derived,official_index,N,불가,"기초지수 명시; 운용사·공식 출처 URL 존재; 자산군·투자대상 추출(주식/미국 미확인 주식전략); taxonomy 완료: 상품명·기초지수·원천 분류 필드 기반 (active/passive token, payoff token/default, concentration token/default)",
400590,SOL 글로벌탄소배출권선물ICE(합성),classified_derived,official_index,N,가능,"기초지수 명시; 운용사·공식 출처 URL 존재; 자산군·투자대상 추출(주식/글로벌 미확인 주식전략); taxonomy 완료: 상품명·기초지수·원천 분류 필드 기반 (active/passive token, payoff token/default, concentration token/default)",
401590,HANARO 글로벌탄소배출권선물ICE(합성),classified_derived,official_index,N,가능,"기초지수 명시; 운용사·공식 출처 URL 존재; 자산군·투자대상 추출(주식/글로벌 미확인 주식전략); taxonomy 완료: 상품명·기초지수·원천 분류 필드 기반 (active/passive token, payoff token/default, concentration token/default)",
403790,MIDAS 코스피액티브,classified_derived,derived_master,N,,"기초지수 명시; 자산군·투자대상 추출(주식/국내 미확인 주식전략); taxonomy 완료: 상품명·기초지수·원천 분류 필드 기반 (active/passive token, payoff token/default, FX token/default, concentration token/default)",
407300,HANARO Fn골프테마,classified_derived,official_index,N,가능,"기초지수 명시; 운용사·공식 출처 URL 존재; 자산군·투자대상 추출(주식/국내 미확인 주식전략); taxonomy 완료: 상품명·기초지수·원천 분류 필드 기반 (active/passive token, payoff token/default, FX token/default, concentration token/default)",
407310,HANARO 200 TOP10,classified_derived,official_index,N,가능,"기초지수 명시; 운용사·공식 출처 URL 존재; 자산군·투자대상 추출(주식/국내 미확인 주식전략); taxonomy 완료: 상품명·기초지수·원천 분류 필드 기반 (active/passive token, payoff token/default, FX token/default)",
407820,에셋플러스 코리아플랫폼액티브,classified_derived,derived_master,N,,"기초지수 명시; 자산군·투자대상 추출(주식/국내 미확인 주식전략); taxonomy 완료: 상품명·기초지수·원천 분류 필드 기반 (active/passive token, payoff token/default, FX token/default, concentration token/default)",
411540,SOL 200 Top10,classified_derived,official_index,N,가능,"기초지수 명시; 운용사·공식 출처 URL 존재; 자산군·투자대상 추출(주식/국내 미확인 주식전략); taxonomy 완료: 상품명·기초지수·원천 분류 필드 기반 (active/passive token, payoff token/default, FX token/default)",
411860,KIWOOM 독일DAX,classified_derived,official_index,N,가능,"기초지수 명시; 운용사·공식 출처 URL 존재; 자산군·투자대상 추출(주식/유럽 미확인 주식전략); taxonomy 완료: 상품명·기초지수·원천 분류 필드 기반 (active/passive token, payoff token/default, concentration token/default)",
412560,TIGER BBIG레버리지,classified_derived,official_index,N,불가,"기초지수 명시; 운용사·공식 출처 URL 존재; 상품명 구조표시(leveraged); 자산군·투자대상 추출(주식/국내 미확인 주식전략); taxonomy 완료: 상품명·기초지수·원천 분류 필드 기반 (FX token/default, concentration token/default)",
413220,SOL 차이나태양광CSI(합성),conflict_resolved,conflict_resolved,N,가능,기초지수 명시; 운용사·공식 출처 URL 존재; 자산군·투자대상 추출(채권/미국 국채 만기미확인 등급미확인); 충돌 해소: 출처 우선순위와 구조 필드 기준,
414270,ACE 글로벌자율주행액티브,classified_derived,official_index,N,가능,"기초지수 명시; 운용사·공식 출처 URL 존재; 자산군·투자대상 추출(주식/미국 미확인 주식전략); taxonomy 완료: 상품명·기초지수·원천 분류 필드 기반 (active/passive token, payoff token/default, concentration token/default)",
414780,TIGER 차이나과창판STAR50(합성),classified_derived,official_index,N,가능,"기초지수 명시; 운용사·공식 출처 URL 존재; 자산군·투자대상 추출(주식/중국 미확인 주식전략); taxonomy 완료: 상품명·기초지수·원천 분류 필드 기반 (active/passive token, payoff token/default, concentration token/default)",
415340,KODEX 차이나과창판STAR50(합성),classified_derived,official_index,N,가능,"기초지수 명시; 운용사·공식 출처 URL 존재; 자산군·투자대상 추출(주식/중국 미확인 주식전략); taxonomy 완료: 상품명·기초지수·원천 분류 필드 기반 (active/passive token, payoff token/default, concentration token/default)",
415760,SOL 차이나육성산업액티브(합성),classified_derived,official_index,N,가능,"기초지수 명시; 운용사·공식 출처 URL 존재; 자산군·투자대상 추출(주식/중국 미확인 주식전략); taxonomy 완료: 상품명·기초지수·원천 분류 필드 기반 (active/passive token, payoff token/default, concentration token/default)",
416090,ACE 중국과창판STAR50,classified_derived,official_index,N,가능,"기초지수 명시; 운용사·공식 출처 URL 존재; 자산군·투자대상 추출(주식/중국 미확인 주식전략); taxonomy 완료: 상품명·기초지수·원천 분류 필드 기반 (active/passive token, payoff token/default, concentration token/default)",
417450,RISE 글로벌수소경제,classified_derived,official_index,N,가능,"기초지수 명시; 운용사·공식 출처 URL 존재; 자산군·투자대상 추출(주식/글로벌 미확인 주식전략); taxonomy 완료: 상품명·기초지수·원천 분류 필드 기반 (active/passive token, payoff token/default, concentration token/default)",
417630,TIGER KEDI혁신기업ESG30,classified_derived,official_index,N,가능,"기초지수 명시; 운용사·공식 출처 URL 존재; 자산군·투자대상 추출(주식/국내 미확인 주식전략); taxonomy 완료: 상품명·기초지수·원천 분류 필드 기반 (active/passive token, payoff token/default, FX token/default, concentration token/default)",
418670,TIGER 글로벌AI사이버보안,classified_derived,official_index,N,가능,"기초지수 명시; 운용사·공식 출처 URL 존재; 자산군·투자대상 추출(주식/글로벌 미확인 주식전략); taxonomy 완료: 상품명·기초지수·원천 분류 필드 기반 (active/passive token, payoff token/default, concentration token/default)",
419650,PLUS 글로벌수소&차세대연료전지,classified_derived,official_index,N,가능,"기초지수 명시; 운용사·공식 출처 URL 존재; 자산군·투자대상 추출(주식/미국 미확인 주식전략); taxonomy 완료: 상품명·기초지수·원천 분류 필드 기반 (active/passive token, payoff token/default, concentration token/default)",
419890,KIWOOM 단기채권ESG액티브,classified_derived,official_index,N,가능,"기초지수 명시; 운용사·공식 출처 URL 존재; 자산군·투자대상 추출(채권/국내 채권 단기 등급미확인); taxonomy 완료: 상품명·기초지수·원천 분류 필드 기반 (active/passive token, FX token/default, concentration token/default)",
426150,WON 대한민국국고채액티브,classified_derived,derived_master,N,,"기초지수 명시; 자산군·투자대상 추출(채권/국내 채권 만기미확인 등급미확인); taxonomy 완료: 상품명·기초지수·원천 분류 필드 기반 (active/passive token, FX token/default, concentration token/default)",
428510,KODEX 차이나AI테크액티브,classified_derived,official_index,N,가능,"기초지수 명시; 운용사·공식 출처 URL 존재; 자산군·투자대상 추출(주식/중국 미확인 주식전략); taxonomy 완료: 상품명·기초지수·원천 분류 필드 기반 (active/passive token, payoff token/default, concentration token/default)",
428560,KODEX 미국ETF산업Top10 Indxx,conflict_resolved,conflict_resolved,N,가능,기초지수 명시; 운용사·공식 출처 URL 존재; 자산군·투자대상 추출(채권/미국 국채 만기미확인 등급미확인); 충돌 해소: 출처 우선순위와 구조 필드 기준,
429010,TIGER 미국나스닥넥스트100,classified_derived,official_index,N,가능,"기초지수 명시; 운용사·공식 출처 URL 존재; 자산군·투자대상 추출(주식/미국 미확인 주식전략); taxonomy 완료: 상품명·기초지수·원천 분류 필드 기반 (active/passive token, payoff token/default)",
430500,KIWOOM 물가채KIS,classified_derived,official_index,N,가능,"기초지수 명시; 운용사·공식 출처 URL 존재; 자산군·투자대상 추출(채권/국내 채권 만기미확인 등급미확인); taxonomy 완료: 상품명·기초지수·원천 분류 필드 기반 (active/passive token, FX token/default, concentration token/default)",
432600,RISE 국채선물3년,classified_derived,official_index,N,불가,"기초지수 명시; 운용사·공식 출처 URL 존재; 자산군·투자대상 추출(채권/국내 국채 단기 등급미확인); taxonomy 완료: 상품명·기초지수·원천 분류 필드 기반 (active/passive token, FX token/default, concentration token/default)",
433250,UNICORN R&D 액티브,classified_derived,derived_master,N,,"기초지수 명시; 자산군·투자대상 추출(주식/국내 미확인 주식전략); taxonomy 완료: 상품명·기초지수·원천 분류 필드 기반 (active/passive token, payoff token/default, FX token/default)",
433880,PLUS TDF2060액티브 적격,classified_derived,official_index,N,가능,"기초지수 명시; 운용사·공식 출처 URL 존재; 자산군·투자대상 추출(혼합자산/구성비율 미확인); taxonomy 완료: 상품명·기초지수·원천 분류 필드 기반 (active/passive token, FX token/default, concentration token/default)",
433970,KODEX TDF2030액티브 적격,classified_derived,official_index,N,가능,"기초지수 명시; 운용사·공식 출처 URL 존재; 자산군·투자대상 추출(혼합자산/구성비율 미확인); taxonomy 완료: 상품명·기초지수·원천 분류 필드 기반 (active/passive token, FX token/default, concentration token/default)",
433980,KODEX TDF2040액티브 적격,classified_derived,official_index,N,가능,"기초지수 명시; 운용사·공식 출처 URL 존재; 자산군·투자대상 추출(혼합자산/구성비율 미확인); taxonomy 완료: 상품명·기초지수·원천 분류 필드 기반 (active/passive token, FX token/default, concentration token/default)",
434060,KODEX TDF2050액티브 적격,classified_derived,official_index,N,가능,"기초지수 명시; 운용사·공식 출처 URL 존재; 자산군·투자대상 추출(혼합자산/구성비율 미확인); taxonomy 완료: 상품명·기초지수·원천 분류 필드 기반 (active/passive token, FX token/default, concentration token/default)",
434960,DAISHIN343 K200,classified_derived,derived_master,N,,"기초지수 명시; 자산군·투자대상 추출(주식/국내 미확인 주식전략); taxonomy 완료: 상품명·기초지수·원천 분류 필드 기반 (active/passive token, payoff token/default, FX token/default)",
435040,ACE 글로벌브랜드TOP10,conflict_resolved,conflict_resolved,N,가능,기초지수 명시; 운용사·공식 출처 URL 존재; 자산군·투자대상 추출(채권/미국 국채 만기미확인 등급미확인); 충돌 해소: 출처 우선순위와 구조 필드 기준,
435420,TIGER 미국나스닥100채권혼합50,classified_derived,official_index,N,가능,기초지수 명시; 운용사·공식 출처 URL 존재; 자산군·투자대상 추출(채권/미국 채권 만기미확인 등급미확인); taxonomy 완료: 상품명·기초지수·원천 분류 필드 기반 (active/passive token),
435530,KIWOOM TDF2030액티브 적격,classified_derived,official_index,N,가능,"기초지수 명시; 운용사·공식 출처 URL 존재; 자산군·투자대상 추출(혼합자산/구성비율 미확인); taxonomy 완료: 상품명·기초지수·원천 분류 필드 기반 (active/passive token, concentration token/default)",
435540,KIWOOM TDF2040액티브 적격,classified_derived,official_index,N,가능,"기초지수 명시; 운용사·공식 출처 URL 존재; 자산군·투자대상 추출(혼합자산/구성비율 미확인); taxonomy 완료: 상품명·기초지수·원천 분류 필드 기반 (active/passive token, concentration token/default)",
435550,KIWOOM TDF2050액티브 적격,classified_derived,official_index,N,가능,"기초지수 명시; 운용사·공식 출처 URL 존재; 자산군·투자대상 추출(혼합자산/구성비율 미확인); taxonomy 완료: 상품명·기초지수·원천 분류 필드 기반 (active/passive token, concentration token/default)",
436140,SOL 종합채권(AA-이상)액티브,classified_derived,official_index,N,가능,"기초지수 명시; 운용사·공식 출처 URL 존재; 자산군·투자대상 추출(채권/국내 채권 만기미확인 AA); taxonomy 완료: 상품명·기초지수·원천 분류 필드 기반 (active/passive token, FX token/default, concentration token/default)",
437070,KODEX 아시아달러채권ESG플러스액티브,classified_derived,official_index,N,가능,"기초지수 명시; 운용사·공식 출처 URL 존재; 자산군·투자대상 추출(채권/글로벌 채권 만기미확인 등급미확인); taxonomy 완료: 상품명·기초지수·원천 분류 필드 기반 (active/passive token, concentration token/default)",
437080,KODEX 미국종합채권ESG액티브(H),classified_derived,official_index,N,가능,"기초지수 명시; 운용사·공식 출처 URL 존재; 자산군·투자대상 추출(채권/미국 채권 만기미확인 등급미확인); taxonomy 완료: 상품명·기초지수·원천 분류 필드 기반 (active/passive token, concentration token/default)",
437350,RISE 미국단기투자등급회사채액티브,classified_derived,official_index,N,가능,"기초지수 명시; 운용사·공식 출처 URL 존재; 자산군·투자대상 추출(채권/미국 회사채 단기 등급미확인); taxonomy 완료: 상품명·기초지수·원천 분류 필드 기반 (active/passive token, concentration token/default)",
437370,RISE 글로벌농업경제,classified_derived,official_index,N,가능,"기초지수 명시; 운용사·공식 출처 URL 존재; 자산군·투자대상 추출(주식/글로벌 미확인 주식전략); taxonomy 완료: 상품명·기초지수·원천 분류 필드 기반 (active/passive token, payoff token/default, concentration token/default)",
438080,ACE 미국S&P500미국채혼합50액티브,classified_derived,official_index,N,가능,기초지수 명시; 운용사·공식 출처 URL 존재; 상품명 구조표시(inverse); 자산군·투자대상 추출(채권/미국 국채 만기미확인 등급미확인); taxonomy 완료: 상품명·기초지수·원천 분류 필드 기반,
438100,ACE 미국나스닥100미국채혼합50액티브,classified_derived,official_index,N,가능,기초지수 명시; 운용사·공식 출처 URL 존재; 자산군·투자대상 추출(채권/미국 국채 만기미확인 등급미확인); taxonomy 완료: 상품명·기초지수·원천 분류 필드 기반 (active/passive token),
438320,TIGER 차이나항셍테크레버리지(합성 H),classified_derived,official_index,N,불가,기초지수 명시; 운용사·공식 출처 URL 존재; 상품명 구조표시(leveraged); 자산군·투자대상 추출(주식/중국 미확인 주식전략); taxonomy 완료: 상품명·기초지수·원천 분류 필드 기반 (concentration token/default),
438330,TIGER 우량회사채액티브,classified_derived,official_index,N,가능,"기초지수 명시; 운용사·공식 출처 URL 존재; 자산군·투자대상 추출(채권/국내 회사채 만기미확인 등급미확인); taxonomy 완료: 상품명·기초지수·원천 분류 필드 기반 (active/passive token, FX token/default, concentration token/default)",
438560,SOL 국고채3년,classified_derived,official_index,N,가능,"기초지수 명시; 운용사·공식 출처 URL 존재; 자산군·투자대상 추출(채권/국내 채권 단기 등급미확인); taxonomy 완료: 상품명·기초지수·원천 분류 필드 기반 (active/passive token, FX token/default, concentration token/default)",
438570,SOL 국고채10년,classified_derived,official_index,N,가능,"기초지수 명시; 운용사·공식 출처 URL 존재; 자산군·투자대상 추출(채권/국내 채권 장기 등급미확인); taxonomy 완료: 상품명·기초지수·원천 분류 필드 기반 (active/passive token, FX token/default, concentration token/default)",
438740,MIDAS 중소형액티브,classified_derived,derived_master,N,,"기초지수 명시; 자산군·투자대상 추출(주식/국내 미확인 주식전략); taxonomy 완료: 상품명·기초지수·원천 분류 필드 기반 (active/passive token, payoff token/default, FX token/default, concentration token/default)",
438900,HANARO Fn K-푸드,classified_derived,official_index,N,가능,"기초지수 명시; 운용사·공식 출처 URL 존재; 자산군·투자대상 추출(주식/국내 미확인 주식전략); taxonomy 완료: 상품명·기초지수·원천 분류 필드 기반 (active/passive token, payoff token/default, FX token/default, concentration token/default)",
439860,KODEX ESG종합채권(A-이상)액티브,classified_derived,official_index,N,가능,"기초지수 명시; 운용사·공식 출처 URL 존재; 자산군·투자대상 추출(채권/국내 채권 만기미확인 등급미확인); taxonomy 완료: 상품명·기초지수·원천 분류 필드 기반 (active/passive token, FX token/default, concentration token/default)",
439870,KODEX 국고채30년액티브,classified_derived,official_index,N,가능,"기초지수 명시; 운용사·공식 출처 URL 존재; 자산군·투자대상 추출(채권/국내 채권 장기 등급미확인); taxonomy 완료: 상품명·기초지수·원천 분류 필드 기반 (active/passive token, FX token/default, concentration token/default)",
440340,TIGER 글로벌멀티에셋TIF액티브,classified_derived,official_index,N,가능,"기초지수 명시; 운용사·공식 출처 URL 존재; 자산군·투자대상 추출(혼합자산/구성비율 미확인); taxonomy 완료: 상품명·기초지수·원천 분류 필드 기반 (active/passive token, concentration token/default)",
440650,ACE 미국달러단기채권액티브,classified_derived,official_index,N,가능,기초지수 명시; 운용사·공식 출처 URL 존재; 상품명 구조표시(inverse); 자산군·투자대상 추출(채권/미국 국채 단기 등급미확인); taxonomy 완료: 상품명·기초지수·원천 분류 필드 기반 (concentration token/default),
440910,WON 미국우주항공방산,conflict_resolved,conflict_resolved,N,,기초지수 명시; 자산군·투자대상 추출(채권/미국 국채 만기미확인 등급미확인); 충돌 해소: 출처 우선순위와 구조 필드 기준,
441800,TIME Korea플러스배당액티브,classified_derived,derived_master,N,,"기초지수 명시; 자산군·투자대상 추출(주식/국내 미확인 주식전략); taxonomy 완료: 상품명·기초지수·원천 분류 필드 기반 (active/passive token, payoff token/default, FX token/default)",
442090,에셋플러스 코리아대장장이액티브,classified_derived,derived_master,N,,"기초지수 명시; 자산군·투자대상 추출(주식/국내 미확인 주식전략); taxonomy 완료: 상품명·기초지수·원천 분류 필드 기반 (active/passive token, payoff token/default, FX token/default, concentration token/default)",
442260,마이티 다이나믹퀀트액티브,classified_derived,derived_master,N,,"기초지수 명시; 자산군·투자대상 추출(주식/국내 미확인 주식전략); taxonomy 완료: 상품명·기초지수·원천 분류 필드 기반 (active/passive token, payoff token/default, FX token/default)",
442550,RISE TDF2030액티브 적격,classified_derived,official_index,N,https://www.riseetf.co.kr/prod/finderDetail/44D3,"기초지수 명시; 운용사·공식 출처 URL 존재; 자산군·투자대상 추출(혼합자산/구성비율 미확인); taxonomy 완료: 상품명·기초지수·원천 분류 필드 기반 (active/passive token, FX token/default, concentration token/default)",
442560,RISE TDF2040액티브 적격,classified_derived,official_index,N,https://www.riseetf.co.kr/prod/finderDetail/44D4,"기초지수 명시; 운용사·공식 출처 URL 존재; 자산군·투자대상 추출(혼합자산/구성비율 미확인); taxonomy 완료: 상품명·기초지수·원천 분류 필드 기반 (active/passive token, FX token/default, concentration token/default)",
442570,RISE TDF2050액티브 적격,classified_derived,official_index,N,https://www.riseetf.co.kr/prod/finderDetail/44D5,"기초지수 명시; 운용사·공식 출처 URL 존재; 자산군·투자대상 추출(혼합자산/구성비율 미확인); taxonomy 완료: 상품명·기초지수·원천 분류 필드 기반 (active/passive token, FX token/default, concentration token/default)",
444200,SOL 코리아메가테크액티브,classified_derived,official_index,N,가능,"기초지수 명시; 운용사·공식 출처 URL 존재; 자산군·투자대상 추출(주식/국내 미확인 주식전략); taxonomy 완료: 상품명·기초지수·원천 분류 필드 기반 (active/passive token, payoff token/default, FX token/default, concentration token/default)",
445910,TIGER MKF배당귀족,classified_derived,official_index,N,가능,"기초지수 명시; 운용사·공식 출처 URL 존재; 자산군·투자대상 추출(주식/국내 미확인 주식전략); taxonomy 완료: 상품명·기초지수·원천 분류 필드 기반 (active/passive token, payoff token/default, FX token/default, concentration token/default)",
447620,SOL 미국TOP5채권혼합50,classified_derived,official_index,N,가능,기초지수 명시; 운용사·공식 출처 URL 존재; 자산군·투자대상 추출(채권/미국 채권 만기미확인 등급미확인); taxonomy 완료: 상품명·기초지수·원천 분류 필드 기반 (active/passive token),
447660,PLUS 애플채권혼합,classified_derived,official_index,N,가능,"기초지수 명시; 운용사·공식 출처 URL 존재; 자산군·투자대상 추출(채권/국내 채권 만기미확인 등급미확인); taxonomy 완료: 상품명·기초지수·원천 분류 필드 기반 (active/passive token, FX token/default, concentration token/default)",
447770,TIGER 테슬라채권혼합Fn,classified_derived,official_index,N,가능,"기초지수 명시; 운용사·공식 출처 URL 존재; 자산군·투자대상 추출(채권/미국 채권 만기미확인 등급미확인); taxonomy 완료: 상품명·기초지수·원천 분류 필드 기반 (active/passive token, concentration token/default)",
448100,WON 200,classified_derived,derived_master,N,,"기초지수 명시; 자산군·투자대상 추출(주식/국내 미확인 주식전략); taxonomy 완료: 상품명·기초지수·원천 분류 필드 기반 (active/passive token, payoff token/default, FX token/default)",
448330,KODEX 삼성전자채권혼합,classified_derived,official_index,N,가능,"기초지수 명시; 운용사·공식 출처 URL 존재; 자산군·투자대상 추출(채권/국내 채권 만기미확인 등급미확인); taxonomy 완료: 상품명·기초지수·원천 분류 필드 기반 (active/passive token, FX token/default, concentration token/default)",
448490,HANARO 32-10 국고채액티브,classified_derived,official_index,N,가능,"기초지수 명시; 운용사·공식 출처 URL 존재; 자산군·투자대상 추출(채권/국내 채권 장기 등급미확인); taxonomy 완료: 상품명·기초지수·원천 분류 필드 기반 (active/passive token, FX token/default, concentration token/default)",
448540,ACE 엔비디아채권혼합,classified_derived,official_index,N,가능,"기초지수 명시; 운용사·공식 출처 URL 존재; 자산군·투자대상 추출(채권/미국 채권 만기미확인 등급미확인); taxonomy 완료: 상품명·기초지수·원천 분류 필드 기반 (active/passive token, concentration token/default)",
448570,FOCUS AI코리아액티브,classified_derived,derived_master,N,,"기초지수 명시; 자산군·투자대상 추출(주식/국내 미확인 주식전략); taxonomy 완료: 상품명·기초지수·원천 분류 필드 기반 (active/passive token, payoff token/default, FX token/default, concentration token/default)",
448630,RISE 삼성그룹Top3채권혼합,classified_derived,official_index,N,가능,"기초지수 명시; 운용사·공식 출처 URL 존재; 자산군·투자대상 추출(채권/국내 채권 만기미확인 등급미확인); taxonomy 완료: 상품명·기초지수·원천 분류 필드 기반 (active/passive token, FX token/default)",
449580,RISE 테슬라애플아마존채권혼합,classified_derived,official_index,N,가능,"기초지수 명시; 운용사·공식 출처 URL 존재; 자산군·투자대상 추출(채권/미국 채권 만기미확인 등급미확인); taxonomy 완료: 상품명·기초지수·원천 분류 필드 기반 (active/passive token, concentration token/default)",
449680,TIGER 한중전기차(합성),classified_derived,official_index,N,가능,"기초지수 명시; 운용사·공식 출처 URL 존재; 자산군·투자대상 추출(주식/국내 미확인 주식전략); taxonomy 완료: 상품명·기초지수·원천 분류 필드 기반 (active/passive token, payoff token/default, FX token/default, concentration token/default)",
450180,KODEX 한중전기차(합성),classified_derived,official_index,N,가능,"기초지수 명시; 운용사·공식 출처 URL 존재; 자산군·투자대상 추출(주식/국내 미확인 주식전략); taxonomy 완료: 상품명·기초지수·원천 분류 필드 기반 (active/passive token, payoff token/default, FX token/default, concentration token/default)",
450910,SOL 코스닥150,classified_derived,official_index,N,가능,"기초지수 명시; 운용사·공식 출처 URL 존재; 자산군·투자대상 추출(주식/국내 미확인 주식전략); taxonomy 완료: 상품명·기초지수·원천 분류 필드 기반 (active/passive token, payoff token/default, FX token/default, concentration token/default)",
451000,PLUS 종합채권(AA-이상)액티브,classified_derived,official_index,N,가능,"기초지수 명시; 운용사·공식 출처 URL 존재; 자산군·투자대상 추출(채권/국내 채권 만기미확인 AA); taxonomy 완료: 상품명·기초지수·원천 분류 필드 기반 (active/passive token, FX token/default, concentration token/default)",
451060,1Q 200액티브,classified_derived,derived_master,N,,"기초지수 명시; 자산군·투자대상 추출(주식/국내 미확인 주식전략); taxonomy 완료: 상품명·기초지수·원천 분류 필드 기반 (active/passive token, payoff token/default, FX token/default)",
451530,TIGER 국고채30년스트립액티브,classified_derived,official_index,N,가능,"기초지수 명시; 운용사·공식 출처 URL 존재; 자산군·투자대상 추출(채권/국내 채권 장기 등급미확인); taxonomy 완료: 상품명·기초지수·원천 분류 필드 기반 (active/passive token, FX token/default, concentration token/default)",
451540,TIGER 종합채권(AA-이상)액티브,classified_derived,official_index,N,가능,"기초지수 명시; 운용사·공식 출처 URL 존재; 자산군·투자대상 추출(채권/국내 채권 만기미확인 AA); taxonomy 완료: 상품명·기초지수·원천 분류 필드 기반 (active/passive token, FX token/default, concentration token/default)",
451600,PLUS 국고채30년액티브,classified_derived,official_index,N,가능,"기초지수 명시; 운용사·공식 출처 URL 존재; 자산군·투자대상 추출(채권/국내 채권 장기 등급미확인); taxonomy 완료: 상품명·기초지수·원천 분류 필드 기반 (active/passive token, FX token/default, concentration token/default)",
451670,RISE 국채30년레버리지(합성),classified_derived,official_index,N,불가,"기초지수 명시; 운용사·공식 출처 URL 존재; 상품명 구조표시(leveraged); 자산군·투자대상 추출(채권/국내 국채 장기 등급미확인); taxonomy 완료: 상품명·기초지수·원천 분류 필드 기반 (FX token/default, concentration token/default)",
452250,ACE 미국30년국채선물레버리지(합성 H),classified_derived,official_index,N,불가,기초지수 명시; 운용사·공식 출처 URL 존재; 상품명 구조표시(leveraged); 자산군·투자대상 추출(채권/미국 국채 장기 등급미확인); taxonomy 완료: 상품명·기초지수·원천 분류 필드 기반 (concentration token/default),
453810,KODEX 인도Nifty50,classified_derived,official_index,N,가능,"기초지수 명시; 운용사·공식 출처 URL 존재; 자산군·투자대상 추출(주식/인도 미확인 주식전략); taxonomy 완료: 상품명·기초지수·원천 분류 필드 기반 (active/passive token, payoff token/default, concentration token/default)",
453820,KODEX 인도Nifty50레버리지(합성),classified_derived,official_index,N,불가,기초지수 명시; 운용사·공식 출처 URL 존재; 상품명 구조표시(leveraged); 자산군·투자대상 추출(주식/인도 미확인 주식전략); taxonomy 완료: 상품명·기초지수·원천 분류 필드 기반 (concentration token/default),
453850,ACE 미국30년국채액티브(H),classified_derived,official_index,N,가능,"기초지수 명시; 운용사·공식 출처 URL 존재; 자산군·투자대상 추출(채권/미국 국채 장기 등급미확인); taxonomy 완료: 상품명·기초지수·원천 분류 필드 기반 (active/passive token, concentration token/default)",
453870,TIGER 인도니프티50,classified_derived,official_index,N,가능,"기초지수 명시; 운용사·공식 출처 URL 존재; 자산군·투자대상 추출(주식/인도 미확인 주식전략); taxonomy 완료: 상품명·기초지수·원천 분류 필드 기반 (active/passive token, payoff token/default, concentration token/default)",
453950,TIGER TSMC파운드리밸류체인,classified_derived,official_index,N,가능,"기초지수 명시; 운용사·공식 출처 URL 존재; 자산군·투자대상 추출(주식/기타국가 미확인 주식전략); taxonomy 완료: 상품명·기초지수·원천 분류 필드 기반 (active/passive token, payoff token/default, concentration token/default)",
454180,KIWOOM 차이나내수소비TOP CSI,classified_derived,official_index,N,가능,"기초지수 명시; 운용사·공식 출처 URL 존재; 자산군·투자대상 추출(주식/국내 미확인 주식전략); taxonomy 완료: 상품명·기초지수·원천 분류 필드 기반 (active/passive token, payoff token/default, concentration token/default)",
454320,HANARO CAPEX설비투자iSelect,classified_derived,official_index,N,가능,"기초지수 명시; 운용사·공식 출처 URL 존재; 자산군·투자대상 추출(주식/국내 미확인 주식전략); taxonomy 완료: 상품명·기초지수·원천 분류 필드 기반 (active/passive token, payoff token/default, FX token/default, concentration token/default)",
454780,KIWOOM 종합채권(AA-이상)액티브,classified_derived,official_index,N,가능,"기초지수 명시; 운용사·공식 출처 URL 존재; 자산군·투자대상 추출(채권/국내 채권 만기미확인 AA); taxonomy 완료: 상품명·기초지수·원천 분류 필드 기반 (active/passive token, FX token/default, concentration token/default)",
455660,ACE 미국하이일드액티브(H),classified_derived,official_index,N,가능,"기초지수 명시; 운용사·공식 출처 URL 존재; 자산군·투자대상 추출(채권/미국 채권 만기미확인 HY); taxonomy 완료: 상품명·기초지수·원천 분류 필드 기반 (active/passive token, concentration token/default)",
456250,KODEX 유럽명품TOP10 STOXX,classified_derived,official_index,N,가능,"기초지수 명시; 운용사·공식 출처 URL 존재; 자산군·투자대상 추출(주식/유럽 미확인 주식전략); taxonomy 완료: 상품명·기초지수·원천 분류 필드 기반 (active/passive token, payoff token/default)",
457690,KODEX 33-06 국고채액티브,classified_derived,official_index,N,가능,"기초지수 명시; 운용사·공식 출처 URL 존재; 자산군·투자대상 추출(채권/국내 채권 만기미확인 등급미확인); taxonomy 완료: 상품명·기초지수·원천 분류 필드 기반 (active/passive token, FX token/default, concentration token/default)",
457700,KODEX 53-09 국고채액티브,classified_derived,official_index,N,가능,"기초지수 명시; 운용사·공식 출처 URL 존재; 자산군·투자대상 추출(채권/국내 채권 만기미확인 등급미확인); taxonomy 완료: 상품명·기초지수·원천 분류 필드 기반 (active/passive token, FX token/default, concentration token/default)",
457930,BNK 미래전략기술액티브,classified_derived,derived_master,N,,"기초지수 명시; 자산군·투자대상 추출(주식/국내 미확인 주식전략); taxonomy 완료: 상품명·기초지수·원천 분류 필드 기반 (active/passive token, payoff token/default, FX token/default, concentration token/default)",
458250,TIGER 미국30년국채스트립액티브(합성 H),classified_derived,official_index,N,가능,"기초지수 명시; 운용사·공식 출처 URL 존재; 자산군·투자대상 추출(채권/미국 국채 장기 등급미확인); taxonomy 완료: 상품명·기초지수·원천 분류 필드 기반 (active/passive token, concentration token/default)",
458260,TIGER 미국투자등급회사채액티브(H),classified_derived,official_index,N,가능,"기초지수 명시; 운용사·공식 출처 URL 존재; 자산군·투자대상 추출(채권/미국 회사채 만기미확인 등급미확인); taxonomy 완료: 상품명·기초지수·원천 분류 필드 기반 (active/passive token, concentration token/default)",
459750,RISE 글로벌주식분산액티브,classified_derived,official_index,N,가능,"기초지수 명시; 운용사·공식 출처 URL 존재; 자산군·투자대상 추출(주식/글로벌 미확인 주식전략); taxonomy 완료: 상품명·기초지수·원천 분류 필드 기반 (active/passive token, payoff token/default, concentration token/default)",
460960,ACE 글로벌인컴TOP10,classified_derived,official_index,N,가능,"기초지수 명시; 운용사·공식 출처 URL 존재; 자산군·투자대상 추출(주식/글로벌 미확인 주식전략); taxonomy 완료: 상품명·기초지수·원천 분류 필드 기반 (active/passive token, payoff token/default)",
461340,HANARO 글로벌생성형AI액티브,classified_derived,official_index,N,가능,"기초지수 명시; 운용사·공식 출처 URL 존재; 자산군·투자대상 추출(주식/글로벌 미확인 주식전략); taxonomy 완료: 상품명·기초지수·원천 분류 필드 기반 (active/passive token, payoff token/default)",
461450,KODEX 코스닥글로벌,classified_derived,official_index,N,가능,"기초지수 명시; 운용사·공식 출처 URL 존재; 자산군·투자대상 추출(주식/국내 미확인 주식전략); taxonomy 완료: 상품명·기초지수·원천 분류 필드 기반 (active/passive token, payoff token/default, concentration token/default)",
461460,PLUS 국고채10년액티브,classified_derived,official_index,N,가능,"기초지수 명시; 운용사·공식 출처 URL 존재; 자산군·투자대상 추출(채권/국내 채권 장기 등급미확인); taxonomy 완료: 상품명·기초지수·원천 분류 필드 기반 (active/passive token, FX token/default, concentration token/default)",
461490,RISE 글로벌자산배분액티브,classified_derived,official_index,N,가능,"기초지수 명시; 운용사·공식 출처 URL 존재; 자산군·투자대상 추출(혼합자산/구성비율 미확인); taxonomy 완료: 상품명·기초지수·원천 분류 필드 기반 (active/passive token, concentration token/default)",
461500,HANARO 종합채권(AA-이상)액티브,classified_derived,official_index,N,가능,"기초지수 명시; 운용사·공식 출처 URL 존재; 자산군·투자대상 추출(채권/국내 채권 만기미확인 AA); taxonomy 완료: 상품명·기초지수·원천 분류 필드 기반 (active/passive token, FX token/default, concentration token/default)",
461580,TIGER 코스닥글로벌,classified_derived,official_index,N,가능,"기초지수 명시; 운용사·공식 출처 URL 존재; 자산군·투자대상 추출(주식/국내 미확인 주식전략); taxonomy 완료: 상품명·기초지수·원천 분류 필드 기반 (active/passive token, payoff token/default, concentration token/default)",
461600,SOL 미국30년국채액티브(H),classified_derived,official_index,N,가능,"기초지수 명시; 운용사·공식 출처 URL 존재; 자산군·투자대상 추출(채권/미국 국채 장기 등급미확인); taxonomy 완료: 상품명·기초지수·원천 분류 필드 기반 (active/passive token, concentration token/default)",
461900,PLUS 미국테크TOP10,classified_derived,official_index,N,가능,"기초지수 명시; 운용사·공식 출처 URL 존재; 자산군·투자대상 추출(주식/미국 미확인 주식전략); taxonomy 완료: 상품명·기초지수·원천 분류 필드 기반 (active/passive token, payoff token/default)",
461910,PLUS 미국테크TOP10레버리지(합성),classified_derived,official_index,N,불가,기초지수 명시; 운용사·공식 출처 URL 존재; 상품명 구조표시(leveraged); 자산군·투자대상 추출(주식/미국 미확인 주식전략); taxonomy 완료: 상품명·기초지수·원천 분류 필드 기반,
463300,RISE 중국본토CSI300,classified_derived,official_index,N,가능,"기초지수 명시; 운용사·공식 출처 URL 존재; 자산군·투자대상 추출(주식/중국 미확인 주식전략); taxonomy 완료: 상품명·기초지수·원천 분류 필드 기반 (active/passive token, payoff token/default, concentration token/default)",
464240,KIWOOM 26-09회사채(AA-이상)액티브,classified_derived,official_index,N,가능,"기초지수 명시; 운용사·공식 출처 URL 존재; 자산군·투자대상 추출(채권/국내 회사채 만기미확인 AA); taxonomy 완료: 상품명·기초지수·원천 분류 필드 기반 (active/passive token, FX token/default, concentration token/default)",
464470,PLUS 미국채30년액티브,classified_derived,official_index,N,가능,"기초지수 명시; 운용사·공식 출처 URL 존재; 자산군·투자대상 추출(채권/미국 국채 장기 등급미확인); taxonomy 완료: 상품명·기초지수·원천 분류 필드 기반 (active/passive token, concentration token/default)",
465580,ACE 미국빅테크TOP7 Plus,classified_derived,official_index,N,가능,"기초지수 명시; 운용사·공식 출처 URL 존재; 자산군·투자대상 추출(주식/미국 미확인 주식전략); taxonomy 완료: 상품명·기초지수·원천 분류 필드 기반 (active/passive token, payoff token/default, concentration token/default)",
465610,ACE 미국빅테크TOP7 Plus레버리지(합성),classified_derived,official_index,N,불가,기초지수 명시; 운용사·공식 출처 URL 존재; 상품명 구조표시(leveraged); 자산군·투자대상 추출(주식/미국 미확인 주식전략); taxonomy 완료: 상품명·기초지수·원천 분류 필드 기반 (concentration token/default),
465620,ACE 미국빅테크TOP7 Plus인버스(합성),classified_derived,official_index,N,불가,기초지수 명시; 운용사·공식 출처 URL 존재; 상품명 구조표시(inverse); 자산군·투자대상 추출(주식/미국 미확인 주식전략); taxonomy 완료: 상품명·기초지수·원천 분류 필드 기반 (concentration token/default),
465670,TIGER 미국캐시카우100,classified_derived,official_index,N,가능,"기초지수 명시; 운용사·공식 출처 URL 존재; 자산군·투자대상 추출(주식/미국 미확인 주식전략); taxonomy 완료: 상품명·기초지수·원천 분류 필드 기반 (active/passive token, payoff token/default)",
465780,마이티 26-09 특수채(AAA)액티브,classified_derived,derived_master,N,,"기초지수 명시; 자산군·투자대상 추출(채권/국내 특수채 만기미확인 AAA); taxonomy 완료: 상품명·기초지수·원천 분류 필드 기반 (active/passive token, FX token/default, concentration token/default)",
466940,TIGER 은행고배당플러스TOP10,conflict_resolved,conflict_resolved,N,가능,기초지수 명시; 운용사·공식 출처 URL 존재; 자산군·투자대상 추출(원자재/기타원자재 futures); 충돌 해소: 출처 우선순위와 구조 필드 기준,
468370,KODEX iShares미국인플레이션국채액티브,classified_derived,official_index,N,가능,"기초지수 명시; 운용사·공식 출처 URL 존재; 자산군·투자대상 추출(채권/미국 국채 만기미확인 등급미확인); taxonomy 완료: 상품명·기초지수·원천 분류 필드 기반 (active/passive token, concentration token/default)",
468380,KODEX iShares미국하이일드액티브,classified_derived,official_index,N,가능,"기초지수 명시; 운용사·공식 출처 URL 존재; 자산군·투자대상 추출(채권/미국 채권 만기미확인 HY); taxonomy 완료: 상품명·기초지수·원천 분류 필드 기반 (active/passive token, concentration token/default)",
468630,KODEX iShares미국투자등급회사채액티브,classified_derived,official_index,N,가능,"기초지수 명시; 운용사·공식 출처 URL 존재; 자산군·투자대상 추출(채권/미국 회사채 만기미확인 등급미확인); taxonomy 완료: 상품명·기초지수·원천 분류 필드 기반 (active/passive token, concentration token/default)",
469790,KIWOOM 코리아테크TOP10,classified_derived,official_index,N,가능,"기초지수 명시; 운용사·공식 출처 URL 존재; 자산군·투자대상 추출(주식/국내 미확인 주식전략); taxonomy 완료: 상품명·기초지수·원천 분류 필드 기반 (active/passive token, payoff token/default, FX token/default)",
469830,SOL 초단기채권액티브,conflict_resolved,conflict_resolved,N,가능,기초지수 명시; 운용사·공식 출처 URL 존재; 자산군·투자대상 추출(채권/국내 채권 초단기 등급미확인); 충돌 해소: 출처 우선순위와 구조 필드 기준,
471230,KODEX 국고채10년액티브,classified_derived,official_index,N,가능,"기초지수 명시; 운용사·공식 출처 URL 존재; 자산군·투자대상 추출(채권/국내 채권 장기 등급미확인); taxonomy 완료: 상품명·기초지수·원천 분류 필드 기반 (active/passive token, FX token/default, concentration token/default)",
471460,KIWOOM 국고채30년액티브,classified_derived,official_index,N,가능,"기초지수 명시; 운용사·공식 출처 URL 존재; 자산군·투자대상 추출(채권/국내 채권 장기 등급미확인); taxonomy 완료: 상품명·기초지수·원천 분류 필드 기반 (active/passive token, FX token/default, concentration token/default)",
471780,TIGER 코리아테크액티브,classified_derived,official_index,N,가능,"기초지수 명시; 운용사·공식 출처 URL 존재; 자산군·투자대상 추출(주식/국내 미확인 주식전략); taxonomy 완료: 상품명·기초지수·원천 분류 필드 기반 (active/passive token, payoff token/default, FX token/default, concentration token/default)",
472150,TIGER 배당커버드콜액티브,classified_derived,official_index,N,가능,기초지수 명시; 운용사·공식 출처 URL 존재; 상품명 구조표시(covered_call); 자산군·투자대상 추출(주식/국내 미확인 주식전략); taxonomy 완료: 상품명·기초지수·원천 분류 필드 기반 (FX token/default),
472160,TIGER 미국테크TOP10 INDXX(H),classified_derived,official_index,N,가능,"기초지수 명시; 운용사·공식 출처 URL 존재; 자산군·투자대상 추출(주식/미국 미확인 주식전략); taxonomy 완료: 상품명·기초지수·원천 분류 필드 기반 (active/passive token, payoff token/default)",
472170,TIGER 미국테크TOP10채권혼합,classified_derived,official_index,N,TIGER,기초지수 명시; 운용사·공식 출처 URL 존재; 자산군·투자대상 추출(채권/미국 채권 만기미확인 등급미확인); taxonomy 완료: 상품명·기초지수·원천 분류 필드 기반 (active/passive token),
472720,TRUSTON 주주가치액티브,conflict_resolved,conflict_resolved,N,,기초지수 명시; 자산군·투자대상 추출(채권/국내 국채 만기미확인 등급미확인); 충돌 해소: 출처 우선순위와 구조 필드 기준,
472830,RISE 미국30년국채커버드콜(합성),classified_derived,official_index,N,가능,기초지수 명시; 운용사·공식 출처 URL 존재; 상품명 구조표시(covered_call); 자산군·투자대상 추출(채권/미국 국채 장기 등급미확인); taxonomy 완료: 상품명·기초지수·원천 분류 필드 기반 (concentration token/default),
472840,IBK 200,classified_derived,derived_master,N,,"기초지수 명시; 자산군·투자대상 추출(주식/국내 미확인 주식전략); taxonomy 완료: 상품명·기초지수·원천 분류 필드 기반 (active/passive token, payoff token/default, FX token/default)",
472870,RISE 미국30년국채엔화노출(합성 H),classified_derived,official_index,N,가능,"기초지수 명시; 운용사·공식 출처 URL 존재; 자산군·투자대상 추출(채권/미국 국채 장기 등급미확인); taxonomy 완료: 상품명·기초지수·원천 분류 필드 기반 (active/passive token, concentration token/default)",
472920,HK 종합채권(AA-이상)액티브,classified_derived,derived_master,N,,"기초지수 명시; 자산군·투자대상 추출(채권/국내 채권 만기미확인 AA); taxonomy 완료: 상품명·기초지수·원천 분류 필드 기반 (active/passive token, FX token/default, concentration token/default)",
473290,KODEX 26-12 회사채(AA-이상)액티브,classified_derived,official_index,N,가능,"기초지수 명시; 운용사·공식 출처 URL 존재; 자산군·투자대상 추출(채권/국내 회사채 만기미확인 AA); taxonomy 완료: 상품명·기초지수·원천 분류 필드 기반 (active/passive token, FX token/default, concentration token/default)",
473330,SOL 미국30년국채커버드콜(합성),classified_derived,official_index,N,가능,기초지수 명시; 운용사·공식 출처 URL 존재; 상품명 구조표시(covered_call); 자산군·투자대상 추출(채권/미국 국채 장기 등급미확인); taxonomy 완료: 상품명·기초지수·원천 분류 필드 기반 (concentration token/default),
473440,ACE 11월만기자동연장회사채AA-이상액티브,classified_derived,official_index,N,가능,"기초지수 명시; 운용사·공식 출처 URL 존재; 자산군·투자대상 추출(채권/국내 회사채 만기미확인 AA); taxonomy 완료: 상품명·기초지수·원천 분류 필드 기반 (active/passive token, FX token/default, concentration token/default)",
473460,KODEX 미국서학개미,classified_derived,official_index,N,가능,"기초지수 명시; 운용사·공식 출처 URL 존재; 자산군·투자대상 추출(주식/미국 미확인 주식전략); taxonomy 완료: 상품명·기초지수·원천 분류 필드 기반 (active/passive token, payoff token/default, concentration token/default)",
473590,ACE 미국주식베스트셀러,classified_derived,official_index,N,가능,"기초지수 명시; 운용사·공식 출처 URL 존재; 자산군·투자대상 추출(주식/미국 미확인 주식전략); taxonomy 완료: 상품명·기초지수·원천 분류 필드 기반 (active/passive token, payoff token/default, concentration token/default)",
473640,HANARO 글로벌금채굴기업,classified_derived,official_index,N,가능,"기초지수 명시; 운용사·공식 출처 URL 존재; 자산군·투자대상 추출(주식/미국 미확인 주식전략); taxonomy 완료: 상품명·기초지수·원천 분류 필드 기반 (active/passive token, payoff token/default, concentration token/default)",
474220,TIGER 미국테크TOP10타겟커버드콜,classified_derived,official_index,N,가능,기초지수 명시; 운용사·공식 출처 URL 존재; 상품명 구조표시(covered_call); 자산군·투자대상 추출(주식/미국 미확인 주식전략); taxonomy 완료: 상품명·기초지수·원천 분류 필드 기반,
474390,SOL 국고채30년액티브,classified_derived,official_index,N,가능,"기초지수 명시; 운용사·공식 출처 URL 존재; 자산군·투자대상 추출(채권/국내 채권 장기 등급미확인); taxonomy 완료: 상품명·기초지수·원천 분류 필드 기반 (active/passive token, FX token/default, concentration token/default)",
474920,에셋플러스 차이나일등기업포커스10액티브,classified_derived,derived_master,N,,"기초지수 명시; 자산군·투자대상 추출(주식/중국 미확인 주식전략); taxonomy 완료: 상품명·기초지수·원천 분류 필드 기반 (active/passive token, payoff token/default, concentration token/default)",
475080,KODEX 테슬라커버드콜채권혼합액티브,classified_derived,official_index,N,가능,기초지수 명시; 운용사·공식 출처 URL 존재; 상품명 구조표시(covered_call); 자산군·투자대상 추출(채권/미국 채권 만기미확인 등급미확인); taxonomy 완료: 상품명·기초지수·원천 분류 필드 기반 (concentration token/default),
475260,ACE 2월만기자동연장회사채AA-이상액티브,classified_derived,official_index,N,가능,"기초지수 명시; 운용사·공식 출처 URL 존재; 자산군·투자대상 추출(채권/국내 회사채 만기미확인 AA); taxonomy 완료: 상품명·기초지수·원천 분류 필드 기반 (active/passive token, FX token/default, concentration token/default)",
475270,ACE 5월만기자동연장회사채AA-이상액티브,classified_derived,official_index,N,가능,"기초지수 명시; 운용사·공식 출처 URL 존재; 자산군·투자대상 추출(채권/국내 회사채 만기미확인 AA); taxonomy 완료: 상품명·기초지수·원천 분류 필드 기반 (active/passive token, FX token/default, concentration token/default)",
475280,ACE 8월만기자동연장회사채AA-이상액티브,classified_derived,official_index,N,가능,"기초지수 명시; 운용사·공식 출처 URL 존재; 자산군·투자대상 추출(채권/국내 회사채 만기미확인 AA); taxonomy 완료: 상품명·기초지수·원천 분류 필드 기반 (active/passive token, FX token/default, concentration token/default)",
475350,RISE 버크셔포트폴리오TOP10,classified_derived,official_index,N,가능,"기초지수 명시; 운용사·공식 출처 URL 존재; 자산군·투자대상 추출(주식/국내 미확인 주식전략); taxonomy 완료: 상품명·기초지수·원천 분류 필드 기반 (active/passive token, payoff token/default, FX token/default)",
475380,RISE 글로벌리얼티인컴,classified_derived,official_index,N,가능,"기초지수 명시; 운용사·공식 출처 URL 존재; 자산군·투자대상 추출(주식/글로벌 미확인 주식전략); taxonomy 완료: 상품명·기초지수·원천 분류 필드 기반 (active/passive token, payoff token/default, concentration token/default)",
475720,RISE 200위클리커버드콜,classified_derived,official_index,N,가능,기초지수 명시; 운용사·공식 출처 URL 존재; 상품명 구조표시(covered_call); 자산군·투자대상 추출(주식/국내 미확인 주식전략); taxonomy 완료: 상품명·기초지수·원천 분류 필드 기반 (FX token/default),
476000,UNICORN 포스트IPO액티브,classified_derived,derived_master,N,,"기초지수 명시; 자산군·투자대상 추출(주식/국내 미확인 주식전략); taxonomy 완료: 상품명·기초지수·원천 분류 필드 기반 (active/passive token, payoff token/default, FX token/default, concentration token/default)",
476070,KODEX 글로벌비만치료제TOP2 Plus,classified_derived,official_index,N,가능,"기초지수 명시; 운용사·공식 출처 URL 존재; 자산군·투자대상 추출(주식/미국 미확인 주식전략); taxonomy 완료: 상품명·기초지수·원천 분류 필드 기반 (active/passive token, payoff token/default)",
476310,RISE 글로벌비만산업TOP2+,classified_derived,official_index,N,가능,"기초지수 명시; 운용사·공식 출처 URL 존재; 자산군·투자대상 추출(주식/글로벌 미확인 주식전략); taxonomy 완료: 상품명·기초지수·원천 분류 필드 기반 (active/passive token, payoff token/default)",
476550,TIGER 미국30년국채커버드콜액티브(H),classified_derived,official_index,N,가능,기초지수 명시; 운용사·공식 출처 URL 존재; 상품명 구조표시(covered_call); 자산군·투자대상 추출(채권/미국 국채 장기 등급미확인); taxonomy 완료: 상품명·기초지수·원천 분류 필드 기반 (concentration token/default),
476690,TIGER 글로벌비만치료제TOP2Plus,classified_derived,official_index,N,가능,"기초지수 명시; 운용사·공식 출처 URL 존재; 자산군·투자대상 추출(주식/미국 미확인 주식전략); taxonomy 완료: 상품명·기초지수·원천 분류 필드 기반 (active/passive token, payoff token/default)",
476750,ACE 미국30년국채엔화노출액티브(H),classified_derived,official_index,N,가능,"기초지수 명시; 운용사·공식 출처 URL 존재; 자산군·투자대상 추출(채권/미국 국채 장기 등급미확인); taxonomy 완료: 상품명·기초지수·원천 분류 필드 기반 (active/passive token, concentration token/default)",
476760,ACE 미국30년국채액티브,classified_derived,official_index,N,가능,"기초지수 명시; 운용사·공식 출처 URL 존재; 자산군·투자대상 추출(채권/미국 국채 장기 등급미확인); taxonomy 완료: 상품명·기초지수·원천 분류 필드 기반 (active/passive token, concentration token/default)",
477490,에셋플러스 글로벌일등기업포커스10액티브,classified_derived,derived_master,N,,"기초지수 명시; 자산군·투자대상 추출(주식/글로벌 미확인 주식전략); taxonomy 완료: 상품명·기초지수·원천 분류 필드 기반 (active/passive token, payoff token/default, concentration token/default)",
479730,TIGER 인도빌리언컨슈머,classified_derived,official_index,N,가능,"기초지수 명시; 운용사·공식 출처 URL 존재; 자산군·투자대상 추출(주식/인도 미확인 주식전략); taxonomy 완료: 상품명·기초지수·원천 분류 필드 기반 (active/passive token, payoff token/default, concentration token/default)",
479850,HANARO K-뷰티,classified_derived,official_index,N,가능,"기초지수 명시; 운용사·공식 출처 URL 존재; 자산군·투자대상 추출(주식/국내 미확인 주식전략); taxonomy 완료: 상품명·기초지수·원천 분류 필드 기반 (active/passive token, payoff token/default, FX token/default, concentration token/default)",
480020,ACE 미국빅테크7+데일리타겟커버드콜(합성),classified_derived,official_index,N,가능,기초지수 명시; 운용사·공식 출처 URL 존재; 상품명 구조표시(covered_call); 자산군·투자대상 추출(주식/미국 미확인 주식전략); taxonomy 완료: 상품명·기초지수·원천 분류 필드 기반 (concentration token/default),
480030,ACE 미국500데일리타겟커버드콜(합성),classified_derived,official_index,N,가능,기초지수 명시; 운용사·공식 출처 URL 존재; 상품명 구조표시(covered_call); 자산군·투자대상 추출(주식/미국 미확인 주식전략); taxonomy 완료: 상품명·기초지수·원천 분류 필드 기반,
480260,TIGER 27-04회사채(A+이상)액티브,classified_derived,official_index,N,가능,"기초지수 명시; 운용사·공식 출처 URL 존재; 자산군·투자대상 추출(채권/국내 회사채 만기미확인 등급미확인); taxonomy 완료: 상품명·기초지수·원천 분류 필드 기반 (active/passive token, FX token/default, concentration token/default)",
480460,WON 한국부동산TOP3플러스,classified_derived,derived_master,N,,"기초지수 명시; 자산군·투자대상 추출(주식/국내 미확인 주식전략); taxonomy 완료: 상품명·기초지수·원천 분류 필드 기반 (active/passive token, payoff token/default, FX token/default)",
481050,KODEX CD1년금리플러스액티브(합성),conflict_resolved,conflict_resolved,N,가능,기초지수 명시; 운용사·공식 출처 URL 존재; 자산군·투자대상 추출(원자재/기타원자재 futures); 충돌 해소: 출처 우선순위와 구조 필드 기준,
481060,KODEX 미국30년국채타겟커버드콜(합성 H),classified_derived,official_index,N,가능,기초지수 명시; 운용사·공식 출처 URL 존재; 상품명 구조표시(covered_call); 자산군·투자대상 추출(채권/미국 국채 장기 등급미확인); taxonomy 완료: 상품명·기초지수·원천 분류 필드 기반 (concentration token/default),
481190,SOL 미국테크TOP10,conflict_resolved,conflict_resolved,N,가능,기초지수 명시; 운용사·공식 출처 URL 존재; 자산군·투자대상 추출(채권/미국 국채 만기미확인 등급미확인); 충돌 해소: 출처 우선순위와 구조 필드 기준,
481340,RISE 미국30년국채액티브,classified_derived,official_index,N,가능,"기초지수 명시; 운용사·공식 출처 URL 존재; 자산군·투자대상 추출(채권/미국 국채 장기 등급미확인); taxonomy 완료: 상품명·기초지수·원천 분류 필드 기반 (active/passive token, concentration token/default)",
481430,RISE 국고채10년액티브,classified_derived,official_index,N,가능,"기초지수 명시; 운용사·공식 출처 URL 존재; 자산군·투자대상 추출(채권/국내 채권 장기 등급미확인); taxonomy 완료: 상품명·기초지수·원천 분류 필드 기반 (active/passive token, FX token/default, concentration token/default)",
483020,KIWOOM 의료AI,classified_derived,official_index,N,가능,"기초지수 명시; 운용사·공식 출처 URL 존재; 자산군·투자대상 추출(주식/국내 미확인 주식전략); taxonomy 완료: 상품명·기초지수·원천 분류 필드 기반 (active/passive token, payoff token/default, FX token/default, concentration token/default)",
483030,KIWOOM 미국블록버스터바이오테크의약품+,conflict_resolved,conflict_resolved,N,가능,기초지수 명시; 운용사·공식 출처 URL 존재; 자산군·투자대상 추출(채권/미국 국채 만기미확인 등급미확인); 충돌 해소: 출처 우선순위와 구조 필드 기준,
484790,KODEX 미국30년국채액티브(H),classified_derived,official_index,N,가능,"기초지수 명시; 운용사·공식 출처 URL 존재; 자산군·투자대상 추출(채권/미국 국채 장기 등급미확인); taxonomy 완료: 상품명·기초지수·원천 분류 필드 기반 (active/passive token, concentration token/default)",
485540,KODEX 미국AI테크TOP10,classified_derived,official_index,N,가능,"기초지수 명시; 운용사·공식 출처 URL 존재; 자산군·투자대상 추출(주식/미국 미확인 주식전략); taxonomy 완료: 상품명·기초지수·원천 분류 필드 기반 (active/passive token, payoff token/default)",
487750,BNK 온디바이스AI,classified_derived,derived_master,N,,"기초지수 명시; 자산군·투자대상 추출(주식/국내 미확인 주식전략); taxonomy 완료: 상품명·기초지수·원천 분류 필드 기반 (active/passive token, payoff token/default, FX token/default, concentration token/default)",
487910,ACE 인도컨슈머파워액티브,classified_derived,official_index,N,가능,"기초지수 명시; 운용사·공식 출처 URL 존재; 자산군·투자대상 추출(주식/인도 미확인 주식전략); taxonomy 완료: 상품명·기초지수·원천 분류 필드 기반 (active/passive token, payoff token/default, concentration token/default)",
488290,MIDAS 일본테크액티브,classified_derived,derived_master,N,,"기초지수 명시; 자산군·투자대상 추출(주식/일본 미확인 주식전략); taxonomy 완료: 상품명·기초지수·원천 분류 필드 기반 (active/passive token, payoff token/default)",
488480,RISE 일본섹터TOP4Plus,classified_derived,official_index,N,가능,"기초지수 명시; 운용사·공식 출처 URL 존재; 자산군·투자대상 추출(주식/미국 미확인 주식전략); taxonomy 완료: 상품명·기초지수·원천 분류 필드 기반 (active/passive token, payoff token/default)",
488720,WON 종합채권(AA-이상)액티브,classified_derived,derived_master,N,,"기초지수 명시; 자산군·투자대상 추출(채권/국내 채권 만기미확인 AA); taxonomy 완료: 상품명·기초지수·원천 분류 필드 기반 (active/passive token, FX token/default, concentration token/default)",
488980,SOL 26-12 회사채(AA-이상)액티브,classified_derived,official_index,N,가능,"기초지수 명시; 운용사·공식 출처 URL 존재; 자산군·투자대상 추출(채권/국내 회사채 만기미확인 AA); taxonomy 완료: 상품명·기초지수·원천 분류 필드 기반 (active/passive token, FX token/default, concentration token/default)",
489000,PLUS 일본엔화초단기국채(합성),conflict_resolved,conflict_resolved,N,가능,기초지수 명시; 운용사·공식 출처 URL 존재; 자산군·투자대상 추출(채권/미국 국채 초단기 등급미확인); 충돌 해소: 출처 우선순위와 구조 필드 기준,
489290,WON 미국빌리어네어,classified_derived,derived_master,N,,"기초지수 명시; 자산군·투자대상 추출(주식/미국 미확인 주식전략); taxonomy 완료: 상품명·기초지수·원천 분류 필드 기반 (active/passive token, payoff token/default, concentration token/default)",
490090,TIGER 미국AI빅테크10,classified_derived,official_index,N,가능,"기초지수 명시; 운용사·공식 출처 URL 존재; 자산군·투자대상 추출(주식/미국 미확인 주식전략); taxonomy 완료: 상품명·기초지수·원천 분류 필드 기반 (active/passive token, payoff token/default, concentration token/default)",
490330,KoAct 미국치매&뇌질환치료제액티브,classified_derived,derived_master,N,,"기초지수 명시; 자산군·투자대상 추출(주식/미국 미확인 주식전략); taxonomy 완료: 상품명·기초지수·원천 분류 필드 기반 (active/passive token, payoff token/default, concentration token/default)",
490490,SOL 미국배당미국채혼합50,classified_derived,official_index,N,가능,"기초지수 명시; 운용사·공식 출처 URL 존재; 자산군·투자대상 추출(채권/국내 국채 만기미확인 등급미확인); taxonomy 완료: 상품명·기초지수·원천 분류 필드 기반 (active/passive token, concentration token/default)",
490590,RISE 미국AI밸류체인데일리고정커버드콜,classified_derived,official_index,N,가능,기초지수 명시; 운용사·공식 출처 URL 존재; 상품명 구조표시(covered_call); 자산군·투자대상 추출(주식/미국 미확인 주식전략); taxonomy 완료: 상품명·기초지수·원천 분류 필드 기반 (concentration token/default),
490600,RISE 미국배당100데일리고정커버드콜,classified_derived,official_index,N,가능,기초지수 명시; 운용사·공식 출처 URL 존재; 상품명 구조표시(covered_call); 자산군·투자대상 추출(주식/미국 미확인 주식전략); taxonomy 완료: 상품명·기초지수·원천 분류 필드 기반,
491090,KODEX 미국테크TOP3플러스,classified_derived,official_index,N,가능,"기초지수 명시; 운용사·공식 출처 URL 존재; 자산군·투자대상 추출(주식/미국 미확인 주식전략); taxonomy 완료: 상품명·기초지수·원천 분류 필드 기반 (active/passive token, payoff token/default)",
491220,PLUS 200TR,classified_derived,official_index,N,가능,"기초지수 명시; 운용사·공식 출처 URL 존재; 자산군·투자대상 추출(주식/국내 미확인 주식전략); taxonomy 완료: 상품명·기초지수·원천 분류 필드 기반 (active/passive token, payoff token/default, FX token/default)",
491620,RISE 미국테크100데일리고정커버드콜,classified_derived,official_index,N,가능,기초지수 명시; 운용사·공식 출처 URL 존재; 상품명 구조표시(covered_call); 자산군·투자대상 추출(주식/미국 미확인 주식전략); taxonomy 완료: 상품명·기초지수·원천 분류 필드 기반,
491700,HK 200,classified_derived,derived_master,N,,"기초지수 명시; 자산군·투자대상 추출(주식/국내 미확인 주식전략); taxonomy 완료: 상품명·기초지수·원천 분류 필드 기반 (active/passive token, payoff token/default, FX token/default)",
491820,HANARO 전력설비투자,classified_derived,official_index,N,가능,"기초지수 명시; 운용사·공식 출처 URL 존재; 자산군·투자대상 추출(주식/국내 미확인 주식전략); taxonomy 완료: 상품명·기초지수·원천 분류 필드 기반 (active/passive token, payoff token/default, FX token/default, concentration token/default)",
492500,1Q 현대차그룹채권(A+이상)&국고통안,classified_derived,derived_master,N,,"기초지수 명시; 자산군·투자대상 추출(채권/국내 채권 만기미확인 등급미확인); taxonomy 완료: 상품명·기초지수·원천 분류 필드 기반 (active/passive token, FX token/default, concentration token/default)",
493810,TIGER 미국AI빅테크10타겟데일리커버드콜,classified_derived,official_index,N,가능,기초지수 명시; 운용사·공식 출처 URL 존재; 상품명 구조표시(covered_call); 자산군·투자대상 추출(주식/미국 미확인 주식전략); taxonomy 완료: 상품명·기초지수·원천 분류 필드 기반 (concentration token/default),
494180,TIME 글로벌소비트렌드액티브,classified_derived,derived_master,N,,"기초지수 명시; 자산군·투자대상 추출(주식/글로벌 미확인 주식전략); taxonomy 완료: 상품명·기초지수·원천 분류 필드 기반 (active/passive token, payoff token/default, concentration token/default)",
494340,ACE 글로벌AI맞춤형반도체,conflict_resolved,conflict_resolved,N,가능,기초지수 명시; 운용사·공식 출처 URL 존재; 자산군·투자대상 추출(채권/미국 국채 만기미확인 등급미확인); 충돌 해소: 출처 우선순위와 구조 필드 기준,
494890,KODEX 200액티브,classified_derived,official_index,N,가능,"기초지수 명시; 운용사·공식 출처 URL 존재; 자산군·투자대상 추출(주식/국내 미확인 주식전략); taxonomy 완료: 상품명·기초지수·원천 분류 필드 기반 (active/passive token, payoff token/default, FX token/default)",
495040,PLUS 코리아밸류업,classified_derived,official_index,N,가능,"기초지수 명시; 운용사·공식 출처 URL 존재; 자산군·투자대상 추출(주식/국내 미확인 주식전략); taxonomy 완료: 상품명·기초지수·원천 분류 필드 기반 (active/passive token, payoff token/default, FX token/default, concentration token/default)",
495050,RISE 코리아밸류업,classified_derived,official_index,N,가능,"기초지수 명시; 운용사·공식 출처 URL 존재; 자산군·투자대상 추출(주식/국내 미확인 주식전략); taxonomy 완료: 상품명·기초지수·원천 분류 필드 기반 (active/passive token, payoff token/default, FX token/default, concentration token/default)",
495060,TIME 코리아밸류업액티브,classified_derived,derived_master,N,,"기초지수 명시; 자산군·투자대상 추출(주식/국내 미확인 주식전략); taxonomy 완료: 상품명·기초지수·원천 분류 필드 기반 (active/passive token, payoff token/default, FX token/default, concentration token/default)",
495230,KoAct 코리아밸류업액티브,classified_derived,derived_master,N,,"기초지수 명시; 자산군·투자대상 추출(주식/국내 미확인 주식전략); taxonomy 완료: 상품명·기초지수·원천 분류 필드 기반 (active/passive token, payoff token/default, FX token/default, concentration token/default)",
495330,1Q 코리아밸류업,classified_derived,derived_master,N,,"기초지수 명시; 자산군·투자대상 추출(주식/국내 미확인 주식전략); taxonomy 완료: 상품명·기초지수·원천 분류 필드 기반 (active/passive token, payoff token/default, FX token/default, concentration token/default)",
495550,SOL 코리아밸류업TR,classified_derived,official_index,N,가능,"기초지수 명시; 운용사·공식 출처 URL 존재; 자산군·투자대상 추출(주식/국내 미확인 주식전략); taxonomy 완료: 상품명·기초지수·원천 분류 필드 기반 (active/passive token, payoff token/default, FX token/default, concentration token/default)",
495750,HANARO 코리아밸류업,classified_derived,official_index,N,가능,"기초지수 명시; 운용사·공식 출처 URL 존재; 자산군·투자대상 추출(주식/국내 미확인 주식전략); taxonomy 완료: 상품명·기초지수·원천 분류 필드 기반 (active/passive token, payoff token/default, FX token/default, concentration token/default)",
495850,KODEX 코리아밸류업,classified_derived,official_index,N,가능,"기초지수 명시; 운용사·공식 출처 URL 존재; 자산군·투자대상 추출(주식/국내 미확인 주식전략); taxonomy 완료: 상품명·기초지수·원천 분류 필드 기반 (active/passive token, payoff token/default, FX token/default, concentration token/default)",
496020,WON 전단채플러스액티브,classified_derived,derived_master,N,,"기초지수 명시; 자산군·투자대상 추출(채권/국내 채권 만기미확인 등급미확인); taxonomy 완료: 상품명·기초지수·원천 분류 필드 기반 (active/passive token, FX token/default, concentration token/default)",
496080,TIGER 코리아밸류업,classified_derived,official_index,N,가능,"기초지수 명시; 운용사·공식 출처 URL 존재; 자산군·투자대상 추출(주식/국내 미확인 주식전략); taxonomy 완료: 상품명·기초지수·원천 분류 필드 기반 (active/passive token, payoff token/default, FX token/default, concentration token/default)",
496090,KIWOOM 코리아밸류업,classified_derived,official_index,N,가능,"기초지수 명시; 운용사·공식 출처 URL 존재; 자산군·투자대상 추출(주식/국내 미확인 주식전략); taxonomy 완료: 상품명·기초지수·원천 분류 필드 기반 (active/passive token, payoff token/default, FX token/default, concentration token/default)",
496120,ACE 코리아밸류업,classified_derived,official_index,N,가능,"기초지수 명시; 운용사·공식 출처 URL 존재; 자산군·투자대상 추출(주식/국내 미확인 주식전략); taxonomy 완료: 상품명·기초지수·원천 분류 필드 기반 (active/passive token, payoff token/default, FX token/default, concentration token/default)",
496130,TRUSTON 코리아밸류업액티브,conflict_resolved,conflict_resolved,N,,기초지수 명시; 자산군·투자대상 추출(채권/국내 국채 만기미확인 등급미확인); 충돌 해소: 출처 우선순위와 구조 필드 기준,
498180,파워 종합채권(AA-이상)액티브,classified_derived,derived_master,N,,"기초지수 명시; 자산군·투자대상 추출(채권/국내 채권 만기미확인 AA); taxonomy 완료: 상품명·기초지수·원천 분류 필드 기반 (active/passive token, FX token/default, concentration token/default)",
498400,KODEX 200타겟위클리커버드콜,classified_derived,official_index,N,가능,기초지수 명시; 운용사·공식 출처 URL 존재; 상품명 구조표시(covered_call); 자산군·투자대상 추출(주식/국내 미확인 주식전략); taxonomy 완료: 상품명·기초지수·원천 분류 필드 기반 (FX token/default),
