isin_cd,ticker,name,base_index,asset_family,region_primary,comparison_category,comparison_topic,comparison_subtopic,index_family,strategy_style,payoff_structure,direction,leverage_multiple,fx_hedge,replication_method,concentration_bucket,primary_peer_group_id,alternate_peer_group_ids,classification_status,evidence_basis,official_source_url,review_reason
KR70000D0009,0000D0,TIGER 엔비디아미국채커버드콜밸런스(합성),KEDI 엔비디아미국채30년타겟커버드콜혼합지수(TR),혼합자산,미국,혼합자산,자산배분 & 채권혼합,단일종목 채권혼합,BOND_미국-국채-장기-등급미확인-047cbda7f5,covered_call,covered_call,neutral,1X,unhedged,synthetic,unknown,PG-PENDING-0000D0-6e5e0f5383,,classified_derived,기초지수 명시; 운용사·공식 출처 URL 존재; 상품명 구조표시(covered_call); 자산군·투자대상 추출(채권/미국 국채 장기 등급미확인),가능,세부 투자대상 또는 만기·구성비율 미확인
KR70000H0005,0000H0,KODEX 인도Nifty미드캡100,Nifty Midcap 100 Index(PR),주식,인도,규모,인도 시장 & 밸류체인,인도 시가총액,시가총액-인도-시가총액-35cd304d20,passive,plain,neutral,1X,unhedged,physical_or_unspecified,broad,PG-주식-인도-규모-시가총액-인도-시가총액-시가총액-인도-시가총액-3-8d5021331c,,verified_official,기초지수 명시; 운용사·공식 출처 URL 존재; 자산군·투자대상 추출(주식/인도 시가총액),가능,
KR70000J0003,0000J0,PLUS 한화그룹주,FnGuide 한화그룹주 지수,주식,국내,기업집단,기업집단,국내 기업집단,기업집단-국내-기업집단-d62cbfc10d,passive,plain,neutral,1X,unhedged_or_not_applicable,physical_or_unspecified,unknown,PG-주식-국내-기업집단-기업집단-국내-기업집단-기업집단-국내-기업집단-e294ab8bd9,,verified_official,기초지수 명시; 운용사·공식 출처 URL 존재; 자산군·투자대상 추출(주식/국내 기업집단),가능,
KR70000Y0004,0000Y0,HK 26-12 회사채(AA-이상)액티브,KAP 26-12 크레딧 채권 총수익지수(AA-이상),채권,국내,채권,만기매칭형 채권,국내 회사채 만기미확인 AA,BOND_국내-회사채-만기미확인-AA-971a2814f8,active,bond_coupon,neutral,1X,unhedged_or_not_applicable,active,unknown,PG-PENDING-0000Y0-065d0f144a,,classified_derived,기초지수 명시; 자산군·투자대상 추출(채권/국내 회사채 만기미확인 AA),,세부 투자대상 또는 만기·구성비율 미확인
KR70000Z0003,0000Z0,RISE 바이오TOP10액티브,KRX 바이오 TOP 10 지수,주식,국내,산업·섹터,비만·신약 & 바이오시밀러,국내 바이오·제약·헬스케어,바이오-제약-헬스케어-국내-바이오-제약-헬스케어-d888086019,active,plain,neutral,1X,unhedged_or_not_applicable,active,concentrated,PG-주식-국내-산업-섹터-바이오-제약-헬스케어-국내-바이오-제약-헬스-eaf9ac0bdb,,verified_official,기초지수 명시; 운용사·공식 출처 URL 존재; 자산군·투자대상 추출(주식/국내 바이오·제약·헬스케어),가능,
KR70001P0004,0001P0,마이티 바이오시밀러&CDMO액티브,FnGuide 바이오시밀러&CDMO 지수,주식,국내,산업·섹터,비만·신약 & 바이오시밀러,국내 바이오·제약·헬스케어,바이오-제약-헬스케어-국내-바이오-제약-헬스케어-d888086019,active,plain,neutral,1X,unhedged_or_not_applicable,active,unknown,PG-주식-국내-산업-섹터-바이오-제약-헬스케어-국내-바이오-제약-헬스-eaf9ac0bdb,,auto_high_confidence,기초지수 명시; 자산군·투자대상 추출(주식/국내 바이오·제약·헬스케어),,
KR70002C0008,0002C0,에셋플러스 인도일등기업포커스20액티브,MSCI India IMI Index(PR),주식,인도,기타특수구조,인도 시장 & 밸류체인,인도 미확인 주식전략,미확인-주식전략-인도-미확인-주식전략-69bd615628,active,plain,neutral,1X,unhedged,active,unknown,PG-PENDING-0002C0-d549ff062f,,classified_derived,기초지수 명시; 자산군·투자대상 추출(주식/인도 미확인 주식전략),,직접 비교에 필요한 주식 전략·투자대상 미확인; 세부 투자대상 또는 만기·구성비율 미확인
KR70004G0002,0004G0,1Q 미국배당TOP30,Solactive U.S. Dividend TOP 30 Index PR,주식,미국,배당·주주환원,고배당 & 인컴 전략,미국 고배당,고배당-미국-고배당-8e56e7fe68,active,plain,neutral,1X,unhedged,active,ultra_concentrated,PG-주식-미국-배당-주주환원-고배당-미국-고배당-고배당-미국-고배당--25a2d26271,,auto_high_confidence,기초지수 명시; 자산군·투자대상 추출(주식/미국 고배당),,
KR70005A0007,0005A0,KODEX 미국S&P500데일리커버드콜OTM,S&P 500 Covered Call 1% OTM Daily Index(TR),주식,미국,대표지수,해외 월배당 & 커버드콜,미국 S&P500,S&P500,covered_call,covered_call,neutral,1X,unhedged,physical_or_unspecified,broad,PG-주식-미국-대표지수-S-P500-미국-S-P500-S-P500-C-4d555d2df6,,verified_official,기초지수 명시; 운용사·공식 출처 URL 존재; 상품명 구조표시(covered_call); 자산군·투자대상 추출(주식/미국 S&P500),가능,
KR70005C0005,0005C0,RISE 미국S&P500엔화노출(합성 H),S&P500 Yen Hedged Index(PR),주식,미국,대표지수,일본 테크 & 상사,미국 S&P500,S&P500,passive,plain,neutral,1X,hedged,synthetic,broad,PG-주식-미국-대표지수-S-P500-미국-S-P500-S-P500-P-c2eb6d3f91,,verified_official,기초지수 명시; 운용사·공식 출처 URL 존재; 자산군·투자대상 추출(주식/미국 S&P500),가능,
KR70005D0004,0005D0,SOL 전고체배터리&실리콘음극재,FnGuide 전고체배터리&실리콘음극재 지수(PR),주식,국내,산업·섹터,2차전지 셀 & 소재,국내 2차전지·배터리 소재,2차전지-배터리-소재-국내-2차전지-배터리-소재-1367e96ce1,passive,plain,neutral,1X,unhedged_or_not_applicable,physical_or_unspecified,unknown,PG-주식-국내-산업-섹터-2차전지-배터리-소재-국내-2차전지-배터리--0cc60d36d9,,verified_official,기초지수 명시; 운용사·공식 출처 URL 존재; 자산군·투자대상 추출(주식/국내 2차전지·배터리 소재),가능,
KR70005G0001,0005G0,IBK K-AI반도체코어테크,FnGuide K-AI반도체 코어테크 지수,주식,국내,산업·섹터,AI 반도체 & HBM,국내 반도체,반도체-국내-반도체-0ed1f11677,passive,plain,neutral,1X,unhedged_or_not_applicable,physical_or_unspecified,unknown,PG-주식-국내-산업-섹터-반도체-국내-반도체-반도체-국내-반도체-0E-f4bdfa635d,,auto_high_confidence,기초지수 명시; 자산군·투자대상 추출(주식/국내 반도체),,
KR70007F0000,0007F0,KODEX 27-12 회사채(AA-이상)액티브,KAP 27-12 회사채 총수익 지수(AA-이상),채권,국내,채권,만기매칭형 채권,국내 회사채 만기미확인 AA,BOND_국내-회사채-만기미확인-AA-971a2814f8,active,bond_coupon,neutral,1X,unhedged_or_not_applicable,active,unknown,PG-PENDING-0007F0-bd6f3f8d85,,classified_derived,기초지수 명시; 운용사·공식 출처 URL 존재; 자산군·투자대상 추출(채권/국내 회사채 만기미확인 AA),가능,세부 투자대상 또는 만기·구성비율 미확인
KR70007G0009,0007G0,PLUS 글로벌원자력밸류체인,Solactive Global Nuclear Energy Value Chain Index(PR),주식,미국,산업·섹터,글로벌 원자력 & SMR,미국 원자력,원자력-미국-원자력-7e5331965a,active,plain,neutral,1X,unhedged,active,unknown,PG-주식-미국-산업-섹터-원자력-미국-원자력-원자력-미국-원자력-7E-dd53fbdb95,,verified_official,기초지수 명시; 운용사·공식 출처 URL 존재; 자산군·투자대상 추출(주식/미국 원자력),가능,
KR70007N0000,0007N0,아이엠에셋 200,코스피 200,주식,국내,대표지수,코스피 200 코어,국내 코스피200,KOSPI200,passive,plain,neutral,1X,unhedged_or_not_applicable,physical_or_unspecified,broad,PG-주식-국내-대표지수-코스피200-국내-코스피200-KOSPI200-b519363da3,,verified_official,기초지수 명시; 자산군·투자대상 추출(주식/국내 미확인 주식전략),,직접 비교에 필요한 주식 전략·투자대상 미확인; 세부 투자대상 또는 만기·구성비율 미확인
KR70008E0000,0008E0,ACE 미국중심중소형제조업,NYSE FactSet US Focus Manufacturing Index(Price Return),주식,미국,기타특수구조,미확인 주식전략,미국 미확인 주식전략,미확인-주식전략-미국-미확인-주식전략-bf6afc4d9f,passive,plain,neutral,1X,unhedged,physical_or_unspecified,unknown,PG-PENDING-0008E0-fab95b1c94,,classified_derived,기초지수 명시; 운용사·공식 출처 URL 존재; 자산군·투자대상 추출(주식/미국 미확인 주식전략),가능,직접 비교에 필요한 주식 전략·투자대상 미확인; 세부 투자대상 또는 만기·구성비율 미확인
KR70008S0004,0008S0,TIGER 미국배당다우존스타겟데일리커버드콜,Dow Jones U.S. Dividend 100 10% Daily Premium Covered Call 지수,주식,미국,배당·주주환원,해외 월배당 & 커버드콜,미국 배당다우존스,DOW_JONES_DIVIDEND,covered_call,covered_call,neutral,1X,unhedged,physical_or_unspecified,broad,PG-주식-미국-배당-주주환원-배당다우존스-미국-배당다우존스-DOW-J-6a7ebd2885,,verified_official,기초지수 명시; 운용사·공식 출처 URL 존재; 상품명 구조표시(covered_call); 자산군·투자대상 추출(주식/미국 배당다우존스),가능,
KR70008T0003,0008T0,SOL 화장품TOP3플러스,FnGuide 화장품TOP3 플러스 지수(PR),주식,국내,산업·섹터,K-푸드 & K-뷰티,국내 화장품,화장품-국내-화장품-d36ab35225,passive,plain,neutral,1X,unhedged_or_not_applicable,physical_or_unspecified,ultra_concentrated,PG-주식-국내-산업-섹터-화장품-국내-화장품-화장품-국내-화장품-D3-4742e73eb6,,verified_official,기초지수 명시; 운용사·공식 출처 URL 존재; 자산군·투자대상 추출(주식/국내 화장품),가능,
KR70013P0000,0013P0,RISE 미국은행TOP10,KEDI 미국 은행 TOP10 지수,주식,미국,산업·섹터,금융·은행·증권·보험,미국 금융·은행·증권·보험,금융-은행-증권-보험-미국-금융-은행-증권-보험-4605e3ffab,plain,plain,neutral,1X,unhedged,physical_or_unspecified,concentrated,PG-주식-미국-산업-섹터-금융-은행-증권-보험-미국-금융-은행-증권--af9be94e4a,,verified_official,기초지수 명시; 운용사·공식 출처 URL 존재; 자산군·투자대상 추출(주식/미국 금융·은행·증권·보험),가능,
KR70013R0008,0013R0,RISE 테슬라미국채타겟커버드콜혼합(합성),KEDI 테슬라미국30년국채15%타겟프리미엄 혼합지수(TR),혼합자산,미국,혼합자산,자산배분 & 채권혼합,단일종목 채권혼합,BOND_미국-국채-장기-등급미확인-047cbda7f5,covered_call,covered_call,neutral,1X,unhedged,synthetic,unknown,PG-PENDING-0013R0-922b9c7be7,,classified_derived,기초지수 명시; 운용사·공식 출처 URL 존재; 상품명 구조표시(covered_call); 자산군·투자대상 추출(채권/미국 국채 장기 등급미확인),가능,세부 투자대상 또는 만기·구성비율 미확인
KR70015B0004,0015B0,KoAct 미국나스닥성장기업액티브,나스닥 종합주가지수,주식,미국,스타일·팩터,스타일·팩터,미국 스타일·팩터,스타일-팩터-미국-스타일-팩터-3fe8e2a344,active,plain,neutral,1X,unhedged,active,unknown,PG-주식-미국-스타일-팩터-스타일-팩터-미국-스타일-팩터-스타일-팩터-e369ea558f,,auto_high_confidence,기초지수 명시; 자산군·투자대상 추출(주식/미국 스타일·팩터),,
KR70015E0001,0015E0,KIWOOM 엔비디아미국30년국채혼합액티브(H),Bloomberg Blended NVIDIA and US Long Treasury Bond Index,혼합자산,미국,혼합자산,자산배분 & 채권혼합,단일종목 채권혼합,BOND_미국-국채-장기-등급미확인-047cbda7f5,active,bond_coupon,neutral,1X,hedged,active,unknown,PG-PENDING-0015E0-2a4f496583,,classified_derived,기초지수 명시; 운용사·공식 출처 URL 존재; 자산군·투자대상 추출(채권/미국 국채 장기 등급미확인),가능,세부 투자대상 또는 만기·구성비율 미확인
KR70015F0000,0015F0,KIWOOM 팔란티어미국30년국채혼합액티브(H),Bloomberg Blended PALANTIR and US Long Treasury Bond Index,혼합자산,미국,혼합자산,자산배분 & 채권혼합,단일종목 채권혼합,BOND_미국-국채-장기-등급미확인-047cbda7f5,active,bond_coupon,neutral,1X,hedged,active,unknown,PG-PENDING-0015F0-3afd9aae37,,classified_derived,기초지수 명시; 운용사·공식 출처 URL 존재; 자산군·투자대상 추출(채권/미국 국채 장기 등급미확인),가능,세부 투자대상 또는 만기·구성비율 미확인
KR70015K0003,0015K0,TIGER 미국소비트렌드액티브,Mirae Asset US Consumer Trend 지수 (PR),주식,미국,기타특수구조,미확인 주식전략,미국 미확인 주식전략,미확인-주식전략-미국-미확인-주식전략-bf6afc4d9f,active,plain,neutral,1X,unhedged,active,unknown,PG-PENDING-0015K0-721aca1dfc,,classified_derived,기초지수 명시; 운용사·공식 출처 URL 존재; 자산군·투자대상 추출(주식/미국 미확인 주식전략),가능,직접 비교에 필요한 주식 전략·투자대상 미확인; 세부 투자대상 또는 만기·구성비율 미확인
KR70016X0007,0016X0,SOL 중단기회사채(A-이상)액티브,KIS 중단기크레딧플러스채권(AA+~A-)지수(총수익),채권,국내,채권,우량 회사채·금융채,국내 회사채 단기 AA,BOND_국내-회사채-단기-AA-0a0dbd4ce1,active,bond_coupon,neutral,1X,unhedged_or_not_applicable,active,unknown,PG-채권-국내-채권-채권-국내-회사채-단기-AA-BOND-국내-회사채-7cce09235c,,verified_official,기초지수 명시; 운용사·공식 출처 URL 존재; 자산군·투자대상 추출(채권/국내 회사채 단기 AA),가능,
KR70017Y0005,0017Y0,1Q 종합채권(AA-이상)액티브,KIS 종합채권형 지수(AA-이상)(총수익),채권,국내,채권,우량 회사채·금융채,국내 채권 만기미확인 AA,BOND_국내-채권-만기미확인-AA-273392b07e,active,bond_coupon,neutral,1X,unhedged_or_not_applicable,active,unknown,PG-PENDING-0017Y0-0d9b0cccfe,,classified_derived,기초지수 명시; 자산군·투자대상 추출(채권/국내 채권 만기미확인 AA),,세부 투자대상 또는 만기·구성비율 미확인
KR70018C0000,0018C0,PLUS 고배당주위클리고정커버드콜,코스피 고배당 위클리 고정 커버드콜 지수,주식,국내,배당·주주환원,국내 월배당 & 커버드콜,국내 고배당,고배당-국내-고배당-2325fcd2e0,covered_call,covered_call,neutral,1X,unhedged_or_not_applicable,physical_or_unspecified,unknown,PG-주식-국내-배당-주주환원-고배당-국내-고배당-고배당-국내-고배당--572ba3d36c,,verified_official,기초지수 명시; 운용사·공식 출처 URL 존재; 상품명 구조표시(covered_call); 자산군·투자대상 추출(주식/국내 고배당),가능,
KR70018Z0003,0018Z0,RISE 미국양자컴퓨팅,Solactive US Quantum Computing Technology Index PR,주식,미국,테마,사이버보안 & 양자컴퓨팅,미국 양자컴퓨팅,양자컴퓨팅-미국-양자컴퓨팅-16444cc34b,active,plain,neutral,1X,unhedged,active,unknown,PG-주식-미국-테마-양자컴퓨팅-미국-양자컴퓨팅-양자컴퓨팅-미국-양자컴-ae6e988fe3,,verified_official,기초지수 명시; 운용사·공식 출처 URL 존재; 자산군·투자대상 추출(주식/미국 양자컴퓨팅),가능,
KR70019K0009,0019K0,TIME 미국나스닥100채권혼합50액티브,FnGuide 미국나스닥100 단기채권혼합 지수,혼합자산,미국,혼합자산,자산배분 & 채권혼합,시장대표 채권혼합,NASDAQ100,active,mixed_asset,neutral,1X,unhedged,active,broad,PG-PENDING-0019K0-c9116e97c1,,classified_derived,기초지수 명시; 자산군·투자대상 추출(채권/미국 채권 단기 등급미확인),,세부 투자대상 또는 만기·구성비율 미확인
KR70020H0001,0020H0,KoAct 글로벌양자컴퓨팅액티브,FactSet 글로벌양자컴퓨팅 PR 지수,주식,글로벌,테마,사이버보안 & 양자컴퓨팅,글로벌 양자컴퓨팅,양자컴퓨팅-글로벌-양자컴퓨팅-1d8e420807,active,plain,neutral,1X,unhedged,active,unknown,PG-주식-글로벌-테마-양자컴퓨팅-글로벌-양자컴퓨팅-양자컴퓨팅-글로벌--30377e44c3,,auto_high_confidence,기초지수 명시; 자산군·투자대상 추출(주식/글로벌 양자컴퓨팅),,
KR70022T0005,0022T0,SOL 국제금커버드콜액티브,KEDI 골드인컴프리미엄 지수(NTR),원자재,국내,원자재,귀금속 (금·은·팔라듐),금 futures,COMMODITY_금-FUTURES-0733949e87,covered_call,futures,neutral,1X,unhedged,active,unknown,PG-원자재-해당없음-원자재-금-금-FUTURES-COMMODITY-금-ee93d7746a,,verified_official,기초지수 명시; 운용사·공식 출처 URL 존재; 상품명 구조표시(covered_call); 자산군·투자대상 추출(원자재/금 futures),가능,
KR70023A0005,0023A0,SOL 미국양자컴퓨팅TOP10,KEDI 미국양자컴퓨팅 TOP10(PR),주식,미국,테마,사이버보안 & 양자컴퓨팅,미국 양자컴퓨팅,양자컴퓨팅-미국-양자컴퓨팅-16444cc34b,passive,plain,neutral,1X,unhedged,physical_or_unspecified,concentrated,PG-주식-미국-테마-양자컴퓨팅-미국-양자컴퓨팅-양자컴퓨팅-미국-양자컴-ae6e988fe3,,verified_official,기초지수 명시; 운용사·공식 출처 URL 존재; 자산군·투자대상 추출(주식/미국 양자컴퓨팅),가능,
KR70023B0004,0023B0,PLUS 미국양자컴퓨팅TOP10,iSelect 미국양자컴퓨팅 TOP10 (PR),주식,미국,테마,사이버보안 & 양자컴퓨팅,미국 양자컴퓨팅,양자컴퓨팅-미국-양자컴퓨팅-16444cc34b,passive,plain,neutral,1X,unhedged,physical_or_unspecified,concentrated,PG-주식-미국-테마-양자컴퓨팅-미국-양자컴퓨팅-양자컴퓨팅-미국-양자컴-ae6e988fe3,,verified_official,기초지수 명시; 운용사·공식 출처 URL 존재; 자산군·투자대상 추출(주식/미국 양자컴퓨팅),가능,
KR70025N0008,0025N0,TIGER TDF2045 적격,S&P Korea Target Date 2045 Global Index,혼합자산,미국,혼합자산,자산배분 & 채권혼합,TDF 생애주기,혼합자산-구성비율-미확인-9c1ef5c7e4,passive,mixed_asset,neutral,1X,unhedged,physical_or_unspecified,unknown,PG-PENDING-0025N0-c7d9a9fc05,,classified_derived,기초지수 명시; 운용사·공식 출처 URL 존재; 자산군·투자대상 추출(혼합자산/구성비율 미확인),가능,세부 투자대상 또는 만기·구성비율 미확인
KR70026E0008,0026E0,KODEX 미국S&P500버퍼3월액티브,S&P500 10% Buffered Index March Series (USD) TR,주식,미국,대표지수,S&P 500 시장대표,미국 S&P500,S&P500,buffer,buffer,neutral,1X,unhedged,active,broad,PG-주식-미국-대표지수-S-P500-미국-S-P500-S-P500-B-3159c44a87,,verified_official,기초지수 명시; 운용사·공식 출처 URL 존재; 상품명 구조표시(buffer); 자산군·투자대상 추출(주식/미국 S&P500),가능,
KR70026S0002,0026S0,1Q 미국S&P500,S&P 500,주식,미국,대표지수,S&P 500 시장대표,미국 S&P500,S&P500,passive,plain,neutral,1X,unhedged,physical_or_unspecified,broad,PG-주식-미국-대표지수-S-P500-미국-S-P500-S-P500-P-c2eb6d3f91,,auto_high_confidence,기초지수 명시; 자산군·투자대상 추출(주식/미국 S&P500),,
KR70028X0003,0028X0,KODEX 미국금융테크액티브,iSelect 미국 차세대 파이낸셜 테크 지수(시장가격),주식,미국,산업·섹터,금융·은행·증권·보험,미국 금융·은행·증권·보험,금융-은행-증권-보험-미국-금융-은행-증권-보험-4605e3ffab,active,plain,neutral,1X,unhedged,active,unknown,PG-주식-미국-산업-섹터-금융-은행-증권-보험-미국-금융-은행-증권--af9be94e4a,,verified_official,기초지수 명시; 운용사·공식 출처 URL 존재; 자산군·투자대상 추출(주식/미국 금융·은행·증권·보험),가능,
KR70035T0000,0035T0,PLUS 글로벌휴머노이드로봇액티브,iSelect 글로벌휴머노이드로봇 (PR),주식,미국,테마,글로벌 로보틱스 & 자동화,미국 로봇,로봇-미국-로봇-354b9654fa,active,plain,neutral,1X,unhedged,active,unknown,PG-주식-미국-테마-로봇-미국-로봇-로봇-미국-로봇-354B9654F-e44c44095f,,verified_official,기초지수 명시; 운용사·공식 출처 URL 존재; 자산군·투자대상 추출(주식/미국 로봇),가능,
KR70036R0001,0036R0,RISE 미국휴머노이드로봇,KEDI 미국 휴머노이드 로봇 지수(시장가격),주식,미국,테마,글로벌 로보틱스 & 자동화,미국 로봇,로봇-미국-로봇-354b9654fa,passive,plain,neutral,1X,unhedged,physical_or_unspecified,unknown,PG-주식-미국-테마-로봇-미국-로봇-로봇-미국-로봇-354B9654F-e44c44095f,,verified_official,기초지수 명시; 운용사·공식 출처 URL 존재; 자산군·투자대상 추출(주식/미국 로봇),가능,
KR70036Z0001,0036Z0,RISE 미국천연가스밸류체인,Solactive US Natural Gas Value Chain Index PR,원자재,미국,원자재,에너지 (원유·천연가스),천연가스 futures,COMMODITY_천연가스-FUTURES-4d3c917bd2,active,futures,neutral,1X,unhedged,active,unknown,PG-원자재-해당없음-원자재-천연가스-천연가스-FUTURES-COMMO-1ebe888699,,verified_official,기초지수 명시; 운용사·공식 출처 URL 존재; 자산군·투자대상 추출(원자재/천연가스 futures),가능,
KR70038A0008,0038A0,KODEX 미국휴머노이드로봇,iSelect 미국 휴머노이드 로봇 지수(Price Return),주식,미국,테마,글로벌 로보틱스 & 자동화,미국 로봇,로봇-미국-로봇-354b9654fa,passive,plain,neutral,1X,unhedged,physical_or_unspecified,unknown,PG-주식-미국-테마-로봇-미국-로봇-로봇-미국-로봇-354B9654F-e44c44095f,,verified_official,기초지수 명시; 운용사·공식 출처 URL 존재; 자산군·투자대상 추출(주식/미국 로봇),가능,
KR70040S0004,0040S0,HANARO 글로벌피지컬AI액티브,Solactive Physical AI Index,주식,글로벌,테마,인공지능,인공지능 일반,인공지능-인공지능-일반-4ef7c7155f,active,plain,neutral,1X,unhedged,active,unknown,PG-주식-글로벌-테마-인공지능-인공지능-일반-인공지능-인공지능-일반--7fa2ce759b,,verified_official,기초지수 명시; 운용사·공식 출처 URL 존재; 자산군·투자대상 추출(주식/인공지능 일반),가능,
KR70040X0007,0040X0,SOL 팔란티어미국채커버드콜혼합,KEDI 팔란티어미국채커버드콜혼합지수(NTR),혼합자산,미국,혼합자산,자산배분 & 채권혼합,단일종목 채권혼합,BOND_미국-국채-만기미확인-등급미확인-6e6ab9de27,covered_call,covered_call,neutral,1X,unhedged,physical_or_unspecified,unknown,PG-PENDING-0040X0-87191482e9,,classified_derived,기초지수 명시; 운용사·공식 출처 URL 존재; 상품명 구조표시(covered_call); 자산군·투자대상 추출(채권/미국 국채 만기미확인 등급미확인),가능,세부 투자대상 또는 만기·구성비율 미확인
KR70040Y0006,0040Y0,SOL 팔란티어커버드콜OTM채권혼합,KEDI 팔란티어커버드콜OTM 채권혼합지수(NTR),혼합자산,미국,혼합자산,자산배분 & 채권혼합,단일종목 채권혼합,BOND_미국-채권-만기미확인-등급미확인-4820f5af4f,covered_call,mixed_asset,neutral,1X,unhedged,physical_or_unspecified,unknown,PG-PENDING-0040Y0-57b0b2c1be,,classified_derived,기초지수 명시; 운용사·공식 출처 URL 존재; 상품명 구조표시(covered_call); 자산군·투자대상 추출(채권/미국 채권 만기미확인 등급미확인),가능,세부 투자대상 또는 만기·구성비율 미확인
KR70041D0000,0041D0,KODEX 미국AI소프트웨어TOP10,iSelect 미국 AI 소프트웨어 TOP10 지수(PR),주식,미국,테마,생성형 AI & 소프트웨어,인공지능 일반,인공지능-인공지능-일반-4ef7c7155f,passive,plain,neutral,1X,unhedged,physical_or_unspecified,concentrated,PG-주식-미국-테마-인공지능-인공지능-일반-인공지능-인공지능-일반-4-e5f6ce4522,,verified_official,기초지수 명시; 운용사·공식 출처 URL 존재; 자산군·투자대상 추출(주식/인공지능 일반),가능,
KR70041E0009,0041E0,KODEX 미국S&P500액티브,S&P 500,주식,미국,대표지수,S&P 500 시장대표,미국 S&P500,S&P500,active,plain,neutral,1X,unhedged,active,broad,PG-주식-미국-대표지수-S-P500-미국-S-P500-S-P500-P-c2eb6d3f91,,verified_official,기초지수 명시; 운용사·공식 출처 URL 존재; 자산군·투자대상 추출(주식/미국 S&P500),가능,
KR70043B0000,0043B0,TIGER 머니마켓액티브,KIS-미래에셋 MMF지수,금리·파킹,국내,금리·파킹,금리·파킹,머니마켓,RATE_머니마켓-e1b1a267e3,active,rate_return,neutral,1X,not_applicable,active,unknown,PG-금리-파킹-해당없음-금리-파킹-금리-파킹-머니마켓-RATE-머니마-53401a7911,,verified_official,기초지수 명시; 운용사·공식 출처 URL 존재; 자산군·투자대상 추출(금리·파킹/머니마켓),가능,
KR70043Y0003,0043Y0,TIME 차이나AI테크액티브,Solactive China Artificial Intelligence 지수(원화환산)(PR),주식,중국,테마,인공지능,인공지능 일반,인공지능-인공지능-일반-4ef7c7155f,active,plain,neutral,1X,unhedged,active,unknown,PG-주식-중국-테마-인공지능-인공지능-일반-인공지능-인공지능-일반-4-e576ffa409,,auto_high_confidence,기초지수 명시; 자산군·투자대상 추출(주식/인공지능 일반),,
KR70046A0008,0046A0,TIGER 미국초단기(3개월이하)국채,ICE 0-3 Month US Treasury Securities 지수,채권,미국,채권,미국 단기국채,미국 초단기 국채 0-3M,BOND_미국-국채-초단기-등급미확인-5e59e46a3c,passive,bond_coupon,neutral,1X,unhedged,physical_or_unspecified,unknown,PG-PENDING-0046A0-f4e955fb99,,conflict_resolved,기초지수 명시; 운용사·공식 출처 URL 존재; 자산군·투자대상 추출(채권/미국 국채 초단기 등급미확인),가능,세부 투자대상 또는 만기·구성비율 미확인; 기존 자산분류와 비교분류 추론값 충돌
KR70046Y0000,0046Y0,ACE 미국배당퀄리티,WisdomTree U.S. Quality Dividend Growth Index (Price Return),주식,미국,배당·주주환원,고배당 & 인컴 전략,미국 고배당,고배당-미국-고배당-8e56e7fe68,passive,plain,neutral,1X,unhedged,physical_or_unspecified,unknown,PG-주식-미국-배당-주주환원-고배당-미국-고배당-고배당-미국-고배당--25a2d26271,,verified_official,기초지수 명시; 운용사·공식 출처 URL 존재; 자산군·투자대상 추출(주식/미국 고배당),가능,
KR70047A0007,0047A0,TIGER 차이나테크TOP10,Mirae Asset China Tech Top 10 지수 (Price Return),주식,중국,기타특수구조,인공지능,중국 미확인 주식전략,미확인-주식전략-중국-미확인-주식전략-526c3d6249,passive,plain,neutral,1X,unhedged,physical_or_unspecified,concentrated,PG-PENDING-0047A0-7cd58e1f2b,,classified_derived,기초지수 명시; 운용사·공식 출처 URL 존재; 자산군·투자대상 추출(주식/중국 미확인 주식전략),가능,직접 비교에 필요한 주식 전략·투자대상 미확인; 세부 투자대상 또는 만기·구성비율 미확인
KR70047N0002,0047N0,PLUS 차이나AI테크TOP10,Solactive China AI Tech Top10 Index(PR),주식,중국,테마,인공지능,인공지능 일반,인공지능-인공지능-일반-4ef7c7155f,active,plain,neutral,1X,unhedged,active,concentrated,PG-주식-중국-테마-인공지능-인공지능-일반-인공지능-인공지능-일반-4-e576ffa409,,verified_official,기초지수 명시; 운용사·공식 출처 URL 존재; 자산군·투자대상 추출(주식/인공지능 일반),가능,
KR70047P0000,0047P0,RISE 테슬라고정테크100,KEDI 테슬라고정테크100 지수(PR),주식,미국,단일·소수종목,단일종목,미국 단일종목,단일종목-미국-단일종목-8a16a0bfdf,passive,plain,neutral,1X,unhedged,physical_or_unspecified,single,PG-주식-미국-단일-소수종목-단일종목-미국-단일종목-단일종목-미국-단-e74c3f9bef,,verified_official,기초지수 명시; 운용사·공식 출처 URL 존재; 자산군·투자대상 추출(주식/미국 단일종목),가능,
KR70047R0008,0047R0,RISE 팔란티어고정테크100,KEDI 팔란티어고정테크100 지수(PR),주식,미국,단일·소수종목,단일종목,미국 단일종목,단일종목-미국-단일종목-8a16a0bfdf,passive,plain,neutral,1X,unhedged,physical_or_unspecified,single,PG-주식-미국-단일-소수종목-단일종목-미국-단일종목-단일종목-미국-단-e74c3f9bef,,verified_official,기초지수 명시; 운용사·공식 출처 URL 존재; 자산군·투자대상 추출(주식/미국 단일종목),가능,
KR70048J0007,0048J0,KODEX 미국머니마켓액티브,KAP 미국 머니마켓 지수,금리·파킹,미국,금리·파킹,금리·파킹,머니마켓,RATE_머니마켓-e1b1a267e3,active,rate_return,neutral,1X,unhedged,active,unknown,PG-금리-파킹-해당없음-금리-파킹-금리-파킹-머니마켓-RATE-머니마-53401a7911,,verified_official,기초지수 명시; 운용사·공식 출처 URL 존재; 자산군·투자대상 추출(금리·파킹/머니마켓),가능,
KR70048K0004,0048K0,KODEX 차이나휴머노이드로봇,Solactive China Humanoid Robotics Index (CNH) (Price Return),주식,중국,테마,글로벌 로보틱스 & 자동화,중국 로봇,로봇-중국-로봇-40eb7f5deb,active,plain,neutral,1X,unhedged,active,unknown,PG-주식-중국-테마-로봇-중국-로봇-로봇-중국-로봇-40EB7F5DE-309ad9a5d8,,verified_official,기초지수 명시; 운용사·공식 출처 URL 존재; 자산군·투자대상 추출(주식/중국 로봇),가능,
KR70049K0003,0049K0,ACE 미국배당퀄리티채권혼합50,Bloomberg WisdomTree U.S. Quality Dividend & Short Term KRW Bonds 50:50 TR Index,혼합자산,미국,혼합자산,자산배분 & 채권혼합,시장대표 채권혼합,BOND_미국-채권-만기미확인-등급미확인-4820f5af4f,inverse,mixed_asset,short,1X,unhedged,physical_or_unspecified,unknown,PG-PENDING-0049K0-6e4eea19fe,,classified_derived,기초지수 명시; 운용사·공식 출처 URL 존재; 상품명 구조표시(inverse); 자산군·투자대상 추출(채권/미국 채권 만기미확인 등급미확인),가능,세부 투자대상 또는 만기·구성비율 미확인
KR70049M0001,0049M0,ACE 미국배당퀄리티+커버드콜액티브,Bloomberg WisdomTree U.S. Quality Dividend & B500 Premium Decrement 50:50 Index,주식,미국,배당·주주환원,해외 월배당 & 커버드콜,미국 고배당,고배당-미국-고배당-8e56e7fe68,covered_call,covered_call,neutral,1X,unhedged,active,broad,PG-주식-미국-배당-주주환원-고배당-미국-고배당-고배당-미국-고배당--2302cea476,,verified_official,기초지수 명시; 운용사·공식 출처 URL 존재; 상품명 구조표시(covered_call); 자산군·투자대상 추출(주식/미국 고배당),가능,
KR70050E0007,0050E0,PLUS 미국AI에이전트,Solactive US AI Agents Index(PR),주식,미국,테마,생성형 AI & 소프트웨어,인공지능 일반,인공지능-인공지능-일반-4ef7c7155f,active,plain,neutral,1X,unhedged,active,unknown,PG-주식-미국-테마-인공지능-인공지능-일반-인공지능-인공지능-일반-4-e5f6ce4522,,verified_official,기초지수 명시; 운용사·공식 출처 URL 존재; 자산군·투자대상 추출(주식/인공지능 일반),가능,
KR70051A0000,0051A0,KoAct 브로드컴밸류체인액티브,FactSet 브로드컴밸류체인 지수,주식,미국,단일·소수종목,단일종목,미국 단일종목,단일종목-미국-단일종목-8a16a0bfdf,active,plain,neutral,1X,unhedged,active,single,PG-주식-미국-단일-소수종목-단일종목-미국-단일종목-단일종목-미국-단-e74c3f9bef,,auto_high_confidence,기초지수 명시; 자산군·투자대상 추출(주식/미국 단일종목),,
KR70051G0004,0051G0,SOL 미국원자력SMR,KEDI 미국원자력 SMR 지수(PR),주식,미국,산업·섹터,글로벌 원자력 & SMR,미국 원자력,원자력-미국-원자력-7e5331965a,passive,plain,neutral,1X,unhedged,physical_or_unspecified,unknown,PG-주식-미국-산업-섹터-원자력-미국-원자력-원자력-미국-원자력-7E-dd53fbdb95,,verified_official,기초지수 명시; 운용사·공식 출처 URL 존재; 자산군·투자대상 추출(주식/미국 원자력),가능,
KR70052D0006,0052D0,TIGER 코리아배당다우존스,Dow Jones Korea Dividend 30 지수 (Price Return),주식,국내,배당·주주환원,고배당 & 인컴 전략,국내 고배당,배당다우존스-국내-배당다우존스-f14037f0fe,passive,plain,neutral,1X,unhedged_or_not_applicable,physical_or_unspecified,unknown,PG-주식-국내-배당-주주환원-고배당-국내-고배당-고배당-국내-고배당--dd861c8cd4,,verified_official,기초지수 명시; 운용사·공식 출처 URL 존재; 자산군·투자대상 추출(주식/국내 고배당),가능,
KR70052S0009,0052S0,1Q 미국S&P500미국채혼합50액티브,S&P 500 and Short-Term Treasury 50/50 Blend Index,혼합자산,미국,혼합자산,자산배분 & 채권혼합,시장대표 채권혼합,S&P500,active,mixed_asset,short,1X,unhedged,active,broad,PG-PENDING-0052S0-dcb09ac853,,classified_derived,기초지수 명시; 상품명 구조표시(inverse); 자산군·투자대상 추출(채권/미국 국채 만기미확인 등급미확인),,세부 투자대상 또는 만기·구성비율 미확인
KR70052T0008,0052T0,1Q 중단기회사채(A-이상)액티브,KEDI 중단기크레딧플러스채권(AAA~A-)지수(총수익),채권,국내,채권,우량 회사채·금융채,국내 회사채 단기 AAA,BOND_국내-회사채-단기-AAA-97b9190eee,active,bond_coupon,neutral,1X,unhedged_or_not_applicable,active,unknown,PG-채권-국내-채권-채권-국내-회사채-단기-AAA-BOND-국내-회사-82cb52f7d7,,auto_high_confidence,기초지수 명시; 자산군·투자대상 추출(채권/국내 회사채 단기 AAA),,
KR70053L0005,0053L0,TIGER 차이나휴머노이드로봇,Mirae Asset China Humanoid Robot 지수(PR),주식,중국,테마,글로벌 로보틱스 & 자동화,중국 로봇,로봇-중국-로봇-40eb7f5deb,passive,plain,neutral,1X,unhedged,physical_or_unspecified,unknown,PG-주식-중국-테마-로봇-중국-로봇-로봇-중국-로봇-40EB7F5DE-309ad9a5d8,,verified_official,기초지수 명시; 운용사·공식 출처 URL 존재; 자산군·투자대상 추출(주식/중국 로봇),가능,
KR70053M0004,0053M0,더제이 중소형포커스액티브,코스피 200 중소형주지수,주식,국내,규모,시가총액,국내 시가총액,시가총액-국내-시가총액-38d7e2985f,active,plain,neutral,1X,unhedged_or_not_applicable,active,broad,PG-주식-국내-규모-시가총액-국내-시가총액-시가총액-국내-시가총액-3-5397a04ffb,,auto_high_confidence,기초지수 명시; 자산군·투자대상 추출(주식/국내 시가총액),,
KR70057H0007,0057H0,PLUS 미국S&P500미국채혼합50액티브,S&P 500 and U.S. Treasury Bill 0-3 Month 50/50 Blend Index (USD),혼합자산,미국,혼합자산,자산배분 & 채권혼합,시장대표 채권혼합,S&P500,active,mixed_asset,neutral,1X,unhedged,active,broad,PG-PENDING-0057H0-26a26de22c,,classified_derived,기초지수 명시; 운용사·공식 출처 URL 존재; 자산군·투자대상 추출(채권/미국 국채 만기미확인 등급미확인),가능,세부 투자대상 또는 만기·구성비율 미확인
KR70060H0002,0060H0,TIGER 토탈월드스탁액티브,FTSE Global All Cap Index(PR),주식,글로벌,기타특수구조,미확인 주식전략,글로벌 미확인 주식전략,미확인-주식전략-글로벌-미확인-주식전략-d0f070a455,active,plain,neutral,1X,unhedged,active,unknown,PG-PENDING-0060H0-34cbd34be2,,classified_derived,기초지수 명시; 운용사·공식 출처 URL 존재; 자산군·투자대상 추출(주식/글로벌 미확인 주식전략),가능,직접 비교에 필요한 주식 전략·투자대상 미확인; 세부 투자대상 또는 만기·구성비율 미확인
KR70061Z0009,0061Z0,RISE 단기특수은행채액티브,KAP 단기 특수은행채 지수(시장가격),채권,국내,채권,채권,국내 채권 단기 등급미확인,BOND_국내-채권-단기-등급미확인-afa2e5ef57,plain,bond_coupon,neutral,1X,unknown,active,unknown,PG-PENDING-0061Z0-6eaf23d821,,needs_review,기초지수 명시; 운용사·공식 출처 URL 존재; 자산군·투자대상 추출(채권/국내 채권 단기 등급미확인),가능,세부 투자대상 또는 만기·구성비율 미확인
KR70064K0003,0064K0,KODEX 금액티브,Bloomberg Gold Spot NY 4pm USD Index,원자재,국내,원자재,귀금속 (금·은·팔라듐),금 spot,COMMODITY_금-SPOT-781b02533c,active,spot,neutral,1X,unhedged,active,unknown,PG-원자재-해당없음-원자재-금-금-SPOT-COMMODITY-금-SP-524a557cc7,,verified_official,기초지수 명시; 운용사·공식 출처 URL 존재; 자산군·투자대상 추출(원자재/금 spot),가능,
KR70065G0008,0065G0,KODEX 차이나테크TOP10,Hang Seng China Tech Top 10 Select Index (HKD) (Price Return),주식,중국,기타특수구조,인공지능,중국 미확인 주식전략,미확인-주식전략-중국-미확인-주식전략-526c3d6249,passive,plain,neutral,1X,unhedged,physical_or_unspecified,concentrated,PG-PENDING-0065G0-07aaf626af,,classified_derived,기초지수 명시; 운용사·공식 출처 URL 존재; 자산군·투자대상 추출(주식/중국 미확인 주식전략),가능,직접 비교에 필요한 주식 전략·투자대상 미확인; 세부 투자대상 또는 만기·구성비율 미확인
KR70066W0007,0066W0,SOL 국제금,KEDI 국제금현물 ETF 가격지수(PR),원자재,국내,원자재,귀금속 (금·은·팔라듐),기타원자재 spot,COMMODITY_기타원자재-SPOT-a5b41ca776,passive,spot,neutral,1X,unhedged,physical_or_unspecified,unknown,PG-원자재-해당없음-원자재-기타원자재-기타원자재-SPOT-COMMOD-248f4f27d3,,verified_official,기초지수 명시; 운용사·공식 출처 URL 존재; 자산군·투자대상 추출(원자재/기타원자재 spot),가능,
KR70067V0007,0067V0,TIGER 차이나글로벌리더스TOP3+,"Solactive-KEDI 차이나글로벌리더스TOP3플러스 지수 (Price Return, CNH)",주식,중국,기타특수구조,차이나 테크 & 전기차,글로벌 미확인 주식전략,미확인-주식전략-글로벌-미확인-주식전략-d0f070a455,active,plain,neutral,1X,unhedged,active,ultra_concentrated,PG-PENDING-0067V0-2fe23415b8,,classified_derived,기초지수 명시; 운용사·공식 출처 URL 존재; 자산군·투자대상 추출(주식/글로벌 미확인 주식전략),가능,직접 비교에 필요한 주식 전략·투자대상 미확인; 세부 투자대상 또는 만기·구성비율 미확인
KR70067Y0004,0067Y0,TIGER 차이나AI소프트웨어,"Mirae Asset China AI Software 지수 (Price Return, HKD)",주식,중국,테마,생성형 AI & 소프트웨어,인공지능 일반,인공지능-인공지능-일반-4ef7c7155f,passive,plain,neutral,1X,unhedged,physical_or_unspecified,unknown,PG-주식-중국-테마-인공지능-인공지능-일반-인공지능-인공지능-일반-4-e576ffa409,,verified_official,기초지수 명시; 운용사·공식 출처 URL 존재; 자산군·투자대상 추출(주식/인공지능 일반),가능,
KR70068M0007,0068M0,KODEX 미국S&P500버퍼6월액티브,S&P500 10% Buffered Index June Series (USD) TR,주식,미국,대표지수,S&P 500 시장대표,미국 S&P500,S&P500,buffer,buffer,neutral,1X,unhedged,active,broad,PG-주식-미국-대표지수-S-P500-미국-S-P500-S-P500-B-3159c44a87,,verified_official,기초지수 명시; 운용사·공식 출처 URL 존재; 상품명 구조표시(buffer); 자산군·투자대상 추출(주식/미국 S&P500),가능,
KR70069M0006,0069M0,1Q 미국나스닥100,NASDAQ 100,주식,미국,대표지수,나스닥 100 코어,미국 나스닥100,NASDAQ100,passive,plain,neutral,1X,unhedged,physical_or_unspecified,broad,PG-주식-미국-대표지수-나스닥100-미국-나스닥100-NASDAQ10-07ea923e6f,,auto_high_confidence,기초지수 명시; 자산군·투자대상 추출(주식/미국 나스닥100),,
KR70072R0006,0072R0,TIGER KRX금현물,KRX 금현물지수,원자재,국내,원자재,귀금속 (금·은·팔라듐),기타원자재 spot,COMMODITY_기타원자재-SPOT-a5b41ca776,passive,spot,neutral,1X,unhedged,physical_or_unspecified,unknown,PG-원자재-해당없음-원자재-기타원자재-기타원자재-SPOT-COMMOD-248f4f27d3,,verified_official,기초지수 명시; 운용사·공식 출처 URL 존재; 자산군·투자대상 추출(원자재/기타원자재 spot),가능,
KR70073X0007,0073X0,FOCUS 알리바바미국채커버드콜혼합,KEDI 알리바바미국채커버드콜혼합지수(TR),혼합자산,미국,혼합자산,자산배분 & 채권혼합,단일종목 채권혼합,BOND_미국-국채-만기미확인-등급미확인-6e6ab9de27,covered_call,covered_call,neutral,1X,unhedged,physical_or_unspecified,unknown,PG-PENDING-0073X0-3c997db8f2,,classified_derived,기초지수 명시; 상품명 구조표시(covered_call); 자산군·투자대상 추출(채권/미국 국채 만기미확인 등급미확인),,세부 투자대상 또는 만기·구성비율 미확인
KR70074K0001,0074K0,KoAct K수출핵심기업TOP30액티브,KEDI K수출핵심기업TOP30 지수(PR),주식,국내,기타특수구조,미확인 주식전략,국내 미확인 주식전략,미확인-주식전략-국내-미확인-주식전략-46eed209b8,active,plain,neutral,1X,unhedged_or_not_applicable,active,ultra_concentrated,PG-PENDING-0074K0-33fec67d47,,classified_derived,기초지수 명시; 자산군·투자대상 추출(주식/국내 미확인 주식전략),,직접 비교에 필요한 주식 전략·투자대상 미확인; 세부 투자대상 또는 만기·구성비율 미확인
KR70078V0004,0078V0,PLUS 미국로보택시,KEDI 미국로보택시 지수(PR),주식,미국,기타특수구조,미확인 주식전략,미국 미확인 주식전략,미확인-주식전략-미국-미확인-주식전략-bf6afc4d9f,passive,plain,neutral,1X,unhedged,physical_or_unspecified,unknown,PG-PENDING-0078V0-ad83a4a3a9,,classified_derived,기초지수 명시; 운용사·공식 출처 URL 존재; 자산군·투자대상 추출(주식/미국 미확인 주식전략),가능,직접 비교에 필요한 주식 전략·투자대상 미확인; 세부 투자대상 또는 만기·구성비율 미확인
KR70079X0001,0079X0,ACE BYD밸류체인액티브,Bloomberg BYD Plus Top Supply Chain Select Price Return Index,주식,미국,기타특수구조,미확인 주식전략,국내 미확인 주식전략,미확인-주식전략-국내-미확인-주식전략-46eed209b8,active,plain,neutral,1X,unhedged,active,unknown,PG-PENDING-0079X0-63b7ad65d5,,classified_derived,기초지수 명시; 운용사·공식 출처 URL 존재; 자산군·투자대상 추출(주식/국내 미확인 주식전략),https://www.aceetf.co.kr/info/report/1149,직접 비교에 필요한 주식 전략·투자대상 미확인; 세부 투자대상 또는 만기·구성비율 미확인
KR70080G0009,0080G0,KODEX 방산TOP10,iSelect 방산 TOP10 지수(Price Return),주식,국내,산업·섹터,K-방위산업,국내 방산,방산-국내-방산-3c5b4a7923,passive,plain,neutral,1X,unhedged_or_not_applicable,physical_or_unspecified,concentrated,PG-주식-국내-산업-섹터-방산-국내-방산-방산-국내-방산-3C5B4A-491ece2be9,,verified_official,기초지수 명시; 운용사·공식 출처 URL 존재; 자산군·투자대상 추출(주식/국내 방산),가능,
KR70080X0008,0080X0,SOL 미국S&P500미국채혼합50,S&P 500 and iBoxx $ Treasuries 7-10Y 5050 Blend Index(USD) PR/TR Hybrid,혼합자산,미국,혼합자산,자산배분 & 채권혼합,시장대표 채권혼합,S&P500,passive,mixed_asset,neutral,1X,unhedged,physical_or_unspecified,broad,PG-채권-미국-채권-채권-미국-국채-장기-HY-S-P500-BOND--9892cd8122,,verified_official,기초지수 명시; 운용사·공식 출처 URL 존재; 자산군·투자대상 추출(채권/미국 국채 장기 HY),가능,
KR70080Y0007,0080Y0,SOL 조선TOP3플러스레버리지,FnGuide 조선TOP3플러스지수(PR),주식,국내,산업·섹터,조선 & 해운,국내 조선,조선-국내-조선-03e20f0150,leveraged,leveraged,long,2X,unhedged_or_not_applicable,physical_or_unspecified,ultra_concentrated,PG-주식-국내-산업-섹터-조선-국내-조선-조선-국내-조선-03E20F-d3140e3a33,,verified_official,기초지수 명시; 운용사·공식 출처 URL 존재; 상품명 구조표시(leveraged); 자산군·투자대상 추출(주식/국내 조선),불가,
KR70082F0008,0082F0,HANARO 유럽방산,Stoxx 유럽 방산 지수,주식,유럽,산업·섹터,글로벌 우주항공 & 방산,유럽 방산,방산-유럽-방산-443c3d6eb9,passive,plain,neutral,1X,unhedged,physical_or_unspecified,unknown,PG-주식-유럽-산업-섹터-방산-유럽-방산-방산-유럽-방산-443C3D-af37eb9777,,verified_official,기초지수 명시; 운용사·공식 출처 URL 존재; 자산군·투자대상 추출(주식/유럽 방산),가능,
KR70082V0008,0082V0,KODEX TDF2060액티브 적격,Samsung Korea Target Date 2060 Index,혼합자산,국내,혼합자산,자산배분 & 채권혼합,TDF 생애주기,혼합자산-구성비율-미확인-9c1ef5c7e4,active,mixed_asset,neutral,1X,unhedged_or_not_applicable,active,unknown,PG-PENDING-0082V0-9e9f9dfc0c,,classified_derived,기초지수 명시; 운용사·공식 출처 URL 존재; 자산군·투자대상 추출(혼합자산/구성비율 미확인),가능,세부 투자대상 또는 만기·구성비율 미확인
KR70083S0002,0083S0,1Q 미국메디컬AI,KEDI 미국메디컬AI 지수,주식,미국,기타특수구조,글로벌 헬스케어 & 메디컬,미국 미확인 주식전략,미확인-주식전략-미국-미확인-주식전략-bf6afc4d9f,passive,plain,neutral,1X,unhedged,physical_or_unspecified,unknown,PG-PENDING-0083S0-05b1496b42,,classified_derived,기초지수 명시; 자산군·투자대상 추출(주식/미국 미확인 주식전략),,직접 비교에 필요한 주식 전략·투자대상 미확인; 세부 투자대상 또는 만기·구성비율 미확인
KR70084D0008,0084D0,KIWOOM 미국테크100월간목표헤지액티브,Akros 미국테크100 월간방어적배분 지수(TR),주식,미국,기타특수구조,미확인 주식전략,미국 미확인 주식전략,미확인-주식전략-미국-미확인-주식전략-bf6afc4d9f,active,plain,neutral,1X,unhedged,active,broad,PG-PENDING-0084D0-cde4a4cbba,,classified_derived,기초지수 명시; 운용사·공식 출처 URL 존재; 자산군·투자대상 추출(주식/미국 미확인 주식전략),가능,직접 비교에 필요한 주식 전략·투자대상 미확인; 세부 투자대상 또는 만기·구성비율 미확인
KR70084E0007,0084E0,KIWOOM 미국대형주500월간목표헤지액티브,Akros 미국대형주500 월간방어적배분 지수(TR),주식,미국,규모,시가총액,미국 시가총액,시가총액-미국-시가총액-b2afd1dfcd,active,plain,neutral,1X,unhedged,active,broad,PG-주식-미국-규모-시가총액-미국-시가총액-시가총액-미국-시가총액-B-c9c770b4fc,,verified_official,기초지수 명시; 운용사·공식 출처 URL 존재; 자산군·투자대상 추출(주식/미국 시가총액),가능,
KR70085N0005,0085N0,ACE 미국10년국채액티브(H),ICE U.S. Treasury 7-10 Year Bond Index (Total Return),채권,미국,채권,미국 장기국채,미국 국채 장기 등급미확인,BOND_미국-국채-장기-등급미확인-047cbda7f5,active,bond_coupon,neutral,1X,hedged,active,unknown,PG-PENDING-0085N0-0ae11f8510,,classified_derived,기초지수 명시; 운용사·공식 출처 URL 존재; 자산군·투자대상 추출(채권/미국 국채 장기 등급미확인),가능,세부 투자대상 또는 만기·구성비율 미확인
KR70085P0003,0085P0,ACE 미국10년국채액티브,ICE U.S. Treasury 7-10 Year Bond Index (Total Return),채권,미국,채권,미국 장기국채,미국 국채 장기 등급미확인,BOND_미국-국채-장기-등급미확인-047cbda7f5,active,bond_coupon,neutral,1X,unhedged,active,unknown,PG-PENDING-0085P0-ad91f57ac7,,classified_derived,기초지수 명시; 운용사·공식 출처 URL 존재; 자산군·투자대상 추출(채권/미국 국채 장기 등급미확인),가능,세부 투자대상 또는 만기·구성비율 미확인
KR70086B0008,0086B0,TIGER 리츠부동산인프라TOP10액티브,KEDI 리츠부동산인프라TOP10지수 (Price Return),리츠·인프라,국내,리츠·인프라,리츠·인프라,국내 리츠·인프라,리츠-인프라-국내-리츠-인프라-2ebdba6e66,active,plain,neutral,1X,not_applicable,active,concentrated,PG-리츠-인프라-국내-리츠-인프라-리츠-인프라-국내-리츠-인프라-리츠-e3739b3155,,verified_official,기초지수 명시; 운용사·공식 출처 URL 존재; 자산군·투자대상 추출(리츠·인프라/국내 리츠·인프라),https://www.tigeretf.com/upload/etf/20250804095126003841.pdf,
KR70086C0007,0086C0,TIGER 리츠부동산인프라10채권혼합액티브,KEDI 리츠부동산인프라TOP10채권혼합지수 (Price Return),혼합자산,국내,혼합자산,자산배분 & 채권혼합,섹터·테마 채권혼합,BOND_국내-채권-만기미확인-등급미확인-893e3e68b3,active,mixed_asset,neutral,1X,unhedged_or_not_applicable,active,concentrated,PG-PENDING-0086C0-8dbd7d551d,,classified_derived,기초지수 명시; 운용사·공식 출처 URL 존재; 자산군·투자대상 추출(채권/국내 채권 만기미확인 등급미확인),가능,세부 투자대상 또는 만기·구성비율 미확인
KR70087F0003,0087F0,ACE 차이나AI빅테크TOP2+액티브,Solactive China AI Big Tech TOP2+ Index (Price Return),주식,중국,테마,인공지능,인공지능 일반,인공지능-인공지능-일반-4ef7c7155f,active,plain,neutral,1X,unhedged,active,ultra_concentrated,PG-주식-중국-테마-인공지능-인공지능-일반-인공지능-인공지능-일반-4-e576ffa409,,verified_official,기초지수 명시; 운용사·공식 출처 URL 존재; 자산군·투자대상 추출(주식/인공지능 일반),가능,
KR70088N0002,0088N0,WON K-글로벌수급상위,DeepSearch 외인수급 Top20 지수,주식,국내,기타특수구조,미확인 주식전략,국내 미확인 주식전략,미확인-주식전략-국내-미확인-주식전략-46eed209b8,passive,plain,neutral,1X,unhedged,physical_or_unspecified,ultra_concentrated,PG-PENDING-0088N0-1eb0156a23,,classified_derived,기초지수 명시; 자산군·투자대상 추출(주식/국내 미확인 주식전략),,직접 비교에 필요한 주식 전략·투자대상 미확인; 세부 투자대상 또는 만기·구성비율 미확인
KR70089B0005,0089B0,PLUS 미국나스닥100미국채혼합50,Nasdaq-100 US T-Bills 1-3 Month 50/50 Index (USD),혼합자산,미국,혼합자산,자산배분 & 채권혼합,시장대표 채권혼합,NASDAQ100,passive,mixed_asset,neutral,1X,unhedged,physical_or_unspecified,broad,PG-PENDING-0089B0-e999c9b555,,classified_derived,기초지수 명시; 운용사·공식 출처 URL 존재; 자산군·투자대상 추출(채권/미국 국채 단기 등급미확인),가능,세부 투자대상 또는 만기·구성비율 미확인
KR70089C0004,0089C0,KODEX 미국S&P500변동성확대시커버드콜,Cboe S&P 500 Volatility Contingent Daily Covered Call Index(Total Retrun),주식,미국,대표지수,해외 월배당 & 커버드콜,미국 S&P500,S&P500,covered_call,covered_call,neutral,1X,unhedged,physical_or_unspecified,broad,PG-주식-미국-대표지수-S-P500-미국-S-P500-S-P500-C-4d555d2df6,,verified_official,기초지수 명시; 운용사·공식 출처 URL 존재; 상품명 구조표시(covered_call); 자산군·투자대상 추출(주식/미국 S&P500),가능,
KR70089D0003,0089D0,KODEX 금융고배당TOP10,코스피 200 금융 고배당 TOP 10 지수,주식,국내,산업·섹터,밸류업 & 금융지주·은행,국내 금융·은행·증권·보험,금융-은행-증권-보험-국내-금융-은행-증권-보험-85a36c5547,passive,plain,neutral,1X,unhedged_or_not_applicable,physical_or_unspecified,concentrated,PG-주식-국내-산업-섹터-금융-은행-증권-보험-국내-금융-은행-증권--955a0a4988,,verified_official,기초지수 명시; 운용사·공식 출처 URL 존재; 자산군·투자대상 추출(주식/국내 금융·은행·증권·보험),가능,
KR70090B0002,0090B0,PLUS K방산소부장,Akros K방산소부장 지수(PR),주식,국내,산업·섹터,K-방위산업,국내 방위산업,방위산업-국내-방위산업-d86296eebd,passive,plain,neutral,1X,unhedged_or_not_applicable,physical_or_unspecified,unknown,PG-주식-국내-산업-섹터-방산-국내-방산-방산-국내-방산-3C5B4A-491ece2be9,,verified_official,기초지수 명시; 운용사·공식 출처 URL 존재; 자산군·투자대상 추출(주식/국내 방위산업),가능,
KR70091C0000,0091C0,KODEX 미국10년국채액티브(H),KAP 미국 국채 10년 지수(총수익),채권,미국,채권,미국 장기국채,미국 국채 장기 등급미확인,BOND_미국-국채-장기-등급미확인-047cbda7f5,active,bond_coupon,neutral,1X,hedged,active,unknown,PG-PENDING-0091C0-8adb475c4f,,classified_derived,기초지수 명시; 운용사·공식 출처 URL 존재; 자산군·투자대상 추출(채권/미국 국채 장기 등급미확인),가능,세부 투자대상 또는 만기·구성비율 미확인
KR70091M0008,0091M0,HANARO 27-06 회사채(AA-이상)액티브,KIS 회사채(AA-이상)2706만기형지수(총수익),채권,국내,채권,만기매칭형 채권,국내 회사채 만기미확인 AA,BOND_국내-회사채-만기미확인-AA-971a2814f8,active,bond_coupon,neutral,1X,unhedged_or_not_applicable,active,unknown,PG-PENDING-0091M0-8fd60ddaea,,classified_derived,기초지수 명시; 운용사·공식 출처 URL 존재; 자산군·투자대상 추출(채권/국내 회사채 만기미확인 AA),가능,세부 투자대상 또는 만기·구성비율 미확인
KR70091P0005,0091P0,TIGER 코리아원자력,iSelect 코리아 원자력 지수 (Price Return),주식,국내,산업·섹터,원자력 & SMR,국내 원자력,원자력-국내-원자력-b7d9bb5222,passive,plain,neutral,1X,unhedged_or_not_applicable,physical_or_unspecified,unknown,PG-주식-국내-산업-섹터-원자력-국내-원자력-원자력-국내-원자력-B7-60c6768519,,verified_official,기초지수 명시; 운용사·공식 출처 URL 존재; 자산군·투자대상 추출(주식/국내 원자력),가능,
KR70092B0000,0092B0,SOL 한국원자력SMR,FnGuide 한국원자력 SMR 지수(PR),주식,국내,산업·섹터,원자력 & SMR,국내 원자력,원자력-국내-원자력-b7d9bb5222,passive,plain,neutral,1X,unhedged_or_not_applicable,physical_or_unspecified,unknown,PG-주식-국내-산업-섹터-원자력-국내-원자력-원자력-국내-원자력-B7-60c6768519,,verified_official,기초지수 명시; 운용사·공식 출처 URL 존재; 자산군·투자대상 추출(주식/국내 원자력),가능,
KR70092C0009,0092C0,SOL 27-12 회사채(AA-이상)액티브,"KAP 27-12 크레딧 채권지수(AA-이상, 총수익)",채권,국내,채권,만기매칭형 채권,국내 회사채 만기미확인 AA,BOND_국내-회사채-만기미확인-AA-971a2814f8,active,bond_coupon,neutral,1X,unhedged_or_not_applicable,active,unknown,PG-PENDING-0092C0-6a07d7618c,,classified_derived,기초지수 명시; 운용사·공식 출처 URL 존재; 자산군·투자대상 추출(채권/국내 회사채 만기미확인 AA),가능,세부 투자대상 또는 만기·구성비율 미확인
KR70093A0000,0093A0,RISE AI반도체TOP10,FnGuide AI반도체TOP10 지수,주식,국내,산업·섹터,AI 반도체 & HBM,국내 반도체,반도체-국내-반도체-0ed1f11677,passive,plain,neutral,1X,unhedged_or_not_applicable,physical_or_unspecified,concentrated,PG-주식-국내-산업-섹터-반도체-국내-반도체-반도체-국내-반도체-0E-f4bdfa635d,,verified_official,기초지수 명시; 운용사·공식 출처 URL 존재; 자산군·투자대상 추출(주식/국내 반도체),가능,
KR70093B0009,0093B0,RISE 엔비디아고정테크100,KEDI 엔비디아고정테크100 지수(PR),주식,미국,단일·소수종목,단일종목,미국 단일종목,단일종목-미국-단일종목-8a16a0bfdf,passive,plain,neutral,1X,unhedged,physical_or_unspecified,single,PG-주식-미국-단일-소수종목-단일종목-미국-단일종목-단일종목-미국-단-e74c3f9bef,,verified_official,기초지수 명시; 운용사·공식 출처 URL 존재; 자산군·투자대상 추출(주식/미국 단일종목),가능,
KR70093D0007,0093D0,KoAct 팔란티어밸류체인액티브,KEDI 팔란티어밸류체인지수(PR),주식,미국,단일·소수종목,단일종목,미국 단일종목,단일종목-미국-단일종목-8a16a0bfdf,active,plain,neutral,1X,unhedged,active,single,PG-주식-미국-단일-소수종목-단일종목-미국-단일종목-단일종목-미국-단-e74c3f9bef,,auto_high_confidence,기초지수 명시; 자산군·투자대상 추출(주식/미국 단일종목),,
KR70094K0007,0094K0,TIGER 28-04 회사채(A+이상)액티브,KIS 회사채 2804만기형 지수(총수익),채권,국내,채권,만기매칭형 채권,국내 회사채 만기미확인 등급미확인,BOND_국내-회사채-만기미확인-등급미확인-2695c4f395,active,bond_coupon,neutral,1X,unhedged_or_not_applicable,active,unknown,PG-PENDING-0094K0-824817bc19,,classified_derived,기초지수 명시; 운용사·공식 출처 URL 존재; 자산군·투자대상 추출(채권/국내 회사채 만기미확인 등급미확인),가능,세부 투자대상 또는 만기·구성비율 미확인
KR70094L0006,0094L0,RISE 차이나테크TOP10위클리타겟커버드콜,Bloomberg China Tech Select TOP 10 + 12% Target Premium Weekly Index,주식,중국,기타특수구조,해외 월배당 & 커버드콜,중국 미확인 주식전략,미확인-주식전략-중국-미확인-주식전략-526c3d6249,covered_call,covered_call,neutral,1X,unhedged,physical_or_unspecified,concentrated,PG-PENDING-0094L0-4f1cb03a7a,,classified_derived,기초지수 명시; 운용사·공식 출처 URL 존재; 상품명 구조표시(covered_call); 자산군·투자대상 추출(주식/중국 미확인 주식전략),가능,직접 비교에 필요한 주식 전략·투자대상 미확인; 세부 투자대상 또는 만기·구성비율 미확인
KR70094M0005,0094M0,RISE 코리아밸류업위클리고정커버드콜,코리아 밸류업 위클리 커버드콜 30% 지수,주식,국내,기타특수구조,국내 월배당 & 커버드콜,국내 미확인 주식전략,미확인-주식전략-국내-미확인-주식전략-46eed209b8,covered_call,covered_call,neutral,1X,unhedged_or_not_applicable,physical_or_unspecified,unknown,PG-PENDING-0094M0-8263a47917,,classified_derived,기초지수 명시; 운용사·공식 출처 URL 존재; 상품명 구조표시(covered_call); 자산군·투자대상 추출(주식/국내 미확인 주식전략),가능,직접 비교에 필요한 주식 전략·투자대상 미확인; 세부 투자대상 또는 만기·구성비율 미확인
KR70094X0002,0094X0,1Q 샤오미밸류체인액티브,Solactive-KEDI Xiaomi Focus China Tech Index,주식,미국,기타특수구조,미확인 주식전략,미국 미확인 주식전략,미확인-주식전략-미국-미확인-주식전략-bf6afc4d9f,active,plain,neutral,1X,unhedged,active,unknown,PG-PENDING-0094X0-3383f21300,,classified_derived,기초지수 명시; 자산군·투자대상 추출(주식/미국 미확인 주식전략),,직접 비교에 필요한 주식 전략·투자대상 미확인; 세부 투자대상 또는 만기·구성비율 미확인
KR70097L0003,0097L0,KIWOOM 한국고배당&미국AI테크,Akros 미국AI테크TOP10&한국고배당3070 지수,주식,국내,배당·주주환원,고배당 & 인컴 전략,국내 고배당,고배당-국내-고배당-2325fcd2e0,passive,plain,neutral,1X,unhedged,physical_or_unspecified,concentrated,PG-주식-국내-배당-주주환원-고배당-국내-고배당-고배당-국내-고배당--dd861c8cd4,,verified_official,기초지수 명시; 운용사·공식 출처 URL 존재; 자산군·투자대상 추출(주식/국내 고배당),가능,
KR70098F0000,0098F0,KODEX 원자력SMR,iSelect 원자력SMR 지수(Price Return),주식,국내,산업·섹터,원자력 & SMR,국내 원자력,원자력-국내-원자력-b7d9bb5222,passive,plain,neutral,1X,unhedged_or_not_applicable,physical_or_unspecified,unknown,PG-주식-국내-산업-섹터-원자력-국내-원자력-원자력-국내-원자력-B7-60c6768519,,verified_official,기초지수 명시; 운용사·공식 출처 URL 존재; 자산군·투자대상 추출(주식/국내 원자력),가능,
KR70098N0000,0098N0,PLUS 자사주매입고배당주,FnGuide 고배당주 플러스 자사주 지수 (PR),주식,국내,배당·주주환원,고배당 & 인컴 전략,국내 고배당,고배당-국내-고배당-2325fcd2e0,passive,plain,neutral,1X,unhedged_or_not_applicable,physical_or_unspecified,unknown,PG-주식-국내-배당-주주환원-고배당-국내-고배당-고배당-국내-고배당--dd861c8cd4,,verified_official,기초지수 명시; 운용사·공식 출처 URL 존재; 자산군·투자대상 추출(주식/국내 고배당),가능,
KR70098Z0006,0098Z0,FOCUS 200,코스피 200,주식,국내,대표지수,코스피 200 코어,국내 코스피200,KOSPI200,passive,plain,neutral,1X,unhedged_or_not_applicable,physical_or_unspecified,broad,PG-주식-국내-대표지수-코스피200-국내-코스피200-KOSPI200-b519363da3,,verified_official,기초지수 명시; 자산군·투자대상 추출(주식/국내 미확인 주식전략),,직접 비교에 필요한 주식 전략·투자대상 미확인; 세부 투자대상 또는 만기·구성비율 미확인
KR70099L0001,0099L0,ACE 우량회사채(AA-이상)액티브,KIS 1~3년 우량크레딧(AA-이상) 총수익지수,채권,국내,채권,우량 회사채·금융채,국내 회사채 단기 AA,BOND_국내-회사채-단기-AA-0a0dbd4ce1,active,bond_coupon,neutral,1X,unhedged_or_not_applicable,active,unknown,PG-채권-국내-채권-채권-국내-회사채-단기-AA-BOND-국내-회사채-7cce09235c,,verified_official,기초지수 명시; 운용사·공식 출처 URL 존재; 자산군·투자대상 추출(채권/국내 회사채 단기 AA),가능,
KR70100K0009,0100K0,KODEX 방산TOP10레버리지,iSelect 방산 TOP10 지수(Price Return),주식,국내,산업·섹터,K-방위산업,국내 방산,방산-국내-방산-3c5b4a7923,leveraged,leveraged,long,2X,unhedged_or_not_applicable,physical_or_unspecified,concentrated,PG-주식-국내-산업-섹터-방산-국내-방산-방산-국내-방산-3C5B4A-17fccd86ab,,verified_official,기초지수 명시; 운용사·공식 출처 URL 존재; 상품명 구조표시(leveraged); 자산군·투자대상 추출(주식/국내 방산),불가,
KR70101N0005,0101N0,RISE AI전력인프라,KRX-Akros AI 전력인프라 지수,주식,국내,테마,전력 인프라 & 변압기,AI 전력 인프라,인공지능-AI-전력-인프라-772c6f4030,passive,plain,neutral,1X,unhedged_or_not_applicable,physical_or_unspecified,unknown,PG-주식-국내-테마-인공지능-AI-전력-인프라-인공지능-AI-전력-인-8066530716,,verified_official,기초지수 명시; 운용사·공식 출처 URL 존재; 자산군·투자대상 추출(주식/AI 전력 인프라),RISE,
KR70102A0009,0102A0,TIGER 미국AI소프트웨어TOP4Plus,Akros U.S. AI Software TOP4 Plus 지수 (Price Return),주식,미국,테마,생성형 AI & 소프트웨어,인공지능 일반,인공지능-인공지능-일반-4ef7c7155f,passive,plain,neutral,1X,unhedged,physical_or_unspecified,ultra_concentrated,PG-주식-미국-테마-인공지능-인공지능-일반-인공지능-인공지능-일반-4-e5f6ce4522,,verified_official,기초지수 명시; 운용사·공식 출처 URL 존재; 자산군·투자대상 추출(주식/인공지능 일반),가능,
KR70102X0002,0102X0,ACE 유럽방산TOP10,NYSE FactSet Europe Defense TOP10 Index (Price Return),주식,미국,산업·섹터,글로벌 우주항공 & 방산,미국 방산,방산-미국-방산-e722fd3acf,passive,plain,neutral,1X,unhedged,physical_or_unspecified,concentrated,PG-주식-미국-산업-섹터-방산-미국-방산-방산-미국-방산-E722FD-b31baa9184,,verified_official,기초지수 명시; 운용사·공식 출처 URL 존재; 자산군·투자대상 추출(주식/미국 방산),가능,
KR70103T0007,0103T0,1Q K소버린AI,iSelect K소버린AI 지수,주식,국내,기타특수구조,미확인 주식전략,국내 미확인 주식전략,미확인-주식전략-국내-미확인-주식전략-46eed209b8,passive,plain,neutral,1X,unhedged_or_not_applicable,physical_or_unspecified,unknown,PG-PENDING-0103T0-206efd156a,,classified_derived,기초지수 명시; 자산군·투자대상 추출(주식/국내 미확인 주식전략),,직접 비교에 필요한 주식 전략·투자대상 미확인; 세부 투자대상 또는 만기·구성비율 미확인
KR70104G0001,0104G0,PLUS K방산레버리지,FnGuide K-방위산업 지수,주식,국내,산업·섹터,K-방위산업,국내 방산,방산-국내-방산-3c5b4a7923,leveraged,leveraged,long,2X,unhedged_or_not_applicable,physical_or_unspecified,unknown,PG-주식-국내-산업-섹터-방산-국내-방산-방산-국내-방산-3C5B4A-17fccd86ab,,verified_official,기초지수 명시; 운용사·공식 출처 URL 존재; 상품명 구조표시(leveraged); 자산군·투자대상 추출(주식/국내 방산),불가,
KR70104H0000,0104H0,KoAct 미국나스닥채권혼합50액티브,FnGuide 미국나스닥 금융채권혼합 지수,혼합자산,미국,혼합자산,자산배분 & 채권혼합,시장대표 채권혼합,BOND_미국-금융채-만기미확인-등급미확인-ec5aaebda9,active,mixed_asset,neutral,1X,unhedged,active,unknown,PG-PENDING-0104H0-a5ad995ce2,,classified_derived,기초지수 명시; 자산군·투자대상 추출(채권/미국 금융채 만기미확인 등급미확인),,세부 투자대상 또는 만기·구성비율 미확인
KR70104N0002,0104N0,TIGER 200타겟위클리커버드콜,코스피 200 타겟 7% 위클리 커버드콜 지수,주식,국내,기타특수구조,국내 월배당 & 커버드콜,국내 미확인 주식전략,미확인-주식전략-국내-미확인-주식전략-46eed209b8,covered_call,covered_call,neutral,1X,unhedged_or_not_applicable,physical_or_unspecified,broad,PG-PENDING-0104N0-944349decf,,classified_derived,기초지수 명시; 운용사·공식 출처 URL 존재; 상품명 구조표시(covered_call); 자산군·투자대상 추출(주식/국내 미확인 주식전략),가능,직접 비교에 필요한 주식 전략·투자대상 미확인; 세부 투자대상 또는 만기·구성비율 미확인
KR70104P0000,0104P0,TIGER 코리아배당다우존스위클리커버드콜,KRX 다우존스 코리아 배당 30 타겟 7% 위클리 커버드콜 지수,주식,국내,배당·주주환원,국내 월배당 & 커버드콜,미국 배당다우존스,DOW_JONES_DIVIDEND,covered_call,covered_call,neutral,1X,unhedged,physical_or_unspecified,unknown,PG-주식-국내-배당-주주환원-배당다우존스-미국-배당다우존스-DOW-J-329507d740,,verified_official,기초지수 명시; 운용사·공식 출처 URL 존재; 상품명 구조표시(covered_call); 자산군·투자대상 추출(주식/미국 배당다우존스),가능,
KR70105D0003,0105D0,SOL 한국AI소프트웨어,KEDI 한국AI소프트웨어 지수(PR),주식,국내,기타특수구조,미확인 주식전략,국내 미확인 주식전략,미확인-주식전략-국내-미확인-주식전략-46eed209b8,passive,plain,neutral,1X,unhedged_or_not_applicable,physical_or_unspecified,unknown,PG-PENDING-0105D0-42a2eb6ffe,,classified_derived,기초지수 명시; 운용사·공식 출처 URL 존재; 자산군·투자대상 추출(주식/국내 미확인 주식전략),가능,직접 비교에 필요한 주식 전략·투자대상 미확인; 세부 투자대상 또는 만기·구성비율 미확인
KR70105E0002,0105E0,SOL 코리아고배당,FnGuide 코리아 고배당 지수(PR),주식,국내,배당·주주환원,고배당 & 인컴 전략,국내 고배당,고배당-국내-고배당-2325fcd2e0,passive,plain,neutral,1X,unhedged_or_not_applicable,physical_or_unspecified,unknown,PG-주식-국내-배당-주주환원-고배당-국내-고배당-고배당-국내-고배당--dd861c8cd4,,verified_official,기초지수 명시; 운용사·공식 출처 URL 존재; 자산군·투자대상 추출(주식/국내 고배당),가능,
KR70107F0009,0107F0,KIWOOM 미국고배당&AI테크,Akros 미국AI테크TOP10&미국고배당3070 지수,주식,미국,배당·주주환원,고배당 & 인컴 전략,미국 고배당,고배당-미국-고배당-8e56e7fe68,passive,plain,neutral,1X,unhedged,physical_or_unspecified,concentrated,PG-주식-미국-배당-주주환원-고배당-미국-고배당-고배당-미국-고배당--25a2d26271,,verified_official,기초지수 명시; 운용사·공식 출처 URL 존재; 자산군·투자대상 추출(주식/미국 고배당),가능,
KR70111J0009,0111J0,HANARO 증권고배당TOP3플러스,FnGuide 증권 고배당 TOP3 플러스 지수,주식,국내,산업·섹터,밸류업 & 금융지주·은행,국내 금융·은행·증권·보험,금융-은행-증권-보험-국내-금융-은행-증권-보험-85a36c5547,passive,plain,neutral,1X,unhedged_or_not_applicable,physical_or_unspecified,ultra_concentrated,PG-주식-국내-산업-섹터-금융-은행-증권-보험-국내-금융-은행-증권--955a0a4988,,verified_official,기초지수 명시; 운용사·공식 출처 URL 존재; 자산군·투자대상 추출(주식/국내 금융·은행·증권·보험),가능,
KR70111P0001,0111P0,1Q 미국나스닥100미국채혼합50액티브,Nasdaq-100 US T-Bills 0-6 Month 50/50 Index,혼합자산,미국,혼합자산,자산배분 & 채권혼합,시장대표 채권혼합,NASDAQ100,active,mixed_asset,neutral,1X,unhedged,active,broad,PG-PENDING-0111P0-18cb0eb824,,classified_derived,기초지수 명시; 자산군·투자대상 추출(채권/미국 국채 만기미확인 등급미확인),,세부 투자대상 또는 만기·구성비율 미확인
KR70112X0000,0112X0,마이티 200TR,코스피 200 TR,주식,국내,대표지수,코스피 200 코어,국내 코스피200,KOSPI200,passive,plain,neutral,1X,unhedged_or_not_applicable,physical_or_unspecified,broad,PG-주식-국내-대표지수-코스피200-국내-코스피200-KOSPI200-b519363da3,,verified_official,기초지수 명시; 자산군·투자대상 추출(주식/국내 미확인 주식전략),,직접 비교에 필요한 주식 전략·투자대상 미확인; 세부 투자대상 또는 만기·구성비율 미확인
KR70113D0003,0113D0,TIME 글로벌탑픽액티브,"Bloomberg World Large, Mid & Small cap PR Index",주식,글로벌,규모,시가총액,글로벌 시가총액,시가총액-글로벌-시가총액-535afac82b,active,plain,neutral,1X,unhedged,active,unknown,PG-주식-글로벌-규모-시가총액-글로벌-시가총액-시가총액-글로벌-시가총-e1f3530953,,auto_high_confidence,기초지수 명시; 자산군·투자대상 추출(주식/글로벌 시가총액),,
KR70113G0000,0113G0,KoAct 미국바이오헬스케어액티브,Solactive 미국바이오헬스케어지수 PR,주식,미국,산업·섹터,글로벌 헬스케어 & 메디컬,미국 바이오·제약·헬스케어,바이오-제약-헬스케어-미국-바이오-제약-헬스케어-f63af70ccd,active,plain,neutral,1X,unhedged,active,unknown,PG-주식-미국-산업-섹터-바이오-제약-헬스케어-미국-바이오-제약-헬스-f35c02e78a,,auto_high_confidence,기초지수 명시; 자산군·투자대상 추출(주식/미국 바이오·제약·헬스케어),,
KR70113P0009,0113P0,HK 머니마켓액티브,KAP 머니마켓 지수(총수익),금리·파킹,국내,금리·파킹,금리·파킹,머니마켓,RATE_머니마켓-e1b1a267e3,active,rate_return,neutral,1X,not_applicable,active,unknown,PG-금리-파킹-해당없음-금리-파킹-금리-파킹-머니마켓-RATE-머니마-53401a7911,,auto_high_confidence,기초지수 명시; 자산군·투자대상 추출(금리·파킹/머니마켓),,
KR70114X0008,0114X0,RISE 글로벌게임테크TOP3Plus,Solactive-KEDI 글로벌 게임 테크 TOP3 플러스 지수,주식,미국,산업·섹터,K-엔터 & 미디어·게임,미국 미디어·게임·엔터테인먼트,미디어-게임-엔터테인먼트-미국-미디어-게임-엔터테인먼트-039d625a53,active,plain,neutral,1X,unhedged,active,ultra_concentrated,PG-주식-미국-산업-섹터-미디어-게임-엔터테인먼트-미국-미디어-게임--3a8847b69f,,verified_official,기초지수 명시; 운용사·공식 출처 URL 존재; 자산군·투자대상 추출(주식/미국 미디어·게임·엔터테인먼트),가능,
KR70115C0002,0115C0,RISE 미국고배당다우존스TOP10,Dow Jones U.S. High Dividend 10 Index,주식,미국,배당·주주환원,미국 배당다우존스,미국 배당다우존스,DOW_JONES_DIVIDEND,passive,plain,neutral,1X,unhedged,physical_or_unspecified,concentrated,PG-주식-미국-배당-주주환원-배당다우존스-미국-배당다우존스-DOW-J-f14037f0fe,,verified_official,기초지수 명시; 운용사·공식 출처 URL 존재; 자산군·투자대상 추출(주식/미국 배당다우존스),가능,
KR70115D0001,0115D0,KODEX 조선TOP10,KRX 조선 TOP10,주식,국내,산업·섹터,조선 & 해운,국내 조선,조선-국내-조선-03e20f0150,passive,plain,neutral,1X,unhedged_or_not_applicable,physical_or_unspecified,concentrated,PG-주식-국내-산업-섹터-조선-국내-조선-조선-국내-조선-03E20F-f1bc10ed93,,verified_official,기초지수 명시; 운용사·공식 출처 URL 존재; 자산군·투자대상 추출(주식/국내 조선),가능,
KR70115E0000,0115E0,KODEX 코리아소버린AI,KRX 코리아 소버린 AI 지수,주식,국내,테마,AI 반도체 & HBM,인공지능 일반,인공지능-인공지능-일반-4ef7c7155f,passive,plain,neutral,1X,unhedged_or_not_applicable,physical_or_unspecified,unknown,PG-주식-국내-테마-인공지능-인공지능-일반-인공지능-인공지능-일반-4-acaf9c435b,,verified_official,기초지수 명시; 운용사·공식 출처 URL 존재; 자산군·투자대상 추출(주식/인공지능 일반),가능,
KR70117L0009,0117L0,KODEX 26-12 금융채(AA-이상)액티브,KAP 26-12 금융채 총수익 지수(AA-이상),채권,국내,채권,만기매칭형 채권,국내 금융채 만기미확인 AA,BOND_국내-금융채-만기미확인-AA-336c27f6f7,active,bond_coupon,neutral,1X,unhedged_or_not_applicable,active,unknown,PG-PENDING-0117L0-1bd3284726,,classified_derived,기초지수 명시; 운용사·공식 출처 URL 존재; 자산군·투자대상 추출(채권/국내 금융채 만기미확인 AA),가능,세부 투자대상 또는 만기·구성비율 미확인
KR70117V0007,0117V0,TIGER 코리아AI전력기기TOP3플러스,KEDI 코리아AI전력기기TOP3플러스 지수,주식,국내,기타특수구조,전력 인프라 & 변압기,국내 미확인 주식전략,미확인-주식전략-국내-미확인-주식전략-46eed209b8,passive,plain,neutral,1X,unhedged_or_not_applicable,physical_or_unspecified,ultra_concentrated,PG-PENDING-0117V0-5f0a496f8d,,classified_derived,기초지수 명시; 운용사·공식 출처 URL 존재; 자산군·투자대상 추출(주식/국내 미확인 주식전략),가능,직접 비교에 필요한 주식 전략·투자대상 미확인; 세부 투자대상 또는 만기·구성비율 미확인
KR70118S0001,0118S0,SOL 미국넥스트테크TOP10액티브,KEDI 미국넥스트테크TOP10(PR),주식,미국,기타특수구조,미국 빅테크 (M7),미국 미확인 주식전략,미확인-주식전략-미국-미확인-주식전략-bf6afc4d9f,active,plain,neutral,1X,unhedged,active,concentrated,PG-PENDING-0118S0-d7c1971616,,classified_derived,기초지수 명시; 운용사·공식 출처 URL 존재; 자산군·투자대상 추출(주식/미국 미확인 주식전략),가능,직접 비교에 필요한 주식 전략·투자대상 미확인; 세부 투자대상 또는 만기·구성비율 미확인
KR70118Z0002,0118Z0,ACE 미국AI테크핵심산업액티브,Akros U.S. AI Innovator Price Return Index,주식,미국,테마,생성형 AI & 소프트웨어,인공지능 일반,인공지능-인공지능-일반-4ef7c7155f,active,plain,neutral,1X,unhedged,active,unknown,PG-주식-미국-테마-인공지능-인공지능-일반-인공지능-인공지능-일반-4-e5f6ce4522,,verified_official,기초지수 명시; 운용사·공식 출처 URL 존재; 자산군·투자대상 추출(주식/인공지능 일반),가능,
KR70119H0003,0119H0,KODEX 28-12 회사채(AA-이상)액티브,KAP 28-12 회사채 총수익 지수(AA- 이상),채권,국내,채권,만기매칭형 채권,국내 회사채 만기미확인 AA,BOND_국내-회사채-만기미확인-AA-971a2814f8,active,bond_coupon,neutral,1X,unhedged_or_not_applicable,active,unknown,PG-PENDING-0119H0-e3b84f27e9,,classified_derived,기초지수 명시; 운용사·공식 출처 URL 존재; 자산군·투자대상 추출(채권/국내 회사채 만기미확인 AA),가능,세부 투자대상 또는 만기·구성비율 미확인
KR70120J0008,0120J0,BNK 카카오그룹포커스,FnGuide 카카오그룹 포커스 지수,주식,국내,기업집단,기업집단,국내 기업집단,기업집단-국내-기업집단-d62cbfc10d,passive,plain,neutral,1X,unhedged_or_not_applicable,physical_or_unspecified,unknown,PG-주식-국내-기업집단-기업집단-국내-기업집단-기업집단-국내-기업집단-e294ab8bd9,,auto_high_confidence,기초지수 명시; 자산군·투자대상 추출(주식/국내 기업집단),,
KR70122W0009,0122W0,RISE 26-11 회사채(AA-이상)액티브,KAP 26-11 회사채(AA-이상) 총수익지수,채권,국내,채권,만기매칭형 채권,국내 회사채 만기미확인 AA,BOND_국내-회사채-만기미확인-AA-971a2814f8,active,bond_coupon,neutral,1X,unhedged_or_not_applicable,active,unknown,PG-PENDING-0122W0-be181546f5,,classified_derived,기초지수 명시; 운용사·공식 출처 URL 존재; 자산군·투자대상 추출(채권/국내 회사채 만기미확인 AA),RISE,세부 투자대상 또는 만기·구성비율 미확인
KR70123G0008,0123G0,TIGER 미국AI전력SMR,Akros U.S. AI Electricity SMR Index 지수(PR),주식,미국,테마,전력 인프라 & 변압기,인공지능 일반,인공지능-인공지능-일반-4ef7c7155f,passive,plain,neutral,1X,unhedged,physical_or_unspecified,unknown,PG-주식-미국-테마-인공지능-인공지능-일반-인공지능-인공지능-일반-4-e5f6ce4522,,verified_official,기초지수 명시; 운용사·공식 출처 URL 존재; 자산군·투자대상 추출(주식/인공지능 일반),가능,
KR70123S0004,0123S0,HANARO 26-12 은행채(AA+이상)액티브,KIS 은행채2612만기형 지수,채권,국내,채권,채권,국내 채권 만기미확인 AA,BOND_국내-채권-만기미확인-AA-273392b07e,plain,bond_coupon,neutral,1X,unknown,active,unknown,PG-PENDING-0123S0-120715feae,,needs_review,기초지수 명시; 운용사·공식 출처 URL 존재; 자산군·투자대상 추출(채권/국내 채권 만기미확인 AA),가능,세부 투자대상 또는 만기·구성비율 미확인
KR70127M0006,0127M0,ACE 미국대형가치주액티브,CRSP US Large Cap Value Index(PR),주식,미국,스타일·팩터,스타일·팩터,미국 스타일·팩터,스타일-팩터-미국-스타일-팩터-3fe8e2a344,active,plain,neutral,1X,unhedged,active,unknown,PG-주식-미국-스타일-팩터-스타일-팩터-미국-스타일-팩터-스타일-팩터-e369ea558f,,verified_official,기초지수 명시; 운용사·공식 출처 URL 존재; 자산군·투자대상 추출(주식/미국 스타일·팩터),가능,
KR70127P0003,0127P0,ACE 미국대형성장주액티브,CRSP US Large Cap Growth Index(PR),주식,미국,스타일·팩터,스타일·팩터,미국 스타일·팩터,스타일-팩터-미국-스타일-팩터-3fe8e2a344,active,plain,neutral,1X,unhedged,active,unknown,PG-주식-미국-스타일-팩터-스타일-팩터-미국-스타일-팩터-스타일-팩터-e369ea558f,,verified_official,기초지수 명시; 운용사·공식 출처 URL 존재; 자산군·투자대상 추출(주식/미국 스타일·팩터),가능,
KR70127R0001,0127R0,RISE 미국AI클라우드인프라,Akros 미국 AI 클라우드 인프라 지수(Price Return),주식,미국,테마,생성형 AI & 소프트웨어,AI 데이터센터,인공지능-AI-데이터센터-ccf0519dd6,passive,plain,neutral,1X,unhedged,physical_or_unspecified,unknown,PG-주식-미국-테마-인공지능-AI-데이터센터-인공지능-AI-데이터센터-26a0dc7be1,,verified_official,기초지수 명시; 운용사·공식 출처 URL 존재; 자산군·투자대상 추출(주식/AI 데이터센터),RISE,
KR70127T0009,0127T0,KIWOOM 미국S&P500&배당다우존스비중전환,S&P500 생애배당다우존스 2040 지수,주식,미국,대표지수,미국 배당다우존스,미국 S&P500,S&P500,passive,plain,neutral,1X,unhedged,physical_or_unspecified,broad,PG-주식-미국-대표지수-S-P500-미국-S-P500-S-P500-P-c2eb6d3f91,,verified_official,기초지수 명시; 운용사·공식 출처 URL 존재; 자산군·투자대상 추출(주식/미국 S&P500),가능,
KR70127V0005,0127V0,KIWOOM 미국S&P500 TOP10&배당다우비중전환,S&P500 TOP10 생애배당다우존스 2040 지수,주식,미국,대표지수,미국 배당다우존스,미국 S&P500,S&P500,passive,plain,neutral,1X,unhedged,physical_or_unspecified,concentrated,PG-주식-미국-대표지수-S-P500-미국-S-P500-S-P500-P-c2eb6d3f91,,verified_official,기초지수 명시; 운용사·공식 출처 URL 존재; 자산군·투자대상 추출(주식/미국 S&P500),가능,
KR70128D0006,0128D0,PLUS 차이나항셍테크위클리타겟커버드콜,HSTECH 15% Target Premium Weekly Covered Call Index,주식,중국,테마,해외 월배당 & 커버드콜,중국 AI 및 테크,미확인-주식전략-미국-미확인-주식전략-bf6afc4d9f,covered_call,covered_call,neutral,1X,unhedged,physical_or_unspecified,unknown,PG-PENDING-0128D0-0beccca90c,,classified_derived,기초지수 명시; 운용사·공식 출처 URL 존재; 상품명 구조표시(covered_call); 자산군·투자대상 추출(주식/미국 미확인 주식전략),가능,직접 비교에 필요한 주식 전략·투자대상 미확인; 세부 투자대상 또는 만기·구성비율 미확인
KR70131A0004,0131A0,SOL 차이나소비트렌드,SOLACTIVE-KEDI CHINA CONSUMER TREND INDEX(PR),주식,중국,기타특수구조,미확인 주식전략,중국 미확인 주식전략,미확인-주식전략-중국-미확인-주식전략-526c3d6249,active,plain,neutral,1X,unhedged,active,unknown,PG-PENDING-0131A0-f22092e56a,,classified_derived,기초지수 명시; 운용사·공식 출처 URL 존재; 자산군·투자대상 추출(주식/중국 미확인 주식전략),가능,직접 비교에 필요한 주식 전략·투자대상 미확인; 세부 투자대상 또는 만기·구성비율 미확인
KR70131V0009,0131V0,1Q 미국우주항공테크,Akros 미국우주항공테크 지수,주식,미국,테마,글로벌 우주항공 & 방산,미국 우주항공,우주항공-미국-우주항공-3a989c5ac3,passive,plain,neutral,1X,unhedged,physical_or_unspecified,unknown,PG-주식-미국-테마-우주항공-미국-우주항공-우주항공-미국-우주항공-3-9104cedb0d,,auto_high_confidence,기초지수 명시; 자산군·투자대상 추출(주식/미국 우주항공),,
KR70131W0008,0131W0,1Q 단기특수은행채액티브,KIS 단기특수은행채 지수(총수익),채권,국내,채권,채권,국내 채권 단기 등급미확인,BOND_국내-채권-단기-등급미확인-afa2e5ef57,plain,bond_coupon,neutral,1X,unknown,active,unknown,PG-PENDING-0131W0-bb866ff6e9,,needs_review,기초지수 명시; 자산군·투자대상 추출(채권/국내 채권 단기 등급미확인),,세부 투자대상 또는 만기·구성비율 미확인
KR70132D0000,0132D0,KoAct 글로벌K컬처밸류체인액티브,KEDI 글로벌 K컬처밸류체인 지수(PR),주식,글로벌,테마,K컬처,글로벌 K컬처,K컬처-글로벌-K컬처-34fc3b23da,active,plain,neutral,1X,unhedged,active,unknown,PG-주식-글로벌-테마-K컬처-글로벌-K컬처-K컬처-글로벌-K컬처-34-84c2181700,,auto_high_confidence,기초지수 명시; 자산군·투자대상 추출(주식/글로벌 K컬처),,
KR70132H0006,0132H0,KODEX 미국원자력SMR,iSelect 미국원자력SMR 지수(Price Return),주식,미국,산업·섹터,글로벌 원자력 & SMR,미국 원자력,원자력-미국-원자력-7e5331965a,passive,plain,neutral,1X,unhedged,physical_or_unspecified,unknown,PG-주식-미국-산업-섹터-원자력-미국-원자력-원자력-미국-원자력-7E-dd53fbdb95,,verified_official,기초지수 명시; 운용사·공식 출처 URL 존재; 자산군·투자대상 추출(주식/미국 원자력),가능,
KR70132K0001,0132K0,PLUS 테슬라위클리커버드콜채권혼합,Akros 테슬라 위클리 커버드콜 채권혼합 지수,혼합자산,미국,혼합자산,자산배분 & 채권혼합,단일종목 채권혼합,BOND_미국-채권-만기미확인-등급미확인-4820f5af4f,covered_call,mixed_asset,neutral,1X,unhedged,physical_or_unspecified,unknown,PG-PENDING-0132K0-3c513d1f19,,classified_derived,기초지수 명시; 운용사·공식 출처 URL 존재; 상품명 구조표시(covered_call); 자산군·투자대상 추출(채권/미국 채권 만기미확인 등급미확인),가능,세부 투자대상 또는 만기·구성비율 미확인
KR70133E0008,0133E0,TIGER 차이나증권,Solactive China Securities Index (Price Return),주식,중국,산업·섹터,금융·은행·증권·보험,중국 금융·은행·증권·보험,금융-은행-증권-보험-중국-금융-은행-증권-보험-915fbde8c6,active,plain,neutral,1X,unhedged,active,unknown,PG-주식-중국-산업-섹터-금융-은행-증권-보험-중국-금융-은행-증권--98b839ad9d,,verified_official,기초지수 명시; 운용사·공식 출처 URL 존재; 자산군·투자대상 추출(주식/중국 금융·은행·증권·보험),가능,
KR70135Y0002,0135Y0,IBK 중기종합채권(AA-이상)액티브,"KIS 중기종합채권 (1~5Y, AA-이상, 총수익)",채권,국내,채권,우량 회사채·금융채,국내 채권 중기 AA,BOND_국내-채권-중기-AA-2e35f74ba0,active,bond_coupon,neutral,1X,unhedged_or_not_applicable,active,unknown,PG-채권-국내-채권-채권-국내-채권-중기-AA-BOND-국내-채권-중-124bf6f6b9,,auto_high_confidence,기초지수 명시; 자산군·투자대상 추출(채권/국내 채권 중기 AA),,
KR70137V0003,0137V0,KIWOOM 미국S&P500모멘텀,S&P500 모멘텀 지수,주식,미국,대표지수,S&P 500 시장대표,미국 S&P500,S&P500,passive,plain,neutral,1X,unhedged,physical_or_unspecified,broad,PG-주식-미국-대표지수-S-P500-미국-S-P500-S-P500-P-c2eb6d3f91,,verified_official,기초지수 명시; 운용사·공식 출처 URL 존재; 자산군·투자대상 추출(주식/미국 S&P500),가능,
KR70137W0002,0137W0,KIWOOM 미국S&P500&GOLD,S&P500 & S&P GSCI 금현물 90/10 혼합지수,원자재,미국,원자재,귀금속 (금·은·팔라듐),금 spot,S&P500,passive,spot,neutral,1X,unhedged,physical_or_unspecified,broad,PG-원자재-해당없음-원자재-금-금-SPOT-S-P500-SPOT-NE-d0f0ba50a2,,verified_official,기초지수 명시; 운용사·공식 출처 URL 존재; 자산군·투자대상 추출(원자재/금 spot),https://www.kiwoomam.com/fund/KI0202020000M?parentfundcode=3007,
KR70138D0004,0138D0,RISE 동학개미,FnGuide 동학개미 지수,주식,국내,기타특수구조,미확인 주식전략,국내 미확인 주식전략,미확인-주식전략-국내-미확인-주식전략-46eed209b8,passive,plain,neutral,1X,unhedged_or_not_applicable,physical_or_unspecified,unknown,PG-PENDING-0138D0-b6dbace2c8,,classified_derived,기초지수 명시; 운용사·공식 출처 URL 존재; 자산군·투자대상 추출(주식/국내 미확인 주식전략),RISE,직접 비교에 필요한 주식 전략·투자대상 미확인; 세부 투자대상 또는 만기·구성비율 미확인
KR70138T0006,0138T0,RISE 미국S&P500데일리고정커버드콜,S&P500 10% Daily Fixed Covered Call Index,주식,미국,대표지수,해외 월배당 & 커버드콜,미국 S&P500,S&P500,covered_call,covered_call,neutral,1X,unhedged,physical_or_unspecified,broad,PG-주식-미국-대표지수-S-P500-미국-S-P500-S-P500-C-4d555d2df6,,verified_official,기초지수 명시; 운용사·공식 출처 URL 존재; 상품명 구조표시(covered_call); 자산군·투자대상 추출(주식/미국 S&P500),RISE,
KR70138Y0009,0138Y0,PLUS 금채권혼합,Akros 미국 금현물 ETF 채권혼합 지수,혼합자산,미국,혼합자산,자산배분 & 채권혼합,원자재 채권혼합,BOND_미국-채권-만기미확인-등급미확인-4820f5af4f,passive,mixed_asset,neutral,1X,unhedged,physical_or_unspecified,unknown,PG-PENDING-0138Y0-4eb991b4db,,classified_derived,기초지수 명시; 운용사·공식 출처 URL 존재; 자산군·투자대상 추출(채권/미국 채권 만기미확인 등급미확인),가능,세부 투자대상 또는 만기·구성비율 미확인
KR70139F0001,0139F0,TIGER 12월자동연장금융채(AA-이상)액티브,KIS 12월 만기 자동연장금융채(AA-이상) 총수익지수,채권,국내,채권,우량 회사채·금융채,국내 금융채 만기미확인 AA,BOND_국내-금융채-만기미확인-AA-336c27f6f7,active,bond_coupon,neutral,1X,unhedged_or_not_applicable,active,unknown,PG-PENDING-0139F0-f71d1f0e65,,classified_derived,기초지수 명시; 운용사·공식 출처 URL 존재; 자산군·투자대상 추출(채권/국내 금융채 만기미확인 AA),가능,세부 투자대상 또는 만기·구성비율 미확인
KR70139P0009,0139P0,ACE 고배당주,KRX-Akros 고배당주 20 지수,주식,국내,배당·주주환원,고배당 & 인컴 전략,국내 고배당,고배당-국내-고배당-2325fcd2e0,passive,plain,neutral,1X,unhedged_or_not_applicable,physical_or_unspecified,unknown,PG-주식-국내-배당-주주환원-고배당-국내-고배당-고배당-국내-고배당--dd861c8cd4,,verified_official,기초지수 명시; 운용사·공식 출처 URL 존재; 자산군·투자대상 추출(주식/국내 고배당),가능,
KR70141S0002,0141S0,SOL 조선기자재,FnGuide 조선기자재 지수(PR),주식,국내,산업·섹터,조선 & 해운,국내 조선,조선-국내-조선-03e20f0150,passive,plain,neutral,1X,unhedged_or_not_applicable,physical_or_unspecified,unknown,PG-주식-국내-산업-섹터-조선-국내-조선-조선-국내-조선-03E20F-f1bc10ed93,,verified_official,기초지수 명시; 운용사·공식 출처 URL 존재; 자산군·투자대상 추출(주식/국내 조선),가능,
KR70141T0001,0141T0,SOL 중기종합채권(AA-이상)액티브,"KAP K-중기종합채권지수(AA-이상,총수익)",채권,국내,채권,우량 회사채·금융채,국내 채권 중기 AA,BOND_국내-채권-중기-AA-2e35f74ba0,active,bond_coupon,neutral,1X,unhedged_or_not_applicable,active,unknown,PG-채권-국내-채권-채권-국내-채권-중기-AA-BOND-국내-채권-중-124bf6f6b9,,verified_official,기초지수 명시; 운용사·공식 출처 URL 존재; 자산군·투자대상 추출(채권/국내 채권 중기 AA),가능,
KR70142D0008,0142D0,TIGER 미국AI데이터센터TOP4Plus,Akros U.S. AI Data Center TOP4 Plus 지수(PR),주식,미국,테마,생성형 AI & 소프트웨어,AI 데이터센터,인공지능-AI-데이터센터-ccf0519dd6,passive,plain,neutral,1X,unhedged,physical_or_unspecified,ultra_concentrated,PG-주식-미국-테마-인공지능-AI-데이터센터-인공지능-AI-데이터센터-26a0dc7be1,,verified_official,기초지수 명시; 운용사·공식 출처 URL 존재; 자산군·투자대상 추출(주식/AI 데이터센터),가능,
KR70144L0006,0144L0,KODEX 미국성장커버드콜액티브,NASDAQ 100,주식,미국,대표지수,해외 월배당 & 커버드콜,미국 나스닥100,NASDAQ100,covered_call,covered_call,neutral,1X,unhedged,active,broad,PG-주식-미국-대표지수-나스닥100-미국-나스닥100-NASDAQ10-df258b5b40,,verified_official,기초지수 명시; 운용사·공식 출처 URL 존재; 상품명 구조표시(covered_call); 자산군·투자대상 추출(주식/미국 나스닥100),가능,
KR70144M0005,0144M0,KODEX 미국드론UAM TOP10,iSelect 미국드론UAM TOP10 지수(Price Return),주식,미국,기타특수구조,글로벌 우주항공 & 방산,미국 미확인 주식전략,미확인-주식전략-미국-미확인-주식전략-bf6afc4d9f,passive,plain,neutral,1X,unhedged,physical_or_unspecified,concentrated,PG-PENDING-0144M0-17c00603e6,,classified_derived,기초지수 명시; 운용사·공식 출처 URL 존재; 자산군·투자대상 추출(주식/미국 미확인 주식전략),가능,직접 비교에 필요한 주식 전략·투자대상 미확인; 세부 투자대상 또는 만기·구성비율 미확인
KR70148J0006,0148J0,TIGER 코리아휴머노이드로봇산업,KEDI 코리아 휴머노이드로봇산업 지수 (PR),주식,국내,테마,피지컬 AI & 지능형 로봇,국내 로봇,로봇-국내-로봇-6dd0a9f990,passive,plain,neutral,1X,unhedged_or_not_applicable,physical_or_unspecified,unknown,PG-주식-국내-테마-로봇-국내-로봇-로봇-국내-로봇-6DD0A9F99-803709433d,,verified_official,기초지수 명시; 운용사·공식 출처 URL 존재; 자산군·투자대상 추출(주식/국내 로봇),가능,
KR70150K0008,0150K0,KoAct 수소전력ESS인프라액티브,FnGuide 수소전력ESS인프라 지수(PR),주식,국내,테마,전력 인프라 & 변압기,수소 & ESS 인프라,신재생에너지-수소-ESS-인프라-150k0,active,plain,neutral,1X,unhedged_or_not_applicable,active,unknown,PG-주식-국내-테마-인공지능-AI-전력-인프라-인공지능-AI-전력-인-8066530716,,verified_official,기초지수 명시; 운용사·공식 출처 URL 존재; 자산군·투자대상 추출(주식/수소 & ESS 인프라),https://www.samsungactive.co.kr/etf/view.do?id=2ETFT9,
KR70151P0002,0151P0,RISE 코리아전략산업액티브,KAP 코리아전략산업지수,주식,국내,기타특수구조,미확인 주식전략,국내 미확인 주식전략,미확인-주식전략-국내-미확인-주식전략-46eed209b8,active,plain,neutral,1X,unhedged_or_not_applicable,active,unknown,PG-PENDING-0151P0-2bfaa30e21,,classified_derived,기초지수 명시; 운용사·공식 출처 URL 존재; 자산군·투자대상 추출(주식/국내 미확인 주식전략),RISE,직접 비교에 필요한 주식 전략·투자대상 미확인; 세부 투자대상 또는 만기·구성비율 미확인
KR70151S0009,0151S0,KODEX 미국AI반도체TOP3플러스,Akros 미국 AI 반도체 Top 3 플러스 지수 (Price Return),주식,미국,테마,글로벌 AI 반도체,AI 반도체,인공지능-AI-반도체-a909322117,passive,plain,neutral,1X,unhedged,physical_or_unspecified,ultra_concentrated,PG-주식-미국-테마-인공지능-AI-반도체-인공지능-AI-반도체-A90-8fda82e90c,,verified_official,기초지수 명시; 운용사·공식 출처 URL 존재; 자산군·투자대상 추출(주식/AI 반도체),가능,
KR70152E0004,0152E0,SOL 배당성향탑픽액티브,FnGuide 배당성향탑픽 지수(PR),주식,국내,기타특수구조,고배당 & 인컴 전략,국내 미확인 주식전략,미확인-주식전략-국내-미확인-주식전략-46eed209b8,active,plain,neutral,1X,unhedged_or_not_applicable,active,unknown,PG-PENDING-0152E0-8efd03d71b,,classified_derived,기초지수 명시; 운용사·공식 출처 URL 존재; 자산군·투자대상 추출(주식/국내 미확인 주식전략),가능,직접 비교에 필요한 주식 전략·투자대상 미확인; 세부 투자대상 또는 만기·구성비율 미확인
KR70153K0005,0153K0,KODEX 주주환원고배당주,Akros 주주환원 고배당 지수 (Price Return),주식,국내,배당·주주환원,고배당 & 인컴 전략,국내 고배당,고배당-국내-고배당-2325fcd2e0,passive,plain,neutral,1X,unhedged_or_not_applicable,physical_or_unspecified,unknown,PG-주식-국내-배당-주주환원-고배당-국내-고배당-고배당-국내-고배당--dd861c8cd4,,verified_official,기초지수 명시; 운용사·공식 출처 URL 존재; 자산군·투자대상 추출(주식/국내 고배당),가능,
KR70153P0000,0153P0,ACE 리츠부동산인프라액티브,FnGuide 맥쿼리인프라 배당 리츠 지수 (시장가격),리츠·인프라,국내,리츠·인프라,리츠·인프라,국내 리츠·인프라,리츠-인프라-국내-리츠-인프라-2ebdba6e66,active,plain,neutral,1X,not_applicable,active,unknown,PG-리츠-인프라-국내-리츠-인프라-리츠-인프라-국내-리츠-인프라-리츠-e3739b3155,,verified_official,기초지수 명시; 운용사·공식 출처 URL 존재; 자산군·투자대상 추출(리츠·인프라/국내 리츠·인프라),https://www.aceetf.co.kr/fund/K55101EP9774,
KR70153X0000,0153X0,PLUS 미국고배당주액티브,Akros 미국 고배당주 20 지수,주식,미국,배당·주주환원,고배당 & 인컴 전략,미국 고배당,고배당-미국-고배당-8e56e7fe68,active,plain,neutral,1X,unhedged,active,unknown,PG-주식-미국-배당-주주환원-고배당-미국-고배당-고배당-미국-고배당--25a2d26271,,verified_official,기초지수 명시; 운용사·공식 출처 URL 존재; 자산군·투자대상 추출(주식/미국 고배당),가능,
KR70154F0001,0154F0,WON 초대형IB&금융지주,iSelect 초대형IB&금융지주 지수,주식,국내,산업·섹터,밸류업 & 금융지주·은행,국내 금융·은행·증권·보험,금융-은행-증권-보험-국내-금융-은행-증권-보험-85a36c5547,passive,plain,neutral,1X,unhedged_or_not_applicable,physical_or_unspecified,unknown,PG-주식-국내-산업-섹터-금융-은행-증권-보험-국내-금융-은행-증권--955a0a4988,,auto_high_confidence,기초지수 명시; 자산군·투자대상 추출(주식/국내 금융·은행·증권·보험),,
KR70154H0009,0154H0,KoAct 차이나바이오헬스케어액티브,Solactive 차이나바이오헬스케어지수 PR,주식,중국,산업·섹터,글로벌 헬스케어 & 메디컬,중국 바이오·제약·헬스케어,바이오-제약-헬스케어-중국-바이오-제약-헬스케어-37fe105f13,active,plain,neutral,1X,unhedged,active,unknown,PG-주식-중국-산업-섹터-바이오-제약-헬스케어-중국-바이오-제약-헬스-4692461f9a,,auto_high_confidence,기초지수 명시; 자산군·투자대상 추출(주식/중국 바이오·제약·헬스케어),,
KR70155M0001,0155M0,ACE 미국SMR원자력TOP10,Solactive US SMR Nuclear TOP 10 Index (Price Return),주식,미국,산업·섹터,글로벌 원자력 & SMR,미국 원자력,원자력-미국-원자력-7e5331965a,active,plain,neutral,1X,unhedged,active,concentrated,PG-주식-미국-산업-섹터-원자력-미국-원자력-원자력-미국-원자력-7E-dd53fbdb95,,verified_official,기초지수 명시; 운용사·공식 출처 URL 존재; 자산군·투자대상 추출(주식/미국 원자력),가능,
KR70155N0000,0155N0,HANARO K휴머노이드테마TOP10,iSelect K휴머노이드테마TOP10 지수,주식,국내,기타특수구조,미확인 주식전략,국내 미확인 주식전략,미확인-주식전략-국내-미확인-주식전략-46eed209b8,passive,plain,neutral,1X,unhedged_or_not_applicable,physical_or_unspecified,concentrated,PG-PENDING-0155N0-543054b53b,,classified_derived,기초지수 명시; 운용사·공식 출처 URL 존재; 자산군·투자대상 추출(주식/국내 미확인 주식전략),가능,직접 비교에 필요한 주식 전략·투자대상 미확인; 세부 투자대상 또는 만기·구성비율 미확인
KR70162L0003,0162L0,KODEX 차이나AI반도체TOP10,Indxx China AI Semiconductor Top 10 Index (Price Return),주식,중국,테마,글로벌 AI 반도체,인공지능 일반,인공지능-인공지능-일반-4ef7c7155f,passive,plain,neutral,1X,unhedged,physical_or_unspecified,concentrated,PG-주식-중국-테마-인공지능-인공지능-일반-인공지능-인공지능-일반-4-e576ffa409,,verified_official,기초지수 명시; 운용사·공식 출처 URL 존재; 자산군·투자대상 추출(주식/인공지능 일반),가능,
KR70162M0002,0162M0,KODEX 금융채1~2년(AA-이상)PLUS액티브,KAP 금융채 1-2년 총수익 지수,채권,국내,채권,우량 회사채·금융채,국내 금융채 만기미확인 AA,BOND_국내-금융채-만기미확인-AA-336c27f6f7,active,bond_coupon,neutral,1X,unhedged_or_not_applicable,active,unknown,PG-PENDING-0162M0-5d3164d5a4,,classified_derived,기초지수 명시; 운용사·공식 출처 URL 존재; 자산군·투자대상 추출(채권/국내 금융채 만기미확인 AA),가능,세부 투자대상 또는 만기·구성비율 미확인
KR70162Y0008,0162Y0,TIME 코스닥액티브,코스닥,주식,국내,기타특수구조,미확인 주식전략,국내 미확인 주식전략,미확인-주식전략-국내-미확인-주식전략-46eed209b8,active,plain,neutral,1X,unhedged_or_not_applicable,active,unknown,PG-PENDING-0162Y0-257465f13d,,classified_derived,기초지수 명시; 자산군·투자대상 추출(주식/국내 미확인 주식전략),,직접 비교에 필요한 주식 전략·투자대상 미확인; 세부 투자대상 또는 만기·구성비율 미확인
KR70162Z0007,0162Z0,RISE 삼성전자SK하이닉스채권혼합50,KAP 삼성전자SK하이닉스채권혼합50 지수,혼합자산,국내,혼합자산,자산배분 & 채권혼합,단일종목 채권혼합,BOND_국내-채권-만기미확인-등급미확인-893e3e68b3,passive,mixed_asset,neutral,1X,unhedged_or_not_applicable,physical_or_unspecified,unknown,PG-PENDING-0162Z0-728f2aea6a,,classified_derived,기초지수 명시; 운용사·공식 출처 URL 존재; 자산군·투자대상 추출(채권/국내 채권 만기미확인 등급미확인),가능,세부 투자대상 또는 만기·구성비율 미확인
KR70163Y0007,0163Y0,KoAct 코스닥액티브,코스닥,주식,국내,기타특수구조,미확인 주식전략,국내 미확인 주식전략,미확인-주식전략-국내-미확인-주식전략-46eed209b8,active,plain,neutral,1X,unhedged_or_not_applicable,active,unknown,PG-PENDING-0163Y0-dc1690c738,,classified_derived,기초지수 명시; 자산군·투자대상 추출(주식/국내 미확인 주식전략),,직접 비교에 필요한 주식 전략·투자대상 미확인; 세부 투자대상 또는 만기·구성비율 미확인
KR70164G0008,0164G0,RISE 차이나AI반도체TOP4Plus,Solactive China AI Semiconductor TOP 4 Plus Index,주식,중국,테마,글로벌 AI 반도체,인공지능 일반,인공지능-인공지능-일반-4ef7c7155f,active,plain,neutral,1X,unhedged,active,ultra_concentrated,PG-주식-미국-테마-인공지능-인공지능-일반-인공지능-인공지능-일반-4-e5f6ce4522,,verified_official,기초지수 명시; 운용사·공식 출처 URL 존재; 자산군·투자대상 추출(주식/인공지능 일반),RISE,
KR70166N0007,0166N0,PLUS 코스닥150액티브,코스닥 150,주식,국내,기타특수구조,미확인 주식전략,국내 미확인 주식전략,미확인-주식전략-국내-미확인-주식전략-46eed209b8,active,plain,neutral,1X,unhedged_or_not_applicable,active,unknown,PG-PENDING-0166N0-66f10bcdeb,,classified_derived,기초지수 명시; 운용사·공식 출처 URL 존재; 자산군·투자대상 추출(주식/국내 미확인 주식전략),가능,직접 비교에 필요한 주식 전략·투자대상 미확인; 세부 투자대상 또는 만기·구성비율 미확인
KR70166S0002,0166S0,PLUS K제조업핵심기업액티브,Akros K제조업 50 지수,주식,국내,기타특수구조,미확인 주식전략,국내 미확인 주식전략,미확인-주식전략-국내-미확인-주식전략-46eed209b8,active,plain,neutral,1X,unhedged_or_not_applicable,active,unknown,PG-PENDING-0166S0-afce312df4,,classified_derived,기초지수 명시; 운용사·공식 출처 URL 존재; 자산군·투자대상 추출(주식/국내 미확인 주식전략),가능,직접 비교에 필요한 주식 전략·투자대상 미확인; 세부 투자대상 또는 만기·구성비율 미확인
KR70166T0001,0166T0,PLUS 글로벌저작권핵심기업액티브,iSelect 미국AI지적재산 지수(PR),주식,미국,기타특수구조,미확인 주식전략,미국 미확인 주식전략,미확인-주식전략-미국-미확인-주식전략-bf6afc4d9f,active,plain,neutral,1X,unhedged,active,unknown,PG-PENDING-0166T0-e10ef4d93e,,classified_derived,기초지수 명시; 운용사·공식 출처 URL 존재; 자산군·투자대상 추출(주식/미국 미확인 주식전략),가능,직접 비교에 필요한 주식 전략·투자대상 미확인; 세부 투자대상 또는 만기·구성비율 미확인
KR70167A0001,0167A0,SOL AI반도체TOP2플러스,FnGuide AI반도체 TOP2 플러스 지수(PR),주식,국내,산업·섹터,AI 반도체 & HBM,국내 반도체,반도체-국내-반도체-0ed1f11677,passive,plain,neutral,1X,unhedged_or_not_applicable,physical_or_unspecified,ultra_concentrated,PG-주식-국내-산업-섹터-반도체-국내-반도체-반도체-국내-반도체-0E-f4bdfa635d,,verified_official,기초지수 명시; 운용사·공식 출처 URL 존재; 자산군·투자대상 추출(주식/국내 반도체),가능,
KR70167B0000,0167B0,SOL 200타겟위클리커버드콜,코스피 200 타겟 15% 위클리 커버드콜 지수,주식,국내,기타특수구조,국내 월배당 & 커버드콜,국내 미확인 주식전략,미확인-주식전략-국내-미확인-주식전략-46eed209b8,covered_call,covered_call,neutral,1X,unhedged_or_not_applicable,physical_or_unspecified,broad,PG-PENDING-0167B0-7bfb37b49a,,classified_derived,기초지수 명시; 운용사·공식 출처 URL 존재; 상품명 구조표시(covered_call); 자산군·투자대상 추출(주식/국내 미확인 주식전략),가능,직접 비교에 필요한 주식 전략·투자대상 미확인; 세부 투자대상 또는 만기·구성비율 미확인
KR70167Z0002,0167Z0,KODEX 미국우주항공,iSelect 미국우주항공지수(Price Return),주식,미국,테마,글로벌 우주항공 & 방산,미국 우주항공,우주항공-미국-우주항공-3a989c5ac3,passive,plain,neutral,1X,unhedged,physical_or_unspecified,unknown,PG-주식-미국-테마-우주항공-미국-우주항공-우주항공-미국-우주항공-3-9104cedb0d,,verified_official,기초지수 명시; 운용사·공식 출처 URL 존재; 자산군·투자대상 추출(주식/미국 우주항공),가능,
KR70168K0008,0168K0,TIGER 기술이전바이오액티브,KRX 기술이전 바이오 지수,주식,국내,산업·섹터,비만·신약 & 바이오시밀러,국내 바이오·제약·헬스케어,바이오-제약-헬스케어-국내-바이오-제약-헬스케어-d888086019,active,plain,neutral,1X,unhedged_or_not_applicable,active,unknown,PG-주식-국내-산업-섹터-바이오-제약-헬스케어-국내-바이오-제약-헬스-eaf9ac0bdb,,verified_official,기초지수 명시; 운용사·공식 출처 URL 존재; 자산군·투자대상 추출(주식/국내 바이오·제약·헬스케어),가능,
KR70172V0009,0172V0,1Q 은액티브,Bloomberg Blended Silver Spot USD index,원자재,국내,원자재,귀금속 (금·은·팔라듐),은 spot,COMMODITY_은-SPOT-78e852edc3,active,spot,neutral,1X,unhedged,active,unknown,PG-원자재-해당없음-원자재-은-은-SPOT-COMMODITY-은-SP-451011c73c,,auto_high_confidence,기초지수 명시; 자산군·투자대상 추출(원자재/은 spot),,
KR70172Y0006,0172Y0,ACE K수출핵심TOP10산업액티브,iSelect K수출핵심산업 지수 (시장가격),주식,국내,기타특수구조,미확인 주식전략,국내 미확인 주식전략,미확인-주식전략-국내-미확인-주식전략-46eed209b8,active,plain,neutral,1X,unhedged_or_not_applicable,active,concentrated,PG-PENDING-0172Y0-6de1794a61,,classified_derived,기초지수 명시; 운용사·공식 출처 URL 존재; 자산군·투자대상 추출(주식/국내 미확인 주식전략),가능,직접 비교에 필요한 주식 전략·투자대상 미확인; 세부 투자대상 또는 만기·구성비율 미확인
KR70173Y0005,0173Y0,KODEX 미국AI광통신네트워크,Akros 미국 AI 광통신 및 네트워크 인프라 지수(PR),주식,미국,테마,생성형 AI & 소프트웨어,인공지능 일반,인공지능-인공지능-일반-4ef7c7155f,passive,plain,neutral,1X,unhedged,physical_or_unspecified,unknown,PG-주식-미국-테마-인공지능-인공지능-일반-인공지능-인공지능-일반-4-e5f6ce4522,,verified_official,기초지수 명시; 운용사·공식 출처 URL 존재; 자산군·투자대상 추출(주식/인공지능 일반),가능,
KR70174B0001,0174B0,KoAct 글로벌AI메모리반도체액티브,Solactive 글로벌AI메모리반도체 지수 (PR),주식,글로벌,산업·섹터,글로벌 AI 반도체,글로벌 반도체,반도체-글로벌-반도체-84ce634468,active,plain,neutral,1X,unhedged,active,unknown,PG-주식-글로벌-산업-섹터-반도체-글로벌-반도체-반도체-글로벌-반도체-69a7b2bb67,,auto_high_confidence,기초지수 명시; 자산군·투자대상 추출(주식/글로벌 반도체),,
KR70174J0003,0174J0,DAISHIN 오피스리츠플러스,KRX 프라임 오피스 리츠 지수,리츠·인프라,국내,리츠·인프라,리츠·인프라,국내 리츠·인프라,리츠-인프라-국내-리츠-인프라-2ebdba6e66,passive,plain,neutral,1X,not_applicable,physical_or_unspecified,unknown,PG-리츠-인프라-국내-리츠-인프라-리츠-인프라-국내-리츠-인프라-리츠-e3739b3155,,auto_high_confidence,기초지수 명시; 자산군·투자대상 추출(리츠·인프라/국내 리츠·인프라),,
KR70174R0003,0174R0,KIWOOM 미국성장다우존스,미국성장다우존스 지수,주식,미국,스타일·팩터,스타일·팩터,미국 스타일·팩터,스타일-팩터-미국-스타일-팩터-3fe8e2a344,passive,plain,neutral,1X,unhedged,physical_or_unspecified,unknown,PG-주식-미국-스타일-팩터-스타일-팩터-미국-스타일-팩터-스타일-팩터-e369ea558f,,verified_official,기초지수 명시; 운용사·공식 출처 URL 존재; 자산군·투자대상 추출(주식/미국 스타일·팩터),불가,
KR70176E0006,0176E0,RISE 미국AI전력인프라액티브,Solactive US AI Electricity Infrastructure Index PR,주식,미국,테마,전력 인프라 & 변압기,미국 AI 전력 인프라,인공지능-인공지능-일반-4ef7c7155f,active,plain,neutral,1X,unhedged,active,unknown,PG-주식-미국-테마-인공지능-인공지능-일반-인공지능-인공지능-일반-4-e5f6ce4522,,verified_official,기초지수 명시; 운용사·공식 출처 URL 존재; 자산군·투자대상 추출(주식/미국 AI 전력 인프라),RISE,
KR70176P0003,0176P0,FOCUS AI반도체위클리고정커버드콜,AI 반도체 위클리 고정 30% 커버드콜 지수,주식,국내,테마,국내 월배당 & 커버드콜,AI 반도체,인공지능-AI-반도체-a909322117,covered_call,covered_call,neutral,1X,unhedged_or_not_applicable,physical_or_unspecified,unknown,PG-주식-국내-테마-인공지능-AI-반도체-인공지능-AI-반도체-A90-b8f25d3c37,,auto_high_confidence,기초지수 명시; 상품명 구조표시(covered_call); 자산군·투자대상 추출(주식/AI 반도체),,
KR70177A0009,0177A0,WON 두산그룹포커스,iSelect 두산그룹 포커스 지수,주식,국내,기업집단,기업집단,국내 기업집단,기업집단-국내-기업집단-d62cbfc10d,passive,plain,neutral,1X,unhedged_or_not_applicable,physical_or_unspecified,unknown,PG-주식-국내-기업집단-기업집단-국내-기업집단-기업집단-국내-기업집단-e294ab8bd9,,auto_high_confidence,기초지수 명시; 자산군·투자대상 추출(주식/국내 기업집단),,
KR70177N0004,0177N0,KODEX 삼성전자SK하이닉스채권혼합50,Wise 삼성전자 SK하이닉스 채권혼합 지수,혼합자산,국내,혼합자산,자산배분 & 채권혼합,단일종목 채권혼합,BOND_국내-채권-만기미확인-등급미확인-893e3e68b3,passive,mixed_asset,neutral,1X,unhedged_or_not_applicable,physical_or_unspecified,unknown,PG-PENDING-0177N0-5d2e195fbb,,classified_derived,기초지수 명시; 운용사·공식 출처 URL 존재; 자산군·투자대상 추출(채권/국내 채권 만기미확인 등급미확인),가능,세부 투자대상 또는 만기·구성비율 미확인
KR70177R0000,0177R0,TIGER 반도체TOP10커버드콜액티브,FnGuide 반도체 TOP10 Capped 지수(Price Return),주식,국내,산업·섹터,국내 월배당 & 커버드콜,국내 반도체,반도체-국내-반도체-0ed1f11677,covered_call,covered_call,neutral,1X,unhedged_or_not_applicable,active,concentrated,PG-주식-국내-산업-섹터-반도체-국내-반도체-반도체-국내-반도체-0E-8fcdd9bd91,,verified_official,기초지수 명시; 운용사·공식 출처 URL 존재; 상품명 구조표시(covered_call); 자산군·투자대상 추출(주식/국내 반도체),가능,
KR70177X0002,0177X0,ACE K휴머노이드로봇산업TOP2+,Akros K-휴머노이드 로봇 TOP2+ 지수 (시장가격),주식,국내,테마,피지컬 AI & 지능형 로봇,국내 로봇,로봇-국내-로봇-6dd0a9f990,passive,plain,neutral,1X,unhedged_or_not_applicable,physical_or_unspecified,ultra_concentrated,PG-주식-국내-테마-로봇-국내-로봇-로봇-국내-로봇-6DD0A9F99-803709433d,,verified_official,기초지수 명시; 운용사·공식 출처 URL 존재; 자산군·투자대상 추출(주식/국내 로봇),가능,
KR70178H0001,0178H0,IBK 미국AI TOP10국채혼합50,FnGuide 미국AI TOP10국채혼합 지수,혼합자산,미국,혼합자산,자산배분 & 채권혼합,시장대표 채권혼합,BOND_미국-국채-만기미확인-등급미확인-6e6ab9de27,passive,mixed_asset,neutral,1X,unhedged,physical_or_unspecified,concentrated,PG-PENDING-0178H0-77f1f00218,,classified_derived,기초지수 명시; 자산군·투자대상 추출(채권/미국 국채 만기미확인 등급미확인),,세부 투자대상 또는 만기·구성비율 미확인
KR70180V0009,0180V0,ACE 미국우주테크액티브,FnGuide 미국스페이스테크 지수(시장가격),주식,미국,테마,글로벌 우주항공 & 방산,미국 우주항공,우주항공-미국-우주항공-3a989c5ac3,active,plain,neutral,1X,unhedged,active,unknown,PG-주식-미국-테마-우주항공-미국-우주항공-우주항공-미국-우주항공-3-9104cedb0d,,verified_official,기초지수 명시; 운용사·공식 출처 URL 존재; 자산군·투자대상 추출(주식/미국 우주항공),가능,
KR70181B0002,0181B0,HANARO 미국AI메모리반도체TOP4+,Solactive US AI Memory Semiconductor Top4+ Index,주식,미국,테마,글로벌 AI 반도체,인공지능 일반,인공지능-인공지능-일반-4ef7c7155f,active,plain,neutral,1X,unhedged,active,ultra_concentrated,PG-주식-미국-테마-인공지능-인공지능-일반-인공지능-인공지능-일반-4-e5f6ce4522,,verified_official,기초지수 명시; 운용사·공식 출처 URL 존재; 자산군·투자대상 추출(주식/인공지능 일반),가능,
KR70181L0000,0181L0,SOL 미국우주항공TOP10,KEDI 미국우주항공 TOP10(PR),주식,미국,테마,글로벌 우주항공 & 방산,미국 우주항공,우주항공-미국-우주항공-3a989c5ac3,passive,plain,neutral,1X,unhedged,physical_or_unspecified,concentrated,PG-주식-미국-테마-우주항공-미국-우주항공-우주항공-미국-우주항공-3-9104cedb0d,,verified_official,기초지수 명시; 운용사·공식 출처 URL 존재; 자산군·투자대상 추출(주식/미국 우주항공),가능,
KR70182R0003,0182R0,1Q K반도체TOP2+,NICE K반도체 TOP2 MAX+ 지수,주식,국내,산업·섹터,전통 반도체 소부장,국내 반도체,반도체-국내-반도체-0ed1f11677,passive,plain,neutral,1X,unhedged_or_not_applicable,physical_or_unspecified,ultra_concentrated,PG-주식-국내-산업-섹터-반도체-국내-반도체-반도체-국내-반도체-0E-f4bdfa635d,,auto_high_confidence,기초지수 명시; 자산군·투자대상 추출(주식/국내 반도체),,
KR70182S0002,0182S0,1Q K반도체TOP2채권혼합50,KEDI K반도체TOP2채권혼합 지수,혼합자산,국내,혼합자산,자산배분 & 채권혼합,시장대표 채권혼합,BOND_국내-채권-만기미확인-등급미확인-893e3e68b3,passive,mixed_asset,neutral,1X,unhedged_or_not_applicable,physical_or_unspecified,ultra_concentrated,PG-PENDING-0182S0-127d3e9fba,,classified_derived,기초지수 명시; 자산군·투자대상 추출(채권/국내 채권 만기미확인 등급미확인),,세부 투자대상 또는 만기·구성비율 미확인
KR70183J0002,0183J0,TIGER 미국우주테크,Akros U.S. Space Tech 지수(PR),주식,미국,테마,글로벌 우주항공 & 방산,미국 우주항공,우주항공-미국-우주항공-3a989c5ac3,passive,plain,neutral,1X,unhedged,physical_or_unspecified,unknown,PG-주식-미국-테마-우주항공-미국-우주항공-우주항공-미국-우주항공-3-9104cedb0d,,verified_official,기초지수 명시; 운용사·공식 출처 URL 존재; 자산군·투자대상 추출(주식/미국 우주항공),가능,
KR70183V0006,0183V0,KIWOOM 삼성전자&SK하이닉스채권혼합50,FnGuide 삼성전자 & SK하이닉스 채권혼합 지수,혼합자산,국내,혼합자산,자산배분 & 채권혼합,단일종목 채권혼합,BOND_국내-채권-만기미확인-등급미확인-893e3e68b3,passive,mixed_asset,neutral,1X,unhedged_or_not_applicable,physical_or_unspecified,unknown,PG-PENDING-0183V0-a478fbf795,,classified_derived,기초지수 명시; 운용사·공식 출처 URL 존재; 자산군·투자대상 추출(채권/국내 채권 만기미확인 등급미확인),불가,세부 투자대상 또는 만기·구성비율 미확인
KR70184E0006,0184E0,1Q 200채권혼합50액티브,코스피 200 단기국공채 혼합지수,혼합자산,국내,혼합자산,자산배분 & 채권혼합,시장대표 채권혼합,BOND_국내-채권-단기-등급미확인-afa2e5ef57,active,mixed_asset,neutral,1X,unhedged_or_not_applicable,active,broad,PG-PENDING-0184E0-76e1ad4b78,,classified_derived,기초지수 명시; 자산군·투자대상 추출(채권/국내 채권 단기 등급미확인),,세부 투자대상 또는 만기·구성비율 미확인
KR70184L0007,0184L0,PLUS 중기종합채권(A-이상)액티브,KIS 중기종합채권(A-이상) 지수(총수익),채권,국내,채권,우량 회사채·금융채,국내 채권 중기 등급미확인,BOND_국내-채권-중기-등급미확인-af53603ca9,active,bond_coupon,neutral,1X,unhedged_or_not_applicable,active,unknown,PG-PENDING-0184L0-2dc9ccbc40,,classified_derived,기초지수 명시; 운용사·공식 출처 URL 존재; 자산군·투자대상 추출(채권/국내 채권 중기 등급미확인),가능,세부 투자대상 또는 만기·구성비율 미확인
KR70184N0005,0184N0,PLUS 은채권혼합,Akros 은 채권혼합 지수,혼합자산,국내,혼합자산,자산배분 & 채권혼합,원자재 채권혼합,BOND_국내-채권-만기미확인-등급미확인-893e3e68b3,passive,mixed_asset,neutral,1X,unhedged_or_not_applicable,physical_or_unspecified,unknown,PG-PENDING-0184N0-2007a33d1b,,classified_derived,기초지수 명시; 운용사·공식 출처 URL 존재; 자산군·투자대상 추출(채권/국내 채권 만기미확인 등급미확인),가능,세부 투자대상 또는 만기·구성비율 미확인
KR70184V0005,0184V0,UNICORN K바이오액티브,FnGuide K-바이오 밸런스드 지수,혼합자산,국내,혼합자산,혼합자산,구성비율 미확인,혼합자산-구성비율-미확인-9c1ef5c7e4,active,mixed_asset,neutral,1X,unhedged_or_not_applicable,active,unknown,PG-PENDING-0184V0-d46c450c9e,,classified_derived,기초지수 명시; 운용사·공식 출처 URL 존재; 자산군·투자대상 추출(혼합자산/구성비율 미확인),https://www.hyundaiam.com/upload/FUND_ANNT/doc_1780361663350_dedd.pdf,세부 투자대상 또는 만기·구성비율 미확인
KR70185L0006,0185L0,TIME 글로벌휴머노이드로봇산업액티브,Solactive Global AI Humanoid Robotics 지수(원화환산)(PR),주식,글로벌,테마,글로벌 로보틱스 & 자동화,인공지능 일반,인공지능-인공지능-일반-4ef7c7155f,active,plain,neutral,1X,unhedged,active,unknown,PG-주식-글로벌-테마-인공지능-인공지능-일반-인공지능-인공지능-일반--7fa2ce759b,,auto_high_confidence,기초지수 명시; 자산군·투자대상 추출(주식/인공지능 일반),,
KR70186L0005,0186L0,KoAct 미국로봇피지컬AI액티브,iSelect 미국로봇피지컬AI지수,주식,미국,테마,글로벌 로보틱스 & 자동화,미국 로봇,로봇-미국-로봇-354b9654fa,active,plain,neutral,1X,unhedged,active,unknown,PG-주식-미국-테마-로봇-미국-로봇-로봇-미국-로봇-354B9654F-e44c44095f,,auto_high_confidence,기초지수 명시; 자산군·투자대상 추출(주식/미국 로봇),,
KR70186S0008,0186S0,1Q 코스닥150채권혼합50액티브,코스닥 150 단기국공채 혼합지수,혼합자산,국내,혼합자산,자산배분 & 채권혼합,시장대표 채권혼합,BOND_국내-채권-단기-등급미확인-afa2e5ef57,active,mixed_asset,neutral,1X,unhedged_or_not_applicable,active,unknown,PG-PENDING-0186S0-bf77154211,,classified_derived,기초지수 명시; 자산군·투자대상 추출(채권/국내 채권 단기 등급미확인),,세부 투자대상 또는 만기·구성비율 미확인
KR70189B0004,0189B0,TIGER 은액티브,ICE Silver Spot 지수 (시장가격),원자재,국내,원자재,귀금속 (금·은·팔라듐),은 spot,COMMODITY_은-SPOT-78e852edc3,active,spot,neutral,1X,unhedged,active,unknown,PG-원자재-해당없음-원자재-은-은-SPOT-COMMODITY-은-SP-451011c73c,,verified_official,기초지수 명시; 운용사·공식 출처 URL 존재; 자산군·투자대상 추출(원자재/은 spot),가능,
KR70189Z0006,0189Z0,DAISHIN 금융&지주고배당,KRX-Akros 금융 & 지주 고배당 지수,주식,국내,산업·섹터,밸류업 & 금융지주·은행,국내 금융·은행·증권·보험,금융-은행-증권-보험-국내-금융-은행-증권-보험-85a36c5547,passive,plain,neutral,1X,unhedged_or_not_applicable,physical_or_unspecified,unknown,PG-주식-국내-산업-섹터-금융-은행-증권-보험-국내-금융-은행-증권--955a0a4988,,auto_high_confidence,기초지수 명시; 자산군·투자대상 추출(주식/국내 금융·은행·증권·보험),,
KR70190C0000,0190C0,RISE 현대차고정피지컬AI,KEDI 현대차고정피지컬AI 지수,주식,국내,기업집단,자동차 & 스마트모빌리티,국내 기업집단,기업집단-국내-기업집단-d62cbfc10d,passive,plain,neutral,1X,unhedged_or_not_applicable,physical_or_unspecified,unknown,PG-주식-국내-기업집단-기업집단-국내-기업집단-기업집단-국내-기업집단-e294ab8bd9,,verified_official,기초지수 명시; 운용사·공식 출처 URL 존재; 자산군·투자대상 추출(주식/국내 기업집단),RISE,
KR70190G0006,0190G0,KODEX 반도체타겟위클리커버드콜,KRX 반도체 타겟 9% 분배 위클리 커버드콜 지수,주식,국내,산업·섹터,국내 월배당 & 커버드콜,국내 반도체,반도체-국내-반도체-0ed1f11677,covered_call,covered_call,neutral,1X,unhedged_or_not_applicable,physical_or_unspecified,unknown,PG-주식-국내-산업-섹터-반도체-국내-반도체-반도체-국내-반도체-0E-8fcdd9bd91,,verified_official,기초지수 명시; 운용사·공식 출처 URL 존재; 상품명 구조표시(covered_call); 자산군·투자대상 추출(주식/국내 반도체),가능,
KR70190M0008,0190M0,KIWOOM 미국AI테크하이베타,Akros 미국AI&프론티어테크 하이베타 지수,주식,미국,기타특수구조,생성형 AI & 소프트웨어,미국 미확인 주식전략,미확인-주식전략-미국-미확인-주식전략-bf6afc4d9f,passive,plain,neutral,1X,unhedged,physical_or_unspecified,unknown,PG-PENDING-0190M0-403244edc3,,classified_derived,기초지수 명시; 운용사·공식 출처 URL 존재; 자산군·투자대상 추출(주식/미국 미확인 주식전략),불가,직접 비교에 필요한 주식 전략·투자대상 미확인; 세부 투자대상 또는 만기·구성비율 미확인
KR70190Y0004,0190Y0,TIGER 구글밸류체인,Akros Google Value Chain 지수 (Price Return),주식,미국,스타일·팩터,스타일·팩터,미국 스타일·팩터,스타일-팩터-미국-스타일-팩터-3fe8e2a344,passive,plain,neutral,1X,unhedged,physical_or_unspecified,unknown,PG-주식-미국-스타일-팩터-스타일-팩터-미국-스타일-팩터-스타일-팩터-e369ea558f,,verified_official,기초지수 명시; 운용사·공식 출처 URL 존재; 자산군·투자대상 추출(주식/미국 스타일·팩터),가능,
KR70191B0000,0191B0,MIDAS 코스닥액티브,코스닥,주식,국내,기타특수구조,미확인 주식전략,국내 미확인 주식전략,미확인-주식전략-국내-미확인-주식전략-46eed209b8,active,plain,neutral,1X,unhedged_or_not_applicable,active,unknown,PG-PENDING-0191B0-c6aed1ad50,,classified_derived,기초지수 명시; 자산군·투자대상 추출(주식/국내 미확인 주식전략),,직접 비교에 필요한 주식 전략·투자대상 미확인; 세부 투자대상 또는 만기·구성비율 미확인
KR70191M0007,0191M0,마이티 5월만기자동연장특수채(AAA)액티브,KAP 5월 만기자동연장 특수채(AAA) 총수익 지수,채권,국내,채권,우량 회사채·금융채,국내 특수채 만기미확인 AAA,BOND_국내-특수채-만기미확인-AAA-e49adb89d7,active,bond_coupon,neutral,1X,unhedged_or_not_applicable,active,unknown,PG-PENDING-0191M0-4f421ade63,,classified_derived,기초지수 명시; 자산군·투자대상 추출(채권/국내 특수채 만기미확인 AAA),,세부 투자대상 또는 만기·구성비율 미확인
KR70191S0001,0191S0,IBK 코스닥150,코스닥 150,주식,국내,기타특수구조,미확인 주식전략,국내 미확인 주식전략,미확인-주식전략-국내-미확인-주식전략-46eed209b8,passive,plain,neutral,1X,unhedged_or_not_applicable,physical_or_unspecified,unknown,PG-PENDING-0191S0-20e70bafe6,,classified_derived,기초지수 명시; 자산군·투자대상 추출(주식/국내 미확인 주식전략),,직접 비교에 필요한 주식 전략·투자대상 미확인; 세부 투자대상 또는 만기·구성비율 미확인
KR70191W0005,0191W0,HANARO 중기종합채권(A-이상)액티브,KIS 중기종합채권시장 A-이상 총수익지수,채권,국내,채권,우량 회사채·금융채,국내 채권 중기 등급미확인,BOND_국내-채권-중기-등급미확인-af53603ca9,active,bond_coupon,neutral,1X,unhedged_or_not_applicable,active,unknown,PG-PENDING-0191W0-4a75946f50,,classified_derived,기초지수 명시; 운용사·공식 출처 URL 존재; 자산군·투자대상 추출(채권/국내 채권 중기 등급미확인),가능,세부 투자대상 또는 만기·구성비율 미확인
KR70192L0007,0192L0,RISE SK하이닉스단일종목레버리지,KRX SK하이닉스 지수,주식,국내,기업집단,기업집단,국내 기업집단,기업집단-국내-기업집단-d62cbfc10d,leveraged,leveraged,long,2X,unhedged_or_not_applicable,physical_or_unspecified,unknown,PG-주식-국내-기업집단-기업집단-국내-기업집단-기업집단-국내-기업집단-7d6aab7524,,verified_official,기초지수 명시; 운용사·공식 출처 URL 존재; 상품명 구조표시(leveraged); 자산군·투자대상 추출(주식/국내 기업집단),불가,
KR70192M0006,0192M0,RISE 삼성전자단일종목레버리지,KRX 삼성전자 지수,주식,국내,기타특수구조,미확인 주식전략,국내 미확인 주식전략,미확인-주식전략-국내-미확인-주식전략-46eed209b8,leveraged,leveraged,long,2X,unhedged_or_not_applicable,physical_or_unspecified,unknown,PG-PENDING-0192M0-086f4b8881,,classified_derived,기초지수 명시; 운용사·공식 출처 URL 존재; 상품명 구조표시(leveraged); 자산군·투자대상 추출(주식/국내 미확인 주식전략),불가,직접 비교에 필요한 주식 전략·투자대상 미확인; 세부 투자대상 또는 만기·구성비율 미확인
KR70192S0000,0192S0,SOL 코스피200채권혼합50,코스피 200 KTB 혼합지수,혼합자산,국내,혼합자산,자산배분 & 채권혼합,시장대표 채권혼합,KOSPI200,passive,mixed_asset,neutral,1X,unhedged_or_not_applicable,physical_or_unspecified,broad,PG-PENDING-0192S0-1f68778850,,classified_derived,기초지수 명시; 운용사·공식 출처 URL 존재; 자산군·투자대상 추출(채권/국내 채권 만기미확인 등급미확인),가능,세부 투자대상 또는 만기·구성비율 미확인
KR70192T0009,0192T0,SOL 코스닥TOP10,코스닥 TOP 10 지수,주식,국내,기타특수구조,미확인 주식전략,국내 미확인 주식전략,미확인-주식전략-국내-미확인-주식전략-46eed209b8,passive,plain,neutral,1X,unhedged_or_not_applicable,physical_or_unspecified,concentrated,PG-PENDING-0192T0-09f68a9c4d,,classified_derived,기초지수 명시; 운용사·공식 출처 URL 존재; 자산군·투자대상 추출(주식/국내 미확인 주식전략),가능,직접 비교에 필요한 주식 전략·투자대상 미확인; 세부 투자대상 또는 만기·구성비율 미확인
KR70192Z0001,0192Z0,TIGER 중기종합채권(A-이상)액티브,NICE 중기종합채권(A-이상)(총수익지수),채권,국내,채권,우량 회사채·금융채,국내 채권 중기 등급미확인,BOND_국내-채권-중기-등급미확인-af53603ca9,active,bond_coupon,neutral,1X,unhedged_or_not_applicable,active,unknown,PG-PENDING-0192Z0-1297708fef,,classified_derived,기초지수 명시; 운용사·공식 출처 URL 존재; 자산군·투자대상 추출(채권/국내 채권 중기 등급미확인),가능,세부 투자대상 또는 만기·구성비율 미확인
KR70193G0003,0193G0,KoAct 코스피액티브,코스피,주식,국내,기타특수구조,미확인 주식전략,국내 미확인 주식전략,미확인-주식전략-국내-미확인-주식전략-46eed209b8,active,plain,neutral,1X,unhedged_or_not_applicable,active,unknown,PG-PENDING-0193G0-c6db04f7a4,,classified_derived,기초지수 명시; 자산군·투자대상 추출(주식/국내 미확인 주식전략),,직접 비교에 필요한 주식 전략·투자대상 미확인; 세부 투자대상 또는 만기·구성비율 미확인
KR70193K0007,0193K0,PLUS 삼성전자단일종목레버리지,KRX 삼성전자 지수,주식,국내,기타특수구조,미확인 주식전략,국내 미확인 주식전략,미확인-주식전략-국내-미확인-주식전략-46eed209b8,leveraged,leveraged,long,2X,unhedged_or_not_applicable,physical_or_unspecified,unknown,PG-PENDING-0193K0-3562576a29,,classified_derived,기초지수 명시; 운용사·공식 출처 URL 존재; 상품명 구조표시(leveraged); 자산군·투자대상 추출(주식/국내 미확인 주식전략),불가,직접 비교에 필요한 주식 전략·투자대상 미확인; 세부 투자대상 또는 만기·구성비율 미확인
KR70193L0006,0193L0,PLUS 삼성전자선물단일종목인버스2X,KRX 삼성전자 선물 지수,주식,국내,기타특수구조,미확인 주식전략,국내 미확인 주식전략,미확인-주식전략-국내-미확인-주식전략-46eed209b8,inverse,inverse,short,2X,unhedged_or_not_applicable,physical_or_unspecified,unknown,PG-PENDING-0193L0-30e34b0072,,classified_derived,기초지수 명시; 운용사·공식 출처 URL 존재; 상품명 구조표시(inverse); 자산군·투자대상 추출(주식/국내 미확인 주식전략),불가,직접 비교에 필요한 주식 전략·투자대상 미확인; 세부 투자대상 또는 만기·구성비율 미확인
KR70193M0005,0193M0,BNK 27-12 특수채(AAA이상)액티브,KAP 27-12 특수채 총수익 지수(AAA이상),채권,국내,채권,만기매칭형 채권,국내 특수채 만기미확인 AAA,BOND_국내-특수채-만기미확인-AAA-e49adb89d7,active,bond_coupon,neutral,1X,unhedged_or_not_applicable,active,unknown,PG-PENDING-0193M0-7e11a9fa73,,classified_derived,기초지수 명시; 자산군·투자대상 추출(채권/국내 특수채 만기미확인 AAA),,세부 투자대상 또는 만기·구성비율 미확인
KR70193T0008,0193T0,KODEX SK하이닉스단일종목레버리지,KRX SK하이닉스 지수,주식,국내,기업집단,기업집단,국내 기업집단,기업집단-국내-기업집단-d62cbfc10d,leveraged,leveraged,long,2X,unhedged_or_not_applicable,physical_or_unspecified,unknown,PG-주식-국내-기업집단-기업집단-국내-기업집단-기업집단-국내-기업집단-7d6aab7524,,verified_official,기초지수 명시; 운용사·공식 출처 URL 존재; 상품명 구조표시(leveraged); 자산군·투자대상 추출(주식/국내 기업집단),불가,
KR70193W0003,0193W0,KODEX 삼성전자단일종목레버리지,KRX 삼성전자 지수,주식,국내,기타특수구조,미확인 주식전략,국내 미확인 주식전략,미확인-주식전략-국내-미확인-주식전략-46eed209b8,leveraged,leveraged,long,2X,unhedged_or_not_applicable,physical_or_unspecified,unknown,PG-PENDING-0193W0-fd7507e15c,,classified_derived,기초지수 명시; 운용사·공식 출처 URL 존재; 상품명 구조표시(leveraged); 자산군·투자대상 추출(주식/국내 미확인 주식전략),불가,직접 비교에 필요한 주식 전략·투자대상 미확인; 세부 투자대상 또는 만기·구성비율 미확인
KR70194M0004,0194M0,ACE 삼성전자단일종목레버리지,KRX 삼성전자 지수,주식,국내,기타특수구조,미확인 주식전략,국내 미확인 주식전략,미확인-주식전략-국내-미확인-주식전략-46eed209b8,leveraged,leveraged,long,2X,unhedged_or_not_applicable,physical_or_unspecified,unknown,PG-PENDING-0194M0-c3bc2eb065,,classified_derived,기초지수 명시; 운용사·공식 출처 URL 존재; 상품명 구조표시(leveraged); 자산군·투자대상 추출(주식/국내 미확인 주식전략),불가,직접 비교에 필요한 주식 전략·투자대상 미확인; 세부 투자대상 또는 만기·구성비율 미확인
KR70194N0003,0194N0,KIWOOM 삼성전자선물단일종목레버리지,KRX 삼성전자 선물 지수,주식,국내,기타특수구조,미확인 주식전략,국내 미확인 주식전략,미확인-주식전략-국내-미확인-주식전략-46eed209b8,leveraged,leveraged,long,2X,unhedged_or_not_applicable,physical_or_unspecified,unknown,PG-PENDING-0194N0-15276fffde,,classified_derived,기초지수 명시; 운용사·공식 출처 URL 존재; 상품명 구조표시(leveraged); 자산군·투자대상 추출(주식/국내 미확인 주식전략),불가,직접 비교에 필요한 주식 전략·투자대상 미확인; 세부 투자대상 또는 만기·구성비율 미확인
KR70194R0009,0194R0,KIWOOM SK하이닉스선물단일종목레버리지,KRX SK하이닉스 선물 지수,주식,국내,기업집단,기업집단,국내 기업집단,기업집단-국내-기업집단-d62cbfc10d,leveraged,leveraged,long,2X,unhedged_or_not_applicable,physical_or_unspecified,unknown,PG-주식-국내-기업집단-기업집단-국내-기업집단-기업집단-국내-기업집단-7d6aab7524,,verified_official,기초지수 명시; 운용사·공식 출처 URL 존재; 상품명 구조표시(leveraged); 자산군·투자대상 추출(주식/국내 기업집단),불가,
KR70194T0007,0194T0,ACE SK하이닉스단일종목레버리지,KRX SK하이닉스 지수,주식,국내,기업집단,기업집단,국내 기업집단,기업집단-국내-기업집단-d62cbfc10d,leveraged,leveraged,long,2X,unhedged_or_not_applicable,physical_or_unspecified,unknown,PG-주식-국내-기업집단-기업집단-국내-기업집단-기업집단-국내-기업집단-7d6aab7524,,verified_official,기초지수 명시; 운용사·공식 출처 URL 존재; 상품명 구조표시(leveraged); 자산군·투자대상 추출(주식/국내 기업집단),불가,
KR70195R0008,0195R0,TIGER 삼성전자단일종목레버리지,KRX 삼성전자 지수,주식,국내,기타특수구조,미확인 주식전략,국내 미확인 주식전략,미확인-주식전략-국내-미확인-주식전략-46eed209b8,leveraged,leveraged,long,2X,unhedged_or_not_applicable,physical_or_unspecified,unknown,PG-PENDING-0195R0-5021a078e7,,classified_derived,기초지수 명시; 운용사·공식 출처 URL 존재; 상품명 구조표시(leveraged); 자산군·투자대상 추출(주식/국내 미확인 주식전략),불가,직접 비교에 필요한 주식 전략·투자대상 미확인; 세부 투자대상 또는 만기·구성비율 미확인
KR70195S0007,0195S0,TIGER SK하이닉스단일종목레버리지,KRX SK하이닉스 지수,주식,국내,기업집단,기업집단,국내 기업집단,기업집단-국내-기업집단-d62cbfc10d,leveraged,leveraged,long,2X,unhedged_or_not_applicable,physical_or_unspecified,unknown,PG-주식-국내-기업집단-기업집단-국내-기업집단-기업집단-국내-기업집단-7d6aab7524,,verified_official,기초지수 명시; 운용사·공식 출처 URL 존재; 상품명 구조표시(leveraged); 자산군·투자대상 추출(주식/국내 기업집단),불가,
KR70197W0009,0197W0,SOL SK하이닉스단일종목레버리지,KRX SK하이닉스 지수,주식,국내,기업집단,기업집단,국내 기업집단,기업집단-국내-기업집단-d62cbfc10d,leveraged,leveraged,long,2X,unhedged_or_not_applicable,physical_or_unspecified,unknown,PG-주식-국내-기업집단-기업집단-국내-기업집단-기업집단-국내-기업집단-7d6aab7524,,verified_official,기초지수 명시; 운용사·공식 출처 URL 존재; 상품명 구조표시(leveraged); 자산군·투자대상 추출(주식/국내 기업집단),불가,
KR70197X0008,0197X0,SOL SK하이닉스선물단일종목인버스2X,KRX SK하이닉스 선물 지수,주식,국내,기업집단,기업집단,국내 기업집단,기업집단-국내-기업집단-d62cbfc10d,inverse,inverse,short,2X,unhedged_or_not_applicable,physical_or_unspecified,unknown,PG-주식-국내-기업집단-기업집단-국내-기업집단-기업집단-국내-기업집단-639cd55ebb,,verified_official,기초지수 명시; 운용사·공식 출처 URL 존재; 상품명 구조표시(inverse); 자산군·투자대상 추출(주식/국내 기업집단),불가,
KR70198A0004,0198A0,KIWOOM 코스닥150커버드콜액티브,코스닥 150 위클리 고정 30% 커버드콜 지수,주식,국내,기타특수구조,국내 월배당 & 커버드콜,국내 미확인 주식전략,미확인-주식전략-국내-미확인-주식전략-46eed209b8,covered_call,covered_call,neutral,1X,unhedged_or_not_applicable,active,unknown,PG-PENDING-0198A0-65df7aebfc,,classified_derived,기초지수 명시; 운용사·공식 출처 URL 존재; 상품명 구조표시(covered_call); 자산군·투자대상 추출(주식/국내 미확인 주식전략),불가,직접 비교에 필요한 주식 전략·투자대상 미확인; 세부 투자대상 또는 만기·구성비율 미확인
KR70198B0003,0198B0,1Q 삼성전자선물단일종목레버리지,KRX 삼성전자 선물 지수,주식,국내,기타특수구조,미확인 주식전략,국내 미확인 주식전략,미확인-주식전략-국내-미확인-주식전략-46eed209b8,leveraged,leveraged,long,2X,unhedged_or_not_applicable,physical_or_unspecified,unknown,PG-PENDING-0198B0-31c0368791,,classified_derived,기초지수 명시; 상품명 구조표시(leveraged); 자산군·투자대상 추출(주식/국내 미확인 주식전략),,직접 비교에 필요한 주식 전략·투자대상 미확인; 세부 투자대상 또는 만기·구성비율 미확인
KR70198D0001,0198D0,1Q SK하이닉스선물단일종목레버리지,KRX SK하이닉스 선물 지수,주식,국내,기업집단,기업집단,국내 기업집단,기업집단-국내-기업집단-d62cbfc10d,leveraged,leveraged,long,2X,unhedged_or_not_applicable,physical_or_unspecified,unknown,PG-주식-국내-기업집단-기업집단-국내-기업집단-기업집단-국내-기업집단-7d6aab7524,,auto_high_confidence,기초지수 명시; 상품명 구조표시(leveraged); 자산군·투자대상 추출(주식/국내 기업집단),,
KR70199C0001,0199C0,ACE 고배당주Plus커버드콜액티브,KRX-Akros 고배당주 20 위클리 고정 30% 커버드콜 지수,주식,국내,배당·주주환원,국내 월배당 & 커버드콜,국내 고배당,고배당-국내-고배당-2325fcd2e0,covered_call,covered_call,neutral,1X,unhedged_or_not_applicable,active,unknown,PG-주식-국내-배당-주주환원-고배당-국내-고배당-고배당-국내-고배당--572ba3d36c,,verified_official,기초지수 명시; 운용사·공식 출처 URL 존재; 상품명 구조표시(covered_call); 자산군·투자대상 추출(주식/국내 고배당),가능,
KR70203D0004,0203D0,PLUS 200위클리커버드콜채권혼합,코스피 200 KTB 혼합 위클리 고정 10% 커버드콜 지수,혼합자산,국내,혼합자산,자산배분 & 채권혼합,시장대표 채권혼합,BOND_국내-채권-만기미확인-등급미확인-893e3e68b3,covered_call,mixed_asset,neutral,1X,unhedged_or_not_applicable,physical_or_unspecified,broad,PG-PENDING-0203D0-3c4f7cddcd,,classified_derived,기초지수 명시; 운용사·공식 출처 URL 존재; 상품명 구조표시(covered_call); 자산군·투자대상 추출(채권/국내 채권 만기미확인 등급미확인),가능,세부 투자대상 또는 만기·구성비율 미확인
KR70203R0008,0203R0,WON 중단기종합채권(A-이상)액티브,KAP 중단기 종합채권 총수익 지수(A-이상),채권,국내,채권,우량 회사채·금융채,국내 채권 단기 등급미확인,BOND_국내-채권-단기-등급미확인-afa2e5ef57,active,bond_coupon,neutral,1X,unhedged_or_not_applicable,active,unknown,PG-PENDING-0203R0-37c207139f,,classified_derived,기초지수 명시; 자산군·투자대상 추출(채권/국내 채권 단기 등급미확인),,세부 투자대상 또는 만기·구성비율 미확인
KR70203S0007,0203S0,WON 삼성전자현대차채권혼합50,KAP 삼성전자현대차채권혼합지수,혼합자산,국내,혼합자산,자산배분 & 채권혼합,단일종목 채권혼합,BOND_국내-채권-만기미확인-등급미확인-893e3e68b3,passive,mixed_asset,neutral,1X,unhedged_or_not_applicable,physical_or_unspecified,unknown,PG-PENDING-0203S0-1223683ccb,,classified_derived,기초지수 명시; 자산군·투자대상 추출(채권/국내 채권 만기미확인 등급미확인),,세부 투자대상 또는 만기·구성비율 미확인
KR70204D0003,0204D0,KODEX 현대차로보틱스밸류체인TOP3플러스,Akros 현대차로보틱스 밸류체인 TOP3 플러스 지수 (PR),주식,국내,기업집단,피지컬 AI & 지능형 로봇,국내 기업집단,기업집단-국내-기업집단-d62cbfc10d,passive,plain,neutral,1X,unhedged_or_not_applicable,physical_or_unspecified,ultra_concentrated,PG-주식-국내-기업집단-기업집단-국내-기업집단-기업집단-국내-기업집단-e294ab8bd9,,verified_official,기초지수 명시; 운용사·공식 출처 URL 존재; 자산군·투자대상 추출(주식/국내 기업집단),가능,
KR70204S0006,0204S0,TIGER 코스닥액티브,코스닥,주식,국내,기타특수구조,미확인 주식전략,국내 미확인 주식전략,미확인-주식전략-국내-미확인-주식전략-46eed209b8,active,plain,neutral,1X,unhedged_or_not_applicable,active,unknown,PG-PENDING-0204S0-25a8dfffbb,,classified_derived,기초지수 명시; 운용사·공식 출처 URL 존재; 자산군·투자대상 추출(주식/국내 미확인 주식전략),가능,직접 비교에 필요한 주식 전략·투자대상 미확인; 세부 투자대상 또는 만기·구성비율 미확인
KR70206G0008,0206G0,1Q 현대차기아채권혼합50,KEDI 현대차&기아채권혼합50지수,혼합자산,국내,혼합자산,자산배분 & 채권혼합,단일종목 채권혼합,BOND_국내-채권-만기미확인-등급미확인-893e3e68b3,passive,mixed_asset,neutral,1X,unhedged_or_not_applicable,physical_or_unspecified,unknown,PG-PENDING-0206G0-ebd5e71f58,,classified_derived,기초지수 명시; 자산군·투자대상 추출(채권/국내 채권 만기미확인 등급미확인),,세부 투자대상 또는 만기·구성비율 미확인
KR70207G0007,0207G0,SOL 우주항공밸류체인,Akros 우주항공밸류체인 지수(PR),주식,국내,테마,글로벌 우주항공 & 방산,국내 우주항공,우주항공-국내-우주항공-63c396074b,passive,plain,neutral,1X,unhedged_or_not_applicable,physical_or_unspecified,unknown,PG-주식-국내-테마-우주항공-국내-우주항공-우주항공-국내-우주항공-6-a96ae70430,,verified_official,기초지수 명시; 운용사·공식 출처 URL 존재; 자산군·투자대상 추출(주식/국내 우주항공),가능,
KR70207Z0004,0207Z0,KIWOOM 미국우주데이터센터인프라,iSelect 미국 우주데이터센터인프라 지수,주식,미국,테마,생성형 AI & 소프트웨어,AI 데이터센터,인공지능-AI-데이터센터-ccf0519dd6,passive,plain,neutral,1X,unhedged,physical_or_unspecified,unknown,PG-주식-미국-테마-인공지능-AI-데이터센터-인공지능-AI-데이터센터-26a0dc7be1,,verified_official,기초지수 명시; 운용사·공식 출처 URL 존재; 자산군·투자대상 추출(주식/AI 데이터센터),불가,
KR70208N0007,0208N0,IBK 코스피액티브,코스피,주식,국내,기타특수구조,미확인 주식전략,국내 미확인 주식전략,미확인-주식전략-국내-미확인-주식전략-46eed209b8,active,plain,neutral,1X,unhedged_or_not_applicable,active,unknown,PG-PENDING-0208N0-e0f7d9ae20,,classified_derived,기초지수 명시; 자산군·투자대상 추출(주식/국내 미확인 주식전략),,직접 비교에 필요한 주식 전략·투자대상 미확인; 세부 투자대상 또는 만기·구성비율 미확인
KR70209D0008,0209D0,KODEX 전고체배터리ESS TOP2플러스,Akros 한국 전고체 배터리 ESS TOP2 플러스 지수(Price Return),주식,국내,산업·섹터,2차전지 셀 & 소재,국내 2차전지·배터리 소재,2차전지-배터리-소재-국내-2차전지-배터리-소재-1367e96ce1,passive,plain,neutral,1X,unhedged_or_not_applicable,physical_or_unspecified,ultra_concentrated,PG-주식-국내-산업-섹터-2차전지-배터리-소재-국내-2차전지-배터리--0cc60d36d9,,verified_official,기초지수 명시; 운용사·공식 출처 URL 존재; 자산군·투자대상 추출(주식/국내 2차전지·배터리 소재),가능,
KR70209Z0002,0209Z0,ACE 코리아AI전력TOP10,Akros 코리아 AI전력 TOP 10 지수 (시장가격),주식,국내,기타특수구조,전력 인프라 & 변압기,국내 미확인 주식전략,미확인-주식전략-국내-미확인-주식전략-46eed209b8,passive,plain,neutral,1X,unhedged_or_not_applicable,physical_or_unspecified,concentrated,PG-PENDING-0209Z0-9a714bb0b0,,classified_derived,기초지수 명시; 운용사·공식 출처 URL 존재; 자산군·투자대상 추출(주식/국내 미확인 주식전략),가능,직접 비교에 필요한 주식 전략·투자대상 미확인; 세부 투자대상 또는 만기·구성비율 미확인
KR70210A0008,0210A0,ACE K반도체TOP2+,KRX K-AI 반도체TOP2+ 지수,주식,국내,테마,전통 반도체 소부장,AI 반도체,인공지능-AI-반도체-a909322117,passive,plain,neutral,1X,unhedged_or_not_applicable,physical_or_unspecified,ultra_concentrated,PG-주식-국내-테마-인공지능-AI-반도체-인공지능-AI-반도체-A90-7e63fd0b56,,verified_official,기초지수 명시; 운용사·공식 출처 URL 존재; 자산군·투자대상 추출(주식/AI 반도체),가능,
KR70210E0004,0210E0,PLUS 200커버드콜액티브,코스피 200 위클리 고정 30% 커버드콜 지수,주식,국내,기타특수구조,국내 월배당 & 커버드콜,국내 미확인 주식전략,미확인-주식전략-국내-미확인-주식전략-46eed209b8,covered_call,covered_call,neutral,1X,unhedged_or_not_applicable,active,broad,PG-PENDING-0210E0-bc0b8ab252,,classified_derived,기초지수 명시; 운용사·공식 출처 URL 존재; 상품명 구조표시(covered_call); 자산군·투자대상 추출(주식/국내 미확인 주식전략),불가,직접 비교에 필요한 주식 전략·투자대상 미확인; 세부 투자대상 또는 만기·구성비율 미확인
KR70214M0000,0214M0,MIDAS 바이오헬스케어액티브,KRX 헬스케어,주식,국내,산업·섹터,비만·신약 & 바이오시밀러,국내 바이오·제약·헬스케어,바이오-제약-헬스케어-국내-바이오-제약-헬스케어-d888086019,active,plain,neutral,1X,unhedged_or_not_applicable,active,unknown,PG-주식-국내-산업-섹터-바이오-제약-헬스케어-국내-바이오-제약-헬스-eaf9ac0bdb,,auto_high_confidence,기초지수 명시; 자산군·투자대상 추출(주식/국내 바이오·제약·헬스케어),,
KR70215T0002,0215T0,HANARO 미국AI광통신TOP10,Indxx US AI Optical Communication TOP10 Index(PR),주식,미국,테마,생성형 AI & 소프트웨어,인공지능 일반,인공지능-인공지능-일반-4ef7c7155f,passive,plain,neutral,1X,unhedged,physical_or_unspecified,concentrated,PG-주식-미국-테마-인공지능-인공지능-일반-인공지능-인공지능-일반-4-e5f6ce4522,,verified_official,기초지수 명시; 운용사·공식 출처 URL 존재; 자산군·투자대상 추출(주식/인공지능 일반),가능,
KR70216K0000,0216K0,KIWOOM 미국우주테크TOP2채권혼합50,Akros 미국 우주 Top 2 채권혼합 지수,혼합자산,미국,혼합자산,자산배분 & 채권혼합,단일종목 채권혼합,BOND_미국-채권-만기미확인-등급미확인-4820f5af4f,passive,mixed_asset,neutral,1X,unhedged,physical_or_unspecified,ultra_concentrated,PG-PENDING-0216K0-8d8dfe9815,,classified_derived,기초지수 명시; 운용사·공식 출처 URL 존재; 자산군·투자대상 추출(채권/미국 채권 만기미확인 등급미확인),불가,세부 투자대상 또는 만기·구성비율 미확인
KR70216Z0003,0216Z0,ACE K방산TOP5+,KRX K-AI 방산TOP5+ 지수,주식,국내,산업·섹터,K-방위산업,국내 방산,방산-국내-방산-3c5b4a7923,passive,plain,neutral,1X,unhedged_or_not_applicable,physical_or_unspecified,ultra_concentrated,PG-주식-국내-산업-섹터-방산-국내-방산-방산-국내-방산-3C5B4A-491ece2be9,,verified_official,기초지수 명시; 운용사·공식 출처 URL 존재; 자산군·투자대상 추출(주식/국내 방산),가능,
KR70218J0001,0218J0,RISE 미국우주&로봇TOP2미국채혼합50,Akros 미국 우주-로봇 TOP2 채권혼합50 지수,혼합자산,미국,혼합자산,자산배분 & 채권혼합,단일종목 채권혼합,BOND_미국-국채-만기미확인-등급미확인-6e6ab9de27,passive,mixed_asset,neutral,1X,unhedged,physical_or_unspecified,ultra_concentrated,PG-PENDING-0218J0-09ec001446,,classified_derived,기초지수 명시; 운용사·공식 출처 URL 존재; 자산군·투자대상 추출(채권/미국 국채 만기미확인 등급미확인),RISE,세부 투자대상 또는 만기·구성비율 미확인
KR70218K0008,0218K0,BNK 스마트카,FnGuide 스마트카 지수,주식,국내,기타특수구조,미확인 주식전략,국내 미확인 주식전략,미확인-주식전략-국내-미확인-주식전략-46eed209b8,passive,plain,neutral,1X,unhedged_or_not_applicable,physical_or_unspecified,unknown,PG-PENDING-0218K0-f0dae0f19a,,classified_derived,기초지수 명시; 자산군·투자대상 추출(주식/국내 미확인 주식전략),,직접 비교에 필요한 주식 전략·투자대상 미확인; 세부 투자대상 또는 만기·구성비율 미확인
KR70219B0008,0219B0,KoAct 광통신&위성네트워크액티브,FnGuide 저궤도위성 & 광통신 인프라 지수,주식,국내,테마,생성형 AI & 소프트웨어,AI 데이터센터,인공지능-AI-데이터센터-468816be34,active,plain,neutral,1X,unhedged_or_not_applicable,active,unknown,PG-주식-국내-테마-인공지능-AI-데이터센터-인공지능-AI-데이터센터-468816be34,,verified_official,기초지수 명시; 운용사·공식 출처 URL 존재; 자산군·투자대상 추출(주식/AI 데이터센터),https://www.samsungactive.co.kr/etf/view.do?id=2ETFV4,
KR70219E0005,0219E0,KODEX 200커버드콜액티브,코스피 200 커버드콜 5% OTM,주식,국내,기타특수구조,국내 월배당 & 커버드콜,국내 미확인 주식전략,미확인-주식전략-국내-미확인-주식전략-46eed209b8,covered_call,covered_call,neutral,1X,unhedged_or_not_applicable,active,broad,PG-PENDING-0219E0-88db0b755c,,classified_derived,기초지수 명시; 운용사·공식 출처 URL 존재; 상품명 구조표시(covered_call); 자산군·투자대상 추출(주식/국내 미확인 주식전략),가능,직접 비교에 필요한 주식 전략·투자대상 미확인; 세부 투자대상 또는 만기·구성비율 미확인
KR70219Z0000,0219Z0,HANARO 미국S&P500액티브,S&P 500,주식,미국,대표지수,S&P 500 시장대표,미국 S&P500,S&P500,active,plain,neutral,1X,unhedged,active,broad,PG-주식-미국-대표지수-S-P500-미국-S-P500-S-P500-P-c2eb6d3f91,,auto_high_confidence,기초지수 명시; 자산군·투자대상 추출(주식/미국 S&P500),,
KR70220A0006,0220A0,KIWOOM 현대차그룹TOP3채권혼합50,FnGuide 현대차그룹TOP3 채권혼합 지수,혼합자산,국내,혼합자산,자산배분 & 채권혼합,단일종목 채권혼합,BOND_국내-채권-만기미확인-등급미확인-893e3e68b3,passive,mixed_asset,neutral,1X,unhedged_or_not_applicable,physical_or_unspecified,ultra_concentrated,PG-PENDING-0220A0-05abf86187,,classified_derived,기초지수 명시; 운용사·공식 출처 URL 존재; 자산군·투자대상 추출(채권/국내 채권 만기미확인 등급미확인),불가,세부 투자대상 또는 만기·구성비율 미확인
KR70220B0005,0220B0,DS 코스닥액티브,코스닥,주식,국내,기타특수구조,미확인 주식전략,국내 미확인 주식전략,미확인-주식전략-국내-미확인-주식전략-46eed209b8,active,plain,neutral,1X,unhedged_or_not_applicable,active,unknown,PG-PENDING-0220B0-c83642ca9b,,classified_derived,기초지수 명시; 자산군·투자대상 추출(주식/국내 미확인 주식전략),,직접 비교에 필요한 주식 전략·투자대상 미확인; 세부 투자대상 또는 만기·구성비율 미확인
KR70221V0000,0221V0,IBK 초단기채권액티브,KIS 단기자금 총수익지수,채권,국내,채권,국내 단기·초단기채,국내 채권 초단기 등급미확인,BOND_국내-채권-초단기-등급미확인-2cd6864612,active,bond_coupon,neutral,1X,unhedged_or_not_applicable,active,unknown,PG-PENDING-0221V0-3d8535b132,,conflict_resolved,기초지수 명시; 자산군·투자대상 추출(채권/국내 채권 초단기 등급미확인),,세부 투자대상 또는 만기·구성비율 미확인; 기존 자산분류와 비교분류 추론값 충돌
KR70221Z0006,0221Z0,ACE K바이오코스닥액티브,KRX K-AI 바이오테크 코스닥 지수,주식,국내,산업·섹터,비만·신약 & 바이오시밀러,국내 바이오·제약·헬스케어,바이오-제약-헬스케어-국내-바이오-제약-헬스케어-d888086019,active,plain,neutral,1X,unhedged_or_not_applicable,active,unknown,PG-주식-국내-산업-섹터-바이오-제약-헬스케어-국내-바이오-제약-헬스-eaf9ac0bdb,,verified_official,기초지수 명시; 운용사·공식 출처 URL 존재; 자산군·투자대상 추출(주식/국내 바이오·제약·헬스케어),ACE,
KR70222D0001,0222D0,KoAct 고배당액티브,코스피 200 고배당지수,주식,국내,배당·주주환원,고배당 & 인컴 전략,국내 고배당,고배당-국내-고배당-2325fcd2e0,active,plain,neutral,1X,unhedged_or_not_applicable,active,broad,PG-주식-국내-배당-주주환원-고배당-국내-고배당-고배당-국내-고배당--dd861c8cd4,,auto_high_confidence,기초지수 명시; 자산군·투자대상 추출(주식/국내 고배당),,
KR70222F0009,0222F0,마이티 AI데이터센터밸류체인,KAP AI데이터센터밸류체인지수,주식,국내,테마,AI 반도체 & HBM,AI 데이터센터,인공지능-AI-데이터센터-ccf0519dd6,passive,plain,neutral,1X,unhedged_or_not_applicable,physical_or_unspecified,unknown,PG-주식-국내-테마-인공지능-AI-데이터센터-인공지능-AI-데이터센터-468816be34,,auto_high_confidence,기초지수 명시; 자산군·투자대상 추출(주식/AI 데이터센터),,
KR70223A0003,0223A0,RISE 코스닥커버드콜액티브,코스닥 150 타겟 15% 위클리 커버드콜 지수,주식,국내,기타특수구조,국내 월배당 & 커버드콜,국내 미확인 주식전략,미확인-주식전략-국내-미확인-주식전략-46eed209b8,covered_call,covered_call,neutral,1X,unhedged_or_not_applicable,active,unknown,PG-PENDING-0223A0-226334090d,,classified_derived,기초지수 명시; 운용사·공식 출처 URL 존재; 상품명 구조표시(covered_call); 자산군·투자대상 추출(주식/국내 미확인 주식전략),가능,직접 비교에 필요한 주식 전략·투자대상 미확인; 세부 투자대상 또는 만기·구성비율 미확인
KR70223R0004,0223R0,TIGER 미국테크NYSE100액티브,NYSE 100 지수(Price Return),주식,미국,기타특수구조,미확인 주식전략,미국 미확인 주식전략,미확인-주식전략-미국-미확인-주식전략-bf6afc4d9f,active,plain,neutral,1X,unhedged,active,broad,PG-PENDING-0223R0-fd74678011,,classified_derived,기초지수 명시; 운용사·공식 출처 URL 존재; 자산군·투자대상 추출(주식/미국 미확인 주식전략),TIGER,직접 비교에 필요한 주식 전략·투자대상 미확인; 세부 투자대상 또는 만기·구성비율 미확인
KR70224D0009,0224D0,KIWOOM 미국CPU반도체TOP4+,iSelect 미국CPU반도체TOP4 지수,주식,미국,산업·섹터,글로벌 AI 반도체,미국 반도체,반도체-미국-반도체-e09cd52751,passive,plain,neutral,1X,unhedged,physical_or_unspecified,ultra_concentrated,PG-주식-미국-산업-섹터-반도체-미국-반도체-반도체-미국-반도체-E0-e607778dbd,,verified_official,기초지수 명시; 운용사·공식 출처 URL 존재; 자산군·투자대상 추출(주식/미국 반도체),KIWOOM,
KR70224X0005,0224X0,1Q 엔비디아알파벳미국채혼합50,KEDI 엔비디아알파벳미국채혼합50 지수,혼합자산,미국,혼합자산,자산배분 & 채권혼합,단일종목 채권혼합,BOND_미국-국채-만기미확인-등급미확인-6e6ab9de27,passive,mixed_asset,neutral,1X,unhedged,physical_or_unspecified,unknown,PG-PENDING-0224X0-7de56c2cb9,,classified_derived,기초지수 명시; 자산군·투자대상 추출(채권/미국 국채 만기미확인 등급미확인),,세부 투자대상 또는 만기·구성비율 미확인
KR70225V0006,0225V0,KODEX 미국CPU반도체TOP10,Indxx US CPU Semiconductor TOP 10 Index (Price Return),주식,미국,산업·섹터,글로벌 AI 반도체,미국 반도체,반도체-미국-반도체-e09cd52751,passive,plain,neutral,1X,unhedged,physical_or_unspecified,concentrated,PG-주식-미국-산업-섹터-반도체-미국-반도체-반도체-미국-반도체-E0-e607778dbd,,auto_high_confidence,기초지수 명시; 자산군·투자대상 추출(주식/미국 반도체),,
KR70226A0000,0226A0,PLUS SK하이닉스샌디스크채권혼합50,Akros SK하이닉스 샌디스크 채권혼합 50 지수,혼합자산,국내,혼합자산,자산배분 & 채권혼합,단일종목 채권혼합,BOND_국내-채권-만기미확인-등급미확인-893e3e68b3,passive,mixed_asset,neutral,1X,unhedged_or_not_applicable,physical_or_unspecified,unknown,PG-PENDING-0226A0-a1973af1a5,,classified_derived,기초지수 명시; 자산군·투자대상 추출(채권/국내 채권 만기미확인 등급미확인),,세부 투자대상 또는 만기·구성비율 미확인
KR70226D0007,0226D0,FOCUS 금융반도체지주채권혼합50액티브,KAP 금융반도체지주채권혼합50지수,혼합자산,국내,혼합자산,자산배분 & 채권혼합,시장대표 채권혼합,BOND_국내-채권-만기미확인-등급미확인-893e3e68b3,active,mixed_asset,neutral,1X,unknown,active,unknown,PG-PENDING-0226D0-a46da34687,,needs_review,기초지수 명시; 자산군·투자대상 추출(채권/국내 채권 만기미확인 등급미확인),,세부 투자대상 또는 만기·구성비율 미확인
KR70226G0004,0226G0,WON 피지컬AI TOP2플러스액티브,FnGuide 피지컬AI TOP2플러스 지수,주식,국내,기타특수구조,미확인 주식전략,국내 미확인 주식전략,미확인-주식전략-국내-미확인-주식전략-46eed209b8,active,plain,neutral,1X,unhedged_or_not_applicable,active,ultra_concentrated,PG-PENDING-0226G0-1d99142ced,,classified_derived,기초지수 명시; 자산군·투자대상 추출(주식/국내 미확인 주식전략),,직접 비교에 필요한 주식 전략·투자대상 미확인; 세부 투자대상 또는 만기·구성비율 미확인
KR70227K0007,0227K0,RISE 미국우주위성통신,Indxx US Space Satellite Communications Index PR,주식,미국,테마,글로벌 우주항공 & 방산,미국 우주항공,우주항공-미국-우주항공-3a989c5ac3,plain,plain,neutral,1X,unhedged,physical_or_unspecified,unknown,PG-주식-미국-테마-우주항공-미국-우주항공-우주항공-미국-우주항공-3-9104cedb0d,,auto_high_confidence,기초지수 명시; 자산군·투자대상 추출(주식/미국 우주항공),,
KR70228G0002,0228G0,ACE 반도체Plus전략산업,iSelect 반도체 TOP2+전략산업 지수 (시장가격),주식,국내,산업·섹터,전통 반도체 소부장,국내 반도체,반도체-국내-반도체-0ed1f11677,plain,plain,neutral,1X,unknown,physical_or_unspecified,ultra_concentrated,PG-주식-국내-산업-섹터-반도체-국내-반도체-반도체-국내-반도체-0E-f4bdfa635d,,auto_high_confidence,기초지수 명시; 자산군·투자대상 추출(주식/국내 반도체),,
KR70231Z0004,0231Z0,KODEX 코리아TDF2065액티브 적격,FnGuide 코리아 TDF 2065 지수,혼합자산,국내,혼합자산,자산배분 & 채권혼합,TDF 생애주기,혼합자산-구성비율-미확인-9c1ef5c7e4,active,mixed_asset,neutral,1X,unknown,active,unknown,PG-PENDING-0231Z0-dd1aec9415,,needs_review,기초지수 명시; 자산군·투자대상 추출(혼합자산/구성비율 미확인),,세부 투자대상 또는 만기·구성비율 미확인
KR70233A0001,0233A0,ACE 삼성전자SK하이닉스플러스채권혼합50,KAP 삼성전자SK하이닉스플러스채권혼합50지수,혼합자산,국내,혼합자산,자산배분 & 채권혼합,단일종목 채권혼합,BOND_국내-채권-만기미확인-등급미확인-893e3e68b3,plain,mixed_asset,neutral,1X,unknown,physical_or_unspecified,unknown,PG-PENDING-0233A0-130917b1be,,needs_review,기초지수 명시; 자산군·투자대상 추출(채권/국내 채권 만기미확인 등급미확인),,세부 투자대상 또는 만기·구성비율 미확인
KR70233J0002,0233J0,TIGER 삼성전자SK하이닉스미국채혼합50,KRX 삼성전자 SK하이닉스 미국채 혼합지수,혼합자산,국내,혼합자산,자산배분 & 채권혼합,단일종목 채권혼합,BOND_국내-국채-만기미확인-등급미확인-bf9416de66,plain,mixed_asset,neutral,1X,unhedged,physical_or_unspecified,unknown,PG-PENDING-0233J0-810a8e5497,,needs_review,기초지수 명시; 자산군·투자대상 추출(채권/국내 국채 만기미확인 등급미확인),,세부 투자대상 또는 만기·구성비율 미확인
KR7069500007,069500,KODEX 200,코스피 200,주식,국내,대표지수,코스피 200 코어,국내 코스피200,KOSPI200,passive,plain,neutral,1X,unhedged_or_not_applicable,physical_or_unspecified,broad,PG-주식-국내-대표지수-코스피200-국내-코스피200-KOSPI200-b519363da3,,verified_official,기초지수 명시; 운용사·공식 출처 URL 존재; 자산군·투자대상 추출(주식/국내 미확인 주식전략),가능,직접 비교에 필요한 주식 전략·투자대상 미확인; 세부 투자대상 또는 만기·구성비율 미확인
KR7069660009,069660,KIWOOM 200,코스피 200,주식,국내,대표지수,코스피 200 코어,국내 코스피200,KOSPI200,passive,plain,neutral,1X,unhedged_or_not_applicable,physical_or_unspecified,broad,PG-주식-국내-대표지수-코스피200-국내-코스피200-KOSPI200-b519363da3,,verified_official,기초지수 명시; 운용사·공식 출처 URL 존재; 자산군·투자대상 추출(주식/국내 미확인 주식전략),가능,직접 비교에 필요한 주식 전략·투자대상 미확인; 세부 투자대상 또는 만기·구성비율 미확인
KR7091160002,091160,KODEX 반도체,KRX 반도체,주식,국내,산업·섹터,전통 반도체 소부장,국내 반도체,반도체-국내-반도체-0ed1f11677,passive,plain,neutral,1X,unhedged_or_not_applicable,physical_or_unspecified,unknown,PG-주식-국내-산업-섹터-반도체-국내-반도체-반도체-국내-반도체-0E-f4bdfa635d,,verified_official,기초지수 명시; 운용사·공식 출처 URL 존재; 자산군·투자대상 추출(주식/국내 반도체),가능,
KR7091170001,091170,KODEX 은행,KRX 은행,주식,국내,산업·섹터,금융·은행·증권·보험,국내 금융·은행·증권·보험,금융-은행-증권-보험-국내-금융-은행-증권-보험-85a36c5547,plain,plain,neutral,1X,unknown,physical_or_unspecified,unknown,PG-주식-국내-산업-섹터-금융-은행-증권-보험-국내-금융-은행-증권--955a0a4988,,verified_official,기초지수 명시; 운용사·공식 출처 URL 존재; 자산군·투자대상 추출(주식/국내 금융·은행·증권·보험),가능,
KR7091180000,091180,KODEX 자동차,KRX 자동차,주식,국내,산업·섹터,자동차 & 스마트모빌리티,국내 자동차·모빌리티,자동차-모빌리티-국내-자동차-모빌리티-8d473faf1b,passive,plain,neutral,1X,unhedged_or_not_applicable,physical_or_unspecified,unknown,PG-주식-국내-산업-섹터-자동차-모빌리티-국내-자동차-모빌리티-자동차-7f7ba1f1bb,,verified_official,기초지수 명시; 운용사·공식 출처 URL 존재; 자산군·투자대상 추출(주식/국내 자동차·모빌리티),가능,
KR7091220004,091220,TIGER 은행,KRX 은행,주식,국내,산업·섹터,금융·은행·증권·보험,국내 금융·은행·증권·보험,금융-은행-증권-보험-국내-금융-은행-증권-보험-85a36c5547,plain,plain,neutral,1X,unknown,physical_or_unspecified,unknown,PG-주식-국내-산업-섹터-금융-은행-증권-보험-국내-금융-은행-증권--955a0a4988,,verified_official,기초지수 명시; 운용사·공식 출처 URL 존재; 자산군·투자대상 추출(주식/국내 금융·은행·증권·보험),가능,
KR7091230003,091230,TIGER 반도체,KRX 반도체,주식,국내,산업·섹터,전통 반도체 소부장,국내 반도체,반도체-국내-반도체-0ed1f11677,passive,plain,neutral,1X,unhedged_or_not_applicable,physical_or_unspecified,unknown,PG-주식-국내-산업-섹터-반도체-국내-반도체-반도체-국내-반도체-0E-f4bdfa635d,,verified_official,기초지수 명시; 운용사·공식 출처 URL 존재; 자산군·투자대상 추출(주식/국내 반도체),가능,
KR7099140006,099140,KODEX 차이나H,Hang Seng China H,주식,중국,기타특수구조,미확인 주식전략,중국 미확인 주식전략,미확인-주식전략-중국-미확인-주식전략-526c3d6249,passive,plain,neutral,1X,unhedged,physical_or_unspecified,unknown,PG-PENDING-099140-763f1dbf99,,classified_derived,기초지수 명시; 운용사·공식 출처 URL 존재; 자산군·투자대상 추출(주식/중국 미확인 주식전략),가능,직접 비교에 필요한 주식 전략·투자대상 미확인; 세부 투자대상 또는 만기·구성비율 미확인
KR7100910009,100910,KIWOOM KRX100,KRX 100,주식,국내,기타특수구조,미확인 주식전략,국내 미확인 주식전략,미확인-주식전략-국내-미확인-주식전략-46eed209b8,passive,plain,neutral,1X,unhedged_or_not_applicable,physical_or_unspecified,broad,PG-PENDING-100910-2a5193058d,,classified_derived,기초지수 명시; 운용사·공식 출처 URL 존재; 자산군·투자대상 추출(주식/국내 미확인 주식전략),가능,직접 비교에 필요한 주식 전략·투자대상 미확인; 세부 투자대상 또는 만기·구성비율 미확인
KR7101280006,101280,KODEX 일본TOPIX100,TOPIX100,주식,일본,기타특수구조,일본 테크 & 상사,일본 미확인 주식전략,미확인-주식전략-일본-미확인-주식전략-aa68fbbd45,passive,plain,neutral,1X,unhedged,physical_or_unspecified,broad,PG-PENDING-101280-76b17e2628,,classified_derived,기초지수 명시; 운용사·공식 출처 URL 존재; 자산군·투자대상 추출(주식/일본 미확인 주식전략),가능,직접 비교에 필요한 주식 전략·투자대상 미확인; 세부 투자대상 또는 만기·구성비율 미확인
KR7102110004,102110,TIGER 200,코스피 200,주식,국내,대표지수,코스피 200 코어,국내 코스피200,KOSPI200,passive,plain,neutral,1X,unhedged_or_not_applicable,physical_or_unspecified,broad,PG-주식-국내-대표지수-코스피200-국내-코스피200-KOSPI200-b519363da3,,verified_official,기초지수 명시; 운용사·공식 출처 URL 존재; 자산군·투자대상 추출(주식/국내 미확인 주식전략),가능,직접 비교에 필요한 주식 전략·투자대상 미확인; 세부 투자대상 또는 만기·구성비율 미확인
KR7102780004,102780,KODEX 삼성그룹,삼성그룹,주식,국내,기업집단,기업집단,국내 기업집단,기업집단-국내-기업집단-d62cbfc10d,passive,plain,neutral,1X,unhedged_or_not_applicable,physical_or_unspecified,unknown,PG-주식-국내-기업집단-기업집단-국내-기업집단-기업집단-국내-기업집단-e294ab8bd9,,verified_official,기초지수 명시; 운용사·공식 출처 URL 존재; 자산군·투자대상 추출(주식/국내 기업집단),가능,
KR7102960002,102960,KODEX 기계장비,KRX 기계장비,주식,국내,기타특수구조,미확인 주식전략,국내 미확인 주식전략,미확인-주식전략-국내-미확인-주식전략-46eed209b8,passive,plain,neutral,1X,unhedged_or_not_applicable,physical_or_unspecified,unknown,PG-PENDING-102960-9ce47fe615,,classified_derived,기초지수 명시; 운용사·공식 출처 URL 존재; 자산군·투자대상 추출(주식/국내 미확인 주식전략),가능,직접 비교에 필요한 주식 전략·투자대상 미확인; 세부 투자대상 또는 만기·구성비율 미확인
KR7102970001,102970,KODEX 증권,KRX 증권,주식,국내,산업·섹터,밸류업 & 금융지주·은행,국내 금융·은행·증권·보험,금융-은행-증권-보험-국내-금융-은행-증권-보험-85a36c5547,passive,plain,neutral,1X,unhedged_or_not_applicable,physical_or_unspecified,unknown,PG-주식-국내-산업-섹터-금융-은행-증권-보험-국내-금융-은행-증권--955a0a4988,,verified_official,기초지수 명시; 운용사·공식 출처 URL 존재; 자산군·투자대상 추출(주식/국내 금융·은행·증권·보험),가능,
KR7104520002,104520,KIWOOM 블루칩,MKF 블루칩,주식,국내,기타특수구조,미확인 주식전략,국내 미확인 주식전략,미확인-주식전략-국내-미확인-주식전략-46eed209b8,passive,plain,neutral,1X,unhedged_or_not_applicable,physical_or_unspecified,unknown,PG-PENDING-104520-7570160de5,,classified_derived,기초지수 명시; 운용사·공식 출처 URL 존재; 자산군·투자대상 추출(주식/국내 미확인 주식전략),가능,직접 비교에 필요한 주식 전략·투자대상 미확인; 세부 투자대상 또는 만기·구성비율 미확인
KR7104530001,104530,KIWOOM 코리아고배당,MKF 웰스 고배당20,주식,국내,배당·주주환원,고배당 & 인컴 전략,국내 고배당,고배당-국내-고배당-2325fcd2e0,passive,plain,neutral,1X,unhedged_or_not_applicable,physical_or_unspecified,unknown,PG-주식-국내-배당-주주환원-고배당-국내-고배당-고배당-국내-고배당--dd861c8cd4,,verified_official,기초지수 명시; 운용사·공식 출처 URL 존재; 자산군·투자대상 추출(주식/국내 고배당),가능,
KR7105010003,105010,TIGER 라틴35,BNY Latin America 35 ADR,주식,기타국가,기타특수구조,미확인 주식전략,기타국가 미확인 주식전략,미확인-주식전략-기타국가-미확인-주식전략-cd16f2b14c,passive,plain,neutral,1X,unhedged,physical_or_unspecified,unknown,PG-PENDING-105010-ca59d2b222,,classified_derived,기초지수 명시; 운용사·공식 출처 URL 존재; 자산군·투자대상 추출(주식/기타국가 미확인 주식전략),가능,직접 비교에 필요한 주식 전략·투자대상 미확인; 세부 투자대상 또는 만기·구성비율 미확인
KR7105190003,105190,ACE 200,코스피 200,주식,국내,대표지수,코스피 200 코어,국내 코스피200,KOSPI200,passive,plain,neutral,1X,unhedged_or_not_applicable,physical_or_unspecified,broad,PG-주식-국내-대표지수-코스피200-국내-코스피200-KOSPI200-b519363da3,,verified_official,기초지수 명시; 운용사·공식 출처 URL 존재; 자산군·투자대상 추출(주식/국내 미확인 주식전략),가능,직접 비교에 필요한 주식 전략·투자대상 미확인; 세부 투자대상 또는 만기·구성비율 미확인
KR7105780001,105780,RISE 5대그룹주,MKF 5대그룹주,주식,국내,기업집단,기업집단,국내 기업집단,기업집단-국내-기업집단-d62cbfc10d,passive,plain,neutral,1X,unhedged_or_not_applicable,physical_or_unspecified,unknown,PG-주식-국내-기업집단-기업집단-국내-기업집단-기업집단-국내-기업집단-e294ab8bd9,,verified_official,기초지수 명시; 운용사·공식 출처 URL 존재; 자산군·투자대상 추출(주식/국내 기업집단),가능,
KR7108450008,108450,ACE 삼성그룹섹터가중,MKF SAMs SW,주식,국내,기업집단,기업집단,국내 기업집단,기업집단-국내-기업집단-d62cbfc10d,passive,plain,neutral,1X,unhedged_or_not_applicable,physical_or_unspecified,unknown,PG-주식-국내-기업집단-기업집단-국내-기업집단-기업집단-국내-기업집단-e294ab8bd9,,verified_official,기초지수 명시; 운용사·공식 출처 URL 존재; 자산군·투자대상 추출(주식/국내 기업집단),가능,
KR7108590001,108590,TREX 200,코스피 200,주식,국내,대표지수,코스피 200 코어,국내 코스피200,KOSPI200,passive,plain,neutral,1X,unhedged_or_not_applicable,physical_or_unspecified,broad,PG-주식-국내-대표지수-코스피200-국내-코스피200-KOSPI200-b519363da3,,verified_official,기초지수 명시; 자산군·투자대상 추출(주식/국내 미확인 주식전략),,직접 비교에 필요한 주식 전략·투자대상 미확인; 세부 투자대상 또는 만기·구성비율 미확인
KR7114100001,114100,RISE 국고채3년,KTB INDEX(시장가격),채권,국내,채권,국내 단기·초단기채,국내 채권 단기 등급미확인,BOND_국내-채권-단기-등급미확인-afa2e5ef57,passive,bond_coupon,neutral,1X,unhedged_or_not_applicable,physical_or_unspecified,unknown,PG-PENDING-114100-2b61496b0d,,classified_derived,기초지수 명시; 운용사·공식 출처 URL 존재; 자산군·투자대상 추출(채권/국내 채권 단기 등급미확인),가능,세부 투자대상 또는 만기·구성비율 미확인
KR7114260003,114260,KODEX 국고채3년,MKF 국고채지수(총수익),채권,국내,채권,국내 단기·초단기채,국내 채권 단기 등급미확인,BOND_국내-채권-단기-등급미확인-afa2e5ef57,passive,bond_coupon,neutral,1X,unhedged_or_not_applicable,physical_or_unspecified,unknown,PG-PENDING-114260-5cee14bbca,,classified_derived,기초지수 명시; 운용사·공식 출처 URL 존재; 자산군·투자대상 추출(채권/국내 채권 단기 등급미확인),가능,세부 투자대상 또는 만기·구성비율 미확인
KR7114460009,114460,ACE 국고채3년,KTB INDEX(시장가격),채권,국내,채권,국내 단기·초단기채,국내 채권 단기 등급미확인,BOND_국내-채권-단기-등급미확인-afa2e5ef57,passive,bond_coupon,neutral,1X,unhedged_or_not_applicable,physical_or_unspecified,unknown,PG-PENDING-114460-fde1616dc2,,classified_derived,기초지수 명시; 운용사·공식 출처 URL 존재; 자산군·투자대상 추출(채권/국내 채권 단기 등급미확인),가능,세부 투자대상 또는 만기·구성비율 미확인
KR7114470008,114470,KIWOOM 국고채3년,KTB INDEX(시장가격),채권,국내,채권,국내 단기·초단기채,국내 채권 단기 등급미확인,BOND_국내-채권-단기-등급미확인-afa2e5ef57,passive,bond_coupon,neutral,1X,unhedged_or_not_applicable,physical_or_unspecified,unknown,PG-PENDING-114470-e91e902d0e,,classified_derived,기초지수 명시; 운용사·공식 출처 URL 존재; 자산군·투자대상 추출(채권/국내 채권 단기 등급미확인),가능,세부 투자대상 또는 만기·구성비율 미확인
KR7114800006,114800,KODEX 인버스,코스피 200 선물지수,주식,국내,기타특수구조,미확인 주식전략,국내 미확인 주식전략,미확인-주식전략-국내-미확인-주식전략-46eed209b8,inverse,inverse,short,1X,unhedged_or_not_applicable,physical_or_unspecified,broad,PG-PENDING-114800-97bfd670e0,,classified_derived,기초지수 명시; 운용사·공식 출처 URL 존재; 상품명 구조표시(inverse); 자산군·투자대상 추출(주식/국내 미확인 주식전략),불가,직접 비교에 필요한 주식 전략·투자대상 미확인; 세부 투자대상 또는 만기·구성비율 미확인
KR7114820004,114820,TIGER 국채3년,KTB INDEX(시장가격),채권,국내,채권,국내 단기·초단기채,국내 국채 단기 등급미확인,BOND_국내-국채-단기-등급미확인-bddf0c67db,passive,bond_coupon,neutral,1X,unhedged_or_not_applicable,physical_or_unspecified,unknown,PG-PENDING-114820-b731db1d4f,,classified_derived,기초지수 명시; 운용사·공식 출처 URL 존재; 자산군·투자대상 추출(채권/국내 국채 단기 등급미확인),가능,세부 투자대상 또는 만기·구성비율 미확인
KR7117460006,117460,KODEX 에너지화학,KRX 에너지화학,주식,국내,산업·섹터,철강·화학,국내 철강·화학,철강-화학-국내-철강-화학-2baeb11d7e,passive,plain,neutral,1X,unhedged_or_not_applicable,physical_or_unspecified,unknown,PG-주식-국내-산업-섹터-철강-화학-국내-철강-화학-철강-화학-국내--f891fc6f8c,,verified_official,기초지수 명시; 운용사·공식 출처 URL 존재; 자산군·투자대상 추출(주식/국내 철강·화학),가능,
KR7117680009,117680,KODEX 철강,KRX 철강,주식,국내,산업·섹터,철강·화학,국내 철강·화학,철강-화학-국내-철강-화학-2baeb11d7e,passive,plain,neutral,1X,unhedged_or_not_applicable,physical_or_unspecified,unknown,PG-주식-국내-산업-섹터-철강-화학-국내-철강-화학-철강-화학-국내--f891fc6f8c,,verified_official,기초지수 명시; 운용사·공식 출처 URL 존재; 자산군·투자대상 추출(주식/국내 철강·화학),가능,
KR7117690008,117690,TIGER 차이나항셍30,Hang Seng China (Hong Kong-listed) 30 Index,주식,중국,기타특수구조,미확인 주식전략,중국 미확인 주식전략,미확인-주식전략-중국-미확인-주식전략-526c3d6249,passive,plain,neutral,1X,unhedged,physical_or_unspecified,unknown,PG-PENDING-117690-6bf5b4c805,,classified_derived,기초지수 명시; 운용사·공식 출처 URL 존재; 자산군·투자대상 추출(주식/중국 미확인 주식전략),가능,직접 비교에 필요한 주식 전략·투자대상 미확인; 세부 투자대상 또는 만기·구성비율 미확인
KR7117700005,117700,KODEX 건설,KRX 건설,주식,국내,산업·섹터,건설·인프라,국내 건설·인프라,건설-인프라-국내-건설-인프라-072eb0d753,passive,plain,neutral,1X,unhedged_or_not_applicable,physical_or_unspecified,unknown,PG-주식-국내-산업-섹터-건설-인프라-국내-건설-인프라-건설-인프라--b65bc03b95,,verified_official,기초지수 명시; 운용사·공식 출처 URL 존재; 자산군·투자대상 추출(주식/국내 건설·인프라),가능,
KR7122090004,122090,PLUS 코스피50,코스피 50,주식,국내,기타특수구조,미확인 주식전략,국내 미확인 주식전략,미확인-주식전략-국내-미확인-주식전략-46eed209b8,passive,plain,neutral,1X,unhedged_or_not_applicable,physical_or_unspecified,unknown,PG-PENDING-122090-8b9f74d705,,classified_derived,기초지수 명시; 운용사·공식 출처 URL 존재; 자산군·투자대상 추출(주식/국내 미확인 주식전략),가능,직접 비교에 필요한 주식 전략·투자대상 미확인; 세부 투자대상 또는 만기·구성비율 미확인
KR7122260003,122260,KIWOOM 통안채1년,MK 통안채지수(총수익),채권,국내,채권,우량 회사채·금융채,국내 채권 초단기 등급미확인,BOND_국내-채권-초단기-등급미확인-2cd6864612,passive,bond_coupon,neutral,1X,unhedged_or_not_applicable,physical_or_unspecified,unknown,PG-PENDING-122260-b4346a9ca9,,conflict_resolved,기초지수 명시; 운용사·공식 출처 URL 존재; 자산군·투자대상 추출(채권/국내 채권 초단기 등급미확인),가능,세부 투자대상 또는 만기·구성비율 미확인; 기존 자산분류와 비교분류 추론값 충돌
KR7122630007,122630,KODEX 레버리지,코스피 200,주식,국내,기타특수구조,미확인 주식전략,국내 미확인 주식전략,미확인-주식전략-국내-미확인-주식전략-46eed209b8,leveraged,leveraged,long,2X,unhedged_or_not_applicable,physical_or_unspecified,broad,PG-PENDING-122630-83f0c725ba,,classified_derived,기초지수 명시; 운용사·공식 출처 URL 존재; 상품명 구조표시(leveraged); 자산군·투자대상 추출(주식/국내 미확인 주식전략),불가,직접 비교에 필요한 주식 전략·투자대상 미확인; 세부 투자대상 또는 만기·구성비율 미확인
KR7123310005,123310,TIGER 인버스,코스피 200 선물지수,주식,국내,기타특수구조,미확인 주식전략,국내 미확인 주식전략,미확인-주식전략-국내-미확인-주식전략-46eed209b8,inverse,inverse,short,1X,unhedged_or_not_applicable,physical_or_unspecified,broad,PG-PENDING-123310-2804900442,,classified_derived,기초지수 명시; 운용사·공식 출처 URL 존재; 상품명 구조표시(inverse); 자산군·투자대상 추출(주식/국내 미확인 주식전략),불가,직접 비교에 필요한 주식 전략·투자대상 미확인; 세부 투자대상 또는 만기·구성비율 미확인
KR7123320004,123320,TIGER 레버리지,코스피 200,주식,국내,기타특수구조,미확인 주식전략,국내 미확인 주식전략,미확인-주식전략-국내-미확인-주식전략-46eed209b8,leveraged,leveraged,long,2X,unhedged_or_not_applicable,physical_or_unspecified,broad,PG-PENDING-123320-0b7e74a8a5,,classified_derived,기초지수 명시; 운용사·공식 출처 URL 존재; 상품명 구조표시(leveraged); 자산군·투자대상 추출(주식/국내 미확인 주식전략),불가,직접 비교에 필요한 주식 전략·투자대상 미확인; 세부 투자대상 또는 만기·구성비율 미확인
KR7130680002,130680,TIGER 원유선물Enhanced(H),S&P GSCI Crude Oil Enhanced Index ER,원자재,미국,원자재,에너지 (원유·천연가스),원유 futures,COMMODITY_원유-FUTURES-601b9bd6ca,passive,futures,neutral,1X,hedged,physical_or_unspecified,unknown,PG-원자재-해당없음-원자재-원유-원유-FUTURES-COMMODITY-8e4ab58f78,,verified_official,기초지수 명시; 운용사·공식 출처 URL 존재; 자산군·투자대상 추출(원자재/원유 futures),불가,
KR7130730005,130730,KIWOOM 단기자금,MK 머니마켓 지수(총수익),금리·파킹,국내,금리·파킹,금리·파킹,머니마켓,RATE_머니마켓-e1b1a267e3,passive,rate_return,neutral,1X,not_applicable,physical_or_unspecified,unknown,PG-금리-파킹-해당없음-금리-파킹-금리-파킹-머니마켓-RATE-머니마-53401a7911,,verified_official,기초지수 명시; 운용사·공식 출처 URL 존재; 자산군·투자대상 추출(금리·파킹/머니마켓),가능,
KR7131890006,131890,ACE 삼성그룹동일가중,MKF SAMs EW 지수,주식,국내,기업집단,기업집단,국내 기업집단,기업집단-국내-기업집단-d62cbfc10d,passive,plain,neutral,1X,unhedged_or_not_applicable,physical_or_unspecified,unknown,PG-주식-국내-기업집단-기업집단-국내-기업집단-기업집단-국내-기업집단-e294ab8bd9,,verified_official,기초지수 명시; 운용사·공식 출처 URL 존재; 자산군·투자대상 추출(주식/국내 기업집단),가능,
KR7132030008,132030,KODEX 골드선물(H),S&P GSCI Gold Index(TR),원자재,미국,원자재,귀금속 (금·은·팔라듐),금 futures,COMMODITY_금-FUTURES-0733949e87,passive,futures,neutral,1X,hedged,physical_or_unspecified,unknown,PG-원자재-해당없음-원자재-금-금-FUTURES-COMMODITY-금-ee93d7746a,,verified_official,기초지수 명시; 운용사·공식 출처 URL 존재; 자산군·투자대상 추출(원자재/금 futures),불가,
KR7133690008,133690,TIGER 미국나스닥100,NASDAQ 100,주식,미국,대표지수,나스닥 100 코어,미국 나스닥100,NASDAQ100,passive,plain,neutral,1X,unhedged,physical_or_unspecified,broad,PG-주식-미국-대표지수-나스닥100-미국-나스닥100-NASDAQ10-07ea923e6f,,verified_official,기초지수 명시; 운용사·공식 출처 URL 존재; 자산군·투자대상 추출(주식/미국 나스닥100),가능,
KR7136340007,136340,RISE 중기우량회사채,KOBI 크레딧 지수(총수익),채권,국내,채권,우량 회사채·금융채,국내 회사채 중기 등급미확인,BOND_국내-회사채-중기-등급미확인-d1cc110a46,passive,bond_coupon,neutral,1X,unhedged_or_not_applicable,physical_or_unspecified,unknown,PG-PENDING-136340-d6121d363c,,classified_derived,기초지수 명시; 운용사·공식 출처 URL 존재; 자산군·투자대상 추출(채권/국내 회사채 중기 등급미확인),가능,세부 투자대상 또는 만기·구성비율 미확인
KR7137610002,137610,TIGER 농산물선물Enhanced(H),S&P GSCI Agriculture Enhanced Index(ER),원자재,미국,원자재,농산물 (곡물·소프트),농산물 futures,COMMODITY_농산물-FUTURES-50a7e474e9,passive,futures,neutral,1X,hedged,physical_or_unspecified,unknown,PG-원자재-해당없음-원자재-농산물-농산물-FUTURES-COMMODI-598353d61b,,verified_official,기초지수 명시; 운용사·공식 출처 URL 존재; 자산군·투자대상 추출(원자재/농산물 futures),불가,
KR7138230008,138230,KIWOOM 미국달러선물,미국달러선물지수,금리·파킹,미국,금리·파킹,금리·파킹,초단기 금리,RATE_초단기-금리-70f35d000d,passive,rate_return,neutral,1X,unhedged,physical_or_unspecified,unknown,PG-금리-파킹-해당없음-금리-파킹-금리-파킹-초단기-금리-RATE-초-58f4b66988,,verified_official,기초지수 명시; 운용사·공식 출처 URL 존재; 자산군·투자대상 추출(금리·파킹/초단기 금리),불가,
KR7138520002,138520,TIGER 삼성그룹,MKF SAMs FW,주식,국내,기업집단,기업집단,국내 기업집단,기업집단-국내-기업집단-d62cbfc10d,passive,plain,neutral,1X,unhedged_or_not_applicable,physical_or_unspecified,unknown,PG-주식-국내-기업집단-기업집단-국내-기업집단-기업집단-국내-기업집단-e294ab8bd9,,verified_official,기초지수 명시; 운용사·공식 출처 URL 존재; 자산군·투자대상 추출(주식/국내 기업집단),가능,
KR7138530001,138530,TIGER LG그룹플러스,MKF LG그룹+ FW,주식,국내,기업집단,기업집단,국내 기업집단,기업집단-국내-기업집단-d62cbfc10d,passive,plain,neutral,1X,unhedged_or_not_applicable,physical_or_unspecified,unknown,PG-주식-국내-기업집단-기업집단-국내-기업집단-기업집단-국내-기업집단-e294ab8bd9,,verified_official,기초지수 명시; 운용사·공식 출처 URL 존재; 자산군·투자대상 추출(주식/국내 기업집단),가능,
KR7138540000,138540,TIGER 현대차그룹플러스,MKF 현대차그룹+ FW,주식,국내,기업집단,자동차 & 스마트모빌리티,국내 기업집단,기업집단-국내-기업집단-d62cbfc10d,passive,plain,neutral,1X,unhedged_or_not_applicable,physical_or_unspecified,unknown,PG-주식-국내-기업집단-기업집단-국내-기업집단-기업집단-국내-기업집단-e294ab8bd9,,verified_official,기초지수 명시; 운용사·공식 출처 URL 존재; 자산군·투자대상 추출(주식/국내 기업집단),가능,
KR7138910005,138910,KODEX 구리선물(H),S&P GSCI North American Copper Index(TR),원자재,미국,원자재,산업용 금속 (구리·비철),구리 futures,COMMODITY_구리-FUTURES-1f0ca342fc,passive,futures,neutral,1X,hedged,physical_or_unspecified,unknown,PG-원자재-해당없음-원자재-구리-구리-FUTURES-COMMODITY-0d3891b334,,verified_official,기초지수 명시; 운용사·공식 출처 URL 존재; 자산군·투자대상 추출(원자재/구리 futures),불가,
KR7138920004,138920,KODEX 콩선물(H),S&P GSCI Soybeans Index(TR),원자재,미국,원자재,농산물 (곡물·소프트),기타원자재 futures,COMMODITY_기타원자재-FUTURES-e9bbd8bb27,passive,futures,neutral,1X,hedged,physical_or_unspecified,unknown,PG-원자재-해당없음-원자재-기타원자재-기타원자재-FUTURES-COM-c6ca4488b8,,verified_official,기초지수 명시; 운용사·공식 출처 URL 존재; 자산군·투자대상 추출(원자재/기타원자재 futures),불가,
KR7139220008,139220,TIGER 200 건설,코스피 200 건설,주식,국내,산업·섹터,건설·인프라,국내 건설·인프라,건설-인프라-국내-건설-인프라-072eb0d753,passive,plain,neutral,1X,unhedged_or_not_applicable,physical_or_unspecified,broad,PG-주식-국내-산업-섹터-건설-인프라-국내-건설-인프라-건설-인프라--b65bc03b95,,verified_official,기초지수 명시; 운용사·공식 출처 URL 존재; 자산군·투자대상 추출(주식/국내 건설·인프라),가능,
KR7139230007,139230,TIGER 200 중공업,코스피 200 중공업,주식,국내,기타특수구조,미확인 주식전략,국내 미확인 주식전략,미확인-주식전략-국내-미확인-주식전략-46eed209b8,passive,plain,neutral,1X,unhedged_or_not_applicable,physical_or_unspecified,broad,PG-PENDING-139230-7748eee5b0,,classified_derived,기초지수 명시; 운용사·공식 출처 URL 존재; 자산군·투자대상 추출(주식/국내 미확인 주식전략),가능,직접 비교에 필요한 주식 전략·투자대상 미확인; 세부 투자대상 또는 만기·구성비율 미확인
KR7139240006,139240,TIGER 200 철강소재,코스피 200 철강/소재,주식,국내,산업·섹터,철강·화학,국내 철강·화학,철강-화학-국내-철강-화학-2baeb11d7e,passive,plain,neutral,1X,unhedged_or_not_applicable,physical_or_unspecified,broad,PG-주식-국내-산업-섹터-철강-화학-국내-철강-화학-철강-화학-국내--f891fc6f8c,,verified_official,기초지수 명시; 운용사·공식 출처 URL 존재; 자산군·투자대상 추출(주식/국내 철강·화학),가능,
KR7139250005,139250,TIGER 200 에너지화학,코스피 200 에너지/화학,주식,국내,산업·섹터,철강·화학,국내 철강·화학,철강-화학-국내-철강-화학-2baeb11d7e,passive,plain,neutral,1X,unhedged_or_not_applicable,physical_or_unspecified,broad,PG-주식-국내-산업-섹터-철강-화학-국내-철강-화학-철강-화학-국내--f891fc6f8c,,verified_official,기초지수 명시; 운용사·공식 출처 URL 존재; 자산군·투자대상 추출(주식/국내 철강·화학),가능,
KR7139260004,139260,TIGER 200 IT,코스피 200 정보기술,주식,국내,기타특수구조,미확인 주식전략,국내 미확인 주식전략,미확인-주식전략-국내-미확인-주식전략-46eed209b8,passive,plain,neutral,1X,unhedged_or_not_applicable,physical_or_unspecified,broad,PG-PENDING-139260-a708689d8e,,classified_derived,기초지수 명시; 운용사·공식 출처 URL 존재; 자산군·투자대상 추출(주식/국내 미확인 주식전략),가능,직접 비교에 필요한 주식 전략·투자대상 미확인; 세부 투자대상 또는 만기·구성비율 미확인
KR7139270003,139270,TIGER 200 금융,코스피 200 금융,주식,국내,산업·섹터,밸류업 & 금융지주·은행,국내 금융·은행·증권·보험,금융-은행-증권-보험-국내-금융-은행-증권-보험-85a36c5547,passive,plain,neutral,1X,unhedged_or_not_applicable,physical_or_unspecified,broad,PG-주식-국내-산업-섹터-금융-은행-증권-보험-국내-금융-은행-증권--955a0a4988,,verified_official,기초지수 명시; 운용사·공식 출처 URL 존재; 자산군·투자대상 추출(주식/국내 금융·은행·증권·보험),가능,
KR7139280002,139280,TIGER 경기방어,코스피 200 경기방어소비재,주식,국내,기타특수구조,미확인 주식전략,국내 미확인 주식전략,미확인-주식전략-국내-미확인-주식전략-46eed209b8,passive,plain,neutral,1X,unhedged_or_not_applicable,physical_or_unspecified,broad,PG-PENDING-139280-a3d242023f,,classified_derived,기초지수 명시; 운용사·공식 출처 URL 존재; 자산군·투자대상 추출(주식/국내 미확인 주식전략),가능,직접 비교에 필요한 주식 전략·투자대상 미확인; 세부 투자대상 또는 만기·구성비율 미확인
KR7139290001,139290,TIGER 200 경기소비재,코스피 200 경기소비재,주식,국내,기타특수구조,K-푸드 & K-뷰티,국내 미확인 주식전략,미확인-주식전략-국내-미확인-주식전략-46eed209b8,passive,plain,neutral,1X,unhedged_or_not_applicable,physical_or_unspecified,broad,PG-PENDING-139290-c4f036d679,,classified_derived,기초지수 명시; 운용사·공식 출처 URL 존재; 자산군·투자대상 추출(주식/국내 미확인 주식전략),가능,직접 비교에 필요한 주식 전략·투자대상 미확인; 세부 투자대상 또는 만기·구성비율 미확인
KR7139320006,139320,TIGER 금은선물(H),S&P GSCI Precious Metals Index(TR),원자재,미국,원자재,귀금속 (금·은·팔라듐),기타원자재 futures,COMMODITY_기타원자재-FUTURES-e9bbd8bb27,passive,futures,neutral,1X,hedged,physical_or_unspecified,unknown,PG-원자재-해당없음-원자재-기타원자재-기타원자재-FUTURES-COM-c6ca4488b8,,verified_official,기초지수 명시; 운용사·공식 출처 URL 존재; 자산군·투자대상 추출(원자재/기타원자재 futures),불가,
KR7139660005,139660,KIWOOM 미국달러선물인버스,미국달러선물지수,금리·파킹,미국,금리·파킹,금리·파킹,초단기 금리,RATE_초단기-금리-70f35d000d,inverse,rate_return,short,1X,unhedged,physical_or_unspecified,unknown,PG-금리-파킹-해당없음-금리-파킹-금리-파킹-초단기-금리-RATE-초-42bd95eafc,,verified_official,기초지수 명시; 운용사·공식 출처 URL 존재; 상품명 구조표시(inverse); 자산군·투자대상 추출(금리·파킹/초단기 금리),불가,
KR7140570003,140570,RISE 수출주,MKF 수출주 지수,주식,국내,기타특수구조,미확인 주식전략,국내 미확인 주식전략,미확인-주식전략-국내-미확인-주식전략-46eed209b8,passive,plain,neutral,1X,unhedged_or_not_applicable,physical_or_unspecified,unknown,PG-PENDING-140570-e111a39e09,,classified_derived,기초지수 명시; 운용사·공식 출처 URL 존재; 자산군·투자대상 추출(주식/국내 미확인 주식전략),가능,직접 비교에 필요한 주식 전략·투자대상 미확인; 세부 투자대상 또는 만기·구성비율 미확인
KR7140580002,140580,RISE 우량업종대표주,MKF 우량업종대표주 지수,주식,국내,기타특수구조,미확인 주식전략,국내 미확인 주식전략,미확인-주식전략-국내-미확인-주식전략-46eed209b8,passive,plain,neutral,1X,unhedged_or_not_applicable,physical_or_unspecified,unknown,PG-PENDING-140580-c58caa7f47,,classified_derived,기초지수 명시; 운용사·공식 출처 URL 존재; 자산군·투자대상 추출(주식/국내 미확인 주식전략),가능,직접 비교에 필요한 주식 전략·투자대상 미확인; 세부 투자대상 또는 만기·구성비율 미확인
KR7140700006,140700,KODEX 보험,KRX 보험,주식,국내,산업·섹터,밸류업 & 금융지주·은행,국내 금융·은행·증권·보험,금융-은행-증권-보험-국내-금융-은행-증권-보험-85a36c5547,passive,plain,neutral,1X,unhedged_or_not_applicable,physical_or_unspecified,unknown,PG-주식-국내-산업-섹터-금융-은행-증권-보험-국내-금융-은행-증권--955a0a4988,,verified_official,기초지수 명시; 운용사·공식 출처 URL 존재; 자산군·투자대상 추출(주식/국내 금융·은행·증권·보험),가능,
KR7140710005,140710,KODEX 운송,KRX 운송,주식,국내,기타특수구조,미확인 주식전략,국내 미확인 주식전략,미확인-주식전략-국내-미확인-주식전략-46eed209b8,passive,plain,neutral,1X,unhedged_or_not_applicable,physical_or_unspecified,unknown,PG-PENDING-140710-4e793c9a2b,,classified_derived,기초지수 명시; 운용사·공식 출처 URL 존재; 자산군·투자대상 추출(주식/국내 미확인 주식전략),가능,직접 비교에 필요한 주식 전략·투자대상 미확인; 세부 투자대상 또는 만기·구성비율 미확인
KR7140950007,140950,파워 코스피100,코스피 100,주식,국내,기타특수구조,미확인 주식전략,국내 미확인 주식전략,미확인-주식전략-국내-미확인-주식전략-46eed209b8,passive,plain,neutral,1X,unhedged_or_not_applicable,physical_or_unspecified,broad,PG-PENDING-140950-f6bf1850d4,,classified_derived,기초지수 명시; 자산군·투자대상 추출(주식/국내 미확인 주식전략),,직접 비교에 필요한 주식 전략·투자대상 미확인; 세부 투자대상 또는 만기·구성비율 미확인
KR7143850006,143850,TIGER 미국S&P500선물(H),S&P 500 Futures Index(ER),주식,미국,대표지수,S&P 500 시장대표,미국 S&P500,S&P500,passive,plain,neutral,1X,hedged,physical_or_unspecified,broad,PG-주식-미국-대표지수-S-P500-미국-S-P500-S-P500-P-c2eb6d3f91,,verified_official,기초지수 명시; 운용사·공식 출처 URL 존재; 자산군·투자대상 추출(주식/미국 S&P500),불가,
KR7143860005,143860,TIGER 헬스케어,KRX 헬스케어,주식,국내,산업·섹터,비만·신약 & 바이오시밀러,국내 바이오·제약·헬스케어,바이오-제약-헬스케어-국내-바이오-제약-헬스케어-d888086019,passive,plain,neutral,1X,unhedged_or_not_applicable,physical_or_unspecified,unknown,PG-주식-국내-산업-섹터-바이오-제약-헬스케어-국내-바이오-제약-헬스-eaf9ac0bdb,,verified_official,기초지수 명시; 운용사·공식 출처 URL 존재; 자산군·투자대상 추출(주식/국내 바이오·제약·헬스케어),가능,
KR7144600004,144600,KODEX 은선물(H),S&P GSCI Silver Index(TR),원자재,미국,원자재,귀금속 (금·은·팔라듐),은 futures,COMMODITY_은-FUTURES-b0aae90eb6,passive,futures,neutral,1X,hedged,physical_or_unspecified,unknown,PG-원자재-해당없음-원자재-은-은-FUTURES-COMMODITY-은-200f1f9090,,verified_official,기초지수 명시; 운용사·공식 출처 URL 존재; 자산군·투자대상 추출(원자재/은 futures),불가,
KR7145670006,145670,ACE 인버스,코스피 200 선물지수,주식,국내,기타특수구조,미확인 주식전략,국내 미확인 주식전략,미확인-주식전략-국내-미확인-주식전략-46eed209b8,inverse,inverse,short,1X,unhedged_or_not_applicable,physical_or_unspecified,broad,PG-PENDING-145670-a45617f711,,classified_derived,기초지수 명시; 운용사·공식 출처 URL 존재; 상품명 구조표시(inverse); 자산군·투자대상 추출(주식/국내 미확인 주식전략),불가,직접 비교에 필요한 주식 전략·투자대상 미확인; 세부 투자대상 또는 만기·구성비율 미확인
KR7145850004,145850,TREX 펀더멘탈 200,FnGuide-RAFI 코리아200 지수,주식,국내,기타특수구조,미확인 주식전략,국내 미확인 주식전략,미확인-주식전략-국내-미확인-주식전략-46eed209b8,passive,plain,neutral,1X,unhedged_or_not_applicable,physical_or_unspecified,broad,PG-PENDING-145850-e75a5f8fa3,,classified_derived,기초지수 명시; 자산군·투자대상 추출(주식/국내 미확인 주식전략),,직접 비교에 필요한 주식 전략·투자대상 미확인; 세부 투자대상 또는 만기·구성비율 미확인
KR7147970008,147970,TIGER 모멘텀,FnGuide 모멘텀 지수,주식,국내,스타일·팩터,스타일·팩터,국내 스타일·팩터,스타일-팩터-국내-스타일-팩터-bbac88fc35,passive,plain,neutral,1X,unhedged_or_not_applicable,physical_or_unspecified,unknown,PG-주식-국내-스타일-팩터-스타일-팩터-국내-스타일-팩터-스타일-팩터-ac65317623,,verified_official,기초지수 명시; 운용사·공식 출처 URL 존재; 자산군·투자대상 추출(주식/국내 스타일·팩터),가능,
KR7148020001,148020,RISE 200,코스피 200,주식,국내,대표지수,코스피 200 코어,국내 코스피200,KOSPI200,passive,plain,neutral,1X,unhedged_or_not_applicable,physical_or_unspecified,broad,PG-주식-국내-대표지수-코스피200-국내-코스피200-KOSPI200-b519363da3,,verified_official,기초지수 명시; 운용사·공식 출처 URL 존재; 자산군·투자대상 추출(주식/국내 미확인 주식전략),가능,직접 비교에 필요한 주식 전략·투자대상 미확인; 세부 투자대상 또는 만기·구성비율 미확인
KR7148070006,148070,KIWOOM 국고채10년,KIS 10년 국고채 지수 (총수익),채권,국내,채권,국내 장기국채,국내 채권 장기 등급미확인,BOND_국내-채권-장기-등급미확인-f457d22418,passive,bond_coupon,neutral,1X,unhedged_or_not_applicable,physical_or_unspecified,unknown,PG-PENDING-148070-2e41043887,,classified_derived,기초지수 명시; 운용사·공식 출처 URL 존재; 자산군·투자대상 추출(채권/국내 채권 장기 등급미확인),가능,세부 투자대상 또는 만기·구성비율 미확인
KR7150460004,150460,TIGER 중국소비테마,FnGuide 중국내수테마 지수,주식,중국,기타특수구조,글로벌 럭셔리 & 소비재,국내 미확인 주식전략,미확인-주식전략-국내-미확인-주식전략-46eed209b8,passive,plain,neutral,1X,unhedged,physical_or_unspecified,unknown,PG-PENDING-150460-492627aee2,,classified_derived,기초지수 명시; 운용사·공식 출처 URL 존재; 자산군·투자대상 추출(주식/국내 미확인 주식전략),가능,직접 비교에 필요한 주식 전략·투자대상 미확인; 세부 투자대상 또는 만기·구성비율 미확인
KR7152100004,152100,PLUS 200,코스피 200,주식,국내,대표지수,코스피 200 코어,국내 코스피200,KOSPI200,passive,plain,neutral,1X,unhedged_or_not_applicable,physical_or_unspecified,broad,PG-주식-국내-대표지수-코스피200-국내-코스피200-KOSPI200-b519363da3,,verified_official,기초지수 명시; 운용사·공식 출처 URL 존재; 자산군·투자대상 추출(주식/국내 미확인 주식전략),가능,직접 비교에 필요한 주식 전략·투자대상 미확인; 세부 투자대상 또는 만기·구성비율 미확인
KR7152380002,152380,KODEX 국채선물10년,10년국채선물지수,채권,국내,채권,국내 장기국채,국내 국채 장기 등급미확인,BOND_국내-국채-장기-등급미확인-46cc7d575b,passive,bond_coupon,neutral,1X,unhedged_or_not_applicable,physical_or_unspecified,unknown,PG-PENDING-152380-ba19aa6222,,classified_derived,기초지수 명시; 운용사·공식 출처 URL 존재; 자산군·투자대상 추출(채권/국내 국채 장기 등급미확인),불가,세부 투자대상 또는 만기·구성비율 미확인
KR7152500005,152500,ACE 레버리지,코스피 200,주식,국내,기타특수구조,미확인 주식전략,국내 미확인 주식전략,미확인-주식전략-국내-미확인-주식전략-46eed209b8,leveraged,leveraged,long,2X,unhedged_or_not_applicable,physical_or_unspecified,broad,PG-PENDING-152500-db9948a698,,classified_derived,기초지수 명시; 운용사·공식 출처 URL 존재; 상품명 구조표시(leveraged); 자산군·투자대상 추출(주식/국내 미확인 주식전략),불가,직접 비교에 필요한 주식 전략·투자대상 미확인; 세부 투자대상 또는 만기·구성비율 미확인
KR7152870002,152870,파워 200,코스피 200,주식,국내,대표지수,코스피 200 코어,국내 코스피200,KOSPI200,passive,plain,neutral,1X,unhedged_or_not_applicable,physical_or_unspecified,broad,PG-주식-국내-대표지수-코스피200-국내-코스피200-KOSPI200-b519363da3,,verified_official,기초지수 명시; 자산군·투자대상 추출(주식/국내 미확인 주식전략),,직접 비교에 필요한 주식 전략·투자대상 미확인; 세부 투자대상 또는 만기·구성비율 미확인
KR7153130000,153130,KODEX 단기채권,KRW Cash 지수(총수익),채권,국내,채권,국내 단기·초단기채,국내 채권 단기 등급미확인,BOND_국내-채권-단기-등급미확인-afa2e5ef57,passive,bond_coupon,neutral,1X,unhedged_or_not_applicable,physical_or_unspecified,unknown,PG-PENDING-153130-00a6c398fc,,classified_derived,기초지수 명시; 운용사·공식 출처 URL 존재; 자산군·투자대상 추출(채권/국내 채권 단기 등급미확인),가능,세부 투자대상 또는 만기·구성비율 미확인
KR7153270004,153270,KIWOOM 코스피100,코스피 100,주식,국내,기타특수구조,미확인 주식전략,국내 미확인 주식전략,미확인-주식전략-국내-미확인-주식전략-46eed209b8,passive,plain,neutral,1X,unhedged_or_not_applicable,physical_or_unspecified,broad,PG-PENDING-153270-d6dc9b15b3,,classified_derived,기초지수 명시; 운용사·공식 출처 URL 존재; 자산군·투자대상 추출(주식/국내 미확인 주식전략),가능,직접 비교에 필요한 주식 전략·투자대상 미확인; 세부 투자대상 또는 만기·구성비율 미확인
KR7156080004,156080,KODEX MSCI Korea,MSCI Korea Index,주식,국내,기타특수구조,미확인 주식전략,국내 미확인 주식전략,미확인-주식전략-국내-미확인-주식전략-46eed209b8,passive,plain,neutral,1X,unhedged_or_not_applicable,physical_or_unspecified,unknown,PG-PENDING-156080-7f97a83378,,classified_derived,기초지수 명시; 운용사·공식 출처 URL 존재; 자산군·투자대상 추출(주식/국내 미확인 주식전략),가능,직접 비교에 필요한 주식 전략·투자대상 미확인; 세부 투자대상 또는 만기·구성비율 미확인
KR7157450008,157450,TIGER 단기통안채,KIS MSB 6M(총수익),채권,국내,채권,국내 단기·초단기채,국내 채권 단기 등급미확인,BOND_국내-채권-단기-등급미확인-afa2e5ef57,passive,bond_coupon,neutral,1X,unhedged_or_not_applicable,physical_or_unspecified,unknown,PG-PENDING-157450-999a8e23e0,,conflict_resolved,기초지수 명시; 운용사·공식 출처 URL 존재; 자산군·투자대상 추출(채권/국내 채권 단기 등급미확인),가능,세부 투자대상 또는 만기·구성비율 미확인; 기존 자산분류와 비교분류 추론값 충돌
KR7157490004,157490,TIGER 소프트웨어,FnGuide 소프트웨어 지수,주식,국내,기타특수구조,미확인 주식전략,국내 미확인 주식전략,미확인-주식전략-국내-미확인-주식전략-46eed209b8,passive,plain,neutral,1X,unhedged_or_not_applicable,physical_or_unspecified,unknown,PG-PENDING-157490-12fc197bb1,,classified_derived,기초지수 명시; 운용사·공식 출처 URL 존재; 자산군·투자대상 추출(주식/국내 미확인 주식전략),가능,직접 비교에 필요한 주식 전략·투자대상 미확인; 세부 투자대상 또는 만기·구성비율 미확인
KR7157500000,157500,TIGER 증권,FnGuide 증권 지수,주식,국내,산업·섹터,밸류업 & 금융지주·은행,국내 금융·은행·증권·보험,금융-은행-증권-보험-국내-금융-은행-증권-보험-85a36c5547,passive,plain,neutral,1X,unhedged_or_not_applicable,physical_or_unspecified,unknown,PG-주식-국내-산업-섹터-금융-은행-증권-보험-국내-금융-은행-증권--955a0a4988,,verified_official,기초지수 명시; 운용사·공식 출처 URL 존재; 자산군·투자대상 추출(주식/국내 금융·은행·증권·보험),가능,
KR7159800002,159800,마이티 코스피100,코스피 100,주식,국내,기타특수구조,미확인 주식전략,국내 미확인 주식전략,미확인-주식전략-국내-미확인-주식전략-46eed209b8,passive,plain,neutral,1X,unhedged_or_not_applicable,physical_or_unspecified,broad,PG-PENDING-159800-2fafb3890f,,classified_derived,기초지수 명시; 자산군·투자대상 추출(주식/국내 미확인 주식전략),,직접 비교에 필요한 주식 전략·투자대상 미확인; 세부 투자대상 또는 만기·구성비율 미확인
KR7160580007,160580,TIGER 구리실물,S&P GSCI Cash Copper Index,원자재,미국,원자재,산업용 금속 (구리·비철),구리 futures,COMMODITY_구리-FUTURES-1f0ca342fc,passive,futures,neutral,1X,unhedged,physical_or_unspecified,unknown,PG-원자재-해당없음-원자재-구리-구리-FUTURES-COMMODITY-0d3891b334,,verified_official,기초지수 명시; 운용사·공식 출처 URL 존재; 자산군·투자대상 추출(원자재/구리 futures),https://www.tigeretf.com/upload/etf/20241007063735008127.pdf,
KR7161510003,161510,PLUS 고배당주,FnGuide 배당주 지수,주식,국내,배당·주주환원,고배당 & 인컴 전략,국내 고배당,고배당-국내-고배당-2325fcd2e0,passive,plain,neutral,1X,unhedged_or_not_applicable,physical_or_unspecified,unknown,PG-주식-국내-배당-주주환원-고배당-국내-고배당-고배당-국내-고배당--dd861c8cd4,,verified_official,기초지수 명시; 운용사·공식 출처 URL 존재; 자산군·투자대상 추출(주식/국내 고배당),가능,
KR7166400002,166400,TIGER 200커버드콜OTM,코스피 200 커버드콜 5% OTM,주식,국내,기타특수구조,국내 월배당 & 커버드콜,국내 미확인 주식전략,미확인-주식전략-국내-미확인-주식전략-46eed209b8,covered_call,covered_call,neutral,1X,unhedged_or_not_applicable,physical_or_unspecified,broad,PG-PENDING-166400-fee801ef38,,classified_derived,기초지수 명시; 운용사·공식 출처 URL 존재; 상품명 구조표시(covered_call); 자산군·투자대상 추출(주식/국내 미확인 주식전략),가능,직접 비교에 필요한 주식 전략·투자대상 미확인; 세부 투자대상 또는 만기·구성비율 미확인
KR7167860006,167860,KIWOOM 국고채10년레버리지,KIS 10년 국고채 지수 (총수익),채권,국내,채권,국내 장기국채,국내 채권 장기 등급미확인,BOND_국내-채권-장기-등급미확인-f457d22418,leveraged,bond_coupon,long,2X,unhedged_or_not_applicable,physical_or_unspecified,unknown,PG-PENDING-167860-dbfdf5b2dd,,classified_derived,기초지수 명시; 운용사·공식 출처 URL 존재; 상품명 구조표시(leveraged); 자산군·투자대상 추출(채권/국내 채권 장기 등급미확인),불가,세부 투자대상 또는 만기·구성비율 미확인
KR7168580009,168580,ACE 중국본토CSI300,CSI 300 Index,주식,중국,기타특수구조,미확인 주식전략,중국 미확인 주식전략,미확인-주식전략-중국-미확인-주식전략-526c3d6249,passive,plain,neutral,1X,unhedged,physical_or_unspecified,unknown,PG-PENDING-168580-f7bfd23b14,,classified_derived,기초지수 명시; 운용사·공식 출처 URL 존재; 자산군·투자대상 추출(주식/중국 미확인 주식전략),가능,직접 비교에 필요한 주식 전략·투자대상 미확인; 세부 투자대상 또는 만기·구성비율 미확인
KR7169950003,169950,KODEX 차이나A50,FTSE China A50 Index,주식,중국,기타특수구조,미확인 주식전략,중국 미확인 주식전략,미확인-주식전략-중국-미확인-주식전략-526c3d6249,passive,plain,neutral,1X,unhedged,physical_or_unspecified,unknown,PG-PENDING-169950-e4de3024b4,,classified_derived,기초지수 명시; 운용사·공식 출처 URL 존재; 자산군·투자대상 추출(주식/중국 미확인 주식전략),가능,직접 비교에 필요한 주식 전략·투자대상 미확인; 세부 투자대상 또는 만기·구성비율 미확인
KR7174350009,174350,TIGER 로우볼,FnGuide Low Vol 지수,주식,국내,기타특수구조,미확인 주식전략,국내 미확인 주식전략,미확인-주식전략-국내-미확인-주식전략-46eed209b8,passive,plain,neutral,1X,unhedged_or_not_applicable,physical_or_unspecified,unknown,PG-PENDING-174350-217e392c46,,classified_derived,기초지수 명시; 운용사·공식 출처 URL 존재; 자산군·투자대상 추출(주식/국내 미확인 주식전략),가능,직접 비교에 필요한 주식 전략·투자대상 미확인; 세부 투자대상 또는 만기·구성비율 미확인
KR7174360008,174360,RISE 중국본토대형주CSI100,CSI A100,주식,중국,규모,시가총액,중국 시가총액,시가총액-중국-시가총액-d9f59bba86,passive,plain,neutral,1X,unhedged,physical_or_unspecified,broad,PG-주식-중국-규모-시가총액-중국-시가총액-시가총액-중국-시가총액-D-fd6bfeee92,,verified_official,기초지수 명시; 운용사·공식 출처 URL 존재; 자산군·투자대상 추출(주식/중국 시가총액),가능,
KR7176950004,176950,KODEX 국채선물10년인버스,10년국채선물지수,채권,국내,채권,국내 장기국채,국내 국채 장기 등급미확인,BOND_국내-국채-장기-등급미확인-46cc7d575b,inverse,bond_coupon,short,1X,unhedged_or_not_applicable,physical_or_unspecified,unknown,PG-PENDING-176950-5543ccd93a,,classified_derived,기초지수 명시; 운용사·공식 출처 URL 존재; 상품명 구조표시(inverse); 자산군·투자대상 추출(채권/국내 국채 장기 등급미확인),불가,세부 투자대상 또는 만기·구성비율 미확인
KR7181480005,181480,ACE 미국부동산리츠(합성 H),Dow Jones U.S. Real Estate Index,리츠·인프라,미국,리츠·인프라,리츠·인프라,미국 리츠·인프라,리츠-인프라-미국-리츠-인프라-a4a89237cc,passive,plain,neutral,1X,hedged,synthetic,unknown,PG-리츠-인프라-미국-리츠-인프라-리츠-인프라-미국-리츠-인프라-리츠-05792b6e27,,verified_official,기초지수 명시; 운용사·공식 출처 URL 존재; 자산군·투자대상 추출(리츠·인프라/미국 리츠·인프라),가능,
KR7182480004,182480,TIGER 미국MSCI리츠(합성 H),MSCI US REIT Index,리츠·인프라,미국,리츠·인프라,리츠·인프라,미국 리츠·인프라,리츠-인프라-미국-리츠-인프라-a4a89237cc,passive,plain,neutral,1X,hedged,synthetic,unknown,PG-리츠-인프라-미국-리츠-인프라-리츠-인프라-미국-리츠-인프라-리츠-05792b6e27,,verified_official,기초지수 명시; 운용사·공식 출처 URL 존재; 자산군·투자대상 추출(리츠·인프라/미국 리츠·인프라),가능,
KR7182490003,182490,TIGER 단기선진하이일드(합성 H),iBoxx USD Liquid High Yield 0-5 year Index,채권,국내,채권,글로벌 종합채권,국내 채권 단기 HY,BOND_국내-채권-단기-HY-b43385f6ce,passive,bond_coupon,neutral,1X,unhedged_or_not_applicable,synthetic,unknown,PG-채권-국내-채권-채권-국내-채권-단기-HY-BOND-국내-채권-단-0c32892536,,verified_official,기초지수 명시; 운용사·공식 출처 URL 존재; 자산군·투자대상 추출(채권/국내 채권 단기 HY),가능,
KR7183700004,183700,RISE 200채권혼합50,코스피 200 KTB 혼합지수,혼합자산,국내,혼합자산,자산배분 & 채권혼합,시장대표 채권혼합,BOND_국내-채권-만기미확인-등급미확인-893e3e68b3,passive,mixed_asset,neutral,1X,unhedged_or_not_applicable,physical_or_unspecified,broad,PG-PENDING-183700-a5d2575f7a,,classified_derived,기초지수 명시; 운용사·공식 출처 URL 존재; 자산군·투자대상 추출(채권/국내 채권 만기미확인 등급미확인),가능,세부 투자대상 또는 만기·구성비율 미확인
KR7183710003,183710,RISE 주식혼합,주식국채혼합(주식형)지수,혼합자산,국내,혼합자산,자산배분 & 채권혼합,시장대표 채권혼합,BOND_국내-국채-만기미확인-등급미확인-bf9416de66,passive,bond_coupon,neutral,1X,unhedged_or_not_applicable,physical_or_unspecified,unknown,PG-PENDING-183710-e54fadcdb9,,classified_derived,기초지수 명시; 운용사·공식 출처 URL 존재; 자산군·투자대상 추출(채권/국내 국채 만기미확인 등급미확인),가능,세부 투자대상 또는 만기·구성비율 미확인
KR7185680006,185680,KODEX 미국S&P바이오(합성),S&P Biotechnology Select Industry Index,주식,미국,산업·섹터,글로벌 헬스케어 & 메디컬,미국 바이오테크,BIOTECH_US,passive,bond_coupon,neutral,1X,unhedged,synthetic,unknown,PG-PENDING-185680-0f74a75e37,,conflict_resolved,기초지수 명시; 운용사·공식 출처 URL 존재; 자산군·투자대상 추출(채권/미국 국채 만기미확인 등급미확인),가능,세부 투자대상 또는 만기·구성비율 미확인; 기존 자산분류와 비교분류 추론값 충돌
KR7189400005,189400,PLUS 글로벌MSCI(합성 H),MSCI ACWI Index,주식,미국,기타특수구조,미확인 주식전략,미국 미확인 주식전략,미확인-주식전략-미국-미확인-주식전략-bf6afc4d9f,passive,plain,neutral,1X,hedged,synthetic,unknown,PG-PENDING-189400-71d1b75bcf,,classified_derived,기초지수 명시; 운용사·공식 출처 URL 존재; 자산군·투자대상 추출(주식/미국 미확인 주식전략),가능,직접 비교에 필요한 주식 전략·투자대상 미확인; 세부 투자대상 또는 만기·구성비율 미확인
KR7190620005,190620,ACE 단기통안채,KIS MSB 단기지수(총수익),채권,국내,채권,국내 단기·초단기채,국내 채권 단기 등급미확인,BOND_국내-채권-단기-등급미확인-afa2e5ef57,passive,bond_coupon,neutral,1X,unhedged_or_not_applicable,physical_or_unspecified,unknown,PG-PENDING-190620-2a54282c18,,conflict_resolved,기초지수 명시; 운용사·공식 출처 URL 존재; 자산군·투자대상 추출(채권/국내 채권 단기 등급미확인),가능,세부 투자대상 또는 만기·구성비율 미확인; 기존 자산분류와 비교분류 추론값 충돌
KR7192090009,192090,TIGER 차이나CSI300,CSI 300 Index,주식,중국,기타특수구조,미확인 주식전략,중국 미확인 주식전략,미확인-주식전략-중국-미확인-주식전략-526c3d6249,passive,plain,neutral,1X,unhedged,physical_or_unspecified,unknown,PG-PENDING-192090-0c42182373,,classified_derived,기초지수 명시; 운용사·공식 출처 URL 존재; 자산군·투자대상 추출(주식/중국 미확인 주식전략),가능,직접 비교에 필요한 주식 전략·투자대상 미확인; 세부 투자대상 또는 만기·구성비율 미확인
KR7192720001,192720,파워 고배당저변동성,코스피 200 고배당지수,주식,국내,배당·주주환원,고배당 & 인컴 전략,국내 고배당,고배당-국내-고배당-2325fcd2e0,passive,plain,neutral,1X,unhedged_or_not_applicable,physical_or_unspecified,broad,PG-주식-국내-배당-주주환원-고배당-국내-고배당-고배당-국내-고배당--dd861c8cd4,,auto_high_confidence,기초지수 명시; 자산군·투자대상 추출(주식/국내 고배당),,
KR7195920004,195920,TIGER 일본TOPIX(합성 H),TOPIX,주식,일본,기타특수구조,일본 테크 & 상사,일본 미확인 주식전략,미확인-주식전략-일본-미확인-주식전략-aa68fbbd45,passive,plain,neutral,1X,hedged,synthetic,unknown,PG-PENDING-195920-8d09dcc2ac,,classified_derived,기초지수 명시; 운용사·공식 출처 URL 존재; 자산군·투자대상 추출(주식/일본 미확인 주식전략),가능,직접 비교에 필요한 주식 전략·투자대상 미확인; 세부 투자대상 또는 만기·구성비율 미확인
KR7195930003,195930,TIGER 유로스탁스50(합성 H),EURO STOXX 50 Index,주식,유럽,기타특수구조,미확인 주식전략,유럽 미확인 주식전략,미확인-주식전략-유럽-미확인-주식전략-fda82dbade,passive,plain,neutral,1X,hedged,synthetic,unknown,PG-PENDING-195930-9709bb233a,,classified_derived,기초지수 명시; 운용사·공식 출처 URL 존재; 자산군·투자대상 추출(주식/유럽 미확인 주식전략),가능,직접 비교에 필요한 주식 전략·투자대상 미확인; 세부 투자대상 또는 만기·구성비율 미확인
KR7195970009,195970,PLUS 선진국MSCI(합성 H),MSCI EAFE Index,주식,미국,기타특수구조,미확인 주식전략,미국 미확인 주식전략,미확인-주식전략-미국-미확인-주식전략-bf6afc4d9f,passive,plain,neutral,1X,hedged,synthetic,unknown,PG-PENDING-195970-293febbea7,,classified_derived,기초지수 명시; 운용사·공식 출처 URL 존재; 자산군·투자대상 추출(주식/미국 미확인 주식전략),가능,직접 비교에 필요한 주식 전략·투자대상 미확인; 세부 투자대상 또는 만기·구성비율 미확인
KR7195980008,195980,PLUS 신흥국MSCI(합성 H),MSCI EM Index,주식,미국,기타특수구조,미확인 주식전략,미국 미확인 주식전략,미확인-주식전략-미국-미확인-주식전략-bf6afc4d9f,passive,plain,neutral,1X,hedged,synthetic,unknown,PG-PENDING-195980-1412e33d38,,classified_derived,기초지수 명시; 운용사·공식 출처 URL 존재; 자산군·투자대상 추출(주식/미국 미확인 주식전략),가능,직접 비교에 필요한 주식 전략·투자대상 미확인; 세부 투자대상 또는 만기·구성비율 미확인
KR7196030001,196030,ACE 일본TOPIX레버리지(H),TOPIX,주식,일본,기타특수구조,일본 테크 & 상사,일본 미확인 주식전략,미확인-주식전략-일본-미확인-주식전략-aa68fbbd45,leveraged,leveraged,long,2X,hedged,physical_or_unspecified,unknown,PG-PENDING-196030-fc463f276f,,classified_derived,기초지수 명시; 운용사·공식 출처 URL 존재; 상품명 구조표시(leveraged); 자산군·투자대상 추출(주식/일본 미확인 주식전략),불가,직접 비교에 필요한 주식 전략·투자대상 미확인; 세부 투자대상 또는 만기·구성비율 미확인
KR7196230007,196230,RISE 단기통안채,KIS 통안채 5개월 지수(총수익),채권,국내,채권,국내 단기·초단기채,국내 채권 단기 등급미확인,BOND_국내-채권-단기-등급미확인-afa2e5ef57,passive,bond_coupon,neutral,1X,unhedged_or_not_applicable,physical_or_unspecified,unknown,PG-PENDING-196230-647e6ed5ab,,conflict_resolved,기초지수 명시; 운용사·공식 출처 URL 존재; 자산군·투자대상 추출(채권/국내 채권 단기 등급미확인),가능,세부 투자대상 또는 만기·구성비율 미확인; 기존 자산분류와 비교분류 추론값 충돌
KR7200030005,200030,KODEX 미국S&P500산업재(합성),S&P Select Sector Industrial Index,주식,미국,산업·섹터,글로벌 우주항공 & 방산,미국 산업재,INDUSTRIALS_US,passive,bond_coupon,neutral,1X,unhedged,synthetic,broad,PG-PENDING-200030-ae701be9a0,,conflict_resolved,기초지수 명시; 운용사·공식 출처 URL 존재; 자산군·투자대상 추출(채권/미국 국채 만기미확인 등급미확인),가능,세부 투자대상 또는 만기·구성비율 미확인; 기존 자산분류와 비교분류 추론값 충돌
KR7200250009,200250,KIWOOM 인도Nifty50(합성),Nifty 50 Index,주식,인도,기타특수구조,인도 시장 & 밸류체인,인도 미확인 주식전략,미확인-주식전략-인도-미확인-주식전략-69bd615628,passive,plain,neutral,1X,unhedged,synthetic,unknown,PG-PENDING-200250-5bb4c8f6a3,,classified_derived,기초지수 명시; 운용사·공식 출처 URL 존재; 자산군·투자대상 추출(주식/인도 미확인 주식전략),가능,직접 비교에 필요한 주식 전략·투자대상 미확인; 세부 투자대상 또는 만기·구성비율 미확인
KR7203780002,203780,TIGER 미국나스닥바이오,NASDAQ Biotechnology 지수(시장가격지수),주식,미국,산업·섹터,글로벌 헬스케어 & 메디컬,미국 바이오·제약·헬스케어,바이오-제약-헬스케어-미국-바이오-제약-헬스케어-f63af70ccd,passive,plain,neutral,1X,unhedged,physical_or_unspecified,unknown,PG-주식-미국-산업-섹터-바이오-제약-헬스케어-미국-바이오-제약-헬스-f35c02e78a,,verified_official,기초지수 명시; 운용사·공식 출처 URL 존재; 자산군·투자대상 추출(주식/미국 바이오·제약·헬스케어),가능,
KR7204450001,204450,KODEX 차이나H레버리지(H),Hang Seng China H,주식,중국,기타특수구조,미확인 주식전략,중국 미확인 주식전략,미확인-주식전략-중국-미확인-주식전략-526c3d6249,leveraged,leveraged,long,2X,hedged,physical_or_unspecified,unknown,PG-PENDING-204450-a538fd120a,,classified_derived,기초지수 명시; 운용사·공식 출처 URL 존재; 상품명 구조표시(leveraged); 자산군·투자대상 추출(주식/중국 미확인 주식전략),불가,직접 비교에 필요한 주식 전략·투자대상 미확인; 세부 투자대상 또는 만기·구성비율 미확인
KR7204480008,204480,TIGER 차이나CSI300레버리지(합성),CSI 300 Index,주식,중국,기타특수구조,미확인 주식전략,중국 미확인 주식전략,미확인-주식전략-중국-미확인-주식전략-526c3d6249,leveraged,leveraged,long,2X,unhedged,synthetic,unknown,PG-PENDING-204480-5f3dedb1ad,,classified_derived,기초지수 명시; 운용사·공식 출처 URL 존재; 상품명 구조표시(leveraged); 자산군·투자대상 추출(주식/중국 미확인 주식전략),불가,직접 비교에 필요한 주식 전략·투자대상 미확인; 세부 투자대상 또는 만기·구성비율 미확인
KR7205720006,205720,ACE 일본TOPIX인버스(합성 H),TOPIX,주식,일본,기타특수구조,일본 테크 & 상사,일본 미확인 주식전략,미확인-주식전략-일본-미확인-주식전략-aa68fbbd45,inverse,inverse,short,1X,hedged,synthetic,unknown,PG-PENDING-205720-330305f395,,classified_derived,기초지수 명시; 운용사·공식 출처 URL 존재; 상품명 구조표시(inverse); 자산군·투자대상 추출(주식/일본 미확인 주식전략),불가,직접 비교에 필요한 주식 전략·투자대상 미확인; 세부 투자대상 또는 만기·구성비율 미확인
KR7210780003,210780,TIGER 코스피고배당,코스피 고배당 50,주식,국내,배당·주주환원,고배당 & 인컴 전략,국내 고배당,고배당-국내-고배당-2325fcd2e0,passive,plain,neutral,1X,unhedged_or_not_applicable,physical_or_unspecified,unknown,PG-주식-국내-배당-주주환원-고배당-국내-고배당-고배당-국내-고배당--dd861c8cd4,,verified_official,기초지수 명시; 운용사·공식 출처 URL 존재; 자산군·투자대상 추출(주식/국내 고배당),가능,
KR7211560008,211560,TIGER 배당성장,코스피 배당성장 50,주식,국내,배당·주주환원,고배당 & 인컴 전략,국내 고배당,고배당-국내-고배당-2325fcd2e0,passive,plain,neutral,1X,unhedged_or_not_applicable,physical_or_unspecified,unknown,PG-주식-국내-배당-주주환원-고배당-국내-고배당-고배당-국내-고배당--dd861c8cd4,,verified_official,기초지수 명시; 운용사·공식 출처 URL 존재; 자산군·투자대상 추출(주식/국내 고배당),가능,
KR7211900006,211900,KODEX 코리아배당성장,코스피 배당성장 50,주식,국내,배당·주주환원,고배당 & 인컴 전략,국내 고배당,고배당-국내-고배당-2325fcd2e0,passive,plain,neutral,1X,unhedged_or_not_applicable,physical_or_unspecified,unknown,PG-주식-국내-배당-주주환원-고배당-국내-고배당-고배당-국내-고배당--dd861c8cd4,,verified_official,기초지수 명시; 운용사·공식 출처 URL 존재; 자산군·투자대상 추출(주식/국내 고배당),가능,
KR7213610009,213610,KODEX 삼성그룹밸류,WISE 삼성그룹 밸류 인덱스,주식,국내,기업집단,기업집단,국내 기업집단,기업집단-국내-기업집단-d62cbfc10d,passive,plain,neutral,1X,unhedged_or_not_applicable,physical_or_unspecified,unknown,PG-주식-국내-기업집단-기업집단-국내-기업집단-기업집단-국내-기업집단-e294ab8bd9,,verified_official,기초지수 명시; 운용사·공식 출처 URL 존재; 자산군·투자대상 추출(주식/국내 기업집단),가능,
KR7213630007,213630,PLUS 미국다우존스고배당주(합성 H),Dow Jones U.S Select Dividend Index(시장가격지수),주식,미국,배당·주주환원,고배당 & 인컴 전략,미국 배당다우존스,DOW_JONES_DIVIDEND,passive,plain,neutral,1X,hedged,synthetic,unknown,PG-주식-미국-배당-주주환원-배당다우존스-미국-배당다우존스-DOW-J-f14037f0fe,,verified_official,기초지수 명시; 운용사·공식 출처 URL 존재; 자산군·투자대상 추출(주식/미국 배당다우존스),가능,
KR7214980005,214980,KODEX 단기채권PLUS,KRW Cash PLUS 지수(총수익),채권,국내,채권,국내 단기·초단기채,국내 채권 단기 등급미확인,BOND_국내-채권-단기-등급미확인-afa2e5ef57,passive,bond_coupon,neutral,1X,unhedged_or_not_applicable,physical_or_unspecified,unknown,PG-PENDING-214980-4f095cdb72,,classified_derived,기초지수 명시; 운용사·공식 출처 URL 존재; 자산군·투자대상 추출(채권/국내 채권 단기 등급미확인),가능,세부 투자대상 또는 만기·구성비율 미확인
KR7215620006,215620,HK S&P코리아로우볼,S&P Korea 저변동성 지수,주식,국내,스타일·팩터,스타일·팩터,국내 스타일·팩터,스타일-팩터-국내-스타일-팩터-bbac88fc35,passive,plain,neutral,1X,unhedged_or_not_applicable,physical_or_unspecified,unknown,PG-주식-국내-스타일-팩터-스타일-팩터-국내-스타일-팩터-스타일-팩터-ac65317623,,auto_high_confidence,기초지수 명시; 자산군·투자대상 추출(주식/국내 스타일·팩터),,
KR7217770007,217770,TIGER 원유선물인버스(H),S&P GSCI Crude Oil Index ER,원자재,미국,원자재,에너지 (원유·천연가스),원유 futures,COMMODITY_원유-FUTURES-601b9bd6ca,inverse,futures,short,1X,hedged,physical_or_unspecified,unknown,PG-원자재-해당없음-원자재-원유-원유-FUTURES-COMMODITY-4f348a3707,,verified_official,기초지수 명시; 운용사·공식 출처 URL 존재; 상품명 구조표시(inverse); 자산군·투자대상 추출(원자재/원유 futures),불가,
KR7217780006,217780,TIGER 차이나CSI300인버스(합성),CSI 300 Index,주식,중국,기타특수구조,미확인 주식전략,중국 미확인 주식전략,미확인-주식전략-중국-미확인-주식전략-526c3d6249,inverse,inverse,short,1X,unhedged,synthetic,unknown,PG-PENDING-217780-4e0e50b314,,classified_derived,기초지수 명시; 운용사·공식 출처 URL 존재; 상품명 구조표시(inverse); 자산군·투자대상 추출(주식/중국 미확인 주식전략),불가,직접 비교에 필요한 주식 전략·투자대상 미확인; 세부 투자대상 또는 만기·구성비율 미확인
KR7218420008,218420,KODEX 미국S&P500에너지(합성),S&P Select Sector Energy Index,주식,미국,대표지수,S&P 500 시장대표,미국 S&P500,S&P500,passive,plain,neutral,1X,unhedged,synthetic,broad,PG-주식-미국-대표지수-S-P500-미국-S-P500-S-P500-P-c2eb6d3f91,,verified_official,기초지수 명시; 운용사·공식 출처 URL 존재; 자산군·투자대상 추출(주식/미국 S&P500),가능,
KR7219390002,219390,RISE 미국S&P원유생산기업(합성 H),S&P Oil & Gas Exploration & Production Select Industry Index(PR),원자재,미국,원자재,에너지 (원유·천연가스),원유 생산 기업,ENERGY_OIL,passive,bond_coupon,neutral,1X,hedged,synthetic,unknown,PG-PENDING-219390-13cd29242e,,conflict_resolved,기초지수 명시; 운용사·공식 출처 URL 존재; 자산군·투자대상 추출(채권/미국 국채 만기미확인 등급미확인),가능,세부 투자대상 또는 만기·구성비율 미확인; 기존 자산분류와 비교분류 추론값 충돌
KR7219480001,219480,KODEX 미국S&P500선물(H),S&P 500 Futures Total Return Index,주식,미국,대표지수,S&P 500 시장대표,미국 S&P500,S&P500,passive,plain,neutral,1X,hedged,physical_or_unspecified,broad,PG-주식-미국-대표지수-S-P500-미국-S-P500-S-P500-P-c2eb6d3f91,,verified_official,기초지수 명시; 운용사·공식 출처 URL 존재; 자산군·투자대상 추출(주식/미국 S&P500),불가,
KR7219900008,219900,ACE 중국본토CSI300레버리지(합성),CSI 300 Index,주식,중국,기타특수구조,미확인 주식전략,중국 미확인 주식전략,미확인-주식전략-중국-미확인-주식전략-526c3d6249,leveraged,leveraged,long,2X,unhedged,synthetic,unknown,PG-PENDING-219900-eeb0579ebe,,classified_derived,기초지수 명시; 운용사·공식 출처 URL 존재; 상품명 구조표시(leveraged); 자산군·투자대상 추출(주식/중국 미확인 주식전략),불가,직접 비교에 필요한 주식 전략·투자대상 미확인; 세부 투자대상 또는 만기·구성비율 미확인
KR7220130009,220130,SOL 차이나강소기업CSI500(합성 H),CSI 500 지수,주식,중국,기타특수구조,미확인 주식전략,중국 미확인 주식전략,미확인-주식전략-중국-미확인-주식전략-526c3d6249,passive,plain,neutral,1X,hedged,synthetic,broad,PG-PENDING-220130-57f9ddf14d,,classified_derived,기초지수 명시; 운용사·공식 출처 URL 존재; 자산군·투자대상 추출(주식/중국 미확인 주식전략),가능,직접 비교에 필요한 주식 전략·투자대상 미확인; 세부 투자대상 또는 만기·구성비율 미확인
KR7223190000,223190,KODEX 200가치저변동,코스피 200 가치저변동성,주식,국내,스타일·팩터,스타일·팩터,국내 스타일·팩터,스타일-팩터-국내-스타일-팩터-bbac88fc35,passive,plain,neutral,1X,unhedged_or_not_applicable,physical_or_unspecified,broad,PG-주식-국내-스타일-팩터-스타일-팩터-국내-스타일-팩터-스타일-팩터-ac65317623,,verified_official,기초지수 명시; 운용사·공식 출처 URL 존재; 자산군·투자대상 추출(주식/국내 스타일·팩터),가능,
KR7225030006,225030,TIGER 미국S&P500선물인버스(H),S&P 500 Futures Total Return Index,주식,미국,대표지수,S&P 500 시장대표,미국 S&P500,S&P500,inverse,inverse,short,1X,hedged,physical_or_unspecified,broad,PG-주식-미국-대표지수-S-P500-미국-S-P500-S-P500-I-fe715b9dee,,verified_official,기초지수 명시; 운용사·공식 출처 URL 존재; 상품명 구조표시(inverse); 자산군·투자대상 추출(주식/미국 S&P500),불가,
KR7225040005,225040,TIGER 미국S&P500레버리지(합성 H),S&P 500,주식,미국,대표지수,S&P 500 시장대표,미국 S&P500,S&P500,leveraged,leveraged,long,2X,hedged,synthetic,broad,PG-주식-미국-대표지수-S-P500-미국-S-P500-S-P500-L-9a3a7b05cb,,verified_official,기초지수 명시; 운용사·공식 출처 URL 존재; 상품명 구조표시(leveraged); 자산군·투자대상 추출(주식/미국 S&P500),불가,
KR7225050004,225050,TIGER 유로스탁스레버리지(합성 H),EURO STOXX 50 Index,주식,유럽,기타특수구조,미확인 주식전략,유럽 미확인 주식전략,미확인-주식전략-유럽-미확인-주식전략-fda82dbade,leveraged,leveraged,long,2X,hedged,synthetic,unknown,PG-PENDING-225050-6cf97abd67,,classified_derived,기초지수 명시; 운용사·공식 출처 URL 존재; 상품명 구조표시(leveraged); 자산군·투자대상 추출(주식/유럽 미확인 주식전략),불가,직접 비교에 필요한 주식 전략·투자대상 미확인; 세부 투자대상 또는 만기·구성비율 미확인
KR7225060003,225060,TIGER 이머징마켓MSCI레버리지(합성 H),MSCI EM Index,주식,글로벌,기타특수구조,미확인 주식전략,글로벌 미확인 주식전략,미확인-주식전략-글로벌-미확인-주식전략-d0f070a455,leveraged,leveraged,long,2X,hedged,synthetic,unknown,PG-PENDING-225060-1c3af55ee7,,classified_derived,기초지수 명시; 운용사·공식 출처 URL 존재; 상품명 구조표시(leveraged); 자산군·투자대상 추출(주식/글로벌 미확인 주식전략),불가,직접 비교에 필요한 주식 전략·투자대상 미확인; 세부 투자대상 또는 만기·구성비율 미확인
KR7225130004,225130,ACE 골드선물 레버리지(합성 H),S&P GSCI GOLD Index Excess Return,원자재,미국,원자재,귀금속 (금·은·팔라듐),금 futures,COMMODITY_금-FUTURES-0733949e87,leveraged,futures,long,2X,hedged,synthetic,unknown,PG-원자재-해당없음-원자재-금-금-FUTURES-COMMODITY-금-7474ee98ec,,verified_official,기초지수 명시; 운용사·공식 출처 URL 존재; 상품명 구조표시(leveraged); 자산군·투자대상 추출(원자재/금 futures),불가,
KR7225800002,225800,KIWOOM 미국달러선물레버리지,미국달러선물지수,금리·파킹,미국,금리·파킹,금리·파킹,초단기 금리,RATE_초단기-금리-70f35d000d,leveraged,rate_return,long,2X,unhedged,physical_or_unspecified,unknown,PG-금리-파킹-해당없음-금리-파킹-금리-파킹-초단기-금리-RATE-초-353bff571a,,verified_official,기초지수 명시; 운용사·공식 출처 URL 존재; 상품명 구조표시(leveraged); 자산군·투자대상 추출(금리·파킹/초단기 금리),불가,
KR7226380004,226380,ACE Fn성장소비주도주,FnGuide 성장소비주도 지수,주식,국내,스타일·팩터,스타일·팩터,국내 스타일·팩터,스타일-팩터-국내-스타일-팩터-bbac88fc35,passive,plain,neutral,1X,unhedged_or_not_applicable,physical_or_unspecified,unknown,PG-주식-국내-스타일-팩터-스타일-팩터-국내-스타일-팩터-스타일-팩터-ac65317623,,verified_official,기초지수 명시; 운용사·공식 출처 URL 존재; 자산군·투자대상 추출(주식/국내 스타일·팩터),가능,
KR7226490001,226490,KODEX 코스피,코스피,주식,국내,기타특수구조,미확인 주식전략,국내 미확인 주식전략,미확인-주식전략-국내-미확인-주식전략-46eed209b8,passive,plain,neutral,1X,unhedged_or_not_applicable,physical_or_unspecified,unknown,PG-PENDING-226490-4d1ae30700,,classified_derived,기초지수 명시; 운용사·공식 출처 URL 존재; 자산군·투자대상 추출(주식/국내 미확인 주식전략),가능,직접 비교에 필요한 주식 전략·투자대상 미확인; 세부 투자대상 또는 만기·구성비율 미확인
KR7226980001,226980,KODEX 200 중소형,코스피 200 중소형주지수,주식,국내,규모,시가총액,국내 시가총액,시가총액-국내-시가총액-38d7e2985f,passive,plain,neutral,1X,unhedged_or_not_applicable,physical_or_unspecified,broad,PG-주식-국내-규모-시가총액-국내-시가총액-시가총액-국내-시가총액-3-5397a04ffb,,verified_official,기초지수 명시; 운용사·공식 출처 URL 존재; 자산군·투자대상 추출(주식/국내 시가총액),가능,
KR7227540002,227540,TIGER 200 헬스케어,코스피 200 헬스케어,주식,국내,산업·섹터,비만·신약 & 바이오시밀러,국내 바이오·제약·헬스케어,바이오-제약-헬스케어-국내-바이오-제약-헬스케어-d888086019,passive,plain,neutral,1X,unhedged_or_not_applicable,physical_or_unspecified,broad,PG-주식-국내-산업-섹터-바이오-제약-헬스케어-국내-바이오-제약-헬스-eaf9ac0bdb,,verified_official,기초지수 명시; 운용사·공식 출처 URL 존재; 자산군·투자대상 추출(주식/국내 바이오·제약·헬스케어),가능,
KR7227550001,227550,TIGER 200 산업재,코스피 200 산업재,주식,국내,기타특수구조,미확인 주식전략,국내 미확인 주식전략,미확인-주식전략-국내-미확인-주식전략-46eed209b8,passive,plain,neutral,1X,unhedged_or_not_applicable,physical_or_unspecified,broad,PG-PENDING-227550-63eff22c22,,classified_derived,기초지수 명시; 운용사·공식 출처 URL 존재; 자산군·투자대상 추출(주식/국내 미확인 주식전략),가능,직접 비교에 필요한 주식 전략·투자대상 미확인; 세부 투자대상 또는 만기·구성비율 미확인
KR7227560000,227560,TIGER 200 생활소비재,코스피 200 생활소비재,주식,국내,기타특수구조,K-푸드 & K-뷰티,국내 미확인 주식전략,미확인-주식전략-국내-미확인-주식전략-46eed209b8,passive,plain,neutral,1X,unhedged_or_not_applicable,physical_or_unspecified,broad,PG-PENDING-227560-7f99094048,,classified_derived,기초지수 명시; 운용사·공식 출처 URL 존재; 자산군·투자대상 추출(주식/국내 미확인 주식전략),가능,직접 비교에 필요한 주식 전략·투자대상 미확인; 세부 투자대상 또는 만기·구성비율 미확인
KR7227570009,227570,TIGER 우량가치,FnGuide 퀄리티밸류 지수,주식,국내,스타일·팩터,스타일·팩터,국내 스타일·팩터,스타일-팩터-국내-스타일-팩터-bbac88fc35,passive,plain,neutral,1X,unhedged_or_not_applicable,physical_or_unspecified,unknown,PG-주식-국내-스타일-팩터-스타일-팩터-국내-스타일-팩터-스타일-팩터-ac65317623,,verified_official,기초지수 명시; 운용사·공식 출처 URL 존재; 자산군·투자대상 추출(주식/국내 스타일·팩터),가능,
KR7227830007,227830,PLUS 코스피,코스피,주식,국내,기타특수구조,미확인 주식전략,국내 미확인 주식전략,미확인-주식전략-국내-미확인-주식전략-46eed209b8,passive,plain,neutral,1X,unhedged_or_not_applicable,physical_or_unspecified,unknown,PG-PENDING-227830-caf44c86ea,,classified_derived,기초지수 명시; 운용사·공식 출처 URL 존재; 자산군·투자대상 추출(주식/국내 미확인 주식전략),가능,직접 비교에 필요한 주식 전략·투자대상 미확인; 세부 투자대상 또는 만기·구성비율 미확인
KR7228790002,228790,TIGER 화장품,WISE 화장품 지수,주식,국내,산업·섹터,K-푸드 & K-뷰티,국내 화장품,화장품-국내-화장품-d36ab35225,passive,plain,neutral,1X,unhedged_or_not_applicable,physical_or_unspecified,unknown,PG-주식-국내-산업-섹터-화장품-국내-화장품-화장품-국내-화장품-D3-4742e73eb6,,verified_official,기초지수 명시; 운용사·공식 출처 URL 존재; 자산군·투자대상 추출(주식/국내 화장품),가능,
KR7228800009,228800,TIGER 여행레저,WISE 여행레저 지수,주식,국내,기타특수구조,미확인 주식전략,국내 미확인 주식전략,미확인-주식전략-국내-미확인-주식전략-46eed209b8,passive,plain,neutral,1X,unhedged_or_not_applicable,physical_or_unspecified,unknown,PG-PENDING-228800-761433e04a,,classified_derived,기초지수 명시; 운용사·공식 출처 URL 존재; 자산군·투자대상 추출(주식/국내 미확인 주식전략),가능,직접 비교에 필요한 주식 전략·투자대상 미확인; 세부 투자대상 또는 만기·구성비율 미확인
KR7228810008,228810,TIGER 미디어컨텐츠,WISE 미디어컨텐츠 지수,주식,국내,산업·섹터,K-엔터 & 미디어·게임,국내 미디어·게임·엔터테인먼트,미디어-게임-엔터테인먼트-국내-미디어-게임-엔터테인먼트-0ac91da332,passive,plain,neutral,1X,unhedged_or_not_applicable,physical_or_unspecified,unknown,PG-주식-국내-산업-섹터-미디어-게임-엔터테인먼트-국내-미디어-게임--48c79cc9a6,,verified_official,기초지수 명시; 운용사·공식 출처 URL 존재; 자산군·투자대상 추출(주식/국내 미디어·게임·엔터테인먼트),가능,
KR7228820007,228820,TIGER KTOP30,KTOP 30,주식,국내,기타특수구조,미확인 주식전략,국내 미확인 주식전략,미확인-주식전략-국내-미확인-주식전략-46eed209b8,passive,plain,neutral,1X,unhedged_or_not_applicable,physical_or_unspecified,ultra_concentrated,PG-PENDING-228820-fe950a870b,,classified_derived,기초지수 명시; 운용사·공식 출처 URL 존재; 자산군·투자대상 추출(주식/국내 미확인 주식전략),가능,직접 비교에 필요한 주식 전략·투자대상 미확인; 세부 투자대상 또는 만기·구성비율 미확인
KR7229200001,229200,KODEX 코스닥150,코스닥 150,주식,국내,기타특수구조,미확인 주식전략,국내 미확인 주식전략,미확인-주식전략-국내-미확인-주식전략-46eed209b8,passive,plain,neutral,1X,unhedged_or_not_applicable,physical_or_unspecified,unknown,PG-PENDING-229200-85b03654e8,,classified_derived,기초지수 명시; 운용사·공식 출처 URL 존재; 자산군·투자대상 추출(주식/국내 미확인 주식전략),가능,직접 비교에 필요한 주식 전략·투자대상 미확인; 세부 투자대상 또는 만기·구성비율 미확인
KR7229720008,229720,KODEX KTOP30,KTOP 30,주식,국내,기타특수구조,미확인 주식전략,국내 미확인 주식전략,미확인-주식전략-국내-미확인-주식전략-46eed209b8,passive,plain,neutral,1X,unhedged_or_not_applicable,physical_or_unspecified,ultra_concentrated,PG-PENDING-229720-1d2512bfb5,,classified_derived,기초지수 명시; 운용사·공식 출처 URL 존재; 자산군·투자대상 추출(주식/국내 미확인 주식전략),가능,직접 비교에 필요한 주식 전략·투자대상 미확인; 세부 투자대상 또는 만기·구성비율 미확인
KR7230480006,230480,KIWOOM 미국달러선물인버스2X,미국달러선물지수,금리·파킹,미국,금리·파킹,금리·파킹,초단기 금리,RATE_초단기-금리-70f35d000d,inverse,rate_return,short,2X,unhedged,physical_or_unspecified,unknown,PG-금리-파킹-해당없음-금리-파킹-금리-파킹-초단기-금리-RATE-초-143b38635b,,verified_official,기초지수 명시; 운용사·공식 출처 URL 존재; 상품명 구조표시(inverse); 자산군·투자대상 추출(금리·파킹/초단기 금리),불가,
KR7232080002,232080,TIGER 코스닥150,코스닥 150,주식,국내,기타특수구조,미확인 주식전략,국내 미확인 주식전략,미확인-주식전략-국내-미확인-주식전략-46eed209b8,passive,plain,neutral,1X,unhedged_or_not_applicable,physical_or_unspecified,unknown,PG-PENDING-232080-b7cc95b3f9,,classified_derived,기초지수 명시; 운용사·공식 출처 URL 존재; 자산군·투자대상 추출(주식/국내 미확인 주식전략),가능,직접 비교에 필요한 주식 전략·투자대상 미확인; 세부 투자대상 또는 만기·구성비율 미확인
KR7233160001,233160,TIGER 코스닥150 레버리지,코스닥 150,주식,국내,기타특수구조,미확인 주식전략,국내 미확인 주식전략,미확인-주식전략-국내-미확인-주식전략-46eed209b8,leveraged,leveraged,long,2X,unhedged_or_not_applicable,physical_or_unspecified,unknown,PG-PENDING-233160-ec00eb8bee,,classified_derived,기초지수 명시; 운용사·공식 출처 URL 존재; 상품명 구조표시(leveraged); 자산군·투자대상 추출(주식/국내 미확인 주식전략),불가,직접 비교에 필요한 주식 전략·투자대상 미확인; 세부 투자대상 또는 만기·구성비율 미확인
KR7233740000,233740,KODEX 코스닥150레버리지,코스닥 150,주식,국내,기타특수구조,미확인 주식전략,국내 미확인 주식전략,미확인-주식전략-국내-미확인-주식전략-46eed209b8,leveraged,leveraged,long,2X,unhedged_or_not_applicable,physical_or_unspecified,unknown,PG-PENDING-233740-9aa4cc70a9,,classified_derived,기초지수 명시; 운용사·공식 출처 URL 존재; 상품명 구조표시(leveraged); 자산군·투자대상 추출(주식/국내 미확인 주식전략),불가,직접 비교에 필요한 주식 전략·투자대상 미확인; 세부 투자대상 또는 만기·구성비율 미확인
KR7234310001,234310,RISE V&S셀렉트밸류,FnGuide 셀렉트 밸류 지수,주식,국내,기타특수구조,미확인 주식전략,국내 미확인 주식전략,미확인-주식전략-국내-미확인-주식전략-46eed209b8,passive,plain,neutral,1X,unhedged_or_not_applicable,physical_or_unspecified,unknown,PG-PENDING-234310-5f221616d2,,classified_derived,기초지수 명시; 운용사·공식 출처 URL 존재; 자산군·투자대상 추출(주식/국내 미확인 주식전략),가능,직접 비교에 필요한 주식 전략·투자대상 미확인; 세부 투자대상 또는 만기·구성비율 미확인
KR7236350005,236350,TIGER 인도니프티50레버리지(합성),Nifty 50 Index,주식,인도,기타특수구조,인도 시장 & 밸류체인,인도 미확인 주식전략,미확인-주식전략-인도-미확인-주식전략-69bd615628,leveraged,leveraged,long,2X,unhedged,synthetic,unknown,PG-PENDING-236350-bc79aed75e,,classified_derived,기초지수 명시; 운용사·공식 출처 URL 존재; 상품명 구조표시(leveraged); 자산군·투자대상 추출(주식/인도 미확인 주식전략),불가,직접 비교에 필요한 주식 전략·투자대상 미확인; 세부 투자대상 또는 만기·구성비율 미확인
KR7237350004,237350,KODEX 코스피100,코스피 100,주식,국내,기타특수구조,미확인 주식전략,국내 미확인 주식전략,미확인-주식전략-국내-미확인-주식전략-46eed209b8,passive,plain,neutral,1X,unhedged_or_not_applicable,physical_or_unspecified,broad,PG-PENDING-237350-7db73f61e2,,classified_derived,기초지수 명시; 운용사·공식 출처 URL 존재; 자산군·투자대상 추출(주식/국내 미확인 주식전략),가능,직접 비교에 필요한 주식 전략·투자대상 미확인; 세부 투자대상 또는 만기·구성비율 미확인
KR7237370002,237370,KODEX 코리아배당성장채권혼합,배당성장채권혼합지수,혼합자산,국내,혼합자산,자산배분 & 채권혼합,시장대표 채권혼합,BOND_국내-채권-만기미확인-등급미확인-893e3e68b3,passive,mixed_asset,neutral,1X,unhedged_or_not_applicable,physical_or_unspecified,unknown,PG-PENDING-237370-0b3b02e445,,classified_derived,기초지수 명시; 운용사·공식 출처 URL 존재; 자산군·투자대상 추출(채권/국내 채권 만기미확인 등급미확인),가능,세부 투자대상 또는 만기·구성비율 미확인
KR7237440003,237440,TIGER 경기방어채권혼합,경기방어소비재 채권혼합 지수,혼합자산,국내,혼합자산,자산배분 & 채권혼합,섹터·테마 채권혼합,BOND_국내-채권-만기미확인-등급미확인-893e3e68b3,passive,mixed_asset,neutral,1X,unhedged_or_not_applicable,physical_or_unspecified,unknown,PG-PENDING-237440-b4573e35a3,,classified_derived,기초지수 명시; 운용사·공식 출처 URL 존재; 자산군·투자대상 추출(채권/국내 채권 만기미확인 등급미확인),가능,세부 투자대상 또는 만기·구성비율 미확인
KR7238670004,238670,PLUS 스마트베타Quality채권혼합,WISE-KAP 스마트베타 Quality 채권혼합지수,혼합자산,국내,혼합자산,자산배분 & 채권혼합,시장대표 채권혼합,BOND_국내-채권-만기미확인-등급미확인-893e3e68b3,passive,mixed_asset,neutral,1X,unhedged_or_not_applicable,physical_or_unspecified,unknown,PG-PENDING-238670-8f240dc6fb,,classified_derived,기초지수 명시; 운용사·공식 출처 URL 존재; 자산군·투자대상 추출(채권/국내 채권 만기미확인 등급미확인),가능,세부 투자대상 또는 만기·구성비율 미확인
KR7238720007,238720,ACE 일본Nikkei225(H),Nikkei 225,주식,일본,기타특수구조,일본 테크 & 상사,일본 미확인 주식전략,미확인-주식전략-일본-미확인-주식전략-aa68fbbd45,passive,plain,neutral,1X,hedged,physical_or_unspecified,unknown,PG-PENDING-238720-8fe93f7933,,classified_derived,기초지수 명시; 운용사·공식 출처 URL 존재; 자산군·투자대상 추출(주식/일본 미확인 주식전략),가능,직접 비교에 필요한 주식 전략·투자대상 미확인; 세부 투자대상 또는 만기·구성비율 미확인
KR7239660004,239660,PLUS 우량회사채50,KOBI HALF CREDIT Index(총수익),채권,국내,채권,우량 회사채·금융채,국내 회사채 만기미확인 등급미확인,BOND_국내-회사채-만기미확인-등급미확인-2695c4f395,passive,bond_coupon,neutral,1X,unhedged_or_not_applicable,physical_or_unspecified,unknown,PG-PENDING-239660-0258e10bf8,,classified_derived,기초지수 명시; 운용사·공식 출처 URL 존재; 자산군·투자대상 추출(채권/국내 회사채 만기미확인 등급미확인),가능,세부 투자대상 또는 만기·구성비율 미확인
KR7241180009,241180,TIGER 일본니케이225,Nikkei 225,주식,일본,기타특수구조,일본 테크 & 상사,일본 미확인 주식전략,미확인-주식전략-일본-미확인-주식전략-aa68fbbd45,passive,plain,neutral,1X,unhedged,physical_or_unspecified,unknown,PG-PENDING-241180-92645fff1a,,classified_derived,기초지수 명시; 운용사·공식 출처 URL 존재; 자산군·투자대상 추출(주식/일본 미확인 주식전략),가능,직접 비교에 필요한 주식 전략·투자대상 미확인; 세부 투자대상 또는 만기·구성비율 미확인
KR7241390004,241390,RISE V&S셀렉트밸류채권혼합,FnGuide 셀렉트벨류 채권혼합지수,혼합자산,국내,혼합자산,자산배분 & 채권혼합,시장대표 채권혼합,BOND_국내-채권-만기미확인-등급미확인-893e3e68b3,passive,mixed_asset,neutral,1X,unhedged_or_not_applicable,physical_or_unspecified,unknown,PG-PENDING-241390-6a2dac90d7,,classified_derived,기초지수 명시; 운용사·공식 출처 URL 존재; 자산군·투자대상 추출(채권/국내 채권 만기미확인 등급미확인),가능,세부 투자대상 또는 만기·구성비율 미확인
KR7243880002,243880,TIGER 200IT레버리지,코스피 200 정보기술,주식,국내,기타특수구조,미확인 주식전략,국내 미확인 주식전략,미확인-주식전략-국내-미확인-주식전략-46eed209b8,leveraged,leveraged,long,2X,unhedged_or_not_applicable,physical_or_unspecified,broad,PG-PENDING-243880-7b815e3c4c,,classified_derived,기초지수 명시; 운용사·공식 출처 URL 존재; 상품명 구조표시(leveraged); 자산군·투자대상 추출(주식/국내 미확인 주식전략),불가,직접 비교에 필요한 주식 전략·투자대상 미확인; 세부 투자대상 또는 만기·구성비율 미확인
KR7243890001,243890,TIGER 200에너지화학레버리지,코스피 200 에너지/화학,주식,국내,산업·섹터,철강·화학,국내 철강·화학,철강-화학-국내-철강-화학-2baeb11d7e,leveraged,leveraged,long,2X,unhedged_or_not_applicable,physical_or_unspecified,broad,PG-주식-국내-산업-섹터-철강-화학-국내-철강-화학-철강-화학-국내--baa6df7205,,verified_official,기초지수 명시; 운용사·공식 출처 URL 존재; 상품명 구조표시(leveraged); 자산군·투자대상 추출(주식/국내 철강·화학),불가,
KR7244580007,244580,KODEX 바이오,FnGuide 바이오 지수,주식,국내,산업·섹터,비만·신약 & 바이오시밀러,국내 바이오·제약·헬스케어,바이오-제약-헬스케어-국내-바이오-제약-헬스케어-d888086019,passive,plain,neutral,1X,unhedged_or_not_applicable,physical_or_unspecified,unknown,PG-주식-국내-산업-섹터-바이오-제약-헬스케어-국내-바이오-제약-헬스-eaf9ac0bdb,,verified_official,기초지수 명시; 운용사·공식 출처 URL 존재; 자산군·투자대상 추출(주식/국내 바이오·제약·헬스케어),가능,
KR7244620001,244620,KODEX 모멘텀Plus,FnGuide 모멘텀 Plus 지수,주식,국내,스타일·팩터,스타일·팩터,국내 스타일·팩터,스타일-팩터-국내-스타일-팩터-bbac88fc35,passive,plain,neutral,1X,unhedged_or_not_applicable,physical_or_unspecified,unknown,PG-주식-국내-스타일-팩터-스타일-팩터-국내-스타일-팩터-스타일-팩터-ac65317623,,verified_official,기초지수 명시; 운용사·공식 출처 URL 존재; 자산군·투자대상 추출(주식/국내 스타일·팩터),가능,
KR7244660007,244660,KODEX 퀄리티Plus,FnGuide 퀄리티 Plus 지수,주식,국내,스타일·팩터,스타일·팩터,국내 스타일·팩터,스타일-팩터-국내-스타일-팩터-bbac88fc35,passive,plain,neutral,1X,unhedged_or_not_applicable,physical_or_unspecified,unknown,PG-주식-국내-스타일-팩터-스타일-팩터-국내-스타일-팩터-스타일-팩터-ac65317623,,verified_official,기초지수 명시; 운용사·공식 출처 URL 존재; 자산군·투자대상 추출(주식/국내 스타일·팩터),가능,
KR7244670006,244670,KODEX 밸류Plus,FnGuide 벨류 Plus 지수,주식,국내,기타특수구조,미확인 주식전략,국내 미확인 주식전략,미확인-주식전략-국내-미확인-주식전략-46eed209b8,passive,plain,neutral,1X,unhedged_or_not_applicable,physical_or_unspecified,unknown,PG-PENDING-244670-608c7be915,,classified_derived,기초지수 명시; 운용사·공식 출처 URL 존재; 자산군·투자대상 추출(주식/국내 미확인 주식전략),가능,직접 비교에 필요한 주식 전략·투자대상 미확인; 세부 투자대상 또는 만기·구성비율 미확인
KR7245340005,245340,TIGER 미국다우존스30,Dow Jones Industrial Average,주식,미국,대표지수,S&P 500 시장대표,미국 다우존스30,DOW_JONES_30,passive,bond_coupon,neutral,1X,unhedged,physical_or_unspecified,unknown,PG-PENDING-245340-fc088d591d,,conflict_resolved,기초지수 명시; 운용사·공식 출처 URL 존재; 자산군·투자대상 추출(채권/미국 국채 만기미확인 등급미확인),가능,세부 투자대상 또는 만기·구성비율 미확인; 기존 자산분류와 비교분류 추론값 충돌
KR7245350004,245350,TIGER 유로스탁스배당30,Euro STOXX Select Dividend 30,주식,유럽,배당·주주환원,고배당 & 인컴 전략,유럽 고배당,고배당-유럽-고배당-5a7e5e014e,passive,plain,neutral,1X,unhedged,physical_or_unspecified,unknown,PG-주식-유럽-배당-주주환원-고배당-유럽-고배당-고배당-유럽-고배당--90bb6ef71b,,verified_official,기초지수 명시; 운용사·공식 출처 URL 존재; 자산군·투자대상 추출(주식/유럽 고배당),가능,
KR7245360003,245360,TIGER 차이나HSCEI,Hang Seng China H,주식,중국,기타특수구조,미확인 주식전략,중국 미확인 주식전략,미확인-주식전략-중국-미확인-주식전략-526c3d6249,passive,plain,neutral,1X,unhedged,physical_or_unspecified,unknown,PG-PENDING-245360-b2d440378c,,classified_derived,기초지수 명시; 운용사·공식 출처 URL 존재; 자산군·투자대상 추출(주식/중국 미확인 주식전략),가능,직접 비교에 필요한 주식 전략·투자대상 미확인; 세부 투자대상 또는 만기·구성비율 미확인
KR7245710009,245710,ACE 베트남VN30(합성),VN30 Index(PR),주식,기타국가,기타특수구조,베트남 & 이머징 성장주,기타국가 미확인 주식전략,미확인-주식전략-기타국가-미확인-주식전략-cd16f2b14c,passive,plain,neutral,1X,unhedged,synthetic,unknown,PG-PENDING-245710-bb1d5681c8,,classified_derived,기초지수 명시; 운용사·공식 출처 URL 존재; 자산군·투자대상 추출(주식/기타국가 미확인 주식전략),가능,직접 비교에 필요한 주식 전략·투자대상 미확인; 세부 투자대상 또는 만기·구성비율 미확인
KR7248270001,248270,TIGER S&P글로벌헬스케어(합성),S&P Global 1200 Health Care Index,주식,미국,산업·섹터,글로벌 헬스케어 & 메디컬,미국 바이오·제약·헬스케어,바이오-제약-헬스케어-미국-바이오-제약-헬스케어-f63af70ccd,passive,plain,neutral,1X,unhedged,synthetic,broad,PG-주식-미국-산업-섹터-바이오-제약-헬스케어-미국-바이오-제약-헬스-f35c02e78a,,verified_official,기초지수 명시; 운용사·공식 출처 URL 존재; 자산군·투자대상 추출(주식/미국 바이오·제약·헬스케어),가능,
KR7250730009,250730,RISE 차이나HSCEI(H),Hang Seng China H,주식,중국,기타특수구조,미확인 주식전략,중국 미확인 주식전략,미확인-주식전략-중국-미확인-주식전략-526c3d6249,passive,plain,neutral,1X,hedged,physical_or_unspecified,unknown,PG-PENDING-250730-43524fc7eb,,classified_derived,기초지수 명시; 운용사·공식 출처 URL 존재; 자산군·투자대상 추출(주식/중국 미확인 주식전략),가능,직접 비교에 필요한 주식 전략·투자대상 미확인; 세부 투자대상 또는 만기·구성비율 미확인
KR7250780004,250780,TIGER 코스닥150선물인버스,F-코스닥150 지수,주식,국내,기타특수구조,미확인 주식전략,국내 미확인 주식전략,미확인-주식전략-국내-미확인-주식전략-46eed209b8,inverse,inverse,short,1X,unhedged_or_not_applicable,physical_or_unspecified,unknown,PG-PENDING-250780-a81d0de649,,classified_derived,기초지수 명시; 운용사·공식 출처 URL 존재; 상품명 구조표시(inverse); 자산군·투자대상 추출(주식/국내 미확인 주식전략),불가,직접 비교에 필요한 주식 전략·투자대상 미확인; 세부 투자대상 또는 만기·구성비율 미확인
KR7251340006,251340,KODEX 코스닥150선물인버스,F-코스닥150 지수,주식,국내,기타특수구조,미확인 주식전략,국내 미확인 주식전략,미확인-주식전략-국내-미확인-주식전략-46eed209b8,inverse,inverse,short,1X,unhedged_or_not_applicable,physical_or_unspecified,unknown,PG-PENDING-251340-eabebb5837,,classified_derived,기초지수 명시; 운용사·공식 출처 URL 존재; 상품명 구조표시(inverse); 자산군·투자대상 추출(주식/국내 미확인 주식전략),불가,직접 비교에 필요한 주식 전략·투자대상 미확인; 세부 투자대상 또는 만기·구성비율 미확인
KR7251350005,251350,KODEX MSCI선진국,MSCI World,주식,글로벌,기타특수구조,미확인 주식전략,글로벌 미확인 주식전략,미확인-주식전략-글로벌-미확인-주식전략-d0f070a455,passive,plain,neutral,1X,unhedged,physical_or_unspecified,unknown,PG-PENDING-251350-bdeb26c068,,classified_derived,기초지수 명시; 운용사·공식 출처 URL 존재; 자산군·투자대상 추출(주식/글로벌 미확인 주식전략),가능,직접 비교에 필요한 주식 전략·투자대상 미확인; 세부 투자대상 또는 만기·구성비율 미확인
KR7251590006,251590,PLUS 고배당저변동50,FnGuide 고배당저변동50 지수,주식,국내,배당·주주환원,고배당 & 인컴 전략,국내 고배당,고배당-국내-고배당-2325fcd2e0,passive,plain,neutral,1X,unhedged_or_not_applicable,physical_or_unspecified,unknown,PG-주식-국내-배당-주주환원-고배당-국내-고배당-고배당-국내-고배당--dd861c8cd4,,verified_official,기초지수 명시; 운용사·공식 출처 URL 존재; 자산군·투자대상 추출(주식/국내 고배당),가능,
KR7251600003,251600,PLUS 고배당주채권혼합,FnGuide 고배당 채권혼합 지수,혼합자산,국내,혼합자산,자산배분 & 채권혼합,시장대표 채권혼합,BOND_국내-채권-만기미확인-등급미확인-893e3e68b3,passive,mixed_asset,neutral,1X,unhedged_or_not_applicable,physical_or_unspecified,unknown,PG-PENDING-251600-ad755bb87e,,classified_derived,기초지수 명시; 운용사·공식 출처 URL 존재; 자산군·투자대상 추출(채권/국내 채권 만기미확인 등급미확인),가능,세부 투자대상 또는 만기·구성비율 미확인
KR7252000005,252000,TIGER 200동일가중,코스피 200 동일가중지수,주식,국내,기타특수구조,미확인 주식전략,국내 미확인 주식전략,미확인-주식전략-국내-미확인-주식전략-46eed209b8,passive,plain,neutral,1X,unhedged_or_not_applicable,physical_or_unspecified,broad,PG-PENDING-252000-13aaef80cf,,classified_derived,기초지수 명시; 운용사·공식 출처 URL 존재; 자산군·투자대상 추출(주식/국내 미확인 주식전략),가능,직접 비교에 필요한 주식 전략·투자대상 미확인; 세부 투자대상 또는 만기·구성비율 미확인
KR7252400007,252400,RISE 200선물레버리지,코스피 200 선물지수,주식,국내,기타특수구조,미확인 주식전략,국내 미확인 주식전략,미확인-주식전략-국내-미확인-주식전략-46eed209b8,leveraged,leveraged,long,2X,unhedged_or_not_applicable,physical_or_unspecified,broad,PG-PENDING-252400-7877b69be7,,classified_derived,기초지수 명시; 운용사·공식 출처 URL 존재; 상품명 구조표시(leveraged); 자산군·투자대상 추출(주식/국내 미확인 주식전략),불가,직접 비교에 필요한 주식 전략·투자대상 미확인; 세부 투자대상 또는 만기·구성비율 미확인
KR7252410006,252410,RISE 200선물인버스,코스피 200 선물지수,주식,국내,기타특수구조,미확인 주식전략,국내 미확인 주식전략,미확인-주식전략-국내-미확인-주식전략-46eed209b8,inverse,inverse,short,1X,unhedged_or_not_applicable,physical_or_unspecified,broad,PG-PENDING-252410-b919abf196,,classified_derived,기초지수 명시; 운용사·공식 출처 URL 존재; 상품명 구조표시(inverse); 자산군·투자대상 추출(주식/국내 미확인 주식전략),불가,직접 비교에 필요한 주식 전략·투자대상 미확인; 세부 투자대상 또는 만기·구성비율 미확인
KR7252420005,252420,RISE 200선물인버스2X,코스피 200 선물지수,주식,국내,기타특수구조,미확인 주식전략,국내 미확인 주식전략,미확인-주식전략-국내-미확인-주식전략-46eed209b8,inverse,inverse,short,2X,unhedged_or_not_applicable,physical_or_unspecified,broad,PG-PENDING-252420-17785b5a83,,classified_derived,기초지수 명시; 운용사·공식 출처 URL 존재; 상품명 구조표시(inverse); 자산군·투자대상 추출(주식/국내 미확인 주식전략),불가,직접 비교에 필요한 주식 전략·투자대상 미확인; 세부 투자대상 또는 만기·구성비율 미확인
KR7252650007,252650,KODEX 200동일가중,코스피 200 동일가중지수,주식,국내,기타특수구조,미확인 주식전략,국내 미확인 주식전략,미확인-주식전략-국내-미확인-주식전략-46eed209b8,passive,plain,neutral,1X,unhedged_or_not_applicable,physical_or_unspecified,broad,PG-PENDING-252650-4d461ab85c,,classified_derived,기초지수 명시; 운용사·공식 출처 URL 존재; 자산군·투자대상 추출(주식/국내 미확인 주식전략),가능,직접 비교에 필요한 주식 전략·투자대상 미확인; 세부 투자대상 또는 만기·구성비율 미확인
KR7252670005,252670,KODEX 200선물인버스2X,코스피 200 선물지수,주식,국내,기타특수구조,미확인 주식전략,국내 미확인 주식전략,미확인-주식전략-국내-미확인-주식전략-46eed209b8,inverse,inverse,short,2X,unhedged_or_not_applicable,physical_or_unspecified,broad,PG-PENDING-252670-38745ebfe8,,classified_derived,기초지수 명시; 운용사·공식 출처 URL 존재; 상품명 구조표시(inverse); 자산군·투자대상 추출(주식/국내 미확인 주식전략),불가,직접 비교에 필요한 주식 전략·투자대상 미확인; 세부 투자대상 또는 만기·구성비율 미확인
KR7252710009,252710,TIGER 200선물인버스2X,코스피 200 선물지수,주식,국내,기타특수구조,미확인 주식전략,국내 미확인 주식전략,미확인-주식전략-국내-미확인-주식전략-46eed209b8,inverse,inverse,short,2X,unhedged_or_not_applicable,physical_or_unspecified,broad,PG-PENDING-252710-5f9f222cd1,,classified_derived,기초지수 명시; 운용사·공식 출처 URL 존재; 상품명 구조표시(inverse); 자산군·투자대상 추출(주식/국내 미확인 주식전략),불가,직접 비교에 필요한 주식 전략·투자대상 미확인; 세부 투자대상 또는 만기·구성비율 미확인
KR7253150007,253150,PLUS 200선물레버리지,코스피 200 선물지수,주식,국내,기타특수구조,미확인 주식전략,국내 미확인 주식전략,미확인-주식전략-국내-미확인-주식전략-46eed209b8,leveraged,leveraged,long,2X,unhedged_or_not_applicable,physical_or_unspecified,broad,PG-PENDING-253150-8b7b8009ca,,classified_derived,기초지수 명시; 운용사·공식 출처 URL 존재; 상품명 구조표시(leveraged); 자산군·투자대상 추출(주식/국내 미확인 주식전략),불가,직접 비교에 필요한 주식 전략·투자대상 미확인; 세부 투자대상 또는 만기·구성비율 미확인
KR7253160006,253160,PLUS 200선물인버스2X,코스피 200 선물지수,주식,국내,기타특수구조,미확인 주식전략,국내 미확인 주식전략,미확인-주식전략-국내-미확인-주식전략-46eed209b8,inverse,inverse,short,2X,unhedged_or_not_applicable,physical_or_unspecified,broad,PG-PENDING-253160-4b813765ef,,classified_derived,기초지수 명시; 운용사·공식 출처 URL 존재; 상품명 구조표시(inverse); 자산군·투자대상 추출(주식/국내 미확인 주식전략),불가,직접 비교에 필요한 주식 전략·투자대상 미확인; 세부 투자대상 또는 만기·구성비율 미확인
KR7253230007,253230,KIWOOM 200선물인버스2X,코스피 200 선물지수,주식,국내,기타특수구조,미확인 주식전략,국내 미확인 주식전략,미확인-주식전략-국내-미확인-주식전략-46eed209b8,inverse,inverse,short,2X,unhedged_or_not_applicable,physical_or_unspecified,broad,PG-PENDING-253230-976a1f1948,,classified_derived,기초지수 명시; 운용사·공식 출처 URL 존재; 상품명 구조표시(inverse); 자산군·투자대상 추출(주식/국내 미확인 주식전략),불가,직접 비교에 필요한 주식 전략·투자대상 미확인; 세부 투자대상 또는 만기·구성비율 미확인
KR7253240006,253240,KIWOOM 200선물인버스,코스피 200 선물지수,주식,국내,기타특수구조,미확인 주식전략,국내 미확인 주식전략,미확인-주식전략-국내-미확인-주식전략-46eed209b8,inverse,inverse,short,1X,unhedged_or_not_applicable,physical_or_unspecified,broad,PG-PENDING-253240-3bc486c791,,classified_derived,기초지수 명시; 운용사·공식 출처 URL 존재; 상품명 구조표시(inverse); 자산군·투자대상 추출(주식/국내 미확인 주식전략),불가,직접 비교에 필요한 주식 전략·투자대상 미확인; 세부 투자대상 또는 만기·구성비율 미확인
KR7253250005,253250,KIWOOM 200선물레버리지,코스피 200 선물지수,주식,국내,기타특수구조,미확인 주식전략,국내 미확인 주식전략,미확인-주식전략-국내-미확인-주식전략-46eed209b8,leveraged,leveraged,long,2X,unhedged_or_not_applicable,physical_or_unspecified,broad,PG-PENDING-253250-34ed4b6d16,,classified_derived,기초지수 명시; 운용사·공식 출처 URL 존재; 상품명 구조표시(leveraged); 자산군·투자대상 추출(주식/국내 미확인 주식전략),불가,직접 비교에 필요한 주식 전략·투자대상 미확인; 세부 투자대상 또는 만기·구성비율 미확인
KR7253280002,253280,RISE 헬스케어,FnGuide 헬스케어 지수,주식,국내,산업·섹터,비만·신약 & 바이오시밀러,국내 바이오·제약·헬스케어,바이오-제약-헬스케어-국내-바이오-제약-헬스케어-d888086019,passive,plain,neutral,1X,unhedged_or_not_applicable,physical_or_unspecified,unknown,PG-주식-국내-산업-섹터-바이오-제약-헬스케어-국내-바이오-제약-헬스-eaf9ac0bdb,,verified_official,기초지수 명시; 운용사·공식 출처 URL 존재; 자산군·투자대상 추출(주식/국내 바이오·제약·헬스케어),가능,
KR7253290001,253290,RISE 헬스케어채권혼합,FnGuide 헬스케어 채권혼합 지수,혼합자산,국내,혼합자산,자산배분 & 채권혼합,섹터·테마 채권혼합,BOND_국내-채권-만기미확인-등급미확인-893e3e68b3,passive,mixed_asset,neutral,1X,unhedged_or_not_applicable,physical_or_unspecified,unknown,PG-PENDING-253290-00c1cc58fc,,classified_derived,기초지수 명시; 운용사·공식 출처 URL 존재; 자산군·투자대상 추출(채권/국내 채권 만기미확인 등급미확인),가능,세부 투자대상 또는 만기·구성비율 미확인
KR7256440009,256440,ACE MSCI인도네시아(합성),MSCI Indonesia Index,주식,인도,기타특수구조,인도 시장 & 밸류체인,인도 미확인 주식전략,미확인-주식전략-인도-미확인-주식전략-69bd615628,passive,plain,neutral,1X,unhedged,synthetic,unknown,PG-PENDING-256440-15759144a3,,classified_derived,기초지수 명시; 운용사·공식 출처 URL 존재; 자산군·투자대상 추출(주식/인도 미확인 주식전략),가능,직접 비교에 필요한 주식 전략·투자대상 미확인; 세부 투자대상 또는 만기·구성비율 미확인
KR7256450008,256450,PLUS 심천차이넥스트(합성),SZSE ChiNext Price Index,주식,미국,기타특수구조,미확인 주식전략,미국 미확인 주식전략,미확인-주식전략-미국-미확인-주식전략-bf6afc4d9f,passive,plain,neutral,1X,unhedged,synthetic,unknown,PG-PENDING-256450-e437f786b1,,classified_derived,기초지수 명시; 운용사·공식 출처 URL 존재; 자산군·투자대상 추출(주식/미국 미확인 주식전략),가능,직접 비교에 필요한 주식 전략·투자대상 미확인; 세부 투자대상 또는 만기·구성비율 미확인
KR7256750001,256750,KODEX 차이나심천ChiNext(합성),SZSE ChiNext Price Index,주식,중국,기타특수구조,미확인 주식전략,중국 미확인 주식전략,미확인-주식전략-중국-미확인-주식전략-526c3d6249,passive,plain,neutral,1X,unhedged,synthetic,unknown,PG-PENDING-256750-eb238b63fe,,classified_derived,기초지수 명시; 운용사·공식 출처 URL 존재; 자산군·투자대상 추출(주식/중국 미확인 주식전략),가능,직접 비교에 필요한 주식 전략·투자대상 미확인; 세부 투자대상 또는 만기·구성비율 미확인
KR7261060008,261060,TIGER 코스닥150IT,코스닥 150 정보기술,주식,국내,기타특수구조,미확인 주식전략,국내 미확인 주식전략,미확인-주식전략-국내-미확인-주식전략-46eed209b8,passive,plain,neutral,1X,unhedged_or_not_applicable,physical_or_unspecified,unknown,PG-PENDING-261060-28c494f7b2,,classified_derived,기초지수 명시; 운용사·공식 출처 URL 존재; 자산군·투자대상 추출(주식/국내 미확인 주식전략),가능,직접 비교에 필요한 주식 전략·투자대상 미확인; 세부 투자대상 또는 만기·구성비율 미확인
KR7261070007,261070,TIGER 코스닥150바이오테크,코스닥 150 헬스케어,주식,국내,산업·섹터,비만·신약 & 바이오시밀러,국내 바이오·제약·헬스케어,바이오-제약-헬스케어-국내-바이오-제약-헬스케어-d888086019,passive,plain,neutral,1X,unhedged_or_not_applicable,physical_or_unspecified,unknown,PG-주식-국내-산업-섹터-바이오-제약-헬스케어-국내-바이오-제약-헬스-eaf9ac0bdb,,verified_official,기초지수 명시; 운용사·공식 출처 URL 존재; 자산군·투자대상 추출(주식/국내 바이오·제약·헬스케어),가능,
KR7261110001,261110,TIGER 미국달러선물레버리지,미국달러선물지수,금리·파킹,미국,금리·파킹,금리·파킹,초단기 금리,RATE_초단기-금리-70f35d000d,leveraged,rate_return,long,2X,unhedged,physical_or_unspecified,unknown,PG-금리-파킹-해당없음-금리-파킹-금리-파킹-초단기-금리-RATE-초-353bff571a,,verified_official,기초지수 명시; 운용사·공식 출처 URL 존재; 상품명 구조표시(leveraged); 자산군·투자대상 추출(금리·파킹/초단기 금리),불가,
KR7261120000,261120,TIGER 미국달러선물인버스2X,미국달러선물지수,금리·파킹,미국,금리·파킹,금리·파킹,초단기 금리,RATE_초단기-금리-70f35d000d,inverse,rate_return,short,2X,unhedged,physical_or_unspecified,unknown,PG-금리-파킹-해당없음-금리-파킹-금리-파킹-초단기-금리-RATE-초-143b38635b,,verified_official,기초지수 명시; 운용사·공식 출처 URL 존재; 상품명 구조표시(inverse); 자산군·투자대상 추출(금리·파킹/초단기 금리),불가,
KR7261140008,261140,TIGER 우선주,코스피 우선주 지수,주식,국내,기타특수구조,미확인 주식전략,국내 미확인 주식전략,미확인-주식전략-국내-미확인-주식전략-46eed209b8,passive,plain,neutral,1X,unhedged_or_not_applicable,physical_or_unspecified,unknown,PG-PENDING-261140-b16c2b0607,,classified_derived,기초지수 명시; 운용사·공식 출처 URL 존재; 자산군·투자대상 추출(주식/국내 미확인 주식전략),가능,직접 비교에 필요한 주식 전략·투자대상 미확인; 세부 투자대상 또는 만기·구성비율 미확인
KR7261220008,261220,KODEX WTI원유선물(H),S&P GSCI Crude Oil Index ER,원자재,미국,원자재,에너지 (원유·천연가스),원유 futures,COMMODITY_원유-FUTURES-601b9bd6ca,passive,futures,neutral,1X,hedged,physical_or_unspecified,unknown,PG-원자재-해당없음-원자재-원유-원유-FUTURES-COMMODITY-8e4ab58f78,,verified_official,기초지수 명시; 운용사·공식 출처 URL 존재; 자산군·투자대상 추출(원자재/원유 futures),불가,
KR7261240006,261240,KODEX 미국달러선물,미국달러선물지수,금리·파킹,미국,금리·파킹,금리·파킹,초단기 금리,RATE_초단기-금리-70f35d000d,passive,rate_return,neutral,1X,unhedged,physical_or_unspecified,unknown,PG-금리-파킹-해당없음-금리-파킹-금리-파킹-초단기-금리-RATE-초-58f4b66988,,verified_official,기초지수 명시; 운용사·공식 출처 URL 존재; 자산군·투자대상 추출(금리·파킹/초단기 금리),불가,
KR7261250005,261250,KODEX 미국달러선물레버리지,미국달러선물지수,금리·파킹,미국,금리·파킹,금리·파킹,초단기 금리,RATE_초단기-금리-70f35d000d,leveraged,rate_return,long,2X,unhedged,physical_or_unspecified,unknown,PG-금리-파킹-해당없음-금리-파킹-금리-파킹-초단기-금리-RATE-초-353bff571a,,verified_official,기초지수 명시; 운용사·공식 출처 URL 존재; 상품명 구조표시(leveraged); 자산군·투자대상 추출(금리·파킹/초단기 금리),불가,
KR7261260004,261260,KODEX 미국달러선물인버스2X,미국달러선물지수,금리·파킹,미국,금리·파킹,금리·파킹,초단기 금리,RATE_초단기-금리-70f35d000d,inverse,rate_return,short,2X,unhedged,physical_or_unspecified,unknown,PG-금리-파킹-해당없음-금리-파킹-금리-파킹-초단기-금리-RATE-초-143b38635b,,verified_official,기초지수 명시; 운용사·공식 출처 URL 존재; 상품명 구조표시(inverse); 자산군·투자대상 추출(금리·파킹/초단기 금리),불가,
KR7261270003,261270,KODEX 미국달러선물인버스,미국달러선물지수,금리·파킹,미국,금리·파킹,금리·파킹,초단기 금리,RATE_초단기-금리-70f35d000d,inverse,rate_return,short,1X,unhedged,physical_or_unspecified,unknown,PG-금리-파킹-해당없음-금리-파킹-금리-파킹-초단기-금리-RATE-초-42bd95eafc,,verified_official,기초지수 명시; 운용사·공식 출처 URL 존재; 상품명 구조표시(inverse); 자산군·투자대상 추출(금리·파킹/초단기 금리),불가,
KR7261920003,261920,ACE MSCI필리핀(합성),MSCI Philippines IMI Index,주식,기타국가,기타특수구조,미확인 주식전략,기타국가 미확인 주식전략,미확인-주식전략-기타국가-미확인-주식전략-cd16f2b14c,passive,plain,neutral,1X,unhedged,synthetic,unknown,PG-PENDING-261920-cdb315f7a0,,classified_derived,기초지수 명시; 운용사·공식 출처 URL 존재; 자산군·투자대상 추출(주식/기타국가 미확인 주식전략),가능,직접 비교에 필요한 주식 전략·투자대상 미확인; 세부 투자대상 또는 만기·구성비율 미확인
KR7265690008,265690,ACE 러시아MSCI(합성),MSCI Russia 25% Capped Price Return Index,주식,기타국가,기타특수구조,미확인 주식전략,기타국가 미확인 주식전략,미확인-주식전략-기타국가-미확인-주식전략-cd16f2b14c,passive,plain,neutral,1X,unhedged,synthetic,unknown,PG-PENDING-265690-d7ae324ee8,,classified_derived,기초지수 명시; 운용사·공식 출처 URL 존재; 자산군·투자대상 추출(주식/기타국가 미확인 주식전략),가능,직접 비교에 필요한 주식 전략·투자대상 미확인; 세부 투자대상 또는 만기·구성비율 미확인
KR7266160001,266160,RISE 고배당,FnGuide 고배당포커스 지수,주식,국내,배당·주주환원,고배당 & 인컴 전략,국내 고배당,고배당-국내-고배당-2325fcd2e0,passive,plain,neutral,1X,unhedged_or_not_applicable,physical_or_unspecified,unknown,PG-주식-국내-배당-주주환원-고배당-국내-고배당-고배당-국내-고배당--dd861c8cd4,,verified_official,기초지수 명시; 운용사·공식 출처 URL 존재; 자산군·투자대상 추출(주식/국내 고배당),가능,
KR7266360007,266360,KODEX K콘텐츠,KRX K콘텐츠,주식,국내,기타특수구조,K-엔터 & 미디어·게임,국내 미확인 주식전략,미확인-주식전략-국내-미확인-주식전략-46eed209b8,passive,plain,neutral,1X,unhedged_or_not_applicable,physical_or_unspecified,unknown,PG-PENDING-266360-f8058e7fb7,,classified_derived,기초지수 명시; 운용사·공식 출처 URL 존재; 자산군·투자대상 추출(주식/국내 미확인 주식전략),가능,직접 비교에 필요한 주식 전략·투자대상 미확인; 세부 투자대상 또는 만기·구성비율 미확인
KR7266370006,266370,KODEX IT,KRX 정보기술,주식,국내,기타특수구조,미확인 주식전략,국내 미확인 주식전략,미확인-주식전략-국내-미확인-주식전략-46eed209b8,passive,plain,neutral,1X,unhedged_or_not_applicable,physical_or_unspecified,unknown,PG-PENDING-266370-098e1199ef,,classified_derived,기초지수 명시; 운용사·공식 출처 URL 존재; 자산군·투자대상 추출(주식/국내 미확인 주식전략),가능,직접 비교에 필요한 주식 전략·투자대상 미확인; 세부 투자대상 또는 만기·구성비율 미확인
KR7266390004,266390,KODEX 경기소비재,KRX 경기소비재,주식,국내,기타특수구조,K-푸드 & K-뷰티,국내 미확인 주식전략,미확인-주식전략-국내-미확인-주식전략-46eed209b8,passive,plain,neutral,1X,unhedged_or_not_applicable,physical_or_unspecified,unknown,PG-PENDING-266390-5f2bcf8223,,classified_derived,기초지수 명시; 운용사·공식 출처 URL 존재; 자산군·투자대상 추출(주식/국내 미확인 주식전략),가능,직접 비교에 필요한 주식 전략·투자대상 미확인; 세부 투자대상 또는 만기·구성비율 미확인
KR7266410000,266410,KODEX 필수소비재,KRX 필수소비재,주식,국내,기타특수구조,K-푸드 & K-뷰티,국내 미확인 주식전략,미확인-주식전략-국내-미확인-주식전략-46eed209b8,passive,plain,neutral,1X,unhedged_or_not_applicable,physical_or_unspecified,unknown,PG-PENDING-266410-503e67a70a,,classified_derived,기초지수 명시; 운용사·공식 출처 URL 존재; 자산군·투자대상 추출(주식/국내 미확인 주식전략),가능,직접 비교에 필요한 주식 전략·투자대상 미확인; 세부 투자대상 또는 만기·구성비율 미확인
KR7266420009,266420,KODEX 헬스케어,KRX 헬스케어,주식,국내,산업·섹터,비만·신약 & 바이오시밀러,국내 바이오·제약·헬스케어,바이오-제약-헬스케어-국내-바이오-제약-헬스케어-d888086019,passive,plain,neutral,1X,unhedged_or_not_applicable,physical_or_unspecified,unknown,PG-주식-국내-산업-섹터-바이오-제약-헬스케어-국내-바이오-제약-헬스-eaf9ac0bdb,,verified_official,기초지수 명시; 운용사·공식 출처 URL 존재; 자산군·투자대상 추출(주식/국내 바이오·제약·헬스케어),가능,
KR7266550003,266550,PLUS 중형주저변동50,FnGuide 중형주저변동50지수,주식,국내,스타일·팩터,스타일·팩터,국내 스타일·팩터,스타일-팩터-국내-스타일-팩터-bbac88fc35,passive,plain,neutral,1X,unhedged_or_not_applicable,physical_or_unspecified,unknown,PG-주식-국내-스타일-팩터-스타일-팩터-국내-스타일-팩터-스타일-팩터-ac65317623,,verified_official,기초지수 명시; 운용사·공식 출처 URL 존재; 자산군·투자대상 추출(주식/국내 스타일·팩터),가능,
KR7267440006,267440,RISE 미국장기국채선물(H),S&P U.S. Treasury Bond Futures Excess Return Index,채권,미국,채권,미국 장기국채,미국 국채 장기 등급미확인,BOND_미국-국채-장기-등급미확인-047cbda7f5,passive,bond_coupon,neutral,1X,hedged,physical_or_unspecified,unknown,PG-PENDING-267440-bfd9838fbc,,classified_derived,기초지수 명시; 운용사·공식 출처 URL 존재; 자산군·투자대상 추출(채권/미국 국채 장기 등급미확인),불가,세부 투자대상 또는 만기·구성비율 미확인
KR7267450005,267450,RISE 미국장기국채선물인버스(H),S&P U.S. Treasury Bond Futures Excess Return Index,채권,미국,채권,미국 장기국채,미국 국채 장기 등급미확인,BOND_미국-국채-장기-등급미확인-047cbda7f5,inverse,bond_coupon,short,1X,hedged,physical_or_unspecified,unknown,PG-PENDING-267450-74264b68e9,,classified_derived,기초지수 명시; 운용사·공식 출처 URL 존재; 상품명 구조표시(inverse); 자산군·투자대상 추출(채권/미국 국채 장기 등급미확인),불가,세부 투자대상 또는 만기·구성비율 미확인
KR7267490001,267490,RISE 미국장기국채선물레버리지(합성 H),S&P U.S. Treasury Bond Futures Excess Return Index,채권,미국,채권,미국 장기국채,미국 국채 장기 등급미확인,BOND_미국-국채-장기-등급미확인-047cbda7f5,leveraged,bond_coupon,long,2X,hedged,synthetic,unknown,PG-PENDING-267490-d95c00af44,,classified_derived,기초지수 명시; 운용사·공식 출처 URL 존재; 상품명 구조표시(leveraged); 자산군·투자대상 추출(채권/미국 국채 장기 등급미확인),불가,세부 투자대상 또는 만기·구성비율 미확인
KR7267770006,267770,TIGER 200선물레버리지,코스피 200 선물지수,주식,국내,기타특수구조,미확인 주식전략,국내 미확인 주식전략,미확인-주식전략-국내-미확인-주식전략-46eed209b8,leveraged,leveraged,long,2X,unhedged_or_not_applicable,physical_or_unspecified,broad,PG-PENDING-267770-21466fb4ea,,classified_derived,기초지수 명시; 운용사·공식 출처 URL 존재; 상품명 구조표시(leveraged); 자산군·투자대상 추출(주식/국내 미확인 주식전략),불가,직접 비교에 필요한 주식 전략·투자대상 미확인; 세부 투자대상 또는 만기·구성비율 미확인
KR7269370003,269370,TIGER S&P글로벌인프라(합성),S&P Global Infrastructure Index,리츠·인프라,미국,리츠·인프라,리츠·인프라,미국 리츠·인프라,리츠-인프라-미국-리츠-인프라-a4a89237cc,passive,plain,neutral,1X,unhedged,synthetic,unknown,PG-리츠-인프라-미국-리츠-인프라-리츠-인프라-미국-리츠-인프라-리츠-05792b6e27,,verified_official,기초지수 명시; 운용사·공식 출처 URL 존재; 자산군·투자대상 추출(리츠·인프라/미국 리츠·인프라),가능,
KR7269420006,269420,KODEX S&P글로벌인프라(합성),S&P Global Infrastructure Index,리츠·인프라,미국,리츠·인프라,리츠·인프라,미국 리츠·인프라,리츠-인프라-미국-리츠-인프라-a4a89237cc,passive,plain,neutral,1X,unhedged,synthetic,unknown,PG-리츠-인프라-미국-리츠-인프라-리츠-인프라-미국-리츠-인프라-리츠-05792b6e27,,verified_official,기초지수 명시; 운용사·공식 출처 URL 존재; 자산군·투자대상 추출(리츠·인프라/미국 리츠·인프라),가능,
KR7269530002,269530,PLUS S&P글로벌인프라,S&P Global Infrastructure Index,리츠·인프라,미국,리츠·인프라,리츠·인프라,미국 리츠·인프라,리츠-인프라-미국-리츠-인프라-a4a89237cc,passive,plain,neutral,1X,unhedged,physical_or_unspecified,unknown,PG-리츠-인프라-미국-리츠-인프라-리츠-인프라-미국-리츠-인프라-리츠-05792b6e27,,verified_official,기초지수 명시; 운용사·공식 출처 URL 존재; 자산군·투자대상 추출(리츠·인프라/미국 리츠·인프라),가능,
KR7269540001,269540,PLUS 미국S&P500(H),S&P 500,주식,미국,대표지수,S&P 500 시장대표,미국 S&P500,S&P500,passive,plain,neutral,1X,hedged,physical_or_unspecified,broad,PG-주식-미국-대표지수-S-P500-미국-S-P500-S-P500-P-c2eb6d3f91,,verified_official,기초지수 명시; 운용사·공식 출처 URL 존재; 자산군·투자대상 추출(주식/미국 S&P500),가능,
KR7270800006,270800,RISE KQ고배당,FnGuide KQ고배당포커스 지수,주식,국내,배당·주주환원,고배당 & 인컴 전략,국내 고배당,고배당-국내-고배당-2325fcd2e0,passive,plain,neutral,1X,unhedged_or_not_applicable,physical_or_unspecified,unknown,PG-주식-국내-배당-주주환원-고배당-국내-고배당-고배당-국내-고배당--dd861c8cd4,,verified_official,기초지수 명시; 운용사·공식 출처 URL 존재; 자산군·투자대상 추출(주식/국내 고배당),가능,
KR7270810005,270810,RISE 코스닥150,코스닥 150,주식,국내,기타특수구조,미확인 주식전략,국내 미확인 주식전략,미확인-주식전략-국내-미확인-주식전략-46eed209b8,passive,plain,neutral,1X,unhedged_or_not_applicable,physical_or_unspecified,unknown,PG-PENDING-270810-b696c03a9f,,classified_derived,기초지수 명시; 운용사·공식 출처 URL 존재; 자산군·투자대상 추출(주식/국내 미확인 주식전략),가능,직접 비교에 필요한 주식 전략·투자대상 미확인; 세부 투자대상 또는 만기·구성비율 미확인
KR7271050007,271050,KODEX WTI원유선물인버스(H),S&P GSCI Crude Oil Index ER,원자재,미국,원자재,에너지 (원유·천연가스),원유 futures,COMMODITY_원유-FUTURES-601b9bd6ca,inverse,futures,short,1X,hedged,physical_or_unspecified,unknown,PG-원자재-해당없음-원자재-원유-원유-FUTURES-COMMODITY-4f348a3707,,verified_official,기초지수 명시; 운용사·공식 출처 URL 존재; 상품명 구조표시(inverse); 자산군·투자대상 추출(원자재/원유 futures),불가,
KR7271060006,271060,KODEX 3대농산물선물(H),S&P GSCI Grains Select Index ER,원자재,미국,원자재,농산물 (곡물·소프트),농산물 futures,COMMODITY_농산물-FUTURES-50a7e474e9,passive,futures,neutral,1X,hedged,physical_or_unspecified,unknown,PG-원자재-해당없음-원자재-농산물-농산물-FUTURES-COMMODI-598353d61b,,verified_official,기초지수 명시; 운용사·공식 출처 URL 존재; 자산군·투자대상 추출(원자재/농산물 futures),불가,
KR7272560004,272560,RISE 단기국공채액티브,KIS 종합채권국공채3M~1.5Y지수,채권,국내,채권,우량 회사채·금융채,국내 채권 단기 등급미확인,BOND_국내-채권-단기-등급미확인-afa2e5ef57,active,bond_coupon,neutral,1X,unhedged_or_not_applicable,active,unknown,PG-PENDING-272560-2d012bf18d,,classified_derived,기초지수 명시; 운용사·공식 출처 URL 존재; 자산군·투자대상 추출(채권/국내 채권 단기 등급미확인),가능,세부 투자대상 또는 만기·구성비율 미확인
KR7272570003,272570,RISE 중장기국공채액티브,KIS 종합채권국공채4~5Y지수,채권,국내,채권,우량 회사채·금융채,국내 채권 중기 등급미확인,BOND_국내-채권-중기-등급미확인-af53603ca9,active,bond_coupon,neutral,1X,unhedged_or_not_applicable,active,unknown,PG-PENDING-272570-f156046476,,classified_derived,기초지수 명시; 운용사·공식 출처 URL 존재; 자산군·투자대상 추출(채권/국내 채권 중기 등급미확인),가능,세부 투자대상 또는 만기·구성비율 미확인
KR7272580002,272580,TIGER 단기채권액티브,KIS MSB 6M PLUS 지수,채권,국내,채권,국내 단기·초단기채,국내 채권 단기 등급미확인,BOND_국내-채권-단기-등급미확인-afa2e5ef57,active,bond_coupon,neutral,1X,unhedged_or_not_applicable,active,unknown,PG-PENDING-272580-4417cdc47d,,classified_derived,기초지수 명시; 운용사·공식 출처 URL 존재; 자산군·투자대상 추출(채권/국내 채권 단기 등급미확인),가능,세부 투자대상 또는 만기·구성비율 미확인
KR7272910001,272910,ACE 중장기국공채액티브,KIS 종합채권국공채1-10Y지수,채권,국내,채권,우량 회사채·금융채,국내 채권 장기 등급미확인,BOND_국내-채권-장기-등급미확인-f457d22418,active,bond_coupon,neutral,1X,unhedged_or_not_applicable,active,unknown,PG-PENDING-272910-4f896be782,,classified_derived,기초지수 명시; 운용사·공식 출처 URL 존재; 자산군·투자대상 추출(채권/국내 채권 장기 등급미확인),가능,세부 투자대상 또는 만기·구성비율 미확인
KR7273130005,273130,KODEX 종합채권(AA-이상)액티브,KAP 한국종합채권지수,채권,국내,채권,우량 회사채·금융채,국내 채권 만기미확인 AA,BOND_국내-채권-만기미확인-AA-273392b07e,active,bond_coupon,neutral,1X,unhedged_or_not_applicable,active,unknown,PG-PENDING-273130-37cd2f10e8,,classified_derived,기초지수 명시; 운용사·공식 출처 URL 존재; 자산군·투자대상 추출(채권/국내 채권 만기미확인 AA),가능,세부 투자대상 또는 만기·구성비율 미확인
KR7273140004,273140,KODEX 단기변동금리부채권액티브,KAP 단기변동금리부은행채권지수,채권,국내,채권,우량 회사채·금융채,국내 채권 단기 등급미확인,BOND_국내-채권-단기-등급미확인-afa2e5ef57,active,bond_coupon,neutral,1X,unhedged_or_not_applicable,active,unknown,PG-PENDING-273140-9a53b08b50,,classified_derived,기초지수 명시; 운용사·공식 출처 URL 존재; 자산군·투자대상 추출(채권/국내 채권 단기 등급미확인),가능,세부 투자대상 또는 만기·구성비율 미확인
KR7275280006,275280,KODEX 모멘텀주,MSCI Korea IMI Momentum Capped,주식,국내,스타일·팩터,스타일·팩터,국내 스타일·팩터,스타일-팩터-국내-스타일-팩터-bbac88fc35,passive,plain,neutral,1X,unhedged_or_not_applicable,physical_or_unspecified,unknown,PG-주식-국내-스타일-팩터-스타일-팩터-국내-스타일-팩터-스타일-팩터-ac65317623,,verified_official,기초지수 명시; 운용사·공식 출처 URL 존재; 자산군·투자대상 추출(주식/국내 스타일·팩터),가능,
KR7275290005,275290,KODEX 가치주,MSCI Korea IMI Enhanced Value Capped,주식,국내,스타일·팩터,스타일·팩터,국내 스타일·팩터,스타일-팩터-국내-스타일-팩터-bbac88fc35,passive,plain,neutral,1X,unhedged_or_not_applicable,physical_or_unspecified,unknown,PG-주식-국내-스타일-팩터-스타일-팩터-국내-스타일-팩터-스타일-팩터-ac65317623,,verified_official,기초지수 명시; 운용사·공식 출처 URL 존재; 자산군·투자대상 추출(주식/국내 스타일·팩터),가능,
KR7275300002,275300,KODEX 우량주,MSCI Korea IMI Quality Capped,주식,국내,스타일·팩터,스타일·팩터,국내 스타일·팩터,스타일-팩터-국내-스타일-팩터-bbac88fc35,passive,plain,neutral,1X,unhedged_or_not_applicable,physical_or_unspecified,unknown,PG-주식-국내-스타일-팩터-스타일-팩터-국내-스타일-팩터-스타일-팩터-ac65317623,,verified_official,기초지수 명시; 운용사·공식 출처 URL 존재; 자산군·투자대상 추출(주식/국내 스타일·팩터),가능,
KR7275750008,275750,RISE 코스닥150선물인버스,F-코스닥150 지수,주식,국내,기타특수구조,미확인 주식전략,국내 미확인 주식전략,미확인-주식전략-국내-미확인-주식전략-46eed209b8,inverse,inverse,short,1X,unhedged_or_not_applicable,physical_or_unspecified,unknown,PG-PENDING-275750-9cc5c933a5,,classified_derived,기초지수 명시; 운용사·공식 출처 URL 존재; 상품명 구조표시(inverse); 자산군·투자대상 추출(주식/국내 미확인 주식전략),불가,직접 비교에 필요한 주식 전략·투자대상 미확인; 세부 투자대상 또는 만기·구성비율 미확인
KR7275980001,275980,TIGER 글로벌4차산업혁신기술(합성 H),Morningstar Exponential Technologies Equal Weighted Select PR USD,주식,글로벌,기타특수구조,미확인 주식전략,글로벌 미확인 주식전략,미확인-주식전략-글로벌-미확인-주식전략-d0f070a455,passive,plain,neutral,1X,hedged,synthetic,unknown,PG-PENDING-275980-d943c3497e,,classified_derived,기초지수 명시; 운용사·공식 출처 URL 존재; 자산군·투자대상 추출(주식/글로벌 미확인 주식전략),가능,직접 비교에 필요한 주식 전략·투자대상 미확인; 세부 투자대상 또는 만기·구성비율 미확인
KR7276000007,276000,TIGER 글로벌자원생산기업(합성 H),MorningStar Global Upstream Resources Index(PR),주식,글로벌,기타특수구조,미확인 주식전략,글로벌 미확인 주식전략,미확인-주식전략-글로벌-미확인-주식전략-d0f070a455,passive,plain,neutral,1X,hedged,synthetic,unknown,PG-PENDING-276000-448b736841,,classified_derived,기초지수 명시; 운용사·공식 출처 URL 존재; 자산군·투자대상 추출(주식/글로벌 미확인 주식전략),가능,직접 비교에 필요한 주식 전략·투자대상 미확인; 세부 투자대상 또는 만기·구성비율 미확인
KR7276650009,276650,RISE 글로벌테크놀로지(합성 H),S&P Global 1200 Information Technology and Interactive Media & Services(PR),주식,미국,기타특수구조,미국 빅테크 (M7),미국 미확인 주식전략,미확인-주식전략-미국-미확인-주식전략-bf6afc4d9f,active,plain,neutral,1X,hedged,synthetic,broad,PG-PENDING-276650-31f9d4d684,,classified_derived,기초지수 명시; 운용사·공식 출처 URL 존재; 자산군·투자대상 추출(주식/미국 미확인 주식전략),가능,직접 비교에 필요한 주식 전략·투자대상 미확인; 세부 투자대상 또는 만기·구성비율 미확인
KR7276970001,276970,KODEX 미국S&P500배당귀족커버드콜(합성 H),S&P500 Dividend Aristocrats Covered Call(7.2% Premium) Index,주식,미국,대표지수,해외 월배당 & 커버드콜,미국 S&P500,S&P500,covered_call,covered_call,neutral,1X,hedged,synthetic,broad,PG-주식-미국-대표지수-S-P500-미국-S-P500-S-P500-C-4d555d2df6,,verified_official,기초지수 명시; 운용사·공식 출처 URL 존재; 상품명 구조표시(covered_call); 자산군·투자대상 추출(주식/미국 S&P500),가능,
KR7276990009,276990,KODEX 글로벌로봇(합성),ROBO Global Robotics & Automation UCITS Price Return Index,주식,글로벌,테마,글로벌 로보틱스 & 자동화,글로벌 로봇,로봇-글로벌-로봇-9e96af8efd,passive,plain,neutral,1X,unhedged,synthetic,unknown,PG-주식-글로벌-테마-로봇-글로벌-로봇-로봇-글로벌-로봇-9E96AF-6d929abf73,,verified_official,기초지수 명시; 운용사·공식 출처 URL 존재; 자산군·투자대상 추출(주식/글로벌 로봇),가능,
KR7277540001,277540,ACE 아시아TOP50,S&P ASIA50 Price Return Index,주식,미국,기타특수구조,미확인 주식전략,미국 미확인 주식전략,미확인-주식전략-미국-미확인-주식전략-bf6afc4d9f,passive,plain,neutral,1X,unhedged,physical_or_unspecified,ultra_concentrated,PG-PENDING-277540-2210e45b0f,,classified_derived,기초지수 명시; 운용사·공식 출처 URL 존재; 자산군·투자대상 추출(주식/미국 미확인 주식전략),가능,직접 비교에 필요한 주식 전략·투자대상 미확인; 세부 투자대상 또는 만기·구성비율 미확인
KR7277630000,277630,TIGER 코스피,코스피,주식,국내,기타특수구조,미확인 주식전략,국내 미확인 주식전략,미확인-주식전략-국내-미확인-주식전략-46eed209b8,passive,plain,neutral,1X,unhedged_or_not_applicable,physical_or_unspecified,unknown,PG-PENDING-277630-52646392be,,classified_derived,기초지수 명시; 운용사·공식 출처 URL 존재; 자산군·투자대상 추출(주식/국내 미확인 주식전략),가능,직접 비교에 필요한 주식 전략·투자대상 미확인; 세부 투자대상 또는 만기·구성비율 미확인
KR7277640009,277640,TIGER 코스피대형주,코스피 대형주,주식,국내,규모,시가총액,국내 시가총액,시가총액-국내-시가총액-38d7e2985f,passive,plain,neutral,1X,unhedged_or_not_applicable,physical_or_unspecified,unknown,PG-주식-국내-규모-시가총액-국내-시가총액-시가총액-국내-시가총액-3-5397a04ffb,,verified_official,기초지수 명시; 운용사·공식 출처 URL 존재; 자산군·투자대상 추출(주식/국내 시가총액),가능,
KR7277650008,277650,TIGER 코스피중형주,코스피 중형주,주식,국내,기타특수구조,미확인 주식전략,국내 미확인 주식전략,미확인-주식전략-국내-미확인-주식전략-46eed209b8,passive,plain,neutral,1X,unhedged_or_not_applicable,physical_or_unspecified,unknown,PG-PENDING-277650-e7e4d4f55b,,classified_derived,기초지수 명시; 운용사·공식 출처 URL 존재; 자산군·투자대상 추출(주식/국내 미확인 주식전략),가능,직접 비교에 필요한 주식 전략·투자대상 미확인; 세부 투자대상 또는 만기·구성비율 미확인
KR7278240007,278240,RISE 코스닥150선물레버리지,F-코스닥150 지수,주식,국내,기타특수구조,미확인 주식전략,국내 미확인 주식전략,미확인-주식전략-국내-미확인-주식전략-46eed209b8,leveraged,leveraged,long,2X,unhedged_or_not_applicable,physical_or_unspecified,unknown,PG-PENDING-278240-b9f2400c1d,,classified_derived,기초지수 명시; 운용사·공식 출처 URL 존재; 상품명 구조표시(leveraged); 자산군·투자대상 추출(주식/국내 미확인 주식전략),불가,직접 비교에 필요한 주식 전략·투자대상 미확인; 세부 투자대상 또는 만기·구성비율 미확인
KR7278530001,278530,KODEX 200TR,코스피 200 TR,주식,국내,대표지수,코스피 200 코어,국내 코스피200,KOSPI200,passive,plain,neutral,1X,unhedged_or_not_applicable,physical_or_unspecified,broad,PG-주식-국내-대표지수-코스피200-국내-코스피200-KOSPI200-b519363da3,,verified_official,기초지수 명시; 운용사·공식 출처 URL 존재; 자산군·투자대상 추출(주식/국내 미확인 주식전략),가능,직접 비교에 필요한 주식 전략·투자대상 미확인; 세부 투자대상 또는 만기·구성비율 미확인
KR7278540000,278540,KODEX MSCI Korea TR,MSCI Korea TR Index,주식,국내,기타특수구조,미확인 주식전략,국내 미확인 주식전략,미확인-주식전략-국내-미확인-주식전략-46eed209b8,passive,plain,neutral,1X,unhedged_or_not_applicable,physical_or_unspecified,unknown,PG-PENDING-278540-166d11f539,,classified_derived,기초지수 명시; 운용사·공식 출처 URL 존재; 자산군·투자대상 추출(주식/국내 미확인 주식전략),가능,직접 비교에 필요한 주식 전략·투자대상 미확인; 세부 투자대상 또는 만기·구성비율 미확인
KR7278620000,278620,PLUS 단기채권액티브,"KAP 투자적격 크레딧 채권 1년 지수(A- 이상,총수익)",채권,국내,채권,국내 단기·초단기채,국내 채권 초단기 등급미확인,BOND_국내-채권-초단기-등급미확인-2cd6864612,active,bond_coupon,neutral,1X,unhedged_or_not_applicable,active,unknown,PG-PENDING-278620-d87f6a5db0,,classified_derived,기초지수 명시; 운용사·공식 출처 URL 존재; 자산군·투자대상 추출(채권/국내 채권 초단기 등급미확인),가능,세부 투자대상 또는 만기·구성비율 미확인
KR7279530000,279530,KODEX 고배당주,FnGuide 고배당 Plus 지수,주식,국내,배당·주주환원,고배당 & 인컴 전략,국내 고배당,고배당-국내-고배당-2325fcd2e0,passive,plain,neutral,1X,unhedged_or_not_applicable,physical_or_unspecified,unknown,PG-주식-국내-배당-주주환원-고배당-국내-고배당-고배당-국내-고배당--dd861c8cd4,,verified_official,기초지수 명시; 운용사·공식 출처 URL 존재; 자산군·투자대상 추출(주식/국내 고배당),가능,
KR7279540009,279540,KODEX 최소변동성,KRX 최소변동성지수,주식,국내,기타특수구조,미확인 주식전략,국내 미확인 주식전략,미확인-주식전략-국내-미확인-주식전략-46eed209b8,passive,plain,neutral,1X,unhedged_or_not_applicable,physical_or_unspecified,unknown,PG-PENDING-279540-6332346fa4,,classified_derived,기초지수 명시; 운용사·공식 출처 URL 존재; 자산군·투자대상 추출(주식/국내 미확인 주식전략),가능,직접 비교에 필요한 주식 전략·투자대상 미확인; 세부 투자대상 또는 만기·구성비율 미확인
KR7280320003,280320,ACE 미국IT인터넷(합성 H),다우존스 인터넷 종합지수,주식,미국,기타특수구조,미확인 주식전략,미국 미확인 주식전략,미확인-주식전략-미국-미확인-주식전략-bf6afc4d9f,passive,plain,neutral,1X,hedged,synthetic,unknown,PG-PENDING-280320-bf4289d1fb,,classified_derived,기초지수 명시; 운용사·공식 출처 URL 존재; 자산군·투자대상 추출(주식/미국 미확인 주식전략),가능,직접 비교에 필요한 주식 전략·투자대상 미확인; 세부 투자대상 또는 만기·구성비율 미확인
KR7280920000,280920,PLUS 주도업종,FnGuide 주도업종 지수,주식,국내,기타특수구조,미확인 주식전략,국내 미확인 주식전략,미확인-주식전략-국내-미확인-주식전략-46eed209b8,passive,plain,neutral,1X,unhedged_or_not_applicable,physical_or_unspecified,unknown,PG-PENDING-280920-31eed54230,,classified_derived,기초지수 명시; 운용사·공식 출처 URL 존재; 자산군·투자대상 추출(주식/국내 미확인 주식전략),가능,직접 비교에 필요한 주식 전략·투자대상 미확인; 세부 투자대상 또는 만기·구성비율 미확인
KR7280930009,280930,KODEX 미국러셀2000(H),FTSE Russell 2000 Index,주식,미국,기타특수구조,미확인 주식전략,미국 미확인 주식전략,미확인-주식전략-미국-미확인-주식전략-bf6afc4d9f,passive,plain,neutral,1X,hedged,physical_or_unspecified,broad,PG-PENDING-280930-fad11fd31a,,classified_derived,기초지수 명시; 운용사·공식 출처 URL 존재; 자산군·투자대상 추출(주식/미국 미확인 주식전략),불가,직접 비교에 필요한 주식 전략·투자대상 미확인; 세부 투자대상 또는 만기·구성비율 미확인
KR7280940008,280940,KODEX 골드선물인버스(H),S&P GSCI GOLD Index Excess Return,원자재,미국,원자재,귀금속 (금·은·팔라듐),금 futures,COMMODITY_금-FUTURES-0733949e87,inverse,futures,short,1X,hedged,physical_or_unspecified,unknown,PG-원자재-해당없음-원자재-금-금-FUTURES-COMMODITY-금-54aea06eac,,verified_official,기초지수 명시; 운용사·공식 출처 URL 존재; 상품명 구조표시(inverse); 자산군·투자대상 추출(원자재/금 futures),불가,
KR7281990002,281990,RISE 중소형고배당,FnGuide 중소형고배당포커스 지수,주식,국내,배당·주주환원,고배당 & 인컴 전략,국내 고배당,고배당-국내-고배당-2325fcd2e0,passive,plain,neutral,1X,unhedged_or_not_applicable,physical_or_unspecified,unknown,PG-주식-국내-배당-주주환원-고배당-국내-고배당-고배당-국내-고배당--dd861c8cd4,,verified_official,기초지수 명시; 운용사·공식 출처 URL 존재; 자산군·투자대상 추출(주식/국내 고배당),가능,
KR7282000009,282000,RISE 국고채3년선물인버스,국채선물지수,채권,국내,채권,국내 단기·초단기채,국내 국채 단기 등급미확인,BOND_국내-국채-단기-등급미확인-bddf0c67db,inverse,bond_coupon,short,1X,unhedged_or_not_applicable,physical_or_unspecified,unknown,PG-PENDING-282000-ee9e970f9c,,classified_derived,기초지수 명시; 운용사·공식 출처 URL 존재; 상품명 구조표시(inverse); 자산군·투자대상 추출(채권/국내 국채 단기 등급미확인),불가,세부 투자대상 또는 만기·구성비율 미확인
KR7283580009,283580,KODEX 차이나CSI300,CSI 300 Index,주식,중국,기타특수구조,미확인 주식전략,중국 미확인 주식전략,미확인-주식전략-중국-미확인-주식전략-526c3d6249,passive,plain,neutral,1X,unhedged,physical_or_unspecified,unknown,PG-PENDING-283580-eb6e405d6e,,classified_derived,기초지수 명시; 운용사·공식 출처 URL 존재; 자산군·투자대상 추출(주식/중국 미확인 주식전략),가능,직접 비교에 필요한 주식 전략·투자대상 미확인; 세부 투자대상 또는 만기·구성비율 미확인
KR7284430006,284430,KODEX 200미국채혼합50,코스피 200 미국채 혼합지수,혼합자산,국내,혼합자산,자산배분 & 채권혼합,시장대표 채권혼합,BOND_국내-국채-만기미확인-등급미확인-bf9416de66,passive,mixed_asset,neutral,1X,unhedged,physical_or_unspecified,broad,PG-PENDING-284430-7339939cca,,classified_derived,기초지수 명시; 운용사·공식 출처 URL 존재; 자산군·투자대상 추출(채권/국내 국채 만기미확인 등급미확인),가능,세부 투자대상 또는 만기·구성비율 미확인
KR7284980000,284980,RISE 200금융,코스피 200 금융,주식,국내,산업·섹터,밸류업 & 금융지주·은행,국내 금융·은행·증권·보험,금융-은행-증권-보험-국내-금융-은행-증권-보험-85a36c5547,passive,plain,neutral,1X,unhedged_or_not_applicable,physical_or_unspecified,broad,PG-주식-국내-산업-섹터-금융-은행-증권-보험-국내-금융-은행-증권--955a0a4988,,verified_official,기초지수 명시; 운용사·공식 출처 URL 존재; 자산군·투자대상 추출(주식/국내 금융·은행·증권·보험),가능,
KR7285690004,285690,FOCUS ESG리더스,KRX ESG Leaders 150,주식,국내,기타특수구조,미확인 주식전략,국내 미확인 주식전략,미확인-주식전략-국내-미확인-주식전략-46eed209b8,passive,plain,neutral,1X,unhedged_or_not_applicable,physical_or_unspecified,unknown,PG-PENDING-285690-ade49e361c,,classified_derived,기초지수 명시; 자산군·투자대상 추출(주식/국내 미확인 주식전략),,직접 비교에 필요한 주식 전략·투자대상 미확인; 세부 투자대상 또는 만기·구성비율 미확인
KR7287180004,287180,PLUS 미국나스닥테크,NASDAQ 100 Technology Sector Index,주식,미국,대표지수,IT·반도체,미국 나스닥100,NASDAQ100,passive,plain,neutral,1X,unhedged,physical_or_unspecified,broad,PG-주식-미국-대표지수-나스닥100-미국-나스닥100-NASDAQ10-07ea923e6f,,verified_official,기초지수 명시; 운용사·공식 출처 URL 존재; 자산군·투자대상 추출(주식/미국 나스닥100),가능,
KR7289040008,289040,KODEX MSCI KOREA ESG유니버설,MSCI Korea ESG Universal Capped Index,주식,국내,기타특수구조,미확인 주식전략,국내 미확인 주식전략,미확인-주식전략-국내-미확인-주식전략-46eed209b8,passive,plain,neutral,1X,unhedged_or_not_applicable,physical_or_unspecified,unknown,PG-PENDING-289040-3f13cde315,,classified_derived,기초지수 명시; 운용사·공식 출처 URL 존재; 자산군·투자대상 추출(주식/국내 미확인 주식전략),가능,직접 비교에 필요한 주식 전략·투자대상 미확인; 세부 투자대상 또는 만기·구성비율 미확인
KR7289250003,289250,TIGER MSCI KOREA ESG유니버설,MSCI Korea ESG Universal Index,주식,국내,기타특수구조,미확인 주식전략,국내 미확인 주식전략,미확인-주식전략-국내-미확인-주식전략-46eed209b8,passive,plain,neutral,1X,unhedged_or_not_applicable,physical_or_unspecified,unknown,PG-PENDING-289250-b0144557b3,,classified_derived,기초지수 명시; 운용사·공식 출처 URL 존재; 자산군·투자대상 추출(주식/국내 미확인 주식전략),가능,직접 비교에 필요한 주식 전략·투자대상 미확인; 세부 투자대상 또는 만기·구성비율 미확인
KR7289260002,289260,TIGER MSCI KOREA ESG리더스,MSCI Korea Country ESG Leaders Capped Index,주식,국내,기타특수구조,미확인 주식전략,국내 미확인 주식전략,미확인-주식전략-국내-미확인-주식전략-46eed209b8,passive,plain,neutral,1X,unhedged_or_not_applicable,physical_or_unspecified,unknown,PG-PENDING-289260-ab88791efa,,classified_derived,기초지수 명시; 운용사·공식 출처 URL 존재; 자산군·투자대상 추출(주식/국내 미확인 주식전략),가능,직접 비교에 필요한 주식 전략·투자대상 미확인; 세부 투자대상 또는 만기·구성비율 미확인
KR7289480006,289480,TIGER 200커버드콜,코스피 200 커버드콜 ATM 지수,주식,국내,기타특수구조,국내 월배당 & 커버드콜,국내 미확인 주식전략,미확인-주식전략-국내-미확인-주식전략-46eed209b8,covered_call,covered_call,neutral,1X,unhedged_or_not_applicable,physical_or_unspecified,broad,PG-PENDING-289480-83d19f8d0f,,classified_derived,기초지수 명시; 운용사·공식 출처 URL 존재; 상품명 구조표시(covered_call); 자산군·투자대상 추출(주식/국내 미확인 주식전략),가능,직접 비교에 필요한 주식 전략·투자대상 미확인; 세부 투자대상 또는 만기·구성비율 미확인
KR7289670002,289670,PLUS 국채선물10년,10년국채선물지수,채권,국내,채권,국내 장기국채,국내 국채 장기 등급미확인,BOND_국내-국채-장기-등급미확인-46cc7d575b,passive,bond_coupon,neutral,1X,unhedged_or_not_applicable,physical_or_unspecified,unknown,PG-PENDING-289670-a6f6c7a1d4,,classified_derived,기초지수 명시; 운용사·공식 출처 URL 존재; 자산군·투자대상 추출(채권/국내 국채 장기 등급미확인),불가,세부 투자대상 또는 만기·구성비율 미확인
KR7290080001,290080,RISE 200고배당커버드콜ATM,코스피 200 고배당커버드콜 ATM 지수(시장가격지수),주식,국내,배당·주주환원,국내 월배당 & 커버드콜,국내 고배당,고배당-국내-고배당-2325fcd2e0,covered_call,covered_call,neutral,1X,unhedged_or_not_applicable,physical_or_unspecified,broad,PG-주식-국내-배당-주주환원-고배당-국내-고배당-고배당-국내-고배당--572ba3d36c,,verified_official,기초지수 명시; 운용사·공식 출처 URL 존재; 상품명 구조표시(covered_call); 자산군·투자대상 추출(주식/국내 고배당),가능,
KR7290130004,290130,RISE ESG사회책임투자,KRX ESG 사회책임경영지수(S),주식,국내,기타특수구조,미확인 주식전략,국내 미확인 주식전략,미확인-주식전략-국내-미확인-주식전략-46eed209b8,passive,plain,neutral,1X,unhedged_or_not_applicable,physical_or_unspecified,unknown,PG-PENDING-290130-771d61931d,,classified_derived,기초지수 명시; 운용사·공식 출처 URL 존재; 자산군·투자대상 추출(주식/국내 미확인 주식전략),가능,직접 비교에 필요한 주식 전략·투자대상 미확인; 세부 투자대상 또는 만기·구성비율 미확인
KR7291130003,291130,ACE MSCI멕시코(합성),MSCI MEXICO IMI 25/50 Price return Index,주식,기타국가,기타특수구조,미확인 주식전략,기타국가 미확인 주식전략,미확인-주식전략-기타국가-미확인-주식전략-cd16f2b14c,passive,plain,neutral,1X,unhedged,synthetic,unknown,PG-PENDING-291130-686a96704c,,classified_derived,기초지수 명시; 운용사·공식 출처 URL 존재; 자산군·투자대상 추출(주식/기타국가 미확인 주식전략),가능,직접 비교에 필요한 주식 전략·투자대상 미확인; 세부 투자대상 또는 만기·구성비율 미확인
KR7291620003,291620,KIWOOM 코스닥150선물인버스,F-코스닥150 지수,주식,국내,기타특수구조,미확인 주식전략,국내 미확인 주식전략,미확인-주식전략-국내-미확인-주식전략-46eed209b8,inverse,inverse,short,1X,unhedged_or_not_applicable,physical_or_unspecified,unknown,PG-PENDING-291620-30ab1d1995,,classified_derived,기초지수 명시; 운용사·공식 출처 URL 존재; 상품명 구조표시(inverse); 자산군·투자대상 추출(주식/국내 미확인 주식전략),불가,직접 비교에 필요한 주식 전략·투자대상 미확인; 세부 투자대상 또는 만기·구성비율 미확인
KR7291630002,291630,KIWOOM 코스닥150선물레버리지,F-코스닥150 지수,주식,국내,기타특수구조,미확인 주식전략,국내 미확인 주식전략,미확인-주식전략-국내-미확인-주식전략-46eed209b8,leveraged,leveraged,long,2X,unhedged_or_not_applicable,physical_or_unspecified,unknown,PG-PENDING-291630-c448a94915,,classified_derived,기초지수 명시; 운용사·공식 출처 URL 존재; 상품명 구조표시(leveraged); 자산군·투자대상 추출(주식/국내 미확인 주식전략),불가,직접 비교에 필요한 주식 전략·투자대상 미확인; 세부 투자대상 또는 만기·구성비율 미확인
KR7291680007,291680,RISE 차이나H선물인버스(H),Hang Seng China Enterprises Futures Index(Price Return),주식,중국,기타특수구조,미확인 주식전략,중국 미확인 주식전략,미확인-주식전략-중국-미확인-주식전략-526c3d6249,inverse,inverse,short,1X,hedged,physical_or_unspecified,unknown,PG-PENDING-291680-6e1c02be40,,classified_derived,기초지수 명시; 운용사·공식 출처 URL 존재; 상품명 구조표시(inverse); 자산군·투자대상 추출(주식/중국 미확인 주식전략),불가,직접 비교에 필요한 주식 전략·투자대상 미확인; 세부 투자대상 또는 만기·구성비율 미확인
KR7291890002,291890,KODEX MSCI EM선물(H),iEdge Emerging Markets Futures Index(ER),주식,글로벌,기타특수구조,미확인 주식전략,글로벌 미확인 주식전략,미확인-주식전략-글로벌-미확인-주식전략-d0f070a455,passive,plain,neutral,1X,hedged,physical_or_unspecified,unknown,PG-PENDING-291890-c33ed9da0d,,classified_derived,기초지수 명시; 운용사·공식 출처 URL 존재; 자산군·투자대상 추출(주식/글로벌 미확인 주식전략),불가,직접 비교에 필요한 주식 전략·투자대상 미확인; 세부 투자대상 또는 만기·구성비율 미확인
KR7292050002,292050,RISE KRX300,KRX 300,주식,국내,기타특수구조,미확인 주식전략,국내 미확인 주식전략,KRX300,passive,plain,neutral,1X,unhedged_or_not_applicable,physical_or_unspecified,unknown,PG-PENDING-292050-c1b0df0236,,classified_derived,기초지수 명시; 운용사·공식 출처 URL 존재; 자산군·투자대상 추출(주식/국내 미확인 주식전략),가능,직접 비교에 필요한 주식 전략·투자대상 미확인; 세부 투자대상 또는 만기·구성비율 미확인
KR7292150000,292150,TIGER 코리아TOP10,FnGuide TOP10 지수,주식,국내,기타특수구조,미확인 주식전략,국내 미확인 주식전략,미확인-주식전략-국내-미확인-주식전략-46eed209b8,passive,plain,neutral,1X,unhedged_or_not_applicable,physical_or_unspecified,concentrated,PG-PENDING-292150-60f7aeeccd,,classified_derived,기초지수 명시; 운용사·공식 출처 URL 존재; 자산군·투자대상 추출(주식/국내 미확인 주식전략),가능,직접 비교에 필요한 주식 전략·투자대상 미확인; 세부 투자대상 또는 만기·구성비율 미확인
KR7292160009,292160,TIGER KRX300,KRX 300,주식,국내,기타특수구조,미확인 주식전략,국내 미확인 주식전략,KRX300,passive,plain,neutral,1X,unhedged_or_not_applicable,physical_or_unspecified,unknown,PG-PENDING-292160-2ef911c079,,classified_derived,기초지수 명시; 운용사·공식 출처 URL 존재; 자산군·투자대상 추출(주식/국내 미확인 주식전략),가능,직접 비교에 필요한 주식 전략·투자대상 미확인; 세부 투자대상 또는 만기·구성비율 미확인
KR7292190006,292190,KODEX KRX300,KRX 300,주식,국내,기타특수구조,미확인 주식전략,국내 미확인 주식전략,KRX300,passive,plain,neutral,1X,unhedged_or_not_applicable,physical_or_unspecified,unknown,PG-PENDING-292190-29374ed31c,,classified_derived,기초지수 명시; 운용사·공식 출처 URL 존재; 자산군·투자대상 추출(주식/국내 미확인 주식전략),가능,직접 비교에 필요한 주식 전략·투자대상 미확인; 세부 투자대상 또는 만기·구성비율 미확인
KR7292500006,292500,SOL KRX300,KRX 300,주식,국내,기타특수구조,미확인 주식전략,국내 미확인 주식전략,KRX300,passive,plain,neutral,1X,unhedged_or_not_applicable,physical_or_unspecified,unknown,PG-PENDING-292500-2a5cd87689,,classified_derived,기초지수 명시; 운용사·공식 출처 URL 존재; 자산군·투자대상 추출(주식/국내 미확인 주식전략),가능,직접 비교에 필요한 주식 전략·투자대상 미확인; 세부 투자대상 또는 만기·구성비율 미확인
KR7292560000,292560,TIGER 일본엔선물,엔선물지수,금리·파킹,일본,금리·파킹,금리·파킹,초단기 금리,RATE_초단기-금리-70f35d000d,passive,rate_return,neutral,1X,unhedged,physical_or_unspecified,unknown,PG-금리-파킹-해당없음-금리-파킹-금리-파킹-초단기-금리-RATE-초-58f4b66988,,verified_official,기초지수 명시; 운용사·공식 출처 URL 존재; 자산군·투자대상 추출(금리·파킹/초단기 금리),불가,
KR7292770005,292770,KODEX 국채선물3년인버스,국채선물지수,채권,국내,채권,국내 장기국채,국내 국채 단기 등급미확인,BOND_국내-국채-단기-등급미확인-bddf0c67db,inverse,bond_coupon,short,1X,unhedged_or_not_applicable,physical_or_unspecified,unknown,PG-PENDING-292770-db1a4a3877,,classified_derived,기초지수 명시; 운용사·공식 출처 URL 존재; 상품명 구조표시(inverse); 자산군·투자대상 추출(채권/국내 국채 단기 등급미확인),불가,세부 투자대상 또는 만기·구성비율 미확인
KR7293180006,293180,HANARO 200,코스피 200,주식,국내,대표지수,코스피 200 코어,국내 코스피200,KOSPI200,passive,plain,neutral,1X,unhedged_or_not_applicable,physical_or_unspecified,broad,PG-주식-국내-대표지수-코스피200-국내-코스피200-KOSPI200-b519363da3,,verified_official,기초지수 명시; 운용사·공식 출처 URL 존재; 자산군·투자대상 추출(주식/국내 미확인 주식전략),가능,직접 비교에 필요한 주식 전략·투자대상 미확인; 세부 투자대상 또는 만기·구성비율 미확인
KR7294400007,294400,KIWOOM 200TR,코스피 200 TR,주식,국내,대표지수,코스피 200 코어,국내 코스피200,KOSPI200,passive,plain,neutral,1X,unhedged_or_not_applicable,physical_or_unspecified,broad,PG-주식-국내-대표지수-코스피200-국내-코스피200-KOSPI200-b519363da3,,verified_official,기초지수 명시; 운용사·공식 출처 URL 존재; 자산군·투자대상 추출(주식/국내 미확인 주식전략),가능,직접 비교에 필요한 주식 전략·투자대상 미확인; 세부 투자대상 또는 만기·구성비율 미확인
KR7295000004,295000,RISE 국채선물10년,10년국채선물지수,채권,국내,채권,국내 장기국채,국내 국채 장기 등급미확인,BOND_국내-국채-장기-등급미확인-46cc7d575b,passive,bond_coupon,neutral,1X,unhedged_or_not_applicable,physical_or_unspecified,unknown,PG-PENDING-295000-3fdea13d38,,classified_derived,기초지수 명시; 운용사·공식 출처 URL 존재; 자산군·투자대상 추출(채권/국내 국채 장기 등급미확인),불가,세부 투자대상 또는 만기·구성비율 미확인
KR7295020002,295020,RISE 국채선물10년인버스,10년국채선물지수,채권,국내,채권,국내 장기국채,국내 국채 장기 등급미확인,BOND_국내-국채-장기-등급미확인-46cc7d575b,inverse,bond_coupon,short,1X,unhedged_or_not_applicable,physical_or_unspecified,unknown,PG-PENDING-295020-feb14fee72,,classified_derived,기초지수 명시; 운용사·공식 출처 URL 존재; 상품명 구조표시(inverse); 자산군·투자대상 추출(채권/국내 국채 장기 등급미확인),불가,세부 투자대상 또는 만기·구성비율 미확인
KR7295040000,295040,SOL 200TR,코스피 200 TR,주식,국내,대표지수,코스피 200 코어,국내 코스피200,KOSPI200,passive,plain,neutral,1X,unhedged_or_not_applicable,physical_or_unspecified,broad,PG-주식-국내-대표지수-코스피200-국내-코스피200-KOSPI200-b519363da3,,verified_official,기초지수 명시; 운용사·공식 출처 URL 존재; 자산군·투자대상 추출(주식/국내 미확인 주식전략),가능,직접 비교에 필요한 주식 전략·투자대상 미확인; 세부 투자대상 또는 만기·구성비율 미확인
KR7298340001,298340,PLUS 국채선물3년,국채선물지수,채권,국내,채권,국내 장기국채,국내 국채 단기 등급미확인,BOND_국내-국채-단기-등급미확인-bddf0c67db,passive,bond_coupon,neutral,1X,unhedged_or_not_applicable,physical_or_unspecified,unknown,PG-PENDING-298340-2aa9457e78,,classified_derived,기초지수 명시; 운용사·공식 출처 URL 존재; 자산군·투자대상 추출(채권/국내 국채 단기 등급미확인),가능,세부 투자대상 또는 만기·구성비율 미확인
KR7298770009,298770,KODEX 한국대만IT프리미어,한국 대만 IT 프리미어지수,주식,국내,기타특수구조,미확인 주식전략,국내 미확인 주식전략,미확인-주식전략-국내-미확인-주식전략-46eed209b8,passive,plain,neutral,1X,unhedged,physical_or_unspecified,unknown,PG-PENDING-298770-c93d006966,,classified_derived,기초지수 명시; 운용사·공식 출처 URL 존재; 자산군·투자대상 추출(주식/국내 미확인 주식전략),가능,직접 비교에 필요한 주식 전략·투자대상 미확인; 세부 투자대상 또는 만기·구성비율 미확인
KR7300610003,300610,TIGER K게임,WISE K게임 테마 지수,주식,국내,산업·섹터,K-엔터 & 미디어·게임,국내 미디어·게임·엔터테인먼트,미디어-게임-엔터테인먼트-국내-미디어-게임-엔터테인먼트-0ac91da332,passive,plain,neutral,1X,unhedged_or_not_applicable,physical_or_unspecified,unknown,PG-주식-국내-산업-섹터-미디어-게임-엔터테인먼트-국내-미디어-게임--48c79cc9a6,,verified_official,기초지수 명시; 운용사·공식 출처 URL 존재; 자산군·투자대상 추출(주식/국내 미디어·게임·엔터테인먼트),가능,
KR7300640000,300640,RISE 게임테마,WISE 게임 테마 지수 (시장가격지수),주식,국내,산업·섹터,K-엔터 & 미디어·게임,국내 미디어·게임·엔터테인먼트,미디어-게임-엔터테인먼트-국내-미디어-게임-엔터테인먼트-0ac91da332,passive,plain,neutral,1X,unhedged_or_not_applicable,physical_or_unspecified,unknown,PG-주식-국내-산업-섹터-미디어-게임-엔터테인먼트-국내-미디어-게임--48c79cc9a6,,verified_official,기초지수 명시; 운용사·공식 출처 URL 존재; 자산군·투자대상 추출(주식/국내 미디어·게임·엔터테인먼트),가능,
KR7300950003,300950,KODEX 게임산업,FnGuide 게임 산업 지수,주식,국내,산업·섹터,K-엔터 & 미디어·게임,국내 미디어·게임·엔터테인먼트,미디어-게임-엔터테인먼트-국내-미디어-게임-엔터테인먼트-0ac91da332,passive,plain,neutral,1X,unhedged_or_not_applicable,physical_or_unspecified,unknown,PG-주식-국내-산업-섹터-미디어-게임-엔터테인먼트-국내-미디어-게임--48c79cc9a6,,verified_official,기초지수 명시; 운용사·공식 출처 URL 존재; 자산군·투자대상 추출(주식/국내 미디어·게임·엔터테인먼트),가능,
KR7301400008,301400,PLUS 코스닥150,코스닥 150,주식,국내,기타특수구조,미확인 주식전략,국내 미확인 주식전략,미확인-주식전략-국내-미확인-주식전략-46eed209b8,passive,plain,neutral,1X,unhedged_or_not_applicable,physical_or_unspecified,unknown,PG-PENDING-301400-3541abccf9,,classified_derived,기초지수 명시; 운용사·공식 출처 URL 존재; 자산군·투자대상 추출(주식/국내 미확인 주식전략),가능,직접 비교에 필요한 주식 전략·투자대상 미확인; 세부 투자대상 또는 만기·구성비율 미확인
KR7302190004,302190,TIGER 중장기국채,KIS 국채 3-10년 지수(시장가격지수),채권,국내,채권,국내 장기국채,국내 국채 장기 등급미확인,BOND_국내-국채-장기-등급미확인-46cc7d575b,passive,bond_coupon,neutral,1X,unhedged_or_not_applicable,physical_or_unspecified,unknown,PG-PENDING-302190-97df717d82,,classified_derived,기초지수 명시; 운용사·공식 출처 URL 존재; 자산군·투자대상 추출(채권/국내 국채 장기 등급미확인),가능,세부 투자대상 또는 만기·구성비율 미확인
KR7302450002,302450,RISE 코스피,코스피,주식,국내,기타특수구조,미확인 주식전략,국내 미확인 주식전략,미확인-주식전략-국내-미확인-주식전략-46eed209b8,passive,plain,neutral,1X,unhedged_or_not_applicable,physical_or_unspecified,unknown,PG-PENDING-302450-4dbc4662e0,,classified_derived,기초지수 명시; 운용사·공식 출처 URL 존재; 자산군·투자대상 추출(주식/국내 미확인 주식전략),가능,직접 비교에 필요한 주식 전략·투자대상 미확인; 세부 투자대상 또는 만기·구성비율 미확인
KR7304660004,304660,KODEX 미국30년국채울트라선물(H),S&P Ultra T-Bond Futures Index(ER),채권,미국,채권,미국 장기국채,미국 국채 장기 등급미확인,BOND_미국-국채-장기-등급미확인-047cbda7f5,passive,bond_coupon,neutral,1X,hedged,physical_or_unspecified,unknown,PG-PENDING-304660-4d0115ae78,,classified_derived,기초지수 명시; 운용사·공식 출처 URL 존재; 자산군·투자대상 추출(채권/미국 국채 장기 등급미확인),불가,세부 투자대상 또는 만기·구성비율 미확인
KR7304670003,304670,KODEX 미국30년국채울트라선물인버스(H),S&P Ultra T-Bond Futures Index(ER),채권,미국,채권,미국 장기국채,미국 국채 장기 등급미확인,BOND_미국-국채-장기-등급미확인-047cbda7f5,inverse,bond_coupon,short,1X,hedged,physical_or_unspecified,unknown,PG-PENDING-304670-1d861b3507,,classified_derived,기초지수 명시; 운용사·공식 출처 URL 존재; 상품명 구조표시(inverse); 자산군·투자대상 추출(채권/미국 국채 장기 등급미확인),불가,세부 투자대상 또는 만기·구성비율 미확인
KR7304760002,304760,HANARO KRX300,KRX 300,주식,국내,기타특수구조,미확인 주식전략,국내 미확인 주식전략,KRX300,passive,plain,neutral,1X,unhedged_or_not_applicable,physical_or_unspecified,unknown,PG-PENDING-304760-71bb4c12cb,,classified_derived,기초지수 명시; 운용사·공식 출처 URL 존재; 자산군·투자대상 추출(주식/국내 미확인 주식전략),가능,직접 비교에 필요한 주식 전략·투자대상 미확인; 세부 투자대상 또는 만기·구성비율 미확인
KR7304770001,304770,HANARO 코스닥150,코스닥 150,주식,국내,기타특수구조,미확인 주식전략,국내 미확인 주식전략,미확인-주식전략-국내-미확인-주식전략-46eed209b8,passive,plain,neutral,1X,unhedged_or_not_applicable,physical_or_unspecified,unknown,PG-PENDING-304770-cda1f0640a,,classified_derived,기초지수 명시; 운용사·공식 출처 URL 존재; 자산군·투자대상 추출(주식/국내 미확인 주식전략),가능,직접 비교에 필요한 주식 전략·투자대상 미확인; 세부 투자대상 또는 만기·구성비율 미확인
KR7304780000,304780,HANARO 200선물레버리지,코스피 200 선물지수,주식,국내,기타특수구조,미확인 주식전략,국내 미확인 주식전략,미확인-주식전략-국내-미확인-주식전략-46eed209b8,leveraged,leveraged,long,2X,unhedged_or_not_applicable,physical_or_unspecified,broad,PG-PENDING-304780-52d915d974,,classified_derived,기초지수 명시; 운용사·공식 출처 URL 존재; 상품명 구조표시(leveraged); 자산군·투자대상 추출(주식/국내 미확인 주식전략),불가,직접 비교에 필요한 주식 전략·투자대상 미확인; 세부 투자대상 또는 만기·구성비율 미확인
KR7304940000,304940,KODEX 미국나스닥100선물(H),NASDAQ 100,주식,미국,대표지수,나스닥 100 코어,미국 나스닥100,NASDAQ100,passive,plain,neutral,1X,hedged,physical_or_unspecified,broad,PG-주식-미국-대표지수-나스닥100-미국-나스닥100-NASDAQ10-07ea923e6f,,verified_official,기초지수 명시; 운용사·공식 출처 URL 존재; 자산군·투자대상 추출(주식/미국 나스닥100),불가,
KR7305050007,305050,ACE 코스피,코스피,주식,국내,기타특수구조,미확인 주식전략,국내 미확인 주식전략,미확인-주식전략-국내-미확인-주식전략-46eed209b8,passive,plain,neutral,1X,unhedged_or_not_applicable,physical_or_unspecified,unknown,PG-PENDING-305050-70969672fe,,classified_derived,기초지수 명시; 운용사·공식 출처 URL 존재; 자산군·투자대상 추출(주식/국내 미확인 주식전략),가능,직접 비교에 필요한 주식 전략·투자대상 미확인; 세부 투자대상 또는 만기·구성비율 미확인
KR7305080004,305080,TIGER 미국채10년선물,S&P 10-Year U.S. Treasury Note Futures(ER),채권,미국,채권,미국 장기국채,미국 국채 장기 등급미확인,BOND_미국-국채-장기-등급미확인-047cbda7f5,passive,bond_coupon,neutral,1X,unhedged,physical_or_unspecified,unknown,PG-PENDING-305080-72c74c2c95,,classified_derived,기초지수 명시; 운용사·공식 출처 URL 존재; 자산군·투자대상 추출(채권/미국 국채 장기 등급미확인),불가,세부 투자대상 또는 만기·구성비율 미확인
KR7305540007,305540,TIGER 2차전지테마,WISE 2차전지 테마 지수,주식,국내,산업·섹터,2차전지 셀 & 소재,국내 2차전지·배터리 소재,2차전지-배터리-소재-국내-2차전지-배터리-소재-1367e96ce1,passive,plain,neutral,1X,unhedged_or_not_applicable,physical_or_unspecified,unknown,PG-주식-국내-산업-섹터-2차전지-배터리-소재-국내-2차전지-배터리--0cc60d36d9,,verified_official,기초지수 명시; 운용사·공식 출처 URL 존재; 자산군·투자대상 추출(주식/국내 2차전지·배터리 소재),가능,
KR7305720005,305720,KODEX 2차전지산업,FnGuide 2차전지 산업 지수,주식,국내,산업·섹터,2차전지 셀 & 소재,국내 2차전지·배터리 소재,2차전지-배터리-소재-국내-2차전지-배터리-소재-1367e96ce1,passive,plain,neutral,1X,unhedged_or_not_applicable,physical_or_unspecified,unknown,PG-주식-국내-산업-섹터-2차전지-배터리-소재-국내-2차전지-배터리--0cc60d36d9,,verified_official,기초지수 명시; 운용사·공식 출처 URL 존재; 자산군·투자대상 추출(주식/국내 2차전지·배터리 소재),가능,
KR7306520008,306520,HANARO 200선물인버스,코스피 200 선물지수,주식,국내,기타특수구조,미확인 주식전략,국내 미확인 주식전략,미확인-주식전략-국내-미확인-주식전략-46eed209b8,inverse,inverse,short,1X,unhedged_or_not_applicable,physical_or_unspecified,broad,PG-PENDING-306520-1a4621c30c,,classified_derived,기초지수 명시; 운용사·공식 출처 URL 존재; 상품명 구조표시(inverse); 자산군·투자대상 추출(주식/국내 미확인 주식전략),불가,직접 비교에 필요한 주식 전략·투자대상 미확인; 세부 투자대상 또는 만기·구성비율 미확인
KR7306530007,306530,HANARO 코스닥150선물레버리지,F-코스닥150 지수,주식,국내,기타특수구조,미확인 주식전략,국내 미확인 주식전략,미확인-주식전략-국내-미확인-주식전략-46eed209b8,leveraged,leveraged,long,2X,unhedged_or_not_applicable,physical_or_unspecified,unknown,PG-PENDING-306530-d0093a1edf,,classified_derived,기초지수 명시; 운용사·공식 출처 URL 존재; 상품명 구조표시(leveraged); 자산군·투자대상 추출(주식/국내 미확인 주식전략),불가,직접 비교에 필요한 주식 전략·투자대상 미확인; 세부 투자대상 또는 만기·구성비율 미확인
KR7306950007,306950,KODEX KRX300레버리지,KRX 300,주식,국내,기타특수구조,미확인 주식전략,국내 미확인 주식전략,KRX300,leveraged,leveraged,long,2X,unhedged_or_not_applicable,physical_or_unspecified,unknown,PG-PENDING-306950-ba7e8a637d,,classified_derived,기초지수 명시; 운용사·공식 출처 URL 존재; 상품명 구조표시(leveraged); 자산군·투자대상 추출(주식/국내 미확인 주식전략),불가,직접 비교에 필요한 주식 전략·투자대상 미확인; 세부 투자대상 또는 만기·구성비율 미확인
KR7307510008,307510,TIGER 의료기기,FnGuide 의료기기 지수,주식,국내,기타특수구조,의료 AI & 디지털 헬스,국내 미확인 주식전략,미확인-주식전략-국내-미확인-주식전략-46eed209b8,passive,plain,neutral,1X,unhedged_or_not_applicable,physical_or_unspecified,unknown,PG-PENDING-307510-c7aa6baa88,,classified_derived,기초지수 명시; 운용사·공식 출처 URL 존재; 자산군·투자대상 추출(주식/국내 미확인 주식전략),가능,직접 비교에 필요한 주식 전략·투자대상 미확인; 세부 투자대상 또는 만기·구성비율 미확인
KR7307520007,307520,TIGER 지주회사,FnGuide 지주회사 지수,주식,국내,기타특수구조,밸류업 & 금융지주·은행,국내 미확인 주식전략,미확인-주식전략-국내-미확인-주식전략-46eed209b8,passive,plain,neutral,1X,unhedged_or_not_applicable,physical_or_unspecified,unknown,PG-PENDING-307520-00e3e395c3,,classified_derived,기초지수 명시; 운용사·공식 출처 URL 존재; 자산군·투자대상 추출(주식/국내 미확인 주식전략),가능,직접 비교에 필요한 주식 전략·투자대상 미확인; 세부 투자대상 또는 만기·구성비율 미확인
KR7308620004,308620,KODEX 미국10년국채선물,S&P 10-Year U.S. Treasury Note Futures KRW(ER),채권,미국,채권,미국 장기국채,미국 국채 장기 등급미확인,BOND_미국-국채-장기-등급미확인-047cbda7f5,passive,bond_coupon,neutral,1X,unhedged,physical_or_unspecified,unknown,PG-PENDING-308620-8b4b4afaf5,,classified_derived,기초지수 명시; 운용사·공식 출처 URL 존재; 자산군·투자대상 추출(채권/미국 국채 장기 등급미확인),불가,세부 투자대상 또는 만기·구성비율 미확인
KR7309230001,309230,ACE 미국WideMoat동일가중,MorningStar Wide Moat Focus Index,주식,미국,기타특수구조,미확인 주식전략,미국 미확인 주식전략,미확인-주식전략-미국-미확인-주식전략-bf6afc4d9f,passive,plain,neutral,1X,unhedged,physical_or_unspecified,unknown,PG-PENDING-309230-06bccd2f2f,,classified_derived,기초지수 명시; 운용사·공식 출처 URL 존재; 자산군·투자대상 추출(주식/미국 미확인 주식전략),가능,직접 비교에 필요한 주식 전략·투자대상 미확인; 세부 투자대상 또는 만기·구성비율 미확인
KR7310080007,310080,RISE 중국MSCI China(H),"MSCI China Index(USD, Price Return)",주식,중국,기타특수구조,미확인 주식전략,중국 미확인 주식전략,미확인-주식전략-중국-미확인-주식전략-526c3d6249,passive,plain,neutral,1X,hedged,physical_or_unspecified,unknown,PG-PENDING-310080-15fcb657a4,,classified_derived,기초지수 명시; 운용사·공식 출처 URL 존재; 자산군·투자대상 추출(주식/중국 미확인 주식전략),가능,직접 비교에 필요한 주식 전략·투자대상 미확인; 세부 투자대상 또는 만기·구성비율 미확인
KR7310960000,310960,TIGER 200TR,코스피 200 TR,주식,국내,대표지수,코스피 200 코어,국내 코스피200,KOSPI200,passive,plain,neutral,1X,unhedged_or_not_applicable,physical_or_unspecified,broad,PG-주식-국내-대표지수-코스피200-국내-코스피200-KOSPI200-b519363da3,,verified_official,기초지수 명시; 운용사·공식 출처 URL 존재; 자산군·투자대상 추출(주식/국내 미확인 주식전략),가능,직접 비교에 필요한 주식 전략·투자대상 미확인; 세부 투자대상 또는 만기·구성비율 미확인
KR7310970009,310970,TIGER MSCI Korea TR,MSCI Korea TR Index,주식,국내,기타특수구조,미확인 주식전략,국내 미확인 주식전략,미확인-주식전략-국내-미확인-주식전략-46eed209b8,passive,plain,neutral,1X,unhedged_or_not_applicable,physical_or_unspecified,unknown,PG-PENDING-310970-3a4125d7ab,,classified_derived,기초지수 명시; 운용사·공식 출처 URL 존재; 자산군·투자대상 추출(주식/국내 미확인 주식전략),가능,직접 비교에 필요한 주식 전략·투자대상 미확인; 세부 투자대상 또는 만기·구성비율 미확인
KR7314250002,314250,KODEX 미국빅테크10(H),NYSE U.S. Big TECH 10 INDEX,주식,미국,기타특수구조,미국 빅테크 (M7),미국 미확인 주식전략,미확인-주식전략-미국-미확인-주식전략-bf6afc4d9f,passive,plain,neutral,1X,hedged,physical_or_unspecified,unknown,PG-PENDING-314250-602c0df13c,,classified_derived,기초지수 명시; 운용사·공식 출처 URL 존재; 자산군·투자대상 추출(주식/미국 미확인 주식전략),가능,직접 비교에 필요한 주식 전략·투자대상 미확인; 세부 투자대상 또는 만기·구성비율 미확인
KR7314700006,314700,HANARO 농업융복합산업,FnGuide 농업융복합산업 지수(시장가격),주식,국내,기타특수구조,미확인 주식전략,국내 미확인 주식전략,미확인-주식전략-국내-미확인-주식전략-46eed209b8,passive,plain,neutral,1X,unhedged_or_not_applicable,physical_or_unspecified,unknown,PG-PENDING-314700-d47014486c,,classified_derived,기초지수 명시; 운용사·공식 출처 URL 존재; 자산군·투자대상 추출(주식/국내 미확인 주식전략),가능,직접 비교에 필요한 주식 전략·투자대상 미확인; 세부 투자대상 또는 만기·구성비율 미확인
KR7315270009,315270,TIGER 200커뮤니케이션서비스,코스피 200 커뮤니케이션서비스,주식,국내,기타특수구조,미확인 주식전략,국내 미확인 주식전략,미확인-주식전략-국내-미확인-주식전략-46eed209b8,passive,plain,neutral,1X,unhedged_or_not_applicable,physical_or_unspecified,broad,PG-PENDING-315270-d06ee4a7e3,,classified_derived,기초지수 명시; 운용사·공식 출처 URL 존재; 자산군·투자대상 추출(주식/국내 미확인 주식전략),가능,직접 비교에 필요한 주식 전략·투자대상 미확인; 세부 투자대상 또는 만기·구성비율 미확인
KR7315930008,315930,KODEX Top5PlusTR,FnGuide TOP 5 Plus Total Return 지수,주식,국내,대표지수,국내 대형주,국내 Top5 대형주,KOREA_TOP5,passive,bond_coupon,neutral,1X,unhedged_or_not_applicable,physical_or_unspecified,ultra_concentrated,PG-PENDING-315930-5db7659de2,,conflict_resolved,기초지수 명시; 운용사·공식 출처 URL 존재; 자산군·투자대상 추출(채권/국내 국채 만기미확인 등급미확인),가능,세부 투자대상 또는 만기·구성비율 미확인; 기존 자산분류와 비교분류 추론값 충돌
KR7315960005,315960,RISE 대형고배당10TR,WISE 대형고배당10 TR 지수,주식,국내,배당·주주환원,고배당 & 인컴 전략,국내 고배당,고배당-국내-고배당-2325fcd2e0,passive,plain,neutral,1X,unhedged_or_not_applicable,physical_or_unspecified,unknown,PG-주식-국내-배당-주주환원-고배당-국내-고배당-고배당-국내-고배당--dd861c8cd4,,verified_official,기초지수 명시; 운용사·공식 출처 URL 존재; 자산군·투자대상 추출(주식/국내 고배당),가능,
KR7316300003,316300,ACE 싱가포르리츠,Morningstar Singapore REIT Yield Focus Index(PR),리츠·인프라,미국,리츠·인프라,리츠·인프라,미국 리츠·인프라,리츠-인프라-미국-리츠-인프라-a4a89237cc,passive,plain,neutral,1X,unhedged,physical_or_unspecified,unknown,PG-리츠-인프라-미국-리츠-인프라-리츠-인프라-미국-리츠-인프라-리츠-05792b6e27,,verified_official,기초지수 명시; 운용사·공식 출처 URL 존재; 자산군·투자대상 추출(리츠·인프라/미국 리츠·인프라),가능,
KR7316670009,316670,KIWOOM 코스닥150,코스닥 150,주식,국내,기타특수구조,미확인 주식전략,국내 미확인 주식전략,미확인-주식전략-국내-미확인-주식전략-46eed209b8,passive,plain,neutral,1X,unhedged_or_not_applicable,physical_or_unspecified,unknown,PG-PENDING-316670-34790bcef7,,classified_derived,기초지수 명시; 운용사·공식 출처 URL 존재; 자산군·투자대상 추출(주식/국내 미확인 주식전략),가능,직접 비교에 필요한 주식 전략·투자대상 미확인; 세부 투자대상 또는 만기·구성비율 미확인
KR7319640009,319640,TIGER 골드선물(H),S&P GSCI Gold Index(TR),원자재,미국,원자재,귀금속 (금·은·팔라듐),금 futures,COMMODITY_금-FUTURES-0733949e87,passive,futures,neutral,1X,hedged,physical_or_unspecified,unknown,PG-원자재-해당없음-원자재-금-금-FUTURES-COMMODITY-금-ee93d7746a,,verified_official,기초지수 명시; 운용사·공식 출처 URL 존재; 자산군·투자대상 추출(원자재/금 futures),불가,
KR7321410003,321410,KODEX 멀티에셋하이인컴(H),Morningstar Multi-Asset High Income 10% Capped Index,혼합자산,글로벌,혼합자산,혼합자산,구성비율 미확인,혼합자산-구성비율-미확인-9c1ef5c7e4,passive,mixed_asset,neutral,1X,hedged,physical_or_unspecified,unknown,PG-PENDING-321410-cc66756183,,classified_derived,기초지수 명시; 운용사·공식 출처 URL 존재; 자산군·투자대상 추출(혼합자산/구성비율 미확인),https://www.samsungfund.com/etf/product/view.do?id=2ETFB7,세부 투자대상 또는 만기·구성비율 미확인
KR7322400003,322400,HANARO e커머스,FnGuide E커머스 지수,주식,국내,기타특수구조,미확인 주식전략,국내 미확인 주식전략,미확인-주식전략-국내-미확인-주식전략-46eed209b8,passive,plain,neutral,1X,unhedged_or_not_applicable,physical_or_unspecified,unknown,PG-PENDING-322400-00483bb9ae,,classified_derived,기초지수 명시; 운용사·공식 출처 URL 존재; 자산군·투자대상 추출(주식/국내 미확인 주식전략),가능,직접 비교에 필요한 주식 전략·투자대상 미확인; 세부 투자대상 또는 만기·구성비율 미확인
KR7322410002,322410,HANARO K고배당,FnGuide 고배당 알파 지수,주식,국내,배당·주주환원,고배당 & 인컴 전략,국내 고배당,고배당-국내-고배당-2325fcd2e0,passive,plain,neutral,1X,unhedged_or_not_applicable,physical_or_unspecified,unknown,PG-주식-국내-배당-주주환원-고배당-국내-고배당-고배당-국내-고배당--dd861c8cd4,,verified_official,기초지수 명시; 운용사·공식 출처 URL 존재; 자산군·투자대상 추출(주식/국내 고배당),가능,
KR7325010007,325010,KODEX 성장주,FnGuide 성장 지수(PR),주식,국내,스타일·팩터,스타일·팩터,국내 스타일·팩터,스타일-팩터-국내-스타일-팩터-bbac88fc35,passive,plain,neutral,1X,unhedged_or_not_applicable,physical_or_unspecified,unknown,PG-주식-국내-스타일-팩터-스타일-팩터-국내-스타일-팩터-스타일-팩터-ac65317623,,verified_official,기초지수 명시; 운용사·공식 출처 URL 존재; 자산군·투자대상 추출(주식/국내 스타일·팩터),가능,
KR7325020006,325020,KODEX 배당가치,FnGuide SLV 배당가치 지수,주식,국내,스타일·팩터,고배당 & 인컴 전략,국내 스타일·팩터,스타일-팩터-국내-스타일-팩터-bbac88fc35,passive,plain,neutral,1X,unhedged_or_not_applicable,physical_or_unspecified,unknown,PG-주식-국내-스타일-팩터-스타일-팩터-국내-스타일-팩터-스타일-팩터-ac65317623,,verified_official,기초지수 명시; 운용사·공식 출처 URL 존재; 자산군·투자대상 추출(주식/국내 스타일·팩터),가능,
KR7326230000,326230,RISE 내수주플러스,FnGuide 내수주플러스 지수,주식,국내,기타특수구조,미확인 주식전략,국내 미확인 주식전략,미확인-주식전략-국내-미확인-주식전략-46eed209b8,passive,plain,neutral,1X,unhedged_or_not_applicable,physical_or_unspecified,unknown,PG-PENDING-326230-89bb73795a,,classified_derived,기초지수 명시; 운용사·공식 출처 URL 존재; 자산군·투자대상 추출(주식/국내 미확인 주식전략),가능,직접 비교에 필요한 주식 전략·투자대상 미확인; 세부 투자대상 또는 만기·구성비율 미확인
KR7326240009,326240,RISE IT플러스,FnGuide IT플러스 지수,주식,국내,기타특수구조,미확인 주식전략,국내 미확인 주식전략,미확인-주식전략-국내-미확인-주식전략-46eed209b8,passive,plain,neutral,1X,unhedged_or_not_applicable,physical_or_unspecified,unknown,PG-PENDING-326240-d139018c9a,,classified_derived,기초지수 명시; 운용사·공식 출처 URL 존재; 자산군·투자대상 추출(주식/국내 미확인 주식전략),가능,직접 비교에 필요한 주식 전략·투자대상 미확인; 세부 투자대상 또는 만기·구성비율 미확인
KR7328370002,328370,PLUS 코스피TR,코스피 TR,주식,국내,기타특수구조,미확인 주식전략,국내 미확인 주식전략,미확인-주식전략-국내-미확인-주식전략-46eed209b8,passive,plain,neutral,1X,unhedged_or_not_applicable,physical_or_unspecified,unknown,PG-PENDING-328370-9697a3dd1c,,classified_derived,기초지수 명시; 운용사·공식 출처 URL 존재; 자산군·투자대상 추출(주식/국내 미확인 주식전략),가능,직접 비교에 필요한 주식 전략·투자대상 미확인; 세부 투자대상 또는 만기·구성비율 미확인
KR7329200000,329200,TIGER 리츠부동산인프라,FnGuide 리츠부동산인프라,리츠·인프라,국내,리츠·인프라,리츠·인프라,국내 리츠·인프라,리츠-인프라-국내-리츠-인프라-2ebdba6e66,passive,plain,neutral,1X,not_applicable,physical_or_unspecified,unknown,PG-리츠-인프라-국내-리츠-인프라-리츠-인프라-국내-리츠-인프라-리츠-e3739b3155,,verified_official,기초지수 명시; 운용사·공식 출처 URL 존재; 자산군·투자대상 추출(리츠·인프라/국내 리츠·인프라),https://www.tigeretf.com/upload/etf/20250408022707005958.pdf,
KR7329650006,329650,KODEX TRF3070,FnGuide TRF 3070 지수,혼합자산,글로벌,혼합자산,자산배분 & 채권혼합,TRF 타깃리스크,혼합자산-구성비율-미확인-9c1ef5c7e4,passive,mixed_asset,neutral,1X,unhedged,physical_or_unspecified,unknown,PG-PENDING-329650-c9edb9e500,,classified_derived,기초지수 명시; 운용사·공식 출처 URL 존재; 자산군·투자대상 추출(혼합자산/구성비율 미확인),https://www.samsungfund.com/etf/product/view.do?id=2ETFC3,세부 투자대상 또는 만기·구성비율 미확인
KR7329660005,329660,KODEX TRF5050,FnGuide TRF 5050 지수,혼합자산,글로벌,혼합자산,자산배분 & 채권혼합,TRF 타깃리스크,혼합자산-구성비율-미확인-9c1ef5c7e4,passive,mixed_asset,neutral,1X,unhedged,physical_or_unspecified,unknown,PG-PENDING-329660-cf61454214,,classified_derived,기초지수 명시; 운용사·공식 출처 URL 존재; 자산군·투자대상 추출(혼합자산/구성비율 미확인),https://www.samsungfund.com/etf/product/view.do?id=2ETFC2,세부 투자대상 또는 만기·구성비율 미확인
KR7329670004,329670,KODEX TRF7030,FnGuide TRF 7030 지수,혼합자산,글로벌,혼합자산,자산배분 & 채권혼합,TRF 타깃리스크,혼합자산-구성비율-미확인-9c1ef5c7e4,passive,mixed_asset,neutral,1X,unhedged,physical_or_unspecified,unknown,PG-PENDING-329670-5486f2fa99,,classified_derived,기초지수 명시; 운용사·공식 출처 URL 존재; 자산군·투자대상 추출(혼합자산/구성비율 미확인),https://www.samsungfund.com/etf/product/view.do?id=2ETFC1,세부 투자대상 또는 만기·구성비율 미확인
KR7329750004,329750,TIGER 미국달러단기채권액티브,KIS U.S. TREASURY BOND 0-1Y 지수(총수익),채권,미국,채권,미국 단기국채,미국 국채 초단기 등급미확인,BOND_미국-국채-초단기-등급미확인-5e59e46a3c,active,bond_coupon,neutral,1X,unhedged,active,unknown,PG-PENDING-329750-83d3275b7d,,classified_derived,기초지수 명시; 운용사·공식 출처 URL 존재; 자산군·투자대상 추출(채권/미국 국채 초단기 등급미확인),가능,세부 투자대상 또는 만기·구성비율 미확인
KR7332500008,332500,ACE 200TR,코스피 200 TR,주식,국내,대표지수,코스피 200 코어,국내 코스피200,KOSPI200,passive,plain,neutral,1X,unhedged_or_not_applicable,physical_or_unspecified,broad,PG-주식-국내-대표지수-코스피200-국내-코스피200-KOSPI200-b519363da3,,verified_official,기초지수 명시; 운용사·공식 출처 URL 존재; 자산군·투자대상 추출(주식/국내 미확인 주식전략),가능,직접 비교에 필요한 주식 전략·투자대상 미확인; 세부 투자대상 또는 만기·구성비율 미확인
KR7332610005,332610,PLUS 미국단기회사채(AAA~A),ICE BofaAML 1-3 Year AAA-A US Corporate Index(총수익지수),채권,미국,채권,미국 단기국채,미국 회사채 단기 AAA,BOND_미국-회사채-단기-AAA-185c389c85,passive,bond_coupon,neutral,1X,unhedged,physical_or_unspecified,unknown,PG-채권-미국-채권-채권-미국-회사채-단기-AAA-BOND-미국-회사-a76fb264ed,,verified_official,기초지수 명시; 운용사·공식 출처 URL 존재; 자산군·투자대상 추출(채권/미국 회사채 단기 AAA),가능,
KR7332620004,332620,PLUS 미국장기우량회사채,ICE BofaAML 15+ Year AAA-A US Corporate Index(총수익지수),채권,미국,채권,우량 회사채·금융채,미국 회사채 장기 AAA,BOND_미국-회사채-장기-AAA-e663854a5f,passive,bond_coupon,neutral,1X,unhedged,physical_or_unspecified,unknown,PG-채권-미국-채권-채권-미국-회사채-장기-AAA-BOND-미국-회사-3e414e6d96,,verified_official,기초지수 명시; 운용사·공식 출처 URL 존재; 자산군·투자대상 추출(채권/미국 회사채 장기 AAA),가능,
KR7332930007,332930,HANARO 200TR,코스피 200 TR,주식,국내,대표지수,코스피 200 코어,국내 코스피200,KOSPI200,passive,plain,neutral,1X,unhedged_or_not_applicable,physical_or_unspecified,broad,PG-주식-국내-대표지수-코스피200-국내-코스피200-KOSPI200-b519363da3,,verified_official,기초지수 명시; 운용사·공식 출처 URL 존재; 자산군·투자대상 추출(주식/국내 미확인 주식전략),가능,직접 비교에 필요한 주식 전략·투자대상 미확인; 세부 투자대상 또는 만기·구성비율 미확인
KR7332940006,332940,HANARO MSCI Korea TR,MSCI Korea TR Index,주식,국내,기타특수구조,미확인 주식전략,국내 미확인 주식전략,미확인-주식전략-국내-미확인-주식전략-46eed209b8,passive,plain,neutral,1X,unhedged_or_not_applicable,physical_or_unspecified,unknown,PG-PENDING-332940-84b218881d,,classified_derived,기초지수 명시; 운용사·공식 출처 URL 존재; 자산군·투자대상 추출(주식/국내 미확인 주식전략),가능,직접 비교에 필요한 주식 전략·투자대상 미확인; 세부 투자대상 또는 만기·구성비율 미확인
KR7334690005,334690,RISE 팔라듐선물(H),S&P GSCI Palladium Excess Return Index,원자재,미국,원자재,귀금속 (금·은·팔라듐),기타원자재 futures,COMMODITY_기타원자재-FUTURES-e9bbd8bb27,passive,futures,neutral,1X,hedged,physical_or_unspecified,unknown,PG-원자재-해당없음-원자재-기타원자재-기타원자재-FUTURES-COM-c6ca4488b8,,verified_official,기초지수 명시; 운용사·공식 출처 URL 존재; 자산군·투자대상 추출(원자재/기타원자재 futures),https://www.riseetf.co.kr/prod/finderDetail/4498,
KR7334700002,334700,RISE 팔라듐선물인버스(H),S&P GSCI Palladium Excess Return Index,원자재,미국,원자재,귀금속 (금·은·팔라듐),기타원자재 futures,COMMODITY_기타원자재-FUTURES-e9bbd8bb27,inverse,futures,short,1X,hedged,physical_or_unspecified,unknown,PG-원자재-해당없음-원자재-기타원자재-기타원자재-FUTURES-COM-b8c51fc378,,verified_official,기초지수 명시; 운용사·공식 출처 URL 존재; 상품명 구조표시(inverse); 자산군·투자대상 추출(원자재/기타원자재 futures),https://www.riseetf.co.kr/prod/finderDetail/4499,
KR7336160007,336160,RISE 금융채액티브,KIS 종합채권금융채 2.5Y-3Y 지수 (총수익),채권,국내,채권,우량 회사채·금융채,국내 금융채 단기 등급미확인,BOND_국내-금융채-단기-등급미확인-c717d83173,active,bond_coupon,neutral,1X,unhedged_or_not_applicable,active,unknown,PG-PENDING-336160-28f2640385,,classified_derived,기초지수 명시; 운용사·공식 출처 URL 존재; 자산군·투자대상 추출(채권/국내 금융채 단기 등급미확인),가능,세부 투자대상 또는 만기·구성비율 미확인
KR7337120000,337120,KODEX 멀티팩터,FnGuide 멀티팩터 지수,주식,국내,기타특수구조,미확인 주식전략,국내 미확인 주식전략,미확인-주식전략-국내-미확인-주식전략-46eed209b8,passive,plain,neutral,1X,unhedged_or_not_applicable,physical_or_unspecified,unknown,PG-PENDING-337120-3b8ebb0cd3,,classified_derived,기초지수 명시; 운용사·공식 출처 URL 존재; 자산군·투자대상 추출(주식/국내 미확인 주식전략),가능,직접 비교에 필요한 주식 전략·투자대상 미확인; 세부 투자대상 또는 만기·구성비율 미확인
KR7337140008,337140,KODEX 코스피대형주,코스피 대형주,주식,국내,규모,시가총액,국내 시가총액,시가총액-국내-시가총액-38d7e2985f,passive,plain,neutral,1X,unhedged_or_not_applicable,physical_or_unspecified,unknown,PG-주식-국내-규모-시가총액-국내-시가총액-시가총액-국내-시가총액-3-5397a04ffb,,verified_official,기초지수 명시; 운용사·공식 출처 URL 존재; 자산군·투자대상 추출(주식/국내 시가총액),가능,
KR7337150007,337150,KODEX 200exTOP,코스피 200 초대형제외 지수,주식,국내,기타특수구조,미확인 주식전략,국내 미확인 주식전략,미확인-주식전략-국내-미확인-주식전략-46eed209b8,passive,plain,neutral,1X,unhedged_or_not_applicable,physical_or_unspecified,broad,PG-PENDING-337150-997cb8d46c,,classified_derived,기초지수 명시; 운용사·공식 출처 URL 존재; 자산군·투자대상 추출(주식/국내 미확인 주식전략),가능,직접 비교에 필요한 주식 전략·투자대상 미확인; 세부 투자대상 또는 만기·구성비율 미확인
KR7337160006,337160,KODEX 200ESG,코스피 200 ESG 지수,주식,국내,기타특수구조,미확인 주식전략,국내 미확인 주식전략,미확인-주식전략-국내-미확인-주식전략-46eed209b8,passive,plain,neutral,1X,unhedged_or_not_applicable,physical_or_unspecified,broad,PG-PENDING-337160-e95fc33cac,,classified_derived,기초지수 명시; 운용사·공식 출처 URL 존재; 자산군·투자대상 추출(주식/국내 미확인 주식전략),가능,직접 비교에 필요한 주식 전략·투자대상 미확인; 세부 투자대상 또는 만기·구성비율 미확인
KR7341850006,341850,TIGER 리츠부동산인프라채권,KIS 리츠부동산인프라채권PR 지수,혼합자산,국내,혼합자산,자산배분 & 채권혼합,섹터·테마 채권혼합,BOND_국내-채권-만기미확인-등급미확인-893e3e68b3,passive,bond_coupon,neutral,1X,unhedged_or_not_applicable,physical_or_unspecified,unknown,PG-PENDING-341850-7609e918ce,,classified_derived,기초지수 명시; 운용사·공식 출처 URL 존재; 자산군·투자대상 추출(채권/국내 채권 만기미확인 등급미확인),가능,세부 투자대상 또는 만기·구성비율 미확인
KR7352540009,352540,KODEX 일본부동산리츠(H),Tokyo Stock Exchange REIT Index,리츠·인프라,일본,리츠·인프라,리츠·인프라,일본 리츠·인프라,리츠-인프라-일본-리츠-인프라-04ea96da51,passive,plain,neutral,1X,hedged,physical_or_unspecified,unknown,PG-리츠-인프라-일본-리츠-인프라-리츠-인프라-일본-리츠-인프라-리츠-5fd3178571,,verified_official,기초지수 명시; 운용사·공식 출처 URL 존재; 자산군·투자대상 추출(리츠·인프라/일본 리츠·인프라),가능,
KR7352560007,352560,KODEX 미국부동산리츠(H),Dow Jones U.S. Real Estate PR Index,리츠·인프라,미국,리츠·인프라,리츠·인프라,미국 리츠·인프라,리츠-인프라-미국-리츠-인프라-a4a89237cc,passive,plain,neutral,1X,hedged,physical_or_unspecified,unknown,PG-리츠-인프라-미국-리츠-인프라-리츠-인프라-미국-리츠-인프라-리츠-05792b6e27,,verified_official,기초지수 명시; 운용사·공식 출처 URL 존재; 자산군·투자대상 추출(리츠·인프라/미국 리츠·인프라),가능,
KR7354240004,354240,RISE 미국고정배당우선증권,ICE BofAML Core Plus Fixed Rate Preferred Securities Index(PR),주식,미국,산업·섹터,금융·은행·증권·보험,미국 금융·은행·증권·보험,금융-은행-증권-보험-미국-금융-은행-증권-보험-4605e3ffab,passive,plain,neutral,1X,unhedged,physical_or_unspecified,unknown,PG-주식-미국-산업-섹터-금융-은행-증권-보험-미국-금융-은행-증권--af9be94e4a,,verified_official,기초지수 명시; 운용사·공식 출처 URL 존재; 자산군·투자대상 추출(주식/미국 금융·은행·증권·보험),가능,
KR7354350001,354350,HANARO 글로벌럭셔리S&P(합성),S&P Global Luxury Index,주식,미국,기타특수구조,글로벌 럭셔리 & 소비재,미국 미확인 주식전략,미확인-주식전략-미국-미확인-주식전략-bf6afc4d9f,passive,plain,neutral,1X,unhedged,synthetic,unknown,PG-PENDING-354350-445fb7131d,,classified_derived,기초지수 명시; 운용사·공식 출처 URL 존재; 자산군·투자대상 추출(주식/미국 미확인 주식전략),가능,직접 비교에 필요한 주식 전략·투자대상 미확인; 세부 투자대상 또는 만기·구성비율 미확인
KR7354500001,354500,ACE 코스닥150,코스닥 150,주식,국내,기타특수구조,미확인 주식전략,국내 미확인 주식전략,미확인-주식전략-국내-미확인-주식전략-46eed209b8,passive,plain,neutral,1X,unhedged_or_not_applicable,physical_or_unspecified,unknown,PG-PENDING-354500-8b9ad6a76e,,classified_derived,기초지수 명시; 운용사·공식 출처 URL 존재; 자산군·투자대상 추출(주식/국내 미확인 주식전략),가능,직접 비교에 필요한 주식 전략·투자대상 미확인; 세부 투자대상 또는 만기·구성비율 미확인
KR7356540005,356540,ACE 종합채권(AA-이상)액티브,KIS 종합채권 AA-이상 총수익 지수(Total return Index),채권,국내,채권,우량 회사채·금융채,국내 채권 만기미확인 AA,BOND_국내-채권-만기미확인-AA-273392b07e,active,bond_coupon,neutral,1X,unhedged_or_not_applicable,active,unknown,PG-PENDING-356540-306733384a,,classified_derived,기초지수 명시; 운용사·공식 출처 URL 존재; 자산군·투자대상 추출(채권/국내 채권 만기미확인 AA),가능,세부 투자대상 또는 만기·구성비율 미확인
KR7357870005,357870,TIGER CD금리투자KIS(합성),KIS CD Index(총수익),금리·파킹,국내,금리·파킹,금리·파킹,CD금리,RATE_CD금리-141db05f34,passive,rate_return,neutral,1X,not_applicable,synthetic,unknown,PG-금리-파킹-해당없음-금리-파킹-금리-파킹-CD금리-RATE-CD금-d7907e81c4,,verified_official,기초지수 명시; 운용사·공식 출처 URL 존재; 자산군·투자대상 추출(금리·파킹/CD금리),가능,
KR7359210002,359210,KODEX 코스피TR,코스피 TR,주식,국내,기타특수구조,미확인 주식전략,국내 미확인 주식전략,미확인-주식전략-국내-미확인-주식전략-46eed209b8,passive,plain,neutral,1X,unhedged_or_not_applicable,physical_or_unspecified,unknown,PG-PENDING-359210-73409e7b1e,,classified_derived,기초지수 명시; 운용사·공식 출처 URL 존재; 자산군·투자대상 추출(주식/국내 미확인 주식전략),가능,직접 비교에 필요한 주식 전략·투자대상 미확인; 세부 투자대상 또는 만기·구성비율 미확인
KR7360140008,360140,KODEX 200롱코스닥150숏선물,코스피200 롱 100% 코스닥150 숏 100% 선물지수,주식,국내,대표지수,코스피200,국내 코스피200,KOSPI200,passive,plain,neutral,1X,unhedged_or_not_applicable,physical_or_unspecified,broad,PG-주식-국내-대표지수-코스피200-국내-코스피200-KOSPI200-b519363da3,,verified_official,기초지수 명시; 운용사·공식 출처 URL 존재; 자산군·투자대상 추출(주식/국내 코스피200),불가,
KR7360150007,360150,KODEX 코스닥150롱코스피200숏선물,코스닥150 롱 100% 코스피200 숏 100% 선물지수,주식,국내,대표지수,코스피200,국내 코스피200,KOSPI200,passive,plain,neutral,1X,unhedged_or_not_applicable,physical_or_unspecified,broad,PG-주식-국내-대표지수-코스피200-국내-코스피200-KOSPI200-b519363da3,,verified_official,기초지수 명시; 운용사·공식 출처 URL 존재; 자산군·투자대상 추출(주식/국내 코스피200),불가,
KR7360200000,360200,ACE 미국S&P500,S&P 500,주식,미국,대표지수,S&P 500 시장대표,미국 S&P500,S&P500,passive,plain,neutral,1X,unhedged,physical_or_unspecified,broad,PG-주식-미국-대표지수-S-P500-미국-S-P500-S-P500-P-c2eb6d3f91,,verified_official,기초지수 명시; 운용사·공식 출처 URL 존재; 자산군·투자대상 추출(주식/미국 S&P500),가능,
KR7360750004,360750,TIGER 미국S&P500,S&P 500,주식,미국,대표지수,S&P 500 시장대표,미국 S&P500,S&P500,passive,plain,neutral,1X,unhedged,physical_or_unspecified,broad,PG-주식-미국-대표지수-S-P500-미국-S-P500-S-P500-P-c2eb6d3f91,,verified_official,기초지수 명시; 운용사·공식 출처 URL 존재; 자산군·투자대상 추출(주식/미국 S&P500),가능,
KR7361580004,361580,RISE 200TR,코스피 200 TR,주식,국내,대표지수,코스피 200 코어,국내 코스피200,KOSPI200,passive,plain,neutral,1X,unhedged_or_not_applicable,physical_or_unspecified,broad,PG-주식-국내-대표지수-코스피200-국내-코스피200-KOSPI200-b519363da3,,verified_official,기초지수 명시; 운용사·공식 출처 URL 존재; 자산군·투자대상 추출(주식/국내 미확인 주식전략),가능,직접 비교에 필요한 주식 전략·투자대상 미확인; 세부 투자대상 또는 만기·구성비율 미확인
KR7363510009,363510,SOL KIS단기통안채,KIS 단기통안채 Index(총수익),채권,국내,채권,국내 단기·초단기채,국내 채권 단기 등급미확인,BOND_국내-채권-단기-등급미확인-afa2e5ef57,passive,bond_coupon,neutral,1X,unhedged_or_not_applicable,physical_or_unspecified,unknown,PG-PENDING-363510-fa16739f45,,conflict_resolved,기초지수 명시; 운용사·공식 출처 URL 존재; 자산군·투자대상 추출(채권/국내 채권 단기 등급미확인),가능,세부 투자대상 또는 만기·구성비율 미확인; 기존 자산분류와 비교분류 추론값 충돌
KR7363570003,363570,KODEX 장기종합채권(AA-이상)액티브,"KAP 한국장기종합채권지수(AA-이상, 총수익)",채권,국내,채권,우량 회사채·금융채,국내 채권 장기 AA,BOND_국내-채권-장기-AA-791a108c40,active,bond_coupon,neutral,1X,unhedged_or_not_applicable,active,unknown,PG-채권-국내-채권-채권-국내-채권-장기-AA-BOND-국내-채권-장-2975d2ac19,,verified_official,기초지수 명시; 운용사·공식 출처 URL 존재; 자산군·투자대상 추출(채권/국내 채권 장기 AA),가능,
KR7363580002,363580,KODEX 200IT TR,코스피200 정보기술 TR,주식,국내,대표지수,IT·반도체,국내 코스피200,KOSPI200,passive,plain,neutral,1X,unhedged_or_not_applicable,physical_or_unspecified,broad,PG-주식-국내-대표지수-코스피200-국내-코스피200-KOSPI200-b519363da3,,verified_official,기초지수 명시; 운용사·공식 출처 URL 존재; 자산군·투자대상 추출(주식/국내 코스피200),가능,
KR7364690008,364690,KODEX 혁신기술테마액티브,코스피,주식,국내,기타특수구조,미확인 주식전략,국내 미확인 주식전략,미확인-주식전략-국내-미확인-주식전략-46eed209b8,active,plain,neutral,1X,unhedged_or_not_applicable,active,unknown,PG-PENDING-364690-dc96edbf71,,classified_derived,기초지수 명시; 운용사·공식 출처 URL 존재; 자산군·투자대상 추출(주식/국내 미확인 주식전략),가능,직접 비교에 필요한 주식 전략·투자대상 미확인; 세부 투자대상 또는 만기·구성비율 미확인
KR7364960005,364960,TIGER BBIG,KRX BBIG 지수,주식,국내,기타특수구조,미확인 주식전략,국내 미확인 주식전략,미확인-주식전략-국내-미확인-주식전략-46eed209b8,passive,plain,neutral,1X,unhedged_or_not_applicable,physical_or_unspecified,unknown,PG-PENDING-364960-f842a71e2c,,classified_derived,기초지수 명시; 운용사·공식 출처 URL 존재; 자산군·투자대상 추출(주식/국내 미확인 주식전략),가능,직접 비교에 필요한 주식 전략·투자대상 미확인; 세부 투자대상 또는 만기·구성비율 미확인
KR7364970004,364970,TIGER 바이오TOP10,KRX 바이오 TOP 10 지수,주식,국내,산업·섹터,비만·신약 & 바이오시밀러,국내 바이오·제약·헬스케어,바이오-제약-헬스케어-국내-바이오-제약-헬스케어-d888086019,passive,plain,neutral,1X,unhedged_or_not_applicable,physical_or_unspecified,concentrated,PG-주식-국내-산업-섹터-바이오-제약-헬스케어-국내-바이오-제약-헬스-eaf9ac0bdb,,verified_official,기초지수 명시; 운용사·공식 출처 URL 존재; 자산군·투자대상 추출(주식/국내 바이오·제약·헬스케어),가능,
KR7364980003,364980,TIGER 2차전지TOP10,KRX 2차전지 TOP 10 지수,주식,국내,산업·섹터,2차전지 셀 & 소재,국내 2차전지·배터리 소재,2차전지-배터리-소재-국내-2차전지-배터리-소재-1367e96ce1,passive,plain,neutral,1X,unhedged_or_not_applicable,physical_or_unspecified,concentrated,PG-주식-국내-산업-섹터-2차전지-배터리-소재-국내-2차전지-배터리--0cc60d36d9,,verified_official,기초지수 명시; 운용사·공식 출처 URL 존재; 자산군·투자대상 추출(주식/국내 2차전지·배터리 소재),가능,
KR7364990002,364990,TIGER 게임TOP10,KRX 게임 TOP 10 지수,주식,국내,산업·섹터,K-엔터 & 미디어·게임,국내 미디어·게임·엔터테인먼트,미디어-게임-엔터테인먼트-국내-미디어-게임-엔터테인먼트-0ac91da332,passive,plain,neutral,1X,unhedged_or_not_applicable,physical_or_unspecified,concentrated,PG-주식-국내-산업-섹터-미디어-게임-엔터테인먼트-국내-미디어-게임--48c79cc9a6,,verified_official,기초지수 명시; 운용사·공식 출처 URL 존재; 자산군·투자대상 추출(주식/국내 미디어·게임·엔터테인먼트),가능,
KR7365000009,365000,TIGER 인터넷TOP10,KRX 인터넷 TOP 10 지수,주식,국내,기타특수구조,미확인 주식전략,국내 미확인 주식전략,미확인-주식전략-국내-미확인-주식전략-46eed209b8,passive,plain,neutral,1X,unhedged_or_not_applicable,physical_or_unspecified,concentrated,PG-PENDING-365000-64c05ac1f4,,classified_derived,기초지수 명시; 운용사·공식 출처 URL 존재; 자산군·투자대상 추출(주식/국내 미확인 주식전략),가능,직접 비교에 필요한 주식 전략·투자대상 미확인; 세부 투자대상 또는 만기·구성비율 미확인
KR7365040005,365040,TIGER AI코리아그로스액티브,코스피,주식,국내,기타특수구조,미확인 주식전략,국내 미확인 주식전략,미확인-주식전략-국내-미확인-주식전략-46eed209b8,active,plain,neutral,1X,unhedged_or_not_applicable,active,unknown,PG-PENDING-365040-b003756d47,,classified_derived,기초지수 명시; 운용사·공식 출처 URL 존재; 자산군·투자대상 추출(주식/국내 미확인 주식전략),가능,직접 비교에 필요한 주식 전략·투자대상 미확인; 세부 투자대상 또는 만기·구성비율 미확인
KR7365780006,365780,ACE 국고채10년,KIS 10년 국고채 지수 (총수익),채권,국내,채권,국내 장기국채,국내 채권 장기 등급미확인,BOND_국내-채권-장기-등급미확인-f457d22418,passive,bond_coupon,neutral,1X,unhedged_or_not_applicable,physical_or_unspecified,unknown,PG-PENDING-365780-b7be062f17,,classified_derived,기초지수 명시; 운용사·공식 출처 URL 존재; 자산군·투자대상 추출(채권/국내 채권 장기 등급미확인),가능,세부 투자대상 또는 만기·구성비율 미확인
KR7367380003,367380,ACE 미국나스닥100,NASDAQ 100,주식,미국,대표지수,나스닥 100 코어,미국 나스닥100,NASDAQ100,passive,plain,neutral,1X,unhedged,physical_or_unspecified,broad,PG-주식-미국-대표지수-나스닥100-미국-나스닥100-NASDAQ10-07ea923e6f,,verified_official,기초지수 명시; 운용사·공식 출처 URL 존재; 자산군·투자대상 추출(주식/미국 나스닥100),가능,
KR7367740008,367740,HANARO Fn5G산업,FnGuide 5G 산업 지수,주식,국내,기타특수구조,미확인 주식전략,국내 미확인 주식전략,미확인-주식전략-국내-미확인-주식전략-46eed209b8,passive,plain,neutral,1X,unhedged_or_not_applicable,physical_or_unspecified,unknown,PG-PENDING-367740-59d038f6b1,,classified_derived,기초지수 명시; 운용사·공식 출처 URL 존재; 자산군·투자대상 추출(주식/국내 미확인 주식전략),가능,직접 비교에 필요한 주식 전략·투자대상 미확인; 세부 투자대상 또는 만기·구성비율 미확인
KR7367760006,367760,RISE 네트워크인프라,FnGuide 네트워크 인프라 지수,주식,국내,산업·섹터,전력 인프라 & 변압기,국내 리츠·인프라,리츠-인프라-국내-리츠-인프라-2ebdba6e66,passive,plain,neutral,1X,not_applicable,physical_or_unspecified,unknown,PG-주식-국내-테마-인공지능-AI-전력-인프라-인공지능-AI-전력-인-8066530716,,verified_official,기초지수 명시; 운용사·공식 출처 URL 존재; 자산군·투자대상 추출(리츠·인프라/국내 리츠·인프라),https://www.riseetf.co.kr/prod/finderDetail/44A7,
KR7367770005,367770,RISE 수소경제테마,FnGuide 수소 경제 테마 지수,주식,국내,기타특수구조,친환경 & 신재생에너지,국내 미확인 주식전략,미확인-주식전략-국내-미확인-주식전략-46eed209b8,passive,plain,neutral,1X,unhedged_or_not_applicable,physical_or_unspecified,unknown,PG-PENDING-367770-fbc3a3dcf6,,classified_derived,기초지수 명시; 운용사·공식 출처 URL 존재; 자산군·투자대상 추출(주식/국내 미확인 주식전략),가능,직접 비교에 필요한 주식 전략·투자대상 미확인; 세부 투자대상 또는 만기·구성비율 미확인
KR7368190005,368190,HANARO Fn K-뉴딜디지털플러스,FnGuide K-뉴딜 디지털 플러스 지수,주식,국내,기타특수구조,미확인 주식전략,국내 미확인 주식전략,미확인-주식전략-국내-미확인-주식전략-46eed209b8,passive,plain,neutral,1X,unhedged_or_not_applicable,physical_or_unspecified,unknown,PG-PENDING-368190-f7b09eb271,,classified_derived,기초지수 명시; 운용사·공식 출처 URL 존재; 자산군·투자대상 추출(주식/국내 미확인 주식전략),가능,직접 비교에 필요한 주식 전략·투자대상 미확인; 세부 투자대상 또는 만기·구성비율 미확인
KR7368590006,368590,RISE 미국나스닥100,NASDAQ 100,주식,미국,대표지수,나스닥 100 코어,미국 나스닥100,NASDAQ100,passive,plain,neutral,1X,unhedged,physical_or_unspecified,broad,PG-주식-미국-대표지수-나스닥100-미국-나스닥100-NASDAQ10-07ea923e6f,,verified_official,기초지수 명시; 운용사·공식 출처 URL 존재; 자산군·투자대상 추출(주식/미국 나스닥100),가능,
KR7368680005,368680,KODEX K-뉴딜디지털플러스,FnGuide K-뉴딜 디지털 플러스 지수,주식,국내,기타특수구조,미확인 주식전략,국내 미확인 주식전략,미확인-주식전략-국내-미확인-주식전략-46eed209b8,passive,plain,neutral,1X,unhedged_or_not_applicable,physical_or_unspecified,unknown,PG-PENDING-368680-60cb64fbb0,,classified_derived,기초지수 명시; 운용사·공식 출처 URL 존재; 자산군·투자대상 추출(주식/국내 미확인 주식전략),가능,직접 비교에 필요한 주식 전략·투자대상 미확인; 세부 투자대상 또는 만기·구성비율 미확인
KR7371150004,371150,RISE 차이나항셍테크,Hang Seng TECH Index,주식,중국,기타특수구조,미확인 주식전략,중국 미확인 주식전략,미확인-주식전략-중국-미확인-주식전략-526c3d6249,passive,plain,neutral,1X,unhedged,physical_or_unspecified,unknown,PG-PENDING-371150-eeaed959db,,classified_derived,기초지수 명시; 운용사·공식 출처 URL 존재; 자산군·투자대상 추출(주식/중국 미확인 주식전략),가능,직접 비교에 필요한 주식 전략·투자대상 미확인; 세부 투자대상 또는 만기·구성비율 미확인
KR7371160003,371160,TIGER 차이나항셍테크,Hang Seng TECH Index,주식,중국,기타특수구조,미확인 주식전략,중국 미확인 주식전략,미확인-주식전략-중국-미확인-주식전략-526c3d6249,passive,plain,neutral,1X,unhedged,physical_or_unspecified,unknown,PG-PENDING-371160-7cb6af2eab,,classified_derived,기초지수 명시; 운용사·공식 출처 URL 존재; 자산군·투자대상 추출(주식/중국 미확인 주식전략),가능,직접 비교에 필요한 주식 전략·투자대상 미확인; 세부 투자대상 또는 만기·구성비율 미확인
KR7371450008,371450,TIGER 글로벌클라우드컴퓨팅INDXX,Indxx Global Cloud Computing Index(PR),주식,글로벌,기타특수구조,생성형 AI & 소프트웨어,글로벌 미확인 주식전략,미확인-주식전략-글로벌-미확인-주식전략-d0f070a455,passive,plain,neutral,1X,unhedged,physical_or_unspecified,unknown,PG-PENDING-371450-59150207b4,,classified_derived,기초지수 명시; 운용사·공식 출처 URL 존재; 자산군·투자대상 추출(주식/글로벌 미확인 주식전략),가능,직접 비교에 필요한 주식 전략·투자대상 미확인; 세부 투자대상 또는 만기·구성비율 미확인
KR7371460007,371460,TIGER 차이나전기차SOLACTIVE,Solactive China Electric Vehicle and Battery Index(PR),주식,중국,산업·섹터,전기차 & 자율주행,중국 2차전지·배터리 소재,2차전지-배터리-소재-중국-2차전지-배터리-소재-2edcda1034,active,plain,neutral,1X,unhedged,active,unknown,PG-주식-중국-산업-섹터-2차전지-배터리-소재-중국-2차전지-배터리--270058a154,,verified_official,기초지수 명시; 운용사·공식 출처 URL 존재; 자산군·투자대상 추출(주식/중국 2차전지·배터리 소재),가능,
KR7371470006,371470,TIGER 차이나바이오테크SOLACTIVE,Solactive China Biotech Index(PR),주식,중국,산업·섹터,글로벌 헬스케어 & 메디컬,중국 바이오·제약·헬스케어,바이오-제약-헬스케어-중국-바이오-제약-헬스케어-37fe105f13,active,plain,neutral,1X,unhedged,active,unknown,PG-주식-중국-산업-섹터-바이오-제약-헬스케어-중국-바이오-제약-헬스-4692461f9a,,verified_official,기초지수 명시; 운용사·공식 출처 URL 존재; 자산군·투자대상 추출(주식/중국 바이오·제약·헬스케어),가능,
KR7371870007,371870,ACE 차이나항셍테크,Hang Seng TECH Index,주식,중국,기타특수구조,미확인 주식전략,중국 미확인 주식전략,미확인-주식전략-중국-미확인-주식전략-526c3d6249,passive,plain,neutral,1X,unhedged,physical_or_unspecified,unknown,PG-PENDING-371870-0cca7b9a99,,classified_derived,기초지수 명시; 운용사·공식 출처 URL 존재; 자산군·투자대상 추출(주식/중국 미확인 주식전략),가능,직접 비교에 필요한 주식 전략·투자대상 미확인; 세부 투자대상 또는 만기·구성비율 미확인
KR7372330001,372330,KODEX 차이나항셍테크,Hang Seng TECH Index,주식,중국,기타특수구조,미확인 주식전략,중국 미확인 주식전략,미확인-주식전략-중국-미확인-주식전략-526c3d6249,passive,plain,neutral,1X,unhedged,physical_or_unspecified,unknown,PG-PENDING-372330-34288375af,,classified_derived,기초지수 명시; 운용사·공식 출처 URL 존재; 자산군·투자대상 추출(주식/중국 미확인 주식전략),가능,직접 비교에 필요한 주식 전략·투자대상 미확인; 세부 투자대상 또는 만기·구성비율 미확인
KR7373490002,373490,KODEX 코리아혁신성장액티브,FnGuide K-이노베이션 지수,주식,국내,스타일·팩터,스타일·팩터,국내 스타일·팩터,스타일-팩터-국내-스타일-팩터-bbac88fc35,active,plain,neutral,1X,unhedged_or_not_applicable,active,unknown,PG-주식-국내-스타일-팩터-스타일-팩터-국내-스타일-팩터-스타일-팩터-ac65317623,,verified_official,기초지수 명시; 운용사·공식 출처 URL 존재; 자산군·투자대상 추출(주식/국내 스타일·팩터),가능,
KR7373790005,373790,KIWOOM 미국방어배당성장나스닥,Nasdaq US Low Volatility Dividend Achievers Index,주식,미국,산업·섹터,미국 배당다우존스,미국 자동차·모빌리티,자동차-모빌리티-미국-자동차-모빌리티-6f7e32a606,passive,plain,neutral,1X,unhedged,physical_or_unspecified,unknown,PG-주식-미국-산업-섹터-자동차-모빌리티-미국-자동차-모빌리티-자동차-d37f4277a0,,verified_official,기초지수 명시; 운용사·공식 출처 URL 존재; 자산군·투자대상 추출(주식/미국 자동차·모빌리티),가능,
KR7375270006,375270,RISE 글로벌데이터센터리츠(합성),Kelly Data Center & Tech Infrastructure Net Total Return Index,리츠·인프라,글로벌,리츠·인프라,리츠·인프라,글로벌 리츠·인프라,리츠-인프라-글로벌-리츠-인프라-17424845f2,passive,plain,neutral,1X,unhedged,synthetic,unknown,PG-리츠-인프라-글로벌-리츠-인프라-리츠-인프라-글로벌-리츠-인프라--53239532c7,,verified_official,기초지수 명시; 운용사·공식 출처 URL 존재; 자산군·투자대상 추출(리츠·인프라/글로벌 리츠·인프라),가능,
KR7375760006,375760,HANARO 탄소효율그린뉴딜,KRX/S&P 탄소효율 그린뉴딜지수,주식,국내,기타특수구조,친환경 & 신재생에너지,국내 미확인 주식전략,미확인-주식전략-국내-미확인-주식전략-46eed209b8,passive,plain,neutral,1X,unhedged_or_not_applicable,physical_or_unspecified,unknown,PG-PENDING-375760-89e7c9f3f4,,classified_derived,기초지수 명시; 운용사·공식 출처 URL 존재; 자산군·투자대상 추출(주식/국내 미확인 주식전략),가능,직접 비교에 필요한 주식 전략·투자대상 미확인; 세부 투자대상 또는 만기·구성비율 미확인
KR7375770005,375770,KODEX 탄소효율그린뉴딜,KRX/S&P 탄소효율 그린뉴딜지수,주식,국내,기타특수구조,친환경 & 신재생에너지,국내 미확인 주식전략,미확인-주식전략-국내-미확인-주식전략-46eed209b8,passive,plain,neutral,1X,unhedged_or_not_applicable,physical_or_unspecified,unknown,PG-PENDING-375770-4674c1451e,,classified_derived,기초지수 명시; 운용사·공식 출처 URL 존재; 자산군·투자대상 추출(주식/국내 미확인 주식전략),가능,직접 비교에 필요한 주식 전략·투자대상 미확인; 세부 투자대상 또는 만기·구성비율 미확인
KR7376410007,376410,TIGER 탄소효율그린뉴딜,KRX/S&P 탄소효율 그린뉴딜지수,주식,국내,기타특수구조,친환경 & 신재생에너지,국내 미확인 주식전략,미확인-주식전략-국내-미확인-주식전략-46eed209b8,passive,plain,neutral,1X,unhedged_or_not_applicable,physical_or_unspecified,unknown,PG-PENDING-376410-bd00ab9c07,,classified_derived,기초지수 명시; 운용사·공식 출처 URL 존재; 자산군·투자대상 추출(주식/국내 미확인 주식전략),가능,직접 비교에 필요한 주식 전략·투자대상 미확인; 세부 투자대상 또는 만기·구성비율 미확인
KR7377990007,377990,TIGER Fn신재생에너지,FnGuide 신재생에너지 지수,주식,국내,산업·섹터,친환경 & 신재생에너지,국내 에너지·신재생에너지,에너지-신재생에너지-국내-에너지-신재생에너지-b906c58a56,passive,plain,neutral,1X,unhedged_or_not_applicable,physical_or_unspecified,unknown,PG-주식-국내-산업-섹터-에너지-신재생에너지-국내-에너지-신재생에너지-b30abd3b1f,,verified_official,기초지수 명시; 운용사·공식 출처 URL 존재; 자산군·투자대상 추출(주식/국내 에너지·신재생에너지),가능,
KR7379780000,379780,RISE 미국S&P500,S&P 500,주식,미국,대표지수,S&P 500 시장대표,미국 S&P500,S&P500,passive,plain,neutral,1X,unhedged,physical_or_unspecified,broad,PG-주식-미국-대표지수-S-P500-미국-S-P500-S-P500-P-c2eb6d3f91,,verified_official,기초지수 명시; 운용사·공식 출처 URL 존재; 자산군·투자대상 추출(주식/미국 S&P500),가능,
KR7379790009,379790,RISE 유로스탁스50(H),EURO STOXX 50 Index,주식,유럽,기타특수구조,미확인 주식전략,유럽 미확인 주식전략,미확인-주식전략-유럽-미확인-주식전략-fda82dbade,passive,plain,neutral,1X,hedged,physical_or_unspecified,unknown,PG-PENDING-379790-c58b4fb735,,classified_derived,기초지수 명시; 운용사·공식 출처 URL 존재; 자산군·투자대상 추출(주식/유럽 미확인 주식전략),가능,직접 비교에 필요한 주식 전략·투자대상 미확인; 세부 투자대상 또는 만기·구성비율 미확인
KR7379800006,379800,KODEX 미국S&P500,S&P 500,주식,미국,대표지수,S&P 500 시장대표,미국 S&P500,S&P500,passive,plain,neutral,1X,unhedged,physical_or_unspecified,broad,PG-주식-미국-대표지수-S-P500-미국-S-P500-S-P500-P-c2eb6d3f91,,verified_official,기초지수 명시; 운용사·공식 출처 URL 존재; 자산군·투자대상 추출(주식/미국 S&P500),가능,
KR7379810005,379810,KODEX 미국나스닥100,NASDAQ 100,주식,미국,대표지수,나스닥 100 코어,미국 나스닥100,NASDAQ100,passive,plain,neutral,1X,unhedged,physical_or_unspecified,broad,PG-주식-미국-대표지수-나스닥100-미국-나스닥100-NASDAQ10-07ea923e6f,,verified_official,기초지수 명시; 운용사·공식 출처 URL 존재; 자산군·투자대상 추출(주식/미국 나스닥100),가능,
KR7380340000,380340,ACE 코리아AI테크핵심산업,FnGuide 코리아AI테크핵심산업지수 (Price Return),주식,국내,기타특수구조,미확인 주식전략,국내 미확인 주식전략,미확인-주식전략-국내-미확인-주식전략-46eed209b8,passive,plain,neutral,1X,unhedged_or_not_applicable,physical_or_unspecified,unknown,PG-PENDING-380340-60d3734f19,,classified_derived,기초지수 명시; 운용사·공식 출처 URL 존재; 자산군·투자대상 추출(주식/국내 미확인 주식전략),가능,직접 비교에 필요한 주식 전략·투자대상 미확인; 세부 투자대상 또는 만기·구성비율 미확인
KR7381170000,381170,TIGER 미국테크TOP10 INDXX,Indxx US Tech Top 10 Index,주식,미국,기타특수구조,미국 빅테크 (M7),미국 미확인 주식전략,미확인-주식전략-미국-미확인-주식전략-bf6afc4d9f,passive,plain,neutral,1X,unhedged,physical_or_unspecified,concentrated,PG-PENDING-381170-ed75b03529,,classified_derived,기초지수 명시; 운용사·공식 출처 URL 존재; 자산군·투자대상 추출(주식/미국 미확인 주식전략),가능,직접 비교에 필요한 주식 전략·투자대상 미확인; 세부 투자대상 또는 만기·구성비율 미확인
KR7381180009,381180,TIGER 미국필라델피아반도체나스닥,PHLX Semiconductor Sector Index,주식,미국,산업·섹터,글로벌 AI 반도체,미국 반도체,반도체-미국-반도체-e09cd52751,passive,plain,neutral,1X,unhedged,physical_or_unspecified,unknown,PG-주식-미국-산업-섹터-반도체-미국-반도체-반도체-미국-반도체-E0-e607778dbd,,verified_official,기초지수 명시; 운용사·공식 출처 URL 존재; 자산군·투자대상 추출(주식/미국 반도체),가능,
KR7381560002,381560,HANARO Fn전기&수소차,FnGuide 전기&수소차 지수 (시장가격),주식,국내,기타특수구조,친환경 & 신재생에너지,국내 미확인 주식전략,미확인-주식전략-국내-미확인-주식전략-46eed209b8,passive,plain,neutral,1X,unhedged_or_not_applicable,physical_or_unspecified,unknown,PG-PENDING-381560-22ca5843ec,,classified_derived,기초지수 명시; 운용사·공식 출처 URL 존재; 자산군·투자대상 추출(주식/국내 미확인 주식전략),가능,직접 비교에 필요한 주식 전략·투자대상 미확인; 세부 투자대상 또는 만기·구성비율 미확인
KR7381570001,381570,HANARO Fn친환경에너지,FnGuide 친환경에너지 지수 (시장가격),주식,국내,산업·섹터,친환경 & 신재생에너지,국내 에너지·신재생에너지,에너지-신재생에너지-국내-에너지-신재생에너지-b906c58a56,passive,plain,neutral,1X,unhedged_or_not_applicable,physical_or_unspecified,unknown,PG-주식-국내-산업-섹터-에너지-신재생에너지-국내-에너지-신재생에너지-b30abd3b1f,,verified_official,기초지수 명시; 운용사·공식 출처 URL 존재; 자산군·투자대상 추출(주식/국내 에너지·신재생에너지),가능,
KR7385510003,385510,KODEX 신재생에너지액티브,FnGuide K-신재생에너지 플러스 지수,주식,국내,산업·섹터,친환경 & 신재생에너지,국내 에너지·신재생에너지,에너지-신재생에너지-국내-에너지-신재생에너지-b906c58a56,active,plain,neutral,1X,unhedged_or_not_applicable,active,unknown,PG-주식-국내-산업-섹터-에너지-신재생에너지-국내-에너지-신재생에너지-b30abd3b1f,,verified_official,기초지수 명시; 운용사·공식 출처 URL 존재; 자산군·투자대상 추출(주식/국내 에너지·신재생에너지),가능,
KR7385520002,385520,KODEX 자율주행액티브,FnGuide K-미래차 지수,주식,국내,기타특수구조,자동차 & 스마트모빌리티,국내 미확인 주식전략,미확인-주식전략-국내-미확인-주식전략-46eed209b8,active,plain,neutral,1X,unhedged_or_not_applicable,active,unknown,PG-PENDING-385520-7b4c825ebc,,classified_derived,기초지수 명시; 운용사·공식 출처 URL 존재; 자산군·투자대상 추출(주식/국내 미확인 주식전략),가능,직접 비교에 필요한 주식 전략·투자대상 미확인; 세부 투자대상 또는 만기·구성비율 미확인
KR7385540000,385540,RISE 종합채권(A-이상)액티브,KIS 종합채권 지수(A-이상)(총수익지수),채권,국내,채권,우량 회사채·금융채,국내 채권 만기미확인 등급미확인,BOND_국내-채권-만기미확인-등급미확인-893e3e68b3,active,bond_coupon,neutral,1X,unhedged_or_not_applicable,active,unknown,PG-PENDING-385540-14f3107597,,classified_derived,기초지수 명시; 운용사·공식 출처 URL 존재; 자산군·투자대상 추출(채권/국내 채권 만기미확인 등급미확인),가능,세부 투자대상 또는 만기·구성비율 미확인
KR7385550009,385550,RISE 단기채권알파액티브,KIS 단기채권알파지수(AA-이상)(총수익지수),채권,국내,채권,국내 단기·초단기채,국내 채권 단기 AA,BOND_국내-채권-단기-AA-4c9b467fdf,active,bond_coupon,neutral,1X,unhedged_or_not_applicable,active,unknown,PG-채권-국내-채권-채권-국내-채권-단기-AA-BOND-국내-채권-단-1288e7cb89,,verified_official,기초지수 명시; 운용사·공식 출처 URL 존재; 자산군·투자대상 추출(채권/국내 채권 단기 AA),가능,
KR7385560008,385560,RISE KIS국고채30년Enhanced,KIS 국고채30년Enhanced지수(시장가격),채권,국내,채권,국내 장기국채,국내 채권 장기 등급미확인,BOND_국내-채권-장기-등급미확인-f457d22418,passive,bond_coupon,neutral,1X,unhedged_or_not_applicable,physical_or_unspecified,unknown,PG-PENDING-385560-535e79dcee,,classified_derived,기초지수 명시; 운용사·공식 출처 URL 존재; 자산군·투자대상 추출(채권/국내 채권 장기 등급미확인),가능,세부 투자대상 또는 만기·구성비율 미확인
KR7385590005,385590,ACE ESG액티브,MSCI Korea Country ESG Leaders Custom Capped Price return Index,주식,국내,스타일·팩터,스타일·팩터,국내 ESG 리더스,ESG_KOREA,active,bond_coupon,neutral,1X,unhedged_or_not_applicable,active,unknown,PG-PENDING-385590-a142f104f6,,conflict_resolved,기초지수 명시; 운용사·공식 출처 URL 존재; 자산군·투자대상 추출(채권/국내 국채 만기미확인 등급미확인),가능,세부 투자대상 또는 만기·구성비율 미확인; 기존 자산분류와 비교분류 추론값 충돌
KR7385600002,385600,ACE 2차전지&친환경차액티브,FnGuide 친환경 자동차 밸류체인 지수,주식,국내,산업·섹터,2차전지 셀 & 소재,국내 자동차·모빌리티,자동차-모빌리티-국내-자동차-모빌리티-8d473faf1b,active,plain,neutral,1X,unhedged_or_not_applicable,active,unknown,PG-주식-국내-산업-섹터-자동차-모빌리티-국내-자동차-모빌리티-자동차-7f7ba1f1bb,,verified_official,기초지수 명시; 운용사·공식 출처 URL 존재; 자산군·투자대상 추출(주식/국내 자동차·모빌리티),가능,
KR7385710009,385710,TIME K이노베이션액티브,KRX BBIG 지수,주식,국내,기타특수구조,미확인 주식전략,국내 미확인 주식전략,미확인-주식전략-국내-미확인-주식전략-46eed209b8,active,plain,neutral,1X,unhedged_or_not_applicable,active,unknown,PG-PENDING-385710-91152dd83b,,classified_derived,기초지수 명시; 자산군·투자대상 추출(주식/국내 미확인 주식전략),,직접 비교에 필요한 주식 전략·투자대상 미확인; 세부 투자대상 또는 만기·구성비율 미확인
KR7385720008,385720,TIME 코스피액티브,코스피,주식,국내,기타특수구조,미확인 주식전략,국내 미확인 주식전략,미확인-주식전략-국내-미확인-주식전략-46eed209b8,active,plain,neutral,1X,unhedged_or_not_applicable,active,unknown,PG-PENDING-385720-1e9816693e,,classified_derived,기초지수 명시; 자산군·투자대상 추출(주식/국내 미확인 주식전략),,직접 비교에 필요한 주식 전략·투자대상 미확인; 세부 투자대상 또는 만기·구성비율 미확인
KR7387270002,387270,TIGER 글로벌이노베이션액티브,NASDAQ 100,주식,미국,대표지수,나스닥 100 코어,미국 나스닥100,NASDAQ100,active,plain,neutral,1X,unhedged,active,broad,PG-주식-미국-대표지수-나스닥100-미국-나스닥100-NASDAQ10-07ea923e6f,,verified_official,기초지수 명시; 운용사·공식 출처 URL 존재; 자산군·투자대상 추출(주식/미국 나스닥100),가능,
KR7387280001,387280,TIGER 퓨처모빌리티액티브,FnGuide 퓨처모빌리티 지수,주식,국내,산업·섹터,자동차 & 스마트모빌리티,국내 자동차·모빌리티,자동차-모빌리티-국내-자동차-모빌리티-8d473faf1b,active,plain,neutral,1X,unhedged_or_not_applicable,active,unknown,PG-주식-국내-산업-섹터-자동차-모빌리티-국내-자동차-모빌리티-자동차-7f7ba1f1bb,,verified_official,기초지수 명시; 운용사·공식 출처 URL 존재; 자산군·투자대상 추출(주식/국내 자동차·모빌리티),가능,
KR7388280000,388280,RISE K엔터&여행레저,FnGuide K엔터&여행레저 지수,주식,국내,산업·섹터,K-엔터 & 미디어·게임,국내 미디어·게임·엔터테인먼트,미디어-게임-엔터테인먼트-국내-미디어-게임-엔터테인먼트-0ac91da332,passive,plain,neutral,1X,unhedged_or_not_applicable,physical_or_unspecified,unknown,PG-주식-국내-산업-섹터-미디어-게임-엔터테인먼트-국내-미디어-게임--48c79cc9a6,,verified_official,기초지수 명시; 운용사·공식 출처 URL 존재; 자산군·투자대상 추출(주식/국내 미디어·게임·엔터테인먼트),가능,
KR7388420002,388420,RISE 비메모리반도체액티브,iSelect 비메모리반도체 지수(시장가격지수),주식,국내,산업·섹터,전통 반도체 소부장,국내 반도체,반도체-국내-반도체-0ed1f11677,active,plain,neutral,1X,unhedged_or_not_applicable,active,unknown,PG-주식-국내-산업-섹터-반도체-국내-반도체-반도체-국내-반도체-0E-f4bdfa635d,,verified_official,기초지수 명시; 운용사·공식 출처 URL 존재; 자산군·투자대상 추출(주식/국내 반도체),가능,
KR7390390003,390390,KODEX 미국반도체,MVIS US Listed Semiconductor 25 Index,주식,미국,산업·섹터,글로벌 AI 반도체,미국 반도체,반도체-미국-반도체-e09cd52751,passive,plain,neutral,1X,unhedged,physical_or_unspecified,unknown,PG-주식-미국-산업-섹터-반도체-미국-반도체-반도체-미국-반도체-E0-e607778dbd,,verified_official,기초지수 명시; 운용사·공식 출처 URL 존재; 자산군·투자대상 추출(주식/미국 반도체),가능,
KR7390400000,390400,KODEX 미국스마트모빌리티S&P,S&P Kensho Smart Transportation,주식,미국,산업·섹터,전기차 & 자율주행,미국 자동차·모빌리티,자동차-모빌리티-미국-자동차-모빌리티-6f7e32a606,passive,plain,neutral,1X,unhedged,physical_or_unspecified,unknown,PG-주식-미국-산업-섹터-자동차-모빌리티-미국-자동차-모빌리티-자동차-d37f4277a0,,verified_official,기초지수 명시; 운용사·공식 출처 URL 존재; 자산군·투자대상 추출(주식/미국 자동차·모빌리티),가능,
KR7391600004,391600,ACE 미국친환경그린테마,Indxx US Green Infrastructure Price return Index,주식,미국,산업·섹터,건설·인프라,미국 건설·인프라,건설-인프라-미국-건설-인프라-e7af05aea6,passive,plain,neutral,1X,unhedged,physical_or_unspecified,unknown,PG-주식-미국-산업-섹터-건설-인프라-미국-건설-인프라-건설-인프라--6487fcdd06,,verified_official,기초지수 명시; 운용사·공식 출처 URL 존재; 자산군·투자대상 추출(주식/미국 건설·인프라),가능,
KR7391670007,391670,HK 베스트일레븐액티브,코스피 200,주식,국내,기타특수구조,미확인 주식전략,국내 미확인 주식전략,미확인-주식전략-국내-미확인-주식전략-46eed209b8,active,plain,neutral,1X,unhedged_or_not_applicable,active,broad,PG-PENDING-391670-51308ab99e,,classified_derived,기초지수 명시; 자산군·투자대상 추출(주식/국내 미확인 주식전략),,직접 비교에 필요한 주식 전략·투자대상 미확인; 세부 투자대상 또는 만기·구성비율 미확인
KR7394660005,394660,TIGER 글로벌자율주행&전기차SOLACTIVE,Solactive Autonomous & Electric Vehicles 지수(PR),주식,미국,기타특수구조,전기차 & 자율주행,미국 미확인 주식전략,미확인-주식전략-미국-미확인-주식전략-bf6afc4d9f,active,plain,neutral,1X,unhedged,active,unknown,PG-PENDING-394660-e1ff5030b7,,classified_derived,기초지수 명시; 운용사·공식 출처 URL 존재; 자산군·투자대상 추출(주식/미국 미확인 주식전략),가능,직접 비교에 필요한 주식 전략·투자대상 미확인; 세부 투자대상 또는 만기·구성비율 미확인
KR7394670004,394670,TIGER 글로벌리튬&2차전지SOLACTIVE(합성),Solactive Global Lithium 지수(PR),주식,글로벌,산업·섹터,2차전지 셀 & 소재,글로벌 2차전지·배터리 소재,2차전지-배터리-소재-글로벌-2차전지-배터리-소재-67b702e271,active,plain,neutral,1X,unhedged,synthetic,unknown,PG-주식-글로벌-산업-섹터-2차전지-배터리-소재-글로벌-2차전지-배터-7663cbbcf9,,verified_official,기초지수 명시; 운용사·공식 출처 URL 존재; 자산군·투자대상 추출(주식/글로벌 2차전지·배터리 소재),가능,
KR7395150006,395150,KODEX 웹툰&드라마,FnGuide 웹툰&드라마 지수,주식,국내,기타특수구조,K-엔터 & 미디어·게임,국내 미확인 주식전략,미확인-주식전략-국내-미확인-주식전략-46eed209b8,passive,plain,neutral,1X,unhedged_or_not_applicable,physical_or_unspecified,unknown,PG-PENDING-395150-8c5a482958,,classified_derived,기초지수 명시; 운용사·공식 출처 URL 존재; 자산군·투자대상 추출(주식/국내 미확인 주식전략),가능,직접 비교에 필요한 주식 전략·투자대상 미확인; 세부 투자대상 또는 만기·구성비율 미확인
KR7395160005,395160,KODEX AI반도체TOP2플러스,FnGuide AI반도체 TOP2+ 지수,주식,국내,산업·섹터,AI 반도체 & HBM,국내 반도체,반도체-국내-반도체-0ed1f11677,passive,plain,neutral,1X,unhedged_or_not_applicable,physical_or_unspecified,ultra_concentrated,PG-주식-국내-산업-섹터-반도체-국내-반도체-반도체-국내-반도체-0E-f4bdfa635d,,verified_official,기초지수 명시; 운용사·공식 출처 URL 존재; 자산군·투자대상 추출(주식/국내 반도체),가능,
KR7395170004,395170,KODEX Top10동일가중,FnGuide TOP10 동일가중 지수,주식,국내,기타특수구조,미확인 주식전략,국내 미확인 주식전략,미확인-주식전략-국내-미확인-주식전략-46eed209b8,passive,plain,neutral,1X,unhedged_or_not_applicable,physical_or_unspecified,concentrated,PG-PENDING-395170-c30f448eb9,,classified_derived,기초지수 명시; 운용사·공식 출처 URL 존재; 자산군·투자대상 추출(주식/국내 미확인 주식전략),가능,직접 비교에 필요한 주식 전략·투자대상 미확인; 세부 투자대상 또는 만기·구성비율 미확인
KR7395270002,395270,HANARO Fn K-반도체,FnGuide K-반도체 지수,주식,국내,산업·섹터,전통 반도체 소부장,국내 반도체,반도체-국내-반도체-0ed1f11677,passive,plain,neutral,1X,unhedged_or_not_applicable,physical_or_unspecified,unknown,PG-주식-국내-산업-섹터-반도체-국내-반도체-반도체-국내-반도체-0E-f4bdfa635d,,verified_official,기초지수 명시; 운용사·공식 출처 URL 존재; 자산군·투자대상 추출(주식/국내 반도체),가능,
KR7395280001,395280,HANARO Fn K-게임,FnGuide K-게임 지수,주식,국내,산업·섹터,K-엔터 & 미디어·게임,국내 미디어·게임·엔터테인먼트,미디어-게임-엔터테인먼트-국내-미디어-게임-엔터테인먼트-0ac91da332,passive,plain,neutral,1X,unhedged_or_not_applicable,physical_or_unspecified,unknown,PG-주식-국내-산업-섹터-미디어-게임-엔터테인먼트-국내-미디어-게임--48c79cc9a6,,verified_official,기초지수 명시; 운용사·공식 출처 URL 존재; 자산군·투자대상 추출(주식/국내 미디어·게임·엔터테인먼트),가능,
KR7395290000,395290,HANARO Fn K-POP&미디어,FnGuide K-POP & 미디어 지수,주식,국내,산업·섹터,K-엔터 & 미디어·게임,국내 미디어·게임·엔터테인먼트,미디어-게임-엔터테인먼트-국내-미디어-게임-엔터테인먼트-0ac91da332,passive,plain,neutral,1X,unhedged_or_not_applicable,physical_or_unspecified,unknown,PG-주식-국내-산업-섹터-미디어-게임-엔터테인먼트-국내-미디어-게임--48c79cc9a6,,verified_official,기초지수 명시; 운용사·공식 출처 URL 존재; 자산군·투자대상 추출(주식/국내 미디어·게임·엔터테인먼트),가능,
KR7395750003,395750,PLUS ESG가치주액티브,FnGuide 한화 ESG 가치 지수,주식,국내,스타일·팩터,스타일·팩터,국내 스타일·팩터,스타일-팩터-국내-스타일-팩터-bbac88fc35,active,plain,neutral,1X,unhedged_or_not_applicable,active,unknown,PG-주식-국내-스타일-팩터-스타일-팩터-국내-스타일-팩터-스타일-팩터-ac65317623,,verified_official,기초지수 명시; 운용사·공식 출처 URL 존재; 자산군·투자대상 추출(주식/국내 스타일·팩터),가능,
KR7395760002,395760,PLUS ESG성장주액티브,FnGuide 한화 ESG 성장 지수,주식,국내,스타일·팩터,스타일·팩터,국내 스타일·팩터,스타일-팩터-국내-스타일-팩터-bbac88fc35,active,plain,neutral,1X,unhedged_or_not_applicable,active,unknown,PG-주식-국내-스타일-팩터-스타일-팩터-국내-스타일-팩터-스타일-팩터-ac65317623,,verified_official,기초지수 명시; 운용사·공식 출처 URL 존재; 자산군·투자대상 추출(주식/국내 스타일·팩터),가능,
KR7396500001,396500,TIGER 반도체TOP10,FnGuide 반도체TOP10 지수,주식,국내,산업·섹터,전통 반도체 소부장,국내 반도체,반도체-국내-반도체-0ed1f11677,passive,plain,neutral,1X,unhedged_or_not_applicable,physical_or_unspecified,concentrated,PG-주식-국내-산업-섹터-반도체-국내-반도체-반도체-국내-반도체-0E-f4bdfa635d,,verified_official,기초지수 명시; 운용사·공식 출처 URL 존재; 자산군·투자대상 추출(주식/국내 반도체),가능,
KR7396510000,396510,TIGER 차이나클린에너지SOLACTIVE,Solactive China Clean Energy 지수(PR),주식,중국,산업·섹터,글로벌 신재생에너지,중국 에너지·신재생에너지,에너지-신재생에너지-중국-에너지-신재생에너지-2e82598ef8,active,plain,neutral,1X,unhedged,active,unknown,PG-주식-중국-산업-섹터-에너지-신재생에너지-중국-에너지-신재생에너지-dd46ead895,,verified_official,기초지수 명시; 운용사·공식 출처 URL 존재; 자산군·투자대상 추출(주식/중국 에너지·신재생에너지),가능,
KR7396520009,396520,TIGER 차이나반도체FACTSET,FactSet China Semiconductor 지수(PR),주식,중국,산업·섹터,글로벌 AI 반도체,중국 반도체,반도체-중국-반도체-ec542f3fb2,passive,plain,neutral,1X,unhedged,physical_or_unspecified,unknown,PG-주식-중국-산업-섹터-반도체-중국-반도체-반도체-중국-반도체-EC-73a48444f9,,verified_official,기초지수 명시; 운용사·공식 출처 URL 존재; 자산군·투자대상 추출(주식/중국 반도체),가능,
KR7399110006,399110,SOL 미국S&P500ESG,S&P500 Scored&Screened(PR),주식,미국,대표지수,S&P 500 시장대표,미국 S&P500,S&P500,passive,plain,neutral,1X,unhedged,physical_or_unspecified,broad,PG-주식-미국-대표지수-S-P500-미국-S-P500-S-P500-P-c2eb6d3f91,,verified_official,기초지수 명시; 운용사·공식 출처 URL 존재; 자산군·투자대상 추출(주식/미국 S&P500),가능,
KR7399580000,399580,RISE 글로벌클린에너지,S&P Global Clean Energy Transition Index (Price Return),주식,미국,산업·섹터,글로벌 신재생에너지,미국 에너지·신재생에너지,에너지-신재생에너지-미국-에너지-신재생에너지-ea46e1131c,passive,plain,neutral,1X,unhedged,physical_or_unspecified,unknown,PG-주식-미국-산업-섹터-에너지-신재생에너지-미국-에너지-신재생에너지-2dd652bc89,,verified_official,기초지수 명시; 운용사·공식 출처 URL 존재; 자산군·투자대상 추출(주식/미국 에너지·신재생에너지),가능,
KR7400570008,400570,KODEX 유럽탄소배출권선물ICE(H),ICE EUA Carbon Futures Index(Excess Return),주식,유럽,기타특수구조,미확인 주식전략,유럽 미확인 주식전략,미확인-주식전략-유럽-미확인-주식전략-fda82dbade,passive,plain,neutral,1X,hedged,physical_or_unspecified,unknown,PG-PENDING-400570-80ec5ef762,,classified_derived,기초지수 명시; 운용사·공식 출처 URL 존재; 자산군·투자대상 추출(주식/유럽 미확인 주식전략),불가,직접 비교에 필요한 주식 전략·투자대상 미확인; 세부 투자대상 또는 만기·구성비율 미확인
KR7400580007,400580,SOL 유럽탄소배출권선물S&P(H),S&P GSCI Carbon Emission Allowances(EUA)(EUR)ER,주식,미국,기타특수구조,미확인 주식전략,미국 미확인 주식전략,미확인-주식전략-미국-미확인-주식전략-bf6afc4d9f,passive,plain,neutral,1X,hedged,physical_or_unspecified,unknown,PG-PENDING-400580-b79ac1439a,,classified_derived,기초지수 명시; 운용사·공식 출처 URL 존재; 자산군·투자대상 추출(주식/미국 미확인 주식전략),불가,직접 비교에 필요한 주식 전략·투자대상 미확인; 세부 투자대상 또는 만기·구성비율 미확인
KR7400590006,400590,SOL 글로벌탄소배출권선물ICE(합성),ICE Global Carbon Futures Index(Excess Return),주식,글로벌,기타특수구조,미확인 주식전략,글로벌 미확인 주식전략,미확인-주식전략-글로벌-미확인-주식전략-d0f070a455,passive,plain,neutral,1X,unhedged,synthetic,unknown,PG-PENDING-400590-bc85545d20,,classified_derived,기초지수 명시; 운용사·공식 출처 URL 존재; 자산군·투자대상 추출(주식/글로벌 미확인 주식전략),가능,직접 비교에 필요한 주식 전략·투자대상 미확인; 세부 투자대상 또는 만기·구성비율 미확인
KR7400970000,400970,TIGER Fn메타버스,FnGuide 메타버스테마 지수,주식,국내,단일·소수종목,단일종목,국내 단일종목,단일종목-국내-단일종목-d786075d21,passive,plain,neutral,1X,unhedged_or_not_applicable,physical_or_unspecified,single,PG-주식-국내-단일-소수종목-단일종목-국내-단일종목-단일종목-국내-단-962bdbee44,,verified_official,기초지수 명시; 운용사·공식 출처 URL 존재; 자산군·투자대상 추출(주식/국내 단일종목),https://www.tigeretf.com/upload/etf/20241108081855002033.pdf,
KR7401170006,401170,RISE 메타버스,iSelect 메타버스 지수(시장가격지수),주식,국내,단일·소수종목,단일종목,국내 단일종목,단일종목-국내-단일종목-d786075d21,passive,plain,neutral,1X,unhedged_or_not_applicable,physical_or_unspecified,single,PG-주식-국내-단일-소수종목-단일종목-국내-단일종목-단일종목-국내-단-962bdbee44,,verified_official,기초지수 명시; 운용사·공식 출처 URL 존재; 자산군·투자대상 추출(주식/국내 단일종목),https://www.riseetf.co.kr/prod/finderDetail/44C2,
KR7401470000,401470,KODEX 메타버스액티브,FnGuide K-메타버스 지수,주식,국내,단일·소수종목,단일종목,국내 단일종목,단일종목-국내-단일종목-d786075d21,active,plain,neutral,1X,unhedged_or_not_applicable,active,single,PG-주식-국내-단일-소수종목-단일종목-국내-단일종목-단일종목-국내-단-962bdbee44,,verified_official,기초지수 명시; 운용사·공식 출처 URL 존재; 자산군·투자대상 추출(주식/국내 단일종목),가능,
KR7401590005,401590,HANARO 글로벌탄소배출권선물ICE(합성),ICE Global Carbon Futures Index(Excess Return),주식,글로벌,기타특수구조,미확인 주식전략,글로벌 미확인 주식전략,미확인-주식전략-글로벌-미확인-주식전략-d0f070a455,passive,plain,neutral,1X,unhedged,synthetic,unknown,PG-PENDING-401590-aecaceb1ac,,classified_derived,기초지수 명시; 운용사·공식 출처 URL 존재; 자산군·투자대상 추출(주식/글로벌 미확인 주식전략),가능,직접 비교에 필요한 주식 전략·투자대상 미확인; 세부 투자대상 또는 만기·구성비율 미확인
KR7402460000,402460,HANARO Fn K-메타버스MZ,FnGuide K-메타버스 MZ 지수(시장가격),주식,국내,단일·소수종목,단일종목,국내 단일종목,단일종목-국내-단일종목-d786075d21,passive,plain,neutral,1X,unhedged_or_not_applicable,physical_or_unspecified,single,PG-주식-국내-단일-소수종목-단일종목-국내-단일종목-단일종목-국내-단-962bdbee44,,verified_official,기초지수 명시; 운용사·공식 출처 URL 존재; 자산군·투자대상 추출(주식/국내 단일종목),가능,
KR7402970008,402970,ACE 미국배당다우존스,Dow Jones U.S. Dividend 100 Price Return Index,주식,미국,배당·주주환원,미국 배당다우존스,미국 배당다우존스,DOW_JONES_DIVIDEND,passive,plain,neutral,1X,unhedged,physical_or_unspecified,broad,PG-주식-미국-배당-주주환원-배당다우존스-미국-배당다우존스-DOW-J-f14037f0fe,,verified_official,기초지수 명시; 운용사·공식 출처 URL 존재; 자산군·투자대상 추출(주식/미국 배당다우존스),가능,
KR7403790009,403790,MIDAS 코스피액티브,코스피,주식,국내,기타특수구조,미확인 주식전략,국내 미확인 주식전략,미확인-주식전략-국내-미확인-주식전략-46eed209b8,active,plain,neutral,1X,unhedged_or_not_applicable,active,unknown,PG-PENDING-403790-3b5269332b,,classified_derived,기초지수 명시; 자산군·투자대상 추출(주식/국내 미확인 주식전략),,직접 비교에 필요한 주식 전략·투자대상 미확인; 세부 투자대상 또는 만기·구성비율 미확인
KR7404120008,404120,TIME K신재생에너지액티브,KRX 기후변화 솔루션지수,주식,국내,산업·섹터,친환경 & 신재생에너지,국내 에너지·신재생에너지,에너지-신재생에너지-국내-에너지-신재생에너지-b906c58a56,active,plain,neutral,1X,unhedged_or_not_applicable,active,unknown,PG-주식-국내-산업-섹터-에너지-신재생에너지-국내-에너지-신재생에너지-b30abd3b1f,,auto_high_confidence,기초지수 명시; 자산군·투자대상 추출(주식/국내 에너지·신재생에너지),,
KR7404260002,404260,KODEX 기후변화솔루션,KRX 기후변화 솔루션지수,주식,국내,테마,기후테크,국내 기후테크,기후테크-국내-기후테크-379d660750,passive,plain,neutral,1X,unhedged_or_not_applicable,physical_or_unspecified,unknown,PG-주식-국내-테마-기후테크-국내-기후테크-기후테크-국내-기후테크-3-420b355700,,verified_official,기초지수 명시; 운용사·공식 출처 URL 존재; 자산군·투자대상 추출(주식/국내 기후테크),가능,
KR7404540007,404540,TIGER KRX기후변화솔루션,KRX 기후변화 솔루션지수,주식,국내,테마,기후테크,국내 기후테크,기후테크-국내-기후테크-379d660750,passive,plain,neutral,1X,unhedged_or_not_applicable,physical_or_unspecified,unknown,PG-주식-국내-테마-기후테크-국내-기후테크-기후테크-국내-기후테크-3-420b355700,,verified_official,기초지수 명시; 운용사·공식 출처 URL 존재; 자산군·투자대상 추출(주식/국내 기후테크),가능,
KR7404650004,404650,SOL KRX기후변화솔루션,KRX 기후변화 솔루션지수,주식,국내,테마,기후테크,국내 기후테크,기후테크-국내-기후테크-379d660750,passive,plain,neutral,1X,unhedged_or_not_applicable,physical_or_unspecified,unknown,PG-주식-국내-테마-기후테크-국내-기후테크-기후테크-국내-기후테크-3-420b355700,,verified_official,기초지수 명시; 운용사·공식 출처 URL 존재; 자산군·투자대상 추출(주식/국내 기후테크),가능,
KR7407300003,407300,HANARO Fn골프테마,FnGuide 골프 테마 지수,주식,국내,기타특수구조,미확인 주식전략,국내 미확인 주식전략,미확인-주식전략-국내-미확인-주식전략-46eed209b8,passive,plain,neutral,1X,unhedged_or_not_applicable,physical_or_unspecified,unknown,PG-PENDING-407300-36bcd979de,,classified_derived,기초지수 명시; 운용사·공식 출처 URL 존재; 자산군·투자대상 추출(주식/국내 미확인 주식전략),가능,직접 비교에 필요한 주식 전략·투자대상 미확인; 세부 투자대상 또는 만기·구성비율 미확인
KR7407310002,407310,HANARO 200 TOP10,코스피 200 Top 10 지수,주식,국내,기타특수구조,미확인 주식전략,국내 미확인 주식전략,미확인-주식전략-국내-미확인-주식전략-46eed209b8,passive,plain,neutral,1X,unhedged_or_not_applicable,physical_or_unspecified,concentrated,PG-PENDING-407310-e242ab8d92,,classified_derived,기초지수 명시; 운용사·공식 출처 URL 존재; 자산군·투자대상 추출(주식/국내 미확인 주식전략),가능,직접 비교에 필요한 주식 전략·투자대상 미확인; 세부 투자대상 또는 만기·구성비율 미확인
KR7407820000,407820,에셋플러스 코리아플랫폼액티브,FnGuide 플랫폼 지수(Price Return),주식,국내,기타특수구조,미확인 주식전략,국내 미확인 주식전략,미확인-주식전략-국내-미확인-주식전략-46eed209b8,active,plain,neutral,1X,unhedged_or_not_applicable,active,unknown,PG-PENDING-407820-9c2c4092a4,,classified_derived,기초지수 명시; 자산군·투자대상 추출(주식/국내 미확인 주식전략),,직접 비교에 필요한 주식 전략·투자대상 미확인; 세부 투자대상 또는 만기·구성비율 미확인
KR7407830009,407830,에셋플러스 글로벌플랫폼액티브,S&P 500,주식,미국,대표지수,S&P 500 시장대표,미국 S&P500,S&P500,active,plain,neutral,1X,unhedged,active,broad,PG-주식-미국-대표지수-S-P500-미국-S-P500-S-P500-P-c2eb6d3f91,,auto_high_confidence,기초지수 명시; 자산군·투자대상 추출(주식/미국 S&P500),,
KR7409810009,409810,KODEX 미국나스닥100선물인버스(H),NASDAQ 100,주식,미국,대표지수,나스닥 100 코어,미국 나스닥100,NASDAQ100,inverse,inverse,short,1X,hedged,physical_or_unspecified,broad,PG-주식-미국-대표지수-나스닥100-미국-나스닥100-NASDAQ10-2ad7eb549f,,verified_official,기초지수 명시; 운용사·공식 출처 URL 존재; 상품명 구조표시(inverse); 자산군·투자대상 추출(주식/미국 나스닥100),불가,
KR7409820008,409820,KODEX 미국나스닥100레버리지(합성 H),NASDAQ 100,주식,미국,대표지수,나스닥 100 코어,미국 나스닥100,NASDAQ100,leveraged,leveraged,long,2X,hedged,synthetic,broad,PG-주식-미국-대표지수-나스닥100-미국-나스닥100-NASDAQ10-370cb32fc2,,verified_official,기초지수 명시; 운용사·공식 출처 URL 존재; 상품명 구조표시(leveraged); 자산군·투자대상 추출(주식/미국 나스닥100),불가,
KR7410870000,410870,TIME K컬처액티브,FnGuide K-컬처 지수,주식,국내,테마,K컬처,국내 K컬처,K컬처-국내-K컬처-ee781d865e,active,plain,neutral,1X,unhedged_or_not_applicable,active,unknown,PG-주식-국내-테마-K컬처-국내-K컬처-K컬처-국내-K컬처-EE781-24bbdb41cd,,auto_high_confidence,기초지수 명시; 자산군·투자대상 추출(주식/국내 K컬처),,
KR7411060007,411060,ACE KRX금현물,KRX 금현물지수,원자재,국내,원자재,귀금속 (금·은·팔라듐),기타원자재 spot,COMMODITY_기타원자재-SPOT-a5b41ca776,passive,spot,neutral,1X,unhedged,physical_or_unspecified,unknown,PG-원자재-해당없음-원자재-기타원자재-기타원자재-SPOT-COMMOD-248f4f27d3,,verified_official,기초지수 명시; 운용사·공식 출처 URL 존재; 자산군·투자대상 추출(원자재/기타원자재 spot),가능,
KR7411420003,411420,KODEX 미국나스닥AI테크액티브,Nasdaq CB Insights Metaverse US Index (Price Return),주식,미국,단일·소수종목,단일종목,미국 단일종목,단일종목-미국-단일종목-8a16a0bfdf,active,plain,neutral,1X,unhedged,active,single,PG-주식-미국-단일-소수종목-단일종목-미국-단일종목-단일종목-미국-단-e74c3f9bef,,verified_official,기초지수 명시; 운용사·공식 출처 URL 존재; 자산군·투자대상 추출(주식/미국 단일종목),가능,
KR7411540008,411540,SOL 200 Top10,코스피 200 Top 10 지수,주식,국내,기타특수구조,미확인 주식전략,국내 미확인 주식전략,미확인-주식전략-국내-미확인-주식전략-46eed209b8,passive,plain,neutral,1X,unhedged_or_not_applicable,physical_or_unspecified,concentrated,PG-PENDING-411540-d7de7e5676,,classified_derived,기초지수 명시; 운용사·공식 출처 URL 존재; 자산군·투자대상 추출(주식/국내 미확인 주식전략),가능,직접 비교에 필요한 주식 전략·투자대상 미확인; 세부 투자대상 또는 만기·구성비율 미확인
KR7411860000,411860,KIWOOM 독일DAX,DAX Index(PR),주식,유럽,기타특수구조,미확인 주식전략,유럽 미확인 주식전략,미확인-주식전략-유럽-미확인-주식전략-fda82dbade,passive,plain,neutral,1X,unhedged,physical_or_unspecified,unknown,PG-PENDING-411860-c8b3b6a1db,,classified_derived,기초지수 명시; 운용사·공식 출처 URL 존재; 자산군·투자대상 추출(주식/유럽 미확인 주식전략),가능,직접 비교에 필요한 주식 전략·투자대상 미확인; 세부 투자대상 또는 만기·구성비율 미확인
KR7412560005,412560,TIGER BBIG레버리지,KRX BBIG 지수,주식,국내,기타특수구조,미확인 주식전략,국내 미확인 주식전략,미확인-주식전략-국내-미확인-주식전략-46eed209b8,leveraged,leveraged,long,2X,unhedged_or_not_applicable,physical_or_unspecified,unknown,PG-PENDING-412560-3bd7e932c7,,classified_derived,기초지수 명시; 운용사·공식 출처 URL 존재; 상품명 구조표시(leveraged); 자산군·투자대상 추출(주식/국내 미확인 주식전략),불가,직접 비교에 필요한 주식 전략·투자대상 미확인; 세부 투자대상 또는 만기·구성비율 미확인
KR7412570004,412570,TIGER 2차전지TOP10레버리지,KRX 2차전지 TOP 10 지수,주식,국내,산업·섹터,2차전지 셀 & 소재,국내 2차전지·배터리 소재,2차전지-배터리-소재-국내-2차전지-배터리-소재-1367e96ce1,leveraged,leveraged,long,2X,unhedged_or_not_applicable,physical_or_unspecified,concentrated,PG-주식-국내-산업-섹터-2차전지-배터리-소재-국내-2차전지-배터리--569fca1653,,verified_official,기초지수 명시; 운용사·공식 출처 URL 존재; 상품명 구조표시(leveraged); 자산군·투자대상 추출(주식/국내 2차전지·배터리 소재),불가,
KR7412770000,412770,TIGER 글로벌AI플랫폼액티브,Indxx Global Metaverse Index (Price Return),주식,글로벌,단일·소수종목,생성형 AI & 소프트웨어,글로벌 단일종목,단일종목-글로벌-단일종목-8acb920e2c,active,plain,neutral,1X,unhedged,active,single,PG-주식-글로벌-단일-소수종목-단일종목-글로벌-단일종목-단일종목-글로-d470e4960c,,verified_official,기초지수 명시; 운용사·공식 출처 URL 존재; 자산군·투자대상 추출(주식/글로벌 단일종목),가능,
KR7413220005,413220,SOL 차이나태양광CSI(합성),CSI Photovoltaic Industry Index(PR),주식,중국,산업·섹터,글로벌 신재생에너지,중국 신재생에너지,친환경-신재생에너지-중국-신재생에너지-b27b9c1e11,passive,plain,neutral,1X,unhedged,synthetic,unknown,PG-PENDING-413220-f296d95e43,,verified_official,기초지수 명시; 운용사·공식 출처 URL 존재; 자산군·투자대상 추출(주식/중국 신재생에너지),가능,
KR7413930009,413930,WON AI ESG액티브,MK-iSelect AI ESG 지수(시장가격지수),주식,국내,테마,AI 반도체 & HBM,인공지능 일반,인공지능-인공지능-일반-4ef7c7155f,active,plain,neutral,1X,unhedged_or_not_applicable,active,unknown,PG-주식-국내-테마-인공지능-인공지능-일반-인공지능-인공지능-일반-4-acaf9c435b,,auto_high_confidence,기초지수 명시; 자산군·투자대상 추출(주식/인공지능 일반),,
KR7414270009,414270,ACE 글로벌자율주행액티브,FactSet US-China Electric&Autonomous Vehicle Price Return Index,주식,미국,기타특수구조,전기차 & 자율주행,미국 미확인 주식전략,미확인-주식전략-미국-미확인-주식전략-bf6afc4d9f,active,plain,neutral,1X,unhedged,active,unknown,PG-PENDING-414270-d94fdc11a6,,classified_derived,기초지수 명시; 운용사·공식 출처 URL 존재; 자산군·투자대상 추출(주식/미국 미확인 주식전략),가능,직접 비교에 필요한 주식 전략·투자대상 미확인; 세부 투자대상 또는 만기·구성비율 미확인
KR7414780007,414780,TIGER 차이나과창판STAR50(합성),STAR 50 Index(Price Return),주식,중국,기타특수구조,미확인 주식전략,중국 미확인 주식전략,미확인-주식전략-중국-미확인-주식전략-526c3d6249,passive,plain,neutral,1X,unhedged,synthetic,unknown,PG-PENDING-414780-a063c8190e,,classified_derived,기초지수 명시; 운용사·공식 출처 URL 존재; 자산군·투자대상 추출(주식/중국 미확인 주식전략),가능,직접 비교에 필요한 주식 전략·투자대상 미확인; 세부 투자대상 또는 만기·구성비율 미확인
KR7415340009,415340,KODEX 차이나과창판STAR50(합성),STAR 50 Index(Price Return),주식,중국,기타특수구조,미확인 주식전략,중국 미확인 주식전략,미확인-주식전략-중국-미확인-주식전략-526c3d6249,passive,plain,neutral,1X,unhedged,synthetic,unknown,PG-PENDING-415340-18d4f1643e,,classified_derived,기초지수 명시; 운용사·공식 출처 URL 존재; 자산군·투자대상 추출(주식/중국 미확인 주식전략),가능,직접 비교에 필요한 주식 전략·투자대상 미확인; 세부 투자대상 또는 만기·구성비율 미확인
KR7415760008,415760,SOL 차이나육성산업액티브(합성),STAR 50 Index(Price Return),주식,중국,기타특수구조,미확인 주식전략,중국 미확인 주식전략,미확인-주식전략-중국-미확인-주식전략-526c3d6249,active,plain,neutral,1X,unhedged,synthetic,unknown,PG-PENDING-415760-0cded2a073,,classified_derived,기초지수 명시; 운용사·공식 출처 URL 존재; 자산군·투자대상 추출(주식/중국 미확인 주식전략),가능,직접 비교에 필요한 주식 전략·투자대상 미확인; 세부 투자대상 또는 만기·구성비율 미확인
KR7415920008,415920,PLUS 글로벌희토류&전략자원생산기업,MVIS Global Rare Earth/Strategic Metals Index (Price Return),주식,미국,단일·소수종목,단일종목,미국 단일종목,단일종목-미국-단일종목-8a16a0bfdf,passive,plain,neutral,1X,unhedged,physical_or_unspecified,single,PG-주식-미국-단일-소수종목-단일종목-미국-단일종목-단일종목-미국-단-e74c3f9bef,,verified_official,기초지수 명시; 운용사·공식 출처 URL 존재; 자산군·투자대상 추출(주식/미국 단일종목),가능,
KR7416090009,416090,ACE 중국과창판STAR50,STAR 50 Index(Price Return),주식,중국,기타특수구조,미확인 주식전략,중국 미확인 주식전략,미확인-주식전략-중국-미확인-주식전략-526c3d6249,passive,plain,neutral,1X,unhedged,physical_or_unspecified,unknown,PG-PENDING-416090-b89fb29ddd,,classified_derived,기초지수 명시; 운용사·공식 출처 URL 존재; 자산군·투자대상 추출(주식/중국 미확인 주식전략),가능,직접 비교에 필요한 주식 전략·투자대상 미확인; 세부 투자대상 또는 만기·구성비율 미확인
KR7417450004,417450,RISE 글로벌수소경제,Indxx Hydrogen Economy Index (PR),주식,글로벌,기타특수구조,글로벌 신재생에너지,글로벌 미확인 주식전략,미확인-주식전략-글로벌-미확인-주식전략-d0f070a455,passive,plain,neutral,1X,unhedged,physical_or_unspecified,unknown,PG-PENDING-417450-83ad2724cc,,classified_derived,기초지수 명시; 운용사·공식 출처 URL 존재; 자산군·투자대상 추출(주식/글로벌 미확인 주식전략),가능,직접 비교에 필요한 주식 전략·투자대상 미확인; 세부 투자대상 또는 만기·구성비율 미확인
KR7417630001,417630,TIGER KEDI혁신기업ESG30,KEDI 혁신기업ESG30 지수(시장가격 지수),주식,국내,기타특수구조,미확인 주식전략,국내 미확인 주식전략,미확인-주식전략-국내-미확인-주식전략-46eed209b8,passive,plain,neutral,1X,unhedged_or_not_applicable,physical_or_unspecified,unknown,PG-PENDING-417630-89411423ea,,classified_derived,기초지수 명시; 운용사·공식 출처 URL 존재; 자산군·투자대상 추출(주식/국내 미확인 주식전략),가능,직접 비교에 필요한 주식 전략·투자대상 미확인; 세부 투자대상 또는 만기·구성비율 미확인
KR7418660007,418660,TIGER 미국나스닥100레버리지(합성),NASDAQ 100,주식,미국,대표지수,나스닥 100 코어,미국 나스닥100,NASDAQ100,leveraged,leveraged,long,2X,unhedged,synthetic,broad,PG-주식-미국-대표지수-나스닥100-미국-나스닥100-NASDAQ10-370cb32fc2,,verified_official,기초지수 명시; 운용사·공식 출처 URL 존재; 상품명 구조표시(leveraged); 자산군·투자대상 추출(주식/미국 나스닥100),불가,
KR7418670006,418670,TIGER 글로벌AI사이버보안,Indxx Cybersecurity 지수 (PR),주식,글로벌,기타특수구조,생성형 AI & 소프트웨어,글로벌 미확인 주식전략,미확인-주식전략-글로벌-미확인-주식전략-d0f070a455,passive,plain,neutral,1X,unhedged,physical_or_unspecified,unknown,PG-PENDING-418670-6cadf3ac2c,,classified_derived,기초지수 명시; 운용사·공식 출처 URL 존재; 자산군·투자대상 추출(주식/글로벌 미확인 주식전략),가능,직접 비교에 필요한 주식 전략·투자대상 미확인; 세부 투자대상 또는 만기·구성비율 미확인
KR7419420005,419420,KODEX 미국클린에너지나스닥,Nasdaq Clean Edge Green Energy Index (Price Return),주식,미국,산업·섹터,글로벌 신재생에너지,미국 에너지·신재생에너지,에너지-신재생에너지-미국-에너지-신재생에너지-ea46e1131c,passive,plain,neutral,1X,unhedged,physical_or_unspecified,unknown,PG-주식-미국-산업-섹터-에너지-신재생에너지-미국-에너지-신재생에너지-2dd652bc89,,verified_official,기초지수 명시; 운용사·공식 출처 URL 존재; 자산군·투자대상 추출(주식/미국 에너지·신재생에너지),가능,
KR7419430004,419430,KODEX 차이나2차전지MSCI(합성),MSCI China all shares IMI Select Batteries Index(Price Return),주식,중국,산업·섹터,2차전지 셀 & 소재,중국 2차전지·배터리 소재,2차전지-배터리-소재-중국-2차전지-배터리-소재-2edcda1034,passive,plain,neutral,1X,unhedged,synthetic,unknown,PG-주식-중국-산업-섹터-2차전지-배터리-소재-중국-2차전지-배터리--270058a154,,verified_official,기초지수 명시; 운용사·공식 출처 URL 존재; 자산군·투자대상 추출(주식/중국 2차전지·배터리 소재),가능,
KR7419650007,419650,PLUS 글로벌수소&차세대연료전지,BlueStar Hydrogen and NextGen Fuel Cell Index (시장가격),주식,미국,기타특수구조,글로벌 신재생에너지,미국 미확인 주식전략,미확인-주식전략-미국-미확인-주식전략-bf6afc4d9f,passive,plain,neutral,1X,unhedged,physical_or_unspecified,unknown,PG-PENDING-419650-8a45d5414d,,classified_derived,기초지수 명시; 운용사·공식 출처 URL 존재; 자산군·투자대상 추출(주식/미국 미확인 주식전략),가능,직접 비교에 필요한 주식 전략·투자대상 미확인; 세부 투자대상 또는 만기·구성비율 미확인
KR7419890009,419890,KIWOOM 단기채권ESG액티브,KIS ESG 9M~1.5Y,채권,국내,채권,국내 단기·초단기채,국내 채권 단기 등급미확인,BOND_국내-채권-단기-등급미확인-afa2e5ef57,active,bond_coupon,neutral,1X,unhedged_or_not_applicable,active,unknown,PG-PENDING-419890-5283c8eaa7,,classified_derived,기초지수 명시; 운용사·공식 출처 URL 존재; 자산군·투자대상 추출(채권/국내 채권 단기 등급미확인),가능,세부 투자대상 또는 만기·구성비율 미확인
KR7421320003,421320,PLUS 우주항공,iSelect 우주항공UAM 지수,주식,국내,테마,글로벌 우주항공 & 방산,국내 우주항공,우주항공-국내-우주항공-63c396074b,passive,plain,neutral,1X,unhedged_or_not_applicable,physical_or_unspecified,unknown,PG-주식-국내-테마-우주항공-국내-우주항공-우주항공-국내-우주항공-6-a96ae70430,,verified_official,기초지수 명시; 운용사·공식 출처 URL 존재; 자산군·투자대상 추출(주식/국내 우주항공),가능,
KR7422420000,422420,RISE 2차전지액티브,iSelect 2차전지 지수 (시장가격지수),주식,국내,산업·섹터,2차전지 셀 & 소재,국내 2차전지·배터리 소재,2차전지-배터리-소재-국내-2차전지-배터리-소재-1367e96ce1,active,plain,neutral,1X,unhedged_or_not_applicable,active,unknown,PG-주식-국내-산업-섹터-2차전지-배터리-소재-국내-2차전지-배터리--0cc60d36d9,,verified_official,기초지수 명시; 운용사·공식 출처 URL 존재; 자산군·투자대상 추출(주식/국내 2차전지·배터리 소재),가능,
KR7423160001,423160,KODEX KOFR금리액티브(합성),KOFR 지수,금리·파킹,국내,금리·파킹,금리·파킹,KOFR,RATE_KOFR-7c69b1923a,active,rate_return,neutral,1X,not_applicable,synthetic,unknown,PG-금리-파킹-해당없음-금리-파킹-금리-파킹-KOFR-RATE-KOF-ad0fa05348,,verified_official,기초지수 명시; 운용사·공식 출처 URL 존재; 자산군·투자대상 추출(금리·파킹/KOFR),가능,
KR7423170000,423170,SOL 글로벌AI반도체탑픽액티브,S&P Global Semiconductor Korea Tilted Index(PR),주식,미국,산업·섹터,글로벌 AI 반도체,미국 반도체,반도체-미국-반도체-e09cd52751,active,plain,neutral,1X,unhedged,active,unknown,PG-주식-미국-산업-섹터-반도체-미국-반도체-반도체-미국-반도체-E0-e607778dbd,,verified_official,기초지수 명시; 운용사·공식 출처 URL 존재; 자산군·투자대상 추출(주식/미국 반도체),가능,
KR7423920008,423920,TIGER 미국필라델피아반도체레버리지(합성),PHLX Semiconductor Sector Index,주식,미국,산업·섹터,글로벌 AI 반도체,미국 반도체,반도체-미국-반도체-e09cd52751,leveraged,leveraged,long,2X,unhedged,synthetic,unknown,PG-주식-미국-산업-섹터-반도체-미국-반도체-반도체-미국-반도체-E0-d65ee7cf20,,verified_official,기초지수 명시; 운용사·공식 출처 URL 존재; 상품명 구조표시(leveraged); 자산군·투자대상 추출(주식/미국 반도체),불가,
KR7426020004,426020,TIME 미국S&P500액티브,S&P 500,주식,미국,대표지수,S&P 500 시장대표,미국 S&P500,S&P500,active,plain,neutral,1X,unhedged,active,broad,PG-주식-미국-대표지수-S-P500-미국-S-P500-S-P500-P-c2eb6d3f91,,auto_high_confidence,기초지수 명시; 자산군·투자대상 추출(주식/미국 S&P500),,
KR7426030003,426030,TIME 미국나스닥100액티브,NASDAQ 100,주식,미국,대표지수,나스닥 100 코어,미국 나스닥100,NASDAQ100,active,plain,neutral,1X,unhedged,active,broad,PG-주식-미국-대표지수-나스닥100-미국-나스닥100-NASDAQ10-07ea923e6f,,auto_high_confidence,기초지수 명시; 자산군·투자대상 추출(주식/미국 나스닥100),,
KR7426150009,426150,WON 대한민국국고채액티브,KAP 한국 국고채 총수익 지수,채권,국내,채권,국내 장기국채,국내 채권 만기미확인 등급미확인,BOND_국내-채권-만기미확인-등급미확인-893e3e68b3,active,bond_coupon,neutral,1X,unhedged_or_not_applicable,active,unknown,PG-PENDING-426150-e96a0f6ea9,,classified_derived,기초지수 명시; 자산군·투자대상 추출(채권/국내 채권 만기미확인 등급미확인),,세부 투자대상 또는 만기·구성비율 미확인
KR7427120001,427120,RISE AI플랫폼,FnGuide AI 플랫폼 지수,주식,국내,테마,AI 반도체 & HBM,인공지능 일반,인공지능-인공지능-일반-4ef7c7155f,passive,plain,neutral,1X,unhedged_or_not_applicable,physical_or_unspecified,unknown,PG-주식-국내-테마-인공지능-인공지능-일반-인공지능-인공지능-일반-4-acaf9c435b,,verified_official,기초지수 명시; 운용사·공식 출처 URL 존재; 자산군·투자대상 추출(주식/인공지능 일반),가능,
KR7428510002,428510,KODEX 차이나AI테크액티브,Bloomberg China Media & Tech Index PR,주식,중국,기타특수구조,미확인 주식전략,중국 미확인 주식전략,미확인-주식전략-중국-미확인-주식전략-526c3d6249,active,plain,neutral,1X,unhedged,active,unknown,PG-PENDING-428510-0af7301381,,classified_derived,기초지수 명시; 운용사·공식 출처 URL 존재; 자산군·투자대상 추출(주식/중국 미확인 주식전략),가능,직접 비교에 필요한 주식 전략·투자대상 미확인; 세부 투자대상 또는 만기·구성비율 미확인
KR7428560007,428560,KODEX 미국ETF산업Top10 Indxx,Indxx US ETF Industry Top10 Index(Price Return),주식,미국,산업·섹터,금융·은행·증권·보험,미국 ETF 산업,FINANCIAL_US,passive,bond_coupon,neutral,1X,unhedged,physical_or_unspecified,concentrated,PG-PENDING-428560-fc8e11e3d3,,conflict_resolved,기초지수 명시; 운용사·공식 출처 URL 존재; 자산군·투자대상 추출(채권/미국 국채 만기미확인 등급미확인),가능,세부 투자대상 또는 만기·구성비율 미확인; 기존 자산분류와 비교분류 추론값 충돌
KR7429000003,429000,TIGER 미국S&P500배당귀족,S&P 500 Dividend Aristocrats 지수 (Price Return),주식,미국,대표지수,미국 배당다우존스,미국 S&P500,S&P500,passive,plain,neutral,1X,unhedged,physical_or_unspecified,broad,PG-주식-미국-대표지수-S-P500-미국-S-P500-S-P500-P-c2eb6d3f91,,verified_official,기초지수 명시; 운용사·공식 출처 URL 존재; 자산군·투자대상 추출(주식/미국 S&P500),가능,
KR7429010002,429010,TIGER 미국나스닥넥스트100,Nasdaq Next Generation 100 지수 (Price Return),주식,미국,기타특수구조,미확인 주식전략,미국 미확인 주식전략,미확인-주식전략-미국-미확인-주식전략-bf6afc4d9f,passive,plain,neutral,1X,unhedged,physical_or_unspecified,broad,PG-PENDING-429010-224f727853,,classified_derived,기초지수 명시; 운용사·공식 출처 URL 존재; 자산군·투자대상 추출(주식/미국 미확인 주식전략),가능,직접 비교에 필요한 주식 전략·투자대상 미확인; 세부 투자대상 또는 만기·구성비율 미확인
KR7429740004,429740,PLUS K리츠,FnGuide 리츠 지수,리츠·인프라,국내,리츠·인프라,리츠·인프라,국내 리츠·인프라,리츠-인프라-국내-리츠-인프라-2ebdba6e66,passive,plain,neutral,1X,not_applicable,physical_or_unspecified,unknown,PG-리츠-인프라-국내-리츠-인프라-리츠-인프라-국내-리츠-인프라-리츠-e3739b3155,,verified_official,기초지수 명시; 운용사·공식 출처 URL 존재; 자산군·투자대상 추출(리츠·인프라/국내 리츠·인프라),https://www.plusetf.co.kr/product/detail?n=006347,
KR7429760002,429760,PLUS 미국S&P500,S&P 500,주식,미국,대표지수,S&P 500 시장대표,미국 S&P500,S&P500,passive,plain,neutral,1X,unhedged,physical_or_unspecified,broad,PG-주식-미국-대표지수-S-P500-미국-S-P500-S-P500-P-c2eb6d3f91,,verified_official,기초지수 명시; 운용사·공식 출처 URL 존재; 자산군·투자대상 추출(주식/미국 S&P500),가능,
KR7429980006,429980,SOL 한국형글로벌전기차&2차전지액티브,FactSet Global Electric Vehicle and Rechargeable Battery Korea-Tilted Index(PR),주식,국내,산업·섹터,2차전지 셀 & 소재,국내 2차전지·배터리 소재,2차전지-배터리-소재-국내-2차전지-배터리-소재-1367e96ce1,active,plain,neutral,1X,unhedged,active,unknown,PG-주식-국내-산업-섹터-2차전지-배터리-소재-국내-2차전지-배터리--0cc60d36d9,,verified_official,기초지수 명시; 운용사·공식 출처 URL 존재; 자산군·투자대상 추출(주식/국내 2차전지·배터리 소재),가능,
KR7430500009,430500,KIWOOM 물가채KIS,KIS TIPS 지수(총수익),채권,국내,채권,우량 회사채·금융채,국내 채권 만기미확인 등급미확인,BOND_국내-채권-만기미확인-등급미확인-893e3e68b3,passive,bond_coupon,neutral,1X,unhedged_or_not_applicable,physical_or_unspecified,unknown,PG-PENDING-430500-7ac820f834,,classified_derived,기초지수 명시; 운용사·공식 출처 URL 존재; 자산군·투자대상 추출(채권/국내 채권 만기미확인 등급미확인),가능,세부 투자대상 또는 만기·구성비율 미확인
KR7432600005,432600,RISE 국채선물3년,국채선물지수,채권,국내,채권,국내 장기국채,국내 국채 단기 등급미확인,BOND_국내-국채-단기-등급미확인-bddf0c67db,passive,bond_coupon,neutral,1X,unhedged_or_not_applicable,physical_or_unspecified,unknown,PG-PENDING-432600-29b1edd850,,classified_derived,기초지수 명시; 운용사·공식 출처 URL 존재; 자산군·투자대상 추출(채권/국내 국채 단기 등급미확인),불가,세부 투자대상 또는 만기·구성비율 미확인
KR7432840007,432840,HANARO 미국S&P500,S&P 500,주식,미국,대표지수,S&P 500 시장대표,미국 S&P500,S&P500,passive,plain,neutral,1X,unhedged,physical_or_unspecified,broad,PG-주식-미국-대표지수-S-P500-미국-S-P500-S-P500-P-c2eb6d3f91,,verified_official,기초지수 명시; 운용사·공식 출처 URL 존재; 자산군·투자대상 추출(주식/미국 S&P500),가능,
KR7433220001,433220,에셋플러스 글로벌대장장이액티브,S&P 500,주식,미국,대표지수,S&P 500 시장대표,미국 S&P500,S&P500,active,plain,neutral,1X,unhedged,active,broad,PG-주식-미국-대표지수-S-P500-미국-S-P500-S-P500-P-c2eb6d3f91,,auto_high_confidence,기초지수 명시; 자산군·투자대상 추출(주식/미국 S&P500),,
KR7433250008,433250,UNICORN R&D 액티브,코스피 200,주식,국내,기타특수구조,미확인 주식전략,국내 미확인 주식전략,미확인-주식전략-국내-미확인-주식전략-46eed209b8,active,plain,neutral,1X,unhedged_or_not_applicable,active,broad,PG-PENDING-433250-22fe909e19,,classified_derived,기초지수 명시; 자산군·투자대상 추출(주식/국내 미확인 주식전략),,직접 비교에 필요한 주식 전략·투자대상 미확인; 세부 투자대상 또는 만기·구성비율 미확인
KR7433330008,433330,SOL 미국S&P500,S&P 500,주식,미국,대표지수,S&P 500 시장대표,미국 S&P500,S&P500,passive,plain,neutral,1X,unhedged,physical_or_unspecified,broad,PG-주식-미국-대표지수-S-P500-미국-S-P500-S-P500-P-c2eb6d3f91,,verified_official,기초지수 명시; 운용사·공식 출처 URL 존재; 자산군·투자대상 추출(주식/미국 S&P500),가능,
KR7433500006,433500,ACE 원자력TOP10,DeepSearch 원자력 TOP 10지수,주식,국내,산업·섹터,원자력 & SMR,국내 원자력,원자력-국내-원자력-b7d9bb5222,passive,plain,neutral,1X,unhedged_or_not_applicable,physical_or_unspecified,concentrated,PG-주식-국내-산업-섹터-원자력-국내-원자력-원자력-국내-원자력-B7-60c6768519,,verified_official,기초지수 명시; 운용사·공식 출처 URL 존재; 자산군·투자대상 추출(주식/국내 원자력),가능,
KR7433880002,433880,PLUS TDF2060액티브 적격,Morningstar Korea Lifetime Allocation Moderate 2060 Index (Gross Return),혼합자산,국내,혼합자산,자산배분 & 채권혼합,TDF 생애주기,혼합자산-구성비율-미확인-9c1ef5c7e4,active,mixed_asset,neutral,1X,unhedged_or_not_applicable,active,unknown,PG-PENDING-433880-5eec75226f,,classified_derived,기초지수 명시; 운용사·공식 출처 URL 존재; 자산군·투자대상 추출(혼합자산/구성비율 미확인),가능,세부 투자대상 또는 만기·구성비율 미확인
KR7433970001,433970,KODEX TDF2030액티브 적격,Samsung Korea Target Date 2030 Index (Price Return),혼합자산,국내,혼합자산,자산배분 & 채권혼합,TDF 생애주기,혼합자산-구성비율-미확인-9c1ef5c7e4,active,mixed_asset,neutral,1X,unhedged_or_not_applicable,active,unknown,PG-PENDING-433970-1571b6a1d9,,classified_derived,기초지수 명시; 운용사·공식 출처 URL 존재; 자산군·투자대상 추출(혼합자산/구성비율 미확인),가능,세부 투자대상 또는 만기·구성비율 미확인
KR7433980000,433980,KODEX TDF2040액티브 적격,Samsung Korea Target Date 2040 Index (Price Return),혼합자산,국내,혼합자산,자산배분 & 채권혼합,TDF 생애주기,혼합자산-구성비율-미확인-9c1ef5c7e4,active,mixed_asset,neutral,1X,unhedged_or_not_applicable,active,unknown,PG-PENDING-433980-961e1560e1,,classified_derived,기초지수 명시; 운용사·공식 출처 URL 존재; 자산군·투자대상 추출(혼합자산/구성비율 미확인),가능,세부 투자대상 또는 만기·구성비율 미확인
KR7434060000,434060,KODEX TDF2050액티브 적격,Samsung Korea Target Date 2050 Index (Price Return),혼합자산,국내,혼합자산,자산배분 & 채권혼합,TDF 생애주기,혼합자산-구성비율-미확인-9c1ef5c7e4,active,mixed_asset,neutral,1X,unhedged_or_not_applicable,active,unknown,PG-PENDING-434060-1d727f0f56,,classified_derived,기초지수 명시; 운용사·공식 출처 URL 존재; 자산군·투자대상 추출(혼합자산/구성비율 미확인),가능,세부 투자대상 또는 만기·구성비율 미확인
KR7434730008,434730,HANARO 원자력iSelect,iSelect 원자력지수 (시장가격),주식,국내,산업·섹터,원자력 & SMR,국내 원자력,원자력-국내-원자력-b7d9bb5222,passive,plain,neutral,1X,unhedged_or_not_applicable,physical_or_unspecified,unknown,PG-주식-국내-산업-섹터-원자력-국내-원자력-원자력-국내-원자력-B7-60c6768519,,verified_official,기초지수 명시; 운용사·공식 출처 URL 존재; 자산군·투자대상 추출(주식/국내 원자력),가능,
KR7434960001,434960,DAISHIN K200,코스피 200,주식,국내,대표지수,코스피 200 코어,국내 코스피200,KOSPI200,passive,plain,neutral,1X,unhedged_or_not_applicable,physical_or_unspecified,broad,PG-주식-국내-대표지수-코스피200-국내-코스피200-KOSPI200-b519363da3,,verified_official,기초지수 명시; 자산군·투자대상 추출(주식/국내 미확인 주식전략),,직접 비교에 필요한 주식 전략·투자대상 미확인; 세부 투자대상 또는 만기·구성비율 미확인
KR7435040001,435040,ACE 글로벌브랜드TOP10,Bloomberg Global Select Industry Leaders TOP10 Index(PR),주식,글로벌,테마,글로벌 럭셔리 & 소비재,글로벌 대표 브랜드,GLOBAL_BRAND,passive,bond_coupon,neutral,1X,unhedged,physical_or_unspecified,concentrated,PG-PENDING-435040-fb05c08121,,conflict_resolved,기초지수 명시; 운용사·공식 출처 URL 존재; 자산군·투자대상 추출(채권/미국 국채 만기미확인 등급미확인),가능,세부 투자대상 또는 만기·구성비율 미확인; 기존 자산분류와 비교분류 추론값 충돌
KR7435420005,435420,TIGER 미국나스닥100채권혼합50,FnGuide 나스닥100채권혼합50 지수(총수익 지수),혼합자산,미국,혼합자산,자산배분 & 채권혼합,시장대표 채권혼합,NASDAQ100,passive,mixed_asset,neutral,1X,unhedged,physical_or_unspecified,broad,PG-PENDING-435420-905ddd718d,,classified_derived,기초지수 명시; 운용사·공식 출처 URL 존재; 자산군·투자대상 추출(채권/미국 채권 만기미확인 등급미확인),가능,세부 투자대상 또는 만기·구성비율 미확인
KR7435530001,435530,KIWOOM TDF2030액티브 적격,Dow Jones Target 2030 Index (Total Return),혼합자산,미국,혼합자산,자산배분 & 채권혼합,TDF 생애주기,혼합자산-구성비율-미확인-9c1ef5c7e4,active,mixed_asset,neutral,1X,unhedged,active,unknown,PG-PENDING-435530-12a80c0890,,classified_derived,기초지수 명시; 운용사·공식 출처 URL 존재; 자산군·투자대상 추출(혼합자산/구성비율 미확인),가능,세부 투자대상 또는 만기·구성비율 미확인
KR7435540000,435540,KIWOOM TDF2040액티브 적격,Dow Jones Target 2040 Index (Total Return),혼합자산,미국,혼합자산,자산배분 & 채권혼합,TDF 생애주기,혼합자산-구성비율-미확인-9c1ef5c7e4,active,mixed_asset,neutral,1X,unhedged,active,unknown,PG-PENDING-435540-cf47a6f44a,,classified_derived,기초지수 명시; 운용사·공식 출처 URL 존재; 자산군·투자대상 추출(혼합자산/구성비율 미확인),가능,세부 투자대상 또는 만기·구성비율 미확인
KR7435550009,435550,KIWOOM TDF2050액티브 적격,Dow Jones Target 2050 Index (Total Return),혼합자산,미국,혼합자산,자산배분 & 채권혼합,TDF 생애주기,혼합자산-구성비율-미확인-9c1ef5c7e4,active,mixed_asset,neutral,1X,unhedged,active,unknown,PG-PENDING-435550-d910fe84cd,,classified_derived,기초지수 명시; 운용사·공식 출처 URL 존재; 자산군·투자대상 추출(혼합자산/구성비율 미확인),가능,세부 투자대상 또는 만기·구성비율 미확인
KR7436140008,436140,SOL 종합채권(AA-이상)액티브,"KAP K-종합채권지수(AA-이상, 총수익)",채권,국내,채권,우량 회사채·금융채,국내 채권 만기미확인 AA,BOND_국내-채권-만기미확인-AA-273392b07e,active,bond_coupon,neutral,1X,unhedged_or_not_applicable,active,unknown,PG-PENDING-436140-30a2626510,,classified_derived,기초지수 명시; 운용사·공식 출처 URL 존재; 자산군·투자대상 추출(채권/국내 채권 만기미확인 AA),가능,세부 투자대상 또는 만기·구성비율 미확인
KR7437070006,437070,KODEX 아시아달러채권ESG플러스액티브,Bloomberg MSCI EM Asia Investment Grade Credit SRI Index(Total Return),채권,글로벌,채권,우량 회사채·금융채,글로벌 채권 만기미확인 등급미확인,BOND_글로벌-채권-만기미확인-등급미확인-10462c9eac,active,bond_coupon,neutral,1X,unhedged,active,unknown,PG-PENDING-437070-105e8c2b18,,classified_derived,기초지수 명시; 운용사·공식 출처 URL 존재; 자산군·투자대상 추출(채권/글로벌 채권 만기미확인 등급미확인),가능,세부 투자대상 또는 만기·구성비율 미확인
KR7437080005,437080,KODEX 미국종합채권ESG액티브(H),Bloomberg MSCI US Aggregate 2bn ex Securitized SRI Capped Index(Total Return),채권,미국,채권,우량 회사채·금융채,미국 채권 만기미확인 등급미확인,BOND_미국-채권-만기미확인-등급미확인-4820f5af4f,active,bond_coupon,neutral,1X,hedged,active,unknown,PG-PENDING-437080-b2f00b52b0,,classified_derived,기초지수 명시; 운용사·공식 출처 URL 존재; 자산군·투자대상 추출(채권/미국 채권 만기미확인 등급미확인),가능,세부 투자대상 또는 만기·구성비율 미확인
KR7437350002,437350,RISE 미국단기투자등급회사채액티브,Bloomberg US Corporate 1-5 Years Total Return Index,채권,미국,채권,미국 단기국채,미국 회사채 단기 등급미확인,BOND_미국-회사채-단기-등급미확인-7f30b963f2,active,bond_coupon,neutral,1X,unhedged,active,unknown,PG-PENDING-437350-fbf4e6bbe6,,classified_derived,기초지수 명시; 운용사·공식 출처 URL 존재; 자산군·투자대상 추출(채권/미국 회사채 단기 등급미확인),가능,세부 투자대상 또는 만기·구성비율 미확인
KR7437370000,437370,RISE 글로벌농업경제,MVIS Global Agribusiness Index(Price Return),주식,글로벌,기타특수구조,미확인 주식전략,글로벌 미확인 주식전략,미확인-주식전략-글로벌-미확인-주식전략-d0f070a455,passive,plain,neutral,1X,unhedged,physical_or_unspecified,unknown,PG-PENDING-437370-d82cea216d,,classified_derived,기초지수 명시; 운용사·공식 출처 URL 존재; 자산군·투자대상 추출(주식/글로벌 미확인 주식전략),가능,직접 비교에 필요한 주식 전략·투자대상 미확인; 세부 투자대상 또는 만기·구성비율 미확인
KR7438080004,438080,ACE 미국S&P500미국채혼합50액티브,S&P 500 and Short-Term Treasury 50/50 Blend Index,혼합자산,미국,혼합자산,자산배분 & 채권혼합,시장대표 채권혼합,S&P500,active,mixed_asset,short,1X,unhedged,active,broad,PG-PENDING-438080-2a599dcb43,,classified_derived,기초지수 명시; 운용사·공식 출처 URL 존재; 상품명 구조표시(inverse); 자산군·투자대상 추출(채권/미국 국채 만기미확인 등급미확인),가능,세부 투자대상 또는 만기·구성비율 미확인
KR7438100000,438100,ACE 미국나스닥100미국채혼합50액티브,NASDAQ-100 US T-Bills 50/50 Index,혼합자산,미국,혼합자산,자산배분 & 채권혼합,시장대표 채권혼합,NASDAQ100,active,mixed_asset,neutral,1X,unhedged,active,broad,PG-PENDING-438100-cd41b8586a,,classified_derived,기초지수 명시; 운용사·공식 출처 URL 존재; 자산군·투자대상 추출(채권/미국 국채 만기미확인 등급미확인),가능,세부 투자대상 또는 만기·구성비율 미확인
KR7438320004,438320,TIGER 차이나항셍테크레버리지(합성 H),Hang Seng TECH Index,주식,중국,기타특수구조,미확인 주식전략,중국 미확인 주식전략,미확인-주식전략-중국-미확인-주식전략-526c3d6249,leveraged,leveraged,long,2X,hedged,synthetic,unknown,PG-PENDING-438320-b87fedf8f8,,classified_derived,기초지수 명시; 운용사·공식 출처 URL 존재; 상품명 구조표시(leveraged); 자산군·투자대상 추출(주식/중국 미확인 주식전략),불가,직접 비교에 필요한 주식 전략·투자대상 미확인; 세부 투자대상 또는 만기·구성비율 미확인
KR7438330003,438330,TIGER 우량회사채액티브,KIS 투자등급회사채 지수(총수익),채권,국내,채권,우량 회사채·금융채,국내 회사채 만기미확인 등급미확인,BOND_국내-회사채-만기미확인-등급미확인-2695c4f395,active,bond_coupon,neutral,1X,unhedged_or_not_applicable,active,unknown,PG-PENDING-438330-f5e28ed9b4,,classified_derived,기초지수 명시; 운용사·공식 출처 URL 존재; 자산군·투자대상 추출(채권/국내 회사채 만기미확인 등급미확인),가능,세부 투자대상 또는 만기·구성비율 미확인
KR7438560005,438560,SOL 국고채3년,KAP 국고채3년지수(총수익지수),채권,국내,채권,국내 단기·초단기채,국내 채권 단기 등급미확인,BOND_국내-채권-단기-등급미확인-afa2e5ef57,passive,bond_coupon,neutral,1X,unhedged_or_not_applicable,physical_or_unspecified,unknown,PG-PENDING-438560-478d5acf83,,classified_derived,기초지수 명시; 운용사·공식 출처 URL 존재; 자산군·투자대상 추출(채권/국내 채권 단기 등급미확인),가능,세부 투자대상 또는 만기·구성비율 미확인
KR7438570004,438570,SOL 국고채10년,KAP 국고채10년지수(총수익지수),채권,국내,채권,국내 장기국채,국내 채권 장기 등급미확인,BOND_국내-채권-장기-등급미확인-f457d22418,passive,bond_coupon,neutral,1X,unhedged_or_not_applicable,physical_or_unspecified,unknown,PG-PENDING-438570-c6ffc008e1,,classified_derived,기초지수 명시; 운용사·공식 출처 URL 존재; 자산군·투자대상 추출(채권/국내 채권 장기 등급미확인),가능,세부 투자대상 또는 만기·구성비율 미확인
KR7438740003,438740,MIDAS 중소형액티브,코스피 중형주,주식,국내,기타특수구조,미확인 주식전략,국내 미확인 주식전략,미확인-주식전략-국내-미확인-주식전략-46eed209b8,active,plain,neutral,1X,unhedged_or_not_applicable,active,unknown,PG-PENDING-438740-fb98dcbd77,,classified_derived,기초지수 명시; 자산군·투자대상 추출(주식/국내 미확인 주식전략),,직접 비교에 필요한 주식 전략·투자대상 미확인; 세부 투자대상 또는 만기·구성비율 미확인
KR7438900003,438900,HANARO Fn K-푸드,FnGuide K-푸드 지수 (시장가격),주식,국내,기타특수구조,K-푸드 & K-뷰티,국내 미확인 주식전략,미확인-주식전략-국내-미확인-주식전략-46eed209b8,passive,plain,neutral,1X,unhedged_or_not_applicable,physical_or_unspecified,unknown,PG-PENDING-438900-2bb486074d,,classified_derived,기초지수 명시; 운용사·공식 출처 URL 존재; 자산군·투자대상 추출(주식/국내 미확인 주식전략),가능,직접 비교에 필요한 주식 전략·투자대상 미확인; 세부 투자대상 또는 만기·구성비율 미확인
KR7439860008,439860,KODEX ESG종합채권(A-이상)액티브,"KAP ESG 종합채권지수(A- 이상, 총수익)",채권,국내,채권,우량 회사채·금융채,국내 채권 만기미확인 등급미확인,BOND_국내-채권-만기미확인-등급미확인-893e3e68b3,active,bond_coupon,neutral,1X,unhedged_or_not_applicable,active,unknown,PG-PENDING-439860-3ea213d530,,classified_derived,기초지수 명시; 운용사·공식 출처 URL 존재; 자산군·투자대상 추출(채권/국내 채권 만기미확인 등급미확인),가능,세부 투자대상 또는 만기·구성비율 미확인
KR7439870007,439870,KODEX 국고채30년액티브,KAP 국고채 30년 총수익 지수,채권,국내,채권,국내 장기국채,국내 채권 장기 등급미확인,BOND_국내-채권-장기-등급미확인-f457d22418,active,bond_coupon,neutral,1X,unhedged_or_not_applicable,active,unknown,PG-PENDING-439870-61ea2cd7dc,,classified_derived,기초지수 명시; 운용사·공식 출처 URL 존재; 자산군·투자대상 추출(채권/국내 채권 장기 등급미확인),가능,세부 투자대상 또는 만기·구성비율 미확인
KR7440340008,440340,TIGER 글로벌멀티에셋TIF액티브,INDXX 멀티에셋인컴 지수(시장가격 지수),혼합자산,글로벌,혼합자산,혼합자산,구성비율 미확인,혼합자산-구성비율-미확인-9c1ef5c7e4,active,mixed_asset,neutral,1X,unhedged,active,unknown,PG-PENDING-440340-1a8ffed855,,classified_derived,기초지수 명시; 운용사·공식 출처 URL 존재; 자산군·투자대상 추출(혼합자산/구성비율 미확인),가능,세부 투자대상 또는 만기·구성비율 미확인
KR7440640001,440640,ACE 단기채권알파액티브,KIS 단기채권알파AA-이상 총수익지수,채권,국내,채권,국내 단기·초단기채,국내 채권 단기 AA,BOND_국내-채권-단기-AA-4c9b467fdf,active,bond_coupon,neutral,1X,unhedged_or_not_applicable,active,unknown,PG-채권-국내-채권-채권-국내-채권-단기-AA-BOND-국내-채권-단-1288e7cb89,,verified_official,기초지수 명시; 운용사·공식 출처 URL 존재; 자산군·투자대상 추출(채권/국내 채권 단기 AA),가능,
KR7440650000,440650,ACE 미국달러단기채권액티브,Bloomberg Short-Term Treasury Total Return Index,채권,미국,채권,미국 단기국채,미국 국채 단기 등급미확인,BOND_미국-국채-단기-등급미확인-57eca34812,inverse,bond_coupon,short,1X,unhedged,active,unknown,PG-PENDING-440650-0a7122e549,,classified_derived,기초지수 명시; 운용사·공식 출처 URL 존재; 상품명 구조표시(inverse); 자산군·투자대상 추출(채권/미국 국채 단기 등급미확인),가능,세부 투자대상 또는 만기·구성비율 미확인
KR7440910008,440910,WON 미국우주항공방산,S&P Aerospace & Defense Select Industry Index(PR),주식,미국,산업·섹터,글로벌 우주항공 & 방산,미국 방산,방산-미국-방산-e722fd3dcb,passive,plain,neutral,1X,unhedged,physical_or_unspecified,unknown,PG-주식-미국-산업-섹터-방산-미국-방산-방산-미국-방산-E722FD-b31baa9184,,verified_official,기초지수 명시; 운용사·공식 출처 URL 존재; 자산군·투자대상 추출(주식/미국 방산),가능,
KR7441540002,441540,HANARO Fn조선해운,FnGuide 조선해운지수,주식,국내,산업·섹터,조선 & 해운,국내 조선,조선-국내-조선-03e20f0150,passive,plain,neutral,1X,unhedged_or_not_applicable,physical_or_unspecified,unknown,PG-주식-국내-산업-섹터-조선-국내-조선-조선-국내-조선-03E20F-f1bc10ed93,,verified_official,기초지수 명시; 운용사·공식 출처 URL 존재; 자산군·투자대상 추출(주식/국내 조선),가능,
KR7441640000,441640,KODEX 미국배당커버드콜액티브,S&P 500,주식,미국,대표지수,해외 월배당 & 커버드콜,미국 S&P500,S&P500,covered_call,covered_call,neutral,1X,unhedged,active,broad,PG-주식-미국-대표지수-S-P500-미국-S-P500-S-P500-C-4d555d2df6,,verified_official,기초지수 명시; 운용사·공식 출처 URL 존재; 상품명 구조표시(covered_call); 자산군·투자대상 추출(주식/미국 S&P500),가능,
KR7441680006,441680,TIGER 미국나스닥100커버드콜(합성),Cboe Nasdaq-100 BuyWrite V2 지수 (Total Return),주식,미국,대표지수,해외 월배당 & 커버드콜,미국 나스닥100,NASDAQ100,covered_call,covered_call,neutral,1X,unhedged,synthetic,broad,PG-주식-미국-대표지수-나스닥100-미국-나스닥100-NASDAQ10-df258b5b40,,verified_official,기초지수 명시; 운용사·공식 출처 URL 존재; 상품명 구조표시(covered_call); 자산군·투자대상 추출(주식/미국 나스닥100),가능,
KR7441800000,441800,TIME Korea플러스배당액티브,코스피 200,주식,국내,기타특수구조,고배당 & 인컴 전략,국내 미확인 주식전략,미확인-주식전략-국내-미확인-주식전략-46eed209b8,active,plain,neutral,1X,unhedged_or_not_applicable,active,broad,PG-PENDING-441800-961e5c04a8,,classified_derived,기초지수 명시; 자산군·투자대상 추출(주식/국내 미확인 주식전략),,직접 비교에 필요한 주식 전략·투자대상 미확인; 세부 투자대상 또는 만기·구성비율 미확인
KR7442090007,442090,에셋플러스 코리아대장장이액티브,FnGuide 대장장이 지수(Price Return),주식,국내,기타특수구조,미확인 주식전략,국내 미확인 주식전략,미확인-주식전략-국내-미확인-주식전략-46eed209b8,active,plain,neutral,1X,unhedged_or_not_applicable,active,unknown,PG-PENDING-442090-d7fedee317,,classified_derived,기초지수 명시; 자산군·투자대상 추출(주식/국내 미확인 주식전략),,직접 비교에 필요한 주식 전략·투자대상 미확인; 세부 투자대상 또는 만기·구성비율 미확인
KR7442260006,442260,마이티 다이나믹퀀트액티브,코스피 200,주식,국내,기타특수구조,미확인 주식전략,국내 미확인 주식전략,미확인-주식전략-국내-미확인-주식전략-46eed209b8,active,plain,neutral,1X,unhedged_or_not_applicable,active,broad,PG-PENDING-442260-2259920d2b,,classified_derived,기초지수 명시; 자산군·투자대상 추출(주식/국내 미확인 주식전략),,직접 비교에 필요한 주식 전략·투자대상 미확인; 세부 투자대상 또는 만기·구성비율 미확인
KR7442320008,442320,RISE 글로벌원자력,iSelect 글로벌원자력 지수(시장가격),주식,글로벌,산업·섹터,글로벌 원자력 & SMR,글로벌 원자력,원자력-글로벌-원자력-bd175c9d19,passive,plain,neutral,1X,unhedged,physical_or_unspecified,unknown,PG-주식-글로벌-산업-섹터-원자력-글로벌-원자력-원자력-글로벌-원자력-ca6a7fd413,,verified_official,기초지수 명시; 운용사·공식 출처 URL 존재; 자산군·투자대상 추출(주식/글로벌 원자력),가능,
KR7442550000,442550,RISE TDF2030액티브 적격,iSelect 전략적자산배분 TDF 2030 지수,혼합자산,글로벌,혼합자산,자산배분 & 채권혼합,TDF 생애주기,혼합자산-구성비율-미확인-9c1ef5c7e4,active,mixed_asset,neutral,1X,unhedged_or_not_applicable,active,unknown,PG-PENDING-442550-2f82bf4c62,,classified_derived,기초지수 명시; 운용사·공식 출처 URL 존재; 자산군·투자대상 추출(혼합자산/구성비율 미확인),https://www.riseetf.co.kr/prod/finderDetail/44D3,세부 투자대상 또는 만기·구성비율 미확인
KR7442560009,442560,RISE TDF2040액티브 적격,iSelect 전략적자산배분 TDF 2040 지수,혼합자산,글로벌,혼합자산,자산배분 & 채권혼합,TDF 생애주기,혼합자산-구성비율-미확인-9c1ef5c7e4,active,mixed_asset,neutral,1X,unhedged_or_not_applicable,active,unknown,PG-PENDING-442560-e98fa6c268,,classified_derived,기초지수 명시; 운용사·공식 출처 URL 존재; 자산군·투자대상 추출(혼합자산/구성비율 미확인),https://www.riseetf.co.kr/prod/finderDetail/44D4,세부 투자대상 또는 만기·구성비율 미확인
KR7442570008,442570,RISE TDF2050액티브 적격,iSelect 전략적자산배분 TDF 2050 지수,혼합자산,글로벌,혼합자산,자산배분 & 채권혼합,TDF 생애주기,혼합자산-구성비율-미확인-9c1ef5c7e4,active,mixed_asset,neutral,1X,unhedged_or_not_applicable,active,unknown,PG-PENDING-442570-46c26ade96,,classified_derived,기초지수 명시; 운용사·공식 출처 URL 존재; 자산군·투자대상 추출(혼합자산/구성비율 미확인),https://www.riseetf.co.kr/prod/finderDetail/44D5,세부 투자대상 또는 만기·구성비율 미확인
KR7442580007,442580,PLUS 글로벌HBM반도체,iSelect 글로벌HBM반도체 지수,주식,미국,산업·섹터,글로벌 AI 반도체,미국 반도체,반도체-미국-반도체-e09cd52751,passive,plain,neutral,1X,unhedged,physical_or_unspecified,unknown,PG-주식-미국-산업-섹터-반도체-미국-반도체-반도체-미국-반도체-E0-e607778dbd,,verified_official,기초지수 명시; 운용사·공식 출처 URL 존재; 자산군·투자대상 추출(주식/미국 반도체),가능,
KR7444200000,444200,SOL 코리아메가테크액티브,KEDI 메가테크지수(PR),주식,국내,기타특수구조,미확인 주식전략,국내 미확인 주식전략,미확인-주식전략-국내-미확인-주식전략-46eed209b8,active,plain,neutral,1X,unhedged_or_not_applicable,active,unknown,PG-PENDING-444200-e1a54d1bcc,,classified_derived,기초지수 명시; 운용사·공식 출처 URL 존재; 자산군·투자대상 추출(주식/국내 미확인 주식전략),가능,직접 비교에 필요한 주식 전략·투자대상 미확인; 세부 투자대상 또는 만기·구성비율 미확인
KR7444490007,444490,WON 미국S&P500,S&P 500,주식,미국,대표지수,S&P 500 시장대표,미국 S&P500,S&P500,passive,plain,neutral,1X,unhedged,physical_or_unspecified,broad,PG-주식-미국-대표지수-S-P500-미국-S-P500-S-P500-P-c2eb6d3f91,,auto_high_confidence,기초지수 명시; 자산군·투자대상 추출(주식/미국 S&P500),,
KR7445150006,445150,KODEX 친환경조선해운액티브,FnGuide K-친환경 선박 지수,주식,국내,산업·섹터,조선 & 해운,국내 조선,조선-국내-조선-03e20f0150,active,plain,neutral,1X,unhedged_or_not_applicable,active,unknown,PG-주식-국내-산업-섹터-조선-국내-조선-조선-국내-조선-03E20F-f1bc10ed93,,verified_official,기초지수 명시; 운용사·공식 출처 URL 존재; 자산군·투자대상 추출(주식/국내 조선),가능,
KR7445290000,445290,KODEX 로봇액티브,iSelect K-로봇테마 지수,주식,국내,테마,피지컬 AI & 지능형 로봇,국내 로봇,로봇-국내-로봇-6dd0a9f990,active,plain,neutral,1X,unhedged_or_not_applicable,active,unknown,PG-주식-국내-테마-로봇-국내-로봇-로봇-국내-로봇-6DD0A9F99-803709433d,,verified_official,기초지수 명시; 운용사·공식 출처 URL 존재; 자산군·투자대상 추출(주식/국내 로봇),가능,
KR7445690001,445690,BNK 주주가치액티브,FnGuide 주주가치 지수,주식,국내,스타일·팩터,스타일·팩터,국내 스타일·팩터,스타일-팩터-국내-스타일-팩터-bbac88fc35,active,plain,neutral,1X,unhedged_or_not_applicable,active,unknown,PG-주식-국내-스타일-팩터-스타일-팩터-국내-스타일-팩터-스타일-팩터-ac65317623,,auto_high_confidence,기초지수 명시; 자산군·투자대상 추출(주식/국내 스타일·팩터),,
KR7445910003,445910,TIGER MKF배당귀족,MKF 배당귀족 지수(시장가격지수),주식,국내,기타특수구조,고배당 & 인컴 전략,국내 미확인 주식전략,미확인-주식전략-국내-미확인-주식전략-46eed209b8,passive,plain,neutral,1X,unhedged_or_not_applicable,physical_or_unspecified,unknown,PG-PENDING-445910-4eab894baa,,classified_derived,기초지수 명시; 운용사·공식 출처 URL 존재; 자산군·투자대상 추출(주식/국내 미확인 주식전략),가능,직접 비교에 필요한 주식 전략·투자대상 미확인; 세부 투자대상 또는 만기·구성비율 미확인
KR7446690000,446690,KODEX 아시아AI반도체exChina액티브,iSelect 아시아반도체 제조동맹 지수(시장가격),주식,아시아,산업·섹터,글로벌 AI 반도체,중국 반도체,반도체-중국-반도체-ec542f3fb2,active,plain,neutral,1X,unhedged,active,unknown,PG-주식-중국-산업-섹터-반도체-중국-반도체-반도체-중국-반도체-EC-73a48444f9,,verified_official,기초지수 명시; 운용사·공식 출처 URL 존재; 자산군·투자대상 추출(주식/중국 반도체),가능,
KR7446700007,446700,RISE 배터리 리사이클링,iSelect 배터리 리사이클링 지수,주식,국내,산업·섹터,2차전지 셀 & 소재,국내 2차전지·배터리 소재,2차전지-배터리-소재-국내-2차전지-배터리-소재-1367e96ce1,passive,plain,neutral,1X,unhedged_or_not_applicable,physical_or_unspecified,unknown,PG-주식-국내-산업-섹터-2차전지-배터리-소재-국내-2차전지-배터리--0cc60d36d9,,verified_official,기초지수 명시; 운용사·공식 출처 URL 존재; 자산군·투자대상 추출(주식/국내 2차전지·배터리 소재),가능,
KR7446720005,446720,SOL 미국배당다우존스,Dow Jones U.S. Dividend 100 Price Return Index,주식,미국,배당·주주환원,미국 배당다우존스,미국 배당다우존스,DOW_JONES_DIVIDEND,passive,plain,neutral,1X,unhedged,physical_or_unspecified,broad,PG-주식-미국-배당-주주환원-배당다우존스-미국-배당다우존스-DOW-J-f14037f0fe,,verified_official,기초지수 명시; 운용사·공식 출처 URL 존재; 자산군·투자대상 추출(주식/미국 배당다우존스),가능,
KR7446770000,446770,ACE 글로벌반도체TOP4 Plus,Solactive Global Semiconductor TOP4 Plus Price Return Index,주식,미국,산업·섹터,글로벌 AI 반도체,미국 반도체,반도체-미국-반도체-e09cd52751,active,plain,neutral,1X,unhedged,active,ultra_concentrated,PG-주식-미국-산업-섹터-반도체-미국-반도체-반도체-미국-반도체-E0-e607778dbd,,verified_official,기초지수 명시; 운용사·공식 출처 URL 존재; 자산군·투자대상 추출(주식/미국 반도체),가능,
KR7447430000,447430,ACE 주주환원가치주액티브,FnGuide 올라운드 가치주 지수,주식,국내,배당·주주환원,고배당 & 인컴 전략,국내 고배당,고배당-국내-고배당-2325fcd2e0,active,plain,neutral,1X,unhedged_or_not_applicable,active,unknown,PG-주식-국내-배당-주주환원-고배당-국내-고배당-고배당-국내-고배당--dd861c8cd4,,verified_official,기초지수 명시; 운용사·공식 출처 URL 존재; 자산군·투자대상 추출(주식/국내 고배당),가능,
KR7447620006,447620,SOL 미국TOP5채권혼합50,Solactive US TOP5 Balanced50 Index(PR),혼합자산,미국,혼합자산,자산배분 & 채권혼합,시장대표 채권혼합,BOND_미국-채권-만기미확인-등급미확인-4820f5af4f,active,mixed_asset,neutral,1X,unhedged,active,ultra_concentrated,PG-PENDING-447620-b99990b0fd,,classified_derived,기초지수 명시; 운용사·공식 출처 URL 존재; 자산군·투자대상 추출(채권/미국 채권 만기미확인 등급미확인),가능,세부 투자대상 또는 만기·구성비율 미확인
KR7447660002,447660,PLUS 애플채권혼합,FnGuide 애플채권혼합 지수,혼합자산,국내,혼합자산,자산배분 & 채권혼합,단일종목 채권혼합,BOND_국내-채권-만기미확인-등급미확인-893e3e68b3,passive,mixed_asset,neutral,1X,unhedged_or_not_applicable,physical_or_unspecified,unknown,PG-PENDING-447660-f00cb54bd6,,classified_derived,기초지수 명시; 운용사·공식 출처 URL 존재; 자산군·투자대상 추출(채권/국내 채권 만기미확인 등급미확인),가능,세부 투자대상 또는 만기·구성비율 미확인
KR7447770009,447770,TIGER 테슬라채권혼합Fn,FnGuide 테슬라채권혼합 지수,혼합자산,미국,혼합자산,자산배분 & 채권혼합,단일종목 채권혼합,BOND_미국-채권-만기미확인-등급미확인-4820f5af4f,passive,mixed_asset,neutral,1X,unhedged,physical_or_unspecified,unknown,PG-PENDING-447770-2bf16f8321,,classified_derived,기초지수 명시; 운용사·공식 출처 URL 존재; 자산군·투자대상 추출(채권/미국 채권 만기미확인 등급미확인),가능,세부 투자대상 또는 만기·구성비율 미확인
KR7448100008,448100,WON 200,코스피 200,주식,국내,대표지수,코스피 200 코어,국내 코스피200,KOSPI200,passive,plain,neutral,1X,unhedged_or_not_applicable,physical_or_unspecified,broad,PG-주식-국내-대표지수-코스피200-국내-코스피200-KOSPI200-b519363da3,,verified_official,기초지수 명시; 자산군·투자대상 추출(주식/국내 미확인 주식전략),,직접 비교에 필요한 주식 전략·투자대상 미확인; 세부 투자대상 또는 만기·구성비율 미확인
KR7448290007,448290,TIGER 미국S&P500(H),S&P 500,주식,미국,대표지수,S&P 500 시장대표,미국 S&P500,S&P500,passive,plain,neutral,1X,hedged,physical_or_unspecified,broad,PG-주식-미국-대표지수-S-P500-미국-S-P500-S-P500-P-c2eb6d3f91,,verified_official,기초지수 명시; 운용사·공식 출처 URL 존재; 자산군·투자대상 추출(주식/미국 S&P500),가능,
KR7448300004,448300,TIGER 미국나스닥100(H),NASDAQ 100,주식,미국,대표지수,나스닥 100 코어,미국 나스닥100,NASDAQ100,passive,plain,neutral,1X,hedged,physical_or_unspecified,broad,PG-주식-미국-대표지수-나스닥100-미국-나스닥100-NASDAQ10-07ea923e6f,,verified_official,기초지수 명시; 운용사·공식 출처 URL 존재; 자산군·투자대상 추출(주식/미국 나스닥100),가능,
KR7448330001,448330,KODEX 삼성전자채권혼합,Wise 삼성전자채권혼합 지수,혼합자산,국내,혼합자산,자산배분 & 채권혼합,단일종목 채권혼합,BOND_국내-채권-만기미확인-등급미확인-893e3e68b3,passive,mixed_asset,neutral,1X,unhedged_or_not_applicable,physical_or_unspecified,unknown,PG-PENDING-448330-790494422d,,classified_derived,기초지수 명시; 운용사·공식 출처 URL 존재; 자산군·투자대상 추출(채권/국내 채권 만기미확인 등급미확인),가능,세부 투자대상 또는 만기·구성비율 미확인
KR7448490003,448490,HANARO 32-10 국고채액티브,KAP 32-10 국고채 10년 총수익지수,채권,국내,채권,국내 장기국채,국내 채권 장기 등급미확인,BOND_국내-채권-장기-등급미확인-f457d22418,active,bond_coupon,neutral,1X,unhedged_or_not_applicable,active,unknown,PG-PENDING-448490-0dd0cafc32,,classified_derived,기초지수 명시; 운용사·공식 출처 URL 존재; 자산군·투자대상 추출(채권/국내 채권 장기 등급미확인),가능,세부 투자대상 또는 만기·구성비율 미확인
KR7448540005,448540,ACE 엔비디아채권혼합,Bloomberg Blended NVIDIA Equity and Korean Bond Index,혼합자산,미국,혼합자산,자산배분 & 채권혼합,단일종목 채권혼합,BOND_미국-채권-만기미확인-등급미확인-4820f5af4f,passive,mixed_asset,neutral,1X,unhedged,physical_or_unspecified,unknown,PG-PENDING-448540-93f04c78d2,,classified_derived,기초지수 명시; 운용사·공식 출처 URL 존재; 자산군·투자대상 추출(채권/미국 채권 만기미확인 등급미확인),가능,세부 투자대상 또는 만기·구성비율 미확인
KR7448570002,448570,FOCUS AI코리아액티브,코스피,주식,국내,기타특수구조,미확인 주식전략,국내 미확인 주식전략,미확인-주식전략-국내-미확인-주식전략-46eed209b8,active,plain,neutral,1X,unhedged_or_not_applicable,active,unknown,PG-PENDING-448570-2e32ce5a18,,classified_derived,기초지수 명시; 자산군·투자대상 추출(주식/국내 미확인 주식전략),,직접 비교에 필요한 주식 전략·투자대상 미확인; 세부 투자대상 또는 만기·구성비율 미확인
KR7448630004,448630,RISE 삼성그룹Top3채권혼합,Bloomberg Blended Samsung Group Fixed Top 3 Equity and Korean Bond Index,혼합자산,국내,혼합자산,자산배분 & 채권혼합,시장대표 채권혼합,BOND_국내-채권-만기미확인-등급미확인-893e3e68b3,passive,mixed_asset,neutral,1X,unhedged_or_not_applicable,physical_or_unspecified,ultra_concentrated,PG-PENDING-448630-2dba06f9df,,classified_derived,기초지수 명시; 운용사·공식 출처 URL 존재; 자산군·투자대상 추출(채권/국내 채권 만기미확인 등급미확인),가능,세부 투자대상 또는 만기·구성비율 미확인
KR7449170000,449170,TIGER KOFR금리액티브(합성),KOFR 지수,금리·파킹,국내,금리·파킹,금리·파킹,KOFR,RATE_KOFR-7c69b1923a,active,rate_return,neutral,1X,not_applicable,synthetic,unknown,PG-금리-파킹-해당없음-금리-파킹-금리-파킹-KOFR-RATE-KOF-ad0fa05348,,verified_official,기초지수 명시; 운용사·공식 출처 URL 존재; 자산군·투자대상 추출(금리·파킹/KOFR),가능,
KR7449180009,449180,KODEX 미국S&P500(H),S&P 500,주식,미국,대표지수,S&P 500 시장대표,미국 S&P500,S&P500,passive,plain,neutral,1X,hedged,physical_or_unspecified,broad,PG-주식-미국-대표지수-S-P500-미국-S-P500-S-P500-P-c2eb6d3f91,,verified_official,기초지수 명시; 운용사·공식 출처 URL 존재; 자산군·투자대상 추출(주식/미국 S&P500),가능,
KR7449190008,449190,KODEX 미국나스닥100(H),NASDAQ 100,주식,미국,대표지수,나스닥 100 코어,미국 나스닥100,NASDAQ100,passive,plain,neutral,1X,hedged,physical_or_unspecified,broad,PG-주식-미국-대표지수-나스닥100-미국-나스닥100-NASDAQ10-07ea923e6f,,verified_official,기초지수 명시; 운용사·공식 출처 URL 존재; 자산군·투자대상 추출(주식/미국 나스닥100),가능,
KR7449450006,449450,PLUS K방산,FnGuide K-방위산업 지수,주식,국내,산업·섹터,K-방위산업,국내 방산,방산-국내-방산-3c5b4a7923,passive,plain,neutral,1X,unhedged_or_not_applicable,physical_or_unspecified,unknown,PG-주식-국내-산업-섹터-방산-국내-방산-방산-국내-방산-3C5B4A-491ece2be9,,verified_official,기초지수 명시; 운용사·공식 출처 URL 존재; 자산군·투자대상 추출(주식/국내 방산),가능,
KR7449580000,449580,RISE 테슬라애플아마존채권혼합,iSelect 테슬라 애플 아마존 채권혼합지수(Price Return),혼합자산,미국,혼합자산,자산배분 & 채권혼합,단일종목 채권혼합,BOND_미국-채권-만기미확인-등급미확인-4820f5af4f,passive,mixed_asset,neutral,1X,unhedged,physical_or_unspecified,unknown,PG-PENDING-449580-8990da58c2,,classified_derived,기초지수 명시; 운용사·공식 출처 URL 존재; 자산군·투자대상 추출(채권/미국 채권 만기미확인 등급미확인),가능,세부 투자대상 또는 만기·구성비율 미확인
KR7449680008,449680,TIGER 한중전기차(합성),KRX CSI 한·중 전기차지수,주식,국내,기타특수구조,미확인 주식전략,국내 미확인 주식전략,미확인-주식전략-국내-미확인-주식전략-46eed209b8,passive,plain,neutral,1X,unhedged_or_not_applicable,synthetic,unknown,PG-PENDING-449680-0f50edacd7,,classified_derived,기초지수 명시; 운용사·공식 출처 URL 존재; 자산군·투자대상 추출(주식/국내 미확인 주식전략),가능,직접 비교에 필요한 주식 전략·투자대상 미확인; 세부 투자대상 또는 만기·구성비율 미확인
KR7449690007,449690,TIGER 한중반도체(합성),KRX CSI 한·중 반도체지수,주식,국내,산업·섹터,전통 반도체 소부장,국내 반도체,반도체-국내-반도체-0ed1f11677,passive,plain,neutral,1X,unhedged_or_not_applicable,synthetic,unknown,PG-주식-국내-산업-섹터-반도체-국내-반도체-반도체-국내-반도체-0E-f4bdfa635d,,verified_official,기초지수 명시; 운용사·공식 출처 URL 존재; 자산군·투자대상 추출(주식/국내 반도체),가능,
KR7449770007,449770,KIWOOM 미국S&P500,S&P 500,주식,미국,대표지수,S&P 500 시장대표,미국 S&P500,S&P500,passive,plain,neutral,1X,unhedged,physical_or_unspecified,broad,PG-주식-미국-대표지수-S-P500-미국-S-P500-S-P500-P-c2eb6d3f91,,verified_official,기초지수 명시; 운용사·공식 출처 URL 존재; 자산군·투자대상 추출(주식/미국 S&P500),가능,
KR7449780006,449780,KIWOOM 미국S&P500(H),S&P 500,주식,미국,대표지수,S&P 500 시장대표,미국 S&P500,S&P500,passive,plain,neutral,1X,hedged,physical_or_unspecified,broad,PG-주식-미국-대표지수-S-P500-미국-S-P500-S-P500-P-c2eb6d3f91,,verified_official,기초지수 명시; 운용사·공식 출처 URL 존재; 자산군·투자대상 추출(주식/미국 S&P500),가능,
KR7450180005,450180,KODEX 한중전기차(합성),KRX CSI 한·중 전기차지수,주식,국내,기타특수구조,미확인 주식전략,국내 미확인 주식전략,미확인-주식전략-국내-미확인-주식전략-46eed209b8,passive,plain,neutral,1X,unhedged_or_not_applicable,synthetic,unknown,PG-PENDING-450180-b3a566b06d,,classified_derived,기초지수 명시; 운용사·공식 출처 URL 존재; 자산군·투자대상 추출(주식/국내 미확인 주식전략),가능,직접 비교에 필요한 주식 전략·투자대상 미확인; 세부 투자대상 또는 만기·구성비율 미확인
KR7450190004,450190,KODEX 한중반도체(합성),KRX CSI 한·중 반도체지수,주식,국내,산업·섹터,전통 반도체 소부장,국내 반도체,반도체-국내-반도체-0ed1f11677,passive,plain,neutral,1X,unhedged_or_not_applicable,synthetic,unknown,PG-주식-국내-산업-섹터-반도체-국내-반도체-반도체-국내-반도체-0E-f4bdfa635d,,verified_official,기초지수 명시; 운용사·공식 출처 URL 존재; 자산군·투자대상 추출(주식/국내 반도체),가능,
KR7450910005,450910,SOL 코스닥150,코스닥 150,주식,국내,기타특수구조,미확인 주식전략,국내 미확인 주식전략,미확인-주식전략-국내-미확인-주식전략-46eed209b8,passive,plain,neutral,1X,unhedged_or_not_applicable,physical_or_unspecified,unknown,PG-PENDING-450910-cae04916ed,,classified_derived,기초지수 명시; 운용사·공식 출처 URL 존재; 자산군·투자대상 추출(주식/국내 미확인 주식전략),가능,직접 비교에 필요한 주식 전략·투자대상 미확인; 세부 투자대상 또는 만기·구성비율 미확인
KR7451000004,451000,PLUS 종합채권(AA-이상)액티브,"KAP 종합채권지수(AA-이상, 총수익)",채권,국내,채권,우량 회사채·금융채,국내 채권 만기미확인 AA,BOND_국내-채권-만기미확인-AA-273392b07e,active,bond_coupon,neutral,1X,unhedged_or_not_applicable,active,unknown,PG-PENDING-451000-f3530154fe,,classified_derived,기초지수 명시; 운용사·공식 출처 URL 존재; 자산군·투자대상 추출(채권/국내 채권 만기미확인 AA),가능,세부 투자대상 또는 만기·구성비율 미확인
KR7451060008,451060,1Q 200액티브,코스피 200,주식,국내,기타특수구조,미확인 주식전략,국내 미확인 주식전략,미확인-주식전략-국내-미확인-주식전략-46eed209b8,active,plain,neutral,1X,unhedged_or_not_applicable,active,broad,PG-PENDING-451060-fbea9ba8a1,,classified_derived,기초지수 명시; 자산군·투자대상 추출(주식/국내 미확인 주식전략),,직접 비교에 필요한 주식 전략·투자대상 미확인; 세부 투자대상 또는 만기·구성비율 미확인
KR7451150007,451150,에셋플러스 글로벌영에이지액티브,S&P 500,주식,미국,대표지수,S&P 500 시장대표,미국 S&P500,S&P500,active,plain,neutral,1X,unhedged,active,broad,PG-주식-미국-대표지수-S-P500-미국-S-P500-S-P500-P-c2eb6d3f91,,auto_high_confidence,기초지수 명시; 자산군·투자대상 추출(주식/미국 S&P500),,
KR7451530000,451530,TIGER 국고채30년스트립액티브,KIS STRIP 30Y Index(총수익지수),채권,국내,채권,국내 장기국채,국내 채권 장기 등급미확인,BOND_국내-채권-장기-등급미확인-f457d22418,active,bond_coupon,neutral,1X,unhedged_or_not_applicable,active,unknown,PG-PENDING-451530-ae420e5d1b,,classified_derived,기초지수 명시; 운용사·공식 출처 URL 존재; 자산군·투자대상 추출(채권/국내 채권 장기 등급미확인),가능,세부 투자대상 또는 만기·구성비율 미확인
KR7451540009,451540,TIGER 종합채권(AA-이상)액티브,KIS 종합채권 AA-이상 총수익 지수(Total return Index),채권,국내,채권,우량 회사채·금융채,국내 채권 만기미확인 AA,BOND_국내-채권-만기미확인-AA-273392b07e,active,bond_coupon,neutral,1X,unhedged_or_not_applicable,active,unknown,PG-PENDING-451540-392ff12e4a,,classified_derived,기초지수 명시; 운용사·공식 출처 URL 존재; 자산군·투자대상 추출(채권/국내 채권 만기미확인 AA),가능,세부 투자대상 또는 만기·구성비율 미확인
KR7451600001,451600,PLUS 국고채30년액티브,KAP 국고채 30년 지수(총수익),채권,국내,채권,국내 장기국채,국내 채권 장기 등급미확인,BOND_국내-채권-장기-등급미확인-f457d22418,active,bond_coupon,neutral,1X,unhedged_or_not_applicable,active,unknown,PG-PENDING-451600-b9d45530c5,,classified_derived,기초지수 명시; 운용사·공식 출처 URL 존재; 자산군·투자대상 추출(채권/국내 채권 장기 등급미확인),가능,세부 투자대상 또는 만기·구성비율 미확인
KR7451670004,451670,RISE 국채30년레버리지(합성),KAP 국채30년 TR 지수(총수익),채권,국내,채권,국내 장기국채,국내 국채 장기 등급미확인,BOND_국내-국채-장기-등급미확인-46cc7d575b,leveraged,bond_coupon,long,2X,unhedged_or_not_applicable,synthetic,unknown,PG-PENDING-451670-ace7a41b84,,classified_derived,기초지수 명시; 운용사·공식 출처 URL 존재; 상품명 구조표시(leveraged); 자산군·투자대상 추출(채권/국내 국채 장기 등급미확인),불가,세부 투자대상 또는 만기·구성비율 미확인
KR7452250004,452250,ACE 미국30년국채선물레버리지(합성 H),S&P Ultra T-Bond Futures Index(ER),채권,미국,채권,미국 장기국채,미국 국채 장기 등급미확인,BOND_미국-국채-장기-등급미확인-047cbda7f5,leveraged,bond_coupon,long,2X,hedged,synthetic,unknown,PG-PENDING-452250-a67854c296,,classified_derived,기초지수 명시; 운용사·공식 출처 URL 존재; 상품명 구조표시(leveraged); 자산군·투자대상 추출(채권/미국 국채 장기 등급미확인),불가,세부 투자대상 또는 만기·구성비율 미확인
KR7452360001,452360,SOL 미국배당다우존스(H),Dow Jones U.S. Dividend 100 Price Return Index,주식,미국,배당·주주환원,미국 배당다우존스,미국 배당다우존스,DOW_JONES_DIVIDEND,passive,plain,neutral,1X,hedged,physical_or_unspecified,broad,PG-주식-미국-배당-주주환원-배당다우존스-미국-배당다우존스-DOW-J-f14037f0fe,,verified_official,기초지수 명시; 운용사·공식 출처 URL 존재; 자산군·투자대상 추출(주식/미국 배당다우존스),가능,
KR7453010001,453010,PLUS KOFR금리,KOFR 지수,금리·파킹,미국,금리·파킹,금리·파킹,KOFR,RATE_KOFR-7c69b1923a,passive,rate_return,neutral,1X,not_applicable,physical_or_unspecified,unknown,PG-금리-파킹-해당없음-금리-파킹-금리-파킹-KOFR-RATE-KOF-ad0fa05348,,verified_official,기초지수 명시; 운용사·공식 출처 URL 존재; 자산군·투자대상 추출(금리·파킹/KOFR),가능,
KR7453060006,453060,HANARO KOFR금리액티브(합성),KOFR 지수,금리·파킹,국내,금리·파킹,금리·파킹,KOFR,RATE_KOFR-7c69b1923a,active,rate_return,neutral,1X,not_applicable,synthetic,unknown,PG-금리-파킹-해당없음-금리-파킹-금리-파킹-KOFR-RATE-KOF-ad0fa05348,,verified_official,기초지수 명시; 운용사·공식 출처 URL 존재; 자산군·투자대상 추출(금리·파킹/KOFR),가능,
KR7453080004,453080,KIWOOM 미국나스닥100(H),NASDAQ 100,주식,미국,대표지수,나스닥 100 코어,미국 나스닥100,NASDAQ100,passive,plain,neutral,1X,hedged,physical_or_unspecified,broad,PG-주식-미국-대표지수-나스닥100-미국-나스닥100-NASDAQ10-07ea923e6f,,verified_official,기초지수 명시; 운용사·공식 출처 URL 존재; 자산군·투자대상 추출(주식/미국 나스닥100),가능,
KR7453330003,453330,RISE 미국S&P500(H),S&P 500,주식,미국,대표지수,S&P 500 시장대표,미국 S&P500,S&P500,passive,plain,neutral,1X,hedged,physical_or_unspecified,broad,PG-주식-미국-대표지수-S-P500-미국-S-P500-S-P500-P-c2eb6d3f91,,verified_official,기초지수 명시; 운용사·공식 출처 URL 존재; 자산군·투자대상 추출(주식/미국 S&P500),가능,
KR7453630006,453630,KODEX 미국S&P500필수소비재,S&P Consumer Staples Select Sector Index(Price Return),주식,미국,대표지수,글로벌 럭셔리 & 소비재,미국 S&P500,S&P500,passive,plain,neutral,1X,unhedged,physical_or_unspecified,broad,PG-주식-미국-대표지수-S-P500-미국-S-P500-S-P500-P-c2eb6d3f91,,verified_official,기초지수 명시; 운용사·공식 출처 URL 존재; 자산군·투자대상 추출(주식/미국 S&P500),가능,
KR7453640005,453640,KODEX 미국S&P500헬스케어,S&P Health Care Select Sector Index(Price Return),주식,미국,대표지수,글로벌 헬스케어 & 메디컬,미국 S&P500,S&P500,passive,plain,neutral,1X,unhedged,physical_or_unspecified,broad,PG-주식-미국-대표지수-S-P500-미국-S-P500-S-P500-P-c2eb6d3f91,,verified_official,기초지수 명시; 운용사·공식 출처 URL 존재; 자산군·투자대상 추출(주식/미국 S&P500),가능,
KR7453650004,453650,KODEX 미국S&P500금융,S&P Financial Select Sector Index(Price Return),주식,미국,대표지수,S&P 500 시장대표,미국 S&P500,S&P500,passive,plain,neutral,1X,unhedged,physical_or_unspecified,broad,PG-주식-미국-대표지수-S-P500-미국-S-P500-S-P500-P-c2eb6d3f91,,verified_official,기초지수 명시; 운용사·공식 출처 URL 존재; 자산군·투자대상 추출(주식/미국 S&P500),가능,
KR7453660003,453660,KODEX 미국S&P500경기소비재,S&P Consumer Discretionary Select Sector Index(Price Return),주식,미국,대표지수,글로벌 럭셔리 & 소비재,미국 S&P500,S&P500,passive,plain,neutral,1X,unhedged,physical_or_unspecified,broad,PG-주식-미국-대표지수-S-P500-미국-S-P500-S-P500-P-c2eb6d3f91,,verified_official,기초지수 명시; 운용사·공식 출처 URL 존재; 자산군·투자대상 추출(주식/미국 S&P500),가능,
KR7453810004,453810,KODEX 인도Nifty50,Nifty 50 Index,주식,인도,기타특수구조,인도 시장 & 밸류체인,인도 미확인 주식전략,미확인-주식전략-인도-미확인-주식전략-69bd615628,passive,plain,neutral,1X,unhedged,physical_or_unspecified,unknown,PG-PENDING-453810-132ce53c7e,,classified_derived,기초지수 명시; 운용사·공식 출처 URL 존재; 자산군·투자대상 추출(주식/인도 미확인 주식전략),가능,직접 비교에 필요한 주식 전략·투자대상 미확인; 세부 투자대상 또는 만기·구성비율 미확인
KR7453820003,453820,KODEX 인도Nifty50레버리지(합성),Nifty 50 Index,주식,인도,기타특수구조,인도 시장 & 밸류체인,인도 미확인 주식전략,미확인-주식전략-인도-미확인-주식전략-69bd615628,leveraged,leveraged,long,2X,unhedged,synthetic,unknown,PG-PENDING-453820-87504f8c5d,,classified_derived,기초지수 명시; 운용사·공식 출처 URL 존재; 상품명 구조표시(leveraged); 자산군·투자대상 추출(주식/인도 미확인 주식전략),불가,직접 비교에 필요한 주식 전략·투자대상 미확인; 세부 투자대상 또는 만기·구성비율 미확인
KR7453850000,453850,ACE 미국30년국채액티브(H),Bloomberg U.S Treasury 20+ Year Total Return Index,채권,미국,채권,미국 장기국채,미국 국채 장기 등급미확인,BOND_미국-국채-장기-등급미확인-047cbda7f5,active,bond_coupon,neutral,1X,hedged,active,unknown,PG-PENDING-453850-05449ae70f,,classified_derived,기초지수 명시; 운용사·공식 출처 URL 존재; 자산군·투자대상 추출(채권/미국 국채 장기 등급미확인),가능,세부 투자대상 또는 만기·구성비율 미확인
KR7453870008,453870,TIGER 인도니프티50,Nifty 50 Index,주식,인도,기타특수구조,인도 시장 & 밸류체인,인도 미확인 주식전략,미확인-주식전략-인도-미확인-주식전략-69bd615628,passive,plain,neutral,1X,unhedged,physical_or_unspecified,unknown,PG-PENDING-453870-74e51d4ff3,,classified_derived,기초지수 명시; 운용사·공식 출처 URL 존재; 자산군·투자대상 추출(주식/인도 미확인 주식전략),가능,직접 비교에 필요한 주식 전략·투자대상 미확인; 세부 투자대상 또는 만기·구성비율 미확인
KR7453950008,453950,TIGER TSMC파운드리밸류체인,FactSet TSMC 파운드리 밸류체인 지수(시장가격지수),주식,기타국가,기타특수구조,글로벌 AI 반도체,기타국가 미확인 주식전략,미확인-주식전략-기타국가-미확인-주식전략-cd16f2b14c,passive,plain,neutral,1X,unhedged,physical_or_unspecified,unknown,PG-PENDING-453950-f596a66c6d,,classified_derived,기초지수 명시; 운용사·공식 출처 URL 존재; 자산군·투자대상 추출(주식/기타국가 미확인 주식전략),가능,직접 비교에 필요한 주식 전략·투자대상 미확인; 세부 투자대상 또는 만기·구성비율 미확인
KR7454180001,454180,KIWOOM 차이나내수소비TOP CSI,CSI SH-HK-SZ Consumer Top Index,주식,중국,산업·섹터,글로벌 럭셔리 & 소비재,중국 소비재,소비재-중국-소비재-526c3d6249,passive,plain,neutral,1X,unhedged,physical_or_unspecified,unknown,PG-PENDING-454180-b8958c61a9,,verified_official,기초지수 명시; 운용사·공식 출처 URL 존재; 자산군·투자대상 추출(주식/중국 소비재),가능,
KR7454320003,454320,HANARO CAPEX설비투자iSelect,iSelect CAPEX 설비투자 지수(시장가격),주식,국내,기타특수구조,미확인 주식전략,국내 미확인 주식전략,미확인-주식전략-국내-미확인-주식전략-46eed209b8,passive,plain,neutral,1X,unhedged_or_not_applicable,physical_or_unspecified,unknown,PG-PENDING-454320-f506fca3e2,,classified_derived,기초지수 명시; 운용사·공식 출처 URL 존재; 자산군·투자대상 추출(주식/국내 미확인 주식전략),가능,직접 비교에 필요한 주식 전략·투자대상 미확인; 세부 투자대상 또는 만기·구성비율 미확인
KR7454780008,454780,KIWOOM 종합채권(AA-이상)액티브,KIS 종합 채권시장지수(AA-이상)(총수익지수),채권,국내,채권,우량 회사채·금융채,국내 채권 만기미확인 AA,BOND_국내-채권-만기미확인-AA-273392b07e,active,bond_coupon,neutral,1X,unhedged_or_not_applicable,active,unknown,PG-PENDING-454780-bc2619f5b7,,classified_derived,기초지수 명시; 운용사·공식 출처 URL 존재; 자산군·투자대상 추출(채권/국내 채권 만기미확인 AA),가능,세부 투자대상 또는 만기·구성비율 미확인
KR7455030007,455030,KODEX 미국달러SOFR금리액티브(합성),Bloomberg SOFR Daily Total Return Index,금리·파킹,미국,금리·파킹,금리·파킹,초단기 금리,RATE_초단기-금리-70f35d000d,active,rate_return,neutral,1X,unhedged,synthetic,unknown,PG-금리-파킹-해당없음-금리-파킹-금리-파킹-초단기-금리-RATE-초-58f4b66988,,verified_official,기초지수 명시; 운용사·공식 출처 URL 존재; 자산군·투자대상 추출(금리·파킹/초단기 금리),가능,
KR7455660001,455660,ACE 미국하이일드액티브(H),iBoxx USD Liquid High Yield Total Return Index,채권,미국,채권,글로벌 종합채권,미국 채권 만기미확인 HY,BOND_미국-채권-만기미확인-HY-1c329cf5f5,active,bond_coupon,neutral,1X,hedged,active,unknown,PG-PENDING-455660-34b8cae226,,classified_derived,기초지수 명시; 운용사·공식 출처 URL 존재; 자산군·투자대상 추출(채권/미국 채권 만기미확인 HY),가능,세부 투자대상 또는 만기·구성비율 미확인
KR7455850008,455850,SOL AI반도체소부장,FnGuide AI 반도체 소부장 지수,주식,국내,테마,AI 반도체 & HBM,AI 반도체,인공지능-AI-반도체-a909322117,passive,plain,neutral,1X,unhedged_or_not_applicable,physical_or_unspecified,unknown,PG-주식-국내-테마-인공지능-AI-반도체-인공지능-AI-반도체-A90-7e63fd0b56,,verified_official,기초지수 명시; 운용사·공식 출처 URL 존재; 자산군·투자대상 추출(주식/AI 반도체),가능,
KR7455860007,455860,SOL 2차전지소부장Fn,FnGuide 2차전지 소부장 지수(PR),주식,국내,산업·섹터,2차전지 셀 & 소재,국내 2차전지·배터리 소재,2차전지-배터리-소재-국내-2차전지-배터리-소재-1367e96ce1,passive,plain,neutral,1X,unhedged_or_not_applicable,physical_or_unspecified,unknown,PG-주식-국내-산업-섹터-2차전지-배터리-소재-국내-2차전지-배터리--0cc60d36d9,,verified_official,기초지수 명시; 운용사·공식 출처 URL 존재; 자산군·투자대상 추출(주식/국내 2차전지·배터리 소재),가능,
KR7455890004,455890,RISE 머니마켓액티브,KIS 시가평가 MMF 지수 (총수익지수),금리·파킹,국내,금리·파킹,금리·파킹,머니마켓,RATE_머니마켓-e1b1a267e3,active,rate_return,neutral,1X,not_applicable,active,unknown,PG-금리-파킹-해당없음-금리-파킹-금리-파킹-머니마켓-RATE-머니마-53401a7911,,verified_official,기초지수 명시; 운용사·공식 출처 URL 존재; 자산군·투자대상 추출(금리·파킹/머니마켓),가능,
KR7455960005,455960,RISE 미국달러SOFR금리액티브(합성),KAP SOFR 지수,금리·파킹,미국,금리·파킹,금리·파킹,초단기 금리,RATE_초단기-금리-70f35d000d,active,rate_return,neutral,1X,unhedged,synthetic,unknown,PG-금리-파킹-해당없음-금리-파킹-금리-파킹-초단기-금리-RATE-초-58f4b66988,,verified_official,기초지수 명시; 운용사·공식 출처 URL 존재; 자산군·투자대상 추출(금리·파킹/초단기 금리),가능,
KR7456200005,456200,PLUS 미국달러SOFR금리액티브(합성),Solactive SOFR Daily Total Return Index,금리·파킹,미국,금리·파킹,금리·파킹,초단기 금리,RATE_초단기-금리-70f35d000d,active,rate_return,neutral,1X,unhedged,synthetic,unknown,PG-금리-파킹-해당없음-금리-파킹-금리-파킹-초단기-금리-RATE-초-58f4b66988,,verified_official,기초지수 명시; 운용사·공식 출처 URL 존재; 자산군·투자대상 추출(금리·파킹/초단기 금리),가능,
KR7456250000,456250,KODEX 유럽명품TOP10 STOXX,STOXX Europe Luxury 10 Index(Price Return),주식,유럽,기타특수구조,글로벌 럭셔리 & 소비재,유럽 미확인 주식전략,미확인-주식전략-유럽-미확인-주식전략-fda82dbade,passive,plain,neutral,1X,unhedged,physical_or_unspecified,concentrated,PG-PENDING-456250-f589976faa,,classified_derived,기초지수 명시; 운용사·공식 출처 URL 존재; 자산군·투자대상 추출(주식/유럽 미확인 주식전략),가능,직접 비교에 필요한 주식 전략·투자대상 미확인; 세부 투자대상 또는 만기·구성비율 미확인
KR7456600006,456600,TIME 글로벌AI인공지능액티브,Solactive Global Artificial Intelligence 지수,주식,글로벌,테마,생성형 AI & 소프트웨어,인공지능 일반,인공지능-인공지능-일반-4ef7c7155f,active,plain,neutral,1X,unhedged,active,unknown,PG-주식-글로벌-테마-인공지능-인공지능-일반-인공지능-인공지능-일반--7fa2ce759b,,auto_high_confidence,기초지수 명시; 자산군·투자대상 추출(주식/인공지능 일반),,
KR7456610005,456610,TIGER 미국달러SOFR금리액티브(합성),Solactive SOFR Daily Total Return Index,금리·파킹,미국,금리·파킹,금리·파킹,초단기 금리,RATE_초단기-금리-70f35d000d,active,rate_return,neutral,1X,unhedged,synthetic,unknown,PG-금리-파킹-해당없음-금리-파킹-금리-파킹-초단기-금리-RATE-초-58f4b66988,,verified_official,기초지수 명시; 운용사·공식 출처 URL 존재; 자산군·투자대상 추출(금리·파킹/초단기 금리),가능,
KR7456680008,456680,TIGER 차이나전기차레버리지(합성),Solactive China Electric Vehicle and Battery Index(PR),주식,중국,산업·섹터,전기차 & 자율주행,중국 2차전지·배터리 소재,2차전지-배터리-소재-중국-2차전지-배터리-소재-2edcda1034,leveraged,leveraged,long,2X,unhedged,synthetic,unknown,PG-주식-중국-산업-섹터-2차전지-배터리-소재-중국-2차전지-배터리--1a28ae5b6f,,verified_official,기초지수 명시; 운용사·공식 출처 URL 존재; 상품명 구조표시(leveraged); 자산군·투자대상 추출(주식/중국 2차전지·배터리 소재),불가,
KR7456880004,456880,ACE 미국달러SOFR금리(합성),Solactive SOFR Daily Total Return Index,금리·파킹,미국,금리·파킹,금리·파킹,초단기 금리,RATE_초단기-금리-70f35d000d,active,rate_return,neutral,1X,unhedged,synthetic,unknown,PG-금리-파킹-해당없음-금리-파킹-금리-파킹-초단기-금리-RATE-초-58f4b66988,,verified_official,기초지수 명시; 운용사·공식 출처 URL 존재; 자산군·투자대상 추출(금리·파킹/초단기 금리),가능,
KR7457480002,457480,ACE 테슬라밸류체인액티브,Bloomberg EV Supporters Plus Tesla Price Return Index,주식,미국,산업·섹터,자동차 & 스마트모빌리티,미국 자동차·모빌리티,자동차-모빌리티-미국-자동차-모빌리티-6f7e32a606,active,plain,neutral,1X,unhedged,active,unknown,PG-주식-미국-산업-섹터-자동차-모빌리티-미국-자동차-모빌리티-자동차-d37f4277a0,,verified_official,기초지수 명시; 운용사·공식 출처 URL 존재; 자산군·투자대상 추출(주식/미국 자동차·모빌리티),가능,
KR7457690006,457690,KODEX 33-06 국고채액티브,KAP 33-06 국고채 총수익 지수,채권,국내,채권,국내 장기국채,국내 채권 만기미확인 등급미확인,BOND_국내-채권-만기미확인-등급미확인-893e3e68b3,active,bond_coupon,neutral,1X,unhedged_or_not_applicable,active,unknown,PG-PENDING-457690-e4414fde68,,classified_derived,기초지수 명시; 운용사·공식 출처 URL 존재; 자산군·투자대상 추출(채권/국내 채권 만기미확인 등급미확인),가능,세부 투자대상 또는 만기·구성비율 미확인
KR7457700003,457700,KODEX 53-09 국고채액티브,KAP 53-09 국고채 총수익 지수,채권,국내,채권,국내 장기국채,국내 채권 만기미확인 등급미확인,BOND_국내-채권-만기미확인-등급미확인-893e3e68b3,active,bond_coupon,neutral,1X,unhedged_or_not_applicable,active,unknown,PG-PENDING-457700-d658c9edce,,classified_derived,기초지수 명시; 운용사·공식 출처 URL 존재; 자산군·투자대상 추출(채권/국내 채권 만기미확인 등급미확인),가능,세부 투자대상 또는 만기·구성비율 미확인
KR7457930006,457930,BNK 미래전략기술액티브,iSelect 미래전략기술 지수 (PR),주식,국내,기타특수구조,미확인 주식전략,국내 미확인 주식전략,미확인-주식전략-국내-미확인-주식전략-46eed209b8,active,plain,neutral,1X,unhedged_or_not_applicable,active,unknown,PG-PENDING-457930-640dedd3e6,,classified_derived,기초지수 명시; 자산군·투자대상 추출(주식/국내 미확인 주식전략),,직접 비교에 필요한 주식 전략·투자대상 미확인; 세부 투자대상 또는 만기·구성비율 미확인
KR7457990000,457990,PLUS 태양광&ESS,FnGuide 태양광 & ESS 지수,주식,국내,산업·섹터,친환경 & 신재생에너지,국내 에너지·신재생에너지,에너지-신재생에너지-국내-에너지-신재생에너지-b906c58a56,passive,plain,neutral,1X,unhedged_or_not_applicable,physical_or_unspecified,unknown,PG-주식-국내-산업-섹터-에너지-신재생에너지-국내-에너지-신재생에너지-b30abd3b1f,,verified_official,기초지수 명시; 운용사·공식 출처 URL 존재; 자산군·투자대상 추출(주식/국내 에너지·신재생에너지),가능,
KR7458030004,458030,WON 국공채머니마켓액티브,KAP 국공채 머니마켓 총수익 지수,금리·파킹,국내,금리·파킹,금리·파킹,머니마켓,RATE_머니마켓-e1b1a267e3,active,rate_return,neutral,1X,not_applicable,active,unknown,PG-금리-파킹-해당없음-금리-파킹-금리-파킹-머니마켓-RATE-머니마-53401a7911,,auto_high_confidence,기초지수 명시; 자산군·투자대상 추출(금리·파킹/머니마켓),,
KR7458210002,458210,KIWOOM CD금리액티브(합성),FnGuide CD91일 금리투자 지수(총수익),금리·파킹,국내,금리·파킹,금리·파킹,CD금리,RATE_CD금리-141db05f34,active,rate_return,neutral,1X,not_applicable,synthetic,unknown,PG-금리-파킹-해당없음-금리-파킹-금리-파킹-CD금리-RATE-CD금-d7907e81c4,,verified_official,기초지수 명시; 운용사·공식 출처 URL 존재; 자산군·투자대상 추출(금리·파킹/CD금리),가능,
KR7458250008,458250,TIGER 미국30년국채스트립액티브(합성 H),ICE BofA Long US Treasury Principal STRIPS Index,채권,미국,채권,미국 장기국채,미국 국채 장기 등급미확인,BOND_미국-국채-장기-등급미확인-047cbda7f5,active,bond_coupon,neutral,1X,hedged,synthetic,unknown,PG-PENDING-458250-57235b6acb,,classified_derived,기초지수 명시; 운용사·공식 출처 URL 존재; 자산군·투자대상 추출(채권/미국 국채 장기 등급미확인),가능,세부 투자대상 또는 만기·구성비율 미확인
KR7458260007,458260,TIGER 미국투자등급회사채액티브(H),iBoxx USD Liquid Investment Grade Index(Price Return),채권,미국,채권,우량 회사채·금융채,미국 회사채 만기미확인 등급미확인,BOND_미국-회사채-만기미확인-등급미확인-4514d1a9e5,active,bond_coupon,neutral,1X,hedged,active,unknown,PG-PENDING-458260-c65f532337,,classified_derived,기초지수 명시; 운용사·공식 출처 URL 존재; 자산군·투자대상 추출(채권/미국 회사채 만기미확인 등급미확인),가능,세부 투자대상 또는 만기·구성비율 미확인
KR7458730009,458730,TIGER 미국배당다우존스,Dow Jones U.S. Dividend 100 Price Return Index,주식,미국,배당·주주환원,미국 배당다우존스,미국 배당다우존스,DOW_JONES_DIVIDEND,passive,plain,neutral,1X,unhedged,physical_or_unspecified,broad,PG-주식-미국-배당-주주환원-배당다우존스-미국-배당다우존스-DOW-J-f14037f0fe,,verified_official,기초지수 명시; 운용사·공식 출처 URL 존재; 자산군·투자대상 추출(주식/미국 배당다우존스),가능,
KR7458750007,458750,TIGER 미국배당다우존스타겟커버드콜1호,DowJones U.S. Dividend 100 3% Premium Covered Call 지수 (TR),주식,미국,배당·주주환원,해외 월배당 & 커버드콜,미국 배당다우존스,DOW_JONES_DIVIDEND,covered_call,covered_call,neutral,1X,unhedged,physical_or_unspecified,broad,PG-주식-미국-배당-주주환원-배당다우존스-미국-배당다우존스-DOW-J-6a7ebd2885,,verified_official,기초지수 명시; 운용사·공식 출처 URL 존재; 상품명 구조표시(covered_call); 자산군·투자대상 추출(주식/미국 배당다우존스),가능,
KR7458760006,458760,TIGER 미국배당다우존스타겟커버드콜2호,DowJones U.S. Dividend 100 7% Premium Covered Call 지수 (TR),주식,미국,배당·주주환원,해외 월배당 & 커버드콜,미국 배당다우존스,DOW_JONES_DIVIDEND,covered_call,covered_call,neutral,1X,unhedged,physical_or_unspecified,broad,PG-주식-미국-배당-주주환원-배당다우존스-미국-배당다우존스-DOW-J-6a7ebd2885,,verified_official,기초지수 명시; 운용사·공식 출처 URL 존재; 상품명 구조표시(covered_call); 자산군·투자대상 추출(주식/미국 배당다우존스),가능,
KR7459560009,459560,KODEX 테슬라밸류체인FactSet,FactSet TSLA Value Chain Index(PR),주식,미국,스타일·팩터,스타일·팩터,미국 스타일·팩터,스타일-팩터-미국-스타일-팩터-3fe8e2a344,passive,plain,neutral,1X,unhedged,physical_or_unspecified,unknown,PG-주식-미국-스타일-팩터-스타일-팩터-미국-스타일-팩터-스타일-팩터-e369ea558f,,verified_official,기초지수 명시; 운용사·공식 출처 URL 존재; 자산군·투자대상 추출(주식/미국 스타일·팩터),가능,
KR7459580007,459580,KODEX CD금리액티브(합성),KAP 양도성예금증서(CD)금리지수(총수익지수),금리·파킹,국내,금리·파킹,금리·파킹,CD금리,RATE_CD금리-141db05f34,active,rate_return,neutral,1X,not_applicable,synthetic,unknown,PG-금리-파킹-해당없음-금리-파킹-금리-파킹-CD금리-RATE-CD금-d7907e81c4,,verified_official,기초지수 명시; 운용사·공식 출처 URL 존재; 자산군·투자대상 추출(금리·파킹/CD금리),가능,
KR7459750006,459750,RISE 글로벌주식분산액티브,Bloomberg Global Equity Market Weighted Index(Price Return),주식,글로벌,기타특수구조,미확인 주식전략,글로벌 미확인 주식전략,미확인-주식전략-글로벌-미확인-주식전략-d0f070a455,active,plain,neutral,1X,unhedged,active,unknown,PG-PENDING-459750-8fda756839,,classified_derived,기초지수 명시; 운용사·공식 출처 URL 존재; 자산군·투자대상 추출(주식/글로벌 미확인 주식전략),가능,직접 비교에 필요한 주식 전략·투자대상 미확인; 세부 투자대상 또는 만기·구성비율 미확인
KR7459790002,459790,KIWOOM 미국성장기업30액티브,MSCI USA Index(Price Return),주식,미국,스타일·팩터,스타일·팩터,미국 스타일·팩터,스타일-팩터-미국-스타일-팩터-3fe8e2a344,active,plain,neutral,1X,unhedged,active,unknown,PG-주식-미국-스타일-팩터-스타일-팩터-미국-스타일-팩터-스타일-팩터-e369ea558f,,verified_official,기초지수 명시; 운용사·공식 출처 URL 존재; 자산군·투자대상 추출(주식/미국 스타일·팩터),가능,
KR7460270002,460270,KIWOOM 미국달러SOFR금리액티브(합성),Solactive SOFR Daily Total Return Index,금리·파킹,미국,금리·파킹,금리·파킹,초단기 금리,RATE_초단기-금리-70f35d000d,active,rate_return,neutral,1X,unhedged,synthetic,unknown,PG-금리-파킹-해당없음-금리-파킹-금리-파킹-초단기-금리-RATE-초-58f4b66988,,verified_official,기초지수 명시; 운용사·공식 출처 URL 존재; 자산군·투자대상 추출(금리·파킹/초단기 금리),가능,
KR7460660004,460660,RISE 미국S&P배당킹,S&P Dividend Monarchs Index(Price Return),주식,미국,배당·주주환원,미국 배당다우존스,미국 고배당,고배당-미국-고배당-8e56e7fe68,passive,plain,neutral,1X,unhedged,physical_or_unspecified,unknown,PG-주식-미국-배당-주주환원-고배당-미국-고배당-고배당-미국-고배당--25a2d26271,,verified_official,기초지수 명시; 운용사·공식 출처 URL 존재; 자산군·투자대상 추출(주식/미국 고배당),가능,
KR7460960008,460960,ACE 글로벌인컴TOP10,Solactive Global Superior Income TOP 10 Price Return Index,주식,글로벌,기타특수구조,미확인 주식전략,글로벌 미확인 주식전략,미확인-주식전략-글로벌-미확인-주식전략-d0f070a455,active,plain,neutral,1X,unhedged,active,concentrated,PG-PENDING-460960-29a88784ff,,classified_derived,기초지수 명시; 운용사·공식 출처 URL 존재; 자산군·투자대상 추출(주식/글로벌 미확인 주식전략),가능,직접 비교에 필요한 주식 전략·투자대상 미확인; 세부 투자대상 또는 만기·구성비율 미확인
KR7461340002,461340,HANARO 글로벌생성형AI액티브,Solactive United States Technology 100 Index(Price Return),주식,글로벌,기타특수구조,생성형 AI & 소프트웨어,글로벌 미확인 주식전략,미확인-주식전략-글로벌-미확인-주식전략-d0f070a455,active,plain,neutral,1X,unhedged,active,broad,PG-PENDING-461340-28f4d369a5,,classified_derived,기초지수 명시; 운용사·공식 출처 URL 존재; 자산군·투자대상 추출(주식/글로벌 미확인 주식전략),가능,직접 비교에 필요한 주식 전략·투자대상 미확인; 세부 투자대상 또는 만기·구성비율 미확인
KR7461450009,461450,KODEX 코스닥글로벌,코스닥 글로벌 지수,주식,국내,기타특수구조,미확인 주식전략,국내 미확인 주식전략,미확인-주식전략-국내-미확인-주식전략-46eed209b8,passive,plain,neutral,1X,unhedged,physical_or_unspecified,unknown,PG-PENDING-461450-f46c65b66b,,classified_derived,기초지수 명시; 운용사·공식 출처 URL 존재; 자산군·투자대상 추출(주식/국내 미확인 주식전략),가능,직접 비교에 필요한 주식 전략·투자대상 미확인; 세부 투자대상 또는 만기·구성비율 미확인
KR7461460008,461460,PLUS 국고채10년액티브,KAP 국고채 10년 동일가중 지수(총수익),채권,국내,채권,국내 장기국채,국내 채권 장기 등급미확인,BOND_국내-채권-장기-등급미확인-f457d22418,active,bond_coupon,neutral,1X,unhedged_or_not_applicable,active,unknown,PG-PENDING-461460-762dc6c7a4,,classified_derived,기초지수 명시; 운용사·공식 출처 URL 존재; 자산군·투자대상 추출(채권/국내 채권 장기 등급미확인),가능,세부 투자대상 또는 만기·구성비율 미확인
KR7461490005,461490,RISE 글로벌자산배분액티브,Bloomberg Multi-Asset Weighted (KRW ETFs) 지수(시장가격),혼합자산,글로벌,혼합자산,혼합자산,구성비율 미확인,혼합자산-구성비율-미확인-9c1ef5c7e4,active,mixed_asset,neutral,1X,unhedged,active,unknown,PG-PENDING-461490-383576b351,,classified_derived,기초지수 명시; 운용사·공식 출처 URL 존재; 자산군·투자대상 추출(혼합자산/구성비율 미확인),가능,세부 투자대상 또는 만기·구성비율 미확인
KR7461500001,461500,HANARO 종합채권(AA-이상)액티브,KAP 종합채권 총수익지수(AA-이상),채권,국내,채권,우량 회사채·금융채,국내 채권 만기미확인 AA,BOND_국내-채권-만기미확인-AA-273392b07e,active,bond_coupon,neutral,1X,unhedged_or_not_applicable,active,unknown,PG-PENDING-461500-08956a72f0,,classified_derived,기초지수 명시; 운용사·공식 출처 URL 존재; 자산군·투자대상 추출(채권/국내 채권 만기미확인 AA),가능,세부 투자대상 또는 만기·구성비율 미확인
KR7461580003,461580,TIGER 코스닥글로벌,코스닥 글로벌 지수,주식,국내,기타특수구조,미확인 주식전략,국내 미확인 주식전략,미확인-주식전략-국내-미확인-주식전략-46eed209b8,passive,plain,neutral,1X,unhedged,physical_or_unspecified,unknown,PG-PENDING-461580-fa7abc2aba,,classified_derived,기초지수 명시; 운용사·공식 출처 URL 존재; 자산군·투자대상 추출(주식/국내 미확인 주식전략),가능,직접 비교에 필요한 주식 전략·투자대상 미확인; 세부 투자대상 또는 만기·구성비율 미확인
KR7461600009,461600,SOL 미국30년국채액티브(H),KAP 미국채 20Y+ 지수(시장가격),채권,미국,채권,미국 장기국채,미국 국채 장기 등급미확인,BOND_미국-국채-장기-등급미확인-047cbda7f5,active,bond_coupon,neutral,1X,hedged,active,unknown,PG-PENDING-461600-fa3b4f4227,,classified_derived,기초지수 명시; 운용사·공식 출처 URL 존재; 자산군·투자대상 추출(채권/미국 국채 장기 등급미확인),가능,세부 투자대상 또는 만기·구성비율 미확인
KR7461900003,461900,PLUS 미국테크TOP10,iSelect 미국 Tech 10 지수,주식,미국,기타특수구조,미국 빅테크 (M7),미국 미확인 주식전략,미확인-주식전략-미국-미확인-주식전략-bf6afc4d9f,passive,plain,neutral,1X,unhedged,physical_or_unspecified,concentrated,PG-PENDING-461900-910dad86e2,,classified_derived,기초지수 명시; 운용사·공식 출처 URL 존재; 자산군·투자대상 추출(주식/미국 미확인 주식전략),가능,직접 비교에 필요한 주식 전략·투자대상 미확인; 세부 투자대상 또는 만기·구성비율 미확인
KR7461910002,461910,PLUS 미국테크TOP10레버리지(합성),iSelect 미국 Tech 10 지수,주식,미국,기타특수구조,미국 빅테크 (M7),미국 미확인 주식전략,미확인-주식전략-미국-미확인-주식전략-bf6afc4d9f,leveraged,leveraged,long,2X,unhedged,synthetic,concentrated,PG-PENDING-461910-40793d0a92,,classified_derived,기초지수 명시; 운용사·공식 출처 URL 존재; 상품명 구조표시(leveraged); 자산군·투자대상 추출(주식/미국 미확인 주식전략),불가,직접 비교에 필요한 주식 전략·투자대상 미확인; 세부 투자대상 또는 만기·구성비율 미확인
KR7461950008,461950,KODEX 2차전지핵심소재10,FnGuide 2차전지핵심소재10 지수,주식,국내,산업·섹터,2차전지 셀 & 소재,국내 2차전지·배터리 소재,2차전지-배터리-소재-국내-2차전지-배터리-소재-1367e96ce1,passive,plain,neutral,1X,unhedged_or_not_applicable,physical_or_unspecified,unknown,PG-주식-국내-산업-섹터-2차전지-배터리-소재-국내-2차전지-배터리--0cc60d36d9,,verified_official,기초지수 명시; 운용사·공식 출처 URL 존재; 자산군·투자대상 추출(주식/국내 2차전지·배터리 소재),가능,
KR7462010000,462010,TIGER 2차전지소재Fn,FnGuide 2차전지소재 (Price Return) 지수,주식,국내,산업·섹터,2차전지 셀 & 소재,국내 2차전지·배터리 소재,2차전지-배터리-소재-국내-2차전지-배터리-소재-1367e96ce1,passive,plain,neutral,1X,unhedged_or_not_applicable,physical_or_unspecified,unknown,PG-주식-국내-산업-섹터-2차전지-배터리-소재-국내-2차전지-배터리--0cc60d36d9,,verified_official,기초지수 명시; 운용사·공식 출처 URL 존재; 자산군·투자대상 추출(주식/국내 2차전지·배터리 소재),가능,
KR7462330002,462330,KODEX 2차전지산업레버리지,FnGuide 2차전지 산업 지수,주식,국내,산업·섹터,2차전지 셀 & 소재,국내 2차전지·배터리 소재,2차전지-배터리-소재-국내-2차전지-배터리-소재-1367e96ce1,leveraged,leveraged,long,2X,unhedged_or_not_applicable,physical_or_unspecified,unknown,PG-주식-국내-산업-섹터-2차전지-배터리-소재-국내-2차전지-배터리--569fca1653,,verified_official,기초지수 명시; 운용사·공식 출처 URL 존재; 상품명 구조표시(leveraged); 자산군·투자대상 추출(주식/국내 2차전지·배터리 소재),불가,
KR7462340001,462340,에셋플러스 글로벌다이나믹시니어액티브,S&P 500,주식,미국,대표지수,S&P 500 시장대표,미국 S&P500,S&P500,active,plain,neutral,1X,unhedged,active,broad,PG-주식-미국-대표지수-S-P500-미국-S-P500-S-P500-P-c2eb6d3f91,,auto_high_confidence,기초지수 명시; 자산군·투자대상 추출(주식/미국 S&P500),,
KR7462900002,462900,KoAct 바이오헬스케어액티브,iSelect 바이오헬스케어 PR 지수,주식,국내,산업·섹터,비만·신약 & 바이오시밀러,국내 바이오·제약·헬스케어,바이오-제약-헬스케어-국내-바이오-제약-헬스케어-d888086019,active,plain,neutral,1X,unhedged_or_not_applicable,active,unknown,PG-주식-국내-산업-섹터-바이오-제약-헬스케어-국내-바이오-제약-헬스-eaf9ac0bdb,,auto_high_confidence,기초지수 명시; 자산군·투자대상 추출(주식/국내 바이오·제약·헬스케어),,
KR7463050005,463050,TIME K바이오액티브,KRX 헬스케어,주식,국내,산업·섹터,비만·신약 & 바이오시밀러,국내 바이오·제약·헬스케어,바이오-제약-헬스케어-국내-바이오-제약-헬스케어-d888086019,active,plain,neutral,1X,unhedged_or_not_applicable,active,unknown,PG-주식-국내-산업-섹터-바이오-제약-헬스케어-국내-바이오-제약-헬스-eaf9ac0bdb,,auto_high_confidence,기초지수 명시; 자산군·투자대상 추출(주식/국내 바이오·제약·헬스케어),,
KR7463250001,463250,TIGER K방산&우주,iSelect K방산&우주,주식,국내,산업·섹터,K-방위산업,국내 방산,방산-국내-방산-3c5b4a7923,passive,plain,neutral,1X,unhedged_or_not_applicable,physical_or_unspecified,unknown,PG-주식-국내-산업-섹터-방산-국내-방산-방산-국내-방산-3C5B4A-491ece2be9,,verified_official,기초지수 명시; 운용사·공식 출처 URL 존재; 자산군·투자대상 추출(주식/국내 방산),가능,
KR7463290007,463290,1Q 단기금융채액티브,MK 머니마켓 지수(총수익),금리·파킹,국내,금리·파킹,금리·파킹,머니마켓,RATE_머니마켓-e1b1a267e3,active,rate_return,neutral,1X,not_applicable,active,unknown,PG-금리-파킹-해당없음-금리-파킹-금리-파킹-머니마켓-RATE-머니마-53401a7911,,auto_high_confidence,기초지수 명시; 자산군·투자대상 추출(금리·파킹/머니마켓),,
KR7463300004,463300,RISE 중국본토CSI300,CSI 300 Index,주식,중국,기타특수구조,미확인 주식전략,중국 미확인 주식전략,미확인-주식전략-중국-미확인-주식전략-526c3d6249,passive,plain,neutral,1X,unhedged,physical_or_unspecified,unknown,PG-PENDING-463300-e099944fc0,,classified_derived,기초지수 명시; 운용사·공식 출처 URL 존재; 자산군·투자대상 추출(주식/중국 미확인 주식전략),가능,직접 비교에 필요한 주식 전략·투자대상 미확인; 세부 투자대상 또는 만기·구성비율 미확인
KR7463640003,463640,KODEX 미국S&P500유틸리티,S&P Utilities Select Sector Index(Price Return),주식,미국,대표지수,전력 인프라 & 변압기,미국 S&P500,S&P500,passive,plain,neutral,1X,unhedged,physical_or_unspecified,broad,PG-주식-미국-대표지수-S-P500-미국-S-P500-S-P500-P-c2eb6d3f91,,verified_official,기초지수 명시; 운용사·공식 출처 URL 존재; 자산군·투자대상 추출(주식/미국 S&P500),가능,
KR7463680009,463680,KODEX 미국S&P500테크놀로지,S&P Technology Select Sector Index(Price Return),주식,미국,대표지수,S&P 500 시장대표,미국 S&P500,S&P500,passive,plain,neutral,1X,unhedged,physical_or_unspecified,broad,PG-주식-미국-대표지수-S-P500-미국-S-P500-S-P500-P-c2eb6d3f91,,verified_official,기초지수 명시; 운용사·공식 출처 URL 존재; 자산군·투자대상 추출(주식/미국 S&P500),가능,
KR7463690008,463690,KODEX 미국S&P500커뮤니케이션,S&P Communication Services Select Sector Index(Price Return),주식,미국,대표지수,S&P 500 시장대표,미국 S&P500,S&P500,passive,plain,neutral,1X,unhedged,physical_or_unspecified,broad,PG-주식-미국-대표지수-S-P500-미국-S-P500-S-P500-P-c2eb6d3f91,,verified_official,기초지수 명시; 운용사·공식 출처 URL 존재; 자산군·투자대상 추출(주식/미국 S&P500),가능,
KR7464240001,464240,KIWOOM 26-09회사채(AA-이상)액티브,KIS 2609 만기형 크레딧 종합채권 지수(AA-이상)(총수익지수),채권,국내,채권,만기매칭형 채권,국내 회사채 만기미확인 AA,BOND_국내-회사채-만기미확인-AA-971a2814f8,active,bond_coupon,neutral,1X,unhedged_or_not_applicable,active,unknown,PG-PENDING-464240-d33b6a3277,,classified_derived,기초지수 명시; 운용사·공식 출처 URL 존재; 자산군·투자대상 추출(채권/국내 회사채 만기미확인 AA),가능,세부 투자대상 또는 만기·구성비율 미확인
KR7464310002,464310,TIGER 글로벌AI&로보틱스 INDXX,Indxx Global Robotics & Artificial Intelligence Thematic Index(PR),주식,글로벌,테마,생성형 AI & 소프트웨어,인공지능 일반,인공지능-인공지능-일반-4ef7c7155f,passive,plain,neutral,1X,unhedged,physical_or_unspecified,unknown,PG-주식-글로벌-테마-인공지능-인공지능-일반-인공지능-인공지능-일반--7fa2ce759b,,verified_official,기초지수 명시; 운용사·공식 출처 URL 존재; 자산군·투자대상 추출(주식/인공지능 일반),가능,
KR7464470004,464470,PLUS 미국채30년액티브,ICE U.S. Treasury 20+ Year Bond Index(Total Return),채권,미국,채권,미국 장기국채,미국 국채 장기 등급미확인,BOND_미국-국채-장기-등급미확인-047cbda7f5,active,bond_coupon,neutral,1X,unhedged,active,unknown,PG-PENDING-464470-13ecd4c902,,classified_derived,기초지수 명시; 운용사·공식 출처 URL 존재; 자산군·투자대상 추출(채권/미국 국채 장기 등급미확인),가능,세부 투자대상 또는 만기·구성비율 미확인
KR7464600006,464600,SOL 자동차소부장Fn,FnGuide 자동차소부장지수(PR),주식,국내,산업·섹터,자동차 & 스마트모빌리티,국내 자동차·모빌리티,자동차-모빌리티-국내-자동차-모빌리티-8d473faf1b,passive,plain,neutral,1X,unhedged_or_not_applicable,physical_or_unspecified,unknown,PG-주식-국내-산업-섹터-자동차-모빌리티-국내-자동차-모빌리티-자동차-7f7ba1f1bb,,verified_official,기초지수 명시; 운용사·공식 출처 URL 존재; 자산군·투자대상 추출(주식/국내 자동차·모빌리티),가능,
KR7464610005,464610,SOL 의료기기소부장Fn,FnGuide 의료기기소부장지수(PR),주식,국내,산업·섹터,의료 AI & 디지털 헬스,국내 의료기기,의료기기-국내-의료기기-c7aa6baa88,passive,plain,neutral,1X,unhedged_or_not_applicable,physical_or_unspecified,unknown,PG-주식-국내-산업-섹터-바이오-제약-헬스케어-국내-바이오-제약-헬스-eaf9ac0bdb,,verified_official,기초지수 명시; 운용사·공식 출처 URL 존재; 자산군·투자대상 추출(주식/국내 의료기기),가능,
KR7464920008,464920,PLUS 일본반도체소부장,Solactive Japan Semiconductor Materials and Equipment Index PR,주식,일본,산업·섹터,일본 테크 & 상사,일본 반도체 장비·소부장,반도체-장비-소부장-미국-반도체-장비-소부장-e1251475a8,active,plain,neutral,1X,unhedged,active,unknown,PG-주식-미국-산업-섹터-반도체-장비-소부장-미국-반도체-장비-소부장-107eebc819,,verified_official,기초지수 명시; 운용사·공식 출처 URL 존재; 자산군·투자대상 추출(주식/미국 반도체 장비·소부장),가능,
KR7464930007,464930,TIGER 글로벌혁신블루칩TOP10,Mirae Asset Global Innovative Bluechip Top 10 Index(PR),주식,글로벌,산업·섹터,미국 빅테크 (M7),글로벌 반도체,반도체-글로벌-반도체-84ce634468,passive,plain,neutral,1X,unhedged,physical_or_unspecified,concentrated,PG-주식-글로벌-산업-섹터-반도체-글로벌-반도체-반도체-글로벌-반도체-69a7b2bb67,,verified_official,기초지수 명시; 운용사·공식 출처 URL 존재; 자산군·투자대상 추출(주식/글로벌 반도체),가능,
KR7465330009,465330,RISE 2차전지TOP10,iSelect 2차전지 TOP10 지수(PR),주식,국내,산업·섹터,2차전지 셀 & 소재,국내 2차전지·배터리 소재,2차전지-배터리-소재-국내-2차전지-배터리-소재-1367e96ce1,passive,plain,neutral,1X,unhedged_or_not_applicable,physical_or_unspecified,concentrated,PG-주식-국내-산업-섹터-2차전지-배터리-소재-국내-2차전지-배터리--0cc60d36d9,,verified_official,기초지수 명시; 운용사·공식 출처 URL 존재; 자산군·투자대상 추출(주식/국내 2차전지·배터리 소재),가능,
KR7465350007,465350,RISE 2차전지TOP10인버스(합성),iSelect 2차전지 TOP10 지수(PR),주식,국내,산업·섹터,2차전지 셀 & 소재,국내 2차전지·배터리 소재,2차전지-배터리-소재-국내-2차전지-배터리-소재-1367e96ce1,inverse,inverse,short,1X,unhedged_or_not_applicable,synthetic,concentrated,PG-주식-국내-산업-섹터-2차전지-배터리-소재-국내-2차전지-배터리--330421ada5,,verified_official,기초지수 명시; 운용사·공식 출처 URL 존재; 상품명 구조표시(inverse); 자산군·투자대상 추출(주식/국내 2차전지·배터리 소재),불가,
KR7465580009,465580,ACE 미국빅테크TOP7 Plus,Solactive US Big Tech Top 7 Plus Price Return Index,주식,미국,기타특수구조,미국 빅테크 (M7),미국 미확인 주식전략,미확인-주식전략-미국-미확인-주식전략-bf6afc4d9f,active,plain,neutral,1X,unhedged,active,unknown,PG-PENDING-465580-4aeefbfd61,,classified_derived,기초지수 명시; 운용사·공식 출처 URL 존재; 자산군·투자대상 추출(주식/미국 미확인 주식전략),가능,직접 비교에 필요한 주식 전략·투자대상 미확인; 세부 투자대상 또는 만기·구성비율 미확인
KR7465610004,465610,ACE 미국빅테크TOP7 Plus레버리지(합성),Solactive US Big Tech Top 7 Plus Price Return Index,주식,미국,기타특수구조,미국 빅테크 (M7),미국 미확인 주식전략,미확인-주식전략-미국-미확인-주식전략-bf6afc4d9f,leveraged,leveraged,long,2X,unhedged,synthetic,unknown,PG-PENDING-465610-8e658d7382,,classified_derived,기초지수 명시; 운용사·공식 출처 URL 존재; 상품명 구조표시(leveraged); 자산군·투자대상 추출(주식/미국 미확인 주식전략),불가,직접 비교에 필요한 주식 전략·투자대상 미확인; 세부 투자대상 또는 만기·구성비율 미확인
KR7465620003,465620,ACE 미국빅테크TOP7 Plus인버스(합성),Solactive US Big Tech Top 7 Plus Price Return Index,주식,미국,기타특수구조,미국 빅테크 (M7),미국 미확인 주식전략,미확인-주식전략-미국-미확인-주식전략-bf6afc4d9f,inverse,inverse,short,1X,unhedged,synthetic,unknown,PG-PENDING-465620-516be70f1c,,classified_derived,기초지수 명시; 운용사·공식 출처 URL 존재; 상품명 구조표시(inverse); 자산군·투자대상 추출(주식/미국 미확인 주식전략),불가,직접 비교에 필요한 주식 전략·투자대상 미확인; 세부 투자대상 또는 만기·구성비율 미확인
KR7465660009,465660,TIGER 일본반도체FACTSET,FactSet Japan Semiconductor Index(PR),주식,일본,산업·섹터,일본 테크 & 상사,일본 반도체,반도체-일본-반도체-c5076483a7,passive,plain,neutral,1X,unhedged,physical_or_unspecified,unknown,PG-주식-일본-산업-섹터-반도체-일본-반도체-반도체-일본-반도체-C5-2d918dae8b,,verified_official,기초지수 명시; 운용사·공식 출처 URL 존재; 자산군·투자대상 추출(주식/일본 반도체),가능,
KR7465670008,465670,TIGER 미국캐시카우100,Global X U.S. Cash Flow Kings 100 Index(PR),주식,미국,기타특수구조,미확인 주식전략,미국 미확인 주식전략,미확인-주식전략-미국-미확인-주식전략-bf6afc4d9f,passive,plain,neutral,1X,unhedged,physical_or_unspecified,broad,PG-PENDING-465670-d3c94dd75c,,classified_derived,기초지수 명시; 운용사·공식 출처 URL 존재; 자산군·투자대상 추출(주식/미국 미확인 주식전략),가능,직접 비교에 필요한 주식 전략·투자대상 미확인; 세부 투자대상 또는 만기·구성비율 미확인
KR7465780005,465780,마이티 26-09 특수채(AAA)액티브,KAP 26-09 특수채 지수(총수익),채권,국내,채권,만기매칭형 채권,국내 특수채 만기미확인 AAA,BOND_국내-특수채-만기미확인-AAA-e49adb89d7,active,bond_coupon,neutral,1X,unhedged_or_not_applicable,active,unknown,PG-PENDING-465780-f208dea8df,,classified_derived,기초지수 명시; 자산군·투자대상 추출(채권/국내 특수채 만기미확인 AAA),,세부 투자대상 또는 만기·구성비율 미확인
KR7466810009,466810,BNK 2차전지양극재,iSelect 2차전지양극재 지수,주식,국내,산업·섹터,2차전지 셀 & 소재,국내 2차전지·배터리 소재,2차전지-배터리-소재-국내-2차전지-배터리-소재-1367e96ce1,passive,plain,neutral,1X,unhedged_or_not_applicable,physical_or_unspecified,unknown,PG-주식-국내-산업-섹터-2차전지-배터리-소재-국내-2차전지-배터리--0cc60d36d9,,auto_high_confidence,기초지수 명시; 자산군·투자대상 추출(주식/국내 2차전지·배터리 소재),,
KR7466920006,466920,SOL 조선TOP3플러스,FnGuide 조선TOP3플러스지수(PR),주식,국내,산업·섹터,조선 & 해운,국내 조선,조선-국내-조선-03e20f0150,passive,plain,neutral,1X,unhedged_or_not_applicable,physical_or_unspecified,ultra_concentrated,PG-주식-국내-산업-섹터-조선-국내-조선-조선-국내-조선-03E20F-f1bc10ed93,,verified_official,기초지수 명시; 운용사·공식 출처 URL 존재; 자산군·투자대상 추출(주식/국내 조선),가능,
KR7466930005,466930,SOL 자동차TOP3플러스,FnGuide 자동차TOP3플러스지수(PR),주식,국내,산업·섹터,자동차 & 스마트모빌리티,국내 자동차·모빌리티,자동차-모빌리티-국내-자동차-모빌리티-8d473faf1b,passive,plain,neutral,1X,unhedged_or_not_applicable,physical_or_unspecified,ultra_concentrated,PG-주식-국내-산업-섹터-자동차-모빌리티-국내-자동차-모빌리티-자동차-7f7ba1f1bb,,verified_official,기초지수 명시; 운용사·공식 출처 URL 존재; 자산군·투자대상 추출(주식/국내 자동차·모빌리티),가능,
KR7466940004,466940,TIGER 은행고배당플러스TOP10,FnGuide 은행고배당플러스TOP10 지수(시장가격 지수),주식,국내,산업·섹터,금융·은행·증권·보험,국내 금융·은행·증권·보험,금융-은행-증권-보험-국내-금융-은행-증권-보험-85a36c5547,plain,plain,neutral,1X,unknown,physical_or_unspecified,concentrated,PG-주식-국내-산업-섹터-금융-은행-증권-보험-국내-금융-은행-증권--955a0a4988,,verified_official,기초지수 명시; 운용사·공식 출처 URL 존재; 자산군·투자대상 추출(주식/국내 금융·은행·증권·보험),가능,
KR7466950003,466950,TIGER 글로벌AI액티브,Indxx Artificial Intelligence and Big Data 지수(PR),주식,글로벌,테마,생성형 AI & 소프트웨어,인공지능 일반,인공지능-인공지능-일반-4ef7c7155f,active,plain,neutral,1X,unhedged,active,unknown,PG-주식-글로벌-테마-인공지능-인공지능-일반-인공지능-인공지능-일반--7fa2ce759b,,verified_official,기초지수 명시; 운용사·공식 출처 URL 존재; 자산군·투자대상 추출(주식/인공지능 일반),가능,
KR7468370002,468370,KODEX iShares미국인플레이션국채액티브,ICE U.S. Treasury Inflation Linked Bond Index(Total Return),채권,미국,채권,미국 장기국채,미국 국채 만기미확인 등급미확인,BOND_미국-국채-만기미확인-등급미확인-6e6ab9de27,active,bond_coupon,neutral,1X,unhedged,active,unknown,PG-PENDING-468370-a5478b89cc,,classified_derived,기초지수 명시; 운용사·공식 출처 URL 존재; 자산군·투자대상 추출(채권/미국 국채 만기미확인 등급미확인),가능,세부 투자대상 또는 만기·구성비율 미확인
KR7468380001,468380,KODEX iShares미국하이일드액티브,ICE BofAML US HY Constrained Index(Total Return),채권,미국,채권,글로벌 종합채권,미국 채권 만기미확인 HY,BOND_미국-채권-만기미확인-HY-1c329cf5f5,active,bond_coupon,neutral,1X,unhedged,active,unknown,PG-PENDING-468380-8849460947,,classified_derived,기초지수 명시; 운용사·공식 출처 URL 존재; 자산군·투자대상 추출(채권/미국 채권 만기미확인 HY),가능,세부 투자대상 또는 만기·구성비율 미확인
KR7468630009,468630,KODEX iShares미국투자등급회사채액티브,iBoxx USD Liquid Investment Grade Index(Total Return),채권,미국,채권,우량 회사채·금융채,미국 회사채 만기미확인 등급미확인,BOND_미국-회사채-만기미확인-등급미확인-4514d1a9e5,active,bond_coupon,neutral,1X,unhedged,active,unknown,PG-PENDING-468630-16744694fc,,classified_derived,기초지수 명시; 운용사·공식 출처 URL 존재; 자산군·투자대상 추출(채권/미국 회사채 만기미확인 등급미확인),가능,세부 투자대상 또는 만기·구성비율 미확인
KR7469050009,469050,RISE 미국반도체NYSE(H),NYSE Semicondoctor Index(Price Return),주식,미국,산업·섹터,글로벌 AI 반도체,미국 반도체,반도체-미국-반도체-e09cd52751,passive,plain,neutral,1X,hedged,physical_or_unspecified,unknown,PG-주식-미국-산업-섹터-반도체-미국-반도체-반도체-미국-반도체-E0-e607778dbd,,verified_official,기초지수 명시; 운용사·공식 출처 URL 존재; 자산군·투자대상 추출(주식/미국 반도체),가능,
KR7469060008,469060,RISE 미국반도체NYSE,NYSE Semicondoctor Index(Price Return),주식,미국,산업·섹터,글로벌 AI 반도체,미국 반도체,반도체-미국-반도체-e09cd52751,passive,plain,neutral,1X,unhedged,physical_or_unspecified,unknown,PG-주식-미국-산업-섹터-반도체-미국-반도체-반도체-미국-반도체-E0-e607778dbd,,verified_official,기초지수 명시; 운용사·공식 출처 URL 존재; 자산군·투자대상 추출(주식/미국 반도체),가능,
KR7469070007,469070,RISE AI&로봇,iSelect AI&로봇 지수(시장가격),주식,국내,테마,피지컬 AI & 지능형 로봇,국내 로봇,로봇-국내-로봇-6dd0a9f990,passive,plain,neutral,1X,unhedged_or_not_applicable,physical_or_unspecified,unknown,PG-주식-국내-테마-로봇-국내-로봇-로봇-국내-로봇-6DD0A9F99-803709433d,,verified_official,기초지수 명시; 운용사·공식 출처 URL 존재; 자산군·투자대상 추출(주식/국내 로봇),가능,
KR7469150007,469150,ACE AI반도체TOP3+,FnGuide AI반도체 TOP3+ 지수,주식,국내,산업·섹터,AI 반도체 & HBM,국내 반도체,반도체-국내-반도체-0ed1f11677,passive,plain,neutral,1X,unhedged_or_not_applicable,physical_or_unspecified,ultra_concentrated,PG-주식-국내-산업-섹터-반도체-국내-반도체-반도체-국내-반도체-0E-f4bdfa635d,,verified_official,기초지수 명시; 운용사·공식 출처 URL 존재; 자산군·투자대상 추출(주식/국내 반도체),가능,
KR7469160006,469160,ACE 일본반도체,Bloomberg Japan Semiconductor Select Top 25 Index(Price Return),주식,일본,산업·섹터,일본 테크 & 상사,일본 반도체,반도체-일본-반도체-c5076483a7,passive,plain,neutral,1X,unhedged,physical_or_unspecified,ultra_concentrated,PG-주식-일본-산업-섹터-반도체-일본-반도체-반도체-일본-반도체-C5-2d918dae8b,,verified_official,기초지수 명시; 운용사·공식 출처 URL 존재; 자산군·투자대상 추출(주식/일본 반도체),가능,
KR7469170005,469170,ACE 포스코그룹포커스,FnGuide 포스코그룹포커스 지수(시장가격),주식,국내,기업집단,기업집단,국내 기업집단,기업집단-국내-기업집단-d62cbfc10d,passive,plain,neutral,1X,unhedged_or_not_applicable,physical_or_unspecified,unknown,PG-주식-국내-기업집단-기업집단-국내-기업집단-기업집단-국내-기업집단-e294ab8bd9,,verified_official,기초지수 명시; 운용사·공식 출처 URL 존재; 자산군·투자대상 추출(주식/국내 기업집단),가능,
KR7469530000,469530,RISE 미국달러선물인버스,미국달러선물지수,금리·파킹,미국,금리·파킹,금리·파킹,초단기 금리,RATE_초단기-금리-70f35d000d,inverse,rate_return,short,1X,unhedged,physical_or_unspecified,unknown,PG-금리-파킹-해당없음-금리-파킹-금리-파킹-초단기-금리-RATE-초-42bd95eafc,,verified_official,기초지수 명시; 운용사·공식 출처 URL 존재; 상품명 구조표시(inverse); 자산군·투자대상 추출(금리·파킹/초단기 금리),불가,
KR7469790000,469790,KIWOOM 코리아테크TOP10,Solactive K-TechTOP10 Index(PR),주식,국내,기타특수구조,미확인 주식전략,국내 미확인 주식전략,미확인-주식전략-국내-미확인-주식전략-46eed209b8,active,plain,neutral,1X,unhedged_or_not_applicable,active,concentrated,PG-PENDING-469790-6599a87fa7,,classified_derived,기초지수 명시; 운용사·공식 출처 URL 존재; 자산군·투자대상 추출(주식/국내 미확인 주식전략),가능,직접 비교에 필요한 주식 전략·투자대상 미확인; 세부 투자대상 또는 만기·구성비율 미확인
KR7469830004,469830,SOL 초단기채권액티브,KAP 단기자금시장지수,채권,국내,채권,국내 단기·초단기채,국내 채권 초단기 등급미확인,BOND_국내-채권-초단기-등급미확인-2cd6864612,active,bond_coupon,neutral,1X,unhedged_or_not_applicable,active,unknown,PG-PENDING-469830-229bcebf9b,,conflict_resolved,기초지수 명시; 운용사·공식 출처 URL 존재; 자산군·투자대상 추출(채권/국내 채권 초단기 등급미확인),가능,세부 투자대상 또는 만기·구성비율 미확인; 기존 자산분류와 비교분류 추론값 충돌
KR7470310004,470310,UNICORN 생성형AI강소기업액티브,iSelect AI 지수,주식,국내,테마,AI 반도체 & HBM,인공지능 일반,인공지능-인공지능-일반-4ef7c7155f,active,plain,neutral,1X,unhedged_or_not_applicable,active,unknown,PG-주식-국내-테마-인공지능-인공지능-일반-인공지능-인공지능-일반-4-acaf9c435b,,auto_high_confidence,기초지수 명시; 자산군·투자대상 추출(주식/인공지능 일반),,
KR7471040006,471040,KoAct 글로벌AI&로봇액티브,iSelect 글로벌AI&로봇PR지수,주식,글로벌,테마,생성형 AI & 소프트웨어,글로벌 로봇,로봇-글로벌-로봇-9e96af8efd,active,plain,neutral,1X,unhedged,active,unknown,PG-주식-글로벌-테마-로봇-글로벌-로봇-로봇-글로벌-로봇-9E96AF-6d929abf73,,auto_high_confidence,기초지수 명시; 자산군·투자대상 추출(주식/글로벌 로봇),,
KR7471230003,471230,KODEX 국고채10년액티브,KAP 국고채 10년 지수(TR),채권,국내,채권,국내 장기국채,국내 채권 장기 등급미확인,BOND_국내-채권-장기-등급미확인-f457d22418,active,bond_coupon,neutral,1X,unhedged_or_not_applicable,active,unknown,PG-PENDING-471230-db16958e2a,,classified_derived,기초지수 명시; 운용사·공식 출처 URL 존재; 자산군·투자대상 추출(채권/국내 채권 장기 등급미확인),가능,세부 투자대상 또는 만기·구성비율 미확인
KR7471460006,471460,KIWOOM 국고채30년액티브,KIS-키움 국고채30년 지수(총수익지수),채권,국내,채권,국내 장기국채,국내 채권 장기 등급미확인,BOND_국내-채권-장기-등급미확인-f457d22418,active,bond_coupon,neutral,1X,unhedged_or_not_applicable,active,unknown,PG-PENDING-471460-8011015345,,classified_derived,기초지수 명시; 운용사·공식 출처 URL 존재; 자산군·투자대상 추출(채권/국내 채권 장기 등급미확인),가능,세부 투자대상 또는 만기·구성비율 미확인
KR7471760009,471760,TIGER AI반도체핵심공정,iSelect AI반도체핵심공정지수,주식,국내,산업·섹터,AI 반도체 & HBM,국내 반도체,반도체-국내-반도체-0ed1f11677,passive,plain,neutral,1X,unhedged_or_not_applicable,physical_or_unspecified,unknown,PG-주식-국내-산업-섹터-반도체-국내-반도체-반도체-국내-반도체-0E-f4bdfa635d,,verified_official,기초지수 명시; 운용사·공식 출처 URL 존재; 자산군·투자대상 추출(주식/국내 반도체),가능,
KR7471780007,471780,TIGER 코리아테크액티브,KRX 정보기술,주식,국내,기타특수구조,미확인 주식전략,국내 미확인 주식전략,미확인-주식전략-국내-미확인-주식전략-46eed209b8,active,plain,neutral,1X,unhedged_or_not_applicable,active,unknown,PG-PENDING-471780-e13205f15b,,classified_derived,기초지수 명시; 운용사·공식 출처 URL 존재; 자산군·투자대상 추출(주식/국내 미확인 주식전략),가능,직접 비교에 필요한 주식 전략·투자대상 미확인; 세부 투자대상 또는 만기·구성비율 미확인
KR7471990002,471990,KODEX AI반도체핵심장비,iSelect AI 반도체핵심장비 지수,주식,국내,테마,AI 반도체 & HBM,AI 반도체,인공지능-AI-반도체-a909322117,passive,plain,neutral,1X,unhedged_or_not_applicable,physical_or_unspecified,unknown,PG-주식-국내-테마-인공지능-AI-반도체-인공지능-AI-반도체-A90-7e63fd0b56,,verified_official,기초지수 명시; 운용사·공식 출처 URL 존재; 자산군·투자대상 추출(주식/AI 반도체),가능,
KR7472150002,472150,TIGER 배당커버드콜액티브,코스피 200 커버드콜 5% OTM,주식,국내,기타특수구조,국내 월배당 & 커버드콜,국내 미확인 주식전략,미확인-주식전략-국내-미확인-주식전략-46eed209b8,covered_call,covered_call,neutral,1X,unhedged_or_not_applicable,active,broad,PG-PENDING-472150-c03c8c2417,,classified_derived,기초지수 명시; 운용사·공식 출처 URL 존재; 상품명 구조표시(covered_call); 자산군·투자대상 추출(주식/국내 미확인 주식전략),가능,직접 비교에 필요한 주식 전략·투자대상 미확인; 세부 투자대상 또는 만기·구성비율 미확인
KR7472160001,472160,TIGER 미국테크TOP10 INDXX(H),Indxx US Tech Top 10 Index,주식,미국,기타특수구조,미국 빅테크 (M7),미국 미확인 주식전략,미확인-주식전략-미국-미확인-주식전략-bf6afc4d9f,passive,plain,neutral,1X,hedged,physical_or_unspecified,concentrated,PG-PENDING-472160-5a054b88d3,,classified_derived,기초지수 명시; 운용사·공식 출처 URL 존재; 자산군·투자대상 추출(주식/미국 미확인 주식전략),가능,직접 비교에 필요한 주식 전략·투자대상 미확인; 세부 투자대상 또는 만기·구성비율 미확인
KR7472170000,472170,TIGER 미국테크TOP10채권혼합,FnGuide 미국테크TOP10 채권혼합지수,혼합자산,미국,혼합자산,자산배분 & 채권혼합,시장대표 채권혼합,BOND_미국-채권-만기미확인-등급미확인-4820f5af4f,passive,mixed_asset,neutral,1X,unhedged,physical_or_unspecified,concentrated,PG-PENDING-472170-43bd10c7e9,,classified_derived,기초지수 명시; 운용사·공식 출처 URL 존재; 자산군·투자대상 추출(채권/미국 채권 만기미확인 등급미확인),TIGER,세부 투자대상 또는 만기·구성비율 미확인
KR7472720002,472720,TRUSTON 주주가치액티브,코스피 200,주식,국내,스타일·팩터,밸류업 & 금융지주·은행,주주가치 액티브,VALUE_UP,active,bond_coupon,neutral,1X,unhedged_or_not_applicable,active,broad,PG-PENDING-472720-bb41ba925a,,conflict_resolved,기초지수 명시; 자산군·투자대상 추출(채권/국내 국채 만기미확인 등급미확인),,세부 투자대상 또는 만기·구성비율 미확인; 기존 자산분류와 비교분류 추론값 충돌
KR7472830009,472830,RISE 미국30년국채커버드콜(합성),Bloomberg U.S. Treasury 20+ Year (TLT) 2% OTM Covered Call Index(TR),채권,미국,채권,해외 월배당 & 커버드콜,미국 국채 장기 등급미확인,BOND_미국-국채-장기-등급미확인-047cbda7f5,covered_call,covered_call,neutral,1X,unhedged,synthetic,unknown,PG-PENDING-472830-59ee7dd618,,classified_derived,기초지수 명시; 운용사·공식 출처 URL 존재; 상품명 구조표시(covered_call); 자산군·투자대상 추출(채권/미국 국채 장기 등급미확인),가능,세부 투자대상 또는 만기·구성비율 미확인
KR7472840008,472840,IBK 200,코스피 200,주식,국내,대표지수,코스피 200 코어,국내 코스피200,KOSPI200,passive,plain,neutral,1X,unhedged_or_not_applicable,physical_or_unspecified,broad,PG-주식-국내-대표지수-코스피200-국내-코스피200-KOSPI200-b519363da3,,verified_official,기초지수 명시; 자산군·투자대상 추출(주식/국내 미확인 주식전략),,직접 비교에 필요한 주식 전략·투자대상 미확인; 세부 투자대상 또는 만기·구성비율 미확인
KR7472870005,472870,RISE 미국30년국채엔화노출(합성 H),KIS 미국채30년 엔화노출 지수(USD/JPY 헤지)(총수익지수),채권,미국,채권,미국 장기국채,미국 국채 장기 등급미확인,BOND_미국-국채-장기-등급미확인-047cbda7f5,passive,bond_coupon,neutral,1X,hedged,synthetic,unknown,PG-PENDING-472870-eb0d968906,,classified_derived,기초지수 명시; 운용사·공식 출처 URL 존재; 자산군·투자대상 추출(채권/미국 국채 장기 등급미확인),가능,세부 투자대상 또는 만기·구성비율 미확인
KR7472920008,472920,HK 종합채권(AA-이상)액티브,KAP 종합채권 AA- 이상 지수(총수익),채권,국내,채권,우량 회사채·금융채,국내 채권 만기미확인 AA,BOND_국내-채권-만기미확인-AA-273392b07e,active,bond_coupon,neutral,1X,unhedged_or_not_applicable,active,unknown,PG-PENDING-472920-4e1918cd42,,classified_derived,기초지수 명시; 자산군·투자대상 추출(채권/국내 채권 만기미확인 AA),,세부 투자대상 또는 만기·구성비율 미확인
KR7473290005,473290,KODEX 26-12 회사채(AA-이상)액티브,KAP 26-12 회사채 총수익 지수(AA-이상),채권,국내,채권,만기매칭형 채권,국내 회사채 만기미확인 AA,BOND_국내-회사채-만기미확인-AA-971a2814f8,active,bond_coupon,neutral,1X,unhedged_or_not_applicable,active,unknown,PG-PENDING-473290-db48471b21,,classified_derived,기초지수 명시; 운용사·공식 출처 URL 존재; 자산군·투자대상 추출(채권/국내 회사채 만기미확인 AA),가능,세부 투자대상 또는 만기·구성비율 미확인
KR7473330009,473330,SOL 미국30년국채커버드콜(합성),KEDI 미국 국채 20년+ 커버드콜 지수(NTR),채권,미국,채권,해외 월배당 & 커버드콜,미국 국채 장기 등급미확인,BOND_미국-국채-장기-등급미확인-047cbda7f5,covered_call,covered_call,neutral,1X,unhedged,synthetic,unknown,PG-PENDING-473330-6bd703e745,,classified_derived,기초지수 명시; 운용사·공식 출처 URL 존재; 상품명 구조표시(covered_call); 자산군·투자대상 추출(채권/미국 국채 장기 등급미확인),가능,세부 투자대상 또는 만기·구성비율 미확인
KR7473440006,473440,ACE 11월만기자동연장회사채AA-이상액티브,KIS 11월 만기자동연장회사채(AA-이상) 총수익지수,채권,국내,채권,우량 회사채·금융채,국내 회사채 만기미확인 AA,BOND_국내-회사채-만기미확인-AA-971a2814f8,active,bond_coupon,neutral,1X,unhedged_or_not_applicable,active,unknown,PG-PENDING-473440-180be9d64a,,classified_derived,기초지수 명시; 운용사·공식 출처 URL 존재; 자산군·투자대상 추출(채권/국내 회사채 만기미확인 AA),가능,세부 투자대상 또는 만기·구성비율 미확인
KR7473460004,473460,KODEX 미국서학개미,iSelect 서학개미 지수(PR),주식,미국,기타특수구조,미확인 주식전략,미국 미확인 주식전략,미확인-주식전략-미국-미확인-주식전략-bf6afc4d9f,passive,plain,neutral,1X,unhedged,physical_or_unspecified,unknown,PG-PENDING-473460-119d55389d,,classified_derived,기초지수 명시; 운용사·공식 출처 URL 존재; 자산군·투자대상 추출(주식/미국 미확인 주식전략),가능,직접 비교에 필요한 주식 전략·투자대상 미확인; 세부 투자대상 또는 만기·구성비율 미확인
KR7473490001,473490,KIWOOM 글로벌AI반도체,Solactive Global AI Semiconductor Index (Price Return),주식,글로벌,테마,글로벌 AI 반도체,인공지능 일반,인공지능-인공지능-일반-4ef7c7155f,active,plain,neutral,1X,unhedged,active,unknown,PG-주식-글로벌-테마-인공지능-인공지능-일반-인공지능-인공지능-일반--7fa2ce759b,,verified_official,기초지수 명시; 운용사·공식 출처 URL 존재; 자산군·투자대상 추출(주식/인공지능 일반),가능,
KR7473590008,473590,ACE 미국주식베스트셀러,FnGuide 미국 주식 베스트셀러 지수(시장가격지수),주식,미국,기타특수구조,미확인 주식전략,미국 미확인 주식전략,미확인-주식전략-미국-미확인-주식전략-bf6afc4d9f,passive,plain,neutral,1X,unhedged,physical_or_unspecified,unknown,PG-PENDING-473590-6315030c6b,,classified_derived,기초지수 명시; 운용사·공식 출처 URL 존재; 자산군·투자대상 추출(주식/미국 미확인 주식전략),가능,직접 비교에 필요한 주식 전략·투자대상 미확인; 세부 투자대상 또는 만기·구성비율 미확인
KR7473640001,473640,HANARO 글로벌금채굴기업,NYSE Arca Gold Miners Index (Price Return),주식,미국,기타특수구조,미확인 주식전략,미국 미확인 주식전략,미확인-주식전략-미국-미확인-주식전략-bf6afc4d9f,passive,plain,neutral,1X,unhedged,physical_or_unspecified,unknown,PG-PENDING-473640-23a9645715,,classified_derived,기초지수 명시; 운용사·공식 출처 URL 존재; 자산군·투자대상 추출(주식/미국 미확인 주식전략),가능,직접 비교에 필요한 주식 전략·투자대상 미확인; 세부 투자대상 또는 만기·구성비율 미확인
KR7474220001,474220,TIGER 미국테크TOP10타겟커버드콜,Bloomberg U.S. Tech Top10+10% Premium Covered Call Index,주식,미국,기타특수구조,해외 월배당 & 커버드콜,미국 미확인 주식전략,미확인-주식전략-미국-미확인-주식전략-bf6afc4d9f,covered_call,covered_call,neutral,1X,unhedged,physical_or_unspecified,concentrated,PG-PENDING-474220-31d1500908,,classified_derived,기초지수 명시; 운용사·공식 출처 URL 존재; 상품명 구조표시(covered_call); 자산군·투자대상 추출(주식/미국 미확인 주식전략),가능,직접 비교에 필요한 주식 전략·투자대상 미확인; 세부 투자대상 또는 만기·구성비율 미확인
KR7474390002,474390,SOL 국고채30년액티브,KAP 국고채30년 지수(TR),채권,국내,채권,국내 장기국채,국내 채권 장기 등급미확인,BOND_국내-채권-장기-등급미확인-f457d22418,active,bond_coupon,neutral,1X,unhedged_or_not_applicable,active,unknown,PG-PENDING-474390-5a9a88e4c5,,classified_derived,기초지수 명시; 운용사·공식 출처 URL 존재; 자산군·투자대상 추출(채권/국내 채권 장기 등급미확인),가능,세부 투자대상 또는 만기·구성비율 미확인
KR7474590007,474590,WON 반도체밸류체인액티브,FnGuide 반도체 밸류체인 (Price Return) 지수,주식,국내,산업·섹터,전통 반도체 소부장,국내 반도체,반도체-국내-반도체-0ed1f11677,active,plain,neutral,1X,unhedged_or_not_applicable,active,unknown,PG-주식-국내-산업-섹터-반도체-국내-반도체-반도체-국내-반도체-0E-f4bdfa635d,,auto_high_confidence,기초지수 명시; 자산군·투자대상 추출(주식/국내 반도체),,
KR7474800000,474800,KIWOOM 미국원유에너지기업,MSCI US IMI Energy 25/50 Index(Price Return),주식,미국,산업·섹터,에너지·신재생에너지,미국 에너지·신재생에너지,에너지-신재생에너지-미국-에너지-신재생에너지-ea46e1131c,passive,plain,neutral,1X,unhedged,physical_or_unspecified,unknown,PG-주식-미국-산업-섹터-에너지-신재생에너지-미국-에너지-신재생에너지-2dd652bc89,,verified_official,기초지수 명시; 운용사·공식 출처 URL 존재; 자산군·투자대상 추출(주식/미국 에너지·신재생에너지),가능,
KR7474920006,474920,에셋플러스 차이나일등기업포커스10액티브,"MSCI China Index(USD, Price Return)",주식,중국,기타특수구조,미확인 주식전략,중국 미확인 주식전략,미확인-주식전략-중국-미확인-주식전략-526c3d6249,active,plain,neutral,1X,unhedged,active,unknown,PG-PENDING-474920-e5e44acbbd,,classified_derived,기초지수 명시; 자산군·투자대상 추출(주식/중국 미확인 주식전략),,직접 비교에 필요한 주식 전략·투자대상 미확인; 세부 투자대상 또는 만기·구성비율 미확인
KR7475050001,475050,ACE KPOP포커스,iSelect K-POP 포커스지수(시장가격),주식,국내,테마,K컬처,국내 K컬처,K컬처-국내-K컬처-ee781d865e,passive,plain,neutral,1X,unhedged_or_not_applicable,physical_or_unspecified,unknown,PG-주식-국내-테마-K컬처-국내-K컬처-K컬처-국내-K컬처-EE781-24bbdb41cd,,verified_official,기초지수 명시; 운용사·공식 출처 URL 존재; 자산군·투자대상 추출(주식/국내 K컬처),가능,
KR7475070009,475070,KoAct 글로벌친환경전력인프라액티브,Solactive 글로벌친환경전력인프라 PR지수,주식,글로벌,테마,전력 인프라 & 변압기,글로벌 AI 전력 인프라,인공지능-인공지능-일반-4ef7c7155f,active,plain,neutral,1X,unhedged,active,unknown,PG-주식-글로벌-테마-인공지능-인공지능-일반-인공지능-인공지능-일반--7fa2ce759b,,auto_high_confidence,기초지수 명시; 자산군·투자대상 추출(주식/글로벌 AI 전력 인프라),,
KR7475080008,475080,KODEX 테슬라커버드콜채권혼합액티브,KEDI 테슬라 인컴 프리미엄 밸런스드 지수(TR),혼합자산,미국,혼합자산,자산배분 & 채권혼합,단일종목 채권혼합,BOND_미국-채권-만기미확인-등급미확인-4820f5af4f,active,mixed_asset,neutral,1X,unhedged,active,unknown,PG-PENDING-475080-7964a32038,,classified_derived,기초지수 명시; 운용사·공식 출처 URL 존재; 상품명 구조표시(covered_call); 자산군·투자대상 추출(채권/미국 채권 만기미확인 등급미확인),가능,세부 투자대상 또는 만기·구성비율 미확인
KR7475260006,475260,ACE 2월만기자동연장회사채AA-이상액티브,KAP 2월 만기자동연장회사채(AA-이상) 총수익지수,채권,국내,채권,우량 회사채·금융채,국내 회사채 만기미확인 AA,BOND_국내-회사채-만기미확인-AA-971a2814f8,active,bond_coupon,neutral,1X,unhedged_or_not_applicable,active,unknown,PG-PENDING-475260-4f8bd2e098,,classified_derived,기초지수 명시; 운용사·공식 출처 URL 존재; 자산군·투자대상 추출(채권/국내 회사채 만기미확인 AA),가능,세부 투자대상 또는 만기·구성비율 미확인
KR7475270005,475270,ACE 5월만기자동연장회사채AA-이상액티브,KIS 5월 만기자동연장회사채(AA-이상) 총수익지수,채권,국내,채권,우량 회사채·금융채,국내 회사채 만기미확인 AA,BOND_국내-회사채-만기미확인-AA-971a2814f8,active,bond_coupon,neutral,1X,unhedged_or_not_applicable,active,unknown,PG-PENDING-475270-eb1173655d,,classified_derived,기초지수 명시; 운용사·공식 출처 URL 존재; 자산군·투자대상 추출(채권/국내 회사채 만기미확인 AA),가능,세부 투자대상 또는 만기·구성비율 미확인
KR7475280004,475280,ACE 8월만기자동연장회사채AA-이상액티브,KAP 8월 만기자동연장회사채(AA-이상) 총수익지수,채권,국내,채권,우량 회사채·금융채,국내 회사채 만기미확인 AA,BOND_국내-회사채-만기미확인-AA-971a2814f8,active,bond_coupon,neutral,1X,unhedged_or_not_applicable,active,unknown,PG-PENDING-475280-4c90ce36f2,,classified_derived,기초지수 명시; 운용사·공식 출처 URL 존재; 자산군·투자대상 추출(채권/국내 회사채 만기미확인 AA),가능,세부 투자대상 또는 만기·구성비율 미확인
KR7475300000,475300,SOL 반도체전공정,FnGuide 반도체 전공정 지수(PR),주식,국내,산업·섹터,전통 반도체 소부장,국내 반도체,반도체-국내-반도체-0ed1f11677,passive,plain,neutral,1X,unhedged_or_not_applicable,physical_or_unspecified,unknown,PG-주식-국내-산업-섹터-반도체-국내-반도체-반도체-국내-반도체-0E-f4bdfa635d,,verified_official,기초지수 명시; 운용사·공식 출처 URL 존재; 자산군·투자대상 추출(주식/국내 반도체),가능,
KR7475310009,475310,SOL 반도체후공정,FnGuide 반도체 후공정 지수(PR),주식,국내,산업·섹터,전통 반도체 소부장,국내 반도체,반도체-국내-반도체-0ed1f11677,passive,plain,neutral,1X,unhedged_or_not_applicable,physical_or_unspecified,unknown,PG-주식-국내-산업-섹터-반도체-국내-반도체-반도체-국내-반도체-0E-f4bdfa635d,,verified_official,기초지수 명시; 운용사·공식 출처 URL 존재; 자산군·투자대상 추출(주식/국내 반도체),가능,
KR7475350005,475350,RISE 버크셔포트폴리오TOP10,Solactive Berkshire Portfolio Top10 Index(PR),주식,국내,기타특수구조,미확인 주식전략,국내 미확인 주식전략,미확인-주식전략-국내-미확인-주식전략-46eed209b8,active,plain,neutral,1X,unhedged_or_not_applicable,active,concentrated,PG-PENDING-475350-306d9711e9,,classified_derived,기초지수 명시; 운용사·공식 출처 URL 존재; 자산군·투자대상 추출(주식/국내 미확인 주식전략),가능,직접 비교에 필요한 주식 전략·투자대상 미확인; 세부 투자대상 또는 만기·구성비율 미확인
KR7475380002,475380,RISE 글로벌리얼티인컴,Solactive Global Realty Income Index(Price Return),주식,글로벌,기타특수구조,미확인 주식전략,글로벌 미확인 주식전략,미확인-주식전략-글로벌-미확인-주식전략-d0f070a455,active,plain,neutral,1X,unhedged,active,unknown,PG-PENDING-475380-d4cf5a905e,,classified_derived,기초지수 명시; 운용사·공식 출처 URL 존재; 자산군·투자대상 추출(주식/글로벌 미확인 주식전략),가능,직접 비교에 필요한 주식 전략·투자대상 미확인; 세부 투자대상 또는 만기·구성비율 미확인
KR7475630000,475630,TIGER CD1년금리액티브(합성),KIS CD 1Y 총수익지수,금리·파킹,국내,금리·파킹,금리·파킹,초단기 금리,RATE_초단기-금리-70f35d000d,active,rate_return,neutral,1X,not_applicable,synthetic,unknown,PG-금리-파킹-해당없음-금리-파킹-금리-파킹-초단기-금리-RATE-초-58f4b66988,,verified_official,기초지수 명시; 운용사·공식 출처 URL 존재; 자산군·투자대상 추출(금리·파킹/초단기 금리),가능,
KR7475720009,475720,RISE 200위클리커버드콜,코스피 200 위클리 커버드콜 ATM 지수,주식,국내,기타특수구조,국내 월배당 & 커버드콜,국내 미확인 주식전략,미확인-주식전략-국내-미확인-주식전략-46eed209b8,covered_call,covered_call,neutral,1X,unhedged_or_not_applicable,physical_or_unspecified,broad,PG-PENDING-475720-1040252c64,,classified_derived,기초지수 명시; 운용사·공식 출처 URL 존재; 상품명 구조표시(covered_call); 자산군·투자대상 추출(주식/국내 미확인 주식전략),가능,직접 비교에 필요한 주식 전략·투자대상 미확인; 세부 투자대상 또는 만기·구성비율 미확인
KR7476000005,476000,UNICORN 포스트IPO액티브,iSelect 포스트 IPO 지수,주식,국내,기타특수구조,미확인 주식전략,국내 미확인 주식전략,미확인-주식전략-국내-미확인-주식전략-46eed209b8,active,plain,neutral,1X,unhedged_or_not_applicable,active,unknown,PG-PENDING-476000-4a86adf706,,classified_derived,기초지수 명시; 자산군·투자대상 추출(주식/국내 미확인 주식전략),,직접 비교에 필요한 주식 전략·투자대상 미확인; 세부 투자대상 또는 만기·구성비율 미확인
KR7476030002,476030,SOL 미국나스닥100,NASDAQ 100,주식,미국,대표지수,나스닥 100 코어,미국 나스닥100,NASDAQ100,passive,plain,neutral,1X,unhedged,physical_or_unspecified,broad,PG-주식-미국-대표지수-나스닥100-미국-나스닥100-NASDAQ10-07ea923e6f,,verified_official,기초지수 명시; 운용사·공식 출처 URL 존재; 자산군·투자대상 추출(주식/미국 나스닥100),가능,
KR7476070008,476070,KODEX 글로벌비만치료제TOP2 Plus,iSelect 글로벌 비만치료제TOP2 Plus 지수(PR),주식,미국,기타특수구조,비만치료제 & GLP-1,미국 미확인 주식전략,미확인-주식전략-미국-미확인-주식전략-bf6afc4d9f,passive,plain,neutral,1X,unhedged,physical_or_unspecified,ultra_concentrated,PG-PENDING-476070-df77046345,,classified_derived,기초지수 명시; 운용사·공식 출처 URL 존재; 자산군·투자대상 추출(주식/미국 미확인 주식전략),가능,직접 비교에 필요한 주식 전략·투자대상 미확인; 세부 투자대상 또는 만기·구성비율 미확인
KR7476260005,476260,HANARO 반도체핵심공정주도주,FnGuide 반도체 핵심공정 지수,주식,국내,산업·섹터,AI 반도체 & HBM,국내 반도체,반도체-국내-반도체-0ed1f11677,passive,plain,neutral,1X,unhedged_or_not_applicable,physical_or_unspecified,unknown,PG-주식-국내-산업-섹터-반도체-국내-반도체-반도체-국내-반도체-0E-f4bdfa635d,,verified_official,기초지수 명시; 운용사·공식 출처 URL 존재; 자산군·투자대상 추출(주식/국내 반도체),가능,
KR7476310008,476310,RISE 글로벌비만산업TOP2+,KEDI 글로벌 비만 산업 Top2+ 지수(Price Return),주식,글로벌,기타특수구조,비만치료제 & GLP-1,글로벌 미확인 주식전략,미확인-주식전략-글로벌-미확인-주식전략-d0f070a455,passive,plain,neutral,1X,unhedged,physical_or_unspecified,ultra_concentrated,PG-PENDING-476310-79cbb4ad98,,classified_derived,기초지수 명시; 운용사·공식 출처 URL 존재; 자산군·투자대상 추출(주식/글로벌 미확인 주식전략),가능,직접 비교에 필요한 주식 전략·투자대상 미확인; 세부 투자대상 또는 만기·구성비율 미확인
KR7476450002,476450,KIWOOM 머니마켓액티브,KIS-키움 MMF지수(총수익지수),금리·파킹,국내,금리·파킹,금리·파킹,머니마켓,RATE_머니마켓-e1b1a267e3,active,rate_return,neutral,1X,not_applicable,active,unknown,PG-금리-파킹-해당없음-금리-파킹-금리-파킹-머니마켓-RATE-머니마-53401a7911,,verified_official,기초지수 명시; 운용사·공식 출처 URL 존재; 자산군·투자대상 추출(금리·파킹/머니마켓),가능,
KR7476550009,476550,TIGER 미국30년국채커버드콜액티브(H),KEDI 미국채30년 위클리 커버드콜30 지수(Total Return),채권,미국,채권,해외 월배당 & 커버드콜,미국 국채 장기 등급미확인,BOND_미국-국채-장기-등급미확인-047cbda7f5,covered_call,covered_call,neutral,1X,hedged,active,unknown,PG-PENDING-476550-3290d06b6d,,classified_derived,기초지수 명시; 운용사·공식 출처 URL 존재; 상품명 구조표시(covered_call); 자산군·투자대상 추출(채권/미국 국채 장기 등급미확인),가능,세부 투자대상 또는 만기·구성비율 미확인
KR7476690003,476690,TIGER 글로벌비만치료제TOP2Plus,Indxx Global Obesity Treatment Top 2 Plus 지수 (시장가격),주식,미국,기타특수구조,비만치료제 & GLP-1,미국 미확인 주식전략,미확인-주식전략-미국-미확인-주식전략-bf6afc4d9f,passive,plain,neutral,1X,unhedged,physical_or_unspecified,ultra_concentrated,PG-PENDING-476690-46ad7a0109,,classified_derived,기초지수 명시; 운용사·공식 출처 URL 존재; 자산군·투자대상 추출(주식/미국 미확인 주식전략),가능,직접 비교에 필요한 주식 전략·투자대상 미확인; 세부 투자대상 또는 만기·구성비율 미확인
KR7476750005,476750,ACE 미국30년국채엔화노출액티브(H),Bloomberg U.S. Treasury 20+ Year Total Return Index T1530 JPY Currency Hedged,채권,미국,채권,미국 장기국채,미국 국채 장기 등급미확인,BOND_미국-국채-장기-등급미확인-047cbda7f5,active,bond_coupon,neutral,1X,hedged,active,unknown,PG-PENDING-476750-995c441a15,,classified_derived,기초지수 명시; 운용사·공식 출처 URL 존재; 자산군·투자대상 추출(채권/미국 국채 장기 등급미확인),가능,세부 투자대상 또는 만기·구성비율 미확인
KR7476760004,476760,ACE 미국30년국채액티브,Bloomberg U.S Treasury 20+ Year Total Return Index,채권,미국,채권,미국 장기국채,미국 국채 장기 등급미확인,BOND_미국-국채-장기-등급미확인-047cbda7f5,active,bond_coupon,neutral,1X,unhedged,active,unknown,PG-PENDING-476760-11073f01e5,,classified_derived,기초지수 명시; 운용사·공식 출처 URL 존재; 자산군·투자대상 추출(채권/미국 국채 장기 등급미확인),가능,세부 투자대상 또는 만기·구성비율 미확인
KR7476800008,476800,KODEX 한국부동산리츠인프라,KRX 부동산리츠인프라 지수,리츠·인프라,국내,리츠·인프라,리츠·인프라,국내 리츠·인프라,리츠-인프라-국내-리츠-인프라-2ebdba6e66,passive,plain,neutral,1X,not_applicable,physical_or_unspecified,unknown,PG-리츠-인프라-국내-리츠-인프라-리츠-인프라-국내-리츠-인프라-리츠-e3739b3155,,verified_official,기초지수 명시; 운용사·공식 출처 URL 존재; 자산군·투자대상 추출(리츠·인프라/국내 리츠·인프라),가능,
KR7476850003,476850,KoAct 배당성장액티브,코스피,주식,국내,배당·주주환원,고배당 & 인컴 전략,국내 고배당,고배당-국내-고배당-2325fcd2e0,active,plain,neutral,1X,unhedged_or_not_applicable,active,unknown,PG-주식-국내-배당-주주환원-고배당-국내-고배당-고배당-국내-고배당--dd861c8cd4,,auto_high_confidence,기초지수 명시; 자산군·투자대상 추출(주식/국내 고배당),,
KR7477050009,477050,PLUS 머니마켓액티브,KAP 시가평가 MMF 지수(총수익),금리·파킹,미국,금리·파킹,금리·파킹,머니마켓,RATE_머니마켓-e1b1a267e3,active,rate_return,neutral,1X,not_applicable,active,unknown,PG-금리-파킹-해당없음-금리-파킹-금리-파킹-머니마켓-RATE-머니마-53401a7911,,verified_official,기초지수 명시; 운용사·공식 출처 URL 존재; 자산군·투자대상 추출(금리·파킹/머니마켓),가능,
KR7477080006,477080,RISE CD금리액티브(합성),FnGuide CD금리투자 지수(총수익),금리·파킹,국내,금리·파킹,금리·파킹,CD금리,RATE_CD금리-141db05f34,active,rate_return,neutral,1X,not_applicable,synthetic,unknown,PG-금리-파킹-해당없음-금리-파킹-금리-파킹-CD금리-RATE-CD금-d7907e81c4,,verified_official,기초지수 명시; 운용사·공식 출처 URL 존재; 자산군·투자대상 추출(금리·파킹/CD금리),가능,
KR7477490007,477490,에셋플러스 글로벌일등기업포커스10액티브,MSCI World,주식,글로벌,기타특수구조,미확인 주식전략,글로벌 미확인 주식전략,미확인-주식전략-글로벌-미확인-주식전략-d0f070a455,active,plain,neutral,1X,unhedged,active,unknown,PG-PENDING-477490-98ff6d9516,,classified_derived,기초지수 명시; 자산군·투자대상 추출(주식/글로벌 미확인 주식전략),,직접 비교에 필요한 주식 전략·투자대상 미확인; 세부 투자대상 또는 만기·구성비율 미확인
KR7477730006,477730,KODEX 인도타타그룹,Nifty India Corporate Group Index - Tata Group 25% Cap(PR),주식,인도,기업집단,인도 시장 & 밸류체인,인도 기업집단,기업집단-인도-기업집단-fe70029acb,passive,plain,neutral,1X,unhedged,physical_or_unspecified,unknown,PG-주식-인도-기업집단-기업집단-인도-기업집단-기업집단-인도-기업집단-13b31d6613,,verified_official,기초지수 명시; 운용사·공식 출처 URL 존재; 자산군·투자대상 추출(주식/인도 기업집단),가능,
KR7478150006,478150,TIME 글로벌우주테크&방산액티브,Solactive Aerospace and Defense USD Index PR,주식,글로벌,산업·섹터,글로벌 우주항공 & 방산,글로벌 방산,방산-글로벌-방산-6f8a3a6732,active,plain,neutral,1X,unhedged,active,unknown,PG-주식-글로벌-산업-섹터-방산-글로벌-방산-방산-글로벌-방산-6F8-2d7285f9ae,,auto_high_confidence,기초지수 명시; 자산군·투자대상 추출(주식/글로벌 방산),,
KR7479080004,479080,1Q 머니마켓액티브,KIS-하나 MMF 지수(총수익),금리·파킹,국내,금리·파킹,금리·파킹,머니마켓,RATE_머니마켓-e1b1a267e3,active,rate_return,neutral,1X,not_applicable,active,unknown,PG-금리-파킹-해당없음-금리-파킹-금리-파킹-머니마켓-RATE-머니마-53401a7911,,auto_high_confidence,기초지수 명시; 자산군·투자대상 추출(금리·파킹/머니마켓),,
KR7479520009,479520,RISE KOFR금리액티브(합성),KOFR 지수,금리·파킹,국내,금리·파킹,금리·파킹,KOFR,RATE_KOFR-7c69b1923a,active,rate_return,neutral,1X,not_applicable,synthetic,unknown,PG-금리-파킹-해당없음-금리-파킹-금리-파킹-KOFR-RATE-KOF-ad0fa05348,,verified_official,기초지수 명시; 운용사·공식 출처 URL 존재; 자산군·투자대상 추출(금리·파킹/KOFR),가능,
KR7479620007,479620,SOL 미국AI반도체칩메이커,Solactive US AI Semiconductor Chip Makers Index(PR),주식,미국,테마,글로벌 AI 반도체,인공지능 일반,인공지능-인공지능-일반-4ef7c7155f,active,plain,neutral,1X,unhedged,active,unknown,PG-주식-미국-테마-인공지능-인공지능-일반-인공지능-인공지능-일반-4-e5f6ce4522,,verified_official,기초지수 명시; 운용사·공식 출처 URL 존재; 자산군·투자대상 추출(주식/인공지능 일반),가능,
KR7479730004,479730,TIGER 인도빌리언컨슈머,Mirae Asset India Billion Consumer 지수(PR),주식,인도,기타특수구조,인도 시장 & 밸류체인,인도 미확인 주식전략,미확인-주식전략-인도-미확인-주식전략-69bd615628,passive,plain,neutral,1X,unhedged,physical_or_unspecified,unknown,PG-PENDING-479730-224e217ea3,,classified_derived,기초지수 명시; 운용사·공식 출처 URL 존재; 자산군·투자대상 추출(주식/인도 미확인 주식전략),가능,직접 비교에 필요한 주식 전략·투자대상 미확인; 세부 투자대상 또는 만기·구성비율 미확인
KR7479850000,479850,HANARO K-뷰티,FnGuide K-뷰티 지수,주식,국내,기타특수구조,K-푸드 & K-뷰티,국내 미확인 주식전략,미확인-주식전략-국내-미확인-주식전략-46eed209b8,passive,plain,neutral,1X,unhedged_or_not_applicable,physical_or_unspecified,unknown,PG-PENDING-479850-9e2c0ddabf,,classified_derived,기초지수 명시; 운용사·공식 출처 URL 존재; 자산군·투자대상 추출(주식/국내 미확인 주식전략),가능,직접 비교에 필요한 주식 전략·투자대상 미확인; 세부 투자대상 또는 만기·구성비율 미확인
KR7480020007,480020,ACE 미국빅테크7+데일리타겟커버드콜(합성),Bloomberg US Big Tech Top 7 Plus Premium Decrement 15% Distribution Index,주식,미국,기타특수구조,해외 월배당 & 커버드콜,미국 미확인 주식전략,미확인-주식전략-미국-미확인-주식전략-bf6afc4d9f,covered_call,covered_call,neutral,1X,unhedged,synthetic,unknown,PG-PENDING-480020-4bc3e78a35,,classified_derived,기초지수 명시; 운용사·공식 출처 URL 존재; 상품명 구조표시(covered_call); 자산군·투자대상 추출(주식/미국 미확인 주식전략),가능,직접 비교에 필요한 주식 전략·투자대상 미확인; 세부 투자대상 또는 만기·구성비율 미확인
KR7480030006,480030,ACE 미국500데일리타겟커버드콜(합성),Bloomberg US 500 Large Cap Premium Decrement 15% Distribution Index,주식,미국,기타특수구조,해외 월배당 & 커버드콜,미국 미확인 주식전략,미확인-주식전략-미국-미확인-주식전략-bf6afc4d9f,covered_call,covered_call,neutral,1X,unhedged,synthetic,broad,PG-PENDING-480030-0b759bdaab,,classified_derived,기초지수 명시; 운용사·공식 출처 URL 존재; 상품명 구조표시(covered_call); 자산군·투자대상 추출(주식/미국 미확인 주식전략),가능,직접 비교에 필요한 주식 전략·투자대상 미확인; 세부 투자대상 또는 만기·구성비율 미확인
KR7480040005,480040,ACE 미국반도체데일리타겟커버드콜(합성),Bloomberg US Listed Semiconductor Premium Decrement 15% Distribution Index,주식,미국,산업·섹터,해외 월배당 & 커버드콜,미국 반도체,반도체-미국-반도체-e09cd52751,covered_call,covered_call,neutral,1X,unhedged,synthetic,unknown,PG-주식-미국-산업-섹터-반도체-미국-반도체-반도체-미국-반도체-E0-d7c3045e93,,verified_official,기초지수 명시; 운용사·공식 출처 URL 존재; 상품명 구조표시(covered_call); 자산군·투자대상 추출(주식/미국 반도체),가능,
KR7480260009,480260,TIGER 27-04회사채(A+이상)액티브,KIS 회사채2704만기형 지수 (총수익 지수),채권,국내,채권,만기매칭형 채권,국내 회사채 만기미확인 등급미확인,BOND_국내-회사채-만기미확인-등급미확인-2695c4f395,active,bond_coupon,neutral,1X,unhedged_or_not_applicable,active,unknown,PG-PENDING-480260-672b394117,,classified_derived,기초지수 명시; 운용사·공식 출처 URL 존재; 자산군·투자대상 추출(채권/국내 회사채 만기미확인 등급미확인),가능,세부 투자대상 또는 만기·구성비율 미확인
KR7480310002,480310,TIGER 글로벌온디바이스AI,Mirae Asset Global On-Device AI 지수 (PR),주식,글로벌,테마,인공지능,인공지능 일반,인공지능-인공지능-일반-4ef7c7155f,passive,plain,neutral,1X,unhedged,physical_or_unspecified,unknown,PG-주식-글로벌-테마-인공지능-인공지능-일반-인공지능-인공지능-일반--7fa2ce759b,,verified_official,기초지수 명시; 운용사·공식 출처 URL 존재; 자산군·투자대상 추출(주식/인공지능 일반),가능,
KR7480460005,480460,WON 한국부동산TOP3플러스,DeepSearch 한국부동산TOP3플러스 지수,주식,국내,기타특수구조,미확인 주식전략,국내 미확인 주식전략,미확인-주식전략-국내-미확인-주식전략-46eed209b8,passive,plain,neutral,1X,unhedged_or_not_applicable,physical_or_unspecified,ultra_concentrated,PG-PENDING-480460-a845bd0d8e,,classified_derived,기초지수 명시; 자산군·투자대상 추출(주식/국내 미확인 주식전략),,직접 비교에 필요한 주식 전략·투자대상 미확인; 세부 투자대상 또는 만기·구성비율 미확인
KR7481050003,481050,KODEX CD1년금리플러스액티브(합성),KAP 1년은행 CD+추가금리 지수(총수익지수),금리·파킹,국내,금리·파킹,금리·파킹,머니마켓,RATE_CD_1Y_481050,active,rate_return,neutral,1X,not_applicable,synthetic,broad_or_multi_asset,PG-PENDING-481050-f90e2569bd,,verified_official,Samsung Asset Management official product page: rate ETF tracking KAP 1-year bank CD plus spread total return index.,https://www.samsungfund.com/etf/product/view.do?id=2ETFM7,Official product page confirms rate / parking strategy; removes erroneous commodity futures classification.
KR7481060002,481060,KODEX 미국30년국채타겟커버드콜(합성 H),Bloomberg U.S.Treasury 20+ Year(TLT)+ 12% Premium Covered Call index(TR),채권,미국,채권,해외 월배당 & 커버드콜,미국 국채 장기 등급미확인,BOND_미국-국채-장기-등급미확인-047cbda7f5,covered_call,covered_call,neutral,1X,hedged,synthetic,unknown,PG-PENDING-481060-66b3bd6971,,classified_derived,기초지수 명시; 운용사·공식 출처 URL 존재; 상품명 구조표시(covered_call); 자산군·투자대상 추출(채권/미국 국채 장기 등급미확인),가능,세부 투자대상 또는 만기·구성비율 미확인
KR7481180008,481180,SOL 미국AI소프트웨어,KEDI 미국 AI 소프트웨어지수(PR),주식,미국,테마,생성형 AI & 소프트웨어,인공지능 일반,인공지능-인공지능-일반-4ef7c7155f,passive,plain,neutral,1X,unhedged,physical_or_unspecified,unknown,PG-주식-미국-테마-인공지능-인공지능-일반-인공지능-인공지능-일반-4-e5f6ce4522,,verified_official,기초지수 명시; 운용사·공식 출처 URL 존재; 자산군·투자대상 추출(주식/인공지능 일반),가능,
KR7481190007,481190,SOL 미국테크TOP10,Solactive US Tech TOP 10 Custom Index(PR),주식,미국,테마,미국 빅테크 (M7),미국 테크 TOP10,BIGTECH_US,active,bond_coupon,neutral,1X,unhedged,active,concentrated,PG-PENDING-481190-da3f73b7c8,,conflict_resolved,기초지수 명시; 운용사·공식 출처 URL 존재; 자산군·투자대상 추출(채권/미국 국채 만기미확인 등급미확인),가능,세부 투자대상 또는 만기·구성비율 미확인; 기존 자산분류와 비교분류 추론값 충돌
KR7481340008,481340,RISE 미국30년국채액티브,Bloomberg U.S Treasury 20+ Year Total Return Index,채권,미국,채권,미국 장기국채,미국 국채 장기 등급미확인,BOND_미국-국채-장기-등급미확인-047cbda7f5,active,bond_coupon,neutral,1X,unhedged,active,unknown,PG-PENDING-481340-acd090a15a,,classified_derived,기초지수 명시; 운용사·공식 출처 URL 존재; 자산군·투자대상 추출(채권/미국 국채 장기 등급미확인),가능,세부 투자대상 또는 만기·구성비율 미확인
KR7481430007,481430,RISE 국고채10년액티브,KAP 국고채 10년 지수(총수익),채권,국내,채권,국내 장기국채,국내 채권 장기 등급미확인,BOND_국내-채권-장기-등급미확인-f457d22418,active,bond_coupon,neutral,1X,unhedged_or_not_applicable,active,unknown,PG-PENDING-481430-45ac79f157,,classified_derived,기초지수 명시; 운용사·공식 출처 URL 존재; 자산군·투자대상 추출(채권/국내 채권 장기 등급미확인),가능,세부 투자대상 또는 만기·구성비율 미확인
KR7482030004,482030,KoAct 반도체&2차전지핵심소재액티브,iSelect 반도체&2차전지핵심소재 지수,주식,국내,산업·섹터,전통 반도체 소부장,국내 반도체,반도체-국내-반도체-0ed1f11677,active,plain,neutral,1X,unhedged_or_not_applicable,active,unknown,PG-주식-국내-산업-섹터-반도체-국내-반도체-반도체-국내-반도체-0E-f4bdfa635d,,auto_high_confidence,기초지수 명시; 자산군·투자대상 추출(주식/국내 반도체),,
KR7482730009,482730,TIGER 미국S&P500타겟데일리커버드콜,S&P500 10% Daily Premium Covered Call Index(TR),주식,미국,대표지수,해외 월배당 & 커버드콜,미국 S&P500,S&P500,covered_call,covered_call,neutral,1X,unhedged,physical_or_unspecified,broad,PG-주식-미국-대표지수-S-P500-미국-S-P500-S-P500-C-4d555d2df6,,verified_official,기초지수 명시; 운용사·공식 출처 URL 존재; 상품명 구조표시(covered_call); 자산군·투자대상 추출(주식/미국 S&P500),가능,
KR7483020004,483020,KIWOOM 의료AI,FnGuide 의료AI 지수,주식,국내,기타특수구조,의료 AI & 디지털 헬스,국내 미확인 주식전략,미확인-주식전략-국내-미확인-주식전략-46eed209b8,passive,plain,neutral,1X,unhedged_or_not_applicable,physical_or_unspecified,unknown,PG-PENDING-483020-8407a090a8,,classified_derived,기초지수 명시; 운용사·공식 출처 URL 존재; 자산군·투자대상 추출(주식/국내 미확인 주식전략),가능,직접 비교에 필요한 주식 전략·투자대상 미확인; 세부 투자대상 또는 만기·구성비율 미확인
KR7483030003,483030,KIWOOM 미국블록버스터바이오테크의약품+,Solactive Blockbuster Biotech Drugs Index(PR),주식,미국,산업·섹터,글로벌 헬스케어 & 메디컬,미국 바이오 의약품,BIOTECH_US,active,bond_coupon,neutral,1X,unhedged,active,unknown,PG-PENDING-483030-e97f8e24b1,,conflict_resolved,기초지수 명시; 운용사·공식 출처 URL 존재; 자산군·투자대상 추출(채권/미국 국채 만기미확인 등급미확인),가능,세부 투자대상 또는 만기·구성비율 미확인; 기존 자산분류와 비교분류 추론값 충돌
KR7483280004,483280,KODEX 미국AI테크TOP10타겟커버드콜,KEDI 미국 AI 테크 TOP10+15%프리미엄 지수(Total Return),주식,미국,테마,해외 월배당 & 커버드콜,인공지능 일반,인공지능-인공지능-일반-4ef7c7155f,covered_call,covered_call,neutral,1X,unhedged,physical_or_unspecified,concentrated,PG-주식-미국-테마-인공지능-인공지능-일반-인공지능-인공지능-일반-4-a237778ae9,,verified_official,기초지수 명시; 운용사·공식 출처 URL 존재; 상품명 구조표시(covered_call); 자산군·투자대상 추출(주식/인공지능 일반),가능,
KR7483290003,483290,KODEX 미국배당다우존스타겟커버드콜,Dow Jones U.S. Dividend 100 10% Premium Covered Call Index(Total Return),주식,미국,배당·주주환원,해외 월배당 & 커버드콜,미국 배당다우존스,DOW_JONES_DIVIDEND,covered_call,covered_call,neutral,1X,unhedged,physical_or_unspecified,broad,PG-주식-미국-배당-주주환원-배당다우존스-미국-배당다우존스-DOW-J-6a7ebd2885,,verified_official,기초지수 명시; 운용사·공식 출처 URL 존재; 상품명 구조표시(covered_call); 자산군·투자대상 추출(주식/미국 배당다우존스),가능,
KR7483320008,483320,ACE 엔비디아밸류체인액티브,KEDI 글로벌AI반도체 지수,주식,글로벌,산업·섹터,글로벌 AI 반도체,글로벌 반도체,반도체-글로벌-반도체-84ce634468,active,plain,neutral,1X,unhedged,active,unknown,PG-주식-글로벌-산업-섹터-반도체-글로벌-반도체-반도체-글로벌-반도체-69a7b2bb67,,verified_official,기초지수 명시; 운용사·공식 출처 URL 존재; 자산군·투자대상 추출(주식/글로벌 반도체),가능,
KR7483330007,483330,ACE 마이크로소프트밸류체인액티브,KEDI 글로벌생성형AI 지수,주식,글로벌,단일·소수종목,단일종목,글로벌 단일종목,단일종목-글로벌-단일종목-8acb920e2c,active,plain,neutral,1X,unhedged,active,single,PG-주식-글로벌-단일-소수종목-단일종목-글로벌-단일종목-단일종목-글로-d470e4960c,,verified_official,기초지수 명시; 운용사·공식 출처 URL 존재; 자산군·투자대상 추출(주식/글로벌 단일종목),가능,
KR7483340006,483340,ACE 구글밸류체인액티브,KEDI 글로벌 AI 클라우드 지수,주식,글로벌,테마,인공지능,인공지능 일반,인공지능-인공지능-일반-4ef7c7155f,active,plain,neutral,1X,unhedged,active,unknown,PG-주식-글로벌-테마-인공지능-인공지능-일반-인공지능-인공지능-일반--7fa2ce759b,,verified_official,기초지수 명시; 운용사·공식 출처 URL 존재; 자산군·투자대상 추출(주식/인공지능 일반),가능,
KR7483570008,483570,KCGI 미국S&P500 TOP10,S&P500 Top10 25% Capped Index(PR),주식,미국,대표지수,S&P 500 시장대표,미국 S&P500,S&P500,passive,plain,neutral,1X,unhedged,physical_or_unspecified,concentrated,PG-주식-미국-대표지수-S-P500-미국-S-P500-S-P500-P-c2eb6d3f91,,auto_high_confidence,기초지수 명시; 자산군·투자대상 추출(주식/미국 S&P500),,
KR7484790001,484790,KODEX 미국30년국채액티브(H),KEDI-KAP 미국 국채 20+ 지수(TR),채권,미국,채권,미국 장기국채,미국 국채 장기 등급미확인,BOND_미국-국채-장기-등급미확인-047cbda7f5,active,bond_coupon,neutral,1X,hedged,active,unknown,PG-PENDING-484790-34bba11af2,,classified_derived,기초지수 명시; 운용사·공식 출처 URL 존재; 자산군·투자대상 추출(채권/미국 국채 장기 등급미확인),가능,세부 투자대상 또는 만기·구성비율 미확인
KR7484880000,484880,SOL 금융지주플러스고배당,FnGuide 금융지주플러스고배당 지수(PR),주식,국내,산업·섹터,밸류업 & 금융지주·은행,국내 금융·은행·증권·보험,금융-은행-증권-보험-국내-금융-은행-증권-보험-85a36c5547,passive,plain,neutral,1X,unhedged_or_not_applicable,physical_or_unspecified,unknown,PG-주식-국내-산업-섹터-금융-은행-증권-보험-국내-금융-은행-증권--955a0a4988,,verified_official,기초지수 명시; 운용사·공식 출처 URL 존재; 자산군·투자대상 추출(주식/국내 금융·은행·증권·보험),가능,
KR7484890009,484890,SOL 머니마켓액티브,KAP 시가 MMF 지수(TR),금리·파킹,국내,금리·파킹,금리·파킹,머니마켓,RATE_머니마켓-e1b1a267e3,active,rate_return,neutral,1X,not_applicable,active,unknown,PG-금리-파킹-해당없음-금리-파킹-금리-파킹-머니마켓-RATE-머니마-53401a7911,,verified_official,기초지수 명시; 운용사·공식 출처 URL 존재; 자산군·투자대상 추출(금리·파킹/머니마켓),가능,
KR7485540009,485540,KODEX 미국AI테크TOP10,KEDI 미국AI테크 TOP10 지수(PR),주식,미국,기타특수구조,미국 빅테크 (M7),미국 미확인 주식전략,미확인-주식전략-미국-미확인-주식전략-bf6afc4d9f,passive,plain,neutral,1X,unhedged,physical_or_unspecified,concentrated,PG-PENDING-485540-a0d946950e,,classified_derived,기초지수 명시; 운용사·공식 출처 URL 존재; 자산군·투자대상 추출(주식/미국 미확인 주식전략),가능,직접 비교에 필요한 주식 전략·투자대상 미확인; 세부 투자대상 또는 만기·구성비율 미확인
KR7485690002,485690,RISE 미국AI밸류체인TOP3Plus,KEDI 미국 AI 밸류체인 TOP3 Plus 지수(Price Return),주식,미국,테마,생성형 AI & 소프트웨어,인공지능 일반,인공지능-인공지능-일반-4ef7c7155f,passive,plain,neutral,1X,unhedged,physical_or_unspecified,ultra_concentrated,PG-주식-미국-테마-인공지능-인공지능-일반-인공지능-인공지능-일반-4-e5f6ce4522,,verified_official,기초지수 명시; 운용사·공식 출처 URL 존재; 자산군·투자대상 추출(주식/인공지능 일반),가능,
KR7485810006,485810,TIME 글로벌바이오액티브,KEDI 글로벌 불로장생바이오 지수(원화환산),주식,글로벌,산업·섹터,글로벌 헬스케어 & 메디컬,글로벌 바이오·제약·헬스케어,바이오-제약-헬스케어-글로벌-바이오-제약-헬스케어-423815bf96,active,plain,neutral,1X,unhedged,active,unknown,PG-주식-글로벌-산업-섹터-바이오-제약-헬스케어-글로벌-바이오-제약--893026edb7,,auto_high_confidence,기초지수 명시; 자산군·투자대상 추출(주식/글로벌 바이오·제약·헬스케어),,
KR7486240005,486240,DAISHIN AI반도체&인프라액티브,FnGuide AI반도체&인프라 지수,주식,국내,테마,글로벌 AI 반도체,AI 반도체,인공지능-AI-반도체-a909322117,active,plain,neutral,1X,not_applicable,active,unknown,PG-주식-국내-테마-인공지능-AI-반도체-인공지능-AI-반도체-A90-7e63fd0b56,,verified_official,기초지수 명시; 운용사·공식 출처 URL 존재; 자산군·투자대상 추출(주식/AI 반도체),https://asset.daishin.com/ko/?FUND_CODE=48003&m=view&pages=etf&sub=etf5010,
KR7486290000,486290,TIGER 미국나스닥100타겟데일리커버드콜,NASDAQ 100 Daily Covered Call Target Premium 15% 지수(TR),주식,미국,대표지수,해외 월배당 & 커버드콜,미국 나스닥100,NASDAQ100,covered_call,covered_call,neutral,1X,unhedged,physical_or_unspecified,broad,PG-주식-미국-대표지수-나스닥100-미국-나스닥100-NASDAQ10-df258b5b40,,verified_official,기초지수 명시; 운용사·공식 출처 URL 존재; 상품명 구조표시(covered_call); 자산군·투자대상 추출(주식/미국 나스닥100),가능,
KR7486450000,486450,SOL 미국AI전력인프라,KEDI 미국AI전력인프라 지수(PR),주식,미국,테마,전력 인프라 & 변압기,미국 AI 전력 인프라,인공지능-인공지능-일반-4ef7c7155f,passive,plain,neutral,1X,unhedged,physical_or_unspecified,unknown,PG-주식-미국-테마-인공지능-인공지능-일반-인공지능-인공지능-일반-4-e5f6ce4522,,verified_official,기초지수 명시; 운용사·공식 출처 URL 존재; 자산군·투자대상 추출(주식/미국 AI 전력 인프라),가능,
KR7486830003,486830,HANARO 머니마켓액티브,KIS-NH Amundi MMF지수,금리·파킹,국내,금리·파킹,금리·파킹,머니마켓,RATE_머니마켓-e1b1a267e3,active,rate_return,neutral,1X,not_applicable,active,unknown,PG-금리-파킹-해당없음-금리-파킹-금리-파킹-머니마켓-RATE-머니마-53401a7911,,verified_official,기초지수 명시; 운용사·공식 출처 URL 존재; 자산군·투자대상 추출(금리·파킹/머니마켓),가능,
KR7487130007,487130,KoAct AI인프라액티브,Solactive AI인프라 지수,주식,국내,테마,전력 인프라 & 변압기,AI 전력 인프라,인공지능-AI-전력-인프라-772c6f4030,active,plain,neutral,1X,not_applicable,active,unknown,PG-주식-국내-테마-인공지능-AI-전력-인프라-인공지능-AI-전력-인-8066530716,,verified_official,기초지수 명시; 운용사·공식 출처 URL 존재; 자산군·투자대상 추출(주식/AI 전력 인프라),https://www.samsungactive.co.kr/etf/view.do?id=2ETFN8,
KR7487230005,487230,KODEX 미국AI전력핵심인프라,iSelect 미국AI전력핵심인프라 지수(Price Return),주식,미국,테마,전력 인프라 & 변압기,미국 AI 전력 인프라,인공지능-인공지능-일반-4ef7c7155f,passive,plain,neutral,1X,unhedged,physical_or_unspecified,unknown,PG-주식-미국-테마-인공지능-인공지능-일반-인공지능-인공지능-일반-4-e5f6ce4522,,verified_official,기초지수 명시; 운용사·공식 출처 URL 존재; 자산군·투자대상 추출(주식/미국 AI 전력 인프라),가능,
KR7487240004,487240,KODEX AI전력핵심설비,iSelect AI 전력핵심설비 지수(Price Return),주식,국내,테마,전력 인프라 & 변압기,AI 전력 인프라,인공지능-AI-전력-인프라-772c6f4030,passive,plain,neutral,1X,unhedged_or_not_applicable,physical_or_unspecified,unknown,PG-주식-국내-테마-인공지능-AI-전력-인프라-인공지능-AI-전력-인-8066530716,,verified_official,기초지수 명시; 운용사·공식 출처 URL 존재; 자산군·투자대상 추출(주식/AI 전력 인프라),가능,
KR7487340002,487340,ACE 머니마켓액티브,MK-KAP 머니마켓 총수익지수,금리·파킹,국내,금리·파킹,금리·파킹,머니마켓,RATE_머니마켓-e1b1a267e3,active,rate_return,neutral,1X,not_applicable,active,unknown,PG-금리-파킹-해당없음-금리-파킹-금리-파킹-머니마켓-RATE-머니마-53401a7911,,verified_official,기초지수 명시; 운용사·공식 출처 URL 존재; 자산군·투자대상 추출(금리·파킹/머니마켓),가능,
KR7487750002,487750,BNK 온디바이스AI,FnGuide 온디바이스AI 지수,주식,국내,기타특수구조,AI 반도체 & HBM,국내 미확인 주식전략,미확인-주식전략-국내-미확인-주식전략-46eed209b8,passive,plain,neutral,1X,unhedged_or_not_applicable,physical_or_unspecified,unknown,PG-PENDING-487750-d98f3ae009,,classified_derived,기초지수 명시; 자산군·투자대상 추출(주식/국내 미확인 주식전략),,직접 비교에 필요한 주식 전략·투자대상 미확인; 세부 투자대상 또는 만기·구성비율 미확인
KR7487910002,487910,ACE 인도컨슈머파워액티브,Indxx India Super Consumption Index (Price Return),주식,인도,기타특수구조,인도 시장 & 밸류체인,인도 미확인 주식전략,미확인-주식전략-인도-미확인-주식전략-69bd615628,active,plain,neutral,1X,unhedged,active,unknown,PG-PENDING-487910-4f9aedddf6,,classified_derived,기초지수 명시; 운용사·공식 출처 URL 존재; 자산군·투자대상 추출(주식/인도 미확인 주식전략),가능,직접 비교에 필요한 주식 전략·투자대상 미확인; 세부 투자대상 또는 만기·구성비율 미확인
KR7487920001,487920,ACE 인도시장대표BIG5그룹액티브,Indxx India Big 5 Conglomerates Index (Price Return),주식,인도,기업집단,인도 시장 & 밸류체인,인도 기업집단,기업집단-인도-기업집단-fe70029acb,active,plain,neutral,1X,unhedged,active,unknown,PG-주식-인도-기업집단-기업집단-인도-기업집단-기업집단-인도-기업집단-13b31d6613,,verified_official,기초지수 명시; 운용사·공식 출처 URL 존재; 자산군·투자대상 추출(주식/인도 기업집단),가능,
KR7487950008,487950,KODEX 대만테크고배당다우존스,Dow Jones Taiwan Technology Dividend 30 Index(TWD)(PR),주식,대만,배당·주주환원,고배당 & 인컴 전략,대만 고배당,배당-기타국가-배당-f14037f0fe,passive,plain,neutral,1X,unhedged,physical_or_unspecified,unknown,PG-주식-미국-배당-주주환원-배당다우존스-미국-배당다우존스-DOW-J-f14037f0fe,,verified_official,기초지수 명시; 운용사·공식 출처 URL 존재; 자산군·투자대상 추출(주식/대만 고배당),가능,
KR7488080003,488080,TIGER 반도체TOP10레버리지,FnGuide 반도체TOP10 지수,주식,국내,산업·섹터,전통 반도체 소부장,국내 반도체,반도체-국내-반도체-0ed1f11677,leveraged,leveraged,long,2X,unhedged_or_not_applicable,physical_or_unspecified,concentrated,PG-주식-국내-산업-섹터-반도체-국내-반도체-반도체-국내-반도체-0E-88aa3ecc65,,verified_official,기초지수 명시; 운용사·공식 출처 URL 존재; 상품명 구조표시(leveraged); 자산군·투자대상 추출(주식/국내 반도체),불가,
KR7488200007,488200,KIWOOM K-2차전지북미공급망,Solactive K-Battery North America Supply Chain 지수,주식,국내,산업·섹터,2차전지 셀 & 소재,국내 2차전지·배터리 소재,2차전지-배터리-소재-국내-2차전지-배터리-소재-1367e96ce1,active,plain,neutral,1X,unhedged_or_not_applicable,active,unknown,PG-주식-국내-산업-섹터-2차전지-배터리-소재-국내-2차전지-배터리--0cc60d36d9,,verified_official,기초지수 명시; 운용사·공식 출처 URL 존재; 자산군·투자대상 추출(주식/국내 2차전지·배터리 소재),가능,
KR7488210006,488210,KIWOOM K-반도체북미공급망,Solactive K-Semiconductor North America Supply Chain 지수,주식,국내,산업·섹터,전통 반도체 소부장,국내 반도체,반도체-국내-반도체-0ed1f11677,active,plain,neutral,1X,unhedged_or_not_applicable,active,unknown,PG-주식-국내-산업-섹터-반도체-국내-반도체-반도체-국내-반도체-0E-f4bdfa635d,,verified_official,기초지수 명시; 운용사·공식 출처 URL 존재; 자산군·투자대상 추출(주식/국내 반도체),가능,
KR7488290008,488290,MIDAS 일본테크액티브,Solactive Japan Tech Top 30 지수(PR),주식,일본,기타특수구조,일본 테크 & 상사,일본 미확인 주식전략,미확인-주식전략-일본-미확인-주식전략-aa68fbbd45,active,plain,neutral,1X,unhedged,active,ultra_concentrated,PG-PENDING-488290-f127a7f1e1,,classified_derived,기초지수 명시; 자산군·투자대상 추출(주식/일본 미확인 주식전략),,직접 비교에 필요한 주식 전략·투자대상 미확인; 세부 투자대상 또는 만기·구성비율 미확인
KR7488480005,488480,RISE 일본섹터TOP4Plus,Solactive Japan Samurai Sector TOP4 Plus Index(PR),주식,일본,기타특수구조,일본 테크 & 상사,미국 미확인 주식전략,미확인-주식전략-미국-미확인-주식전략-bf6afc4d9f,active,plain,neutral,1X,unhedged,active,ultra_concentrated,PG-PENDING-488480-d8a2a68a1f,,classified_derived,기초지수 명시; 운용사·공식 출처 URL 존재; 자산군·투자대상 추출(주식/미국 미확인 주식전략),가능,직접 비교에 필요한 주식 전략·투자대상 미확인; 세부 투자대상 또는 만기·구성비율 미확인
KR7488500000,488500,TIGER 미국S&P500동일가중,S&P 500 Equal Weight Index(PR),주식,미국,대표지수,S&P 500 시장대표,미국 S&P500,S&P500,passive,plain,neutral,1X,unhedged,physical_or_unspecified,broad,PG-주식-미국-대표지수-S-P500-미국-S-P500-S-P500-P-c2eb6d3f91,,verified_official,기초지수 명시; 운용사·공식 출처 URL 존재; 자산군·투자대상 추출(주식/미국 S&P500),가능,
KR7488720004,488720,WON 종합채권(AA-이상)액티브,KIS 종합채권시장 총수익지수(AA-이상),채권,국내,채권,우량 회사채·금융채,국내 채권 만기미확인 AA,BOND_국내-채권-만기미확인-AA-273392b07e,active,bond_coupon,neutral,1X,unhedged_or_not_applicable,active,unknown,PG-PENDING-488720-92a40fbf12,,classified_derived,기초지수 명시; 자산군·투자대상 추출(채권/국내 채권 만기미확인 AA),,세부 투자대상 또는 만기·구성비율 미확인
KR7488770009,488770,KODEX 머니마켓액티브,KAP MMF 지수(TR),금리·파킹,국내,금리·파킹,금리·파킹,머니마켓,RATE_머니마켓-e1b1a267e3,active,rate_return,neutral,1X,not_applicable,active,unknown,PG-금리-파킹-해당없음-금리-파킹-금리-파킹-머니마켓-RATE-머니마-53401a7911,,verified_official,기초지수 명시; 운용사·공식 출처 URL 존재; 자산군·투자대상 추출(금리·파킹/머니마켓),가능,
KR7488980004,488980,SOL 26-12 회사채(AA-이상)액티브,"KAP 26-12 크레딧 채권지수(AA-이상, 총수익)",채권,국내,채권,만기매칭형 채권,국내 회사채 만기미확인 AA,BOND_국내-회사채-만기미확인-AA-971a2814f8,active,bond_coupon,neutral,1X,unhedged_or_not_applicable,active,unknown,PG-PENDING-488980-14b1a91482,,classified_derived,기초지수 명시; 운용사·공식 출처 URL 존재; 자산군·투자대상 추출(채권/국내 회사채 만기미확인 AA),가능,세부 투자대상 또는 만기·구성비율 미확인
KR7489000000,489000,PLUS 일본엔화초단기국채(합성),KAP 일본 단기 국채 지수(총수익),금리·파킹,일본,채권,금리·파킹,미국 국채 초단기 등급미확인,BOND_미국-국채-초단기-등급미확인-5e59e46a3c,passive,bond_coupon,neutral,1X,unhedged,synthetic,unknown,PG-PENDING-489000-796949ed89,,conflict_resolved,기초지수 명시; 운용사·공식 출처 URL 존재; 자산군·투자대상 추출(채권/미국 국채 초단기 등급미확인),가능,세부 투자대상 또는 만기·구성비율 미확인; 기존 자산분류와 비교분류 추론값 충돌
KR7489030007,489030,PLUS 고배당주위클리커버드콜,코스피 고배당 위클리 콜매도 ATM 지수,주식,국내,배당·주주환원,국내 월배당 & 커버드콜,국내 고배당,고배당-국내-고배당-2325fcd2e0,covered_call,covered_call,neutral,1X,unhedged_or_not_applicable,physical_or_unspecified,unknown,PG-주식-국내-배당-주주환원-고배당-국내-고배당-고배당-국내-고배당--572ba3d36c,,verified_official,기초지수 명시; 운용사·공식 출처 URL 존재; 상품명 구조표시(covered_call); 자산군·투자대상 추출(주식/국내 고배당),불가,
KR7489250001,489250,KODEX 미국배당다우존스,Dow Jones U.S. Dividend 100 Price Return Index,주식,미국,배당·주주환원,미국 배당다우존스,미국 배당다우존스,DOW_JONES_DIVIDEND,passive,plain,neutral,1X,unhedged,physical_or_unspecified,broad,PG-주식-미국-배당-주주환원-배당다우존스-미국-배당다우존스-DOW-J-f14037f0fe,,verified_official,기초지수 명시; 운용사·공식 출처 URL 존재; 자산군·투자대상 추출(주식/미국 배당다우존스),가능,
KR7489290007,489290,WON 미국빌리어네어,Bloomberg US Billionaires Investment Select Index(PR),주식,미국,기타특수구조,미확인 주식전략,미국 미확인 주식전략,미확인-주식전략-미국-미확인-주식전략-bf6afc4d9f,passive,plain,neutral,1X,unhedged,physical_or_unspecified,unknown,PG-PENDING-489290-dce293ee6d,,classified_derived,기초지수 명시; 자산군·투자대상 추출(주식/미국 미확인 주식전략),,직접 비교에 필요한 주식 전략·투자대상 미확인; 세부 투자대상 또는 만기·구성비율 미확인
KR7489860007,489860,KIWOOM 글로벌전력GRID인프라,NASDAQ OMX Clean Edge Smart Grid Infrastructure Index,주식,미국,테마,전력 인프라 & 변압기,미국 AI 전력 인프라,인공지능-인공지능-일반-4ef7c7155f,passive,plain,neutral,1X,unhedged,physical_or_unspecified,unknown,PG-주식-미국-테마-인공지능-인공지능-일반-인공지능-인공지능-일반-4-e5f6ce4522,,verified_official,기초지수 명시; 운용사·공식 출처 URL 존재; 자산군·투자대상 추출(주식/미국 AI 전력 인프라),가능,
KR7490090008,490090,TIGER 미국AI빅테크10,KEDI 미국AI빅테크10 지수(PR),주식,미국,기타특수구조,미국 빅테크 (M7),미국 미확인 주식전략,미확인-주식전략-미국-미확인-주식전략-bf6afc4d9f,passive,plain,neutral,1X,unhedged,physical_or_unspecified,unknown,PG-PENDING-490090-ba5794111b,,classified_derived,기초지수 명시; 운용사·공식 출처 URL 존재; 자산군·투자대상 추출(주식/미국 미확인 주식전략),가능,직접 비교에 필요한 주식 전략·투자대상 미확인; 세부 투자대상 또는 만기·구성비율 미확인
KR7490330008,490330,KoAct 미국치매&뇌질환치료제액티브,Solactive 미국뇌질환치료제 PR 지수,주식,미국,기타특수구조,미확인 주식전략,미국 미확인 주식전략,미확인-주식전략-미국-미확인-주식전략-bf6afc4d9f,active,plain,neutral,1X,unhedged,active,unknown,PG-PENDING-490330-7740a177f0,,classified_derived,기초지수 명시; 자산군·투자대상 추출(주식/미국 미확인 주식전략),,직접 비교에 필요한 주식 전략·투자대상 미확인; 세부 투자대상 또는 만기·구성비율 미확인
KR7490480001,490480,SOL K방산,KEDI K방산 지수(PR),주식,국내,산업·섹터,K-방위산업,국내 방산,방산-국내-방산-3c5b4a7923,passive,plain,neutral,1X,unhedged_or_not_applicable,physical_or_unspecified,unknown,PG-주식-국내-산업-섹터-방산-국내-방산-방산-국내-방산-3C5B4A-491ece2be9,,verified_official,기초지수 명시; 운용사·공식 출처 URL 존재; 자산군·투자대상 추출(주식/국내 방산),가능,
KR7490490000,490490,SOL 미국배당미국채혼합50,KRX 다우존스 미국배당국채 혼합지수,혼합자산,미국,혼합자산,자산배분 & 채권혼합,시장대표 채권혼합,DOW_JONES_DIVIDEND,passive,mixed_asset,neutral,1X,unhedged,physical_or_unspecified,unknown,PG-PENDING-490490-3e621851fc,,classified_derived,기초지수 명시; 운용사·공식 출처 URL 존재; 자산군·투자대상 추출(채권/국내 국채 만기미확인 등급미확인),가능,세부 투자대상 또는 만기·구성비율 미확인
KR7490590007,490590,RISE 미국AI밸류체인데일리고정커버드콜,KEDI 미국 AI밸류체인 90%참여+데일리옵션 프리미엄 지수(TR),주식,미국,기타특수구조,해외 월배당 & 커버드콜,미국 미확인 주식전략,미확인-주식전략-미국-미확인-주식전략-bf6afc4d9f,covered_call,covered_call,neutral,1X,unhedged,physical_or_unspecified,unknown,PG-PENDING-490590-4c63cd9fe5,,classified_derived,기초지수 명시; 운용사·공식 출처 URL 존재; 상품명 구조표시(covered_call); 자산군·투자대상 추출(주식/미국 미확인 주식전략),가능,직접 비교에 필요한 주식 전략·투자대상 미확인; 세부 투자대상 또는 만기·구성비율 미확인
KR7490600004,490600,RISE 미국배당100데일리고정커버드콜,KEDI 미국 배당100 90%참여+데일리옵션 프리미엄 지수(총수익지수),주식,미국,기타특수구조,해외 월배당 & 커버드콜,미국 미확인 주식전략,미확인-주식전략-미국-미확인-주식전략-bf6afc4d9f,covered_call,covered_call,neutral,1X,unhedged,physical_or_unspecified,broad,PG-PENDING-490600-9f03cc155c,,classified_derived,기초지수 명시; 운용사·공식 출처 URL 존재; 상품명 구조표시(covered_call); 자산군·투자대상 추출(주식/미국 미확인 주식전략),가능,직접 비교에 필요한 주식 전략·투자대상 미확인; 세부 투자대상 또는 만기·구성비율 미확인
KR7491010005,491010,TIGER 글로벌AI전력인프라액티브,Mirae Asset AI Infrastructure 지수(PR),주식,글로벌,테마,전력 인프라 & 변압기,글로벌 AI 전력 인프라,인공지능-인공지능-일반-4ef7c7155f,active,plain,neutral,1X,unhedged,active,unknown,PG-주식-글로벌-테마-인공지능-인공지능-일반-인공지능-인공지능-일반--7fa2ce759b,,verified_official,기초지수 명시; 운용사·공식 출처 URL 존재; 자산군·투자대상 추출(주식/글로벌 AI 전력 인프라),가능,
KR7491090007,491090,KODEX 미국테크TOP3플러스,KEDI 미국테크TOP3플러스 지수(Price Return),주식,미국,기타특수구조,미확인 주식전략,미국 미확인 주식전략,미확인-주식전략-미국-미확인-주식전략-bf6afc4d9f,passive,plain,neutral,1X,unhedged,physical_or_unspecified,ultra_concentrated,PG-PENDING-491090-0b31f3c212,,classified_derived,기초지수 명시; 운용사·공식 출처 URL 존재; 자산군·투자대상 추출(주식/미국 미확인 주식전략),가능,직접 비교에 필요한 주식 전략·투자대상 미확인; 세부 투자대상 또는 만기·구성비율 미확인
KR7491220000,491220,PLUS 200TR,코스피 200 TR,주식,국내,대표지수,코스피 200 코어,국내 코스피200,KOSPI200,passive,plain,neutral,1X,unhedged_or_not_applicable,physical_or_unspecified,broad,PG-주식-국내-대표지수-코스피200-국내-코스피200-KOSPI200-b519363da3,,verified_official,기초지수 명시; 운용사·공식 출처 URL 존재; 자산군·투자대상 추출(주식/국내 미확인 주식전략),가능,직접 비교에 필요한 주식 전략·투자대상 미확인; 세부 투자대상 또는 만기·구성비율 미확인
KR7491230009,491230,PLUS 국공채머니마켓액티브,KAP 국공채 MMF 지수(총수익),금리·파킹,미국,금리·파킹,금리·파킹,머니마켓,RATE_머니마켓-e1b1a267e3,active,rate_return,neutral,1X,not_applicable,active,unknown,PG-금리-파킹-해당없음-금리-파킹-금리-파킹-머니마켓-RATE-머니마-53401a7911,,verified_official,기초지수 명시; 운용사·공식 출처 URL 존재; 자산군·투자대상 추출(금리·파킹/머니마켓),가능,
KR7491510004,491510,파워 K-주주가치액티브,FnGuide K-주주가치 지수,주식,국내,스타일·팩터,스타일·팩터,국내 스타일·팩터,스타일-팩터-국내-스타일-팩터-bbac88fc35,active,plain,neutral,1X,unhedged_or_not_applicable,active,unknown,PG-주식-국내-스타일-팩터-스타일-팩터-국내-스타일-팩터-스타일-팩터-ac65317623,,auto_high_confidence,기초지수 명시; 자산군·투자대상 추출(주식/국내 스타일·팩터),,
KR7491610002,491610,1Q CD금리액티브(합성),KIS 하나 CD금리 총수익지수,금리·파킹,국내,금리·파킹,금리·파킹,CD금리,RATE_CD금리-141db05f34,active,rate_return,neutral,1X,not_applicable,synthetic,unknown,PG-금리-파킹-해당없음-금리-파킹-금리-파킹-CD금리-RATE-CD금-d7907e81c4,,auto_high_confidence,기초지수 명시; 자산군·투자대상 추출(금리·파킹/CD금리),,
KR7491620001,491620,RISE 미국테크100데일리고정커버드콜,KEDI 미국 테크100 90%참여+데일리옵션 프리미엄 지수(TR),주식,미국,기타특수구조,해외 월배당 & 커버드콜,미국 미확인 주식전략,미확인-주식전략-미국-미확인-주식전략-bf6afc4d9f,covered_call,covered_call,neutral,1X,unhedged,physical_or_unspecified,broad,PG-PENDING-491620-67785a0168,,classified_derived,기초지수 명시; 운용사·공식 출처 URL 존재; 상품명 구조표시(covered_call); 자산군·투자대상 추출(주식/미국 미확인 주식전략),가능,직접 비교에 필요한 주식 전략·투자대상 미확인; 세부 투자대상 또는 만기·구성비율 미확인
KR7491630000,491630,RISE 미국반도체인버스(합성 H),NYSE Semicondoctor Index(Price Return),주식,미국,산업·섹터,글로벌 AI 반도체,미국 반도체,반도체-미국-반도체-e09cd52751,inverse,inverse,short,1X,hedged,synthetic,unknown,PG-주식-미국-산업-섹터-반도체-미국-반도체-반도체-미국-반도체-E0-7958770358,,verified_official,기초지수 명시; 운용사·공식 출처 URL 존재; 상품명 구조표시(inverse); 자산군·투자대상 추출(주식/미국 반도체),불가,
KR7491700001,491700,HK 200,코스피 200,주식,국내,대표지수,코스피 200 코어,국내 코스피200,KOSPI200,passive,plain,neutral,1X,unhedged_or_not_applicable,physical_or_unspecified,broad,PG-주식-국내-대표지수-코스피200-국내-코스피200-KOSPI200-b519363da3,,verified_official,기초지수 명시; 자산군·투자대상 추출(주식/국내 미확인 주식전략),,직접 비교에 필요한 주식 전략·투자대상 미확인; 세부 투자대상 또는 만기·구성비율 미확인
KR7491820007,491820,HANARO 전력설비투자,iSelect 전력설비투자 지수,주식,국내,기타특수구조,전력 인프라 & 변압기,국내 미확인 주식전략,미확인-주식전략-국내-미확인-주식전략-46eed209b8,passive,plain,neutral,1X,unhedged_or_not_applicable,physical_or_unspecified,unknown,PG-PENDING-491820-672257f1cb,,classified_derived,기초지수 명시; 운용사·공식 출처 URL 존재; 자산군·투자대상 추출(주식/국내 미확인 주식전략),가능,직접 비교에 필요한 주식 전략·투자대상 미확인; 세부 투자대상 또는 만기·구성비율 미확인
KR7491830006,491830,TIGER 미국AI반도체팹리스,Mirae Asset US AI Fabless 지수(PR),주식,미국,테마,글로벌 AI 반도체,인공지능 일반,인공지능-인공지능-일반-4ef7c7155f,passive,plain,neutral,1X,unhedged,physical_or_unspecified,unknown,PG-주식-미국-테마-인공지능-인공지능-일반-인공지능-인공지능-일반-4-e5f6ce4522,,verified_official,기초지수 명시; 운용사·공식 출처 URL 존재; 자산군·투자대상 추출(주식/인공지능 일반),가능,
KR7492500004,492500,1Q 현대차그룹채권(A+이상)&국고통안,KIS 하나 현대차그룹채권(A+이상)&국고통안 총수익지수,혼합자산,국내,혼합자산,자산배분 & 채권혼합,단일종목 채권혼합,BOND_국내-채권-만기미확인-등급미확인-893e3e68b3,passive,mixed_asset,neutral,1X,unhedged_or_not_applicable,physical_or_unspecified,unknown,PG-PENDING-492500-52c80079fc,,classified_derived,기초지수 명시; 자산군·투자대상 추출(채권/국내 채권 만기미확인 등급미확인),,세부 투자대상 또는 만기·구성비율 미확인
KR7493420004,493420,SOL 미국배당다우존스2호,Dow Jones U.S. Dividend 100 Index(TR),주식,미국,배당·주주환원,미국 배당다우존스,미국 배당다우존스,DOW_JONES_DIVIDEND,passive,plain,neutral,1X,unhedged,physical_or_unspecified,broad,PG-주식-미국-배당-주주환원-배당다우존스-미국-배당다우존스-DOW-J-f14037f0fe,,verified_official,기초지수 명시; 운용사·공식 출처 URL 존재; 자산군·투자대상 추출(주식/미국 배당다우존스),가능,
KR7493810006,493810,TIGER 미국AI빅테크10타겟데일리커버드콜,KEDI 미국AI빅테크10+15%데일리프리미엄 지수(TR),주식,미국,기타특수구조,해외 월배당 & 커버드콜,미국 미확인 주식전략,미확인-주식전략-미국-미확인-주식전략-bf6afc4d9f,covered_call,covered_call,neutral,1X,unhedged,physical_or_unspecified,unknown,PG-PENDING-493810-340093a9df,,classified_derived,기초지수 명시; 운용사·공식 출처 URL 존재; 상품명 구조표시(covered_call); 자산군·투자대상 추출(주식/미국 미확인 주식전략),가능,직접 비교에 필요한 주식 전략·투자대상 미확인; 세부 투자대상 또는 만기·구성비율 미확인
KR7494180003,494180,TIME 글로벌소비트렌드액티브,Solactive 뉴에이지컨수머지수,주식,글로벌,기타특수구조,미확인 주식전략,글로벌 미확인 주식전략,미확인-주식전략-글로벌-미확인-주식전략-d0f070a455,active,plain,neutral,1X,unhedged,active,unknown,PG-PENDING-494180-a043a0a36b,,classified_derived,기초지수 명시; 자산군·투자대상 추출(주식/글로벌 미확인 주식전략),,직접 비교에 필요한 주식 전략·투자대상 미확인; 세부 투자대상 또는 만기·구성비율 미확인
KR7494210008,494210,SOL 미국500타겟데일리커버드콜액티브,KEDI 미국퀄리티500+월1%프리미엄 지수(NTR),주식,미국,스타일·팩터,해외 월배당 & 커버드콜,미국 스타일·팩터,스타일-팩터-미국-스타일-팩터-3fe8e2a344,covered_call,covered_call,neutral,1X,unhedged,active,broad,PG-주식-미국-스타일-팩터-스타일-팩터-미국-스타일-팩터-스타일-팩터-573caeec6f,,verified_official,기초지수 명시; 운용사·공식 출처 URL 존재; 상품명 구조표시(covered_call); 자산군·투자대상 추출(주식/미국 스타일·팩터),가능,
KR7494220007,494220,UNICORN SK하이닉스밸류체인액티브,FnGuide SK하이닉스밸류체인 지수,주식,국내,기업집단,기업집단,국내 기업집단,기업집단-국내-기업집단-d62cbfc10d,active,plain,neutral,1X,unhedged_or_not_applicable,active,unknown,PG-주식-국내-기업집단-기업집단-국내-기업집단-기업집단-국내-기업집단-e294ab8bd9,,auto_high_confidence,기초지수 명시; 자산군·투자대상 추출(주식/국내 기업집단),,
KR7494300007,494300,KODEX 미국나스닥100데일리커버드콜OTM,NASDAQ-100 Daily Covered Call 101 Index(TR),주식,미국,대표지수,해외 월배당 & 커버드콜,미국 나스닥100,NASDAQ100,covered_call,covered_call,neutral,1X,unhedged,physical_or_unspecified,broad,PG-주식-미국-대표지수-나스닥100-미국-나스닥100-NASDAQ10-df258b5b40,,verified_official,기초지수 명시; 운용사·공식 출처 URL 존재; 상품명 구조표시(covered_call); 자산군·투자대상 추출(주식/미국 나스닥100),가능,
KR7494310006,494310,KODEX 반도체레버리지,KRX 반도체,주식,국내,산업·섹터,전통 반도체 소부장,국내 반도체,반도체-국내-반도체-0ed1f11677,leveraged,leveraged,long,2X,unhedged_or_not_applicable,physical_or_unspecified,unknown,PG-주식-국내-산업-섹터-반도체-국내-반도체-반도체-국내-반도체-0E-88aa3ecc65,,verified_official,기초지수 명시; 운용사·공식 출처 URL 존재; 상품명 구조표시(leveraged); 자산군·투자대상 추출(주식/국내 반도체),불가,
KR7494330004,494330,ACE 라이프자산주주가치액티브,FnGuide 기업가치 지수(시장가격),주식,국내,스타일·팩터,스타일·팩터,국내 스타일·팩터,스타일-팩터-국내-스타일-팩터-bbac88fc35,active,plain,neutral,1X,unhedged_or_not_applicable,active,unknown,PG-주식-국내-스타일-팩터-스타일-팩터-국내-스타일-팩터-스타일-팩터-ac65317623,,verified_official,기초지수 명시; 운용사·공식 출처 URL 존재; 자산군·투자대상 추출(주식/국내 스타일·팩터),가능,
KR7494340003,494340,ACE 글로벌AI맞춤형반도체,Solactive AI Custom Semiconductor Index(PR),주식,미국,산업·섹터,글로벌 AI 반도체,AI 맞춤형 반도체,AI_SEMI,active,plain,neutral,1X,unhedged,active,unknown,PG-PENDING-494340-9b6e59f1ea,,conflict_resolved,기초지수 명시; 운용사·공식 출처 URL 존재; 자산군·투자대상 추출(채권/미국 국채 만기미확인 등급미확인),가능,세부 투자대상 또는 만기·구성비율 미확인; 기존 자산분류와 비교분류 추론값 충돌
KR7494410004,494410,PLUS 미국S&P500성장주,S&P 500 Growth Index(PR),주식,미국,대표지수,S&P 500 시장대표,미국 S&P500,S&P500,passive,plain,neutral,1X,unhedged,physical_or_unspecified,broad,PG-주식-미국-대표지수-S-P500-미국-S-P500-S-P500-P-c2eb6d3f91,,verified_official,기초지수 명시; 운용사·공식 출처 URL 존재; 자산군·투자대상 추출(주식/미국 S&P500),가능,
KR7494420003,494420,PLUS 미국배당증가성장주데일리커버드콜,Bloomberg U.S. Dividend Growth Partial Covered Call Index,주식,미국,배당·주주환원,해외 월배당 & 커버드콜,미국 고배당,고배당-미국-고배당-8e56e7fe68,covered_call,covered_call,neutral,1X,unhedged,physical_or_unspecified,unknown,PG-주식-미국-배당-주주환원-고배당-미국-고배당-고배당-미국-고배당--2302cea476,,verified_official,기초지수 명시; 운용사·공식 출처 URL 존재; 상품명 구조표시(covered_call); 자산군·투자대상 추출(주식/미국 고배당),가능,
KR7494670003,494670,TIGER 조선TOP10,iSelect 조선TOP10 Index(PR),주식,국내,산업·섹터,조선 & 해운,국내 조선,조선-국내-조선-03e20f0150,passive,plain,neutral,1X,unhedged_or_not_applicable,physical_or_unspecified,concentrated,PG-주식-국내-산업-섹터-조선-국내-조선-조선-국내-조선-03E20F-f1bc10ed93,,verified_official,기초지수 명시; 운용사·공식 출처 URL 존재; 자산군·투자대상 추출(주식/국내 조선),가능,
KR7494840002,494840,TIGER 미국방산TOP10,Mirae Asset US Defense Top 10 Index(PR),주식,미국,산업·섹터,글로벌 우주항공 & 방산,미국 방산,방산-미국-방산-e722fd3acf,passive,plain,neutral,1X,unhedged,physical_or_unspecified,concentrated,PG-주식-미국-산업-섹터-방산-미국-방산-방산-미국-방산-E722FD-b31baa9184,,verified_official,기초지수 명시; 운용사·공식 출처 URL 존재; 자산군·투자대상 추출(주식/미국 방산),가능,
KR7494890007,494890,KODEX 200액티브,코스피 200,주식,국내,기타특수구조,미확인 주식전략,국내 미확인 주식전략,미확인-주식전략-국내-미확인-주식전략-46eed209b8,active,plain,neutral,1X,unhedged_or_not_applicable,active,broad,PG-PENDING-494890-85972fc27d,,classified_derived,기초지수 명시; 운용사·공식 출처 URL 존재; 자산군·투자대상 추출(주식/국내 미확인 주식전략),가능,직접 비교에 필요한 주식 전략·투자대상 미확인; 세부 투자대상 또는 만기·구성비율 미확인
KR7495040008,495040,PLUS 코리아밸류업,코리아 밸류업 지수,주식,국내,기타특수구조,밸류업 & 금융지주·은행,국내 미확인 주식전략,미확인-주식전략-국내-미확인-주식전략-46eed209b8,passive,plain,neutral,1X,unhedged_or_not_applicable,physical_or_unspecified,unknown,PG-PENDING-495040-310754c585,,classified_derived,기초지수 명시; 운용사·공식 출처 URL 존재; 자산군·투자대상 추출(주식/국내 미확인 주식전략),가능,직접 비교에 필요한 주식 전략·투자대상 미확인; 세부 투자대상 또는 만기·구성비율 미확인
KR7495050007,495050,RISE 코리아밸류업,코리아 밸류업 지수,주식,국내,기타특수구조,밸류업 & 금융지주·은행,국내 미확인 주식전략,미확인-주식전략-국내-미확인-주식전략-46eed209b8,passive,plain,neutral,1X,unhedged_or_not_applicable,physical_or_unspecified,unknown,PG-PENDING-495050-3d6c38c466,,classified_derived,기초지수 명시; 운용사·공식 출처 URL 존재; 자산군·투자대상 추출(주식/국내 미확인 주식전략),가능,직접 비교에 필요한 주식 전략·투자대상 미확인; 세부 투자대상 또는 만기·구성비율 미확인
KR7495060006,495060,TIME 코리아밸류업액티브,코리아 밸류업 지수,주식,국내,기타특수구조,밸류업 & 금융지주·은행,국내 미확인 주식전략,미확인-주식전략-국내-미확인-주식전략-46eed209b8,active,plain,neutral,1X,unhedged_or_not_applicable,active,unknown,PG-PENDING-495060-b0fdef0b53,,classified_derived,기초지수 명시; 자산군·투자대상 추출(주식/국내 미확인 주식전략),,직접 비교에 필요한 주식 전략·투자대상 미확인; 세부 투자대상 또는 만기·구성비율 미확인
KR7495230005,495230,KoAct 코리아밸류업액티브,코리아 밸류업 지수,주식,국내,기타특수구조,밸류업 & 금융지주·은행,국내 미확인 주식전략,미확인-주식전략-국내-미확인-주식전략-46eed209b8,active,plain,neutral,1X,unhedged_or_not_applicable,active,unknown,PG-PENDING-495230-6cd0420a57,,classified_derived,기초지수 명시; 자산군·투자대상 추출(주식/국내 미확인 주식전략),,직접 비교에 필요한 주식 전략·투자대상 미확인; 세부 투자대상 또는 만기·구성비율 미확인
KR7495330003,495330,1Q 코리아밸류업,코리아 밸류업 지수,주식,국내,기타특수구조,밸류업 & 금융지주·은행,국내 미확인 주식전략,미확인-주식전략-국내-미확인-주식전략-46eed209b8,passive,plain,neutral,1X,unhedged_or_not_applicable,physical_or_unspecified,unknown,PG-PENDING-495330-a01c904e06,,classified_derived,기초지수 명시; 자산군·투자대상 추출(주식/국내 미확인 주식전략),,직접 비교에 필요한 주식 전략·투자대상 미확인; 세부 투자대상 또는 만기·구성비율 미확인
KR7495550006,495550,SOL 코리아밸류업TR,코리아 밸류업 TR 지수,주식,국내,기타특수구조,밸류업 & 금융지주·은행,국내 미확인 주식전략,미확인-주식전략-국내-미확인-주식전략-46eed209b8,passive,plain,neutral,1X,unhedged_or_not_applicable,physical_or_unspecified,unknown,PG-PENDING-495550-7d6aed850b,,classified_derived,기초지수 명시; 운용사·공식 출처 URL 존재; 자산군·투자대상 추출(주식/국내 미확인 주식전략),가능,직접 비교에 필요한 주식 전략·투자대상 미확인; 세부 투자대상 또는 만기·구성비율 미확인
KR7495750002,495750,HANARO 코리아밸류업,코리아 밸류업 지수,주식,국내,기타특수구조,밸류업 & 금융지주·은행,국내 미확인 주식전략,미확인-주식전략-국내-미확인-주식전략-46eed209b8,passive,plain,neutral,1X,unhedged_or_not_applicable,physical_or_unspecified,unknown,PG-PENDING-495750-d15a45bc3f,,classified_derived,기초지수 명시; 운용사·공식 출처 URL 존재; 자산군·투자대상 추출(주식/국내 미확인 주식전략),가능,직접 비교에 필요한 주식 전략·투자대상 미확인; 세부 투자대상 또는 만기·구성비율 미확인
KR7495850000,495850,KODEX 코리아밸류업,코리아 밸류업 지수,주식,국내,기타특수구조,밸류업 & 금융지주·은행,국내 미확인 주식전략,미확인-주식전략-국내-미확인-주식전략-46eed209b8,passive,plain,neutral,1X,unhedged_or_not_applicable,physical_or_unspecified,unknown,PG-PENDING-495850-3ded78657f,,classified_derived,기초지수 명시; 운용사·공식 출처 URL 존재; 자산군·투자대상 추출(주식/국내 미확인 주식전략),가능,직접 비교에 필요한 주식 전략·투자대상 미확인; 세부 투자대상 또는 만기·구성비율 미확인
KR7495940009,495940,RISE 미국AI테크액티브,Solactive US AI Tech Active Index PR,주식,미국,테마,생성형 AI & 소프트웨어,인공지능 일반,인공지능-인공지능-일반-4ef7c7155f,active,plain,neutral,1X,unhedged,active,unknown,PG-주식-미국-테마-인공지능-인공지능-일반-인공지능-인공지능-일반-4-e5f6ce4522,,verified_official,기초지수 명시; 운용사·공식 출처 URL 존재; 자산군·투자대상 추출(주식/인공지능 일반),가능,
KR7496020009,496020,WON 전단채플러스액티브,KIS 전단채플러스 TR 지수,채권,국내,채권,우량 회사채·금융채,국내 채권 만기미확인 등급미확인,BOND_국내-채권-만기미확인-등급미확인-893e3e68b3,active,bond_coupon,neutral,1X,unhedged_or_not_applicable,active,unknown,PG-PENDING-496020-8b35c733b9,,classified_derived,기초지수 명시; 자산군·투자대상 추출(채권/국내 채권 만기미확인 등급미확인),,세부 투자대상 또는 만기·구성비율 미확인
KR7496080003,496080,TIGER 코리아밸류업,코리아 밸류업 지수,주식,국내,기타특수구조,밸류업 & 금융지주·은행,국내 미확인 주식전략,미확인-주식전략-국내-미확인-주식전략-46eed209b8,passive,plain,neutral,1X,unhedged_or_not_applicable,physical_or_unspecified,unknown,PG-PENDING-496080-90285a2cd1,,classified_derived,기초지수 명시; 운용사·공식 출처 URL 존재; 자산군·투자대상 추출(주식/국내 미확인 주식전략),가능,직접 비교에 필요한 주식 전략·투자대상 미확인; 세부 투자대상 또는 만기·구성비율 미확인
KR7496090002,496090,KIWOOM 코리아밸류업,코리아 밸류업 지수,주식,국내,기타특수구조,밸류업 & 금융지주·은행,국내 미확인 주식전략,미확인-주식전략-국내-미확인-주식전략-46eed209b8,passive,plain,neutral,1X,unhedged_or_not_applicable,physical_or_unspecified,unknown,PG-PENDING-496090-aa0090605a,,classified_derived,기초지수 명시; 운용사·공식 출처 URL 존재; 자산군·투자대상 추출(주식/국내 미확인 주식전략),가능,직접 비교에 필요한 주식 전략·투자대상 미확인; 세부 투자대상 또는 만기·구성비율 미확인
KR7496120007,496120,ACE 코리아밸류업,코리아 밸류업 지수,주식,국내,기타특수구조,밸류업 & 금융지주·은행,국내 미확인 주식전략,미확인-주식전략-국내-미확인-주식전략-46eed209b8,passive,plain,neutral,1X,unhedged_or_not_applicable,physical_or_unspecified,unknown,PG-PENDING-496120-0440295570,,classified_derived,기초지수 명시; 운용사·공식 출처 URL 존재; 자산군·투자대상 추출(주식/국내 미확인 주식전략),가능,직접 비교에 필요한 주식 전략·투자대상 미확인; 세부 투자대상 또는 만기·구성비율 미확인
KR7496130006,496130,TRUSTON 코리아밸류업액티브,코리아 밸류업 지수,주식,국내,스타일·팩터,밸류업 & 금융지주·은행,코리아 밸류업 액티브,VALUE_UP,active,bond_coupon,neutral,1X,unhedged_or_not_applicable,active,unknown,PG-PENDING-496130-e472ce5740,,conflict_resolved,기초지수 명시; 자산군·투자대상 추출(채권/국내 국채 만기미확인 등급미확인),,세부 투자대상 또는 만기·구성비율 미확인; 기존 자산분류와 비교분류 추론값 충돌
KR7496770009,496770,PLUS 글로벌방산,Solactive Global Defense Index(PR),주식,미국,산업·섹터,글로벌 우주항공 & 방산,미국 방산,방산-미국-방산-e722fd3acf,active,plain,neutral,1X,unhedged,active,unknown,PG-주식-미국-산업-섹터-방산-미국-방산-방산-미국-방산-E722FD-b31baa9184,,verified_official,기초지수 명시; 운용사·공식 출처 URL 존재; 자산군·투자대상 추출(주식/미국 방산),가능,
KR7497510008,497510,ACE 글로벌빅파마,Solactive Global Big Pharma Index (Price Return),주식,글로벌,산업·섹터,글로벌 헬스케어 & 메디컬,글로벌 바이오·제약·헬스케어,바이오-제약-헬스케어-글로벌-바이오-제약-헬스케어-423815bf96,active,plain,neutral,1X,unhedged,active,unknown,PG-주식-글로벌-산업-섹터-바이오-제약-헬스케어-글로벌-바이오-제약--893026edb7,,verified_official,기초지수 명시; 운용사·공식 출처 URL 존재; 자산군·투자대상 추출(주식/글로벌 바이오·제약·헬스케어),가능,
KR7497520007,497520,ACE 일라이릴리밸류체인,Solactive Eli Lilly Value Chain Index(PR),주식,미국,스타일·팩터,비만치료제 & GLP-1,미국 스타일·팩터,스타일-팩터-미국-스타일-팩터-3fe8e2a344,active,plain,neutral,1X,unhedged,active,unknown,PG-주식-미국-스타일-팩터-스타일-팩터-미국-스타일-팩터-스타일-팩터-e369ea558f,,verified_official,기초지수 명시; 운용사·공식 출처 URL 존재; 자산군·투자대상 추출(주식/미국 스타일·팩터),가능,
KR7497570002,497570,TIGER 미국필라델피아AI반도체나스닥,PHLX US AI Semiconductor 지수 (PR),주식,미국,테마,글로벌 AI 반도체,인공지능 일반,인공지능-인공지능-일반-4ef7c7155f,passive,plain,neutral,1X,unhedged,physical_or_unspecified,unknown,PG-주식-미국-테마-인공지능-인공지능-일반-인공지능-인공지능-일반-4-e5f6ce4522,,verified_official,기초지수 명시; 운용사·공식 출처 URL 존재; 자산군·투자대상 추출(주식/인공지능 일반),가능,
KR7497780007,497780,KoAct 미국천연가스인프라액티브,Solactive 미국천연가스인프라 PR 지수,원자재,미국,원자재,에너지 (원유·천연가스),천연가스 futures,COMMODITY_천연가스-FUTURES-4d3c917bd2,active,futures,neutral,1X,unhedged,active,unknown,PG-원자재-해당없음-원자재-천연가스-천연가스-FUTURES-COMMO-1ebe888699,,auto_high_confidence,기초지수 명시; 자산군·투자대상 추출(원자재/천연가스 futures),,
KR7497880005,497880,SOL CD금리&머니마켓액티브,KAP CD&단기자금시장지수(PR),금리·파킹,국내,금리·파킹,금리·파킹,CD금리,RATE_CD금리-141db05f34,active,rate_return,neutral,1X,not_applicable,active,unknown,PG-금리-파킹-해당없음-금리-파킹-금리-파킹-CD금리-RATE-CD금-d7907e81c4,,verified_official,기초지수 명시; 운용사·공식 출처 URL 존재; 자산군·투자대상 추출(금리·파킹/CD금리),가능,
KR7498050004,498050,HANARO 바이오코리아액티브,iSelect K-바이오헬스케어,주식,국내,산업·섹터,비만·신약 & 바이오시밀러,국내 바이오·제약·헬스케어,바이오-제약-헬스케어-국내-바이오-제약-헬스케어-d888086019,active,plain,neutral,1X,unhedged_or_not_applicable,active,unknown,PG-주식-국내-산업-섹터-바이오-제약-헬스케어-국내-바이오-제약-헬스-eaf9ac0bdb,,verified_official,기초지수 명시; 운용사·공식 출처 URL 존재; 자산군·투자대상 추출(주식/국내 바이오·제약·헬스케어),가능,
KR7498180009,498180,파워 종합채권(AA-이상)액티브,"KIS 한국종합채권지수(AA-이상, 총수익)",채권,국내,채권,우량 회사채·금융채,국내 채권 만기미확인 AA,BOND_국내-채권-만기미확인-AA-273392b07e,active,bond_coupon,neutral,1X,unhedged_or_not_applicable,active,unknown,PG-PENDING-498180-de231e71c7,,classified_derived,기초지수 명시; 자산군·투자대상 추출(채권/국내 채권 만기미확인 AA),,세부 투자대상 또는 만기·구성비율 미확인
KR7498270008,498270,KIWOOM 미국양자컴퓨팅,Solactive U.S. Quantum Computing Index(PR),주식,미국,테마,사이버보안 & 양자컴퓨팅,미국 양자컴퓨팅,양자컴퓨팅-미국-양자컴퓨팅-16444cc34b,active,plain,neutral,1X,unhedged,active,unknown,PG-주식-미국-테마-양자컴퓨팅-미국-양자컴퓨팅-양자컴퓨팅-미국-양자컴-ae6e988fe3,,verified_official,기초지수 명시; 운용사·공식 출처 URL 존재; 자산군·투자대상 추출(주식/미국 양자컴퓨팅),가능,
KR7498400001,498400,KODEX 200타겟위클리커버드콜,코스피 200 타겟 15% 위클리 커버드콜 지수,주식,국내,기타특수구조,국내 월배당 & 커버드콜,국내 미확인 주식전략,미확인-주식전략-국내-미확인-주식전략-46eed209b8,covered_call,covered_call,neutral,1X,unhedged_or_not_applicable,physical_or_unspecified,broad,PG-PENDING-498400-0cde3145e3,,classified_derived,기초지수 명시; 운용사·공식 출처 URL 존재; 상품명 구조표시(covered_call); 자산군·투자대상 추출(주식/국내 미확인 주식전략),가능,직접 비교에 필요한 주식 전략·투자대상 미확인; 세부 투자대상 또는 만기·구성비율 미확인
KR7498410000,498410,KODEX 금융고배당TOP10타겟위클리커버드콜,코스피 200 금융 고배당 TOP 10 타겟 15%분배 위클리 커버드콜 지수,주식,국내,산업·섹터,국내 월배당 & 커버드콜,국내 금융·은행·증권·보험,금융-은행-증권-보험-국내-금융-은행-증권-보험-85a36c5547,covered_call,covered_call,neutral,1X,unhedged_or_not_applicable,physical_or_unspecified,concentrated,PG-주식-국내-산업-섹터-금융-은행-증권-보험-국내-금융-은행-증권--5a8334e961,,verified_official,기초지수 명시; 운용사·공식 출처 URL 존재; 상품명 구조표시(covered_call); 자산군·투자대상 추출(주식/국내 금융·은행·증권·보험),가능,
KR7498610005,498610,RISE 인도디지털성장,MarketVector Digital India Index(INR)(Price Return),주식,인도,스타일·팩터,인도 시장 & 밸류체인,인도 스타일·팩터,스타일-팩터-인도-스타일-팩터-5dd5359a81,passive,plain,neutral,1X,unhedged,physical_or_unspecified,unknown,PG-주식-인도-스타일-팩터-스타일-팩터-인도-스타일-팩터-스타일-팩터-be4f248d95,,verified_official,기초지수 명시; 운용사·공식 출처 URL 존재; 자산군·투자대상 추출(주식/인도 스타일·팩터),가능,
KR7498860006,498860,RISE 코리아금융고배당,iSelect 코리아 금융 고배당 지수,주식,국내,산업·섹터,밸류업 & 금융지주·은행,국내 금융·은행·증권·보험,금융-은행-증권-보험-국내-금융-은행-증권-보험-85a36c5547,passive,plain,neutral,1X,unhedged_or_not_applicable,physical_or_unspecified,unknown,PG-주식-국내-산업-섹터-금융-은행-증권-보험-국내-금융-은행-증권--955a0a4988,,verified_official,기초지수 명시; 운용사·공식 출처 URL 존재; 자산군·투자대상 추출(주식/국내 금융·은행·증권·보험),가능,
KR7499150001,499150,SOL 미국S&P500엔화노출(H),S&P500 Yen Hedged Index(PR),주식,미국,대표지수,일본 테크 & 상사,미국 S&P500,S&P500,passive,plain,neutral,1X,hedged,physical_or_unspecified,broad,PG-주식-미국-대표지수-S-P500-미국-S-P500-S-P500-P-c2eb6d3f91,,verified_official,기초지수 명시; 운용사·공식 출처 URL 존재; 자산군·투자대상 추출(주식/미국 S&P500),가능,
KR7499660009,499660,TIGER CD금리플러스액티브(합성),KIS CD+CPI연동금리 월분배 지수,금리·파킹,국내,금리·파킹,금리·파킹,CD금리,RATE_CD금리-141db05f34,active,rate_return,neutral,1X,not_applicable,synthetic,unknown,PG-금리-파킹-해당없음-금리-파킹-금리-파킹-CD금리-RATE-CD금-d7907e81c4,,verified_official,기초지수 명시; 운용사·공식 출처 URL 존재; 자산군·투자대상 추출(금리·파킹/CD금리),가능,
KR70229F0002,0229F0,마이티 신약포커스바이오액티브,FnGuide 신약포커스바이오 지수,주식,국내,산업·섹터,비만·신약 & 바이오시밀러,국내 바이오·제약·헬스케어,바이오-제약-헬스케어-국내-바이오-제약-헬스케어-d888086019,active,plain,neutral,1X,unhedged_or_not_applicable,active,concentrated,PG-주식-국내-산업-섹터-바이오-제약-헬스케어-국내-바이오-제약-헬스-eaf9ac0bdb,,verified_official,기초지수 명시; 운용사·공식 출처 URL 존재; 자산군·투자대상 추출(주식/국내 바이오·제약·헬스케어),가능,
KR70232A0002,0232A0,MIDAS 머니마켓액티브,KIS-Midas 머니마켓 지수(총수익),금리·파킹,해당없음,금리·파킹,금리·파킹,머니마켓,RATE_머니마켓-e1b1a267e3,active,rate_return,neutral,1X,not_applicable,active,unknown,PG-금리-파킹-해당없음-금리-파킹-금리-파킹-머니마켓-RATE-머니마-53401a7911,,verified_official,기초지수 명시; 운용사·공식 출처 URL 존재; 자산군·투자대상 추출(금리·파킹/머니마켓),가능,
KR70233N0006,0233N0,RISE 글로벌AI낸드메모리반도체,iSelect 글로벌AI낸드메모리반도체지수,주식,글로벌,산업·섹터,AI 반도체 & HBM,글로벌 반도체,반도체-글로벌-반도체-84ce634468,passive,plain,neutral,1X,unhedged,physical_or_unspecified,concentrated,PG-주식-글로벌-산업-섹터-반도체-글로벌-반도체-반도체-글로벌-반도체-69a7b2bb67,,verified_official,기초지수 명시; 운용사·공식 출처 URL 존재; 자산군·투자대상 추출(주식/글로벌 반도체),가능,
KR70234N0005,0234N0,KIWOOM 삼성SK그룹TOP4+,Akros 삼성SK그룹 TOP4+ 지수,주식,국내,기업집단,기업집단,국내 기업집단,기업집단-국내-기업집단-d62cbfc10d,passive,plain,neutral,1X,unhedged_or_not_applicable,physical_or_unspecified,concentrated,PG-주식-국내-기업집단-기업집단-국내-기업집단-기업집단-국내-기업집단-e294ab8bd9,,verified_official,기초지수 명시; 운용사·공식 출처 URL 존재; 자산군·투자대상 추출(주식/국내 기업집단),가능,
KR70238P0009,0238P0,TIGER 미국S&P500미국채혼합50,S&P 500 and Short-Term Treasury 50/50 Blend Index,혼합자산,미국,혼합자산,자산배분 & 채권혼합,시장대표 채권혼합,혼합자산-구성비율-미확인-9c1ef5c7e4,passive,mixed_asset,neutral,1X,unhedged,physical_or_unspecified,concentrated,PG-PENDING-0238P0-3d37376c1e,,classified_derived,기초지수 명시; 운용사·공식 출처 URL 존재; 자산군·투자대상 추출(혼합자산/시장대표 채권혼합),가능,세부 투자대상 또는 만기·구성비율 미확인
,0227L0,HANARO 미국에이전틱AI TOP2+,Indxx US Agentic AI TOP2+ Index(PR),주식,미국,산업·섹터,산업·섹터,미국 일반,주식_미국_기본,passive,plain,neutral,1X,unhedged_or_not_applicable,physical_or_unspecified,concentrated,PG-주식-미국-산업-섹터-반도체-미국-반도체-반도체-미국-반도체-E0-e607778dbd,,verified_official,기초지수 명시; 운용사·공식 출처 URL 존재; 자산군·투자대상 추출(주식/미국 일반),가능,
,0238F0,KODEX 미국AI메모리TOP2플러스,Akros 미국 AI 메모리 TOP2 플러스 지수(Price Return),주식,미국,산업·섹터,AI 반도체 & HBM,미국 반도체,반도체-글로벌-반도체-84ce634468,passive,plain,neutral,1X,unhedged_or_not_applicable,physical_or_unspecified,concentrated,PG-주식-미국-산업-섹터-반도체-미국-반도체-반도체-미국-반도체-E0-e607778dbd,,verified_official,기초지수 명시; 운용사·공식 출처 URL 존재; 자산군·투자대상 추출(주식/미국 반도체),가능,
,0239Y0,PLUS 코리아HBM반도체,Akros 한국 HBM 반도체 지수,주식,국내,산업·섹터,AI 반도체 & HBM,국내 반도체,반도체-국내-반도체-0ed1f11677,passive,plain,neutral,1X,unhedged_or_not_applicable,physical_or_unspecified,concentrated,PG-주식-국내-산업-섹터-반도체-국내-반도체-반도체-국내-반도체-0E-f4bdfa635d,,verified_official,기초지수 명시; 운용사·공식 출처 URL 존재; 자산군·투자대상 추출(주식/국내 반도체),가능,
,0239Z0,PLUS AI반도체소부장액티브,Akros 한국 AI 반도체 소부장 지수,주식,국내,산업·섹터,AI 반도체 & HBM,국내 반도체,반도체-국내-반도체-0ed1f11677,active,plain,neutral,1X,unhedged_or_not_applicable,active,concentrated,PG-주식-국내-산업-섹터-반도체-국내-반도체-반도체-국내-반도체-0E-f4bdfa635d,,verified_official,기초지수 명시; 운용사·공식 출처 URL 존재; 자산군·투자대상 추출(주식/국내 반도체),가능,
