primary_peer_group_id,peer_group_name,member_count,asset_family,region_primary,comparison_category,comparison_topic,comparison_subtopic,index_family,strategy_structure,automatic_comparison_eligible,group_status_summary,classification_rationale
PG-주식-미국-대표지수-S-P500-미국-S-P500-S-P500-P-c2eb6d3f91,미국 S&P500 · plain,42,주식,미국,대표지수,S&P500,미국 S&P500,S&P500,plain|neutral|1X,Y,auto_high_confidence:9; verified_official:33,"주식·미국 노출, 대표지수 / 미국 S&P500 투자대상, plain|neutral|1X 수익·손실 구조를 공통 기준으로 사용"
PG-주식-국내-배당-주주환원-고배당-국내-고배당-고배당-국내-고배당--dd861c8cd4,국내 고배당 · plain,21,주식,국내,배당·주주환원,고배당,국내 고배당,고배당-국내-고배당-2325fcd2e0,plain|neutral|1X,Y,auto_high_confidence:3; verified_official:18,"주식·국내 노출, 배당·주주환원 / 국내 고배당 투자대상, plain|neutral|1X 수익·손실 구조를 공통 기준으로 사용"
PG-주식-국내-산업-섹터-반도체-국내-반도체-반도체-국내-반도체-0E-f4bdfa635d,국내 반도체 · plain,20,주식,국내,산업·섹터,반도체,국내 반도체,반도체-국내-반도체-0ed1f11677,plain|neutral|1X,Y,auto_high_confidence:4; verified_official:16,"주식·국내 노출, 산업·섹터 / 국내 반도체 투자대상, plain|neutral|1X 수익·손실 구조를 공통 기준으로 사용"
PG-주식-국내-스타일-팩터-스타일-팩터-국내-스타일-팩터-스타일-팩터-ac65317623,국내 스타일·팩터 · plain,19,주식,국내,스타일·팩터,스타일·팩터,국내 스타일·팩터,스타일-팩터-국내-스타일-팩터-bbac88fc35,plain|neutral|1X,Y,auto_high_confidence:3; verified_official:16,"주식·국내 노출, 스타일·팩터 / 국내 스타일·팩터 투자대상, plain|neutral|1X 수익·손실 구조를 공통 기준으로 사용"
PG-금리-파킹-해당없음-금리-파킹-금리-파킹-머니마켓-RATE-머니마-53401a7911,머니마켓 · rate_return,15,금리·파킹,해당없음,금리·파킹,금리·파킹,머니마켓,RATE_머니마켓-e1b1a267e3,rate_return|neutral|1X,Y,auto_high_confidence:4; verified_official:11,"금리·파킹·해당없음 노출, 금리·파킹 / 머니마켓 투자대상, rate_return|neutral|1X 수익·손실 구조를 공통 기준으로 사용"
PG-리츠-인프라-미국-리츠-인프라-리츠-인프라-미국-리츠-인프라-리츠-05792b6e27,미국 리츠·인프라 · plain,15,리츠·인프라,미국,리츠·인프라,리츠·인프라,미국 리츠·인프라,리츠-인프라-미국-리츠-인프라-a4a89237cc,plain|neutral|1X,Y,verified_official:15,"리츠·인프라·미국 노출, 리츠·인프라 / 미국 리츠·인프라 투자대상, plain|neutral|1X 수익·손실 구조를 공통 기준으로 사용"
PG-주식-국내-기업집단-기업집단-국내-기업집단-기업집단-국내-기업집단-e294ab8bd9,국내 기업집단 · plain,15,주식,국내,기업집단,기업집단,국내 기업집단,기업집단-국내-기업집단-d62cbfc10d,plain|neutral|1X,Y,auto_high_confidence:3; verified_official:12,"주식·국내 노출, 기업집단 / 국내 기업집단 투자대상, plain|neutral|1X 수익·손실 구조를 공통 기준으로 사용"
PG-주식-국내-산업-섹터-바이오-제약-헬스케어-국내-바이오-제약-헬스-eaf9ac0bdb,국내 바이오·제약·헬스케어 · plain,15,주식,국내,산업·섹터,바이오·제약·헬스케어,국내 바이오·제약·헬스케어,바이오-제약-헬스케어-국내-바이오-제약-헬스케어-d888086019,plain|neutral|1X,Y,auto_high_confidence:4; verified_official:11,"주식·국내 노출, 산업·섹터 / 국내 바이오·제약·헬스케어 투자대상, plain|neutral|1X 수익·손실 구조를 공통 기준으로 사용"
PG-주식-미국-테마-인공지능-인공지능-일반-인공지능-인공지능-일반-4-e5f6ce4522,인공지능 일반 · plain,15,주식,미국,테마,인공지능,인공지능 일반,인공지능-인공지능-일반-4ef7c7155f,plain|neutral|1X,Y,verified_official:15,"주식·미국 노출, 테마 / 인공지능 일반 투자대상, plain|neutral|1X 수익·손실 구조를 공통 기준으로 사용"
PG-주식-국내-산업-섹터-2차전지-배터리-소재-국내-2차전지-배터리--0cc60d36d9,국내 2차전지·배터리 소재 · plain,13,주식,국내,산업·섹터,2차전지·배터리 소재,국내 2차전지·배터리 소재,2차전지-배터리-소재-국내-2차전지-배터리-소재-1367e96ce1,plain|neutral|1X,Y,auto_high_confidence:1; verified_official:12,"주식·국내 노출, 산업·섹터 / 국내 2차전지·배터리 소재 투자대상, plain|neutral|1X 수익·손실 구조를 공통 기준으로 사용"
PG-주식-미국-대표지수-나스닥100-미국-나스닥100-NASDAQ10-07ea923e6f,미국 나스닥100 · plain,13,주식,미국,대표지수,나스닥100,미국 나스닥100,NASDAQ100,plain|neutral|1X,Y,auto_high_confidence:2; verified_official:11,"주식·미국 노출, 대표지수 / 미국 나스닥100 투자대상, plain|neutral|1X 수익·손실 구조를 공통 기준으로 사용"
PG-리츠-인프라-국내-리츠-인프라-리츠-인프라-국내-리츠-인프라-리츠-e3739b3155,국내 리츠·인프라 · plain,12,리츠·인프라,국내,리츠·인프라,리츠·인프라,국내 리츠·인프라,리츠-인프라-국내-리츠-인프라-2ebdba6e66,plain|neutral|1X,Y,auto_high_confidence:1; verified_official:11,"리츠·인프라·국내 노출, 리츠·인프라 / 국내 리츠·인프라 투자대상, plain|neutral|1X 수익·손실 구조를 공통 기준으로 사용"
PG-주식-국내-산업-섹터-금융-은행-증권-보험-국내-금융-은행-증권--955a0a4988,국내 금융·은행·증권·보험 · plain,11,주식,국내,산업·섹터,금융·은행·증권·보험,국내 금융·은행·증권·보험,금융-은행-증권-보험-국내-금융-은행-증권-보험-85a36c5547,plain|neutral|1X,Y,auto_high_confidence:2; verified_official:9,"주식·국내 노출, 산업·섹터 / 국내 금융·은행·증권·보험 투자대상, plain|neutral|1X 수익·손실 구조를 공통 기준으로 사용"
PG-주식-미국-배당-주주환원-배당다우존스-미국-배당다우존스-DOW-J-f14037f0fe,미국 배당다우존스 · plain,11,주식,미국,배당·주주환원,배당다우존스,미국 배당다우존스,DOW_JONES_DIVIDEND,plain|neutral|1X,Y,auto_high_confidence:1; verified_official:10,"주식·미국 노출, 배당·주주환원 / 미국 배당다우존스 투자대상, plain|neutral|1X 수익·손실 구조를 공통 기준으로 사용"
PG-금리-파킹-해당없음-금리-파킹-금리-파킹-초단기-금리-RATE-초-58f4b66988,초단기 금리 · rate_return,10,금리·파킹,해당없음,금리·파킹,금리·파킹,초단기 금리,RATE_초단기-금리-70f35d000d,rate_return|neutral|1X,Y,verified_official:10,"금리·파킹·해당없음 노출, 금리·파킹 / 초단기 금리 투자대상, rate_return|neutral|1X 수익·손실 구조를 공통 기준으로 사용"
PG-주식-미국-산업-섹터-반도체-미국-반도체-반도체-미국-반도체-E0-e607778dbd,미국 반도체 · plain,9,주식,미국,산업·섹터,반도체,미국 반도체,반도체-미국-반도체-e09cd52751,plain|neutral|1X,Y,auto_high_confidence:1; verified_official:8,"주식·미국 노출, 산업·섹터 / 미국 반도체 투자대상, plain|neutral|1X 수익·손실 구조를 공통 기준으로 사용"
PG-주식-국내-산업-섹터-미디어-게임-엔터테인먼트-국내-미디어-게임--48c79cc9a6,국내 미디어·게임·엔터테인먼트 · plain,8,주식,국내,산업·섹터,미디어·게임·엔터테인먼트,국내 미디어·게임·엔터테인먼트,미디어-게임-엔터테인먼트-국내-미디어-게임-엔터테인먼트-0ac91da332,plain|neutral|1X,Y,verified_official:8,"주식·국내 노출, 산업·섹터 / 국내 미디어·게임·엔터테인먼트 투자대상, plain|neutral|1X 수익·손실 구조를 공통 기준으로 사용"
PG-주식-글로벌-테마-인공지능-인공지능-일반-인공지능-인공지능-일반--7fa2ce759b,인공지능 일반 · plain,8,주식,글로벌,테마,인공지능,인공지능 일반,인공지능-인공지능-일반-4ef7c7155f,plain|neutral|1X,Y,auto_high_confidence:2; verified_official:6,"주식·글로벌 노출, 테마 / 인공지능 일반 투자대상, plain|neutral|1X 수익·손실 구조를 공통 기준으로 사용"
PG-주식-미국-스타일-팩터-스타일-팩터-미국-스타일-팩터-스타일-팩터-e369ea558f,미국 스타일·팩터 · plain,8,주식,미국,스타일·팩터,스타일·팩터,미국 스타일·팩터,스타일-팩터-미국-스타일-팩터-3fe8e2a344,plain|neutral|1X,Y,auto_high_confidence:1; verified_official:7,"주식·미국 노출, 스타일·팩터 / 미국 스타일·팩터 투자대상, plain|neutral|1X 수익·손실 구조를 공통 기준으로 사용"
PG-금리-파킹-해당없음-금리-파킹-금리-파킹-CD금리-RATE-CD금-d7907e81c4,CD금리 · rate_return,7,금리·파킹,해당없음,금리·파킹,금리·파킹,CD금리,RATE_CD금리-141db05f34,rate_return|neutral|1X,Y,auto_high_confidence:1; verified_official:6,"금리·파킹·해당없음 노출, 금리·파킹 / CD금리 투자대상, rate_return|neutral|1X 수익·손실 구조를 공통 기준으로 사용"
PG-주식-국내-기업집단-기업집단-국내-기업집단-기업집단-국내-기업집단-7d6aab7524,국내 기업집단 · leveraged,7,주식,국내,기업집단,기업집단,국내 기업집단,기업집단-국내-기업집단-d62cbfc10d,leveraged|long|2X,Y,auto_high_confidence:1; verified_official:6,"주식·국내 노출, 기업집단 / 국내 기업집단 투자대상, leveraged|long|2X 수익·손실 구조를 공통 기준으로 사용"
PG-주식-미국-단일-소수종목-단일종목-미국-단일종목-단일종목-미국-단-e74c3f9bef,미국 단일종목 · plain,7,주식,미국,단일·소수종목,단일종목,미국 단일종목,단일종목-미국-단일종목-8a16a0bfdf,plain|neutral|1X,Y,auto_high_confidence:2; verified_official:5,"주식·미국 노출, 단일·소수종목 / 미국 단일종목 투자대상, plain|neutral|1X 수익·손실 구조를 공통 기준으로 사용"
PG-주식-국내-산업-섹터-조선-국내-조선-조선-국내-조선-03E20F-f1bc10ed93,국내 조선 · plain,6,주식,국내,산업·섹터,조선,국내 조선,조선-국내-조선-03e20f0150,plain|neutral|1X,Y,verified_official:6,"주식·국내 노출, 산업·섹터 / 국내 조선 투자대상, plain|neutral|1X 수익·손실 구조를 공통 기준으로 사용"
PG-주식-미국-대표지수-S-P500-미국-S-P500-S-P500-C-4d555d2df6,미국 S&P500 · covered_call,6,주식,미국,대표지수,S&P500,미국 S&P500,S&P500,covered_call|neutral|1X,Y,verified_official:6,"주식·미국 노출, 대표지수 / 미국 S&P500 투자대상, covered_call|neutral|1X 수익·손실 구조를 공통 기준으로 사용"
PG-금리-파킹-해당없음-금리-파킹-금리-파킹-KOFR-RATE-KOF-ad0fa05348,KOFR · rate_return,5,금리·파킹,해당없음,금리·파킹,금리·파킹,KOFR,RATE_KOFR-7c69b1923a,rate_return|neutral|1X,Y,verified_official:5,"금리·파킹·해당없음 노출, 금리·파킹 / KOFR 투자대상, rate_return|neutral|1X 수익·손실 구조를 공통 기준으로 사용"
PG-주식-국내-산업-섹터-방산-국내-방산-방산-국내-방산-3C5B4A-491ece2be9,국내 방산 · plain,5,주식,국내,산업·섹터,방산,국내 방산,방산-국내-방산-3c5b4a7923,plain|neutral|1X,Y,verified_official:5,"주식·국내 노출, 산업·섹터 / 국내 방산 투자대상, plain|neutral|1X 수익·손실 구조를 공통 기준으로 사용"
PG-주식-국내-산업-섹터-에너지-신재생에너지-국내-에너지-신재생에너지-b30abd3b1f,국내 에너지·신재생에너지 · plain,5,주식,국내,산업·섹터,에너지·신재생에너지,국내 에너지·신재생에너지,에너지-신재생에너지-국내-에너지-신재생에너지-b906c58a56,plain|neutral|1X,Y,auto_high_confidence:1; verified_official:4,"주식·국내 노출, 산업·섹터 / 국내 에너지·신재생에너지 투자대상, plain|neutral|1X 수익·손실 구조를 공통 기준으로 사용"
PG-주식-국내-산업-섹터-원자력-국내-원자력-원자력-국내-원자력-B7-60c6768519,국내 원자력 · plain,5,주식,국내,산업·섹터,원자력,국내 원자력,원자력-국내-원자력-b7d9bb5222,plain|neutral|1X,Y,verified_official:5,"주식·국내 노출, 산업·섹터 / 국내 원자력 투자대상, plain|neutral|1X 수익·손실 구조를 공통 기준으로 사용"
PG-주식-미국-배당-주주환원-고배당-미국-고배당-고배당-미국-고배당--25a2d26271,미국 고배당 · plain,5,주식,미국,배당·주주환원,고배당,미국 고배당,고배당-미국-고배당-8e56e7fe68,plain|neutral|1X,Y,auto_high_confidence:1; verified_official:4,"주식·미국 노출, 배당·주주환원 / 미국 고배당 투자대상, plain|neutral|1X 수익·손실 구조를 공통 기준으로 사용"
PG-주식-미국-테마-우주항공-미국-우주항공-우주항공-미국-우주항공-3-9104cedb0d,미국 우주항공 · plain,5,주식,미국,테마,우주항공,미국 우주항공,우주항공-미국-우주항공-3a989c5ac3,plain|neutral|1X,Y,auto_high_confidence:1; verified_official:4,"주식·미국 노출, 테마 / 미국 우주항공 투자대상, plain|neutral|1X 수익·손실 구조를 공통 기준으로 사용"
PG-주식-국내-규모-시가총액-국내-시가총액-시가총액-국내-시가총액-3-5397a04ffb,국내 시가총액 · plain,4,주식,국내,규모,시가총액,국내 시가총액,시가총액-국내-시가총액-38d7e2985f,plain|neutral|1X,Y,auto_high_confidence:1; verified_official:3,"주식·국내 노출, 규모 / 국내 시가총액 투자대상, plain|neutral|1X 수익·손실 구조를 공통 기준으로 사용"
PG-주식-국내-단일-소수종목-단일종목-국내-단일종목-단일종목-국내-단-962bdbee44,국내 단일종목 · plain,4,주식,국내,단일·소수종목,단일종목,국내 단일종목,단일종목-국내-단일종목-d786075d21,plain|neutral|1X,Y,verified_official:4,"주식·국내 노출, 단일·소수종목 / 국내 단일종목 투자대상, plain|neutral|1X 수익·손실 구조를 공통 기준으로 사용"
PG-주식-국내-배당-주주환원-고배당-국내-고배당-고배당-국내-고배당--572ba3d36c,국내 고배당 · covered_call,4,주식,국내,배당·주주환원,고배당,국내 고배당,고배당-국내-고배당-2325fcd2e0,covered_call|neutral|1X,Y,verified_official:4,"주식·국내 노출, 배당·주주환원 / 국내 고배당 투자대상, covered_call|neutral|1X 수익·손실 구조를 공통 기준으로 사용"
PG-주식-국내-산업-섹터-반도체-장비-소부장-국내-반도체-장비-소부장-d86296eebd,국내 반도체 장비·소부장 · plain,4,주식,국내,산업·섹터,반도체 장비·소부장,국내 반도체 장비·소부장,반도체-장비-소부장-국내-반도체-장비-소부장-31b73133bd,plain|neutral|1X,Y,verified_official:4,"주식·국내 노출, 산업·섹터 / 국내 반도체 장비·소부장 투자대상, plain|neutral|1X 수익·손실 구조를 공통 기준으로 사용"
PG-주식-국내-산업-섹터-자동차-모빌리티-국내-자동차-모빌리티-자동차-7f7ba1f1bb,국내 자동차·모빌리티 · plain,4,주식,국내,산업·섹터,자동차·모빌리티,국내 자동차·모빌리티,자동차-모빌리티-국내-자동차-모빌리티-8d473faf1b,plain|neutral|1X,Y,verified_official:4,"주식·국내 노출, 산업·섹터 / 국내 자동차·모빌리티 투자대상, plain|neutral|1X 수익·손실 구조를 공통 기준으로 사용"
PG-주식-국내-산업-섹터-철강-화학-국내-철강-화학-철강-화학-국내--f891fc6f8c,국내 철강·화학 · plain,4,주식,국내,산업·섹터,철강·화학,국내 철강·화학,철강-화학-국내-철강-화학-2baeb11d7e,plain|neutral|1X,Y,verified_official:4,"주식·국내 노출, 산업·섹터 / 국내 철강·화학 투자대상, plain|neutral|1X 수익·손실 구조를 공통 기준으로 사용"
PG-주식-국내-테마-로봇-국내-로봇-로봇-국내-로봇-6DD0A9F99-803709433d,국내 로봇 · plain,4,주식,국내,테마,로봇,국내 로봇,로봇-국내-로봇-6dd0a9f990,plain|neutral|1X,Y,verified_official:4,"주식·국내 노출, 테마 / 국내 로봇 투자대상, plain|neutral|1X 수익·손실 구조를 공통 기준으로 사용"
PG-주식-국내-테마-인공지능-인공지능-일반-인공지능-인공지능-일반-4-acaf9c435b,인공지능 일반 · plain,4,주식,국내,테마,인공지능,인공지능 일반,인공지능-인공지능-일반-4ef7c7155f,plain|neutral|1X,Y,auto_high_confidence:2; verified_official:2,"주식·국내 노출, 테마 / 인공지능 일반 투자대상, plain|neutral|1X 수익·손실 구조를 공통 기준으로 사용"
PG-주식-미국-대표지수-나스닥100-미국-나스닥100-NASDAQ10-df258b5b40,미국 나스닥100 · covered_call,4,주식,미국,대표지수,나스닥100,미국 나스닥100,NASDAQ100,covered_call|neutral|1X,Y,verified_official:4,"주식·미국 노출, 대표지수 / 미국 나스닥100 투자대상, covered_call|neutral|1X 수익·손실 구조를 공통 기준으로 사용"
PG-주식-미국-배당-주주환원-배당다우존스-미국-배당다우존스-DOW-J-6a7ebd2885,미국 배당다우존스 · covered_call,4,주식,미국,배당·주주환원,배당다우존스,미국 배당다우존스,DOW_JONES_DIVIDEND,covered_call|neutral|1X,Y,verified_official:4,"주식·미국 노출, 배당·주주환원 / 미국 배당다우존스 투자대상, covered_call|neutral|1X 수익·손실 구조를 공통 기준으로 사용"
PG-주식-미국-산업-섹터-원자력-미국-원자력-원자력-미국-원자력-7E-dd53fbdb95,미국 원자력 · plain,4,주식,미국,산업·섹터,원자력,미국 원자력,원자력-미국-원자력-7e5331965a,plain|neutral|1X,Y,verified_official:4,"주식·미국 노출, 산업·섹터 / 미국 원자력 투자대상, plain|neutral|1X 수익·손실 구조를 공통 기준으로 사용"
PG-주식-미국-테마-로봇-미국-로봇-로봇-미국-로봇-354B9654F-e44c44095f,미국 로봇 · plain,4,주식,미국,테마,로봇,미국 로봇,로봇-미국-로봇-354b9654fa,plain|neutral|1X,Y,auto_high_confidence:1; verified_official:3,"주식·미국 노출, 테마 / 미국 로봇 투자대상, plain|neutral|1X 수익·손실 구조를 공통 기준으로 사용"
PG-주식-미국-테마-양자컴퓨팅-미국-양자컴퓨팅-양자컴퓨팅-미국-양자컴-ae6e988fe3,미국 양자컴퓨팅 · plain,4,주식,미국,테마,양자컴퓨팅,미국 양자컴퓨팅,양자컴퓨팅-미국-양자컴퓨팅-16444cc34b,plain|neutral|1X,Y,verified_official:4,"주식·미국 노출, 테마 / 미국 양자컴퓨팅 투자대상, plain|neutral|1X 수익·손실 구조를 공통 기준으로 사용"
PG-주식-중국-테마-인공지능-인공지능-일반-인공지능-인공지능-일반-4-e576ffa409,인공지능 일반 · plain,4,주식,중국,테마,인공지능,인공지능 일반,인공지능-인공지능-일반-4ef7c7155f,plain|neutral|1X,Y,auto_high_confidence:1; verified_official:3,"주식·중국 노출, 테마 / 인공지능 일반 투자대상, plain|neutral|1X 수익·손실 구조를 공통 기준으로 사용"
PG-금리-파킹-해당없음-금리-파킹-금리-파킹-초단기-금리-RATE-초-143b38635b,초단기 금리 · rate_return,3,금리·파킹,해당없음,금리·파킹,금리·파킹,초단기 금리,RATE_초단기-금리-70f35d000d,rate_return|short|2X,Y,verified_official:3,"금리·파킹·해당없음 노출, 금리·파킹 / 초단기 금리 투자대상, rate_return|short|2X 수익·손실 구조를 공통 기준으로 사용"
PG-금리-파킹-해당없음-금리-파킹-금리-파킹-초단기-금리-RATE-초-353bff571a,초단기 금리 · rate_return,3,금리·파킹,해당없음,금리·파킹,금리·파킹,초단기 금리,RATE_초단기-금리-70f35d000d,rate_return|long|2X,Y,verified_official:3,"금리·파킹·해당없음 노출, 금리·파킹 / 초단기 금리 투자대상, rate_return|long|2X 수익·손실 구조를 공통 기준으로 사용"
PG-금리-파킹-해당없음-금리-파킹-금리-파킹-초단기-금리-RATE-초-42bd95eafc,초단기 금리 · rate_return,3,금리·파킹,해당없음,금리·파킹,금리·파킹,초단기 금리,RATE_초단기-금리-70f35d000d,rate_return|short|1X,Y,verified_official:3,"금리·파킹·해당없음 노출, 금리·파킹 / 초단기 금리 투자대상, rate_return|short|1X 수익·손실 구조를 공통 기준으로 사용"
PG-리츠-인프라-글로벌-리츠-인프라-리츠-인프라-글로벌-리츠-인프라--53239532c7,글로벌 리츠·인프라 · plain,3,리츠·인프라,글로벌,리츠·인프라,리츠·인프라,글로벌 리츠·인프라,리츠-인프라-글로벌-리츠-인프라-17424845f2,plain|neutral|1X,Y,auto_high_confidence:1; verified_official:2,"리츠·인프라·글로벌 노출, 리츠·인프라 / 글로벌 리츠·인프라 투자대상, plain|neutral|1X 수익·손실 구조를 공통 기준으로 사용"
PG-원자재-해당없음-원자재-금-금-FUTURES-COMMODITY-금-ee93d7746a,금 futures · futures,3,원자재,해당없음,원자재,금,금 futures,COMMODITY_금-FUTURES-0733949e87,futures|neutral|1X,Y,verified_official:3,"원자재·해당없음 노출, 원자재 / 금 futures 투자대상, futures|neutral|1X 수익·손실 구조를 공통 기준으로 사용"
PG-원자재-해당없음-원자재-기타원자재-기타원자재-FUTURES-COM-c6ca4488b8,기타원자재 futures · futures,3,원자재,해당없음,원자재,기타원자재,기타원자재 futures,COMMODITY_기타원자재-FUTURES-e9bbd8bb27,futures|neutral|1X,Y,verified_official:3,"원자재·해당없음 노출, 원자재 / 기타원자재 futures 투자대상, futures|neutral|1X 수익·손실 구조를 공통 기준으로 사용"
PG-원자재-해당없음-원자재-기타원자재-기타원자재-SPOT-COMMOD-248f4f27d3,기타원자재 spot · spot,3,원자재,해당없음,원자재,기타원자재,기타원자재 spot,COMMODITY_기타원자재-SPOT-a5b41ca776,spot|neutral|1X,Y,verified_official:3,"원자재·해당없음 노출, 원자재 / 기타원자재 spot 투자대상, spot|neutral|1X 수익·손실 구조를 공통 기준으로 사용"
PG-주식-국내-대표지수-코스피200-국내-코스피200-KOSPI200-b519363da3,국내 코스피200 · plain,3,주식,국내,대표지수,코스피200,국내 코스피200,KOSPI200,plain|neutral|1X,Y,verified_official:3,"주식·국내 노출, 대표지수 / 국내 코스피200 투자대상, plain|neutral|1X 수익·손실 구조를 공통 기준으로 사용"
PG-주식-국내-테마-기후테크-국내-기후테크-기후테크-국내-기후테크-3-420b355700,국내 기후테크 · plain,3,주식,국내,테마,기후테크,국내 기후테크,기후테크-국내-기후테크-379d660750,plain|neutral|1X,Y,verified_official:3,"주식·국내 노출, 테마 / 국내 기후테크 투자대상, plain|neutral|1X 수익·손실 구조를 공통 기준으로 사용"
PG-주식-국내-테마-인공지능-AI-반도체-인공지능-AI-반도체-A90-7e63fd0b56,AI 반도체 · plain,3,주식,국내,테마,인공지능,AI 반도체,인공지능-AI-반도체-a909322117,plain|neutral|1X,Y,verified_official:3,"주식·국내 노출, 테마 / AI 반도체 투자대상, plain|neutral|1X 수익·손실 구조를 공통 기준으로 사용"
PG-주식-글로벌-산업-섹터-반도체-글로벌-반도체-반도체-글로벌-반도체-69a7b2bb67,글로벌 반도체 · plain,3,주식,글로벌,산업·섹터,반도체,글로벌 반도체,반도체-글로벌-반도체-84ce634468,plain|neutral|1X,Y,auto_high_confidence:1; verified_official:2,"주식·글로벌 노출, 산업·섹터 / 글로벌 반도체 투자대상, plain|neutral|1X 수익·손실 구조를 공통 기준으로 사용"
PG-주식-미국-산업-섹터-바이오-제약-헬스케어-미국-바이오-제약-헬스-f35c02e78a,미국 바이오·제약·헬스케어 · plain,3,주식,미국,산업·섹터,바이오·제약·헬스케어,미국 바이오·제약·헬스케어,바이오-제약-헬스케어-미국-바이오-제약-헬스케어-f63af70ccd,plain|neutral|1X,Y,auto_high_confidence:1; verified_official:2,"주식·미국 노출, 산업·섹터 / 미국 바이오·제약·헬스케어 투자대상, plain|neutral|1X 수익·손실 구조를 공통 기준으로 사용"
PG-주식-미국-산업-섹터-방산-미국-방산-방산-미국-방산-E722FD-b31baa9184,미국 방산 · plain,3,주식,미국,산업·섹터,방산,미국 방산,방산-미국-방산-e722fd3acf,plain|neutral|1X,Y,verified_official:3,"주식·미국 노출, 산업·섹터 / 미국 방산 투자대상, plain|neutral|1X 수익·손실 구조를 공통 기준으로 사용"
PG-주식-미국-산업-섹터-에너지-신재생에너지-미국-에너지-신재생에너지-2dd652bc89,미국 에너지·신재생에너지 · plain,3,주식,미국,산업·섹터,에너지·신재생에너지,미국 에너지·신재생에너지,에너지-신재생에너지-미국-에너지-신재생에너지-ea46e1131c,plain|neutral|1X,Y,verified_official:3,"주식·미국 노출, 산업·섹터 / 미국 에너지·신재생에너지 투자대상, plain|neutral|1X 수익·손실 구조를 공통 기준으로 사용"
PG-주식-미국-산업-섹터-자동차-모빌리티-미국-자동차-모빌리티-자동차-d37f4277a0,미국 자동차·모빌리티 · plain,3,주식,미국,산업·섹터,자동차·모빌리티,미국 자동차·모빌리티,자동차-모빌리티-미국-자동차-모빌리티-6f7e32a606,plain|neutral|1X,Y,verified_official:3,"주식·미국 노출, 산업·섹터 / 미국 자동차·모빌리티 투자대상, plain|neutral|1X 수익·손실 구조를 공통 기준으로 사용"
PG-원자재-해당없음-원자재-구리-구리-FUTURES-COMMODITY-0d3891b334,구리 futures · futures,2,원자재,해당없음,원자재,구리,구리 futures,COMMODITY_구리-FUTURES-1f0ca342fc,futures|neutral|1X,Y,verified_official:2,"원자재·해당없음 노출, 원자재 / 구리 futures 투자대상, futures|neutral|1X 수익·손실 구조를 공통 기준으로 사용"
PG-원자재-해당없음-원자재-농산물-농산물-FUTURES-COMMODI-598353d61b,농산물 futures · futures,2,원자재,해당없음,원자재,농산물,농산물 futures,COMMODITY_농산물-FUTURES-50a7e474e9,futures|neutral|1X,Y,verified_official:2,"원자재·해당없음 노출, 원자재 / 농산물 futures 투자대상, futures|neutral|1X 수익·손실 구조를 공통 기준으로 사용"
PG-원자재-해당없음-원자재-원유-원유-FUTURES-COMMODITY-4f348a3707,원유 futures · futures,2,원자재,해당없음,원자재,원유,원유 futures,COMMODITY_원유-FUTURES-601b9bd6ca,futures|short|1X,Y,verified_official:2,"원자재·해당없음 노출, 원자재 / 원유 futures 투자대상, futures|short|1X 수익·손실 구조를 공통 기준으로 사용"
PG-원자재-해당없음-원자재-원유-원유-FUTURES-COMMODITY-8e4ab58f78,원유 futures · futures,2,원자재,해당없음,원자재,원유,원유 futures,COMMODITY_원유-FUTURES-601b9bd6ca,futures|neutral|1X,Y,verified_official:2,"원자재·해당없음 노출, 원자재 / 원유 futures 투자대상, futures|neutral|1X 수익·손실 구조를 공통 기준으로 사용"
PG-원자재-해당없음-원자재-은-은-SPOT-COMMODITY-은-SP-451011c73c,은 spot · spot,2,원자재,해당없음,원자재,은,은 spot,COMMODITY_은-SPOT-78e852edc3,spot|neutral|1X,Y,auto_high_confidence:1; verified_official:1,"원자재·해당없음 노출, 원자재 / 은 spot 투자대상, spot|neutral|1X 수익·손실 구조를 공통 기준으로 사용"
PG-원자재-해당없음-원자재-천연가스-천연가스-FUTURES-COMMO-1ebe888699,천연가스 futures · futures,2,원자재,해당없음,원자재,천연가스,천연가스 futures,COMMODITY_천연가스-FUTURES-4d3c917bd2,futures|neutral|1X,Y,auto_high_confidence:1; verified_official:1,"원자재·해당없음 노출, 원자재 / 천연가스 futures 투자대상, futures|neutral|1X 수익·손실 구조를 공통 기준으로 사용"
PG-주식-국내-산업-섹터-2차전지-배터리-소재-국내-2차전지-배터리--569fca1653,국내 2차전지·배터리 소재 · leveraged,2,주식,국내,산업·섹터,2차전지·배터리 소재,국내 2차전지·배터리 소재,2차전지-배터리-소재-국내-2차전지-배터리-소재-1367e96ce1,leveraged|long|2X,Y,verified_official:2,"주식·국내 노출, 산업·섹터 / 국내 2차전지·배터리 소재 투자대상, leveraged|long|2X 수익·손실 구조를 공통 기준으로 사용"
PG-주식-국내-산업-섹터-건설-인프라-국내-건설-인프라-건설-인프라--b65bc03b95,국내 건설·인프라 · plain,2,주식,국내,산업·섹터,건설·인프라,국내 건설·인프라,건설-인프라-국내-건설-인프라-072eb0d753,plain|neutral|1X,Y,verified_official:2,"주식·국내 노출, 산업·섹터 / 국내 건설·인프라 투자대상, plain|neutral|1X 수익·손실 구조를 공통 기준으로 사용"
PG-주식-국내-산업-섹터-반도체-국내-반도체-반도체-국내-반도체-0E-88aa3ecc65,국내 반도체 · leveraged,2,주식,국내,산업·섹터,반도체,국내 반도체,반도체-국내-반도체-0ed1f11677,leveraged|long|2X,Y,verified_official:2,"주식·국내 노출, 산업·섹터 / 국내 반도체 투자대상, leveraged|long|2X 수익·손실 구조를 공통 기준으로 사용"
PG-주식-국내-산업-섹터-반도체-국내-반도체-반도체-국내-반도체-0E-8fcdd9bd91,국내 반도체 · covered_call,2,주식,국내,산업·섹터,반도체,국내 반도체,반도체-국내-반도체-0ed1f11677,covered_call|neutral|1X,Y,verified_official:2,"주식·국내 노출, 산업·섹터 / 국내 반도체 투자대상, covered_call|neutral|1X 수익·손실 구조를 공통 기준으로 사용"
PG-주식-국내-산업-섹터-방산-국내-방산-방산-국내-방산-3C5B4A-17fccd86ab,국내 방산 · leveraged,2,주식,국내,산업·섹터,방산,국내 방산,방산-국내-방산-3c5b4a7923,leveraged|long|2X,Y,verified_official:2,"주식·국내 노출, 산업·섹터 / 국내 방산 투자대상, leveraged|long|2X 수익·손실 구조를 공통 기준으로 사용"
PG-주식-국내-산업-섹터-화장품-국내-화장품-화장품-국내-화장품-D3-4742e73eb6,국내 화장품 · plain,2,주식,국내,산업·섹터,화장품,국내 화장품,화장품-국내-화장품-d36ab35225,plain|neutral|1X,Y,verified_official:2,"주식·국내 노출, 산업·섹터 / 국내 화장품 투자대상, plain|neutral|1X 수익·손실 구조를 공통 기준으로 사용"
PG-주식-국내-테마-K컬처-국내-K컬처-K컬처-국내-K컬처-EE781-24bbdb41cd,국내 K컬처 · plain,2,주식,국내,테마,K컬처,국내 K컬처,K컬처-국내-K컬처-ee781d865e,plain|neutral|1X,Y,auto_high_confidence:1; verified_official:1,"주식·국내 노출, 테마 / 국내 K컬처 투자대상, plain|neutral|1X 수익·손실 구조를 공통 기준으로 사용"
PG-주식-국내-테마-우주항공-국내-우주항공-우주항공-국내-우주항공-6-a96ae70430,국내 우주항공 · plain,2,주식,국내,테마,우주항공,국내 우주항공,우주항공-국내-우주항공-63c396074b,plain|neutral|1X,Y,verified_official:2,"주식·국내 노출, 테마 / 국내 우주항공 투자대상, plain|neutral|1X 수익·손실 구조를 공통 기준으로 사용"
PG-주식-글로벌-단일-소수종목-단일종목-글로벌-단일종목-단일종목-글로-d470e4960c,글로벌 단일종목 · plain,2,주식,글로벌,단일·소수종목,단일종목,글로벌 단일종목,단일종목-글로벌-단일종목-8acb920e2c,plain|neutral|1X,Y,verified_official:2,"주식·글로벌 노출, 단일·소수종목 / 글로벌 단일종목 투자대상, plain|neutral|1X 수익·손실 구조를 공통 기준으로 사용"
PG-주식-글로벌-산업-섹터-바이오-제약-헬스케어-글로벌-바이오-제약--893026edb7,글로벌 바이오·제약·헬스케어 · plain,2,주식,글로벌,산업·섹터,바이오·제약·헬스케어,글로벌 바이오·제약·헬스케어,바이오-제약-헬스케어-글로벌-바이오-제약-헬스케어-423815bf96,plain|neutral|1X,Y,auto_high_confidence:1; verified_official:1,"주식·글로벌 노출, 산업·섹터 / 글로벌 바이오·제약·헬스케어 투자대상, plain|neutral|1X 수익·손실 구조를 공통 기준으로 사용"
PG-주식-글로벌-테마-로봇-글로벌-로봇-로봇-글로벌-로봇-9E96AF-6d929abf73,글로벌 로봇 · plain,2,주식,글로벌,테마,로봇,글로벌 로봇,로봇-글로벌-로봇-9e96af8efd,plain|neutral|1X,Y,auto_high_confidence:1; verified_official:1,"주식·글로벌 노출, 테마 / 글로벌 로봇 투자대상, plain|neutral|1X 수익·손실 구조를 공통 기준으로 사용"
PG-주식-미국-대표지수-S-P500-미국-S-P500-S-P500-B-3159c44a87,미국 S&P500 · buffer,2,주식,미국,대표지수,S&P500,미국 S&P500,S&P500,buffer|neutral|1X,Y,verified_official:2,"주식·미국 노출, 대표지수 / 미국 S&P500 투자대상, buffer|neutral|1X 수익·손실 구조를 공통 기준으로 사용"
PG-주식-미국-대표지수-나스닥100-미국-나스닥100-NASDAQ10-370cb32fc2,미국 나스닥100 · leveraged,2,주식,미국,대표지수,나스닥100,미국 나스닥100,NASDAQ100,leveraged|long|2X,Y,verified_official:2,"주식·미국 노출, 대표지수 / 미국 나스닥100 투자대상, leveraged|long|2X 수익·손실 구조를 공통 기준으로 사용"
PG-주식-미국-배당-주주환원-고배당-미국-고배당-고배당-미국-고배당--2302cea476,미국 고배당 · covered_call,2,주식,미국,배당·주주환원,고배당,미국 고배당,고배당-미국-고배당-8e56e7fe68,covered_call|neutral|1X,Y,verified_official:2,"주식·미국 노출, 배당·주주환원 / 미국 고배당 투자대상, covered_call|neutral|1X 수익·손실 구조를 공통 기준으로 사용"
PG-주식-미국-산업-섹터-금융-은행-증권-보험-미국-금융-은행-증권--af9be94e4a,미국 금융·은행·증권·보험 · plain,2,주식,미국,산업·섹터,금융·은행·증권·보험,미국 금융·은행·증권·보험,금융-은행-증권-보험-미국-금융-은행-증권-보험-4605e3ffab,plain|neutral|1X,Y,verified_official:2,"주식·미국 노출, 산업·섹터 / 미국 금융·은행·증권·보험 투자대상, plain|neutral|1X 수익·손실 구조를 공통 기준으로 사용"
PG-주식-인도-기업집단-기업집단-인도-기업집단-기업집단-인도-기업집단-13b31d6613,인도 기업집단 · plain,2,주식,인도,기업집단,기업집단,인도 기업집단,기업집단-인도-기업집단-fe70029acb,plain|neutral|1X,Y,verified_official:2,"주식·인도 노출, 기업집단 / 인도 기업집단 투자대상, plain|neutral|1X 수익·손실 구조를 공통 기준으로 사용"
PG-주식-일본-산업-섹터-반도체-일본-반도체-반도체-일본-반도체-C5-2d918dae8b,일본 반도체 · plain,2,주식,일본,산업·섹터,반도체,일본 반도체,반도체-일본-반도체-c5076483a7,plain|neutral|1X,Y,verified_official:2,"주식·일본 노출, 산업·섹터 / 일본 반도체 투자대상, plain|neutral|1X 수익·손실 구조를 공통 기준으로 사용"
PG-주식-중국-산업-섹터-2차전지-배터리-소재-중국-2차전지-배터리--270058a154,중국 2차전지·배터리 소재 · plain,2,주식,중국,산업·섹터,2차전지·배터리 소재,중국 2차전지·배터리 소재,2차전지-배터리-소재-중국-2차전지-배터리-소재-2edcda1034,plain|neutral|1X,Y,verified_official:2,"주식·중국 노출, 산업·섹터 / 중국 2차전지·배터리 소재 투자대상, plain|neutral|1X 수익·손실 구조를 공통 기준으로 사용"
PG-주식-중국-산업-섹터-바이오-제약-헬스케어-중국-바이오-제약-헬스-4692461f9a,중국 바이오·제약·헬스케어 · plain,2,주식,중국,산업·섹터,바이오·제약·헬스케어,중국 바이오·제약·헬스케어,바이오-제약-헬스케어-중국-바이오-제약-헬스케어-37fe105f13,plain|neutral|1X,Y,auto_high_confidence:1; verified_official:1,"주식·중국 노출, 산업·섹터 / 중국 바이오·제약·헬스케어 투자대상, plain|neutral|1X 수익·손실 구조를 공통 기준으로 사용"
PG-주식-중국-산업-섹터-반도체-중국-반도체-반도체-중국-반도체-EC-73a48444f9,중국 반도체 · plain,2,주식,중국,산업·섹터,반도체,중국 반도체,반도체-중국-반도체-ec542f3fb2,plain|neutral|1X,Y,verified_official:2,"주식·중국 노출, 산업·섹터 / 중국 반도체 투자대상, plain|neutral|1X 수익·손실 구조를 공통 기준으로 사용"
PG-주식-중국-테마-로봇-중국-로봇-로봇-중국-로봇-40EB7F5DE-309ad9a5d8,중국 로봇 · plain,2,주식,중국,테마,로봇,중국 로봇,로봇-중국-로봇-40eb7f5deb,plain|neutral|1X,Y,verified_official:2,"주식·중국 노출, 테마 / 중국 로봇 투자대상, plain|neutral|1X 수익·손실 구조를 공통 기준으로 사용"
PG-채권-국내-채권-채권-국내-채권-단기-AA-BOND-국내-채권-단-1288e7cb89,국내 채권 단기 AA · bond_coupon,2,채권,국내,채권,채권,국내 채권 단기 AA,BOND_국내-채권-단기-AA-4c9b467fdf,bond_coupon|neutral|1X,Y,verified_official:2,"채권·국내 노출, 채권 / 국내 채권 단기 AA 투자대상, bond_coupon|neutral|1X 수익·손실 구조를 공통 기준으로 사용"
PG-채권-국내-채권-채권-국내-채권-중기-AA-BOND-국내-채권-중-124bf6f6b9,국내 채권 중기 AA · bond_coupon,2,채권,국내,채권,채권,국내 채권 중기 AA,BOND_국내-채권-중기-AA-2e35f74ba0,bond_coupon|neutral|1X,Y,auto_high_confidence:1; verified_official:1,"채권·국내 노출, 채권 / 국내 채권 중기 AA 투자대상, bond_coupon|neutral|1X 수익·손실 구조를 공통 기준으로 사용"
PG-채권-국내-채권-채권-국내-회사채-단기-AA-BOND-국내-회사채-7cce09235c,국내 회사채 단기 AA · bond_coupon,2,채권,국내,채권,채권,국내 회사채 단기 AA,BOND_국내-회사채-단기-AA-0a0dbd4ce1,bond_coupon|neutral|1X,Y,verified_official:2,"채권·국내 노출, 채권 / 국내 회사채 단기 AA 투자대상, bond_coupon|neutral|1X 수익·손실 구조를 공통 기준으로 사용"
PG-PENDING-0000D0-6e5e0f5383,미국 국채 장기 등급미확인 · bond_coupon,1,채권,미국,채권,채권,미국 국채 장기 등급미확인,BOND_미국-국채-장기-등급미확인-047cbda7f5,bond_coupon|neutral|1X,N,needs_review:1,"채권·미국 노출, 채권 / 미국 국채 장기 등급미확인 투자대상, bond_coupon|neutral|1X 수익·손실 구조를 공통 기준으로 사용"
PG-PENDING-0000Y0-065d0f144a,국내 회사채 만기미확인 AA · bond_coupon,1,채권,국내,채권,채권,국내 회사채 만기미확인 AA,BOND_국내-회사채-만기미확인-AA-971a2814f8,bond_coupon|neutral|1X,N,needs_review:1,"채권·국내 노출, 채권 / 국내 회사채 만기미확인 AA 투자대상, bond_coupon|neutral|1X 수익·손실 구조를 공통 기준으로 사용"
PG-PENDING-0002C0-d549ff062f,인도 미확인 주식전략 · plain,1,주식,인도,기타특수구조,미확인 주식전략,인도 미확인 주식전략,미확인-주식전략-인도-미확인-주식전략-69bd615628,plain|neutral|1X,N,needs_review:1,"주식·인도 노출, 기타특수구조 / 인도 미확인 주식전략 투자대상, plain|neutral|1X 수익·손실 구조를 공통 기준으로 사용"
PG-PENDING-0007F0-bd6f3f8d85,국내 회사채 만기미확인 AA · bond_coupon,1,채권,국내,채권,채권,국내 회사채 만기미확인 AA,BOND_국내-회사채-만기미확인-AA-971a2814f8,bond_coupon|neutral|1X,N,needs_review:1,"채권·국내 노출, 채권 / 국내 회사채 만기미확인 AA 투자대상, bond_coupon|neutral|1X 수익·손실 구조를 공통 기준으로 사용"
PG-PENDING-0007N0-0b74fa21c0,국내 미확인 주식전략 · plain,1,주식,국내,기타특수구조,미확인 주식전략,국내 미확인 주식전략,미확인-주식전략-국내-미확인-주식전략-46eed209b8,plain|neutral|1X,N,needs_review:1,"주식·국내 노출, 기타특수구조 / 국내 미확인 주식전략 투자대상, plain|neutral|1X 수익·손실 구조를 공통 기준으로 사용"
PG-PENDING-0008E0-fab95b1c94,미국 미확인 주식전략 · plain,1,주식,미국,기타특수구조,미확인 주식전략,미국 미확인 주식전략,미확인-주식전략-미국-미확인-주식전략-bf6afc4d9f,plain|neutral|1X,N,needs_review:1,"주식·미국 노출, 기타특수구조 / 미국 미확인 주식전략 투자대상, plain|neutral|1X 수익·손실 구조를 공통 기준으로 사용"
PG-PENDING-0013P0-51bb677a97,기타원자재 futures · futures,1,원자재,해당없음,원자재,기타원자재,기타원자재 futures,COMMODITY_기타원자재-FUTURES-e9bbd8bb27,futures|neutral|1X,N,conflict:1,"원자재·해당없음 노출, 원자재 / 기타원자재 futures 투자대상, futures|neutral|1X 수익·손실 구조를 공통 기준으로 사용"
PG-PENDING-0013R0-922b9c7be7,미국 국채 장기 등급미확인 · bond_coupon,1,채권,미국,채권,채권,미국 국채 장기 등급미확인,BOND_미국-국채-장기-등급미확인-047cbda7f5,bond_coupon|neutral|1X,N,needs_review:1,"채권·미국 노출, 채권 / 미국 국채 장기 등급미확인 투자대상, bond_coupon|neutral|1X 수익·손실 구조를 공통 기준으로 사용"
PG-PENDING-0015E0-2a4f496583,미국 국채 장기 등급미확인 · bond_coupon,1,채권,미국,채권,채권,미국 국채 장기 등급미확인,BOND_미국-국채-장기-등급미확인-047cbda7f5,bond_coupon|neutral|1X,N,needs_review:1,"채권·미국 노출, 채권 / 미국 국채 장기 등급미확인 투자대상, bond_coupon|neutral|1X 수익·손실 구조를 공통 기준으로 사용"
PG-PENDING-0015F0-3afd9aae37,미국 국채 장기 등급미확인 · bond_coupon,1,채권,미국,채권,채권,미국 국채 장기 등급미확인,BOND_미국-국채-장기-등급미확인-047cbda7f5,bond_coupon|neutral|1X,N,needs_review:1,"채권·미국 노출, 채권 / 미국 국채 장기 등급미확인 투자대상, bond_coupon|neutral|1X 수익·손실 구조를 공통 기준으로 사용"
PG-PENDING-0015K0-721aca1dfc,미국 미확인 주식전략 · plain,1,주식,미국,기타특수구조,미확인 주식전략,미국 미확인 주식전략,미확인-주식전략-미국-미확인-주식전략-bf6afc4d9f,plain|neutral|1X,N,needs_review:1,"주식·미국 노출, 기타특수구조 / 미국 미확인 주식전략 투자대상, plain|neutral|1X 수익·손실 구조를 공통 기준으로 사용"
PG-PENDING-0017Y0-0d9b0cccfe,국내 채권 만기미확인 AA · bond_coupon,1,채권,국내,채권,채권,국내 채권 만기미확인 AA,BOND_국내-채권-만기미확인-AA-273392b07e,bond_coupon|neutral|1X,N,needs_review:1,"채권·국내 노출, 채권 / 국내 채권 만기미확인 AA 투자대상, bond_coupon|neutral|1X 수익·손실 구조를 공통 기준으로 사용"
PG-PENDING-0019K0-c9116e97c1,미국 채권 단기 등급미확인 · bond_coupon,1,채권,미국,채권,채권,미국 채권 단기 등급미확인,NASDAQ100,bond_coupon|neutral|1X,N,needs_review:1,"채권·미국 노출, 채권 / 미국 채권 단기 등급미확인 투자대상, bond_coupon|neutral|1X 수익·손실 구조를 공통 기준으로 사용"
PG-PENDING-0025N0-c7d9a9fc05,구성비율 미확인 · mixed_asset,1,혼합자산,미국,혼합자산,혼합자산,구성비율 미확인,혼합자산-구성비율-미확인-9c1ef5c7e4,mixed_asset|neutral|1X,N,needs_review:1,"혼합자산·미국 노출, 혼합자산 / 구성비율 미확인 투자대상, mixed_asset|neutral|1X 수익·손실 구조를 공통 기준으로 사용"
PG-PENDING-0040X0-87191482e9,미국 국채 만기미확인 등급미확인 · bond_coupon,1,채권,미국,채권,채권,미국 국채 만기미확인 등급미확인,BOND_미국-국채-만기미확인-등급미확인-6e6ab9de27,bond_coupon|neutral|1X,N,needs_review:1,"채권·미국 노출, 채권 / 미국 국채 만기미확인 등급미확인 투자대상, bond_coupon|neutral|1X 수익·손실 구조를 공통 기준으로 사용"
PG-PENDING-0040Y0-57b0b2c1be,미국 채권 만기미확인 등급미확인 · bond_coupon,1,채권,미국,채권,채권,미국 채권 만기미확인 등급미확인,BOND_미국-채권-만기미확인-등급미확인-4820f5af4f,bond_coupon|neutral|1X,N,needs_review:1,"채권·미국 노출, 채권 / 미국 채권 만기미확인 등급미확인 투자대상, bond_coupon|neutral|1X 수익·손실 구조를 공통 기준으로 사용"
PG-PENDING-0046A0-f4e955fb99,미국 국채 초단기 등급미확인 · bond_coupon,1,채권,미국,채권,채권,미국 국채 초단기 등급미확인,BOND_미국-국채-초단기-등급미확인-5e59e46a3c,bond_coupon|neutral|1X,N,conflict:1,"채권·미국 노출, 채권 / 미국 국채 초단기 등급미확인 투자대상, bond_coupon|neutral|1X 수익·손실 구조를 공통 기준으로 사용"
PG-PENDING-0047A0-7cd58e1f2b,중국 미확인 주식전략 · plain,1,주식,중국,기타특수구조,미확인 주식전략,중국 미확인 주식전략,미확인-주식전략-중국-미확인-주식전략-526c3d6249,plain|neutral|1X,N,needs_review:1,"주식·중국 노출, 기타특수구조 / 중국 미확인 주식전략 투자대상, plain|neutral|1X 수익·손실 구조를 공통 기준으로 사용"
PG-PENDING-0049K0-6e4eea19fe,미국 채권 만기미확인 등급미확인 · bond_coupon,1,채권,미국,채권,채권,미국 채권 만기미확인 등급미확인,BOND_미국-채권-만기미확인-등급미확인-4820f5af4f,bond_coupon|short|1X,N,needs_review:1,"채권·미국 노출, 채권 / 미국 채권 만기미확인 등급미확인 투자대상, bond_coupon|short|1X 수익·손실 구조를 공통 기준으로 사용"
PG-PENDING-0052S0-dcb09ac853,미국 국채 만기미확인 등급미확인 · bond_coupon,1,채권,미국,채권,채권,미국 국채 만기미확인 등급미확인,S&P500,bond_coupon|short|1X,N,needs_review:1,"채권·미국 노출, 채권 / 미국 국채 만기미확인 등급미확인 투자대상, bond_coupon|short|1X 수익·손실 구조를 공통 기준으로 사용"
PG-PENDING-0057H0-26a26de22c,미국 국채 만기미확인 등급미확인 · bond_coupon,1,채권,미국,채권,채권,미국 국채 만기미확인 등급미확인,S&P500,bond_coupon|neutral|1X,N,needs_review:1,"채권·미국 노출, 채권 / 미국 국채 만기미확인 등급미확인 투자대상, bond_coupon|neutral|1X 수익·손실 구조를 공통 기준으로 사용"
PG-PENDING-0060H0-34cbd34be2,글로벌 미확인 주식전략 · plain,1,주식,글로벌,기타특수구조,미확인 주식전략,글로벌 미확인 주식전략,미확인-주식전략-글로벌-미확인-주식전략-d0f070a455,plain|neutral|1X,N,needs_review:1,"주식·글로벌 노출, 기타특수구조 / 글로벌 미확인 주식전략 투자대상, plain|neutral|1X 수익·손실 구조를 공통 기준으로 사용"
PG-PENDING-0061Z0-6eaf23d821,기타원자재 futures · futures,1,원자재,해당없음,원자재,기타원자재,기타원자재 futures,COMMODITY_기타원자재-FUTURES-e9bbd8bb27,futures|neutral|1X,N,conflict:1,"원자재·해당없음 노출, 원자재 / 기타원자재 futures 투자대상, futures|neutral|1X 수익·손실 구조를 공통 기준으로 사용"
PG-PENDING-0065G0-07aaf626af,중국 미확인 주식전략 · plain,1,주식,중국,기타특수구조,미확인 주식전략,중국 미확인 주식전략,미확인-주식전략-중국-미확인-주식전략-526c3d6249,plain|neutral|1X,N,needs_review:1,"주식·중국 노출, 기타특수구조 / 중국 미확인 주식전략 투자대상, plain|neutral|1X 수익·손실 구조를 공통 기준으로 사용"
PG-PENDING-0067V0-2fe23415b8,글로벌 미확인 주식전략 · plain,1,주식,글로벌,기타특수구조,미확인 주식전략,글로벌 미확인 주식전략,미확인-주식전략-글로벌-미확인-주식전략-d0f070a455,plain|neutral|1X,N,needs_review:1,"주식·글로벌 노출, 기타특수구조 / 글로벌 미확인 주식전략 투자대상, plain|neutral|1X 수익·손실 구조를 공통 기준으로 사용"
PG-PENDING-0073X0-3c997db8f2,미국 국채 만기미확인 등급미확인 · bond_coupon,1,채권,미국,채권,채권,미국 국채 만기미확인 등급미확인,BOND_미국-국채-만기미확인-등급미확인-6e6ab9de27,bond_coupon|neutral|1X,N,needs_review:1,"채권·미국 노출, 채권 / 미국 국채 만기미확인 등급미확인 투자대상, bond_coupon|neutral|1X 수익·손실 구조를 공통 기준으로 사용"
PG-PENDING-0074K0-33fec67d47,국내 미확인 주식전략 · plain,1,주식,국내,기타특수구조,미확인 주식전략,국내 미확인 주식전략,미확인-주식전략-국내-미확인-주식전략-46eed209b8,plain|neutral|1X,N,needs_review:1,"주식·국내 노출, 기타특수구조 / 국내 미확인 주식전략 투자대상, plain|neutral|1X 수익·손실 구조를 공통 기준으로 사용"
PG-PENDING-0078V0-ad83a4a3a9,미국 미확인 주식전략 · plain,1,주식,미국,기타특수구조,미확인 주식전략,미국 미확인 주식전략,미확인-주식전략-미국-미확인-주식전략-bf6afc4d9f,plain|neutral|1X,N,needs_review:1,"주식·미국 노출, 기타특수구조 / 미국 미확인 주식전략 투자대상, plain|neutral|1X 수익·손실 구조를 공통 기준으로 사용"
PG-PENDING-0079X0-63b7ad65d5,미국 미확인 주식전략 · plain,1,주식,미국,기타특수구조,미확인 주식전략,미국 미확인 주식전략,미확인-주식전략-미국-미확인-주식전략-bf6afc4d9f,plain|neutral|1X,N,needs_review:1,"주식·미국 노출, 기타특수구조 / 미국 미확인 주식전략 투자대상, plain|neutral|1X 수익·손실 구조를 공통 기준으로 사용"
PG-PENDING-0082V0-9e9f9dfc0c,구성비율 미확인 · mixed_asset,1,혼합자산,국내,혼합자산,혼합자산,구성비율 미확인,혼합자산-구성비율-미확인-9c1ef5c7e4,mixed_asset|neutral|1X,N,needs_review:1,"혼합자산·국내 노출, 혼합자산 / 구성비율 미확인 투자대상, mixed_asset|neutral|1X 수익·손실 구조를 공통 기준으로 사용"
PG-PENDING-0083S0-05b1496b42,미국 미확인 주식전략 · plain,1,주식,미국,기타특수구조,미확인 주식전략,미국 미확인 주식전략,미확인-주식전략-미국-미확인-주식전략-bf6afc4d9f,plain|neutral|1X,N,needs_review:1,"주식·미국 노출, 기타특수구조 / 미국 미확인 주식전략 투자대상, plain|neutral|1X 수익·손실 구조를 공통 기준으로 사용"
PG-PENDING-0084D0-cde4a4cbba,미국 미확인 주식전략 · plain,1,주식,미국,기타특수구조,미확인 주식전략,미국 미확인 주식전략,미확인-주식전략-미국-미확인-주식전략-bf6afc4d9f,plain|neutral|1X,N,needs_review:1,"주식·미국 노출, 기타특수구조 / 미국 미확인 주식전략 투자대상, plain|neutral|1X 수익·손실 구조를 공통 기준으로 사용"
PG-PENDING-0085N0-0ae11f8510,미국 국채 장기 등급미확인 · bond_coupon,1,채권,미국,채권,채권,미국 국채 장기 등급미확인,BOND_미국-국채-장기-등급미확인-047cbda7f5,bond_coupon|neutral|1X,N,needs_review:1,"채권·미국 노출, 채권 / 미국 국채 장기 등급미확인 투자대상, bond_coupon|neutral|1X 수익·손실 구조를 공통 기준으로 사용"
PG-PENDING-0085P0-ad91f57ac7,미국 국채 장기 등급미확인 · bond_coupon,1,채권,미국,채권,채권,미국 국채 장기 등급미확인,BOND_미국-국채-장기-등급미확인-047cbda7f5,bond_coupon|neutral|1X,N,needs_review:1,"채권·미국 노출, 채권 / 미국 국채 장기 등급미확인 투자대상, bond_coupon|neutral|1X 수익·손실 구조를 공통 기준으로 사용"
PG-PENDING-0086C0-8dbd7d551d,국내 채권 만기미확인 등급미확인 · bond_coupon,1,채권,국내,채권,채권,국내 채권 만기미확인 등급미확인,BOND_국내-채권-만기미확인-등급미확인-893e3e68b3,bond_coupon|neutral|1X,N,needs_review:1,"채권·국내 노출, 채권 / 국내 채권 만기미확인 등급미확인 투자대상, bond_coupon|neutral|1X 수익·손실 구조를 공통 기준으로 사용"
PG-PENDING-0088N0-1eb0156a23,국내 미확인 주식전략 · plain,1,주식,국내,기타특수구조,미확인 주식전략,국내 미확인 주식전략,미확인-주식전략-국내-미확인-주식전략-46eed209b8,plain|neutral|1X,N,needs_review:1,"주식·국내 노출, 기타특수구조 / 국내 미확인 주식전략 투자대상, plain|neutral|1X 수익·손실 구조를 공통 기준으로 사용"
PG-PENDING-0089B0-e999c9b555,미국 국채 단기 등급미확인 · bond_coupon,1,채권,미국,채권,채권,미국 국채 단기 등급미확인,NASDAQ100,bond_coupon|neutral|1X,N,needs_review:1,"채권·미국 노출, 채권 / 미국 국채 단기 등급미확인 투자대상, bond_coupon|neutral|1X 수익·손실 구조를 공통 기준으로 사용"
PG-PENDING-0091C0-8adb475c4f,미국 국채 장기 등급미확인 · bond_coupon,1,채권,미국,채권,채권,미국 국채 장기 등급미확인,BOND_미국-국채-장기-등급미확인-047cbda7f5,bond_coupon|neutral|1X,N,needs_review:1,"채권·미국 노출, 채권 / 미국 국채 장기 등급미확인 투자대상, bond_coupon|neutral|1X 수익·손실 구조를 공통 기준으로 사용"
PG-PENDING-0091M0-8fd60ddaea,국내 회사채 만기미확인 AA · bond_coupon,1,채권,국내,채권,채권,국내 회사채 만기미확인 AA,BOND_국내-회사채-만기미확인-AA-971a2814f8,bond_coupon|neutral|1X,N,needs_review:1,"채권·국내 노출, 채권 / 국내 회사채 만기미확인 AA 투자대상, bond_coupon|neutral|1X 수익·손실 구조를 공통 기준으로 사용"
PG-PENDING-0092C0-6a07d7618c,국내 회사채 만기미확인 AA · bond_coupon,1,채권,국내,채권,채권,국내 회사채 만기미확인 AA,BOND_국내-회사채-만기미확인-AA-971a2814f8,bond_coupon|neutral|1X,N,needs_review:1,"채권·국내 노출, 채권 / 국내 회사채 만기미확인 AA 투자대상, bond_coupon|neutral|1X 수익·손실 구조를 공통 기준으로 사용"
PG-PENDING-0094K0-824817bc19,국내 회사채 만기미확인 등급미확인 · bond_coupon,1,채권,국내,채권,채권,국내 회사채 만기미확인 등급미확인,BOND_국내-회사채-만기미확인-등급미확인-2695c4f395,bond_coupon|neutral|1X,N,needs_review:1,"채권·국내 노출, 채권 / 국내 회사채 만기미확인 등급미확인 투자대상, bond_coupon|neutral|1X 수익·손실 구조를 공통 기준으로 사용"
PG-PENDING-0094L0-4f1cb03a7a,중국 미확인 주식전략 · covered_call,1,주식,중국,기타특수구조,미확인 주식전략,중국 미확인 주식전략,미확인-주식전략-중국-미확인-주식전략-526c3d6249,covered_call|neutral|1X,N,needs_review:1,"주식·중국 노출, 기타특수구조 / 중국 미확인 주식전략 투자대상, covered_call|neutral|1X 수익·손실 구조를 공통 기준으로 사용"
PG-PENDING-0094M0-8263a47917,국내 미확인 주식전략 · covered_call,1,주식,국내,기타특수구조,미확인 주식전략,국내 미확인 주식전략,미확인-주식전략-국내-미확인-주식전략-46eed209b8,covered_call|neutral|1X,N,needs_review:1,"주식·국내 노출, 기타특수구조 / 국내 미확인 주식전략 투자대상, covered_call|neutral|1X 수익·손실 구조를 공통 기준으로 사용"
PG-PENDING-0094X0-3383f21300,미국 미확인 주식전략 · plain,1,주식,미국,기타특수구조,미확인 주식전략,미국 미확인 주식전략,미확인-주식전략-미국-미확인-주식전략-bf6afc4d9f,plain|neutral|1X,N,needs_review:1,"주식·미국 노출, 기타특수구조 / 미국 미확인 주식전략 투자대상, plain|neutral|1X 수익·손실 구조를 공통 기준으로 사용"
PG-PENDING-0098Z0-dfee754495,국내 미확인 주식전략 · plain,1,주식,국내,기타특수구조,미확인 주식전략,국내 미확인 주식전략,미확인-주식전략-국내-미확인-주식전략-46eed209b8,plain|neutral|1X,N,needs_review:1,"주식·국내 노출, 기타특수구조 / 국내 미확인 주식전략 투자대상, plain|neutral|1X 수익·손실 구조를 공통 기준으로 사용"
PG-PENDING-0103T0-206efd156a,국내 미확인 주식전략 · plain,1,주식,국내,기타특수구조,미확인 주식전략,국내 미확인 주식전략,미확인-주식전략-국내-미확인-주식전략-46eed209b8,plain|neutral|1X,N,needs_review:1,"주식·국내 노출, 기타특수구조 / 국내 미확인 주식전략 투자대상, plain|neutral|1X 수익·손실 구조를 공통 기준으로 사용"
PG-PENDING-0104H0-a5ad995ce2,미국 금융채 만기미확인 등급미확인 · bond_coupon,1,채권,미국,채권,채권,미국 금융채 만기미확인 등급미확인,BOND_미국-금융채-만기미확인-등급미확인-ec5aaebda9,bond_coupon|neutral|1X,N,needs_review:1,"채권·미국 노출, 채권 / 미국 금융채 만기미확인 등급미확인 투자대상, bond_coupon|neutral|1X 수익·손실 구조를 공통 기준으로 사용"
PG-PENDING-0104N0-944349decf,국내 미확인 주식전략 · covered_call,1,주식,국내,기타특수구조,미확인 주식전략,국내 미확인 주식전략,미확인-주식전략-국내-미확인-주식전략-46eed209b8,covered_call|neutral|1X,N,needs_review:1,"주식·국내 노출, 기타특수구조 / 국내 미확인 주식전략 투자대상, covered_call|neutral|1X 수익·손실 구조를 공통 기준으로 사용"
PG-PENDING-0105D0-42a2eb6ffe,국내 미확인 주식전략 · plain,1,주식,국내,기타특수구조,미확인 주식전략,국내 미확인 주식전략,미확인-주식전략-국내-미확인-주식전략-46eed209b8,plain|neutral|1X,N,needs_review:1,"주식·국내 노출, 기타특수구조 / 국내 미확인 주식전략 투자대상, plain|neutral|1X 수익·손실 구조를 공통 기준으로 사용"
PG-PENDING-0111P0-18cb0eb824,미국 국채 만기미확인 등급미확인 · bond_coupon,1,채권,미국,채권,채권,미국 국채 만기미확인 등급미확인,NASDAQ100,bond_coupon|neutral|1X,N,needs_review:1,"채권·미국 노출, 채권 / 미국 국채 만기미확인 등급미확인 투자대상, bond_coupon|neutral|1X 수익·손실 구조를 공통 기준으로 사용"
PG-PENDING-0112X0-8d50e6a17e,국내 미확인 주식전략 · plain,1,주식,국내,기타특수구조,미확인 주식전략,국내 미확인 주식전략,미확인-주식전략-국내-미확인-주식전략-46eed209b8,plain|neutral|1X,N,needs_review:1,"주식·국내 노출, 기타특수구조 / 국내 미확인 주식전략 투자대상, plain|neutral|1X 수익·손실 구조를 공통 기준으로 사용"
PG-PENDING-0117L0-1bd3284726,국내 금융채 만기미확인 AA · bond_coupon,1,채권,국내,채권,채권,국내 금융채 만기미확인 AA,BOND_국내-금융채-만기미확인-AA-336c27f6f7,bond_coupon|neutral|1X,N,needs_review:1,"채권·국내 노출, 채권 / 국내 금융채 만기미확인 AA 투자대상, bond_coupon|neutral|1X 수익·손실 구조를 공통 기준으로 사용"
PG-PENDING-0117V0-5f0a496f8d,국내 미확인 주식전략 · plain,1,주식,국내,기타특수구조,미확인 주식전략,국내 미확인 주식전략,미확인-주식전략-국내-미확인-주식전략-46eed209b8,plain|neutral|1X,N,needs_review:1,"주식·국내 노출, 기타특수구조 / 국내 미확인 주식전략 투자대상, plain|neutral|1X 수익·손실 구조를 공통 기준으로 사용"
PG-PENDING-0118S0-d7c1971616,미국 미확인 주식전략 · plain,1,주식,미국,기타특수구조,미확인 주식전략,미국 미확인 주식전략,미확인-주식전략-미국-미확인-주식전략-bf6afc4d9f,plain|neutral|1X,N,needs_review:1,"주식·미국 노출, 기타특수구조 / 미국 미확인 주식전략 투자대상, plain|neutral|1X 수익·손실 구조를 공통 기준으로 사용"
PG-PENDING-0119H0-e3b84f27e9,국내 회사채 만기미확인 AA · bond_coupon,1,채권,국내,채권,채권,국내 회사채 만기미확인 AA,BOND_국내-회사채-만기미확인-AA-971a2814f8,bond_coupon|neutral|1X,N,needs_review:1,"채권·국내 노출, 채권 / 국내 회사채 만기미확인 AA 투자대상, bond_coupon|neutral|1X 수익·손실 구조를 공통 기준으로 사용"
PG-PENDING-0122W0-be181546f5,국내 회사채 만기미확인 AA · bond_coupon,1,채권,국내,채권,채권,국내 회사채 만기미확인 AA,BOND_국내-회사채-만기미확인-AA-971a2814f8,bond_coupon|neutral|1X,N,needs_review:1,"채권·국내 노출, 채권 / 국내 회사채 만기미확인 AA 투자대상, bond_coupon|neutral|1X 수익·손실 구조를 공통 기준으로 사용"
PG-PENDING-0123S0-120715feae,기타원자재 futures · futures,1,원자재,해당없음,원자재,기타원자재,기타원자재 futures,COMMODITY_기타원자재-FUTURES-e9bbd8bb27,futures|neutral|1X,N,conflict:1,"원자재·해당없음 노출, 원자재 / 기타원자재 futures 투자대상, futures|neutral|1X 수익·손실 구조를 공통 기준으로 사용"
PG-PENDING-0128D0-0beccca90c,미국 미확인 주식전략 · covered_call,1,주식,미국,기타특수구조,미확인 주식전략,미국 미확인 주식전략,미확인-주식전략-미국-미확인-주식전략-bf6afc4d9f,covered_call|neutral|1X,N,needs_review:1,"주식·미국 노출, 기타특수구조 / 미국 미확인 주식전략 투자대상, covered_call|neutral|1X 수익·손실 구조를 공통 기준으로 사용"
PG-PENDING-0131A0-f22092e56a,중국 미확인 주식전략 · plain,1,주식,중국,기타특수구조,미확인 주식전략,중국 미확인 주식전략,미확인-주식전략-중국-미확인-주식전략-526c3d6249,plain|neutral|1X,N,needs_review:1,"주식·중국 노출, 기타특수구조 / 중국 미확인 주식전략 투자대상, plain|neutral|1X 수익·손실 구조를 공통 기준으로 사용"
PG-PENDING-0131W0-bb866ff6e9,기타원자재 futures · futures,1,원자재,해당없음,원자재,기타원자재,기타원자재 futures,COMMODITY_기타원자재-FUTURES-e9bbd8bb27,futures|neutral|1X,N,conflict:1,"원자재·해당없음 노출, 원자재 / 기타원자재 futures 투자대상, futures|neutral|1X 수익·손실 구조를 공통 기준으로 사용"
PG-PENDING-0132K0-3c513d1f19,미국 채권 만기미확인 등급미확인 · bond_coupon,1,채권,미국,채권,채권,미국 채권 만기미확인 등급미확인,BOND_미국-채권-만기미확인-등급미확인-4820f5af4f,bond_coupon|neutral|1X,N,needs_review:1,"채권·미국 노출, 채권 / 미국 채권 만기미확인 등급미확인 투자대상, bond_coupon|neutral|1X 수익·손실 구조를 공통 기준으로 사용"
PG-PENDING-0138D0-b6dbace2c8,국내 미확인 주식전략 · plain,1,주식,국내,기타특수구조,미확인 주식전략,국내 미확인 주식전략,미확인-주식전략-국내-미확인-주식전략-46eed209b8,plain|neutral|1X,N,needs_review:1,"주식·국내 노출, 기타특수구조 / 국내 미확인 주식전략 투자대상, plain|neutral|1X 수익·손실 구조를 공통 기준으로 사용"
PG-PENDING-0138Y0-4eb991b4db,미국 채권 만기미확인 등급미확인 · bond_coupon,1,채권,미국,채권,채권,미국 채권 만기미확인 등급미확인,BOND_미국-채권-만기미확인-등급미확인-4820f5af4f,bond_coupon|neutral|1X,N,needs_review:1,"채권·미국 노출, 채권 / 미국 채권 만기미확인 등급미확인 투자대상, bond_coupon|neutral|1X 수익·손실 구조를 공통 기준으로 사용"
PG-PENDING-0139F0-f71d1f0e65,국내 금융채 만기미확인 AA · bond_coupon,1,채권,국내,채권,채권,국내 금융채 만기미확인 AA,BOND_국내-금융채-만기미확인-AA-336c27f6f7,bond_coupon|neutral|1X,N,needs_review:1,"채권·국내 노출, 채권 / 국내 금융채 만기미확인 AA 투자대상, bond_coupon|neutral|1X 수익·손실 구조를 공통 기준으로 사용"
PG-PENDING-0144M0-17c00603e6,미국 미확인 주식전략 · plain,1,주식,미국,기타특수구조,미확인 주식전략,미국 미확인 주식전략,미확인-주식전략-미국-미확인-주식전략-bf6afc4d9f,plain|neutral|1X,N,needs_review:1,"주식·미국 노출, 기타특수구조 / 미국 미확인 주식전략 투자대상, plain|neutral|1X 수익·손실 구조를 공통 기준으로 사용"
PG-PENDING-0151P0-2bfaa30e21,국내 미확인 주식전략 · plain,1,주식,국내,기타특수구조,미확인 주식전략,국내 미확인 주식전략,미확인-주식전략-국내-미확인-주식전략-46eed209b8,plain|neutral|1X,N,needs_review:1,"주식·국내 노출, 기타특수구조 / 국내 미확인 주식전략 투자대상, plain|neutral|1X 수익·손실 구조를 공통 기준으로 사용"
PG-PENDING-0152E0-8efd03d71b,국내 미확인 주식전략 · plain,1,주식,국내,기타특수구조,미확인 주식전략,국내 미확인 주식전략,미확인-주식전략-국내-미확인-주식전략-46eed209b8,plain|neutral|1X,N,needs_review:1,"주식·국내 노출, 기타특수구조 / 국내 미확인 주식전략 투자대상, plain|neutral|1X 수익·손실 구조를 공통 기준으로 사용"
PG-PENDING-0155N0-543054b53b,국내 미확인 주식전략 · plain,1,주식,국내,기타특수구조,미확인 주식전략,국내 미확인 주식전략,미확인-주식전략-국내-미확인-주식전략-46eed209b8,plain|neutral|1X,N,needs_review:1,"주식·국내 노출, 기타특수구조 / 국내 미확인 주식전략 투자대상, plain|neutral|1X 수익·손실 구조를 공통 기준으로 사용"
PG-PENDING-0162M0-5d3164d5a4,국내 금융채 만기미확인 AA · bond_coupon,1,채권,국내,채권,채권,국내 금융채 만기미확인 AA,BOND_국내-금융채-만기미확인-AA-336c27f6f7,bond_coupon|neutral|1X,N,needs_review:1,"채권·국내 노출, 채권 / 국내 금융채 만기미확인 AA 투자대상, bond_coupon|neutral|1X 수익·손실 구조를 공통 기준으로 사용"
PG-PENDING-0162Y0-257465f13d,국내 미확인 주식전략 · plain,1,주식,국내,기타특수구조,미확인 주식전략,국내 미확인 주식전략,미확인-주식전략-국내-미확인-주식전략-46eed209b8,plain|neutral|1X,N,needs_review:1,"주식·국내 노출, 기타특수구조 / 국내 미확인 주식전략 투자대상, plain|neutral|1X 수익·손실 구조를 공통 기준으로 사용"
PG-PENDING-0162Z0-728f2aea6a,국내 채권 만기미확인 등급미확인 · bond_coupon,1,채권,국내,채권,채권,국내 채권 만기미확인 등급미확인,BOND_국내-채권-만기미확인-등급미확인-893e3e68b3,bond_coupon|neutral|1X,N,needs_review:1,"채권·국내 노출, 채권 / 국내 채권 만기미확인 등급미확인 투자대상, bond_coupon|neutral|1X 수익·손실 구조를 공통 기준으로 사용"
PG-PENDING-0163Y0-dc1690c738,국내 미확인 주식전략 · plain,1,주식,국내,기타특수구조,미확인 주식전략,국내 미확인 주식전략,미확인-주식전략-국내-미확인-주식전략-46eed209b8,plain|neutral|1X,N,needs_review:1,"주식·국내 노출, 기타특수구조 / 국내 미확인 주식전략 투자대상, plain|neutral|1X 수익·손실 구조를 공통 기준으로 사용"
PG-PENDING-0166N0-66f10bcdeb,국내 미확인 주식전략 · plain,1,주식,국내,기타특수구조,미확인 주식전략,국내 미확인 주식전략,미확인-주식전략-국내-미확인-주식전략-46eed209b8,plain|neutral|1X,N,needs_review:1,"주식·국내 노출, 기타특수구조 / 국내 미확인 주식전략 투자대상, plain|neutral|1X 수익·손실 구조를 공통 기준으로 사용"
PG-PENDING-0166S0-afce312df4,국내 미확인 주식전략 · plain,1,주식,국내,기타특수구조,미확인 주식전략,국내 미확인 주식전략,미확인-주식전략-국내-미확인-주식전략-46eed209b8,plain|neutral|1X,N,needs_review:1,"주식·국내 노출, 기타특수구조 / 국내 미확인 주식전략 투자대상, plain|neutral|1X 수익·손실 구조를 공통 기준으로 사용"
PG-PENDING-0166T0-e10ef4d93e,미국 미확인 주식전략 · plain,1,주식,미국,기타특수구조,미확인 주식전략,미국 미확인 주식전략,미확인-주식전략-미국-미확인-주식전략-bf6afc4d9f,plain|neutral|1X,N,needs_review:1,"주식·미국 노출, 기타특수구조 / 미국 미확인 주식전략 투자대상, plain|neutral|1X 수익·손실 구조를 공통 기준으로 사용"
PG-PENDING-0167B0-7bfb37b49a,국내 미확인 주식전략 · covered_call,1,주식,국내,기타특수구조,미확인 주식전략,국내 미확인 주식전략,미확인-주식전략-국내-미확인-주식전략-46eed209b8,covered_call|neutral|1X,N,needs_review:1,"주식·국내 노출, 기타특수구조 / 국내 미확인 주식전략 투자대상, covered_call|neutral|1X 수익·손실 구조를 공통 기준으로 사용"
PG-PENDING-0172Y0-6de1794a61,국내 미확인 주식전략 · plain,1,주식,국내,기타특수구조,미확인 주식전략,국내 미확인 주식전략,미확인-주식전략-국내-미확인-주식전략-46eed209b8,plain|neutral|1X,N,needs_review:1,"주식·국내 노출, 기타특수구조 / 국내 미확인 주식전략 투자대상, plain|neutral|1X 수익·손실 구조를 공통 기준으로 사용"
PG-PENDING-0177N0-5d2e195fbb,국내 채권 만기미확인 등급미확인 · bond_coupon,1,채권,국내,채권,채권,국내 채권 만기미확인 등급미확인,BOND_국내-채권-만기미확인-등급미확인-893e3e68b3,bond_coupon|neutral|1X,N,needs_review:1,"채권·국내 노출, 채권 / 국내 채권 만기미확인 등급미확인 투자대상, bond_coupon|neutral|1X 수익·손실 구조를 공통 기준으로 사용"
PG-PENDING-0178H0-77f1f00218,미국 국채 만기미확인 등급미확인 · bond_coupon,1,채권,미국,채권,채권,미국 국채 만기미확인 등급미확인,BOND_미국-국채-만기미확인-등급미확인-6e6ab9de27,bond_coupon|neutral|1X,N,needs_review:1,"채권·미국 노출, 채권 / 미국 국채 만기미확인 등급미확인 투자대상, bond_coupon|neutral|1X 수익·손실 구조를 공통 기준으로 사용"
PG-PENDING-0182S0-127d3e9fba,국내 채권 만기미확인 등급미확인 · bond_coupon,1,채권,국내,채권,채권,국내 채권 만기미확인 등급미확인,BOND_국내-채권-만기미확인-등급미확인-893e3e68b3,bond_coupon|neutral|1X,N,needs_review:1,"채권·국내 노출, 채권 / 국내 채권 만기미확인 등급미확인 투자대상, bond_coupon|neutral|1X 수익·손실 구조를 공통 기준으로 사용"
PG-PENDING-0183V0-a478fbf795,국내 채권 만기미확인 등급미확인 · bond_coupon,1,채권,국내,채권,채권,국내 채권 만기미확인 등급미확인,BOND_국내-채권-만기미확인-등급미확인-893e3e68b3,bond_coupon|neutral|1X,N,needs_review:1,"채권·국내 노출, 채권 / 국내 채권 만기미확인 등급미확인 투자대상, bond_coupon|neutral|1X 수익·손실 구조를 공통 기준으로 사용"
PG-PENDING-0184E0-76e1ad4b78,국내 채권 단기 등급미확인 · bond_coupon,1,채권,국내,채권,채권,국내 채권 단기 등급미확인,BOND_국내-채권-단기-등급미확인-afa2e5ef57,bond_coupon|neutral|1X,N,needs_review:1,"채권·국내 노출, 채권 / 국내 채권 단기 등급미확인 투자대상, bond_coupon|neutral|1X 수익·손실 구조를 공통 기준으로 사용"
PG-PENDING-0184L0-2dc9ccbc40,국내 채권 중기 등급미확인 · bond_coupon,1,채권,국내,채권,채권,국내 채권 중기 등급미확인,BOND_국내-채권-중기-등급미확인-af53603ca9,bond_coupon|neutral|1X,N,needs_review:1,"채권·국내 노출, 채권 / 국내 채권 중기 등급미확인 투자대상, bond_coupon|neutral|1X 수익·손실 구조를 공통 기준으로 사용"
PG-PENDING-0184N0-2007a33d1b,국내 채권 만기미확인 등급미확인 · bond_coupon,1,채권,국내,채권,채권,국내 채권 만기미확인 등급미확인,BOND_국내-채권-만기미확인-등급미확인-893e3e68b3,bond_coupon|neutral|1X,N,needs_review:1,"채권·국내 노출, 채권 / 국내 채권 만기미확인 등급미확인 투자대상, bond_coupon|neutral|1X 수익·손실 구조를 공통 기준으로 사용"
PG-PENDING-0184V0-d46c450c9e,구성비율 미확인 · mixed_asset,1,혼합자산,국내,혼합자산,혼합자산,구성비율 미확인,혼합자산-구성비율-미확인-9c1ef5c7e4,mixed_asset|neutral|1X,N,needs_review:1,"혼합자산·국내 노출, 혼합자산 / 구성비율 미확인 투자대상, mixed_asset|neutral|1X 수익·손실 구조를 공통 기준으로 사용"
PG-PENDING-0186S0-bf77154211,국내 채권 단기 등급미확인 · bond_coupon,1,채권,국내,채권,채권,국내 채권 단기 등급미확인,BOND_국내-채권-단기-등급미확인-afa2e5ef57,bond_coupon|neutral|1X,N,needs_review:1,"채권·국내 노출, 채권 / 국내 채권 단기 등급미확인 투자대상, bond_coupon|neutral|1X 수익·손실 구조를 공통 기준으로 사용"
PG-PENDING-0190M0-403244edc3,미국 미확인 주식전략 · plain,1,주식,미국,기타특수구조,미확인 주식전략,미국 미확인 주식전략,미확인-주식전략-미국-미확인-주식전략-bf6afc4d9f,plain|neutral|1X,N,needs_review:1,"주식·미국 노출, 기타특수구조 / 미국 미확인 주식전략 투자대상, plain|neutral|1X 수익·손실 구조를 공통 기준으로 사용"
PG-PENDING-0191B0-c6aed1ad50,국내 미확인 주식전략 · plain,1,주식,국내,기타특수구조,미확인 주식전략,국내 미확인 주식전략,미확인-주식전략-국내-미확인-주식전략-46eed209b8,plain|neutral|1X,N,needs_review:1,"주식·국내 노출, 기타특수구조 / 국내 미확인 주식전략 투자대상, plain|neutral|1X 수익·손실 구조를 공통 기준으로 사용"
PG-PENDING-0191M0-4f421ade63,국내 특수채 만기미확인 AAA · bond_coupon,1,채권,국내,채권,채권,국내 특수채 만기미확인 AAA,BOND_국내-특수채-만기미확인-AAA-e49adb89d7,bond_coupon|neutral|1X,N,needs_review:1,"채권·국내 노출, 채권 / 국내 특수채 만기미확인 AAA 투자대상, bond_coupon|neutral|1X 수익·손실 구조를 공통 기준으로 사용"
PG-PENDING-0191S0-20e70bafe6,국내 미확인 주식전략 · plain,1,주식,국내,기타특수구조,미확인 주식전략,국내 미확인 주식전략,미확인-주식전략-국내-미확인-주식전략-46eed209b8,plain|neutral|1X,N,needs_review:1,"주식·국내 노출, 기타특수구조 / 국내 미확인 주식전략 투자대상, plain|neutral|1X 수익·손실 구조를 공통 기준으로 사용"
PG-PENDING-0191W0-4a75946f50,국내 채권 중기 등급미확인 · bond_coupon,1,채권,국내,채권,채권,국내 채권 중기 등급미확인,BOND_국내-채권-중기-등급미확인-af53603ca9,bond_coupon|neutral|1X,N,needs_review:1,"채권·국내 노출, 채권 / 국내 채권 중기 등급미확인 투자대상, bond_coupon|neutral|1X 수익·손실 구조를 공통 기준으로 사용"
PG-PENDING-0192M0-086f4b8881,국내 미확인 주식전략 · leveraged,1,주식,국내,기타특수구조,미확인 주식전략,국내 미확인 주식전략,미확인-주식전략-국내-미확인-주식전략-46eed209b8,leveraged|long|2X,N,needs_review:1,"주식·국내 노출, 기타특수구조 / 국내 미확인 주식전략 투자대상, leveraged|long|2X 수익·손실 구조를 공통 기준으로 사용"
PG-PENDING-0192S0-1f68778850,국내 채권 만기미확인 등급미확인 · bond_coupon,1,채권,국내,채권,채권,국내 채권 만기미확인 등급미확인,KOSPI200,bond_coupon|neutral|1X,N,needs_review:1,"채권·국내 노출, 채권 / 국내 채권 만기미확인 등급미확인 투자대상, bond_coupon|neutral|1X 수익·손실 구조를 공통 기준으로 사용"
PG-PENDING-0192T0-09f68a9c4d,국내 미확인 주식전략 · plain,1,주식,국내,기타특수구조,미확인 주식전략,국내 미확인 주식전략,미확인-주식전략-국내-미확인-주식전략-46eed209b8,plain|neutral|1X,N,needs_review:1,"주식·국내 노출, 기타특수구조 / 국내 미확인 주식전략 투자대상, plain|neutral|1X 수익·손실 구조를 공통 기준으로 사용"
PG-PENDING-0192Z0-1297708fef,국내 채권 중기 등급미확인 · bond_coupon,1,채권,국내,채권,채권,국내 채권 중기 등급미확인,BOND_국내-채권-중기-등급미확인-af53603ca9,bond_coupon|neutral|1X,N,needs_review:1,"채권·국내 노출, 채권 / 국내 채권 중기 등급미확인 투자대상, bond_coupon|neutral|1X 수익·손실 구조를 공통 기준으로 사용"
PG-PENDING-0193G0-c6db04f7a4,국내 미확인 주식전략 · plain,1,주식,국내,기타특수구조,미확인 주식전략,국내 미확인 주식전략,미확인-주식전략-국내-미확인-주식전략-46eed209b8,plain|neutral|1X,N,needs_review:1,"주식·국내 노출, 기타특수구조 / 국내 미확인 주식전략 투자대상, plain|neutral|1X 수익·손실 구조를 공통 기준으로 사용"
PG-PENDING-0193K0-3562576a29,국내 미확인 주식전략 · leveraged,1,주식,국내,기타특수구조,미확인 주식전략,국내 미확인 주식전략,미확인-주식전략-국내-미확인-주식전략-46eed209b8,leveraged|long|2X,N,needs_review:1,"주식·국내 노출, 기타특수구조 / 국내 미확인 주식전략 투자대상, leveraged|long|2X 수익·손실 구조를 공통 기준으로 사용"
PG-PENDING-0193L0-30e34b0072,국내 미확인 주식전략 · inverse,1,주식,국내,기타특수구조,미확인 주식전략,국내 미확인 주식전략,미확인-주식전략-국내-미확인-주식전략-46eed209b8,inverse|short|2X,N,needs_review:1,"주식·국내 노출, 기타특수구조 / 국내 미확인 주식전략 투자대상, inverse|short|2X 수익·손실 구조를 공통 기준으로 사용"
PG-PENDING-0193M0-7e11a9fa73,국내 특수채 만기미확인 AAA · bond_coupon,1,채권,국내,채권,채권,국내 특수채 만기미확인 AAA,BOND_국내-특수채-만기미확인-AAA-e49adb89d7,bond_coupon|neutral|1X,N,needs_review:1,"채권·국내 노출, 채권 / 국내 특수채 만기미확인 AAA 투자대상, bond_coupon|neutral|1X 수익·손실 구조를 공통 기준으로 사용"
PG-PENDING-0193W0-fd7507e15c,국내 미확인 주식전략 · leveraged,1,주식,국내,기타특수구조,미확인 주식전략,국내 미확인 주식전략,미확인-주식전략-국내-미확인-주식전략-46eed209b8,leveraged|long|2X,N,needs_review:1,"주식·국내 노출, 기타특수구조 / 국내 미확인 주식전략 투자대상, leveraged|long|2X 수익·손실 구조를 공통 기준으로 사용"
PG-PENDING-0194M0-c3bc2eb065,국내 미확인 주식전략 · leveraged,1,주식,국내,기타특수구조,미확인 주식전략,국내 미확인 주식전략,미확인-주식전략-국내-미확인-주식전략-46eed209b8,leveraged|long|2X,N,needs_review:1,"주식·국내 노출, 기타특수구조 / 국내 미확인 주식전략 투자대상, leveraged|long|2X 수익·손실 구조를 공통 기준으로 사용"
PG-PENDING-0194N0-15276fffde,국내 미확인 주식전략 · leveraged,1,주식,국내,기타특수구조,미확인 주식전략,국내 미확인 주식전략,미확인-주식전략-국내-미확인-주식전략-46eed209b8,leveraged|long|2X,N,needs_review:1,"주식·국내 노출, 기타특수구조 / 국내 미확인 주식전략 투자대상, leveraged|long|2X 수익·손실 구조를 공통 기준으로 사용"
PG-PENDING-0195R0-5021a078e7,국내 미확인 주식전략 · leveraged,1,주식,국내,기타특수구조,미확인 주식전략,국내 미확인 주식전략,미확인-주식전략-국내-미확인-주식전략-46eed209b8,leveraged|long|2X,N,needs_review:1,"주식·국내 노출, 기타특수구조 / 국내 미확인 주식전략 투자대상, leveraged|long|2X 수익·손실 구조를 공통 기준으로 사용"
PG-PENDING-0198A0-65df7aebfc,국내 미확인 주식전략 · covered_call,1,주식,국내,기타특수구조,미확인 주식전략,국내 미확인 주식전략,미확인-주식전략-국내-미확인-주식전략-46eed209b8,covered_call|neutral|1X,N,needs_review:1,"주식·국내 노출, 기타특수구조 / 국내 미확인 주식전략 투자대상, covered_call|neutral|1X 수익·손실 구조를 공통 기준으로 사용"
PG-PENDING-0198B0-31c0368791,국내 미확인 주식전략 · leveraged,1,주식,국내,기타특수구조,미확인 주식전략,국내 미확인 주식전략,미확인-주식전략-국내-미확인-주식전략-46eed209b8,leveraged|long|2X,N,needs_review:1,"주식·국내 노출, 기타특수구조 / 국내 미확인 주식전략 투자대상, leveraged|long|2X 수익·손실 구조를 공통 기준으로 사용"
PG-PENDING-0203D0-3c4f7cddcd,국내 채권 만기미확인 등급미확인 · bond_coupon,1,채권,국내,채권,채권,국내 채권 만기미확인 등급미확인,BOND_국내-채권-만기미확인-등급미확인-893e3e68b3,bond_coupon|neutral|1X,N,needs_review:1,"채권·국내 노출, 채권 / 국내 채권 만기미확인 등급미확인 투자대상, bond_coupon|neutral|1X 수익·손실 구조를 공통 기준으로 사용"
PG-PENDING-0203R0-37c207139f,국내 채권 단기 등급미확인 · bond_coupon,1,채권,국내,채권,채권,국내 채권 단기 등급미확인,BOND_국내-채권-단기-등급미확인-afa2e5ef57,bond_coupon|neutral|1X,N,needs_review:1,"채권·국내 노출, 채권 / 국내 채권 단기 등급미확인 투자대상, bond_coupon|neutral|1X 수익·손실 구조를 공통 기준으로 사용"
PG-PENDING-0203S0-1223683ccb,국내 채권 만기미확인 등급미확인 · bond_coupon,1,채권,국내,채권,채권,국내 채권 만기미확인 등급미확인,BOND_국내-채권-만기미확인-등급미확인-893e3e68b3,bond_coupon|neutral|1X,N,needs_review:1,"채권·국내 노출, 채권 / 국내 채권 만기미확인 등급미확인 투자대상, bond_coupon|neutral|1X 수익·손실 구조를 공통 기준으로 사용"
PG-PENDING-0204S0-25a8dfffbb,국내 미확인 주식전략 · plain,1,주식,국내,기타특수구조,미확인 주식전략,국내 미확인 주식전략,미확인-주식전략-국내-미확인-주식전략-46eed209b8,plain|neutral|1X,N,needs_review:1,"주식·국내 노출, 기타특수구조 / 국내 미확인 주식전략 투자대상, plain|neutral|1X 수익·손실 구조를 공통 기준으로 사용"
PG-PENDING-0206G0-ebd5e71f58,국내 채권 만기미확인 등급미확인 · bond_coupon,1,채권,국내,채권,채권,국내 채권 만기미확인 등급미확인,BOND_국내-채권-만기미확인-등급미확인-893e3e68b3,bond_coupon|neutral|1X,N,needs_review:1,"채권·국내 노출, 채권 / 국내 채권 만기미확인 등급미확인 투자대상, bond_coupon|neutral|1X 수익·손실 구조를 공통 기준으로 사용"
PG-PENDING-0208N0-e0f7d9ae20,국내 미확인 주식전략 · plain,1,주식,국내,기타특수구조,미확인 주식전략,국내 미확인 주식전략,미확인-주식전략-국내-미확인-주식전략-46eed209b8,plain|neutral|1X,N,needs_review:1,"주식·국내 노출, 기타특수구조 / 국내 미확인 주식전략 투자대상, plain|neutral|1X 수익·손실 구조를 공통 기준으로 사용"
PG-PENDING-0209Z0-9a714bb0b0,국내 미확인 주식전략 · plain,1,주식,국내,기타특수구조,미확인 주식전략,국내 미확인 주식전략,미확인-주식전략-국내-미확인-주식전략-46eed209b8,plain|neutral|1X,N,needs_review:1,"주식·국내 노출, 기타특수구조 / 국내 미확인 주식전략 투자대상, plain|neutral|1X 수익·손실 구조를 공통 기준으로 사용"
PG-PENDING-0210E0-bc0b8ab252,국내 미확인 주식전략 · covered_call,1,주식,국내,기타특수구조,미확인 주식전략,국내 미확인 주식전략,미확인-주식전략-국내-미확인-주식전략-46eed209b8,covered_call|neutral|1X,N,needs_review:1,"주식·국내 노출, 기타특수구조 / 국내 미확인 주식전략 투자대상, covered_call|neutral|1X 수익·손실 구조를 공통 기준으로 사용"
PG-PENDING-0216K0-8d8dfe9815,미국 채권 만기미확인 등급미확인 · bond_coupon,1,채권,미국,채권,채권,미국 채권 만기미확인 등급미확인,BOND_미국-채권-만기미확인-등급미확인-4820f5af4f,bond_coupon|neutral|1X,N,needs_review:1,"채권·미국 노출, 채권 / 미국 채권 만기미확인 등급미확인 투자대상, bond_coupon|neutral|1X 수익·손실 구조를 공통 기준으로 사용"
PG-PENDING-0218J0-09ec001446,미국 국채 만기미확인 등급미확인 · bond_coupon,1,채권,미국,채권,채권,미국 국채 만기미확인 등급미확인,BOND_미국-국채-만기미확인-등급미확인-6e6ab9de27,bond_coupon|neutral|1X,N,needs_review:1,"채권·미국 노출, 채권 / 미국 국채 만기미확인 등급미확인 투자대상, bond_coupon|neutral|1X 수익·손실 구조를 공통 기준으로 사용"
PG-PENDING-0218K0-f0dae0f19a,국내 미확인 주식전략 · plain,1,주식,국내,기타특수구조,미확인 주식전략,국내 미확인 주식전략,미확인-주식전략-국내-미확인-주식전략-46eed209b8,plain|neutral|1X,N,needs_review:1,"주식·국내 노출, 기타특수구조 / 국내 미확인 주식전략 투자대상, plain|neutral|1X 수익·손실 구조를 공통 기준으로 사용"
PG-PENDING-0219E0-88db0b755c,국내 미확인 주식전략 · covered_call,1,주식,국내,기타특수구조,미확인 주식전략,국내 미확인 주식전략,미확인-주식전략-국내-미확인-주식전략-46eed209b8,covered_call|neutral|1X,N,needs_review:1,"주식·국내 노출, 기타특수구조 / 국내 미확인 주식전략 투자대상, covered_call|neutral|1X 수익·손실 구조를 공통 기준으로 사용"
PG-PENDING-0220A0-05abf86187,국내 채권 만기미확인 등급미확인 · bond_coupon,1,채권,국내,채권,채권,국내 채권 만기미확인 등급미확인,BOND_국내-채권-만기미확인-등급미확인-893e3e68b3,bond_coupon|neutral|1X,N,needs_review:1,"채권·국내 노출, 채권 / 국내 채권 만기미확인 등급미확인 투자대상, bond_coupon|neutral|1X 수익·손실 구조를 공통 기준으로 사용"
PG-PENDING-0220B0-c83642ca9b,국내 미확인 주식전략 · plain,1,주식,국내,기타특수구조,미확인 주식전략,국내 미확인 주식전략,미확인-주식전략-국내-미확인-주식전략-46eed209b8,plain|neutral|1X,N,needs_review:1,"주식·국내 노출, 기타특수구조 / 국내 미확인 주식전략 투자대상, plain|neutral|1X 수익·손실 구조를 공통 기준으로 사용"
PG-PENDING-0221V0-3d8535b132,국내 채권 초단기 등급미확인 · bond_coupon,1,채권,국내,채권,채권,국내 채권 초단기 등급미확인,BOND_국내-채권-초단기-등급미확인-2cd6864612,bond_coupon|neutral|1X,N,conflict:1,"채권·국내 노출, 채권 / 국내 채권 초단기 등급미확인 투자대상, bond_coupon|neutral|1X 수익·손실 구조를 공통 기준으로 사용"
PG-PENDING-0223A0-226334090d,국내 미확인 주식전략 · covered_call,1,주식,국내,기타특수구조,미확인 주식전략,국내 미확인 주식전략,미확인-주식전략-국내-미확인-주식전략-46eed209b8,covered_call|neutral|1X,N,needs_review:1,"주식·국내 노출, 기타특수구조 / 국내 미확인 주식전략 투자대상, covered_call|neutral|1X 수익·손실 구조를 공통 기준으로 사용"
PG-PENDING-0223R0-fd74678011,미국 미확인 주식전략 · plain,1,주식,미국,기타특수구조,미확인 주식전략,미국 미확인 주식전략,미확인-주식전략-미국-미확인-주식전략-bf6afc4d9f,plain|neutral|1X,N,needs_review:1,"주식·미국 노출, 기타특수구조 / 미국 미확인 주식전략 투자대상, plain|neutral|1X 수익·손실 구조를 공통 기준으로 사용"
PG-PENDING-0224X0-7de56c2cb9,미국 국채 만기미확인 등급미확인 · bond_coupon,1,채권,미국,채권,채권,미국 국채 만기미확인 등급미확인,BOND_미국-국채-만기미확인-등급미확인-6e6ab9de27,bond_coupon|neutral|1X,N,needs_review:1,"채권·미국 노출, 채권 / 미국 국채 만기미확인 등급미확인 투자대상, bond_coupon|neutral|1X 수익·손실 구조를 공통 기준으로 사용"
PG-PENDING-0226A0-a1973af1a5,국내 채권 만기미확인 등급미확인 · bond_coupon,1,채권,국내,채권,채권,국내 채권 만기미확인 등급미확인,BOND_국내-채권-만기미확인-등급미확인-893e3e68b3,bond_coupon|neutral|1X,N,needs_review:1,"채권·국내 노출, 채권 / 국내 채권 만기미확인 등급미확인 투자대상, bond_coupon|neutral|1X 수익·손실 구조를 공통 기준으로 사용"
PG-PENDING-0226G0-1d99142ced,국내 미확인 주식전략 · plain,1,주식,국내,기타특수구조,미확인 주식전략,국내 미확인 주식전략,미확인-주식전략-국내-미확인-주식전략-46eed209b8,plain|neutral|1X,N,needs_review:1,"주식·국내 노출, 기타특수구조 / 국내 미확인 주식전략 투자대상, plain|neutral|1X 수익·손실 구조를 공통 기준으로 사용"
PG-PENDING-069500-240ee382e4,국내 미확인 주식전략 · plain,1,주식,국내,기타특수구조,미확인 주식전략,국내 미확인 주식전략,미확인-주식전략-국내-미확인-주식전략-46eed209b8,plain|neutral|1X,N,needs_review:1,"주식·국내 노출, 기타특수구조 / 국내 미확인 주식전략 투자대상, plain|neutral|1X 수익·손실 구조를 공통 기준으로 사용"
PG-PENDING-069660-b126cc7e7c,국내 미확인 주식전략 · plain,1,주식,국내,기타특수구조,미확인 주식전략,국내 미확인 주식전략,미확인-주식전략-국내-미확인-주식전략-46eed209b8,plain|neutral|1X,N,needs_review:1,"주식·국내 노출, 기타특수구조 / 국내 미확인 주식전략 투자대상, plain|neutral|1X 수익·손실 구조를 공통 기준으로 사용"
PG-PENDING-091170-0794ea3207,기타원자재 futures · futures,1,원자재,해당없음,원자재,기타원자재,기타원자재 futures,COMMODITY_기타원자재-FUTURES-e9bbd8bb27,futures|neutral|1X,N,conflict:1,"원자재·해당없음 노출, 원자재 / 기타원자재 futures 투자대상, futures|neutral|1X 수익·손실 구조를 공통 기준으로 사용"
PG-PENDING-091220-2c110cd2c9,기타원자재 futures · futures,1,원자재,해당없음,원자재,기타원자재,기타원자재 futures,COMMODITY_기타원자재-FUTURES-e9bbd8bb27,futures|neutral|1X,N,conflict:1,"원자재·해당없음 노출, 원자재 / 기타원자재 futures 투자대상, futures|neutral|1X 수익·손실 구조를 공통 기준으로 사용"
PG-PENDING-099140-763f1dbf99,중국 미확인 주식전략 · plain,1,주식,중국,기타특수구조,미확인 주식전략,중국 미확인 주식전략,미확인-주식전략-중국-미확인-주식전략-526c3d6249,plain|neutral|1X,N,needs_review:1,"주식·중국 노출, 기타특수구조 / 중국 미확인 주식전략 투자대상, plain|neutral|1X 수익·손실 구조를 공통 기준으로 사용"
PG-PENDING-100910-2a5193058d,국내 미확인 주식전략 · plain,1,주식,국내,기타특수구조,미확인 주식전략,국내 미확인 주식전략,미확인-주식전략-국내-미확인-주식전략-46eed209b8,plain|neutral|1X,N,needs_review:1,"주식·국내 노출, 기타특수구조 / 국내 미확인 주식전략 투자대상, plain|neutral|1X 수익·손실 구조를 공통 기준으로 사용"
PG-PENDING-101280-76b17e2628,일본 미확인 주식전략 · plain,1,주식,일본,기타특수구조,미확인 주식전략,일본 미확인 주식전략,미확인-주식전략-일본-미확인-주식전략-aa68fbbd45,plain|neutral|1X,N,needs_review:1,"주식·일본 노출, 기타특수구조 / 일본 미확인 주식전략 투자대상, plain|neutral|1X 수익·손실 구조를 공통 기준으로 사용"
PG-PENDING-102110-04e359ab09,국내 미확인 주식전략 · plain,1,주식,국내,기타특수구조,미확인 주식전략,국내 미확인 주식전략,미확인-주식전략-국내-미확인-주식전략-46eed209b8,plain|neutral|1X,N,needs_review:1,"주식·국내 노출, 기타특수구조 / 국내 미확인 주식전략 투자대상, plain|neutral|1X 수익·손실 구조를 공통 기준으로 사용"
PG-PENDING-102960-9ce47fe615,국내 미확인 주식전략 · plain,1,주식,국내,기타특수구조,미확인 주식전략,국내 미확인 주식전략,미확인-주식전략-국내-미확인-주식전략-46eed209b8,plain|neutral|1X,N,needs_review:1,"주식·국내 노출, 기타특수구조 / 국내 미확인 주식전략 투자대상, plain|neutral|1X 수익·손실 구조를 공통 기준으로 사용"
PG-PENDING-104520-7570160de5,국내 미확인 주식전략 · plain,1,주식,국내,기타특수구조,미확인 주식전략,국내 미확인 주식전략,미확인-주식전략-국내-미확인-주식전략-46eed209b8,plain|neutral|1X,N,needs_review:1,"주식·국내 노출, 기타특수구조 / 국내 미확인 주식전략 투자대상, plain|neutral|1X 수익·손실 구조를 공통 기준으로 사용"
PG-PENDING-105010-ca59d2b222,기타국가 미확인 주식전략 · plain,1,주식,기타국가,기타특수구조,미확인 주식전략,기타국가 미확인 주식전략,미확인-주식전략-기타국가-미확인-주식전략-cd16f2b14c,plain|neutral|1X,N,needs_review:1,"주식·기타국가 노출, 기타특수구조 / 기타국가 미확인 주식전략 투자대상, plain|neutral|1X 수익·손실 구조를 공통 기준으로 사용"
PG-PENDING-105190-9984b080a8,국내 미확인 주식전략 · plain,1,주식,국내,기타특수구조,미확인 주식전략,국내 미확인 주식전략,미확인-주식전략-국내-미확인-주식전략-46eed209b8,plain|neutral|1X,N,needs_review:1,"주식·국내 노출, 기타특수구조 / 국내 미확인 주식전략 투자대상, plain|neutral|1X 수익·손실 구조를 공통 기준으로 사용"
PG-PENDING-108590-e62f75e949,국내 미확인 주식전략 · plain,1,주식,국내,기타특수구조,미확인 주식전략,국내 미확인 주식전략,미확인-주식전략-국내-미확인-주식전략-46eed209b8,plain|neutral|1X,N,needs_review:1,"주식·국내 노출, 기타특수구조 / 국내 미확인 주식전략 투자대상, plain|neutral|1X 수익·손실 구조를 공통 기준으로 사용"
PG-PENDING-114100-2b61496b0d,국내 채권 단기 등급미확인 · bond_coupon,1,채권,국내,채권,채권,국내 채권 단기 등급미확인,BOND_국내-채권-단기-등급미확인-afa2e5ef57,bond_coupon|neutral|1X,N,needs_review:1,"채권·국내 노출, 채권 / 국내 채권 단기 등급미확인 투자대상, bond_coupon|neutral|1X 수익·손실 구조를 공통 기준으로 사용"
PG-PENDING-114260-5cee14bbca,국내 채권 단기 등급미확인 · bond_coupon,1,채권,국내,채권,채권,국내 채권 단기 등급미확인,BOND_국내-채권-단기-등급미확인-afa2e5ef57,bond_coupon|neutral|1X,N,needs_review:1,"채권·국내 노출, 채권 / 국내 채권 단기 등급미확인 투자대상, bond_coupon|neutral|1X 수익·손실 구조를 공통 기준으로 사용"
PG-PENDING-114460-fde1616dc2,국내 채권 단기 등급미확인 · bond_coupon,1,채권,국내,채권,채권,국내 채권 단기 등급미확인,BOND_국내-채권-단기-등급미확인-afa2e5ef57,bond_coupon|neutral|1X,N,needs_review:1,"채권·국내 노출, 채권 / 국내 채권 단기 등급미확인 투자대상, bond_coupon|neutral|1X 수익·손실 구조를 공통 기준으로 사용"
PG-PENDING-114470-e91e902d0e,국내 채권 단기 등급미확인 · bond_coupon,1,채권,국내,채권,채권,국내 채권 단기 등급미확인,BOND_국내-채권-단기-등급미확인-afa2e5ef57,bond_coupon|neutral|1X,N,needs_review:1,"채권·국내 노출, 채권 / 국내 채권 단기 등급미확인 투자대상, bond_coupon|neutral|1X 수익·손실 구조를 공통 기준으로 사용"
PG-PENDING-114800-97bfd670e0,국내 미확인 주식전략 · inverse,1,주식,국내,기타특수구조,미확인 주식전략,국내 미확인 주식전략,미확인-주식전략-국내-미확인-주식전략-46eed209b8,inverse|short|1X,N,needs_review:1,"주식·국내 노출, 기타특수구조 / 국내 미확인 주식전략 투자대상, inverse|short|1X 수익·손실 구조를 공통 기준으로 사용"
PG-PENDING-114820-b731db1d4f,국내 국채 단기 등급미확인 · bond_coupon,1,채권,국내,채권,채권,국내 국채 단기 등급미확인,BOND_국내-국채-단기-등급미확인-bddf0c67db,bond_coupon|neutral|1X,N,needs_review:1,"채권·국내 노출, 채권 / 국내 국채 단기 등급미확인 투자대상, bond_coupon|neutral|1X 수익·손실 구조를 공통 기준으로 사용"
PG-PENDING-117690-6bf5b4c805,중국 미확인 주식전략 · plain,1,주식,중국,기타특수구조,미확인 주식전략,중국 미확인 주식전략,미확인-주식전략-중국-미확인-주식전략-526c3d6249,plain|neutral|1X,N,needs_review:1,"주식·중국 노출, 기타특수구조 / 중국 미확인 주식전략 투자대상, plain|neutral|1X 수익·손실 구조를 공통 기준으로 사용"
PG-PENDING-122090-8b9f74d705,국내 미확인 주식전략 · plain,1,주식,국내,기타특수구조,미확인 주식전략,국내 미확인 주식전략,미확인-주식전략-국내-미확인-주식전략-46eed209b8,plain|neutral|1X,N,needs_review:1,"주식·국내 노출, 기타특수구조 / 국내 미확인 주식전략 투자대상, plain|neutral|1X 수익·손실 구조를 공통 기준으로 사용"
PG-PENDING-122260-b4346a9ca9,국내 채권 초단기 등급미확인 · bond_coupon,1,채권,국내,채권,채권,국내 채권 초단기 등급미확인,BOND_국내-채권-초단기-등급미확인-2cd6864612,bond_coupon|neutral|1X,N,conflict:1,"채권·국내 노출, 채권 / 국내 채권 초단기 등급미확인 투자대상, bond_coupon|neutral|1X 수익·손실 구조를 공통 기준으로 사용"
PG-PENDING-122630-83f0c725ba,국내 미확인 주식전략 · leveraged,1,주식,국내,기타특수구조,미확인 주식전략,국내 미확인 주식전략,미확인-주식전략-국내-미확인-주식전략-46eed209b8,leveraged|long|2X,N,needs_review:1,"주식·국내 노출, 기타특수구조 / 국내 미확인 주식전략 투자대상, leveraged|long|2X 수익·손실 구조를 공통 기준으로 사용"
PG-PENDING-123310-2804900442,국내 미확인 주식전략 · inverse,1,주식,국내,기타특수구조,미확인 주식전략,국내 미확인 주식전략,미확인-주식전략-국내-미확인-주식전략-46eed209b8,inverse|short|1X,N,needs_review:1,"주식·국내 노출, 기타특수구조 / 국내 미확인 주식전략 투자대상, inverse|short|1X 수익·손실 구조를 공통 기준으로 사용"
PG-PENDING-123320-0b7e74a8a5,국내 미확인 주식전략 · leveraged,1,주식,국내,기타특수구조,미확인 주식전략,국내 미확인 주식전략,미확인-주식전략-국내-미확인-주식전략-46eed209b8,leveraged|long|2X,N,needs_review:1,"주식·국내 노출, 기타특수구조 / 국내 미확인 주식전략 투자대상, leveraged|long|2X 수익·손실 구조를 공통 기준으로 사용"
PG-PENDING-136340-d6121d363c,국내 회사채 중기 등급미확인 · bond_coupon,1,채권,국내,채권,채권,국내 회사채 중기 등급미확인,BOND_국내-회사채-중기-등급미확인-d1cc110a46,bond_coupon|neutral|1X,N,needs_review:1,"채권·국내 노출, 채권 / 국내 회사채 중기 등급미확인 투자대상, bond_coupon|neutral|1X 수익·손실 구조를 공통 기준으로 사용"
PG-PENDING-139230-7748eee5b0,국내 미확인 주식전략 · plain,1,주식,국내,기타특수구조,미확인 주식전략,국내 미확인 주식전략,미확인-주식전략-국내-미확인-주식전략-46eed209b8,plain|neutral|1X,N,needs_review:1,"주식·국내 노출, 기타특수구조 / 국내 미확인 주식전략 투자대상, plain|neutral|1X 수익·손실 구조를 공통 기준으로 사용"
PG-PENDING-139260-a708689d8e,국내 미확인 주식전략 · plain,1,주식,국내,기타특수구조,미확인 주식전략,국내 미확인 주식전략,미확인-주식전략-국내-미확인-주식전략-46eed209b8,plain|neutral|1X,N,needs_review:1,"주식·국내 노출, 기타특수구조 / 국내 미확인 주식전략 투자대상, plain|neutral|1X 수익·손실 구조를 공통 기준으로 사용"
PG-PENDING-139280-a3d242023f,국내 미확인 주식전략 · plain,1,주식,국내,기타특수구조,미확인 주식전략,국내 미확인 주식전략,미확인-주식전략-국내-미확인-주식전략-46eed209b8,plain|neutral|1X,N,needs_review:1,"주식·국내 노출, 기타특수구조 / 국내 미확인 주식전략 투자대상, plain|neutral|1X 수익·손실 구조를 공통 기준으로 사용"
PG-PENDING-139290-c4f036d679,국내 미확인 주식전략 · plain,1,주식,국내,기타특수구조,미확인 주식전략,국내 미확인 주식전략,미확인-주식전략-국내-미확인-주식전략-46eed209b8,plain|neutral|1X,N,needs_review:1,"주식·국내 노출, 기타특수구조 / 국내 미확인 주식전략 투자대상, plain|neutral|1X 수익·손실 구조를 공통 기준으로 사용"
PG-PENDING-140570-e111a39e09,국내 미확인 주식전략 · plain,1,주식,국내,기타특수구조,미확인 주식전략,국내 미확인 주식전략,미확인-주식전략-국내-미확인-주식전략-46eed209b8,plain|neutral|1X,N,needs_review:1,"주식·국내 노출, 기타특수구조 / 국내 미확인 주식전략 투자대상, plain|neutral|1X 수익·손실 구조를 공통 기준으로 사용"
PG-PENDING-140580-c58caa7f47,국내 미확인 주식전략 · plain,1,주식,국내,기타특수구조,미확인 주식전략,국내 미확인 주식전략,미확인-주식전략-국내-미확인-주식전략-46eed209b8,plain|neutral|1X,N,needs_review:1,"주식·국내 노출, 기타특수구조 / 국내 미확인 주식전략 투자대상, plain|neutral|1X 수익·손실 구조를 공통 기준으로 사용"
PG-PENDING-140710-4e793c9a2b,국내 미확인 주식전략 · plain,1,주식,국내,기타특수구조,미확인 주식전략,국내 미확인 주식전략,미확인-주식전략-국내-미확인-주식전략-46eed209b8,plain|neutral|1X,N,needs_review:1,"주식·국내 노출, 기타특수구조 / 국내 미확인 주식전략 투자대상, plain|neutral|1X 수익·손실 구조를 공통 기준으로 사용"
PG-PENDING-140950-f6bf1850d4,국내 미확인 주식전략 · plain,1,주식,국내,기타특수구조,미확인 주식전략,국내 미확인 주식전략,미확인-주식전략-국내-미확인-주식전략-46eed209b8,plain|neutral|1X,N,needs_review:1,"주식·국내 노출, 기타특수구조 / 국내 미확인 주식전략 투자대상, plain|neutral|1X 수익·손실 구조를 공통 기준으로 사용"
PG-PENDING-145670-a45617f711,국내 미확인 주식전략 · inverse,1,주식,국내,기타특수구조,미확인 주식전략,국내 미확인 주식전략,미확인-주식전략-국내-미확인-주식전략-46eed209b8,inverse|short|1X,N,needs_review:1,"주식·국내 노출, 기타특수구조 / 국내 미확인 주식전략 투자대상, inverse|short|1X 수익·손실 구조를 공통 기준으로 사용"
PG-PENDING-145850-e75a5f8fa3,국내 미확인 주식전략 · plain,1,주식,국내,기타특수구조,미확인 주식전략,국내 미확인 주식전략,미확인-주식전략-국내-미확인-주식전략-46eed209b8,plain|neutral|1X,N,needs_review:1,"주식·국내 노출, 기타특수구조 / 국내 미확인 주식전략 투자대상, plain|neutral|1X 수익·손실 구조를 공통 기준으로 사용"
PG-PENDING-148020-22ba7f454a,국내 미확인 주식전략 · plain,1,주식,국내,기타특수구조,미확인 주식전략,국내 미확인 주식전략,미확인-주식전략-국내-미확인-주식전략-46eed209b8,plain|neutral|1X,N,needs_review:1,"주식·국내 노출, 기타특수구조 / 국내 미확인 주식전략 투자대상, plain|neutral|1X 수익·손실 구조를 공통 기준으로 사용"
PG-PENDING-148070-2e41043887,국내 채권 장기 등급미확인 · bond_coupon,1,채권,국내,채권,채권,국내 채권 장기 등급미확인,BOND_국내-채권-장기-등급미확인-f457d22418,bond_coupon|neutral|1X,N,needs_review:1,"채권·국내 노출, 채권 / 국내 채권 장기 등급미확인 투자대상, bond_coupon|neutral|1X 수익·손실 구조를 공통 기준으로 사용"
PG-PENDING-150460-492627aee2,국내 미확인 주식전략 · plain,1,주식,국내,기타특수구조,미확인 주식전략,국내 미확인 주식전략,미확인-주식전략-국내-미확인-주식전략-46eed209b8,plain|neutral|1X,N,needs_review:1,"주식·국내 노출, 기타특수구조 / 국내 미확인 주식전략 투자대상, plain|neutral|1X 수익·손실 구조를 공통 기준으로 사용"
PG-PENDING-152100-ff6e13f9d4,국내 미확인 주식전략 · plain,1,주식,국내,기타특수구조,미확인 주식전략,국내 미확인 주식전략,미확인-주식전략-국내-미확인-주식전략-46eed209b8,plain|neutral|1X,N,needs_review:1,"주식·국내 노출, 기타특수구조 / 국내 미확인 주식전략 투자대상, plain|neutral|1X 수익·손실 구조를 공통 기준으로 사용"
PG-PENDING-152380-ba19aa6222,국내 국채 장기 등급미확인 · bond_coupon,1,채권,국내,채권,채권,국내 국채 장기 등급미확인,BOND_국내-국채-장기-등급미확인-46cc7d575b,bond_coupon|neutral|1X,N,needs_review:1,"채권·국내 노출, 채권 / 국내 국채 장기 등급미확인 투자대상, bond_coupon|neutral|1X 수익·손실 구조를 공통 기준으로 사용"
PG-PENDING-152500-db9948a698,국내 미확인 주식전략 · leveraged,1,주식,국내,기타특수구조,미확인 주식전략,국내 미확인 주식전략,미확인-주식전략-국내-미확인-주식전략-46eed209b8,leveraged|long|2X,N,needs_review:1,"주식·국내 노출, 기타특수구조 / 국내 미확인 주식전략 투자대상, leveraged|long|2X 수익·손실 구조를 공통 기준으로 사용"
PG-PENDING-152870-b3f6a040fd,국내 미확인 주식전략 · plain,1,주식,국내,기타특수구조,미확인 주식전략,국내 미확인 주식전략,미확인-주식전략-국내-미확인-주식전략-46eed209b8,plain|neutral|1X,N,needs_review:1,"주식·국내 노출, 기타특수구조 / 국내 미확인 주식전략 투자대상, plain|neutral|1X 수익·손실 구조를 공통 기준으로 사용"
PG-PENDING-153130-00a6c398fc,국내 채권 단기 등급미확인 · bond_coupon,1,채권,국내,채권,채권,국내 채권 단기 등급미확인,BOND_국내-채권-단기-등급미확인-afa2e5ef57,bond_coupon|neutral|1X,N,needs_review:1,"채권·국내 노출, 채권 / 국내 채권 단기 등급미확인 투자대상, bond_coupon|neutral|1X 수익·손실 구조를 공통 기준으로 사용"
PG-PENDING-153270-d6dc9b15b3,국내 미확인 주식전략 · plain,1,주식,국내,기타특수구조,미확인 주식전략,국내 미확인 주식전략,미확인-주식전략-국내-미확인-주식전략-46eed209b8,plain|neutral|1X,N,needs_review:1,"주식·국내 노출, 기타특수구조 / 국내 미확인 주식전략 투자대상, plain|neutral|1X 수익·손실 구조를 공통 기준으로 사용"
PG-PENDING-156080-7f97a83378,국내 미확인 주식전략 · plain,1,주식,국내,기타특수구조,미확인 주식전략,국내 미확인 주식전략,미확인-주식전략-국내-미확인-주식전략-46eed209b8,plain|neutral|1X,N,needs_review:1,"주식·국내 노출, 기타특수구조 / 국내 미확인 주식전략 투자대상, plain|neutral|1X 수익·손실 구조를 공통 기준으로 사용"
PG-PENDING-157450-999a8e23e0,국내 채권 단기 등급미확인 · bond_coupon,1,채권,국내,채권,채권,국내 채권 단기 등급미확인,BOND_국내-채권-단기-등급미확인-afa2e5ef57,bond_coupon|neutral|1X,N,conflict:1,"채권·국내 노출, 채권 / 국내 채권 단기 등급미확인 투자대상, bond_coupon|neutral|1X 수익·손실 구조를 공통 기준으로 사용"
PG-PENDING-157490-12fc197bb1,국내 미확인 주식전략 · plain,1,주식,국내,기타특수구조,미확인 주식전략,국내 미확인 주식전략,미확인-주식전략-국내-미확인-주식전략-46eed209b8,plain|neutral|1X,N,needs_review:1,"주식·국내 노출, 기타특수구조 / 국내 미확인 주식전략 투자대상, plain|neutral|1X 수익·손실 구조를 공통 기준으로 사용"
PG-PENDING-159800-2fafb3890f,국내 미확인 주식전략 · plain,1,주식,국내,기타특수구조,미확인 주식전략,국내 미확인 주식전략,미확인-주식전략-국내-미확인-주식전략-46eed209b8,plain|neutral|1X,N,needs_review:1,"주식·국내 노출, 기타특수구조 / 국내 미확인 주식전략 투자대상, plain|neutral|1X 수익·손실 구조를 공통 기준으로 사용"
PG-PENDING-166400-fee801ef38,국내 미확인 주식전략 · covered_call,1,주식,국내,기타특수구조,미확인 주식전략,국내 미확인 주식전략,미확인-주식전략-국내-미확인-주식전략-46eed209b8,covered_call|neutral|1X,N,needs_review:1,"주식·국내 노출, 기타특수구조 / 국내 미확인 주식전략 투자대상, covered_call|neutral|1X 수익·손실 구조를 공통 기준으로 사용"
PG-PENDING-167860-dbfdf5b2dd,국내 채권 장기 등급미확인 · bond_coupon,1,채권,국내,채권,채권,국내 채권 장기 등급미확인,BOND_국내-채권-장기-등급미확인-f457d22418,bond_coupon|long|2X,N,needs_review:1,"채권·국내 노출, 채권 / 국내 채권 장기 등급미확인 투자대상, bond_coupon|long|2X 수익·손실 구조를 공통 기준으로 사용"
PG-PENDING-168580-f7bfd23b14,중국 미확인 주식전략 · plain,1,주식,중국,기타특수구조,미확인 주식전략,중국 미확인 주식전략,미확인-주식전략-중국-미확인-주식전략-526c3d6249,plain|neutral|1X,N,needs_review:1,"주식·중국 노출, 기타특수구조 / 중국 미확인 주식전략 투자대상, plain|neutral|1X 수익·손실 구조를 공통 기준으로 사용"
PG-PENDING-169950-e4de3024b4,중국 미확인 주식전략 · plain,1,주식,중국,기타특수구조,미확인 주식전략,중국 미확인 주식전략,미확인-주식전략-중국-미확인-주식전략-526c3d6249,plain|neutral|1X,N,needs_review:1,"주식·중국 노출, 기타특수구조 / 중국 미확인 주식전략 투자대상, plain|neutral|1X 수익·손실 구조를 공통 기준으로 사용"
PG-PENDING-174350-217e392c46,국내 미확인 주식전략 · plain,1,주식,국내,기타특수구조,미확인 주식전략,국내 미확인 주식전략,미확인-주식전략-국내-미확인-주식전략-46eed209b8,plain|neutral|1X,N,needs_review:1,"주식·국내 노출, 기타특수구조 / 국내 미확인 주식전략 투자대상, plain|neutral|1X 수익·손실 구조를 공통 기준으로 사용"
PG-PENDING-176950-5543ccd93a,국내 국채 장기 등급미확인 · bond_coupon,1,채권,국내,채권,채권,국내 국채 장기 등급미확인,BOND_국내-국채-장기-등급미확인-46cc7d575b,bond_coupon|short|1X,N,needs_review:1,"채권·국내 노출, 채권 / 국내 국채 장기 등급미확인 투자대상, bond_coupon|short|1X 수익·손실 구조를 공통 기준으로 사용"
PG-PENDING-183700-a5d2575f7a,국내 채권 만기미확인 등급미확인 · bond_coupon,1,채권,국내,채권,채권,국내 채권 만기미확인 등급미확인,BOND_국내-채권-만기미확인-등급미확인-893e3e68b3,bond_coupon|neutral|1X,N,needs_review:1,"채권·국내 노출, 채권 / 국내 채권 만기미확인 등급미확인 투자대상, bond_coupon|neutral|1X 수익·손실 구조를 공통 기준으로 사용"
PG-PENDING-183710-e54fadcdb9,국내 국채 만기미확인 등급미확인 · bond_coupon,1,채권,국내,채권,채권,국내 국채 만기미확인 등급미확인,BOND_국내-국채-만기미확인-등급미확인-bf9416de66,bond_coupon|neutral|1X,N,needs_review:1,"채권·국내 노출, 채권 / 국내 국채 만기미확인 등급미확인 투자대상, bond_coupon|neutral|1X 수익·손실 구조를 공통 기준으로 사용"
PG-PENDING-185680-0f74a75e37,미국 국채 만기미확인 등급미확인 · bond_coupon,1,채권,미국,채권,채권,미국 국채 만기미확인 등급미확인,BOND_미국-국채-만기미확인-등급미확인-6e6ab9de27,bond_coupon|neutral|1X,N,conflict:1,"채권·미국 노출, 채권 / 미국 국채 만기미확인 등급미확인 투자대상, bond_coupon|neutral|1X 수익·손실 구조를 공통 기준으로 사용"
PG-PENDING-189400-71d1b75bcf,미국 미확인 주식전략 · plain,1,주식,미국,기타특수구조,미확인 주식전략,미국 미확인 주식전략,미확인-주식전략-미국-미확인-주식전략-bf6afc4d9f,plain|neutral|1X,N,needs_review:1,"주식·미국 노출, 기타특수구조 / 미국 미확인 주식전략 투자대상, plain|neutral|1X 수익·손실 구조를 공통 기준으로 사용"
PG-PENDING-190620-2a54282c18,국내 채권 단기 등급미확인 · bond_coupon,1,채권,국내,채권,채권,국내 채권 단기 등급미확인,BOND_국내-채권-단기-등급미확인-afa2e5ef57,bond_coupon|neutral|1X,N,conflict:1,"채권·국내 노출, 채권 / 국내 채권 단기 등급미확인 투자대상, bond_coupon|neutral|1X 수익·손실 구조를 공통 기준으로 사용"
PG-PENDING-192090-0c42182373,중국 미확인 주식전략 · plain,1,주식,중국,기타특수구조,미확인 주식전략,중국 미확인 주식전략,미확인-주식전략-중국-미확인-주식전략-526c3d6249,plain|neutral|1X,N,needs_review:1,"주식·중국 노출, 기타특수구조 / 중국 미확인 주식전략 투자대상, plain|neutral|1X 수익·손실 구조를 공통 기준으로 사용"
PG-PENDING-195920-8d09dcc2ac,일본 미확인 주식전략 · plain,1,주식,일본,기타특수구조,미확인 주식전략,일본 미확인 주식전략,미확인-주식전략-일본-미확인-주식전략-aa68fbbd45,plain|neutral|1X,N,needs_review:1,"주식·일본 노출, 기타특수구조 / 일본 미확인 주식전략 투자대상, plain|neutral|1X 수익·손실 구조를 공통 기준으로 사용"
PG-PENDING-195930-9709bb233a,유럽 미확인 주식전략 · plain,1,주식,유럽,기타특수구조,미확인 주식전략,유럽 미확인 주식전략,미확인-주식전략-유럽-미확인-주식전략-fda82dbade,plain|neutral|1X,N,needs_review:1,"주식·유럽 노출, 기타특수구조 / 유럽 미확인 주식전략 투자대상, plain|neutral|1X 수익·손실 구조를 공통 기준으로 사용"
PG-PENDING-195970-293febbea7,미국 미확인 주식전략 · plain,1,주식,미국,기타특수구조,미확인 주식전략,미국 미확인 주식전략,미확인-주식전략-미국-미확인-주식전략-bf6afc4d9f,plain|neutral|1X,N,needs_review:1,"주식·미국 노출, 기타특수구조 / 미국 미확인 주식전략 투자대상, plain|neutral|1X 수익·손실 구조를 공통 기준으로 사용"
PG-PENDING-195980-1412e33d38,미국 미확인 주식전략 · plain,1,주식,미국,기타특수구조,미확인 주식전략,미국 미확인 주식전략,미확인-주식전략-미국-미확인-주식전략-bf6afc4d9f,plain|neutral|1X,N,needs_review:1,"주식·미국 노출, 기타특수구조 / 미국 미확인 주식전략 투자대상, plain|neutral|1X 수익·손실 구조를 공통 기준으로 사용"
PG-PENDING-196030-fc463f276f,일본 미확인 주식전략 · leveraged,1,주식,일본,기타특수구조,미확인 주식전략,일본 미확인 주식전략,미확인-주식전략-일본-미확인-주식전략-aa68fbbd45,leveraged|long|2X,N,needs_review:1,"주식·일본 노출, 기타특수구조 / 일본 미확인 주식전략 투자대상, leveraged|long|2X 수익·손실 구조를 공통 기준으로 사용"
PG-PENDING-196230-647e6ed5ab,국내 채권 단기 등급미확인 · bond_coupon,1,채권,국내,채권,채권,국내 채권 단기 등급미확인,BOND_국내-채권-단기-등급미확인-afa2e5ef57,bond_coupon|neutral|1X,N,conflict:1,"채권·국내 노출, 채권 / 국내 채권 단기 등급미확인 투자대상, bond_coupon|neutral|1X 수익·손실 구조를 공통 기준으로 사용"
PG-PENDING-200030-ae701be9a0,미국 국채 만기미확인 등급미확인 · bond_coupon,1,채권,미국,채권,채권,미국 국채 만기미확인 등급미확인,S&P500,bond_coupon|neutral|1X,N,conflict:1,"채권·미국 노출, 채권 / 미국 국채 만기미확인 등급미확인 투자대상, bond_coupon|neutral|1X 수익·손실 구조를 공통 기준으로 사용"
PG-PENDING-200250-5bb4c8f6a3,인도 미확인 주식전략 · plain,1,주식,인도,기타특수구조,미확인 주식전략,인도 미확인 주식전략,미확인-주식전략-인도-미확인-주식전략-69bd615628,plain|neutral|1X,N,needs_review:1,"주식·인도 노출, 기타특수구조 / 인도 미확인 주식전략 투자대상, plain|neutral|1X 수익·손실 구조를 공통 기준으로 사용"
PG-PENDING-204450-a538fd120a,중국 미확인 주식전략 · leveraged,1,주식,중국,기타특수구조,미확인 주식전략,중국 미확인 주식전략,미확인-주식전략-중국-미확인-주식전략-526c3d6249,leveraged|long|2X,N,needs_review:1,"주식·중국 노출, 기타특수구조 / 중국 미확인 주식전략 투자대상, leveraged|long|2X 수익·손실 구조를 공통 기준으로 사용"
PG-PENDING-204480-5f3dedb1ad,중국 미확인 주식전략 · leveraged,1,주식,중국,기타특수구조,미확인 주식전략,중국 미확인 주식전략,미확인-주식전략-중국-미확인-주식전략-526c3d6249,leveraged|long|2X,N,needs_review:1,"주식·중국 노출, 기타특수구조 / 중국 미확인 주식전략 투자대상, leveraged|long|2X 수익·손실 구조를 공통 기준으로 사용"
PG-PENDING-205720-330305f395,일본 미확인 주식전략 · inverse,1,주식,일본,기타특수구조,미확인 주식전략,일본 미확인 주식전략,미확인-주식전략-일본-미확인-주식전략-aa68fbbd45,inverse|short|1X,N,needs_review:1,"주식·일본 노출, 기타특수구조 / 일본 미확인 주식전략 투자대상, inverse|short|1X 수익·손실 구조를 공통 기준으로 사용"
PG-PENDING-214980-4f095cdb72,국내 채권 단기 등급미확인 · bond_coupon,1,채권,국내,채권,채권,국내 채권 단기 등급미확인,BOND_국내-채권-단기-등급미확인-afa2e5ef57,bond_coupon|neutral|1X,N,needs_review:1,"채권·국내 노출, 채권 / 국내 채권 단기 등급미확인 투자대상, bond_coupon|neutral|1X 수익·손실 구조를 공통 기준으로 사용"
PG-PENDING-217780-4e0e50b314,중국 미확인 주식전략 · inverse,1,주식,중국,기타특수구조,미확인 주식전략,중국 미확인 주식전략,미확인-주식전략-중국-미확인-주식전략-526c3d6249,inverse|short|1X,N,needs_review:1,"주식·중국 노출, 기타특수구조 / 중국 미확인 주식전략 투자대상, inverse|short|1X 수익·손실 구조를 공통 기준으로 사용"
PG-PENDING-219390-13cd29242e,미국 국채 만기미확인 등급미확인 · bond_coupon,1,채권,미국,채권,채권,미국 국채 만기미확인 등급미확인,BOND_미국-국채-만기미확인-등급미확인-6e6ab9de27,bond_coupon|neutral|1X,N,conflict:1,"채권·미국 노출, 채권 / 미국 국채 만기미확인 등급미확인 투자대상, bond_coupon|neutral|1X 수익·손실 구조를 공통 기준으로 사용"
PG-PENDING-219900-eeb0579ebe,중국 미확인 주식전략 · leveraged,1,주식,중국,기타특수구조,미확인 주식전략,중국 미확인 주식전략,미확인-주식전략-중국-미확인-주식전략-526c3d6249,leveraged|long|2X,N,needs_review:1,"주식·중국 노출, 기타특수구조 / 중국 미확인 주식전략 투자대상, leveraged|long|2X 수익·손실 구조를 공통 기준으로 사용"
PG-PENDING-220130-57f9ddf14d,중국 미확인 주식전략 · plain,1,주식,중국,기타특수구조,미확인 주식전략,중국 미확인 주식전략,미확인-주식전략-중국-미확인-주식전략-526c3d6249,plain|neutral|1X,N,needs_review:1,"주식·중국 노출, 기타특수구조 / 중국 미확인 주식전략 투자대상, plain|neutral|1X 수익·손실 구조를 공통 기준으로 사용"
PG-PENDING-225050-6cf97abd67,유럽 미확인 주식전략 · leveraged,1,주식,유럽,기타특수구조,미확인 주식전략,유럽 미확인 주식전략,미확인-주식전략-유럽-미확인-주식전략-fda82dbade,leveraged|long|2X,N,needs_review:1,"주식·유럽 노출, 기타특수구조 / 유럽 미확인 주식전략 투자대상, leveraged|long|2X 수익·손실 구조를 공통 기준으로 사용"
PG-PENDING-225060-1c3af55ee7,글로벌 미확인 주식전략 · leveraged,1,주식,글로벌,기타특수구조,미확인 주식전략,글로벌 미확인 주식전략,미확인-주식전략-글로벌-미확인-주식전략-d0f070a455,leveraged|long|2X,N,needs_review:1,"주식·글로벌 노출, 기타특수구조 / 글로벌 미확인 주식전략 투자대상, leveraged|long|2X 수익·손실 구조를 공통 기준으로 사용"
PG-PENDING-226490-4d1ae30700,국내 미확인 주식전략 · plain,1,주식,국내,기타특수구조,미확인 주식전략,국내 미확인 주식전략,미확인-주식전략-국내-미확인-주식전략-46eed209b8,plain|neutral|1X,N,needs_review:1,"주식·국내 노출, 기타특수구조 / 국내 미확인 주식전략 투자대상, plain|neutral|1X 수익·손실 구조를 공통 기준으로 사용"
PG-PENDING-227550-63eff22c22,국내 미확인 주식전략 · plain,1,주식,국내,기타특수구조,미확인 주식전략,국내 미확인 주식전략,미확인-주식전략-국내-미확인-주식전략-46eed209b8,plain|neutral|1X,N,needs_review:1,"주식·국내 노출, 기타특수구조 / 국내 미확인 주식전략 투자대상, plain|neutral|1X 수익·손실 구조를 공통 기준으로 사용"
PG-PENDING-227560-7f99094048,국내 미확인 주식전략 · plain,1,주식,국내,기타특수구조,미확인 주식전략,국내 미확인 주식전략,미확인-주식전략-국내-미확인-주식전략-46eed209b8,plain|neutral|1X,N,needs_review:1,"주식·국내 노출, 기타특수구조 / 국내 미확인 주식전략 투자대상, plain|neutral|1X 수익·손실 구조를 공통 기준으로 사용"
PG-PENDING-227830-caf44c86ea,국내 미확인 주식전략 · plain,1,주식,국내,기타특수구조,미확인 주식전략,국내 미확인 주식전략,미확인-주식전략-국내-미확인-주식전략-46eed209b8,plain|neutral|1X,N,needs_review:1,"주식·국내 노출, 기타특수구조 / 국내 미확인 주식전략 투자대상, plain|neutral|1X 수익·손실 구조를 공통 기준으로 사용"
PG-PENDING-228800-761433e04a,국내 미확인 주식전략 · plain,1,주식,국내,기타특수구조,미확인 주식전략,국내 미확인 주식전략,미확인-주식전략-국내-미확인-주식전략-46eed209b8,plain|neutral|1X,N,needs_review:1,"주식·국내 노출, 기타특수구조 / 국내 미확인 주식전략 투자대상, plain|neutral|1X 수익·손실 구조를 공통 기준으로 사용"
PG-PENDING-228820-fe950a870b,국내 미확인 주식전략 · plain,1,주식,국내,기타특수구조,미확인 주식전략,국내 미확인 주식전략,미확인-주식전략-국내-미확인-주식전략-46eed209b8,plain|neutral|1X,N,needs_review:1,"주식·국내 노출, 기타특수구조 / 국내 미확인 주식전략 투자대상, plain|neutral|1X 수익·손실 구조를 공통 기준으로 사용"
PG-PENDING-229200-85b03654e8,국내 미확인 주식전략 · plain,1,주식,국내,기타특수구조,미확인 주식전략,국내 미확인 주식전략,미확인-주식전략-국내-미확인-주식전략-46eed209b8,plain|neutral|1X,N,needs_review:1,"주식·국내 노출, 기타특수구조 / 국내 미확인 주식전략 투자대상, plain|neutral|1X 수익·손실 구조를 공통 기준으로 사용"
PG-PENDING-229720-1d2512bfb5,국내 미확인 주식전략 · plain,1,주식,국내,기타특수구조,미확인 주식전략,국내 미확인 주식전략,미확인-주식전략-국내-미확인-주식전략-46eed209b8,plain|neutral|1X,N,needs_review:1,"주식·국내 노출, 기타특수구조 / 국내 미확인 주식전략 투자대상, plain|neutral|1X 수익·손실 구조를 공통 기준으로 사용"
PG-PENDING-232080-b7cc95b3f9,국내 미확인 주식전략 · plain,1,주식,국내,기타특수구조,미확인 주식전략,국내 미확인 주식전략,미확인-주식전략-국내-미확인-주식전략-46eed209b8,plain|neutral|1X,N,needs_review:1,"주식·국내 노출, 기타특수구조 / 국내 미확인 주식전략 투자대상, plain|neutral|1X 수익·손실 구조를 공통 기준으로 사용"
PG-PENDING-233160-ec00eb8bee,국내 미확인 주식전략 · leveraged,1,주식,국내,기타특수구조,미확인 주식전략,국내 미확인 주식전략,미확인-주식전략-국내-미확인-주식전략-46eed209b8,leveraged|long|2X,N,needs_review:1,"주식·국내 노출, 기타특수구조 / 국내 미확인 주식전략 투자대상, leveraged|long|2X 수익·손실 구조를 공통 기준으로 사용"
PG-PENDING-233740-9aa4cc70a9,국내 미확인 주식전략 · leveraged,1,주식,국내,기타특수구조,미확인 주식전략,국내 미확인 주식전략,미확인-주식전략-국내-미확인-주식전략-46eed209b8,leveraged|long|2X,N,needs_review:1,"주식·국내 노출, 기타특수구조 / 국내 미확인 주식전략 투자대상, leveraged|long|2X 수익·손실 구조를 공통 기준으로 사용"
PG-PENDING-234310-5f221616d2,국내 미확인 주식전략 · plain,1,주식,국내,기타특수구조,미확인 주식전략,국내 미확인 주식전략,미확인-주식전략-국내-미확인-주식전략-46eed209b8,plain|neutral|1X,N,needs_review:1,"주식·국내 노출, 기타특수구조 / 국내 미확인 주식전략 투자대상, plain|neutral|1X 수익·손실 구조를 공통 기준으로 사용"
PG-PENDING-236350-bc79aed75e,인도 미확인 주식전략 · leveraged,1,주식,인도,기타특수구조,미확인 주식전략,인도 미확인 주식전략,미확인-주식전략-인도-미확인-주식전략-69bd615628,leveraged|long|2X,N,needs_review:1,"주식·인도 노출, 기타특수구조 / 인도 미확인 주식전략 투자대상, leveraged|long|2X 수익·손실 구조를 공통 기준으로 사용"
PG-PENDING-237350-7db73f61e2,국내 미확인 주식전략 · plain,1,주식,국내,기타특수구조,미확인 주식전략,국내 미확인 주식전략,미확인-주식전략-국내-미확인-주식전략-46eed209b8,plain|neutral|1X,N,needs_review:1,"주식·국내 노출, 기타특수구조 / 국내 미확인 주식전략 투자대상, plain|neutral|1X 수익·손실 구조를 공통 기준으로 사용"
PG-PENDING-237370-0b3b02e445,국내 채권 만기미확인 등급미확인 · bond_coupon,1,채권,국내,채권,채권,국내 채권 만기미확인 등급미확인,BOND_국내-채권-만기미확인-등급미확인-893e3e68b3,bond_coupon|neutral|1X,N,needs_review:1,"채권·국내 노출, 채권 / 국내 채권 만기미확인 등급미확인 투자대상, bond_coupon|neutral|1X 수익·손실 구조를 공통 기준으로 사용"
PG-PENDING-237440-b4573e35a3,국내 채권 만기미확인 등급미확인 · bond_coupon,1,채권,국내,채권,채권,국내 채권 만기미확인 등급미확인,BOND_국내-채권-만기미확인-등급미확인-893e3e68b3,bond_coupon|neutral|1X,N,needs_review:1,"채권·국내 노출, 채권 / 국내 채권 만기미확인 등급미확인 투자대상, bond_coupon|neutral|1X 수익·손실 구조를 공통 기준으로 사용"
PG-PENDING-238670-8f240dc6fb,국내 채권 만기미확인 등급미확인 · bond_coupon,1,채권,국내,채권,채권,국내 채권 만기미확인 등급미확인,BOND_국내-채권-만기미확인-등급미확인-893e3e68b3,bond_coupon|neutral|1X,N,needs_review:1,"채권·국내 노출, 채권 / 국내 채권 만기미확인 등급미확인 투자대상, bond_coupon|neutral|1X 수익·손실 구조를 공통 기준으로 사용"
PG-PENDING-238720-8fe93f7933,일본 미확인 주식전략 · plain,1,주식,일본,기타특수구조,미확인 주식전략,일본 미확인 주식전략,미확인-주식전략-일본-미확인-주식전략-aa68fbbd45,plain|neutral|1X,N,needs_review:1,"주식·일본 노출, 기타특수구조 / 일본 미확인 주식전략 투자대상, plain|neutral|1X 수익·손실 구조를 공통 기준으로 사용"
PG-PENDING-239660-0258e10bf8,국내 회사채 만기미확인 등급미확인 · bond_coupon,1,채권,국내,채권,채권,국내 회사채 만기미확인 등급미확인,BOND_국내-회사채-만기미확인-등급미확인-2695c4f395,bond_coupon|neutral|1X,N,needs_review:1,"채권·국내 노출, 채권 / 국내 회사채 만기미확인 등급미확인 투자대상, bond_coupon|neutral|1X 수익·손실 구조를 공통 기준으로 사용"
PG-PENDING-241180-92645fff1a,일본 미확인 주식전략 · plain,1,주식,일본,기타특수구조,미확인 주식전략,일본 미확인 주식전략,미확인-주식전략-일본-미확인-주식전략-aa68fbbd45,plain|neutral|1X,N,needs_review:1,"주식·일본 노출, 기타특수구조 / 일본 미확인 주식전략 투자대상, plain|neutral|1X 수익·손실 구조를 공통 기준으로 사용"
PG-PENDING-241390-6a2dac90d7,국내 채권 만기미확인 등급미확인 · bond_coupon,1,채권,국내,채권,채권,국내 채권 만기미확인 등급미확인,BOND_국내-채권-만기미확인-등급미확인-893e3e68b3,bond_coupon|neutral|1X,N,needs_review:1,"채권·국내 노출, 채권 / 국내 채권 만기미확인 등급미확인 투자대상, bond_coupon|neutral|1X 수익·손실 구조를 공통 기준으로 사용"
PG-PENDING-243880-7b815e3c4c,국내 미확인 주식전략 · leveraged,1,주식,국내,기타특수구조,미확인 주식전략,국내 미확인 주식전략,미확인-주식전략-국내-미확인-주식전략-46eed209b8,leveraged|long|2X,N,needs_review:1,"주식·국내 노출, 기타특수구조 / 국내 미확인 주식전략 투자대상, leveraged|long|2X 수익·손실 구조를 공통 기준으로 사용"
PG-PENDING-244670-608c7be915,국내 미확인 주식전략 · plain,1,주식,국내,기타특수구조,미확인 주식전략,국내 미확인 주식전략,미확인-주식전략-국내-미확인-주식전략-46eed209b8,plain|neutral|1X,N,needs_review:1,"주식·국내 노출, 기타특수구조 / 국내 미확인 주식전략 투자대상, plain|neutral|1X 수익·손실 구조를 공통 기준으로 사용"
PG-PENDING-245340-fc088d591d,미국 국채 만기미확인 등급미확인 · bond_coupon,1,채권,미국,채권,채권,미국 국채 만기미확인 등급미확인,BOND_미국-국채-만기미확인-등급미확인-6e6ab9de27,bond_coupon|neutral|1X,N,conflict:1,"채권·미국 노출, 채권 / 미국 국채 만기미확인 등급미확인 투자대상, bond_coupon|neutral|1X 수익·손실 구조를 공통 기준으로 사용"
PG-PENDING-245360-b2d440378c,중국 미확인 주식전략 · plain,1,주식,중국,기타특수구조,미확인 주식전략,중국 미확인 주식전략,미확인-주식전략-중국-미확인-주식전략-526c3d6249,plain|neutral|1X,N,needs_review:1,"주식·중국 노출, 기타특수구조 / 중국 미확인 주식전략 투자대상, plain|neutral|1X 수익·손실 구조를 공통 기준으로 사용"
PG-PENDING-245710-bb1d5681c8,기타국가 미확인 주식전략 · plain,1,주식,기타국가,기타특수구조,미확인 주식전략,기타국가 미확인 주식전략,미확인-주식전략-기타국가-미확인-주식전략-cd16f2b14c,plain|neutral|1X,N,needs_review:1,"주식·기타국가 노출, 기타특수구조 / 기타국가 미확인 주식전략 투자대상, plain|neutral|1X 수익·손실 구조를 공통 기준으로 사용"
PG-PENDING-250730-43524fc7eb,중국 미확인 주식전략 · plain,1,주식,중국,기타특수구조,미확인 주식전략,중국 미확인 주식전략,미확인-주식전략-중국-미확인-주식전략-526c3d6249,plain|neutral|1X,N,needs_review:1,"주식·중국 노출, 기타특수구조 / 중국 미확인 주식전략 투자대상, plain|neutral|1X 수익·손실 구조를 공통 기준으로 사용"
PG-PENDING-250780-a81d0de649,국내 미확인 주식전략 · inverse,1,주식,국내,기타특수구조,미확인 주식전략,국내 미확인 주식전략,미확인-주식전략-국내-미확인-주식전략-46eed209b8,inverse|short|1X,N,needs_review:1,"주식·국내 노출, 기타특수구조 / 국내 미확인 주식전략 투자대상, inverse|short|1X 수익·손실 구조를 공통 기준으로 사용"
PG-PENDING-251340-eabebb5837,국내 미확인 주식전략 · inverse,1,주식,국내,기타특수구조,미확인 주식전략,국내 미확인 주식전략,미확인-주식전략-국내-미확인-주식전략-46eed209b8,inverse|short|1X,N,needs_review:1,"주식·국내 노출, 기타특수구조 / 국내 미확인 주식전략 투자대상, inverse|short|1X 수익·손실 구조를 공통 기준으로 사용"
PG-PENDING-251350-bdeb26c068,글로벌 미확인 주식전략 · plain,1,주식,글로벌,기타특수구조,미확인 주식전략,글로벌 미확인 주식전략,미확인-주식전략-글로벌-미확인-주식전략-d0f070a455,plain|neutral|1X,N,needs_review:1,"주식·글로벌 노출, 기타특수구조 / 글로벌 미확인 주식전략 투자대상, plain|neutral|1X 수익·손실 구조를 공통 기준으로 사용"
PG-PENDING-251600-ad755bb87e,국내 채권 만기미확인 등급미확인 · bond_coupon,1,채권,국내,채권,채권,국내 채권 만기미확인 등급미확인,BOND_국내-채권-만기미확인-등급미확인-893e3e68b3,bond_coupon|neutral|1X,N,needs_review:1,"채권·국내 노출, 채권 / 국내 채권 만기미확인 등급미확인 투자대상, bond_coupon|neutral|1X 수익·손실 구조를 공통 기준으로 사용"
PG-PENDING-252000-13aaef80cf,국내 미확인 주식전략 · plain,1,주식,국내,기타특수구조,미확인 주식전략,국내 미확인 주식전략,미확인-주식전략-국내-미확인-주식전략-46eed209b8,plain|neutral|1X,N,needs_review:1,"주식·국내 노출, 기타특수구조 / 국내 미확인 주식전략 투자대상, plain|neutral|1X 수익·손실 구조를 공통 기준으로 사용"
PG-PENDING-252400-7877b69be7,국내 미확인 주식전략 · leveraged,1,주식,국내,기타특수구조,미확인 주식전략,국내 미확인 주식전략,미확인-주식전략-국내-미확인-주식전략-46eed209b8,leveraged|long|2X,N,needs_review:1,"주식·국내 노출, 기타특수구조 / 국내 미확인 주식전략 투자대상, leveraged|long|2X 수익·손실 구조를 공통 기준으로 사용"
PG-PENDING-252410-b919abf196,국내 미확인 주식전략 · inverse,1,주식,국내,기타특수구조,미확인 주식전략,국내 미확인 주식전략,미확인-주식전략-국내-미확인-주식전략-46eed209b8,inverse|short|1X,N,needs_review:1,"주식·국내 노출, 기타특수구조 / 국내 미확인 주식전략 투자대상, inverse|short|1X 수익·손실 구조를 공통 기준으로 사용"
PG-PENDING-252420-17785b5a83,국내 미확인 주식전략 · inverse,1,주식,국내,기타특수구조,미확인 주식전략,국내 미확인 주식전략,미확인-주식전략-국내-미확인-주식전략-46eed209b8,inverse|short|2X,N,needs_review:1,"주식·국내 노출, 기타특수구조 / 국내 미확인 주식전략 투자대상, inverse|short|2X 수익·손실 구조를 공통 기준으로 사용"
PG-PENDING-252650-4d461ab85c,국내 미확인 주식전략 · plain,1,주식,국내,기타특수구조,미확인 주식전략,국내 미확인 주식전략,미확인-주식전략-국내-미확인-주식전략-46eed209b8,plain|neutral|1X,N,needs_review:1,"주식·국내 노출, 기타특수구조 / 국내 미확인 주식전략 투자대상, plain|neutral|1X 수익·손실 구조를 공통 기준으로 사용"
PG-PENDING-252670-38745ebfe8,국내 미확인 주식전략 · inverse,1,주식,국내,기타특수구조,미확인 주식전략,국내 미확인 주식전략,미확인-주식전략-국내-미확인-주식전략-46eed209b8,inverse|short|2X,N,needs_review:1,"주식·국내 노출, 기타특수구조 / 국내 미확인 주식전략 투자대상, inverse|short|2X 수익·손실 구조를 공통 기준으로 사용"
PG-PENDING-252710-5f9f222cd1,국내 미확인 주식전략 · inverse,1,주식,국내,기타특수구조,미확인 주식전략,국내 미확인 주식전략,미확인-주식전략-국내-미확인-주식전략-46eed209b8,inverse|short|2X,N,needs_review:1,"주식·국내 노출, 기타특수구조 / 국내 미확인 주식전략 투자대상, inverse|short|2X 수익·손실 구조를 공통 기준으로 사용"
PG-PENDING-253150-8b7b8009ca,국내 미확인 주식전략 · leveraged,1,주식,국내,기타특수구조,미확인 주식전략,국내 미확인 주식전략,미확인-주식전략-국내-미확인-주식전략-46eed209b8,leveraged|long|2X,N,needs_review:1,"주식·국내 노출, 기타특수구조 / 국내 미확인 주식전략 투자대상, leveraged|long|2X 수익·손실 구조를 공통 기준으로 사용"
PG-PENDING-253160-4b813765ef,국내 미확인 주식전략 · inverse,1,주식,국내,기타특수구조,미확인 주식전략,국내 미확인 주식전략,미확인-주식전략-국내-미확인-주식전략-46eed209b8,inverse|short|2X,N,needs_review:1,"주식·국내 노출, 기타특수구조 / 국내 미확인 주식전략 투자대상, inverse|short|2X 수익·손실 구조를 공통 기준으로 사용"
PG-PENDING-253230-976a1f1948,국내 미확인 주식전략 · inverse,1,주식,국내,기타특수구조,미확인 주식전략,국내 미확인 주식전략,미확인-주식전략-국내-미확인-주식전략-46eed209b8,inverse|short|2X,N,needs_review:1,"주식·국내 노출, 기타특수구조 / 국내 미확인 주식전략 투자대상, inverse|short|2X 수익·손실 구조를 공통 기준으로 사용"
PG-PENDING-253240-3bc486c791,국내 미확인 주식전략 · inverse,1,주식,국내,기타특수구조,미확인 주식전략,국내 미확인 주식전략,미확인-주식전략-국내-미확인-주식전략-46eed209b8,inverse|short|1X,N,needs_review:1,"주식·국내 노출, 기타특수구조 / 국내 미확인 주식전략 투자대상, inverse|short|1X 수익·손실 구조를 공통 기준으로 사용"
PG-PENDING-253250-34ed4b6d16,국내 미확인 주식전략 · leveraged,1,주식,국내,기타특수구조,미확인 주식전략,국내 미확인 주식전략,미확인-주식전략-국내-미확인-주식전략-46eed209b8,leveraged|long|2X,N,needs_review:1,"주식·국내 노출, 기타특수구조 / 국내 미확인 주식전략 투자대상, leveraged|long|2X 수익·손실 구조를 공통 기준으로 사용"
PG-PENDING-253290-00c1cc58fc,국내 채권 만기미확인 등급미확인 · bond_coupon,1,채권,국내,채권,채권,국내 채권 만기미확인 등급미확인,BOND_국내-채권-만기미확인-등급미확인-893e3e68b3,bond_coupon|neutral|1X,N,needs_review:1,"채권·국내 노출, 채권 / 국내 채권 만기미확인 등급미확인 투자대상, bond_coupon|neutral|1X 수익·손실 구조를 공통 기준으로 사용"
PG-PENDING-256440-15759144a3,인도 미확인 주식전략 · plain,1,주식,인도,기타특수구조,미확인 주식전략,인도 미확인 주식전략,미확인-주식전략-인도-미확인-주식전략-69bd615628,plain|neutral|1X,N,needs_review:1,"주식·인도 노출, 기타특수구조 / 인도 미확인 주식전략 투자대상, plain|neutral|1X 수익·손실 구조를 공통 기준으로 사용"
PG-PENDING-256450-e437f786b1,미국 미확인 주식전략 · plain,1,주식,미국,기타특수구조,미확인 주식전략,미국 미확인 주식전략,미확인-주식전략-미국-미확인-주식전략-bf6afc4d9f,plain|neutral|1X,N,needs_review:1,"주식·미국 노출, 기타특수구조 / 미국 미확인 주식전략 투자대상, plain|neutral|1X 수익·손실 구조를 공통 기준으로 사용"
PG-PENDING-256750-eb238b63fe,중국 미확인 주식전략 · plain,1,주식,중국,기타특수구조,미확인 주식전략,중국 미확인 주식전략,미확인-주식전략-중국-미확인-주식전략-526c3d6249,plain|neutral|1X,N,needs_review:1,"주식·중국 노출, 기타특수구조 / 중국 미확인 주식전략 투자대상, plain|neutral|1X 수익·손실 구조를 공통 기준으로 사용"
PG-PENDING-261060-28c494f7b2,국내 미확인 주식전략 · plain,1,주식,국내,기타특수구조,미확인 주식전략,국내 미확인 주식전략,미확인-주식전략-국내-미확인-주식전략-46eed209b8,plain|neutral|1X,N,needs_review:1,"주식·국내 노출, 기타특수구조 / 국내 미확인 주식전략 투자대상, plain|neutral|1X 수익·손실 구조를 공통 기준으로 사용"
PG-PENDING-261140-b16c2b0607,국내 미확인 주식전략 · plain,1,주식,국내,기타특수구조,미확인 주식전략,국내 미확인 주식전략,미확인-주식전략-국내-미확인-주식전략-46eed209b8,plain|neutral|1X,N,needs_review:1,"주식·국내 노출, 기타특수구조 / 국내 미확인 주식전략 투자대상, plain|neutral|1X 수익·손실 구조를 공통 기준으로 사용"
PG-PENDING-261920-cdb315f7a0,기타국가 미확인 주식전략 · plain,1,주식,기타국가,기타특수구조,미확인 주식전략,기타국가 미확인 주식전략,미확인-주식전략-기타국가-미확인-주식전략-cd16f2b14c,plain|neutral|1X,N,needs_review:1,"주식·기타국가 노출, 기타특수구조 / 기타국가 미확인 주식전략 투자대상, plain|neutral|1X 수익·손실 구조를 공통 기준으로 사용"
PG-PENDING-265690-d7ae324ee8,기타국가 미확인 주식전략 · plain,1,주식,기타국가,기타특수구조,미확인 주식전략,기타국가 미확인 주식전략,미확인-주식전략-기타국가-미확인-주식전략-cd16f2b14c,plain|neutral|1X,N,needs_review:1,"주식·기타국가 노출, 기타특수구조 / 기타국가 미확인 주식전략 투자대상, plain|neutral|1X 수익·손실 구조를 공통 기준으로 사용"
PG-PENDING-266360-f8058e7fb7,국내 미확인 주식전략 · plain,1,주식,국내,기타특수구조,미확인 주식전략,국내 미확인 주식전략,미확인-주식전략-국내-미확인-주식전략-46eed209b8,plain|neutral|1X,N,needs_review:1,"주식·국내 노출, 기타특수구조 / 국내 미확인 주식전략 투자대상, plain|neutral|1X 수익·손실 구조를 공통 기준으로 사용"
PG-PENDING-266370-098e1199ef,국내 미확인 주식전략 · plain,1,주식,국내,기타특수구조,미확인 주식전략,국내 미확인 주식전략,미확인-주식전략-국내-미확인-주식전략-46eed209b8,plain|neutral|1X,N,needs_review:1,"주식·국내 노출, 기타특수구조 / 국내 미확인 주식전략 투자대상, plain|neutral|1X 수익·손실 구조를 공통 기준으로 사용"
PG-PENDING-266390-5f2bcf8223,국내 미확인 주식전략 · plain,1,주식,국내,기타특수구조,미확인 주식전략,국내 미확인 주식전략,미확인-주식전략-국내-미확인-주식전략-46eed209b8,plain|neutral|1X,N,needs_review:1,"주식·국내 노출, 기타특수구조 / 국내 미확인 주식전략 투자대상, plain|neutral|1X 수익·손실 구조를 공통 기준으로 사용"
PG-PENDING-266410-503e67a70a,국내 미확인 주식전략 · plain,1,주식,국내,기타특수구조,미확인 주식전략,국내 미확인 주식전략,미확인-주식전략-국내-미확인-주식전략-46eed209b8,plain|neutral|1X,N,needs_review:1,"주식·국내 노출, 기타특수구조 / 국내 미확인 주식전략 투자대상, plain|neutral|1X 수익·손실 구조를 공통 기준으로 사용"
PG-PENDING-267440-bfd9838fbc,미국 국채 장기 등급미확인 · bond_coupon,1,채권,미국,채권,채권,미국 국채 장기 등급미확인,BOND_미국-국채-장기-등급미확인-047cbda7f5,bond_coupon|neutral|1X,N,needs_review:1,"채권·미국 노출, 채권 / 미국 국채 장기 등급미확인 투자대상, bond_coupon|neutral|1X 수익·손실 구조를 공통 기준으로 사용"
PG-PENDING-267450-74264b68e9,미국 국채 장기 등급미확인 · bond_coupon,1,채권,미국,채권,채권,미국 국채 장기 등급미확인,BOND_미국-국채-장기-등급미확인-047cbda7f5,bond_coupon|short|1X,N,needs_review:1,"채권·미국 노출, 채권 / 미국 국채 장기 등급미확인 투자대상, bond_coupon|short|1X 수익·손실 구조를 공통 기준으로 사용"
PG-PENDING-267490-d95c00af44,미국 국채 장기 등급미확인 · bond_coupon,1,채권,미국,채권,채권,미국 국채 장기 등급미확인,BOND_미국-국채-장기-등급미확인-047cbda7f5,bond_coupon|long|2X,N,needs_review:1,"채권·미국 노출, 채권 / 미국 국채 장기 등급미확인 투자대상, bond_coupon|long|2X 수익·손실 구조를 공통 기준으로 사용"
PG-PENDING-267770-21466fb4ea,국내 미확인 주식전략 · leveraged,1,주식,국내,기타특수구조,미확인 주식전략,국내 미확인 주식전략,미확인-주식전략-국내-미확인-주식전략-46eed209b8,leveraged|long|2X,N,needs_review:1,"주식·국내 노출, 기타특수구조 / 국내 미확인 주식전략 투자대상, leveraged|long|2X 수익·손실 구조를 공통 기준으로 사용"
PG-PENDING-270810-b696c03a9f,국내 미확인 주식전략 · plain,1,주식,국내,기타특수구조,미확인 주식전략,국내 미확인 주식전략,미확인-주식전략-국내-미확인-주식전략-46eed209b8,plain|neutral|1X,N,needs_review:1,"주식·국내 노출, 기타특수구조 / 국내 미확인 주식전략 투자대상, plain|neutral|1X 수익·손실 구조를 공통 기준으로 사용"
PG-PENDING-272560-2d012bf18d,국내 채권 단기 등급미확인 · bond_coupon,1,채권,국내,채권,채권,국내 채권 단기 등급미확인,BOND_국내-채권-단기-등급미확인-afa2e5ef57,bond_coupon|neutral|1X,N,needs_review:1,"채권·국내 노출, 채권 / 국내 채권 단기 등급미확인 투자대상, bond_coupon|neutral|1X 수익·손실 구조를 공통 기준으로 사용"
PG-PENDING-272570-f156046476,국내 채권 중기 등급미확인 · bond_coupon,1,채권,국내,채권,채권,국내 채권 중기 등급미확인,BOND_국내-채권-중기-등급미확인-af53603ca9,bond_coupon|neutral|1X,N,needs_review:1,"채권·국내 노출, 채권 / 국내 채권 중기 등급미확인 투자대상, bond_coupon|neutral|1X 수익·손실 구조를 공통 기준으로 사용"
PG-PENDING-272580-4417cdc47d,국내 채권 단기 등급미확인 · bond_coupon,1,채권,국내,채권,채권,국내 채권 단기 등급미확인,BOND_국내-채권-단기-등급미확인-afa2e5ef57,bond_coupon|neutral|1X,N,needs_review:1,"채권·국내 노출, 채권 / 국내 채권 단기 등급미확인 투자대상, bond_coupon|neutral|1X 수익·손실 구조를 공통 기준으로 사용"
PG-PENDING-272910-4f896be782,국내 채권 장기 등급미확인 · bond_coupon,1,채권,국내,채권,채권,국내 채권 장기 등급미확인,BOND_국내-채권-장기-등급미확인-f457d22418,bond_coupon|neutral|1X,N,needs_review:1,"채권·국내 노출, 채권 / 국내 채권 장기 등급미확인 투자대상, bond_coupon|neutral|1X 수익·손실 구조를 공통 기준으로 사용"
PG-PENDING-273130-37cd2f10e8,국내 채권 만기미확인 AA · bond_coupon,1,채권,국내,채권,채권,국내 채권 만기미확인 AA,BOND_국내-채권-만기미확인-AA-273392b07e,bond_coupon|neutral|1X,N,needs_review:1,"채권·국내 노출, 채권 / 국내 채권 만기미확인 AA 투자대상, bond_coupon|neutral|1X 수익·손실 구조를 공통 기준으로 사용"
PG-PENDING-273140-9a53b08b50,국내 채권 단기 등급미확인 · bond_coupon,1,채권,국내,채권,채권,국내 채권 단기 등급미확인,BOND_국내-채권-단기-등급미확인-afa2e5ef57,bond_coupon|neutral|1X,N,needs_review:1,"채권·국내 노출, 채권 / 국내 채권 단기 등급미확인 투자대상, bond_coupon|neutral|1X 수익·손실 구조를 공통 기준으로 사용"
PG-PENDING-275750-9cc5c933a5,국내 미확인 주식전략 · inverse,1,주식,국내,기타특수구조,미확인 주식전략,국내 미확인 주식전략,미확인-주식전략-국내-미확인-주식전략-46eed209b8,inverse|short|1X,N,needs_review:1,"주식·국내 노출, 기타특수구조 / 국내 미확인 주식전략 투자대상, inverse|short|1X 수익·손실 구조를 공통 기준으로 사용"
PG-PENDING-275980-d943c3497e,글로벌 미확인 주식전략 · plain,1,주식,글로벌,기타특수구조,미확인 주식전략,글로벌 미확인 주식전략,미확인-주식전략-글로벌-미확인-주식전략-d0f070a455,plain|neutral|1X,N,needs_review:1,"주식·글로벌 노출, 기타특수구조 / 글로벌 미확인 주식전략 투자대상, plain|neutral|1X 수익·손실 구조를 공통 기준으로 사용"
PG-PENDING-276000-448b736841,글로벌 미확인 주식전략 · plain,1,주식,글로벌,기타특수구조,미확인 주식전략,글로벌 미확인 주식전략,미확인-주식전략-글로벌-미확인-주식전략-d0f070a455,plain|neutral|1X,N,needs_review:1,"주식·글로벌 노출, 기타특수구조 / 글로벌 미확인 주식전략 투자대상, plain|neutral|1X 수익·손실 구조를 공통 기준으로 사용"
PG-PENDING-276650-31f9d4d684,미국 미확인 주식전략 · plain,1,주식,미국,기타특수구조,미확인 주식전략,미국 미확인 주식전략,미확인-주식전략-미국-미확인-주식전략-bf6afc4d9f,plain|neutral|1X,N,needs_review:1,"주식·미국 노출, 기타특수구조 / 미국 미확인 주식전략 투자대상, plain|neutral|1X 수익·손실 구조를 공통 기준으로 사용"
PG-PENDING-277540-2210e45b0f,미국 미확인 주식전략 · plain,1,주식,미국,기타특수구조,미확인 주식전략,미국 미확인 주식전략,미확인-주식전략-미국-미확인-주식전략-bf6afc4d9f,plain|neutral|1X,N,needs_review:1,"주식·미국 노출, 기타특수구조 / 미국 미확인 주식전략 투자대상, plain|neutral|1X 수익·손실 구조를 공통 기준으로 사용"
PG-PENDING-277630-52646392be,국내 미확인 주식전략 · plain,1,주식,국내,기타특수구조,미확인 주식전략,국내 미확인 주식전략,미확인-주식전략-국내-미확인-주식전략-46eed209b8,plain|neutral|1X,N,needs_review:1,"주식·국내 노출, 기타특수구조 / 국내 미확인 주식전략 투자대상, plain|neutral|1X 수익·손실 구조를 공통 기준으로 사용"
PG-PENDING-277650-e7e4d4f55b,국내 미확인 주식전략 · plain,1,주식,국내,기타특수구조,미확인 주식전략,국내 미확인 주식전략,미확인-주식전략-국내-미확인-주식전략-46eed209b8,plain|neutral|1X,N,needs_review:1,"주식·국내 노출, 기타특수구조 / 국내 미확인 주식전략 투자대상, plain|neutral|1X 수익·손실 구조를 공통 기준으로 사용"
PG-PENDING-278240-b9f2400c1d,국내 미확인 주식전략 · leveraged,1,주식,국내,기타특수구조,미확인 주식전략,국내 미확인 주식전략,미확인-주식전략-국내-미확인-주식전략-46eed209b8,leveraged|long|2X,N,needs_review:1,"주식·국내 노출, 기타특수구조 / 국내 미확인 주식전략 투자대상, leveraged|long|2X 수익·손실 구조를 공통 기준으로 사용"
PG-PENDING-278530-ac53d50394,국내 미확인 주식전략 · plain,1,주식,국내,기타특수구조,미확인 주식전략,국내 미확인 주식전략,미확인-주식전략-국내-미확인-주식전략-46eed209b8,plain|neutral|1X,N,needs_review:1,"주식·국내 노출, 기타특수구조 / 국내 미확인 주식전략 투자대상, plain|neutral|1X 수익·손실 구조를 공통 기준으로 사용"
PG-PENDING-278540-166d11f539,국내 미확인 주식전략 · plain,1,주식,국내,기타특수구조,미확인 주식전략,국내 미확인 주식전략,미확인-주식전략-국내-미확인-주식전략-46eed209b8,plain|neutral|1X,N,needs_review:1,"주식·국내 노출, 기타특수구조 / 국내 미확인 주식전략 투자대상, plain|neutral|1X 수익·손실 구조를 공통 기준으로 사용"
PG-PENDING-278620-d87f6a5db0,국내 채권 초단기 등급미확인 · bond_coupon,1,채권,국내,채권,채권,국내 채권 초단기 등급미확인,BOND_국내-채권-초단기-등급미확인-2cd6864612,bond_coupon|neutral|1X,N,needs_review:1,"채권·국내 노출, 채권 / 국내 채권 초단기 등급미확인 투자대상, bond_coupon|neutral|1X 수익·손실 구조를 공통 기준으로 사용"
PG-PENDING-279540-6332346fa4,국내 미확인 주식전략 · plain,1,주식,국내,기타특수구조,미확인 주식전략,국내 미확인 주식전략,미확인-주식전략-국내-미확인-주식전략-46eed209b8,plain|neutral|1X,N,needs_review:1,"주식·국내 노출, 기타특수구조 / 국내 미확인 주식전략 투자대상, plain|neutral|1X 수익·손실 구조를 공통 기준으로 사용"
PG-PENDING-280320-bf4289d1fb,미국 미확인 주식전략 · plain,1,주식,미국,기타특수구조,미확인 주식전략,미국 미확인 주식전략,미확인-주식전략-미국-미확인-주식전략-bf6afc4d9f,plain|neutral|1X,N,needs_review:1,"주식·미국 노출, 기타특수구조 / 미국 미확인 주식전략 투자대상, plain|neutral|1X 수익·손실 구조를 공통 기준으로 사용"
PG-PENDING-280920-31eed54230,국내 미확인 주식전략 · plain,1,주식,국내,기타특수구조,미확인 주식전략,국내 미확인 주식전략,미확인-주식전략-국내-미확인-주식전략-46eed209b8,plain|neutral|1X,N,needs_review:1,"주식·국내 노출, 기타특수구조 / 국내 미확인 주식전략 투자대상, plain|neutral|1X 수익·손실 구조를 공통 기준으로 사용"
PG-PENDING-280930-fad11fd31a,미국 미확인 주식전략 · plain,1,주식,미국,기타특수구조,미확인 주식전략,미국 미확인 주식전략,미확인-주식전략-미국-미확인-주식전략-bf6afc4d9f,plain|neutral|1X,N,needs_review:1,"주식·미국 노출, 기타특수구조 / 미국 미확인 주식전략 투자대상, plain|neutral|1X 수익·손실 구조를 공통 기준으로 사용"
PG-PENDING-282000-ee9e970f9c,국내 국채 단기 등급미확인 · bond_coupon,1,채권,국내,채권,채권,국내 국채 단기 등급미확인,BOND_국내-국채-단기-등급미확인-bddf0c67db,bond_coupon|short|1X,N,needs_review:1,"채권·국내 노출, 채권 / 국내 국채 단기 등급미확인 투자대상, bond_coupon|short|1X 수익·손실 구조를 공통 기준으로 사용"
PG-PENDING-283580-eb6e405d6e,중국 미확인 주식전략 · plain,1,주식,중국,기타특수구조,미확인 주식전략,중국 미확인 주식전략,미확인-주식전략-중국-미확인-주식전략-526c3d6249,plain|neutral|1X,N,needs_review:1,"주식·중국 노출, 기타특수구조 / 중국 미확인 주식전략 투자대상, plain|neutral|1X 수익·손실 구조를 공통 기준으로 사용"
PG-PENDING-284430-7339939cca,국내 국채 만기미확인 등급미확인 · bond_coupon,1,채권,국내,채권,채권,국내 국채 만기미확인 등급미확인,BOND_국내-국채-만기미확인-등급미확인-bf9416de66,bond_coupon|neutral|1X,N,needs_review:1,"채권·국내 노출, 채권 / 국내 국채 만기미확인 등급미확인 투자대상, bond_coupon|neutral|1X 수익·손실 구조를 공통 기준으로 사용"
PG-PENDING-285690-ade49e361c,국내 미확인 주식전략 · plain,1,주식,국내,기타특수구조,미확인 주식전략,국내 미확인 주식전략,미확인-주식전략-국내-미확인-주식전략-46eed209b8,plain|neutral|1X,N,needs_review:1,"주식·국내 노출, 기타특수구조 / 국내 미확인 주식전략 투자대상, plain|neutral|1X 수익·손실 구조를 공통 기준으로 사용"
PG-PENDING-289040-3f13cde315,국내 미확인 주식전략 · plain,1,주식,국내,기타특수구조,미확인 주식전략,국내 미확인 주식전략,미확인-주식전략-국내-미확인-주식전략-46eed209b8,plain|neutral|1X,N,needs_review:1,"주식·국내 노출, 기타특수구조 / 국내 미확인 주식전략 투자대상, plain|neutral|1X 수익·손실 구조를 공통 기준으로 사용"
PG-PENDING-289250-b0144557b3,국내 미확인 주식전략 · plain,1,주식,국내,기타특수구조,미확인 주식전략,국내 미확인 주식전략,미확인-주식전략-국내-미확인-주식전략-46eed209b8,plain|neutral|1X,N,needs_review:1,"주식·국내 노출, 기타특수구조 / 국내 미확인 주식전략 투자대상, plain|neutral|1X 수익·손실 구조를 공통 기준으로 사용"
PG-PENDING-289260-ab88791efa,국내 미확인 주식전략 · plain,1,주식,국내,기타특수구조,미확인 주식전략,국내 미확인 주식전략,미확인-주식전략-국내-미확인-주식전략-46eed209b8,plain|neutral|1X,N,needs_review:1,"주식·국내 노출, 기타특수구조 / 국내 미확인 주식전략 투자대상, plain|neutral|1X 수익·손실 구조를 공통 기준으로 사용"
PG-PENDING-289480-83d19f8d0f,국내 미확인 주식전략 · covered_call,1,주식,국내,기타특수구조,미확인 주식전략,국내 미확인 주식전략,미확인-주식전략-국내-미확인-주식전략-46eed209b8,covered_call|neutral|1X,N,needs_review:1,"주식·국내 노출, 기타특수구조 / 국내 미확인 주식전략 투자대상, covered_call|neutral|1X 수익·손실 구조를 공통 기준으로 사용"
PG-PENDING-289670-a6f6c7a1d4,국내 국채 장기 등급미확인 · bond_coupon,1,채권,국내,채권,채권,국내 국채 장기 등급미확인,BOND_국내-국채-장기-등급미확인-46cc7d575b,bond_coupon|neutral|1X,N,needs_review:1,"채권·국내 노출, 채권 / 국내 국채 장기 등급미확인 투자대상, bond_coupon|neutral|1X 수익·손실 구조를 공통 기준으로 사용"
PG-PENDING-290130-771d61931d,국내 미확인 주식전략 · plain,1,주식,국내,기타특수구조,미확인 주식전략,국내 미확인 주식전략,미확인-주식전략-국내-미확인-주식전략-46eed209b8,plain|neutral|1X,N,needs_review:1,"주식·국내 노출, 기타특수구조 / 국내 미확인 주식전략 투자대상, plain|neutral|1X 수익·손실 구조를 공통 기준으로 사용"
PG-PENDING-291130-686a96704c,기타국가 미확인 주식전략 · plain,1,주식,기타국가,기타특수구조,미확인 주식전략,기타국가 미확인 주식전략,미확인-주식전략-기타국가-미확인-주식전략-cd16f2b14c,plain|neutral|1X,N,needs_review:1,"주식·기타국가 노출, 기타특수구조 / 기타국가 미확인 주식전략 투자대상, plain|neutral|1X 수익·손실 구조를 공통 기준으로 사용"
PG-PENDING-291620-30ab1d1995,국내 미확인 주식전략 · inverse,1,주식,국내,기타특수구조,미확인 주식전략,국내 미확인 주식전략,미확인-주식전략-국내-미확인-주식전략-46eed209b8,inverse|short|1X,N,needs_review:1,"주식·국내 노출, 기타특수구조 / 국내 미확인 주식전략 투자대상, inverse|short|1X 수익·손실 구조를 공통 기준으로 사용"
PG-PENDING-291630-c448a94915,국내 미확인 주식전략 · leveraged,1,주식,국내,기타특수구조,미확인 주식전략,국내 미확인 주식전략,미확인-주식전략-국내-미확인-주식전략-46eed209b8,leveraged|long|2X,N,needs_review:1,"주식·국내 노출, 기타특수구조 / 국내 미확인 주식전략 투자대상, leveraged|long|2X 수익·손실 구조를 공통 기준으로 사용"
PG-PENDING-291680-6e1c02be40,중국 미확인 주식전략 · inverse,1,주식,중국,기타특수구조,미확인 주식전략,중국 미확인 주식전략,미확인-주식전략-중국-미확인-주식전략-526c3d6249,inverse|short|1X,N,needs_review:1,"주식·중국 노출, 기타특수구조 / 중국 미확인 주식전략 투자대상, inverse|short|1X 수익·손실 구조를 공통 기준으로 사용"
PG-PENDING-291890-c33ed9da0d,글로벌 미확인 주식전략 · plain,1,주식,글로벌,기타특수구조,미확인 주식전략,글로벌 미확인 주식전략,미확인-주식전략-글로벌-미확인-주식전략-d0f070a455,plain|neutral|1X,N,needs_review:1,"주식·글로벌 노출, 기타특수구조 / 글로벌 미확인 주식전략 투자대상, plain|neutral|1X 수익·손실 구조를 공통 기준으로 사용"
PG-PENDING-292050-c1b0df0236,국내 미확인 주식전략 · plain,1,주식,국내,기타특수구조,미확인 주식전략,국내 미확인 주식전략,KRX300,plain|neutral|1X,N,needs_review:1,"주식·국내 노출, 기타특수구조 / 국내 미확인 주식전략 투자대상, plain|neutral|1X 수익·손실 구조를 공통 기준으로 사용"
PG-PENDING-292150-60f7aeeccd,국내 미확인 주식전략 · plain,1,주식,국내,기타특수구조,미확인 주식전략,국내 미확인 주식전략,미확인-주식전략-국내-미확인-주식전략-46eed209b8,plain|neutral|1X,N,needs_review:1,"주식·국내 노출, 기타특수구조 / 국내 미확인 주식전략 투자대상, plain|neutral|1X 수익·손실 구조를 공통 기준으로 사용"
PG-PENDING-292160-2ef911c079,국내 미확인 주식전략 · plain,1,주식,국내,기타특수구조,미확인 주식전략,국내 미확인 주식전략,KRX300,plain|neutral|1X,N,needs_review:1,"주식·국내 노출, 기타특수구조 / 국내 미확인 주식전략 투자대상, plain|neutral|1X 수익·손실 구조를 공통 기준으로 사용"
PG-PENDING-292190-29374ed31c,국내 미확인 주식전략 · plain,1,주식,국내,기타특수구조,미확인 주식전략,국내 미확인 주식전략,KRX300,plain|neutral|1X,N,needs_review:1,"주식·국내 노출, 기타특수구조 / 국내 미확인 주식전략 투자대상, plain|neutral|1X 수익·손실 구조를 공통 기준으로 사용"
PG-PENDING-292500-2a5cd87689,국내 미확인 주식전략 · plain,1,주식,국내,기타특수구조,미확인 주식전략,국내 미확인 주식전략,KRX300,plain|neutral|1X,N,needs_review:1,"주식·국내 노출, 기타특수구조 / 국내 미확인 주식전략 투자대상, plain|neutral|1X 수익·손실 구조를 공통 기준으로 사용"
PG-PENDING-292770-db1a4a3877,국내 국채 단기 등급미확인 · bond_coupon,1,채권,국내,채권,채권,국내 국채 단기 등급미확인,BOND_국내-국채-단기-등급미확인-bddf0c67db,bond_coupon|short|1X,N,needs_review:1,"채권·국내 노출, 채권 / 국내 국채 단기 등급미확인 투자대상, bond_coupon|short|1X 수익·손실 구조를 공통 기준으로 사용"
PG-PENDING-293180-a1801cc52e,국내 미확인 주식전략 · plain,1,주식,국내,기타특수구조,미확인 주식전략,국내 미확인 주식전략,미확인-주식전략-국내-미확인-주식전략-46eed209b8,plain|neutral|1X,N,needs_review:1,"주식·국내 노출, 기타특수구조 / 국내 미확인 주식전략 투자대상, plain|neutral|1X 수익·손실 구조를 공통 기준으로 사용"
PG-PENDING-294400-a483049dc6,국내 미확인 주식전략 · plain,1,주식,국내,기타특수구조,미확인 주식전략,국내 미확인 주식전략,미확인-주식전략-국내-미확인-주식전략-46eed209b8,plain|neutral|1X,N,needs_review:1,"주식·국내 노출, 기타특수구조 / 국내 미확인 주식전략 투자대상, plain|neutral|1X 수익·손실 구조를 공통 기준으로 사용"
PG-PENDING-295000-3fdea13d38,국내 국채 장기 등급미확인 · bond_coupon,1,채권,국내,채권,채권,국내 국채 장기 등급미확인,BOND_국내-국채-장기-등급미확인-46cc7d575b,bond_coupon|neutral|1X,N,needs_review:1,"채권·국내 노출, 채권 / 국내 국채 장기 등급미확인 투자대상, bond_coupon|neutral|1X 수익·손실 구조를 공통 기준으로 사용"
PG-PENDING-295020-feb14fee72,국내 국채 장기 등급미확인 · bond_coupon,1,채권,국내,채권,채권,국내 국채 장기 등급미확인,BOND_국내-국채-장기-등급미확인-46cc7d575b,bond_coupon|short|1X,N,needs_review:1,"채권·국내 노출, 채권 / 국내 국채 장기 등급미확인 투자대상, bond_coupon|short|1X 수익·손실 구조를 공통 기준으로 사용"
PG-PENDING-295040-5f860ac603,국내 미확인 주식전략 · plain,1,주식,국내,기타특수구조,미확인 주식전략,국내 미확인 주식전략,미확인-주식전략-국내-미확인-주식전략-46eed209b8,plain|neutral|1X,N,needs_review:1,"주식·국내 노출, 기타특수구조 / 국내 미확인 주식전략 투자대상, plain|neutral|1X 수익·손실 구조를 공통 기준으로 사용"
PG-PENDING-298340-2aa9457e78,국내 국채 단기 등급미확인 · bond_coupon,1,채권,국내,채권,채권,국내 국채 단기 등급미확인,BOND_국내-국채-단기-등급미확인-bddf0c67db,bond_coupon|neutral|1X,N,needs_review:1,"채권·국내 노출, 채권 / 국내 국채 단기 등급미확인 투자대상, bond_coupon|neutral|1X 수익·손실 구조를 공통 기준으로 사용"
PG-PENDING-298770-c93d006966,국내 미확인 주식전략 · plain,1,주식,국내,기타특수구조,미확인 주식전략,국내 미확인 주식전략,미확인-주식전략-국내-미확인-주식전략-46eed209b8,plain|neutral|1X,N,needs_review:1,"주식·국내 노출, 기타특수구조 / 국내 미확인 주식전략 투자대상, plain|neutral|1X 수익·손실 구조를 공통 기준으로 사용"
PG-PENDING-301400-3541abccf9,국내 미확인 주식전략 · plain,1,주식,국내,기타특수구조,미확인 주식전략,국내 미확인 주식전략,미확인-주식전략-국내-미확인-주식전략-46eed209b8,plain|neutral|1X,N,needs_review:1,"주식·국내 노출, 기타특수구조 / 국내 미확인 주식전략 투자대상, plain|neutral|1X 수익·손실 구조를 공통 기준으로 사용"
PG-PENDING-302190-97df717d82,국내 국채 장기 등급미확인 · bond_coupon,1,채권,국내,채권,채권,국내 국채 장기 등급미확인,BOND_국내-국채-장기-등급미확인-46cc7d575b,bond_coupon|neutral|1X,N,needs_review:1,"채권·국내 노출, 채권 / 국내 국채 장기 등급미확인 투자대상, bond_coupon|neutral|1X 수익·손실 구조를 공통 기준으로 사용"
PG-PENDING-302450-4dbc4662e0,국내 미확인 주식전략 · plain,1,주식,국내,기타특수구조,미확인 주식전략,국내 미확인 주식전략,미확인-주식전략-국내-미확인-주식전략-46eed209b8,plain|neutral|1X,N,needs_review:1,"주식·국내 노출, 기타특수구조 / 국내 미확인 주식전략 투자대상, plain|neutral|1X 수익·손실 구조를 공통 기준으로 사용"
PG-PENDING-304660-4d0115ae78,미국 국채 장기 등급미확인 · bond_coupon,1,채권,미국,채권,채권,미국 국채 장기 등급미확인,BOND_미국-국채-장기-등급미확인-047cbda7f5,bond_coupon|neutral|1X,N,needs_review:1,"채권·미국 노출, 채권 / 미국 국채 장기 등급미확인 투자대상, bond_coupon|neutral|1X 수익·손실 구조를 공통 기준으로 사용"
PG-PENDING-304670-1d861b3507,미국 국채 장기 등급미확인 · bond_coupon,1,채권,미국,채권,채권,미국 국채 장기 등급미확인,BOND_미국-국채-장기-등급미확인-047cbda7f5,bond_coupon|short|1X,N,needs_review:1,"채권·미국 노출, 채권 / 미국 국채 장기 등급미확인 투자대상, bond_coupon|short|1X 수익·손실 구조를 공통 기준으로 사용"
PG-PENDING-304760-71bb4c12cb,국내 미확인 주식전략 · plain,1,주식,국내,기타특수구조,미확인 주식전략,국내 미확인 주식전략,KRX300,plain|neutral|1X,N,needs_review:1,"주식·국내 노출, 기타특수구조 / 국내 미확인 주식전략 투자대상, plain|neutral|1X 수익·손실 구조를 공통 기준으로 사용"
PG-PENDING-304770-cda1f0640a,국내 미확인 주식전략 · plain,1,주식,국내,기타특수구조,미확인 주식전략,국내 미확인 주식전략,미확인-주식전략-국내-미확인-주식전략-46eed209b8,plain|neutral|1X,N,needs_review:1,"주식·국내 노출, 기타특수구조 / 국내 미확인 주식전략 투자대상, plain|neutral|1X 수익·손실 구조를 공통 기준으로 사용"
PG-PENDING-304780-52d915d974,국내 미확인 주식전략 · leveraged,1,주식,국내,기타특수구조,미확인 주식전략,국내 미확인 주식전략,미확인-주식전략-국내-미확인-주식전략-46eed209b8,leveraged|long|2X,N,needs_review:1,"주식·국내 노출, 기타특수구조 / 국내 미확인 주식전략 투자대상, leveraged|long|2X 수익·손실 구조를 공통 기준으로 사용"
PG-PENDING-305050-70969672fe,국내 미확인 주식전략 · plain,1,주식,국내,기타특수구조,미확인 주식전략,국내 미확인 주식전략,미확인-주식전략-국내-미확인-주식전략-46eed209b8,plain|neutral|1X,N,needs_review:1,"주식·국내 노출, 기타특수구조 / 국내 미확인 주식전략 투자대상, plain|neutral|1X 수익·손실 구조를 공통 기준으로 사용"
PG-PENDING-305080-72c74c2c95,미국 국채 장기 등급미확인 · bond_coupon,1,채권,미국,채권,채권,미국 국채 장기 등급미확인,BOND_미국-국채-장기-등급미확인-047cbda7f5,bond_coupon|neutral|1X,N,needs_review:1,"채권·미국 노출, 채권 / 미국 국채 장기 등급미확인 투자대상, bond_coupon|neutral|1X 수익·손실 구조를 공통 기준으로 사용"
PG-PENDING-306520-1a4621c30c,국내 미확인 주식전략 · inverse,1,주식,국내,기타특수구조,미확인 주식전략,국내 미확인 주식전략,미확인-주식전략-국내-미확인-주식전략-46eed209b8,inverse|short|1X,N,needs_review:1,"주식·국내 노출, 기타특수구조 / 국내 미확인 주식전략 투자대상, inverse|short|1X 수익·손실 구조를 공통 기준으로 사용"
PG-PENDING-306530-d0093a1edf,국내 미확인 주식전략 · leveraged,1,주식,국내,기타특수구조,미확인 주식전략,국내 미확인 주식전략,미확인-주식전략-국내-미확인-주식전략-46eed209b8,leveraged|long|2X,N,needs_review:1,"주식·국내 노출, 기타특수구조 / 국내 미확인 주식전략 투자대상, leveraged|long|2X 수익·손실 구조를 공통 기준으로 사용"
PG-PENDING-306950-ba7e8a637d,국내 미확인 주식전략 · leveraged,1,주식,국내,기타특수구조,미확인 주식전략,국내 미확인 주식전략,KRX300,leveraged|long|2X,N,needs_review:1,"주식·국내 노출, 기타특수구조 / 국내 미확인 주식전략 투자대상, leveraged|long|2X 수익·손실 구조를 공통 기준으로 사용"
PG-PENDING-307510-c7aa6baa88,국내 미확인 주식전략 · plain,1,주식,국내,기타특수구조,미확인 주식전략,국내 미확인 주식전략,미확인-주식전략-국내-미확인-주식전략-46eed209b8,plain|neutral|1X,N,needs_review:1,"주식·국내 노출, 기타특수구조 / 국내 미확인 주식전략 투자대상, plain|neutral|1X 수익·손실 구조를 공통 기준으로 사용"
PG-PENDING-307520-00e3e395c3,국내 미확인 주식전략 · plain,1,주식,국내,기타특수구조,미확인 주식전략,국내 미확인 주식전략,미확인-주식전략-국내-미확인-주식전략-46eed209b8,plain|neutral|1X,N,needs_review:1,"주식·국내 노출, 기타특수구조 / 국내 미확인 주식전략 투자대상, plain|neutral|1X 수익·손실 구조를 공통 기준으로 사용"
PG-PENDING-308620-8b4b4afaf5,미국 국채 장기 등급미확인 · bond_coupon,1,채권,미국,채권,채권,미국 국채 장기 등급미확인,BOND_미국-국채-장기-등급미확인-047cbda7f5,bond_coupon|neutral|1X,N,needs_review:1,"채권·미국 노출, 채권 / 미국 국채 장기 등급미확인 투자대상, bond_coupon|neutral|1X 수익·손실 구조를 공통 기준으로 사용"
PG-PENDING-309230-06bccd2f2f,미국 미확인 주식전략 · plain,1,주식,미국,기타특수구조,미확인 주식전략,미국 미확인 주식전략,미확인-주식전략-미국-미확인-주식전략-bf6afc4d9f,plain|neutral|1X,N,needs_review:1,"주식·미국 노출, 기타특수구조 / 미국 미확인 주식전략 투자대상, plain|neutral|1X 수익·손실 구조를 공통 기준으로 사용"
PG-PENDING-310080-15fcb657a4,중국 미확인 주식전략 · plain,1,주식,중국,기타특수구조,미확인 주식전략,중국 미확인 주식전략,미확인-주식전략-중국-미확인-주식전략-526c3d6249,plain|neutral|1X,N,needs_review:1,"주식·중국 노출, 기타특수구조 / 중국 미확인 주식전략 투자대상, plain|neutral|1X 수익·손실 구조를 공통 기준으로 사용"
PG-PENDING-310960-50386baa93,국내 미확인 주식전략 · plain,1,주식,국내,기타특수구조,미확인 주식전략,국내 미확인 주식전략,미확인-주식전략-국내-미확인-주식전략-46eed209b8,plain|neutral|1X,N,needs_review:1,"주식·국내 노출, 기타특수구조 / 국내 미확인 주식전략 투자대상, plain|neutral|1X 수익·손실 구조를 공통 기준으로 사용"
PG-PENDING-310970-3a4125d7ab,국내 미확인 주식전략 · plain,1,주식,국내,기타특수구조,미확인 주식전략,국내 미확인 주식전략,미확인-주식전략-국내-미확인-주식전략-46eed209b8,plain|neutral|1X,N,needs_review:1,"주식·국내 노출, 기타특수구조 / 국내 미확인 주식전략 투자대상, plain|neutral|1X 수익·손실 구조를 공통 기준으로 사용"
PG-PENDING-314250-602c0df13c,미국 미확인 주식전략 · plain,1,주식,미국,기타특수구조,미확인 주식전략,미국 미확인 주식전략,미확인-주식전략-미국-미확인-주식전략-bf6afc4d9f,plain|neutral|1X,N,needs_review:1,"주식·미국 노출, 기타특수구조 / 미국 미확인 주식전략 투자대상, plain|neutral|1X 수익·손실 구조를 공통 기준으로 사용"
PG-PENDING-314700-d47014486c,국내 미확인 주식전략 · plain,1,주식,국내,기타특수구조,미확인 주식전략,국내 미확인 주식전략,미확인-주식전략-국내-미확인-주식전략-46eed209b8,plain|neutral|1X,N,needs_review:1,"주식·국내 노출, 기타특수구조 / 국내 미확인 주식전략 투자대상, plain|neutral|1X 수익·손실 구조를 공통 기준으로 사용"
PG-PENDING-315270-d06ee4a7e3,국내 미확인 주식전략 · plain,1,주식,국내,기타특수구조,미확인 주식전략,국내 미확인 주식전략,미확인-주식전략-국내-미확인-주식전략-46eed209b8,plain|neutral|1X,N,needs_review:1,"주식·국내 노출, 기타특수구조 / 국내 미확인 주식전략 투자대상, plain|neutral|1X 수익·손실 구조를 공통 기준으로 사용"
PG-PENDING-315930-5db7659de2,국내 국채 만기미확인 등급미확인 · bond_coupon,1,채권,국내,채권,채권,국내 국채 만기미확인 등급미확인,BOND_국내-국채-만기미확인-등급미확인-bf9416de66,bond_coupon|neutral|1X,N,conflict:1,"채권·국내 노출, 채권 / 국내 국채 만기미확인 등급미확인 투자대상, bond_coupon|neutral|1X 수익·손실 구조를 공통 기준으로 사용"
PG-PENDING-316670-34790bcef7,국내 미확인 주식전략 · plain,1,주식,국내,기타특수구조,미확인 주식전략,국내 미확인 주식전략,미확인-주식전략-국내-미확인-주식전략-46eed209b8,plain|neutral|1X,N,needs_review:1,"주식·국내 노출, 기타특수구조 / 국내 미확인 주식전략 투자대상, plain|neutral|1X 수익·손실 구조를 공통 기준으로 사용"
PG-PENDING-321410-cc66756183,구성비율 미확인 · mixed_asset,1,혼합자산,글로벌,혼합자산,혼합자산,구성비율 미확인,혼합자산-구성비율-미확인-9c1ef5c7e4,mixed_asset|neutral|1X,N,needs_review:1,"혼합자산·글로벌 노출, 혼합자산 / 구성비율 미확인 투자대상, mixed_asset|neutral|1X 수익·손실 구조를 공통 기준으로 사용"
PG-PENDING-322400-00483bb9ae,국내 미확인 주식전략 · plain,1,주식,국내,기타특수구조,미확인 주식전략,국내 미확인 주식전략,미확인-주식전략-국내-미확인-주식전략-46eed209b8,plain|neutral|1X,N,needs_review:1,"주식·국내 노출, 기타특수구조 / 국내 미확인 주식전략 투자대상, plain|neutral|1X 수익·손실 구조를 공통 기준으로 사용"
PG-PENDING-326230-89bb73795a,국내 미확인 주식전략 · plain,1,주식,국내,기타특수구조,미확인 주식전략,국내 미확인 주식전략,미확인-주식전략-국내-미확인-주식전략-46eed209b8,plain|neutral|1X,N,needs_review:1,"주식·국내 노출, 기타특수구조 / 국내 미확인 주식전략 투자대상, plain|neutral|1X 수익·손실 구조를 공통 기준으로 사용"
PG-PENDING-326240-d139018c9a,국내 미확인 주식전략 · plain,1,주식,국내,기타특수구조,미확인 주식전략,국내 미확인 주식전략,미확인-주식전략-국내-미확인-주식전략-46eed209b8,plain|neutral|1X,N,needs_review:1,"주식·국내 노출, 기타특수구조 / 국내 미확인 주식전략 투자대상, plain|neutral|1X 수익·손실 구조를 공통 기준으로 사용"
PG-PENDING-328370-9697a3dd1c,국내 미확인 주식전략 · plain,1,주식,국내,기타특수구조,미확인 주식전략,국내 미확인 주식전략,미확인-주식전략-국내-미확인-주식전략-46eed209b8,plain|neutral|1X,N,needs_review:1,"주식·국내 노출, 기타특수구조 / 국내 미확인 주식전략 투자대상, plain|neutral|1X 수익·손실 구조를 공통 기준으로 사용"
PG-PENDING-329650-c9edb9e500,구성비율 미확인 · mixed_asset,1,혼합자산,글로벌,혼합자산,혼합자산,구성비율 미확인,혼합자산-구성비율-미확인-9c1ef5c7e4,mixed_asset|neutral|1X,N,needs_review:1,"혼합자산·글로벌 노출, 혼합자산 / 구성비율 미확인 투자대상, mixed_asset|neutral|1X 수익·손실 구조를 공통 기준으로 사용"
PG-PENDING-329660-cf61454214,구성비율 미확인 · mixed_asset,1,혼합자산,글로벌,혼합자산,혼합자산,구성비율 미확인,혼합자산-구성비율-미확인-9c1ef5c7e4,mixed_asset|neutral|1X,N,needs_review:1,"혼합자산·글로벌 노출, 혼합자산 / 구성비율 미확인 투자대상, mixed_asset|neutral|1X 수익·손실 구조를 공통 기준으로 사용"
PG-PENDING-329670-5486f2fa99,구성비율 미확인 · mixed_asset,1,혼합자산,글로벌,혼합자산,혼합자산,구성비율 미확인,혼합자산-구성비율-미확인-9c1ef5c7e4,mixed_asset|neutral|1X,N,needs_review:1,"혼합자산·글로벌 노출, 혼합자산 / 구성비율 미확인 투자대상, mixed_asset|neutral|1X 수익·손실 구조를 공통 기준으로 사용"
PG-PENDING-329750-83d3275b7d,미국 국채 초단기 등급미확인 · bond_coupon,1,채권,미국,채권,채권,미국 국채 초단기 등급미확인,BOND_미국-국채-초단기-등급미확인-5e59e46a3c,bond_coupon|neutral|1X,N,needs_review:1,"채권·미국 노출, 채권 / 미국 국채 초단기 등급미확인 투자대상, bond_coupon|neutral|1X 수익·손실 구조를 공통 기준으로 사용"
PG-PENDING-332500-3be600d08d,국내 미확인 주식전략 · plain,1,주식,국내,기타특수구조,미확인 주식전략,국내 미확인 주식전략,미확인-주식전략-국내-미확인-주식전략-46eed209b8,plain|neutral|1X,N,needs_review:1,"주식·국내 노출, 기타특수구조 / 국내 미확인 주식전략 투자대상, plain|neutral|1X 수익·손실 구조를 공통 기준으로 사용"
PG-PENDING-332930-45f38f3d9e,국내 미확인 주식전략 · plain,1,주식,국내,기타특수구조,미확인 주식전략,국내 미확인 주식전략,미확인-주식전략-국내-미확인-주식전략-46eed209b8,plain|neutral|1X,N,needs_review:1,"주식·국내 노출, 기타특수구조 / 국내 미확인 주식전략 투자대상, plain|neutral|1X 수익·손실 구조를 공통 기준으로 사용"
PG-PENDING-332940-84b218881d,국내 미확인 주식전략 · plain,1,주식,국내,기타특수구조,미확인 주식전략,국내 미확인 주식전략,미확인-주식전략-국내-미확인-주식전략-46eed209b8,plain|neutral|1X,N,needs_review:1,"주식·국내 노출, 기타특수구조 / 국내 미확인 주식전략 투자대상, plain|neutral|1X 수익·손실 구조를 공통 기준으로 사용"
PG-PENDING-336160-28f2640385,국내 금융채 단기 등급미확인 · bond_coupon,1,채권,국내,채권,채권,국내 금융채 단기 등급미확인,BOND_국내-금융채-단기-등급미확인-c717d83173,bond_coupon|neutral|1X,N,needs_review:1,"채권·국내 노출, 채권 / 국내 금융채 단기 등급미확인 투자대상, bond_coupon|neutral|1X 수익·손실 구조를 공통 기준으로 사용"
PG-PENDING-337120-3b8ebb0cd3,국내 미확인 주식전략 · plain,1,주식,국내,기타특수구조,미확인 주식전략,국내 미확인 주식전략,미확인-주식전략-국내-미확인-주식전략-46eed209b8,plain|neutral|1X,N,needs_review:1,"주식·국내 노출, 기타특수구조 / 국내 미확인 주식전략 투자대상, plain|neutral|1X 수익·손실 구조를 공통 기준으로 사용"
PG-PENDING-337150-997cb8d46c,국내 미확인 주식전략 · plain,1,주식,국내,기타특수구조,미확인 주식전략,국내 미확인 주식전략,미확인-주식전략-국내-미확인-주식전략-46eed209b8,plain|neutral|1X,N,needs_review:1,"주식·국내 노출, 기타특수구조 / 국내 미확인 주식전략 투자대상, plain|neutral|1X 수익·손실 구조를 공통 기준으로 사용"
PG-PENDING-337160-e95fc33cac,국내 미확인 주식전략 · plain,1,주식,국내,기타특수구조,미확인 주식전략,국내 미확인 주식전략,미확인-주식전략-국내-미확인-주식전략-46eed209b8,plain|neutral|1X,N,needs_review:1,"주식·국내 노출, 기타특수구조 / 국내 미확인 주식전략 투자대상, plain|neutral|1X 수익·손실 구조를 공통 기준으로 사용"
PG-PENDING-341850-7609e918ce,국내 채권 만기미확인 등급미확인 · bond_coupon,1,채권,국내,채권,채권,국내 채권 만기미확인 등급미확인,BOND_국내-채권-만기미확인-등급미확인-893e3e68b3,bond_coupon|neutral|1X,N,needs_review:1,"채권·국내 노출, 채권 / 국내 채권 만기미확인 등급미확인 투자대상, bond_coupon|neutral|1X 수익·손실 구조를 공통 기준으로 사용"
PG-PENDING-354350-445fb7131d,미국 미확인 주식전략 · plain,1,주식,미국,기타특수구조,미확인 주식전략,미국 미확인 주식전략,미확인-주식전략-미국-미확인-주식전략-bf6afc4d9f,plain|neutral|1X,N,needs_review:1,"주식·미국 노출, 기타특수구조 / 미국 미확인 주식전략 투자대상, plain|neutral|1X 수익·손실 구조를 공통 기준으로 사용"
PG-PENDING-354500-8b9ad6a76e,국내 미확인 주식전략 · plain,1,주식,국내,기타특수구조,미확인 주식전략,국내 미확인 주식전략,미확인-주식전략-국내-미확인-주식전략-46eed209b8,plain|neutral|1X,N,needs_review:1,"주식·국내 노출, 기타특수구조 / 국내 미확인 주식전략 투자대상, plain|neutral|1X 수익·손실 구조를 공통 기준으로 사용"
PG-PENDING-356540-306733384a,국내 채권 만기미확인 AA · bond_coupon,1,채권,국내,채권,채권,국내 채권 만기미확인 AA,BOND_국내-채권-만기미확인-AA-273392b07e,bond_coupon|neutral|1X,N,needs_review:1,"채권·국내 노출, 채권 / 국내 채권 만기미확인 AA 투자대상, bond_coupon|neutral|1X 수익·손실 구조를 공통 기준으로 사용"
PG-PENDING-359210-73409e7b1e,국내 미확인 주식전략 · plain,1,주식,국내,기타특수구조,미확인 주식전략,국내 미확인 주식전략,미확인-주식전략-국내-미확인-주식전략-46eed209b8,plain|neutral|1X,N,needs_review:1,"주식·국내 노출, 기타특수구조 / 국내 미확인 주식전략 투자대상, plain|neutral|1X 수익·손실 구조를 공통 기준으로 사용"
PG-PENDING-361580-8441fb63c4,국내 미확인 주식전략 · plain,1,주식,국내,기타특수구조,미확인 주식전략,국내 미확인 주식전략,미확인-주식전략-국내-미확인-주식전략-46eed209b8,plain|neutral|1X,N,needs_review:1,"주식·국내 노출, 기타특수구조 / 국내 미확인 주식전략 투자대상, plain|neutral|1X 수익·손실 구조를 공통 기준으로 사용"
PG-PENDING-363510-fa16739f45,국내 채권 단기 등급미확인 · bond_coupon,1,채권,국내,채권,채권,국내 채권 단기 등급미확인,BOND_국내-채권-단기-등급미확인-afa2e5ef57,bond_coupon|neutral|1X,N,conflict:1,"채권·국내 노출, 채권 / 국내 채권 단기 등급미확인 투자대상, bond_coupon|neutral|1X 수익·손실 구조를 공통 기준으로 사용"
PG-PENDING-364690-dc96edbf71,국내 미확인 주식전략 · plain,1,주식,국내,기타특수구조,미확인 주식전략,국내 미확인 주식전략,미확인-주식전략-국내-미확인-주식전략-46eed209b8,plain|neutral|1X,N,needs_review:1,"주식·국내 노출, 기타특수구조 / 국내 미확인 주식전략 투자대상, plain|neutral|1X 수익·손실 구조를 공통 기준으로 사용"
PG-PENDING-364960-f842a71e2c,국내 미확인 주식전략 · plain,1,주식,국내,기타특수구조,미확인 주식전략,국내 미확인 주식전략,미확인-주식전략-국내-미확인-주식전략-46eed209b8,plain|neutral|1X,N,needs_review:1,"주식·국내 노출, 기타특수구조 / 국내 미확인 주식전략 투자대상, plain|neutral|1X 수익·손실 구조를 공통 기준으로 사용"
PG-PENDING-365000-64c05ac1f4,국내 미확인 주식전략 · plain,1,주식,국내,기타특수구조,미확인 주식전략,국내 미확인 주식전략,미확인-주식전략-국내-미확인-주식전략-46eed209b8,plain|neutral|1X,N,needs_review:1,"주식·국내 노출, 기타특수구조 / 국내 미확인 주식전략 투자대상, plain|neutral|1X 수익·손실 구조를 공통 기준으로 사용"
PG-PENDING-365040-b003756d47,국내 미확인 주식전략 · plain,1,주식,국내,기타특수구조,미확인 주식전략,국내 미확인 주식전략,미확인-주식전략-국내-미확인-주식전략-46eed209b8,plain|neutral|1X,N,needs_review:1,"주식·국내 노출, 기타특수구조 / 국내 미확인 주식전략 투자대상, plain|neutral|1X 수익·손실 구조를 공통 기준으로 사용"
PG-PENDING-365780-b7be062f17,국내 채권 장기 등급미확인 · bond_coupon,1,채권,국내,채권,채권,국내 채권 장기 등급미확인,BOND_국내-채권-장기-등급미확인-f457d22418,bond_coupon|neutral|1X,N,needs_review:1,"채권·국내 노출, 채권 / 국내 채권 장기 등급미확인 투자대상, bond_coupon|neutral|1X 수익·손실 구조를 공통 기준으로 사용"
PG-PENDING-367740-59d038f6b1,국내 미확인 주식전략 · plain,1,주식,국내,기타특수구조,미확인 주식전략,국내 미확인 주식전략,미확인-주식전략-국내-미확인-주식전략-46eed209b8,plain|neutral|1X,N,needs_review:1,"주식·국내 노출, 기타특수구조 / 국내 미확인 주식전략 투자대상, plain|neutral|1X 수익·손실 구조를 공통 기준으로 사용"
PG-PENDING-367770-fbc3a3dcf6,국내 미확인 주식전략 · plain,1,주식,국내,기타특수구조,미확인 주식전략,국내 미확인 주식전략,미확인-주식전략-국내-미확인-주식전략-46eed209b8,plain|neutral|1X,N,needs_review:1,"주식·국내 노출, 기타특수구조 / 국내 미확인 주식전략 투자대상, plain|neutral|1X 수익·손실 구조를 공통 기준으로 사용"
PG-PENDING-368190-f7b09eb271,국내 미확인 주식전략 · plain,1,주식,국내,기타특수구조,미확인 주식전략,국내 미확인 주식전략,미확인-주식전략-국내-미확인-주식전략-46eed209b8,plain|neutral|1X,N,needs_review:1,"주식·국내 노출, 기타특수구조 / 국내 미확인 주식전략 투자대상, plain|neutral|1X 수익·손실 구조를 공통 기준으로 사용"
PG-PENDING-368680-60cb64fbb0,국내 미확인 주식전략 · plain,1,주식,국내,기타특수구조,미확인 주식전략,국내 미확인 주식전략,미확인-주식전략-국내-미확인-주식전략-46eed209b8,plain|neutral|1X,N,needs_review:1,"주식·국내 노출, 기타특수구조 / 국내 미확인 주식전략 투자대상, plain|neutral|1X 수익·손실 구조를 공통 기준으로 사용"
PG-PENDING-371150-eeaed959db,중국 미확인 주식전략 · plain,1,주식,중국,기타특수구조,미확인 주식전략,중국 미확인 주식전략,미확인-주식전략-중국-미확인-주식전략-526c3d6249,plain|neutral|1X,N,needs_review:1,"주식·중국 노출, 기타특수구조 / 중국 미확인 주식전략 투자대상, plain|neutral|1X 수익·손실 구조를 공통 기준으로 사용"
PG-PENDING-371160-7cb6af2eab,중국 미확인 주식전략 · plain,1,주식,중국,기타특수구조,미확인 주식전략,중국 미확인 주식전략,미확인-주식전략-중국-미확인-주식전략-526c3d6249,plain|neutral|1X,N,needs_review:1,"주식·중국 노출, 기타특수구조 / 중국 미확인 주식전략 투자대상, plain|neutral|1X 수익·손실 구조를 공통 기준으로 사용"
PG-PENDING-371450-59150207b4,글로벌 미확인 주식전략 · plain,1,주식,글로벌,기타특수구조,미확인 주식전략,글로벌 미확인 주식전략,미확인-주식전략-글로벌-미확인-주식전략-d0f070a455,plain|neutral|1X,N,needs_review:1,"주식·글로벌 노출, 기타특수구조 / 글로벌 미확인 주식전략 투자대상, plain|neutral|1X 수익·손실 구조를 공통 기준으로 사용"
PG-PENDING-371870-0cca7b9a99,중국 미확인 주식전략 · plain,1,주식,중국,기타특수구조,미확인 주식전략,중국 미확인 주식전략,미확인-주식전략-중국-미확인-주식전략-526c3d6249,plain|neutral|1X,N,needs_review:1,"주식·중국 노출, 기타특수구조 / 중국 미확인 주식전략 투자대상, plain|neutral|1X 수익·손실 구조를 공통 기준으로 사용"
PG-PENDING-372330-34288375af,중국 미확인 주식전략 · plain,1,주식,중국,기타특수구조,미확인 주식전략,중국 미확인 주식전략,미확인-주식전략-중국-미확인-주식전략-526c3d6249,plain|neutral|1X,N,needs_review:1,"주식·중국 노출, 기타특수구조 / 중국 미확인 주식전략 투자대상, plain|neutral|1X 수익·손실 구조를 공통 기준으로 사용"
PG-PENDING-375760-89e7c9f3f4,국내 미확인 주식전략 · plain,1,주식,국내,기타특수구조,미확인 주식전략,국내 미확인 주식전략,미확인-주식전략-국내-미확인-주식전략-46eed209b8,plain|neutral|1X,N,needs_review:1,"주식·국내 노출, 기타특수구조 / 국내 미확인 주식전략 투자대상, plain|neutral|1X 수익·손실 구조를 공통 기준으로 사용"
PG-PENDING-375770-4674c1451e,국내 미확인 주식전략 · plain,1,주식,국내,기타특수구조,미확인 주식전략,국내 미확인 주식전략,미확인-주식전략-국내-미확인-주식전략-46eed209b8,plain|neutral|1X,N,needs_review:1,"주식·국내 노출, 기타특수구조 / 국내 미확인 주식전략 투자대상, plain|neutral|1X 수익·손실 구조를 공통 기준으로 사용"
PG-PENDING-376410-bd00ab9c07,국내 미확인 주식전략 · plain,1,주식,국내,기타특수구조,미확인 주식전략,국내 미확인 주식전략,미확인-주식전략-국내-미확인-주식전략-46eed209b8,plain|neutral|1X,N,needs_review:1,"주식·국내 노출, 기타특수구조 / 국내 미확인 주식전략 투자대상, plain|neutral|1X 수익·손실 구조를 공통 기준으로 사용"
PG-PENDING-379790-c58b4fb735,유럽 미확인 주식전략 · plain,1,주식,유럽,기타특수구조,미확인 주식전략,유럽 미확인 주식전략,미확인-주식전략-유럽-미확인-주식전략-fda82dbade,plain|neutral|1X,N,needs_review:1,"주식·유럽 노출, 기타특수구조 / 유럽 미확인 주식전략 투자대상, plain|neutral|1X 수익·손실 구조를 공통 기준으로 사용"
PG-PENDING-380340-60d3734f19,국내 미확인 주식전략 · plain,1,주식,국내,기타특수구조,미확인 주식전략,국내 미확인 주식전략,미확인-주식전략-국내-미확인-주식전략-46eed209b8,plain|neutral|1X,N,needs_review:1,"주식·국내 노출, 기타특수구조 / 국내 미확인 주식전략 투자대상, plain|neutral|1X 수익·손실 구조를 공통 기준으로 사용"
PG-PENDING-381170-ed75b03529,미국 미확인 주식전략 · plain,1,주식,미국,기타특수구조,미확인 주식전략,미국 미확인 주식전략,미확인-주식전략-미국-미확인-주식전략-bf6afc4d9f,plain|neutral|1X,N,needs_review:1,"주식·미국 노출, 기타특수구조 / 미국 미확인 주식전략 투자대상, plain|neutral|1X 수익·손실 구조를 공통 기준으로 사용"
PG-PENDING-381560-22ca5843ec,국내 미확인 주식전략 · plain,1,주식,국내,기타특수구조,미확인 주식전략,국내 미확인 주식전략,미확인-주식전략-국내-미확인-주식전략-46eed209b8,plain|neutral|1X,N,needs_review:1,"주식·국내 노출, 기타특수구조 / 국내 미확인 주식전략 투자대상, plain|neutral|1X 수익·손실 구조를 공통 기준으로 사용"
PG-PENDING-385520-7b4c825ebc,국내 미확인 주식전략 · plain,1,주식,국내,기타특수구조,미확인 주식전략,국내 미확인 주식전략,미확인-주식전략-국내-미확인-주식전략-46eed209b8,plain|neutral|1X,N,needs_review:1,"주식·국내 노출, 기타특수구조 / 국내 미확인 주식전략 투자대상, plain|neutral|1X 수익·손실 구조를 공통 기준으로 사용"
PG-PENDING-385540-14f3107597,국내 채권 만기미확인 등급미확인 · bond_coupon,1,채권,국내,채권,채권,국내 채권 만기미확인 등급미확인,BOND_국내-채권-만기미확인-등급미확인-893e3e68b3,bond_coupon|neutral|1X,N,needs_review:1,"채권·국내 노출, 채권 / 국내 채권 만기미확인 등급미확인 투자대상, bond_coupon|neutral|1X 수익·손실 구조를 공통 기준으로 사용"
PG-PENDING-385560-535e79dcee,국내 채권 장기 등급미확인 · bond_coupon,1,채권,국내,채권,채권,국내 채권 장기 등급미확인,BOND_국내-채권-장기-등급미확인-f457d22418,bond_coupon|neutral|1X,N,needs_review:1,"채권·국내 노출, 채권 / 국내 채권 장기 등급미확인 투자대상, bond_coupon|neutral|1X 수익·손실 구조를 공통 기준으로 사용"
PG-PENDING-385590-a142f104f6,국내 국채 만기미확인 등급미확인 · bond_coupon,1,채권,국내,채권,채권,국내 국채 만기미확인 등급미확인,BOND_국내-국채-만기미확인-등급미확인-bf9416de66,bond_coupon|neutral|1X,N,conflict:1,"채권·국내 노출, 채권 / 국내 국채 만기미확인 등급미확인 투자대상, bond_coupon|neutral|1X 수익·손실 구조를 공통 기준으로 사용"
PG-PENDING-385710-91152dd83b,국내 미확인 주식전략 · plain,1,주식,국내,기타특수구조,미확인 주식전략,국내 미확인 주식전략,미확인-주식전략-국내-미확인-주식전략-46eed209b8,plain|neutral|1X,N,needs_review:1,"주식·국내 노출, 기타특수구조 / 국내 미확인 주식전략 투자대상, plain|neutral|1X 수익·손실 구조를 공통 기준으로 사용"
PG-PENDING-385720-1e9816693e,국내 미확인 주식전략 · plain,1,주식,국내,기타특수구조,미확인 주식전략,국내 미확인 주식전략,미확인-주식전략-국내-미확인-주식전략-46eed209b8,plain|neutral|1X,N,needs_review:1,"주식·국내 노출, 기타특수구조 / 국내 미확인 주식전략 투자대상, plain|neutral|1X 수익·손실 구조를 공통 기준으로 사용"
PG-PENDING-391670-51308ab99e,국내 미확인 주식전략 · plain,1,주식,국내,기타특수구조,미확인 주식전략,국내 미확인 주식전략,미확인-주식전략-국내-미확인-주식전략-46eed209b8,plain|neutral|1X,N,needs_review:1,"주식·국내 노출, 기타특수구조 / 국내 미확인 주식전략 투자대상, plain|neutral|1X 수익·손실 구조를 공통 기준으로 사용"
PG-PENDING-394660-e1ff5030b7,미국 미확인 주식전략 · plain,1,주식,미국,기타특수구조,미확인 주식전략,미국 미확인 주식전략,미확인-주식전략-미국-미확인-주식전략-bf6afc4d9f,plain|neutral|1X,N,needs_review:1,"주식·미국 노출, 기타특수구조 / 미국 미확인 주식전략 투자대상, plain|neutral|1X 수익·손실 구조를 공통 기준으로 사용"
PG-PENDING-395150-8c5a482958,국내 미확인 주식전략 · plain,1,주식,국내,기타특수구조,미확인 주식전략,국내 미확인 주식전략,미확인-주식전략-국내-미확인-주식전략-46eed209b8,plain|neutral|1X,N,needs_review:1,"주식·국내 노출, 기타특수구조 / 국내 미확인 주식전략 투자대상, plain|neutral|1X 수익·손실 구조를 공통 기준으로 사용"
PG-PENDING-395170-c30f448eb9,국내 미확인 주식전략 · plain,1,주식,국내,기타특수구조,미확인 주식전략,국내 미확인 주식전략,미확인-주식전략-국내-미확인-주식전략-46eed209b8,plain|neutral|1X,N,needs_review:1,"주식·국내 노출, 기타특수구조 / 국내 미확인 주식전략 투자대상, plain|neutral|1X 수익·손실 구조를 공통 기준으로 사용"
PG-PENDING-397420-7e2db6ab4c,국내 국채 중기 등급미확인 · bond_coupon,1,채권,국내,채권,채권,국내 국채 중기 등급미확인,BOND_국내-국채-중기-등급미확인-29bab72576,bond_coupon|neutral|1X,N,needs_review:1,"채권·국내 노출, 채권 / 국내 국채 중기 등급미확인 투자대상, bond_coupon|neutral|1X 수익·손실 구조를 공통 기준으로 사용"
PG-PENDING-400570-80ec5ef762,유럽 미확인 주식전략 · plain,1,주식,유럽,기타특수구조,미확인 주식전략,유럽 미확인 주식전략,미확인-주식전략-유럽-미확인-주식전략-fda82dbade,plain|neutral|1X,N,needs_review:1,"주식·유럽 노출, 기타특수구조 / 유럽 미확인 주식전략 투자대상, plain|neutral|1X 수익·손실 구조를 공통 기준으로 사용"
PG-PENDING-400580-b79ac1439a,미국 미확인 주식전략 · plain,1,주식,미국,기타특수구조,미확인 주식전략,미국 미확인 주식전략,미확인-주식전략-미국-미확인-주식전략-bf6afc4d9f,plain|neutral|1X,N,needs_review:1,"주식·미국 노출, 기타특수구조 / 미국 미확인 주식전략 투자대상, plain|neutral|1X 수익·손실 구조를 공통 기준으로 사용"
PG-PENDING-400590-bc85545d20,글로벌 미확인 주식전략 · plain,1,주식,글로벌,기타특수구조,미확인 주식전략,글로벌 미확인 주식전략,미확인-주식전략-글로벌-미확인-주식전략-d0f070a455,plain|neutral|1X,N,needs_review:1,"주식·글로벌 노출, 기타특수구조 / 글로벌 미확인 주식전략 투자대상, plain|neutral|1X 수익·손실 구조를 공통 기준으로 사용"
PG-PENDING-401590-aecaceb1ac,글로벌 미확인 주식전략 · plain,1,주식,글로벌,기타특수구조,미확인 주식전략,글로벌 미확인 주식전략,미확인-주식전략-글로벌-미확인-주식전략-d0f070a455,plain|neutral|1X,N,needs_review:1,"주식·글로벌 노출, 기타특수구조 / 글로벌 미확인 주식전략 투자대상, plain|neutral|1X 수익·손실 구조를 공통 기준으로 사용"
PG-PENDING-403790-3b5269332b,국내 미확인 주식전략 · plain,1,주식,국내,기타특수구조,미확인 주식전략,국내 미확인 주식전략,미확인-주식전략-국내-미확인-주식전략-46eed209b8,plain|neutral|1X,N,needs_review:1,"주식·국내 노출, 기타특수구조 / 국내 미확인 주식전략 투자대상, plain|neutral|1X 수익·손실 구조를 공통 기준으로 사용"
PG-PENDING-407300-36bcd979de,국내 미확인 주식전략 · plain,1,주식,국내,기타특수구조,미확인 주식전략,국내 미확인 주식전략,미확인-주식전략-국내-미확인-주식전략-46eed209b8,plain|neutral|1X,N,needs_review:1,"주식·국내 노출, 기타특수구조 / 국내 미확인 주식전략 투자대상, plain|neutral|1X 수익·손실 구조를 공통 기준으로 사용"
PG-PENDING-407310-e242ab8d92,국내 미확인 주식전략 · plain,1,주식,국내,기타특수구조,미확인 주식전략,국내 미확인 주식전략,미확인-주식전략-국내-미확인-주식전략-46eed209b8,plain|neutral|1X,N,needs_review:1,"주식·국내 노출, 기타특수구조 / 국내 미확인 주식전략 투자대상, plain|neutral|1X 수익·손실 구조를 공통 기준으로 사용"
PG-PENDING-407820-9c2c4092a4,국내 미확인 주식전략 · plain,1,주식,국내,기타특수구조,미확인 주식전략,국내 미확인 주식전략,미확인-주식전략-국내-미확인-주식전략-46eed209b8,plain|neutral|1X,N,needs_review:1,"주식·국내 노출, 기타특수구조 / 국내 미확인 주식전략 투자대상, plain|neutral|1X 수익·손실 구조를 공통 기준으로 사용"
PG-PENDING-411540-d7de7e5676,국내 미확인 주식전략 · plain,1,주식,국내,기타특수구조,미확인 주식전략,국내 미확인 주식전략,미확인-주식전략-국내-미확인-주식전략-46eed209b8,plain|neutral|1X,N,needs_review:1,"주식·국내 노출, 기타특수구조 / 국내 미확인 주식전략 투자대상, plain|neutral|1X 수익·손실 구조를 공통 기준으로 사용"
PG-PENDING-411860-c8b3b6a1db,유럽 미확인 주식전략 · plain,1,주식,유럽,기타특수구조,미확인 주식전략,유럽 미확인 주식전략,미확인-주식전략-유럽-미확인-주식전략-fda82dbade,plain|neutral|1X,N,needs_review:1,"주식·유럽 노출, 기타특수구조 / 유럽 미확인 주식전략 투자대상, plain|neutral|1X 수익·손실 구조를 공통 기준으로 사용"
PG-PENDING-412560-3bd7e932c7,국내 미확인 주식전략 · leveraged,1,주식,국내,기타특수구조,미확인 주식전략,국내 미확인 주식전략,미확인-주식전략-국내-미확인-주식전략-46eed209b8,leveraged|long|2X,N,needs_review:1,"주식·국내 노출, 기타특수구조 / 국내 미확인 주식전략 투자대상, leveraged|long|2X 수익·손실 구조를 공통 기준으로 사용"
PG-PENDING-413220-f296d95e43,미국 국채 만기미확인 등급미확인 · bond_coupon,1,채권,미국,채권,채권,미국 국채 만기미확인 등급미확인,BOND_미국-국채-만기미확인-등급미확인-6e6ab9de27,bond_coupon|neutral|1X,N,conflict:1,"채권·미국 노출, 채권 / 미국 국채 만기미확인 등급미확인 투자대상, bond_coupon|neutral|1X 수익·손실 구조를 공통 기준으로 사용"
PG-PENDING-414270-d94fdc11a6,미국 미확인 주식전략 · plain,1,주식,미국,기타특수구조,미확인 주식전략,미국 미확인 주식전략,미확인-주식전략-미국-미확인-주식전략-bf6afc4d9f,plain|neutral|1X,N,needs_review:1,"주식·미국 노출, 기타특수구조 / 미국 미확인 주식전략 투자대상, plain|neutral|1X 수익·손실 구조를 공통 기준으로 사용"
PG-PENDING-414780-a063c8190e,중국 미확인 주식전략 · plain,1,주식,중국,기타특수구조,미확인 주식전략,중국 미확인 주식전략,미확인-주식전략-중국-미확인-주식전략-526c3d6249,plain|neutral|1X,N,needs_review:1,"주식·중국 노출, 기타특수구조 / 중국 미확인 주식전략 투자대상, plain|neutral|1X 수익·손실 구조를 공통 기준으로 사용"
PG-PENDING-415340-18d4f1643e,중국 미확인 주식전략 · plain,1,주식,중국,기타특수구조,미확인 주식전략,중국 미확인 주식전략,미확인-주식전략-중국-미확인-주식전략-526c3d6249,plain|neutral|1X,N,needs_review:1,"주식·중국 노출, 기타특수구조 / 중국 미확인 주식전략 투자대상, plain|neutral|1X 수익·손실 구조를 공통 기준으로 사용"
PG-PENDING-415760-0cded2a073,중국 미확인 주식전략 · plain,1,주식,중국,기타특수구조,미확인 주식전략,중국 미확인 주식전략,미확인-주식전략-중국-미확인-주식전략-526c3d6249,plain|neutral|1X,N,needs_review:1,"주식·중국 노출, 기타특수구조 / 중국 미확인 주식전략 투자대상, plain|neutral|1X 수익·손실 구조를 공통 기준으로 사용"
PG-PENDING-416090-b89fb29ddd,중국 미확인 주식전략 · plain,1,주식,중국,기타특수구조,미확인 주식전략,중국 미확인 주식전략,미확인-주식전략-중국-미확인-주식전략-526c3d6249,plain|neutral|1X,N,needs_review:1,"주식·중국 노출, 기타특수구조 / 중국 미확인 주식전략 투자대상, plain|neutral|1X 수익·손실 구조를 공통 기준으로 사용"
PG-PENDING-417450-83ad2724cc,글로벌 미확인 주식전략 · plain,1,주식,글로벌,기타특수구조,미확인 주식전략,글로벌 미확인 주식전략,미확인-주식전략-글로벌-미확인-주식전략-d0f070a455,plain|neutral|1X,N,needs_review:1,"주식·글로벌 노출, 기타특수구조 / 글로벌 미확인 주식전략 투자대상, plain|neutral|1X 수익·손실 구조를 공통 기준으로 사용"
PG-PENDING-417630-89411423ea,국내 미확인 주식전략 · plain,1,주식,국내,기타특수구조,미확인 주식전략,국내 미확인 주식전략,미확인-주식전략-국내-미확인-주식전략-46eed209b8,plain|neutral|1X,N,needs_review:1,"주식·국내 노출, 기타특수구조 / 국내 미확인 주식전략 투자대상, plain|neutral|1X 수익·손실 구조를 공통 기준으로 사용"
PG-PENDING-418670-6cadf3ac2c,글로벌 미확인 주식전략 · plain,1,주식,글로벌,기타특수구조,미확인 주식전략,글로벌 미확인 주식전략,미확인-주식전략-글로벌-미확인-주식전략-d0f070a455,plain|neutral|1X,N,needs_review:1,"주식·글로벌 노출, 기타특수구조 / 글로벌 미확인 주식전략 투자대상, plain|neutral|1X 수익·손실 구조를 공통 기준으로 사용"
PG-PENDING-419650-8a45d5414d,미국 미확인 주식전략 · plain,1,주식,미국,기타특수구조,미확인 주식전략,미국 미확인 주식전략,미확인-주식전략-미국-미확인-주식전략-bf6afc4d9f,plain|neutral|1X,N,needs_review:1,"주식·미국 노출, 기타특수구조 / 미국 미확인 주식전략 투자대상, plain|neutral|1X 수익·손실 구조를 공통 기준으로 사용"
PG-PENDING-419890-5283c8eaa7,국내 채권 단기 등급미확인 · bond_coupon,1,채권,국내,채권,채권,국내 채권 단기 등급미확인,BOND_국내-채권-단기-등급미확인-afa2e5ef57,bond_coupon|neutral|1X,N,needs_review:1,"채권·국내 노출, 채권 / 국내 채권 단기 등급미확인 투자대상, bond_coupon|neutral|1X 수익·손실 구조를 공통 기준으로 사용"
PG-PENDING-426150-e96a0f6ea9,국내 채권 만기미확인 등급미확인 · bond_coupon,1,채권,국내,채권,채권,국내 채권 만기미확인 등급미확인,BOND_국내-채권-만기미확인-등급미확인-893e3e68b3,bond_coupon|neutral|1X,N,needs_review:1,"채권·국내 노출, 채권 / 국내 채권 만기미확인 등급미확인 투자대상, bond_coupon|neutral|1X 수익·손실 구조를 공통 기준으로 사용"
PG-PENDING-428510-0af7301381,중국 미확인 주식전략 · plain,1,주식,중국,기타특수구조,미확인 주식전략,중국 미확인 주식전략,미확인-주식전략-중국-미확인-주식전략-526c3d6249,plain|neutral|1X,N,needs_review:1,"주식·중국 노출, 기타특수구조 / 중국 미확인 주식전략 투자대상, plain|neutral|1X 수익·손실 구조를 공통 기준으로 사용"
PG-PENDING-428560-fc8e11e3d3,미국 국채 만기미확인 등급미확인 · bond_coupon,1,채권,미국,채권,채권,미국 국채 만기미확인 등급미확인,BOND_미국-국채-만기미확인-등급미확인-6e6ab9de27,bond_coupon|neutral|1X,N,conflict:1,"채권·미국 노출, 채권 / 미국 국채 만기미확인 등급미확인 투자대상, bond_coupon|neutral|1X 수익·손실 구조를 공통 기준으로 사용"
PG-PENDING-429010-224f727853,미국 미확인 주식전략 · plain,1,주식,미국,기타특수구조,미확인 주식전략,미국 미확인 주식전략,미확인-주식전략-미국-미확인-주식전략-bf6afc4d9f,plain|neutral|1X,N,needs_review:1,"주식·미국 노출, 기타특수구조 / 미국 미확인 주식전략 투자대상, plain|neutral|1X 수익·손실 구조를 공통 기준으로 사용"
PG-PENDING-430500-7ac820f834,국내 채권 만기미확인 등급미확인 · bond_coupon,1,채권,국내,채권,채권,국내 채권 만기미확인 등급미확인,BOND_국내-채권-만기미확인-등급미확인-893e3e68b3,bond_coupon|neutral|1X,N,needs_review:1,"채권·국내 노출, 채권 / 국내 채권 만기미확인 등급미확인 투자대상, bond_coupon|neutral|1X 수익·손실 구조를 공통 기준으로 사용"
PG-PENDING-432600-29b1edd850,국내 국채 단기 등급미확인 · bond_coupon,1,채권,국내,채권,채권,국내 국채 단기 등급미확인,BOND_국내-국채-단기-등급미확인-bddf0c67db,bond_coupon|neutral|1X,N,needs_review:1,"채권·국내 노출, 채권 / 국내 국채 단기 등급미확인 투자대상, bond_coupon|neutral|1X 수익·손실 구조를 공통 기준으로 사용"
PG-PENDING-433250-22fe909e19,국내 미확인 주식전략 · plain,1,주식,국내,기타특수구조,미확인 주식전략,국내 미확인 주식전략,미확인-주식전략-국내-미확인-주식전략-46eed209b8,plain|neutral|1X,N,needs_review:1,"주식·국내 노출, 기타특수구조 / 국내 미확인 주식전략 투자대상, plain|neutral|1X 수익·손실 구조를 공통 기준으로 사용"
PG-PENDING-433880-5eec75226f,구성비율 미확인 · mixed_asset,1,혼합자산,국내,혼합자산,혼합자산,구성비율 미확인,혼합자산-구성비율-미확인-9c1ef5c7e4,mixed_asset|neutral|1X,N,needs_review:1,"혼합자산·국내 노출, 혼합자산 / 구성비율 미확인 투자대상, mixed_asset|neutral|1X 수익·손실 구조를 공통 기준으로 사용"
PG-PENDING-433970-1571b6a1d9,구성비율 미확인 · mixed_asset,1,혼합자산,국내,혼합자산,혼합자산,구성비율 미확인,혼합자산-구성비율-미확인-9c1ef5c7e4,mixed_asset|neutral|1X,N,needs_review:1,"혼합자산·국내 노출, 혼합자산 / 구성비율 미확인 투자대상, mixed_asset|neutral|1X 수익·손실 구조를 공통 기준으로 사용"
PG-PENDING-433980-961e1560e1,구성비율 미확인 · mixed_asset,1,혼합자산,국내,혼합자산,혼합자산,구성비율 미확인,혼합자산-구성비율-미확인-9c1ef5c7e4,mixed_asset|neutral|1X,N,needs_review:1,"혼합자산·국내 노출, 혼합자산 / 구성비율 미확인 투자대상, mixed_asset|neutral|1X 수익·손실 구조를 공통 기준으로 사용"
PG-PENDING-434060-1d727f0f56,구성비율 미확인 · mixed_asset,1,혼합자산,국내,혼합자산,혼합자산,구성비율 미확인,혼합자산-구성비율-미확인-9c1ef5c7e4,mixed_asset|neutral|1X,N,needs_review:1,"혼합자산·국내 노출, 혼합자산 / 구성비율 미확인 투자대상, mixed_asset|neutral|1X 수익·손실 구조를 공통 기준으로 사용"
PG-PENDING-434960-caf498d48e,국내 미확인 주식전략 · plain,1,주식,국내,기타특수구조,미확인 주식전략,국내 미확인 주식전략,미확인-주식전략-국내-미확인-주식전략-46eed209b8,plain|neutral|1X,N,needs_review:1,"주식·국내 노출, 기타특수구조 / 국내 미확인 주식전략 투자대상, plain|neutral|1X 수익·손실 구조를 공통 기준으로 사용"
PG-PENDING-435040-fb05c08121,미국 국채 만기미확인 등급미확인 · bond_coupon,1,채권,미국,채권,채권,미국 국채 만기미확인 등급미확인,BOND_미국-국채-만기미확인-등급미확인-6e6ab9de27,bond_coupon|neutral|1X,N,conflict:1,"채권·미국 노출, 채권 / 미국 국채 만기미확인 등급미확인 투자대상, bond_coupon|neutral|1X 수익·손실 구조를 공통 기준으로 사용"
PG-PENDING-435420-905ddd718d,미국 채권 만기미확인 등급미확인 · bond_coupon,1,채권,미국,채권,채권,미국 채권 만기미확인 등급미확인,NASDAQ100,bond_coupon|neutral|1X,N,needs_review:1,"채권·미국 노출, 채권 / 미국 채권 만기미확인 등급미확인 투자대상, bond_coupon|neutral|1X 수익·손실 구조를 공통 기준으로 사용"
PG-PENDING-435530-12a80c0890,구성비율 미확인 · mixed_asset,1,혼합자산,미국,혼합자산,혼합자산,구성비율 미확인,혼합자산-구성비율-미확인-9c1ef5c7e4,mixed_asset|neutral|1X,N,needs_review:1,"혼합자산·미국 노출, 혼합자산 / 구성비율 미확인 투자대상, mixed_asset|neutral|1X 수익·손실 구조를 공통 기준으로 사용"
PG-PENDING-435540-cf47a6f44a,구성비율 미확인 · mixed_asset,1,혼합자산,미국,혼합자산,혼합자산,구성비율 미확인,혼합자산-구성비율-미확인-9c1ef5c7e4,mixed_asset|neutral|1X,N,needs_review:1,"혼합자산·미국 노출, 혼합자산 / 구성비율 미확인 투자대상, mixed_asset|neutral|1X 수익·손실 구조를 공통 기준으로 사용"
PG-PENDING-435550-d910fe84cd,구성비율 미확인 · mixed_asset,1,혼합자산,미국,혼합자산,혼합자산,구성비율 미확인,혼합자산-구성비율-미확인-9c1ef5c7e4,mixed_asset|neutral|1X,N,needs_review:1,"혼합자산·미국 노출, 혼합자산 / 구성비율 미확인 투자대상, mixed_asset|neutral|1X 수익·손실 구조를 공통 기준으로 사용"
PG-PENDING-436140-30a2626510,국내 채권 만기미확인 AA · bond_coupon,1,채권,국내,채권,채권,국내 채권 만기미확인 AA,BOND_국내-채권-만기미확인-AA-273392b07e,bond_coupon|neutral|1X,N,needs_review:1,"채권·국내 노출, 채권 / 국내 채권 만기미확인 AA 투자대상, bond_coupon|neutral|1X 수익·손실 구조를 공통 기준으로 사용"
PG-PENDING-437070-105e8c2b18,글로벌 채권 만기미확인 등급미확인 · bond_coupon,1,채권,글로벌,채권,채권,글로벌 채권 만기미확인 등급미확인,BOND_글로벌-채권-만기미확인-등급미확인-10462c9eac,bond_coupon|neutral|1X,N,needs_review:1,"채권·글로벌 노출, 채권 / 글로벌 채권 만기미확인 등급미확인 투자대상, bond_coupon|neutral|1X 수익·손실 구조를 공통 기준으로 사용"
PG-PENDING-437080-b2f00b52b0,미국 채권 만기미확인 등급미확인 · bond_coupon,1,채권,미국,채권,채권,미국 채권 만기미확인 등급미확인,BOND_미국-채권-만기미확인-등급미확인-4820f5af4f,bond_coupon|neutral|1X,N,needs_review:1,"채권·미국 노출, 채권 / 미국 채권 만기미확인 등급미확인 투자대상, bond_coupon|neutral|1X 수익·손실 구조를 공통 기준으로 사용"
PG-PENDING-437350-fbf4e6bbe6,미국 회사채 단기 등급미확인 · bond_coupon,1,채권,미국,채권,채권,미국 회사채 단기 등급미확인,BOND_미국-회사채-단기-등급미확인-7f30b963f2,bond_coupon|neutral|1X,N,needs_review:1,"채권·미국 노출, 채권 / 미국 회사채 단기 등급미확인 투자대상, bond_coupon|neutral|1X 수익·손실 구조를 공통 기준으로 사용"
PG-PENDING-437370-d82cea216d,글로벌 미확인 주식전략 · plain,1,주식,글로벌,기타특수구조,미확인 주식전략,글로벌 미확인 주식전략,미확인-주식전략-글로벌-미확인-주식전략-d0f070a455,plain|neutral|1X,N,needs_review:1,"주식·글로벌 노출, 기타특수구조 / 글로벌 미확인 주식전략 투자대상, plain|neutral|1X 수익·손실 구조를 공통 기준으로 사용"
PG-PENDING-438080-2a599dcb43,미국 국채 만기미확인 등급미확인 · bond_coupon,1,채권,미국,채권,채권,미국 국채 만기미확인 등급미확인,S&P500,bond_coupon|short|1X,N,needs_review:1,"채권·미국 노출, 채권 / 미국 국채 만기미확인 등급미확인 투자대상, bond_coupon|short|1X 수익·손실 구조를 공통 기준으로 사용"
PG-PENDING-438100-cd41b8586a,미국 국채 만기미확인 등급미확인 · bond_coupon,1,채권,미국,채권,채권,미국 국채 만기미확인 등급미확인,NASDAQ100,bond_coupon|neutral|1X,N,needs_review:1,"채권·미국 노출, 채권 / 미국 국채 만기미확인 등급미확인 투자대상, bond_coupon|neutral|1X 수익·손실 구조를 공통 기준으로 사용"
PG-PENDING-438320-b87fedf8f8,중국 미확인 주식전략 · leveraged,1,주식,중국,기타특수구조,미확인 주식전략,중국 미확인 주식전략,미확인-주식전략-중국-미확인-주식전략-526c3d6249,leveraged|long|2X,N,needs_review:1,"주식·중국 노출, 기타특수구조 / 중국 미확인 주식전략 투자대상, leveraged|long|2X 수익·손실 구조를 공통 기준으로 사용"
PG-PENDING-438330-f5e28ed9b4,국내 회사채 만기미확인 등급미확인 · bond_coupon,1,채권,국내,채권,채권,국내 회사채 만기미확인 등급미확인,BOND_국내-회사채-만기미확인-등급미확인-2695c4f395,bond_coupon|neutral|1X,N,needs_review:1,"채권·국내 노출, 채권 / 국내 회사채 만기미확인 등급미확인 투자대상, bond_coupon|neutral|1X 수익·손실 구조를 공통 기준으로 사용"
PG-PENDING-438560-478d5acf83,국내 채권 단기 등급미확인 · bond_coupon,1,채권,국내,채권,채권,국내 채권 단기 등급미확인,BOND_국내-채권-단기-등급미확인-afa2e5ef57,bond_coupon|neutral|1X,N,needs_review:1,"채권·국내 노출, 채권 / 국내 채권 단기 등급미확인 투자대상, bond_coupon|neutral|1X 수익·손실 구조를 공통 기준으로 사용"
PG-PENDING-438570-c6ffc008e1,국내 채권 장기 등급미확인 · bond_coupon,1,채권,국내,채권,채권,국내 채권 장기 등급미확인,BOND_국내-채권-장기-등급미확인-f457d22418,bond_coupon|neutral|1X,N,needs_review:1,"채권·국내 노출, 채권 / 국내 채권 장기 등급미확인 투자대상, bond_coupon|neutral|1X 수익·손실 구조를 공통 기준으로 사용"
PG-PENDING-438740-fb98dcbd77,국내 미확인 주식전략 · plain,1,주식,국내,기타특수구조,미확인 주식전략,국내 미확인 주식전략,미확인-주식전략-국내-미확인-주식전략-46eed209b8,plain|neutral|1X,N,needs_review:1,"주식·국내 노출, 기타특수구조 / 국내 미확인 주식전략 투자대상, plain|neutral|1X 수익·손실 구조를 공통 기준으로 사용"
PG-PENDING-438900-2bb486074d,국내 미확인 주식전략 · plain,1,주식,국내,기타특수구조,미확인 주식전략,국내 미확인 주식전략,미확인-주식전략-국내-미확인-주식전략-46eed209b8,plain|neutral|1X,N,needs_review:1,"주식·국내 노출, 기타특수구조 / 국내 미확인 주식전략 투자대상, plain|neutral|1X 수익·손실 구조를 공통 기준으로 사용"
PG-PENDING-439860-3ea213d530,국내 채권 만기미확인 등급미확인 · bond_coupon,1,채권,국내,채권,채권,국내 채권 만기미확인 등급미확인,BOND_국내-채권-만기미확인-등급미확인-893e3e68b3,bond_coupon|neutral|1X,N,needs_review:1,"채권·국내 노출, 채권 / 국내 채권 만기미확인 등급미확인 투자대상, bond_coupon|neutral|1X 수익·손실 구조를 공통 기준으로 사용"
PG-PENDING-439870-61ea2cd7dc,국내 채권 장기 등급미확인 · bond_coupon,1,채권,국내,채권,채권,국내 채권 장기 등급미확인,BOND_국내-채권-장기-등급미확인-f457d22418,bond_coupon|neutral|1X,N,needs_review:1,"채권·국내 노출, 채권 / 국내 채권 장기 등급미확인 투자대상, bond_coupon|neutral|1X 수익·손실 구조를 공통 기준으로 사용"
PG-PENDING-440340-1a8ffed855,구성비율 미확인 · mixed_asset,1,혼합자산,글로벌,혼합자산,혼합자산,구성비율 미확인,혼합자산-구성비율-미확인-9c1ef5c7e4,mixed_asset|neutral|1X,N,needs_review:1,"혼합자산·글로벌 노출, 혼합자산 / 구성비율 미확인 투자대상, mixed_asset|neutral|1X 수익·손실 구조를 공통 기준으로 사용"
PG-PENDING-440650-0a7122e549,미국 국채 단기 등급미확인 · bond_coupon,1,채권,미국,채권,채권,미국 국채 단기 등급미확인,BOND_미국-국채-단기-등급미확인-57eca34812,bond_coupon|short|1X,N,needs_review:1,"채권·미국 노출, 채권 / 미국 국채 단기 등급미확인 투자대상, bond_coupon|short|1X 수익·손실 구조를 공통 기준으로 사용"
PG-PENDING-440910-96f60ca540,미국 국채 만기미확인 등급미확인 · bond_coupon,1,채권,미국,채권,채권,미국 국채 만기미확인 등급미확인,BOND_미국-국채-만기미확인-등급미확인-6e6ab9de27,bond_coupon|neutral|1X,N,conflict:1,"채권·미국 노출, 채권 / 미국 국채 만기미확인 등급미확인 투자대상, bond_coupon|neutral|1X 수익·손실 구조를 공통 기준으로 사용"
PG-PENDING-441800-961e5c04a8,국내 미확인 주식전략 · plain,1,주식,국내,기타특수구조,미확인 주식전략,국내 미확인 주식전략,미확인-주식전략-국내-미확인-주식전략-46eed209b8,plain|neutral|1X,N,needs_review:1,"주식·국내 노출, 기타특수구조 / 국내 미확인 주식전략 투자대상, plain|neutral|1X 수익·손실 구조를 공통 기준으로 사용"
PG-PENDING-442090-d7fedee317,국내 미확인 주식전략 · plain,1,주식,국내,기타특수구조,미확인 주식전략,국내 미확인 주식전략,미확인-주식전략-국내-미확인-주식전략-46eed209b8,plain|neutral|1X,N,needs_review:1,"주식·국내 노출, 기타특수구조 / 국내 미확인 주식전략 투자대상, plain|neutral|1X 수익·손실 구조를 공통 기준으로 사용"
PG-PENDING-442260-2259920d2b,국내 미확인 주식전략 · plain,1,주식,국내,기타특수구조,미확인 주식전략,국내 미확인 주식전략,미확인-주식전략-국내-미확인-주식전략-46eed209b8,plain|neutral|1X,N,needs_review:1,"주식·국내 노출, 기타특수구조 / 국내 미확인 주식전략 투자대상, plain|neutral|1X 수익·손실 구조를 공통 기준으로 사용"
PG-PENDING-442550-2f82bf4c62,구성비율 미확인 · mixed_asset,1,혼합자산,글로벌,혼합자산,혼합자산,구성비율 미확인,혼합자산-구성비율-미확인-9c1ef5c7e4,mixed_asset|neutral|1X,N,needs_review:1,"혼합자산·글로벌 노출, 혼합자산 / 구성비율 미확인 투자대상, mixed_asset|neutral|1X 수익·손실 구조를 공통 기준으로 사용"
PG-PENDING-442560-e98fa6c268,구성비율 미확인 · mixed_asset,1,혼합자산,글로벌,혼합자산,혼합자산,구성비율 미확인,혼합자산-구성비율-미확인-9c1ef5c7e4,mixed_asset|neutral|1X,N,needs_review:1,"혼합자산·글로벌 노출, 혼합자산 / 구성비율 미확인 투자대상, mixed_asset|neutral|1X 수익·손실 구조를 공통 기준으로 사용"
PG-PENDING-442570-46c26ade96,구성비율 미확인 · mixed_asset,1,혼합자산,글로벌,혼합자산,혼합자산,구성비율 미확인,혼합자산-구성비율-미확인-9c1ef5c7e4,mixed_asset|neutral|1X,N,needs_review:1,"혼합자산·글로벌 노출, 혼합자산 / 구성비율 미확인 투자대상, mixed_asset|neutral|1X 수익·손실 구조를 공통 기준으로 사용"
PG-PENDING-444200-e1a54d1bcc,국내 미확인 주식전략 · plain,1,주식,국내,기타특수구조,미확인 주식전략,국내 미확인 주식전략,미확인-주식전략-국내-미확인-주식전략-46eed209b8,plain|neutral|1X,N,needs_review:1,"주식·국내 노출, 기타특수구조 / 국내 미확인 주식전략 투자대상, plain|neutral|1X 수익·손실 구조를 공통 기준으로 사용"
PG-PENDING-445910-4eab894baa,국내 미확인 주식전략 · plain,1,주식,국내,기타특수구조,미확인 주식전략,국내 미확인 주식전략,미확인-주식전략-국내-미확인-주식전략-46eed209b8,plain|neutral|1X,N,needs_review:1,"주식·국내 노출, 기타특수구조 / 국내 미확인 주식전략 투자대상, plain|neutral|1X 수익·손실 구조를 공통 기준으로 사용"
PG-PENDING-447620-b99990b0fd,미국 채권 만기미확인 등급미확인 · bond_coupon,1,채권,미국,채권,채권,미국 채권 만기미확인 등급미확인,BOND_미국-채권-만기미확인-등급미확인-4820f5af4f,bond_coupon|neutral|1X,N,needs_review:1,"채권·미국 노출, 채권 / 미국 채권 만기미확인 등급미확인 투자대상, bond_coupon|neutral|1X 수익·손실 구조를 공통 기준으로 사용"
PG-PENDING-447660-f00cb54bd6,국내 채권 만기미확인 등급미확인 · bond_coupon,1,채권,국내,채권,채권,국내 채권 만기미확인 등급미확인,BOND_국내-채권-만기미확인-등급미확인-893e3e68b3,bond_coupon|neutral|1X,N,needs_review:1,"채권·국내 노출, 채권 / 국내 채권 만기미확인 등급미확인 투자대상, bond_coupon|neutral|1X 수익·손실 구조를 공통 기준으로 사용"
PG-PENDING-447770-2bf16f8321,미국 채권 만기미확인 등급미확인 · bond_coupon,1,채권,미국,채권,채권,미국 채권 만기미확인 등급미확인,BOND_미국-채권-만기미확인-등급미확인-4820f5af4f,bond_coupon|neutral|1X,N,needs_review:1,"채권·미국 노출, 채권 / 미국 채권 만기미확인 등급미확인 투자대상, bond_coupon|neutral|1X 수익·손실 구조를 공통 기준으로 사용"
PG-PENDING-448100-dfdd9b2a50,국내 미확인 주식전략 · plain,1,주식,국내,기타특수구조,미확인 주식전략,국내 미확인 주식전략,미확인-주식전략-국내-미확인-주식전략-46eed209b8,plain|neutral|1X,N,needs_review:1,"주식·국내 노출, 기타특수구조 / 국내 미확인 주식전략 투자대상, plain|neutral|1X 수익·손실 구조를 공통 기준으로 사용"
PG-PENDING-448330-790494422d,국내 채권 만기미확인 등급미확인 · bond_coupon,1,채권,국내,채권,채권,국내 채권 만기미확인 등급미확인,BOND_국내-채권-만기미확인-등급미확인-893e3e68b3,bond_coupon|neutral|1X,N,needs_review:1,"채권·국내 노출, 채권 / 국내 채권 만기미확인 등급미확인 투자대상, bond_coupon|neutral|1X 수익·손실 구조를 공통 기준으로 사용"
PG-PENDING-448490-0dd0cafc32,국내 채권 장기 등급미확인 · bond_coupon,1,채권,국내,채권,채권,국내 채권 장기 등급미확인,BOND_국내-채권-장기-등급미확인-f457d22418,bond_coupon|neutral|1X,N,needs_review:1,"채권·국내 노출, 채권 / 국내 채권 장기 등급미확인 투자대상, bond_coupon|neutral|1X 수익·손실 구조를 공통 기준으로 사용"
PG-PENDING-448540-93f04c78d2,미국 채권 만기미확인 등급미확인 · bond_coupon,1,채권,미국,채권,채권,미국 채권 만기미확인 등급미확인,BOND_미국-채권-만기미확인-등급미확인-4820f5af4f,bond_coupon|neutral|1X,N,needs_review:1,"채권·미국 노출, 채권 / 미국 채권 만기미확인 등급미확인 투자대상, bond_coupon|neutral|1X 수익·손실 구조를 공통 기준으로 사용"
PG-PENDING-448570-2e32ce5a18,국내 미확인 주식전략 · plain,1,주식,국내,기타특수구조,미확인 주식전략,국내 미확인 주식전략,미확인-주식전략-국내-미확인-주식전략-46eed209b8,plain|neutral|1X,N,needs_review:1,"주식·국내 노출, 기타특수구조 / 국내 미확인 주식전략 투자대상, plain|neutral|1X 수익·손실 구조를 공통 기준으로 사용"
PG-PENDING-448630-2dba06f9df,국내 채권 만기미확인 등급미확인 · bond_coupon,1,채권,국내,채권,채권,국내 채권 만기미확인 등급미확인,BOND_국내-채권-만기미확인-등급미확인-893e3e68b3,bond_coupon|neutral|1X,N,needs_review:1,"채권·국내 노출, 채권 / 국내 채권 만기미확인 등급미확인 투자대상, bond_coupon|neutral|1X 수익·손실 구조를 공통 기준으로 사용"
PG-PENDING-449580-8990da58c2,미국 채권 만기미확인 등급미확인 · bond_coupon,1,채권,미국,채권,채권,미국 채권 만기미확인 등급미확인,BOND_미국-채권-만기미확인-등급미확인-4820f5af4f,bond_coupon|neutral|1X,N,needs_review:1,"채권·미국 노출, 채권 / 미국 채권 만기미확인 등급미확인 투자대상, bond_coupon|neutral|1X 수익·손실 구조를 공통 기준으로 사용"
PG-PENDING-449680-0f50edacd7,국내 미확인 주식전략 · plain,1,주식,국내,기타특수구조,미확인 주식전략,국내 미확인 주식전략,미확인-주식전략-국내-미확인-주식전략-46eed209b8,plain|neutral|1X,N,needs_review:1,"주식·국내 노출, 기타특수구조 / 국내 미확인 주식전략 투자대상, plain|neutral|1X 수익·손실 구조를 공통 기준으로 사용"
PG-PENDING-450180-b3a566b06d,국내 미확인 주식전략 · plain,1,주식,국내,기타특수구조,미확인 주식전략,국내 미확인 주식전략,미확인-주식전략-국내-미확인-주식전략-46eed209b8,plain|neutral|1X,N,needs_review:1,"주식·국내 노출, 기타특수구조 / 국내 미확인 주식전략 투자대상, plain|neutral|1X 수익·손실 구조를 공통 기준으로 사용"
PG-PENDING-450910-cae04916ed,국내 미확인 주식전략 · plain,1,주식,국내,기타특수구조,미확인 주식전략,국내 미확인 주식전략,미확인-주식전략-국내-미확인-주식전략-46eed209b8,plain|neutral|1X,N,needs_review:1,"주식·국내 노출, 기타특수구조 / 국내 미확인 주식전략 투자대상, plain|neutral|1X 수익·손실 구조를 공통 기준으로 사용"
PG-PENDING-451000-f3530154fe,국내 채권 만기미확인 AA · bond_coupon,1,채권,국내,채권,채권,국내 채권 만기미확인 AA,BOND_국내-채권-만기미확인-AA-273392b07e,bond_coupon|neutral|1X,N,needs_review:1,"채권·국내 노출, 채권 / 국내 채권 만기미확인 AA 투자대상, bond_coupon|neutral|1X 수익·손실 구조를 공통 기준으로 사용"
PG-PENDING-451060-fbea9ba8a1,국내 미확인 주식전략 · plain,1,주식,국내,기타특수구조,미확인 주식전략,국내 미확인 주식전략,미확인-주식전략-국내-미확인-주식전략-46eed209b8,plain|neutral|1X,N,needs_review:1,"주식·국내 노출, 기타특수구조 / 국내 미확인 주식전략 투자대상, plain|neutral|1X 수익·손실 구조를 공통 기준으로 사용"
PG-PENDING-451530-ae420e5d1b,국내 채권 장기 등급미확인 · bond_coupon,1,채권,국내,채권,채권,국내 채권 장기 등급미확인,BOND_국내-채권-장기-등급미확인-f457d22418,bond_coupon|neutral|1X,N,needs_review:1,"채권·국내 노출, 채권 / 국내 채권 장기 등급미확인 투자대상, bond_coupon|neutral|1X 수익·손실 구조를 공통 기준으로 사용"
PG-PENDING-451540-392ff12e4a,국내 채권 만기미확인 AA · bond_coupon,1,채권,국내,채권,채권,국내 채권 만기미확인 AA,BOND_국내-채권-만기미확인-AA-273392b07e,bond_coupon|neutral|1X,N,needs_review:1,"채권·국내 노출, 채권 / 국내 채권 만기미확인 AA 투자대상, bond_coupon|neutral|1X 수익·손실 구조를 공통 기준으로 사용"
PG-PENDING-451600-b9d45530c5,국내 채권 장기 등급미확인 · bond_coupon,1,채권,국내,채권,채권,국내 채권 장기 등급미확인,BOND_국내-채권-장기-등급미확인-f457d22418,bond_coupon|neutral|1X,N,needs_review:1,"채권·국내 노출, 채권 / 국내 채권 장기 등급미확인 투자대상, bond_coupon|neutral|1X 수익·손실 구조를 공통 기준으로 사용"
PG-PENDING-451670-ace7a41b84,국내 국채 장기 등급미확인 · bond_coupon,1,채권,국내,채권,채권,국내 국채 장기 등급미확인,BOND_국내-국채-장기-등급미확인-46cc7d575b,bond_coupon|long|2X,N,needs_review:1,"채권·국내 노출, 채권 / 국내 국채 장기 등급미확인 투자대상, bond_coupon|long|2X 수익·손실 구조를 공통 기준으로 사용"
PG-PENDING-452250-a67854c296,미국 국채 장기 등급미확인 · bond_coupon,1,채권,미국,채권,채권,미국 국채 장기 등급미확인,BOND_미국-국채-장기-등급미확인-047cbda7f5,bond_coupon|long|2X,N,needs_review:1,"채권·미국 노출, 채권 / 미국 국채 장기 등급미확인 투자대상, bond_coupon|long|2X 수익·손실 구조를 공통 기준으로 사용"
PG-PENDING-453810-132ce53c7e,인도 미확인 주식전략 · plain,1,주식,인도,기타특수구조,미확인 주식전략,인도 미확인 주식전략,미확인-주식전략-인도-미확인-주식전략-69bd615628,plain|neutral|1X,N,needs_review:1,"주식·인도 노출, 기타특수구조 / 인도 미확인 주식전략 투자대상, plain|neutral|1X 수익·손실 구조를 공통 기준으로 사용"
PG-PENDING-453820-87504f8c5d,인도 미확인 주식전략 · leveraged,1,주식,인도,기타특수구조,미확인 주식전략,인도 미확인 주식전략,미확인-주식전략-인도-미확인-주식전략-69bd615628,leveraged|long|2X,N,needs_review:1,"주식·인도 노출, 기타특수구조 / 인도 미확인 주식전략 투자대상, leveraged|long|2X 수익·손실 구조를 공통 기준으로 사용"
PG-PENDING-453850-05449ae70f,미국 국채 장기 등급미확인 · bond_coupon,1,채권,미국,채권,채권,미국 국채 장기 등급미확인,BOND_미국-국채-장기-등급미확인-047cbda7f5,bond_coupon|neutral|1X,N,needs_review:1,"채권·미국 노출, 채권 / 미국 국채 장기 등급미확인 투자대상, bond_coupon|neutral|1X 수익·손실 구조를 공통 기준으로 사용"
PG-PENDING-453870-74e51d4ff3,인도 미확인 주식전략 · plain,1,주식,인도,기타특수구조,미확인 주식전략,인도 미확인 주식전략,미확인-주식전략-인도-미확인-주식전략-69bd615628,plain|neutral|1X,N,needs_review:1,"주식·인도 노출, 기타특수구조 / 인도 미확인 주식전략 투자대상, plain|neutral|1X 수익·손실 구조를 공통 기준으로 사용"
PG-PENDING-453950-f596a66c6d,기타국가 미확인 주식전략 · plain,1,주식,기타국가,기타특수구조,미확인 주식전략,기타국가 미확인 주식전략,미확인-주식전략-기타국가-미확인-주식전략-cd16f2b14c,plain|neutral|1X,N,needs_review:1,"주식·기타국가 노출, 기타특수구조 / 기타국가 미확인 주식전략 투자대상, plain|neutral|1X 수익·손실 구조를 공통 기준으로 사용"
PG-PENDING-454180-b8958c61a9,국내 미확인 주식전략 · plain,1,주식,국내,기타특수구조,미확인 주식전략,국내 미확인 주식전략,미확인-주식전략-국내-미확인-주식전략-46eed209b8,plain|neutral|1X,N,needs_review:1,"주식·국내 노출, 기타특수구조 / 국내 미확인 주식전략 투자대상, plain|neutral|1X 수익·손실 구조를 공통 기준으로 사용"
PG-PENDING-454320-f506fca3e2,국내 미확인 주식전략 · plain,1,주식,국내,기타특수구조,미확인 주식전략,국내 미확인 주식전략,미확인-주식전략-국내-미확인-주식전략-46eed209b8,plain|neutral|1X,N,needs_review:1,"주식·국내 노출, 기타특수구조 / 국내 미확인 주식전략 투자대상, plain|neutral|1X 수익·손실 구조를 공통 기준으로 사용"
PG-PENDING-454780-bc2619f5b7,국내 채권 만기미확인 AA · bond_coupon,1,채권,국내,채권,채권,국내 채권 만기미확인 AA,BOND_국내-채권-만기미확인-AA-273392b07e,bond_coupon|neutral|1X,N,needs_review:1,"채권·국내 노출, 채권 / 국내 채권 만기미확인 AA 투자대상, bond_coupon|neutral|1X 수익·손실 구조를 공통 기준으로 사용"
PG-PENDING-455660-34b8cae226,미국 채권 만기미확인 HY · bond_coupon,1,채권,미국,채권,채권,미국 채권 만기미확인 HY,BOND_미국-채권-만기미확인-HY-1c329cf5f5,bond_coupon|neutral|1X,N,needs_review:1,"채권·미국 노출, 채권 / 미국 채권 만기미확인 HY 투자대상, bond_coupon|neutral|1X 수익·손실 구조를 공통 기준으로 사용"
PG-PENDING-456250-f589976faa,유럽 미확인 주식전략 · plain,1,주식,유럽,기타특수구조,미확인 주식전략,유럽 미확인 주식전략,미확인-주식전략-유럽-미확인-주식전략-fda82dbade,plain|neutral|1X,N,needs_review:1,"주식·유럽 노출, 기타특수구조 / 유럽 미확인 주식전략 투자대상, plain|neutral|1X 수익·손실 구조를 공통 기준으로 사용"
PG-PENDING-457690-e4414fde68,국내 채권 만기미확인 등급미확인 · bond_coupon,1,채권,국내,채권,채권,국내 채권 만기미확인 등급미확인,BOND_국내-채권-만기미확인-등급미확인-893e3e68b3,bond_coupon|neutral|1X,N,needs_review:1,"채권·국내 노출, 채권 / 국내 채권 만기미확인 등급미확인 투자대상, bond_coupon|neutral|1X 수익·손실 구조를 공통 기준으로 사용"
PG-PENDING-457700-d658c9edce,국내 채권 만기미확인 등급미확인 · bond_coupon,1,채권,국내,채권,채권,국내 채권 만기미확인 등급미확인,BOND_국내-채권-만기미확인-등급미확인-893e3e68b3,bond_coupon|neutral|1X,N,needs_review:1,"채권·국내 노출, 채권 / 국내 채권 만기미확인 등급미확인 투자대상, bond_coupon|neutral|1X 수익·손실 구조를 공통 기준으로 사용"
PG-PENDING-457930-640dedd3e6,국내 미확인 주식전략 · plain,1,주식,국내,기타특수구조,미확인 주식전략,국내 미확인 주식전략,미확인-주식전략-국내-미확인-주식전략-46eed209b8,plain|neutral|1X,N,needs_review:1,"주식·국내 노출, 기타특수구조 / 국내 미확인 주식전략 투자대상, plain|neutral|1X 수익·손실 구조를 공통 기준으로 사용"
PG-PENDING-458250-57235b6acb,미국 국채 장기 등급미확인 · bond_coupon,1,채권,미국,채권,채권,미국 국채 장기 등급미확인,BOND_미국-국채-장기-등급미확인-047cbda7f5,bond_coupon|neutral|1X,N,needs_review:1,"채권·미국 노출, 채권 / 미국 국채 장기 등급미확인 투자대상, bond_coupon|neutral|1X 수익·손실 구조를 공통 기준으로 사용"
PG-PENDING-458260-c65f532337,미국 회사채 만기미확인 등급미확인 · bond_coupon,1,채권,미국,채권,채권,미국 회사채 만기미확인 등급미확인,BOND_미국-회사채-만기미확인-등급미확인-4514d1a9e5,bond_coupon|neutral|1X,N,needs_review:1,"채권·미국 노출, 채권 / 미국 회사채 만기미확인 등급미확인 투자대상, bond_coupon|neutral|1X 수익·손실 구조를 공통 기준으로 사용"
PG-PENDING-459750-8fda756839,글로벌 미확인 주식전략 · plain,1,주식,글로벌,기타특수구조,미확인 주식전략,글로벌 미확인 주식전략,미확인-주식전략-글로벌-미확인-주식전략-d0f070a455,plain|neutral|1X,N,needs_review:1,"주식·글로벌 노출, 기타특수구조 / 글로벌 미확인 주식전략 투자대상, plain|neutral|1X 수익·손실 구조를 공통 기준으로 사용"
PG-PENDING-460960-29a88784ff,글로벌 미확인 주식전략 · plain,1,주식,글로벌,기타특수구조,미확인 주식전략,글로벌 미확인 주식전략,미확인-주식전략-글로벌-미확인-주식전략-d0f070a455,plain|neutral|1X,N,needs_review:1,"주식·글로벌 노출, 기타특수구조 / 글로벌 미확인 주식전략 투자대상, plain|neutral|1X 수익·손실 구조를 공통 기준으로 사용"
PG-PENDING-461340-28f4d369a5,글로벌 미확인 주식전략 · plain,1,주식,글로벌,기타특수구조,미확인 주식전략,글로벌 미확인 주식전략,미확인-주식전략-글로벌-미확인-주식전략-d0f070a455,plain|neutral|1X,N,needs_review:1,"주식·글로벌 노출, 기타특수구조 / 글로벌 미확인 주식전략 투자대상, plain|neutral|1X 수익·손실 구조를 공통 기준으로 사용"
PG-PENDING-461450-f46c65b66b,국내 미확인 주식전략 · plain,1,주식,국내,기타특수구조,미확인 주식전략,국내 미확인 주식전략,미확인-주식전략-국내-미확인-주식전략-46eed209b8,plain|neutral|1X,N,needs_review:1,"주식·국내 노출, 기타특수구조 / 국내 미확인 주식전략 투자대상, plain|neutral|1X 수익·손실 구조를 공통 기준으로 사용"
PG-PENDING-461460-762dc6c7a4,국내 채권 장기 등급미확인 · bond_coupon,1,채권,국내,채권,채권,국내 채권 장기 등급미확인,BOND_국내-채권-장기-등급미확인-f457d22418,bond_coupon|neutral|1X,N,needs_review:1,"채권·국내 노출, 채권 / 국내 채권 장기 등급미확인 투자대상, bond_coupon|neutral|1X 수익·손실 구조를 공통 기준으로 사용"
PG-PENDING-461490-383576b351,구성비율 미확인 · mixed_asset,1,혼합자산,글로벌,혼합자산,혼합자산,구성비율 미확인,혼합자산-구성비율-미확인-9c1ef5c7e4,mixed_asset|neutral|1X,N,needs_review:1,"혼합자산·글로벌 노출, 혼합자산 / 구성비율 미확인 투자대상, mixed_asset|neutral|1X 수익·손실 구조를 공통 기준으로 사용"
PG-PENDING-461500-08956a72f0,국내 채권 만기미확인 AA · bond_coupon,1,채권,국내,채권,채권,국내 채권 만기미확인 AA,BOND_국내-채권-만기미확인-AA-273392b07e,bond_coupon|neutral|1X,N,needs_review:1,"채권·국내 노출, 채권 / 국내 채권 만기미확인 AA 투자대상, bond_coupon|neutral|1X 수익·손실 구조를 공통 기준으로 사용"
PG-PENDING-461580-fa7abc2aba,국내 미확인 주식전략 · plain,1,주식,국내,기타특수구조,미확인 주식전략,국내 미확인 주식전략,미확인-주식전략-국내-미확인-주식전략-46eed209b8,plain|neutral|1X,N,needs_review:1,"주식·국내 노출, 기타특수구조 / 국내 미확인 주식전략 투자대상, plain|neutral|1X 수익·손실 구조를 공통 기준으로 사용"
PG-PENDING-461600-fa3b4f4227,미국 국채 장기 등급미확인 · bond_coupon,1,채권,미국,채권,채권,미국 국채 장기 등급미확인,BOND_미국-국채-장기-등급미확인-047cbda7f5,bond_coupon|neutral|1X,N,needs_review:1,"채권·미국 노출, 채권 / 미국 국채 장기 등급미확인 투자대상, bond_coupon|neutral|1X 수익·손실 구조를 공통 기준으로 사용"
PG-PENDING-461900-910dad86e2,미국 미확인 주식전략 · plain,1,주식,미국,기타특수구조,미확인 주식전략,미국 미확인 주식전략,미확인-주식전략-미국-미확인-주식전략-bf6afc4d9f,plain|neutral|1X,N,needs_review:1,"주식·미국 노출, 기타특수구조 / 미국 미확인 주식전략 투자대상, plain|neutral|1X 수익·손실 구조를 공통 기준으로 사용"
PG-PENDING-461910-40793d0a92,미국 미확인 주식전략 · leveraged,1,주식,미국,기타특수구조,미확인 주식전략,미국 미확인 주식전략,미확인-주식전략-미국-미확인-주식전략-bf6afc4d9f,leveraged|long|2X,N,needs_review:1,"주식·미국 노출, 기타특수구조 / 미국 미확인 주식전략 투자대상, leveraged|long|2X 수익·손실 구조를 공통 기준으로 사용"
PG-PENDING-463300-e099944fc0,중국 미확인 주식전략 · plain,1,주식,중국,기타특수구조,미확인 주식전략,중국 미확인 주식전략,미확인-주식전략-중국-미확인-주식전략-526c3d6249,plain|neutral|1X,N,needs_review:1,"주식·중국 노출, 기타특수구조 / 중국 미확인 주식전략 투자대상, plain|neutral|1X 수익·손실 구조를 공통 기준으로 사용"
PG-PENDING-464240-d33b6a3277,국내 회사채 만기미확인 AA · bond_coupon,1,채권,국내,채권,채권,국내 회사채 만기미확인 AA,BOND_국내-회사채-만기미확인-AA-971a2814f8,bond_coupon|neutral|1X,N,needs_review:1,"채권·국내 노출, 채권 / 국내 회사채 만기미확인 AA 투자대상, bond_coupon|neutral|1X 수익·손실 구조를 공통 기준으로 사용"
PG-PENDING-464470-13ecd4c902,미국 국채 장기 등급미확인 · bond_coupon,1,채권,미국,채권,채권,미국 국채 장기 등급미확인,BOND_미국-국채-장기-등급미확인-047cbda7f5,bond_coupon|neutral|1X,N,needs_review:1,"채권·미국 노출, 채권 / 미국 국채 장기 등급미확인 투자대상, bond_coupon|neutral|1X 수익·손실 구조를 공통 기준으로 사용"
PG-PENDING-465580-4aeefbfd61,미국 미확인 주식전략 · plain,1,주식,미국,기타특수구조,미확인 주식전략,미국 미확인 주식전략,미확인-주식전략-미국-미확인-주식전략-bf6afc4d9f,plain|neutral|1X,N,needs_review:1,"주식·미국 노출, 기타특수구조 / 미국 미확인 주식전략 투자대상, plain|neutral|1X 수익·손실 구조를 공통 기준으로 사용"
PG-PENDING-465610-8e658d7382,미국 미확인 주식전략 · leveraged,1,주식,미국,기타특수구조,미확인 주식전략,미국 미확인 주식전략,미확인-주식전략-미국-미확인-주식전략-bf6afc4d9f,leveraged|long|2X,N,needs_review:1,"주식·미국 노출, 기타특수구조 / 미국 미확인 주식전략 투자대상, leveraged|long|2X 수익·손실 구조를 공통 기준으로 사용"
PG-PENDING-465620-516be70f1c,미국 미확인 주식전략 · inverse,1,주식,미국,기타특수구조,미확인 주식전략,미국 미확인 주식전략,미확인-주식전략-미국-미확인-주식전략-bf6afc4d9f,inverse|short|1X,N,needs_review:1,"주식·미국 노출, 기타특수구조 / 미국 미확인 주식전략 투자대상, inverse|short|1X 수익·손실 구조를 공통 기준으로 사용"
PG-PENDING-465670-d3c94dd75c,미국 미확인 주식전략 · plain,1,주식,미국,기타특수구조,미확인 주식전략,미국 미확인 주식전략,미확인-주식전략-미국-미확인-주식전략-bf6afc4d9f,plain|neutral|1X,N,needs_review:1,"주식·미국 노출, 기타특수구조 / 미국 미확인 주식전략 투자대상, plain|neutral|1X 수익·손실 구조를 공통 기준으로 사용"
PG-PENDING-465780-f208dea8df,국내 특수채 만기미확인 AAA · bond_coupon,1,채권,국내,채권,채권,국내 특수채 만기미확인 AAA,BOND_국내-특수채-만기미확인-AAA-e49adb89d7,bond_coupon|neutral|1X,N,needs_review:1,"채권·국내 노출, 채권 / 국내 특수채 만기미확인 AAA 투자대상, bond_coupon|neutral|1X 수익·손실 구조를 공통 기준으로 사용"
PG-PENDING-466940-81e46835ac,기타원자재 futures · futures,1,원자재,해당없음,원자재,기타원자재,기타원자재 futures,COMMODITY_기타원자재-FUTURES-e9bbd8bb27,futures|neutral|1X,N,conflict:1,"원자재·해당없음 노출, 원자재 / 기타원자재 futures 투자대상, futures|neutral|1X 수익·손실 구조를 공통 기준으로 사용"
PG-PENDING-468370-a5478b89cc,미국 국채 만기미확인 등급미확인 · bond_coupon,1,채권,미국,채권,채권,미국 국채 만기미확인 등급미확인,BOND_미국-국채-만기미확인-등급미확인-6e6ab9de27,bond_coupon|neutral|1X,N,needs_review:1,"채권·미국 노출, 채권 / 미국 국채 만기미확인 등급미확인 투자대상, bond_coupon|neutral|1X 수익·손실 구조를 공통 기준으로 사용"
PG-PENDING-468380-8849460947,미국 채권 만기미확인 HY · bond_coupon,1,채권,미국,채권,채권,미국 채권 만기미확인 HY,BOND_미국-채권-만기미확인-HY-1c329cf5f5,bond_coupon|neutral|1X,N,needs_review:1,"채권·미국 노출, 채권 / 미국 채권 만기미확인 HY 투자대상, bond_coupon|neutral|1X 수익·손실 구조를 공통 기준으로 사용"
PG-PENDING-468630-16744694fc,미국 회사채 만기미확인 등급미확인 · bond_coupon,1,채권,미국,채권,채권,미국 회사채 만기미확인 등급미확인,BOND_미국-회사채-만기미확인-등급미확인-4514d1a9e5,bond_coupon|neutral|1X,N,needs_review:1,"채권·미국 노출, 채권 / 미국 회사채 만기미확인 등급미확인 투자대상, bond_coupon|neutral|1X 수익·손실 구조를 공통 기준으로 사용"
PG-PENDING-469790-6599a87fa7,국내 미확인 주식전략 · plain,1,주식,국내,기타특수구조,미확인 주식전략,국내 미확인 주식전략,미확인-주식전략-국내-미확인-주식전략-46eed209b8,plain|neutral|1X,N,needs_review:1,"주식·국내 노출, 기타특수구조 / 국내 미확인 주식전략 투자대상, plain|neutral|1X 수익·손실 구조를 공통 기준으로 사용"
PG-PENDING-469830-229bcebf9b,국내 채권 초단기 등급미확인 · bond_coupon,1,채권,국내,채권,채권,국내 채권 초단기 등급미확인,BOND_국내-채권-초단기-등급미확인-2cd6864612,bond_coupon|neutral|1X,N,conflict:1,"채권·국내 노출, 채권 / 국내 채권 초단기 등급미확인 투자대상, bond_coupon|neutral|1X 수익·손실 구조를 공통 기준으로 사용"
PG-PENDING-471230-db16958e2a,국내 채권 장기 등급미확인 · bond_coupon,1,채권,국내,채권,채권,국내 채권 장기 등급미확인,BOND_국내-채권-장기-등급미확인-f457d22418,bond_coupon|neutral|1X,N,needs_review:1,"채권·국내 노출, 채권 / 국내 채권 장기 등급미확인 투자대상, bond_coupon|neutral|1X 수익·손실 구조를 공통 기준으로 사용"
PG-PENDING-471460-8011015345,국내 채권 장기 등급미확인 · bond_coupon,1,채권,국내,채권,채권,국내 채권 장기 등급미확인,BOND_국내-채권-장기-등급미확인-f457d22418,bond_coupon|neutral|1X,N,needs_review:1,"채권·국내 노출, 채권 / 국내 채권 장기 등급미확인 투자대상, bond_coupon|neutral|1X 수익·손실 구조를 공통 기준으로 사용"
PG-PENDING-471780-e13205f15b,국내 미확인 주식전략 · plain,1,주식,국내,기타특수구조,미확인 주식전략,국내 미확인 주식전략,미확인-주식전략-국내-미확인-주식전략-46eed209b8,plain|neutral|1X,N,needs_review:1,"주식·국내 노출, 기타특수구조 / 국내 미확인 주식전략 투자대상, plain|neutral|1X 수익·손실 구조를 공통 기준으로 사용"
PG-PENDING-472150-c03c8c2417,국내 미확인 주식전략 · covered_call,1,주식,국내,기타특수구조,미확인 주식전략,국내 미확인 주식전략,미확인-주식전략-국내-미확인-주식전략-46eed209b8,covered_call|neutral|1X,N,needs_review:1,"주식·국내 노출, 기타특수구조 / 국내 미확인 주식전략 투자대상, covered_call|neutral|1X 수익·손실 구조를 공통 기준으로 사용"
PG-PENDING-472160-5a054b88d3,미국 미확인 주식전략 · plain,1,주식,미국,기타특수구조,미확인 주식전략,미국 미확인 주식전략,미확인-주식전략-미국-미확인-주식전략-bf6afc4d9f,plain|neutral|1X,N,needs_review:1,"주식·미국 노출, 기타특수구조 / 미국 미확인 주식전략 투자대상, plain|neutral|1X 수익·손실 구조를 공통 기준으로 사용"
PG-PENDING-472170-43bd10c7e9,미국 채권 만기미확인 등급미확인 · bond_coupon,1,채권,미국,채권,채권,미국 채권 만기미확인 등급미확인,BOND_미국-채권-만기미확인-등급미확인-4820f5af4f,bond_coupon|neutral|1X,N,needs_review:1,"채권·미국 노출, 채권 / 미국 채권 만기미확인 등급미확인 투자대상, bond_coupon|neutral|1X 수익·손실 구조를 공통 기준으로 사용"
PG-PENDING-472720-bb41ba925a,국내 국채 만기미확인 등급미확인 · bond_coupon,1,채권,국내,채권,채권,국내 국채 만기미확인 등급미확인,BOND_국내-국채-만기미확인-등급미확인-bf9416de66,bond_coupon|neutral|1X,N,conflict:1,"채권·국내 노출, 채권 / 국내 국채 만기미확인 등급미확인 투자대상, bond_coupon|neutral|1X 수익·손실 구조를 공통 기준으로 사용"
PG-PENDING-472830-59ee7dd618,미국 국채 장기 등급미확인 · bond_coupon,1,채권,미국,채권,채권,미국 국채 장기 등급미확인,BOND_미국-국채-장기-등급미확인-047cbda7f5,bond_coupon|neutral|1X,N,needs_review:1,"채권·미국 노출, 채권 / 미국 국채 장기 등급미확인 투자대상, bond_coupon|neutral|1X 수익·손실 구조를 공통 기준으로 사용"
PG-PENDING-472840-facb071200,국내 미확인 주식전략 · plain,1,주식,국내,기타특수구조,미확인 주식전략,국내 미확인 주식전략,미확인-주식전략-국내-미확인-주식전략-46eed209b8,plain|neutral|1X,N,needs_review:1,"주식·국내 노출, 기타특수구조 / 국내 미확인 주식전략 투자대상, plain|neutral|1X 수익·손실 구조를 공통 기준으로 사용"
PG-PENDING-472870-eb0d968906,미국 국채 장기 등급미확인 · bond_coupon,1,채권,미국,채권,채권,미국 국채 장기 등급미확인,BOND_미국-국채-장기-등급미확인-047cbda7f5,bond_coupon|neutral|1X,N,needs_review:1,"채권·미국 노출, 채권 / 미국 국채 장기 등급미확인 투자대상, bond_coupon|neutral|1X 수익·손실 구조를 공통 기준으로 사용"
PG-PENDING-472920-4e1918cd42,국내 채권 만기미확인 AA · bond_coupon,1,채권,국내,채권,채권,국내 채권 만기미확인 AA,BOND_국내-채권-만기미확인-AA-273392b07e,bond_coupon|neutral|1X,N,needs_review:1,"채권·국내 노출, 채권 / 국내 채권 만기미확인 AA 투자대상, bond_coupon|neutral|1X 수익·손실 구조를 공통 기준으로 사용"
PG-PENDING-473290-db48471b21,국내 회사채 만기미확인 AA · bond_coupon,1,채권,국내,채권,채권,국내 회사채 만기미확인 AA,BOND_국내-회사채-만기미확인-AA-971a2814f8,bond_coupon|neutral|1X,N,needs_review:1,"채권·국내 노출, 채권 / 국내 회사채 만기미확인 AA 투자대상, bond_coupon|neutral|1X 수익·손실 구조를 공통 기준으로 사용"
PG-PENDING-473330-6bd703e745,미국 국채 장기 등급미확인 · bond_coupon,1,채권,미국,채권,채권,미국 국채 장기 등급미확인,BOND_미국-국채-장기-등급미확인-047cbda7f5,bond_coupon|neutral|1X,N,needs_review:1,"채권·미국 노출, 채권 / 미국 국채 장기 등급미확인 투자대상, bond_coupon|neutral|1X 수익·손실 구조를 공통 기준으로 사용"
PG-PENDING-473440-180be9d64a,국내 회사채 만기미확인 AA · bond_coupon,1,채권,국내,채권,채권,국내 회사채 만기미확인 AA,BOND_국내-회사채-만기미확인-AA-971a2814f8,bond_coupon|neutral|1X,N,needs_review:1,"채권·국내 노출, 채권 / 국내 회사채 만기미확인 AA 투자대상, bond_coupon|neutral|1X 수익·손실 구조를 공통 기준으로 사용"
PG-PENDING-473460-119d55389d,미국 미확인 주식전략 · plain,1,주식,미국,기타특수구조,미확인 주식전략,미국 미확인 주식전략,미확인-주식전략-미국-미확인-주식전략-bf6afc4d9f,plain|neutral|1X,N,needs_review:1,"주식·미국 노출, 기타특수구조 / 미국 미확인 주식전략 투자대상, plain|neutral|1X 수익·손실 구조를 공통 기준으로 사용"
PG-PENDING-473590-6315030c6b,미국 미확인 주식전략 · plain,1,주식,미국,기타특수구조,미확인 주식전략,미국 미확인 주식전략,미확인-주식전략-미국-미확인-주식전략-bf6afc4d9f,plain|neutral|1X,N,needs_review:1,"주식·미국 노출, 기타특수구조 / 미국 미확인 주식전략 투자대상, plain|neutral|1X 수익·손실 구조를 공통 기준으로 사용"
PG-PENDING-473640-23a9645715,미국 미확인 주식전략 · plain,1,주식,미국,기타특수구조,미확인 주식전략,미국 미확인 주식전략,미확인-주식전략-미국-미확인-주식전략-bf6afc4d9f,plain|neutral|1X,N,needs_review:1,"주식·미국 노출, 기타특수구조 / 미국 미확인 주식전략 투자대상, plain|neutral|1X 수익·손실 구조를 공통 기준으로 사용"
PG-PENDING-474220-31d1500908,미국 미확인 주식전략 · covered_call,1,주식,미국,기타특수구조,미확인 주식전략,미국 미확인 주식전략,미확인-주식전략-미국-미확인-주식전략-bf6afc4d9f,covered_call|neutral|1X,N,needs_review:1,"주식·미국 노출, 기타특수구조 / 미국 미확인 주식전략 투자대상, covered_call|neutral|1X 수익·손실 구조를 공통 기준으로 사용"
PG-PENDING-474390-5a9a88e4c5,국내 채권 장기 등급미확인 · bond_coupon,1,채권,국내,채권,채권,국내 채권 장기 등급미확인,BOND_국내-채권-장기-등급미확인-f457d22418,bond_coupon|neutral|1X,N,needs_review:1,"채권·국내 노출, 채권 / 국내 채권 장기 등급미확인 투자대상, bond_coupon|neutral|1X 수익·손실 구조를 공통 기준으로 사용"
PG-PENDING-474920-e5e44acbbd,중국 미확인 주식전략 · plain,1,주식,중국,기타특수구조,미확인 주식전략,중국 미확인 주식전략,미확인-주식전략-중국-미확인-주식전략-526c3d6249,plain|neutral|1X,N,needs_review:1,"주식·중국 노출, 기타특수구조 / 중국 미확인 주식전략 투자대상, plain|neutral|1X 수익·손실 구조를 공통 기준으로 사용"
PG-PENDING-475080-7964a32038,미국 채권 만기미확인 등급미확인 · bond_coupon,1,채권,미국,채권,채권,미국 채권 만기미확인 등급미확인,BOND_미국-채권-만기미확인-등급미확인-4820f5af4f,bond_coupon|neutral|1X,N,needs_review:1,"채권·미국 노출, 채권 / 미국 채권 만기미확인 등급미확인 투자대상, bond_coupon|neutral|1X 수익·손실 구조를 공통 기준으로 사용"
PG-PENDING-475260-4f8bd2e098,국내 회사채 만기미확인 AA · bond_coupon,1,채권,국내,채권,채권,국내 회사채 만기미확인 AA,BOND_국내-회사채-만기미확인-AA-971a2814f8,bond_coupon|neutral|1X,N,needs_review:1,"채권·국내 노출, 채권 / 국내 회사채 만기미확인 AA 투자대상, bond_coupon|neutral|1X 수익·손실 구조를 공통 기준으로 사용"
PG-PENDING-475270-eb1173655d,국내 회사채 만기미확인 AA · bond_coupon,1,채권,국내,채권,채권,국내 회사채 만기미확인 AA,BOND_국내-회사채-만기미확인-AA-971a2814f8,bond_coupon|neutral|1X,N,needs_review:1,"채권·국내 노출, 채권 / 국내 회사채 만기미확인 AA 투자대상, bond_coupon|neutral|1X 수익·손실 구조를 공통 기준으로 사용"
PG-PENDING-475280-4c90ce36f2,국내 회사채 만기미확인 AA · bond_coupon,1,채권,국내,채권,채권,국내 회사채 만기미확인 AA,BOND_국내-회사채-만기미확인-AA-971a2814f8,bond_coupon|neutral|1X,N,needs_review:1,"채권·국내 노출, 채권 / 국내 회사채 만기미확인 AA 투자대상, bond_coupon|neutral|1X 수익·손실 구조를 공통 기준으로 사용"
PG-PENDING-475350-306d9711e9,국내 미확인 주식전략 · plain,1,주식,국내,기타특수구조,미확인 주식전략,국내 미확인 주식전략,미확인-주식전략-국내-미확인-주식전략-46eed209b8,plain|neutral|1X,N,needs_review:1,"주식·국내 노출, 기타특수구조 / 국내 미확인 주식전략 투자대상, plain|neutral|1X 수익·손실 구조를 공통 기준으로 사용"
PG-PENDING-475380-d4cf5a905e,글로벌 미확인 주식전략 · plain,1,주식,글로벌,기타특수구조,미확인 주식전략,글로벌 미확인 주식전략,미확인-주식전략-글로벌-미확인-주식전략-d0f070a455,plain|neutral|1X,N,needs_review:1,"주식·글로벌 노출, 기타특수구조 / 글로벌 미확인 주식전략 투자대상, plain|neutral|1X 수익·손실 구조를 공통 기준으로 사용"
PG-PENDING-475720-1040252c64,국내 미확인 주식전략 · covered_call,1,주식,국내,기타특수구조,미확인 주식전략,국내 미확인 주식전략,미확인-주식전략-국내-미확인-주식전략-46eed209b8,covered_call|neutral|1X,N,needs_review:1,"주식·국내 노출, 기타특수구조 / 국내 미확인 주식전략 투자대상, covered_call|neutral|1X 수익·손실 구조를 공통 기준으로 사용"
PG-PENDING-476000-4a86adf706,국내 미확인 주식전략 · plain,1,주식,국내,기타특수구조,미확인 주식전략,국내 미확인 주식전략,미확인-주식전략-국내-미확인-주식전략-46eed209b8,plain|neutral|1X,N,needs_review:1,"주식·국내 노출, 기타특수구조 / 국내 미확인 주식전략 투자대상, plain|neutral|1X 수익·손실 구조를 공통 기준으로 사용"
PG-PENDING-476070-df77046345,미국 미확인 주식전략 · plain,1,주식,미국,기타특수구조,미확인 주식전략,미국 미확인 주식전략,미확인-주식전략-미국-미확인-주식전략-bf6afc4d9f,plain|neutral|1X,N,needs_review:1,"주식·미국 노출, 기타특수구조 / 미국 미확인 주식전략 투자대상, plain|neutral|1X 수익·손실 구조를 공통 기준으로 사용"
PG-PENDING-476310-79cbb4ad98,글로벌 미확인 주식전략 · plain,1,주식,글로벌,기타특수구조,미확인 주식전략,글로벌 미확인 주식전략,미확인-주식전략-글로벌-미확인-주식전략-d0f070a455,plain|neutral|1X,N,needs_review:1,"주식·글로벌 노출, 기타특수구조 / 글로벌 미확인 주식전략 투자대상, plain|neutral|1X 수익·손실 구조를 공통 기준으로 사용"
PG-PENDING-476550-3290d06b6d,미국 국채 장기 등급미확인 · bond_coupon,1,채권,미국,채권,채권,미국 국채 장기 등급미확인,BOND_미국-국채-장기-등급미확인-047cbda7f5,bond_coupon|neutral|1X,N,needs_review:1,"채권·미국 노출, 채권 / 미국 국채 장기 등급미확인 투자대상, bond_coupon|neutral|1X 수익·손실 구조를 공통 기준으로 사용"
PG-PENDING-476690-46ad7a0109,미국 미확인 주식전략 · plain,1,주식,미국,기타특수구조,미확인 주식전략,미국 미확인 주식전략,미확인-주식전략-미국-미확인-주식전략-bf6afc4d9f,plain|neutral|1X,N,needs_review:1,"주식·미국 노출, 기타특수구조 / 미국 미확인 주식전략 투자대상, plain|neutral|1X 수익·손실 구조를 공통 기준으로 사용"
PG-PENDING-476750-995c441a15,미국 국채 장기 등급미확인 · bond_coupon,1,채권,미국,채권,채권,미국 국채 장기 등급미확인,BOND_미국-국채-장기-등급미확인-047cbda7f5,bond_coupon|neutral|1X,N,needs_review:1,"채권·미국 노출, 채권 / 미국 국채 장기 등급미확인 투자대상, bond_coupon|neutral|1X 수익·손실 구조를 공통 기준으로 사용"
PG-PENDING-476760-11073f01e5,미국 국채 장기 등급미확인 · bond_coupon,1,채권,미국,채권,채권,미국 국채 장기 등급미확인,BOND_미국-국채-장기-등급미확인-047cbda7f5,bond_coupon|neutral|1X,N,needs_review:1,"채권·미국 노출, 채권 / 미국 국채 장기 등급미확인 투자대상, bond_coupon|neutral|1X 수익·손실 구조를 공통 기준으로 사용"
PG-PENDING-477490-98ff6d9516,글로벌 미확인 주식전략 · plain,1,주식,글로벌,기타특수구조,미확인 주식전략,글로벌 미확인 주식전략,미확인-주식전략-글로벌-미확인-주식전략-d0f070a455,plain|neutral|1X,N,needs_review:1,"주식·글로벌 노출, 기타특수구조 / 글로벌 미확인 주식전략 투자대상, plain|neutral|1X 수익·손실 구조를 공통 기준으로 사용"
PG-PENDING-479730-224e217ea3,인도 미확인 주식전략 · plain,1,주식,인도,기타특수구조,미확인 주식전략,인도 미확인 주식전략,미확인-주식전략-인도-미확인-주식전략-69bd615628,plain|neutral|1X,N,needs_review:1,"주식·인도 노출, 기타특수구조 / 인도 미확인 주식전략 투자대상, plain|neutral|1X 수익·손실 구조를 공통 기준으로 사용"
PG-PENDING-479850-9e2c0ddabf,국내 미확인 주식전략 · plain,1,주식,국내,기타특수구조,미확인 주식전략,국내 미확인 주식전략,미확인-주식전략-국내-미확인-주식전략-46eed209b8,plain|neutral|1X,N,needs_review:1,"주식·국내 노출, 기타특수구조 / 국내 미확인 주식전략 투자대상, plain|neutral|1X 수익·손실 구조를 공통 기준으로 사용"
PG-PENDING-480020-4bc3e78a35,미국 미확인 주식전략 · covered_call,1,주식,미국,기타특수구조,미확인 주식전략,미국 미확인 주식전략,미확인-주식전략-미국-미확인-주식전략-bf6afc4d9f,covered_call|neutral|1X,N,needs_review:1,"주식·미국 노출, 기타특수구조 / 미국 미확인 주식전략 투자대상, covered_call|neutral|1X 수익·손실 구조를 공통 기준으로 사용"
PG-PENDING-480030-0b759bdaab,미국 미확인 주식전략 · covered_call,1,주식,미국,기타특수구조,미확인 주식전략,미국 미확인 주식전략,미확인-주식전략-미국-미확인-주식전략-bf6afc4d9f,covered_call|neutral|1X,N,needs_review:1,"주식·미국 노출, 기타특수구조 / 미국 미확인 주식전략 투자대상, covered_call|neutral|1X 수익·손실 구조를 공통 기준으로 사용"
PG-PENDING-480260-672b394117,국내 회사채 만기미확인 등급미확인 · bond_coupon,1,채권,국내,채권,채권,국내 회사채 만기미확인 등급미확인,BOND_국내-회사채-만기미확인-등급미확인-2695c4f395,bond_coupon|neutral|1X,N,needs_review:1,"채권·국내 노출, 채권 / 국내 회사채 만기미확인 등급미확인 투자대상, bond_coupon|neutral|1X 수익·손실 구조를 공통 기준으로 사용"
PG-PENDING-480460-a845bd0d8e,국내 미확인 주식전략 · plain,1,주식,국내,기타특수구조,미확인 주식전략,국내 미확인 주식전략,미확인-주식전략-국내-미확인-주식전략-46eed209b8,plain|neutral|1X,N,needs_review:1,"주식·국내 노출, 기타특수구조 / 국내 미확인 주식전략 투자대상, plain|neutral|1X 수익·손실 구조를 공통 기준으로 사용"
PG-PENDING-481050-f90e2569bd,기타원자재 futures · futures,1,원자재,해당없음,원자재,기타원자재,기타원자재 futures,COMMODITY_기타원자재-FUTURES-e9bbd8bb27,futures|neutral|1X,N,conflict:1,"원자재·해당없음 노출, 원자재 / 기타원자재 futures 투자대상, futures|neutral|1X 수익·손실 구조를 공통 기준으로 사용"
PG-PENDING-481060-66b3bd6971,미국 국채 장기 등급미확인 · bond_coupon,1,채권,미국,채권,채권,미국 국채 장기 등급미확인,BOND_미국-국채-장기-등급미확인-047cbda7f5,bond_coupon|neutral|1X,N,needs_review:1,"채권·미국 노출, 채권 / 미국 국채 장기 등급미확인 투자대상, bond_coupon|neutral|1X 수익·손실 구조를 공통 기준으로 사용"
PG-PENDING-481190-da3f73b7c8,미국 국채 만기미확인 등급미확인 · bond_coupon,1,채권,미국,채권,채권,미국 국채 만기미확인 등급미확인,BOND_미국-국채-만기미확인-등급미확인-6e6ab9de27,bond_coupon|neutral|1X,N,conflict:1,"채권·미국 노출, 채권 / 미국 국채 만기미확인 등급미확인 투자대상, bond_coupon|neutral|1X 수익·손실 구조를 공통 기준으로 사용"
PG-PENDING-481340-acd090a15a,미국 국채 장기 등급미확인 · bond_coupon,1,채권,미국,채권,채권,미국 국채 장기 등급미확인,BOND_미국-국채-장기-등급미확인-047cbda7f5,bond_coupon|neutral|1X,N,needs_review:1,"채권·미국 노출, 채권 / 미국 국채 장기 등급미확인 투자대상, bond_coupon|neutral|1X 수익·손실 구조를 공통 기준으로 사용"
PG-PENDING-481430-45ac79f157,국내 채권 장기 등급미확인 · bond_coupon,1,채권,국내,채권,채권,국내 채권 장기 등급미확인,BOND_국내-채권-장기-등급미확인-f457d22418,bond_coupon|neutral|1X,N,needs_review:1,"채권·국내 노출, 채권 / 국내 채권 장기 등급미확인 투자대상, bond_coupon|neutral|1X 수익·손실 구조를 공통 기준으로 사용"
PG-PENDING-483020-8407a090a8,국내 미확인 주식전략 · plain,1,주식,국내,기타특수구조,미확인 주식전략,국내 미확인 주식전략,미확인-주식전략-국내-미확인-주식전략-46eed209b8,plain|neutral|1X,N,needs_review:1,"주식·국내 노출, 기타특수구조 / 국내 미확인 주식전략 투자대상, plain|neutral|1X 수익·손실 구조를 공통 기준으로 사용"
PG-PENDING-483030-e97f8e24b1,미국 국채 만기미확인 등급미확인 · bond_coupon,1,채권,미국,채권,채권,미국 국채 만기미확인 등급미확인,BOND_미국-국채-만기미확인-등급미확인-6e6ab9de27,bond_coupon|neutral|1X,N,conflict:1,"채권·미국 노출, 채권 / 미국 국채 만기미확인 등급미확인 투자대상, bond_coupon|neutral|1X 수익·손실 구조를 공통 기준으로 사용"
PG-PENDING-484790-34bba11af2,미국 국채 장기 등급미확인 · bond_coupon,1,채권,미국,채권,채권,미국 국채 장기 등급미확인,BOND_미국-국채-장기-등급미확인-047cbda7f5,bond_coupon|neutral|1X,N,needs_review:1,"채권·미국 노출, 채권 / 미국 국채 장기 등급미확인 투자대상, bond_coupon|neutral|1X 수익·손실 구조를 공통 기준으로 사용"
PG-PENDING-485540-a0d946950e,미국 미확인 주식전략 · plain,1,주식,미국,기타특수구조,미확인 주식전략,미국 미확인 주식전략,미확인-주식전략-미국-미확인-주식전략-bf6afc4d9f,plain|neutral|1X,N,needs_review:1,"주식·미국 노출, 기타특수구조 / 미국 미확인 주식전략 투자대상, plain|neutral|1X 수익·손실 구조를 공통 기준으로 사용"
PG-PENDING-487750-d98f3ae009,국내 미확인 주식전략 · plain,1,주식,국내,기타특수구조,미확인 주식전략,국내 미확인 주식전략,미확인-주식전략-국내-미확인-주식전략-46eed209b8,plain|neutral|1X,N,needs_review:1,"주식·국내 노출, 기타특수구조 / 국내 미확인 주식전략 투자대상, plain|neutral|1X 수익·손실 구조를 공통 기준으로 사용"
PG-PENDING-487910-4f9aedddf6,인도 미확인 주식전략 · plain,1,주식,인도,기타특수구조,미확인 주식전략,인도 미확인 주식전략,미확인-주식전략-인도-미확인-주식전략-69bd615628,plain|neutral|1X,N,needs_review:1,"주식·인도 노출, 기타특수구조 / 인도 미확인 주식전략 투자대상, plain|neutral|1X 수익·손실 구조를 공통 기준으로 사용"
PG-PENDING-488290-f127a7f1e1,일본 미확인 주식전략 · plain,1,주식,일본,기타특수구조,미확인 주식전략,일본 미확인 주식전략,미확인-주식전략-일본-미확인-주식전략-aa68fbbd45,plain|neutral|1X,N,needs_review:1,"주식·일본 노출, 기타특수구조 / 일본 미확인 주식전략 투자대상, plain|neutral|1X 수익·손실 구조를 공통 기준으로 사용"
PG-PENDING-488480-d8a2a68a1f,미국 미확인 주식전략 · plain,1,주식,미국,기타특수구조,미확인 주식전략,미국 미확인 주식전략,미확인-주식전략-미국-미확인-주식전략-bf6afc4d9f,plain|neutral|1X,N,needs_review:1,"주식·미국 노출, 기타특수구조 / 미국 미확인 주식전략 투자대상, plain|neutral|1X 수익·손실 구조를 공통 기준으로 사용"
PG-PENDING-488720-92a40fbf12,국내 채권 만기미확인 AA · bond_coupon,1,채권,국내,채권,채권,국내 채권 만기미확인 AA,BOND_국내-채권-만기미확인-AA-273392b07e,bond_coupon|neutral|1X,N,needs_review:1,"채권·국내 노출, 채권 / 국내 채권 만기미확인 AA 투자대상, bond_coupon|neutral|1X 수익·손실 구조를 공통 기준으로 사용"
PG-PENDING-488980-14b1a91482,국내 회사채 만기미확인 AA · bond_coupon,1,채권,국내,채권,채권,국내 회사채 만기미확인 AA,BOND_국내-회사채-만기미확인-AA-971a2814f8,bond_coupon|neutral|1X,N,needs_review:1,"채권·국내 노출, 채권 / 국내 회사채 만기미확인 AA 투자대상, bond_coupon|neutral|1X 수익·손실 구조를 공통 기준으로 사용"
PG-PENDING-489000-796949ed89,미국 국채 초단기 등급미확인 · bond_coupon,1,채권,미국,채권,채권,미국 국채 초단기 등급미확인,BOND_미국-국채-초단기-등급미확인-5e59e46a3c,bond_coupon|neutral|1X,N,conflict:1,"채권·미국 노출, 채권 / 미국 국채 초단기 등급미확인 투자대상, bond_coupon|neutral|1X 수익·손실 구조를 공통 기준으로 사용"
PG-PENDING-489290-dce293ee6d,미국 미확인 주식전략 · plain,1,주식,미국,기타특수구조,미확인 주식전략,미국 미확인 주식전략,미확인-주식전략-미국-미확인-주식전략-bf6afc4d9f,plain|neutral|1X,N,needs_review:1,"주식·미국 노출, 기타특수구조 / 미국 미확인 주식전략 투자대상, plain|neutral|1X 수익·손실 구조를 공통 기준으로 사용"
PG-PENDING-490090-ba5794111b,미국 미확인 주식전략 · plain,1,주식,미국,기타특수구조,미확인 주식전략,미국 미확인 주식전략,미확인-주식전략-미국-미확인-주식전략-bf6afc4d9f,plain|neutral|1X,N,needs_review:1,"주식·미국 노출, 기타특수구조 / 미국 미확인 주식전략 투자대상, plain|neutral|1X 수익·손실 구조를 공통 기준으로 사용"
PG-PENDING-490330-7740a177f0,미국 미확인 주식전략 · plain,1,주식,미국,기타특수구조,미확인 주식전략,미국 미확인 주식전략,미확인-주식전략-미국-미확인-주식전략-bf6afc4d9f,plain|neutral|1X,N,needs_review:1,"주식·미국 노출, 기타특수구조 / 미국 미확인 주식전략 투자대상, plain|neutral|1X 수익·손실 구조를 공통 기준으로 사용"
PG-PENDING-490490-3e621851fc,국내 국채 만기미확인 등급미확인 · bond_coupon,1,채권,국내,채권,채권,국내 국채 만기미확인 등급미확인,DOW_JONES_DIVIDEND,bond_coupon|neutral|1X,N,needs_review:1,"채권·국내 노출, 채권 / 국내 국채 만기미확인 등급미확인 투자대상, bond_coupon|neutral|1X 수익·손실 구조를 공통 기준으로 사용"
PG-PENDING-490590-4c63cd9fe5,미국 미확인 주식전략 · covered_call,1,주식,미국,기타특수구조,미확인 주식전략,미국 미확인 주식전략,미확인-주식전략-미국-미확인-주식전략-bf6afc4d9f,covered_call|neutral|1X,N,needs_review:1,"주식·미국 노출, 기타특수구조 / 미국 미확인 주식전략 투자대상, covered_call|neutral|1X 수익·손실 구조를 공통 기준으로 사용"
PG-PENDING-490600-9f03cc155c,미국 미확인 주식전략 · covered_call,1,주식,미국,기타특수구조,미확인 주식전략,미국 미확인 주식전략,미확인-주식전략-미국-미확인-주식전략-bf6afc4d9f,covered_call|neutral|1X,N,needs_review:1,"주식·미국 노출, 기타특수구조 / 미국 미확인 주식전략 투자대상, covered_call|neutral|1X 수익·손실 구조를 공통 기준으로 사용"
PG-PENDING-491090-0b31f3c212,미국 미확인 주식전략 · plain,1,주식,미국,기타특수구조,미확인 주식전략,미국 미확인 주식전략,미확인-주식전략-미국-미확인-주식전략-bf6afc4d9f,plain|neutral|1X,N,needs_review:1,"주식·미국 노출, 기타특수구조 / 미국 미확인 주식전략 투자대상, plain|neutral|1X 수익·손실 구조를 공통 기준으로 사용"
PG-PENDING-491220-06b84b74c2,국내 미확인 주식전략 · plain,1,주식,국내,기타특수구조,미확인 주식전략,국내 미확인 주식전략,미확인-주식전략-국내-미확인-주식전략-46eed209b8,plain|neutral|1X,N,needs_review:1,"주식·국내 노출, 기타특수구조 / 국내 미확인 주식전략 투자대상, plain|neutral|1X 수익·손실 구조를 공통 기준으로 사용"
PG-PENDING-491620-67785a0168,미국 미확인 주식전략 · covered_call,1,주식,미국,기타특수구조,미확인 주식전략,미국 미확인 주식전략,미확인-주식전략-미국-미확인-주식전략-bf6afc4d9f,covered_call|neutral|1X,N,needs_review:1,"주식·미국 노출, 기타특수구조 / 미국 미확인 주식전략 투자대상, covered_call|neutral|1X 수익·손실 구조를 공통 기준으로 사용"
PG-PENDING-491700-166f9aae55,국내 미확인 주식전략 · plain,1,주식,국내,기타특수구조,미확인 주식전략,국내 미확인 주식전략,미확인-주식전략-국내-미확인-주식전략-46eed209b8,plain|neutral|1X,N,needs_review:1,"주식·국내 노출, 기타특수구조 / 국내 미확인 주식전략 투자대상, plain|neutral|1X 수익·손실 구조를 공통 기준으로 사용"
PG-PENDING-491820-672257f1cb,국내 미확인 주식전략 · plain,1,주식,국내,기타특수구조,미확인 주식전략,국내 미확인 주식전략,미확인-주식전략-국내-미확인-주식전략-46eed209b8,plain|neutral|1X,N,needs_review:1,"주식·국내 노출, 기타특수구조 / 국내 미확인 주식전략 투자대상, plain|neutral|1X 수익·손실 구조를 공통 기준으로 사용"
PG-PENDING-492500-52c80079fc,국내 채권 만기미확인 등급미확인 · bond_coupon,1,채권,국내,채권,채권,국내 채권 만기미확인 등급미확인,BOND_국내-채권-만기미확인-등급미확인-893e3e68b3,bond_coupon|neutral|1X,N,needs_review:1,"채권·국내 노출, 채권 / 국내 채권 만기미확인 등급미확인 투자대상, bond_coupon|neutral|1X 수익·손실 구조를 공통 기준으로 사용"
PG-PENDING-493810-340093a9df,미국 미확인 주식전략 · covered_call,1,주식,미국,기타특수구조,미확인 주식전략,미국 미확인 주식전략,미확인-주식전략-미국-미확인-주식전략-bf6afc4d9f,covered_call|neutral|1X,N,needs_review:1,"주식·미국 노출, 기타특수구조 / 미국 미확인 주식전략 투자대상, covered_call|neutral|1X 수익·손실 구조를 공통 기준으로 사용"
PG-PENDING-494180-a043a0a36b,글로벌 미확인 주식전략 · plain,1,주식,글로벌,기타특수구조,미확인 주식전략,글로벌 미확인 주식전략,미확인-주식전략-글로벌-미확인-주식전략-d0f070a455,plain|neutral|1X,N,needs_review:1,"주식·글로벌 노출, 기타특수구조 / 글로벌 미확인 주식전략 투자대상, plain|neutral|1X 수익·손실 구조를 공통 기준으로 사용"
PG-PENDING-494340-9b6e59f1ea,미국 국채 만기미확인 등급미확인 · bond_coupon,1,채권,미국,채권,채권,미국 국채 만기미확인 등급미확인,BOND_미국-국채-만기미확인-등급미확인-6e6ab9de27,bond_coupon|neutral|1X,N,conflict:1,"채권·미국 노출, 채권 / 미국 국채 만기미확인 등급미확인 투자대상, bond_coupon|neutral|1X 수익·손실 구조를 공통 기준으로 사용"
PG-PENDING-494890-85972fc27d,국내 미확인 주식전략 · plain,1,주식,국내,기타특수구조,미확인 주식전략,국내 미확인 주식전략,미확인-주식전략-국내-미확인-주식전략-46eed209b8,plain|neutral|1X,N,needs_review:1,"주식·국내 노출, 기타특수구조 / 국내 미확인 주식전략 투자대상, plain|neutral|1X 수익·손실 구조를 공통 기준으로 사용"
PG-PENDING-495040-310754c585,국내 미확인 주식전략 · plain,1,주식,국내,기타특수구조,미확인 주식전략,국내 미확인 주식전략,미확인-주식전략-국내-미확인-주식전략-46eed209b8,plain|neutral|1X,N,needs_review:1,"주식·국내 노출, 기타특수구조 / 국내 미확인 주식전략 투자대상, plain|neutral|1X 수익·손실 구조를 공통 기준으로 사용"
PG-PENDING-495050-3d6c38c466,국내 미확인 주식전략 · plain,1,주식,국내,기타특수구조,미확인 주식전략,국내 미확인 주식전략,미확인-주식전략-국내-미확인-주식전략-46eed209b8,plain|neutral|1X,N,needs_review:1,"주식·국내 노출, 기타특수구조 / 국내 미확인 주식전략 투자대상, plain|neutral|1X 수익·손실 구조를 공통 기준으로 사용"
PG-PENDING-495060-b0fdef0b53,국내 미확인 주식전략 · plain,1,주식,국내,기타특수구조,미확인 주식전략,국내 미확인 주식전략,미확인-주식전략-국내-미확인-주식전략-46eed209b8,plain|neutral|1X,N,needs_review:1,"주식·국내 노출, 기타특수구조 / 국내 미확인 주식전략 투자대상, plain|neutral|1X 수익·손실 구조를 공통 기준으로 사용"
PG-PENDING-495230-6cd0420a57,국내 미확인 주식전략 · plain,1,주식,국내,기타특수구조,미확인 주식전략,국내 미확인 주식전략,미확인-주식전략-국내-미확인-주식전략-46eed209b8,plain|neutral|1X,N,needs_review:1,"주식·국내 노출, 기타특수구조 / 국내 미확인 주식전략 투자대상, plain|neutral|1X 수익·손실 구조를 공통 기준으로 사용"
PG-PENDING-495330-a01c904e06,국내 미확인 주식전략 · plain,1,주식,국내,기타특수구조,미확인 주식전략,국내 미확인 주식전략,미확인-주식전략-국내-미확인-주식전략-46eed209b8,plain|neutral|1X,N,needs_review:1,"주식·국내 노출, 기타특수구조 / 국내 미확인 주식전략 투자대상, plain|neutral|1X 수익·손실 구조를 공통 기준으로 사용"
PG-PENDING-495550-7d6aed850b,국내 미확인 주식전략 · plain,1,주식,국내,기타특수구조,미확인 주식전략,국내 미확인 주식전략,미확인-주식전략-국내-미확인-주식전략-46eed209b8,plain|neutral|1X,N,needs_review:1,"주식·국내 노출, 기타특수구조 / 국내 미확인 주식전략 투자대상, plain|neutral|1X 수익·손실 구조를 공통 기준으로 사용"
PG-PENDING-495750-d15a45bc3f,국내 미확인 주식전략 · plain,1,주식,국내,기타특수구조,미확인 주식전략,국내 미확인 주식전략,미확인-주식전략-국내-미확인-주식전략-46eed209b8,plain|neutral|1X,N,needs_review:1,"주식·국내 노출, 기타특수구조 / 국내 미확인 주식전략 투자대상, plain|neutral|1X 수익·손실 구조를 공통 기준으로 사용"
PG-PENDING-495850-3ded78657f,국내 미확인 주식전략 · plain,1,주식,국내,기타특수구조,미확인 주식전략,국내 미확인 주식전략,미확인-주식전략-국내-미확인-주식전략-46eed209b8,plain|neutral|1X,N,needs_review:1,"주식·국내 노출, 기타특수구조 / 국내 미확인 주식전략 투자대상, plain|neutral|1X 수익·손실 구조를 공통 기준으로 사용"
PG-PENDING-496020-8b35c733b9,국내 채권 만기미확인 등급미확인 · bond_coupon,1,채권,국내,채권,채권,국내 채권 만기미확인 등급미확인,BOND_국내-채권-만기미확인-등급미확인-893e3e68b3,bond_coupon|neutral|1X,N,needs_review:1,"채권·국내 노출, 채권 / 국내 채권 만기미확인 등급미확인 투자대상, bond_coupon|neutral|1X 수익·손실 구조를 공통 기준으로 사용"
PG-PENDING-496080-90285a2cd1,국내 미확인 주식전략 · plain,1,주식,국내,기타특수구조,미확인 주식전략,국내 미확인 주식전략,미확인-주식전략-국내-미확인-주식전략-46eed209b8,plain|neutral|1X,N,needs_review:1,"주식·국내 노출, 기타특수구조 / 국내 미확인 주식전략 투자대상, plain|neutral|1X 수익·손실 구조를 공통 기준으로 사용"
PG-PENDING-496090-aa0090605a,국내 미확인 주식전략 · plain,1,주식,국내,기타특수구조,미확인 주식전략,국내 미확인 주식전략,미확인-주식전략-국내-미확인-주식전략-46eed209b8,plain|neutral|1X,N,needs_review:1,"주식·국내 노출, 기타특수구조 / 국내 미확인 주식전략 투자대상, plain|neutral|1X 수익·손실 구조를 공통 기준으로 사용"
PG-PENDING-496120-0440295570,국내 미확인 주식전략 · plain,1,주식,국내,기타특수구조,미확인 주식전략,국내 미확인 주식전략,미확인-주식전략-국내-미확인-주식전략-46eed209b8,plain|neutral|1X,N,needs_review:1,"주식·국내 노출, 기타특수구조 / 국내 미확인 주식전략 투자대상, plain|neutral|1X 수익·손실 구조를 공통 기준으로 사용"
PG-PENDING-496130-e472ce5740,국내 국채 만기미확인 등급미확인 · bond_coupon,1,채권,국내,채권,채권,국내 국채 만기미확인 등급미확인,BOND_국내-국채-만기미확인-등급미확인-bf9416de66,bond_coupon|neutral|1X,N,conflict:1,"채권·국내 노출, 채권 / 국내 국채 만기미확인 등급미확인 투자대상, bond_coupon|neutral|1X 수익·손실 구조를 공통 기준으로 사용"
PG-PENDING-498180-de231e71c7,국내 채권 만기미확인 AA · bond_coupon,1,채권,국내,채권,채권,국내 채권 만기미확인 AA,BOND_국내-채권-만기미확인-AA-273392b07e,bond_coupon|neutral|1X,N,needs_review:1,"채권·국내 노출, 채권 / 국내 채권 만기미확인 AA 투자대상, bond_coupon|neutral|1X 수익·손실 구조를 공통 기준으로 사용"
PG-PENDING-498400-0cde3145e3,국내 미확인 주식전략 · covered_call,1,주식,국내,기타특수구조,미확인 주식전략,국내 미확인 주식전략,미확인-주식전략-국내-미확인-주식전략-46eed209b8,covered_call|neutral|1X,N,needs_review:1,"주식·국내 노출, 기타특수구조 / 국내 미확인 주식전략 투자대상, covered_call|neutral|1X 수익·손실 구조를 공통 기준으로 사용"
PG-리츠-인프라-일본-리츠-인프라-리츠-인프라-일본-리츠-인프라-리츠-5fd3178571,일본 리츠·인프라 · plain,1,리츠·인프라,일본,리츠·인프라,리츠·인프라,일본 리츠·인프라,리츠-인프라-일본-리츠-인프라-04ea96da51,plain|neutral|1X,Y,verified_official:1,"리츠·인프라·일본 노출, 리츠·인프라 / 일본 리츠·인프라 투자대상, plain|neutral|1X 수익·손실 구조를 공통 기준으로 사용"
PG-원자재-해당없음-원자재-금-금-FUTURES-COMMODITY-금-54aea06eac,금 futures · futures,1,원자재,해당없음,원자재,금,금 futures,COMMODITY_금-FUTURES-0733949e87,futures|short|1X,Y,verified_official:1,"원자재·해당없음 노출, 원자재 / 금 futures 투자대상, futures|short|1X 수익·손실 구조를 공통 기준으로 사용"
PG-원자재-해당없음-원자재-금-금-FUTURES-COMMODITY-금-7474ee98ec,금 futures · futures,1,원자재,해당없음,원자재,금,금 futures,COMMODITY_금-FUTURES-0733949e87,futures|long|2X,Y,verified_official:1,"원자재·해당없음 노출, 원자재 / 금 futures 투자대상, futures|long|2X 수익·손실 구조를 공통 기준으로 사용"
PG-원자재-해당없음-원자재-금-금-SPOT-COMMODITY-금-SP-524a557cc7,금 spot · spot,1,원자재,해당없음,원자재,금,금 spot,COMMODITY_금-SPOT-781b02533c,spot|neutral|1X,Y,verified_official:1,"원자재·해당없음 노출, 원자재 / 금 spot 투자대상, spot|neutral|1X 수익·손실 구조를 공통 기준으로 사용"
PG-원자재-해당없음-원자재-금-금-SPOT-S-P500-SPOT-NE-d0f0ba50a2,금 spot · spot,1,원자재,해당없음,원자재,금,금 spot,S&P500,spot|neutral|1X,Y,verified_official:1,"원자재·해당없음 노출, 원자재 / 금 spot 투자대상, spot|neutral|1X 수익·손실 구조를 공통 기준으로 사용"
PG-원자재-해당없음-원자재-기타원자재-기타원자재-FUTURES-COM-b8c51fc378,기타원자재 futures · futures,1,원자재,해당없음,원자재,기타원자재,기타원자재 futures,COMMODITY_기타원자재-FUTURES-e9bbd8bb27,futures|short|1X,Y,verified_official:1,"원자재·해당없음 노출, 원자재 / 기타원자재 futures 투자대상, futures|short|1X 수익·손실 구조를 공통 기준으로 사용"
PG-원자재-해당없음-원자재-은-은-FUTURES-COMMODITY-은-200f1f9090,은 futures · futures,1,원자재,해당없음,원자재,은,은 futures,COMMODITY_은-FUTURES-b0aae90eb6,futures|neutral|1X,Y,verified_official:1,"원자재·해당없음 노출, 원자재 / 은 futures 투자대상, futures|neutral|1X 수익·손실 구조를 공통 기준으로 사용"
PG-주식-국내-기업집단-기업집단-국내-기업집단-기업집단-국내-기업집단-639cd55ebb,국내 기업집단 · inverse,1,주식,국내,기업집단,기업집단,국내 기업집단,기업집단-국내-기업집단-d62cbfc10d,inverse|short|2X,Y,verified_official:1,"주식·국내 노출, 기업집단 / 국내 기업집단 투자대상, inverse|short|2X 수익·손실 구조를 공통 기준으로 사용"
PG-주식-국내-배당-주주환원-배당다우존스-미국-배당다우존스-DOW-J-329507d740,미국 배당다우존스 · covered_call,1,주식,국내,배당·주주환원,배당다우존스,미국 배당다우존스,DOW_JONES_DIVIDEND,covered_call|neutral|1X,Y,verified_official:1,"주식·국내 노출, 배당·주주환원 / 미국 배당다우존스 투자대상, covered_call|neutral|1X 수익·손실 구조를 공통 기준으로 사용"
PG-주식-국내-산업-섹터-2차전지-배터리-소재-국내-2차전지-배터리--330421ada5,국내 2차전지·배터리 소재 · inverse,1,주식,국내,산업·섹터,2차전지·배터리 소재,국내 2차전지·배터리 소재,2차전지-배터리-소재-국내-2차전지-배터리-소재-1367e96ce1,inverse|short|1X,Y,verified_official:1,"주식·국내 노출, 산업·섹터 / 국내 2차전지·배터리 소재 투자대상, inverse|short|1X 수익·손실 구조를 공통 기준으로 사용"
PG-주식-국내-산업-섹터-금융-은행-증권-보험-국내-금융-은행-증권--5a8334e961,국내 금융·은행·증권·보험 · covered_call,1,주식,국내,산업·섹터,금융·은행·증권·보험,국내 금융·은행·증권·보험,금융-은행-증권-보험-국내-금융-은행-증권-보험-85a36c5547,covered_call|neutral|1X,Y,verified_official:1,"주식·국내 노출, 산업·섹터 / 국내 금융·은행·증권·보험 투자대상, covered_call|neutral|1X 수익·손실 구조를 공통 기준으로 사용"
PG-주식-국내-산업-섹터-조선-국내-조선-조선-국내-조선-03E20F-d3140e3a33,국내 조선 · leveraged,1,주식,국내,산업·섹터,조선,국내 조선,조선-국내-조선-03e20f0150,leveraged|long|2X,Y,verified_official:1,"주식·국내 노출, 산업·섹터 / 국내 조선 투자대상, leveraged|long|2X 수익·손실 구조를 공통 기준으로 사용"
PG-주식-국내-산업-섹터-철강-화학-국내-철강-화학-철강-화학-국내--baa6df7205,국내 철강·화학 · leveraged,1,주식,국내,산업·섹터,철강·화학,국내 철강·화학,철강-화학-국내-철강-화학-2baeb11d7e,leveraged|long|2X,Y,verified_official:1,"주식·국내 노출, 산업·섹터 / 국내 철강·화학 투자대상, leveraged|long|2X 수익·손실 구조를 공통 기준으로 사용"
PG-주식-국내-테마-인공지능-AI-데이터센터-인공지능-AI-데이터센터-468816be34,AI 데이터센터 · plain,1,주식,국내,테마,인공지능,AI 데이터센터,인공지능-AI-데이터센터-ccf0519dd6,plain|neutral|1X,Y,auto_high_confidence:1,"주식·국내 노출, 테마 / AI 데이터센터 투자대상, plain|neutral|1X 수익·손실 구조를 공통 기준으로 사용"
PG-주식-국내-테마-인공지능-AI-반도체-인공지능-AI-반도체-A90-b8f25d3c37,AI 반도체 · covered_call,1,주식,국내,테마,인공지능,AI 반도체,인공지능-AI-반도체-a909322117,covered_call|neutral|1X,Y,auto_high_confidence:1,"주식·국내 노출, 테마 / AI 반도체 투자대상, covered_call|neutral|1X 수익·손실 구조를 공통 기준으로 사용"
PG-주식-국내-테마-인공지능-AI-전력-인프라-인공지능-AI-전력-인-8066530716,AI 전력 인프라 · plain,1,주식,국내,테마,인공지능,AI 전력 인프라,인공지능-AI-전력-인프라-772c6f4030,plain|neutral|1X,Y,verified_official:1,"주식·국내 노출, 테마 / AI 전력 인프라 투자대상, plain|neutral|1X 수익·손실 구조를 공통 기준으로 사용"
PG-주식-글로벌-규모-시가총액-글로벌-시가총액-시가총액-글로벌-시가총-e1f3530953,글로벌 시가총액 · plain,1,주식,글로벌,규모,시가총액,글로벌 시가총액,시가총액-글로벌-시가총액-535afac82b,plain|neutral|1X,Y,auto_high_confidence:1,"주식·글로벌 노출, 규모 / 글로벌 시가총액 투자대상, plain|neutral|1X 수익·손실 구조를 공통 기준으로 사용"
PG-주식-글로벌-산업-섹터-2차전지-배터리-소재-글로벌-2차전지-배터-7663cbbcf9,글로벌 2차전지·배터리 소재 · plain,1,주식,글로벌,산업·섹터,2차전지·배터리 소재,글로벌 2차전지·배터리 소재,2차전지-배터리-소재-글로벌-2차전지-배터리-소재-67b702e271,plain|neutral|1X,Y,verified_official:1,"주식·글로벌 노출, 산업·섹터 / 글로벌 2차전지·배터리 소재 투자대상, plain|neutral|1X 수익·손실 구조를 공통 기준으로 사용"
PG-주식-글로벌-산업-섹터-방산-글로벌-방산-방산-글로벌-방산-6F8-2d7285f9ae,글로벌 방산 · plain,1,주식,글로벌,산업·섹터,방산,글로벌 방산,방산-글로벌-방산-6f8a3a6732,plain|neutral|1X,Y,auto_high_confidence:1,"주식·글로벌 노출, 산업·섹터 / 글로벌 방산 투자대상, plain|neutral|1X 수익·손실 구조를 공통 기준으로 사용"
PG-주식-글로벌-산업-섹터-원자력-글로벌-원자력-원자력-글로벌-원자력-ca6a7fd413,글로벌 원자력 · plain,1,주식,글로벌,산업·섹터,원자력,글로벌 원자력,원자력-글로벌-원자력-bd175c9d19,plain|neutral|1X,Y,verified_official:1,"주식·글로벌 노출, 산업·섹터 / 글로벌 원자력 투자대상, plain|neutral|1X 수익·손실 구조를 공통 기준으로 사용"
PG-주식-글로벌-테마-K컬처-글로벌-K컬처-K컬처-글로벌-K컬처-34-84c2181700,글로벌 K컬처 · plain,1,주식,글로벌,테마,K컬처,글로벌 K컬처,K컬처-글로벌-K컬처-34fc3b23da,plain|neutral|1X,Y,auto_high_confidence:1,"주식·글로벌 노출, 테마 / 글로벌 K컬처 투자대상, plain|neutral|1X 수익·손실 구조를 공통 기준으로 사용"
PG-주식-글로벌-테마-양자컴퓨팅-글로벌-양자컴퓨팅-양자컴퓨팅-글로벌--30377e44c3,글로벌 양자컴퓨팅 · plain,1,주식,글로벌,테마,양자컴퓨팅,글로벌 양자컴퓨팅,양자컴퓨팅-글로벌-양자컴퓨팅-1d8e420807,plain|neutral|1X,Y,auto_high_confidence:1,"주식·글로벌 노출, 테마 / 글로벌 양자컴퓨팅 투자대상, plain|neutral|1X 수익·손실 구조를 공통 기준으로 사용"
PG-주식-미국-규모-시가총액-미국-시가총액-시가총액-미국-시가총액-B-c9c770b4fc,미국 시가총액 · plain,1,주식,미국,규모,시가총액,미국 시가총액,시가총액-미국-시가총액-b2afd1dfcd,plain|neutral|1X,Y,verified_official:1,"주식·미국 노출, 규모 / 미국 시가총액 투자대상, plain|neutral|1X 수익·손실 구조를 공통 기준으로 사용"
PG-주식-미국-대표지수-S-P500-미국-S-P500-S-P500-I-fe715b9dee,미국 S&P500 · inverse,1,주식,미국,대표지수,S&P500,미국 S&P500,S&P500,inverse|short|1X,Y,verified_official:1,"주식·미국 노출, 대표지수 / 미국 S&P500 투자대상, inverse|short|1X 수익·손실 구조를 공통 기준으로 사용"
PG-주식-미국-대표지수-S-P500-미국-S-P500-S-P500-L-9a3a7b05cb,미국 S&P500 · leveraged,1,주식,미국,대표지수,S&P500,미국 S&P500,S&P500,leveraged|long|2X,Y,verified_official:1,"주식·미국 노출, 대표지수 / 미국 S&P500 투자대상, leveraged|long|2X 수익·손실 구조를 공통 기준으로 사용"
PG-주식-미국-대표지수-나스닥100-미국-나스닥100-NASDAQ10-2ad7eb549f,미국 나스닥100 · inverse,1,주식,미국,대표지수,나스닥100,미국 나스닥100,NASDAQ100,inverse|short|1X,Y,verified_official:1,"주식·미국 노출, 대표지수 / 미국 나스닥100 투자대상, inverse|short|1X 수익·손실 구조를 공통 기준으로 사용"
PG-주식-미국-산업-섹터-건설-인프라-미국-건설-인프라-건설-인프라--6487fcdd06,미국 건설·인프라 · plain,1,주식,미국,산업·섹터,건설·인프라,미국 건설·인프라,건설-인프라-미국-건설-인프라-e7af05aea6,plain|neutral|1X,Y,verified_official:1,"주식·미국 노출, 산업·섹터 / 미국 건설·인프라 투자대상, plain|neutral|1X 수익·손실 구조를 공통 기준으로 사용"
PG-주식-미국-산업-섹터-미디어-게임-엔터테인먼트-미국-미디어-게임--3a8847b69f,미국 미디어·게임·엔터테인먼트 · plain,1,주식,미국,산업·섹터,미디어·게임·엔터테인먼트,미국 미디어·게임·엔터테인먼트,미디어-게임-엔터테인먼트-미국-미디어-게임-엔터테인먼트-039d625a53,plain|neutral|1X,Y,verified_official:1,"주식·미국 노출, 산업·섹터 / 미국 미디어·게임·엔터테인먼트 투자대상, plain|neutral|1X 수익·손실 구조를 공통 기준으로 사용"
PG-주식-미국-산업-섹터-반도체-미국-반도체-반도체-미국-반도체-E0-7958770358,미국 반도체 · inverse,1,주식,미국,산업·섹터,반도체,미국 반도체,반도체-미국-반도체-e09cd52751,inverse|short|1X,Y,verified_official:1,"주식·미국 노출, 산업·섹터 / 미국 반도체 투자대상, inverse|short|1X 수익·손실 구조를 공통 기준으로 사용"
PG-주식-미국-산업-섹터-반도체-미국-반도체-반도체-미국-반도체-E0-d65ee7cf20,미국 반도체 · leveraged,1,주식,미국,산업·섹터,반도체,미국 반도체,반도체-미국-반도체-e09cd52751,leveraged|long|2X,Y,verified_official:1,"주식·미국 노출, 산업·섹터 / 미국 반도체 투자대상, leveraged|long|2X 수익·손실 구조를 공통 기준으로 사용"
PG-주식-미국-산업-섹터-반도체-미국-반도체-반도체-미국-반도체-E0-d7c3045e93,미국 반도체 · covered_call,1,주식,미국,산업·섹터,반도체,미국 반도체,반도체-미국-반도체-e09cd52751,covered_call|neutral|1X,Y,verified_official:1,"주식·미국 노출, 산업·섹터 / 미국 반도체 투자대상, covered_call|neutral|1X 수익·손실 구조를 공통 기준으로 사용"
PG-주식-미국-산업-섹터-반도체-장비-소부장-미국-반도체-장비-소부장-107eebc819,미국 반도체 장비·소부장 · plain,1,주식,미국,산업·섹터,반도체 장비·소부장,미국 반도체 장비·소부장,반도체-장비-소부장-미국-반도체-장비-소부장-e1251475a8,plain|neutral|1X,Y,verified_official:1,"주식·미국 노출, 산업·섹터 / 미국 반도체 장비·소부장 투자대상, plain|neutral|1X 수익·손실 구조를 공통 기준으로 사용"
PG-주식-미국-스타일-팩터-스타일-팩터-미국-스타일-팩터-스타일-팩터-573caeec6f,미국 스타일·팩터 · covered_call,1,주식,미국,스타일·팩터,스타일·팩터,미국 스타일·팩터,스타일-팩터-미국-스타일-팩터-3fe8e2a344,covered_call|neutral|1X,Y,verified_official:1,"주식·미국 노출, 스타일·팩터 / 미국 스타일·팩터 투자대상, covered_call|neutral|1X 수익·손실 구조를 공통 기준으로 사용"
PG-주식-미국-테마-인공지능-AI-데이터센터-인공지능-AI-데이터센터-26a0dc7be1,AI 데이터센터 · plain,1,주식,미국,테마,인공지능,AI 데이터센터,인공지능-AI-데이터센터-ccf0519dd6,plain|neutral|1X,Y,verified_official:1,"주식·미국 노출, 테마 / AI 데이터센터 투자대상, plain|neutral|1X 수익·손실 구조를 공통 기준으로 사용"
PG-주식-미국-테마-인공지능-AI-반도체-인공지능-AI-반도체-A90-8fda82e90c,AI 반도체 · plain,1,주식,미국,테마,인공지능,AI 반도체,인공지능-AI-반도체-a909322117,plain|neutral|1X,Y,verified_official:1,"주식·미국 노출, 테마 / AI 반도체 투자대상, plain|neutral|1X 수익·손실 구조를 공통 기준으로 사용"
PG-주식-미국-테마-인공지능-인공지능-일반-인공지능-인공지능-일반-4-a237778ae9,인공지능 일반 · covered_call,1,주식,미국,테마,인공지능,인공지능 일반,인공지능-인공지능-일반-4ef7c7155f,covered_call|neutral|1X,Y,verified_official:1,"주식·미국 노출, 테마 / 인공지능 일반 투자대상, covered_call|neutral|1X 수익·손실 구조를 공통 기준으로 사용"
PG-주식-유럽-배당-주주환원-고배당-유럽-고배당-고배당-유럽-고배당--90bb6ef71b,유럽 고배당 · plain,1,주식,유럽,배당·주주환원,고배당,유럽 고배당,고배당-유럽-고배당-5a7e5e014e,plain|neutral|1X,Y,verified_official:1,"주식·유럽 노출, 배당·주주환원 / 유럽 고배당 투자대상, plain|neutral|1X 수익·손실 구조를 공통 기준으로 사용"
PG-주식-유럽-산업-섹터-방산-유럽-방산-방산-유럽-방산-443C3D-af37eb9777,유럽 방산 · plain,1,주식,유럽,산업·섹터,방산,유럽 방산,방산-유럽-방산-443c3d6eb9,plain|neutral|1X,Y,verified_official:1,"주식·유럽 노출, 산업·섹터 / 유럽 방산 투자대상, plain|neutral|1X 수익·손실 구조를 공통 기준으로 사용"
PG-주식-인도-규모-시가총액-인도-시가총액-시가총액-인도-시가총액-3-8d5021331c,인도 시가총액 · plain,1,주식,인도,규모,시가총액,인도 시가총액,시가총액-인도-시가총액-35cd304d20,plain|neutral|1X,Y,verified_official:1,"주식·인도 노출, 규모 / 인도 시가총액 투자대상, plain|neutral|1X 수익·손실 구조를 공통 기준으로 사용"
PG-주식-인도-스타일-팩터-스타일-팩터-인도-스타일-팩터-스타일-팩터-be4f248d95,인도 스타일·팩터 · plain,1,주식,인도,스타일·팩터,스타일·팩터,인도 스타일·팩터,스타일-팩터-인도-스타일-팩터-5dd5359a81,plain|neutral|1X,Y,verified_official:1,"주식·인도 노출, 스타일·팩터 / 인도 스타일·팩터 투자대상, plain|neutral|1X 수익·손실 구조를 공통 기준으로 사용"
PG-주식-중국-규모-시가총액-중국-시가총액-시가총액-중국-시가총액-D-fd6bfeee92,중국 시가총액 · plain,1,주식,중국,규모,시가총액,중국 시가총액,시가총액-중국-시가총액-d9f59bba86,plain|neutral|1X,Y,verified_official:1,"주식·중국 노출, 규모 / 중국 시가총액 투자대상, plain|neutral|1X 수익·손실 구조를 공통 기준으로 사용"
PG-주식-중국-산업-섹터-2차전지-배터리-소재-중국-2차전지-배터리--1a28ae5b6f,중국 2차전지·배터리 소재 · leveraged,1,주식,중국,산업·섹터,2차전지·배터리 소재,중국 2차전지·배터리 소재,2차전지-배터리-소재-중국-2차전지-배터리-소재-2edcda1034,leveraged|long|2X,Y,verified_official:1,"주식·중국 노출, 산업·섹터 / 중국 2차전지·배터리 소재 투자대상, leveraged|long|2X 수익·손실 구조를 공통 기준으로 사용"
PG-주식-중국-산업-섹터-금융-은행-증권-보험-중국-금융-은행-증권--98b839ad9d,중국 금융·은행·증권·보험 · plain,1,주식,중국,산업·섹터,금융·은행·증권·보험,중국 금융·은행·증권·보험,금융-은행-증권-보험-중국-금융-은행-증권-보험-915fbde8c6,plain|neutral|1X,Y,verified_official:1,"주식·중국 노출, 산업·섹터 / 중국 금융·은행·증권·보험 투자대상, plain|neutral|1X 수익·손실 구조를 공통 기준으로 사용"
PG-주식-중국-산업-섹터-에너지-신재생에너지-중국-에너지-신재생에너지-dd46ead895,중국 에너지·신재생에너지 · plain,1,주식,중국,산업·섹터,에너지·신재생에너지,중국 에너지·신재생에너지,에너지-신재생에너지-중국-에너지-신재생에너지-2e82598ef8,plain|neutral|1X,Y,verified_official:1,"주식·중국 노출, 산업·섹터 / 중국 에너지·신재생에너지 투자대상, plain|neutral|1X 수익·손실 구조를 공통 기준으로 사용"
PG-채권-국내-채권-채권-국내-채권-단기-HY-BOND-국내-채권-단-0c32892536,국내 채권 단기 HY · bond_coupon,1,채권,국내,채권,채권,국내 채권 단기 HY,BOND_국내-채권-단기-HY-b43385f6ce,bond_coupon|neutral|1X,Y,verified_official:1,"채권·국내 노출, 채권 / 국내 채권 단기 HY 투자대상, bond_coupon|neutral|1X 수익·손실 구조를 공통 기준으로 사용"
PG-채권-국내-채권-채권-국내-채권-장기-AA-BOND-국내-채권-장-2975d2ac19,국내 채권 장기 AA · bond_coupon,1,채권,국내,채권,채권,국내 채권 장기 AA,BOND_국내-채권-장기-AA-791a108c40,bond_coupon|neutral|1X,Y,verified_official:1,"채권·국내 노출, 채권 / 국내 채권 장기 AA 투자대상, bond_coupon|neutral|1X 수익·손실 구조를 공통 기준으로 사용"
PG-채권-국내-채권-채권-국내-회사채-단기-AAA-BOND-국내-회사-82cb52f7d7,국내 회사채 단기 AAA · bond_coupon,1,채권,국내,채권,채권,국내 회사채 단기 AAA,BOND_국내-회사채-단기-AAA-97b9190eee,bond_coupon|neutral|1X,Y,auto_high_confidence:1,"채권·국내 노출, 채권 / 국내 회사채 단기 AAA 투자대상, bond_coupon|neutral|1X 수익·손실 구조를 공통 기준으로 사용"
PG-채권-미국-채권-채권-미국-국채-장기-HY-S-P500-BOND--9892cd8122,미국 국채 장기 HY · bond_coupon,1,채권,미국,채권,채권,미국 국채 장기 HY,S&P500,bond_coupon|neutral|1X,Y,verified_official:1,"채권·미국 노출, 채권 / 미국 국채 장기 HY 투자대상, bond_coupon|neutral|1X 수익·손실 구조를 공통 기준으로 사용"
PG-채권-미국-채권-채권-미국-회사채-단기-AAA-BOND-미국-회사-a76fb264ed,미국 회사채 단기 AAA · bond_coupon,1,채권,미국,채권,채권,미국 회사채 단기 AAA,BOND_미국-회사채-단기-AAA-185c389c85,bond_coupon|neutral|1X,Y,verified_official:1,"채권·미국 노출, 채권 / 미국 회사채 단기 AAA 투자대상, bond_coupon|neutral|1X 수익·손실 구조를 공통 기준으로 사용"
PG-채권-미국-채권-채권-미국-회사채-장기-AAA-BOND-미국-회사-3e414e6d96,미국 회사채 장기 AAA · bond_coupon,1,채권,미국,채권,채권,미국 회사채 장기 AAA,BOND_미국-회사채-장기-AAA-e663854a5f,bond_coupon|neutral|1X,Y,verified_official:1,"채권·미국 노출, 채권 / 미국 회사채 장기 AAA 투자대상, bond_coupon|neutral|1X 수익·손실 구조를 공통 기준으로 사용"
